ISO-10303-21;
HEADER;
FILE_DESCRIPTION(('FreeCAD Model'),'2;1');
FILE_NAME('Open CASCADE Shape Model','2026-08-10T23:23:10',('FreeCAD'),(
    'FreeCAD'),'Open CASCADE STEP processor 7.8','FreeCAD','Unknown');
FILE_SCHEMA(('AUTOMOTIVE_DESIGN { 1 0 10303 214 1 1 1 1 }'));
ENDSEC;
DATA;
#1 = APPLICATION_PROTOCOL_DEFINITION('international standard',
  'automotive_design',2000,#2);
#2 = APPLICATION_CONTEXT(
  'core data for automotive mechanical design processes');
#3 = SHAPE_DEFINITION_REPRESENTATION(#4,#10);
#4 = PRODUCT_DEFINITION_SHAPE('','',#5);
#5 = PRODUCT_DEFINITION('design','',#6,#9);
#6 = PRODUCT_DEFINITION_FORMATION('','',#7);
#7 = PRODUCT('Open CASCADE STEP translator 7.8 13',
  'Open CASCADE STEP translator 7.8 13','',(#8));
#8 = PRODUCT_CONTEXT('',#2,'mechanical');
#9 = PRODUCT_DEFINITION_CONTEXT('part definition',#2,'design');
#10 = SHAPE_REPRESENTATION('',(#11,#15,#302,#2903,#7355),#7408);
#11 = AXIS2_PLACEMENT_3D('',#12,#13,#14);
#12 = CARTESIAN_POINT('',(0.,0.,0.));
#13 = DIRECTION('',(0.,0.,1.));
#14 = DIRECTION('',(1.,0.,-0.));
#15 = MANIFOLD_SOLID_BREP('',#16);
#16 = CLOSED_SHELL('',(#17,#50,#125,#200,#217,#234,#251,#268,#285));
#17 = ADVANCED_FACE('',(#18),#45,.T.);
#18 = FACE_BOUND('',#19,.T.);
#19 = EDGE_LOOP('',(#20,#29,#37,#44));
#20 = ORIENTED_EDGE('',*,*,#21,.F.);
#21 = EDGE_CURVE('',#22,#22,#24,.T.);
#22 = VERTEX_POINT('',#23);
#23 = CARTESIAN_POINT('',(6.275012996512,16.599999999998,28.824888757703
    ));
#24 = CIRCLE('',#25,29.5);
#25 = AXIS2_PLACEMENT_3D('',#26,#27,#28);
#26 = CARTESIAN_POINT('',(6.821210263297E-12,16.6,1.364242052659E-12));
#27 = DIRECTION('',(3.816935443844E-13,1.,-1.953850278796E-16));
#28 = DIRECTION('',(0.212712304966,-8.1E-14,0.977114873142));
#29 = ORIENTED_EDGE('',*,*,#30,.F.);
#30 = EDGE_CURVE('',#31,#22,#33,.T.);
#31 = VERTEX_POINT('',#32);
#32 = CARTESIAN_POINT('',(6.27501299651,9.999999999998,28.824888757703)
  );
#33 = LINE('',#34,#35);
#34 = CARTESIAN_POINT('',(6.275012996509,9.999999999998,28.8248887577));
#35 = VECTOR('',#36,1.);
#36 = DIRECTION('',(3.816935443844E-13,1.,-1.953850278796E-16));
#37 = ORIENTED_EDGE('',*,*,#38,.T.);
#38 = EDGE_CURVE('',#31,#31,#39,.T.);
#39 = CIRCLE('',#40,29.5);
#40 = AXIS2_PLACEMENT_3D('',#41,#42,#43);
#41 = CARTESIAN_POINT('',(4.320099833421E-12,10.,1.364242052659E-12));
#42 = DIRECTION('',(3.816935443844E-13,1.,-1.953850278796E-16));
#43 = DIRECTION('',(0.212712304966,-8.1E-14,0.977114873142));
#44 = ORIENTED_EDGE('',*,*,#30,.T.);
#45 = CYLINDRICAL_SURFACE('',#46,29.5);
#46 = AXIS2_PLACEMENT_3D('',#47,#48,#49);
#47 = CARTESIAN_POINT('',(4.320099833421E-12,10.,1.364242052659E-12));
#48 = DIRECTION('',(3.816935443844E-13,1.,-1.953850278796E-16));
#49 = DIRECTION('',(0.212712304966,-8.1E-14,0.977114873142));
#50 = ADVANCED_FACE('',(#51,#54,#65,#76,#87,#98,#109),#120,.T.);
#51 = FACE_BOUND('',#52,.T.);
#52 = EDGE_LOOP('',(#53));
#53 = ORIENTED_EDGE('',*,*,#21,.T.);
#54 = FACE_BOUND('',#55,.T.);
#55 = EDGE_LOOP('',(#56));
#56 = ORIENTED_EDGE('',*,*,#57,.F.);
#57 = EDGE_CURVE('',#58,#58,#60,.T.);
#58 = VERTEX_POINT('',#59);
#59 = CARTESIAN_POINT('',(-16.89219424215,16.600000000007,1.126848945462
    ));
#60 = CIRCLE('',#61,1.65);
#61 = AXIS2_PLACEMENT_3D('',#62,#63,#64);
#62 = CARTESIAN_POINT('',(-17.24316954535,16.600000000007,
    -0.485390595226));
#63 = DIRECTION('',(3.816935443844E-13,1.,-1.953850278796E-16));
#64 = DIRECTION('',(0.212712304966,-8.1E-14,0.977114873142));
#65 = FACE_BOUND('',#66,.T.);
#66 = EDGE_LOOP('',(#67));
#67 = ORIENTED_EDGE('',*,*,#68,.F.);
#68 = EDGE_CURVE('',#69,#69,#71,.T.);
#69 = VERTEX_POINT('',#70);
#70 = CARTESIAN_POINT('',(-7.850248883253,16.600000000003,
    -13.56347862496));
#71 = CIRCLE('',#72,1.65);
#72 = AXIS2_PLACEMENT_3D('',#73,#74,#75);
#73 = CARTESIAN_POINT('',(-8.201224186448,16.600000000003,
    -15.17571816565));
#74 = DIRECTION('',(3.816935443844E-13,1.,-1.953850278796E-16));
#75 = DIRECTION('',(0.212712304966,-8.1E-14,0.977114873142));
#76 = FACE_BOUND('',#77,.T.);
#77 = EDGE_LOOP('',(#78));
#78 = ORIENTED_EDGE('',*,*,#79,.F.);
#79 = EDGE_CURVE('',#80,#80,#82,.T.);
#80 = VERTEX_POINT('',#81);
#81 = CARTESIAN_POINT('',(-8.690970055703,16.600000000003,16.30256711112
    ));
#82 = CIRCLE('',#83,1.65);
#83 = AXIS2_PLACEMENT_3D('',#84,#85,#86);
#84 = CARTESIAN_POINT('',(-9.041945358899,16.600000000004,
    14.690327570433));
#85 = DIRECTION('',(3.816935443844E-13,1.,-1.953850278796E-16));
#86 = DIRECTION('',(0.212712304966,-8.1E-14,0.977114873142));
#87 = FACE_BOUND('',#88,.T.);
#88 = EDGE_LOOP('',(#89));
#89 = ORIENTED_EDGE('',*,*,#90,.F.);
#90 = EDGE_CURVE('',#91,#91,#93,.T.);
#91 = VERTEX_POINT('',#92);
#92 = CARTESIAN_POINT('',(9.392920662108,16.599999999997,-13.07808802974
    ));
#93 = CIRCLE('',#94,1.65);
#94 = AXIS2_PLACEMENT_3D('',#95,#96,#97);
#95 = CARTESIAN_POINT('',(9.041945358913,16.599999999997,-14.69032757042
    ));
#96 = DIRECTION('',(3.816935443844E-13,1.,-1.953850278796E-16));
#97 = DIRECTION('',(0.212712304966,-8.1E-14,0.977114873142));
#98 = FACE_BOUND('',#99,.T.);
#99 = EDGE_LOOP('',(#100));
#100 = ORIENTED_EDGE('',*,*,#101,.F.);
#101 = EDGE_CURVE('',#102,#102,#104,.T.);
#102 = VERTEX_POINT('',#103);
#103 = CARTESIAN_POINT('',(8.552199489658,16.599999999997,
    16.787957706348));
#104 = CIRCLE('',#105,1.65);
#105 = AXIS2_PLACEMENT_3D('',#106,#107,#108);
#106 = CARTESIAN_POINT('',(8.201224186462,16.599999999997,15.17571816566
    ));
#107 = DIRECTION('',(3.816935443844E-13,1.,-1.953850278796E-16));
#108 = DIRECTION('',(0.212712304966,-8.1E-14,0.977114873142));
#109 = FACE_BOUND('',#110,.T.);
#110 = EDGE_LOOP('',(#111));
#111 = ORIENTED_EDGE('',*,*,#112,.F.);
#112 = EDGE_CURVE('',#113,#113,#115,.T.);
#113 = VERTEX_POINT('',#114);
#114 = CARTESIAN_POINT('',(17.594144848563,16.599999999993,
    2.097630135917));
#115 = CIRCLE('',#116,1.65);
#116 = AXIS2_PLACEMENT_3D('',#117,#118,#119);
#117 = CARTESIAN_POINT('',(17.243169545368,16.599999999994,0.48539059523
    ));
#118 = DIRECTION('',(3.816935443844E-13,1.,-1.953850278796E-16));
#119 = DIRECTION('',(0.212712304966,-8.1E-14,0.977114873142));
#120 = PLANE('',#121);
#121 = AXIS2_PLACEMENT_3D('',#122,#123,#124);
#122 = CARTESIAN_POINT('',(6.821210263297E-12,16.6,1.364242052659E-12));
#123 = DIRECTION('',(3.816935443844E-13,1.,-1.953850278796E-16));
#124 = DIRECTION('',(0.212712304966,-8.1E-14,0.977114873142));
#125 = ADVANCED_FACE('',(#126,#129,#140,#151,#162,#173,#184),#195,.F.);
#126 = FACE_BOUND('',#127,.F.);
#127 = EDGE_LOOP('',(#128));
#128 = ORIENTED_EDGE('',*,*,#38,.T.);
#129 = FACE_BOUND('',#130,.F.);
#130 = EDGE_LOOP('',(#131));
#131 = ORIENTED_EDGE('',*,*,#132,.F.);
#132 = EDGE_CURVE('',#133,#133,#135,.T.);
#133 = VERTEX_POINT('',#134);
#134 = CARTESIAN_POINT('',(-16.89219424216,10.000000000007,
    1.126848945462));
#135 = CIRCLE('',#136,1.65);
#136 = AXIS2_PLACEMENT_3D('',#137,#138,#139);
#137 = CARTESIAN_POINT('',(-17.24316954535,10.000000000007,
    -0.485390595226));
#138 = DIRECTION('',(3.816935443844E-13,1.,-1.953850278796E-16));
#139 = DIRECTION('',(0.212712304966,-8.1E-14,0.977114873142));
#140 = FACE_BOUND('',#141,.F.);
#141 = EDGE_LOOP('',(#142));
#142 = ORIENTED_EDGE('',*,*,#143,.F.);
#143 = EDGE_CURVE('',#144,#144,#146,.T.);
#144 = VERTEX_POINT('',#145);
#145 = CARTESIAN_POINT('',(-7.850248883255,10.000000000003,
    -13.56347862497));
#146 = CIRCLE('',#147,1.65);
#147 = AXIS2_PLACEMENT_3D('',#148,#149,#150);
#148 = CARTESIAN_POINT('',(-8.201224186451,10.000000000003,
    -15.17571816565));
#149 = DIRECTION('',(3.816935443844E-13,1.,-1.953850278796E-16));
#150 = DIRECTION('',(0.212712304966,-8.1E-14,0.977114873142));
#151 = FACE_BOUND('',#152,.F.);
#152 = EDGE_LOOP('',(#153));
#153 = ORIENTED_EDGE('',*,*,#154,.F.);
#154 = EDGE_CURVE('',#155,#155,#157,.T.);
#155 = VERTEX_POINT('',#156);
#156 = CARTESIAN_POINT('',(-8.690970055706,10.000000000004,
    16.30256711112));
#157 = CIRCLE('',#158,1.65);
#158 = AXIS2_PLACEMENT_3D('',#159,#160,#161);
#159 = CARTESIAN_POINT('',(-9.041945358902,10.000000000004,
    14.690327570433));
#160 = DIRECTION('',(3.816935443844E-13,1.,-1.953850278796E-16));
#161 = DIRECTION('',(0.212712304966,-8.1E-14,0.977114873142));
#162 = FACE_BOUND('',#163,.F.);
#163 = EDGE_LOOP('',(#164));
#164 = ORIENTED_EDGE('',*,*,#165,.F.);
#165 = EDGE_CURVE('',#166,#166,#168,.T.);
#166 = VERTEX_POINT('',#167);
#167 = CARTESIAN_POINT('',(9.392920662106,9.999999999997,-13.07808802974
    ));
#168 = CIRCLE('',#169,1.65);
#169 = AXIS2_PLACEMENT_3D('',#170,#171,#172);
#170 = CARTESIAN_POINT('',(9.04194535891,9.999999999997,-14.69032757042)
  );
#171 = DIRECTION('',(3.816935443844E-13,1.,-1.953850278796E-16));
#172 = DIRECTION('',(0.212712304966,-8.1E-14,0.977114873142));
#173 = FACE_BOUND('',#174,.F.);
#174 = EDGE_LOOP('',(#175));
#175 = ORIENTED_EDGE('',*,*,#176,.F.);
#176 = EDGE_CURVE('',#177,#177,#179,.T.);
#177 = VERTEX_POINT('',#178);
#178 = CARTESIAN_POINT('',(8.552199489655,9.999999999997,16.787957706348
    ));
#179 = CIRCLE('',#180,1.65);
#180 = AXIS2_PLACEMENT_3D('',#181,#182,#183);
#181 = CARTESIAN_POINT('',(8.20122418646,9.999999999997,15.17571816566)
  );
#182 = DIRECTION('',(3.816935443844E-13,1.,-1.953850278796E-16));
#183 = DIRECTION('',(0.212712304966,-8.1E-14,0.977114873142));
#184 = FACE_BOUND('',#185,.F.);
#185 = EDGE_LOOP('',(#186));
#186 = ORIENTED_EDGE('',*,*,#187,.F.);
#187 = EDGE_CURVE('',#188,#188,#190,.T.);
#188 = VERTEX_POINT('',#189);
#189 = CARTESIAN_POINT('',(17.594144848561,9.999999999994,2.097630135917
    ));
#190 = CIRCLE('',#191,1.65);
#191 = AXIS2_PLACEMENT_3D('',#192,#193,#194);
#192 = CARTESIAN_POINT('',(17.243169545365,9.999999999994,0.48539059523)
  );
#193 = DIRECTION('',(3.816935443844E-13,1.,-1.953850278796E-16));
#194 = DIRECTION('',(0.212712304966,-8.1E-14,0.977114873142));
#195 = PLANE('',#196);
#196 = AXIS2_PLACEMENT_3D('',#197,#198,#199);
#197 = CARTESIAN_POINT('',(4.320099833421E-12,10.,1.364242052659E-12));
#198 = DIRECTION('',(3.816935443844E-13,1.,-1.953850278796E-16));
#199 = DIRECTION('',(0.212712304966,-8.1E-14,0.977114873142));
#200 = ADVANCED_FACE('',(#201),#212,.F.);
#201 = FACE_BOUND('',#202,.F.);
#202 = EDGE_LOOP('',(#203,#204,#210,#211));
#203 = ORIENTED_EDGE('',*,*,#57,.F.);
#204 = ORIENTED_EDGE('',*,*,#205,.F.);
#205 = EDGE_CURVE('',#133,#58,#206,.T.);
#206 = LINE('',#207,#208);
#207 = CARTESIAN_POINT('',(-16.89219424216,9.500000000007,1.126848945459
    ));
#208 = VECTOR('',#209,1.);
#209 = DIRECTION('',(3.816935443844E-13,1.,-1.953850278796E-16));
#210 = ORIENTED_EDGE('',*,*,#132,.T.);
#211 = ORIENTED_EDGE('',*,*,#205,.T.);
#212 = CYLINDRICAL_SURFACE('',#213,1.65);
#213 = AXIS2_PLACEMENT_3D('',#214,#215,#216);
#214 = CARTESIAN_POINT('',(-17.24316954535,9.500000000007,
    -0.485390595226));
#215 = DIRECTION('',(3.816935443844E-13,1.,-1.953850278796E-16));
#216 = DIRECTION('',(0.212712304966,-8.1E-14,0.977114873142));
#217 = ADVANCED_FACE('',(#218),#229,.F.);
#218 = FACE_BOUND('',#219,.F.);
#219 = EDGE_LOOP('',(#220,#221,#227,#228));
#220 = ORIENTED_EDGE('',*,*,#68,.F.);
#221 = ORIENTED_EDGE('',*,*,#222,.F.);
#222 = EDGE_CURVE('',#144,#69,#223,.T.);
#223 = LINE('',#224,#225);
#224 = CARTESIAN_POINT('',(-7.850248883256,9.500000000003,
    -13.56347862497));
#225 = VECTOR('',#226,1.);
#226 = DIRECTION('',(3.816935443844E-13,1.,-1.953850278796E-16));
#227 = ORIENTED_EDGE('',*,*,#143,.T.);
#228 = ORIENTED_EDGE('',*,*,#222,.T.);
#229 = CYLINDRICAL_SURFACE('',#230,1.65);
#230 = AXIS2_PLACEMENT_3D('',#231,#232,#233);
#231 = CARTESIAN_POINT('',(-8.201224186451,9.500000000003,
    -15.17571816565));
#232 = DIRECTION('',(3.816935443844E-13,1.,-1.953850278796E-16));
#233 = DIRECTION('',(0.212712304966,-8.1E-14,0.977114873142));
#234 = ADVANCED_FACE('',(#235),#246,.F.);
#235 = FACE_BOUND('',#236,.F.);
#236 = EDGE_LOOP('',(#237,#238,#244,#245));
#237 = ORIENTED_EDGE('',*,*,#79,.F.);
#238 = ORIENTED_EDGE('',*,*,#239,.F.);
#239 = EDGE_CURVE('',#155,#80,#240,.T.);
#240 = LINE('',#241,#242);
#241 = CARTESIAN_POINT('',(-8.690970055708,9.500000000003,
    16.302567111117));
#242 = VECTOR('',#243,1.);
#243 = DIRECTION('',(3.816935443844E-13,1.,-1.953850278796E-16));
#244 = ORIENTED_EDGE('',*,*,#154,.T.);
#245 = ORIENTED_EDGE('',*,*,#239,.T.);
#246 = CYLINDRICAL_SURFACE('',#247,1.65);
#247 = AXIS2_PLACEMENT_3D('',#248,#249,#250);
#248 = CARTESIAN_POINT('',(-9.041945358902,9.500000000004,
    14.690327570433));
#249 = DIRECTION('',(3.816935443844E-13,1.,-1.953850278796E-16));
#250 = DIRECTION('',(0.212712304966,-8.1E-14,0.977114873142));
#251 = ADVANCED_FACE('',(#252),#263,.F.);
#252 = FACE_BOUND('',#253,.F.);
#253 = EDGE_LOOP('',(#254,#255,#261,#262));
#254 = ORIENTED_EDGE('',*,*,#90,.F.);
#255 = ORIENTED_EDGE('',*,*,#256,.F.);
#256 = EDGE_CURVE('',#166,#91,#257,.T.);
#257 = LINE('',#258,#259);
#258 = CARTESIAN_POINT('',(9.392920662105,9.499999999997,-13.07808802974
    ));
#259 = VECTOR('',#260,1.);
#260 = DIRECTION('',(3.816935443844E-13,1.,-1.953850278796E-16));
#261 = ORIENTED_EDGE('',*,*,#165,.T.);
#262 = ORIENTED_EDGE('',*,*,#256,.T.);
#263 = CYLINDRICAL_SURFACE('',#264,1.65);
#264 = AXIS2_PLACEMENT_3D('',#265,#266,#267);
#265 = CARTESIAN_POINT('',(9.04194535891,9.499999999997,-14.69032757042)
  );
#266 = DIRECTION('',(3.816935443844E-13,1.,-1.953850278796E-16));
#267 = DIRECTION('',(0.212712304966,-8.1E-14,0.977114873142));
#268 = ADVANCED_FACE('',(#269),#280,.F.);
#269 = FACE_BOUND('',#270,.F.);
#270 = EDGE_LOOP('',(#271,#272,#278,#279));
#271 = ORIENTED_EDGE('',*,*,#101,.F.);
#272 = ORIENTED_EDGE('',*,*,#273,.F.);
#273 = EDGE_CURVE('',#177,#102,#274,.T.);
#274 = LINE('',#275,#276);
#275 = CARTESIAN_POINT('',(8.552199489654,9.499999999997,16.787957706345
    ));
#276 = VECTOR('',#277,1.);
#277 = DIRECTION('',(3.816935443844E-13,1.,-1.953850278796E-16));
#278 = ORIENTED_EDGE('',*,*,#176,.T.);
#279 = ORIENTED_EDGE('',*,*,#273,.T.);
#280 = CYLINDRICAL_SURFACE('',#281,1.65);
#281 = AXIS2_PLACEMENT_3D('',#282,#283,#284);
#282 = CARTESIAN_POINT('',(8.20122418646,9.499999999997,15.17571816566)
  );
#283 = DIRECTION('',(3.816935443844E-13,1.,-1.953850278796E-16));
#284 = DIRECTION('',(0.212712304966,-8.1E-14,0.977114873142));
#285 = ADVANCED_FACE('',(#286),#297,.F.);
#286 = FACE_BOUND('',#287,.F.);
#287 = EDGE_LOOP('',(#288,#289,#295,#296));
#288 = ORIENTED_EDGE('',*,*,#112,.F.);
#289 = ORIENTED_EDGE('',*,*,#290,.F.);
#290 = EDGE_CURVE('',#188,#113,#291,.T.);
#291 = LINE('',#292,#293);
#292 = CARTESIAN_POINT('',(17.59414484856,9.499999999993,2.097630135914)
  );
#293 = VECTOR('',#294,1.);
#294 = DIRECTION('',(3.816935443844E-13,1.,-1.953850278796E-16));
#295 = ORIENTED_EDGE('',*,*,#187,.T.);
#296 = ORIENTED_EDGE('',*,*,#290,.T.);
#297 = CYLINDRICAL_SURFACE('',#298,1.65);
#298 = AXIS2_PLACEMENT_3D('',#299,#300,#301);
#299 = CARTESIAN_POINT('',(17.243169545365,9.499999999994,0.48539059523)
  );
#300 = DIRECTION('',(3.816935443844E-13,1.,-1.953850278796E-16));
#301 = DIRECTION('',(0.212712304966,-8.1E-14,0.977114873142));
#302 = MANIFOLD_SOLID_BREP('',#303);
#303 = CLOSED_SHELL('',(#304,#344,#375,#406,#437,#468,#499,#530,#561,
    #592,#623,#654,#685,#716,#747,#778,#809,#840,#861,#877,#893,#914,
    #930,#946,#962,#973,#989,#1000,#1016,#1375,#1406,#1430,#1461,#1485,
    #1502,#1533,#1557,#1581,#1612,#1636,#1660,#1690,#1713,#1736,#1767,
    #1791,#1815,#1837,#1854,#1877,#1900,#1923,#1946,#1968,#1991,#2007,
    #2030,#2053,#2084,#2105,#2129,#2160,#2184,#2208,#2225,#2249,#2280,
    #2297,#2313,#2334,#2350,#2366,#2382,#2411,#2422,#2443,#2459,#2470,
    #2494,#2505,#2536,#2553,#2564,#2576,#2607,#2631,#2655,#2686,#2710,
    #2734,#2751,#2768,#2785,#2843,#2855,#2867,#2879,#2891));
#304 = ADVANCED_FACE('',(#305),#339,.T.);
#305 = FACE_BOUND('',#306,.T.);
#306 = EDGE_LOOP('',(#307,#317,#325,#333));
#307 = ORIENTED_EDGE('',*,*,#308,.F.);
#308 = EDGE_CURVE('',#309,#311,#313,.T.);
#309 = VERTEX_POINT('',#310);
#310 = CARTESIAN_POINT('',(-27.99999987016,76.306996602498,
    117.62569534729));
#311 = VERTEX_POINT('',#312);
#312 = CARTESIAN_POINT('',(-14.99999987016,76.306996602498,
    117.62569534729));
#313 = LINE('',#314,#315);
#314 = CARTESIAN_POINT('',(-27.99999987016,76.306996602499,
    117.62569534729));
#315 = VECTOR('',#316,1.);
#316 = DIRECTION('',(1.,0.,0.));
#317 = ORIENTED_EDGE('',*,*,#318,.F.);
#318 = EDGE_CURVE('',#319,#309,#321,.T.);
#319 = VERTEX_POINT('',#320);
#320 = CARTESIAN_POINT('',(-27.99999987016,74.002232352011,
    122.14899998506));
#321 = LINE('',#322,#323);
#322 = CARTESIAN_POINT('',(-27.99999987016,74.002232352012,
    122.14899998506));
#323 = VECTOR('',#324,1.);
#324 = DIRECTION('',(0.,0.453994475227,-0.891004498565));
#325 = ORIENTED_EDGE('',*,*,#326,.F.);
#326 = EDGE_CURVE('',#327,#319,#329,.T.);
#327 = VERTEX_POINT('',#328);
#328 = CARTESIAN_POINT('',(-14.99999987016,74.002232352011,
    122.14899998506));
#329 = LINE('',#330,#331);
#330 = CARTESIAN_POINT('',(-14.99999987016,74.002232352012,
    122.14899998506));
#331 = VECTOR('',#332,1.);
#332 = DIRECTION('',(-1.,-0.,0.));
#333 = ORIENTED_EDGE('',*,*,#334,.F.);
#334 = EDGE_CURVE('',#311,#327,#335,.T.);
#335 = LINE('',#336,#337);
#336 = CARTESIAN_POINT('',(-14.99999987016,76.306996602499,
    117.62569534729));
#337 = VECTOR('',#338,1.);
#338 = DIRECTION('',(0.,-0.453994475227,0.891004498565));
#339 = PLANE('',#340);
#340 = AXIS2_PLACEMENT_3D('',#341,#342,#343);
#341 = CARTESIAN_POINT('',(-21.49999987016,75.154614477255,
    119.88734766618));
#342 = DIRECTION('',(-0.,0.891004498565,0.453994475227));
#343 = DIRECTION('',(0.,0.453994475227,-0.891004498565));
#344 = ADVANCED_FACE('',(#345),#370,.T.);
#345 = FACE_BOUND('',#346,.T.);
#346 = EDGE_LOOP('',(#347,#355,#363,#369));
#347 = ORIENTED_EDGE('',*,*,#348,.F.);
#348 = EDGE_CURVE('',#349,#319,#351,.T.);
#349 = VERTEX_POINT('',#350);
#350 = CARTESIAN_POINT('',(-27.99999987016,71.237451357828,
    126.40652479704));
#351 = LINE('',#352,#353);
#352 = CARTESIAN_POINT('',(-27.99999987016,71.23745135783,
    126.40652479704));
#353 = VECTOR('',#354,1.);
#354 = DIRECTION('',(0.,0.544626849499,-0.838678481186));
#355 = ORIENTED_EDGE('',*,*,#356,.T.);
#356 = EDGE_CURVE('',#349,#357,#359,.T.);
#357 = VERTEX_POINT('',#358);
#358 = CARTESIAN_POINT('',(-14.99999987016,71.237451357828,
    126.40652479704));
#359 = LINE('',#360,#361);
#360 = CARTESIAN_POINT('',(-27.99999987016,71.23745135783,
    126.40652479704));
#361 = VECTOR('',#362,1.);
#362 = DIRECTION('',(1.,0.,0.));
#363 = ORIENTED_EDGE('',*,*,#364,.F.);
#364 = EDGE_CURVE('',#327,#357,#365,.T.);
#365 = LINE('',#366,#367);
#366 = CARTESIAN_POINT('',(-14.99999987016,74.002232352012,
    122.14899998506));
#367 = VECTOR('',#368,1.);
#368 = DIRECTION('',(0.,-0.544626849499,0.838678481186));
#369 = ORIENTED_EDGE('',*,*,#326,.T.);
#370 = PLANE('',#371);
#371 = AXIS2_PLACEMENT_3D('',#372,#373,#374);
#372 = CARTESIAN_POINT('',(-21.49999987016,72.61984185492,
    124.27776239105));
#373 = DIRECTION('',(-0.,0.838678481186,0.544626849499));
#374 = DIRECTION('',(0.,0.544626849499,-0.838678481186));
#375 = ADVANCED_FACE('',(#376),#401,.T.);
#376 = FACE_BOUND('',#377,.T.);
#377 = EDGE_LOOP('',(#378,#386,#394,#400));
#378 = ORIENTED_EDGE('',*,*,#379,.F.);
#379 = EDGE_CURVE('',#380,#349,#382,.T.);
#380 = VERTEX_POINT('',#381);
#381 = CARTESIAN_POINT('',(-27.99999987016,68.042609751099,
    130.35177705105));
#382 = LINE('',#383,#384);
#383 = CARTESIAN_POINT('',(-27.99999987016,68.0426097511,130.35177705105
    ));
#384 = VECTOR('',#385,1.);
#385 = DIRECTION('',(0.,0.629325069404,-0.777142172977));
#386 = ORIENTED_EDGE('',*,*,#387,.T.);
#387 = EDGE_CURVE('',#380,#388,#390,.T.);
#388 = VERTEX_POINT('',#389);
#389 = CARTESIAN_POINT('',(-14.99999987016,68.042609751099,
    130.35177705105));
#390 = LINE('',#391,#392);
#391 = CARTESIAN_POINT('',(-27.99999987016,68.0426097511,130.35177705105
    ));
#392 = VECTOR('',#393,1.);
#393 = DIRECTION('',(1.,0.,0.));
#394 = ORIENTED_EDGE('',*,*,#395,.T.);
#395 = EDGE_CURVE('',#388,#357,#396,.T.);
#396 = LINE('',#397,#398);
#397 = CARTESIAN_POINT('',(-14.99999987016,68.0426097511,130.35177705105
    ));
#398 = VECTOR('',#399,1.);
#399 = DIRECTION('',(0.,0.629325069404,-0.777142172977));
#400 = ORIENTED_EDGE('',*,*,#356,.F.);
#401 = PLANE('',#402);
#402 = AXIS2_PLACEMENT_3D('',#403,#404,#405);
#403 = CARTESIAN_POINT('',(-21.49999987016,69.640030554464,
    128.37915092405));
#404 = DIRECTION('',(-0.,0.777142172977,0.629325069404));
#405 = DIRECTION('',(0.,0.629325069404,-0.777142172977));
#406 = ADVANCED_FACE('',(#407),#432,.T.);
#407 = FACE_BOUND('',#408,.T.);
#408 = EDGE_LOOP('',(#409,#410,#418,#426));
#409 = ORIENTED_EDGE('',*,*,#387,.F.);
#410 = ORIENTED_EDGE('',*,*,#411,.T.);
#411 = EDGE_CURVE('',#380,#412,#414,.T.);
#412 = VERTEX_POINT('',#413);
#413 = CARTESIAN_POINT('',(-27.99999987016,64.452818047976,
    133.94155260732));
#414 = LINE('',#415,#416);
#415 = CARTESIAN_POINT('',(-27.99999987016,68.0426097511,130.35177705105
    ));
#416 = VECTOR('',#417,1.);
#417 = DIRECTION('',(0.,-0.707108371468,0.707105190901));
#418 = ORIENTED_EDGE('',*,*,#419,.T.);
#419 = EDGE_CURVE('',#412,#420,#422,.T.);
#420 = VERTEX_POINT('',#421);
#421 = CARTESIAN_POINT('',(-14.99999987016,64.452818047976,
    133.94155260732));
#422 = LINE('',#423,#424);
#423 = CARTESIAN_POINT('',(-27.99999987016,64.452818047977,
    133.94155260732));
#424 = VECTOR('',#425,1.);
#425 = DIRECTION('',(1.,0.,0.));
#426 = ORIENTED_EDGE('',*,*,#427,.F.);
#427 = EDGE_CURVE('',#388,#420,#428,.T.);
#428 = LINE('',#429,#430);
#429 = CARTESIAN_POINT('',(-14.99999987016,68.0426097511,130.35177705105
    ));
#430 = VECTOR('',#431,1.);
#431 = DIRECTION('',(0.,-0.707108371468,0.707105190901));
#432 = PLANE('',#433);
#433 = AXIS2_PLACEMENT_3D('',#434,#435,#436);
#434 = CARTESIAN_POINT('',(-21.49999987016,66.247713899539,
    132.14666482918));
#435 = DIRECTION('',(-0.,0.707105190901,0.707108371468));
#436 = DIRECTION('',(0.,0.707108371468,-0.707105190901));
#437 = ADVANCED_FACE('',(#438),#463,.T.);
#438 = FACE_BOUND('',#439,.T.);
#439 = EDGE_LOOP('',(#440,#448,#449,#457));
#440 = ORIENTED_EDGE('',*,*,#441,.F.);
#441 = EDGE_CURVE('',#420,#442,#444,.T.);
#442 = VERTEX_POINT('',#443);
#443 = CARTESIAN_POINT('',(-14.99999987016,60.507655315928,
    137.13620976546));
#444 = LINE('',#445,#446);
#445 = CARTESIAN_POINT('',(-14.99999987016,64.452818047977,
    133.94155260732));
#446 = VECTOR('',#447,1.);
#447 = DIRECTION('',(0.,-0.777152958795,0.629311749959));
#448 = ORIENTED_EDGE('',*,*,#419,.F.);
#449 = ORIENTED_EDGE('',*,*,#450,.F.);
#450 = EDGE_CURVE('',#451,#412,#453,.T.);
#451 = VERTEX_POINT('',#452);
#452 = CARTESIAN_POINT('',(-27.99999987016,60.507655315928,
    137.13620976546));
#453 = LINE('',#454,#455);
#454 = CARTESIAN_POINT('',(-27.99999987016,60.507655315929,
    137.13620976546));
#455 = VECTOR('',#456,1.);
#456 = DIRECTION('',(0.,0.777152958795,-0.629311749959));
#457 = ORIENTED_EDGE('',*,*,#458,.T.);
#458 = EDGE_CURVE('',#451,#442,#459,.T.);
#459 = LINE('',#460,#461);
#460 = CARTESIAN_POINT('',(-27.99999987016,60.507655315929,
    137.13620976546));
#461 = VECTOR('',#462,1.);
#462 = DIRECTION('',(1.,0.,0.));
#463 = PLANE('',#464);
#464 = AXIS2_PLACEMENT_3D('',#465,#466,#467);
#465 = CARTESIAN_POINT('',(-21.49999987016,62.480236681953,
    135.53888118639));
#466 = DIRECTION('',(-0.,0.629311749959,0.777152958795));
#467 = DIRECTION('',(0.,0.777152958795,-0.629311749959));
#468 = ADVANCED_FACE('',(#469),#494,.T.);
#469 = FACE_BOUND('',#470,.T.);
#470 = EDGE_LOOP('',(#471,#472,#480,#488));
#471 = ORIENTED_EDGE('',*,*,#458,.F.);
#472 = ORIENTED_EDGE('',*,*,#473,.F.);
#473 = EDGE_CURVE('',#474,#451,#476,.T.);
#474 = VERTEX_POINT('',#475);
#475 = CARTESIAN_POINT('',(-27.99999987016,56.250092037545,
    139.90118783435));
#476 = LINE('',#477,#478);
#477 = CARTESIAN_POINT('',(-27.99999987016,56.250092037546,
    139.90118783435));
#478 = VECTOR('',#479,1.);
#479 = DIRECTION('',(0.,0.838662996621,-0.544650693655));
#480 = ORIENTED_EDGE('',*,*,#481,.F.);
#481 = EDGE_CURVE('',#482,#474,#484,.T.);
#482 = VERTEX_POINT('',#483);
#483 = CARTESIAN_POINT('',(-22.99999987016,56.250092037545,
    139.90118783435));
#484 = LINE('',#485,#486);
#485 = CARTESIAN_POINT('',(-22.99999987016,56.250092037546,
    139.90118783435));
#486 = VECTOR('',#487,1.);
#487 = DIRECTION('',(-1.,-0.,0.));
#488 = ORIENTED_EDGE('',*,*,#489,.T.);
#489 = EDGE_CURVE('',#482,#442,#490,.T.);
#490 = LINE('',#491,#492);
#491 = CARTESIAN_POINT('',(-22.99999987016,56.250092037546,
    139.90118783435));
#492 = VECTOR('',#493,1.);
#493 = DIRECTION('',(0.844344464428,0.449356248257,-0.291824240842));
#494 = PLANE('',#495);
#495 = AXIS2_PLACEMENT_3D('',#496,#497,#498);
#496 = CARTESIAN_POINT('',(-22.40045036959,58.90205380992,
    138.17893130856));
#497 = DIRECTION('',(-0.,0.544650693655,0.838662996621));
#498 = DIRECTION('',(0.,0.838662996621,-0.544650693655));
#499 = ADVANCED_FACE('',(#500),#525,.T.);
#500 = FACE_BOUND('',#501,.T.);
#501 = EDGE_LOOP('',(#502,#503,#511,#519));
#502 = ORIENTED_EDGE('',*,*,#481,.T.);
#503 = ORIENTED_EDGE('',*,*,#504,.T.);
#504 = EDGE_CURVE('',#474,#505,#507,.T.);
#505 = VERTEX_POINT('',#506);
#506 = CARTESIAN_POINT('',(-27.99999987016,51.726668811089,
    142.20589586485));
#507 = LINE('',#508,#509);
#508 = CARTESIAN_POINT('',(-27.99999987016,56.250092037546,
    139.90118783435));
#509 = VECTOR('',#510,1.);
#510 = DIRECTION('',(0.,-0.891013792586,0.453976234424));
#511 = ORIENTED_EDGE('',*,*,#512,.T.);
#512 = EDGE_CURVE('',#505,#513,#515,.T.);
#513 = VERTEX_POINT('',#514);
#514 = CARTESIAN_POINT('',(-22.99999987016,51.726668811089,
    142.20589586485));
#515 = LINE('',#516,#517);
#516 = CARTESIAN_POINT('',(-27.99999987016,51.72666881109,
    142.20589586484));
#517 = VECTOR('',#518,1.);
#518 = DIRECTION('',(1.,0.,0.));
#519 = ORIENTED_EDGE('',*,*,#520,.T.);
#520 = EDGE_CURVE('',#513,#482,#521,.T.);
#521 = LINE('',#522,#523);
#522 = CARTESIAN_POINT('',(-22.99999987016,51.72666881109,
    142.20589586484));
#523 = VECTOR('',#524,1.);
#524 = DIRECTION('',(0.,0.891013792586,-0.453976234424));
#525 = PLANE('',#526);
#526 = AXIS2_PLACEMENT_3D('',#527,#528,#529);
#527 = CARTESIAN_POINT('',(-25.49999987016,53.988380424318,
    141.0535418496));
#528 = DIRECTION('',(0.,0.453976234424,0.891013792586));
#529 = DIRECTION('',(0.,0.891013792586,-0.453976234424));
#530 = ADVANCED_FACE('',(#531),#556,.T.);
#531 = FACE_BOUND('',#532,.T.);
#532 = EDGE_LOOP('',(#533,#534,#542,#550));
#533 = ORIENTED_EDGE('',*,*,#512,.F.);
#534 = ORIENTED_EDGE('',*,*,#535,.F.);
#535 = EDGE_CURVE('',#536,#505,#538,.T.);
#536 = VERTEX_POINT('',#537);
#537 = CARTESIAN_POINT('',(-27.99999987016,46.987299471155,
    144.02526397449));
#538 = LINE('',#539,#540);
#539 = CARTESIAN_POINT('',(-27.99999987016,46.987299471155,
    144.02526397449));
#540 = VECTOR('',#541,1.);
#541 = DIRECTION('',(0.,0.933574187176,-0.358384203109));
#542 = ORIENTED_EDGE('',*,*,#543,.F.);
#543 = EDGE_CURVE('',#544,#536,#546,.T.);
#544 = VERTEX_POINT('',#545);
#545 = CARTESIAN_POINT('',(-22.99999987016,46.987299471154,
    144.02526397449));
#546 = LINE('',#547,#548);
#547 = CARTESIAN_POINT('',(-22.99999987016,46.987299471155,
    144.02526397449));
#548 = VECTOR('',#549,1.);
#549 = DIRECTION('',(-1.,-0.,0.));
#550 = ORIENTED_EDGE('',*,*,#551,.T.);
#551 = EDGE_CURVE('',#544,#513,#552,.T.);
#552 = LINE('',#553,#554);
#553 = CARTESIAN_POINT('',(-22.99999987016,46.987299471155,
    144.02526397449));
#554 = VECTOR('',#555,1.);
#555 = DIRECTION('',(0.,0.933574187176,-0.358384203109));
#556 = PLANE('',#557);
#557 = AXIS2_PLACEMENT_3D('',#558,#559,#560);
#558 = CARTESIAN_POINT('',(-25.49999987016,49.356984141122,
    143.11557991967));
#559 = DIRECTION('',(0.,0.358384203109,0.933574187176));
#560 = DIRECTION('',(0.,0.933574187176,-0.358384203109));
#561 = ADVANCED_FACE('',(#562),#587,.T.);
#562 = FACE_BOUND('',#563,.T.);
#563 = EDGE_LOOP('',(#564,#574,#580,#581));
#564 = ORIENTED_EDGE('',*,*,#565,.T.);
#565 = EDGE_CURVE('',#566,#568,#570,.T.);
#566 = VERTEX_POINT('',#567);
#567 = CARTESIAN_POINT('',(-27.99999987016,42.083739980959,
    145.33910399304));
#568 = VERTEX_POINT('',#569);
#569 = CARTESIAN_POINT('',(-22.99999987016,42.083739980958,
    145.33910399304));
#570 = LINE('',#571,#572);
#571 = CARTESIAN_POINT('',(-27.99999987016,42.083739980959,
    145.33910399304));
#572 = VECTOR('',#573,1.);
#573 = DIRECTION('',(1.,0.,0.));
#574 = ORIENTED_EDGE('',*,*,#575,.F.);
#575 = EDGE_CURVE('',#544,#568,#576,.T.);
#576 = LINE('',#577,#578);
#577 = CARTESIAN_POINT('',(-22.99999987016,46.987299471155,
    144.02526397449));
#578 = VECTOR('',#579,1.);
#579 = DIRECTION('',(0.,-0.965929016731,0.258807137918));
#580 = ORIENTED_EDGE('',*,*,#543,.T.);
#581 = ORIENTED_EDGE('',*,*,#582,.T.);
#582 = EDGE_CURVE('',#536,#566,#583,.T.);
#583 = LINE('',#584,#585);
#584 = CARTESIAN_POINT('',(-27.99999987016,46.987299471155,
    144.02526397449));
#585 = VECTOR('',#586,1.);
#586 = DIRECTION('',(0.,-0.965929016731,0.258807137918));
#587 = PLANE('',#588);
#588 = AXIS2_PLACEMENT_3D('',#589,#590,#591);
#589 = CARTESIAN_POINT('',(-25.49999987016,44.535519726058,
    144.68218398377));
#590 = DIRECTION('',(0.,0.258807137918,0.965929016731));
#591 = DIRECTION('',(0.,0.965929016731,-0.258807137918));
#592 = ADVANCED_FACE('',(#593),#618,.T.);
#593 = FACE_BOUND('',#594,.T.);
#594 = EDGE_LOOP('',(#595,#603,#611,#617));
#595 = ORIENTED_EDGE('',*,*,#596,.T.);
#596 = EDGE_CURVE('',#566,#597,#599,.T.);
#597 = VERTEX_POINT('',#598);
#598 = CARTESIAN_POINT('',(-27.99999987016,37.069676950159,
    146.13320156349));
#599 = LINE('',#600,#601);
#600 = CARTESIAN_POINT('',(-27.99999987016,42.083739980959,
    145.33910399304));
#601 = VECTOR('',#602,1.);
#602 = DIRECTION('',(0.,-0.987689923092,0.15642447322));
#603 = ORIENTED_EDGE('',*,*,#604,.T.);
#604 = EDGE_CURVE('',#597,#605,#607,.T.);
#605 = VERTEX_POINT('',#606);
#606 = CARTESIAN_POINT('',(-22.99999987016,37.069676950158,
    146.13320156349));
#607 = LINE('',#608,#609);
#608 = CARTESIAN_POINT('',(-27.99999987016,37.06967695016,
    146.13320156349));
#609 = VECTOR('',#610,1.);
#610 = DIRECTION('',(1.,0.,0.));
#611 = ORIENTED_EDGE('',*,*,#612,.T.);
#612 = EDGE_CURVE('',#605,#568,#613,.T.);
#613 = LINE('',#614,#615);
#614 = CARTESIAN_POINT('',(-22.99999987016,37.06967695016,
    146.13320156349));
#615 = VECTOR('',#616,1.);
#616 = DIRECTION('',(0.,0.987689923092,-0.15642447322));
#617 = ORIENTED_EDGE('',*,*,#565,.F.);
#618 = PLANE('',#619);
#619 = AXIS2_PLACEMENT_3D('',#620,#621,#622);
#620 = CARTESIAN_POINT('',(-25.49999987016,39.576708465559,
    145.73615277827));
#621 = DIRECTION('',(0.,0.15642447322,0.987689923092));
#622 = DIRECTION('',(0.,0.987689923092,-0.15642447322));
#623 = ADVANCED_FACE('',(#624),#649,.T.);
#624 = FACE_BOUND('',#625,.T.);
#625 = EDGE_LOOP('',(#626,#627,#635,#643));
#626 = ORIENTED_EDGE('',*,*,#604,.F.);
#627 = ORIENTED_EDGE('',*,*,#628,.T.);
#628 = EDGE_CURVE('',#597,#629,#631,.T.);
#629 = VERTEX_POINT('',#630);
#630 = CARTESIAN_POINT('',(-27.99999987016,31.999933777524,
    146.39894344438));
#631 = LINE('',#632,#633);
#632 = CARTESIAN_POINT('',(-27.99999987016,37.06967695016,
    146.13320156349));
#633 = VECTOR('',#634,1.);
#634 = DIRECTION('',(0.,-0.998629041587,5.234536558918E-02));
#635 = ORIENTED_EDGE('',*,*,#636,.T.);
#636 = EDGE_CURVE('',#629,#637,#639,.T.);
#637 = VERTEX_POINT('',#638);
#638 = CARTESIAN_POINT('',(-22.99999987016,31.999933777524,
    146.39894344438));
#639 = LINE('',#640,#641);
#640 = CARTESIAN_POINT('',(-27.99999987016,31.999933777525,
    146.39894344438));
#641 = VECTOR('',#642,1.);
#642 = DIRECTION('',(1.,0.,0.));
#643 = ORIENTED_EDGE('',*,*,#644,.T.);
#644 = EDGE_CURVE('',#637,#605,#645,.T.);
#645 = LINE('',#646,#647);
#646 = CARTESIAN_POINT('',(-22.99999987016,31.999933777525,
    146.39894344438));
#647 = VECTOR('',#648,1.);
#648 = DIRECTION('',(0.,0.998629041587,-5.234536558918E-02));
#649 = PLANE('',#650);
#650 = AXIS2_PLACEMENT_3D('',#651,#652,#653);
#651 = CARTESIAN_POINT('',(-25.49999987016,34.534805363842,
    146.26607250393));
#652 = DIRECTION('',(0.,5.234536558918E-02,0.998629041587));
#653 = DIRECTION('',(0.,0.998629041587,-5.234536558918E-02));
#654 = ADVANCED_FACE('',(#655),#680,.T.);
#655 = FACE_BOUND('',#656,.T.);
#656 = EDGE_LOOP('',(#657,#665,#673,#679));
#657 = ORIENTED_EDGE('',*,*,#658,.T.);
#658 = EDGE_CURVE('',#629,#659,#661,.T.);
#659 = VERTEX_POINT('',#660);
#660 = CARTESIAN_POINT('',(-27.99999987016,26.930404610479,
    146.13321137469));
#661 = LINE('',#662,#663);
#662 = CARTESIAN_POINT('',(-27.99999987016,31.999933777525,
    146.39894344438));
#663 = VECTOR('',#664,1.);
#664 = DIRECTION('',(0.,-0.998629027105,-5.234564186765E-02));
#665 = ORIENTED_EDGE('',*,*,#666,.F.);
#666 = EDGE_CURVE('',#667,#659,#669,.T.);
#667 = VERTEX_POINT('',#668);
#668 = CARTESIAN_POINT('',(-22.99999987016,26.930404610479,
    146.13321137469));
#669 = LINE('',#670,#671);
#670 = CARTESIAN_POINT('',(-22.99999987016,26.93040461048,
    146.13321137469));
#671 = VECTOR('',#672,1.);
#672 = DIRECTION('',(-1.,-0.,0.));
#673 = ORIENTED_EDGE('',*,*,#674,.F.);
#674 = EDGE_CURVE('',#637,#667,#675,.T.);
#675 = LINE('',#676,#677);
#676 = CARTESIAN_POINT('',(-22.99999987016,31.999933777525,
    146.39894344438));
#677 = VECTOR('',#678,1.);
#678 = DIRECTION('',(0.,-0.998629027105,-5.234564186765E-02));
#679 = ORIENTED_EDGE('',*,*,#636,.F.);
#680 = PLANE('',#681);
#681 = AXIS2_PLACEMENT_3D('',#682,#683,#684);
#682 = CARTESIAN_POINT('',(-25.49999987016,29.465169194002,
    146.26607740954));
#683 = DIRECTION('',(0.,-5.234564186765E-02,0.998629027105));
#684 = DIRECTION('',(0.,0.998629027105,5.234564186765E-02));
#685 = ADVANCED_FACE('',(#686),#711,.T.);
#686 = FACE_BOUND('',#687,.T.);
#687 = EDGE_LOOP('',(#688,#689,#697,#705));
#688 = ORIENTED_EDGE('',*,*,#666,.T.);
#689 = ORIENTED_EDGE('',*,*,#690,.T.);
#690 = EDGE_CURVE('',#659,#691,#693,.T.);
#691 = VERTEX_POINT('',#692);
#692 = CARTESIAN_POINT('',(-27.99999987016,21.916259038314,
    145.33919923885));
#693 = LINE('',#694,#695);
#694 = CARTESIAN_POINT('',(-27.99999987016,26.93040461048,
    146.13321137469));
#695 = VECTOR('',#696,1.);
#696 = DIRECTION('',(0.,-0.987692920813,-0.15640554394));
#697 = ORIENTED_EDGE('',*,*,#698,.T.);
#698 = EDGE_CURVE('',#691,#699,#701,.T.);
#699 = VERTEX_POINT('',#700);
#700 = CARTESIAN_POINT('',(-22.99999987016,21.916259038314,
    145.33919923885));
#701 = LINE('',#702,#703);
#702 = CARTESIAN_POINT('',(-27.99999987016,21.916259038315,
    145.33919923885));
#703 = VECTOR('',#704,1.);
#704 = DIRECTION('',(1.,0.,0.));
#705 = ORIENTED_EDGE('',*,*,#706,.T.);
#706 = EDGE_CURVE('',#699,#667,#707,.T.);
#707 = LINE('',#708,#709);
#708 = CARTESIAN_POINT('',(-22.99999987016,21.916259038315,
    145.33919923885));
#709 = VECTOR('',#710,1.);
#710 = DIRECTION('',(0.,0.987692920813,0.15640554394));
#711 = PLANE('',#712);
#712 = AXIS2_PLACEMENT_3D('',#713,#714,#715);
#713 = CARTESIAN_POINT('',(-25.49999987016,24.423331824397,
    145.73620530677));
#714 = DIRECTION('',(0.,-0.15640554394,0.987692920813));
#715 = DIRECTION('',(0.,0.987692920813,0.15640554394));
#716 = ADVANCED_FACE('',(#717),#742,.T.);
#717 = FACE_BOUND('',#718,.T.);
#718 = EDGE_LOOP('',(#719,#727,#735,#741));
#719 = ORIENTED_EDGE('',*,*,#720,.F.);
#720 = EDGE_CURVE('',#721,#691,#723,.T.);
#721 = VERTEX_POINT('',#722);
#722 = CARTESIAN_POINT('',(-27.99999987016,17.012667269262,
    144.02524673213));
#723 = LINE('',#724,#725);
#724 = CARTESIAN_POINT('',(-27.99999987016,17.012667269263,
    144.02524673213));
#725 = VECTOR('',#726,1.);
#726 = DIRECTION('',(0.,0.965923903109,0.258826222403));
#727 = ORIENTED_EDGE('',*,*,#728,.T.);
#728 = EDGE_CURVE('',#721,#729,#731,.T.);
#729 = VERTEX_POINT('',#730);
#730 = CARTESIAN_POINT('',(-22.99999987016,17.012667269262,
    144.02524673213));
#731 = LINE('',#732,#733);
#732 = CARTESIAN_POINT('',(-27.99999987016,17.012667269263,
    144.02524673213));
#733 = VECTOR('',#734,1.);
#734 = DIRECTION('',(1.,0.,0.));
#735 = ORIENTED_EDGE('',*,*,#736,.T.);
#736 = EDGE_CURVE('',#729,#699,#737,.T.);
#737 = LINE('',#738,#739);
#738 = CARTESIAN_POINT('',(-22.99999987016,17.012667269263,
    144.02524673213));
#739 = VECTOR('',#740,1.);
#740 = DIRECTION('',(0.,0.965923903109,0.258826222403));
#741 = ORIENTED_EDGE('',*,*,#698,.F.);
#742 = PLANE('',#743);
#743 = AXIS2_PLACEMENT_3D('',#744,#745,#746);
#744 = CARTESIAN_POINT('',(-25.49999987016,19.464463153789,
    144.68222298549));
#745 = DIRECTION('',(0.,-0.258826222403,0.965923903109));
#746 = DIRECTION('',(0.,-0.965923903109,-0.258826222403));
#747 = ADVANCED_FACE('',(#748),#773,.T.);
#748 = FACE_BOUND('',#749,.T.);
#749 = EDGE_LOOP('',(#750,#758,#766,#772));
#750 = ORIENTED_EDGE('',*,*,#751,.F.);
#751 = EDGE_CURVE('',#752,#721,#754,.T.);
#752 = VERTEX_POINT('',#753);
#753 = CARTESIAN_POINT('',(-27.99999987016,12.273199626349,
    142.20596758339));
#754 = LINE('',#755,#756);
#755 = CARTESIAN_POINT('',(-27.99999987016,12.27319962635,
    142.20596758339));
#756 = VECTOR('',#757,1.);
#757 = DIRECTION('',(0.,0.933582536992,0.35836245147));
#758 = ORIENTED_EDGE('',*,*,#759,.T.);
#759 = EDGE_CURVE('',#752,#760,#762,.T.);
#760 = VERTEX_POINT('',#761);
#761 = CARTESIAN_POINT('',(-22.99999987016,12.273199626349,
    142.20596758339));
#762 = LINE('',#763,#764);
#763 = CARTESIAN_POINT('',(-27.99999987016,12.27319962635,
    142.20596758339));
#764 = VECTOR('',#765,1.);
#765 = DIRECTION('',(1.,0.,0.));
#766 = ORIENTED_EDGE('',*,*,#767,.T.);
#767 = EDGE_CURVE('',#760,#729,#768,.T.);
#768 = LINE('',#769,#770);
#769 = CARTESIAN_POINT('',(-22.99999987016,12.27319962635,
    142.20596758339));
#770 = VECTOR('',#771,1.);
#771 = DIRECTION('',(0.,0.933582536992,0.35836245147));
#772 = ORIENTED_EDGE('',*,*,#728,.F.);
#773 = PLANE('',#774);
#774 = AXIS2_PLACEMENT_3D('',#775,#776,#777);
#775 = CARTESIAN_POINT('',(-25.49999987016,14.642933447807,
    143.11560715776));
#776 = DIRECTION('',(0.,-0.35836245147,0.933582536992));
#777 = DIRECTION('',(0.,-0.933582536992,-0.35836245147));
#778 = ADVANCED_FACE('',(#779),#804,.T.);
#779 = FACE_BOUND('',#780,.T.);
#780 = EDGE_LOOP('',(#781,#782,#790,#798));
#781 = ORIENTED_EDGE('',*,*,#759,.F.);
#782 = ORIENTED_EDGE('',*,*,#783,.F.);
#783 = EDGE_CURVE('',#784,#752,#786,.T.);
#784 = VERTEX_POINT('',#785);
#785 = CARTESIAN_POINT('',(-27.99999987016,7.749999085416,
    139.90113971019));
#786 = LINE('',#787,#788);
#787 = CARTESIAN_POINT('',(-27.99999987016,7.749999085417,
    139.90113971019));
#788 = VECTOR('',#789,1.);
#789 = DIRECTION('',(0.,0.89099520242,0.454012719276));
#790 = ORIENTED_EDGE('',*,*,#791,.F.);
#791 = EDGE_CURVE('',#792,#784,#794,.T.);
#792 = VERTEX_POINT('',#793);
#793 = CARTESIAN_POINT('',(-22.99999987016,7.749999085415,
    139.90113971019));
#794 = LINE('',#795,#796);
#795 = CARTESIAN_POINT('',(-22.99999987016,7.749999085417,
    139.90113971019));
#796 = VECTOR('',#797,1.);
#797 = DIRECTION('',(-1.,-0.,0.));
#798 = ORIENTED_EDGE('',*,*,#799,.T.);
#799 = EDGE_CURVE('',#792,#760,#800,.T.);
#800 = LINE('',#801,#802);
#801 = CARTESIAN_POINT('',(-22.99999987016,7.749999085417,
    139.90113971019));
#802 = VECTOR('',#803,1.);
#803 = DIRECTION('',(0.,0.89099520242,0.454012719276));
#804 = PLANE('',#805);
#805 = AXIS2_PLACEMENT_3D('',#806,#807,#808);
#806 = CARTESIAN_POINT('',(-25.49999987016,10.011599355883,
    141.05355364679));
#807 = DIRECTION('',(0.,-0.454012719276,0.89099520242));
#808 = DIRECTION('',(0.,-0.89099520242,-0.454012719276));
#809 = ADVANCED_FACE('',(#810),#835,.T.);
#810 = FACE_BOUND('',#811,.T.);
#811 = EDGE_LOOP('',(#812,#822,#828,#829));
#812 = ORIENTED_EDGE('',*,*,#813,.F.);
#813 = EDGE_CURVE('',#814,#816,#818,.T.);
#814 = VERTEX_POINT('',#815);
#815 = CARTESIAN_POINT('',(-14.99999987016,3.492410650723,
    137.13625461918));
#816 = VERTEX_POINT('',#817);
#817 = CARTESIAN_POINT('',(-27.99999987016,3.492410650723,
    137.13625461918));
#818 = LINE('',#819,#820);
#819 = CARTESIAN_POINT('',(-14.99999987016,3.492410650724,
    137.13625461918));
#820 = VECTOR('',#821,1.);
#821 = DIRECTION('',(-1.,-0.,0.));
#822 = ORIENTED_EDGE('',*,*,#823,.T.);
#823 = EDGE_CURVE('',#814,#792,#824,.T.);
#824 = LINE('',#825,#826);
#825 = CARTESIAN_POINT('',(-14.99999987016,3.492410650724,
    137.13625461918));
#826 = VECTOR('',#827,1.);
#827 = DIRECTION('',(-0.844345874989,0.449359654029,0.291814915177));
#828 = ORIENTED_EDGE('',*,*,#791,.T.);
#829 = ORIENTED_EDGE('',*,*,#830,.T.);
#830 = EDGE_CURVE('',#784,#816,#831,.T.);
#831 = LINE('',#832,#833);
#832 = CARTESIAN_POINT('',(-27.99999987016,7.749999085417,
    139.90113971019));
#833 = VECTOR('',#834,1.);
#834 = DIRECTION('',(0.,-0.838672832393,-0.544635548056));
#835 = PLANE('',#836);
#836 = AXIS2_PLACEMENT_3D('',#837,#838,#839);
#837 = CARTESIAN_POINT('',(-22.40044694124,5.098020914398,
    138.17894062514));
#838 = DIRECTION('',(0.,-0.544635548056,0.838672832393));
#839 = DIRECTION('',(0.,-0.838672832393,-0.544635548056));
#840 = ADVANCED_FACE('',(#841),#856,.T.);
#841 = FACE_BOUND('',#842,.T.);
#842 = EDGE_LOOP('',(#843,#844,#850));
#843 = ORIENTED_EDGE('',*,*,#575,.T.);
#844 = ORIENTED_EDGE('',*,*,#845,.T.);
#845 = EDGE_CURVE('',#568,#442,#846,.T.);
#846 = LINE('',#847,#848);
#847 = CARTESIAN_POINT('',(-22.99999987016,42.083739980959,
    145.33910399304));
#848 = VECTOR('',#849,1.);
#849 = DIRECTION('',(0.368726975486,0.84917432226,-0.378078547346));
#850 = ORIENTED_EDGE('',*,*,#851,.T.);
#851 = EDGE_CURVE('',#442,#544,#852,.T.);
#852 = LINE('',#853,#854);
#853 = CARTESIAN_POINT('',(-14.99999987016,60.507655315929,
    137.13620976546));
#854 = VECTOR('',#855,1.);
#855 = DIRECTION('',(-0.466364026386,-0.788175948743,0.401600882365));
#856 = PLANE('',#857);
#857 = AXIS2_PLACEMENT_3D('',#858,#859,#860);
#858 = CARTESIAN_POINT('',(-19.46227116326,51.471890785011,
    141.3791974895));
#859 = DIRECTION('',(0.366892669666,0.240758776844,0.898568294744));
#860 = DIRECTION('',(-0.924863708846,0.198324879021,0.324490928102));
#861 = ADVANCED_FACE('',(#862),#872,.T.);
#862 = FACE_BOUND('',#863,.T.);
#863 = EDGE_LOOP('',(#864,#870,#871));
#864 = ORIENTED_EDGE('',*,*,#865,.T.);
#865 = EDGE_CURVE('',#605,#442,#866,.T.);
#866 = LINE('',#867,#868);
#867 = CARTESIAN_POINT('',(-22.99999987016,37.06967695016,
    146.13320156349));
#868 = VECTOR('',#869,1.);
#869 = DIRECTION('',(0.303613579709,0.889511064096,-0.341451110801));
#870 = ORIENTED_EDGE('',*,*,#845,.F.);
#871 = ORIENTED_EDGE('',*,*,#612,.F.);
#872 = PLANE('',#873);
#873 = AXIS2_PLACEMENT_3D('',#874,#875,#876);
#874 = CARTESIAN_POINT('',(-19.38225546825,48.932263882491,
    141.86449224454));
#875 = DIRECTION('',(0.546456775494,0.131003511118,0.827177775688));
#876 = DIRECTION('',(-0.816954744543,0.300748605501,0.492072374411));
#877 = ADVANCED_FACE('',(#878),#888,.T.);
#878 = FACE_BOUND('',#879,.T.);
#879 = EDGE_LOOP('',(#880,#881,#887));
#880 = ORIENTED_EDGE('',*,*,#644,.F.);
#881 = ORIENTED_EDGE('',*,*,#882,.F.);
#882 = EDGE_CURVE('',#442,#637,#883,.T.);
#883 = LINE('',#884,#885);
#884 = CARTESIAN_POINT('',(-14.99999987016,60.507655315929,
    137.13620976546));
#885 = VECTOR('',#886,1.);
#886 = DIRECTION('',(-0.257864899364,-0.918892593198,0.298566735993));
#887 = ORIENTED_EDGE('',*,*,#865,.F.);
#888 = PLANE('',#889);
#889 = AXIS2_PLACEMENT_3D('',#890,#891,#892);
#890 = CARTESIAN_POINT('',(-19.32516909269,46.370659569494,
    142.07720798073));
#891 = DIRECTION('',(0.696155640332,3.757826088927E-02,0.716906687612));
#892 = DIRECTION('',(0.671758066703,-0.386310109576,-0.632064552921));
#893 = ADVANCED_FACE('',(#894),#909,.T.);
#894 = FACE_BOUND('',#895,.T.);
#895 = EDGE_LOOP('',(#896,#897,#903));
#896 = ORIENTED_EDGE('',*,*,#674,.T.);
#897 = ORIENTED_EDGE('',*,*,#898,.T.);
#898 = EDGE_CURVE('',#667,#814,#899,.T.);
#899 = LINE('',#900,#901);
#900 = CARTESIAN_POINT('',(-22.99999987016,26.93040461048,
    146.13321137469));
#901 = VECTOR('',#902,1.);
#902 = DIRECTION('',(0.303613557749,-0.889511591579,-0.341449756183));
#903 = ORIENTED_EDGE('',*,*,#904,.T.);
#904 = EDGE_CURVE('',#814,#637,#905,.T.);
#905 = LINE('',#906,#907);
#906 = CARTESIAN_POINT('',(-14.99999987016,3.492410650724,
    137.13625461918));
#907 = VECTOR('',#908,1.);
#908 = DIRECTION('',(-0.25786652608,0.918891994482,0.298567173689));
#909 = PLANE('',#910);
#910 = AXIS2_PLACEMENT_3D('',#911,#912,#913);
#911 = CARTESIAN_POINT('',(-19.32515749575,17.629311931239,
    142.07721764056));
#912 = DIRECTION('',(0.696153678682,-3.757855880168E-02,0.71690857686));
#913 = DIRECTION('',(0.647887525693,-0.397243516365,-0.649953338908));
#914 = ADVANCED_FACE('',(#915),#925,.T.);
#915 = FACE_BOUND('',#916,.T.);
#916 = EDGE_LOOP('',(#917,#923,#924));
#917 = ORIENTED_EDGE('',*,*,#918,.T.);
#918 = EDGE_CURVE('',#699,#814,#919,.T.);
#919 = LINE('',#920,#921);
#920 = CARTESIAN_POINT('',(-22.99999987016,21.916259038315,
    145.33919923885));
#921 = VECTOR('',#922,1.);
#922 = DIRECTION('',(0.368727617857,-0.849172715965,-0.378081528628));
#923 = ORIENTED_EDGE('',*,*,#898,.F.);
#924 = ORIENTED_EDGE('',*,*,#706,.F.);
#925 = PLANE('',#926);
#926 = AXIS2_PLACEMENT_3D('',#927,#928,#929);
#927 = CARTESIAN_POINT('',(-19.38226036852,15.0678035175,141.86454483711
    ));
#928 = DIRECTION('',(0.546488610291,-0.130984409086,0.827159768968));
#929 = DIRECTION('',(-0.759205268583,0.33941738064,0.555340617888));
#930 = ADVANCED_FACE('',(#931),#941,.T.);
#931 = FACE_BOUND('',#932,.T.);
#932 = EDGE_LOOP('',(#933,#934,#940));
#933 = ORIENTED_EDGE('',*,*,#736,.F.);
#934 = ORIENTED_EDGE('',*,*,#935,.T.);
#935 = EDGE_CURVE('',#729,#814,#936,.T.);
#936 = LINE('',#937,#938);
#937 = CARTESIAN_POINT('',(-22.99999987016,17.012667269263,
    144.02524673213));
#938 = VECTOR('',#939,1.);
#939 = DIRECTION('',(0.466366830612,-0.788174903531,-0.401599677228));
#940 = ORIENTED_EDGE('',*,*,#918,.F.);
#941 = PLANE('',#942);
#942 = AXIS2_PLACEMENT_3D('',#943,#944,#945);
#943 = CARTESIAN_POINT('',(-19.46227750231,12.528144384031,
    141.37924851738));
#944 = DIRECTION('',(0.366859707123,-0.240779895088,0.898576094391));
#945 = DIRECTION('',(-8.326672684689E-17,-0.965923903109,-0.258826222403
    ));
#946 = ADVANCED_FACE('',(#947),#957,.T.);
#947 = FACE_BOUND('',#948,.T.);
#948 = EDGE_LOOP('',(#949,#955,#956));
#949 = ORIENTED_EDGE('',*,*,#950,.F.);
#950 = EDGE_CURVE('',#814,#760,#951,.T.);
#951 = LINE('',#952,#953);
#952 = CARTESIAN_POINT('',(-14.99999987016,3.492410650724,
    137.13625461918));
#953 = VECTOR('',#954,1.);
#954 = DIRECTION('',(-0.619421731894,0.679876439334,0.392536298062));
#955 = ORIENTED_EDGE('',*,*,#935,.F.);
#956 = ORIENTED_EDGE('',*,*,#767,.F.);
#957 = PLANE('',#958);
#958 = AXIS2_PLACEMENT_3D('',#959,#960,#961);
#959 = CARTESIAN_POINT('',(-19.57778112991,10.015888191765,
    140.61262719389));
#960 = DIRECTION('',(0.194499551996,-0.351518662872,0.915753544315));
#961 = DIRECTION('',(0.,-0.933582536992,-0.35836245147));
#962 = ADVANCED_FACE('',(#963),#968,.T.);
#963 = FACE_BOUND('',#964,.T.);
#964 = EDGE_LOOP('',(#965,#966,#967));
#965 = ORIENTED_EDGE('',*,*,#799,.F.);
#966 = ORIENTED_EDGE('',*,*,#823,.F.);
#967 = ORIENTED_EDGE('',*,*,#950,.T.);
#968 = PLANE('',#969);
#969 = AXIS2_PLACEMENT_3D('',#970,#971,#972);
#970 = CARTESIAN_POINT('',(-19.73930725251,7.496110028271,
    139.52909106243));
#971 = DIRECTION('',(6.616718556308E-02,-0.453017773353,0.889042631475)
  );
#972 = DIRECTION('',(0.,-0.89099520242,-0.454012719276));
#973 = ADVANCED_FACE('',(#974),#984,.T.);
#974 = FACE_BOUND('',#975,.T.);
#975 = EDGE_LOOP('',(#976,#982,#983));
#976 = ORIENTED_EDGE('',*,*,#977,.T.);
#977 = EDGE_CURVE('',#513,#442,#978,.T.);
#978 = LINE('',#979,#980);
#979 = CARTESIAN_POINT('',(-22.99999987016,51.72666881109,
    142.20589586484));
#980 = VECTOR('',#981,1.);
#981 = DIRECTION('',(0.619415796802,0.679885219076,-0.392530456849));
#982 = ORIENTED_EDGE('',*,*,#489,.F.);
#983 = ORIENTED_EDGE('',*,*,#520,.F.);
#984 = PLANE('',#985);
#985 = AXIS2_PLACEMENT_3D('',#986,#987,#988);
#986 = CARTESIAN_POINT('',(-19.73932059098,56.50388405647,
    139.52907008911));
#987 = DIRECTION('',(6.620456386602E-02,0.452980242889,0.889058971765));
#988 = DIRECTION('',(8.673617379884E-19,0.891013792586,-0.453976234424)
  );
#989 = ADVANCED_FACE('',(#990),#995,.T.);
#990 = FACE_BOUND('',#991,.T.);
#991 = EDGE_LOOP('',(#992,#993,#994));
#992 = ORIENTED_EDGE('',*,*,#551,.F.);
#993 = ORIENTED_EDGE('',*,*,#851,.F.);
#994 = ORIENTED_EDGE('',*,*,#977,.F.);
#995 = PLANE('',#996);
#996 = AXIS2_PLACEMENT_3D('',#997,#998,#999);
#997 = CARTESIAN_POINT('',(-19.57777156804,53.984110534946,
    140.61258742835));
#998 = DIRECTION('',(0.194460714449,0.351542758725,0.915752542625));
#999 = DIRECTION('',(-0.980282265098,0.103049144253,0.168604728888));
#1000 = ADVANCED_FACE('',(#1001),#1011,.T.);
#1001 = FACE_BOUND('',#1002,.T.);
#1002 = EDGE_LOOP('',(#1003,#1004,#1010));
#1003 = ORIENTED_EDGE('',*,*,#904,.F.);
#1004 = ORIENTED_EDGE('',*,*,#1005,.F.);
#1005 = EDGE_CURVE('',#442,#814,#1006,.T.);
#1006 = LINE('',#1007,#1008);
#1007 = CARTESIAN_POINT('',(-14.99999987016,60.507655315929,
    137.13620976546));
#1008 = VECTOR('',#1009,1.);
#1009 = DIRECTION('',(0.,-1.,7.866969973791E-07));
#1010 = ORIENTED_EDGE('',*,*,#882,.T.);
#1011 = PLANE('',#1012);
#1012 = AXIS2_PLACEMENT_3D('',#1013,#1014,#1015);
#1013 = CARTESIAN_POINT('',(-17.08453583544,32.000030563373,
    139.54978903491));
#1014 = DIRECTION('',(0.756807417126,5.142149906989E-07,0.653637922235)
  );
#1015 = DIRECTION('',(0.593248015137,-0.419815880178,-0.686885302861));
#1016 = ADVANCED_FACE('',(#1017),#1370,.T.);
#1017 = FACE_BOUND('',#1018,.T.);
#1018 = EDGE_LOOP('',(#1019,#1027,#1028,#1029,#1030,#1031,#1032,#1033,
    #1034,#1035,#1036,#1037,#1038,#1039,#1040,#1041,#1042,#1043,#1044,
    #1052,#1060,#1068,#1076,#1084,#1092,#1100,#1108,#1116,#1124,#1132,
    #1140,#1148,#1156,#1164,#1172,#1180,#1188,#1196,#1204,#1212,#1220,
    #1228,#1236,#1244,#1252,#1260,#1268,#1276,#1284,#1292,#1300,#1308,
    #1316,#1324,#1332,#1340,#1348,#1356,#1364));
#1019 = ORIENTED_EDGE('',*,*,#1020,.F.);
#1020 = EDGE_CURVE('',#816,#1021,#1023,.T.);
#1021 = VERTEX_POINT('',#1022);
#1022 = CARTESIAN_POINT('',(-27.99999987016,-0.452777980574,
    133.94151710928));
#1023 = LINE('',#1024,#1025);
#1024 = CARTESIAN_POINT('',(-27.99999987016,3.492410650724,
    137.13625461918));
#1025 = VECTOR('',#1026,1.);
#1026 = DIRECTION('',(0.,-0.777147238131,-0.629318814485));
#1027 = ORIENTED_EDGE('',*,*,#830,.F.);
#1028 = ORIENTED_EDGE('',*,*,#783,.T.);
#1029 = ORIENTED_EDGE('',*,*,#751,.T.);
#1030 = ORIENTED_EDGE('',*,*,#720,.T.);
#1031 = ORIENTED_EDGE('',*,*,#690,.F.);
#1032 = ORIENTED_EDGE('',*,*,#658,.F.);
#1033 = ORIENTED_EDGE('',*,*,#628,.F.);
#1034 = ORIENTED_EDGE('',*,*,#596,.F.);
#1035 = ORIENTED_EDGE('',*,*,#582,.F.);
#1036 = ORIENTED_EDGE('',*,*,#535,.T.);
#1037 = ORIENTED_EDGE('',*,*,#504,.F.);
#1038 = ORIENTED_EDGE('',*,*,#473,.T.);
#1039 = ORIENTED_EDGE('',*,*,#450,.T.);
#1040 = ORIENTED_EDGE('',*,*,#411,.F.);
#1041 = ORIENTED_EDGE('',*,*,#379,.T.);
#1042 = ORIENTED_EDGE('',*,*,#348,.T.);
#1043 = ORIENTED_EDGE('',*,*,#318,.T.);
#1044 = ORIENTED_EDGE('',*,*,#1045,.T.);
#1045 = EDGE_CURVE('',#309,#1046,#1048,.T.);
#1046 = VERTEX_POINT('',#1047);
#1047 = CARTESIAN_POINT('',(-27.99999987016,78.12627575124,
    112.88622770438));
#1048 = LINE('',#1049,#1050);
#1049 = CARTESIAN_POINT('',(-27.99999987016,76.306996602499,
    117.62569534729));
#1050 = VECTOR('',#1051,1.);
#1051 = DIRECTION('',(0.,0.35836245147,-0.933582536992));
#1052 = ORIENTED_EDGE('',*,*,#1053,.F.);
#1053 = EDGE_CURVE('',#1054,#1046,#1056,.T.);
#1054 = VERTEX_POINT('',#1055);
#1055 = CARTESIAN_POINT('',(-27.99999987016,78.165426053907,
    112.74055130152));
#1056 = LINE('',#1057,#1058);
#1057 = CARTESIAN_POINT('',(-27.99999987016,78.165426053908,
    112.74055130152));
#1058 = VECTOR('',#1059,1.);
#1059 = DIRECTION('',(0.,-0.259539107133,0.965732598533));
#1060 = ORIENTED_EDGE('',*,*,#1061,.F.);
#1061 = EDGE_CURVE('',#1062,#1054,#1064,.T.);
#1062 = VERTEX_POINT('',#1063);
#1063 = CARTESIAN_POINT('',(-27.99999987016,79.440123307874,
    107.98270007953));
#1064 = LINE('',#1065,#1066);
#1065 = CARTESIAN_POINT('',(-27.99999987016,79.440123307875,
    107.98270007953));
#1066 = VECTOR('',#1067,1.);
#1067 = DIRECTION('',(0.,-0.258787764514,0.965934207355));
#1068 = ORIENTED_EDGE('',*,*,#1069,.T.);
#1069 = EDGE_CURVE('',#1062,#1070,#1072,.T.);
#1070 = VERTEX_POINT('',#1071);
#1071 = CARTESIAN_POINT('',(-27.99999987016,80.234304538009,
    102.96859531325));
#1072 = LINE('',#1073,#1074);
#1073 = CARTESIAN_POINT('',(-27.99999987016,79.440123307875,
    107.98270007953));
#1074 = VECTOR('',#1075,1.);
#1075 = DIRECTION('',(0.,0.156439279256,-0.987687578086));
#1076 = ORIENTED_EDGE('',*,*,#1077,.T.);
#1077 = EDGE_CURVE('',#1070,#1078,#1080,.T.);
#1078 = VERTEX_POINT('',#1079);
#1079 = CARTESIAN_POINT('',(-27.99999987016,80.500075707064,
    97.89889809491));
#1080 = LINE('',#1081,#1082);
#1081 = CARTESIAN_POINT('',(-27.99999987016,80.23430453801,
    102.96859531325));
#1082 = VECTOR('',#1083,1.);
#1083 = DIRECTION('',(0.,5.235159214777E-02,-0.998628715189));
#1084 = ORIENTED_EDGE('',*,*,#1085,.T.);
#1085 = EDGE_CURVE('',#1078,#1086,#1088,.T.);
#1086 = VERTEX_POINT('',#1087);
#1087 = CARTESIAN_POINT('',(-27.99999987016,80.23429420531,
    92.829322120321));
#1088 = LINE('',#1089,#1090);
#1089 = CARTESIAN_POINT('',(-27.99999987016,80.500075707065,
    97.89889809491));
#1090 = VECTOR('',#1091,1.);
#1091 = DIRECTION('',(0.,-5.23548705588E-02,-0.998628543318));
#1092 = ORIENTED_EDGE('',*,*,#1093,.F.);
#1093 = EDGE_CURVE('',#1094,#1086,#1096,.T.);
#1094 = VERTEX_POINT('',#1095);
#1095 = CARTESIAN_POINT('',(-27.99999987016,79.440196303105,
    87.815260464272));
#1096 = LINE('',#1097,#1098);
#1097 = CARTESIAN_POINT('',(-27.99999987016,79.440196303106,
    87.815260464272));
#1098 = VECTOR('',#1099,1.);
#1099 = DIRECTION('',(0.,0.15642457881,0.987689906369));
#1100 = ORIENTED_EDGE('',*,*,#1101,.T.);
#1101 = EDGE_CURVE('',#1094,#1102,#1104,.T.);
#1102 = VERTEX_POINT('',#1103);
#1103 = CARTESIAN_POINT('',(-27.99999987016,78.126188896761,
    82.911659125201));
#1104 = LINE('',#1105,#1106);
#1105 = CARTESIAN_POINT('',(-27.99999987016,79.440196303106,
    87.815260464272));
#1106 = VECTOR('',#1107,1.);
#1107 = DIRECTION('',(0.,-0.25883584088,-0.965921325718));
#1108 = ORIENTED_EDGE('',*,*,#1109,.T.);
#1109 = EDGE_CURVE('',#1102,#1110,#1112,.T.);
#1110 = VERTEX_POINT('',#1111);
#1111 = CARTESIAN_POINT('',(-27.99999987016,76.307028980786,
    78.172162539848));
#1112 = LINE('',#1113,#1114);
#1113 = CARTESIAN_POINT('',(-27.99999987016,78.126188896762,
    82.911659125201));
#1114 = VECTOR('',#1115,1.);
#1115 = DIRECTION('',(0.,-0.358340073634,-0.93359112658));
#1116 = ORIENTED_EDGE('',*,*,#1117,.T.);
#1117 = EDGE_CURVE('',#1110,#1118,#1120,.T.);
#1118 = VERTEX_POINT('',#1119);
#1119 = CARTESIAN_POINT('',(-27.99999987016,74.002280476168,
    73.648907032934));
#1120 = LINE('',#1121,#1122);
#1121 = CARTESIAN_POINT('',(-27.99999987016,76.307028980787,
    78.172162539847));
#1122 = VECTOR('',#1123,1.);
#1123 = DIRECTION('',(0.,-0.453995927681,-0.891003758493));
#1124 = ORIENTED_EDGE('',*,*,#1125,.T.);
#1125 = EDGE_CURVE('',#1118,#1126,#1128,.T.);
#1126 = VERTEX_POINT('',#1127);
#1127 = CARTESIAN_POINT('',(-27.99999987016,71.237302407273,
    69.391343754552));
#1128 = LINE('',#1129,#1130);
#1129 = CARTESIAN_POINT('',(-27.99999987016,74.002280476169,
    73.648907032935));
#1130 = VECTOR('',#1131,1.);
#1131 = DIRECTION('',(0.,-0.544650693655,-0.838662996621));
#1132 = ORIENTED_EDGE('',*,*,#1133,.F.);
#1133 = EDGE_CURVE('',#1134,#1126,#1136,.T.);
#1134 = VERTEX_POINT('',#1135);
#1135 = CARTESIAN_POINT('',(-27.99999987016,68.042581626427,
    65.446076925669));
#1136 = LINE('',#1137,#1138);
#1137 = CARTESIAN_POINT('',(-27.99999987016,68.042581626428,
    65.446076925669));
#1138 = VECTOR('',#1139,1.);
#1139 = DIRECTION('',(0.,0.62930929065,0.777154950252));
#1140 = ORIENTED_EDGE('',*,*,#1141,.F.);
#1141 = EDGE_CURVE('',#1142,#1134,#1144,.T.);
#1142 = VERTEX_POINT('',#1143);
#1143 = CARTESIAN_POINT('',(-27.99999987016,64.452869692866,
    61.856389319381));
#1144 = LINE('',#1145,#1146);
#1145 = CARTESIAN_POINT('',(-27.99999987016,64.452869692866,
    61.856389319381));
#1146 = VECTOR('',#1147,1.);
#1147 = DIRECTION('',(0.,0.707109177202,0.707104385163));
#1148 = ORIENTED_EDGE('',*,*,#1149,.T.);
#1149 = EDGE_CURVE('',#1142,#1150,#1152,.T.);
#1150 = VERTEX_POINT('',#1151);
#1151 = CARTESIAN_POINT('',(-27.99999987016,60.507617438859,
    58.661547712651));
#1152 = LINE('',#1153,#1154);
#1153 = CARTESIAN_POINT('',(-27.99999987016,64.452869692866,
    61.856389319381));
#1154 = VECTOR('',#1155,1.);
#1155 = DIRECTION('',(0.,-0.777142172977,-0.629325069404));
#1156 = ORIENTED_EDGE('',*,*,#1157,.F.);
#1157 = EDGE_CURVE('',#1158,#1150,#1160,.T.);
#1158 = VERTEX_POINT('',#1159);
#1159 = CARTESIAN_POINT('',(-27.99999987016,56.250029004167,
    55.896662621635));
#1160 = LINE('',#1161,#1162);
#1161 = CARTESIAN_POINT('',(-27.99999987016,56.250029004168,
    55.896662621636));
#1162 = VECTOR('',#1163,1.);
#1163 = DIRECTION('',(0.,0.838672832393,0.544635548056));
#1164 = ORIENTED_EDGE('',*,*,#1165,.F.);
#1165 = EDGE_CURVE('',#1166,#1158,#1168,.T.);
#1166 = VERTEX_POINT('',#1167);
#1167 = CARTESIAN_POINT('',(-27.99999987016,51.726683892275,
    53.592066090692));
#1168 = LINE('',#1169,#1170);
#1169 = CARTESIAN_POINT('',(-27.99999987016,51.726683892276,
    53.592066090692));
#1170 = VECTOR('',#1171,1.);
#1171 = DIRECTION('',(0.,0.891019505496,0.453965021588));
#1172 = ORIENTED_EDGE('',*,*,#1173,.T.);
#1173 = EDGE_CURVE('',#1166,#1174,#1176,.T.);
#1174 = VERTEX_POINT('',#1175);
#1175 = CARTESIAN_POINT('',(-27.99999987016,46.987423589777,
    51.772660218028));
#1176 = LINE('',#1177,#1178);
#1177 = CARTESIAN_POINT('',(-27.99999987016,51.726683892276,
    53.592066090692));
#1178 = VECTOR('',#1179,1.);
#1179 = DIRECTION('',(0.,-0.933568939487,-0.358397872795));
#1180 = ORIENTED_EDGE('',*,*,#1181,.T.);
#1181 = EDGE_CURVE('',#1174,#1182,#1184,.T.);
#1182 = VERTEX_POINT('',#1183);
#1183 = CARTESIAN_POINT('',(-27.99999987016,42.083625001808,
    50.458835288482));
#1184 = LINE('',#1185,#1186);
#1185 = CARTESIAN_POINT('',(-27.99999987016,46.987423589777,
    51.772660218028));
#1186 = VECTOR('',#1187,1.);
#1187 = DIRECTION('',(0.,-0.965932914221,-0.258792591133));
#1188 = ORIENTED_EDGE('',*,*,#1189,.F.);
#1189 = EDGE_CURVE('',#1190,#1182,#1192,.T.);
#1190 = VERTEX_POINT('',#1191);
#1191 = CARTESIAN_POINT('',(-27.99999987016,37.069623479103,
    49.664590957135));
#1192 = LINE('',#1193,#1194);
#1193 = CARTESIAN_POINT('',(-27.99999987016,37.069623479105,
    49.664590957134));
#1194 = VECTOR('',#1195,1.);
#1195 = DIRECTION('',(0.,0.987685159643,0.156454547461));
#1196 = ORIENTED_EDGE('',*,*,#1197,.T.);
#1197 = EDGE_CURVE('',#1190,#1198,#1200,.T.);
#1198 = VERTEX_POINT('',#1199);
#1199 = CARTESIAN_POINT('',(-27.99999987016,32.000093980304,
    49.398860262204));
#1200 = LINE('',#1201,#1202);
#1201 = CARTESIAN_POINT('',(-27.99999987016,37.069623479105,
    49.664590957134));
#1202 = VECTOR('',#1203,1.);
#1203 = DIRECTION('',(0.,-0.998629041441,-5.234536838623E-02));
#1204 = ORIENTED_EDGE('',*,*,#1205,.T.);
#1205 = EDGE_CURVE('',#1198,#1206,#1208,.T.);
#1206 = VERTEX_POINT('',#1207);
#1207 = CARTESIAN_POINT('',(-27.99999987016,26.930351139423,
    49.664600768336));
#1208 = LINE('',#1209,#1210);
#1209 = CARTESIAN_POINT('',(-27.99999987016,32.000093980304,
    49.398860262204));
#1210 = VECTOR('',#1211,1.);
#1211 = DIRECTION('',(0.,-0.998629055564,5.234509895129E-02));
#1212 = ORIENTED_EDGE('',*,*,#1213,.T.);
#1213 = EDGE_CURVE('',#1206,#1214,#1216,.T.);
#1214 = VERTEX_POINT('',#1215);
#1215 = CARTESIAN_POINT('',(-27.99999987016,21.916352252831,
    50.458803288873));
#1216 = LINE('',#1217,#1218);
#1217 = CARTESIAN_POINT('',(-27.99999987016,26.930351139425,
    49.664600768336));
#1218 = VECTOR('',#1219,1.);
#1219 = DIRECTION('',(0.,-0.987686419612,0.156446593168));
#1220 = ORIENTED_EDGE('',*,*,#1221,.T.);
#1221 = EDGE_CURVE('',#1214,#1222,#1224,.T.);
#1222 = VERTEX_POINT('',#1223);
#1223 = CARTESIAN_POINT('',(-27.99999987016,17.012583194217,
    51.772770221092));
#1224 = LINE('',#1225,#1226);
#1225 = CARTESIAN_POINT('',(-27.99999987016,21.916352252832,
    50.458803288873));
#1226 = VECTOR('',#1227,1.);
#1227 = DIRECTION('',(0.,-0.965925532149,0.258820142845));
#1228 = ORIENTED_EDGE('',*,*,#1229,.T.);
#1229 = EDGE_CURVE('',#1222,#1230,#1232,.T.);
#1230 = VERTEX_POINT('',#1231);
#1231 = CARTESIAN_POINT('',(-27.99999987016,12.273359278494,
    53.591906466985));
#1232 = LINE('',#1233,#1234);
#1233 = CARTESIAN_POINT('',(-27.99999987016,17.012583194218,
    51.772770221092));
#1234 = VECTOR('',#1235,1.);
#1235 = DIRECTION('',(0.,-0.933585789156,0.358353979028));
#1236 = ORIENTED_EDGE('',*,*,#1237,.F.);
#1237 = EDGE_CURVE('',#1238,#1230,#1240,.T.);
#1238 = VERTEX_POINT('',#1239);
#1239 = CARTESIAN_POINT('',(-27.99999987016,9.999920262726,
    54.750354588065));
#1240 = LINE('',#1241,#1242);
#1241 = CARTESIAN_POINT('',(-27.99999987016,9.999920262727,
    54.750354588065));
#1242 = VECTOR('',#1243,1.);
#1243 = DIRECTION('',(0.,0.890994937568,-0.454013239044));
#1244 = ORIENTED_EDGE('',*,*,#1245,.F.);
#1245 = EDGE_CURVE('',#1246,#1238,#1248,.T.);
#1246 = VERTEX_POINT('',#1247);
#1247 = CARTESIAN_POINT('',(-27.99999987016,-6.99987817739,
    69.098307834347));
#1248 = LINE('',#1249,#1250);
#1249 = CARTESIAN_POINT('',(-27.99999987016,-6.99987817739,
    69.098307834347));
#1250 = VECTOR('',#1251,1.);
#1251 = DIRECTION('',(0.,0.764194579625,-0.644985770752));
#1252 = ORIENTED_EDGE('',*,*,#1253,.F.);
#1253 = EDGE_CURVE('',#1254,#1246,#1256,.T.);
#1254 = VERTEX_POINT('',#1255);
#1255 = CARTESIAN_POINT('',(-27.99999987016,-7.237359645537,
    69.391381631621));
#1256 = LINE('',#1257,#1258);
#1257 = CARTESIAN_POINT('',(-27.99999987016,-7.237359645535,
    69.391381631621));
#1258 = VECTOR('',#1259,1.);
#1259 = DIRECTION('',(0.,0.629568507959,-0.776944974748));
#1260 = ORIENTED_EDGE('',*,*,#1261,.T.);
#1261 = EDGE_CURVE('',#1254,#1262,#1264,.T.);
#1262 = VERTEX_POINT('',#1263);
#1263 = CARTESIAN_POINT('',(-27.99999987016,-10.00214063971,
    73.648906443604));
#1264 = LINE('',#1265,#1266);
#1265 = CARTESIAN_POINT('',(-27.99999987016,-7.237359645535,
    69.391381631621));
#1266 = VECTOR('',#1267,1.);
#1267 = DIRECTION('',(0.,-0.544626849499,0.838678481186));
#1268 = ORIENTED_EDGE('',*,*,#1269,.T.);
#1269 = EDGE_CURVE('',#1262,#1270,#1272,.T.);
#1270 = VERTEX_POINT('',#1271);
#1271 = CARTESIAN_POINT('',(-27.99999987016,-12.3069048902,
    78.172211081371));
#1272 = LINE('',#1273,#1274);
#1273 = CARTESIAN_POINT('',(-27.99999987016,-10.00214063971,
    73.648906443604));
#1274 = VECTOR('',#1275,1.);
#1275 = DIRECTION('',(0.,-0.453994475227,0.891004498565));
#1276 = ORIENTED_EDGE('',*,*,#1277,.T.);
#1277 = EDGE_CURVE('',#1270,#1278,#1280,.T.);
#1278 = VERTEX_POINT('',#1279);
#1279 = CARTESIAN_POINT('',(-27.99999987016,-14.12618351745,
    82.911679577538));
#1280 = LINE('',#1281,#1282);
#1281 = CARTESIAN_POINT('',(-27.99999987016,-12.3069048902,
    78.172211081371));
#1282 = VECTOR('',#1283,1.);
#1283 = DIRECTION('',(0.,-0.358362305707,0.933582592944));
#1284 = ORIENTED_EDGE('',*,*,#1285,.F.);
#1285 = EDGE_CURVE('',#1286,#1278,#1288,.T.);
#1286 = VERTEX_POINT('',#1287);
#1287 = CARTESIAN_POINT('',(-27.99999987016,-15.44003244883,
    87.815206870627));
#1288 = LINE('',#1289,#1290);
#1289 = CARTESIAN_POINT('',(-27.99999987016,-15.44003244883,
    87.815206870626));
#1290 = VECTOR('',#1291,1.);
#1291 = DIRECTION('',(0.,0.258810361553,-0.965928152997));
#1292 = ORIENTED_EDGE('',*,*,#1293,.T.);
#1293 = EDGE_CURVE('',#1286,#1294,#1296,.T.);
#1294 = VERTEX_POINT('',#1295);
#1295 = CARTESIAN_POINT('',(-27.99999987016,-16.23421230421,
    92.829311968667));
#1296 = LINE('',#1297,#1298);
#1297 = CARTESIAN_POINT('',(-27.99999987016,-15.44003244883,
    87.815206870626));
#1298 = VECTOR('',#1299,1.);
#1299 = DIRECTION('',(0.,-0.156439004986,0.987687621528));
#1300 = ORIENTED_EDGE('',*,*,#1301,.F.);
#1301 = EDGE_CURVE('',#1302,#1294,#1304,.T.);
#1302 = VERTEX_POINT('',#1303);
#1303 = CARTESIAN_POINT('',(-27.99999987016,-16.49998432652,
    97.899009708509));
#1304 = LINE('',#1305,#1306);
#1305 = CARTESIAN_POINT('',(-27.99999987016,-16.49998432652,
    97.899009708508));
#1306 = VECTOR('',#1307,1.);
#1307 = DIRECTION('',(0.,5.235175439036E-02,-0.998628706683));
#1308 = ORIENTED_EDGE('',*,*,#1309,.T.);
#1309 = EDGE_CURVE('',#1302,#1310,#1312,.T.);
#1310 = VERTEX_POINT('',#1311);
#1311 = CARTESIAN_POINT('',(-27.99999987016,-16.23420249301,
    102.96858430834));
#1312 = LINE('',#1313,#1314);
#1313 = CARTESIAN_POINT('',(-27.99999987016,-16.49998432652,
    97.899009708508));
#1314 = VECTOR('',#1315,1.);
#1315 = DIRECTION('',(0.,5.235494988882E-02,0.998628539159));
#1316 = ORIENTED_EDGE('',*,*,#1317,.T.);
#1317 = EDGE_CURVE('',#1310,#1318,#1320,.T.);
#1318 = VERTEX_POINT('',#1319);
#1319 = CARTESIAN_POINT('',(-27.99999987016,-15.44010492256,
    107.98264733914));
#1320 = LINE('',#1321,#1322);
#1321 = CARTESIAN_POINT('',(-27.99999987016,-16.23420249301,
    102.96858430834));
#1322 = VECTOR('',#1323,1.);
#1323 = DIRECTION('',(0.,0.15642447322,0.987689923092));
#1324 = ORIENTED_EDGE('',*,*,#1325,.T.);
#1325 = EDGE_CURVE('',#1318,#1326,#1328,.T.);
#1326 = VERTEX_POINT('',#1327);
#1327 = CARTESIAN_POINT('',(-27.99999987016,-14.12609666297,
    112.88624815671));
#1328 = LINE('',#1329,#1330);
#1329 = CARTESIAN_POINT('',(-27.99999987016,-15.44010492256,
    107.98264733914));
#1330 = VECTOR('',#1331,1.);
#1331 = DIRECTION('',(0.,0.258836023378,0.965921276814));
#1332 = ORIENTED_EDGE('',*,*,#1333,.T.);
#1333 = EDGE_CURVE('',#1326,#1334,#1336,.T.);
#1334 = VERTEX_POINT('',#1335);
#1335 = CARTESIAN_POINT('',(-27.99999987016,-12.30693726849,
    117.62574388882));
#1336 = LINE('',#1337,#1338);
#1337 = CARTESIAN_POINT('',(-27.99999987016,-14.12609666297,
    112.88624815671));
#1338 = VECTOR('',#1339,1.);
#1339 = DIRECTION('',(0.,0.358340040328,0.933591139363));
#1340 = ORIENTED_EDGE('',*,*,#1341,.F.);
#1341 = EDGE_CURVE('',#1342,#1334,#1344,.T.);
#1342 = VERTEX_POINT('',#1343);
#1343 = CARTESIAN_POINT('',(-27.99999987016,-10.00218824237,
    122.14900024898));
#1344 = LINE('',#1345,#1346);
#1345 = CARTESIAN_POINT('',(-27.99999987016,-10.00218824237,
    122.14900024898));
#1346 = VECTOR('',#1347,1.);
#1347 = DIRECTION('',(0.,-0.453995941245,-0.891003751582));
#1348 = ORIENTED_EDGE('',*,*,#1349,.F.);
#1349 = EDGE_CURVE('',#1350,#1342,#1352,.T.);
#1350 = VERTEX_POINT('',#1351);
#1351 = CARTESIAN_POINT('',(-27.99999987016,-7.237273796193,
    126.40645943053));
#1352 = LINE('',#1353,#1354);
#1353 = CARTESIAN_POINT('',(-27.99999987016,-7.237273796192,
    126.40645943053));
#1354 = VECTOR('',#1355,1.);
#1355 = DIRECTION('',(0.,-0.544651245177,-0.838662638447));
#1356 = ORIENTED_EDGE('',*,*,#1357,.T.);
#1357 = EDGE_CURVE('',#1350,#1358,#1360,.T.);
#1358 = VERTEX_POINT('',#1359);
#1359 = CARTESIAN_POINT('',(-27.99999987016,-4.042489914135,
    130.35182950299));
#1360 = LINE('',#1361,#1362);
#1361 = CARTESIAN_POINT('',(-27.99999987016,-7.237273796192,
    126.40645943053));
#1362 = VECTOR('',#1363,1.);
#1363 = DIRECTION('',(0.,0.629306851608,0.777156925285));
#1364 = ORIENTED_EDGE('',*,*,#1365,.F.);
#1365 = EDGE_CURVE('',#1021,#1358,#1366,.T.);
#1366 = LINE('',#1367,#1368);
#1367 = CARTESIAN_POINT('',(-27.99999987016,-0.452777980573,
    133.94151710928));
#1368 = VECTOR('',#1369,1.);
#1369 = DIRECTION('',(0.,-0.707109177202,-0.707104385163));
#1370 = PLANE('',#1371);
#1371 = AXIS2_PLACEMENT_3D('',#1372,#1373,#1374);
#1372 = CARTESIAN_POINT('',(-27.99999987016,32.061637881187,
    97.972278174196));
#1373 = DIRECTION('',(-1.,0.,0.));
#1374 = DIRECTION('',(0.,0.853252737835,-0.521497617807));
#1375 = ADVANCED_FACE('',(#1376),#1401,.T.);
#1376 = FACE_BOUND('',#1377,.T.);
#1377 = EDGE_LOOP('',(#1378,#1386,#1387,#1395));
#1378 = ORIENTED_EDGE('',*,*,#1379,.F.);
#1379 = EDGE_CURVE('',#1054,#1380,#1382,.T.);
#1380 = VERTEX_POINT('',#1381);
#1381 = CARTESIAN_POINT('',(-14.99999987016,78.165426053907,
    112.74055130152));
#1382 = LINE('',#1383,#1384);
#1383 = CARTESIAN_POINT('',(-27.99999987016,78.165426053908,
    112.74055130152));
#1384 = VECTOR('',#1385,1.);
#1385 = DIRECTION('',(1.,0.,0.));
#1386 = ORIENTED_EDGE('',*,*,#1053,.T.);
#1387 = ORIENTED_EDGE('',*,*,#1388,.T.);
#1388 = EDGE_CURVE('',#1046,#1389,#1391,.T.);
#1389 = VERTEX_POINT('',#1390);
#1390 = CARTESIAN_POINT('',(-14.99999987016,78.12627575124,
    112.88622770438));
#1391 = LINE('',#1392,#1393);
#1392 = CARTESIAN_POINT('',(-27.99999987016,78.12627575124,
    112.88622770438));
#1393 = VECTOR('',#1394,1.);
#1394 = DIRECTION('',(1.,0.,0.));
#1395 = ORIENTED_EDGE('',*,*,#1396,.T.);
#1396 = EDGE_CURVE('',#1389,#1380,#1397,.T.);
#1397 = LINE('',#1398,#1399);
#1398 = CARTESIAN_POINT('',(-14.99999987016,78.12627575124,
    112.88622770438));
#1399 = VECTOR('',#1400,1.);
#1400 = DIRECTION('',(0.,0.259539107133,-0.965732598533));
#1401 = PLANE('',#1402);
#1402 = AXIS2_PLACEMENT_3D('',#1403,#1404,#1405);
#1403 = CARTESIAN_POINT('',(-21.49999987016,78.145850902574,
    112.81338950295));
#1404 = DIRECTION('',(-0.,0.965732598533,0.259539107133));
#1405 = DIRECTION('',(0.,0.259539107133,-0.965732598533));
#1406 = ADVANCED_FACE('',(#1407),#1425,.T.);
#1407 = FACE_BOUND('',#1408,.T.);
#1408 = EDGE_LOOP('',(#1409,#1410,#1418,#1424));
#1409 = ORIENTED_EDGE('',*,*,#1379,.T.);
#1410 = ORIENTED_EDGE('',*,*,#1411,.F.);
#1411 = EDGE_CURVE('',#1412,#1380,#1414,.T.);
#1412 = VERTEX_POINT('',#1413);
#1413 = CARTESIAN_POINT('',(-14.99999987016,79.440123307874,
    107.98270007953));
#1414 = LINE('',#1415,#1416);
#1415 = CARTESIAN_POINT('',(-14.99999987016,79.440123307875,
    107.98270007953));
#1416 = VECTOR('',#1417,1.);
#1417 = DIRECTION('',(0.,-0.258787764514,0.965934207355));
#1418 = ORIENTED_EDGE('',*,*,#1419,.T.);
#1419 = EDGE_CURVE('',#1412,#1062,#1420,.T.);
#1420 = LINE('',#1421,#1422);
#1421 = CARTESIAN_POINT('',(-14.99999987016,79.440123307875,
    107.98270007953));
#1422 = VECTOR('',#1423,1.);
#1423 = DIRECTION('',(-1.,-0.,0.));
#1424 = ORIENTED_EDGE('',*,*,#1061,.T.);
#1425 = PLANE('',#1426);
#1426 = AXIS2_PLACEMENT_3D('',#1427,#1428,#1429);
#1427 = CARTESIAN_POINT('',(-21.49999987016,78.802774680891,
    110.36162569053));
#1428 = DIRECTION('',(-0.,0.965934207355,0.258787764514));
#1429 = DIRECTION('',(0.,0.258787764514,-0.965934207355));
#1430 = ADVANCED_FACE('',(#1431),#1456,.T.);
#1431 = FACE_BOUND('',#1432,.T.);
#1432 = EDGE_LOOP('',(#1433,#1443,#1449,#1450));
#1433 = ORIENTED_EDGE('',*,*,#1434,.T.);
#1434 = EDGE_CURVE('',#1435,#1437,#1439,.T.);
#1435 = VERTEX_POINT('',#1436);
#1436 = CARTESIAN_POINT('',(-14.99999987016,80.500075707064,
    97.89889809491));
#1437 = VERTEX_POINT('',#1438);
#1438 = CARTESIAN_POINT('',(-14.99999987016,80.23429420531,
    92.829322120321));
#1439 = LINE('',#1440,#1441);
#1440 = CARTESIAN_POINT('',(-14.99999987016,80.500075707065,
    97.89889809491));
#1441 = VECTOR('',#1442,1.);
#1442 = DIRECTION('',(0.,-5.23548705588E-02,-0.998628543318));
#1443 = ORIENTED_EDGE('',*,*,#1444,.F.);
#1444 = EDGE_CURVE('',#1086,#1437,#1445,.T.);
#1445 = LINE('',#1446,#1447);
#1446 = CARTESIAN_POINT('',(-27.99999987016,80.234294205311,
    92.829322120321));
#1447 = VECTOR('',#1448,1.);
#1448 = DIRECTION('',(1.,0.,0.));
#1449 = ORIENTED_EDGE('',*,*,#1085,.F.);
#1450 = ORIENTED_EDGE('',*,*,#1451,.F.);
#1451 = EDGE_CURVE('',#1435,#1078,#1452,.T.);
#1452 = LINE('',#1453,#1454);
#1453 = CARTESIAN_POINT('',(-14.99999987016,80.500075707065,
    97.89889809491));
#1454 = VECTOR('',#1455,1.);
#1455 = DIRECTION('',(-1.,-0.,0.));
#1456 = PLANE('',#1457);
#1457 = AXIS2_PLACEMENT_3D('',#1458,#1459,#1460);
#1458 = CARTESIAN_POINT('',(-21.49999987016,80.367184956187,
    95.364110107616));
#1459 = DIRECTION('',(-0.,0.998628543318,-5.23548705588E-02));
#1460 = DIRECTION('',(0.,5.23548705588E-02,0.998628543318));
#1461 = ADVANCED_FACE('',(#1462),#1480,.T.);
#1462 = FACE_BOUND('',#1463,.T.);
#1463 = EDGE_LOOP('',(#1464,#1465,#1466,#1474));
#1464 = ORIENTED_EDGE('',*,*,#1451,.T.);
#1465 = ORIENTED_EDGE('',*,*,#1077,.F.);
#1466 = ORIENTED_EDGE('',*,*,#1467,.T.);
#1467 = EDGE_CURVE('',#1070,#1468,#1470,.T.);
#1468 = VERTEX_POINT('',#1469);
#1469 = CARTESIAN_POINT('',(-14.99999987016,80.234304538009,
    102.96859531325));
#1470 = LINE('',#1471,#1472);
#1471 = CARTESIAN_POINT('',(-27.99999987016,80.23430453801,
    102.96859531325));
#1472 = VECTOR('',#1473,1.);
#1473 = DIRECTION('',(1.,0.,0.));
#1474 = ORIENTED_EDGE('',*,*,#1475,.T.);
#1475 = EDGE_CURVE('',#1468,#1435,#1476,.T.);
#1476 = LINE('',#1477,#1478);
#1477 = CARTESIAN_POINT('',(-14.99999987016,80.23430453801,
    102.96859531325));
#1478 = VECTOR('',#1479,1.);
#1479 = DIRECTION('',(0.,5.235159214777E-02,-0.998628715189));
#1480 = PLANE('',#1481);
#1481 = AXIS2_PLACEMENT_3D('',#1482,#1483,#1484);
#1482 = CARTESIAN_POINT('',(-21.49999987016,80.367190122538,
    100.43374670408));
#1483 = DIRECTION('',(-0.,0.998628715189,5.235159214777E-02));
#1484 = DIRECTION('',(0.,-5.235159214777E-02,0.998628715189));
#1485 = ADVANCED_FACE('',(#1486),#1497,.T.);
#1486 = FACE_BOUND('',#1487,.T.);
#1487 = EDGE_LOOP('',(#1488,#1489,#1495,#1496));
#1488 = ORIENTED_EDGE('',*,*,#1419,.F.);
#1489 = ORIENTED_EDGE('',*,*,#1490,.T.);
#1490 = EDGE_CURVE('',#1412,#1468,#1491,.T.);
#1491 = LINE('',#1492,#1493);
#1492 = CARTESIAN_POINT('',(-14.99999987016,79.440123307875,
    107.98270007953));
#1493 = VECTOR('',#1494,1.);
#1494 = DIRECTION('',(0.,0.156439279256,-0.987687578086));
#1495 = ORIENTED_EDGE('',*,*,#1467,.F.);
#1496 = ORIENTED_EDGE('',*,*,#1069,.F.);
#1497 = PLANE('',#1498);
#1498 = AXIS2_PLACEMENT_3D('',#1499,#1500,#1501);
#1499 = CARTESIAN_POINT('',(-21.49999987016,79.837213922942,
    105.47564769639));
#1500 = DIRECTION('',(-0.,0.987687578086,0.156439279256));
#1501 = DIRECTION('',(0.,-0.156439279256,0.987687578086));
#1502 = ADVANCED_FACE('',(#1503),#1528,.T.);
#1503 = FACE_BOUND('',#1504,.T.);
#1504 = EDGE_LOOP('',(#1505,#1506,#1514,#1522));
#1505 = ORIENTED_EDGE('',*,*,#1109,.F.);
#1506 = ORIENTED_EDGE('',*,*,#1507,.F.);
#1507 = EDGE_CURVE('',#1508,#1102,#1510,.T.);
#1508 = VERTEX_POINT('',#1509);
#1509 = CARTESIAN_POINT('',(-14.99999987016,78.126188896761,
    82.911659125201));
#1510 = LINE('',#1511,#1512);
#1511 = CARTESIAN_POINT('',(-14.99999987016,78.126188896762,
    82.911659125201));
#1512 = VECTOR('',#1513,1.);
#1513 = DIRECTION('',(-1.,-0.,0.));
#1514 = ORIENTED_EDGE('',*,*,#1515,.F.);
#1515 = EDGE_CURVE('',#1516,#1508,#1518,.T.);
#1516 = VERTEX_POINT('',#1517);
#1517 = CARTESIAN_POINT('',(-14.99999987016,76.307028980786,
    78.172162539848));
#1518 = LINE('',#1519,#1520);
#1519 = CARTESIAN_POINT('',(-14.99999987016,76.307028980787,
    78.172162539847));
#1520 = VECTOR('',#1521,1.);
#1521 = DIRECTION('',(0.,0.358340073634,0.93359112658));
#1522 = ORIENTED_EDGE('',*,*,#1523,.T.);
#1523 = EDGE_CURVE('',#1516,#1110,#1524,.T.);
#1524 = LINE('',#1525,#1526);
#1525 = CARTESIAN_POINT('',(-14.99999987016,76.307028980787,
    78.172162539847));
#1526 = VECTOR('',#1527,1.);
#1527 = DIRECTION('',(-1.,-0.,0.));
#1528 = PLANE('',#1529);
#1529 = AXIS2_PLACEMENT_3D('',#1530,#1531,#1532);
#1530 = CARTESIAN_POINT('',(-21.49999987016,77.216608938775,
    80.541910832524));
#1531 = DIRECTION('',(-0.,0.93359112658,-0.358340073634));
#1532 = DIRECTION('',(0.,0.358340073634,0.93359112658));
#1533 = ADVANCED_FACE('',(#1534),#1552,.T.);
#1534 = FACE_BOUND('',#1535,.T.);
#1535 = EDGE_LOOP('',(#1536,#1537,#1538,#1546));
#1536 = ORIENTED_EDGE('',*,*,#1507,.T.);
#1537 = ORIENTED_EDGE('',*,*,#1101,.F.);
#1538 = ORIENTED_EDGE('',*,*,#1539,.F.);
#1539 = EDGE_CURVE('',#1540,#1094,#1542,.T.);
#1540 = VERTEX_POINT('',#1541);
#1541 = CARTESIAN_POINT('',(-14.99999987016,79.440196303105,
    87.815260464272));
#1542 = LINE('',#1543,#1544);
#1543 = CARTESIAN_POINT('',(-14.99999987016,79.440196303106,
    87.815260464272));
#1544 = VECTOR('',#1545,1.);
#1545 = DIRECTION('',(-1.,-0.,0.));
#1546 = ORIENTED_EDGE('',*,*,#1547,.T.);
#1547 = EDGE_CURVE('',#1540,#1508,#1548,.T.);
#1548 = LINE('',#1549,#1550);
#1549 = CARTESIAN_POINT('',(-14.99999987016,79.440196303106,
    87.815260464272));
#1550 = VECTOR('',#1551,1.);
#1551 = DIRECTION('',(0.,-0.25883584088,-0.965921325718));
#1552 = PLANE('',#1553);
#1553 = AXIS2_PLACEMENT_3D('',#1554,#1555,#1556);
#1554 = CARTESIAN_POINT('',(-21.49999987016,78.783192599934,
    85.363459794736));
#1555 = DIRECTION('',(-0.,0.965921325718,-0.25883584088));
#1556 = DIRECTION('',(0.,0.25883584088,0.965921325718));
#1557 = ADVANCED_FACE('',(#1558),#1576,.T.);
#1558 = FACE_BOUND('',#1559,.T.);
#1559 = EDGE_LOOP('',(#1560,#1568,#1574,#1575));
#1560 = ORIENTED_EDGE('',*,*,#1561,.F.);
#1561 = EDGE_CURVE('',#1562,#1516,#1564,.T.);
#1562 = VERTEX_POINT('',#1563);
#1563 = CARTESIAN_POINT('',(-14.99999987016,74.002280476168,
    73.648907032935));
#1564 = LINE('',#1565,#1566);
#1565 = CARTESIAN_POINT('',(-14.99999987016,74.002280476169,
    73.648907032935));
#1566 = VECTOR('',#1567,1.);
#1567 = DIRECTION('',(0.,0.453995927681,0.891003758493));
#1568 = ORIENTED_EDGE('',*,*,#1569,.F.);
#1569 = EDGE_CURVE('',#1118,#1562,#1570,.T.);
#1570 = LINE('',#1571,#1572);
#1571 = CARTESIAN_POINT('',(-27.99999987016,74.002280476169,
    73.648907032935));
#1572 = VECTOR('',#1573,1.);
#1573 = DIRECTION('',(1.,0.,0.));
#1574 = ORIENTED_EDGE('',*,*,#1117,.F.);
#1575 = ORIENTED_EDGE('',*,*,#1523,.F.);
#1576 = PLANE('',#1577);
#1577 = AXIS2_PLACEMENT_3D('',#1578,#1579,#1580);
#1578 = CARTESIAN_POINT('',(-21.49999987016,75.154654728478,
    75.910534786391));
#1579 = DIRECTION('',(-0.,0.891003758493,-0.453995927681));
#1580 = DIRECTION('',(0.,0.453995927681,0.891003758493));
#1581 = ADVANCED_FACE('',(#1582),#1607,.T.);
#1582 = FACE_BOUND('',#1583,.T.);
#1583 = EDGE_LOOP('',(#1584,#1592,#1593,#1601));
#1584 = ORIENTED_EDGE('',*,*,#1585,.F.);
#1585 = EDGE_CURVE('',#1150,#1586,#1588,.T.);
#1586 = VERTEX_POINT('',#1587);
#1587 = CARTESIAN_POINT('',(-14.99999987016,60.50761743886,
    58.661547712651));
#1588 = LINE('',#1589,#1590);
#1589 = CARTESIAN_POINT('',(-27.99999987016,60.507617438861,
    58.661547712651));
#1590 = VECTOR('',#1591,1.);
#1591 = DIRECTION('',(1.,0.,0.));
#1592 = ORIENTED_EDGE('',*,*,#1149,.F.);
#1593 = ORIENTED_EDGE('',*,*,#1594,.F.);
#1594 = EDGE_CURVE('',#1595,#1142,#1597,.T.);
#1595 = VERTEX_POINT('',#1596);
#1596 = CARTESIAN_POINT('',(-14.99999987016,64.452869692866,
    61.856389319382));
#1597 = LINE('',#1598,#1599);
#1598 = CARTESIAN_POINT('',(-14.99999987016,64.452869692866,
    61.856389319381));
#1599 = VECTOR('',#1600,1.);
#1600 = DIRECTION('',(-1.,-0.,0.));
#1601 = ORIENTED_EDGE('',*,*,#1602,.F.);
#1602 = EDGE_CURVE('',#1586,#1595,#1603,.T.);
#1603 = LINE('',#1604,#1605);
#1604 = CARTESIAN_POINT('',(-14.99999987016,60.507617438861,
    58.661547712651));
#1605 = VECTOR('',#1606,1.);
#1606 = DIRECTION('',(0.,0.777142172977,0.629325069404));
#1607 = PLANE('',#1608);
#1608 = AXIS2_PLACEMENT_3D('',#1609,#1610,#1611);
#1609 = CARTESIAN_POINT('',(-21.49999987016,62.480243565863,
    60.258968516016));
#1610 = DIRECTION('',(0.,0.629325069404,-0.777142172977));
#1611 = DIRECTION('',(0.,0.777142172977,0.629325069404));
#1612 = ADVANCED_FACE('',(#1613),#1631,.T.);
#1613 = FACE_BOUND('',#1614,.T.);
#1614 = EDGE_LOOP('',(#1615,#1623,#1629,#1630));
#1615 = ORIENTED_EDGE('',*,*,#1616,.T.);
#1616 = EDGE_CURVE('',#1134,#1617,#1619,.T.);
#1617 = VERTEX_POINT('',#1618);
#1618 = CARTESIAN_POINT('',(-14.99999987016,68.042581626428,
    65.446076925669));
#1619 = LINE('',#1620,#1621);
#1620 = CARTESIAN_POINT('',(-27.99999987016,68.042581626428,
    65.446076925669));
#1621 = VECTOR('',#1622,1.);
#1622 = DIRECTION('',(1.,0.,0.));
#1623 = ORIENTED_EDGE('',*,*,#1624,.F.);
#1624 = EDGE_CURVE('',#1595,#1617,#1625,.T.);
#1625 = LINE('',#1626,#1627);
#1626 = CARTESIAN_POINT('',(-14.99999987016,64.452869692866,
    61.856389319381));
#1627 = VECTOR('',#1628,1.);
#1628 = DIRECTION('',(0.,0.707109177202,0.707104385163));
#1629 = ORIENTED_EDGE('',*,*,#1594,.T.);
#1630 = ORIENTED_EDGE('',*,*,#1141,.T.);
#1631 = PLANE('',#1632);
#1632 = AXIS2_PLACEMENT_3D('',#1633,#1634,#1635);
#1633 = CARTESIAN_POINT('',(-21.49999987016,66.247725659648,
    63.651233122525));
#1634 = DIRECTION('',(0.,0.707104385163,-0.707109177202));
#1635 = DIRECTION('',(0.,0.707109177202,0.707104385163));
#1636 = ADVANCED_FACE('',(#1637),#1655,.T.);
#1637 = FACE_BOUND('',#1638,.T.);
#1638 = EDGE_LOOP('',(#1639,#1640,#1648,#1654));
#1639 = ORIENTED_EDGE('',*,*,#1133,.T.);
#1640 = ORIENTED_EDGE('',*,*,#1641,.F.);
#1641 = EDGE_CURVE('',#1642,#1126,#1644,.T.);
#1642 = VERTEX_POINT('',#1643);
#1643 = CARTESIAN_POINT('',(-14.99999987016,71.237302407273,
    69.391343754552));
#1644 = LINE('',#1645,#1646);
#1645 = CARTESIAN_POINT('',(-14.99999987016,71.237302407274,
    69.391343754552));
#1646 = VECTOR('',#1647,1.);
#1647 = DIRECTION('',(-1.,-0.,0.));
#1648 = ORIENTED_EDGE('',*,*,#1649,.F.);
#1649 = EDGE_CURVE('',#1617,#1642,#1650,.T.);
#1650 = LINE('',#1651,#1652);
#1651 = CARTESIAN_POINT('',(-14.99999987016,68.042581626428,
    65.446076925669));
#1652 = VECTOR('',#1653,1.);
#1653 = DIRECTION('',(0.,0.62930929065,0.777154950252));
#1654 = ORIENTED_EDGE('',*,*,#1616,.F.);
#1655 = PLANE('',#1656);
#1656 = AXIS2_PLACEMENT_3D('',#1657,#1658,#1659);
#1657 = CARTESIAN_POINT('',(-21.49999987016,69.639942016852,
    67.418710340111));
#1658 = DIRECTION('',(0.,0.777154950252,-0.62930929065));
#1659 = DIRECTION('',(0.,0.62930929065,0.777154950252));
#1660 = ADVANCED_FACE('',(#1661),#1685,.T.);
#1661 = FACE_BOUND('',#1662,.T.);
#1662 = EDGE_LOOP('',(#1663,#1673,#1679));
#1663 = ORIENTED_EDGE('',*,*,#1664,.T.);
#1664 = EDGE_CURVE('',#1665,#1667,#1669,.T.);
#1665 = VERTEX_POINT('',#1666);
#1666 = CARTESIAN_POINT('',(-14.99999987016,12.088900540011,
    72.848126885804));
#1667 = VERTEX_POINT('',#1668);
#1668 = CARTESIAN_POINT('',(1.29834290874E-07,-6.999878177391,
    69.098307834347));
#1669 = LINE('',#1670,#1671);
#1670 = CARTESIAN_POINT('',(-14.99999987016,12.088900540011,
    72.848126885803));
#1671 = VECTOR('',#1672,1.);
#1672 = DIRECTION('',(0.610623157185,-0.777070021815,-0.152648423205));
#1673 = ORIENTED_EDGE('',*,*,#1674,.T.);
#1674 = EDGE_CURVE('',#1667,#1586,#1675,.T.);
#1675 = LINE('',#1676,#1677);
#1676 = CARTESIAN_POINT('',(1.298342979794E-07,-6.99987817739,
    69.098307834347));
#1677 = VECTOR('',#1678,1.);
#1678 = DIRECTION('',(-0.214478658394,0.965261139422,-0.149230820592));
#1679 = ORIENTED_EDGE('',*,*,#1680,.T.);
#1680 = EDGE_CURVE('',#1586,#1665,#1681,.T.);
#1681 = LINE('',#1682,#1683);
#1682 = CARTESIAN_POINT('',(-14.99999987016,60.507617438861,
    58.661547712651));
#1683 = VECTOR('',#1684,1.);
#1684 = DIRECTION('',(0.,-0.959655896171,0.281177098899));
#1685 = PLANE('',#1686);
#1686 = AXIS2_PLACEMENT_3D('',#1687,#1688,#1689);
#1687 = CARTESIAN_POINT('',(-10.11048829561,25.973292762582,
    65.734584759219));
#1688 = DIRECTION('',(0.513058696147,0.241349354059,0.823724021505));
#1689 = DIRECTION('',(-0.850242623539,0.274511650671,0.449144558871));
#1690 = ADVANCED_FACE('',(#1691),#1708,.T.);
#1691 = FACE_BOUND('',#1692,.T.);
#1692 = EDGE_LOOP('',(#1693,#1701,#1707));
#1693 = ORIENTED_EDGE('',*,*,#1694,.T.);
#1694 = EDGE_CURVE('',#1665,#1695,#1697,.T.);
#1695 = VERTEX_POINT('',#1696);
#1696 = CARTESIAN_POINT('',(-14.99999987016,-12.3069048902,
    78.172211081371));
#1697 = LINE('',#1698,#1699);
#1698 = CARTESIAN_POINT('',(-14.99999987016,12.088900540011,
    72.848126885803));
#1699 = VECTOR('',#1700,1.);
#1700 = DIRECTION('',(0.,-0.977004391542,0.21321918044));
#1701 = ORIENTED_EDGE('',*,*,#1702,.T.);
#1702 = EDGE_CURVE('',#1695,#1667,#1703,.T.);
#1703 = LINE('',#1704,#1705);
#1704 = CARTESIAN_POINT('',(-14.99999987016,-12.3069048902,
    78.172211081371));
#1705 = VECTOR('',#1706,1.);
#1706 = DIRECTION('',(0.81892632728,0.28973759298,-0.495390550679));
#1707 = ORIENTED_EDGE('',*,*,#1664,.F.);
#1708 = PLANE('',#1709);
#1709 = AXIS2_PLACEMENT_3D('',#1710,#1711,#1712);
#1710 = CARTESIAN_POINT('',(-10.2600623507,-1.724843591561,
    73.361475091027));
#1711 = DIRECTION('',(0.458256761079,0.189513441796,0.868380905078));
#1712 = DIRECTION('',(-0.877809703667,0.249802325708,0.408716187859));
#1713 = ADVANCED_FACE('',(#1714),#1731,.T.);
#1714 = FACE_BOUND('',#1715,.T.);
#1715 = EDGE_LOOP('',(#1716,#1724,#1725));
#1716 = ORIENTED_EDGE('',*,*,#1717,.T.);
#1717 = EDGE_CURVE('',#1718,#1667,#1720,.T.);
#1718 = VERTEX_POINT('',#1719);
#1719 = CARTESIAN_POINT('',(-14.99999987016,-10.00214063971,
    73.648906443604));
#1720 = LINE('',#1721,#1722);
#1721 = CARTESIAN_POINT('',(-14.99999987016,-10.00214063971,
    73.648906443604));
#1722 = VECTOR('',#1723,1.);
#1723 = DIRECTION('',(0.939849757637,0.188111709839,-0.285125266667));
#1724 = ORIENTED_EDGE('',*,*,#1702,.F.);
#1725 = ORIENTED_EDGE('',*,*,#1726,.F.);
#1726 = EDGE_CURVE('',#1718,#1695,#1727,.T.);
#1727 = LINE('',#1728,#1729);
#1728 = CARTESIAN_POINT('',(-14.99999987016,-10.00214063971,
    73.648906443604));
#1729 = VECTOR('',#1730,1.);
#1730 = DIRECTION('',(0.,-0.453994475227,0.891004498565));
#1731 = PLANE('',#1732);
#1732 = AXIS2_PLACEMENT_3D('',#1733,#1734,#1735);
#1733 = CARTESIAN_POINT('',(-8.467511206107,-9.379683329423,
    73.011548039827));
#1734 = DIRECTION('',(4.057208147381E-02,-0.890270858042,-0.453620662587
    ));
#1735 = DIRECTION('',(0.,-0.453994475227,0.891004498565));
#1736 = ADVANCED_FACE('',(#1737),#1762,.T.);
#1737 = FACE_BOUND('',#1738,.T.);
#1738 = EDGE_LOOP('',(#1739,#1740,#1748,#1756));
#1739 = ORIENTED_EDGE('',*,*,#1301,.T.);
#1740 = ORIENTED_EDGE('',*,*,#1741,.T.);
#1741 = EDGE_CURVE('',#1294,#1742,#1744,.T.);
#1742 = VERTEX_POINT('',#1743);
#1743 = CARTESIAN_POINT('',(-14.99999987016,-16.23421230421,
    92.829311968667));
#1744 = LINE('',#1745,#1746);
#1745 = CARTESIAN_POINT('',(-27.99999987016,-16.23421230421,
    92.829311968667));
#1746 = VECTOR('',#1747,1.);
#1747 = DIRECTION('',(1.,0.,0.));
#1748 = ORIENTED_EDGE('',*,*,#1749,.T.);
#1749 = EDGE_CURVE('',#1742,#1750,#1752,.T.);
#1750 = VERTEX_POINT('',#1751);
#1751 = CARTESIAN_POINT('',(-14.99999987016,-16.49998432652,
    97.899009708509));
#1752 = LINE('',#1753,#1754);
#1753 = CARTESIAN_POINT('',(-14.99999987016,-16.23421230421,
    92.829311968667));
#1754 = VECTOR('',#1755,1.);
#1755 = DIRECTION('',(0.,-5.235175439036E-02,0.998628706683));
#1756 = ORIENTED_EDGE('',*,*,#1757,.F.);
#1757 = EDGE_CURVE('',#1302,#1750,#1758,.T.);
#1758 = LINE('',#1759,#1760);
#1759 = CARTESIAN_POINT('',(-27.99999987016,-16.49998432652,
    97.899009708508));
#1760 = VECTOR('',#1761,1.);
#1761 = DIRECTION('',(1.,0.,0.));
#1762 = PLANE('',#1763);
#1763 = AXIS2_PLACEMENT_3D('',#1764,#1765,#1766);
#1764 = CARTESIAN_POINT('',(-21.49999987016,-16.36709831537,
    95.364160838588));
#1765 = DIRECTION('',(0.,-0.998628706683,-5.235175439036E-02));
#1766 = DIRECTION('',(0.,5.235175439036E-02,-0.998628706683));
#1767 = ADVANCED_FACE('',(#1768),#1786,.T.);
#1768 = FACE_BOUND('',#1769,.T.);
#1769 = EDGE_LOOP('',(#1770,#1771,#1772,#1780));
#1770 = ORIENTED_EDGE('',*,*,#1741,.F.);
#1771 = ORIENTED_EDGE('',*,*,#1293,.F.);
#1772 = ORIENTED_EDGE('',*,*,#1773,.T.);
#1773 = EDGE_CURVE('',#1286,#1774,#1776,.T.);
#1774 = VERTEX_POINT('',#1775);
#1775 = CARTESIAN_POINT('',(-14.99999987016,-15.44003244883,
    87.815206870627));
#1776 = LINE('',#1777,#1778);
#1777 = CARTESIAN_POINT('',(-27.99999987016,-15.44003244883,
    87.815206870626));
#1778 = VECTOR('',#1779,1.);
#1779 = DIRECTION('',(1.,0.,0.));
#1780 = ORIENTED_EDGE('',*,*,#1781,.T.);
#1781 = EDGE_CURVE('',#1774,#1742,#1782,.T.);
#1782 = LINE('',#1783,#1784);
#1783 = CARTESIAN_POINT('',(-14.99999987016,-15.44003244883,
    87.815206870626));
#1784 = VECTOR('',#1785,1.);
#1785 = DIRECTION('',(0.,-0.156439004986,0.987687621528));
#1786 = PLANE('',#1787);
#1787 = AXIS2_PLACEMENT_3D('',#1788,#1789,#1790);
#1788 = CARTESIAN_POINT('',(-21.49999987016,-15.83712237652,
    90.322259419647));
#1789 = DIRECTION('',(0.,-0.987687621528,-0.156439004986));
#1790 = DIRECTION('',(0.,0.156439004986,-0.987687621528));
#1791 = ADVANCED_FACE('',(#1792),#1810,.T.);
#1792 = FACE_BOUND('',#1793,.T.);
#1793 = EDGE_LOOP('',(#1794,#1795,#1796,#1804));
#1794 = ORIENTED_EDGE('',*,*,#1773,.F.);
#1795 = ORIENTED_EDGE('',*,*,#1285,.T.);
#1796 = ORIENTED_EDGE('',*,*,#1797,.F.);
#1797 = EDGE_CURVE('',#1798,#1278,#1800,.T.);
#1798 = VERTEX_POINT('',#1799);
#1799 = CARTESIAN_POINT('',(-14.99999987016,-14.12618351745,
    82.911679577537));
#1800 = LINE('',#1801,#1802);
#1801 = CARTESIAN_POINT('',(-14.99999987016,-14.12618351744,
    82.911679577537));
#1802 = VECTOR('',#1803,1.);
#1803 = DIRECTION('',(-1.,-0.,0.));
#1804 = ORIENTED_EDGE('',*,*,#1805,.F.);
#1805 = EDGE_CURVE('',#1774,#1798,#1806,.T.);
#1806 = LINE('',#1807,#1808);
#1807 = CARTESIAN_POINT('',(-14.99999987016,-15.44003244883,
    87.815206870626));
#1808 = VECTOR('',#1809,1.);
#1809 = DIRECTION('',(0.,0.258810361553,-0.965928152997));
#1810 = PLANE('',#1811);
#1811 = AXIS2_PLACEMENT_3D('',#1812,#1813,#1814);
#1812 = CARTESIAN_POINT('',(-21.49999987016,-14.78310798314,
    85.363443224082));
#1813 = DIRECTION('',(0.,-0.965928152997,-0.258810361553));
#1814 = DIRECTION('',(0.,-0.258810361553,0.965928152997));
#1815 = ADVANCED_FACE('',(#1816),#1832,.T.);
#1816 = FACE_BOUND('',#1817,.T.);
#1817 = EDGE_LOOP('',(#1818,#1824,#1830,#1831));
#1818 = ORIENTED_EDGE('',*,*,#1819,.F.);
#1819 = EDGE_CURVE('',#1695,#1270,#1820,.T.);
#1820 = LINE('',#1821,#1822);
#1821 = CARTESIAN_POINT('',(-14.99999987016,-12.3069048902,
    78.172211081371));
#1822 = VECTOR('',#1823,1.);
#1823 = DIRECTION('',(-1.,-0.,0.));
#1824 = ORIENTED_EDGE('',*,*,#1825,.T.);
#1825 = EDGE_CURVE('',#1695,#1798,#1826,.T.);
#1826 = LINE('',#1827,#1828);
#1827 = CARTESIAN_POINT('',(-14.99999987016,-12.3069048902,
    78.172211081371));
#1828 = VECTOR('',#1829,1.);
#1829 = DIRECTION('',(0.,-0.358362305707,0.933582592944));
#1830 = ORIENTED_EDGE('',*,*,#1797,.T.);
#1831 = ORIENTED_EDGE('',*,*,#1277,.F.);
#1832 = PLANE('',#1833);
#1833 = AXIS2_PLACEMENT_3D('',#1834,#1835,#1836);
#1834 = CARTESIAN_POINT('',(-21.49999987016,-13.21654420382,
    80.541945329454));
#1835 = DIRECTION('',(0.,-0.933582592944,-0.358362305707));
#1836 = DIRECTION('',(0.,-0.358362305707,0.933582592944));
#1837 = ADVANCED_FACE('',(#1838),#1849,.T.);
#1838 = FACE_BOUND('',#1839,.T.);
#1839 = EDGE_LOOP('',(#1840,#1841,#1842,#1848));
#1840 = ORIENTED_EDGE('',*,*,#1819,.T.);
#1841 = ORIENTED_EDGE('',*,*,#1269,.F.);
#1842 = ORIENTED_EDGE('',*,*,#1843,.T.);
#1843 = EDGE_CURVE('',#1262,#1718,#1844,.T.);
#1844 = LINE('',#1845,#1846);
#1845 = CARTESIAN_POINT('',(-27.99999987016,-10.00214063971,
    73.648906443604));
#1846 = VECTOR('',#1847,1.);
#1847 = DIRECTION('',(1.,0.,0.));
#1848 = ORIENTED_EDGE('',*,*,#1726,.T.);
#1849 = PLANE('',#1850);
#1850 = AXIS2_PLACEMENT_3D('',#1851,#1852,#1853);
#1851 = CARTESIAN_POINT('',(-21.49999987016,-11.15452276496,
    75.910558762487));
#1852 = DIRECTION('',(0.,-0.891004498565,-0.453994475227));
#1853 = DIRECTION('',(0.,-0.453994475227,0.891004498565));
#1854 = ADVANCED_FACE('',(#1855),#1872,.T.);
#1855 = FACE_BOUND('',#1856,.T.);
#1856 = EDGE_LOOP('',(#1857,#1865,#1866));
#1857 = ORIENTED_EDGE('',*,*,#1858,.F.);
#1858 = EDGE_CURVE('',#1586,#1859,#1861,.T.);
#1859 = VERTEX_POINT('',#1860);
#1860 = CARTESIAN_POINT('',(1.298342624523E-07,9.999920262726,
    54.750354588065));
#1861 = LINE('',#1862,#1863);
#1862 = CARTESIAN_POINT('',(-14.99999987016,60.507617438861,
    58.661547712651));
#1863 = VECTOR('',#1864,1.);
#1864 = DIRECTION('',(0.283913513184,-0.955987849873,-7.402937204945E-02
    ));
#1865 = ORIENTED_EDGE('',*,*,#1674,.F.);
#1866 = ORIENTED_EDGE('',*,*,#1867,.T.);
#1867 = EDGE_CURVE('',#1667,#1859,#1868,.T.);
#1868 = LINE('',#1869,#1870);
#1869 = CARTESIAN_POINT('',(1.298342979794E-07,-6.99987817739,
    69.098307834347));
#1870 = VECTOR('',#1871,1.);
#1871 = DIRECTION('',(0.,0.764194579625,-0.644985770752));
#1872 = PLANE('',#1873);
#1873 = AXIS2_PLACEMENT_3D('',#1874,#1875,#1876);
#1874 = CARTESIAN_POINT('',(-6.349498971434,25.976666998436,
    60.96626734671));
#1875 = DIRECTION('',(0.921403702013,0.250645833937,0.29697118353));
#1876 = DIRECTION('',(0.384772836116,-0.481348195475,-0.787561920931));
#1877 = ADVANCED_FACE('',(#1878),#1895,.T.);
#1878 = FACE_BOUND('',#1879,.T.);
#1879 = EDGE_LOOP('',(#1880,#1888,#1889));
#1880 = ORIENTED_EDGE('',*,*,#1881,.T.);
#1881 = EDGE_CURVE('',#1882,#1667,#1884,.T.);
#1882 = VERTEX_POINT('',#1883);
#1883 = CARTESIAN_POINT('',(-14.99999987016,-7.237359645536,
    69.391381631621));
#1884 = LINE('',#1885,#1886);
#1885 = CARTESIAN_POINT('',(-14.99999987016,-7.237359645535,
    69.391381631621));
#1886 = VECTOR('',#1887,1.);
#1887 = DIRECTION('',(0.999683950564,1.582709415079E-02,
    -1.95320780977E-02));
#1888 = ORIENTED_EDGE('',*,*,#1717,.F.);
#1889 = ORIENTED_EDGE('',*,*,#1890,.T.);
#1890 = EDGE_CURVE('',#1718,#1882,#1891,.T.);
#1891 = LINE('',#1892,#1893);
#1892 = CARTESIAN_POINT('',(-14.99999987016,-10.00214063971,
    73.648906443604));
#1893 = VECTOR('',#1894,1.);
#1894 = DIRECTION('',(0.,0.544626849499,-0.838678481186));
#1895 = PLANE('',#1896);
#1896 = AXIS2_PLACEMENT_3D('',#1897,#1898,#1899);
#1897 = CARTESIAN_POINT('',(-8.556388230996,-7.942214895105,
    70.50799683729));
#1898 = DIRECTION('',(2.63697337399E-03,-0.838675565252,-0.544624955929)
  );
#1899 = DIRECTION('',(2.168404344971E-19,-0.544626849499,0.838678481186)
  );
#1900 = ADVANCED_FACE('',(#1901),#1918,.T.);
#1901 = FACE_BOUND('',#1902,.T.);
#1902 = EDGE_LOOP('',(#1903,#1911,#1912));
#1903 = ORIENTED_EDGE('',*,*,#1904,.F.);
#1904 = EDGE_CURVE('',#1667,#1905,#1907,.T.);
#1905 = VERTEX_POINT('',#1906);
#1906 = CARTESIAN_POINT('',(1.29834290874E-07,-4.042518038807,
    65.446129377615));
#1907 = LINE('',#1908,#1909);
#1908 = CARTESIAN_POINT('',(1.298342979794E-07,-6.99987817739,
    69.098307834347));
#1909 = VECTOR('',#1910,1.);
#1910 = DIRECTION('',(0.,0.629305526328,-0.777157998436));
#1911 = ORIENTED_EDGE('',*,*,#1881,.F.);
#1912 = ORIENTED_EDGE('',*,*,#1913,.T.);
#1913 = EDGE_CURVE('',#1882,#1905,#1914,.T.);
#1914 = LINE('',#1915,#1916);
#1915 = CARTESIAN_POINT('',(-14.99999987016,-7.237359645535,
    69.391381631621));
#1916 = VECTOR('',#1917,1.);
#1917 = DIRECTION('',(0.947221861398,0.20174825424,-0.249135278915));
#1918 = PLANE('',#1919);
#1919 = AXIS2_PLACEMENT_3D('',#1920,#1921,#1922);
#1920 = CARTESIAN_POINT('',(-6.508283717583,-6.248527656772,
    68.170342906206));
#1921 = DIRECTION('',(8.51081357913E-06,-0.777157998408,-0.629305526305)
  );
#1922 = DIRECTION('',(0.,-0.629305526328,0.777157998436));
#1923 = ADVANCED_FACE('',(#1924),#1941,.T.);
#1924 = FACE_BOUND('',#1925,.T.);
#1925 = EDGE_LOOP('',(#1926,#1934,#1935));
#1926 = ORIENTED_EDGE('',*,*,#1927,.T.);
#1927 = EDGE_CURVE('',#1928,#1254,#1930,.T.);
#1928 = VERTEX_POINT('',#1929);
#1929 = CARTESIAN_POINT('',(-14.99999987016,-4.042518038807,
    65.446129377615));
#1930 = LINE('',#1931,#1932);
#1931 = CARTESIAN_POINT('',(-14.99999987016,-4.042518038806,
    65.446129377614));
#1932 = VECTOR('',#1933,1.);
#1933 = DIRECTION('',(-0.931493993756,-0.228921212898,0.282690675266));
#1934 = ORIENTED_EDGE('',*,*,#1253,.T.);
#1935 = ORIENTED_EDGE('',*,*,#1936,.F.);
#1936 = EDGE_CURVE('',#1928,#1246,#1937,.T.);
#1937 = LINE('',#1938,#1939);
#1938 = CARTESIAN_POINT('',(-14.99999987016,-4.042518038806,
    65.446129377614));
#1939 = VECTOR('',#1940,1.);
#1940 = DIRECTION('',(-0.940439260218,-0.213939813918,0.264204000464));
#1941 = PLANE('',#1942);
#1942 = AXIS2_PLACEMENT_3D('',#1943,#1944,#1945);
#1943 = CARTESIAN_POINT('',(-21.58708011341,-5.601453583943,
    67.371278106926));
#1944 = DIRECTION('',(-1.223418155764E-04,-0.776944968933,
    -0.629568503248));
#1945 = DIRECTION('',(-6.776263578034E-21,-0.629568507959,0.776944974748
    ));
#1946 = ADVANCED_FACE('',(#1947),#1963,.T.);
#1947 = FACE_BOUND('',#1948,.T.);
#1948 = EDGE_LOOP('',(#1949,#1950,#1956,#1957));
#1949 = ORIENTED_EDGE('',*,*,#1927,.F.);
#1950 = ORIENTED_EDGE('',*,*,#1951,.F.);
#1951 = EDGE_CURVE('',#1905,#1928,#1952,.T.);
#1952 = LINE('',#1953,#1954);
#1953 = CARTESIAN_POINT('',(1.298342979794E-07,-4.042518038806,
    65.446129377614));
#1954 = VECTOR('',#1955,1.);
#1955 = DIRECTION('',(-1.,-0.,0.));
#1956 = ORIENTED_EDGE('',*,*,#1913,.F.);
#1957 = ORIENTED_EDGE('',*,*,#1958,.F.);
#1958 = EDGE_CURVE('',#1254,#1882,#1959,.T.);
#1959 = LINE('',#1960,#1961);
#1960 = CARTESIAN_POINT('',(-27.99999987016,-7.237359645535,
    69.391381631621));
#1961 = VECTOR('',#1962,1.);
#1962 = DIRECTION('',(1.,0.,0.));
#1963 = PLANE('',#1964);
#1964 = AXIS2_PLACEMENT_3D('',#1965,#1966,#1967);
#1965 = CARTESIAN_POINT('',(-14.03007282012,-5.584656978758,
    67.350488928968));
#1966 = DIRECTION('',(0.,-0.777142172977,-0.629325069404));
#1967 = DIRECTION('',(0.,-0.629325069404,0.777142172977));
#1968 = ADVANCED_FACE('',(#1969),#1986,.T.);
#1969 = FACE_BOUND('',#1970,.T.);
#1970 = EDGE_LOOP('',(#1971,#1972,#1980));
#1971 = ORIENTED_EDGE('',*,*,#1936,.T.);
#1972 = ORIENTED_EDGE('',*,*,#1973,.F.);
#1973 = EDGE_CURVE('',#1974,#1246,#1976,.T.);
#1974 = VERTEX_POINT('',#1975);
#1975 = CARTESIAN_POINT('',(-14.99999987016,-0.452726335685,
    61.856353821343));
#1976 = LINE('',#1977,#1978);
#1977 = CARTESIAN_POINT('',(-14.99999987016,-0.452726335684,
    61.856353821343));
#1978 = VECTOR('',#1979,1.);
#1979 = DIRECTION('',(-0.799623695486,-0.402712134659,0.445449079263));
#1980 = ORIENTED_EDGE('',*,*,#1981,.T.);
#1981 = EDGE_CURVE('',#1974,#1928,#1982,.T.);
#1982 = LINE('',#1983,#1984);
#1983 = CARTESIAN_POINT('',(-14.99999987016,-0.452726335684,
    61.856353821343));
#1984 = VECTOR('',#1985,1.);
#1985 = DIRECTION('',(0.,-0.707108371468,0.707105190901));
#1986 = PLANE('',#1987);
#1987 = AXIS2_PLACEMENT_3D('',#1988,#1989,#1990);
#1988 = CARTESIAN_POINT('',(-20.56140921574,-4.218501400864,
    65.919361414785));
#1989 = DIRECTION('',(-3.77669795165E-02,-0.706600723065,-0.706603901363
    ));
#1990 = DIRECTION('',(0.,-0.707108371468,0.707105190901));
#1991 = ADVANCED_FACE('',(#1992),#2002,.T.);
#1992 = FACE_BOUND('',#1993,.T.);
#1993 = EDGE_LOOP('',(#1994,#1995,#2001));
#1994 = ORIENTED_EDGE('',*,*,#1245,.T.);
#1995 = ORIENTED_EDGE('',*,*,#1996,.T.);
#1996 = EDGE_CURVE('',#1238,#1974,#1997,.T.);
#1997 = LINE('',#1998,#1999);
#1998 = CARTESIAN_POINT('',(-27.99999987016,9.999920262727,
    54.750354588065));
#1999 = VECTOR('',#2000,1.);
#2000 = DIRECTION('',(0.71698234151,-0.576489464085,0.39191353608));
#2001 = ORIENTED_EDGE('',*,*,#1973,.T.);
#2002 = PLANE('',#2003);
#2003 = AXIS2_PLACEMENT_3D('',#2004,#2005,#2006);
#2004 = CARTESIAN_POINT('',(-24.0531216408,1.047775738658,
    61.785008101097));
#2005 = DIRECTION('',(-0.100370737129,-0.641728661528,-0.760335478655));
#2006 = DIRECTION('',(-1.734723475977E-18,-0.764194579625,0.644985770752
    ));
#2007 = ADVANCED_FACE('',(#2008),#2025,.T.);
#2008 = FACE_BOUND('',#2009,.T.);
#2009 = EDGE_LOOP('',(#2010,#2018,#2019));
#2010 = ORIENTED_EDGE('',*,*,#2011,.T.);
#2011 = EDGE_CURVE('',#2012,#1974,#2014,.T.);
#2012 = VERTEX_POINT('',#2013);
#2013 = CARTESIAN_POINT('',(-14.99999987016,3.492435543111,
    58.661697184705));
#2014 = LINE('',#2015,#2016);
#2015 = CARTESIAN_POINT('',(-14.99999987016,3.492435543112,
    58.661697184704));
#2016 = VECTOR('',#2017,1.);
#2017 = DIRECTION('',(0.,-0.777152942471,0.629311770118));
#2018 = ORIENTED_EDGE('',*,*,#1996,.F.);
#2019 = ORIENTED_EDGE('',*,*,#2020,.F.);
#2020 = EDGE_CURVE('',#2012,#1238,#2021,.T.);
#2021 = LINE('',#2022,#2023);
#2022 = CARTESIAN_POINT('',(-14.99999987016,3.492435543112,
    58.661697184704));
#2023 = VECTOR('',#2024,1.);
#2024 = DIRECTION('',(-0.863513959841,0.432254146064,-0.259807610301));
#2025 = PLANE('',#2026);
#2026 = AXIS2_PLACEMENT_3D('',#2027,#2028,#2029);
#2027 = CARTESIAN_POINT('',(-20.63762599812,5.118040393916,
    57.934337897085));
#2028 = DIRECTION('',(-8.092793459644E-02,-0.627247599416,
    -0.774603846123));
#2029 = DIRECTION('',(0.,-0.777152942471,0.629311770118));
#2030 = ADVANCED_FACE('',(#2031),#2048,.T.);
#2031 = FACE_BOUND('',#2032,.T.);
#2032 = EDGE_LOOP('',(#2033,#2034,#2042));
#2033 = ORIENTED_EDGE('',*,*,#2020,.T.);
#2034 = ORIENTED_EDGE('',*,*,#2035,.F.);
#2035 = EDGE_CURVE('',#2036,#1238,#2038,.T.);
#2036 = VERTEX_POINT('',#2037);
#2037 = CARTESIAN_POINT('',(-14.99999987016,7.749998821494,
    55.89671911581));
#2038 = LINE('',#2039,#2040);
#2039 = CARTESIAN_POINT('',(-14.99999987016,7.749998821495,
    55.896719115809));
#2040 = VECTOR('',#2041,1.);
#2041 = DIRECTION('',(-0.981652784858,0.169895511423,-8.656399470175E-02
    ));
#2042 = ORIENTED_EDGE('',*,*,#2043,.T.);
#2043 = EDGE_CURVE('',#2036,#2012,#2044,.T.);
#2044 = LINE('',#2045,#2046);
#2045 = CARTESIAN_POINT('',(-14.99999987016,7.749998821495,
    55.896719115809));
#2046 = VECTOR('',#2047,1.);
#2047 = DIRECTION('',(0.,-0.838662996621,0.544650693655));
#2048 = PLANE('',#2049);
#2049 = AXIS2_PLACEMENT_3D('',#2050,#2051,#2052);
#2050 = CARTESIAN_POINT('',(-20.51127778286,7.419761469416,
    56.244640308774));
#2051 = DIRECTION('',(-2.030410296129E-02,-0.544538414161,
    -0.838490106624));
#2052 = DIRECTION('',(-1.084202172486E-19,-0.838662996621,0.544650693655
    ));
#2053 = ADVANCED_FACE('',(#2054),#2079,.T.);
#2054 = FACE_BOUND('',#2055,.T.);
#2055 = EDGE_LOOP('',(#2056,#2066,#2072,#2073));
#2056 = ORIENTED_EDGE('',*,*,#2057,.F.);
#2057 = EDGE_CURVE('',#2058,#2060,#2062,.T.);
#2058 = VERTEX_POINT('',#2059);
#2059 = CARTESIAN_POINT('',(-22.99999987016,51.726683892274,
    53.592066090692));
#2060 = VERTEX_POINT('',#2061);
#2061 = CARTESIAN_POINT('',(-22.99999987016,56.250029004167,
    55.896662621635));
#2062 = LINE('',#2063,#2064);
#2063 = CARTESIAN_POINT('',(-22.99999987016,51.726683892276,
    53.592066090692));
#2064 = VECTOR('',#2065,1.);
#2065 = DIRECTION('',(0.,0.891019505496,0.453965021588));
#2066 = ORIENTED_EDGE('',*,*,#2067,.T.);
#2067 = EDGE_CURVE('',#2058,#1166,#2068,.T.);
#2068 = LINE('',#2069,#2070);
#2069 = CARTESIAN_POINT('',(-22.99999987016,51.726683892276,
    53.592066090692));
#2070 = VECTOR('',#2071,1.);
#2071 = DIRECTION('',(-1.,-0.,0.));
#2072 = ORIENTED_EDGE('',*,*,#1165,.T.);
#2073 = ORIENTED_EDGE('',*,*,#2074,.T.);
#2074 = EDGE_CURVE('',#1158,#2060,#2075,.T.);
#2075 = LINE('',#2076,#2077);
#2076 = CARTESIAN_POINT('',(-27.99999987016,56.250029004168,
    55.896662621636));
#2077 = VECTOR('',#2078,1.);
#2078 = DIRECTION('',(1.,0.,0.));
#2079 = PLANE('',#2080);
#2080 = AXIS2_PLACEMENT_3D('',#2081,#2082,#2083);
#2081 = CARTESIAN_POINT('',(-25.49999987016,53.988356448221,
    54.744364356164));
#2082 = DIRECTION('',(0.,0.453965021588,-0.891019505496));
#2083 = DIRECTION('',(0.,0.891019505496,0.453965021588));
#2084 = ADVANCED_FACE('',(#2085),#2100,.T.);
#2085 = FACE_BOUND('',#2086,.T.);
#2086 = EDGE_LOOP('',(#2087,#2093,#2094));
#2087 = ORIENTED_EDGE('',*,*,#2088,.T.);
#2088 = EDGE_CURVE('',#1586,#2058,#2089,.T.);
#2089 = LINE('',#2090,#2091);
#2090 = CARTESIAN_POINT('',(-14.99999987016,60.507617438861,
    58.661547712651));
#2091 = VECTOR('',#2092,1.);
#2092 = DIRECTION('',(-0.619421373004,-0.679887239211,-0.392518158337));
#2093 = ORIENTED_EDGE('',*,*,#2057,.T.);
#2094 = ORIENTED_EDGE('',*,*,#2095,.T.);
#2095 = EDGE_CURVE('',#2060,#1586,#2096,.T.);
#2096 = LINE('',#2097,#2098);
#2097 = CARTESIAN_POINT('',(-22.99999987016,56.250029004168,
    55.896662621636));
#2098 = VECTOR('',#2099,1.);
#2099 = DIRECTION('',(0.844345874989,0.449359654029,0.291814915177));
#2100 = PLANE('',#2101);
#2101 = AXIS2_PLACEMENT_3D('',#2102,#2103,#2104);
#2102 = CARTESIAN_POINT('',(-19.73930987495,56.5038684273,
    56.268785680153));
#2103 = DIRECTION('',(6.620074787159E-02,0.45296916959,-0.889064897734)
  );
#2104 = DIRECTION('',(-1.040834085586E-17,0.891019505496,0.453965021588)
  );
#2105 = ADVANCED_FACE('',(#2106),#2124,.T.);
#2106 = FACE_BOUND('',#2107,.T.);
#2107 = EDGE_LOOP('',(#2108,#2109,#2117,#2123));
#2108 = ORIENTED_EDGE('',*,*,#2067,.F.);
#2109 = ORIENTED_EDGE('',*,*,#2110,.F.);
#2110 = EDGE_CURVE('',#2111,#2058,#2113,.T.);
#2111 = VERTEX_POINT('',#2112);
#2112 = CARTESIAN_POINT('',(-22.99999987016,46.987423589777,
    51.772660218028));
#2113 = LINE('',#2114,#2115);
#2114 = CARTESIAN_POINT('',(-22.99999987016,46.987423589777,
    51.772660218028));
#2115 = VECTOR('',#2116,1.);
#2116 = DIRECTION('',(0.,0.933568939487,0.358397872795));
#2117 = ORIENTED_EDGE('',*,*,#2118,.F.);
#2118 = EDGE_CURVE('',#1174,#2111,#2119,.T.);
#2119 = LINE('',#2120,#2121);
#2120 = CARTESIAN_POINT('',(-27.99999987016,46.987423589777,
    51.772660218028));
#2121 = VECTOR('',#2122,1.);
#2122 = DIRECTION('',(1.,0.,0.));
#2123 = ORIENTED_EDGE('',*,*,#1173,.F.);
#2124 = PLANE('',#2125);
#2125 = AXIS2_PLACEMENT_3D('',#2126,#2127,#2128);
#2126 = CARTESIAN_POINT('',(-25.49999987016,49.357053741026,
    52.68236315436));
#2127 = DIRECTION('',(0.,0.358397872795,-0.933568939487));
#2128 = DIRECTION('',(0.,0.933568939487,0.358397872795));
#2129 = ADVANCED_FACE('',(#2130),#2155,.T.);
#2130 = FACE_BOUND('',#2131,.T.);
#2131 = EDGE_LOOP('',(#2132,#2142,#2148,#2149));
#2132 = ORIENTED_EDGE('',*,*,#2133,.F.);
#2133 = EDGE_CURVE('',#2134,#2136,#2138,.T.);
#2134 = VERTEX_POINT('',#2135);
#2135 = CARTESIAN_POINT('',(-22.99999987016,26.930351139423,
    49.664600768336));
#2136 = VERTEX_POINT('',#2137);
#2137 = CARTESIAN_POINT('',(-22.99999987016,32.000093980304,
    49.398860262204));
#2138 = LINE('',#2139,#2140);
#2139 = CARTESIAN_POINT('',(-22.99999987016,26.930351139425,
    49.664600768336));
#2140 = VECTOR('',#2141,1.);
#2141 = DIRECTION('',(0.,0.998629055564,-5.234509895129E-02));
#2142 = ORIENTED_EDGE('',*,*,#2143,.F.);
#2143 = EDGE_CURVE('',#1206,#2134,#2144,.T.);
#2144 = LINE('',#2145,#2146);
#2145 = CARTESIAN_POINT('',(-27.99999987016,26.930351139425,
    49.664600768336));
#2146 = VECTOR('',#2147,1.);
#2147 = DIRECTION('',(1.,0.,0.));
#2148 = ORIENTED_EDGE('',*,*,#1205,.F.);
#2149 = ORIENTED_EDGE('',*,*,#2150,.T.);
#2150 = EDGE_CURVE('',#1198,#2136,#2151,.T.);
#2151 = LINE('',#2152,#2153);
#2152 = CARTESIAN_POINT('',(-27.99999987016,32.000093980304,
    49.398860262204));
#2153 = VECTOR('',#2154,1.);
#2154 = DIRECTION('',(1.,0.,0.));
#2155 = PLANE('',#2156);
#2156 = AXIS2_PLACEMENT_3D('',#2157,#2158,#2159);
#2157 = CARTESIAN_POINT('',(-25.49999987016,29.465222559864,
    49.531730515271));
#2158 = DIRECTION('',(0.,-5.234509895129E-02,-0.998629055564));
#2159 = DIRECTION('',(0.,-0.998629055564,5.234509895129E-02));
#2160 = ADVANCED_FACE('',(#2161),#2179,.T.);
#2161 = FACE_BOUND('',#2162,.T.);
#2162 = EDGE_LOOP('',(#2163,#2171,#2177,#2178));
#2163 = ORIENTED_EDGE('',*,*,#2164,.F.);
#2164 = EDGE_CURVE('',#2165,#1190,#2167,.T.);
#2165 = VERTEX_POINT('',#2166);
#2166 = CARTESIAN_POINT('',(-22.99999987016,37.069623479103,
    49.664590957135));
#2167 = LINE('',#2168,#2169);
#2168 = CARTESIAN_POINT('',(-22.99999987016,37.069623479105,
    49.664590957134));
#2169 = VECTOR('',#2170,1.);
#2170 = DIRECTION('',(-1.,-0.,0.));
#2171 = ORIENTED_EDGE('',*,*,#2172,.F.);
#2172 = EDGE_CURVE('',#2136,#2165,#2173,.T.);
#2173 = LINE('',#2174,#2175);
#2174 = CARTESIAN_POINT('',(-22.99999987016,32.000093980304,
    49.398860262204));
#2175 = VECTOR('',#2176,1.);
#2176 = DIRECTION('',(0.,0.998629041441,5.234536838623E-02));
#2177 = ORIENTED_EDGE('',*,*,#2150,.F.);
#2178 = ORIENTED_EDGE('',*,*,#1197,.F.);
#2179 = PLANE('',#2180);
#2180 = AXIS2_PLACEMENT_3D('',#2181,#2182,#2183);
#2181 = CARTESIAN_POINT('',(-25.49999987016,34.534858729704,
    49.531725609669));
#2182 = DIRECTION('',(0.,5.234536838623E-02,-0.998629041441));
#2183 = DIRECTION('',(0.,-0.998629041441,-5.234536838623E-02));
#2184 = ADVANCED_FACE('',(#2185),#2203,.T.);
#2185 = FACE_BOUND('',#2186,.T.);
#2186 = EDGE_LOOP('',(#2187,#2195,#2201,#2202));
#2187 = ORIENTED_EDGE('',*,*,#2188,.T.);
#2188 = EDGE_CURVE('',#1182,#2189,#2191,.T.);
#2189 = VERTEX_POINT('',#2190);
#2190 = CARTESIAN_POINT('',(-22.99999987016,42.083625001808,
    50.458835288482));
#2191 = LINE('',#2192,#2193);
#2192 = CARTESIAN_POINT('',(-27.99999987016,42.083625001809,
    50.458835288482));
#2193 = VECTOR('',#2194,1.);
#2194 = DIRECTION('',(1.,0.,0.));
#2195 = ORIENTED_EDGE('',*,*,#2196,.F.);
#2196 = EDGE_CURVE('',#2165,#2189,#2197,.T.);
#2197 = LINE('',#2198,#2199);
#2198 = CARTESIAN_POINT('',(-22.99999987016,37.069623479105,
    49.664590957134));
#2199 = VECTOR('',#2200,1.);
#2200 = DIRECTION('',(0.,0.987685159643,0.156454547461));
#2201 = ORIENTED_EDGE('',*,*,#2164,.T.);
#2202 = ORIENTED_EDGE('',*,*,#1189,.T.);
#2203 = PLANE('',#2204);
#2204 = AXIS2_PLACEMENT_3D('',#2205,#2206,#2207);
#2205 = CARTESIAN_POINT('',(-25.49999987016,39.576624240457,
    50.061713122808));
#2206 = DIRECTION('',(0.,0.156454547461,-0.987685159643));
#2207 = DIRECTION('',(0.,-0.987685159643,-0.156454547461));
#2208 = ADVANCED_FACE('',(#2209),#2220,.T.);
#2209 = FACE_BOUND('',#2210,.T.);
#2210 = EDGE_LOOP('',(#2211,#2217,#2218,#2219));
#2211 = ORIENTED_EDGE('',*,*,#2212,.T.);
#2212 = EDGE_CURVE('',#2111,#2189,#2213,.T.);
#2213 = LINE('',#2214,#2215);
#2214 = CARTESIAN_POINT('',(-22.99999987016,46.987423589777,
    51.772660218028));
#2215 = VECTOR('',#2216,1.);
#2216 = DIRECTION('',(0.,-0.965932914221,-0.258792591133));
#2217 = ORIENTED_EDGE('',*,*,#2188,.F.);
#2218 = ORIENTED_EDGE('',*,*,#1181,.F.);
#2219 = ORIENTED_EDGE('',*,*,#2118,.T.);
#2220 = PLANE('',#2221);
#2221 = AXIS2_PLACEMENT_3D('',#2222,#2223,#2224);
#2222 = CARTESIAN_POINT('',(-25.49999987016,44.535524295793,
    51.115747753255));
#2223 = DIRECTION('',(0.,0.258792591133,-0.965932914221));
#2224 = DIRECTION('',(0.,0.965932914221,0.258792591133));
#2225 = ADVANCED_FACE('',(#2226),#2244,.T.);
#2226 = FACE_BOUND('',#2227,.T.);
#2227 = EDGE_LOOP('',(#2228,#2229,#2230,#2238));
#2228 = ORIENTED_EDGE('',*,*,#1213,.F.);
#2229 = ORIENTED_EDGE('',*,*,#2143,.T.);
#2230 = ORIENTED_EDGE('',*,*,#2231,.T.);
#2231 = EDGE_CURVE('',#2134,#2232,#2234,.T.);
#2232 = VERTEX_POINT('',#2233);
#2233 = CARTESIAN_POINT('',(-22.99999987016,21.91635225283,
    50.458803288873));
#2234 = LINE('',#2235,#2236);
#2235 = CARTESIAN_POINT('',(-22.99999987016,26.930351139425,
    49.664600768336));
#2236 = VECTOR('',#2237,1.);
#2237 = DIRECTION('',(0.,-0.987686419612,0.156446593168));
#2238 = ORIENTED_EDGE('',*,*,#2239,.T.);
#2239 = EDGE_CURVE('',#2232,#1214,#2240,.T.);
#2240 = LINE('',#2241,#2242);
#2241 = CARTESIAN_POINT('',(-22.99999987016,21.916352252832,
    50.458803288873));
#2242 = VECTOR('',#2243,1.);
#2243 = DIRECTION('',(-1.,-0.,0.));
#2244 = PLANE('',#2245);
#2245 = AXIS2_PLACEMENT_3D('',#2246,#2247,#2248);
#2246 = CARTESIAN_POINT('',(-25.49999987016,24.423351696129,
    50.061702028604));
#2247 = DIRECTION('',(0.,-0.156446593168,-0.987686419612));
#2248 = DIRECTION('',(0.,-0.987686419612,0.156446593168));
#2249 = ADVANCED_FACE('',(#2250),#2275,.T.);
#2250 = FACE_BOUND('',#2251,.T.);
#2251 = EDGE_LOOP('',(#2252,#2260,#2268,#2274));
#2252 = ORIENTED_EDGE('',*,*,#2253,.F.);
#2253 = EDGE_CURVE('',#2254,#1222,#2256,.T.);
#2254 = VERTEX_POINT('',#2255);
#2255 = CARTESIAN_POINT('',(-22.99999987016,17.012583194217,
    51.772770221092));
#2256 = LINE('',#2257,#2258);
#2257 = CARTESIAN_POINT('',(-22.99999987016,17.012583194218,
    51.772770221092));
#2258 = VECTOR('',#2259,1.);
#2259 = DIRECTION('',(-1.,-0.,0.));
#2260 = ORIENTED_EDGE('',*,*,#2261,.F.);
#2261 = EDGE_CURVE('',#2262,#2254,#2264,.T.);
#2262 = VERTEX_POINT('',#2263);
#2263 = CARTESIAN_POINT('',(-14.99999987016,12.273359278494,
    53.591906466985));
#2264 = LINE('',#2265,#2266);
#2265 = CARTESIAN_POINT('',(-14.99999987016,12.273359278494,
    53.591906466984));
#2266 = VECTOR('',#2267,1.);
#2267 = DIRECTION('',(-0.844355980617,0.500199007091,-0.191999821097));
#2268 = ORIENTED_EDGE('',*,*,#2269,.F.);
#2269 = EDGE_CURVE('',#1230,#2262,#2270,.T.);
#2270 = LINE('',#2271,#2272);
#2271 = CARTESIAN_POINT('',(-27.99999987016,12.273359278494,
    53.591906466984));
#2272 = VECTOR('',#2273,1.);
#2273 = DIRECTION('',(1.,0.,0.));
#2274 = ORIENTED_EDGE('',*,*,#1229,.F.);
#2275 = PLANE('',#2276);
#2276 = AXIS2_PLACEMENT_3D('',#2277,#2278,#2279);
#2277 = CARTESIAN_POINT('',(-22.40042237909,14.06059679997,
    52.905880946108));
#2278 = DIRECTION('',(0.,-0.358353979028,-0.933585789156));
#2279 = DIRECTION('',(0.,-0.933585789156,0.358353979028));
#2280 = ADVANCED_FACE('',(#2281),#2292,.T.);
#2281 = FACE_BOUND('',#2282,.T.);
#2282 = EDGE_LOOP('',(#2283,#2284,#2285,#2291));
#2283 = ORIENTED_EDGE('',*,*,#1221,.F.);
#2284 = ORIENTED_EDGE('',*,*,#2239,.F.);
#2285 = ORIENTED_EDGE('',*,*,#2286,.F.);
#2286 = EDGE_CURVE('',#2254,#2232,#2287,.T.);
#2287 = LINE('',#2288,#2289);
#2288 = CARTESIAN_POINT('',(-22.99999987016,17.012583194218,
    51.772770221092));
#2289 = VECTOR('',#2290,1.);
#2290 = DIRECTION('',(0.,0.965925532149,-0.258820142845));
#2291 = ORIENTED_EDGE('',*,*,#2253,.T.);
#2292 = PLANE('',#2293);
#2293 = AXIS2_PLACEMENT_3D('',#2294,#2295,#2296);
#2294 = CARTESIAN_POINT('',(-25.49999987016,19.464467723526,
    51.115786754982));
#2295 = DIRECTION('',(0.,-0.258820142845,-0.965925532149));
#2296 = DIRECTION('',(0.,-0.965925532149,0.258820142845));
#2297 = ADVANCED_FACE('',(#2298),#2308,.T.);
#2298 = FACE_BOUND('',#2299,.T.);
#2299 = EDGE_LOOP('',(#2300,#2301,#2302));
#2300 = ORIENTED_EDGE('',*,*,#2110,.T.);
#2301 = ORIENTED_EDGE('',*,*,#2088,.F.);
#2302 = ORIENTED_EDGE('',*,*,#2303,.F.);
#2303 = EDGE_CURVE('',#2111,#1586,#2304,.T.);
#2304 = LINE('',#2305,#2306);
#2305 = CARTESIAN_POINT('',(-22.99999987016,46.987423589777,
    51.772660218028));
#2306 = VECTOR('',#2307,1.);
#2307 = DIRECTION('',(0.466369317927,0.788175447955,0.401595720268));
#2308 = PLANE('',#2309);
#2309 = AXIS2_PLACEMENT_3D('',#2310,#2311,#2312);
#2310 = CARTESIAN_POINT('',(-19.5777680849,53.984143319839,
    55.185278107656));
#2311 = DIRECTION('',(0.194423132268,0.351558837431,-0.915754349956));
#2312 = DIRECTION('',(0.,0.933568939487,0.358397872795));
#2313 = ADVANCED_FACE('',(#2314),#2329,.T.);
#2314 = FACE_BOUND('',#2315,.T.);
#2315 = EDGE_LOOP('',(#2316,#2322,#2328));
#2316 = ORIENTED_EDGE('',*,*,#2317,.F.);
#2317 = EDGE_CURVE('',#1859,#2136,#2318,.T.);
#2318 = LINE('',#2319,#2320);
#2319 = CARTESIAN_POINT('',(1.298342979794E-07,9.999920262727,
    54.750354588065));
#2320 = VECTOR('',#2321,1.);
#2321 = DIRECTION('',(-0.712635958864,0.681657169235,-0.165811621316));
#2322 = ORIENTED_EDGE('',*,*,#2323,.T.);
#2323 = EDGE_CURVE('',#1859,#2134,#2324,.T.);
#2324 = LINE('',#2325,#2326);
#2325 = CARTESIAN_POINT('',(1.298342979794E-07,9.999920262727,
    54.750354588065));
#2326 = VECTOR('',#2327,1.);
#2327 = DIRECTION('',(-0.792865727152,0.583632973393,-0.175318256539));
#2328 = ORIENTED_EDGE('',*,*,#2133,.T.);
#2329 = PLANE('',#2330);
#2330 = AXIS2_PLACEMENT_3D('',#2331,#2332,#2333);
#2331 = CARTESIAN_POINT('',(-12.37977885372,20.539519527147,
    51.938154056194));
#2332 = DIRECTION('',(0.179330034709,-5.149653101263E-02,-0.982440250572
    ));
#2333 = DIRECTION('',(-4.163336342344E-17,-0.998629055564,
    5.234509895129E-02));
#2334 = ADVANCED_FACE('',(#2335),#2345,.T.);
#2335 = FACE_BOUND('',#2336,.T.);
#2336 = EDGE_LOOP('',(#2337,#2338,#2344));
#2337 = ORIENTED_EDGE('',*,*,#2172,.T.);
#2338 = ORIENTED_EDGE('',*,*,#2339,.F.);
#2339 = EDGE_CURVE('',#1859,#2165,#2340,.T.);
#2340 = LINE('',#2341,#2342);
#2341 = CARTESIAN_POINT('',(1.298342979794E-07,9.999920262727,
    54.750354588065));
#2342 = VECTOR('',#2343,1.);
#2343 = DIRECTION('',(-0.640961062973,0.754375032519,-0.141729411431));
#2344 = ORIENTED_EDGE('',*,*,#2317,.T.);
#2345 = PLANE('',#2346);
#2346 = AXIS2_PLACEMENT_3D('',#2347,#2348,#2349);
#2347 = CARTESIAN_POINT('',(-12.29715842084,23.18020537015,
    51.963441149484));
#2348 = DIRECTION('',(0.271792902093,5.0374867036E-02,-0.961036415097));
#2349 = DIRECTION('',(-3.608224830032E-16,-0.998629041441,
    -5.234536838624E-02));
#2350 = ADVANCED_FACE('',(#2351),#2361,.T.);
#2351 = FACE_BOUND('',#2352,.T.);
#2352 = EDGE_LOOP('',(#2353,#2354,#2355));
#2353 = ORIENTED_EDGE('',*,*,#2339,.T.);
#2354 = ORIENTED_EDGE('',*,*,#2196,.T.);
#2355 = ORIENTED_EDGE('',*,*,#2356,.T.);
#2356 = EDGE_CURVE('',#2189,#1859,#2357,.T.);
#2357 = LINE('',#2358,#2359);
#2358 = CARTESIAN_POINT('',(-22.99999987016,42.083625001809,
    50.458835288482));
#2359 = VECTOR('',#2360,1.);
#2360 = DIRECTION('',(0.579218084225,-0.807976608426,0.108075025527));
#2361 = PLANE('',#2362);
#2362 = AXIS2_PLACEMENT_3D('',#2363,#2364,#2365);
#2363 = CARTESIAN_POINT('',(-12.22369887033,25.778345857255,
    52.267920145715));
#2364 = DIRECTION('',(0.373417279054,0.145137170261,-0.916239454244));
#2365 = DIRECTION('',(-1.665334536938E-16,-0.987685159643,
    -0.156454547461));
#2366 = ADVANCED_FACE('',(#2367),#2377,.T.);
#2367 = FACE_BOUND('',#2368,.T.);
#2368 = EDGE_LOOP('',(#2369,#2370,#2376));
#2369 = ORIENTED_EDGE('',*,*,#2303,.T.);
#2370 = ORIENTED_EDGE('',*,*,#2371,.F.);
#2371 = EDGE_CURVE('',#2189,#1586,#2372,.T.);
#2372 = LINE('',#2373,#2374);
#2373 = CARTESIAN_POINT('',(-22.99999987016,42.083625001809,
    50.458835288482));
#2374 = VECTOR('',#2375,1.);
#2375 = DIRECTION('',(0.368727030923,0.849178003633,0.37807022471));
#2376 = ORIENTED_EDGE('',*,*,#2212,.F.);
#2377 = PLANE('',#2378);
#2378 = AXIS2_PLACEMENT_3D('',#2379,#2380,#2381);
#2379 = CARTESIAN_POINT('',(-19.4622915315,51.47182448079,
    54.418636957258));
#2380 = DIRECTION('',(0.366903176989,0.240744172036,-0.898567917492));
#2381 = DIRECTION('',(2.775557561563E-17,0.965932914221,0.258792591133)
  );
#2382 = ADVANCED_FACE('',(#2383),#2406,.T.);
#2383 = FACE_BOUND('',#2384,.T.);
#2384 = EDGE_LOOP('',(#2385,#2386,#2394,#2400));
#2385 = ORIENTED_EDGE('',*,*,#2269,.T.);
#2386 = ORIENTED_EDGE('',*,*,#2387,.F.);
#2387 = EDGE_CURVE('',#2388,#2262,#2390,.T.);
#2388 = VERTEX_POINT('',#2389);
#2389 = CARTESIAN_POINT('',(1.29834290874E-07,7.749998821494,
    55.89671911581));
#2390 = LINE('',#2391,#2392);
#2391 = CARTESIAN_POINT('',(1.298342979794E-07,7.749998821495,
    55.896719115809));
#2392 = VECTOR('',#2393,1.);
#2393 = DIRECTION('',(-0.947220118346,0.285641201827,-0.145544327332));
#2394 = ORIENTED_EDGE('',*,*,#2395,.T.);
#2395 = EDGE_CURVE('',#2388,#2036,#2396,.T.);
#2396 = LINE('',#2397,#2398);
#2397 = CARTESIAN_POINT('',(1.298342979794E-07,7.749998821495,
    55.896719115809));
#2398 = VECTOR('',#2399,1.);
#2399 = DIRECTION('',(-1.,-0.,0.));
#2400 = ORIENTED_EDGE('',*,*,#2401,.F.);
#2401 = EDGE_CURVE('',#1230,#2036,#2402,.T.);
#2402 = LINE('',#2403,#2404);
#2403 = CARTESIAN_POINT('',(-27.99999987016,12.273359278494,
    53.591906466984));
#2404 = VECTOR('',#2405,1.);
#2405 = DIRECTION('',(0.931491786814,-0.3241133165,0.16514723481));
#2406 = PLANE('',#2407);
#2407 = AXIS2_PLACEMENT_3D('',#2408,#2409,#2410);
#2408 = CARTESIAN_POINT('',(-14.03007380134,9.933409277477,
    54.78419401763));
#2409 = DIRECTION('',(0.,-0.453997596029,-0.891002908413));
#2410 = DIRECTION('',(0.,-0.891002908413,0.453997596029));
#2411 = ADVANCED_FACE('',(#2412),#2417,.T.);
#2412 = FACE_BOUND('',#2413,.T.);
#2413 = EDGE_LOOP('',(#2414,#2415,#2416));
#2414 = ORIENTED_EDGE('',*,*,#2401,.T.);
#2415 = ORIENTED_EDGE('',*,*,#2035,.T.);
#2416 = ORIENTED_EDGE('',*,*,#1237,.T.);
#2417 = PLANE('',#2418);
#2418 = AXIS2_PLACEMENT_3D('',#2419,#2420,#2421);
#2419 = CARTESIAN_POINT('',(-22.05747426518,9.602171256059,
    54.952984888445));
#2420 = DIRECTION('',(-6.85617697779E-06,-0.454013239034,-0.890994937547
    ));
#2421 = DIRECTION('',(0.,-0.890994937568,0.454013239044));
#2422 = ADVANCED_FACE('',(#2423),#2438,.T.);
#2423 = FACE_BOUND('',#2424,.T.);
#2424 = EDGE_LOOP('',(#2425,#2426,#2432));
#2425 = ORIENTED_EDGE('',*,*,#2261,.T.);
#2426 = ORIENTED_EDGE('',*,*,#2427,.T.);
#2427 = EDGE_CURVE('',#2254,#1859,#2428,.T.);
#2428 = LINE('',#2429,#2430);
#2429 = CARTESIAN_POINT('',(-22.99999987016,17.012583194218,
    51.772770221092));
#2430 = VECTOR('',#2431,1.);
#2431 = DIRECTION('',(0.9492764626,-0.289432863522,0.122893511086));
#2432 = ORIENTED_EDGE('',*,*,#2433,.T.);
#2433 = EDGE_CURVE('',#1859,#2262,#2434,.T.);
#2434 = LINE('',#2435,#2436);
#2435 = CARTESIAN_POINT('',(1.298342979794E-07,9.999920262727,
    54.750354588065));
#2436 = VECTOR('',#2437,1.);
#2437 = DIRECTION('',(-0.985838755566,0.149416286011,-7.613620360491E-02
    ));
#2438 = PLANE('',#2439);
#2439 = AXIS2_PLACEMENT_3D('',#2440,#2441,#2442);
#2440 = CARTESIAN_POINT('',(-11.70847039339,12.98938416328,
    53.432283886193));
#2441 = DIRECTION('',(2.42289975656E-02,-0.322340071892,-0.946313813557)
  );
#2442 = DIRECTION('',(0.,-0.946591699988,0.322434727524));
#2443 = ADVANCED_FACE('',(#2444),#2454,.T.);
#2444 = FACE_BOUND('',#2445,.T.);
#2445 = EDGE_LOOP('',(#2446,#2452,#2453));
#2446 = ORIENTED_EDGE('',*,*,#2447,.F.);
#2447 = EDGE_CURVE('',#1859,#2232,#2448,.T.);
#2448 = LINE('',#2449,#2450);
#2449 = CARTESIAN_POINT('',(1.298342979794E-07,9.999920262727,
    54.750354588065));
#2450 = VECTOR('',#2451,1.);
#2451 = DIRECTION('',(-0.875964056912,0.453842004781,-0.163445421152));
#2452 = ORIENTED_EDGE('',*,*,#2427,.F.);
#2453 = ORIENTED_EDGE('',*,*,#2286,.T.);
#2454 = PLANE('',#2455);
#2455 = AXIS2_PLACEMENT_3D('',#2456,#2457,#2458);
#2456 = CARTESIAN_POINT('',(-12.55075678615,15.209324527813,
    52.755036528029));
#2457 = DIRECTION('',(4.608603867375E-02,-0.258545139724,-0.964899211195
    ));
#2458 = DIRECTION('',(-1.734723475977E-18,-0.965925532149,0.258820142845
    ));
#2459 = ADVANCED_FACE('',(#2460),#2465,.T.);
#2460 = FACE_BOUND('',#2461,.T.);
#2461 = EDGE_LOOP('',(#2462,#2463,#2464));
#2462 = ORIENTED_EDGE('',*,*,#2231,.F.);
#2463 = ORIENTED_EDGE('',*,*,#2323,.F.);
#2464 = ORIENTED_EDGE('',*,*,#2447,.T.);
#2465 = PLANE('',#2466);
#2466 = AXIS2_PLACEMENT_3D('',#2467,#2468,#2469);
#2467 = CARTESIAN_POINT('',(-12.46748293201,17.875516269846,
    52.19974762641));
#2468 = DIRECTION('',(0.102689963455,-0.155619524438,-0.982464928137));
#2469 = DIRECTION('',(0.,-0.987686419612,0.156446593168));
#2470 = ADVANCED_FACE('',(#2471),#2489,.T.);
#2471 = FACE_BOUND('',#2472,.T.);
#2472 = EDGE_LOOP('',(#2473,#2481,#2487,#2488));
#2473 = ORIENTED_EDGE('',*,*,#2474,.F.);
#2474 = EDGE_CURVE('',#2475,#1974,#2477,.T.);
#2475 = VERTEX_POINT('',#2476);
#2476 = CARTESIAN_POINT('',(1.29834290874E-07,-0.452726335685,
    61.856353821343));
#2477 = LINE('',#2478,#2479);
#2478 = CARTESIAN_POINT('',(1.298342979794E-07,-0.452726335684,
    61.856353821343));
#2479 = VECTOR('',#2480,1.);
#2480 = DIRECTION('',(-1.,-0.,0.));
#2481 = ORIENTED_EDGE('',*,*,#2482,.T.);
#2482 = EDGE_CURVE('',#2475,#1905,#2483,.T.);
#2483 = LINE('',#2484,#2485);
#2484 = CARTESIAN_POINT('',(1.298342979794E-07,-0.452726335684,
    61.856353821343));
#2485 = VECTOR('',#2486,1.);
#2486 = DIRECTION('',(0.,-0.707108371468,0.707105190901));
#2487 = ORIENTED_EDGE('',*,*,#1951,.T.);
#2488 = ORIENTED_EDGE('',*,*,#1981,.F.);
#2489 = PLANE('',#2490);
#2490 = AXIS2_PLACEMENT_3D('',#2491,#2492,#2493);
#2491 = CARTESIAN_POINT('',(-7.499999870166,-2.247622187244,
    63.651241599479));
#2492 = DIRECTION('',(0.,-0.707105190901,-0.707108371468));
#2493 = DIRECTION('',(0.,-0.707108371468,0.707105190901));
#2494 = ADVANCED_FACE('',(#2495),#2500,.T.);
#2495 = FACE_BOUND('',#2496,.T.);
#2496 = EDGE_LOOP('',(#2497,#2498,#2499));
#2497 = ORIENTED_EDGE('',*,*,#2356,.F.);
#2498 = ORIENTED_EDGE('',*,*,#2371,.T.);
#2499 = ORIENTED_EDGE('',*,*,#1858,.T.);
#2500 = PLANE('',#2501);
#2501 = AXIS2_PLACEMENT_3D('',#2502,#2503,#2504);
#2502 = CARTESIAN_POINT('',(-11.07448490485,35.098407777435,
    54.872808182599));
#2503 = DIRECTION('',(0.440394213927,0.198591856182,-0.875565080961));
#2504 = DIRECTION('',(2.775557561563E-17,-0.975229097433,-0.221197214089
    ));
#2505 = ADVANCED_FACE('',(#2506),#2531,.T.);
#2506 = FACE_BOUND('',#2507,.T.);
#2507 = EDGE_LOOP('',(#2508,#2509,#2510,#2511,#2519,#2525));
#2508 = ORIENTED_EDGE('',*,*,#1867,.F.);
#2509 = ORIENTED_EDGE('',*,*,#1904,.T.);
#2510 = ORIENTED_EDGE('',*,*,#2482,.F.);
#2511 = ORIENTED_EDGE('',*,*,#2512,.T.);
#2512 = EDGE_CURVE('',#2475,#2513,#2515,.T.);
#2513 = VERTEX_POINT('',#2514);
#2514 = CARTESIAN_POINT('',(1.298342624523E-07,3.492435543111,
    58.661697184705));
#2515 = LINE('',#2516,#2517);
#2516 = CARTESIAN_POINT('',(1.298342979794E-07,-0.452726335684,
    61.856353821343));
#2517 = VECTOR('',#2518,1.);
#2518 = DIRECTION('',(0.,0.777152942471,-0.629311770118));
#2519 = ORIENTED_EDGE('',*,*,#2520,.F.);
#2520 = EDGE_CURVE('',#2388,#2513,#2521,.T.);
#2521 = LINE('',#2522,#2523);
#2522 = CARTESIAN_POINT('',(1.298342979794E-07,7.749998821495,
    55.896719115809));
#2523 = VECTOR('',#2524,1.);
#2524 = DIRECTION('',(0.,-0.838662996621,0.544650693655));
#2525 = ORIENTED_EDGE('',*,*,#2526,.T.);
#2526 = EDGE_CURVE('',#2388,#1859,#2527,.T.);
#2527 = LINE('',#2528,#2529);
#2528 = CARTESIAN_POINT('',(1.298342979794E-07,7.749998821495,
    55.896719115809));
#2529 = VECTOR('',#2530,1.);
#2530 = DIRECTION('',(0.,0.891010962439,-0.453981789076));
#2531 = PLANE('',#2532);
#2532 = AXIS2_PLACEMENT_3D('',#2533,#2534,#2535);
#2533 = CARTESIAN_POINT('',(1.298343121903E-07,1.223146736786,
    61.593137687206));
#2534 = DIRECTION('',(1.,0.,0.));
#2535 = DIRECTION('',(0.,-0.853252737835,0.521497617807));
#2536 = ADVANCED_FACE('',(#2537),#2548,.T.);
#2537 = FACE_BOUND('',#2538,.T.);
#2538 = EDGE_LOOP('',(#2539,#2545,#2546,#2547));
#2539 = ORIENTED_EDGE('',*,*,#2540,.F.);
#2540 = EDGE_CURVE('',#2513,#2012,#2541,.T.);
#2541 = LINE('',#2542,#2543);
#2542 = CARTESIAN_POINT('',(1.298342979794E-07,3.492435543112,
    58.661697184704));
#2543 = VECTOR('',#2544,1.);
#2544 = DIRECTION('',(-1.,-0.,0.));
#2545 = ORIENTED_EDGE('',*,*,#2512,.F.);
#2546 = ORIENTED_EDGE('',*,*,#2474,.T.);
#2547 = ORIENTED_EDGE('',*,*,#2011,.F.);
#2548 = PLANE('',#2549);
#2549 = AXIS2_PLACEMENT_3D('',#2550,#2551,#2552);
#2550 = CARTESIAN_POINT('',(-7.499999870166,1.519854603714,
    60.259025503024));
#2551 = DIRECTION('',(0.,-0.629311770118,-0.777152942471));
#2552 = DIRECTION('',(0.,-0.777152942471,0.629311770118));
#2553 = ADVANCED_FACE('',(#2554),#2559,.T.);
#2554 = FACE_BOUND('',#2555,.T.);
#2555 = EDGE_LOOP('',(#2556,#2557,#2558));
#2556 = ORIENTED_EDGE('',*,*,#2433,.F.);
#2557 = ORIENTED_EDGE('',*,*,#2526,.F.);
#2558 = ORIENTED_EDGE('',*,*,#2387,.T.);
#2559 = PLANE('',#2560);
#2560 = AXIS2_PLACEMENT_3D('',#2561,#2562,#2563);
#2561 = CARTESIAN_POINT('',(-6.935958136266,10.435977998258,
    54.528130704851));
#2562 = DIRECTION('',(6.00423771336E-06,-0.453981789068,-0.891010962423)
  );
#2563 = DIRECTION('',(5.293955920339E-23,-0.891010962439,0.453981789076)
  );
#2564 = ADVANCED_FACE('',(#2565),#2571,.T.);
#2565 = FACE_BOUND('',#2566,.T.);
#2566 = EDGE_LOOP('',(#2567,#2568,#2569,#2570));
#2567 = ORIENTED_EDGE('',*,*,#2043,.F.);
#2568 = ORIENTED_EDGE('',*,*,#2395,.F.);
#2569 = ORIENTED_EDGE('',*,*,#2520,.T.);
#2570 = ORIENTED_EDGE('',*,*,#2540,.T.);
#2571 = PLANE('',#2572);
#2572 = AXIS2_PLACEMENT_3D('',#2573,#2574,#2575);
#2573 = CARTESIAN_POINT('',(-7.499999870166,5.621217182304,
    57.279208150257));
#2574 = DIRECTION('',(0.,-0.544650693655,-0.838662996621));
#2575 = DIRECTION('',(0.,-0.838662996621,0.544650693655));
#2576 = ADVANCED_FACE('',(#2577),#2602,.T.);
#2577 = FACE_BOUND('',#2578,.T.);
#2578 = EDGE_LOOP('',(#2579,#2580,#2588,#2596));
#2579 = ORIENTED_EDGE('',*,*,#1333,.F.);
#2580 = ORIENTED_EDGE('',*,*,#2581,.T.);
#2581 = EDGE_CURVE('',#1326,#2582,#2584,.T.);
#2582 = VERTEX_POINT('',#2583);
#2583 = CARTESIAN_POINT('',(-14.99999987016,-14.12609666297,
    112.88624815671));
#2584 = LINE('',#2585,#2586);
#2585 = CARTESIAN_POINT('',(-27.99999987016,-14.12609666297,
    112.88624815671));
#2586 = VECTOR('',#2587,1.);
#2587 = DIRECTION('',(1.,0.,0.));
#2588 = ORIENTED_EDGE('',*,*,#2589,.F.);
#2589 = EDGE_CURVE('',#2590,#2582,#2592,.T.);
#2590 = VERTEX_POINT('',#2591);
#2591 = CARTESIAN_POINT('',(-14.99999987016,-12.30693726849,
    117.62574388882));
#2592 = LINE('',#2593,#2594);
#2593 = CARTESIAN_POINT('',(-14.99999987016,-12.30693726849,
    117.62574388882));
#2594 = VECTOR('',#2595,1.);
#2595 = DIRECTION('',(0.,-0.358340040328,-0.933591139363));
#2596 = ORIENTED_EDGE('',*,*,#2597,.F.);
#2597 = EDGE_CURVE('',#1334,#2590,#2598,.T.);
#2598 = LINE('',#2599,#2600);
#2599 = CARTESIAN_POINT('',(-27.99999987016,-12.30693726849,
    117.62574388882));
#2600 = VECTOR('',#2601,1.);
#2601 = DIRECTION('',(1.,0.,0.));
#2602 = PLANE('',#2603);
#2603 = AXIS2_PLACEMENT_3D('',#2604,#2605,#2606);
#2604 = CARTESIAN_POINT('',(-21.49999987016,-13.21651696573,
    115.25599602277));
#2605 = DIRECTION('',(0.,-0.933591139363,0.358340040328));
#2606 = DIRECTION('',(0.,-0.358340040328,-0.933591139363));
#2607 = ADVANCED_FACE('',(#2608),#2626,.T.);
#2608 = FACE_BOUND('',#2609,.T.);
#2609 = EDGE_LOOP('',(#2610,#2611,#2612,#2620));
#2610 = ORIENTED_EDGE('',*,*,#2581,.F.);
#2611 = ORIENTED_EDGE('',*,*,#1325,.F.);
#2612 = ORIENTED_EDGE('',*,*,#2613,.F.);
#2613 = EDGE_CURVE('',#2614,#1318,#2616,.T.);
#2614 = VERTEX_POINT('',#2615);
#2615 = CARTESIAN_POINT('',(-14.99999987016,-15.44010492256,
    107.98264733914));
#2616 = LINE('',#2617,#2618);
#2617 = CARTESIAN_POINT('',(-14.99999987016,-15.44010492256,
    107.98264733914));
#2618 = VECTOR('',#2619,1.);
#2619 = DIRECTION('',(-1.,-0.,0.));
#2620 = ORIENTED_EDGE('',*,*,#2621,.F.);
#2621 = EDGE_CURVE('',#2582,#2614,#2622,.T.);
#2622 = LINE('',#2623,#2624);
#2623 = CARTESIAN_POINT('',(-14.99999987016,-14.12609666297,
    112.88624815671));
#2624 = VECTOR('',#2625,1.);
#2625 = DIRECTION('',(0.,-0.258836023378,-0.965921276814));
#2626 = PLANE('',#2627);
#2627 = AXIS2_PLACEMENT_3D('',#2628,#2629,#2630);
#2628 = CARTESIAN_POINT('',(-21.49999987016,-14.78310079276,
    110.43444774793));
#2629 = DIRECTION('',(0.,-0.965921276814,0.258836023378));
#2630 = DIRECTION('',(0.,-0.258836023378,-0.965921276814));
#2631 = ADVANCED_FACE('',(#2632),#2650,.T.);
#2632 = FACE_BOUND('',#2633,.T.);
#2633 = EDGE_LOOP('',(#2634,#2635,#2643,#2649));
#2634 = ORIENTED_EDGE('',*,*,#1317,.F.);
#2635 = ORIENTED_EDGE('',*,*,#2636,.F.);
#2636 = EDGE_CURVE('',#2637,#1310,#2639,.T.);
#2637 = VERTEX_POINT('',#2638);
#2638 = CARTESIAN_POINT('',(-14.99999987016,-16.23420249301,
    102.96858430834));
#2639 = LINE('',#2640,#2641);
#2640 = CARTESIAN_POINT('',(-14.99999987016,-16.23420249301,
    102.96858430834));
#2641 = VECTOR('',#2642,1.);
#2642 = DIRECTION('',(-1.,-0.,0.));
#2643 = ORIENTED_EDGE('',*,*,#2644,.F.);
#2644 = EDGE_CURVE('',#2614,#2637,#2645,.T.);
#2645 = LINE('',#2646,#2647);
#2646 = CARTESIAN_POINT('',(-14.99999987016,-15.44010492256,
    107.98264733914));
#2647 = VECTOR('',#2648,1.);
#2648 = DIRECTION('',(0.,-0.15642447322,-0.987689923092));
#2649 = ORIENTED_EDGE('',*,*,#2613,.T.);
#2650 = PLANE('',#2651);
#2651 = AXIS2_PLACEMENT_3D('',#2652,#2653,#2654);
#2652 = CARTESIAN_POINT('',(-21.49999987016,-15.83715370779,
    105.47561582374));
#2653 = DIRECTION('',(0.,-0.987689923092,0.15642447322));
#2654 = DIRECTION('',(0.,-0.15642447322,-0.987689923092));
#2655 = ADVANCED_FACE('',(#2656),#2681,.T.);
#2656 = FACE_BOUND('',#2657,.T.);
#2657 = EDGE_LOOP('',(#2658,#2666,#2674,#2680));
#2658 = ORIENTED_EDGE('',*,*,#2659,.F.);
#2659 = EDGE_CURVE('',#2660,#1358,#2662,.T.);
#2660 = VERTEX_POINT('',#2661);
#2661 = CARTESIAN_POINT('',(-14.99999987016,-4.042489914135,
    130.35182950299));
#2662 = LINE('',#2663,#2664);
#2663 = CARTESIAN_POINT('',(-14.99999987016,-4.042489914134,
    130.35182950299));
#2664 = VECTOR('',#2665,1.);
#2665 = DIRECTION('',(-1.,-0.,0.));
#2666 = ORIENTED_EDGE('',*,*,#2667,.T.);
#2667 = EDGE_CURVE('',#2660,#2668,#2670,.T.);
#2668 = VERTEX_POINT('',#2669);
#2669 = CARTESIAN_POINT('',(-14.99999987016,-0.452777980574,
    133.94151710928));
#2670 = LINE('',#2671,#2672);
#2671 = CARTESIAN_POINT('',(-14.99999987016,-4.042489914134,
    130.35182950299));
#2672 = VECTOR('',#2673,1.);
#2673 = DIRECTION('',(0.,0.707109177202,0.707104385163));
#2674 = ORIENTED_EDGE('',*,*,#2675,.T.);
#2675 = EDGE_CURVE('',#2668,#1021,#2676,.T.);
#2676 = LINE('',#2677,#2678);
#2677 = CARTESIAN_POINT('',(-14.99999987016,-0.452777980573,
    133.94151710928));
#2678 = VECTOR('',#2679,1.);
#2679 = DIRECTION('',(-1.,-0.,0.));
#2680 = ORIENTED_EDGE('',*,*,#1365,.T.);
#2681 = PLANE('',#2682);
#2682 = AXIS2_PLACEMENT_3D('',#2683,#2684,#2685);
#2683 = CARTESIAN_POINT('',(-21.49999987016,-2.247633947354,
    132.14667330614));
#2684 = DIRECTION('',(0.,-0.707104385163,0.707109177202));
#2685 = DIRECTION('',(0.,-0.707109177202,-0.707104385163));
#2686 = ADVANCED_FACE('',(#2687),#2705,.T.);
#2687 = FACE_BOUND('',#2688,.T.);
#2688 = EDGE_LOOP('',(#2689,#2697,#2698,#2699));
#2689 = ORIENTED_EDGE('',*,*,#2690,.F.);
#2690 = EDGE_CURVE('',#2660,#2691,#2693,.T.);
#2691 = VERTEX_POINT('',#2692);
#2692 = CARTESIAN_POINT('',(-14.99999987016,-7.237273796193,
    126.40645943053));
#2693 = LINE('',#2694,#2695);
#2694 = CARTESIAN_POINT('',(-14.99999987016,-4.042489914134,
    130.35182950299));
#2695 = VECTOR('',#2696,1.);
#2696 = DIRECTION('',(0.,-0.629306851608,-0.777156925285));
#2697 = ORIENTED_EDGE('',*,*,#2659,.T.);
#2698 = ORIENTED_EDGE('',*,*,#1357,.F.);
#2699 = ORIENTED_EDGE('',*,*,#2700,.F.);
#2700 = EDGE_CURVE('',#2691,#1350,#2701,.T.);
#2701 = LINE('',#2702,#2703);
#2702 = CARTESIAN_POINT('',(-14.99999987016,-7.237273796192,
    126.40645943053));
#2703 = VECTOR('',#2704,1.);
#2704 = DIRECTION('',(-1.,-0.,0.));
#2705 = PLANE('',#2706);
#2706 = AXIS2_PLACEMENT_3D('',#2707,#2708,#2709);
#2707 = CARTESIAN_POINT('',(-21.49999987016,-5.639881855163,
    128.37914446676));
#2708 = DIRECTION('',(0.,-0.777156925285,0.629306851608));
#2709 = DIRECTION('',(0.,-0.629306851608,-0.777156925285));
#2710 = ADVANCED_FACE('',(#2711),#2729,.T.);
#2711 = FACE_BOUND('',#2712,.T.);
#2712 = EDGE_LOOP('',(#2713,#2721,#2727,#2728));
#2713 = ORIENTED_EDGE('',*,*,#2714,.F.);
#2714 = EDGE_CURVE('',#2715,#1342,#2717,.T.);
#2715 = VERTEX_POINT('',#2716);
#2716 = CARTESIAN_POINT('',(-14.99999987016,-10.00218824237,
    122.14900024898));
#2717 = LINE('',#2718,#2719);
#2718 = CARTESIAN_POINT('',(-14.99999987016,-10.00218824237,
    122.14900024898));
#2719 = VECTOR('',#2720,1.);
#2720 = DIRECTION('',(-1.,-0.,0.));
#2721 = ORIENTED_EDGE('',*,*,#2722,.T.);
#2722 = EDGE_CURVE('',#2715,#2691,#2723,.T.);
#2723 = LINE('',#2724,#2725);
#2724 = CARTESIAN_POINT('',(-14.99999987016,-10.00218824237,
    122.14900024898));
#2725 = VECTOR('',#2726,1.);
#2726 = DIRECTION('',(0.,0.544651245177,0.838662638447));
#2727 = ORIENTED_EDGE('',*,*,#2700,.T.);
#2728 = ORIENTED_EDGE('',*,*,#1349,.T.);
#2729 = PLANE('',#2730);
#2730 = AXIS2_PLACEMENT_3D('',#2731,#2732,#2733);
#2731 = CARTESIAN_POINT('',(-21.49999987016,-8.619731019285,
    124.27772983976));
#2732 = DIRECTION('',(0.,-0.838662638447,0.544651245177));
#2733 = DIRECTION('',(0.,-0.544651245177,-0.838662638447));
#2734 = ADVANCED_FACE('',(#2735),#2746,.T.);
#2735 = FACE_BOUND('',#2736,.T.);
#2736 = EDGE_LOOP('',(#2737,#2738,#2739,#2745));
#2737 = ORIENTED_EDGE('',*,*,#1020,.T.);
#2738 = ORIENTED_EDGE('',*,*,#2675,.F.);
#2739 = ORIENTED_EDGE('',*,*,#2740,.F.);
#2740 = EDGE_CURVE('',#814,#2668,#2741,.T.);
#2741 = LINE('',#2742,#2743);
#2742 = CARTESIAN_POINT('',(-14.99999987016,3.492410650724,
    137.13625461918));
#2743 = VECTOR('',#2744,1.);
#2744 = DIRECTION('',(0.,-0.777147238131,-0.629318814485));
#2745 = ORIENTED_EDGE('',*,*,#813,.T.);
#2746 = PLANE('',#2747);
#2747 = AXIS2_PLACEMENT_3D('',#2748,#2749,#2750);
#2748 = CARTESIAN_POINT('',(-21.49999987016,1.519816335076,
    135.53888586423));
#2749 = DIRECTION('',(0.,-0.629318814485,0.777147238131));
#2750 = DIRECTION('',(0.,-0.777147238131,-0.629318814485));
#2751 = ADVANCED_FACE('',(#2752),#2763,.T.);
#2752 = FACE_BOUND('',#2753,.T.);
#2753 = EDGE_LOOP('',(#2754,#2755,#2756,#2762));
#2754 = ORIENTED_EDGE('',*,*,#1045,.F.);
#2755 = ORIENTED_EDGE('',*,*,#308,.T.);
#2756 = ORIENTED_EDGE('',*,*,#2757,.T.);
#2757 = EDGE_CURVE('',#311,#1389,#2758,.T.);
#2758 = LINE('',#2759,#2760);
#2759 = CARTESIAN_POINT('',(-14.99999987016,76.306996602499,
    117.62569534729));
#2760 = VECTOR('',#2761,1.);
#2761 = DIRECTION('',(0.,0.35836245147,-0.933582536992));
#2762 = ORIENTED_EDGE('',*,*,#1388,.F.);
#2763 = PLANE('',#2764);
#2764 = AXIS2_PLACEMENT_3D('',#2765,#2766,#2767);
#2765 = CARTESIAN_POINT('',(-21.49999987016,77.21663617687,
    115.25596152584));
#2766 = DIRECTION('',(-0.,0.933582536992,0.35836245147));
#2767 = DIRECTION('',(0.,0.35836245147,-0.933582536992));
#2768 = ADVANCED_FACE('',(#2769),#2780,.T.);
#2769 = FACE_BOUND('',#2770,.T.);
#2770 = EDGE_LOOP('',(#2771,#2772,#2773,#2779));
#2771 = ORIENTED_EDGE('',*,*,#1341,.T.);
#2772 = ORIENTED_EDGE('',*,*,#2597,.T.);
#2773 = ORIENTED_EDGE('',*,*,#2774,.F.);
#2774 = EDGE_CURVE('',#2715,#2590,#2775,.T.);
#2775 = LINE('',#2776,#2777);
#2776 = CARTESIAN_POINT('',(-14.99999987016,-10.00218824237,
    122.14900024898));
#2777 = VECTOR('',#2778,1.);
#2778 = DIRECTION('',(0.,-0.453995941245,-0.891003751582));
#2779 = ORIENTED_EDGE('',*,*,#2714,.T.);
#2780 = PLANE('',#2781);
#2781 = AXIS2_PLACEMENT_3D('',#2782,#2783,#2784);
#2782 = CARTESIAN_POINT('',(-21.49999987016,-11.15456275543,
    119.8873720689));
#2783 = DIRECTION('',(0.,-0.891003751582,0.453995941245));
#2784 = DIRECTION('',(0.,-0.453995941245,-0.891003751582));
#2785 = ADVANCED_FACE('',(#2786),#2838,.T.);
#2786 = FACE_BOUND('',#2787,.T.);
#2787 = EDGE_LOOP('',(#2788,#2789,#2790,#2791,#2792,#2793,#2794,#2795,
    #2796,#2797,#2798,#2799,#2800,#2801,#2802,#2803,#2809,#2810,#2811,
    #2812,#2813,#2814,#2815,#2816,#2817,#2818,#2824,#2825,#2826,#2827,
    #2833,#2834,#2835,#2836,#2837));
#2788 = ORIENTED_EDGE('',*,*,#2757,.F.);
#2789 = ORIENTED_EDGE('',*,*,#334,.T.);
#2790 = ORIENTED_EDGE('',*,*,#364,.T.);
#2791 = ORIENTED_EDGE('',*,*,#395,.F.);
#2792 = ORIENTED_EDGE('',*,*,#427,.T.);
#2793 = ORIENTED_EDGE('',*,*,#441,.T.);
#2794 = ORIENTED_EDGE('',*,*,#1005,.T.);
#2795 = ORIENTED_EDGE('',*,*,#2740,.T.);
#2796 = ORIENTED_EDGE('',*,*,#2667,.F.);
#2797 = ORIENTED_EDGE('',*,*,#2690,.T.);
#2798 = ORIENTED_EDGE('',*,*,#2722,.F.);
#2799 = ORIENTED_EDGE('',*,*,#2774,.T.);
#2800 = ORIENTED_EDGE('',*,*,#2589,.T.);
#2801 = ORIENTED_EDGE('',*,*,#2621,.T.);
#2802 = ORIENTED_EDGE('',*,*,#2644,.T.);
#2803 = ORIENTED_EDGE('',*,*,#2804,.F.);
#2804 = EDGE_CURVE('',#1750,#2637,#2805,.T.);
#2805 = LINE('',#2806,#2807);
#2806 = CARTESIAN_POINT('',(-14.99999987016,-16.49998432652,
    97.899009708508));
#2807 = VECTOR('',#2808,1.);
#2808 = DIRECTION('',(0.,5.235494988882E-02,0.998628539159));
#2809 = ORIENTED_EDGE('',*,*,#1749,.F.);
#2810 = ORIENTED_EDGE('',*,*,#1781,.F.);
#2811 = ORIENTED_EDGE('',*,*,#1805,.T.);
#2812 = ORIENTED_EDGE('',*,*,#1825,.F.);
#2813 = ORIENTED_EDGE('',*,*,#1694,.F.);
#2814 = ORIENTED_EDGE('',*,*,#1680,.F.);
#2815 = ORIENTED_EDGE('',*,*,#1602,.T.);
#2816 = ORIENTED_EDGE('',*,*,#1624,.T.);
#2817 = ORIENTED_EDGE('',*,*,#1649,.T.);
#2818 = ORIENTED_EDGE('',*,*,#2819,.T.);
#2819 = EDGE_CURVE('',#1642,#1562,#2820,.T.);
#2820 = LINE('',#2821,#2822);
#2821 = CARTESIAN_POINT('',(-14.99999987016,71.237302407274,
    69.391343754552));
#2822 = VECTOR('',#2823,1.);
#2823 = DIRECTION('',(0.,0.544650693655,0.838662996621));
#2824 = ORIENTED_EDGE('',*,*,#1561,.T.);
#2825 = ORIENTED_EDGE('',*,*,#1515,.T.);
#2826 = ORIENTED_EDGE('',*,*,#1547,.F.);
#2827 = ORIENTED_EDGE('',*,*,#2828,.F.);
#2828 = EDGE_CURVE('',#1437,#1540,#2829,.T.);
#2829 = LINE('',#2830,#2831);
#2830 = CARTESIAN_POINT('',(-14.99999987016,80.234294205311,
    92.829322120321));
#2831 = VECTOR('',#2832,1.);
#2832 = DIRECTION('',(0.,-0.15642457881,-0.987689906369));
#2833 = ORIENTED_EDGE('',*,*,#1434,.F.);
#2834 = ORIENTED_EDGE('',*,*,#1475,.F.);
#2835 = ORIENTED_EDGE('',*,*,#1490,.F.);
#2836 = ORIENTED_EDGE('',*,*,#1411,.T.);
#2837 = ORIENTED_EDGE('',*,*,#1396,.F.);
#2838 = PLANE('',#2839);
#2839 = AXIS2_PLACEMENT_3D('',#2840,#2841,#2842);
#2840 = CARTESIAN_POINT('',(-14.99999987016,33.242458761667,
    100.73346515258));
#2841 = DIRECTION('',(1.,0.,0.));
#2842 = DIRECTION('',(0.,-0.853252737835,0.521497617807));
#2843 = ADVANCED_FACE('',(#2844),#2850,.T.);
#2844 = FACE_BOUND('',#2845,.T.);
#2845 = EDGE_LOOP('',(#2846,#2847,#2848,#2849));
#2846 = ORIENTED_EDGE('',*,*,#1444,.T.);
#2847 = ORIENTED_EDGE('',*,*,#2828,.T.);
#2848 = ORIENTED_EDGE('',*,*,#1539,.T.);
#2849 = ORIENTED_EDGE('',*,*,#1093,.T.);
#2850 = PLANE('',#2851);
#2851 = AXIS2_PLACEMENT_3D('',#2852,#2853,#2854);
#2852 = CARTESIAN_POINT('',(-21.49999987016,79.837245254209,
    90.322291292296));
#2853 = DIRECTION('',(-0.,0.987689906369,-0.15642457881));
#2854 = DIRECTION('',(0.,0.15642457881,0.987689906369));
#2855 = ADVANCED_FACE('',(#2856),#2862,.T.);
#2856 = FACE_BOUND('',#2857,.T.);
#2857 = EDGE_LOOP('',(#2858,#2859,#2860,#2861));
#2858 = ORIENTED_EDGE('',*,*,#1309,.F.);
#2859 = ORIENTED_EDGE('',*,*,#1757,.T.);
#2860 = ORIENTED_EDGE('',*,*,#2804,.T.);
#2861 = ORIENTED_EDGE('',*,*,#2636,.T.);
#2862 = PLANE('',#2863);
#2863 = AXIS2_PLACEMENT_3D('',#2864,#2865,#2866);
#2864 = CARTESIAN_POINT('',(-21.49999987016,-16.36709340977,
    100.43379700842));
#2865 = DIRECTION('',(0.,-0.998628539159,5.235494988882E-02));
#2866 = DIRECTION('',(0.,-5.235494988882E-02,-0.998628539159));
#2867 = ADVANCED_FACE('',(#2868),#2874,.T.);
#2868 = FACE_BOUND('',#2869,.T.);
#2869 = EDGE_LOOP('',(#2870,#2871,#2872,#2873));
#2870 = ORIENTED_EDGE('',*,*,#1125,.F.);
#2871 = ORIENTED_EDGE('',*,*,#1569,.T.);
#2872 = ORIENTED_EDGE('',*,*,#2819,.F.);
#2873 = ORIENTED_EDGE('',*,*,#1641,.T.);
#2874 = PLANE('',#2875);
#2875 = AXIS2_PLACEMENT_3D('',#2876,#2877,#2878);
#2876 = CARTESIAN_POINT('',(-21.49999987016,72.619791441721,
    71.520125393744));
#2877 = DIRECTION('',(0.,0.838662996621,-0.544650693655));
#2878 = DIRECTION('',(0.,0.544650693655,0.838662996621));
#2879 = ADVANCED_FACE('',(#2880),#2886,.T.);
#2880 = FACE_BOUND('',#2881,.T.);
#2881 = EDGE_LOOP('',(#2882,#2883,#2884,#2885));
#2882 = ORIENTED_EDGE('',*,*,#1585,.T.);
#2883 = ORIENTED_EDGE('',*,*,#2095,.F.);
#2884 = ORIENTED_EDGE('',*,*,#2074,.F.);
#2885 = ORIENTED_EDGE('',*,*,#1157,.T.);
#2886 = PLANE('',#2887);
#2887 = AXIS2_PLACEMENT_3D('',#2888,#2889,#2890);
#2888 = CARTESIAN_POINT('',(-22.40044694124,58.902007175188,
    57.618861706687));
#2889 = DIRECTION('',(0.,0.544635548056,-0.838672832393));
#2890 = DIRECTION('',(0.,0.838672832393,0.544635548056));
#2891 = ADVANCED_FACE('',(#2892),#2898,.T.);
#2892 = FACE_BOUND('',#2893,.T.);
#2893 = EDGE_LOOP('',(#2894,#2895,#2896,#2897));
#2894 = ORIENTED_EDGE('',*,*,#1843,.F.);
#2895 = ORIENTED_EDGE('',*,*,#1261,.F.);
#2896 = ORIENTED_EDGE('',*,*,#1958,.T.);
#2897 = ORIENTED_EDGE('',*,*,#1890,.F.);
#2898 = PLANE('',#2899);
#2899 = AXIS2_PLACEMENT_3D('',#2900,#2901,#2902);
#2900 = CARTESIAN_POINT('',(-21.49999987016,-8.619750142628,
    71.520144037613));
#2901 = DIRECTION('',(0.,-0.838678481186,-0.544626849499));
#2902 = DIRECTION('',(0.,-0.544626849499,0.838678481186));
#2903 = MANIFOLD_SOLID_BREP('',#2904);
#2904 = CLOSED_SHELL('',(#2905,#2937,#2960,#2992,#3015,#3055,#3078,#3101
    ,#3132,#3156,#3172,#3188,#3204,#3227,#3250,#3273,#3289,#3312,#3328,
    #3344,#3367,#3390,#3413,#3429,#3445,#3468,#3491,#3507,#3530,#3553,
    #3569,#3592,#3615,#3638,#3654,#3677,#3698,#3721,#3737,#3760,#3783,
    #3799,#3815,#3831,#3862,#3885,#3896,#3919,#3942,#3974,#3997,#4020,
    #4036,#4059,#4075,#4091,#4114,#4130,#4154,#4177,#4200,#4223,#4247,
    #4263,#4279,#4295,#4311,#4332,#4371,#4387,#4410,#4433,#4456,#4477,
    #4493,#4509,#4532,#4548,#4559,#4582,#4599,#4615,#4638,#4662,#4678,
    #4701,#4724,#4740,#4763,#4786,#4809,#4825,#4848,#4864,#4887,#4903,
    #4926,#4937,#4960,#4983,#5006,#5029,#5045,#5068,#5099,#5122,#5138,
    #5161,#5184,#5207,#5223,#5244,#5260,#5276,#5292,#5315,#5337,#5368,
    #5384,#5405,#5421,#5444,#5465,#5488,#5504,#5527,#5543,#5554,#5565,
    #5588,#5604,#5627,#5644,#5667,#5690,#5706,#5722,#5745,#5766,#5789,
    #5805,#5816,#5827,#5850,#5873,#5896,#5913,#5934,#5958,#5981,#6004,
    #6027,#6050,#6073,#6095,#6111,#6127,#6150,#6173,#6196,#6219,#6242,
    #6265,#6288,#6304,#6327,#6338,#6361,#6384,#6407,#6430,#6446,#6467,
    #6488,#6511,#6534,#6557,#6581,#6604,#6620,#6641,#6662,#6685,#6714,
    #6737,#6760,#6783,#6805,#6816,#6839,#6855,#6878,#6889,#6910,#6926,
    #6943,#6954,#6970,#6986,#7002,#7018,#7041,#7057,#7078,#7094,#7110,
    #7133,#7149,#7165,#7186,#7202,#7218,#7234,#7245,#7261,#7272,#7283,
    #7299,#7310,#7321,#7332,#7343));
#2905 = ADVANCED_FACE('',(#2906),#2932,.T.);
#2906 = FACE_BOUND('',#2907,.T.);
#2907 = EDGE_LOOP('',(#2908,#2918,#2926));
#2908 = ORIENTED_EDGE('',*,*,#2909,.T.);
#2909 = EDGE_CURVE('',#2910,#2912,#2914,.T.);
#2910 = VERTEX_POINT('',#2911);
#2911 = CARTESIAN_POINT('',(29.520260129834,-7.000034207176,
    -4.528822610351));
#2912 = VERTEX_POINT('',#2913);
#2913 = CARTESIAN_POINT('',(28.910530129834,-6.999904946609,
    -7.492486595181));
#2914 = LINE('',#2915,#2916);
#2915 = CARTESIAN_POINT('',(29.520260129834,-7.000034207174,
    -4.528822610351));
#2916 = VECTOR('',#2917,1.);
#2917 = DIRECTION('',(-0.201514644522,4.272037966985E-05,-0.97948550077)
  );
#2918 = ORIENTED_EDGE('',*,*,#2919,.T.);
#2919 = EDGE_CURVE('',#2912,#2920,#2922,.T.);
#2920 = VERTEX_POINT('',#2921);
#2921 = CARTESIAN_POINT('',(29.520260129834,10.000038969596,
    -4.52884565654));
#2922 = LINE('',#2923,#2924);
#2923 = CARTESIAN_POINT('',(28.910530129834,-6.999904946608,
    -7.492486595181));
#2924 = VECTOR('',#2925,1.);
#2925 = DIRECTION('',(3.531164494693E-02,0.984527551025,0.171635045964)
  );
#2926 = ORIENTED_EDGE('',*,*,#2927,.T.);
#2927 = EDGE_CURVE('',#2920,#2910,#2928,.T.);
#2928 = LINE('',#2929,#2930);
#2929 = CARTESIAN_POINT('',(29.520260129834,10.000038969597,
    -4.52884565654));
#2930 = VECTOR('',#2931,1.);
#2931 = DIRECTION('',(0.,-0.999999999999,1.355652289314E-06));
#2932 = PLANE('',#2933);
#2933 = AXIS2_PLACEMENT_3D('',#2934,#2935,#2936);
#2934 = CARTESIAN_POINT('',(29.354368632821,0.810392867379,
    -5.335168224011));
#2935 = DIRECTION('',(0.979485501661,-2.731837895203E-07,-0.201514644717
    ));
#2936 = DIRECTION('',(-0.172900448721,-0.51364350132,-0.840402158721));
#2937 = ADVANCED_FACE('',(#2938),#2955,.T.);
#2938 = FACE_BOUND('',#2939,.T.);
#2939 = EDGE_LOOP('',(#2940,#2948,#2949));
#2940 = ORIENTED_EDGE('',*,*,#2941,.F.);
#2941 = EDGE_CURVE('',#2912,#2942,#2944,.T.);
#2942 = VERTEX_POINT('',#2943);
#2943 = CARTESIAN_POINT('',(28.004070129834,-6.999962054239,
    -10.379210668));
#2944 = LINE('',#2945,#2946);
#2945 = CARTESIAN_POINT('',(28.910530129834,-6.999904946608,
    -7.492486595181));
#2946 = VECTOR('',#2947,1.);
#2947 = DIRECTION('',(-0.29958711597,-1.887420293389E-05,-0.954068949075
    ));
#2948 = ORIENTED_EDGE('',*,*,#2909,.F.);
#2949 = ORIENTED_EDGE('',*,*,#2950,.T.);
#2950 = EDGE_CURVE('',#2910,#2942,#2951,.T.);
#2951 = LINE('',#2952,#2953);
#2952 = CARTESIAN_POINT('',(29.520260129834,-7.000034207174,
    -4.528822610351));
#2953 = VECTOR('',#2954,1.);
#2954 = DIRECTION('',(-0.250872656302,1.193860860094E-05,-0.968020098023
    ));
#2955 = PLANE('',#2956);
#2956 = AXIS2_PLACEMENT_3D('',#2957,#2958,#2959);
#2957 = CARTESIAN_POINT('',(28.799281392422,-6.999974819774,
    -7.463635723848));
#2958 = DIRECTION('',(5.855287260005E-04,-0.999999815117,
    -1.640789830202E-04));
#2959 = DIRECTION('',(0.,1.64079011147E-04,-0.999999986539));
#2960 = ADVANCED_FACE('',(#2961),#2987,.T.);
#2961 = FACE_BOUND('',#2962,.T.);
#2962 = EDGE_LOOP('',(#2963,#2973,#2981));
#2963 = ORIENTED_EDGE('',*,*,#2964,.F.);
#2964 = EDGE_CURVE('',#2965,#2967,#2969,.T.);
#2965 = VERTEX_POINT('',#2966);
#2966 = CARTESIAN_POINT('',(1.29834290874E-07,7.749998821494,
    55.89671911581));
#2967 = VERTEX_POINT('',#2968);
#2968 = CARTESIAN_POINT('',(1.298342624523E-07,9.999920262726,
    54.750354588065));
#2969 = LINE('',#2970,#2971);
#2970 = CARTESIAN_POINT('',(1.298342979794E-07,7.749998821495,
    55.896719115809));
#2971 = VECTOR('',#2972,1.);
#2972 = DIRECTION('',(0.,0.891010962439,-0.453981789076));
#2973 = ORIENTED_EDGE('',*,*,#2974,.T.);
#2974 = EDGE_CURVE('',#2965,#2975,#2977,.T.);
#2975 = VERTEX_POINT('',#2976);
#2976 = CARTESIAN_POINT('',(8.941750129834,10.000053140671,
    28.495619850986));
#2977 = LINE('',#2978,#2979);
#2978 = CARTESIAN_POINT('',(1.298342979794E-07,7.749998821495,
    55.896719115809));
#2979 = VECTOR('',#2980,1.);
#2980 = DIRECTION('',(0.309286881098,7.782730256159E-02,-0.947778737974)
  );
#2981 = ORIENTED_EDGE('',*,*,#2982,.T.);
#2982 = EDGE_CURVE('',#2975,#2967,#2983,.T.);
#2983 = LINE('',#2984,#2985);
#2984 = CARTESIAN_POINT('',(8.941750129834,10.000053140672,
    28.495619850986));
#2985 = VECTOR('',#2986,1.);
#2986 = DIRECTION('',(-0.322392000746,-4.790872779159E-06,0.946606252796
    ));
#2987 = PLANE('',#2988);
#2988 = AXIS2_PLACEMENT_3D('',#2989,#2990,#2991);
#2989 = CARTESIAN_POINT('',(4.280081778629,9.402328311861,
    42.487707338249));
#2990 = DIRECTION('',(0.934087892002,0.162091087413,0.318129359534));
#2991 = DIRECTION('',(0.356110514726,-0.487310239656,-0.79731676994));
#2992 = ADVANCED_FACE('',(#2993),#3010,.T.);
#2993 = FACE_BOUND('',#2994,.T.);
#2994 = EDGE_LOOP('',(#2995,#3003,#3004));
#2995 = ORIENTED_EDGE('',*,*,#2996,.F.);
#2996 = EDGE_CURVE('',#2965,#2997,#2999,.T.);
#2997 = VERTEX_POINT('',#2998);
#2998 = CARTESIAN_POINT('',(1.29834290874E-07,10.000029731052,
    29.630852315073));
#2999 = LINE('',#3000,#3001);
#3000 = CARTESIAN_POINT('',(1.298342979794E-07,7.749998821495,
    55.896719115809));
#3001 = VECTOR('',#3002,1.);
#3002 = DIRECTION('',(0.,8.535109173037E-02,-0.996350937743));
#3003 = ORIENTED_EDGE('',*,*,#2964,.T.);
#3004 = ORIENTED_EDGE('',*,*,#3005,.T.);
#3005 = EDGE_CURVE('',#2967,#2997,#3006,.T.);
#3006 = LINE('',#3007,#3008);
#3007 = CARTESIAN_POINT('',(1.298342979794E-07,9.999920262727,
    54.750354588065));
#3008 = VECTOR('',#3009,1.);
#3009 = DIRECTION('',(0.,4.357901871144E-06,-0.999999999991));
#3010 = PLANE('',#3011);
#3011 = AXIS2_PLACEMENT_3D('',#3012,#3013,#3014);
#3012 = CARTESIAN_POINT('',(1.298343015321E-07,9.398251496847,
    43.084430982946));
#3013 = DIRECTION('',(-1.,0.,0.));
#3014 = DIRECTION('',(0.,0.853252737835,-0.521497617807));
#3015 = ADVANCED_FACE('',(#3016),#3050,.T.);
#3016 = FACE_BOUND('',#3017,.T.);
#3017 = EDGE_LOOP('',(#3018,#3019,#3027,#3035,#3043,#3049));
#3018 = ORIENTED_EDGE('',*,*,#2996,.T.);
#3019 = ORIENTED_EDGE('',*,*,#3020,.F.);
#3020 = EDGE_CURVE('',#3021,#2997,#3023,.T.);
#3021 = VERTEX_POINT('',#3022);
#3022 = CARTESIAN_POINT('',(3.021832129834,9.960189441267,
    29.712374912661));
#3023 = LINE('',#3024,#3025);
#3024 = CARTESIAN_POINT('',(2.622709892828,9.965451529161,
    29.701607443948));
#3025 = VECTOR('',#3026,1.);
#3026 = DIRECTION('',(-0.999549490905,1.317821155243E-02,
    -2.696571845041E-02));
#3027 = ORIENTED_EDGE('',*,*,#3028,.F.);
#3028 = EDGE_CURVE('',#3029,#3021,#3031,.T.);
#3029 = VERTEX_POINT('',#3030);
#3030 = CARTESIAN_POINT('',(6.006806330978,9.966912928475,
    29.255010838725));
#3031 = LINE('',#3032,#3033);
#3032 = CARTESIAN_POINT('',(2.417315526915,9.958827801477,
    29.805000227871));
#3033 = VECTOR('',#3034,1.);
#3034 = DIRECTION('',(-0.988461767616,-2.226454770986E-03,0.15145420714)
  );
#3035 = ORIENTED_EDGE('',*,*,#3036,.F.);
#3036 = EDGE_CURVE('',#3037,#3029,#3039,.T.);
#3037 = VERTEX_POINT('',#3038);
#3038 = CARTESIAN_POINT('',(6.012646129834,9.966926082384,
    29.254116051349));
#3039 = LINE('',#3040,#3041);
#3040 = CARTESIAN_POINT('',(3.097475862608,9.9603597811,29.700785126682)
  );
#3041 = VECTOR('',#3042,1.);
#3042 = DIRECTION('',(-0.988461741791,-2.226469471495E-03,0.151454375469
    ));
#3043 = ORIENTED_EDGE('',*,*,#3044,.F.);
#3044 = EDGE_CURVE('',#2975,#3037,#3045,.T.);
#3045 = LINE('',#3046,#3047);
#3046 = CARTESIAN_POINT('',(3.738653654336,9.941208087638,
    29.842970066884));
#3047 = VECTOR('',#3048,1.);
#3048 = DIRECTION('',(-0.968011192826,-1.094784043451E-02,0.250668058105
    ));
#3049 = ORIENTED_EDGE('',*,*,#2974,.F.);
#3050 = PLANE('',#3051);
#3051 = AXIS2_PLACEMENT_3D('',#3052,#3053,#3054);
#3052 = CARTESIAN_POINT('',(2.637495145067,9.032758242411,
    40.587580156708));
#3053 = DIRECTION('',(-1.083281482628E-02,-0.996292475197,
    -8.534608361338E-02));
#3054 = DIRECTION('',(-1.734723475977E-18,8.535109173037E-02,
    -0.996350937743));
#3055 = ADVANCED_FACE('',(#3056),#3073,.T.);
#3056 = FACE_BOUND('',#3057,.T.);
#3057 = EDGE_LOOP('',(#3058,#3066,#3067));
#3058 = ORIENTED_EDGE('',*,*,#3059,.T.);
#3059 = EDGE_CURVE('',#3060,#2967,#3062,.T.);
#3060 = VERTEX_POINT('',#3061);
#3061 = CARTESIAN_POINT('',(6.012646129834,10.000106980539,
    29.254116008032));
#3062 = LINE('',#3063,#3064);
#3063 = CARTESIAN_POINT('',(6.012646129834,10.00010698054,
    29.254116008033));
#3064 = VECTOR('',#3065,1.);
#3065 = DIRECTION('',(-0.229528746086,-7.127827858722E-06,0.973301882598
    ));
#3066 = ORIENTED_EDGE('',*,*,#2982,.F.);
#3067 = ORIENTED_EDGE('',*,*,#3068,.T.);
#3068 = EDGE_CURVE('',#2975,#3060,#3069,.T.);
#3069 = LINE('',#3070,#3071);
#3070 = CARTESIAN_POINT('',(8.941750129834,10.000053140672,
    28.495619850986));
#3071 = VECTOR('',#3072,1.);
#3072 = DIRECTION('',(-0.968069211954,1.779408274014E-05,0.250683067936)
  );
#3073 = PLANE('',#3074);
#3074 = AXIS2_PLACEMENT_3D('',#3075,#3076,#3077);
#3075 = CARTESIAN_POINT('',(3.957003875863,10.000004042189,
    41.120194138312));
#3076 = DIRECTION('',(2.159621590274E-05,0.99999999969,
    1.241627128112E-05));
#3077 = DIRECTION('',(0.,-1.241627128407E-05,0.999999999923));
#3078 = ADVANCED_FACE('',(#3079),#3096,.T.);
#3079 = FACE_BOUND('',#3080,.T.);
#3080 = EDGE_LOOP('',(#3081,#3089,#3090));
#3081 = ORIENTED_EDGE('',*,*,#3082,.T.);
#3082 = EDGE_CURVE('',#3083,#2997,#3085,.T.);
#3083 = VERTEX_POINT('',#3084);
#3084 = CARTESIAN_POINT('',(3.021832129834,10.000069358995,
    29.712374859376));
#3085 = LINE('',#3086,#3087);
#3086 = CARTESIAN_POINT('',(3.021832129834,10.000069358996,
    29.712374859376));
#3087 = VECTOR('',#3088,1.);
#3088 = DIRECTION('',(-0.999636296112,-1.310911093586E-05,
    -2.696804264324E-02));
#3089 = ORIENTED_EDGE('',*,*,#3005,.F.);
#3090 = ORIENTED_EDGE('',*,*,#3091,.F.);
#3091 = EDGE_CURVE('',#3083,#2967,#3092,.T.);
#3092 = LINE('',#3093,#3094);
#3093 = CARTESIAN_POINT('',(3.021832129834,10.000069358996,
    29.712374859376));
#3094 = VECTOR('',#3095,1.);
#3095 = DIRECTION('',(-0.119820428306,-5.911903406874E-06,0.992795580634
    ));
#3096 = PLANE('',#3097);
#3097 = AXIS2_PLACEMENT_3D('',#3098,#3099,#3100);
#3098 = CARTESIAN_POINT('',(0.799672508692,9.999988584355,
    41.500674499404));
#3099 = DIRECTION('',(-1.323144734728E-05,0.999999999903,
    4.357901870755E-06));
#3100 = DIRECTION('',(0.,-4.357901871144E-06,0.999999999991));
#3101 = ADVANCED_FACE('',(#3102),#3127,.T.);
#3102 = FACE_BOUND('',#3103,.T.);
#3103 = EDGE_LOOP('',(#3104,#3112,#3120,#3126));
#3104 = ORIENTED_EDGE('',*,*,#3105,.F.);
#3105 = EDGE_CURVE('',#3106,#3037,#3108,.T.);
#3106 = VERTEX_POINT('',#3107);
#3107 = CARTESIAN_POINT('',(6.012646129834,-6.99996671773,
    29.254138200968));
#3108 = LINE('',#3109,#3110);
#3109 = CARTESIAN_POINT('',(6.012646129834,-6.999966717729,
    29.254138200968));
#3110 = VECTOR('',#3111,1.);
#3111 = DIRECTION('',(0.,0.999999999999,-1.305461133638E-06));
#3112 = ORIENTED_EDGE('',*,*,#3113,.F.);
#3113 = EDGE_CURVE('',#3114,#3106,#3116,.T.);
#3114 = VERTEX_POINT('',#3115);
#3115 = CARTESIAN_POINT('',(8.941750129834,-7.000020557598,
    28.495642043922));
#3116 = LINE('',#3117,#3118);
#3117 = CARTESIAN_POINT('',(8.941750129834,-7.000020557598,
    28.495642043922));
#3118 = VECTOR('',#3119,1.);
#3119 = DIRECTION('',(-0.968069211954,1.779408286838E-05,0.250683067935)
  );
#3120 = ORIENTED_EDGE('',*,*,#3121,.T.);
#3121 = EDGE_CURVE('',#3114,#2975,#3122,.T.);
#3122 = LINE('',#3123,#3124);
#3123 = CARTESIAN_POINT('',(8.941750129834,-7.000020557598,
    28.495642043922));
#3124 = VECTOR('',#3125,1.);
#3125 = DIRECTION('',(0.,0.999999999999,-1.305461147627E-06));
#3126 = ORIENTED_EDGE('',*,*,#3044,.T.);
#3127 = PLANE('',#3128);
#3128 = AXIS2_PLACEMENT_3D('',#3129,#3130,#3131);
#3129 = CARTESIAN_POINT('',(7.477198129834,1.500043211471,
    28.874879025977));
#3130 = DIRECTION('',(0.250683067997,1.263776737759E-06,0.968069212101)
  );
#3131 = DIRECTION('',(1.387778780781E-17,0.999999999999,
    -1.305461140633E-06));
#3132 = ADVANCED_FACE('',(#3133),#3151,.T.);
#3133 = FACE_BOUND('',#3134,.T.);
#3134 = EDGE_LOOP('',(#3135,#3143,#3149,#3150));
#3135 = ORIENTED_EDGE('',*,*,#3136,.F.);
#3136 = EDGE_CURVE('',#3137,#3029,#3139,.T.);
#3137 = VERTEX_POINT('',#3138);
#3138 = CARTESIAN_POINT('',(3.021832129834,-7.000005192527,
    29.712397573809));
#3139 = LINE('',#3140,#3141);
#3140 = CARTESIAN_POINT('',(3.021832129834,-7.000005192526,
    29.712397573809));
#3141 = VECTOR('',#3142,1.);
#3142 = DIRECTION('',(0.173207058322,0.984527764225,-2.654046754201E-02)
  );
#3143 = ORIENTED_EDGE('',*,*,#3144,.T.);
#3144 = EDGE_CURVE('',#3137,#3106,#3145,.T.);
#3145 = LINE('',#3146,#3147);
#3146 = CARTESIAN_POINT('',(3.021832129834,-7.000005192526,
    29.712397573809));
#3147 = VECTOR('',#3148,1.);
#3148 = DIRECTION('',(0.988464192138,1.271592259461E-05,-0.151454748027)
  );
#3149 = ORIENTED_EDGE('',*,*,#3105,.T.);
#3150 = ORIENTED_EDGE('',*,*,#3036,.T.);
#3151 = PLANE('',#3152);
#3152 = AXIS2_PLACEMENT_3D('',#3153,#3154,#3155);
#3153 = CARTESIAN_POINT('',(5.19892157184,0.810421690232,29.378808745762
    ));
#3154 = DIRECTION('',(0.151454748023,1.290401584864E-06,0.988464192219)
  );
#3155 = DIRECTION('',(-1.387778780781E-17,0.999999999999,
    -1.305461133472E-06));
#3156 = ADVANCED_FACE('',(#3157),#3167,.T.);
#3157 = FACE_BOUND('',#3158,.T.);
#3158 = EDGE_LOOP('',(#3159,#3160,#3161));
#3159 = ORIENTED_EDGE('',*,*,#3136,.T.);
#3160 = ORIENTED_EDGE('',*,*,#3028,.T.);
#3161 = ORIENTED_EDGE('',*,*,#3162,.F.);
#3162 = EDGE_CURVE('',#3137,#3021,#3163,.T.);
#3163 = LINE('',#3164,#3165);
#3164 = CARTESIAN_POINT('',(3.021832129834,-7.000005192526,
    29.712397573809));
#3165 = VECTOR('',#3166,1.);
#3166 = DIRECTION('',(0.,0.999999999999,-1.336137262997E-06));
#3167 = PLANE('',#3168);
#3168 = AXIS2_PLACEMENT_3D('',#3169,#3170,#3171);
#3169 = CARTESIAN_POINT('',(3.835556667767,2.189680294551,
    29.587704699135));
#3170 = DIRECTION('',(0.151454579621,1.32072387482E-06,0.988464218022));
#3171 = DIRECTION('',(0.,0.999999999999,-1.336137262997E-06));
#3172 = ADVANCED_FACE('',(#3173),#3183,.T.);
#3173 = FACE_BOUND('',#3174,.T.);
#3174 = EDGE_LOOP('',(#3175,#3176,#3182));
#3175 = ORIENTED_EDGE('',*,*,#3020,.T.);
#3176 = ORIENTED_EDGE('',*,*,#3177,.T.);
#3177 = EDGE_CURVE('',#2997,#3137,#3178,.T.);
#3178 = LINE('',#3179,#3180);
#3179 = CARTESIAN_POINT('',(1.298342979794E-07,10.000029731053,
    29.630852315073));
#3180 = VECTOR('',#3181,1.);
#3181 = DIRECTION('',(0.175009126849,-0.984555484345,4.722686281053E-03)
  );
#3182 = ORIENTED_EDGE('',*,*,#3162,.T.);
#3183 = PLANE('',#3184);
#3184 = AXIS2_PLACEMENT_3D('',#3185,#3186,#3187);
#3185 = CARTESIAN_POINT('',(2.199730279331,2.18908606732,29.690206751723
    ));
#3186 = DIRECTION('',(-2.696804266304E-02,1.335651304946E-06,
    0.999636296196));
#3187 = DIRECTION('',(-1.734723475977E-18,0.999999999999,
    -1.336137263108E-06));
#3188 = ADVANCED_FACE('',(#3189),#3199,.T.);
#3189 = FACE_BOUND('',#3190,.T.);
#3190 = EDGE_LOOP('',(#3191,#3192,#3193));
#3191 = ORIENTED_EDGE('',*,*,#3091,.T.);
#3192 = ORIENTED_EDGE('',*,*,#3059,.F.);
#3193 = ORIENTED_EDGE('',*,*,#3194,.T.);
#3194 = EDGE_CURVE('',#3060,#3083,#3195,.T.);
#3195 = LINE('',#3196,#3197);
#3196 = CARTESIAN_POINT('',(6.012646129834,10.00010698054,
    29.254116008033));
#3197 = VECTOR('',#3198,1.);
#3198 = DIRECTION('',(-0.988464217944,-1.243392270761E-05,0.151454579626
    ));
#3199 = PLANE('',#3200);
#3200 = AXIS2_PLACEMENT_3D('',#3201,#3202,#3203);
#3201 = CARTESIAN_POINT('',(2.397552759896,10.000009050817,
    41.412599501951));
#3202 = DIRECTION('',(-1.188643221484E-05,0.999999999919,
    4.520231651872E-06));
#3203 = DIRECTION('',(-8.470329472543E-22,-4.520231652205E-06,
    0.99999999999));
#3204 = ADVANCED_FACE('',(#3205),#3222,.T.);
#3205 = FACE_BOUND('',#3206,.T.);
#3206 = EDGE_LOOP('',(#3207,#3215,#3221));
#3207 = ORIENTED_EDGE('',*,*,#3208,.T.);
#3208 = EDGE_CURVE('',#2975,#3209,#3211,.T.);
#3209 = VERTEX_POINT('',#3210);
#3210 = CARTESIAN_POINT('',(11.779076129834,10.000075515949,
    27.444652618311));
#3211 = LINE('',#3212,#3213);
#3212 = CARTESIAN_POINT('',(8.941750129834,10.000053140672,
    28.495619850986));
#3213 = VECTOR('',#3214,1.);
#3214 = DIRECTION('',(0.937737376938,7.39503838712E-06,-0.347345090418)
  );
#3215 = ORIENTED_EDGE('',*,*,#3216,.F.);
#3216 = EDGE_CURVE('',#3060,#3209,#3217,.T.);
#3217 = LINE('',#3218,#3219);
#3218 = CARTESIAN_POINT('',(6.012646129834,10.00010698054,
    29.254116008033));
#3219 = VECTOR('',#3220,1.);
#3220 = DIRECTION('',(0.954128182054,-5.206211157432E-06,-0.299398417136
    ));
#3221 = ORIENTED_EDGE('',*,*,#3068,.F.);
#3222 = PLANE('',#3223);
#3223 = AXIS2_PLACEMENT_3D('',#3224,#3225,#3226);
#3224 = CARTESIAN_POINT('',(8.907340438983,10.000081715235,
    28.385966776398));
#3225 = DIRECTION('',(7.940858904314E-05,0.999999969077,
    2.356717927289E-04));
#3226 = DIRECTION('',(0.,-2.35671793472E-04,0.999999972229));
#3227 = ADVANCED_FACE('',(#3228),#3245,.T.);
#3228 = FACE_BOUND('',#3229,.T.);
#3229 = EDGE_LOOP('',(#3230,#3231,#3239));
#3230 = ORIENTED_EDGE('',*,*,#3082,.F.);
#3231 = ORIENTED_EDGE('',*,*,#3232,.T.);
#3232 = EDGE_CURVE('',#3083,#3233,#3235,.T.);
#3233 = VERTEX_POINT('',#3234);
#3234 = CARTESIAN_POINT('',(-27.99999987016,10.000027252049,
    10.390231126008));
#3235 = LINE('',#3236,#3237);
#3236 = CARTESIAN_POINT('',(3.021832129834,10.000069358996,
    29.712374859376));
#3237 = VECTOR('',#3238,1.);
#3238 = DIRECTION('',(-0.84881509158,-1.15212444815E-06,-0.528689833745)
  );
#3239 = ORIENTED_EDGE('',*,*,#3240,.T.);
#3240 = EDGE_CURVE('',#3233,#2997,#3241,.T.);
#3241 = LINE('',#3242,#3243);
#3242 = CARTESIAN_POINT('',(-27.99999987016,10.00002725205,
    10.390231126008));
#3243 = VECTOR('',#3244,1.);
#3244 = DIRECTION('',(0.824170780727,7.296860959904E-08,0.566341349538)
  );
#3245 = PLANE('',#3246);
#3246 = AXIS2_PLACEMENT_3D('',#3247,#3248,#3249);
#3247 = CARTESIAN_POINT('',(-12.61159779828,10.000039203399,
    20.42790544023));
#3248 = DIRECTION('',(-1.364614751865E-05,0.999999999712,
    1.972977508108E-05));
#3249 = DIRECTION('',(8.470329472543E-22,-1.972977508286E-05,
    0.999999999805));
#3250 = ADVANCED_FACE('',(#3251),#3268,.T.);
#3251 = FACE_BOUND('',#3252,.T.);
#3252 = EDGE_LOOP('',(#3253,#3254,#3262));
#3253 = ORIENTED_EDGE('',*,*,#3121,.F.);
#3254 = ORIENTED_EDGE('',*,*,#3255,.F.);
#3255 = EDGE_CURVE('',#3256,#3114,#3258,.T.);
#3256 = VERTEX_POINT('',#3257);
#3257 = CARTESIAN_POINT('',(11.779076129834,-6.999997660823,
    27.444675664499));
#3258 = LINE('',#3259,#3260);
#3259 = CARTESIAN_POINT('',(11.779076129834,-6.999997660822,
    27.444675664499));
#3260 = VECTOR('',#3261,1.);
#3261 = DIRECTION('',(-0.93773746879,-7.567394240238E-06,0.347344842441)
  );
#3262 = ORIENTED_EDGE('',*,*,#3263,.T.);
#3263 = EDGE_CURVE('',#3256,#2975,#3264,.T.);
#3264 = LINE('',#3265,#3266);
#3265 = CARTESIAN_POINT('',(11.779076129834,-6.999997660822,
    27.444675664499));
#3266 = VECTOR('',#3267,1.);
#3267 = DIRECTION('',(-0.164318704557,0.984527800156,6.086356917929E-02)
  );
#3268 = PLANE('',#3269);
#3269 = AXIS2_PLACEMENT_3D('',#3270,#3271,#3272);
#3270 = CARTESIAN_POINT('',(9.713713348094,0.810384106077,
    28.209691004667));
#3271 = DIRECTION('',(0.347344842442,1.224179832615E-06,0.937737468819)
  );
#3272 = DIRECTION('',(0.,0.999999999999,-1.305461148016E-06));
#3273 = ADVANCED_FACE('',(#3274),#3284,.T.);
#3274 = FACE_BOUND('',#3275,.T.);
#3275 = EDGE_LOOP('',(#3276,#3277,#3278));
#3276 = ORIENTED_EDGE('',*,*,#3113,.T.);
#3277 = ORIENTED_EDGE('',*,*,#3144,.F.);
#3278 = ORIENTED_EDGE('',*,*,#3279,.T.);
#3279 = EDGE_CURVE('',#3137,#3114,#3280,.T.);
#3280 = LINE('',#3281,#3282);
#3281 = CARTESIAN_POINT('',(3.021832129834,-7.000005192526,
    29.712397573809));
#3282 = VECTOR('',#3283,1.);
#3283 = DIRECTION('',(0.97952402077,-2.542342084896E-06,-0.201327327326)
  );
#3284 = PLANE('',#3285);
#3285 = AXIS2_PLACEMENT_3D('',#3286,#3287,#3288);
#3286 = CARTESIAN_POINT('',(5.989509765541,-7.000001328318,
    29.14157352288));
#3287 = DIRECTION('',(5.814486352897E-05,-0.999999954643,
    2.955218909961E-04));
#3288 = DIRECTION('',(-3.388131789017E-21,-2.955218914957E-04,
    -0.999999956333));
#3289 = ADVANCED_FACE('',(#3290),#3307,.T.);
#3290 = FACE_BOUND('',#3291,.T.);
#3291 = EDGE_LOOP('',(#3292,#3300,#3301));
#3292 = ORIENTED_EDGE('',*,*,#3293,.T.);
#3293 = EDGE_CURVE('',#3294,#3137,#3296,.T.);
#3294 = VERTEX_POINT('',#3295);
#3295 = CARTESIAN_POINT('',(1.29834290874E-07,-7.000043967218,
    29.630874508008));
#3296 = LINE('',#3297,#3298);
#3297 = CARTESIAN_POINT('',(1.298342979794E-07,-7.000043967217,
    29.630874508008));
#3298 = VECTOR('',#3299,1.);
#3299 = DIRECTION('',(0.999636291465,1.28268508739E-05,
    2.696821503173E-02));
#3300 = ORIENTED_EDGE('',*,*,#3177,.F.);
#3301 = ORIENTED_EDGE('',*,*,#3302,.T.);
#3302 = EDGE_CURVE('',#2997,#3294,#3303,.T.);
#3303 = LINE('',#3304,#3305);
#3304 = CARTESIAN_POINT('',(1.298342979794E-07,10.000029731053,
    29.630852315073));
#3305 = VECTOR('',#3306,1.);
#3306 = DIRECTION('',(0.,-0.999999999999,1.305461136247E-06));
#3307 = PLANE('',#3308);
#3308 = AXIS2_PLACEMENT_3D('',#3309,#3310,#3311);
#3309 = CARTESIAN_POINT('',(0.822101999408,0.810938681575,
    29.653042997662));
#3310 = DIRECTION('',(-2.696821505066E-02,1.304986329165E-06,
    0.999636291546));
#3311 = DIRECTION('',(1.734723475977E-18,0.999999999999,
    -1.305461136358E-06));
#3312 = ADVANCED_FACE('',(#3313),#3323,.T.);
#3313 = FACE_BOUND('',#3314,.T.);
#3314 = EDGE_LOOP('',(#3315,#3321,#3322));
#3315 = ORIENTED_EDGE('',*,*,#3316,.T.);
#3316 = EDGE_CURVE('',#3060,#3233,#3317,.T.);
#3317 = LINE('',#3318,#3319);
#3318 = CARTESIAN_POINT('',(6.012646129834,10.00010698054,
    29.254116008033));
#3319 = VECTOR('',#3320,1.);
#3320 = DIRECTION('',(-0.874506656799,-2.049916819818E-06,
    -0.485013512399));
#3321 = ORIENTED_EDGE('',*,*,#3232,.F.);
#3322 = ORIENTED_EDGE('',*,*,#3194,.F.);
#3323 = PLANE('',#3324);
#3324 = AXIS2_PLACEMENT_3D('',#3325,#3326,#3327);
#3325 = CARTESIAN_POINT('',(-11.09207955652,10.000059166664,
    20.301432114008));
#3326 = DIRECTION('',(-1.03635178566E-05,0.999999999842,
    1.44594910339E-05));
#3327 = DIRECTION('',(-8.470329472543E-22,-1.445949103468E-05,
    0.999999999895));
#3328 = ADVANCED_FACE('',(#3329),#3339,.T.);
#3329 = FACE_BOUND('',#3330,.T.);
#3330 = EDGE_LOOP('',(#3331,#3332,#3338));
#3331 = ORIENTED_EDGE('',*,*,#3263,.F.);
#3332 = ORIENTED_EDGE('',*,*,#3333,.F.);
#3333 = EDGE_CURVE('',#3209,#3256,#3334,.T.);
#3334 = LINE('',#3335,#3336);
#3335 = CARTESIAN_POINT('',(11.779076129834,10.00007551595,
    27.444652618311));
#3336 = VECTOR('',#3337,1.);
#3337 = DIRECTION('',(0.,-0.999999999999,1.355652291923E-06));
#3338 = ORIENTED_EDGE('',*,*,#3208,.F.);
#3339 = PLANE('',#3340);
#3340 = AXIS2_PLACEMENT_3D('',#3341,#3342,#3343);
#3341 = CARTESIAN_POINT('',(11.00711289564,2.189671305468,
    27.730604287629));
#3342 = DIRECTION('',(0.347345090419,1.271245824108E-06,0.937737376967)
  );
#3343 = DIRECTION('',(-2.775557561563E-17,0.999999999999,
    -1.355652291646E-06));
#3344 = ADVANCED_FACE('',(#3345),#3362,.T.);
#3345 = FACE_BOUND('',#3346,.T.);
#3346 = EDGE_LOOP('',(#3347,#3355,#3361));
#3347 = ORIENTED_EDGE('',*,*,#3348,.T.);
#3348 = EDGE_CURVE('',#3209,#3349,#3351,.T.);
#3349 = VERTEX_POINT('',#3350);
#3350 = CARTESIAN_POINT('',(17.063145129834,10.000097244459,
    24.511242363199));
#3351 = LINE('',#3352,#3353);
#3352 = CARTESIAN_POINT('',(11.779076129834,10.00007551595,
    27.444652618311));
#3353 = VECTOR('',#3354,1.);
#3354 = DIRECTION('',(0.87431061781,3.595234358639E-06,-0.485366813423)
  );
#3355 = ORIENTED_EDGE('',*,*,#3356,.F.);
#3356 = EDGE_CURVE('',#3060,#3349,#3357,.T.);
#3357 = LINE('',#3358,#3359);
#3358 = CARTESIAN_POINT('',(6.012646129834,10.00010698054,
    29.254116008033));
#3359 = VECTOR('',#3360,1.);
#3360 = DIRECTION('',(0.918935779226,-8.096315844697E-07,-0.394407192705
    ));
#3361 = ORIENTED_EDGE('',*,*,#3216,.T.);
#3362 = PLANE('',#3363);
#3363 = AXIS2_PLACEMENT_3D('',#3364,#3365,#3366);
#3364 = CARTESIAN_POINT('',(11.598349756382,10.000095446251,
    27.023532355836));
#3365 = DIRECTION('',(1.789718957001E-05,0.999999999054,
    3.964617417967E-05));
#3366 = DIRECTION('',(0.,-3.9646174186E-05,0.999999999214));
#3367 = ADVANCED_FACE('',(#3368),#3385,.T.);
#3368 = FACE_BOUND('',#3369,.T.);
#3369 = EDGE_LOOP('',(#3370,#3371,#3379));
#3370 = ORIENTED_EDGE('',*,*,#3240,.F.);
#3371 = ORIENTED_EDGE('',*,*,#3372,.T.);
#3372 = EDGE_CURVE('',#3233,#3373,#3375,.T.);
#3373 = VERTEX_POINT('',#3374);
#3374 = CARTESIAN_POINT('',(-27.99999987016,-7.000047299473,
    10.390253840442));
#3375 = LINE('',#3376,#3377);
#3376 = CARTESIAN_POINT('',(-27.99999987016,10.00002725205,
    10.390231126008));
#3377 = VECTOR('',#3378,1.);
#3378 = DIRECTION('',(0.,-0.999999999999,1.336137274432E-06));
#3379 = ORIENTED_EDGE('',*,*,#3380,.T.);
#3380 = EDGE_CURVE('',#3373,#2997,#3381,.T.);
#3381 = LINE('',#3382,#3383);
#3382 = CARTESIAN_POINT('',(-27.99999987016,-7.000047299472,
    10.390253840442));
#3383 = VECTOR('',#3384,1.);
#3384 = DIRECTION('',(0.737045471939,0.447493921356,0.506471285112));
#3385 = PLANE('',#3386);
#3386 = AXIS2_PLACEMENT_3D('',#3387,#3388,#3389);
#3387 = CARTESIAN_POINT('',(-16.67527716394,4.746013959048,
    18.172191705434));
#3388 = DIRECTION('',(-0.566341349538,1.101205300447E-06,0.824170780726)
  );
#3389 = DIRECTION('',(-0.778833278545,-0.327099471013,-0.535186565876));
#3390 = ADVANCED_FACE('',(#3391),#3408,.T.);
#3391 = FACE_BOUND('',#3392,.T.);
#3392 = EDGE_LOOP('',(#3393,#3394,#3402));
#3393 = ORIENTED_EDGE('',*,*,#3255,.T.);
#3394 = ORIENTED_EDGE('',*,*,#3395,.F.);
#3395 = EDGE_CURVE('',#3396,#3114,#3398,.T.);
#3396 = VERTEX_POINT('',#3397);
#3397 = CARTESIAN_POINT('',(19.455654129834,-7.000085675632,
    22.659073556911));
#3398 = LINE('',#3399,#3400);
#3399 = CARTESIAN_POINT('',(19.455654129834,-7.000085675631,
    22.659073556911));
#3400 = VECTOR('',#3401,1.);
#3401 = DIRECTION('',(-0.874315714742,5.415088474958E-06,0.485357631985)
  );
#3402 = ORIENTED_EDGE('',*,*,#3403,.T.);
#3403 = EDGE_CURVE('',#3396,#3256,#3404,.T.);
#3404 = LINE('',#3405,#3406);
#3405 = CARTESIAN_POINT('',(19.455654129834,-7.000085675631,
    22.659073556911));
#3406 = VECTOR('',#3407,1.);
#3407 = DIRECTION('',(-0.848606816415,9.729591407021E-06,0.529024074158)
  );
#3408 = PLANE('',#3409);
#3409 = AXIS2_PLACEMENT_3D('',#3410,#3411,#3412);
#3410 = CARTESIAN_POINT('',(14.249322037771,-7.00004329315,
    25.680538757119));
#3411 = DIRECTION('',(3.6671065515E-05,-0.999999996346,
    7.721559287727E-05));
#3412 = DIRECTION('',(0.,-7.721559292917E-05,-0.999999997019));
#3413 = ADVANCED_FACE('',(#3414),#3424,.T.);
#3414 = FACE_BOUND('',#3415,.T.);
#3415 = EDGE_LOOP('',(#3416,#3417,#3418));
#3416 = ORIENTED_EDGE('',*,*,#3279,.F.);
#3417 = ORIENTED_EDGE('',*,*,#3293,.F.);
#3418 = ORIENTED_EDGE('',*,*,#3419,.T.);
#3419 = EDGE_CURVE('',#3294,#3114,#3420,.T.);
#3420 = LINE('',#3421,#3422);
#3421 = CARTESIAN_POINT('',(1.298342979794E-07,-7.000043967217,
    29.630874508008));
#3422 = VECTOR('',#3423,1.);
#3423 = DIRECTION('',(0.992036888003,2.597165670831E-06,-0.125947659108)
  );
#3424 = PLANE('',#3425);
#3425 = AXIS2_PLACEMENT_3D('',#3426,#3427,#3428);
#3426 = CARTESIAN_POINT('',(4.481036647538,-7.000024497281,
    29.178602248336));
#3427 = DIRECTION('',(1.104155960716E-05,-0.999999997738,
    6.634874221234E-05));
#3428 = DIRECTION('',(-8.470329472543E-22,-6.634874221645E-05,
    -0.999999997799));
#3429 = ADVANCED_FACE('',(#3430),#3440,.T.);
#3430 = FACE_BOUND('',#3431,.T.);
#3431 = EDGE_LOOP('',(#3432,#3433,#3434));
#3432 = ORIENTED_EDGE('',*,*,#3302,.F.);
#3433 = ORIENTED_EDGE('',*,*,#3380,.F.);
#3434 = ORIENTED_EDGE('',*,*,#3435,.T.);
#3435 = EDGE_CURVE('',#3373,#3294,#3436,.T.);
#3436 = LINE('',#3437,#3438);
#3437 = CARTESIAN_POINT('',(-27.99999987016,-7.000047299472,
    10.390253840442));
#3438 = VECTOR('',#3439,1.);
#3439 = DIRECTION('',(0.824170787892,9.808381745691E-08,0.566341339111)
  );
#3440 = PLANE('',#3441);
#3441 = AXIS2_PLACEMENT_3D('',#3442,#3443,#3444);
#3442 = CARTESIAN_POINT('',(-11.32472267612,-1.74603129671,
    21.848914232144));
#3443 = DIRECTION('',(-0.566341339111,1.075922933691E-06,0.824170787891)
  );
#3444 = DIRECTION('',(-0.778833281105,-0.327099469356,-0.535186563164));
#3445 = ADVANCED_FACE('',(#3446),#3463,.T.);
#3446 = FACE_BOUND('',#3447,.T.);
#3447 = EDGE_LOOP('',(#3448,#3456,#3462));
#3448 = ORIENTED_EDGE('',*,*,#3449,.T.);
#3449 = EDGE_CURVE('',#3060,#3450,#3452,.T.);
#3450 = VERTEX_POINT('',#3451);
#3451 = CARTESIAN_POINT('',(-10.75954087016,10.000092843147,
    12.92772874939));
#3452 = LINE('',#3453,#3454);
#3453 = CARTESIAN_POINT('',(6.012646129834,10.00010698054,
    29.254116008033));
#3454 = VECTOR('',#3455,1.);
#3455 = DIRECTION('',(-0.716565703439,-6.039981866324E-07,
    -0.697519600194));
#3456 = ORIENTED_EDGE('',*,*,#3457,.T.);
#3457 = EDGE_CURVE('',#3450,#3233,#3458,.T.);
#3458 = LINE('',#3459,#3460);
#3459 = CARTESIAN_POINT('',(-10.75954087016,10.000092843148,
    12.92772874939));
#3460 = VECTOR('',#3461,1.);
#3461 = DIRECTION('',(-0.98934148401,-3.763936545775E-06,-0.145613969117
    ));
#3462 = ORIENTED_EDGE('',*,*,#3316,.F.);
#3463 = PLANE('',#3464);
#3464 = AXIS2_PLACEMENT_3D('',#3465,#3466,#3467);
#3465 = CARTESIAN_POINT('',(-10.29590776298,10.000075199518,
    18.410381440028));
#3466 = DIRECTION('',(-4.33205092925E-06,0.999999999984,
    3.584416745139E-06));
#3467 = DIRECTION('',(-4.235164736272E-22,-3.584416745195E-06,
    0.999999999994));
#3468 = ADVANCED_FACE('',(#3469),#3486,.T.);
#3469 = FACE_BOUND('',#3470,.T.);
#3470 = EDGE_LOOP('',(#3471,#3479,#3480));
#3471 = ORIENTED_EDGE('',*,*,#3472,.F.);
#3472 = EDGE_CURVE('',#3209,#3473,#3475,.T.);
#3473 = VERTEX_POINT('',#3474);
#3474 = CARTESIAN_POINT('',(14.495499129834,9.999948877519,
    26.112082668116));
#3475 = LINE('',#3476,#3477);
#3476 = CARTESIAN_POINT('',(11.779076129834,10.00007551595,
    27.444652618311));
#3477 = VECTOR('',#3478,1.);
#3478 = DIRECTION('',(0.897791358865,-4.185463325584E-05,-0.440421019248
    ));
#3479 = ORIENTED_EDGE('',*,*,#3333,.T.);
#3480 = ORIENTED_EDGE('',*,*,#3481,.F.);
#3481 = EDGE_CURVE('',#3473,#3256,#3482,.T.);
#3482 = LINE('',#3483,#3484);
#3483 = CARTESIAN_POINT('',(14.495499129834,9.99994887752,
    26.112082668116));
#3484 = VECTOR('',#3485,1.);
#3485 = DIRECTION('',(-0.157317795024,-0.984527853334,7.717523811845E-02
    ));
#3486 = PLANE('',#3487);
#3487 = AXIS2_PLACEMENT_3D('',#3488,#3489,#3490);
#3488 = CARTESIAN_POINT('',(12.51814230413,2.18963611097,27.082106500471
    ));
#3489 = DIRECTION('',(0.440421019679,1.21709291423E-06,0.897791359628));
#3490 = DIRECTION('',(-8.326672684689E-17,0.999999999999,
    -1.355652291701E-06));
#3491 = ADVANCED_FACE('',(#3492),#3502,.T.);
#3492 = FACE_BOUND('',#3493,.T.);
#3493 = EDGE_LOOP('',(#3494,#3500,#3501));
#3494 = ORIENTED_EDGE('',*,*,#3495,.T.);
#3495 = EDGE_CURVE('',#3473,#3349,#3496,.T.);
#3496 = LINE('',#3497,#3498);
#3497 = CARTESIAN_POINT('',(14.495499129834,9.99994887752,
    26.112082668116));
#3498 = VECTOR('',#3499,1.);
#3499 = DIRECTION('',(0.848582783704,4.903387408356E-05,-0.529062620865)
  );
#3500 = ORIENTED_EDGE('',*,*,#3348,.F.);
#3501 = ORIENTED_EDGE('',*,*,#3472,.T.);
#3502 = PLANE('',#3503);
#3503 = AXIS2_PLACEMENT_3D('',#3504,#3505,#3506);
#3504 = CARTESIAN_POINT('',(14.439734139522,10.000051982481,
    26.011494849545));
#3505 = DIRECTION('',(4.319748980271E-04,0.999999598162,
    7.855408782432E-04));
#3506 = DIRECTION('',(-2.710505431214E-20,-7.855409515351E-04,
    0.999999691463));
#3507 = ADVANCED_FACE('',(#3508),#3525,.T.);
#3508 = FACE_BOUND('',#3509,.T.);
#3509 = EDGE_LOOP('',(#3510,#3511,#3519));
#3510 = ORIENTED_EDGE('',*,*,#3356,.T.);
#3511 = ORIENTED_EDGE('',*,*,#3512,.T.);
#3512 = EDGE_CURVE('',#3349,#3513,#3515,.T.);
#3513 = VERTEX_POINT('',#3514);
#3514 = CARTESIAN_POINT('',(6.585697129834,10.000118106217,
    17.010062940557));
#3515 = LINE('',#3516,#3517);
#3516 = CARTESIAN_POINT('',(17.063145129834,10.00009724446,
    24.511242363199));
#3517 = VECTOR('',#3518,1.);
#3518 = DIRECTION('',(-0.813098432342,1.618968984707E-06,-0.582126222842
    ));
#3519 = ORIENTED_EDGE('',*,*,#3520,.T.);
#3520 = EDGE_CURVE('',#3513,#3060,#3521,.T.);
#3521 = LINE('',#3522,#3523);
#3522 = CARTESIAN_POINT('',(6.585697129834,10.000118106218,
    17.010062940557));
#3523 = VECTOR('',#3524,1.);
#3524 = DIRECTION('',(-4.675121891674E-02,-9.076661682816E-07,
    0.998906563963));
#3525 = PLANE('',#3526);
#3526 = AXIS2_PLACEMENT_3D('',#3527,#3528,#3529);
#3527 = CARTESIAN_POINT('',(9.909604650143,10.000107480952,
    23.523390627828));
#3528 = DIRECTION('',(1.29710593889E-06,0.999999999999,
    9.693673931888E-07));
#3529 = DIRECTION('',(-1.058791184068E-22,-9.693673931888E-07,1.));
#3530 = ADVANCED_FACE('',(#3531),#3548,.T.);
#3531 = FACE_BOUND('',#3532,.T.);
#3532 = EDGE_LOOP('',(#3533,#3541,#3542));
#3533 = ORIENTED_EDGE('',*,*,#3534,.T.);
#3534 = EDGE_CURVE('',#3535,#3373,#3537,.T.);
#3535 = VERTEX_POINT('',#3536);
#3536 = CARTESIAN_POINT('',(-28.90759387016,9.999888342919,
    7.503843013771));
#3537 = LINE('',#3538,#3539);
#3538 = CARTESIAN_POINT('',(-28.90759387016,9.99988834292,7.503843013772
    ));
#3539 = VECTOR('',#3540,1.);
#3540 = DIRECTION('',(5.256202551359E-02,-0.984527278678,0.167162409088)
  );
#3541 = ORIENTED_EDGE('',*,*,#3372,.F.);
#3542 = ORIENTED_EDGE('',*,*,#3543,.T.);
#3543 = EDGE_CURVE('',#3233,#3535,#3544,.T.);
#3544 = LINE('',#3545,#3546);
#3545 = CARTESIAN_POINT('',(-27.99999987016,10.00002725205,
    10.390231126008));
#3546 = VECTOR('',#3547,1.);
#3547 = DIRECTION('',(-0.299959978747,-4.590949260147E-05,
    -0.953951785492));
#3548 = PLANE('',#3549);
#3549 = AXIS2_PLACEMENT_3D('',#3550,#3551,#3552);
#3550 = CARTESIAN_POINT('',(-28.24693219611,2.189593097261,
    9.604931687362));
#3551 = DIRECTION('',(-0.953951786502,4.007877088541E-07,0.299959979045)
  );
#3552 = DIRECTION('',(0.2591319645,0.503684263305,0.824107267213));
#3553 = ADVANCED_FACE('',(#3554),#3564,.T.);
#3554 = FACE_BOUND('',#3555,.T.);
#3555 = EDGE_LOOP('',(#3556,#3557,#3563));
#3556 = ORIENTED_EDGE('',*,*,#3419,.F.);
#3557 = ORIENTED_EDGE('',*,*,#3558,.T.);
#3558 = EDGE_CURVE('',#3294,#3396,#3559,.T.);
#3559 = LINE('',#3560,#3561);
#3560 = CARTESIAN_POINT('',(1.298342979794E-07,-7.000043967217,
    29.630874508008));
#3561 = VECTOR('',#3562,1.);
#3562 = DIRECTION('',(0.94138347078,-2.018108046148E-06,-0.337338347862)
  );
#3563 = ORIENTED_EDGE('',*,*,#3395,.T.);
#3564 = PLANE('',#3565);
#3565 = AXIS2_PLACEMENT_3D('',#3566,#3567,#3568);
#3566 = CARTESIAN_POINT('',(9.880801065036,-7.000054409822,
    26.612012852907));
#3567 = DIRECTION('',(5.23076052385E-06,-0.999999999775,
    2.05795148594E-05));
#3568 = DIRECTION('',(0.,-2.057951485968E-05,-0.999999999788));
#3569 = ADVANCED_FACE('',(#3570),#3587,.T.);
#3570 = FACE_BOUND('',#3571,.T.);
#3571 = EDGE_LOOP('',(#3572,#3573,#3581));
#3572 = ORIENTED_EDGE('',*,*,#3403,.F.);
#3573 = ORIENTED_EDGE('',*,*,#3574,.F.);
#3574 = EDGE_CURVE('',#3575,#3396,#3577,.T.);
#3575 = VERTEX_POINT('',#3576);
#3576 = CARTESIAN_POINT('',(17.063145129834,-6.999976453811,
    24.511264556135));
#3577 = LINE('',#3578,#3579);
#3578 = CARTESIAN_POINT('',(17.063145129834,-6.99997645381,
    24.511264556135));
#3579 = VECTOR('',#3580,1.);
#3580 = DIRECTION('',(0.790735551057,-3.609832906942E-05,-0.612157893841
    ));
#3581 = ORIENTED_EDGE('',*,*,#3582,.T.);
#3582 = EDGE_CURVE('',#3575,#3256,#3583,.T.);
#3583 = LINE('',#3584,#3585);
#3584 = CARTESIAN_POINT('',(17.063145129834,-6.99997645381,
    24.511264556135));
#3585 = VECTOR('',#3586,1.);
#3586 = DIRECTION('',(-0.874310557898,-3.508946307101E-06,0.485366921344
    ));
#3587 = PLANE('',#3588);
#3588 = AXIS2_PLACEMENT_3D('',#3589,#3590,#3591);
#3589 = CARTESIAN_POINT('',(15.659546621028,-7.000021677874,
    25.115867812644));
#3590 = DIRECTION('',(1.298973941422E-04,-0.999999965853,
    2.267598225461E-04));
#3591 = DIRECTION('',(1.355252715607E-20,-2.26759824459E-04,
    -0.99999997429));
#3592 = ADVANCED_FACE('',(#3593),#3610,.T.);
#3593 = FACE_BOUND('',#3594,.T.);
#3594 = EDGE_LOOP('',(#3595,#3603,#3604));
#3595 = ORIENTED_EDGE('',*,*,#3596,.F.);
#3596 = EDGE_CURVE('',#3294,#3597,#3599,.T.);
#3597 = VERTEX_POINT('',#3598);
#3598 = CARTESIAN_POINT('',(-11.38580287016,-7.000083474699,
    15.656914779261));
#3599 = LINE('',#3600,#3601);
#3600 = CARTESIAN_POINT('',(1.298342979794E-07,-7.000043967217,
    29.630874508008));
#3601 = VECTOR('',#3602,1.);
#3602 = DIRECTION('',(-0.631660067591,-2.191790763884E-06,
    -0.775245483061));
#3603 = ORIENTED_EDGE('',*,*,#3435,.F.);
#3604 = ORIENTED_EDGE('',*,*,#3605,.F.);
#3605 = EDGE_CURVE('',#3597,#3373,#3606,.T.);
#3606 = LINE('',#3607,#3608);
#3607 = CARTESIAN_POINT('',(-11.38580287016,-7.000083474697,
    15.656914779261));
#3608 = VECTOR('',#3609,1.);
#3609 = DIRECTION('',(-0.95325138414,2.075579352445E-06,-0.302178421848)
  );
#3610 = PLANE('',#3611);
#3611 = AXIS2_PLACEMENT_3D('',#3612,#3613,#3614);
#3612 = CARTESIAN_POINT('',(-13.27239844867,-7.000055288283,
    18.940248377484));
#3613 = DIRECTION('',(-4.14390066757E-06,-0.999999999972,
    6.203618653722E-06));
#3614 = DIRECTION('',(-2.117582368136E-22,-6.203618653666E-06,
    -0.999999999981));
#3615 = ADVANCED_FACE('',(#3616),#3633,.T.);
#3616 = FACE_BOUND('',#3617,.T.);
#3617 = EDGE_LOOP('',(#3618,#3626,#3627));
#3618 = ORIENTED_EDGE('',*,*,#3619,.T.);
#3619 = EDGE_CURVE('',#3620,#3450,#3622,.T.);
#3620 = VERTEX_POINT('',#3621);
#3621 = CARTESIAN_POINT('',(-19.10871587016,10.000092083414,
    1.925197860797));
#3622 = LINE('',#3623,#3624);
#3623 = CARTESIAN_POINT('',(-19.10871587016,10.000092083415,
    1.925197860797));
#3624 = VECTOR('',#3625,1.);
#3625 = DIRECTION('',(0.604498027624,5.500629257638E-08,0.796606637305)
  );
#3626 = ORIENTED_EDGE('',*,*,#3449,.F.);
#3627 = ORIENTED_EDGE('',*,*,#3628,.F.);
#3628 = EDGE_CURVE('',#3620,#3060,#3629,.T.);
#3629 = LINE('',#3630,#3631);
#3630 = CARTESIAN_POINT('',(-19.10871587016,10.000092083415,
    1.925197860797));
#3631 = VECTOR('',#3632,1.);
#3632 = DIRECTION('',(0.676746538583,4.013149495496E-07,0.736216084119)
  );
#3633 = PLANE('',#3634);
#3634 = AXIS2_PLACEMENT_3D('',#3635,#3636,#3637);
#3635 = CARTESIAN_POINT('',(-6.791713081625,10.000098338259,
    15.805110246947));
#3636 = DIRECTION('',(-2.96826261494E-06,0.999999999993,
    2.183389544608E-06));
#3637 = DIRECTION('',(0.,-2.183389544719E-06,0.999999999998));
#3638 = ADVANCED_FACE('',(#3639),#3649,.T.);
#3639 = FACE_BOUND('',#3640,.T.);
#3640 = EDGE_LOOP('',(#3641,#3647,#3648));
#3641 = ORIENTED_EDGE('',*,*,#3642,.T.);
#3642 = EDGE_CURVE('',#3620,#3233,#3643,.T.);
#3643 = LINE('',#3644,#3645);
#3644 = CARTESIAN_POINT('',(-19.10871587016,10.000092083415,
    1.925197860797));
#3645 = VECTOR('',#3646,1.);
#3646 = DIRECTION('',(-0.724254113036,-5.280945056585E-06,0.689533160713
    ));
#3647 = ORIENTED_EDGE('',*,*,#3457,.F.);
#3648 = ORIENTED_EDGE('',*,*,#3619,.F.);
#3649 = PLANE('',#3650);
#3650 = AXIS2_PLACEMENT_3D('',#3651,#3652,#3653);
#3651 = CARTESIAN_POINT('',(-19.14644786569,10.000070229371,
    8.763512384061));
#3652 = DIRECTION('',(-4.27138781078E-06,0.999999999986,
    3.172254781469E-06));
#3653 = DIRECTION('',(2.117582368136E-22,-3.172254781469E-06,
    0.999999999995));
#3654 = ADVANCED_FACE('',(#3655),#3672,.T.);
#3655 = FACE_BOUND('',#3656,.T.);
#3656 = EDGE_LOOP('',(#3657,#3658,#3666));
#3657 = ORIENTED_EDGE('',*,*,#3481,.T.);
#3658 = ORIENTED_EDGE('',*,*,#3659,.F.);
#3659 = EDGE_CURVE('',#3660,#3256,#3662,.T.);
#3660 = VERTEX_POINT('',#3661);
#3661 = CARTESIAN_POINT('',(14.495499129834,-6.999916105585,
    26.111978468885));
#3662 = LINE('',#3663,#3664);
#3663 = CARTESIAN_POINT('',(14.495499129834,-6.999916105584,
    26.111978468885));
#3664 = VECTOR('',#3665,1.);
#3665 = DIRECTION('',(-0.897774730089,-2.695391384758E-05,0.440454916293
    ));
#3666 = ORIENTED_EDGE('',*,*,#3667,.F.);
#3667 = EDGE_CURVE('',#3473,#3660,#3668,.T.);
#3668 = LINE('',#3669,#3670);
#3669 = CARTESIAN_POINT('',(14.495499129834,9.99994887752,
    26.112082668116));
#3670 = VECTOR('',#3671,1.);
#3671 = DIRECTION('',(0.,-0.999999999981,-6.129415169198E-06));
#3672 = PLANE('',#3673);
#3673 = AXIS2_PLACEMENT_3D('',#3674,#3675,#3676);
#3674 = CARTESIAN_POINT('',(13.756427899135,0.81035541713,
    26.474620148241));
#3675 = DIRECTION('',(0.44045491658,-5.502834050708E-06,0.897774730336)
  );
#3676 = DIRECTION('',(0.,0.999999999981,6.129415169198E-06));
#3677 = ADVANCED_FACE('',(#3678),#3693,.T.);
#3678 = FACE_BOUND('',#3679,.T.);
#3679 = EDGE_LOOP('',(#3680,#3686,#3692));
#3680 = ORIENTED_EDGE('',*,*,#3681,.F.);
#3681 = EDGE_CURVE('',#3575,#3473,#3682,.T.);
#3682 = LINE('',#3683,#3684);
#3683 = CARTESIAN_POINT('',(17.063145129834,-6.99997645381,
    24.511264556135));
#3684 = VECTOR('',#3685,1.);
#3685 = DIRECTION('',(-0.148701599124,0.984526715035,9.27091246838E-02)
  );
#3686 = ORIENTED_EDGE('',*,*,#3687,.F.);
#3687 = EDGE_CURVE('',#3349,#3575,#3688,.T.);
#3688 = LINE('',#3689,#3690);
#3689 = CARTESIAN_POINT('',(17.063145129834,10.00009724446,
    24.511242363199));
#3690 = VECTOR('',#3691,1.);
#3691 = DIRECTION('',(0.,-0.999999999999,1.305461147627E-06));
#3692 = ORIENTED_EDGE('',*,*,#3495,.F.);
#3693 = PLANE('',#3694);
#3694 = AXIS2_PLACEMENT_3D('',#3695,#3696,#3697);
#3695 = CARTESIAN_POINT('',(16.364555167436,2.189679362699,
    24.94679973696));
#3696 = DIRECTION('',(0.529062621454,1.107791856192E-06,0.848582784753)
  );
#3697 = DIRECTION('',(-0.807420520728,0.30767126513,0.50339894251));
#3698 = ADVANCED_FACE('',(#3699),#3716,.T.);
#3699 = FACE_BOUND('',#3700,.T.);
#3700 = EDGE_LOOP('',(#3701,#3709,#3710));
#3701 = ORIENTED_EDGE('',*,*,#3702,.T.);
#3702 = EDGE_CURVE('',#3703,#3513,#3705,.T.);
#3703 = VERTEX_POINT('',#3704);
#3704 = CARTESIAN_POINT('',(23.619095129834,10.000072959119,
    18.278215383701));
#3705 = LINE('',#3706,#3707);
#3706 = CARTESIAN_POINT('',(23.619095129834,10.00007295912,
    18.278215383701));
#3707 = VECTOR('',#3708,1.);
#3708 = DIRECTION('',(-0.997239997593,2.64318911667E-06,
    -7.424545233717E-02));
#3709 = ORIENTED_EDGE('',*,*,#3512,.F.);
#3710 = ORIENTED_EDGE('',*,*,#3711,.T.);
#3711 = EDGE_CURVE('',#3349,#3703,#3712,.T.);
#3712 = LINE('',#3713,#3714);
#3713 = CARTESIAN_POINT('',(17.063145129834,10.00009724446,
    24.511242363199));
#3714 = VECTOR('',#3715,1.);
#3715 = DIRECTION('',(0.724730306594,-2.684633283401E-06,-0.689032642693
    ));
#3716 = PLANE('',#3717);
#3717 = AXIS2_PLACEMENT_3D('',#3718,#3719,#3720);
#3718 = CARTESIAN_POINT('',(15.234414480746,10.000097124728,
    19.543198305401));
#3719 = DIRECTION('',(2.72703397981E-06,0.999999999996,
    -1.027918079932E-06));
#3720 = DIRECTION('',(0.,1.027918079932E-06,0.999999999999));
#3721 = ADVANCED_FACE('',(#3722),#3732,.T.);
#3722 = FACE_BOUND('',#3723,.T.);
#3723 = EDGE_LOOP('',(#3724,#3725,#3726));
#3724 = ORIENTED_EDGE('',*,*,#3628,.T.);
#3725 = ORIENTED_EDGE('',*,*,#3520,.F.);
#3726 = ORIENTED_EDGE('',*,*,#3727,.T.);
#3727 = EDGE_CURVE('',#3513,#3620,#3728,.T.);
#3728 = LINE('',#3729,#3730);
#3729 = CARTESIAN_POINT('',(6.585697129834,10.000118106218,
    17.010062940557));
#3730 = VECTOR('',#3731,1.);
#3731 = DIRECTION('',(-0.862366523184,-8.733880997314E-07,-0.50628448494
    ));
#3732 = PLANE('',#3733);
#3733 = AXIS2_PLACEMENT_3D('',#3734,#3735,#3736);
#3734 = CARTESIAN_POINT('',(-4.45123210033,10.000103639828,
    14.453465996823));
#3735 = DIRECTION('',(-1.50489316797E-06,0.999999999999,
    8.382271267093E-07));
#3736 = DIRECTION('',(1.058791184068E-22,-8.382271266538E-07,1.));
#3737 = ADVANCED_FACE('',(#3738),#3755,.T.);
#3738 = FACE_BOUND('',#3739,.T.);
#3739 = EDGE_LOOP('',(#3740,#3748,#3749));
#3740 = ORIENTED_EDGE('',*,*,#3741,.F.);
#3741 = EDGE_CURVE('',#3373,#3742,#3744,.T.);
#3742 = VERTEX_POINT('',#3743);
#3743 = CARTESIAN_POINT('',(-28.90759387016,-6.99997630843,7.50373743979
    ));
#3744 = LINE('',#3745,#3746);
#3745 = CARTESIAN_POINT('',(-27.99999987016,-7.000047299472,
    10.390253840442));
#3746 = VECTOR('',#3747,1.);
#3747 = DIRECTION('',(-0.299947846987,2.346160319461E-05,-0.953955600926
    ));
#3748 = ORIENTED_EDGE('',*,*,#3534,.F.);
#3749 = ORIENTED_EDGE('',*,*,#3750,.T.);
#3750 = EDGE_CURVE('',#3535,#3742,#3751,.T.);
#3751 = LINE('',#3752,#3753);
#3752 = CARTESIAN_POINT('',(-28.90759387016,9.99988834292,7.503843013772
    ));
#3753 = VECTOR('',#3754,1.);
#3754 = DIRECTION('',(0.,-0.999999999981,-6.210283616637E-06));
#3755 = PLANE('',#3756);
#3756 = AXIS2_PLACEMENT_3D('',#3757,#3758,#3759);
#3757 = CARTESIAN_POINT('',(-28.66065947553,0.810274791264,
    8.289137301321));
#3758 = DIRECTION('',(-0.9539556012,-1.862761200233E-06,0.299947847027)
  );
#3759 = DIRECTION('',(0.25912010602,0.503685922454,0.824109981845));
#3760 = ADVANCED_FACE('',(#3761),#3778,.T.);
#3761 = FACE_BOUND('',#3762,.T.);
#3762 = EDGE_LOOP('',(#3763,#3764,#3772));
#3763 = ORIENTED_EDGE('',*,*,#3543,.F.);
#3764 = ORIENTED_EDGE('',*,*,#3765,.F.);
#3765 = EDGE_CURVE('',#3766,#3233,#3768,.T.);
#3766 = VERTEX_POINT('',#3767);
#3767 = CARTESIAN_POINT('',(-29.82639587016,10.000001034235,
    1.530395121664));
#3768 = LINE('',#3769,#3770);
#3769 = CARTESIAN_POINT('',(-29.82639587016,10.000001034236,
    1.530395121663));
#3770 = VECTOR('',#3771,1.);
#3771 = DIRECTION('',(0.201898112879,2.898236359905E-06,0.979406530511)
  );
#3772 = ORIENTED_EDGE('',*,*,#3773,.T.);
#3773 = EDGE_CURVE('',#3766,#3535,#3774,.T.);
#3774 = LINE('',#3775,#3776);
#3775 = CARTESIAN_POINT('',(-29.82639587016,10.000001034236,
    1.530395121663));
#3776 = VECTOR('',#3777,1.);
#3777 = DIRECTION('',(0.152026476011,-1.86460888526E-05,0.988376421331)
  );
#3778 = PLANE('',#3779);
#3779 = AXIS2_PLACEMENT_3D('',#3780,#3781,#3782);
#3780 = CARTESIAN_POINT('',(-28.98786272619,9.999981560712,
    5.977687893117));
#3781 = DIRECTION('',(-4.17064317278E-04,0.999999909583,
    8.301584681863E-05));
#3782 = DIRECTION('',(-5.421010862428E-20,-8.301585403864E-05,
    0.999999996554));
#3783 = ADVANCED_FACE('',(#3784),#3794,.T.);
#3784 = FACE_BOUND('',#3785,.T.);
#3785 = EDGE_LOOP('',(#3786,#3792,#3793));
#3786 = ORIENTED_EDGE('',*,*,#3787,.F.);
#3787 = EDGE_CURVE('',#3396,#3597,#3788,.T.);
#3788 = LINE('',#3789,#3790);
#3789 = CARTESIAN_POINT('',(19.455654129834,-7.000085675631,
    22.659073556911));
#3790 = VECTOR('',#3791,1.);
#3791 = DIRECTION('',(-0.975182462902,6.959178458499E-08,-0.221402719152
    ));
#3792 = ORIENTED_EDGE('',*,*,#3558,.F.);
#3793 = ORIENTED_EDGE('',*,*,#3596,.T.);
#3794 = PLANE('',#3795);
#3795 = AXIS2_PLACEMENT_3D('',#3796,#3797,#3798);
#3796 = CARTESIAN_POINT('',(3.214511589476,-7.000073423729,
    22.105073357342));
#3797 = DIRECTION('',(-8.7513621009E-07,-0.999999999993,
    3.540271335145E-06));
#3798 = DIRECTION('',(0.,-3.540271335201E-06,-0.999999999994));
#3799 = ADVANCED_FACE('',(#3800),#3810,.T.);
#3800 = FACE_BOUND('',#3801,.T.);
#3801 = EDGE_LOOP('',(#3802,#3803,#3809));
#3802 = ORIENTED_EDGE('',*,*,#3574,.T.);
#3803 = ORIENTED_EDGE('',*,*,#3804,.T.);
#3804 = EDGE_CURVE('',#3396,#3349,#3805,.T.);
#3805 = LINE('',#3806,#3807);
#3806 = CARTESIAN_POINT('',(19.455654129834,-7.000085675631,
    22.659073556911));
#3807 = VECTOR('',#3808,1.);
#3808 = DIRECTION('',(-0.138556936577,0.984528487318,0.107264313666));
#3809 = ORIENTED_EDGE('',*,*,#3687,.T.);
#3810 = PLANE('',#3811);
#3811 = AXIS2_PLACEMENT_3D('',#3812,#3813,#3814);
#3812 = CARTESIAN_POINT('',(17.714086326173,0.810402771076,
    24.007320027881));
#3813 = DIRECTION('',(0.612157894269,1.032274540402E-06,0.790735551549)
  );
#3814 = DIRECTION('',(-0.740597394033,0.350419818833,0.573342350189));
#3815 = ADVANCED_FACE('',(#3816),#3826,.T.);
#3816 = FACE_BOUND('',#3817,.T.);
#3817 = EDGE_LOOP('',(#3818,#3819,#3825));
#3818 = ORIENTED_EDGE('',*,*,#3582,.F.);
#3819 = ORIENTED_EDGE('',*,*,#3820,.T.);
#3820 = EDGE_CURVE('',#3575,#3660,#3821,.T.);
#3821 = LINE('',#3822,#3823);
#3822 = CARTESIAN_POINT('',(17.063145129834,-6.99997645381,
    24.511264556135));
#3823 = VECTOR('',#3824,1.);
#3824 = DIRECTION('',(-0.848601537859,1.99449601794E-05,0.529032541103)
  );
#3825 = ORIENTED_EDGE('',*,*,#3659,.T.);
#3826 = PLANE('',#3827);
#3827 = AXIS2_PLACEMENT_3D('',#3828,#3829,#3830);
#3828 = CARTESIAN_POINT('',(14.439720697907,-6.999969307985,
    26.011493165312));
#3829 = DIRECTION('',(2.277529995852E-04,-0.999999892847,
    4.030309804747E-04));
#3830 = DIRECTION('',(0.,-4.030309909276E-04,-0.999999918783));
#3831 = ADVANCED_FACE('',(#3832),#3857,.T.);
#3832 = FACE_BOUND('',#3833,.T.);
#3833 = EDGE_LOOP('',(#3834,#3842,#3843,#3851));
#3834 = ORIENTED_EDGE('',*,*,#3835,.F.);
#3835 = EDGE_CURVE('',#3597,#3836,#3838,.T.);
#3836 = VERTEX_POINT('',#3837);
#3837 = CARTESIAN_POINT('',(7.005684129834,-7.000109787802,
    12.587193275142));
#3838 = LINE('',#3839,#3840);
#3839 = CARTESIAN_POINT('',(-11.38580287016,-7.000083474697,
    15.656914779261));
#3840 = VECTOR('',#3841,1.);
#3841 = DIRECTION('',(0.98635498901,-1.411199704926E-06,-0.164632425886)
  );
#3842 = ORIENTED_EDGE('',*,*,#3605,.T.);
#3843 = ORIENTED_EDGE('',*,*,#3844,.F.);
#3844 = EDGE_CURVE('',#3845,#3373,#3847,.T.);
#3845 = VERTEX_POINT('',#3846);
#3846 = CARTESIAN_POINT('',(1.051445264909,-7.000100881375,
    13.329829349667));
#3847 = LINE('',#3848,#3849);
#3848 = CARTESIAN_POINT('',(-10.216796477,-7.000080098424,
    12.189652754984));
#3849 = VECTOR('',#3850,1.);
#3850 = DIRECTION('',(-0.994919757698,1.835010030996E-06,-0.100671126639
    ));
#3851 = ORIENTED_EDGE('',*,*,#3852,.F.);
#3852 = EDGE_CURVE('',#3836,#3845,#3853,.T.);
#3853 = LINE('',#3854,#3855);
#3854 = CARTESIAN_POINT('',(-6.646251871915,-7.000089366895,
    14.290007208859));
#3855 = VECTOR('',#3856,1.);
#3856 = DIRECTION('',(-0.992311557846,1.484312437801E-06,0.123764987626)
  );
#3857 = PLANE('',#3858);
#3858 = AXIS2_PLACEMENT_3D('',#3859,#3860,#3861);
#3859 = CARTESIAN_POINT('',(-10.57275917547,-7.000080060932,
    12.55481619513));
#3860 = DIRECTION('',(-1.68825600482E-06,-0.999999999997,
    -1.542952591416E-06));
#3861 = DIRECTION('',(0.,1.542952591416E-06,-0.999999999999));
#3862 = ADVANCED_FACE('',(#3863),#3880,.T.);
#3863 = FACE_BOUND('',#3864,.T.);
#3864 = EDGE_LOOP('',(#3865,#3866,#3874));
#3865 = ORIENTED_EDGE('',*,*,#3642,.F.);
#3866 = ORIENTED_EDGE('',*,*,#3867,.F.);
#3867 = EDGE_CURVE('',#3868,#3620,#3870,.T.);
#3868 = VERTEX_POINT('',#3869);
#3869 = CARTESIAN_POINT('',(-29.42892870018,10.000006084294,
    1.100334333299));
#3870 = LINE('',#3871,#3872);
#3871 = CARTESIAN_POINT('',(-25.65449508303,10.000037536949,
    1.402012392648));
#3872 = VECTOR('',#3873,1.);
#3873 = DIRECTION('',(0.996821062492,8.306585812135E-06,
    7.967288938731E-02));
#3874 = ORIENTED_EDGE('',*,*,#3875,.F.);
#3875 = EDGE_CURVE('',#3233,#3868,#3876,.T.);
#3876 = LINE('',#3877,#3878);
#3877 = CARTESIAN_POINT('',(-27.99999987016,10.00002725205,
    10.390231126008));
#3878 = VECTOR('',#3879,1.);
#3879 = DIRECTION('',(-0.152027453088,-2.25209249699E-06,-0.988376271216
    ));
#3880 = PLANE('',#3881);
#3881 = AXIS2_PLACEMENT_3D('',#3882,#3883,#3884);
#3882 = CARTESIAN_POINT('',(-25.65646053884,10.000039838417,
    3.698513929393));
#3883 = DIRECTION('',(-8.25241140759E-06,0.999999999965,
    -1.00923042945E-06));
#3884 = DIRECTION('',(4.235164736272E-22,1.00923042945E-06,
    0.999999999999));
#3885 = ADVANCED_FACE('',(#3886),#3891,.T.);
#3886 = FACE_BOUND('',#3887,.T.);
#3887 = EDGE_LOOP('',(#3888,#3889,#3890));
#3888 = ORIENTED_EDGE('',*,*,#3667,.T.);
#3889 = ORIENTED_EDGE('',*,*,#3820,.F.);
#3890 = ORIENTED_EDGE('',*,*,#3681,.T.);
#3891 = PLANE('',#3892);
#3892 = AXIS2_PLACEMENT_3D('',#3893,#3894,#3895);
#3893 = CARTESIAN_POINT('',(15.194091952611,0.810359244767,
    25.676511768616));
#3894 = DIRECTION('',(0.529032541113,-5.201431140023E-06,0.848601538071)
  );
#3895 = DIRECTION('',(-0.807441432986,0.307656339434,0.503374521706));
#3896 = ADVANCED_FACE('',(#3897),#3914,.T.);
#3897 = FACE_BOUND('',#3898,.T.);
#3898 = EDGE_LOOP('',(#3899,#3907,#3913));
#3899 = ORIENTED_EDGE('',*,*,#3900,.T.);
#3900 = EDGE_CURVE('',#3703,#3901,#3903,.T.);
#3901 = VERTEX_POINT('',#3902);
#3902 = CARTESIAN_POINT('',(25.347294129834,10.00005043277,
    15.794627393182));
#3903 = LINE('',#3904,#3905);
#3904 = CARTESIAN_POINT('',(23.619095129834,10.00007295912,
    18.278215383701));
#3905 = VECTOR('',#3906,1.);
#3906 = DIRECTION('',(0.571172639574,-7.444995445915E-06,-0.820829955439
    ));
#3907 = ORIENTED_EDGE('',*,*,#3908,.F.);
#3908 = EDGE_CURVE('',#3513,#3901,#3909,.T.);
#3909 = LINE('',#3910,#3911);
#3910 = CARTESIAN_POINT('',(6.585697129834,10.000118106218,
    17.010062940557));
#3911 = VECTOR('',#3912,1.);
#3912 = DIRECTION('',(0.997908153149,-3.599474175556E-06,
    -6.464764392673E-02));
#3913 = ORIENTED_EDGE('',*,*,#3702,.F.);
#3914 = PLANE('',#3915);
#3915 = AXIS2_PLACEMENT_3D('',#3916,#3917,#3918);
#3916 = CARTESIAN_POINT('',(16.249469666964,10.00008745863,
    16.996812442776));
#3917 = DIRECTION('',(3.16197001726E-06,0.999999999971,
    -6.869832962775E-06));
#3918 = DIRECTION('',(2.117582368136E-22,6.86983296283E-06,
    0.999999999976));
#3919 = ADVANCED_FACE('',(#3920),#3937,.T.);
#3920 = FACE_BOUND('',#3921,.T.);
#3921 = EDGE_LOOP('',(#3922,#3930,#3931));
#3922 = ORIENTED_EDGE('',*,*,#3923,.T.);
#3923 = EDGE_CURVE('',#3924,#3703,#3926,.T.);
#3924 = VERTEX_POINT('',#3925);
#3925 = CARTESIAN_POINT('',(19.455654129834,9.99998750114,
    22.659050510723));
#3926 = LINE('',#3927,#3928);
#3927 = CARTESIAN_POINT('',(19.455654129834,9.99998750114,
    22.659050510723));
#3928 = VECTOR('',#3929,1.);
#3929 = DIRECTION('',(0.688892744385,1.414007834627E-05,-0.724863288168)
  );
#3930 = ORIENTED_EDGE('',*,*,#3711,.F.);
#3931 = ORIENTED_EDGE('',*,*,#3932,.T.);
#3932 = EDGE_CURVE('',#3349,#3924,#3933,.T.);
#3933 = LINE('',#3934,#3935);
#3934 = CARTESIAN_POINT('',(17.063145129834,10.00009724446,
    24.511242363199));
#3935 = VECTOR('',#3936,1.);
#3936 = DIRECTION('',(0.790735414547,-3.627068018014E-05,-0.612158070163
    ));
#3937 = PLANE('',#3938);
#3938 = AXIS2_PLACEMENT_3D('',#3939,#3940,#3941);
#3939 = CARTESIAN_POINT('',(20.392521537853,10.000059658782,
    21.451612760011));
#3940 = DIRECTION('',(2.307299902406E-04,0.999999944872,
    2.387875018363E-04));
#3941 = DIRECTION('',(1.355252715607E-20,-2.387875081924E-04,
    0.99999997149));
#3942 = ADVANCED_FACE('',(#3943),#3969,.T.);
#3943 = FACE_BOUND('',#3944,.T.);
#3944 = EDGE_LOOP('',(#3945,#3946,#3947,#3955,#3963));
#3945 = ORIENTED_EDGE('',*,*,#3727,.F.);
#3946 = ORIENTED_EDGE('',*,*,#3908,.T.);
#3947 = ORIENTED_EDGE('',*,*,#3948,.F.);
#3948 = EDGE_CURVE('',#3949,#3901,#3951,.T.);
#3949 = VERTEX_POINT('',#3950);
#3950 = CARTESIAN_POINT('',(10.853297489435,10.000071347399,
    12.307808484121));
#3951 = LINE('',#3952,#3953);
#3952 = CARTESIAN_POINT('',(10.055942649359,10.000072497957,
    12.115991648372));
#3953 = VECTOR('',#3954,1.);
#3954 = DIRECTION('',(0.972261427976,-1.40295914923E-06,0.233896805597)
  );
#3955 = ORIENTED_EDGE('',*,*,#3956,.F.);
#3956 = EDGE_CURVE('',#3957,#3949,#3959,.T.);
#3957 = VERTEX_POINT('',#3958);
#3958 = CARTESIAN_POINT('',(10.603955283158,10.000071625086,
    12.236238314178));
#3959 = LINE('',#3960,#3961);
#3960 = CARTESIAN_POINT('',(7.369016500788,10.000075227726,
    11.307704438389));
#3961 = VECTOR('',#3962,1.);
#3962 = DIRECTION('',(0.961187639098,-1.070455661362E-06,0.275895491888)
  );
#3963 = ORIENTED_EDGE('',*,*,#3964,.F.);
#3964 = EDGE_CURVE('',#3620,#3957,#3965,.T.);
#3965 = LINE('',#3966,#3967);
#3966 = CARTESIAN_POINT('',(0.63966367731,10.000078485922,8.778375127396
    ));
#3967 = VECTOR('',#3968,1.);
#3968 = DIRECTION('',(0.94473137685,-6.504842532951E-07,0.327845429425)
  );
#3969 = PLANE('',#3970);
#3970 = AXIS2_PLACEMENT_3D('',#3971,#3972,#3973);
#3971 = CARTESIAN_POINT('',(2.720365752497,10.000084422531,
    10.540268493569));
#3972 = DIRECTION('',(3.14790187112E-06,0.99999999997,
    -7.086990414018E-06));
#3973 = DIRECTION('',(2.117582368136E-22,7.086990414018E-06,
    0.999999999975));
#3974 = ADVANCED_FACE('',(#3975),#3992,.T.);
#3975 = FACE_BOUND('',#3976,.T.);
#3976 = EDGE_LOOP('',(#3977,#3985,#3991));
#3977 = ORIENTED_EDGE('',*,*,#3978,.T.);
#3978 = EDGE_CURVE('',#3742,#3979,#3981,.T.);
#3979 = VERTEX_POINT('',#3980);
#3980 = CARTESIAN_POINT('',(-29.82639587016,-7.000072142537,
    1.530418167852));
#3981 = LINE('',#3982,#3983);
#3982 = CARTESIAN_POINT('',(-28.90759387016,-6.999976308429,
    7.503737439791));
#3983 = VECTOR('',#3984,1.);
#3984 = DIRECTION('',(-0.15202967386,-1.585720099395E-05,-0.9883759295)
  );
#3985 = ORIENTED_EDGE('',*,*,#3986,.F.);
#3986 = EDGE_CURVE('',#3373,#3979,#3987,.T.);
#3987 = LINE('',#3988,#3989);
#3988 = CARTESIAN_POINT('',(-27.99999987016,-7.000047299472,
    10.390253840442));
#3989 = VECTOR('',#3990,1.);
#3990 = DIRECTION('',(-0.201898120131,-2.746265325204E-06,
    -0.979406529016));
#3991 = ORIENTED_EDGE('',*,*,#3741,.T.);
#3992 = PLANE('',#3993);
#3993 = AXIS2_PLACEMENT_3D('',#3994,#3995,#3996);
#3994 = CARTESIAN_POINT('',(-28.98785645912,-7.000039875664,
    5.977708941552));
#3995 = DIRECTION('',(-2.530246644172E-04,-0.999999966479,
    5.49633555943E-05));
#3996 = DIRECTION('',(-1.355252715607E-20,-5.496335735367E-05,
    -0.99999999849));
#3997 = ADVANCED_FACE('',(#3998),#4015,.T.);
#3998 = FACE_BOUND('',#3999,.T.);
#3999 = EDGE_LOOP('',(#4000,#4001,#4009));
#4000 = ORIENTED_EDGE('',*,*,#3750,.F.);
#4001 = ORIENTED_EDGE('',*,*,#4002,.T.);
#4002 = EDGE_CURVE('',#3535,#4003,#4005,.T.);
#4003 = VERTEX_POINT('',#4004);
#4004 = CARTESIAN_POINT('',(-29.51848187016,-6.999927474615,4.5404097473
    ));
#4005 = LINE('',#4006,#4007);
#4006 = CARTESIAN_POINT('',(-28.90759387016,9.99988834292,7.503843013772
    ));
#4007 = VECTOR('',#4008,1.);
#4008 = DIRECTION('',(-3.537895643858E-02,-0.984527021766,
    -0.171624219895));
#4009 = ORIENTED_EDGE('',*,*,#4010,.F.);
#4010 = EDGE_CURVE('',#3742,#4003,#4011,.T.);
#4011 = LINE('',#4012,#4013);
#4012 = CARTESIAN_POINT('',(-28.90759387016,-6.999976308429,
    7.503737439791));
#4013 = VECTOR('',#4014,1.);
#4014 = DIRECTION('',(-0.201903754222,1.613999715333E-05,-0.97940536744)
  );
#4015 = PLANE('',#4016);
#4016 = AXIS2_PLACEMENT_3D('',#4017,#4018,#4019);
#4017 = CARTESIAN_POINT('',(-29.07380054905,0.810347054449,
    6.697541830174));
#4018 = DIRECTION('',(-0.979405367571,-1.253879577057E-06,0.201903754229
    ));
#4019 = DIRECTION('',(0.173237268477,0.513612635886,0.840351657979));
#4020 = ADVANCED_FACE('',(#4021),#4031,.T.);
#4021 = FACE_BOUND('',#4022,.T.);
#4022 = EDGE_LOOP('',(#4023,#4029,#4030));
#4023 = ORIENTED_EDGE('',*,*,#4024,.F.);
#4024 = EDGE_CURVE('',#3766,#3868,#4025,.T.);
#4025 = LINE('',#4026,#4027);
#4026 = CARTESIAN_POINT('',(-28.35097684004,10.000019780324,
    -6.602170226154E-02));
#4027 = VECTOR('',#4028,1.);
#4028 = DIRECTION('',(0.67873006397,8.623673881547E-06,-0.734387840442)
  );
#4029 = ORIENTED_EDGE('',*,*,#3765,.T.);
#4030 = ORIENTED_EDGE('',*,*,#3875,.T.);
#4031 = PLANE('',#4032);
#4032 = AXIS2_PLACEMENT_3D('',#4033,#4034,#4035);
#4033 = CARTESIAN_POINT('',(-29.028415937,10.000012227262,4.459171596977
    ));
#4034 = DIRECTION('',(-1.300639312674E-05,0.999999999915,
    -2.779950142306E-07));
#4035 = DIRECTION('',(-8.470329472543E-22,2.779950142306E-07,1.));
#4036 = ADVANCED_FACE('',(#4037),#4054,.T.);
#4037 = FACE_BOUND('',#4038,.T.);
#4038 = EDGE_LOOP('',(#4039,#4047,#4048));
#4039 = ORIENTED_EDGE('',*,*,#4040,.F.);
#4040 = EDGE_CURVE('',#3535,#4041,#4043,.T.);
#4041 = VERTEX_POINT('',#4042);
#4042 = CARTESIAN_POINT('',(-29.51848187016,9.99987388578,4.540409849697
    ));
#4043 = LINE('',#4044,#4045);
#4044 = CARTESIAN_POINT('',(-28.90759387016,9.99988834292,7.503843013772
    ));
#4045 = VECTOR('',#4046,1.);
#4046 = DIRECTION('',(-0.201896861209,-4.778046157172E-06,
    -0.979406788526));
#4047 = ORIENTED_EDGE('',*,*,#3773,.F.);
#4048 = ORIENTED_EDGE('',*,*,#4049,.F.);
#4049 = EDGE_CURVE('',#4041,#3766,#4050,.T.);
#4050 = LINE('',#4051,#4052);
#4051 = CARTESIAN_POINT('',(-29.51848187016,9.99987388578,4.540409849697
    ));
#4052 = VECTOR('',#4053,1.);
#4053 = DIRECTION('',(-0.101765429077,4.202250359453E-05,-0.994808421596
    ));
#4054 = PLANE('',#4055);
#4055 = AXIS2_PLACEMENT_3D('',#4056,#4057,#4058);
#4056 = CARTESIAN_POINT('',(-29.40489056662,9.999926976462,
    4.522947962795));
#4057 = DIRECTION('',(-4.537540947944E-04,0.999999893123,
    8.865926075913E-05));
#4058 = DIRECTION('',(0.,-8.865926988622E-05,0.99999999607));
#4059 = ADVANCED_FACE('',(#4060),#4070,.T.);
#4060 = FACE_BOUND('',#4061,.T.);
#4061 = EDGE_LOOP('',(#4062,#4063,#4069));
#4062 = ORIENTED_EDGE('',*,*,#3835,.T.);
#4063 = ORIENTED_EDGE('',*,*,#4064,.F.);
#4064 = EDGE_CURVE('',#3396,#3836,#4065,.T.);
#4065 = LINE('',#4066,#4067);
#4066 = CARTESIAN_POINT('',(19.455654129834,-7.000085675631,
    22.659073556911));
#4067 = VECTOR('',#4068,1.);
#4068 = DIRECTION('',(-0.777448426393,-1.5057039085E-06,-0.62894669432)
  );
#4069 = ORIENTED_EDGE('',*,*,#3787,.T.);
#4070 = PLANE('',#4071);
#4071 = AXIS2_PLACEMENT_3D('',#4072,#4073,#4074);
#4072 = CARTESIAN_POINT('',(4.505447339025,-7.000091144927,
    17.370610376308));
#4073 = DIRECTION('',(-8.5478041526E-07,-0.999999999994,
    3.450612932498E-06));
#4074 = DIRECTION('',(5.293955920339E-23,-3.450612932443E-06,
    -0.999999999994));
#4075 = ADVANCED_FACE('',(#4076),#4086,.T.);
#4076 = FACE_BOUND('',#4077,.T.);
#4077 = EDGE_LOOP('',(#4078,#4079,#4080));
#4078 = ORIENTED_EDGE('',*,*,#3932,.F.);
#4079 = ORIENTED_EDGE('',*,*,#3804,.F.);
#4080 = ORIENTED_EDGE('',*,*,#4081,.T.);
#4081 = EDGE_CURVE('',#3396,#3924,#4082,.T.);
#4082 = LINE('',#4083,#4084);
#4083 = CARTESIAN_POINT('',(19.455654129834,-7.000085675631,
    22.659073556911));
#4084 = VECTOR('',#4085,1.);
#4085 = DIRECTION('',(0.,0.999999999999,-1.355652291923E-06));
#4086 = PLANE('',#4087);
#4087 = AXIS2_PLACEMENT_3D('',#4088,#4089,#4090);
#4088 = CARTESIAN_POINT('',(18.804712916755,2.189608776774,
    23.162995676098));
#4089 = DIRECTION('',(0.612158070596,1.071962277721E-06,0.790735415043)
  );
#4090 = DIRECTION('',(-0.740597250246,0.350419901479,0.57334248541));
#4091 = ADVANCED_FACE('',(#4092),#4109,.T.);
#4092 = FACE_BOUND('',#4093,.T.);
#4093 = EDGE_LOOP('',(#4094,#4102,#4103));
#4094 = ORIENTED_EDGE('',*,*,#4095,.F.);
#4095 = EDGE_CURVE('',#3836,#4096,#4098,.T.);
#4096 = VERTEX_POINT('',#4097);
#4097 = CARTESIAN_POINT('',(-17.10041287016,-7.000119265223,
    2.673103718258));
#4098 = LINE('',#4099,#4100);
#4099 = CARTESIAN_POINT('',(7.005684129834,-7.000109787801,
    12.587193275142));
#4100 = VECTOR('',#4101,1.);
#4101 = DIRECTION('',(-0.924839433233,-3.636048069022E-07,
    -0.380357756248));
#4102 = ORIENTED_EDGE('',*,*,#3852,.T.);
#4103 = ORIENTED_EDGE('',*,*,#4104,.F.);
#4104 = EDGE_CURVE('',#4096,#3845,#4105,.T.);
#4105 = LINE('',#4106,#4107);
#4106 = CARTESIAN_POINT('',(-17.10041287016,-7.000119265222,
    2.673103718259));
#4107 = VECTOR('',#4108,1.);
#4108 = DIRECTION('',(0.86236654039,8.73388049133E-07,0.506284455633));
#4109 = PLANE('',#4110);
#4110 = AXIS2_PLACEMENT_3D('',#4111,#4112,#4113);
#4111 = CARTESIAN_POINT('',(-3.526944782889,-7.000109354809,
    9.553302432626));
#4112 = DIRECTION('',(-1.05625591088E-06,-0.999999999993,
    3.524239752861E-06));
#4113 = DIRECTION('',(-5.293955920339E-23,-3.524239752695E-06,
    -0.999999999994));
#4114 = ADVANCED_FACE('',(#4115),#4125,.T.);
#4115 = FACE_BOUND('',#4116,.T.);
#4116 = EDGE_LOOP('',(#4117,#4118,#4124));
#4117 = ORIENTED_EDGE('',*,*,#3844,.T.);
#4118 = ORIENTED_EDGE('',*,*,#4119,.F.);
#4119 = EDGE_CURVE('',#4096,#3373,#4120,.T.);
#4120 = LINE('',#4121,#4122);
#4121 = CARTESIAN_POINT('',(-17.10041287016,-7.000119265222,
    2.673103718259));
#4122 = VECTOR('',#4123,1.);
#4123 = DIRECTION('',(-0.81614421657,5.388684105267E-06,0.577848265317)
  );
#4124 = ORIENTED_EDGE('',*,*,#4104,.T.);
#4125 = PLANE('',#4126);
#4126 = AXIS2_PLACEMENT_3D('',#4127,#4128,#4129);
#4127 = CARTESIAN_POINT('',(-9.817268717304,-7.000085751906,
    11.393941434574));
#4128 = DIRECTION('',(-2.43936037311E-06,-0.99999999998,
    5.88011498609E-06));
#4129 = DIRECTION('',(0.,-5.880114985979E-06,-0.999999999983));
#4130 = ADVANCED_FACE('',(#4131),#4149,.T.);
#4131 = FACE_BOUND('',#4132,.T.);
#4132 = EDGE_LOOP('',(#4133,#4141,#4147,#4148));
#4133 = ORIENTED_EDGE('',*,*,#4134,.F.);
#4134 = EDGE_CURVE('',#4135,#3620,#4137,.T.);
#4135 = VERTEX_POINT('',#4136);
#4136 = CARTESIAN_POINT('',(-28.01219287016,10.000061433125,
    -10.35731299588));
#4137 = LINE('',#4138,#4139);
#4138 = CARTESIAN_POINT('',(-28.01219287016,10.000061433126,
    -10.35731299588));
#4139 = VECTOR('',#4140,1.);
#4140 = DIRECTION('',(0.586909525632,2.020440618811E-06,0.809652523443)
  );
#4141 = ORIENTED_EDGE('',*,*,#4142,.T.);
#4142 = EDGE_CURVE('',#4135,#3766,#4143,.T.);
#4143 = LINE('',#4144,#4145);
#4144 = CARTESIAN_POINT('',(-28.01219287016,10.000061433126,
    -10.35731299588));
#4145 = VECTOR('',#4146,1.);
#4146 = DIRECTION('',(-0.150864936463,-5.022632360963E-06,0.988554384402
    ));
#4147 = ORIENTED_EDGE('',*,*,#4024,.T.);
#4148 = ORIENTED_EDGE('',*,*,#3867,.T.);
#4149 = PLANE('',#4150);
#4150 = AXIS2_PLACEMENT_3D('',#4151,#4152,#4153);
#4151 = CARTESIAN_POINT('',(-25.51640757972,10.000053780229,
    -2.597569391692));
#4152 = DIRECTION('',(-8.63385398024E-06,0.999999999956,
    3.763158190562E-06));
#4153 = DIRECTION('',(-8.470329472543E-22,-3.763158190784E-06,
    0.999999999993));
#4154 = ADVANCED_FACE('',(#4155),#4172,.T.);
#4155 = FACE_BOUND('',#4156,.T.);
#4156 = EDGE_LOOP('',(#4157,#4165,#4166));
#4157 = ORIENTED_EDGE('',*,*,#4158,.F.);
#4158 = EDGE_CURVE('',#3901,#4159,#4161,.T.);
#4159 = VERTEX_POINT('',#4160);
#4160 = CARTESIAN_POINT('',(23.619095129834,-7.000000217653,
    18.278238429889));
#4161 = LINE('',#4162,#4163);
#4162 = CARTESIAN_POINT('',(25.347294129834,10.000050432772,
    15.794627393182));
#4163 = VECTOR('',#4164,1.);
#4164 = DIRECTION('',(-0.100085566139,-0.984527646256,0.143833908408));
#4165 = ORIENTED_EDGE('',*,*,#3900,.F.);
#4166 = ORIENTED_EDGE('',*,*,#4167,.T.);
#4167 = EDGE_CURVE('',#3703,#4159,#4168,.T.);
#4168 = LINE('',#4169,#4170);
#4169 = CARTESIAN_POINT('',(23.619095129834,10.00007295912,
    18.278215383701));
#4170 = VECTOR('',#4171,1.);
#4171 = DIRECTION('',(0.,-0.999999999999,1.355652289314E-06));
#4172 = PLANE('',#4173);
#4173 = AXIS2_PLACEMENT_3D('',#4174,#4175,#4176);
#4174 = CARTESIAN_POINT('',(24.089293415006,2.189666242532,17.6025058643
    ));
#4175 = DIRECTION('',(0.820829955465,7.743114963654E-07,0.571172639585)
  );
#4176 = DIRECTION('',(0.510528868512,-0.448415261515,-0.733678422509));
#4177 = ADVANCED_FACE('',(#4178),#4195,.T.);
#4178 = FACE_BOUND('',#4179,.T.);
#4179 = EDGE_LOOP('',(#4180,#4188,#4194));
#4180 = ORIENTED_EDGE('',*,*,#4181,.T.);
#4181 = EDGE_CURVE('',#3924,#4182,#4184,.T.);
#4182 = VERTEX_POINT('',#4183);
#4183 = CARTESIAN_POINT('',(21.648476129834,9.999963906563,
    20.574327407461));
#4184 = LINE('',#4185,#4186);
#4185 = CARTESIAN_POINT('',(19.455654129834,9.99998750114,
    22.659050510723));
#4186 = VECTOR('',#4187,1.);
#4187 = DIRECTION('',(0.72474486383,-7.798192580954E-06,-0.689017330908)
  );
#4188 = ORIENTED_EDGE('',*,*,#4189,.F.);
#4189 = EDGE_CURVE('',#3703,#4182,#4190,.T.);
#4190 = LINE('',#4191,#4192);
#4191 = CARTESIAN_POINT('',(23.619095129834,10.00007295912,
    18.278215383701));
#4192 = VECTOR('',#4193,1.);
#4193 = DIRECTION('',(-0.651271916564,-3.604089231213E-05,0.758844443477
    ));
#4194 = ORIENTED_EDGE('',*,*,#3923,.F.);
#4195 = PLANE('',#4196);
#4196 = AXIS2_PLACEMENT_3D('',#4197,#4198,#4199);
#4197 = CARTESIAN_POINT('',(21.565181101885,10.00001363885,
    20.495059621605));
#4198 = DIRECTION('',(3.037648465904E-04,0.99999990637,
    3.081980829824E-04));
#4199 = DIRECTION('',(2.710505431214E-20,-3.081980972016E-04,
    0.999999952507));
#4200 = ADVANCED_FACE('',(#4201),#4218,.T.);
#4201 = FACE_BOUND('',#4202,.T.);
#4202 = EDGE_LOOP('',(#4203,#4211,#4217));
#4203 = ORIENTED_EDGE('',*,*,#4204,.T.);
#4204 = EDGE_CURVE('',#3957,#4205,#4207,.T.);
#4205 = VERTEX_POINT('',#4206);
#4206 = CARTESIAN_POINT('',(14.472759129834,10.000119109951,
    -0.501194698493));
#4207 = LINE('',#4208,#4209);
#4208 = CARTESIAN_POINT('',(10.399483129834,10.000069115439,
    12.909430975045));
#4209 = VECTOR('',#4210,1.);
#4210 = DIRECTION('',(0.290624879815,3.56706724447E-06,-0.956837070362)
  );
#4211 = ORIENTED_EDGE('',*,*,#4212,.T.);
#4212 = EDGE_CURVE('',#4205,#3620,#4213,.T.);
#4213 = LINE('',#4214,#4215);
#4214 = CARTESIAN_POINT('',(14.472759129834,10.000119109953,
    -0.501194698493));
#4215 = VECTOR('',#4216,1.);
#4216 = DIRECTION('',(-0.997399863257,-8.027123563209E-07,
    7.206603065657E-02));
#4217 = ORIENTED_EDGE('',*,*,#3964,.T.);
#4218 = PLANE('',#4219);
#4219 = AXIS2_PLACEMENT_3D('',#4220,#4221,#4222);
#4220 = CARTESIAN_POINT('',(-0.516040394379,10.00009362226,
    4.350973692537));
#4221 = DIRECTION('',(-5.4745857589E-07,0.999999999994,
    3.561695368248E-06));
#4222 = DIRECTION('',(-5.293955920339E-23,-3.561695368304E-06,
    0.999999999994));
#4223 = ADVANCED_FACE('',(#4224),#4242,.T.);
#4224 = FACE_BOUND('',#4225,.T.);
#4225 = EDGE_LOOP('',(#4226,#4227,#4228,#4236));
#4226 = ORIENTED_EDGE('',*,*,#4204,.F.);
#4227 = ORIENTED_EDGE('',*,*,#3956,.T.);
#4228 = ORIENTED_EDGE('',*,*,#4229,.F.);
#4229 = EDGE_CURVE('',#4230,#3949,#4232,.T.);
#4230 = VERTEX_POINT('',#4231);
#4231 = CARTESIAN_POINT('',(18.023994129834,10.000106614477,
    2.801603395671));
#4232 = LINE('',#4233,#4234);
#4233 = CARTESIAN_POINT('',(18.023994129834,10.000106614478,
    2.801603395671));
#4234 = VECTOR('',#4235,1.);
#4235 = DIRECTION('',(-0.602203687232,-2.961771521925E-06,0.798342482319
    ));
#4236 = ORIENTED_EDGE('',*,*,#4237,.F.);
#4237 = EDGE_CURVE('',#4205,#4230,#4238,.T.);
#4238 = LINE('',#4239,#4240);
#4239 = CARTESIAN_POINT('',(14.472759129834,10.000119109953,
    -0.501194698493));
#4240 = VECTOR('',#4241,1.);
#4241 = DIRECTION('',(0.732256280643,-2.576537313448E-06,0.681029176652)
  );
#4242 = PLANE('',#4243);
#4243 = AXIS2_PLACEMENT_3D('',#4244,#4245,#4246);
#4244 = CARTESIAN_POINT('',(13.735654027376,10.000094487847,
    6.089875295701));
#4245 = DIRECTION('',(4.011861856E-08,0.999999999993,3.740163110444E-06)
  );
#4246 = DIRECTION('',(3.308722450212E-24,-3.740163110555E-06,
    0.999999999993));
#4247 = ADVANCED_FACE('',(#4248),#4258,.T.);
#4248 = FACE_BOUND('',#4249,.T.);
#4249 = EDGE_LOOP('',(#4250,#4251,#4257));
#4250 = ORIENTED_EDGE('',*,*,#3948,.T.);
#4251 = ORIENTED_EDGE('',*,*,#4252,.F.);
#4252 = EDGE_CURVE('',#4230,#3901,#4253,.T.);
#4253 = LINE('',#4254,#4255);
#4254 = CARTESIAN_POINT('',(18.023994129834,10.000106614478,
    2.801603395671));
#4255 = VECTOR('',#4256,1.);
#4256 = DIRECTION('',(0.491010987411,-3.766858532095E-06,0.871153379278)
  );
#4257 = ORIENTED_EDGE('',*,*,#4229,.T.);
#4258 = PLANE('',#4259);
#4259 = AXIS2_PLACEMENT_3D('',#4260,#4261,#4262);
#4260 = CARTESIAN_POINT('',(18.11868556621,10.000074617816,
    10.669033620572));
#4261 = DIRECTION('',(4.6594239109E-07,0.999999999992,4.06136942438E-06)
  );
#4262 = DIRECTION('',(0.,-4.061369424324E-06,0.999999999992));
#4263 = ADVANCED_FACE('',(#4264),#4274,.T.);
#4264 = FACE_BOUND('',#4265,.T.);
#4265 = EDGE_LOOP('',(#4266,#4267,#4273));
#4266 = ORIENTED_EDGE('',*,*,#4010,.T.);
#4267 = ORIENTED_EDGE('',*,*,#4268,.F.);
#4268 = EDGE_CURVE('',#3979,#4003,#4269,.T.);
#4269 = LINE('',#4270,#4271);
#4270 = CARTESIAN_POINT('',(-29.82639587016,-7.000072142536,
    1.530418167852));
#4271 = VECTOR('',#4272,1.);
#4272 = DIRECTION('',(0.101766203581,4.781304251195E-05,0.994808342105)
  );
#4273 = ORIENTED_EDGE('',*,*,#3978,.F.);
#4274 = PLANE('',#4275);
#4275 = AXIS2_PLACEMENT_3D('',#4276,#4277,#4278);
#4276 = CARTESIAN_POINT('',(-29.4048920941,-7.000000022348,4.52290708541
    ));
#4277 = DIRECTION('',(-6.214798066127E-04,-0.99999980065,
    1.116382611612E-04));
#4278 = DIRECTION('',(0.,-1.116382827205E-04,-0.999999993768));
#4279 = ADVANCED_FACE('',(#4280),#4290,.T.);
#4280 = FACE_BOUND('',#4281,.T.);
#4281 = EDGE_LOOP('',(#4282,#4283,#4284));
#4282 = ORIENTED_EDGE('',*,*,#4119,.T.);
#4283 = ORIENTED_EDGE('',*,*,#3986,.T.);
#4284 = ORIENTED_EDGE('',*,*,#4285,.T.);
#4285 = EDGE_CURVE('',#3979,#4096,#4286,.T.);
#4286 = LINE('',#4287,#4288);
#4287 = CARTESIAN_POINT('',(-29.82639587016,-7.000072142536,
    1.530418167852));
#4288 = VECTOR('',#4289,1.);
#4289 = DIRECTION('',(0.995992954048,-3.688034433603E-06,
    8.943173638514E-02));
#4290 = PLANE('',#4291);
#4291 = AXIS2_PLACEMENT_3D('',#4292,#4293,#4294);
#4292 = CARTESIAN_POINT('',(-24.5181398368,-7.000081735179,
    4.775757361914));
#4293 = DIRECTION('',(-4.02922907096E-06,-0.999999999985,
    3.634608300884E-06));
#4294 = DIRECTION('',(0.,-3.63460830094E-06,-0.999999999993));
#4295 = ADVANCED_FACE('',(#4296),#4306,.T.);
#4296 = FACE_BOUND('',#4297,.T.);
#4297 = EDGE_LOOP('',(#4298,#4304,#4305));
#4298 = ORIENTED_EDGE('',*,*,#4299,.F.);
#4299 = EDGE_CURVE('',#4003,#4041,#4300,.T.);
#4300 = LINE('',#4301,#4302);
#4301 = CARTESIAN_POINT('',(-29.51848187016,-6.999927474614,4.5404097473
    ));
#4302 = VECTOR('',#4303,1.);
#4303 = DIRECTION('',(0.,1.,6.023399445887E-09));
#4304 = ORIENTED_EDGE('',*,*,#4002,.F.);
#4305 = ORIENTED_EDGE('',*,*,#4040,.T.);
#4306 = PLANE('',#4307);
#4307 = AXIS2_PLACEMENT_3D('',#4308,#4309,#4310);
#4308 = CARTESIAN_POINT('',(-29.35227452351,2.189619625357,
    5.346685851905));
#4309 = DIRECTION('',(-0.979406788537,-1.216105438573E-09,0.201896861211
    ));
#4310 = DIRECTION('',(0.173231925012,0.513613126033,0.840352459938));
#4311 = ADVANCED_FACE('',(#4312),#4327,.T.);
#4312 = FACE_BOUND('',#4313,.T.);
#4313 = EDGE_LOOP('',(#4314,#4315,#4321));
#4314 = ORIENTED_EDGE('',*,*,#4049,.T.);
#4315 = ORIENTED_EDGE('',*,*,#4316,.F.);
#4316 = EDGE_CURVE('',#3979,#3766,#4317,.T.);
#4317 = LINE('',#4318,#4319);
#4318 = CARTESIAN_POINT('',(-29.82639587016,-7.000072142536,
    1.530418167852));
#4319 = VECTOR('',#4320,1.);
#4320 = DIRECTION('',(0.,0.999999999999,-1.355652303248E-06));
#4321 = ORIENTED_EDGE('',*,*,#4322,.T.);
#4322 = EDGE_CURVE('',#3979,#4041,#4323,.T.);
#4323 = LINE('',#4324,#4325);
#4324 = CARTESIAN_POINT('',(-29.82639587016,-7.000072142536,
    1.530418167852));
#4325 = VECTOR('',#4326,1.);
#4326 = DIRECTION('',(1.783240113298E-02,0.984527682456,0.174319384885)
  );
#4327 = PLANE('',#4328);
#4328 = AXIS2_PLACEMENT_3D('',#4329,#4330,#4331);
#4329 = CARTESIAN_POINT('',(-29.74262059263,2.18957193492,2.349351321991
    ));
#4330 = DIRECTION('',(-0.994808422474,1.379585384403E-07,0.101765429173)
  );
#4331 = DIRECTION('',(8.695424082574E-02,0.519522344769,0.850020878148)
  );
#4332 = ADVANCED_FACE('',(#4333),#4366,.T.);
#4333 = FACE_BOUND('',#4334,.T.);
#4334 = EDGE_LOOP('',(#4335,#4343,#4344,#4352,#4360));
#4335 = ORIENTED_EDGE('',*,*,#4336,.T.);
#4336 = EDGE_CURVE('',#4337,#3396,#4339,.T.);
#4337 = VERTEX_POINT('',#4338);
#4338 = CARTESIAN_POINT('',(25.347294129834,-7.000023265499,
    15.794649586118));
#4339 = LINE('',#4340,#4341);
#4340 = CARTESIAN_POINT('',(25.347294129834,-7.000023265497,
    15.794649586118));
#4341 = VECTOR('',#4342,1.);
#4342 = DIRECTION('',(-0.651291355046,-6.899128365989E-06,0.758827760954
    ));
#4343 = ORIENTED_EDGE('',*,*,#4064,.T.);
#4344 = ORIENTED_EDGE('',*,*,#4345,.F.);
#4345 = EDGE_CURVE('',#4346,#3836,#4348,.T.);
#4346 = VERTEX_POINT('',#4347);
#4347 = CARTESIAN_POINT('',(11.746841520752,-7.000093909204,
    14.895618622792));
#4348 = LINE('',#4349,#4350);
#4349 = CARTESIAN_POINT('',(14.967454290696,-7.000083123042,
    16.463712472363));
#4350 = VECTOR('',#4351,1.);
#4351 = DIRECTION('',(-0.89909208385,-3.011146904597E-06,-0.437759551294
    ));
#4352 = ORIENTED_EDGE('',*,*,#4353,.F.);
#4353 = EDGE_CURVE('',#4354,#4346,#4356,.T.);
#4354 = VERTEX_POINT('',#4355);
#4355 = CARTESIAN_POINT('',(14.208820242806,-7.000083587219,
    15.620760448944));
#4356 = LINE('',#4357,#4358);
#4357 = CARTESIAN_POINT('',(17.519588095594,-7.000069706509,
    16.595934697824));
#4358 = VECTOR('',#4359,1.);
#4359 = DIRECTION('',(-0.959256751735,-4.021737970178E-06,
    -0.282535810537));
#4360 = ORIENTED_EDGE('',*,*,#4361,.F.);
#4361 = EDGE_CURVE('',#4337,#4354,#4362,.T.);
#4362 = LINE('',#4363,#4364);
#4363 = CARTESIAN_POINT('',(17.666884579696,-7.000064859656,
    15.674746158966));
#4364 = VECTOR('',#4365,1.);
#4365 = DIRECTION('',(-0.999878161543,-5.414958354131E-06,
    -1.560967777974E-02));
#4366 = PLANE('',#4367);
#4367 = AXIS2_PLACEMENT_3D('',#4368,#4369,#4370);
#4368 = CARTESIAN_POINT('',(16.385687044351,-7.000075470208,
    16.492175880833));
#4369 = DIRECTION('',(5.48407370402E-06,-0.999999999975,
    -4.384919402356E-06));
#4370 = DIRECTION('',(4.235164736272E-22,4.384919402467E-06,
    -0.99999999999));
#4371 = ADVANCED_FACE('',(#4372),#4382,.T.);
#4372 = FACE_BOUND('',#4373,.T.);
#4373 = EDGE_LOOP('',(#4374,#4375,#4381));
#4374 = ORIENTED_EDGE('',*,*,#4081,.F.);
#4375 = ORIENTED_EDGE('',*,*,#4376,.T.);
#4376 = EDGE_CURVE('',#3396,#4182,#4377,.T.);
#4377 = LINE('',#4378,#4379);
#4378 = CARTESIAN_POINT('',(19.455654129834,-7.000085675631,
    22.659073556911));
#4379 = VECTOR('',#4380,1.);
#4380 = DIRECTION('',(0.126993463973,0.984528239938,-0.120734439468));
#4381 = ORIENTED_EDGE('',*,*,#4181,.F.);
#4382 = PLANE('',#4383);
#4383 = AXIS2_PLACEMENT_3D('',#4384,#4385,#4386);
#4384 = CARTESIAN_POINT('',(20.052263413522,2.189568858022,
    22.091862686413));
#4385 = DIRECTION('',(0.689017330934,9.82502035729E-07,0.724744863846));
#4386 = DIRECTION('',(0.667934967557,-0.388108771681,-0.635007449137));
#4387 = ADVANCED_FACE('',(#4388),#4405,.T.);
#4388 = FACE_BOUND('',#4389,.T.);
#4389 = EDGE_LOOP('',(#4390,#4391,#4399));
#4390 = ORIENTED_EDGE('',*,*,#4095,.T.);
#4391 = ORIENTED_EDGE('',*,*,#4392,.F.);
#4392 = EDGE_CURVE('',#4393,#4096,#4395,.T.);
#4393 = VERTEX_POINT('',#4394);
#4394 = CARTESIAN_POINT('',(16.379650129834,-7.000115252645,
    -2.551477340648));
#4395 = LINE('',#4396,#4397);
#4396 = CARTESIAN_POINT('',(16.379650129834,-7.000115252644,
    -2.551477340648));
#4397 = VECTOR('',#4398,1.);
#4398 = DIRECTION('',(-0.988042077934,-1.184166337764E-07,0.154184474676
    ));
#4399 = ORIENTED_EDGE('',*,*,#4400,.F.);
#4400 = EDGE_CURVE('',#3836,#4393,#4401,.T.);
#4401 = LINE('',#4402,#4403);
#4402 = CARTESIAN_POINT('',(7.005684129834,-7.000109787801,
    12.587193275142));
#4403 = VECTOR('',#4404,1.);
#4404 = DIRECTION('',(0.526452380078,-3.06911653758E-07,-0.850204617437)
  );
#4405 = PLANE('',#4406);
#4406 = AXIS2_PLACEMENT_3D('',#4407,#4408,#4409);
#4407 = CARTESIAN_POINT('',(0.828570367766,-7.000115257835,
    3.733320267634));
#4408 = DIRECTION('',(1.95026732E-07,-1.,4.817474906216E-07));
#4409 = DIRECTION('',(1.323488980085E-23,-4.817474905661E-07,-1.));
#4410 = ADVANCED_FACE('',(#4411),#4428,.T.);
#4411 = FACE_BOUND('',#4412,.T.);
#4412 = EDGE_LOOP('',(#4413,#4414,#4422));
#4413 = ORIENTED_EDGE('',*,*,#4134,.T.);
#4414 = ORIENTED_EDGE('',*,*,#4415,.F.);
#4415 = EDGE_CURVE('',#4416,#3620,#4418,.T.);
#4416 = VERTEX_POINT('',#4417);
#4417 = CARTESIAN_POINT('',(-16.57555987016,10.000097661372,
    -2.854166714396));
#4418 = LINE('',#4419,#4420);
#4419 = CARTESIAN_POINT('',(-16.57555987016,10.000097661373,
    -2.854166714396));
#4420 = VECTOR('',#4421,1.);
#4421 = DIRECTION('',(-0.468307027071,-1.03120263456E-06,0.883565803093)
  );
#4422 = ORIENTED_EDGE('',*,*,#4423,.T.);
#4423 = EDGE_CURVE('',#4416,#4135,#4424,.T.);
#4424 = LINE('',#4425,#4426);
#4425 = CARTESIAN_POINT('',(-16.57555987016,10.000097661373,
    -2.854166714396));
#4426 = VECTOR('',#4427,1.);
#4427 = DIRECTION('',(-0.836119807485,-2.648607793088E-06,
    -0.548546869031));
#4428 = PLANE('',#4429);
#4429 = AXIS2_PLACEMENT_3D('',#4430,#4431,#4432);
#4430 = CARTESIAN_POINT('',(-22.15183073438,10.000080732022,
    -4.577837604916));
#4431 = DIRECTION('',(-2.91856275336E-06,0.999999999996,
    -3.79802852446E-07));
#4432 = DIRECTION('',(-2.117582368136E-22,3.79802852446E-07,1.));
#4433 = ADVANCED_FACE('',(#4434),#4451,.T.);
#4434 = FACE_BOUND('',#4435,.T.);
#4435 = EDGE_LOOP('',(#4436,#4444,#4450));
#4436 = ORIENTED_EDGE('',*,*,#4437,.T.);
#4437 = EDGE_CURVE('',#4135,#4438,#4440,.T.);
#4438 = VERTEX_POINT('',#4439);
#4439 = CARTESIAN_POINT('',(-29.82817387016,10.000000169988,
    -1.49527879044));
#4440 = LINE('',#4441,#4442);
#4441 = CARTESIAN_POINT('',(-28.01219287016,10.000061433126,
    -10.35731299588));
#4442 = VECTOR('',#4443,1.);
#4443 = DIRECTION('',(-0.200745539281,-6.77226336393E-06,0.979643419012)
  );
#4444 = ORIENTED_EDGE('',*,*,#4445,.T.);
#4445 = EDGE_CURVE('',#4438,#3766,#4446,.T.);
#4446 = LINE('',#4447,#4448);
#4447 = CARTESIAN_POINT('',(-29.82817387016,10.000000169988,
    -1.49527879044));
#4448 = VECTOR('',#4449,1.);
#4449 = DIRECTION('',(5.876375791521E-04,2.856380139082E-07,
    0.999999827341));
#4450 = ORIENTED_EDGE('',*,*,#4142,.F.);
#4451 = PLANE('',#4452);
#4452 = AXIS2_PLACEMENT_3D('',#4453,#4454,#4455);
#4453 = CARTESIAN_POINT('',(-29.03363650481,10.000027225322,
    -4.425019849319));
#4454 = DIRECTION('',(-3.502902967803E-05,0.999999999386,
    -2.650536810034E-07));
#4455 = DIRECTION('',(0.,2.650536812254E-07,1.));
#4456 = ADVANCED_FACE('',(#4457),#4472,.T.);
#4457 = FACE_BOUND('',#4458,.T.);
#4458 = EDGE_LOOP('',(#4459,#4465,#4471));
#4459 = ORIENTED_EDGE('',*,*,#4460,.T.);
#4460 = EDGE_CURVE('',#4159,#4337,#4461,.T.);
#4461 = LINE('',#4462,#4463);
#4462 = CARTESIAN_POINT('',(23.619095129834,-7.000000217652,
    18.278238429889));
#4463 = VECTOR('',#4464,1.);
#4464 = DIRECTION('',(0.571172507361,-7.617349619626E-06,-0.820830047438
    ));
#4465 = ORIENTED_EDGE('',*,*,#4466,.F.);
#4466 = EDGE_CURVE('',#3901,#4337,#4467,.T.);
#4467 = LINE('',#4468,#4469);
#4468 = CARTESIAN_POINT('',(25.347294129834,10.000050432772,
    15.794627393182));
#4469 = VECTOR('',#4470,1.);
#4470 = DIRECTION('',(0.,-0.999999999999,1.305461147627E-06));
#4471 = ORIENTED_EDGE('',*,*,#4158,.T.);
#4472 = PLANE('',#4473);
#4473 = AXIS2_PLACEMENT_3D('',#4474,#4475,#4476);
#4474 = CARTESIAN_POINT('',(24.877095843841,0.810383695531,
    16.470359730862));
#4475 = DIRECTION('',(0.820830047464,7.456435168751E-07,0.571172507373)
  );
#4476 = DIRECTION('',(0.510528727253,-0.448415305254,-0.733678494072));
#4477 = ADVANCED_FACE('',(#4478),#4488,.T.);
#4478 = FACE_BOUND('',#4479,.T.);
#4479 = EDGE_LOOP('',(#4480,#4481,#4482));
#4480 = ORIENTED_EDGE('',*,*,#4167,.F.);
#4481 = ORIENTED_EDGE('',*,*,#4189,.T.);
#4482 = ORIENTED_EDGE('',*,*,#4483,.T.);
#4483 = EDGE_CURVE('',#4182,#4159,#4484,.T.);
#4484 = LINE('',#4485,#4486);
#4485 = CARTESIAN_POINT('',(21.648476129834,9.999963906564,
    20.574327407462));
#4486 = VECTOR('',#4487,1.);
#4487 = DIRECTION('',(0.114125381098,-0.984526884361,-0.132974476345));
#4488 = PLANE('',#4489);
#4489 = AXIS2_PLACEMENT_3D('',#4490,#4491,#4492);
#4490 = CARTESIAN_POINT('',(23.082940353769,2.18966444929,
    18.902939033045));
#4491 = DIRECTION('',(0.758844443949,8.828982654419E-07,0.651271917011)
  );
#4492 = DIRECTION('',(0.59082015515,-0.420745992324,-0.688407113714));
#4493 = ADVANCED_FACE('',(#4494),#4504,.T.);
#4494 = FACE_BOUND('',#4495,.T.);
#4495 = EDGE_LOOP('',(#4496,#4497,#4498));
#4496 = ORIENTED_EDGE('',*,*,#4415,.T.);
#4497 = ORIENTED_EDGE('',*,*,#4212,.F.);
#4498 = ORIENTED_EDGE('',*,*,#4499,.T.);
#4499 = EDGE_CURVE('',#4205,#4416,#4500,.T.);
#4500 = LINE('',#4501,#4502);
#4501 = CARTESIAN_POINT('',(14.472759129834,10.000119109953,
    -0.501194698493));
#4502 = VECTOR('',#4503,1.);
#4503 = DIRECTION('',(-0.997140687936,-6.888376463746E-07,
    -7.556750929519E-02));
#4504 = PLANE('',#4505);
#4505 = AXIS2_PLACEMENT_3D('',#4506,#4507,#4508);
#4506 = CARTESIAN_POINT('',(-2.952240417367,10.000106007303,
    -0.438344743738));
#4507 = DIRECTION('',(-7.4916812537E-07,0.999999999999,7.70018412477E-07
    ));
#4508 = DIRECTION('',(-5.293955920339E-23,-7.70018412477E-07,1.));
#4509 = ADVANCED_FACE('',(#4510),#4527,.T.);
#4510 = FACE_BOUND('',#4511,.T.);
#4511 = EDGE_LOOP('',(#4512,#4513,#4521));
#4512 = ORIENTED_EDGE('',*,*,#4237,.T.);
#4513 = ORIENTED_EDGE('',*,*,#4514,.F.);
#4514 = EDGE_CURVE('',#4515,#4230,#4517,.T.);
#4515 = VERTEX_POINT('',#4516);
#4516 = CARTESIAN_POINT('',(28.004070129834,10.000111644031,
    -10.37923286093));
#4517 = LINE('',#4518,#4519);
#4518 = CARTESIAN_POINT('',(28.004070129834,10.000111644032,
    -10.37923286093));
#4519 = VECTOR('',#4520,1.);
#4520 = DIRECTION('',(-0.603649915391,-3.042150821253E-07,0.79724950903)
  );
#4521 = ORIENTED_EDGE('',*,*,#4522,.F.);
#4522 = EDGE_CURVE('',#4205,#4515,#4523,.T.);
#4523 = LINE('',#4524,#4525);
#4524 = CARTESIAN_POINT('',(14.472759129834,10.000119109953,
    -0.501194698493));
#4525 = VECTOR('',#4526,1.);
#4526 = DIRECTION('',(0.807681842008,-4.456396340835E-07,-0.589618556433
    ));
#4527 = PLANE('',#4528);
#4528 = AXIS2_PLACEMENT_3D('',#4529,#4530,#4531);
#4529 = CARTESIAN_POINT('',(21.373610615962,10.000112348634,
    -3.88619003999));
#4530 = DIRECTION('',(1.85644244937E-06,0.999999999997,
    1.787215160864E-06));
#4531 = DIRECTION('',(-1.058791184068E-22,-1.787215160809E-06,
    0.999999999998));
#4532 = ADVANCED_FACE('',(#4533),#4543,.T.);
#4533 = FACE_BOUND('',#4534,.T.);
#4534 = EDGE_LOOP('',(#4535,#4536,#4542));
#4535 = ORIENTED_EDGE('',*,*,#4252,.T.);
#4536 = ORIENTED_EDGE('',*,*,#4537,.T.);
#4537 = EDGE_CURVE('',#3901,#4515,#4538,.T.);
#4538 = LINE('',#4539,#4540);
#4539 = CARTESIAN_POINT('',(25.347294129834,10.000050432772,
    15.794627393182));
#4540 = VECTOR('',#4541,1.);
#4541 = DIRECTION('',(0.100986026569,2.326685398069E-06,-0.994887844148)
  );
#4542 = ORIENTED_EDGE('',*,*,#4514,.T.);
#4543 = PLANE('',#4544);
#4544 = AXIS2_PLACEMENT_3D('',#4545,#4546,#4547);
#4545 = CARTESIAN_POINT('',(24.338906619382,10.000088430116,
    2.549934479782));
#4546 = DIRECTION('',(2.98486730018E-06,0.999999999992,
    2.641619657795E-06));
#4547 = DIRECTION('',(-2.117582368136E-22,-2.64161965785E-06,
    0.999999999997));
#4548 = ADVANCED_FACE('',(#4549),#4554,.T.);
#4549 = FACE_BOUND('',#4550,.T.);
#4550 = EDGE_LOOP('',(#4551,#4552,#4553));
#4551 = ORIENTED_EDGE('',*,*,#4322,.F.);
#4552 = ORIENTED_EDGE('',*,*,#4268,.T.);
#4553 = ORIENTED_EDGE('',*,*,#4299,.T.);
#4554 = PLANE('',#4555);
#4555 = AXIS2_PLACEMENT_3D('',#4556,#4557,#4558);
#4556 = CARTESIAN_POINT('',(-29.60225771497,0.810302585132,
    3.721464934904));
#4557 = DIRECTION('',(-0.994808343243,-6.129785012909E-10,0.101766203697
    ));
#4558 = DIRECTION('',(8.695483267308E-02,0.519522317829,0.85002083407));
#4559 = ADVANCED_FACE('',(#4560),#4577,.T.);
#4560 = FACE_BOUND('',#4561,.T.);
#4561 = EDGE_LOOP('',(#4562,#4570,#4571));
#4562 = ORIENTED_EDGE('',*,*,#4563,.T.);
#4563 = EDGE_CURVE('',#4564,#4096,#4566,.T.);
#4564 = VERTEX_POINT('',#4565);
#4565 = CARTESIAN_POINT('',(-29.82817387016,-7.000073006784,
    -1.495255744252));
#4566 = LINE('',#4567,#4568);
#4567 = CARTESIAN_POINT('',(-29.82817387016,-7.000073006783,
    -1.495255744252));
#4568 = VECTOR('',#4569,1.);
#4569 = DIRECTION('',(0.950332869935,-3.453939385445E-06,0.311235339108)
  );
#4570 = ORIENTED_EDGE('',*,*,#4285,.F.);
#4571 = ORIENTED_EDGE('',*,*,#4572,.F.);
#4572 = EDGE_CURVE('',#4564,#3979,#4573,.T.);
#4573 = LINE('',#4574,#4575);
#4574 = CARTESIAN_POINT('',(-29.82817387016,-7.000073006783,
    -1.495255744252));
#4575 = VECTOR('',#4576,1.);
#4576 = DIRECTION('',(5.876375791521E-04,2.856379248128E-07,
    0.999999827341));
#4577 = PLANE('',#4578);
#4578 = AXIS2_PLACEMENT_3D('',#4579,#4580,#4581);
#4579 = CARTESIAN_POINT('',(-24.12332574623,-7.000093505136,
    1.191787808024));
#4580 = DIRECTION('',(-3.72871662935E-06,-0.999999999993,
    2.878291085473E-07));
#4581 = DIRECTION('',(2.117582368136E-22,-2.878291085473E-07,-1.));
#4582 = ADVANCED_FACE('',(#4583),#4594,.T.);
#4583 = FACE_BOUND('',#4584,.T.);
#4584 = EDGE_LOOP('',(#4585,#4586,#4587,#4593));
#4585 = ORIENTED_EDGE('',*,*,#4316,.T.);
#4586 = ORIENTED_EDGE('',*,*,#4445,.F.);
#4587 = ORIENTED_EDGE('',*,*,#4588,.T.);
#4588 = EDGE_CURVE('',#4438,#4564,#4589,.T.);
#4589 = LINE('',#4590,#4591);
#4590 = CARTESIAN_POINT('',(-29.82817387016,10.000000169988,
    -1.49527879044));
#4591 = VECTOR('',#4592,1.);
#4592 = DIRECTION('',(0.,-0.999999999999,1.355652277879E-06));
#4593 = ORIENTED_EDGE('',*,*,#4572,.T.);
#4594 = PLANE('',#4595);
#4595 = AXIS2_PLACEMENT_3D('',#4596,#4597,#4598);
#4596 = CARTESIAN_POINT('',(-29.82728487016,1.499964013725,
    1.756968870575E-02));
#4597 = DIRECTION('',(-0.999999827341,7.966322310474E-10,
    5.876375791519E-04));
#4598 = DIRECTION('',(5.014038122516E-04,0.521497552253,0.853252630578)
  );
#4599 = ADVANCED_FACE('',(#4600),#4610,.T.);
#4600 = FACE_BOUND('',#4601,.T.);
#4601 = EDGE_LOOP('',(#4602,#4608,#4609));
#4602 = ORIENTED_EDGE('',*,*,#4603,.T.);
#4603 = EDGE_CURVE('',#4159,#3396,#4604,.T.);
#4604 = LINE('',#4605,#4606);
#4605 = CARTESIAN_POINT('',(23.619095129834,-7.000000217652,
    18.278238429889));
#4606 = VECTOR('',#4607,1.);
#4607 = DIRECTION('',(-0.688892744385,-1.414007843004E-05,0.724863288168
    ));
#4608 = ORIENTED_EDGE('',*,*,#4336,.F.);
#4609 = ORIENTED_EDGE('',*,*,#4460,.F.);
#4610 = PLANE('',#4611);
#4611 = AXIS2_PLACEMENT_3D('',#4612,#4613,#4614);
#4612 = CARTESIAN_POINT('',(22.460889514509,-7.000043489224,
    19.27529760989));
#4613 = DIRECTION('',(1.131004046461E-04,-0.999999989734,
    8.798068670934E-05));
#4614 = DIRECTION('',(0.,-8.798068727212E-05,-0.99999999613));
#4615 = ADVANCED_FACE('',(#4616),#4633,.T.);
#4616 = FACE_BOUND('',#4617,.T.);
#4617 = EDGE_LOOP('',(#4618,#4626,#4627));
#4618 = ORIENTED_EDGE('',*,*,#4619,.T.);
#4619 = EDGE_CURVE('',#4620,#4337,#4622,.T.);
#4620 = VERTEX_POINT('',#4621);
#4621 = CARTESIAN_POINT('',(28.008133129834,-7.000059858023,
    10.368229357058));
#4622 = LINE('',#4623,#4624);
#4623 = CARTESIAN_POINT('',(28.008133129834,-7.000059858022,
    10.368229357058));
#4624 = VECTOR('',#4625,1.);
#4625 = DIRECTION('',(-0.440267818166,6.054673318823E-06,0.897866498011)
  );
#4626 = ORIENTED_EDGE('',*,*,#4361,.T.);
#4627 = ORIENTED_EDGE('',*,*,#4628,.F.);
#4628 = EDGE_CURVE('',#4620,#4354,#4629,.T.);
#4629 = LINE('',#4630,#4631);
#4630 = CARTESIAN_POINT('',(28.008133129834,-7.000059858022,
    10.368229357058));
#4631 = VECTOR('',#4632,1.);
#4632 = DIRECTION('',(-0.93458570934,-1.60710671121E-06,0.355738038302)
  );
#4633 = PLANE('',#4634);
#4634 = AXIS2_PLACEMENT_3D('',#4635,#4636,#4637);
#4635 = CARTESIAN_POINT('',(18.946245819058,-7.000064644895,
    14.974940409438));
#4636 = DIRECTION('',(5.27000056097E-06,-0.999999999943,
    9.32753921179E-06));
#4637 = DIRECTION('',(-4.235164736272E-22,-9.327539211901E-06,
    -0.999999999956));
#4638 = ADVANCED_FACE('',(#4639),#4657,.T.);
#4639 = FACE_BOUND('',#4640,.T.);
#4640 = EDGE_LOOP('',(#4641,#4649,#4650,#4651));
#4641 = ORIENTED_EDGE('',*,*,#4642,.T.);
#4642 = EDGE_CURVE('',#4643,#4620,#4645,.T.);
#4643 = VERTEX_POINT('',#4644);
#4644 = CARTESIAN_POINT('',(29.826992129834,-7.000097732922,
    -1.518703785484));
#4645 = LINE('',#4646,#4647);
#4646 = CARTESIAN_POINT('',(29.826992129834,-7.000097732921,
    -1.518703785484));
#4647 = VECTOR('',#4648,1.);
#4648 = DIRECTION('',(-0.151252907964,3.149605693031E-06,0.988495097521)
  );
#4649 = ORIENTED_EDGE('',*,*,#4628,.T.);
#4650 = ORIENTED_EDGE('',*,*,#4353,.T.);
#4651 = ORIENTED_EDGE('',*,*,#4652,.T.);
#4652 = EDGE_CURVE('',#4346,#4643,#4653,.T.);
#4653 = LINE('',#4654,#4655);
#4654 = CARTESIAN_POINT('',(8.594002129834,-7.000093242419,
    17.757968798019));
#4655 = VECTOR('',#4656,1.);
#4656 = DIRECTION('',(0.740391955078,-1.565833119277E-07,-0.672175388464
    ));
#4657 = PLANE('',#4658);
#4658 = AXIS2_PLACEMENT_3D('',#4659,#4660,#4661);
#4659 = CARTESIAN_POINT('',(20.801982647559,-7.000085823529,
    9.405195544373));
#4660 = DIRECTION('',(3.11375591872E-06,-0.999999999988,
    3.66270944524E-06));
#4661 = DIRECTION('',(0.,-3.662709445185E-06,-0.999999999993));
#4662 = ADVANCED_FACE('',(#4663),#4673,.T.);
#4663 = FACE_BOUND('',#4664,.T.);
#4664 = EDGE_LOOP('',(#4665,#4671,#4672));
#4665 = ORIENTED_EDGE('',*,*,#4666,.F.);
#4666 = EDGE_CURVE('',#4643,#3836,#4667,.T.);
#4667 = LINE('',#4668,#4669);
#4668 = CARTESIAN_POINT('',(29.826992129834,-7.000097732921,
    -1.518703785484));
#4669 = VECTOR('',#4670,1.);
#4670 = DIRECTION('',(-0.850624919369,-4.493248702553E-07,0.525772999068
    ));
#4671 = ORIENTED_EDGE('',*,*,#4652,.F.);
#4672 = ORIENTED_EDGE('',*,*,#4345,.T.);
#4673 = PLANE('',#4674);
#4674 = AXIS2_PLACEMENT_3D('',#4675,#4676,#4677);
#4675 = CARTESIAN_POINT('',(17.847489720922,-7.000099666378,
    7.607254593095));
#4676 = DIRECTION('',(2.10614396837E-06,-0.999999999995,2.5528387258E-06
    ));
#4677 = DIRECTION('',(2.117582368136E-22,-2.552838725745E-06,
    -0.999999999997));
#4678 = ADVANCED_FACE('',(#4679),#4696,.T.);
#4679 = FACE_BOUND('',#4680,.T.);
#4680 = EDGE_LOOP('',(#4681,#4689,#4690));
#4681 = ORIENTED_EDGE('',*,*,#4682,.T.);
#4682 = EDGE_CURVE('',#4683,#4182,#4685,.T.);
#4683 = VERTEX_POINT('',#4684);
#4684 = CARTESIAN_POINT('',(21.648476129834,-6.999901598038,
    20.574222354978));
#4685 = LINE('',#4686,#4687);
#4686 = CARTESIAN_POINT('',(21.648476129834,-6.999901598037,
    20.574222354978));
#4687 = VECTOR('',#4688,1.);
#4688 = DIRECTION('',(0.,0.999999999981,6.179606735268E-06));
#4689 = ORIENTED_EDGE('',*,*,#4376,.F.);
#4690 = ORIENTED_EDGE('',*,*,#4691,.T.);
#4691 = EDGE_CURVE('',#3396,#4683,#4692,.T.);
#4692 = LINE('',#4693,#4694);
#4693 = CARTESIAN_POINT('',(19.455654129834,-7.000085675631,
    22.659073556911));
#4694 = VECTOR('',#4695,1.);
#4695 = DIRECTION('',(0.724723721,6.083731325202E-05,-0.68903956673));
#4696 = PLANE('',#4697);
#4697 = AXIS2_PLACEMENT_3D('',#4698,#4699,#4700);
#4698 = CARTESIAN_POINT('',(21.051862340826,0.810342804235,
    21.14150816781));
#4699 = DIRECTION('',(0.689039568195,-4.478507594718E-06,0.724723722146)
  );
#4700 = DIRECTION('',(0.66791053228,-0.388120208054,-0.635026160855));
#4701 = ADVANCED_FACE('',(#4702),#4719,.T.);
#4702 = FACE_BOUND('',#4703,.T.);
#4703 = EDGE_LOOP('',(#4704,#4712,#4713));
#4704 = ORIENTED_EDGE('',*,*,#4705,.T.);
#4705 = EDGE_CURVE('',#4706,#4393,#4708,.T.);
#4706 = VERTEX_POINT('',#4707);
#4707 = CARTESIAN_POINT('',(-25.35347987016,-7.000077829298,
    -15.78469420068));
#4708 = LINE('',#4709,#4710);
#4709 = CARTESIAN_POINT('',(-25.35347987016,-7.000077829297,
    -15.78469420068));
#4710 = VECTOR('',#4711,1.);
#4711 = DIRECTION('',(0.953225629635,-8.547859416952E-07,0.302259654943)
  );
#4712 = ORIENTED_EDGE('',*,*,#4392,.T.);
#4713 = ORIENTED_EDGE('',*,*,#4714,.T.);
#4714 = EDGE_CURVE('',#4096,#4706,#4715,.T.);
#4715 = LINE('',#4716,#4717);
#4716 = CARTESIAN_POINT('',(-17.10041287016,-7.000119265222,
    2.673103718259));
#4717 = VECTOR('',#4718,1.);
#4718 = DIRECTION('',(-0.408186005657,2.049367176182E-06,-0.912898781236
    ));
#4719 = PLANE('',#4720);
#4720 = AXIS2_PLACEMENT_3D('',#4721,#4722,#4723);
#4721 = CARTESIAN_POINT('',(-6.51619353839,-7.000104127401,
    -5.433694786476));
#4722 = DIRECTION('',(-2.1543605221E-07,-0.999999999998,
    -2.148572475935E-06));
#4723 = DIRECTION('',(-1.323488980085E-23,2.148572475935E-06,
    -0.999999999998));
#4724 = ADVANCED_FACE('',(#4725),#4735,.T.);
#4725 = FACE_BOUND('',#4726,.T.);
#4726 = EDGE_LOOP('',(#4727,#4728,#4734));
#4727 = ORIENTED_EDGE('',*,*,#4400,.T.);
#4728 = ORIENTED_EDGE('',*,*,#4729,.F.);
#4729 = EDGE_CURVE('',#4643,#4393,#4730,.T.);
#4730 = LINE('',#4731,#4732);
#4731 = CARTESIAN_POINT('',(29.826992129834,-7.000097732921,
    -1.518703785484));
#4732 = VECTOR('',#4733,1.);
#4733 = DIRECTION('',(-0.997063762026,-1.299013624133E-06,
    -7.657580853025E-02));
#4734 = ORIENTED_EDGE('',*,*,#4666,.T.);
#4735 = PLANE('',#4736);
#4736 = AXIS2_PLACEMENT_3D('',#4737,#4738,#4739);
#4737 = CARTESIAN_POINT('',(17.444102138284,-7.000107078042,
    3.619609185745));
#4738 = DIRECTION('',(1.21722851525E-06,-0.999999999999,
    1.114701664862E-06));
#4739 = DIRECTION('',(1.058791184068E-22,-1.114701664751E-06,
    -0.999999999999));
#4740 = ADVANCED_FACE('',(#4741),#4758,.T.);
#4741 = FACE_BOUND('',#4742,.T.);
#4742 = EDGE_LOOP('',(#4743,#4744,#4752));
#4743 = ORIENTED_EDGE('',*,*,#4423,.F.);
#4744 = ORIENTED_EDGE('',*,*,#4745,.F.);
#4745 = EDGE_CURVE('',#4746,#4416,#4748,.T.);
#4746 = VERTEX_POINT('',#4747);
#4747 = CARTESIAN_POINT('',(-23.62625587016,10.000070573417,
    -18.26908106565));
#4748 = LINE('',#4749,#4750);
#4749 = CARTESIAN_POINT('',(-23.62625587016,10.000070573417,
    -18.26908106565));
#4750 = VECTOR('',#4751,1.);
#4751 = DIRECTION('',(0.415948984814,1.59802774452E-06,0.909387949134));
#4752 = ORIENTED_EDGE('',*,*,#4753,.F.);
#4753 = EDGE_CURVE('',#4135,#4746,#4754,.T.);
#4754 = LINE('',#4755,#4756);
#4755 = CARTESIAN_POINT('',(-28.01219287016,10.000061433126,
    -10.35731299588));
#4756 = VECTOR('',#4757,1.);
#4757 = DIRECTION('',(0.484841106272,1.010408720192E-06,-0.874602253409)
  );
#4758 = PLANE('',#4759);
#4759 = AXIS2_PLACEMENT_3D('',#4760,#4761,#4762);
#4760 = CARTESIAN_POINT('',(-22.16074663545,10.000078411712,
    -10.0531898301));
#4761 = DIRECTION('',(-2.87870793033E-06,0.999999999996,
    -4.405513661099E-07));
#4762 = DIRECTION('',(-2.117582368136E-22,4.405513661654E-07,1.));
#4763 = ADVANCED_FACE('',(#4764),#4781,.T.);
#4764 = FACE_BOUND('',#4765,.T.);
#4765 = EDGE_LOOP('',(#4766,#4774,#4780));
#4766 = ORIENTED_EDGE('',*,*,#4767,.F.);
#4767 = EDGE_CURVE('',#4768,#4135,#4770,.T.);
#4768 = VERTEX_POINT('',#4769);
#4769 = CARTESIAN_POINT('',(-28.91639287016,10.000019413712,
    -7.46981342656));
#4770 = LINE('',#4771,#4772);
#4771 = CARTESIAN_POINT('',(-28.91639287016,10.000019413713,
    -7.46981342656));
#4772 = VECTOR('',#4773,1.);
#4773 = DIRECTION('',(0.298833884211,1.388722005491E-05,-0.954305144833)
  );
#4774 = ORIENTED_EDGE('',*,*,#4775,.T.);
#4775 = EDGE_CURVE('',#4768,#4438,#4776,.T.);
#4776 = LINE('',#4777,#4778);
#4777 = CARTESIAN_POINT('',(-28.91639287016,10.000019413713,
    -7.46981342656));
#4778 = VECTOR('',#4779,1.);
#4779 = DIRECTION('',(-0.150864497595,-3.184092294828E-06,0.988554451386
    ));
#4780 = ORIENTED_EDGE('',*,*,#4437,.F.);
#4781 = PLANE('',#4782);
#4782 = AXIS2_PLACEMENT_3D('',#4783,#4784,#4785);
#4783 = CARTESIAN_POINT('',(-28.99486710584,10.000025399429,
    -5.943582348262));
#4784 = DIRECTION('',(-7.058557750343E-05,0.99999999748,
    -7.551192945321E-06));
#4785 = DIRECTION('',(0.,7.551192964084E-06,0.999999999971));
#4786 = ADVANCED_FACE('',(#4787),#4804,.T.);
#4787 = FACE_BOUND('',#4788,.T.);
#4788 = EDGE_LOOP('',(#4789,#4790,#4798));
#4789 = ORIENTED_EDGE('',*,*,#4466,.T.);
#4790 = ORIENTED_EDGE('',*,*,#4791,.F.);
#4791 = EDGE_CURVE('',#4792,#4337,#4794,.T.);
#4792 = VERTEX_POINT('',#4793);
#4793 = CARTESIAN_POINT('',(26.815327129834,9.99997795392,
    13.148976107983));
#4794 = LINE('',#4795,#4796);
#4795 = CARTESIAN_POINT('',(26.815327129834,9.99997795392,
    13.148976107983));
#4796 = VECTOR('',#4797,1.);
#4797 = DIRECTION('',(-8.501879622759E-02,-0.984528031415,0.153219971433
    ));
#4798 = ORIENTED_EDGE('',*,*,#4799,.F.);
#4799 = EDGE_CURVE('',#3901,#4792,#4800,.T.);
#4800 = LINE('',#4801,#4802);
#4801 = CARTESIAN_POINT('',(25.347294129834,10.000050432772,
    15.794627393182));
#4802 = VECTOR('',#4803,1.);
#4803 = DIRECTION('',(0.485195015402,-2.395475947492E-05,-0.874405967761
    ));
#4804 = PLANE('',#4805);
#4805 = AXIS2_PLACEMENT_3D('',#4806,#4807,#4808);
#4806 = CARTESIAN_POINT('',(25.746707024135,2.18962091108,
    15.074825952211));
#4807 = DIRECTION('',(0.874405968019,6.334032418565E-07,0.485195015528)
  );
#4808 = DIRECTION('',(0.427919187404,-0.471338412307,-0.771184329545));
#4809 = ADVANCED_FACE('',(#4810),#4820,.T.);
#4810 = FACE_BOUND('',#4811,.T.);
#4811 = EDGE_LOOP('',(#4812,#4818,#4819));
#4812 = ORIENTED_EDGE('',*,*,#4813,.F.);
#4813 = EDGE_CURVE('',#4159,#4683,#4814,.T.);
#4814 = LINE('',#4815,#4816);
#4815 = CARTESIAN_POINT('',(23.619095129834,-7.000000217652,
    18.278238429889));
#4816 = VECTOR('',#4817,1.);
#4817 = DIRECTION('',(-0.651292839847,3.259394565563E-05,0.758826485899)
  );
#4818 = ORIENTED_EDGE('',*,*,#4483,.F.);
#4819 = ORIENTED_EDGE('',*,*,#4682,.F.);
#4820 = PLANE('',#4821);
#4821 = AXIS2_PLACEMENT_3D('',#4822,#4823,#4824);
#4822 = CARTESIAN_POINT('',(22.18463272083,0.810371515812,
    19.949590296141));
#4823 = DIRECTION('',(0.75882648621,-4.024733622321E-06,0.651292840288)
  );
#4824 = DIRECTION('',(0.590839840291,-0.420738474544,-0.688394813435));
#4825 = ADVANCED_FACE('',(#4826),#4843,.T.);
#4826 = FACE_BOUND('',#4827,.T.);
#4827 = EDGE_LOOP('',(#4828,#4829,#4837));
#4828 = ORIENTED_EDGE('',*,*,#4499,.F.);
#4829 = ORIENTED_EDGE('',*,*,#4830,.F.);
#4830 = EDGE_CURVE('',#4831,#4205,#4833,.T.);
#4831 = VERTEX_POINT('',#4832);
#4832 = CARTESIAN_POINT('',(-11.22165487016,10.000093087148,
    -15.58605977825));
#4833 = LINE('',#4834,#4835);
#4834 = CARTESIAN_POINT('',(-11.22165487016,10.00009308715,
    -15.58605977825));
#4835 = VECTOR('',#4836,1.);
#4836 = DIRECTION('',(0.862366531787,8.733880613732E-07,0.506284470286)
  );
#4837 = ORIENTED_EDGE('',*,*,#4838,.T.);
#4838 = EDGE_CURVE('',#4831,#4416,#4839,.T.);
#4839 = LINE('',#4840,#4841);
#4840 = CARTESIAN_POINT('',(-11.22165487016,10.00009308715,
    -15.58605977825));
#4841 = VECTOR('',#4842,1.);
#4842 = DIRECTION('',(-0.387633102617,3.311826797248E-07,0.921813743527)
  );
#4843 = PLANE('',#4844);
#4844 = AXIS2_PLACEMENT_3D('',#4845,#4846,#4847);
#4845 = CARTESIAN_POINT('',(-2.358287122876,10.000105069618,
    -5.609071509208));
#4846 = DIRECTION('',(-6.4309157318E-07,1.,-6.297001596822E-07));
#4847 = DIRECTION('',(-5.293955920339E-23,6.297001596822E-07,1.));
#4848 = ADVANCED_FACE('',(#4849),#4859,.T.);
#4849 = FACE_BOUND('',#4850,.T.);
#4850 = EDGE_LOOP('',(#4851,#4852,#4858));
#4851 = ORIENTED_EDGE('',*,*,#4522,.T.);
#4852 = ORIENTED_EDGE('',*,*,#4853,.F.);
#4853 = EDGE_CURVE('',#4831,#4515,#4854,.T.);
#4854 = LINE('',#4855,#4856);
#4855 = CARTESIAN_POINT('',(-11.22165487016,10.00009308715,
    -15.58605977825));
#4856 = VECTOR('',#4857,1.);
#4857 = DIRECTION('',(0.991304771823,4.68965867903E-07,0.131585901069));
#4858 = ORIENTED_EDGE('',*,*,#4830,.T.);
#4859 = PLANE('',#4860);
#4860 = AXIS2_PLACEMENT_3D('',#4861,#4862,#4863);
#4861 = CARTESIAN_POINT('',(8.549692095762,10.000106188331,-9.8065543165
    ));
#4862 = DIRECTION('',(-3.1540266203E-07,0.999999999999,
    -1.187860574181E-06));
#4863 = DIRECTION('',(5.293955920339E-23,1.187860574292E-06,
    0.999999999999));
#4864 = ADVANCED_FACE('',(#4865),#4882,.T.);
#4865 = FACE_BOUND('',#4866,.T.);
#4866 = EDGE_LOOP('',(#4867,#4875,#4876));
#4867 = ORIENTED_EDGE('',*,*,#4868,.T.);
#4868 = EDGE_CURVE('',#4869,#4515,#4871,.T.);
#4869 = VERTEX_POINT('',#4870);
#4870 = CARTESIAN_POINT('',(28.913464129834,10.000037680867,
    7.481147652215));
#4871 = LINE('',#4872,#4873);
#4872 = CARTESIAN_POINT('',(28.913464129834,10.000037680868,
    7.481147652215));
#4873 = VECTOR('',#4874,1.);
#4874 = DIRECTION('',(-5.085095883914E-02,4.135828735929E-06,
    -0.998706253093));
#4875 = ORIENTED_EDGE('',*,*,#4537,.F.);
#4876 = ORIENTED_EDGE('',*,*,#4877,.T.);
#4877 = EDGE_CURVE('',#3901,#4869,#4878,.T.);
#4878 = LINE('',#4879,#4880);
#4879 = CARTESIAN_POINT('',(25.347294129834,10.000050432772,
    15.794627393182));
#4880 = VECTOR('',#4881,1.);
#4881 = DIRECTION('',(0.394222810152,-1.409661252949E-06,-0.919014894305
    ));
#4882 = PLANE('',#4883);
#4883 = AXIS2_PLACEMENT_3D('',#4884,#4885,#4886);
#4884 = CARTESIAN_POINT('',(27.351911351174,10.000072612782,
    2.828777476316));
#4885 = DIRECTION('',(1.182603713552E-05,0.999999999924,
    3.539042032707E-06));
#4886 = DIRECTION('',(0.,-3.539042033041E-06,0.999999999994));
#4887 = ADVANCED_FACE('',(#4888),#4898,.T.);
#4888 = FACE_BOUND('',#4889,.T.);
#4889 = EDGE_LOOP('',(#4890,#4896,#4897));
#4890 = ORIENTED_EDGE('',*,*,#4891,.F.);
#4891 = EDGE_CURVE('',#4706,#4564,#4892,.T.);
#4892 = LINE('',#4893,#4894);
#4893 = CARTESIAN_POINT('',(-25.35347987016,-7.000077829297,
    -15.78469420068));
#4894 = VECTOR('',#4895,1.);
#4895 = DIRECTION('',(-0.298837396431,3.220661740078E-07,0.9543040451));
#4896 = ORIENTED_EDGE('',*,*,#4714,.F.);
#4897 = ORIENTED_EDGE('',*,*,#4563,.F.);
#4898 = PLANE('',#4899);
#4899 = AXIS2_PLACEMENT_3D('',#4900,#4901,#4902);
#4900 = CARTESIAN_POINT('',(-23.8049855252,-7.000090754334,
    -5.228629243058));
#4901 = DIRECTION('',(-3.3966345313E-06,-0.999999999994,
    -7.261577162354E-07));
#4902 = DIRECTION('',(0.,7.261577162354E-07,-1.));
#4903 = ADVANCED_FACE('',(#4904),#4921,.T.);
#4904 = FACE_BOUND('',#4905,.T.);
#4905 = EDGE_LOOP('',(#4906,#4907,#4915));
#4906 = ORIENTED_EDGE('',*,*,#4588,.F.);
#4907 = ORIENTED_EDGE('',*,*,#4908,.T.);
#4908 = EDGE_CURVE('',#4438,#4909,#4911,.T.);
#4909 = VERTEX_POINT('',#4910);
#4910 = CARTESIAN_POINT('',(-29.52379887016,-6.999929054286,
    -4.505710861459));
#4911 = LINE('',#4912,#4913);
#4912 = CARTESIAN_POINT('',(-29.82817387016,10.000000169988,
    -1.49527879044));
#4913 = VECTOR('',#4914,1.);
#4914 = DIRECTION('',(1.762744755291E-02,-0.984526852744,-0.174344914804
    ));
#4915 = ORIENTED_EDGE('',*,*,#4916,.F.);
#4916 = EDGE_CURVE('',#4564,#4909,#4917,.T.);
#4917 = LINE('',#4918,#4919);
#4918 = CARTESIAN_POINT('',(-29.82817387016,-7.000073006783,
    -1.495255744252));
#4919 = VECTOR('',#4920,1.);
#4920 = DIRECTION('',(0.100593129723,4.75749727103E-05,-0.994927645605)
  );
#4921 = PLANE('',#4922);
#4922 = AXIS2_PLACEMENT_3D('',#4923,#4924,#4925);
#4923 = CARTESIAN_POINT('',(-29.74536131693,0.81034385152,
    -2.314333189514));
#4924 = DIRECTION('',(-0.99492764673,-1.363693056325E-07,-0.100593129843
    ));
#4925 = DIRECTION('',(-8.594978047066E-02,0.519567800571,0.850095251044)
  );
#4926 = ADVANCED_FACE('',(#4927),#4932,.T.);
#4927 = FACE_BOUND('',#4928,.T.);
#4928 = EDGE_LOOP('',(#4929,#4930,#4931));
#4929 = ORIENTED_EDGE('',*,*,#4691,.F.);
#4930 = ORIENTED_EDGE('',*,*,#4603,.F.);
#4931 = ORIENTED_EDGE('',*,*,#4813,.T.);
#4932 = PLANE('',#4933);
#4933 = AXIS2_PLACEMENT_3D('',#4934,#4935,#4936);
#4934 = CARTESIAN_POINT('',(21.565165120068,-7.000007586852,
    20.495067397773));
#4935 = DIRECTION('',(6.782782088998E-04,-0.999999574587,
    6.251121718638E-04));
#4936 = DIRECTION('',(-5.421010862428E-20,-6.251123156589E-04,
    -0.999999804617));
#4937 = ADVANCED_FACE('',(#4938),#4955,.T.);
#4938 = FACE_BOUND('',#4939,.T.);
#4939 = EDGE_LOOP('',(#4940,#4941,#4949));
#4940 = ORIENTED_EDGE('',*,*,#4619,.F.);
#4941 = ORIENTED_EDGE('',*,*,#4942,.F.);
#4942 = EDGE_CURVE('',#4943,#4620,#4945,.T.);
#4943 = VERTEX_POINT('',#4944);
#4944 = CARTESIAN_POINT('',(26.815327129834,-6.999887029184,
    13.148871908752));
#4945 = LINE('',#4946,#4947);
#4946 = CARTESIAN_POINT('',(26.815327129834,-6.999887029183,
    13.148871908753));
#4947 = VECTOR('',#4948,1.);
#4948 = DIRECTION('',(0.394226988715,-5.712059858909E-05,-0.919013100073
    ));
#4949 = ORIENTED_EDGE('',*,*,#4950,.T.);
#4950 = EDGE_CURVE('',#4943,#4337,#4951,.T.);
#4951 = LINE('',#4952,#4953);
#4952 = CARTESIAN_POINT('',(26.815327129834,-6.999887029183,
    13.148871908753));
#4953 = VECTOR('',#4954,1.);
#4954 = DIRECTION('',(-0.485177292887,-4.502539536749E-05,0.874415800657
    ));
#4955 = PLANE('',#4956);
#4956 = AXIS2_PLACEMENT_3D('',#4957,#4958,#4959);
#4957 = CARTESIAN_POINT('',(26.712134540751,-7.000002903746,
    13.098317696288));
#4958 = DIRECTION('',(9.027346510582E-04,-0.999999491556,
    4.493983084775E-04));
#4959 = DIRECTION('',(5.421010862428E-20,-4.493984915915E-04,
    -0.99999989902));
#4960 = ADVANCED_FACE('',(#4961),#4978,.T.);
#4961 = FACE_BOUND('',#4962,.T.);
#4962 = EDGE_LOOP('',(#4963,#4964,#4972));
#4963 = ORIENTED_EDGE('',*,*,#4642,.F.);
#4964 = ORIENTED_EDGE('',*,*,#4965,.T.);
#4965 = EDGE_CURVE('',#4643,#4966,#4968,.T.);
#4966 = VERTEX_POINT('',#4967);
#4967 = CARTESIAN_POINT('',(28.913464129834,-7.000036017402,
    7.48116984515));
#4968 = LINE('',#4969,#4970);
#4969 = CARTESIAN_POINT('',(29.826992129834,-7.000097732921,
    -1.518703785484));
#4970 = VECTOR('',#4971,1.);
#4971 = DIRECTION('',(-0.10098563338,6.822320518352E-06,0.994887884037)
  );
#4972 = ORIENTED_EDGE('',*,*,#4973,.T.);
#4973 = EDGE_CURVE('',#4966,#4620,#4974,.T.);
#4974 = LINE('',#4975,#4976);
#4975 = CARTESIAN_POINT('',(28.913464129834,-7.000036017402,
    7.48116984515));
#4976 = VECTOR('',#4977,1.);
#4977 = DIRECTION('',(-0.299215756259,-7.879426612123E-06,0.954185480472
    ));
#4978 = PLANE('',#4979);
#4979 = AXIS2_PLACEMENT_3D('',#4980,#4981,#4982);
#4980 = CARTESIAN_POINT('',(29.030142416568,-7.000070445987,
    4.447878686875));
#4981 = DIRECTION('',(7.127160138788E-05,-0.999999997361,
    1.409176705564E-05));
#4982 = DIRECTION('',(0.,-1.409176709138E-05,-0.999999999901));
#4983 = ADVANCED_FACE('',(#4984),#5001,.T.);
#4984 = FACE_BOUND('',#4985,.T.);
#4985 = EDGE_LOOP('',(#4986,#4994,#5000));
#4986 = ORIENTED_EDGE('',*,*,#4987,.T.);
#4987 = EDGE_CURVE('',#4706,#4988,#4990,.T.);
#4988 = VERTEX_POINT('',#4989);
#4989 = CARTESIAN_POINT('',(-5.763524870166,-7.000089626715,
    -14.33343937615));
#4990 = LINE('',#4991,#4992);
#4991 = CARTESIAN_POINT('',(-25.35347987016,-7.000077829297,
    -15.78469420068));
#4992 = VECTOR('',#4993,1.);
#4993 = DIRECTION('',(0.997267202957,-6.005719073165E-07,
    7.387913038267E-02));
#4994 = ORIENTED_EDGE('',*,*,#4995,.T.);
#4995 = EDGE_CURVE('',#4988,#4393,#4996,.T.);
#4996 = LINE('',#4997,#4998);
#4997 = CARTESIAN_POINT('',(-5.763524870166,-7.000089626714,
    -14.33343937615));
#4998 = VECTOR('',#4999,1.);
#4999 = DIRECTION('',(0.882811594309,-1.021663237344E-06,0.469727249532)
  );
#5000 = ORIENTED_EDGE('',*,*,#4705,.F.);
#5001 = PLANE('',#5002);
#5002 = AXIS2_PLACEMENT_3D('',#5003,#5004,#5005);
#5003 = CARTESIAN_POINT('',(-4.168331961324,-7.000095368878,
    -10.26991421531));
#5004 = DIRECTION('',(-5.1243553722E-07,-0.999999999999,
    -1.211935659051E-06));
#5005 = DIRECTION('',(0.,1.211935659051E-06,-0.999999999999));
#5006 = ADVANCED_FACE('',(#5007),#5024,.T.);
#5007 = FACE_BOUND('',#5008,.T.);
#5008 = EDGE_LOOP('',(#5009,#5017,#5018));
#5009 = ORIENTED_EDGE('',*,*,#5010,.T.);
#5010 = EDGE_CURVE('',#5011,#4643,#5013,.T.);
#5011 = VERTEX_POINT('',#5012);
#5012 = CARTESIAN_POINT('',(23.611935129834,-7.000089953773,
    -18.28745989064));
#5013 = LINE('',#5014,#5015);
#5014 = CARTESIAN_POINT('',(23.611935129834,-7.000089953772,
    -18.28745989064));
#5015 = VECTOR('',#5016,1.);
#5016 = DIRECTION('',(0.347531029222,-4.349912884893E-07,0.937668482848)
  );
#5017 = ORIENTED_EDGE('',*,*,#4729,.T.);
#5018 = ORIENTED_EDGE('',*,*,#5019,.T.);
#5019 = EDGE_CURVE('',#4393,#5011,#5020,.T.);
#5020 = LINE('',#5021,#5022);
#5021 = CARTESIAN_POINT('',(16.379650129834,-7.000115252644,
    -2.551477340648));
#5022 = VECTOR('',#5023,1.);
#5023 = DIRECTION('',(0.417606916262,1.460808544129E-06,-0.908627791501)
  );
#5024 = PLANE('',#5025);
#5025 = AXIS2_PLACEMENT_3D('',#5026,#5027,#5028);
#5026 = CARTESIAN_POINT('',(23.326199984606,-7.000100463124,
    -7.907301627103));
#5027 = DIRECTION('',(1.37768368643E-06,-0.999999999999,
    -9.745225895696E-07));
#5028 = DIRECTION('',(-2.117582368136E-22,9.745225895696E-07,-1.));
#5029 = ADVANCED_FACE('',(#5030),#5040,.T.);
#5030 = FACE_BOUND('',#5031,.T.);
#5031 = EDGE_LOOP('',(#5032,#5033,#5039));
#5032 = ORIENTED_EDGE('',*,*,#4838,.F.);
#5033 = ORIENTED_EDGE('',*,*,#5034,.F.);
#5034 = EDGE_CURVE('',#4746,#4831,#5035,.T.);
#5035 = LINE('',#5036,#5037);
#5036 = CARTESIAN_POINT('',(-23.62625587016,10.000070573417,
    -18.26908106565));
#5037 = VECTOR('',#5038,1.);
#5038 = DIRECTION('',(0.977398776057,1.773930032603E-06,0.211403955874)
  );
#5039 = ORIENTED_EDGE('',*,*,#4745,.T.);
#5040 = PLANE('',#5041);
#5041 = AXIS2_PLACEMENT_3D('',#5042,#5043,#5044);
#5042 = CARTESIAN_POINT('',(-17.34767529455,10.000087027378,
    -11.99450131945));
#5043 = DIRECTION('',(-1.59240724931E-06,0.999999999998,
    -1.028898135913E-06));
#5044 = DIRECTION('',(-1.058791184068E-22,1.028898135913E-06,
    0.999999999999));
#5045 = ADVANCED_FACE('',(#5046),#5063,.T.);
#5046 = FACE_BOUND('',#5047,.T.);
#5047 = EDGE_LOOP('',(#5048,#5049,#5057));
#5048 = ORIENTED_EDGE('',*,*,#4753,.T.);
#5049 = ORIENTED_EDGE('',*,*,#5050,.F.);
#5050 = EDGE_CURVE('',#5051,#4746,#5053,.T.);
#5051 = VERTEX_POINT('',#5052);
#5052 = CARTESIAN_POINT('',(-25.35347987016,9.999995347473,
    -15.78471724687));
#5053 = LINE('',#5054,#5055);
#5054 = CARTESIAN_POINT('',(-25.35347987016,9.999995347474,
    -15.78471724687));
#5055 = VECTOR('',#5056,1.);
#5056 = DIRECTION('',(0.570835272385,2.486164026949E-05,-0.82106460841)
  );
#5057 = ORIENTED_EDGE('',*,*,#5058,.F.);
#5058 = EDGE_CURVE('',#4135,#5051,#5059,.T.);
#5059 = LINE('',#5060,#5061);
#5060 = CARTESIAN_POINT('',(-28.01219287016,10.000061433126,
    -10.35731299588));
#5061 = VECTOR('',#5062,1.);
#5062 = DIRECTION('',(0.439919833522,-1.093476013486E-05,-0.898037048208
    ));
#5063 = PLANE('',#5064);
#5064 = AXIS2_PLACEMENT_3D('',#5065,#5066,#5067);
#5065 = CARTESIAN_POINT('',(-25.88530059135,10.000047935954,
    -14.35204690212));
#5066 = DIRECTION('',(-2.067298658432E-04,0.999999972196,
    -1.134466870811E-04));
#5067 = DIRECTION('',(0.,1.134466895052E-04,0.999999993565));
#5068 = ADVANCED_FACE('',(#5069),#5094,.T.);
#5069 = FACE_BOUND('',#5070,.T.);
#5070 = EDGE_LOOP('',(#5071,#5079,#5080,#5088));
#5071 = ORIENTED_EDGE('',*,*,#5072,.F.);
#5072 = EDGE_CURVE('',#4768,#5073,#5075,.T.);
#5073 = VERTEX_POINT('',#5074);
#5074 = CARTESIAN_POINT('',(-28.91639287016,-7.000054284557,
    -7.469791233625));
#5075 = LINE('',#5076,#5077);
#5076 = CARTESIAN_POINT('',(-28.91639287016,10.000019413713,
    -7.46981342656));
#5077 = VECTOR('',#5078,1.);
#5078 = DIRECTION('',(0.,-0.999999999999,1.305461122258E-06));
#5079 = ORIENTED_EDGE('',*,*,#4767,.T.);
#5080 = ORIENTED_EDGE('',*,*,#5081,.T.);
#5081 = EDGE_CURVE('',#4135,#5082,#5084,.T.);
#5082 = VERTEX_POINT('',#5083);
#5083 = CARTESIAN_POINT('',(-28.01219287016,-7.000012265145,
    -10.35729080295));
#5084 = LINE('',#5085,#5086);
#5085 = CARTESIAN_POINT('',(-28.01219287016,10.000061433126,
    -10.35731299588));
#5086 = VECTOR('',#5087,1.);
#5087 = DIRECTION('',(0.,-0.999999999999,1.305461136247E-06));
#5088 = ORIENTED_EDGE('',*,*,#5089,.T.);
#5089 = EDGE_CURVE('',#5082,#5073,#5090,.T.);
#5090 = LINE('',#5091,#5092);
#5091 = CARTESIAN_POINT('',(-28.01219287016,-7.000012265144,
    -10.35729080295));
#5092 = VECTOR('',#5093,1.);
#5093 = DIRECTION('',(-0.298833884211,-1.388721992668E-05,0.954305144833
    ));
#5094 = PLANE('',#5095);
#5095 = AXIS2_PLACEMENT_3D('',#5096,#5097,#5098);
#5096 = CARTESIAN_POINT('',(-28.46429287016,1.500003574285,
    -8.913552114756));
#5097 = DIRECTION('',(-0.954305144923,-3.901160199882E-07,
    -0.298833884245));
#5098 = DIRECTION('',(-0.258134878573,0.503823483901,0.82433505417));
#5099 = ADVANCED_FACE('',(#5100),#5117,.T.);
#5100 = FACE_BOUND('',#5101,.T.);
#5101 = EDGE_LOOP('',(#5102,#5110,#5111));
#5102 = ORIENTED_EDGE('',*,*,#5103,.T.);
#5103 = EDGE_CURVE('',#5104,#4438,#5106,.T.);
#5104 = VERTEX_POINT('',#5105);
#5105 = CARTESIAN_POINT('',(-29.52379887016,9.999936450315,
    -4.505605808976));
#5106 = LINE('',#5107,#5108);
#5107 = CARTESIAN_POINT('',(-29.52379887016,9.999936450316,
    -4.505605808976));
#5108 = VECTOR('',#5109,1.);
#5109 = DIRECTION('',(-0.100597367044,2.105965097182E-05,0.994927218092)
  );
#5110 = ORIENTED_EDGE('',*,*,#4775,.F.);
#5111 = ORIENTED_EDGE('',*,*,#5112,.T.);
#5112 = EDGE_CURVE('',#4768,#5104,#5113,.T.);
#5113 = LINE('',#5114,#5115);
#5114 = CARTESIAN_POINT('',(-28.91639287016,10.000019413713,
    -7.46981342656));
#5115 = VECTOR('',#5116,1.);
#5116 = DIRECTION('',(-0.200742247777,-2.741866033401E-05,0.979644093131
    ));
#5117 = PLANE('',#5118);
#5118 = AXIS2_PLACEMENT_3D('',#5119,#5120,#5121);
#5119 = CARTESIAN_POINT('',(-29.41018421806,9.99999144474,
    -4.488330162466));
#5120 = DIRECTION('',(-4.735444083829E-04,0.999999885494,
    -6.90472307654E-05));
#5121 = DIRECTION('',(-5.421010862428E-20,6.904723850709E-05,
    0.999999997616));
#5122 = ADVANCED_FACE('',(#5123),#5133,.T.);
#5123 = FACE_BOUND('',#5124,.T.);
#5124 = EDGE_LOOP('',(#5125,#5126,#5132));
#5125 = ORIENTED_EDGE('',*,*,#4950,.F.);
#5126 = ORIENTED_EDGE('',*,*,#5127,.F.);
#5127 = EDGE_CURVE('',#4792,#4943,#5128,.T.);
#5128 = LINE('',#5129,#5130);
#5129 = CARTESIAN_POINT('',(26.815327129834,9.99997795392,
    13.148976107983));
#5130 = VECTOR('',#5131,1.);
#5131 = DIRECTION('',(0.,-0.999999999981,-6.129415183187E-06));
#5132 = ORIENTED_EDGE('',*,*,#4791,.T.);
#5133 = PLANE('',#5134);
#5134 = AXIS2_PLACEMENT_3D('',#5135,#5136,#5137);
#5135 = CARTESIAN_POINT('',(26.415911008526,0.810362809326,
    13.868771622269));
#5136 = DIRECTION('',(0.874415801605,-2.973853067911E-06,0.48517729326)
  );
#5137 = DIRECTION('',(0.427900899713,-0.47134292755,-0.771191717197));
#5138 = ADVANCED_FACE('',(#5139),#5156,.T.);
#5139 = FACE_BOUND('',#5140,.T.);
#5140 = EDGE_LOOP('',(#5141,#5149,#5150));
#5141 = ORIENTED_EDGE('',*,*,#5142,.T.);
#5142 = EDGE_CURVE('',#5143,#3901,#5145,.T.);
#5143 = VERTEX_POINT('',#5144);
#5144 = CARTESIAN_POINT('',(28.008133129834,10.000013840247,
    10.368207164123));
#5145 = LINE('',#5146,#5147);
#5146 = CARTESIAN_POINT('',(28.008133129834,10.000013840247,
    10.368207164123));
#5147 = VECTOR('',#5148,1.);
#5148 = DIRECTION('',(-0.440267818166,6.054673363343E-06,0.897866498011)
  );
#5149 = ORIENTED_EDGE('',*,*,#4799,.T.);
#5150 = ORIENTED_EDGE('',*,*,#5151,.T.);
#5151 = EDGE_CURVE('',#4792,#5143,#5152,.T.);
#5152 = LINE('',#5153,#5154);
#5153 = CARTESIAN_POINT('',(26.815327129834,9.99997795392,
    13.148976107983));
#5154 = VECTOR('',#5155,1.);
#5155 = DIRECTION('',(0.394211855473,1.186011423859E-05,-0.919019593297)
  );
#5156 = PLANE('',#5157);
#5157 = AXIS2_PLACEMENT_3D('',#5158,#5159,#5160);
#5158 = CARTESIAN_POINT('',(26.712147023326,10.00001858205,
    13.098301705665));
#5159 = DIRECTION('',(3.200062982045E-04,0.999999937522,
    1.501713250506E-04));
#5160 = DIRECTION('',(0.,-1.501713327398E-04,0.999999988724));
#5161 = ADVANCED_FACE('',(#5162),#5179,.T.);
#5162 = FACE_BOUND('',#5163,.T.);
#5163 = EDGE_LOOP('',(#5164,#5165,#5173));
#5164 = ORIENTED_EDGE('',*,*,#4853,.T.);
#5165 = ORIENTED_EDGE('',*,*,#5166,.F.);
#5166 = EDGE_CURVE('',#5167,#4515,#5169,.T.);
#5167 = VERTEX_POINT('',#5168);
#5168 = CARTESIAN_POINT('',(-1.170187016572E-02,10.000107065535,
    -29.86563809008));
#5169 = LINE('',#5170,#5171);
#5170 = CARTESIAN_POINT('',(-1.17018701657E-02,10.000107065536,
    -29.86563809008));
#5171 = VECTOR('',#5172,1.);
#5172 = DIRECTION('',(0.820944040546,1.341633217855E-07,0.57100865343));
#5173 = ORIENTED_EDGE('',*,*,#5174,.F.);
#5174 = EDGE_CURVE('',#4831,#5167,#5175,.T.);
#5175 = LINE('',#5176,#5177);
#5176 = CARTESIAN_POINT('',(-11.22165487016,10.00009308715,
    -15.58605977825));
#5177 = VECTOR('',#5178,1.);
#5178 = DIRECTION('',(0.617490597596,7.699873684208E-07,-0.786578261764)
  );
#5179 = PLANE('',#5180);
#5180 = AXIS2_PLACEMENT_3D('',#5181,#5182,#5183);
#5181 = CARTESIAN_POINT('',(7.705059680606,10.000104509911,
    -17.56111628429));
#5182 = DIRECTION('',(-5.461118405E-07,1.,5.501912053174E-07));
#5183 = DIRECTION('',(-5.293955920339E-23,-5.501912052619E-07,1.));
#5184 = ADVANCED_FACE('',(#5185),#5202,.T.);
#5185 = FACE_BOUND('',#5186,.T.);
#5186 = EDGE_LOOP('',(#5187,#5195,#5196));
#5187 = ORIENTED_EDGE('',*,*,#5188,.F.);
#5188 = EDGE_CURVE('',#4515,#5189,#5191,.T.);
#5189 = VERTEX_POINT('',#5190);
#5190 = CARTESIAN_POINT('',(29.522030129834,10.000040549267,
    4.51727495222));
#5191 = LINE('',#5192,#5193);
#5192 = CARTESIAN_POINT('',(28.004070129834,10.000111644032,
    -10.37923286093));
#5193 = VECTOR('',#5194,1.);
#5194 = DIRECTION('',(0.101375426712,-4.747992051468E-06,0.994848241108)
  );
#5195 = ORIENTED_EDGE('',*,*,#4868,.F.);
#5196 = ORIENTED_EDGE('',*,*,#5197,.T.);
#5197 = EDGE_CURVE('',#4869,#5189,#5198,.T.);
#5198 = LINE('',#5199,#5200);
#5199 = CARTESIAN_POINT('',(28.913464129834,10.000037680868,
    7.481147652215));
#5200 = VECTOR('',#5201,1.);
#5201 = DIRECTION('',(0.201131932317,9.480105625514E-07,-0.979564161146)
  );
#5202 = PLANE('',#5203);
#5203 = AXIS2_PLACEMENT_3D('',#5204,#5205,#5206);
#5204 = CARTESIAN_POINT('',(28.649740605958,10.000072263514,
    -1.439393735358));
#5205 = DIRECTION('',(1.238424383012E-05,0.999999999917,
    3.510619915881E-06));
#5206 = DIRECTION('',(-1.694065894509E-21,-3.510619916047E-06,
    0.999999999994));
#5207 = ADVANCED_FACE('',(#5208),#5218,.T.);
#5208 = FACE_BOUND('',#5209,.T.);
#5209 = EDGE_LOOP('',(#5210,#5216,#5217));
#5210 = ORIENTED_EDGE('',*,*,#5211,.T.);
#5211 = EDGE_CURVE('',#5143,#4869,#5212,.T.);
#5212 = LINE('',#5213,#5214);
#5213 = CARTESIAN_POINT('',(28.008133129834,10.000013840247,
    10.368207164123));
#5214 = VECTOR('',#5215,1.);
#5215 = DIRECTION('',(0.299215756259,7.879426612123E-06,-0.954185480472)
  );
#5216 = ORIENTED_EDGE('',*,*,#4877,.F.);
#5217 = ORIENTED_EDGE('',*,*,#5142,.F.);
#5218 = PLANE('',#5219);
#5219 = AXIS2_PLACEMENT_3D('',#5220,#5221,#5222);
#5220 = CARTESIAN_POINT('',(27.201570140086,10.000037024078,
    11.666312525521));
#5221 = DIRECTION('',(8.486423287431E-05,0.999999995791,
    3.486967982402E-05));
#5222 = DIRECTION('',(1.355252715607E-20,-3.486967994965E-05,
    0.999999999392));
#5223 = ADVANCED_FACE('',(#5224),#5239,.T.);
#5224 = FACE_BOUND('',#5225,.T.);
#5225 = EDGE_LOOP('',(#5226,#5232,#5238));
#5226 = ORIENTED_EDGE('',*,*,#5227,.F.);
#5227 = EDGE_CURVE('',#5073,#4564,#5228,.T.);
#5228 = LINE('',#5229,#5230);
#5229 = CARTESIAN_POINT('',(-28.91639287016,-7.000054284556,
    -7.469791233625));
#5230 = VECTOR('',#5231,1.);
#5231 = DIRECTION('',(-0.150864476539,-3.097804182783E-06,0.9885544546)
  );
#5232 = ORIENTED_EDGE('',*,*,#5233,.T.);
#5233 = EDGE_CURVE('',#5073,#4706,#5234,.T.);
#5234 = LINE('',#5235,#5236);
#5235 = CARTESIAN_POINT('',(-28.91639287016,-7.000054284556,
    -7.469791233625));
#5236 = VECTOR('',#5237,1.);
#5237 = DIRECTION('',(0.393861690007,-2.602749939684E-06,-0.919169717266
    ));
#5238 = ORIENTED_EDGE('',*,*,#4891,.T.);
#5239 = PLANE('',#5240);
#5240 = AXIS2_PLACEMENT_3D('',#5241,#5242,#5243);
#5241 = CARTESIAN_POINT('',(-27.81177838754,-7.000070234664,
    -8.703064844071));
#5242 = DIRECTION('',(-2.162234118772E-05,-0.999999999746,
    -6.433482078239E-06));
#5243 = DIRECTION('',(0.,6.433482079682E-06,-0.999999999979));
#5244 = ADVANCED_FACE('',(#5245),#5255,.T.);
#5245 = FACE_BOUND('',#5246,.T.);
#5246 = EDGE_LOOP('',(#5247,#5253,#5254));
#5247 = ORIENTED_EDGE('',*,*,#5248,.T.);
#5248 = EDGE_CURVE('',#5104,#4909,#5249,.T.);
#5249 = LINE('',#5250,#5251);
#5250 = CARTESIAN_POINT('',(-29.52379887016,9.999936450316,
    -4.505605808976));
#5251 = VECTOR('',#5252,1.);
#5252 = DIRECTION('',(0.,-0.999999999981,-6.179606723777E-06));
#5253 = ORIENTED_EDGE('',*,*,#4908,.F.);
#5254 = ORIENTED_EDGE('',*,*,#5103,.F.);
#5255 = PLANE('',#5256);
#5256 = AXIS2_PLACEMENT_3D('',#5257,#5258,#5259);
#5257 = CARTESIAN_POINT('',(-29.60661164745,2.189648653502,
    -3.686619852794));
#5258 = DIRECTION('',(-0.994927218311,6.216521661259E-07,-0.10059736708)
  );
#5259 = DIRECTION('',(-8.595301795333E-02,0.519567654917,0.85009501273)
  );
#5260 = ADVANCED_FACE('',(#5261),#5271,.T.);
#5261 = FACE_BOUND('',#5262,.T.);
#5262 = EDGE_LOOP('',(#5263,#5264,#5270));
#5263 = ORIENTED_EDGE('',*,*,#4916,.T.);
#5264 = ORIENTED_EDGE('',*,*,#5265,.F.);
#5265 = EDGE_CURVE('',#5073,#4909,#5266,.T.);
#5266 = LINE('',#5267,#5268);
#5267 = CARTESIAN_POINT('',(-28.91639287016,-7.000054284556,
    -7.469791233625));
#5268 = VECTOR('',#5269,1.);
#5269 = DIRECTION('',(-0.20075051808,4.138918908153E-05,0.979642397907)
  );
#5270 = ORIENTED_EDGE('',*,*,#5227,.T.);
#5271 = PLANE('',#5272);
#5272 = AXIS2_PLACEMENT_3D('',#5273,#5274,#5275);
#5273 = CARTESIAN_POINT('',(-29.41018897533,-7.000029976258,
    -4.488308349883));
#5274 = DIRECTION('',(-8.675592935729E-04,-0.999999614486,
    -1.355329299834E-04));
#5275 = DIRECTION('',(-5.421010862428E-20,1.355329809885E-04,
    -0.999999990815));
#5276 = ADVANCED_FACE('',(#5277),#5287,.T.);
#5277 = FACE_BOUND('',#5278,.T.);
#5278 = EDGE_LOOP('',(#5279,#5285,#5286));
#5279 = ORIENTED_EDGE('',*,*,#5280,.T.);
#5280 = EDGE_CURVE('',#4620,#4792,#5281,.T.);
#5281 = LINE('',#5282,#5283);
#5282 = CARTESIAN_POINT('',(28.008133129834,-7.000059858022,
    10.368229357058));
#5283 = VECTOR('',#5284,1.);
#5284 = DIRECTION('',(-6.907924521885E-02,0.984527056991,0.161042019154)
  );
#5285 = ORIENTED_EDGE('',*,*,#5127,.T.);
#5286 = ORIENTED_EDGE('',*,*,#4942,.T.);
#5287 = PLANE('',#5288);
#5288 = AXIS2_PLACEMENT_3D('',#5289,#5290,#5291);
#5289 = CARTESIAN_POINT('',(27.139860461309,0.810371204032,
    12.392374969423));
#5290 = DIRECTION('',(0.919013101515,-2.416380895015E-06,0.394226989483)
  );
#5291 = DIRECTION('',(0.343716431101,-0.489724586695,-0.801267024267));
#5292 = ADVANCED_FACE('',(#5293),#5310,.T.);
#5293 = FACE_BOUND('',#5294,.T.);
#5294 = EDGE_LOOP('',(#5295,#5303,#5304));
#5295 = ORIENTED_EDGE('',*,*,#5296,.T.);
#5296 = EDGE_CURVE('',#5297,#4966,#5299,.T.);
#5297 = VERTEX_POINT('',#5298);
#5298 = CARTESIAN_POINT('',(29.522030129834,-7.000032627505,
    4.517297998408));
#5299 = LINE('',#5300,#5301);
#5300 = CARTESIAN_POINT('',(29.522030129834,-7.000032627504,
    4.517297998408));
#5301 = VECTOR('',#5302,1.);
#5302 = DIRECTION('',(-0.201131987877,-1.120366470653E-06,0.979564149738
    ));
#5303 = ORIENTED_EDGE('',*,*,#4965,.F.);
#5304 = ORIENTED_EDGE('',*,*,#5305,.T.);
#5305 = EDGE_CURVE('',#4643,#5297,#5306,.T.);
#5306 = LINE('',#5307,#5308);
#5307 = CARTESIAN_POINT('',(29.826992129834,-7.000097732921,
    -1.518703785484));
#5308 = VECTOR('',#5309,1.);
#5309 = DIRECTION('',(-5.045948005835E-02,1.077244219544E-05,
    0.998726108979));
#5310 = PLANE('',#5311);
#5311 = AXIS2_PLACEMENT_3D('',#5312,#5313,#5314);
#5312 = CARTESIAN_POINT('',(29.446275222822,-7.00006087265,
    2.990904411277));
#5313 = DIRECTION('',(7.706459139471E-05,-0.999999996923,
    1.467978181746E-05));
#5314 = DIRECTION('',(0.,-1.467978186104E-05,-0.999999999892));
#5315 = ADVANCED_FACE('',(#5316),#5332,.T.);
#5316 = FACE_BOUND('',#5317,.T.);
#5317 = EDGE_LOOP('',(#5318,#5319,#5325,#5326));
#5318 = ORIENTED_EDGE('',*,*,#4973,.F.);
#5319 = ORIENTED_EDGE('',*,*,#5320,.T.);
#5320 = EDGE_CURVE('',#4966,#4869,#5321,.T.);
#5321 = LINE('',#5322,#5323);
#5322 = CARTESIAN_POINT('',(28.913464129834,-7.000036017402,
    7.48116984515));
#5323 = VECTOR('',#5324,1.);
#5324 = DIRECTION('',(0.,0.999999999999,-1.305461122258E-06));
#5325 = ORIENTED_EDGE('',*,*,#5211,.F.);
#5326 = ORIENTED_EDGE('',*,*,#5327,.T.);
#5327 = EDGE_CURVE('',#5143,#4620,#5328,.T.);
#5328 = LINE('',#5329,#5330);
#5329 = CARTESIAN_POINT('',(28.008133129834,10.000013840247,
    10.368207164123));
#5330 = VECTOR('',#5331,1.);
#5331 = DIRECTION('',(0.,-0.999999999999,1.305461122258E-06));
#5332 = PLANE('',#5333);
#5333 = AXIS2_PLACEMENT_3D('',#5334,#5335,#5336);
#5334 = CARTESIAN_POINT('',(28.460798629834,1.499988911422,
    8.924688504637));
#5335 = DIRECTION('',(0.954185480501,3.906145369104E-07,0.299215756272)
  );
#5336 = DIRECTION('',(0.258472969138,-0.503776341617,-0.824257921923));
#5337 = ADVANCED_FACE('',(#5338),#5363,.T.);
#5338 = FACE_BOUND('',#5339,.T.);
#5339 = EDGE_LOOP('',(#5340,#5348,#5349,#5357));
#5340 = ORIENTED_EDGE('',*,*,#5341,.F.);
#5341 = EDGE_CURVE('',#4988,#5342,#5344,.T.);
#5342 = VERTEX_POINT('',#5343);
#5343 = CARTESIAN_POINT('',(9.335495129834,-7.000090955278,
    -17.56369599877));
#5344 = LINE('',#5345,#5346);
#5345 = CARTESIAN_POINT('',(-5.763524870166,-7.000089626714,
    -14.33343937615));
#5346 = VECTOR('',#5347,1.);
#5347 = DIRECTION('',(0.977871989802,-8.604294506054E-08,-0.209204138489
    ));
#5348 = ORIENTED_EDGE('',*,*,#4987,.F.);
#5349 = ORIENTED_EDGE('',*,*,#5350,.F.);
#5350 = EDGE_CURVE('',#5351,#4706,#5353,.T.);
#5351 = VERTEX_POINT('',#5352);
#5352 = CARTESIAN_POINT('',(11.768322129834,-7.000074708132,
    -27.44918724754));
#5353 = LINE('',#5354,#5355);
#5354 = CARTESIAN_POINT('',(11.768322129834,-7.00007470813,
    -27.44918724754));
#5355 = VECTOR('',#5356,1.);
#5356 = DIRECTION('',(-0.954011056135,-8.021236888589E-08,0.299771420873
    ));
#5357 = ORIENTED_EDGE('',*,*,#5358,.T.);
#5358 = EDGE_CURVE('',#5351,#5342,#5359,.T.);
#5359 = LINE('',#5360,#5361);
#5360 = CARTESIAN_POINT('',(11.768322129834,-7.00007470813,
    -27.44918724754));
#5361 = VECTOR('',#5362,1.);
#5362 = DIRECTION('',(-0.238970452091,-1.595916121533E-06,0.971026839498
    ));
#5363 = PLANE('',#5364);
#5364 = AXIS2_PLACEMENT_3D('',#5365,#5366,#5367);
#5365 = CARTESIAN_POINT('',(-5.166950022162,-7.000081375337,
    -19.15438131323));
#5366 = DIRECTION('',(-4.6961473045E-07,-0.999999999998,
    -1.763252218345E-06));
#5367 = DIRECTION('',(-5.293955920339E-23,1.763252218401E-06,
    -0.999999999998));
#5368 = ADVANCED_FACE('',(#5369),#5379,.T.);
#5369 = FACE_BOUND('',#5370,.T.);
#5370 = EDGE_LOOP('',(#5371,#5377,#5378));
#5371 = ORIENTED_EDGE('',*,*,#5372,.T.);
#5372 = EDGE_CURVE('',#5342,#4393,#5373,.T.);
#5373 = LINE('',#5374,#5375);
#5374 = CARTESIAN_POINT('',(9.335495129834,-7.000090955276,
    -17.56369599877));
#5375 = VECTOR('',#5376,1.);
#5376 = DIRECTION('',(0.424788701974,-1.4652214545E-06,0.905292526575));
#5377 = ORIENTED_EDGE('',*,*,#4995,.F.);
#5378 = ORIENTED_EDGE('',*,*,#5341,.T.);
#5379 = PLANE('',#5380);
#5380 = AXIS2_PLACEMENT_3D('',#5381,#5382,#5383);
#5381 = CARTESIAN_POINT('',(6.548005456176,-7.000099347735,
    -10.94101901869));
#5382 = DIRECTION('',(-3.9463450627E-07,-0.999999999999,
    -1.43333247199E-06));
#5383 = DIRECTION('',(-2.64697796017E-23,1.43333247199E-06,
    -0.999999999999));
#5384 = ADVANCED_FACE('',(#5385),#5400,.T.);
#5385 = FACE_BOUND('',#5386,.T.);
#5386 = EDGE_LOOP('',(#5387,#5393,#5394));
#5387 = ORIENTED_EDGE('',*,*,#5388,.T.);
#5388 = EDGE_CURVE('',#2910,#4643,#5389,.T.);
#5389 = LINE('',#5390,#5391);
#5390 = CARTESIAN_POINT('',(29.520260129834,-7.000034207174,
    -4.528822610351));
#5391 = VECTOR('',#5392,1.);
#5392 = DIRECTION('',(0.10137533146,-2.099534321598E-05,0.994848250604)
  );
#5393 = ORIENTED_EDGE('',*,*,#5010,.F.);
#5394 = ORIENTED_EDGE('',*,*,#5395,.T.);
#5395 = EDGE_CURVE('',#5011,#2910,#5396,.T.);
#5396 = LINE('',#5397,#5398);
#5397 = CARTESIAN_POINT('',(23.611935129834,-7.000089953772,
    -18.28745989064));
#5398 = VECTOR('',#5399,1.);
#5399 = DIRECTION('',(0.394583056744,3.722994737332E-06,0.918860278452)
  );
#5400 = PLANE('',#5401);
#5401 = AXIS2_PLACEMENT_3D('',#5402,#5403,#5404);
#5402 = CARTESIAN_POINT('',(26.904566163858,-7.000078238618,
    -9.951053173701));
#5403 = DIRECTION('',(7.680548881508E-05,-0.999999996632,
    -2.893056806397E-05));
#5404 = DIRECTION('',(0.,2.893056814934E-05,-0.999999999582));
#5405 = ADVANCED_FACE('',(#5406),#5416,.T.);
#5406 = FACE_BOUND('',#5407,.T.);
#5407 = EDGE_LOOP('',(#5408,#5409,#5410));
#5408 = ORIENTED_EDGE('',*,*,#5019,.F.);
#5409 = ORIENTED_EDGE('',*,*,#5372,.F.);
#5410 = ORIENTED_EDGE('',*,*,#5411,.F.);
#5411 = EDGE_CURVE('',#5011,#5342,#5412,.T.);
#5412 = LINE('',#5413,#5414);
#5413 = CARTESIAN_POINT('',(23.611935129834,-7.000089953772,
    -18.28745989064));
#5414 = VECTOR('',#5415,1.);
#5415 = DIRECTION('',(-0.99871741008,-7.006087629838E-08,
    5.063136185183E-02));
#5416 = PLANE('',#5417);
#5417 = AXIS2_PLACEMENT_3D('',#5418,#5419,#5420);
#5418 = CARTESIAN_POINT('',(16.495112288527,-7.000099172235,
    -12.52124781595));
#5419 = DIRECTION('',(-1.162501741E-08,-0.999999999999,
    -1.613051290816E-06));
#5420 = DIRECTION('',(0.,1.613051290872E-06,-0.999999999999));
#5421 = ADVANCED_FACE('',(#5422),#5439,.T.);
#5422 = FACE_BOUND('',#5423,.T.);
#5423 = EDGE_LOOP('',(#5424,#5432,#5438));
#5424 = ORIENTED_EDGE('',*,*,#5425,.T.);
#5425 = EDGE_CURVE('',#4831,#5426,#5428,.T.);
#5426 = VERTEX_POINT('',#5427);
#5427 = CARTESIAN_POINT('',(-19.46453187016,10.000081094352,
    -22.65144436885));
#5428 = LINE('',#5429,#5430);
#5429 = CARTESIAN_POINT('',(-11.22165487016,10.00009308715,
    -15.58605977825));
#5430 = VECTOR('',#5431,1.);
#5431 = DIRECTION('',(-0.759253805667,-1.104659962003E-06,
    -0.650794636256));
#5432 = ORIENTED_EDGE('',*,*,#5433,.T.);
#5433 = EDGE_CURVE('',#5426,#4746,#5434,.T.);
#5434 = LINE('',#5435,#5436);
#5435 = CARTESIAN_POINT('',(-19.46453187016,10.000081094353,
    -22.65144436885));
#5436 = VECTOR('',#5437,1.);
#5437 = DIRECTION('',(-0.688617153895,-1.740840320341E-06,0.725125103247
    ));
#5438 = ORIENTED_EDGE('',*,*,#5034,.T.);
#5439 = PLANE('',#5440);
#5440 = AXIS2_PLACEMENT_3D('',#5441,#5442,#5443);
#5441 = CARTESIAN_POINT('',(-17.50226570778,10.000082535576,
    -18.45296462776));
#5442 = DIRECTION('',(-1.93645906901E-06,0.999999999998,
    5.617808371827E-07));
#5443 = DIRECTION('',(0.,-5.617808372382E-07,1.));
#5444 = ADVANCED_FACE('',(#5445),#5460,.T.);
#5445 = FACE_BOUND('',#5446,.T.);
#5446 = EDGE_LOOP('',(#5447,#5453,#5454));
#5447 = ORIENTED_EDGE('',*,*,#5448,.T.);
#5448 = EDGE_CURVE('',#4706,#5051,#5449,.T.);
#5449 = LINE('',#5450,#5451);
#5450 = CARTESIAN_POINT('',(-25.35347987016,-7.000077829297,
    -15.78469420068));
#5451 = VECTOR('',#5452,1.);
#5452 = DIRECTION('',(0.,0.999999999999,-1.355652277879E-06));
#5453 = ORIENTED_EDGE('',*,*,#5050,.T.);
#5454 = ORIENTED_EDGE('',*,*,#5455,.T.);
#5455 = EDGE_CURVE('',#4746,#4706,#5456,.T.);
#5456 = LINE('',#5457,#5458);
#5457 = CARTESIAN_POINT('',(-23.62625587016,10.000070573417,
    -18.26908106565));
#5458 = VECTOR('',#5459,1.);
#5459 = DIRECTION('',(-0.100028461834,-0.98452701889,0.143877920121));
#5460 = PLANE('',#5461);
#5461 = AXIS2_PLACEMENT_3D('',#5462,#5463,#5464);
#5462 = CARTESIAN_POINT('',(-24.88354484655,2.189629980868,
    -16.46064074128));
#5463 = DIRECTION('',(-0.821064608652,-7.738541375479E-07,
    -0.570835272577));
#5464 = DIRECTION('',(-0.510197990595,0.448517666717,0.733845973646));
#5465 = ADVANCED_FACE('',(#5466),#5483,.T.);
#5466 = FACE_BOUND('',#5467,.T.);
#5467 = EDGE_LOOP('',(#5468,#5469,#5477));
#5468 = ORIENTED_EDGE('',*,*,#5058,.T.);
#5469 = ORIENTED_EDGE('',*,*,#5470,.T.);
#5470 = EDGE_CURVE('',#5051,#5471,#5473,.T.);
#5471 = VERTEX_POINT('',#5472);
#5472 = CARTESIAN_POINT('',(-26.82047787016,9.999905929826,
    -13.1383950835));
#5473 = LINE('',#5474,#5475);
#5474 = CARTESIAN_POINT('',(-25.35347987016,9.999995347474,
    -15.78471724687));
#5475 = VECTOR('',#5476,1.);
#5476 = DIRECTION('',(-0.484839369222,-2.955232095536E-05,0.874603215852
    ));
#5477 = ORIENTED_EDGE('',*,*,#5478,.T.);
#5478 = EDGE_CURVE('',#5471,#4135,#5479,.T.);
#5479 = LINE('',#5480,#5481);
#5480 = CARTESIAN_POINT('',(-26.82047787016,9.999905929827,
    -13.1383950835));
#5481 = VECTOR('',#5482,1.);
#5482 = DIRECTION('',(-0.393869785078,5.139488132616E-05,0.919166247075)
  );
#5483 = PLANE('',#5484);
#5484 = AXIS2_PLACEMENT_3D('',#5485,#5486,#5487);
#5485 = CARTESIAN_POINT('',(-26.71726428423,9.999997755408,
    -13.0878802332));
#5486 = DIRECTION('',(-7.128089599486E-04,0.999999680662,
    -3.61358761628E-04));
#5487 = DIRECTION('',(0.,3.613588534306E-04,0.99999993471));
#5488 = ADVANCED_FACE('',(#5489),#5499,.T.);
#5489 = FACE_BOUND('',#5490,.T.);
#5490 = EDGE_LOOP('',(#5491,#5497,#5498));
#5491 = ORIENTED_EDGE('',*,*,#5492,.T.);
#5492 = EDGE_CURVE('',#4909,#4768,#5493,.T.);
#5493 = LINE('',#5494,#5495);
#5494 = CARTESIAN_POINT('',(-29.52379887016,-6.999929054285,
    -4.505710861459));
#5495 = VECTOR('',#5496,1.);
#5496 = DIRECTION('',(3.517705010603E-02,0.98452771138,-0.171661762399)
  );
#5497 = ORIENTED_EDGE('',*,*,#5072,.T.);
#5498 = ORIENTED_EDGE('',*,*,#5265,.T.);
#5499 = PLANE('',#5500);
#5500 = AXIS2_PLACEMENT_3D('',#5501,#5502,#5503);
#5501 = CARTESIAN_POINT('',(-29.08165185122,0.810384448831,
    -6.663354173623));
#5502 = DIRECTION('',(-0.979642398749,-2.620719967983E-07,
    -0.200750518241));
#5503 = DIRECTION('',(-0.172237540389,0.513704067963,0.840501255346));
#5504 = ADVANCED_FACE('',(#5505),#5522,.T.);
#5505 = FACE_BOUND('',#5506,.T.);
#5506 = EDGE_LOOP('',(#5507,#5508,#5516));
#5507 = ORIENTED_EDGE('',*,*,#5081,.F.);
#5508 = ORIENTED_EDGE('',*,*,#5509,.F.);
#5509 = EDGE_CURVE('',#5510,#4135,#5512,.T.);
#5510 = VERTEX_POINT('',#5511);
#5511 = CARTESIAN_POINT('',(-26.82047787016,-6.999959574775,
    -13.13850013598));
#5512 = LINE('',#5513,#5514);
#5513 = CARTESIAN_POINT('',(-26.82047787016,-6.999959574774,
    -13.13850013598));
#5514 = VECTOR('',#5515,1.);
#5515 = DIRECTION('',(-6.901614561673E-02,0.984527278224,0.161067718916)
  );
#5516 = ORIENTED_EDGE('',*,*,#5517,.T.);
#5517 = EDGE_CURVE('',#5510,#5082,#5518,.T.);
#5518 = LINE('',#5519,#5520);
#5519 = CARTESIAN_POINT('',(-26.82047787016,-6.999959574774,
    -13.13850013598));
#5520 = VECTOR('',#5521,1.);
#5521 = DIRECTION('',(-0.393854560657,-1.741384659992E-05,0.919172771978
    ));
#5522 = PLANE('',#5523);
#5523 = AXIS2_PLACEMENT_3D('',#5524,#5525,#5526);
#5524 = CARTESIAN_POINT('',(-27.68795767735,0.810387626249,
    -11.11399697452));
#5525 = DIRECTION('',(-0.919172772114,-5.141618225069E-07,
    -0.393854560725));
#5526 = DIRECTION('',(-0.343378787133,0.489788999189,0.801372413314));
#5527 = ADVANCED_FACE('',(#5528),#5538,.T.);
#5528 = FACE_BOUND('',#5529,.T.);
#5529 = EDGE_LOOP('',(#5530,#5536,#5537));
#5530 = ORIENTED_EDGE('',*,*,#5531,.T.);
#5531 = EDGE_CURVE('',#5082,#4706,#5532,.T.);
#5532 = LINE('',#5533,#5534);
#5533 = CARTESIAN_POINT('',(-28.01219287016,-7.000012265144,
    -10.35729080295));
#5534 = VECTOR('',#5535,1.);
#5535 = DIRECTION('',(0.439919889299,-1.084847265953E-05,-0.898037020886
    ));
#5536 = ORIENTED_EDGE('',*,*,#5233,.F.);
#5537 = ORIENTED_EDGE('',*,*,#5089,.F.);
#5538 = PLANE('',#5539);
#5539 = AXIS2_PLACEMENT_3D('',#5540,#5541,#5542);
#5540 = CARTESIAN_POINT('',(-27.20614560256,-7.000053572275,
    -11.65564248588));
#5541 = DIRECTION('',(-1.506992370875E-04,-0.999999986739,
    -6.174257618685E-05));
#5542 = DIRECTION('',(0.,6.17425768879E-05,-0.999999998094));
#5543 = ADVANCED_FACE('',(#5544),#5549,.T.);
#5544 = FACE_BOUND('',#5545,.T.);
#5545 = EDGE_LOOP('',(#5546,#5547,#5548));
#5546 = ORIENTED_EDGE('',*,*,#5112,.F.);
#5547 = ORIENTED_EDGE('',*,*,#5492,.F.);
#5548 = ORIENTED_EDGE('',*,*,#5248,.F.);
#5549 = PLANE('',#5550);
#5550 = AXIS2_PLACEMENT_3D('',#5551,#5552,#5553);
#5551 = CARTESIAN_POINT('',(-29.35853850375,2.189679968664,
    -5.312142710333));
#5552 = DIRECTION('',(-0.979644093505,1.240508144429E-06,-0.200742247819
    ));
#5553 = DIRECTION('',(-0.172229601459,0.513704791851,0.840502439741));
#5554 = ADVANCED_FACE('',(#5555),#5560,.T.);
#5555 = FACE_BOUND('',#5556,.T.);
#5556 = EDGE_LOOP('',(#5557,#5558,#5559));
#5557 = ORIENTED_EDGE('',*,*,#5327,.F.);
#5558 = ORIENTED_EDGE('',*,*,#5151,.F.);
#5559 = ORIENTED_EDGE('',*,*,#5280,.F.);
#5560 = PLANE('',#5561);
#5561 = AXIS2_PLACEMENT_3D('',#5562,#5563,#5564);
#5562 = CARTESIAN_POINT('',(27.68360076789,2.189623396439,11.12479430017
    ));
#5563 = DIRECTION('',(0.919019593359,5.146282513746E-07,0.394211855507)
  );
#5564 = DIRECTION('',(0.343704031203,-0.489726953499,-0.801270896733));
#5565 = ADVANCED_FACE('',(#5566),#5583,.T.);
#5566 = FACE_BOUND('',#5567,.T.);
#5567 = EDGE_LOOP('',(#5568,#5576,#5582));
#5568 = ORIENTED_EDGE('',*,*,#5569,.T.);
#5569 = EDGE_CURVE('',#4515,#5570,#5572,.T.);
#5570 = VERTEX_POINT('',#5571);
#5571 = CARTESIAN_POINT('',(17.053539129834,10.00006336783,
    -24.51799771822));
#5572 = LINE('',#5573,#5574);
#5573 = CARTESIAN_POINT('',(28.004070129834,10.000111644032,
    -10.37923286093));
#5574 = VECTOR('',#5575,1.);
#5575 = DIRECTION('',(-0.612326681347,-2.699486066238E-06,
    -0.790604854085));
#5576 = ORIENTED_EDGE('',*,*,#5577,.F.);
#5577 = EDGE_CURVE('',#5167,#5570,#5578,.T.);
#5578 = LINE('',#5579,#5580);
#5579 = CARTESIAN_POINT('',(-1.17018701657E-02,10.000107065536,
    -29.86563809008));
#5580 = VECTOR('',#5581,1.);
#5581 = DIRECTION('',(0.954244827911,-2.443464396928E-06,0.299026434281)
  );
#5582 = ORIENTED_EDGE('',*,*,#5166,.T.);
#5583 = PLANE('',#5584);
#5584 = AXIS2_PLACEMENT_3D('',#5585,#5586,#5587);
#5585 = CARTESIAN_POINT('',(14.778462651029,10.000097588167,
    -21.24712348391));
#5586 = DIRECTION('',(4.79414453996E-06,0.999999999963,
    -7.12754121468E-06));
#5587 = DIRECTION('',(-4.235164736272E-22,7.127541214791E-06,
    0.999999999975));
#5588 = ADVANCED_FACE('',(#5589),#5599,.T.);
#5589 = FACE_BOUND('',#5590,.T.);
#5590 = EDGE_LOOP('',(#5591,#5592,#5598));
#5591 = ORIENTED_EDGE('',*,*,#5174,.T.);
#5592 = ORIENTED_EDGE('',*,*,#5593,.F.);
#5593 = EDGE_CURVE('',#5426,#5167,#5594,.T.);
#5594 = LINE('',#5595,#5596);
#5595 = CARTESIAN_POINT('',(-19.46453187016,10.000081094353,
    -22.65144436885));
#5596 = VECTOR('',#5597,1.);
#5597 = DIRECTION('',(0.93760045689,1.25177636251E-06,-0.347714513987));
#5598 = ORIENTED_EDGE('',*,*,#5425,.F.);
#5599 = PLANE('',#5600);
#5600 = AXIS2_PLACEMENT_3D('',#5601,#5602,#5603);
#5601 = CARTESIAN_POINT('',(-9.457356767199,10.000094742759,
    -23.41184377995));
#5602 = DIRECTION('',(-1.37127756015E-06,0.999999999999,
    -9.759185498615E-08));
#5603 = DIRECTION('',(0.,9.759185493063E-08,1.));
#5604 = ADVANCED_FACE('',(#5605),#5622,.T.);
#5605 = FACE_BOUND('',#5606,.T.);
#5606 = EDGE_LOOP('',(#5607,#5615,#5621));
#5607 = ORIENTED_EDGE('',*,*,#5608,.T.);
#5608 = EDGE_CURVE('',#5189,#5609,#5611,.T.);
#5609 = VERTEX_POINT('',#5610);
#5610 = CARTESIAN_POINT('',(29.827587129834,10.000040452304,
    1.507052030518));
#5611 = LINE('',#5612,#5613);
#5612 = CARTESIAN_POINT('',(29.522030129834,10.000040549268,
    4.51727495222));
#5613 = VECTOR('',#5614,1.);
#5614 = DIRECTION('',(0.100987503943,-3.204660914413E-08,-0.994887694188
    ));
#5615 = ORIENTED_EDGE('',*,*,#5616,.F.);
#5616 = EDGE_CURVE('',#4515,#5609,#5617,.T.);
#5617 = LINE('',#5618,#5619);
#5618 = CARTESIAN_POINT('',(28.004070129834,10.000111644032,
    -10.37923286093));
#5619 = VECTOR('',#5620,1.);
#5620 = DIRECTION('',(0.151639443121,-5.920138843984E-06,0.988435875135)
  );
#5621 = ORIENTED_EDGE('',*,*,#5188,.T.);
#5622 = PLANE('',#5623);
#5623 = AXIS2_PLACEMENT_3D('',#5624,#5625,#5626);
#5624 = CARTESIAN_POINT('',(28.916121307119,10.000072490116,
    -2.934888226706));
#5625 = DIRECTION('',(2.36215791593E-05,0.999999999718,
    2.365531029058E-06));
#5626 = DIRECTION('',(3.388131789017E-21,-2.36553102978E-06,
    0.999999999997));
#5627 = ADVANCED_FACE('',(#5628),#5639,.T.);
#5628 = FACE_BOUND('',#5629,.T.);
#5629 = EDGE_LOOP('',(#5630,#5631,#5632,#5638));
#5630 = ORIENTED_EDGE('',*,*,#5320,.F.);
#5631 = ORIENTED_EDGE('',*,*,#5296,.F.);
#5632 = ORIENTED_EDGE('',*,*,#5633,.F.);
#5633 = EDGE_CURVE('',#5189,#5297,#5634,.T.);
#5634 = LINE('',#5635,#5636);
#5635 = CARTESIAN_POINT('',(29.522030129834,10.000040549268,
    4.51727495222));
#5636 = VECTOR('',#5637,1.);
#5637 = DIRECTION('',(0.,-0.999999999999,1.355652303248E-06));
#5638 = ORIENTED_EDGE('',*,*,#5197,.F.);
#5639 = PLANE('',#5640);
#5640 = AXIS2_PLACEMENT_3D('',#5641,#5642,#5643);
#5641 = CARTESIAN_POINT('',(29.217747125872,1.500002573691,
    5.999222631294));
#5642 = DIRECTION('',(0.979564155442,2.676174794131E-07,0.201131960098)
  );
#5643 = DIRECTION('',(0.172568444977,-0.513673864829,-0.840451838233));
#5644 = ADVANCED_FACE('',(#5645),#5662,.T.);
#5645 = FACE_BOUND('',#5646,.T.);
#5646 = EDGE_LOOP('',(#5647,#5648,#5656));
#5647 = ORIENTED_EDGE('',*,*,#5305,.F.);
#5648 = ORIENTED_EDGE('',*,*,#5649,.F.);
#5649 = EDGE_CURVE('',#5650,#4643,#5652,.T.);
#5650 = VERTEX_POINT('',#5651);
#5651 = CARTESIAN_POINT('',(29.827587129834,-7.000033245965,
    1.507074223454));
#5652 = LINE('',#5653,#5654);
#5653 = CARTESIAN_POINT('',(29.827587129834,-7.000033245964,
    1.507074223454));
#5654 = VECTOR('',#5655,1.);
#5655 = DIRECTION('',(-1.966436356559E-04,-2.131252049337E-05,
    -0.999999980439));
#5656 = ORIENTED_EDGE('',*,*,#5657,.F.);
#5657 = EDGE_CURVE('',#5297,#5650,#5658,.T.);
#5658 = LINE('',#5659,#5660);
#5659 = CARTESIAN_POINT('',(29.522030129834,-7.000032627504,
    4.517297998408));
#5660 = VECTOR('',#5661,1.);
#5661 = DIRECTION('',(0.100987475609,-2.044029678294E-07,-0.994887697064
    ));
#5662 = PLANE('',#5663);
#5663 = AXIS2_PLACEMENT_3D('',#5664,#5665,#5666);
#5664 = CARTESIAN_POINT('',(29.71280525415,-7.000057191638,
    1.501231900346));
#5665 = DIRECTION('',(2.075362242145E-04,-0.999999978238,
    2.127170976823E-05));
#5666 = DIRECTION('',(0.,-2.127171022631E-05,-0.999999999774));
#5667 = ADVANCED_FACE('',(#5668),#5685,.T.);
#5668 = FACE_BOUND('',#5669,.T.);
#5669 = EDGE_LOOP('',(#5670,#5678,#5684));
#5670 = ORIENTED_EDGE('',*,*,#5671,.T.);
#5671 = EDGE_CURVE('',#4706,#5672,#5674,.T.);
#5672 = VERTEX_POINT('',#5673);
#5673 = CARTESIAN_POINT('',(-8.952912870166,-7.000029227253,
    -28.49215690788));
#5674 = LINE('',#5675,#5676);
#5675 = CARTESIAN_POINT('',(-25.35347987016,-7.000077829297,
    -15.78469420068));
#5676 = VECTOR('',#5677,1.);
#5677 = DIRECTION('',(0.790484515007,2.342550986356E-06,-0.612482025474)
  );
#5678 = ORIENTED_EDGE('',*,*,#5679,.F.);
#5679 = EDGE_CURVE('',#5351,#5672,#5680,.T.);
#5680 = LINE('',#5681,#5682);
#5681 = CARTESIAN_POINT('',(11.768322129834,-7.00007470813,
    -27.44918724754));
#5682 = VECTOR('',#5683,1.);
#5683 = DIRECTION('',(-0.99873567757,2.192117227112E-06,
    -5.026973587296E-02));
#5684 = ORIENTED_EDGE('',*,*,#5350,.T.);
#5685 = PLANE('',#5686);
#5686 = AXIS2_PLACEMENT_3D('',#5687,#5688,#5689);
#5687 = CARTESIAN_POINT('',(-7.350018998199,-7.000064130457,
    -23.39097368582));
#5688 = DIRECTION('',(-1.88023976664E-06,-0.999999999979,
    -6.25136942356E-06));
#5689 = DIRECTION('',(0.,6.25136942356E-06,-0.99999999998));
#5690 = ADVANCED_FACE('',(#5691),#5701,.T.);
#5691 = FACE_BOUND('',#5692,.T.);
#5692 = EDGE_LOOP('',(#5693,#5694,#5695));
#5693 = ORIENTED_EDGE('',*,*,#5411,.T.);
#5694 = ORIENTED_EDGE('',*,*,#5358,.F.);
#5695 = ORIENTED_EDGE('',*,*,#5696,.F.);
#5696 = EDGE_CURVE('',#5011,#5351,#5697,.T.);
#5697 = LINE('',#5698,#5699);
#5698 = CARTESIAN_POINT('',(23.611935129834,-7.000089953772,
    -18.28745989064));
#5699 = VECTOR('',#5700,1.);
#5700 = DIRECTION('',(-0.790966794414,1.018168718392E-06,-0.611859077021
    ));
#5701 = PLANE('',#5702);
#5702 = AXIS2_PLACEMENT_3D('',#5703,#5704,#5705);
#5703 = CARTESIAN_POINT('',(15.407204450469,-7.000085403858,
    -20.98386765561));
#5704 = DIRECTION('',(-1.333680199E-08,-0.999999999999,
    -1.646816707834E-06));
#5705 = DIRECTION('',(-8.27180612553E-25,1.646816707834E-06,
    -0.999999999999));
#5706 = ADVANCED_FACE('',(#5707),#5717,.T.);
#5707 = FACE_BOUND('',#5708,.T.);
#5708 = EDGE_LOOP('',(#5709,#5710,#5711));
#5709 = ORIENTED_EDGE('',*,*,#2950,.F.);
#5710 = ORIENTED_EDGE('',*,*,#5395,.F.);
#5711 = ORIENTED_EDGE('',*,*,#5712,.F.);
#5712 = EDGE_CURVE('',#2942,#5011,#5713,.T.);
#5713 = LINE('',#5714,#5715);
#5714 = CARTESIAN_POINT('',(28.004070129834,-6.999962054238,
    -10.379210668));
#5715 = VECTOR('',#5716,1.);
#5716 = DIRECTION('',(-0.485530003963,-1.413869600003E-05,
    -0.874220003804));
#5717 = PLANE('',#5718);
#5718 = AXIS2_PLACEMENT_3D('',#5719,#5720,#5721);
#5719 = CARTESIAN_POINT('',(26.77946459113,-7.000038369154,
    -11.49343089206));
#5720 = DIRECTION('',(9.623041313675E-05,-0.999999994675,
    -3.727214752108E-05));
#5721 = DIRECTION('',(0.,3.727214769361E-05,-0.999999999305));
#5722 = ADVANCED_FACE('',(#5723),#5740,.T.);
#5723 = FACE_BOUND('',#5724,.T.);
#5724 = EDGE_LOOP('',(#5725,#5733,#5734));
#5725 = ORIENTED_EDGE('',*,*,#5726,.T.);
#5726 = EDGE_CURVE('',#5727,#4746,#5729,.T.);
#5727 = VERTEX_POINT('',#5728);
#5728 = CARTESIAN_POINT('',(-21.65653387016,10.000069706093,
    -20.565840819));
#5729 = LINE('',#5730,#5731);
#5730 = CARTESIAN_POINT('',(-21.65653387016,10.000069706095,
    -20.565840819));
#5731 = VECTOR('',#5732,1.);
#5732 = DIRECTION('',(-0.650995359991,2.866510607213E-07,0.759081709218)
  );
#5733 = ORIENTED_EDGE('',*,*,#5433,.F.);
#5734 = ORIENTED_EDGE('',*,*,#5735,.T.);
#5735 = EDGE_CURVE('',#5426,#5727,#5736,.T.);
#5736 = LINE('',#5737,#5738);
#5737 = CARTESIAN_POINT('',(-19.46453187016,10.000081094353,
    -22.65144436885));
#5738 = VECTOR('',#5739,1.);
#5739 = DIRECTION('',(-0.7244708325,-3.763893018705E-06,0.68930545685));
#5740 = PLANE('',#5741);
#5741 = AXIS2_PLACEMENT_3D('',#5742,#5743,#5744);
#5742 = CARTESIAN_POINT('',(-21.57320091917,10.000074300943,
    -20.48666978349));
#5743 = DIRECTION('',(-3.01853336088E-05,0.9999999992,
    -2.626484466584E-05));
#5744 = DIRECTION('',(-1.694065894509E-21,2.626484467783E-05,
    0.999999999655));
#5745 = ADVANCED_FACE('',(#5746),#5761,.T.);
#5746 = FACE_BOUND('',#5747,.T.);
#5747 = EDGE_LOOP('',(#5748,#5754,#5755));
#5748 = ORIENTED_EDGE('',*,*,#5749,.F.);
#5749 = EDGE_CURVE('',#5051,#5510,#5750,.T.);
#5750 = LINE('',#5751,#5752);
#5751 = CARTESIAN_POINT('',(-25.35347987016,9.999995347474,
    -15.78471724687));
#5752 = VECTOR('',#5753,1.);
#5753 = DIRECTION('',(-8.495910304497E-02,-0.984528214762,0.153251900959
    ));
#5754 = ORIENTED_EDGE('',*,*,#5448,.F.);
#5755 = ORIENTED_EDGE('',*,*,#5756,.T.);
#5756 = EDGE_CURVE('',#4706,#5510,#5757,.T.);
#5757 = LINE('',#5758,#5759);
#5758 = CARTESIAN_POINT('',(-25.35347987016,-7.000077829297,
    -15.78469420068));
#5759 = VECTOR('',#5760,1.);
#5760 = DIRECTION('',(-0.484857322002,3.908428732124E-05,0.874593263051)
  );
#5761 = PLANE('',#5762);
#5762 = AXIS2_PLACEMENT_3D('',#5763,#5764,#5765);
#5763 = CARTESIAN_POINT('',(-25.75261047837,0.810368694378,
    -15.06474672045));
#5764 = DIRECTION('',(-0.874593263731,-6.572979336095E-07,-0.48485732235
    ));
#5765 = DIRECTION('',(-0.427601019134,0.471416934567,0.771312804405));
#5766 = ADVANCED_FACE('',(#5767),#5784,.T.);
#5767 = FACE_BOUND('',#5768,.T.);
#5768 = EDGE_LOOP('',(#5769,#5770,#5778));
#5769 = ORIENTED_EDGE('',*,*,#5455,.F.);
#5770 = ORIENTED_EDGE('',*,*,#5771,.T.);
#5771 = EDGE_CURVE('',#4746,#5772,#5774,.T.);
#5772 = VERTEX_POINT('',#5773);
#5773 = CARTESIAN_POINT('',(-23.62625587016,-6.999938980646,
    -18.26895392263));
#5774 = LINE('',#5775,#5776);
#5775 = CARTESIAN_POINT('',(-23.62625587016,10.000070573417,
    -18.26908106565));
#5776 = VECTOR('',#5777,1.);
#5777 = DIRECTION('',(0.,-0.999999999972,7.478997094579E-06));
#5778 = ORIENTED_EDGE('',*,*,#5779,.T.);
#5779 = EDGE_CURVE('',#5772,#4706,#5780,.T.);
#5780 = LINE('',#5781,#5782);
#5781 = CARTESIAN_POINT('',(-23.62625587016,-6.999938980645,
    -18.26895392263));
#5782 = VECTOR('',#5783,1.);
#5783 = DIRECTION('',(-0.570851396863,-4.588979037634E-05,0.82105339692)
  );
#5784 = PLANE('',#5785);
#5785 = AXIS2_PLACEMENT_3D('',#5786,#5787,#5788);
#5786 = CARTESIAN_POINT('',(-24.09619079327,0.810396568527,
    -17.59310672055));
#5787 = DIRECTION('',(-0.821053397665,-4.26939594439E-06,-0.570851397619
    ));
#5788 = DIRECTION('',(-0.510215216592,0.448512337564,0.733837254308));
#5789 = ADVANCED_FACE('',(#5790),#5800,.T.);
#5790 = FACE_BOUND('',#5791,.T.);
#5791 = EDGE_LOOP('',(#5792,#5798,#5799));
#5792 = ORIENTED_EDGE('',*,*,#5793,.T.);
#5793 = EDGE_CURVE('',#5510,#5471,#5794,.T.);
#5794 = LINE('',#5795,#5796);
#5795 = CARTESIAN_POINT('',(-26.82047787016,-6.999959574774,
    -13.13850013598));
#5796 = VECTOR('',#5797,1.);
#5797 = DIRECTION('',(0.,0.999999999981,6.179606735268E-06));
#5798 = ORIENTED_EDGE('',*,*,#5470,.F.);
#5799 = ORIENTED_EDGE('',*,*,#5749,.T.);
#5800 = PLANE('',#5801);
#5801 = AXIS2_PLACEMENT_3D('',#5802,#5803,#5804);
#5802 = CARTESIAN_POINT('',(-26.42134403481,2.189638623862,
    -13.85844209011));
#5803 = DIRECTION('',(-0.874603216273,2.996116632403E-06,-0.484839369354
    ));
#5804 = DIRECTION('',(-0.427582495665,0.47142150386,0.771320280493));
#5805 = ADVANCED_FACE('',(#5806),#5811,.T.);
#5806 = FACE_BOUND('',#5807,.T.);
#5807 = EDGE_LOOP('',(#5808,#5809,#5810));
#5808 = ORIENTED_EDGE('',*,*,#5509,.T.);
#5809 = ORIENTED_EDGE('',*,*,#5478,.F.);
#5810 = ORIENTED_EDGE('',*,*,#5793,.F.);
#5811 = PLANE('',#5812);
#5812 = AXIS2_PLACEMENT_3D('',#5813,#5814,#5815);
#5813 = CARTESIAN_POINT('',(-27.14471402122,2.189637689265,
    -12.38177975671));
#5814 = DIRECTION('',(-0.919166248237,2.433960380521E-06,-0.393869785712
    ));
#5815 = DIRECTION('',(-0.343391259882,0.489786621033,0.801368522275));
#5816 = ADVANCED_FACE('',(#5817),#5822,.T.);
#5817 = FACE_BOUND('',#5818,.T.);
#5818 = EDGE_LOOP('',(#5819,#5820,#5821));
#5819 = ORIENTED_EDGE('',*,*,#5517,.F.);
#5820 = ORIENTED_EDGE('',*,*,#5756,.F.);
#5821 = ORIENTED_EDGE('',*,*,#5531,.F.);
#5822 = PLANE('',#5823);
#5823 = AXIS2_PLACEMENT_3D('',#5824,#5825,#5826);
#5824 = CARTESIAN_POINT('',(-26.71727688449,-7.000023665179,
    -13.08786387136));
#5825 = DIRECTION('',(-5.054610489939E-04,-0.999999844518,
    -2.355291517231E-04));
#5826 = DIRECTION('',(-2.710505431214E-20,2.355291818109E-04,
    -0.999999972263));
#5827 = ADVANCED_FACE('',(#5828),#5845,.T.);
#5828 = FACE_BOUND('',#5829,.T.);
#5829 = EDGE_LOOP('',(#5830,#5838,#5844));
#5830 = ORIENTED_EDGE('',*,*,#5831,.F.);
#5831 = EDGE_CURVE('',#5832,#4515,#5834,.T.);
#5832 = VERTEX_POINT('',#5833);
#5833 = CARTESIAN_POINT('',(21.640411129834,10.00005729272,-20.582714514
    ));
#5834 = LINE('',#5835,#5836);
#5835 = CARTESIAN_POINT('',(21.640411129834,10.000057292721,
    -20.582714514));
#5836 = VECTOR('',#5837,1.);
#5837 = DIRECTION('',(0.529190392117,4.519756902077E-06,0.848503110702)
  );
#5838 = ORIENTED_EDGE('',*,*,#5839,.T.);
#5839 = EDGE_CURVE('',#5832,#5570,#5840,.T.);
#5840 = LINE('',#5841,#5842);
#5841 = CARTESIAN_POINT('',(21.640411129834,10.000057292721,
    -20.582714514));
#5842 = VECTOR('',#5843,1.);
#5843 = DIRECTION('',(-0.758955763662,1.005203550619E-06,-0.651142187854
    ));
#5844 = ORIENTED_EDGE('',*,*,#5569,.F.);
#5845 = PLANE('',#5846);
#5846 = AXIS2_PLACEMENT_3D('',#5847,#5848,#5849);
#5847 = CARTESIAN_POINT('',(22.76103640277,10.000081921664,
    -17.64809477037));
#5848 = DIRECTION('',(1.267851155554E-05,0.999999999832,
    -1.323401559822E-05));
#5849 = DIRECTION('',(0.,1.323401559927E-05,0.999999999912));
#5850 = ADVANCED_FACE('',(#5851),#5868,.T.);
#5851 = FACE_BOUND('',#5852,.T.);
#5852 = EDGE_LOOP('',(#5853,#5861,#5867));
#5853 = ORIENTED_EDGE('',*,*,#5854,.T.);
#5854 = EDGE_CURVE('',#5570,#5855,#5857,.T.);
#5855 = VERTEX_POINT('',#5856);
#5856 = CARTESIAN_POINT('',(8.930584129834,10.000049483792,
    -28.49919298297));
#5857 = LINE('',#5858,#5859);
#5858 = CARTESIAN_POINT('',(17.053539129834,10.000063367831,
    -24.51799771822));
#5859 = VECTOR('',#5860,1.);
#5860 = DIRECTION('',(-0.897948919438,-1.534805571357E-06,
    -0.440099691068));
#5861 = ORIENTED_EDGE('',*,*,#5862,.F.);
#5862 = EDGE_CURVE('',#5167,#5855,#5863,.T.);
#5863 = LINE('',#5864,#5865);
#5864 = CARTESIAN_POINT('',(-1.17018701657E-02,10.000107065536,
    -29.86563809008));
#5865 = VECTOR('',#5866,1.);
#5866 = DIRECTION('',(0.988525549653,-6.36537722018E-06,0.151053757459)
  );
#5867 = ORIENTED_EDGE('',*,*,#5577,.T.);
#5868 = PLANE('',#5869);
#5869 = AXIS2_PLACEMENT_3D('',#5870,#5871,#5872);
#5870 = CARTESIAN_POINT('',(8.623933486053,10.000076231627,
    -27.52055640127));
#5871 = DIRECTION('',(1.013067775779E-05,0.999999999657,
    -2.415733737654E-05));
#5872 = DIRECTION('',(0.,2.415733737776E-05,0.999999999708));
#5873 = ADVANCED_FACE('',(#5874),#5891,.T.);
#5874 = FACE_BOUND('',#5875,.T.);
#5875 = EDGE_LOOP('',(#5876,#5884,#5885));
#5876 = ORIENTED_EDGE('',*,*,#5877,.T.);
#5877 = EDGE_CURVE('',#5878,#5426,#5880,.T.);
#5878 = VERTEX_POINT('',#5879);
#5879 = CARTESIAN_POINT('',(-8.952912870166,10.000044471016,
    -28.49217910082));
#5880 = LINE('',#5881,#5882);
#5881 = CARTESIAN_POINT('',(-8.952912870166,10.000044471017,
    -28.49217910082));
#5882 = VECTOR('',#5883,1.);
#5883 = DIRECTION('',(-0.874123863461,3.045518680411E-06,0.485703069086)
  );
#5884 = ORIENTED_EDGE('',*,*,#5593,.T.);
#5885 = ORIENTED_EDGE('',*,*,#5886,.T.);
#5886 = EDGE_CURVE('',#5167,#5878,#5887,.T.);
#5887 = LINE('',#5888,#5889);
#5888 = CARTESIAN_POINT('',(-1.17018701657E-02,10.000107065536,
    -29.86563809008));
#5889 = VECTOR('',#5890,1.);
#5890 = DIRECTION('',(-0.988406758368,-6.919515198919E-06,0.151829114348
    ));
#5891 = PLANE('',#5892);
#5892 = AXIS2_PLACEMENT_3D('',#5893,#5894,#5895);
#5893 = CARTESIAN_POINT('',(-9.886757060715,10.000081119085,
    -26.69278896437));
#5894 = DIRECTION('',(-1.100669628628E-05,0.999999999599,
    -2.607917340258E-05));
#5895 = DIRECTION('',(-8.470329472543E-22,2.607917340419E-05,
    0.99999999966));
#5896 = ADVANCED_FACE('',(#5897),#5908,.T.);
#5897 = FACE_BOUND('',#5898,.T.);
#5898 = EDGE_LOOP('',(#5899,#5900,#5906,#5907));
#5899 = ORIENTED_EDGE('',*,*,#5657,.T.);
#5900 = ORIENTED_EDGE('',*,*,#5901,.F.);
#5901 = EDGE_CURVE('',#5609,#5650,#5902,.T.);
#5902 = LINE('',#5903,#5904);
#5903 = CARTESIAN_POINT('',(29.827587129834,10.000040452305,
    1.507052030518));
#5904 = VECTOR('',#5905,1.);
#5905 = DIRECTION('',(0.,-0.999999999999,1.305461122258E-06));
#5906 = ORIENTED_EDGE('',*,*,#5608,.F.);
#5907 = ORIENTED_EDGE('',*,*,#5633,.T.);
#5908 = PLANE('',#5909);
#5909 = AXIS2_PLACEMENT_3D('',#5910,#5911,#5912);
#5910 = CARTESIAN_POINT('',(29.674808631824,1.500003601868,
    3.012174781553));
#5911 = DIRECTION('',(0.994887695626,1.34369582315E-07,0.100987489776));
#5912 = DIRECTION('',(8.628766740907E-02,-0.519552569243,-0.850070330177
    ));
#5913 = ADVANCED_FACE('',(#5914),#5929,.T.);
#5914 = FACE_BOUND('',#5915,.T.);
#5915 = EDGE_LOOP('',(#5916,#5922,#5923));
#5916 = ORIENTED_EDGE('',*,*,#5917,.T.);
#5917 = EDGE_CURVE('',#2920,#4515,#5918,.T.);
#5918 = LINE('',#5919,#5920);
#5919 = CARTESIAN_POINT('',(29.520260129834,10.000038969597,
    -4.52884565654));
#5920 = VECTOR('',#5921,1.);
#5921 = DIRECTION('',(-0.250872690588,1.202489864116E-05,-0.968020089137
    ));
#5922 = ORIENTED_EDGE('',*,*,#5616,.T.);
#5923 = ORIENTED_EDGE('',*,*,#5924,.T.);
#5924 = EDGE_CURVE('',#5609,#2920,#5925,.T.);
#5925 = LINE('',#5926,#5927);
#5926 = CARTESIAN_POINT('',(29.827587129834,10.000040452305,
    1.507052030518));
#5927 = VECTOR('',#5928,1.);
#5928 = DIRECTION('',(-5.085066334526E-02,-2.453305266714E-07,
    -0.998706268148));
#5929 = PLANE('',#5930);
#5930 = AXIS2_PLACEMENT_3D('',#5931,#5932,#5933);
#5931 = CARTESIAN_POINT('',(29.06732625715,10.000066754638,
    -4.459332271997));
#5932 = DIRECTION('',(6.083152970712E-05,0.999999998144,
    -3.342979083554E-06));
#5933 = DIRECTION('',(6.776263578034E-21,3.342979089771E-06,
    0.999999999994));
#5934 = ADVANCED_FACE('',(#5935),#5953,.T.);
#5935 = FACE_BOUND('',#5936,.T.);
#5936 = EDGE_LOOP('',(#5937,#5945,#5946,#5947));
#5937 = ORIENTED_EDGE('',*,*,#5938,.F.);
#5938 = EDGE_CURVE('',#5609,#5939,#5941,.T.);
#5939 = VERTEX_POINT('',#5940);
#5940 = CARTESIAN_POINT('',(29.826992129834,9.999975965347,
    -1.51872597842));
#5941 = LINE('',#5942,#5943);
#5942 = CARTESIAN_POINT('',(29.827587129834,10.000040452305,
    1.507052030518));
#5943 = VECTOR('',#5944,1.);
#5944 = DIRECTION('',(-1.966436356558E-04,-2.131252036508E-05,
    -0.999999980439));
#5945 = ORIENTED_EDGE('',*,*,#5901,.T.);
#5946 = ORIENTED_EDGE('',*,*,#5649,.T.);
#5947 = ORIENTED_EDGE('',*,*,#5948,.T.);
#5948 = EDGE_CURVE('',#4643,#5939,#5949,.T.);
#5949 = LINE('',#5950,#5951);
#5950 = CARTESIAN_POINT('',(29.826992129834,-7.000097732921,
    -1.518703785484));
#5951 = VECTOR('',#5952,1.);
#5952 = DIRECTION('',(0.,0.999999999999,-1.305461136247E-06));
#5953 = PLANE('',#5954);
#5954 = AXIS2_PLACEMENT_3D('',#5955,#5956,#5957);
#5955 = CARTESIAN_POINT('',(29.827289629834,1.499971359692,
    -5.825877482835E-03));
#5956 = DIRECTION('',(0.999999980666,-2.567106172004E-10,
    -1.96643635695E-04));
#5957 = DIRECTION('',(-1.677868552907E-04,-0.521497610466,
    -0.853252725824));
#5958 = ADVANCED_FACE('',(#5959),#5976,.T.);
#5959 = FACE_BOUND('',#5960,.T.);
#5960 = EDGE_LOOP('',(#5961,#5969,#5970));
#5961 = ORIENTED_EDGE('',*,*,#5962,.T.);
#5962 = EDGE_CURVE('',#5963,#5672,#5965,.T.);
#5963 = VERTEX_POINT('',#5964);
#5964 = CARTESIAN_POINT('',(-19.46453187016,-6.999992082419,
    -22.65142132266));
#5965 = LINE('',#5966,#5967);
#5966 = CARTESIAN_POINT('',(-19.46453187016,-6.999992082419,
    -22.65142132266));
#5967 = VECTOR('',#5968,1.);
#5968 = DIRECTION('',(0.874123833336,-3.088885158764E-06,-0.485703123301
    ));
#5969 = ORIENTED_EDGE('',*,*,#5671,.F.);
#5970 = ORIENTED_EDGE('',*,*,#5971,.T.);
#5971 = EDGE_CURVE('',#4706,#5963,#5972,.T.);
#5972 = LINE('',#5973,#5974);
#5973 = CARTESIAN_POINT('',(-25.35347987016,-7.000077829297,
    -15.78469420068));
#5974 = VECTOR('',#5975,1.);
#5975 = DIRECTION('',(0.650994119614,9.478893988335E-06,-0.759082772917)
  );
#5976 = PLANE('',#5977);
#5977 = AXIS2_PLACEMENT_3D('',#5978,#5979,#5980);
#5978 = CARTESIAN_POINT('',(-17.44340625228,-7.000037182205,
    -22.49399216423));
#5979 = DIRECTION('',(-2.000517817337E-05,-0.999999999361,
    -2.964386511889E-05));
#5980 = DIRECTION('',(-1.694065894509E-21,2.964386512483E-05,
    -0.999999999561));
#5981 = ADVANCED_FACE('',(#5982),#5999,.T.);
#5982 = FACE_BOUND('',#5983,.T.);
#5983 = EDGE_LOOP('',(#5984,#5992,#5993));
#5984 = ORIENTED_EDGE('',*,*,#5985,.T.);
#5985 = EDGE_CURVE('',#5986,#5351,#5988,.T.);
#5986 = VERTEX_POINT('',#5987);
#5987 = CARTESIAN_POINT('',(-3.033471870166,-7.000022108832,
    -29.71121506746));
#5988 = LINE('',#5989,#5990);
#5989 = CARTESIAN_POINT('',(-3.033471870166,-7.000022108831,
    -29.71121506746));
#5990 = VECTOR('',#5991,1.);
#5991 = DIRECTION('',(0.988523474545,-3.512793281688E-06,0.151067336842)
  );
#5992 = ORIENTED_EDGE('',*,*,#5679,.T.);
#5993 = ORIENTED_EDGE('',*,*,#5994,.T.);
#5994 = EDGE_CURVE('',#5672,#5986,#5995,.T.);
#5995 = LINE('',#5996,#5997);
#5996 = CARTESIAN_POINT('',(-8.952912870166,-7.000029227252,
    -28.49215690788));
#5997 = VECTOR('',#5998,1.);
#5998 = DIRECTION('',(0.979445612688,1.177831865234E-06,-0.201708432606)
  );
#5999 = PLANE('',#6000);
#6000 = AXIS2_PLACEMENT_3D('',#6001,#6002,#6003);
#6001 = CARTESIAN_POINT('',(1.397869701205,-7.000046885883,
    -28.3528683007));
#6002 = DIRECTION('',(-1.52762142857E-06,-0.999999999911,
    -1.325702617716E-05));
#6003 = DIRECTION('',(-1.058791184068E-22,1.325702617716E-05,
    -0.999999999912));
#6004 = ADVANCED_FACE('',(#6005),#6022,.T.);
#6005 = FACE_BOUND('',#6006,.T.);
#6006 = EDGE_LOOP('',(#6007,#6008,#6016));
#6007 = ORIENTED_EDGE('',*,*,#5696,.T.);
#6008 = ORIENTED_EDGE('',*,*,#6009,.F.);
#6009 = EDGE_CURVE('',#6010,#5351,#6012,.T.);
#6010 = VERTEX_POINT('',#6011);
#6011 = CARTESIAN_POINT('',(14.485268129834,-7.000041185538,
    -26.1177054161));
#6012 = LINE('',#6013,#6014);
#6013 = CARTESIAN_POINT('',(14.485268129834,-7.000041185537,
    -26.1177054161));
#6014 = VECTOR('',#6015,1.);
#6015 = DIRECTION('',(-0.897967016714,-1.107941919504E-05,
    -0.440062764582));
#6016 = ORIENTED_EDGE('',*,*,#6017,.T.);
#6017 = EDGE_CURVE('',#6010,#5011,#6018,.T.);
#6018 = LINE('',#6019,#6020);
#6019 = CARTESIAN_POINT('',(14.485268129834,-7.000041185537,
    -26.1177054161));
#6020 = VECTOR('',#6021,1.);
#6021 = DIRECTION('',(0.758952945041,-4.055455949503E-06,0.651145473145)
  );
#6022 = PLANE('',#6023);
#6023 = AXIS2_PLACEMENT_3D('',#6024,#6025,#6026);
#6024 = CARTESIAN_POINT('',(17.774359173376,-7.000073160521,
    -22.99622149381));
#6025 = DIRECTION('',(3.589247228621E-05,-0.999999998201,
    -4.806322823214E-05));
#6026 = DIRECTION('',(0.,4.806322826301E-05,-0.999999998845));
#6027 = ADVANCED_FACE('',(#6028),#6045,.T.);
#6028 = FACE_BOUND('',#6029,.T.);
#6029 = EDGE_LOOP('',(#6030,#6031,#6039));
#6030 = ORIENTED_EDGE('',*,*,#5712,.T.);
#6031 = ORIENTED_EDGE('',*,*,#6032,.F.);
#6032 = EDGE_CURVE('',#6033,#5011,#6035,.T.);
#6033 = VERTEX_POINT('',#6034);
#6034 = CARTESIAN_POINT('',(25.341103129834,-6.999969153636,
    -15.80464687513));
#6035 = LINE('',#6036,#6037);
#6036 = CARTESIAN_POINT('',(25.341103129834,-6.999969153635,
    -15.80464687513));
#6037 = VECTOR('',#6038,1.);
#6038 = DIRECTION('',(-0.571508459916,-3.992573333306E-05,-0.8205961727)
  );
#6039 = ORIENTED_EDGE('',*,*,#6040,.F.);
#6040 = EDGE_CURVE('',#2942,#6033,#6041,.T.);
#6041 = LINE('',#6042,#6043);
#6042 = CARTESIAN_POINT('',(28.004070129834,-6.999962054238,
    -10.379210668));
#6043 = VECTOR('',#6044,1.);
#6044 = DIRECTION('',(-0.440615997313,-1.174670212489E-06,
    -0.897695685024));
#6045 = PLANE('',#6046);
#6046 = AXIS2_PLACEMENT_3D('',#6047,#6048,#6049);
#6047 = CARTESIAN_POINT('',(25.874065322745,-7.000006445968,
    -14.37224814951));
#6048 = DIRECTION('',(2.302539445639E-04,-0.999999967252,
    -1.117070104258E-04));
#6049 = DIRECTION('',(1.355252715607E-20,1.117070133871E-04,
    -0.999999993761));
#6050 = ADVANCED_FACE('',(#6051),#6068,.T.);
#6051 = FACE_BOUND('',#6052,.T.);
#6052 = EDGE_LOOP('',(#6053,#6061,#6067));
#6053 = ORIENTED_EDGE('',*,*,#6054,.F.);
#6054 = EDGE_CURVE('',#6055,#5727,#6057,.T.);
#6055 = VERTEX_POINT('',#6056);
#6056 = CARTESIAN_POINT('',(-21.65653387016,-7.000003470678,
    -20.56581777281));
#6057 = LINE('',#6058,#6059);
#6058 = CARTESIAN_POINT('',(-21.65653387016,-7.000003470677,
    -20.56581777281));
#6059 = VECTOR('',#6060,1.);
#6060 = DIRECTION('',(0.,0.999999999999,-1.355652303248E-06));
#6061 = ORIENTED_EDGE('',*,*,#6062,.F.);
#6062 = EDGE_CURVE('',#4746,#6055,#6063,.T.);
#6063 = LINE('',#6064,#6065);
#6064 = CARTESIAN_POINT('',(-23.62625587016,10.000070573417,
    -18.26908106565));
#6065 = VECTOR('',#6066,1.);
#6066 = DIRECTION('',(0.114072824829,-0.984528003706,-0.133011279802));
#6067 = ORIENTED_EDGE('',*,*,#5726,.F.);
#6068 = PLANE('',#6069);
#6069 = AXIS2_PLACEMENT_3D('',#6070,#6071,#6072);
#6070 = CARTESIAN_POINT('',(-22.19244459016,2.189670035587,
    -19.94094094538));
#6071 = DIRECTION('',(-0.759081709218,-8.825233592247E-07,
    -0.650995359991));
#6072 = DIRECTION('',(-0.590536577908,0.420854248141,0.688584237385));
#6073 = ADVANCED_FACE('',(#6074),#6090,.T.);
#6074 = FACE_BOUND('',#6075,.T.);
#6075 = EDGE_LOOP('',(#6076,#6082,#6083,#6084));
#6076 = ORIENTED_EDGE('',*,*,#6077,.T.);
#6077 = EDGE_CURVE('',#5963,#6055,#6078,.T.);
#6078 = LINE('',#6079,#6080);
#6079 = CARTESIAN_POINT('',(-19.46453187016,-6.999992082419,
    -22.65142132266));
#6080 = VECTOR('',#6081,1.);
#6081 = DIRECTION('',(-0.7244708325,-3.763892979514E-06,0.68930545685));
#6082 = ORIENTED_EDGE('',*,*,#6054,.T.);
#6083 = ORIENTED_EDGE('',*,*,#5735,.F.);
#6084 = ORIENTED_EDGE('',*,*,#6085,.F.);
#6085 = EDGE_CURVE('',#5963,#5426,#6086,.T.);
#6086 = LINE('',#6087,#6088);
#6087 = CARTESIAN_POINT('',(-19.46453187016,-6.999992082419,
    -22.65142132266));
#6088 = VECTOR('',#6089,1.);
#6089 = DIRECTION('',(0.,0.999999999999,-1.355652291923E-06));
#6090 = PLANE('',#6091);
#6091 = AXIS2_PLACEMENT_3D('',#6092,#6093,#6094);
#6092 = CARTESIAN_POINT('',(-20.56053287016,1.500038811837,
    -21.60863107083));
#6093 = DIRECTION('',(-0.689305456852,-9.821305486102E-07,
    -0.724470832507));
#6094 = DIRECTION('',(-0.66764035572,0.388246607684,0.635232970678));
#6095 = ADVANCED_FACE('',(#6096),#6106,.T.);
#6096 = FACE_BOUND('',#6097,.T.);
#6097 = EDGE_LOOP('',(#6098,#6104,#6105));
#6098 = ORIENTED_EDGE('',*,*,#6099,.T.);
#6099 = EDGE_CURVE('',#6055,#5772,#6100,.T.);
#6100 = LINE('',#6101,#6102);
#6101 = CARTESIAN_POINT('',(-21.65653387016,-7.000003470677,
    -20.56581777281));
#6102 = VECTOR('',#6103,1.);
#6103 = DIRECTION('',(-0.650978359029,2.131347231971E-05,0.759096288768)
  );
#6104 = ORIENTED_EDGE('',*,*,#5771,.F.);
#6105 = ORIENTED_EDGE('',*,*,#6062,.T.);
#6106 = PLANE('',#6107);
#6107 = AXIS2_PLACEMENT_3D('',#6108,#6109,#6110);
#6108 = CARTESIAN_POINT('',(-23.09034328462,0.810396423546,
    -18.89393211912));
#6109 = DIRECTION('',(-0.759096288999,-4.868665256175E-06,-0.65097835909
    ));
#6110 = DIRECTION('',(-0.590520586352,0.420860350552,0.688594221896));
#6111 = ADVANCED_FACE('',(#6112),#6122,.T.);
#6112 = FACE_BOUND('',#6113,.T.);
#6113 = EDGE_LOOP('',(#6114,#6120,#6121));
#6114 = ORIENTED_EDGE('',*,*,#6115,.T.);
#6115 = EDGE_CURVE('',#6055,#4706,#6116,.T.);
#6116 = LINE('',#6117,#6118);
#6117 = CARTESIAN_POINT('',(-21.65653387016,-7.000003470677,
    -20.56581777281));
#6118 = VECTOR('',#6119,1.);
#6119 = DIRECTION('',(-0.611700402095,-1.230345209585E-05,0.791089513219
    ));
#6120 = ORIENTED_EDGE('',*,*,#5779,.F.);
#6121 = ORIENTED_EDGE('',*,*,#6099,.F.);
#6122 = PLANE('',#6123);
#6123 = AXIS2_PLACEMENT_3D('',#6124,#6125,#6126);
#6124 = CARTESIAN_POINT('',(-23.5353317727,-7.000015216197,
    -18.19870431444));
#6125 = DIRECTION('',(-5.173576912982E-04,-0.999999779812,
    -4.155931177032E-04));
#6126 = DIRECTION('',(0.,4.155931733218E-04,-0.999999913641));
#6127 = ADVANCED_FACE('',(#6128),#6145,.T.);
#6128 = FACE_BOUND('',#6129,.T.);
#6129 = EDGE_LOOP('',(#6130,#6138,#6144));
#6130 = ORIENTED_EDGE('',*,*,#6131,.T.);
#6131 = EDGE_CURVE('',#4515,#6132,#6134,.T.);
#6132 = VERTEX_POINT('',#6133);
#6133 = CARTESIAN_POINT('',(23.611935129834,9.999983222999,
    -18.28748293683));
#6134 = LINE('',#6135,#6136);
#6135 = CARTESIAN_POINT('',(28.004070129834,10.000111644032,
    -10.37923286093));
#6136 = VECTOR('',#6137,1.);
#6137 = DIRECTION('',(-0.485529963926,-1.419634396099E-05,
    -0.874220026039));
#6138 = ORIENTED_EDGE('',*,*,#6139,.F.);
#6139 = EDGE_CURVE('',#5832,#6132,#6140,.T.);
#6140 = LINE('',#6141,#6142);
#6141 = CARTESIAN_POINT('',(21.640411129834,10.000057292721,
    -20.582714514));
#6142 = VECTOR('',#6143,1.);
#6143 = DIRECTION('',(0.651587906745,-2.448001369848E-05,0.758573133709)
  );
#6144 = ORIENTED_EDGE('',*,*,#5831,.T.);
#6145 = PLANE('',#6146);
#6146 = AXIS2_PLACEMENT_3D('',#6147,#6148,#6149);
#6147 = CARTESIAN_POINT('',(24.916549884329,10.00006250292,
    -15.54665300406));
#6148 = DIRECTION('',(1.597938074066E-04,0.999999981722,
    -1.049861848419E-04));
#6149 = DIRECTION('',(1.355252715607E-20,1.049861861823E-04,
    0.999999994489));
#6150 = ADVANCED_FACE('',(#6151),#6168,.T.);
#6151 = FACE_BOUND('',#6152,.T.);
#6152 = EDGE_LOOP('',(#6153,#6161,#6162));
#6153 = ORIENTED_EDGE('',*,*,#6154,.T.);
#6154 = EDGE_CURVE('',#6155,#5570,#6157,.T.);
#6155 = VERTEX_POINT('',#6156);
#6156 = CARTESIAN_POINT('',(19.446777129834,9.999935424354,
    -22.66666264225));
#6157 = LINE('',#6158,#6159);
#6158 = CARTESIAN_POINT('',(19.446777129834,9.999935424355,
    -22.66666264225));
#6159 = VECTOR('',#6160,1.);
#6160 = DIRECTION('',(-0.790962713591,4.228518818761E-05,-0.611864350915
    ));
#6161 = ORIENTED_EDGE('',*,*,#5839,.F.);
#6162 = ORIENTED_EDGE('',*,*,#6163,.T.);
#6163 = EDGE_CURVE('',#5832,#6155,#6164,.T.);
#6164 = LINE('',#6165,#6166);
#6165 = CARTESIAN_POINT('',(21.640411129834,10.000057292721,
    -20.582714514));
#6166 = VECTOR('',#6167,1.);
#6167 = DIRECTION('',(-0.725000121485,-4.027772186249E-05,
    -0.688748736641));
#6168 = PLANE('',#6169);
#6169 = AXIS2_PLACEMENT_3D('',#6170,#6171,#6172);
#6170 = CARTESIAN_POINT('',(19.371939150438,10.000029083744,
    -22.57945356859));
#6171 = DIRECTION('',(5.314504733972E-04,0.999999667879,
    -6.179022096463E-04));
#6172 = DIRECTION('',(0.,6.179022969064E-04,0.999999809098));
#6173 = ADVANCED_FACE('',(#6174),#6191,.T.);
#6174 = FACE_BOUND('',#6175,.T.);
#6175 = EDGE_LOOP('',(#6176,#6184,#6185));
#6176 = ORIENTED_EDGE('',*,*,#6177,.F.);
#6177 = EDGE_CURVE('',#5855,#6178,#6180,.T.);
#6178 = VERTEX_POINT('',#6179);
#6179 = CARTESIAN_POINT('',(14.485268129834,10.000032512731,
    -26.11772760904));
#6180 = LINE('',#6181,#6182);
#6181 = CARTESIAN_POINT('',(8.930584129834,10.000049483794,
    -28.49919298297));
#6182 = VECTOR('',#6183,1.);
#6183 = DIRECTION('',(0.919091911471,-2.808074212213E-06,0.394043218774)
  );
#6184 = ORIENTED_EDGE('',*,*,#5854,.F.);
#6185 = ORIENTED_EDGE('',*,*,#6186,.F.);
#6186 = EDGE_CURVE('',#6178,#5570,#6187,.T.);
#6187 = LINE('',#6188,#6189);
#6188 = CARTESIAN_POINT('',(14.485268129834,10.000032512733,
    -26.11772760904));
#6189 = VECTOR('',#6190,1.);
#6190 = DIRECTION('',(0.848805288011,1.019751065401E-05,0.528705573018)
  );
#6191 = PLANE('',#6192);
#6192 = AXIS2_PLACEMENT_3D('',#6193,#6194,#6195);
#6193 = CARTESIAN_POINT('',(13.027536817784,10.00004986161,
    -26.57656237037));
#6194 = DIRECTION('',(3.633166282035E-05,0.999999996328,
    -7.761601207612E-05));
#6195 = DIRECTION('',(3.388131789017E-21,7.76160121273E-05,
    0.999999996988));
#6196 = ADVANCED_FACE('',(#6197),#6214,.T.);
#6197 = FACE_BOUND('',#6198,.T.);
#6198 = EDGE_LOOP('',(#6199,#6207,#6213));
#6199 = ORIENTED_EDGE('',*,*,#6200,.F.);
#6200 = EDGE_CURVE('',#6201,#5855,#6203,.T.);
#6201 = VERTEX_POINT('',#6202);
#6202 = CARTESIAN_POINT('',(3.010191129834,10.000074926183,
    -29.71354041159));
#6203 = LINE('',#6204,#6205);
#6204 = CARTESIAN_POINT('',(3.010191129834,10.000074926184,
    -29.71354041159));
#6205 = VECTOR('',#6206,1.);
#6206 = DIRECTION('',(0.979605702269,-4.209773037028E-06,0.200929510187)
  );
#6207 = ORIENTED_EDGE('',*,*,#6208,.F.);
#6208 = EDGE_CURVE('',#5167,#6201,#6209,.T.);
#6209 = LINE('',#6210,#6211);
#6210 = CARTESIAN_POINT('',(-1.17018701657E-02,10.000107065536,
    -29.86563809008));
#6211 = VECTOR('',#6212,1.);
#6212 = DIRECTION('',(0.998735750367,-1.062205702668E-05,
    5.026828847431E-02));
#6213 = ORIENTED_EDGE('',*,*,#5862,.T.);
#6214 = PLANE('',#6215);
#6215 = AXIS2_PLACEMENT_3D('',#6216,#6217,#6218);
#6216 = CARTESIAN_POINT('',(4.469096403952,10.000075038271,
    -29.25845692373));
#6217 = DIRECTION('',(1.269653550348E-05,0.999999999081,
    -4.094881601741E-05));
#6218 = DIRECTION('',(8.470329472543E-22,4.094881602068E-05,
    0.999999999162));
#6219 = ADVANCED_FACE('',(#6220),#6237,.T.);
#6220 = FACE_BOUND('',#6221,.T.);
#6221 = EDGE_LOOP('',(#6222,#6230,#6236));
#6222 = ORIENTED_EDGE('',*,*,#6223,.T.);
#6223 = EDGE_CURVE('',#5878,#6224,#6226,.T.);
#6224 = VERTEX_POINT('',#6225);
#6225 = CARTESIAN_POINT('',(-14.50572987016,9.999916682258,
    -26.1062123746));
#6226 = LINE('',#6227,#6228);
#6227 = CARTESIAN_POINT('',(-8.952912870166,10.000044471017,
    -28.49217910082));
#6228 = VECTOR('',#6229,1.);
#6229 = DIRECTION('',(-0.91877390986,-2.11440386817E-05,0.394784120898)
  );
#6230 = ORIENTED_EDGE('',*,*,#6231,.T.);
#6231 = EDGE_CURVE('',#6224,#5426,#6232,.T.);
#6232 = LINE('',#6233,#6234);
#6233 = CARTESIAN_POINT('',(-14.50572987016,9.999916682259,
    -26.1062123746));
#6234 = VECTOR('',#6235,1.);
#6235 = DIRECTION('',(-0.820504235728,2.720431671754E-05,0.571640445045)
  );
#6236 = ORIENTED_EDGE('',*,*,#5877,.F.);
#6237 = PLANE('',#6238);
#6238 = AXIS2_PLACEMENT_3D('',#6239,#6240,#6241);
#6239 = CARTESIAN_POINT('',(-14.2831518971,10.000026163603,
    -25.70576285108));
#6240 = DIRECTION('',(-1.134037496912E-04,0.999999971443,
    -2.103640040753E-04));
#6241 = DIRECTION('',(-6.776263578034E-21,2.103640054279E-04,
    0.999999977873));
#6242 = ADVANCED_FACE('',(#6243),#6260,.T.);
#6243 = FACE_BOUND('',#6244,.T.);
#6244 = EDGE_LOOP('',(#6245,#6253,#6254));
#6245 = ORIENTED_EDGE('',*,*,#6246,.T.);
#6246 = EDGE_CURVE('',#6247,#5878,#6249,.T.);
#6247 = VERTEX_POINT('',#6248);
#6248 = CARTESIAN_POINT('',(-3.033471870166,10.000051589437,
    -29.7112372604));
#6249 = LINE('',#6250,#6251);
#6250 = CARTESIAN_POINT('',(-3.033471870166,10.000051589438,
    -29.7112372604));
#6251 = VECTOR('',#6252,1.);
#6252 = DIRECTION('',(-0.979445612688,-1.177831884844E-06,0.201708432606
    ));
#6253 = ORIENTED_EDGE('',*,*,#5886,.F.);
#6254 = ORIENTED_EDGE('',*,*,#6255,.T.);
#6255 = EDGE_CURVE('',#5167,#6247,#6256,.T.);
#6256 = LINE('',#6257,#6258);
#6257 = CARTESIAN_POINT('',(-1.17018701657E-02,10.000107065536,
    -29.86563809008));
#6258 = VECTOR('',#6259,1.);
#6259 = DIRECTION('',(-0.998697141869,-1.833488987321E-05,
    5.102958441871E-02));
#6260 = PLANE('',#6261);
#6261 = AXIS2_PLACEMENT_3D('',#6262,#6263,#6264);
#6262 = CARTESIAN_POINT('',(-4.492023958583,10.000067108805,
    -29.25495888409));
#6263 = DIRECTION('',(-2.40200655153E-05,0.999999993574,
    -1.107961408428E-04));
#6264 = DIRECTION('',(0.,1.107961408747E-04,0.999999993862));
#6265 = ADVANCED_FACE('',(#6266),#6283,.T.);
#6266 = FACE_BOUND('',#6267,.T.);
#6267 = EDGE_LOOP('',(#6268,#6276,#6277));
#6268 = ORIENTED_EDGE('',*,*,#6269,.F.);
#6269 = EDGE_CURVE('',#4515,#6270,#6272,.T.);
#6270 = VERTEX_POINT('',#6271);
#6271 = CARTESIAN_POINT('',(28.910530129834,9.999960557993,
    -7.492381542698));
#6272 = LINE('',#6273,#6274);
#6273 = CARTESIAN_POINT('',(28.004070129834,10.000111644032,
    -10.37923286093));
#6274 = VECTOR('',#6275,1.);
#6275 = DIRECTION('',(0.299575095692,-4.993228003014E-05,0.954072722358)
  );
#6276 = ORIENTED_EDGE('',*,*,#5917,.F.);
#6277 = ORIENTED_EDGE('',*,*,#6278,.F.);
#6278 = EDGE_CURVE('',#6270,#2920,#6279,.T.);
#6279 = LINE('',#6280,#6281);
#6280 = CARTESIAN_POINT('',(28.910530129834,9.999960557993,
    -7.492381542698));
#6281 = VECTOR('',#6282,1.);
#6282 = DIRECTION('',(0.201523001359,2.59159656496E-05,0.979483782026));
#6283 = PLANE('',#6284);
#6284 = AXIS2_PLACEMENT_3D('',#6285,#6286,#6287);
#6285 = CARTESIAN_POINT('',(28.79927364563,10.000046601504,
    -7.463656255861));
#6286 = DIRECTION('',(7.278822822923E-04,0.999999719568,
    -1.762162719918E-04));
#6287 = DIRECTION('',(5.421010862428E-20,1.762163186725E-04,
    0.999999984474));
#6288 = ADVANCED_FACE('',(#6289),#6299,.T.);
#6289 = FACE_BOUND('',#6290,.T.);
#6290 = EDGE_LOOP('',(#6291,#6297,#6298));
#6291 = ORIENTED_EDGE('',*,*,#6292,.T.);
#6292 = EDGE_CURVE('',#5939,#2920,#6293,.T.);
#6293 = LINE('',#6294,#6295);
#6294 = CARTESIAN_POINT('',(29.826992129834,9.999975965348,
    -1.51872597842));
#6295 = VECTOR('',#6296,1.);
#6296 = DIRECTION('',(-0.10137530302,2.08229815748E-05,-0.994848253506)
  );
#6297 = ORIENTED_EDGE('',*,*,#5924,.F.);
#6298 = ORIENTED_EDGE('',*,*,#5938,.T.);
#6299 = PLANE('',#6300);
#6300 = AXIS2_PLACEMENT_3D('',#6301,#6302,#6303);
#6301 = CARTESIAN_POINT('',(29.712215783119,10.000023764316,
    -1.51284653955));
#6302 = DIRECTION('',(4.153571661625E-04,0.99999991351,
    -2.139419628316E-05));
#6303 = DIRECTION('',(0.,2.139419812852E-05,0.999999999771));
#6304 = ADVANCED_FACE('',(#6305),#6322,.T.);
#6305 = FACE_BOUND('',#6306,.T.);
#6306 = EDGE_LOOP('',(#6307,#6315,#6316));
#6307 = ORIENTED_EDGE('',*,*,#6308,.F.);
#6308 = EDGE_CURVE('',#5672,#6309,#6311,.T.);
#6309 = VERTEX_POINT('',#6310);
#6310 = CARTESIAN_POINT('',(-14.50572987016,-6.999948300846,
    -26.10631657383));
#6311 = LINE('',#6312,#6313);
#6312 = CARTESIAN_POINT('',(-8.952912870166,-7.000029227252,
    -28.49215690788));
#6313 = VECTOR('',#6314,1.);
#6314 = DIRECTION('',(-0.918781495369,1.339026390321E-05,0.394766467153)
  );
#6315 = ORIENTED_EDGE('',*,*,#5962,.F.);
#6316 = ORIENTED_EDGE('',*,*,#6317,.F.);
#6317 = EDGE_CURVE('',#6309,#5963,#6318,.T.);
#6318 = LINE('',#6319,#6320);
#6319 = CARTESIAN_POINT('',(-14.50572987016,-6.999948300845,
    -26.10631657383));
#6320 = VECTOR('',#6321,1.);
#6321 = DIRECTION('',(-0.820494360714,-7.244196135237E-06,0.57165461949)
  );
#6322 = PLANE('',#6323);
#6323 = AXIS2_PLACEMENT_3D('',#6324,#6325,#6326);
#6324 = CARTESIAN_POINT('',(-14.28316533126,-6.999995026236,
    -25.70576471534));
#6325 = DIRECTION('',(-5.222663453532E-05,-0.999999994796,
    -8.763308036869E-05));
#6326 = DIRECTION('',(0.,8.763308048815E-05,-0.99999999616));
#6327 = ADVANCED_FACE('',(#6328),#6333,.T.);
#6328 = FACE_BOUND('',#6329,.T.);
#6329 = EDGE_LOOP('',(#6330,#6331,#6332));
#6330 = ORIENTED_EDGE('',*,*,#5971,.F.);
#6331 = ORIENTED_EDGE('',*,*,#6115,.F.);
#6332 = ORIENTED_EDGE('',*,*,#6077,.F.);
#6333 = PLANE('',#6334);
#6334 = AXIS2_PLACEMENT_3D('',#6335,#6336,#6337);
#6335 = CARTESIAN_POINT('',(-22.46592262824,-7.000030645828,
    -19.26942954851));
#6336 = DIRECTION('',(-3.633166129123E-05,-0.999999998388,
    -4.364555883946E-05));
#6337 = DIRECTION('',(0.,4.364555886827E-05,-0.999999999048));
#6338 = ADVANCED_FACE('',(#6339),#6356,.T.);
#6339 = FACE_BOUND('',#6340,.T.);
#6340 = EDGE_LOOP('',(#6341,#6349,#6350));
#6341 = ORIENTED_EDGE('',*,*,#6342,.T.);
#6342 = EDGE_CURVE('',#6343,#5351,#6345,.T.);
#6343 = VERTEX_POINT('',#6344);
#6344 = CARTESIAN_POINT('',(3.010191129834,-6.999998772087,
    -29.71351821865));
#6345 = LINE('',#6346,#6347);
#6346 = CARTESIAN_POINT('',(3.010191129834,-6.999998772086,
    -29.71351821865));
#6347 = VECTOR('',#6348,1.);
#6348 = DIRECTION('',(0.968165744578,-8.394334087836E-06,0.250309989725)
  );
#6349 = ORIENTED_EDGE('',*,*,#5985,.F.);
#6350 = ORIENTED_EDGE('',*,*,#6351,.F.);
#6351 = EDGE_CURVE('',#6343,#5986,#6352,.T.);
#6352 = LINE('',#6353,#6354);
#6353 = CARTESIAN_POINT('',(3.010191129834,-6.999998772086,
    -29.71351821865));
#6354 = VECTOR('',#6355,1.);
#6355 = DIRECTION('',(-0.99999992738,-3.861357530342E-06,
    3.810852823914E-04));
#6356 = PLANE('',#6357);
#6357 = AXIS2_PLACEMENT_3D('',#6358,#6359,#6360);
#6358 = CARTESIAN_POINT('',(4.396371057191,-7.000037264725,
    -28.80814750345));
#6359 = DIRECTION('',(3.8429134179E-06,-0.999999998821,
    -4.839963128106E-05));
#6360 = DIRECTION('',(-2.117582368136E-22,4.839963128128E-05,
    -0.999999998829));
#6361 = ADVANCED_FACE('',(#6362),#6379,.T.);
#6362 = FACE_BOUND('',#6363,.T.);
#6363 = EDGE_LOOP('',(#6364,#6365,#6373));
#6364 = ORIENTED_EDGE('',*,*,#5994,.F.);
#6365 = ORIENTED_EDGE('',*,*,#6366,.F.);
#6366 = EDGE_CURVE('',#6367,#5672,#6369,.T.);
#6367 = VERTEX_POINT('',#6368);
#6368 = CARTESIAN_POINT('',(-6.024108870166,-6.999903845083,
    -29.25176347903));
#6369 = LINE('',#6370,#6371);
#6370 = CARTESIAN_POINT('',(-6.024108870166,-6.999903845082,
    -29.25176347903));
#6371 = VECTOR('',#6372,1.);
#6372 = DIRECTION('',(-0.967973849087,-4.143898388111E-05,0.251051042152
    ));
#6373 = ORIENTED_EDGE('',*,*,#6374,.T.);
#6374 = EDGE_CURVE('',#6367,#5986,#6375,.T.);
#6375 = LINE('',#6376,#6377);
#6376 = CARTESIAN_POINT('',(-6.024108870166,-6.999903845082,
    -29.25176347903));
#6377 = VECTOR('',#6378,1.);
#6378 = DIRECTION('',(0.988403782404,-3.908610000553E-05,-0.151848481726
    ));
#6379 = PLANE('',#6380);
#6380 = AXIS2_PLACEMENT_3D('',#6381,#6382,#6383);
#6381 = CARTESIAN_POINT('',(-6.00092422472,-6.999995192747,
    -29.13922990702));
#6382 = DIRECTION('',(-1.592124654932E-04,-0.999999683956,
    -7.789351207386E-04));
#6383 = DIRECTION('',(0.,7.78935130611E-04,-0.99999969663));
#6384 = ADVANCED_FACE('',(#6385),#6402,.T.);
#6385 = FACE_BOUND('',#6386,.T.);
#6386 = EDGE_LOOP('',(#6387,#6388,#6396));
#6387 = ORIENTED_EDGE('',*,*,#6009,.T.);
#6388 = ORIENTED_EDGE('',*,*,#6389,.T.);
#6389 = EDGE_CURVE('',#5351,#6390,#6392,.T.);
#6390 = VERTEX_POINT('',#6391);
#6391 = CARTESIAN_POINT('',(11.768322129834,9.99999846864,
    -27.44921029373));
#6392 = LINE('',#6393,#6394);
#6393 = CARTESIAN_POINT('',(11.768322129834,-7.00007470813,
    -27.44918724754));
#6394 = VECTOR('',#6395,1.);
#6395 = DIRECTION('',(0.,0.999999999999,-1.355652277879E-06));
#6396 = ORIENTED_EDGE('',*,*,#6397,.T.);
#6397 = EDGE_CURVE('',#6390,#6010,#6398,.T.);
#6398 = LINE('',#6399,#6400);
#6399 = CARTESIAN_POINT('',(11.768322129834,9.999998468641,
    -27.44921029372));
#6400 = VECTOR('',#6401,1.);
#6401 = DIRECTION('',(0.157347263529,-0.984528113358,7.711181925206E-02)
  );
#6402 = PLANE('',#6403);
#6403 = AXIS2_PLACEMENT_3D('',#6404,#6405,#6406);
#6404 = CARTESIAN_POINT('',(12.507531936392,0.810343005731,
    -27.0869365221));
#6405 = DIRECTION('',(0.440062764621,-1.2173310317E-06,-0.897967016762)
  );
#6406 = DIRECTION('',(-2.775557561563E-17,-0.999999999999,
    1.355652277824E-06));
#6407 = ADVANCED_FACE('',(#6408),#6425,.T.);
#6408 = FACE_BOUND('',#6409,.T.);
#6409 = EDGE_LOOP('',(#6410,#6411,#6419));
#6410 = ORIENTED_EDGE('',*,*,#6017,.F.);
#6411 = ORIENTED_EDGE('',*,*,#6412,.F.);
#6412 = EDGE_CURVE('',#6413,#6010,#6415,.T.);
#6413 = VERTEX_POINT('',#6414);
#6414 = CARTESIAN_POINT('',(17.053539129834,-7.000009808941,
    -24.51797467203));
#6415 = LINE('',#6416,#6417);
#6416 = CARTESIAN_POINT('',(17.053539129834,-7.00000980894,
    -24.51797467203));
#6417 = VECTOR('',#6418,1.);
#6418 = DIRECTION('',(-0.848805161459,-1.036986240902E-05,
    -0.528705776187));
#6419 = ORIENTED_EDGE('',*,*,#6420,.F.);
#6420 = EDGE_CURVE('',#5011,#6413,#6421,.T.);
#6421 = LINE('',#6422,#6423);
#6422 = CARTESIAN_POINT('',(23.611935129834,-7.000089953772,
    -18.28745989064));
#6423 = VECTOR('',#6424,1.);
#6424 = DIRECTION('',(-0.724997303877,8.859603325251E-06,-0.688751703659
    ));
#6425 = PLANE('',#6426);
#6426 = AXIS2_PLACEMENT_3D('',#6427,#6428,#6429);
#6427 = CARTESIAN_POINT('',(19.118916305,-7.00005464859,-22.29347815566)
  );
#6428 = DIRECTION('',(5.874836890424E-05,-0.999999995484,
    -7.470328142245E-05));
#6429 = DIRECTION('',(-3.388131789017E-21,7.470328155135E-05,
    -0.99999999721));
#6430 = ADVANCED_FACE('',(#6431),#6441,.T.);
#6431 = FACE_BOUND('',#6432,.T.);
#6432 = EDGE_LOOP('',(#6433,#6434,#6435));
#6433 = ORIENTED_EDGE('',*,*,#6278,.T.);
#6434 = ORIENTED_EDGE('',*,*,#2919,.F.);
#6435 = ORIENTED_EDGE('',*,*,#6436,.T.);
#6436 = EDGE_CURVE('',#2912,#6270,#6437,.T.);
#6437 = LINE('',#6438,#6439);
#6438 = CARTESIAN_POINT('',(28.910530129834,-6.999904946608,
    -7.492486595181));
#6439 = VECTOR('',#6440,1.);
#6440 = DIRECTION('',(0.,0.999999999981,6.179606735268E-06));
#6441 = PLANE('',#6442);
#6442 = AXIS2_PLACEMENT_3D('',#6443,#6444,#6445);
#6443 = CARTESIAN_POINT('',(29.076422083069,2.189662959376,
    -6.686127416774));
#6444 = DIRECTION('',(0.979483782347,1.245332897193E-06,-0.201523001458)
  );
#6445 = DIRECTION('',(-0.172906926405,-0.513642908303,-0.840401188451));
#6446 = ADVANCED_FACE('',(#6447),#6462,.T.);
#6447 = FACE_BOUND('',#6448,.T.);
#6448 = EDGE_LOOP('',(#6449,#6455,#6461));
#6449 = ORIENTED_EDGE('',*,*,#6450,.F.);
#6450 = EDGE_CURVE('',#4515,#2942,#6451,.T.);
#6451 = LINE('',#6452,#6453);
#6452 = CARTESIAN_POINT('',(28.004070129834,10.000111644032,
    -10.37923286093));
#6453 = VECTOR('',#6454,1.);
#6454 = DIRECTION('',(0.,-0.999999999999,1.305461136247E-06));
#6455 = ORIENTED_EDGE('',*,*,#6456,.F.);
#6456 = EDGE_CURVE('',#2912,#4515,#6457,.T.);
#6457 = LINE('',#6458,#6459);
#6458 = CARTESIAN_POINT('',(28.910530129834,-6.999904946608,
    -7.492486595181));
#6459 = VECTOR('',#6460,1.);
#6460 = DIRECTION('',(-5.249611982657E-02,0.984527621733,-0.167181097761
    ));
#6461 = ORIENTED_EDGE('',*,*,#2941,.T.);
#6462 = PLANE('',#6463);
#6463 = AXIS2_PLACEMENT_3D('',#6464,#6465,#6466);
#6464 = CARTESIAN_POINT('',(28.250694244516,0.8104549165,-9.593818564253
    ));
#6465 = DIRECTION('',(0.954068949247,-3.910993369993E-07,-0.299587116017
    ));
#6466 = DIRECTION('',(-0.258801783633,-0.50373042933,-0.824182802147));
#6467 = ADVANCED_FACE('',(#6468),#6483,.T.);
#6468 = FACE_BOUND('',#6469,.T.);
#6469 = EDGE_LOOP('',(#6470,#6476,#6477));
#6470 = ORIENTED_EDGE('',*,*,#6471,.T.);
#6471 = EDGE_CURVE('',#6132,#6033,#6472,.T.);
#6472 = LINE('',#6473,#6474);
#6473 = CARTESIAN_POINT('',(23.611935129834,9.999983223,-18.28748293683)
  );
#6474 = VECTOR('',#6475,1.);
#6475 = DIRECTION('',(0.100142328921,-0.984528294849,0.143789953057));
#6476 = ORIENTED_EDGE('',*,*,#6032,.T.);
#6477 = ORIENTED_EDGE('',*,*,#6478,.F.);
#6478 = EDGE_CURVE('',#6132,#5011,#6479,.T.);
#6479 = LINE('',#6480,#6481);
#6480 = CARTESIAN_POINT('',(23.611935129834,9.999983223,-18.28748293683)
  );
#6481 = VECTOR('',#6482,1.);
#6482 = DIRECTION('',(0.,-0.999999999999,1.355652303248E-06));
#6483 = PLANE('',#6484);
#6484 = AXIS2_PLACEMENT_3D('',#6485,#6486,#6487);
#6485 = CARTESIAN_POINT('',(24.082395008897,0.810358701763,
    -17.61196415962));
#6486 = DIRECTION('',(0.820596173371,-7.747667605806E-07,-0.571508460346
    ));
#6487 = DIRECTION('',(-0.510858286621,-0.448313218906,-0.733511464631));
#6488 = ADVANCED_FACE('',(#6489),#6506,.T.);
#6489 = FACE_BOUND('',#6490,.T.);
#6490 = EDGE_LOOP('',(#6491,#6492,#6500));
#6491 = ORIENTED_EDGE('',*,*,#6040,.T.);
#6492 = ORIENTED_EDGE('',*,*,#6493,.F.);
#6493 = EDGE_CURVE('',#6494,#6033,#6496,.T.);
#6494 = VERTEX_POINT('',#6495);
#6495 = CARTESIAN_POINT('',(26.810173129834,-6.999879870742,
    -13.1594359791));
#6496 = LINE('',#6497,#6498);
#6497 = CARTESIAN_POINT('',(26.810173129834,-6.999879870741,
    -13.1594359791));
#6498 = VECTOR('',#6499,1.);
#6499 = DIRECTION('',(-0.485518771579,-2.950745766495E-05,
    -0.874226241641));
#6500 = ORIENTED_EDGE('',*,*,#6501,.F.);
#6501 = EDGE_CURVE('',#2942,#6494,#6502,.T.);
#6502 = LINE('',#6503,#6504);
#6503 = CARTESIAN_POINT('',(28.004070129834,-6.999962054238,
    -10.379210668));
#6504 = VECTOR('',#6505,1.);
#6505 = DIRECTION('',(-0.39458145564,2.716154208871E-05,-0.918860965613)
  );
#6506 = PLANE('',#6507);
#6507 = AXIS2_PLACEMENT_3D('',#6508,#6509,#6510);
#6508 = CARTESIAN_POINT('',(26.707002938026,-6.99994415688,
    -13.10882131342));
#6509 = DIRECTION('',(5.027002242143E-04,-0.999999843528,
    -2.454318253818E-04));
#6510 = DIRECTION('',(2.710505431214E-20,2.454318563931E-04,
    -0.999999969882));
#6511 = ADVANCED_FACE('',(#6512),#6529,.T.);
#6512 = FACE_BOUND('',#6513,.T.);
#6513 = EDGE_LOOP('',(#6514,#6515,#6523));
#6514 = ORIENTED_EDGE('',*,*,#6085,.T.);
#6515 = ORIENTED_EDGE('',*,*,#6516,.F.);
#6516 = EDGE_CURVE('',#6517,#5426,#6519,.T.);
#6517 = VERTEX_POINT('',#6518);
#6518 = CARTESIAN_POINT('',(-17.07274687016,-6.9999226037,
    -24.50472358923));
#6519 = LINE('',#6520,#6521);
#6520 = CARTESIAN_POINT('',(-17.07274687016,-6.999922603699,
    -24.50472358923));
#6521 = VECTOR('',#6522,1.);
#6522 = DIRECTION('',(-0.138516271988,0.984527094217,0.107329600512));
#6523 = ORIENTED_EDGE('',*,*,#6524,.T.);
#6524 = EDGE_CURVE('',#6517,#5963,#6525,.T.);
#6525 = LINE('',#6526,#6527);
#6526 = CARTESIAN_POINT('',(-17.07274687016,-6.999922603699,
    -24.50472358923));
#6527 = VECTOR('',#6528,1.);
#6528 = DIRECTION('',(-0.790468032983,-2.296222571962E-05,0.612503296567
    ));
#6529 = PLANE('',#6530);
#6530 = AXIS2_PLACEMENT_3D('',#6531,#6532,#6533);
#6531 = CARTESIAN_POINT('',(-18.81378837098,0.810409965984,
    -23.15566803656));
#6532 = DIRECTION('',(-0.612503296708,-1.071599801339E-06,
    -0.790468033206));
#6533 = DIRECTION('',(0.740295544631,-0.350593236179,-0.573626088446));
#6534 = ADVANCED_FACE('',(#6535),#6552,.T.);
#6535 = FACE_BOUND('',#6536,.T.);
#6536 = EDGE_LOOP('',(#6537,#6545,#6546));
#6537 = ORIENTED_EDGE('',*,*,#6538,.F.);
#6538 = EDGE_CURVE('',#6132,#6539,#6541,.T.);
#6539 = VERTEX_POINT('',#6540);
#6540 = CARTESIAN_POINT('',(25.341103129834,9.999895829468,
    -15.8045426759));
#6541 = LINE('',#6542,#6543);
#6542 = CARTESIAN_POINT('',(23.611935129834,9.999983223,-18.28748293683)
  );
#6543 = VECTOR('',#6544,1.);
#6544 = DIRECTION('',(0.57148873734,-2.888349681501E-05,0.820609908702)
  );
#6545 = ORIENTED_EDGE('',*,*,#6131,.F.);
#6546 = ORIENTED_EDGE('',*,*,#6547,.F.);
#6547 = EDGE_CURVE('',#6539,#4515,#6548,.T.);
#6548 = LINE('',#6549,#6550);
#6549 = CARTESIAN_POINT('',(25.341103129834,9.999895829469,
    -15.8045426759));
#6550 = VECTOR('',#6551,1.);
#6551 = DIRECTION('',(0.440624269045,3.570946767417E-05,0.897691624253)
  );
#6552 = PLANE('',#6553);
#6553 = AXIS2_PLACEMENT_3D('',#6554,#6555,#6556);
#6554 = CARTESIAN_POINT('',(25.874052263427,10.000014832294,
    -14.37226241693));
#6555 = DIRECTION('',(3.647121429191E-04,0.999999909557,
    -2.187950522461E-04));
#6556 = DIRECTION('',(2.710505431214E-20,2.187950667976E-04,
    0.999999976064));
#6557 = ADVANCED_FACE('',(#6558),#6576,.T.);
#6558 = FACE_BOUND('',#6559,.T.);
#6559 = EDGE_LOOP('',(#6560,#6568,#6574,#6575));
#6560 = ORIENTED_EDGE('',*,*,#6561,.T.);
#6561 = EDGE_CURVE('',#5011,#6562,#6564,.T.);
#6562 = VERTEX_POINT('',#6563);
#6563 = CARTESIAN_POINT('',(21.640411129834,-7.000015884052,
    -20.58269146781));
#6564 = LINE('',#6565,#6566);
#6565 = CARTESIAN_POINT('',(23.611935129834,-7.000089953772,
    -18.28745989064));
#6566 = VECTOR('',#6567,1.);
#6567 = DIRECTION('',(-0.651587906745,2.448001369848E-05,-0.758573133709
    ));
#6568 = ORIENTED_EDGE('',*,*,#6569,.F.);
#6569 = EDGE_CURVE('',#5832,#6562,#6570,.T.);
#6570 = LINE('',#6571,#6572);
#6571 = CARTESIAN_POINT('',(21.640411129834,10.000057292721,
    -20.582714514));
#6572 = VECTOR('',#6573,1.);
#6573 = DIRECTION('',(0.,-0.999999999999,1.355652303248E-06));
#6574 = ORIENTED_EDGE('',*,*,#6139,.T.);
#6575 = ORIENTED_EDGE('',*,*,#6478,.T.);
#6576 = PLANE('',#6577);
#6577 = AXIS2_PLACEMENT_3D('',#6578,#6579,#6580);
#6578 = CARTESIAN_POINT('',(22.626173129834,1.499983669474,
    -19.43508720232));
#6579 = DIRECTION('',(0.758573133922,-8.833266468278E-07,-0.651587906956
    ));
#6580 = DIRECTION('',(-0.591144223963,-0.420622181046,-0.688204538846));
#6581 = ADVANCED_FACE('',(#6582),#6599,.T.);
#6582 = FACE_BOUND('',#6583,.T.);
#6583 = EDGE_LOOP('',(#6584,#6592,#6598));
#6584 = ORIENTED_EDGE('',*,*,#6585,.F.);
#6585 = EDGE_CURVE('',#6586,#6155,#6588,.T.);
#6586 = VERTEX_POINT('',#6587);
#6587 = CARTESIAN_POINT('',(19.446777129834,-6.999930080247,
    -22.66676769473));
#6588 = LINE('',#6589,#6590);
#6589 = CARTESIAN_POINT('',(19.446777129834,-6.999930080246,
    -22.66676769473));
#6590 = VECTOR('',#6591,1.);
#6591 = DIRECTION('',(0.,0.999999999981,6.179606735268E-06));
#6592 = ORIENTED_EDGE('',*,*,#6593,.F.);
#6593 = EDGE_CURVE('',#5570,#6586,#6594,.T.);
#6594 = LINE('',#6595,#6596);
#6595 = CARTESIAN_POINT('',(17.053539129834,10.000063367831,
    -24.51799771822));
#6596 = VECTOR('',#6597,1.);
#6597 = DIRECTION('',(0.138600649519,-0.984528130391,0.10721110214));
#6598 = ORIENTED_EDGE('',*,*,#6154,.F.);
#6599 = PLANE('',#6600);
#6600 = AXIS2_PLACEMENT_3D('',#6601,#6602,#6603);
#6601 = CARTESIAN_POINT('',(18.795635908545,2.189675273501,
    -23.17041366532));
#6602 = DIRECTION('',(0.611864351618,4.887838515988E-06,-0.790962714163)
  );
#6603 = DIRECTION('',(0.740852237788,0.350273285071,0.573102597735));
#6604 = ADVANCED_FACE('',(#6605),#6615,.T.);
#6605 = FACE_BOUND('',#6606,.T.);
#6606 = EDGE_LOOP('',(#6607,#6608,#6614));
#6607 = ORIENTED_EDGE('',*,*,#6163,.F.);
#6608 = ORIENTED_EDGE('',*,*,#6609,.F.);
#6609 = EDGE_CURVE('',#6586,#5832,#6610,.T.);
#6610 = LINE('',#6611,#6612);
#6611 = CARTESIAN_POINT('',(19.446777129834,-6.999930080246,
    -22.66676769473));
#6612 = VECTOR('',#6613,1.);
#6613 = DIRECTION('',(0.127040796782,0.984527018246,0.120694599289));
#6614 = ORIENTED_EDGE('',*,*,#6585,.T.);
#6615 = PLANE('',#6616);
#6616 = AXIS2_PLACEMENT_3D('',#6617,#6618,#6619);
#6617 = CARTESIAN_POINT('',(20.043610834875,2.189667844837,
    -22.09972002208));
#6618 = DIRECTION('',(0.688748737062,4.480215638092E-06,-0.72500012219)
  );
#6619 = DIRECTION('',(-0.668207743269,-0.387981053944,-0.634798482682));
#6620 = ADVANCED_FACE('',(#6621),#6636,.T.);
#6621 = FACE_BOUND('',#6622,.T.);
#6622 = EDGE_LOOP('',(#6623,#6629,#6635));
#6623 = ORIENTED_EDGE('',*,*,#6624,.F.);
#6624 = EDGE_CURVE('',#6390,#6178,#6625,.T.);
#6625 = LINE('',#6626,#6627);
#6626 = CARTESIAN_POINT('',(11.768322129834,9.999998468641,
    -27.44921029372));
#6627 = VECTOR('',#6628,1.);
#6628 = DIRECTION('',(0.897966905274,1.125177588224E-05,0.440062991975)
  );
#6629 = ORIENTED_EDGE('',*,*,#6630,.F.);
#6630 = EDGE_CURVE('',#5855,#6390,#6631,.T.);
#6631 = LINE('',#6632,#6633);
#6632 = CARTESIAN_POINT('',(8.930584129834,10.000049483794,
    -28.49919298297));
#6633 = VECTOR('',#6634,1.);
#6634 = DIRECTION('',(0.937859731236,-1.686027998513E-05,0.347014587937)
  );
#6635 = ORIENTED_EDGE('',*,*,#6177,.T.);
#6636 = PLANE('',#6637);
#6637 = AXIS2_PLACEMENT_3D('',#6638,#6639,#6640);
#6638 = CARTESIAN_POINT('',(11.723023831144,10.000030359071,
    -27.34367507404));
#6639 = DIRECTION('',(1.119982582039E-04,0.999999961443,
    -2.541056775997E-04));
#6640 = DIRECTION('',(6.776263578034E-21,2.541056791934E-04,
    0.999999967715));
#6641 = ADVANCED_FACE('',(#6642),#6657,.T.);
#6642 = FACE_BOUND('',#6643,.T.);
#6643 = EDGE_LOOP('',(#6644,#6645,#6651));
#6644 = ORIENTED_EDGE('',*,*,#6186,.T.);
#6645 = ORIENTED_EDGE('',*,*,#6646,.F.);
#6646 = EDGE_CURVE('',#6010,#5570,#6647,.T.);
#6647 = LINE('',#6648,#6649);
#6648 = CARTESIAN_POINT('',(14.485268129834,-7.000041185537,
    -26.1177054161));
#6649 = VECTOR('',#6650,1.);
#6650 = DIRECTION('',(0.148736361005,0.984527601635,9.264392334609E-02)
  );
#6651 = ORIENTED_EDGE('',*,*,#6652,.F.);
#6652 = EDGE_CURVE('',#6178,#6010,#6653,.T.);
#6653 = LINE('',#6654,#6655);
#6654 = CARTESIAN_POINT('',(14.485268129834,10.000032512733,
    -26.11772760904));
#6655 = VECTOR('',#6656,1.);
#6656 = DIRECTION('',(0.,-0.999999999999,1.305461122258E-06));
#6657 = PLANE('',#6658);
#6658 = AXIS2_PLACEMENT_3D('',#6659,#6660,#6661);
#6659 = CARTESIAN_POINT('',(15.184029859502,2.189648407553,
    -25.68247127821));
#6660 = DIRECTION('',(0.528705573054,-1.108082303802E-06,-0.848805288049
    ));
#6661 = DIRECTION('',(0.807683813342,0.307483264333,0.503091343416));
#6662 = ADVANCED_FACE('',(#6663),#6680,.T.);
#6663 = FACE_BOUND('',#6664,.T.);
#6664 = EDGE_LOOP('',(#6665,#6673,#6679));
#6665 = ORIENTED_EDGE('',*,*,#6666,.F.);
#6666 = EDGE_CURVE('',#6667,#5855,#6669,.T.);
#6667 = VERTEX_POINT('',#6668);
#6668 = CARTESIAN_POINT('',(6.001186129834,9.999880566092,
    -29.25647377584));
#6669 = LINE('',#6670,#6671);
#6670 = CARTESIAN_POINT('',(6.001186129834,9.999880566093,
    -29.25647377584));
#6671 = VECTOR('',#6672,1.);
#6672 = DIRECTION('',(0.96817271344,5.582768467478E-05,0.250283027456));
#6673 = ORIENTED_EDGE('',*,*,#6674,.F.);
#6674 = EDGE_CURVE('',#6201,#6667,#6675,.T.);
#6675 = LINE('',#6676,#6677);
#6676 = CARTESIAN_POINT('',(3.010191129834,10.000074926184,
    -29.71354041159));
#6677 = VECTOR('',#6678,1.);
#6678 = DIRECTION('',(0.98852449852,-6.423605217389E-05,0.1510606226));
#6679 = ORIENTED_EDGE('',*,*,#6200,.T.);
#6680 = PLANE('',#6681);
#6681 = AXIS2_PLACEMENT_3D('',#6682,#6683,#6684);
#6682 = CARTESIAN_POINT('',(5.978089889526,10.000016766121,
    -29.14391803376));
#6683 = DIRECTION('',(2.422992682175E-04,0.999999297443,
    -1.160347101354E-03));
#6684 = DIRECTION('',(-1.355252715607E-20,1.160347135416E-03,
    0.999999326797));
#6685 = ADVANCED_FACE('',(#6686),#6709,.T.);
#6686 = FACE_BOUND('',#6687,.T.);
#6687 = EDGE_LOOP('',(#6688,#6696,#6702,#6703));
#6688 = ORIENTED_EDGE('',*,*,#6689,.F.);
#6689 = EDGE_CURVE('',#6690,#6343,#6692,.T.);
#6690 = VERTEX_POINT('',#6691);
#6691 = CARTESIAN_POINT('',(-1.170187016572E-02,-6.999966632734,
    -29.86561589715));
#6692 = LINE('',#6693,#6694);
#6693 = CARTESIAN_POINT('',(-1.17018701657E-02,-6.999966632734,
    -29.86561589715));
#6694 = VECTOR('',#6695,1.);
#6695 = DIRECTION('',(0.998735750367,-1.062205706587E-05,
    5.026828847425E-02));
#6696 = ORIENTED_EDGE('',*,*,#6697,.F.);
#6697 = EDGE_CURVE('',#5167,#6690,#6698,.T.);
#6698 = LINE('',#6699,#6700);
#6699 = CARTESIAN_POINT('',(-1.17018701657E-02,10.000107065536,
    -29.86563809008));
#6700 = VECTOR('',#6701,1.);
#6701 = DIRECTION('',(0.,-0.999999999999,1.305461147627E-06));
#6702 = ORIENTED_EDGE('',*,*,#6208,.T.);
#6703 = ORIENTED_EDGE('',*,*,#6704,.F.);
#6704 = EDGE_CURVE('',#6343,#6201,#6705,.T.);
#6705 = LINE('',#6706,#6707);
#6706 = CARTESIAN_POINT('',(3.010191129834,-6.999998772086,
    -29.71351821865));
#6707 = VECTOR('',#6708,1.);
#6708 = DIRECTION('',(0.,0.999999999999,-1.305461136247E-06));
#6709 = PLANE('',#6710);
#6710 = AXIS2_PLACEMENT_3D('',#6711,#6712,#6713);
#6711 = CARTESIAN_POINT('',(1.499244629834,1.500054146725,
    -29.78957815437));
#6712 = DIRECTION('',(5.026828846324E-02,-1.303810713171E-06,
    -0.998735750423));
#6713 = DIRECTION('',(0.,-0.999999999999,1.305461141909E-06));
#6714 = ADVANCED_FACE('',(#6715),#6732,.T.);
#6715 = FACE_BOUND('',#6716,.T.);
#6716 = EDGE_LOOP('',(#6717,#6725,#6726));
#6717 = ORIENTED_EDGE('',*,*,#6718,.T.);
#6718 = EDGE_CURVE('',#6719,#6224,#6721,.T.);
#6719 = VERTEX_POINT('',#6720);
#6720 = CARTESIAN_POINT('',(-11.78982487016,9.999906496409,
    -27.43999735722));
#6721 = LINE('',#6722,#6723);
#6722 = CARTESIAN_POINT('',(-11.78982487016,9.99990649641,
    -27.43999735722));
#6723 = VECTOR('',#6724,1.);
#6724 = DIRECTION('',(-0.897599285767,3.366395482096E-06,0.440812343498)
  );
#6725 = ORIENTED_EDGE('',*,*,#6223,.F.);
#6726 = ORIENTED_EDGE('',*,*,#6727,.T.);
#6727 = EDGE_CURVE('',#5878,#6719,#6728,.T.);
#6728 = LINE('',#6729,#6730);
#6729 = CARTESIAN_POINT('',(-8.952912870166,10.000044471017,
    -28.49217910082));
#6730 = VECTOR('',#6731,1.);
#6731 = DIRECTION('',(-0.937590043164,-4.560015181135E-05,0.347742589972
    ));
#6732 = PLANE('',#6733);
#6733 = AXIS2_PLACEMENT_3D('',#6734,#6735,#6736);
#6734 = CARTESIAN_POINT('',(-11.74445631745,9.999962044702,
    -27.33441902193));
#6735 = DIRECTION('',(-2.102620991457E-04,0.999999882943,
    -4.357806852255E-04));
#6736 = DIRECTION('',(-1.355252715607E-20,4.357806948585E-04,
    0.999999905048));
#6737 = ADVANCED_FACE('',(#6738),#6755,.T.);
#6738 = FACE_BOUND('',#6739,.T.);
#6739 = EDGE_LOOP('',(#6740,#6748,#6749));
#6740 = ORIENTED_EDGE('',*,*,#6741,.T.);
#6741 = EDGE_CURVE('',#6742,#5426,#6744,.T.);
#6742 = VERTEX_POINT('',#6743);
#6743 = CARTESIAN_POINT('',(-17.07274687016,9.999942900901,
    -24.50461853675));
#6744 = LINE('',#6745,#6746);
#6745 = CARTESIAN_POINT('',(-17.07274687016,9.999942900902,
    -24.50461853675));
#6746 = VECTOR('',#6747,1.);
#6747 = DIRECTION('',(-0.790488529892,4.567314277582E-05,0.612476842031)
  );
#6748 = ORIENTED_EDGE('',*,*,#6231,.F.);
#6749 = ORIENTED_EDGE('',*,*,#6750,.T.);
#6750 = EDGE_CURVE('',#6224,#6742,#6751,.T.);
#6751 = LINE('',#6752,#6753);
#6752 = CARTESIAN_POINT('',(-14.50572987016,9.999916682259,
    -26.1062123746));
#6753 = VECTOR('',#6754,1.);
#6754 = DIRECTION('',(-0.848412741231,8.665400950708E-06,0.529335262799)
  );
#6755 = PLANE('',#6756);
#6756 = AXIS2_PLACEMENT_3D('',#6757,#6758,#6759);
#6757 = CARTESIAN_POINT('',(-17.00705251698,9.999984882579,
    -24.41029363113));
#6758 = DIRECTION('',(-1.864535748517E-04,0.999999932937,
    -3.15216084494E-04));
#6759 = DIRECTION('',(-1.355252715607E-20,3.152160899731E-04,
    0.999999950319));
#6760 = ADVANCED_FACE('',(#6761),#6778,.T.);
#6761 = FACE_BOUND('',#6762,.T.);
#6762 = EDGE_LOOP('',(#6763,#6771,#6777));
#6763 = ORIENTED_EDGE('',*,*,#6764,.T.);
#6764 = EDGE_CURVE('',#6247,#6765,#6767,.T.);
#6765 = VERTEX_POINT('',#6766);
#6766 = CARTESIAN_POINT('',(-6.024108870166,9.999897515312,
    -29.25176337663));
#6767 = LINE('',#6768,#6769);
#6768 = CARTESIAN_POINT('',(-3.033471870166,10.000051589438,
    -29.7112372604));
#6769 = VECTOR('',#6770,1.);
#6770 = DIRECTION('',(-0.988402675918,-5.092135163842E-05,0.151855680322
    ));
#6771 = ORIENTED_EDGE('',*,*,#6772,.F.);
#6772 = EDGE_CURVE('',#5878,#6765,#6773,.T.);
#6773 = LINE('',#6774,#6775);
#6774 = CARTESIAN_POINT('',(-8.952912870166,10.000044471017,
    -28.49217910082));
#6775 = VECTOR('',#6776,1.);
#6776 = DIRECTION('',(0.967975639415,-4.856915732716E-05,-0.251044137834
    ));
#6777 = ORIENTED_EDGE('',*,*,#6246,.F.);
#6778 = PLANE('',#6779);
#6779 = AXIS2_PLACEMENT_3D('',#6780,#6781,#6782);
#6780 = CARTESIAN_POINT('',(-6.000923124168,10.000010377352,
    -29.13924674206));
#6781 = DIRECTION('',(-1.993175787697E-04,0.999999517417,
    -9.619969489361E-04));
#6782 = DIRECTION('',(-1.355252715607E-20,9.619969680449E-04,
    0.999999537281));
#6783 = ADVANCED_FACE('',(#6784),#6800,.T.);
#6784 = FACE_BOUND('',#6785,.T.);
#6785 = EDGE_LOOP('',(#6786,#6787,#6788,#6794));
#6786 = ORIENTED_EDGE('',*,*,#6255,.F.);
#6787 = ORIENTED_EDGE('',*,*,#6697,.T.);
#6788 = ORIENTED_EDGE('',*,*,#6789,.T.);
#6789 = EDGE_CURVE('',#6690,#5986,#6790,.T.);
#6790 = LINE('',#6791,#6792);
#6791 = CARTESIAN_POINT('',(-1.17018701657E-02,-6.999966632734,
    -29.86561589715));
#6792 = VECTOR('',#6793,1.);
#6793 = DIRECTION('',(-0.998697141869,-1.833488978415E-05,
    5.102958441857E-02));
#6794 = ORIENTED_EDGE('',*,*,#6795,.T.);
#6795 = EDGE_CURVE('',#5986,#6247,#6796,.T.);
#6796 = LINE('',#6797,#6798);
#6797 = CARTESIAN_POINT('',(-3.033471870166,-7.000022108831,
    -29.71121506746));
#6798 = VECTOR('',#6799,1.);
#6799 = DIRECTION('',(0.,0.999999999999,-1.305461122258E-06));
#6800 = PLANE('',#6801);
#6801 = AXIS2_PLACEMENT_3D('',#6802,#6803,#6804);
#6802 = CARTESIAN_POINT('',(-1.522586870166,1.500042478352,
    -29.78842657877));
#6803 = DIRECTION('',(-5.10295844033E-02,-1.30376030455E-06,
    -0.998697142038));
#6804 = DIRECTION('',(3.469446951954E-18,-0.999999999999,
    1.305461134971E-06));
#6805 = ADVANCED_FACE('',(#6806),#6811,.T.);
#6806 = FACE_BOUND('',#6807,.T.);
#6807 = EDGE_LOOP('',(#6808,#6809,#6810));
#6808 = ORIENTED_EDGE('',*,*,#6436,.F.);
#6809 = ORIENTED_EDGE('',*,*,#6456,.T.);
#6810 = ORIENTED_EDGE('',*,*,#6269,.T.);
#6811 = PLANE('',#6812);
#6812 = AXIS2_PLACEMENT_3D('',#6813,#6814,#6815);
#6813 = CARTESIAN_POINT('',(28.663903965743,2.189725158653,
    -8.277873254082));
#6814 = DIRECTION('',(0.954072723574,1.851256280883E-06,-0.299575095976)
  );
#6815 = DIRECTION('',(-0.258790035582,-0.503732070786,-0.824185487828));
#6816 = ADVANCED_FACE('',(#6817),#6834,.T.);
#6817 = FACE_BOUND('',#6818,.T.);
#6818 = EDGE_LOOP('',(#6819,#6827,#6833));
#6819 = ORIENTED_EDGE('',*,*,#6820,.F.);
#6820 = EDGE_CURVE('',#6821,#6309,#6823,.T.);
#6821 = VERTEX_POINT('',#6822);
#6822 = CARTESIAN_POINT('',(-11.78982487016,-6.999959008192,
    -27.4401024097));
#6823 = LINE('',#6824,#6825);
#6824 = CARTESIAN_POINT('',(-11.78982487016,-6.999959008191,
    -27.4401024097));
#6825 = VECTOR('',#6826,1.);
#6826 = DIRECTION('',(-0.897599174187,3.538748619136E-06,0.440812570699)
  );
#6827 = ORIENTED_EDGE('',*,*,#6828,.F.);
#6828 = EDGE_CURVE('',#5672,#6821,#6829,.T.);
#6829 = LINE('',#6830,#6831);
#6830 = CARTESIAN_POINT('',(-8.952912870166,-7.000029227252,
    -28.49215690788));
#6831 = VECTOR('',#6832,1.);
#6832 = DIRECTION('',(-0.937603754706,2.320750692736E-05,0.347705620637)
  );
#6833 = ORIENTED_EDGE('',*,*,#6308,.T.);
#6834 = PLANE('',#6835);
#6835 = AXIS2_PLACEMENT_3D('',#6836,#6837,#6838);
#6836 = CARTESIAN_POINT('',(-11.74446144681,-6.999981320238,
    -27.33447386477));
#6837 = DIRECTION('',(-8.892365332942E-05,-0.999999981075,
    -1.730419101259E-04));
#6838 = DIRECTION('',(-6.776263578034E-21,1.730419108101E-04,
    -0.999999985028));
#6839 = ADVANCED_FACE('',(#6840),#6850,.T.);
#6840 = FACE_BOUND('',#6841,.T.);
#6841 = EDGE_LOOP('',(#6842,#6843,#6844));
#6842 = ORIENTED_EDGE('',*,*,#6317,.T.);
#6843 = ORIENTED_EDGE('',*,*,#6524,.F.);
#6844 = ORIENTED_EDGE('',*,*,#6845,.T.);
#6845 = EDGE_CURVE('',#6517,#6309,#6846,.T.);
#6846 = LINE('',#6847,#6848);
#6847 = CARTESIAN_POINT('',(-17.07274687016,-6.999922603699,
    -24.50472358923));
#6848 = VECTOR('',#6849,1.);
#6849 = DIRECTION('',(0.848412867879,-8.493044469177E-06,-0.529335059811
    ));
#6850 = PLANE('',#6851);
#6851 = AXIS2_PLACEMENT_3D('',#6852,#6853,#6854);
#6852 = CARTESIAN_POINT('',(-17.00706061409,-6.999958287102,
    -24.41034471546));
#6853 = DIRECTION('',(-1.714528636571E-04,-0.999999951824,
    -2.587581705839E-04));
#6854 = DIRECTION('',(0.,2.587581743871E-04,-0.999999966522));
#6855 = ADVANCED_FACE('',(#6856),#6873,.T.);
#6856 = FACE_BOUND('',#6857,.T.);
#6857 = EDGE_LOOP('',(#6858,#6866,#6867));
#6858 = ORIENTED_EDGE('',*,*,#6859,.T.);
#6859 = EDGE_CURVE('',#6860,#5351,#6862,.T.);
#6860 = VERTEX_POINT('',#6861);
#6861 = CARTESIAN_POINT('',(8.930584129834,-7.000023692979,
    -28.49916993679));
#6862 = LINE('',#6863,#6864);
#6863 = CARTESIAN_POINT('',(8.930584129834,-7.000023692978,
    -28.49916993679));
#6864 = VECTOR('',#6865,1.);
#6865 = DIRECTION('',(0.937859731236,-1.686028002434E-05,0.347014587937)
  );
#6866 = ORIENTED_EDGE('',*,*,#6342,.F.);
#6867 = ORIENTED_EDGE('',*,*,#6868,.T.);
#6868 = EDGE_CURVE('',#6343,#6860,#6869,.T.);
#6869 = LINE('',#6870,#6871);
#6870 = CARTESIAN_POINT('',(3.010191129834,-6.999998772086,
    -29.71351821865));
#6871 = VECTOR('',#6872,1.);
#6872 = DIRECTION('',(0.97960567448,-4.123484311003E-06,0.200929645669)
  );
#6873 = PLANE('',#6874);
#6874 = AXIS2_PLACEMENT_3D('',#6875,#6876,#6877);
#6875 = CARTESIAN_POINT('',(7.410326760607,-7.000030311557,
    -28.65508513913));
#6876 = DIRECTION('',(1.291685200252E-05,-0.999999996431,
    -8.349641865074E-05));
#6877 = DIRECTION('',(0.,8.349641865768E-05,-0.999999996514));
#6878 = ADVANCED_FACE('',(#6879),#6884,.T.);
#6879 = FACE_BOUND('',#6880,.T.);
#6880 = EDGE_LOOP('',(#6881,#6882,#6883));
#6881 = ORIENTED_EDGE('',*,*,#6351,.T.);
#6882 = ORIENTED_EDGE('',*,*,#6789,.F.);
#6883 = ORIENTED_EDGE('',*,*,#6689,.T.);
#6884 = PLANE('',#6885);
#6885 = AXIS2_PLACEMENT_3D('',#6886,#6887,#6888);
#6886 = CARTESIAN_POINT('',(-1.165498183222E-02,-6.999999481492,
    -29.75070355923));
#6887 = DIRECTION('',(3.75242030302E-06,-0.999999959135,
    -2.858607956421E-04));
#6888 = DIRECTION('',(0.,2.858607956441E-04,-0.999999959142));
#6889 = ADVANCED_FACE('',(#6890),#6905,.T.);
#6890 = FACE_BOUND('',#6891,.T.);
#6891 = EDGE_LOOP('',(#6892,#6893,#6899));
#6892 = ORIENTED_EDGE('',*,*,#6366,.T.);
#6893 = ORIENTED_EDGE('',*,*,#6894,.T.);
#6894 = EDGE_CURVE('',#5672,#5878,#6895,.T.);
#6895 = LINE('',#6896,#6897);
#6896 = CARTESIAN_POINT('',(-8.952912870166,-7.000029227252,
    -28.49215690788));
#6897 = VECTOR('',#6898,1.);
#6898 = DIRECTION('',(0.,0.999999999999,-1.305461133638E-06));
#6899 = ORIENTED_EDGE('',*,*,#6900,.F.);
#6900 = EDGE_CURVE('',#6367,#5878,#6901,.T.);
#6901 = LINE('',#6902,#6903);
#6902 = CARTESIAN_POINT('',(-6.024108870166,-6.999903845082,
    -29.25176347903));
#6903 = VECTOR('',#6904,1.);
#6904 = DIRECTION('',(-0.169617493603,0.98452768596,4.399024257373E-02)
  );
#6905 = PLANE('',#6906);
#6906 = AXIS2_PLACEMENT_3D('',#6907,#6908,#6909);
#6907 = CARTESIAN_POINT('',(-8.156062835313,0.810403305486,
    -28.69883594318));
#6908 = DIRECTION('',(-0.251051042317,-1.263652239236E-06,
    -0.967973849931));
#6909 = DIRECTION('',(-1.387778780781E-17,-0.999999999999,
    1.305461133305E-06));
#6910 = ADVANCED_FACE('',(#6911),#6921,.T.);
#6911 = FACE_BOUND('',#6912,.T.);
#6912 = EDGE_LOOP('',(#6913,#6914,#6915));
#6913 = ORIENTED_EDGE('',*,*,#6795,.F.);
#6914 = ORIENTED_EDGE('',*,*,#6374,.F.);
#6915 = ORIENTED_EDGE('',*,*,#6916,.F.);
#6916 = EDGE_CURVE('',#6247,#6367,#6917,.T.);
#6917 = LINE('',#6918,#6919);
#6918 = CARTESIAN_POINT('',(-3.033471870166,10.000051589438,
    -29.7112372604));
#6919 = VECTOR('',#6920,1.);
#6920 = DIRECTION('',(-0.173198345254,-0.984527426983,2.660974856573E-02
    ));
#6921 = PLANE('',#6922);
#6922 = AXIS2_PLACEMENT_3D('',#6923,#6924,#6925);
#6923 = CARTESIAN_POINT('',(-3.847145576103,0.810404883619,
    -29.58622056508));
#6924 = DIRECTION('',(-0.151848481891,-1.290322711955E-06,-0.98840378315
    ));
#6925 = DIRECTION('',(0.,-0.999999999999,1.305461122258E-06));
#6926 = ADVANCED_FACE('',(#6927),#6938,.T.);
#6927 = FACE_BOUND('',#6928,.T.);
#6928 = EDGE_LOOP('',(#6929,#6930,#6931,#6937));
#6929 = ORIENTED_EDGE('',*,*,#6389,.F.);
#6930 = ORIENTED_EDGE('',*,*,#6859,.F.);
#6931 = ORIENTED_EDGE('',*,*,#6932,.F.);
#6932 = EDGE_CURVE('',#5855,#6860,#6933,.T.);
#6933 = LINE('',#6934,#6935);
#6934 = CARTESIAN_POINT('',(8.930584129834,10.000049483794,
    -28.49919298297));
#6935 = VECTOR('',#6936,1.);
#6936 = DIRECTION('',(0.,-0.999999999999,1.355652289314E-06));
#6937 = ORIENTED_EDGE('',*,*,#6630,.T.);
#6938 = PLANE('',#6939);
#6939 = AXIS2_PLACEMENT_3D('',#6940,#6941,#6942);
#6940 = CARTESIAN_POINT('',(10.349453129834,1.499987387831,
    -27.97419011526));
#6941 = DIRECTION('',(0.347014587965,-1.271411686488E-06,-0.937859731376
    ));
#6942 = DIRECTION('',(0.,-0.999999999999,1.355652283486E-06));
#6943 = ADVANCED_FACE('',(#6944),#6949,.T.);
#6944 = FACE_BOUND('',#6945,.T.);
#6945 = EDGE_LOOP('',(#6946,#6947,#6948));
#6946 = ORIENTED_EDGE('',*,*,#6652,.T.);
#6947 = ORIENTED_EDGE('',*,*,#6397,.F.);
#6948 = ORIENTED_EDGE('',*,*,#6624,.T.);
#6949 = PLANE('',#6950);
#6950 = AXIS2_PLACEMENT_3D('',#6951,#6952,#6953);
#6951 = CARTESIAN_POINT('',(13.746058327378,2.189614486389,
    -26.47997895663));
#6952 = DIRECTION('',(0.440062992014,-1.172260883975E-06,-0.897966905325
    ));
#6953 = DIRECTION('',(-2.775557561563E-17,-0.999999999999,
    1.305461122203E-06));
#6954 = ADVANCED_FACE('',(#6955),#6965,.T.);
#6955 = FACE_BOUND('',#6956,.T.);
#6956 = EDGE_LOOP('',(#6957,#6958,#6964));
#6957 = ORIENTED_EDGE('',*,*,#6646,.T.);
#6958 = ORIENTED_EDGE('',*,*,#6959,.F.);
#6959 = EDGE_CURVE('',#6413,#5570,#6960,.T.);
#6960 = LINE('',#6961,#6962);
#6961 = CARTESIAN_POINT('',(17.053539129834,-7.00000980894,
    -24.51797467203));
#6962 = VECTOR('',#6963,1.);
#6963 = DIRECTION('',(0.,0.999999999999,-1.355652289314E-06));
#6964 = ORIENTED_EDGE('',*,*,#6412,.T.);
#6965 = PLANE('',#6966);
#6966 = AXIS2_PLACEMENT_3D('',#6967,#6968,#6969);
#6967 = CARTESIAN_POINT('',(16.354777383314,0.810373810634,
    -24.95323163751));
#6968 = DIRECTION('',(0.528705776226,-1.150684660445E-06,-0.848805161497
    ));
#6969 = DIRECTION('',(0.80768367219,0.307483365168,0.503091508398));
#6970 = ADVANCED_FACE('',(#6971),#6981,.T.);
#6971 = FACE_BOUND('',#6972,.T.);
#6972 = EDGE_LOOP('',(#6973,#6974,#6980));
#6973 = ORIENTED_EDGE('',*,*,#6420,.T.);
#6974 = ORIENTED_EDGE('',*,*,#6975,.F.);
#6975 = EDGE_CURVE('',#6562,#6413,#6976,.T.);
#6976 = LINE('',#6977,#6978);
#6977 = CARTESIAN_POINT('',(21.640411129834,-7.000015884051,
    -20.58269146781));
#6978 = VECTOR('',#6979,1.);
#6979 = DIRECTION('',(-0.758955763662,1.00520361479E-06,-0.651142187854)
  );
#6980 = ORIENTED_EDGE('',*,*,#6561,.F.);
#6981 = PLANE('',#6982);
#6982 = AXIS2_PLACEMENT_3D('',#6983,#6984,#6985);
#6983 = CARTESIAN_POINT('',(20.386927688194,-7.000038033183,
    -21.45693968186));
#6984 = DIRECTION('',(1.002161901279E-04,-0.999999987975,
    -1.183533491583E-04));
#6985 = DIRECTION('',(0.,1.183533497526E-04,-0.999999992996));
#6986 = ADVANCED_FACE('',(#6987),#6997,.T.);
#6987 = FACE_BOUND('',#6988,.T.);
#6988 = EDGE_LOOP('',(#6989,#6990,#6996));
#6989 = ORIENTED_EDGE('',*,*,#6501,.T.);
#6990 = ORIENTED_EDGE('',*,*,#6991,.F.);
#6991 = EDGE_CURVE('',#4515,#6494,#6992,.T.);
#6992 = LINE('',#6993,#6994);
#6993 = CARTESIAN_POINT('',(28.004070129834,10.000111644032,
    -10.37923286093));
#6994 = VECTOR('',#6995,1.);
#6995 = DIRECTION('',(-6.914265967711E-02,-0.984527666808,
    -0.161011073847));
#6996 = ORIENTED_EDGE('',*,*,#6450,.T.);
#6997 = PLANE('',#6998);
#6998 = AXIS2_PLACEMENT_3D('',#6999,#7000,#7001);
#6999 = CARTESIAN_POINT('',(27.67924186105,0.81045442757,-11.13564773737
    ));
#7000 = DIRECTION('',(0.918860965946,-5.151107556334E-07,-0.394581455798
    ));
#7001 = DIRECTION('',(-0.344040517999,-0.489662692964,-0.801165756316));
#7002 = ADVANCED_FACE('',(#7003),#7013,.T.);
#7003 = FACE_BOUND('',#7004,.T.);
#7004 = EDGE_LOOP('',(#7005,#7011,#7012));
#7005 = ORIENTED_EDGE('',*,*,#7006,.F.);
#7006 = EDGE_CURVE('',#6033,#6539,#7007,.T.);
#7007 = LINE('',#7008,#7009);
#7008 = CARTESIAN_POINT('',(25.341103129834,-6.999969153635,
    -15.80464687513));
#7009 = VECTOR('',#7010,1.);
#7010 = DIRECTION('',(0.,0.999999999981,6.129415169198E-06));
#7011 = ORIENTED_EDGE('',*,*,#6471,.F.);
#7012 = ORIENTED_EDGE('',*,*,#6538,.T.);
#7013 = PLANE('',#7014);
#7014 = AXIS2_PLACEMENT_3D('',#7015,#7016,#7017);
#7015 = CARTESIAN_POINT('',(24.870639520823,2.189625187511,
    -16.4801368436));
#7016 = DIRECTION('',(0.820609909097,3.502891736618E-06,-0.571488737492)
  );
#7017 = DIRECTION('',(-0.510837211106,-0.448319750056,-0.733522150627));
#7018 = ADVANCED_FACE('',(#7019),#7036,.T.);
#7019 = FACE_BOUND('',#7020,.T.);
#7020 = EDGE_LOOP('',(#7021,#7029,#7030));
#7021 = ORIENTED_EDGE('',*,*,#7022,.T.);
#7022 = EDGE_CURVE('',#7023,#6494,#7025,.T.);
#7023 = VERTEX_POINT('',#7024);
#7024 = CARTESIAN_POINT('',(26.810173129834,9.999921489652,
    -13.15943587671));
#7025 = LINE('',#7026,#7027);
#7026 = CARTESIAN_POINT('',(26.810173129834,9.999921489653,
    -13.15943587671));
#7027 = VECTOR('',#7028,1.);
#7028 = DIRECTION('',(0.,-1.,-6.023374077291E-09));
#7029 = ORIENTED_EDGE('',*,*,#6493,.T.);
#7030 = ORIENTED_EDGE('',*,*,#7031,.T.);
#7031 = EDGE_CURVE('',#6033,#7023,#7032,.T.);
#7032 = LINE('',#7033,#7034);
#7033 = CARTESIAN_POINT('',(25.341103129834,-6.999969153635,
    -15.80464687513));
#7034 = VECTOR('',#7035,1.);
#7035 = DIRECTION('',(8.507930339565E-02,0.984526846054,0.15319399966));
#7036 = PLANE('',#7037);
#7037 = AXIS2_PLACEMENT_3D('',#7038,#7039,#7040);
#7038 = CARTESIAN_POINT('',(26.410474936243,0.810349019019,
    -13.8791334392));
#7039 = DIRECTION('',(0.874226242021,2.924461256493E-09,-0.485518771791)
  );
#7040 = DIRECTION('',(-0.428223997212,-0.471263119782,-0.771061139044));
#7041 = ADVANCED_FACE('',(#7042),#7052,.T.);
#7042 = FACE_BOUND('',#7043,.T.);
#7043 = EDGE_LOOP('',(#7044,#7050,#7051));
#7044 = ORIENTED_EDGE('',*,*,#7045,.F.);
#7045 = EDGE_CURVE('',#6517,#6742,#7046,.T.);
#7046 = LINE('',#7047,#7048);
#7047 = CARTESIAN_POINT('',(-17.07274687016,-6.999922603699,
    -24.50472358923));
#7048 = VECTOR('',#7049,1.);
#7049 = DIRECTION('',(0.,0.999999999981,6.179606735268E-06));
#7050 = ORIENTED_EDGE('',*,*,#6516,.T.);
#7051 = ORIENTED_EDGE('',*,*,#6741,.F.);
#7052 = PLANE('',#7053);
#7053 = AXIS2_PLACEMENT_3D('',#7054,#7055,#7056);
#7054 = CARTESIAN_POINT('',(-17.72349284624,2.189680175307,
    -24.00046360885));
#7055 = DIRECTION('',(-0.612476842486,4.884908249458E-06,-0.790488530843
    ));
#7056 = DIRECTION('',(0.740317130482,-0.350580839954,-0.573605806257));
#7057 = ADVANCED_FACE('',(#7058),#7073,.T.);
#7058 = FACE_BOUND('',#7059,.T.);
#7059 = EDGE_LOOP('',(#7060,#7061,#7067));
#7060 = ORIENTED_EDGE('',*,*,#6547,.T.);
#7061 = ORIENTED_EDGE('',*,*,#7062,.F.);
#7062 = EDGE_CURVE('',#7023,#4515,#7063,.T.);
#7063 = LINE('',#7064,#7065);
#7064 = CARTESIAN_POINT('',(26.810173129834,9.999921489653,
    -13.15943587671));
#7065 = VECTOR('',#7066,1.);
#7066 = DIRECTION('',(0.394584126615,6.284620820168E-05,0.918859816878)
  );
#7067 = ORIENTED_EDGE('',*,*,#7068,.F.);
#7068 = EDGE_CURVE('',#6539,#7023,#7069,.T.);
#7069 = LINE('',#7070,#7071);
#7070 = CARTESIAN_POINT('',(25.341103129834,9.999895829469,
    -15.8045426759));
#7071 = VECTOR('',#7072,1.);
#7072 = DIRECTION('',(0.48553337477,8.480791123755E-06,0.874218131769));
#7073 = PLANE('',#7074);
#7074 = AXIS2_PLACEMENT_3D('',#7075,#7076,#7077);
#7075 = CARTESIAN_POINT('',(26.7070068258,9.999983161888,-13.1087826365)
  );
#7076 = DIRECTION('',(4.659668737549E-04,0.999999855393,
    -2.684950701845E-04));
#7077 = DIRECTION('',(2.710505431214E-20,2.68495099333E-04,
    0.999999963955));
#7078 = ADVANCED_FACE('',(#7079),#7089,.T.);
#7079 = FACE_BOUND('',#7080,.T.);
#7080 = EDGE_LOOP('',(#7081,#7082,#7083));
#7081 = ORIENTED_EDGE('',*,*,#6609,.T.);
#7082 = ORIENTED_EDGE('',*,*,#6569,.T.);
#7083 = ORIENTED_EDGE('',*,*,#7084,.T.);
#7084 = EDGE_CURVE('',#6562,#6586,#7085,.T.);
#7085 = LINE('',#7086,#7087);
#7086 = CARTESIAN_POINT('',(21.640411129834,-7.000015884051,
    -20.58269146781));
#7087 = VECTOR('',#7088,1.);
#7088 = DIRECTION('',(-0.724978981451,2.835749031199E-05,-0.688770989263
    ));
#7089 = PLANE('',#7090);
#7090 = AXIS2_PLACEMENT_3D('',#7091,#7092,#7093);
#7091 = CARTESIAN_POINT('',(21.04357956549,0.810388971827,
    -21.14972575944));
#7092 = DIRECTION('',(0.68877098952,-9.828194263428E-07,-0.724978981761)
  );
#7093 = DIRECTION('',(-0.668186712482,-0.38799090423,-0.63481459931));
#7094 = ADVANCED_FACE('',(#7095),#7105,.T.);
#7095 = FACE_BOUND('',#7096,.T.);
#7096 = EDGE_LOOP('',(#7097,#7103,#7104));
#7097 = ORIENTED_EDGE('',*,*,#7098,.F.);
#7098 = EDGE_CURVE('',#6413,#6586,#7099,.T.);
#7099 = LINE('',#7100,#7101);
#7100 = CARTESIAN_POINT('',(17.053539129834,-7.00000980894,
    -24.51797467203));
#7101 = VECTOR('',#7102,1.);
#7102 = DIRECTION('',(0.790983203354,2.635093446929E-05,0.611837863586)
  );
#7103 = ORIENTED_EDGE('',*,*,#6959,.T.);
#7104 = ORIENTED_EDGE('',*,*,#6593,.T.);
#7105 = PLANE('',#7106);
#7106 = AXIS2_PLACEMENT_3D('',#7107,#7108,#7109);
#7107 = CARTESIAN_POINT('',(17.704675578691,0.810422511269,
    -24.01432104577));
#7108 = DIRECTION('',(0.61183786382,-1.072298190852E-06,-0.790983203611)
  );
#7109 = DIRECTION('',(0.740876903394,0.350259096553,0.57307938307));
#7110 = ADVANCED_FACE('',(#7111),#7128,.T.);
#7111 = FACE_BOUND('',#7112,.T.);
#7112 = EDGE_LOOP('',(#7113,#7121,#7127));
#7113 = ORIENTED_EDGE('',*,*,#7114,.T.);
#7114 = EDGE_CURVE('',#5855,#7115,#7117,.T.);
#7115 = VERTEX_POINT('',#7116);
#7116 = CARTESIAN_POINT('',(6.001186129834,-6.999920794302,
    -29.25647387824));
#7117 = LINE('',#7118,#7119);
#7118 = CARTESIAN_POINT('',(8.930584129834,10.000049483794,
    -28.49919298297));
#7119 = VECTOR('',#7120,1.);
#7120 = DIRECTION('',(-0.169651685891,-0.984527748626,
    -4.385678578807E-02));
#7121 = ORIENTED_EDGE('',*,*,#7122,.F.);
#7122 = EDGE_CURVE('',#6667,#7115,#7123,.T.);
#7123 = LINE('',#7124,#7125);
#7124 = CARTESIAN_POINT('',(6.001186129834,9.999880566093,
    -29.25647377584));
#7125 = VECTOR('',#7126,1.);
#7126 = DIRECTION('',(0.,-1.,-6.023399445887E-09));
#7127 = ORIENTED_EDGE('',*,*,#6666,.T.);
#7128 = PLANE('',#7129);
#7129 = AXIS2_PLACEMENT_3D('',#7130,#7131,#7132);
#7130 = CARTESIAN_POINT('',(6.798203833945,2.189656203225,
    -29.05043620051));
#7131 = DIRECTION('',(0.250283027846,5.831690907954E-09,-0.968172714949)
  );
#7132 = DIRECTION('',(1.387778780781E-17,-1.,-6.023399390376E-09));
#7133 = ADVANCED_FACE('',(#7134),#7144,.T.);
#7134 = FACE_BOUND('',#7135,.T.);
#7135 = EDGE_LOOP('',(#7136,#7142,#7143));
#7136 = ORIENTED_EDGE('',*,*,#7137,.T.);
#7137 = EDGE_CURVE('',#7115,#6201,#7138,.T.);
#7138 = LINE('',#7139,#7140);
#7139 = CARTESIAN_POINT('',(6.001186129834,-6.999920794301,
    -29.25647387824));
#7140 = VECTOR('',#7141,1.);
#7141 = DIRECTION('',(-0.173218699271,0.984527605801,-2.647027841477E-02
    ));
#7142 = ORIENTED_EDGE('',*,*,#6674,.T.);
#7143 = ORIENTED_EDGE('',*,*,#7122,.T.);
#7144 = PLANE('',#7145);
#7145 = AXIS2_PLACEMENT_3D('',#7146,#7147,#7148);
#7146 = CARTESIAN_POINT('',(5.187408522219,2.189666552507,
    -29.38083063169));
#7147 = DIRECTION('',(0.151060622912,5.954277793041E-09,-0.988524500559)
  );
#7148 = DIRECTION('',(-1.387778780781E-17,-1.,-6.023399390376E-09));
#7149 = ADVANCED_FACE('',(#7150),#7160,.T.);
#7150 = FACE_BOUND('',#7151,.T.);
#7151 = EDGE_LOOP('',(#7152,#7153,#7154));
#7152 = ORIENTED_EDGE('',*,*,#6704,.T.);
#7153 = ORIENTED_EDGE('',*,*,#7137,.F.);
#7154 = ORIENTED_EDGE('',*,*,#7155,.T.);
#7155 = EDGE_CURVE('',#7115,#6343,#7156,.T.);
#7156 = LINE('',#7157,#7158);
#7157 = CARTESIAN_POINT('',(6.001186129834,-6.999920794301,
    -29.25647387824));
#7158 = VECTOR('',#7159,1.);
#7159 = DIRECTION('',(-0.98852560054,-2.577170361648E-05,-0.151053422384
    ));
#7160 = PLANE('',#7161);
#7161 = AXIS2_PLACEMENT_3D('',#7162,#7163,#7164);
#7162 = CARTESIAN_POINT('',(3.823962733044,0.81042020156,-29.58917858955
    ));
#7163 = DIRECTION('',(0.151053422466,-1.290481754068E-06,-0.988525600862
    ));
#7164 = DIRECTION('',(0.,-0.999999999999,1.305461136192E-06));
#7165 = ADVANCED_FACE('',(#7166),#7181,.T.);
#7166 = FACE_BOUND('',#7167,.T.);
#7167 = EDGE_LOOP('',(#7168,#7174,#7175));
#7168 = ORIENTED_EDGE('',*,*,#7169,.T.);
#7169 = EDGE_CURVE('',#6821,#6224,#7170,.T.);
#7170 = LINE('',#7171,#7172);
#7171 = CARTESIAN_POINT('',(-11.78982487016,-6.999959008191,
    -27.4401024097));
#7172 = VECTOR('',#7173,1.);
#7173 = DIRECTION('',(-0.15728826114,0.984526663102,7.725058283483E-02)
  );
#7174 = ORIENTED_EDGE('',*,*,#6718,.F.);
#7175 = ORIENTED_EDGE('',*,*,#7176,.F.);
#7176 = EDGE_CURVE('',#6821,#6719,#7177,.T.);
#7177 = LINE('',#7178,#7179);
#7178 = CARTESIAN_POINT('',(-11.78982487016,-6.999959008191,
    -27.4401024097));
#7179 = VECTOR('',#7180,1.);
#7180 = DIRECTION('',(0.,0.999999999981,6.179606735268E-06));
#7181 = PLANE('',#7182);
#7182 = AXIS2_PLACEMENT_3D('',#7183,#7184,#7185);
#7183 = CARTESIAN_POINT('',(-12.52875454518,2.189619248862,
    -27.07715615994));
#7184 = DIRECTION('',(-0.440812343477,5.546810591783E-06,-0.897599285766
    ));
#7185 = DIRECTION('',(0.,-0.999999999981,-6.179606735157E-06));
#7186 = ADVANCED_FACE('',(#7187),#7197,.T.);
#7187 = FACE_BOUND('',#7188,.T.);
#7188 = EDGE_LOOP('',(#7189,#7190,#7191));
#7189 = ORIENTED_EDGE('',*,*,#7176,.T.);
#7190 = ORIENTED_EDGE('',*,*,#6727,.F.);
#7191 = ORIENTED_EDGE('',*,*,#7192,.F.);
#7192 = EDGE_CURVE('',#6821,#5878,#7193,.T.);
#7193 = LINE('',#7194,#7195);
#7194 = CARTESIAN_POINT('',(-11.78982487016,-6.999959008191,
    -27.4401024097));
#7195 = VECTOR('',#7196,1.);
#7196 = DIRECTION('',(0.164295162812,0.984527662271,-6.092931725011E-02)
  );
#7197 = PLANE('',#7198);
#7198 = AXIS2_PLACEMENT_3D('',#7199,#7200,#7201);
#7199 = CARTESIAN_POINT('',(-11.01797018008,2.189653110172,
    -27.72631865863));
#7200 = DIRECTION('',(-0.347742590575,5.793937751297E-06,-0.937590044031
    ));
#7201 = DIRECTION('',(0.,-0.999999999981,-6.179606735435E-06));
#7202 = ADVANCED_FACE('',(#7203),#7213,.T.);
#7203 = FACE_BOUND('',#7204,.T.);
#7204 = EDGE_LOOP('',(#7205,#7206,#7212));
#7205 = ORIENTED_EDGE('',*,*,#6750,.F.);
#7206 = ORIENTED_EDGE('',*,*,#7207,.T.);
#7207 = EDGE_CURVE('',#6224,#6517,#7208,.T.);
#7208 = LINE('',#7209,#7210);
#7209 = CARTESIAN_POINT('',(-14.50572987016,9.999916682259,
    -26.1062123746));
#7210 = VECTOR('',#7211,1.);
#7211 = DIRECTION('',(-0.148666170602,-0.984528348467,9.274858911419E-02
    ));
#7212 = ORIENTED_EDGE('',*,*,#7045,.T.);
#7213 = PLANE('',#7214);
#7214 = AXIS2_PLACEMENT_3D('',#7215,#7216,#7217);
#7215 = CARTESIAN_POINT('',(-16.37432808106,2.189631638674,
    -24.94041897163));
#7216 = DIRECTION('',(-0.529335262773,5.242857090137E-06,-0.848412741275
    ));
#7217 = DIRECTION('',(0.8072180523,-0.307815715422,-0.503635286076));
#7218 = ADVANCED_FACE('',(#7219),#7229,.T.);
#7219 = FACE_BOUND('',#7220,.T.);
#7220 = EDGE_LOOP('',(#7221,#7222,#7228));
#7221 = ORIENTED_EDGE('',*,*,#6916,.T.);
#7222 = ORIENTED_EDGE('',*,*,#7223,.F.);
#7223 = EDGE_CURVE('',#6765,#6367,#7224,.T.);
#7224 = LINE('',#7225,#7226);
#7225 = CARTESIAN_POINT('',(-6.024108870166,9.999897515313,
    -29.25176337663));
#7226 = VECTOR('',#7227,1.);
#7227 = DIRECTION('',(0.,-1.,-6.023399445887E-09));
#7228 = ORIENTED_EDGE('',*,*,#6764,.F.);
#7229 = PLANE('',#7230);
#7230 = AXIS2_PLACEMENT_3D('',#7231,#7232,#7233);
#7231 = CARTESIAN_POINT('',(-5.210429160283,2.189675485726,
    -29.37677511063));
#7232 = DIRECTION('',(-0.151855680519,5.953543991133E-09,-0.988402677199
    ));
#7233 = DIRECTION('',(0.,-1.,-6.023399279353E-09));
#7234 = ADVANCED_FACE('',(#7235),#7240,.T.);
#7235 = FACE_BOUND('',#7236,.T.);
#7236 = EDGE_LOOP('',(#7237,#7238,#7239));
#7237 = ORIENTED_EDGE('',*,*,#6900,.T.);
#7238 = ORIENTED_EDGE('',*,*,#6772,.T.);
#7239 = ORIENTED_EDGE('',*,*,#7223,.T.);
#7240 = PLANE('',#7241);
#7241 = AXIS2_PLACEMENT_3D('',#7242,#7243,#7244);
#7242 = CARTESIAN_POINT('',(-6.820964624025,2.189668063987,
    -29.0450991673));
#7243 = DIRECTION('',(-0.25104413813,5.830504024029E-09,-0.967975640556)
  );
#7244 = DIRECTION('',(-6.938893903907E-17,-1.,-6.023399501398E-09));
#7245 = ADVANCED_FACE('',(#7246),#7256,.T.);
#7246 = FACE_BOUND('',#7247,.T.);
#7247 = EDGE_LOOP('',(#7248,#7254,#7255));
#7248 = ORIENTED_EDGE('',*,*,#7249,.F.);
#7249 = EDGE_CURVE('',#6224,#6309,#7250,.T.);
#7250 = LINE('',#7251,#7252);
#7251 = CARTESIAN_POINT('',(-14.50572987016,9.999916682259,
    -26.1062123746));
#7252 = VECTOR('',#7253,1.);
#7253 = DIRECTION('',(0.,-0.999999999981,-6.129415183187E-06));
#7254 = ORIENTED_EDGE('',*,*,#7169,.F.);
#7255 = ORIENTED_EDGE('',*,*,#6820,.T.);
#7256 = PLANE('',#7257);
#7257 = AXIS2_PLACEMENT_3D('',#7258,#7259,#7260);
#7258 = CARTESIAN_POINT('',(-13.76680017856,0.810338476807,
    -26.46915840341));
#7259 = DIRECTION('',(-0.440812570677,5.501758006732E-06,-0.897599174188
    ));
#7260 = DIRECTION('',(0.,-0.999999999981,-6.129415183187E-06));
#7261 = ADVANCED_FACE('',(#7262),#7267,.T.);
#7262 = FACE_BOUND('',#7263,.T.);
#7263 = EDGE_LOOP('',(#7264,#7265,#7266));
#7264 = ORIENTED_EDGE('',*,*,#7192,.T.);
#7265 = ORIENTED_EDGE('',*,*,#6894,.F.);
#7266 = ORIENTED_EDGE('',*,*,#6828,.T.);
#7267 = PLANE('',#7268);
#7268 = AXIS2_PLACEMENT_3D('',#7269,#7270,#7271);
#7269 = CARTESIAN_POINT('',(-9.724762484054,0.810389571443,
    -28.20593057003));
#7270 = DIRECTION('',(-0.347705620757,-1.224005260814E-06,
    -0.937603754948));
#7271 = DIRECTION('',(0.,-0.999999999999,1.305461133638E-06));
#7272 = ADVANCED_FACE('',(#7273),#7278,.T.);
#7273 = FACE_BOUND('',#7274,.T.);
#7274 = EDGE_LOOP('',(#7275,#7276,#7277));
#7275 = ORIENTED_EDGE('',*,*,#6845,.F.);
#7276 = ORIENTED_EDGE('',*,*,#7207,.F.);
#7277 = ORIENTED_EDGE('',*,*,#7249,.T.);
#7278 = PLANE('',#7279);
#7279 = AXIS2_PLACEMENT_3D('',#7280,#7281,#7282);
#7280 = CARTESIAN_POINT('',(-15.20414866195,0.810362664852,
    -25.67051676144));
#7281 = DIRECTION('',(-0.529335059786,5.200274714234E-06,-0.848412867921
    ));
#7282 = DIRECTION('',(0.807218210754,-0.307815602414,-0.503635101177));
#7283 = ADVANCED_FACE('',(#7284),#7294,.T.);
#7284 = FACE_BOUND('',#7285,.T.);
#7285 = EDGE_LOOP('',(#7286,#7287,#7288));
#7286 = ORIENTED_EDGE('',*,*,#6868,.F.);
#7287 = ORIENTED_EDGE('',*,*,#7155,.F.);
#7288 = ORIENTED_EDGE('',*,*,#7289,.T.);
#7289 = EDGE_CURVE('',#7115,#6860,#7290,.T.);
#7290 = LINE('',#7291,#7292);
#7291 = CARTESIAN_POINT('',(6.001186129834,-6.999920794301,
    -29.25647387824));
#7292 = VECTOR('',#7293,1.);
#7293 = DIRECTION('',(0.96817086048,-3.400818222607E-05,0.250290199092)
  );
#7294 = PLANE('',#7295);
#7295 = AXIS2_PLACEMENT_3D('',#7296,#7297,#7298);
#7296 = CARTESIAN_POINT('',(5.978091012363,-6.99998860845,
    -29.14390087528));
#7297 = DIRECTION('',(1.145313873446E-04,-0.999999825876,
    -5.789045223E-04));
#7298 = DIRECTION('',(0.,5.789045260968E-04,-0.999999832435));
#7299 = ADVANCED_FACE('',(#7300),#7305,.T.);
#7300 = FACE_BOUND('',#7301,.T.);
#7301 = EDGE_LOOP('',(#7302,#7303,#7304));
#7302 = ORIENTED_EDGE('',*,*,#7289,.F.);
#7303 = ORIENTED_EDGE('',*,*,#7114,.F.);
#7304 = ORIENTED_EDGE('',*,*,#6932,.T.);
#7305 = PLANE('',#7306);
#7306 = AXIS2_PLACEMENT_3D('',#7307,#7308,#7309);
#7307 = CARTESIAN_POINT('',(8.133572131261,0.810403319505,
    -28.70522297052));
#7308 = DIRECTION('',(0.250290199193,-1.312503044082E-06,-0.96817086105)
  );
#7309 = DIRECTION('',(-1.387778780781E-17,-0.999999999999,
    1.355652289148E-06));
#7310 = ADVANCED_FACE('',(#7311),#7316,.T.);
#7311 = FACE_BOUND('',#7312,.T.);
#7312 = EDGE_LOOP('',(#7313,#7314,#7315));
#7313 = ORIENTED_EDGE('',*,*,#7084,.F.);
#7314 = ORIENTED_EDGE('',*,*,#6975,.T.);
#7315 = ORIENTED_EDGE('',*,*,#7098,.T.);
#7316 = PLANE('',#7317);
#7317 = AXIS2_PLACEMENT_3D('',#7318,#7319,#7320);
#7318 = CARTESIAN_POINT('',(19.371954966494,-6.999992141645,
    -22.57944903944));
#7319 = DIRECTION('',(3.506627835537E-04,-0.999999854358,
    -4.102679094234E-04));
#7320 = DIRECTION('',(-2.710505431214E-20,4.102679346475E-04,
    -0.99999991584));
#7321 = ADVANCED_FACE('',(#7322),#7327,.T.);
#7322 = FACE_BOUND('',#7323,.T.);
#7323 = EDGE_LOOP('',(#7324,#7325,#7326));
#7324 = ORIENTED_EDGE('',*,*,#6991,.T.);
#7325 = ORIENTED_EDGE('',*,*,#7022,.F.);
#7326 = ORIENTED_EDGE('',*,*,#7062,.T.);
#7327 = PLANE('',#7328);
#7328 = AXIS2_PLACEMENT_3D('',#7329,#7330,#7331);
#7329 = CARTESIAN_POINT('',(27.135003621298,2.189704971958,
    -12.40300994062));
#7330 = DIRECTION('',(0.918859818693,2.376727509246E-09,-0.394584127394)
  );
#7331 = DIRECTION('',(-0.344042707262,-0.489662274636,-0.801165071866));
#7332 = ADVANCED_FACE('',(#7333),#7338,.T.);
#7333 = FACE_BOUND('',#7334,.T.);
#7334 = EDGE_LOOP('',(#7335,#7336,#7337));
#7335 = ORIENTED_EDGE('',*,*,#7068,.T.);
#7336 = ORIENTED_EDGE('',*,*,#7031,.F.);
#7337 = ORIENTED_EDGE('',*,*,#7006,.T.);
#7338 = PLANE('',#7339);
#7339 = AXIS2_PLACEMENT_3D('',#7340,#7341,#7342);
#7340 = CARTESIAN_POINT('',(25.740799824421,2.189600163214,
    -15.08492406257));
#7341 = DIRECTION('',(0.874218131784,2.976035632929E-06,-0.485533374807)
  );
#7342 = DIRECTION('',(-0.42823645049,-0.471260042243,-0.771056103702));
#7343 = ADVANCED_FACE('',(#7344),#7350,.T.);
#7344 = FACE_BOUND('',#7345,.T.);
#7345 = EDGE_LOOP('',(#7346,#7347,#7348,#7349));
#7346 = ORIENTED_EDGE('',*,*,#5388,.F.);
#7347 = ORIENTED_EDGE('',*,*,#2927,.F.);
#7348 = ORIENTED_EDGE('',*,*,#6292,.F.);
#7349 = ORIENTED_EDGE('',*,*,#5948,.F.);
#7350 = PLANE('',#7351);
#7351 = AXIS2_PLACEMENT_3D('',#7352,#7353,#7354);
#7352 = CARTESIAN_POINT('',(29.673626131831,1.49997092886,
    -3.023774488102));
#7353 = DIRECTION('',(0.994848252272,-1.348856087866E-07,-0.101375317265
    ));
#7354 = DIRECTION('',(-8.661996938469E-02,-0.519537530949,
    -0.850045725146));
#7355 = MANIFOLD_SOLID_BREP('',#7356);
#7356 = CLOSED_SHELL('',(#7357,#7390,#7399));
#7357 = ADVANCED_FACE('',(#7358),#7385,.T.);
#7358 = FACE_BOUND('',#7359,.T.);
#7359 = EDGE_LOOP('',(#7360,#7369,#7377,#7384));
#7360 = ORIENTED_EDGE('',*,*,#7361,.F.);
#7361 = EDGE_CURVE('',#7362,#7362,#7364,.T.);
#7362 = VERTEX_POINT('',#7363);
#7363 = CARTESIAN_POINT('',(-22.99999985296,73.53185971167,
    73.339451567428));
#7364 = CIRCLE('',#7365,48.25);
#7365 = AXIS2_PLACEMENT_3D('',#7366,#7367,#7368);
#7366 = CARTESIAN_POINT('',(-22.99999985296,32.000020925677,
    97.898948041384));
#7367 = DIRECTION('',(-1.,-2.303918280637E-16,-3.350797418027E-16));
#7368 = DIRECTION('',(-2.775557561563E-17,0.860763498155,-0.509005108269
    ));
#7369 = ORIENTED_EDGE('',*,*,#7370,.F.);
#7370 = EDGE_CURVE('',#7371,#7362,#7373,.T.);
#7371 = VERTEX_POINT('',#7372);
#7372 = CARTESIAN_POINT('',(12.700000147038,73.53185971167,
    73.339451567428));
#7373 = LINE('',#7374,#7375);
#7374 = CARTESIAN_POINT('',(12.700000147038,73.53185971167,
    73.339451567428));
#7375 = VECTOR('',#7376,1.);
#7376 = DIRECTION('',(-1.,-2.215651942468E-16,-3.355274372452E-16));
#7377 = ORIENTED_EDGE('',*,*,#7378,.T.);
#7378 = EDGE_CURVE('',#7371,#7371,#7379,.T.);
#7379 = CIRCLE('',#7380,48.25);
#7380 = AXIS2_PLACEMENT_3D('',#7381,#7382,#7383);
#7381 = CARTESIAN_POINT('',(12.700000147038,32.000020925677,
    97.898948041384));
#7382 = DIRECTION('',(-1.,-2.303918280637E-16,-3.350797418027E-16));
#7383 = DIRECTION('',(-2.775557561563E-17,0.860763498155,-0.509005108269
    ));
#7384 = ORIENTED_EDGE('',*,*,#7370,.T.);
#7385 = CYLINDRICAL_SURFACE('',#7386,48.25);
#7386 = AXIS2_PLACEMENT_3D('',#7387,#7388,#7389);
#7387 = CARTESIAN_POINT('',(12.700000147038,32.000020925677,
    97.898948041384));
#7388 = DIRECTION('',(-1.,-2.215651942468E-16,-3.355274372452E-16));
#7389 = DIRECTION('',(-2.775557561563E-17,0.860763498155,-0.509005108269
    ));
#7390 = ADVANCED_FACE('',(#7391),#7394,.T.);
#7391 = FACE_BOUND('',#7392,.T.);
#7392 = EDGE_LOOP('',(#7393));
#7393 = ORIENTED_EDGE('',*,*,#7361,.T.);
#7394 = PLANE('',#7395);
#7395 = AXIS2_PLACEMENT_3D('',#7396,#7397,#7398);
#7396 = CARTESIAN_POINT('',(-22.99999985296,32.000020925677,
    97.898948041384));
#7397 = DIRECTION('',(-1.,-2.215651942468E-16,-3.355274372452E-16));
#7398 = DIRECTION('',(-2.775557561563E-17,0.860763498155,-0.509005108269
    ));
#7399 = ADVANCED_FACE('',(#7400),#7403,.F.);
#7400 = FACE_BOUND('',#7401,.T.);
#7401 = EDGE_LOOP('',(#7402));
#7402 = ORIENTED_EDGE('',*,*,#7378,.F.);
#7403 = PLANE('',#7404);
#7404 = AXIS2_PLACEMENT_3D('',#7405,#7406,#7407);
#7405 = CARTESIAN_POINT('',(12.700000147038,32.000020925677,
    97.898948041384));
#7406 = DIRECTION('',(-1.,-2.215651942468E-16,-3.355274372452E-16));
#7407 = DIRECTION('',(-2.775557561563E-17,0.860763498155,-0.509005108269
    ));
#7408 = ( GEOMETRIC_REPRESENTATION_CONTEXT(3) 
GLOBAL_UNCERTAINTY_ASSIGNED_CONTEXT((#7412)) 
GLOBAL_UNIT_ASSIGNED_CONTEXT((#7409,#7410,#7411)) REPRESENTATION_CONTEXT
('Context #1','3D Context with UNIT and UNCERTAINTY') );
#7409 = ( LENGTH_UNIT() NAMED_UNIT(*) SI_UNIT(.MILLI.,.METRE.) );
#7410 = ( NAMED_UNIT(*) PLANE_ANGLE_UNIT() SI_UNIT($,.RADIAN.) );
#7411 = ( NAMED_UNIT(*) SI_UNIT($,.STERADIAN.) SOLID_ANGLE_UNIT() );
#7412 = UNCERTAINTY_MEASURE_WITH_UNIT(LENGTH_MEASURE(5.E-04),#7409,
  'distance_accuracy_value','confusion accuracy');
#7413 = PRODUCT_RELATED_PRODUCT_CATEGORY('part',$,(#7));
ENDSEC;
END-ISO-10303-21;
