tick,timestamp_s,phase,a_mode,b_mode,a_q_cmd,b_q_cmd,a_dq_cmd,b_dq_cmd,a_raw,b_raw,qA_logical_rad,qB_logical_rad,qJ2_logical_rad,q_ref_rad,e_common_rad,e_sync_rad,a_dq_feedback,b_dq_feedback,a_tau,b_tau,a_temp,b_temp,a_merror,b_merror,a_valid,b_valid,cycle_period_ms,cycle_jitter_ms
0,6.8800000000000002e-07,SESSION_BRAKE_CAPTURE,0,0,0,0,0,0,5.4675040245056152,2.3970422744750977,nan,nan,nan,nan,nan,nan,-0.14726249873638153,-0.098174996674060822,0,0,34,34,0,0,1,1,nan,nan
1,0.010258764,SESSION_BRAKE_CAPTURE,0,0,0,0,0,0,5.4675040245056152,2.3972339630126953,nan,nan,nan,nan,nan,nan,-0.024543749168515205,0.26998123526573181,0,0,34,34,0,0,1,1,10.258075999999999,0.25807599999999908
2,0.020205799,SESSION_BRAKE_CAPTURE,0,0,0,0,0,0,5.4675040245056152,2.3970422744750977,nan,nan,nan,nan,nan,nan,0,0,0,0,34,34,0,0,1,1,9.9470349999999996,0.052965000000000373
3,0.030233481,SESSION_BRAKE_CAPTURE,0,0,0,0,0,0,5.4675040245056152,2.3970422744750977,nan,nan,nan,nan,nan,nan,-0.024543749168515205,-0.098174996674060822,0,0,34,34,0,0,1,1,10.027682,0.027682000000000428
4,0.040236467999999997,SESSION_BRAKE_CAPTURE,0,0,0,0,0,0,5.4675040245056152,2.3968505859375,nan,nan,nan,nan,nan,nan,-0.024543749168515205,-0.46633124351501465,0,0,34,34,0,0,1,1,10.002986999999997,0.0029869999999974084
5,0.050225743000000003,SESSION_BRAKE_CAPTURE,0,0,0,0,0,0,5.4675040245056152,2.3970422744750977,nan,nan,nan,nan,nan,nan,-0.024543749168515205,-0.073631249368190765,0,0,34,34,0,0,1,1,9.9892750000000063,0.010724999999993656
6,0.060198358,SESSION_BRAKE_CAPTURE,0,0,0,0,0,0,5.4675040245056152,2.3970422744750977,nan,nan,nan,nan,nan,nan,-0.049087498337030411,-0.24543750286102295,0,0,34,34,0,0,1,1,9.9726149999999976,0.027385000000002435
7,0.070203213,SESSION_BRAKE_CAPTURE,0,0,0,0,0,0,5.4675040245056152,2.3968505859375,nan,nan,nan,nan,nan,nan,0,-0.39269998669624329,0,0,34,34,0,0,1,1,10.004854999999999,0.0048549999999991655
8,0.080226137000000003,SESSION_BRAKE_CAPTURE,0,0,0,0,0,0,5.4675040245056152,2.3970422744750977,nan,nan,nan,nan,nan,nan,-0.098174996674060822,-0.17180624604225159,0,0,34,34,0,0,1,1,10.022924000000003,0.022924000000003275
9,0.090232083000000005,SESSION_BRAKE_CAPTURE,0,0,0,0,0,0,5.4675040245056152,2.3968505859375,nan,nan,nan,nan,nan,nan,-0.024543749168515205,-0.51541876792907715,0,0,34,34,0,0,1,1,10.005946000000002,0.0059460000000015611
10,0.10022574300000001,SESSION_BRAKE_CAPTURE,0,0,0,0,0,0,5.4675040245056152,2.3970422744750977,nan,nan,nan,nan,nan,nan,0,-0.024543749168515205,0,0,34,34,0,0,1,1,9.993660000000002,0.0063399999999980139
11,0.110211059,SESSION_BRAKE_CAPTURE,0,0,0,0,0,0,5.4675040245056152,2.3970422744750977,nan,nan,nan,nan,nan,nan,-0.024543749168515205,-0.14726249873638153,0,0,34,34,0,0,1,1,9.9853159999999939,0.014684000000006137
12,0.12019635300000001,SESSION_BRAKE_CAPTURE,0,0,0,0,0,0,5.4675040245056152,2.3970422744750977,nan,nan,nan,nan,nan,nan,-0.024543749168515205,-0.098174996674060822,0,0,34,34,0,0,1,1,9.985294000000005,0.014705999999995001
13,0.13019536700000001,SESSION_BRAKE_CAPTURE,0,0,0,0,0,0,5.4675040245056152,2.3970422744750977,nan,nan,nan,nan,nan,nan,-0.39269998669624329,-0.073631249368190765,0,0,34,34,0,0,1,1,9.9990140000000007,0.00098599999999926524
14,0.140227306,SESSION_BRAKE_CAPTURE,0,0,0,0,0,0,5.4675040245056152,2.3970422744750977,nan,nan,nan,nan,nan,nan,0,-0.17180624604225159,0,0,34,34,0,0,1,1,10.031938999999991,0.031938999999990614
15,0.15023188500000001,SESSION_BRAKE_CAPTURE,0,0,0,0,0,0,5.4676957130432129,2.3970422744750977,nan,nan,nan,nan,nan,nan,0.26998123526573181,-0.17180624604225159,0,0,34,34,0,0,1,1,10.004579000000014,0.0045790000000138775
16,0.160226375,SESSION_BRAKE_CAPTURE,0,0,0,0,0,0,5.4675040245056152,2.3970422744750977,nan,nan,nan,nan,nan,nan,-0.073631249368190765,-0.12271875143051147,0,0,34,34,0,0,1,1,9.9944899999999954,0.0055100000000045668
17,0.17018683700000001,SESSION_BRAKE_CAPTURE,0,0,0,0,0,0,5.4675040245056152,2.3970422744750977,nan,nan,nan,nan,nan,nan,0,-0.049087498337030411,0,0,34,34,0,0,1,1,9.9604620000000033,0.039537999999996742
18,0.18023299500000001,SESSION_BRAKE_CAPTURE,0,0,0,0,0,0,5.4675040245056152,2.3970422744750977,nan,nan,nan,nan,nan,nan,-0.12271875143051147,-0.024543749168515205,0,0,34,34,0,0,1,1,10.046158,0.046158000000000143
19,0.190230603,SESSION_BRAKE_CAPTURE,0,0,0,0,0,0,5.4675040245056152,2.3970422744750977,nan,nan,nan,nan,nan,nan,-0.073631249368190765,-0.17180624604225159,0,0,34,34,0,0,1,1,9.9976079999999907,0.0023920000000092756
20,0.20019098900000001,SESSION_BRAKE_CAPTURE,0,0,0,0,0,0,5.4675040245056152,2.3972339630126953,nan,nan,nan,nan,nan,nan,-0.049087498337030411,0.12271875143051147,0,0,34,34,0,0,1,1,9.9603860000000157,0.039613999999984273
21,0.21023629499999999,SESSION_BRAKE_CAPTURE,0,0,0,0,0,0,5.4675040245056152,2.3970422744750977,nan,nan,nan,nan,nan,nan,-0.12271875143051147,-0.098174996674060822,0,0,34,34,0,0,1,1,10.045305999999975,0.045305999999975199
22,0.22017477499999999,SESSION_BRAKE_CAPTURE,0,0,0,0,0,0,5.4673118591308594,2.3970422744750977,nan,nan,nan,nan,nan,nan,-0.39269998669624329,-0.24543750286102295,0,0,34,34,0,0,1,1,9.9384800000000002,0.061519999999999797
23,0.23023961000000001,SESSION_BRAKE_CAPTURE,0,0,0,0,0,0,5.4675040245056152,2.3970422744750977,nan,nan,nan,nan,nan,nan,-0.049087498337030411,-0.17180624604225159,0,0,34,34,0,0,1,1,10.064835000000022,0.064835000000021736
24,0.24020486899999999,SESSION_BRAKE_CAPTURE,0,0,0,0,0,0,5.4675040245056152,2.3970422744750977,nan,nan,nan,nan,nan,nan,0,-0.14726249873638153,0,0,34,34,0,0,1,1,9.9652589999999766,0.034741000000023448
25,0.25019098400000001,SESSION_BRAKE_CAPTURE,0,0,0,0,0,0,5.4675040245056152,2.3970422744750977,nan,nan,nan,nan,nan,nan,-0.049087498337030411,-0.22089375555515289,0,0,34,34,0,0,1,1,9.9861150000000176,0.013884999999982384
26,0.260252488,SESSION_BRAKE_CAPTURE,0,0,0,0,0,0,5.4673118591308594,2.3970422744750977,nan,nan,nan,nan,nan,nan,-0.39269998669624329,-0.12271875143051147,0,0,34,34,0,0,1,1,10.061503999999999,0.061503999999999337
27,0.270165294,SESSION_BRAKE_CAPTURE,0,0,0,0,0,0,5.4675040245056152,2.3970422744750977,nan,nan,nan,nan,nan,nan,-0.024543749168515205,-0.24543750286102295,0,0,34,34,0,0,1,1,9.9128059999999962,0.087194000000003768
28,0.280210982,SESSION_BRAKE_CAPTURE,0,0,0,0,0,0,5.4675040245056152,2.3970422744750977,nan,nan,nan,nan,nan,nan,-0.073631249368190765,-0.098174996674060822,0,0,34,34,0,0,1,1,10.045687999999997,0.04568799999999662
29,0.29017358700000001,SESSION_BRAKE_CAPTURE,0,0,0,0,0,0,5.4675040245056152,2.3970422744750977,nan,nan,nan,nan,nan,nan,-0.12271875143051147,-0.098174996674060822,0,0,34,34,0,0,1,1,9.9626050000000141,0.037394999999985856
30,0.30021328000000003,SESSION_BRAKE_CAPTURE,0,0,0,0,0,0,5.4675040245056152,2.3970422744750977,nan,nan,nan,nan,nan,nan,0,-0.12271875143051147,0,0,34,34,0,0,1,1,10.039693000000016,0.039693000000015743
31,0.310192788,SESSION_BRAKE_CAPTURE,0,0,0,0,0,0,5.4675040245056152,2.3970422744750977,nan,nan,nan,nan,nan,nan,-0.14726249873638153,0,0,0,34,34,0,0,1,1,9.9795079999999707,0.020492000000029265
32,0.320166548,SESSION_BRAKE_CAPTURE,0,0,0,0,0,0,5.4675040245056152,2.3970422744750977,nan,nan,nan,nan,nan,nan,-0.024543749168515205,-0.19634999334812164,0,0,34,34,0,0,1,1,9.9737599999999986,0.026240000000001373
33,0.33018489499999998,SESSION_BRAKE_CAPTURE,0,0,0,0,0,0,5.4675040245056152,2.3970422744750977,nan,nan,nan,nan,nan,nan,-0.049087498337030411,-0.098174996674060822,0,0,34,34,0,0,1,1,10.018346999999983,0.018346999999982572
34,0.34017014299999998,SESSION_BRAKE_CAPTURE,0,0,0,0,0,0,5.4675040245056152,2.3970422744750977,nan,nan,nan,nan,nan,nan,0,-0.24543750286102295,0,0,34,34,0,0,1,1,9.9852480000000021,0.014751999999997878
35,0.35020294899999999,SESSION_BRAKE_CAPTURE,0,0,0,0,0,0,5.4675040245056152,2.3970422744750977,nan,nan,nan,nan,nan,nan,0,-0.19634999334812164,0,0,34,34,0,0,1,1,10.032806000000004,0.032806000000004332
36,0.36016577300000002,SESSION_BRAKE_CAPTURE,0,0,0,0,0,0,5.4675040245056152,2.3970422744750977,nan,nan,nan,nan,nan,nan,-0.073631249368190765,-0.19634999334812164,0,0,34,34,0,0,1,1,9.9628240000000368,0.037175999999963238
37,0.37016195200000002,SESSION_BRAKE_CAPTURE,0,0,0,0,0,0,5.4675040245056152,2.3968505859375,nan,nan,nan,nan,nan,nan,-0.073631249368190765,-0.46633124351501465,0,0,34,34,0,0,1,1,9.9961789999999944,0.0038210000000056255
38,0.38017114899999999,SESSION_BRAKE_CAPTURE,0,0,0,0,0,0,5.4675040245056152,2.3968505859375,nan,nan,nan,nan,nan,nan,-0.024543749168515205,-0.4908750057220459,0,0,34,34,0,0,1,1,10.00919699999997,0.0091969999999701457
39,0.39019505900000001,SESSION_BRAKE_CAPTURE,0,0,0,0,0,0,5.4675040245056152,2.3972339630126953,nan,nan,nan,nan,nan,nan,-0.049087498337030411,0.12271875143051147,0,0,34,34,0,0,1,1,10.023910000000026,0.023910000000025633
40,0.40022259900000001,SESSION_BRAKE_CAPTURE,0,0,0,0,0,0,5.4673118591308594,2.3970422744750977,nan,nan,nan,nan,nan,nan,-0.46633124351501465,-0.17180624604225159,0,0,34,34,0,0,1,1,10.027540000000002,0.027540000000001896
41,0.41019840899999999,SESSION_BRAKE_CAPTURE,0,0,0,0,0,0,5.4675040245056152,2.3970422744750977,nan,nan,nan,nan,nan,nan,-0.073631249368190765,-0.073631249368190765,0,0,34,34,0,0,1,1,9.9758099999999743,0.024190000000025691
42,0.42007952900000001,SESSION_BRAKE_CAPTURE,0,0,0,0,0,0,5.4675040245056152,2.3970422744750977,nan,nan,nan,nan,nan,nan,-0.049087498337030411,-0.17180624604225159,0,0,34,34,0,0,1,1,9.8811200000000206,0.11887999999997945
43,0.43016579100000002,SESSION_BRAKE_CAPTURE,0,0,0,0,0,0,5.4675040245056152,2.3970422744750977,nan,nan,nan,nan,nan,nan,-0.024543749168515205,-0.17180624604225159,0,0,34,34,0,0,1,1,10.086262000000012,0.086262000000012051
44,0.440054373,SESSION_BRAKE_CAPTURE,0,0,0,0,0,0,5.4673118591308594,2.3972339630126953,nan,nan,nan,nan,nan,nan,-0.41724374890327454,0.22089375555515289,0,0,34,34,0,0,1,1,9.8885819999999782,0.11141800000002178
45,0.45019405000000001,SESSION_BRAKE_CAPTURE,0,0,0,0,0,0,5.4673118591308594,2.3970422744750977,nan,nan,nan,nan,nan,nan,-0.36815625429153442,-0.073631249368190765,0,0,34,34,0,0,1,1,10.139677000000013,0.13967700000001315
46,0.460186869,SESSION_BRAKE_CAPTURE,0,0,0,0,0,0,5.4675040245056152,2.3970422744750977,nan,nan,nan,nan,nan,nan,-0.12271875143051147,-0.14726249873638153,0,0,34,34,0,0,1,1,9.9928189999999866,0.0071810000000134266
47,0.47015869100000002,SESSION_BRAKE_CAPTURE,0,0,0,0,0,0,5.4675040245056152,2.3970422744750977,nan,nan,nan,nan,nan,nan,-0.14726249873638153,-0.22089375555515289,0,0,34,34,0,0,1,1,9.9718220000000191,0.028177999999980941
48,0.48019758899999998,SESSION_BRAKE_CAPTURE,0,0,0,0,0,0,5.4675040245056152,2.3970422744750977,nan,nan,nan,nan,nan,nan,0,-0.12271875143051147,0,0,34,34,0,0,1,1,10.038897999999962,0.038897999999962352
49,0.49023696100000003,SESSION_BRAKE_CAPTURE,0,0,0,0,0,0,5.4675040245056152,2.3970422744750977,nan,nan,nan,nan,nan,nan,-0.12271875143051147,-0.24543750286102295,0,0,34,34,0,0,1,1,10.039372000000046,0.03937200000004637
50,0.49236224499999998,DUAL_CURRENT_HOLD,1,1,5.4675040245056152,2.3970422744750977,-0,0,5.4675040245056152,2.3972339630126953,-0,3.0282549748504178e-05,1.5141274874252089e-05,0,-1.5141274874252089e-05,-3.0282549748504178e-05,-0.073631249368190765,0.29452499747276306,0,0,34,34,0,0,1,1,2.1252839999999495,7.8747160000000509
51,0.50255648600000002,DUAL_CURRENT_HOLD,1,1,5.4675040245056152,2.3970422744750977,-0,0,5.4676957130432129,2.3970422744750977,-3.0282549748504178e-05,0,-1.5141274874252089e-05,0,1.5141274874252089e-05,-3.0282549748504178e-05,0.12271875143051147,0,0.00390625,0,34,34,0,0,1,1,10.194241000000048,0.19424100000004785
52,0.51255000900000003,DUAL_CURRENT_HOLD,1,1,5.4675040245056152,2.3970422744750977,-0,0,5.4676957130432129,2.3970422744750977,-3.0282549748504178e-05,0,-1.5141274874252089e-05,0,1.5141274874252089e-05,-3.0282549748504178e-05,0.12271875143051147,0.024543749168515205,0.00390625,0,34,34,0,0,1,1,9.9935230000000033,0.0064769999999967354
53,0.52259651200000001,DUAL_CURRENT_HOLD,1,1,5.4675040245056152,2.3970422744750977,-0,0,5.4675040245056152,2.3970422744750977,-0,0,0,0,0,-0,-0.24543750286102295,-0.024543749168515205,0.01171875,0,34,34,0,0,1,1,10.046502999999984,0.04650299999998353
54,0.53254534899999995,DUAL_CURRENT_HOLD,1,1,5.4675040245056152,2.3970422744750977,-0,0,5.4675040245056152,2.3970422744750977,-0,0,0,0,0,-0,-0.24543750286102295,-0.098174996674060822,0,-0.0078125,34,34,0,0,1,1,9.9488369999999335,0.051163000000066461
55,0.54258820399999996,DUAL_CURRENT_HOLD,1,1,5.4675040245056152,2.3970422744750977,-0,0,5.4675040245056152,2.3970422744750977,-0,0,0,0,0,-0,-0.24543750286102295,-0.049087498337030411,0.0078125,0,34,34,0,0,1,1,10.042855000000017,0.042855000000017185
56,0.55256262,DUAL_CURRENT_HOLD,1,1,5.4675040245056152,2.3970422744750977,-0,0,5.4676957130432129,2.3970422744750977,-3.0282549748504178e-05,0,-1.5141274874252089e-05,0,1.5141274874252089e-05,-3.0282549748504178e-05,0.24543750286102295,0.098174996674060822,0.01171875,0,34,34,0,0,1,1,9.9744160000000406,0.025583999999959417
57,0.562566118,DUAL_CURRENT_HOLD,1,1,5.4675040245056152,2.3970422744750977,-0,0,5.4675040245056152,2.3970422744750977,-0,0,0,0,0,-0,-0.36815625429153442,0,0.00390625,0,34,34,0,0,1,1,10.003498,0.0034980000000004452
58,0.57258537799999998,DUAL_CURRENT_HOLD,1,1,5.4675040245056152,2.3970422744750977,-0,0,5.4675040245056152,2.3970422744750977,-0,0,0,0,0,-0,-0.24543750286102295,0.024543749168515205,0,0,34,34,0,0,1,1,10.019259999999974,0.019259999999974298
59,0.58255592599999995,DUAL_CURRENT_HOLD,1,1,5.4675040245056152,2.3970422744750977,-0,0,5.4675040245056152,2.3968505859375,-0,-3.0282549748504178e-05,-1.5141274874252089e-05,0,1.5141274874252089e-05,3.0282549748504178e-05,-0.19634999334812164,-0.22089375555515289,0.0078125,0,34,34,0,0,1,1,9.9705479999999689,0.02945200000003112
60,0.59259431399999996,DUAL_CURRENT_HOLD,1,1,5.4675040245056152,2.3970422744750977,-0,0,5.4675040245056152,2.3968505859375,-0,-3.0282549748504178e-05,-1.5141274874252089e-05,0,1.5141274874252089e-05,3.0282549748504178e-05,-0.24543750286102295,-0.26998123526573181,0.0078125,0,34,34,0,0,1,1,10.038388000000008,0.038388000000008304
61,0.60260470600000005,DUAL_CURRENT_HOLD,1,1,5.4675040245056152,2.3970422744750977,-0,0,5.4675040245056152,2.3970422744750977,-0,0,0,0,0,-0,-0.24543750286102295,-0.024543749168515205,0,0,34,34,0,0,1,1,10.01039200000009,0.010392000000090107
62,0.61254885999999997,DUAL_CURRENT_HOLD,1,1,5.4675040245056152,2.3970422744750977,-0,0,5.4675040245056152,2.3970422744750977,-0,0,0,0,0,-0,-0.24543750286102295,0,0.0078125,0.00390625,34,34,0,0,1,1,9.9441539999999264,0.055846000000073559
63,0.62256680200000003,DUAL_CURRENT_HOLD,1,1,5.4675040245056152,2.3970422744750977,-0,0,5.4675040245056152,2.3968505859375,-0,-3.0282549748504178e-05,-1.5141274874252089e-05,0,1.5141274874252089e-05,3.0282549748504178e-05,-0.19634999334812164,-0.36815625429153442,0.00390625,0,34,34,0,0,1,1,10.017942000000058,0.0179420000000583
64,0.63257641499999995,DUAL_CURRENT_HOLD,1,1,5.4675040245056152,2.3970422744750977,-0,0,5.4675040245056152,2.3968505859375,-0,-3.0282549748504178e-05,-1.5141274874252089e-05,0,1.5141274874252089e-05,3.0282549748504178e-05,-0.24543750286102295,-0.24543750286102295,0.00390625,0,34,34,0,0,1,1,10.009612999999916,0.0096129999999163829
65,0.64257446699999998,DUAL_CURRENT_HOLD,1,1,5.4675040245056152,2.3970422744750977,-0,0,5.4675040245056152,2.3970422744750977,-0,0,0,0,0,-0,-0.22089375555515289,0.024543749168515205,0.0078125,0.00390625,34,34,0,0,1,1,9.998052000000035,0.0019479999999649777
66,0.65254909100000003,DUAL_CURRENT_HOLD,1,1,5.4675040245056152,2.3970422744750977,-0,0,5.4675040245056152,2.3970422744750977,-0,0,0,0,0,-0,-0.24543750286102295,0.024543749168515205,0.0078125,0.00390625,34,34,0,0,1,1,9.974624000000043,0.025375999999956989
67,0.66249097400000001,DUAL_CURRENT_HOLD,1,1,5.4675040245056152,2.3970422744750977,-0,0,5.4675040245056152,2.3968505859375,-0,-3.0282549748504178e-05,-1.5141274874252089e-05,0,1.5141274874252089e-05,3.0282549748504178e-05,-0.29452499747276306,-0.26998123526573181,0,0.00390625,34,34,0,0,1,1,9.9418829999999847,0.058117000000015295
68,0.67250308599999997,DUAL_CURRENT_HOLD,1,1,5.4675040245056152,2.3970422744750977,-0,0,5.4675040245056152,2.3970422744750977,-0,0,0,0,0,-0,-0.24543750286102295,0,0,0,34,34,0,0,1,1,10.012111999999963,0.012111999999962819
69,0.68255544000000001,DUAL_CURRENT_HOLD,1,1,5.4675040245056152,2.3970422744750977,-0,0,5.4675040245056152,2.3970422744750977,-0,0,0,0,0,-0,-0.24543750286102295,-0.098174996674060822,0.00390625,0.0078125,34,34,0,0,1,1,10.05235400000004,0.052354000000040202
70,0.69259696500000001,DUAL_CURRENT_HOLD,1,1,5.4675040245056152,2.3970422744750977,-0,0,5.4675040245056152,2.3970422744750977,-0,0,0,0,0,-0,-0.19634999334812164,0,0.0078125,0,34,34,0,0,1,1,10.041524999999996,0.041524999999996481
71,0.70257133599999999,DUAL_CURRENT_HOLD,1,1,5.4675040245056152,2.3970422744750977,-0,0,5.4675040245056152,2.3968505859375,-0,-3.0282549748504178e-05,-1.5141274874252089e-05,0,1.5141274874252089e-05,3.0282549748504178e-05,-0.24543750286102295,-0.24543750286102295,0.00390625,0.00390625,34,34,0,0,1,1,9.9743709999999819,0.02562900000001811
72,0.71254447600000004,DUAL_CURRENT_HOLD,1,1,5.4675040245056152,2.3970422744750977,-0,0,5.4675040245056152,2.3968505859375,-0,-3.0282549748504178e-05,-1.5141274874252089e-05,0,1.5141274874252089e-05,3.0282549748504178e-05,-0.24543750286102295,0,0,0.0078125,34,34,0,0,1,1,9.973140000000047,0.026859999999953033
73,0.72256460700000003,DUAL_CURRENT_HOLD,1,1,5.4675040245056152,2.3970422744750977,-0,0,5.4675040245056152,2.3970422744750977,-0,0,0,0,0,-0,-0.22089375555515289,0.29452499747276306,0.0078125,0,34,34,0,0,1,1,10.020130999999989,0.020130999999988575
74,0.73261904,DUAL_CURRENT_HOLD,1,1,5.4675040245056152,2.3970422744750977,-0,0,5.4675040245056152,2.3968505859375,-0,-3.0282549748504178e-05,-1.5141274874252089e-05,0,1.5141274874252089e-05,3.0282549748504178e-05,-0.24543750286102295,-0.29452499747276306,0,0,34,34,0,0,1,1,10.054432999999975,0.054432999999974641
75,0.74259267299999998,DUAL_CURRENT_HOLD,1,1,5.4675040245056152,2.3970422744750977,-0,0,5.4675040245056152,2.3968505859375,-0,-3.0282549748504178e-05,-1.5141274874252089e-05,0,1.5141274874252089e-05,3.0282549748504178e-05,-0.24543750286102295,-0.29452499747276306,0.01171875,0,34,34,0,0,1,1,9.9736329999999818,0.026367000000018237
76,0.75255177600000001,DUAL_CURRENT_HOLD,1,1,5.4675040245056152,2.3970422744750977,-0,0,5.4675040245056152,2.3970422744750977,-0,0,0,0,0,-0,-0.24543750286102295,0.073631249368190765,0.00390625,0,34,34,0,0,1,1,9.9591030000000238,0.040896999999976202
77,0.76254168899999997,DUAL_CURRENT_HOLD,1,1,5.4675040245056152,2.3970422744750977,-0,0,5.4676957130432129,2.3970422744750977,-3.0282549748504178e-05,0,-1.5141274874252089e-05,0,1.5141274874252089e-05,-3.0282549748504178e-05,0.12271875143051147,0.073631249368190765,0.00390625,0,34,34,0,0,1,1,9.9899129999999623,0.010087000000037705
78,0.77253772300000001,DUAL_CURRENT_HOLD,1,1,5.4675040245056152,2.3970422744750977,-0,0,5.4675040245056152,2.3968505859375,-0,-3.0282549748504178e-05,-1.5141274874252089e-05,0,1.5141274874252089e-05,3.0282549748504178e-05,-0.24543750286102295,-0.29452499747276306,0,0,34,34,0,0,1,1,9.9960340000000425,0.0039659999999575035
79,0.782536283,DUAL_CURRENT_HOLD,1,1,5.4675040245056152,2.3970422744750977,-0,0,5.4675040245056152,2.3968505859375,-0,-3.0282549748504178e-05,-1.5141274874252089e-05,0,1.5141274874252089e-05,3.0282549748504178e-05,-0.24543750286102295,-0.14726249873638153,0.00390625,0.0078125,34,34,0,0,1,1,9.9985599999999906,0.0014400000000094337
80,0.79241899500000001,DUAL_CURRENT_HOLD,1,1,5.4675040245056152,2.3970422744750977,-0,0,5.4675040245056152,2.3968505859375,-0,-3.0282549748504178e-05,-1.5141274874252089e-05,0,1.5141274874252089e-05,3.0282549748504178e-05,-0.24543750286102295,-0.31906875967979431,0.00390625,0,34,34,0,0,1,1,9.8827120000000157,0.11728799999998429
81,0.80254104500000001,DUAL_CURRENT_HOLD,1,1,5.4675040245056152,2.3970422744750977,-0,0,5.4676957130432129,2.3968505859375,-3.0282549748504178e-05,-3.0282549748504178e-05,-3.0282549748504178e-05,0,3.0282549748504178e-05,0,0.098174996674060822,-0.7117687463760376,0.0078125,0,34,34,0,0,1,1,10.122049999999994,0.12204999999999444
82,0.81253029899999996,DUAL_CURRENT_HOLD,1,1,5.4675040245056152,2.3970422744750977,-0,0,5.4675040245056152,2.3970422744750977,-0,0,0,0,0,-0,-0.24543750286102295,0.12271875143051147,0.00390625,0,34,34,0,0,1,1,9.9892539999999475,0.010746000000052547
83,0.822531927,DUAL_CURRENT_HOLD,1,1,5.4675040245056152,2.3970422744750977,-0,0,5.4676957130432129,2.3970422744750977,-3.0282549748504178e-05,0,-1.5141274874252089e-05,0,1.5141274874252089e-05,-3.0282549748504178e-05,0.12271875143051147,0.24543750286102295,0,0.0078125,34,34,0,0,1,1,10.001628000000039,0.0016280000000392647
84,0.83255741699999997,DUAL_CURRENT_HOLD,1,1,5.4675040245056152,2.3970422744750977,-0,0,5.4675040245056152,2.3968505859375,-0,-3.0282549748504178e-05,-1.5141274874252089e-05,0,1.5141274874252089e-05,3.0282549748504178e-05,-0.24543750286102295,-0.22089375555515289,0.0078125,0,34,34,0,0,1,1,10.025489999999969,0.02548999999996937
85,0.84241597300000004,DUAL_CURRENT_HOLD,1,1,5.4675040245056152,2.3970422744750977,-0,0,5.4676957130432129,2.3968505859375,-3.0282549748504178e-05,-3.0282549748504178e-05,-3.0282549748504178e-05,0,3.0282549748504178e-05,0,0.12271875143051147,-0.36815625429153442,0.0078125,0,34,34,0,0,1,1,9.8585560000000747,0.1414439999999253
86,0.85253576799999997,DUAL_CURRENT_HOLD,1,1,5.4675040245056152,2.3970422744750977,-0,0,5.4675040245056152,2.3968505859375,-0,-3.0282549748504178e-05,-1.5141274874252089e-05,0,1.5141274874252089e-05,3.0282549748504178e-05,-0.24543750286102295,-0.36815625429153442,0.00390625,0,34,34,0,0,1,1,10.119794999999932,0.11979499999993237
87,0.86257022100000003,DUAL_CURRENT_HOLD,1,1,5.4675040245056152,2.3970422744750977,-0,0,5.4676957130432129,2.3968505859375,-3.0282549748504178e-05,-3.0282549748504178e-05,-3.0282549748504178e-05,0,3.0282549748504178e-05,0,0.12271875143051147,-0.19634999334812164,0.00390625,0.0078125,34,34,0,0,1,1,10.034453000000054,0.034453000000054246
88,0.87241833099999999,DUAL_CURRENT_HOLD,1,1,5.4675040245056152,2.3970422744750977,-0,0,5.4675040245056152,2.3970422744750977,-0,0,0,0,0,-0,-0.24543750286102295,0.24543750286102295,0.00390625,0.00390625,34,34,0,0,1,1,9.8481099999999664,0.15189000000003361
89,0.88252938299999995,DUAL_CURRENT_HOLD,1,1,5.4675040245056152,2.3970422744750977,-0,0,5.4675040245056152,2.3970422744750977,-0,0,0,0,0,-0,-0.24543750286102295,0.14726249873638153,0.0078125,0,34,34,0,0,1,1,10.111051999999955,0.11105199999995463
90,0.892416027,DUAL_CURRENT_HOLD,1,1,5.4675040245056152,2.3970422744750977,-0,0,5.4676957130432129,2.3968505859375,-3.0282549748504178e-05,-3.0282549748504178e-05,-3.0282549748504178e-05,0,3.0282549748504178e-05,0,0.049087498337030411,-0.41724374890327454,0,0,34,34,0,0,1,1,9.8866440000000555,0.1133559999999445
91,0.90252974900000005,DUAL_CURRENT_HOLD,1,1,5.4675040245056152,2.3970422744750977,-0,0,5.4675040245056152,2.3968505859375,-0,-3.0282549748504178e-05,-1.5141274874252089e-05,0,1.5141274874252089e-05,3.0282549748504178e-05,0.12271875143051147,-0.36815625429153442,0.0078125,0.0078125,34,34,0,0,1,1,10.113722000000047,0.11372200000004717
92,0.91253056399999999,DUAL_CURRENT_HOLD,1,1,5.4675040245056152,2.3970422744750977,-0,0,5.4675040245056152,2.3968505859375,-0,-3.0282549748504178e-05,-1.5141274874252089e-05,0,1.5141274874252089e-05,3.0282549748504178e-05,-0.24543750286102295,-0.34361249208450317,0,0,34,34,0,0,1,1,10.000814999999941,0.00081499999994072425
93,0.92255909000000003,DUAL_CURRENT_HOLD,1,1,5.4675040245056152,2.3970422744750977,-0,0,5.4675040245056152,2.3970422744750977,-0,0,0,0,0,-0,-0.24543750286102295,0,0,0,34,34,0,0,1,1,10.028526000000038,0.028526000000038465
94,0.93253321,DUAL_CURRENT_HOLD,1,1,5.4675040245056152,2.3970422744750977,-0,0,5.4676957130432129,2.3970422744750977,-3.0282549748504178e-05,0,-1.5141274874252089e-05,0,1.5141274874252089e-05,-3.0282549748504178e-05,-0.24543750286102295,0.12271875143051147,0.0078125,0,34,34,0,0,1,1,9.9741199999999743,0.02588000000002566
95,0.94241735699999996,DUAL_CURRENT_HOLD,1,1,5.4675040245056152,2.3970422744750977,-0,0,5.4675040245056152,2.3972339630126953,-0,3.0282549748504178e-05,1.5141274874252089e-05,0,-1.5141274874252089e-05,-3.0282549748504178e-05,-0.24543750286102295,0.19634999334812164,0,0,34,34,0,0,1,1,9.8841469999999543,0.11585300000004572
96,0.952575909,DUAL_CURRENT_HOLD,1,1,5.4675040245056152,2.3970422744750977,-0,0,5.4675040245056152,2.3970422744750977,-0,0,0,0,0,-0,-0.29452499747276306,-0.098174996674060822,0.00390625,0,34,34,0,0,1,1,10.158552000000043,0.15855200000004288
97,0.96256008999999998,DUAL_CURRENT_HOLD,1,1,5.4675040245056152,2.3970422744750977,-0,0,5.4675040245056152,2.3968505859375,-0,-3.0282549748504178e-05,-1.5141274874252089e-05,0,1.5141274874252089e-05,3.0282549748504178e-05,-0.24543750286102295,-0.24543750286102295,0.0078125,0.00390625,34,34,0,0,1,1,9.9841809999999818,0.015819000000018235
98,0.97255002400000001,DUAL_CURRENT_HOLD,1,1,5.4675040245056152,2.3970422744750977,-0,0,5.4675040245056152,2.3968505859375,-0,-3.0282549748504178e-05,-1.5141274874252089e-05,0,1.5141274874252089e-05,3.0282549748504178e-05,-0.24543750286102295,-0.17180624604225159,0,0.0078125,34,34,0,0,1,1,9.9899340000000336,0.01006599999996638
99,0.98266553700000003,DUAL_CURRENT_HOLD,1,1,5.4675040245056152,2.3970422744750977,-0,0,5.4675040245056152,2.3968505859375,-0,-3.0282549748504178e-05,-1.5141274874252089e-05,0,1.5141274874252089e-05,3.0282549748504178e-05,-0.24543750286102295,-0.14726249873638153,0.00390625,0.0078125,34,34,0,0,1,1,10.115513000000021,0.11551300000002129
100,0.99241607600000004,DUAL_CURRENT_HOLD,1,1,5.4675040245056152,2.3970422744750977,-0,0,5.4675040245056152,2.3968505859375,-0,-3.0282549748504178e-05,-1.5141274874252089e-05,0,1.5141274874252089e-05,3.0282549748504178e-05,-0.22089375555515289,-0.12271875143051147,0.0078125,0.00390625,34,34,0,0,1,1,9.7505390000000034,0.2494609999999966
101,1.0025559829999999,DUAL_CURRENT_HOLD,1,1,5.4675040245056152,2.3970422744750977,-0,0,5.4676957130432129,2.3970422744750977,-3.0282549748504178e-05,0,-1.5141274874252089e-05,0,1.5141274874252089e-05,-3.0282549748504178e-05,0.098174996674060822,-0.22089375555515289,0,0.00390625,34,34,0,0,1,1,10.139906999999893,0.13990699999989253
102,1.0125218540000001,DUAL_CURRENT_HOLD,1,1,5.4675040245056152,2.3970422744750977,-0,0,5.4676957130432129,2.3968505859375,-3.0282549748504178e-05,-3.0282549748504178e-05,-3.0282549748504178e-05,0,3.0282549748504178e-05,0,0.12271875143051147,-0.049087498337030411,0,0,34,34,0,0,1,1,9.965871000000126,0.034128999999873955
103,1.0225441989999999,DUAL_CURRENT_HOLD,1,1,5.4675040245056152,2.3970422744750977,-0,0,5.4675040245056152,2.3966588973999023,-0,-6.0565099497008357e-05,-3.0282549748504178e-05,0,3.0282549748504178e-05,6.0565099497008357e-05,-0.24543750286102295,-0.58904999494552612,0,0,34,34,0,0,1,1,10.022344999999877,0.022344999999877047
104,1.0325657260000001,DUAL_CURRENT_HOLD,1,1,5.4675040245056152,2.3970422744750977,-0,0,5.4676957130432129,2.3970422744750977,-3.0282549748504178e-05,0,-1.5141274874252089e-05,0,1.5141274874252089e-05,-3.0282549748504178e-05,0.073631249368190765,0.073631249368190765,-0.00390625,0,34,34,0,0,1,1,10.021527000000141,0.021527000000141072
105,1.042416424,DUAL_CURRENT_HOLD,1,1,5.4675040245056152,2.3970422744750977,-0,0,5.4675040245056152,2.3968505859375,-0,-3.0282549748504178e-05,-1.5141274874252089e-05,0,1.5141274874252089e-05,3.0282549748504178e-05,-0.24543750286102295,-0.17180624604225159,-0.00390625,0.00390625,34,34,0,0,1,1,9.8506979999999356,0.14930200000006444
106,1.0525228879999999,DUAL_CURRENT_HOLD,1,1,5.4675040245056152,2.3970422744750977,-0,0,5.4675040245056152,2.3968505859375,-0,-3.0282549748504178e-05,-1.5141274874252089e-05,0,1.5141274874252089e-05,3.0282549748504178e-05,-0.24543750286102295,-0.26998123526573181,0,0,34,34,0,0,1,1,10.106463999999926,0.10646399999992617
107,1.062551126,DUAL_CURRENT_HOLD,1,1,5.4675040245056152,2.3970422744750977,-0,0,5.4675040245056152,2.3970422744750977,-0,0,0,0,0,-0,-0.24543750286102295,0.17180624604225159,0.00390625,0.00390625,34,34,0,0,1,1,10.028238000000078,0.028238000000078145
108,1.072417315,DUAL_CURRENT_HOLD,1,1,5.4675040245056152,2.3970422744750977,-0,0,5.4675040245056152,2.3970422744750977,-0,0,0,0,0,-0,-0.34361249208450317,0.17180624604225159,0.00390625,0.00390625,34,34,0,0,1,1,9.8661890000000252,0.13381099999997481
109,1.0825525739999999,DUAL_CURRENT_HOLD,1,1,5.4675040245056152,2.3970422744750977,-0,0,5.4675040245056152,2.3970422744750977,-0,0,0,0,0,-0,-0.24543750286102295,0.22089375555515289,0,0.0078125,34,34,0,0,1,1,10.135258999999897,0.13525899999989655
110,1.0924171039999999,DUAL_CURRENT_HOLD,1,1,5.4675040245056152,2.3970422744750977,-0,0,5.4675040245056152,2.3968505859375,-0,-3.0282549748504178e-05,-1.5141274874252089e-05,0,1.5141274874252089e-05,3.0282549748504178e-05,-0.24543750286102295,-0.098174996674060822,0,0,34,34,0,0,1,1,9.8645299999999825,0.13547000000001752
111,1.1025612920000001,DUAL_CURRENT_HOLD,1,1,5.4675040245056152,2.3970422744750977,-0,0,5.4675040245056152,2.3966588973999023,-0,-6.0565099497008357e-05,-3.0282549748504178e-05,0,3.0282549748504178e-05,6.0565099497008357e-05,-0.39269998669624329,-0.58904999494552612,0,0,34,34,0,0,1,1,10.144188000000165,0.14418800000016496
112,1.112543389,DUAL_CURRENT_HOLD,1,1,5.4675040245056152,2.3970422744750977,-0,0,5.4675040245056152,2.3972339630126953,-0,3.0282549748504178e-05,1.5141274874252089e-05,0,-1.5141274874252089e-05,-3.0282549748504178e-05,-0.31906875967979431,0.44178751111030579,0.0078125,0.0078125,34,34,0,0,1,1,9.9820969999999676,0.017903000000032421
113,1.1225525430000001,DUAL_CURRENT_HOLD,1,1,5.4675040245056152,2.3970422744750977,-0,0,5.4676957130432129,2.3968505859375,-3.0282549748504178e-05,-3.0282549748504178e-05,-3.0282549748504178e-05,0,3.0282549748504178e-05,0,0.12271875143051147,0.098174996674060822,0.00390625,0,34,34,0,0,1,1,10.00915400000002,0.0091540000000200905
114,1.1325189369999999,DUAL_CURRENT_HOLD,1,1,5.4675040245056152,2.3970422744750977,-0,0,5.4673118591308594,2.3968505859375,3.0357879474246726e-05,-3.0282549748504178e-05,3.7664862871273643e-08,0,-3.7664862871273643e-08,6.0640429222750904e-05,-0.24543750286102295,-0.14726249873638153,0,0.0078125,34,34,0,0,1,1,9.9663939999998785,0.033606000000121483
115,1.142418677,DUAL_CURRENT_HOLD,1,1,5.4675040245056152,2.3970422744750977,-0,0,5.4676957130432129,2.3968505859375,-3.0282549748504178e-05,-3.0282549748504178e-05,-3.0282549748504178e-05,0,3.0282549748504178e-05,0,0.098174996674060822,-0.24543750286102295,0.00390625,0,34,34,0,0,1,1,9.8997400000000457,0.10025999999995427
116,1.1524187400000001,DUAL_CURRENT_HOLD,1,1,5.4675040245056152,2.3970422744750977,-0,0,5.4675040245056152,2.3968505859375,-0,-3.0282549748504178e-05,-1.5141274874252089e-05,0,1.5141274874252089e-05,3.0282549748504178e-05,-0.31906875967979431,-0.24543750286102295,0.00390625,0,34,34,0,0,1,1,10.000063000000114,6.3000000114499244e-05
117,1.1624181680000001,DUAL_CURRENT_HOLD,1,1,5.4675040245056152,2.3970422744750977,-0,0,5.4676957130432129,2.3968505859375,-3.0282549748504178e-05,-3.0282549748504178e-05,-3.0282549748504178e-05,0,3.0282549748504178e-05,0,0.12271875143051147,-0.29452499747276306,0.00390625,0,34,34,0,0,1,1,9.9994279999999769,0.00057200000002310958
118,1.1726377459999999,DUAL_CURRENT_HOLD,1,1,5.4675040245056152,2.3970422744750977,-0,0,5.4676957130432129,2.3970422744750977,-3.0282549748504178e-05,0,-1.5141274874252089e-05,0,1.5141274874252089e-05,-3.0282549748504178e-05,0.073631249368190765,0.12271875143051147,0,0,34,34,0,0,1,1,10.21957799999984,0.2195779999998404
119,1.182552834,DUAL_CURRENT_HOLD,1,1,5.4675040245056152,2.3970422744750977,-0,0,5.4675040245056152,2.3970422744750977,-0,0,0,0,0,-0,-0.24543750286102295,0,0.00390625,-0.00390625,34,34,0,0,1,1,9.9150880000000718,0.084911999999928156
120,1.192416138,DUAL_CURRENT_HOLD,1,1,5.4675040245056152,2.3970422744750977,-0,0,5.4678874015808105,2.3970422744750977,-6.0565099497008357e-05,0,-3.0282549748504178e-05,0,3.0282549748504178e-05,-6.0565099497008357e-05,0.44178751111030579,0,0.00390625,-0.00390625,34,34,0,0,1,1,9.8633040000000172,0.13669599999998283
121,1.202565812,DUAL_CURRENT_HOLD,1,1,5.4675040245056152,2.3970422744750977,-0,0,5.4675040245056152,2.3968505859375,-0,-3.0282549748504178e-05,-1.5141274874252089e-05,0,1.5141274874252089e-05,3.0282549748504178e-05,-0.34361249208450317,-0.26998123526573181,-0.0078125,0,34,34,0,0,1,1,10.149673999999997,0.14967399999999742
122,1.212523091,DUAL_CURRENT_HOLD,1,1,5.4675040245056152,2.3970422744750977,-0,0,5.4676957130432129,2.3970422744750977,-3.0282549748504178e-05,0,-1.5141274874252089e-05,0,1.5141274874252089e-05,-3.0282549748504178e-05,0.12271875143051147,0.12271875143051147,0,0,34,34,0,0,1,1,9.9572789999999856,0.042721000000014442
123,1.22263224,DUAL_CURRENT_HOLD,1,1,5.4675040245056152,2.3970422744750977,-0,0,5.4675040245056152,2.3968505859375,-0,-3.0282549748504178e-05,-1.5141274874252089e-05,0,1.5141274874252089e-05,3.0282549748504178e-05,-0.29452499747276306,-0.36815625429153442,0.00390625,0.0078125,34,34,0,0,1,1,10.109149000000039,0.10914900000003946
124,1.2325589100000001,DUAL_CURRENT_HOLD,1,1,5.4675040245056152,2.3970422744750977,-0,0,5.4675040245056152,2.3968505859375,-0,-3.0282549748504178e-05,-1.5141274874252089e-05,0,1.5141274874252089e-05,3.0282549748504178e-05,-0.24543750286102295,-0.19634999334812164,0.00390625,0.00390625,34,34,0,0,1,1,9.9266700000000263,0.073329999999973694
125,1.2424169890000001,DUAL_CURRENT_HOLD,1,1,5.4675040245056152,2.3970422744750977,-0,0,5.4675040245056152,2.3970422744750977,-0,0,0,0,0,-0,-0.26998123526573181,0.024543749168515205,0.0078125,0,34,34,0,0,1,1,9.8580790000000196,0.14192099999998042
126,1.252522828,DUAL_CURRENT_HOLD,1,1,5.4675040245056152,2.3970422744750977,-0,0,5.4678874015808105,2.3968505859375,-6.0565099497008357e-05,-3.0282549748504178e-05,-4.5423824622756271e-05,0,4.5423824622756271e-05,-3.0282549748504178e-05,0.46633124351501465,-0.36815625429153442,0.00390625,0.0078125,34,34,0,0,1,1,10.10583899999995,0.10583899999994983
127,1.2625409999999999,DUAL_CURRENT_HOLD,1,1,5.4675040245056152,2.3970422744750977,-0,0,5.4675040245056152,2.3968505859375,-0,-3.0282549748504178e-05,-1.5141274874252089e-05,0,1.5141274874252089e-05,3.0282549748504178e-05,-0.29452499747276306,-0.36815625429153442,0,0,34,34,0,0,1,1,10.018171999999881,0.018171999999880839
128,1.2724193079999999,DUAL_CURRENT_HOLD,1,1,5.4675040245056152,2.3970422744750977,-0,0,5.4675040245056152,2.3970422744750977,-0,0,0,0,0,-0,-0.24543750286102295,-0.24543750286102295,-0.00390625,-0.00390625,34,34,0,0,1,1,9.8783080000000023,0.12169199999999769
129,1.2825255710000001,DUAL_CURRENT_HOLD,1,1,5.4675040245056152,2.3970422744750977,-0,0,5.4675040245056152,2.3970422744750977,-0,0,0,0,0,-0,-0.24543750286102295,-0.098174996674060822,0.00390625,0,34,34,0,0,1,1,10.106263000000171,0.10626300000017075
130,1.2924182,DUAL_CURRENT_HOLD,1,1,5.4675040245056152,2.3970422744750977,-0,0,5.4675040245056152,2.3968505859375,-0,-3.0282549748504178e-05,-1.5141274874252089e-05,0,1.5141274874252089e-05,3.0282549748504178e-05,0.049087498337030411,-0.29452499747276306,0,0,34,34,0,0,1,1,9.8926289999998751,0.10737100000012489
131,1.3025602460000001,DUAL_CURRENT_HOLD,1,1,5.4675040245056152,2.3970422744750977,-0,0,5.4676957130432129,2.3968505859375,-3.0282549748504178e-05,-3.0282549748504178e-05,-3.0282549748504178e-05,0,3.0282549748504178e-05,0,0.073631249368190765,-0.24543750286102295,0.00390625,0.0078125,34,34,0,0,1,1,10.142046000000127,0.14204600000012668
132,1.312517124,DUAL_CURRENT_HOLD,1,1,5.4675040245056152,2.3970422744750977,-0,0,5.4676957130432129,2.3968505859375,-3.0282549748504178e-05,-3.0282549748504178e-05,-3.0282549748504178e-05,0,3.0282549748504178e-05,0,0.073631249368190765,-0.44178751111030579,0,-0.0078125,34,34,0,0,1,1,9.9568779999998913,0.043122000000108685
133,1.3226050229999999,DUAL_CURRENT_HOLD,1,1,5.4675040245056152,2.3970422744750977,-0,0,5.4675040245056152,2.3970422744750977,-0,0,0,0,0,-0,-0.24543750286102295,0.049087498337030411,0.00390625,0,34,34,0,0,1,1,10.087898999999956,0.087898999999955763
134,1.33261571,DUAL_CURRENT_HOLD,1,1,5.4675040245056152,2.3970422744750977,-0,0,5.4676957130432129,2.3970422744750977,-3.0282549748504178e-05,0,-1.5141274874252089e-05,0,1.5141274874252089e-05,-3.0282549748504178e-05,0.024543749168515205,0,0,0.0078125,34,34,0,0,1,1,10.010687000000074,0.01068700000007361
135,1.3424429040000001,DUAL_CURRENT_HOLD,1,1,5.4675040245056152,2.3970422744750977,-0,0,5.4676957130432129,2.3968505859375,-3.0282549748504178e-05,-3.0282549748504178e-05,-3.0282549748504178e-05,0,3.0282549748504178e-05,0,0.098174996674060822,-0.36815625429153442,0.00390625,0,34,34,0,0,1,1,9.8271940000000946,0.17280599999990542
136,1.352590001,DUAL_CURRENT_HOLD,1,1,5.4675040245056152,2.3970422744750977,-0,0,5.4676957130432129,2.3970422744750977,-3.0282549748504178e-05,0,-1.5141274874252089e-05,0,1.5141274874252089e-05,-3.0282549748504178e-05,0.12271875143051147,-0.12271875143051147,0,0,34,34,0,0,1,1,10.147096999999938,0.1470969999999383
137,1.362596192,DUAL_CURRENT_HOLD,1,1,5.4675040245056152,2.3970422744750977,-0,0,5.4675040245056152,2.3970422744750977,-0,0,0,0,0,-0,-0.24543750286102295,-0.17180624604225159,0,0,34,34,0,0,1,1,10.006190999999998,0.0061909999999976151
138,1.372603142,DUAL_CURRENT_HOLD,1,1,5.4675040245056152,2.3970422744750977,-0,0,5.4676957130432129,2.3968505859375,-3.0282549748504178e-05,-3.0282549748504178e-05,-3.0282549748504178e-05,0,3.0282549748504178e-05,0,0.12271875143051147,-0.31906875967979431,0,0.0078125,34,34,0,0,1,1,10.006949999999959,0.0069499999999589335
139,1.3825613539999999,DUAL_CURRENT_HOLD,1,1,5.4675040245056152,2.3970422744750977,-0,0,5.4675040245056152,2.3968505859375,-0,-3.0282549748504178e-05,-1.5141274874252089e-05,0,1.5141274874252089e-05,3.0282549748504178e-05,-0.26998123526573181,-0.39269998669624329,-0.00390625,-0.00390625,34,34,0,0,1,1,9.9582119999999108,0.041788000000089198
140,1.3924222909999999,DUAL_CURRENT_HOLD,1,1,5.4675040245056152,2.3970422744750977,-0,0,5.4675040245056152,2.3968505859375,-0,-3.0282549748504178e-05,-1.5141274874252089e-05,0,1.5141274874252089e-05,3.0282549748504178e-05,-0.29452499747276306,-0.34361249208450317,-0.00390625,0,34,34,0,0,1,1,9.8609370000000141,0.13906299999998595
141,1.4026005070000001,DUAL_CURRENT_HOLD,1,1,5.4675040245056152,2.3970422744750977,-0,0,5.4675040245056152,2.3970422744750977,-0,0,0,0,0,-0,-0.29452499747276306,0,0.00390625,0,34,34,0,0,1,1,10.178216000000129,0.17821600000012872
142,1.412608364,DUAL_CURRENT_HOLD,1,1,5.4675040245056152,2.3970422744750977,-0,0,5.4676957130432129,2.3968505859375,-3.0282549748504178e-05,-3.0282549748504178e-05,-3.0282549748504178e-05,0,3.0282549748504178e-05,0,-0.31906875967979431,-0.24543750286102295,0.00390625,0.0078125,34,34,0,0,1,1,10.007856999999953,0.0078569999999533735
143,1.422603348,DUAL_CURRENT_HOLD,1,1,5.4675040245056152,2.3970422744750977,-0,0,5.4675040245056152,2.3968505859375,-0,-3.0282549748504178e-05,-1.5141274874252089e-05,0,1.5141274874252089e-05,3.0282549748504178e-05,0.12271875143051147,-0.24543750286102295,0.00390625,0,34,34,0,0,1,1,9.9949839999999845,0.0050160000000154525
144,1.432604454,DUAL_CURRENT_HOLD,1,1,5.4675040245056152,2.3970422744750977,-0,0,5.4675040245056152,2.3968505859375,-0,-3.0282549748504178e-05,-1.5141274874252089e-05,0,1.5141274874252089e-05,3.0282549748504178e-05,-0.24543750286102295,-0.24543750286102295,0,0,34,34,0,0,1,1,10.001106000000037,0.0011060000000373549
145,1.4424222520000001,DUAL_CURRENT_HOLD,1,1,5.4675040245056152,2.3970422744750977,-0,0,5.4675040245056152,2.3970422744750977,-0,0,0,0,0,-0,-0.24543750286102295,0.12271875143051147,0,0.00390625,34,34,0,0,1,1,9.8177980000000442,0.18220199999995579
146,1.452597328,DUAL_CURRENT_HOLD,1,1,5.4675040245056152,2.3970422744750977,-0,0,5.4675040245056152,2.3970422744750977,-0,0,0,0,0,-0,-0.24543750286102295,0,0.0078125,0,34,34,0,0,1,1,10.175075999999894,0.17507599999989409
147,1.4625952520000001,DUAL_CURRENT_HOLD,1,1,5.4675040245056152,2.3970422744750977,-0,0,5.4675040245056152,2.3970422744750977,-0,0,0,0,0,-0,-0.24543750286102295,0.024543749168515205,0,0,34,34,0,0,1,1,9.9979240000001024,0.0020759999998976042
148,1.4724250160000001,DUAL_CURRENT_HOLD,1,1,5.4675040245056152,2.3970422744750977,-0,0,5.4675040245056152,2.3968505859375,-0,-3.0282549748504178e-05,-1.5141274874252089e-05,0,1.5141274874252089e-05,3.0282549748504178e-05,-0.24543750286102295,-0.36815625429153442,0.0078125,0,34,34,0,0,1,1,9.8297640000000186,0.1702359999999814
149,1.4825900110000001,DUAL_CURRENT_HOLD,1,1,5.4675040245056152,2.3970422744750977,-0,0,5.4675040245056152,2.3968505859375,-0,-3.0282549748504178e-05,-1.5141274874252089e-05,0,1.5141274874252089e-05,3.0282549748504178e-05,-0.24543750286102295,-0.19634999334812164,0.00390625,0.00390625,34,34,0,0,1,1,10.16499500000001,0.16499500000000999
150,1.49242297,DUAL_CURRENT_HOLD,1,1,5.4675040245056152,2.3970422744750977,-0,0,5.4676957130432129,2.3970422744750977,-3.0282549748504178e-05,0,-1.5141274874252089e-05,0,1.5141274874252089e-05,-3.0282549748504178e-05,0.073631249368190765,0.049087498337030411,0.00390625,0,34,34,0,0,1,1,9.832958999999919,0.16704100000008104
151,1.5025527430000001,DUAL_CURRENT_HOLD,1,1,5.4675040245056152,2.3970422744750977,-0,0,5.4675040245056152,2.3968505859375,-0,-3.0282549748504178e-05,-1.5141274874252089e-05,0,1.5141274874252089e-05,3.0282549748504178e-05,-0.24543750286102295,-0.34361249208450317,0.00390625,0,34,34,0,0,1,1,10.129773000000064,0.12977300000006409
152,1.5125296349999999,DUAL_CURRENT_HOLD,1,1,5.4675040245056152,2.3970422744750977,-0,0,5.4675040245056152,2.3968505859375,-0,-3.0282549748504178e-05,-1.5141274874252089e-05,0,1.5141274874252089e-05,3.0282549748504178e-05,-0.24543750286102295,-0.44178751111030579,0.00390625,0,34,34,0,0,1,1,9.9768919999998484,0.023108000000151563
153,1.522601997,DUAL_CURRENT_HOLD,1,1,5.4675040245056152,2.3970422744750977,-0,0,5.4676957130432129,2.3970422744750977,-3.0282549748504178e-05,0,-1.5141274874252089e-05,0,1.5141274874252089e-05,-3.0282549748504178e-05,0.12271875143051147,-0.073631249368190765,0.00390625,0,34,34,0,0,1,1,10.072362000000057,0.072362000000056881
154,1.5326026159999999,DUAL_CURRENT_HOLD,1,1,5.4675040245056152,2.3970422744750977,-0,0,5.4675040245056152,2.3970422744750977,-0,0,0,0,0,-0,-0.24543750286102295,0,0,0,34,34,0,0,1,1,10.000618999999933,0.00061899999993286769
155,1.5424209099999999,DUAL_CURRENT_HOLD,1,1,5.4675040245056152,2.3970422744750977,-0,0,5.4678874015808105,2.3970422744750977,-6.0565099497008357e-05,0,-3.0282549748504178e-05,0,3.0282549748504178e-05,-6.0565099497008357e-05,0.39269998669624329,0.12271875143051147,-0.0078125,0,34,34,0,0,1,1,9.8182940000000052,0.18170599999999482
156,1.5525943950000001,DUAL_CURRENT_HOLD,1,1,5.4675040245056152,2.3970422744750977,-0,0,5.4675040245056152,2.3970422744750977,-0,0,0,0,0,-0,-0.24543750286102295,0,0,0,34,34,0,0,1,1,10.173485000000149,0.17348500000014866
157,1.5626039089999999,DUAL_CURRENT_HOLD,1,1,5.4675040245056152,2.3970422744750977,-0,0,5.4675040245056152,2.3970422744750977,-0,0,0,0,0,-0,-0.24543750286102295,0,-0.00390625,0,34,34,0,0,1,1,10.009513999999831,0.0095139999998306024
158,1.5726078969999999,DUAL_CURRENT_HOLD,1,1,5.4675040245056152,2.3970422744750977,-0,0,5.4675040245056152,2.3968505859375,-0,-3.0282549748504178e-05,-1.5141274874252089e-05,0,1.5141274874252089e-05,3.0282549748504178e-05,-0.29452499747276306,-0.26998123526573181,0.00390625,0.0078125,34,34,0,0,1,1,10.003988000000019,0.0039880000000191984
159,1.5825730440000001,DUAL_CURRENT_HOLD,1,1,5.4675040245056152,2.3970422744750977,-0,0,5.4675040245056152,2.3970422744750977,-0,0,0,0,0,-0,-0.24543750286102295,0,0,0,34,34,0,0,1,1,9.9651470000001741,0.03485299999982594
160,1.5924212470000001,DUAL_CURRENT_HOLD,1,1,5.4675040245056152,2.3970422744750977,-0,0,5.4676957130432129,2.3968505859375,-3.0282549748504178e-05,-3.0282549748504178e-05,-3.0282549748504178e-05,0,3.0282549748504178e-05,0,0.12271875143051147,-0.36815625429153442,0.00390625,0,34,34,0,0,1,1,9.8482029999999998,0.15179700000000018
161,1.602418707,DUAL_CURRENT_HOLD,1,1,5.4675040245056152,2.3970422744750977,-0,0,5.4675040245056152,2.3970422744750977,-0,0,0,0,0,-0,-0.24543750286102295,-0.17180624604225159,0.00390625,0,34,34,0,0,1,1,9.9974599999999025,0.0025400000000974643
162,1.612418632,DUAL_CURRENT_HOLD,1,1,5.4675040245056152,2.3970422744750977,-0,0,5.4676957130432129,2.3970422744750977,-3.0282549748504178e-05,0,-1.5141274874252089e-05,0,1.5141274874252089e-05,-3.0282549748504178e-05,0.098174996674060822,0,0.00390625,0,34,34,0,0,1,1,9.9999250000000206,7.4999999979397103e-05
163,1.622624187,DUAL_CURRENT_HOLD,1,1,5.4675040245056152,2.3970422744750977,-0,0,5.4675040245056152,2.3968505859375,-0,-3.0282549748504178e-05,-1.5141274874252089e-05,0,1.5141274874252089e-05,3.0282549748504178e-05,-0.24543750286102295,-0.34361249208450317,0,0,34,34,0,0,1,1,10.205554999999977,0.20555499999997728
164,1.6325304169999999,DUAL_CURRENT_HOLD,1,1,5.4675040245056152,2.3970422744750977,-0,0,5.4675040245056152,2.3970422744750977,-0,0,0,0,0,-0,-0.24543750286102295,-0.12271875143051147,0.00390625,0,34,34,0,0,1,1,9.9062299999999048,0.093770000000095166
165,1.642417888,DUAL_CURRENT_HOLD,1,1,5.4675040245056152,2.3970422744750977,-0,0,5.4675040245056152,2.3970422744750977,-0,0,0,0,0,-0,-0.24543750286102295,-0.049087498337030411,0.0078125,-0.0078125,34,34,0,0,1,1,9.887471000000092,0.11252899999990795
166,1.652551739,DUAL_CURRENT_HOLD,1,1,5.4675040245056152,2.3970422744750977,-0,0,5.4675040245056152,2.3970422744750977,-0,0,0,0,0,-0,-0.24543750286102295,0.073631249368190765,0.0078125,0,34,34,0,0,1,1,10.133850999999972,0.13385099999997152
167,1.6625875240000001,DUAL_CURRENT_HOLD,1,1,5.4675040245056152,2.3970422744750977,-0,0,5.4675040245056152,2.3968505859375,-0,-3.0282549748504178e-05,-1.5141274874252089e-05,0,1.5141274874252089e-05,3.0282549748504178e-05,-0.24543750286102295,-0.36815625429153442,-0.00390625,0.0078125,34,34,0,0,1,1,10.03578500000013,0.035785000000130296
168,1.672529114,DUAL_CURRENT_HOLD,1,1,5.4675040245056152,2.3970422744750977,-0,0,5.4675040245056152,2.3970422744750977,-0,0,0,0,0,-0,-0.24543750286102295,-0.049087498337030411,0.0078125,0,34,34,0,0,1,1,9.9415899999999446,0.058410000000055362
169,1.6825417709999999,DUAL_CURRENT_HOLD,1,1,5.4675040245056152,2.3970422744750977,-0,0,5.4675040245056152,2.3968505859375,-0,-3.0282549748504178e-05,-1.5141274874252089e-05,0,1.5141274874252089e-05,3.0282549748504178e-05,-0.24543750286102295,-0.26998123526573181,0.00390625,-0.00390625,34,34,0,0,1,1,10.012656999999869,0.012656999999869356
170,1.6924219149999999,DUAL_CURRENT_HOLD,1,1,5.4675040245056152,2.3970422744750977,-0,0,5.4675040245056152,2.3970422744750977,-0,0,0,0,0,-0,-0.24543750286102295,0.049087498337030411,0.00390625,0,34,34,0,0,1,1,9.8801440000000351,0.11985599999996488
171,1.7025986289999999,DUAL_CURRENT_HOLD,1,1,5.4675040245056152,2.3970422744750977,-0,0,5.4675040245056152,2.3968505859375,-0,-3.0282549748504178e-05,-1.5141274874252089e-05,0,1.5141274874252089e-05,3.0282549748504178e-05,-0.24543750286102295,-0.12271875143051147,0.00390625,0,34,34,0,0,1,1,10.176713999999976,0.17671399999997561
172,1.7125962029999999,DUAL_CURRENT_HOLD,1,1,5.4675040245056152,2.3970422744750977,-0,0,5.4675040245056152,2.3970422744750977,-0,0,0,0,0,-0,-0.24543750286102295,0,0.01171875,0,34,34,0,0,1,1,9.9975740000000091,0.0024259999999909354
173,1.722543787,DUAL_CURRENT_HOLD,1,1,5.4675040245056152,2.3970422744750977,-0,0,5.4675040245056152,2.3970422744750977,-0,0,0,0,0,-0,-0.24543750286102295,0.049087498337030411,0,0,34,34,0,0,1,1,9.9475840000000648,0.052415999999935181
174,1.73260382,DUAL_CURRENT_HOLD,1,1,5.4675040245056152,2.3970422744750977,-0,0,5.4675040245056152,2.3970422744750977,-0,0,0,0,0,-0,-0.24543750286102295,0.17180624604225159,0.00390625,0,34,34,0,0,1,1,10.060033000000024,0.060033000000023762
175,1.742422288,DUAL_CURRENT_HOLD,1,1,5.4675040245056152,2.3970422744750977,-0,0,5.4676957130432129,2.3968505859375,-3.0282549748504178e-05,-3.0282549748504178e-05,-3.0282549748504178e-05,0,3.0282549748504178e-05,0,0.12271875143051147,-0.24543750286102295,0.0078125,0,34,34,0,0,1,1,9.8184679999999691,0.18153200000003089
176,1.7525552820000001,DUAL_CURRENT_HOLD,1,1,5.4675040245056152,2.3970422744750977,-0,0,5.4675040245056152,2.3970422744750977,-0,0,0,0,0,-0,0.12271875143051147,0.049087498337030411,0.00390625,0,34,34,0,0,1,1,10.132994000000117,0.1329940000001173
177,1.7624676829999999,DUAL_CURRENT_HOLD,1,1,5.4675040245056152,2.3970422744750977,-0,0,5.4678874015808105,2.3968505859375,-6.0565099497008357e-05,-3.0282549748504178e-05,-4.5423824622756271e-05,0,4.5423824622756271e-05,-3.0282549748504178e-05,0.44178751111030579,-0.29452499747276306,0.00390625,-0.00390625,34,34,0,0,1,1,9.9124009999997931,0.087599000000206928
178,1.7726092,DUAL_CURRENT_HOLD,1,1,5.4675040245056152,2.3970422744750977,-0,0,5.4675040245056152,2.3968505859375,-0,-3.0282549748504178e-05,-1.5141274874252089e-05,0,1.5141274874252089e-05,3.0282549748504178e-05,-0.24543750286102295,-0.26998123526573181,0,0.0078125,34,34,0,0,1,1,10.1415170000001,0.14151700000009981
179,1.7826014400000001,DUAL_CURRENT_HOLD,1,1,5.4675040245056152,2.3970422744750977,-0,0,5.4675040245056152,2.3966588973999023,-0,-6.0565099497008357e-05,-3.0282549748504178e-05,0,3.0282549748504178e-05,6.0565099497008357e-05,-0.24543750286102295,-0.51541876792907715,0.0078125,0.00390625,34,34,0,0,1,1,9.9922400000000966,0.0077599999999033997
180,1.792421507,DUAL_CURRENT_HOLD,1,1,5.4675040245056152,2.3970422744750977,-0,0,5.4675040245056152,2.3970422744750977,-0,0,0,0,0,-0,-0.24543750286102295,0,0.00390625,0,34,34,0,0,1,1,9.8200669999999324,0.17993300000006762
181,1.802616966,DUAL_CURRENT_HOLD,1,1,5.4675040245056152,2.3970422744750977,-0,0,5.4675040245056152,2.3970422744750977,-0,0,0,0,0,-0,-0.24543750286102295,0.024543749168515205,0.00390625,0,34,34,0,0,1,1,10.195458999999962,0.1954589999999623
182,1.8125420640000001,DUAL_CURRENT_HOLD,1,1,5.4675040245056152,2.3970422744750977,-0,0,5.4675040245056152,2.3968505859375,-0,-3.0282549748504178e-05,-1.5141274874252089e-05,0,1.5141274874252089e-05,3.0282549748504178e-05,-0.24543750286102295,-0.31906875967979431,0.0078125,0.0078125,34,34,0,0,1,1,9.9250980000000766,0.074901999999923419
183,1.822598768,DUAL_CURRENT_HOLD,1,1,5.4675040245056152,2.3970422744750977,-0,0,5.4675040245056152,2.3968505859375,-0,-3.0282549748504178e-05,-1.5141274874252089e-05,0,1.5141274874252089e-05,3.0282549748504178e-05,-0.24543750286102295,-0.24543750286102295,0.00390625,0,34,34,0,0,1,1,10.056703999999916,0.056703999999916377
184,1.8324219930000001,DUAL_CURRENT_HOLD,1,1,5.4675040245056152,2.3970422744750977,-0,0,5.4675040245056152,2.3970422744750977,-0,0,0,0,0,-0,-0.22089375555515289,-0.26998123526573181,0.01171875,0.0078125,34,34,0,0,1,1,9.823225000000102,0.17677499999989799
185,1.842461001,DUAL_CURRENT_HOLD,1,1,5.4675040245056152,2.3970422744750977,-0,0,5.4675040245056152,2.3968505859375,-0,-3.0282549748504178e-05,-1.5141274874252089e-05,0,1.5141274874252089e-05,3.0282549748504178e-05,-0.24543750286102295,-0.26998123526573181,0.00390625,0.00390625,34,34,0,0,1,1,10.039007999999905,0.039007999999904897
186,1.852418398,DUAL_CURRENT_HOLD,1,1,5.4675040245056152,2.3970422744750977,-0,0,5.4675040245056152,2.3966588973999023,-0,-6.0565099497008357e-05,-3.0282549748504178e-05,0,3.0282549748504178e-05,6.0565099497008357e-05,-0.29452499747276306,-0.46633124351501465,0,0.0078125,34,34,0,0,1,1,9.957396999999979,0.042603000000021041
187,1.8626272699999999,DUAL_CURRENT_HOLD,1,1,5.4675040245056152,2.3970422744750977,-0,0,5.4675040245056152,2.3970422744750977,-0,0,0,0,0,-0,-0.24543750286102295,0.098174996674060822,0,0.00390625,34,34,0,0,1,1,10.20887199999998,0.20887199999997996
188,1.872442905,DUAL_CURRENT_HOLD,1,1,5.4675040245056152,2.3970422744750977,-0,0,5.4675040245056152,2.3968505859375,-0,-3.0282549748504178e-05,-1.5141274874252089e-05,0,1.5141274874252089e-05,3.0282549748504178e-05,-0.24543750286102295,-0.24543750286102295,0.0078125,0,34,34,0,0,1,1,9.8156350000000447,0.18436499999995526
189,1.8825607529999999,DUAL_CURRENT_HOLD,1,1,5.4675040245056152,2.3970422744750977,-0,0,5.4675040245056152,2.3966588973999023,-0,-6.0565099497008357e-05,-3.0282549748504178e-05,0,3.0282549748504178e-05,6.0565099497008357e-05,-0.24543750286102295,-0.53996247053146362,0.0078125,0,34,34,0,0,1,1,10.117847999999929,0.11784799999992934
190,1.892418157,DUAL_CURRENT_HOLD,1,1,5.4675040245056152,2.3970422744750977,-0,0,5.4675040245056152,2.3970422744750977,-0,0,0,0,0,-0,-0.24543750286102295,0.17180624604225159,0.0078125,0,34,34,0,0,1,1,9.8574040000001251,0.14259599999987493
191,1.902564911,DUAL_CURRENT_HOLD,1,1,5.4675040245056152,2.3970422744750977,-0,0,5.4676957130432129,2.3970422744750977,-3.0282549748504178e-05,0,-1.5141274874252089e-05,0,1.5141274874252089e-05,-3.0282549748504178e-05,0.12271875143051147,0,-0.00390625,0,34,34,0,0,1,1,10.14675399999998,0.14675399999998007
192,1.9124169550000001,DUAL_CURRENT_HOLD,1,1,5.4675040245056152,2.3970422744750977,-0,0,5.4675040245056152,2.3970422744750977,-0,0,0,0,0,-0,-0.24543750286102295,0.024543749168515205,0.01171875,0,34,34,0,0,1,1,9.8520440000000598,0.14795599999994025
193,1.9224548560000001,DUAL_CURRENT_HOLD,1,1,5.4675040245056152,2.3970422744750977,-0,0,5.4676957130432129,2.3970422744750977,-3.0282549748504178e-05,0,-1.5141274874252089e-05,0,1.5141274874252089e-05,-3.0282549748504178e-05,0.12271875143051147,0.098174996674060822,0.0078125,0.01171875,34,34,0,0,1,1,10.037901000000016,0.037901000000015728
194,1.932568085,DUAL_CURRENT_HOLD,1,1,5.4675040245056152,2.3970422744750977,-0,0,5.4675040245056152,2.3970422744750977,-0,0,0,0,0,-0,-0.24543750286102295,0.024543749168515205,0.00390625,0.00390625,34,34,0,0,1,1,10.11322899999989,0.11322899999989033
195,1.94241613,DUAL_CURRENT_HOLD,1,1,5.4675040245056152,2.3970422744750977,-0,0,5.4678874015808105,2.3968505859375,-6.0565099497008357e-05,-3.0282549748504178e-05,-4.5423824622756271e-05,0,4.5423824622756271e-05,-3.0282549748504178e-05,0.46633124351501465,-0.24543750286102295,0,0,34,34,0,0,1,1,9.8480450000000275,0.15195499999997253
196,1.9525167699999999,DUAL_CURRENT_HOLD,1,1,5.4675040245056152,2.3970422744750977,-0,0,5.4676957130432129,2.3970422744750977,-3.0282549748504178e-05,0,-1.5141274874252089e-05,0,1.5141274874252089e-05,-3.0282549748504178e-05,0.098174996674060822,0.19634999334812164,0.00390625,0.00390625,34,34,0,0,1,1,10.100639999999883,0.10063999999988305
197,1.9625572979999999,DUAL_CURRENT_HOLD,1,1,5.4675040245056152,2.3970422744750977,-0,0,5.4676957130432129,2.3968505859375,-3.0282549748504178e-05,-3.0282549748504178e-05,-3.0282549748504178e-05,0,3.0282549748504178e-05,0,0.12271875143051147,-0.17180624604225159,0.01171875,0.0078125,34,34,0,0,1,1,10.040527999999993,0.040527999999993014
198,1.972637175,DUAL_CURRENT_HOLD,1,1,5.4675040245056152,2.3970422744750977,-0,0,5.4675040245056152,2.3968505859375,-0,-3.0282549748504178e-05,-1.5141274874252089e-05,0,1.5141274874252089e-05,3.0282549748504178e-05,-0.24543750286102295,-0.34361249208450317,0.0078125,0,34,34,0,0,1,1,10.079877000000126,0.079877000000125875
199,1.982416087,DUAL_CURRENT_HOLD,1,1,5.4675040245056152,2.3970422744750977,-0,0,5.4676957130432129,2.3970422744750977,-3.0282549748504178e-05,0,-1.5141274874252089e-05,0,1.5141274874252089e-05,-3.0282549748504178e-05,-0.073631249368190765,0,0,0,34,34,0,0,1,1,9.7789120000000285,0.22108799999997153
200,1.992447654,PLUS_5_PROFILE,1,1,5.4675040245056152,2.3970422744750977,-0,0,5.4675040245056152,2.3968505859375,-0,-3.0282549748504178e-05,-1.5141274874252089e-05,0,1.5141274874252089e-05,3.0282549748504178e-05,-0.24543750286102295,0.049087498337030411,0.00390625,0.00390625,34,34,0,0,1,1,10.031566999999963,0.031566999999963485
201,2.0025656239999998,PLUS_5_PROFILE,1,1,5.4673383054951357,2.3972079934855772,-0.033143802095898151,0.033143802095898151,5.4675040245056152,2.3968505859375,-0,-3.0282549748504178e-05,-1.5141274874252089e-05,2.6179938779914941e-05,4.132121365416703e-05,3.0282549748504178e-05,0.12271875143051147,-0.24543750286102295,0,0,34,34,0,0,1,1,10.11796999999981,0.11796999999980962
202,2.0125666089999998,PLUS_5_PROFILE,1,1,5.466841148463697,2.3977051505170155,-0.066287604191796301,0.066287604191796301,5.4675040245056152,2.3968505859375,-0,-3.0282549748504178e-05,-1.5141274874252089e-05,0.00010471975511965977,0.00011986102999391185,3.0282549748504178e-05,-0.24543750286102295,-0.39269998669624329,0.00390625,0.00390625,34,34,0,0,1,1,10.000985000000018,0.00098500000001777721
203,2.022560559,PLUS_5_PROFILE,1,1,5.4660125534113,2.3985337455694129,-0.099431406287694452,0.099431406287694452,5.4676957130432129,2.3970422744750977,-3.0282549748504178e-05,0,-1.5141274874252089e-05,0.00023561944901923445,0.00025076072389348654,-3.0282549748504178e-05,0.049087498337030411,-0.073631249368190765,-0.00390625,0.00390625,34,34,0,0,1,1,9.9939500000001402,0.0060499999998597787
204,2.0325643750000002,PLUS_5_PROFILE,1,1,5.464852520337943,2.3996937786427694,-0.1325752083835926,0.1325752083835926,5.4675040245056152,2.3970422744750977,-0,0,0,0.00041887902047863906,0.00041887902047863906,-0,-0.19634999334812164,0,0,0.0078125,34,34,0,0,1,1,10.003816000000221,0.0038160000002207539
205,2.0424181020000001,PLUS_5_PROFILE,1,1,5.4633610492436278,2.4011852497370851,-0.16571901047949075,0.16571901047949075,5.4676957130432129,2.3970422744750977,-3.0282549748504178e-05,0,-1.5141274874252089e-05,0.00065449846949787362,0.00066963974437212576,-3.0282549748504178e-05,0.12271875143051147,0,-0.00390625,0.01953125,34,34,0,0,1,1,9.8537269999998678,0.14627300000013221
206,2.0524309409999999,PLUS_5_PROFILE,1,1,5.4615381401283534,2.4030081588523595,-0.1988628125753889,0.1988628125753889,5.4675040245056152,2.3970422744750977,-0,0,0,0.00094247779607693782,0.00094247779607693782,-0,-0.17180624604225159,-0.31906875967979431,0,0.0078125,34,34,0,0,1,1,10.012838999999829,0.01283899999982907
207,2.0624384180000002,PLUS_5_PROFILE,1,1,5.4593837929921198,2.4051625059885926,-0.23200661467128711,0.23200661467128711,5.4675040245056152,2.3970422744750977,-0,0,0,0.0012828170002158325,0.0012828170002158325,-0,-0.12271875143051147,-0.46633124351501465,-0.01171875,0.01953125,34,34,0,0,1,1,10.007477000000264,0.007477000000264411
208,2.0724155390000001,PLUS_5_PROFILE,1,1,5.4568980078349281,2.4076482911457853,-0.2651504167671852,0.2651504167671852,5.4673118591308594,2.3970422744750977,3.0357879474246726e-05,0,1.5178939737123363e-05,0.0016755160819145562,0.0016603371421774328,3.0357879474246726e-05,0.29452499747276306,-0.29452499747276306,-0.0078125,0.01171875,34,34,0,0,1,1,9.9771209999999222,0.022879000000077809
209,2.0824304960000002,PLUS_5_PROFILE,1,1,5.4540807846567763,2.4104655143239362,-0.29829421886308338,0.29829421886308338,5.4669284820556641,2.3970422744750977,9.0922978971255076e-05,0,4.5461489485627538e-05,0.00212057504117311,0.0020751135516874825,9.0922978971255076e-05,0,-0.19634999334812164,-0.0234375,0.0234375,34,34,0,0,1,1,10.014957000000102,0.014957000000102028
210,2.0924183240000001,PLUS_5_PROFILE,1,1,5.4509321234576662,2.4136141755230467,-0.33143802095898151,0.33143802095898151,5.4667367935180664,2.3972339630126953,0.00012120552871975926,3.0282549748504178e-05,7.5744039234131716e-05,0.0026179938779914945,0.0025422498387573629,9.0922978971255089e-05,0.073631249368190765,-0.22089375555515289,-0.01953125,0.01953125,34,34,0,0,1,1,9.9878279999998654,0.012172000000134631
211,2.1024145829999998,PLUS_5_PROFILE,1,1,5.447452024237597,2.4170942747431159,-0.36458182305487968,0.36458182305487968,5.4663534164428711,2.3974258899688721,0.0001817706282167676,6.060276435987963e-05,0.00012118669628832362,0.0031677725923697081,0.0030465858960813845,0.00012116786385688797,-0.61359375715255737,0.098174996674060822,-0.01953125,0.02734375,34,34,0,0,1,1,9.9962589999997853,0.0037410000002147115
212,2.112415371,PLUS_5_PROFILE,1,1,5.4436404869965687,2.4209058119841442,-0.39772562515077781,0.39772562515077781,5.4667367935180664,2.3972339630126953,0.00012120552871975926,3.0282549748504178e-05,7.5744039234131716e-05,0.0037699111843077513,0.0036941671450736197,9.0922978971255089e-05,0.049087498337030411,-0.31906875967979431,-0.02734375,0.02734375,34,34,0,0,1,1,10.000788000000149,0.00078800000014922489
213,2.1224312209999998,PLUS_5_PROFILE,1,1,5.4394975117345812,2.4250487872461317,-0.43086942724667598,0.43086942724667598,5.4665451049804688,2.3974258899688721,0.00015148807846826343,6.060276435987963e-05,0.00010604542141407153,0.0044244096538056258,0.0043183642323915538,9.0885314108383802e-05,0.024543749168515205,0,-0.0234375,0.02734375,34,34,0,0,1,1,10.015849999999826,0.015849999999826281
214,2.1324145680000002,PLUS_5_PROFILE,1,1,5.4350230984516354,2.4295232005290779,-0.46401322934257422,0.46401322934257422,5.4661617279052734,2.3976175785064697,0.0002120531779652718,9.0885314108383802e-05,0.00015146924603682779,0.0051312680008633298,0.0049797987548265022,0.000121167863856888,-0.17180624604225159,0,-0.03515625,0.03515625,34,34,0,0,1,1,9.9833470000003643,0.016652999999635654
215,2.142475841,PLUS_5_PROFILE,1,1,5.4302172471477297,2.4343290518329832,-0.49715703143847223,0.49715703143847223,5.4659700393676758,2.3976175785064697,0.00024233572771377597,9.0885314108383802e-05,0.00016661052091107987,0.0058904862254808609,0.0057238757045697808,0.00015145041360539217,-0.098174996674060822,-0.098174996674060822,-0.03515625,0.0390625,34,34,0,0,1,1,10.061272999999815,0.06127299999981517
216,2.1524230499999999,PLUS_5_PROFILE,1,1,5.4250799578228657,2.4394663411578472,-0.53030083353437041,0.53030083353437041,5.4661617279052734,2.3976175785064697,0.0002120531779652718,9.0885314108383802e-05,0.00015146924603682779,0.006702064327658225,0.0065505950816213973,0.000121167863856888,0.31906875967979431,0,-0.04296875,0.0390625,34,34,0,0,1,1,9.9472089999999014,0.05279100000009862
217,2.1624241180000001,PLUS_5_PROFILE,1,1,5.4196112304770425,2.4449350685036704,-0.56344463563026859,0.56344463563026859,5.4657778739929199,2.3976175785064697,0.00027269360718802269,9.0885314108383802e-05,0.00018178946064820325,0.0075660023073954186,0.0073842128467472151,0.00018180829307963889,0.14726249873638153,0,-0.04296875,0.05859375,34,34,0,0,1,1,10.001068000000224,0.0010680000002238899
218,2.1724227200000001,PLUS_5_PROFILE,1,1,5.4138110651102602,2.4507352338704527,-0.59658843772616676,0.59658843772616676,5.4653944969177246,2.3974258899688721,0.00033325870668503104,6.060276435987963e-05,0.00019693073552245533,0.0084823001646924402,0.008285369429169985,0.00027265594232515141,-0.34361249208450317,-0.39269998669624329,-0.05078125,0.0546875,34,34,0,0,1,1,9.9986020000000231,0.0013979999999769177
219,2.1824212809999999,PLUS_5_PROFILE,1,1,5.4076794617225188,2.4568668372581937,-0.62973223982206483,0.62973223982206483,5.4655861854553223,2.3978092670440674,0.00030297615693652686,0.00012116786385688799,0.00021207201039670742,0.0094509578995492938,0.0092388858891525871,0.00018180829307963889,0.12271875143051147,-0.24543750286102295,-0.06640625,0.0703125,34,34,0,0,1,1,9.9985609999997394,0.0014390000002606484
220,2.1924259080000001,PLUS_5_PROFILE,1,1,5.4012164203138191,2.4633298786668938,-0.66287604191796301,0.66287604191796301,5.465202808380127,2.3981928825378418,0.00036354125643353521,0.0001817706282167676,0.00027265594232515141,0.010471975511965978,0.010199319569640826,0.0001817706282167676,-0.31906875967979431,-0.19634999334812164,-0.05859375,0.0703125,34,34,0,0,1,1,10.004627000000266,0.0046270000002657241
221,2.2024182620000001,PLUS_5_PROFILE,1,1,5.3944219408841594,2.4701243580965531,-0.69601984401386119,0.69601984401386119,5.4650111198425293,2.3983845710754395,0.00039382380618203938,0.0002120531779652718,0.00030293849207365558,0.011545353001942487,0.011242414509868832,0.00018177062821676758,0.024543749168515205,-0.24543750286102295,-0.06640625,0.08203125,34,34,0,0,1,1,9.9923539999999811,0.0076460000000189154
222,2.2125536490000002,PLUS_5_PROFILE,1,1,5.3872960234335414,2.477250275547171,-0.72916364610975937,0.72916364610975937,5.464627742767334,2.3987679481506348,0.00045438890567904778,0.00027261827746228017,0.00036350359157066397,0.012671090369478832,0.012307586777908169,0.0001817706282167676,-0.24543750286102295,-0.24543750286102295,-0.07421875,0.08203125,34,34,0,0,1,1,10.135387000000051,0.13538700000005122
223,2.2225707140000002,PLUS_5_PROFILE,1,1,5.3798386679619643,2.4847076310187481,-0.76230744820565743,0.76230744820565743,5.4644360542297363,2.3989598751068115,0.00048467145542755195,0.00030293849207365558,0.00039380497375060379,0.013849187614575004,0.013455382640824401,0.00018173296335389637,0,0.049087498337030411,-0.0859375,0.08203125,34,34,0,0,1,1,10.017064999999992,0.01706499999999167
224,2.2325470420000002,PLUS_5_PROFILE,1,1,5.3720498744694289,2.4924964245112844,-0.79545125030155561,0.79545125030155561,5.4636688232421875,2.3989598751068115,0.00060587698414731115,0.00030293849207365558,0.00045440773811048337,0.015079644737231005,0.014625236999120522,0.00030293849207365558,-0.29452499747276306,-0.36815625429153442,-0.0859375,0.08984375,34,34,0,0,1,1,9.9763280000000343,0.02367199999996572
225,2.2425610360000001,PLUS_5_PROFILE,1,1,5.3639296429559336,2.5006166560247793,-0.82859505239745379,0.82859505239745379,5.462709903717041,2.3997268676757812,0.00075736506261557459,0.00042410635593054361,0.00059073570927305912,0.016362461737446838,0.015771726028173779,0.00033325870668503098,-0.24543750286102295,0,-0.09375,0.1015625,34,34,0,0,1,1,10.013993999999915,0.013993999999915019
226,2.2525626540000001,PLUS_5_PROFILE,1,1,5.355477973421479,2.5090683255592334,-0.86173885449335197,0.86173885449335197,5.4619431495666504,2.4003019332885742,0.00087849526160959138,0.00051495400517605607,0.00069672463339282378,0.017697638615222503,0.017000913981829679,0.00036354125643353532,0.12271875143051147,-0.024543749168515205,-0.09375,0.10546875,34,34,0,0,1,1,10.00161799999999,0.0016179999999899053
227,2.2624206060000001,PLUS_5_PROFILE,1,1,5.3466948658660662,2.5178514331146467,-0.89488265658925015,0.89488265658925015,5.4607925415039062,2.4010689258575439,0.001060265889826359,0.00063612186903294415,0.00084819387942965162,0.019085175370557997,0.018236981491128346,0.00042414402079341484,0.12271875143051147,-0.34361249208450317,-0.1015625,0.1015625,34,34,0,0,1,1,9.8579519999999476,0.14204800000005235
228,2.2724900020000001,PLUS_5_PROFILE,1,1,5.3375803202896943,2.5269659786910186,-0.92802645868514844,0.92802645868514844,5.4583001136779785,2.401644229888916,0.0014540143662826559,0.00072700718314132795,0.0010905107747119919,0.020525072003453319,0.019434561228741327,0.00072700718314132795,-0.36815625429153442,0.34361249208450317,-0.1015625,0.109375,34,34,0,0,1,1,10.069396000000008,0.069396000000008229
229,2.282540601,PLUS_5_PROFILE,1,1,5.3281343366923632,2.5364119622883492,-0.96117026078104639,0.96117026078104639,5.4544649124145508,2.4020278453826904,0.0020598913504299671,0.00078760994750120758,0.0014237506489655873,0.022017328513908464,0.020593577864942876,0.0012722814029287595,-0.7117687463760376,0.049087498337030411,-0.1015625,0.1328125,34,34,0,0,1,1,10.050598999999938,0.050598999999937888
230,2.2924228379999998,PLUS_5_PROFILE,1,1,5.3183569150740739,2.5461893839066394,-0.99431406287694446,0.99431406287694446,5.4515886306762695,2.4022195339202881,0.0025142802561090149,0.00081789249724971175,0.0016660863766793633,0.023561944901923444,0.021895858525244082,0.0016963877588593032,-0.44178751111030579,-0.34361249208450317,-0.1171875,0.1328125,34,34,0,0,1,1,9.8822369999997939,0.11776300000020612
231,2.3024227000000002,PLUS_5_PROFILE,1,1,5.3082480554348246,2.5562982435458883,-1.0274578649728427,1.0274578649728427,5.4513969421386719,2.4031782150268555,0.0025445628058575189,0.0009693429108551039,0.0017569528583563114,0.025158921167498256,0.023401968309141943,0.0015752198950024152,0.073631249368190765,0.17180624604225159,-0.125,0.13671875,34,34,0,0,1,1,9.9998620000003591,0.00013799999964092535
232,2.3124204019999999,PLUS_5_PROFILE,1,1,5.297807757774617,2.5667385412060963,-1.0606016670687408,1.0606016670687408,5.4510135650634766,2.4037535190582275,0.0026051279053545275,0.0010602282249634876,0.0018326780651590074,0.0268082573106329,0.024975579245473892,0.0015448996803910399,-0.24543750286102295,0.19634999334812164,-0.13671875,0.140625,34,34,0,0,1,1,9.9977019999997196,0.0022980000002803536
233,2.322419521,PLUS_5_PROFILE,1,1,5.2870360220934494,2.5775102768872631,-1.0937454691646391,1.0937454691646391,5.4506301879882812,2.4039452075958252,0.0026656930048515356,0.0010905107747119919,0.0018781018897817638,0.028509953331327373,0.026631851441545611,0.0015751822301395438,-0.7608562707901001,-0.39269998669624329,-0.1484375,0.15625,34,34,0,0,1,1,9.9991190000001673,0.00088099999983271005
234,2.3324197089999998,PLUS_5_PROFILE,1,1,5.2760065012848703,2.5885397976958426,-1.1047934031966051,1.1047934031966051,5.4504380226135254,2.4050958156585693,0.0026960508843257825,0.0012722814029287595,0.001984166143627271,0.030252373701235048,0.028268207557607776,0.001423769481397023,-0.073631249368190765,-0.24543750286102295,-0.1484375,0.16796875,34,34,0,0,1,1,10.000187999999799,0.00018799999979890458
235,2.342418908,PLUS_5_PROFILE,1,1,5.2649585672529042,2.5995877317278087,-1.1047934031966051,1.1047934031966051,5.4500546455383301,2.4056708812713623,0.0027566159838227906,0.0013631290521742721,0.0020598725179985311,0.03199770295322938,0.02993783043523085,0.0013934869316485185,-0.24543750286102295,-0.24543750286102295,-0.1640625,0.17578125,34,34,0,0,1,1,9.9991990000001252,0.00080099999987481851
236,2.3524700539999999,PLUS_5_PROFILE,1,1,5.2539106332209382,2.6106356657597747,-1.1047934031966051,1.1047934031966051,5.4498629570007324,2.4060544967651367,0.0027868985335712951,0.0014237318165341516,0.0021053151750527231,0.033743032205223698,0.031637717030170973,0.0013631667170371435,-0.31906875967979431,-0.22089375555515289,-0.1640625,0.17578125,34,34,0,0,1,1,10.0511459999999,0.051145999999899772
237,2.362527896,PLUS_5_PROFILE,1,1,5.2428626991889722,2.6216835997917407,-1.1047934031966051,1.1047934031966051,5.4496712684631348,2.4062461853027344,0.0028171810833197992,0.0014540143662826559,0.0021355977248012276,0.03548836145721803,0.033352763732416801,0.0013631667170371433,-0.049087498337030411,0,-0.171875,0.17578125,34,34,0,0,1,1,10.05784200000015,0.057842000000150051
238,2.3725335900000002,PLUS_5_PROFILE,1,1,5.2318147651570062,2.6327315338237067,-1.1047934031966051,1.1047934031966051,5.4492878913879395,2.4070131778717041,0.0028777461828168073,0.0015751822301395438,0.0022264642064781758,0.037233690709212362,0.03500722650273419,0.0013025639526772635,-0.049087498337030411,0.22089375555515289,-0.17578125,0.18359375,34,34,0,0,1,1,10.005694000000176,0.0056940000001759472
239,2.3825518269999999,PLUS_5_PROFILE,1,1,5.2207668311250401,2.6437794678556727,-1.1047934031966051,1.1047934031966051,5.4490962028503418,2.4077801704406738,0.0029080287325653118,0.0016963500939964318,0.0023021894132808718,0.038979019961206694,0.036676830547925823,0.00121167863856888,-0.049087498337030411,0.22089375555515289,-0.1875,0.19140625,34,34,0,0,1,1,10.018236999999708,0.018236999999707848
240,2.3925277679999999,PLUS_5_PROFILE,1,1,5.2097188970930741,2.6548274018876388,-1.1047934031966051,1.1047934031966051,5.4489040374755859,2.4081637859344482,0.0029383866120395582,0.0017569528583563114,0.0023476697351979348,0.040724349213201019,0.038376679478003085,0.0011814337536832469,0,-0.34361249208450317,-0.19140625,0.19921875,34,34,0,0,1,1,9.9759409999999882,0.024059000000011821
241,2.40242793,PLUS_5_PROFILE,1,1,5.1986709630611081,2.6658753359196048,-1.1047934031966051,1.1047934031966051,5.4485206604003906,2.4091224670410156,0.0029989517115365668,0.0019084032719617035,0.0024536774917491349,0.042469678465195351,0.040016000973446215,0.0010905484395748633,-0.29452499747276306,0.024543749168515205,-0.203125,0.20703125,34,34,0,0,1,1,9.9001620000001012,0.099837999999898841
242,2.4124788810000002,PLUS_5_PROFILE,1,1,5.1876230290291421,2.6769232699515708,-1.1047934031966051,1.1047934031966051,5.4487123489379883,2.4102728366851807,0.0029686691617880627,0.0020901362353155997,0.002529402698551831,0.044215007717189676,0.041685605018637842,0.00087853292647246299,0.14726249873638153,-0.14726249873638153,-0.20703125,0.20703125,34,34,0,0,1,1,10.050951000000197,0.0509510000001967
243,2.4225236630000002,PLUS_5_PROFILE,1,1,5.1765750949971761,2.6879712039835368,-1.1047934031966051,1.1047934031966051,5.44775390625,2.4116151332855225,0.0031200819105305835,0.0023021894132808718,0.0027111356619057276,0.045960336969184008,0.04324920130727828,0.00081789249724971164,-0.80994373559951782,-0.17180624604225159,-0.203125,0.21875,34,34,0,0,1,1,10.04478200000003,0.044782000000029853
244,2.4325206760000002,PLUS_5_PROFILE,1,1,5.16552716096521,2.6990191380155029,-1.1047934031966051,1.1047934031966051,5.44775390625,2.4127657413482666,0.0031200819105305835,0.0024839600414976394,0.0028020209760141112,0.047705666221178333,0.044903645245164221,0.00063612186903294404,0,0.024543749168515205,-0.21875,0.23046875,34,34,0,0,1,1,9.997012999999999,0.0029870000000009611
245,2.442549659,PLUS_5_PROFILE,1,1,5.154479226933244,2.7100670720474689,-1.1047934031966051,1.1047934031966051,5.4473700523376465,2.4142997264862061,0.0031807223397533344,0.0027262957692114152,0.0029535090544823748,0.049450995473172665,0.046497486418690288,0.00045442657054191923,-0.31906875967979431,0.46633124351501465,-0.23046875,0.23046875,34,34,0,0,1,1,10.028982999999769,0.028982999999769277
246,2.452529277,PLUS_5_PROFILE,1,1,5.143431292901278,2.7211150060794349,-1.1047934031966051,1.1047934031966051,5.4467949867248535,2.4156417846679688,0.003271569988998847,0.0029383112823138159,0.0031049406356563314,0.051196324725166997,0.048091384089510664,0.00033325870668503114,-0.26998123526573181,-0.049087498337030411,-0.22265625,0.234375,34,34,0,0,1,1,9.9796180000000234,0.020381999999976586
247,2.4625331469999998,PLUS_5_PROFILE,1,1,5.132383358869312,2.7321629401114014,-1.1047934031966051,1.1047934031966051,5.445836067199707,2.4171757698059082,0.0034230580674671101,0.0031806470100275916,0.0033018525387473506,0.052941653977161329,0.049639801438413976,0.00024241105743951852,-0.24543750286102295,0.12271875143051147,-0.23828125,0.23828125,34,34,0,0,1,1,10.003869999999804,0.0038699999998037526
248,2.4724254459999999,PLUS_5_PROFILE,1,1,5.1213354248373459,2.743210874143367,-1.1047934031966051,1.1047934031966051,5.4450693130493164,2.41851806640625,0.0035441882664611268,0.0033927001879928637,0.0034684442272269952,0.054686983229155647,0.051218539001928652,0.00015148807846826311,-0.39269998669624329,0,-0.23828125,0.25,34,34,0,0,1,1,9.8922990000001043,0.10770099999989569
249,2.4824782110000001,PLUS_5_PROFILE,1,1,5.1102874908053799,2.7542588081753334,-1.1047934031966051,1.1047934031966051,5.4448776245117188,2.4198603630065918,0.0035744708162096313,0.0036047533659581354,0.0035896120910838833,0.056432312481149979,0.052842700390066097,-3.0282549748504063e-05,-0.12271875143051147,0.19634999334812164,-0.25390625,0.25,34,34,0,0,1,1,10.052765000000186,0.05276500000018558
250,2.4924558349999999,PLUS_5_PROFILE,1,1,5.0992395567734139,2.7653067422072994,-1.1047934031966051,1.1047934031966051,5.4444942474365234,2.4210107326507568,0.0036350359157066394,0.0037864863293120316,0.0037107611225093355,0.058177641733144311,0.054466880610634975,-0.00015145041360539215,-0.098174996674060822,0.34361249208450317,-0.25390625,0.2578125,34,34,0,0,1,1,9.9776239999997962,0.022376000000203788
251,2.502424999,PLUS_5_PROFILE,1,1,5.0883573417519266,2.7761889572287859,-1.0716496011007068,1.0716496011007068,5.4433436393737793,2.422161340713501,0.003816806543923407,0.0039682569575287992,0.0038925317507261031,0.059896791046358727,0.056004259295632623,-0.00015145041360539215,-0.41724374890327454,0.19634999334812164,-0.2578125,0.26953125,34,34,0,0,1,1,9.9691640000001414,0.030835999999858643
252,2.5124619479999999,PLUS_5_PROFILE,1,1,5.0778065647513992,2.7867397342293136,-1.038505799004809,1.038505799004809,5.4420013427734375,2.422736644744873,0.0040288597218886791,0.0040591422716371832,0.0040440009967629316,0.061563580482013311,0.057519579485250383,-3.0282549748504063e-05,-0.58904999494552612,-0.19634999334812164,-0.265625,0.26953125,34,34,0,0,1,1,10.036948999999851,0.036948999999850685
253,2.5224897240000002,PLUS_5_PROFILE,1,1,5.0675872257718311,2.7969590732088818,-1.0053619969089107,1.0053619969089107,5.4412341117858887,2.4235036373138428,0.0041500652506084382,0.0041803101354940713,0.0041651876930512543,0.063178010040108062,0.059012822347056806,-3.0244884885633101e-05,-0.26998123526573181,-0.098174996674060822,-0.265625,0.2734375,34,34,0,0,1,1,10.027776000000266,0.02777600000026581
254,2.532464354,PLUS_5_PROFILE,1,1,5.0576993248132212,2.8068469741674917,-0.97221819481301253,0.97221819481301253,5.4400839805603027,2.4242706298828125,0.0043317605490994634,0.0043014779993509594,0.004316619274225211,0.064740079720642996,0.060423460446417783,3.0282549748504063e-05,-0.22089375555515289,-0.24543750286102295,-0.26953125,0.2734375,34,34,0,0,1,1,9.9746299999998733,0.02537000000012668
255,2.5425242799999999,PLUS_5_PROFILE,1,1,5.0481428618755704,2.8164034371051425,-0.93907439271711424,0.93907439271711424,5.4372076988220215,2.4244623184204102,0.0047861494547785108,0.0043317605490994634,0.0045589550019389871,0.066249789523618097,0.06169083452167911,0.0004543889056790474,-0.4908750057220459,-0.36815625429153442,-0.2578125,0.2890625,34,34,0,0,1,1,10.05992599999983,0.059925999999830282
256,2.5524701809999999,PLUS_5_PROFILE,1,1,5.0389178369588787,2.8256284620218342,-0.90593059062121606,0.90593059062121606,5.428962230682373,2.4248456954956055,0.0060887510723186457,0.0043923256485964715,0.0052405383604575591,0.067707139449033366,0.06246660108857581,0.0016964254237221742,-1.3008188009262085,-0.36815625429153442,-0.23046875,0.30078125,34,34,0,0,1,1,9.9459010000000347,0.054098999999965258
257,2.5624675780000001,PLUS_5_PROFILE,1,1,5.0300242500631462,2.8345220489175667,-0.87278678852531788,0.87278678852531788,5.4234018325805664,2.4261879920959473,0.0069671710042024946,0.0046043788265617436,0.0057857749153821195,0.069112129496888802,0.063326354581506678,0.0023627921776407509,-0.41724374890327454,0.22089375555515289,-0.28125,0.28515625,34,34,0,0,1,1,9.997397000000241,0.0026029999997589925
258,2.5724239770000001,PLUS_5_PROFILE,1,1,5.0214621011883729,2.84308419779234,-0.83964298642942004,0.83964298642942004,5.4232101440429688,2.4271466732025146,0.0069974535539509986,0.0047558292401671358,0.0058766413970590672,0.070464759667184379,0.064588118270125311,0.0022416243137838628,-0.24543750286102295,-0.24543750286102295,-0.28515625,0.30078125,34,34,0,0,1,1,9.9563990000000047,0.043600999999995338
259,2.5824659360000002,PLUS_5_PROFILE,1,1,5.0132313903345578,2.8513149086461551,-0.80649918433352186,0.80649918433352186,5.4232101440429688,2.4271466732025146,0.0069974535539509986,0.0047558292401671358,0.0058766413970590672,0.071765029959920165,0.065888388562861097,0.0022416243137838628,-0.14726249873638153,-0.19634999334812164,-0.2890625,0.296875,34,34,0,0,1,1,10.041959000000045,0.041959000000044711
260,2.592537053,PLUS_5_PROFILE,1,1,5.0053321175017018,2.8592141814790106,-0.77335538223762368,0.77335538223762368,5.4228262901306152,2.4275302886962891,0.0070580939831737495,0.0048164320045270149,0.0059372629938503826,0.073012940375096105,0.06707567738124573,0.0022416619786467347,-0.26998123526573181,-0.12271875143051147,-0.2890625,0.2890625,34,34,0,0,1,1,10.071116999999852,0.071116999999851771
261,2.6025197929999999,PLUS_5_PROFILE,1,1,4.997764282689805,2.8667820162909075,-0.7402115801417255,0.7402115801417255,5.4226346015930176,2.4275302886962891,0.0070883765329222536,0.0048164320045270149,0.0059524042687246342,0.074208490912712227,0.068256086643987593,0.0022719445283952387,-0.14726249873638153,-0.24543750286102295,-0.296875,0.3046875,34,34,0,0,1,1,9.9827399999998789,0.017260000000121067
262,2.6125184930000001,PLUS_5_PROFILE,1,1,4.9905278858988673,2.8740184130818451,-0.70706777804582743,0.70706777804582743,5.4222512245178223,2.4279136657714844,0.0071489416324192626,0.0048769971040240239,0.0060129693682216432,0.075351681572768517,0.069338712204546876,0.0022719445283952387,-0.29452499747276306,-0.24543750286102295,-0.30078125,0.31640625,34,34,0,0,1,1,9.998700000000138,0.0012999999998619671
263,2.6225292339999999,PLUS_5_PROFILE,1,1,4.9836229271288888,2.8809233718518241,-0.67392397594992925,0.67392397594992925,5.421867847442627,2.4281055927276611,0.0072095067319162707,0.0049073173186353989,0.0060584120252758344,0.076442512355264974,0.070384100329989138,0.0023021894132808718,-0.29452499747276306,-0.098174996674060822,-0.3046875,0.3203125,34,34,0,0,1,1,10.010740999999879,0.010740999999878653
264,2.6325348399999999,PLUS_5_PROFILE,1,1,4.9770494063798694,2.887496892600844,-0.64078017385403097,0.64078017385403097,5.4216761589050293,2.4286806583404541,0.0072397892816647748,0.004998164967880912,0.0061189771247728434,0.0774809832602016,0.071362006135428757,0.0022416243137838628,-0.36815625429153442,-0.049087498337030411,-0.296875,0.31640625,34,34,0,0,1,1,10.005606,0.0056060000000002219
265,2.6424232280000002,PLUS_5_PROFILE,1,1,4.9708073236518082,2.8937389753289047,-0.60763637175813279,0.60763637175813279,5.4216761589050293,2.4288725852966309,0.0072397892816647748,0.005028485182492287,0.0061341372320785313,0.078467094287578393,0.072332957055499858,0.0022113040991724878,-0.12271875143051147,-0.098174996674060822,-0.3125,0.31640625,34,34,0,0,1,1,9.8883880000002478,0.11161199999975224
266,2.6524821940000001,PLUS_5_PROFILE,1,1,4.9648966789447062,2.8996496200360067,-0.57449256966223472,0.57449256966223472,5.4214844703674316,2.4288725852966309,0.0072700718314132788,0.005028485182492287,0.0061492785069527829,0.079400845437395368,0.073251566930442588,0.0022415866489209919,0.049087498337030411,0.049087498337030411,-0.3125,0.328125,34,34,0,0,1,1,10.058965999999891,0.058965999999891494
267,2.6625225299999999,PLUS_5_PROFILE,1,1,4.9593174722585633,2.9052288267221495,-0.54134876756633654,0.54134876756633654,5.4214844703674316,2.4286806583404541,0.0072700718314132788,0.004998164967880912,0.0061341183996470958,0.080282236709652496,0.074148118310005395,0.0022719068635323669,0,-0.41724374890327454,-0.31640625,0.328125,34,34,0,0,1,1,10.040335999999872,0.04033599999987203
268,2.6724750309999998,PLUS_5_PROFILE,1,1,4.9540697035933796,2.9104765953873333,-0.50820496547043825,0.50820496547043825,5.4212923049926758,2.4290642738342285,0.0073004297108875257,0.005058767732240791,0.0061795987215641588,0.081111268104349807,0.074931669382785643,0.0022416619786467347,-0.073631249368190765,0,-0.31640625,0.3359375,34,34,0,0,1,1,9.9525009999998915,0.047499000000108538
269,2.6824598850000001,PLUS_5_PROFILE,1,1,4.949153372949155,2.9153929260315583,-0.47506116337454007,0.47506116337454007,5.4212923049926758,2.4288725852966309,0.0073004297108875257,0.005028485182492287,0.0061644574466899063,0.081887939621487285,0.07572348217479738,0.0022719445283952387,-0.049087498337030411,-0.24543750286102295,-0.31640625,0.328125,34,34,0,0,1,1,9.984854000000265,0.015145999999734983
270,2.6925290419999999,PLUS_5_PROFILE,1,1,4.9445684803258887,2.9199778186548242,-0.4419173612786419,0.4419173612786419,5.4212923049926758,2.4290642738342285,0.0073004297108875257,0.005058767732240791,0.0061795987215641588,0.082612251261064931,0.076432652539500767,0.0022416619786467347,0.12271875143051147,0,-0.3046875,0.328125,34,34,0,0,1,1,10.069156999999773,0.069156999999773205
271,2.7025285139999999,PLUS_5_PROFILE,1,1,4.9403150257235815,2.9242312732571309,-0.40877355918274411,0.40877355918274411,5.4212923049926758,2.4292559623718262,0.0073004297108875257,0.0050890502819892951,0.0061947399964384104,0.083284203023082745,0.077089463026644336,0.0022113794288982306,-0.024543749168515205,0.31906875967979431,-0.3203125,0.33203125,34,34,0,0,1,1,9.9994720000000648,0.00052799999993524693
272,2.7124197780000001,PLUS_5_PROFILE,1,1,4.9363930091422343,2.928153289838479,-0.37562975708684593,0.37562975708684593,5.4209089279174805,2.4290642738342285,0.0073609948103845338,0.005058767732240791,0.006209881271312662,0.083903794907540727,0.07769391363622806,0.0023022270781437428,-0.12271875143051147,-0.22089375555515289,-0.3125,0.33203125,34,34,0,0,1,1,9.8912640000001772,0.10873599999982275
273,2.7224673639999999,PLUS_5_PROFILE,1,1,4.9328024305818445,2.9317438683988679,-0.34248595499094775,0.34248595499094775,5.4207172393798828,2.4290642738342285,0.0073912773601330379,0.005058767732240791,0.0062250225461869145,0.08447102691443889,0.078246004368251978,0.0023325096278922468,-0.24543750286102295,-0.36815625429153442,-0.31640625,0.3359375,34,34,0,0,1,1,10.047585999999775,0.047585999999775197
274,2.7325131620000001,PLUS_5_PROFILE,1,1,4.9295432900424148,2.9350030089382977,-0.30934215289504957,0.30934215289504957,5.4207172393798828,2.4290642738342285,0.0073912773601330379,0.005058767732240791,0.0062250225461869145,0.084985899043777208,0.078760876497590296,0.0023325096278922468,-0.24543750286102295,-0.26998123526573181,-0.31640625,0.328125,34,34,0,0,1,1,10.045798000000161,0.04579800000016121
275,2.7425290200000001,PLUS_5_PROFILE,1,1,4.9266155875239441,2.9379307114567688,-0.27619835079915134,0.27619835079915134,5.4207172393798828,2.4294476509094238,0.0073912773601330379,0.0051193328317377992,0.0062553050959354185,0.085448411295555707,0.079193106199620292,0.0022719445283952387,-0.24543750286102295,0.26998123526573181,-0.31640625,0.3359375,34,34,0,0,1,1,10.015858000000044,0.015858000000044115
276,2.75253222,PLUS_5_PROFILE,1,1,4.9240193230264317,2.9405269759542811,-0.24305454870325321,0.24305454870325321,5.4207172393798828,2.4294476509094238,0.0073912773601330379,0.0051193328317377992,0.0062553050959354185,0.085858563669774374,0.079603258573838959,0.0022719445283952387,-0.22089375555515289,0,-0.3203125,0.33984375,34,34,0,0,1,1,10.003199999999879,0.0031999999998788553
277,2.762530044,PLUS_5_PROFILE,1,1,4.9217544965498785,2.9427918024308339,-0.20991074660735501,0.20991074660735501,5.4209089279174805,2.4292559623718262,0.0073609948103845338,0.0050890502819892951,0.0062250225461869145,0.086216356166433222,0.07999133362024631,0.0022719445283952387,0.17180624604225159,0,-0.3125,0.33203125,34,34,0,0,1,1,9.997824000000044,0.0021759999999559909
278,2.7725328619999998,PLUS_5_PROFILE,1,1,4.9198211080942844,2.944725190886428,-0.17676694451145686,0.17676694451145686,5.4207172393798828,2.4294476509094238,0.0073912773601330379,0.0051193328317377992,0.0062553050959354185,0.086521788785532225,0.08026648368959681,0.0022719445283952387,-0.024543749168515205,0.41724374890327454,-0.328125,0.33203125,34,34,0,0,1,1,10.002817999999802,0.0028179999998023675
279,2.7824242789999998,PLUS_5_PROFILE,1,1,4.9182191576596495,2.946327141321063,-0.14362314241555868,0.14362314241555868,5.4207172393798828,2.4288725852966309,0.0073912773601330379,0.005028485182492287,0.006209881271312662,0.086774861527071409,0.080564980255758742,0.0023627921776407509,0.098174996674060822,-0.68722498416900635,-0.3125,0.33203125,34,34,0,0,1,1,9.8914169999999579,0.10858300000004206
280,2.7924660289999998,PLUS_5_PROFILE,1,1,4.9169486452459736,2.9475976537347393,-0.11047934031966047,0.11047934031966047,5.4205255508422852,2.4292559623718262,0.0074215599098815428,0.0050890502819892951,0.0062553050959354185,0.086975574391050747,0.080720269295115332,0.0023325096278922477,-0.24543750286102295,0.12271875143051147,-0.3203125,0.33203125,34,34,0,0,1,1,10.041750000000071,0.041750000000071452
281,2.8025247719999999,PLUS_5_PROFILE,1,1,4.916009570853257,2.9485367281274564,-0.07733553822376231,0.07733553822376231,5.4205255508422852,2.4292559623718262,0.0074215599098815428,0.0050890502819892951,0.0062553050959354185,0.087123927377470267,0.080868622281534852,0.0023325096278922477,-0.29452499747276306,0.098174996674060822,-0.3125,0.33203125,34,34,0,0,1,1,10.058743000000092,0.058743000000092138
282,2.8125347289999998,PLUS_5_PROFILE,1,1,4.9154019344814985,2.9491443644992144,-0.044191736127864117,0.044191736127864117,5.4205255508422852,2.4292559623718262,0.0074215599098815428,0.0050890502819892951,0.0062553050959354185,0.087219920486329955,0.08096461539039454,0.0023325096278922477,0.024543749168515205,0.098174996674060822,-0.31640625,0.33203125,34,34,0,0,1,1,10.009956999999847,0.0099569999998472269
283,2.8225353069999999,PLUS_5_PROFILE,1,1,4.9151257361306993,2.9494205628500136,-0.011047934031965937,0.011047934031965937,5.4207172393798828,2.4290642738342285,0.0073912773601330379,0.005058767732240791,0.0062250225461869145,0.08726355371762981,0.081038531171442899,0.0023325096278922468,0.073631249368190765,-0.29452499747276306,-0.3125,0.33203125,34,34,0,0,1,1,10.000578000000093,0.00057800000009322616
284,2.83253383,PLUS_5_PROFILE,1,1,4.9151073229073123,2.9494389760734001,-0,0,5.4205255508422852,2.4290642738342285,0.0074215599098815428,0.005058767732240791,0.0062401638210611669,0.087266462599716474,0.081026298778655304,0.0023627921776407518,-0.17180624604225159,-0.14726249873638153,-0.3046875,0.33203125,34,34,0,0,1,1,9.9985230000001479,0.0014769999998520689
285,2.842525604,PLUS_5_ENDPOINT,1,1,4.9151073229073123,2.9494389760734001,-0,0,5.4205255508422852,2.4292559623718262,0.0074215599098815428,0.0050890502819892951,0.0062553050959354185,0.087266462599716474,0.081011157503781059,0.0023325096278922477,-0.36815625429153442,0,-0.3125,0.31640625,34,34,0,0,1,1,9.9917739999999533,0.008226000000046696
286,2.8524221860000001,PLUS_5_ENDPOINT,1,1,4.9151073229073123,2.9494389760734001,-0,0,5.4205255508422852,2.4292559623718262,0.0074215599098815428,0.0050890502819892951,0.0062553050959354185,0.087266462599716474,0.081011157503781059,0.0023325096278922477,-0.24543750286102295,0.049087498337030411,-0.3125,0.33203125,34,34,0,0,1,1,9.8965820000000981,0.10341799999990187
287,2.8624638,PLUS_5_ENDPOINT,1,1,4.9151073229073123,2.9494389760734001,-0,0,5.4205255508422852,2.4290642738342285,0.0074215599098815428,0.005058767732240791,0.0062401638210611669,0.087266462599716474,0.081026298778655304,0.0023627921776407518,-0.14726249873638153,-0.53996247053146362,-0.3125,0.328125,34,34,0,0,1,1,10.041613999999921,0.041613999999920992
288,2.8724673310000002,PLUS_5_ENDPOINT,1,1,4.9151073229073123,2.9494389760734001,-0,0,5.4205255508422852,2.4292559623718262,0.0074215599098815428,0.0050890502819892951,0.0062553050959354185,0.087266462599716474,0.081011157503781059,0.0023325096278922477,-0.14726249873638153,-0.14726249873638153,-0.3125,0.328125,34,34,0,0,1,1,10.003531000000176,0.0035310000001764763
289,2.882422773,PLUS_5_ENDPOINT,1,1,4.9151073229073123,2.9494389760734001,-0,0,5.4205255508422852,2.4290642738342285,0.0074215599098815428,0.005058767732240791,0.0062401638210611669,0.087266462599716474,0.081026298778655304,0.0023627921776407518,-0.17180624604225159,-0.29452499747276306,-0.3125,0.33203125,34,34,0,0,1,1,9.95544199999987,0.044558000000129994
290,2.8925434239999999,PLUS_5_ENDPOINT,1,1,4.9151073229073123,2.9494389760734001,-0,0,5.4205255508422852,2.4290642738342285,0.0074215599098815428,0.005058767732240791,0.0062401638210611669,0.087266462599716474,0.081026298778655304,0.0023627921776407518,-0.19634999334812164,-0.29452499747276306,-0.3046875,0.328125,34,34,0,0,1,1,10.120650999999814,0.12065099999981399
291,2.9025280790000001,PLUS_5_ENDPOINT,1,1,4.9151073229073123,2.9494389760734001,-0,0,5.4207172393798828,2.4292559623718262,0.0073912773601330379,0.0050890502819892951,0.0062401638210611669,0.087266462599716474,0.081026298778655304,0.0023022270781437428,0.12271875143051147,0,-0.3125,0.31640625,34,34,0,0,1,1,9.984655000000231,0.015344999999769016
292,2.9125284759999999,PLUS_5_ENDPOINT,1,1,4.9151073229073123,2.9494389760734001,-0,0,5.4205255508422852,2.4292559623718262,0.0074215599098815428,0.0050890502819892951,0.0062553050959354185,0.087266462599716474,0.081011157503781059,0.0023325096278922477,-0.14726249873638153,-0.17180624604225159,-0.3046875,0.328125,34,34,0,0,1,1,10.000396999999772,0.00039699999977216294
293,2.9224231920000001,PLUS_5_ENDPOINT,1,1,4.9151073229073123,2.9494389760734001,-0,0,5.4205255508422852,2.4292559623718262,0.0074215599098815428,0.0050890502819892951,0.0062553050959354185,0.087266462599716474,0.081011157503781059,0.0023325096278922477,-0.14726249873638153,-0.098174996674060822,-0.3125,0.31640625,34,34,0,0,1,1,9.8947160000002476,0.10528399999975235
294,2.932528982,PLUS_5_ENDPOINT,1,1,4.9151073229073123,2.9494389760734001,-0,0,5.4203338623046875,2.4294476509094238,0.0074518424596300469,0.0051193328317377992,0.0062855876456839235,0.087266462599716474,0.080980874954032556,0.0023325096278922477,-0.41724374890327454,0.19634999334812164,-0.3046875,0.31640625,34,34,0,0,1,1,10.105789999999892,0.10578999999989236
295,2.9425307959999998,PLUS_5_ENDPOINT,1,1,4.9151073229073123,2.9494389760734001,-0,0,5.4205255508422852,2.4294476509094238,0.0074215599098815428,0.0051193328317377992,0.006270446370809671,0.087266462599716474,0.0809960162289068,0.0023022270781437437,0.049087498337030411,-0.19634999334812164,-0.3125,0.328125,34,34,0,0,1,1,10.001813999999776,0.0018139999997757172
296,2.952530742,PLUS_5_ENDPOINT,1,1,4.9151073229073123,2.9494389760734001,-0,0,5.4205255508422852,2.4290642738342285,0.0074215599098815428,0.005058767732240791,0.0062401638210611669,0.087266462599716474,0.081026298778655304,0.0023627921776407518,-0.049087498337030411,-0.4908750057220459,-0.3125,0.328125,34,34,0,0,1,1,9.9999460000002038,5.3999999796161546e-05
297,2.962528313,PLUS_5_ENDPOINT,1,1,4.9151073229073123,2.9494389760734001,-0,0,5.4205255508422852,2.4290642738342285,0.0074215599098815428,0.005058767732240791,0.0062401638210611669,0.087266462599716474,0.081026298778655304,0.0023627921776407518,0,0,-0.3125,0.328125,34,34,0,0,1,1,9.9975709999999829,0.0024290000000171119
298,2.972530801,PLUS_5_ENDPOINT,1,1,4.9151073229073123,2.9494389760734001,-0,0,5.4205255508422852,2.4292559623718262,0.0074215599098815428,0.0050890502819892951,0.0062553050959354185,0.087266462599716474,0.081011157503781059,0.0023325096278922477,-0.024543749168515205,-0.098174996674060822,-0.31640625,0.3359375,34,34,0,0,1,1,10.002488000000032,0.0024880000000315761
299,2.982532897,PLUS_5_ENDPOINT,1,1,4.9151073229073123,2.9494389760734001,-0,0,5.4205255508422852,2.4294476509094238,0.0074215599098815428,0.0051193328317377992,0.006270446370809671,0.087266462599716474,0.0809960162289068,0.0023022270781437437,0.049087498337030411,0.31906875967979431,-0.3046875,0.33203125,34,34,0,0,1,1,10.002096000000016,0.002096000000015863
300,2.9925233840000001,PLUS_5_ENDPOINT,1,1,4.9151073229073123,2.9494389760734001,-0,0,5.4203338623046875,2.4292559623718262,0.0074518424596300469,0.0050890502819892951,0.006270446370809671,0.087266462599716474,0.0809960162289068,0.0023627921776407518,-0.24543750286102295,-0.24543750286102295,-0.3125,0.33203125,34,34,0,0,1,1,9.9904870000000479,0.0095129999999521431
301,3.0024649760000002,PLUS_5_ENDPOINT,1,1,4.9151073229073123,2.9494389760734001,-0,0,5.4203338623046875,2.4294476509094238,0.0074518424596300469,0.0051193328317377992,0.0062855876456839235,0.087266462599716474,0.080980874954032556,0.0023325096278922477,-0.36815625429153442,0.14726249873638153,-0.3125,0.328125,34,34,0,0,1,1,9.9415920000001101,0.058407999999889881
302,3.0125316290000002,PLUS_5_ENDPOINT,1,1,4.9151073229073123,2.9494389760734001,-0,0,5.4205255508422852,2.4294476509094238,0.0074215599098815428,0.0051193328317377992,0.006270446370809671,0.087266462599716474,0.0809960162289068,0.0023022270781437437,0,0.12271875143051147,-0.3125,0.31640625,34,34,0,0,1,1,10.066652999999981,0.066652999999980977
303,3.0225348859999999,PLUS_5_ENDPOINT,1,1,4.9151073229073123,2.9494389760734001,-0,0,5.4205255508422852,2.4292559623718262,0.0074215599098815428,0.0050890502819892951,0.0062553050959354185,0.087266462599716474,0.081011157503781059,0.0023325096278922477,0.073631249368190765,-0.12271875143051147,-0.3125,0.31640625,34,34,0,0,1,1,10.00325699999971,0.0032569999997100751
304,3.0325469159999998,PLUS_5_ENDPOINT,1,1,4.9151073229073123,2.9494389760734001,-0,0,5.4203338623046875,2.4292559623718262,0.0074518424596300469,0.0050890502819892951,0.006270446370809671,0.087266462599716474,0.0809960162289068,0.0023627921776407518,-0.39269998669624329,-0.22089375555515289,-0.31640625,0.328125,34,34,0,0,1,1,10.01202999999995,0.012029999999949581
305,3.0425347299999999,PLUS_5_ENDPOINT,1,1,4.9151073229073123,2.9494389760734001,-0,0,5.4203338623046875,2.4292559623718262,0.0074518424596300469,0.0050890502819892951,0.006270446370809671,0.087266462599716474,0.0809960162289068,0.0023627921776407518,-0.31906875967979431,-0.36815625429153442,-0.3125,0.33203125,34,34,0,0,1,1,9.9878140000000393,0.012185999999960728
306,3.0525353329999998,PLUS_5_ENDPOINT,1,1,4.9151073229073123,2.9494389760734001,-0,0,5.4207172393798828,2.4294476509094238,0.0073912773601330379,0.0051193328317377992,0.0062553050959354185,0.087266462599716474,0.081011157503781059,0.0022719445283952387,0.46633124351501465,0.24543750286102295,-0.3125,0.33203125,34,34,0,0,1,1,10.000602999999941,0.00060299999994128939
307,3.0625338389999999,PLUS_5_ENDPOINT,1,1,4.9151073229073123,2.9494389760734001,-0,0,5.4205255508422852,2.4294476509094238,0.0074215599098815428,0.0051193328317377992,0.006270446370809671,0.087266462599716474,0.0809960162289068,0.0023022270781437437,0.12271875143051147,-0.31906875967979431,-0.3046875,0.328125,34,34,0,0,1,1,9.9985060000000736,0.0014939999999263875
308,3.0725048510000001,PLUS_5_ENDPOINT,1,1,4.9151073229073123,2.9494389760734001,-0,0,5.4205255508422852,2.4292559623718262,0.0074215599098815428,0.0050890502819892951,0.0062553050959354185,0.087266462599716474,0.081011157503781059,0.0023325096278922477,0.049087498337030411,-0.14726249873638153,-0.31640625,0.3359375,34,34,0,0,1,1,9.9710120000002789,0.028987999999721126
309,3.0824647449999998,PLUS_5_ENDPOINT,1,1,4.9151073229073123,2.9494389760734001,-0,0,5.4203338623046875,2.4294476509094238,0.0074518424596300469,0.0051193328317377992,0.0062855876456839235,0.087266462599716474,0.080980874954032556,0.0023325096278922477,-0.22089375555515289,0.14726249873638153,-0.3046875,0.33203125,34,34,0,0,1,1,9.9598939999996361,0.040106000000363906
310,3.092547481,PLUS_5_ENDPOINT,1,1,4.9151073229073123,2.9494389760734001,-0,0,5.4205255508422852,2.4292559623718262,0.0074215599098815428,0.0050890502819892951,0.0062553050959354185,0.087266462599716474,0.081011157503781059,0.0023325096278922477,0.12271875143051147,-0.22089375555515289,-0.3125,0.328125,34,34,0,0,1,1,10.082736000000203,0.082736000000203092
311,3.1024226029999999,PLUS_5_ENDPOINT,1,1,4.9151073229073123,2.9494389760734001,-0,0,5.4201421737670898,2.4292559623718262,0.0074821250093785509,0.0050890502819892951,0.0062855876456839235,0.087266462599716474,0.080980874954032556,0.0023930747273892558,-0.53996247053146362,-0.36815625429153442,-0.3125,0.31640625,34,34,0,0,1,1,9.8751219999999584,0.12487800000004157
312,3.112423063,PLUS_5_ENDPOINT,1,1,4.9151073229073123,2.9494389760734001,-0,0,5.4203338623046875,2.4292559623718262,0.0074518424596300469,0.0050890502819892951,0.006270446370809671,0.087266462599716474,0.0809960162289068,0.0023627921776407518,-0.14726249873638153,-0.22089375555515289,-0.3046875,0.328125,34,34,0,0,1,1,10.0004600000001,0.000460000000099825
313,3.1224229270000001,PLUS_5_ENDPOINT,1,1,4.9151073229073123,2.9494389760734001,-0,0,5.4203338623046875,2.4292559623718262,0.0074518424596300469,0.0050890502819892951,0.006270446370809671,0.087266462599716474,0.0809960162289068,0.0023627921776407518,-0.24543750286102295,0.26998123526573181,-0.3125,0.328125,34,34,0,0,1,1,9.9998640000000805,0.00013599999991953382
314,3.1324194400000001,PLUS_5_ENDPOINT,1,1,4.9151073229073123,2.9494389760734001,-0,0,5.4203338623046875,2.4292559623718262,0.0074518424596300469,0.0050890502819892951,0.006270446370809671,0.087266462599716474,0.0809960162289068,0.0023627921776407518,-0.073631249368190765,-0.14726249873638153,-0.3046875,0.33203125,34,34,0,0,1,1,9.9965129999999291,0.0034870000000708501
315,3.14241986,PLUS_5_ENDPOINT,1,1,4.9151073229073123,2.9494389760734001,-0,0,5.4201421737670898,2.4294476509094238,0.0074821250093785509,0.0051193328317377992,0.0063007289205581751,0.087266462599716474,0.080965733679158297,0.0023627921776407518,-0.51541876792907715,0.12271875143051147,-0.31640625,0.31640625,34,34,0,0,1,1,10.000419999999899,0.00041999999989883463
316,3.1524188959999999,PLUS_5_ENDPOINT,1,1,4.9151073229073123,2.9494389760734001,-0,0,5.4205255508422852,2.4292559623718262,0.0074215599098815428,0.0050890502819892951,0.0062553050959354185,0.087266462599716474,0.081011157503781059,0.0023325096278922477,0.17180624604225159,-0.22089375555515289,-0.3125,0.31640625,34,34,0,0,1,1,9.9990359999999612,0.00096400000003882269
317,3.1624184020000001,PLUS_5_ENDPOINT,1,1,4.9151073229073123,2.9494389760734001,-0,0,5.4203338623046875,2.4292559623718262,0.0074518424596300469,0.0050890502819892951,0.006270446370809671,0.087266462599716474,0.0809960162289068,0.0023627921776407518,-0.22089375555515289,-0.14726249873638153,-0.3125,0.33203125,34,34,0,0,1,1,9.9995060000002134,0.00049399999978660958
318,3.172424871,PLUS_5_ENDPOINT,1,1,4.9151073229073123,2.9494389760734001,-0,0,5.4201421737670898,2.4294476509094238,0.0074821250093785509,0.0051193328317377992,0.0063007289205581751,0.087266462599716474,0.080965733679158297,0.0023627921776407518,-0.51541876792907715,0.17180624604225159,-0.3125,0.328125,34,34,0,0,1,1,10.006468999999907,0.0064689999999067993
319,3.1824212869999999,PLUS_5_ENDPOINT,1,1,4.9151073229073123,2.9494389760734001,-0,0,5.4203338623046875,2.4292559623718262,0.0074518424596300469,0.0050890502819892951,0.006270446370809671,0.087266462599716474,0.0809960162289068,0.0023627921776407518,-0.24543750286102295,-0.34361249208450317,-0.3125,0.328125,34,34,0,0,1,1,9.9964159999998969,0.0035840000001030603
320,3.1924195229999999,PLUS_5_ENDPOINT,1,1,4.9151073229073123,2.9494389760734001,-0,0,5.4203338623046875,2.4294476509094238,0.0074518424596300469,0.0051193328317377992,0.0062855876456839235,0.087266462599716474,0.080980874954032556,0.0023325096278922477,0.024543749168515205,0.12271875143051147,-0.3125,0.328125,34,34,0,0,1,1,9.9982359999999382,0.0017640000000618272
321,3.2024151970000001,PLUS_5_ENDPOINT,1,1,4.9151073229073123,2.9494389760734001,-0,0,5.4203338623046875,2.4294476509094238,0.0074518424596300469,0.0051193328317377992,0.0062855876456839235,0.087266462599716474,0.080980874954032556,0.0023325096278922477,-0.024543749168515205,0,-0.3125,0.31640625,34,34,0,0,1,1,9.995674000000232,0.0043259999997680154
322,3.2124159090000002,PLUS_5_ENDPOINT,1,1,4.9151073229073123,2.9494389760734001,-0,0,5.4201421737670898,2.4294476509094238,0.0074821250093785509,0.0051193328317377992,0.0063007289205581751,0.087266462599716474,0.080965733679158297,0.0023627921776407518,-0.41724374890327454,-0.049087498337030411,-0.3125,0.33203125,34,34,0,0,1,1,10.000712000000078,0.00071200000007820563
323,3.2224179099999999,PLUS_5_ENDPOINT,1,1,4.9151073229073123,2.9494389760734001,-0,0,5.4203338623046875,2.4294476509094238,0.0074518424596300469,0.0051193328317377992,0.0062855876456839235,0.087266462599716474,0.080980874954032556,0.0023325096278922477,-0.024543749168515205,0.024543749168515205,-0.31640625,0.328125,34,34,0,0,1,1,10.002000999999705,0.0020009999997050443
324,3.232415729,PLUS_5_ENDPOINT,1,1,4.9151073229073123,2.9494389760734001,-0,0,5.4201421737670898,2.4292559623718262,0.0074821250093785509,0.0050890502819892951,0.0062855876456839235,0.087266462599716474,0.080980874954032556,0.0023930747273892558,-0.51541876792907715,-0.34361249208450317,-0.31640625,0.328125,34,34,0,0,1,1,9.9978190000000744,0.0021809999999256036
325,3.2424152099999999,FIRST_CENTER_PROFILE,1,1,4.9151073229073123,2.9494389760734001,0,-0,5.4201421737670898,2.4292559623718262,0.0074821250093785509,0.0050890502819892951,0.0062855876456839235,0.087266462599716474,0.080980874954032556,0.0023930747273892558,-0.26998123526573181,-0.34361249208450317,-0.3125,0.328125,34,34,0,0,1,1,9.9994809999999212,0.00051900000007876201
326,3.2524152380000002,FIRST_CENTER_PROFILE,1,1,4.9152730419177919,2.949273257062921,0.033143802095898151,-0.033143802095898151,5.4201421737670898,2.4294476509094238,0.0074821250093785509,0.0051193328317377992,0.0063007289205581751,0.087240282660936558,0.080939553740378381,0.0023627921776407518,-0.24543750286102295,0.12271875143051147,-0.3046875,0.33203125,34,34,0,0,1,1,10.000028000000327,2.8000000327210728e-05
327,3.2624184700000001,FIRST_CENTER_PROFILE,1,1,4.9157701989492306,2.9487761000314823,0.066287604191796301,-0.066287604191796301,5.4201421737670898,2.4294476509094238,0.0074821250093785509,0.0051193328317377992,0.0063007289205581751,0.08716174284459681,0.080861013924038633,0.0023627921776407518,-0.29452499747276306,-0.26998123526573181,-0.3046875,0.328125,34,34,0,0,1,1,10.003231999999862,0.0032319999998620119
328,3.2724243080000002,FIRST_CENTER_PROFILE,1,1,4.9165987940016276,2.9479475049790849,0.099431406287694452,-0.099431406287694452,5.4201421737670898,2.4294476509094238,0.0074821250093785509,0.0051193328317377992,0.0063007289205581751,0.087030843150697243,0.080730114230139066,0.0023627921776407518,-0.34361249208450317,0.073631249368190765,-0.3125,0.31640625,34,34,0,0,1,1,10.0058380000001,0.005838000000100152
329,3.2824168990000002,FIRST_CENTER_PROFILE,1,1,4.9177588270749846,2.9467874719057283,0.1325752083835926,-0.1325752083835926,5.4203338623046875,2.4292559623718262,0.0074518424596300469,0.0050890502819892951,0.006270446370809671,0.08684758357923783,0.080577137208428157,0.0023627921776407518,0.073631249368190765,-0.24543750286102295,-0.3046875,0.31640625,34,34,0,0,1,1,9.9925910000000506,0.0074089999999493728
330,3.2924167610000001,FIRST_CENTER_PROFILE,1,1,4.9192502981692998,2.9452960008114131,0.16571901047949075,-0.16571901047949075,5.4201421737670898,2.4294476509094238,0.0074821250093785509,0.0051193328317377992,0.0063007289205581751,0.086611964130218599,0.080311235209660423,0.0023627921776407518,-0.39269998669624329,0.14726249873638153,-0.3125,0.31640625,34,34,0,0,1,1,9.999861999999915,0.00013800000008501456
331,3.3024153799999998,FIRST_CENTER_PROFILE,1,1,4.9210732072845742,2.9434730916961387,0.1988628125753889,-0.1988628125753889,5.4203338623046875,2.4292559623718262,0.0074518424596300469,0.0050890502819892951,0.006270446370809671,0.086323984803639536,0.080053538432829863,0.0023627921776407518,0.049087498337030411,-0.24543750286102295,-0.30078125,0.31640625,34,34,0,0,1,1,9.9986189999996533,0.0013810000003466882
332,3.3124187639999998,FIRST_CENTER_PROFILE,1,1,4.9232275544208077,2.9413187445599052,0.23200661467128711,-0.23200661467128711,5.4205255508422852,2.4292559623718262,0.0074215599098815428,0.0050890502819892951,0.0062553050959354185,0.085983645599500641,0.079728340503565226,0.0023325096278922477,0.36815625429153442,-0.19634999334812164,-0.3046875,0.3046875,34,34,0,0,1,1,10.003384000000004,0.0033840000000040504
333,3.322432853,FIRST_CENTER_PROFILE,1,1,4.9257133395780004,2.9388329594027129,0.2651504167671852,-0.2651504167671852,5.4203338623046875,2.4292559623718262,0.0074518424596300469,0.0050890502819892951,0.006270446370809671,0.085590946517801914,0.07932050014699224,0.0023627921776407518,-0.024543749168515205,-0.34361249208450317,-0.2890625,0.30078125,34,34,0,0,1,1,10.014089000000226,0.014089000000225838
334,3.332415331,FIRST_CENTER_PROFILE,1,1,4.9285305627561513,2.9360157362245616,0.29829421886308338,-0.29829421886308338,5.4203338623046875,2.4294476509094238,0.0074518424596300469,0.0051193328317377992,0.0062855876456839235,0.085145887558543368,0.07886029991285945,0.0023325096278922477,0,0.24543750286102295,-0.296875,0.3046875,34,34,0,0,1,1,9.9824779999999613,0.017522000000038673
335,3.34241448,FIRST_CENTER_PROFILE,1,1,4.9316792239552623,2.9328670750254511,0.33143802095898151,-0.33143802095898151,5.4201421737670898,2.4292559623718262,0.0074821250093785509,0.0050890502819892951,0.0062855876456839235,0.084648468721724976,0.078362881076041058,0.0023930747273892558,-0.34361249208450317,0,-0.2890625,0.296875,34,34,0,0,1,1,9.999148999999985,0.00085100000001503417
336,3.352414574,FIRST_CENTER_PROFILE,1,1,4.9351593231753306,2.9293869758053819,0.36458182305487968,-0.36458182305487968,5.4201421737670898,2.4290642738342285,0.0074821250093785509,0.005058767732240791,0.006270446370809671,0.084098690007346766,0.077828243636537092,0.0024233572771377599,-0.29452499747276306,-0.24543750286102295,-0.2890625,0.296875,34,34,0,0,1,1,10.000094000000015,9.4000000014915486e-05
337,3.3624142770000001,FIRST_CENTER_PROFILE,1,1,4.9389708604163598,2.9255754385643535,0.39772562515077781,-0.39772562515077781,5.4205255508422852,2.4290642738342285,0.0074215599098815428,0.005058767732240791,0.0062401638210611669,0.083496551415408723,0.077256387594347553,0.0023627921776407518,0.17180624604225159,-0.31906875967979431,-0.28515625,0.3046875,34,34,0,0,1,1,9.9997030000000819,0.00029699999991805726
338,3.3724145939999999,FIRST_CENTER_PROFILE,1,1,4.9431138356783464,2.9214324633023665,0.43086942724667598,-0.43086942724667598,5.4203338623046875,2.4292559623718262,0.0074518424596300469,0.0050890502819892951,0.006270446370809671,0.082842052945910849,0.076571606575101175,0.0023627921776407518,-0.24543750286102295,0.29452499747276306,-0.26953125,0.28125,34,34,0,0,1,1,10.000316999999814,0.0003169999998142714
339,3.3824149729999999,FIRST_CENTER_PROFILE,1,1,4.947588248961293,2.9169580500194199,0.46401322934257422,-0.46401322934257422,5.4205255508422852,2.4290642738342285,0.0074215599098815428,0.005058767732240791,0.0062401638210611669,0.082135194598853142,0.075895030777791972,0.0023627921776407518,-0.12271875143051147,-0.073631249368190765,-0.2734375,0.28515625,34,34,0,0,1,1,10.000379000000059,0.0003790000000591931
340,3.3924340210000001,FIRST_CENTER_PROFILE,1,1,4.9523941002651979,2.912152198715515,0.49715703143847223,-0.49715703143847223,5.4207172393798828,2.4290642738342285,0.0073912773601330379,0.005058767732240791,0.0062250225461869145,0.081375976374235617,0.075150953828048705,0.0023325096278922468,0.24543750286102295,0.12271875143051147,-0.2734375,0.2890625,34,34,0,0,1,1,10.019048000000197,0.019048000000196907
341,3.4024143019999999,FIRST_CENTER_PROFILE,1,1,4.9575313895900628,2.9070149093906505,0.53030083353437041,-0.53030083353437041,5.4205255508422852,2.4290642738342285,0.0074215599098815428,0.005058767732240791,0.0062401638210611669,0.080564398272058246,0.074324234450997076,0.0023627921776407518,-0.24543750286102295,-0.024543749168515205,-0.265625,0.28515625,34,34,0,0,1,1,9.9802809999998132,0.019719000000186782
342,3.4124145819999998,FIRST_CENTER_PROFILE,1,1,4.9630001169358859,2.9015461820448274,0.56344463563026859,-0.56344463563026859,5.4207172393798828,2.4286806583404541,0.0073912773601330379,0.004998164967880912,0.0061947211640069749,0.079700460292321057,0.073505739128314082,0.0023931123922521259,0.049087498337030411,-0.53996247053146362,-0.25390625,0.26953125,34,34,0,0,1,1,10.000279999999862,0.00027999999986150215
343,3.4224143580000002,FIRST_CENTER_PROFILE,1,1,4.9688002823026673,2.8957460166780451,0.59658843772616676,-0.59658843772616676,5.4205255508422852,2.4288725852966309,0.0074215599098815428,0.005028485182492287,0.0062250225461869153,0.078784162435024035,0.072559139888837124,0.0023930747273892558,-0.34361249208450317,-0.24543750286102295,-0.25390625,0.2578125,34,34,0,0,1,1,9.9997760000003488,0.0002239999996511699
344,3.4324145709999998,FIRST_CENTER_PROFILE,1,1,4.9749318856904088,2.8896144132903041,0.62973223982206483,-0.62973223982206483,5.4207172393798828,2.4288725852966309,0.0073912773601330379,0.005028485182492287,0.006209881271312662,0.077815504700167182,0.071605623428854515,0.0023627921776407509,-0.24543750286102295,-0.58904999494552612,-0.25,0.26953125,34,34,0,0,1,1,10.000212999999647,0.00021299999964696781
345,3.4424143150000002,FIRST_CENTER_PROFILE,1,1,4.9813949270991094,2.883151371881604,0.66287604191796301,-0.66287604191796301,5.4209089279174805,2.4288725852966309,0.0073609948103845338,0.005028485182492287,0.0061947399964384104,0.076794487087750496,0.070599747091312087,0.0023325096278922468,0.049087498337030411,0.049087498337030411,-0.24609375,0.2578125,34,34,0,0,1,1,9.9997440000003657,0.00025599999963432651
346,3.4524146999999998,FIRST_CENTER_PROFILE,1,1,4.9881894065287682,2.8763568924519447,0.69601984401386119,-0.69601984401386119,5.4209089279174805,2.4288725852966309,0.0073609948103845338,0.005028485182492287,0.0061947399964384104,0.075721109597773992,0.069526369601335583,0.0023325096278922468,0.073631249368190765,-0.049087498337030411,-0.23828125,0.25,34,34,0,0,1,1,10.000384999999667,0.0003849999996674569
347,3.4624143090000001,FIRST_CENTER_PROFILE,1,1,4.9953153239793862,2.8692309750013267,0.72916364610975937,-0.72916364610975937,5.4209089279174805,2.4284889698028564,0.0073609948103845338,0.004967882418132407,0.00616443861425847,0.074595372230237642,0.06843093361597917,0.0023931123922521268,-0.24543750286102295,-0.39269998669624329,-0.23046875,0.23828125,34,34,0,0,1,1,9.999609000000298,0.00039099999970204635
348,3.4724196859999998,FIRST_CENTER_PROFILE,1,1,5.0027726794509633,2.8617736195297496,0.76230744820565743,-0.76230744820565743,5.4212923049926758,2.4286806583404541,0.0073004297108875257,0.004998164967880912,0.0061492973393842184,0.073417274985141473,0.06726797764575726,0.0023022647430066137,0.39269998669624329,0,-0.23046875,0.234375,34,34,0,0,1,1,10.005376999999704,0.0053769999997044238
349,3.4824148429999999,FIRST_CENTER_PROFILE,1,1,5.0105614729434995,2.8539848260372134,0.79545125030155561,-0.79545125030155561,5.4212923049926758,2.4286806583404541,0.0073004297108875257,0.004998164967880912,0.0061492973393842184,0.072186817862485472,0.066037520523101259,0.0023022647430066137,0.073631249368190765,0,-0.21484375,0.234375,34,34,0,0,1,1,9.9951570000000878,0.0048429999999122231
350,3.4924143000000001,FIRST_CENTER_PROFILE,1,1,5.018681704456994,2.8458645945237184,0.82859505239745379,-0.82859505239745379,5.4212923049926758,2.4282972812652588,0.0073004297108875257,0.004937599868383903,0.0061190147896357143,0.070904000862269639,0.064784986072633929,0.0023628298425036227,-0.17180624604225159,-0.41724374890327454,-0.20703125,0.22265625,34,34,0,0,1,1,9.9994570000001559,0.00054299999984408487
351,3.502436458,FIRST_CENTER_PROFILE,1,1,5.0271333739914486,2.8374129249892643,0.86173885449335197,-0.86173885449335197,5.4212923049926758,2.4282972812652588,0.0073004297108875257,0.004937599868383903,0.0061190147896357143,0.069568823984493974,0.063449809194858264,0.0023628298425036227,-0.34361249208450317,-0.12271875143051147,-0.20703125,0.21875,34,34,0,0,1,1,10.022157999999948,0.02215799999994772
352,3.5124145009999999,FIRST_CENTER_PROFILE,1,1,5.0359164815468613,2.8286298174338516,0.89488265658925015,-0.89488265658925015,5.4214844703674316,2.4282972812652588,0.0072700718314132788,0.004937599868383903,0.0061038358498985909,0.068181287229158477,0.062077451379259886,0.0023324719630293759,-0.073631249368190765,0,-0.19921875,0.20703125,34,34,0,0,1,1,9.9780429999998255,0.021957000000174531
353,3.5224322300000002,FIRST_CENTER_PROFILE,1,1,5.0450310271232333,2.8195152718574796,0.92802645868514844,-0.92802645868514844,5.421867847442627,2.4279136657714844,0.0072095067319162707,0.0048769971040240239,0.0060432519179701473,0.066741390596263162,0.060698138678293018,0.0023325096278922468,0.29452499747276306,-0.53996247053146362,-0.19921875,0.20703125,34,34,0,0,1,1,10.017729000000308,0.017729000000308304
354,3.5324145840000001,FIRST_CENTER_PROFILE,1,1,5.0544770107205643,2.8100692882601486,0.96117026078104639,-0.96117026078104639,5.4216761589050293,2.4279136657714844,0.0072397892816647748,0.0048769971040240239,0.0060583931928443989,0.065249134085808014,0.059190740892963611,0.0023627921776407509,-0.51541876792907715,0.049087498337030411,-0.1875,0.203125,34,34,0,0,1,1,9.9823539999999156,0.017646000000084427
355,3.5424143890000002,FIRST_CENTER_PROFILE,1,1,5.0642544323388545,2.8002918666418584,0.99431406287694446,-0.99431406287694446,5.4220595359802246,2.4277219772338867,0.0071792241821677667,0.0048467145542755189,0.0060129693682216424,0.063704517697793034,0.057691548329571393,0.0023325096278922477,-0.24543750286102295,-0.12271875143051147,-0.16796875,0.1875,34,34,0,0,1,1,9.9998050000000838,0.0001949999999162344
356,3.5524149340000002,FIRST_CENTER_PROFILE,1,1,5.074363291978103,2.7901830070026095,1.0274578649728427,-1.0274578649728427,5.4222512245178223,2.4275302886962891,0.0071489416324192626,0.0048164320045270149,0.0059826868184731392,0.062107541432218222,0.056124854613745084,0.0023325096278922477,-0.098174996674060822,-0.22089375555515289,-0.16796875,0.17578125,34,34,0,0,1,1,10.000545000000027,0.00054500000002732918
357,3.5624143500000001,FIRST_CENTER_PROFILE,1,1,5.0848035896383115,2.7797427093424019,1.0606016670687408,-1.0606016670687408,5.4222512245178223,2.4275302886962891,0.0071489416324192626,0.0048164320045270149,0.0059826868184731392,0.060458205289083577,0.05447551847061044,0.0023325096278922477,-0.36815625429153442,-0.17180624604225159,-0.1640625,0.17578125,34,34,0,0,1,1,9.9994159999998722,0.00058400000012781561
358,3.5724313849999998,FIRST_CENTER_PROFILE,1,1,5.0955753253194782,2.7689709736612347,1.0937454691646391,-1.0937454691646391,5.4226346015930176,2.4273386001586914,0.0070883765329222536,0.0047861494547785108,0.0059372629938503826,0.058756509268389101,0.052819246274538718,0.0023022270781437428,0.024543749168515205,-0.14726249873638153,-0.1484375,0.171875,34,34,0,0,1,1,10.01703499999973,0.017034999999729905
359,3.5824146899999998,FIRST_CENTER_PROFILE,1,1,5.1066048461280573,2.7579414528526551,1.1047934031966051,-1.1047934031966051,5.4228262901306152,2.4271466732025146,0.0070580939831737495,0.0047558292401671358,0.0059069616116704422,0.057014088898481426,0.05110712728681098,0.0023022647430066137,0.049087498337030411,-0.17180624604225159,-0.140625,0.15625,34,34,0,0,1,1,9.9833049999999979,0.016695000000002125
360,3.5924149920000001,FIRST_CENTER_PROFILE,1,1,5.1176527801600233,2.7468935188206891,1.1047934031966051,-1.1047934031966051,5.4228262901306152,2.4271466732025146,0.0070580939831737495,0.0047558292401671358,0.0059069616116704422,0.055268759646487094,0.049361798034816648,0.0023022647430066137,-0.39269998669624329,0,-0.140625,0.15234375,34,34,0,0,1,1,10.00030200000035,0.00030200000034952268
361,3.6024146730000002,FIRST_CENTER_PROFILE,1,1,5.1287007141919894,2.7358455847887231,1.1047934031966051,-1.1047934031966051,5.4232101440429688,2.426954984664917,0.0069974535539509986,0.0047255466904186317,0.0058615001221848147,0.053523430394492776,0.047661930272307959,0.0022719068635323669,0.12271875143051147,-0.098174996674060822,-0.125,0.1484375,34,34,0,0,1,1,9.999681000000038,0.00031899999996198858
362,3.6124145510000001,FIRST_CENTER_PROFILE,1,1,5.1397486482239554,2.7247976507567571,1.1047934031966051,-1.1047934031966051,5.4234018325805664,2.4265716075897217,0.0069671710042024946,0.0046649815909216227,0.0058160762975620582,0.051778101142498444,0.045962024844936389,0.0023021894132808718,0,-0.073631249368190765,-0.125,0.1328125,34,34,0,0,1,1,9.9998779999999066,0.00012200000009343626
363,3.6224356700000002,FIRST_CENTER_PROFILE,1,1,5.1507965822559214,2.713749716724791,1.1047934031966051,-1.1047934031966051,5.4234018325805664,2.4265716075897217,0.0069671710042024946,0.0046649815909216227,0.0058160762975620582,0.050032771890504112,0.044216695592942057,0.0023021894132808718,-0.024543749168515205,-0.024543749168515205,-0.125,0.1328125,34,34,0,0,1,1,10.021119000000134,0.021119000000133781
364,3.6324330979999999,FIRST_CENTER_PROFILE,1,1,5.1618445162878874,2.702701782692825,1.1047934031966051,-1.1047934031966051,5.4237852096557617,2.4261879920959473,0.0069066059047054864,0.0046043788265617436,0.0057554923656336146,0.04828744263850978,0.042531950272876165,0.0023022270781437428,0.29452499747276306,-0.44178751111030579,-0.1171875,0.125,34,34,0,0,1,1,9.9974279999996973,0.0025720000003026655
365,3.642414289,FIRST_CENTER_PROFILE,1,1,5.1728924503198535,2.691653848660859,1.1047934031966051,-1.1047934031966051,5.4237852096557617,2.4261879920959473,0.0069066059047054864,0.0046043788265617436,0.0057554923656336146,0.046542113386515455,0.04078662102088184,0.0023022270781437428,-0.61359375715255737,-0.19634999334812164,-0.10546875,0.1171875,34,34,0,0,1,1,9.9811910000000559,0.01880899999994412
366,3.6524143100000002,FIRST_CENTER_PROFILE,1,1,5.1839403843518195,2.680605914628893,1.1047934031966051,-1.1047934031966051,5.4243602752685547,2.4261879920959473,0.0068157582554599742,0.0046043788265617436,0.0057100685410108589,0.044796784134521123,0.039086715593510263,0.0022113794288982306,0,-0.22089375555515289,-0.09375,0.1015625,34,34,0,0,1,1,10.000021000000192,2.1000000192117341e-05
367,3.6624143560000002,FIRST_CENTER_PROFILE,1,1,5.1949883183837855,2.6695579805969269,1.1047934031966051,-1.1047934031966051,5.4245524406433105,2.425804615020752,0.0067854003759857274,0.0045438137270647347,0.0056646070515252306,0.043051454882526798,0.037386847831001567,0.0022415866489209927,-0.098174996674060822,-0.24543750286102295,-0.08984375,0.1015625,34,34,0,0,1,1,10.00004600000004,4.6000000040180566e-05
368,3.672417308,FIRST_CENTER_PROFILE,1,1,5.2060362524157524,2.6585100465649609,1.1047934031966051,-1.1047934031966051,5.4247441291809082,2.425804615020752,0.0067551178262372233,0.0045438137270647347,0.005649465776650979,0.041306125630532466,0.035656659853881487,0.0022113040991724887,-0.24543750286102295,-0.36815625429153442,-0.0859375,0.09375,34,34,0,0,1,1,10.002951999999787,0.002951999999787347
369,3.6824148330000002,FIRST_CENTER_PROFILE,1,1,5.2170841864477184,2.6474621125329949,1.1047934031966051,-1.1047934031966051,5.4253191947937012,2.4256126880645752,0.0066642701769917103,0.0045134935124533596,0.0055888818447225354,0.039560796378538141,0.033971914533815609,0.0021507766645383506,-0.24543750286102295,-0.12271875143051147,-0.0703125,0.09375,34,34,0,0,1,1,9.9975250000001736,0.0024749999998263661
370,3.6924192659999999,FIRST_CENTER_PROFILE,1,1,5.2281321204796845,2.6364141785010289,1.1047934031966051,-1.1047934031966051,5.4257025718688965,2.4254209995269775,0.0066037050774947021,0.0044832109627048556,0.0055434580200997789,0.037815467126543809,0.032272009106444031,0.0021204941147898466,-0.049087498337030411,-0.24543750286102295,-0.07421875,0.0859375,34,34,0,0,1,1,10.004432999999757,0.0044329999997572145
371,3.7024149500000001,FIRST_CENTER_PROFILE,1,1,5.2391800545116505,2.6253662444690629,1.1047934031966051,-1.1047934031966051,5.4258942604064941,2.4252293109893799,0.0065734225277461981,0.0044529284129563515,0.0055131754703512748,0.036070137874549477,0.030556962404198203,0.0021204941147898466,0,-0.24543750286102295,-0.05859375,0.08203125,34,34,0,0,1,1,9.9956840000001712,0.0043159999998287901
372,3.7124418559999999,FIRST_CENTER_PROFILE,1,1,5.2502279885436165,2.6143183104370968,1.1047934031966051,-1.1047934031966051,5.42608642578125,2.4252293109893799,0.0065430646482719512,0.0044529284129563515,0.0054979965306141514,0.034324808622555145,0.028826812091940993,0.0020901362353155997,0,-0.17180624604225159,-0.0546875,0.07421875,34,34,0,0,1,1,10.02690599999978,0.02690599999978005
373,3.7225722929999998,FIRST_CENTER_PROFILE,1,1,5.2612759225755825,2.6032703764051308,1.1047934031966051,-1.1047934031966051,5.42608642578125,2.4250376224517822,0.0065430646482719512,0.0044226458632078474,0.0054828552557398998,0.032579479370560827,0.027096624114820927,0.0021204187850641038,-0.17180624604225159,-0.24543750286102295,-0.05078125,0.06640625,34,34,0,0,1,1,10.130436999999937,0.13043699999993663
374,3.7325311320000001,FIRST_CENTER_PROFILE,1,1,5.2723238566075485,2.5922224423731648,1.1047934031966051,-1.1047934031966051,5.4262781143188477,2.4248456954956055,0.0065127820985234472,0.0043923256485964715,0.0054525538735599594,0.030834150118566495,0.025381596245006535,0.0021204564499269756,0,-0.073631249368190765,-0.05078125,0.05078125,34,34,0,0,1,1,9.9588390000002747,0.041160999999725334
375,3.7425552039999999,FIRST_CENTER_PROFILE,1,1,5.2833717906395146,2.5811745083411983,1.1047934031966051,-1.1047934031966051,5.4270448684692383,2.4244623184204102,0.00639165189952943,0.0043317605490994634,0.0053617062243144463,0.029088820866572163,0.023727114642257716,0.0020598913504299666,0.12271875143051147,-0.24543750286102295,-0.0390625,0.04296875,34,34,0,0,1,1,10.024071999999773,0.024071999999772942
376,3.7524175849999999,FIRST_CENTER_PROFILE,1,1,5.294254005661001,2.5702922933197119,1.0716496011007068,-1.0716496011007068,5.4274282455444336,2.4242706298828125,0.0063310868000324219,0.0043014779993509594,0.0053162823996916906,0.027369671553357747,0.022053389153666055,0.0020296088006814626,0.098174996674060822,-0.17180624604225159,-0.03515625,0.04296875,34,34,0,0,1,1,9.8623810000000312,0.13761899999996885
377,3.7624935900000001,FIRST_CENTER_PROFILE,1,1,5.3048047826615283,2.5597415163191846,1.038505799004809,-1.038505799004809,5.4272365570068359,2.4240787029266357,0.006361369349780926,0.0042711577847395835,0.0053162635672602543,0.025702882117703163,0.020386618550442909,0.0020902115650413425,-0.073631249368190765,-0.44178751111030579,-0.0234375,0.03515625,34,34,0,0,1,1,10.076005000000166,0.076005000000165523
378,3.7724919579999998,FIRST_CENTER_PROFILE,1,1,5.3150241216410974,2.5495221773396159,1.0053619969089107,-1.0053619969089107,5.4272365570068359,2.4240787029266357,0.006361369349780926,0.0042711577847395835,0.0053162635672602543,0.024088452559608411,0.018772188992348157,0.0020902115650413425,-0.24543750286102295,-0.36815625429153442,-0.01953125,0.0234375,34,34,0,0,1,1,9.9983679999997577,0.0016320000002423285
379,3.78255952,FIRST_CENTER_PROFILE,1,1,5.3249120225997064,2.539634276381006,0.97221819481301253,-0.97221819481301253,5.4274282455444336,2.4240787029266357,0.0063310868000324219,0.0042711577847395835,0.0053011222923860027,0.022526382879073478,0.017225260586687476,0.0020599290152928385,0.12271875143051147,-0.22089375555515289,-0.01171875,0.02734375,34,34,0,0,1,1,10.067562000000141,0.067562000000140898
380,3.792539154,FIRST_CENTER_PROFILE,1,1,5.3344684855373572,2.5300778134433557,0.93907439271711424,-0.93907439271711424,5.4272365570068359,2.4240787029266357,0.006361369349780926,0.0042711577847395835,0.0053162635672602543,0.021016673076098377,0.015700409508838123,0.0020902115650413425,-0.26998123526573181,0.098174996674060822,-0.00390625,0.01953125,34,34,0,0,1,1,9.979634000000015,0.020365999999985007
381,3.802557604,FIRST_CENTER_PROFILE,1,1,5.3436935104540488,2.5208527885266636,0.90593059062121606,-0.90593059062121606,5.4274282455444336,2.4240787029266357,0.0063310868000324219,0.0042711577847395835,0.0053011222923860027,0.019559323150683108,0.014258200858297106,0.0020599290152928385,-0.024543749168515205,0.12271875143051147,-0.01171875,0.01953125,34,34,0,0,1,1,10.018450000000012,0.018450000000012068
382,3.812562024,FIRST_CENTER_PROFILE,1,1,5.3525870973497813,2.5119592016309311,0.87278678852531788,-0.87278678852531788,5.4274282455444336,2.4236953258514404,0.0063310868000324219,0.0042105926852425753,0.0052708397426374986,0.018154333102827672,0.012883493360190172,0.0021204941147898466,-0.36815625429153442,-0.41724374890327454,-0.0078125,0.01953125,34,34,0,0,1,1,10.004420000000014,0.0044200000000138573
383,3.8225290959999998,FIRST_CENTER_PROFILE,1,1,5.3611492462245556,2.5033970527561578,0.83964298642942004,-0.83964298642942004,5.4276204109191895,2.4236953258514404,0.0063007289205581751,0.0042105926852425753,0.0052556608029003752,0.016801702932532095,0.01154604212963172,0.0020901362353155997,-0.12271875143051147,-0.26998123526573181,0,0.0078125,34,34,0,0,1,1,9.9670719999997992,0.032928000000200797
384,3.8324238859999999,FIRST_CENTER_PROFILE,1,1,5.3693799570783698,2.4951663419023427,0.80649918433352186,-0.80649918433352186,5.4276204109191895,2.4236953258514404,0.0063007289205581751,0.0042105926852425753,0.0052556608029003752,0.015501432639796309,0.010245771836895934,0.0020901362353155997,-0.24543750286102295,-0.36815625429153442,0,0.0078125,34,34,0,0,1,1,9.8947900000001532,0.10520999999984681
385,3.8424813690000001,FIRST_CENTER_PROFILE,1,1,5.3772792299112258,2.4872670690694871,0.77335538223762368,-0.77335538223762368,5.4276204109191895,2.4236953258514404,0.0063007289205581751,0.0042105926852425753,0.0052556608029003752,0.014253522224620369,0.0089978614217199934,0.0020901362353155997,-0.34361249208450317,-0.24543750286102295,0,0.00390625,34,34,0,0,1,1,10.0574830000002,0.057483000000200235
386,3.8525624340000002,FIRST_CENTER_PROFILE,1,1,5.3848470647231226,2.4796992342575903,0.7402115801417255,-0.7402115801417255,5.4278120994567871,2.4236953258514404,0.006270446370809671,0.0042105926852425753,0.0052405195280261236,0.013057971687004247,0.0078174521589781231,0.0020598536855670957,-0.098174996674060822,-0.049087498337030411,0.01171875,0,34,34,0,0,1,1,10.081065000000056,0.081065000000055676
387,3.8625623170000001,FIRST_CENTER_PROFILE,1,1,5.3920834615140603,2.4724628374666526,0.70706777804582743,-0.70706777804582743,5.4281954765319824,2.423311710357666,0.0062098812713126629,0.0041499899208826954,0.0051799355960976791,0.011914781026947957,0.0067348454308502779,0.0020598913504299675,0.12271875143051147,-0.41724374890327454,0.0078125,0,34,34,0,0,1,1,9.9998829999998762,0.00011700000012382361
388,3.8725327040000002,FIRST_CENTER_PROFILE,1,1,5.3989884202840388,2.4655578786966736,0.67392397594992925,-0.67392397594992925,5.4285788536071777,2.4235036373138428,0.0061493161718156539,0.0041803101354940713,0.0051648131536548621,0.0108239502444515,0.0056591370907966374,0.0019690060363215826,0.12271875143051147,0.31906875967979431,0.00390625,-0.0078125,34,34,0,0,1,1,9.9703870000000805,0.029612999999919509
389,3.88244363,FIRST_CENTER_PROFILE,1,1,5.4055619410330591,2.4589843579476538,0.64078017385403097,-0.64078017385403097,5.4283871650695801,2.4231200218200684,0.0061795987215641588,0.0041197073711341913,0.0051496530463491751,0.0097854793395148743,0.0046358262931656992,0.0020598913504299675,-0.34361249208450317,-0.19634999334812164,0.01171875,0,34,34,0,0,1,1,9.9109259999998756,0.089074000000124443
390,3.892560596,FIRST_CENTER_PROFILE,1,1,5.4118040237611194,2.4527422752195931,0.60763637175813279,-0.60763637175813279,5.4285788536071777,2.4229283332824707,0.0061493161718156539,0.0040894248213856873,0.0051193704966006701,0.0087993683121380811,0.003679997815537411,0.0020598913504299666,-0.24543750286102295,-0.39269998669624329,0.01171875,-0.0078125,34,34,0,0,1,1,10.116966000000005,0.11696600000000501
391,3.9024251639999998,FIRST_CENTER_PROFILE,1,1,5.4177146684682214,2.4468316305124911,0.57449256966223472,-0.57449256966223472,5.4287705421447754,2.4229283332824707,0.0061190336220671498,0.0040894248213856873,0.0051042292217264185,0.0078656171623211063,0.0027613879405946878,0.0020296088006814626,0.17180624604225159,-0.22089375555515289,0.01171875,-0.01953125,34,34,0,0,1,1,9.8645679999997959,0.13543200000020406
392,3.912532498,FIRST_CENTER_PROFILE,1,1,5.4232938751543642,2.4412524238263487,0.54134876756633654,-0.54134876756633654,5.4287705421447754,2.422736644744873,0.0061190336220671498,0.0040591422716371832,0.0050890879468521669,0.0069842258900639775,0.0018951379432118106,0.0020598913504299666,0.12271875143051147,-0.24543750286102295,0.0234375,-0.0078125,34,34,0,0,1,1,10.10733400000019,0.10733400000018989
393,3.9225643130000001,FIRST_CENTER_PROFILE,1,1,5.428541643819548,2.4360046551611645,0.50820496547043825,-0.50820496547043825,5.4287705421447754,2.4225447177886963,0.0061190336220671498,0.0040288220570258073,0.0050739278395464781,0.0061551944953666671,0.001081266655820189,0.0020902115650413425,0,-0.34361249208450317,0.02734375,-0.0078125,34,34,0,0,1,1,10.031815000000055,0.031815000000054994
394,3.9325582589999999,FIRST_CENTER_PROFILE,1,1,5.4334579744637734,2.4310883245169395,0.47506116337454007,-0.47506116337454007,5.428962230682373,2.422736644744873,0.0060887510723186457,0.0040591422716371832,0.0050739466719779145,0.0053785229782291888,0.00030457630625127432,0.0020296088006814626,0.31906875967979431,0.049087498337030411,0.0234375,-0.01171875,34,34,0,0,1,1,9.9939459999998093,0.0060540000001907401
395,3.942553303,FIRST_CENTER_PROFILE,1,1,5.4380428670870389,2.4265034318936736,0.4419173612786419,-0.4419173612786419,5.4287705421447754,2.4225447177886963,0.0061190336220671498,0.0040288220570258073,0.0050739278395464781,0.0046542113386515427,-0.00041971650089493544,0.0020902115650413425,-0.24543750286102295,-0.17180624604225159,0.02734375,-0.0078125,34,34,0,0,1,1,9.995044000000064,0.0049559999999360116
396,3.9525717569999999,FIRST_CENTER_PROFILE,1,1,5.4422963216893461,2.4222499772913668,0.40877355918274411,-0.40877355918274411,5.428962230682373,2.422736644744873,0.0060887510723186457,0.0040591422716371832,0.0050739466719779145,0.0039822595766337288,-0.0010916870953441857,0.0020296088006814626,-0.31906875967979431,0.12271875143051147,0.0234375,-0.01953125,34,34,0,0,1,1,10.018453999999899,0.01845399999989894
397,3.9624149279999998,FIRST_CENTER_PROFILE,1,1,5.4462183382706941,2.4183279607100188,0.37562975708684593,-0.37562975708684593,5.428962230682373,2.422161340713501,0.0060887510723186457,0.0039682569575287992,0.0050285040149237225,0.003362667692175747,-0.0016658363227479754,0.0021204941147898466,-0.24543750286102295,-0.78539997339248657,0.03515625,-0.01171875,34,34,0,0,1,1,9.8431709999999839,0.15682900000001609
398,3.9724165509999998,FIRST_CENTER_PROFILE,1,1,5.449808916831083,2.4147373821496299,0.34248595499094775,-0.34248595499094775,5.4291543960571289,2.4225447177886963,0.0060583931928443989,0.0040288220570258073,0.0050436076249351031,0.0027954356852775836,-0.0022481719396575195,0.0020295711358185916,-0.19634999334812164,-0.098174996674060822,0.0234375,-0.01171875,34,34,0,0,1,1,10.00162299999996,0.0016229999999595179
399,3.9824176539999998,FIRST_CENTER_PROFILE,1,1,5.4530680573705128,2.4114782416102001,0.30934215289504957,-0.30934215289504957,5.4291543960571289,2.4225447177886963,0.0060583931928443989,0.0040288220570258073,0.0050436076249351031,0.0022805635559392662,-0.0027630440689958369,0.0020295711358185916,-0.31906875967979431,-0.14726249873638153,0.02734375,-0.01953125,34,34,0,0,1,1,10.001103000000011,0.0011030000000111784
400,3.9924423509999998,FIRST_CENTER_PROFILE,1,1,5.4559957598889834,2.408550539091729,0.27619835079915134,-0.27619835079915134,5.4291543960571289,2.4223530292510986,0.0060583931928443989,0.0039985395072773032,0.0050284663500608506,0.0018180513041607671,-0.0032104150459000835,0.0020598536855670957,-0.41724374890327454,-0.58904999494552612,0.0234375,-0.01171875,34,34,0,0,1,1,10.024696999999971,0.024696999999971325
401,4.0025561959999996,FIRST_CENTER_PROFILE,1,1,5.4585920243864958,2.4059542745942171,0.24305454870325321,-0.24305454870325321,5.4293460845947266,2.422736644744873,0.0060281106430958948,0.0040591422716371832,0.0050436264573665394,0.0014078989299421002,-0.0036357275274244392,0.0019689683714587116,-0.073631249368190765,0.19634999334812164,0.03515625,-0.01953125,34,34,0,0,1,1,10.113844999999788,0.11384499999978814
402,4.0125577650000004,FIRST_CENTER_PROFILE,1,1,5.4608568508630491,2.4036894481176638,0.20991074660735501,-0.20991074660735501,5.4295377731323242,2.422736644744873,0.0059978280933473908,0.0040591422716371832,0.005028485182492287,0.0010501064332832516,-0.0039783787492090354,0.0019386858217102076,0.22089375555515289,0.29452499747276306,0.03515625,-0.01953125,34,34,0,0,1,1,10.001569000000821,0.0015690000008206084
403,4.0225620610000004,FIRST_CENTER_PROFILE,1,1,5.4627902393186432,2.4017560596620697,0.17676694451145686,-0.17676694451145686,5.4295377731323242,2.4223530292510986,0.0059978280933473908,0.0039985395072773032,0.0049981838003123474,0.00074467381418424905,-0.0042535099861280984,0.0019992885860700875,-0.024543749168515205,-0.56450623273849487,0.01953125,-0.0078125,34,34,0,0,1,1,10.004295999999968,0.0042959999999681031
404,4.0325631719999997,FIRST_CENTER_PROFILE,1,1,5.4643921897532781,2.4001541092274348,0.14362314241555868,-0.14362314241555868,5.4293460845947266,2.4225447177886963,0.0060281106430958948,0.0040288220570258073,0.0050284663500608506,0.00049160107264506481,-0.0045368652774157858,0.0019992885860700875,-0.34361249208450317,-0.24543750286102295,0.03515625,-0.01171875,34,34,0,0,1,1,10.001110999999341,0.0011109999993408337
405,4.0424217779999996,FIRST_CENTER_PROFILE,1,1,5.4656627021669539,2.3988835968137585,0.11047934031966047,-0.11047934031966047,5.4295377731323242,2.4225447177886963,0.0059978280933473908,0.0040288220570258073,0.005013325075186599,0.00029088820866572662,-0.0047224368665208724,0.0019690060363215835,-0.12271875143051147,0,0.02734375,-0.01953125,34,34,0,0,1,1,9.858605999999881,0.14139400000011904
406,4.052519717,FIRST_CENTER_PROFILE,1,1,5.4666017765596715,2.3979445224210414,0.07733553822376231,-0.07733553822376231,5.4293460845947266,2.4225447177886963,0.0060281106430958948,0.0040288220570258073,0.0050284663500608506,0.00014253522224620674,-0.0048859311278146439,0.0019992885860700875,-0.36815625429153442,-0.22089375555515289,0.0234375,-0.0078125,34,34,0,0,1,1,10.097939000000444,0.09793900000044431
407,4.0625555499999999,FIRST_CENTER_PROFILE,1,1,5.467209412931429,2.3973368860492834,0.044191736127864117,-0.044191736127864117,5.4295377731323242,2.4223530292510986,0.0059978280933473908,0.0039985395072773032,0.0049981838003123474,4.6542113386519035e-05,-0.0049516416869258284,0.0019992885860700875,0,-0.56450623273849487,0.0234375,-0.01953125,34,34,0,0,1,1,10.035832999999883,0.035832999999882986
408,4.0724214239999998,FIRST_CENTER_PROFILE,1,1,5.4674856112822283,2.3970606876984841,0.011047934031965937,-0.011047934031965937,5.4295377731323242,2.4225447177886963,0.0059978280933473908,0.0040288220570258073,0.005013325075186599,2.9088820866635112e-06,-0.0050104161930999355,0.0019690060363215835,0,-0.24543750286102295,0.0234375,-0.01953125,34,34,0,0,1,1,9.8658739999999412,0.13412600000005881
409,4.0824391990000004,FIRST_CENTER_PROFILE,1,1,5.4675040245056152,2.3970422744750977,0,-0,5.4293460845947266,2.4223530292510986,0.0060281106430958948,0.0039985395072773032,0.005013325075186599,0,-0.005013325075186599,0.0020295711358185916,-0.24543750286102295,-0.29452499747276306,0.0234375,-0.01953125,34,34,0,0,1,1,10.017775000000562,0.017775000000561647
410,4.0924147130000001,FIRST_CENTER_ENDPOINT,1,1,5.4675040245056152,2.3970422744750977,-0,0,5.4293460845947266,2.4225447177886963,0.0060281106430958948,0.0040288220570258073,0.0050284663500608506,0,-0.0050284663500608506,0.0019992885860700875,-0.36815625429153442,-0.24543750286102295,0.0234375,-0.0078125,34,34,0,0,1,1,9.9755139999997411,0.024486000000258912
411,4.1024142589999997,FIRST_CENTER_ENDPOINT,1,1,5.4675040245056152,2.3970422744750977,-0,0,5.4295377731323242,2.4225447177886963,0.0059978280933473908,0.0040288220570258073,0.005013325075186599,0,-0.005013325075186599,0.0019690060363215835,0,0,0.01953125,-0.01953125,34,34,0,0,1,1,9.9995459999995262,0.00045400000047379763
412,4.1124146079999999,FIRST_CENTER_ENDPOINT,1,1,5.4675040245056152,2.3970422744750977,-0,0,5.4295377731323242,2.4223530292510986,0.0059978280933473908,0.0039985395072773032,0.0049981838003123474,0,-0.0049981838003123474,0.0019992885860700875,0,-0.24543750286102295,0.0234375,-0.01171875,34,34,0,0,1,1,10.000349000000242,0.00034900000024151723
413,4.1224150450000003,FIRST_CENTER_ENDPOINT,1,1,5.4675040245056152,2.3970422744750977,-0,0,5.4293460845947266,2.4225447177886963,0.0060281106430958948,0.0040288220570258073,0.0050284663500608506,0,-0.0050284663500608506,0.0019992885860700875,-0.39269998669624329,-0.073631249368190765,0.0234375,-0.0078125,34,34,0,0,1,1,10.000437000000417,0.00043700000041724252
414,4.1324315560000002,FIRST_CENTER_ENDPOINT,1,1,5.4675040245056152,2.3970422744750977,-0,0,5.4295377731323242,2.4223530292510986,0.0059978280933473908,0.0039985395072773032,0.0049981838003123474,0,-0.0049981838003123474,0.0019992885860700875,0.024543749168515205,-0.36815625429153442,0.0234375,-0.0234375,34,34,0,0,1,1,10.016510999999895,0.016510999999894693
415,4.1424143500000001,FIRST_CENTER_ENDPOINT,1,1,5.4675040245056152,2.3970422744750977,-0,0,5.4295377731323242,2.4225447177886963,0.0059978280933473908,0.0040288220570258073,0.005013325075186599,0,-0.005013325075186599,0.0019690060363215835,-0.36815625429153442,0,0.01953125,-0.01171875,34,34,0,0,1,1,9.982793999999906,0.017206000000093979
416,4.1524142939999997,FIRST_CENTER_ENDPOINT,1,1,5.4675040245056152,2.3970422744750977,-0,0,5.4291543960571289,2.4223530292510986,0.0060583931928443989,0.0039985395072773032,0.0050284663500608506,0,-0.0050284663500608506,0.0020598536855670957,-0.61359375715255737,-0.36815625429153442,0.0234375,-0.01171875,34,34,0,0,1,1,9.9999439999995943,5.6000000405731498e-05
417,4.1624142129999999,FIRST_CENTER_ENDPOINT,1,1,5.4675040245056152,2.3970422744750977,-0,0,5.4295377731323242,2.4223530292510986,0.0059978280933473908,0.0039985395072773032,0.0049981838003123474,0,-0.0049981838003123474,0.0019992885860700875,0,-0.24543750286102295,0.0234375,-0.01171875,34,34,0,0,1,1,9.9999190000001903,8.0999999809705514e-05
418,4.1724141389999998,FIRST_CENTER_ENDPOINT,1,1,5.4675040245056152,2.3970422744750977,-0,0,5.4295377731323242,2.4225447177886963,0.0059978280933473908,0.0040288220570258073,0.005013325075186599,0,-0.005013325075186599,0.0019690060363215835,0.049087498337030411,-0.098174996674060822,0.0234375,-0.0078125,34,34,0,0,1,1,9.9999259999998813,7.4000000118701337e-05
419,4.1824314740000004,FIRST_CENTER_ENDPOINT,1,1,5.4675040245056152,2.3970422744750977,-0,0,5.4293460845947266,2.4223530292510986,0.0060281106430958948,0.0039985395072773032,0.005013325075186599,0,-0.005013325075186599,0.0020295711358185916,-0.24543750286102295,0,0.01953125,-0.0078125,34,34,0,0,1,1,10.017335000000571,0.017335000000571199
420,4.1924308440000004,FIRST_CENTER_ENDPOINT,1,1,5.4675040245056152,2.3970422744750977,-0,0,5.4295377731323242,2.4225447177886963,0.0059978280933473908,0.0040288220570258073,0.005013325075186599,0,-0.005013325075186599,0.0019690060363215835,-0.39269998669624329,0.22089375555515289,0.01953125,-0.01953125,34,34,0,0,1,1,9.9993700000000629,0.00062999999993706979
421,4.2024143929999997,FIRST_CENTER_ENDPOINT,1,1,5.4675040245056152,2.3970422744750977,-0,0,5.4295377731323242,2.4225447177886963,0.0059978280933473908,0.0040288220570258073,0.005013325075186599,0,-0.005013325075186599,0.0019690060363215835,0.024543749168515205,-0.14726249873638153,0.0234375,-0.01953125,34,34,0,0,1,1,9.9835489999993143,0.016451000000685667
422,4.2124308050000003,FIRST_CENTER_ENDPOINT,1,1,5.4675040245056152,2.3970422744750977,-0,0,5.4293460845947266,2.4225447177886963,0.0060281106430958948,0.0040288220570258073,0.0050284663500608506,0,-0.0050284663500608506,0.0019992885860700875,-0.34361249208450317,-0.024543749168515205,0.01953125,-0.01171875,34,34,0,0,1,1,10.016412000000585,0.016412000000585181
423,4.2225682249999998,FIRST_CENTER_ENDPOINT,1,1,5.4675040245056152,2.3970422744750977,-0,0,5.4295377731323242,2.4223530292510986,0.0059978280933473908,0.0039985395072773032,0.0049981838003123474,0,-0.0049981838003123474,0.0019992885860700875,0,0,0.01171875,-0.01171875,34,34,0,0,1,1,10.137419999999508,0.13741999999950849
424,4.2325596079999999,FIRST_CENTER_ENDPOINT,1,1,5.4675040245056152,2.3970422744750977,-0,0,5.4291543960571289,2.4225447177886963,0.0060583931928443989,0.0040288220570258073,0.0050436076249351031,0,-0.0050436076249351031,0.0020295711358185916,-0.39269998669624329,-0.073631249368190765,0.0234375,-0.01953125,34,34,0,0,1,1,9.9913830000000203,0.0086169999999796687
425,4.2424151370000001,FIRST_CENTER_ENDPOINT,1,1,5.4675040245056152,2.3970422744750977,-0,0,5.4293460845947266,2.4225447177886963,0.0060281106430958948,0.0040288220570258073,0.0050284663500608506,0,-0.0050284663500608506,0.0019992885860700875,-0.36815625429153442,0,0.0078125,-0.0078125,34,34,0,0,1,1,9.855529000000196,0.14447099999980395
426,4.252414559,FIRST_CENTER_ENDPOINT,1,1,5.4675040245056152,2.3970422744750977,-0,0,5.4295377731323242,2.4223530292510986,0.0059978280933473908,0.0039985395072773032,0.0049981838003123474,0,-0.0049981838003123474,0.0019992885860700875,-0.049087498337030411,-0.26998123526573181,0.0234375,-0.01171875,34,34,0,0,1,1,9.9994219999999245,0.00057800000007546259
427,4.2624148320000002,FIRST_CENTER_ENDPOINT,1,1,5.4675040245056152,2.3970422744750977,-0,0,5.4295377731323242,2.4225447177886963,0.0059978280933473908,0.0040288220570258073,0.005013325075186599,0,-0.005013325075186599,0.0019690060363215835,0.024543749168515205,0,0.02734375,-0.01171875,34,34,0,0,1,1,10.00027300000017,0.00027300000017049797
428,4.2724193489999998,FIRST_CENTER_ENDPOINT,1,1,5.4675040245056152,2.3970422744750977,-0,0,5.4295377731323242,2.4225447177886963,0.0059978280933473908,0.0040288220570258073,0.005013325075186599,0,-0.005013325075186599,0.0019690060363215835,0,-0.19634999334812164,0.0234375,-0.01953125,34,34,0,0,1,1,10.004516999999602,0.0045169999996019783
429,4.2824161050000003,FIRST_CENTER_ENDPOINT,1,1,5.4675040245056152,2.3970422744750977,-0,0,5.4295377731323242,2.4225447177886963,0.0059978280933473908,0.0040288220570258073,0.005013325075186599,0,-0.005013325075186599,0.0019690060363215835,0,0.098174996674060822,0.01171875,-0.0078125,34,34,0,0,1,1,9.9967560000004951,0.0032439999995048652
430,4.2924361849999997,FIRST_CENTER_ENDPOINT,1,1,5.4675040245056152,2.3970422744750977,-0,0,5.4293460845947266,2.4225447177886963,0.0060281106430958948,0.0040288220570258073,0.0050284663500608506,0,-0.0050284663500608506,0.0019992885860700875,-0.46633124351501465,0.073631249368190765,0.0234375,-0.0078125,34,34,0,0,1,1,10.020079999999432,0.020079999999431664
431,4.3024142960000002,FIRST_CENTER_ENDPOINT,1,1,5.4675040245056152,2.3970422744750977,-0,0,5.4295377731323242,2.4225447177886963,0.0059978280933473908,0.0040288220570258073,0.005013325075186599,0,-0.005013325075186599,0.0019690060363215835,0.049087498337030411,-0.073631249368190765,0.0234375,-0.0078125,34,34,0,0,1,1,9.9781110000005668,0.021888999999433167
432,4.3124142330000002,FIRST_CENTER_ENDPOINT,1,1,5.4675040245056152,2.3970422744750977,-0,0,5.4293460845947266,2.422736644744873,0.0060281106430958948,0.0040591422716371832,0.0050436264573665394,0,-0.0050436264573665394,0.0019689683714587116,-0.4908750057220459,0.39269998669624329,0.01171875,-0.01953125,34,34,0,0,1,1,9.9999369999999033,6.3000000096735675e-05
433,4.322416069,FIRST_CENTER_ENDPOINT,1,1,5.4675040245056152,2.3970422744750977,-0,0,5.4295377731323242,2.4223530292510986,0.0059978280933473908,0.0039985395072773032,0.0049981838003123474,0,-0.0049981838003123474,0.0019992885860700875,-0.024543749168515205,-0.26998123526573181,0.01953125,0,34,34,0,0,1,1,10.00183599999982,0.0018359999998196486
434,4.3324145060000001,FIRST_CENTER_ENDPOINT,1,1,5.4675040245056152,2.3970422744750977,-0,0,5.4295377731323242,2.4225447177886963,0.0059978280933473908,0.0040288220570258073,0.005013325075186599,0,-0.005013325075186599,0.0019690060363215835,0,0.049087498337030411,0.02734375,-0.0078125,34,34,0,0,1,1,9.9984370000001377,0.0015629999998623134
435,4.3424145669999996,FIRST_CENTER_ENDPOINT,1,1,5.4675040245056152,2.3970422744750977,-0,0,5.4297294616699219,2.4225447177886963,0.0059675455435988867,0.0040288220570258073,0.0049981838003123474,0,-0.0049981838003123474,0.0019387234865730794,0.36815625429153442,0.12271875143051147,0.01953125,-0.01953125,34,34,0,0,1,1,10.000060999999505,6.0999999504929292e-05
436,4.3524147639999997,FIRST_CENTER_ENDPOINT,1,1,5.4675040245056152,2.3970422744750977,-0,0,5.4295377731323242,2.4223530292510986,0.0059978280933473908,0.0039985395072773032,0.0049981838003123474,0,-0.0049981838003123474,0.0019992885860700875,0,-0.34361249208450317,0.0234375,-0.01953125,34,34,0,0,1,1,10.000197000000099,0.00019700000009947871
437,4.3624325060000002,FIRST_CENTER_ENDPOINT,1,1,5.4675040245056152,2.3970422744750977,-0,0,5.4295377731323242,2.4223530292510986,0.0059978280933473908,0.0039985395072773032,0.0049981838003123474,0,-0.0049981838003123474,0.0019992885860700875,0,-0.36815625429153442,0.0234375,-0.01953125,34,34,0,0,1,1,10.017742000000496,0.01774200000049575
438,4.3725541520000002,FIRST_CENTER_ENDPOINT,1,1,5.4675040245056152,2.3970422744750977,-0,0,5.4295377731323242,2.4225447177886963,0.0059978280933473908,0.0040288220570258073,0.005013325075186599,0,-0.005013325075186599,0.0019690060363215835,0.024543749168515205,0.073631249368190765,0.01171875,-0.0078125,34,34,0,0,1,1,10.121645999999984,0.12164599999998416
439,4.3825287270000004,FIRST_CENTER_ENDPOINT,1,1,5.4675040245056152,2.3970422744750977,-0,0,5.4297294616699219,2.4223530292510986,0.0059675455435988867,0.0039985395072773032,0.004983042525438095,0,-0.004983042525438095,0.0019690060363215835,0.34361249208450317,-0.36815625429153442,0.0234375,-0.01953125,34,34,0,0,1,1,9.9745750000002076,0.025424999999792419
440,4.392491701,FIRST_CENTER_ENDPOINT,1,1,5.4675040245056152,2.3970422744750977,-0,0,5.4295377731323242,2.4225447177886963,0.0059978280933473908,0.0040288220570258073,0.005013325075186599,0,-0.005013325075186599,0.0019690060363215835,0,0.073631249368190765,0.0234375,-0.01171875,34,34,0,0,1,1,9.9629739999995692,0.03702600000043077
441,4.4025551089999997,FIRST_CENTER_ENDPOINT,1,1,5.4675040245056152,2.3970422744750977,-0,0,5.4295377731323242,2.4223530292510986,0.0059978280933473908,0.0039985395072773032,0.0049981838003123474,0,-0.0049981838003123474,0.0019992885860700875,0,-0.36815625429153442,0.02734375,-0.01171875,34,34,0,0,1,1,10.063407999999718,0.063407999999718356
442,4.412560815,FIRST_CENTER_ENDPOINT,1,1,5.4675040245056152,2.3970422744750977,-0,0,5.4295377731323242,2.4223530292510986,0.0059978280933473908,0.0039985395072773032,0.0049981838003123474,0,-0.0049981838003123474,0.0019992885860700875,-0.14726249873638153,-0.26998123526573181,0.0234375,-0.01171875,34,34,0,0,1,1,10.005706000000281,0.0057060000002806532
443,4.4224654389999998,FIRST_CENTER_ENDPOINT,1,1,5.4675040245056152,2.3970422744750977,-0,0,5.4297294616699219,2.4225447177886963,0.0059675455435988867,0.0040288220570258073,0.0049981838003123474,0,-0.0049981838003123474,0.0019387234865730794,0.22089375555515289,0.024543749168515205,0.02734375,-0.0078125,34,34,0,0,1,1,9.9046239999998065,0.095376000000193528
444,4.4324208409999999,FIRST_CENTER_ENDPOINT,1,1,5.4675040245056152,2.3970422744750977,-0,0,5.4295377731323242,2.4225447177886963,0.0059978280933473908,0.0040288220570258073,0.005013325075186599,0,-0.005013325075186599,0.0019690060363215835,-0.12271875143051147,-0.024543749168515205,0.0234375,-0.0234375,34,34,0,0,1,1,9.9554020000001131,0.044597999999886895
445,4.4424150820000001,FIRST_CENTER_ENDPOINT,1,1,5.4675040245056152,2.3970422744750977,-0,0,5.4293460845947266,2.4225447177886963,0.0060281106430958948,0.0040288220570258073,0.0050284663500608506,0,-0.0050284663500608506,0.0019992885860700875,-0.44178751111030579,0.024543749168515205,0.0234375,-0.01171875,34,34,0,0,1,1,9.9942410000002369,0.005758999999763148
446,4.452414385,FIRST_CENTER_ENDPOINT,1,1,5.4675040245056152,2.3970422744750977,-0,0,5.4295377731323242,2.4225447177886963,0.0059978280933473908,0.0040288220570258073,0.005013325075186599,0,-0.005013325075186599,0.0019690060363215835,-0.024543749168515205,0.12271875143051147,0.02734375,-0.01171875,34,34,0,0,1,1,9.9993029999998484,0.00069700000015160413
447,4.4624143590000003,FIRST_CENTER_ENDPOINT,1,1,5.4675040245056152,2.3970422744750977,-0,0,5.4297294616699219,2.4225447177886963,0.0059675455435988867,0.0040288220570258073,0.0049981838003123474,0,-0.0049981838003123474,0.0019387234865730794,0.19634999334812164,-0.14726249873638153,0.0234375,-0.01953125,34,34,0,0,1,1,9.9999740000003001,2.5999999699877208e-05
448,4.4724181090000004,FIRST_CENTER_ENDPOINT,1,1,5.4675040245056152,2.3970422744750977,-0,0,5.4293460845947266,2.4225447177886963,0.0060281106430958948,0.0040288220570258073,0.0050284663500608506,0,-0.0050284663500608506,0.0019992885860700875,-0.46633124351501465,0.049087498337030411,0.0234375,-0.01953125,34,34,0,0,1,1,10.003750000000089,0.00375000000008896
449,4.4824357309999998,FIRST_CENTER_ENDPOINT,1,1,5.4675040245056152,2.3970422744750977,-0,0,5.4293460845947266,2.4225447177886963,0.0060281106430958948,0.0040288220570258073,0.0050284663500608506,0,-0.0050284663500608506,0.0019992885860700875,-0.36815625429153442,-0.024543749168515205,0.02734375,-0.0234375,34,34,0,0,1,1,10.017621999999449,0.01762199999944869
450,4.4925307160000001,MINUS_5_PROFILE,1,1,5.4675040245056152,2.3970422744750977,0,-0,5.4293460845947266,2.4225447177886963,0.0060281106430958948,0.0040288220570258073,0.0050284663500608506,0,-0.0050284663500608506,0.0019992885860700875,-0.44178751111030579,0,0.0234375,-0.0078125,34,34,0,0,1,1,10.094985000000278,0.094985000000278319
451,4.5024188619999999,MINUS_5_PROFILE,1,1,5.4676697435160948,2.3968765554646181,0.033143802095898151,-0.033143802095898151,5.4297294616699219,2.4223530292510986,0.0059675455435988867,0.0039985395072773032,0.004983042525438095,-2.6179938779914941e-05,-0.0050092224642180102,0.0019690060363215835,0.29452499747276306,-0.26998123526573181,0.0234375,-0.0078125,34,34,0,0,1,1,9.8881459999997645,0.11185400000023549
452,4.512415141,MINUS_5_PROFILE,1,1,5.4681669005475335,2.3963793984331798,0.066287604191796301,-0.066287604191796301,5.4293460845947266,2.4225447177886963,0.0060281106430958948,0.0040288220570258073,0.0050284663500608506,-0.00010471975511965977,-0.0051331861051805107,0.0019992885860700875,-0.53996247053146362,0.12271875143051147,0.02734375,-0.0078125,34,34,0,0,1,1,9.9962790000001078,0.0037209999998921717
453,4.5224145169999996,MINUS_5_PROFILE,1,1,5.4689954955999305,2.3955508033807824,0.099431406287694452,-0.099431406287694452,5.4297294616699219,2.4225447177886963,0.0059675455435988867,0.0040288220570258073,0.0049981838003123474,-0.00023561944901923445,-0.0052338032493315818,0.0019387234865730794,0.17180624604225159,-0.073631249368190765,0.02734375,-0.01171875,34,34,0,0,1,1,9.9993759999996712,0.00062400000032880598
454,4.5324338879999999,MINUS_5_PROFILE,1,1,5.4701555286732875,2.3943907703074259,0.1325752083835926,-0.1325752083835926,5.4295377731323242,2.4225447177886963,0.0059978280933473908,0.0040288220570258073,0.005013325075186599,-0.00041887902047863906,-0.0054322040956652383,0.0019690060363215835,-0.26998123526573181,0,0.02734375,-0.01953125,34,34,0,0,1,1,10.019371000000277,0.019371000000276695
455,4.5426317779999996,MINUS_5_PROFILE,1,1,5.4716469997676027,2.3928992992131102,0.16571901047949075,-0.16571901047949075,5.4297294616699219,2.4225447177886963,0.0059675455435988867,0.0040288220570258073,0.0049981838003123474,-0.00065449846949787362,-0.0056526822698102211,0.0019387234865730794,0.22089375555515289,-0.63813751935958862,0.02734375,-0.01953125,34,34,0,0,1,1,10.19788999999971,0.19788999999970969
456,4.5525561139999997,MINUS_5_PROFILE,1,1,5.4734699088828771,2.3910763900978358,0.1988628125753889,-0.1988628125753889,5.4295377731323242,2.4225447177886963,0.0059978280933473908,0.0040288220570258073,0.005013325075186599,-0.00094247779607693782,-0.0059558028712635366,0.0019690060363215835,-0.26998123526573181,-0.024543749168515205,0.03515625,-0.0234375,34,34,0,0,1,1,9.9243360000000891,0.075663999999910914
457,4.5624642880000001,MINUS_5_PROFILE,1,1,5.4756242560191106,2.3889220429616027,0.23200661467128711,-0.23200661467128711,5.4297294616699219,2.4225447177886963,0.0059675455435988867,0.0040288220570258073,0.0049981838003123474,-0.0012828170002158325,-0.0062810008005281803,0.0019387234865730794,0.073631249368190765,0,0.0390625,-0.02734375,34,34,0,0,1,1,9.9081740000004359,0.09182599999956409
458,4.572566342,MINUS_5_PROFILE,1,1,5.4781100411763024,2.38643625780441,0.2651504167671852,-0.2651504167671852,5.4295377731323242,2.4225447177886963,0.0059978280933473908,0.0040288220570258073,0.005013325075186599,-0.0016755160819145562,-0.0066888411571011551,0.0019690060363215835,-0.24543750286102295,0.12271875143051147,0.0390625,-0.03515625,34,34,0,0,1,1,10.10205399999986,0.10205399999986042
459,4.582415299,MINUS_5_PROFILE,1,1,5.4809272643544542,2.3836190346262591,0.29829421886308338,-0.29829421886308338,5.4297294616699219,2.4223530292510986,0.0059675455435988867,0.0039985395072773032,0.004983042525438095,-0.00212057504117311,-0.0071036175666112054,0.0019690060363215835,0.049087498337030411,0.049087498337030411,0.04296875,-0.02734375,34,34,0,0,1,1,9.8489569999999915,0.15104300000000848
460,4.5924337480000004,MINUS_5_PROFILE,1,1,5.4840759255535643,2.3804703734271486,0.33143802095898151,-0.33143802095898151,5.4301128387451172,2.4223530292510986,0.0059069804441018786,0.0039985395072773032,0.0049527599756895909,-0.0026179938779914945,-0.0075707538536810854,0.0019084409368245753,0.12271875143051147,0,0.04296875,-0.03515625,34,34,0,0,1,1,10.018449000000373,0.018449000000373417
461,4.6024143840000002,MINUS_5_PROFILE,1,1,5.4875560247736335,2.3769902742070794,0.36458182305487968,-0.36458182305487968,5.4304962158203125,2.4223530292510986,0.0058464153446048696,0.0039985395072773032,0.004922477425941086,-0.0031677725923697081,-0.0080902500183107941,0.0018478758373275663,0.073631249368190765,0.073631249368190765,0.0390625,-0.03515625,34,34,0,0,1,1,9.9806359999998762,0.019364000000123838
462,4.6124141859999996,MINUS_5_PROFILE,1,1,5.4913675620146618,2.3731787369660511,0.39772562515077781,-0.39772562515077781,5.4306883811950684,2.422161340713501,0.0058160574651306236,0.0039682569575287992,0.0048921572113297118,-0.0037699111843077513,-0.0086620683956374622,0.0018478005076018244,-0.26998123526573181,-0.17180624604225159,0.05078125,-0.0390625,34,34,0,0,1,1,9.9998019999993915,0.00019800000060854472
463,4.622414247,MINUS_5_PROFILE,1,1,5.4955105372766493,2.3690357617040636,0.43086942724667598,-0.43086942724667598,5.430880069732666,2.4219696521759033,0.0057857749153821187,0.0039379744077802951,0.0048618746615812069,-0.0044244096538056258,-0.0092862843153868335,0.0018478005076018236,-0.049087498337030411,-0.39269998669624329,0.05859375,-0.05078125,34,34,0,0,1,1,10.000061000000393,6.1000000393107712e-05
464,4.6324146219999998,MINUS_5_PROFILE,1,1,5.499984950559595,2.3645613484211174,0.46401322934257422,-0.46401322934257422,5.4310717582702637,2.4219696521759033,0.0057554923656336146,0.0039379744077802951,0.0048467333867069553,-0.0051312680008633298,-0.0099780013875702851,0.0018175179578533195,-0.31906875967979431,-0.17180624604225159,0.05859375,-0.05078125,34,34,0,0,1,1,10.000374999999728,0.00037499999972823161
465,4.6424353429999998,MINUS_5_PROFILE,1,1,5.5047908018635008,2.3597554971172121,0.49715703143847223,-0.49715703143847223,5.4316468238830566,2.4217777252197266,0.0056646447163881024,0.0039076541931689201,0.0047861494547785117,-0.0058904862254808609,-0.010676635680259373,0.0017569905232191823,-0.24543750286102295,-0.24543750286102295,0.06640625,-0.0546875,34,34,0,0,1,1,10.020721000000066,0.020721000000065715
466,4.6524326230000002,MINUS_5_PROFILE,1,1,5.5099280911883648,2.3546182077923481,0.53030083353437041,-0.53030083353437041,5.4329891204833984,2.4217777252197266,0.0054525915384228303,0.0039076541931689201,0.0046801228657958752,-0.006702064327658225,-0.0113821871934541,0.0015449373452539102,0,0,0.06640625,-0.05078125,34,34,0,0,1,1,9.9972800000003303,0.0027199999996696533
467,4.6625548419999996,MINUS_5_PROFILE,1,1,5.515396818534188,2.3491494804465249,0.56344463563026859,-0.56344463563026859,5.4349064826965332,2.4213943481445312,0.005149690711212046,0.0038470890936719115,0.004498389902441979,-0.0075660023073954186,-0.012064392209837398,0.0013026016175401345,0.24543750286102295,-0.24543750286102295,0.05859375,-0.0703125,34,34,0,0,1,1,10.122218999999433,0.12221899999943275
468,4.6724897240000001,MINUS_5_PROFILE,1,1,5.5211969839009702,2.3433493150797426,0.59658843772616676,-0.59658843772616676,5.4389333724975586,2.4213943481445312,0.0045135311773162306,0.0038470890936719115,0.0041803101354940713,-0.0084823001646924402,-0.012662610300186512,0.00066644208364431906,0.44178751111030579,-0.24543750286102295,0.0546875,-0.06640625,34,34,0,0,1,1,9.9348820000004778,0.065117999999522169
469,4.6825621579999996,MINUS_5_PROFILE,1,1,5.5273285872887117,2.3372177116920017,0.62973223982206483,-0.62973223982206483,5.4469866752624512,2.4210107326507568,0.0032412874392503425,0.0037864863293120316,0.0035138868842811873,-0.0094509578995492938,-0.012964844783830481,-0.00054519889006168906,0.56450623273849487,-0.24543750286102295,0.0390625,-0.0703125,34,34,0,0,1,1,10.072433999999575,0.072433999999574894
470,4.6925477469999999,MINUS_5_PROFILE,1,1,5.5337916286974114,2.3307546702833015,0.66287604191796301,-0.66287604191796301,5.4487123489379883,2.4200520515441895,0.0029686691617880627,0.0036350359157066394,0.0033018525387473511,-0.010471975511965978,-0.013773828050713329,-0.00066636675391857671,-0.24543750286102295,-0.049087498337030411,0.0859375,-0.0703125,34,34,0,0,1,1,9.985589000000239,0.014410999999761032
471,4.7025591650000003,MINUS_5_PROFILE,1,1,5.5405861081270711,2.3239601908536422,0.69601984401386119,-0.69601984401386119,5.4487123489379883,2.4192850589752197,0.0029686691617880627,0.0035138680518497513,0.003241268606818907,-0.011545353001942487,-0.014786621608761395,-0.00054519889006168862,-0.049087498337030411,-0.19634999334812164,0.0859375,-0.08984375,34,34,0,0,1,1,10.011418000000383,0.011418000000382733
472,4.712419777,MINUS_5_PROFILE,1,1,5.5477120255776891,2.3168342734030243,0.72916364610975937,-0.72916364610975937,5.4487123489379883,2.4190933704376221,0.0029686691617880627,0.0034835855021012473,0.003226127331944655,-0.012671090369478832,-0.015897217701423487,-0.00051491634031318456,-0.24543750286102295,-0.049087498337030411,0.09375,-0.08984375,34,34,0,0,1,1,9.8606119999997688,0.13938800000023122
473,4.7224149290000001,MINUS_5_PROFILE,1,1,5.5551693810492662,2.3093769179314472,0.76230744820565743,-0.76230744820565743,5.4490962028503418,2.41851806640625,0.0029080287325653118,0.0033927001879928637,0.0031503644602790875,-0.013849187614575004,-0.016999552074854093,-0.00048467145542755189,0,-0.17180624604225159,0.109375,-0.08984375,34,34,0,0,1,1,9.9951520000001182,0.0048479999998818357
474,4.7324333249999997,MINUS_5_PROFILE,1,1,5.5629581745418015,2.3015881244389109,0.79545125030155561,-0.79545125030155561,5.4494795799255371,2.4177510738372803,0.0028474636330683032,0.0032715323241359756,0.0030594979786021394,-0.015079644737231005,-0.018139142715833143,-0.00042406869106767237,0.098174996674060822,-0.24543750286102295,0.09375,-0.09375,34,34,0,0,1,1,10.018395999999541,0.018395999999540891
475,4.7425514780000002,MINUS_5_PROFILE,1,1,5.5710784060552969,2.293467892925416,0.82859505239745379,-0.82859505239745379,5.4500546455383301,2.4169840812683105,0.0027566159838227906,0.0031503644602790875,0.0029534902220509389,-0.016362461737446838,-0.019315951959497778,-0.00039374847645629691,0.12271875143051147,-0.17180624604225159,0.10546875,-0.109375,34,34,0,0,1,1,10.118153000000518,0.1181530000005182
476,4.7525645279999997,MINUS_5_PROFILE,1,1,5.5795300755897514,2.2850162233909619,0.86173885449335197,-0.86173885449335197,5.4502463340759277,2.4164087772369385,0.0027263334340742866,0.0030594791461707039,0.0028929062901224952,-0.017697638615222503,-0.020590544905344999,-0.00033314571209641739,-0.24543750286102295,-0.34361249208450317,0.109375,-0.1171875,34,34,0,0,1,1,10.013049999999524,0.01304999999952372
477,4.7625345169999997,MINUS_5_PROFILE,1,1,5.5883131831451642,2.2762331158355487,0.89488265658925015,-0.89488265658925015,5.4508218765258789,2.4158337116241455,0.0026354104551030316,0.0029686314969251913,0.0028020209760141112,-0.019085175370557997,-0.021887196346572109,-0.00033322104182215975,0.34361249208450317,-0.58904999494552612,0.125,-0.12109375,34,34,0,0,1,1,9.9699890000000124,0.030010999999987575
478,4.7724160549999999,MINUS_5_PROFILE,1,1,5.5974277287215362,2.2671185702591767,0.92802645868514844,-0.92802645868514844,5.4513969421386719,2.4154500961303711,0.0025445628058575189,0.0029080287325653118,0.0027262957692114152,-0.020525072003453319,-0.023251367772664733,-0.00036346592670779285,0.17180624604225159,-0.24543750286102295,0.12109375,-0.12109375,34,34,0,0,1,1,9.881538000000134,0.11846199999986595
479,4.7824347039999999,MINUS_5_PROFILE,1,1,5.6068737123188672,2.2576725866618461,0.96117026078104639,-0.96117026078104639,5.4512052536010742,2.4144914150238037,0.002574845355606023,0.0027565783189599197,0.0026657118372829715,-0.022017328513908464,-0.024683040351191433,-0.00018173296335389664,-0.36815625429153442,-0.36815625429153442,0.13671875,-0.1328125,34,34,0,0,1,1,10.018649000000046,0.018649000000046101
480,4.7924145329999996,MINUS_5_PROFILE,1,1,5.6166511339371565,2.2478951650435559,0.99431406287694446,-0.99431406287694446,5.4517803192138672,2.4139161109924316,0.0024839977063605104,0.0026656930048515356,0.002574845355606023,-0.023561944901923444,-0.026136790257529467,-0.00018169529849102525,0.14726249873638153,0,0.140625,-0.13671875,34,34,0,0,1,1,9.9798289999997181,0.020171000000281936
481,4.802414368,MINUS_5_PROFILE,1,1,5.6267599935764059,2.237786305404307,1.0274578649728427,-1.0274578649728427,5.4517803192138672,2.4127657413482666,0.0024839977063605104,0.0024839600414976394,0.0024839788739290749,-0.025158921167498256,-0.027642900041427332,3.7664862870961935e-08,-0.22089375555515289,-0.098174996674060822,0.15234375,-0.140625,34,34,0,0,1,1,9.9998350000003455,0.00016499999965446932
482,4.8124143310000003,MINUS_5_PROFILE,1,1,5.6372002912366135,2.227346007744099,1.0606016670687408,-1.0606016670687408,5.4523558616638184,2.4106564521789551,0.0023930747273892554,0.0021507389996754797,0.0022719068635323678,-0.0268082573106329,-0.029080164174165268,0.00024233572771377573,0.14726249873638153,-0.39269998669624329,0.171875,-0.1484375,34,34,0,0,1,1,9.9999630000002782,3.6999999721842869e-05
483,4.8224144689999999,MINUS_5_PROFILE,1,1,5.6479720269177811,2.2165742720629322,1.0937454691646391,-1.0937454691646391,5.452547550201416,2.4093141555786133,0.0023627921776407513,0.0019386858217102078,0.0021507389996754797,-0.028509953331327373,-0.030660692331002853,0.00042410635593054355,-0.36815625429153442,-0.24543750286102295,0.15625,-0.1640625,34,34,0,0,1,1,10.000137999999659,0.00013799999965868892
484,4.8324348219999997,MINUS_5_PROFILE,1,1,5.6590015477263602,2.2055447512543527,1.1047934031966051,-1.1047934031966051,5.4533143043518066,2.4081637859344482,0.0022416619786467347,0.0017569528583563114,0.001999307418501523,-0.030252373701235048,-0.032251681119736572,0.00048470912029042329,-0.049087498337030411,-0.22089375555515289,0.18359375,-0.16796875,34,34,0,0,1,1,10.020352999999815,0.020352999999815324
485,4.8424149349999999,MINUS_5_PROFILE,1,1,5.6700494817583262,2.1944968172223867,1.1047934031966051,-1.1047934031966051,5.4540815353393555,2.4070131778717041,0.0021204564499269752,0.0015751822301395438,0.0018478193400332595,-0.03199770295322938,-0.033845522293262639,0.00054527421978743142,0.098174996674060822,-0.41724374890327454,0.18359375,-0.171875,34,34,0,0,1,1,9.9801130000001237,0.019886999999876309
486,4.8524144009999999,MINUS_5_PROFILE,1,1,5.6810974157902923,2.1834488831904206,1.1047934031966051,-1.1047934031966051,5.4548482894897461,2.4056708812713623,0.0019993262509329585,0.0013631290521742721,0.0016812276515536153,-0.033743032205223698,-0.035424259856777315,0.0006361971987586864,0.073631249368190765,-0.85903126001358032,0.1875,-0.171875,34,34,0,0,1,1,9.9994660000000124,0.00053399999998759995
487,4.8624144679999999,MINUS_5_PROFILE,1,1,5.6921453498222583,2.1724009491584546,1.1047934031966051,-1.1047934031966051,5.4559988975524902,2.4045205116271973,0.0018175556227161911,0.0011813960888203757,0.0014994758557682834,-0.03548836145721803,-0.036987837312986313,0.00063615953389581543,-0.098174996674060822,-0.098174996674060822,0.1875,-0.1875,34,34,0,0,1,1,10.000067000000001,6.7000000001371518e-05
488,4.8724154200000003,MINUS_5_PROFILE,1,1,5.7031932838542243,2.1613530151264886,1.1047934031966051,-1.1047934031966051,5.4577245712280273,2.4029865264892578,0.0015449373452539109,0.00093906036110659973,0.0012419988531802554,-0.037233690709212362,-0.038475689562392619,0.00060587698414731115,0.26998123526573181,-0.22089375555515289,0.19140625,-0.19921875,34,34,0,0,1,1,10.000952000000396,0.00095200000039596944
489,4.8824144409999999,MINUS_5_PROFILE,1,1,5.7142412178861903,2.1503050810945226,1.1047934031966051,-1.1047934031966051,5.4594502449035645,2.4014525413513184,0.0012723190677916307,0.00069672463339282378,0.00098452185059222722,-0.038979019961206694,-0.039963541811798925,0.00057559443439880687,0.19634999334812164,-0.51541876792907715,0.19140625,-0.19140625,34,34,0,0,1,1,9.9990209999996083,0.00097900000039174984
490,4.8924315710000004,MINUS_5_PROFILE,1,1,5.7252891519181563,2.1392571470625565,1.1047934031966051,-1.1047934031966051,5.4615597724914551,2.4001102447509766,0.00093906036110659973,0.00048467145542755195,0.00071186590826707581,-0.040724349213201019,-0.041436215121468098,0.00045438890567904778,-0.24543750286102295,-0.24543750286102295,0.19921875,-0.19921875,34,34,0,0,1,1,10.017130000000485,0.017130000000484813
491,4.902414233,MINUS_5_PROFILE,1,1,5.7363370859501224,2.1282092130305905,1.1047934031966051,-1.1047934031966051,5.4638605117797852,2.3987679481506348,0.00057559443439880698,0.00027261827746228017,0.00042410635593054355,-0.042469678465195351,-0.042893784821125894,0.00030297615693652681,-0.073631249368190765,-0.51541876792907715,0.203125,-0.21484375,34,34,0,0,1,1,9.9826619999996424,0.017338000000357567
492,4.9124143609999997,MINUS_5_PROFILE,1,1,5.7473850199820884,2.1171612789986245,1.1047934031966051,-1.1047934031966051,5.4667367935180664,2.3974258899688721,0.00012120552871975926,6.060276435987963e-05,9.0904146539819446e-05,-0.044215007717189676,-0.044305911863729494,6.060276435987963e-05,0.049087498337030411,-0.024543749168515205,0.21875,-0.20703125,34,34,0,0,1,1,10.000127999999719,0.00012799999971946363
493,4.9224316290000001,MINUS_5_PROFILE,1,1,5.7584329540140544,2.1061133449666585,1.1047934031966051,-1.1047934031966051,5.4690380096435547,2.3958919048309326,-0.00024233572771377597,-0.00018173296335389634,-0.00021203434553383616,-0.045960336969184008,-0.045748302623650171,-6.060276435987963e-05,0.098174996674060822,-0.63813751935958862,0.23046875,-0.22265625,34,34,0,0,1,1,10.017268000000357,0.017268000000356665
494,4.9325257310000001,MINUS_5_PROFILE,1,1,5.7694808880460204,2.0950654109346925,1.1047934031966051,-1.1047934031966051,5.469996452331543,2.3945496082305908,-0.00039374847645629686,-0.00039378614131916815,-0.0003937673088877325,-0.047705666221178333,-0.047311898912290602,3.7664862871287196e-08,-0.24543750286102295,0,0.23828125,-0.23046875,34,34,0,0,1,1,10.094102000000049,0.094102000000049202
495,4.9425611419999997,MINUS_5_PROFILE,1,1,5.7805288220779865,2.0840174769027264,1.1047934031966051,-1.1047934031966051,5.4709553718566895,2.3935909271240234,-0.00054523655492456035,-0.00054523655492456035,-0.00054523655492456035,-0.049450995473172665,-0.048905758918248103,0,-0.17180624604225159,-0.29452499747276306,0.234375,-0.24609375,34,34,0,0,1,1,10.035410999999606,0.035410999999605508
496,4.9524195600000001,MINUS_5_PROFILE,1,1,5.7915767561099525,2.0729695428707604,1.1047934031966051,-1.1047934031966051,5.4717221260070801,2.3928239345550537,-0.00066636675391857703,-0.00066640441878144832,-0.00066638558635001262,-0.051196324725166997,-0.050529939138816982,3.7664862871287196e-08,-0.049087498337030411,-0.29452499747276306,0.25,-0.25390625,34,34,0,0,1,1,9.858418000000313,0.14158199999968701
497,4.9624151019999996,MINUS_5_PROFILE,1,1,5.8026246901419185,2.0619216088387939,1.1047934031966051,-1.1047934031966051,5.4724893569946289,2.3924403190612793,-0.00078757228263833629,-0.00072700718314132795,-0.00075728973288983212,-0.052941653977161329,-0.052184364244271496,-6.0565099497008343e-05,0.073631249368190765,-0.024543749168515205,0.265625,-0.25,34,34,0,0,1,1,9.9955419999995243,0.0044580000004756926
498,4.9724143710000002,MINUS_5_PROFILE,1,1,5.8136726241738845,2.0508736748068284,1.1047934031966051,-1.1047934031966051,5.4724893569946289,2.3918652534484863,-0.00078757228263833629,-0.00081785483238684046,-0.00080271355751258843,-0.054686983229155647,-0.053884269671643059,3.0282549748504172e-05,-0.22089375555515289,-0.36815625429153442,0.2578125,-0.26953125,34,34,0,0,1,1,9.9992690000005879,0.00073099999941206306
499,4.9824143090000002,MINUS_5_PROFILE,1,1,5.8247205582058506,2.0398257407748619,1.1047934031966051,-1.1047934031966051,5.4726810455322266,2.3918652534484863,-0.00081785483238684046,-0.00081785483238684046,-0.00081785483238684046,-0.056432312481149979,-0.05561445764876314,0,-0.36815625429153442,-0.24543750286102295,0.2734375,-0.2578125,34,34,0,0,1,1,9.999937999999986,6.2000000013995304e-05
500,4.992414535,MINUS_5_PROFILE,1,1,5.8357684922378166,2.0287778067428959,1.1047934031966051,-1.1047934031966051,5.4726810455322266,2.3918652534484863,-0.00081785483238684046,-0.00081785483238684046,-0.00081785483238684046,-0.058177641733144311,-0.057359786900757471,0,-0.24543750286102295,-0.17180624604225159,0.28515625,-0.28125,34,34,0,0,1,1,10.000225999999834,0.00022599999983441421
501,5.0024141850000001,MINUS_5_PROFILE,1,1,5.8466507072593039,2.0178955917214094,1.0716496011007068,-1.0716496011007068,5.4726810455322266,2.392056941986084,-0.00081785483238684046,-0.00078757228263833629,-0.00080271355751258843,-0.059896791046358727,-0.059094077488846139,-3.0282549748504172e-05,-0.44178751111030579,0.22089375555515289,0.28515625,-0.28125,34,34,0,0,1,1,9.9996500000001376,0.00034999999986240482
502,5.012415303,MINUS_5_PROFILE,1,1,5.8572014842598312,2.0073448147208817,1.038505799004809,-1.038505799004809,5.4728727340698242,2.3918652534484863,-0.00084813738213534464,-0.00081785483238684046,-0.0008329961072610925,-0.061563580482013311,-0.060730584374752219,-3.0282549748504172e-05,-0.073631249368190765,-0.24543750286102295,0.28515625,-0.28125,34,34,0,0,1,1,10.00111799999992,0.0011179999999200163
503,5.022433468,MINUS_5_PROFILE,1,1,5.8674208232393994,1.9971254757413133,1.0053619969089107,-1.0053619969089107,5.4728727340698242,2.3916733264923096,-0.00084813738213534464,-0.00084817504699821592,-0.00084815621456678023,-0.063178010040108062,-0.062329853825541279,3.7664862871287196e-08,-0.12271875143051147,-0.6626812219619751,0.2890625,-0.30078125,34,34,0,0,1,1,10.018164999999968,0.01816499999996779
504,5.0324158270000003,MINUS_5_PROFILE,1,1,5.8773087241980093,1.9872375747827036,0.97221819481301253,-0.97221819481301253,5.4728727340698242,2.3916733264923096,-0.00084813738213534464,-0.00084817504699821592,-0.00084815621456678023,-0.064740079720642996,-0.063891923506076212,3.7664862871287196e-08,-0.17180624604225159,-0.073631249368190765,0.30078125,-0.2890625,34,34,0,0,1,1,9.9823590000003293,0.017640999999670726
505,5.0424150360000004,MINUS_5_PROFILE,1,1,5.8868651871356601,1.9776811118450528,0.93907439271711424,-0.93907439271711424,5.4730644226074219,2.3912899494171143,-0.00087841993188384881,-0.00090874014649522427,-0.00089358003918953654,-0.066249789523618097,-0.065356209484428565,3.0320214611375459e-05,0,-0.24543750286102295,0.3046875,-0.30078125,34,34,0,0,1,1,9.9992090000000644,0.00079099999993559322
506,5.0524144120000001,MINUS_5_PROFILE,1,1,5.8960902120523517,1.9684560869283612,0.90593059062121606,-0.90593059062121606,5.473639965057373,2.3912899494171143,-0.0009693429108551039,-0.00090874014649522427,-0.00093904152867516403,-0.067707139449033366,-0.066768097920358205,-6.060276435987963e-05,0.34361249208450317,-0.19634999334812164,0.30078125,-0.30078125,34,34,0,0,1,1,9.9993759999996712,0.00062400000032880598
507,5.0624324639999996,MINUS_5_PROFILE,1,1,5.9049837989480842,1.9595625000326287,0.87278678852531788,-0.87278678852531788,5.473639965057373,2.3910982608795166,-0.0009693429108551039,-0.00093902269624372844,-0.00095418280354941617,-0.069112129496888802,-0.068157946693339383,-3.0320214611375459e-05,-0.098174996674060822,-0.24543750286102295,0.3125,-0.30078125,34,34,0,0,1,1,10.0180519999995,0.018051999999499913
508,5.0724178069999999,MINUS_5_PROFILE,1,1,5.9135459478228576,1.9510003511578551,0.83964298642942004,-0.83964298642942004,5.474215030670166,2.3903312683105469,-0.0010601905601006164,-0.0010601905601006164,-0.0010601905601006164,-0.070464759667184379,-0.069404569107083758,0,0.26998123526573181,-0.26998123526573181,0.31640625,-0.30078125,34,34,0,0,1,1,9.9853430000003129,0.014656999999687059
509,5.0824154970000004,MINUS_5_PROFILE,1,1,5.9217766586766727,1.9427696403040402,0.80649918433352186,-0.80649918433352186,5.4744067192077637,2.3893723487854004,-0.0010904731098491207,-0.0012116786385688797,-0.0011510758742090002,-0.071765029959920165,-0.070613954085711167,0.00012120552871975904,-0.24543750286102295,-0.26998123526573181,0.31640625,-0.3125,34,34,0,0,1,1,9.9976900000005031,0.0023099999994968812
510,5.0924165730000004,MINUS_5_PROFILE,1,1,5.9296759315095287,1.9348703674711847,0.77335538223762368,-0.77335538223762368,5.474790096282959,2.388413667678833,-0.001151038209346129,-0.0013631290521742721,-0.0012570836307602006,-0.073012940375096105,-0.071755856744335905,0.00021209084282814306,-0.19634999334812164,-0.4908750057220459,0.3203125,-0.3125,34,34,0,0,1,1,10.001075999999998,0.0010759999999976344
511,5.1024143510000002,MINUS_5_PROFILE,1,1,5.9372437663214255,1.9273025326592879,0.7402115801417255,-0.7402115801417255,5.4749817848205566,2.3880302906036377,-0.0011813207590946331,-0.0014236941516712804,-0.0013025074553829567,-0.074208490912712227,-0.072905983457329265,0.00024237339257664734,-0.24543750286102295,-0.024543749168515205,0.3203125,-0.3203125,34,34,0,0,1,1,9.9977779999997907,0.0022220000002093343
512,5.1124143420000001,MINUS_5_PROFILE,1,1,5.9444801631123632,1.92006613586835,0.70706777804582743,-0.70706777804582743,5.4755573272705078,2.3870713710784912,-0.0012722437380658883,-0.0015751822301395438,-0.0014237129841027161,-0.075351681572768517,-0.073927968588665807,0.00030293849207365547,0,-0.29452499747276306,0.328125,-0.31640625,34,34,0,0,1,1,9.9999909999999304,9.00000006964774e-06
513,5.1224143519999998,MINUS_5_PROFILE,1,1,5.9513851218823417,1.9131611770983712,0.67392397594992925,-0.67392397594992925,5.4761323928833008,2.3859210014343262,-0.0013630913873114007,-0.0017569151934934402,-0.0015600032904024203,-0.076442512355264974,-0.07488250906486256,0.00039382380618203949,0.024543749168515205,-0.68722498416900635,0.328125,-0.3203125,34,34,0,0,1,1,10.000009999999726,9.9999997260624696e-06
514,5.132431553,MINUS_5_PROFILE,1,1,5.9579586426313611,1.9065876563493513,0.64078017385403097,-0.64078017385403097,5.4763240814208984,2.3857293128967285,-0.001393373937059905,-0.0017871977432419443,-0.0015902858401509246,-0.0774809832602016,-0.075890697420050682,0.00039382380618203927,-0.24543750286102295,0.19634999334812164,0.328125,-0.31640625,34,34,0,0,1,1,10.017201000000142,0.01720100000014213
515,5.1425598099999998,MINUS_5_PROFILE,1,1,5.9642007253594223,1.9003455736212906,0.60763637175813279,-0.60763637175813279,5.4768996238708496,2.384770393371582,-0.00148429691603116,-0.0019386858217102078,-0.0017114913688706839,-0.078467094287578393,-0.076755602918707713,0.00045438890567904783,-0.12271875143051147,-0.24543750286102295,0.3359375,-0.328125,34,34,0,0,1,1,10.128256999999863,0.12825699999986284
516,5.1525304800000002,MINUS_5_PROFILE,1,1,5.9701113700665243,1.8944349289141886,0.57449256966223472,-0.57449256966223472,5.4768996238708496,2.3840034008026123,-0.00148429691603116,-0.0020598536855670957,-0.0017720753007991279,-0.079400845437395368,-0.077628770136596234,0.0005755567695359357,-0.46633124351501465,-0.51541876792907715,0.328125,-0.33203125,34,34,0,0,1,1,9.9706700000004034,0.029329999999596623
517,5.1624189720000002,MINUS_5_PROFILE,1,1,5.9756905767526671,1.888855722228046,0.54134876756633654,-0.54134876756633654,5.4774746894836426,2.3838117122650146,-0.0015751445652766726,-0.0020901362353155997,-0.001832640400296136,-0.080282236709652496,-0.078449596309356356,0.00051499167003892714,0,-0.073631249368190765,0.3359375,-0.328125,34,34,0,0,1,1,9.888491999999971,0.11150800000002903
518,5.1724333009999999,MINUS_5_PROFILE,1,1,5.9809383454178509,1.883607953562862,0.50820496547043825,-0.50820496547043825,5.4778580665588379,2.3832364082336426,-0.0016357096647736809,-0.0021810215494239837,-0.0019083656070988323,-0.081111268104349807,-0.079202902497250968,0.00054531188465030281,0.14726249873638153,-0.26998123526573181,0.34765625,-0.33203125,34,34,0,0,1,1,10.014328999999655,0.014328999999655423
519,5.1824361559999996,MINUS_5_PROFILE,1,1,5.9858546760620754,1.878691622918637,0.47506116337454007,-0.47506116337454007,5.4778580665588379,2.3830447196960449,-0.0016357096647736809,-0.0022113040991724878,-0.0019235068819730844,-0.081887939621487285,-0.079964432739514202,0.00057559443439880687,0.049087498337030411,-0.24543750286102295,0.33984375,-0.3359375,34,34,0,0,1,1,10.002854999999755,0.0028549999997551367
520,5.1924343039999998,MINUS_5_PROFILE,1,1,5.9904395686853418,1.8741067302953711,0.4419173612786419,-0.4419173612786419,5.4778580665588379,2.3826613426208496,-0.0016357096647736809,-0.0022718691986694964,-0.0019537894317215886,-0.082612251261064931,-0.080658461829343345,0.00063615953389581543,-0.58904999494552612,0.049087498337030411,0.33984375,-0.328125,34,34,0,0,1,1,9.9981480000002065,0.0018519999997934633
521,5.2025576459999998,MINUS_5_PROFILE,1,1,5.994693023287649,1.8698532756930644,0.40877355918274411,-0.40877355918274411,5.4784336090087891,2.3822777271270752,-0.0017266326437449359,-0.0023324719630293759,-0.0020295523033871561,-0.083284203023082745,-0.081254650719695592,0.00060583931928443998,0.024543749168515205,-0.19634999334812164,0.34765625,-0.3359375,34,34,0,0,1,1,10.12334199999998,0.12334199999997963
522,5.2125493040000004,MINUS_5_PROFILE,1,1,5.9986150398689961,1.8659312591117163,0.37562975708684593,-0.37562975708684593,5.4784336090087891,2.3820860385894775,-0.0017266326437449359,-0.0023627545127778799,-0.0020446935782614077,-0.083903794907540727,-0.081859101329279316,0.00063612186903294404,-0.073631249368190765,0,0.34765625,-0.3359375,34,34,0,0,1,1,9.9916580000005695,0.0083419999994305272
523,5.2225525250000002,MINUS_5_PROFILE,1,1,6.0022056184293859,1.8623406805513274,0.34248595499094775,-0.34248595499094775,5.4784336090087891,2.3817024230957031,-0.0017266326437449359,-0.0024233572771377595,-0.0020749949604413477,-0.08447102691443889,-0.082396031953997542,0.00069672463339282356,-0.24543750286102295,-0.56450623273849487,0.34765625,-0.33984375,34,34,0,0,1,1,10.00322099999984,0.0032209999998400463
524,5.2324164460000002,MINUS_5_PROFILE,1,1,6.0054647589688157,1.8590815400118976,0.30934215289504957,-0.30934215289504957,5.4784336090087891,2.3818943500518799,-0.0017266326437449359,-0.0023930370625263844,-0.0020598348531356602,-0.084985899043777208,-0.082926064190641552,0.00066640441878144854,-0.39269998669624329,-0.29452499747276306,0.34765625,-0.34765625,34,34,0,0,1,1,9.8639209999999977,0.13607900000000228
525,5.2424341869999997,MINUS_5_PROFILE,1,1,6.0083924614872863,1.8561538374934266,0.27619835079915134,-0.27619835079915134,5.4784336090087891,2.3817024230957031,-0.0017266326437449359,-0.0024233572771377595,-0.0020749949604413477,-0.085448411295555707,-0.083373416335114359,0.00069672463339282356,-0.51541876792907715,-0.56450623273849487,0.34765625,-0.3359375,34,34,0,0,1,1,10.017740999999525,0.017740999999524831
526,5.2524316410000003,MINUS_5_PROFILE,1,1,6.0109887259847987,1.8535575729959144,0.24305454870325321,-0.24305454870325321,5.4786252975463867,2.3818943500518799,-0.0017569151934934402,-0.0023930370625263844,-0.0020749761280099122,-0.085858563669774374,-0.083783587541764459,0.00063612186903294426,-0.19634999334812164,-0.073631249368190765,0.34765625,-0.33984375,34,34,0,0,1,1,9.9974540000005163,0.0025459999994836835
527,5.2624194400000004,MINUS_5_PROFILE,1,1,6.013253552461352,1.8512927465193614,0.20991074660735501,-0.20991074660735501,5.4786252975463867,2.3822777271270752,-0.0017569151934934402,-0.0023324719630293759,-0.0020446935782614081,-0.086216356166433222,-0.084171662588171811,0.0005755567695359357,-0.024543749168515205,0.6626812219619751,0.34765625,-0.3359375,34,34,0,0,1,1,9.9877990000001304,0.012200999999869566
528,5.2724182290000003,MINUS_5_PROFILE,1,1,6.0151869409169461,1.8493593580637673,0.17676694451145686,-0.17676694451145686,5.4786252975463867,2.3817024230957031,-0.0017569151934934402,-0.0024233572771377595,-0.0020901362353155997,-0.086521788785532225,-0.084431652550216618,0.00066644208364431928,-0.24543750286102295,-0.41724374890327454,0.33984375,-0.3359375,34,34,0,0,1,1,9.9987889999999524,0.0012110000000475907
529,5.2824369879999997,MINUS_5_PROFILE,1,1,6.016788891351581,1.8477574076291323,0.14362314241555868,-0.14362314241555868,5.4788169860839844,2.3818943500518799,-0.0017871977432419443,-0.0023930370625263844,-0.0020901174028841642,-0.086774861527071409,-0.08468474412418725,0.00060583931928444019,0.24543750286102295,-0.049087498337030411,0.33984375,-0.33203125,34,34,0,0,1,1,10.018758999999378,0.018758999999377579
530,5.2925472950000003,MINUS_5_PROFILE,1,1,6.0180594037652568,1.8464868952154561,0.11047934031966047,-0.11047934031966047,5.4788169860839844,2.3818943500518799,-0.0017871977432419443,-0.0023930370625263844,-0.0020901174028841642,-0.086975574391050747,-0.084885456988166588,0.00060583931928444019,0.098174996674060822,0.049087498337030411,0.33984375,-0.3359375,34,34,0,0,1,1,10.110307000000596,0.11030700000059568
531,5.3024200090000004,MINUS_5_PROFILE,1,1,6.0189984781579735,1.8455478208227389,0.07733553822376231,-0.07733553822376231,5.4788169860839844,2.3817024230957031,-0.0017871977432419443,-0.0024233572771377595,-0.0021052775101898518,-0.087123927377470267,-0.085018649867280416,0.00063615953389581522,-0.34361249208450317,-0.4908750057220459,0.33984375,-0.33984375,34,34,0,0,1,1,9.8727140000001157,0.12728599999988433
532,5.3124151450000001,MINUS_5_PROFILE,1,1,6.0196061145297319,1.844940184450981,0.044191736127864117,-0.044191736127864117,5.4786252975463867,2.3818943500518799,-0.0017569151934934402,-0.0023930370625263844,-0.0020749761280099122,-0.087219920486329955,-0.08514494435832004,0.00063612186903294426,-0.46633124351501465,0.17180624604225159,0.34765625,-0.3359375,34,34,0,0,1,1,9.9951359999996825,0.0048640000003175032
533,5.322431076,MINUS_5_PROFILE,1,1,6.0198823128805312,1.8446639861001817,0.011047934031965937,-0.011047934031965937,5.4786252975463867,2.3817024230957031,-0.0017569151934934402,-0.0024233572771377595,-0.0020901362353155997,-0.08726355371762981,-0.085173417482314218,0.00066644208364431928,-0.39269998669624329,-0.12271875143051147,0.33984375,-0.33203125,34,34,0,0,1,1,10.015930999999867,0.015930999999866913
534,5.332414236,MINUS_5_PROFILE,1,1,6.0199007261039181,1.8446455728767952,0,-0,5.4786252975463867,2.3815107345581055,-0.0017569151934934402,-0.002453639826886264,-0.0021052775101898522,-0.087266462599716474,-0.085161185089526623,0.00069672463339282378,-0.63813751935958862,-0.39269998669624329,0.33984375,-0.328125,34,34,0,0,1,1,9.9831599999999909,0.01684000000000907
535,5.3424143600000003,MINUS_5_ENDPOINT,1,1,6.0199007261039181,1.8446455728767952,-0,0,5.479008674621582,2.3815107345581055,-0.0018174802929904485,-0.002453639826886264,-0.0021355600599383563,-0.087266462599716474,-0.085130902539778119,0.00063615953389581543,0.049087498337030411,-0.39269998669624329,0.33984375,-0.33203125,34,34,0,0,1,1,10.000124000000277,0.00012400000027668057
536,5.3524146750000003,MINUS_5_ENDPOINT,1,1,6.0199007261039181,1.8446455728767952,-0,0,5.479008674621582,2.3817024230957031,-0.0018174802929904485,-0.0024233572771377595,-0.0021204187850641038,-0.087266462599716474,-0.085146043814652364,0.00060587698414731094,-0.073631249368190765,0,0.33984375,-0.328125,34,34,0,0,1,1,10.000315000000093,0.00031500000009287987
537,5.3624144009999997,MINUS_5_ENDPOINT,1,1,6.0199007261039181,1.8446455728767952,-0,0,5.4792003631591797,2.3817024230957031,-0.0018477628427389526,-0.0024233572771377595,-0.0021355600599383563,-0.087266462599716474,-0.085130902539778119,0.00057559443439880687,0.17180624604225159,-0.22089375555515289,0.33984375,-0.33203125,34,34,0,0,1,1,9.9997259999993204,0.00027400000067956398
538,5.3724152040000002,MINUS_5_ENDPOINT,1,1,6.0199007261039181,1.8446455728767952,-0,0,5.479008674621582,2.3818943500518799,-0.0018174802929904485,-0.0023930370625263844,-0.0021052586777584167,-0.087266462599716474,-0.085161203921958056,0.00057555676953593591,-0.17180624604225159,0.19634999334812164,0.33984375,-0.33203125,34,34,0,0,1,1,10.000803000000502,0.00080300000050215203
539,5.3824199210000003,MINUS_5_ENDPOINT,1,1,6.0199007261039181,1.8446455728767952,-0,0,5.4792003631591797,2.3815107345581055,-0.0018477628427389526,-0.002453639826886264,-0.0021507013348126083,-0.087266462599716474,-0.085115761264903861,0.00060587698414731137,0.024543749168515205,-0.29452499747276306,0.33984375,-0.33203125,34,34,0,0,1,1,10.004717000000163,0.0047170000001628409
540,5.3924410849999997,MINUS_5_ENDPOINT,1,1,6.0199007261039181,1.8446455728767952,-0,0,5.4792003631591797,2.3818943500518799,-0.0018477628427389526,-0.0023930370625263844,-0.0021203999526326683,-0.087266462599716474,-0.085146062647083812,0.00054527421978743185,0.073631249368190765,0.17180624604225159,0.3359375,-0.33984375,34,34,0,0,1,1,10.021163999999416,0.021163999999416205
541,5.4026426729999999,MINUS_5_ENDPOINT,1,1,6.0199007261039181,1.8446455728767952,-0,0,5.479008674621582,2.3815107345581055,-0.0018174802929904485,-0.002453639826886264,-0.0021355600599383563,-0.087266462599716474,-0.085130902539778119,0.00063615953389581543,-0.24543750286102295,-0.31906875967979431,0.34765625,-0.33203125,34,34,0,0,1,1,10.20158800000015,0.2015880000001502
542,5.4125596969999998,MINUS_5_ENDPOINT,1,1,6.0199007261039181,1.8446455728767952,-0,0,5.4792003631591797,2.3817024230957031,-0.0018477628427389526,-0.0024233572771377595,-0.0021355600599383563,-0.087266462599716474,-0.085130902539778119,0.00057559443439880687,-0.24543750286102295,0.049087498337030411,0.34765625,-0.33984375,34,34,0,0,1,1,9.917023999999941,0.082976000000059003
543,5.4225628889999999,MINUS_5_ENDPOINT,1,1,6.0199007261039181,1.8446455728767952,-0,0,5.4793920516967773,2.3817024230957031,-0.0018780453924874569,-0.0024233572771377595,-0.0021507013348126083,-0.087266462599716474,-0.085115761264903861,0.00054531188465030259,0.46633124351501465,-0.098174996674060822,0.34765625,-0.33203125,34,34,0,0,1,1,10.003192000000105,0.0031920000001051108
544,5.4324187239999997,MINUS_5_ENDPOINT,1,1,6.0199007261039181,1.8446455728767952,-0,0,5.479008674621582,2.3817024230957031,-0.0018174802929904485,-0.0024233572771377595,-0.0021204187850641038,-0.087266462599716474,-0.085146043814652364,0.00060587698414731094,-0.31906875967979431,0.073631249368190765,0.33984375,-0.33203125,34,34,0,0,1,1,9.8558349999997574,0.14416500000024257
545,5.4424648859999998,MINUS_5_ENDPOINT,1,1,6.0199007261039181,1.8446455728767952,-0,0,5.4792003631591797,2.3817024230957031,-0.0018477628427389526,-0.0024233572771377595,-0.0021355600599383563,-0.087266462599716474,-0.085130902539778119,0.00057559443439880687,0.024543749168515205,0.098174996674060822,0.34765625,-0.328125,34,34,0,0,1,1,10.046162000000081,0.046162000000080639
546,5.4524144950000002,MINUS_5_ENDPOINT,1,1,6.0199007261039181,1.8446455728767952,-0,0,5.4792003631591797,2.3818943500518799,-0.0018477628427389526,-0.0023930370625263844,-0.0021203999526326683,-0.087266462599716474,-0.085146062647083812,0.00054527421978743185,0,-0.26998123526573181,0.33984375,-0.3359375,34,34,0,0,1,1,9.9496090000004145,0.050390999999585517
547,5.4624146290000004,MINUS_5_ENDPOINT,1,1,6.0199007261039181,1.8446455728767952,-0,0,5.479008674621582,2.3817024230957031,-0.0018174802929904485,-0.0024233572771377595,-0.0021204187850641038,-0.087266462599716474,-0.085146043814652364,0.00060587698414731094,-0.39269998669624329,0.073631249368190765,0.3359375,-0.33203125,34,34,0,0,1,1,10.000134000000216,0.00013400000021590586
548,5.4724186359999996,MINUS_5_ENDPOINT,1,1,6.0199007261039181,1.8446455728767952,-0,0,5.4792003631591797,2.3815107345581055,-0.0018477628427389526,-0.002453639826886264,-0.0021507013348126083,-0.087266462599716474,-0.085115761264903861,0.00060587698414731137,-0.12271875143051147,-0.36815625429153442,0.33984375,-0.33984375,34,34,0,0,1,1,10.004006999999149,0.0040069999991487748
549,5.4824408069999997,MINUS_5_ENDPOINT,1,1,6.0199007261039181,1.8446455728767952,-0,0,5.479008674621582,2.3817024230957031,-0.0018174802929904485,-0.0024233572771377595,-0.0021204187850641038,-0.087266462599716474,-0.085146043814652364,0.00060587698414731094,-0.36815625429153442,0.19634999334812164,0.33984375,-0.33203125,34,34,0,0,1,1,10.022171000000135,0.022171000000135166
550,5.4925629369999998,MINUS_5_ENDPOINT,1,1,6.0199007261039181,1.8446455728767952,-0,0,5.479008674621582,2.3817024230957031,-0.0018174802929904485,-0.0024233572771377595,-0.0021204187850641038,-0.087266462599716474,-0.085146043814652364,0.00060587698414731094,-0.41724374890327454,0.024543749168515205,0.33984375,-0.33203125,34,34,0,0,1,1,10.122130000000062,0.12213000000006247
551,5.5025369660000001,MINUS_5_ENDPOINT,1,1,6.0199007261039181,1.8446455728767952,-0,0,5.4792003631591797,2.3815107345581055,-0.0018477628427389526,-0.002453639826886264,-0.0021507013348126083,-0.087266462599716474,-0.085115761264903861,0.00060587698414731137,-0.024543749168515205,-0.31906875967979431,0.33984375,-0.3359375,34,34,0,0,1,1,9.9740290000003284,0.025970999999671562
552,5.5124203139999999,MINUS_5_ENDPOINT,1,1,6.0199007261039181,1.8446455728767952,-0,0,5.4792003631591797,2.3815107345581055,-0.0018477628427389526,-0.002453639826886264,-0.0021507013348126083,-0.087266462599716474,-0.085115761264903861,0.00060587698414731137,-0.024543749168515205,-0.36815625429153442,0.33984375,-0.33203125,34,34,0,0,1,1,9.883347999999792,0.11665200000020803
553,5.5224347910000002,MINUS_5_ENDPOINT,1,1,6.0199007261039181,1.8446455728767952,-0,0,5.4793920516967773,2.3815107345581055,-0.0018780453924874569,-0.002453639826886264,-0.0021658426096868603,-0.087266462599716474,-0.085100619990029616,0.00057559443439880709,0.26998123526573181,-0.31906875967979431,0.33984375,-0.3359375,34,34,0,0,1,1,10.014477000000355,0.014477000000354678
554,5.5324365760000003,MINUS_5_ENDPOINT,1,1,6.0199007261039181,1.8446455728767952,-0,0,5.4792003631591797,2.3817024230957031,-0.0018477628427389526,-0.0024233572771377595,-0.0021355600599383563,-0.087266462599716474,-0.085130902539778119,0.00057559443439880687,-0.098174996674060822,0.12271875143051147,0.33984375,-0.3203125,34,34,0,0,1,1,10.001785000000041,0.0017850000000407817
555,5.5424146710000004,MINUS_5_ENDPOINT,1,1,6.0199007261039181,1.8446455728767952,-0,0,5.4793920516967773,2.3817024230957031,-0.0018780453924874569,-0.0024233572771377595,-0.0021507013348126083,-0.087266462599716474,-0.085115761264903861,0.00054531188465030259,0.14726249873638153,-0.024543749168515205,0.33984375,-0.3359375,34,34,0,0,1,1,9.9780950000001312,0.021904999999868835
556,5.5524143620000004,MINUS_5_ENDPOINT,1,1,6.0199007261039181,1.8446455728767952,-0,0,5.4792003631591797,2.3815107345581055,-0.0018477628427389526,-0.002453639826886264,-0.0021507013348126083,-0.087266462599716474,-0.085115761264903861,0.00060587698414731137,-0.098174996674060822,-0.31906875967979431,0.3359375,-0.3359375,34,34,0,0,1,1,9.9996909999999772,0.00030900000002276329
557,5.5624144580000001,MINUS_5_ENDPOINT,1,1,6.0199007261039181,1.8446455728767952,-0,0,5.4793920516967773,2.3815107345581055,-0.0018780453924874569,-0.002453639826886264,-0.0021658426096868603,-0.087266462599716474,-0.085100619990029616,0.00057559443439880709,0.19634999334812164,-0.29452499747276306,0.33203125,-0.3359375,34,34,0,0,1,1,10.000095999999736,9.5999999736307018e-05
558,5.5724145710000004,MINUS_5_ENDPOINT,1,1,6.0199007261039181,1.8446455728767952,-0,0,5.4792003631591797,2.3815107345581055,-0.0018477628427389526,-0.002453639826886264,-0.0021507013348126083,-0.087266462599716474,-0.085115761264903861,0.00060587698414731137,-0.19634999334812164,-0.29452499747276306,0.3359375,-0.3359375,34,34,0,0,1,1,10.000113000000255,0.00011300000025471491
559,5.5824143690000003,MINUS_5_ENDPOINT,1,1,6.0199007261039181,1.8446455728767952,-0,0,5.4792003631591797,2.3815107345581055,-0.0018477628427389526,-0.002453639826886264,-0.0021507013348126083,-0.087266462599716474,-0.085115761264903861,0.00060587698414731137,-0.14726249873638153,-0.24543750286102295,0.33984375,-0.33203125,34,34,0,0,1,1,9.9997979999999487,0.00020200000005132779
560,5.5924143009999998,MINUS_5_ENDPOINT,1,1,6.0199007261039181,1.8446455728767952,-0,0,5.4792003631591797,2.3815107345581055,-0.0018477628427389526,-0.002453639826886264,-0.0021507013348126083,-0.087266462599716474,-0.085115761264903861,0.00060587698414731137,-0.098174996674060822,-0.24543750286102295,0.34765625,-0.33203125,34,34,0,0,1,1,9.9999319999994896,6.800000051043753e-05
561,5.6024155650000003,MINUS_5_ENDPOINT,1,1,6.0199007261039181,1.8446455728767952,-0,0,5.4792003631591797,2.3813190460205078,-0.0018477628427389526,-0.002483922376634768,-0.0021658426096868603,-0.087266462599716474,-0.085100619990029616,0.00063615953389581543,-0.24543750286102295,-0.44178751111030579,0.33984375,-0.33203125,34,34,0,0,1,1,10.001264000000454,0.001264000000453791
562,5.6124147000000004,MINUS_5_ENDPOINT,1,1,6.0199007261039181,1.8446455728767952,-0,0,5.4792003631591797,2.3815107345581055,-0.0018477628427389526,-0.002453639826886264,-0.0021507013348126083,-0.087266462599716474,-0.085115761264903861,0.00060587698414731137,-0.24543750286102295,-0.19634999334812164,0.34765625,-0.328125,34,34,0,0,1,1,9.9991350000001589,0.00086499999984113174
563,5.622451485,MINUS_5_ENDPOINT,1,1,6.0199007261039181,1.8446455728767952,-0,0,5.4792003631591797,2.3815107345581055,-0.0018477628427389526,-0.002453639826886264,-0.0021507013348126083,-0.087266462599716474,-0.085115761264903861,0.00060587698414731137,-0.17180624604225159,-0.24543750286102295,0.33984375,-0.33203125,34,34,0,0,1,1,10.036784999999604,0.03678499999960394
564,5.6324381609999996,MINUS_5_ENDPOINT,1,1,6.0199007261039181,1.8446455728767952,-0,0,5.4792003631591797,2.3813190460205078,-0.0018477628427389526,-0.002483922376634768,-0.0021658426096868603,-0.087266462599716474,-0.085100619990029616,0.00063615953389581543,-0.22089375555515289,-0.58904999494552612,0.33984375,-0.328125,34,34,0,0,1,1,9.9866759999995836,0.013324000000416447
565,5.6424158059999998,MINUS_5_ENDPOINT,1,1,6.0199007261039181,1.8446455728767952,-0,0,5.4793920516967773,2.3813190460205078,-0.0018780453924874569,-0.002483922376634768,-0.0021809838845611123,-0.087266462599716474,-0.085085478715155358,0.00060587698414731115,0.17180624604225159,-0.34361249208450317,0.34765625,-0.3359375,34,34,0,0,1,1,9.9776450000002015,0.022354999999798508
566,5.652422799,MINUS_5_ENDPOINT,1,1,6.0199007261039181,1.8446455728767952,-0,0,5.4792003631591797,2.3813190460205078,-0.0018477628427389526,-0.002483922376634768,-0.0021658426096868603,-0.087266462599716474,-0.085100619990029616,0.00063615953389581543,-0.17180624604225159,0.049087498337030411,0.33984375,-0.33203125,34,34,0,0,1,1,10.006993000000186,0.0069930000001861004
567,5.6624208769999997,MINUS_5_ENDPOINT,1,1,6.0199007261039181,1.8446455728767952,-0,0,5.4793920516967773,2.3815107345581055,-0.0018780453924874569,-0.002453639826886264,-0.0021658426096868603,-0.087266462599716474,-0.085100619990029616,0.00057559443439880709,0.073631249368190765,0.073631249368190765,0.34765625,-0.3359375,34,34,0,0,1,1,9.9980779999997438,0.0019220000002562188
568,5.6724258230000002,MINUS_5_ENDPOINT,1,1,6.0199007261039181,1.8446455728767952,-0,0,5.4792003631591797,2.3813190460205078,-0.0018477628427389526,-0.002483922376634768,-0.0021658426096868603,-0.087266462599716474,-0.085100619990029616,0.00063615953389581543,-0.24543750286102295,-0.22089375555515289,0.34765625,-0.3359375,34,34,0,0,1,1,10.004946000000459,0.0049460000004586391
569,5.682422978,MINUS_5_ENDPOINT,1,1,6.0199007261039181,1.8446455728767952,-0,0,5.4792003631591797,2.3815107345581055,-0.0018477628427389526,-0.002453639826886264,-0.0021507013348126083,-0.087266462599716474,-0.085115761264903861,0.00060587698414731137,-0.24543750286102295,0,0.34765625,-0.328125,34,34,0,0,1,1,9.9971549999997578,0.0028450000002422371
570,5.692419106,MINUS_5_ENDPOINT,1,1,6.0199007261039181,1.8446455728767952,-0,0,5.479008674621582,2.3813190460205078,-0.0018174802929904485,-0.002483922376634768,-0.0021507013348126083,-0.087266462599716474,-0.085115761264903861,0.0006664420836443195,-0.56450623273849487,-0.34361249208450317,0.34765625,-0.3359375,34,34,0,0,1,1,9.9961280000000485,0.0038719999999514698
571,5.7024193490000004,MINUS_5_ENDPOINT,1,1,6.0199007261039181,1.8446455728767952,-0,0,5.4792003631591797,2.3813190460205078,-0.0018477628427389526,-0.002483922376634768,-0.0021658426096868603,-0.087266462599716474,-0.085100619990029616,0.00063615953389581543,-0.22089375555515289,-0.26998123526573181,0.34765625,-0.33203125,34,34,0,0,1,1,10.000243000000353,0.0002430000003528221
572,5.7124198740000001,MINUS_5_ENDPOINT,1,1,6.0199007261039181,1.8446455728767952,-0,0,5.4792003631591797,2.3815107345581055,-0.0018477628427389526,-0.002453639826886264,-0.0021507013348126083,-0.087266462599716474,-0.085115761264903861,0.00060587698414731137,-0.31906875967979431,0.12271875143051147,0.33984375,-0.33203125,34,34,0,0,1,1,10.000524999999705,0.00052499999970478939
573,5.7224320510000002,MINUS_5_ENDPOINT,1,1,6.0199007261039181,1.8446455728767952,-0,0,5.4792003631591797,2.3815107345581055,-0.0018477628427389526,-0.002453639826886264,-0.0021507013348126083,-0.087266462599716474,-0.085115761264903861,0.00060587698414731137,-0.19634999334812164,0.073631249368190765,0.34765625,-0.33203125,34,34,0,0,1,1,10.012177000000122,0.012177000000122007
574,5.7325683850000004,MINUS_5_ENDPOINT,1,1,6.0199007261039181,1.8446455728767952,-0,0,5.479008674621582,2.3813190460205078,-0.0018174802929904485,-0.002483922376634768,-0.0021507013348126083,-0.087266462599716474,-0.085115761264903861,0.0006664420836443195,-0.61359375715255737,-0.24543750286102295,0.33984375,-0.33203125,34,34,0,0,1,1,10.136334000000247,0.13633400000024665
575,5.7424203609999998,FINAL_CENTER_PROFILE,1,1,6.0199007261039181,1.8446455728767952,-0,0,5.4793920516967773,2.3813190460205078,-0.0018780453924874569,-0.002483922376634768,-0.0021809838845611123,-0.087266462599716474,-0.085085478715155358,0.00060587698414731115,0.12271875143051147,-0.22089375555515289,0.3359375,-0.328125,34,34,0,0,1,1,9.8519759999993184,0.14802400000068161
576,5.7524733069999998,FINAL_CENTER_PROFILE,1,1,6.0197350070934386,1.8448112918872746,-0.033143802095898151,0.033143802095898151,5.4793920516967773,2.3813190460205078,-0.0018780453924874569,-0.002483922376634768,-0.0021809838845611123,-0.087240282660936558,-0.085059298776375442,0.00060587698414731115,0,-0.24543750286102295,0.33984375,-0.33203125,34,34,0,0,1,1,10.052946000000063,0.052946000000062554
577,5.7624282750000004,FINAL_CENTER_PROFILE,1,1,6.0192378500619999,1.845308448918713,-0.066287604191796301,0.066287604191796301,5.4792003631591797,2.3815107345581055,-0.0018477628427389526,-0.002453639826886264,-0.0021507013348126083,-0.08716174284459681,-0.085011041509784196,0.00060587698414731137,-0.39269998669624329,0.098174996674060822,0.3359375,-0.33203125,34,34,0,0,1,1,9.9549680000006191,0.045031999999380901
578,5.7725307539999999,FINAL_CENTER_PROFILE,1,1,6.0184092550096029,1.8461370439711104,-0.099431406287694452,0.099431406287694452,5.4793920516967773,2.3813190460205078,-0.0018780453924874569,-0.002483922376634768,-0.0021809838845611123,-0.087030843150697243,-0.084849859266136127,0.00060587698414731115,0.024543749168515205,-0.24543750286102295,0.33984375,-0.33203125,34,34,0,0,1,1,10.102478999999498,0.10247899999949794
579,5.7825358649999998,FINAL_CENTER_PROFILE,1,1,6.0172492219362459,1.847297077044467,-0.1325752083835926,0.1325752083835926,5.4793920516967773,2.3813190460205078,-0.0018780453924874569,-0.002483922376634768,-0.0021809838845611123,-0.08684758357923783,-0.084666599694676714,0.00060587698414731115,0,-0.17180624604225159,0.33203125,-0.328125,34,34,0,0,1,1,10.0051109999999,0.0051109999998999456
580,5.7925285149999999,FINAL_CENTER_PROFILE,1,1,6.0157577508419307,1.8487885481387822,-0.16571901047949075,0.16571901047949075,5.4792003631591797,2.3813190460205078,-0.0018477628427389526,-0.002483922376634768,-0.0021658426096868603,-0.086611964130218599,-0.084446121520531742,0.00063615953389581543,-0.24543750286102295,-0.24543750286102295,0.33203125,-0.328125,34,34,0,0,1,1,9.9926500000000473,0.0073499999999526722
581,5.8025332990000003,FINAL_CENTER_PROFILE,1,1,6.0139348417266563,1.8506114572540566,-0.1988628125753889,0.1988628125753889,5.4792003631591797,2.3813190460205078,-0.0018477628427389526,-0.002483922376634768,-0.0021658426096868603,-0.086323984803639536,-0.084158142193952679,0.00063615953389581543,-0.24543750286102295,-0.26998123526573181,0.3359375,-0.328125,34,34,0,0,1,1,10.004784000000377,0.0047840000003773753
582,5.8125368660000003,FINAL_CENTER_PROFILE,1,1,6.0117804945904227,1.8527658043902901,-0.23200661467128711,0.23200661467128711,5.4792003631591797,2.3813190460205078,-0.0018477628427389526,-0.002483922376634768,-0.0021658426096868603,-0.085983645599500641,-0.083817802989813783,0.00063615953389581543,-0.24543750286102295,-0.26998123526573181,0.328125,-0.3203125,34,34,0,0,1,1,10.003567000000047,0.0035670000000465052
583,5.8224629419999996,FINAL_CENTER_PROFILE,1,1,6.0092947094332301,1.8552515895474824,-0.2651504167671852,0.2651504167671852,5.4792003631591797,2.3815107345581055,-0.0018477628427389526,-0.002453639826886264,-0.0021507013348126083,-0.085590946517801914,-0.0834402451829893,0.00060587698414731137,-0.24543750286102295,0,0.328125,-0.328125,34,34,0,0,1,1,9.9260759999992842,0.073924000000715751
584,5.8324755860000002,FINAL_CENTER_PROFILE,1,1,6.0064774862550792,1.8580688127256337,-0.29829421886308338,0.29829421886308338,5.4793920516967773,2.3815107345581055,-0.0018780453924874569,-0.002453639826886264,-0.0021658426096868603,-0.085145887558543368,-0.08298004494885651,0.00057559443439880709,0.049087498337030411,-0.073631249368190765,0.31640625,-0.31640625,34,34,0,0,1,1,10.01264400000057,0.012644000000570088
585,5.8425396809999999,FINAL_CENTER_PROFILE,1,1,6.0033288250559682,1.8612174739247442,-0.33143802095898151,0.33143802095898151,5.479008674621582,2.3815107345581055,-0.0018174802929904485,-0.002453639826886264,-0.0021355600599383563,-0.084648468721724976,-0.082512908661786621,0.00063615953389581543,-0.56450623273849487,-0.24543750286102295,0.31640625,-0.3046875,34,34,0,0,1,1,10.064094999999718,0.064094999999717572
586,5.8525290529999996,FINAL_CENTER_PROFILE,1,1,5.9998487258358999,1.8646975731448134,-0.36458182305487968,0.36458182305487968,5.4793920516967773,2.3815107345581055,-0.0018780453924874569,-0.002453639826886264,-0.0021658426096868603,-0.084098690007346766,-0.081932847397659908,0.00057559443439880709,0.22089375555515289,-0.19634999334812164,0.3203125,-0.296875,34,34,0,0,1,1,9.9893719999997188,0.01062800000028119
587,5.8625290420000002,FINAL_CENTER_PROFILE,1,1,5.9960371885948707,1.8685091103858418,-0.39772562515077781,0.39772562515077781,5.479008674621582,2.3815107345581055,-0.0018174802929904485,-0.002453639826886264,-0.0021355600599383563,-0.083496551415408723,-0.081360991355470369,0.00063615953389581543,-0.24543750286102295,0.073631249368190765,0.3046875,-0.3046875,34,34,0,0,1,1,9.999989000000653,1.0999999346950062e-05
588,5.8724259090000004,FINAL_CENTER_PROFILE,1,1,5.9918942133328841,1.872652085647829,-0.43086942724667598,0.43086942724667598,5.479008674621582,2.3817024230957031,-0.0018174802929904485,-0.0024233572771377595,-0.0021204187850641038,-0.082842052945910849,-0.080721634160846739,0.00060587698414731094,-0.22089375555515289,0,0.3125,-0.2890625,34,34,0,0,1,1,9.8968670000001424,0.10313299999985759
589,5.8824706070000001,FINAL_CENTER_PROFILE,1,1,5.9874198000499375,1.8771264989307754,-0.46401322934257422,0.46401322934257422,5.479008674621582,2.3817024230957031,-0.0018174802929904485,-0.0024233572771377595,-0.0021204187850641038,-0.082135194598853142,-0.080014775813789032,0.00060587698414731094,-0.17180624604225159,-0.024543749168515205,0.3046875,-0.2890625,34,34,0,0,1,1,10.044697999999741,0.044697999999741
590,5.8924754940000001,FINAL_CENTER_PROFILE,1,1,5.9826139487460326,1.8819323502346805,-0.49715703143847223,0.49715703143847223,5.4788169860839844,2.3818943500518799,-0.0017871977432419443,-0.0023930370625263844,-0.0020901174028841642,-0.081375976374235617,-0.079285858971351458,0.00060583931928444019,-0.36815625429153442,-0.049087498337030411,0.296875,-0.28515625,34,34,0,0,1,1,10.004887000000018,0.0048870000000178493
591,5.9024236930000002,FINAL_CENTER_PROFILE,1,1,5.9774766594211677,1.8870696395595448,-0.53030083353437041,0.53030083353437041,5.4788169860839844,2.3818943500518799,-0.0017871977432419443,-0.0023930370625263844,-0.0020901174028841642,-0.080564398272058246,-0.078474280869174087,0.00060583931928444019,0,-0.073631249368190765,0.2890625,-0.2890625,34,34,0,0,1,1,9.9481990000001019,0.051800999999898067
592,5.9124207750000002,FINAL_CENTER_PROFILE,1,1,5.9720079320753445,1.8925383669053679,-0.56344463563026859,0.56344463563026859,5.4786252975463867,2.3818943500518799,-0.0017569151934934402,-0.0023930370625263844,-0.0020749761280099122,-0.079700460292321057,-0.077625484164311143,0.00063612186903294426,-0.29452499747276306,-0.19634999334812164,0.28515625,-0.28125,34,34,0,0,1,1,9.997081999999935,0.0029180000000650352
593,5.922417566,FINAL_CENTER_PROFILE,1,1,5.9662077667085631,1.8983385322721502,-0.59658843772616676,0.59658843772616676,5.4786252975463867,2.3820860385894775,-0.0017569151934934402,-0.0023627545127778799,-0.0020598348531356602,-0.078784162435024035,-0.07672432758188838,0.00060583931928443976,-0.049087498337030411,-0.024543749168515205,0.28125,-0.28125,34,34,0,0,1,1,9.9967909999998383,0.0032090000001616659
594,5.9324192279999997,FINAL_CENTER_PROFILE,1,1,5.9600761633208217,1.9044701356598912,-0.62973223982206483,0.62973223982206483,5.4786252975463867,2.3820860385894775,-0.0017569151934934402,-0.0023627545127778799,-0.0020598348531356602,-0.077815504700167182,-0.075755669847031526,0.00060583931928443976,-0.24543750286102295,-0.19634999334812164,0.26953125,-0.265625,34,34,0,0,1,1,10.001661999999634,0.0016619999996336787
595,5.9424203579999997,FINAL_CENTER_PROFILE,1,1,5.9536131219121211,1.9109331770685913,-0.66287604191796301,0.66287604191796301,5.4784336090087891,2.3822777271270752,-0.0017266326437449359,-0.0023324719630293759,-0.0020295523033871561,-0.076794487087750496,-0.074764934784363343,0.00060583931928443998,-0.24543750286102295,-0.4908750057220459,0.26953125,-0.265625,34,34,0,0,1,1,10.001130000000025,0.0011300000000247223
596,5.9524204889999996,FINAL_CENTER_PROFILE,1,1,5.9468186424824623,1.9177276564982506,-0.69601984401386119,0.69601984401386119,5.4784336090087891,2.3822777271270752,-0.0017266326437449359,-0.0023324719630293759,-0.0020295523033871561,-0.075721109597773992,-0.073691557294386839,0.00060583931928443998,-0.22089375555515289,0.024543749168515205,0.26953125,-0.2578125,34,34,0,0,1,1,10.000130999999968,0.00013099999996768474
597,5.9624269730000004,FINAL_CENTER_PROFILE,1,1,5.9396927250318443,1.9248535739488686,-0.72916364610975937,0.72916364610975937,5.4784336090087891,2.3822777271270752,-0.0017266326437449359,-0.0023324719630293759,-0.0020295523033871561,-0.074595372230237642,-0.072565819926850489,0.00060583931928443998,-0.073631249368190765,0,0.2578125,-0.25390625,34,34,0,0,1,1,10.006484000000704,0.0064840000007038157
598,5.9724235459999999,FINAL_CENTER_PROFILE,1,1,5.9322353695602672,1.9323109294204457,-0.76230744820565743,0.76230744820565743,5.4782419204711914,2.3822777271270752,-0.0016963500939964318,-0.0023324719630293759,-0.0020144110285129036,-0.073417274985141473,-0.071402863956628565,0.00063612186903294404,-0.24543750286102295,-0.24543750286102295,0.25390625,-0.24609375,34,34,0,0,1,1,9.9965729999995645,0.0034270000004354984
599,5.982530154,FINAL_CENTER_PROFILE,1,1,5.924446576067731,1.9400997229129817,-0.79545125030155561,0.79545125030155561,5.4782419204711914,2.3824694156646729,-0.0016963500939964318,-0.0023021894132808718,-0.0019992697536386521,-0.072186817862485472,-0.070187548108846823,0.00060583931928443998,-0.26998123526573181,-0.17180624604225159,0.25,-0.234375,34,34,0,0,1,1,10.106608000000072,0.10660800000007242
600,5.9925443390000002,FINAL_CENTER_PROFILE,1,1,5.9163263445542364,1.9482199544264769,-0.82859505239745379,0.82859505239745379,5.4778580665588379,2.3826613426208496,-0.0016357096647736809,-0.0022718691986694964,-0.0019537894317215886,-0.070904000862269639,-0.068950211430548053,0.00063615953389581543,-0.44178751111030579,0.024543749168515205,0.24609375,-0.23828125,34,34,0,0,1,1,10.014185000000175,0.014185000000175307
601,6.002540518,FINAL_CENTER_PROFILE,1,1,5.9078746750197819,1.956671623960931,-0.86173885449335197,0.86173885449335197,5.4778580665588379,2.3826613426208496,-0.0016357096647736809,-0.0022718691986694964,-0.0019537894317215886,-0.069568823984493974,-0.067615034552772388,0.00063615953389581543,-0.049087498337030411,-0.19634999334812164,0.23046875,-0.22265625,34,34,0,0,1,1,9.9961789999998274,0.003821000000172603
602,6.0125258769999999,FINAL_CENTER_PROFILE,1,1,5.8990915674643691,1.965454731516344,-0.89488265658925015,0.89488265658925015,5.4776663780212402,2.3830447196960449,-0.0016054271150251766,-0.0022113040991724878,-0.0019083656070988321,-0.068181287229158477,-0.066272921622059638,0.00060587698414731115,-0.073631249368190765,0.12271875143051147,0.22265625,-0.21484375,34,34,0,0,1,1,9.9853589999998604,0.01464100000013957
603,6.0224841380000003,FINAL_CENTER_PROFILE,1,1,5.8899770218879972,1.9745692770927159,-0.92802645868514844,0.92802645868514844,5.4774746894836426,2.3830447196960449,-0.0015751445652766726,-0.0022113040991724878,-0.0018932243322245801,-0.066741390596263162,-0.064848166264038581,0.00063615953389581522,-0.22089375555515289,-0.049087498337030411,0.21875,-0.21875,34,34,0,0,1,1,9.9582610000004124,0.041738999999587634
604,6.0324772739999997,FINAL_CENTER_PROFILE,1,1,5.8805310382906661,1.9840152606900467,-0.96117026078104639,0.96117026078104639,5.4774746894836426,2.383620023727417,-0.0015751445652766726,-0.0021204187850641042,-0.0018477816751703885,-0.065249134085808014,-0.063401352410637629,0.00054527421978743163,0.14726249873638153,0.17180624604225159,0.21484375,-0.203125,34,34,0,0,1,1,9.9931359999994029,0.0068640000005970592
605,6.0424624910000002,FINAL_CENTER_PROFILE,1,1,5.8707536166723759,1.9937926823083367,-0.99431406287694446,0.99431406287694446,5.4770913124084473,2.383620023727417,-0.0015145794657796642,-0.0021204187850641042,-0.0018174991254218842,-0.063704517697793034,-0.061887018572371152,0.00060583931928443998,0.049087498337030411,-0.12271875143051147,0.20703125,-0.19140625,34,34,0,0,1,1,9.9852170000005458,0.014782999999454205
606,6.0525331470000001,FINAL_CENTER_PROFILE,1,1,5.8606447570331275,2.0039015419475859,-1.0274578649728427,1.0274578649728427,5.4768996238708496,2.3838117122650146,-0.00148429691603116,-0.0020901362353155997,-0.00178721657567338,-0.062107541432218222,-0.060320324856544844,0.00060583931928443976,-0.24543750286102295,0.17180624604225159,0.19921875,-0.19140625,34,34,0,0,1,1,10.0706559999999,0.070655999999900132
607,6.062539567,FINAL_CENTER_PROFILE,1,1,5.850204459372919,2.0143418396077934,-1.0606016670687408,1.0606016670687408,5.476707935333252,2.3838117122650146,-0.0014540143662826559,-0.0020901362353155997,-0.0017720753007991279,-0.060458205289083577,-0.058686129988284451,0.00063612186903294382,-0.12271875143051147,-0.31906875967979431,0.19140625,-0.17578125,34,34,0,0,1,1,10.006419999999849,0.006419999999849324
608,6.0724749219999996,FINAL_CENTER_PROFILE,1,1,5.8394327236917523,2.0251135752889606,-1.0937454691646391,1.0937454691646391,5.4765157699584961,2.3840034008026123,-0.001423656486808409,-0.0020598536855670957,-0.0017417550861877525,-0.058756509268389101,-0.057014754182201352,0.00063619719875868661,-0.14726249873638153,-0.19634999334812164,0.1875,-0.171875,34,34,0,0,1,1,9.935354999999646,0.064645000000354003
609,6.0825347179999998,FINAL_CENTER_PROFILE,1,1,5.8284032028831732,2.0361430960975402,-1.1047934031966051,1.1047934031966051,5.4763240814208984,2.3845787048339844,-0.001393373937059905,-0.0019689683714587121,-0.0016811711542593084,-0.057014088898481426,-0.055332917744222117,0.00057559443439880709,-0.29452499747276306,0.049087498337030411,0.1640625,-0.16796875,34,34,0,0,1,1,10.059796000000176,0.059796000000176264
610,6.0925448749999997,FINAL_CENTER_PROFILE,1,1,5.8173552688512071,2.0471910301295062,-1.1047934031966051,1.1047934031966051,5.4761323928833008,2.3845787048339844,-0.0013630913873114007,-0.0019689683714587121,-0.0016660298793850564,-0.055268759646487094,-0.053602729767102036,0.00060587698414731137,-0.19634999334812164,0.024543749168515205,0.171875,-0.15625,34,34,0,0,1,1,10.010156999999964,0.010156999999964
611,6.1024277360000001,FINAL_CENTER_PROFILE,1,1,5.8063073348192411,2.0582389641614722,-1.1047934031966051,1.1047934031966051,5.4759407043457031,2.384770393371582,-0.0013328088375628966,-0.0019386858217102078,-0.0016357473296365523,-0.053523430394492776,-0.051887683064856222,0.00060587698414731115,-0.22089375555515289,-0.41724374890327454,0.15625,-0.15625,34,34,0,0,1,1,9.8828610000003536,0.11713899999964639
612,6.1124667730000004,FINAL_CENTER_PROFILE,1,1,5.7952594007872751,2.0692868981934383,-1.1047934031966051,1.1047934031966051,5.4757490158081055,2.384770393371582,-0.0013025262878143924,-0.0019386858217102078,-0.0016206060547623001,-0.051778101142498444,-0.050157495087736141,0.00063615953389581543,-0.36815625429153442,-0.58904999494552612,0.15625,-0.1484375,34,34,0,0,1,1,10.039037000000306,0.039037000000305966
613,6.1225322350000004,FINAL_CENTER_PROFILE,1,1,5.7842114667553091,2.0803348322254043,-1.1047934031966051,1.1047934031966051,5.4755573272705078,2.3855373859405518,-0.0012722437380658883,-0.0018175179578533197,-0.001544880847959604,-0.050032771890504112,-0.048487891042544508,0.00054527421978743142,-0.24543750286102295,0.22089375555515289,0.15625,-0.140625,34,34,0,0,1,1,10.065462000000025,0.065462000000025
614,6.1325409149999999,FINAL_CENTER_PROFILE,1,1,5.773163532723343,2.0913827662573703,-1.1047934031966051,1.1047934031966051,5.4751739501953125,2.3859210014343262,-0.0012116786385688797,-0.0017569151934934402,-0.00148429691603116,-0.04828744263850978,-0.046803145722478623,0.00054523655492456045,-0.14726249873638153,0,0.13671875,-0.1328125,34,34,0,0,1,1,10.008679999999437,0.0086799999994369159
615,6.1424240010000002,FINAL_CENTER_PROFILE,1,1,5.762115598691377,2.1024307002893363,-1.1047934031966051,1.1047934031966051,5.4749817848205566,2.3859210014343262,-0.0011813207590946331,-0.0017569151934934402,-0.0014691179762940368,-0.046542113386515455,-0.045072995410221417,0.00057559443439880709,-0.53996247053146362,-0.073631249368190765,0.125,-0.125,34,34,0,0,1,1,9.8830860000003184,0.11691399999968155
616,6.1524701200000003,FINAL_CENTER_PROFILE,1,1,5.751067664659411,2.1134786343213023,-1.1047934031966051,1.1047934031966051,5.4751739501953125,2.3861126899719238,-0.0012116786385688797,-0.0017266326437449359,-0.0014691556411569077,-0.044796784134521123,-0.043327628493364218,0.00051495400517605617,0,-0.073631249368190765,0.12109375,-0.12109375,34,34,0,0,1,1,10.046119000000076,0.046119000000075516
617,6.1625380879999998,FINAL_CENTER_PROFILE,1,1,5.740019730627445,2.1245265683532684,-1.1047934031966051,1.1047934031966051,5.4745984077453613,2.3866879940032959,-0.0011207556595976248,-0.0016357473296365521,-0.0013782514946170884,-0.043051454882526798,-0.04167320338790971,0.00051499167003892735,-0.46633124351501465,0.26998123526573181,0.1171875,-0.109375,34,34,0,0,1,1,10.067967999999539,0.06796799999953862
618,6.1725369189999997,FINAL_CENTER_PROFILE,1,1,5.7289717965954781,2.1355745023852344,-1.1047934031966051,1.1047934031966051,5.4745984077453613,2.3868796825408936,-0.0011207556595976248,-0.001605464779888048,-0.0013631102197428364,-0.041306125630532466,-0.03994301541078963,0.00048470912029042329,-0.24543750286102295,0.049087498337030411,0.109375,-0.10546875,34,34,0,0,1,1,9.9988309999998748,0.0011690000001252088
619,6.1825356300000003,FINAL_CENTER_PROFILE,1,1,5.717923862563512,2.1466224364172004,-1.1047934031966051,1.1047934031966051,5.4744067192077637,2.3868796825408936,-0.0010904731098491207,-0.001605464779888048,-0.0013479689448685844,-0.039560796378538141,-0.038212827433669556,0.00051499167003892735,-0.39269998669624329,-0.024543749168515205,0.10546875,-0.1015625,34,34,0,0,1,1,9.9987110000006041,0.0012889999993959123
620,6.1925275150000001,FINAL_CENTER_PROFILE,1,1,5.706875928531546,2.1576703704491664,-1.1047934031966051,1.1047934031966051,5.4744067192077637,2.387263298034668,-0.0010904731098491207,-0.0015448620155281683,-0.0013176675626886446,-0.037815467126543809,-0.036497799563855161,0.00045438890567904761,0.024543749168515205,0,0.0859375,-0.08984375,34,34,0,0,1,1,9.9918849999998116,0.0081150000001883882
621,6.2024792279999996,FINAL_CENTER_PROFILE,1,1,5.69582799449958,2.1687183044811325,-1.1047934031966051,1.1047934031966051,5.4738316535949707,2.3878383636474609,-0.00099962546060360807,-0.0014540143662826559,-0.001226819913443132,-0.036070137874549477,-0.034843317961106346,0.00045438890567904783,-0.36815625429153442,-0.4908750057220459,0.08984375,-0.08984375,34,34,0,0,1,1,9.9517129999995291,0.048287000000470925
622,6.2124659480000002,FINAL_CENTER_PROFILE,1,1,5.684780060467614,2.1797662385130985,-1.1047934031966051,1.1047934031966051,5.4738316535949707,2.3887972831726074,-0.00099962546060360807,-0.0013025262878143924,-0.0011510758742090002,-0.034324808622555145,-0.033173732748346146,0.00030290082721078429,0.12271875143051147,0.44178751111030579,0.0859375,-0.08203125,34,34,0,0,1,1,9.9867200000005596,0.013279999999440406
623,6.2224820340000004,FINAL_CENTER_PROFILE,1,1,5.6737321264356479,2.1908141725450645,-1.1047934031966051,1.1047934031966051,5.4732561111450195,2.3887972831726074,-0.00090870248163235298,-0.0013025262878143924,-0.0011056143847233727,-0.032579479370560827,-0.031473864985837451,0.00039382380618203938,-0.17180624604225159,0,0.08203125,-0.07421875,34,34,0,0,1,1,10.016086000000257,0.016086000000257172
624,6.2324764650000004,FINAL_CENTER_PROFILE,1,1,5.6626841924036819,2.2018621065770305,-1.1047934031966051,1.1047934031966051,5.4732561111450195,2.3895642757415771,-0.00090870248163235298,-0.0011813584239575045,-0.0010450304527949287,-0.030834150118566495,-0.029789119665771566,0.00027265594232515151,0.098174996674060822,0.19634999334812164,0.07421875,-0.07421875,34,34,0,0,1,1,9.9944309999999703,0.0055690000000296891
625,6.2424787879999997,FINAL_CENTER_PROFILE,1,1,5.6516362583717159,2.212910040608997,-1.1047934031966051,1.1047934031966051,5.4726810455322266,2.3907146453857422,-0.00081785483238684046,-0.00099962546060360807,-0.00090874014649522427,-0.029088820866572163,-0.028180080720076939,0.0001817706282167676,-0.14726249873638153,0.26998123526573181,0.0703125,-0.06640625,34,34,0,0,1,1,10.002322999999258,0.0023229999992580019
626,6.2524224290000001,FINAL_CENTER_PROFILE,1,1,5.6407540433502295,2.2237922556304834,-1.0716496011007068,1.0716496011007068,5.4722976684570312,2.3912899494171143,-0.00075728973288983212,-0.00090874014649522427,-0.00083301493969252819,-0.027369671553357747,-0.026536656613665218,0.00015145041360539215,0.34361249208450317,0.34361249208450317,0.0546875,-0.0546875,34,34,0,0,1,1,9.9436410000004471,0.05635899999955285
627,6.2624238109999997,FINAL_CENTER_PROFILE,1,1,5.6302032663497021,2.2343430326310108,-1.038505799004809,1.038505799004809,5.4719138145446777,2.3916733264923096,-0.0006966493036670812,-0.00084817504699821592,-0.00077241217533264856,-0.025702882117703163,-0.024930469942370515,0.00015152574333113472,-0.36815625429153442,-0.12271875143051147,0.04296875,-0.04296875,34,34,0,0,1,1,10.001381999999559,0.0013819999995590138
628,6.2724228000000002,FINAL_CENTER_PROFILE,1,1,5.6199839273701331,2.2445623716105794,-1.0053619969089107,1.0053619969089107,5.4719138145446777,2.3918652534484863,-0.0006966493036670812,-0.00081785483238684046,-0.00075725206802696083,-0.024088452559608411,-0.023331200491581449,0.00012120552871975926,0.098174996674060822,-0.24543750286102295,0.05078125,-0.0390625,34,34,0,0,1,1,9.9989890000005133,0.001010999999486728
629,6.2824166579999998,FINAL_CENTER_PROFILE,1,1,5.6100960264115241,2.2544502725691893,-0.97221819481301253,0.97221819481301253,5.4717221260070801,2.3922486305236816,-0.00066636675391857703,-0.00075728973288983212,-0.00071182824340420463,-0.022526382879073478,-0.021814554635669274,9.0922978971255089e-05,0.049087498337030411,-0.073631249368190765,0.04296875,-0.04296875,34,34,0,0,1,1,9.9938579999996335,0.0061420000003664654
630,6.2924192679999997,FINAL_CENTER_PROFILE,1,1,5.6005395634738733,2.2640067355068396,-0.93907439271711424,0.93907439271711424,5.4711470603942871,2.3930156230926514,-0.00057551910467306452,-0.00063612186903294415,-0.00060582048685300428,-0.021016673076098377,-0.020410852589245371,6.060276435987963e-05,-0.17180624604225159,0,0.04296875,-0.04296875,34,34,0,0,1,1,10.002609999999912,0.0026099999999118495
631,6.3024793060000004,FINAL_CENTER_PROFILE,1,1,5.5913145385571816,2.2732317604235317,-0.90593059062121606,0.90593059062121606,5.4707636833190918,2.3939743041992188,-0.00051495400517605607,-0.00048467145542755195,-0.00049981273030180403,-0.019559323150683108,-0.019059510420381304,-3.0282549748504117e-05,-0.24543750286102295,-0.36815625429153442,0.03515625,-0.03515625,34,34,0,0,1,1,10.06003800000066,0.060038000000659508
632,6.3124255890000001,FINAL_CENTER_PROFILE,1,1,5.5824209516614491,2.2821253473192642,-0.87278678852531788,0.87278678852531788,5.4703798294067383,2.3945496082305908,-0.0004543135759533052,-0.00039378614131916815,-0.00042404985863623667,-0.018154333102827672,-0.017730283244191434,-6.0527434634137056e-05,-0.24543750286102295,0,0.03515625,-0.02734375,34,34,0,0,1,1,9.9462829999996671,0.05371700000033286
633,6.3224231809999996,FINAL_CENTER_PROFILE,1,1,5.5738588027866749,2.2906874961940376,-0.83964298642942004,0.83964298642942004,5.4703798294067383,2.3947412967681885,-0.0004543135759533052,-0.00036350359157066397,-0.00040890858376198459,-0.016801702932532095,-0.016392794348770109,-9.0809984382641228e-05,0,-0.024543749168515205,0.01953125,-0.0234375,34,34,0,0,1,1,9.9975919999995,0.0024080000005000102
634,6.3324205930000002,FINAL_CENTER_PROFILE,1,1,5.5656280919328607,2.2989182070478527,-0.80649918433352186,0.80649918433352186,5.4701881408691406,2.3951249122619629,-0.00042403102620480103,-0.00030290082721078434,-0.00036346592670779269,-0.015501432639796309,-0.015137966713088516,-0.00012113019899401669,-0.19634999334812164,0,0.0234375,-0.01953125,34,34,0,0,1,1,9.9974120000005939,0.0025879999994060654
635,6.3424213839999997,FINAL_CENTER_PROFILE,1,1,5.5577288191000047,2.3068174798807082,-0.77335538223762368,0.77335538223762368,5.4698047637939453,2.3955082893371582,-0.00036346592670779269,-0.00024233572771377597,-0.00030290082721078434,-0.014253522224620369,-0.013950621397409584,-0.00012113019899401671,-0.44178751111030579,0.098174996674060822,0.01171875,-0.0078125,34,34,0,0,1,1,10.000790999999509,0.00079099999950926758
636,6.3524199860000001,FINAL_CENTER_PROFILE,1,1,5.5501609842881079,2.314385314692605,-0.7402115801417255,0.7402115801417255,5.4696130752563477,2.3955082893371582,-0.00033318337695928852,-0.00024233572771377597,-0.00028775955233653226,-0.013057971687004247,-0.012770212134667714,-9.0847649245512542e-05,-0.098174996674060822,-0.58904999494552612,0.01953125,-0.01953125,34,34,0,0,1,1,9.9986020000004672,0.0013979999995328285
637,6.3624191129999996,FINAL_CENTER_PROFILE,1,1,5.5429245874971702,2.3216217114835427,-0.70706777804582743,0.70706777804582743,5.4696130752563477,2.3960835933685303,-0.00033318337695928852,-0.00015145041360539217,-0.00024231689528234036,-0.011914781026947957,-0.011672464131665616,-0.00018173296335389634,-0.14726249873638153,0.049087498337030411,0.0078125,-0.00390625,34,34,0,0,1,1,9.9991269999994969,0.00087300000050305471
638,6.3724190529999998,FINAL_CENTER_PROFILE,1,1,5.5360196287271917,2.3285266702535217,-0.67392397594992925,0.67392397594992925,5.46942138671875,2.3962752819061279,-0.00030290082721078434,-0.00012116786385688799,-0.00021203434553383616,-0.0108239502444515,-0.010611915898917664,-0.00018173296335389637,-0.36815625429153442,0.12271875143051147,0.01171875,-0.0078125,34,34,0,0,1,1,9.9999400000001515,5.9999999848514562e-05
639,6.382463692,FINAL_CENTER_PROFILE,1,1,5.5294461079781714,2.3351001910025415,-0.64078017385403097,0.64078017385403097,5.4696130752563477,2.3962752819061279,-0.00033318337695928852,-0.00012116786385688799,-0.00022717562040808824,-0.0097854793395148743,-0.0095583037191067852,-0.00021201551310240054,0.073631249368190765,-0.24543750286102295,0.01171875,-0.00390625,34,34,0,0,1,1,10.044639000000188,0.044639000000188389
640,6.3925302789999998,FINAL_CENTER_PROFILE,1,1,5.5232040252501111,2.3413422737306022,-0.60763637175813279,0.60763637175813279,5.46942138671875,2.3962752819061279,-0.00030290082721078434,-0.00012116786385688799,-0.00021203434553383616,-0.0087993683121380811,-0.0085873339666042454,-0.00018173296335389637,-0.24543750286102295,0.12271875143051147,0,0,34,34,0,0,1,1,10.066586999999849,0.066586999999849183
641,6.4025310790000001,FINAL_CENTER_PROFILE,1,1,5.5172933805430091,2.3472529184377042,-0.57449256966223472,0.57449256966223472,5.46942138671875,2.3962752819061279,-0.00030290082721078434,-0.00012116786385688799,-0.00021203434553383616,-0.0078656171623211063,-0.0076535828167872706,-0.00018173296335389637,-0.098174996674060822,0.19634999334812164,0.00390625,0,34,34,0,0,1,1,10.000800000000254,0.00080000000025393092
642,6.4125363990000004,FINAL_CENTER_PROFILE,1,1,5.5117141738568662,2.3528321251238467,-0.54134876756633654,0.54134876756633654,5.4690380096435547,2.3962752819061279,-0.00024233572771377597,-0.00012116786385688799,-0.00018175179578533199,-0.0069842258900639775,-0.0068024740942786458,-0.00012116786385688799,-0.44178751111030579,0.024543749168515205,0.00390625,0,34,34,0,0,1,1,10.005320000000317,0.0053200000003172931
643,6.4225415200000002,FINAL_CENTER_PROFILE,1,1,5.5064664051916825,2.3580798937890308,-0.50820496547043825,0.50820496547043825,5.4692296981811523,2.3960835933685303,-0.00027261827746228017,-0.00015145041360539217,-0.00021203434553383619,-0.0061551944953666671,-0.0059431601498328313,-0.000121167863856888,0.024543749168515205,-0.24543750286102295,0,0,34,34,0,0,1,1,10.005120999999839,0.0051209999998391709
644,6.4324223270000003,FINAL_CENTER_PROFILE,1,1,5.501550074547457,2.3629962244332559,-0.47506116337454007,0.47506116337454007,5.4686541557312012,2.3960835933685303,-0.00018169529849102506,-0.00015145041360539217,-0.00016657285604820861,-0.0053785229782291888,-0.0052119501221809805,-3.0244884885632884e-05,-0.14726249873638153,-0.26998123526573181,0.00390625,0,34,34,0,0,1,1,9.880807000000047,0.11919299999995303
645,6.4424218340000001,FINAL_CENTER_PROFILE,1,1,5.4969651819241916,2.3675811170565217,-0.4419173612786419,0.4419173612786419,5.4686541557312012,2.3960835933685303,-0.00018169529849102506,-0.00015145041360539217,-0.00016657285604820861,-0.0046542113386515427,-0.0044876384826033344,-3.0244884885632884e-05,-0.58904999494552612,-0.41724374890327454,-0.00390625,0,34,34,0,0,1,1,9.999506999999852,0.00049300000014795842
646,6.4524233840000003,FINAL_CENTER_PROFILE,1,1,5.4927117273218844,2.3718345716588285,-0.40877355918274411,0.40877355918274411,5.4688458442687988,2.3962752819061279,-0.00021197784823952926,-0.00012116786385688799,-0.00016657285604820861,-0.0039822595766337288,-0.0038156867205855201,-9.0809984382641268e-05,0.098174996674060822,-0.22089375555515289,0,0.00390625,34,34,0,0,1,1,10.001550000000137,0.0015500000001367198
647,6.4624206989999999,FINAL_CENTER_PROFILE,1,1,5.4887897107405363,2.3757565882401765,-0.37562975708684593,0.37562975708684593,5.4686541557312012,2.3964672088623047,-0.00018169529849102506,-9.0847649245512528e-05,-0.0001362714738682688,-0.003362667692175747,-0.0032263962183074783,-9.0847649245512528e-05,0,0.12271875143051147,-0.00390625,0,34,34,0,0,1,1,9.9973149999996735,0.002685000000326454
648,6.4724215220000003,FINAL_CENTER_PROFILE,1,1,5.4851991321801474,2.3793471668005655,-0.34248595499094775,0.34248595499094775,5.4684624671936035,2.3962752819061279,-0.00015141274874252089,-0.00012116786385688799,-0.00013629030629970444,-0.0027954356852775836,-0.0026591453789778789,-3.0244884885632898e-05,-0.19634999334812164,-0.24543750286102295,0,0.01953125,34,34,0,0,1,1,10.000823000000381,0.00082300000038060261
649,6.4824201769999998,FINAL_CENTER_PROFILE,1,1,5.4819399916407177,2.3826063073399952,-0.30934215289504957,0.30934215289504957,5.4682707786560059,2.3962752819061279,-0.00012113019899401671,-0.00012116786385688799,-0.00012114903142545236,-0.0022805635559392662,-0.002159414524513814,3.7664862871273643e-08,-0.41724374890327454,-0.36815625429153442,-0.00390625,0,34,34,0,0,1,1,9.9986549999995233,0.0013450000004766594
650,6.4924187739999999,FINAL_CENTER_PROFILE,1,1,5.479012289122247,2.3855340098584663,-0.27619835079915134,0.27619835079915134,5.4684624671936035,2.3966588973999023,-0.00015141274874252089,-6.0565099497008357e-05,-0.00010598892411976463,-0.0018180513041607671,-0.0017120623800410024,-9.0847649245512528e-05,0.073631249368190765,0.22089375555515289,-0.00390625,0.00390625,34,34,0,0,1,1,9.9985970000000535,0.0014029999999465304
651,6.5024662009999998,FINAL_CENTER_PROFILE,1,1,5.4764160246247346,2.3881302743559782,-0.24305454870325321,0.24305454870325321,5.4682707786560059,2.3966588973999023,-0.00012113019899401671,-6.0565099497008357e-05,-9.0847649245512542e-05,-0.0014078989299421002,-0.0013170512806965876,-6.0565099497008357e-05,-0.24543750286102295,0.024543749168515205,0,0.00390625,34,34,0,0,1,1,10.047426999999942,0.047426999999942154
652,6.5125358430000002,FINAL_CENTER_PROFILE,1,1,5.4741511981481814,2.3903951008325315,-0.20991074660735501,0.20991074660735501,5.4682707786560059,2.3964672088623047,-0.00012113019899401671,-9.0847649245512528e-05,-0.00010598892411976463,-0.0010501064332832516,-0.00094411750916348694,-3.0282549748504185e-05,0.049087498337030411,-0.26998123526573181,-0.00390625,0.0078125,34,34,0,0,1,1,10.069642000000378,0.069642000000378346
653,6.522536058,FINAL_CENTER_PROFILE,1,1,5.4722178096925873,2.3923284892881256,-0.17676694451145686,0.17676694451145686,5.4682707786560059,2.3966588973999023,-0.00012113019899401671,-6.0565099497008357e-05,-9.0847649245512542e-05,-0.00074467381418424905,-0.00065382616493873654,-6.0565099497008357e-05,-0.073631249368190765,0,-0.00390625,0.00390625,34,34,0,0,1,1,10.000214999999812,0.00021499999981244855
654,6.5325402989999999,FINAL_CENTER_PROFILE,1,1,5.4706158592579524,2.3939304397227605,-0.14362314241555868,0.14362314241555868,5.4682707786560059,2.3966588973999023,-0.00012113019899401671,-6.0565099497008357e-05,-9.0847649245512542e-05,-0.00049160107264506481,-0.00040075342339955229,-6.0565099497008357e-05,-0.024543749168515205,-0.024543749168515205,0,0,34,34,0,0,1,1,10.004240999999858,0.0042409999998582748
655,6.5425280819999996,FINAL_CENTER_PROFILE,1,1,5.4693453468442765,2.3952009521364368,-0.11047934031966047,0.11047934031966047,5.4682707786560059,2.3966588973999023,-0.00012113019899401671,-6.0565099497008357e-05,-9.0847649245512542e-05,-0.00029088820866572662,-0.00020004055942021408,-6.0565099497008357e-05,-0.049087498337030411,-0.24543750286102295,-0.00390625,0.00390625,34,34,0,0,1,1,9.9877829999996948,0.012217000000305234
656,6.5525520420000003,FINAL_CENTER_PROFILE,1,1,5.468406272451559,2.3961400265291539,-0.07733553822376231,0.07733553822376231,5.4682707786560059,2.3966588973999023,-0.00012113019899401671,-6.0565099497008357e-05,-9.0847649245512542e-05,-0.00014253522224620674,-5.1687573000694197e-05,-6.0565099497008357e-05,0,-0.22089375555515289,-0.00390625,0,34,34,0,0,1,1,10.02396000000072,0.023960000000720072
657,6.5625214170000001,FINAL_CENTER_PROFILE,1,1,5.4677986360798014,2.3967476629009119,-0.044191736127864117,0.044191736127864117,5.4682707786560059,2.3966588973999023,-0.00012113019899401671,-6.0565099497008357e-05,-9.0847649245512542e-05,-4.6542113386519035e-05,4.4305535858993507e-05,-6.0565099497008357e-05,0,-0.19634999334812164,0.00390625,0.0078125,34,34,0,0,1,1,9.969374999999836,0.030625000000163993
658,6.57252714,FINAL_CENTER_PROFILE,1,1,5.4675224377290021,2.3970238612517112,-0.011047934031965937,0.011047934031965937,5.4682707786560059,2.3968505859375,-0.00012113019899401671,-3.0282549748504178e-05,-7.5706374371260443e-05,-2.9088820866635112e-06,7.2797492284596931e-05,-9.0847649245512542e-05,0,0.049087498337030411,-0.00390625,0,34,34,0,0,1,1,10.005722999999911,0.0057229999999108827
659,6.5824811839999997,FINAL_CENTER_PROFILE,1,1,5.4675040245056152,2.3970422744750977,-0,0,5.4682707786560059,2.3966588973999023,-0.00012113019899401671,-6.0565099497008357e-05,-9.0847649245512542e-05,0,9.0847649245512542e-05,-6.0565099497008357e-05,0.024543749168515205,-0.24543750286102295,0,0.0078125,34,34,0,0,1,1,9.9540439999996622,0.045956000000337838
660,6.5925346100000004,FINAL_CENTER_ENDPOINT,1,1,5.4675040245056152,2.3970422744750977,-0,0,5.4684624671936035,2.3966588973999023,-0.00015141274874252089,-6.0565099497008357e-05,-0.00010598892411976463,0,0.00010598892411976463,-9.0847649245512528e-05,0.29452499747276306,-0.24543750286102295,0,0,34,34,0,0,1,1,10.053426000000698,0.053426000000698082
661,6.602535541,FINAL_CENTER_ENDPOINT,1,1,5.4675040245056152,2.3970422744750977,-0,0,5.4682707786560059,2.3968505859375,-0.00012113019899401671,-3.0282549748504178e-05,-7.5706374371260443e-05,0,7.5706374371260443e-05,-9.0847649245512542e-05,-0.024543749168515205,0.073631249368190765,0,0,34,34,0,0,1,1,10.000930999999547,0.00093099999954660007
662,6.6125335959999996,FINAL_CENTER_ENDPOINT,1,1,5.4675040245056152,2.3970422744750977,-0,0,5.4680790901184082,2.3966588973999023,-9.0847649245512528e-05,-6.0565099497008357e-05,-7.5706374371260443e-05,0,7.5706374371260443e-05,-3.0282549748504172e-05,-0.24543750286102295,-0.36815625429153442,0,0,34,34,0,0,1,1,9.9980549999996171,0.0019450000003828904
663,6.62252843,FINAL_CENTER_ENDPOINT,1,1,5.4675040245056152,2.3970422744750977,-0,0,5.4682707786560059,2.3966588973999023,-0.00012113019899401671,-6.0565099497008357e-05,-9.0847649245512542e-05,0,9.0847649245512542e-05,-6.0565099497008357e-05,0.31906875967979431,-0.26998123526573181,0,0.00390625,34,34,0,0,1,1,9.9948340000004521,0.0051659999995479211
664,6.6324674339999996,FINAL_CENTER_ENDPOINT,1,1,5.4675040245056152,2.3970422744750977,-0,0,5.4680790901184082,2.3968505859375,-9.0847649245512528e-05,-3.0282549748504178e-05,-6.0565099497008357e-05,0,6.0565099497008357e-05,-6.056509949700835e-05,-0.098174996674060822,0.098174996674060822,-0.00390625,0,34,34,0,0,1,1,9.9390039999995849,0.060996000000415052
665,6.6425281610000004,FINAL_CENTER_ENDPOINT,1,1,5.4675040245056152,2.3970422744750977,-0,0,5.4682707786560059,2.3968505859375,-0.00012113019899401671,-3.0282549748504178e-05,-7.5706374371260443e-05,0,7.5706374371260443e-05,-9.0847649245512542e-05,0.26998123526573181,0.12271875143051147,0,0.00390625,34,34,0,0,1,1,10.060727000000824,0.060727000000824205
666,6.6525291539999998,FINAL_CENTER_ENDPOINT,1,1,5.4675040245056152,2.3970422744750977,-0,0,5.4680790901184082,2.3966588973999023,-9.0847649245512528e-05,-6.0565099497008357e-05,-7.5706374371260443e-05,0,7.5706374371260443e-05,-3.0282549748504172e-05,-0.073631249368190765,-0.24543750286102295,0,0,34,34,0,0,1,1,10.000992999999347,0.00099299999934743255
667,6.6624299440000003,FINAL_CENTER_ENDPOINT,1,1,5.4675040245056152,2.3970422744750977,-0,0,5.4680790901184082,2.3966588973999023,-9.0847649245512528e-05,-6.0565099497008357e-05,-7.5706374371260443e-05,0,7.5706374371260443e-05,-3.0282549748504172e-05,-0.19634999334812164,-0.24543750286102295,-0.00390625,0.00390625,34,34,0,0,1,1,9.9007900000005478,0.099209999999452236
668,6.6724249369999997,FINAL_CENTER_ENDPOINT,1,1,5.4675040245056152,2.3970422744750977,-0,0,5.4682707786560059,2.3968505859375,-0.00012113019899401671,-3.0282549748504178e-05,-7.5706374371260443e-05,0,7.5706374371260443e-05,-9.0847649245512542e-05,0.12271875143051147,0.12271875143051147,-0.00390625,0,34,34,0,0,1,1,9.9949929999993969,0.0050070000006030568
669,6.6824242729999996,FINAL_CENTER_ENDPOINT,1,1,5.4675040245056152,2.3970422744750977,-0,0,5.4678874015808105,2.3968505859375,-6.0565099497008357e-05,-3.0282549748504178e-05,-4.5423824622756271e-05,0,4.5423824622756271e-05,-3.0282549748504178e-05,-0.44178751111030579,0.073631249368190765,0,0,34,34,0,0,1,1,9.9993359999999143,0.00066400000008570714
670,6.6924252490000002,FINAL_CENTER_ENDPOINT,1,1,5.4675040245056152,2.3970422744750977,-0,0,5.4678874015808105,2.3966588973999023,-6.0565099497008357e-05,-6.0565099497008357e-05,-6.0565099497008357e-05,0,6.0565099497008357e-05,0,-0.41724374890327454,-0.24543750286102295,0.00390625,0,34,34,0,0,1,1,10.000976000000605,0.0009760000006053815
671,6.7025523810000003,FINAL_CENTER_ENDPOINT,1,1,5.4675040245056152,2.3970422744750977,-0,0,5.4678874015808105,2.3966588973999023,-6.0565099497008357e-05,-6.0565099497008357e-05,-6.0565099497008357e-05,0,6.0565099497008357e-05,0,-0.53996247053146362,-0.24543750286102295,-0.00390625,0,34,34,0,0,1,1,10.127132000000039,0.12713200000003866
672,6.7124624839999996,FINAL_CENTER_ENDPOINT,1,1,5.4675040245056152,2.3970422744750977,-0,0,5.4680790901184082,2.3966588973999023,-9.0847649245512528e-05,-6.0565099497008357e-05,-7.5706374371260443e-05,0,7.5706374371260443e-05,-3.0282549748504172e-05,-0.17180624604225159,-0.26998123526573181,0,0.00390625,34,34,0,0,1,1,9.9101029999992818,0.089897000000718208
673,6.7224234100000002,FINAL_CENTER_ENDPOINT,1,1,5.4675040245056152,2.3970422744750977,-0,0,5.4680790901184082,2.3966588973999023,-9.0847649245512528e-05,-6.0565099497008357e-05,-7.5706374371260443e-05,0,7.5706374371260443e-05,-3.0282549748504172e-05,-0.12271875143051147,-0.17180624604225159,0,0.0078125,34,34,0,0,1,1,9.9609260000006472,0.039073999999352793
674,6.732424011,FINAL_CENTER_ENDPOINT,1,1,5.4675040245056152,2.3970422744750977,-0,0,5.4678874015808105,2.3966588973999023,-6.0565099497008357e-05,-6.0565099497008357e-05,-6.0565099497008357e-05,0,6.0565099497008357e-05,0,-0.36815625429153442,-0.24543750286102295,-0.00390625,0.00390625,34,34,0,0,1,1,10.000600999999776,0.00060099999977580865
675,6.7424652610000004,FINAL_CENTER_ENDPOINT,1,1,5.4675040245056152,2.3970422744750977,-0,0,5.4678874015808105,2.3966588973999023,-6.0565099497008357e-05,-6.0565099497008357e-05,-6.0565099497008357e-05,0,6.0565099497008357e-05,0,-0.39269998669624329,-0.24543750286102295,0,0,34,34,0,0,1,1,10.041250000000446,0.041250000000445652
676,6.7524754439999999,FINAL_CENTER_ENDPOINT,1,1,5.4675040245056152,2.3970422744750977,-0,0,5.4680790901184082,2.3966588973999023,-9.0847649245512528e-05,-6.0565099497008357e-05,-7.5706374371260443e-05,0,7.5706374371260443e-05,-3.0282549748504172e-05,-0.049087498337030411,-0.19634999334812164,0,0.0078125,34,34,0,0,1,1,10.010182999999451,0.010182999999450715
677,6.7624218640000002,FINAL_CENTER_ENDPOINT,1,1,5.4675040245056152,2.3970422744750977,-0,0,5.4678874015808105,2.3966588973999023,-6.0565099497008357e-05,-6.0565099497008357e-05,-6.0565099497008357e-05,0,6.0565099497008357e-05,0,-0.39269998669624329,-0.24543750286102295,0,0,34,34,0,0,1,1,9.9464200000003444,0.05357999999965557
678,6.7724213500000001,FINAL_CENTER_ENDPOINT,1,1,5.4675040245056152,2.3970422744750977,-0,0,5.4680790901184082,2.3966588973999023,-9.0847649245512528e-05,-6.0565099497008357e-05,-7.5706374371260443e-05,0,7.5706374371260443e-05,-3.0282549748504172e-05,-0.024543749168515205,-0.34361249208450317,0.00390625,0.0078125,34,34,0,0,1,1,9.9994859999998909,0.00051400000010914937
679,6.7824190660000001,FINAL_CENTER_ENDPOINT,1,1,5.4675040245056152,2.3970422744750977,-0,0,5.4678874015808105,2.3966588973999023,-6.0565099497008357e-05,-6.0565099497008357e-05,-6.0565099497008357e-05,0,6.0565099497008357e-05,0,-0.31906875967979431,-0.24543750286102295,-0.00390625,0.00390625,34,34,0,0,1,1,9.9977159999999898,0.0022840000000101668
680,6.7924197099999999,FINAL_CENTER_ENDPOINT,1,1,5.4675040245056152,2.3970422744750977,-0,0,5.4680790901184082,2.3968505859375,-9.0847649245512528e-05,-3.0282549748504178e-05,-6.0565099497008357e-05,0,6.0565099497008357e-05,-6.056509949700835e-05,-0.073631249368190765,0,-0.00390625,0,34,34,0,0,1,1,10.000643999999781,0.00064399999978093092
681,6.8024169370000003,FINAL_CENTER_ENDPOINT,1,1,5.4675040245056152,2.3970422744750977,-0,0,5.4680790901184082,2.3968505859375,-9.0847649245512528e-05,-3.0282549748504178e-05,-6.0565099497008357e-05,0,6.0565099497008357e-05,-6.056509949700835e-05,0,0.073631249368190765,-0.00390625,0,34,34,0,0,1,1,9.997227000000386,0.0027729999996140009
682,6.8124171899999997,FINAL_CENTER_ENDPOINT,1,1,5.4675040245056152,2.3970422744750977,-0,0,5.4678874015808105,2.3966588973999023,-6.0565099497008357e-05,-6.0565099497008357e-05,-6.0565099497008357e-05,0,6.0565099497008357e-05,0,-0.41724374890327454,-0.24543750286102295,0.0078125,0.0078125,34,34,0,0,1,1,10.000252999999404,0.00025299999940386897
683,6.8224166180000001,FINAL_CENTER_ENDPOINT,1,1,5.4675040245056152,2.3970422744750977,-0,0,5.4678874015808105,2.3966588973999023,-6.0565099497008357e-05,-6.0565099497008357e-05,-6.0565099497008357e-05,0,6.0565099497008357e-05,0,-0.41724374890327454,-0.24543750286102295,0.00390625,0.0078125,34,34,0,0,1,1,9.999428000000421,0.00057199999957902037
684,6.8324171150000002,FINAL_CENTER_ENDPOINT,1,1,5.4675040245056152,2.3970422744750977,-0,0,5.4680790901184082,2.3966588973999023,-9.0847649245512528e-05,-6.0565099497008357e-05,-7.5706374371260443e-05,0,7.5706374371260443e-05,-3.0282549748504172e-05,-0.049087498337030411,-0.26998123526573181,0.00390625,0.00390625,34,34,0,0,1,1,10.000497000000053,0.00049700000005259426
685,6.8424152879999998,FINAL_CENTER_ENDPOINT,1,1,5.4675040245056152,2.3970422744750977,-0,0,5.4678874015808105,2.3966588973999023,-6.0565099497008357e-05,-6.0565099497008357e-05,-6.0565099497008357e-05,0,6.0565099497008357e-05,0,-0.29452499747276306,-0.24543750286102295,0.00390625,0.00390625,34,34,0,0,1,1,9.9981729999996105,0.0018270000003894893
686,6.852433542,FINAL_CENTER_ENDPOINT,1,1,5.4675040245056152,2.3970422744750977,-0,0,5.4680790901184082,2.3966588973999023,-9.0847649245512528e-05,-6.0565099497008357e-05,-7.5706374371260443e-05,0,7.5706374371260443e-05,-3.0282549748504172e-05,0.024543749168515205,-0.24543750286102295,0,0.00390625,34,34,0,0,1,1,10.018254000000226,0.018254000000226256
687,6.8625541270000001,FINAL_CENTER_ENDPOINT,1,1,5.4675040245056152,2.3970422744750977,-0,0,5.4680790901184082,2.3968505859375,-9.0847649245512528e-05,-3.0282549748504178e-05,-6.0565099497008357e-05,0,6.0565099497008357e-05,-6.056509949700835e-05,0,0,0,0.01171875,34,34,0,0,1,1,10.120585000000126,0.12058500000012629
688,6.8724762789999998,FINAL_CENTER_ENDPOINT,1,1,5.4675040245056152,2.3970422744750977,-0,0,5.4678874015808105,2.3966588973999023,-6.0565099497008357e-05,-6.0565099497008357e-05,-6.0565099497008357e-05,0,6.0565099497008357e-05,0,-0.31906875967979431,-0.24543750286102295,0,0.0078125,34,34,0,0,1,1,9.9221519999996843,0.077848000000315665
689,6.8825478389999999,FINAL_CENTER_ENDPOINT,1,1,5.4675040245056152,2.3970422744750977,-0,0,5.4678874015808105,2.3968505859375,-6.0565099497008357e-05,-3.0282549748504178e-05,-4.5423824622756271e-05,0,4.5423824622756271e-05,-3.0282549748504178e-05,-0.36815625429153442,0.098174996674060822,-0.00390625,0,34,34,0,0,1,1,10.07156000000009,0.07156000000009044
690,6.8925523059999998,FINAL_CENTER_ENDPOINT,1,1,5.4675040245056152,2.3970422744750977,-0,0,5.4678874015808105,2.3968505859375,-6.0565099497008357e-05,-3.0282549748504178e-05,-4.5423824622756271e-05,0,4.5423824622756271e-05,-3.0282549748504178e-05,-0.29452499747276306,0.12271875143051147,0,0.0078125,34,34,0,0,1,1,10.004466999999906,0.0044669999999058518
691,6.9025489640000002,FINAL_CENTER_ENDPOINT,1,1,5.4675040245056152,2.3970422744750977,-0,0,5.4680790901184082,2.3966588973999023,-9.0847649245512528e-05,-6.0565099497008357e-05,-7.5706374371260443e-05,0,7.5706374371260443e-05,-3.0282549748504172e-05,0.12271875143051147,-0.22089375555515289,0,0.0078125,34,34,0,0,1,1,9.9966580000003802,0.0033419999996198158
692,6.9125383449999998,FINAL_CENTER_ENDPOINT,1,1,5.4675040245056152,2.3970422744750977,-0,0,5.4678874015808105,2.3966588973999023,-6.0565099497008357e-05,-6.0565099497008357e-05,-6.0565099497008357e-05,0,6.0565099497008357e-05,0,-0.24543750286102295,-0.14726249873638153,-0.00390625,0.00390625,34,34,0,0,1,1,9.9893809999995753,0.010619000000424705
693,6.9225548029999997,FINAL_CENTER_ENDPOINT,1,1,5.4675040245056152,2.3970422744750977,-0,0,5.4680790901184082,2.3966588973999023,-9.0847649245512528e-05,-6.0565099497008357e-05,-7.5706374371260443e-05,0,7.5706374371260443e-05,-3.0282549748504172e-05,0.049087498337030411,-0.24543750286102295,0,0.01171875,34,34,0,0,1,1,10.01645799999995,0.016457999999950346
694,6.9325617069999996,FINAL_CENTER_ENDPOINT,1,1,5.4675040245056152,2.3970422744750977,-0,0,5.4680790901184082,2.3968505859375,-9.0847649245512528e-05,-3.0282549748504178e-05,-6.0565099497008357e-05,0,6.0565099497008357e-05,-6.056509949700835e-05,-0.024543749168515205,-0.024543749168515205,0.00390625,0.00390625,34,34,0,0,1,1,10.006903999999928,0.0069039999999276347
695,6.9425636629999996,FINAL_CENTER_ENDPOINT,1,1,5.4675040245056152,2.3970422744750977,-0,0,5.4680790901184082,2.3966588973999023,-9.0847649245512528e-05,-6.0565099497008357e-05,-7.5706374371260443e-05,0,7.5706374371260443e-05,-3.0282549748504172e-05,0.024543749168515205,-0.36815625429153442,-0.0078125,0.0078125,34,34,0,0,1,1,10.001955999999979,0.0019559999999785305
696,6.952527291,FINAL_CENTER_ENDPOINT,1,1,5.4675040245056152,2.3970422744750977,-0,0,5.4680790901184082,2.3966588973999023,-9.0847649245512528e-05,-6.0565099497008357e-05,-7.5706374371260443e-05,0,7.5706374371260443e-05,-3.0282549748504172e-05,-0.024543749168515205,-0.26998123526573181,0,0.00390625,34,34,0,0,1,1,9.9636280000003907,0.036371999999609272
697,6.9625518299999998,FINAL_CENTER_ENDPOINT,1,1,5.4675040245056152,2.3970422744750977,-0,0,5.4678874015808105,2.3968505859375,-6.0565099497008357e-05,-3.0282549748504178e-05,-4.5423824622756271e-05,0,4.5423824622756271e-05,-3.0282549748504178e-05,-0.29452499747276306,0.073631249368190765,0,0.0078125,34,34,0,0,1,1,10.024538999999777,0.024538999999776934
698,6.9725620560000001,FINAL_CENTER_ENDPOINT,1,1,5.4675040245056152,2.3970422744750977,-0,0,5.4678874015808105,2.3966588973999023,-6.0565099497008357e-05,-6.0565099497008357e-05,-6.0565099497008357e-05,0,6.0565099497008357e-05,0,-0.24543750286102295,-0.24543750286102295,0,0.0078125,34,34,0,0,1,1,10.010226000000344,0.010226000000344015
699,6.9825622779999996,FINAL_CENTER_ENDPOINT,1,1,5.4675040245056152,2.3970422744750977,-0,0,5.4680790901184082,2.3968505859375,-9.0847649245512528e-05,-3.0282549748504178e-05,-6.0565099497008357e-05,0,6.0565099497008357e-05,-6.056509949700835e-05,0,0.049087498337030411,0.00390625,0.00390625,34,34,0,0,1,1,10.000221999999503,0.00022199999950345273
700,6.9925498700000004,FINAL_CENTER_ENDPOINT,1,1,5.4675040245056152,2.3970422744750977,-0,0,5.4680790901184082,2.3966588973999023,-9.0847649245512528e-05,-6.0565099497008357e-05,-7.5706374371260443e-05,0,7.5706374371260443e-05,-3.0282549748504172e-05,0.073631249368190765,-0.024543749168515205,0.00390625,0.00390625,34,34,0,0,1,1,9.9875920000007667,0.012407999999233255
701,7.0025400380000002,FINAL_CENTER_ENDPOINT,1,1,5.4675040245056152,2.3970422744750977,-0,0,5.4678874015808105,2.3966588973999023,-6.0565099497008357e-05,-6.0565099497008357e-05,-6.0565099497008357e-05,0,6.0565099497008357e-05,0,-0.24543750286102295,-0.24543750286102295,0.0078125,0.00390625,34,34,0,0,1,1,9.9901679999998549,0.009832000000145058
702,7.0125663390000001,FINAL_CENTER_ENDPOINT,1,1,5.4675040245056152,2.3970422744750977,-0,0,5.4678874015808105,2.3966588973999023,-6.0565099497008357e-05,-6.0565099497008357e-05,-6.0565099497008357e-05,0,6.0565099497008357e-05,0,-0.24543750286102295,-0.24543750286102295,-0.00390625,0.00390625,34,34,0,0,1,1,10.026300999999904,0.026300999999904207
703,7.0225501079999999,FINAL_CENTER_ENDPOINT,1,1,5.4675040245056152,2.3970422744750977,-0,0,5.4678874015808105,2.3970422744750977,-6.0565099497008357e-05,0,-3.0282549748504178e-05,0,3.0282549748504178e-05,-6.0565099497008357e-05,-0.24543750286102295,0.44178751111030579,0,0.0078125,34,34,0,0,1,1,9.9837689999997536,0.016231000000246354
704,7.0325506239999998,FINAL_CENTER_ENDPOINT,1,1,5.4675040245056152,2.3970422744750977,-0,0,5.4680790901184082,2.3966588973999023,-9.0847649245512528e-05,-6.0565099497008357e-05,-7.5706374371260443e-05,0,7.5706374371260443e-05,-3.0282549748504172e-05,0.098174996674060822,-0.24543750286102295,0,0.00390625,34,34,0,0,1,1,10.000515999999848,0.00051599999984830447
705,7.0425280260000003,FINAL_CENTER_ENDPOINT,1,1,5.4675040245056152,2.3970422744750977,-0,0,5.4680790901184082,2.3966588973999023,-9.0847649245512528e-05,-6.0565099497008357e-05,-7.5706374371260443e-05,0,7.5706374371260443e-05,-3.0282549748504172e-05,0.12271875143051147,-0.24543750286102295,-0.00390625,0.00390625,34,34,0,0,1,1,9.9774020000005237,0.022597999999476315
706,7.0525539479999999,FINAL_CENTER_ENDPOINT,1,1,5.4675040245056152,2.3970422744750977,-0,0,5.4678874015808105,2.3968505859375,-6.0565099497008357e-05,-3.0282549748504178e-05,-4.5423824622756271e-05,0,4.5423824622756271e-05,-3.0282549748504178e-05,-0.31906875967979431,0,-0.00390625,0.00390625,34,34,0,0,1,1,10.025921999999632,0.025921999999631851
707,7.062572619,FINAL_CENTER_ENDPOINT,1,1,5.4675040245056152,2.3970422744750977,-0,0,5.4680790901184082,2.3966588973999023,-9.0847649245512528e-05,-6.0565099497008357e-05,-7.5706374371260443e-05,0,7.5706374371260443e-05,-3.0282549748504172e-05,-0.34361249208450317,-0.36815625429153442,-0.00390625,0,34,34,0,0,1,1,10.01867100000009,0.018671000000090032
708,7.0724850779999997,FINAL_CENTER_ENDPOINT,1,1,5.4675040245056152,2.3970422744750977,-0,0,5.4678874015808105,2.3968505859375,-6.0565099497008357e-05,-3.0282549748504178e-05,-4.5423824622756271e-05,0,4.5423824622756271e-05,-3.0282549748504178e-05,-0.19634999334812164,0.12271875143051147,0,0,34,34,0,0,1,1,9.912458999999707,0.087541000000292968
709,7.082527883,FINAL_CENTER_ENDPOINT,1,1,5.4675040245056152,2.3970422744750977,-0,0,5.4676957130432129,2.3968505859375,-3.0282549748504178e-05,-3.0282549748504178e-05,-3.0282549748504178e-05,0,3.0282549748504178e-05,0,-0.24543750286102295,0.049087498337030411,0,0.00390625,34,34,0,0,1,1,10.042805000000321,0.042805000000321058
710,7.084997199,FINAL_DUAL_BRAKE,0,0,0,0,0,0,5.4678874015808105,2.3968505859375,-6.0565099497008357e-05,-3.0282549748504178e-05,-4.5423824622756271e-05,nan,4.5423824622756271e-05,-3.0282549748504178e-05,-0.073631249368190765,-0.098174996674060822,0,0.00390625,34,34,0,0,1,1,2.4693159999999992,7.5306840000000008
711,7.0951638319999999,FINAL_DUAL_BRAKE,0,0,0,0,0,0,5.4678874015808105,2.3968505859375,-6.0565099497008357e-05,-3.0282549748504178e-05,-4.5423824622756271e-05,nan,4.5423824622756271e-05,-3.0282549748504178e-05,0,-0.14726249873638153,0,0,34,34,0,0,1,1,10.166632999999869,0.16663299999986947
712,7.1051863559999999,FINAL_DUAL_BRAKE,0,0,0,0,0,0,5.4676957130432129,2.3968505859375,-3.0282549748504178e-05,-3.0282549748504178e-05,-3.0282549748504178e-05,nan,3.0282549748504178e-05,0,-0.24543750286102295,-0.073631249368190765,0,0,34,34,0,0,1,1,10.022524000000033,0.022524000000032629
713,7.1152023719999997,FINAL_DUAL_BRAKE,0,0,0,0,0,0,5.4676957130432129,2.3968505859375,-3.0282549748504178e-05,-3.0282549748504178e-05,-3.0282549748504178e-05,nan,3.0282549748504178e-05,0,-0.26998123526573181,-0.073631249368190765,0,0,34,34,0,0,1,1,10.016015999999794,0.016015999999794417
714,7.1251706270000001,FINAL_DUAL_BRAKE,0,0,0,0,0,0,5.4676957130432129,2.3966588973999023,-3.0282549748504178e-05,-6.0565099497008357e-05,-4.5423824622756271e-05,nan,4.5423824622756271e-05,3.0282549748504178e-05,-0.22089375555515289,-0.44178751111030579,0,0,34,34,0,0,1,1,9.9682550000004255,0.031744999999574475
