tick,timestamp_s,phase,j3_mode,q_cmd_motor_rad,dq_cmd_motor_rad_s,q_feedback_motor_rad,q_relative_motor_rad,q_relative_output_protocol_rad,q_relative_ros_rad,qdot_fast_deg_s,qdot_slow_deg_s,sdk_dq_rad_s,tau_feedback,temperature_c,merror,data_correct,j4_topology,j4_mode,j4_merror,j4_correct,j5_topology,j5_mode,j5_merror,j5_correct,tx_period_ms,tx_jitter_ms
0,8.1900000000000001e-07,BIDIRECTIONAL_START_CAPTURE,0,0,0,2.7885918617248535,nan,nan,nan,0,0,0,0,33,0,1,disconnected,-1,-1,0,disconnected,-1,-1,0,nan,nan
0,0.010076524999999999,BIDIRECTIONAL_START_CAPTURE,0,0,0,2.7884001731872559,nan,nan,nan,0,0,-0.36815625429153442,0,33,0,1,disconnected,-1,-1,0,disconnected,-1,-1,0,nan,nan
0,0.020082448999999999,BIDIRECTIONAL_START_CAPTURE,0,0,0,2.7882082462310791,nan,nan,nan,0,0,-0.073631249368190765,0,33,0,1,disconnected,-1,-1,0,disconnected,-1,-1,0,nan,nan
0,0.030057061999999999,BIDIRECTIONAL_START_CAPTURE,0,0,0,2.7884001731872559,nan,nan,nan,0,0,-0.24543750286102295,0,33,0,1,disconnected,-1,-1,0,disconnected,-1,-1,0,nan,nan
0,0.040196217999999999,BIDIRECTIONAL_START_CAPTURE,0,0,0,2.7885918617248535,nan,nan,nan,0,0,0,0,33,0,1,disconnected,-1,-1,0,disconnected,-1,-1,0,nan,nan
0,0.050191742999999997,BIDIRECTIONAL_START_CAPTURE,0,0,0,2.7884001731872559,nan,nan,nan,0,0,-0.31906875967979431,0,33,0,1,disconnected,-1,-1,0,disconnected,-1,-1,0,nan,nan
0,0.060191289000000002,BIDIRECTIONAL_START_CAPTURE,0,0,0,2.7884001731872559,nan,nan,nan,0,0,-0.098174996674060822,0,33,0,1,disconnected,-1,-1,0,disconnected,-1,-1,0,nan,nan
0,0.070057545999999998,BIDIRECTIONAL_START_CAPTURE,0,0,0,2.7885918617248535,nan,nan,nan,0,0,-0.36815625429153442,0,33,0,1,disconnected,-1,-1,0,disconnected,-1,-1,0,nan,nan
0,0.080058022000000006,BIDIRECTIONAL_START_CAPTURE,0,0,0,2.7884001731872559,nan,nan,nan,0,0,0,0,33,0,1,disconnected,-1,-1,0,disconnected,-1,-1,0,nan,nan
0,0.090193891999999998,BIDIRECTIONAL_START_CAPTURE,0,0,0,2.7884001731872559,nan,nan,nan,0,0,-0.024543749168515205,0,33,0,1,disconnected,-1,-1,0,disconnected,-1,-1,0,nan,nan
0,0.100057485,BIDIRECTIONAL_START_CAPTURE,0,0,0,2.7885918617248535,nan,nan,nan,0,0,0.39269998669624329,0,33,0,1,disconnected,-1,-1,0,disconnected,-1,-1,0,nan,nan
0,0.110164208,BIDIRECTIONAL_START_CAPTURE,0,0,0,2.7884001731872559,nan,nan,nan,0,0,-0.34361249208450317,0,33,0,1,disconnected,-1,-1,0,disconnected,-1,-1,0,nan,nan
0,0.12019411000000001,BIDIRECTIONAL_START_CAPTURE,0,0,0,2.7885918617248535,nan,nan,nan,0,0,-0.024543749168515205,0,33,0,1,disconnected,-1,-1,0,disconnected,-1,-1,0,nan,nan
0,0.13005686999999999,BIDIRECTIONAL_START_CAPTURE,0,0,0,2.7882082462310791,nan,nan,nan,0,0,-0.39269998669624329,0,33,0,1,disconnected,-1,-1,0,disconnected,-1,-1,0,nan,nan
0,0.140193185,BIDIRECTIONAL_START_CAPTURE,0,0,0,2.7885918617248535,nan,nan,nan,0,0,-0.049087498337030411,0,33,0,1,disconnected,-1,-1,0,disconnected,-1,-1,0,nan,nan
0,0.150193624,BIDIRECTIONAL_START_CAPTURE,0,0,0,2.7884001731872559,nan,nan,nan,0,0,-0.36815625429153442,0,33,0,1,disconnected,-1,-1,0,disconnected,-1,-1,0,nan,nan
0,0.16018079800000001,BIDIRECTIONAL_START_CAPTURE,0,0,0,2.7885918617248535,nan,nan,nan,0,0,0.14726249873638153,0,33,0,1,disconnected,-1,-1,0,disconnected,-1,-1,0,nan,nan
0,0.17017090100000001,BIDIRECTIONAL_START_CAPTURE,0,0,0,2.7884001731872559,nan,nan,nan,0,0,-0.073631249368190765,0,33,0,1,disconnected,-1,-1,0,disconnected,-1,-1,0,nan,nan
0,0.18005785799999999,BIDIRECTIONAL_START_CAPTURE,0,0,0,2.7884001731872559,nan,nan,nan,0,0,-0.024543749168515205,0,33,0,1,disconnected,-1,-1,0,disconnected,-1,-1,0,nan,nan
0,0.19005761700000001,BIDIRECTIONAL_START_CAPTURE,0,0,0,2.7884001731872559,nan,nan,nan,0,0,-0.36815625429153442,0,33,0,1,disconnected,-1,-1,0,disconnected,-1,-1,0,nan,nan
0,0.200057075,BIDIRECTIONAL_START_CAPTURE,0,0,0,2.7884001731872559,nan,nan,nan,0,0,-0.31906875967979431,0,33,0,1,disconnected,-1,-1,0,disconnected,-1,-1,0,nan,nan
0,0.21017291799999999,BIDIRECTIONAL_START_CAPTURE,0,0,0,2.7884001731872559,nan,nan,nan,0,0,-0.073631249368190765,0,33,0,1,disconnected,-1,-1,0,disconnected,-1,-1,0,nan,nan
0,0.22019691,BIDIRECTIONAL_START_CAPTURE,0,0,0,2.7884001731872559,nan,nan,nan,0,0,-0.17180624604225159,0,33,0,1,disconnected,-1,-1,0,disconnected,-1,-1,0,nan,nan
0,0.23019158200000001,BIDIRECTIONAL_START_CAPTURE,0,0,0,2.7884001731872559,nan,nan,nan,0,0,-0.024543749168515205,0,33,0,1,disconnected,-1,-1,0,disconnected,-1,-1,0,nan,nan
0,0.240193087,BIDIRECTIONAL_START_CAPTURE,0,0,0,2.7884001731872559,nan,nan,nan,0,0,-0.12271875143051147,0,33,0,1,disconnected,-1,-1,0,disconnected,-1,-1,0,nan,nan
0,0.25016135,BIDIRECTIONAL_START_CAPTURE,0,0,0,2.7885918617248535,nan,nan,nan,0,0,-0.36815625429153442,0,33,0,1,disconnected,-1,-1,0,disconnected,-1,-1,0,nan,nan
0,0.260056811,BIDIRECTIONAL_START_CAPTURE,0,0,0,2.7885918617248535,nan,nan,nan,0,0,0,0,33,0,1,disconnected,-1,-1,0,disconnected,-1,-1,0,nan,nan
0,0.27005725899999999,BIDIRECTIONAL_START_CAPTURE,0,0,0,2.7882082462310791,nan,nan,nan,0,0,-0.36815625429153442,0,33,0,1,disconnected,-1,-1,0,disconnected,-1,-1,0,nan,nan
0,0.28005705800000003,BIDIRECTIONAL_START_CAPTURE,0,0,0,2.7884001731872559,nan,nan,nan,0,0,-0.049087498337030411,0,33,0,1,disconnected,-1,-1,0,disconnected,-1,-1,0,nan,nan
0,0.290201826,BIDIRECTIONAL_START_CAPTURE,0,0,0,2.7885918617248535,nan,nan,nan,0,0,-0.024543749168515205,0,33,0,1,disconnected,-1,-1,0,disconnected,-1,-1,0,nan,nan
0,0.30005674999999998,BIDIRECTIONAL_START_CAPTURE,0,0,0,2.7885918617248535,nan,nan,nan,0,0,0.049087498337030411,0,33,0,1,disconnected,-1,-1,0,disconnected,-1,-1,0,nan,nan
0,0.31016542000000002,BIDIRECTIONAL_START_CAPTURE,0,0,0,2.7882082462310791,nan,nan,nan,0,0,-0.31906875967979431,0,33,0,1,disconnected,-1,-1,0,disconnected,-1,-1,0,nan,nan
0,0.32016056999999998,BIDIRECTIONAL_START_CAPTURE,0,0,0,2.7884001731872559,nan,nan,nan,0,0,-0.17180624604225159,0,33,0,1,disconnected,-1,-1,0,disconnected,-1,-1,0,nan,nan
0,0.33005697299999998,BIDIRECTIONAL_START_CAPTURE,0,0,0,2.7884001731872559,nan,nan,nan,0,0,-0.14726249873638153,0,33,0,1,disconnected,-1,-1,0,disconnected,-1,-1,0,nan,nan
0,0.340057308,BIDIRECTIONAL_START_CAPTURE,0,0,0,2.7884001731872559,nan,nan,nan,0,0,-0.098174996674060822,0,33,0,1,disconnected,-1,-1,0,disconnected,-1,-1,0,nan,nan
0,0.35005672799999998,BIDIRECTIONAL_START_CAPTURE,0,0,0,2.7884001731872559,nan,nan,nan,0,0,-0.12271875143051147,0,33,0,1,disconnected,-1,-1,0,disconnected,-1,-1,0,nan,nan
0,0.36005690800000001,BIDIRECTIONAL_START_CAPTURE,0,0,0,2.7885918617248535,nan,nan,nan,0,0,-0.049087498337030411,0,33,0,1,disconnected,-1,-1,0,disconnected,-1,-1,0,nan,nan
0,0.37025798799999998,BIDIRECTIONAL_START_CAPTURE,0,0,0,2.7885918617248535,nan,nan,nan,0,0,-0.073631249368190765,0,33,0,1,disconnected,-1,-1,0,disconnected,-1,-1,0,nan,nan
0,0.38009415899999999,BIDIRECTIONAL_START_CAPTURE,0,0,0,2.7882082462310791,nan,nan,nan,0,0,-0.41724374890327454,0,33,0,1,disconnected,-1,-1,0,disconnected,-1,-1,0,nan,nan
0,0.39005868599999999,BIDIRECTIONAL_START_CAPTURE,0,0,0,2.7884001731872559,nan,nan,nan,0,0,-0.024543749168515205,0,33,0,1,disconnected,-1,-1,0,disconnected,-1,-1,0,nan,nan
0,0.400057194,BIDIRECTIONAL_START_CAPTURE,0,0,0,2.7882082462310791,nan,nan,nan,0,0,-0.68722498416900635,0,33,0,1,disconnected,-1,-1,0,disconnected,-1,-1,0,nan,nan
0,0.41005683199999998,BIDIRECTIONAL_START_CAPTURE,0,0,0,2.7884001731872559,nan,nan,nan,0,0,-0.34361249208450317,0,33,0,1,disconnected,-1,-1,0,disconnected,-1,-1,0,nan,nan
0,0.42017178700000002,BIDIRECTIONAL_START_CAPTURE,0,0,0,2.7884001731872559,nan,nan,nan,0,0,-0.049087498337030411,0,33,0,1,disconnected,-1,-1,0,disconnected,-1,-1,0,nan,nan
0,0.43005727399999999,BIDIRECTIONAL_START_CAPTURE,0,0,0,2.7882082462310791,nan,nan,nan,0,0,-0.44178751111030579,0,33,0,1,disconnected,-1,-1,0,disconnected,-1,-1,0,nan,nan
0,0.44016702699999999,BIDIRECTIONAL_START_CAPTURE,0,0,0,2.7887835502624512,nan,nan,nan,0,0,0.41724374890327454,0,33,0,1,disconnected,-1,-1,0,disconnected,-1,-1,0,nan,nan
0,0.45005697700000002,BIDIRECTIONAL_START_CAPTURE,0,0,0,2.7885918617248535,nan,nan,nan,0,0,-0.024543749168515205,0,33,0,1,disconnected,-1,-1,0,disconnected,-1,-1,0,nan,nan
0,0.460167469,BIDIRECTIONAL_START_CAPTURE,0,0,0,2.7884001731872559,nan,nan,nan,0,0,-0.073631249368190765,0,33,0,1,disconnected,-1,-1,0,disconnected,-1,-1,0,nan,nan
0,0.47019315099999998,BIDIRECTIONAL_START_CAPTURE,0,0,0,2.7882082462310791,nan,nan,nan,0,0,-0.51541876792907715,0,33,0,1,disconnected,-1,-1,0,disconnected,-1,-1,0,nan,nan
0,0.48022899499999999,BIDIRECTIONAL_START_CAPTURE,0,0,0,2.7884001731872559,nan,nan,nan,0,0,-0.24543750286102295,0,33,0,1,disconnected,-1,-1,0,disconnected,-1,-1,0,nan,nan
0,0.490190652,BIDIRECTIONAL_START_CAPTURE,0,0,0,2.7884001731872559,nan,nan,nan,0,0,-0.56450623273849487,0,33,0,1,disconnected,-1,-1,0,disconnected,-1,-1,0,nan,nan
0,0.49179624999999999,SECOND_HOLD,1,2.7884001731872559,0,2.7882082462310791,-0.00019192695617675781,-3.0320214611375452e-05,-3.0320214611375452e-05,0,0,-0.46633124351501465,0,33,0,1,disconnected,-1,-1,0,disconnected,-1,-1,0,nan,nan
1,0.50185689300000003,SECOND_HOLD,1,2.7884001731872559,0,2.7885918617248535,0.00019168853759765625,3.0282549748504178e-05,3.0282549748504178e-05,0,0,-0.098174996674060822,0,33,0,1,disconnected,-1,-1,0,disconnected,-1,-1,0,10.060643000000036,0.060643000000036196
2,0.51196772999999995,SECOND_HOLD,1,2.7884001731872559,0,2.7885918617248535,0.00019168853759765625,3.0282549748504178e-05,3.0282549748504178e-05,0,0,-0.14726249873638153,0,33,0,1,disconnected,-1,-1,0,disconnected,-1,-1,0,10.110836999999929,0.11083699999992902
3,0.52188111500000001,SECOND_HOLD,1,2.7884001731872559,0,2.7885918617248535,0.00019168853759765625,3.0282549748504178e-05,3.0282549748504178e-05,0,0,-0.024543749168515205,0,33,0,1,disconnected,-1,-1,0,disconnected,-1,-1,0,9.9133850000000514,0.086614999999948594
4,0.53185059899999998,SECOND_HOLD,1,2.7884001731872559,0,2.7884001731872559,0,0,0,0.034943402913246206,0,-0.31906875967979431,0,33,0,1,disconnected,-1,-1,0,disconnected,-1,-1,0,9.9694839999999729,0.030516000000027077
5,0.54188894300000001,SECOND_HOLD,1,2.7884001731872559,0,2.7885918617248535,0.00019168853759765625,3.0282549748504178e-05,3.0282549748504178e-05,-0.017302096922868396,0,0,0,33,0,1,disconnected,-1,-1,0,disconnected,-1,-1,0,10.038344000000032,0.038344000000032352
6,0.55195588500000003,SECOND_HOLD,1,2.7884001731872559,0,2.7885918617248535,0.00019168853759765625,3.0282549748504178e-05,3.0282549748504178e-05,0.00010110778824091212,0,-0.24543750286102295,-0.00390625,33,0,1,disconnected,-1,-1,0,disconnected,-1,-1,0,10.066942000000022,0.066942000000022261
7,0.56198855800000003,SECOND_HOLD,1,2.7884001731872559,0,2.7885918617248535,0.00019168853759765625,3.0282549748504178e-05,3.0282549748504178e-05,0.017347616667800103,0,-0.24543750286102295,0,33,0,1,disconnected,-1,-1,0,disconnected,-1,-1,0,10.032672999999992,0.032672999999991958
8,0.57185455500000004,SECOND_HOLD,1,2.7884001731872559,0,2.7887835502624512,0.0003833770751953125,6.0565099497008357e-05,6.0565099497008357e-05,0.069259351211495637,0,0.34361249208450317,-0.00390625,33,0,1,disconnected,-1,-1,0,disconnected,-1,-1,0,9.8659970000000143,0.13400299999998566
9,0.58188105000000001,SECOND_HOLD,1,2.7884001731872559,0,2.7885918617248535,0.00019168853759765625,3.0282549748504178e-05,3.0282549748504178e-05,0.017288109432871786,0,0.024543749168515205,-0.00390625,33,0,1,disconnected,-1,-1,0,disconnected,-1,-1,0,10.026494999999969,0.026494999999968627
10,0.59190227699999998,SECOND_HOLD,1,2.7884001731872559,0,2.7885918617248535,0.00019168853759765625,3.0282549748504178e-05,3.0282549748504178e-05,-0.00010787969494201541,0.022099136924634298,0.024543749168515205,0.00390625,33,0,1,disconnected,-1,-1,0,disconnected,-1,-1,0,10.021226999999966,0.021226999999965912
11,0.60187429100000001,SECOND_HOLD,1,2.7884001731872559,0,2.7885918617248535,0.00019168853759765625,3.0282549748504178e-05,3.0282549748504178e-05,-0.017492793399110283,0.0063107023664128884,-0.024543749168515205,0,33,0,1,disconnected,-1,-1,0,disconnected,-1,-1,0,9.9720140000000299,0.02798599999997009
12,0.61190260299999999,SECOND_HOLD,1,2.7884001731872559,0,2.7885918617248535,0.00019168853759765625,3.0282549748504178e-05,3.0282549748504178e-05,-0.034688485631031295,0.0063135452493046614,-0.19634999334812164,0,33,0,1,disconnected,-1,-1,0,disconnected,-1,-1,0,10.028311999999984,0.028311999999983684
13,0.62198505500000001,SECOND_HOLD,1,2.7884001731872559,0,2.7887835502624512,0.0003833770751953125,6.0565099497008357e-05,6.0565099497008357e-05,0.034688301293550668,0.01419693531368495,0.12271875143051147,0,33,0,1,disconnected,-1,-1,0,disconnected,-1,-1,0,10.08245200000002,0.08245200000001951
14,0.63185029599999998,SECOND_HOLD,1,2.7884001731872559,0,2.7884001731872559,0,0,0,-0.017114302559340388,0.0047534912940773565,-0.36815625429153442,0,33,0,1,disconnected,-1,-1,0,disconnected,-1,-1,0,9.8652409999999691,0.13475900000003094
15,0.64199660700000005,SECOND_HOLD,1,2.7884001731872559,0,2.7887835502624512,0.0003833770751953125,6.0565099497008357e-05,6.0565099497008357e-05,0.017646102715120338,0.0031776847929334243,0.34361249208450317,0,33,0,1,disconnected,-1,-1,0,disconnected,-1,-1,0,10.146311000000075,0.14631100000007535
16,0.65200175199999999,SECOND_HOLD,1,2.7884001731872559,0,2.7887835502624512,0.0003833770751953125,6.0565099497008357e-05,6.0565099497008357e-05,0.034967821855617233,0.0079128192786566114,0.19634999334812164,0,33,0,1,disconnected,-1,-1,0,disconnected,-1,-1,0,10.005144999999938,0.0051449999999384488
17,0.66199314300000001,SECOND_HOLD,1,2.7884001731872559,0,2.7885918617248535,0.00019168853759765625,3.0282549748504178e-05,3.0282549748504178e-05,0.00034995722977104445,0.0031802379631269699,-0.22089375555515289,0,33,0,1,disconnected,-1,-1,0,disconnected,-1,-1,0,9.9913910000000161,0.0086089999999838795
18,0.671961315,SECOND_HOLD,1,2.7884001731872559,0,2.7885918617248535,0.00019168853759765625,3.0282549748504178e-05,3.0282549748504178e-05,0.017598626273915313,-0.0015408543244878864,0,0,33,0,1,disconnected,-1,-1,0,disconnected,-1,-1,0,9.9681719999999974,0.031828000000002632
19,0.681883774,SECOND_HOLD,1,2.7884001731872559,0,2.7887835502624512,0.0003833770751953125,6.0565099497008357e-05,6.0565099497008357e-05,-0.017477862888905706,0.01106055410366389,0.46633124351501465,0,33,0,1,disconnected,-1,-1,0,disconnected,-1,-1,0,9.9224589999999946,0.077541000000005411
20,0.69187495899999996,SECOND_HOLD,1,2.7884001731872559,0,2.7885918617248535,0.00019168853759765625,3.0282549748504178e-05,3.0282549748504178e-05,-0.017478028186674443,0.0063424287702233103,-0.17180624604225159,0,33,0,1,disconnected,-1,-1,0,disconnected,-1,-1,0,9.9911849999999589,0.0088150000000410955
21,0.70203444699999995,SECOND_HOLD,1,2.7884001731872559,0,2.7885918617248535,0.00019168853759765625,3.0282549748504178e-05,3.0282549748504178e-05,-0.00011409296108211056,0.0016058285680838902,-0.17180624604225159,0.00390625,33,0,1,disconnected,-1,-1,0,disconnected,-1,-1,0,10.159487999999994,0.1594879999999943
22,0.71198994999999998,SECOND_HOLD,1,2.7884001731872559,0,2.7885918617248535,0.00019168853759765625,3.0282549748504178e-05,3.0282549748504178e-05,-0.017390946901730455,-0.003126837539030806,0.12271875143051147,0.00390625,33,0,1,disconnected,-1,-1,0,disconnected,-1,-1,0,9.9555030000000322,0.044496999999967812
23,0.72189444199999997,SECOND_HOLD,1,2.7884001731872559,0,2.7884001731872559,0,0,0,-0.069230802087858798,-0.015742718712375526,-0.36815625429153442,0,33,0,1,disconnected,-1,-1,0,disconnected,-1,-1,0,9.904491999999987,0.095508000000013027
24,0.73189556099999997,SECOND_HOLD,1,2.7884001731872559,0,2.7884001731872559,0,0,0,-0.052004843026530835,-0.017319387710091685,0.024543749168515205,0,33,0,1,disconnected,-1,-1,0,disconnected,-1,-1,0,10.001119000000003,0.0011190000000027567
25,0.74189953799999997,SECOND_HOLD,1,2.7884001731872559,0,2.7885918617248535,0.00019168853759765625,3.0282549748504178e-05,3.0282549748504178e-05,-0.017310596637168781,-0.026840462109079519,0,0.00390625,33,0,1,disconnected,-1,-1,0,disconnected,-1,-1,0,10.003976999999997,0.0039769999999972327
26,0.75201374799999998,SECOND_HOLD,1,2.7884001731872559,0,2.7885918617248535,0.00019168853759765625,3.0282549748504178e-05,3.0282549748504178e-05,0.017483418320998756,-0.018925739931866498,0,0,33,0,1,disconnected,-1,-1,0,disconnected,-1,-1,0,10.114210000000012,0.11421000000001236
27,0.762064615,SECOND_HOLD,1,2.7884001731872559,0,2.7885918617248535,0.00019168853759765625,3.0282549748504178e-05,3.0282549748504178e-05,0.051778966547996429,-0.0094473803779614451,-0.24543750286102295,0,33,0,1,disconnected,-1,-1,0,disconnected,-1,-1,0,10.050867000000018,0.050867000000017981
28,0.77199920099999997,SECOND_HOLD,1,2.7884001731872559,0,2.7885918617248535,0.00019168853759765625,3.0282549748504178e-05,3.0282549748504178e-05,0.034579979590352999,-0.0078650277584832538,-0.22089375555515289,0.00390625,33,0,1,disconnected,-1,-1,0,disconnected,-1,-1,0,9.9345859999999675,0.065414000000032502
29,0.78186056599999998,SECOND_HOLD,1,2.7884001731872559,0,2.7884001731872559,0,0,0,-0.034578624705167746,-0.014162510795378598,-0.24543750286102295,0.0078125,33,0,1,disconnected,-1,-1,0,disconnected,-1,-1,0,9.8613650000000099,0.13863499999999007
30,0.79206876000000004,SECOND_HOLD,1,2.7884001731872559,0,2.7884001731872559,0,0,0,-0.052020804408121187,-0.009429809627422436,-0.26998123526573181,0,33,0,1,disconnected,-1,-1,0,disconnected,-1,-1,0,10.208194000000059,0.20819400000005928
31,0.80195506299999997,SECOND_HOLD,1,2.7884001731872559,0,2.7885918617248535,0.00019168853759765625,3.0282549748504178e-05,3.0282549748504178e-05,-0.017315217764138118,-0.0031278871012633816,-0.24543750286102295,0,33,0,1,disconnected,-1,-1,0,disconnected,-1,-1,0,9.8863029999999306,0.11369700000006944
32,0.81195496700000003,SECOND_HOLD,1,2.7884001731872559,0,2.7885918617248535,0.00019168853759765625,3.0282549748504178e-05,3.0282549748504178e-05,0.017358708813244764,0.0031729127738880664,-0.24543750286102295,0,33,0,1,disconnected,-1,-1,0,disconnected,-1,-1,0,9.9999040000000594,9.5999999940588054e-05
33,0.82204147500000002,SECOND_HOLD,1,2.7884001731872559,0,2.7884001731872559,0,0,0,0.017191481454205338,0.0015867927430198833,-0.19634999334812164,0.0078125,33,0,1,disconnected,-1,-1,0,disconnected,-1,-1,0,10.086507999999995,0.086507999999994922
34,0.83214022099999996,SECOND_HOLD,1,2.7884001731872559,0,2.7885918617248535,0.00019168853759765625,3.0282549748504178e-05,3.0282549748504178e-05,0.017191458016192561,1.4942972065797166e-05,0.049087498337030411,0.0078125,33,0,1,disconnected,-1,-1,0,disconnected,-1,-1,0,10.098745999999936,0.098745999999936274
35,0.84206133299999997,SECOND_HOLD,1,2.7884001731872559,0,2.7885918617248535,0.00019168853759765625,3.0282549748504178e-05,3.0282549748504178e-05,-1.8699102654553452e-05,-0.0031403292466501641,-0.24543750286102295,0.00390625,33,0,1,disconnected,-1,-1,0,disconnected,-1,-1,0,9.9211120000000097,0.078887999999990299
36,0.85199055099999998,SECOND_HOLD,1,2.7884001731872559,0,2.7885918617248535,0.00019168853759765625,3.0282549748504178e-05,3.0282549748504178e-05,0.017312223275179488,0.0015868375030809641,-0.22089375555515289,0,33,0,1,disconnected,-1,-1,0,disconnected,-1,-1,0,9.9292180000000165,0.070781999999983469
37,0.86206204900000005,SECOND_HOLD,1,2.7884001731872559,0,2.7887835502624512,0.0003833770751953125,6.0565099497008357e-05,6.0565099497008357e-05,0.069588418901707597,0.014195743014675469,0.41724374890327454,0.00390625,33,0,1,disconnected,-1,-1,0,disconnected,-1,-1,0,10.071498000000068,0.071498000000067563
38,0.87200423100000002,SECOND_HOLD,1,2.7884001731872559,0,2.7885918617248535,0.00019168853759765625,3.0282549748504178e-05,3.0282549748504178e-05,0.017463116317633708,0.017337556232488557,0.12271875143051147,0.00390625,33,0,1,disconnected,-1,-1,0,disconnected,-1,-1,0,9.942181999999967,0.05781800000003301
39,0.88185333600000004,SECOND_HOLD,1,2.7884001731872559,0,2.7882082462310791,-0.00019192695617675781,-3.0320214611375452e-05,-3.0320214611375452e-05,-0.069394991344848042,0.0047813829200825907,-0.61359375715255737,0,33,0,1,disconnected,-1,-1,0,disconnected,-1,-1,0,9.8491050000000246,0.15089499999997535
40,0.891939539,SECOND_HOLD,1,2.7884001731872559,0,2.7885918617248535,0.00019168853759765625,3.0282549748504178e-05,3.0282549748504178e-05,-0.051829582287817866,0.0016142219329137084,0.098174996674060822,0.00390625,33,0,1,disconnected,-1,-1,0,disconnected,-1,-1,0,10.08620299999996,0.086202999999960284
41,0.90199525800000002,SECOND_HOLD,1,2.7884001731872559,0,2.7885918617248535,0.00019168853759765625,3.0282549748504178e-05,3.0282549748504178e-05,-0.034269957817334565,-0.0031149872709447099,-0.31906875967979431,0.00390625,33,0,1,disconnected,-1,-1,0,disconnected,-1,-1,0,10.055719000000018,0.055719000000017616
42,0.91189718500000005,SECOND_HOLD,1,2.7884001731872559,0,2.7885918617248535,0.00019168853759765625,3.0282549748504178e-05,3.0282549748504178e-05,0.035066526767362632,4.401815387842536e-05,-0.22089375555515289,0,33,0,1,disconnected,-1,-1,0,disconnected,-1,-1,0,9.9019270000000326,0.098072999999967436
43,0.921923249,SECOND_HOLD,1,2.7884001731872559,0,2.7885918617248535,0.00019168853759765625,3.0282549748504178e-05,3.0282549748504178e-05,0.069546735529343623,0.0032116907494027245,-0.17180624604225159,0,33,0,1,disconnected,-1,-1,0,disconnected,-1,-1,0,10.026063999999945,0.026063999999944798
44,0.93185463199999996,SECOND_HOLD,1,2.7884001731872559,0,2.7884001731872559,0,0,0,-0.034752106536841715,-0.011019459115305601,-0.29452499747276306,0.0078125,33,0,1,disconnected,-1,-1,0,disconnected,-1,-1,0,9.9313829999999612,0.068617000000038786
45,0.94200257600000004,SECOND_HOLD,1,2.7884001731872559,0,2.7884001731872559,0,0,0,-0.052059353562255495,-0.015748521583050203,-0.24543750286102295,0.00390625,33,0,1,disconnected,-1,-1,0,disconnected,-1,-1,0,10.147944000000075,0.14794400000007535
46,0.95187700799999997,SECOND_HOLD,1,2.7884001731872559,0,2.7887835502624512,0.0003833770751953125,6.0565099497008357e-05,6.0565099497008357e-05,0.017216790521720576,-0.0031152966344495966,0.12271875143051147,-0.00390625,33,0,1,disconnected,-1,-1,0,disconnected,-1,-1,0,9.874431999999933,0.12556800000006696
47,0.96204769000000001,SECOND_HOLD,1,2.7884001731872559,0,2.7885918617248535,0.00019168853759765625,3.0282549748504178e-05,3.0282549748504178e-05,0.034445481427891278,4.9536283333922508e-05,-0.12271875143051147,0,33,0,1,disconnected,-1,-1,0,disconnected,-1,-1,0,10.170682000000042,0.17068200000004197
48,0.97191072000000001,SECOND_HOLD,1,2.7884001731872559,0,2.7884001731872559,0,0,0,0.017271747890634116,0.0047626495594391798,-0.24543750286102295,0,33,0,1,disconnected,-1,-1,0,disconnected,-1,-1,0,9.8630299999999949,0.13697000000000514
49,0.98185244100000002,SECOND_HOLD,1,2.7884001731872559,0,2.7884001731872559,0,0,0,-0.034908153572332658,0.0031900910277246411,-0.26998123526573181,0.00390625,33,0,1,disconnected,-1,-1,0,disconnected,-1,-1,0,9.9417210000000154,0.058278999999984649
50,0.991901755,SECOND_HOLD,1,2.7884001731872559,0,2.7884001731872559,0,0,0,-0.086921315118349649,-0.015775886727965819,-0.29452499747276306,0.00390625,33,0,1,disconnected,-1,-1,0,disconnected,-1,-1,0,10.049313999999976,0.049313999999975877
51,1.0020384309999999,SECOND_HOLD,1,2.7884001731872559,0,2.7885918617248535,0.00019168853759765625,3.0282549748504178e-05,3.0282549748504178e-05,0.00032237911057272098,-0.0094449769546791143,0,0,33,0,1,disconnected,-1,-1,0,disconnected,-1,-1,0,10.1366759999999,0.1366759999999001
52,1.0119395229999999,SECOND_HOLD,1,2.7884001731872559,0,2.7885918617248535,0.00019168853759765625,3.0282549748504178e-05,3.0282549748504178e-05,0.052007110940413527,-0.0031388379889592212,-0.24543750286102295,0,33,0,1,disconnected,-1,-1,0,disconnected,-1,-1,0,9.9010920000000002,0.098907999999999774
53,1.022066768,SECOND_HOLD,1,2.7884001731872559,0,2.7884001731872559,0,0,0,0.017290068914709595,-0.0047197293232736654,-0.58904999494552612,-0.00390625,33,0,1,disconnected,-1,-1,0,disconnected,-1,-1,0,10.127245000000062,0.12724500000006245
54,1.0318551730000001,SECOND_HOLD,1,2.7884001731872559,0,2.7885918617248535,0.00019168853759765625,3.0282549748504178e-05,3.0282549748504178e-05,0.017289434765502779,0.0031508424040939962,0.024543749168515205,0.00390625,33,0,1,disconnected,-1,-1,0,disconnected,-1,-1,0,9.788405000000111,0.21159499999988896
55,1.042009891,SECOND_HOLD,1,2.7884001731872559,0,2.7884001731872559,0,0,0,-0.034994835006834903,-0.0063211569203343613,-0.36815625429153442,0,33,0,1,disconnected,-1,-1,0,disconnected,-1,-1,0,10.154717999999896,0.15471799999989599
56,1.052065504,SECOND_HOLD,1,2.7884001731872559,0,2.7884001731872559,0,0,0,-0.034876422518469251,-0.015762083536562537,-0.58904999494552612,0,33,0,1,disconnected,-1,-1,0,disconnected,-1,-1,0,10.055613000000019,0.055613000000018786
57,1.0620032020000001,SECOND_HOLD,1,2.7884001731872559,0,2.7887835502624512,0.0003833770751953125,6.0565099497008357e-05,6.0565099497008357e-05,0.051723526288373928,0.0094588745593687865,0.12271875143051147,0,33,0,1,disconnected,-1,-1,0,disconnected,-1,-1,0,9.9376980000001058,0.062301999999894164
58,1.071997954,SECOND_HOLD,1,2.7884001731872559,0,2.7885918617248535,0.00019168853759765625,3.0282549748504178e-05,3.0282549748504178e-05,0.034359813464050246,0.017312024454003039,0.049087498337030411,0.00390625,33,0,1,disconnected,-1,-1,0,disconnected,-1,-1,0,9.9947519999998846,0.0052480000001153826
59,1.081853612,SECOND_HOLD,1,2.7884001731872559,0,2.7884001731872559,0,0,0,0.017563974821781739,0.0078898438963618187,-0.29452499747276306,0,33,0,1,disconnected,-1,-1,0,disconnected,-1,-1,0,9.8556579999999894,0.14434200000001063
60,1.0920434020000001,SECOND_HOLD,1,2.7884001731872559,0,2.7885918617248535,0.00019168853759765625,3.0282549748504178e-05,3.0282549748504178e-05,0.00013380382085513749,0.0063104462897398319,-0.36815625429153442,0,33,0,1,disconnected,-1,-1,0,disconnected,-1,-1,0,10.189790000000087,0.18979000000008739
61,1.102040025,SECOND_HOLD,1,2.7884001731872559,0,2.7887835502624512,0.0003833770751953125,6.0565099497008357e-05,6.0565099497008357e-05,0.00034959978873866084,0.011044986696922159,0.41724374890327454,0.00390625,33,0,1,disconnected,-1,-1,0,disconnected,-1,-1,0,9.9966229999999268,0.0033770000000732381
62,1.11204295,SECOND_HOLD,1,2.7884001731872559,0,2.7885918617248535,0.00019168853759765625,3.0282549748504178e-05,3.0282549748504178e-05,0.034831204818017589,0.014185680834873973,0.098174996674060822,0,33,0,1,disconnected,-1,-1,0,disconnected,-1,-1,0,10.002924999999996,0.0029249999999958476
63,1.1220538369999999,SECOND_HOLD,1,2.7884001731872559,0,2.7887835502624512,0.0003833770751953125,6.0565099497008357e-05,6.0565099497008357e-05,0.069251554708061533,0.025226830292999609,0.098174996674060822,0,33,0,1,disconnected,-1,-1,0,disconnected,-1,-1,0,10.010886999999968,0.010886999999968339
64,1.132046001,SECOND_HOLD,1,2.7884001731872559,0,2.7885918617248535,0.00019168853759765625,3.0282549748504178e-05,3.0282549748504178e-05,5.8553434552652571e-06,0.017339796490517728,-0.14726249873638153,0.00390625,33,0,1,disconnected,-1,-1,0,disconnected,-1,-1,0,9.9921640000000256,0.007835999999974419
65,1.1420123579999999,SECOND_HOLD,1,2.7884001731872559,0,2.7884001731872559,0,0,0,-0.069401305063907459,0.009484671924274983,-0.36815625429153442,0,33,0,1,disconnected,-1,-1,0,disconnected,-1,-1,0,9.9663569999999257,0.033643000000074252
66,1.151987434,SECOND_HOLD,1,2.7884001731872559,0,2.7885918617248535,0.00019168853759765625,3.0282549748504178e-05,3.0282549748504178e-05,-0.034735119157105983,0.0016028884066109151,0.073631249368190765,0,33,0,1,disconnected,-1,-1,0,disconnected,-1,-1,0,9.9750760000001382,0.024923999999861834
67,1.1620234760000001,SECOND_HOLD,1,2.7884001731872559,0,2.7885918617248535,0.00019168853759765625,3.0282549748504178e-05,3.0282549748504178e-05,-0.034711993636892854,-0.0078437594906673076,-0.19634999334812164,0,33,0,1,disconnected,-1,-1,0,disconnected,-1,-1,0,10.036042000000078,0.036042000000078289
68,1.172040449,SECOND_HOLD,1,2.7884001731872559,0,2.7887835502624512,0.0003833770751953125,6.0565099497008357e-05,6.0565099497008357e-05,0.052100478899242172,0.0079172508954350376,0.17180624604225159,0.00390625,33,0,1,disconnected,-1,-1,0,disconnected,-1,-1,0,10.016972999999929,0.016972999999929073
69,1.1818570820000001,SECOND_HOLD,1,2.7884001731872559,0,2.7884001731872559,0,0,0,0.017710689856996462,-0.0015129936263474082,-0.29452499747276306,0,33,0,1,disconnected,-1,-1,0,disconnected,-1,-1,0,9.816633000000019,0.18336699999998096
70,1.1919919919999999,SECOND_HOLD,1,2.7884001731872559,0,2.7885918617248535,0.00019168853759765625,3.0282549748504178e-05,3.0282549748504178e-05,-0.017085858082766525,-0.011023848890804164,-0.024543749168515205,-0.00390625,33,0,1,disconnected,-1,-1,0,disconnected,-1,-1,0,10.134909999999886,0.13490999999988595
71,1.201961804,SECOND_HOLD,1,2.7884001731872559,0,2.7885918617248535,0.00019168853759765625,3.0282549748504178e-05,3.0282549748504178e-05,-0.017090835294467879,-0.012604803740949527,0.12271875143051147,0,33,0,1,disconnected,-1,-1,0,disconnected,-1,-1,0,9.9698120000000223,0.030187999999977677
72,1.2118752349999999,SECOND_HOLD,1,2.7884001731872559,0,2.7884001731872559,0,0,0,-0.05184490660167964,-0.012602239996395544,-0.24543750286102295,0.00390625,33,0,1,disconnected,-1,-1,0,disconnected,-1,-1,0,9.9134309999999726,0.08656900000002743
73,1.2218550459999999,SECOND_HOLD,1,2.7884001731872559,0,2.7885918617248535,0.00019168853759765625,3.0282549748504178e-05,3.0282549748504178e-05,0.017538718265167154,-0.011030164373136723,-0.19634999334812164,-0.00390625,33,0,1,disconnected,-1,-1,0,disconnected,-1,-1,0,9.9798110000000051,0.020188999999994905
74,1.231864632,SECOND_HOLD,1,2.7884001731872559,0,2.7885918617248535,0.00019168853759765625,3.0282549748504178e-05,3.0282549748504178e-05,6.0306490562319792e-05,3.2880768266974442e-05,-0.19634999334812164,0,33,0,1,disconnected,-1,-1,0,disconnected,-1,-1,0,10.009586000000015,0.0095860000000147494
75,1.2418843429999999,SECOND_HOLD,1,2.7884001731872559,0,2.7885918617248535,0.00019168853759765625,3.0282549748504178e-05,3.0282549748504178e-05,0.017430716763534308,0.0031935787278357065,-0.24543750286102295,0,33,0,1,disconnected,-1,-1,0,disconnected,-1,-1,0,10.019710999999987,0.019710999999986711
76,1.251905335,SECOND_HOLD,1,2.7884001731872559,0,2.7884001731872559,0,0,0,-4.6301515182660641e-05,-0.0110317203479353,-0.36815625429153442,0.0078125,33,0,1,disconnected,-1,-1,0,disconnected,-1,-1,0,10.020992000000062,0.02099200000006185
77,1.2618920979999999,SECOND_HOLD,1,2.7884001731872559,0,2.7885918617248535,0.00019168853759765625,3.0282549748504178e-05,3.0282549748504178e-05,-0.01735419960593285,-0.0078685437316894421,0.024543749168515205,0,33,0,1,disconnected,-1,-1,0,disconnected,-1,-1,0,9.9867629999998986,0.013237000000101418
78,1.2719299470000001,SECOND_HOLD,1,2.7884001731872559,0,2.7885918617248535,0.00019168853759765625,3.0282549748504178e-05,3.0282549748504178e-05,-1.7413430466452459e-05,-0.0047026190269434612,-0.19634999334812164,0.00390625,33,0,1,disconnected,-1,-1,0,disconnected,-1,-1,0,10.037849000000154,0.03784900000015412
79,1.281851318,SECOND_HOLD,1,2.7884001731872559,0,2.7885918617248535,0.00019168853759765625,3.0282549748504178e-05,3.0282549748504178e-05,0.017342856464788552,0.0079008223876074375,-0.22089375555515289,0.00390625,33,0,1,disconnected,-1,-1,0,disconnected,-1,-1,0,9.9213709999999011,0.07862900000009887
80,1.2918838180000001,SECOND_HOLD,1,2.7884001731872559,0,2.7884001731872559,0,0,0,-7.2066656362380944e-06,-0.0047326095564128737,-0.26998123526573181,0,33,0,1,disconnected,-1,-1,0,disconnected,-1,-1,0,10.032500000000111,0.032500000000110774
81,1.301931969,SECOND_HOLD,1,2.7884001731872559,0,2.7884001731872559,0,0,0,-0.05205155932978163,-0.0078895831087844297,-0.19634999334812164,0.0078125,33,0,1,disconnected,-1,-1,0,disconnected,-1,-1,0,10.048150999999894,0.04815099999989414
82,1.311925362,SECOND_HOLD,1,2.7884001731872559,0,2.7885918617248535,0.00019168853759765625,3.0282549748504178e-05,3.0282549748504178e-05,-0.017337584024862473,-0.001580889550621239,-0.24543750286102295,0,33,0,1,disconnected,-1,-1,0,disconnected,-1,-1,0,9.9933930000000171,0.0066069999999829321
83,1.3219349949999999,SECOND_HOLD,1,2.7884001731872559,0,2.7884001731872559,0,0,0,-0.017337614920273435,-0.012613741047443713,-0.46633124351501465,0,33,0,1,disconnected,-1,-1,0,disconnected,-1,-1,0,10.009632999999907,0.0096329999999067439
84,1.3318592549999999,SECOND_HOLD,1,2.7884001731872559,0,2.7884001731872559,0,0,0,3.1749884434913948e-05,-0.014194071243986205,-0.26998123526573181,0,33,0,1,disconnected,-1,-1,0,disconnected,-1,-1,0,9.9242600000000181,0.075739999999981933
85,1.341946616,SECOND_HOLD,1,2.7884001731872559,0,2.7884001731872559,0,0,0,-0.01735338727016774,-0.014193407674674047,-0.31906875967979431,0,33,0,1,disconnected,-1,-1,0,disconnected,-1,-1,0,10.087361000000072,0.087361000000072409
86,1.352088363,SECOND_HOLD,1,2.7884001731872559,0,2.7882082462310791,-0.00019192695617675781,-3.0320214611375452e-05,-3.0320214611375452e-05,-0.069259142025127368,-0.020513528171589662,-0.24543750286102295,0.00390625,33,0,1,disconnected,-1,-1,0,disconnected,-1,-1,0,10.141747000000034,0.14174700000003426
87,1.3619837400000001,SECOND_HOLD,1,2.7884001731872559,0,2.7885918617248535,0.00019168853759765625,3.0282549748504178e-05,3.0282549748504178e-05,0.017035492238711061,-0.017351907916252594,0.098174996674060822,0.00390625,33,0,1,disconnected,-1,-1,0,disconnected,-1,-1,0,9.895377000000094,0.10462299999990599
88,1.372066062,SECOND_HOLD,1,2.7884001731872559,0,2.7887835502624512,0.0003833770751953125,6.0565099497008357e-05,6.0565099497008357e-05,0.08606067342802351,0.0015672927838062632,0.14726249873638153,0,33,0,1,disconnected,-1,-1,0,disconnected,-1,-1,0,10.082321999999921,0.082321999999921402
89,1.381902644,SECOND_HOLD,1,2.7884001731872559,0,2.7887835502624512,0.0003833770751953125,6.0565099497008357e-05,6.0565099497008357e-05,0.12146789833017879,0.018865430574213703,0.073631249368190765,0,33,0,1,disconnected,-1,-1,0,disconnected,-1,-1,0,9.8365819999999271,0.16341800000007289
90,1.391970776,SECOND_HOLD,1,2.7884001731872559,0,2.7885918617248535,0.00019168853759765625,3.0282549748504178e-05,3.0282549748504178e-05,0.086983388630445441,0.026761423039820854,-0.024543749168515205,0.0078125,33,0,1,disconnected,-1,-1,0,disconnected,-1,-1,0,10.068132000000007,0.068132000000007409
91,1.401966083,SECOND_HOLD,1,2.7884001731872559,0,2.7887835502624512,0.0003833770751953125,6.0565099497008357e-05,6.0565099497008357e-05,0.017397921125740522,0.033076502297172808,0.44178751111030579,0,33,0,1,disconnected,-1,-1,0,disconnected,-1,-1,0,9.9953070000000643,0.0046929999999356653
92,1.4119040300000001,SECOND_HOLD,1,2.7884001731872559,0,2.7885918617248535,0.00019168853759765625,3.0282549748504178e-05,3.0282549748504178e-05,-0.034796931700264509,0.028371007529075724,0,0.00390625,33,0,1,disconnected,-1,-1,0,disconnected,-1,-1,0,9.937947000000058,0.06205299999994196
93,1.4218867340000001,SECOND_HOLD,1,2.7884001731872559,0,2.7887835502624512,0.0003833770751953125,6.0565099497008357e-05,6.0565099497008357e-05,-3.9462074453056441e-05,0.039437710165978225,0.17180624604225159,0,33,0,1,disconnected,-1,-1,0,disconnected,-1,-1,0,9.9827040000000089,0.017295999999991096
94,1.431890793,SECOND_HOLD,1,2.7884001731872559,0,2.7887835502624512,0.0003833770751953125,6.0565099497008357e-05,6.0565099497008357e-05,0.034820057221021737,0.039458849995960277,0.14726249873638153,0,33,0,1,disconnected,-1,-1,0,disconnected,-1,-1,0,10.004058999999899,0.0040589999998985604
95,1.441935781,SECOND_HOLD,1,2.7884001731872559,0,2.7885918617248535,0.00019168853759765625,3.0282549748504178e-05,3.0282549748504178e-05,-0.017387400500863764,0.028420085879900286,0.024543749168515205,0.00390625,33,0,1,disconnected,-1,-1,0,disconnected,-1,-1,0,10.044987999999977,0.044987999999976935
96,1.451938263,SECOND_HOLD,1,2.7884001731872559,0,2.7885918617248535,0.00019168853759765625,3.0282549748504178e-05,3.0282549748504178e-05,-0.01738729701814638,0.015774771716299648,0,0,33,0,1,disconnected,-1,-1,0,disconnected,-1,-1,0,10.002481999999979,0.002481999999979223
97,1.4619348599999999,SECOND_HOLD,1,2.7884001731872559,0,2.7887835502624512,0.0003833770751953125,6.0565099497008357e-05,6.0565099497008357e-05,-0.017369134731446044,-2.2931498430352677e-06,0.14726249873638153,0,33,0,1,disconnected,-1,-1,0,disconnected,-1,-1,0,9.996596999999996,0.0034030000000040417
98,1.4718882790000001,SECOND_HOLD,1,2.7884001731872559,0,2.7885918617248535,0.00019168853759765625,3.0282549748504178e-05,3.0282549748504178e-05,-0.017369191758250354,-0.0094740728813108056,-0.24543750286102295,0,33,0,1,disconnected,-1,-1,0,disconnected,-1,-1,0,9.9534190000001299,0.046580999999870087
99,1.481891085,SECOND_HOLD,1,2.7884001731872559,0,2.7885918617248535,0.00019168853759765625,3.0282549748504178e-05,3.0282549748504178e-05,2.9937548981543755e-05,-0.0094724494462127187,0,0,33,0,1,disconnected,-1,-1,0,disconnected,-1,-1,0,10.00280599999992,0.0028059999999197061
100,1.491962985,SECOND_HOLD,1,2.7884001731872559,0,2.7885918617248535,0.00019168853759765625,3.0282549748504178e-05,3.0282549748504178e-05,-0.017328171500347704,-0.0078932088515607061,0.049087498337030411,0,33,0,1,disconnected,-1,-1,0,disconnected,-1,-1,0,10.071900000000023,0.071900000000022501
101,1.5019681650000001,SECOND_HOLD,1,2.7884001731872559,0,2.7885918617248535,0.00019168853759765625,3.0282549748504178e-05,3.0282549748504178e-05,-0.034593235338575105,-0.01419235344733652,-0.024543749168515205,0.00390625,33,0,1,disconnected,-1,-1,0,disconnected,-1,-1,0,10.005180000000058,0.0051800000000579161
102,1.511899302,SECOND_HOLD,1,2.7884001731872559,0,2.7884001731872559,0,0,0,-0.034593123662807007,-0.018918569458173416,-0.68722498416900635,0,33,0,1,disconnected,-1,-1,0,disconnected,-1,-1,0,9.9311369999999233,0.068863000000076724
103,1.5218851520000001,SECOND_HOLD,1,2.7884001731872559,0,2.7885918617248535,0.00019168853759765625,3.0282549748504178e-05,3.0282549748504178e-05,-0.017338472450209228,-0.022080551961668679,-0.19634999334812164,0,33,0,1,disconnected,-1,-1,0,disconnected,-1,-1,0,9.9858500000000738,0.014149999999926166
104,1.531953082,SECOND_HOLD,1,2.7884001731872559,0,2.7887835502624512,0.0003833770751953125,6.0565099497008357e-05,6.0565099497008357e-05,0.03486604751798477,-0.0078793047069572048,0.12271875143051147,0.00390625,33,0,1,disconnected,-1,-1,0,disconnected,-1,-1,0,10.067929999999947,0.067929999999947199
105,1.5419670670000001,SECOND_HOLD,1,2.7884001731872559,0,2.7885918617248535,0.00019168853759765625,3.0282549748504178e-05,3.0282549748504178e-05,0.034758481922849443,-0.0015675203529356473,-0.36815625429153442,0,33,0,1,disconnected,-1,-1,0,disconnected,-1,-1,0,10.013985000000059,0.013985000000058534
106,1.5518852869999999,SECOND_HOLD,1,2.7884001731872559,0,2.7885918617248535,0.00019168853759765625,3.0282549748504178e-05,3.0282549748504178e-05,0.034756886717862388,-0.0031446942044986458,-0.024543749168515205,0.00390625,33,0,1,disconnected,-1,-1,0,disconnected,-1,-1,0,9.9182199999998666,0.081780000000133413
107,1.561886356,SECOND_HOLD,1,2.7884001731872559,0,2.7887835502624512,0.0003833770751953125,6.0565099497008357e-05,6.0565099497008357e-05,0.017388271153499116,0.0031608718355652372,0.17180624604225159,0.00390625,33,0,1,disconnected,-1,-1,0,disconnected,-1,-1,0,10.001069000000085,0.0010690000000845856
108,1.5718907639999999,SECOND_HOLD,1,2.7884001731872559,0,2.7885918617248535,0.00019168853759765625,3.0282549748504178e-05,3.0282549748504178e-05,-0.01741088479327901,0.0094709866625017312,-0.24543750286102295,0,33,0,1,disconnected,-1,-1,0,disconnected,-1,-1,0,10.004407999999909,0.0044079999999091513
109,1.581889603,SECOND_HOLD,1,2.7884001731872559,0,2.7885918617248535,0.00019168853759765625,3.0282549748504178e-05,3.0282549748504178e-05,-3.0383811864093331e-05,0.0078974077996412789,-0.14726249873638153,0.00390625,33,0,1,disconnected,-1,-1,0,disconnected,-1,-1,0,9.9988390000000926,0.001160999999907375
110,1.591940058,SECOND_HOLD,1,2.7884001731872559,0,2.7885918617248535,0.00019168853759765625,3.0282549748504178e-05,3.0282549748504178e-05,-0.017332407598629182,0.006318345938988508,0.049087498337030411,0,33,0,1,disconnected,-1,-1,0,disconnected,-1,-1,0,10.050455000000014,0.050455000000013683
111,1.6019397,SECOND_HOLD,1,2.7884001731872559,0,2.7884001731872559,0,0,0,-0.069278705563907431,-0.0031555692441761138,-0.24543750286102295,0,33,0,1,disconnected,-1,-1,0,disconnected,-1,-1,0,9.9996419999999198,0.00035800000008023858
112,1.6118860070000001,SECOND_HOLD,1,2.7884001731872559,0,2.7884001731872559,0,0,0,-0.052022067488797057,-0.011038003233936833,-0.31906875967979431,0.0078125,33,0,1,disconnected,-1,-1,0,disconnected,-1,-1,0,9.9463070000000986,0.053692999999901403
113,1.6218879589999999,SECOND_HOLD,1,2.7884001731872559,0,2.7885918617248535,0.00019168853759765625,3.0282549748504178e-05,3.0282549748504178e-05,-0.017385036401720556,-0.01893346485444132,0.073631249368190765,0,33,0,1,disconnected,-1,-1,0,disconnected,-1,-1,0,10.00195199999987,0.0019519999998696136
114,1.63189048,SECOND_HOLD,1,2.7884001731872559,0,2.7885918617248535,0.00019168853759765625,3.0282549748504178e-05,3.0282549748504178e-05,0.017389121675250828,-0.018942000309459903,-0.36815625429153442,-0.00390625,33,0,1,disconnected,-1,-1,0,disconnected,-1,-1,0,10.002521000000097,0.002521000000097473
115,1.6419687169999999,SECOND_HOLD,1,2.7884001731872559,0,2.7887835502624512,0.0003833770751953125,6.0565099497008357e-05,6.0565099497008357e-05,0.08674409017301328,-0.0015724829250704871,0.17180624604225159,0,33,0,1,disconnected,-1,-1,0,disconnected,-1,-1,0,10.078236999999879,0.078236999999878876
116,1.6519692589999999,SECOND_HOLD,1,2.7884001731872559,0,2.7885918617248535,0.00019168853759765625,3.0282549748504178e-05,3.0282549748504178e-05,0.051938121502217938,-0.0015707219253295527,0.073631249368190765,0,33,0,1,disconnected,-1,-1,0,disconnected,-1,-1,0,10.000542000000001,0.00054200000000115267
117,1.6618927370000001,SECOND_HOLD,1,2.7884001731872559,0,2.7885918617248535,0.00019168853759765625,3.0282549748504178e-05,3.0282549748504178e-05,8.1207100233984317e-05,-0.0015714604415937273,0.024543749168515205,0,33,0,1,disconnected,-1,-1,0,disconnected,-1,-1,0,9.9234780000001521,0.076521999999847878
118,1.671899662,SECOND_HOLD,1,2.7884001731872559,0,2.7885918617248535,0.00019168853759765625,3.0282549748504178e-05,3.0282549748504178e-05,-0.017293143509461744,0.0078926722094470794,-0.24543750286102295,0,33,0,1,disconnected,-1,-1,0,disconnected,-1,-1,0,10.006924999999889,0.0069249999998888256
119,1.6818531539999999,SECOND_HOLD,1,2.7884001731872559,0,2.7887835502624512,0.0003833770751953125,6.0565099497008357e-05,6.0565099497008357e-05,-2.0144609938701423e-05,0.017357489300181456,0.098174996674060822,0,33,0,1,disconnected,-1,-1,0,disconnected,-1,-1,0,9.9534919999999527,0.046508000000047289
120,1.6919632419999999,SECOND_HOLD,1,2.7884001731872559,0,2.7884001731872559,0,0,0,-0.017559587409080719,0.0094578565720915154,-0.24543750286102295,0,33,0,1,disconnected,-1,-1,0,disconnected,-1,-1,0,10.110088000000017,0.11008800000001706
121,1.70197428,SECOND_HOLD,1,2.7884001731872559,0,2.7884001731872559,0,0,0,-0.052106175660721461,0.0031369908675541697,-0.36815625429153442,0,33,0,1,disconnected,-1,-1,0,disconnected,-1,-1,0,10.011038000000028,0.011038000000027637
122,1.7118864110000001,SECOND_HOLD,1,2.7884001731872559,0,2.7887835502624512,0.0003833770751953125,6.0565099497008357e-05,6.0565099497008357e-05,-0.00034281528096771584,0.0047115326334800471,0.14726249873638153,0,33,0,1,disconnected,-1,-1,0,disconnected,-1,-1,0,9.9121310000001017,0.087868999999898278
123,1.7218866079999999,SECOND_HOLD,1,2.7884001731872559,0,2.7885918617248535,0.00019168853759765625,3.0282549748504178e-05,3.0282549748504178e-05,-0.00034353203418072348,-0.0047553399732366023,-0.14726249873638153,0,33,0,1,disconnected,-1,-1,0,disconnected,-1,-1,0,10.000196999999877,0.00019699999987743411
124,1.7318529009999999,SECOND_HOLD,1,2.7884001731872559,0,2.7884001731872559,0,0,0,0.017320809151698199,-0.014222809704705656,-0.29452499747276306,0,33,0,1,disconnected,-1,-1,0,disconnected,-1,-1,0,9.9662929999999594,0.033707000000040566
125,1.7419380870000001,SECOND_HOLD,1,2.7884001731872559,0,2.7885918617248535,0.00019168853759765625,3.0282549748504178e-05,3.0282549748504178e-05,-5.7573827482472957e-05,-0.014222916811924283,0.073631249368190765,0.00390625,33,0,1,disconnected,-1,-1,0,disconnected,-1,-1,0,10.08518600000019,0.085186000000190276
126,1.751890336,SECOND_HOLD,1,2.7884001731872559,0,2.7884001731872559,0,0,0,-0.069260985089791421,-0.012646180011157122,-0.36815625429153442,0,33,0,1,disconnected,-1,-1,0,disconnected,-1,-1,0,9.9522489999999131,0.047751000000086918
127,1.7618840769999999,SECOND_HOLD,1,2.7884001731872559,0,2.7885918617248535,0.00019168853759765625,3.0282549748504178e-05,3.0282549748504178e-05,6.5137973658532255e-05,-0.0094879311004127595,0.098174996674060822,0,33,0,1,disconnected,-1,-1,0,disconnected,-1,-1,0,9.9937409999999449,0.0062590000000550816
128,1.771918514,SECOND_HOLD,1,2.7884001731872559,0,2.7885918617248535,0.00019168853759765625,3.0282549748504178e-05,3.0282549748504178e-05,0.034734778607581458,-0.0063314511963533503,0.098174996674060822,0.00390625,33,0,1,disconnected,-1,-1,0,disconnected,-1,-1,0,10.034437000000063,0.034437000000062667
129,1.7818537759999999,SECOND_HOLD,1,2.7884001731872559,0,2.7885918617248535,0.00019168853759765625,3.0282549748504178e-05,3.0282549748504178e-05,0.017410944109350599,-0.0031791219635042209,-0.24543750286102295,0,33,0,1,disconnected,-1,-1,0,disconnected,-1,-1,0,9.9352619999999447,0.064738000000055251
130,1.7919624279999999,SECOND_HOLD,1,2.7884001731872559,0,2.7885918617248535,0.00019168853759765625,3.0282549748504178e-05,3.0282549748504178e-05,0.034642046935648992,0.0094599856007898282,-0.22089375555515289,0.00390625,33,0,1,disconnected,-1,-1,0,disconnected,-1,-1,0,10.108651999999996,0.10865199999999575
131,1.801975321,SECOND_HOLD,1,2.7884001731872559,0,2.7884001731872559,0,0,0,-0.03464204764769354,-0.0031645028349260992,0,0,33,0,1,disconnected,-1,-1,0,disconnected,-1,-1,0,10.012893000000078,0.012893000000078203
132,1.8118861260000001,SECOND_HOLD,1,2.7884001731872559,0,2.7884001731872559,0,0,0,-0.052032125273013666,-0.015759146962546978,-0.24543750286102295,0,33,0,1,disconnected,-1,-1,0,disconnected,-1,-1,0,9.910805000000078,0.089194999999921976
133,1.821920539,SECOND_HOLD,1,2.7884001731872559,0,2.7885918617248535,0.00019168853759765625,3.0282549748504178e-05,3.0282549748504178e-05,-0.017369031970557572,-0.0015726145184232845,-0.24543750286102295,0,33,0,1,disconnected,-1,-1,0,disconnected,-1,-1,0,10.034412999999853,0.034412999999853255
134,1.831852826,SECOND_HOLD,1,2.7884001731872559,0,2.7885918617248535,0.00019168853759765625,3.0282549748504178e-05,3.0282549748504178e-05,0.017406696263770442,0.0047320126323432722,-0.14726249873638153,0,33,0,1,disconnected,-1,-1,0,disconnected,-1,-1,0,9.9322870000000396,0.067712999999960388
135,1.841967492,SECOND_HOLD,1,2.7884001731872559,0,2.7884001731872559,0,0,0,0.01725010932387696,-0.0063176698602751286,-0.24543750286102295,0,33,0,1,disconnected,-1,-1,0,disconnected,-1,-1,0,10.114665999999994,0.11466599999999438
136,1.8518851949999999,SECOND_HOLD,1,2.7884001731872559,0,2.7885918617248535,0.00019168853759765625,3.0282549748504178e-05,3.0282549748504178e-05,0.017250356649615658,-1.3267068966400833e-05,0,0,33,0,1,disconnected,-1,-1,0,disconnected,-1,-1,0,9.9177029999999444,0.082297000000055576
137,1.8618900899999999,SECOND_HOLD,1,2.7884001731872559,0,2.7885918617248535,0.00019168853759765625,3.0282549748504178e-05,3.0282549748504178e-05,-0.00011156417236239399,-0.0031710527041352858,-0.049087498337030411,0,33,0,1,disconnected,-1,-1,0,disconnected,-1,-1,0,10.004895000000014,0.0048950000000136384
138,1.871889379,SECOND_HOLD,1,2.7884001731872559,0,2.7885918617248535,0.00019168853759765625,3.0282549748504178e-05,3.0282549748504178e-05,0.017229665588539295,0.0015621614157978448,0.073631249368190765,-0.00390625,33,0,1,disconnected,-1,-1,0,disconnected,-1,-1,0,9.9992890000000223,0.00071099999997770169
139,1.8818529980000001,SECOND_HOLD,1,2.7884001731872559,0,2.7885918617248535,0.00019168853759765625,3.0282549748504178e-05,3.0282549748504178e-05,0.0347349138787275,0.0062963235848086437,-0.17180624604225159,0.00390625,33,0,1,disconnected,-1,-1,0,disconnected,-1,-1,0,9.9636190000000902,0.036380999999909847
140,1.8919686179999999,SECOND_HOLD,1,2.7884001731872559,0,2.7885918617248535,0.00019168853759765625,3.0282549748504178e-05,3.0282549748504178e-05,0,0.011037015857751383,-0.24543750286102295,0,33,0,1,disconnected,-1,-1,0,disconnected,-1,-1,0,10.115619999999881,0.11561999999988082
141,1.901970114,SECOND_HOLD,1,2.7884001731872559,0,2.7884001731872559,0,0,0,-0.034632068991899231,0.0078629486747351408,-0.34361249208450317,0.00390625,33,0,1,disconnected,-1,-1,0,disconnected,-1,-1,0,10.00149600000011,0.0014960000001096319
142,1.9118950889999999,SECOND_HOLD,1,2.7884001731872559,0,2.7884001731872559,0,0,0,-0.051977934201152654,-0.0031667890350808941,-0.26998123526573181,0,33,0,1,disconnected,-1,-1,0,disconnected,-1,-1,0,9.9249749999998915,0.075025000000108477
143,1.9218871369999999,SECOND_HOLD,1,2.7884001731872559,0,2.7885918617248535,0.00019168853759765625,3.0282549748504178e-05,3.0282549748504178e-05,-0.017414065396940646,-0.0063252117163317837,0,0.00390625,33,0,1,disconnected,-1,-1,0,disconnected,-1,-1,0,9.9920479999999756,0.007952000000024384
144,1.931852933,SECOND_HOLD,1,2.7884001731872559,0,2.7885918617248535,0.00019168853759765625,3.0282549748504178e-05,3.0282549748504178e-05,0.017397963529304106,-0.0015978967779853104,-0.22089375555515289,0,33,0,1,disconnected,-1,-1,0,disconnected,-1,-1,0,9.9657960000001378,0.034203999999862233
145,1.941965207,SECOND_HOLD,1,2.7884001731872559,0,2.7887835502624512,0.0003833770751953125,6.0565099497008357e-05,6.0565099497008357e-05,0.086866949566938689,0.011034618898610724,0.12271875143051147,0.00390625,33,0,1,disconnected,-1,-1,0,disconnected,-1,-1,0,10.112273999999921,0.11227399999992116
146,1.951967341,SECOND_HOLD,1,2.7884001731872559,0,2.7885918617248535,0.00019168853759765625,3.0282549748504178e-05,3.0282549748504178e-05,0.051941776432480602,0.0047286294010143856,0.024543749168515205,0.00390625,33,0,1,disconnected,-1,-1,0,disconnected,-1,-1,0,10.002134000000051,0.0021340000000513726
147,1.961886617,SECOND_HOLD,1,2.7884001731872559,0,2.7884001731872559,0,0,0,-0.034486327302495269,-0.0015707101860923374,-0.34361249208450317,0,33,0,1,disconnected,-1,-1,0,disconnected,-1,-1,0,9.9192759999999769,0.080724000000023111
148,1.9718850059999999,SECOND_HOLD,1,2.7884001731872559,0,2.7884001731872559,0,0,0,-0.069239559204570547,-0.00629899640374737,-0.34361249208450317,0.00390625,33,0,1,disconnected,-1,-1,0,disconnected,-1,-1,0,9.9983889999999409,0.0016110000000590929
149,1.981853549,SECOND_HOLD,1,2.7884001731872559,0,2.7885918617248535,0.00019168853759765625,3.0282549748504178e-05,3.0282549748504178e-05,-0.052187933582662931,-0.0015702361409882229,0.098174996674060822,0.00390625,33,0,1,disconnected,-1,-1,0,disconnected,-1,-1,0,9.9685430000000519,0.03145699999994811
150,1.9918882229999999,SECOND_HOLD,1,2.7884001731872559,0,2.7887835502624512,0.0003833770751953125,6.0565099497008357e-05,6.0565099497008357e-05,0.052273614695775086,0.011063131287378026,0.14726249873638153,0,33,0,1,disconnected,-1,-1,0,disconnected,-1,-1,0,10.03467399999991,0.034673999999910166
151,2.001888847,SECOND_HOLD,1,2.7884001731872559,0,2.7885918617248535,0.00019168853759765625,3.0282549748504178e-05,3.0282549748504178e-05,0.069386653526204684,0.014213896130775555,-0.34361249208450317,0,33,0,1,disconnected,-1,-1,0,disconnected,-1,-1,0,10.000624000000125,0.00062400000012452495
152,2.0119610570000002,SECOND_HOLD,1,2.7884001731872559,0,2.7884001731872559,0,0,0,-0.00010804202120870728,4.9355607011450039e-06,-0.29452499747276306,0.00390625,33,0,1,disconnected,-1,-1,0,disconnected,-1,-1,0,10.072210000000137,0.072210000000136887
153,2.02197088,SECOND_HOLD,1,2.7884001731872559,0,2.7885918617248535,0.00019168853759765625,3.0282549748504178e-05,3.0282549748504178e-05,-0.034614382070555512,-0.0062995660530055959,0.049087498337030411,0,33,0,1,disconnected,-1,-1,0,disconnected,-1,-1,0,10.009822999999862,0.0098229999998622475
154,2.031853157,SECOND_HOLD,1,2.7884001731872559,0,2.7887835502624512,0.0003833770751953125,6.0565099497008357e-05,6.0565099497008357e-05,-0.00022916179586244693,0.0031504636466679293,0.12271875143051147,0,33,0,1,disconnected,-1,-1,0,disconnected,-1,-1,0,9.8822769999999949,0.11772300000000513
155,2.0418872609999998,SECOND_HOLD,1,2.7884001731872559,0,2.7885918617248535,0.00019168853759765625,3.0282549748504178e-05,3.0282549748504178e-05,0.034590510754754548,0.003152865753050617,-0.24543750286102295,0,33,0,1,disconnected,-1,-1,0,disconnected,-1,-1,0,10.034103999999822,0.03410399999982161
156,2.0519649969999998,SECOND_HOLD,1,2.7884001731872559,0,2.7884001731872559,0,0,0,-0.00025270407996269209,0.0047086561253927911,-0.31906875967979431,0.00390625,33,0,1,disconnected,-1,-1,0,disconnected,-1,-1,0,10.077735999999948,0.077735999999948291
157,2.0619679080000002,SECOND_HOLD,1,2.7884001731872559,0,2.7884001731872559,0,0,0,-0.069516257398881939,-3.0693076996447005e-05,-0.31906875967979431,0.00390625,33,0,1,disconnected,-1,-1,0,disconnected,-1,-1,0,10.002911000000392,0.0029110000003917946
158,2.0719391740000002,SECOND_HOLD,1,2.7884001731872559,0,2.7885918617248535,0.00019168853759765625,3.0282549748504178e-05,3.0282549748504178e-05,-0.052061077197977784,-0.0047575326623629961,0.049087498337030411,0,33,0,1,disconnected,-1,-1,0,disconnected,-1,-1,0,9.9712659999999786,0.028734000000021354
159,2.0818537359999998,SECOND_HOLD,1,2.7884001731872559,0,2.7885918617248535,0.00019168853759765625,3.0282549748504178e-05,3.0282549748504178e-05,0.017230332391513937,-0.011071903027885566,0.12271875143051147,0.0078125,33,0,1,disconnected,-1,-1,0,disconnected,-1,-1,0,9.9145619999996271,0.085438000000372938
160,2.091887115,SECOND_HOLD,1,2.7884001731872559,0,2.7885918617248535,0.00019168853759765625,3.0282549748504178e-05,3.0282549748504178e-05,0.052180827856614397,-0.0095032968741454969,0,0,33,0,1,disconnected,-1,-1,0,disconnected,-1,-1,0,10.033379000000231,0.033379000000230974
161,2.101889764,SECOND_HOLD,1,2.7884001731872559,0,2.7885918617248535,0.00019168853759765625,3.0282549748504178e-05,3.0282549748504178e-05,0.034740978748503751,0.0015451392333895504,-0.14726249873638153,0.00390625,33,0,1,disconnected,-1,-1,0,disconnected,-1,-1,0,10.00264900000003,0.0026490000000300995
162,2.1118894199999998,SECOND_HOLD,1,2.7884001731872559,0,2.7885918617248535,0.00019168853759765625,3.0282549748504178e-05,3.0282549748504178e-05,0,0.0047044748488592547,-0.17180624604225159,0,33,0,1,disconnected,-1,-1,0,disconnected,-1,-1,0,9.9996559999997459,0.00034400000025414101
163,2.1218838990000002,SECOND_HOLD,1,2.7884001731872559,0,2.7884001731872559,0,0,0,-0.034663193455623076,-0.0094968037437388863,0.024543749168515205,0.00390625,33,0,1,disconnected,-1,-1,0,disconnected,-1,-1,0,9.9944790000003891,0.005520999999610865
164,2.1318531030000001,SECOND_HOLD,1,2.7884001731872559,0,2.7884001731872559,0,0,0,-0.052086596811912078,-0.014227276687212919,-0.26998123526573181,0,33,0,1,disconnected,-1,-1,0,disconnected,-1,-1,0,9.9692039999998983,0.030796000000101742
165,2.141996641,SECOND_HOLD,1,2.7884001731872559,0,2.7885918617248535,0.00019168853759765625,3.0282549748504178e-05,3.0282549748504178e-05,-0.01717127309539792,-4.5459912385128886e-06,-0.22089375555515289,0,33,0,1,disconnected,-1,-1,0,disconnected,-1,-1,0,10.143537999999896,0.14353799999989647
166,2.1519085040000001,SECOND_HOLD,1,2.7884001731872559,0,2.7885918617248535,0.00019168853759765625,3.0282549748504178e-05,3.0282549748504178e-05,0.017429027017976453,0.0063101444093841301,-0.19634999334812164,0,33,0,1,disconnected,-1,-1,0,disconnected,-1,-1,0,9.9118630000001318,0.088136999999868237
167,2.1619399869999998,SECOND_HOLD,1,2.7884001731872559,0,2.7885918617248535,0.00019168853759765625,3.0282549748504178e-05,3.0282549748504178e-05,0.052043121927030617,0.0031580466084647732,0.024543749168515205,0,33,0,1,disconnected,-1,-1,0,disconnected,-1,-1,0,10.031482999999675,0.031482999999674632
168,2.1718886589999999,SECOND_HOLD,1,2.7884001731872559,0,2.7885918617248535,0.00019168853759765625,3.0282549748504178e-05,3.0282549748504178e-05,0.034802293293304497,-0.0015655787509879955,0.024543749168515205,0,33,0,1,disconnected,-1,-1,0,disconnected,-1,-1,0,9.9486720000001583,0.051327999999841722
169,2.181866072,SECOND_HOLD,1,2.7884001731872559,0,2.7885918617248535,0.00019168853759765625,3.0282549748504178e-05,3.0282549748504178e-05,0,0.0015849630804877436,0.049087498337030411,0.00390625,33,0,1,disconnected,-1,-1,0,disconnected,-1,-1,0,9.9774130000001016,0.022586999999898438
170,2.191998919,SECOND_HOLD,1,2.7884001731872559,0,2.7884001731872559,0,0,0,-0.034762728951022524,-0.0031523181221819459,-0.34361249208450317,0.00390625,33,0,1,disconnected,-1,-1,0,disconnected,-1,-1,0,10.132846999999945,0.13284699999994487
171,2.2018908750000001,SECOND_HOLD,1,2.7884001731872559,0,2.7885918617248535,0.00019168853759765625,3.0282549748504178e-05,3.0282549748504178e-05,-0.01748851906542075,0.0015750547234530501,-0.22089375555515289,0,33,0,1,disconnected,-1,-1,0,disconnected,-1,-1,0,9.8919560000001461,0.10804399999985392
172,2.2118853920000001,SECOND_HOLD,1,2.7884001731872559,0,2.7884001731872559,0,0,0,-0.034813658050371489,-0.0015743974556628559,-0.58904999494552612,0,33,0,1,disconnected,-1,-1,0,disconnected,-1,-1,0,9.9945169999999806,0.0054830000000194445
173,2.221885967,SECOND_HOLD,1,2.7884001731872559,0,2.7887835502624512,0.0003833770751953125,6.0565099497008357e-05,6.0565099497008357e-05,0.034590682348484142,0.012618874859310623,0.34361249208450317,0,33,0,1,disconnected,-1,-1,0,disconnected,-1,-1,0,10.000574999999845,0.00057499999984500505
174,2.2319010110000002,SECOND_HOLD,1,2.7884001731872559,0,2.7884001731872559,0,0,0,0.017290627687824914,-3.3232501822423488e-06,-0.36815625429153442,0,33,0,1,disconnected,-1,-1,0,disconnected,-1,-1,0,10.015044000000195,0.015044000000195012
175,2.241851531,SECOND_HOLD,1,2.7884001731872559,0,2.7885918617248535,0.00019168853759765625,3.0282549748504178e-05,3.0282549748504178e-05,-3.0368540961090852e-05,-0.0047521630031813191,-0.19634999334812164,0,33,0,1,disconnected,-1,-1,0,disconnected,-1,-1,0,9.9505199999998517,0.049480000000148294
176,2.2518502040000001,SECOND_HOLD,1,2.7884001731872559,0,2.7887835502624512,0.0003833770751953125,6.0565099497008357e-05,6.0565099497008357e-05,0.052073764454239585,0.0062931131839428413,0.22089375555515289,0.00390625,33,0,1,disconnected,-1,-1,0,disconnected,-1,-1,0,9.9986730000001245,0.0013269999998755111
177,2.2619567109999998,SECOND_HOLD,1,2.7884001731872559,0,2.7882082462310791,-0.00019192695617675781,-3.0320214611375452e-05,-3.0320214611375452e-05,-0.069647186518612084,-0.0079417505554918479,-0.78539997339248657,0.00390625,33,0,1,disconnected,-1,-1,0,disconnected,-1,-1,0,10.106506999999709,0.10650699999970925
178,2.271971653,SECOND_HOLD,1,2.7884001731872559,0,2.7885918617248535,0.00019168853759765625,3.0282549748504178e-05,3.0282549748504178e-05,-0.00028364392028249754,-0.0032003428374335037,-0.31906875967979431,0.00390625,33,0,1,disconnected,-1,-1,0,disconnected,-1,-1,0,10.014942000000193,0.01494200000019319
179,2.2818554190000002,SECOND_HOLD,1,2.7884001731872559,0,2.7884001731872559,0,0,0,-0.052132366306826237,-0.0063495980434760645,-0.36815625429153442,0,33,0,1,disconnected,-1,-1,0,disconnected,-1,-1,0,9.8837660000001826,0.11623399999981743
180,2.292008778,SECOND_HOLD,1,2.7884001731872559,0,2.7885918617248535,0.00019168853759765625,3.0282549748504178e-05,3.0282549748504178e-05,-0.017360558656473665,-2.9328620255341925e-05,-0.24543750286102295,0,33,0,1,disconnected,-1,-1,0,disconnected,-1,-1,0,10.153358999999806,0.1533589999998064
181,2.3019567479999998,SECOND_HOLD,1,2.7884001731872559,0,2.7884001731872559,0,0,0,0.034846163973703173,-0.011044790033221851,-0.51541876792907715,0,33,0,1,disconnected,-1,-1,0,disconnected,-1,-1,0,9.9479699999998061,0.052030000000193866
182,2.3118921010000002,SECOND_HOLD,1,2.7884001731872559,0,2.7884001731872559,0,0,0,-0.034555769092913823,-0.012619166519845968,-0.24543750286102295,0.00390625,33,0,1,disconnected,-1,-1,0,disconnected,-1,-1,0,9.9353530000003687,0.064646999999631305
183,2.3219304680000001,SECOND_HOLD,1,2.7884001731872559,0,2.7884001731872559,0,0,0,-0.017199951399265459,-0.022073850696727498,-0.29452499747276306,0,33,0,1,disconnected,-1,-1,0,disconnected,-1,-1,0,10.038366999999937,0.038366999999936979
184,2.3318627969999999,SECOND_HOLD,1,2.7884001731872559,0,2.7885918617248535,0.00019168853759765625,3.0282549748504178e-05,3.0282549748504178e-05,1.9588702592099273e-05,-0.0047451388829742001,0.049087498337030411,0.00390625,33,0,1,disconnected,-1,-1,0,disconnected,-1,-1,0,9.9323289999997399,0.067671000000260051
185,2.3419824490000001,SECOND_HOLD,1,2.7884001731872559,0,2.7885918617248535,0.00019168853759765625,3.0282549748504178e-05,3.0282549748504178e-05,0.052020449392939379,-0.0047367313326591763,0,0,33,0,1,disconnected,-1,-1,0,disconnected,-1,-1,0,10.119652000000201,0.11965200000020104
186,2.35194693,SECOND_HOLD,1,2.7884001731872559,0,2.7885918617248535,0.00019168853759765625,3.0282549748504178e-05,3.0282549748504178e-05,0.051924033190567681,0.0031521176426664186,-0.24543750286102295,0,33,0,1,disconnected,-1,-1,0,disconnected,-1,-1,0,9.964480999999914,0.03551900000008601
187,2.3619705199999999,SECOND_HOLD,1,2.7884001731872559,0,2.7885918617248535,0.00019168853759765625,3.0282549748504178e-05,3.0282549748504178e-05,0.034601450242112801,0.020527829654121529,-0.24543750286102295,0.00390625,33,0,1,disconnected,-1,-1,0,disconnected,-1,-1,0,10.02358999999986,0.023589999999860112
188,2.3719085560000002,SECOND_HOLD,1,2.7884001731872559,0,2.7882082462310791,-0.00019192695617675781,-3.0320214611375452e-05,-3.0320214611375452e-05,-0.069245548251296155,-0.0047168724181883559,-0.7608562707901001,-0.00390625,33,0,1,disconnected,-1,-1,0,disconnected,-1,-1,0,9.9380360000003165,0.061963999999683494
189,2.3818590240000002,SECOND_HOLD,1,2.7884001731872559,0,2.7884001731872559,0,0,0,-0.069604614902142523,-0.0031377542802496195,-0.31906875967979431,0,33,0,1,disconnected,-1,-1,0,disconnected,-1,-1,0,9.9504679999999901,0.049532000000009901
190,2.3919299810000001,SECOND_HOLD,1,2.7884001731872559,0,2.7885918617248535,0.00019168853759765625,3.0282549748504178e-05,3.0282549748504178e-05,-0.017239461971761835,-0.0015636071107788044,-0.12271875143051147,0,33,0,1,disconnected,-1,-1,0,disconnected,-1,-1,0,10.070956999999936,0.070956999999935988
191,2.401887442,SECOND_HOLD,1,2.7884001731872559,0,2.7885918617248535,0.00019168853759765625,3.0282549748504178e-05,3.0282549748504178e-05,0.03492287701623726,0.0078982329608214708,-0.17180624604225159,0,33,0,1,disconnected,-1,-1,0,disconnected,-1,-1,0,9.9574609999999453,0.042539000000054727
192,2.4119132150000002,SECOND_HOLD,1,2.7884001731872559,0,2.7884001731872559,0,0,0,0.052071558732373902,1.1948980767077202e-05,-0.29452499747276306,0.00390625,33,0,1,disconnected,-1,-1,0,disconnected,-1,-1,0,10.025773000000182,0.025773000000182122
193,2.4219395330000002,SECOND_HOLD,1,2.7884001731872559,0,2.7885918617248535,0.00019168853759765625,3.0282549748504178e-05,3.0282549748504178e-05,0.017368867447639765,1.343665621645664e-05,0,0.00390625,33,0,1,disconnected,-1,-1,0,disconnected,-1,-1,0,10.026317999999979,0.026317999999978525
194,2.4318699420000001,SECOND_HOLD,1,2.7884001731872559,0,2.7885918617248535,0.00019168853759765625,3.0282549748504178e-05,3.0282549748504178e-05,-9.0213737218330201e-06,-0.001564997222083102,0.024543749168515205,0,33,0,1,disconnected,-1,-1,0,disconnected,-1,-1,0,9.9304089999998624,0.069591000000137626
195,2.4419681350000002,SECOND_HOLD,1,2.7884001731872559,0,2.7884001731872559,0,0,0,-0.017396248408846973,-0.003142509559726061,-0.24543750286102295,0.00390625,33,0,1,disconnected,-1,-1,0,disconnected,-1,-1,0,10.098193000000144,0.098193000000144082
196,2.4519916570000002,SECOND_HOLD,1,2.7884001731872559,0,2.7884001731872559,0,0,0,-0.017396138481584271,-0.0031463872782643543,-0.26998123526573181,0.00390625,33,0,1,disconnected,-1,-1,0,disconnected,-1,-1,0,10.023522000000007,0.023522000000006926
197,2.4619762390000002,SECOND_HOLD,1,2.7884001731872559,0,2.7885918617248535,0.00019168853759765625,3.0282549748504178e-05,3.0282549748504178e-05,-0.017389460505945288,0.0063135476436877811,-0.24543750286102295,0,33,0,1,disconnected,-1,-1,0,disconnected,-1,-1,0,9.9845819999999641,0.015418000000035903
198,2.4721081730000001,SECOND_HOLD,1,2.7884001731872559,0,2.7885918617248535,0.00019168853759765625,3.0282549748504178e-05,3.0282549748504178e-05,0.017193677040022119,0.015747712211216614,-0.29452499747276306,0,33,0,1,disconnected,-1,-1,0,disconnected,-1,-1,0,10.131933999999898,0.13193399999989808
199,2.481878735,SECOND_HOLD,1,2.7884001731872559,0,2.7885918617248535,0.00019168853759765625,3.0282549748504178e-05,3.0282549748504178e-05,0.052131688637336492,0.0062982060538377344,0,-0.00390625,33,0,1,disconnected,-1,-1,0,disconnected,-1,-1,0,9.7705619999999271,0.22943800000007286
200,2.4919061259999999,PLUS_5_PROFILE,1,2.7884001731872559,0,2.7884001731872559,0,0,0,8.1268738207535378e-05,-0.0047279321034649126,-0.26998123526573181,0,33,0,1,disconnected,-1,-1,0,disconnected,-1,-1,0,10.027390999999941,0.027390999999941101
201,2.5020933620000001,PLUS_5_PROFILE,1,2.7885658921977354,0.033143802095898151,2.7885918617248535,0.00019168853759765625,3.0282549748504178e-05,3.0282549748504178e-05,-0.017188882415929172,0.0015815984357583006,-0.24543750286102295,0.00390625,33,0,1,disconnected,-1,-1,0,disconnected,-1,-1,0,10.187236000000155,0.18723600000015495
202,2.5118939650000001,PLUS_5_PROFILE,1,2.7890630492291737,0.066287604191796301,2.7887835502624512,0.0003833770751953125,6.0565099497008357e-05,6.0565099497008357e-05,0.034827237356419405,0.015755290028942916,0.073631249368190765,0,33,0,1,disconnected,-1,-1,0,disconnected,-1,-1,0,9.8006029999999633,0.19939700000003668
203,2.5218542570000002,PLUS_5_PROFILE,1,2.7898916442815711,0.099431406287694452,2.7884001731872559,0,0,0,0.0001022660918233519,0.0031609683966858332,-0.46633124351501465,0.0078125,33,0,1,disconnected,-1,-1,0,disconnected,-1,-1,0,9.9602920000001482,0.039707999999851751
204,2.531872152,PLUS_5_PROFILE,1,2.7910516773549277,0.1325752083835926,2.7885918617248535,0.00019168853759765625,3.0282549748504178e-05,3.0282549748504178e-05,0.017557648312603005,0.007898868882761062,-0.39269998669624329,0.0078125,33,0,1,disconnected,-1,-1,0,disconnected,-1,-1,0,10.017894999999832,0.017894999999832351
205,2.541890016,PLUS_5_PROFILE,1,2.7925431484492433,0.16571901047949075,2.7887835502624512,0.0003833770751953125,6.0565099497008357e-05,6.0565099497008357e-05,0.017515633623689367,0.020553059188557314,-0.34361249208450317,0.00390625,33,0,1,disconnected,-1,-1,0,disconnected,-1,-1,0,10.017863999999932,0.017863999999931934
206,2.55204349,PLUS_5_PROFILE,1,2.7943660575645177,0.1988628125753889,2.7889752388000488,0.00057506561279296875,9.0847649245512528e-05,9.0847649245512528e-05,0.069429392340749546,0.030041530675752628,-0.073631249368190765,0.0078125,33,0,1,disconnected,-1,-1,0,disconnected,-1,-1,0,10.153473999999996,0.15347399999999567
207,2.5620723870000002,PLUS_5_PROFILE,1,2.7965204047007508,0.23200661467128711,2.7893588542938232,0.00095868110656738281,0.00015145041360539217,0.00015145041360539217,0.20699937682462557,0.050587114987001289,0.44178751111030579,0.01171875,33,0,1,disconnected,-1,-1,0,disconnected,-1,-1,0,10.028897000000203,0.028897000000203121
208,2.5720145310000002,PLUS_5_PROFILE,1,2.7990061898579435,0.2651504167671852,2.7897422313690186,0.0013420581817626953,0.00021201551310240052,0.00021201551310240052,0.25899437037861006,0.088441714748226111,-0.24543750286102295,0.01171875,33,0,1,disconnected,-1,-1,0,disconnected,-1,-1,0,9.9421440000000416,0.057855999999958385
209,2.5818533220000002,PLUS_5_PROFILE,1,2.8018234130360944,0.29829421886308338,2.790701150894165,0.0023009777069091797,0.00036350359157066397,0.00036350359157066397,0.41626765243901637,0.15606277274919139,0,0.0078125,33,0,1,disconnected,-1,-1,0,disconnected,-1,-1,0,9.8387909999999579,0.16120900000004212
210,2.5919657690000002,PLUS_5_PROFILE,1,2.8049720742352049,0.33143802095898151,2.7937691211700439,0.0053689479827880859,0.00084817504699821592,0.00084817504699821592,0.99402354672180604,0.33279425633605886,-0.12271875143051147,0,33,0,1,disconnected,-1,-1,0,disconnected,-1,-1,0,10.112447000000024,0.11244700000002439
211,2.6019966210000001,PLUS_5_PROFILE,1,2.8084521734552741,0.36458182305487968,2.7974121570587158,0.0090119838714599609,0.0014236941516712804,0.0014236941516712804,1.828811131408169,0.60742130879944234,0.53996247053146362,0,33,0,1,disconnected,-1,-1,0,disconnected,-1,-1,0,10.030851999999868,0.030851999999867985
212,2.6120597280000002,PLUS_5_PROFILE,1,2.8122637106963024,0.39772562515077781,2.8008637428283691,0.012463569641113281,0.0019689683714587121,0.0019689683714587121,2.61646543941277,0.95791929017626076,0.44178751111030579,0.0078125,33,0,1,disconnected,-1,-1,0,disconnected,-1,-1,0,10.063107000000127,0.06310700000012659
213,2.6220606709999998,PLUS_5_PROFILE,1,2.8164066859582899,0.43086942724667598,2.803356409072876,0.014956235885620117,0.0023627545127778799,0.0023627545127778799,2.918423707759374,1.3201258168287799,0.22089375555515289,0.0078125,33,0,1,disconnected,-1,-1,0,disconnected,-1,-1,0,10.000942999999651,0.0009429999996513061
214,2.6319512340000002,PLUS_5_PROFILE,1,2.8208810992412361,0.46401322934257422,2.8048903942108154,0.01649022102355957,0.0026050902404916561,0.0026050902404916561,2.5516496280115053,1.6079950338756299,0.073631249368190765,0.02734375,33,0,1,disconnected,-1,-1,0,disconnected,-1,-1,0,9.8905630000003519,0.10943699999964807
215,2.6420526409999998,PLUS_5_PROFILE,1,2.8256869505451414,0.49715703143847223,2.8060410022735596,0.017640829086303711,0.0027868608687084237,0.0027868608687084237,1.9267495087548803,1.8168304860909017,0.073631249368190765,0.0234375,33,0,1,disconnected,-1,-1,0,disconnected,-1,-1,0,10.101406999999618,0.10140699999961811
216,2.6520604149999998,PLUS_5_PROFILE,1,2.8308242398700054,0.53030083353437041,2.806999683380127,0.018599510192871094,0.0029383112823138159,0.0029383112823138159,1.3533994817746755,1.9311608176838906,-0.22089375555515289,0.02734375,33,0,1,disconnected,-1,-1,0,disconnected,-1,-1,0,10.007773999999969,0.0077739999999693055
217,2.6620576819999999,PLUS_5_PROFILE,1,2.8362929672158286,0.56344463563026859,2.8087253570556641,0.020325183868408203,0.0032109295597760961,0.0032109295597760961,1.1614735545503556,1.9744295472338671,0.31906875967979431,0.03515625,33,0,1,disconnected,-1,-1,0,disconnected,-1,-1,0,9.9972670000001429,0.0027329999998570997
218,2.672073852,PLUS_5_PROFILE,1,2.8420931325826109,0.59658843772616676,2.8100676536560059,0.02166748046875,0.0034229827377413678,0.0034229827377413678,1.1771197758888721,1.9290238352607327,-0.14726249873638153,0.03515625,33,0,1,disconnected,-1,-1,0,disconnected,-1,-1,0,10.016170000000102,0.016170000000101936
219,2.681962044,PLUS_5_PROFILE,1,2.8482247359703519,0.62973223982206483,2.812368631362915,0.02396845817565918,0.0037864863293120316,0.0037864863293120316,1.4251603578457792,1.8287497429288038,0.4908750057220459,0.0390625,33,0,1,disconnected,-1,-1,0,disconnected,-1,-1,0,9.8881920000000179,0.11180799999998214
220,2.6920503349999998,PLUS_5_PROFILE,1,2.854687777379052,0.66287604191796301,2.8148612976074219,0.026461124420166016,0.0041802724706311994,0.0041802724706311994,1.7550248985240346,1.6924425421697502,0.049087498337030411,0.02734375,33,0,1,disconnected,-1,-1,0,disconnected,-1,-1,0,10.088290999999749,0.088290999999749431
221,2.7020590790000001,PLUS_5_PROFILE,1,2.8614822568087113,0.69601984401386119,2.8190798759460449,0.030679702758789062,0.0048467145542755189,0.0048467145542755189,2.3093916154956786,1.6816387619195257,0.63813751935958862,0.0234375,33,0,1,disconnected,-1,-1,0,disconnected,-1,-1,0,10.008744000000291,0.0087440000002914076
222,2.712054813,PLUS_5_PROFILE,1,2.8686081742593292,0.72916364610975937,2.8254075050354004,0.037007331848144531,0.0058463400148791277,0.0058463400148791277,3.3828442203238276,1.902732414251902,0.63813751935958862,0.01953125,33,0,1,disconnected,-1,-1,0,disconnected,-1,-1,0,9.9957339999998673,0.0042660000001326637
223,2.721992051,PLUS_5_PROFILE,1,2.8760655297309063,0.76230744820565743,2.8315434455871582,0.043143272399902344,0.0068156829257342314,0.0068156829257342314,4.4209958564316869,2.3160301094702933,0.63813751935958862,0.03515625,33,0,1,disconnected,-1,-1,0,disconnected,-1,-1,0,9.9372380000000149,0.062761999999985107
224,2.7320124909999999,PLUS_5_PROFILE,1,2.8838543232234426,0.79545125030155561,2.8369123935699463,0.04851222038269043,0.0076638579727324472,0.0076638579727324472,5.1270831731333155,2.820596502216755,0.9326624870300293,0.03515625,33,0,1,disconnected,-1,-1,0,disconnected,-1,-1,0,10.020439999999908,0.020439999999908309
225,2.741986936,PLUS_5_PROFILE,1,2.8919745547369375,0.82859505239745379,2.8438153266906738,0.055415153503417969,0.0087543687474444399,0.0087543687474444399,5.5294434968176258,3.4115367367843055,0.83448749780654907,0.01953125,33,0,1,disconnected,-1,-1,0,disconnected,-1,-1,0,9.9744450000001095,0.025554999999890526
226,2.7520396919999999,PLUS_5_PROFILE,1,2.9004262242713916,0.86173885449335197,2.8534026145935059,0.06500244140625,0.010268948213224103,0.010268948213224103,6.1818424014517666,4.1311932449897206,0.85903126001358032,0.01953125,33,0,1,disconnected,-1,-1,0,disconnected,-1,-1,0,10.052755999999885,0.052755999999885006
227,2.7618737019999999,PLUS_5_PROFILE,1,2.9092093318268049,0.89488265658925015,2.859346866607666,0.070946693420410156,0.011208008574330703,0.011208008574330703,6.5399530480432384,4.7552876584192063,0.049087498337030411,0.03515625,33,0,1,disconnected,-1,-1,0,disconnected,-1,-1,0,9.8340100000000596,0.16598999999994035
228,2.7720006239999999,PLUS_5_PROFILE,1,2.9183238774031768,0.92802645868514844,2.8660581111907959,0.077657938003540039,0.01226823679929419,0.01226823679929419,6.6916566517309422,5.3073651772477666,0.53996247053146362,0.03515625,33,0,1,disconnected,-1,-1,0,disconnected,-1,-1,0,10.126921999999983,0.12692199999998266
229,2.7819890690000002,PLUS_5_PROFILE,1,2.9277698610005074,0.96117026078104639,2.8767960071563721,0.088395833969116211,0.013964586893290623,0.013964586893290623,7.1193708441342434,5.8948227544513498,0.78539997339248657,0.0078125,33,0,1,disconnected,-1,-1,0,disconnected,-1,-1,0,9.98844500000029,0.011554999999709992
230,2.7919948479999999,PLUS_5_PROFILE,1,2.9375472826187976,0.99431406287694446,2.8875339031219482,0.099133729934692383,0.015660936987287054,0.015660936987287054,7.7574972178207666,6.4922465429378695,1.1044687032699585,0.01953125,33,0,1,disconnected,-1,-1,0,disconnected,-1,-1,0,10.005778999999659,0.0057789999996593622
231,2.802056162,PLUS_5_PROFILE,1,2.9476561422580465,1.0274578649728427,2.9019148349761963,0.11351466178894043,0.017932806185956551,0.017932806185956551,9.6140406478597829,7.1810583408987902,1.6444312334060669,-0.0078125,33,0,1,disconnected,-1,-1,0,disconnected,-1,-1,0,10.061314000000099,0.061314000000098901
232,2.812064404,PLUS_5_PROFILE,1,2.9580964399182545,1.0606016670687408,2.9138033390045166,0.12540316581726074,0.019810926908169751,0.019810926908169751,10.896391124361839,7.8492956869420416,1.153556227684021,0.01171875,33,0,1,disconnected,-1,-1,0,disconnected,-1,-1,0,10.008242000000056,0.0082420000000560378
233,2.8219829089999999,PLUS_5_PROFILE,1,2.9688681755994213,1.0937454691646391,2.926842212677002,0.13844203948974609,0.021870780593736847,0.021870780593736847,11.431097979435176,8.5886618831499604,1.2762750387191772,0.00390625,33,0,1,disconnected,-1,-1,0,disconnected,-1,-1,0,9.9185049999999109,0.081495000000089135
234,2.8319610339999999,PLUS_5_PROFILE,1,2.9798976964080008,1.1047934031966051,2.9379634857177734,0.14956331253051758,0.023627695787230285,0.023627695787230285,11.402303631993558,9.2574929984914593,1.0308375358581543,0.01953125,33,0,1,disconnected,-1,-1,0,disconnected,-1,-1,0,9.9781249999999488,0.021875000000051159
235,2.8419740309999999,PLUS_5_PROFILE,1,2.9909456304399669,1.1047934031966051,2.9515776634216309,0.163177490234375,0.025778434786905766,0.025778434786905766,11.207295519387028,9.8741816734738102,1.0308375358581543,0,33,0,1,disconnected,-1,-1,0,disconnected,-1,-1,0,10.012997000000023,0.012997000000023462
236,2.8519882669999999,PLUS_5_PROFILE,1,3.0019935644719329,1.1047934031966051,2.9609732627868652,0.17257308959960938,0.027262731702936926,0.027262731702936926,10.794845057195987,10.275446064171767,0.58904999494552612,0.02734375,33,0,1,disconnected,-1,-1,0,disconnected,-1,-1,0,10.014235999999954,0.014235999999954174
237,2.8620435550000001,PLUS_5_PROFILE,1,3.0130414985038989,1.1047934031966051,2.970752477645874,0.18235230445861816,0.028807631383327963,0.028807631383327963,10.016275137073917,10.582257907634952,0.4908750057220459,0.0234375,33,0,1,disconnected,-1,-1,0,disconnected,-1,-1,0,10.055288000000218,0.055288000000217608
238,2.8720472680000002,PLUS_5_PROFILE,1,3.0240894325358649,1.1047934031966051,2.9799563884735107,0.19155621528625488,0.03026164574961062,0.03026164574961062,9.3148010741017799,10.605826973924847,0.53996247053146362,0.04296875,33,0,1,disconnected,-1,-1,0,disconnected,-1,-1,0,10.003713000000136,0.0037130000001361907
239,2.8819586849999999,PLUS_5_PROFILE,1,3.035137366567831,1.1047934031966051,2.9859006404876709,0.19750046730041504,0.031200706110717222,0.031200706110717222,7.931090593976605,10.211418053316953,0.51541876792907715,0.04296875,33,0,1,disconnected,-1,-1,0,disconnected,-1,-1,0,9.9114169999996449,0.088583000000355128
240,2.8920503900000001,PLUS_5_PROFILE,1,3.046185300599797,1.1047934031966051,2.9937622547149658,0.20536208152770996,0.032442667299034604,0.032442667299034604,7.3049042295747215,9.6797257438034716,0.73631250858306885,0.0390625,33,0,1,disconnected,-1,-1,0,disconnected,-1,-1,0,10.091705000000228,0.091705000000228409
241,2.9019741140000002,PLUS_5_PROFILE,1,3.057233234631763,1.1047934031966051,3.0041165351867676,0.21571636199951172,0.034078414628671158,0.034078414628671158,7.299401797214994,9.1455824482466479,0.9326624870300293,0.02734375,33,0,1,disconnected,-1,-1,0,disconnected,-1,-1,0,9.9237240000000781,0.076275999999921851
242,2.9119966740000001,PLUS_5_PROFILE,1,3.068281168663729,1.1047934031966051,3.0121700763702393,0.2237699031829834,0.035350696031599918,0.035350696031599918,7.4869209638265488,8.6895127820200422,0.44178751111030579,0.0390625,33,0,1,disconnected,-1,-1,0,disconnected,-1,-1,0,10.022559999999903,0.022559999999902658
243,2.921958219,PLUS_5_PROFILE,1,3.079329102695695,1.1047934031966051,3.0238666534423828,0.23546648025512695,0.037198496539201743,0.037198496539201743,8.542717644307281,8.3953260465335866,1.5953437089920044,0.01171875,33,0,1,disconnected,-1,-1,0,disconnected,-1,-1,0,9.9615449999999051,0.038455000000094941
244,2.9319557509999998,PLUS_5_PROFILE,1,3.0903770367276611,1.1047934031966051,3.0330705642700195,0.24467039108276367,0.038652510905484397,0.038652510905484397,8.9216040632909301,8.2204862667944454,0.12271875143051147,0.0390625,33,0,1,disconnected,-1,-1,0,disconnected,-1,-1,0,9.9975319999998646,0.0024680000001353619
245,2.9420501520000002,PLUS_5_PROFILE,1,3.1014249707596271,1.1047934031966051,3.0420827865600586,0.25368261337280273,0.040076242722018547,0.040076242722018547,8.7543788913112657,8.0886176222056267,0.9326624870300293,0.02734375,33,0,1,disconnected,-1,-1,0,disconnected,-1,-1,0,10.094401000000364,0.094401000000363666
246,2.9520024550000001,PLUS_5_PROFILE,1,3.1124729047915931,1.1047934031966051,3.0541629791259766,0.2657628059387207,0.041984645993980253,0.041984645993980253,9.2402620001847371,8.2711845545623852,1.006293773651123,0.0234375,33,0,1,disconnected,-1,-1,0,disconnected,-1,-1,0,9.9523029999999402,0.04769700000005983
247,2.9620424089999999,PLUS_5_PROFILE,1,3.1235208388235596,1.1047934031966051,3.0649008750915527,0.27650070190429688,0.043680996087976681,0.043680996087976681,9.3168187234171445,8.5134956669439781,1.3499062061309814,0.01953125,33,0,1,disconnected,-1,-1,0,disconnected,-1,-1,0,10.039953999999796,0.039953999999795542
248,2.9719640709999999,PLUS_5_PROFILE,1,3.1345687728555252,1.1047934031966051,3.0796654224395752,0.29126524925231934,0.046013468051006055,0.046013468051006055,10.49717017721002,8.9913134728031654,1.2026437520980835,0.0078125,33,0,1,disconnected,-1,-1,0,disconnected,-1,-1,0,9.9216619999999978,0.078338000000002239
249,2.9818637030000001,PLUS_5_PROFILE,1,3.1456167068874916,1.1047934031966051,3.0925126075744629,0.30411243438720703,0.048043039186824649,0.048043039186824649,11.483587203124651,9.5589049314845109,1.4480812549591064,0.0078125,33,0,1,disconnected,-1,-1,0,disconnected,-1,-1,0,9.8996320000002136,0.10036799999978641
250,2.992013472,PLUS_5_PROFILE,1,3.1566646409194576,1.1047934031966051,3.1070854663848877,0.31868529319763184,0.05034522860010552,0.05034522860010552,12.098726164905962,10.091368034495146,1.0308375358581543,0.01171875,33,0,1,disconnected,-1,-1,0,disconnected,-1,-1,0,10.149768999999864,0.14976899999986415
251,3.0020545539999999,PLUS_5_PROFILE,1,3.1675468559409441,1.0716496011007068,3.1199324131011963,0.33153223991394043,0.052374762071061245,0.052374762071061245,12.434679510286784,10.536207689528311,1.3499062061309814,0.00390625,33,0,1,disconnected,-1,-1,0,disconnected,-1,-1,0,10.041081999999868,0.041081999999867946
252,3.0119896829999999,PLUS_5_PROFILE,1,3.1780976329414719,1.038505799004809,3.1329712867736816,0.34457111358642578,0.054434615756628335,0.054434615756628335,12.103119556120058,10.997676214071424,0.7117687463760376,0.0078125,33,0,1,disconnected,-1,-1,0,disconnected,-1,-1,0,9.9351290000000425,0.06487099999995749
253,3.0219678160000001,PLUS_5_PROFILE,1,3.18831697192104,1.0053619969089107,3.146010160446167,0.35760998725891113,0.056494469442195432,0.056494469442195432,12.006354290929531,11.332775535438676,1.3008188009262085,0,33,0,1,disconnected,-1,-1,0,disconnected,-1,-1,0,9.9781330000001667,0.021866999999833325
254,3.03201258,PLUS_5_PROFILE,1,3.1982048728796499,0.97221819481301253,3.1563646793365479,0.36796450614929199,0.05813025443669486,0.05813025443669486,11.290785756162167,11.570104023581891,0.88357502222061157,0.0234375,33,0,1,disconnected,-1,-1,0,disconnected,-1,-1,0,10.044763999999873,0.044763999999872794
255,3.0420074170000002,PLUS_5_PROFILE,1,3.2077613358173007,0.93907439271711424,3.1646096706390381,0.37620949745178223,0.059432780724509249,0.059432780724509249,10.211231351670149,11.511719158429612,0.7608562707901001,0.01171875,33,0,1,disconnected,-1,-1,0,disconnected,-1,-1,0,9.9948370000002562,0.0051629999997437892
256,3.051878334,PLUS_5_PROFILE,1,3.2169863607339924,0.90593059062121606,3.176114559173584,0.38771438598632812,0.061250298682362571,0.061250298682362571,9.5109433782632777,11.290839193157776,1.0308375358581543,0.01171875,33,0,1,disconnected,-1,-1,0,disconnected,-1,-1,0,9.870916999999757,0.12908300000024298
257,3.0619796359999998,PLUS_5_PROFILE,1,3.2258799476297249,0.87278678852531788,3.1843597888946533,0.39595961570739746,0.062552862635039827,0.062552862635039827,8.7386900879958063,10.89814443468202,0.58904999494552612,0.01953125,33,0,1,disconnected,-1,-1,0,disconnected,-1,-1,0,10.101301999999812,0.10130199999981215
258,3.0720503830000001,PLUS_5_PROFILE,1,3.2344420965044982,0.83964298642942004,3.1947143077850342,0.40631413459777832,0.064188647629539256,0.064188647629539256,8.7249584270324334,10.384624175082964,0.88357502222061157,0.00390625,33,0,1,disconnected,-1,-1,0,disconnected,-1,-1,0,10.070747000000324,0.070747000000324078
259,3.081967573,PLUS_5_PROFILE,1,3.2426728073583133,0.80649918433352186,3.2023842334747314,0.41398406028747559,0.065400326268108142,0.065400326268108142,8.5132570278002984,9.8562625240796784,0.34361249208450317,0.03515625,33,0,1,disconnected,-1,-1,0,disconnected,-1,-1,0,9.9171899999999091,0.082810000000090866
260,3.0919752659999999,PLUS_5_PROFILE,1,3.2505720801911688,0.77335538223762368,3.2064108848571777,0.41801071166992188,0.066036448137141074,0.066036448137141074,7.104998363415894,9.1217416049827236,0,0.04296875,33,0,1,disconnected,-1,-1,0,disconnected,-1,-1,0,10.007692999999929,0.0076929999999286736
261,3.101972929,PLUS_5_PROFILE,1,3.2581399150030657,0.7402115801417255,3.210437536239624,0.42203736305236816,0.06667257000617402,0.06667257000617402,5.7853783745934342,8.3289395523461707,-0.049087498337030411,0.0390625,33,0,1,disconnected,-1,-1,0,disconnected,-1,-1,0,9.9976630000000455,0.0023369999999545144
262,3.1119585330000001,PLUS_5_PROFILE,1,3.2653763117940033,0.70706777804582743,3.21523118019104,0.42683100700378418,0.06742985973906386,0.06742985973906386,4.4501042349118043,7.5163047706918542,0.68722498416900635,0.0390625,33,0,1,disconnected,-1,-1,0,disconnected,-1,-1,0,9.9856040000001478,0.014395999999852194
263,3.1219728259999999,PLUS_5_PROFILE,1,3.2722812705639823,0.67392397594992925,3.2207920551300049,0.43239188194274902,0.068308355000673449,0.068308355000673449,4.1310034890331666,6.7933313546529224,0.6626812219619751,0.03515625,33,0,1,disconnected,-1,-1,0,disconnected,-1,-1,0,10.014292999999785,0.014292999999785394
264,3.1318515900000001,PLUS_5_PROFILE,1,3.2788547913130022,0.64078017385403097,3.2259690761566162,0.43756890296936035,0.069126209833060281,0.069126209833060281,4.4886694029506691,6.2088948824274901,0.36815625429153442,0.03515625,33,0,1,disconnected,-1,-1,0,disconnected,-1,-1,0,9.8787640000002064,0.12123599999979362
265,3.1419938200000002,PLUS_5_PROFILE,1,3.2850968740410629,0.60763637175813279,3.2301876544952393,0.4417874813079834,0.069792651916704612,0.069792651916704612,4.5496948225138727,5.6445039727924717,0.39269998669624329,0.0390625,33,0,1,disconnected,-1,-1,0,disconnected,-1,-1,0,10.14223000000003,0.14223000000002983
266,3.1520266179999998,PLUS_5_PROFILE,1,3.2910075187481649,0.57449256966223472,3.2344059944152832,0.44600582122802734,0.070459056335486062,0.070459056335486062,4.3139479809674599,5.0532079667215495,0.56450623273849487,0.03515625,33,0,1,disconnected,-1,-1,0,disconnected,-1,-1,0,10.032797999999676,0.032797999999676364
267,3.1619758600000001,PLUS_5_PROFILE,1,3.2965867254343078,0.54134876756633654,3.2407336235046387,0.45233345031738281,0.071458681796089663,0.071458681796089663,4.3648503590991679,4.7203193338429514,0.63813751935958862,0.01953125,33,0,1,disconnected,-1,-1,0,disconnected,-1,-1,0,9.9492420000002468,0.050757999999753167
268,3.171962132,PLUS_5_PROFILE,1,3.3018344940994915,0.50820496547043825,3.248978853225708,0.46057868003845215,0.072761245748766926,0.072761245748766926,5.107199104844919,4.6004878925469832,0.78539997339248657,0.0234375,33,0,1,disconnected,-1,-1,0,disconnected,-1,-1,0,9.9862719999999072,0.013728000000092777
269,3.1818540070000001,PLUS_5_PROFILE,1,3.3067508247437165,0.47506116337454007,3.2533891201019287,0.46498894691467285,0.073457970382159746,0.073457970382159746,5.5381061650257681,4.6420124977471255,0.24543750286102295,0.02734375,33,0,1,disconnected,-1,-1,0,disconnected,-1,-1,0,9.8918750000001054,0.10812499999989456
270,3.1918674789999999,PLUS_5_PROFILE,1,3.3113357173669824,0.4419173612786419,3.2572240829467773,0.46882390975952148,0.074063809701444189,0.074063809701444189,5.2995826230941327,4.738340039804708,0.41724374890327454,0.0234375,33,0,1,disconnected,-1,-1,0,disconnected,-1,-1,0,10.013471999999801,0.013471999999801199
271,3.2019994249999999,PLUS_5_PROFILE,1,3.3155891719692892,0.40877355918274411,3.2612507343292236,0.47285056114196777,0.074699931570477135,0.074699931570477135,4.4609947358805702,4.7442605453486024,0.46633124351501465,0.02734375,33,0,1,disconnected,-1,-1,0,disconnected,-1,-1,0,10.131946000000003,0.13194600000000278
272,3.211955391,PLUS_5_PROFILE,1,3.3195111885506372,0.37562975708684593,3.2668113708496094,0.47841119766235352,0.075578389167223856,0.075578389167223856,3.9343603501880442,4.727685470569023,0.95720624923706055,0.0234375,33,0,1,disconnected,-1,-1,0,disconnected,-1,-1,0,9.9559660000001493,0.044033999999850693
273,3.2219860050000002,PLUS_5_PROFILE,1,3.3231017671110261,0.34248595499094775,3.2721803188323975,0.4837801456451416,0.076426564214222073,0.076426564214222073,4.2539328108052352,4.7044448934350633,0,0.01171875,33,0,1,disconnected,-1,-1,0,disconnected,-1,-1,0,10.03061400000016,0.030614000000159791
274,3.2319452709999998,PLUS_5_PROFILE,1,3.3263609076504559,0.30934215289504957,3.2762072086334229,0.48780703544616699,0.077062723748117887,0.077062723748117887,4.4192015906374715,4.6534749478983297,0.19634999334812164,0.0234375,33,0,1,disconnected,-1,-1,0,disconnected,-1,-1,0,9.9592659999996336,0.040734000000366422
275,3.2419892090000002,PLUS_5_PROFILE,1,3.329288610168927,0.27619835079915134,3.2792751789093018,0.4908750057220459,0.077547395203545436,0.077547395203545436,4.1142873386656369,4.530256528187742,0.22089375555515289,0.01953125,33,0,1,disconnected,-1,-1,0,disconnected,-1,-1,0,10.043938000000363,0.043938000000363076
276,3.2520447209999999,PLUS_5_PROFILE,1,3.3318848746664393,0.24305454870325321,3.2823431491851807,0.4939429759979248,0.078032066658972984,0.078032066658972984,3.4472184496979739,4.2988238873611584,0.17180624604225159,0.02734375,33,0,1,disconnected,-1,-1,0,disconnected,-1,-1,0,10.055511999999656,0.055511999999655615
277,3.2619844320000002,PLUS_5_PROFILE,1,3.3341497011429921,0.20991074660735501,3.2857944965362549,0.49739432334899902,0.078577303213897554,0.078577303213897554,3.0168213778241988,3.9898945444755833,0.29452499747276306,0.01171875,33,0,1,disconnected,-1,-1,0,disconnected,-1,-1,0,9.9397110000003508,0.060288999999649207
278,3.2720216120000001,PLUS_5_PROFILE,1,3.3360830895985862,0.17676694451145686,3.2902047634124756,0.50180459022521973,0.079274027847290374,0.079274027847290374,3.1192637045266904,3.7522712169138814,0.46633124351501465,0.0078125,33,0,1,disconnected,-1,-1,0,disconnected,-1,-1,0,10.037179999999868,0.037179999999867874
279,3.2818521500000002,PLUS_5_PROFILE,1,3.3376850400332212,0.14362314241555868,3.295382022857666,0.50698184967041016,0.080091920344540088,0.080091920344540088,3.6369996322064764,3.7305852627706018,0.073631249368190765,0.0078125,33,0,1,disconnected,-1,-1,0,disconnected,-1,-1,0,9.8305380000001108,0.1694619999998892
280,3.2919519190000002,PLUS_5_PROFILE,1,3.3389555524468975,0.11047934031966047,3.29960036277771,0.5112001895904541,0.080758324763321537,0.080758324763321537,4.0042669276614786,3.7184264099846689,0,0.0078125,33,0,1,disconnected,-1,-1,0,disconnected,-1,-1,0,10.099768999999981,0.099768999999980679
281,3.3019507730000002,PLUS_5_PROFILE,1,3.3398946268396146,0.07733553822376231,3.3019013404846191,0.51350116729736328,0.081121828354892192,0.081121828354892192,3.7703766787670325,3.6099813142227233,0.024543749168515205,0.0078125,33,0,1,disconnected,-1,-1,0,disconnected,-1,-1,0,9.9988540000000015,0.0011459999999985371
282,3.3119896180000001,PLUS_5_PROFILE,1,3.3405022632113726,0.044191736127864117,3.3034353256225586,0.51503515243530273,0.08136416408260598,0.08136416408260598,2.9823541055782976,3.3928401480101895,-0.049087498337030411,0.01171875,33,0,1,disconnected,-1,-1,0,disconnected,-1,-1,0,10.038844999999963,0.038844999999962937
283,3.3219784379999999,PLUS_5_PROFILE,1,3.3407784615621718,0.011047934031965937,3.3045859336853027,0.51618576049804688,0.081545934710822748,0.081545934710822748,2.0083642597157545,3.1514090376069674,-0.049087498337030411,0.0078125,33,0,1,disconnected,-1,-1,0,disconnected,-1,-1,0,9.9888199999997873,0.011180000000212686
284,3.3319626859999998,PLUS_5_PROFILE,1,3.3407968747855583,0,3.3055446147918701,0.51714444160461426,0.081697385124428132,0.081697385124428132,1.318559578064749,2.9035084061261869,0.29452499747276306,0.0234375,33,0,1,disconnected,-1,-1,0,disconnected,-1,-1,0,9.9842479999998623,0.015752000000137656
285,3.3420472339999998,PLUS_5_HOLD,1,3.3407968747855583,0,3.3061199188232422,0.51771974563598633,0.081788270438536523,0.081788270438536523,0.95290237573398839,2.6027168873970692,-0.024543749168515205,0.0078125,33,0,1,disconnected,-1,-1,0,disconnected,-1,-1,0,10.084548000000026,0.084548000000026491
286,3.3520547280000001,PLUS_5_HOLD,1,3.3407968747855583,0,3.3066949844360352,0.5182948112487793,0.081879118087782032,0.081879118087782032,0.72732252413383403,2.2308170726173864,-0.073631249368190765,0.01171875,33,0,1,disconnected,-1,-1,0,disconnected,-1,-1,0,10.007494000000339,0.0074940000003387297
287,3.3620595180000001,PLUS_5_HOLD,1,3.3407968747855583,0,3.3074619770050049,0.51906180381774902,0.082000285951638913,0.082000285951638913,0.62313737824116866,1.8166488757932184,-0.19634999334812164,0.01953125,33,0,1,disconnected,-1,-1,0,disconnected,-1,-1,0,10.004789999999986,0.0047899999999856391
288,3.3720000969999999,PLUS_5_HOLD,1,3.3407968747855583,0,3.308612585067749,0.52021241188049316,0.082182056579855681,0.082182056579855681,0.67602780326424772,1.4150357473611221,0,0.01171875,33,0,1,disconnected,-1,-1,0,disconnected,-1,-1,0,9.9405789999997829,0.059421000000217106
289,3.3818529150000001,PLUS_5_HOLD,1,3.3407968747855583,0,3.3099548816680908,0.52155470848083496,0.082394109757820952,0.082394109757820952,0.87119687241047761,1.099318440381831,0.049087498337030411,0.0078125,33,0,1,disconnected,-1,-1,0,disconnected,-1,-1,0,9.852818000000152,0.14718199999984805
290,3.3919927730000001,PLUS_5_HOLD,1,3.3407968747855583,0,3.3116805553436279,0.52328038215637207,0.082666728035283243,0.082666728035283243,1.1321708763136205,0.94659399980711922,0.073631249368190765,0.00390625,33,0,1,disconnected,-1,-1,0,disconnected,-1,-1,0,10.139858000000057,0.1398580000000571
291,3.401957678,PLUS_5_HOLD,1,3.3407968747855583,0,3.312830924987793,0.52443075180053711,0.08284846099863713,0.08284846099863713,1.2525212306928806,0.91526563596215504,-0.34361249208450317,0.0078125,33,0,1,disconnected,-1,-1,0,disconnected,-1,-1,0,9.9649049999999129,0.03509500000008714
292,3.4119554409999999,PLUS_5_HOLD,1,3.3407968747855583,0,3.3151319026947021,0.52673172950744629,0.083211964590207799,0.083211964590207799,1.4404249760304704,0.9834303032384526,0.19634999334812164,0,33,0,1,disconnected,-1,-1,0,disconnected,-1,-1,0,9.9977629999998818,0.0022370000001181722
293,3.4218566909999999,PLUS_5_HOLD,1,3.3407968747855583,0,3.3174328804016113,0.52903270721435547,0.083575468181778467,0.083575468181778467,1.6661084926964445,1.1134074208171583,0.34361249208450317,0.00390625,33,0,1,disconnected,-1,-1,0,disconnected,-1,-1,0,9.9012499999999726,0.098750000000027427
294,3.4318702509999999,PLUS_5_HOLD,1,3.3407968747855583,0,3.3189668655395508,0.53056669235229492,0.083817803909492242,0.083817803909492242,1.7414811749786752,1.2482858066032934,0.049087498337030411,0.00390625,33,0,1,disconnected,-1,-1,0,disconnected,-1,-1,0,10.013559999999977,0.013559999999976924
295,3.441866439,PLUS_5_HOLD,1,3.3407968747855583,0,3.3203091621398926,0.53190898895263672,0.084029857087457513,0.084029857087457513,1.7051968605109926,1.3675888064895945,-0.049087498337030411,0.0078125,33,0,1,disconnected,-1,-1,0,disconnected,-1,-1,0,9.996188000000128,0.0038119999998720289
296,3.4518479759999998,PLUS_5_HOLD,1,3.3407968747855583,0,3.32126784324646,0.5328676700592041,0.084181307501062896,0.084181307501062896,1.3736205040646454,1.4324147216396574,0.024543749168515205,0.00390625,33,0,1,disconnected,-1,-1,0,disconnected,-1,-1,0,9.9815369999998182,0.018463000000181751
297,3.4618685880000002,PLUS_5_HOLD,1,3.3407968747855583,0,3.32126784324646,0.5328676700592041,0.084181307501062896,0.084181307501062896,0.90245841463200893,1.4002600087245327,-0.22089375555515289,0.0078125,33,0,1,disconnected,-1,-1,0,disconnected,-1,-1,0,10.020612000000373,0.020612000000372888
298,3.4718484269999998,PLUS_5_HOLD,1,3.3407968747855583,0,3.3214597702026367,0.53305959701538086,0.084211627715674281,0.084211627715674281,0.5382298427043205,1.2937786789489634,-0.12271875143051147,0.0078125,33,0,1,disconnected,-1,-1,0,disconnected,-1,-1,0,9.9798389999996573,0.02016100000034271
299,3.4818490529999999,PLUS_5_HOLD,1,3.3407968747855583,0,3.3216514587402344,0.53325128555297852,0.084241910265422784,0.084241910265422784,0.26041836136095481,1.1370387476670196,0,0.0078125,33,0,1,disconnected,-1,-1,0,disconnected,-1,-1,0,10.000626000000068,0.00062600000006796108
300,3.4918682099999998,PLUS_5_HOLD,1,3.3407968747855583,0,3.3216514587402344,0.53325128555297852,0.084241910265422784,0.084241910265422784,0.104126040617911,0.93966556042498184,-0.049087498337030411,0.0078125,33,0,1,disconnected,-1,-1,0,disconnected,-1,-1,0,10.01915699999989,0.019156999999889734
301,3.5018672180000001,PLUS_5_HOLD,1,3.3407968747855583,0,3.3216514587402344,0.53325128555297852,0.084241910265422784,0.084241910265422784,0.086758482137228879,0.7308174583157252,0,0.00390625,33,0,1,disconnected,-1,-1,0,disconnected,-1,-1,0,9.999008000000309,0.00099199999969101782
302,3.511866081,PLUS_5_HOLD,1,3.3407968747855583,0,3.3216514587402344,0.53325128555297852,0.084241910265422784,0.084241910265422784,0.034683867684794367,0.49702472421565852,0,0.0078125,33,0,1,disconnected,-1,-1,0,disconnected,-1,-1,0,9.9988629999998579,0.0011370000001420522
303,3.5218478559999999,PLUS_5_HOLD,1,3.3407968747855583,0,3.3216514587402344,0.53325128555297852,0.084241910265422784,0.084241910265422784,0,0.30453568239774537,-0.024543749168515205,0.0078125,33,0,1,disconnected,-1,-1,0,disconnected,-1,-1,0,9.9817749999999705,0.018225000000029468
304,3.5318481589999999,PLUS_5_HOLD,1,3.3407968747855583,0,3.32126784324646,0.5328676700592041,0.084181307501062896,0.084181307501062896,-0.069488867609672128,0.15621491623777575,-0.68722498416900635,0.01171875,33,0,1,disconnected,-1,-1,0,disconnected,-1,-1,0,10.000302999999988,0.00030299999998817384
305,3.541867882,PLUS_5_HOLD,1,3.3407968747855583,0,3.3216514587402344,0.53325128555297852,0.084241910265422784,0.084241910265422784,-0.034695157660134653,0.067847457744714387,-0.073631249368190765,0.0078125,33,0,1,disconnected,-1,-1,0,disconnected,-1,-1,0,10.019723000000091,0.019723000000091417
306,3.551866827,PLUS_5_HOLD,1,3.3407968747855583,0,3.3216514587402344,0.53325128555297852,0.084241910265422784,0.084241910265422784,3.8879760896498767e-05,0.02367327282100876,-0.26998123526573181,0.00390625,33,0,1,disconnected,-1,-1,0,disconnected,-1,-1,0,9.9989449999999813,0.0010550000000186799
307,3.5618664600000001,PLUS_5_HOLD,1,3.3407968747855583,0,3.321843147277832,0.53344297409057617,0.084272192815171287,0.084272192815171287,0.069397833750768537,0.023667387273335495,0.12271875143051147,0.00390625,33,0,1,disconnected,-1,-1,0,disconnected,-1,-1,0,9.9996330000000633,0.0003669999999367235
308,3.5718701410000002,PLUS_5_HOLD,1,3.3407968747855583,0,3.321843147277832,0.53344297409057617,0.084272192815171287,0.084272192815171287,0.12146406369429021,0.018928842199551689,-0.024543749168515205,0.00390625,33,0,1,disconnected,-1,-1,0,disconnected,-1,-1,0,10.003681000000153,0.0036810000001530341
309,3.5818509820000002,PLUS_5_HOLD,1,3.3407968747855583,0,3.321843147277832,0.53344297409057617,0.084272192815171287,0.084272192815171287,0.052073557015952711,0.018931497331384724,-0.024543749168515205,0.0078125,33,0,1,disconnected,-1,-1,0,disconnected,-1,-1,0,9.9808409999999625,0.019159000000037452
310,3.5918481839999998,PLUS_5_HOLD,1,3.3407968747855583,0,3.321843147277832,0.53344297409057617,0.084272192815171287,0.084272192815171287,0.034726933122725429,0.025246523660124889,-0.22089375555515289,0.01171875,33,0,1,disconnected,-1,-1,0,disconnected,-1,-1,0,9.9972019999996498,0.0027980000003502425
311,3.6018664889999998,PLUS_5_HOLD,1,3.3407968747855583,0,3.321843147277832,0.53344297409057617,0.084272192815171287,0.084272192815171287,0,0.029978273375839918,-0.17180624604225159,0.00390625,33,0,1,disconnected,-1,-1,0,disconnected,-1,-1,0,10.018305000000005,0.018305000000005123
312,3.6118639410000002,PLUS_5_HOLD,1,3.3407968747855583,0,3.321843147277832,0.53344297409057617,0.084272192815171287,0.084272192815171287,0,0.033132329282689318,-0.17180624604225159,0.0078125,33,0,1,disconnected,-1,-1,0,disconnected,-1,-1,0,9.9974520000003508,0.0025479999996491642
313,3.6218724619999998,PLUS_5_HOLD,1,3.3407968747855583,0,3.3220348358154297,0.53363466262817383,0.084302475364919791,0.084302475364919791,0.034681411277555176,0.04259356899720692,0,0.0078125,33,0,1,disconnected,-1,-1,0,disconnected,-1,-1,0,10.008520999999604,0.0085209999996038732
314,3.6318661539999999,PLUS_5_HOLD,1,3.3407968747855583,0,3.3220348358154297,0.53363466262817383,0.084302475364919791,0.084302475364919791,0.052028579973082308,0.048907516146295911,-0.17180624604225159,0.0078125,33,0,1,disconnected,-1,-1,0,disconnected,-1,-1,0,9.9936920000001095,0.0063079999998905123
315,3.6418677709999998,PLUS_5_HOLD,1,3.3407968747855583,0,3.3220348358154297,0.53363466262817383,0.084302475364919791,0.084302475364919791,0.052054348660238649,0.033124002624974412,-0.24543750286102295,0.0078125,33,0,1,disconnected,-1,-1,0,disconnected,-1,-1,0,10.001616999999907,0.0016169999999071649
316,3.651868764,PLUS_5_HOLD,1,3.3407968747855583,0,3.3220348358154297,0.53363466262817383,0.084302475364919791,0.084302475364919791,0.034704532783682046,0.029968290343490221,-0.14726249873638153,0.0078125,33,0,1,disconnected,-1,-1,0,disconnected,-1,-1,0,10.000993000000236,0.00099300000023561097
317,3.6618612590000001,PLUS_5_HOLD,1,3.3407968747855583,0,3.3222267627716064,0.53382658958435059,0.084332795579531161,0.084332795579531161,0.03474769833218895,0.031555183721848734,0.098174996674060822,0.0078125,33,0,1,disconnected,-1,-1,0,disconnected,-1,-1,0,9.9924950000001012,0.0075049999998988426
318,3.6718496759999999,PLUS_5_HOLD,1,3.3407968747855583,0,3.3220348358154297,0.53363466262817383,0.084302475364919791,0.084302475364919791,0.017383374356131603,0.029978535249690727,-0.24543750286102295,0.0078125,33,0,1,disconnected,-1,-1,0,disconnected,-1,-1,0,9.9884169999997496,0.011583000000250365
319,3.6818484279999999,PLUS_5_HOLD,1,3.3407968747855583,0,3.3220348358154297,0.53363466262817383,0.084302475364919791,0.084302475364919791,3.6165534526207184e-06,0.02682335445899579,-0.26998123526573181,0.00390625,33,0,1,disconnected,-1,-1,0,disconnected,-1,-1,0,9.9987519999999996,0.0012480000000003599
320,3.6918487619999998,PLUS_5_HOLD,1,3.3407968747855583,0,3.3222267627716064,0.53382658958435059,0.084332795579531161,0.084332795579531161,0.017389296535412185,0.029988852324539263,0,0.0078125,33,0,1,disconnected,-1,-1,0,disconnected,-1,-1,0,10.000333999999889,0.00033399999988859008
321,3.701848043,PLUS_5_HOLD,1,3.3407968747855583,0,3.3222267627716064,0.53382658958435059,0.084332795579531161,0.084332795579531161,0.017389291492586608,0.029998166471828836,-0.024543749168515205,0.0078125,33,0,1,disconnected,-1,-1,0,disconnected,-1,-1,0,9.9992810000002486,0.00071899999975144624
322,3.7118493479999999,PLUS_5_HOLD,1,3.3407968747855583,0,3.321843147277832,0.53344297409057617,0.084272192815171287,0.084272192815171287,-0.017331824684366129,0.011058494926383514,-0.63813751935958862,0.01171875,33,0,1,disconnected,-1,-1,0,disconnected,-1,-1,0,10.001304999999849,0.0013049999998493433
323,3.7218484520000001,PLUS_5_HOLD,1,3.3407968747855583,0,3.321843147277832,0.53344297409057617,0.084272192815171287,0.084272192815171287,-0.069424919010305411,-0.0078826063276517602,-0.63813751935958862,0.00390625,33,0,1,disconnected,-1,-1,0,disconnected,-1,-1,0,9.9991040000002585,0.00089599999974154798
324,3.7318482949999998,PLUS_5_HOLD,1,3.3407968747855583,0,3.3222267627716064,0.53382658958435059,0.084332795579531161,0.084332795579531161,-0.034725413089148456,-0.0015665049332735982,0,0.01953125,33,0,1,disconnected,-1,-1,0,disconnected,-1,-1,0,9.9998429999996752,0.00015700000032481398
325,3.7418483189999998,FIRST_CENTER_PROFILE,1,3.3407968747855583,-0,3.3222267627716064,0.53382658958435059,0.084332795579531161,0.084332795579531161,0.034720336559994888,0.0031691368543237449,0.024543749168515205,0.0078125,33,0,1,disconnected,-1,-1,0,disconnected,-1,-1,0,10.000023999999996,2.3999999996249244e-05
326,3.7518479810000001,FIRST_CENTER_PROFILE,1,3.3406311557750792,-0.033143802095898151,3.3220348358154297,0.53363466262817383,0.084302475364919791,0.084302475364919791,0.069425994402599084,-0.0015735221170685516,-0.31906875967979431,0.00390625,33,0,1,disconnected,-1,-1,0,disconnected,-1,-1,0,9.9996620000002423,0.00033799999975769879
327,3.7618496339999998,FIRST_CENTER_PROFILE,1,3.3401339987436405,-0.066287604191796301,3.3220348358154297,0.53363466262817383,0.084302475364919791,0.084302475364919791,0.0173276818453761,-0.0063147943617447655,-0.29452499747276306,0.00390625,33,0,1,disconnected,-1,-1,0,disconnected,-1,-1,0,10.001652999999777,0.0016529999997771938
328,3.7718149310000002,FIRST_CENTER_PROFILE,1,3.3393054036912431,-0.099431406287694452,3.3220348358154297,0.53363466262817383,0.084302475364919791,0.084302475364919791,-0.052162307522710442,-0.0015810551693028218,-0.31906875967979431,0.00390625,33,0,1,disconnected,-1,-1,0,disconnected,-1,-1,0,9.9652970000003727,0.034702999999627338
329,3.7818505689999999,FIRST_CENTER_PROFILE,1,3.3381453706178865,-0.1325752083835926,3.3220348358154297,0.53363466262817383,0.084302475364919791,0.084302475364919791,-0.034753739088748278,-0.0047441514489528717,-0.14726249873638153,0.0078125,33,0,1,disconnected,-1,-1,0,disconnected,-1,-1,0,10.035637999999736,0.035637999999735825
330,3.7918484729999999,FIRST_CENTER_PROFILE,1,3.3366538995235713,-0.16571901047949075,3.3222267627716064,0.53382658958435059,0.084332795579531161,0.084332795579531161,0.034753733336727662,-8.709843322293504e-06,0.12271875143051147,0.00390625,33,0,1,disconnected,-1,-1,0,disconnected,-1,-1,0,9.9979040000000019,0.0020959999999980994
331,3.8018480719999999,FIRST_CENTER_PROFILE,1,3.3348309904082969,-0.1988628125753889,3.3222267627716064,0.53382658958435059,0.084332795579531161,0.084332795579531161,0.052105488634886822,0.01262304970464,0.098174996674060822,0.00390625,33,0,1,disconnected,-1,-1,0,disconnected,-1,-1,0,9.9995989999999146,0.00040100000008536085
332,3.8118482330000001,FIRST_CENTER_PROFILE,1,3.3326766432720634,-0.23200661467128711,3.321843147277832,0.53344297409057617,0.084272192815171287,0.084272192815171287,-0.017295968651108634,0.009468736041096288,-0.58904999494552612,0,33,0,1,disconnected,-1,-1,0,disconnected,-1,-1,0,10.000161000000229,0.00016100000022944982
333,3.821848422,FIRST_CENTER_PROFILE,1,3.3301908581148711,-0.2651504167671852,3.3220348358154297,0.53363466262817383,0.084302475364919791,0.084302475364919791,-0.03472674374889196,-0.0015804103814353954,0.049087498337030411,0,33,0,1,disconnected,-1,-1,0,disconnected,-1,-1,0,10.000188999999882,0.00018899999988164495
334,3.8318488340000001,FIRST_CENTER_PROFILE,1,3.3273736349367198,-0.29829421886308338,3.3216514587402344,0.53325128555297852,0.084241910265422784,0.084241910265422784,-0.12151814378598595,-0.029978896232070461,-0.26998123526573181,-0.00390625,33,0,1,disconnected,-1,-1,0,disconnected,-1,-1,0,10.000412000000125,0.00041200000012509008
335,3.8418482680000001,FIRST_CENTER_PROFILE,1,3.3242249737376093,-0.33143802095898151,3.3214597702026367,0.53305959701538086,0.084211627715674281,0.084211627715674281,-0.15619706066516686,-0.045746520800280722,-0.36815625429153442,-0.0078125,33,0,1,disconnected,-1,-1,0,disconnected,-1,-1,0,9.9994340000000292,0.00056599999997075656
336,3.8518501380000001,FIRST_CENTER_PROFILE,1,3.3207448745175401,-0.36458182305487968,3.32126784324646,0.5328676700592041,0.084181307501062896,0.084181307501062896,-0.15619336430590536,-0.063097674438876081,-0.024543749168515205,-0.0078125,33,0,1,disconnected,-1,-1,0,disconnected,-1,-1,0,10.001869999999968,0.0018699999999682859
337,3.8618483530000001,FIRST_CENTER_PROFILE,1,3.3169333372765117,-0.39772562515077781,3.3205008506774902,0.53210067749023438,0.084060139637206016,0.084060139637206016,-0.31241217125015086,-0.11358215743583526,-0.53996247053146362,-0.01171875,33,0,1,disconnected,-1,-1,0,disconnected,-1,-1,0,9.998214999999977,0.0017850000000230182
338,3.871848424,FIRST_CENTER_PROFILE,1,3.3127903620145247,-0.43086942724667598,3.3199257850646973,0.53152561187744141,0.083969291987960507,0.083969291987960507,-0.39919276512996965,-0.17509481392782494,-0.073631249368190765,-0.01171875,33,0,1,disconnected,-1,-1,0,disconnected,-1,-1,0,10.000070999999888,7.0999999888243792e-05
339,3.8818489939999998,FIRST_CENTER_PROFILE,1,3.3083159487315781,-0.46401322934257422,3.3195421695709229,0.53114199638366699,0.083908689223600619,0.083908689223600619,-0.46861545275087918,-0.23509802464855162,-0.34361249208450317,-0.0234375,33,0,1,disconnected,-1,-1,0,disconnected,-1,-1,0,10.000569999999875,0.0005699999998753924
340,3.8918481489999999,FIRST_CENTER_PROFILE,1,3.3035100974276732,-0.49715703143847223,3.3187751770019531,0.53037500381469727,0.083787521359743738,0.083787521359743738,-0.53803628786552549,-0.30610190322856534,-0.7117687463760376,-0.02734375,33,0,1,disconnected,-1,-1,0,disconnected,-1,-1,0,9.9991550000000373,0.00084499999996268116
341,3.9018490990000001,FIRST_CENTER_PROFILE,1,3.2983728081028088,-0.53030083353437041,3.3181998729705811,0.5297996997833252,0.083696636045635348,0.083696636045635348,-0.52068431701525675,-0.36447996110128333,-0.41724374890327454,-0.0234375,33,0,1,disconnected,-1,-1,0,disconnected,-1,-1,0,10.00095000000023,0.00095000000023048869
342,3.9118482280000002,FIRST_CENTER_PROFILE,1,3.2929040807569856,-0.56344463563026859,3.3172411918640137,0.52884101867675781,0.083545185632029964,0.083545185632029964,-0.60748766077028549,-0.42916777692836799,-0.24543750286102295,-0.0234375,33,0,1,disconnected,-1,-1,0,disconnected,-1,-1,0,9.9991290000001065,0.00087099999989348476
343,3.921848775,FIRST_CENTER_PROFILE,1,3.2871039153902033,-0.59658843772616676,3.3158988952636719,0.52749872207641602,0.083333132454064693,0.083333132454064693,-0.79839073438237751,-0.52699692525549691,-0.41724374890327454,-0.02734375,33,0,1,disconnected,-1,-1,0,disconnected,-1,-1,0,10.000546999999749,0.00054699999974872071
344,3.9318486240000001,FIRST_CENTER_PROFILE,1,3.2809723120024623,-0.62973223982206483,3.3147485256195068,0.52634835243225098,0.083151399490710792,0.083151399490710792,-0.93720735240289177,-0.61377906243498215,-0.22089375555515289,-0.02734375,33,0,1,disconnected,-1,-1,0,disconnected,-1,-1,0,9.9998490000001716,0.00015099999982837176
345,3.9418493840000002,FIRST_CENTER_PROFILE,1,3.2745092705937622,-0.66287604191796301,3.3120639324188232,0.52366375923156738,0.08272729313478025,0.08272729313478025,-1.3364010671169833,-0.76998274305121861,-0.24543750286102295,-0.0234375,33,0,1,disconnected,-1,-1,0,disconnected,-1,-1,0,10.000760000000053,0.00076000000005294055
346,3.9520432400000001,FIRST_CENTER_PROFILE,1,3.2677147911641029,-0.69601984401386119,3.3066949844360352,0.5182948112487793,0.081879118087782032,0.081879118087782032,-2.2503501394606324,-1.0773676715746261,-0.7117687463760376,-0.0234375,33,0,1,disconnected,-1,-1,0,disconnected,-1,-1,0,10.19385599999989,0.19385599999989012
347,3.9620142220000001,FIRST_CENTER_PROFILE,1,3.2605888737134849,-0.72916364610975937,3.3013260364532471,0.51292586326599121,0.081030943040783815,0.081030943040783815,-3.3510070703186119,-1.4930172763593523,-0.7608562707901001,-0.01953125,33,0,1,disconnected,-1,-1,0,disconnected,-1,-1,0,9.9709820000000171,0.029017999999982891
348,3.9719615739999998,FIRST_CENTER_PROFILE,1,3.2531315182419078,-0.76230744820565743,3.2972993850708008,0.50889921188354492,0.080394821171750869,0.080394821171750869,-4.1149145755998084,-1.9477778568589041,-0.26998123526573181,-0.02734375,33,0,1,disconnected,-1,-1,0,disconnected,-1,-1,0,9.9473519999997428,0.052648000000257156
349,3.981872632,FIRST_CENTER_PROFILE,1,3.2453427247493716,-0.79545125030155561,3.2928891181945801,0.50448894500732422,0.079698096538358049,0.079698096538358049,-4.3242617519630553,-2.4220815724022104,-0.36815625429153442,-0.03515625,33,0,1,disconnected,-1,-1,0,disconnected,-1,-1,0,9.9110580000001391,0.088941999999860855
350,3.9920227559999999,FIRST_CENTER_PROFILE,1,3.2372224932358766,-0.82859505239745379,3.2873284816741943,0.49892830848693848,0.078819638941611328,0.078819638941611328,-4.2780310992927761,-2.9206237548922065,-0.88357502222061157,-0.02734375,33,0,1,disconnected,-1,-1,0,disconnected,-1,-1,0,10.150123999999927,0.15012399999992709
351,4.0020232360000003,FIRST_CENTER_PROFILE,1,3.2287708237014225,-0.86173885449335197,3.278508186340332,0.49010801315307617,0.077426227339688555,0.077426227339688555,-5.0311321303193743,-3.55468646657219,-0.7608562707901001,-0.00390625,33,0,1,disconnected,-1,-1,0,disconnected,-1,-1,0,10.000480000000422,0.00048000000042236479
352,4.011972535,FIRST_CENTER_PROFILE,1,3.2199877161460098,-0.89488265658925015,3.2696876525878906,0.48128747940063477,0.076032778072902901,0.076032778072902901,-6.2886857596066426,-4.2496380685883022,-1.0308375358581543,-0.01171875,33,0,1,disconnected,-1,-1,0,disconnected,-1,-1,0,9.949298999999634,0.050701000000366037
353,4.0219705799999996,FIRST_CENTER_PROFILE,1,3.2108731705696378,-0.92802645868514844,3.2608673572540283,0.47246718406677246,0.074639366470980129,0.074639366470980129,-7.3807044584940202,-4.9566987023328846,-1.3008188009262085,-0.01171875,33,0,1,disconnected,-1,-1,0,disconnected,-1,-1,0,9.9980449999996779,0.0019550000003221157
354,4.0319942590000002,FIRST_CENTER_PROFILE,1,3.2014271869723068,-0.96117026078104639,3.2497458457946777,0.46134567260742188,0.07288241361262382,0.07288241361262382,-8.4099288862800101,-5.7245067978965674,-1.3008188009262085,-0.01171875,33,0,1,disconnected,-1,-1,0,disconnected,-1,-1,0,10.023679000000563,0.023679000000562667
355,4.0419658529999998,FIRST_CENTER_PROFILE,1,3.1916497653540166,-0.99431406287694446,3.2416925430297852,0.4532923698425293,0.071610169874557927,0.071610169874557927,-8.4779822286257307,-6.3385168792080924,-0.9817500114440918,-0.02734375,33,0,1,disconnected,-1,-1,0,disconnected,-1,-1,0,9.971593999999584,0.028406000000416043
356,4.0519946789999999,FIRST_CENTER_PROFILE,1,3.1815409057147677,-1.0274578649728427,3.2317216396331787,0.44332146644592285,0.070034987644418387,0.070034987644418387,-8.6053884486949723,-6.8951076584759337,-1.3989937305450439,-0.01171875,33,0,1,disconnected,-1,-1,0,disconnected,-1,-1,0,10.028826000000102,0.028826000000101715
357,4.0619531020000004,FIRST_CENTER_PROFILE,1,3.1711006080545601,-1.0606016670687408,3.2192580699920654,0.43085789680480957,0.068066019272959674,0.068066019272959674,-9.1669355119553675,-7.5624222840867414,-1.0308375358581543,-0.01953125,33,0,1,disconnected,-1,-1,0,disconnected,-1,-1,0,9.9584230000004936,0.04157699999950637
358,4.0719982659999996,FIRST_CENTER_PROFILE,1,3.1603288723733929,-1.0937454691646391,3.2081365585327148,0.41973638534545898,0.066309066414603365,0.066309066414603365,-9.5637655206228587,-8.2318358943450551,-1.3499062061309814,-0.0078125,33,0,1,disconnected,-1,-1,0,disconnected,-1,-1,0,10.045163999999218,0.045163999999218163
359,4.081874462,FIRST_CENTER_PROFILE,1,3.1492993515648133,-1.1047934031966051,3.1968233585357666,0.40842318534851074,0.06452183100649854,0.06452183100649854,-10.275505175996294,-8.80562467718525,-1.153556227684021,-0.0234375,33,0,1,disconnected,-1,-1,0,disconnected,-1,-1,0,9.8761960000004478,0.12380399999955216
360,4.0919695300000001,FIRST_CENTER_PROFILE,1,3.1382514175328473,-1.1047934031966051,3.1901123523712158,0.40171217918395996,0.063461640446397932,0.063461640446397932,-9.5737529371476846,-9.047525948373778,-0.61359375715255737,-0.0390625,33,0,1,disconnected,-1,-1,0,disconnected,-1,-1,0,10.09506800000004,0.095068000000040342
361,4.1019569259999997,FIRST_CENTER_PROFILE,1,3.1272034835008813,-1.1047934031966051,3.1809084415435791,0.39250826835632324,0.062007626080115272,0.062007626080115272,-8.5740633362654766,-9.0901853189947541,-1.4726250171661377,-0.02734375,33,0,1,disconnected,-1,-1,0,disconnected,-1,-1,0,9.9873959999996487,0.012604000000351334
362,4.1119707879999998,FIRST_CENTER_PROFILE,1,3.1161555494689153,-1.1047934031966051,3.1720879077911377,0.38368773460388184,0.060614176813329625,0.060614176813329625,-7.9625377160533537,-9.0543085339715947,-0.80994373559951782,-0.03515625,33,0,1,disconnected,-1,-1,0,disconnected,-1,-1,0,10.013862000000096,0.01386200000009552
363,4.1219902079999997,FIRST_CENTER_PROFILE,1,3.1051076154369492,-1.1047934031966051,3.1640346050262451,0.37563443183898926,0.059341933075263739,0.059341933075263739,-7.5490427574025238,-8.9108285845126858,-1.251731276512146,-0.03515625,33,0,1,disconnected,-1,-1,0,disconnected,-1,-1,0,10.01941999999989,0.019419999999890081
364,4.1318948320000004,FIRST_CENTER_PROFILE,1,3.0940596814049832,-1.1047934031966051,3.1527214050292969,0.36432123184204102,0.05755469766715892,0.05755469766715892,-8.3049170346825072,-8.8031223486601728,-1.3499062061309814,-0.01171875,33,0,1,disconnected,-1,-1,0,disconnected,-1,-1,0,9.9046240000006947,0.09537599999930535
365,4.1419815409999998,FIRST_CENTER_PROFILE,1,3.0830117473730172,-1.1047934031966051,3.1442844867706299,0.35588431358337402,0.056221851164733154,0.056221851164733154,-8.3843195919467988,-8.6964495752263566,-0.46633124351501465,-0.0390625,33,0,1,disconnected,-1,-1,0,disconnected,-1,-1,0,10.086708999999416,0.086708999999416392
366,4.1519568309999997,FIRST_CENTER_PROFILE,1,3.0719638133410512,-1.1047934031966051,3.1356558799743652,0.34725570678710938,0.054858722112558884,0.054858722112558884,-8.3851438305663653,-8.4768582233568619,-1.251731276512146,-0.03515625,33,0,1,disconnected,-1,-1,0,disconnected,-1,-1,0,9.975289999999859,0.024710000000141008
367,4.1619605430000002,FIRST_CENTER_PROFILE,1,3.0609158793090852,-1.1047934031966051,3.125493049621582,0.33709287643432617,0.053253219667807959,0.053253219667807959,-8.5207284446175358,-8.2937831081323257,-1.1780999898910522,-0.03515625,33,0,1,disconnected,-1,-1,0,disconnected,-1,-1,0,10.003712000000498,0.0037120000004975395
368,4.1719626319999996,FIRST_CENTER_PROFILE,1,3.0498679452771191,-1.1047934031966051,3.1183984279632568,0.32999825477600098,0.052132426343347464,0.052132426343347464,-7.9051937899294948,-8.1452953022698811,-0.9326624870300293,-0.05078125,33,0,1,disconnected,-1,-1,0,disconnected,-1,-1,0,10.002088999999437,0.0020889999994366804
369,4.181866544,FIRST_CENTER_PROFILE,1,3.0388200112451531,-1.1047934031966051,3.1097698211669922,0.32136964797973633,0.050769297291173195,0.050769297291173195,-7.827951608359828,-8.0726598070825162,-1.5707999467849731,-0.04296875,33,0,1,disconnected,-1,-1,0,disconnected,-1,-1,0,9.9039120000004033,0.096087999999596718
370,4.1919559059999996,FIRST_CENTER_PROFILE,1,3.0277720772131871,-1.1047934031966051,3.0988402366638184,0.3104400634765625,0.049042664647428257,0.049042664647428257,-8.0964722768661179,-8.2001451685714741,-1.3499062061309814,-0.0390625,33,0,1,disconnected,-1,-1,0,disconnected,-1,-1,0,10.089361999999547,0.089361999999546526
371,4.201948958,FIRST_CENTER_PROFILE,1,3.0167241431812211,-1.1047934031966051,3.0911703109741211,0.30277013778686523,0.047830986008859377,0.047830986008859377,-7.9868886786804252,-8.1646936717597285,-0.73631250858306885,-0.04296875,33,0,1,disconnected,-1,-1,0,disconnected,-1,-1,0,9.9930520000004464,0.0069479999995536446
372,4.2120129520000003,FIRST_CENTER_PROFILE,1,3.005676209149255,-1.1047934031966051,3.0802407264709473,0.29184055328369141,0.046104353365114439,0.046104353365114439,-8.5762203382916304,-8.2172972362968988,-1.4480812549591064,-0.02734375,33,0,1,disconnected,-1,-1,0,disconnected,-1,-1,0,10.063994000000243,0.063994000000242579
373,4.2220762939999998,FIRST_CENTER_PROFILE,1,2.994628275117289,-1.1047934031966051,3.0710368156433105,0.28263664245605469,0.044650338998831786,0.044650338998831786,-8.6545634465832286,-8.2531026488043135,-0.53996247053146362,-0.05078125,33,0,1,disconnected,-1,-1,0,disconnected,-1,-1,0,10.063341999999587,0.063341999999586562
374,4.2318608260000001,FIRST_CENTER_PROFILE,1,2.983580341085323,-1.1047934031966051,3.0620245933532715,0.27362442016601562,0.043226607182297636,0.043226607182297636,-8.4928678826247204,-8.233710788442103,-1.2271875143051147,-0.03515625,33,0,1,disconnected,-1,-1,0,disconnected,-1,-1,0,9.78453200000029,0.21546799999971
375,4.2419526630000002,FIRST_CENTER_PROFILE,1,2.9725324070533565,-1.1047934031966051,3.0482187271118164,0.25981855392456055,0.041045585632873652,0.041045585632873652,-9.4391618076364647,-8.5013965454099729,-1.4971687793731689,-0.01171875,33,0,1,disconnected,-1,-1,0,disconnected,-1,-1,0,10.091837000000048,0.091837000000047908
376,4.2519624970000001,FIRST_CENTER_PROFILE,1,2.9616501920318701,-1.0716496011007068,3.0351798534393311,0.2467796802520752,0.038985731947306555,0.038985731947306555,-10.248361762909052,-8.8581791522332036,-1.7426062822341919,-0.0078125,33,0,1,disconnected,-1,-1,0,disconnected,-1,-1,0,10.009833999999884,0.0098339999998842131
377,4.2619603179999999,FIRST_CENTER_PROFILE,1,2.9510994150313428,-1.038505799004809,3.0209903717041016,0.2325901985168457,0.036744107633522691,0.036744107633522691,-11.508096943761268,-9.328024980180178,-1.5462563037872314,-0.0234375,33,0,1,disconnected,-1,-1,0,disconnected,-1,-1,0,9.9978209999997958,0.002179000000204212
378,4.2719858329999996,FIRST_CENTER_PROFILE,1,2.9408800760517742,-1.0053619969089107,3.0085268020629883,0.22012662887573242,0.034775139262063978,0.034775139262063978,-12.118043843560592,-9.867573760811057,-1.9880437850952148,-0.00390625,33,0,1,disconnected,-1,-1,0,disconnected,-1,-1,0,10.025514999999707,0.0255149999997073
379,4.2818501700000002,FIRST_CENTER_PROFILE,1,2.9309921750931642,-0.97221819481301253,2.9951045513153076,0.20670437812805176,0.032654720476999875,0.032654720476999875,-12.049532297461152,-10.352964126382128,-1.1044687032699585,-0.0078125,33,0,1,disconnected,-1,-1,0,disconnected,-1,-1,0,9.8643370000006669,0.13566299999933307
380,4.2919667109999997,FIRST_CENTER_PROFILE,1,2.9214357121555139,-0.93907439271711424,2.9809150695800781,0.19251489639282227,0.030413096163216014,0.030413096163216014,-12.179152464100465,-10.834068315565423,-1.2762750387191772,0,33,0,1,disconnected,-1,-1,0,disconnected,-1,-1,0,10.116540999999479,0.11654099999947931
381,4.3019595769999999,FIRST_CENTER_PROFILE,1,2.9122106872388218,-0.90593059062121606,2.969602108001709,0.18120193481445312,0.02862589841997407,0.02862589841997407,-11.804381863816234,-11.255775116564799,-1.1290124654769897,-0.01171875,33,0,1,disconnected,-1,-1,0,disconnected,-1,-1,0,9.9928660000001557,0.0071339999998443204
382,4.3119524440000001,FIRST_CENTER_PROFILE,1,2.9033171003430893,-0.87278678852531788,2.9596312046051025,0.17123103141784668,0.027050716189834526,0.027050716189834526,-11.154974403125117,-11.403541142863888,-0.95720624923706055,-0.01171875,33,0,1,disconnected,-1,-1,0,disconnected,-1,-1,0,9.9928670000002384,0.0071329999997615801
383,4.3219518890000002,FIRST_CENTER_PROFILE,1,2.894754951468316,-0.83964298642942004,2.9508106708526611,0.16241049766540527,0.025657266923048878,0.025657266923048878,-9.9282030993524533,-11.367124182355628,-0.88357502222061157,-0.02734375,33,0,1,disconnected,-1,-1,0,disconnected,-1,-1,0,9.9994450000000512,0.0005549999999487909
384,4.3318892480000004,FIRST_CENTER_PROFILE,1,2.8865242406145009,-0.80649918433352186,2.9458253383636475,0.1574251651763916,0.024869694640410542,0.024869694640410542,-8.0673814753192872,-10.924515624809988,-0.44178751111030579,-0.0390625,33,0,1,disconnected,-1,-1,0,disconnected,-1,-1,0,9.9373590000002565,0.062640999999743485
385,4.3419911579999999,FIRST_CENTER_PROFILE,1,2.8786249677816453,-0.77335538223762368,2.9402644634246826,0.15186429023742676,0.02399119937880095,0.02399119937880095,-6.5598147975666823,-10.130084920498406,-1.0799249410629272,-0.03515625,33,0,1,disconnected,-1,-1,0,disconnected,-1,-1,0,10.101909999999492,0.10190999999949213
386,4.3520173590000004,FIRST_CENTER_PROFILE,1,2.8710571329697485,-0.7402115801417255,2.9331698417663574,0.14476966857910156,0.022870406054340455,0.022870406054340455,-5.7348711202204159,-9.3026928015036372,-0.85903126001358032,-0.01953125,33,0,1,disconnected,-1,-1,0,disconnected,-1,-1,0,10.026201000000512,0.026201000000511954
387,4.3620158729999998,FIRST_CENTER_PROFILE,1,2.8638207361788108,-0.70706777804582743,2.926842212677002,0.13844203948974609,0.021870780593736847,0.021870780593736847,-5.4707034906476766,-8.433861751374133,-0.85903126001358032,-0.0390625,33,0,1,disconnected,-1,-1,0,disconnected,-1,-1,0,9.9985139999994033,0.0014860000005967322
388,4.3719956499999997,FIRST_CENTER_PROFILE,1,2.8569157774088318,-0.67392397594992925,2.9228155612945557,0.1344153881072998,0.021234658724703901,0.021234658724703901,-5.3680461528214138,-7.5419170021539257,-0.39269998669624329,-0.04296875,33,0,1,disconnected,-1,-1,0,disconnected,-1,-1,0,9.9797769999998565,0.020223000000143543
389,4.3818583230000003,FIRST_CENTER_PROFILE,1,2.850342256659812,-0.64078017385403097,2.9187886714935303,0.13038849830627441,0.020598499190808087,0.020598499190808087,-4.8406028497501339,-6.6281027829252013,-1.0553812980651855,-0.04296875,33,0,1,disconnected,-1,-1,0,disconnected,-1,-1,0,9.8626730000006546,0.13732699999934539
390,4.3919806750000001,FIRST_CENTER_PROFILE,1,2.8441001739317513,-0.60763637175813279,2.914762020111084,0.12636184692382812,0.019962377321775141,0.019962377321775141,-4.0707193064125446,-5.8015314498606161,-0.31906875967979431,-0.0390625,33,0,1,disconnected,-1,-1,0,disconnected,-1,-1,0,10.122351999999779,0.12235199999977908
391,4.4019538889999996,FIRST_CENTER_PROFILE,1,2.8381895292246493,-0.57449256966223472,2.9092013835906982,0.12080121040344238,0.019083919725028421,0.019083919725028421,-3.9281656517037709,-5.2415650991257454,-0.63813751935958862,-0.0390625,33,0,1,disconnected,-1,-1,0,disconnected,-1,-1,0,9.9732139999995084,0.026786000000491583
392,4.4119834759999996,FIRST_CENTER_PROFILE,1,2.8326103225385069,-0.54134876756633654,2.9047911167144775,0.11639094352722168,0.018387195091635597,0.018387195091635597,-4.1279050888449902,-4.8308444366865109,-0.7117687463760376,-0.0390625,33,0,1,disconnected,-1,-1,0,disconnected,-1,-1,0,10.029587000000006,0.029587000000006469
393,4.4219583550000001,FIRST_CENTER_PROFILE,1,2.8273625538733227,-0.50820496547043825,2.9022984504699707,0.11389827728271484,0.017993408950316429,0.017993408950316429,-3.8801069379079758,-4.4825405739245117,-0.098174996674060822,-0.05078125,33,0,1,disconnected,-1,-1,0,disconnected,-1,-1,0,9.9748790000004917,0.025120999999508342
394,4.4318801629999998,FIRST_CENTER_PROFILE,1,2.8224462232290977,-0.47506116337454007,2.9001891613006592,0.11178898811340332,0.01766018790849427,0.01766018790849427,-3.270206440089805,-4.1864138882426003,-0.24543750286102295,-0.05078125,33,0,1,disconnected,-1,-1,0,disconnected,-1,-1,0,9.9218079999996434,0.078192000000356643
395,4.4419743819999997,FIRST_CENTER_PROFILE,1,2.8178613306058318,-0.4419173612786419,2.8986551761627197,0.11025500297546387,0.017417852180780496,0.017417852180780496,-2.3270766286099227,-3.7813525875613294,-0.61359375715255737,-0.0546875,33,0,1,disconnected,-1,-1,0,disconnected,-1,-1,0,10.09421899999996,0.094218999999959863
396,4.4520138610000002,FIRST_CENTER_PROFILE,1,2.813607876003525,-0.40877355918274411,2.896737813949585,0.1083376407623291,0.017114951353569711,0.017114951353569711,-1.7858606193590925,-3.3393143945184529,-0.29452499747276306,-0.0546875,33,0,1,disconnected,-1,-1,0,disconnected,-1,-1,0,10.039479000000462,0.039479000000461895
397,4.4619568640000002,FIRST_CENTER_PROFILE,1,2.809685859422177,-0.37562975708684593,2.8948202133178711,0.10642004013061523,0.016812012861496053,0.016812012861496053,-1.6638179839985965,-2.9694433905022151,-0.61359375715255737,-0.05078125,33,0,1,disconnected,-1,-1,0,disconnected,-1,-1,0,9.9430030000000613,0.05699699999993868
398,4.4719558389999996,FIRST_CENTER_PROFILE,1,2.8060952808617881,-0.34248595499094775,2.8929028511047363,0.10450267791748047,0.016509112034285268,0.016509112034285268,-1.663745881322011,-2.6753834714211693,-0.83448749780654907,-0.05078125,33,0,1,disconnected,-1,-1,0,disconnected,-1,-1,0,9.9989749999993549,0.0010250000006450932
399,4.4818508460000004,FIRST_CENTER_PROFILE,1,2.8028361403223583,-0.30934215289504957,2.8900265693664551,0.10162639617919922,0.016054723128606223,0.016054723128606223,-1.9146474097950692,-2.420766797292369,-0.7608562707901001,-0.04296875,33,0,1,disconnected,-1,-1,0,disconnected,-1,-1,0,9.8950070000007884,0.10499299999921163
400,4.4919569319999999,FIRST_CENTER_PROFILE,1,2.7999084378038872,-0.27619835079915134,2.8859999179840088,0.09759974479675293,0.015418601259573278,0.015418601259573278,-2.3838487136529638,-2.2603889888288236,-0.90811872482299805,-0.03515625,33,0,1,disconnected,-1,-1,0,disconnected,-1,-1,0,10.106085999999515,0.10608599999951451
401,4.501962346,FIRST_CENTER_PROFILE,1,2.7973121733063753,-0.24305454870325321,2.8813979625701904,0.09299778938293457,0.01469159407643195,0.01469159407643195,-3.0552459916215313,-2.217402940267601,-0.78539997339248657,-0.03515625,33,0,1,disconnected,-1,-1,0,disconnected,-1,-1,0,10.005414000000101,0.0054140000001012822
402,4.5119755619999999,FIRST_CENTER_PROFILE,1,2.795047346829822,-0.20991074660735501,2.8775629997253418,0.089162826538085938,0.01408575475714751,0.01408575475714751,-3.5531158000514007,-2.332367532846761,-0.63813751935958862,-0.03515625,33,0,1,disconnected,-1,-1,0,disconnected,-1,-1,0,10.013215999999936,0.013215999999935946
403,4.5220257479999999,FIRST_CENTER_PROFILE,1,2.7931139583742279,-0.17676694451145686,2.8744950294494629,0.086094856262207031,0.013601083301719958,0.013601083301719958,-3.5621943005624797,-2.5299750821182121,-0.36815625429153442,-0.02734375,33,0,1,disconnected,-1,-1,0,disconnected,-1,-1,0,10.050185999999961,0.050185999999960984
404,4.5319119050000003,FIRST_CENTER_PROFILE,1,2.791512007939593,-0.14362314241555868,2.8718104362487793,0.083410263061523438,0.013176976945789416,0.013176976945789416,-3.1948879581819085,-2.7133075956269197,0.073631249368190765,-0.03515625,33,0,1,disconnected,-1,-1,0,disconnected,-1,-1,0,9.8861570000003951,0.1138429999996049
405,4.5419538140000002,FIRST_CENTER_PROFILE,1,2.7902414955259167,-0.11047934031966047,2.8681674003601074,0.079767227172851562,0.01260145784111635,0.01260145784111635,-2.9184522025664856,-2.9007188628774703,-0.6626812219619751,-0.02734375,33,0,1,disconnected,-1,-1,0,disconnected,-1,-1,0,10.041908999999904,0.041908999999904495
406,4.5519522710000002,FIRST_CENTER_PROFILE,1,2.7893024211331996,-0.07733553822376231,2.8643324375152588,0.07593226432800293,0.011995618521831911,0.011995618521831911,-2.9716573185979693,-3.0567273416682612,-0.78539997339248657,-0.01171875,33,0,1,disconnected,-1,-1,0,disconnected,-1,-1,0,9.9984570000000161,0.0015429999999838628
407,4.5619652180000001,FIRST_CENTER_PROFILE,1,2.7886947847614416,-0.044191736127864117,2.8585798740386963,0.07017970085144043,0.011086840710473816,0.011086840710473816,-3.5616511769108801,-3.2605769132111075,-0.90811872482299805,-0.01171875,33,0,1,disconnected,-1,-1,0,disconnected,-1,-1,0,10.012946999999883,0.012946999999883246
408,4.5720010379999998,FIRST_CENTER_PROFILE,1,2.7884185864106423,-0.011047934031965937,2.85455322265625,0.066153049468994141,0.010450718841440871,0.010450718841440871,-3.9842379925101739,-3.4111365655929591,-0.36815625429153442,-0.01171875,33,0,1,disconnected,-1,-1,0,disconnected,-1,-1,0,10.035819999999696,0.03581999999969554
409,4.5818746409999997,FIRST_CENTER_PROFILE,1,2.7884001731872559,-0,2.8524439334869385,0.064043760299682617,0.010117497799618711,0.010117497799618711,-3.7369260202597778,-3.4139924970727891,-0.049087498337030411,-0.01953125,33,0,1,disconnected,-1,-1,0,disconnected,-1,-1,0,9.8736029999999531,0.12639700000004694
410,4.5918487460000001,FIRST_CENTER_HOLD,1,2.7884001731872559,0,2.850909948348999,0.062509775161743164,0.009875162071904935,0.009875162071904935,-2.9959315841918643,-3.2911218258309529,-0.39269998669624329,-0.02734375,33,0,1,disconnected,-1,-1,0,disconnected,-1,-1,0,9.9741050000003995,0.025894999999600543
411,4.6018482570000003,FIRST_CENTER_HOLD,1,2.7884001731872559,0,2.8501429557800293,0.061742782592773438,0.0097539942080480477,0.0097539942080480477,-1.8644252312370366,-3.0745389744642031,-0.24543750286102295,-0.01953125,33,0,1,disconnected,-1,-1,0,disconnected,-1,-1,0,9.999511000000183,0.00048899999981699693
412,4.6118479350000001,FIRST_CENTER_HOLD,1,2.7884001731872559,0,2.8493759632110596,0.060975790023803711,0.0096328263441911588,0.0096328263441911588,-1.1486530701328315,-2.8209914544228232,-0.24543750286102295,-0.02734375,33,0,1,disconnected,-1,-1,0,disconnected,-1,-1,0,9.9996779999997898,0.00032200000021020969
413,4.6218664340000002,FIRST_CENTER_HOLD,1,2.7884001731872559,0,2.8489925861358643,0.060592412948608398,0.0095722612446941507,0.0095722612446941507,-0.76363310443588117,-2.5079993790797626,-0.44178751111030579,-0.02734375,33,0,1,disconnected,-1,-1,0,disconnected,-1,-1,0,10.01849900000007,0.018499000000069543
414,4.6318485359999997,FIRST_CENTER_HOLD,1,2.7884001731872559,0,2.8488006591796875,0.060400485992431641,0.0095419410300827748,0.0095419410300827748,-0.48589880826323317,-2.1187263564466186,0.12271875143051147,-0.02734375,33,0,1,disconnected,-1,-1,0,disconnected,-1,-1,0,9.9821019999994931,0.017898000000506897
415,4.6418676320000003,FIRST_CENTER_HOLD,1,2.7884001731872559,0,2.8478419780731201,0.059441804885864258,0.0093904906164773826,0.0093904906164773826,-0.46846536175545539,-1.690392139099723,-0.53996247053146362,-0.02734375,33,0,1,disconnected,-1,-1,0,disconnected,-1,-1,0,10.019096000000616,0.019096000000615732
416,4.6518693640000004,FIRST_CENTER_HOLD,1,2.7884001731872559,0,2.8476502895355225,0.059250116348266602,0.0093602080667288794,0.0093602080667288794,-0.41639296640483453,-1.252348420524994,-0.049087498337030411,-0.02734375,33,0,1,disconnected,-1,-1,0,disconnected,-1,-1,0,10.001732000000096,0.0017320000000964342
417,4.6618664340000002,FIRST_CENTER_HOLD,1,2.7884001731872559,0,2.8474586009979248,0.059058427810668945,0.0093299255169803745,0.0093299255169803745,-0.38178460696660543,-0.84298351379031367,0.073631249368190765,-0.02734375,33,0,1,disconnected,-1,-1,0,disconnected,-1,-1,0,9.9970699999998303,0.0029300000001697413
418,4.6719663630000001,FIRST_CENTER_HOLD,1,2.7884001731872559,0,2.8470749855041504,0.058674812316894531,0.0092693227526204954,0.0092693227526204954,-0.34626638193851728,-0.59460129131007367,-0.24543750286102295,-0.01953125,33,0,1,disconnected,-1,-1,0,disconnected,-1,-1,0,10.099928999999896,0.099928999999896462
419,4.6818845209999997,FIRST_CENTER_HOLD,1,2.7884001731872559,0,2.847266674041748,0.058866500854492188,0.0092996053023689986,0.0092996053023689986,-0.15617976335778463,-0.44307657753712698,0.098174996674060822,-0.0234375,33,0,1,disconnected,-1,-1,0,disconnected,-1,-1,0,9.9181579999996217,0.081842000000378334
420,4.6919616550000001,FIRST_CENTER_HOLD,1,2.7884001731872559,0,2.8466916084289551,0.058291435241699219,0.0092087576531234873,0.0092087576531234873,-0.19073060062506547,-0.35937226413228496,-0.61359375715255737,-0.01171875,33,0,1,disconnected,-1,-1,0,disconnected,-1,-1,0,10.077134000000321,0.077134000000320668
421,4.7019584080000003,FIRST_CENTER_HOLD,1,2.7884001731872559,0,2.8468832969665527,0.058483123779296875,0.0092390402028719905,0.0092390402028719905,-0.13880802602629239,-0.29627156700581819,-0.24543750286102295,-0.01953125,33,0,1,disconnected,-1,-1,0,disconnected,-1,-1,0,9.9967530000002469,0.0032469999997530863
422,4.711853949,FIRST_CENTER_HOLD,1,2.7884001731872559,0,2.8466916084289551,0.058291435241699219,0.0092087576531234873,0.0092087576531234873,-0.10442683412290578,-0.24597581977956637,-0.56450623273849487,-0.02734375,33,0,1,disconnected,-1,-1,0,disconnected,-1,-1,0,9.8955409999996746,0.10445900000032537
423,4.7219564710000004,FIRST_CENTER_HOLD,1,2.7884001731872559,0,2.8468832969665527,0.058483123779296875,0.0092390402028719905,0.0092390402028719905,-0.06943231660352521,-0.19708033233939581,0,-0.01953125,33,0,1,disconnected,-1,-1,0,disconnected,-1,-1,0,10.102522000000391,0.10252200000039124
424,4.7318641479999997,FIRST_CENTER_HOLD,1,2.7884001731872559,0,2.8468832969665527,0.058483123779296875,0.0092390402028719905,0.0092390402028719905,0.034876809570219415,-0.14671548996767519,-0.24543750286102295,-0.01953125,33,0,1,disconnected,-1,-1,0,disconnected,-1,-1,0,9.907676999999282,0.092323000000718025
425,4.7419573640000001,FIRST_CENTER_HOLD,1,2.7884001731872559,0,2.8470749855041504,0.058674812316894531,0.0092693227526204954,0.0092693227526204954,0.052222219616477022,-0.080457086859222232,0.22089375555515289,-0.0234375,33,0,1,disconnected,-1,-1,0,disconnected,-1,-1,0,10.09321600000046,0.093216000000460042
426,4.7520169819999998,FIRST_CENTER_HOLD,1,2.7884001731872559,0,2.8466916084289551,0.058291435241699219,0.0092087576531234873,0.0092087576531234873,0.017265525596003667,-0.063086134115310805,-0.31906875967979431,-0.01953125,33,0,1,disconnected,-1,-1,0,disconnected,-1,-1,0,10.059617999999659,0.059617999999659332
427,4.7619568609999998,FIRST_CENTER_HOLD,1,2.7884001731872559,0,2.8466916084289551,0.058291435241699219,0.0092087576531234873,0.0092087576531234873,-0.052006178766463393,-0.045741910330394868,-0.24543750286102295,-0.01953125,33,0,1,disconnected,-1,-1,0,disconnected,-1,-1,0,9.9398790000000403,0.060120999999959679
428,4.771995005,FIRST_CENTER_HOLD,1,2.7884001731872559,0,2.8468832969665527,0.058483123779296875,0.0092390402028719905,0.0092390402028719905,-0.034621243797679113,-0.022073457711162817,0.098174996674060822,-0.02734375,33,0,1,disconnected,-1,-1,0,disconnected,-1,-1,0,10.038144000000138,0.038144000000137623
429,4.7818518140000004,FIRST_CENTER_HOLD,1,2.7884001731872559,0,2.8466916084289551,0.058291435241699219,0.0092087576531234873,0.0092087576531234873,-0.052219989440063737,-0.0205021996527609,-0.24543750286102295,-0.0234375,33,0,1,disconnected,-1,-1,0,disconnected,-1,-1,0,9.8568090000004105,0.14319099999958951
430,4.7918506049999996,FIRST_CENTER_HOLD,1,2.7884001731872559,0,2.8468832969665527,0.058483123779296875,0.0092390402028719905,0.0092390402028719905,0.034966820124173487,0.0015837978022904349,0.34361249208450317,-0.01953125,33,0,1,disconnected,-1,-1,0,disconnected,-1,-1,0,9.9987909999992297,0.0012090000007702884
431,4.8019510560000001,FIRST_CENTER_HOLD,1,2.7884001731872559,0,2.8466916084289551,0.058291435241699219,0.0092087576531234873,0.0092087576531234873,6.045670839624194e-06,-0.0094593413574380822,0,-0.01953125,33,0,1,disconnected,-1,-1,0,disconnected,-1,-1,0,10.100451000000454,0.10045100000045437
432,4.8119535930000001,FIRST_CENTER_HOLD,1,2.7884001731872559,0,2.8464996814727783,0.058099508285522461,0.0091784374385121114,0.0091784374385121114,-0.069470990493977924,-0.01893270146620504,-0.19634999334812164,-0.0234375,33,0,1,disconnected,-1,-1,0,disconnected,-1,-1,0,10.002537000000089,0.0025370000000890514
433,4.8220338829999996,FIRST_CENTER_HOLD,1,2.7884001731872559,0,2.8463079929351807,0.057907819747924805,0.0091481548887636065,0.0091481548887636065,-0.10374249338056926,-0.042626212674418525,-0.58904999494552612,-0.02734375,33,0,1,disconnected,-1,-1,0,disconnected,-1,-1,0,10.080289999999437,0.080289999999436645
434,4.8318508150000001,FIRST_CENTER_HOLD,1,2.7884001731872559,0,2.8464996814727783,0.058099508285522461,0.0091784374385121114,0.0091784374385121114,-0.10440447400416042,-0.045803567218030146,-0.14726249873638153,-0.01953125,33,0,1,disconnected,-1,-1,0,disconnected,-1,-1,0,9.8169320000005555,0.18306799999944445
435,4.8419999149999997,FIRST_CENTER_HOLD,1,2.7884001731872559,0,2.8463079929351807,0.057907819747924805,0.0091481548887636065,0.0091481548887636065,-0.069668080147764475,-0.053710723287561948,-0.53996247053146362,-0.01953125,33,0,1,disconnected,-1,-1,0,disconnected,-1,-1,0,10.149099999999578,0.1490999999995779
436,4.851875218,FIRST_CENTER_HOLD,1,2.7884001731872559,0,2.8464996814727783,0.058099508285522461,0.0091784374385121114,0.0091784374385121114,-0.00025851219260325677,-0.039530675500139362,-0.14726249873638153,-0.02734375,33,0,1,disconnected,-1,-1,0,disconnected,-1,-1,0,9.8753030000002795,0.1246969999997205
437,4.8618482649999999,FIRST_CENTER_HOLD,1,2.7884001731872559,0,2.8463079929351807,0.057907819747924805,0.0091481548887636065,0.0091481548887636065,-0.00020477270335218204,-0.047411955652380502,-0.4908750057220459,-0.01953125,33,0,1,disconnected,-1,-1,0,disconnected,-1,-1,0,9.9730469999999016,0.02695300000009837
438,4.871848301,FIRST_CENTER_HOLD,1,2.7884001731872559,0,2.846116304397583,0.057716131210327148,0.0091178723390151033,0.0091178723390151033,-0.069631237954895314,-0.060039646667421391,-0.34361249208450317,-0.02734375,33,0,1,disconnected,-1,-1,0,disconnected,-1,-1,0,10.000036000000101,3.6000000100955276e-05
439,4.8818486439999997,FIRST_CENTER_HOLD,1,2.7884001731872559,0,2.8463079929351807,0.057907819747924805,0.0091481548887636065,0.0091481548887636065,-0.034883794793485849,-0.050565144721759069,0.024543749168515205,-0.02734375,33,0,1,disconnected,-1,-1,0,disconnected,-1,-1,0,10.000342999999745,0.000342999999745075
440,4.8918660750000003,FIRST_CENTER_HOLD,1,2.7884001731872559,0,2.8463079929351807,0.057907819747924805,0.0091481548887636065,0.0091481548887636065,-0.034666936780541766,-0.045847925667392125,0.12271875143051147,-0.02734375,33,0,1,disconnected,-1,-1,0,disconnected,-1,-1,0,10.017431000000521,0.017431000000520669
441,4.9018495680000003,FIRST_CENTER_HOLD,1,2.7884001731872559,0,2.8459246158599854,0.057524442672729492,0.0090875897892665983,0.0090875897892665983,-0.052014909556416522,-0.044264946737033836,-0.26998123526573181,-0.01953125,33,0,1,disconnected,-1,-1,0,disconnected,-1,-1,0,9.9834930000000099,0.016506999999990057
442,4.91186817,FIRST_CENTER_HOLD,1,2.7884001731872559,0,2.846116304397583,0.057716131210327148,0.0091178723390151033,0.0091178723390151033,-0.034657432529190652,-0.036349077391523835,0.12271875143051147,-0.01953125,33,0,1,disconnected,-1,-1,0,disconnected,-1,-1,0,10.01860199999971,0.018601999999710017
443,4.9218700320000002,FIRST_CENTER_HOLD,1,2.7884001731872559,0,2.8457326889038086,0.057332515716552734,0.0090572695746552242,0.0090572695746552242,-0.12141354067874918,-0.048993913480671322,0,-0.02734375,33,0,1,disconnected,-1,-1,0,disconnected,-1,-1,0,10.001862000000195,0.0018620000001945414
444,4.9318481399999996,FIRST_CENTER_HOLD,1,2.7884001731872559,0,2.8453493118286133,0.056949138641357422,0.0089967044751582143,0.0089967044751582143,-0.19090004874473401,-0.080513799988322088,-0.17180624604225159,-0.01171875,33,0,1,disconnected,-1,-1,0,disconnected,-1,-1,0,9.9781079999994304,0.021892000000569567
445,4.9418664010000004,FIRST_CENTER_HOLD,1,2.7884001731872559,0,2.8449656963348389,0.056565523147583008,0.0089361017107983352,0.0089361017107983352,-0.24294088912618114,-0.11054383987732541,0.12271875143051147,-0.01953125,33,0,1,disconnected,-1,-1,0,disconnected,-1,-1,0,10.018261000000805,0.018261000000805439
446,4.9518480199999999,FIRST_CENTER_HOLD,1,2.7884001731872559,0,2.8440070152282715,0.055606842041015625,0.0087846512971929431,0.0087846512971929431,-0.45144803323311344,-0.17670542428523608,-0.098174996674060822,-0.01953125,33,0,1,disconnected,-1,-1,0,disconnected,-1,-1,0,9.9816189999994975,0.018381000000502468
447,4.9618646970000002,FIRST_CENTER_HOLD,1,2.7884001731872559,0,2.8430483341217041,0.054648160934448242,0.0086332008835875509,0.0086332008835875509,-0.60753284003615604,-0.2539872569224409,-0.049087498337030411,-0.0234375,33,0,1,disconnected,-1,-1,0,disconnected,-1,-1,0,10.016677000000307,0.016677000000306919
448,4.9718709829999996,FIRST_CENTER_HOLD,1,2.7884001731872559,0,2.8417060375213623,0.053305864334106445,0.0084211477056222797,0.0084211477056222797,-0.83271709282770856,-0.36758524218660632,-0.29452499747276306,-0.01171875,33,0,1,disconnected,-1,-1,0,disconnected,-1,-1,0,10.00628599999942,0.0062859999994202553
449,4.9818521960000002,FIRST_CENTER_HOLD,1,2.7884001731872559,0,2.8397886753082275,0.05138850212097168,0.0081182468784114954,0.0081182468784114954,-1.1454780408718193,-0.53168598252145116,-0.44178751111030579,-0.01171875,33,0,1,disconnected,-1,-1,0,disconnected,-1,-1,0,9.9812130000005439,0.0187869999994561
450,4.9918488529999996,MINUS_5_PROFILE,1,2.7884001731872559,-0,2.8371040821075439,0.048703908920288086,0.0076941405224809512,0.0076941405224809512,-1.5446863735293146,-0.74475718732129592,-0.24543750286102295,0,33,0,1,disconnected,-1,-1,0,disconnected,-1,-1,0,9.9966569999994093,0.0033430000005907345
451,5.0018492390000002,MINUS_5_PROFILE,1,2.7882344541767763,-0.033143802095898151,2.8344197273254395,0.046019554138183594,0.0072700718314132788,0.0072700718314132788,-1.9796247476670918,-0.99247921733522637,-0.24543750286102295,-0.0078125,33,0,1,disconnected,-1,-1,0,disconnected,-1,-1,0,10.000386000000638,0.0003860000006383757
452,5.0118481690000003,MINUS_5_PROFILE,1,2.787737297145338,-0.066287604191796301,2.8319268226623535,0.043526649475097656,0.0068762480252312396,0.0068762480252312396,-2.2574339075897614,-1.2640270792127446,0.024543749168515205,-0.0078125,33,0,1,disconnected,-1,-1,0,disconnected,-1,-1,0,9.9989300000000725,0.0010699999999275178
453,5.0218650699999996,MINUS_5_PROFILE,1,2.7869087020929406,-0.099431406287694452,2.8298177719116211,0.041417598724365234,0.0065430646482719512,0.0065430646482719512,-2.2730349115624322,-1.4974615345884115,-0.31906875967979431,-0.01171875,33,0,1,disconnected,-1,-1,0,disconnected,-1,-1,0,10.016900999999301,0.016900999999300836
454,5.0318498829999996,MINUS_5_PROFILE,1,2.7857486690195841,-0.1325752083835926,2.8279001712799072,0.039499998092651367,0.006240126156198296,0.006240126156198296,-2.0823621157378835,-1.6946234214930416,-0.44178751111030579,-0.01171875,33,0,1,disconnected,-1,-1,0,disconnected,-1,-1,0,9.9848129999999813,0.015187000000018713
455,5.0418483319999998,MINUS_5_PROFILE,1,2.7842571979252684,-0.16571901047949075,2.8263661861419678,0.037966012954711914,0.0059977904284845198,0.0059977904284845198,-1.8224398235058781,-1.8273267603797094,-0.24543750286102295,-0.0234375,33,0,1,disconnected,-1,-1,0,disconnected,-1,-1,0,9.9984490000002424,0.0015509999997576074
456,5.0518479980000004,MINUS_5_PROFILE,1,2.782434288809994,-0.1988628125753889,2.8248322010040283,0.036432027816772461,0.0057554547007707436,0.0057554547007707436,-1.5970482363759626,-1.885664513875388,-0.46633124351501465,-0.01953125,33,0,1,disconnected,-1,-1,0,disconnected,-1,-1,0,9.9996660000005733,0.0003339999994267373
457,5.0618479970000001,MINUS_5_PROFILE,1,2.7802799416737609,-0.23200661467128711,2.8236818313598633,0.035281658172607422,0.0055737217374168474,0.0055737217374168474,-1.3889492734589237,-1.8731608137702829,0.073631249368190765,-0.01953125,33,0,1,disconnected,-1,-1,0,disconnected,-1,-1,0,9.9999989999997041,1.0000002959031917e-06
458,5.0718724799999997,MINUS_5_PROFILE,1,2.7777941565165682,-0.2651504167671852,2.8213808536529541,0.032980680465698242,0.0052102181458461832,0.0052102181458461832,-1.422591961197053,-1.835005145569143,-0.44178751111030579,-0.0234375,33,0,1,disconnected,-1,-1,0,disconnected,-1,-1,0,10.024482999999584,0.024482999999584365
459,5.08184945,MINUS_5_PROFILE,1,2.7749769333384173,-0.29829421886308338,2.8188879489898682,0.030487775802612305,0.0048163943396641439,0.0048163943396641439,-1.6656966357247383,-1.7875746677772646,-0.4908750057220459,-0.01953125,33,0,1,disconnected,-1,-1,0,disconnected,-1,-1,0,9.976970000000307,0.023029999999693018
460,5.0918730310000004,MINUS_5_PROFILE,1,2.7718282721393068,-0.33143802095898151,2.8150529861450195,0.026652812957763672,0.0042105550203797044,0.0042105550203797044,-2.2031531001627545,-1.8047913286746349,-0.68722498416900635,-0.0078125,33,0,1,disconnected,-1,-1,0,disconnected,-1,-1,0,10.023581000000448,0.023581000000447716
461,5.1018700570000002,MINUS_5_PROFILE,1,2.7683481729192376,-0.36458182305487968,2.8100676536560059,0.02166748046875,0.0034229827377413678,0.0034229827377413678,-3.0359837428442438,-1.9561817007154625,-0.31906875967979431,-0.0078125,33,0,1,disconnected,-1,-1,0,disconnected,-1,-1,0,9.9970259999997424,0.0029740000002576039
462,5.111865163,MINUS_5_PROFILE,1,2.7645366356782093,-0.39772562515077781,2.8060410022735596,0.017640829086303711,0.0027868608687084237,0.0027868608687084237,-3.5752173319647667,-2.1833303824541552,-0.31906875967979431,-0.01953125,33,0,1,disconnected,-1,-1,0,disconnected,-1,-1,0,9.9951059999998648,0.0048940000001351791
463,5.121874644,MINUS_5_PROFILE,1,2.7603936604162218,-0.43086942724667598,2.8035480976104736,0.015147924423217773,0.0023930370625263844,0.0023930370625263844,-3.5911216209396839,-2.4025730113598254,-0.41724374890327454,-0.02734375,33,0,1,disconnected,-1,-1,0,disconnected,-1,-1,0,10.009480999999987,0.00948099999998675
464,5.1318518470000001,MINUS_5_PROFILE,1,2.7559192471332756,-0.46401322934257422,2.8022060394287109,0.013805866241455078,0.0021810215494239837,0.0021810215494239837,-2.9170326125953312,-2.5476846570261134,0,-0.03515625,33,0,1,disconnected,-1,-1,0,disconnected,-1,-1,0,9.9772030000000456,0.022796999999954437
465,5.1418705410000003,MINUS_5_PROFILE,1,2.7511133958293703,-0.49715703143847223,2.8010554313659668,0.012655258178710938,0.0019992509212072161,0.0019992509212072161,-1.9788160324708237,-2.6076299186757166,-0.073631249368190765,-0.02734375,33,0,1,disconnected,-1,-1,0,disconnected,-1,-1,0,10.018694000000217,0.018694000000216704
466,5.1518669040000002,MINUS_5_PROFILE,1,2.7459761065045063,-0.53030083353437041,2.7993297576904297,0.010929584503173828,0.0017266326437449359,0.0017266326437449359,-1.4405653580511883,-2.5935597555903964,-0.19634999334812164,-0.0390625,33,0,1,disconnected,-1,-1,0,disconnected,-1,-1,0,9.9963629999999526,0.0036370000000474079
467,5.1618703220000004,MINUS_5_PROFILE,1,2.7405073791586831,-0.56344463563026859,2.7983710765838623,0.0099709033966064453,0.0015751822301395438,0.0015751822301395438,-1.1974499044868867,-2.4722051063870349,-0.049087498337030411,-0.04296875,33,0,1,disconnected,-1,-1,0,disconnected,-1,-1,0,10.003418000000153,0.0034180000001526878
468,5.1718651910000002,MINUS_5_PROFILE,1,2.7347072137919008,-0.59658843772616676,2.7968370914459229,0.0084369182586669922,0.0013328465024257678,0.0013328465024257678,-1.214573182473109,-2.253099020959862,0,-0.0390625,33,0,1,disconnected,-1,-1,0,disconnected,-1,-1,0,9.9948689999997953,0.0051310000002047218
469,5.1818520279999998,MINUS_5_PROFILE,1,2.7285756104041599,-0.62973223982206483,2.7939608097076416,0.0055606365203857422,0.00087845759674672009,0.00087845759674672009,-1.510461031999297,-2.0449254597750368,-0.53996247053146362,-0.03515625,33,0,1,disconnected,-1,-1,0,disconnected,-1,-1,0,9.9868369999995821,0.013163000000417924
470,5.1918736799999996,MINUS_5_PROFILE,1,2.7221125689954597,-0.66287604191796301,2.7899341583251953,0.0015339851379394531,0.00024233572771377597,0.00024233572771377597,-2.1003266303230168,-1.8997880240492588,-0.85903126001358032,-0.0390625,33,0,1,disconnected,-1,-1,0,disconnected,-1,-1,0,10.021651999999825,0.021651999999825478
471,5.2018746010000001,MINUS_5_PROFILE,1,2.7153180895658005,-0.69601984401386119,2.7851402759552002,-0.0032598972320556641,-0.00051499167003892735,-0.00051499167003892735,-3.0197054711535056,-1.9028597840582933,-0.68722498416900635,-0.0390625,33,0,1,disconnected,-1,-1,0,disconnected,-1,-1,0,10.000921000000496,0.00092100000049555319
472,5.211866831,MINUS_5_PROFILE,1,2.7081921721151825,-0.72916364610975937,2.7811136245727539,-0.0072865486145019531,-0.0011511135390718714,-0.0011511135390718714,-3.6438988603356015,-2.0716480248959179,-0.58904999494552612,-0.0546875,33,0,1,disconnected,-1,-1,0,disconnected,-1,-1,0,9.9922299999999353,0.0077700000000646696
473,5.2218490229999999,MINUS_5_PROFILE,1,2.7007348166436054,-0.76230744820565743,2.7782373428344727,-0.010162830352783203,-0.0016055024447509192,-0.0016055024447509192,-3.645416117938229,-2.3195195116441036,-0.36815625429153442,-0.0546875,33,0,1,disconnected,-1,-1,0,disconnected,-1,-1,0,9.9821919999998343,0.017808000000165691
474,5.2319864049999998,MINUS_5_PROFILE,1,2.6929460231510691,-0.79545125030155561,2.7753612995147705,-0.013038873672485352,-0.0020598536855670957,-0.0020598536855670957,-3.2556988567495377,-2.5784376374192517,-0.41724374890327454,-0.05859375,33,0,1,disconnected,-1,-1,0,disconnected,-1,-1,0,10.137381999999917,0.13738199999991707
475,5.2419782980000003,MINUS_5_PROFILE,1,2.6848257916375742,-0.82859505239745379,2.7717180252075195,-0.016682147979736328,-0.0026354104551030316,-0.0026354104551030316,-2.9405687788334469,-2.8219383063960981,-0.24543750286102295,-0.05859375,33,0,1,disconnected,-1,-1,0,disconnected,-1,-1,0,9.9918930000004735,0.0081069999995264652
476,5.2519861649999999,MINUS_5_PROFILE,1,2.6763741221031201,-0.86173885449335197,2.7661573886871338,-0.02224278450012207,-0.0035138680518497513,-0.0035138680518497513,-3.2849159775879833,-3.0997971442020766,-0.9817500114440918,-0.05078125,33,0,1,disconnected,-1,-1,0,disconnected,-1,-1,0,10.007866999999671,0.0078669999996705542
477,5.2619517770000002,MINUS_5_PROFILE,1,2.6675910145477069,-0.89488265658925015,2.7581038475036621,-0.03029632568359375,-0.0047861494547785108,-0.0047861494547785108,-4.4662156314362083,-3.5074473139053093,-0.68722498416900635,-0.04296875,33,0,1,disconnected,-1,-1,0,disconnected,-1,-1,0,9.9656120000002346,0.034387999999765384
478,5.2719596190000004,MINUS_5_PROFILE,1,2.6584764689713349,-0.92802645868514844,2.7508175373077393,-0.037582635879516602,-0.0059372253289875108,-0.0059372253289875108,-5.6797700738011541,-3.9229769684957971,-0.83448749780654907,-0.05078125,33,0,1,disconnected,-1,-1,0,disconnected,-1,-1,0,10.007842000000267,0.0078420000002665802
479,5.281880804,MINUS_5_PROFILE,1,2.6490304853740043,-0.96117026078104639,2.7435309886932373,-0.044869184494018555,-0.0070883388680593826,-0.0070883388680593826,-6.5053204171594183,-4.3244153254962665,-0.90811872482299805,-0.0390625,33,0,1,disconnected,-1,-1,0,disconnected,-1,-1,0,9.9211849999996105,0.078815000000389546
480,5.2919924900000002,MINUS_5_PROFILE,1,2.6392530637557141,-0.99431406287694446,2.7324097156524658,-0.055990457534790039,-0.0088452540615528222,-0.0088452540615528222,-7.4342500303646197,-4.8856555077290258,-0.9817500114440918,-0.02734375,33,0,1,disconnected,-1,-1,0,disconnected,-1,-1,0,10.11168600000012,0.11168600000011963
481,5.301877374,MINUS_5_PROFILE,1,2.6291442041164652,-1.0274578649728427,2.7224388122558594,-0.065961360931396484,-0.010420436291692366,-0.010420436291692366,-8.1325583584918419,-5.5514762683057235,-1.006293773651123,-0.0390625,33,0,1,disconnected,-1,-1,0,disconnected,-1,-1,0,9.8848839999998717,0.11511600000012834
482,5.3119992619999996,MINUS_5_PROFILE,1,2.6187039064562572,-1.0606016670687408,2.7072906494140625,-0.081109523773193359,-0.012813511019081621,-0.012813511019081621,-9.7842286366549818,-6.5201760292436912,-2.208937406539917,0,33,0,1,disconnected,-1,-1,0,disconnected,-1,-1,0,10.121887999999579,0.12188799999957922
483,5.3220450880000003,MINUS_5_PROFILE,1,2.6079321707750904,-1.0937454691646391,2.6892664432525635,-0.099133729934692383,-0.015660936987287054,-0.015660936987287054,-12.059236995055677,-7.7887535947868027,-1.9389562606811523,0.00390625,33,0,1,disconnected,-1,-1,0,disconnected,-1,-1,0,10.045826000000702,0.045826000000701583
484,5.3318513059999999,MINUS_5_PROFILE,1,2.5969026499665109,-1.1047934031966051,2.6716256141662598,-0.11677455902099609,-0.018447797855995478,-0.018447797855995478,-14.021619937131572,-9.1777466185239778,-1.8162374496459961,-0.0078125,33,0,1,disconnected,-1,-1,0,disconnected,-1,-1,0,9.8062179999995891,0.1937820000004109
485,5.3418645949999997,MINUS_5_PROFILE,1,2.5858547159345449,-1.1047934031966051,2.6547517776489258,-0.13364839553833008,-0.021113490860847014,-0.021113490860847014,-15.506397986977934,-10.519700811966008,-1.5707999467849731,0.00390625,33,0,1,disconnected,-1,-1,0,disconnected,-1,-1,0,10.013288999999759,0.013288999999758744
486,5.3518482870000001,MINUS_5_PROFILE,1,2.5748067819025788,-1.1047934031966051,2.6415209770202637,-0.14687919616699219,-0.023203664761025485,-0.023203664761025485,-15.102047268902727,-11.594364414346499,-1.6935187578201294,-0.01953125,33,0,1,disconnected,-1,-1,0,disconnected,-1,-1,0,9.9836920000004881,0.016307999999511935
487,5.3618672509999996,MINUS_5_PROFILE,1,2.5637588478706128,-1.1047934031966051,2.6282904148101807,-0.1601097583770752,-0.025293800996341084,-0.025293800996341084,-13.809613892016959,-12.413939035719919,-0.9326624870300293,-0.02734375,33,0,1,disconnected,-1,-1,0,disconnected,-1,-1,0,10.018963999999464,0.018963999999463965
488,5.3718721499999997,MINUS_5_PROFILE,1,2.5527109138386468,-1.1047934031966051,2.6206204891204834,-0.16777968406677246,-0.026505479634909963,-0.026505479634909963,-11.623296404777907,-12.812877305332808,-0.78539997339248657,-0.04296875,33,0,1,disconnected,-1,-1,0,disconnected,-1,-1,0,10.004899000000123,0.0048990000001225553
489,5.381851589,MINUS_5_PROFILE,1,2.5416629798066808,-1.1047934031966051,2.6121835708618164,-0.17621660232543945,-0.027838326137335733,-0.027838326137335733,-9.598333549538026,-12.786576022997343,-0.7608562707901001,-0.04296875,33,0,1,disconnected,-1,-1,0,disconnected,-1,-1,0,9.9794390000003119,0.020560999999688079
490,5.391871707,MINUS_5_PROFILE,1,2.5306150457747147,-1.1047934031966051,2.6050889492034912,-0.18331122398376465,-0.028959119461796228,-0.028959119461796228,-8.0509538049713765,-12.273282101487149,-0.4908750057220459,-0.0546875,33,0,1,disconnected,-1,-1,0,disconnected,-1,-1,0,10.020117999999911,0.020117999999911262
491,5.4018710130000001,MINUS_5_PROFILE,1,2.5195671117427487,-1.1047934031966051,2.5999116897583008,-0.18848848342895508,-0.029777011959045939,-0.029777011959045939,-6.5425909192676679,-11.374899047056413,-0.44178751111030579,-0.06640625,33,0,1,disconnected,-1,-1,0,disconnected,-1,-1,0,9.9993060000000966,0.00069399999990338301
492,5.4118488669999998,MINUS_5_PROFILE,1,2.5085191777107827,-1.1047934031966051,2.5935840606689453,-0.19481611251831055,-0.030776637419649547,-0.030776637419649547,-6.0067825404137407,-10.144847671039457,-1.006293773651123,-0.05859375,33,0,1,disconnected,-1,-1,0,disconnected,-1,-1,0,9.9778539999997307,0.022146000000269339
493,5.4218486029999999,MINUS_5_PROFILE,1,2.4974712436788167,-1.1047934031966051,2.5851471424102783,-0.20325303077697754,-0.032109483922075313,-0.032109483922075313,-5.9374445364185817,-8.9442932945571574,-0.90811872482299805,-0.05078125,33,0,1,disconnected,-1,-1,0,disconnected,-1,-1,0,9.9997360000001478,0.00026399999985216027
494,5.4318541519999997,MINUS_5_PROFILE,1,2.4864233096468507,-1.1047934031966051,2.5770938396453857,-0.21130633354187012,-0.033381727660141206,-0.033381727660141206,-6.4081917597474654,-7.9590202207028673,-0.61359375715255737,-0.05078125,33,0,1,disconnected,-1,-1,0,disconnected,-1,-1,0,10.005548999999725,0.0055489999997249129
495,5.4420286009999996,MINUS_5_PROFILE,1,2.4753753756148846,-1.1047934031966051,2.5690402984619141,-0.2193598747253418,-0.034654009063069965,-0.034654009063069965,-7.0590893375038428,-7.2528479367827563,-1.0799249410629272,-0.0546875,33,0,1,disconnected,-1,-1,0,disconnected,-1,-1,0,10.174448999999974,0.17444899999997432
496,5.4519844080000004,MINUS_5_PROFILE,1,2.4643274415829186,-1.1047934031966051,2.5573437213897705,-0.23105645179748535,-0.036501809570671791,-0.036501809570671791,-7.9816822645241867,-7.0199002068925127,-1.5707999467849731,-0.02734375,33,0,1,disconnected,-1,-1,0,disconnected,-1,-1,0,9.9558070000007604,0.044192999999239646
497,5.4619874639999999,MINUS_5_PROFILE,1,2.4532795075509521,-1.1047934031966051,2.5458388328552246,-0.24256134033203125,-0.038319327528525106,-0.038319327528525106,-8.8652383798276322,-7.1128567532811804,-1.3499062061309814,-0.0390625,33,0,1,disconnected,-1,-1,0,disconnected,-1,-1,0,10.003055999999511,0.0030559999995105613
498,5.4718523369999996,MINUS_5_PROFILE,1,2.4422315735189866,-1.1047934031966051,2.5301153659820557,-0.2582848072052002,-0.040803287570022745,-0.040803287570022745,-10.602972008959048,-7.7213673902871012,-1.7180625200271606,-0.01171875,33,0,1,disconnected,-1,-1,0,disconnected,-1,-1,0,9.8648729999997187,0.13512700000028133
499,5.4818496300000001,MINUS_5_PROFILE,1,2.4311836394870201,-1.1047934031966051,2.5138168334960938,-0.27458333969116211,-0.0433780952607659,-0.0433780952607659,-12.522042778392256,-8.5713150392686526,-2.0371313095092773,0,33,0,1,disconnected,-1,-1,0,disconnected,-1,-1,0,9.9972930000005178,0.0027069999994822069
500,5.4918639139999996,MINUS_5_PROFILE,1,2.4201357054550541,-1.1047934031966051,2.4984769821166992,-0.28992319107055664,-0.045801452537903659,-0.045801452537903659,-13.606518466013618,-9.5915452778711998,-1.3499062061309814,-0.02734375,33,0,1,disconnected,-1,-1,0,disconnected,-1,-1,0,10.014283999999485,0.01428399999948482
501,5.501864232,MINUS_5_PROFILE,1,2.4092534904335676,-1.0716496011007068,2.4856300354003906,-0.30277013778686523,-0.047830986008859377,-0.047830986008859377,-13.794739782080597,-10.555018324943717,-1.6689749956130981,-0.01171875,33,0,1,disconnected,-1,-1,0,disconnected,-1,-1,0,10.000318000000341,0.00031800000034110099
502,5.5118693759999999,MINUS_5_PROFILE,1,2.3987027134330399,-1.038505799004809,2.4737415313720703,-0.31465864181518555,-0.04970910673107258,-0.04970910673107258,-12.750434968969888,-11.280772297939684,-1.2762750387191772,-0.03515625,33,0,1,disconnected,-1,-1,0,disconnected,-1,-1,0,10.005143999999966,0.0051439999999658426
503,5.5218665659999999,MINUS_5_PROFILE,1,2.3884833744534717,-1.0053619969089107,2.4620449542999268,-0.3263552188873291,-0.051556907238674399,-0.051556907238674399,-11.606754871002174,-11.764101270406798,-1.251731276512146,-0.01171875,33,0,1,disconnected,-1,-1,0,disconnected,-1,-1,0,9.9971899999999891,0.0028100000000108594
504,5.5318763820000001,MINUS_5_PROFILE,1,2.3785954734948618,-0.97221819481301253,2.45284104347229,-0.33555912971496582,-0.053010921604957059,-0.053010921604957059,-10.393326607609362,-11.960012460497966,-0.88357502222061157,-0.0390625,33,0,1,disconnected,-1,-1,0,disconnected,-1,-1,0,10.009816000000171,0.0098160000001712433
505,5.5418682429999997,MINUS_5_PROFILE,1,2.369039010557211,-0.93907439271711424,2.4463214874267578,-0.34207868576049805,-0.054040867280172038,-0.054040867280172038,-9.006574106375604,-11.732559951951375,-1.0553812980651855,-0.04296875,33,0,1,disconnected,-1,-1,0,disconnected,-1,-1,0,9.9918609999996022,0.0081390000003978002
506,5.5518654290000002,MINUS_5_PROFILE,1,2.3598139856405194,-0.90593059062121606,2.4382681846618652,-0.35013198852539062,-0.05531311101823793,-0.05531311101823793,-7.8455272679590804,-11.146568887272254,-0.9326624870300293,-0.0390625,33,0,1,disconnected,-1,-1,0,disconnected,-1,-1,0,9.9971860000005464,0.0028139999994536424
507,5.5618675480000004,MINUS_5_PROFILE,1,2.3509203987447869,-0.87278678852531788,2.430598258972168,-0.35780191421508789,-0.056524789656806809,-0.056524789656806809,-7.0125376099416803,-10.379301616057775,-0.90811872482299805,-0.0390625,33,0,1,disconnected,-1,-1,0,disconnected,-1,-1,0,10.002119000000143,0.0021190000001425346
508,5.5718733870000001,MINUS_5_PROFILE,1,2.3423582498700135,-0.83964298642942004,2.4246540069580078,-0.36374616622924805,-0.057463850017913411,-0.057463850017913411,-6.5262706079493613,-9.3817741044141965,-0.9817500114440918,-0.05078125,33,0,1,disconnected,-1,-1,0,disconnected,-1,-1,0,10.005838999999739,0.0058389999997388031
509,5.5818519169999998,MINUS_5_PROFILE,1,2.3341275390161984,-0.80649918433352186,2.4177510738372803,-0.37064909934997559,-0.058554360792625403,-0.058554360792625403,-6.4059786505259053,-8.4537787829373023,-0.7608562707901001,-0.03515625,33,0,1,disconnected,-1,-1,0,disconnected,-1,-1,0,9.9785299999997079,0.021470000000292089
510,5.5918734880000001,MINUS_5_PROFILE,1,2.3262282661833429,-0.77335538223762368,2.4070131778717041,-0.38138699531555176,-0.06025071088662183,-0.06025071088662183,-6.8211495401024651,-7.846572248407977,-1.1290124654769897,-0.01953125,33,0,1,disconnected,-1,-1,0,disconnected,-1,-1,0,10.021571000000229,0.021571000000228935
511,5.6018482949999999,MINUS_5_PROFILE,1,2.3186604313714461,-0.7402115801417255,2.3983845710754395,-0.39001560211181641,-0.061613839938796107,-0.061613839938796107,-7.4313500714666132,-7.4733901634015671,-0.95720624923706055,-0.02734375,33,0,1,disconnected,-1,-1,0,disconnected,-1,-1,0,9.9748069999998634,0.025193000000136578
512,5.6118664980000004,MINUS_5_PROFILE,1,2.3114240345805084,-0.70706777804582743,2.387263298034668,-0.40113687515258789,-0.063370755132289541,-0.063370755132289541,-8.5236239467876818,-7.3676840292994052,-1.2762750387191772,-0.0078125,33,0,1,disconnected,-1,-1,0,disconnected,-1,-1,0,10.018203000000447,0.018203000000447389
513,5.6218722669999996,MINUS_5_PROFILE,1,2.3045190758105294,-0.67392397594992925,2.3765254020690918,-0.41187477111816406,-0.065067105226285976,-0.065067105226285976,-9.2478013517406037,-7.480991589989781,-1.153556227684021,-0.01171875,33,0,1,disconnected,-1,-1,0,disconnected,-1,-1,0,10.005768999999276,0.0057689999992760477
514,5.6318498180000001,MINUS_5_PROFILE,1,2.2979455550615095,-0.64078017385403097,2.3659791946411133,-0.42242097854614258,-0.066733172770533908,-0.066733172770533908,-9.4092975186485894,-7.8065828654355691,-1.3744499683380127,-0.00390625,33,0,1,disconnected,-1,-1,0,disconnected,-1,-1,0,9.9775510000004175,0.022448999999582497
515,5.6418692420000003,MINUS_5_PROFILE,1,2.2917034723334488,-0.60763637175813279,2.3533236980438232,-0.43507647514343262,-0.068732461356603991,-0.068732461356603991,-10.081414204711924,-8.3156285121094786,-0.9817500114440918,0,33,0,1,disconnected,-1,-1,0,disconnected,-1,-1,0,10.019424000000221,0.019424000000221042
516,5.6518483469999996,MINUS_5_PROFILE,1,2.2857928276263468,-0.57449256966223472,2.3435447216033936,-0.4448554515838623,-0.070277323372132161,-0.070277323372132161,-10.018546563461358,-8.7310159523776054,-1.0308375358581543,-0.00390625,33,0,1,disconnected,-1,-1,0,disconnected,-1,-1,0,9.979104999999322,0.02089500000067801
517,5.6618672380000001,MINUS_5_PROFILE,1,2.280213620940204,-0.54134876756633654,2.332423210144043,-0.45597696304321289,-0.07203427623048847,-0.07203427623048847,-10.015735615196236,-9.1551758721010241,-1.3008188009262085,0,33,0,1,disconnected,-1,-1,0,disconnected,-1,-1,0,10.018891000000529,0.018891000000529345
518,5.671871307,MINUS_5_PROFILE,1,2.2749658522750202,-0.50820496547043825,2.3260955810546875,-0.46230459213256836,-0.073033901691092085,-0.073033901691092085,-9.1082387759548435,-9.3470238479128138,-0.63813751935958862,-0.01953125,33,0,1,disconnected,-1,-1,0,disconnected,-1,-1,0,10.004068999999838,0.0040689999998377857
519,5.6818496500000002,MINUS_5_PROFILE,1,2.2700495216307952,-0.47506116337454007,2.3216853141784668,-0.46671485900878906,-0.073730626324484905,-0.073730626324484905,-7.3084688890192702,-9.1546054177068577,-0.61359375715255737,-0.0234375,33,0,1,disconnected,-1,-1,0,disconnected,-1,-1,0,9.9783430000002227,0.021656999999777327
520,5.6918689149999997,MINUS_5_PROFILE,1,2.2654646290075293,-0.4419173612786419,2.3165080547332764,-0.47189211845397949,-0.074548518821734619,-0.074548518821734619,-5.8654841623492056,-8.6686656586511361,-0.46633124351501465,-0.0078125,33,0,1,disconnected,-1,-1,0,disconnected,-1,-1,0,10.0192649999995,0.019264999999499821
521,5.7018482089999996,MINUS_5_PROFILE,1,2.2612111744052226,-0.40877355918274411,2.311331033706665,-0.47706913948059082,-0.075366373654121452,-0.075366373654121452,-4.6880585276374616,-8.092902449235936,-0.7608562707901001,-0.01953125,33,0,1,disconnected,-1,-1,0,disconnected,-1,-1,0,9.9792939999998609,0.020706000000139113
522,5.7118674650000001,MINUS_5_PROFILE,1,2.2572891578238745,-0.37562975708684593,2.3078794479370117,-0.48052072525024414,-0.075911647873908888,-0.075911647873908888,-4.2351831102667656,-7.2977336930124599,-0.41724374890327454,-0.0234375,33,0,1,disconnected,-1,-1,0,disconnected,-1,-1,0,10.019256000000532,0.019256000000531515
523,5.7218731260000002,MINUS_5_PROFILE,1,2.2536985792634856,-0.34248595499094775,2.3055784702301025,-0.48282170295715332,-0.076275151465479557,-0.076275151465479557,-3.6950151299825458,-6.4009205292205866,-0.24543750286102295,-0.02734375,33,0,1,disconnected,-1,-1,0,disconnected,-1,-1,0,10.00566100000011,0.0056610000001100502
524,5.7319193789999998,MINUS_5_PROFILE,1,2.2504394387240558,-0.30934215289504957,2.3044281005859375,-0.48397207260131836,-0.076456884428833444,-0.076456884428833444,-2.7033891427422403,-5.4081485589174942,0.12271875143051147,-0.0390625,33,0,1,disconnected,-1,-1,0,disconnected,-1,-1,0,10.046252999999616,0.046252999999616407
525,5.741969653,MINUS_5_PROFILE,1,2.2475117362055848,-0.27619835079915134,2.3038527965545654,-0.48454737663269043,-0.076547769742941835,-0.076547769742941835,-1.6608258108488001,-4.3665825939676655,0.024543749168515205,-0.0390625,33,0,1,disconnected,-1,-1,0,disconnected,-1,-1,0,10.050274000000137,0.050274000000136709
526,5.7519537710000002,MINUS_5_PROFILE,1,2.2449154717080724,-0.24305454870325321,2.303469181060791,-0.48493099212646484,-0.076608372507301709,-0.076608372507301709,-0.95204237514148071,-3.4559571889824467,0,-0.02734375,33,0,1,disconnected,-1,-1,0,disconnected,-1,-1,0,9.9841180000002083,0.015881999999791674
527,5.7620640759999997,MINUS_5_PROFILE,1,2.2426506452315196,-0.20991074660735501,2.3032774925231934,-0.4851226806640625,-0.076638655057050212,-0.076638655057050212,-0.50119799057421333,-2.6249051700709827,0,-0.0390625,33,0,1,disconnected,-1,-1,0,disconnected,-1,-1,0,10.110304999999542,0.11030499999954202
528,5.7718934739999996,MINUS_5_PROFILE,1,2.2407172567759255,-0.17676694451145686,2.3030858039855957,-0.48531436920166016,-0.076668937606798715,-0.076668937606798715,-0.29508125025982979,-2.0228467886339376,0,-0.0390625,33,0,1,disconnected,-1,-1,0,disconnected,-1,-1,0,9.8293979999999337,0.17060200000006631
529,5.78189142,MINUS_5_PROFILE,1,2.2391153063412905,-0.14362314241555868,2.302894115447998,-0.48550605773925781,-0.076699220156547218,-0.076699220156547218,-0.20874899639117486,-1.499070205506871,-0.22089375555515289,-0.0390625,33,0,1,disconnected,-1,-1,0,disconnected,-1,-1,0,9.9979460000003684,0.0020539999996316283
530,5.7918967459999999,MINUS_5_PROFILE,1,2.2378447939276143,-0.11047934031966047,2.3027021884918213,-0.48569798469543457,-0.076729540371158603,-0.076729540371158603,-0.17404601943305917,-1.0094286583975463,0.024543749168515205,-0.0390625,33,0,1,disconnected,-1,-1,0,disconnected,-1,-1,0,10.005325999999926,0.0053259999999255569
531,5.8020081970000001,MINUS_5_PROFILE,1,2.2369057195348971,-0.07733553822376231,2.3027021884918213,-0.48569798469543457,-0.076729540371158603,-0.076729540371158603,-0.13887962284437097,-0.61819737318164281,-0.36815625429153442,-0.0390625,33,0,1,disconnected,-1,-1,0,disconnected,-1,-1,0,10.111451000000216,0.11145100000021557
532,5.8120177120000003,MINUS_5_PROFILE,1,2.2362980831631392,-0.044191736127864117,2.302894115447998,-0.48550605773925781,-0.076699220156547218,-0.076699220156547218,-0.0518154801643795,-0.36108360216386853,0,-0.03515625,33,0,1,disconnected,-1,-1,0,disconnected,-1,-1,0,10.009515000000135,0.0095150000001353874
533,5.8220551780000003,MINUS_5_PROFILE,1,2.2360218848123399,-0.011047934031965937,2.302894115447998,-0.48550605773925781,-0.076699220156547218,-0.076699220156547218,0.017291001354787144,-0.20489693630233588,0,-0.03515625,33,0,1,disconnected,-1,-1,0,disconnected,-1,-1,0,10.037465999999995,0.037465999999994892
534,5.8318829579999996,MINUS_5_PROFILE,1,2.2360034715889534,-0,2.3030858039855957,-0.48531436920166016,-0.076668937606798715,-0.076668937606798715,0.086695768656431429,-0.11358245730148051,-0.24543750286102295,-0.02734375,33,0,1,disconnected,-1,-1,0,disconnected,-1,-1,0,9.8277799999992865,0.17222000000071347
535,5.8419918979999998,MINUS_5_HOLD,1,2.2360034715889534,0,2.3030858039855957,-0.48531436920166016,-0.076668937606798715,-0.076668937606798715,0.086869468132064864,-0.05834305218732052,0.049087498337030411,-0.02734375,33,0,1,disconnected,-1,-1,0,disconnected,-1,-1,0,10.108940000000288,0.10894000000028825
536,5.8519995739999997,MINUS_5_HOLD,1,2.2360034715889534,0,2.3030858039855957,-0.48531436920166016,-0.076668937606798715,-0.076668937606798715,0.051991498802170813,-0.020478573903231597,0.12271875143051147,-0.02734375,33,0,1,disconnected,-1,-1,0,disconnected,-1,-1,0,10.007675999999854,0.0076759999998543549
537,5.8620183529999998,MINUS_5_HOLD,1,2.2360034715889534,0,2.3027021884918213,-0.48569798469543457,-0.076729540371158603,-0.076729540371158603,-0.034927473868334218,-0.011027056642701013,-0.24543750286102295,-0.0234375,33,0,1,disconnected,-1,-1,0,disconnected,-1,-1,0,10.018779000000144,0.018779000000144208
538,5.8719593520000002,MINUS_5_HOLD,1,2.2360034715889534,0,2.302894115447998,-0.48550605773925781,-0.076699220156547218,-0.076699220156547218,-0.069321970410673409,0.0031320451672333083,-0.049087498337030411,-0.02734375,33,0,1,disconnected,-1,-1,0,disconnected,-1,-1,0,9.940999000000339,0.059000999999661019
539,5.8819981319999997,MINUS_5_HOLD,1,2.2360034715889534,0,2.302894115447998,-0.48550605773925781,-0.076699220156547218,-0.076699220156547218,-0.052116050986796496,0.011027077494653198,-0.34361249208450317,-0.02734375,33,0,1,disconnected,-1,-1,0,disconnected,-1,-1,0,10.03877999999947,0.038779999999469794
540,5.8920530759999998,MINUS_5_HOLD,1,2.2360034715889534,0,2.302894115447998,-0.48550605773925781,-0.076699220156547218,-0.076699220156547218,-0.01733149048084788,0.011035083521552962,-0.31906875967979431,-0.02734375,33,0,1,disconnected,-1,-1,0,disconnected,-1,-1,0,10.054944000000177,0.054944000000176629
541,5.9019905609999999,MINUS_5_HOLD,1,2.2360034715889534,0,2.302894115447998,-0.48550605773925781,-0.076699220156547218,-0.076699220156547218,0.034692658665328217,0.0015613575678661929,0,-0.0234375,33,0,1,disconnected,-1,-1,0,disconnected,-1,-1,0,9.9374850000000237,0.062514999999976339
542,5.9120682020000004,MINUS_5_HOLD,1,2.2360034715889534,0,2.3027021884918213,-0.48569798469543457,-0.076729540371158603,-0.076729540371158603,-0.034692717444687562,-0.017379307491438581,-0.26998123526573181,-0.02734375,33,0,1,disconnected,-1,-1,0,disconnected,-1,-1,0,10.077641000000526,0.077641000000525651
543,5.9220025820000002,MINUS_5_HOLD,1,2.2360034715889534,0,2.302894115447998,-0.48550605773925781,-0.076699220156547218,-0.076699220156547218,-0.017443109765640352,-0.018948233525543114,-0.098174996674060822,-0.02734375,33,0,1,disconnected,-1,-1,0,disconnected,-1,-1,0,9.9343799999997984,0.065620000000201628
544,5.9318506480000002,MINUS_5_HOLD,1,2.2360034715889534,0,2.302894115447998,-0.48550605773925781,-0.076699220156547218,-0.076699220156547218,-0.00013164889530741341,-0.020533324317039942,0,-0.02734375,33,0,1,disconnected,-1,-1,0,disconnected,-1,-1,0,9.8480659999999887,0.15193400000001134
545,5.9419585489999998,MINUS_5_HOLD,1,2.2360034715889534,0,2.302894115447998,-0.48550605773925781,-0.076699220156547218,-0.076699220156547218,0.017305760519799214,-0.0126454407530477,-0.17180624604225159,-0.02734375,33,0,1,disconnected,-1,-1,0,disconnected,-1,-1,0,10.107900999999586,0.10790099999958613
546,5.9520120030000001,MINUS_5_HOLD,1,2.2360034715889534,0,2.302894115447998,-0.48550605773925781,-0.076699220156547218,-0.076699220156547218,0.034696026686350898,-0.0031665379942403976,-0.31906875967979431,-0.02734375,33,0,1,disconnected,-1,-1,0,disconnected,-1,-1,0,10.05345400000035,0.053454000000350277
547,5.9619590210000002,MINUS_5_HOLD,1,2.2360034715889534,0,2.302894115447998,-0.48550605773925781,-0.076699220156547218,-0.076699220156547218,0,0.0078876139109883871,0.049087498337030411,-0.03515625,33,0,1,disconnected,-1,-1,0,disconnected,-1,-1,0,9.9470180000000852,0.052981999999914819
548,5.9718776099999999,MINUS_5_HOLD,1,2.2360034715889534,0,2.302894115447998,-0.48550605773925781,-0.076699220156547218,-0.076699220156547218,0,0.0015673978910989846,0,-0.02734375,33,0,1,disconnected,-1,-1,0,disconnected,-1,-1,0,9.9185889999997556,0.081411000000244371
549,5.9818527850000001,MINUS_5_HOLD,1,2.2360034715889534,0,2.3027021884918213,-0.48569798469543457,-0.076729540371158603,-0.076729540371158603,-0.034847297271456135,-0.0047506991654581356,-0.39269998669624329,-0.02734375,33,0,1,disconnected,-1,-1,0,disconnected,-1,-1,0,9.9751750000001138,0.024824999999886188
550,5.9919063640000001,MINUS_5_HOLD,1,2.2360034715889534,0,2.302894115447998,-0.48550605773925781,-0.076699220156547218,-0.076699220156547218,-0.017362703856790569,-0.0015853970875589051,0.12271875143051147,-0.02734375,33,0,1,disconnected,-1,-1,0,disconnected,-1,-1,0,10.053579000000035,0.053579000000034682
551,6.0018673610000004,MINUS_5_HOLD,1,2.2360034715889534,0,2.3030858039855957,-0.48531436920166016,-0.076668937606798715,-0.076668937606798715,0.034834059831503277,0.0094766156860733013,0.073631249368190765,-0.03515625,33,0,1,disconnected,-1,-1,0,disconnected,-1,-1,0,9.9609970000003045,0.039002999999695476
552,6.012018672,MINUS_5_HOLD,1,2.2360034715889534,0,2.302894115447998,-0.48550605773925781,-0.076699220156547218,-0.076699220156547218,0.03454263684130069,0.011049120341891951,-0.24543750286102295,-0.02734375,33,0,1,disconnected,-1,-1,0,disconnected,-1,-1,0,10.151310999999552,0.15131099999955211
553,6.021992966,MINUS_5_HOLD,1,2.2360034715889534,0,2.3030858039855957,-0.48531436920166016,-0.076668937606798715,-0.076668937606798715,0.069040726829695337,0.011049901342960935,-0.29452499747276306,-0.0234375,33,0,1,disconnected,-1,-1,0,disconnected,-1,-1,0,9.9742940000000502,0.025705999999949825
554,6.0318509689999997,MINUS_5_HOLD,1,2.2360034715889534,0,2.302894115447998,-0.48550605773925781,-0.076699220156547218,-0.076699220156547218,1.0050093787847448e-05,0.009477291382904502,0,-0.02734375,33,0,1,disconnected,-1,-1,0,disconnected,-1,-1,0,9.8580029999997265,0.14199700000027349
555,6.0419874650000001,MINUS_5_HOLD,1,2.2360034715889534,0,2.3027021884918213,-0.48569798469543457,-0.076729540371158603,-0.076729540371158603,-0.069465858782421355,-4.6756537874249379e-06,-0.34361249208450317,-0.02734375,33,0,1,disconnected,-1,-1,0,disconnected,-1,-1,0,10.136496000000328,0.13649600000032791
556,6.0519880730000004,MINUS_5_HOLD,1,2.2360034715889534,0,2.302894115447998,-0.48550605773925781,-0.076699220156547218,-0.076699220156547218,-0.034759078255942738,-7.4963382166066946e-07,-0.36815625429153442,-0.0234375,33,0,1,disconnected,-1,-1,0,disconnected,-1,-1,0,10.000608000000355,0.00060800000035499124
557,6.0619927819999999,MINUS_5_HOLD,1,2.2360034715889534,0,2.302894115447998,-0.48550605773925781,-0.076699220156547218,-0.076699220156547218,-0.034596604868814815,3.1670237642954795e-06,-0.24543750286102295,-0.03515625,33,0,1,disconnected,-1,-1,0,disconnected,-1,-1,0,10.004708999999501,0.004708999999500918
558,6.0719571649999997,MINUS_5_HOLD,1,2.2360034715889534,0,2.3027021884918213,-0.48569798469543457,-0.076729540371158603,-0.076729540371158603,-0.017355533811875871,-0.0078744660477698264,-0.31906875967979431,-0.02734375,33,0,1,disconnected,-1,-1,0,disconnected,-1,-1,0,9.964382999999799,0.03561700000020096
559,6.0818542860000004,MINUS_5_HOLD,1,2.2360034715889534,0,2.302894115447998,-0.48550605773925781,-0.076699220156547218,-0.076699220156547218,0.017418679343471584,-0.006303887962068635,0.12271875143051147,-0.02734375,33,0,1,disconnected,-1,-1,0,disconnected,-1,-1,0,9.8971210000007304,0.10287899999926964
560,6.0919595019999999,MINUS_5_HOLD,1,2.2360034715889534,0,2.3027021884918213,-0.48569798469543457,-0.076729540371158603,-0.076729540371158603,-0.03490825291703116,-0.022107449241579282,-0.24543750286102295,-0.02734375,33,0,1,disconnected,-1,-1,0,disconnected,-1,-1,0,10.105215999999473,0.10521599999947284
561,6.1019641130000002,MINUS_5_HOLD,1,2.2360034715889534,0,2.3027021884918213,-0.48569798469543457,-0.076729540371158603,-0.076729540371158603,-0.034858921909572328,-0.028426445040470913,-0.24543750286102295,-0.02734375,33,0,1,disconnected,-1,-1,0,disconnected,-1,-1,0,10.004611000000274,0.0046110000002741458
562,6.112034886,MINUS_5_HOLD,1,2.2360034715889534,0,2.3030858039855957,-0.48531436920166016,-0.076668937606798715,-0.076668937606798715,0.051904894792103182,-0.0078847520866862537,0.098174996674060822,-0.02734375,33,0,1,disconnected,-1,-1,0,disconnected,-1,-1,0,10.070772999999811,0.070772999999810793
563,6.1219960579999997,MINUS_5_HOLD,1,2.2360034715889534,0,2.3030858039855957,-0.48531436920166016,-0.076668937606798715,-0.076668937606798715,0.069112913344476265,0.0031664324522394176,0.14726249873638153,-0.0234375,33,0,1,disconnected,-1,-1,0,disconnected,-1,-1,0,9.9611719999996851,0.038828000000314944
564,6.131859349,MINUS_5_HOLD,1,2.2360034715889534,0,2.302894115447998,-0.48550605773925781,-0.076699220156547218,-0.076699220156547218,0.069887597199135204,0.014205380084984207,-0.024543749168515205,-0.02734375,33,0,1,disconnected,-1,-1,0,disconnected,-1,-1,0,9.8632910000002738,0.13670899999972619
565,6.1418850809999999,MINUS_5_HOLD,1,2.2360034715889534,0,2.302894115447998,-0.48550605773925781,-0.076699220156547218,-0.076699220156547218,0.017717931630773395,0.017396817787695539,0,-0.0234375,33,0,1,disconnected,-1,-1,0,disconnected,-1,-1,0,10.025731999999898,0.025731999999898392
566,6.151943052,MINUS_5_HOLD,1,2.2360034715889534,0,2.302894115447998,-0.48550605773925781,-0.076699220156547218,-0.076699220156547218,-0.05210870509107908,0.011076576723600502,-0.29452499747276306,-0.02734375,33,0,1,disconnected,-1,-1,0,disconnected,-1,-1,0,10.057971000000165,0.057971000000165418
567,6.1619917519999996,MINUS_5_HOLD,1,2.2360034715889534,0,2.302894115447998,-0.48550605773925781,-0.076699220156547218,-0.076699220156547218,-0.034543004345114578,0.012651113080444922,-0.24543750286102295,-0.02734375,33,0,1,disconnected,-1,-1,0,disconnected,-1,-1,0,10.048699999999577,0.048699999999577415
568,6.1719625049999998,MINUS_5_HOLD,1,2.2360034715889534,0,2.3027021884918213,-0.48569798469543457,-0.076729540371158603,-0.076729540371158603,-0.034586827144574776,0.0063294830510516719,-0.31906875967979431,-0.02734375,33,0,1,disconnected,-1,-1,0,disconnected,-1,-1,0,9.9707530000001654,0.0292469999998346
569,6.1818521349999997,MINUS_5_HOLD,1,2.2360034715889534,0,2.3027021884918213,-0.48569798469543457,-0.076729540371158603,-0.076729540371158603,-0.052096267930759277,-0.007867380807165451,-0.24543750286102295,-0.02734375,33,0,1,disconnected,-1,-1,0,disconnected,-1,-1,0,9.8896299999999826,0.1103700000000174
570,6.1919606869999999,MINUS_5_HOLD,1,2.2360034715889534,0,2.302894115447998,-0.48550605773925781,-0.076699220156547218,-0.076699220156547218,-0.017287500931686371,-0.0047038147442361837,-0.049087498337030411,-0.02734375,33,0,1,disconnected,-1,-1,0,disconnected,-1,-1,0,10.108552000000159,0.10855200000015941
571,6.201994666,MINUS_5_HOLD,1,2.2360034715889534,0,2.302894115447998,-0.48550605773925781,-0.076699220156547218,-0.076699220156547218,0.017527010588082377,-0.011014709347264489,0.073631249368190765,-0.0234375,33,0,1,disconnected,-1,-1,0,disconnected,-1,-1,0,10.033979000000137,0.033979000000137205
572,6.2118568019999998,MINUS_5_HOLD,1,2.2360034715889534,0,2.302894115447998,-0.48550605773925781,-0.076699220156547218,-0.076699220156547218,0.052250346197725513,-0.01892159630472532,-0.36815625429153442,-0.02734375,33,0,1,disconnected,-1,-1,0,disconnected,-1,-1,0,9.8621359999997438,0.13786400000025623
573,6.2219596020000001,MINUS_5_HOLD,1,2.2360034715889534,0,2.3030858039855957,-0.48531436920166016,-0.076668937606798715,-0.076668937606798715,0.069476763843487652,-0.0015569424904236975,0,-0.02734375,33,0,1,disconnected,-1,-1,0,disconnected,-1,-1,0,10.1028000000003,0.10280000000030043
574,6.2318501980000001,MINUS_5_HOLD,1,2.2360034715889534,0,2.3030858039855957,-0.48531436920166016,-0.076668937606798715,-0.076668937606798715,0.052250883039902704,0.015774516283710592,0.12271875143051147,-0.02734375,33,0,1,disconnected,-1,-1,0,disconnected,-1,-1,0,9.8905959999999737,0.10940400000002626
575,6.2419825099999997,FINAL_CENTER_PROFILE,1,2.2360034715889534,0,2.302894115447998,-0.48550605773925781,-0.076699220156547218,-0.076699220156547218,0.017278186970080097,0.015779799667349763,0.024543749168515205,-0.02734375,33,0,1,disconnected,-1,-1,0,disconnected,-1,-1,0,10.132311999999644,0.1323119999996436
576,6.2519611079999997,FINAL_CENTER_PROFILE,1,2.2361691905994325,0.033143802095898151,2.3027021884918213,-0.48569798469543457,-0.076729540371158603,-0.076729540371158603,-0.051980859705368414,0.007884653949968656,-0.29452499747276306,-0.02734375,33,0,1,disconnected,-1,-1,0,disconnected,-1,-1,0,9.9785980000000052,0.021401999999994814
577,6.2620505829999997,FINAL_CENTER_PROFILE,1,2.2366663476308712,0.066287604191796301,2.302894115447998,-0.48550605773925781,-0.076699220156547218,-0.076699220156547218,-0.069211746542666236,0.0094596416742891917,-0.31906875967979431,-0.0390625,33,0,1,disconnected,-1,-1,0,disconnected,-1,-1,0,10.089475000000014,0.089475000000014404
578,6.2719559399999998,FINAL_CENTER_PROFILE,1,2.2374949426832687,0.099431406287694452,2.302894115447998,-0.48550605773925781,-0.076699220156547218,-0.076699220156547218,-0.034698955895564286,0.01103495067585126,0,-0.02734375,33,0,1,disconnected,-1,-1,0,disconnected,-1,-1,0,9.905357000000059,0.094642999999940969
579,6.2818515650000002,FINAL_CENTER_PROFILE,1,2.2386549757566252,0.1325752083835926,2.302894115447998,-0.48550605773925781,-0.076699220156547218,-0.076699220156547218,0.017463790324225452,0.0031578309918640877,-0.19634999334812164,-0.0234375,33,0,1,disconnected,-1,-1,0,disconnected,-1,-1,0,9.8956250000004076,0.10437499999959243
580,6.291962142,FINAL_CENTER_PROFILE,1,2.2401464468509404,0.16571901047949075,2.302894115447998,-0.48550605773925781,-0.076699220156547218,-0.076699220156547218,0.034872666689435242,-0.0063260283711053774,-0.19634999334812164,-0.0234375,33,0,1,disconnected,-1,-1,0,disconnected,-1,-1,0,10.110576999999843,0.11057699999984294
581,6.3019600750000002,FINAL_CENTER_PROFILE,1,2.2419693559662148,0.1988628125753889,2.3030858039855957,-0.48531436920166016,-0.076668937606798715,-0.076668937606798715,0.034829290015660173,-1.2530453467605331e-05,0.098174996674060822,-0.01953125,33,0,1,disconnected,-1,-1,0,disconnected,-1,-1,0,9.9979330000001809,0.0020669999998190747
582,6.3119598159999999,FINAL_CENTER_PROFILE,1,2.2441237031024484,0.23200661467128711,2.3030858039855957,-0.48531436920166016,-0.076668937606798715,-0.076668937606798715,0.052006928785096558,0.0047203470923493926,0,-0.0234375,33,0,1,disconnected,-1,-1,0,disconnected,-1,-1,0,9.9997409999996734,0.00025900000032663684
583,6.3220058960000003,FINAL_CENTER_PROFILE,1,2.2466094882596406,0.2651504167671852,2.3030858039855957,-0.48531436920166016,-0.076668937606798715,-0.076668937606798715,0.051875791168429178,0.0078778728293016735,-0.24543750286102295,-0.0234375,33,0,1,disconnected,-1,-1,0,disconnected,-1,-1,0,10.046080000000401,0.046080000000401355
584,6.3318823609999999,FINAL_CENTER_PROFILE,1,2.2494267114377919,0.29829421886308338,2.303469181060791,-0.48493099212646484,-0.076608372507301709,-0.076608372507301709,0.10407684122689376,0.034667082053357577,-0.24543750286102295,-0.0078125,33,0,1,disconnected,-1,-1,0,disconnected,-1,-1,0,9.8764649999996124,0.12353500000038764
585,6.3419958479999998,FINAL_CENTER_PROFILE,1,2.2525753726369024,0.33143802095898151,2.3038527965545654,-0.48454737663269043,-0.076547769742941835,-0.076547769742941835,0.17353939762492379,0.074185289335880741,0.098174996674060822,-0.0078125,33,0,1,disconnected,-1,-1,0,disconnected,-1,-1,0,10.113486999999921,0.11348699999992107
586,6.3518518159999999,FINAL_CENTER_PROFILE,1,2.2560554718569716,0.36458182305487968,2.3040444850921631,-0.48435568809509277,-0.076517487193193331,-0.076517487193193331,0.24350850740987323,0.10576324326174699,0,-0.0078125,33,0,1,disconnected,-1,-1,0,disconnected,-1,-1,0,9.8559680000001038,0.14403199999989624
587,6.3619995170000001,FINAL_CENTER_PROFILE,1,2.259867009098,0.39772562515077781,2.3044281005859375,-0.48397207260131836,-0.076456884428833444,-0.076456884428833444,0.29524193065155985,0.13416839082976656,0.14726249873638153,-0.00390625,33,0,1,disconnected,-1,-1,0,disconnected,-1,-1,0,10.147701000000175,0.1477010000001755
588,6.3719585040000002,FINAL_CENTER_PROFILE,1,2.264009984359987,0.43086942724667598,2.3050031661987305,-0.48339700698852539,-0.076366036779587934,-0.076366036779587934,0.32931952891587585,0.18138396111526101,0.049087498337030411,0,33,0,1,disconnected,-1,-1,0,disconnected,-1,-1,0,9.9589870000000857,0.041012999999914257
589,6.3818552569999998,FINAL_CENTER_PROFILE,1,2.2684843976429336,0.46401322934257422,2.3053867816925049,-0.48301339149475098,-0.07630543401522806,-0.07630543401522806,0.36515440659309134,0.22716390651387905,-0.024543749168515205,0,33,0,1,disconnected,-1,-1,0,disconnected,-1,-1,0,9.8967529999995918,0.10324700000040821
590,6.3920179319999999,FINAL_CENTER_PROFILE,1,2.2732902489468385,0.49715703143847223,2.3063454627990723,-0.48205471038818359,-0.076153983601622663,-0.076153983601622663,0.50253132388562927,0.29198874778072381,-0.22089375555515289,0.00390625,33,0,1,disconnected,-1,-1,0,disconnected,-1,-1,0,10.162675000000121,0.16267500000012092
591,6.4020238569999997,FINAL_CENTER_PROFILE,1,2.278427538271703,0.53030083353437041,2.3073041439056396,-0.48109602928161621,-0.076002533188017266,-0.076002533188017266,0.64186577633634034,0.36764200981967332,-0.14726249873638153,0.00390625,33,0,1,disconnected,-1,-1,0,disconnected,-1,-1,0,10.005924999999749,0.0059249999997490477
592,6.4120325810000001,FINAL_CENTER_PROFILE,1,2.2838962656175261,0.56344463563026859,2.3082630634307861,-0.48013710975646973,-0.075851045109549001,-0.075851045109549001,0.76149460595538887,0.45584042519596984,0.024543749168515205,0.0078125,33,0,1,disconnected,-1,-1,0,disconnected,-1,-1,0,10.008724000000413,0.008724000000412957
593,6.4218787539999997,FINAL_CENTER_PROFILE,1,2.2896964309843084,0.59658843772616676,2.3090300559997559,-0.4793701171875,-0.07572987724569212,-0.07572987724569212,0.83273735323697584,0.53323346218341605,-0.36815625429153442,0.01953125,33,0,1,disconnected,-1,-1,0,disconnected,-1,-1,0,9.8461729999996805,0.15382700000031946
594,6.4318504360000004,FINAL_CENTER_PROFILE,1,2.2958280343720494,0.62973223982206483,2.3101804256439209,-0.47821974754333496,-0.07554814428233822,-0.07554814428233822,0.85461618731817157,0.60895223571452117,0.17180624604225159,0.01171875,33,0,1,disconnected,-1,-1,0,disconnected,-1,-1,0,9.9716820000006479,0.028317999999352139
595,6.4418699149999998,FINAL_CENTER_PROFILE,1,2.3022910757807495,0.66287604191796301,2.3117144107818604,-0.47668576240539551,-0.075305808554624445,-0.075305808554624445,0.97700079539573981,0.70880600276448624,-0.049087498337030411,0.01953125,33,0,1,disconnected,-1,-1,0,disconnected,-1,-1,0,10.019478999999443,0.019478999999442692
596,6.451873741,FINAL_CENTER_PROFILE,1,2.3090855552104088,0.69601984401386119,2.3132483959197998,-0.47515177726745605,-0.075063472826910671,-0.075063472826910671,1.149705744860563,0.82241549712784767,0.34361249208450317,0.0234375,33,0,1,disconnected,-1,-1,0,disconnected,-1,-1,0,10.00382600000016,0.0038260000001599792
597,6.4618671440000002,FINAL_CENTER_PROFILE,1,2.3162114726610268,0.72916364610975937,2.3149740695953369,-0.47342610359191895,-0.074790854549448393,-0.074790854549448393,1.3537711558591947,0.94001123860901037,0,0.0234375,33,0,1,disconnected,-1,-1,0,disconnected,-1,-1,0,9.9934030000001783,0.0065969999998216622
598,6.4718744900000003,FINAL_CENTER_PROFILE,1,2.3236688281326039,0.76230744820565743,2.3176586627960205,-0.47074151039123535,-0.074366748193517851,-0.074366748193517851,1.6480508520934865,1.0963096794474931,0.073631249368190765,0.02734375,33,0,1,disconnected,-1,-1,0,disconnected,-1,-1,0,10.007346000000084,0.0073460000000835635
599,6.4818729690000003,FINAL_CENTER_PROFILE,1,2.3314576216251401,0.79545125030155561,2.3214936256408691,-0.46690654754638672,-0.073760908874233408,-0.073760908874233408,2.1693861555156619,1.3301773274878068,0.56450623273849487,0.01953125,33,0,1,disconnected,-1,-1,0,disconnected,-1,-1,0,9.9984790000000601,0.0015209999999399315
600,6.4918708970000001,FINAL_CENTER_PROFILE,1,2.3395778531386351,0.82859505239745379,2.3260955810546875,-0.46230459213256836,-0.073033901691092085,-0.073033901691092085,2.9158295340375471,1.6377951887612174,0.29452499747276306,0.01953125,33,0,1,disconnected,-1,-1,0,disconnected,-1,-1,0,9.9979279999997672,0.0020720000002327765
601,6.5018683839999998,FINAL_CENTER_PROFILE,1,2.3480295226730892,0.86173885449335197,2.3306975364685059,-0.45770263671875,-0.072306894507950747,-0.072306894507950747,3.6100447042759485,2.0101179300118028,0.22089375555515289,0.02734375,33,0,1,disconnected,-1,-1,0,disconnected,-1,-1,0,9.997486999999694,0.0025130000003059649
602,6.5118695290000002,FINAL_CENTER_PROFILE,1,2.356812630228502,0.89488265658925015,2.3333818912506104,-0.45501828193664551,-0.071882825816883072,-0.071882825816883072,3.6799699807104185,2.3388495702237089,-0.098174996674060822,0.0390625,33,0,1,disconnected,-1,-1,0,disconnected,-1,-1,0,10.001145000000378,0.0011450000003776495
603,6.5218717179999999,FINAL_CENTER_PROFILE,1,2.3659271758048739,0.92802645868514844,2.3360664844512939,-0.45233368873596191,-0.07145871946095253,-0.07145871946095253,3.2977115898433413,2.6096127305641703,0.63813751935958862,0.04296875,33,0,1,disconnected,-1,-1,0,disconnected,-1,-1,0,10.002188999999717,0.0021889999997171117
604,6.5318498659999999,FINAL_CENTER_PROFILE,1,2.3753731594022049,0.96117026078104639,2.3377921581268311,-0.4506080150604248,-0.071186101183490252,-0.071186101183490252,2.6045244475476199,2.7627466432967749,0.024543749168515205,0.05078125,33,0,1,disconnected,-1,-1,0,disconnected,-1,-1,0,9.9781480000000755,0.021851999999924487
605,6.5418688539999996,FINAL_CENTER_PROFILE,1,2.3851505810204952,0.99431406287694446,2.3406684398651123,-0.44773173332214355,-0.070731712277811207,-0.070731712277811207,2.2047046664643863,2.8545463938659146,0.34361249208450317,0.05078125,33,0,1,disconnected,-1,-1,0,disconnected,-1,-1,0,10.018987999999673,0.018987999999673377
606,6.5518737270000003,FINAL_CENTER_PROFILE,1,2.3952594406597441,1.0274578649728427,2.345078706741333,-0.44332146644592285,-0.070034987644418387,-0.070034987644418387,2.5340565058716509,2.9523076685424865,0.29452499747276306,0.04296875,33,0,1,disconnected,-1,-1,0,disconnected,-1,-1,0,10.004873000000636,0.0048730000006358409
607,6.5618667789999998,FINAL_CENTER_PROFILE,1,2.4056997383199517,1.0606016670687408,2.3523650169372559,-0.43603515625,-0.068883911770209388,-0.068883911770209388,3.6095990322094047,3.1510809792798469,0.6626812219619751,0.0390625,33,0,1,disconnected,-1,-1,0,disconnected,-1,-1,0,9.9930519999995582,0.006948000000441823
608,6.5718487310000002,FINAL_CENTER_PROFILE,1,2.4164714740011188,1.0937454691646391,2.3594596385955811,-0.4289405345916748,-0.067763118445748893,-0.067763118445748893,4.9807427070053141,3.4053936930004394,0.4908750057220459,0.04296875,33,0,1,disconnected,-1,-1,0,disconnected,-1,-1,0,9.9819520000004047,0.018047999999595277
609,6.5818510469999998,FINAL_CENTER_PROFILE,1,2.4275009948096984,1.1047934031966051,2.3663625717163086,-0.42203760147094727,-0.066672607671036901,-0.066672607671036901,5.9565583754852307,3.7100409783023087,0.83448749780654907,0.05078125,33,0,1,disconnected,-1,-1,0,disconnected,-1,-1,0,10.002315999999567,0.0023159999995669978
610,6.5918715260000003,FINAL_CENTER_PROFILE,1,2.4385489288416644,1.1047934031966051,2.3771004676818848,-0.41129970550537109,-0.064976257577040467,-0.064976257577040467,7.0656961999435426,4.2448103348847148,1.1780999898910522,0.01953125,33,0,1,disconnected,-1,-1,0,disconnected,-1,-1,0,10.020479000000471,0.020479000000470649
611,6.60186882,FINAL_CENTER_PROFILE,1,2.4495968628736304,1.1047934031966051,2.388413667678833,-0.39998650550842285,-0.063189022168935655,-0.063189022168935655,8.1208248144433846,5.0146738776997575,1.006293773651123,0.03515625,33,0,1,disconnected,-1,-1,0,disconnected,-1,-1,0,9.9972939999997124,0.002706000000287645
612,6.6118716720000004,FINAL_CENTER_PROFILE,1,2.4606447969055965,1.1047934031966051,2.4001102447509766,-0.3882899284362793,-0.061341221661333822,-0.061341221661333822,9.3488689010071457,5.9800879767368995,1.3989937305450439,0.01171875,33,0,1,disconnected,-1,-1,0,disconnected,-1,-1,0,10.002852000000395,0.002852000000395094
613,6.6218715220000002,FINAL_CENTER_PROFILE,1,2.4716927309375625,1.1047934031966051,2.4139161109924316,-0.37448406219482422,-0.059160200111909839,-0.059160200111909839,10.686781999132688,7.0746752887820694,1.2271875143051147,0.0234375,33,0,1,disconnected,-1,-1,0,disconnected,-1,-1,0,9.9998499999998103,0.00015000000018972059
614,6.6318496199999997,FINAL_CENTER_PROFILE,1,2.4827406649695285,1.1047934031966051,2.4292559623718262,-0.35914421081542969,-0.05673684283477208,-0.05673684283477208,11.754551262819517,8.2705689016450155,1.6444312334060669,-0.0078125,33,0,1,disconnected,-1,-1,0,disconnected,-1,-1,0,9.9780979999994912,0.021902000000508792
615,6.6418699270000001,FINAL_CENTER_PROFILE,1,2.4937885990014945,1.1047934031966051,2.4445958137512207,-0.34380435943603516,-0.054313485557634322,-0.054313485557634322,12.811246442394371,9.4166069046005241,1.2271875143051147,0.00390625,33,0,1,disconnected,-1,-1,0,disconnected,-1,-1,0,10.02030700000045,0.020307000000450159
616,6.6518485810000003,FINAL_CENTER_PROFILE,1,2.5048365330334605,1.1047934031966051,2.4593603610992432,-0.3290398120880127,-0.051981013594604948,-0.051981013594604948,13.509440340216617,10.433126718141963,1.1780999898910522,0.0078125,33,0,1,disconnected,-1,-1,0,disconnected,-1,-1,0,9.9786540000001978,0.021345999999802245
617,6.6618666019999999,FINAL_CENTER_PROFILE,1,2.5158844670654266,1.1047934031966051,2.4685642719268799,-0.31983590126037598,-0.050526999228322288,-0.050526999228322288,12.618778493992849,11.068123322443538,0.80994373559951782,0.0234375,33,0,1,disconnected,-1,-1,0,disconnected,-1,-1,0,10.018020999999599,0.018020999999599496
618,6.671870813,FINAL_CENTER_PROFILE,1,2.5269324010973926,1.1047934031966051,2.4800691604614258,-0.30833101272583008,-0.048709481270468973,-0.048709481270468973,11.363521342282588,11.520166575139749,0.83448749780654907,0.0078125,33,0,1,disconnected,-1,-1,0,disconnected,-1,-1,0,10.004211000000041,0.0042110000000405989
619,6.6818496019999998,FINAL_CENTER_PROFILE,1,2.5379803351293586,1.1047934031966051,2.4898483753204346,-0.29855179786682129,-0.047164581590077928,-0.047164581590077928,10.068118504743776,11.676475079742385,0.88357502222061157,0.02734375,33,0,1,disconnected,-1,-1,0,disconnected,-1,-1,0,9.9787889999998214,0.021211000000178615
620,6.6918658840000003,FINAL_CENTER_PROFILE,1,2.5490282691613246,1.1047934031966051,2.5005862712860107,-0.28781390190124512,-0.0454682314960815,-0.0454682314960815,9.3879425870577009,11.541340852356624,1.0553812980651855,0.01953125,33,0,1,disconnected,-1,-1,0,disconnected,-1,-1,0,10.016282000000487,0.016282000000487074
621,6.7018671440000004,FINAL_CENTER_PROFILE,1,2.5600762031932907,1.1047934031966051,2.5101737976074219,-0.27822637557983398,-0.043953614365438966,-0.043953614365438966,9.3900202272284385,11.22509677385615,0.7117687463760376,0.0390625,33,0,1,disconnected,-1,-1,0,disconnected,-1,-1,0,10.001260000000123,0.0012600000001228295
622,6.711848314,FINAL_CENTER_PROFILE,1,2.5711241372252567,1.1047934031966051,2.5168848037719727,-0.2715153694152832,-0.042893423805338345,-0.042893423805338345,8.5070428080419678,10.649685018686057,0.78539997339248657,0.0390625,33,0,1,disconnected,-1,-1,0,disconnected,-1,-1,0,9.9811699999996506,0.018830000000349401
623,6.7218698540000004,FINAL_CENTER_PROFILE,1,2.5821720712572227,1.1047934031966051,2.5258970260620117,-0.26250314712524414,-0.041469691988804194,-0.041469691988804194,7.9995519622814264,9.9639266610658606,0.78539997339248657,0.03515625,33,0,1,disconnected,-1,-1,0,disconnected,-1,-1,0,10.021540000000329,0.021540000000328519
624,6.7318498169999996,FINAL_CENTER_PROFILE,1,2.5932200052891887,1.1047934031966051,2.5364432334899902,-0.25195693969726562,-0.03980362444455627,-0.03980362444455627,7.9166885966401219,9.3597368893282482,0.63813751935958862,0.02734375,33,0,1,disconnected,-1,-1,0,disconnected,-1,-1,0,9.979962999999259,0.020037000000741045
625,6.7420109569999997,FINAL_CENTER_PROFILE,1,2.6042679393211552,1.1047934031966051,2.5494821071624756,-0.23891806602478027,-0.037743770758989173,-0.037743770758989173,8.8635652812982517,9.0353568039283587,1.5462563037872314,0.0078125,33,0,1,disconnected,-1,-1,0,disconnected,-1,-1,0,10.161140000000124,0.16114000000012396
626,6.751986295,FINAL_CENTER_PROFILE,1,2.6151501543426416,1.0716496011007068,2.5644383430480957,-0.22396183013916016,-0.035381016246211289,-0.035381016246211289,10.699563916848996,9.0959869557550999,0.95720624923706055,0.01953125,33,0,1,disconnected,-1,-1,0,disconnected,-1,-1,0,9.9753380000002778,0.024661999999722184
627,6.762036159,FINAL_CENTER_PROFILE,1,2.625700931343169,1.038505799004809,2.5803534984588623,-0.20804667472839355,-0.032866773654965147,-0.032866773654965147,12.333985821201331,9.5535576431701852,1.3499062061309814,-0.0078125,33,0,1,disconnected,-1,-1,0,disconnected,-1,-1,0,10.049863999999964,0.049863999999963937
628,6.7719925930000002,FINAL_CENTER_PROFILE,1,2.6359202703227376,1.0053619969089107,2.5951180458068848,-0.19328212738037109,-0.030534301691935772,-0.030534301691935772,13.373319628425072,10.078898472393423,1.4235374927520752,0,33,0,1,disconnected,-1,-1,0,disconnected,-1,-1,0,9.956434000000236,0.04356599999976396
629,6.7818566469999997,FINAL_CENTER_PROFILE,1,2.6458081712813475,0.97221819481301253,2.6108415126800537,-0.17755866050720215,-0.028050341650438133,-0.028050341650438133,13.926787739115856,10.783660941885193,1.3499062061309814,0,33,0,1,disconnected,-1,-1,0,disconnected,-1,-1,0,9.8640539999994559,0.13594600000054413
630,6.791956098,FINAL_CENTER_PROFILE,1,2.6553646342189978,0.93907439271711424,2.6215794086456299,-0.16682076454162598,-0.026353991556441702,-0.026353991556441702,13.133639880628984,11.335053740168153,0.88357502222061157,0.0078125,33,0,1,disconnected,-1,-1,0,disconnected,-1,-1,0,10.099451000000315,0.099451000000314593
631,6.801871437,FINAL_CENTER_PROFILE,1,2.6645896591356899,0.90593059062121606,2.6315503120422363,-0.15684986114501953,-0.024778809326302158,-0.024778809326302158,11.703680118424321,11.747957826521745,0.68722498416900635,0.01953125,33,0,1,disconnected,-1,-1,0,disconnected,-1,-1,0,9.9153389999999675,0.084661000000032516
632,6.8119670269999997,FINAL_CENTER_PROFILE,1,2.6734832460314224,0.87278678852531788,2.6367273330688477,-0.1516728401184082,-0.023960954493915318,-0.023960954493915318,9.4054417066307341,11.765008571829156,0.22089375555515289,0.0390625,33,0,1,disconnected,-1,-1,0,disconnected,-1,-1,0,10.09558999999971,0.095589999999710074
633,6.8219769450000003,FINAL_CENTER_PROFILE,1,2.6820453949061958,0.83964298642942004,2.6409459114074707,-0.14745426177978516,-0.023294512410270998,-0.023294512410270998,6.8030618031837458,11.247327622845884,0.26998123526573181,0.03515625,33,0,1,disconnected,-1,-1,0,disconnected,-1,-1,0,10.009918000000617,0.0099180000006171554
634,6.831863298,FINAL_CENTER_PROFILE,1,2.6902761057600109,0.80649918433352186,2.6466982364654541,-0.14170193672180176,-0.022385772263775774,-0.022385772263775774,5.4010399224513064,10.39626901845144,0.51541876792907715,0.02734375,33,0,1,disconnected,-1,-1,0,disconnected,-1,-1,0,9.8863529999997368,0.11364700000026318
635,6.8419838549999996,FINAL_CENTER_PROFILE,1,2.6981753785928664,0.77335538223762368,2.6528341770172119,-0.13556599617004395,-0.021416429352920669,-0.021416429352920669,4.7497411795661346,9.3160623811551329,0.34361249208450317,0.02734375,33,0,1,disconnected,-1,-1,0,disconnected,-1,-1,0,10.120556999999586,0.12055699999958591
636,6.8518705759999996,FINAL_CENTER_PROFILE,1,2.7057432134047632,0.7402115801417255,2.657052755355835,-0.1313474178314209,-0.020749987269276349,-0.020749987269276349,4.7648347716852548,8.0950795911047866,0.17180624604225159,0.04296875,33,0,1,disconnected,-1,-1,0,disconnected,-1,-1,0,9.8867209999999872,0.11327900000001279
637,6.8620344820000003,FINAL_CENTER_PROFILE,1,2.7129796101957009,0.70706777804582743,2.6595454216003418,-0.12885475158691406,-0.02035620112795718,-0.02035620112795718,4.2974262001380321,6.8231157156563578,-0.12271875143051147,0.05078125,33,0,1,disconnected,-1,-1,0,disconnected,-1,-1,0,10.163906000000722,0.16390600000072197
638,6.8719656489999998,FINAL_CENTER_PROFILE,1,2.7198845689656799,0.67392397594992925,2.6616547107696533,-0.12674546241760254,-0.020022980086135022,-0.020022980086135022,3.3070217369398671,5.6453273180472667,-0.24543750286102295,0.0546875,33,0,1,disconnected,-1,-1,0,disconnected,-1,-1,0,9.9311669999995189,0.068833000000481093
639,6.8819254839999999,FINAL_CENTER_PROFILE,1,2.7264580897146997,0.64078017385403097,2.6637637615203857,-0.12463641166687012,-0.019689796709175734,-0.019689796709175734,2.3953758166229218,4.6172414737604912,-0.098174996674060822,0.0546875,33,0,1,disconnected,-1,-1,0,disconnected,-1,-1,0,9.9598350000000835,0.040164999999916517
640,6.891933302,FINAL_CENTER_PROFILE,1,2.7327001724427604,0.60763637175813279,2.6668317317962646,-0.12156844139099121,-0.019205125253748182,-0.019205125253748182,2.1518300649762181,3.9279111737736661,0.39269998669624329,0.0546875,33,0,1,disconnected,-1,-1,0,disconnected,-1,-1,0,10.007818000000057,0.0078180000000571681
641,6.901958123,FINAL_CENTER_PROFILE,1,2.7386108171498624,0.57449256966223472,2.6706666946411133,-0.11773347854614258,-0.018599285934463743,-0.018599285934463743,2.4871371886349829,3.4637417059295394,0.31906875967979431,0.05078125,33,0,1,disconnected,-1,-1,0,disconnected,-1,-1,0,10.024821000000017,0.024821000000017079
642,6.9118572619999998,FINAL_CENTER_PROFILE,1,2.7441900238360049,0.54134876756633654,2.675076961517334,-0.11332321166992188,-0.017902561301070919,-0.017902561301070919,3.0599572196530835,3.2720888483308945,0.22089375555515289,0.04296875,33,0,1,disconnected,-1,-1,0,disconnected,-1,-1,0,9.8991389999998347,0.10086100000016529
643,6.9219592089999997,FINAL_CENTER_PROFILE,1,2.749437792501189,0.50820496547043825,2.678720235824585,-0.1096799373626709,-0.017327004531534983,-0.017327004531534983,3.4538891211783467,3.1245802496135928,0.31906875967979431,0.04296875,33,0,1,disconnected,-1,-1,0,disconnected,-1,-1,0,10.101946999999889,0.10194699999988899
644,6.9318499559999998,FINAL_CENTER_PROFILE,1,2.7543541231454141,0.47506116337454007,2.6814045906066895,-0.10699558258056641,-0.016902935840467308,-0.016902935840467308,3.3727718475988393,2.9516731916674619,-0.049087498337030411,0.05078125,33,0,1,disconnected,-1,-1,0,disconnected,-1,-1,0,9.890747000000033,0.10925299999996696
645,6.9419665889999997,FINAL_CENTER_PROFILE,1,2.7589390157686799,0.4419173612786419,2.6827468872070312,-0.10565328598022461,-0.016690882662502037,-0.016690882662502037,2.7582487167370084,2.7845950968715205,-0.36815625429153442,0.05078125,33,0,1,disconnected,-1,-1,0,disconnected,-1,-1,0,10.116632999999986,0.116632999999986
646,6.9518855320000004,FINAL_CENTER_PROFILE,1,2.7631924703709867,0.40877355918274411,2.684089183807373,-0.10431098937988281,-0.016478829484536765,-0.016478829484536765,1.9950063208413271,2.6787996204049662,0.12271875143051147,0.0546875,33,0,1,disconnected,-1,-1,0,disconnected,-1,-1,0,9.918943000000624,0.081056999999375989
647,6.961962014,FINAL_CENTER_PROFILE,1,2.7671144869523348,0.37562975708684593,2.6852395534515381,-0.10316061973571777,-0.016297096521182868,-0.016297096521182868,1.4220108753562646,2.5717573438645744,0.39269998669624329,0.0546875,33,0,1,disconnected,-1,-1,0,disconnected,-1,-1,0,10.076481999999665,0.076481999999664652
648,6.9719122410000001,FINAL_CENTER_PROFILE,1,2.7707050655127237,0.34248595499094775,2.6858148574829102,-0.1025853157043457,-0.016206211207074484,-0.016206211207074484,1.0229482362434008,2.3781178921087744,-0.049087498337030411,0.0546875,33,0,1,disconnected,-1,-1,0,disconnected,-1,-1,0,9.9502270000000337,0.049772999999966316
649,6.9818783990000002,FINAL_CENTER_PROFILE,1,2.7739642060521534,0.30934215289504957,2.6863901615142822,-0.10201001167297363,-0.016115325892966104,-0.016115325892966104,0.8170289590883294,2.097347429710879,0,0.06640625,33,0,1,disconnected,-1,-1,0,disconnected,-1,-1,0,9.9661580000001138,0.033841999999886241
650,6.9918525669999996,FINAL_CENTER_PROFILE,1,2.7768919085706245,0.27619835079915134,2.6869654655456543,-0.10143470764160156,-0.01602444057885772,-0.01602444057885772,0.6259931400403147,1.7412310325308353,0.12271875143051147,0.05859375,33,0,1,disconnected,-1,-1,0,disconnected,-1,-1,0,9.9741679999993949,0.025832000000605149
651,7.0019524359999998,FINAL_CENTER_PROFILE,1,2.7794881730681364,0.24305454870325321,2.6875405311584473,-0.10085964202880859,-0.015933592929612207,-0.015933592929612207,0.52109772650082387,1.3681197382569883,-0.44178751111030579,0.06640625,33,0,1,disconnected,-1,-1,0,disconnected,-1,-1,0,10.099869000000261,0.09986900000026111
652,7.0118541619999997,FINAL_CENTER_PROFILE,1,2.7817529995446897,0.20991074660735501,2.688307523727417,-0.10009264945983887,-0.015812425065755316,-0.015812425065755316,0.55555348903082358,1.0464528822698462,-0.073631249368190765,0.06640625,33,0,1,disconnected,-1,-1,0,disconnected,-1,-1,0,9.901725999999833,0.09827400000016695
653,7.0219879279999997,FINAL_CENTER_PROFILE,1,2.7836863880002838,0.17676694451145686,2.6884994506835938,-0.099900722503662109,-0.015782104851143942,-0.015782104851143942,0.50201285307008969,0.80461314067050438,-0.24543750286102295,0.05859375,33,0,1,disconnected,-1,-1,0,disconnected,-1,-1,0,10.133766000000044,0.13376600000004402
654,7.0318766540000004,FINAL_CENTER_PROFILE,1,2.7852883384349187,0.14362314241555868,2.6886911392211914,-0.099709033966064453,-0.015751822301395439,-0.015751822301395439,0.39887005931369651,0.64060555485448001,-0.24543750286102295,0.06640625,33,0,1,disconnected,-1,-1,0,disconnected,-1,-1,0,9.8887260000006805,0.11127399999931953
655,7.0420372459999996,FINAL_CENTER_PROFILE,1,2.786558850848595,0.11047934031966047,2.6890745162963867,-0.099325656890869141,-0.015691257201898429,-0.015691257201898429,0.31165770987529523,0.54248833001024965,0.12271875143051147,0.05078125,33,0,1,disconnected,-1,-1,0,disconnected,-1,-1,0,10.160591999999191,0.16059199999919116
656,7.0519787120000004,FINAL_CENTER_PROFILE,1,2.7874979252413121,0.07733553822376231,2.6890745162963867,-0.099325656890869141,-0.015691257201898429,-0.015691257201898429,0.19043345236383272,0.44768634246786682,0,0.05078125,33,0,1,disconnected,-1,-1,0,disconnected,-1,-1,0,9.9414660000007871,0.058533999999212938
657,7.0619829870000004,FINAL_CENTER_PROFILE,1,2.7881055616130701,0.044191736127864117,2.6892664432525635,-0.099133729934692383,-0.015660936987287054,-0.015660936987287054,0.17349908812067905,0.37515076363607458,0.12271875143051147,0.05859375,33,0,1,disconnected,-1,-1,0,disconnected,-1,-1,0,10.004275000000007,0.0042750000000069122
658,7.071981901,FINAL_CENTER_PROFILE,1,2.7883817599638694,0.011047934031965937,2.6890745162963867,-0.099325656890869141,-0.015691257201898429,-0.015691257201898429,0.086851211872124995,0.30886428285053824,-0.34361249208450317,0.05078125,33,0,1,disconnected,-1,-1,0,disconnected,-1,-1,0,9.9989139999996368,0.0010860000003631853
659,7.081856675,FINAL_CENTER_PROFILE,1,2.7884001731872559,0,2.6892664432525635,-0.099133729934692383,-0.015660936987287054,-0.015660936987287054,0.034827483834966838,0.24761622117387136,-0.024543749168515205,0.05859375,33,0,1,disconnected,-1,-1,0,disconnected,-1,-1,0,9.8747740000000306,0.12522599999996942
660,7.0919018349999998,FINAL_CENTER_HOLD,1,2.7884001731872559,0,2.6892664432525635,-0.099133729934692383,-0.015660936987287054,-0.015660936987287054,0.034800288007720323,0.18621977692125982,-0.049087498337030411,0.0546875,33,0,1,disconnected,-1,-1,0,disconnected,-1,-1,0,10.045159999999775,0.04515999999977538
661,7.1020451329999998,FINAL_CENTER_HOLD,1,2.7884001731872559,0,2.6892664432525635,-0.099133729934692383,-0.015660936987287054,-0.015660936987287054,0.017307531086421586,0.12935698153102629,0,0.05859375,33,0,1,disconnected,-1,-1,0,disconnected,-1,-1,0,10.143298000000023,0.1432980000000228
662,7.1120547189999996,FINAL_CENTER_HOLD,1,2.7884001731872559,0,2.6894581317901611,-0.098942041397094727,-0.015630654437538551,-0.015630654437538551,0.069108091167768115,0.089890709615376652,-0.024543749168515205,0.0546875,33,0,1,disconnected,-1,-1,0,disconnected,-1,-1,0,10.009585999999793,0.0095859999997927048
663,7.1220324670000004,FINAL_CENTER_HOLD,1,2.7884001731872559,0,2.6896498203277588,-0.09875035285949707,-0.015600371887790046,-0.015600371887790046,0.086201730367195473,0.080430409636297676,0.31906875967979431,0.0546875,33,0,1,disconnected,-1,-1,0,disconnected,-1,-1,0,9.9777480000007301,0.022251999999269856
664,7.1318561410000001,FINAL_CENTER_HOLD,1,2.7884001731872559,0,2.6894581317901611,-0.098942041397094727,-0.015630654437538551,-0.015630654437538551,0.069655358222464533,0.061567696285010444,0.26998123526573181,0.0546875,33,0,1,disconnected,-1,-1,0,disconnected,-1,-1,0,9.8236739999997269,0.1763260000002731
665,7.1420290519999998,FINAL_CENTER_HOLD,1,2.7884001731872559,0,2.6894581317901611,-0.098942041397094727,-0.015630654437538551,-0.015630654437538551,0.034839084696523574,0.044198559248871581,0.26998123526573181,0.0546875,33,0,1,disconnected,-1,-1,0,disconnected,-1,-1,0,10.172910999999729,0.17291099999972914
666,7.1520007300000001,FINAL_CENTER_HOLD,1,2.7884001731872559,0,2.6894581317901611,-0.098942041397094727,-0.015630654437538551,-0.015630654437538551,-0.017323111860762467,0.039441643577922278,0.46633124351501465,0.05859375,33,0,1,disconnected,-1,-1,0,disconnected,-1,-1,0,9.9716780000003169,0.028321999999683101
667,7.1620315239999996,FINAL_CENTER_HOLD,1,2.7884001731872559,0,2.6894581317901611,-0.098942041397094727,-0.015630654437538551,-0.015630654437538551,-0.034528190487228362,0.031540575152092146,-0.049087498337030411,0.05078125,33,0,1,disconnected,-1,-1,0,disconnected,-1,-1,0,10.03079399999951,0.030793999999509936
668,7.1720389170000001,FINAL_CENTER_HOLD,1,2.7884001731872559,0,2.6892664432525635,-0.099133729934692383,-0.015660936987287054,-0.015660936987287054,-0.034528944705990321,0.022073557885748041,-0.19634999334812164,0.05078125,33,0,1,disconnected,-1,-1,0,disconnected,-1,-1,0,10.00739300000042,0.0073930000004196472
669,7.1818563839999996,FINAL_CENTER_HOLD,1,2.7884001731872559,0,2.6890745162963867,-0.099325656890869141,-0.015691257201898429,-0.015691257201898429,-0.086942349083833331,-0.0046843741460390123,-0.44178751111030579,0.0546875,33,0,1,disconnected,-1,-1,0,disconnected,-1,-1,0,9.8174669999995245,0.18253300000047545
670,7.1919061879999999,FINAL_CENTER_HOLD,1,2.7884001731872559,0,2.6894581317901611,-0.098942041397094727,-0.015630654437538551,-0.015630654437538551,-0.034716802930168753,-0.0062859042498728509,0.14726249873638153,0.0546875,33,0,1,disconnected,-1,-1,0,disconnected,-1,-1,0,10.049804000000329,0.049804000000328585
671,7.2019832949999998,FINAL_CENTER_HOLD,1,2.7884001731872559,0,2.6892664432525635,-0.099133729934692383,-0.015660936987287054,-0.015660936987287054,-0.017224051693573831,-0.017359646484618477,-0.53996247053146362,0.05078125,33,0,1,disconnected,-1,-1,0,disconnected,-1,-1,0,10.077106999999863,0.077106999999863035
672,7.2119858499999996,FINAL_CENTER_HOLD,1,2.7884001731872559,0,2.6894581317901611,-0.098942041397094727,-0.015630654437538551,-0.015630654437538551,0.052192336149751252,-0.020497840894649788,0.19634999334812164,0.05859375,33,0,1,disconnected,-1,-1,0,disconnected,-1,-1,0,10.002554999999802,0.0025549999998020212
673,7.222033809,FINAL_CENTER_HOLD,1,2.7884001731872559,0,2.6894581317901611,-0.098942041397094727,-0.015630654437538551,-0.015630654437538551,0.069126998245103224,-0.015738114523614254,-0.049087498337030411,0.05078125,33,0,1,disconnected,-1,-1,0,disconnected,-1,-1,0,10.047959000000439,0.047959000000439289
674,7.2318564939999996,FINAL_CENTER_HOLD,1,2.7884001731872559,0,2.6894581317901611,-0.098942041397094727,-0.015630654437538551,-0.015630654437538551,0.017314858004040784,-0.0015603985650678902,0.049087498337030411,0.05078125,33,0,1,disconnected,-1,-1,0,disconnected,-1,-1,0,9.8226849999996091,0.17731500000039091
675,7.2420329450000001,FINAL_CENTER_HOLD,1,2.7884001731872559,0,2.6894581317901611,-0.098942041397094727,-0.015630654437538551,-0.015630654437538551,0.034713027329305757,0.0047663040488795045,0.14726249873638153,0.05078125,33,0,1,disconnected,-1,-1,0,disconnected,-1,-1,0,10.176451000000419,0.17645100000041936
676,7.2520206500000004,FINAL_CENTER_HOLD,1,2.7884001731872559,0,2.6892664432525635,-0.099133729934692383,-0.015660936987287054,-0.015660936987287054,-0.034712952913361683,0.0031790254383973812,-0.19634999334812164,0.05078125,33,0,1,disconnected,-1,-1,0,disconnected,-1,-1,0,9.9877050000003464,0.012294999999653555
677,7.2620222129999998,FINAL_CENTER_HOLD,1,2.7884001731872559,0,2.6894581317901611,-0.098942041397094727,-0.015630654437538551,-0.015630654437538551,-0.017348892574019482,0.011061830046196354,-0.098174996674060822,0.05078125,33,0,1,disconnected,-1,-1,0,disconnected,-1,-1,0,10.001562999999436,0.0015629999994359878
678,7.2719833429999996,FINAL_CENTER_HOLD,1,2.7884001731872559,0,2.6894581317901611,-0.098942041397094727,-0.015630654437538551,-0.015630654437538551,-6.4785071057486118e-05,0.018930165332027366,-0.073631249368190765,0.0546875,33,0,1,disconnected,-1,-1,0,disconnected,-1,-1,0,9.9611299999997627,0.038870000000237326
679,7.2818553809999997,FINAL_CENTER_HOLD,1,2.7884001731872559,0,2.6890745162963867,-0.099325656890869141,-0.015691257201898429,-0.015691257201898429,-0.052125698773251433,0.0016263477128018804,-0.61359375715255737,0.05078125,33,0,1,disconnected,-1,-1,0,disconnected,-1,-1,0,9.8720380000001384,0.12796199999986158
680,7.2918562759999999,FINAL_CENTER_HOLD,1,2.7884001731872559,0,2.6894581317901611,-0.098942041397094727,-0.015630654437538551,-0.015630654437538551,0.00017345525731175338,-0.007885022714635077,-0.29452499747276306,0.05859375,33,0,1,disconnected,-1,-1,0,disconnected,-1,-1,0,10.000895000000121,0.00089500000012066039
681,7.3020328819999998,FINAL_CENTER_HOLD,1,2.7884001731872559,0,2.6896498203277588,-0.09875035285949707,-0.015600371887790046,-0.015600371887790046,0.035247070678242363,0.0063456088659166405,0.14726249873638153,0.0546875,33,0,1,disconnected,-1,-1,0,disconnected,-1,-1,0,10.176605999999921,0.17660599999992144
682,7.3120471409999999,FINAL_CENTER_HOLD,1,2.7884001731872559,0,2.6892664432525635,-0.099133729934692383,-0.015660936987287054,-0.015660936987287054,0.017585462908225657,-0.0062858430852143739,-0.44178751111030579,0.05078125,33,0,1,disconnected,-1,-1,0,disconnected,-1,-1,0,10.014259000000081,0.014259000000080846
683,7.3220376050000002,FINAL_CENTER_HOLD,1,2.7884001731872559,0,2.6894581317901611,-0.098942041397094727,-0.015630654437538551,-0.015630654437538551,0.051875649848274363,-0.0015478553600788432,0.098174996674060822,0.05078125,33,0,1,disconnected,-1,-1,0,disconnected,-1,-1,0,9.9904640000003653,0.0095359999996347256
684,7.3318798699999999,FINAL_CENTER_HOLD,1,2.7884001731872559,0,2.6892664432525635,-0.099133729934692383,-0.015660936987287054,-0.015660936987287054,-0.05186323017502617,-0.0046934597638716808,-0.26998123526573181,0.0546875,33,0,1,disconnected,-1,-1,0,disconnected,-1,-1,0,9.8422649999996281,0.15773500000037188
685,7.3419830819999996,FINAL_CENTER_HOLD,1,2.7884001731872559,0,2.6892664432525635,-0.099133729934692383,-0.015660936987287054,-0.015660936987287054,-0.069572916106294833,-0.0062686465262976948,-0.24543750286102295,0.05078125,33,0,1,disconnected,-1,-1,0,disconnected,-1,-1,0,10.103211999999751,0.1032119999997505
686,7.3520337720000004,FINAL_CENTER_HOLD,1,2.7884001731872559,0,2.6892664432525635,-0.099133729934692383,-0.015660936987287054,-0.015660936987287054,-0.017306736835427869,-0.0062684942860370225,0,0.0546875,33,0,1,disconnected,-1,-1,0,disconnected,-1,-1,0,10.050690000000806,0.050690000000805924
687,7.3620007919999999,FINAL_CENTER_HOLD,1,2.7884001731872559,0,2.6894581317901611,-0.098942041397094727,-0.015630654437538551,-0.015630654437538551,0.0001114680338220636,-0.0062568769745096784,-0.12271875143051147,0.05078125,33,0,1,disconnected,-1,-1,0,disconnected,-1,-1,0,9.9670199999994935,0.032980000000506493
688,7.3720368079999998,FINAL_CENTER_HOLD,1,2.7884001731872559,0,2.6896498203277588,-0.09875035285949707,-0.015600371887790046,-0.015600371887790046,0.086376352257193714,0.0095034932446254675,-0.22089375555515289,0.0546875,33,0,1,disconnected,-1,-1,0,disconnected,-1,-1,0,10.036015999999925,0.036015999999925441
689,7.3818569959999998,FINAL_CENTER_HOLD,1,2.7884001731872559,0,2.6896498203277588,-0.09875035285949707,-0.015600371887790046,-0.015600371887790046,0.10440821317096137,0.023672423119809941,0.049087498337030411,0.05859375,33,0,1,disconnected,-1,-1,0,disconnected,-1,-1,0,9.820187999999952,0.17981200000004804
690,7.3918600870000004,FINAL_CENTER_HOLD,1,2.7884001731872559,0,2.6894581317901611,-0.098942041397094727,-0.015630654437538551,-0.015630654437538551,0.052395361768277443,0.0094667669999049919,0.049087498337030411,0.05859375,33,0,1,disconnected,-1,-1,0,disconnected,-1,-1,0,10.00309100000063,0.0030910000006301175
691,7.401998603,FINAL_CENTER_HOLD,1,2.7884001731872559,0,2.6894581317901611,-0.098942041397094727,-0.015630654437538551,-0.015630654437538551,-0.017426262506113871,0.011057922566132606,-0.098174996674060822,0.0546875,33,0,1,disconnected,-1,-1,0,disconnected,-1,-1,0,10.138515999999598,0.13851599999959774
692,7.412032902,FINAL_CENTER_HOLD,1,2.7884001731872559,0,2.6896498203277588,-0.09875035285949707,-0.015600371887790046,-0.015600371887790046,-0.01720776332230799,0.029992275886411412,0,0.0546875,33,0,1,disconnected,-1,-1,0,disconnected,-1,-1,0,10.034298999999969,0.034298999999968771
693,7.4220454680000003,FINAL_CENTER_HOLD,1,2.7884001731872559,0,2.6896498203277588,-0.09875035285949707,-0.015600371887790046,-0.015600371887790046,0.017262471417373103,0.029973087467621042,0.024543749168515205,0.05859375,33,0,1,disconnected,-1,-1,0,disconnected,-1,-1,0,10.012566000000334,0.012566000000333588
694,7.4318807060000003,FINAL_CENTER_HOLD,1,2.7884001731872559,0,2.6894581317901611,-0.098942041397094727,-0.015630654437538551,-0.015630654437538551,0.017581561921780186,0.028405661978800099,-0.098174996674060822,0.05078125,33,0,1,disconnected,-1,-1,0,disconnected,-1,-1,0,9.8352379999999684,0.16476200000003161
695,7.4420446419999999,FINAL_CENTER_HOLD,1,2.7884001731872559,0,2.6892664432525635,-0.099133729934692383,-0.015660936987287054,-0.015660936987287054,-0.052055735207824028,0.0094537102152670964,-0.41724374890327454,0.0546875,33,0,1,disconnected,-1,-1,0,disconnected,-1,-1,0,10.163935999999651,0.16393599999965147
696,7.4519959650000001,FINAL_CENTER_HOLD,1,2.7884001731872559,0,2.6892664432525635,-0.099133729934692383,-0.015660936987287054,-0.015660936987287054,-0.10419185879727652,-0.0094758210500782009,-0.31906875967979431,0.0546875,33,0,1,disconnected,-1,-1,0,disconnected,-1,-1,0,9.9513230000001229,0.048676999999877069
697,7.4619831230000004,FINAL_CENTER_HOLD,1,2.7884001731872559,0,2.6892664432525635,-0.099133729934692383,-0.015660936987287054,-0.015660936987287054,-0.086764961748042962,-0.028375533199180448,-0.39269998669624329,0.0546875,33,0,1,disconnected,-1,-1,0,disconnected,-1,-1,0,9.9871580000003846,0.012841999999615439
698,7.472050147,FINAL_CENTER_HOLD,1,2.7884001731872559,0,2.6896498203277588,-0.09875035285949707,-0.015600371887790046,-0.015600371887790046,0.034523407088869876,-0.022039746008101779,0.049087498337030411,0.0546875,33,0,1,disconnected,-1,-1,0,disconnected,-1,-1,0,10.067023999999591,0.06702399999959141
699,7.4818558199999998,FINAL_CENTER_HOLD,1,2.7884001731872559,0,2.6894581317901611,-0.098942041397094727,-0.015630654437538551,-0.015630654437538551,0.069849690388098545,-0.015755411986134463,-0.29452499747276306,0.05859375,33,0,1,disconnected,-1,-1,0,disconnected,-1,-1,0,9.8056729999997927,0.19432700000020731
700,7.4919352220000004,FINAL_CENTER_HOLD,1,2.7884001731872559,0,2.6894581317901611,-0.098942041397094727,-0.015630654437538551,-0.015630654437538551,0.052372269753176222,-0.0078722693190368433,-0.073631249368190765,0.0546875,33,0,1,disconnected,-1,-1,0,disconnected,-1,-1,0,10.07940200000057,0.079402000000570183
701,7.5020599670000001,FINAL_CENTER_HOLD,1,2.7884001731872559,0,2.6892664432525635,-0.099133729934692383,-0.015660936987287054,-0.015660936987287054,-0.01736457478133601,-0.01577860884135673,-0.44178751111030579,0.05859375,33,0,1,disconnected,-1,-1,0,disconnected,-1,-1,0,10.124744999999713,0.124744999999713
702,7.5120464010000001,FINAL_CENTER_HOLD,1,2.7884001731872559,0,2.6896498203277588,-0.09875035285949707,-0.015600371887790046,-0.015600371887790046,-0.017200739591078977,-0.0062952928445180146,0,0.0546875,33,0,1,disconnected,-1,-1,0,disconnected,-1,-1,0,9.9864339999999885,0.013566000000011513
703,7.5220342379999998,FINAL_CENTER_HOLD,1,2.7884001731872559,0,2.6896498203277588,-0.09875035285949707,-0.015600371887790046,-0.015600371887790046,0.051626615471285546,0.011047740602974108,0.024543749168515205,0.05078125,33,0,1,disconnected,-1,-1,0,disconnected,-1,-1,0,9.9878369999997219,0.012163000000278146
704,7.5318612040000001,FINAL_CENTER_HOLD,1,2.7884001731872559,0,2.6894581317901611,-0.098942041397094727,-0.015630654437538551,-0.015630654437538551,0.034879147224071483,0.020507067923629468,-0.098174996674060822,0.0546875,33,0,1,disconnected,-1,-1,0,disconnected,-1,-1,0,9.8269660000003256,0.17303399999967439
705,7.542107143,FINAL_CENTER_HOLD,1,2.7884001731872559,0,2.6894581317901611,-0.098942041397094727,-0.015630654437538551,-0.015630654437538551,0.017379645825225654,0.022084571101171031,-0.17180624604225159,0.06640625,33,0,1,disconnected,-1,-1,0,disconnected,-1,-1,0,10.245938999999815,0.24593899999981517
706,7.5521220119999999,FINAL_CENTER_HOLD,1,2.7884001731872559,0,2.6894581317901611,-0.098942041397094727,-0.015630654437538551,-0.015630654437538551,-0.051796220521537227,0.014183831915287597,-0.19634999334812164,0.05078125,33,0,1,disconnected,-1,-1,0,disconnected,-1,-1,0,10.014868999999926,0.014868999999926302
707,7.5620302239999999,FINAL_CENTER_HOLD,1,2.7884001731872559,0,2.6896498203277588,-0.09875035285949707,-0.015600371887790046,-0.015600371887790046,4.3736546489776954e-06,0.012609398844865278,0.12271875143051147,0.04296875,33,0,1,disconnected,-1,-1,0,disconnected,-1,-1,0,9.9082120000000273,0.091787999999972669
708,7.5720387340000004,FINAL_CENTER_HOLD,1,2.7884001731872559,0,2.6892664432525635,-0.099133729934692383,-0.015660936987287054,-0.015660936987287054,-0.017268584287000937,-0.0078649338970652998,-0.61359375715255737,0.04296875,33,0,1,disconnected,-1,-1,0,disconnected,-1,-1,0,10.00851000000047,0.008510000000470086
709,7.5818890139999997,FINAL_CENTER_HOLD,1,2.7884001731872559,0,2.6896498203277588,-0.09875035285949707,-0.015600371887790046,-0.015600371887790046,0.017257079633837491,0.0062860801568184466,0,0.0546875,33,0,1,disconnected,-1,-1,0,disconnected,-1,-1,0,9.8502799999993229,0.14972000000067709
710,7.583567865,FINAL_BRAKE,0,0,0,2.6896498203277588,-0.09875035285949707,-0.015600371887790046,-0.015600371887790046,0.017257079633837491,0.0062860801568184466,-0.024543749168515205,0.0546875,33,0,1,disconnected,-1,-1,0,disconnected,-1,-1,0,nan,nan
710,7.5946159470000003,FINAL_BRAKE,0,0,0,2.6842808723449707,-0.10411930084228516,-0.016448546934788262,-0.016448546934788262,0.017257079633837491,0.0062860801568184466,-0.7117687463760376,0,33,0,1,disconnected,-1,-1,0,disconnected,-1,-1,0,nan,nan
710,7.6055829660000001,FINAL_BRAKE,0,0,0,2.6810212135314941,-0.10737895965576172,-0.016963500939964318,-0.016963500939964318,0.017257079633837491,0.0062860801568184466,-0.53996247053146362,0,33,0,1,disconnected,-1,-1,0,disconnected,-1,-1,0,nan,nan
710,7.6165619229999999,FINAL_BRAKE,0,0,0,2.6796789169311523,-0.10872125625610352,-0.017175554117929589,-0.017175554117929589,0.017257079633837491,0.0062860801568184466,0,0,33,0,1,disconnected,-1,-1,0,disconnected,-1,-1,0,nan,nan
710,7.627607384,FINAL_BRAKE,0,0,0,2.6789119243621826,-0.10948824882507324,-0.017296721981786476,-0.017296721981786476,0.017257079633837491,0.0062860801568184466,0,0,33,0,1,disconnected,-1,-1,0,disconnected,-1,-1,0,nan,nan
