tick,timestamp_s,phase,a_mode,b_mode,a_q_cmd,b_q_cmd,a_dq_cmd,b_dq_cmd,a_raw,b_raw,qA_logical_rad,qB_logical_rad,qJ2_logical_rad,q_ref_rad,e_common_rad,e_sync_rad,a_dq_feedback,b_dq_feedback,a_tau,b_tau,a_temp,b_temp,a_merror,b_merror,a_valid,b_valid,cycle_period_ms,cycle_jitter_ms
0,6.7899999999999998e-07,SESSION_BRAKE_CAPTURE,0,0,0,0,0,0,11.869587898254395,-4.0462675094604492,nan,nan,nan,nan,nan,nan,0,-0.46633124351501465,0,0,35,34,0,0,1,1,nan,nan
1,0.01002572,SESSION_BRAKE_CAPTURE,0,0,0,0,0,0,11.869587898254395,-4.0464591979980469,nan,nan,nan,nan,nan,nan,-0.17180624604225159,-0.41724374890327454,0,0,35,34,0,0,1,1,10.025041,0.025040999999999869
2,0.020044091,SESSION_BRAKE_CAPTURE,0,0,0,0,0,0,11.869587898254395,-4.0460753440856934,nan,nan,nan,nan,nan,nan,-0.22089375555515289,0.34361249208450317,0,0,35,34,0,0,1,1,10.018371,0.018371000000000137
3,0.030051973999999999,SESSION_BRAKE_CAPTURE,0,0,0,0,0,0,11.869587898254395,-4.0464591979980469,nan,nan,nan,nan,nan,nan,-0.14726249873638153,-0.36815625429153442,0,0,35,34,0,0,1,1,10.007882999999998,0.0078829999999978639
4,0.040150859999999997,SESSION_BRAKE_CAPTURE,0,0,0,0,0,0,11.869396209716797,-4.0462675094604492,nan,nan,nan,nan,nan,nan,-0.58904999494552612,0,0,0,35,34,0,0,1,1,10.098885999999998,0.098885999999998475
5,0.050265413000000002,SESSION_BRAKE_CAPTURE,0,0,0,0,0,0,11.869779586791992,-4.0462675094604492,nan,nan,nan,nan,nan,nan,0.24543750286102295,-0.098174996674060822,0,0,35,34,0,0,1,1,10.114553000000006,0.11455300000000612
6,0.060229225999999997,SESSION_BRAKE_CAPTURE,0,0,0,0,0,0,11.869587898254395,-4.0462675094604492,nan,nan,nan,nan,nan,nan,-0.024543749168515205,-0.073631249368190765,0,0,35,34,0,0,1,1,9.9638129999999947,0.036187000000005298
7,0.070267446999999997,SESSION_BRAKE_CAPTURE,0,0,0,0,0,0,11.869779586791992,-4.0462675094604492,nan,nan,nan,nan,nan,nan,0.14726249873638153,-0.024543749168515205,0,0,35,34,0,0,1,1,10.038221,0.03822100000000006
8,0.080259185999999996,SESSION_BRAKE_CAPTURE,0,0,0,0,0,0,11.869779586791992,-4.0462675094604492,nan,nan,nan,nan,nan,nan,0.17180624604225159,-0.024543749168515205,0,0,35,34,0,0,1,1,9.991738999999999,0.008261000000000962
9,0.090222174000000002,SESSION_BRAKE_CAPTURE,0,0,0,0,0,0,11.869587898254395,-4.0464591979980469,nan,nan,nan,nan,nan,nan,-0.19634999334812164,-0.39269998669624329,0,0,35,34,0,0,1,1,9.9629880000000064,0.037011999999993606
10,0.100239404,SESSION_BRAKE_CAPTURE,0,0,0,0,0,0,11.869587898254395,-4.0462675094604492,nan,nan,nan,nan,nan,nan,-0.12271875143051147,-0.024543749168515205,0,0,35,34,0,0,1,1,10.017230000000001,0.017230000000001411
11,0.110200467,SESSION_BRAKE_CAPTURE,0,0,0,0,0,0,11.869587898254395,-4.0462675094604492,nan,nan,nan,nan,nan,nan,-0.12271875143051147,-0.098174996674060822,0,0,35,34,0,0,1,1,9.9610629999999922,0.038937000000007771
12,0.120303433,SESSION_BRAKE_CAPTURE,0,0,0,0,0,0,11.869587898254395,-4.0460753440856934,nan,nan,nan,nan,nan,nan,-0.24543750286102295,0.39269998669624329,0,0,35,34,0,0,1,1,10.102966000000006,0.10296600000000566
13,0.130267097,SESSION_BRAKE_CAPTURE,0,0,0,0,0,0,11.869587898254395,-4.0464591979980469,nan,nan,nan,nan,nan,nan,-0.073631249368190765,-0.56450623273849487,0,0,35,34,0,0,1,1,9.9636639999999979,0.036336000000002144
14,0.14023937,SESSION_BRAKE_CAPTURE,0,0,0,0,0,0,11.869587898254395,-4.0462675094604492,nan,nan,nan,nan,nan,nan,-0.19634999334812164,-0.024543749168515205,0,0,35,34,0,0,1,1,9.9722730000000031,0.027726999999996949
15,0.150233807,SESSION_BRAKE_CAPTURE,0,0,0,0,0,0,11.869587898254395,-4.0460753440856934,nan,nan,nan,nan,nan,nan,-0.24543750286102295,0.34361249208450317,0,0,35,34,0,0,1,1,9.9944369999999942,0.0055630000000057578
16,0.16013707399999999,SESSION_BRAKE_CAPTURE,0,0,0,0,0,0,11.869587898254395,-4.0464591979980469,nan,nan,nan,nan,nan,nan,-0.14726249873638153,-0.36815625429153442,0,0,35,34,0,0,1,1,9.9032669999999925,0.096733000000007507
17,0.17022461,SESSION_BRAKE_CAPTURE,0,0,0,0,0,0,11.869587898254395,-4.0462675094604492,nan,nan,nan,nan,nan,nan,-0.073631249368190765,-0.049087498337030411,0,0,35,34,0,0,1,1,10.087536000000007,0.087536000000007164
18,0.18029862399999999,SESSION_BRAKE_CAPTURE,0,0,0,0,0,0,11.869587898254395,-4.0462675094604492,nan,nan,nan,nan,nan,nan,-0.22089375555515289,-0.024543749168515205,0,0,35,34,0,0,1,1,10.074013999999993,0.074013999999992919
19,0.19022033999999999,SESSION_BRAKE_CAPTURE,0,0,0,0,0,0,11.869587898254395,-4.0462675094604492,nan,nan,nan,nan,nan,nan,-0.19634999334812164,-0.049087498337030411,0,0,35,34,0,0,1,1,9.9217159999999964,0.078284000000003573
20,0.20027634599999999,SESSION_BRAKE_CAPTURE,0,0,0,0,0,0,11.869587898254395,-4.0462675094604492,nan,nan,nan,nan,nan,nan,-0.14726249873638153,0,0,0,35,34,0,0,1,1,10.056006000000007,0.056006000000007106
21,0.21032452500000001,SESSION_BRAKE_CAPTURE,0,0,0,0,0,0,11.869587898254395,-4.0462675094604492,nan,nan,nan,nan,nan,nan,-0.22089375555515289,0,0,0,35,34,0,0,1,1,10.048179000000019,0.048179000000018846
22,0.220202647,SESSION_BRAKE_CAPTURE,0,0,0,0,0,0,11.869779586791992,-4.0462675094604492,nan,nan,nan,nan,nan,nan,0.14726249873638153,-0.098174996674060822,0,0,35,34,0,0,1,1,9.8781219999999887,0.12187800000001126
23,0.23023877700000001,SESSION_BRAKE_CAPTURE,0,0,0,0,0,0,11.869587898254395,-4.0462675094604492,nan,nan,nan,nan,nan,nan,-0.14726249873638153,-0.073631249368190765,0,0,35,34,0,0,1,1,10.036130000000004,0.036130000000003548
24,0.240265965,SESSION_BRAKE_CAPTURE,0,0,0,0,0,0,11.869396209716797,-4.0464591979980469,nan,nan,nan,nan,nan,nan,-0.58904999494552612,-0.36815625429153442,0,0,35,34,0,0,1,1,10.027187999999992,0.027187999999991774
25,0.250224803,SESSION_BRAKE_CAPTURE,0,0,0,0,0,0,11.869587898254395,-4.0462675094604492,nan,nan,nan,nan,nan,nan,-0.098174996674060822,-0.024543749168515205,0,0,35,34,0,0,1,1,9.9588379999999983,0.041162000000001697
26,0.26019085199999997,SESSION_BRAKE_CAPTURE,0,0,0,0,0,0,11.869587898254395,-4.0462675094604492,nan,nan,nan,nan,nan,nan,-0.17180624604225159,0,0,0,35,34,0,0,1,1,9.9660489999999768,0.033951000000023157
27,0.27022787700000001,SESSION_BRAKE_CAPTURE,0,0,0,0,0,0,11.869587898254395,-4.0464591979980469,nan,nan,nan,nan,nan,nan,-0.24543750286102295,-0.39269998669624329,0,0,35,34,0,0,1,1,10.037025000000032,0.037025000000031838
28,0.28022880700000002,SESSION_BRAKE_CAPTURE,0,0,0,0,0,0,11.869779586791992,-4.0464591979980469,nan,nan,nan,nan,nan,nan,0.12271875143051147,-0.51541876792907715,0,0,35,34,0,0,1,1,10.000930000000018,0.00093000000001808303
29,0.29022494999999998,SESSION_BRAKE_CAPTURE,0,0,0,0,0,0,11.869779586791992,-4.0462675094604492,nan,nan,nan,nan,nan,nan,0.12271875143051147,-0.024543749168515205,0,0,35,34,0,0,1,1,9.9961429999999574,0.0038570000000426319
30,0.30017844399999999,SESSION_BRAKE_CAPTURE,0,0,0,0,0,0,11.869587898254395,-4.0462675094604492,nan,nan,nan,nan,nan,nan,-0.14726249873638153,0,0,0,35,34,0,0,1,1,9.9534940000000063,0.046505999999993719
31,0.31030343700000002,SESSION_BRAKE_CAPTURE,0,0,0,0,0,0,11.869587898254395,-4.0462675094604492,nan,nan,nan,nan,nan,nan,-0.073631249368190765,0.049087498337030411,0,0,35,34,0,0,1,1,10.124993000000027,0.12499300000002656
32,0.32018721999999999,SESSION_BRAKE_CAPTURE,0,0,0,0,0,0,11.869587898254395,-4.0462675094604492,nan,nan,nan,nan,nan,nan,-0.22089375555515289,0,0,0,35,34,0,0,1,1,9.8837829999999798,0.11621700000002022
33,0.33027920999999999,SESSION_BRAKE_CAPTURE,0,0,0,0,0,0,11.869587898254395,-4.0464591979980469,nan,nan,nan,nan,nan,nan,-0.17180624604225159,-0.39269998669624329,0,0,35,34,0,0,1,1,10.091989999999996,0.091989999999995575
34,0.34022679500000003,SESSION_BRAKE_CAPTURE,0,0,0,0,0,0,11.869587898254395,-4.0464591979980469,nan,nan,nan,nan,nan,nan,-0.56450623273849487,-0.34361249208450317,0,0,35,34,0,0,1,1,9.9475850000000356,0.052414999999964351
35,0.35032186300000001,SESSION_BRAKE_CAPTURE,0,0,0,0,0,0,11.869587898254395,-4.0462675094604492,nan,nan,nan,nan,nan,nan,-0.19634999334812164,0,0,0,35,34,0,0,1,1,10.095067999999985,0.095067999999985275
36,0.36032178300000001,SESSION_BRAKE_CAPTURE,0,0,0,0,0,0,11.869587898254395,-4.0460753440856934,nan,nan,nan,nan,nan,nan,-0.24543750286102295,0.24543750286102295,0,0,35,34,0,0,1,1,9.9999199999999959,8.000000000407681e-05
37,0.37024604500000002,SESSION_BRAKE_CAPTURE,0,0,0,0,0,0,11.869779586791992,-4.0460753440856934,nan,nan,nan,nan,nan,nan,0.12271875143051147,0.31906875967979431,0,0,35,34,0,0,1,1,9.9242620000000166,0.07573799999998343
38,0.38022637500000001,SESSION_BRAKE_CAPTURE,0,0,0,0,0,0,11.869396209716797,-4.0462675094604492,nan,nan,nan,nan,nan,nan,-0.39269998669624329,-0.024543749168515205,0,0,35,34,0,0,1,1,9.9803299999999808,0.019670000000019172
39,0.39027771500000003,SESSION_BRAKE_CAPTURE,0,0,0,0,0,0,11.869587898254395,-4.0462675094604492,nan,nan,nan,nan,nan,nan,-0.24543750286102295,-0.049087498337030411,0,0,35,34,0,0,1,1,10.051340000000019,0.051340000000019259
40,0.40023732000000001,SESSION_BRAKE_CAPTURE,0,0,0,0,0,0,11.869396209716797,-4.0460753440856934,nan,nan,nan,nan,nan,nan,-0.56450623273849487,0.26998123526573181,0,0,35,34,0,0,1,1,9.9596049999999821,0.040395000000017944
41,0.410226853,SESSION_BRAKE_CAPTURE,0,0,0,0,0,0,11.869587898254395,-4.0462675094604492,nan,nan,nan,nan,nan,nan,-0.22089375555515289,-0.098174996674060822,0,0,35,34,0,0,1,1,9.9895329999999944,0.010467000000005555
42,0.42029211900000002,SESSION_BRAKE_CAPTURE,0,0,0,0,0,0,11.869587898254395,-4.0464591979980469,nan,nan,nan,nan,nan,nan,-0.12271875143051147,-0.39269998669624329,0,0,35,34,0,0,1,1,10.065266000000017,0.065266000000017144
43,0.43022094300000002,SESSION_BRAKE_CAPTURE,0,0,0,0,0,0,11.869587898254395,-4.0464591979980469,nan,nan,nan,nan,nan,nan,-0.17180624604225159,-0.34361249208450317,0,0,35,34,0,0,1,1,9.9288240000000023,0.071175999999997686
44,0.440194853,SESSION_BRAKE_CAPTURE,0,0,0,0,0,0,11.869779586791992,-4.0464591979980469,nan,nan,nan,nan,nan,nan,0.22089375555515289,-0.41724374890327454,0,0,35,34,0,0,1,1,9.9739099999999752,0.026090000000024816
45,0.45021372199999998,SESSION_BRAKE_CAPTURE,0,0,0,0,0,0,11.869587898254395,-4.0462675094604492,nan,nan,nan,nan,nan,nan,-0.17180624604225159,-0.049087498337030411,0,0,35,34,0,0,1,1,10.018868999999986,0.018868999999986258
46,0.460183393,SESSION_BRAKE_CAPTURE,0,0,0,0,0,0,11.869396209716797,-4.0460753440856934,nan,nan,nan,nan,nan,nan,-0.56450623273849487,0.29452499747276306,0,0,35,34,0,0,1,1,9.9696710000000124,0.030328999999987616
47,0.47027145100000001,SESSION_BRAKE_CAPTURE,0,0,0,0,0,0,11.869587898254395,-4.0462675094604492,nan,nan,nan,nan,nan,nan,-0.024543749168515205,-0.17180624604225159,0,0,35,34,0,0,1,1,10.088058000000011,0.08805800000001085
48,0.48026839399999999,SESSION_BRAKE_CAPTURE,0,0,0,0,0,0,11.869587898254395,-4.0462675094604492,nan,nan,nan,nan,nan,nan,-0.14726249873638153,-0.073631249368190765,0,0,35,34,0,0,1,1,9.9969429999999804,0.0030570000000196274
49,0.490271018,SESSION_BRAKE_CAPTURE,0,0,0,0,0,0,11.869779586791992,-4.0460753440856934,nan,nan,nan,nan,nan,nan,-0.12271875143051147,0.34361249208450317,0,0,35,34,0,0,1,1,10.002624000000015,0.0026240000000150587
50,0.49242840100000002,DUAL_CURRENT_HOLD,1,1,11.869587898254395,-4.0462675094604492,-0,0,11.869587898254395,-4.0462675094604492,-0,0,0,0,0,-0,-0.19634999334812164,0,0,0,35,34,0,0,1,1,2.1573830000000127,7.8426169999999873
51,0.50265058200000001,DUAL_CURRENT_HOLD,1,1,11.869587898254395,-4.0462675094604492,-0,0,11.869587898254395,-4.0455002784729004,-0,0.00012120552871975926,6.060276435987963e-05,0,-6.060276435987963e-05,-0.00012120552871975926,0,-0.12271875143051147,0,0,35,34,0,0,1,1,10.222180999999997,0.2221809999999973
52,0.51260407299999999,DUAL_CURRENT_HOLD,1,1,11.869587898254395,-4.0462675094604492,-0,0,11.869587898254395,-4.0455002784729004,-0,0.00012120552871975926,6.060276435987963e-05,0,-6.060276435987963e-05,-0.00012120552871975926,-0.24543750286102295,0.12271875143051147,0.0078125,0,35,34,0,0,1,1,9.9534909999999819,0.046509000000018119
53,0.52264964999999997,DUAL_CURRENT_HOLD,1,1,11.869587898254395,-4.0462675094604492,-0,0,11.869587898254395,-4.0455002784729004,-0,0.00012120552871975926,6.060276435987963e-05,0,-6.060276435987963e-05,-0.00012120552871975926,-0.14726249873638153,-0.098174996674060822,0,-0.00390625,35,34,0,0,1,1,10.045576999999973,0.045576999999973111
54,0.53263020100000003,DUAL_CURRENT_HOLD,1,1,11.869587898254395,-4.0462675094604492,-0,0,11.869779586791992,-4.0455002784729004,-3.0282549748504178e-05,0.00012120552871975926,4.5461489485627545e-05,0,-4.5461489485627545e-05,-0.00015148807846826343,-0.19634999334812164,-0.14726249873638153,0.0078125,0,35,34,0,0,1,1,9.9805510000000588,0.019448999999941208
55,0.54261010899999995,DUAL_CURRENT_HOLD,1,1,11.869587898254395,-4.0462675094604492,-0,0,11.869587898254395,-4.0455002784729004,-0,0.00012120552871975926,6.060276435987963e-05,0,-6.060276435987963e-05,-0.00012120552871975926,-0.24543750286102295,-0.29452499747276306,0.00390625,-0.00390625,35,34,0,0,1,1,9.9799079999999272,0.020092000000072829
56,0.55261437000000002,DUAL_CURRENT_HOLD,1,1,11.869587898254395,-4.0462675094604492,-0,0,11.869779586791992,-4.0453085899353027,-3.0282549748504178e-05,0.00015148807846826343,6.060276435987963e-05,0,-6.060276435987963e-05,-0.0001817706282167676,0.024543749168515205,0.12271875143051147,0,0,35,34,0,0,1,1,10.004261000000071,0.0042610000000706805
57,0.56261815800000003,DUAL_CURRENT_HOLD,1,1,11.869587898254395,-4.0462675094604492,-0,0,11.869779586791992,-4.0453085899353027,-3.0282549748504178e-05,0.00015148807846826343,6.060276435987963e-05,0,-6.060276435987963e-05,-0.0001817706282167676,0.049087498337030411,0.098174996674060822,0.00390625,0,35,34,0,0,1,1,10.003788000000014,0.0037880000000143355
58,0.57263052999999997,DUAL_CURRENT_HOLD,1,1,11.869587898254395,-4.0462675094604492,-0,0,11.869779586791992,-4.0455002784729004,-3.0282549748504178e-05,0.00012120552871975926,4.5461489485627545e-05,0,-4.5461489485627545e-05,-0.00015148807846826343,0.12271875143051147,-0.26998123526573181,0.0078125,0,35,34,0,0,1,1,10.012371999999935,0.012371999999935213
59,0.58262577199999999,DUAL_CURRENT_HOLD,1,1,11.869587898254395,-4.0462675094604492,-0,0,11.869779586791992,-4.0455002784729004,-3.0282549748504178e-05,0.00012120552871975926,4.5461489485627545e-05,0,-4.5461489485627545e-05,-0.00015148807846826343,0.12271875143051147,-0.24543750286102295,0.0078125,0,35,34,0,0,1,1,9.9952420000000153,0.0047579999999847189
60,0.59262821899999996,DUAL_CURRENT_HOLD,1,1,11.869587898254395,-4.0462675094604492,-0,0,11.869587898254395,-4.0453085899353027,-0,0.00015148807846826343,7.5744039234131716e-05,0,-7.5744039234131716e-05,-0.00015148807846826343,-0.22089375555515289,0.12271875143051147,0.00390625,0,35,34,0,0,1,1,10.00244699999997,0.0024469999999698899
61,0.60265824599999995,DUAL_CURRENT_HOLD,1,1,11.869587898254395,-4.0462675094604492,-0,0,11.869587898254395,-4.045691967010498,-0,9.0922978971255076e-05,4.5461489485627538e-05,0,-4.5461489485627538e-05,-9.0922978971255076e-05,-0.22089375555515289,-0.58904999494552612,0.00390625,0,35,34,0,0,1,1,10.030026999999997,0.030026999999996917
62,0.61261051300000002,DUAL_CURRENT_HOLD,1,1,11.869587898254395,-4.0462675094604492,-0,0,11.869587898254395,-4.0453085899353027,-0,0.00015148807846826343,7.5744039234131716e-05,0,-7.5744039234131716e-05,-0.00015148807846826343,-0.24543750286102295,0.26998123526573181,0.0078125,-0.00390625,35,34,0,0,1,1,9.9522670000000701,0.047732999999929859
63,0.62263088499999997,DUAL_CURRENT_HOLD,1,1,11.869587898254395,-4.0462675094604492,-0,0,11.869587898254395,-4.0455002784729004,-0,0.00012120552871975926,6.060276435987963e-05,0,-6.060276435987963e-05,-0.00012120552871975926,-0.31906875967979431,-0.17180624604225159,0,0,35,34,0,0,1,1,10.020371999999945,0.02037199999994499
64,0.63254920100000001,DUAL_CURRENT_HOLD,1,1,11.869587898254395,-4.0462675094604492,-0,0,11.869587898254395,-4.0455002784729004,-0,0.00012120552871975926,6.060276435987963e-05,0,-6.060276435987963e-05,-0.00012120552871975926,-0.26998123526573181,0,-0.00390625,0,35,34,0,0,1,1,9.9183160000000381,0.081683999999961898
65,0.64263090700000003,DUAL_CURRENT_HOLD,1,1,11.869587898254395,-4.0462675094604492,-0,0,11.869587898254395,-4.0455002784729004,-0,0.00012120552871975926,6.060276435987963e-05,0,-6.060276435987963e-05,-0.00012120552871975926,-0.24543750286102295,-0.049087498337030411,0,0,35,34,0,0,1,1,10.081706000000024,0.081706000000023593
66,0.65263492099999998,DUAL_CURRENT_HOLD,1,1,11.869587898254395,-4.0462675094604492,-0,0,11.869587898254395,-4.045691967010498,-0,9.0922978971255076e-05,4.5461489485627538e-05,0,-4.5461489485627538e-05,-9.0922978971255076e-05,-0.22089375555515289,0.024543749168515205,0.00390625,0.00390625,35,34,0,0,1,1,10.00401399999995,0.004013999999950002
67,0.66264352199999998,DUAL_CURRENT_HOLD,1,1,11.869587898254395,-4.0462675094604492,-0,0,11.869779586791992,-4.0455002784729004,-3.0282549748504178e-05,0.00012120552871975926,4.5461489485627545e-05,0,-4.5461489485627545e-05,-0.00015148807846826343,-0.61359375715255737,-0.17180624604225159,0.00390625,0,35,34,0,0,1,1,10.008601000000006,0.008601000000005854
68,0.672624483,DUAL_CURRENT_HOLD,1,1,11.869587898254395,-4.0462675094604492,-0,0,11.869587898254395,-4.0455002784729004,-0,0.00012120552871975926,6.060276435987963e-05,0,-6.060276435987963e-05,-0.00012120552871975926,-0.024543749168515205,-0.24543750286102295,0.00390625,0,35,34,0,0,1,1,9.9809610000000113,0.019038999999988704
69,0.682629916,DUAL_CURRENT_HOLD,1,1,11.869587898254395,-4.0462675094604492,-0,0,11.869587898254395,-4.0455002784729004,-0,0.00012120552871975926,6.060276435987963e-05,0,-6.060276435987963e-05,-0.00012120552871975926,-0.24543750286102295,-0.39269998669624329,0,0,35,34,0,0,1,1,10.005433000000007,0.0054330000000071266
70,0.692608683,DUAL_CURRENT_HOLD,1,1,11.869587898254395,-4.0462675094604492,-0,0,11.869587898254395,-4.0455002784729004,-0,0.00012120552871975926,6.060276435987963e-05,0,-6.060276435987963e-05,-0.00012120552871975926,-0.24543750286102295,-0.34361249208450317,0.0078125,0,35,34,0,0,1,1,9.9787669999999995,0.021233000000000501
71,0.70265075300000002,DUAL_CURRENT_HOLD,1,1,11.869587898254395,-4.0462675094604492,-0,0,11.869396209716797,-4.0453085899353027,3.0282549748504178e-05,0.00015148807846826343,9.0885314108383802e-05,0,-9.0885314108383802e-05,-0.00012120552871975926,-0.58904999494552612,0.098174996674060822,0.0078125,0,35,34,0,0,1,1,10.042070000000013,0.042070000000013152
72,0.71265014999999998,DUAL_CURRENT_HOLD,1,1,11.869587898254395,-4.0462675094604492,-0,0,11.869587898254395,-4.0455002784729004,-0,0.00012120552871975926,6.060276435987963e-05,0,-6.060276435987963e-05,-0.00012120552871975926,-0.098174996674060822,-0.34361249208450317,0.0078125,0,35,34,0,0,1,1,9.9993969999999663,0.00060300000003365994
73,0.72267060299999997,DUAL_CURRENT_HOLD,1,1,11.869587898254395,-4.0462675094604492,-0,0,11.869587898254395,-4.0455002784729004,-0,0.00012120552871975926,6.060276435987963e-05,0,-6.060276435987963e-05,-0.00012120552871975926,-0.24543750286102295,-0.24543750286102295,0,0,35,34,0,0,1,1,10.020452999999986,0.020452999999985622
74,0.73268481799999996,DUAL_CURRENT_HOLD,1,1,11.869587898254395,-4.0462675094604492,-0,0,11.869779586791992,-4.0455002784729004,-3.0282549748504178e-05,0.00012120552871975926,4.5461489485627545e-05,0,-4.5461489485627545e-05,-0.00015148807846826343,0,-0.098174996674060822,0.00390625,0.00390625,35,34,0,0,1,1,10.014214999999993,0.014214999999992983
75,0.74262654299999997,DUAL_CURRENT_HOLD,1,1,11.869587898254395,-4.0462675094604492,-0,0,11.869779586791992,-4.0455002784729004,-3.0282549748504178e-05,0.00012120552871975926,4.5461489485627545e-05,0,-4.5461489485627545e-05,-0.00015148807846826343,0.14726249873638153,-0.24543750286102295,0.00390625,0,35,34,0,0,1,1,9.9417250000000124,0.058274999999987642
76,0.75266962400000004,DUAL_CURRENT_HOLD,1,1,11.869587898254395,-4.0462675094604492,-0,0,11.869587898254395,-4.0455002784729004,-0,0.00012120552871975926,6.060276435987963e-05,0,-6.060276435987963e-05,-0.00012120552871975926,-0.19634999334812164,-0.22089375555515289,0.00390625,0,35,34,0,0,1,1,10.043081000000065,0.043081000000064762
77,0.76264549000000004,DUAL_CURRENT_HOLD,1,1,11.869587898254395,-4.0462675094604492,-0,0,11.869779586791992,-4.0453085899353027,-3.0282549748504178e-05,0.00015148807846826343,6.060276435987963e-05,0,-6.060276435987963e-05,-0.0001817706282167676,0.22089375555515289,0.073631249368190765,0.00390625,0,35,34,0,0,1,1,9.9758659999999999,0.0241340000000001
78,0.77263252699999996,DUAL_CURRENT_HOLD,1,1,11.869587898254395,-4.0462675094604492,-0,0,11.869587898254395,-4.0455002784729004,-0,0.00012120552871975926,6.060276435987963e-05,0,-6.060276435987963e-05,-0.00012120552871975926,-0.24543750286102295,-0.24543750286102295,0,0,35,34,0,0,1,1,9.9870369999999209,0.012963000000079106
79,0.78266202500000004,DUAL_CURRENT_HOLD,1,1,11.869587898254395,-4.0462675094604492,-0,0,11.869587898254395,-4.0453085899353027,-0,0.00015148807846826343,7.5744039234131716e-05,0,-7.5744039234131716e-05,-0.00015148807846826343,-0.24543750286102295,0,0.0078125,0,35,34,0,0,1,1,10.029498000000082,0.029498000000081959
80,0.79265272499999995,DUAL_CURRENT_HOLD,1,1,11.869587898254395,-4.0462675094604492,-0,0,11.869779586791992,-4.0453085899353027,-3.0282549748504178e-05,0.00015148807846826343,6.060276435987963e-05,0,-6.060276435987963e-05,-0.0001817706282167676,-0.24543750286102295,0.14726249873638153,0.00390625,0.00390625,35,34,0,0,1,1,9.990699999999908,0.0093000000000920124
81,0.80262802300000002,DUAL_CURRENT_HOLD,1,1,11.869587898254395,-4.0462675094604492,-0,0,11.869779586791992,-4.0455002784729004,-3.0282549748504178e-05,0.00012120552871975926,4.5461489485627545e-05,0,-4.5461489485627545e-05,-0.00015148807846826343,0.12271875143051147,-0.024543749168515205,0.00390625,0,35,34,0,0,1,1,9.9752980000000768,0.024701999999923174
82,0.81266122900000004,DUAL_CURRENT_HOLD,1,1,11.869587898254395,-4.0462675094604492,-0,0,11.869587898254395,-4.0455002784729004,-0,0.00012120552871975926,6.060276435987963e-05,0,-6.060276435987963e-05,-0.00012120552871975926,-0.26998123526573181,-0.24543750286102295,0,0,35,34,0,0,1,1,10.033206000000018,0.03320600000001761
83,0.822665019,DUAL_CURRENT_HOLD,1,1,11.869587898254395,-4.0462675094604492,-0,0,11.869587898254395,-4.0453085899353027,-0,0.00015148807846826343,7.5744039234131716e-05,0,-7.5744039234131716e-05,-0.00015148807846826343,-0.24543750286102295,0.12271875143051147,0,0,35,34,0,0,1,1,10.003789999999956,0.0037899999999559952
84,0.832487427,DUAL_CURRENT_HOLD,1,1,11.869587898254395,-4.0462675094604492,-0,0,11.869587898254395,-4.0455002784729004,-0,0.00012120552871975926,6.060276435987963e-05,0,-6.060276435987963e-05,-0.00012120552871975926,0,-0.024543749168515205,0.0078125,0,35,34,0,0,1,1,9.8224080000000047,0.17759199999999531
85,0.84266020100000005,DUAL_CURRENT_HOLD,1,1,11.869587898254395,-4.0462675094604492,-0,0,11.869587898254395,-4.0455002784729004,-0,0.00012120552871975926,6.060276435987963e-05,0,-6.060276435987963e-05,-0.00012120552871975926,-0.14726249873638153,-0.24543750286102295,0.0078125,0,35,34,0,0,1,1,10.17277400000005,0.17277400000005017
86,0.85267580899999995,DUAL_CURRENT_HOLD,1,1,11.869587898254395,-4.0462675094604492,-0,0,11.869587898254395,-4.0455002784729004,-0,0.00012120552871975926,6.060276435987963e-05,0,-6.060276435987963e-05,-0.00012120552871975926,-0.098174996674060822,-0.29452499747276306,-0.00390625,0,35,34,0,0,1,1,10.015607999999897,0.01560799999989726
87,0.86260756500000002,DUAL_CURRENT_HOLD,1,1,11.869587898254395,-4.0462675094604492,-0,0,11.869587898254395,-4.0455002784729004,-0,0.00012120552871975926,6.060276435987963e-05,0,-6.060276435987963e-05,-0.00012120552871975926,0,-0.24543750286102295,0.0078125,0,35,34,0,0,1,1,9.9317560000000693,0.068243999999930693
88,0.87265737200000004,DUAL_CURRENT_HOLD,1,1,11.869587898254395,-4.0462675094604492,-0,0,11.869587898254395,-4.0455002784729004,-0,0.00012120552871975926,6.060276435987963e-05,0,-6.060276435987963e-05,-0.00012120552871975926,-0.26998123526573181,-0.049087498337030411,0,-0.00390625,35,34,0,0,1,1,10.049807000000023,0.049807000000022583
89,0.88265712900000004,DUAL_CURRENT_HOLD,1,1,11.869587898254395,-4.0462675094604492,-0,0,11.869779586791992,-4.0453085899353027,-3.0282549748504178e-05,0.00015148807846826343,6.060276435987963e-05,0,-6.060276435987963e-05,-0.0001817706282167676,0.12271875143051147,0.024543749168515205,0,0,35,34,0,0,1,1,9.9997569999999989,0.00024300000000110344
90,0.89266127299999998,DUAL_CURRENT_HOLD,1,1,11.869587898254395,-4.0462675094604492,-0,0,11.869587898254395,-4.0451169013977051,-0,0.0001817706282167676,9.0885314108383802e-05,0,-9.0885314108383802e-05,-0.0001817706282167676,-0.29452499747276306,0.34361249208450317,0.00390625,0,35,34,0,0,1,1,10.004143999999936,0.0041439999999361987
91,0.90266259100000001,DUAL_CURRENT_HOLD,1,1,11.869587898254395,-4.0462675094604492,-0,0,11.869587898254395,-4.0455002784729004,-0,0.00012120552871975926,6.060276435987963e-05,0,-6.060276435987963e-05,-0.00012120552871975926,-0.31906875967979431,-0.24543750286102295,0,-0.00390625,35,34,0,0,1,1,10.001318000000037,0.0013180000000367897
92,0.912656935,DUAL_CURRENT_HOLD,1,1,11.869587898254395,-4.0462675094604492,-0,0,11.86997127532959,-4.0455002784729004,-6.0565099497008357e-05,0.00012120552871975926,3.0320214611375452e-05,0,-3.0320214611375452e-05,-0.0001817706282167676,0.34361249208450317,-0.39269998669624329,0.00390625,-0.00390625,35,34,0,0,1,1,9.9943439999999875,0.0056560000000125399
93,0.92260839500000003,DUAL_CURRENT_HOLD,1,1,11.869587898254395,-4.0462675094604492,-0,0,11.869779586791992,-4.0455002784729004,-3.0282549748504178e-05,0.00012120552871975926,4.5461489485627545e-05,0,-4.5461489485627545e-05,-0.00015148807846826343,0,-0.34361249208450317,0,0,35,34,0,0,1,1,9.9514600000000222,0.048539999999977823
94,0.93265827199999995,DUAL_CURRENT_HOLD,1,1,11.869587898254395,-4.0462675094604492,-0,0,11.869587898254395,-4.0455002784729004,-0,0.00012120552871975926,6.060276435987963e-05,0,-6.060276435987963e-05,-0.00012120552871975926,-0.24543750286102295,-0.26998123526573181,-0.00390625,0,35,34,0,0,1,1,10.049876999999929,0.049876999999929339
95,0.94260109000000003,DUAL_CURRENT_HOLD,1,1,11.869587898254395,-4.0462675094604492,-0,0,11.869587898254395,-4.0455002784729004,-0,0.00012120552871975926,6.060276435987963e-05,0,-6.060276435987963e-05,-0.00012120552871975926,-0.14726249873638153,-0.34361249208450317,0,0,35,34,0,0,1,1,9.9428180000000754,0.057181999999924571
96,0.95266060699999999,DUAL_CURRENT_HOLD,1,1,11.869587898254395,-4.0462675094604492,-0,0,11.869587898254395,-4.0455002784729004,-0,0.00012120552871975926,6.060276435987963e-05,0,-6.060276435987963e-05,-0.00012120552871975926,-0.24543750286102295,-0.34361249208450317,0.00390625,0,35,34,0,0,1,1,10.059516999999962,0.059516999999962295
97,0.96265392500000002,DUAL_CURRENT_HOLD,1,1,11.869587898254395,-4.0462675094604492,-0,0,11.869587898254395,-4.0453085899353027,-0,0.00015148807846826343,7.5744039234131716e-05,0,-7.5744039234131716e-05,-0.00015148807846826343,-0.34361249208450317,0.024543749168515205,0,0,35,34,0,0,1,1,9.9933180000000288,0.006681999999971211
98,0.97261770299999994,DUAL_CURRENT_HOLD,1,1,11.869587898254395,-4.0462675094604492,-0,0,11.869587898254395,-4.0453085899353027,-0,0.00015148807846826343,7.5744039234131716e-05,0,-7.5744039234131716e-05,-0.00015148807846826343,-0.14726249873638153,0,0,0,35,34,0,0,1,1,9.9637779999999232,0.036222000000076804
99,0.98266048699999997,DUAL_CURRENT_HOLD,1,1,11.869587898254395,-4.0462675094604492,-0,0,11.869587898254395,-4.0453085899353027,-0,0.00015148807846826343,7.5744039234131716e-05,0,-7.5744039234131716e-05,-0.00015148807846826343,-0.24543750286102295,-0.024543749168515205,0.00390625,0,35,34,0,0,1,1,10.042784000000026,0.042784000000025912
100,0.99266147199999999,DUAL_CURRENT_HOLD,1,1,11.869587898254395,-4.0462675094604492,-0,0,11.869779586791992,-4.0453085899353027,-3.0282549748504178e-05,0.00015148807846826343,6.060276435987963e-05,0,-6.060276435987963e-05,-0.0001817706282167676,0,-0.12271875143051147,0,-0.00390625,35,34,0,0,1,1,10.000985000000018,0.00098500000001777721
101,1.002658434,DUAL_CURRENT_HOLD,1,1,11.869587898254395,-4.0462675094604492,-0,0,11.869779586791992,-4.0453085899353027,-3.0282549748504178e-05,0.00015148807846826343,6.060276435987963e-05,0,-6.060276435987963e-05,-0.0001817706282167676,0.12271875143051147,-0.098174996674060822,0.0078125,0,35,34,0,0,1,1,9.9969619999999981,0.0030380000000018725
102,1.0126656329999999,DUAL_CURRENT_HOLD,1,1,11.869587898254395,-4.0462675094604492,-0,0,11.869587898254395,-4.0455002784729004,-0,0.00012120552871975926,6.060276435987963e-05,0,-6.060276435987963e-05,-0.00012120552871975926,-0.17180624604225159,-0.24543750286102295,0.00390625,0,35,34,0,0,1,1,10.007198999999911,0.0071989999999111376
103,1.022657481,DUAL_CURRENT_HOLD,1,1,11.869587898254395,-4.0462675094604492,-0,0,11.869587898254395,-4.0453085899353027,-0,0.00015148807846826343,7.5744039234131716e-05,0,-7.5744039234131716e-05,-0.00015148807846826343,-0.19634999334812164,-0.024543749168515205,0,0,35,34,0,0,1,1,9.9918480000000809,0.0081519999999191128
104,1.032547058,DUAL_CURRENT_HOLD,1,1,11.869587898254395,-4.0462675094604492,-0,0,11.869587898254395,-4.0455002784729004,-0,0.00012120552871975926,6.060276435987963e-05,0,-6.060276435987963e-05,-0.00012120552871975926,-0.12271875143051147,-0.24543750286102295,0.0078125,0,35,34,0,0,1,1,9.8895770000000383,0.11042299999996175
105,1.042625854,DUAL_CURRENT_HOLD,1,1,11.869587898254395,-4.0462675094604492,-0,0,11.869587898254395,-4.0453085899353027,-0,0.00015148807846826343,7.5744039234131716e-05,0,-7.5744039234131716e-05,-0.00015148807846826343,-0.17180624604225159,0,0,-0.00390625,35,34,0,0,1,1,10.078795999999945,0.078795999999945465
106,1.0526463479999999,DUAL_CURRENT_HOLD,1,1,11.869587898254395,-4.0462675094604492,-0,0,11.869587898254395,-4.0453085899353027,-0,0.00015148807846826343,7.5744039234131716e-05,0,-7.5744039234131716e-05,-0.00015148807846826343,-0.24543750286102295,-0.024543749168515205,0.00390625,0,35,34,0,0,1,1,10.020493999999935,0.020493999999935397
107,1.062582132,DUAL_CURRENT_HOLD,1,1,11.869587898254395,-4.0462675094604492,-0,0,11.869779586791992,-4.0455002784729004,-3.0282549748504178e-05,0.00012120552871975926,4.5461489485627545e-05,0,-4.5461489485627545e-05,-0.00015148807846826343,0.12271875143051147,-0.26998123526573181,0,0.0078125,35,34,0,0,1,1,9.9357840000000586,0.064215999999941431
108,1.072669729,DUAL_CURRENT_HOLD,1,1,11.869587898254395,-4.0462675094604492,-0,0,11.869587898254395,-4.0455002784729004,-0,0.00012120552871975926,6.060276435987963e-05,0,-6.060276435987963e-05,-0.00012120552871975926,-0.29452499747276306,-0.24543750286102295,0.0078125,0,35,34,0,0,1,1,10.087597000000059,0.087597000000059211
109,1.082658479,DUAL_CURRENT_HOLD,1,1,11.869587898254395,-4.0462675094604492,-0,0,11.869587898254395,-4.0453085899353027,-0,0.00015148807846826343,7.5744039234131716e-05,0,-7.5744039234131716e-05,-0.00015148807846826343,-0.24543750286102295,0.098174996674060822,0.00390625,0,35,34,0,0,1,1,9.9887499999999907,0.011250000000009308
110,1.0926594599999999,DUAL_CURRENT_HOLD,1,1,11.869587898254395,-4.0462675094604492,-0,0,11.869779586791992,-4.0455002784729004,-3.0282549748504178e-05,0.00012120552871975926,4.5461489485627545e-05,0,-4.5461489485627545e-05,-0.00015148807846826343,-0.24543750286102295,-0.26998123526573181,0.0078125,0,35,34,0,0,1,1,10.000980999999909,0.00098099999990886033
111,1.102658095,DUAL_CURRENT_HOLD,1,1,11.869587898254395,-4.0462675094604492,-0,0,11.869779586791992,-4.0453085899353027,-3.0282549748504178e-05,0.00015148807846826343,6.060276435987963e-05,0,-6.060276435987963e-05,-0.0001817706282167676,-0.049087498337030411,0.12271875143051147,0,0,35,34,0,0,1,1,9.998635000000089,0.0013649999999110207
112,1.1126154070000001,DUAL_CURRENT_HOLD,1,1,11.869587898254395,-4.0462675094604492,-0,0,11.869587898254395,-4.045691967010498,-0,9.0922978971255076e-05,4.5461489485627538e-05,0,-4.5461489485627538e-05,-9.0922978971255076e-05,-0.24543750286102295,-0.61359375715255737,0.0078125,0,35,34,0,0,1,1,9.9573120000000515,0.042687999999948545
113,1.122659039,DUAL_CURRENT_HOLD,1,1,11.869587898254395,-4.0462675094604492,-0,0,11.869779586791992,-4.0455002784729004,-3.0282549748504178e-05,0.00012120552871975926,4.5461489485627545e-05,0,-4.5461489485627545e-05,-0.00015148807846826343,0.19634999334812164,-0.39269998669624329,0.0078125,0,35,34,0,0,1,1,10.043631999999914,0.043631999999913518
114,1.1326578,DUAL_CURRENT_HOLD,1,1,11.869587898254395,-4.0462675094604492,-0,0,11.869587898254395,-4.0453085899353027,-0,0.00015148807846826343,7.5744039234131716e-05,0,-7.5744039234131716e-05,-0.00015148807846826343,-0.26998123526573181,-0.073631249368190765,0.00390625,0,35,34,0,0,1,1,9.9987610000000782,0.0012389999999218304
115,1.1426625479999999,DUAL_CURRENT_HOLD,1,1,11.869587898254395,-4.0462675094604492,-0,0,11.869779586791992,-4.0455002784729004,-3.0282549748504178e-05,0.00012120552871975926,4.5461489485627545e-05,0,-4.5461489485627545e-05,-0.00015148807846826343,0.073631249368190765,0.024543749168515205,0.0078125,0,35,34,0,0,1,1,10.004747999999841,0.0047479999998412126
116,1.152663177,DUAL_CURRENT_HOLD,1,1,11.869587898254395,-4.0462675094604492,-0,0,11.869587898254395,-4.0453085899353027,-0,0.00015148807846826343,7.5744039234131716e-05,0,-7.5744039234131716e-05,-0.00015148807846826343,-0.41724374890327454,0,-0.0078125,0,35,34,0,0,1,1,10.000629000000094,0.00062900000009413759
117,1.162648683,DUAL_CURRENT_HOLD,1,1,11.869587898254395,-4.0462675094604492,-0,0,11.869587898254395,-4.0453085899353027,-0,0.00015148807846826343,7.5744039234131716e-05,0,-7.5744039234131716e-05,-0.00015148807846826343,-0.29452499747276306,0,0.0078125,0,35,34,0,0,1,1,9.9855060000000329,0.014493999999967144
118,1.1726571370000001,DUAL_CURRENT_HOLD,1,1,11.869587898254395,-4.0462675094604492,-0,0,11.869396209716797,-4.0453085899353027,3.0282549748504178e-05,0.00015148807846826343,9.0885314108383802e-05,0,-9.0885314108383802e-05,-0.00012120552871975926,-0.53996247053146362,0.12271875143051147,0.0078125,0,35,34,0,0,1,1,10.008454000000055,0.0084540000000554727
119,1.1826081369999999,DUAL_CURRENT_HOLD,1,1,11.869587898254395,-4.0462675094604492,-0,0,11.869587898254395,-4.0453085899353027,-0,0.00015148807846826343,7.5744039234131716e-05,0,-7.5744039234131716e-05,-0.00015148807846826343,-0.17180624604225159,0.12271875143051147,0.00390625,0,35,34,0,0,1,1,9.9509999999998211,0.0490000000001789
120,1.1926576769999999,DUAL_CURRENT_HOLD,1,1,11.869587898254395,-4.0462675094604492,-0,0,11.869779586791992,-4.0453085899353027,-3.0282549748504178e-05,0.00015148807846826343,6.060276435987963e-05,0,-6.060276435987963e-05,-0.0001817706282167676,0.14726249873638153,0.049087498337030411,0.0078125,0,35,34,0,0,1,1,10.049540000000023,0.049540000000023454
121,1.202657066,DUAL_CURRENT_HOLD,1,1,11.869587898254395,-4.0462675094604492,-0,0,11.869587898254395,-4.0453085899353027,-0,0.00015148807846826343,7.5744039234131716e-05,0,-7.5744039234131716e-05,-0.00015148807846826343,-0.17180624604225159,0.049087498337030411,0.0078125,0,35,34,0,0,1,1,9.9993890000000807,0.00061099999991931497
122,1.2126573629999999,DUAL_CURRENT_HOLD,1,1,11.869587898254395,-4.0462675094604492,-0,0,11.869587898254395,-4.0453085899353027,-0,0.00015148807846826343,7.5744039234131716e-05,0,-7.5744039234131716e-05,-0.00015148807846826343,-0.19634999334812164,0,0,0,35,34,0,0,1,1,10.000296999999936,0.00029699999993582082
123,1.222697621,DUAL_CURRENT_HOLD,1,1,11.869587898254395,-4.0462675094604492,-0,0,11.869587898254395,-4.0453085899353027,-0,0.00015148807846826343,7.5744039234131716e-05,0,-7.5744039234131716e-05,-0.00015148807846826343,-0.34361249208450317,0,0,0,35,34,0,0,1,1,10.04025800000008,0.040258000000079619
124,1.232548143,DUAL_CURRENT_HOLD,1,1,11.869587898254395,-4.0462675094604492,-0,0,11.869779586791992,-4.0455002784729004,-3.0282549748504178e-05,0.00012120552871975926,4.5461489485627545e-05,0,-4.5461489485627545e-05,-0.00015148807846826343,0.12271875143051147,-0.34361249208450317,0,0.00390625,35,34,0,0,1,1,9.8505220000000282,0.1494779999999718
125,1.2426580229999999,DUAL_CURRENT_HOLD,1,1,11.869587898254395,-4.0462675094604492,-0,0,11.869587898254395,-4.0455002784729004,-0,0.00012120552871975926,6.060276435987963e-05,0,-6.060276435987963e-05,-0.00012120552871975926,-0.24543750286102295,-0.26998123526573181,0.00390625,0,35,34,0,0,1,1,10.109879999999904,0.1098799999999045
126,1.252570046,DUAL_CURRENT_HOLD,1,1,11.869587898254395,-4.0462675094604492,-0,0,11.869587898254395,-4.0453085899353027,-0,0.00015148807846826343,7.5744039234131716e-05,0,-7.5744039234131716e-05,-0.00015148807846826343,-0.31906875967979431,0,0.0078125,0,35,34,0,0,1,1,9.9120230000000475,0.087976999999952454
127,1.262658541,DUAL_CURRENT_HOLD,1,1,11.869587898254395,-4.0462675094604492,-0,0,11.869587898254395,-4.0453085899353027,-0,0.00015148807846826343,7.5744039234131716e-05,0,-7.5744039234131716e-05,-0.00015148807846826343,-0.26998123526573181,0,0,-0.00390625,35,34,0,0,1,1,10.088494999999975,0.088494999999975121
128,1.2726577720000001,DUAL_CURRENT_HOLD,1,1,11.869587898254395,-4.0462675094604492,-0,0,11.869587898254395,-4.0453085899353027,-0,0.00015148807846826343,7.5744039234131716e-05,0,-7.5744039234131716e-05,-0.00015148807846826343,-0.36815625429153442,0.049087498337030411,0,0,35,34,0,0,1,1,9.9992310000001083,0.0007689999998916619
129,1.282667123,DUAL_CURRENT_HOLD,1,1,11.869587898254395,-4.0462675094604492,-0,0,11.869396209716797,-4.0453085899353027,3.0282549748504178e-05,0.00015148807846826343,9.0885314108383802e-05,0,-9.0885314108383802e-05,-0.00012120552871975926,-0.44178751111030579,0.12271875143051147,0.0078125,0,35,34,0,0,1,1,10.009350999999889,0.0093509999998886428
130,1.292656051,DUAL_CURRENT_HOLD,1,1,11.869587898254395,-4.0462675094604492,-0,0,11.869779586791992,-4.0455002784729004,-3.0282549748504178e-05,0.00012120552871975926,4.5461489485627545e-05,0,-4.5461489485627545e-05,-0.00015148807846826343,0.049087498337030411,-0.29452499747276306,0.0078125,0,35,34,0,0,1,1,9.9889280000000635,0.011071999999936466
131,1.3026055700000001,DUAL_CURRENT_HOLD,1,1,11.869587898254395,-4.0462675094604492,-0,0,11.869587898254395,-4.0455002784729004,-0,0.00012120552871975926,6.060276435987963e-05,0,-6.060276435987963e-05,-0.00012120552871975926,-0.19634999334812164,-0.36815625429153442,0.0078125,0,35,34,0,0,1,1,9.9495190000000733,0.050480999999926723
132,1.312657636,DUAL_CURRENT_HOLD,1,1,11.869587898254395,-4.0462675094604492,-0,0,11.869396209716797,-4.0453085899353027,3.0282549748504178e-05,0.00015148807846826343,9.0885314108383802e-05,0,-9.0885314108383802e-05,-0.00012120552871975926,-0.4908750057220459,0,0.00390625,0,35,34,0,0,1,1,10.05206599999986,0.052065999999859613
133,1.3226608609999999,DUAL_CURRENT_HOLD,1,1,11.869587898254395,-4.0462675094604492,-0,0,11.869587898254395,-4.0453085899353027,-0,0.00015148807846826343,7.5744039234131716e-05,0,-7.5744039234131716e-05,-0.00015148807846826343,-0.24543750286102295,0.12271875143051147,0,0,35,34,0,0,1,1,10.003224999999949,0.0032249999999489631
134,1.332657218,DUAL_CURRENT_HOLD,1,1,11.869587898254395,-4.0462675094604492,-0,0,11.869587898254395,-4.0455002784729004,-0,0.00012120552871975926,6.060276435987963e-05,0,-6.060276435987963e-05,-0.00012120552871975926,-0.26998123526573181,-0.12271875143051147,0,-0.00390625,35,34,0,0,1,1,9.9963570000001223,0.0036429999998777163
135,1.3426592260000001,DUAL_CURRENT_HOLD,1,1,11.869587898254395,-4.0462675094604492,-0,0,11.869779586791992,-4.0455002784729004,-3.0282549748504178e-05,0.00012120552871975926,4.5461489485627545e-05,0,-4.5461489485627545e-05,-0.00015148807846826343,0.19634999334812164,-0.34361249208450317,0.0078125,0,35,34,0,0,1,1,10.002008000000062,0.0020080000000621823
136,1.3526706509999999,DUAL_CURRENT_HOLD,1,1,11.869587898254395,-4.0462675094604492,-0,0,11.869396209716797,-4.0455002784729004,3.0282549748504178e-05,0.00012120552871975926,7.5744039234131716e-05,0,-7.5744039234131716e-05,-9.0922978971255089e-05,-0.39269998669624329,0,0.00390625,0,35,34,0,0,1,1,10.011424999999852,0.011424999999851693
137,1.3626588159999999,DUAL_CURRENT_HOLD,1,1,11.869587898254395,-4.0462675094604492,-0,0,11.86997127532959,-4.0453085899353027,-6.0565099497008357e-05,0.00015148807846826343,4.5461489485627538e-05,0,-4.5461489485627538e-05,-0.00021205317796527178,0.39269998669624329,0,0.00390625,0,35,34,0,0,1,1,9.9881649999999933,0.011835000000006701
138,1.372658554,DUAL_CURRENT_HOLD,1,1,11.869587898254395,-4.0462675094604492,-0,0,11.869587898254395,-4.0453085899353027,-0,0.00015148807846826343,7.5744039234131716e-05,0,-7.5744039234131716e-05,-0.00015148807846826343,-0.26998123526573181,-0.17180624604225159,0.0078125,0,35,34,0,0,1,1,9.9997380000000913,0.00026199999990872413
139,1.382656758,DUAL_CURRENT_HOLD,1,1,11.869587898254395,-4.0462675094604492,-0,0,11.869587898254395,-4.0453085899353027,-0,0.00015148807846826343,7.5744039234131716e-05,0,-7.5744039234131716e-05,-0.00015148807846826343,-0.31906875967979431,-0.049087498337030411,0,0,35,34,0,0,1,1,9.998203999999955,0.0017960000000449838
140,1.3926676010000001,DUAL_CURRENT_HOLD,1,1,11.869587898254395,-4.0462675094604492,-0,0,11.869587898254395,-4.0453085899353027,-0,0.00015148807846826343,7.5744039234131716e-05,0,-7.5744039234131716e-05,-0.00015148807846826343,-0.19634999334812164,-0.098174996674060822,0.00390625,0,35,34,0,0,1,1,10.010843000000103,0.010843000000102521
141,1.4026568349999999,DUAL_CURRENT_HOLD,1,1,11.869587898254395,-4.0462675094604492,-0,0,11.869587898254395,-4.0453085899353027,-0,0.00015148807846826343,7.5744039234131716e-05,0,-7.5744039234131716e-05,-0.00015148807846826343,-0.26998123526573181,-0.024543749168515205,0.00390625,0,35,34,0,0,1,1,9.989233999999847,0.010766000000153042
142,1.4126778769999999,DUAL_CURRENT_HOLD,1,1,11.869587898254395,-4.0462675094604492,-0,0,11.869587898254395,-4.0455002784729004,-0,0.00012120552871975926,6.060276435987963e-05,0,-6.060276435987963e-05,-0.00012120552871975926,-0.22089375555515289,-0.24543750286102295,0,0,35,34,0,0,1,1,10.02104199999998,0.021041999999980021
143,1.422669674,DUAL_CURRENT_HOLD,1,1,11.869587898254395,-4.0462675094604492,-0,0,11.869587898254395,-4.0455002784729004,-0,0.00012120552871975926,6.060276435987963e-05,0,-6.060276435987963e-05,-0.00012120552871975926,-0.24543750286102295,-0.24543750286102295,0,0,35,34,0,0,1,1,9.99179700000008,0.0082029999999200243
144,1.4325511179999999,DUAL_CURRENT_HOLD,1,1,11.869587898254395,-4.0462675094604492,-0,0,11.869587898254395,-4.0453085899353027,-0,0.00015148807846826343,7.5744039234131716e-05,0,-7.5744039234131716e-05,-0.00015148807846826343,-0.24543750286102295,0.098174996674060822,0.00390625,0,35,34,0,0,1,1,9.881443999999906,0.11855600000009403
145,1.442656232,DUAL_CURRENT_HOLD,1,1,11.869587898254395,-4.0462675094604492,-0,0,11.869779586791992,-4.0455002784729004,-3.0282549748504178e-05,0.00012120552871975926,4.5461489485627545e-05,0,-4.5461489485627545e-05,-0.00015148807846826343,0.073631249368190765,-0.31906875967979431,0,0,35,34,0,0,1,1,10.105114000000137,0.10511400000013715
146,1.4526586610000001,DUAL_CURRENT_HOLD,1,1,11.869587898254395,-4.0462675094604492,-0,0,11.869779586791992,-4.0455002784729004,-3.0282549748504178e-05,0.00012120552871975926,4.5461489485627545e-05,0,-4.5461489485627545e-05,-0.00015148807846826343,0.12271875143051147,-0.31906875967979431,0.0078125,0,35,34,0,0,1,1,10.002429000000035,0.0024290000000348755
147,1.4626588309999999,DUAL_CURRENT_HOLD,1,1,11.869587898254395,-4.0462675094604492,-0,0,11.869587898254395,-4.0453085899353027,-0,0.00015148807846826343,7.5744039234131716e-05,0,-7.5744039234131716e-05,-0.00015148807846826343,-0.24543750286102295,-0.024543749168515205,0,0,35,34,0,0,1,1,10.000169999999864,0.00016999999986389014
148,1.4725187500000001,DUAL_CURRENT_HOLD,1,1,11.869587898254395,-4.0462675094604492,-0,0,11.869779586791992,-4.0453085899353027,-3.0282549748504178e-05,0.00015148807846826343,6.060276435987963e-05,0,-6.060276435987963e-05,-0.0001817706282167676,0.12271875143051147,0.098174996674060822,0.0078125,0,35,34,0,0,1,1,9.8599190000001613,0.1400809999998387
149,1.482657654,DUAL_CURRENT_HOLD,1,1,11.869587898254395,-4.0462675094604492,-0,0,11.869779586791992,-4.0453085899353027,-3.0282549748504178e-05,0.00015148807846826343,6.060276435987963e-05,0,-6.060276435987963e-05,-0.0001817706282167676,0.12271875143051147,0.049087498337030411,0.00390625,0,35,34,0,0,1,1,10.138903999999949,0.13890399999994862
150,1.4926570560000001,DUAL_CURRENT_HOLD,1,1,11.869587898254395,-4.0462675094604492,-0,0,11.869779586791992,-4.0453085899353027,-3.0282549748504178e-05,0.00015148807846826343,6.060276435987963e-05,0,-6.060276435987963e-05,-0.0001817706282167676,0.098174996674060822,0.12271875143051147,0.00390625,-0.00390625,35,34,0,0,1,1,9.9994020000000461,0.00059799999995391317
151,1.502659414,DUAL_CURRENT_HOLD,1,1,11.869587898254395,-4.0462675094604492,-0,0,11.869587898254395,-4.0455002784729004,-0,0.00012120552871975926,6.060276435987963e-05,0,-6.060276435987963e-05,-0.00012120552871975926,-0.36815625429153442,-0.26998123526573181,-0.0078125,0,35,34,0,0,1,1,10.002357999999933,0.0023579999999334689
152,1.512656566,DUAL_CURRENT_HOLD,1,1,11.869587898254395,-4.0462675094604492,-0,0,11.869779586791992,-4.0453085899353027,-3.0282549748504178e-05,0.00015148807846826343,6.060276435987963e-05,0,-6.060276435987963e-05,-0.0001817706282167676,0.049087498337030411,-0.049087498337030411,0,0,35,34,0,0,1,1,9.9971519999999536,0.002848000000046369
153,1.522652662,DUAL_CURRENT_HOLD,1,1,11.869587898254395,-4.0462675094604492,-0,0,11.869779586791992,-4.0455002784729004,-3.0282549748504178e-05,0.00012120552871975926,4.5461489485627545e-05,0,-4.5461489485627545e-05,-0.00015148807846826343,0.073631249368190765,-0.31906875967979431,0.0078125,0,35,34,0,0,1,1,9.9960960000000654,0.0039039999999346264
154,1.5326779610000001,DUAL_CURRENT_HOLD,1,1,11.869587898254395,-4.0462675094604492,-0,0,11.869587898254395,-4.0455002784729004,-0,0.00012120552871975926,6.060276435987963e-05,0,-6.060276435987963e-05,-0.00012120552871975926,-0.24543750286102295,-0.44178751111030579,0,0,35,34,0,0,1,1,10.025299000000043,0.025299000000043037
155,1.542707388,DUAL_CURRENT_HOLD,1,1,11.869587898254395,-4.0462675094604492,-0,0,11.869779586791992,-4.0453085899353027,-3.0282549748504178e-05,0.00015148807846826343,6.060276435987963e-05,0,-6.060276435987963e-05,-0.0001817706282167676,0.073631249368190765,-0.024543749168515205,0.0078125,-0.00390625,35,34,0,0,1,1,10.029426999999869,0.029426999999868642
156,1.552657226,DUAL_CURRENT_HOLD,1,1,11.869587898254395,-4.0462675094604492,-0,0,11.869587898254395,-4.0451169013977051,-0,0.0001817706282167676,9.0885314108383802e-05,0,-9.0885314108383802e-05,-0.0001817706282167676,-0.31906875967979431,0.29452499747276306,0.0078125,-0.00390625,35,34,0,0,1,1,9.9498380000000441,0.050161999999955853
157,1.5626579300000001,DUAL_CURRENT_HOLD,1,1,11.869587898254395,-4.0462675094604492,-0,0,11.869779586791992,-4.0455002784729004,-3.0282549748504178e-05,0.00012120552871975926,4.5461489485627545e-05,0,-4.5461489485627545e-05,-0.00015148807846826343,0.073631249368190765,-0.24543750286102295,0,0,35,34,0,0,1,1,10.000704000000082,0.00070400000008241648
158,1.572663674,DUAL_CURRENT_HOLD,1,1,11.869587898254395,-4.0462675094604492,-0,0,11.869587898254395,-4.0455002784729004,-0,0.00012120552871975926,6.060276435987963e-05,0,-6.060276435987963e-05,-0.00012120552871975926,-0.19634999334812164,-0.34361249208450317,0.0078125,0,35,34,0,0,1,1,10.005743999999872,0.0057439999998720737
159,1.582656686,DUAL_CURRENT_HOLD,1,1,11.869587898254395,-4.0462675094604492,-0,0,11.869587898254395,-4.0453085899353027,-0,0.00015148807846826343,7.5744039234131716e-05,0,-7.5744039234131716e-05,-0.00015148807846826343,-0.24543750286102295,-0.36815625429153442,-0.00390625,0,35,34,0,0,1,1,9.9930120000000233,0.0069879999999766795
160,1.592661229,DUAL_CURRENT_HOLD,1,1,11.869587898254395,-4.0462675094604492,-0,0,11.869587898254395,-4.0453085899353027,-0,0.00015148807846826343,7.5744039234131716e-05,0,-7.5744039234131716e-05,-0.00015148807846826343,-0.26998123526573181,0,0,0,35,34,0,0,1,1,10.004542999999977,0.0045429999999768711
161,1.602657338,DUAL_CURRENT_HOLD,1,1,11.869587898254395,-4.0462675094604492,-0,0,11.869779586791992,-4.0453085899353027,-3.0282549748504178e-05,0.00015148807846826343,6.060276435987963e-05,0,-6.060276435987963e-05,-0.0001817706282167676,0.12271875143051147,0,0,0,35,34,0,0,1,1,9.9961090000000308,0.0038909999999692246
162,1.6126592289999999,DUAL_CURRENT_HOLD,1,1,11.869587898254395,-4.0462675094604492,-0,0,11.869587898254395,-4.0453085899353027,-0,0.00015148807846826343,7.5744039234131716e-05,0,-7.5744039234131716e-05,-0.00015148807846826343,0.12271875143051147,-0.098174996674060822,0,-0.00390625,35,34,0,0,1,1,10.001890999999929,0.0018909999999294769
163,1.6226113019999999,DUAL_CURRENT_HOLD,1,1,11.869587898254395,-4.0462675094604492,-0,0,11.869779586791992,-4.0453085899353027,-3.0282549748504178e-05,0.00015148807846826343,6.060276435987963e-05,0,-6.060276435987963e-05,-0.0001817706282167676,0,-0.17180624604225159,0,-0.00390625,35,34,0,0,1,1,9.9520730000000057,0.04792699999999428
164,1.63253004,DUAL_CURRENT_HOLD,1,1,11.869587898254395,-4.0462675094604492,-0,0,11.869587898254395,-4.0453085899353027,-0,0.00015148807846826343,7.5744039234131716e-05,0,-7.5744039234131716e-05,-0.00015148807846826343,-0.22089375555515289,-0.24543750286102295,0,0,35,34,0,0,1,1,9.9187380000000935,0.081261999999906465
165,1.6426102250000001,DUAL_CURRENT_HOLD,1,1,11.869587898254395,-4.0462675094604492,-0,0,11.86997127532959,-4.0453085899353027,-6.0565099497008357e-05,0.00015148807846826343,4.5461489485627538e-05,0,-4.5461489485627538e-05,-0.00021205317796527178,-0.31906875967979431,-0.31906875967979431,0,0,35,34,0,0,1,1,10.080185000000075,0.08018500000007478
166,1.6525972579999999,DUAL_CURRENT_HOLD,1,1,11.869587898254395,-4.0462675094604492,-0,0,11.869779586791992,-4.0451169013977051,-3.0282549748504178e-05,0.0001817706282167676,7.5744039234131716e-05,0,-7.5744039234131716e-05,-0.00021205317796527178,0,0,0.0078125,0.00390625,35,34,0,0,1,1,9.987032999999812,0.012967000000188023
167,1.662668558,DUAL_CURRENT_HOLD,1,1,11.869587898254395,-4.0462675094604492,-0,0,11.869779586791992,-4.0453085899353027,-3.0282549748504178e-05,0.00015148807846826343,6.060276435987963e-05,0,-6.060276435987963e-05,-0.0001817706282167676,0.098174996674060822,-0.24543750286102295,0,0,35,34,0,0,1,1,10.071300000000116,0.07130000000011627
168,1.6726590320000001,DUAL_CURRENT_HOLD,1,1,11.869587898254395,-4.0462675094604492,-0,0,11.869779586791992,-4.0453085899353027,-3.0282549748504178e-05,0.00015148807846826343,6.060276435987963e-05,0,-6.060276435987963e-05,-0.0001817706282167676,0.12271875143051147,-0.26998123526573181,0.00390625,-0.00390625,35,34,0,0,1,1,9.9904740000000825,0.0095259999999175449
169,1.682621379,DUAL_CURRENT_HOLD,1,1,11.869587898254395,-4.0462675094604492,-0,0,11.869779586791992,-4.0451169013977051,-3.0282549748504178e-05,0.0001817706282167676,7.5744039234131716e-05,0,-7.5744039234131716e-05,-0.00021205317796527178,0.14726249873638153,0.12271875143051147,0,0,35,34,0,0,1,1,9.9623469999998715,0.0376530000001285
170,1.692623193,DUAL_CURRENT_HOLD,1,1,11.869587898254395,-4.0462675094604492,-0,0,11.869779586791992,-4.0453085899353027,-3.0282549748504178e-05,0.00015148807846826343,6.060276435987963e-05,0,-6.060276435987963e-05,-0.0001817706282167676,0,-0.29452499747276306,0,0,35,34,0,0,1,1,10.001813999999998,0.0018139999999977618
171,1.702628867,DUAL_CURRENT_HOLD,1,1,11.869587898254395,-4.0462675094604492,-0,0,11.869587898254395,-4.0453085899353027,-0,0.00015148807846826343,7.5744039234131716e-05,0,-7.5744039234131716e-05,-0.00015148807846826343,-0.29452499747276306,-0.24543750286102295,0.00390625,0,35,34,0,0,1,1,10.005674000000075,0.005674000000075452
172,1.7125951800000001,DUAL_CURRENT_HOLD,1,1,11.869587898254395,-4.0462675094604492,-0,0,11.869587898254395,-4.0453085899353027,-0,0.00015148807846826343,7.5744039234131716e-05,0,-7.5744039234131716e-05,-0.00015148807846826343,-0.17180624604225159,-0.29452499747276306,0,0,35,34,0,0,1,1,9.9663130000000599,0.03368699999994007
173,1.722623494,DUAL_CURRENT_HOLD,1,1,11.869587898254395,-4.0462675094604492,-0,0,11.869587898254395,-4.0453085899353027,-0,0.00015148807846826343,7.5744039234131716e-05,0,-7.5744039234131716e-05,-0.00015148807846826343,-0.24543750286102295,-0.24543750286102295,0.00390625,0.00390625,35,34,0,0,1,1,10.028313999999927,0.02831399999992712
174,1.7326535700000001,DUAL_CURRENT_HOLD,1,1,11.869587898254395,-4.0462675094604492,-0,0,11.869779586791992,-4.0451169013977051,-3.0282549748504178e-05,0.0001817706282167676,7.5744039234131716e-05,0,-7.5744039234131716e-05,-0.00021205317796527178,0.12271875143051147,-0.12271875143051147,0.00390625,0,35,34,0,0,1,1,10.030076000000054,0.030076000000054393
175,1.7426563269999999,DUAL_CURRENT_HOLD,1,1,11.869587898254395,-4.0462675094604492,-0,0,11.869587898254395,-4.0453085899353027,-0,0.00015148807846826343,7.5744039234131716e-05,0,-7.5744039234131716e-05,-0.00015148807846826343,-0.17180624604225159,-0.26998123526573181,0.0078125,0,35,34,0,0,1,1,10.002756999999862,0.0027569999998622308
176,1.752652066,DUAL_CURRENT_HOLD,1,1,11.869587898254395,-4.0462675094604492,-0,0,11.869587898254395,-4.0453085899353027,-0,0.00015148807846826343,7.5744039234131716e-05,0,-7.5744039234131716e-05,-0.00015148807846826343,-0.26998123526573181,-0.39269998669624329,0.0078125,0,35,34,0,0,1,1,9.995739000000059,0.0042609999999410064
177,1.7626190209999999,DUAL_CURRENT_HOLD,1,1,11.869587898254395,-4.0462675094604492,-0,0,11.869396209716797,-4.0453085899353027,3.0282549748504178e-05,0.00015148807846826343,9.0885314108383802e-05,0,-9.0885314108383802e-05,-0.00012120552871975926,-0.4908750057220459,-0.24543750286102295,0.0078125,0,35,34,0,0,1,1,9.9669549999998885,0.033045000000111457
178,1.7726686279999999,DUAL_CURRENT_HOLD,1,1,11.869587898254395,-4.0462675094604492,-0,0,11.869587898254395,-4.0451169013977051,-0,0.0001817706282167676,9.0885314108383802e-05,0,-9.0885314108383802e-05,-0.0001817706282167676,-0.098174996674060822,0,0.00390625,0.00390625,35,34,0,0,1,1,10.049607000000016,0.049607000000015944
179,1.782654851,DUAL_CURRENT_HOLD,1,1,11.869587898254395,-4.0462675094604492,-0,0,11.869779586791992,-4.0451169013977051,-3.0282549748504178e-05,0.0001817706282167676,7.5744039234131716e-05,0,-7.5744039234131716e-05,-0.00021205317796527178,0.12271875143051147,0,0.0078125,0,35,34,0,0,1,1,9.9862230000000718,0.013776999999928208
180,1.7926103179999999,DUAL_CURRENT_HOLD,1,1,11.869587898254395,-4.0462675094604492,-0,0,11.869587898254395,-4.0451169013977051,-0,0.0001817706282167676,9.0885314108383802e-05,0,-9.0885314108383802e-05,-0.0001817706282167676,-0.22089375555515289,0,0.00390625,0,35,34,0,0,1,1,9.9554669999999401,0.044533000000059886
181,1.802652699,DUAL_CURRENT_HOLD,1,1,11.869587898254395,-4.0462675094604492,-0,0,11.869396209716797,-4.0455002784729004,3.0282549748504178e-05,0.00012120552871975926,7.5744039234131716e-05,0,-7.5744039234131716e-05,-9.0922978971255089e-05,-0.56450623273849487,-0.61359375715255737,0,0,35,34,0,0,1,1,10.0423810000001,0.042381000000100144
182,1.812653748,DUAL_CURRENT_HOLD,1,1,11.869587898254395,-4.0462675094604492,-0,0,11.869396209716797,-4.0455002784729004,3.0282549748504178e-05,0.00012120552871975926,7.5744039234131716e-05,0,-7.5744039234131716e-05,-9.0922978971255089e-05,-0.58904999494552612,-0.61359375715255737,0,0,35,34,0,0,1,1,10.001048999999984,0.0010489999999840904
183,1.82265893,DUAL_CURRENT_HOLD,1,1,11.869587898254395,-4.0462675094604492,-0,0,11.869587898254395,-4.0451169013977051,-0,0.0001817706282167676,9.0885314108383802e-05,0,-9.0885314108383802e-05,-0.0001817706282167676,-0.22089375555515289,-0.31906875967979431,0,0,35,34,0,0,1,1,10.005182000000001,0.0051820000000013522
184,1.832519335,DUAL_CURRENT_HOLD,1,1,11.869587898254395,-4.0462675094604492,-0,0,11.869779586791992,-4.0455002784729004,-3.0282549748504178e-05,0.00012120552871975926,4.5461489485627545e-05,0,-4.5461489485627545e-05,-0.00015148807846826343,0,-0.4908750057220459,0,0,35,34,0,0,1,1,9.860404999999961,0.13959500000003899
185,1.842614298,DUAL_CURRENT_HOLD,1,1,11.869587898254395,-4.0462675094604492,-0,0,11.869779586791992,-4.0455002784729004,-3.0282549748504178e-05,0.00012120552871975926,4.5461489485627545e-05,0,-4.5461489485627545e-05,-0.00015148807846826343,0.14726249873638153,-0.58904999494552612,-0.00390625,0,35,34,0,0,1,1,10.094963000000012,0.094963000000012343
186,1.8526216369999999,DUAL_CURRENT_HOLD,1,1,11.869587898254395,-4.0462675094604492,-0,0,11.869587898254395,-4.0453085899353027,-0,0.00015148807846826343,7.5744039234131716e-05,0,-7.5744039234131716e-05,-0.00015148807846826343,-0.24543750286102295,-0.17180624604225159,0.0078125,0,35,34,0,0,1,1,10.007338999999948,0.0073389999999484701
187,1.862642307,DUAL_CURRENT_HOLD,1,1,11.869587898254395,-4.0462675094604492,-0,0,11.869587898254395,-4.0451169013977051,-0,0.0001817706282167676,9.0885314108383802e-05,0,-9.0885314108383802e-05,-0.0001817706282167676,-0.24543750286102295,0.12271875143051147,0.00390625,0,35,34,0,0,1,1,10.020670000000065,0.020670000000064803
188,1.872655154,DUAL_CURRENT_HOLD,1,1,11.869587898254395,-4.0462675094604492,-0,0,11.869204521179199,-4.0453085899353027,6.0565099497008357e-05,0.00015148807846826343,0.00010602658898263589,0,-0.00010602658898263589,-9.0922978971255076e-05,-0.90811872482299805,-0.19634999334812164,0.00390625,0,35,34,0,0,1,1,10.012847000000047,0.012847000000046904
189,1.8826462559999999,DUAL_CURRENT_HOLD,1,1,11.869587898254395,-4.0462675094604492,-0,0,11.869587898254395,-4.0451169013977051,-0,0.0001817706282167676,9.0885314108383802e-05,0,-9.0885314108383802e-05,-0.0001817706282167676,-0.24543750286102295,0.049087498337030411,0,0,35,34,0,0,1,1,9.9911019999998629,0.008898000000137074
190,1.892658365,DUAL_CURRENT_HOLD,1,1,11.869587898254395,-4.0462675094604492,-0,0,11.869587898254395,-4.0453085899353027,-0,0.00015148807846826343,7.5744039234131716e-05,0,-7.5744039234131716e-05,-0.00015148807846826343,-0.22089375555515289,-0.24543750286102295,0.0078125,0,35,34,0,0,1,1,10.012109000000047,0.012109000000046777
191,1.9026576529999999,DUAL_CURRENT_HOLD,1,1,11.869587898254395,-4.0462675094604492,-0,0,11.869587898254395,-4.0455002784729004,-0,0.00012120552871975926,6.060276435987963e-05,0,-6.060276435987963e-05,-0.00012120552871975926,-0.19634999334812164,-0.58904999494552612,0,0,35,34,0,0,1,1,9.9992879999999396,0.00071200000006044206
192,1.9126678580000001,DUAL_CURRENT_HOLD,1,1,11.869587898254395,-4.0462675094604492,-0,0,11.869587898254395,-4.0451169013977051,-0,0.0001817706282167676,9.0885314108383802e-05,0,-9.0885314108383802e-05,-0.0001817706282167676,-0.19634999334812164,-0.22089375555515289,0.0078125,0,35,34,0,0,1,1,10.010205000000161,0.01020500000016078
193,1.922666966,DUAL_CURRENT_HOLD,1,1,11.869587898254395,-4.0462675094604492,-0,0,11.869587898254395,-4.0451169013977051,-0,0.0001817706282167676,9.0885314108383802e-05,0,-9.0885314108383802e-05,-0.0001817706282167676,-0.24543750286102295,0.22089375555515289,0,0,35,34,0,0,1,1,9.9991079999999233,0.00089200000007672031
194,1.932603675,DUAL_CURRENT_HOLD,1,1,11.869587898254395,-4.0462675094604492,-0,0,11.86997127532959,-4.0453085899353027,-6.0565099497008357e-05,0.00015148807846826343,4.5461489485627538e-05,0,-4.5461489485627538e-05,-0.00021205317796527178,0.41724374890327454,-0.14726249873638153,0.0078125,0,35,34,0,0,1,1,9.936708999999988,0.063291000000011977
195,1.942615212,DUAL_CURRENT_HOLD,1,1,11.869587898254395,-4.0462675094604492,-0,0,11.869587898254395,-4.0453085899353027,-0,0.00015148807846826343,7.5744039234131716e-05,0,-7.5744039234131716e-05,-0.00015148807846826343,-0.19634999334812164,-0.24543750286102295,0,0,35,34,0,0,1,1,10.011537000000015,0.011537000000014785
196,1.952634322,DUAL_CURRENT_HOLD,1,1,11.869587898254395,-4.0462675094604492,-0,0,11.869587898254395,-4.0451169013977051,-0,0.0001817706282167676,9.0885314108383802e-05,0,-9.0885314108383802e-05,-0.0001817706282167676,-0.4908750057220459,0.12271875143051147,0.00390625,0.00390625,35,34,0,0,1,1,10.019109999999998,0.01910999999999774
197,1.9626532329999999,DUAL_CURRENT_HOLD,1,1,11.869587898254395,-4.0462675094604492,-0,0,11.869779586791992,-4.0453085899353027,-3.0282549748504178e-05,0.00015148807846826343,6.060276435987963e-05,0,-6.060276435987963e-05,-0.0001817706282167676,0.31906875967979431,-0.24543750286102295,-0.00390625,0,35,34,0,0,1,1,10.018910999999964,0.018910999999963707
198,1.972624369,DUAL_CURRENT_HOLD,1,1,11.869587898254395,-4.0462675094604492,-0,0,11.869396209716797,-4.0451169013977051,3.0282549748504178e-05,0.0001817706282167676,0.00010602658898263589,0,-0.00010602658898263589,-0.00015148807846826343,-0.098174996674060822,-0.39269998669624329,0,0,35,34,0,0,1,1,9.9711360000001026,0.028863999999897416
199,1.982625329,DUAL_CURRENT_HOLD,1,1,11.869587898254395,-4.0462675094604492,-0,0,11.869587898254395,-4.0451169013977051,-0,0.0001817706282167676,9.0885314108383802e-05,0,-9.0885314108383802e-05,-0.0001817706282167676,-0.24543750286102295,0,0,0,35,34,0,0,1,1,10.000959999999948,0.00095999999994766938
200,1.9925308669999999,PLUS_5_PROFILE,1,1,11.869587898254395,-4.0462675094604492,-0,0,11.869587898254395,-4.0449252128601074,-0,0.0002120531779652718,0.0001060265889826359,0,-0.0001060265889826359,-0.0002120531779652718,-0.22089375555515289,0.36815625429153442,0,0,35,34,0,0,1,1,9.905537999999936,0.094462000000063995
201,2.0025336390000001,PLUS_5_PROFILE,1,1,11.869422179243916,-4.0461017904499696,-0.033143802095898151,0.033143802095898151,11.869779586791992,-4.0451169013977051,-3.0282549748504178e-05,0.0001817706282167676,7.5744039234131716e-05,2.6179938779914941e-05,-4.9564100454216778e-05,-0.00021205317796527178,0.073631249368190765,-0.098174996674060822,0,-0.00390625,35,34,0,0,1,1,10.002772000000215,0.0027720000002151579
202,2.0126539819999998,PLUS_5_PROFILE,1,1,11.868925022212476,-4.0456046334185309,-0.066287604191796301,0.066287604191796301,11.869587898254395,-4.0453085899353027,-0,0.00015148807846826343,7.5744039234131716e-05,0.00010471975511965977,2.8975715885528049e-05,-0.00015148807846826343,-0.024543749168515205,-0.36815625429153442,0,0.00390625,35,34,0,0,1,1,10.120342999999643,0.12034299999964304
203,2.0226548680000001,PLUS_5_PROFILE,1,1,11.868096427160079,-4.044776038366134,-0.099431406287694452,0.099431406287694452,11.869587898254395,-4.0451169013977051,-0,0.0001817706282167676,9.0885314108383802e-05,0.00023561944901923445,0.00014473413491085065,-0.0001817706282167676,0.098174996674060822,-0.024543749168515205,0,0,35,34,0,0,1,1,10.000886000000264,0.00088600000026417547
204,2.0324867590000002,PLUS_5_PROFILE,1,1,11.866936394086723,-4.043616005292777,-0.1325752083835926,0.1325752083835926,11.869396209716797,-4.0445413589477539,3.0282549748504178e-05,0.00027269360718802269,0.00015148807846826343,0.00041887902047863906,0.00026739094201037563,-0.00024241105743951852,-0.14726249873638153,0.049087498337030411,0,0.0078125,35,34,0,0,1,1,9.831891000000148,0.16810899999985196
205,2.0426538519999999,PLUS_5_PROFILE,1,1,11.865444922992408,-4.0421245341984617,-0.16571901047949075,0.16571901047949075,11.869204521179199,-4.0447335243225098,6.0565099497008357e-05,0.00024233572771377597,0.00015145041360539217,0.00065449846949787362,0.00050304805589248148,-0.0001817706282167676,-0.26998123526573181,0.22089375555515289,-0.0078125,0.0078125,35,34,0,0,1,1,10.167092999999738,0.16709299999973837
206,2.0526543089999998,PLUS_5_PROFILE,1,1,11.863622013877134,-4.0403016250831874,-0.1988628125753889,0.1988628125753889,11.869204521179199,-4.0443496704101562,6.0565099497008357e-05,0.00030297615693652686,0.0001817706282167676,0.00094247779607693782,0.00076070716786017021,-0.00024241105743951852,0,-0.29452499747276306,-0.0078125,0.0078125,35,34,0,0,1,1,10.000456999999852,0.00045699999985160389
207,2.0626536999999998,PLUS_5_PROFILE,1,1,11.8614676667409,-4.0381472779469538,-0.23200661467128711,0.23200661467128711,11.868820190429688,-4.0441579818725586,0.00012128085844550181,0.00033325870668503104,0.00022726978256526644,0.0012828170002158325,0.001055547217650566,-0.00021197784823952923,-0.24543750286102295,-0.41724374890327454,-0.00390625,0.01171875,35,34,0,0,1,1,9.9993910000000241,0.00060899999997587884
208,2.0726547420000001,PLUS_5_PROFILE,1,1,11.858981881583707,-4.0356614927897621,-0.2651504167671852,0.2651504167671852,11.868820190429688,-4.0435829162597656,0.00012128085844550181,0.00042410635593054361,0.00027269360718802269,0.0016755160819145562,0.0014028224747265334,-0.00030282549748504182,-0.12271875143051147,0.34361249208450317,-0.0078125,0.01171875,35,34,0,0,1,1,10.001042000000293,0.0010420000002930863
209,2.0826594460000001,PLUS_5_PROFILE,1,1,11.856164658405556,-4.0328442696116102,-0.29829421886308338,0.29829421886308338,11.86862850189209,-4.0435829162597656,0.00015156340819400598,0.00042410635593054361,0.00028783488206227478,0.00212057504117311,0.0018327401591108352,-0.00027254294773653765,0.17180624604225159,-0.24543750286102295,-0.01171875,0.01953125,35,34,0,0,1,1,10.004703999999975,0.0047039999999753945
210,2.0926538830000001,PLUS_5_PROFILE,1,1,11.853015997206445,-4.0296956084125002,-0.33143802095898151,0.33143802095898151,11.868436813354492,-4.0430073738098145,0.00018184595794251015,0.00051502933490179864,0.00034843764642215441,0.0026179938779914945,0.0022695562315693399,-0.00033318337695928846,0.073631249368190765,-0.14726249873638153,-0.01953125,0.01953125,35,34,0,0,1,1,9.9944370000000227,0.0055629999999773361
211,2.102653605,PLUS_5_PROFILE,1,1,11.849535897986376,-4.026215509192431,-0.36458182305487968,0.36458182305487968,11.868053436279297,-4.0424323081970215,0.00024241105743951852,0.00060587698414731115,0.00042414402079341484,0.0031677725923697081,0.0027436285715762934,-0.00036346592670779263,-0.17180624604225159,0.17180624604225159,-0.01953125,0.0234375,35,34,0,0,1,1,9.9997219999998777,0.00027800000012234705
212,2.1125766490000002,PLUS_5_PROFILE,1,1,11.845724360745347,-4.0224039719514026,-0.39772562515077781,0.39772562515077781,11.867478370666504,-4.0422406196594238,0.00033325870668503104,0.00063615953389581533,0.00048470912029042318,0.0037699111843077513,0.003285202064017328,-0.00030290082721078429,0.19634999334812164,-0.12271875143051147,-0.01953125,0.02734375,35,34,0,0,1,1,9.923044000000214,0.076955999999785973
213,2.122658698,PLUS_5_PROFILE,1,1,11.84158138548336,-4.0182609966894152,-0.43086942724667598,0.43086942724667598,11.866711616516113,-4.0412817001342773,0.00045438890567904778,0.00078764761236407876,0.00062101825902156329,0.0044244096538056258,0.0038033913947840624,-0.00033325870668503098,-0.098174996674060822,-0.39269998669624329,-0.0234375,0.0234375,35,34,0,0,1,1,10.08204899999976,0.082048999999759786
214,2.1326588630000001,PLUS_5_PROFILE,1,1,11.837106972200415,-4.0137865834064694,-0.46401322934257422,0.46401322934257422,11.865943908691406,-4.0401315689086914,0.00057566976412454956,0.0009693429108551039,0.00077250633748982673,0.0051312680008633298,0.0043587616633735029,-0.00039367314673055434,0,0.049087498337030411,-0.0234375,0.02734375,35,34,0,0,1,1,10.000165000000116,0.0001650000001163221
215,2.1426641050000002,PLUS_5_PROFILE,1,1,11.83230112089651,-4.0089807321025637,-0.49715703143847223,0.49715703143847223,11.864985466003418,-4.0393643379211426,0.00072708251286707042,0.001090548439574863,0.00090881547622096673,0.0058904862254808609,0.0049816707492598943,-0.00036346592670779263,-0.049087498337030411,0,-0.02734375,0.02734375,35,34,0,0,1,1,10.005242000000081,0.0052420000000807931
216,2.1526539169999999,PLUS_5_PROFILE,1,1,11.827163831571644,-4.0038434427776997,-0.53030083353437041,0.53030083353437041,11.863451957702637,-4.0376386642456055,0.0009693429108551039,0.0013631667170371433,0.0011662548139461236,0.006702064327658225,0.0055358095137121015,-0.00039382380618203938,-0.24543750286102295,0.098174996674060822,-0.02734375,0.03515625,35,34,0,0,1,1,9.9898119999997093,0.010188000000290742
217,2.1626547930000002,PLUS_5_PROFILE,1,1,11.821695104225821,-3.9983747154318765,-0.56344463563026859,0.56344463563026859,11.860959053039551,-4.0351457595825195,0.0013631667170371433,0.0017569905232191828,0.0015600786201281631,0.0075660023073954186,0.0060059236872672551,-0.00039382380618203949,-0.83448749780654907,0.29452499747276306,-0.02734375,0.03515625,35,34,0,0,1,1,10.000876000000325,0.00087600000032495018
218,2.172655781,PLUS_5_PROFILE,1,1,11.81589493885904,-3.9925745500650942,-0.59658843772616676,0.59658843772616676,11.858657836914062,-4.0316944122314453,0.0017267079734706785,0.0023022270781437428,0.0020144675258072105,0.0084823001646924402,0.0064678326388852292,-0.0005755191046730643,-0.58904999494552612,0.26998123526573181,-0.01953125,0.0390625,35,34,0,0,1,1,10.000987999999822,0.00098799999982190911
219,2.1826539060000001,PLUS_5_PROFILE,1,1,11.809763335471299,-3.9864429466773532,-0.62973223982206483,0.62973223982206483,11.854056358337402,-4.0274758338928223,0.002453639826886264,0.0029686691617880627,0.0027111544943371636,0.0094509578995492938,0.0067398034052121303,-0.00051502933490179875,-0.61359375715255737,0.39269998669624329,-0.02734375,0.0390625,35,34,0,0,1,1,9.9981250000000799,0.001874999999920135
220,2.1926620909999999,PLUS_5_PROFILE,1,1,11.803300294062598,-3.9799799052686531,-0.66287604191796301,0.66287604191796301,11.850605010986328,-4.0228738784790039,0.002998876381810824,0.0036956763449293903,0.0033472763633701072,0.010471975511965978,0.0071246991485958708,-0.00069679996311856635,-0.56450623273849487,0.44178751111030579,-0.0390625,0.03515625,35,34,0,0,1,1,10.008184999999781,0.0081849999997807288
221,2.2026565969999998,PLUS_5_PROFILE,1,1,11.796505814632939,-3.9731854258389938,-0.69601984401386119,0.69601984401386119,11.847920417785645,-4.019230842590332,0.0034229827377413678,0.0042711954496024553,0.0038470890936719115,0.011545353001942487,0.0076982639082705754,-0.00084821271186108754,-0.14726249873638153,0.44178751111030579,-0.03515625,0.0390625,35,34,0,0,1,1,9.9945059999999586,0.0054940000000414102
222,2.2126585840000002,PLUS_5_PROFILE,1,1,11.789379897182322,-3.9660595083883758,-0.72916364610975937,0.72916364610975937,11.845619201660156,-4.015012264251709,0.003786523994174903,0.0049376375332467748,0.0043620807637108384,0.012671090369478832,0.0083090096057679939,-0.0011511135390718718,0.024543749168515205,0.56450623273849487,-0.0546875,0.0390625,35,34,0,0,1,1,10.001987000000323,0.0019870000003230359
223,2.2226407520000002,PLUS_5_PROFILE,1,1,11.781922541710744,-3.9586021529167987,-0.76230744820565743,0.76230744820565743,11.842551231384277,-4.0109858512878418,0.0042711954496024553,0.0055737217374168474,0.0049224585935096514,0.013849187614575004,0.0089267290210653522,-0.0013025262878143921,-0.53996247053146362,0.36815625429153442,-0.05078125,0.04296875,35,34,0,0,1,1,9.982168000000069,0.017831999999931014
224,2.232489809,PLUS_5_PROFILE,1,1,11.774133748218208,-3.9508133594242625,-0.79545125030155561,0.79545125030155561,11.839291572570801,-4.005424976348877,0.0047861494547785108,0.006452216999026439,0.0056191832269024749,0.015079644737231005,0.0094604615103285293,-0.0016660675442479282,-0.68722498416900635,0.78539997339248657,-0.0546875,0.03515625,35,34,0,0,1,1,9.8490569999998279,0.15094300000017213
225,2.2425009679999999,PLUS_5_PROFILE,1,1,11.766013516704712,-3.9426931279107675,-0.82859505239745379,0.82859505239745379,11.834114074707031,-4.0000557899475098,0.0056040796168910943,0.0073004297108875257,0.00645225466388931,0.016362461737446838,0.0099102070735575289,-0.0016963500939964314,-0.83448749780654907,0.4908750057220459,-0.0390625,0.04296875,35,34,0,0,1,1,10.011158999999825,0.01115899999982517
226,2.2524959920000001,PLUS_5_PROFILE,1,1,11.757561847170258,-3.9342414583763134,-0.86173885449335197,0.86173885449335197,11.825868606567383,-3.9966044425964355,0.0069066812344312292,0.0078456662658120853,0.0073761737501216573,0.017697638615222503,0.010321464865100846,-0.00093898503138085607,-0.80994373559951782,-0.049087498337030411,-0.02734375,0.04296875,35,34,0,0,1,1,9.9950240000001855,0.0049759999998144622
227,2.2624970009999998,PLUS_5_PROFILE,1,1,11.748778739614846,-3.9254583508209002,-0.89488265658925015,0.89488265658925015,11.818007469177246,-3.9918107986450195,0.0081485670930228696,0.0086029559987019187,0.0083757615458623941,0.019085175370557997,0.010709413824695603,-0.00045438890567904913,-1.0308375358581543,0.22089375555515289,-0.04296875,0.0546875,35,34,0,0,1,1,10.001008999999783,0.0010089999997831001
228,2.2724971799999998,PLUS_5_PROFILE,1,1,11.739664194038474,-3.9163438052445283,-0.92802645868514844,0.92802645868514844,11.810721397399902,-3.9860584735870361,0.0092996053023689986,0.0095116961451971425,0.0094056507237830697,0.020525072003453319,0.01111942127967025,-0.00021209084282814393,-0.9817500114440918,0.24543750286102295,-0.03515625,0.05078125,35,34,0,0,1,1,10.000178999999942,0.00017899999994241966
229,2.2825059009999999,PLUS_5_PROFILE,1,1,11.730218210441143,-3.9068978216471977,-0.96117026078104639,0.96117026078104639,11.795764923095703,-3.976470947265625,0.01166239748000975,0.011026313275839679,0.011344355377924715,0.022017328513908464,0.010672973135983749,0.00063608420417007178,-1.6689749956130981,0.88357502222061157,0,0.04296875,35,34,0,0,1,1,10.008721000000165,0.0087210000001647359
230,2.292480678,PLUS_5_PROFILE,1,1,11.720440788822852,-3.8971204000289075,-0.99431406287694446,0.99431406287694446,11.785218238830566,-3.968034029006958,0.013328540353983421,0.012359159778265445,0.012843850066124433,0.023561944901923444,0.010718094835799011,0.00096938057571797562,-0.9817500114440918,0.58904999494552612,-0.02734375,0.06640625,35,34,0,0,1,1,9.9747770000000457,0.025222999999954254
231,2.3024961899999998,PLUS_5_PROFILE,1,1,11.710331929183605,-3.8870115403896586,-1.0274578649728427,1.0274578649728427,11.773521423339844,-3.9597887992858887,0.015176378526448117,0.01366172373094271,0.014419051128695414,0.025158921167498256,0.010739870038802841,0.001514654795505407,-1.7916938066482544,1.2271875143051147,-0.0078125,0.04296875,35,34,0,0,1,1,10.015511999999838,0.015511999999837656
232,2.312480104,PLUS_5_PROFILE,1,1,11.699891631523396,-3.8765712427294505,-1.0606016670687408,1.0606016670687408,11.763550758361816,-3.9450242519378662,0.016751523091724788,0.015994195693972084,0.016372859392848438,0.0268082573106329,0.010435397917784462,0.00075732739775270438,-1.2762750387191772,1.2271875143051147,-0.03515625,0.01171875,35,34,0,0,1,1,9.9839140000002047,0.01608599999979532
233,2.322495542,PLUS_5_PROFILE,1,1,11.689119895842229,-3.8657995070482838,-1.0937454691646391,1.0937454691646391,11.752429962158203,-3.9327523708343506,0.018508362955492488,0.017932881515682293,0.018220622235587389,0.028509953331327373,0.010289331095739984,0.00057548143981019442,-1.7426062822341919,0.73631250858306885,-0.0234375,0.0234375,35,34,0,0,1,1,10.015437999999932,0.015437999999932117
234,2.3325080890000001,PLUS_5_PROFILE,1,1,11.67809037503365,-3.8547699862397042,-1.1047934031966051,1.1047934031966051,11.740158081054688,-3.9174125194549561,0.020447048777202693,0.020356238792820051,0.020401643785011372,0.030252373701235048,0.0098507299162236758,9.0809984382642095e-05,-0.80994373559951782,1.3253624439239502,-0.03515625,0.01171875,35,34,0,0,1,1,10.012547000000094,0.012547000000093789
235,2.3425028750000001,PLUS_5_PROFILE,1,1,11.667042441001684,-3.8437220522077382,-1.1047934031966051,1.1047934031966051,11.731912612915039,-3.9045655727386475,0.021749650394742828,0.022385772263775774,0.022067711329259301,0.03199770295322938,0.0099299916239700796,-0.00063612186903294621,-1.006293773651123,1.6198874711990356,-0.0390625,0.01171875,35,34,0,0,1,1,9.9947860000000333,0.0052139999999667452
236,2.3524961809999998,PLUS_5_PROFILE,1,1,11.655994506969718,-3.8326741181757722,-1.1047934031966051,1.1047934031966051,11.718490600585938,-3.8888421058654785,0.023870031514944063,0.024869732305273413,0.024369881910108738,0.033743032205223698,0.0093731502951149605,-0.00099970079032934978,-1.6198874711990356,1.3744499683380127,-0.0234375,0.01953125,35,34,0,0,1,1,9.993305999999702,0.0066940000002979616
237,2.3625008319999998,PLUS_5_PROFILE,1,1,11.644946572937751,-3.8216261841438062,-1.1047934031966051,1.1047934031966051,11.708710670471191,-3.8733105659484863,0.025415044189923713,0.027323372132159678,0.026369208161041695,0.03548836145721803,0.0091191532961763348,-0.0019083279422359642,-1.4971687793731689,1.4971687793731689,-0.03515625,0,35,34,0,0,1,1,10.004651000000031,0.004651000000031047
238,2.3724991219999998,PLUS_5_PROFILE,1,1,11.633898638905785,-3.8105782501118401,-1.1047934031966051,1.1047934031966051,11.691837310791016,-3.8623809814453125,0.028080661865049508,0.029050004775904612,0.02856533332047706,0.037233690709212362,0.0086683573887353024,-0.00096934291085510466,-1.4235374927520752,0.90811872482299805,0,0.02734375,35,34,0,0,1,1,9.9982899999999653,0.0017100000000347393
239,2.3825070269999999,PLUS_5_PROFILE,1,1,11.622850704873819,-3.7995303160798741,-1.1047934031966051,1.1047934031966051,11.678606986999512,-3.8466575145721436,0.030170760435502236,0.031533964817402255,0.030852362626452245,0.038979019961206694,0.0081266573347544488,-0.0013632043819000184,-1.3744499683380127,1.251731276512146,-0.0078125,0,35,34,0,0,1,1,10.00790500000015,0.007905000000150153
240,2.3924988709999999,PLUS_5_PROFILE,1,1,11.611802770841853,-3.7884823820479081,-1.1047934031966051,1.1047934031966051,11.668635368347168,-3.8349609375,0.031746055660230393,0.033381765325004073,0.032563910492617233,0.040724349213201019,0.0081604387205837861,-0.0016357096647736796,-0.68722498416900635,1.1044687032699585,-0.04296875,0.0234375,35,34,0,0,1,1,9.991843999999972,0.0081560000000280297
241,2.402495702,PLUS_5_PROFILE,1,1,11.600754836809887,-3.7774344480159421,-1.1047934031966051,1.1047934031966051,11.663074493408203,-3.8215386867523193,0.032624550921839988,0.035502184110068183,0.034063367515954082,0.042469678465195351,0.0084063109492412691,-0.0028776331882281944,-0.78539997339248657,0.6626812219619751,-0.05078125,0.02734375,35,34,0,0,1,1,9.9968310000000393,0.0031689999999606755
242,2.412582478,PLUS_5_PROFILE,1,1,11.589706902777921,-3.7663865139839761,-1.1047934031966051,1.1047934031966051,11.647351264953613,-3.8111841678619385,0.035108473298474753,0.037137969104567604,0.036123221201521179,0.044215007717189676,0.0080917865156684976,-0.0020294958060928514,-1.5707999467849731,1.4726250171661377,0.00390625,0.03515625,35,34,0,0,1,1,10.086776000000075,0.086776000000075015
243,2.4225956979999999,PLUS_5_PROFILE,1,1,11.578658968745955,-3.75533857995201,-1.1047934031966051,1.1047934031966051,11.632011413574219,-3.7973783016204834,0.037531830575612511,0.039318990653991588,0.03842541061480205,0.045960336969184008,0.0075349263543819586,-0.001787160078379077,-1.5707999467849731,1.1780999898910522,0,0.00390625,35,34,0,0,1,1,10.013219999999823,0.013219999999822818
244,2.432517533,PLUS_5_PROFILE,1,1,11.567611034713989,-3.744290645920044,-1.1047934031966051,1.1047934031966051,11.617055892944336,-3.7877910137176514,0.039894472093801779,0.040833570119771248,0.04036402110678651,0.047705666221178333,0.0073416451143918232,-0.00093909802596946895,-0.80994373559951782,0.9326624870300293,-0.01953125,0.0234375,35,34,0,0,1,1,9.921835000000101,0.07816499999989901
245,2.4426535249999999,PLUS_5_PROFILE,1,1,11.556563100682023,-3.733242711888078,-1.1047934031966051,1.1047934031966051,11.609960556030273,-3.7728345394134521,0.041015378412850891,0.043196362297412,0.042105870355131442,0.049450995473172665,0.0073451251180412236,-0.0021809838845611093,-0.51541876792907715,1.7180625200271606,-0.0390625,0,35,34,0,0,1,1,10.135991999999927,0.13599199999992706
246,2.4525330319999998,PLUS_5_PROFILE,1,1,11.545515166650057,-3.722194777856112,-1.1047934031966051,1.1047934031966051,11.595771789550781,-3.7590286731719971,0.043256889732046139,0.045377383846835984,0.044317136789441061,0.051196324725166997,0.0068791879357259361,-0.0021204941147898448,-1.6935187578201294,1.4971687793731689,0,0,35,34,0,0,1,1,9.8795069999999541,0.12049300000004592
247,2.4626196469999999,PLUS_5_PROFILE,1,1,11.534467232618091,-3.7111468438241455,-1.1047934031966051,1.1047934031966051,11.580431938171387,-3.7434971332550049,0.045680247009183897,0.047831023673722252,0.046755635341453078,0.052941653977161329,0.0061860186357082514,-0.002150776664538355,-1.9144124984741211,1.2271875143051147,0,0.00390625,35,34,0,0,1,1,10.086615000000076,0.086615000000076492
248,2.4726248489999998,PLUS_5_PROFILE,1,1,11.523419298586125,-3.7000989097921799,-1.1047934031966051,1.1047934031966051,11.565092086791992,-3.7306499481201172,0.048103604286321655,0.049860594809540838,0.048982099547931243,0.054686983229155647,0.0057048836812244041,-0.0017569905232191832,-1.4971687793731689,1.5462563037872314,0,-0.01171875,35,34,0,0,1,1,10.00520199999988,0.0052019999998798028
249,2.4826228420000001,PLUS_5_PROFILE,1,1,11.512371364554159,-3.6890509757602135,-1.1047934031966051,1.1047934031966051,11.551094055175781,-3.715118408203125,0.050314983715219891,0.052314234636427107,0.051314609175823499,0.056432312481149979,0.0051177033053264806,-0.0019992509212072157,-1.8407812118530273,1.0308375358581543,0.0078125,0.00390625,35,34,0,0,1,1,9.9979930000002604,0.0020069999997396337
250,2.4925932130000001,PLUS_5_PROFILE,1,1,11.501323430522193,-3.6780030417282474,-1.1047934031966051,1.1047934031966051,11.53632926940918,-3.7007372379302979,0.052647493343112139,0.054586141499959474,0.053616817421535803,0.058177641733144311,0.0045608243116085079,-0.0019386481568473349,-1.8898687362670898,1.6444312334060669,0,-0.01953125,35,34,0,0,1,1,9.9703710000000889,0.029628999999911088
251,2.502515566,PLUS_5_PROFILE,1,1,11.490441215500706,-3.667120826706761,-1.0716496011007068,1.0716496011007068,11.516387939453125,-3.688657283782959,0.055797782473665479,0.056494507107058306,0.056146144790361896,0.059896791046358727,0.0037506462559968312,-0.00069672463339282703,-2.2825686931610107,0.9817500114440918,0.0390625,0.0078125,35,34,0,0,1,1,9.9223529999998838,0.077647000000116151
252,2.5126221289999999,PLUS_5_PROFILE,1,1,11.479890438500179,-3.6565700497062332,-1.038505799004809,1.038505799004809,11.49893856048584,-3.6731255054473877,0.05855439845748827,0.058948184598807442,0.058751291528147856,0.061563580482013311,0.002812288953865455,-0.00039378614131917178,-1.7180625200271606,1.2026437520980835,0.01171875,-0.01953125,35,34,0,0,1,1,10.106562999999902,0.10656299999990182
253,2.5225829829999999,PLUS_5_PROFILE,1,1,11.46967109952061,-3.6463507107266651,-1.0053619969089107,1.0053619969089107,11.492802619934082,-3.6623876094818115,0.059523741368343375,0.06064453469280387,0.060084138030573622,0.063178010040108062,0.0030938720095344402,-0.0011207933244604951,-0.9326624870300293,0.95720624923706055,-0.02734375,0.00390625,35,34,0,0,1,1,9.960854000000019,0.039145999999981029
254,2.5326184330000001,PLUS_5_PROFILE,1,1,11.459783198562,-3.6364628097680551,-0.97221819481301253,0.97221819481301253,11.484748840332031,-3.6501157283782959,0.060796060436135009,0.062583220514514079,0.061689640475324548,0.064740079720642996,0.0030504392453184481,-0.00178716007837907,-1.153556227684021,0.9817500114440918,-0.00390625,-0.0078125,35,34,0,0,1,1,10.035450000000168,0.035450000000167847
255,2.542496978,PLUS_5_PROFILE,1,1,11.45022673562435,-3.6269063468304044,-0.93907439271711424,0.93907439271711424,11.471518516540527,-3.6407201290130615,0.062886159006587741,0.064067517430545243,0.063476838218566492,0.066249789523618097,0.0027729513050516047,-0.0011813584239575015,-1.153556227684021,0.78539997339248657,0.01171875,0.00390625,35,34,0,0,1,1,9.8785449999998498,0.12145500000015019
256,2.5524967909999998,PLUS_5_PROFILE,1,1,11.441001710707658,-3.6176813219137127,-0.90593059062121606,0.90593059062121606,11.462889671325684,-3.6299822330474854,0.064249325723624878,0.065763867524541678,0.065006596624083285,0.067707139449033366,0.0027005428249500807,-0.0015145418009167994,-1.1044687032699585,0.83448749780654907,-0.00390625,0,35,34,0,0,1,1,9.9998129999998575,0.00018700000014248985
257,2.5624972659999998,PLUS_5_PROFILE,1,1,11.432108123811926,-3.6087877350179802,-0.87278678852531788,0.87278678852531788,11.451001167297363,-3.6200113296508789,0.066127446445838081,0.067339049754681218,0.066733248100259657,0.069112129496888802,0.0023788813966291456,-0.0012116033088431372,-1.251731276512146,0.88357502222061157,0.0078125,0.00390625,35,34,0,0,1,1,10.000475000000009,0.00047500000000866294
258,2.5724975479999999,PLUS_5_PROFILE,1,1,11.423545974937152,-3.6002255861432069,-0.83964298642942004,0.83964298642942004,11.444290161132812,-3.6106157302856445,0.067187637005938688,0.068823346670712382,0.068005491838325535,0.070464759667184379,0.0024592678288588438,-0.0016357096647736935,-0.22089375555515289,1.006293773651123,-0.01953125,-0.00390625,35,34,0,0,1,1,10.000282000000027,0.00028200000002698289
259,2.582499366,PLUS_5_PROFILE,1,1,11.415315264083338,-3.5919948752893918,-0.80649918433352186,0.80649918433352186,11.437004089355469,-3.5983438491821289,0.068338675215284819,0.070762032492422577,0.069550353853853691,0.071765029959920165,0.0022146761060664738,-0.0024233572771377582,-1.4971687793731689,0.9326624870300293,0,-0.01953125,35,34,0,0,1,1,10.001818000000107,0.0018180000001066787
260,2.5924982710000002,PLUS_5_PROFILE,1,1,11.407415991250481,-3.5840956024565362,-0.77335538223762368,0.77335538223762368,11.424732208251953,-3.5881812572479248,0.070277361036995029,0.072367497272310635,0.071322429154652839,0.073012940375096105,0.0016905112204432665,-0.0020901362353156067,-1.4235374927520752,0.7608562707901001,0.01171875,-0.00390625,35,34,0,0,1,1,9.9989050000002244,0.001094999999775581
261,2.6024970459999999,PLUS_5_PROFILE,1,1,11.399848156438585,-3.5765277676446394,-0.7402115801417255,0.7402115801417255,11.417829513549805,-3.5749506950378418,0.071367834146844153,0.074457633507626228,0.07291273382723519,0.074208490912712227,0.0012957570854770367,-0.0030897993607820751,-1.0308375358581543,1.4971687793731689,-0.0078125,-0.03515625,35,34,0,0,1,1,9.9987749999996822,0.0012250000003177774
262,2.612496041,PLUS_5_PROFILE,1,1,11.392611759647647,-3.5692913708537017,-0.70706777804582743,0.70706777804582743,11.405749320983887,-3.5684311389923096,0.073276237418805859,0.075487579182841213,0.074381908300823529,0.075351681572768517,0.00096977327194498752,-0.0022113417640353544,-1.4235374927520752,0.36815625429153442,0.02734375,0.0078125,35,34,0,0,1,1,9.9989950000001215,0.0010049999998784642
263,2.6224957940000002,PLUS_5_PROFILE,1,1,11.385706800877669,-3.5623864120837228,-0.67392397594992925,0.67392397594992925,11.394435882568359,-3.5596108436584473,0.075063510491773539,0.076880990784763986,0.075972250638268762,0.076442512355264974,0.000470261716996212,-0.0018174802929904477,-0.73631250858306885,1.3253624439239502,0.00390625,-0.01171875,35,34,0,0,1,1,9.9997530000002222,0.00024699999977784159
264,2.6324846009999998,PLUS_5_PROFILE,1,1,11.379133280128649,-3.5558128913347029,-0.64078017385403097,0.64078017385403097,11.386573791503906,-3.5488729476928711,0.076305547009816663,0.078577340878760421,0.077441443944288535,0.0774809832602016,3.9539315913064699e-05,-0.0022717938689437583,-1.3744499683380127,0.53996247053146362,0.01171875,-0.01171875,35,34,0,0,1,1,9.9888069999995999,0.011193000000400133
265,2.642584131,PLUS_5_PROFILE,1,1,11.372891197400588,-3.5495708086066422,-0.60763637175813279,0.60763637175813279,11.37353515625,-3.5413947105407715,0.078365363030520899,0.079758736967580804,0.079062049999050851,0.078467094287578393,-0.00059495571147245851,-0.0013933739370599052,-0.83448749780654907,0.4908750057220459,0.02734375,-0.0078125,35,34,0,0,1,1,10.09953000000019,0.099530000000189744
266,2.65253374,PLUS_5_PROFILE,1,1,11.366980552693486,-3.5436601638995402,-0.57449256966223472,0.57449256966223472,11.36893367767334,-3.5331494808197021,0.079092294883936473,0.081061300920258067,0.080076797902097263,0.079400845437395368,-0.00067595246470189552,-0.0019690060363215939,-0.024543749168515205,0.7117687463760376,-0.00390625,-0.0078125,35,34,0,0,1,1,9.9496089999999704,0.050391000000029607
267,2.6626183779999999,PLUS_5_PROFILE,1,1,11.361401346007343,-3.5380809572133973,-0.54134876756633654,0.54134876756633654,11.359538078308105,-3.5262465476989746,0.080576591799967637,0.082151811694970059,0.081364201747468848,0.080282236709652496,-0.0010819650378163514,-0.0015752198950024221,-1.6935187578201294,0.46633124351501465,0.0234375,-0.01171875,35,34,0,0,1,1,10.084637999999924,0.084637999999923608
268,2.6726348039999999,PLUS_5_PROFILE,1,1,11.356153577342159,-3.5328331885482136,-0.50820496547043825,0.50820496547043825,11.348608016967773,-3.5208775997161865,0.082303299773438324,0.082999986741968262,0.0826516432577033,0.081111268104349807,-0.0015403751533534932,-0.00069668696852993872,-0.85903126001358032,0.14726249873638153,0.02734375,0,35,34,0,0,1,1,10.016425999999967,0.016425999999967189
269,2.6826721340000002,PLUS_5_PROFILE,1,1,11.351237246697934,-3.5279168579039886,-0.47506116337454007,0.47506116337454007,11.345731735229492,-3.5164673328399658,0.082757688679117369,0.083696711375361096,0.08322720002723924,0.081887939621487285,-0.0013392604057519547,-0.00093902269624372703,-0.14726249873638153,0.29452499747276306,0,0,35,34,0,0,1,1,10.037330000000289,0.037330000000288521
270,2.6925889070000002,PLUS_5_PROFILE,1,1,11.346652354074669,-3.5233319652807227,-0.4419173612786419,0.4419173612786419,11.341130256652832,-3.5109066963195801,0.083484620532532944,0.084575168972107817,0.08402989475232038,0.082612251261064931,-0.0014176434912554492,-0.0010905484395748732,-0.73631250858306885,0.73631250858306885,0.00390625,-0.01953125,35,34,0,0,1,1,9.9167730000000454,0.083226999999954643
271,2.702518709,PLUS_5_PROFILE,1,1,11.342398899472361,-3.5190785106784159,-0.40877355918274411,0.40877355918274411,11.336336135864258,-3.5053460597991943,0.084241985595148519,0.085453626568854538,0.084847806082001528,0.083284203023082745,-0.0015636030589187833,-0.0012116409737060185,-0.61359375715255737,0.19634999334812164,0.01171875,-0.01171875,35,34,0,0,1,1,9.929801999999821,0.070198000000178951
272,2.7126340959999999,PLUS_5_PROFILE,1,1,11.338476882891014,-3.5151564940970679,-0.37562975708684593,0.37562975708684593,11.33154296875,-3.5009357929229736,0.084999199998312611,0.086150351202247358,0.085574775600279984,0.083903794907540727,-0.0016709806927392573,-0.0011511512039347471,-0.44178751111030579,0.073631249368190765,0.01953125,-0.0078125,35,34,0,0,1,1,10.11538699999992,0.11538699999992019
273,2.722626102,PLUS_5_PROFILE,1,1,11.334886304330624,-3.511565915536679,-0.34248595499094775,0.34248595499094775,11.328858375549316,-3.4974844455718994,0.085423306354243153,0.086695587757171913,0.086059447055707533,0.08447102691443889,-0.0015884201412686427,-0.0012722814029287599,-0.073631249368190765,0.17180624604225159,0.0078125,-0.0078125,35,34,0,0,1,1,9.9920060000000532,0.0079939999999467659
274,2.7326193079999999,PLUS_5_PROFILE,1,1,11.331627163791195,-3.5083067749972492,-0.30934215289504957,0.30934215289504957,11.326557159423828,-3.4944164752960205,0.085786847610676689,0.087180259212599476,0.086483553411638076,0.084985899043777208,-0.0014976543678608678,-0.0013934116019227866,-0.14726249873638153,0,0,-0.0078125,35,34,0,0,1,1,9.9932059999998657,0.0067940000001343037
275,2.7426319060000002,PLUS_5_PROFILE,1,1,11.328699461272723,-3.5053790724787781,-0.27619835079915134,0.27619835079915134,11.325215339660645,-3.4917318820953369,0.085998825458916225,0.087604365568530018,0.086801595513723129,0.085448411295555707,-0.001353184218167422,-0.0016055401096137928,-0.24543750286102295,-0.098174996674060822,0,-0.00390625,35,34,0,0,1,1,10.012598000000317,0.012598000000316745
276,2.7525358639999999,PLUS_5_PROFILE,1,1,11.326103196775211,-3.5027828079812657,-0.24305454870325321,0.24305454870325321,11.323680877685547,-3.4890475273132324,0.086241236516355735,0.088028434259597679,0.0871348353879767,0.085858563669774374,-0.0012762717182023264,-0.0017871977432419445,-0.44178751111030579,0.31906875967979431,-0.0078125,-0.00390625,35,34,0,0,1,1,9.9039579999997684,0.096042000000231553
277,2.7625798669999999,PLUS_5_PROFILE,1,1,11.323838370298658,-3.5005179815047129,-0.20991074660735501,0.20991074660735501,11.323105812072754,-3.487513542175293,0.086332084165601258,0.088270769987311468,0.087301427076456356,0.086216356166433222,-0.0010850709100231337,-0.0019386858217102093,-0.24543750286102295,0.17180624604225159,0,-0.00390625,35,34,0,0,1,1,10.044002999999968,0.04400299999996804
278,2.7725881069999998,PLUS_5_PROFILE,1,1,11.321904981843064,-3.4985845930491188,-0.17676694451145686,0.17676694451145686,11.322722434997559,-3.4867465496063232,0.086392649265098265,0.088391937851168348,0.087392293558133299,0.086521788785532225,-0.00087050477260107451,-0.0019992885860700832,-0.41724374890327454,0.024543749168515205,-0.0078125,0,35,34,0,0,1,1,10.008239999999891,0.0082399999998905571
279,2.782645617,PLUS_5_PROFILE,1,1,11.320303031408429,-3.4969826426144839,-0.14362314241555868,0.14362314241555868,11.322530746459961,-3.4863629341125488,0.086422931814846768,0.088452540615528222,0.087437736215187495,0.086774861527071409,-0.00066287468811608574,-0.0020296088006814539,-0.41724374890327454,-0.17180624604225159,-0.0078125,0,35,34,0,0,1,1,10.057510000000214,0.057510000000213779
280,2.7926177879999998,PLUS_5_PROFILE,1,1,11.319032518994753,-3.4957121302008076,-0.11047934031966047,0.11047934031966047,11.322722434997559,-3.4861712455749512,0.086392649265098265,0.088482823165276739,0.087437736215187495,0.086975574391050747,-0.00046216182413674756,-0.0020901739001784742,0.12271875143051147,-0.22089375555515289,0,0.00390625,35,34,0,0,1,1,9.9721709999998076,0.027829000000192394
281,2.8026234149999998,PLUS_5_PROFILE,1,1,11.318093444602036,-3.4947730558080905,-0.07733553822376231,0.07733553822376231,11.322339057922363,-3.4859795570373535,0.086453214364595271,0.088513105715025242,0.087483160039810257,0.087123927377470267,-0.00035923266233998941,-0.002059891350429971,-0.61359375715255737,0.26998123526573181,-0.0078125,0,35,34,0,0,1,1,10.005626999999961,0.0056269999999614129
282,2.81260792,PLUS_5_PROFILE,1,1,11.317485808230277,-3.4941654194363325,-0.044191736127864117,0.044191736127864117,11.322530746459961,-3.4863629341125488,0.086422931814846768,0.088452540615528222,0.087437736215187495,0.087219920486329955,-0.00021781572885753997,-0.0020296088006814539,-0.29452499747276306,-0.31906875967979431,-0.0078125,0,35,34,0,0,1,1,9.9845050000002544,0.015494999999745573
283,2.8226263070000002,PLUS_5_PROFILE,1,1,11.317209609879479,-3.4938892210855332,-0.011047934031965937,0.011047934031965937,11.322722434997559,-3.4857876300811768,0.086392649265098265,0.088543425929636613,0.087468037597367432,0.08726355371762981,-0.00020448387973762139,-0.002150776664538348,0,0.46633124351501465,0,0,35,34,0,0,1,1,10.018387000000128,0.018387000000128495
284,2.832483211,PLUS_5_PROFILE,1,1,11.317191196656092,-3.4938708078621468,-0,0,11.322722434997559,-3.4859795570373535,0.086392649265098265,0.088513105715025242,0.087452877490061753,0.087266462599716474,-0.00018641489034527947,-0.0021204564499269773,0.12271875143051147,0.12271875143051147,0,0,35,34,0,0,1,1,9.8569039999998331,0.14309600000016687
285,2.8426195679999999,PLUS_5_ENDPOINT,1,1,11.317191196656092,-3.4938708078621468,-0,0,11.322530746459961,-3.4859795570373535,0.086422931814846768,0.088513105715025242,0.087468018764936012,0.087266462599716474,-0.00020155616521953801,-0.0020901739001784742,-0.31906875967979431,0,-0.00390625,-0.00390625,35,34,0,0,1,1,10.136356999999929,0.13635699999992923
286,2.852536631,PLUS_5_ENDPOINT,1,1,11.317191196656092,-3.4938708078621468,-0,0,11.322722434997559,-3.4861712455749512,0.086392649265098265,0.088482823165276739,0.087437736215187495,0.087266462599716474,-0.00017127361547102093,-0.0020901739001784742,-0.19634999334812164,0.073631249368190765,0,0.00390625,35,34,0,0,1,1,9.9170630000000592,0.082936999999940753
287,2.8626189150000001,PLUS_5_ENDPOINT,1,1,11.317191196656092,-3.4938708078621468,-0,0,11.322530746459961,-3.4859795570373535,0.086422931814846768,0.088513105715025242,0.087468018764936012,0.087266462599716474,-0.00020155616521953801,-0.0020901739001784742,-0.36815625429153442,0,0,0,35,34,0,0,1,1,10.082284000000108,0.082284000000107937
288,2.8726255159999998,PLUS_5_ENDPOINT,1,1,11.317191196656092,-3.4938708078621468,-0,0,11.322530746459961,-3.4861712455749512,0.086422931814846768,0.088482823165276739,0.087452877490061753,0.087266462599716474,-0.00018641489034527947,-0.002059891350429971,-0.39269998669624329,-0.26998123526573181,0,0.00390625,35,34,0,0,1,1,10.006600999999726,0.006600999999726298
289,2.8826006710000001,PLUS_5_ENDPOINT,1,1,11.317191196656092,-3.4938708078621468,-0,0,11.322530746459961,-3.4859795570373535,0.086422931814846768,0.088513105715025242,0.087468018764936012,0.087266462599716474,-0.00020155616521953801,-0.0020901739001784742,-0.39269998669624329,-0.024543749168515205,0,0,35,34,0,0,1,1,9.9751550000002354,0.024844999999764639
290,2.8926542909999999,PLUS_5_ENDPOINT,1,1,11.317191196656092,-3.4938708078621468,-0,0,11.322722434997559,-3.4857876300811768,0.086392649265098265,0.088543425929636613,0.087468037597367432,0.087266462599716474,-0.00020157499765095788,-0.002150776664538348,-0.024543749168515205,0.22089375555515289,0,0,35,34,0,0,1,1,10.053619999999874,0.053619999999874324
291,2.9026072310000002,PLUS_5_ENDPOINT,1,1,11.317191196656092,-3.4938708078621468,-0,0,11.322914123535156,-3.4857876300811768,0.086362366715349762,0.088543425929636613,0.087452896322493187,0.087266462599716474,-0.00018643372277671322,-0.0021810592142868512,0.19634999334812164,0.14726249873638153,-0.00390625,-0.00390625,35,34,0,0,1,1,9.9529400000002433,0.047059999999756741
292,2.912617708,PLUS_5_ENDPOINT,1,1,11.317191196656092,-3.4938708078621468,-0,0,11.322722434997559,-3.4859795570373535,0.086392649265098265,0.088513105715025242,0.087452877490061753,0.087266462599716474,-0.00018641489034527947,-0.0021204564499269773,-0.098174996674060822,-0.17180624604225159,0,0,35,34,0,0,1,1,10.010476999999796,0.010476999999795567
293,2.9225348420000001,PLUS_5_ENDPOINT,1,1,11.317191196656092,-3.4938708078621468,-0,0,11.322722434997559,-3.4861712455749512,0.086392649265098265,0.088482823165276739,0.087437736215187495,0.087266462599716474,-0.00017127361547102093,-0.0020901739001784742,-0.049087498337030411,-0.53996247053146362,0,0,35,34,0,0,1,1,9.9171340000001607,0.082865999999839346
294,2.9326236579999998,PLUS_5_ENDPOINT,1,1,11.317191196656092,-3.4938708078621468,-0,0,11.322530746459961,-3.4857876300811768,0.086422931814846768,0.088543425929636613,0.08748317887224169,0.087266462599716474,-0.00021671627252521641,-0.0021204941147898448,-0.34361249208450317,0.14726249873638153,0,0,35,34,0,0,1,1,10.088815999999667,0.088815999999667383
295,2.9426228010000002,PLUS_5_ENDPOINT,1,1,11.317191196656092,-3.4938708078621468,-0,0,11.322530746459961,-3.4857876300811768,0.086422931814846768,0.088543425929636613,0.08748317887224169,0.087266462599716474,-0.00021671627252521641,-0.0021204941147898448,-0.36815625429153442,0.31906875967979431,0,0,35,34,0,0,1,1,9.9991430000003767,0.00085699999962329798
296,2.9525363420000001,PLUS_5_ENDPOINT,1,1,11.317191196656092,-3.4938708078621468,-0,0,11.322722434997559,-3.4857876300811768,0.086392649265098265,0.088543425929636613,0.087468037597367432,0.087266462599716474,-0.00020157499765095788,-0.002150776664538348,-0.024543749168515205,-0.14726249873638153,-0.00390625,0,35,34,0,0,1,1,9.9135409999999702,0.086459000000029818
297,2.9626276530000002,PLUS_5_ENDPOINT,1,1,11.317191196656092,-3.4938708078621468,-0,0,11.322530746459961,-3.4857876300811768,0.086422931814846768,0.088543425929636613,0.08748317887224169,0.087266462599716474,-0.00021671627252521641,-0.0021204941147898448,-0.44178751111030579,-0.26998123526573181,0,0,35,34,0,0,1,1,10.091311000000047,0.091311000000047216
298,2.9726229989999999,PLUS_5_ENDPOINT,1,1,11.317191196656092,-3.4938708078621468,-0,0,11.322722434997559,-3.4857876300811768,0.086392649265098265,0.088543425929636613,0.087468037597367432,0.087266462599716474,-0.00020157499765095788,-0.002150776664538348,-0.51541876792907715,-0.36815625429153442,0,0,35,34,0,0,1,1,9.9953459999997385,0.0046540000002615045
299,2.98261997,PLUS_5_ENDPOINT,1,1,11.317191196656092,-3.4938708078621468,-0,0,11.322722434997559,-3.4854042530059814,0.086392649265098265,0.088603991029133619,0.087498320147115949,0.087266462599716474,-0.00023185754739947495,-0.0022113417640353544,0.12271875143051147,0.34361249208450317,0,-0.00390625,35,34,0,0,1,1,9.9969710000000767,0.003028999999923343
300,2.9926013629999999,PLUS_5_ENDPOINT,1,1,11.317191196656092,-3.4938708078621468,-0,0,11.322722434997559,-3.4857876300811768,0.086392649265098265,0.088543425929636613,0.087468037597367432,0.087266462599716474,-0.00020157499765095788,-0.002150776664538348,0.024543749168515205,-0.39269998669624329,0.00390625,-0.0078125,35,34,0,0,1,1,9.981392999999894,0.018607000000105955
301,3.0025334799999999,PLUS_5_ENDPOINT,1,1,11.317191196656092,-3.4938708078621468,-0,0,11.322530746459961,-3.4857876300811768,0.086422931814846768,0.088543425929636613,0.08748317887224169,0.087266462599716474,-0.00021671627252521641,-0.0021204941147898448,-0.34361249208450317,-0.44178751111030579,0,-0.00390625,35,34,0,0,1,1,9.9321169999999626,0.067883000000037441
302,3.0125797410000001,PLUS_5_ENDPOINT,1,1,11.317191196656092,-3.4938708078621468,-0,0,11.322722434997559,-3.4855959415435791,0.086392649265098265,0.088573708479385116,0.08748317887224169,0.087266462599716474,-0.00021671627252521641,-0.0021810592142868512,0.17180624604225159,0,0.00390625,-0.00390625,35,34,0,0,1,1,10.046261000000278,0.046261000000278329
303,3.0226248720000002,PLUS_5_ENDPOINT,1,1,11.317191196656092,-3.4938708078621468,-0,0,11.322530746459961,-3.4855959415435791,0.086422931814846768,0.088573708479385116,0.087498320147115949,0.087266462599716474,-0.00023185754739947495,-0.002150776664538348,-0.36815625429153442,0.12271875143051147,0,0,35,34,0,0,1,1,10.04513100000004,0.045131000000040444
304,3.0326040999999999,PLUS_5_ENDPOINT,1,1,11.317191196656092,-3.4938708078621468,-0,0,11.322914123535156,-3.4857876300811768,0.086362366715349762,0.088543425929636613,0.087452896322493187,0.087266462599716474,-0.00018643372277671322,-0.0021810592142868512,0.29452499747276306,-0.29452499747276306,0,-0.00390625,35,34,0,0,1,1,9.9792279999997291,0.020772000000270907
305,3.0425306189999999,PLUS_5_ENDPOINT,1,1,11.317191196656092,-3.4938708078621468,-0,0,11.322530746459961,-3.4857876300811768,0.086422931814846768,0.088543425929636613,0.08748317887224169,0.087266462599716474,-0.00021671627252521641,-0.0021204941147898448,-0.34361249208450317,-0.24543750286102295,0,-0.0078125,35,34,0,0,1,1,9.926518999999967,0.073481000000032992
306,3.0526240580000001,PLUS_5_ENDPOINT,1,1,11.317191196656092,-3.4938708078621468,-0,0,11.322530746459961,-3.4855959415435791,0.086422931814846768,0.088573708479385116,0.087498320147115949,0.087266462599716474,-0.00023185754739947495,-0.002150776664538348,-0.24543750286102295,0.049087498337030411,0,-0.00390625,35,34,0,0,1,1,10.093439000000259,0.093439000000259398
307,3.0626226019999998,PLUS_5_ENDPOINT,1,1,11.317191196656092,-3.4938708078621468,-0,0,11.322722434997559,-3.4854042530059814,0.086392649265098265,0.088603991029133619,0.087498320147115949,0.087266462599716474,-0.00023185754739947495,-0.0022113417640353544,0.098174996674060822,0.29452499747276306,-0.0078125,0,35,34,0,0,1,1,9.998543999999665,0.0014560000003349671
308,3.072622918,PLUS_5_ENDPOINT,1,1,11.317191196656092,-3.4938708078621468,-0,0,11.322722434997559,-3.4854042530059814,0.086392649265098265,0.088603991029133619,0.087498320147115949,0.087266462599716474,-0.00023185754739947495,-0.0022113417640353544,0.12271875143051147,0.14726249873638153,0.00390625,0,35,34,0,0,1,1,10.000316000000176,0.00031600000017562024
309,3.082628165,PLUS_5_ENDPOINT,1,1,11.317191196656092,-3.4938708078621468,-0,0,11.322339057922363,-3.4855959415435791,0.086453214364595271,0.088573708479385116,0.087513461421990194,0.087266462599716474,-0.00024699882227371961,-0.0021204941147898448,-0.4908750057220459,-0.24543750286102295,0,0,35,34,0,0,1,1,10.00524700000005,0.0052470000000504058
310,3.0926195320000001,PLUS_5_ENDPOINT,1,1,11.317191196656092,-3.4938708078621468,-0,0,11.322530746459961,-3.4855959415435791,0.086422931814846768,0.088573708479385116,0.087498320147115949,0.087266462599716474,-0.00023185754739947495,-0.002150776664538348,-0.36815625429153442,-0.12271875143051147,0,0,35,34,0,0,1,1,9.9913670000000288,0.008632999999971247
311,3.1025081490000002,PLUS_5_ENDPOINT,1,1,11.317191196656092,-3.4938708078621468,-0,0,11.322530746459961,-3.4857876300811768,0.086422931814846768,0.088543425929636613,0.08748317887224169,0.087266462599716474,-0.00021671627252521641,-0.0021204941147898448,-0.44178751111030579,-0.53996247053146362,0,-0.0078125,35,34,0,0,1,1,9.8886170000000995,0.11138299999990053
312,3.1126214590000001,PLUS_5_ENDPOINT,1,1,11.317191196656092,-3.4938708078621468,-0,0,11.322530746459961,-3.4854042530059814,0.086422931814846768,0.088603991029133619,0.087513461421990194,0.087266462599716474,-0.00024699882227371961,-0.0021810592142868512,-0.22089375555515289,0.12271875143051147,0.00390625,-0.0078125,35,34,0,0,1,1,10.113309999999931,0.11330999999993097
313,3.1226317319999999,PLUS_5_ENDPOINT,1,1,11.317191196656092,-3.4938708078621468,-0,0,11.322530746459961,-3.4854042530059814,0.086422931814846768,0.088603991029133619,0.087513461421990194,0.087266462599716474,-0.00024699882227371961,-0.0021810592142868512,-0.14726249873638153,0.073631249368190765,0,0,35,34,0,0,1,1,10.010272999999792,0.010272999999791921
314,3.1325132149999999,PLUS_5_ENDPOINT,1,1,11.317191196656092,-3.4938708078621468,-0,0,11.322914123535156,-3.4855959415435791,0.086362366715349762,0.088573708479385116,0.087468037597367432,0.087266462599716474,-0.00020157499765095788,-0.0022113417640353544,0.36815625429153442,-0.12271875143051147,0.0078125,0,35,34,0,0,1,1,9.8814830000000242,0.11851699999997578
315,3.142621288,PLUS_5_ENDPOINT,1,1,11.317191196656092,-3.4938708078621468,-0,0,11.322530746459961,-3.4857876300811768,0.086422931814846768,0.088543425929636613,0.08748317887224169,0.087266462599716474,-0.00021671627252521641,-0.0021204941147898448,-0.36815625429153442,-0.29452499747276306,0,-0.0078125,35,34,0,0,1,1,10.108073000000051,0.10807300000005071
316,3.1525179749999999,PLUS_5_ENDPOINT,1,1,11.317191196656092,-3.4938708078621468,-0,0,11.322722434997559,-3.4855959415435791,0.086392649265098265,0.088573708479385116,0.08748317887224169,0.087266462599716474,-0.00021671627252521641,-0.0021810592142868512,-0.049087498337030411,-0.024543749168515205,0,-0.0078125,35,34,0,0,1,1,9.8966869999999041,0.10331300000009591
317,3.1626237449999999,PLUS_5_ENDPOINT,1,1,11.317191196656092,-3.4938708078621468,-0,0,11.322530746459961,-3.4855959415435791,0.086422931814846768,0.088573708479385116,0.087498320147115949,0.087266462599716474,-0.00023185754739947495,-0.002150776664538348,-0.34361249208450317,-0.12271875143051147,0,0,35,34,0,0,1,1,10.105770000000014,0.10577000000001391
318,3.1726241499999999,PLUS_5_ENDPOINT,1,1,11.317191196656092,-3.4938708078621468,-0,0,11.322530746459961,-3.4857876300811768,0.086422931814846768,0.088543425929636613,0.08748317887224169,0.087266462599716474,-0.00021671627252521641,-0.0021204941147898448,-0.36815625429153442,-0.58904999494552612,0,0,35,34,0,0,1,1,10.00040499999999,0.0004049999999899967
319,3.1826240960000001,PLUS_5_ENDPOINT,1,1,11.317191196656092,-3.4938708078621468,-0,0,11.322530746459961,-3.4855959415435791,0.086422931814846768,0.088573708479385116,0.087498320147115949,0.087266462599716474,-0.00023185754739947495,-0.002150776664538348,-0.26998123526573181,-0.26998123526573181,0,-0.00390625,35,34,0,0,1,1,9.9999460000002038,5.3999999796161546e-05
320,3.1926184339999999,PLUS_5_ENDPOINT,1,1,11.317191196656092,-3.4938708078621468,-0,0,11.322530746459961,-3.4854042530059814,0.086422931814846768,0.088603991029133619,0.087513461421990194,0.087266462599716474,-0.00024699882227371961,-0.0021810592142868512,-0.34361249208450317,0.17180624604225159,-0.0078125,-0.0078125,35,34,0,0,1,1,9.994337999999825,0.005662000000175027
321,3.202533979,PLUS_5_ENDPOINT,1,1,11.317191196656092,-3.4938708078621468,-0,0,11.322530746459961,-3.4854042530059814,0.086422931814846768,0.088603991029133619,0.087513461421990194,0.087266462599716474,-0.00024699882227371961,-0.0021810592142868512,-0.22089375555515289,0.17180624604225159,0,-0.0078125,35,34,0,0,1,1,9.9155450000001366,0.084454999999863389
322,3.2126266889999999,PLUS_5_ENDPOINT,1,1,11.317191196656092,-3.4938708078621468,-0,0,11.322530746459961,-3.4855959415435791,0.086422931814846768,0.088573708479385116,0.087498320147115949,0.087266462599716474,-0.00023185754739947495,-0.002150776664538348,-0.24543750286102295,-0.073631249368190765,-0.00390625,0,35,34,0,0,1,1,10.092709999999894,0.092709999999893711
323,3.2226476489999998,PLUS_5_ENDPOINT,1,1,11.317191196656092,-3.4938708078621468,-0,0,11.322530746459961,-3.4855959415435791,0.086422931814846768,0.088573708479385116,0.087498320147115949,0.087266462599716474,-0.00023185754739947495,-0.002150776664538348,-0.36815625429153442,-0.073631249368190765,-0.00390625,-0.0078125,35,34,0,0,1,1,10.020959999999857,0.020959999999856649
324,3.2324828760000002,PLUS_5_ENDPOINT,1,1,11.317191196656092,-3.4938708078621468,-0,0,11.322530746459961,-3.4857876300811768,0.086422931814846768,0.088543425929636613,0.08748317887224169,0.087266462599716474,-0.00021671627252521641,-0.0021204941147898448,-0.24543750286102295,-0.4908750057220459,0,0,35,34,0,0,1,1,9.8352270000003905,0.16477299999960948
325,3.2425533990000002,FIRST_CENTER_PROFILE,1,1,11.317191196656092,-3.4938708078621468,0,-0,11.322914123535156,-3.4855959415435791,0.086362366715349762,0.088573708479385116,0.087468037597367432,0.087266462599716474,-0.00020157499765095788,-0.0022113417640353544,0.34361249208450317,-0.073631249368190765,0,-0.0078125,35,34,0,0,1,1,10.070522999999998,0.070522999999997893
326,3.2526547350000001,FIRST_CENTER_PROFILE,1,1,11.317356915666572,-3.4940365268726259,0.033143802095898151,-0.033143802095898151,11.322722434997559,-3.4854042530059814,0.086392649265098265,0.088603991029133619,0.087498320147115949,0.087240282660936558,-0.00025803748617939104,-0.0022113417640353544,0,0.22089375555515289,0,0,35,34,0,0,1,1,10.101335999999961,0.10133599999996079
327,3.2626719519999998,FIRST_CENTER_PROFILE,1,1,11.31785407269801,-3.4945336839040646,0.066287604191796301,-0.066287604191796301,11.322530746459961,-3.4857876300811768,0.086422931814846768,0.088543425929636613,0.08748317887224169,0.08716174284459681,-0.00032143602764488077,-0.0021204941147898448,0,-0.29452499747276306,0,0,35,34,0,0,1,1,10.01721699999969,0.017216999999689619
328,3.2726587930000002,FIRST_CENTER_PROFILE,1,1,11.318682667750407,-3.495362278956462,0.099431406287694452,-0.099431406287694452,11.322914123535156,-3.4857876300811768,0.086362366715349762,0.088543425929636613,0.087452896322493187,0.087030843150697243,-0.00042205317179594415,-0.0021810592142868512,0.24543750286102295,-0.24543750286102295,0,-0.00390625,35,34,0,0,1,1,9.9868410000003571,0.013158999999642873
329,3.2826844450000001,FIRST_CENTER_PROFILE,1,1,11.319842700823763,-3.4965223120298186,0.1325752083835926,-0.1325752083835926,11.322722434997559,-3.4859795570373535,0.086392649265098265,0.088513105715025242,0.087452877490061753,0.08684758357923783,-0.00060529391082392303,-0.0021204564499269773,0.22089375555515289,-0.58904999494552612,0.00390625,-0.0078125,35,34,0,0,1,1,10.025651999999941,0.0256519999999405
330,3.2926566130000001,FIRST_CENTER_PROFILE,1,1,11.32133417191808,-3.4980137831241338,0.16571901047949075,-0.16571901047949075,11.322722434997559,-3.4861712455749512,0.086392649265098265,0.088482823165276739,0.087437736215187495,0.086611964130218599,-0.00082577208496889543,-0.0020901739001784742,-0.22089375555515289,-0.36815625429153442,0.00390625,-0.01171875,35,34,0,0,1,1,9.9721680000000035,0.027831999999996526
331,3.30249689,FIRST_CENTER_PROFILE,1,1,11.323157081033354,-3.4998366922394082,0.1988628125753889,-0.1988628125753889,11.322914123535156,-3.4859795570373535,0.086362366715349762,0.088513105715025242,0.087437736215187495,0.086323984803639536,-0.0011137514115479585,-0.0021507389996754805,-0.024543749168515205,0.14726249873638153,0.00390625,-0.01171875,35,34,0,0,1,1,9.8402769999998974,0.15972300000010264
332,3.3124799089999999,FIRST_CENTER_PROFILE,1,1,11.325311428169588,-3.5019910393756417,0.23200661467128711,-0.23200661467128711,11.323105812072754,-3.4861712455749512,0.086332084165601258,0.088482823165276739,0.087407453665439006,0.085983645599500641,-0.0014238080659383645,-0.0021507389996754805,0.12271875143051147,0.073631249368190765,0.01953125,-0.0078125,35,34,0,0,1,1,9.9830189999998709,0.016981000000129143
333,3.3224995509999999,FIRST_CENTER_PROFILE,1,1,11.327797213326779,-3.5044768245328339,0.2651504167671852,-0.2651504167671852,11.323297500610352,-3.4863629341125488,0.086301801615852755,0.088452540615528222,0.087377171115690488,0.085590946517801914,-0.0017862245978885749,-0.0021507389996754667,0.24543750286102295,-0.24543750286102295,0.00390625,-0.0078125,35,34,0,0,1,1,10.019642000000051,0.019642000000050786
334,3.3324978390000002,FIRST_CENTER_PROFILE,1,1,11.330614436504931,-3.5072940477109853,0.29829421886308338,-0.29829421886308338,11.323105812072754,-3.4863629341125488,0.086332084165601258,0.088452540615528222,0.087392312390564747,0.085145887558543368,-0.0022464248320213792,-0.0021204564499269635,-0.24543750286102295,0.049087498337030411,0.01171875,-0.01171875,35,34,0,0,1,1,9.9982880000002439,0.0017119999997561308
335,3.3424966249999999,FIRST_CENTER_PROFILE,1,1,11.333763097704042,-3.5104427089100958,0.33143802095898151,-0.33143802095898151,11.323105812072754,-3.4867465496063232,0.086332084165601258,0.088391937851168348,0.08736201100838481,0.084648468721724976,-0.0027135422866598341,-0.0020598536855670896,-0.31906875967979431,0,0.0234375,-0.0234375,35,34,0,0,1,1,9.9987859999997042,0.0012140000002958118
336,3.3524962380000001,FIRST_CENTER_PROFILE,1,1,11.33724319692411,-3.513922808130165,0.36458182305487968,-0.36458182305487968,11.323489189147949,-3.4871299266815186,0.086271519066104238,0.088331372751671342,0.08730144590888779,0.084098690007346766,-0.003202755901541024,-0.0020598536855671035,0,-0.049087498337030411,0.01953125,-0.0234375,35,34,0,0,1,1,9.9996130000001848,0.00038699999981517408
337,3.362499551,FIRST_CENTER_PROFILE,1,1,11.341054734165139,-3.5177343453711933,0.39772562515077781,-0.39772562515077781,11.323489189147949,-3.4877052307128906,0.086271519066104238,0.088240487437562951,0.087256003251833594,0.083496551415408723,-0.0037594518364248708,-0.0019689683714587125,-0.22089375555515289,-0.44178751111030579,0.0234375,-0.02734375,35,34,0,0,1,1,10.003312999999903,0.0033129999999026438
338,3.37249599,FIRST_CENTER_PROFILE,1,1,11.345197709427126,-3.5218773206331804,0.43086942724667598,-0.43086942724667598,11.323872566223145,-3.4880886077880859,0.086210953966607232,0.088179922338065944,0.087195438152336588,0.082842052945910849,-0.0043533852064257389,-0.0019689683714587125,0.024543749168515205,-0.36815625429153442,0.03515625,-0.03515625,35,34,0,0,1,1,9.9964390000000236,0.0035609999999763886
339,3.3824956799999999,FIRST_CENTER_PROFILE,1,1,11.349672122710071,-3.526351733916127,0.46401322934257422,-0.46401322934257422,11.324064254760742,-3.4884722232818604,0.086180671416858728,0.08811931957370607,0.087149995495282406,0.082135194598853142,-0.005014800896429264,-0.0019386481568473418,0.12271875143051147,-0.12271875143051147,0.0234375,-0.0390625,35,34,0,0,1,1,9.9996899999998945,0.00031000000010550366
340,3.3926125530000002,FIRST_CENTER_PROFILE,1,1,11.354477974013978,-3.5311575852200319,0.49715703143847223,-0.49715703143847223,11.32425594329834,-3.4890475273132324,0.086150388867110225,0.088028434259597679,0.087089411563353952,0.081375976374235617,-0.0057134351891183349,-0.0018780453924874541,-0.39269998669624329,-0.22089375555515289,0.0390625,-0.0390625,35,34,0,0,1,1,10.116873000000304,0.11687300000030376
341,3.4025344749999999,FIRST_CENTER_PROFILE,1,1,11.359615263338842,-3.5362948745448963,0.53030083353437041,-0.53030083353437041,11.324831008911133,-3.4901978969573975,0.086059541217864716,0.087846701296243793,0.086953121257054261,0.080564398272058246,-0.0063887229849960148,-0.001787160078379077,0.26998123526573181,-0.31906875967979431,0.0390625,-0.04296875,35,34,0,0,1,1,9.9219219999997499,0.078078000000250114
342,3.4126131169999998,FIRST_CENTER_PROFILE,1,1,11.365083990684665,-3.5417636018907195,0.56344463563026859,-0.56344463563026859,11.325215339660645,-3.4907732009887695,0.085998825458916225,0.087755815982135402,0.086877320720525814,0.079700460292321057,-0.0071768604282047566,-0.0017569905232191763,-0.14726249873638153,-0.073631249368190765,0.05078125,-0.04296875,35,34,0,0,1,1,10.07864199999986,0.078641999999859991
343,3.4226285129999998,FIRST_CENTER_PROFILE,1,1,11.370884156051448,-3.5475637672575018,0.59658843772616676,-0.59658843772616676,11.325790405273438,-3.4921154975891113,0.085907977809670716,0.08754376280417013,0.086725870306920416,0.078784162435024035,-0.0079417078718963807,-0.0016357849944994146,0,-0.53996247053146362,0.05078125,-0.05078125,35,34,0,0,1,1,10.01539600000001,0.015396000000009735
344,3.4325125289999998,FIRST_CENTER_PROFILE,1,1,11.377015759439189,-3.5536953706452428,0.62973223982206483,-0.62973223982206483,11.326173782348633,-3.4930741786956787,0.085847412710173696,0.087392312390564747,0.086619862550369214,0.077815504700167182,-0.0088043578502020325,-0.0015448996803910514,-0.29452499747276306,-0.44178751111030579,0.05859375,-0.0546875,35,34,0,0,1,1,9.8840159999999955,0.11598400000000453
345,3.4426161890000002,FIRST_CENTER_PROFILE,1,1,11.383478800847888,-3.5601584120539429,0.66287604191796301,-0.66287604191796301,11.326748847961426,-3.4946081638336182,0.085756565060928186,0.087149976662850959,0.086453270861889572,0.076794487087750496,-0.0096587837741390764,-0.0013934116019227727,-0.14726249873638153,-0.58904999494552612,0.05859375,-0.05859375,35,34,0,0,1,1,10.103660000000403,0.10366000000040287
346,3.4524854920000001,FIRST_CENTER_PROFILE,1,1,11.390273280277547,-3.5669528914836022,0.69601984401386119,-0.69601984401386119,11.327323913574219,-3.4957585334777832,0.085665717411682676,0.086968243699497072,0.086316980555589867,0.075721109597773992,-0.010595870957815876,-0.0013025262878143956,0.31906875967979431,-0.34361249208450317,0.05859375,-0.05859375,35,34,0,0,1,1,9.8693029999998849,0.13069700000011508
347,3.462618387,FIRST_CENTER_PROFILE,1,1,11.397399197728166,-3.5740788089342201,0.72916364610975937,-0.72916364610975937,11.327898979187012,-3.4967174530029297,0.085574869762437167,0.086816755621028807,0.086195812691732987,0.074595372230237642,-0.011600440461495345,-0.0012418858585916404,0.39269998669624329,-0.049087498337030411,0.0703125,-0.0703125,35,34,0,0,1,1,10.13289499999992,0.13289499999991961
348,3.472624653,FIRST_CENTER_PROFILE,1,1,11.404856553199743,-3.5815361644057973,0.76230744820565743,-0.76230744820565743,11.328666687011719,-3.4980595111846924,0.085453588903991656,0.086604740107926403,0.08602916450595903,0.073417274985141473,-0.012611889520817557,-0.0011511512039347471,0.31906875967979431,-0.14726249873638153,0.0703125,-0.08203125,35,34,0,0,1,1,10.006265999999986,0.006265999999985894
349,3.4826226930000002,FIRST_CENTER_PROFILE,1,1,11.412645346692278,-3.5893249578983335,0.79545125030155561,-0.79545125030155561,11.329433441162109,-3.4994018077850342,0.085332458704997644,0.086392686929961132,0.085862572817479388,0.072186817862485472,-0.013675754954993916,-0.0010602282249634887,-0.19634999334812164,-0.098174996674060822,0.0859375,-0.0859375,35,34,0,0,1,1,9.9980400000001524,0.0019599999998476392
350,3.4926120030000001,FIRST_CENTER_PROFILE,1,1,11.420765578205774,-3.5974451894118284,0.82859505239745379,-0.82859505239745379,11.329816818237305,-3.5005524158477783,0.085271893605500637,0.086210916301744364,0.085741404953622508,0.070904000862269639,-0.014837404091352868,-0.00093902269624372703,0.073631249368190765,-0.78539997339248657,0.10546875,-0.08203125,35,34,0,0,1,1,9.989309999999918,0.010690000000082023
351,3.5025353469999998,FIRST_CENTER_PROFILE,1,1,11.429217247740228,-3.6058968589462825,0.86173885449335197,-0.86173885449335197,11.330008506774902,-3.5009357929229736,0.085241611055752134,0.086150351202247358,0.085695981128999746,0.069568823984493974,-0.016127157144505772,-0.00090874014649522383,0.14726249873638153,0.12271875143051147,0.1015625,-0.09375,35,34,0,0,1,1,9.9233439999997231,0.076656000000276947
352,3.5126192870000001,FIRST_CENTER_PROFILE,1,1,11.438000355295641,-3.6146799665016953,0.89488265658925015,-0.89488265658925015,11.331158638000488,-3.5020864009857178,0.085059915757261101,0.08596858057403059,0.085514248165645845,0.068181287229158477,-0.017332960936487368,-0.00090866481676948885,0.34361249208450317,0.19634999334812164,0.1015625,-0.08984375,35,34,0,0,1,1,10.083940000000347,0.083940000000346515
353,3.5226840269999999,FIRST_CENTER_PROFILE,1,1,11.447114900872013,-3.6237945120780672,0.92802645868514844,-0.92802645868514844,11.331734657287598,-3.5034284591674805,0.084968917448564107,0.085756565060928186,0.085362741254746147,0.066741390596263162,-0.018621350658482985,-0.00078764761236407854,0.024543749168515205,-0.12271875143051147,0.10546875,-0.1015625,35,34,0,0,1,1,10.064739999999794,0.064739999999794406
354,3.5326215990000001,FIRST_CENTER_PROFILE,1,1,11.456560884469344,-3.6332404956753983,0.96117026078104639,-0.96117026078104639,11.332309722900391,-3.5047707557678223,0.084878069799318598,0.085544511882962915,0.085211290841140763,0.065249134085808014,-0.019962156755332749,-0.0006664420836443169,0.024543749168515205,-0.44178751111030579,0.1171875,-0.109375,35,34,0,0,1,1,9.9375720000001166,0.062427999999883355
355,3.5425859430000002,FIRST_CENTER_PROFILE,1,1,11.466338306087634,-3.6430179172936885,0.99431406287694446,-0.99431406287694446,11.333651542663574,-3.5057294368743896,0.084666091951079062,0.085393061469357531,0.085029576710218296,0.063704517697793034,-0.021325059012425263,-0.00072696951827846967,0.073631249368190765,0.44178751111030579,0.125,-0.12109375,35,34,0,0,1,1,9.9643440000001249,0.035655999999875121
356,3.5525367069999998,FIRST_CENTER_PROFILE,1,1,11.476447165726883,-3.6531267769329374,1.0274578649728427,-1.0274578649728427,11.334994316101074,-3.5086057186126709,0.084453963443388055,0.084938672563678472,0.084696318003533264,0.062107541432218222,-0.022588776571315042,-0.00048470912029041635,0.049087498337030411,-0.61359375715255737,0.1328125,-0.109375,35,34,0,0,1,1,9.9507639999996123,0.049236000000387747
357,3.562620034,FIRST_CENTER_PROFILE,1,1,11.48688746338709,-3.663567074593145,1.0606016670687408,-1.0606016670687408,11.337678909301758,-3.5122489929199219,0.084029857087457513,0.084363115794142546,0.084196486440800022,0.060458205289083577,-0.023738281151716445,-0.00033325870668503288,0.36815625429153442,-0.88357502222061157,0.12109375,-0.1171875,35,34,0,0,1,1,10.083327000000253,0.083327000000252838
358,3.5726228990000002,FIRST_CENTER_PROFILE,1,1,11.497659199068258,-3.6743388102743122,1.0937454691646391,-1.0937454691646391,11.341897010803223,-3.5170426368713379,0.083363490333538931,0.083605826061252705,0.083484658197395811,0.058756509268389101,-0.02472814892900671,-0.00024233572771377443,0.41724374890327454,-0.58904999494552612,0.12109375,-0.109375,35,34,0,0,1,1,10.002865000000138,0.0028650000001384512
359,3.5826214379999999,FIRST_CENTER_PROFILE,1,1,11.508688719876837,-3.6853683310828917,1.1047934031966051,-1.1047934031966051,11.347649574279785,-3.5227952003479004,0.08245471252218084,0.082697048249894614,0.08257588038603772,0.057014088898481426,-0.025561791487556294,-0.00024233572771377443,0.58904999494552612,-1.0308375358581543,0.1171875,-0.12109375,35,34,0,0,1,1,9.9985389999996954,0.0014610000003045798
360,3.5924851019999999,FIRST_CENTER_PROFILE,1,1,11.519736653908803,-3.6964162651148578,1.1047934031966051,-1.1047934031966051,11.353018760681152,-3.5273971557617188,0.081606499810319755,0.081970041066753291,0.081788270438536523,0.055268759646487094,-0.026519510792049429,-0.00036354125643353608,0.31906875967979431,-0.17180624604225159,0.1328125,-0.125,35,34,0,0,1,1,9.8636640000000497,0.13633599999995027
361,3.6025350810000001,FIRST_CENTER_PROFILE,1,1,11.530784587940769,-3.7074641991468238,1.1047934031966051,-1.1047934031966051,11.357620239257812,-3.5337247848510742,0.080879567956904166,0.080970415606149676,0.080924991781526928,0.053523430394492776,-0.027401561387034153,-9.0847649245509587e-05,0.78539997339248657,-0.63813751935958862,0.13671875,-0.1171875,35,34,0,0,1,1,10.049979000000153,0.049979000000153206
362,3.6125916930000002,FIRST_CENTER_PROFILE,1,1,11.541832521972735,-3.7185121331787898,1.1047934031966051,-1.1047934031966051,11.364906311035156,-3.5417780876159668,0.079728529747558036,0.079698171868083784,0.07971335080782091,0.051778101142498444,-0.027935249665322466,3.0357879474252059e-05,0.85903126001358032,-0.9817500114440918,0.1171875,-0.1171875,35,34,0,0,1,1,10.056612000000076,0.056612000000075824
363,3.6226242740000001,FIRST_CENTER_PROFILE,1,1,11.552880456004701,-3.7295600672107558,1.1047934031966051,-1.1047934031966051,11.378520965576172,-3.5500233173370361,0.07757771541815682,0.078395607915406521,0.07798666166678167,0.050032771890504112,-0.027953889776277559,-0.00081789249724970037,0.9817500114440918,-0.88357502222061157,0.08984375,-0.125,35,34,0,0,1,1,10.032580999999929,0.032580999999929361
364,3.6324824859999998,FIRST_CENTER_PROFILE,1,1,11.563928390036667,-3.7406080012427219,1.1047934031966051,-1.1047934031966051,11.386573791503906,-3.5563509464263916,0.076305547009816663,0.07739598245480292,0.076850764732309784,0.04828744263850978,-0.028563322093800005,-0.0010904354449862569,-0.024543749168515205,-0.63813751935958862,0.1328125,-0.1328125,35,34,0,0,1,1,9.8582119999996998,0.14178800000030023
365,3.6426229609999998,FIRST_CENTER_PROFILE,1,1,11.574976324068633,-3.7516559352746879,1.1047934031966051,-1.1047934031966051,11.395010948181152,-3.5644044876098633,0.074972662842528029,0.07612370105187416,0.075548181947201087,0.046542113386515455,-0.029006068560685633,-0.0011510382093461308,0.95720624923706055,-0.95720624923706055,0.10546875,-0.109375,35,34,0,0,1,1,10.140475000000038,0.14047500000003765
366,3.6526182270000001,FIRST_CENTER_PROFILE,1,1,11.586024258100599,-3.7627038693066539,1.1047934031966051,-1.1047934031966051,11.40498161315918,-3.5745670795440674,0.073397518277251356,0.074518236271986116,0.073957877274618736,0.044796784134521123,-0.029161093140097613,-0.0011207179947347601,0.41724374890327454,-1.153556227684021,0.12109375,-0.1171875,35,34,0,0,1,1,9.9952660000002247,0.0047339999997753068
367,3.6624969470000002,FIRST_CENTER_PROFILE,1,1,11.597072192132565,-3.7737518033386199,1.1047934031966051,-1.1047934031966051,11.41092586517334,-3.5801277160644531,0.072458457916144761,0.073639778675239395,0.073049118295692078,0.043051454882526798,-0.029997663413165281,-0.001181320759094634,0.4908750057220459,-0.73631250858306885,0.13671875,-0.13671875,35,34,0,0,1,1,9.8787200000001185,0.12127999999988148
368,3.6725036270000002,FIRST_CENTER_PROFILE,1,1,11.608120126164531,-3.7847997373705859,1.1047934031966051,-1.1047934031966051,11.419938087463379,-3.5870306491851807,0.071034726099610604,0.072549267900527403,0.071791997000068997,0.041306125630532466,-0.030485871369536531,-0.0015145418009167994,1.0799249410629272,-1.251731276512146,0.109375,-0.1171875,35,34,0,0,1,1,10.006680000000046,0.0066800000000455384
369,3.682480049,FIRST_CENTER_PROFILE,1,1,11.619168060196497,-3.795847671402552,1.1047934031966051,-1.1047934031966051,11.430293083190918,-3.5977685451507568,0.06939886577538544,0.070852917806530968,0.070125891790958211,0.039560796378538141,-0.030565095412420071,-0.0014540520311455279,0.56450623273849487,-1.006293773651123,0.125,-0.109375,35,34,0,0,1,1,9.9764219999998183,0.023578000000181731
370,3.692499491,FIRST_CENTER_PROFILE,1,1,11.630215994228463,-3.806895605434518,1.1047934031966051,-1.1047934031966051,11.43604564666748,-3.6046714782714844,0.068490087964027349,0.069762407031818977,0.069126247497923163,0.037815467126543809,-0.031310780371379354,-0.0012723190677916274,0.26998123526573181,-0.68722498416900635,0.13671875,-0.140625,35,34,0,0,1,1,10.019441999999934,0.019441999999934012
371,3.7024952400000002,FIRST_CENTER_PROFILE,1,1,11.641263928260429,-3.817943539466484,1.1047934031966051,-1.1047934031966051,11.444673538208008,-3.6127250194549561,0.067127071906441682,0.068490125628890217,0.067808598767665956,0.036070137874549477,-0.03173846089311648,-0.0013630537224485345,0.9326624870300293,-1.3744499683380127,0.12109375,-0.1171875,35,34,0,0,1,1,9.9957490000002203,0.0042509999997797365
372,3.7124946599999999,FIRST_CENTER_PROFILE,1,1,11.652311862292395,-3.82899147349845,1.1047934031966051,-1.1047934031966051,11.453685760498047,-3.6249969005584717,0.065703340089907539,0.066551439807180007,0.06612738994854378,0.034324808622555145,-0.031802581325988635,-0.00084809971727246858,0.29452499747276306,-1.3989937305450439,0.1328125,-0.1171875,35,34,0,0,1,1,9.9994199999997591,0.00058000000024094334
373,3.7225057459999999,FIRST_CENTER_PROFILE,1,1,11.663359796324361,-3.8400394075304161,1.1047934031966051,-1.1047934031966051,11.460013389587402,-3.6326668262481689,0.064703714629303924,0.065339761168611121,0.065021737898957516,0.032579479370560827,-0.032442258528396689,-0.00063604653930719735,0.39269998669624329,-0.7608562707901001,0.13671875,-0.1328125,35,34,0,0,1,1,10.011086000000002,0.011086000000002372
374,3.7325846519999999,FIRST_CENTER_PROFILE,1,1,11.674407730356327,-3.8510873415623821,1.1047934031966051,-1.1047934031966051,11.470176696777344,-3.6443634033203125,0.063098136854827264,0.063491960661009303,0.063295048757918276,0.030834150118566495,-0.032460898639351782,-0.00039382380618203927,1.2762750387191772,-1.5707999467849731,0.109375,-0.1015625,35,34,0,0,1,1,10.078905999999943,0.078905999999943077
375,3.7426180389999999,FIRST_CENTER_PROFILE,1,1,11.685455664388293,-3.8621352755943485,1.1047934031966051,-1.1047934031966051,11.484941482543945,-3.6572105884552002,0.060765627226935015,0.06146238952519071,0.061114008376062859,0.029088820866572163,-0.032025187509490696,-0.00069676229825569452,1.2026437520980835,-1.4971687793731689,0.1171875,-0.109375,35,34,0,0,1,1,10.033387000000005,0.033387000000004718
376,3.7526232350000002,FIRST_CENTER_PROFILE,1,1,11.69633787940978,-3.873017490615835,1.0716496011007068,-1.0716496011007068,11.498171806335449,-3.6698658466339111,0.05867552865648229,0.059463138603983494,0.059069333630232895,0.027369671553357747,-0.031699662076875149,-0.00078760994750120411,1.5953437089920044,-1.3989937305450439,0.10546875,-0.1015625,35,34,0,0,1,1,10.005196000000272,0.005196000000271539
377,3.762621953,FIRST_CENTER_PROFILE,1,1,11.706888656410309,-3.8835682676163623,1.038505799004809,-1.038505799004809,11.506992340087891,-3.6834800243377686,0.057282079389696643,0.057312399604308013,0.057297239497002328,0.025702882117703163,-0.031594357379299165,-3.0320214611370688e-05,0.51541876792907715,-1.8407812118530273,0.140625,-0.09375,35,34,0,0,1,1,9.998717999999851,0.0012820000001489973
378,3.7726238319999998,FIRST_CENTER_PROFILE,1,1,11.717107995389876,-3.8937876065959309,1.0053619969089107,-1.0053619969089107,11.51600456237793,-3.6978611946105957,0.055858347573162492,0.055040492740775653,0.055449420156969076,0.024088452559608411,-0.031360967597360664,0.00081785483238683981,1.2271875143051147,-1.251731276512146,0.12109375,-0.09375,35,34,0,0,1,1,10.001878999999825,0.0018789999998247708
379,3.7825818849999999,FIRST_CENTER_PROFILE,1,1,11.726995896348486,-3.9036755075545408,0.97221819481301253,-0.97221819481301253,11.528851509094238,-3.7097494602203369,0.053828814102206766,0.053162409683425324,0.053495611892816042,0.022526382879073478,-0.030969229013742564,0.00066640441878144246,1.3989937305450439,-1.2762750387191772,0.109375,-0.1015625,35,34,0,0,1,1,9.9580530000000778,0.041946999999922241
380,3.7926293690000001,FIRST_CENTER_PROFILE,1,1,11.736552359286136,-3.9132319704921912,0.93907439271711424,-0.93907439271711424,11.539780616760254,-3.7224047183990479,0.052102256788187577,0.051163158762218108,0.051632707775202846,0.021016673076098377,-0.030616034699104469,0.00093909802596946895,1.3989937305450439,-1.0799249410629272,0.10546875,-0.10546875,35,34,0,0,1,1,10.047484000000217,0.047484000000217463
381,3.802674466,FIRST_CENTER_PROFILE,1,1,11.745777384202828,-3.9224569954088833,0.90593059062121606,-0.90593059062121606,11.557421684265137,-3.7312252521514893,0.049315358254616283,0.049769709495432454,0.049542533875024372,0.019559323150683108,-0.029983210724341264,-0.00045435124081617123,1.7671500444412231,-1.0308375358581543,0.0703125,-0.109375,35,34,0,0,1,1,10.045096999999892,0.045096999999891807
382,3.8126219969999999,FIRST_CENTER_PROFILE,1,1,11.754670971098561,-3.9313505823046158,0.87278678852531788,-0.87278678852531788,11.570652008056641,-3.7413878440856934,0.047225259684163551,0.04816424471554441,0.047694752199853981,0.018154333102827672,-0.029540419097026309,-0.00093898503138085954,0.56450623273849487,-0.9326624870300293,0.08984375,-0.1015625,35,34,0,0,1,1,9.9475309999998984,0.052469000000101573
383,3.822620127,FIRST_CENTER_PROFILE,1,1,11.763233119973334,-3.9399127311793891,0.83964298642942004,-0.83964298642942004,11.579280853271484,-3.7505917549133301,0.045862092967126407,0.046710230349261757,0.046286161658194082,0.016801702932532095,-0.029484458725661987,-0.00084813738213534995,0.39269998669624329,-0.78539997339248657,0.1328125,-0.1171875,35,34,0,0,1,1,9.9981300000000495,0.0018699999999505224
384,3.8325069979999999,FIRST_CENTER_PROFILE,1,1,11.77146383082715,-3.9481434420332042,0.80649918433352186,-0.80649918433352186,11.584074974060059,-3.7551937103271484,0.045104727904510832,0.045983223166120427,0.045543975535315626,0.015501432639796309,-0.030042542895519317,-0.00087849526160959507,0.19634999334812164,-0.61359375715255737,0.12109375,-0.1328125,35,34,0,0,1,1,9.8868709999999638,0.11312900000003623
385,3.842510436,FIRST_CENTER_PROFILE,1,1,11.779363103660005,-3.9560427148660597,0.77335538223762368,-0.77335538223762368,11.590210914611816,-3.7611379623413086,0.044135384993655734,0.045044162805013825,0.044589773899334779,0.014253522224620369,-0.030336251674714411,-0.00090877781135809133,0.4908750057220459,-0.95720624923706055,0.12109375,-0.12109375,35,34,0,0,1,1,10.003438000000031,0.0034380000000311384
386,3.8524994330000002,FIRST_CENTER_PROFILE,1,1,11.786930938471901,-3.9636105496779566,0.7402115801417255,-0.7402115801417255,11.599989891052246,-3.7680408954620361,0.042590522978127564,0.043953652030301833,0.043272087504214699,0.013057971687004247,-0.030214115817210452,-0.0013631290521742695,1.153556227684021,-1.0553812980651855,0.1015625,-0.125,35,34,0,0,1,1,9.9889970000002215,0.011002999999778496
387,3.8624801419999999,FIRST_CENTER_PROFILE,1,1,11.79416733526284,-3.9708469464688942,0.70706777804582743,-0.70706777804582743,11.606125831604004,-3.7720675468444824,0.041621180067272459,0.043317530161268887,0.042469355114270677,0.011914781026947957,-0.03055457408732272,-0.0016963500939964279,-0.24543750286102295,-0.58904999494552612,0.1328125,-0.140625,35,34,0,0,1,1,9.980708999999699,0.01929100000030104
388,3.8724965880000002,FIRST_CENTER_PROFILE,1,1,11.801072294032819,-3.9777519052388732,0.67392397594992925,-0.67392397594992925,11.609577178955078,-3.7749438285827637,0.041075943512347897,0.042863141255589841,0.041969542383968869,0.0108239502444515,-0.03114559213951737,-0.0017871977432419445,-0.098174996674060822,-0.58904999494552612,0.140625,-0.140625,35,34,0,0,1,1,10.01644600000029,0.016446000000289729
389,3.8824773609999998,FIRST_CENTER_PROFILE,1,1,11.807645814781838,-3.9843254259878931,0.64078017385403097,-0.64078017385403097,11.614946365356445,-3.77897047996521,0.040227730800486812,0.042227019386556895,0.041227375093521854,0.0097854793395148743,-0.031441895754006979,-0.0019992885860700832,0.6626812219619751,-1.0308375358581543,0.12109375,-0.13671875,35,34,0,0,1,1,9.9807729999996653,0.019227000000334726
390,3.8924966570000001,FIRST_CENTER_PROFILE,1,1,11.813887897509899,-3.9905675087159538,0.60763637175813279,-0.60763637175813279,11.620890617370605,-3.7841477394104004,0.039288670439380211,0.041409126889307188,0.040348898664343699,0.0087993683121380811,-0.031549530352205618,-0.0021204564499269773,0.024543749168515205,-0.90811872482299805,0.12109375,-0.12109375,35,34,0,0,1,1,10.019296000000288,0.019296000000288416
391,3.9024971329999998,FIRST_CENTER_PROFILE,1,1,11.819798542217001,-3.9964781534230558,0.57449256966223472,-0.57449256966223472,11.623958587646484,-3.7912423610687256,0.038803998983952662,0.040288333564846693,0.039546166274399677,0.0078656171623211063,-0.031680549112078571,-0.0014843345808940311,0.14726249873638153,-0.68722498416900635,0.140625,-0.1171875,35,34,0,0,1,1,10.000475999999647,0.0004759999996473141
392,3.9124801370000002,FIRST_CENTER_PROFILE,1,1,11.825377748903144,-4.0020573601091982,0.54134876756633654,-0.54134876756633654,11.627601623535156,-3.7973783016204834,0.038228479879279596,0.039318990653991588,0.038773735266635592,0.0069842258900639775,-0.031789509376571615,-0.0010905107747119919,0.34361249208450317,-0.44178751111030579,0.1328125,-0.12109375,35,34,0,0,1,1,9.9830040000004061,0.016995999999593892
393,3.922498708,FIRST_CENTER_PROFILE,1,1,11.830625517568327,-4.0073051287743819,0.50820496547043825,-0.50820496547043825,11.630669593811035,-3.8029389381408691,0.03774380842385204,0.038440533057244868,0.038092170740548451,0.0061551944953666671,-0.031936976245181783,-0.00069672463339282703,0.24543750286102295,-1.0553812980651855,0.1328125,-0.12109375,35,34,0,0,1,1,10.01857099999981,0.018570999999809601
394,3.932521462,FIRST_CENTER_PROFILE,1,1,11.835541848212552,-4.0122214594186074,0.47506116337454007,-0.47506116337454007,11.634120941162109,-3.8086915016174316,0.037198571868927485,0.037531755245886769,0.037365163557407127,0.0053785229782291888,-0.031986640579177938,-0.00033318337695928402,0.41724374890327454,-0.7608562707901001,0.1328125,-0.109375,35,34,0,0,1,1,10.022753999999967,0.022753999999967078
395,3.9426695359999999,FIRST_CENTER_PROFILE,1,1,11.840126740835819,-4.0168063520418729,0.4419173612786419,-0.4419173612786419,11.642558097839355,-3.8167448043823242,0.035865687701638845,0.036259511507820884,0.036062599604729864,0.0046542113386515427,-0.031408388266078321,-0.00039382380618203927,1.251731276512146,-1.0553812980651855,0.09375,-0.1015625,35,34,0,0,1,1,10.148073999999951,0.14807399999995141
396,3.9526638209999998,FIRST_CENTER_PROFILE,1,1,11.844380195438125,-4.0210598066441801,0.40877355918274411,-0.40877355918274411,11.654446601867676,-3.8240313529968262,0.033987566979425642,0.035108397968749011,0.03454798247408733,0.0039822595766337288,-0.030565722897453601,-0.0011208309893233695,0.88357502222061157,-0.88357502222061157,0.0859375,-0.10546875,35,34,0,0,1,1,9.9942849999998806,0.0057150000001193746
397,3.9626191120000001,FIRST_CENTER_PROFILE,1,1,11.848302212019473,-4.0249818232255281,0.37562975708684593,-0.37562975708684593,11.66384220123291,-3.8294003009796143,0.032503270063394485,0.034260222921750794,0.033381746492572639,0.003362667692175747,-0.030019078800396892,-0.0017569528583563088,0.56450623273849487,-0.80994373559951782,0.08203125,-0.10546875,35,34,0,0,1,1,9.9552910000002548,0.044708999999745203
398,3.9726564660000001,FIRST_CENTER_PROFILE,1,1,11.851892790579862,-4.028572401785917,0.34248595499094775,-0.34248595499094775,11.675346374511719,-3.838604211807251,0.030685865100129779,0.03280620855546814,0.03174603682779896,0.0027954356852775836,-0.028950601142521376,-0.002120343455338361,0.78539997339248657,-1.5707999467849731,0.07421875,-0.0703125,35,34,0,0,1,1,10.037354000000054,0.037354000000053844
399,3.9826555369999999,FIRST_CENTER_PROFILE,1,1,11.855151931119293,-4.0318315423253468,0.30934215289504957,-0.30934215289504957,11.681098937988281,-3.8495337963104248,0.029777087288771681,0.031079575911723202,0.030428331600247441,0.0022805635559392662,-0.028147768044308175,-0.0013024886229515212,0.51541876792907715,-1.1780999898910522,0.08984375,-0.08203125,35,34,0,0,1,1,9.9990709999997485,0.00092900000025153417
400,3.9926230500000002,FIRST_CENTER_PROFILE,1,1,11.858079633637763,-4.0347592448438174,0.27619835079915134,-0.27619835079915134,11.688002586364746,-3.8564367294311523,0.028686463519471076,0.02998906513701121,0.029337764328241145,0.0018180513041607671,-0.027519713024080378,-0.0013026016175401341,0.6626812219619751,-0.9817500114440918,0.08203125,-0.07421875,35,34,0,0,1,1,9.9675130000003165,0.032486999999683519
401,4.0026508940000003,FIRST_CENTER_PROFILE,1,1,11.860675898135275,-4.0373555093413298,0.24305454870325321,-0.24305454870325321,11.698164939880371,-3.8675580024719238,0.0270810364044459,0.028232149943517772,0.027656593173981836,0.0014078989299421002,-0.026248694244039736,-0.0011511135390718727,1.0799249410629272,-1.0308375358581543,0.06640625,-0.0546875,35,34,0,0,1,1,10.027844000000119,0.027844000000118996
402,4.0127051869999999,FIRST_CENTER_PROFILE,1,1,11.862940724611828,-4.039620335817883,0.20991074660735501,-0.20991074660735501,11.70506763458252,-3.8761868476867676,0.025990563294596779,0.026868983226480628,0.026429773260538705,0.0010501064332832516,-0.025379666827255454,-0.00087841993188384968,0.17180624604225159,-0.7117687463760376,0.0859375,-0.0859375,35,34,0,0,1,1,10.054292999999603,0.054292999999603353
403,4.0226493650000004,FIRST_CENTER_PROFILE,1,1,11.864874113067422,-4.0415537242734771,0.17676694451145686,-0.17676694451145686,11.710628509521484,-3.8817474842071533,0.025112068032987187,0.025990525629733908,0.025551296831360547,0.00074467381418424905,-0.024806623017176298,-0.00087845759674672064,0.61359375715255737,-1.0308375358581543,0.0703125,-0.07421875,35,34,0,0,1,1,9.9441780000004698,0.055821999999530192
404,4.0324859139999996,FIRST_CENTER_PROFILE,1,1,11.866476063502057,-4.0431556747081121,0.14362314241555868,-0.14362314241555868,11.718873977661133,-3.8899927139282227,0.023809466415447053,0.024687961677056645,0.024248714046251847,0.00049160107264506481,-0.023757112973606782,-0.0008784952616095916,0.85903126001358032,-1.251731276512146,0.05078125,-0.04296875,35,34,0,0,1,1,9.8365489999991951,0.16345100000080492
405,4.0425011399999997,FIRST_CENTER_PROFILE,1,1,11.867746575915733,-4.0444261871217879,0.11047934031966047,-0.11047934031966047,11.726160049438477,-3.8974707126617432,0.022658428206100926,0.02350660325309914,0.023082515729600031,0.00029088820866572662,-0.022791627520934304,-0.00084817504699821397,0.19634999334812164,-0.51541876792907715,0.0703125,-0.05859375,35,34,0,0,1,1,10.015226000000155,0.015226000000154727
406,4.0525164399999998,FIRST_CENTER_PROFILE,1,1,11.86868565030845,-4.0453652615145055,0.07733553822376231,-0.07733553822376231,11.728269577026367,-3.9007306098937988,0.022325169499415893,0.022991611583060213,0.022658390541238055,0.00014253522224620674,-0.022515855318991848,-0.00066644208364432037,0,-0.53996247053146362,0.09375,-0.07421875,35,34,0,0,1,1,10.01530000000006,0.015300000000060265
407,4.0626199759999997,FIRST_CENTER_PROFILE,1,1,11.869293286680209,-4.045972897886263,0.044191736127864117,-0.044191736127864117,11.730378150939941,-3.9039902687072754,0.021992061452182347,0.022476657577884158,0.022234359515033254,4.6542113386519035e-05,-0.022187817401646735,-0.0004845961257018104,0.24543750286102295,-0.53996247053146362,0.06640625,-0.0703125,35,34,0,0,1,1,10.103535999999913,0.10353599999991303
408,4.0726146649999997,FIRST_CENTER_PROFILE,1,1,11.869569485031008,-4.0462490962370623,0.011047934031965937,-0.011047934031965937,11.732487678527832,-3.9070582389831543,0.021658802745497318,0.021991986122456605,0.021825394433976963,2.9088820866635112e-06,-0.0218224855518903,-0.00033318337695928749,0.049087498337030411,-0.7608562707901001,0.08203125,-0.07421875,35,34,0,0,1,1,9.994689000000001,0.0053109999999989554
409,4.0826197280000001,FIRST_CENTER_PROFILE,1,1,11.869587898254395,-4.0462675094604492,0,-0,11.73402214050293,-3.9084005355834961,0.021416391688057798,0.021779932944491334,0.021598162316274566,0,-0.021598162316274566,-0.00036354125643353608,0.049087498337030411,-0.41724374890327454,0.08203125,-0.0703125,35,34,0,0,1,1,10.005063000000369,0.0050630000003692999
410,4.0926304980000001,FIRST_CENTER_ENDPOINT,1,1,11.869587898254395,-4.0462675094604492,-0,0,11.734597206115723,-3.9089756011962891,0.021325544038812285,0.021689085295245821,0.021507314667029053,0,-0.021507314667029053,-0.00036354125643353608,-0.098174996674060822,-0.24543750286102295,0.0859375,-0.07421875,35,34,0,0,1,1,10.010770000000058,0.010770000000057678
411,4.1026249469999998,FIRST_CENTER_ENDPOINT,1,1,11.869587898254395,-4.0462675094604492,-0,0,11.73478889465332,-3.9089756011962891,0.021295261489063782,0.021689085295245821,0.021492173392154802,0,-0.021492173392154802,-0.00039382380618203927,0.14726249873638153,-0.24543750286102295,0.0859375,-0.08203125,35,34,0,0,1,1,9.9944489999996833,0.0055510000003167193
412,4.1126173899999996,FIRST_CENTER_ENDPOINT,1,1,11.869587898254395,-4.0462675094604492,-0,0,11.73478889465332,-3.9087839126586914,0.021295261489063782,0.021719367844994324,0.021507314667029053,0,-0.021507314667029053,-0.00042410635593054247,0.098174996674060822,0,0.08984375,-0.08203125,35,34,0,0,1,1,9.9924429999997955,0.007557000000204539
413,4.1226261639999997,FIRST_CENTER_ENDPOINT,1,1,11.869587898254395,-4.0462675094604492,-0,0,11.734405517578125,-3.9085922241210938,0.021355826588560788,0.021749650394742828,0.021552738491651808,0,-0.021552738491651808,-0.00039382380618203927,-0.34361249208450317,0.17180624604225159,0.08984375,-0.0859375,35,34,0,0,1,1,10.008774000000109,0.0087740000001090834
414,4.1326177140000002,FIRST_CENTER_ENDPOINT,1,1,11.869587898254395,-4.0462675094604492,-0,0,11.734405517578125,-3.9085922241210938,0.021355826588560788,0.021749650394742828,0.021552738491651808,0,-0.021552738491651808,-0.00039382380618203927,-0.41724374890327454,0.12271875143051147,0.08203125,-0.07421875,35,34,0,0,1,1,9.9915500000005153,0.008449999999484703
415,4.142500353,FIRST_CENTER_ENDPOINT,1,1,11.869587898254395,-4.0462675094604492,-0,0,11.734405517578125,-3.9085922241210938,0.021355826588560788,0.021749650394742828,0.021552738491651808,0,-0.021552738491651808,-0.00039382380618203927,-0.39269998669624329,0.12271875143051147,0.08203125,-0.0859375,35,34,0,0,1,1,9.8826389999997488,0.11736100000025118
416,4.1525555550000002,FIRST_CENTER_ENDPOINT,1,1,11.869587898254395,-4.0462675094604492,-0,0,11.734597206115723,-3.9087839126586914,0.021325544038812285,0.021719367844994324,0.021522455941903305,0,-0.021522455941903305,-0.00039382380618203927,-0.12271875143051147,0,0.0859375,-0.0859375,35,34,0,0,1,1,10.055202000000207,0.055202000000207363
417,4.1624979590000004,FIRST_CENTER_ENDPOINT,1,1,11.869587898254395,-4.0462675094604492,-0,0,11.734597206115723,-3.9087839126586914,0.021325544038812285,0.021719367844994324,0.021522455941903305,0,-0.021522455941903305,-0.00039382380618203927,-0.17180624604225159,0.39269998669624329,0.08984375,-0.07421875,35,34,0,0,1,1,9.9424040000002378,0.057595999999762171
418,4.1725578399999996,FIRST_CENTER_ENDPOINT,1,1,11.869587898254395,-4.0462675094604492,-0,0,11.734597206115723,-3.9089756011962891,0.021325544038812285,0.021689085295245821,0.021507314667029053,0,-0.021507314667029053,-0.00036354125643353608,-0.22089375555515289,0.12271875143051147,0.08984375,-0.0859375,35,34,0,0,1,1,10.059880999999216,0.059880999999215589
419,4.1824953259999997,FIRST_CENTER_ENDPOINT,1,1,11.869587898254395,-4.0462675094604492,-0,0,11.73478889465332,-3.9091675281524658,0.021295261489063782,0.021658765080634444,0.021477013284849113,0,-0.021477013284849113,-0.00036350359157066164,0,-0.19634999334812164,0.08984375,-0.08203125,35,34,0,0,1,1,9.9374860000001064,0.062513999999893599
420,4.1925570890000001,FIRST_CENTER_ENDPOINT,1,1,11.869587898254395,-4.0462675094604492,-0,0,11.73478889465332,-3.9091675281524658,0.021295261489063782,0.021658765080634444,0.021477013284849113,0,-0.021477013284849113,-0.00036350359157066164,0.073631249368190765,-0.24543750286102295,0.08984375,-0.07421875,35,34,0,0,1,1,10.06176300000039,0.061763000000389923
421,4.202556736,FIRST_CENTER_ENDPOINT,1,1,11.869587898254395,-4.0462675094604492,-0,0,11.734405517578125,-3.9087839126586914,0.021355826588560788,0.021719367844994324,0.021537597216777556,0,-0.021537597216777556,-0.00036354125643353608,-0.58904999494552612,0.34361249208450317,0.08984375,-0.07421875,35,34,0,0,1,1,9.9996469999998894,0.00035300000011062593
422,4.2125655049999997,FIRST_CENTER_ENDPOINT,1,1,11.869587898254395,-4.0462675094604492,-0,0,11.734597206115723,-3.9091675281524658,0.021325544038812285,0.021658765080634444,0.021492154559723364,0,-0.021492154559723364,-0.00033322104182215845,-0.24543750286102295,-0.34361249208450317,0.08203125,-0.0859375,35,34,0,0,1,1,10.008768999999695,0.0087689999996953816
423,4.2225434169999998,FIRST_CENTER_ENDPOINT,1,1,11.869587898254395,-4.0462675094604492,-0,0,11.734597206115723,-3.9089756011962891,0.021325544038812285,0.021689085295245821,0.021507314667029053,0,-0.021507314667029053,-0.00036354125643353608,-0.24543750286102295,-0.14726249873638153,0.08203125,-0.08203125,35,34,0,0,1,1,9.9779120000000887,0.02208799999991129
424,4.2325358309999999,FIRST_CENTER_ENDPOINT,1,1,11.869587898254395,-4.0462675094604492,-0,0,11.73478889465332,-3.9089756011962891,0.021295261489063782,0.021689085295245821,0.021492173392154802,0,-0.021492173392154802,-0.00039382380618203927,0.12271875143051147,-0.073631249368190765,0.0859375,-0.08203125,35,34,0,0,1,1,9.9924140000000605,0.0075859999999394745
425,4.2425382740000002,FIRST_CENTER_ENDPOINT,1,1,11.869587898254395,-4.0462675094604492,-0,0,11.734597206115723,-3.9091675281524658,0.021325544038812285,0.021658765080634444,0.021492154559723364,0,-0.021492154559723364,-0.00033322104182215845,-0.24543750286102295,-0.36815625429153442,0.0859375,-0.07421875,35,34,0,0,1,1,10.002443000000305,0.0024430000003050623
426,4.2525286849999997,FIRST_CENTER_ENDPOINT,1,1,11.869587898254395,-4.0462675094604492,-0,0,11.73478889465332,-3.9089756011962891,0.021295261489063782,0.021689085295245821,0.021492173392154802,0,-0.021492173392154802,-0.00039382380618203927,-0.024543749168515205,0.024543749168515205,0.0859375,-0.07421875,35,34,0,0,1,1,9.9904109999995327,0.0095890000004672515
427,4.2626576969999999,FIRST_CENTER_ENDPOINT,1,1,11.869587898254395,-4.0462675094604492,-0,0,11.734980583190918,-3.9089756011962891,0.021264978939315275,0.021689085295245821,0.021477032117280546,0,-0.021477032117280546,-0.00042410635593054594,0.31906875967979431,0.024543749168515205,0.0859375,-0.08203125,35,34,0,0,1,1,10.129012000000159,0.12901200000015933
428,4.2726542649999999,FIRST_CENTER_ENDPOINT,1,1,11.869587898254395,-4.0462675094604492,-0,0,11.73478889465332,-3.9089756011962891,0.021295261489063782,0.021689085295245821,0.021492173392154802,0,-0.021492173392154802,-0.00039382380618203927,-0.073631249368190765,-0.39269998669624329,0.0859375,-0.08203125,35,34,0,0,1,1,9.996568000000039,0.0034319999999610218
429,4.2826534949999999,FIRST_CENTER_ENDPOINT,1,1,11.869587898254395,-4.0462675094604492,-0,0,11.734597206115723,-3.9091675281524658,0.021325544038812285,0.021658765080634444,0.021492154559723364,0,-0.021492154559723364,-0.00033322104182215845,-0.36815625429153442,-0.39269998669624329,0.0859375,-0.0859375,35,34,0,0,1,1,9.9992300000000256,0.00076999999997440227
430,4.2926815280000001,FIRST_CENTER_ENDPOINT,1,1,11.869587898254395,-4.0462675094604492,-0,0,11.73478889465332,-3.9091675281524658,0.021295261489063782,0.021658765080634444,0.021477013284849113,0,-0.021477013284849113,-0.00036350359157066164,0,-0.19634999334812164,0.08203125,-0.08203125,35,34,0,0,1,1,10.028033000000214,0.028033000000213804
431,4.3026518190000003,FIRST_CENTER_ENDPOINT,1,1,11.869587898254395,-4.0462675094604492,-0,0,11.734980583190918,-3.9089756011962891,0.021264978939315275,0.021689085295245821,0.021477032117280546,0,-0.021477032117280546,-0.00042410635593054594,0.36815625429153442,-0.098174996674060822,0.0859375,-0.08203125,35,34,0,0,1,1,9.970291000000131,0.029708999999868979
432,4.3126514260000004,FIRST_CENTER_ENDPOINT,1,1,11.869587898254395,-4.0462675094604492,-0,0,11.73478889465332,-3.9091675281524658,0.021295261489063782,0.021658765080634444,0.021477013284849113,0,-0.021477013284849113,-0.00036350359157066164,0.073631249368190765,-0.39269998669624329,0.0859375,-0.0859375,35,34,0,0,1,1,9.9996070000001325,0.00039299999986752709
433,4.3226489219999999,FIRST_CENTER_ENDPOINT,1,1,11.869587898254395,-4.0462675094604492,-0,0,11.734597206115723,-3.9091675281524658,0.021325544038812285,0.021658765080634444,0.021492154559723364,0,-0.021492154559723364,-0.00033322104182215845,-0.36815625429153442,-0.34361249208450317,0.0859375,-0.0859375,35,34,0,0,1,1,9.9974959999995505,0.00250400000044948
434,4.3325658349999996,FIRST_CENTER_ENDPOINT,1,1,11.869587898254395,-4.0462675094604492,-0,0,11.734597206115723,-3.9089756011962891,0.021325544038812285,0.021689085295245821,0.021507314667029053,0,-0.021507314667029053,-0.00036354125643353608,-0.29452499747276306,0.12271875143051147,0.08984375,-0.0859375,35,34,0,0,1,1,9.9169129999996386,0.0830870000003614
435,4.34259197,FIRST_CENTER_ENDPOINT,1,1,11.869587898254395,-4.0462675094604492,-0,0,11.734597206115723,-3.9091675281524658,0.021325544038812285,0.021658765080634444,0.021492154559723364,0,-0.021492154559723364,-0.00033322104182215845,-0.19634999334812164,-0.39269998669624329,0.08984375,-0.07421875,35,34,0,0,1,1,10.02613500000038,0.02613500000038016
436,4.3525214270000001,FIRST_CENTER_ENDPOINT,1,1,11.869587898254395,-4.0462675094604492,-0,0,11.73478889465332,-3.9091675281524658,0.021295261489063782,0.021658765080634444,0.021477013284849113,0,-0.021477013284849113,-0.00036350359157066164,-0.024543749168515205,-0.29452499747276306,0.0859375,-0.0859375,35,34,0,0,1,1,9.9294570000001414,0.07054299999985858
437,4.3625236410000001,FIRST_CENTER_ENDPOINT,1,1,11.869587898254395,-4.0462675094604492,-0,0,11.73478889465332,-3.9091675281524658,0.021295261489063782,0.021658765080634444,0.021477013284849113,0,-0.021477013284849113,-0.00036350359157066164,0,-0.24543750286102295,0.08984375,-0.07421875,35,34,0,0,1,1,10.002214000000009,0.0022140000000092641
438,4.3725828269999996,FIRST_CENTER_ENDPOINT,1,1,11.869587898254395,-4.0462675094604492,-0,0,11.734597206115723,-3.9091675281524658,0.021325544038812285,0.021658765080634444,0.021492154559723364,0,-0.021492154559723364,-0.00033322104182215845,-0.36815625429153442,-0.26998123526573181,0.08203125,-0.0859375,35,34,0,0,1,1,10.059185999999443,0.059185999999442629
439,4.3826386399999997,FIRST_CENTER_ENDPOINT,1,1,11.869587898254395,-4.0462675094604492,-0,0,11.734597206115723,-3.9089756011962891,0.021325544038812285,0.021689085295245821,0.021507314667029053,0,-0.021507314667029053,-0.00036354125643353608,-0.24543750286102295,0,0.0859375,-0.08203125,35,34,0,0,1,1,10.055813000000136,0.05581300000013556
440,4.3926381819999998,FIRST_CENTER_ENDPOINT,1,1,11.869587898254395,-4.0462675094604492,-0,0,11.73478889465332,-3.9091675281524658,0.021295261489063782,0.021658765080634444,0.021477013284849113,0,-0.021477013284849113,-0.00036350359157066164,0,-0.36815625429153442,0.08984375,-0.0859375,35,34,0,0,1,1,9.9995420000000834,0.00045799999991658069
441,4.4026393979999998,FIRST_CENTER_ENDPOINT,1,1,11.869587898254395,-4.0462675094604492,-0,0,11.734597206115723,-3.9089756011962891,0.021325544038812285,0.021689085295245821,0.021507314667029053,0,-0.021507314667029053,-0.00036354125643353608,-0.31906875967979431,0.024543749168515205,0.08984375,-0.07421875,35,34,0,0,1,1,10.001216000000035,0.0012160000000349669
442,4.4126402669999996,FIRST_CENTER_ENDPOINT,1,1,11.869587898254395,-4.0462675094604492,-0,0,11.734597206115723,-3.9091675281524658,0.021325544038812285,0.021658765080634444,0.021492154559723364,0,-0.021492154559723364,-0.00033322104182215845,-0.24543750286102295,-0.24543750286102295,0.0859375,-0.08203125,35,34,0,0,1,1,10.000868999999746,0.00086899999974576758
443,4.4226380430000001,FIRST_CENTER_ENDPOINT,1,1,11.869587898254395,-4.0462675094604492,-0,0,11.73478889465332,-3.9091675281524658,0.021295261489063782,0.021658765080634444,0.021477013284849113,0,-0.021477013284849113,-0.00036350359157066164,-0.14726249873638153,-0.31906875967979431,0.0859375,-0.0859375,35,34,0,0,1,1,9.9977760000005134,0.0022239999994866366
444,4.4325172930000001,FIRST_CENTER_ENDPOINT,1,1,11.869587898254395,-4.0462675094604492,-0,0,11.734597206115723,-3.9091675281524658,0.021325544038812285,0.021658765080634444,0.021492154559723364,0,-0.021492154559723364,-0.00033322104182215845,-0.34361249208450317,-0.34361249208450317,0.08984375,-0.0859375,35,34,0,0,1,1,9.8792500000000061,0.12074999999999392
445,4.4425193800000002,FIRST_CENTER_ENDPOINT,1,1,11.869587898254395,-4.0462675094604492,-0,0,11.73478889465332,-3.9091675281524658,0.021295261489063782,0.021658765080634444,0.021477013284849113,0,-0.021477013284849113,-0.00036350359157066164,-0.049087498337030411,0.46633124351501465,0.08203125,-0.0859375,35,34,0,0,1,1,10.002087000000159,0.002087000000159378
446,4.4526309900000003,FIRST_CENTER_ENDPOINT,1,1,11.869587898254395,-4.0462675094604492,-0,0,11.73478889465332,-3.9091675281524658,0.021295261489063782,0.021658765080634444,0.021477013284849113,0,-0.021477013284849113,-0.00036350359157066164,-0.024543749168515205,-0.29452499747276306,0.08984375,-0.07421875,35,34,0,0,1,1,10.111610000000049,0.11161000000004861
447,4.4626263359999996,FIRST_CENTER_ENDPOINT,1,1,11.869587898254395,-4.0462675094604492,-0,0,11.734597206115723,-3.9091675281524658,0.021325544038812285,0.021658765080634444,0.021492154559723364,0,-0.021492154559723364,-0.00033322104182215845,-0.34361249208450317,-0.22089375555515289,0.08984375,-0.0859375,35,34,0,0,1,1,9.9953459999992944,0.0046540000007055937
448,4.4726214019999997,FIRST_CENTER_ENDPOINT,1,1,11.869587898254395,-4.0462675094604492,-0,0,11.73478889465332,-3.9089756011962891,0.021295261489063782,0.021689085295245821,0.021492173392154802,0,-0.021492173392154802,-0.00039382380618203927,0.049087498337030411,0,0.0859375,-0.0859375,35,34,0,0,1,1,9.9950660000001079,0.0049339999998920803
449,4.4825844220000004,FIRST_CENTER_ENDPOINT,1,1,11.869587898254395,-4.0462675094604492,-0,0,11.734597206115723,-3.9087839126586914,0.021325544038812285,0.021719367844994324,0.021522455941903305,0,-0.021522455941903305,-0.00039382380618203927,-0.39269998669624329,0.22089375555515289,0.0859375,-0.08203125,35,34,0,0,1,1,9.9630200000007108,0.036979999999289248
450,4.4925504480000003,MINUS_5_PROFILE,1,1,11.869587898254395,-4.0462675094604492,0,-0,11.734597206115723,-3.9089756011962891,0.021325544038812285,0.021689085295245821,0.021507314667029053,0,-0.021507314667029053,-0.00036354125643353608,-0.29452499747276306,-0.049087498337030411,0.0859375,-0.07421875,35,34,0,0,1,1,9.9660259999998502,0.033974000000149829
451,4.5025541640000002,MINUS_5_PROFILE,1,1,11.869753617264873,-4.0464332284709288,0.033143802095898151,-0.033143802095898151,11.73478889465332,-3.9091675281524658,0.021295261489063782,0.021658765080634444,0.021477013284849113,-2.6179938779914941e-05,-0.021503193223629029,-0.00036350359157066164,0,-0.39269998669624329,0.0859375,-0.0859375,35,34,0,0,1,1,10.00371599999994,0.0037159999999403226
452,4.5126057749999999,MINUS_5_PROFILE,1,1,11.870250774296313,-4.0469303855023675,0.066287604191796301,-0.066287604191796301,11.734597206115723,-3.9091675281524658,0.021325544038812285,0.021658765080634444,0.021492154559723364,-0.00010471975511965977,-0.021596874314843025,-0.00033322104182215845,-0.39269998669624329,-0.26998123526573181,0.0859375,-0.0859375,35,34,0,0,1,1,10.051610999999738,0.051610999999738283
453,4.5226216859999999,MINUS_5_PROFILE,1,1,11.87107936934871,-4.0477589805547645,0.099431406287694452,-0.099431406287694452,11.73478889465332,-3.9091675281524658,0.021295261489063782,0.021658765080634444,0.021477013284849113,-0.00023561944901923445,-0.021712632733868347,-0.00036350359157066164,-0.098174996674060822,-0.29452499747276306,0.08203125,-0.0859375,35,34,0,0,1,1,10.015910999999988,0.015910999999988462
454,4.5326047730000001,MINUS_5_PROFILE,1,1,11.872239402422066,-4.0489190136281215,0.1325752083835926,-0.1325752083835926,11.73478889465332,-3.9091675281524658,0.021295261489063782,0.021658765080634444,0.021477013284849113,-0.00041887902047863906,-0.021895892305327753,-0.00036350359157066164,-0.24543750286102295,-0.24543750286102295,0.0859375,-0.0859375,35,34,0,0,1,1,9.9830870000001681,0.016912999999831868
455,4.5426009929999998,MINUS_5_PROFILE,1,1,11.873730873516381,-4.0504104847224367,0.16571901047949075,-0.16571901047949075,11.73478889465332,-3.9095509052276611,0.021295261489063782,0.021598199981137437,0.02144673073510061,-0.00065449846949787362,-0.022101229204598484,-0.00030293849207365525,-0.26998123526573181,-0.39269998669624329,0.0859375,-0.0859375,35,34,0,0,1,1,9.996219999999667,0.0037800000003329615
456,4.5526157969999996,MINUS_5_PROFILE,1,1,11.875553782631656,-4.0522333938377111,0.1988628125753889,-0.1988628125753889,11.734980583190918,-3.9097425937652588,0.021264978939315275,0.021567917431388934,0.021416448185352106,-0.00094247779607693782,-0.022358925981429044,-0.00030293849207365872,0,-0.22089375555515289,0.08984375,-0.08984375,35,34,0,0,1,1,10.014803999999877,0.014803999999877249
457,4.562604028,MINUS_5_PROFILE,1,1,11.877708129767889,-4.0543877409739446,0.23200661467128711,-0.23200661467128711,11.735747337341309,-3.9101262092590332,0.021143848740321259,0.021507314667029053,0.021325581703675156,-0.0012828170002158325,-0.022608398703890989,-0.00036346592670779415,0.19634999334812164,-0.36815625429153442,0.1015625,-0.09375,35,34,0,0,1,1,9.9882310000003471,0.011768999999652863
458,4.5725969370000001,MINUS_5_PROFILE,1,1,11.880193914925082,-4.0568735261311364,0.2651504167671852,-0.2651504167671852,11.737090110778809,-3.9108932018280029,0.020931720232630246,0.021386146803172166,0.021158933517901206,-0.0016755160819145562,-0.022834449599815763,-0.00045442657054192009,0.17180624604225159,-0.22089375555515289,0.08984375,-0.08984375,35,34,0,0,1,1,9.9929090000001608,0.0070909999998391982
459,4.5826050909999996,MINUS_5_PROFILE,1,1,11.883011138103234,-4.0596907493092882,0.29829421886308338,-0.29829421886308338,11.738240242004395,-3.9122354984283447,0.02075002493413922,0.021174093625206895,0.020962059279673057,-0.00212057504117311,-0.023082634320846167,-0.00042406869106767497,-0.098174996674060822,-0.36815625429153442,0.10546875,-0.08984375,35,34,0,0,1,1,10.008153999999436,0.0081539999994362233
460,4.5925933670000001,MINUS_5_PROFILE,1,1,11.886159799302344,-4.0628394105083983,0.33143802095898151,-0.33143802095898151,11.740349769592285,-3.9143445491790771,0.02041676622745419,0.020840910248247604,0.020628838237850895,-0.0026179938779914945,-0.02324683211584239,-0.00042414402079341343,-0.024543749168515205,-0.39269998669624329,0.09375,-0.08984375,35,34,0,0,1,1,9.9882760000005177,0.01172399999948226
461,4.6026144469999997,MINUS_5_PROFILE,1,1,11.889639898522413,-4.0663195097284675,0.36458182305487968,-0.36458182305487968,11.743034362792969,-3.9170291423797607,0.019992659871523648,0.020416803892317061,0.020204731881920353,-0.0031677725923697081,-0.023372504474290061,-0.00042414402079341343,0,-0.6626812219619751,0.09375,-0.09375,35,34,0,0,1,1,10.021079999999571,0.021079999999571442
462,4.612590108,MINUS_5_PROFILE,1,1,11.893451435763442,-4.0701310469694958,0.39772562515077781,-0.39772562515077781,11.745909690856934,-3.919905424118042,0.019538421625296083,0.019962414986638012,0.019750418305967049,-0.0037699111843077513,-0.023520329490274799,-0.00042399336134192958,0.19634999334812164,-0.46633124351501465,0.1015625,-0.0859375,35,34,0,0,1,1,9.9756610000003576,0.024338999999642397
463,4.6226172730000004,MINUS_5_PROFILE,1,1,11.897594411025429,-4.0742740222314833,0.43086942724667598,-0.43086942724667598,11.748210906982422,-3.9223980903625488,0.01917488036886255,0.019568628845318844,0.019371754607090695,-0.0044244096538056258,-0.02379616426089632,-0.00039374847645629388,0.34361249208450317,-0.24543750286102295,0.1015625,-0.1015625,35,34,0,0,1,1,10.027165000000338,0.027165000000337614
464,4.632562912,MINUS_5_PROFILE,1,1,11.902068824308374,-4.078748435514429,0.46401322934257422,-0.46401322934257422,11.749937057495117,-3.924699068069458,0.018902186761674527,0.019205125253748182,0.019053656007711355,-0.0051312680008633298,-0.024184924008574686,-0.00030293849207365525,0.049087498337030411,0.14726249873638153,0.1015625,-0.09375,35,34,0,0,1,1,9.945638999999673,0.054361000000326953
465,4.6425881169999998,MINUS_5_PROFILE,1,1,11.906874675612279,-4.0835542868183348,0.49715703143847223,-0.49715703143847223,11.752237319946289,-3.9273834228515625,0.018538796164692475,0.018781056562680507,0.018659926363686491,-0.0058904862254808609,-0.024550412589167351,-0.00024226039798803251,0.073631249368190765,-0.44178751111030579,0.10546875,-0.10546875,35,34,0,0,1,1,10.025204999999815,0.025204999999814959
466,4.6525202639999996,MINUS_5_PROFILE,1,1,11.912011964937145,-4.0886915761431988,0.53030083353437041,-0.53030083353437041,11.753771781921387,-3.9291093349456787,0.018296385107252958,0.018508400620355359,0.018402392863804157,-0.006702064327658225,-0.025104457191462381,-0.00021201551310240027,0.12271875143051147,-0.14726249873638153,0.125,-0.1015625,35,34,0,0,1,1,9.9321469999997802,0.067853000000219765
467,4.6626188900000001,MINUS_5_PROFILE,1,1,11.917480692282968,-4.0941603034890219,0.56344463563026859,-0.56344463563026859,11.755305290222168,-3.9310266971588135,0.018054124709264922,0.018205499793144574,0.018129812251204747,-0.0075660023073954186,-0.025695814558600164,-0.00015137508387965196,0.29452499747276306,-0.29452499747276306,0.1171875,-0.1171875,35,34,0,0,1,1,10.098626000000444,0.098626000000443526
468,4.6726001129999997,MINUS_5_PROFILE,1,1,11.923280857649749,-4.0999604688558042,0.59658843772616676,-0.59658843772616676,11.75645637512207,-3.9323689937591553,0.017872278751322412,0.0179934466151793,0.017932862683250856,-0.0084823001646924402,-0.026415162847943298,-0.00012116786385688721,-0.098174996674060822,-0.024543749168515205,0.12109375,-0.109375,35,34,0,0,1,1,9.9812229999995949,0.018777000000405053
469,4.6826022979999999,MINUS_5_PROFILE,1,1,11.92941246103749,-4.1060920722435457,0.62973223982206483,-0.62973223982206483,11.757606506347656,-3.9339029788970947,0.01769058345283139,0.017751110887465525,0.017720847170148456,-0.0094509578995492938,-0.027171805069697748,-6.052743463413543e-05,-0.17180624604225159,-0.58904999494552612,0.1328125,-0.125,35,34,0,0,1,1,10.002185000000274,0.0021850000002743286
470,4.6926042739999998,MINUS_5_PROFILE,1,1,11.935875502446191,-4.1125551136522454,0.66287604191796301,-0.66287604191796301,11.759524345397949,-3.9352452754974365,0.01738760729589486,0.017539057709500254,0.017463332502697555,-0.010471975511965978,-0.027935308014663533,-0.00015145041360539388,0.36815625429153442,-0.12271875143051147,0.125,-0.12109375,35,34,0,0,1,1,10.001975999999857,0.001975999999856981
471,4.7025982529999997,MINUS_5_PROFILE,1,1,11.94266998187585,-4.1193495930819051,0.69601984401386119,-0.69601984401386119,11.761825561523438,-3.9383132457733154,0.017024066039461327,0.017054386254072702,0.017039226146767013,-0.011545353001942487,-0.028584579148709502,-3.0320214611374158e-05,0.17180624604225159,-0.39269998669624329,0.125,-0.12109375,35,34,0,0,1,1,9.9939789999998752,0.0060210000001248432
472,4.7125834089999996,MINUS_5_PROFILE,1,1,11.949795899326467,-4.126475510532523,0.72916364610975937,-0.72916364610975937,11.767193794250488,-3.9425315856933594,0.016176003987051723,0.016387981835291252,0.016281992911171488,-0.012671090369478832,-0.02895308328065032,-0.00021197784823952931,0.36815625429153442,-0.51541876792907715,0.125,-0.1171875,35,34,0,0,1,1,9.9851559999999395,0.014844000000060475
473,4.7226008090000002,MINUS_5_PROFILE,1,1,11.957253254798045,-4.1339328660041001,0.76230744820565743,-0.76230744820565743,11.773138046264648,-3.9475171566009521,0.015236943625945125,0.015600371887790046,0.015418657756867585,-0.013849187614575004,-0.029267845371442589,-0.00036342826184492145,0.073631249368190765,-0.58904999494552612,0.125,-0.12109375,35,34,0,0,1,1,10.01740000000062,0.017400000000620253
474,4.7325880659999999,MINUS_5_PROFILE,1,1,11.965042048290581,-4.1417216594966355,0.79545125030155561,-0.79545125030155561,11.776973724365234,-3.9528861045837402,0.014630991312072071,0.014752196840791831,0.01469159407643195,-0.015079644737231005,-0.029771238813662955,-0.00012120552871975991,-0.024543749168515205,-1.006293773651123,0.13671875,-0.125,35,34,0,0,1,1,9.9872569999996941,0.012743000000305926
475,4.7425283050000004,MINUS_5_PROFILE,1,1,11.973162279804077,-4.1498418910101309,0.82859505239745379,-0.82859505239745379,11.782341957092285,-3.9599807262420654,0.013782929259662468,0.013631403516331334,0.013707166387996902,-0.016362461737446838,-0.03006962812544374,0.00015152574333113407,0.80994373559951782,-0.95720624923706055,0.125,-0.10546875,35,34,0,0,1,1,9.940239000000517,0.059760999999483033
476,4.752536009,MINUS_5_PROFILE,1,1,11.981613949338531,-4.1582935605445854,0.86173885449335197,-0.86173885449335197,11.790970802307129,-3.9703350067138672,0.012419762542625326,0.011995656186694782,0.012207709364660053,-0.017697638615222503,-0.029905347979882556,0.0004241063559305442,0.85903126001358032,-1.1290124654769897,0.1015625,-0.09375,35,34,0,0,1,1,10.007703999999507,0.00770399999950655
477,4.7625781390000004,MINUS_5_PROFILE,1,1,11.990397056893944,-4.1670766680999982,0.89488265658925015,-0.89488265658925015,11.800558090209961,-3.9780049324035645,0.010905183076845661,0.010783977548125902,0.010844580312485782,-0.019085175370557997,-0.029929755683043777,0.00012120552871975818,0.44178751111030579,-0.7117687463760376,0.125,-0.109375,35,34,0,0,1,1,10.042130000000427,0.042130000000426548
478,4.7725750769999999,MINUS_5_PROFILE,1,1,11.999511602470315,-4.1761912136763701,0.92802645868514844,-0.92802645868514844,11.80573558807373,-3.9862501621246338,0.010087252914733079,0.0094814135954486376,0.0097843332550908574,-0.020525072003453319,-0.030309405258544177,0.00060583931928444128,0.6626812219619751,-1.153556227684021,0.1328125,-0.10546875,35,34,0,0,1,1,9.9969379999995667,0.0030620000004333292
479,4.782588037,MINUS_5_PROFILE,1,1,12.008957586067647,-4.1856371972737012,0.96117026078104639,-0.96117026078104639,11.814364433288574,-3.9977550506591797,0.008724086197695935,0.0076638956375953181,0.0081939909176456261,-0.022017328513908464,-0.030211319431554091,0.0010601905601006168,0.9326624870300293,-1.3744499683380127,0.10546875,-0.1015625,35,34,0,0,1,1,10.012960000000071,0.012960000000070693
480,4.7925200449999998,MINUS_5_PROFILE,1,1,12.018735007685937,-4.1954146188919905,0.99431406287694446,-0.99431406287694446,11.831621170043945,-4.0067672729492188,0.0059979034230731336,0.0062401638210611669,0.0061190336220671507,-0.023561944901923444,-0.029680978523990594,-0.00024226039798803337,1.7916938066482544,-1.153556227684021,0.0703125,-0.109375,35,34,0,0,1,1,9.9320079999998256,0.067992000000174357
481,4.8025786290000001,MINUS_5_PROFILE,1,1,12.028843867325184,-4.2055234785312399,1.0274578649728427,-1.0274578649728427,11.847920417785645,-4.0182719230651855,0.0034229827377413678,0.0044226835280707184,0.0039228331329060426,-0.025158921167498256,-0.0290817543004043,-0.00099970079032935064,1.2762750387191772,-1.251731276512146,0.07421875,-0.08984375,35,34,0,0,1,1,10.058584000000259,0.058584000000259095
482,4.8125231900000003,MINUS_5_PROFILE,1,1,12.039284164985393,-4.2159637761914475,1.0606016670687408,-1.0606016670687408,11.858657836914062,-4.0297770500183105,0.0017267079734706785,0.0026051279053545275,0.0021659179394126031,-0.0268082573106329,-0.028974175250045503,-0.00087841993188384902,0.83448749780654907,-1.006293773651123,0.1171875,-0.10546875,35,34,0,0,1,1,9.9445610000001849,0.055438999999815053
483,4.8225316039999999,MINUS_5_PROFILE,1,1,12.05005590066656,-4.2267355118726151,1.0937454691646391,-1.0937454691646391,11.869396209716797,-4.0420489311218262,3.0282549748504178e-05,0.0006664420836443195,0.00034836231669641183,-0.028509953331327373,-0.028858315648023786,-0.00063615953389581533,0.68722498416900635,-1.251731276512146,0.09375,-0.0859375,35,34,0,0,1,1,10.008413999999632,0.0084139999996324377
484,4.8325161339999996,MINUS_5_PROFILE,1,1,12.06108542147514,-4.2377650326811942,1.1047934031966051,-1.1047934031966051,11.880133628845215,-4.0560464859008789,-0.001665992214522185,-0.0015448620155281683,-0.0016054271150251766,-0.030252373701235048,-0.028646946586209872,-0.00012113019899401669,0.85903126001358032,-1.5217125415802002,0.1171875,-0.09375,35,34,0,0,1,1,9.9845299999996584,0.015470000000341599
485,4.8425161489999997,MINUS_5_PROFILE,1,1,12.072133355507106,-4.2488129667131602,1.1047934031966051,-1.1047934031966051,11.892597198486328,-4.0694689750671387,-0.0036349605859808971,-0.0036653184654551439,-0.0036501395257180205,-0.03199770295322938,-0.028347563427511359,3.0357879474246854e-05,1.6935187578201294,-1.3253624439239502,0.0859375,-0.08203125,35,34,0,0,1,1,10.00001500000014,1.5000000139764325e-05
486,4.8525883150000002,MINUS_5_PROFILE,1,1,12.083181289539072,-4.2598609007451262,1.1047934031966051,-1.1047934031966051,11.907745361328125,-4.0825076103210449,-0.0060280353133701529,-0.0057251344861593677,-0.0058765848997647599,-0.033743032205223698,-0.027866447305458938,-0.00030290082721078516,1.2271875143051147,-1.6198874711990356,0.1015625,-0.08984375,35,34,0,0,1,1,10.072166000000493,0.072166000000493113
487,4.8625820959999997,MINUS_5_PROFILE,1,1,12.094229223571038,-4.2709088347770923,1.1047934031966051,-1.1047934031966051,11.920783996582031,-4.0978474617004395,-0.0080878513340743776,-0.0081484917632971277,-0.0081181715486857535,-0.03548836145721803,-0.027370189908532277,6.064042922275005e-05,1.1780999898910522,-1.6689749956130981,0.0859375,-0.0703125,35,34,0,0,1,1,9.9937809999994798,0.0062190000005202251
488,4.8725786800000002,MINUS_5_PROFILE,1,1,12.105277157603004,-4.2819567688090583,1.1047934031966051,-1.1047934031966051,11.930179595947266,-4.1093525886535645,-0.0095721482501055378,-0.009966047386013319,-0.0097690978180594284,-0.037233690709212362,-0.027464592891152932,0.00039389913590778119,0.56450623273849487,-1.2026437520980835,0.125,-0.1015625,35,34,0,0,1,1,9.9965840000004746,0.0034159999995253543
489,4.8825852750000003,MINUS_5_PROFILE,1,1,12.11632509163497,-4.2930047028410243,1.1047934031966051,-1.1047934031966051,11.939767837524414,-4.1233501434326172,-0.011086878375336687,-0.012177351485185808,-0.011632114930261247,-0.038979019961206694,-0.027346905030945445,0.0010904731098491209,1.153556227684021,-1.3008188009262085,0.10546875,-0.07421875,35,34,0,0,1,1,10.006595000000118,0.0065950000001180342
490,4.8925774070000001,MINUS_5_PROFILE,1,1,12.127373025666936,-4.3040526368729903,1.1047934031966051,-1.1047934031966051,11.956832885742188,-4.1346631050109863,-0.013782778600210984,-0.01396454922842775,-0.013873663914319368,-0.040724349213201019,-0.026850685298881651,0.0001817706282167663,1.3253624439239502,-1.4971687793731689,0.06640625,-0.08984375,35,34,0,0,1,1,9.9921319999998204,0.0078680000001796202
491,4.9025771330000003,MINUS_5_PROFILE,1,1,12.138420959698902,-4.3151005709049564,1.1047934031966051,-1.1047934031966051,11.973515510559082,-4.1494278907775879,-0.016418264385039759,-0.016297058856319997,-0.016357661620679878,-0.042469678465195351,-0.026112016844515473,-0.00012120552871976165,1.251731276512146,-1.7671500444412231,0.06640625,-0.07421875,35,34,0,0,1,1,9.9997260000002086,0.00027399999979138556
492,4.9125884339999999,MINUS_5_PROFILE,1,1,12.149468893730868,-4.3261485049369224,1.1047934031966051,-1.1047934031966051,11.986170768737793,-4.1609325408935547,-0.018417515306246975,-0.018114539149310448,-0.01826602722777871,-0.044215007717189676,-0.025948980489410967,-0.00030297615693652621,1.1780999898910522,-1.1780999898910522,0.0859375,-0.08203125,35,34,0,0,1,1,10.011300999999584,0.011300999999583894
493,4.922591261,MINUS_5_PROFILE,1,1,12.160516827762834,-4.3371964389688884,1.1047934031966051,-1.1047934031966051,12.003619194030762,-4.1753139495849609,-0.021173980630618278,-0.020386483677705687,-0.020780232154161984,-0.045960336969184008,-0.025180104815022024,-0.00078749695291259122,1.7180625200271606,-1.4726250171661377,0.06640625,-0.07421875,35,34,0,0,1,1,10.002827000000103,0.0028270000001029416
494,4.9325771810000001,MINUS_5_PROFILE,1,1,12.1715647617948,-4.3482443730008544,1.1047934031966051,-1.1047934031966051,12.020876884460449,-4.1904616355895996,-0.023900314064692566,-0.0227794830753692,-0.023339898570030881,-0.047705666221178333,-0.024365767651147452,-0.001120830989323366,1.9144124984741211,-2.1353063583374023,0.05859375,-0.05078125,35,34,0,0,1,1,9.9859200000000925,0.0140799999999075
495,4.9425744429999998,MINUS_5_PROFILE,1,1,12.182612695826766,-4.3592923070328204,1.1047934031966051,-1.1047934031966051,12.031039237976074,-4.2090611457824707,-0.025505741179717743,-0.025717794357683014,-0.025611767768700378,-0.049450995473172665,-0.023839227704472287,0.00021205317796527123,0.56450623273849487,-2.1107625961303711,0.109375,-0.0546875,35,34,0,0,1,1,9.9972619999997292,0.0027380000002708016
496,4.9525803149999996,MINUS_5_PROFILE,1,1,12.193660629858732,-4.3703402410647865,1.1047934031966051,-1.1047934031966051,12.044270515441895,-4.2278528213500977,-0.027595990409621955,-0.028686463519471076,-0.028141226964546517,-0.051196324725166997,-0.02305509776062048,0.0010904731098491209,1.4480812549591064,-2.1843936443328857,0.0703125,-0.0390625,35,34,0,0,1,1,10.005871999999805,0.0058719999998047001
497,4.962580387,MINUS_5_PROFILE,1,1,12.204708563890698,-4.3813881750967525,1.1047934031966051,-1.1047934031966051,12.058267593383789,-4.2458767890930176,-0.0298072191790687,-0.031533851822813638,-0.030670535500941169,-0.052941653977161329,-0.02227111847622016,0.0017266326437449381,1.1290124654769897,-2.503462553024292,0.07421875,-0.02734375,35,34,0,0,1,1,10.000072000000415,7.2000000415073373e-05
498,4.9725401419999997,MINUS_5_PROFILE,1,1,12.215756497922664,-4.3924361091287185,1.1047934031966051,-1.1047934031966051,12.074182510375977,-4.2623672485351562,-0.032321424105451975,-0.034138979728168165,-0.033230201916810073,-0.054686983229155647,-0.021456781312345574,0.0018175556227161896,1.3499062061309814,-1.9144124984741211,0.05078125,-0.05078125,35,34,0,0,1,1,9.9597549999996815,0.040245000000318498
499,4.982522823,MINUS_5_PROFILE,1,1,12.22680443195463,-4.4034840431606845,1.1047934031966051,-1.1047934031966051,12.086454391479492,-4.2788577079772949,-0.034260109927162184,-0.036744107633522691,-0.035502108780342434,-0.056432312481149979,-0.020930203700807545,0.0024839977063605065,1.3008188009262085,-1.6198874711990356,0.0703125,-0.05078125,35,34,0,0,1,1,9.9826810000003263,0.017318999999673679
500,4.9925703380000002,MINUS_5_PROFILE,1,1,12.237852365986596,-4.4145319771926506,1.1047934031966051,-1.1047934031966051,12.102177619934082,-4.2901706695556641,-0.036744032303796949,-0.038531305376764635,-0.037637668840280789,-0.058177641733144311,-0.020539972892863523,0.0017872730729676864,1.0308375358581543,-1.4235374927520752,0.06640625,-0.05078125,35,34,0,0,1,1,10.047515000000118,0.04751500000011788
501,5.002578228,MINUS_5_PROFILE,1,1,12.248734581008083,-4.4254141922141379,1.0716496011007068,-1.0716496011007068,12.113874435424805,-4.3045520782470703,-0.038591870476261642,-0.040803249905159877,-0.039697560190710759,-0.059896791046358727,-0.020199230855647968,0.0022113794288982358,1.6444312334060669,-0.95720624923706055,0.05859375,-0.05859375,35,34,0,0,1,1,10.007889999999797,0.0078899999997972259
502,5.0125772670000002,MINUS_5_PROFILE,1,1,12.25928535800861,-4.4359649692146652,1.038505799004809,-1.038505799004809,12.129597663879395,-4.3160567283630371,-0.041075792852896413,-0.042620730198150325,-0.041848261525523373,-0.061563580482013311,-0.019715318956489938,0.001544937345253912,1.3744499683380127,-1.251731276512146,0.06640625,-0.04296875,35,34,0,0,1,1,9.9990390000002094,0.00096099999979060158
503,5.0226009940000003,MINUS_5_PROFILE,1,1,12.269504696988179,-4.4461843081942334,1.0053619969089107,-1.0053619969089107,12.141677856445312,-4.3275618553161621,-0.042984196124858119,-0.044438285820866515,-0.043711240972862317,-0.063178010040108062,-0.019466769067245746,0.0014540896960083954,1.3989937305450439,-0.83448749780654907,0.05859375,-0.08203125,35,34,0,0,1,1,10.023727000000093,0.023727000000093312
504,5.0325229790000003,MINUS_5_PROFILE,1,1,12.279392597946789,-4.4560722091528433,0.97221819481301253,-0.97221819481301253,12.153566360473633,-4.3344645500183105,-0.044862316847071315,-0.045528758930715632,-0.045195537888893474,-0.064740079720642996,-0.019544541831749522,0.0006664420836443169,0.58904999494552612,-1.0308375358581543,0.08203125,-0.07421875,35,34,0,0,1,1,9.9219850000000775,0.078014999999922452
505,5.0426327239999997,MINUS_5_PROFILE,1,1,12.288949060884439,-4.4656286720904941,0.93907439271711424,-0.93907439271711424,12.162003517150879,-4.3452024459838867,-0.046195201014359956,-0.047225109024712067,-0.046710155019536015,-0.066249789523618097,-0.019539634504082082,0.001029908010352111,0.7117687463760376,-1.2762750387191772,0.0703125,-0.05859375,35,34,0,0,1,1,10.109744999999393,0.10974499999939269
506,5.0526985699999996,MINUS_5_PROFILE,1,1,12.298174085801131,-4.4748536970071857,0.90593059062121606,-0.90593059062121606,12.17676830291748,-4.3536396026611328,-0.048527710642252204,-0.048557993192000708,-0.048542851917126456,-0.067707139449033366,-0.019164287531906909,3.0282549748503196e-05,1.251731276512146,-0.83448749780654907,0.05078125,-0.07421875,35,34,0,0,1,1,10.065845999999823,0.06584599999982288
507,5.062623372,MINUS_5_PROFILE,1,1,12.307067672696864,-4.4837472839029182,0.87278678852531788,-0.87278678852531788,12.188656806945801,-4.3622679710388184,-0.0504058313644654,-0.04992108457931211,-0.050163457971888759,-0.069112129496888802,-0.018948671525000044,-0.00048474678515329078,0.9326624870300293,-1.0553812980651855,0.0546875,-0.05859375,35,34,0,0,1,1,9.9248020000004544,0.075197999999545573
508,5.0726371429999997,MINUS_5_PROFILE,1,1,12.315629821571637,-4.4923094327776916,0.83964298642942004,-0.83964298642942004,12.198052406311035,-4.3749232292175293,-0.051890128280496564,-0.051920335500519325,-0.051905231890507941,-0.070464759667184379,-0.018559527776676438,3.0207220022761272e-05,0.63813751935958862,-1.2271875143051147,0.0703125,-0.05078125,35,34,0,0,1,1,10.013770999999672,0.013770999999671574
509,5.0826388140000001,MINUS_5_PROFILE,1,1,12.323860532425451,-4.5005401436315067,0.80649918433352186,-0.80649918433352186,12.204188346862793,-4.384127140045166,-0.052859471191351669,-0.053374349866801979,-0.053116910529076827,-0.071765029959920165,-0.018648119430843338,0.00051487867545031013,0.51541876792907715,-0.83448749780654907,0.0859375,-0.06640625,35,34,0,0,1,1,10.001671000000378,0.0016710000003783421
510,5.0926156049999998,MINUS_5_PROFILE,1,1,12.331759805258308,-4.5084394164643626,0.77335538223762368,-0.77335538223762368,12.209939956665039,-4.3973579406738281,-0.053768098343258276,-0.055464523766980453,-0.054616311055119368,-0.073012940375096105,-0.018396629319976737,0.0016964254237221768,0.44178751111030579,-1.6444312334060669,0.08203125,-0.02734375,35,34,0,0,1,1,9.9767909999997073,0.02320900000029269
511,5.1026142879999998,MINUS_5_PROFILE,1,1,12.339327640070204,-4.5160072512762595,0.7402115801417255,-0.7402115801417255,12.220486640930176,-4.4084792137145996,-0.055434241217231943,-0.057221438960473887,-0.056327840088852915,-0.074208490912712227,-0.017880650823859312,0.0017871977432419445,0.7117687463760376,-0.7608562707901001,0.05078125,-0.04296875,35,34,0,0,1,1,9.9986830000000637,0.0013169999999362858
512,5.112623578,MINUS_5_PROFILE,1,1,12.346564036861142,-4.5232436480671971,0.70706777804582743,-0.70706777804582743,12.227581024169922,-4.419792652130127,-0.05655499687682957,-0.059008712033441574,-0.057781854455135576,-0.075351681572768517,-0.017569827117632941,0.0024537151566120033,0.68722498416900635,-1.3499062061309814,0.08203125,-0.03515625,35,34,0,0,1,1,10.009290000000171,0.0092900000001705507
513,5.1226165640000003,MINUS_5_PROFILE,1,1,12.35346899563112,-4.5301486068371757,0.67392397594992925,-0.67392397594992925,12.238894462585449,-4.4284210205078125,-0.058342269949797257,-0.060371803420752976,-0.059357036685275116,-0.076442512355264974,-0.017085475669989858,0.0020295334709557189,1.5462563037872314,-0.88357502222061157,0.0390625,-0.05078125,35,34,0,0,1,1,9.9929860000003146,0.0070139999996854385
514,5.132638794,MINUS_5_PROFILE,1,1,12.36004251638014,-4.5367221275861951,0.64078017385403097,-0.64078017385403097,12.250399589538574,-4.4376249313354492,-0.060159825572513446,-0.061825817787035636,-0.060992821679774545,-0.0774809832602016,-0.016488161580427055,0.0016659922145221898,0.41724374890327454,-1.0799249410629272,0.0546875,-0.03515625,35,34,0,0,1,1,10.022229999999688,0.022229999999687777
515,5.1426321760000002,MINUS_5_PROFILE,1,1,12.366284599108202,-4.5429642103142562,0.60763637175813279,-0.60763637175813279,12.256918907165527,-4.4470205307006836,-0.061189733582865558,-0.0633101147030668,-0.062249924142966179,-0.078467094287578393,-0.016217170144612214,0.0021203811202012424,0.4908750057220459,-0.7608562707901001,0.05859375,-0.04296875,35,34,0,0,1,1,9.9933820000002171,0.0066179999997828531
516,5.1526476800000003,MINUS_5_PROFILE,1,1,12.372195243815304,-4.5488748550213582,0.57449256966223472,-0.57449256966223472,12.267464637756348,-4.4521980285644531,-0.06285572579738774,-0.064128044865179382,-0.063491885331283554,-0.079400845437395368,-0.015908960106111814,0.0012723190677916413,1.0799249410629272,-0.31906875967979431,0.04296875,-0.05078125,35,34,0,0,1,1,10.015504000000064,0.015504000000063911
517,5.1626389049999997,MINUS_5_PROFILE,1,1,12.377774450501446,-4.5544540617075011,0.54134876756633654,-0.54134876756633654,12.274367332458496,-4.4575667381286621,-0.063946198907236865,-0.064976182247314718,-0.064461190577275784,-0.080282236709652496,-0.015821046132376712,0.001029983340077853,0.41724374890327454,-0.44178751111030579,0.06640625,-0.05078125,35,34,0,0,1,1,9.9912249999993819,0.0087750000006181494
518,5.172632804,MINUS_5_PROFILE,1,1,12.38302221916663,-4.5597018303726848,0.50820496547043825,-0.50820496547043825,12.278586387634277,-4.4627442359924316,-0.06461271632060693,-0.065794112409427299,-0.065203414365017115,-0.081111268104349807,-0.015907853739332692,0.001181396088820369,0.7117687463760376,-0.7608562707901001,0.0703125,-0.05859375,35,34,0,0,1,1,9.9938990000003614,0.0061009999996386455
519,5.1826147379999998,MINUS_5_PROFILE,1,1,12.387938549810855,-4.5646181610169094,0.47506116337454007,-0.47506116337454007,12.284147262573242,-4.4686880111694336,-0.065491211582216519,-0.066733097440808159,-0.066112154511512339,-0.081887939621487285,-0.015775785109974946,0.0012418858585916404,0.7117687463760376,-0.83448749780654907,0.05859375,-0.05078125,35,34,0,0,1,1,9.9819339999998036,0.018066000000196425
520,5.1926509530000002,MINUS_5_PROFILE,1,1,12.39252344243412,-4.5692030536401758,0.4419173612786419,-0.4419173612786419,12.292583465576172,-4.4729065895080566,-0.066823945090053669,-0.067399539524452476,-0.067111742307253072,-0.082612251261064931,-0.015500508953811859,0.00057559443439880731,0.80994373559951782,-0.17180624604225159,0.0390625,-0.06640625,35,34,0,0,1,1,10.036215000000404,0.036215000000403563
521,5.2026257769999997,MINUS_5_PROFILE,1,1,12.396776897036428,-4.573456508242483,0.40877355918274411,-0.40877355918274411,12.299870491027832,-4.4757828712463379,-0.067975133958851283,-0.067853928430131535,-0.067914531194491409,-0.083284203023082745,-0.015369671828591336,-0.00012120552871974777,0.049087498337030411,-0.51541876792907715,0.04296875,-0.06640625,35,34,0,0,1,1,9.9748239999994937,0.025176000000506349
522,5.212617013,MINUS_5_PROFILE,1,1,12.400698913617775,-4.5773785248238301,0.37562975708684593,-0.37562975708684593,12.302746772766113,-4.4784674644470215,-0.068429522864530329,-0.068278034786062078,-0.068353778825296196,-0.083903794907540727,-0.01555001608224453,-0.00015148807846825096,-0.024543749168515205,-0.7117687463760376,0.06640625,-0.05859375,35,34,0,0,1,1,9.991236000000292,0.0087639999997080054
523,5.2226158959999998,MINUS_5_PROFILE,1,1,12.404289492178165,-4.5809691033842199,0.34248595499094775,-0.34248595499094775,12.305431365966797,-4.4809598922729492,-0.068853629220460885,-0.068671783262518368,-0.068762706241489627,-0.08447102691443889,-0.015708320672949264,-0.0001818459579425169,0.14726249873638153,-0.36815625429153442,0.06640625,-0.05859375,35,34,0,0,1,1,9.9988829999997364,0.0011170000002636016
524,5.232567177,MINUS_5_PROFILE,1,1,12.407548632717594,-4.5842282439236497,0.30934215289504957,-0.30934215289504957,12.309457778930664,-4.4846034049987793,-0.06948971342463095,-0.069247377696917176,-0.06936854556077407,-0.084985899043777208,-0.015617353483003138,-0.00024233572771377443,0.4908750057220459,-0.29452499747276306,0.05859375,-0.05859375,35,34,0,0,1,1,9.9512810000002005,0.048718999999799451
525,5.2426524089999997,MINUS_5_PROFILE,1,1,12.410476335236066,-4.5871559464421203,0.27619835079915134,-0.27619835079915134,12.314826965332031,-4.4901638031005859,-0.070337926136492035,-0.070125797628801029,-0.070231861882646532,-0.085448411295555707,-0.015216549412909175,-0.00021212850769100622,0.53996247053146362,-0.90811872482299805,0.04296875,-0.04296875,35,34,0,0,1,1,10.085231999999777,0.085231999999777486
526,5.252622916,MINUS_5_PROFILE,1,1,12.413072599733578,-4.5897522109396327,0.24305454870325321,-0.24305454870325321,12.319045066833496,-4.4959163665771484,-0.071004292890410617,-0.07103457544015912,-0.071019434165284862,-0.085858563669774374,-0.014839129504489512,3.0282549748503196e-05,0.17180624604225159,-0.53996247053146362,0.05859375,-0.04296875,35,34,0,0,1,1,9.9705070000002394,0.029492999999760627
527,5.2626626009999997,MINUS_5_PROFILE,1,1,12.415337426210131,-4.5920170374161859,0.20991074660735501,-0.20991074660735501,12.321537971496582,-4.4993677139282227,-0.071398116696592656,-0.071579811995083675,-0.071488964345838166,-0.086216356166433222,-0.014727391820595057,0.00018169529849101917,0.39269998669624329,-0.098174996674060822,0.06640625,-0.0546875,35,34,0,0,1,1,10.039684999999743,0.039684999999742843
528,5.2726644189999998,MINUS_5_PROFILE,1,1,12.417270814665725,-4.59395042587178,0.17676694451145686,-0.17676694451145686,12.323071479797363,-4.5030112266540527,-0.071640377094580696,-0.072155406429482483,-0.071897891762031596,-0.086521788785532225,-0.014623897023500629,0.00051502933490178704,0.31906875967979431,-0.56450623273849487,0.05859375,-0.04296875,35,34,0,0,1,1,10.001818000000107,0.0018180000001066787
529,5.2826260380000001,MINUS_5_PROFILE,1,1,12.41887276510036,-4.595552376306415,0.14362314241555868,-0.14362314241555868,12.324797630310059,-4.505887508392334,-0.071913070701768708,-0.072609795335161542,-0.072261433018465132,-0.086774861527071409,-0.014513428508606277,0.00069672463339283397,0,-0.41724374890327454,0.05859375,-0.0390625,35,34,0,0,1,1,9.9616190000002547,0.038380999999745313
530,5.2926643310000001,MINUS_5_PROFILE,1,1,12.420143277514036,-4.5968228887200908,0.11047934031966047,-0.11047934031966047,12.326907157897949,-4.5099139213562012,-0.072246329408453741,-0.073245879539331607,-0.072746104473892681,-0.086975574391050747,-0.014229469917158066,0.00099955013087786593,0.61359375715255737,-0.68722498416900635,0.0546875,-0.03515625,35,34,0,0,1,1,10.038293000000031,0.038293000000031441
531,5.3026633309999998,MINUS_5_PROFILE,1,1,12.421082351906753,-4.5977619631128075,0.07733553822376231,-0.07733553822376231,12.329015731811523,-4.5139408111572266,-0.07257943745568729,-0.073882039073227421,-0.073230738264457362,-0.087123927377470267,-0.013893189113012905,0.0013026016175401306,0.22089375555515289,-0.73631250858306885,0.04296875,-0.02734375,35,34,0,0,1,1,9.9989999999996471,0.0010000000003529408
532,5.312621043,MINUS_5_PROFILE,1,1,12.421689988278512,-4.5983695994845659,0.044191736127864117,-0.044191736127864117,12.331700325012207,-4.517967700958252,-0.073003543811617833,-0.074518198607123234,-0.073760871209370527,-0.087219920486329955,-0.013459049276959428,0.0015146547955054018,0.17180624604225159,-0.53996247053146362,0.04296875,-0.02734375,35,34,0,0,1,1,9.957712000000285,0.042287999999714998
533,5.3226231000000004,MINUS_5_PROFILE,1,1,12.421966186629311,-4.5986457978353652,0.011047934031965937,-0.011047934031965937,12.333809852600098,-4.5198850631713867,-0.073336802518302865,-0.074821099434334029,-0.074078950976318447,-0.08726355371762981,-0.013184602741311363,0.0014842969160311636,-0.17180624604225159,-0.36815625429153442,0.04296875,-0.0390625,35,34,0,0,1,1,10.002057000000342,0.0020570000003417022
534,5.3326886279999997,MINUS_5_PROFILE,1,1,12.421984599852697,-4.5986642110587521,0,-0,12.336302757263184,-4.5214190483093262,-0.073730626324484905,-0.075063435162047804,-0.074397030743266354,-0.087266462599716474,-0.01286943185645012,0.0013328088375628988,-0.14726249873638153,-0.39269998669624329,0.04296875,-0.0390625,35,34,0,0,1,1,10.065527999999269,0.065527999999268616
535,5.3426281879999999,MINUS_5_ENDPOINT,1,1,12.421984599852697,-4.5986642110587521,-0,0,12.340520858764648,-4.5237197875976562,-0.074396993078403487,-0.075426901088755591,-0.074911947083579539,-0.087266462599716474,-0.012354515516136935,0.0010299080103521041,0.36815625429153442,-0.53996247053146362,0.0234375,-0.0390625,35,34,0,0,1,1,9.9395600000002915,0.060439999999708505
536,5.3525212780000002,MINUS_5_ENDPOINT,1,1,12.421984599852697,-4.5986642110587521,-0,0,12.344355583190918,-4.5256376266479492,-0.075002794732825048,-0.07572987724569212,-0.075366335989258584,-0.087266462599716474,-0.01190012661045789,0.00072708251286707215,0.17180624604225159,-0.4908750057220459,0.03515625,-0.0234375,35,34,0,0,1,1,9.8930900000002708,0.10690999999972917
537,5.3626472500000002,MINUS_5_ENDPOINT,1,1,12.421984599852697,-4.5986642110587521,-0,0,12.346656799316406,-4.5277466773986816,-0.075366335989258584,-0.076063060622651404,-0.075714698305954994,-0.087266462599716474,-0.01155176429376148,0.00069672463339282009,-0.17180624604225159,-0.12271875143051147,0.04296875,-0.02734375,35,34,0,0,1,1,10.125971999999983,0.1259719999999831
538,5.3726274390000004,MINUS_5_ENDPOINT,1,1,12.421984599852697,-4.5986642110587521,-0,0,12.348766326904297,-4.5298557281494141,-0.075699594695943617,-0.076396243999610702,-0.07604791934777716,-0.087266462599716474,-0.011218543251939314,0.00069664930366708511,-0.24543750286102295,0.049087498337030411,0.0390625,-0.0234375,35,34,0,0,1,1,9.9801890000001947,0.01981099999980529
539,5.3826200589999997,MINUS_5_ENDPOINT,1,1,12.421984599852697,-4.5986642110587521,-0,0,12.350491523742676,-4.532923698425293,-0.075972137643680146,-0.076880915455038251,-0.076426526549359192,-0.087266462599716474,-0.010839936050357282,0.0009087778113581052,0.049087498337030411,-0.22089375555515289,0.04296875,-0.01953125,35,34,0,0,1,1,9.9926199999993415,0.0073800000006585265
540,5.3926291270000002,MINUS_5_ENDPOINT,1,1,12.421984599852697,-4.5986642110587521,-0,0,12.352792739868164,-4.536567211151123,-0.076335678900113682,-0.077456509889437059,-0.076896094394775377,-0.087266462599716474,-0.010370368204941097,0.0011208309893233764,0.12271875143051147,-1.0799249410629272,0.01953125,-0.01953125,35,34,0,0,1,1,10.009068000000454,0.0090680000004539352
541,5.4026129999999997,MINUS_5_ENDPOINT,1,1,12.421984599852697,-4.5986642110587521,-0,0,12.355860710144043,-4.5409774780273438,-0.076820350355541245,-0.078153234522829879,-0.077486792439185562,-0.087266462599716474,-0.0097796701605309122,0.0013328841672886338,0.41724374890327454,-0.56450623273849487,0.01953125,-0.0078125,35,34,0,0,1,1,9.9838729999994769,0.01612700000052314
542,5.4126394539999998,MINUS_5_ENDPOINT,1,1,12.421984599852697,-4.5986642110587521,-0,0,12.360462188720703,-4.5451955795288086,-0.077547282208956819,-0.078819601276748461,-0.078183441742852633,-0.087266462599716474,-0.009083020856863841,0.0012723190677916413,0.56450623273849487,-0.68722498416900635,0.01171875,-0.0078125,35,34,0,0,1,1,10.026454000000129,0.026454000000128985
543,5.4226398610000004,MINUS_5_ENDPOINT,1,1,12.421984599852697,-4.5986642110587521,-0,0,12.365447998046875,-4.5484552383422852,-0.078334929821320898,-0.079334555281924513,-0.078834742551622705,-0.087266462599716474,-0.0084317200480937687,0.00099962546060361479,0.26998123526573181,0.073631249368190765,0.00390625,-0.0078125,35,34,0,0,1,1,10.0004070000006,0.00040700000059956665
544,5.4324893200000002,MINUS_5_ENDPOINT,1,1,12.421984599852697,-4.5986642110587521,-0,0,12.368899345397949,-4.5519070625305176,-0.078880166376245467,-0.079879867166574817,-0.079380016771410142,-0.087266462599716474,-0.0078864458283063321,0.00099970079032934978,0.24543750286102295,-0.29452499747276306,0.01171875,-0.01171875,35,34,0,0,1,1,9.8494589999997828,0.1505410000002172
545,5.4425250040000002,MINUS_5_ENDPOINT,1,1,12.421984599852697,-4.5986642110587521,-0,0,12.37100887298584,-4.5551667213439941,-0.0792134250829305,-0.080394821171750869,-0.079804123127340684,-0.087266462599716474,-0.0074623394723757897,0.001181396088820369,0,-0.24543750286102295,0.01171875,-0.01171875,35,34,0,0,1,1,10.035683999999989,0.035683999999989169
546,5.4526493409999999,MINUS_5_ENDPOINT,1,1,12.421984599852697,-4.5986642110587521,-0,0,12.373885154724121,-4.558809757232666,-0.079667813988609545,-0.080970340276423941,-0.080319077132516736,-0.087266462599716474,-0.0069473854671997376,0.0013025262878143956,0.14726249873638153,-0.68722498416900635,0.0234375,0,35,34,0,0,1,1,10.124336999999706,0.12433699999970571
547,5.462636657,MINUS_5_ENDPOINT,1,1,12.421984599852697,-4.5986642110587521,-0,0,12.375035285949707,-4.5626449584960938,-0.079849509287100565,-0.081576217260571252,-0.080712863273835908,-0.087266462599716474,-0.0065535993258805658,0.0017267079734706869,-0.17180624604225159,-0.7608562707901001,0.0234375,0.0078125,35,34,0,0,1,1,9.9873160000001349,0.012683999999865136
548,5.4726349599999997,MINUS_5_ENDPOINT,1,1,12.421984599852697,-4.5986642110587521,-0,0,12.376569747924805,-4.5653290748596191,-0.080091920344540088,-0.082000248286776045,-0.081046084315658073,-0.087266462599716474,-0.0062203782840584004,0.0019083279422359573,-0.14726249873638153,-0.4908750057220459,0.0234375,-0.0078125,35,34,0,0,1,1,9.9983029999997086,0.0016970000002913821
549,5.4826103860000002,MINUS_5_ENDPOINT,1,1,12.421984599852697,-4.5986642110587521,-0,0,12.377528190612793,-4.5664796829223633,-0.080243333093282604,-0.082182018914992813,-0.081212676004137702,-0.087266462599716474,-0.0060537865955787723,0.0019386858217102093,0.098174996674060822,-0.024543749168515205,0.01953125,-0.01171875,35,34,0,0,1,1,9.9754260000004535,0.024573999999546459
550,5.4926608229999996,MINUS_5_ENDPOINT,1,1,12.421984599852697,-4.5986642110587521,-0,0,12.377336502075195,-4.5666713714599609,-0.080213050543534101,-0.082212301464741316,-0.081212676004137702,-0.087266462599716474,-0.0060537865955787723,0.0019992509212072157,-0.36815625429153442,-0.17180624604225159,0.02734375,-0.0078125,35,34,0,0,1,1,10.050436999999413,0.050436999999412535
551,5.5026291890000003,MINUS_5_ENDPOINT,1,1,12.421984599852697,-4.5986642110587521,-0,0,12.377528190612793,-4.5668630599975586,-0.080243333093282604,-0.08224258401448982,-0.081242958553886219,-0.087266462599716474,-0.0060235040458302552,0.0019992509212072157,-0.26998123526573181,-0.17180624604225159,0.02734375,-0.0078125,35,34,0,0,1,1,9.9683660000007279,0.031633999999272078
552,5.5126612909999997,MINUS_5_ENDPOINT,1,1,12.421984599852697,-4.5986642110587521,-0,0,12.377528190612793,-4.5668630599975586,-0.080243333093282604,-0.08224258401448982,-0.081242958553886219,-0.087266462599716474,-0.0060235040458302552,0.0019992509212072157,-0.36815625429153442,0,0.02734375,-0.01171875,35,34,0,0,1,1,10.032101999999377,0.032101999999376574
553,5.5226227510000001,MINUS_5_ENDPOINT,1,1,12.421984599852697,-4.5986642110587521,-0,0,12.377911567687988,-4.5670547485351562,-0.08030389819277961,-0.082272866564238323,-0.081288382378508967,-0.087266462599716474,-0.0059780802212075074,0.0019689683714587125,0.22089375555515289,-0.024543749168515205,0.0234375,-0.0078125,35,34,0,0,1,1,9.9614600000004216,0.038539999999578356
554,5.5326443809999999,MINUS_5_ENDPOINT,1,1,12.421984599852697,-4.5986642110587521,-0,0,12.377911567687988,-4.5672469139099121,-0.08030389819277961,-0.082303224443712575,-0.081303561318246093,-0.087266462599716474,-0.0059629012814703813,0.0019993262509329646,0,-0.24543750286102295,0.02734375,-0.01953125,35,34,0,0,1,1,10.021629999999782,0.021629999999781546
555,5.5426276019999996,MINUS_5_ENDPOINT,1,1,12.421984599852697,-4.5986642110587521,-0,0,12.377719879150391,-4.5672469139099121,-0.080273615643031107,-0.082303224443712575,-0.081288420043371834,-0.087266462599716474,-0.0059780425563446399,0.0020296088006814678,-0.46633124351501465,-0.073631249368190765,0.02734375,-0.01953125,35,34,0,0,1,1,9.983220999999709,0.016779000000290978
556,5.5525233700000003,MINUS_5_ENDPOINT,1,1,12.421984599852697,-4.5986642110587521,-0,0,12.377911567687988,-4.5676302909851074,-0.08030389819277961,-0.082363789543209581,-0.081333843867994596,-0.087266462599716474,-0.0059326187317218781,0.002059891350429971,-0.049087498337030411,-0.46633124351501465,0.0390625,-0.01171875,35,34,0,0,1,1,9.8957680000006931,0.10423199999930688
557,5.5626108590000003,MINUS_5_ENDPOINT,1,1,12.421984599852697,-4.5986642110587521,-0,0,12.377911567687988,-4.5676302909851074,-0.08030389819277961,-0.082363789543209581,-0.081333843867994596,-0.087266462599716474,-0.0059326187317218781,0.002059891350429971,-0.14726249873638153,-0.34361249208450317,0.02734375,-0.01953125,35,34,0,0,1,1,10.087489000000005,0.087489000000005035
558,5.5726509630000001,MINUS_5_ENDPOINT,1,1,12.421984599852697,-4.5986642110587521,-0,0,12.377911567687988,-4.5676302909851074,-0.08030389819277961,-0.082363789543209581,-0.081333843867994596,-0.087266462599716474,-0.0059326187317218781,0.002059891350429971,-0.24543750286102295,-0.24543750286102295,0.02734375,-0.0078125,35,34,0,0,1,1,10.040103999999772,0.0401039999997721
559,5.5826169539999997,MINUS_5_ENDPOINT,1,1,12.421984599852697,-4.5986642110587521,-0,0,12.377911567687988,-4.5676302909851074,-0.08030389819277961,-0.082363789543209581,-0.081333843867994596,-0.087266462599716474,-0.0059326187317218781,0.002059891350429971,-0.24543750286102295,-0.024543749168515205,0.0234375,-0.0078125,35,34,0,0,1,1,9.9659909999996188,0.034009000000381207
560,5.5926727400000003,MINUS_5_ENDPOINT,1,1,12.421984599852697,-4.5986642110587521,-0,0,12.378103256225586,-4.5676302909851074,-0.080334180742528113,-0.082363789543209581,-0.08134898514286884,-0.087266462599716474,-0.0059174774568476335,0.0020296088006814678,0.073631249368190765,-0.14726249873638153,0.02734375,-0.01171875,35,34,0,0,1,1,10.055786000000566,0.055786000000566105
561,5.6025245049999999,MINUS_5_ENDPOINT,1,1,12.421984599852697,-4.5986642110587521,-0,0,12.377911567687988,-4.5674386024475098,-0.08030389819277961,-0.082333506993461078,-0.081318702593120351,-0.087266462599716474,-0.0059477600065961228,0.0020296088006814678,-0.36815625429153442,0.26998123526573181,0.02734375,-0.01171875,35,34,0,0,1,1,9.8517649999996237,0.14823500000037626
562,5.6126712809999999,MINUS_5_ENDPOINT,1,1,12.421984599852697,-4.5986642110587521,-0,0,12.377911567687988,-4.5676302909851074,-0.08030389819277961,-0.082363789543209581,-0.081333843867994596,-0.087266462599716474,-0.0059326187317218781,0.002059891350429971,-0.24543750286102295,-0.12271875143051147,0.02734375,-0.0078125,35,34,0,0,1,1,10.146776000000024,0.146776000000024
563,5.6226250499999999,MINUS_5_ENDPOINT,1,1,12.421984599852697,-4.5986642110587521,-0,0,12.378103256225586,-4.5676302909851074,-0.080334180742528113,-0.082363789543209581,-0.08134898514286884,-0.087266462599716474,-0.0059174774568476335,0.0020296088006814678,0.12271875143051147,-0.12271875143051147,0.0234375,-0.01171875,35,34,0,0,1,1,9.9537690000000012,0.046230999999998801
564,5.6325592929999999,MINUS_5_ENDPOINT,1,1,12.421984599852697,-4.5986642110587521,-0,0,12.378103256225586,-4.5676302909851074,-0.080334180742528113,-0.082363789543209581,-0.08134898514286884,-0.087266462599716474,-0.0059174774568476335,0.0020296088006814678,0.073631249368190765,0,0.0234375,-0.01171875,35,34,0,0,1,1,9.9342430000000093,0.06575699999999074
565,5.6426492359999996,MINUS_5_ENDPOINT,1,1,12.421984599852697,-4.5986642110587521,-0,0,12.378103256225586,-4.5678219795227051,-0.080334180742528113,-0.082394072092958084,-0.081364126417743099,-0.087266462599716474,-0.005902336181973375,0.002059891350429971,-0.049087498337030411,-0.17180624604225159,0.0234375,-0.01171875,35,34,0,0,1,1,10.089942999999657,0.089942999999657047
566,5.6525306430000004,MINUS_5_ENDPOINT,1,1,12.421984599852697,-4.5986642110587521,-0,0,12.378294944763184,-4.5678219795227051,-0.080364463292276631,-0.082394072092958084,-0.081379267692617357,-0.087266462599716474,-0.0058871949070991164,0.0020296088006814539,0.12271875143051147,-0.049087498337030411,0.02734375,-0.0078125,35,34,0,0,1,1,9.8814070000008414,0.11859299999915862
567,5.6626551730000001,MINUS_5_ENDPOINT,1,1,12.421984599852697,-4.5986642110587521,-0,0,12.378294944763184,-4.5678219795227051,-0.080364463292276631,-0.082394072092958084,-0.081379267692617357,-0.087266462599716474,-0.0058871949070991164,0.0020296088006814539,-0.098174996674060822,0,0.0234375,-0.01171875,35,34,0,0,1,1,10.124529999999687,0.12452999999968739
568,5.6726161240000001,MINUS_5_ENDPOINT,1,1,12.421984599852697,-4.5986642110587521,-0,0,12.378294944763184,-4.5678219795227051,-0.080364463292276631,-0.082394072092958084,-0.081379267692617357,-0.087266462599716474,-0.0058871949070991164,0.0020296088006814539,0,0,0.0234375,-0.0078125,35,34,0,0,1,1,9.9609510000000512,0.039048999999948819
569,5.6826463299999999,MINUS_5_ENDPOINT,1,1,12.421984599852697,-4.5986642110587521,-0,0,12.378294944763184,-4.5680136680603027,-0.080364463292276631,-0.082424354642706588,-0.081394408967491616,-0.087266462599716474,-0.0058720536322248579,0.0020598913504299571,0.049087498337030411,-0.36815625429153442,0.0234375,-0.01171875,35,34,0,0,1,1,10.030205999999708,0.030205999999708411
570,5.6926114419999996,MINUS_5_ENDPOINT,1,1,12.421984599852697,-4.5986642110587521,-0,0,12.378103256225586,-4.5678219795227051,-0.080334180742528113,-0.082394072092958084,-0.081364126417743099,-0.087266462599716474,-0.005902336181973375,0.002059891350429971,-0.24543750286102295,0,0.02734375,-0.01171875,35,34,0,0,1,1,9.9651119999997206,0.034888000000279362
571,5.7025333930000004,MINUS_5_ENDPOINT,1,1,12.421984599852697,-4.5986642110587521,-0,0,12.378294944763184,-4.5680136680603027,-0.080364463292276631,-0.082424354642706588,-0.081394408967491616,-0.087266462599716474,-0.0058720536322248579,0.0020598913504299571,-0.049087498337030411,-0.29452499747276306,0.0234375,-0.00390625,35,34,0,0,1,1,9.9219510000008171,0.078048999999182911
572,5.7126618100000002,MINUS_5_ENDPOINT,1,1,12.421984599852697,-4.5986642110587521,-0,0,12.378294944763184,-4.5680136680603027,-0.080364463292276631,-0.082424354642706588,-0.081394408967491616,-0.087266462599716474,-0.0058720536322248579,0.0020598913504299571,0,-0.26998123526573181,0.0234375,-0.01953125,35,34,0,0,1,1,10.128416999999779,0.12841699999977862
573,5.7226077020000004,MINUS_5_ENDPOINT,1,1,12.421984599852697,-4.5986642110587521,-0,0,12.378103256225586,-4.5678219795227051,-0.080334180742528113,-0.082394072092958084,-0.081364126417743099,-0.087266462599716474,-0.005902336181973375,0.002059891350429971,-0.24543750286102295,0.024543749168515205,0.02734375,-0.01171875,35,34,0,0,1,1,9.9458920000001783,0.054107999999821743
574,5.7326665500000002,MINUS_5_ENDPOINT,1,1,12.421984599852697,-4.5986642110587521,-0,0,12.378294944763184,-4.5680136680603027,-0.080364463292276631,-0.082424354642706588,-0.081394408967491616,-0.087266462599716474,-0.0058720536322248579,0.0020598913504299571,0.098174996674060822,-0.19634999334812164,0.0234375,-0.0078125,35,34,0,0,1,1,10.058847999999898,0.058847999999898093
575,5.7426781150000004,FINAL_CENTER_PROFILE,1,1,12.421984599852697,-4.5986642110587521,-0,0,12.378103256225586,-4.5680136680603027,-0.080334180742528113,-0.082424354642706588,-0.081379267692617357,-0.087266462599716474,-0.0058871949070991164,0.0020901739001784742,-0.24543750286102295,-0.17180624604225159,0.02734375,-0.01953125,35,34,0,0,1,1,10.011565000000111,0.01156500000011107
576,5.752545971,FINAL_CENTER_PROFILE,1,1,12.421818880842217,-4.5984984920482725,-0.033143802095898151,0.033143802095898151,12.378103256225586,-4.5680136680603027,-0.080334180742528113,-0.082424354642706588,-0.081379267692617357,-0.087240282660936558,-0.0058610149683192003,0.0020901739001784742,-0.24543750286102295,-0.31906875967979431,0.02734375,-0.01171875,35,34,0,0,1,1,9.8678559999996196,0.1321440000003804
577,5.7626192229999997,FINAL_CENTER_PROFILE,1,1,12.421321723810779,-4.5980013350168338,-0.066287604191796301,0.066287604191796301,12.377911567687988,-4.5678219795227051,-0.08030389819277961,-0.082394072092958084,-0.08134898514286884,-0.08716174284459681,-0.0058127577017279691,0.0020901739001784742,-0.39269998669624329,0.049087498337030411,0.02734375,-0.01171875,35,34,0,0,1,1,10.073251999999755,0.073251999999754958
578,5.7726663780000003,FINAL_CENTER_PROFILE,1,1,12.420493128758382,-4.5971727399644369,-0.099431406287694452,0.099431406287694452,12.378103256225586,-4.5680136680603027,-0.080334180742528113,-0.082424354642706588,-0.081379267692617357,-0.087030843150697243,-0.0056515754580798855,0.0020901739001784742,-0.17180624604225159,-0.39269998669624329,0.02734375,-0.01171875,35,34,0,0,1,1,10.047155000000529,0.047155000000529412
579,5.7826201910000004,FINAL_CENTER_PROFILE,1,1,12.419333095685026,-4.5960127068910799,-0.1325752083835926,0.1325752083835926,12.377911567687988,-4.5678219795227051,-0.08030389819277961,-0.082394072092958084,-0.08134898514286884,-0.08684758357923783,-0.0054985984363689899,0.0020901739001784742,-0.22089375555515289,-0.024543749168515205,0.01953125,-0.0078125,35,34,0,0,1,1,9.9538130000000891,0.046186999999910938
580,5.7926056709999996,FINAL_CENTER_PROFILE,1,1,12.417841624590709,-4.5945212357967646,-0.16571901047949075,0.16571901047949075,12.377911567687988,-4.5678219795227051,-0.08030389819277961,-0.082394072092958084,-0.08134898514286884,-0.086611964130218599,-0.005262978987349759,0.0020901739001784742,-0.17180624604225159,-0.073631249368190765,0.0234375,-0.0078125,35,34,0,0,1,1,9.9854799999992139,0.014520000000786126
581,5.8025209899999997,FINAL_CENTER_PROFILE,1,1,12.416018715475435,-4.5926983266814903,-0.1988628125753889,0.1988628125753889,12.377719879150391,-4.5676302909851074,-0.080273615643031107,-0.082363789543209581,-0.081318702593120351,-0.086323984803639536,-0.0050052822105191852,0.0020901739001784742,-0.26998123526573181,0.12271875143051147,0.01953125,-0.00390625,35,34,0,0,1,1,9.915319000000089,0.084680999999910966
582,5.8126248980000002,FINAL_CENTER_PROFILE,1,1,12.413864368339201,-4.5905439795452567,-0.23200661467128711,0.23200661467128711,12.377719879150391,-4.5676302909851074,-0.080273615643031107,-0.082363789543209581,-0.081318702593120351,-0.085983645599500641,-0.0046649430063802899,0.0020901739001784742,0.098174996674060822,-0.19634999334812164,0.01171875,-0.00390625,35,34,0,0,1,1,10.103908000000494,0.10390800000049438
583,5.822614336,FINAL_CENTER_PROFILE,1,1,12.41137858318201,-4.5880581943880641,-0.2651504167671852,0.2651504167671852,12.377528190612793,-4.5672469139099121,-0.080243333093282604,-0.082303224443712575,-0.081273278768497589,-0.085590946517801914,-0.0043176677493043242,0.002059891350429971,-0.58904999494552612,0,0.01953125,0,35,34,0,0,1,1,9.9894379999998506,0.010562000000149396
584,5.8325197940000004,FINAL_CENTER_PROFILE,1,1,12.408561360003858,-4.5852409712099131,-0.29829421886308338,0.29829421886308338,12.377336502075195,-4.5668630599975586,-0.080213050543534101,-0.08224258401448982,-0.08122781727901196,-0.085145887558543368,-0.0039180702795314076,0.0020295334709557189,-0.26998123526573181,0.14726249873638153,0.0078125,0.00390625,35,34,0,0,1,1,9.9054580000004222,0.094541999999577797
585,5.8426281070000003,FINAL_CENTER_PROFILE,1,1,12.405412698804748,-4.5820923100108022,-0.33143802095898151,0.33143802095898151,12.377144813537598,-4.5670547485351562,-0.080182767993785597,-0.082272866564238323,-0.08122781727901196,-0.084648468721724976,-0.0034206514427130158,0.0020900985704527253,0.073631249368190765,-0.51541876792907715,0.00390625,0.00390625,35,34,0,0,1,1,10.108312999999924,0.10831299999992439
586,5.852664657,FINAL_CENTER_PROFILE,1,1,12.401932599584679,-4.5786122107907339,-0.36458182305487968,0.36458182305487968,12.376569747924805,-4.5662879943847656,-0.080091920344540088,-0.08215173636524431,-0.081121828354892206,-0.084098690007346766,-0.0029768616524545599,0.0020598160207042221,0.024543749168515205,-0.17180624604225159,0.00390625,0.0078125,35,34,0,0,1,1,10.0365499999997,0.036549999999699878
587,5.8625878409999999,FINAL_CENTER_PROFILE,1,1,12.39812106234365,-4.5748006735497047,-0.39772562515077781,0.39772562515077781,12.376569747924805,-4.5657129287719727,-0.080091920344540088,-0.0820608887159988,-0.081076404530269444,-0.083496551415408723,-0.0024201468851392793,0.0019689683714587125,-0.049087498337030411,0.12271875143051147,0.00390625,0.0078125,35,34,0,0,1,1,9.9231839999998073,0.07681600000019273
588,5.872667495,FINAL_CENTER_PROFILE,1,1,12.393978087081663,-4.5706576982877181,-0.43086942724667598,0.43086942724667598,12.376569747924805,-4.5657129287719727,-0.080091920344540088,-0.0820608887159988,-0.081076404530269444,-0.082842052945910849,-0.0017656484156414048,0.0019689683714587125,0.12271875143051147,-0.44178751111030579,-0.00390625,0.01171875,35,34,0,0,1,1,10.079654000000104,0.079654000000104475
589,5.8826412829999999,FINAL_CENTER_PROFILE,1,1,12.389503673798718,-4.5661832850047714,-0.46401322934257422,0.46401322934257422,12.376378059387207,-4.5649456977844238,-0.080061637794791585,-0.081939683187279039,-0.081000660491035312,-0.082135194598853142,-0.0011345341078178306,0.0018780453924874541,-0.14726249873638153,0.12271875143051147,-0.00390625,0.0234375,35,34,0,0,1,1,9.9737879999999279,0.026212000000072067
590,5.892663883,FINAL_CENTER_PROFILE,1,1,12.384697822494811,-4.5613774337008666,-0.49715703143847223,0.49715703143847223,12.375802040100098,-4.5645623207092285,-0.079970639486094591,-0.081879118087782032,-0.080924878786938312,-0.081375976374235617,-0.00045109758729730554,0.0019084786016874411,0.024543749168515205,0.24543750286102295,-0.0078125,0.0234375,35,34,0,0,1,1,10.022600000000104,0.022600000000103648
591,5.9024936109999997,FINAL_CENTER_PROFILE,1,1,12.379560533169947,-4.5562401443760017,-0.53030083353437041,0.53030083353437041,12.375418663024902,-4.5639867782592773,-0.079910074386597571,-0.081788195108810774,-0.080849134747704166,-0.080564398272058246,0.0002847364756459192,0.0018781207222132029,-0.46633124351501465,0,-0.01171875,0.0234375,35,34,0,0,1,1,9.8297279999997045,0.17027200000029552
592,5.912672691,FINAL_CENTER_PROFILE,1,1,12.374091805824124,-4.5507714170301785,-0.56344463563026859,0.56344463563026859,12.375226974487305,-4.5639867782592773,-0.079879791836849068,-0.081788195108810774,-0.080833993472829921,-0.079700460292321057,0.0011335331805088639,0.0019084032719617061,0.073631249368190765,-0.34361249208450317,-0.01171875,0.03515625,35,34,0,0,1,1,10.17908000000034,0.17908000000034008
593,5.9224843700000003,FINAL_CENTER_PROFILE,1,1,12.368291640457342,-4.5449712516633971,-0.59658843772616676,0.59658843772616676,12.375226974487305,-4.5634117126464844,-0.079879791836849068,-0.081697347459565264,-0.080788569648207159,-0.078784162435024035,0.0020044072131831236,0.0018175556227161965,0.098174996674060822,-0.22089375555515289,-0.0234375,0.03515625,35,34,0,0,1,1,9.8116790000002396,0.18832099999976037
594,5.9325077850000003,FINAL_CENTER_PROFILE,1,1,12.3621600370696,-4.5388396482756557,-0.62973223982206483,0.62973223982206483,12.374651908874512,-4.5624527931213379,-0.079788944187603558,-0.081545859381096999,-0.080667401784350279,-0.077815504700167182,0.0028518970841830971,0.0017569151934934413,-0.024543749168515205,0.31906875967979431,-0.02734375,0.04296875,35,34,0,0,1,1,10.023415000000035,0.023415000000035491
595,5.942512979,FINAL_CENTER_PROFILE,1,1,12.355696995660901,-4.5323766068669551,-0.66287604191796301,0.66287604191796301,12.374076843261719,-4.561302661895752,-0.079698096538358049,-0.08136416408260598,-0.080531130310482008,-0.076794487087750496,0.0037366432227315116,0.0016660675442479317,-0.073631249368190765,0.098174996674060822,-0.02734375,0.0390625,35,34,0,0,1,1,10.005193999999662,0.005193999999661969
596,5.952484289,FINAL_CENTER_PROFILE,1,1,12.348902516231242,-4.5255821274372963,-0.69601984401386119,0.69601984401386119,12.372734069824219,-4.5599603652954102,-0.079485968030667029,-0.081152110904640709,-0.080319039467653869,-0.075721109597773992,0.0045979298698798771,0.0016661428739736805,0.049087498337030411,0.22089375555515289,-0.0390625,0.04296875,35,34,0,0,1,1,9.9713100000000665,0.028689999999933491
597,5.9626871939999999,FINAL_CENTER_PROFILE,1,1,12.341776598780623,-4.5184562099866783,-0.72916364610975937,0.72916364610975937,12.372159004211426,-4.5584263801574707,-0.079395120381421519,-0.080909775176926921,-0.080152447779174213,-0.074595372230237642,0.0055570755489365714,0.0015146547955054018,0.049087498337030411,-0.049087498337030411,-0.0390625,0.0546875,35,34,0,0,1,1,10.202904999999873,0.20290499999987333
598,5.972586604,FINAL_CENTER_PROFILE,1,1,12.334319243309046,-4.5109988545151012,-0.76230744820565743,0.76230744820565743,12.371200561523438,-4.5565090179443359,-0.079243707632679003,-0.08060687434971614,-0.079925290991197578,-0.073417274985141473,0.0065080160060561054,0.001363166717037137,-0.26998123526573181,0.29452499747276306,-0.05078125,0.05078125,35,34,0,0,1,1,9.8994100000000529,0.10058999999994711
599,5.9826002139999996,FINAL_CENTER_PROFILE,1,1,12.326530449816511,-4.5032100610225649,-0.79545125030155561,0.79545125030155561,12.370050430297852,-4.5542078018188477,-0.07906201233418797,-0.080243333093282604,-0.079652672713735287,-0.072186817862485472,0.0074658548512498146,0.001181320759094634,-0.024543749168515205,-0.049087498337030411,-0.0546875,0.0546875,35,34,0,0,1,1,10.013609999999673,0.01360999999967305
600,5.9924904789999998,FINAL_CENTER_PROFILE,1,1,12.318410218303015,-4.4950898295090704,-0.82859505239745379,0.82859505239745379,12.368132591247559,-4.5519070625305176,-0.078759036177251454,-0.079879867166574817,-0.079319451671913135,-0.070904000862269639,0.008415450809643496,0.0011208309893233626,-0.53996247053146362,0.24543750286102295,-0.0546875,0.06640625,35,34,0,0,1,1,9.8902650000001202,0.10973499999987979
601,6.0024900929999996,FINAL_CENTER_PROFILE,1,1,12.309958548768561,-4.4866381599746159,-0.86173885449335197,0.86173885449335197,12.367557525634766,-4.5503730773925781,-0.078668188528005931,-0.079637531438861042,-0.079152859983433493,-0.069568823984493974,0.0095840359989395191,0.00096934291085511159,0.073631249368190765,-0.29452499747276306,-0.06640625,0.06640625,35,34,0,0,1,1,9.9996139999998235,0.00038600000017652292
602,6.0124932720000004,FINAL_CENTER_PROFILE,1,1,12.301175441213148,-4.4778550524192031,-0.89488265658925015,0.89488265658925015,12.366406440734863,-4.5484552383422852,-0.078486342570063428,-0.079334555281924513,-0.07891044892599397,-0.068181287229158477,0.010729161696835493,0.00084821271186108493,0.12271875143051147,0.34361249208450317,-0.06640625,0.0703125,35,34,0,0,1,1,10.003179000000806,0.0031790000008058428
603,6.0224894320000004,FINAL_CENTER_PROFILE,1,1,12.292060895636777,-4.4687405068428312,-0.92802645868514844,0.92802645868514844,12.364681243896484,-4.5471134185791016,-0.078213799622326885,-0.079122577433684976,-0.078668188528005931,-0.066741390596263162,0.011926797931742769,0.00090877781135809133,-0.24543750286102295,0.14726249873638153,-0.0703125,0.08203125,35,34,0,0,1,1,9.9961600000000317,0.0038399999999683132
604,6.0324952359999999,FINAL_CENTER_PROFILE,1,1,12.282614912039445,-4.4592945232455001,-0.96117026078104639,0.96117026078104639,12.363530158996582,-4.5465378761291504,-0.078031953664384382,-0.079031654454713732,-0.078531804059549057,-0.065249134085808014,0.013282669973741043,0.00099970079032934978,-0.29452499747276306,-0.58904999494552612,-0.08203125,0.08984375,35,34,0,0,1,1,10.005803999999507,0.0058039999995074254
605,6.0425158779999997,FINAL_CENTER_PROFILE,1,1,12.272837490421155,-4.4495171016272099,-0.99431406287694446,0.99431406287694446,12.362380027770996,-4.5450038909912109,-0.077850258365893349,-0.078789318726999957,-0.078319788546446653,-0.063704517697793034,0.014615270848653619,0.0009390603611066084,-0.22089375555515289,0.17180624604225159,-0.09375,0.09375,35,34,0,0,1,1,10.020641999999746,0.020641999999746474
606,6.052487019,FINAL_CENTER_PROFILE,1,1,12.262728630781906,-4.4394082419879615,-1.0274578649728427,1.0274578649728427,12.36122989654541,-4.5434699058532715,-0.07766856306740233,-0.078546982999286169,-0.078107773033344249,-0.062107541432218222,0.016000231601126028,0.00087841993188383927,-0.073631249368190765,0.098174996674060822,-0.09375,0.09375,35,34,0,0,1,1,9.9711410000002942,0.028858999999705759
607,6.0626409089999997,FINAL_CENTER_PROFILE,1,1,12.252288333121699,-4.428967944327753,-1.0606016670687408,1.0606016670687408,12.35912036895752,-4.5417442321777344,-0.077335304360717297,-0.078274364721823891,-0.077804834541270601,-0.060458205289083577,0.017346629252187024,0.00093906036110659452,-0.19634999334812164,-0.14726249873638153,-0.08984375,0.10546875,35,34,0,0,1,1,10.153889999999777,0.15388999999977671
608,6.0726191890000001,FINAL_CENTER_PROFILE,1,1,12.241516597440532,-4.4181962086465862,-1.0937454691646391,1.0937454691646391,12.356627464294434,-4.5390596389770508,-0.076941480554535258,-0.077850258365893349,-0.077395869460214303,-0.058756509268389101,0.018639360191825202,0.00090877781135809133,-0.51541876792907715,-0.29452499747276306,-0.109375,0.10546875,35,34,0,0,1,1,9.9782800000003391,0.021719999999660899
609,6.0827021639999996,FINAL_CENTER_PROFILE,1,1,12.230487076631952,-4.4071666878380071,-1.1047934031966051,1.1047934031966051,12.352984428405762,-4.5340743064880371,-0.076365961449862185,-0.077062686083255019,-0.076714323766558595,-0.057014088898481426,0.01970023486807717,0.00069672463339283397,-0.4908750057220459,0.68722498416900635,-0.09375,0.09375,35,34,0,0,1,1,10.08297499999955,0.082974999999549937
610,6.0926591129999998,FINAL_CENTER_PROFILE,1,1,12.219439142599986,-4.3961187538060411,-1.1047934031966051,1.1047934031966051,12.347806930541992,-4.5267877578735352,-0.075548031287749604,-0.07591157254418314,-0.075729801915966372,-0.055268759646487094,0.020461042269479278,0.00036354125643353608,-0.83448749780654907,1.006293773651123,-0.09375,0.09375,35,34,0,0,1,1,9.9569490000002148,0.043050999999785233
611,6.1025415729999999,FINAL_CENTER_PROFILE,1,1,12.20839120856802,-4.3850708197740751,-1.1047934031966051,1.1047934031966051,12.342247009277344,-4.520843505859375,-0.074669686685591499,-0.074972512183076545,-0.074821099434334015,-0.053523430394492776,0.02129766903984124,0.00030282549748504584,-0.61359375715255737,0.19634999334812164,-0.1015625,0.109375,35,34,0,0,1,1,9.8824600000000373,0.11753999999996267
612,6.1124896189999998,FINAL_CENTER_PROFILE,1,1,12.197343274536054,-4.3740228857421091,-1.1047934031966051,1.1047934031966051,12.335151672363281,-4.514899730682373,-0.073548780366542388,-0.074033527151695686,-0.073791153759119044,-0.051778101142498444,0.0220130526166206,0.00048474678515329772,-0.53996247053146362,0.78539997339248657,-0.08984375,0.10546875,35,34,0,0,1,1,9.9480459999998772,0.051954000000122846
613,6.1226136379999998,FINAL_CENTER_PROFILE,1,1,12.186295340504088,-4.362974951710143,-1.1047934031966051,1.1047934031966051,12.322688102722168,-4.503969669342041,-0.071579811995083675,-0.072306819178225012,-0.071943315586654344,-0.050032771890504112,0.021910543696150232,0.00072700718314133717,-1.6198874711990356,1.251731276512146,-0.0703125,0.0703125,35,34,0,0,1,1,10.12401900000004,0.12401900000003963
614,6.1325172590000001,FINAL_CENTER_PROFILE,1,1,12.175247406472122,-4.351927017678177,-1.1047934031966051,1.1047934031966051,12.315018653869629,-4.4920816421508789,-0.070368208686240538,-0.070428773785737558,-0.070398491235989041,-0.04828744263850978,0.022111048597479262,6.0565099497020269e-05,-0.39269998669624329,0.80994373559951782,-0.09375,0.0859375,35,34,0,0,1,1,9.9036210000003067,0.096378999999693349
615,6.1425039720000001,FINAL_CENTER_PROFILE,1,1,12.164199472440156,-4.340879083646211,-1.1047934031966051,1.1047934031966051,12.306198120117188,-4.4815354347229004,-0.068974759419454898,-0.068762706241489627,-0.068868732830472262,-0.046542113386515455,0.022326619443956808,-0.00021205317796527123,-1.4235374927520752,1.3253624439239502,-0.08203125,0.08203125,35,34,0,0,1,1,9.9867129999999804,0.013287000000019589
616,6.1526125949999999,FINAL_CENTER_PROFILE,1,1,12.15315153840819,-4.329831149614245,-1.1047934031966051,1.1047934031966051,12.292391777038574,-4.4667706489562988,-0.066793662540305165,-0.066430196613597378,-0.066611929576951279,-0.044796784134521123,0.021815145442430156,-0.00036346592670778721,-1.5707999467849731,1.1044687032699585,-0.05859375,0.0703125,35,34,0,0,1,1,10.108622999999817,0.10862299999981673
617,6.1626248600000002,FINAL_CENTER_PROFILE,1,1,12.142103604376224,-4.318783215582279,-1.1047934031966051,1.1047934031966051,12.278011322021484,-4.4535403251647949,-0.064521868671361421,-0.064340098043144653,-0.06443098335725303,-0.043051454882526798,0.021379528474726232,-0.00018177062821676804,-1.9144124984741211,1.1780999898910522,-0.05078125,0.06640625,35,34,0,0,1,1,10.012265000000298,0.012265000000297732
618,6.1726195639999997,FINAL_CENTER_PROFILE,1,1,12.131055670344258,-4.307735281550312,-1.1047934031966051,1.1047934031966051,12.259603500366211,-4.4412684440612793,-0.061613839938796107,-0.062401412221434444,-0.062007626080115272,-0.041306125630532466,0.020701500449582806,0.00078757228263833662,-1.2026437520980835,1.1044687032699585,-0.0390625,0.08203125,35,34,0,0,1,1,9.9947039999994658,0.0052960000005342067
619,6.182630402,FINAL_CENTER_PROFILE,1,1,12.120007736312292,-4.296687347518346,-1.1047934031966051,1.1047934031966051,12.242154121398926,-4.4266953468322754,-0.058857223954973316,-0.060099185143290698,-0.05947820454913201,-0.039560796378538141,0.01991740817059387,0.0012419611883173823,-1.9389562606811523,1.4480812549591064,-0.0390625,0.04296875,35,34,0,0,1,1,10.010838000000355,0.010838000000354953
620,6.1926217030000004,FINAL_CENTER_PROFILE,1,1,12.108959802280326,-4.28563941348638,-1.1047934031966051,1.1047934031966051,12.227197647094727,-4.4136567115783691,-0.056494431777332564,-0.058039369122586476,-0.057266900449959524,-0.037815467126543809,0.019451433323415715,0.001544937345253912,-2.0371313095092773,1.0553812980651855,-0.0390625,0.0703125,35,34,0,0,1,1,9.991301000000341,0.0086989999996589518
621,6.2024897750000001,FINAL_CENTER_PROFILE,1,1,12.09791186824836,-4.274591479454414,-1.1047934031966051,1.1047934031966051,12.210899353027344,-4.396207332611084,-0.053919661751452283,-0.055282753138763685,-0.054601207445107984,-0.036070137874549477,0.018531069570558507,0.001363091387311402,-1.4971687793731689,1.6444312334060669,-0.05859375,0.0234375,35,34,0,0,1,1,9.868071999999728,0.13192800000027205
622,6.2126224749999999,FINAL_CENTER_PROFILE,1,1,12.086863934216394,-4.263543545422448,-1.1047934031966051,1.1047934031966051,12.19709300994873,-4.3804841041564941,-0.051738564872302557,-0.052798830762128914,-0.052268697817215735,-0.034324808622555145,0.017943889194660591,0.0010602658898263562,-1.7180625200271606,1.3744499683380127,-0.03515625,0.0390625,35,34,0,0,1,1,10.132699999999772,0.13269999999977244
623,6.2226309310000003,FINAL_CENTER_PROFILE,1,1,12.075816000184428,-4.2524956113904819,-1.1047934031966051,1.1047934031966051,12.188272476196289,-4.3634185791015625,-0.05034511560551691,-0.050102855207528878,-0.050223985406522897,-0.032579479370560827,0.017644506035962071,-0.00024226039798803251,-0.61359375715255737,0.95720624923706055,-0.08203125,0.0390625,35,34,0,0,1,1,10.008456000000443,0.008456000000442998
624,6.2325300969999997,FINAL_CENTER_PROFILE,1,1,12.064768066152462,-4.2414476773585159,-1.1047934031966051,1.1047934031966051,12.177151679992676,-4.3453941345214844,-0.048588275741749211,-0.04725539157446057,-0.047921833658104887,-0.030834150118566495,0.017087683539538392,-0.0013328841672886407,-1.6198874711990356,1.8898687362670898,-0.03515625,0.02734375,35,34,0,0,1,1,9.8991659999994042,0.10083400000059584
625,6.2425302279999997,FINAL_CENTER_PROFILE,1,1,12.053720132120496,-4.2303997433265499,-1.1047934031966051,1.1047934031966051,12.160852432250977,-4.3321638107299805,-0.046013355056417446,-0.045165293004007845,-0.045589324030212645,-0.029088820866572163,0.016500503163640483,-0.00084806205240960109,-1.5217125415802002,1.4971687793731689,-0.0390625,0.04296875,35,34,0,0,1,1,10.000130999999968,0.00013099999996768474
626,6.2525262799999997,FINAL_CENTER_PROFILE,1,1,12.042837917099009,-4.2195175283050634,-1.0716496011007068,1.0716496011007068,12.143020629882812,-4.3173990249633789,-0.043196324632549132,-0.042832783376115596,-0.043014554004332364,-0.027369671553357747,0.015644882450974618,-0.00036354125643353608,-1.7916938066482544,1.2271875143051147,-0.01171875,0.05078125,35,34,0,0,1,1,9.9960519999999775,0.0039480000000224891
627,6.2626139060000003,FINAL_CENTER_PROFILE,1,1,12.032287140098481,-4.2089667513045361,-1.038505799004809,1.038505799004809,12.127872467041016,-4.3064694404602051,-0.040803249905159877,-0.041106150732370658,-0.040954700318765268,-0.025702882117703163,0.015251818201062105,0.00030290082721078082,-2.0125875473022461,1.4480812549591064,-0.0234375,0.03515625,35,34,0,0,1,1,10.087626000000682,0.087626000000682325
628,6.2725835339999998,FINAL_CENTER_PROFILE,1,1,12.022067801118913,-4.1987474123249671,-1.0053619969089107,1.0053619969089107,12.11042308807373,-4.2905545234680176,-0.038046633921337086,-0.03859194580598739,-0.038319289863662238,-0.024088452559608411,0.014230837304053827,0.00054531188465030411,-1.7180625200271606,1.2026437520980835,-0.0078125,0.03515625,35,34,0,0,1,1,9.969627999999453,0.030372000000546961
629,6.2826331739999999,FINAL_CENTER_PROFILE,1,1,12.012179900160303,-4.188859511366358,-0.97221819481301253,0.97221819481301253,12.090290069580078,-4.2755980491638184,-0.034866062241035237,-0.036229153628346639,-0.035547607934690938,-0.022526382879073478,0.013021225055617459,0.001363091387311402,-1.7916938066482544,1.5707999467849731,0.00390625,0.01953125,35,34,0,0,1,1,10.049640000000082,0.049640000000081841
630,6.2926147710000002,FINAL_CENTER_PROFILE,1,1,12.002623437222653,-4.1793030484287073,-0.93907439271711424,0.93907439271711424,12.076675415039062,-4.2644767761230469,-0.032715247911634014,-0.034472238434853197,-0.033593743173243609,-0.021016673076098377,0.012577070097145232,0.0017569905232191832,-1.3499062061309814,0.44178751111030579,-0.0078125,0.0546875,35,34,0,0,1,1,9.9815970000003418,0.018402999999658221
631,6.3025229989999998,FINAL_CENTER_PROFILE,1,1,11.993398412305961,-4.1700780235120156,-0.90593059062121606,0.90593059062121606,12.064211845397949,-4.249903678894043,-0.030746279540175302,-0.032170011356709452,-0.031458145448442373,-0.019559323150683108,0.011898822297759265,0.0014237318165341503,-1.0553812980651855,1.3744499683380127,-0.03515625,0.0078125,35,34,0,0,1,1,9.9082279999995748,0.09177200000042518
632,6.3126091129999997,FINAL_CENTER_PROFILE,1,1,11.984504825410228,-4.1611844366162831,-0.87278678852531788,0.87278678852531788,12.053281784057617,-4.2370567321777344,-0.029019571566704622,-0.030140477885753733,-0.029580024726229177,-0.018154333102827672,0.011425691623401506,0.0011209063190491114,-1.5953437089920044,1.1780999898910522,-0.01171875,0.02734375,35,34,0,0,1,1,10.086113999999924,0.086113999999923863
633,6.3226124830000003,FINAL_CENTER_PROFILE,1,1,11.975942676535455,-4.1526222877415089,-0.83964298642942004,0.83964298642942004,12.03947639465332,-4.2224836349487305,-0.026838625347006383,-0.027838250807609991,-0.027338438077308187,-0.016801702932532095,0.010536735144776092,0.00099962546060360785,-1.006293773651123,0.9326624870300293,-0.01171875,0.00390625,35,34,0,0,1,1,10.003370000000622,0.0033700000006220421
634,6.3326227700000004,FINAL_CENTER_PROFILE,1,1,11.967711965681639,-4.1443915768876947,-0.80649918433352186,0.80649918433352186,12.031998634338379,-4.2125129699707031,-0.025657304587911749,-0.026263106242333318,-0.025960205415122534,-0.015501432639796309,0.010458772775326225,0.00060580165442156858,-0.68722498416900635,0.9326624870300293,-0.0390625,0.03515625,35,34,0,0,1,1,10.010287000000062,0.010287000000062108
635,6.3426265710000003,FINAL_CENTER_PROFILE,1,1,11.959812692848784,-4.1364923040548387,-0.77335538223762368,0.77335538223762368,12.02375316619873,-4.2000494003295898,-0.024354702970371615,-0.024294137870874605,-0.024324420420623112,-0.014253522224620369,0.010070898196002744,-6.0565099497009861e-05,-0.9817500114440918,1.4726250171661377,-0.0390625,0.01171875,35,34,0,0,1,1,10.003800999999868,0.0038009999998678268
636,6.3525233180000003,FINAL_CENTER_PROFILE,1,1,11.952244858036888,-4.1289244692429419,-0.7402115801417255,0.7402115801417255,12.019918441772461,-4.1906538009643555,-0.023748901315950043,-0.022809840954843445,-0.023279371135396743,-0.013057971687004247,0.010221399448392496,-0.00093906036110659799,-0.44178751111030579,0.53996247053146362,-0.0546875,0.03515625,35,34,0,0,1,1,9.8967469999999835,0.10325300000001647
637,6.362623267,FINAL_CENTER_PROFILE,1,1,11.94500846124595,-4.1216880724520042,-0.70706777804582743,0.70706777804582743,12.015891075134277,-4.1845178604125977,-0.023112666452328488,-0.021840498043988341,-0.022476582248158412,-0.011914781026947957,0.010561801221210455,-0.001272168408340147,-0.41724374890327454,0.61359375715255737,-0.0546875,0.0390625,35,34,0,0,1,1,10.099948999999775,0.099948999999774912
638,6.3725318790000003,FINAL_CENTER_PROFILE,1,1,11.93810350247597,-4.1147831136820257,-0.67392397594992925,0.67392397594992925,12.012439727783203,-4.1766557693481445,-0.022567429897403925,-0.020598461525945216,-0.021582945711674573,-0.0108239502444515,0.010758995467223073,-0.001968968371458709,-0.46633124351501465,0.51541876792907715,-0.0546875,0.02734375,35,34,0,0,1,1,9.9086120000002609,0.091387999999739122
639,6.3826189710000003,FINAL_CENTER_PROFILE,1,1,11.931529981726952,-4.1082095929330054,-0.64078017385403097,0.64078017385403097,12.006495475769043,-4.1730127334594727,-0.021628369536297327,-0.020022942421272151,-0.020825655978784739,-0.0097854793395148743,0.011040176639269865,-0.0016054271150251764,-0.88357502222061157,-0.17180624604225159,-0.04296875,0.05859375,35,34,0,0,1,1,10.08709200000002,0.087092000000019709
640,6.392524678,FINAL_CENTER_PROFILE,1,1,11.92528789899889,-4.1019675102049451,-0.60763637175813279,0.60763637175813279,12.003235816955566,-4.1707119941711426,-0.021113415531121272,-0.019659476494564357,-0.020386446012842813,-0.0087993683121380811,0.011587077700704732,-0.0014539390365569151,-0.46633124351501465,0.34361249208450317,-0.0546875,0.06640625,35,34,0,0,1,1,9.9057069999997083,0.094293000000291727
641,6.4025227339999997,FINAL_CENTER_PROFILE,1,1,11.919377254291788,-4.0960568654978431,-0.57449256966223472,0.57449256966223472,12.000551223754883,-4.1689858436584473,-0.020689309175190726,-0.019386782887376334,-0.020038046031283528,-0.0078656171623211063,0.012172428868962422,-0.0013025262878143921,0.17180624604225159,0,-0.06640625,0.05859375,35,34,0,0,1,1,9.9980559999996998,0.0019440000003001501
642,6.412521946,FINAL_CENTER_PROFILE,1,1,11.913798047605646,-4.0904776588117002,-0.54134876756633654,0.54134876756633654,11.997866630554199,-4.1668767929077148,-0.020265202819260184,-0.019053599510417046,-0.019659401164838615,-0.0069842258900639775,0.012675175274774637,-0.0012116033088431372,-0.14726249873638153,0.24543750286102295,-0.05859375,0.05859375,35,34,0,0,1,1,9.9992120000003126,0.00078799999968737211
643,6.4226236549999998,FINAL_CENTER_PROFILE,1,1,11.908550278940462,-4.0852298901465165,-0.50820496547043825,0.50820496547043825,11.996333122253418,-4.1645760536193848,-0.020022942421272151,-0.018690133583709252,-0.019356538002490702,-0.0061551944953666671,0.013201343507124035,-0.0013328088375628988,-0.17180624604225159,0.26998123526573181,-0.0703125,0.06640625,35,34,0,0,1,1,10.101708999999737,0.1017089999997367
644,6.4325280319999996,FINAL_CENTER_PROFILE,1,1,11.903633948296237,-4.080313559502291,-0.47506116337454007,0.47506116337454007,11.994606971740723,-4.1622748374938965,-0.019750248814084128,-0.01832659232727572,-0.019038420570679924,-0.0053785229782291888,0.013659897592450735,-0.0014236564868084084,-0.44178751111030579,0.19634999334812164,-0.0703125,0.0546875,35,34,0,0,1,1,9.9043769999997977,0.095623000000202296
645,6.4426340619999998,FINAL_CENTER_PROFILE,1,1,11.89904905567297,-4.0757286668790256,-0.4419173612786419,0.4419173612786419,11.993265151977539,-4.1601657867431641,-0.019538270965844599,-0.017993408950316429,-0.018765839958080514,-0.0046542113386515427,0.014111628619428971,-0.00154486201552817,-0.7117687463760376,-0.073631249368190765,-0.0703125,0.06640625,35,34,0,0,1,1,10.10603000000021,0.10603000000021012
646,6.4525346319999999,FINAL_CENTER_PROFILE,1,1,11.894795601070664,-4.0714752122767184,-0.40877355918274411,0.40877355918274411,11.991155624389648,-4.1570978164672852,-0.019205012259159566,-0.01750873749488888,-0.018356874877024223,-0.0039822595766337288,0.014374615300390494,-0.001696274764270686,-0.049087498337030411,0.34361249208450317,-0.06640625,0.06640625,35,34,0,0,1,1,9.9005700000001085,0.09942999999989155
647,6.4626199660000001,FINAL_CENTER_PROFILE,1,1,11.890873584489317,-4.0675531956953703,-0.37562975708684593,0.37562975708684593,11.987704277038574,-4.1540298461914062,-0.018659775704235007,-0.017024066039461327,-0.017841920871848167,-0.003362667692175747,0.01447925317967242,-0.0016357096647736796,-0.53996247053146362,0.29452499747276306,-0.05859375,0.05859375,35,34,0,0,1,1,10.085334000000223,0.085334000000223398
648,6.4726244230000001,FINAL_CENTER_PROFILE,1,1,11.887283005928927,-4.0639626171349814,-0.34248595499094775,0.34248595499094775,11.982719421386719,-4.151153564453125,-0.017872278751322412,-0.016569677133782278,-0.017220977942552347,-0.0027954356852775836,0.014425542257274764,-0.0013026016175401341,-0.95720624923706055,0.17180624604225159,-0.04296875,0.0546875,35,34,0,0,1,1,10.004456999999967,0.0044569999999666265
649,6.4826089590000002,FINAL_CENTER_PROFILE,1,1,11.884023865389496,-4.0607034765955516,-0.30934215289504957,0.30934215289504957,11.974665641784668,-4.1478939056396484,-0.016599959683530782,-0.016054723128606223,-0.0163273414060685,-0.0022805635559392662,0.014046777850129234,-0.00054523655492455872,-0.9326624870300293,0.39269998669624329,-0.0234375,0.04296875,35,34,0,0,1,1,9.9845360000001548,0.015463999999845157
650,6.4926112570000001,FINAL_CENTER_PROFILE,1,1,11.881096162871026,-4.057775774077081,-0.27619835079915134,0.27619835079915134,11.970639228820801,-4.143867015838623,-0.01596387547936071,-0.015418563594710407,-0.015691219537035558,-0.0018180513041607671,0.013873168232874791,-0.00054531188465030238,0.12271875143051147,0.61359375715255737,-0.0546875,0.05078125,35,34,0,0,1,1,10.002297999999854,0.0022979999998540279
651,6.5025239780000001,FINAL_CENTER_PROFILE,1,1,11.878499898373514,-4.0551795095795686,-0.24305454870325321,0.24305454870325321,11.968721389770508,-4.1400322914123535,-0.015660899322424184,-0.014812761940288839,-0.015236830631356512,-0.0014078989299421002,0.013828931701414412,-0.00084813738213534474,-1.0553812980651855,0.049087498337030411,-0.05078125,0.05078125,35,34,0,0,1,1,9.9127210000000687,0.087278999999931273
652,6.5126132139999999,FINAL_CENTER_PROFILE,1,1,11.876235071896961,-4.0529146831030154,-0.20991074660735501,0.20991074660735501,11.965078353881836,-4.1338963508605957,-0.015085380217751118,-0.013843419029433734,-0.014464399623592427,-0.0010501064332832516,0.013414293190309175,-0.001241961188317384,-0.22089375555515289,0.4908750057220459,-0.0390625,0.0234375,35,34,0,0,1,1,10.089235999999779,0.089235999999779381
653,6.5226316019999997,FINAL_CENTER_PROFILE,1,1,11.874301683441367,-4.0509812946474213,-0.17676694451145686,0.17676694451145686,11.957791328430176,-4.1268014907836914,-0.013934191348953504,-0.012722588040110366,-0.013328389694531935,-0.00074467381418424905,0.012583715880347686,-0.0012116033088431372,-0.90811872482299805,0.80994373559951782,-0.01171875,0.0234375,35,34,0,0,1,1,10.018387999999767,0.018387999999767146
654,6.532520238,FINAL_CENTER_PROFILE,1,1,11.872699733006732,-4.0493793442127863,-0.14362314241555868,0.14362314241555868,11.94686222076416,-4.1218161582946777,-0.012207634034934311,-0.011935015757472031,-0.012071324896203172,-0.00049160107264506481,0.011579723823558107,-0.00027261827746227936,-1.0553812980651855,0.22089375555515289,0,0.02734375,35,34,0,0,1,1,9.8886360000003393,0.11136399999966073
655,6.5425211360000004,FINAL_CENTER_PROFILE,1,1,11.871429220593056,-4.0481088317991105,-0.11047934031966047,0.11047934031966047,11.942451477050781,-4.117405891418457,-0.011510834071815745,-0.011238291124079208,-0.011374562597947478,-0.00029088820866572662,0.011083674389281751,-0.00027254294773653744,-0.41724374890327454,0.14726249873638153,-0.03515625,0.01171875,35,34,0,0,1,1,10.000898000000369,0.0008980000003688815
656,6.5525241000000003,FINAL_CENTER_PROFILE,1,1,11.870490146200339,-4.047169757406393,-0.07733553822376231,0.07733553822376231,11.938808441162109,-4.1122283935546875,-0.01093531496714268,-0.010420360961966624,-0.010677837964554652,-0.00014253522224620674,0.010535302742308445,-0.00051495400517605552,-0.63813751935958862,0.44178751111030579,-0.01171875,0.0234375,35,34,0,0,1,1,10.002963999999892,0.002963999999892053
657,6.5626220530000001,FINAL_CENTER_PROFILE,1,1,11.86988250982858,-4.0465621210346354,-0.044191736127864117,0.044191736127864117,11.929604530334473,-4.1041750907897949,-0.0094813006008600247,-0.0091481172239007355,-0.009314708912380381,-4.6542113386519035e-05,0.0092681667989938619,-0.00033318337695928922,-1.4726250171661377,0.7608562707901001,0.00390625,0,35,34,0,0,1,1,10.097952999999826,0.097952999999826318
658,6.5726096060000003,FINAL_CENTER_PROFILE,1,1,11.869606311477781,-4.0462859226838361,-0.011047934031965937,0.011047934031965937,11.920783996582031,-4.0972723960876465,-0.0080878513340743776,-0.0080576441140516146,-0.0080727477240629952,-2.9088820866635112e-06,0.0080698388419763317,-3.0207220022763007e-05,-1.0799249410629272,0.61359375715255737,0,0.0078125,35,34,0,0,1,1,9.9875530000002044,0.012446999999795594
659,6.5826208700000004,FINAL_CENTER_PROFILE,1,1,11.869587898254395,-4.0462675094604492,-0,0,11.918292045593262,-4.0934371948242188,-0.007694178187343823,-0.0074517671299043041,-0.007572972658624064,0,0.007572972658624064,-0.00024241105743951896,-0.049087498337030411,0.14726249873638153,-0.0078125,0.0078125,35,34,0,0,1,1,10.011264000000075,0.011264000000075214
660,6.5924889699999998,FINAL_CENTER_ENDPOINT,1,1,11.869587898254395,-4.0462675094604492,-0,0,11.914839744567871,-4.089026927947998,-0.007148790972967777,-0.0067550424965114805,-0.0069519167347396292,0,0.0069519167347396292,-0.00039374847645629648,-0.12271875143051147,0.41724374890327454,0,0.00390625,35,34,0,0,1,1,9.8680999999993801,0.13190000000061985
661,6.602617242,FINAL_CENTER_ENDPOINT,1,1,11.869587898254395,-4.0462675094604492,-0,0,11.909279823303223,-4.0832748413085938,-0.006270446370809671,-0.0058463400148791277,-0.0060583931928443989,0,0.0060583931928443989,-0.00042410635593054333,-0.68722498416900635,0.36815625429153442,0.00390625,-0.0078125,35,34,0,0,1,1,10.128272000000216,0.12827200000021577
662,6.6125187299999997,FINAL_CENTER_ENDPOINT,1,1,11.869587898254395,-4.0462675094604492,-0,0,11.90352725982666,-4.0775222778320312,-0.0053616685594515753,-0.004937562203521032,-0.0051496153814863041,0,0.0051496153814863041,-0.00042410635593054333,-0.41724374890327454,0.78539997339248657,0.00390625,-0.0078125,35,34,0,0,1,1,9.9014879999996808,0.098512000000319233
663,6.6226167340000002,FINAL_CENTER_ENDPOINT,1,1,11.869587898254395,-4.0462675094604492,-0,0,11.899884223937988,-4.074070930480957,-0.0047861494547785108,-0.0043923256485964715,-0.0045892375516874912,0,0.0045892375516874912,-0.00039382380618203927,-0.44178751111030579,-0.049087498337030411,0,0.00390625,35,34,0,0,1,1,10.098004000000493,0.098004000000493363
664,6.6325868410000002,FINAL_CENTER_ENDPOINT,1,1,11.869587898254395,-4.0462675094604492,-0,0,11.897966384887695,-4.0719614028930664,-0.0044831732978419837,-0.0040590669419114404,-0.0042711201198767125,0,0.0042711201198767125,-0.00042410635593054333,-0.098174996674060822,0.17180624604225159,0,0.00390625,35,34,0,0,1,1,9.9701070000000058,0.029892999999994174
665,6.6425238499999999,FINAL_CENTER_ENDPOINT,1,1,11.869587898254395,-4.0462675094604492,-0,0,11.896048545837402,-4.069852352142334,-0.0041801971409054575,-0.003725883564952152,-0.0039530403529288048,0,0.0039530403529288048,-0.00045431357595330547,-0.61359375715255737,0.12271875143051147,0,0.00390625,35,34,0,0,1,1,9.9370089999997191,0.062991000000280906
666,6.6524840809999999,FINAL_CENTER_ENDPOINT,1,1,11.869587898254395,-4.0462675094604492,-0,0,11.894898414611816,-4.0687017440795898,-0.0039985018424144323,-0.0035441129367353844,-0.0037713073895749086,0,0.0037713073895749086,-0.00045438890567904783,-0.24543750286102295,0,-0.0078125,0.0078125,35,34,0,0,1,1,9.9602309999999861,0.039769000000013932
667,6.6625066689999999,FINAL_CENTER_ENDPOINT,1,1,11.869587898254395,-4.0462675094604492,-0,0,11.894515037536621,-4.0683183670043945,-0.0039379367429174241,-0.0034835478372383759,-0.0037107422900779,0,0.0037107422900779,-0.00045438890567904826,-0.39269998669624329,-0.31906875967979431,-0.01171875,0.01171875,35,34,0,0,1,1,10.022587999999999,0.022587999999998942
668,6.6724884309999997,FINAL_CENTER_ENDPOINT,1,1,11.869587898254395,-4.0462675094604492,-0,0,11.894706726074219,-4.0681266784667969,-0.0039682192926659282,-0.0034532652874898718,-0.0037107422900779,0,0.0037107422900779,-0.00051495400517605639,0.073631249368190765,0.098174996674060822,-0.01953125,0.01171875,35,34,0,0,1,1,9.9817619999997831,0.018238000000216914
669,6.6824841389999996,FINAL_CENTER_ENDPOINT,1,1,11.869587898254395,-4.0462675094604492,-0,0,11.894898414611816,-4.0685100555419922,-0.0039985018424144323,-0.0035138303869868804,-0.0037561661147006561,0,0.0037561661147006561,-0.00048467145542755189,0.12271875143051147,-0.12271875143051147,-0.01171875,0.01171875,35,34,0,0,1,1,9.9957079999999365,0.0042920000000634673
670,6.6925068779999997,FINAL_CENTER_ENDPOINT,1,1,11.869587898254395,-4.0462675094604492,-0,0,11.895090103149414,-4.0688934326171875,-0.0040287843921629363,-0.0035743954864838885,-0.0038015899393234126,0,0.0038015899393234126,-0.00045438890567904783,-0.29452499747276306,-0.22089375555515289,-0.0234375,0.01171875,35,34,0,0,1,1,10.022739000000058,0.02273900000005824
671,6.7025178509999996,FINAL_CENTER_ENDPOINT,1,1,11.869587898254395,-4.0462675094604492,-0,0,11.895281791687012,-4.0690851211547852,-0.0040590669419114404,-0.003604678036232393,-0.0038318724890719167,0,0.0038318724890719167,-0.0004543889056790474,-0.12271875143051147,0.073631249368190765,-0.01171875,0.01953125,35,34,0,0,1,1,10.010972999999979,0.010972999999978583
672,6.7125956760000003,FINAL_CENTER_ENDPOINT,1,1,11.869587898254395,-4.0462675094604492,-0,0,11.895473480224609,-4.0694689750671387,-0.0040893494916599445,-0.0036653184654551439,-0.0038773339785575442,0,0.0038773339785575442,-0.00042403102620480054,0.12271875143051147,-0.29452499747276306,-0.01171875,0.01171875,35,34,0,0,1,1,10.077825000000651,0.077825000000650846
673,6.7225735010000003,FINAL_CENTER_ENDPOINT,1,1,11.869587898254395,-4.0462675094604492,-0,0,11.895473480224609,-4.0694689750671387,-0.0040893494916599445,-0.0036653184654551439,-0.0038773339785575442,0,0.0038773339785575442,-0.00042403102620480054,0.12271875143051147,-0.024543749168515205,-0.01171875,0.0078125,35,34,0,0,1,1,9.9778249999999957,0.022175000000004275
674,6.7325761279999998,FINAL_CENTER_ENDPOINT,1,1,11.869587898254395,-4.0462675094604492,-0,0,11.895281791687012,-4.0690851211547852,-0.0040590669419114404,-0.003604678036232393,-0.0038318724890719167,0,0.0038318724890719167,-0.0004543889056790474,0,-0.049087498337030411,-0.01171875,0.0078125,35,34,0,0,1,1,10.002626999999542,0.002626999999542079
675,6.7425688240000001,FINAL_CENTER_ENDPOINT,1,1,11.869587898254395,-4.0462675094604492,-0,0,11.895090103149414,-4.0690851211547852,-0.0040287843921629363,-0.003604678036232393,-0.0038167312141976647,0,0.0038167312141976647,-0.00042410635593054333,-0.24543750286102295,-0.31906875967979431,-0.01953125,0.0078125,35,34,0,0,1,1,9.9926960000003007,0.0073039999996993288
676,6.752516344,FINAL_CENTER_ENDPOINT,1,1,11.869587898254395,-4.0462675094604492,-0,0,11.894706726074219,-4.0687017440795898,-0.0039682192926659282,-0.0035441129367353844,-0.0037561661147006561,0,0.0037561661147006561,-0.00042410635593054377,-0.44178751111030579,-0.098174996674060822,-0.01171875,0.00390625,35,34,0,0,1,1,9.9475199999998765,0.052480000000123539
677,6.7625762140000001,FINAL_CENTER_ENDPOINT,1,1,11.869587898254395,-4.0462675094604492,-0,0,11.894898414611816,-4.0688934326171875,-0.0039985018424144323,-0.0035743954864838885,-0.0037864486644491602,0,0.0037864486644491602,-0.00042410635593054377,-0.17180624604225159,-0.58904999494552612,-0.01953125,0.01953125,35,34,0,0,1,1,10.059870000000082,0.059870000000081802
678,6.7725165460000003,FINAL_CENTER_ENDPOINT,1,1,11.869587898254395,-4.0462675094604492,-0,0,11.895090103149414,-4.0687017440795898,-0.0040287843921629363,-0.0035441129367353844,-0.0037864486644491602,0,0.0037864486644491602,-0.00048467145542755189,0.26998123526573181,-0.24543750286102295,-0.01953125,0.01171875,35,34,0,0,1,1,9.9403320000002182,0.059667999999781784
679,6.7825792690000002,FINAL_CENTER_ENDPOINT,1,1,11.869587898254395,-4.0462675094604492,-0,0,11.894898414611816,-4.0688934326171875,-0.0039985018424144323,-0.0035743954864838885,-0.0037864486644491602,0,0.0037864486644491602,-0.00042410635593054377,-0.24543750286102295,-0.24543750286102295,-0.01171875,0.0078125,35,34,0,0,1,1,10.062722999999885,0.062722999999884621
680,6.7925170789999996,FINAL_CENTER_ENDPOINT,1,1,11.869587898254395,-4.0462675094604492,-0,0,11.895281791687012,-4.0690851211547852,-0.0040590669419114404,-0.003604678036232393,-0.0038318724890719167,0,0.0038318724890719167,-0.0004543889056790474,0.17180624604225159,-0.24543750286102295,-0.01171875,0.01171875,35,34,0,0,1,1,9.9378099999993808,0.06219000000061925
681,6.8026042179999999,FINAL_CENTER_ENDPOINT,1,1,11.869587898254395,-4.0462675094604492,-0,0,11.895090103149414,-4.0690851211547852,-0.0040287843921629363,-0.003604678036232393,-0.0038167312141976647,0,0.0038167312141976647,-0.00042410635593054333,0.098174996674060822,-0.24543750286102295,-0.01953125,0.01171875,35,34,0,0,1,1,10.087139000000356,0.087139000000355793
682,6.8125911439999998,FINAL_CENTER_ENDPOINT,1,1,11.869587898254395,-4.0462675094604492,-0,0,11.895281791687012,-4.069277286529541,-0.0040590669419114404,-0.0036350359157066394,-0.0038470514288090401,0,0.0038470514288090401,-0.00042403102620480098,0.073631249368190765,0,-0.01953125,0.01171875,35,34,0,0,1,1,9.9869259999998405,0.013074000000159458
683,6.8225943879999997,FINAL_CENTER_ENDPOINT,1,1,11.869587898254395,-4.0462675094604492,-0,0,11.895090103149414,-4.0690851211547852,-0.0040287843921629363,-0.003604678036232393,-0.0038167312141976647,0,0.0038167312141976647,-0.00042410635593054333,0.098174996674060822,0,-0.01171875,0.01171875,35,34,0,0,1,1,10.003243999999967,0.003243999999966718
684,6.8324840699999996,FINAL_CENTER_ENDPOINT,1,1,11.869587898254395,-4.0462675094604492,-0,0,11.895281791687012,-4.0690851211547852,-0.0040590669419114404,-0.003604678036232393,-0.0038318724890719167,0,0.0038318724890719167,-0.0004543889056790474,0.19634999334812164,-0.26998123526573181,-0.01171875,0.01171875,35,34,0,0,1,1,9.8896819999998442,0.11031800000015579
685,6.8424832520000001,FINAL_CENTER_ENDPOINT,1,1,11.869587898254395,-4.0462675094604492,-0,0,11.895090103149414,-4.0687017440795898,-0.0040287843921629363,-0.0035441129367353844,-0.0037864486644491602,0,0.0037864486644491602,-0.00048467145542755189,-0.024543749168515205,0.073631249368190765,-0.01953125,0.0078125,35,34,0,0,1,1,9.999182000000495,0.00081799999950504798
686,6.852486377,FINAL_CENTER_ENDPOINT,1,1,11.869587898254395,-4.0462675094604492,-0,0,11.894898414611816,-4.0687017440795898,-0.0039985018424144323,-0.0035441129367353844,-0.0037713073895749086,0,0.0037713073895749086,-0.00045438890567904783,-0.29452499747276306,-0.024543749168515205,-0.01953125,0.01171875,35,34,0,0,1,1,10.003124999999891,0.0031249999998905764
687,6.8624877160000004,FINAL_CENTER_ENDPOINT,1,1,11.869587898254395,-4.0462675094604492,-0,0,11.895090103149414,-4.0687017440795898,-0.0040287843921629363,-0.0035441129367353844,-0.0037864486644491602,0,0.0037864486644491602,-0.00048467145542755189,0.049087498337030411,0,-0.01953125,0.0078125,35,34,0,0,1,1,10.001339000000442,0.0013390000004420699
688,6.8725109949999998,FINAL_CENTER_ENDPOINT,1,1,11.869587898254395,-4.0462675094604492,-0,0,11.895090103149414,-4.0688934326171875,-0.0040287843921629363,-0.0035743954864838885,-0.0038015899393234126,0,0.0038015899393234126,-0.00045438890567904783,0.073631249368190765,-0.17180624604225159,-0.01171875,0.0078125,35,34,0,0,1,1,10.023278999999441,0.023278999999440941
689,6.8824834609999996,FINAL_CENTER_ENDPOINT,1,1,11.869587898254395,-4.0462675094604492,-0,0,11.894898414611816,-4.0688934326171875,-0.0039985018424144323,-0.0035743954864838885,-0.0037864486644491602,0,0.0037864486644491602,-0.00042410635593054377,-0.39269998669624329,-0.049087498337030411,-0.01171875,0.01171875,35,34,0,0,1,1,9.9724659999997911,0.027534000000208891
690,6.8925010279999999,FINAL_CENTER_ENDPOINT,1,1,11.869587898254395,-4.0462675094604492,-0,0,11.895090103149414,-4.0688934326171875,-0.0040287843921629363,-0.0035743954864838885,-0.0038015899393234126,0,0.0038015899393234126,-0.00045438890567904783,-0.12271875143051147,-0.024543749168515205,-0.01171875,0.01171875,35,34,0,0,1,1,10.017567000000227,0.01756700000022704
691,6.9024801419999999,FINAL_CENTER_ENDPOINT,1,1,11.869587898254395,-4.0462675094604492,-0,0,11.895281791687012,-4.0688934326171875,-0.0040590669419114404,-0.0035743954864838885,-0.0038167312141976642,0,0.0038167312141976642,-0.00048467145542755189,0.12271875143051147,0.098174996674060822,-0.01171875,0.01171875,35,34,0,0,1,1,9.9791140000000667,0.020885999999933347
692,6.9124973350000003,FINAL_CENTER_ENDPOINT,1,1,11.869587898254395,-4.0462675094604492,-0,0,11.895281791687012,-4.0690851211547852,-0.0040590669419114404,-0.003604678036232393,-0.0038318724890719167,0,0.0038318724890719167,-0.0004543889056790474,0.12271875143051147,-0.29452499747276306,-0.0078125,0.01171875,35,34,0,0,1,1,10.017193000000368,0.017193000000368386
693,6.9225825480000003,FINAL_CENTER_ENDPOINT,1,1,11.869587898254395,-4.0462675094604492,-0,0,11.895281791687012,-4.0688934326171875,-0.0040590669419114404,-0.0035743954864838885,-0.0038167312141976642,0,0.0038167312141976642,-0.00048467145542755189,0.12271875143051147,0,-0.01171875,0.01171875,35,34,0,0,1,1,10.085212999999982,0.085212999999981776
694,6.9325910349999997,FINAL_CENTER_ENDPOINT,1,1,11.869587898254395,-4.0462675094604492,-0,0,11.895090103149414,-4.0688934326171875,-0.0040287843921629363,-0.0035743954864838885,-0.0038015899393234126,0,0.0038015899393234126,-0.00045438890567904783,-0.14726249873638153,-0.049087498337030411,-0.01171875,0.01171875,35,34,0,0,1,1,10.008486999999455,0.0084869999994552359
695,6.9425963340000001,FINAL_CENTER_ENDPOINT,1,1,11.869587898254395,-4.0462675094604492,-0,0,11.894706726074219,-4.0688934326171875,-0.0039682192926659282,-0.0035743954864838885,-0.0037713073895749086,0,0.0037713073895749086,-0.0003938238061820397,-0.6626812219619751,-0.049087498337030411,-0.0234375,0.01953125,35,34,0,0,1,1,10.005299000000356,0.0052990000003561022
696,6.9525979480000002,FINAL_CENTER_ENDPOINT,1,1,11.869587898254395,-4.0462675094604492,-0,0,11.894898414611816,-4.0687017440795898,-0.0039985018424144323,-0.0035441129367353844,-0.0037713073895749086,0,0.0037713073895749086,-0.00045438890567904783,-0.24543750286102295,0.073631249368190765,-0.0234375,0.01171875,35,34,0,0,1,1,10.001614000000103,0.001614000000103033
697,6.962589769,FINAL_CENTER_ENDPOINT,1,1,11.869587898254395,-4.0462675094604492,-0,0,11.894898414611816,-4.0687017440795898,-0.0039985018424144323,-0.0035441129367353844,-0.0037713073895749086,0,0.0037713073895749086,-0.00045438890567904783,-0.24543750286102295,0.12271875143051147,-0.01953125,0.01953125,35,34,0,0,1,1,9.9918209999998453,0.0081790000001547014
698,6.9725947980000003,FINAL_CENTER_ENDPOINT,1,1,11.869587898254395,-4.0462675094604492,-0,0,11.894898414611816,-4.0687017440795898,-0.0039985018424144323,-0.0035441129367353844,-0.0037713073895749086,0,0.0037713073895749086,-0.00045438890567904783,-0.31906875967979431,0.12271875143051147,-0.01171875,0.01171875,35,34,0,0,1,1,10.005029000000221,0.0050290000002206625
699,6.9825134369999997,FINAL_CENTER_ENDPOINT,1,1,11.869587898254395,-4.0462675094604492,-0,0,11.895090103149414,-4.0687017440795898,-0.0040287843921629363,-0.0035441129367353844,-0.0037864486644491602,0,0.0037864486644491602,-0.00048467145542755189,-0.024543749168515205,0.12271875143051147,-0.01953125,0.01171875,35,34,0,0,1,1,9.9186389999994518,0.081361000000548245
700,6.9925135870000004,FINAL_CENTER_ENDPOINT,1,1,11.869587898254395,-4.0462675094604492,-0,0,11.895090103149414,-4.0687017440795898,-0.0040287843921629363,-0.0035441129367353844,-0.0037864486644491602,0,0.0037864486644491602,-0.00048467145542755189,-0.024543749168515205,0.073631249368190765,-0.01171875,0.01171875,35,34,0,0,1,1,10.000150000000652,0.00015000000065157337
701,7.0025947310000003,FINAL_CENTER_ENDPOINT,1,1,11.869587898254395,-4.0462675094604492,-0,0,11.895090103149414,-4.0688934326171875,-0.0040287843921629363,-0.0035743954864838885,-0.0038015899393234126,0,0.0038015899393234126,-0.00045438890567904783,0.024543749168515205,-0.34361249208450317,-0.01171875,0.01171875,35,34,0,0,1,1,10.081143999999931,0.081143999999930827
702,7.0125928699999998,FINAL_CENTER_ENDPOINT,1,1,11.869587898254395,-4.0462675094604492,-0,0,11.895090103149414,-4.0687017440795898,-0.0040287843921629363,-0.0035441129367353844,-0.0037864486644491602,0,0.0037864486644491602,-0.00048467145542755189,0.073631249368190765,0.24543750286102295,-0.01953125,0.01953125,35,34,0,0,1,1,9.9981389999994619,0.0018610000005381266
703,7.0225941479999996,FINAL_CENTER_ENDPOINT,1,1,11.869587898254395,-4.0462675094604492,-0,0,11.895090103149414,-4.0688934326171875,-0.0040287843921629363,-0.0035743954864838885,-0.0038015899393234126,0,0.0038015899393234126,-0.00045438890567904783,-0.049087498337030411,-0.24543750286102295,-0.01953125,0.01171875,35,34,0,0,1,1,10.001277999999836,0.0012779999998357994
704,7.0325117480000001,FINAL_CENTER_ENDPOINT,1,1,11.869587898254395,-4.0462675094604492,-0,0,11.894898414611816,-4.0687017440795898,-0.0039985018424144323,-0.0035441129367353844,-0.0037713073895749086,0,0.0037713073895749086,-0.00045438890567904783,-0.36815625429153442,0,-0.01953125,0.01171875,35,34,0,0,1,1,9.917600000000526,0.082399999999474005
705,7.0425206210000004,FINAL_CENTER_ENDPOINT,1,1,11.869587898254395,-4.0462675094604492,-0,0,11.895090103149414,-4.0687017440795898,-0.0040287843921629363,-0.0035441129367353844,-0.0037864486644491602,0,0.0037864486644491602,-0.00048467145542755189,-0.024543749168515205,0,-0.0078125,0.01171875,35,34,0,0,1,1,10.008873000000307,0.0088730000003067744
706,7.0525077449999998,FINAL_CENTER_ENDPOINT,1,1,11.869587898254395,-4.0462675094604492,-0,0,11.895090103149414,-4.0688934326171875,-0.0040287843921629363,-0.0035743954864838885,-0.0038015899393234126,0,0.0038015899393234126,-0.00045438890567904783,-0.22089375555515289,0.12271875143051147,-0.01171875,0.01171875,35,34,0,0,1,1,9.9871239999993477,0.012876000000652255
707,7.0625984669999999,FINAL_CENTER_ENDPOINT,1,1,11.869587898254395,-4.0462675094604492,-0,0,11.895090103149414,-4.0687017440795898,-0.0040287843921629363,-0.0035441129367353844,-0.0037864486644491602,0,0.0037864486644491602,-0.00048467145542755189,0,0.29452499747276306,-0.01171875,0.01953125,35,34,0,0,1,1,10.090722000000163,0.09072200000016295
708,7.0725081269999999,FINAL_CENTER_ENDPOINT,1,1,11.869587898254395,-4.0462675094604492,-0,0,11.895090103149414,-4.0687017440795898,-0.0040287843921629363,-0.0035441129367353844,-0.0037864486644491602,0,0.0037864486644491602,-0.00048467145542755189,-0.098174996674060822,0.073631249368190765,-0.01171875,0.01171875,35,34,0,0,1,1,9.9096599999999313,0.090340000000068699
709,7.0826014580000001,FINAL_CENTER_ENDPOINT,1,1,11.869587898254395,-4.0462675094604492,-0,0,11.895090103149414,-4.0688934326171875,-0.0040287843921629363,-0.0035743954864838885,-0.0038015899393234126,0,0.0038015899393234126,-0.00045438890567904783,-0.12271875143051147,-0.24543750286102295,-0.01171875,0.01171875,35,34,0,0,1,1,10.093331000000205,0.093331000000205222
710,7.085115192,FINAL_DUAL_BRAKE,0,0,0,0,0,0,11.895281791687012,-4.0688934326171875,-0.0040590669419114404,-0.0035743954864838885,-0.0038167312141976642,nan,0.0038167312141976642,-0.00048467145542755189,0.17180624604225159,0,-0.0078125,0.0078125,35,34,0,0,1,1,2.5137339999998787,7.4862660000001213
711,7.0952919330000004,FINAL_DUAL_BRAKE,0,0,0,0,0,0,11.895281791687012,-4.069852352142334,-0.0040590669419114404,-0.003725883564952152,-0.0038924752534317962,nan,0.0038924752534317962,-0.00033318337695928835,0.098174996674060822,0.12271875143051147,0,0,35,34,0,0,1,1,10.176741000000433,0.17674100000043325
712,7.1051706279999998,FINAL_DUAL_BRAKE,0,0,0,0,0,0,11.895281791687012,-4.0702357292175293,-0.0040590669419114404,-0.0037864486644491606,-0.0039227578031803007,nan,0.0039227578031803007,-0.00027261827746227979,-0.22089375555515289,-0.024543749168515205,0,0,35,34,0,0,1,1,9.8786949999993823,0.12130500000061772
713,7.1152787770000003,FINAL_DUAL_BRAKE,0,0,0,0,0,0,11.895473480224609,-4.070427417755127,-0.0040893494916599445,-0.0038167312141976647,-0.0039530403529288048,nan,0.0039530403529288048,-0.00027261827746227979,0.098174996674060822,-0.049087498337030411,0,0,35,34,0,0,1,1,10.108149000000566,0.10814900000056582
714,7.1253202699999996,FINAL_DUAL_BRAKE,0,0,0,0,0,0,11.895665168762207,-4.0706191062927246,-0.0041196320414084485,-0.0038470137639461687,-0.0039833229026773088,nan,0.0039833229026773088,-0.00027261827746227979,0.26998123526573181,0.14726249873638153,0,0,35,34,0,0,1,1,10.041492999999235,0.04149299999923528
