tick,timestamp_s,phase,level,target_kp,active_kp,kp_cmd_count,kp_cmd_decoded,kd_cmd_count,kd_cmd_decoded,tff_nm,a_tff_count,b_tff_count,a_mode,b_mode,a_q_cmd,b_q_cmd,a_dq_cmd,b_dq_cmd,a_raw,b_raw,qA_logical_rad,qB_logical_rad,qJ2_logical_rad,q_ref_rad,e_common_rad,e_sync_rad,a_dq_feedback,b_dq_feedback,a_dq_logical,b_dq_logical,a_tau,b_tau,tau_J2_feedback,expected_A_PD_tau,expected_B_PD_tau,a_temp,b_temp,a_merror,b_merror,a_received_id,b_received_id,a_send_recv,b_send_recv,a_correct,b_correct,a_crc_ok,b_crc_ok,a_valid,b_valid,termination_reason,cycle_period_ms,cycle_jitter_ms
0,1.8610000000000001e-06,SESSION_BRAKE_CAPTURE,J2_KP140,1.3999999999999999,0,0,0,0,0,0,0,0,0,0,0,0,0,0,2.4164087772369385,5.4648194313049316,nan,nan,nan,nan,nan,nan,-0.26998123526573181,-0.58904999494552612,nan,nan,0,0,nan,nan,nan,33,32,0,0,0,1,1,1,1,1,1,1,1,1,RUNNING,nan,nan
1,0.010126593,SESSION_BRAKE_CAPTURE,J2_KP140,1.3999999999999999,0,0,0,0,0,0,0,0,0,0,0,0,0,0,2.4166007041931152,5.465202808380127,nan,nan,nan,nan,nan,nan,0.098174996674060822,0.12271875143051147,nan,nan,0,0,nan,nan,nan,33,32,0,0,0,1,1,1,1,1,1,1,1,1,RUNNING,10.124732,0.12473199999999984
2,0.020099899000000001,SESSION_BRAKE_CAPTURE,J2_KP140,1.3999999999999999,0,0,0,0,0,0,0,0,0,0,0,0,0,0,2.4164087772369385,5.465202808380127,nan,nan,nan,nan,nan,nan,-0.34361249208450317,0.073631249368190765,nan,nan,0,0,nan,nan,nan,33,32,0,0,0,1,1,1,1,1,1,1,1,1,RUNNING,9.9733060000000009,0.026693999999999107
3,0.030092527000000001,SESSION_BRAKE_CAPTURE,J2_KP140,1.3999999999999999,0,0,0,0,0,0,0,0,0,0,0,0,0,0,2.4164087772369385,5.4650111198425293,nan,nan,nan,nan,nan,nan,-0.31906875967979431,-0.34361249208450317,nan,nan,0,0,nan,nan,nan,33,32,0,0,0,1,1,1,1,1,1,1,1,1,RUNNING,9.9926279999999998,0.0073720000000001562
4,0.040089910999999999,SESSION_BRAKE_CAPTURE,J2_KP140,1.3999999999999999,0,0,0,0,0,0,0,0,0,0,0,0,0,0,2.4162170886993408,5.4650111198425293,nan,nan,nan,nan,nan,nan,-0.39269998669624329,-0.24543750286102295,nan,nan,0,0,nan,nan,nan,33,32,0,0,0,1,1,1,1,1,1,1,1,1,RUNNING,9.9973839999999985,0.002616000000001506
5,0.050180486000000003,SESSION_BRAKE_CAPTURE,J2_KP140,1.3999999999999999,0,0,0,0,0,0,0,0,0,0,0,0,0,0,2.4164087772369385,5.4650111198425293,nan,nan,nan,nan,nan,nan,-0.17180624604225159,-0.24543750286102295,nan,nan,0,0,nan,nan,nan,33,32,0,0,0,1,1,1,1,1,1,1,1,1,RUNNING,10.090575000000005,0.090575000000004735
6,0.060094516000000001,SESSION_BRAKE_CAPTURE,J2_KP140,1.3999999999999999,0,0,0,0,0,0,0,0,0,0,0,0,0,0,2.4162170886993408,5.4650111198425293,nan,nan,nan,nan,nan,nan,-0.53996247053146362,-0.24543750286102295,nan,nan,0,0,nan,nan,nan,33,32,0,0,0,1,1,1,1,1,1,1,1,1,RUNNING,9.9140299999999968,0.085970000000003211
7,0.070098851000000004,SESSION_BRAKE_CAPTURE,J2_KP140,1.3999999999999999,0,0,0,0,0,0,0,0,0,0,0,0,0,0,2.4166007041931152,5.4650111198425293,nan,nan,nan,nan,nan,nan,0,-0.26998123526573181,nan,nan,0,0,nan,nan,nan,33,32,0,0,0,1,1,1,1,1,1,1,1,1,RUNNING,10.004335000000003,0.0043350000000028643
8,0.080094609999999997,SESSION_BRAKE_CAPTURE,J2_KP140,1.3999999999999999,0,0,0,0,0,0,0,0,0,0,0,0,0,0,2.4164087772369385,5.4650111198425293,nan,nan,nan,nan,nan,nan,-0.29452499747276306,-0.24543750286102295,nan,nan,0,0,nan,nan,nan,33,32,0,0,0,1,1,1,1,1,1,1,1,1,RUNNING,9.9957589999999925,0.0042410000000074888
9,0.090092012999999999,SESSION_BRAKE_CAPTURE,J2_KP140,1.3999999999999999,0,0,0,0,0,0,0,0,0,0,0,0,0,0,2.4166007041931152,5.465202808380127,nan,nan,nan,nan,nan,nan,0.098174996674060822,0.12271875143051147,nan,nan,0,0,nan,nan,nan,33,32,0,0,0,1,1,1,1,1,1,1,1,1,RUNNING,9.997403000000002,0.002596999999997962
10,0.100191345,SESSION_BRAKE_CAPTURE,J2_KP140,1.3999999999999999,0,0,0,0,0,0,0,0,0,0,0,0,0,0,2.4164087772369385,5.465202808380127,nan,nan,nan,nan,nan,nan,-0.19634999334812164,0.12271875143051147,nan,nan,0,0,nan,nan,nan,33,32,0,0,0,1,1,1,1,1,1,1,1,1,RUNNING,10.099332000000002,0.099332000000002196
11,0.110143872,SESSION_BRAKE_CAPTURE,J2_KP140,1.3999999999999999,0,0,0,0,0,0,0,0,0,0,0,0,0,0,2.4164087772369385,5.4650111198425293,nan,nan,nan,nan,nan,nan,-0.34361249208450317,-0.24543750286102295,nan,nan,0,0,nan,nan,nan,33,32,0,0,0,1,1,1,1,1,1,1,1,1,RUNNING,9.9525270000000035,0.047472999999996546
12,0.120122164,SESSION_BRAKE_CAPTURE,J2_KP140,1.3999999999999999,0,0,0,0,0,0,0,0,0,0,0,0,0,0,2.4164087772369385,5.4650111198425293,nan,nan,nan,nan,nan,nan,-0.29452499747276306,-0.31906875967979431,nan,nan,0,0,nan,nan,nan,33,32,0,0,0,1,1,1,1,1,1,1,1,1,RUNNING,9.9782919999999997,0.021708000000000283
13,0.13009712900000001,SESSION_BRAKE_CAPTURE,J2_KP140,1.3999999999999999,0,0,0,0,0,0,0,0,0,0,0,0,0,0,2.4164087772369385,5.4650111198425293,nan,nan,nan,nan,nan,nan,-0.024543749168515205,-0.34361249208450317,nan,nan,0,0,nan,nan,nan,33,32,0,0,0,1,1,1,1,1,1,1,1,1,RUNNING,9.9749650000000027,0.025034999999997254
14,0.140176305,SESSION_BRAKE_CAPTURE,J2_KP140,1.3999999999999999,0,0,0,0,0,0,0,0,0,0,0,0,0,0,2.4162170886993408,5.4650111198425293,nan,nan,nan,nan,nan,nan,-0.58904999494552612,-0.24543750286102295,nan,nan,0,0,nan,nan,nan,33,32,0,0,0,1,1,1,1,1,1,1,1,1,RUNNING,10.079175999999995,0.079175999999995028
15,0.15017587700000001,SESSION_BRAKE_CAPTURE,J2_KP140,1.3999999999999999,0,0,0,0,0,0,0,0,0,0,0,0,0,0,2.4164087772369385,5.4650111198425293,nan,nan,nan,nan,nan,nan,-0.31906875967979431,-0.24543750286102295,nan,nan,0,0,nan,nan,nan,33,32,0,0,0,1,1,1,1,1,1,1,1,1,RUNNING,9.9995720000000112,0.0004279999999887707
16,0.16017447700000001,SESSION_BRAKE_CAPTURE,J2_KP140,1.3999999999999999,0,0,0,0,0,0,0,0,0,0,0,0,0,0,2.4164087772369385,5.465202808380127,nan,nan,nan,nan,nan,nan,-0.26998123526573181,0.19634999334812164,nan,nan,0,0,nan,nan,nan,33,32,0,0,0,1,1,1,1,1,1,1,1,1,RUNNING,9.9985999999999962,0.0014000000000038426
17,0.170192764,SESSION_BRAKE_CAPTURE,J2_KP140,1.3999999999999999,0,0,0,0,0,0,0,0,0,0,0,0,0,0,2.4164087772369385,5.4650111198425293,nan,nan,nan,nan,nan,nan,-0.36815625429153442,-0.31906875967979431,nan,nan,0,0,nan,nan,nan,33,32,0,0,0,1,1,1,1,1,1,1,1,1,RUNNING,10.018286999999987,0.01828699999998662
18,0.18009092199999999,SESSION_BRAKE_CAPTURE,J2_KP140,1.3999999999999999,0,0,0,0,0,0,0,0,0,0,0,0,0,0,2.4164087772369385,5.4650111198425293,nan,nan,nan,nan,nan,nan,-0.34361249208450317,0.098174996674060822,nan,nan,0,0,nan,nan,nan,33,32,0,0,0,1,1,1,1,1,1,1,1,1,RUNNING,9.8981579999999898,0.1018420000000102
19,0.19025476799999999,SESSION_BRAKE_CAPTURE,J2_KP140,1.3999999999999999,0,0,0,0,0,0,0,0,0,0,0,0,0,0,2.4164087772369385,5.4650111198425293,nan,nan,nan,nan,nan,nan,-0.024543749168515205,-0.24543750286102295,nan,nan,0,0,nan,nan,nan,33,32,0,0,0,1,1,1,1,1,1,1,1,1,RUNNING,10.163846000000005,0.16384600000000482
20,0.20009324100000001,SESSION_BRAKE_CAPTURE,J2_KP140,1.3999999999999999,0,0,0,0,0,0,0,0,0,0,0,0,0,0,2.4166007041931152,5.4650111198425293,nan,nan,nan,nan,nan,nan,0.14726249873638153,-0.24543750286102295,nan,nan,0,0,nan,nan,nan,33,32,0,0,0,1,1,1,1,1,1,1,1,1,RUNNING,9.8384730000000147,0.16152699999998532
21,0.21017859,SESSION_BRAKE_CAPTURE,J2_KP140,1.3999999999999999,0,0,0,0,0,0,0,0,0,0,0,0,0,0,2.4166007041931152,5.465202808380127,nan,nan,nan,nan,nan,nan,0.024543749168515205,0.098174996674060822,nan,nan,0,0,nan,nan,nan,33,32,0,0,0,1,1,1,1,1,1,1,1,1,RUNNING,10.085348999999994,0.08534899999999368
22,0.220176173,SESSION_BRAKE_CAPTURE,J2_KP140,1.3999999999999999,0,0,0,0,0,0,0,0,0,0,0,0,0,0,2.4164087772369385,5.4650111198425293,nan,nan,nan,nan,nan,nan,-0.29452499747276306,-0.24543750286102295,nan,nan,0,0,nan,nan,nan,33,32,0,0,0,1,1,1,1,1,1,1,1,1,RUNNING,9.9975830000000041,0.0024169999999958947
23,0.23009987600000001,SESSION_BRAKE_CAPTURE,J2_KP140,1.3999999999999999,0,0,0,0,0,0,0,0,0,0,0,0,0,0,2.4164087772369385,5.4650111198425293,nan,nan,nan,nan,nan,nan,-0.22089375555515289,-0.22089375555515289,nan,nan,0,0,nan,nan,nan,33,32,0,0,0,1,1,1,1,1,1,1,1,1,RUNNING,9.9237030000000068,0.076296999999993176
24,0.24009704900000001,SESSION_BRAKE_CAPTURE,J2_KP140,1.3999999999999999,0,0,0,0,0,0,0,0,0,0,0,0,0,0,2.4166007041931152,5.4650111198425293,nan,nan,nan,nan,nan,nan,0.098174996674060822,-0.24543750286102295,nan,nan,0,0,nan,nan,nan,33,32,0,0,0,1,1,1,1,1,1,1,1,1,RUNNING,9.9971729999999983,0.0028270000000016893
25,0.25009435600000002,SESSION_BRAKE_CAPTURE,J2_KP140,1.3999999999999999,0,0,0,0,0,0,0,0,0,0,0,0,0,0,2.4164087772369385,5.465202808380127,nan,nan,nan,nan,nan,nan,-0.31906875967979431,0.14726249873638153,nan,nan,0,0,nan,nan,nan,33,32,0,0,0,1,1,1,1,1,1,1,1,1,RUNNING,9.9973070000000099,0.0026929999999900645
26,0.26008959799999998,SESSION_BRAKE_CAPTURE,J2_KP140,1.3999999999999999,0,0,0,0,0,0,0,0,0,0,0,0,0,0,2.4166007041931152,5.4650111198425293,nan,nan,nan,nan,nan,nan,0.024543749168515205,-0.19634999334812164,nan,nan,0,0,nan,nan,nan,33,32,0,0,0,1,1,1,1,1,1,1,1,1,RUNNING,9.9952419999999602,0.004758000000039786
27,0.27005937600000002,SESSION_BRAKE_CAPTURE,J2_KP140,1.3999999999999999,0,0,0,0,0,0,0,0,0,0,0,0,0,0,2.4164087772369385,5.465202808380127,nan,nan,nan,nan,nan,nan,-0.24543750286102295,0.024543749168515205,nan,nan,0,0,nan,nan,nan,33,32,0,0,0,1,1,1,1,1,1,1,1,1,RUNNING,9.9697780000000407,0.030221999999959337
28,0.28009547600000001,SESSION_BRAKE_CAPTURE,J2_KP140,1.3999999999999999,0,0,0,0,0,0,0,0,0,0,0,0,0,0,2.4164087772369385,5.4650111198425293,nan,nan,nan,nan,nan,nan,-0.19634999334812164,-0.22089375555515289,nan,nan,0,0,nan,nan,nan,33,32,0,0,0,1,1,1,1,1,1,1,1,1,RUNNING,10.036099999999992,0.036099999999992249
29,0.29010186999999998,SESSION_BRAKE_CAPTURE,J2_KP140,1.3999999999999999,0,0,0,0,0,0,0,0,0,0,0,0,0,0,2.4164087772369385,5.465202808380127,nan,nan,nan,nan,nan,nan,-0.098174996674060822,0.12271875143051147,nan,nan,0,0,nan,nan,nan,33,32,0,0,0,1,1,1,1,1,1,1,1,1,RUNNING,10.006393999999974,0.0063939999999735875
30,0.30006211700000002,SESSION_BRAKE_CAPTURE,J2_KP140,1.3999999999999999,0,0,0,0,0,0,0,0,0,0,0,0,0,0,2.4166007041931152,5.4650111198425293,nan,nan,nan,nan,nan,nan,0.024543749168515205,-0.19634999334812164,nan,nan,0,0,nan,nan,nan,33,32,0,0,0,1,1,1,1,1,1,1,1,1,RUNNING,9.9602470000000327,0.039752999999967287
31,0.310055319,SESSION_BRAKE_CAPTURE,J2_KP140,1.3999999999999999,0,0,0,0,0,0,0,0,0,0,0,0,0,0,2.4166007041931152,5.465202808380127,nan,nan,nan,nan,nan,nan,0.12271875143051147,0.098174996674060822,nan,nan,0,0,nan,nan,nan,33,32,0,0,0,1,1,1,1,1,1,1,1,1,RUNNING,9.9932019999999788,0.006798000000021176
32,0.32007454400000002,SESSION_BRAKE_CAPTURE,J2_KP140,1.3999999999999999,0,0,0,0,0,0,0,0,0,0,0,0,0,0,2.4164087772369385,5.4650111198425293,nan,nan,nan,nan,nan,nan,-0.17180624604225159,-0.17180624604225159,nan,nan,0,0,nan,nan,nan,33,32,0,0,0,1,1,1,1,1,1,1,1,1,RUNNING,10.01922500000002,0.019225000000020032
33,0.33005558200000001,SESSION_BRAKE_CAPTURE,J2_KP140,1.3999999999999999,0,0,0,0,0,0,0,0,0,0,0,0,0,0,2.4166007041931152,5.4650111198425293,nan,nan,nan,nan,nan,nan,0.098174996674060822,-0.22089375555515289,nan,nan,0,0,nan,nan,nan,33,32,0,0,0,1,1,1,1,1,1,1,1,1,RUNNING,9.9810379999999981,0.018962000000001922
34,0.34005464600000002,SESSION_BRAKE_CAPTURE,J2_KP140,1.3999999999999999,0,0,0,0,0,0,0,0,0,0,0,0,0,0,2.4166007041931152,5.465202808380127,nan,nan,nan,nan,nan,nan,0.049087498337030411,0.12271875143051147,nan,nan,0,0,nan,nan,nan,33,32,0,0,0,1,1,1,1,1,1,1,1,1,RUNNING,9.9990640000000024,0.00093599999999760541
35,0.35006199799999999,SESSION_BRAKE_CAPTURE,J2_KP140,1.3999999999999999,0,0,0,0,0,0,0,0,0,0,0,0,0,0,2.4166007041931152,5.4650111198425293,nan,nan,nan,nan,nan,nan,0.098174996674060822,-0.26998123526573181,nan,nan,0,0,nan,nan,nan,33,32,0,0,0,1,1,1,1,1,1,1,1,1,RUNNING,10.007351999999969,0.0073519999999689389
36,0.36008971099999998,SESSION_BRAKE_CAPTURE,J2_KP140,1.3999999999999999,0,0,0,0,0,0,0,0,0,0,0,0,0,0,2.4164087772369385,5.4648194313049316,nan,nan,nan,nan,nan,nan,-0.29452499747276306,-0.61359375715255737,nan,nan,0,0,nan,nan,nan,33,32,0,0,0,1,1,1,1,1,1,1,1,1,RUNNING,10.027712999999993,0.027712999999993215
37,0.37005999000000001,SESSION_BRAKE_CAPTURE,J2_KP140,1.3999999999999999,0,0,0,0,0,0,0,0,0,0,0,0,0,0,2.4166007041931152,5.4650111198425293,nan,nan,nan,nan,nan,nan,0.14726249873638153,-0.29452499747276306,nan,nan,0,0,nan,nan,nan,33,32,0,0,0,1,1,1,1,1,1,1,1,1,RUNNING,9.9702790000000263,0.029720999999973685
38,0.38005682800000001,SESSION_BRAKE_CAPTURE,J2_KP140,1.3999999999999999,0,0,0,0,0,0,0,0,0,0,0,0,0,0,2.4164087772369385,5.4650111198425293,nan,nan,nan,nan,nan,nan,-0.17180624604225159,-0.24543750286102295,nan,nan,0,0,nan,nan,nan,33,32,0,0,0,1,1,1,1,1,1,1,1,1,RUNNING,9.9968380000000074,0.0031619999999925597
39,0.39006087499999997,SESSION_BRAKE_CAPTURE,J2_KP140,1.3999999999999999,0,0,0,0,0,0,0,0,0,0,0,0,0,0,2.4166007041931152,5.465202808380127,nan,nan,nan,nan,nan,nan,0.073631249368190765,0.098174996674060822,nan,nan,0,0,nan,nan,nan,33,32,0,0,0,1,1,1,1,1,1,1,1,1,RUNNING,10.004046999999961,0.0040469999999608319
40,0.400061636,SESSION_BRAKE_CAPTURE,J2_KP140,1.3999999999999999,0,0,0,0,0,0,0,0,0,0,0,0,0,0,2.4164087772369385,5.4650111198425293,nan,nan,nan,nan,nan,nan,0.049087498337030411,-0.19634999334812164,nan,nan,0,0,nan,nan,nan,33,32,0,0,0,1,1,1,1,1,1,1,1,1,RUNNING,10.000761000000026,0.0007610000000255468
41,0.410060286,SESSION_BRAKE_CAPTURE,J2_KP140,1.3999999999999999,0,0,0,0,0,0,0,0,0,0,0,0,0,0,2.4162170886993408,5.465202808380127,nan,nan,nan,nan,nan,nan,-0.7117687463760376,0.12271875143051147,nan,nan,0,0,nan,nan,nan,33,32,0,0,0,1,1,1,1,1,1,1,1,1,RUNNING,9.9986499999999978,0.0013500000000021828
42,0.420056233,SESSION_BRAKE_CAPTURE,J2_KP140,1.3999999999999999,0,0,0,0,0,0,0,0,0,0,0,0,0,0,2.4164087772369385,5.4650111198425293,nan,nan,nan,nan,nan,nan,-0.26998123526573181,-0.24543750286102295,nan,nan,0,0,nan,nan,nan,33,32,0,0,0,1,1,1,1,1,1,1,1,1,RUNNING,9.9959470000000046,0.0040529999999954214
43,0.43005491499999998,SESSION_BRAKE_CAPTURE,J2_KP140,1.3999999999999999,0,0,0,0,0,0,0,0,0,0,0,0,0,0,2.4164087772369385,5.465202808380127,nan,nan,nan,nan,nan,nan,-0.29452499747276306,-0.024543749168515205,nan,nan,0,0,nan,nan,nan,33,32,0,0,0,1,1,1,1,1,1,1,1,1,RUNNING,9.998681999999981,0.0013180000000190262
44,0.44005505700000003,SESSION_BRAKE_CAPTURE,J2_KP140,1.3999999999999999,0,0,0,0,0,0,0,0,0,0,0,0,0,0,2.4164087772369385,5.4650111198425293,nan,nan,nan,nan,nan,nan,-0.26998123526573181,-0.24543750286102295,nan,nan,0,0,nan,nan,nan,33,32,0,0,0,1,1,1,1,1,1,1,1,1,RUNNING,10.000142000000045,0.00014200000004471747
45,0.45005551799999999,SESSION_BRAKE_CAPTURE,J2_KP140,1.3999999999999999,0,0,0,0,0,0,0,0,0,0,0,0,0,0,2.4164087772369385,5.4650111198425293,nan,nan,nan,nan,nan,nan,-0.098174996674060822,-0.24543750286102295,nan,nan,0,0,nan,nan,nan,33,32,0,0,0,1,1,1,1,1,1,1,1,1,RUNNING,10.000460999999961,0.00046099999996052077
46,0.46018297600000002,SESSION_BRAKE_CAPTURE,J2_KP140,1.3999999999999999,0,0,0,0,0,0,0,0,0,0,0,0,0,0,2.4164087772369385,5.465202808380127,nan,nan,nan,nan,nan,nan,-0.049087498337030411,0.12271875143051147,nan,nan,0,0,nan,nan,nan,33,32,0,0,0,1,1,1,1,1,1,1,1,1,RUNNING,10.127458000000033,0.12745800000003271
47,0.470058382,SESSION_BRAKE_CAPTURE,J2_KP140,1.3999999999999999,0,0,0,0,0,0,0,0,0,0,0,0,0,0,2.4166007041931152,5.465202808380127,nan,nan,nan,nan,nan,nan,0.12271875143051147,0.14726249873638153,nan,nan,0,0,nan,nan,nan,33,32,0,0,0,1,1,1,1,1,1,1,1,1,RUNNING,9.875405999999975,0.12459400000002496
48,0.48005809900000002,SESSION_BRAKE_CAPTURE,J2_KP140,1.3999999999999999,0,0,0,0,0,0,0,0,0,0,0,0,0,0,2.4164087772369385,5.465202808380127,nan,nan,nan,nan,nan,nan,-0.31906875967979431,0.12271875143051147,nan,nan,0,0,nan,nan,nan,33,32,0,0,0,1,1,1,1,1,1,1,1,1,RUNNING,9.9997170000000182,0.00028299999998182557
49,0.49005760599999998,SESSION_BRAKE_CAPTURE,J2_KP140,1.3999999999999999,0,0,0,0,0,0,0,0,0,0,0,0,0,0,2.4164087772369385,5.4650111198425293,nan,nan,nan,nan,nan,nan,-0.26998123526573181,-0.29452499747276306,nan,nan,0,0,nan,nan,nan,33,32,0,0,0,1,1,1,1,1,1,1,1,1,RUNNING,9.9995069999999622,0.00049300000003782429
50,0.49229798499999999,KP_RAMP_HOLD,J2_KP140,1.3999999999999999,0.59999999999999998,768,0.59999999999999998,64,0.050000000000000003,0,0,0,1,1,2.4164087772369385,5.4650111198425293,-0,0,2.4164087772369385,5.465202808380127,-0,3.0282549748504178e-05,1.5141274874252089e-05,0,-1.5141274874252089e-05,-3.0282549748504178e-05,-0.29452499747276306,0.024543749168515205,0.046528436180505693,0.0038773695836232273,0,0,0,0,-0.00011501312255859374,33,32,0,0,0,1,1,1,1,1,1,1,1,1,RUNNING,2.2403790000000146,7.759620999999985
51,0.50238386000000002,KP_RAMP_HOLD,J2_KP140,1.3999999999999999,0.60001858572641975,768,0.59999999999999998,64,0.050000000000000003,0,0,0,1,1,2.4164087772369385,5.4650111198425293,-0,0,2.4175593852996826,5.4661617279052734,-0.0001817706282167676,0.0001817706282167676,0,0,0,-0.00036354125643353521,0.098174996674060822,-0.12271875143051147,-0.015509478334492909,-0.019386848800886359,-0.01171875,0.01171875,0.14835937321186066,-0.00069038622253315485,-0.00069038622253315485,33,32,0,0,0,1,1,1,1,1,1,1,1,1,RUNNING,10.085875000000023,0.085875000000022794
52,0.51248942399999997,KP_RAMP_HOLD,J2_KP140,1.3999999999999999,0.60014570028246916,768,0.59999999999999998,64,0.050000000000000003,0,0,0,1,1,2.4164087772369385,5.4650111198425293,-0,0,2.4175593852996826,5.465202808380127,-0.0001817706282167676,3.0282549748504178e-05,-7.5744039234131716e-05,0,7.5744039234131716e-05,-0.00021205317796527178,-0.26998123526573181,-0.39269998669624329,0.042651064537085275,-0.062037913337971637,0,0,0,-0.00069053248156623751,-0.00011504105163266783,33,32,0,0,0,1,1,1,1,1,1,1,1,1,RUNNING,10.105563999999955,0.10556399999995492
53,0.52242659400000002,KP_RAMP_HOLD,J2_KP140,1.3999999999999999,0.60048177151999993,768,0.59999999999999998,64,0.050000000000000003,0,0,0,1,1,2.4164087772369385,5.4650111198425293,-0,0,2.4179427623748779,5.4648194313049316,-0.00024233572771377597,-3.0282549748504178e-05,-0.00013630913873114009,0,0.00013630913873114009,-0.0002120531779652718,-0.024543749168515205,-0.12271875143051147,0.0038773695836232273,-0.019386848800886359,0,0.01171875,0.074179686605930328,-0.00092113011311523423,0.00011510547263671873,33,32,0,0,0,1,1,1,1,1,1,1,1,1,RUNNING,9.9371700000000516,0.062829999999948427
54,0.53249824400000001,KP_RAMP_HOLD,J2_KP140,1.3999999999999999,0.60111861052049376,769,0.60078125000000004,64,0.050000000000000003,0,0,0,1,1,2.4164087772369385,5.4650111198425293,-0,0,2.4181346893310547,5.4650111198425293,-0.00027265594232515141,0,-0.0001363279711625757,0,0.0001363279711625757,-0.00027265594232515141,0,0,-0,0,0,0,0,-0.0010374778798956524,0,33,32,0,0,0,1,1,1,1,1,1,1,1,1,RUNNING,10.071649999999988,0.071649999999987557
55,0.54245329499999995,KP_RAMP_HOLD,J2_KP140,1.3999999999999999,0.60213965432098759,770,0.6015625,64,0.050000000000000003,0,0,0,1,1,2.4164087772369385,5.4650111198425293,-0,0,2.41851806640625,5.4648194313049316,-0.00033322104182215975,-3.0282549748504178e-05,-0.00018175179578533196,0,0.00018175179578533196,-0.00030293849207365558,-0.17180624604225159,-0.24543750286102295,0.027141587379619331,-0.038773697601772718,0,0.00390625,0.024726562201976776,-0.0012700866512722437,0.00011542326976634836,33,32,0,0,0,1,1,1,1,1,1,1,1,1,RUNNING,9.955050999999937,0.044949000000062966
56,0.55244870700000004,KP_RAMP_HOLD,J2_KP140,1.3999999999999999,0.60362020863999999,772,0.60312500000000002,64,0.050000000000000003,0,0,0,1,1,2.4164087772369385,5.4650111198425293,-0,0,2.41851806640625,5.4650111198425293,-0.00033322104182215975,0,-0.00016661052091107987,0,0.00016661052091107987,-0.00033322104182215975,0,0.19634999334812164,-0,0.031018956668985818,0,0.00390625,0.024726562201976776,-0.001273209568461914,0,33,32,0,0,0,1,1,1,1,1,1,1,1,1,RUNNING,9.9954120000000923,0.0045879999999076659
57,0.56238744600000001,KP_RAMP_HOLD,J2_KP140,1.3999999999999999,0.60562769060345678,775,0.60546875,64,0.050000000000000003,0,0,0,1,1,2.4164087772369385,5.4650111198425293,-0,0,2.41851806640625,5.4648194313049316,-0.00033322104182215975,-3.0282549748504178e-05,-0.00018175179578533196,0,0.00018175179578533196,-0.00030293849207365558,-0.22089375555515289,-0.36815625429153442,0.03489632831240623,-0.05816054640265908,0,0.00390625,0.024726562201976776,-0.0012774439284250216,0.00011609188634042245,33,32,0,0,0,1,1,1,1,1,1,1,1,1,RUNNING,9.9387389999999733,0.061261000000026655
58,0.57240665199999996,KP_RAMP_HOLD,J2_KP140,1.3999999999999999,0.60822187147061724,778,0.60781249999999998,64,0.050000000000000003,0,0,0,1,1,2.4164087772369385,5.4650111198425293,-0,0,2.4187097549438477,5.464627742767334,-0.00036350359157066397,-6.0565099497008357e-05,-0.00021203434553383616,0,0.00021203434553383616,-0.00030293849207365563,-0.073631249368190765,-0.4908750057220459,0.011632109045126423,-0.077547395203545436,0,0.00390625,0.024726562201976776,-0.0013995049671084708,0.00023317832215422453,33,32,0,0,0,1,1,1,1,1,1,1,1,1,RUNNING,10.019205999999947,0.01920599999994721
59,0.58244164200000004,KP_RAMP_HOLD,J2_KP140,1.3999999999999999,0.61145511935999997,782,0.61093750000000002,64,0.050000000000000003,0,0,0,1,1,2.4164087772369385,5.4650111198425293,-0,0,2.4189016819000244,5.464627742767334,-0.00039382380618203938,-6.0565099497008357e-05,-0.00022719445283952386,0,0.00022719445283952386,-0.00033325870668503104,0,-0.26998123526573181,-0,-0.042651064537085275,0,0.0078125,0.049453124403953552,-0.0015242993183203124,0.0002344178752734375,33,32,0,0,0,1,1,1,1,1,1,1,1,1,RUNNING,10.034990000000077,0.034990000000076904
60,0.59238732800000005,KP_RAMP_HOLD,J2_KP140,1.3999999999999999,0.61537264197530861,787,0.61484375000000002,64,0.050000000000000003,0,0,0,1,1,2.4164087772369385,5.4650111198425293,-0,0,2.4190933704376221,5.464627742767334,-0.00042410635593054361,-6.0565099497008357e-05,-0.00024233572771377597,0,0.00024233572771377597,-0.00036354125643353526,0,-0.24543750286102295,-0,-0.038773697601772718,0,0.00390625,0.024726562201976776,-0.001652025210533613,0.00023591976363570601,33,32,0,0,0,1,1,1,1,1,1,1,1,1,RUNNING,9.9456860000000091,0.05431399999999087
61,0.60239045999999996,KP_RAMP_HOLD,J2_KP140,1.3999999999999999,0.62001272933135798,793,0.61953124999999998,64,0.050000000000000003,0,0,0,1,1,2.4164087772369385,5.4650111198425293,-0,0,2.4192850589752197,5.4648194313049316,-0.00045438890567904778,-3.0282549748504178e-05,-0.00024233572771377597,0,0.00024233572771377597,-0.00042410635593054361,0.14726249873638153,0.073631249368190765,-0.023264218090252847,0.011632109045126423,0,0.00390625,0.024726562201976776,-0.0017833312908777006,0.00011884933337745948,33,32,0,0,0,1,1,1,1,1,1,1,1,1,RUNNING,10.003131999999916,0.0031319999999155357
62,0.61239176200000001,KP_RAMP_HOLD,J2_KP140,1.3999999999999999,0.62540699647999998,800,0.625,64,0.050000000000000003,0,0,0,1,1,2.4164087772369385,5.4650111198425293,-0,0,2.4190933704376221,5.464627742767334,-0.00042410635593054361,-6.0565099497008357e-05,-0.00024233572771377597,0,0.00024233572771377597,-0.00036354125643353526,-0.19634999334812164,-0.34361249208450317,0.031018956668985818,-0.054283174759238662,0,0.00390625,0.024726562201976776,-0.0016789633704101562,0.00023976670511718749,33,32,0,0,0,1,1,1,1,1,1,1,1,1,RUNNING,10.001302000000045,0.0013020000000452114
63,0.62238517199999999,KP_RAMP_HOLD,J2_KP140,1.3999999999999999,0.63158062623604938,808,0.63124999999999998,64,0.050000000000000003,0,0,0,1,1,2.4164087772369385,5.4650111198425293,-0,0,2.4192850589752197,5.464627742767334,-0.00045438890567904778,-6.0565099497008357e-05,-0.00025747700258802809,0,0.00025747700258802809,-0.00039382380618203943,0,-0.24543750286102295,-0,-0.038773697601772718,0,0.00390625,0.024726562201976776,-0.0018166038214949846,0.00024213353323640046,33,32,0,0,0,1,1,1,1,1,1,1,1,1,RUNNING,9.9934099999999795,0.0065900000000205239
64,0.63238749800000005,KP_RAMP_HOLD,J2_KP140,1.3999999999999999,0.63855261190320989,817,0.63828125000000002,64,0.050000000000000003,0,0,0,1,1,2.4164087772369385,5.4650111198425293,-0,0,2.4192850589752197,5.464627742767334,-0.00045438890567904778,-6.0565099497008357e-05,-0.00025747700258802809,0,0.00025747700258802809,-0.00039382380618203943,-0.36815625429153442,-0.24543750286102295,0.05816054640265908,-0.038773697601772718,0,0.00390625,0.024726562201976776,-0.0018366572165489971,0.00024480643270978009,33,32,0,0,0,1,1,1,1,1,1,1,1,1,RUNNING,10.00232600000006,0.0023260000000604464
65,0.64240589400000003,KP_RAMP_HOLD,J2_KP140,1.3999999999999999,0.64633600000000002,827,0.64609375000000002,64,0.050000000000000003,0,0,0,1,1,2.4164087772369385,5.4650111198425293,-0,0,2.4194767475128174,5.464627742767334,-0.00048467145542755195,-6.0565099497008357e-05,-0.00027261827746228017,0,0.00027261827746228017,-0.00042410635593054361,-0.17180624604225159,-0.29452499747276306,0.027141587379619331,-0.046528436180505693,0,0,0,-0.0019829396362304689,0.00024779040527343749,33,32,0,0,0,1,1,1,1,1,1,1,1,1,RUNNING,10.018395999999985,0.01839599999998498
66,0.65245349399999997,KP_RAMP_HOLD,J2_KP140,1.3999999999999999,0.65493813298567904,838,0.65468749999999998,64,0.050000000000000003,0,0,0,1,1,2.4164087772369385,5.4650111198425293,-0,0,2.4194767475128174,5.464627742767334,-0.00048467145542755195,-6.0565099497008357e-05,-0.00027261827746228017,0,0.00027261827746228017,-0.00042410635593054361,-0.19634999334812164,-0.26998123526573181,0.031018956668985818,-0.042651064537085275,0,0,0,-0.0020093307245396897,0.00025108826585792823,33,32,0,0,0,1,1,1,1,1,1,1,1,1,RUNNING,10.047599999999935,0.04759999999993525
67,0.66244306500000005,KP_RAMP_HOLD,J2_KP140,1.3999999999999999,0.66436089198617276,850,0.6640625,64,0.050000000000000003,0,0,0,1,1,2.4164087772369385,5.4650111198425293,-0,0,2.4196686744689941,5.464627742767334,-0.00051499167003892735,-6.0565099497008357e-05,-0.00028777838476796785,0,0.00028777838476796785,-0.00045442657054191901,0.12271875143051147,-0.17180624604225159,-0.019386848800886359,-0.027141587379619331,0,0,0,-0.0021657482328717565,0.00025470073564380782,33,32,0,0,0,1,1,1,1,1,1,1,1,1,RUNNING,9.9895710000000868,0.010428999999913202
68,0.67247730100000003,KP_RAMP_HOLD,J2_KP140,1.3999999999999999,0.67460093952,863,0.67421874999999998,64,0.050000000000000003,0,0,0,1,1,2.4164087772369385,5.4650111198425293,-0,0,2.4194767475128174,5.464627742767334,-0.00048467145542755195,-6.0565099497008357e-05,-0.00027261827746228017,0,0.00027261827746228017,-0.00042410635593054361,-0.31906875967979431,0,0.050405807823926105,0,0,0.00390625,0.024726562201976776,-0.0020696556305273436,0.00025862653511718751,33,32,0,0,0,1,1,1,1,1,1,1,1,1,RUNNING,10.034235999999975,0.034235999999975064
69,0.68245093700000004,KP_RAMP_HOLD,J2_KP140,1.3999999999999999,0.6856499622241975,877,0.68515625000000002,64,0.050000000000000003,0,0,0,1,1,2.4164087772369385,5.4650111198425293,-0,0,2.4198603630065918,5.4644360542297363,-0.00054527421978743152,-9.0847649245512528e-05,-0.00031806093451647202,0,0.00031806093451647202,-0.00045442657054191901,-0.24543750286102295,0,0.038773697601772718,0,0,0.00390625,0.024726562201976776,-0.0023665796525763768,0.00039429371568793403,33,32,0,0,0,1,1,1,1,1,1,1,1,1,RUNNING,9.9736360000000079,0.02636399999999206
70,0.69248022399999998,KP_RAMP_HOLD,J2_KP140,1.3999999999999999,0.69749491358024684,892,0.69687500000000002,64,0.050000000000000003,0,0,0,1,1,2.4164087772369385,5.4650111198425293,-0,0,2.4196686744689941,5.4644360542297363,-0.00051499167003892735,-9.0847649245512528e-05,-0.00030291965964221993,0,0.00030291965964221993,-0.00042414402079341484,-0.26998123526573181,-0.24543750286102295,0.042651064537085275,-0.038773697601772718,0,0.00390625,0.024726562201976776,-0.0022737617381531515,0.00040110533989800342,33,32,0,0,0,1,1,1,1,1,1,1,1,1,RUNNING,10.029286999999943,0.02928699999994322
71,0.70239080300000001,KP_RAMP_HOLD,J2_KP140,1.3999999999999999,0.71011825663999995,908,0.70937499999999998,64,0.050000000000000003,0,0,0,1,1,2.4164087772369385,5.4650111198425293,-0,0,2.4198603630065918,5.4644360542297363,-0.00054527421978743152,-9.0847649245512528e-05,-0.00031806093451647202,0,0.00031806093451647202,-0.00045442657054191901,-0.024543749168515205,-0.29452499747276306,0.0038773695836232273,-0.046528436180505693,0,0.00390625,0.024726562201976776,-0.002451034069389648,0.00040836459041015624,33,32,0,0,0,1,1,1,1,1,1,1,1,1,RUNNING,9.9105790000000304,0.089420999999969553
72,0.71238658099999996,KP_RAMP_HOLD,J2_KP140,1.3999999999999999,0.72349820675160492,926,0.72343749999999996,64,0.050000000000000003,0,0,0,1,1,2.4164087772369385,5.4650111198425293,-0,0,2.4198603630065918,5.4644360542297363,-0.00054527421978743152,-9.0847649245512528e-05,-0.00031806093451647202,0,0.00031806093451647202,-0.00045442657054191901,-0.24543750286102295,-0.24543750286102295,0.038773697601772718,-0.038773697601772718,0,0.00390625,0.024726562201976776,-0.0024972161147935354,0.00041605893962022567,33,32,0,0,0,1,1,1,1,1,1,1,1,1,RUNNING,9.9957779999999552,0.004222000000044801
73,0.72241075499999996,KP_RAMP_HOLD,J2_KP140,1.3999999999999999,0.73760897428543204,944,0.73750000000000004,64,0.050000000000000003,0,0,0,1,1,2.4164087772369385,5.4650111198425293,-0,0,2.4198603630065918,5.464627742767334,-0.00054527421978743152,-6.0565099497008357e-05,-0.00030291965964221993,0,0.00030291965964221993,-0.00048470912029042318,-0.24543750286102295,0.073631249368190765,0.038773697601772718,0.011632109045126423,0,0.0078125,0.049453124403953552,-0.002545920639212179,0.00028278237119936338,33,32,0,0,0,1,1,1,1,1,1,1,1,1,RUNNING,10.024173999999997,0.024173999999996809
74,0.73247109700000002,KP_RAMP_HOLD,J2_KP140,1.3999999999999999,0.75242100735999995,963,0.75234374999999998,64,0.050000000000000003,0,0,0,1,1,2.4164087772369385,5.4650111198425293,-0,0,2.4200520515441895,5.464627742767334,-0.0005755567695359357,-6.0565099497008357e-05,-0.00031806093451647202,0,0.00031806093451647202,-0.00051499167003892735,0.024543749168515205,0.024543749168515205,-0.0038773695836232273,0.0038773695836232273,-0.00390625,0.00390625,0.049453124403953552,-0.0027412761243505858,0.00028846096511718749,33,32,0,0,0,1,1,1,1,1,1,1,1,1,RUNNING,10.060342000000055,0.060342000000055407
75,0.74247258400000005,KP_RAMP_HOLD,J2_KP140,1.3999999999999999,0.76790123456790116,982,0.76718750000000002,64,0.050000000000000003,0,0,0,1,1,2.4164087772369385,5.4650111198425293,-0,0,2.4200520515441895,5.4644360542297363,-0.0005755567695359357,-9.0847649245512528e-05,-0.00033320220939072411,0,0.00033320220939072411,-0.00048470912029042318,-0.34361249208450317,-0.24543750286102295,0.054283174759238662,-0.038773697601772718,-0.00390625,0.00390625,0.049453124403953552,-0.0027976748384075396,0.00044159359402126734,33,32,0,0,0,1,1,1,1,1,1,1,1,1,RUNNING,10.001487000000031,0.0014870000000311023
76,0.75244392299999996,KP_RAMP_HOLD,J2_KP140,1.3999999999999999,0.78401330770172839,1003,0.78359374999999998,64,0.050000000000000003,0,0,0,1,1,2.4164087772369385,5.4650111198425293,-0,0,2.4202437400817871,5.4644360542297363,-0.00060583931928443987,-9.0847649245512528e-05,-0.00034834348426497619,0,0.00034834348426497619,-0.00051499167003892735,-0.024543749168515205,-0.24543750286102295,0.0038773695836232273,-0.038773697601772718,0,0,0,-0.003006661904903007,0.00045085909323133678,33,32,0,0,0,1,1,1,1,1,1,1,1,1,RUNNING,9.9713389999999116,0.028661000000088421
77,0.76239014299999996,KP_RAMP_HOLD,J2_KP140,1.3999999999999999,0.80071784447999994,1024,0.80000000000000004,64,0.050000000000000003,0,0,0,1,1,2.4164087772369385,5.4650111198425293,-0,0,2.4202437400817871,5.4642438888549805,-0.00060583931928443987,-0.00012120552871975926,-0.00036352242400209956,0,0.00036352242400209956,-0.00048463379056468061,0.14726249873638153,-0.56450623273849487,-0.023264218090252847,-0.089179500717590968,0.0078125,0.00390625,-0.024726562201976776,-0.0030707231827880859,0.00061433554256835931,33,32,0,0,0,1,1,1,1,1,1,1,1,1,RUNNING,9.9462200000000056,0.053779999999994388
78,0.77242673100000003,KP_RAMP_HOLD,J2_KP140,1.3999999999999999,0.81797267127308637,1047,0.81796875000000002,64,0.050000000000000003,0,0,0,1,1,2.4164087772369385,5.4650111198425293,-0,0,2.4204356670379639,5.4642438888549805,-0.00063615953389581533,-0.00012120552871975926,-0.00037868253130778729,0,0.00037868253130778729,-0.00051495400517605607,-0.073631249368190765,-0.29452499747276306,0.011632109045126423,-0.046528436180505693,0,0.00390625,0.024726562201976776,-0.0032938858074670861,0.00062757398036880304,33,32,0,0,0,1,1,1,1,1,1,1,1,1,RUNNING,10.036588000000069,0.036588000000069343
79,0.78248150699999997,KP_RAMP_HOLD,J2_KP140,1.3999999999999999,0.83573306582913576,1069,0.83515625000000004,64,0.050000000000000003,0,0,0,1,1,2.4164087772369385,5.4650111198425293,-0,0,2.4206273555755615,5.464627742767334,-0.0006664420836443195,-6.0565099497008357e-05,-0.00036350359157066392,0,0.00036350359157066392,-0.00060587698414731115,0.31906875967979431,0.44178751111030579,-0.050405807823926105,0.06979265662481246,0,0.00390625,0.024726562201976776,-0.0035256054083778209,0.00032040089842158564,33,32,0,0,0,1,1,1,1,1,1,1,1,1,RUNNING,10.054775999999933,0.054775999999932878
80,0.79247659000000004,KP_RAMP_HOLD,J2_KP140,1.3999999999999999,0.85395200000000004,1093,0.85390624999999998,64,0.050000000000000003,0,0,0,1,1,2.4164087772369385,5.4650111198425293,-0,0,2.4206273555755615,5.4644360542297363,-0.0006664420836443195,-9.0847649245512528e-05,-0.00037864486644491601,0,0.00037864486644491601,-0.00057559443439880698,-0.024543749168515205,0.049087498337030411,0.0038773695836232273,0.0077547391672464546,-0.00390625,0,0.024726562201976776,-0.0036024634094238284,0.00049107843017578133,33,32,0,0,0,1,1,1,1,1,1,1,1,1,RUNNING,9.9950830000000721,0.0049169999999278957
81,0.80246264899999997,KP_RAMP_HOLD,J2_KP140,1.3999999999999999,0.87258038246716041,1116,0.87187499999999996,64,0.050000000000000003,0,0,0,1,1,2.4164087772369385,5.4650111198425293,-0,0,2.4206273555755615,5.4642438888549805,-0.0006664420836443195,-0.00012120552871975926,-0.00039382380618203938,0,0.00039382380618203938,-0.00054523655492456024,-0.61359375715255737,-0.19634999334812164,0.096934244004431805,-0.031018956668985818,0,0.0078125,0.049453124403953552,-0.0036810487001833763,0.00066947070855601358,33,32,0,0,0,1,1,1,1,1,1,1,1,1,RUNNING,9.986058999999937,0.013941000000063042
82,0.81247969799999997,KP_RAMP_HOLD,J2_KP140,1.3999999999999999,0.89156730146765439,1141,0.89140624999999996,64,0.050000000000000003,0,0,0,1,1,2.4164087772369385,5.4650111198425293,-0,0,2.4210107326507568,5.4642438888549805,-0.00072700718314132795,-0.00012120552871975926,-0.00042410635593054361,0,0.00042410635593054361,-0.00060580165442156869,0.073631249368190765,-0.073631249368190765,-0.011632109045126423,-0.011632109045126423,0,0.00390625,0.024726562201976776,-0.0041029529697724975,0.00068403806117127224,33,32,0,0,0,1,1,1,1,1,1,1,1,1,RUNNING,10.017049,0.017049000000000092
83,0.82245724200000003,KP_RAMP_HOLD,J2_KP140,1.3999999999999999,0.91086026751999993,1165,0.91015625,64,0.050000000000000003,0,0,0,1,1,2.4164087772369385,5.4650111198425293,-0,0,2.4208190441131592,5.4640522003173828,-0.00069672463339282378,-0.00015148807846826343,-0.00042410635593054361,0,0.00042410635593054361,-0.00054523655492456035,-0.26998123526573181,-0.34361249208450317,0.042651064537085275,-0.054283174759238662,-0.00390625,0,0.024726562201976776,-0.0040171368667089842,0.00087344169520507805,33,32,0,0,0,1,1,1,1,1,1,1,1,1,RUNNING,9.9775440000000604,0.022455999999939635
84,0.83239236599999999,KP_RAMP_HOLD,J2_KP140,1.3999999999999999,0.93040545615012327,1190,0.9296875,64,0.050000000000000003,0,0,0,1,1,2.4164087772369385,5.4650111198425293,-0,0,2.4210107326507568,5.4640522003173828,-0.00072700718314132795,-0.00015148807846826343,-0.00043924763080479569,0,0.00043924763080479569,-0.00057551910467306452,-0.12271875143051147,-0.31906875967979431,0.019386848800886359,-0.050405807823926105,0,0.0078125,0.049453124403953552,-0.0042816844259761996,0.00089218395820517445,33,32,0,0,0,1,1,1,1,1,1,1,1,1,RUNNING,9.9351239999999628,0.064876000000037237
85,0.84238736700000005,KP_RAMP_HOLD,J2_KP140,1.3999999999999999,0.95014795061728385,1216,0.94999999999999996,64,0.050000000000000003,0,0,0,1,1,2.4164087772369385,5.4650111198425293,-0,0,2.4210107326507568,5.4640522003173828,-0.00072700718314132795,-0.00015148807846826343,-0.00043924763080479569,0,0.00043924763080479569,-0.00057551910467306452,-0.24543750286102295,0.12271875143051147,0.038773697601772718,0.019386848800886359,0,0.00390625,0.024726562201976776,-0.0043725385052716288,0.00091111542162483107,33,32,0,0,0,1,1,1,1,1,1,1,1,1,RUNNING,9.9950010000000589,0.0049989999999411339
86,0.85238830799999998,KP_RAMP_HOLD,J2_KP140,1.3999999999999999,0.97003198463999984,1241,0.96953124999999996,64,0.050000000000000003,0,0,0,1,1,2.4164087772369385,5.4650111198425293,-0,0,2.4212026596069336,5.4642438888549805,-0.00075732739775270341,-0.00012120552871975926,-0.00043926646323623133,0,0.00043926646323623133,-0.00063612186903294415,0,0,-0,0,0,0.00390625,0.024726562201976776,-0.0046502192294970695,0.00074423859752929681,33,32,0,0,0,1,1,1,1,1,1,1,1,1,RUNNING,10.00094099999993,0.00094099999992991457
87,0.86241205799999998,KP_RAMP_HOLD,J2_KP140,1.3999999999999999,0.99000118512197544,1267,0.98984375000000002,64,0.050000000000000003,0,0,0,1,1,2.4164087772369385,5.4650111198425293,-0,0,2.4212026596069336,5.4642438888549805,-0.00075732739775270341,-0.00012120552871975926,-0.00043926646323623133,0,0.00043926646323623133,-0.00063612186903294415,0,0.12271875143051147,-0,0.019386848800886359,0,0.00390625,0.024726562201976776,-0.0047459492276305101,0.00075955958693564346,33,32,0,0,0,1,1,1,1,1,1,1,1,1,RUNNING,10.023749999999998,0.023749999999997939
88,0.87246537700000004,KP_RAMP_HOLD,J2_KP140,1.3999999999999999,1.0099988148780246,1292,1.0093749999999999,64,0.050000000000000003,0,0,0,1,1,2.4164087772369385,5.4650111198425293,-0,0,2.4212026596069336,5.4640522003173828,-0.00075732739775270341,-0.00015148807846826343,-0.00045440773811048342,0,0.00045440773811048342,-0.00060583931928443998,0,-0.26998123526573181,-0,-0.042651064537085275,-0.0078125,0.00390625,0.074179686605930328,-0.0048418155123597243,0.00096850758396134734,33,32,0,0,0,1,1,1,1,1,1,1,1,1,RUNNING,10.053319000000061,0.053319000000060512
89,0.88245538999999995,KP_RAMP_HOLD,J2_KP140,1.3999999999999999,1.0299680153599999,1318,1.0296875000000001,64,0.050000000000000003,0,0,0,1,1,2.4164087772369385,5.4650111198425293,-0,0,2.4212026596069336,5.4642438888549805,-0.00075732739775270341,-0.00012120552871975926,-0.00043926646323623133,0,0.00043926646323623133,-0.00063612186903294415,-0.19634999334812164,0.19634999334812164,0.031018956668985818,0.031018956668985818,-0.00390625,0.00390625,0.049453124403953552,-0.004937545510493164,0.00079022337756835934,33,32,0,0,0,1,1,1,1,1,1,1,1,1,RUNNING,9.9900129999999088,0.0099870000000912285
90,0.89246595399999995,KP_RAMP_HOLD,J2_KP140,1.3999999999999999,1.0498520493827159,1343,1.0492187500000001,64,0.050000000000000003,0,0,0,1,1,2.4164087772369385,5.4650111198425293,-0,0,2.4212026596069336,5.4640522003173828,-0.00075732739775270341,-0.00015148807846826343,-0.00045440773811048342,0,0.00045440773811048342,-0.00060583931928443998,-0.14726249873638153,-0.22089375555515289,0.023264218090252847,-0.03489632831240623,0,0,0,-0.0050328672306390451,0.0010067236286681375,33,32,0,0,0,1,1,1,1,1,1,1,1,1,RUNNING,10.010563999999999,0.010563999999998686
91,0.90238604700000002,KP_RAMP_HOLD,J2_KP140,1.3999999999999999,1.0695945438498764,1369,1.06953125,64,0.050000000000000003,0,0,0,1,1,2.4164087772369385,5.4650111198425293,-0,0,2.4212026596069336,5.4642438888549805,-0.00075732739775270341,-0.00012120552871975926,-0.00043926646323623133,0,0.00043926646323623133,-0.00063612186903294415,-0.17180624604225159,-0.31906875967979431,0.027141587379619331,-0.050405807823926105,-0.0078125,0.0078125,0.098906248807907104,-0.0051275104268048918,0.00082062607815477906,33,32,0,0,0,1,1,1,1,1,1,1,1,1,RUNNING,9.9200930000000742,0.079906999999925787
92,0.91237176499999995,KP_RAMP_HOLD,J2_KP140,1.3999999999999999,1.0891397324800001,1394,1.0890625,64,0.050000000000000003,0,0,0,1,1,2.4164087772369385,5.4650111198425293,-0,0,2.4212026596069336,5.4642438888549805,-0.00075732739775270341,-0.00012120552871975926,-0.00043926646323623133,0,0.00043926646323623133,-0.00063612186903294415,-0.24543750286102295,-0.024543749168515205,0.038773697601772718,-0.0038773695836232273,-0.00390625,0.00390625,0.049453124403953552,-0.0052212077619970708,0.00083562175252929695,33,32,0,0,0,1,1,1,1,1,1,1,1,1,RUNNING,9.9857179999999204,0.01428200000007962
93,0.92241799800000002,KP_RAMP_HOLD,J2_KP140,1.3999999999999999,1.1084326985323458,1418,1.1078125000000001,64,0.050000000000000003,0,0,0,1,1,2.4164087772369385,5.4650111198425293,-0,0,2.4213943481445312,5.4642438888549805,-0.00078760994750120758,-0.00012120552871975926,-0.00045440773811048342,0,0.00045440773811048342,-0.00066640441878144832,0.14726249873638153,0.098174996674060822,-0.023264218090252847,0.015509478334492909,0,0.00390625,0.024726562201976776,-0.0055261698148274148,0.00085042391392638422,33,32,0,0,0,1,1,1,1,1,1,1,1,1,RUNNING,10.046233000000072,0.046233000000071911
94,0.93253277800000001,KP_RAMP_HOLD,J2_KP140,1.3999999999999999,1.1274196175328395,1443,1.1273437500000001,64,0.050000000000000003,0,0,0,1,1,2.4164087772369385,5.4650111198425293,-0,0,2.4212026596069336,5.4642438888549805,-0.00075732739775270341,-0.00012120552871975926,-0.00043926646323623133,0,0.00043926646323623133,-0.00063612186903294415,-0.19634999334812164,0.073631249368190765,0.031018956668985818,0.011632109045126423,0,0.0078125,0.049453124403953552,-0.0054047170280773172,0.00086499126654164256,33,32,0,0,0,1,1,1,1,1,1,1,1,1,RUNNING,10.114779999999989,0.114779999999989
95,0.94252154600000004,KP_RAMP_HOLD,J2_KP140,1.3999999999999999,1.146048,1466,1.1453125,64,0.050000000000000003,0,0,0,1,1,2.4164087772369385,5.4650111198425293,-0,0,2.4213943481445312,5.4642438888549805,-0.00078760994750120758,-0.00012120552871975926,-0.00045440773811048342,0,0.00045440773811048342,-0.00066640441878144832,0.098174996674060822,0.049087498337030411,-0.015509478334492909,0.0077547391672464546,-0.01171875,0.00390625,0.098906248807907104,-0.0057137035675048822,0.00087928353881835931,33,32,0,0,0,1,1,1,1,1,1,1,1,1,RUNNING,9.9887680000000358,0.01123199999996416
96,0.95253739900000001,KP_RAMP_HOLD,J2_KP140,1.3999999999999999,1.164266934170864,1490,1.1640625,64,0.050000000000000003,0,0,0,1,1,2.4164087772369385,5.4650111198425293,-0,0,2.4215860366821289,5.4640522003173828,-0.00081789249724971175,-0.00015148807846826343,-0.00048469028785898759,0,0.00048469028785898759,-0.00066640441878144832,0.46633124351501465,-0.34361249208450317,-0.073670023560125017,-0.054283174759238662,-0.0078125,0.0078125,0.098906248807907104,-0.00602771198165901,0.001116438295658878,33,32,0,0,0,1,1,1,1,1,1,1,1,1,RUNNING,10.015852999999964,0.015852999999964368
97,0.96253083299999997,KP_RAMP_HOLD,J2_KP140,1.3999999999999999,1.1820273287269134,1512,1.1812499999999999,64,0.050000000000000003,0,0,0,1,1,2.4164087772369385,5.4650111198425293,-0,0,2.4213943481445312,5.4638605117797852,-0.00078760994750120758,-0.0001817706282167676,-0.00048469028785898759,0,0.00048469028785898759,-0.00060583931928443998,0.12271875143051147,-0.56450623273849487,-0.019386848800886359,-0.089179500717590968,-0.0078125,0.0078125,0.098906248807907104,-0.0058930810620804993,0.0013600501748171053,33,32,0,0,0,1,1,1,1,1,1,1,1,1,RUNNING,9.9934339999999686,0.0065660000000313801
98,0.97249166399999998,KP_RAMP_HOLD,J2_KP140,1.3999999999999999,1.1992821555199999,1535,1.19921875,64,0.050000000000000003,0,0,0,1,1,2.4164087772369385,5.4650111198425293,-0,0,2.4213943481445312,5.4642438888549805,-0.00078760994750120758,-0.00012120552871975926,-0.00045440773811048342,0,0.00045440773811048342,-0.00066640441878144832,-0.41724374890327454,0.073631249368190765,0.065915284981392055,0.011632109045126423,-0.00390625,0.00390625,0.049453124403953552,-0.0059791062245556637,0.00092012643252929684,33,32,0,0,0,1,1,1,1,1,1,1,1,1,RUNNING,9.9608310000000024,0.039168999999997567
99,0.98254208399999998,KP_RAMP_HOLD,J2_KP140,1.3999999999999999,1.2159866922982714,1556,1.215625,64,0.050000000000000003,0,0,0,1,1,2.4164087772369385,5.4650111198425293,-0,0,2.4212026596069336,5.4638605117797852,-0.00075732739775270341,-0.0001817706282167676,-0.00046954901298473551,0,0.00046954901298473551,-0.0005755567695359358,-0.44178751111030579,-0.56450623273849487,0.06979265662481246,-0.089179500717590968,-0.00390625,0,0.024726562201976776,-0.0058292971663573608,0.0013991240923479694,33,32,0,0,0,1,1,1,1,1,1,1,1,1,RUNNING,10.050420000000004,0.05042000000000435
100,0.99247945000000004,KP_RAMP_HOLD,J2_KP140,1.3999999999999999,1.2320987654320987,1577,1.2320312499999999,64,0.050000000000000003,0,0,0,1,1,2.4164087772369385,5.4650111198425293,-0,0,2.4213943481445312,5.4642438888549805,-0.00078760994750120758,-0.00012120552871975926,-0.00045440773811048342,0,0.00045440773811048342,-0.00066640441878144832,-0.049087498337030411,0.098174996674060822,0.0077547391672464546,0.015509478334492909,-0.00390625,0.00390625,0.049453124403953552,-0.0061427157602192443,0.00094530435256016108,33,32,0,0,0,1,1,1,1,1,1,1,1,1,RUNNING,9.9373660000000577,0.062633999999942347
101,1.002544568,KP_RAMP_HOLD,J2_KP140,1.3999999999999999,1.2475789926400003,1596,1.246875,64,0.050000000000000003,0,0,0,1,1,2.4164087772369385,5.4650111198425293,-0,0,2.4213943481445312,5.4642438888549805,-0.00078760994750120758,-0.00012120552871975926,-0.00045440773811048342,0,0.00045440773811048342,-0.00066640441878144832,-0.049087498337030411,0.17180624604225159,0.0077547391672464546,0.027141587379619331,0,0.0078125,0.049453124403953552,-0.0062198935306298844,0.00095718126256835962,33,32,0,0,0,1,1,1,1,1,1,1,1,1,RUNNING,10.065117999999984,0.065117999999984022
102,1.012514667,KP_RAMP_HOLD,J2_KP140,1.3999999999999999,1.2623910257145678,1615,1.26171875,64,0.050000000000000003,0,0,0,1,1,2.4164087772369385,5.4650111198425293,-0,0,2.4213943481445312,5.4640522003173828,-0.00078760994750120758,-0.00015148807846826343,-0.00046954901298473551,0,0.00046954901298473551,-0.00063612186903294415,-0.17180624604225159,-0.17180624604225159,0.027141587379619331,-0.027141587379619331,-0.0078125,0.00390625,0.074179686605930328,-0.0062937399718087502,0.0012105314029273967,33,32,0,0,0,1,1,1,1,1,1,1,1,1,RUNNING,9.97009900000001,0.029900999999989963
103,1.02253638,KP_RAMP_HOLD,J2_KP140,1.3999999999999999,1.2765017932483949,1633,1.2757812500000001,64,0.050000000000000003,0,0,0,1,1,2.4164087772369385,5.4650111198425293,-0,0,2.4213943481445312,5.4642438888549805,-0.00078760994750120758,-0.00012120552871975926,-0.00045440773811048342,0,0.00045440773811048342,-0.00066640441878144832,-0.22089375555515289,0,0.03489632831240623,0,0,0,0,-0.0063640902039092031,0.0009793717314418159,33,32,0,0,0,1,1,1,1,1,1,1,1,1,RUNNING,10.021712999999988,0.021712999999987659
104,1.032530009,KP_RAMP_HOLD,J2_KP140,1.3999999999999999,1.2898817433600001,1651,1.28984375,64,0.050000000000000003,0,0,0,1,1,2.4164087772369385,5.4650111198425293,-0,0,2.4212026596069336,5.4642438888549805,-0.00075732739775270341,-0.00012120552871975926,-0.00043926646323623133,0,0.00043926646323623133,-0.00063612186903294415,-0.51541876792907715,0.24543750286102295,0.081424766846965854,0.038773697601772718,0,0.00390625,0.024726562201976776,-0.0061835413488720709,0.0009896372437792969,33,32,0,0,0,1,1,1,1,1,1,1,1,1,RUNNING,9.9936290000000039,0.0063709999999961298
105,1.042545346,KP_RAMP_HOLD,J2_KP140,1.3999999999999999,1.3025050864197527,1667,1.3023437499999999,64,0.050000000000000003,0,0,0,1,1,2.4164087772369385,5.4650111198425293,-0,0,2.4213943481445312,5.4642438888549805,-0.00078760994750120758,-0.00012120552871975926,-0.00045440773811048342,0,0.00045440773811048342,-0.00066640441878144832,-0.26998123526573181,0.049087498337030411,0.042651064537085275,0.0077547391672464546,-0.00390625,0.00390625,0.049453124403953552,-0.0064937314658459304,0.00099932226374119856,33,32,0,0,0,1,1,1,1,1,1,1,1,1,RUNNING,10.015337000000013,0.015337000000013035
106,1.05252203,KP_RAMP_HOLD,J2_KP140,1.3999999999999999,1.3143500377758024,1682,1.3140624999999999,64,0.050000000000000003,0,0,0,1,1,2.4164087772369385,5.4650111198425293,-0,0,2.4217777252197266,5.4640522003173828,-0.00084817504699821592,-0.00015148807846826343,-0.00049983156273323962,0,0.00049983156273323962,-0.00069668696852995249,0.31906875967979431,-0.024543749168515205,-0.050405807823926105,-0.0038773695836232273,-0.00390625,0.00390625,0.049453124403953552,-0.0070566769839938391,0.0012603559141002362,33,32,0,0,0,1,1,1,1,1,1,1,1,1,RUNNING,9.9766839999999579,0.023316000000042081
107,1.062491377,KP_RAMP_HOLD,J2_KP140,1.3999999999999999,1.3253990604799999,1696,1.325,64,0.050000000000000003,0,0,0,1,1,2.4164087772369385,5.4650111198425293,-0,0,2.4215860366821289,5.4638605117797852,-0.00081789249724971175,-0.0001817706282167676,-0.00049983156273323962,0,0.00049983156273323962,-0.00063612186903294415,-0.024543749168515205,-0.44178751111030579,0.0038773695836232273,-0.06979265662481246,-0.0078125,0.00390625,0.074179686605930328,-0.006861934804516601,0.0015250148453417967,33,32,0,0,0,1,1,1,1,1,1,1,1,1,RUNNING,9.9693469999999618,0.030653000000038233
108,1.0725004680000001,KP_RAMP_HOLD,J2_KP140,1.3999999999999999,1.3356391080138275,1709,1.33515625,64,0.050000000000000003,0,0,0,1,1,2.4164087772369385,5.4650111198425293,-0,0,2.4215860366821289,5.4640522003173828,-0.00081789249724971175,-0.00015148807846826343,-0.00048469028785898759,0,0.00048469028785898759,-0.00066640441878144832,0,-0.098174996674060822,-0,-0.015509478334492909,-0.0078125,0.00390625,0.074179686605930328,-0.0069149501873303088,0.0012807704192236934,33,32,0,0,0,1,1,1,1,1,1,1,1,1,RUNNING,10.009091000000137,0.0090910000001365177
109,1.0825290329999999,KP_RAMP_HOLD,J2_KP140,1.3999999999999999,1.3450618670143204,1721,1.34453125,64,0.050000000000000003,0,0,0,1,1,2.4164087772369385,5.4650111198425293,-0,0,2.4215860366821289,5.4640522003173828,-0.00081789249724971175,-0.00015148807846826343,-0.00048469028785898759,0,0.00048469028785898759,-0.00066640441878144832,-0.024543749168515205,-0.024543749168515205,0.0038773695836232273,-0.0038773695836232273,-0.0078125,0.00390625,0.074179686605930328,-0.0069637342553653643,0.0012898060868100159,33,32,0,0,0,1,1,1,1,1,1,1,1,1,RUNNING,10.028564999999823,0.02856499999982276
110,1.0925382020000001,KP_RAMP_HOLD,J2_KP140,1.3999999999999999,1.353664,1732,1.3531249999999999,64,0.050000000000000003,0,0,0,1,1,2.4164087772369385,5.4650111198425293,-0,0,2.4215860366821289,5.4640522003173828,-0.00081789249724971175,-0.00015148807846826343,-0.00048469028785898759,0,0.00048469028785898759,-0.00066640441878144832,-0.19634999334812164,-0.024543749168515205,0.031018956668985818,-0.0038773695836232273,0,0.0078125,0.049453124403953552,-0.007008269729614258,0.0012980548400878906,33,32,0,0,0,1,1,1,1,1,1,1,1,1,RUNNING,10.009169000000151,0.0091690000001509731
111,1.1023896849999999,KP_RAMP_HOLD,J2_KP140,1.3999999999999999,1.3614473880967894,1742,1.3609374999999999,64,0.050000000000000003,0,0,0,1,1,2.4164087772369385,5.4650111198425293,-0,0,2.4215860366821289,5.4638605117797852,-0.00081789249724971175,-0.0001817706282167676,-0.00049983156273323962,0,0.00049983156273323962,-0.00063612186903294415,-0.024543749168515205,-0.41724374890327454,0.0038773695836232273,-0.065915284981392055,-0.00390625,0.00390625,0.049453124403953552,-0.0070485663491539436,0.0015664923417461171,33,32,0,0,0,1,1,1,1,1,1,1,1,1,RUNNING,9.8514829999998277,0.14851700000017232
112,1.112520889,KP_RAMP_HOLD,J2_KP140,1.3999999999999999,1.368419373763951,1751,1.36796875,64,0.050000000000000003,0,0,0,1,1,2.4164087772369385,5.4650111198425293,-0,0,2.4215860366821289,5.4640522003173828,-0.00081789249724971175,-0.00015148807846826343,-0.00048469028785898759,0,0.00048469028785898759,-0.00066640441878144832,-0.14726249873638153,-0.024543749168515205,0.023264218090252847,-0.0038773695836232273,-0.00390625,0,0.024726562201976776,-0.0070846621278009879,0.0013122040560909773,33,32,0,0,0,1,1,1,1,1,1,1,1,1,RUNNING,10.131204000000116,0.13120400000011578
113,1.1225293240000001,KP_RAMP_HOLD,J2_KP140,1.3999999999999999,1.3745930035199996,1759,1.37421875,64,0.050000000000000003,0,0,0,1,1,2.4164087772369385,5.4650111198425293,-0,0,2.4215860366821289,5.4640522003173828,-0.00081789249724971175,-0.00015148807846826343,-0.00048469028785898759,0,0.00048469028785898759,-0.00066640441878144832,0,-0.024543749168515205,-0,-0.0038773695836232273,0,0,0,-0.007116624610766599,0.0013181240702050778,33,32,0,0,0,1,1,1,1,1,1,1,1,1,RUNNING,10.008435000000038,0.0084350000000377179
114,1.132484547,KP_RAMP_HOLD,J2_KP140,1.3999999999999999,1.379987270668642,1766,1.3796875,64,0.050000000000000003,0,0,0,1,1,2.4164087772369385,5.4650111198425293,-0,0,2.4215860366821289,5.4638605117797852,-0.00081789249724971175,-0.0001817706282167676,-0.00049983156273323962,0,0.00049983156273323962,-0.00063612186903294415,0.024543749168515205,-0.44178751111030579,-0.0038773695836232273,-0.06979265662481246,-0.00390625,0.00390625,0.049453124403953552,-0.0071445521313117889,0.0015878244801156203,33,32,0,0,0,1,1,1,1,1,1,1,1,1,RUNNING,9.9552229999999575,0.044777000000042477
115,1.142392082,KP_RAMP_HOLD,J2_KP140,1.3999999999999999,1.3846273580246911,1772,1.3843749999999999,64,0.050000000000000003,0,0,0,1,1,2.4164087772369385,5.4650111198425293,-0,0,2.4217777252197266,5.4640522003173828,-0.00084817504699821592,-0.00015148807846826343,-0.00049983156273323962,0,0.00049983156273323962,-0.00069668696852995249,0.12271875143051147,-0.098174996674060822,-0.019386848800886359,-0.015509478334492909,-0.00390625,0.01171875,0.098906248807907104,-0.0074339922607798616,0.001327746208661868,33,32,0,0,0,1,1,1,1,1,1,1,1,1,RUNNING,9.9075349999999673,0.09246500000003266
116,1.1525360600000001,KP_RAMP_HOLD,J2_KP140,1.3999999999999999,1.3885448806400003,1777,1.3882812499999999,64,0.050000000000000003,0,0,0,1,1,2.4164087772369385,5.4650111198425293,-0,0,2.4217777252197266,5.4642438888549805,-0.00084817504699821592,-0.00012120552871975926,-0.00048469028785898759,0,0.00048469028785898759,-0.00072696951827845666,-0.049087498337030411,0.19634999334812164,0.0077547391672464546,0.031018956668985818,-0.0078125,0.0078125,0.098906248807907104,-0.007455025235922853,0.0010653346600292971,33,32,0,0,0,1,1,1,1,1,1,1,1,1,RUNNING,10.143978000000109,0.14397800000010896
117,1.1624069079999999,KP_RAMP_HOLD,J2_KP140,1.3999999999999999,1.3917781285293827,1781,1.39140625,64,0.050000000000000003,0,0,0,1,1,2.4164087772369385,5.4650111198425293,-0,0,2.4219696521759033,5.4638605117797852,-0.00087849526160959138,-0.0001817706282167676,-0.00053013294491317949,0,0.00053013294491317949,-0.00069672463339282378,0.39269998669624329,-0.51541876792907715,-0.062037913337971637,-0.081424766846965854,-0.00390625,0.00390625,0.049453124403953552,-0.0077395041155384351,0.0016013911362368586,33,32,0,0,0,1,1,1,1,1,1,1,1,1,RUNNING,9.8708479999998211,0.1291520000001789
118,1.1725315869999999,KP_RAMP_HOLD,J2_KP140,1.3999999999999999,1.3943723093965434,1784,1.39375,64,0.050000000000000003,0,0,0,1,1,2.4164087772369385,5.4650111198425293,-0,0,2.4215860366821289,5.4640522003173828,-0.00081789249724971175,-0.00015148807846826343,-0.00048469028785898759,0,0.00048469028785898759,-0.00066640441878144832,-0.31906875967979431,-0.024543749168515205,0.050405807823926105,-0.0038773695836232273,0,0.0078125,0.049453124403953552,-0.007219027208935247,0.0013370908328039402,33,32,0,0,0,1,1,1,1,1,1,1,1,1,RUNNING,10.124679000000025,0.1246790000000253
119,1.1824836379999999,KP_RAMP_HOLD,J2_KP140,1.3999999999999999,1.3963797913599998,1787,1.3960937499999999,64,0.050000000000000003,0,0,0,1,1,2.4164087772369385,5.4650111198425293,-0,0,2.4215860366821289,5.4640522003173828,-0.00081789249724971175,-0.00015148807846826343,-0.00048469028785898759,0,0.00048469028785898759,-0.00066640441878144832,-0.26998123526573181,-0.12271875143051147,0.042651064537085275,-0.019386848800886359,-0.00390625,0.00390625,0.049453124403953552,-0.0072294204638916008,0.0013390158464550779,33,32,0,0,0,1,1,1,1,1,1,1,1,1,RUNNING,9.9520509999999618,0.047949000000038211
120,1.192413886,KP_RAMP_HOLD,J2_KP140,1.3999999999999999,1.3978603456790122,1789,1.39765625,64,0.050000000000000003,0,0,0,1,1,2.4164087772369385,5.4650111198425293,-0,0,2.4215860366821289,5.4640522003173828,-0.00081789249724971175,-0.00015148807846826343,-0.00048469028785898759,0,0.00048469028785898759,-0.00066640441878144832,-0.26998123526573181,-0.14726249873638153,0.042651064537085275,-0.023264218090252847,-0.0078125,0.00390625,0.074179686605930328,-0.0072370856777238248,0.0013404355788996188,33,32,0,0,0,1,1,1,1,1,1,1,1,1,RUNNING,9.9302480000000859,0.069751999999914105
121,1.2024821859999999,KP_RAMP_HOLD,J2_KP140,1.3999999999999999,1.398881389479506,1790,1.3984375,64,0.050000000000000003,0,0,0,1,1,2.4164087772369385,5.4650111198425293,-0,0,2.4215860366821289,5.4640522003173828,-0.00081789249724971175,-0.00015148807846826343,-0.00048469028785898759,0,0.00048469028785898759,-0.00066640441878144832,-0.36815625429153442,-0.098174996674060822,0.05816054640265908,-0.015509478334492909,-0.00390625,0.00390625,0.049453124403953552,-0.0072423718863838847,0.0013414146777359422,33,32,0,0,0,1,1,1,1,1,1,1,1,1,RUNNING,10.068299999999919,0.068299999999918981
122,1.212533751,KP_RAMP_HOLD,J2_KP140,1.3999999999999999,1.3995182284799998,1791,1.39921875,64,0.050000000000000003,0,0,0,1,1,2.4164087772369385,5.4650111198425293,-0,0,2.4215860366821289,5.4638605117797852,-0.00081789249724971175,-0.0001817706282167676,-0.00049983156273323962,0,0.00049983156273323962,-0.00063612186903294415,-0.24543750286102295,-0.44178751111030579,0.038773697601772718,-0.06979265662481246,-0.00390625,0,0.024726562201976776,-0.007245668967114257,0.0016102969576464842,33,32,0,0,0,1,1,1,1,1,1,1,1,1,RUNNING,10.051565000000151,0.051565000000151073
123,1.2225327260000001,KP_RAMP_HOLD,J2_KP140,1.3999999999999999,1.3998542997175305,1791,1.39921875,64,0.050000000000000003,0,0,0,1,1,2.4164087772369385,5.4650111198425293,-0,0,2.4217777252197266,5.4640522003173828,-0.00084817504699821592,-0.00015148807846826343,-0.00049983156273323962,0,0.00049983156273323962,-0.00069668696852995249,0.024543749168515205,-0.22089375555515289,-0.0038773695836232273,-0.03489632831240623,-0.00390625,0.00390625,0.049453124403953552,-0.0075157449186656639,0.0013423476203593989,33,32,0,0,0,1,1,1,1,1,1,1,1,1,RUNNING,9.998975000000021,0.0010249999999789594
124,1.2325382840000001,KP_RAMP_HOLD,J2_KP140,1.3999999999999999,1.3999814142735796,1791,1.39921875,64,0.050000000000000003,0,0,0,1,1,2.4164087772369385,5.4650111198425293,-0,0,2.4217777252197266,5.4640522003173828,-0.00084817504699821592,-0.00015148807846826343,-0.00049983156273323962,0,0.00049983156273323962,-0.00069668696852995249,-0.12271875143051147,0,0.019386848800886359,0,-0.0078125,0.00390625,0.074179686605930328,-0.0075164273901049466,0.0013424695129891245,33,32,0,0,0,1,1,1,1,1,1,1,1,1,RUNNING,10.005558000000025,0.005558000000025487
125,1.2425382890000001,KP_RAMP_HOLD,J2_KP140,1.3999999999999999,1.3999999999999999,1791,1.39921875,64,0.050000000000000003,0,0,0,1,1,2.4164087772369385,5.4650111198425293,-0,0,2.4217777252197266,5.4642438888549805,-0.00084817504699821592,-0.00012120552871975926,-0.00048469028785898759,0,0.00048469028785898759,-0.00072696951827845666,-0.22089375555515289,-0.049087498337030411,0.03489632831240623,-0.0077547391672464546,-0.00390625,0.00390625,0.049453124403953552,-0.00751652717590332,0.0010741233825683593,33,32,0,0,0,1,1,1,1,1,1,1,1,1,RUNNING,10.000004999999978,4.9999999784944293e-06
126,1.2524831139999999,CURRENT_HOLD,J2_KP140,1.3999999999999999,1.3999999999999999,1791,1.39921875,64,0.050000000000000003,0,0,0,1,1,2.4164087772369385,5.4650111198425293,-0,0,2.422161340713501,5.4636688232421875,-0.00090877781135809555,-0.0002120531779652718,-0.00056041549466168366,0,0.00056041549466168366,-0.00069672463339282378,0.4908750057220459,-0.24543750286102295,-0.077547395203545436,-0.038773697601772718,0,0.0078125,0.049453124403953552,-0.0080535888671874993,0.0018792152404785154,33,32,0,0,0,1,1,1,1,1,1,1,1,1,RUNNING,9.9448249999998239,0.055175000000176055
127,1.262529257,CURRENT_HOLD,J2_KP140,1.3999999999999999,1.3999999999999999,1791,1.39921875,64,0.050000000000000003,0,0,0,1,1,2.4164087772369385,5.4650111198425293,-0,0,2.4217777252197266,5.4640522003173828,-0.00084817504699821592,-0.00015148807846826343,-0.00049983156273323962,0,0.00049983156273323962,-0.00069668696852995249,-0.26998123526573181,0.024543749168515205,0.042651064537085275,0.0038773695836232273,-0.00390625,0.00390625,0.049453124403953552,-0.00751652717590332,0.001342487335205078,33,32,0,0,0,1,1,1,1,1,1,1,1,1,RUNNING,10.046143000000063,0.046143000000062884
128,1.2725108359999999,CURRENT_HOLD,J2_KP140,1.3999999999999999,1.3999999999999999,1791,1.39921875,64,0.050000000000000003,0,0,0,1,1,2.4164087772369385,5.4650111198425293,-0,0,2.4217777252197266,5.4640522003173828,-0.00084817504699821592,-0.00015148807846826343,-0.00049983156273323962,0,0.00049983156273323962,-0.00069668696852995249,-0.17180624604225159,0.024543749168515205,0.027141587379619331,0.0038773695836232273,-0.00390625,0.00390625,0.049453124403953552,-0.00751652717590332,0.001342487335205078,33,32,0,0,0,1,1,1,1,1,1,1,1,1,RUNNING,9.9815789999999627,0.018421000000037324
129,1.2824152790000001,CURRENT_HOLD,J2_KP140,1.3999999999999999,1.3999999999999999,1791,1.39921875,64,0.050000000000000003,0,0,0,1,1,2.4164087772369385,5.4650111198425293,-0,0,2.4217777252197266,5.4638605117797852,-0.00084817504699821592,-0.0001817706282167676,-0.00051497283760749176,0,0.00051497283760749176,-0.00066640441878144832,-0.29452499747276306,-0.073631249368190765,0.046528436180505693,-0.011632109045126423,-0.00390625,0.0078125,0.074179686605930328,-0.00751652717590332,0.0016108512878417968,33,32,0,0,0,1,1,1,1,1,1,1,1,1,RUNNING,9.9044430000001515,0.095556999999848458
130,1.292531994,CURRENT_HOLD,J2_KP140,1.3999999999999999,1.3999999999999999,1791,1.39921875,64,0.050000000000000003,0,0,0,1,1,2.4164087772369385,5.4650111198425293,-0,0,2.4219696521759033,5.4640522003173828,-0.00087849526160959138,-0.00015148807846826343,-0.00051499167003892735,0,0.00051499167003892735,-0.00072700718314132795,0.098174996674060822,0.12271875143051147,-0.015509478334492909,0.019386848800886359,-0.0078125,0.0078125,0.098906248807907104,-0.0077852249145507809,0.001342487335205078,33,32,0,0,0,1,1,1,1,1,1,1,1,1,RUNNING,10.116714999999887,0.11671499999988733
131,1.3023915930000001,CURRENT_HOLD,J2_KP140,1.3999999999999999,1.3999999999999999,1791,1.39921875,64,0.050000000000000003,0,0,0,1,1,2.4164087772369385,5.4650111198425293,-0,0,2.4219696521759033,5.4638605117797852,-0.00087849526160959138,-0.0001817706282167676,-0.00053013294491317949,0,0.00053013294491317949,-0.00069672463339282378,0.073631249368190765,-0.24543750286102295,-0.011632109045126423,-0.038773697601772718,-0.00390625,0.00390625,0.049453124403953552,-0.0077852249145507809,0.0016108512878417968,33,32,0,0,0,1,1,1,1,1,1,1,1,1,RUNNING,9.8595990000001077,0.14040099999989231
132,1.3125290279999999,CURRENT_HOLD,J2_KP140,1.3999999999999999,1.3999999999999999,1791,1.39921875,64,0.050000000000000003,0,0,0,1,1,2.4164087772369385,5.4650111198425293,-0,0,2.4219696521759033,5.4638605117797852,-0.00087849526160959138,-0.0001817706282167676,-0.00053013294491317949,0,0.00053013294491317949,-0.00069672463339282378,0,-0.24543750286102295,-0,-0.038773697601772718,-0.0078125,0.00390625,0.074179686605930328,-0.0077852249145507809,0.0016108512878417968,33,32,0,0,0,1,1,1,1,1,1,1,1,1,RUNNING,10.137434999999861,0.13743499999986142
133,1.322480133,CURRENT_HOLD,J2_KP140,1.3999999999999999,1.3999999999999999,1791,1.39921875,64,0.050000000000000003,0,0,0,1,1,2.4164087772369385,5.4650111198425293,-0,0,2.4217777252197266,5.4638605117797852,-0.00084817504699821592,-0.0001817706282167676,-0.00051497283760749176,0,0.00051497283760749176,-0.00066640441878144832,-0.098174996674060822,-0.24543750286102295,0.015509478334492909,-0.038773697601772718,-0.0078125,0.00390625,0.074179686605930328,-0.00751652717590332,0.0016108512878417968,33,32,0,0,0,1,1,1,1,1,1,1,1,1,RUNNING,9.9511050000000711,0.048894999999928856
134,1.3325297570000001,CURRENT_HOLD,J2_KP140,1.3999999999999999,1.3999999999999999,1791,1.39921875,64,0.050000000000000003,0,0,0,1,1,2.4164087772369385,5.4650111198425293,-0,0,2.4215860366821289,5.4640522003173828,-0.00081789249724971175,-0.00015148807846826343,-0.00048469028785898759,0,0.00048469028785898759,-0.00066640441878144832,-0.53996247053146362,0.12271875143051147,0.085302129074170549,0.019386848800886359,-0.00390625,0.00390625,0.049453124403953552,-0.0072481632232666007,0.001342487335205078,33,32,0,0,0,1,1,1,1,1,1,1,1,1,RUNNING,10.04962400000009,0.049624000000090263
135,1.3424149750000001,CURRENT_HOLD,J2_KP140,1.3999999999999999,1.3999999999999999,1791,1.39921875,64,0.050000000000000003,0,0,0,1,1,2.4164087772369385,5.4650111198425293,-0,0,2.4219696521759033,5.4638605117797852,-0.00087849526160959138,-0.0001817706282167676,-0.00053013294491317949,0,0.00053013294491317949,-0.00069672463339282378,0.098174996674060822,-0.24543750286102295,-0.015509478334492909,-0.038773697601772718,-0.00390625,0.00390625,0.049453124403953552,-0.0077852249145507809,0.0016108512878417968,33,32,0,0,0,1,1,1,1,1,1,1,1,1,RUNNING,9.8852179999999734,0.11478200000002658
136,1.3525290400000001,CURRENT_HOLD,J2_KP140,1.3999999999999999,1.3999999999999999,1791,1.39921875,64,0.050000000000000003,0,0,0,1,1,2.4164087772369385,5.4650111198425293,-0,0,2.4217777252197266,5.4640522003173828,-0.00084817504699821592,-0.00015148807846826343,-0.00049983156273323962,0,0.00049983156273323962,-0.00069668696852995249,-0.34361249208450317,0.12271875143051147,0.054283174759238662,0.019386848800886359,-0.0078125,0,0.049453124403953552,-0.00751652717590332,0.001342487335205078,33,32,0,0,0,1,1,1,1,1,1,1,1,1,RUNNING,10.114065000000005,0.11406500000000541
137,1.3624191450000001,CURRENT_HOLD,J2_KP140,1.3999999999999999,1.3999999999999999,1791,1.39921875,64,0.050000000000000003,0,0,0,1,1,2.4164087772369385,5.4650111198425293,-0,0,2.422161340713501,5.4640522003173828,-0.00090877781135809555,-0.00015148807846826343,-0.00053013294491317949,0,0.00053013294491317949,-0.00075728973288983212,0,0.12271875143051147,-0,0.019386848800886359,0,0.00390625,0.024726562201976776,-0.0080535888671874993,0.001342487335205078,33,32,0,0,0,1,1,1,1,1,1,1,1,1,RUNNING,9.8901049999999824,0.10989500000001762
138,1.372528456,CURRENT_HOLD,J2_KP140,1.3999999999999999,1.3999999999999999,1791,1.39921875,64,0.050000000000000003,0,0,0,1,1,2.4164087772369385,5.4650111198425293,-0,0,2.4217777252197266,5.4640522003173828,-0.00084817504699821592,-0.00015148807846826343,-0.00049983156273323962,0,0.00049983156273323962,-0.00069668696852995249,-0.36815625429153442,0,0.05816054640265908,0,-0.00390625,0,0.024726562201976776,-0.00751652717590332,0.001342487335205078,33,32,0,0,0,1,1,1,1,1,1,1,1,1,RUNNING,10.109310999999899,0.10931099999989868
139,1.382473584,CURRENT_HOLD,J2_KP140,1.3999999999999999,1.3999999999999999,1791,1.39921875,64,0.050000000000000003,0,0,0,1,1,2.4164087772369385,5.4650111198425293,-0,0,2.4217777252197266,5.4638605117797852,-0.00084817504699821592,-0.0001817706282167676,-0.00051497283760749176,0,0.00051497283760749176,-0.00066640441878144832,-0.31906875967979431,-0.24543750286102295,0.050405807823926105,-0.038773697601772718,-0.00390625,0.0078125,0.074179686605930328,-0.00751652717590332,0.0016108512878417968,33,32,0,0,0,1,1,1,1,1,1,1,1,1,RUNNING,9.9451280000000253,0.054871999999974719
140,1.3923959749999999,CURRENT_HOLD,J2_KP140,1.3999999999999999,1.3999999999999999,1791,1.39921875,64,0.050000000000000003,0,0,0,1,1,2.4164087772369385,5.4650111198425293,-0,0,2.4217777252197266,5.4638605117797852,-0.00084817504699821592,-0.0001817706282167676,-0.00051497283760749176,0,0.00051497283760749176,-0.00066640441878144832,-0.36815625429153442,-0.24543750286102295,0.05816054640265908,-0.038773697601772718,-0.00390625,0.00390625,0.049453124403953552,-0.00751652717590332,0.0016108512878417968,33,32,0,0,0,1,1,1,1,1,1,1,1,1,RUNNING,9.9223909999999194,0.077609000000080641
141,1.402393647,CURRENT_HOLD,J2_KP140,1.3999999999999999,1.3999999999999999,1791,1.39921875,64,0.050000000000000003,0,0,0,1,1,2.4164087772369385,5.4650111198425293,-0,0,2.4219696521759033,5.4638605117797852,-0.00087849526160959138,-0.0001817706282167676,-0.00053013294491317949,0,0.00053013294491317949,-0.00069672463339282378,0.098174996674060822,-0.36815625429153442,-0.015509478334492909,-0.05816054640265908,0,0,0,-0.0077852249145507809,0.0016108512878417968,33,32,0,0,0,1,1,1,1,1,1,1,1,1,RUNNING,9.997672000000124,0.0023279999998759848
142,1.412532729,CURRENT_HOLD,J2_KP140,1.3999999999999999,1.3999999999999999,1791,1.39921875,64,0.050000000000000003,0,0,0,1,1,2.4164087772369385,5.4650111198425293,-0,0,2.4219696521759033,5.4638605117797852,-0.00087849526160959138,-0.0001817706282167676,-0.00053013294491317949,0,0.00053013294491317949,-0.00069672463339282378,0.12271875143051147,-0.24543750286102295,-0.019386848800886359,-0.038773697601772718,-0.00390625,0.00390625,0.049453124403953552,-0.0077852249145507809,0.0016108512878417968,33,32,0,0,0,1,1,1,1,1,1,1,1,1,RUNNING,10.139082000000021,0.13908200000002147
143,1.4224030270000001,CURRENT_HOLD,J2_KP140,1.3999999999999999,1.3999999999999999,1791,1.39921875,64,0.050000000000000003,0,0,0,1,1,2.4164087772369385,5.4650111198425293,-0,0,2.4219696521759033,5.4638605117797852,-0.00087849526160959138,-0.0001817706282167676,-0.00053013294491317949,0,0.00053013294491317949,-0.00069672463339282378,-0.024543749168515205,-0.19634999334812164,0.0038773695836232273,-0.031018956668985818,-0.00390625,0.00390625,0.049453124403953552,-0.0077852249145507809,0.0016108512878417968,33,32,0,0,0,1,1,1,1,1,1,1,1,1,RUNNING,9.8702980000000551,0.12970199999994492
144,1.4325329579999999,CURRENT_HOLD,J2_KP140,1.3999999999999999,1.3999999999999999,1791,1.39921875,64,0.050000000000000003,0,0,0,1,1,2.4164087772369385,5.4650111198425293,-0,0,2.4219696521759033,5.4638605117797852,-0.00087849526160959138,-0.0001817706282167676,-0.00053013294491317949,0,0.00053013294491317949,-0.00069672463339282378,-0.049087498337030411,-0.14726249873638153,0.0077547391672464546,-0.023264218090252847,-0.00390625,0.0078125,0.074179686605930328,-0.0077852249145507809,0.0016108512878417968,33,32,0,0,0,1,1,1,1,1,1,1,1,1,RUNNING,10.129930999999814,0.12993099999981439
145,1.442531808,CURRENT_HOLD,J2_KP140,1.3999999999999999,1.3999999999999999,1791,1.39921875,64,0.050000000000000003,0,0,0,1,1,2.4164087772369385,5.4650111198425293,-0,0,2.4217777252197266,5.4638605117797852,-0.00084817504699821592,-0.0001817706282167676,-0.00051497283760749176,0,0.00051497283760749176,-0.00066640441878144832,-0.36815625429153442,-0.31906875967979431,0.05816054640265908,-0.050405807823926105,-0.0078125,0.00390625,0.074179686605930328,-0.00751652717590332,0.0016108512878417968,33,32,0,0,0,1,1,1,1,1,1,1,1,1,RUNNING,9.9988500000001146,0.0011499999998854094
146,1.452534306,CURRENT_HOLD,J2_KP140,1.3999999999999999,1.3999999999999999,1791,1.39921875,64,0.050000000000000003,0,0,0,1,1,2.4164087772369385,5.4650111198425293,-0,0,2.4219696521759033,5.4640522003173828,-0.00087849526160959138,-0.00015148807846826343,-0.00051499167003892735,0,0.00051499167003892735,-0.00072700718314132795,0,0,-0,0,-0.0078125,0,0.049453124403953552,-0.0077852249145507809,0.001342487335205078,33,32,0,0,0,1,1,1,1,1,1,1,1,1,RUNNING,10.002497999999971,0.0024979999999708014
147,1.4624808419999999,CURRENT_HOLD,J2_KP140,1.3999999999999999,1.3999999999999999,1791,1.39921875,64,0.050000000000000003,0,0,0,1,1,2.4164087772369385,5.4650111198425293,-0,0,2.422161340713501,5.4638605117797852,-0.00090877781135809555,-0.0001817706282167676,-0.00054527421978743163,0,0.00054527421978743163,-0.00072700718314132795,0.19634999334812164,-0.19634999334812164,-0.031018956668985818,-0.031018956668985818,-0.00390625,0.00390625,0.049453124403953552,-0.0080535888671874993,0.0016108512878417968,33,32,0,0,0,1,1,1,1,1,1,1,1,1,RUNNING,9.9465359999999503,0.053464000000049694
148,1.472528839,CURRENT_HOLD,J2_KP140,1.3999999999999999,1.3999999999999999,1791,1.39921875,64,0.050000000000000003,0,0,0,1,1,2.4164087772369385,5.4650111198425293,-0,0,2.4217777252197266,5.4638605117797852,-0.00084817504699821592,-0.0001817706282167676,-0.00051497283760749176,0,0.00051497283760749176,-0.00066640441878144832,-0.36815625429153442,-0.26998123526573181,0.05816054640265908,-0.042651064537085275,-0.00390625,0.00390625,0.049453124403953552,-0.00751652717590332,0.0016108512878417968,33,32,0,0,0,1,1,1,1,1,1,1,1,1,RUNNING,10.047997000000031,0.04799700000003071
149,1.48240869,CURRENT_HOLD,J2_KP140,1.3999999999999999,1.3999999999999999,1791,1.39921875,64,0.050000000000000003,0,0,0,1,1,2.4164087772369385,5.4650111198425293,-0,0,2.4217777252197266,5.4640522003173828,-0.00084817504699821592,-0.00015148807846826343,-0.00049983156273323962,0,0.00049983156273323962,-0.00069668696852995249,-0.44178751111030579,0.098174996674060822,0.06979265662481246,0.015509478334492909,-0.00390625,0.00390625,0.049453124403953552,-0.00751652717590332,0.001342487335205078,33,32,0,0,0,1,1,1,1,1,1,1,1,1,RUNNING,9.8798509999999951,0.12014900000000495
150,1.492529094,CURRENT_HOLD,J2_KP140,1.3999999999999999,1.3999999999999999,1791,1.39921875,64,0.050000000000000003,0,0,0,1,1,2.4164087772369385,5.4650111198425293,-0,0,2.4217777252197266,5.4638605117797852,-0.00084817504699821592,-0.0001817706282167676,-0.00051497283760749176,0,0.00051497283760749176,-0.00066640441878144832,-0.39269998669624329,-0.049087498337030411,0.062037913337971637,-0.0077547391672464546,-0.00390625,0.00390625,0.049453124403953552,-0.00751652717590332,0.0016108512878417968,33,32,0,0,0,1,1,1,1,1,1,1,1,1,RUNNING,10.120404000000027,0.12040400000002727
151,1.5025341080000001,CURRENT_HOLD,J2_KP140,1.3999999999999999,1.3999999999999999,1791,1.39921875,64,0.050000000000000003,0,0,0,1,1,2.4164087772369385,5.4650111198425293,-0,0,2.4219696521759033,5.4638605117797852,-0.00087849526160959138,-0.0001817706282167676,-0.00053013294491317949,0,0.00053013294491317949,-0.00069672463339282378,0.098174996674060822,-0.14726249873638153,-0.015509478334492909,-0.023264218090252847,0,0.01171875,0.074179686605930328,-0.0077852249145507809,0.0016108512878417968,33,32,0,0,0,1,1,1,1,1,1,1,1,1,RUNNING,10.00501400000009,0.00501400000008978
152,1.512533924,CURRENT_HOLD,J2_KP140,1.3999999999999999,1.3999999999999999,1791,1.39921875,64,0.050000000000000003,0,0,0,1,1,2.4164087772369385,5.4650111198425293,-0,0,2.422161340713501,5.4638605117797852,-0.00090877781135809555,-0.0001817706282167676,-0.00054527421978743163,0,0.00054527421978743163,-0.00072700718314132795,0.24543750286102295,-0.098174996674060822,-0.038773697601772718,-0.015509478334492909,-0.00390625,0.00390625,0.049453124403953552,-0.0080535888671874993,0.0016108512878417968,33,32,0,0,0,1,1,1,1,1,1,1,1,1,RUNNING,9.9998159999998837,0.00018400000011631334
153,1.522540588,CURRENT_HOLD,J2_KP140,1.3999999999999999,1.3999999999999999,1791,1.39921875,64,0.050000000000000003,0,0,0,1,1,2.4164087772369385,5.4650111198425293,-0,0,2.4219696521759033,5.4640522003173828,-0.00087849526160959138,-0.00015148807846826343,-0.00051499167003892735,0,0.00051499167003892735,-0.00072700718314132795,-0.14726249873638153,0.14726249873638153,0.023264218090252847,0.023264218090252847,-0.00390625,0.00390625,0.049453124403953552,-0.0077852249145507809,0.001342487335205078,33,32,0,0,0,1,1,1,1,1,1,1,1,1,RUNNING,10.006664000000054,0.0066640000000539601
154,1.532527295,CURRENT_HOLD,J2_KP140,1.3999999999999999,1.3999999999999999,1791,1.39921875,64,0.050000000000000003,0,0,0,1,1,2.4164087772369385,5.4650111198425293,-0,0,2.4219696521759033,5.4638605117797852,-0.00087849526160959138,-0.0001817706282167676,-0.00053013294491317949,0,0.00053013294491317949,-0.00069672463339282378,-0.12271875143051147,-0.098174996674060822,0.019386848800886359,-0.015509478334492909,-0.00390625,0.0078125,0.074179686605930328,-0.0077852249145507809,0.0016108512878417968,33,32,0,0,0,1,1,1,1,1,1,1,1,1,RUNNING,9.9867069999999281,0.013293000000071942
155,1.5424155070000001,CURRENT_HOLD,J2_KP140,1.3999999999999999,1.3999999999999999,1791,1.39921875,64,0.050000000000000003,0,0,0,1,1,2.4164087772369385,5.4650111198425293,-0,0,2.422161340713501,5.4636688232421875,-0.00090877781135809555,-0.0002120531779652718,-0.00056041549466168366,0,0.00056041549466168366,-0.00069672463339282378,0.17180624604225159,-0.58904999494552612,-0.027141587379619331,-0.093056872361011386,0,0,0,-0.0080535888671874993,0.0018792152404785154,33,32,0,0,0,1,1,1,1,1,1,1,1,1,RUNNING,9.8882120000001184,0.11178799999988165
156,1.5525070830000001,CURRENT_HOLD,J2_KP140,1.3999999999999999,1.3999999999999999,1791,1.39921875,64,0.050000000000000003,0,0,0,1,1,2.4164087772369385,5.4650111198425293,-0,0,2.4219696521759033,5.4640522003173828,-0.00087849526160959138,-0.00015148807846826343,-0.00051499167003892735,0,0.00051499167003892735,-0.00072700718314132795,-0.19634999334812164,0.073631249368190765,0.031018956668985818,0.011632109045126423,-0.00390625,0.00390625,0.049453124403953552,-0.0077852249145507809,0.001342487335205078,33,32,0,0,0,1,1,1,1,1,1,1,1,1,RUNNING,10.091575999999991,0.091575999999990998
157,1.5624141060000001,CURRENT_HOLD,J2_KP140,1.3999999999999999,1.3999999999999999,1791,1.39921875,64,0.050000000000000003,0,0,0,1,1,2.4164087772369385,5.4650111198425293,-0,0,2.4219696521759033,5.4638605117797852,-0.00087849526160959138,-0.0001817706282167676,-0.00053013294491317949,0,0.00053013294491317949,-0.00069672463339282378,-0.24543750286102295,-0.24543750286102295,0.038773697601772718,-0.038773697601772718,-0.00390625,0,0.024726562201976776,-0.0077852249145507809,0.0016108512878417968,33,32,0,0,0,1,1,1,1,1,1,1,1,1,RUNNING,9.9070230000000148,0.09297699999998521
158,1.5725240330000001,CURRENT_HOLD,J2_KP140,1.3999999999999999,1.3999999999999999,1791,1.39921875,64,0.050000000000000003,0,0,0,1,1,2.4164087772369385,5.4650111198425293,-0,0,2.422161340713501,5.4638605117797852,-0.00090877781135809555,-0.0001817706282167676,-0.00054527421978743163,0,0.00054527421978743163,-0.00072700718314132795,0.14726249873638153,-0.29452499747276306,-0.023264218090252847,-0.046528436180505693,0,0,0,-0.0080535888671874993,0.0016108512878417968,33,32,0,0,0,1,1,1,1,1,1,1,1,1,RUNNING,10.109927000000019,0.10992700000001854
159,1.58253165,CURRENT_HOLD,J2_KP140,1.3999999999999999,1.3999999999999999,1791,1.39921875,64,0.050000000000000003,0,0,0,1,1,2.4164087772369385,5.4650111198425293,-0,0,2.4219696521759033,5.4638605117797852,-0.00087849526160959138,-0.0001817706282167676,-0.00053013294491317949,0,0.00053013294491317949,-0.00069672463339282378,0.098174996674060822,-0.17180624604225159,-0.015509478334492909,-0.027141587379619331,0,0.00390625,0.024726562201976776,-0.0077852249145507809,0.0016108512878417968,33,32,0,0,0,1,1,1,1,1,1,1,1,1,RUNNING,10.007616999999858,0.0076169999998576543
160,1.592398695,CURRENT_HOLD,J2_KP140,1.3999999999999999,1.3999999999999999,1791,1.39921875,64,0.050000000000000003,0,0,0,1,1,2.4164087772369385,5.4650111198425293,-0,0,2.4217777252197266,5.4640522003173828,-0.00084817504699821592,-0.00015148807846826343,-0.00049983156273323962,0,0.00049983156273323962,-0.00069668696852995249,-0.44178751111030579,0.14726249873638153,0.06979265662481246,0.023264218090252847,-0.00390625,0.00390625,0.049453124403953552,-0.00751652717590332,0.001342487335205078,33,32,0,0,0,1,1,1,1,1,1,1,1,1,RUNNING,9.8670450000000187,0.13295499999998128
161,1.602389659,CURRENT_HOLD,J2_KP140,1.3999999999999999,1.3999999999999999,1791,1.39921875,64,0.050000000000000003,0,0,0,1,1,2.4164087772369385,5.4650111198425293,-0,0,2.4219696521759033,5.4638605117797852,-0.00087849526160959138,-0.0001817706282167676,-0.00053013294491317949,0,0.00053013294491317949,-0.00069672463339282378,-0.17180624604225159,-0.14726249873638153,0.027141587379619331,-0.023264218090252847,-0.00390625,0.00390625,0.049453124403953552,-0.0077852249145507809,0.0016108512878417968,33,32,0,0,0,1,1,1,1,1,1,1,1,1,RUNNING,9.9909639999999911,0.0090360000000089258
162,1.6125348580000001,CURRENT_HOLD,J2_KP140,1.3999999999999999,1.3999999999999999,1791,1.39921875,64,0.050000000000000003,0,0,0,1,1,2.4164087772369385,5.4650111198425293,-0,0,2.422161340713501,5.4638605117797852,-0.00090877781135809555,-0.0001817706282167676,-0.00054527421978743163,0,0.00054527421978743163,-0.00072700718314132795,0.024543749168515205,-0.024543749168515205,-0.0038773695836232273,-0.0038773695836232273,-0.00390625,0.00390625,0.049453124403953552,-0.0080535888671874993,0.0016108512878417968,33,32,0,0,0,1,1,1,1,1,1,1,1,1,RUNNING,10.145199000000105,0.14519900000010466
163,1.622406733,CURRENT_HOLD,J2_KP140,1.3999999999999999,1.3999999999999999,1791,1.39921875,64,0.050000000000000003,0,0,0,1,1,2.4164087772369385,5.4650111198425293,-0,0,2.422161340713501,5.4638605117797852,-0.00090877781135809555,-0.0001817706282167676,-0.00054527421978743163,0,0.00054527421978743163,-0.00072700718314132795,-0.24543750286102295,0.024543749168515205,0.038773697601772718,0.0038773695836232273,-0.0078125,0.00390625,0.074179686605930328,-0.0080535888671874993,0.0016108512878417968,33,32,0,0,0,1,1,1,1,1,1,1,1,1,RUNNING,9.8718749999999744,0.12812500000002558
164,1.6324216519999999,CURRENT_HOLD,J2_KP140,1.3999999999999999,1.3999999999999999,1791,1.39921875,64,0.050000000000000003,0,0,0,1,1,2.4164087772369385,5.4650111198425293,-0,0,2.422161340713501,5.4636688232421875,-0.00090877781135809555,-0.0002120531779652718,-0.00056041549466168366,0,0.00056041549466168366,-0.00069672463339282378,0.073631249368190765,-0.34361249208450317,-0.011632109045126423,-0.054283174759238662,-0.00390625,0.00390625,0.049453124403953552,-0.0080535888671874993,0.0018792152404785154,33,32,0,0,0,1,1,1,1,1,1,1,1,1,RUNNING,10.014918999999844,0.014918999999844473
165,1.6425460160000001,CURRENT_HOLD,J2_KP140,1.3999999999999999,1.3999999999999999,1791,1.39921875,64,0.050000000000000003,0,0,0,1,1,2.4164087772369385,5.4650111198425293,-0,0,2.422161340713501,5.4638605117797852,-0.00090877781135809555,-0.0001817706282167676,-0.00054527421978743163,0,0.00054527421978743163,-0.00072700718314132795,0.073631249368190765,0,-0.011632109045126423,0,-0.00390625,0.00390625,0.049453124403953552,-0.0080535888671874993,0.0016108512878417968,33,32,0,0,0,1,1,1,1,1,1,1,1,1,RUNNING,10.124364000000163,0.12436400000016334
166,1.6524772510000001,CURRENT_HOLD,J2_KP140,1.3999999999999999,1.3999999999999999,1791,1.39921875,64,0.050000000000000003,0,0,0,1,1,2.4164087772369385,5.4650111198425293,-0,0,2.422161340713501,5.4638605117797852,-0.00090877781135809555,-0.0001817706282167676,-0.00054527421978743163,0,0.00054527421978743163,-0.00072700718314132795,0,0.098174996674060822,-0,0.015509478334492909,-0.00390625,0,0.024726562201976776,-0.0080535888671874993,0.0016108512878417968,33,32,0,0,0,1,1,1,1,1,1,1,1,1,RUNNING,9.9312350000000382,0.068764999999961773
167,1.662530635,CURRENT_HOLD,J2_KP140,1.3999999999999999,1.3999999999999999,1791,1.39921875,64,0.050000000000000003,0,0,0,1,1,2.4164087772369385,5.4650111198425293,-0,0,2.422161340713501,5.4636688232421875,-0.00090877781135809555,-0.0002120531779652718,-0.00056041549466168366,0,0.00056041549466168366,-0.00069672463339282378,-0.14726249873638153,-0.39269998669624329,0.023264218090252847,-0.062037913337971637,-0.0078125,0,0.049453124403953552,-0.0080535888671874993,0.0018792152404785154,33,32,0,0,0,1,1,1,1,1,1,1,1,1,RUNNING,10.053383999999888,0.053383999999887521
168,1.672481543,CURRENT_HOLD,J2_KP140,1.3999999999999999,1.3999999999999999,1791,1.39921875,64,0.050000000000000003,0,0,0,1,1,2.4164087772369385,5.4650111198425293,-0,0,2.422161340713501,5.4636688232421875,-0.00090877781135809555,-0.0002120531779652718,-0.00056041549466168366,0,0.00056041549466168366,-0.00069672463339282378,0,-0.39269998669624329,-0,-0.062037913337971637,-0.00390625,0,0.024726562201976776,-0.0080535888671874993,0.0018792152404785154,33,32,0,0,0,1,1,1,1,1,1,1,1,1,RUNNING,9.9509079999999805,0.049092000000019453
169,1.6824145269999999,CURRENT_HOLD,J2_KP140,1.3999999999999999,1.3999999999999999,1791,1.39921875,64,0.050000000000000003,0,0,0,1,1,2.4164087772369385,5.4650111198425293,-0,0,2.422161340713501,5.4638605117797852,-0.00090877781135809555,-0.0001817706282167676,-0.00054527421978743163,0,0.00054527421978743163,-0.00072700718314132795,-0.098174996674060822,0,0.015509478334492909,0,0,0,0,-0.0080535888671874993,0.0016108512878417968,33,32,0,0,0,1,1,1,1,1,1,1,1,1,RUNNING,9.9329839999999781,0.067016000000021947
170,1.6925291490000001,CURRENT_HOLD,J2_KP140,1.3999999999999999,1.3999999999999999,1791,1.39921875,64,0.050000000000000003,0,0,0,1,1,2.4164087772369385,5.4650111198425293,-0,0,2.422161340713501,5.4638605117797852,-0.00090877781135809555,-0.0001817706282167676,-0.00054527421978743163,0,0.00054527421978743163,-0.00072700718314132795,-0.024543749168515205,0,0.0038773695836232273,0,-0.0078125,0.00390625,0.074179686605930328,-0.0080535888671874993,0.0016108512878417968,33,32,0,0,0,1,1,1,1,1,1,1,1,1,RUNNING,10.114622000000129,0.11462200000012857
171,1.7025303270000001,CURRENT_HOLD,J2_KP140,1.3999999999999999,1.3999999999999999,1791,1.39921875,64,0.050000000000000003,0,0,0,1,1,2.4164087772369385,5.4650111198425293,-0,0,2.422161340713501,5.4636688232421875,-0.00090877781135809555,-0.0002120531779652718,-0.00056041549466168366,0,0.00056041549466168366,-0.00069672463339282378,0,-0.36815625429153442,-0,-0.05816054640265908,-0.00390625,0,0.024726562201976776,-0.0080535888671874993,0.0018792152404785154,33,32,0,0,0,1,1,1,1,1,1,1,1,1,RUNNING,10.001177999999999,0.0011779999999994573
172,1.7125328580000001,CURRENT_HOLD,J2_KP140,1.3999999999999999,1.3999999999999999,1791,1.39921875,64,0.050000000000000003,0,0,0,1,1,2.4164087772369385,5.4650111198425293,-0,0,2.422161340713501,5.4638605117797852,-0.00090877781135809555,-0.0001817706282167676,-0.00054527421978743163,0,0.00054527421978743163,-0.00072700718314132795,-0.22089375555515289,-0.098174996674060822,0.03489632831240623,-0.015509478334492909,-0.00390625,0,0.024726562201976776,-0.0080535888671874993,0.0016108512878417968,33,32,0,0,0,1,1,1,1,1,1,1,1,1,RUNNING,10.002531000000037,0.0025310000000366983
173,1.722478462,CURRENT_HOLD,J2_KP140,1.3999999999999999,1.3999999999999999,1791,1.39921875,64,0.050000000000000003,0,0,0,1,1,2.4164087772369385,5.4650111198425293,-0,0,2.422161340713501,5.4636688232421875,-0.00090877781135809555,-0.0002120531779652718,-0.00056041549466168366,0,0.00056041549466168366,-0.00069672463339282378,-0.024543749168515205,-0.19634999334812164,0.0038773695836232273,-0.031018956668985818,-0.01953125,0.00390625,0.14835937321186066,-0.0080535888671874993,0.0018792152404785154,33,32,0,0,0,1,1,1,1,1,1,1,1,1,RUNNING,9.9456039999998858,0.054396000000114242
174,1.7325329679999999,CURRENT_HOLD,J2_KP140,1.3999999999999999,1.3999999999999999,1791,1.39921875,64,0.050000000000000003,0,0,0,1,1,2.4164087772369385,5.4650111198425293,-0,0,2.422161340713501,5.4638605117797852,-0.00090877781135809555,-0.0001817706282167676,-0.00054527421978743163,0,0.00054527421978743163,-0.00072700718314132795,-0.19634999334812164,0.049087498337030411,0.031018956668985818,0.0077547391672464546,-0.0078125,0.00390625,0.074179686605930328,-0.0080535888671874993,0.0016108512878417968,33,32,0,0,0,1,1,1,1,1,1,1,1,1,RUNNING,10.054505999999908,0.054505999999907573
175,1.7424148349999999,CURRENT_HOLD,J2_KP140,1.3999999999999999,1.3999999999999999,1791,1.39921875,64,0.050000000000000003,0,0,0,1,1,2.4164087772369385,5.4650111198425293,-0,0,2.4223530292510986,5.4636688232421875,-0.00093906036110659973,-0.0002120531779652718,-0.0005755567695359358,0,0.0005755567695359358,-0.00072700718314132795,0.098174996674060822,-0.17180624604225159,-0.015509478334492909,-0.027141587379619331,-0.00390625,0.00390625,0.049453124403953552,-0.0083219528198242177,0.0018792152404785154,33,32,0,0,0,1,1,1,1,1,1,1,1,1,RUNNING,9.8818670000000441,0.11813299999995586
176,1.7525334379999999,CURRENT_HOLD,J2_KP140,1.3999999999999999,1.3999999999999999,1791,1.39921875,64,0.050000000000000003,0,0,0,1,1,2.4164087772369385,5.4650111198425293,-0,0,2.422161340713501,5.4636688232421875,-0.00090877781135809555,-0.0002120531779652718,-0.00056041549466168366,0,0.00056041549466168366,-0.00069672463339282378,-0.098174996674060822,-0.24543750286102295,0.015509478334492909,-0.038773697601772718,0,0.00390625,0.024726562201976776,-0.0080535888671874993,0.0018792152404785154,33,32,0,0,0,1,1,1,1,1,1,1,1,1,RUNNING,10.118603000000004,0.11860300000000379
177,1.762405416,CURRENT_HOLD,J2_KP140,1.3999999999999999,1.3999999999999999,1791,1.39921875,64,0.050000000000000003,0,0,0,1,1,2.4164087772369385,5.4650111198425293,-0,0,2.422161340713501,5.4636688232421875,-0.00090877781135809555,-0.0002120531779652718,-0.00056041549466168366,0,0.00056041549466168366,-0.00069672463339282378,-0.17180624604225159,-0.024543749168515205,0.027141587379619331,-0.0038773695836232273,-0.00390625,0,0.024726562201976776,-0.0080535888671874993,0.0018792152404785154,33,32,0,0,0,1,1,1,1,1,1,1,1,1,RUNNING,9.871978000000059,0.12802199999994102
178,1.7725395930000001,CURRENT_HOLD,J2_KP140,1.3999999999999999,1.3999999999999999,1791,1.39921875,64,0.050000000000000003,0,0,0,1,1,2.4164087772369385,5.4650111198425293,-0,0,2.4219696521759033,5.4638605117797852,-0.00087849526160959138,-0.0001817706282167676,-0.00053013294491317949,0,0.00053013294491317949,-0.00069672463339282378,-0.61359375715255737,0,0.096934244004431805,0,-0.00390625,0.00390625,0.049453124403953552,-0.0077852249145507809,0.0016108512878417968,33,32,0,0,0,1,1,1,1,1,1,1,1,1,RUNNING,10.134177000000077,0.13417700000007748
179,1.78253302,CURRENT_HOLD,J2_KP140,1.3999999999999999,1.3999999999999999,1791,1.39921875,64,0.050000000000000003,0,0,0,1,1,2.4164087772369385,5.4650111198425293,-0,0,2.4223530292510986,5.4636688232421875,-0.00093906036110659973,-0.0002120531779652718,-0.0005755567695359358,0,0.0005755567695359358,-0.00072700718314132795,0.14726249873638153,-0.24543750286102295,-0.023264218090252847,-0.038773697601772718,-0.00390625,0.01171875,0.098906248807907104,-0.0083219528198242177,0.0018792152404785154,33,32,0,0,0,1,1,1,1,1,1,1,1,1,RUNNING,9.9934269999999437,0.0065730000000563393
180,1.792497488,CURRENT_HOLD,J2_KP140,1.3999999999999999,1.3999999999999999,1791,1.39921875,64,0.050000000000000003,0,0,0,1,1,2.4164087772369385,5.4650111198425293,-0,0,2.4223530292510986,5.4638605117797852,-0.00093906036110659973,-0.0001817706282167676,-0.00056041549466168366,0,0.00056041549466168366,-0.00075728973288983212,0.049087498337030411,0.098174996674060822,-0.0077547391672464546,0.015509478334492909,-0.0078125,0,0.049453124403953552,-0.0083219528198242177,0.0016108512878417968,33,32,0,0,0,1,1,1,1,1,1,1,1,1,RUNNING,9.9644679999999486,0.035532000000051411
181,1.8024721340000001,CURRENT_HOLD,J2_KP140,1.3999999999999999,1.3999999999999999,1791,1.39921875,64,0.050000000000000003,0,0,0,1,1,2.4164087772369385,5.4650111198425293,-0,0,2.422161340713501,5.4636688232421875,-0.00090877781135809555,-0.0002120531779652718,-0.00056041549466168366,0,0.00056041549466168366,-0.00069672463339282378,-0.34361249208450317,-0.24543750286102295,0.054283174759238662,-0.038773697601772718,-0.0078125,0.00390625,0.074179686605930328,-0.0080535888671874993,0.0018792152404785154,33,32,0,0,0,1,1,1,1,1,1,1,1,1,RUNNING,9.9746460000000869,0.025353999999913057
182,1.8124693329999999,CURRENT_HOLD,J2_KP140,1.3999999999999999,1.3999999999999999,1791,1.39921875,64,0.050000000000000003,0,0,0,1,1,2.4164087772369385,5.4650111198425293,-0,0,2.4223530292510986,5.4636688232421875,-0.00093906036110659973,-0.0002120531779652718,-0.0005755567695359358,0,0.0005755567695359358,-0.00072700718314132795,0,-0.24543750286102295,-0,-0.038773697601772718,-0.00390625,0.00390625,0.049453124403953552,-0.0083219528198242177,0.0018792152404785154,33,32,0,0,0,1,1,1,1,1,1,1,1,1,RUNNING,9.9971989999998456,0.0028010000001543744
183,1.822492818,CURRENT_HOLD,J2_KP140,1.3999999999999999,1.3999999999999999,1791,1.39921875,64,0.050000000000000003,0,0,0,1,1,2.4164087772369385,5.4650111198425293,-0,0,2.422161340713501,5.4636688232421875,-0.00090877781135809555,-0.0002120531779652718,-0.00056041549466168366,0,0.00056041549466168366,-0.00069672463339282378,-0.36815625429153442,-0.29452499747276306,0.05816054640265908,-0.046528436180505693,-0.0078125,0.00390625,0.074179686605930328,-0.0080535888671874993,0.0018792152404785154,33,32,0,0,0,1,1,1,1,1,1,1,1,1,RUNNING,10.023485000000054,0.023485000000054157
184,1.832466835,CURRENT_HOLD,J2_KP140,1.3999999999999999,1.3999999999999999,1791,1.39921875,64,0.050000000000000003,0,0,0,1,1,2.4164087772369385,5.4650111198425293,-0,0,2.4223530292510986,5.4636688232421875,-0.00093906036110659973,-0.0002120531779652718,-0.0005755567695359358,0,0.0005755567695359358,-0.00072700718314132795,0,-0.24543750286102295,-0,-0.038773697601772718,-0.0078125,0.00390625,0.074179686605930328,-0.0083219528198242177,0.0018792152404785154,33,32,0,0,0,1,1,1,1,1,1,1,1,1,RUNNING,9.9740170000000017,0.025982999999998313
185,1.8424924469999999,CURRENT_HOLD,J2_KP140,1.3999999999999999,1.3999999999999999,1791,1.39921875,64,0.050000000000000003,0,0,0,1,1,2.4164087772369385,5.4650111198425293,-0,0,2.4223530292510986,5.4636688232421875,-0.00093906036110659973,-0.0002120531779652718,-0.0005755567695359358,0,0.0005755567695359358,-0.00072700718314132795,0,-0.24543750286102295,-0,-0.038773697601772718,-0.00390625,0.00390625,0.049453124403953552,-0.0083219528198242177,0.0018792152404785154,33,32,0,0,0,1,1,1,1,1,1,1,1,1,RUNNING,10.025611999999962,0.025611999999961554
186,1.8525283509999999,CURRENT_HOLD,J2_KP140,1.3999999999999999,1.3999999999999999,1791,1.39921875,64,0.050000000000000003,0,0,0,1,1,2.4164087772369385,5.4650111198425293,-0,0,2.4223530292510986,5.4638605117797852,-0.00093906036110659973,-0.0001817706282167676,-0.00056041549466168366,0,0.00056041549466168366,-0.00075728973288983212,-0.073631249368190765,0.098174996674060822,0.011632109045126423,0.015509478334492909,-0.0078125,0.00390625,0.074179686605930328,-0.0083219528198242177,0.0016108512878417968,33,32,0,0,0,1,1,1,1,1,1,1,1,1,RUNNING,10.035903999999984,0.035903999999984393
187,1.862477908,CURRENT_HOLD,J2_KP140,1.3999999999999999,1.3999999999999999,1791,1.39921875,64,0.050000000000000003,0,0,0,1,1,2.4164087772369385,5.4650111198425293,-0,0,2.4223530292510986,5.4636688232421875,-0.00093906036110659973,-0.0002120531779652718,-0.0005755567695359358,0,0.0005755567695359358,-0.00072700718314132795,0.024543749168515205,-0.22089375555515289,-0.0038773695836232273,-0.03489632831240623,0,0.0078125,0.049453124403953552,-0.0083219528198242177,0.0018792152404785154,33,32,0,0,0,1,1,1,1,1,1,1,1,1,RUNNING,9.9495570000001088,0.050442999999891214
188,1.872531234,CURRENT_HOLD,J2_KP140,1.3999999999999999,1.3999999999999999,1791,1.39921875,64,0.050000000000000003,0,0,0,1,1,2.4164087772369385,5.4650111198425293,-0,0,2.4223530292510986,5.4638605117797852,-0.00093906036110659973,-0.0001817706282167676,-0.00056041549466168366,0,0.00056041549466168366,-0.00075728973288983212,0.073631249368190765,0.12271875143051147,-0.011632109045126423,0.019386848800886359,-0.00390625,0.0078125,0.074179686605930328,-0.0083219528198242177,0.0016108512878417968,33,32,0,0,0,1,1,1,1,1,1,1,1,1,RUNNING,10.053325999999974,0.053325999999973561
189,1.8825100130000001,CURRENT_HOLD,J2_KP140,1.3999999999999999,1.3999999999999999,1791,1.39921875,64,0.050000000000000003,0,0,0,1,1,2.4164087772369385,5.4650111198425293,-0,0,2.4223530292510986,5.4638605117797852,-0.00093906036110659973,-0.0001817706282167676,-0.00056041549466168366,0,0.00056041549466168366,-0.00075728973288983212,-0.049087498337030411,0.22089375555515289,0.0077547391672464546,0.03489632831240623,-0.0078125,0.00390625,0.074179686605930328,-0.0083219528198242177,0.0016108512878417968,33,32,0,0,0,1,1,1,1,1,1,1,1,1,RUNNING,9.9787790000001042,0.021220999999895795
190,1.892357764,CURRENT_HOLD,J2_KP140,1.3999999999999999,1.3999999999999999,1791,1.39921875,64,0.050000000000000003,0,0,0,1,1,2.4164087772369385,5.4650111198425293,-0,0,2.4223530292510986,5.4636688232421875,-0.00093906036110659973,-0.0002120531779652718,-0.0005755567695359358,0,0.0005755567695359358,-0.00072700718314132795,-0.24543750286102295,-0.24543750286102295,0.038773697601772718,-0.038773697601772718,0,0.0078125,0.049453124403953552,-0.0083219528198242177,0.0018792152404785154,33,32,0,0,0,1,1,1,1,1,1,1,1,1,RUNNING,9.8477509999999047,0.15224900000009534
191,1.902529661,CURRENT_HOLD,J2_KP140,1.3999999999999999,1.3999999999999999,1791,1.39921875,64,0.050000000000000003,0,0,0,1,1,2.4164087772369385,5.4650111198425293,-0,0,2.4225447177886963,5.4638605117797852,-0.0009693429108551039,-0.0001817706282167676,-0.0005755567695359357,0,0.0005755567695359357,-0.00078757228263833629,-0.19634999334812164,0.24543750286102295,0.031018956668985818,0.038773697601772718,0,0.00390625,0.024726562201976776,-0.0085903167724609361,0.0016108512878417968,33,32,0,0,0,1,1,1,1,1,1,1,1,1,RUNNING,10.171896999999985,0.17189699999998531
192,1.9125265419999999,CURRENT_HOLD,J2_KP140,1.3999999999999999,1.3999999999999999,1791,1.39921875,64,0.050000000000000003,0,0,0,1,1,2.4164087772369385,5.4650111198425293,-0,0,2.4225447177886963,5.4636688232421875,-0.0009693429108551039,-0.0002120531779652718,-0.00059069804441018784,0,0.00059069804441018784,-0.00075728973288983212,0.12271875143051147,-0.29452499747276306,-0.019386848800886359,-0.046528436180505693,-0.00390625,0,0.024726562201976776,-0.0085903167724609361,0.0018792152404785154,33,32,0,0,0,1,1,1,1,1,1,1,1,1,RUNNING,9.9968809999999575,0.0031190000000425044
193,1.922533786,CURRENT_HOLD,J2_KP140,1.3999999999999999,1.3999999999999999,1791,1.39921875,64,0.050000000000000003,0,0,0,1,1,2.4164087772369385,5.4650111198425293,-0,0,2.4223530292510986,5.4636688232421875,-0.00093906036110659973,-0.0002120531779652718,-0.0005755567695359358,0,0.0005755567695359358,-0.00072700718314132795,-0.24543750286102295,-0.17180624604225159,0.038773697601772718,-0.027141587379619331,-0.00390625,0.00390625,0.049453124403953552,-0.0083219528198242177,0.0018792152404785154,33,32,0,0,0,1,1,1,1,1,1,1,1,1,RUNNING,10.007244000000082,0.0072440000000817406
194,1.932508766,CURRENT_HOLD,J2_KP140,1.3999999999999999,1.3999999999999999,1791,1.39921875,64,0.050000000000000003,0,0,0,1,1,2.4164087772369385,5.4650111198425293,-0,0,2.4223530292510986,5.4634771347045898,-0.00093906036110659973,-0.00024233572771377597,-0.00059069804441018784,0,0.00059069804441018784,-0.00069672463339282378,-0.24543750286102295,-0.4908750057220459,0.038773697601772718,-0.077547395203545436,-0.0078125,0.00390625,0.074179686605930328,-0.0083219528198242177,0.002147579193115234,33,32,0,0,0,1,1,1,1,1,1,1,1,1,RUNNING,9.9749799999999667,0.025020000000033349
195,1.9425305509999999,CURRENT_HOLD,J2_KP140,1.3999999999999999,1.3999999999999999,1791,1.39921875,64,0.050000000000000003,0,0,0,1,1,2.4164087772369385,5.4650111198425293,-0,0,2.4225447177886963,5.4634771347045898,-0.0009693429108551039,-0.00024233572771377597,-0.00060583931928443998,0,0.00060583931928443998,-0.00072700718314132795,0.073631249368190765,-0.41724374890327454,-0.011632109045126423,-0.065915284981392055,-0.0078125,0.00390625,0.074179686605930328,-0.0085903167724609361,0.002147579193115234,33,32,0,0,0,1,1,1,1,1,1,1,1,1,RUNNING,10.02178499999995,0.021784999999949761
196,1.952474273,CURRENT_HOLD,J2_KP140,1.3999999999999999,1.3999999999999999,1791,1.39921875,64,0.050000000000000003,0,0,0,1,1,2.4164087772369385,5.4650111198425293,-0,0,2.4225447177886963,5.4638605117797852,-0.0009693429108551039,-0.0001817706282167676,-0.0005755567695359357,0,0.0005755567695359357,-0.00078757228263833629,0.26998123526573181,0.24543750286102295,-0.042651064537085275,0.038773697601772718,-0.0078125,0,0.049453124403953552,-0.0085903167724609361,0.0016108512878417968,33,32,0,0,0,1,1,1,1,1,1,1,1,1,RUNNING,9.9437220000000437,0.056277999999956307
197,1.962497154,CURRENT_HOLD,J2_KP140,1.3999999999999999,1.3999999999999999,1791,1.39921875,64,0.050000000000000003,0,0,0,1,1,2.4164087772369385,5.4650111198425293,-0,0,2.4223530292510986,5.4638605117797852,-0.00093906036110659973,-0.0001817706282167676,-0.00056041549466168366,0,0.00056041549466168366,-0.00075728973288983212,-0.26998123526573181,0.073631249368190765,0.042651064537085275,0.011632109045126423,-0.00390625,0.00390625,0.049453124403953552,-0.0083219528198242177,0.0016108512878417968,33,32,0,0,0,1,1,1,1,1,1,1,1,1,RUNNING,10.022881000000039,0.022881000000039009
198,1.9725263070000001,CURRENT_HOLD,J2_KP140,1.3999999999999999,1.3999999999999999,1791,1.39921875,64,0.050000000000000003,0,0,0,1,1,2.4164087772369385,5.4650111198425293,-0,0,2.4225447177886963,5.4636688232421875,-0.0009693429108551039,-0.0002120531779652718,-0.00059069804441018784,0,0.00059069804441018784,-0.00075728973288983212,0.049087498337030411,-0.098174996674060822,-0.0077547391672464546,-0.015509478334492909,-0.0078125,0.01171875,0.12363281100988388,-0.0085903167724609361,0.0018792152404785154,33,32,0,0,0,1,1,1,1,1,1,1,1,1,RUNNING,10.029153000000068,0.029153000000068374
199,1.98253317,CURRENT_HOLD,J2_KP140,1.3999999999999999,1.3999999999999999,1791,1.39921875,64,0.050000000000000003,0,0,0,1,1,2.4164087772369385,5.4650111198425293,-0,0,2.4223530292510986,5.4636688232421875,-0.00093906036110659973,-0.0002120531779652718,-0.0005755567695359358,0,0.0005755567695359358,-0.00072700718314132795,-0.31906875967979431,-0.12271875143051147,0.050405807823926105,-0.019386848800886359,-0.00390625,0.00390625,0.049453124403953552,-0.0083219528198242177,0.0018792152404785154,33,32,0,0,0,1,1,1,1,1,1,1,1,1,RUNNING,10.006862999999866,0.0068629999998659486
200,1.9924686300000001,CURRENT_HOLD,J2_KP140,1.3999999999999999,1.3999999999999999,1791,1.39921875,64,0.050000000000000003,0,0,0,1,1,2.4164087772369385,5.4650111198425293,-0,0,2.4225447177886963,5.4638605117797852,-0.0009693429108551039,-0.0001817706282167676,-0.0005755567695359357,0,0.0005755567695359357,-0.00078757228263833629,0.049087498337030411,0.31906875967979431,-0.0077547391672464546,0.050405807823926105,0,0,0,-0.0085903167724609361,0.0016108512878417968,33,32,0,0,0,1,1,1,1,1,1,1,1,1,RUNNING,9.9354600000001181,0.064539999999881914
201,2.0024509500000001,CURRENT_HOLD,J2_KP140,1.3999999999999999,1.3999999999999999,1791,1.39921875,64,0.050000000000000003,0,0,0,1,1,2.4164087772369385,5.4650111198425293,-0,0,2.422736644744873,5.4634771347045898,-0.00099966312546647925,-0.00024233572771377597,-0.0006209994265901276,0,0.0006209994265901276,-0.0007573273977527033,0.34361249208450317,-0.36815625429153442,-0.054283174759238662,-0.05816054640265908,-0.00390625,0,0.024726562201976776,-0.008859014511108397,0.002147579193115234,33,32,0,0,0,1,1,1,1,1,1,1,1,1,RUNNING,9.982319999999989,0.01768000000001102
202,2.0125294290000002,CURRENT_HOLD,J2_KP140,1.3999999999999999,1.3999999999999999,1791,1.39921875,64,0.050000000000000003,0,0,0,1,1,2.4164087772369385,5.4650111198425293,-0,0,2.4225447177886963,5.4636688232421875,-0.0009693429108551039,-0.0002120531779652718,-0.00059069804441018784,0,0.00059069804441018784,-0.00075728973288983212,0,-0.024543749168515205,-0,-0.0038773695836232273,-0.00390625,0.00390625,0.049453124403953552,-0.0085903167724609361,0.0018792152404785154,33,32,0,0,0,1,1,1,1,1,1,1,1,1,RUNNING,10.07847900000014,0.078479000000140076
203,2.022536756,CURRENT_HOLD,J2_KP140,1.3999999999999999,1.3999999999999999,1791,1.39921875,64,0.050000000000000003,0,0,0,1,1,2.4164087772369385,5.4650111198425293,-0,0,2.4225447177886963,5.4636688232421875,-0.0009693429108551039,-0.0002120531779652718,-0.00059069804441018784,0,0.00059069804441018784,-0.00075728973288983212,-0.34361249208450317,-0.19634999334812164,0.054283174759238662,-0.031018956668985818,-0.00390625,0.00390625,0.049453124403953552,-0.0085903167724609361,0.0018792152404785154,33,32,0,0,0,1,1,1,1,1,1,1,1,1,RUNNING,10.007326999999844,0.007326999999843764
204,2.0325762580000002,CURRENT_HOLD,J2_KP140,1.3999999999999999,1.3999999999999999,1791,1.39921875,64,0.050000000000000003,0,0,0,1,1,2.4164087772369385,5.4650111198425293,-0,0,2.4223530292510986,5.4638605117797852,-0.00093906036110659973,-0.0001817706282167676,-0.00056041549466168366,0,0.00056041549466168366,-0.00075728973288983212,-0.36815625429153442,0.14726249873638153,0.05816054640265908,0.023264218090252847,-0.00390625,0,0.024726562201976776,-0.0083219528198242177,0.0016108512878417968,33,32,0,0,0,1,1,1,1,1,1,1,1,1,RUNNING,10.039502000000144,0.039502000000144477
205,2.0425301509999998,CURRENT_HOLD,J2_KP140,1.3999999999999999,1.3999999999999999,1791,1.39921875,64,0.050000000000000003,0,0,0,1,1,2.4164087772369385,5.4650111198425293,-0,0,2.4223530292510986,5.4636688232421875,-0.00093906036110659973,-0.0002120531779652718,-0.0005755567695359358,0,0.0005755567695359358,-0.00072700718314132795,-0.24543750286102295,-0.24543750286102295,0.038773697601772718,-0.038773697601772718,-0.0078125,0.00390625,0.074179686605930328,-0.0083219528198242177,0.0018792152404785154,33,32,0,0,0,1,1,1,1,1,1,1,1,1,RUNNING,9.9538929999996029,0.046107000000397136
206,2.052528846,CURRENT_HOLD,J2_KP140,1.3999999999999999,1.3999999999999999,1791,1.39921875,64,0.050000000000000003,0,0,0,1,1,2.4164087772369385,5.4650111198425293,-0,0,2.4225447177886963,5.4636688232421875,-0.0009693429108551039,-0.0002120531779652718,-0.00059069804441018784,0,0.00059069804441018784,-0.00075728973288983212,0,-0.24543750286102295,-0,-0.038773697601772718,-0.00390625,0.00390625,0.049453124403953552,-0.0085903167724609361,0.0018792152404785154,33,32,0,0,0,1,1,1,1,1,1,1,1,1,RUNNING,9.9986950000001684,0.0013049999998315798
207,2.0625524149999999,CURRENT_HOLD,J2_KP140,1.3999999999999999,1.3999999999999999,1791,1.39921875,64,0.050000000000000003,0,0,0,1,1,2.4164087772369385,5.4650111198425293,-0,0,2.4225447177886963,5.4638605117797852,-0.0009693429108551039,-0.0001817706282167676,-0.0005755567695359357,0,0.0005755567695359357,-0.00078757228263833629,-0.024543749168515205,0.098174996674060822,0.0038773695836232273,0.015509478334492909,-0.00390625,0.0078125,0.074179686605930328,-0.0085903167724609361,0.0016108512878417968,33,32,0,0,0,1,1,1,1,1,1,1,1,1,RUNNING,10.023568999999899,0.023568999999898921
208,2.0725306379999999,CURRENT_HOLD,J2_KP140,1.3999999999999999,1.3999999999999999,1791,1.39921875,64,0.050000000000000003,0,0,0,1,1,2.4164087772369385,5.4650111198425293,-0,0,2.4225447177886963,5.4638605117797852,-0.0009693429108551039,-0.0001817706282167676,-0.0005755567695359357,0,0.0005755567695359357,-0.00078757228263833629,0,0.098174996674060822,-0,0.015509478334492909,-0.00390625,0,0.024726562201976776,-0.0085903167724609361,0.0016108512878417968,33,32,0,0,0,1,1,1,1,1,1,1,1,1,RUNNING,9.9782230000000638,0.021776999999936208
209,2.0825343869999999,CURRENT_HOLD,J2_KP140,1.3999999999999999,1.3999999999999999,1791,1.39921875,64,0.050000000000000003,0,0,0,1,1,2.4164087772369385,5.4650111198425293,-0,0,2.4223530292510986,5.4636688232421875,-0.00093906036110659973,-0.0002120531779652718,-0.0005755567695359358,0,0.0005755567695359358,-0.00072700718314132795,-0.36815625429153442,-0.22089375555515289,0.05816054640265908,-0.03489632831240623,-0.00390625,0.0078125,0.074179686605930328,-0.0083219528198242177,0.0018792152404785154,33,32,0,0,0,1,1,1,1,1,1,1,1,1,RUNNING,10.003749000000006,0.0037490000000062196
210,2.0924944769999998,CURRENT_HOLD,J2_KP140,1.3999999999999999,1.3999999999999999,1791,1.39921875,64,0.050000000000000003,0,0,0,1,1,2.4164087772369385,5.4650111198425293,-0,0,2.4223530292510986,5.4636688232421875,-0.00093906036110659973,-0.0002120531779652718,-0.0005755567695359358,0,0.0005755567695359358,-0.00072700718314132795,-0.36815625429153442,-0.19634999334812164,0.05816054640265908,-0.031018956668985818,-0.0078125,0,0.049453124403953552,-0.0083219528198242177,0.0018792152404785154,33,32,0,0,0,1,1,1,1,1,1,1,1,1,RUNNING,9.960089999999866,0.039910000000134005
211,2.1025285920000001,CURRENT_HOLD,J2_KP140,1.3999999999999999,1.3999999999999999,1791,1.39921875,64,0.050000000000000003,0,0,0,1,1,2.4164087772369385,5.4650111198425293,-0,0,2.4225447177886963,5.4636688232421875,-0.0009693429108551039,-0.0002120531779652718,-0.00059069804441018784,0,0.00059069804441018784,-0.00075728973288983212,-0.17180624604225159,-0.098174996674060822,0.027141587379619331,-0.015509478334492909,-0.00390625,0.0078125,0.074179686605930328,-0.0085903167724609361,0.0018792152404785154,33,32,0,0,0,1,1,1,1,1,1,1,1,1,RUNNING,10.034115000000288,0.034115000000287665
212,2.1125339219999999,CURRENT_HOLD,J2_KP140,1.3999999999999999,1.3999999999999999,1791,1.39921875,64,0.050000000000000003,0,0,0,1,1,2.4164087772369385,5.4650111198425293,-0,0,2.4225447177886963,5.4638605117797852,-0.0009693429108551039,-0.0001817706282167676,-0.0005755567695359357,0,0.0005755567695359357,-0.00078757228263833629,-0.12271875143051147,0.19634999334812164,0.019386848800886359,0.031018956668985818,-0.00390625,0.00390625,0.049453124403953552,-0.0085903167724609361,0.0016108512878417968,33,32,0,0,0,1,1,1,1,1,1,1,1,1,RUNNING,10.005329999999812,0.0053299999998124292
213,2.1224877119999999,CURRENT_HOLD,J2_KP140,1.3999999999999999,1.3999999999999999,1791,1.39921875,64,0.050000000000000003,0,0,0,1,1,2.4164087772369385,5.4650111198425293,-0,0,2.4225447177886963,5.4636688232421875,-0.0009693429108551039,-0.0002120531779652718,-0.00059069804441018784,0,0.00059069804441018784,-0.00075728973288983212,-0.29452499747276306,-0.24543750286102295,0.046528436180505693,-0.038773697601772718,0,0.00390625,0.024726562201976776,-0.0085903167724609361,0.0018792152404785154,33,32,0,0,0,1,1,1,1,1,1,1,1,1,RUNNING,9.9537899999999624,0.04621000000003761
214,2.1325276209999999,CURRENT_HOLD,J2_KP140,1.3999999999999999,1.3999999999999999,1791,1.39921875,64,0.050000000000000003,0,0,0,1,1,2.4164087772369385,5.4650111198425293,-0,0,2.4225447177886963,5.4636688232421875,-0.0009693429108551039,-0.0002120531779652718,-0.00059069804441018784,0,0.00059069804441018784,-0.00075728973288983212,0.049087498337030411,-0.098174996674060822,-0.0077547391672464546,-0.015509478334492909,-0.00390625,0.00390625,0.049453124403953552,-0.0085903167724609361,0.0018792152404785154,33,32,0,0,0,1,1,1,1,1,1,1,1,1,RUNNING,10.039909000000069,0.039909000000069028
215,2.1425288070000001,CURRENT_HOLD,J2_KP140,1.3999999999999999,1.3999999999999999,1791,1.39921875,64,0.050000000000000003,0,0,0,1,1,2.4164087772369385,5.4650111198425293,-0,0,2.4225447177886963,5.4636688232421875,-0.0009693429108551039,-0.0002120531779652718,-0.00059069804441018784,0,0.00059069804441018784,-0.00075728973288983212,-0.22089375555515289,-0.24543750286102295,0.03489632831240623,-0.038773697601772718,-0.00390625,0,0.024726562201976776,-0.0085903167724609361,0.0018792152404785154,33,32,0,0,0,1,1,1,1,1,1,1,1,1,RUNNING,10.001186000000217,0.001186000000217291
216,2.152526731,CURRENT_HOLD,J2_KP140,1.3999999999999999,1.3999999999999999,1791,1.39921875,64,0.050000000000000003,0,0,0,1,1,2.4164087772369385,5.4650111198425293,-0,0,2.4225447177886963,5.4636688232421875,-0.0009693429108551039,-0.0002120531779652718,-0.00059069804441018784,0,0.00059069804441018784,-0.00075728973288983212,-0.17180624604225159,-0.24543750286102295,0.027141587379619331,-0.038773697601772718,-0.0078125,0,0.049453124403953552,-0.0085903167724609361,0.0018792152404785154,33,32,0,0,0,1,1,1,1,1,1,1,1,1,RUNNING,9.9979239999998804,0.0020760000001196488
217,2.1625711519999999,CURRENT_HOLD,J2_KP140,1.3999999999999999,1.3999999999999999,1791,1.39921875,64,0.050000000000000003,0,0,0,1,1,2.4164087772369385,5.4650111198425293,-0,0,2.4225447177886963,5.4638605117797852,-0.0009693429108551039,-0.0001817706282167676,-0.0005755567695359357,0,0.0005755567695359357,-0.00078757228263833629,-0.24543750286102295,0.12271875143051147,0.038773697601772718,0.019386848800886359,0,0.00390625,0.024726562201976776,-0.0085903167724609361,0.0016108512878417968,33,32,0,0,0,1,1,1,1,1,1,1,1,1,RUNNING,10.044420999999915,0.044420999999914557
218,2.1725152840000002,CURRENT_HOLD,J2_KP140,1.3999999999999999,1.3999999999999999,1791,1.39921875,64,0.050000000000000003,0,0,0,1,1,2.4164087772369385,5.4650111198425293,-0,0,2.422736644744873,5.4636688232421875,-0.00099966312546647925,-0.0002120531779652718,-0.00060585815171587557,0,0.00060585815171587557,-0.00078760994750120747,0.12271875143051147,-0.17180624604225159,-0.019386848800886359,-0.027141587379619331,-0.00390625,0,0.024726562201976776,-0.008859014511108397,0.0018792152404785154,33,32,0,0,0,1,1,1,1,1,1,1,1,1,RUNNING,9.9441320000002165,0.055867999999783535
219,2.1825419510000001,CURRENT_HOLD,J2_KP140,1.3999999999999999,1.3999999999999999,1791,1.39921875,64,0.050000000000000003,0,0,0,1,1,2.4164087772369385,5.4650111198425293,-0,0,2.4225447177886963,5.4636688232421875,-0.0009693429108551039,-0.0002120531779652718,-0.00059069804441018784,0,0.00059069804441018784,-0.00075728973288983212,-0.14726249873638153,-0.19634999334812164,0.023264218090252847,-0.031018956668985818,-0.00390625,0.00390625,0.049453124403953552,-0.0085903167724609361,0.0018792152404785154,33,32,0,0,0,1,1,1,1,1,1,1,1,1,RUNNING,10.026666999999989,0.026666999999989116
220,2.1924707520000002,CURRENT_HOLD,J2_KP140,1.3999999999999999,1.3999999999999999,1791,1.39921875,64,0.050000000000000003,0,0,0,1,1,2.4164087772369385,5.4650111198425293,-0,0,2.4225447177886963,5.4638605117797852,-0.0009693429108551039,-0.0001817706282167676,-0.0005755567695359357,0,0.0005755567695359357,-0.00078757228263833629,-0.12271875143051147,0.14726249873638153,0.019386848800886359,0.023264218090252847,-0.00390625,0.0078125,0.074179686605930328,-0.0085903167724609361,0.0016108512878417968,33,32,0,0,0,1,1,1,1,1,1,1,1,1,RUNNING,9.9288010000000426,0.07119899999995738
221,2.2024683390000002,CURRENT_HOLD,J2_KP140,1.3999999999999999,1.3999999999999999,1791,1.39921875,64,0.050000000000000003,0,0,0,1,1,2.4164087772369385,5.4650111198425293,-0,0,2.4225447177886963,5.4636688232421875,-0.0009693429108551039,-0.0002120531779652718,-0.00059069804441018784,0,0.00059069804441018784,-0.00075728973288983212,-0.19634999334812164,-0.17180624604225159,0.031018956668985818,-0.027141587379619331,-0.0078125,0.0078125,0.098906248807907104,-0.0085903167724609361,0.0018792152404785154,33,32,0,0,0,1,1,1,1,1,1,1,1,1,RUNNING,9.9975869999999745,0.0024130000000255336
222,2.2124760490000002,CURRENT_HOLD,J2_KP140,1.3999999999999999,1.3999999999999999,1791,1.39921875,64,0.050000000000000003,0,0,0,1,1,2.4164087772369385,5.4650111198425293,-0,0,2.4225447177886963,5.4638605117797852,-0.0009693429108551039,-0.0001817706282167676,-0.0005755567695359357,0,0.0005755567695359357,-0.00078757228263833629,0,0.12271875143051147,-0,0.019386848800886359,0,0,0,-0.0085903167724609361,0.0016108512878417968,33,32,0,0,0,1,1,1,1,1,1,1,1,1,RUNNING,10.007710000000003,0.0077100000000029922
223,2.2224671069999999,CURRENT_HOLD,J2_KP140,1.3999999999999999,1.3999999999999999,1791,1.39921875,64,0.050000000000000003,0,0,0,1,1,2.4164087772369385,5.4650111198425293,-0,0,2.4225447177886963,5.4636688232421875,-0.0009693429108551039,-0.0002120531779652718,-0.00059069804441018784,0,0.00059069804441018784,-0.00075728973288983212,-0.049087498337030411,-0.14726249873638153,0.0077547391672464546,-0.023264218090252847,-0.0078125,0.00390625,0.074179686605930328,-0.0085903167724609361,0.0018792152404785154,33,32,0,0,0,1,1,1,1,1,1,1,1,1,RUNNING,9.9910579999997751,0.0089420000002249367
224,2.2324683630000002,CURRENT_HOLD,J2_KP140,1.3999999999999999,1.3999999999999999,1791,1.39921875,64,0.050000000000000003,0,0,0,1,1,2.4164087772369385,5.4650111198425293,-0,0,2.4225447177886963,5.4636688232421875,-0.0009693429108551039,-0.0002120531779652718,-0.00059069804441018784,0,0.00059069804441018784,-0.00075728973288983212,-0.098174996674060822,-0.24543750286102295,0.015509478334492909,-0.038773697601772718,0,0.00390625,0.024726562201976776,-0.0085903167724609361,0.0018792152404785154,33,32,0,0,0,1,1,1,1,1,1,1,1,1,RUNNING,10.001256000000236,0.0012560000002359573
225,2.2425329770000002,CURRENT_HOLD,J2_KP140,1.3999999999999999,1.3999999999999999,1791,1.39921875,64,0.050000000000000003,0,0,0,1,1,2.4164087772369385,5.4650111198425293,-0,0,2.4223530292510986,5.4636688232421875,-0.00093906036110659973,-0.0002120531779652718,-0.0005755567695359358,0,0.0005755567695359358,-0.00072700718314132795,-0.4908750057220459,-0.19634999334812164,0.077547395203545436,-0.031018956668985818,0,0.00390625,0.024726562201976776,-0.0083219528198242177,0.0018792152404785154,33,32,0,0,0,1,1,1,1,1,1,1,1,1,RUNNING,10.064614000000027,0.064614000000027261
226,2.2525268459999999,PLUS_5_PROFILE,J2_KP140,1.3999999999999999,1.3999999999999999,1791,1.39921875,64,0.050000000000000003,0,0,0,1,1,2.4164087772369385,5.4650111198425293,-0,0,2.4225447177886963,5.4634771347045898,-0.0009693429108551039,-0.00024233572771377597,-0.00060583931928443998,0,0.00060583931928443998,-0.00072700718314132795,-0.24543750286102295,-0.41724374890327454,0.038773697601772718,-0.065915284981392055,0,0.00390625,0.024726562201976776,-0.0085903167724609361,0.002147579193115234,33,32,0,0,0,1,1,1,1,1,1,1,1,1,RUNNING,9.9938689999996555,0.0061310000003444998
227,2.262530613,PLUS_5_PROFILE,J2_KP140,1.3999999999999999,1.3999999999999999,1791,1.39921875,64,0.050000000000000003,0,0,0,1,1,2.4162430582264589,5.4651768388530089,-0.033143802095898151,0.033143802095898151,2.4225447177886963,5.4636688232421875,-0.0009693429108551039,-0.0002120531779652718,-0.00059069804441018784,2.6179938779914941e-05,0.00061687798319010273,-0.00075728973288983212,-0.24543750286102295,-0.17180624604225159,0.038773697601772718,-0.027141587379619331,-0.00390625,0.00390625,0.049453124403953552,-0.0088223233871323348,0.0021112218551499139,33,32,0,0,0,1,1,1,1,1,1,1,1,1,RUNNING,10.003767000000163,0.0037670000001632786
228,2.2725325920000001,PLUS_5_PROFILE,J2_KP140,1.3999999999999999,1.3999999999999999,1791,1.39921875,64,0.050000000000000003,0,0,0,1,1,2.4157459011950206,5.4656739958844476,-0.066287604191796301,0.066287604191796301,2.422736644744873,5.4636688232421875,-0.00099966312546647925,-0.0002120531779652718,-0.00060585815171587557,0.00010471975511965977,0.00071057790683553537,-0.00078760994750120747,0.098174996674060822,0,-0.015509478334492909,0,0,0.00390625,0.024726562201976776,-0.0097870409697933692,0.0028072416991641088,33,32,0,0,0,1,1,1,1,1,1,1,1,1,RUNNING,10.001979000000105,0.0019790000001052022
229,2.2825280829999999,PLUS_5_PROFILE,J2_KP140,1.3999999999999999,1.3999999999999999,1791,1.39921875,64,0.050000000000000003,0,0,0,1,1,2.4149173061426232,5.4665025909368445,-0.099431406287694452,0.099431406287694452,2.4225447177886963,5.4638605117797852,-0.0009693429108551039,-0.0001817706282167676,-0.0005755567695359357,0.00023561944901923445,0.0008111762185551701,-0.00078757228263833629,0.12271875143051147,0.12271875143051147,-0.019386848800886359,0.019386848800886359,-0.0078125,0.0078125,0.098906248807907104,-0.010678376304502279,0.0036989108198831385,33,32,0,0,0,1,1,1,1,1,1,1,1,1,RUNNING,9.9954909999997454,0.0045090000002545594
230,2.2925281389999999,PLUS_5_PROFILE,J2_KP140,1.3999999999999999,1.3999999999999999,1791,1.39921875,64,0.050000000000000003,0,0,0,1,1,2.4137572730692667,5.4676626240102015,-0.1325752083835926,0.1325752083835926,2.4225447177886963,5.4638605117797852,-0.0009693429108551039,-0.0001817706282167676,-0.0005755567695359357,0.00041887902047863906,0.0009944357900145747,-0.00078757228263833629,-0.049087498337030411,0.073631249368190765,0.0077547391672464546,0.011632109045126423,-0.01171875,0.0078125,0.12363281100988388,-0.012302422607201446,0.005322957122582927,33,32,0,0,0,1,1,1,1,1,1,1,1,1,RUNNING,10.000055999999979,5.5999999979405857e-05
231,2.3025308670000002,PLUS_5_PROFILE,J2_KP140,1.3999999999999999,1.3999999999999999,1791,1.39921875,64,0.050000000000000003,0,0,0,1,1,2.412265801974951,5.4691540951045168,-0.16571901047949075,0.16571901047949075,2.4225447177886963,5.4638605117797852,-0.0009693429108551039,-0.0001817706282167676,-0.0005755567695359357,0.00065449846949787362,0.0012300552390338093,-0.00078757228263833629,-0.073631249368190765,0.098174996674060822,0.011632109045126423,0.015509478334492909,-0.01171875,0.01171875,0.14835937321186066,-0.01439048213924341,0.0074110166546242692,33,32,0,0,0,1,1,1,1,1,1,1,1,1,RUNNING,10.002728000000349,0.0027280000003493399
232,2.312478918,PLUS_5_PROFILE,J2_KP140,1.3999999999999999,1.3999999999999999,1791,1.39921875,64,0.050000000000000003,0,0,0,1,1,2.4104428928596766,5.4709770042197912,-0.1988628125753889,0.1988628125753889,2.4225447177886963,5.4640522003173828,-0.0009693429108551039,-0.00015148807846826343,-0.00056041549466168366,0.00094247779607693782,0.0015028932907386215,-0.00081785483238684046,-0.17180624604225159,0.098174996674060822,0.027141587379619331,0.015509478334492909,-0.0234375,0.01171875,0.22253905981779099,-0.016942554900627547,0.0096947254633716895,33,32,0,0,0,1,1,1,1,1,1,1,1,1,RUNNING,9.9480509999998468,0.051949000000153234
233,2.3225087499999999,PLUS_5_PROFILE,J2_KP140,1.3999999999999999,1.3999999999999999,1791,1.39921875,64,0.050000000000000003,0,0,0,1,1,2.4082885457234435,5.4731313513560247,-0.23200661467128711,0.23200661467128711,2.4225447177886963,5.4640522003173828,-0.0009693429108551039,-0.00015148807846826343,-0.00056041549466168366,0.0012828170002158325,0.0018432324948775161,-0.00081785483238684046,-0.24543750286102295,0,0.038773697601772718,0,-0.02734375,0.01953125,0.29671874642372131,-0.019958640891353862,0.012710811454098624,33,32,0,0,0,1,1,1,1,1,1,1,1,1,RUNNING,10.02983199999985,0.029831999999849756
234,2.33252931,PLUS_5_PROFILE,J2_KP140,1.3999999999999999,1.3999999999999999,1791,1.39921875,64,0.050000000000000003,0,0,0,1,1,2.4058027605662509,5.4756171365132165,-0.2651504167671852,0.2651504167671852,2.4225447177886963,5.4640522003173828,-0.0009693429108551039,-0.00015148807846826343,-0.00056041549466168366,0.0016755160819145562,0.0022359315765762399,-0.00081785483238684046,-0.39269998669624329,-0.024543749168515205,0.062037913337971637,-0.0038773695836232273,-0.02734375,0.0234375,0.32144530862569809,-0.023438740111423592,0.016190910674167114,33,32,0,0,0,1,1,1,1,1,1,1,1,1,RUNNING,10.020560000000067,0.020560000000067191
235,2.3425268259999998,PLUS_5_PROFILE,J2_KP140,1.3999999999999999,1.3999999999999999,1791,1.39921875,64,0.050000000000000003,0,0,0,1,1,2.4029855373880999,5.4784343596913683,-0.29829421886308338,0.29829421886308338,2.4225447177886963,5.4640522003173828,-0.0009693429108551039,-0.00015148807846826343,-0.00056041549466168366,0.00212057504117311,0.0026809905358347935,-0.00081785483238684046,0.24543750286102295,-0.31906875967979431,-0.038773697601772718,-0.050405807823926105,-0.02734375,0.03515625,0.39562499523162842,-0.027382852560834878,0.020135023123579641,33,32,0,0,0,1,1,1,1,1,1,1,1,1,RUNNING,9.9975159999998731,0.0024840000001269402
236,2.3525268069999998,PLUS_5_PROFILE,J2_KP140,1.3999999999999999,1.3999999999999999,1791,1.39921875,64,0.050000000000000003,0,0,0,1,1,2.3998368761889894,5.4815830208904783,-0.33143802095898151,0.33143802095898151,2.4225447177886963,5.4644360542297363,-0.0009693429108551039,-9.0847649245512528e-05,-0.00053009528005030821,0.0026179938779914945,0.0031480891580418025,-0.00087849526160959138,-0.24543750286102295,0.14726249873638153,0.038773697601772718,0.023264218090252847,-0.0390625,0.03515625,0.46980468183755875,-0.031790978239589582,0.024005753325038803,33,32,0,0,0,1,1,1,1,1,1,1,1,1,RUNNING,9.9999809999999911,1.900000000887303e-05
237,2.3624792819999998,PLUS_5_PROFILE,J2_KP140,1.3999999999999999,1.3999999999999999,1791,1.39921875,64,0.050000000000000003,0,0,0,1,1,2.3963567769689202,5.4850631201105475,-0.36458182305487968,0.36458182305487968,2.422736644744873,5.4644360542297363,-0.00099966312546647925,-9.0847649245512528e-05,-0.00054525538735599594,0.0031677725923697081,0.003713027979725704,-0.00090881547622096673,0.12271875143051147,0.12271875143051147,-0.019386848800886359,0.019386848800886359,-0.0390625,0.03515625,0.46980468183755875,-0.036931814886333923,0.02887789223313568,33,32,0,0,0,1,1,1,1,1,1,1,1,1,RUNNING,9.9524749999999607,0.047525000000039341
238,2.3725275469999998,PLUS_5_PROFILE,J2_KP140,1.3999999999999999,1.3999999999999999,1791,1.39921875,64,0.050000000000000003,0,0,0,1,1,2.3925452397278919,5.4888746573515759,-0.39772562515077781,0.39772562515077781,2.4225447177886963,5.4642438888549805,-0.0009693429108551039,-0.00012120552871975926,-0.00054527421978743163,0.0037699111843077513,0.0043151854040951827,-0.00084813738213534464,-0.26998123526573181,-0.24543750286102295,0.042651064537085275,-0.038773697601772718,-0.03515625,0.04296875,0.49453124403953552,-0.041999269285126137,0.034483075895233556,33,32,0,0,0,1,1,1,1,1,1,1,1,1,RUNNING,10.048265000000001,0.048265000000000668
239,2.3825381120000002,PLUS_5_PROFILE,J2_KP140,1.3999999999999999,1.3999999999999999,1791,1.39921875,64,0.050000000000000003,0,0,0,1,1,2.3884022644659044,5.4930176326135634,-0.43086942724667598,0.43086942724667598,2.4223530292510986,5.4642438888549805,-0.00093906036110659973,-0.00012120552871975926,-0.00053013294491317949,0.0044244096538056258,0.0049545425987188056,-0.00081785483238684046,-0.53996247053146362,-0.24543750286102295,0.085302129074170549,-0.038773697601772718,-0.05859375,0.05078125,0.69234374165534973,-0.047531070699271892,0.040283241262016031,33,32,0,0,0,1,1,1,1,1,1,1,1,1,RUNNING,10.010565000000415,0.010565000000415381
240,2.392531553,PLUS_5_PROFILE,J2_KP140,1.3999999999999999,1.3999999999999999,1791,1.39921875,64,0.050000000000000003,0,0,0,1,1,2.3839278511829582,5.4974920458965091,-0.46401322934257422,0.46401322934257422,2.4225447177886963,5.4642438888549805,-0.0009693429108551039,-0.00012120552871975926,-0.00054527421978743163,0.0051312680008633298,0.0056765422206507613,-0.00084813738213534464,-0.19634999334812164,-0.36815625429153442,0.031018956668985818,-0.05816054640265908,-0.05859375,0.0703125,0.81597655266523361,-0.054063613248033257,0.046547419858140059,33,32,0,0,0,1,1,1,1,1,1,1,1,1,RUNNING,9.9934409999997698,0.0065590000002302418
241,2.4024768820000002,PLUS_5_PROFILE,J2_KP140,1.3999999999999999,1.3999999999999999,1791,1.39921875,64,0.050000000000000003,0,0,0,1,1,2.3791219998790529,5.5022978972004148,-0.49715703143847223,0.49715703143847223,2.422736644744873,5.4644360542297363,-0.00099966312546647925,-9.0847649245512528e-05,-0.00054525538735599594,0.0058904862254808609,0.0064357416128368568,-0.00090881547622096673,0.12271875143051147,-0.24543750286102295,-0.019386848800886359,-0.038773697601772718,-0.07421875,0.0703125,0.91488280147314072,-0.061060502812148164,0.05300658015894992,33,32,0,0,0,1,1,1,1,1,1,1,1,1,RUNNING,9.9453290000002248,0.054670999999775205
242,2.4124785200000001,PLUS_5_PROFILE,J2_KP140,1.3999999999999999,1.3999999999999999,1791,1.39921875,64,0.050000000000000003,0,0,0,1,1,2.3739847105541889,5.5074351865252789,-0.53030083353437041,0.53030083353437041,2.4225447177886963,5.4650111198425293,-0.0009693429108551039,0,-0.00048467145542755195,0.006702064327658225,0.0071867357830857773,-0.0009693429108551039,-0.24543750286102295,0.14726249873638153,0.038773697601772718,0.023264218090252847,-0.08984375,0.08203125,1.0879687368869781,-0.067984010128310318,0.059393693355849382,33,32,0,0,0,1,1,1,1,1,1,1,1,1,RUNNING,10.001637999999868,0.0016379999998683559
243,2.4224878740000002,PLUS_5_PROFILE,J2_KP140,1.3999999999999999,1.3999999999999999,1791,1.39921875,64,0.050000000000000003,0,0,0,1,1,2.3685159832083658,5.512903913871102,-0.56344463563026859,0.56344463563026859,2.4225447177886963,5.4648194313049316,-0.0009693429108551039,-3.0282549748504178e-05,-0.00049981273030180403,0.0075660023073954186,0.0080658150376972226,-0.00093906036110659973,-0.12271875143051147,-0.049087498337030411,0.019386848800886359,-0.0077547391672464546,-0.0859375,0.08984375,1.1126952990889549,-0.075640228412462734,0.067318275592638518,33,32,0,0,0,1,1,1,1,1,1,1,1,1,RUNNING,10.009354000000137,0.0093540000001368639
244,2.4325263439999998,PLUS_5_PROFILE,J2_KP140,1.3999999999999999,1.3999999999999999,1791,1.39921875,64,0.050000000000000003,0,0,0,1,1,2.3627158178415835,5.5187040792378843,-0.59658843772616676,0.59658843772616676,2.422736644744873,5.4648194313049316,-0.00099966312546647925,-3.0282549748504178e-05,-0.00051497283760749176,0.0084823001646924402,0.0089972730022999312,-0.00096938057571797508,0.19634999334812164,0.24543750286102295,-0.031018956668985818,0.038773697601772718,-0.1015625,0.10546875,1.3105077967047691,-0.084029157664605406,0.075438507106133729,33,32,0,0,0,1,1,1,1,1,1,1,1,1,RUNNING,10.038469999999577,0.038469999999577453
245,2.4425293620000001,PLUS_5_PROFILE,J2_KP140,1.3999999999999999,1.3999999999999999,1791,1.39921875,64,0.050000000000000003,0,0,0,1,1,2.3565842144538425,5.5248356826256257,-0.62973223982206483,0.62973223982206483,2.422736644744873,5.465202808380127,-0.00099966312546647925,3.0282549748504178e-05,-0.00048469028785898754,0.0094509578995492938,0.0099356481874082817,-0.0010299456752149835,0.34361249208450317,-0.024543749168515205,-0.054283174759238662,-0.0038773695836232273,-0.1171875,0.10546875,1.4094140455126762,-0.092613402407442799,0.083486023943698306,33,32,0,0,0,1,1,1,1,1,1,1,1,1,RUNNING,10.003018000000363,0.0030180000003632301
246,2.4525295090000001,PLUS_5_PROFILE,J2_KP140,1.3999999999999999,1.3999999999999999,1791,1.39921875,64,0.050000000000000003,0,0,0,1,1,2.3501211730451423,5.5312987240343254,-0.66287604191796301,0.66287604191796301,2.4225447177886963,5.4655861854553223,-0.0009693429108551039,9.0847649245512528e-05,-0.00043924763080479569,0.010471975511965978,0.010911223142770774,-0.0010601905601006164,-0.024543749168515205,0.29452499747276306,0.0038773695836232273,0.046528436180505693,-0.12109375,0.1171875,1.5083202943205833,-0.10139296264097553,0.091997554010604429,33,32,0,0,0,1,1,1,1,1,1,1,1,1,RUNNING,10.000146999999959,0.00014699999995926305
247,2.4625963550000001,PLUS_5_PROFILE,J2_KP140,1.3999999999999999,1.3999999999999999,1791,1.39921875,64,0.050000000000000003,0,0,0,1,1,2.3433266936154831,5.5380932034639851,-0.69601984401386119,0.69601984401386119,2.4223530292510986,5.4655861854553223,-0.00093906036110659973,9.0847649245512528e-05,-0.00042410635593054361,0.011545353001942487,0.011969459357873032,-0.0010299080103521123,-0.36815625429153442,-0.24543750286102295,0.05816054640265908,-0.038773697601772718,-0.13671875,0.125,1.656679667532444,-0.11063686988986178,0.10150982521212804,33,32,0,0,0,1,1,1,1,1,1,1,1,1,RUNNING,10.066845999999963,0.066845999999962658
248,2.4725276979999999,PLUS_5_PROFILE,J2_KP140,1.3999999999999999,1.3999999999999999,1791,1.39921875,64,0.050000000000000003,0,0,0,1,1,2.3362007761648651,5.5452191209146031,-0.72916364610975937,0.72916364610975937,2.4223530292510986,5.4657778739929199,-0.00093906036110659973,0.00012113019899401671,-0.00040896508105629152,0.012671090369478832,0.013080055450535123,-0.0010601905601006164,-0.26998123526573181,-0.24543750286102295,0.042651064537085275,-0.038773697601772718,-0.1484375,0.140625,1.8297656029462814,-0.12061315432072693,0.11121774569035646,33,32,0,0,0,1,1,1,1,1,1,1,1,1,RUNNING,9.9313429999998704,0.068657000000129642
249,2.4825288240000001,PLUS_5_PROFILE,J2_KP140,1.3999999999999999,1.3999999999999999,1791,1.39921875,64,0.050000000000000003,0,0,0,1,1,2.328743420693288,5.5526764763861802,-0.76230744820565743,0.76230744820565743,2.4223530292510986,5.4659700393676758,-0.00093906036110659973,0.00015148807846826343,-0.00039378614131916815,0.013849187614575004,0.014242973755894173,-0.0010905484395748633,-0.024543749168515205,-0.12271875143051147,0.0038773695836232273,-0.019386848800886359,-0.15625,0.15625,1.9781249761581421,-0.1310534519809349,0.12138901182590621,33,32,0,0,0,1,1,1,1,1,1,1,1,1,RUNNING,10.001126000000138,0.0011260000001378501
250,2.4925288729999999,PLUS_5_PROFILE,J2_KP140,1.3999999999999999,1.3999999999999999,1791,1.39921875,64,0.050000000000000003,0,0,0,1,1,2.3209546272007517,5.5604652698787156,-0.79545125030155561,0.79545125030155561,2.422161340713501,5.4663534164428711,-0.00090877781135809555,0.0002120531779652718,-0.00034836231669641189,0.015079644737231005,0.015428007053927417,-0.0011208309893233673,-0.29452499747276306,0.12271875143051147,0.046528436180505693,0.019386848800886359,-0.171875,0.16796875,2.1512109115719795,-0.14168939891784893,0.13175659481018229,33,32,0,0,0,1,1,1,1,1,1,1,1,1,RUNNING,10.000048999999844,4.899999984431247e-05
251,2.5025319189999999,PLUS_5_PROFILE,J2_KP140,1.3999999999999999,1.3999999999999999,1791,1.39921875,64,0.050000000000000003,0,0,0,1,1,2.3128343956872568,5.568585501392211,-0.82859505239745379,0.82859505239745379,2.4223530292510986,5.4665451049804688,-0.00093906036110659973,0.00024233572771377597,-0.00034836231669641189,0.016362461737446838,0.016710824054143252,-0.0011813960888203757,0.31906875967979431,0,-0.050405807823926105,0,-0.17578125,0.17578125,2.2253905981779099,-0.15332608698937855,0.14285655497643912,33,32,0,0,0,1,1,1,1,1,1,1,1,1,RUNNING,10.003046000000015,0.0030460000000154253
252,2.5125366649999998,PLUS_5_PROFILE,J2_KP140,1.3999999999999999,1.3999999999999999,1791,1.39921875,64,0.050000000000000003,0,0,0,1,1,2.3043827261528027,5.5770371709266655,-0.86173885449335197,0.86173885449335197,2.4219696521759033,5.4671201705932617,-0.00087849526160959138,0.00033318337695928852,-0.00027265594232515141,0.017697638615222503,0.017970294557547655,-0.00121167863856888,0.024543749168515205,-0.024543749168515205,-0.0038773695836232273,-0.0038773695836232273,-0.19140625,0.1875,2.3984765335917473,-0.16462169643234084,0.15388380046676531,33,32,0,0,0,1,1,1,1,1,1,1,1,1,RUNNING,10.004745999999898,0.0047459999998977764
253,2.5225292829999999,PLUS_5_PROFILE,J2_KP140,1.3999999999999999,1.3999999999999999,1791,1.39921875,64,0.050000000000000003,0,0,0,1,1,2.2955996185973895,5.5858202784820783,-0.89488265658925015,0.89488265658925015,2.4212026596069336,5.4675040245056152,-0.00075732739775270341,0.00039382380618203938,-0.00018175179578533201,0.019085175370557997,0.019266927166343328,-0.0011511512039347428,-0.26998123526573181,0.098174996674060822,0.042651064537085275,0.015509478334492909,-0.20703125,0.21484375,2.6704687178134918,-0.17584425741336174,0.16564275556704827,33,32,0,0,0,1,1,1,1,1,1,1,1,1,RUNNING,9.9926180000000642,0.0073819999999358288
254,2.5325290580000002,PLUS_5_PROFILE,J2_KP140,1.3999999999999999,1.3999999999999999,1791,1.39921875,64,0.050000000000000003,0,0,0,1,1,2.2864850730210176,5.5949348240584502,-0.92802645868514844,0.92802645868514844,2.4210107326507568,5.4678874015808105,-0.00072700718314132795,0.00045438890567904778,-0.00013630913873114009,0.020525072003453319,0.020661381142184458,-0.0011813960888203757,-0.39269998669624329,-0.17180624604225159,0.062037913337971637,-0.027141587379619331,-0.21875,0.21484375,2.7446484044194221,-0.18833592348163497,0.17786639146869554,33,32,0,0,0,1,1,1,1,1,1,1,1,1,RUNNING,9.9997750000002661,0.00022499999973391027
255,2.542477334,PLUS_5_PROFILE,J2_KP140,1.3999999999999999,1.3999999999999999,1791,1.39921875,64,0.050000000000000003,0,0,0,1,1,2.2770390894236869,5.6043808076557813,-0.96117026078104639,0.96117026078104639,2.4206273555755615,5.4684624671936035,-0.0006664420836443195,0.00054523655492456035,-6.0602764359879576e-05,0.022017328513908464,0.022077931278268344,-0.00121167863856888,-0.34361249208450317,-0.049087498337030411,0.054283174759238662,-0.0077547391672464546,-0.23828125,0.23046875,2.9671874642372131,-0.20102357261262441,0.19028567664704887,33,32,0,0,0,1,1,1,1,1,1,1,1,1,RUNNING,9.9482759999998116,0.051724000000188397
256,2.55252912,PLUS_5_PROFILE,J2_KP140,1.3999999999999999,1.3999999999999999,1791,1.39921875,64,0.050000000000000003,0,0,0,1,1,2.2672616678053967,5.6141582292740706,-0.99431406287694446,0.99431406287694446,2.4202437400817871,5.4686541557312012,-0.00060583931928443987,0.00057551910467306452,-1.5160107305687675e-05,0.023561944901923444,0.023577105009229132,-0.0011813584239575045,-0.14726249873638153,-0.7117687463760376,0.023264218090252847,-0.11244372116189774,-0.24609375,0.23828125,3.0660937130451202,-0.21417490118694651,0.20370570296001719,33,32,0,0,0,1,1,1,1,1,1,1,1,1,RUNNING,10.051786000000007,0.051786000000006993
257,2.562532971,PLUS_5_PROFILE,J2_KP140,1.3999999999999999,1.3999999999999999,1791,1.39921875,64,0.050000000000000003,0,0,0,1,1,2.2571528081661478,5.6242670889133199,-1.0274578649728427,1.0274578649728427,2.4194767475128174,5.4698047637939453,-0.00048467145542755195,0.00075728973288983212,0.00013630913873114009,0.025158921167498256,0.025022612028767117,-0.001241961188317384,-0.19634999334812164,0,0.031018956668985818,0,-0.265625,0.265625,3.3628124594688416,-0.22725351508533737,0.21624725516712448,33,32,0,0,0,1,1,1,1,1,1,1,1,1,RUNNING,10.003851000000008,0.0038510000000080424
258,2.5725269530000001,PLUS_5_PROFILE,J2_KP140,1.3999999999999999,1.3999999999999999,1791,1.39921875,64,0.050000000000000003,0,0,0,1,1,2.2467125105059398,5.6347073865735275,-1.0606016670687408,1.0606016670687408,2.4183263778686523,5.4709553718566895,-0.00030293849207365558,0.00093906036110659973,0.00031806093451647207,0.0268082573106329,0.026490196376116427,-0.0012419988531802554,-0.53996247053146362,0.31906875967979431,0.085302129074170549,0.050405807823926105,-0.28515625,0.2734375,3.535898394882679,-0.24025941430779757,0.2292528206035733,33,32,0,0,0,1,1,1,1,1,1,1,1,1,RUNNING,9.9939820000001234,0.006017999999876622
259,2.5825271070000002,PLUS_5_PROFILE,J2_KP140,1.3999999999999999,1.3999999999999999,1791,1.39921875,64,0.050000000000000003,0,0,0,1,1,2.235940774824773,5.6454791222546952,-1.0937454691646391,1.0937454691646391,2.4177510738372803,5.4721059799194336,-0.0002120531779652718,0.0011208309893233673,0.00045438890567904778,0.028509953331327373,0.028055564425648324,-0.0013328841672886392,-0.17180624604225159,0.098174996674060822,0.027141587379619331,0.015509478334492909,-0.30078125,0.296875,3.7831640169024467,-0.25453441861751008,0.2427223992693662,33,32,0,0,0,1,1,1,1,1,1,1,1,1,RUNNING,10.000154000000094,0.00015400000009435644
260,2.5925264800000001,PLUS_5_PROFILE,J2_KP140,1.3999999999999999,1.3999999999999999,1791,1.39921875,64,0.050000000000000003,0,0,0,1,1,2.2249112540161935,5.6565086430632743,-1.1047934031966051,1.1047934031966051,2.4166007041931152,5.473639965057373,-3.0320214611375452e-05,0.0013631667170371433,0.00066642325121288391,0.030252373701235048,0.029585950450022165,-0.0013934869316485187,0.073631249368190765,0.17180624604225159,-0.011632109045126423,0.027141587379619331,-0.3125,0.30078125,3.8820702657103539,-0.26836523024769043,0.25601614920826171,33,32,0,0,0,1,1,1,1,1,1,1,1,1,RUNNING,9.9993729999998671,0.00062700000013293788
261,2.6025294460000001,PLUS_5_PROFILE,J2_KP140,1.3999999999999999,1.3999999999999999,1791,1.39921875,64,0.050000000000000003,0,0,0,1,1,2.2138633199842275,5.6675565770952403,-1.1047934031966051,1.1047934031966051,2.414874792098999,5.4759407043457031,0.00024233572771377597,0.0017266326437449359,0.00098448418572935604,0.03199770295322938,0.031013218767500024,-0.00148429691603116,-0.098174996674060822,0.36815625429153442,0.015509478334492909,0.05816054640265908,-0.328125,0.3125,4.0551562011241913,-0.28141606096068017,0.268262221849352,33,32,0,0,0,1,1,1,1,1,1,1,1,1,RUNNING,10.002966000000058,0.0029660000000575337
262,2.6125278120000002,PLUS_5_PROFILE,J2_KP140,1.3999999999999999,1.3999999999999999,1791,1.39921875,64,0.050000000000000003,0,0,0,1,1,2.2028153859522615,5.6786045111272063,-1.1047934031966051,1.1047934031966051,2.4131491184234619,5.4792003631591797,0.00051495400517605607,0.0022415866489209919,0.0013782703270485239,0.033743032205223698,0.032364761878175177,-0.0017266326437449359,-0.36815625429153442,0.58904999494552612,0.05816054640265908,0.093056872361011386,-0.33203125,0.3125,4.0798827633261681,-0.29446722545968063,0.27916580715523726,33,32,0,0,0,1,1,1,1,1,1,1,1,1,RUNNING,9.9983660000000363,0.00163399999996372
263,2.6225114010000001,PLUS_5_PROFILE,J2_KP140,1.3999999999999999,1.3999999999999999,1791,1.39921875,64,0.050000000000000003,0,0,0,1,1,2.1917674519202954,5.6896524451591723,-1.1047934031966051,1.1047934031966051,2.4112317562103271,5.4824600219726562,0.00081785483238684046,0.0027565406540970483,0.0017871977432419445,0.03548836145721803,0.033701163713976086,-0.0019386858217102078,-0.46633124351501465,0.44178751111030579,0.073670023560125017,0.06979265662481246,-0.3515625,0.3203125,4.2529686987400055,-0.3072500260060444,0.29006939246112251,33,32,0,0,0,1,1,1,1,1,1,1,1,1,RUNNING,9.9835889999999594,0.016411000000040588
264,2.6325286019999998,PLUS_5_PROFILE,J2_KP140,1.3999999999999999,1.3999999999999999,1791,1.39921875,64,0.050000000000000003,0,0,0,1,1,2.1807195178883294,5.7007003791911384,-1.1047934031966051,1.1047934031966051,2.4091224670410156,5.4853363037109375,0.0011510758742090002,0.0032109295597760961,0.0021810027169925483,0.037233690709212362,0.035052687992219812,-0.0020598536855670957,-0.56450623273849487,0.39269998669624329,0.089179500717590968,0.062037913337971637,-0.35546875,0.34765625,4.4507811963558197,-0.31976412881376071,0.30150970567228119,33,32,0,0,0,1,1,1,1,1,1,1,1,1,RUNNING,10.017200999999698,0.017200999999698041
265,2.6425315550000001,PLUS_5_PROFILE,J2_KP140,1.3999999999999999,1.3999999999999999,1791,1.39921875,64,0.050000000000000003,0,0,0,1,1,2.1696715838563634,5.7117483132231044,-1.1047934031966051,1.1047934031966051,2.4073967933654785,5.4878292083740234,0.0014236941516712804,0.0036047533659581354,0.002514223758814708,0.038979019961206694,0.036464796202391986,-0.0021810592142868547,-0.14726249873638153,0.17180624604225159,0.023264218090252847,0.027141587379619331,-0.37890625,0.35546875,4.6485936939716339,-0.33281529331276116,0.3134867467887133,33,32,0,0,0,1,1,1,1,1,1,1,1,1,RUNNING,10.002953000000314,0.0029530000003141765
266,2.6525350529999998,PLUS_5_PROFILE,J2_KP140,1.3999999999999999,1.3999999999999999,1791,1.39921875,64,0.050000000000000003,0,0,0,1,1,2.1586236498243974,5.7227962472550704,-1.1047934031966051,1.1047934031966051,2.4050958156585693,5.4897465705871582,0.0017871977432419443,0.0039076541931689201,0.0028474259682054323,0.040724349213201019,0.037876923244995586,-0.0021204564499269756,-0.88357502222061157,0.36815625429153442,0.13958531324962492,0.05816054640265908,-0.38671875,0.3671875,4.7722265049815178,-0.34506103216784073,0.32626954733507707,33,32,0,0,0,1,1,1,1,1,1,1,1,1,RUNNING,10.003497999999666,0.0034979999996664901
267,2.662528252,PLUS_5_PROFILE,J2_KP140,1.3999999999999999,1.3999999999999999,1791,1.39921875,64,0.050000000000000003,0,0,0,1,1,2.1475757157924313,5.7338441812870364,-1.1047934031966051,1.1047934031966051,2.4045205116271973,5.4914722442626953,0.0018780830573503281,0.0041802724706311994,0.003029177763990764,0.042469678465195351,0.039440500701204584,-0.0023021894132808714,-0.29452499747276306,0.073631249368190765,0.046528436180505693,0.011632109045126423,-0.41015625,0.39453125,5.0936718136072159,-0.3597227141686723,0.33932071183407753,33,32,0,0,0,1,1,1,1,1,1,1,1,1,RUNNING,9.9931990000001747,0.0068009999998253079
268,2.6725288310000002,PLUS_5_PROFILE,J2_KP140,1.3999999999999999,1.3999999999999999,1791,1.39921875,64,0.050000000000000003,0,0,0,1,1,2.1365277817604653,5.7448921153190025,-1.1047934031966051,1.1047934031966051,2.4029865264892578,5.4926228523254395,0.0021204187850641042,0.0043620430988479675,0.0032412309419560361,0.044215007717189676,0.040973776775233638,-0.0022416243137838633,-0.39269998669624329,-0.049087498337030411,0.062037913337971637,-0.0077547391672464546,-0.421875,0.3984375,5.192578062415123,-0.37304224262030949,0.35317696819098821,33,32,0,0,0,1,1,1,1,1,1,1,1,1,RUNNING,10.000579000000176,0.00057900000017596653
269,2.6825257900000001,PLUS_5_PROFILE,J2_KP140,1.3999999999999999,1.3999999999999999,1791,1.39921875,64,0.050000000000000003,0,0,0,1,1,2.1254798477284993,5.7559400493509685,-1.1047934031966051,1.1047934031966051,2.4020278453826904,5.4937734603881836,0.0022718691986694964,0.0045438137270647347,0.0034078414628671153,0.045960336969184008,0.042552495506316894,-0.0022719445283952383,-0.19634999334812164,-0.39269998669624329,0.031018956668985818,-0.062037913337971637,-0.43359375,0.41015625,5.3409374356269836,-0.38716719671586758,0.36703322454789883,33,32,0,0,0,1,1,1,1,1,1,1,1,1,RUNNING,9.996958999999972,0.003041000000028049
270,2.692527611,PLUS_5_PROFILE,J2_KP140,1.3999999999999999,1.3999999999999999,1791,1.39921875,64,0.050000000000000003,0,0,0,1,1,2.1144319136965333,5.7669879833829345,-1.1047934031966051,1.1047934031966051,2.4006855487823486,5.495307445526123,0.002483922376634768,0.0047861494547785108,0.0036350359157066394,0.047705666221178333,0.044070630305471696,-0.0023022270781437428,-0.098174996674060822,-0.22089375555515289,0.015509478334492909,-0.03489632831240623,-0.44921875,0.4296875,5.5634764954447746,-0.40075508912014146,0.38035275299953603,33,32,0,0,0,1,1,1,1,1,1,1,1,1,RUNNING,10.001820999999911,0.0018209999999108106
271,2.7025725980000002,PLUS_5_PROFILE,J2_KP140,1.3999999999999999,1.3999999999999999,1791,1.39921875,64,0.050000000000000003,0,0,0,1,1,2.1033839796645672,5.7780359174149005,-1.1047934031966051,1.1047934031966051,2.3989598751068115,5.4972248077392578,0.0027565406540970483,0.0050890502819892951,0.0039227954680431717,0.049450995473172665,0.045528200005129492,-0.0023325096278922468,-0.68722498416900635,0.56450623273849487,0.10856634951847732,0.089179500717590968,-0.4609375,0.4453125,5.7365624308586121,-0.41380625361914197,0.3931355535458998,33,32,0,0,0,1,1,1,1,1,1,1,1,1,RUNNING,10.044987000000116,0.04498700000011624
272,2.7125313690000001,PLUS_5_PROFILE,J2_KP140,1.3999999999999999,1.3999999999999999,1791,1.39921875,64,0.050000000000000003,0,0,0,1,1,2.0923360456326012,5.7890838514468665,-1.1047934031966051,1.1047934031966051,2.3966588973999023,5.4987587928771973,0.0031200442456677121,0.0053313860097030713,0.0042257151276853915,0.051196324725166997,0.046970609597481602,-0.0022113417640353592,-0.7608562707901001,0.22089375555515289,0.12019846444873858,0.03489632831240623,-0.46484375,0.44921875,5.7860155552625656,-0.42605199247422154,0.40645508199753699,33,32,0,0,0,1,1,1,1,1,1,1,1,1,RUNNING,9.9587709999999774,0.041229000000022609
273,2.7225293239999999,PLUS_5_PROFILE,J2_KP140,1.3999999999999999,1.3999999999999999,1791,1.39921875,64,0.050000000000000003,0,0,0,1,1,2.0812881116006348,5.8001317854788326,-1.1047934031966051,1.1047934031966051,2.3941662311553955,5.5010595321655273,0.0035138303869868804,0.0056948519364108637,0.0046043411616988718,0.052941653977161329,0.048337312815462455,-0.0021810215494239833,-0.19634999334812164,0.024543749168515205,0.031018956668985818,0.0038773695836232273,-0.484375,0.4609375,5.9838280528783798,-0.43802936737666504,0.41870115463862728,33,32,0,0,0,1,1,1,1,1,1,1,1,1,RUNNING,9.9979549999997808,0.0020450000002192326
274,2.7325057049999999,PLUS_5_PROFILE,J2_KP140,1.3999999999999999,1.3999999999999999,1791,1.39921875,64,0.050000000000000003,0,0,0,1,1,2.0702401775686692,5.8111797195107986,-1.1047934031966051,1.1047934031966051,2.3901393413543701,5.5048947334289551,0.0041499899208826954,0.0063007289205581751,0.0052253594207204348,0.054686983229155647,0.049461623808435211,-0.0021507389996754797,-0.51541876792907715,0.17180624604225159,0.081424766846965854,0.027141587379619331,-0.4765625,0.4765625,6.0332811772823334,-0.44785882929998128,0.42879898051458087,33,32,0,0,0,1,1,1,1,1,1,1,1,1,RUNNING,9.9763809999999786,0.023619000000021373
275,2.7425277220000002,PLUS_5_PROFILE,J2_KP140,1.3999999999999999,1.3999999999999999,1791,1.39921875,64,0.050000000000000003,0,0,0,1,1,2.0591922435367027,5.8222276535427646,-1.1047934031966051,1.1047934031966051,2.3855373859405518,5.5096883773803711,0.0048769971040240239,0.0070580186534480076,0.0059675078787360157,0.056432312481149979,0.050464804602413961,-0.0021810215494239837,-0.51541876792907715,-0.024543749168515205,0.081424766846965854,-0.0038773695836232273,-0.49609375,0.46875,6.1074608638882637,-0.45688319936538863,0.43755498662735087,33,32,0,0,0,1,1,1,1,1,1,1,1,1,RUNNING,10.022017000000272,0.022017000000271736
276,2.752531308,PLUS_5_PROFILE,J2_KP140,1.3999999999999999,1.3999999999999999,1791,1.39921875,64,0.050000000000000003,0,0,0,1,1,2.0481443095047367,5.8332755875747306,-1.1047934031966051,1.1047934031966051,2.3818943500518799,5.5139069557189941,0.0054525162086970884,0.0077244607370923271,0.0065884884728947078,0.058177641733144311,0.051589153260249605,-0.0022719445283952387,-0.17180624604225159,0.24543750286102295,0.027141587379619331,0.038773697601772718,-0.51171875,0.484375,6.3052733615040779,-0.46725005676600045,0.44711608459803104,33,32,0,0,0,1,1,1,1,1,1,1,1,1,RUNNING,10.003585999999842,0.0035859999998422154
277,2.7625227510000001,PLUS_5_PROFILE,J2_KP140,1.3999999999999999,1.3999999999999999,1791,1.39921875,64,0.050000000000000003,0,0,0,1,1,2.0372620944832502,5.844157802596218,-1.0716496011007068,1.0716496011007068,2.3792097568511963,5.5165910720825195,0.0058766225646276317,0.0081484917632971277,0.0070125571639623793,0.059896791046358727,0.052884233882396346,-0.0022718691986694959,-0.34361249208450317,0.17180624604225159,0.054283174759238662,0.027141587379619331,-0.53125,0.5,6.5278124213218689,-0.47872672731512445,0.4585934227191778,33,32,0,0,0,1,1,1,1,1,1,1,1,1,RUNNING,9.9914430000000998,0.0085569999999002277
278,2.7725301880000002,PLUS_5_PROFILE,J2_KP140,1.3999999999999999,1.3999999999999999,1791,1.39921875,64,0.050000000000000003,0,0,0,1,1,2.0267113174827225,5.8547085795967453,-1.038505799004809,1.038505799004809,2.3776757717132568,5.518125057220459,0.0061189582923414079,0.0083908274910109038,0.0072548928916761554,0.061563580482013311,0.054308687590337155,-0.0022718691986694959,-0.41724374890327454,-0.049087498337030411,0.065915284981392055,-0.0077547391672464546,-0.54296875,0.515625,6.7008983567357063,-0.49135023592274807,0.47121693132680081,33,32,0,0,0,1,1,1,1,1,1,1,1,1,RUNNING,10.007437000000063,0.0074370000000634207
279,2.7825047889999999,PLUS_5_PROFILE,J2_KP140,1.3999999999999999,1.3999999999999999,1791,1.39921875,64,0.050000000000000003,0,0,0,1,1,2.0164919785031543,5.8649279185763135,-1.0053619969089107,1.0053619969089107,2.3761417865753174,5.5198512077331543,0.0063612940200551832,0.0086635210981989268,0.007512407559127055,0.063178010040108062,0.055665602480981007,-0.0023022270781437437,-0.24543750286102295,0.049087498337030411,0.038773697601772718,0.0077547391672464546,-0.55078125,0.53515625,6.8739842921495438,-0.50350973130102827,0.48310739518042278,33,32,0,0,0,1,1,1,1,1,1,1,1,1,RUNNING,9.9746009999996943,0.025399000000305705
280,2.7925303389999998,PLUS_5_PROFILE,J2_KP140,1.3999999999999999,1.3999999999999999,1791,1.39921875,64,0.050000000000000003,0,0,0,1,1,2.0066040775445444,5.8748158195349234,-0.97221819481301253,0.97221819481301253,2.3734574317932129,5.5219602584838867,0.0067853627111228556,0.0089967044751582143,0.0078910335931405354,0.064740079720642996,0.05684904612750246,-0.0022113417640353588,-0.53996247053146362,0.049087498337030411,0.085302129074170549,0.0077547391672464546,-0.55859375,0.53515625,6.9234374165534973,-0.51359469594813589,0.49399778547145129,33,32,0,0,0,1,1,1,1,1,1,1,1,1,RUNNING,10.025549999999939,0.025549999999938677
281,2.802531235,PLUS_5_PROFILE,J2_KP140,1.3999999999999999,1.3999999999999999,1791,1.39921875,64,0.050000000000000003,0,0,0,1,1,1.9970476146068936,5.8843722824725742,-0.93907439271711424,0.93907439271711424,2.3701975345611572,5.5256032943725586,0.0073003543811617829,0.0095722235798312797,0.0084362889804965313,0.066249789523618097,0.057813500543121565,-0.0022718691986694968,-0.31906875967979431,0.29452499747276306,0.050405807823926105,0.046528436180505693,-0.55859375,0.546875,6.9976171031594276,-0.52240988793596899,0.50227658334002179,33,32,0,0,0,1,1,1,1,1,1,1,1,1,RUNNING,10.000896000000203,0.00089600000020340076
282,2.8125281059999998,PLUS_5_PROFILE,J2_KP140,1.3999999999999999,1.3999999999999999,1791,1.39921875,64,0.050000000000000003,0,0,0,1,1,1.987822589690202,5.8935973073892658,-0.90593059062121606,0.90593059062121606,2.366746187210083,5.5284795761108398,0.0078455909360863434,0.010026612485510327,0.0089361017107983352,0.067707139449033366,0.058771037738235027,-0.0021810215494239837,-0.39269998669624329,0.29452499747276306,0.062037913337971637,0.046528436180505693,-0.57421875,0.55078125,7.1212499141693115,-0.53049303652783342,0.51116482378979633,33,32,0,0,0,1,1,1,1,1,1,1,1,1,RUNNING,9.9968709999997962,0.0031290000002037743
283,2.822486059,PLUS_5_PROFILE,J2_KP140,1.3999999999999999,1.3999999999999999,1791,1.39921875,64,0.050000000000000003,0,0,0,1,1,1.9789290027944695,5.9024908942849983,-0.87278678852531788,0.87278678852531788,2.3646368980407715,5.5317392349243164,0.0081788119779085035,0.010541566490686383,0.009360189234297444,0.069112129496888802,0.059751940262591355,-0.0023627545127778791,-0.19634999334812164,0.4908750057220459,0.031018956668985818,0.077547395203545436,-0.5859375,0.5625,7.2696092873811722,-0.53999105334482278,0.51905232310495464,33,32,0,0,0,1,1,1,1,1,1,1,1,1,RUNNING,9.9579530000002414,0.042046999999758583
284,2.832526224,PLUS_5_PROFILE,J2_KP140,1.3999999999999999,1.3999999999999999,1791,1.39921875,64,0.050000000000000003,0,0,0,1,1,1.9703668539196959,5.9110530431597716,-0.83964298642942004,0.83964298642942004,2.3621442317962646,5.5340404510498047,0.0085725981192276719,0.010905107747119919,0.0097388529331737944,0.070464759667184379,0.060725906734010585,-0.0023325096278922468,-0.7117687463760376,0.24543750286102295,0.11244372116189774,0.038773697601772718,-0.59765625,0.57421875,7.4179686605930328,-0.54848832902719624,0.52781762895395368,33,32,0,0,0,1,1,1,1,1,1,1,1,1,RUNNING,10.040164999999934,0.040164999999934281
285,2.8425286179999998,PLUS_5_PROFILE,J2_KP140,1.3999999999999999,1.3999999999999999,1791,1.39921875,64,0.050000000000000003,0,0,0,1,1,1.962136143065881,5.9192837540135868,-0.80649918433352186,0.80649918433352186,2.3615689277648926,5.534998893737793,0.0086634834333360559,0.01105652049586244,0.0098600019645992479,0.071765029959920165,0.061905027995320917,-0.002393037062526384,-0.24543750286102295,-0.4908750057220459,0.038773697601772718,-0.077547395203545436,-0.61328125,0.59375,7.6405077204108238,-0.55920589857861613,0.53799880438611125,33,32,0,0,0,1,1,1,1,1,1,1,1,1,RUNNING,10.002393999999803,0.0023939999998034978
286,2.8525324589999999,PLUS_5_PROFILE,J2_KP140,1.3999999999999999,1.3999999999999999,1791,1.39921875,64,0.050000000000000003,0,0,0,1,1,1.9542368702330255,5.9271830268464427,-0.77335538223762368,0.77335538223762368,2.3608019351959229,5.5361495018005371,0.0087846512971929431,0.011238291124079208,0.010011471210636076,0.073012940375096105,0.063001469164460033,-0.0024536398268862648,-0.44178751111030579,0,0.06979265662481246,0,-0.6171875,0.59765625,7.6899608448147774,-0.5691910909480562,0.54744693506426778,33,32,0,0,0,1,1,1,1,1,1,1,1,1,RUNNING,10.003841000000069,0.0038410000000688171
287,2.8625279190000001,PLUS_5_PROFILE,J2_KP140,1.3999999999999999,1.3999999999999999,1791,1.39921875,64,0.050000000000000003,0,0,0,1,1,1.9466690354211287,5.9347508616583395,-0.7402115801417255,0.7402115801417255,2.3604185581207275,5.5369167327880859,0.0088452163966899512,0.011359496652798966,0.01010235652474446,0.074208490912712227,0.064106134387967764,-0.0025142802561090149,0.098174996674060822,-0.24543750286102295,-0.015509478334492909,-0.038773697601772718,-0.625,0.6015625,7.7641405314207077,-0.57924933177943838,0.55696778041835504,33,32,0,0,0,1,1,1,1,1,1,1,1,1,RUNNING,9.9954600000002891,0.0045399999997108864
288,2.8725266889999999,PLUS_5_PROFILE,J2_KP140,1.3999999999999999,1.3999999999999999,1791,1.39921875,64,0.050000000000000003,0,0,0,1,1,1.9394326386301908,5.9419872584492772,-0.70706777804582743,0.70706777804582743,2.3590762615203857,5.5382590293884277,0.0090572695746552242,0.011571549830764237,0.010314409702709731,0.075351681572768517,0.065037271870058783,-0.0025142802561090132,-0.46633124351501465,0,0.073670023560125017,0,-0.62890625,0.609375,7.838320218026638,-0.58750107204627289,0.56521952068518921,33,32,0,0,0,1,1,1,1,1,1,1,1,1,RUNNING,9.9987699999997126,0.0012300000002873901
289,2.8825325579999999,PLUS_5_PROFILE,J2_KP140,1.3999999999999999,1.3999999999999999,1791,1.39921875,64,0.050000000000000003,0,0,0,1,1,1.932527679860212,5.9488922172192558,-0.67392397594992925,0.67392397594992925,2.3575422763824463,5.5396008491516113,0.0092996053023689986,0.011783527679003767,0.010541566490686383,0.076442512355264974,0.065900945864578592,-0.002483922376634768,-0.73631250858306885,-0.049087498337030411,0.11632109280531816,-0.0077547391672464546,-0.640625,0.61328125,7.9372264668345451,-0.5950204351311279,0.57300791529470219,33,32,0,0,0,1,1,1,1,1,1,1,1,1,RUNNING,10.005869000000001,0.0058690000000005682
290,2.892398934,PLUS_5_PROFILE,J2_KP140,1.3999999999999999,1.3999999999999999,1791,1.39921875,64,0.050000000000000003,0,0,0,1,1,1.9259541591111922,5.9554657379682752,-0.64078017385403097,0.64078017385403097,2.3573505878448486,5.5399847030639648,0.0093298878521175035,0.011844168108226518,0.010587027980172012,0.0774809832602016,0.066893955280029588,-0.0025142802561090149,0.098174996674060822,-0.14726249873638153,-0.015509478334492909,-0.023264218090252847,-0.65625,0.62890625,8.1350389644503593,-0.60395500022711901,0.58167344886603445,33,32,0,0,0,1,1,1,1,1,1,1,1,1,RUNNING,9.8663760000001766,0.13362399999982344
291,2.902478511,PLUS_5_PROFILE,J2_KP140,1.3999999999999999,1.3999999999999999,1791,1.39921875,64,0.050000000000000003,0,0,0,1,1,1.9197120763831315,5.9617078206963363,-0.60763637175813279,0.60763637175813279,2.3571586608886719,5.5401763916015625,0.0093602080667288794,0.011874450657975022,0.010617329362351951,0.078467094287578393,0.067849764925226444,-0.0025142425912461422,-0.19634999334812164,-0.36815625429153442,0.031018956668985818,-0.05816054640265908,-0.65625,0.6484375,8.2586717754602432,-0.61242521830775654,0.59014400073268325,33,32,0,0,0,1,1,1,1,1,1,1,1,1,RUNNING,10.079576999999951,0.079576999999950715
292,2.91253604,PLUS_5_PROFILE,J2_KP140,1.3999999999999999,1.3999999999999999,1791,1.39921875,64,0.050000000000000003,0,0,0,1,1,1.9138014316760295,5.9676184654034383,-0.57449256966223472,0.57449256966223472,2.3571586608886719,5.5403680801391602,0.0093602080667288794,0.011904733207723527,0.010632470637226204,0.079400845437395368,0.06876837480016916,-0.0025445251409946471,-0.22089375555515289,0,0.03489632831240623,0,-0.66796875,0.64453125,8.3081248998641968,-0.62070012089769933,0.59815053936998941,33,32,0,0,0,1,1,1,1,1,1,1,1,1,RUNNING,10.057529000000009,0.057529000000009489
293,2.922510328,PLUS_5_PROFILE,J2_KP140,1.3999999999999999,1.3999999999999999,1791,1.39921875,64,0.050000000000000003,0,0,0,1,1,1.9082222249898868,5.9731976720895812,-0.54134876756633654,0.54134876756633654,2.3567752838134766,5.5403680801391602,0.0094207731662258876,0.011904733207723527,0.010662753186974707,0.080282236709652496,0.069619483522677786,-0.002483960041497639,-0.19634999334812164,-0.36815625429153442,0.031018956668985818,-0.05816054640265908,-0.67578125,0.6484375,8.3823045864701271,-0.62797428235302566,0.60596142873058945,33,32,0,0,0,1,1,1,1,1,1,1,1,1,RUNNING,9.9742879999999978,0.025712000000002178
294,2.9325274769999998,PLUS_5_PROFILE,J2_KP140,1.3999999999999999,1.3999999999999999,1791,1.39921875,64,0.050000000000000003,0,0,0,1,1,1.9029744563247029,5.9784454407547649,-0.50820496547043825,0.50820496547043825,2.3567752838134766,5.5409431457519531,0.0094207731662258876,0.01199558085696904,0.010708177011597464,0.081111268104349807,0.070403091092752348,-0.002574807690743152,0.12271875143051147,0.073631249368190765,-0.019386848800886359,0.011632109045126423,-0.6796875,0.66015625,8.4812108352780342,-0.63532115848428317,0.61250321300393651,33,32,0,0,0,1,1,1,1,1,1,1,1,1,RUNNING,10.017148999999836,0.017148999999836434
295,2.9425275709999998,PLUS_5_PROFILE,J2_KP140,1.3999999999999999,1.3999999999999999,1791,1.39921875,64,0.050000000000000003,0,0,0,1,1,1.8980581256804778,5.9833617713989895,-0.47506116337454007,0.47506116337454007,2.3567752838134766,5.5409431457519531,0.0094207731662258876,0.01199558085696904,0.010708177011597464,0.081887939621487285,0.071179762609889827,-0.002574807690743152,0.12271875143051147,0.12271875143051147,-0.019386848800886359,0.019386848800886359,-0.69140625,0.6640625,8.5801170840859413,-0.64220402138619814,0.61938607590585093,33,32,0,0,0,1,1,1,1,1,1,1,1,1,RUNNING,10.000094000000015,9.4000000014915486e-05
296,2.9525135429999998,PLUS_5_PROFILE,J2_KP140,1.3999999999999999,1.3999999999999999,1791,1.39921875,64,0.050000000000000003,0,0,0,1,1,1.8934732330572119,5.9879466640222558,-0.4419173612786419,0.4419173612786419,2.3565835952758789,5.5407514572143555,0.0094510557159743908,0.011965298307220535,0.010708177011597462,0.082612251261064931,0.071904074249467473,-0.0025142425912461439,-0.24543750286102295,0,0.038773697601772718,0,-0.68359375,0.66796875,8.5553905218839645,-0.64835450710613374,0.62607328953106045,33,32,0,0,0,1,1,1,1,1,1,1,1,1,RUNNING,9.9859719999999541,0.014028000000045893
297,2.9625282249999998,PLUS_5_PROFILE,J2_KP140,1.3999999999999999,1.3999999999999999,1791,1.39921875,64,0.050000000000000003,0,0,0,1,1,1.8892197784549052,5.992200118624563,-0.40877355918274411,0.40877355918274411,2.3565835952758789,5.5407514572143555,0.0094510557159743908,0.011965298307220535,0.010708177011597462,0.083284203023082745,0.072576026011485287,-0.0025142425912461439,-0.14726249873638153,0,0.023264218090252847,0,-0.69140625,0.67578125,8.6542967706918716,-0.65430934354936321,0.63202812597429059,33,32,0,0,0,1,1,1,1,1,1,1,1,1,RUNNING,10.014681999999997,0.014681999999996975
298,2.97257383,PLUS_5_PROFILE,J2_KP140,1.3999999999999999,1.3999999999999999,1791,1.39921875,64,0.050000000000000003,0,0,0,1,1,1.8852977618735571,5.9961221352059102,-0.37562975708684593,0.37562975708684593,2.3565835952758789,5.5409431457519531,0.0094510557159743908,0.01199558085696904,0.010723318286471715,0.083903794907540727,0.07318047662106901,-0.0025445251409946489,0,0.22089375555515289,-0,0.03489632831240623,-0.69921875,0.68359375,8.7532030194997787,-0.65980016676325048,0.6372505852355399,33,32,0,0,0,1,1,1,1,1,1,1,1,1,RUNNING,10.04560500000018,0.04560500000017953
299,2.98252753,PLUS_5_PROFILE,J2_KP140,1.3999999999999999,1.3999999999999999,1791,1.39921875,64,0.050000000000000003,0,0,0,1,1,1.8817071833131682,5.9997127137663,-0.34248595499094775,0.34248595499094775,2.3561999797821045,5.5413269996643066,0.0095116584803342716,0.01205622128619179,0.010783939883263031,0.08447102691443889,0.073687087031175852,-0.0025445628058575181,-0.53996247053146362,0.44178751111030579,0.085302129074170549,0.06979265662481246,-0.7109375,0.69140625,8.8768358305096626,-0.66428991505651069,0.64173999974279061,33,32,0,0,0,1,1,1,1,1,1,1,1,1,RUNNING,9.9537000000000653,0.046299999999934727
300,2.9925290100000002,PLUS_5_PROFILE,J2_KP140,1.3999999999999999,1.3999999999999999,1791,1.39921875,64,0.050000000000000003,0,0,0,1,1,1.8784480427737384,6.0029718543057298,-0.30934215289504957,0.30934215289504957,2.3565835952758789,5.5409431457519531,0.0094510557159743908,0.01199558085696904,0.010723318286471715,0.084985899043777208,0.074262580757305491,-0.0025445251409946489,0.14726249873638153,-0.41724374890327454,-0.023264218090252847,-0.065915284981392055,-0.70703125,0.69140625,8.8521092683076859,-0.66938977350299655,0.6468401919752873,33,32,0,0,0,1,1,1,1,1,1,1,1,1,RUNNING,10.001480000000118,0.0014800000001180535
301,3.0025283890000001,PLUS_5_PROFILE,J2_KP140,1.3999999999999999,1.3999999999999999,1791,1.39921875,64,0.050000000000000003,0,0,0,1,1,1.8755203402552674,6.0058995568242004,-0.27619835079915134,0.27619835079915134,2.3561999797821045,5.5413269996643066,0.0095116584803342716,0.01205622128619179,0.010783939883263031,0.085448411295555707,0.074664471412292682,-0.0025445628058575181,0.26998123526573181,-0.61359375715255737,-0.042651064537085275,-0.096934244004431805,-0.70703125,0.69140625,8.8521092683076859,-0.67295149533757193,0.65040158002385118,33,32,0,0,0,1,1,1,1,1,1,1,1,1,RUNNING,9.9993789999999194,0.00062100000008058487
302,3.0125292720000001,PLUS_5_PROFILE,J2_KP140,1.3999999999999999,1.3999999999999999,1791,1.39921875,64,0.050000000000000003,0,0,0,1,1,1.8729240757577552,6.0084958213217128,-0.24305454870325321,0.24305454870325321,2.3554329872131348,5.5420937538146973,0.0096328263441911588,0.012177351485185808,0.010905088914688483,0.085858563669774374,0.074953474755085889,-0.0025445251409946489,-0.36815625429153442,-0.14726249873638153,0.05816054640265908,-0.023264218090252847,-0.70703125,0.69140625,8.8521092683076859,-0.67551247603753128,0.6529628945098217,33,32,0,0,0,1,1,1,1,1,1,1,1,1,RUNNING,10.000883000000016,0.00088300000001595436
303,3.0224854369999998,PLUS_5_PROFILE,J2_KP140,1.3999999999999999,1.3999999999999999,1791,1.39921875,64,0.050000000000000003,0,0,0,1,1,1.8706592492812022,6.010760647798266,-0.20991074660735501,0.20991074660735501,2.3550496101379395,5.5424771308898926,0.0096933914436881669,0.012237916584682816,0.010965654014185491,0.086216356166433222,0.075250702152247731,-0.0025445251409946489,-0.098174996674060822,-0.098174996674060822,0.015509478334492909,-0.015509478334492909,-0.7109375,0.6796875,8.8026561439037323,-0.67814650519943209,0.65559692367172273,33,32,0,0,0,1,1,1,1,1,1,1,1,1,RUNNING,9.9561649999997393,0.043835000000260749
304,3.0325300359999998,PLUS_5_PROFILE,J2_KP140,1.3999999999999999,1.3999999999999999,1791,1.39921875,64,0.050000000000000003,0,0,0,1,1,1.8687258608256081,6.0126940362538601,-0.17676694451145686,0.17676694451145686,2.354665994644165,5.5428609848022461,0.0097539942080480477,0.012298557013905566,0.011026275610976806,0.086521788785532225,0.075495513174555412,-0.0025445628058575181,-0.073631249368190765,-0.098174996674060822,0.011632109045126423,-0.015509478334492909,-0.7109375,0.69140625,8.8768358305096626,-0.68031618734597965,0.65776627203225957,33,32,0,0,0,1,1,1,1,1,1,1,1,1,RUNNING,10.044598999999987,0.044598999999987399
305,3.0425090400000001,PLUS_5_PROFILE,J2_KP140,1.3999999999999999,1.3999999999999999,1791,1.39921875,64,0.050000000000000003,0,0,0,1,1,1.8671239103909731,6.0142959866884951,-0.14362314241555868,0.14362314241555868,2.3544743061065674,5.5428609848022461,0.0097842767577965509,0.012298557013905566,0.011041416885851058,0.086774861527071409,0.075733444641220352,-0.0025142802561090149,-0.17180624604225159,-0.41724374890327454,0.027141587379619331,-0.065915284981392055,-0.72265625,0.69140625,8.951015517115593,-0.68229055400183192,0.66000900264074858,33,32,0,0,0,1,1,1,1,1,1,1,1,1,RUNNING,9.9790040000002911,0.020995999999708914
306,3.052527821,PLUS_5_PROFILE,J2_KP140,1.3999999999999999,1.3999999999999999,1791,1.39921875,64,0.050000000000000003,0,0,0,1,1,1.8658533979772969,6.0155664991021709,-0.11047934031966047,0.11047934031966047,2.3542826175689697,5.5428609848022461,0.0098145593075450559,0.012298557013905566,0.011056558160725311,0.086975574391050747,0.075919016230325431,-0.00248399770636051,-0.19634999334812164,-0.39269998669624329,0.031018956668985818,-0.062037913337971637,-0.72265625,0.70703125,9.0499217659235001,-0.68380090742834199,0.66178772001989472,33,32,0,0,0,1,1,1,1,1,1,1,1,1,RUNNING,10.018780999999866,0.0187809999998656
307,3.0625318250000002,PLUS_5_PROFILE,J2_KP140,1.3999999999999999,1.3999999999999999,1791,1.39921875,64,0.050000000000000003,0,0,0,1,1,1.8649143235845798,6.0165055734948876,-0.07733553822376231,0.07733553822376231,2.3542826175689697,5.5430526733398438,0.0098145593075450559,0.012328839563654071,0.011071699435599564,0.087123927377470267,0.076052227941870706,-0.0025142802561090149,-0.17180624604225159,-0.14726249873638153,0.027141587379619331,-0.023264218090252847,-0.70703125,0.6953125,8.8768358305096626,-0.68511561157814593,0.66283406021706126,33,32,0,0,0,1,1,1,1,1,1,1,1,1,RUNNING,10.004004000000233,0.0040040000002328213
308,3.0725327550000001,PLUS_5_PROFILE,J2_KP140,1.3999999999999999,1.3999999999999999,1791,1.39921875,64,0.050000000000000003,0,0,0,1,1,1.8643066872128218,6.017113209866646,-0.044191736127864117,0.044191736127864117,2.3544743061065674,5.5428609848022461,0.0097842767577965509,0.012298557013905566,0.011041416885851058,0.087219920486329955,0.076178503600478897,-0.0025142802561090149,0.073631249368190765,-0.44178751111030579,-0.011632109045126423,-0.06979265662481246,-0.72265625,0.6953125,8.9757420793175697,-0.68623466645124376,0.66395311509015986,33,32,0,0,0,1,1,1,1,1,1,1,1,1,RUNNING,10.000929999999908,0.0009299999999079489
309,3.0825320280000001,PLUS_5_PROFILE,J2_KP140,1.3999999999999999,1.3999999999999999,1791,1.39921875,64,0.050000000000000003,0,0,0,1,1,1.8640304888620225,6.0173894082174453,-0.011047934031965937,0.011047934031965937,2.3544743061065674,5.5428609848022461,0.0097842767577965509,0.012298557013905566,0.011041416885851058,0.08726355371762981,0.076222136831778753,-0.0025142802561090149,0,-0.31906875967979431,-0,-0.050405807823926105,-0.71484375,0.6953125,8.9262889549136162,-0.68662134414236276,0.66433979278127886,33,32,0,0,0,1,1,1,1,1,1,1,1,1,RUNNING,9.9992730000000307,0.00072699999996928
310,3.0924875840000001,PLUS_5_PROFILE,J2_KP140,1.3999999999999999,1.3999999999999999,1791,1.39921875,64,0.050000000000000003,0,0,0,1,1,1.864012075638636,6.0174078214408322,-0,0,2.3542826175689697,5.5428609848022461,0.0098145593075450559,0.012298557013905566,0.011056558160725311,0.087266462599716474,0.076209904438991158,-0.00248399770636051,-0.31906875967979431,-0.34361249208450317,0.050405807823926105,-0.054283174759238662,-0.69921875,0.68359375,8.7532030194997787,-0.68637875870246712,0.66436557129402052,33,32,0,0,0,1,1,1,1,1,1,1,1,1,RUNNING,9.9555559999999765,0.044444000000023465
311,3.1025288249999998,PLUS_5_ENDPOINT,J2_KP140,1.3999999999999999,1.3999999999999999,1791,1.39921875,64,0.050000000000000003,0,0,0,1,1,1.864012075638636,6.0174078214408322,-0,0,2.3542826175689697,5.5428609848022461,0.0098145593075450559,0.012298557013905566,0.011056558160725311,0.087266462599716474,0.076209904438991158,-0.00248399770636051,-0.24543750286102295,-0.41724374890327454,0.038773697601772718,-0.065915284981392055,-0.72265625,0.69921875,9.0004686415195465,-0.68637875870246712,0.66436557129402052,33,32,0,0,0,1,1,1,1,1,1,1,1,1,RUNNING,10.041240999999701,0.041240999999700989
312,3.1125227299999998,PLUS_5_ENDPOINT,J2_KP140,1.3999999999999999,1.3999999999999999,1791,1.39921875,64,0.050000000000000003,0,0,0,1,1,1.864012075638636,6.0174078214408322,-0,0,2.3544743061065674,5.5432443618774414,0.0097842767577965509,0.012359122113402574,0.011071699435599562,0.087266462599716474,0.076194763164116913,-0.002574845355606023,0.12271875143051147,0.12271875143051147,-0.019386848800886359,0.019386848800886359,-0.7109375,0.69140625,8.8768358305096626,-0.68664712265510386,0.66382884338874704,33,32,0,0,0,1,1,1,1,1,1,1,1,1,RUNNING,9.9939049999999696,0.0060950000000303817
313,3.122463749,PLUS_5_ENDPOINT,J2_KP140,1.3999999999999999,1.3999999999999999,1791,1.39921875,64,0.050000000000000003,0,0,0,1,1,1.864012075638636,6.0174078214408322,-0,0,2.3542826175689697,5.5430526733398438,0.0098145593075450559,0.012328839563654071,0.011071699435599564,0.087266462599716474,0.076194763164116913,-0.0025142802561090149,-0.073631249368190765,-0.26998123526573181,0.011632109045126423,-0.042651064537085275,-0.7109375,0.69921875,8.9262889549136162,-0.68637875870246712,0.66409720734138378,33,32,0,0,0,1,1,1,1,1,1,1,1,1,RUNNING,9.9410190000002174,0.058980999999782568
314,3.1325315159999998,PLUS_5_ENDPOINT,J2_KP140,1.3999999999999999,1.3999999999999999,1791,1.39921875,64,0.050000000000000003,0,0,0,1,1,1.864012075638636,6.0174078214408322,-0,0,2.3544743061065674,5.5432443618774414,0.0097842767577965509,0.012359122113402574,0.011071699435599562,0.087266462599716474,0.076194763164116913,-0.002574845355606023,0.24543750286102295,-0.12271875143051147,-0.038773697601772718,-0.019386848800886359,-0.7109375,0.69140625,8.8768358305096626,-0.68664712265510386,0.66382884338874704,33,32,0,0,0,1,1,1,1,1,1,1,1,1,RUNNING,10.067766999999783,0.067766999999783195
315,3.1424836599999999,PLUS_5_ENDPOINT,J2_KP140,1.3999999999999999,1.3999999999999999,1791,1.39921875,64,0.050000000000000003,0,0,0,1,1,1.864012075638636,6.0174078214408322,-0,0,2.3538990020751953,5.5432443618774414,0.009875162071904935,0.012359122113402574,0.011117142092653754,0.087266462599716474,0.076149320507062718,-0.002483960041497639,-0.53996247053146362,-0.14726249873638153,0.085302129074170549,-0.023264218090252847,-0.71484375,0.69921875,8.951015517115593,-0.68584169701118292,0.66382884338874704,33,32,0,0,0,1,1,1,1,1,1,1,1,1,RUNNING,9.9521440000001071,0.047855999999892873
316,3.152526538,PLUS_5_ENDPOINT,J2_KP140,1.3999999999999999,1.3999999999999999,1791,1.39921875,64,0.050000000000000003,0,0,0,1,1,1.864012075638636,6.0174078214408322,-0,0,2.3542826175689697,5.5434360504150391,0.0098145593075450559,0.012389404663151079,0.011101981985348067,0.087266462599716474,0.07616448061436841,-0.002574845355606023,0.39269998669624329,-0.024543749168515205,-0.062037913337971637,-0.0038773695836232273,-0.71484375,0.69140625,8.9015623927116394,-0.68637875870246712,0.6635604794361103,33,32,0,0,0,1,1,1,1,1,1,1,1,1,RUNNING,10.042878000000144,0.042878000000143857
317,3.1625300369999998,PLUS_5_ENDPOINT,J2_KP140,1.3999999999999999,1.3999999999999999,1791,1.39921875,64,0.050000000000000003,0,0,0,1,1,1.864012075638636,6.0174078214408322,-0,0,2.3538990020751953,5.5432443618774414,0.009875162071904935,0.012359122113402574,0.011117142092653754,0.087266462599716474,0.076149320507062718,-0.002483960041497639,-0.46633124351501465,-0.34361249208450317,0.073670023560125017,-0.054283174759238662,-0.7109375,0.69921875,8.9262889549136162,-0.68584169701118292,0.66382884338874704,33,32,0,0,0,1,1,1,1,1,1,1,1,1,RUNNING,10.003498999999749,0.0034989999997492305
318,3.1725286449999999,PLUS_5_ENDPOINT,J2_KP140,1.3999999999999999,1.3999999999999999,1791,1.39921875,64,0.050000000000000003,0,0,0,1,1,1.864012075638636,6.0174078214408322,-0,0,2.354090690612793,5.5432443618774414,0.0098448795221564318,0.012359122113402574,0.011102000817779503,0.087266462599716474,0.076164461781936976,-0.0025142425912461422,-0.073631249368190765,-0.36815625429153442,0.011632109045126423,-0.05816054640265908,-0.7109375,0.69140625,8.8768358305096626,-0.68611006096381966,0.66382884338874704,33,32,0,0,0,1,1,1,1,1,1,1,1,1,RUNNING,9.9986080000000754,0.0013919999999245647
319,3.1825277060000001,PLUS_5_ENDPOINT,J2_KP140,1.3999999999999999,1.3999999999999999,1791,1.39921875,64,0.050000000000000003,0,0,0,1,1,1.864012075638636,6.0174078214408322,-0,0,2.3538990020751953,5.5434360504150391,0.009875162071904935,0.012389404663151079,0.011132283367528008,0.087266462599716474,0.076134179232188459,-0.0025142425912461439,-0.36815625429153442,0,0.05816054640265908,0,-0.7109375,0.6953125,8.9015623927116394,-0.68584169701118292,0.6635604794361103,33,32,0,0,0,1,1,1,1,1,1,1,1,1,RUNNING,9.9990610000002533,0.00093899999974667026
320,3.1925280520000001,PLUS_5_ENDPOINT,J2_KP140,1.3999999999999999,1.3999999999999999,1791,1.39921875,64,0.050000000000000003,0,0,0,1,1,1.864012075638636,6.0174078214408322,-0,0,2.3538990020751953,5.5432443618774414,0.009875162071904935,0.012359122113402574,0.011117142092653754,0.087266462599716474,0.076149320507062718,-0.002483960041497639,-0.44178751111030579,-0.24543750286102295,0.06979265662481246,-0.038773697601772718,-0.72265625,0.6953125,8.9757420793175697,-0.68584169701118292,0.66382884338874704,33,32,0,0,0,1,1,1,1,1,1,1,1,1,RUNNING,10.000345999999993,0.00034599999999329611
321,3.2025329629999999,PLUS_5_ENDPOINT,J2_KP140,1.3999999999999999,1.3999999999999999,1791,1.39921875,64,0.050000000000000003,0,0,0,1,1,1.864012075638636,6.0174078214408322,-0,0,2.3538990020751953,5.5436277389526367,0.009875162071904935,0.012419687212899582,0.011147424642402259,0.087266462599716474,0.076119037957314215,-0.0025445251409946471,-0.39269998669624329,0.46633124351501465,0.062037913337971637,0.073670023560125017,-0.72265625,0.6953125,8.9757420793175697,-0.68584169701118292,0.66329211548347367,33,32,0,0,0,1,1,1,1,1,1,1,1,1,RUNNING,10.004910999999783,0.0049109999997831721
322,3.212527658,PLUS_5_ENDPOINT,J2_KP140,1.3999999999999999,1.3999999999999999,1791,1.39921875,64,0.050000000000000003,0,0,0,1,1,1.864012075638636,6.0174078214408322,-0,0,2.354090690612793,5.5436277389526367,0.0098448795221564318,0.012419687212899582,0.011132283367528008,0.087266462599716474,0.076134179232188459,-0.0025748076907431503,-0.024543749168515205,0.31906875967979431,0.0038773695836232273,0.050405807823926105,-0.70703125,0.6953125,8.8768358305096626,-0.68611006096381966,0.66329211548347367,33,32,0,0,0,1,1,1,1,1,1,1,1,1,RUNNING,9.9946950000000534,0.0053049999999466024
323,3.2224849660000001,PLUS_5_ENDPOINT,J2_KP140,1.3999999999999999,1.3999999999999999,1791,1.39921875,64,0.050000000000000003,0,0,0,1,1,1.864012075638636,6.0174078214408322,-0,0,2.3538990020751953,5.5434360504150391,0.009875162071904935,0.012389404663151079,0.011132283367528008,0.087266462599716474,0.076134179232188459,-0.0025142425912461439,-0.14726249873638153,-0.31906875967979431,0.023264218090252847,-0.050405807823926105,-0.72265625,0.69921875,9.0004686415195465,-0.68584169701118292,0.6635604794361103,33,32,0,0,0,1,1,1,1,1,1,1,1,1,RUNNING,9.9573080000001646,0.042691999999835417
324,3.2325310040000002,PLUS_5_ENDPOINT,J2_KP140,1.3999999999999999,1.3999999999999999,1791,1.39921875,64,0.050000000000000003,0,0,0,1,1,1.864012075638636,6.0174078214408322,-0,0,2.354090690612793,5.5434360504150391,0.0098448795221564318,0.012389404663151079,0.011117142092653756,0.087266462599716474,0.076149320507062718,-0.0025445251409946471,0.24543750286102295,-0.024543749168515205,-0.038773697601772718,-0.0038773695836232273,-0.7109375,0.6953125,8.9015623927116394,-0.68611006096381966,0.6635604794361103,33,32,0,0,0,1,1,1,1,1,1,1,1,1,RUNNING,10.046038000000035,0.046038000000034884
325,3.2425305080000002,PLUS_5_ENDPOINT,J2_KP140,1.3999999999999999,1.3999999999999999,1791,1.39921875,64,0.050000000000000003,0,0,0,1,1,1.864012075638636,6.0174078214408322,-0,0,2.3538990020751953,5.5436277389526367,0.009875162071904935,0.012419687212899582,0.011147424642402259,0.087266462599716474,0.076119037957314215,-0.0025445251409946471,0.098174996674060822,0.024543749168515205,-0.015509478334492909,0.0038773695836232273,-0.7109375,0.6953125,8.9015623927116394,-0.68584169701118292,0.66329211548347367,33,32,0,0,0,1,1,1,1,1,1,1,1,1,RUNNING,9.9995040000000479,0.00049599999995209032
326,3.2525396529999999,PLUS_5_ENDPOINT,J2_KP140,1.3999999999999999,1.3999999999999999,1791,1.39921875,64,0.050000000000000003,0,0,0,1,1,1.864012075638636,6.0174078214408322,-0,0,2.3537073135375977,5.5434360504150391,0.0099054446216534399,0.012389404663151079,0.011147424642402259,0.087266462599716474,0.076119037957314215,-0.002483960041497639,-0.36815625429153442,-0.24543750286102295,0.05816054640265908,-0.038773697601772718,-0.7109375,0.69140625,8.8768358305096626,-0.68557333305854629,0.6635604794361103,33,32,0,0,0,1,1,1,1,1,1,1,1,1,RUNNING,10.00914499999972,0.0091449999997195164
327,3.2625259720000002,PLUS_5_ENDPOINT,J2_KP140,1.3999999999999999,1.3999999999999999,1791,1.39921875,64,0.050000000000000003,0,0,0,1,1,1.864012075638636,6.0174078214408322,-0,0,2.3537073135375977,5.5438194274902344,0.0099054446216534399,0.012449969762648087,0.011177707192150763,0.087266462599716474,0.076088755407565711,-0.0025445251409946471,-0.31906875967979431,0.31906875967979431,0.050405807823926105,0.050405807823926105,-0.7109375,0.6953125,8.9015623927116394,-0.68557333305854629,0.66302375153083692,33,32,0,0,0,1,1,1,1,1,1,1,1,1,RUNNING,9.9863190000002433,0.013680999999756693
328,3.2725450729999999,PLUS_5_ENDPOINT,J2_KP140,1.3999999999999999,1.3999999999999999,1791,1.39921875,64,0.050000000000000003,0,0,0,1,1,1.864012075638636,6.0174078214408322,-0,0,2.3537073135375977,5.5434360504150391,0.0099054446216534399,0.012389404663151079,0.011147424642402259,0.087266462599716474,0.076119037957314215,-0.002483960041497639,-0.41724374890327454,-0.39269998669624329,0.065915284981392055,-0.062037913337971637,-0.70703125,0.6953125,8.8768358305096626,-0.68557333305854629,0.6635604794361103,33,32,0,0,0,1,1,1,1,1,1,1,1,1,RUNNING,10.019100999999697,0.019100999999697166
329,3.28252839,PLUS_5_ENDPOINT,J2_KP140,1.3999999999999999,1.3999999999999999,1791,1.39921875,64,0.050000000000000003,0,0,0,1,1,1.864012075638636,6.0174078214408322,-0,0,2.3538990020751953,5.5436277389526367,0.009875162071904935,0.012419687212899582,0.011147424642402259,0.087266462599716474,0.076119037957314215,-0.0025445251409946471,0.12271875143051147,-0.098174996674060822,-0.019386848800886359,-0.015509478334492909,-0.7109375,0.6953125,8.9015623927116394,-0.68584169701118292,0.66329211548347367,33,32,0,0,0,1,1,1,1,1,1,1,1,1,RUNNING,9.9833170000001026,0.016682999999897419
330,3.2925321730000001,PLUS_5_ENDPOINT,J2_KP140,1.3999999999999999,1.3999999999999999,1791,1.39921875,64,0.050000000000000003,0,0,0,1,1,1.864012075638636,6.0174078214408322,-0,0,2.3537073135375977,5.5438194274902344,0.0099054446216534399,0.012449969762648087,0.011177707192150763,0.087266462599716474,0.076088755407565711,-0.0025445251409946471,-0.29452499747276306,0.29452499747276306,0.046528436180505693,0.046528436180505693,-0.72265625,0.6953125,8.9757420793175697,-0.68557333305854629,0.66302375153083692,33,32,0,0,0,1,1,1,1,1,1,1,1,1,RUNNING,10.003783000000155,0.0037830000001548569
331,3.302493584,PLUS_5_ENDPOINT,J2_KP140,1.3999999999999999,1.3999999999999999,1791,1.39921875,64,0.050000000000000003,0,0,0,1,1,1.864012075638636,6.0174078214408322,-0,0,2.3537073135375977,5.5434360504150391,0.0099054446216534399,0.012389404663151079,0.011147424642402259,0.087266462599716474,0.076119037957314215,-0.002483960041497639,-0.34361249208450317,-0.29452499747276306,0.054283174759238662,-0.046528436180505693,-0.7265625,0.69921875,9.0251952037215233,-0.68557333305854629,0.6635604794361103,33,32,0,0,0,1,1,1,1,1,1,1,1,1,RUNNING,9.9614109999999201,0.03858900000007992
332,3.3125298170000002,PLUS_5_ENDPOINT,J2_KP140,1.3999999999999999,1.3999999999999999,1791,1.39921875,64,0.050000000000000003,0,0,0,1,1,1.864012075638636,6.0174078214408322,-0,0,2.353515625,5.5436277389526367,0.0099357271714019431,0.012419687212899582,0.011177707192150763,0.087266462599716474,0.076088755407565711,-0.002483960041497639,0.049087498337030411,0.049087498337030411,-0.0077547391672464546,0.0077547391672464546,-0.70703125,0.6953125,8.8768358305096626,-0.68530496910590954,0.66329211548347367,33,32,0,0,0,1,1,1,1,1,1,1,1,1,RUNNING,10.036233000000117,0.036233000000116533
333,3.3225301800000002,PLUS_5_ENDPOINT,J2_KP140,1.3999999999999999,1.3999999999999999,1791,1.39921875,64,0.050000000000000003,0,0,0,1,1,1.864012075638636,6.0174078214408322,-0,0,2.353515625,5.5436277389526367,0.0099357271714019431,0.012419687212899582,0.011177707192150763,0.087266462599716474,0.076088755407565711,-0.002483960041497639,-0.19634999334812164,0.073631249368190765,0.031018956668985818,0.011632109045126423,-0.7109375,0.6953125,8.9015623927116394,-0.68530496910590954,0.66329211548347367,33,32,0,0,0,1,1,1,1,1,1,1,1,1,RUNNING,10.000363000000068,0.00036300000006761479
334,3.3325405639999999,PLUS_5_ENDPOINT,J2_KP140,1.3999999999999999,1.3999999999999999,1791,1.39921875,64,0.050000000000000003,0,0,0,1,1,1.864012075638636,6.0174078214408322,-0,0,2.353515625,5.5436277389526367,0.0099357271714019431,0.012419687212899582,0.011177707192150763,0.087266462599716474,0.076088755407565711,-0.002483960041497639,0.098174996674060822,-0.024543749168515205,-0.015509478334492909,-0.0038773695836232273,-0.69921875,0.6953125,8.8273827061057091,-0.68530496910590954,0.66329211548347367,33,32,0,0,0,1,1,1,1,1,1,1,1,1,RUNNING,10.01038399999965,0.010383999999650229
335,3.3425292770000001,PLUS_5_ENDPOINT,J2_KP140,1.3999999999999999,1.3999999999999999,1791,1.39921875,64,0.050000000000000003,0,0,0,1,1,1.864012075638636,6.0174078214408322,-0,0,2.3537073135375977,5.5436277389526367,0.0099054446216534399,0.012419687212899582,0.011162565917276511,0.087266462599716474,0.07610389668243997,-0.0025142425912461422,0.049087498337030411,-0.024543749168515205,-0.0077547391672464546,-0.0038773695836232273,-0.7109375,0.6953125,8.9015623927116394,-0.68557333305854629,0.66329211548347367,33,32,0,0,0,1,1,1,1,1,1,1,1,1,RUNNING,9.98871300000026,0.011286999999740033
336,3.352548772,PLUS_5_ENDPOINT,J2_KP140,1.3999999999999999,1.3999999999999999,1791,1.39921875,64,0.050000000000000003,0,0,0,1,1,1.864012075638636,6.0174078214408322,-0,0,2.353515625,5.5438194274902344,0.0099357271714019431,0.012449969762648087,0.011192848467025014,0.087266462599716474,0.076073614132691453,-0.0025142425912461439,-0.24543750286102295,0,0.038773697601772718,0,-0.7109375,0.69140625,8.8768358305096626,-0.68530496910590954,0.66302375153083692,33,32,0,0,0,1,1,1,1,1,1,1,1,1,RUNNING,10.019494999999878,0.01949499999987836
337,3.3625380200000001,PLUS_5_ENDPOINT,J2_KP140,1.3999999999999999,1.3999999999999999,1791,1.39921875,64,0.050000000000000003,0,0,0,1,1,1.864012075638636,6.0174078214408322,-0,0,2.3537073135375977,5.5438194274902344,0.0099054446216534399,0.012449969762648087,0.011177707192150763,0.087266462599716474,0.076088755407565711,-0.0025445251409946471,0.22089375555515289,0.024543749168515205,-0.03489632831240623,0.0038773695836232273,-0.69921875,0.69140625,8.8026561439037323,-0.68557333305854629,0.66302375153083692,33,32,0,0,0,1,1,1,1,1,1,1,1,1,RUNNING,9.9892480000001171,0.010751999999882855
338,3.372532724,PLUS_5_ENDPOINT,J2_KP140,1.3999999999999999,1.3999999999999999,1791,1.39921875,64,0.050000000000000003,0,0,0,1,1,1.864012075638636,6.0174078214408322,-0,0,2.3537073135375977,5.5438194274902344,0.0099054446216534399,0.012449969762648087,0.011177707192150763,0.087266462599716474,0.076088755407565711,-0.0025445251409946471,0.26998123526573181,0,-0.042651064537085275,0,-0.70703125,0.6953125,8.8768358305096626,-0.68557333305854629,0.66302375153083692,33,32,0,0,0,1,1,1,1,1,1,1,1,1,RUNNING,9.9947039999999099,0.0052960000000901175
339,3.3824886219999999,PLUS_5_ENDPOINT,J2_KP140,1.3999999999999999,1.3999999999999999,1791,1.39921875,64,0.050000000000000003,0,0,0,1,1,1.864012075638636,6.0174078214408322,-0,0,2.3533236980438232,5.5434360504150391,0.009966047386013319,0.012389404663151079,0.0111777260245822,0.087266462599716474,0.076088736575134278,-0.0024233572771377599,-0.46633124351501465,0,0.073670023560125017,0,-0.7109375,0.69140625,8.8768358305096626,-0.68503627136726208,0.6635604794361103,33,32,0,0,0,1,1,1,1,1,1,1,1,1,RUNNING,9.955897999999852,0.044102000000147967
340,3.392532068,PLUS_5_ENDPOINT,J2_KP140,1.3999999999999999,1.3999999999999999,1791,1.39921875,64,0.050000000000000003,0,0,0,1,1,1.864012075638636,6.0174078214408322,-0,0,2.3531320095062256,5.5438194274902344,0.0099963299357618239,0.012449969762648087,0.011223149849204955,0.087266462599716474,0.076043312750511516,-0.0024536398268862631,-0.7608562707901001,-0.049087498337030411,0.12019846444873858,-0.0077547391672464546,-0.71484375,0.68359375,8.8521092683076859,-0.68476790741462534,0.66302375153083692,33,32,0,0,0,1,1,1,1,1,1,1,1,1,RUNNING,10.043446000000067,0.043446000000066931
341,3.4025231090000001,PLUS_5_ENDPOINT,J2_KP140,1.3999999999999999,1.3999999999999999,1791,1.39921875,64,0.050000000000000003,0,0,0,1,1,1.864012075638636,6.0174078214408322,-0,0,2.3533236980438232,5.5438194274902344,0.009966047386013319,0.012449969762648087,0.011208008574330703,0.087266462599716474,0.076058454025385774,-0.002483922376634768,0,-0.19634999334812164,-0,-0.031018956668985818,-0.7109375,0.69140625,8.8768358305096626,-0.68503627136726208,0.66302375153083692,33,32,0,0,0,1,1,1,1,1,1,1,1,1,RUNNING,9.9910410000001448,0.0089589999998551662
342,3.4125344640000002,PLUS_5_ENDPOINT,J2_KP140,1.3999999999999999,1.3999999999999999,1791,1.39921875,64,0.050000000000000003,0,0,0,1,1,1.864012075638636,6.0174078214408322,-0,0,2.3531320095062256,5.5436277389526367,0.0099963299357618239,0.012419687212899582,0.011208008574330703,0.087266462599716474,0.076058454025385774,-0.0024233572771377582,-0.36815625429153442,-0.58904999494552612,0.05816054640265908,-0.093056872361011386,-0.7109375,0.69140625,8.8768358305096626,-0.68476790741462534,0.66329211548347367,33,32,0,0,0,1,1,1,1,1,1,1,1,1,RUNNING,10.011355000000055,0.011355000000055071
343,3.422529661,PLUS_5_ENDPOINT,J2_KP140,1.3999999999999999,1.3999999999999999,1791,1.39921875,64,0.050000000000000003,0,0,0,1,1,1.864012075638636,6.0174078214408322,-0,0,2.3533236980438232,5.5438194274902344,0.009966047386013319,0.012449969762648087,0.011208008574330703,0.087266462599716474,0.076058454025385774,-0.002483922376634768,-0.098174996674060822,-0.049087498337030411,0.015509478334492909,-0.0077547391672464546,-0.71484375,0.68359375,8.8521092683076859,-0.68503627136726208,0.66302375153083692,33,32,0,0,0,1,1,1,1,1,1,1,1,1,RUNNING,9.9951969999998447,0.0048030000001553219
344,3.4324903330000001,PLUS_5_ENDPOINT,J2_KP140,1.3999999999999999,1.3999999999999999,1791,1.39921875,64,0.050000000000000003,0,0,0,1,1,1.864012075638636,6.0174078214408322,-0,0,2.3533236980438232,5.5438194274902344,0.009966047386013319,0.012449969762648087,0.011208008574330703,0.087266462599716474,0.076058454025385774,-0.002483922376634768,-0.049087498337030411,0,0.0077547391672464546,0,-0.7109375,0.6953125,8.9015623927116394,-0.68503627136726208,0.66302375153083692,33,32,0,0,0,1,1,1,1,1,1,1,1,1,RUNNING,9.9606720000000593,0.039327999999940744
345,3.442530595,PLUS_5_ENDPOINT,J2_KP140,1.3999999999999999,1.3999999999999999,1791,1.39921875,64,0.050000000000000003,0,0,0,1,1,1.864012075638636,6.0174078214408322,-0,0,2.3537073135375977,5.5438194274902344,0.0099054446216534399,0.012449969762648087,0.011177707192150763,0.087266462599716474,0.076088755407565711,-0.0025445251409946471,0.56450623273849487,0,-0.089179500717590968,0,-0.70703125,0.69140625,8.8521092683076859,-0.68557333305854629,0.66302375153083692,33,32,0,0,0,1,1,1,1,1,1,1,1,1,RUNNING,10.040261999999966,0.040261999999966491
346,3.4525833800000001,PLUS_5_ENDPOINT,J2_KP140,1.3999999999999999,1.3999999999999999,1791,1.39921875,64,0.050000000000000003,0,0,0,1,1,1.864012075638636,6.0174078214408322,-0,0,2.3533236980438232,5.544011116027832,0.009966047386013319,0.012480252312396592,0.011223149849204955,0.087266462599716474,0.076043312750511516,-0.002514204926383273,-0.024543749168515205,0.12271875143051147,0.0038773695836232273,0.019386848800886359,-0.7109375,0.6953125,8.9015623927116394,-0.68503627136726208,0.66275538757820018,33,32,0,0,0,1,1,1,1,1,1,1,1,1,RUNNING,10.052785000000064,0.052785000000064031
347,3.4624775269999999,PLUS_5_ENDPOINT,J2_KP140,1.3999999999999999,1.3999999999999999,1791,1.39921875,64,0.050000000000000003,0,0,0,1,1,1.864012075638636,6.0174078214408322,-0,0,2.3533236980438232,5.544011116027832,0.009966047386013319,0.012480252312396592,0.011223149849204955,0.087266462599716474,0.076043312750511516,-0.002514204926383273,-0.098174996674060822,0.098174996674060822,0.015509478334492909,0.015509478334492909,-0.70703125,0.69140625,8.8521092683076859,-0.68503627136726208,0.66275538757820018,33,32,0,0,0,1,1,1,1,1,1,1,1,1,RUNNING,9.8941469999997977,0.10585300000020226
348,3.4725281219999999,PLUS_5_ENDPOINT,J2_KP140,1.3999999999999999,1.3999999999999999,1791,1.39921875,64,0.050000000000000003,0,0,0,1,1,1.864012075638636,6.0174078214408322,-0,0,2.3533236980438232,5.5438194274902344,0.009966047386013319,0.012449969762648087,0.011208008574330703,0.087266462599716474,0.076058454025385774,-0.002483922376634768,-0.024543749168515205,-0.17180624604225159,0.0038773695836232273,-0.027141587379619331,-0.70703125,0.69921875,8.9015623927116394,-0.68503627136726208,0.66302375153083692,33,32,0,0,0,1,1,1,1,1,1,1,1,1,RUNNING,10.050595000000051,0.050595000000051016
349,3.4825305360000001,PLUS_5_ENDPOINT,J2_KP140,1.3999999999999999,1.3999999999999999,1791,1.39921875,64,0.050000000000000003,0,0,0,1,1,1.864012075638636,6.0174078214408322,-0,0,2.3533236980438232,5.5442028045654297,0.009966047386013319,0.012510534862145095,0.011238291124079206,0.087266462599716474,0.076028171475637271,-0.0025444874761317762,0.073631249368190765,-0.24543750286102295,-0.011632109045126423,-0.038773697601772718,-0.70703125,0.69140625,8.8521092683076859,-0.68503627136726208,0.66248702362556344,33,32,0,0,0,1,1,1,1,1,1,1,1,1,RUNNING,10.002414000000126,0.0024140000001260375
350,3.4925374690000002,PLUS_5_ENDPOINT,J2_KP140,1.3999999999999999,1.3999999999999999,1791,1.39921875,64,0.050000000000000003,0,0,0,1,1,1.864012075638636,6.0174078214408322,-0,0,2.3533236980438232,5.544011116027832,0.009966047386013319,0.012480252312396592,0.011223149849204955,0.087266462599716474,0.076043312750511516,-0.002514204926383273,0.22089375555515289,-0.024543749168515205,-0.03489632831240623,-0.0038773695836232273,-0.7109375,0.68359375,8.8273827061057091,-0.68503627136726208,0.66275538757820018,33,32,0,0,0,1,1,1,1,1,1,1,1,1,RUNNING,10.006933000000107,0.0069330000001066594
351,3.4951607880000002,FINAL_DUAL_BRAKE,J2_KP140,1.3999999999999999,0,0,0,0,0,0,0,0,0,0,0,0,0,0,2.3529403209686279,5.5438194274902344,0.010026612485510327,0.012449969762648087,0.011238291124079206,nan,-0.011238291124079206,-0.0024233572771377599,-0.39269998669624329,-0.31906875967979431,0.062037913337971637,-0.050405807823926105,-0.70703125,0.69921875,8.9015623927116394,-0,-0,33,32,0,0,0,1,1,1,1,1,1,1,1,1,PLUS_5_ACCEPTANCE_FAILED_STOP_ROUTE,2.6233190000000128,7.3766809999999872
352,3.505406298,FINAL_DUAL_BRAKE,J2_KP140,1.3999999999999999,0,0,0,0,0,0,0,0,0,0,0,0,0,0,2.3560082912445068,5.5355744361877441,0.0095419410300827748,0.011147443474833695,0.010344692252458234,nan,-0.010344692252458234,-0.0016055024447509201,0.19634999334812164,-0.12271875143051147,-0.031018956668985818,-0.019386848800886359,0,0,0,-0,-0,33,32,0,0,0,1,1,1,1,1,1,1,1,1,PLUS_5_ACCEPTANCE_FAILED_STOP_ROUTE,10.245509999999847,0.24550999999984668
353,3.5153971550000001,FINAL_DUAL_BRAKE,J2_KP140,1.3999999999999999,0,0,0,0,0,0,0,0,0,0,0,0,0,0,2.3596515655517578,5.5300135612487793,0.0089663842605468402,0.010268948213224103,0.0096176662368854717,nan,-0.0096176662368854717,-0.0013025639526772631,0.51541876792907715,-0.39269998669624329,-0.081424766846965854,-0.062037913337971637,0,0,0,-0,-0,33,32,0,0,0,1,1,1,1,1,1,1,1,1,PLUS_5_ACCEPTANCE_FAILED_STOP_ROUTE,9.9908570000000196,0.0091429999999803613
354,3.5253907610000002,FINAL_DUAL_BRAKE,J2_KP140,1.3999999999999999,0,0,0,0,0,0,0,0,0,0,0,0,0,0,2.3627195358276367,5.5246448516845703,0.0084817128051192878,0.0094208108310887585,0.008951261818104024,nan,-0.008951261818104024,-0.00093909802596947069,0.049087498337030411,-0.46633124351501465,-0.0077547391672464546,-0.073670023560125017,0,0,0,-0,-0,33,32,0,0,0,1,1,1,1,1,1,1,1,1,PLUS_5_ACCEPTANCE_FAILED_STOP_ROUTE,9.9936060000000992,0.0063939999999007568
355,3.5353922280000001,FINAL_DUAL_BRAKE,J2_KP140,1.3999999999999999,0,0,0,0,0,0,0,0,0,0,0,0,0,0,2.3646368980407715,5.5206179618835449,0.0081788119779085035,0.0087846512971929431,0.0084817316375507233,nan,-0.0084817316375507233,-0.00060583931928443954,0.24543750286102295,-0.4908750057220459,-0.038773697601772718,-0.077547395203545436,0,0,0,-0,-0,33,32,0,0,0,1,1,1,1,1,1,1,1,1,PLUS_5_ACCEPTANCE_FAILED_STOP_ROUTE,10.001466999999931,0.0014669999999306071
