tick,timestamp_s,phase,active_motor,active_id,other_id,q_ref_deg,dq_ref_deg_s,q_active_deg,q_other_deg,velocity_fast_deg_s,velocity_slow_deg_s,active_q_raw,other_q_raw,active_dq_raw,other_dq_raw,active_tau_raw,other_tau_raw,logical_tau_nm,active_temp_c,other_temp_c,active_merror,other_merror,active_mode,other_mode,active_valid,other_valid,cycle_ms
0,0.60218311499999999,INITIAL_FOC_HOLD,J2A,0,1,0,0,-0,0,0,0,5.1988649368286133,2.5968437194824219,0,-0.36815625429153442,0,0,-0,35,34,0,0,1,0,1,1,1.8483229999999999
1,0.61302995500000002,INITIAL_FOC_HOLD,J2A,0,1,0,0,0.0034744406623254103,0,0.11211138283720336,0.032031823667772394,5.1984810829162598,2.5968437194824219,-0.024543749168515205,-0.29452499747276306,0.00390625,0,-0.024726562201976776,35,34,0,0,1,0,1,1,2.4646110000000001
2,0.623183284,INITIAL_FOC_HOLD,J2A,0,1,0,0,0.001735062293484242,0.0017372203311627052,0.012913499738833628,0.011697527270895566,5.1986732482910156,2.5970356464385986,-0.12271875143051147,0.14726249873638153,0.0078125,0,-0.049453124403953552,35,34,0,0,1,0,1,1,2.6208170000000002
3,0.63317158799999995,INITIAL_FOC_HOLD,J2A,0,1,0,0,-0,0,-0.052404515121634639,-0.0068431654424444214,5.1988649368286133,2.5968437194824219,0,-0.26998123526573181,0.0078125,0,-0.049453124403953552,35,34,0,0,1,0,1,1,2.606385
4,0.64316325399999996,INITIAL_FOC_HOLD,J2A,0,1,0,0,0.001735062293484242,0.0017372203311627052,0.026714897688506024,0.011206246106819607,5.1986732482910156,2.5970356464385986,-0.29452499747276306,0.12271875143051147,0.01171875,0,-0.074179686605930328,35,34,0,0,1,0,1,1,2.601359
5,0.65297486800000004,INITIAL_FOC_HOLD,J2A,0,1,0,0,0.001735062293484242,0,0.017364683497528916,0.010085621496137646,5.1986732482910156,2.5968437194824219,-0.24543750286102295,-0.17180624604225159,0.01171875,0,-0.074179686605930328,35,34,0,0,1,0,1,1,2.4463940000000002
6,0.66315701100000002,INITIAL_FOC_HOLD,J2A,0,1,0,0,-0,0,-0.048353819415073954,-0.0079631874216097645,5.1988649368286133,2.5968437194824219,0,-0.24543750286102295,0.0078125,0,-0.049453124403953552,35,34,0,0,1,0,1,1,2.6249639999999999
7,0.67302768000000002,INITIAL_FOC_HOLD,J2A,0,1,0,0,-0,0.0017372203311627052,-0.031429982619798069,-0.0071668686794487879,5.1988649368286133,2.5970356464385986,0,-0.61359375715255737,0.0078125,0,-0.049453124403953552,35,34,0,0,1,0,1,1,2.4683160000000002
8,0.68313921200000005,INITIAL_FOC_HOLD,J2A,0,1,0,0,0.001735062293484242,0.0017372203311627052,0.039627859948105471,0.010709060660203013,5.1986732482910156,2.5970356464385986,-0.31906875967979431,0.049087498337030411,0.0078125,0,-0.049453124403953552,35,34,0,0,1,0,1,1,2.6424820000000002
9,0.69210855199999999,INITIAL_FOC_HOLD,J2A,0,1,0,0,0.001735062293484242,0,0.025758108966268557,0.0096381545941827129,5.1986732482910156,2.5968437194824219,-0.24543750286102295,-0.24543750286102295,0.01171875,0,-0.074179686605930328,35,34,0,0,1,0,1,1,1.716234
10,0.70287300699999999,INITIAL_FOC_HOLD,J2A,0,1,0,0,0.001735062293484242,0.0017372203311627052,0.016742770828074561,0.0086743391347644423,5.1986732482910156,2.5970356464385986,-0.39269998669624329,0.098174996674060822,0.00390625,0,-0.024726562201976776,35,34,0,0,1,0,1,1,2.3078400000000001
11,0.71183682299999995,INITIAL_FOC_HOLD,J2A,0,1,0,0,-0,0,-0.056864216829977242,-0.011549385598205064,5.1988649368286133,2.5968437194824219,0.073631249368190765,-0.6626812219619751,0.01171875,0,-0.074179686605930328,35,34,0,0,1,0,1,1,1.4381900000000001
12,0.72184057099999999,INITIAL_FOC_HOLD,J2A,0,1,0,0,-0,0,-0.036961740939485212,-0.010394447038384559,5.1988649368286133,2.5968437194824219,0,-0.22089375555515289,0.0078125,0,-0.049453124403953552,35,34,0,0,1,0,1,1,1.411702
13,0.73183450299999997,INITIAL_FOC_HOLD,J2A,0,1,0,0,-0,0,-0.024025131610665388,-0.0093550023345461038,5.1988649368286133,2.5968437194824219,0.024543749168515205,-0.24543750286102295,0.01171875,0,-0.074179686605930328,35,34,0,0,1,0,1,1,1.406172
14,0.74196904600000002,INITIAL_FOC_HOLD,J2A,0,1,0,0,-0,0,-0.015616335546932503,-0.0084195021010914934,5.1988649368286133,2.5968437194824219,-0.073631249368190765,-0.26998123526573181,0.01171875,0,-0.074179686605930328,35,34,0,0,1,0,1,1,1.539526
15,0.75186029499999996,INITIAL_FOC_HOLD,J2A,0,1,0,0,0.001735062293484242,0,0.051244237359105937,0.0099638353846211031,5.1986732482910156,2.5968437194824219,-0.39269998669624329,-0.31906875967979431,0.0078125,0,-0.049453124403953552,35,34,0,0,1,0,1,1,1.4580310000000001
16,0.76196643200000003,INITIAL_FOC_HOLD,J2A,0,1,0,0,-0,0.0017372203311627052,-0.026780655024952922,-0.0082009508133758045,5.1988649368286133,2.5970356464385986,0.049087498337030411,0.073631249368190765,0.01171875,0,-0.074179686605930328,35,34,0,0,1,0,1,1,1.5622499999999999
17,0.77194293300000005,INITIAL_FOC_HOLD,J2A,0,1,0,0,-0,0.0017372203311627052,-0.017407425766219401,-0.0073808557320382238,5.1988649368286133,2.5970356464385986,0,0.073631249368190765,0.00390625,0,-0.024726562201976776,35,34,0,0,1,0,1,1,1.5384910000000001
18,0.78184297999999997,INITIAL_FOC_HOLD,J2A,0,1,0,0,-0,0.0017372203311627052,-0.011314826748042611,-0.0066427701588344015,5.1988649368286133,2.5970356464385986,0,0.14726249873638153,0.0078125,0,-0.049453124403953552,35,34,0,0,1,0,1,1,1.436401
19,0.79194046600000001,INITIAL_FOC_HOLD,J2A,0,1,0,0,0.001735062293484242,0,0.052786253397823099,0.011204618509634983,5.1986732482910156,2.5968437194824219,-0.36815625429153442,-0.17180624604225159,0.0078125,0,-0.049453124403953552,35,34,0,0,1,0,1,1,1.5242309999999999
20,0.80187603900000004,INITIAL_FOC_HOLD,J2A,0,1,0,0,-0,0.0034722826246469467,-0.026809899600114928,-0.0073789760009570701,5.1988649368286133,2.5972273349761963,0.098174996674060822,0.46633124351501465,0.0078125,0,-0.049453124403953552,35,34,0,0,1,0,1,1,1.437155
21,0.81198584699999998,INITIAL_FOC_HOLD,J2A,0,1,0,0,-0,0,-0.017426434740074704,-0.0066410784008613631,5.1988649368286133,2.5968437194824219,-0.098174996674060822,0.049087498337030411,0.01171875,0,-0.074179686605930328,35,34,0,0,1,0,1,1,1.5445770000000001
22,0.82198579900000002,INITIAL_FOC_HOLD,J2A,0,1,0,0,-0,0,-0.011327182581048558,-0.0059769705607752273,5.1988649368286133,2.5968437194824219,0.024543749168515205,-0.24543750286102295,0.0078125,0,-0.049453124403953552,35,34,0,0,1,0,1,1,1.5476289999999999
23,0.83193216400000003,INITIAL_FOC_HOLD,J2A,0,1,0,0,-0,-0.001735062293484242,-0.0073626686776815629,-0.005379273504697705,5.1988649368286133,2.5966520309448242,-0.049087498337030411,-0.6626812219619751,0.00390625,0,-0.024726562201976776,35,34,0,0,1,0,1,1,1.4928300000000001
24,0.84301489799999996,INITIAL_FOC_HOLD,J2A,0,1,0,0,0.001735062293484242,0,0.050008669224066812,0.010814197807074873,5.1986732482910156,2.5968437194824219,-0.39269998669624329,-0.24543750286102295,0.0078125,0,-0.049453124403953552,35,34,0,0,1,0,1,1,2.4942299999999999
25,0.85204728200000002,INITIAL_FOC_HOLD,J2A,0,1,0,0,-0,0,-0.034727091460570188,-0.0094765723896936497,5.1988649368286133,2.5968437194824219,0,-0.29452499747276306,0.0078125,0,-0.049453124403953552,35,34,0,0,1,0,1,1,1.6225620000000001
26,0.86302031599999995,INITIAL_FOC_HOLD,J2A,0,1,0,0,-0,0.0017372203311627052,-0.022572609449370624,-0.0085289151507242852,5.1988649368286133,2.5970356464385986,0,0.12271875143051147,0.01171875,0,-0.074179686605930328,35,34,0,0,1,0,1,1,2.601858
27,0.87292204799999995,INITIAL_FOC_HOLD,J2A,0,1,0,0,-0,0.0017372203311627052,-0.014672196142090907,-0.0076760236356518572,5.1988649368286133,2.5970356464385986,0.073631249368190765,0.12271875143051147,0.0078125,0,-0.049453124403953552,35,34,0,0,1,0,1,1,2.4880930000000001
28,0.88185926800000003,INITIAL_FOC_HOLD,J2A,0,1,0,0,-0,0,-0.0095369274923590899,-0.0069084212720866714,5.1988649368286133,2.5968437194824219,-0.024543749168515205,-0.17180624604225159,0.00390625,0,-0.024726562201976776,35,34,0,0,1,0,1,1,1.445899
29,0.89180236499999999,INITIAL_FOC_HOLD,J2A,0,1,0,0,-0,-0.001735062293484242,-0.0061990028700334085,-0.0062175791448780045,5.1988649368286133,2.5966520309448242,0,-0.58904999494552612,0.01171875,0,-0.074179686605930328,35,34,0,0,1,0,1,1,1.403359
30,0.90183937300000006,INITIAL_FOC_HOLD,J2A,0,1,0,0,0.001735062293484242,0,0.056473917905657145,0.011690827275660901,5.1986732482910156,2.5968437194824219,-0.24543750286102295,-0.22089375555515289,0.01171875,0,-0.074179686605930328,35,34,0,0,1,0,1,1,1.4081920000000001
31,0.912939163,INITIAL_FOC_HOLD,J2A,0,1,0,0,-0,0.0017372203311627052,-0.018002159835453245,-0.0051097430159424452,5.1988649368286133,2.5970356464385986,0,0.14726249873638153,0.0078125,0,-0.049453124403953552,35,34,0,0,1,0,1,1,2.4418510000000002
32,0.92192364000000004,INITIAL_FOC_HOLD,J2A,0,1,0,0,-0,0,-0.01170140389304461,-0.0045987687143482009,5.1988649368286133,2.5968437194824219,0,-0.31906875967979431,0.0078125,0,-0.049453124403953552,35,34,0,0,1,0,1,1,1.53044
33,0.93180732600000005,INITIAL_FOC_HOLD,J2A,0,1,0,0,-0,0,-0.0076059125304789961,-0.004138891842913381,5.1988649368286133,2.5968437194824219,0,-0.22089375555515289,0.0078125,0,-0.049453124403953552,35,34,0,0,1,0,1,1,1.4154789999999999
34,0.94194149199999999,INITIAL_FOC_HOLD,J2A,0,1,0,0,-0,0,-0.0049438431448113477,-0.003725002658622043,5.1988649368286133,2.5968437194824219,-0.024543749168515205,-0.24543750286102295,0.0078125,0,-0.049453124403953552,35,34,0,0,1,0,1,1,1.5202169999999999
35,0.95177652800000001,INITIAL_FOC_HOLD,J2A,0,1,0,0,0.001735062293484242,0.0017372203311627052,0.058532265033860692,0.014289144200951041,5.1986732482910156,2.5970356464385986,-0.26998123526573181,0.098174996674060822,0.0078125,0,-0.049453124403953552,35,34,0,0,1,0,1,1,1.3540719999999999
36,0.96180714599999995,INITIAL_FOC_HOLD,J2A,0,1,0,0,0.001735062293484242,0.0017372203311627052,0.038045972272009454,0.012860229780855936,5.1986732482910156,2.5970356464385986,-0.39269998669624329,-0.29452499747276306,0.00390625,0,-0.024726562201976776,35,34,0,0,1,0,1,1,1.3756470000000001
37,0.97293533200000004,INITIAL_FOC_HOLD,J2A,0,1,0,0,-0,0,-0.029840719441922792,-0.0040173936025807815,5.1988649368286133,2.5968437194824219,0.024543749168515205,-0.26998123526573181,0.0078125,0,-0.049453124403953552,35,34,0,0,1,0,1,1,2.4194070000000001
38,0.98292582699999997,INITIAL_FOC_HOLD,J2A,0,1,0,0,-0,0,-0.019396467637249816,-0.0036156542423227034,5.1988649368286133,2.5968437194824219,-0.36815625429153442,-0.19634999334812164,0.00390625,0,-0.024726562201976776,35,34,0,0,1,0,1,1,2.4136890000000002
39,0.99180345700000005,INITIAL_FOC_HOLD,J2A,0,1,0,0,-0,0.0017372203311627052,-0.012607703964212381,-0.0032540888180904331,5.1988649368286133,2.5970356464385986,-0.12271875143051147,-0.22089375555515289,0.00390625,0,-0.024726562201976776,35,34,0,0,1,0,1,1,1.289571
40,1.002920512,INITIAL_FOC_HOLD,J2A,0,1,0,0,-0,0,-0.0081950075767380486,-0.0029286799362813897,5.1988649368286133,2.5968437194824219,-0.098174996674060822,-0.24543750286102295,0.01953125,0,-0.12363281100988388,35,34,0,0,1,0,1,1,2.4897969999999998
41,1.012977182,INITIAL_FOC_HOLD,J2A,0,1,0,0,-0,0,-0.0053267549248797322,-0.0026358119426532507,5.1988649368286133,2.5968437194824219,-0.024543749168515205,-0.24543750286102295,0.0078125,0,-0.049453124403953552,35,34,0,0,1,0,1,1,2.4470269999999998
42,1.022001108,INITIAL_FOC_HOLD,J2A,0,1,0,0,-0,0,-0.003462390701171826,-0.0023722307483879258,5.1988649368286133,2.5968437194824219,-0.24543750286102295,-0.26998123526573181,0.0078125,0,-0.049453124403953552,35,34,0,0,1,0,1,1,1.5715870000000001
43,1.031891605,INITIAL_FOC_HOLD,J2A,0,1,0,0,-0,0.0017372203311627052,-0.002250553955761687,-0.0021350076735491331,5.1988649368286133,2.5970356464385986,-0.26998123526573181,0.12271875143051147,0.0078125,0,-0.049453124403953552,35,34,0,0,1,0,1,1,1.381135
44,1.041893274,INITIAL_FOC_HOLD,J2A,0,1,0,0,-0,0,-0.0014628600712450967,-0.0019215069061942198,5.1988649368286133,2.5968437194824219,-0.14726249873638153,-0.31906875967979431,0.01171875,0,-0.074179686605930328,35,34,0,0,1,0,1,1,1.464342
45,1.0529052800000001,INITIAL_FOC_HOLD,J2A,0,1,0,0,-0.003470124586968484,-0.001735062293484242,-0.1112435346441033,-0.033241549243515939,5.1992483139038086,2.5966520309448242,0.34361249208450317,-0.41724374890327454,0.0078125,0,-0.049453124403953552,35,34,0,0,1,0,1,1,2.3902869999999998
46,1.0619086069999999,INITIAL_FOC_HOLD,J2A,0,1,0,0,-0,0,0.062591124155008712,0.0086252975876001912,5.1988649368286133,2.5968437194824219,-0.39269998669624329,-0.17180624604225159,0.01171875,0,-0.074179686605930328,35,34,0,0,1,0,1,1,1.4816050000000001
47,1.072902904,INITIAL_FOC_HOLD,J2A,0,1,0,0,-0,0,0.040684230700755664,0.0077627678288401721,5.1988649368286133,2.5968437194824219,-0.29452499747276306,-0.24543750286102295,0.0078125,0,-0.049453124403953552,35,34,0,0,1,0,1,1,2.3862070000000002
48,1.0819056949999999,INITIAL_FOC_HOLD,J2A,0,1,0,0,-0.001735062293484242,0,-0.041008976641015556,-0.012286002267331486,5.1990566253662109,2.5968437194824219,0.024543749168515205,-0.29452499747276306,0.0078125,0,-0.049453124403953552,35,34,0,0,1,0,1,1,1.480532
49,1.092863302,INITIAL_FOC_HOLD,J2A,0,1,0,0,-0,0,0.02876427677517527,0.0047769155570689149,5.1988649368286133,2.5968437194824219,-0.36815625429153442,-0.26998123526573181,0.00390625,0,-0.024726562201976776,35,34,0,0,1,0,1,1,2.346104
50,1.1028727659999999,INITIAL_FOC_HOLD,J2A,0,1,0,0,-0,0,0.018696779903863925,0.0042992240013620233,5.1988649368286133,2.5968437194824219,-0.24543750286102295,-0.29452499747276306,0.01171875,0,-0.074179686605930328,35,34,0,0,1,0,1,1,2.3453339999999998
51,1.112942753,INITIAL_FOC_HOLD,J2A,0,1,0,0,-0,0,0.012152906937511551,0.0038693016012258212,5.1988649368286133,2.5968437194824219,-0.26998123526573181,-0.24543750286102295,0.0078125,0,-0.049453124403953552,35,34,0,0,1,0,1,1,2.4393099999999999
52,1.122822751,INITIAL_FOC_HOLD,J2A,0,1,0,0,-0,0.0017372203311627052,0.0078993895093825081,0.0034823714411032392,5.1988649368286133,2.5970356464385986,-0.24543750286102295,0.098174996674060822,0.01171875,0,-0.074179686605930328,35,34,0,0,1,0,1,1,2.3134359999999998
53,1.1329206009999999,INITIAL_FOC_HOLD,J2A,0,1,0,0,-0.003470124586968484,0,-0.11514284255625867,-0.03123085019939489,5.1992483139038086,2.5968437194824219,0.34361249208450317,-0.24543750286102295,0.0078125,0,-0.049453124403953552,35,34,0,0,1,0,1,1,2.4157030000000002
54,1.142921155,INITIAL_FOC_HOLD,J2A,0,1,0,0,-0,0,0.04660478468349559,0.0065915583477056672,5.1988649368286133,2.5968437194824219,-0.36815625429153442,-0.22089375555515289,0.00390625,0,-0.024726562201976776,35,34,0,0,1,0,1,1,2.4176980000000001
55,1.1529938070000001,INITIAL_FOC_HOLD,J2A,0,1,0,0,-0.001735062293484242,0.0017372203311627052,-0.029996057368587993,-0.011293073890739223,5.1990566253662109,2.5970356464385986,0,0.098174996674060822,0.00390625,0,-0.024726562201976776,35,34,0,0,1,0,1,1,2.507314
56,1.162845108,INITIAL_FOC_HOLD,J2A,0,1,0,0,-0.001735062293484242,0.0017372203311627052,-0.019497437289582194,-0.010163766501665301,5.1990566253662109,2.5970356464385986,0.024543749168515205,0,0.01171875,0,-0.074179686605930328,35,34,0,0,1,0,1,1,2.3466930000000001
57,1.17291604,INITIAL_FOC_HOLD,J2A,0,1,0,0,-0.001735062293484242,0.0017372203311627052,-0.012673334238228426,-0.0091473898514987714,5.1990566253662109,2.5970356464385986,-0.34361249208450317,0.12271875143051147,0.0078125,0,-0.049453124403953552,35,34,0,0,1,0,1,1,2.4094060000000002
58,1.181885826,INITIAL_FOC_HOLD,J2A,0,1,0,0,-0.001735062293484242,0,-0.008237667254848478,-0.0082326508663488947,5.1990566253662109,2.5968437194824219,0.073631249368190765,-0.29452499747276306,0.01171875,0,-0.074179686605930328,35,34,0,0,1,0,1,1,1.4700340000000001
59,1.1918219249999999,INITIAL_FOC_HOLD,J2A,0,1,0,0,-0.001735062293484242,0.0017372203311627052,-0.0053544837156515113,-0.0074093857797140053,5.1990566253662109,2.5970356464385986,0.12271875143051147,0,0.0078125,0,-0.049453124403953552,35,34,0,0,1,0,1,1,1.39462
60,1.2019771880000001,INITIAL_FOC_HOLD,J2A,0,1,0,0,-0,0,0.056318312877214366,0.010416903453225353,5.1988649368286133,2.5968437194824219,-0.36815625429153442,0.12271875143051147,0.0078125,0,-0.049453124403953552,35,34,0,0,1,0,1,1,1.551007
61,1.212888792,INITIAL_FOC_HOLD,J2A,0,1,0,0,-0.001735062293484242,-0.001735062293484242,-0.019046857774321566,-0.0065258615048145851,5.1990566253662109,2.5966520309448242,0,-0.56450623273849487,0,0,-0,35,34,0,0,1,0,1,1,2.3889939999999998
62,1.2229408070000001,INITIAL_FOC_HOLD,J2A,0,1,0,0,-0,0,0.048032484798993455,0.011387565317753298,5.1988649368286133,2.5968437194824219,-0.24543750286102295,-0.26998123526573181,0.0078125,0,-0.049453124403953552,35,34,0,0,1,0,1,1,2.450609
63,1.2318815409999999,INITIAL_FOC_HOLD,J2A,0,1,0,0,-0.001735062293484242,0,-0.036700803004993426,-0.0091574535352617996,5.1990566253662109,2.5968437194824219,0.098174996674060822,-0.24543750286102295,0.01953125,0,-0.12363281100988388,35,34,0,0,1,0,1,1,1.460434
64,1.2429878670000001,INITIAL_FOC_HOLD,J2A,0,1,0,0,-0,0,0.030822487923240483,0.0073805803544032978,5.1988649368286133,2.5968437194824219,-0.26998123526573181,-0.17180624604225159,0.0078125,0,-0.049453124403953552,35,34,0,0,1,0,1,1,2.4849079999999999
65,1.252980142,INITIAL_FOC_HOLD,J2A,0,1,0,0,-0.001735062293484242,0.0017372203311627052,-0.040739511135943832,-0.010721514334194219,5.1990566253662109,2.5970356464385986,0,0.073631249368190765,0.0078125,0,-0.049453124403953552,35,34,0,0,1,0,1,1,2.473881
66,1.2629696770000001,INITIAL_FOC_HOLD,J2A,0,1,0,0,-0.003470124586968484,0,-0.087271480080252858,-0.027018162284171761,5.1992483139038086,2.5968437194824219,0.34361249208450317,-0.24543750286102295,0,0,-0,35,34,0,0,1,0,1,1,2.4739429999999998
67,1.272979012,INITIAL_FOC_HOLD,J2A,0,1,0,0,-0,0.0017372203311627052,0.064614626585490581,0.010352536412146833,5.1988649368286133,2.5970356464385986,-0.24543750286102295,0.14726249873638153,0.01171875,0,-0.074179686605930328,35,34,0,0,1,0,1,1,2.4731749999999999
68,1.2829866969999999,INITIAL_FOC_HOLD,J2A,0,1,0,0,-0,0,0.041999507280568879,0.0093172827709321494,5.1988649368286133,2.5968437194824219,-0.44178751111030579,-0.24543750286102295,0.00390625,0,-0.024726562201976776,35,34,0,0,1,0,1,1,2.5697830000000002
69,1.2929828000000001,INITIAL_FOC_HOLD,J2A,0,1,0,0,-0,0,0.027299679732369773,0.0083855544938389349,5.1988649368286133,2.5968437194824219,-0.34361249208450317,-0.36815625429153442,0.00390625,0,-0.024726562201976776,35,34,0,0,1,0,1,1,2.4804550000000001
70,1.3030097439999999,INITIAL_FOC_HOLD,J2A,0,1,0,0,-0.001735062293484242,0,-0.042819204813364015,-0.009756999995374778,5.1990566253662109,2.5968437194824219,0.098174996674060822,-0.073631249368190765,0.0078125,0,-0.049453124403953552,35,34,0,0,1,0,1,1,2.5140760000000002
71,1.3129647820000001,INITIAL_FOC_HOLD,J2A,0,1,0,0,0.001735062293484242,0,0.094170426899275683,0.026076674297866212,5.1986732482910156,2.5968437194824219,-0.58904999494552612,-0.22089375555515289,0.0078125,0,-0.049453124403953552,35,34,0,0,1,0,1,1,2.4488599999999998
72,1.323031463,INITIAL_FOC_HOLD,J2A,0,1,0,0,-0,0,0.00088584986245660025,0.0062333132617731352,5.1988649368286133,2.5968437194824219,-0.36815625429153442,0.14726249873638153,0,0,-0,35,34,0,0,1,0,1,1,2.5361150000000001
73,1.332996791,INITIAL_FOC_HOLD,J2A,0,1,0,0,-0,0,0.00057580241059679022,0.0056099819355958222,5.1988649368286133,2.5968437194824219,-0.22089375555515289,-0.24543750286102295,0.01171875,0,-0.074179686605930328,35,34,0,0,1,0,1,1,2.4965950000000001
74,1.343052871,INITIAL_FOC_HOLD,J2A,0,1,0,0,-0,0,0.00037427156688791364,0.0050489837420362397,5.1988649368286133,2.5968437194824219,-0.26998123526573181,-0.19634999334812164,0,0,-0,35,34,0,0,1,0,1,1,2.5513370000000002
75,1.352854403,INITIAL_FOC_HOLD,J2A,0,1,0,0,-0.001735062293484242,0,-0.061713548467605094,-0.013157864628190883,5.1990566253662109,2.5968437194824219,0.024543749168515205,-0.22089375555515289,0.0078125,0,-0.049453124403953552,35,34,0,0,1,0,1,1,2.4280539999999999
76,1.362838365,INITIAL_FOC_HOLD,J2A,0,1,0,0,-0.001735062293484242,0,-0.040113806503943313,-0.011842078165371795,5.1990566253662109,2.5968437194824219,-0.098174996674060822,-0.29452499747276306,0,0,-0,35,34,0,0,1,0,1,1,2.3409089999999999
77,1.3717974079999999,INITIAL_FOC_HOLD,J2A,0,1,0,0,-0.001735062293484242,0.0017372203311627052,-0.026073974227563156,-0.010657870348834616,5.1990566253662109,2.5970356464385986,-0.26998123526573181,0.073631249368190765,0.01171875,0,-0.074179686605930328,35,34,0,0,1,0,1,1,1.371121
78,1.3819053800000001,INITIAL_FOC_HOLD,J2A,0,1,0,0,-0.001735062293484242,0,-0.016948083247916051,-0.0095920833139511545,5.1990566253662109,2.5968437194824219,0.12271875143051147,-0.24543750286102295,0.0078125,0,-0.049453124403953552,35,34,0,0,1,0,1,1,1.4713700000000001
79,1.3917695489999999,INITIAL_FOC_HOLD,J2A,0,1,0,0,-0.001735062293484242,0,-0.011016254111145434,-0.0086328749825560387,5.1990566253662109,2.5968437194824219,0.024543749168515205,-0.34361249208450317,0.00390625,0,-0.024726562201976776,35,34,0,0,1,0,1,1,1.3421780000000001
80,1.402869921,INITIAL_FOC_HOLD,J2A,0,1,0,0,-0.001735062293484242,0,-0.0071605651722445327,-0.0077695874843004354,5.1990566253662109,2.5968437194824219,0.024543749168515205,-0.17180624604225159,0.00390625,0,-0.024726562201976776,35,34,0,0,1,0,1,1,2.434069
81,1.4129672010000001,INITIAL_FOC_HOLD,J2A,0,1,0,0,-0.001735062293484242,0.0017372203311627052,-0.0046543673619589467,-0.0069926287358703923,5.1990566253662109,2.5970356464385986,-0.073631249368190765,0.073631249368190765,0.00390625,0,-0.024726562201976776,35,34,0,0,1,0,1,1,2.472496
82,1.423023994,INITIAL_FOC_HOLD,J2A,0,1,0,0,-0,0.0017372203311627052,0.057358901272117492,0.010959274154114023,5.1988649368286133,2.5970356464385986,-0.36815625429153442,0.024543749168515205,0.01171875,0,-0.074179686605930328,35,34,0,0,1,0,1,1,2.5288080000000002
83,1.4329077299999999,INITIAL_FOC_HOLD,J2A,0,1,0,0,-0,0.0017372203311627052,0.037283285826876372,0.0098633467387026219,5.1988649368286133,2.5970356464385986,-0.31906875967979431,0.098174996674060822,0.0078125,0,-0.049453124403953552,35,34,0,0,1,0,1,1,2.4066649999999998
84,1.442814968,INITIAL_FOC_HOLD,J2A,0,1,0,0,-0.001735062293484242,0.0017372203311627052,-0.037061636325755272,-0.0086360656818033326,5.1990566253662109,2.5970356464385986,-0.098174996674060822,0.17180624604225159,0.0078125,0,-0.049453124403953552,35,34,0,0,1,0,1,1,2.319404
85,1.451844176,INITIAL_FOC_HOLD,J2A,0,1,0,0,-0.001735062293484242,0,-0.024090063611740927,-0.0077724591136229997,5.1990566253662109,2.5968437194824219,0,-0.29452499747276306,0.0078125,0,-0.049453124403953552,35,34,0,0,1,0,1,1,1.408879
86,1.4628838879999999,INITIAL_FOC_HOLD,J2A,0,1,0,0,-0.001735062293484242,0.0017372203311627052,-0.015658541347631602,-0.0069952132022606996,5.1990566253662109,2.5970356464385986,-0.073631249368190765,0.12271875143051147,0.00390625,0,-0.024726562201976776,35,34,0,0,1,0,1,1,2.38185
87,1.472902028,INITIAL_FOC_HOLD,J2A,0,1,0,0,-0.001735062293484242,0.0017372203311627052,-0.010178051875960542,-0.0062956918820346302,5.1990566253662109,2.5970356464385986,0.12271875143051147,0.073631249368190765,0.0078125,0,-0.049453124403953552,35,34,0,0,1,0,1,1,2.4044430000000001
88,1.4828838580000001,INITIAL_FOC_HOLD,J2A,0,1,0,0,-0,-0.001735062293484242,0.054221988694199093,0.011716083710046963,5.1988649368286133,2.5966520309448242,-0.46633124351501465,-0.61359375715255737,0.00390625,0,-0.024726562201976776,35,34,0,0,1,0,1,1,2.4680770000000001
89,1.49288479,INITIAL_FOC_HOLD,J2A,0,1,0,0,-0,-0.001735062293484242,0.035244292651229414,0.010544475339042266,5.1988649368286133,2.5966520309448242,-0.41724374890327454,-0.58904999494552612,0.00390625,0,-0.024726562201976776,35,34,0,0,1,0,1,1,2.3876469999999999
90,1.5029027559999999,INITIAL_FOC_HOLD,J2A,0,1,0,0,-0.001735062293484242,0,-0.037709483258512325,-0.0078294789039509479,5.1990566253662109,2.5968437194824219,-0.024543749168515205,-0.19634999334812164,0.00390625,0,-0.024726562201976776,35,34,0,0,1,0,1,1,2.4066860000000001
91,1.511838078,INITIAL_FOC_HOLD,J2A,0,1,0,0,-0.001735062293484242,0.0017372203311627052,-0.024511164118033012,-0.0070465310135558535,5.1990566253662109,2.5970356464385986,-0.049087498337030411,0.098174996674060822,0,0,-0,35,34,0,0,1,0,1,1,1.4019330000000001
92,1.5228906280000001,INITIAL_FOC_HOLD,J2A,0,1,0,0,-0,0,0.039011788156324487,0.0093564206115271456,5.1988649368286133,2.5968437194824219,-0.24543750286102295,-0.24543750286102295,0.01171875,0,-0.074179686605930328,35,34,0,0,1,0,1,1,2.3878699999999999
93,1.5328822280000001,INITIAL_FOC_HOLD,J2A,0,1,0,0,-0.001735062293484242,0,-0.035420571686887961,-0.0089444311606252467,5.1990566253662109,2.5968437194824219,0,-0.31906875967979431,0.0078125,0,-0.049453124403953552,35,34,0,0,1,0,1,1,2.370136
94,1.542884707,INITIAL_FOC_HOLD,J2A,0,1,0,0,-0,-0.001735062293484242,0.037688758138510275,0.0092963347368622655,5.1988649368286133,2.5966520309448242,-0.31906875967979431,-0.58904999494552612,0.00390625,0,-0.024726562201976776,35,34,0,0,1,0,1,1,2.385856
95,1.5528523919999999,INITIAL_FOC_HOLD,J2A,0,1,0,0,-0,0,0.02449769279003168,0.0083667012631760389,5.1988649368286133,2.5968437194824219,-0.24543750286102295,-0.24543750286102295,0.00390625,0,-0.024726562201976776,35,34,0,0,1,0,1,1,2.3403290000000001
96,1.5619043450000001,INITIAL_FOC_HOLD,J2A,0,1,0,0,-0.001735062293484242,0,-0.051163878810020297,-0.011637791469867537,5.1990566253662109,2.5968437194824219,0,-0.19634999334812164,0.00390625,0,-0.024726562201976776,35,34,0,0,1,0,1,1,1.4619530000000001
97,1.571876708,INITIAL_FOC_HOLD,J2A,0,1,0,0,-0.001735062293484242,0,-0.033256521226513194,-0.010474012322880784,5.1990566253662109,2.5968437194824219,-0.024543749168515205,-0.049087498337030411,0.0078125,0,-0.049453124403953552,35,34,0,0,1,0,1,1,1.389526
98,1.5819241799999999,INITIAL_FOC_HOLD,J2A,0,1,0,0,-0,0,0.038823519480618934,0.0078420341316508702,5.1988649368286133,2.5968437194824219,-0.24543750286102295,-0.31906875967979431,0.01953125,0,-0.12363281100988388,35,34,0,0,1,0,1,1,1.4314229999999999
99,1.591767237,INITIAL_FOC_HOLD,J2A,0,1,0,0,-0.001735062293484242,0.0017372203311627052,-0.036460159465403472,-0.010569439889458729,5.1990566253662109,2.5970356464385986,0.049087498337030411,0.073631249368190765,0.01171875,0,-0.074179686605930328,35,34,0,0,1,0,1,1,1.375845
100,1.601889874,PLUS_10_OUTBOUND,J2A,0,1,4.6180632716049394e-07,0.00013842631172839508,-0,0,0.036292359315040754,0.0076279220902165778,5.1988649368286133,2.5968437194824219,-0.31906875967979431,-0.24543750286102295,0.0078125,0,-0.049453124403953552,35,34,0,0,1,0,1,1,1.4597389999999999
101,1.612959276,PLUS_10_OUTBOUND,J2A,0,1,3.6852098765432113e-06,0.00055185802469135813,-0,0,0.023590033554776492,0.0068651298811949202,5.1988649368286133,2.5968437194824219,-0.24543750286102295,-0.24543750286102295,0.0078125,0,-0.049453124403953552,35,34,0,0,1,0,1,1,2.3734009999999999
102,1.62287381,PLUS_10_OUTBOUND,J2A,0,1,1.2406437500000003e-05,0.0012375312500000001,-0,0,0.01533352181060472,0.0061786168930754283,5.1988649368286133,2.5968437194824219,-0.26998123526573181,-0.24543750286102295,0.0078125,0,-0.049453124403953552,35,34,0,0,1,0,1,1,2.2709389999999998
103,1.6329733550000001,PLUS_10_OUTBOUND,J2A,0,1,2.9334123456790137e-05,0.0021926913580246916,-0,0,0.0099667891768930681,0.0055607552037678859,5.1988649368286133,2.5968437194824219,-0.24543750286102295,-0.24543750286102295,0.0078125,0,-0.049453124403953552,35,34,0,0,1,0,1,1,2.3827020000000001
104,1.6430198009999999,PLUS_10_OUTBOUND,J2A,0,1,5.7149402006172835e-05,0.0034145929783950622,-0,0.0017372203311627052,0.0064784129649804942,0.0050046796833910978,5.1988649368286133,2.5970356464385986,-0.24543750286102295,0.098174996674060822,0.0078125,0,-0.049453124403953552,35,34,0,0,1,0,1,1,2.489668
105,1.652992418,PLUS_10_OUTBOUND,J2A,0,1,9.8506000000000022e-05,0.0049005000000000003,-0,0,0.0042109684272373217,0.0045042117150519883,5.1988649368286133,2.5968437194824219,-0.24543750286102295,-0.24543750286102295,0.00390625,0,-0.024726562201976776,35,34,0,0,1,0,1,1,2.4006530000000001
106,1.6629673119999999,PLUS_10_OUTBOUND,J2A,0,1,0.00015603032947530867,0.006647685570987656,-0.001735062293484242,0,-0.058142896186677465,-0.013340502503419421,5.1990566253662109,2.5968437194824219,0,-0.24543750286102295,0.0234375,0,-0.14835937321186066,35,34,0,0,1,0,1,1,2.3703280000000002
107,1.6729318310000001,PLUS_10_OUTBOUND,J2A,0,1,0.00023232158024691368,0.0086534320987654324,-0.001735062293484242,0,-0.037792882521340353,-0.01200645225307748,5.1990566253662109,2.5968437194824219,-0.24543750286102295,-0.24543750286102295,0.01171875,0,-0.074179686605930328,35,34,0,0,1,0,1,1,2.184453
108,1.6828751630000001,PLUS_10_OUTBOUND,J2A,0,1,0.00032995181249999999,0.010915031249999999,-0,-0.001735062293484242,0.036507896641099949,0.0066436987665077496,5.1988649368286133,2.5966520309448242,0.024543749168515205,0.14726249873638153,0,0,-0,35,34,0,0,1,0,1,1,2.3625639999999999
109,1.6928551780000001,PLUS_10_OUTBOUND,J2A,0,1,0.00045146604938271605,0.013429783950617282,-0.001735062293484242,0,-0.037118653755197413,-0.011406038702117993,5.1990566253662109,2.5968437194824219,0,-0.26998123526573181,0.0078125,0,-0.049453124403953552,35,34,0,0,1,0,1,1,2.330524
110,1.702849024,PLUS_10_OUTBOUND,J2A,0,1,0.00059938236959876541,0.016195000385802471,-0.001735062293484242,0,-0.024127124940878319,-0.010265434831906194,5.1990566253662109,2.5968437194824219,0,-0.22089375555515289,0.00390625,0,-0.024726562201976776,35,34,0,0,1,0,1,1,2.2509679999999999
111,1.712891444,PLUS_10_OUTBOUND,J2A,0,1,0.0007761920000000002,0.019207999999999999,-0,0,0.044788032504892342,0.008038441141702499,5.1988649368286133,2.5968437194824219,-0.29452499747276306,-0.19634999334812164,0.00390625,0,-0.024726562201976776,35,34,0,0,1,0,1,1,2.366797
112,1.7229763330000001,PLUS_10_OUTBOUND,J2A,0,1,0.00098435940817901226,0.022466111496913587,-0.001735062293484242,0,-0.031103791434722972,-0.0099699779904400369,5.1990566253662109,2.5968437194824219,0.024543749168515205,-0.24543750286102295,0.00390625,0,-0.024726562201976776,35,34,0,0,1,0,1,1,2.3820440000000001
113,1.7329705550000001,PLUS_10_OUTBOUND,J2A,0,1,0.0012263223950617285,0.025966672839506173,-0.001735062293484242,0.0017372203311627052,-0.020217464432569932,-0.0089729801913960329,5.1990566253662109,2.5970356464385986,0.12271875143051147,0.098174996674060822,0.0078125,0,-0.049453124403953552,35,34,0,0,1,0,1,1,2.4612479999999999
114,1.742874724,PLUS_10_OUTBOUND,J2A,0,1,0.0015044921875000004,0.029707031250000002,-0.001735062293484242,0.0017372203311627052,-0.013141351881170457,-0.0080756821722564303,5.1990566253662109,2.5970356464385986,-0.049087498337030411,0.098174996674060822,0.00390625,0,-0.024726562201976776,35,34,0,0,1,0,1,1,2.2822559999999998
115,1.7529087699999999,PLUS_10_OUTBOUND,J2A,0,1,0.0018212535308641982,0.033684543209876544,-0,0,0.051979251309879099,0.010023637482866329,5.1988649368286133,2.5968437194824219,-0.24543750286102295,-0.24543750286102295,0.01171875,0,-0.074179686605930328,35,34,0,0,1,0,1,1,2.3982929999999998
116,1.76285972,PLUS_10_OUTBOUND,J2A,0,1,0.0021789647816358023,0.037896574459876542,-0.001735062293484242,0.0034722826246469467,-0.027240001978218173,-0.0084148735024601878,5.1990566253662109,2.5972273349761963,0,0.46633124351501465,0.00390625,0,-0.024726562201976776,35,34,0,0,1,0,1,1,2.2640310000000001
117,1.7729274690000001,PLUS_10_OUTBOUND,J2A,0,1,0.0025799580000000003,0.042340500000000003,-0.001735062293484242,0,-0.017706001285841814,-0.0075733861522141689,5.1990566253662109,2.5968437194824219,0.12271875143051147,-0.19634999334812164,0.01171875,0,-0.074179686605930328,35,34,0,0,1,0,1,1,2.4176540000000002
118,1.78291457,PLUS_10_OUTBOUND,J2A,0,1,0.0030265390424382716,0.047013704089506184,-0,0.0017372203311627052,0.049296712596918826,0.010556984872354683,5.1988649368286133,2.5970356464385986,-0.17180624604225159,0.024543749168515205,0.0078125,0,-0.049453124403953552,35,34,0,0,1,0,1,1,2.4035690000000001
119,1.7929097300000001,PLUS_10_OUTBOUND,J2A,0,1,0.0035209876543209873,0.051913580246913574,-0,0,0.032042863187997241,0.0095012863851192154,5.1988649368286133,2.5968437194824219,-0.24543750286102295,-0.19634999334812164,0.00390625,0,-0.024726562201976776,35,34,0,0,1,0,1,1,2.398504
120,1.802917887,PLUS_10_OUTBOUND,J2A,0,1,0.0040655575625000006,0.057037531250000016,-0,0,0.020827861072198209,0.0085511577466072936,5.1988649368286133,2.5968437194824219,-0.26998123526573181,-0.31906875967979431,0.00390625,0,-0.024726562201976776,35,34,0,0,1,0,1,1,2.3123680000000002
121,1.8129563099999999,PLUS_10_OUTBOUND,J2A,0,1,0.0046624765679012343,0.062382969135802477,-0.001735062293484242,0,-0.046956631630418126,-0.009588169835866852,5.1990566253662109,2.5968437194824219,0.049087498337030411,-0.19634999334812164,0.0078125,0,-0.049453124403953552,35,34,0,0,1,0,1,1,2.4702299999999999
122,1.8228735659999999,PLUS_10_OUTBOUND,J2A,0,1,0.0053139466381172829,0.067947315200617281,-0,0.0017372203311627052,0.030712043110989778,0.0088660339107945671,5.1988649368286133,2.5970356464385986,-0.26998123526573181,0.049087498337030411,0,0,-0,35,34,0,0,1,0,1,1,2.2784499999999999
123,1.8328825500000001,PLUS_10_OUTBOUND,J2A,0,1,0.0060221440000000027,0.073728000000000002,-0.001735062293484242,0,-0.040709843921330091,-0.009355618606991592,5.1990566253662109,2.5968437194824219,-0.049087498337030411,-0.24543750286102295,0,0,-0,35,34,0,0,1,0,1,1,2.3728660000000001
124,1.8428658710000001,PLUS_10_OUTBOUND,J2A,0,1,0.0067892192322530857,0.07972246334876544,0.001735062293484242,0,0.095195874160183921,0.026339164027721421,5.1986732482910156,2.5968437194824219,-0.61359375715255737,-0.29452499747276306,0.00390625,0,-0.024726562201976776,35,34,0,0,1,0,1,1,2.3604289999999999
125,1.852880986,PLUS_10_OUTBOUND,J2A,0,1,0.0076172973580246918,0.085928154320987646,-0.001735062293484242,0,-0.059393741133590215,-0.010943626471539229,5.1990566253662109,2.5968437194824219,0.073631249368190765,-0.17180624604225159,0.00390625,0,-0.024726562201976776,35,34,0,0,1,0,1,1,2.355318
126,1.8627872190000001,PLUS_10_OUTBOUND,J2A,0,1,0.0085084779374999999,0.092342531249999998,-0,0,0.022696058910819737,0.0076655906463728024,5.1988649368286133,2.5968437194824219,0.12271875143051147,-0.098174996674060822,0.0078125,0,-0.049453124403953552,35,34,0,0,1,0,1,1,2.2631670000000002
127,1.8727553079999999,PLUS_10_OUTBOUND,J2A,0,1,0.0094648351604938279,0.098963061728395071,-0,0,0.01475243829203283,0.0068990315817355225,5.1988649368286133,2.5968437194824219,-0.31906875967979431,0.098174996674060822,0.0078125,0,-0.049453124403953552,35,34,0,0,1,0,1,1,2.235338
128,1.8817850759999999,PLUS_10_OUTBOUND,J2A,0,1,0.010488417939043208,0.10578722260802469,-0.001735062293484242,0,-0.05766311945468508,-0.013005787103439866,5.1990566253662109,2.5968437194824219,0,-0.24543750286102295,0.00390625,0,-0.024726562201976776,35,34,0,0,1,0,1,1,1.2996859999999999
129,1.8927795590000001,PLUS_10_OUTBOUND,J2A,0,1,0.011581250000000001,0.1128125,-0,0.0017372203311627052,0.017753202351397296,0.004076000177459153,5.1988649368286133,2.5970356464385986,-0.24543750286102295,0.14726249873638153,0.00390625,0,-0.024726562201976776,35,34,0,0,1,0,1,1,2.2945660000000001
130,1.902762005,PLUS_10_OUTBOUND,J2A,0,1,0.012745329977623454,0.12003638927469135,-0,0,0.011539581528408243,0.0036684001597132379,5.1988649368286133,2.5968437194824219,-0.26998123526573181,-0.24543750286102295,0.0078125,0,-0.049453124403953552,35,34,0,0,1,0,1,1,2.226801
131,1.9127354190000001,PLUS_10_OUTBOUND,J2A,0,1,0.013982631506172846,0.12745639506172843,-0,0.0017372203311627052,0.0075007279934653582,0.003301560143741914,5.1988649368286133,2.5970356464385986,-0.36815625429153442,0.098174996674060822,0.00390625,0,-0.024726562201976776,35,34,0,0,1,0,1,1,2.2321339999999998
132,1.9217482800000001,PLUS_10_OUTBOUND,J2A,0,1,0.015295103312499999,0.13507003124999997,-0,0.0017372203311627052,0.0048754731957524828,0.0029714041293677227,5.1988649368286133,2.5970356464385986,-0.26998123526573181,0.12271875143051147,0,0,-0,35,34,0,0,1,0,1,1,1.248129
133,1.9327379899999999,PLUS_10_OUTBOUND,J2A,0,1,0.016684669308641972,0.14287482098765431,-0.001735062293484242,0,-0.052089161494919718,-0.013113798875614433,5.1990566253662109,2.5968437194824219,0,-0.24543750286102295,0,0,-0,35,34,0,0,1,0,1,1,2.2377470000000002
134,1.9428275100000001,PLUS_10_OUTBOUND,J2A,0,1,0.018153228684413585,0.15086829668209878,-0.001735062293484242,0,-0.033857954971697815,-0.01180241898805299,5.1990566253662109,2.5968437194824219,-0.58904999494552612,-0.29452499747276306,0.00390625,0,-0.024726562201976776,35,34,0,0,1,0,1,1,2.3285450000000001
135,1.952948739,PLUS_10_OUTBOUND,J2A,0,1,0.019702655999999999,0.15904799999999999,-0,0.0017372203311627052,0.03799213786076111,0.0065206253657136507,5.1988649368286133,2.5970356464385986,-0.31906875967979431,0.14726249873638153,0.00390625,0,-0.024726562201976776,35,34,0,0,1,0,1,1,2.357043
136,1.9629598509999999,PLUS_10_OUTBOUND,J2A,0,1,0.021334801278549385,0.16741148186728397,-0,0,0.024694889609494723,0.005868562829142286,5.1988649368286133,2.5968437194824219,-0.31906875967979431,-0.22089375555515289,0.0078125,0,-0.049453124403953552,35,34,0,0,1,0,1,1,2.3587790000000002
137,1.972966614,PLUS_10_OUTBOUND,J2A,0,1,0.023051490098765434,0.17595630246913585,-0.001735062293484242,0.0017372203311627052,-0.044634459990487263,-0.012057190092817326,5.1990566253662109,2.5970356464385986,0.098174996674060822,-0.24543750286102295,0.0078125,0,-0.049453124403953552,35,34,0,0,1,0,1,1,2.3695279999999999
138,1.982971289,PLUS_10_OUTBOUND,J2A,0,1,0.024854523687500005,0.18468003124999999,-0,0,0.03168640458745739,0.0064910442253998668,5.1988649368286133,2.5968437194824219,-0.24543750286102295,-0.26998123526573181,0.0078125,0,-0.049453124403953552,35,34,0,0,1,0,1,1,2.3790049999999998
139,1.9929053809999999,PLUS_10_OUTBOUND,J2A,0,1,0.026745679012345681,0.19358024691358025,-0.001735062293484242,0.0017372203311627052,-0.04053391339750248,-0.011623796305525774,5.1990566253662109,2.5970356464385986,0.12271875143051147,0.12271875143051147,0.01171875,0,-0.074179686605930328,35,34,0,0,1,0,1,1,2.3131940000000002
140,2.0028862030000001,PLUS_10_OUTBOUND,J2A,0,1,0.028726708874228391,0.20265453742283948,0.001735062293484242,0,0.095340689570400344,0.02430650711896308,5.1986732482910156,2.5968437194824219,-0.61359375715255737,-0.22089375555515289,0.0078125,0,-0.049453124403953552,35,34,0,0,1,0,1,1,2.296001
141,2.0128405319999998,PLUS_10_OUTBOUND,J2A,0,1,0.030799342000000007,0.21190050000000002,-0,0.0017372203311627052,0.00096564836026710732,0.0044456278754973072,5.1988649368286133,2.5970356464385986,-0.31906875967979431,0.073631249368190765,0,0,-0,35,34,0,0,1,0,1,1,2.2445750000000002
142,2.0229101570000001,PLUS_10_OUTBOUND,J2A,0,1,0.032965283135030859,0.22131574112654329,-0.001735062293484242,0.0017372203311627052,-0.05967961932585631,-0.013229589414918117,5.1990566253662109,2.5970356464385986,0,0.12271875143051147,0.0078125,0,-0.049453124403953552,35,34,0,0,1,0,1,1,2.3207279999999999
143,2.0328129210000001,PLUS_10_OUTBOUND,J2A,0,1,0.035226213135802473,0.2308978765432099,-0.001735062293484242,0,-0.0387917525618066,-0.011906630473426306,5.1990566253662109,2.5968437194824219,0.098174996674060822,-0.24543750286102295,0.01171875,0,-0.074179686605930328,35,34,0,0,1,0,1,1,2.2242150000000001
144,2.042938006,PLUS_10_OUTBOUND,J2A,0,1,0.037583789062500005,0.24064453124999999,-0,0.0017372203311627052,0.034762319321543861,0.0064203064272643686,5.1988649368286133,2.5970356464385986,-0.24543750286102295,0.049087498337030411,0.00390625,0,-0.024726562201976776,35,34,0,0,1,0,1,1,2.45011
145,2.0530103130000001,PLUS_10_OUTBOUND,J2A,0,1,0.040039644271604932,0.25055333950617281,-0,0,0.022595507559003511,0.0057782757845379323,5.1988649368286133,2.5968437194824219,-0.36815625429153442,-0.24543750286102295,-0.00390625,0,0.024726562201976776,35,34,0,0,1,0,1,1,2.3510789999999999
146,2.0630561859999998,PLUS_10_OUTBOUND,J2A,0,1,0.042595388508487667,0.26062194483024703,-0,0,0.014687079913352283,0.0052004482060841392,5.1988649368286133,2.5968437194824219,-0.26998123526573181,-0.31906875967979431,0,0,-0,35,34,0,0,1,0,1,1,2.425287
147,2.0730641749999998,PLUS_10_OUTBOUND,J2A,0,1,0.045252608000000007,0.27084800000000003,-0,0,0.009546601943678984,0.0046804033854757256,5.1988649368286133,2.5968437194824219,-0.24543750286102295,-0.29452499747276306,0,0,-0,35,34,0,0,1,0,1,1,2.4399700000000002
148,2.0829704900000001,PLUS_10_OUTBOUND,J2A,0,1,0.0480128655470679,0.28122916705246909,-0,0.0017372203311627052,0.0062052912633913399,0.0042123630469281534,5.1988649368286133,2.5970356464385986,-0.19634999334812164,0.098174996674060822,0,0,-0,35,34,0,0,1,0,1,1,2.381596
149,2.0930435369999998,PLUS_10_OUTBOUND,J2A,0,1,0.050877700617283951,0.29176311728395066,-0,0.0017372203311627052,0.004033439321204371,0.003791126742235338,5.1988649368286133,2.5970356464385986,-0.17180624604225159,0.12271875143051147,0.00390625,0,-0.024726562201976776,35,34,0,0,1,0,1,1,2.421027
150,2.1029919370000001,PLUS_10_OUTBOUND,J2A,0,1,0.053848629437500017,0.30244753125000012,-0,0.0017372203311627052,0.0026217355587828412,0.0034120140680118042,5.1988649368286133,2.5970356464385986,-0.24543750286102295,0.098174996674060822,0.00390625,0,-0.024726562201976776,35,34,0,0,1,0,1,1,2.3711959999999999
151,2.1129736970000002,PLUS_10_OUTBOUND,J2A,0,1,0.056927145086419759,0.31328009876543211,-0,0,0.0017041281132088469,0.003070812661210624,5.1988649368286133,2.5968437194824219,-0.024543749168515205,-0.24543750286102295,-0.00390625,0,0.024726562201976776,35,34,0,0,1,0,1,1,2.37615
152,2.123054174,PLUS_10_OUTBOUND,J2A,0,1,0.060114717587191349,0.32425851890432095,-0,0.0017372203311627052,0.0011076832735857506,0.0027637313950895615,5.1988649368286133,2.5970356464385986,-0.24543750286102295,0.19634999334812164,0.00390625,0,-0.024726562201976776,35,34,0,0,1,0,1,1,2.373596
153,2.1330669640000002,PLUS_10_OUTBOUND,J2A,0,1,0.063412793999999995,0.33538049999999997,-0,0,0.00071999412783073792,0.0024873582555806056,5.1988649368286133,2.5968437194824219,-0.24543750286102295,-0.31906875967979431,-0.00390625,0,0.024726562201976776,35,34,0,0,1,0,1,1,2.4464130000000002
154,2.1430819749999999,PLUS_10_OUTBOUND,J2A,0,1,0.066822798514660484,0.34664375964506167,0.001735062293484242,0.0017372203311627052,0.061104155516265322,0.01956323938235836,5.1986732482910156,2.5970356464385986,-0.4908750057220459,0.024543749168515205,0,0,-0,35,34,0,0,1,0,1,1,2.4440339999999998
155,2.1530688379999998,PLUS_10_OUTBOUND,J2A,0,1,0.070346132543209886,0.35804602469135804,0.001735062293484242,0.0017372203311627052,0.03971770108557246,0.017606915444122524,5.1986732482910156,2.5970356464385986,-0.56450623273849487,0.073631249368190765,0.00390625,0,-0.024726562201976776,35,34,0,0,1,0,1,1,2.444655
156,2.1630680440000001,PLUS_10_OUTBOUND,J2A,0,1,0.073984174812500011,0.36958503124999997,-0,0.0017372203311627052,-0.034915496687314786,-0.0015057767839859841,5.1988649368286133,2.5970356464385986,-0.29452499747276306,0.17180624604225159,0,0,-0,35,34,0,0,1,0,1,1,2.375826
157,2.1730782849999999,PLUS_10_OUTBOUND,J2A,0,1,0.077738281456790112,0.38125852469135801,-0,0,-0.022695072846754611,-0.0013551991055873857,5.1988649368286133,2.5968437194824219,-0.26998123526573181,-0.24543750286102295,-0.00390625,0,0.024726562201976776,35,34,0,0,1,0,1,1,2.457487
158,2.1830729670000002,PLUS_10_OUTBOUND,J2A,0,1,0.081609786110339477,0.3930642596450617,-0.001735062293484242,0.0017372203311627052,-0.075511289520273028,-0.01857953410070937,5.1990566253662109,2.5970356464385986,-0.19634999334812164,0.049087498337030411,0.00390625,0,-0.024726562201976776,35,34,0,0,1,0,1,1,2.4533049999999998
159,2.1929757169999999,PLUS_10_OUTBOUND,J2A,0,1,0.085599999999999996,0.40500000000000008,-0.001735062293484242,0,-0.04908233818817747,-0.016721580690638432,5.1990566253662109,2.5968437194824219,-0.12271875143051147,-0.26998123526573181,0,0,-0,35,34,0,0,1,0,1,1,2.3516620000000001
160,2.2030587750000001,PLUS_10_OUTBOUND,J2A,0,1,0.089710212037808656,0.41706351890432114,-0.001735062293484242,0.0017372203311627052,-0.03190351982231536,-0.015049422621574588,5.1990566253662109,2.5970356464385986,0.024543749168515205,0.17180624604225159,-0.00390625,0,0.024726562201976776,35,34,0,0,1,0,1,1,2.456601
161,2.212884673,PLUS_10_OUTBOUND,J2A,0,1,0.093941688913580235,0.42925259876543198,-0,0,0.041065898218128234,0.0041135728127637931,5.1988649368286133,2.5968437194824219,-0.24543750286102295,-0.24543750286102295,-0.00390625,0,0.024726562201976776,35,34,0,0,1,0,1,1,2.2962929999999999
162,2.2230803880000001,PLUS_10_OUTBOUND,J2A,0,1,0.098295675187499987,0.44156503124999991,-0.001735062293484242,0,-0.032868639063204849,-0.013315348155652072,5.1990566253662109,2.5968437194824219,0.049087498337030411,-0.24543750286102295,-0.00390625,0,0.024726562201976776,35,34,0,0,1,0,1,1,2.4511219999999998
163,2.2329552669999999,PLUS_10_OUTBOUND,J2A,0,1,0.10277339338271609,0.45399861728395058,-0,0,0.040132016893676459,0.0055866530269873104,5.1988649368286133,2.5968437194824219,-0.24543750286102295,-0.29452499747276306,0,0,-0,35,34,0,0,1,0,1,1,2.3298160000000001
164,2.2429947389999998,PLUS_10_OUTBOUND,J2A,0,1,0.10737604407793211,0.46655116705246918,0.001735062293484242,0,0.086574231359918777,0.022310393546868319,5.1986732482910156,2.5968437194824219,-0.51541876792907715,-0.26998123526573181,0,0,-0,35,34,0,0,1,0,1,1,2.373936
165,2.2529682040000001,PLUS_10_OUTBOUND,J2A,0,1,0.11210480599999997,0.47922049999999999,-0,0.0017372203311627052,-0.0046154981823200714,0.0026825688875336921,5.1988649368286133,2.5970356464385986,-0.31906875967979431,-0.24543750286102295,-0.00390625,0,0.024726562201976776,35,34,0,0,1,0,1,1,2.3412039999999998
166,2.2630305850000001,PLUS_10_OUTBOUND,J2A,0,1,0.11696083611651234,0.49200444483024691,-0,0,-0.0030000738185080463,0.0024143119987803229,5.1988649368286133,2.5968437194824219,-0.073631249368190765,-0.17180624604225159,-0.00390625,0,0.024726562201976776,35,34,0,0,1,0,1,1,2.4047990000000001
167,2.2730552340000001,PLUS_10_OUTBOUND,J2A,0,1,0.12194526972839506,0.50490083950617282,-0,0,-0.0019500479820302302,0.0021728807989022905,5.1988649368286133,2.5968437194824219,-0.17180624604225159,-0.12271875143051147,0,0,-0,35,34,0,0,1,0,1,1,2.428814
168,2.283047426,PLUS_10_OUTBOUND,J2A,0,1,0.12705922056250002,0.51790753125000011,-0,0.0017372203311627052,-0.0012675311883196497,0.0019555927190120616,5.1988649368286133,2.5970356464385986,-0.19634999334812164,0,-0.01171875,0,0.074179686605930328,35,34,0,0,1,0,1,1,2.5231599999999998
169,2.2929700209999999,PLUS_10_OUTBOUND,J2A,0,1,0.13230378086419753,0.53102237654320994,-0,0.0017372203311627052,-0.00082389527240777239,0.0017600334471108555,5.1988649368286133,2.5970356464385986,-0.24543750286102295,0.073631249368190765,-0.00390625,0,0.024726562201976776,35,34,0,0,1,0,1,1,2.3458950000000001
170,2.303077756,PLUS_10_OUTBOUND,J2A,0,1,0.13768002148996916,0.54424324112654321,-0,0,-0.00053553192706505212,0.00158403010239977,5.1988649368286133,2.5968437194824219,-0.24543750286102295,-0.31906875967979431,-0.0078125,0,0.049453124403953552,35,34,0,0,1,0,1,1,2.456626
171,2.313047504,PLUS_10_OUTBOUND,J2A,0,1,0.14318899200000001,0.55756800000000006,-0,0.0017372203311627052,-0.00034809575259228388,0.0014256270921597931,5.1988649368286133,2.5970356464385986,-0.098174996674060822,0,-0.00390625,0,0.024726562201976776,35,34,0,0,1,0,1,1,2.4250959999999999
172,2.3230742769999999,PLUS_10_OUTBOUND,J2A,0,1,0.14883172075077161,0.57099453742283957,-0,0.0017372203311627052,-0.00022626223918498453,0.0012830643829438138,5.1988649368286133,2.5970356464385986,-0.098174996674060822,0.12271875143051147,-0.01171875,0,0.074179686605930328,35,34,0,0,1,0,1,1,2.453433
173,2.333052473,PLUS_10_OUTBOUND,J2A,0,1,0.15460921498765437,0.58452074691358025,-0,-0.001735062293484242,-0.00014707045547023996,0.0011547579446494324,5.1988649368286133,2.5966520309448242,0.049087498337030411,-0.58904999494552612,-0.0078125,0,0.049453124403953552,35,34,0,0,1,0,1,1,2.448664
174,2.3430784899999999,PLUS_10_OUTBOUND,J2A,0,1,0.1605224609375,0.59814453125,0.001735062293484242,0.0017372203311627052,0.060474000557061251,0.018344881108217893,5.1986732482910156,2.5970356464385986,-0.39269998669624329,0.098174996674060822,-0.0078125,0,0.049453124403953552,35,34,0,0,1,0,1,1,2.4520270000000002
175,2.352968943,PLUS_10_OUTBOUND,J2A,0,1,0.16657242390123456,0.61186380246913596,-0,0,-0.022091696261935044,-0.0010324060380395711,5.1988649368286133,2.5968437194824219,0.098174996674060822,-0.36815625429153442,-0.01171875,0,0.074179686605930328,35,34,0,0,1,0,1,1,2.3734229999999998
176,2.3630656910000001,PLUS_10_OUTBOUND,J2A,0,1,0.17276004834645062,0.62567648186728386,-0,0,-0.014359602570257779,-0.00092916543423561396,5.1988649368286133,2.5968437194824219,0,-0.049087498337030411,-0.01171875,0,0.074179686605930328,35,34,0,0,1,0,1,1,2.4454549999999999
177,2.3730734199999999,PLUS_10_OUTBOUND,J2A,0,1,0.17908625800000005,0.63958049999999989,-0,0,-0.0093337416706675575,-0.00083624889081205253,5.1988649368286133,2.5968437194824219,-0.024543749168515205,-0.22089375555515289,-0.01171875,0,0.074179686605930328,35,34,0,0,1,0,1,1,2.3982999999999999
178,2.3830610550000002,PLUS_10_OUTBOUND,J2A,0,1,0.18555195594058638,0.6535737966820987,0.001735062293484242,0,0.054735430307111567,0.016619479539139288,5.1986732482910156,2.5968437194824219,-0.17180624604225159,-0.24543750286102295,-0.01171875,0,0.074179686605930328,35,34,0,0,1,0,1,1,2.4408439999999998
179,2.3930311799999999,PLUS_10_OUTBOUND,J2A,0,1,0.19215802469135804,0.6676543209876542,0.001735062293484242,0,0.035578029699622517,0.014957531585225359,5.1986732482910156,2.5968437194824219,0,-0.22089375555515289,-0.01171875,0,0.074179686605930328,35,34,0,0,1,0,1,1,2.401179
180,2.4030131460000002,PLUS_10_OUTBOUND,J2A,0,1,0.19890532631250002,0.68182003125000012,0.001735062293484242,0,0.023125719304754638,0.013461778426702823,5.1986732482910156,2.5968437194824219,0.098174996674060822,-0.24543750286102295,-0.0078125,0,0.049453124403953552,35,34,0,0,1,0,1,1,2.3917099999999998
181,2.4129835800000001,PLUS_10_OUTBOUND,J2A,0,1,0.20579470249382711,0.69606889506172831,0.0034744406623254103,0,0.076090486814745367,0.029560963231648214,5.1984810829162598,2.5968437194824219,-0.22089375555515289,-0.24543750286102295,-0.0078125,0,0.049453124403953552,35,34,0,0,1,0,1,1,2.359988
182,2.4228936879999998,PLUS_10_OUTBOUND,J2A,0,1,0.21282697464737652,0.7103988892746913,0.001735062293484242,0,-0.011971637112841847,0.0090533087535044389,5.1986732482910156,2.5968437194824219,0.14726249873638153,-0.26998123526573181,-0.0234375,0,0.14835937321186066,35,34,0,0,1,0,1,1,2.3029809999999999
183,2.4330481329999998,PLUS_10_OUTBOUND,J2A,0,1,0.22000294400000006,0.72480800000000012,0.0034744406623254103,0.0017372203311627052,0.052170745342547932,0.025277209154124035,5.1984810829162598,2.5970356464385986,-0.17180624604225159,0,-0.01953125,0,0.12363281100988388,35,34,0,0,1,0,1,1,2.4061750000000002
184,2.4429635599999999,PLUS_10_OUTBOUND,J2A,0,1,0.22732339168595678,0.73929422260802469,0.0034744406623254103,0,0.033910984472656155,0.022749488238711632,5.1984810829162598,2.5968437194824219,-0.14726249873638153,-0.29452499747276306,-0.01953125,0,0.12363281100988388,35,34,0,0,1,0,1,1,2.342149
185,2.452987743,PLUS_10_OUTBOUND,J2A,0,1,0.23478907883950614,0.7538555617283953,0.0052095029558096514,0,0.08262281792552284,0.037783304562925141,5.1982893943786621,2.5968437194824219,-0.53996247053146362,-0.24543750286102295,-0.01171875,0,0.074179686605930328,35,34,0,0,1,0,1,1,2.3650159999999998
186,2.4630421240000002,PLUS_10_OUTBOUND,J2A,0,1,0.24240074668749997,0.76849003124999993,0.0034744406623254103,0,-0.0066938943087125197,0.01674819526083195,5.1984810829162598,2.5968437194824219,-0.58904999494552612,-0.24543750286102295,-0.0234375,0,0.14835937321186066,35,34,0,0,1,0,1,1,2.4218060000000001
187,2.4729939750000001,PLUS_10_OUTBOUND,J2A,0,1,0.25015911664197532,0.78319565432098781,0.0034744406623254103,0,-0.0043510313006631376,0.015073375734748755,5.1984810829162598,2.5968437194824219,0,-0.22089375555515289,-0.01953125,0,0.12363281100988388,35,34,0,0,1,0,1,1,2.3677579999999998
188,2.482995791,PLUS_10_OUTBOUND,J2A,0,1,0.25806489039274694,0.79797046334876565,0.0034744406623254103,0.0017372203311627052,-0.0028281703454310398,0.01356603816127388,5.1984810829162598,2.5970356464385986,0.024543749168515205,0.073631249368190765,-0.0234375,0,0.14835937321186066,35,34,0,0,1,0,1,1,2.4528569999999998
189,2.4928574079999999,PLUS_10_OUTBOUND,J2A,0,1,0.26611875000000002,0.81281249999999983,0.0034744406623254103,0,-0.001838310724530176,0.012209434345146493,5.1984810829162598,2.5968437194824219,0.24543750286102295,-0.36815625429153442,-0.0234375,0,0.14835937321186066,35,34,0,0,1,0,1,1,2.2675239999999999
190,2.503002747,PLUS_10_OUTBOUND,J2A,0,1,0.27432135798688273,0.82771981520061733,0.0052095029558096514,0,0.058662319430871121,0.028090554168293484,5.1982893943786621,2.5968437194824219,0.12271875143051147,-0.34361249208450317,-0.0234375,0,0.14835937321186066,35,34,0,0,1,0,1,1,2.372862
191,2.5130036699999998,PLUS_10_OUTBOUND,J2A,0,1,0.28267335743209876,0.84269046913580237,0.0069445652492938935,0.0017372203311627052,0.098852083300581692,0.042630520371611413,5.1980977058410645,2.5970356464385986,-0.24543750286102295,0.098174996674060822,-0.01953125,0,0.12363281100988388,35,34,0,0,1,0,1,1,2.4074909999999998
192,2.5229930710000001,PLUS_10_OUTBOUND,J2A,0,1,0.29117537206249999,0.85772253124999986,0.0069445652492938935,0,0.064253854145378098,0.038367468334450275,5.1980977058410645,2.5968437194824219,-0.12271875143051147,-0.24543750286102295,-0.0234375,0,0.14835937321186066,35,34,0,0,1,0,1,1,2.364833
193,2.5329926330000001,PLUS_10_OUTBOUND,J2A,0,1,0.29982800634567908,0.87281408024691376,0.0086796275427781355,0,0.10249484543344692,0.05188210442641987,5.1979060173034668,2.5968437194824219,-0.29452499747276306,-0.29452499747276306,-0.02734375,0,0.17308593541383743,35,34,0,0,1,0,1,1,2.3698869999999999
194,2.5430013900000001,PLUS_10_OUTBOUND,J2A,0,1,0.30863184558256168,0.88796320408950635,0.0069445652492938935,0.0017372203311627052,0.0059476015236329532,0.029358451695747155,5.1980977058410645,2.5970356464385986,0,0.12271875143051147,-0.03515625,0,0.22253905981779099,35,34,0,0,1,0,1,1,2.380039
195,2.5530050709999998,PLUS_10_OUTBOUND,J2A,0,1,0.31758745600000005,0.90316800000000019,0.0069445652492938935,0.0017372203311627052,0.0038659409903614196,0.02642260652617244,5.1980977058410645,2.5970356464385986,0,0.098174996674060822,-0.03515625,0,0.22253905981779099,35,34,0,0,1,0,1,1,2.351782
196,2.562991491,PLUS_10_OUTBOUND,J2A,0,1,0.32669538484336408,0.91842657445987641,0.0086796275427781355,0,0.063322621569661813,0.041154562995248598,5.1979060173034668,2.5968437194824219,-0.17180624604225159,-0.24543750286102295,-0.02734375,0,0.17308593541383743,35,34,0,0,1,0,1,1,2.3949400000000001
197,2.5729679729999999,PLUS_10_OUTBOUND,J2A,0,1,0.33595616046913573,0.93373704320987627,0.0086796275427781355,0.0017372203311627052,0.041159704020280179,0.037039106695723738,5.1979060173034668,2.5970356464385986,-0.098174996674060822,0.073631249368190765,-0.03515625,0,0.22253905981779099,35,34,0,0,1,0,1,1,2.3455530000000002
198,2.582991925,PLUS_10_OUTBOUND,J2A,0,1,0.34537029243750006,0.94909753125000007,0.010414689836262378,0.0017372203311627052,0.087335881701274459,0.050644360051320607,5.1977143287658691,2.5970356464385986,-0.34361249208450317,-0.024543749168515205,-0.0390625,0,0.24726562201976776,35,34,0,0,1,0,1,1,2.356776
199,2.5928344980000002,PLUS_10_OUTBOUND,J2A,0,1,0.35493827160493829,0.96450617283950602,0.010414689836262378,0,0.056768323105828397,0.045579924046188547,5.1977143287658691,2.5968437194824219,-0.12271875143051147,-0.19634999334812164,-0.02734375,0,0.17308593541383743,35,34,0,0,1,0,1,1,2.2120769999999998
200,2.6029924860000002,PLUS_10_OUTBOUND,J2A,0,1,0.36466057021682097,0.97996111149691356,0.010414689836262378,0,0.036899410018788457,0.041021931641569691,5.1977143287658691,2.5968437194824219,-0.17180624604225159,-0.24543750286102295,-0.04296875,0,0.27199218422174454,35,34,0,0,1,0,1,1,2.3649469999999999
201,2.612997247,PLUS_10_OUTBOUND,J2A,0,1,0.37453764200000006,0.99546050000000041,0.012149752129746621,0,0.084682898332187687,0.05426210471169135,5.1975226402282715,2.5968437194824219,-0.17180624604225159,-0.29452499747276306,-0.03515625,0,0.22253905981779099,35,34,0,0,1,0,1,1,2.373237
202,2.622998264,PLUS_10_OUTBOUND,J2A,0,1,0.38456992225540115,1.0110025003858025,0.013884814423230861,0,0.11576488886166739,0.066184752796449475,5.1973309516906738,2.5968437194824219,-0.29452499747276306,-0.24543750286102295,-0.04296875,0,0.27199218422174454,35,34,0,0,1,0,1,1,2.3638759999999999
203,2.6329114069999999,PLUS_10_OUTBOUND,J2A,0,1,0.39475782795061731,1.0265852839506173,0.013884814423230861,0,0.0752471777600838,0.059566277516804531,5.1973309516906738,2.5968437194824219,-0.14726249873638153,-0.24543750286102295,-0.0390625,0,0.24726562201976776,35,34,0,0,1,0,1,1,2.3180510000000001
204,2.6430079989999999,PLUS_10_OUTBOUND,J2A,0,1,0.40510175781249991,1.04220703125,0.013884814423230861,0,0.048910665544054474,0.053609649765124077,5.1973309516906738,2.5968437194824219,-0.17180624604225159,-0.36815625429153442,-0.04296875,0,0.27199218422174454,35,34,0,0,1,0,1,1,2.3847700000000001
205,2.652993962,PLUS_10_OUTBOUND,J2A,0,1,0.4156020924197531,1.0578659320987653,0.013884814423230861,0,0.031791932603635407,0.048248684788611669,5.1973309516906738,2.5968437194824219,-0.049087498337030411,-0.24543750286102295,-0.05078125,0,0.32144530862569809,35,34,0,0,1,0,1,1,2.373685
206,2.6629933170000002,PLUS_10_OUTBOUND,J2A,0,1,0.42625919429552472,1.0735601855709878,0.015619876716715105,0.0017372203311627052,0.08139585362009473,0.060775558431959559,5.1971392631530762,2.5970356464385986,-0.24543750286102295,0.098174996674060822,-0.04296875,0,0.27199218422174454,35,34,0,0,1,0,1,1,2.3714900000000001
207,2.672951737,PLUS_10_OUTBOUND,J2A,0,1,0.437073408,1.0892879999999998,0.015619876716715105,0,0.052907304853061575,0.054698002588763603,5.1971392631530762,2.5968437194824219,-0.17180624604225159,-0.26998123526573181,-0.04296875,0,0.27199218422174454,35,34,0,0,1,0,1,1,2.3314629999999998
208,2.6830023750000001,PLUS_10_OUTBOUND,J2A,0,1,0.44804506022299384,1.1050475929783949,0.015619876716715105,0,0.034389748154490023,0.049228202329887241,5.1971392631530762,2.5968437194824219,-0.14726249873638153,0.073631249368190765,-0.0546875,0,0.34617187082767487,35,34,0,0,1,0,1,1,2.4924469999999999
209,2.6930087149999999,PLUS_10_OUTBOUND,J2A,0,1,0.45917445987654315,1.1208371913580244,0.013884814423230861,0.0017372203311627052,-0.038335367333426851,0.026965752487228416,5.1973309516906738,2.5970356464385986,0.29452499747276306,0.12271875143051147,-0.05078125,0,0.32144530862569809,35,34,0,0,1,0,1,1,2.3851849999999999
210,2.7028290450000001,PLUS_10_OUTBOUND,J2A,0,1,0.47046189818749995,1.1366550312500001,0.017359255085556271,0,0.098912293088757458,0.059649257768644132,5.1969470977783203,2.5968437194824219,-0.36815625429153442,-0.24543750286102295,-0.04296875,0,0.27199218422174454,35,34,0,0,1,0,1,1,2.2374170000000002
211,2.71292614,PLUS_10_OUTBOUND,J2A,0,1,0.48190764879012354,1.1524993580246916,0.017359255085556271,0.0017372203311627052,0.064292990507692355,0.053684331991779723,5.1969470977783203,2.5970356464385986,-0.24543750286102295,0.12271875143051147,-0.05078125,0,0.32144530862569809,35,34,0,0,1,0,1,1,2.3052389999999998
212,2.7229801440000001,PLUS_10_OUTBOUND,J2A,0,1,0.49351196781867279,1.1683684263117282,0.015619876716715105,0.0017372203311627052,-0.018760798152239175,0.031015543940533404,5.1971392631530762,2.5970356464385986,0.024543749168515205,0,-0.06640625,0,0.42035155743360519,35,34,0,0,1,0,1,1,2.3619629999999998
213,2.732982072,PLUS_10_OUTBOUND,J2A,0,1,0.50527509400000015,1.1842604999999999,0.015619876716715105,0.0017372203311627052,-0.012194518798955464,0.027913989546480063,5.1971392631530762,2.5970356464385986,0.12271875143051147,0,-0.05078125,0,0.32144530862569809,35,34,0,0,1,0,1,1,2.3605969999999998
214,2.742845414,PLUS_10_OUTBOUND,J2A,0,1,0.51719724874614204,1.2001738522376544,0.017359255085556271,0,0.053795282365623351,0.042757367616101889,5.1969470977783203,2.5968437194824219,-0.22089375555515289,-0.36815625429153442,-0.0546875,0,0.34617187082767487,35,34,0,0,1,0,1,1,2.2221250000000001
215,2.75291752,PLUS_10_OUTBOUND,J2A,0,1,0.52927863624691351,1.2161067654320989,0.015619876716715105,0,-0.025475483281072686,0.021212368906283741,5.1971392631530762,2.5968437194824219,0.29452499747276306,-0.36815625429153442,-0.0546875,0,0.34617187082767487,35,34,0,0,1,0,1,1,2.295884
216,2.7629769180000001,PLUS_10_OUTBOUND,J2A,0,1,0.54151944356250004,1.2320575312500002,0.01909431737904051,0.0017372203311627052,0.10432831221068617,0.053630382399479204,5.1967554092407227,2.5970356464385986,-0.17180624604225159,0,-0.0546875,0,0.34617187082767487,35,34,0,0,1,0,1,1,2.3263240000000001
217,2.7729137499999998,PLUS_10_OUTBOUND,J2A,0,1,0.55391984071604927,1.248024450617284,0.017359255085556271,0,0.0067001826752468782,0.030806424084760104,5.1969470977783203,2.5968437194824219,0.26998123526573181,-0.36815625429153442,-0.0546875,0,0.34617187082767487,35,34,0,0,1,0,1,1,2.3253780000000002
218,2.782982557,PLUS_10_OUTBOUND,J2A,0,1,0.56647998078626549,1.264005833719136,0.01909431737904051,0,0.064667308923852571,0.044957836014838978,5.1967554092407227,2.5968437194824219,-0.049087498337030411,-0.31906875967979431,-0.06640625,0,0.42035155743360519,35,34,0,0,1,0,1,1,2.3586710000000002
219,2.7928288320000001,PLUS_10_OUTBOUND,J2A,0,1,0.57920000000000005,1.2800000000000002,0.022564441966008993,0,0.16538431793771627,0.075705071595415688,5.1963720321655273,2.5968437194824219,-0.63813751935958862,-0.24543750286102295,-0.06640625,0,0.42035155743360519,35,34,0,0,1,0,1,1,2.199668
220,2.8029008979999999,PLUS_10_OUTBOUND,J2A,0,1,0.59208001782484554,1.2960052781635802,0.020829379672524757,0,0.047207131579795447,0.050908085841668366,5.196563720703125,2.5968437194824219,-0.24543750286102295,-0.29452499747276306,-0.06640625,0,0.42035155743360519,35,34,0,0,1,0,1,1,2.3021310000000001
221,2.8129714290000001,PLUS_10_OUTBOUND,J2A,0,1,0.60512013706172851,1.3120200061728395,0.01909431737904051,0,-0.02961722965973267,0.028588172918473039,5.1967554092407227,2.5968437194824219,0.14726249873638153,-0.24543750286102295,-0.0546875,0,0.34617187082767487,35,34,0,0,1,0,1,1,2.342819
222,2.8229801779999999,PLUS_10_OUTBOUND,J2A,0,1,0.61832044393749996,1.3280425312499999,0.020829379672524757,-0.001735062293484242,0.04142289722609134,0.043064811770887904,5.196563720703125,2.5966520309448242,-0.049087498337030411,-0.68722498416900635,-0.0703125,0,0.44507811963558197,35,34,0,0,1,0,1,1,2.3588019999999998
223,2.8329953680000002,PLUS_10_OUTBOUND,J2A,0,1,0.63168100819753081,1.344071209876543,0.022564441966008993,0,0.08755995878908146,0.056082637905833996,5.1963720321655273,2.5968437194824219,0,-0.24543750286102295,-0.06640625,0,0.42035155743360519,35,34,0,0,1,0,1,1,2.378498
224,2.842978558,PLUS_10_OUTBOUND,J2A,0,1,0.64520188319830252,1.3601044077932101,0.022564441966008993,0.0017372203311627052,0.056913973212902952,0.050474374115250596,5.1963720321655273,2.5970356464385986,0.14726249873638153,0.17180624604225159,-0.07421875,0,0.46980468183755875,35,34,0,0,1,0,1,1,2.3576079999999999
225,2.8530071910000001,PLUS_10_OUTBOUND,J2A,0,1,0.65888310599999989,1.3761404999999995,0.026034566552977478,0.0017372203311627052,0.15810167576075201,0.080029106181544143,5.195988655090332,2.5970356464385986,-0.53996247053146362,0.098174996674060822,-0.06640625,0,0.42035155743360519,35,34,0,0,1,0,1,1,2.385688
226,2.862983018,PLUS_10_OUTBOUND,J2A,0,1,0.67272469745910513,1.3921778707561729,0.026034566552977478,0.0017372203311627052,0.10276608924448881,0.072026195563389725,5.195988655090332,2.5970356464385986,-0.31906875967979431,0.073631249368190765,-0.0703125,0,0.44507811963558197,35,34,0,0,1,0,1,1,2.357119
227,2.8728473710000002,PLUS_10_OUTBOUND,J2A,0,1,0.68672666232098789,1.4082149135802469,0.026034566552977478,0,0.066797958008917732,0.064823576007050757,5.195988655090332,2.5968437194824219,-0.17180624604225159,-0.24543750286102295,-0.07421875,0,0.46980468183755875,35,34,0,0,1,0,1,1,2.2540330000000002
228,2.8829807700000001,PLUS_10_OUTBOUND,J2A,0,1,0.70088898931249988,1.4242500312499997,0.024299504259493242,0.0017372203311627052,-0.016509077372877948,0.041219004098152968,5.1961803436279297,2.5970356464385986,-0.049087498337030411,0.12271875143051147,-0.08203125,0,0.5192578062415123,35,34,0,0,1,0,1,1,2.4941330000000002
229,2.8928132030000002,PLUS_10_OUTBOUND,J2A,0,1,0.71521165123456798,1.4402816358024693,0.024299504259493242,0.0034722826246469467,-0.010730900292370666,0.037097103688337671,5.1961803436279297,2.5972273349761963,0.22089375555515289,0.41724374890327454,-0.08203125,0,0.5192578062415123,35,34,0,0,1,0,1,1,2.1913339999999999
230,2.9029698509999999,PLUS_10_OUTBOUND,J2A,0,1,0.7296946050547839,1.4563081485339504,0.026034566552977478,0,0.052815487715458964,0.050470414149646731,5.195988655090332,2.5968437194824219,-0.024543749168515205,-0.31906875967979431,-0.07421875,0,0.46980468183755875,35,34,0,0,1,0,1,1,2.348255
231,2.9129802310000001,PLUS_10_OUTBOUND,J2A,0,1,0.74433779199999994,1.4723280000000001,0.026034566552977478,0,0.034330067015048329,0.045423372734682062,5.195988655090332,2.5968437194824219,0,-0.31906875967979431,-0.08984375,0,0.56871093064546585,35,34,0,0,1,0,1,1,2.3565900000000002
232,2.9228994570000002,PLUS_10_OUTBOUND,J2A,0,1,0.75914113764891977,1.4883396300154321,0.027769628846461721,0,0.083536235929678154,0.058372947566898641,5.1957969665527344,2.5968437194824219,-0.39269998669624329,-0.29452499747276306,-0.08984375,0,0.56871093064546585,35,34,0,0,1,0,1,1,2.2445490000000001
233,2.9329791940000001,PLUS_10_OUTBOUND,J2A,0,1,0.77410455202469131,1.5043414876543211,0.027769628846461721,0.0017372203311627052,0.054298553354290804,0.052535652810208777,5.1957969665527344,2.5970356464385986,-0.51541876792907715,0,-0.1015625,0,0.64289061725139618,35,34,0,0,1,0,1,1,2.3511470000000001
234,2.942875913,PLUS_10_OUTBOUND,J2A,0,1,0.7892279296875,1.5203320312499999,0.026034566552977478,0,-0.026066862330277496,0.029750395526168896,5.195988655090332,2.5968437194824219,0.12271875143051147,-0.34361249208450317,-0.0859375,0,0.54398436844348907,35,34,0,0,1,0,1,1,2.2851819999999998
235,2.9529481880000001,PLUS_10_OUTBOUND,J2A,0,1,0.80451114982716043,1.5363097283950617,0.027769628846461721,0.0017372203311627052,0.043347963490271216,0.044001477117823887,5.1957969665527344,2.5970356464385986,-0.24543750286102295,0.14726249873638153,-0.0859375,0,0.54398436844348907,35,34,0,0,1,0,1,1,2.324058
236,2.9629807910000001,PLUS_10_OUTBOUND,J2A,0,1,0.81995407635570994,1.5522730559413578,0.027769628846461721,0,0.02817617626867629,0.039601329406041497,5.1957969665527344,2.5968437194824219,0.31906875967979431,-0.26998123526573181,-0.08984375,0,0.56871093064546585,35,34,0,0,1,0,1,1,2.358924
237,2.9728050600000002,PLUS_10_OUTBOUND,J2A,0,1,0.83555655800000006,1.5682205000000002,0.03124406950878713,0.0017372203311627052,0.14209514719105915,0.071007091498700076,5.1954131126403809,2.5970356464385986,-0.29452499747276306,0.098174996674060822,-0.09375,0,0.59343749284744263,35,34,0,0,1,0,1,1,2.1829860000000001
238,2.9828642250000001,PLUS_10_OUTBOUND,J2A,0,1,0.85131842839428995,1.584150555941358,0.03124406950878713,0,0.092361845674188453,0.063906382348830074,5.1954131126403809,2.5968437194824219,-0.29452499747276306,-0.24543750286102295,-0.10546875,0,0.66761717945337296,35,34,0,0,1,0,1,1,2.269644
239,2.9928445180000001,PLUS_10_OUTBOUND,J2A,0,1,0.86723950617283974,1.6000617283950622,0.03124406950878713,0.0017372203311627052,0.060035199688222497,0.057515744113947068,5.1954131126403809,2.5970356464385986,-0.24543750286102295,-0.39269998669624329,-0.1015625,0,0.64289061725139618,35,34,0,0,1,0,1,1,2.262991
240,3.0029673190000001,PLUS_10_OUTBOUND,J2A,0,1,0.88331959506249991,1.61595253125,0.029504691139945961,0.0017372203311627052,-0.021116841322768767,0.03458139223966282,5.1956052780151367,2.5970356464385986,0,0.073631249368190765,-0.10546875,0,0.66761717945337296,35,34,0,0,1,0,1,1,2.2940330000000002
241,3.0129686150000001,PLUS_10_OUTBOUND,J2A,0,1,0.89955848397530891,1.6318214876543211,0.03124406950878713,0,0.047144407251748406,0.048514782761853142,5.1954131126403809,2.5968437194824219,-0.24543750286102295,-0.26998123526573181,-0.08984375,0,0.56871093064546585,35,34,0,0,1,0,1,1,2.3692829999999998
242,3.0229678359999999,PLUS_10_OUTBOUND,J2A,0,1,0.9159559471010803,1.6476671300154322,0.03124406950878713,0,0.030643864713636466,0.043663304485667832,5.1954131126403809,2.5968437194824219,-0.24543750286102295,-0.31906875967979431,-0.10546875,0,0.66761717945337296,35,34,0,0,1,0,1,1,2.3439239999999999
243,3.0329654719999999,PLUS_10_OUTBOUND,J2A,0,1,0.93251174400000014,1.6634879999999999,0.03124406950878713,0.0017372203311627052,0.019918512063863702,0.03929697403710105,5.1954131126403809,2.5970356464385986,-0.14726249873638153,0,-0.1015625,0,0.64289061725139618,35,34,0,0,1,0,1,1,2.336182
244,3.0429640459999998,PLUS_10_OUTBOUND,J2A,0,1,0.94922561969521602,1.6792826485339507,0.03124406950878713,0.0017372203311627052,0.012947032841511406,0.035367276633390947,5.1954131126403809,2.5970356464385986,-0.12271875143051147,0.098174996674060822,-0.10546875,0,0.66761717945337296,35,34,0,0,1,0,1,1,2.3404750000000001
245,3.0529655330000001,PLUS_10_OUTBOUND,J2A,0,1,0.96609730476543221,1.6950496358024691,0.03124406950878713,0,0.0084155713469824152,0.031830548970051852,5.1954131126403809,2.5968437194824219,-0.073631249368190765,-0.34361249208450317,-0.10546875,0,0.66761717945337296,35,34,0,0,1,0,1,1,2.3400180000000002
246,3.0629664380000001,PLUS_10_OUTBOUND,J2A,0,1,0.98312651543749974,1.7107875312499998,0.03124406950878713,0.0017372203311627052,0.0054701213755385704,0.028647494073046668,5.1954131126403809,2.5970356464385986,-0.098174996674060822,0.073631249368190765,-0.109375,0,0.69234374165534973,35,34,0,0,1,0,1,1,2.3466309999999999
247,3.072957449,PLUS_10_OUTBOUND,J2A,0,1,1.0003129536790125,1.7264949135802468,0.029504691139945961,0.0017372203311627052,-0.057377436703061849,0.0083733116379814537,5.1956052780151367,2.5970356464385986,0.12271875143051147,0,-0.12109375,0,0.76652342826128006,35,34,0,0,1,0,1,1,2.333183
248,3.0828449579999999,PLUS_10_OUTBOUND,J2A,0,1,1.0176563072908948,1.7421703707561729,0.03124406950878713,0,0.024275525809930448,0.025127654664732067,5.1954131126403809,2.5968437194824219,-0.17180624604225159,0.024543749168515205,-0.109375,0,0.69234374165534973,35,34,0,0,1,0,1,1,2.2479339999999999
249,3.092965805,PLUS_10_OUTBOUND,J2A,0,1,1.03515625,1.7578125,0.03124406950878713,0.0017372203311627052,0.015779091776454791,0.02261488919825886,5.1954131126403809,2.5970356464385986,-0.024543749168515205,-0.024543749168515205,-0.12109375,0,0.76652342826128006,35,34,0,0,1,0,1,1,2.3419029999999998
250,3.1029687830000001,PLUS_10_OUTBOUND,J2A,0,1,1.0528124415516975,1.7734199077932098,0.03124406950878713,0.0017372203311627052,0.010256409654695615,0.020353400278432975,5.1954131126403809,2.5970356464385986,-0.14726249873638153,0,-0.12109375,0,0.76652342826128006,35,34,0,0,1,0,1,1,2.3529119999999999
251,3.112967077,PLUS_10_OUTBOUND,J2A,0,1,1.0706245278024691,1.7889912098765437,0.03124406950878713,0,0.0066666662755521496,0.018318060250589678,5.1954131126403809,2.5968437194824219,-0.073631249368190765,-0.31906875967979431,-0.1328125,0,0.84070311486721039,35,34,0,0,1,0,1,1,2.3436569999999999
252,3.122959582,PLUS_10_OUTBOUND,J2A,0,1,1.0885921408124999,1.8045250312500003,0.03124406950878713,-0.001735062293484242,0.0043333330791088974,0.016486254225530711,5.1954131126403809,2.5966520309448242,0,-0.61359375715255737,-0.13671875,0,0.86542967706918716,35,34,0,0,1,0,1,1,2.3359930000000002
253,3.1328479790000001,PLUS_10_OUTBOUND,J2A,0,1,1.1067148989382716,1.8200200061728391,0.03124406950878713,0,0.0028166665014207836,0.01483762880297764,5.1954131126403809,2.5968437194824219,-0.17180624604225159,-0.36815625429153442,-0.13671875,0,0.86542967706918716,35,34,0,0,1,0,1,1,2.2189450000000002
254,3.1429722089999999,PLUS_10_OUTBOUND,J2A,0,1,1.1249924069251547,1.8354747781635805,0.034714194095755609,0,0.12179488041163535,0.047629307975740408,5.1950297355651855,2.5968437194824219,-0.22089375555515289,-0.24543750286102295,-0.12109375,0,0.76652342826128006,35,34,0,0,1,0,1,1,2.3523200000000002
255,3.1529588099999999,PLUS_10_OUTBOUND,J2A,0,1,1.1434242560000003,1.8508879999999996,0.043389505563176833,0.0017372203311627052,0.38320996123018564,0.12973588831034427,5.1940712928771973,2.5970356464385986,-0.61359375715255737,0.12271875143051147,-0.140625,0,0.89015623927116394,35,34,0,0,1,0,1,1,2.3597220000000001
256,3.1629684999999998,PLUS_10_OUTBOUND,J2A,0,1,1.1620100239637348,1.8662583337191361,0.041654443269692587,0.0017372203311627052,0.18841808220010076,0.099428473022304148,5.1942629814147949,2.5970356464385986,-0.12271875143051147,0.12271875143051147,-0.125,0,0.79124999046325684,35,34,0,0,1,0,1,1,2.343045
257,3.1728323870000001,PLUS_10_OUTBOUND,J2A,0,1,1.1807492752839504,1.8815844506172839,0.043389505563176833,0.0017372203311627052,0.18403691559377117,0.10707567205256108,5.1940712928771973,2.5970356464385986,-0.34361249208450317,0,-0.1328125,0,0.84070311486721039,35,34,0,0,1,0,1,1,2.2081949999999999
258,3.1827201839999999,PLUS_10_OUTBOUND,J2A,0,1,1.1996415611875002,1.8968650312500002,0.045128883932017985,0,0.18119306144004491,0.11395926664847458,5.1938791275024414,2.5968437194824219,-0.63813751935958862,-0.24543750286102295,-0.140625,0,0.89015623927116394,35,34,0,0,1,0,1,1,2.1370619999999998
259,3.1928377370000001,PLUS_10_OUTBOUND,J2A,0,1,1.2186864197530864,1.9120987654320987,0.043389505563176833,0.0017372203311627052,0.057604574192430619,0.085371649771170385,5.1940712928771973,2.5970356464385986,0,-0.024543749168515205,-0.1484375,0,0.93960936367511749,35,34,0,0,1,0,1,1,2.2101989999999998
260,3.2028329059999998,PLUS_10_OUTBOUND,J2A,0,1,1.2378833760038574,1.9272843522376539,0.045128883932017985,0.0017372203311627052,0.098350640628644403,0.09423667548078607,5.1938791275024414,2.5970356464385986,-0.34361249208450317,0,-0.15234375,0,0.96433592587709427,35,34,0,0,1,0,1,1,2.1758229999999998
261,3.2128310999999998,PLUS_10_OUTBOUND,J2A,0,1,1.2572319420000002,1.9424205000000003,0.046863946225502232,0,0.12466606599038185,0.10216676495606831,5.1936874389648438,2.5968437194824219,-0.36815625429153442,-0.24543750286102295,-0.1484375,0,0.93960936367511749,35,34,0,0,1,0,1,1,2.136034
262,3.2228200220000001,PLUS_10_OUTBOUND,J2A,0,1,1.276731616931327,1.957505926311728,0.046863946225502232,-0.001735062293484242,0.081032942893748211,0.091950088460461488,5.1936874389648438,2.5966520309448242,-0.024543749168515205,-0.58904999494552612,-0.1484375,0,0.93960936367511749,35,34,0,0,1,0,1,1,2.2277010000000002
263,3.2327596930000002,PLUS_10_OUTBOUND,J2A,0,1,1.2963818872098762,1.972539358024691,0.048599008518986485,-0.001735062293484242,0.11376717779302241,0.10021101244643994,5.1934957504272461,2.5966520309448242,-0.24543750286102295,-0.68722498416900635,-0.140625,0,0.89015623927116394,35,34,0,0,1,0,1,1,2.1363989999999999
264,3.2428185709999999,PLUS_10_OUTBOUND,J2A,0,1,1.3161822265625003,1.9875195312499996,0.050334070812470724,0,0.1343203892029817,0.10743897509822942,5.1933040618896484,2.5968437194824219,-0.24543750286102295,-0.24543750286102295,-0.15625,0,0.98906248807907104,35,34,0,0,1,0,1,1,2.1932870000000002
265,3.2528174619999999,PLUS_10_OUTBOUND,J2A,0,1,1.3361320961234566,2.0024451913580243,0.050334070812470724,0.0017372203311627052,0.087308252981938103,0.096695077588406481,5.1933040618896484,2.5970356464385986,-0.24543750286102295,0.073631249368190765,-0.1484375,0,0.93960936367511749,35,34,0,0,1,0,1,1,2.1935519999999999
266,3.2627962309999998,PLUS_10_OUTBOUND,J2A,0,1,1.356230944527006,2.0173150929783952,0.052069133105954957,0.0017372203311627052,0.11760674890005909,0.10441310824722277,5.1931123733520508,2.5970356464385986,-0.34361249208450317,0.024543749168515205,-0.15234375,0,0.96433592587709427,35,34,0,0,1,0,1,1,2.1549640000000001
267,3.2728079440000002,PLUS_10_OUTBOUND,J2A,0,1,1.3764782080000002,2.0321280000000002,0.062483822942217333,0.0017372203311627052,0.44053207514483239,0.19799685123958449,5.1919617652893066,2.5970356464385986,-0.36815625429153442,0.17180624604225159,-0.15234375,0,0.96433592587709427,35,34,0,0,1,0,1,1,2.1825369999999999
268,3.2828058179999999,PLUS_10_OUTBOUND,J2A,0,1,1.3968733104544757,2.0468826855709881,0.064218885235701587,0.0017372203311627052,0.34708594245999425,0.19555147857729838,5.191770076751709,2.5970356464385986,-0.24543750286102295,0.049087498337030411,-0.15625,0,0.98906248807907104,35,34,0,0,1,0,1,1,2.295474
269,3.2928147179999998,PLUS_10_OUTBOUND,J2A,0,1,1.4174156635802468,2.0615779320987655,0.064218885235701587,0.0017372203311627052,0.22560586259899626,0.17599633071956855,5.191770076751709,2.5970356464385986,-0.073631249368190765,0.049087498337030411,-0.1640625,0,1.0385156124830246,35,34,0,0,1,0,1,1,2.2181289999999998
270,3.3028073760000001,PLUS_10_OUTBOUND,J2A,0,1,1.4381046669374997,2.0762125312500004,0.067689009822670065,0,0.26818740854278511,0.19312343989145098,5.1913866996765137,2.5968437194824219,-0.19634999334812164,-0.22089375555515289,-0.15625,0,0.98906248807907104,35,34,0,0,1,0,1,1,2.1821489999999999
271,3.3127494419999999,PLUS_10_OUTBOUND,J2A,0,1,1.4589397080493827,2.090785283950618,0.07289851277847971,0,0.35771690008890283,0.22620969148404663,5.1908111572265625,2.5968437194824219,-0.098174996674060822,-0.19634999334812164,-0.1640625,0,1.0385156124830246,35,34,0,0,1,0,1,1,2.1244360000000002
272,3.3228120799999998,PLUS_10_OUTBOUND,J2A,0,1,1.4799201624945986,2.1052950003858029,0.074633575071963956,0,0.29286515022893667,0.22083134095597048,5.1906194686889648,2.5968437194824219,-0.17180624604225159,-0.24543750286102295,-0.17578125,0,1.1126952990889549,35,34,0,0,1,0,1,1,2.2053560000000001
273,3.3328233360000001,PLUS_10_OUTBOUND,J2A,0,1,1.5010453939999999,2.1197404999999994,0.074633575071963956,0.0017372203311627052,0.19036234764880883,0.19874820686037345,5.1906194686889648,2.5970356464385986,0.024543749168515205,0.073631249368190765,-0.18359375,0,1.1621484234929085,35,34,0,0,1,0,1,1,2.2005680000000001
274,3.3426839799999999,PLUS_10_OUTBOUND,J2A,0,1,1.5223147545331794,2.1341206114969138,0.083308886539385174,0,0.43166257552320553,0.26685254318904461,5.1896610260009766,2.5968437194824219,-0.58904999494552612,-0.24543750286102295,-0.1640625,0,1.0385156124830246,35,34,0,0,1,0,1,1,2.0640480000000001
275,3.3529476599999999,PLUS_10_OUTBOUND,J2A,0,1,1.5437275843950615,2.1484341728395067,0.09545863866913179,0,0.6948972978947342,0.35854346710004037,5.1883187294006348,2.5968437194824219,-0.36815625429153442,-0.24543750286102295,-0.15625,0,0.98906248807907104,35,34,0,0,1,0,1,1,2.3171050000000002
276,3.362767297,PLUS_10_OUTBOUND,J2A,0,1,1.5652832123125,2.1626800312499999,0.12149320522210925,-0.003470124586968484,1.3796297953770251,0.58781670660302154,5.1854424476623535,2.5964603424072266,-0.36815625429153442,-0.83448749780654907,-0.1328125,0,0.84070311486721039,35,34,0,0,1,0,1,1,2.1671749999999999
277,3.372809701,PLUS_10_OUTBOUND,J2A,0,1,1.5869809555308643,2.1768570432098771,0.18223764979548543,0,3.0138376682346548,1.133914550582602,5.1787314414978027,2.5968437194824219,-0.83448749780654907,0.098174996674060822,-0.08203125,0,0.5192578062415123,35,34,0,0,1,0,1,1,2.1862279999999998
278,3.3827080399999998,PLUS_10_OUTBOUND,J2A,0,1,1.6088201199066359,2.1909640744598766,0.26034134945441784,-0.001735062293484242,4.7206997442579368,1.809581741211602,5.170102596282959,2.5966520309448242,-0.46633124351501465,0.024543749168515205,-0.09375,0,0.59343749284744263,35,34,0,0,1,0,1,1,2.1278220000000001
279,3.3928164939999998,PLUS_10_OUTBOUND,J2A,0,1,1.6308000000000002,2.2050000000000001,0.28811097830087962,-0.003470124586968484,4.0299638930423587,1.9033404411689276,5.1670346260070801,2.5964603424072266,-0.26998123526573181,-0.31906875967979431,-0.140625,0,0.89015623927116394,35,34,0,0,1,0,1,1,2.1895229999999999
280,3.4028126909999998,PLUS_10_OUTBOUND,J2A,0,1,1.6529198791674387,2.2189637040895063,0.29679060584365774,-0.003470124586968484,2.9233790686100196,1.7998356936613167,5.1660757064819336,2.5964603424072266,-0.24543750286102295,-0.29452499747276306,-0.15234375,0,0.96433592587709427,35,34,0,0,1,0,1,1,2.1878500000000001
281,3.4127034790000002,PLUS_10_OUTBOUND,J2A,0,1,1.675179029654321,2.2328540802469141,0.30199579272411048,-0.003470124586968484,2.0843895456536785,1.6724787388829467,5.1655006408691406,2.5964603424072266,0.26998123526573181,-0.31906875967979431,-0.1640625,0,1.0385156124830246,35,34,0,0,1,0,1,1,2.0844309999999999
282,3.4228134030000001,PLUS_10_OUTBOUND,J2A,0,1,1.6975767126874999,2.2466700312499999,0.30894035797340436,-0.001735062293484242,1.595270228309575,1.5739214431759905,5.1647334098815918,2.5966520309448242,-0.29452499747276306,0.098174996674060822,-0.16796875,0,1.0632421746850014,35,34,0,0,1,0,1,1,2.1924929999999998
283,3.4328826370000001,PLUS_10_OUTBOUND,J2A,0,1,1.720112178567901,2.2604104691358025,0.31761566944082559,-0.003470124586968484,1.3384738112105747,1.5026859168039204,5.1637749671936035,2.5964603424072266,-0.31906875967979431,-0.31906875967979431,-0.1640625,0,1.0385156124830246,35,34,0,0,1,0,1,1,2.2752699999999999
284,3.4429572479999999,PLUS_10_OUTBOUND,J2A,0,1,1.7427846667631175,2.2740743152006173,0.32456023469011946,-0.001735062293484242,1.1112676981091361,1.4213486739298891,5.1630077362060547,2.5966520309448242,0,0.073631249368190765,-0.1640625,0,1.0385156124830246,35,34,0,0,1,0,1,1,2.3304179999999999
285,3.4529424479999999,PLUS_10_OUTBOUND,J2A,0,1,1.765593406,2.2876605000000003,0.33670998681986608,-0.001735062293484242,1.1481956183015742,1.4008914106885104,5.1616654396057129,2.5966520309448242,-0.24543750286102295,0.12271875143051147,-0.15625,0,0.98906248807907104,35,34,0,0,1,0,1,1,2.3181379999999998
286,3.4629549449999999,PLUS_10_OUTBOUND,J2A,0,1,1.7885376143572531,2.3011679633487656,0.35406492583006544,-0.003470124586968484,1.3529918683568423,1.4341350457513222,5.1597480773925781,2.5964603424072266,-0.098174996674060822,-0.024543749168515205,-0.15625,0,0.98906248807907104,35,34,0,0,1,0,1,1,2.3574139999999999
287,3.4729494839999999,PLUS_10_OUTBOUND,J2A,0,1,1.811616499358025,2.3145956543209887,0.38183455467652716,-0.003470124586968484,1.851912788873558,1.5685695624452216,5.1566801071166992,2.5964603424072266,-0.34361249208450317,-0.049087498337030411,-0.13671875,0,0.86542967706918716,35,34,0,0,1,0,1,1,2.3225579999999999
288,3.4828692110000001,PLUS_10_OUTBOUND,J2A,0,1,1.8348292580624999,2.3279425312499997,0.42175393565273545,-0.005205186880452726,2.6122279758712024,1.8141367956588108,5.1522698402404785,2.5962686538696289,-0.41724374890327454,-0.22089375555515289,-0.125,0,0.79124999046325684,35,34,0,0,1,0,1,1,2.2639230000000001
289,3.4929343560000001,PLUS_10_OUTBOUND,J2A,0,1,1.8581750771604935,2.3412075617283952,0.46514344121591233,-0.005205186880452726,3.2067517780163142,2.063809857150082,5.1474761962890625,2.5962686538696289,-0.61359375715255737,-0.14726249873638153,-0.1328125,0,0.84070311486721039,35,34,0,0,1,0,1,1,2.3099789999999998
290,3.5028175969999999,PLUS_10_OUTBOUND,J2A,0,1,1.8816531330640434,2.3543897226080244,0.48770356710656448,-0.005205186880452726,2.8833213197758027,2.0856953468822734,5.1449837684631348,2.5962686538696289,-0.098174996674060822,-0.073631249368190765,-0.140625,0,0.89015623927116394,35,34,0,0,1,0,1,1,2.220879
291,3.51294211,PLUS_10_OUTBOUND,J2A,0,1,1.9052625920000008,2.3674879999999998,0.49464813235585825,-0.0069424072116154303,2.1142294506079979,1.9457174101236823,5.1442165374755859,2.5960767269134521,0.31906875967979431,-0.41724374890327454,-0.16796875,0,1.0632421746850014,35,34,0,0,1,0,1,1,2.3215140000000001
292,3.5229259399999999,PLUS_10_OUTBOUND,J2A,0,1,1.9290026101026236,2.3805013892746913,0.50332344382327954,-0.005205186880452726,1.6783768187067336,1.8380392907717527,5.1432580947875977,2.5962686538696289,-0.63813751935958862,0,-0.171875,0,1.0879687368869781,35,34,0,0,1,0,1,1,2.3003779999999998
293,3.5328251530000001,PLUS_10_OUTBOUND,J2A,0,1,1.9528723335061726,2.393428895061728,0.50506282219212073,-0.005205186880452726,1.1524429956008249,1.6718062369635627,5.1430659294128418,2.5962686538696289,-0.34361249208450317,0,-0.1875,0,1.1868749856948853,35,34,0,0,1,0,1,1,2.244688
294,3.542924626,PLUS_10_OUTBOUND,J2A,0,1,1.9768708984375003,2.40626953125,0.50679788448560492,-0.0069424072116154303,0.80921700562898125,1.521805344263905,5.1428742408752441,2.5960767269134521,-0.024543749168515205,-0.63813751935958862,-0.1875,0,1.1868749856948853,35,34,0,0,1,0,1,1,2.3033640000000002
295,3.5529292809999999,PLUS_10_OUTBOUND,J2A,0,1,2.0009974313086416,2.4190223209876542,0.5120030713660576,-0.0069424072116154303,0.70808782842602902,1.4216524597709979,5.1422991752624512,2.5960767269134521,-0.31906875967979431,-0.39269998669624329,-0.17578125,0,1.1126952990889549,35,34,0,0,1,0,1,1,2.2728389999999998
296,3.5629374170000001,PLUS_10_OUTBOUND,J2A,0,1,2.0252510488094133,2.431686296682098,0.51894763661535148,-0.0069424072116154303,0.7031192795235649,1.3488764112357972,5.1415319442749023,2.5960767269134521,-0.7608562707901001,-0.29452499747276306,-0.16796875,0,1.0632421746850014,35,34,0,0,1,0,1,1,2.3166169999999999
297,3.5729348669999998,PLUS_10_OUTBOUND,J2A,0,1,2.049630858,2.4442605000000004,0.51894763661535148,-0.003470124586968484,0.45702753169031718,1.2139887701122174,5.1415319442749023,2.5964603424072266,-0.073631249368190765,0.46633124351501465,-0.17578125,0,1.1126952990889549,35,34,0,0,1,0,1,1,2.3138589999999999
298,3.5828166170000002,PLUS_10_OUTBOUND,J2A,0,1,2.0741359564035493,2.4567439818672838,0.52762294808277277,-0.003470124586968484,0.60433725715888942,1.1803811392610479,5.1405735015869141,2.5964603424072266,-0.39269998669624329,0.26998123526573181,-0.1875,0,1.1868749856948853,35,34,0,0,1,0,1,1,2.199554
299,3.5927526759999999,PLUS_10_OUTBOUND,J2A,0,1,2.0987654320987654,2.4691358024691348,0.53630257562555084,-0.0069424072116154303,0.6985611254865931,1.1496978562873188,5.1396145820617676,2.5960767269134521,-0.073631249368190765,-0.34361249208450317,-0.17578125,0,1.1126952990889549,35,34,0,0,1,0,1,1,2.129248
300,3.6028992230000001,PLUS_10_OUTBOUND,J2A,0,1,2.1235183638125004,2.4814350312500002,0.55192245234226589,-0.005205186880452726,0.99286446815156681,1.1886708525400957,5.1378889083862305,2.5962686538696289,-0.26998123526573181,0.12271875143051147,-0.1640625,0,1.0385156124830246,35,34,0,0,1,0,1,1,2.2749860000000002
301,3.6129268450000001,PLUS_10_OUTBOUND,J2A,0,1,2.1483938210123457,2.4936407469135804,0.57622195660175923,-0.0086774695050996723,1.4935018213020419,1.3121294578585216,5.1352043151855469,2.5958850383758545,-0.61359375715255737,-0.36815625429153442,-0.16796875,0,1.0632421746850014,35,34,0,0,1,0,1,1,2.305615
302,3.6229333690000001,PLUS_10_OUTBOUND,J2A,0,1,2.1733908639992281,2.5057520374228393,0.62828677363235719,-0.010412531798583915,2.7918567069839573,1.7012252329691353,5.1294522285461426,2.5956933498382568,-0.9817500114440918,-0.58904999494552612,-0.10546875,0,0.66761717945337296,35,34,0,0,1,0,1,1,2.3134389999999998
303,3.632936151,PLUS_10_OUTBOUND,J2A,0,1,2.1985085440000005,2.5177680000000002,0.70639047329128968,-0.0086774695050996723,4.5475760633897169,2.3119224822008348,5.1208233833312988,2.5958850383758545,-0.80994373559951782,0,-0.09375,0,0.59343749284744263,35,34,0,0,1,0,1,1,2.250489
304,3.6429076970000001,PLUS_10_OUTBOUND,J2A,0,1,2.2237459032600309,2.5296877411265428,0.75151504114795065,-0.0086774695050996723,4.5397910502357828,2.5332635508471708,5.1158380508422852,2.5958850383758545,-0.68722498416900635,0.19634999334812164,-0.1484375,0,0.93960936367511749,35,34,0,0,1,0,1,1,2.2808679999999999
305,3.6528098089999999,PLUS_10_OUTBOUND,J2A,0,1,2.2491019751358019,2.5415103765432105,0.7723444208204755,-0.010412531798583915,3.6870993298000339,2.4902900949472464,5.1135368347167969,2.5956933498382568,-0.19634999334812164,-0.073631249368190765,-0.1640625,0,1.0385156124830246,35,34,0,0,1,0,1,1,2.2240280000000001
306,3.6628434300000001,PLUS_10_OUTBOUND,J2A,0,1,2.2745757841874998,2.5532350312500003,0.79664392507996873,-0.010412531798583915,3.2442473871388313,2.4834418919578956,5.1108522415161133,2.5956933498382568,-0.36815625429153442,-0.049087498337030411,-0.15234375,0,0.96433592587709427,35,34,0,0,1,0,1,1,2.2227299999999999
307,3.6729033630000001,PLUS_10_OUTBOUND,J2A,0,1,2.3001663462716051,2.5648608395061734,0.82961874080688314,-0.012147594092068156,3.2560035819271551,2.562881354272653,5.1072092056274414,2.5955016613006592,-0.80994373559951782,-0.39269998669624329,-0.13671875,0,0.86542967706918716,35,34,0,0,1,0,1,1,2.2271610000000002
308,3.6829094179999999,PLUS_10_OUTBOUND,J2A,0,1,2.3258726686334876,2.5763869448302468,0.88862812308677508,-0.012147594092068156,4.1804809084685797,2.8963299560499389,5.1006898880004883,2.5955016613006592,-1.0553812980651855,-0.24543750286102295,-0.09375,0,0.59343749284744263,35,34,0,0,1,0,1,1,2.26735
309,3.6929303579999999,PLUS_10_OUTBOUND,J2A,0,1,2.3516937499999995,2.5878124999999996,0.94590244307318283,-0.013884814423230861,4.7177249265970751,3.1782433421856591,5.0943622589111328,2.5953097343444824,-0.36815625429153442,-0.24543750286102295,-0.125,0,0.79124999046325684,35,34,0,0,1,0,1,1,2.3043439999999999
310,3.70281007,PLUS_10_OUTBOUND,J2A,0,1,2.3776285806720678,2.5991366670524703,0.98408676175590692,-0.013884814423230861,4.4192439880285512,3.246911232464365,5.0901436805725098,2.5953097343444824,-0.098174996674060822,-0.098174996674060822,-0.13671875,0,0.86542967706918716,35,34,0,0,1,0,1,1,2.2279900000000001
311,3.7128024119999998,PLUS_10_OUTBOUND,J2A,0,1,2.4036761426172841,2.6103586172839499,1.0066512037219157,-0.013884814423230861,3.6628693192736557,3.1480374598050993,5.0876507759094238,2.5953097343444824,-0.098174996674060822,0,-0.140625,0,0.89015623927116394,35,34,0,0,1,0,1,1,2.180355
312,3.7229109509999998,PLUS_10_OUTBOUND,J2A,0,1,2.4298354095625001,2.62147753125,1.0396260194488303,-0.013884814423230861,3.522591424159109,3.1594412471477988,5.084007740020752,2.5953097343444824,-0.63813751935958862,0.12271875143051147,-0.125,0,0.79124999046325684,35,34,0,0,1,0,1,1,2.2901310000000001
313,3.7328222850000001,PLUS_10_OUTBOUND,J2A,0,1,2.45610534708642,2.6324925987654324,1.0986354017287223,-0.013884814423230861,4.3734890677386442,3.4388698773002258,5.0774884223937988,2.5953097343444824,-0.9326624870300293,0.26998123526573181,-0.07421875,0,0.46980468183755875,35,34,0,0,1,0,1,1,2.2009189999999998
314,3.742920018,PLUS_10_OUTBOUND,J2A,0,1,2.4824849127121915,2.6434030189043205,1.2027736679406322,-0.015619876716715105,6.452329879296423,4.1262863139320043,5.0659832954406738,2.5951180458068848,-1.251731276512146,0.26998123526573181,-0.05078125,0,0.32144530862569809,35,34,0,0,1,0,1,1,2.297177
315,3.7527744649999999,PLUS_10_OUTBOUND,J2A,0,1,2.5089730560000003,2.6542080000000001,1.2669882371009769,-0.019090001303683587,6.4747207063418895,4.3652880496242945,5.0588889122009277,2.5947346687316895,-1.1290124654769897,-0.24543750286102295,-0.09375,0,0.59343749284744263,35,34,0,0,1,0,1,1,2.1918129999999998
316,3.7628927239999999,PLUS_10_OUTBOUND,J2A,0,1,2.5355687186396607,2.6649067596450622,1.3312071223366784,-0.019090001303683587,6.4299594941308804,4.5634423975214808,5.0517940521240234,2.5947346687316895,-0.56450623273849487,0.12271875143051147,-0.06640625,0,0.42035155743360519,35,34,0,0,1,0,1,1,2.2716159999999999
317,3.772885284,PLUS_10_OUTBOUND,J2A,0,1,2.5622708345432099,2.6754985246913576,1.3971610698658643,-0.022562283928330536,6.4895805542275289,4.767128695781464,5.0445075035095215,2.594351053237915,-0.34361249208450317,-0.22089375555515289,-0.09375,0,0.59343749284744263,35,34,0,0,1,0,1,1,2.2647089999999999
318,3.782891684,PLUS_10_OUTBOUND,J2A,0,1,2.5890783299374998,2.6859825312499996,1.4179861334630322,-0.020827221634846294,4.9466384030813577,4.4985332670128786,5.0422067642211914,2.5945427417755127,-0.46633124351501465,0.17180624604225159,-0.125,0,0.79124999046325684,35,34,0,0,1,0,1,1,2.2711060000000001
319,3.7929003259999998,PLUS_10_OUTBOUND,J2A,0,1,2.6159901234567902,2.696358024691357,1.4231956364188418,-0.022562283928330536,3.3974901296763207,4.1007299882182879,5.0416312217712402,2.594351053237915,-0.14726249873638153,-0.098174996674060822,-0.1484375,0,0.93960936367511749,35,34,0,0,1,0,1,1,2.2766510000000002
320,3.8027875830000002,PLUS_10_OUTBOUND,J2A,0,1,2.6430051262353405,2.7066242596450625,1.4284008232992944,-0.022562283928330536,2.3926275155744259,3.7433023983349782,5.0410561561584473,2.594351053237915,-0.049087498337030411,0.049087498337030411,-0.15234375,0,0.96433592587709427,35,34,0,0,1,0,1,1,2.1740919999999999
321,3.812890007,PLUS_10_OUTBOUND,J2A,0,1,2.6701222419999997,2.7167805,1.4318709478862628,-0.024297346221814779,1.6754308737287802,3.4033215838173101,5.040672779083252,2.5941593647003174,-0.24543750286102295,-0.024543749168515205,-0.15234375,0,0.96433592587709427,35,34,0,0,1,0,1,1,2.2678820000000002
322,3.8228926379999999,PLUS_10_OUTBOUND,J2A,0,1,2.6973403671628078,2.7268260189043203,1.4301358855927788,-0.022562283928330536,1.0283188607703697,3.0456433662489113,5.0408644676208496,2.594351053237915,0.049087498337030411,0.024543749168515205,-0.1640625,0,1.0385156124830246,35,34,0,0,1,0,1,1,2.2758970000000001
323,3.8328206169999999,PLUS_10_OUTBOUND,J2A,0,1,2.7246583909135804,2.7367600987654321,1.4318709478862628,-0.022562283928330536,0.72957497578210939,2.7585555199901255,5.040672779083252,2.594351053237915,-0.098174996674060822,-0.14726249873638153,-0.15625,0,0.98906248807907104,35,34,0,0,1,0,1,1,2.197219
324,3.8428926269999999,PLUS_10_OUTBOUND,J2A,0,1,2.7520751953125,2.74658203125,1.4388155131355569,-0.024297346221814779,0.71554575809005216,2.5516491176573073,5.0399055480957031,2.5941593647003174,-0.22089375555515289,-0.26998123526573181,-0.1640625,0,1.0385156124830246,35,34,0,0,1,0,1,1,2.2713510000000001
325,3.852763843,PLUS_10_OUTBOUND,J2A,0,1,2.7795896553827153,2.7562911172839506,1.4405505754290411,-0.024297346221814779,0.52662419514610825,2.3140611922880265,5.0397138595581055,2.5941593647003174,-0.22089375555515289,-0.24543750286102295,-0.16796875,0,1.0632421746850014,35,34,0,0,1,0,1,1,2.1835490000000002
326,3.8629001719999998,PLUS_10_OUTBOUND,J2A,0,1,2.8072006392029318,2.7658866670524689,1.4422856377225253,-0.024297346221814779,0.40221615425113261,2.0997723380324129,5.0395221710205078,2.5941593647003174,-0.26998123526573181,-0.39269998669624329,-0.17578125,0,1.1126952990889549,35,34,0,0,1,0,1,1,2.2781729999999998
327,3.8728196609999999,PLUS_10_OUTBOUND,J2A,0,1,2.8349070080000005,2.7753679999999998,1.4440207000160097,-0.024297346221814779,0.32266056943409177,1.9072865525637017,5.0393304824829102,2.5941593647003174,-0.098174996674060822,-0.36815625429153442,-0.171875,0,1.0879687368869781,35,34,0,0,1,0,1,1,2.1879870000000001
328,3.8828814189999998,PLUS_10_OUTBOUND,J2A,0,1,2.8627076162415115,2.7847344448302458,1.4492302029718191,-0.024297346221814779,0.39094283546628089,1.7683331731170806,5.038754940032959,2.5941593647003174,-0.22089375555515289,-0.31906875967979431,-0.171875,0,1.0879687368869781,35,34,0,0,1,0,1,1,2.258537
329,3.892837273,PLUS_10_OUTBOUND,J2A,0,1,2.8906013117283953,2.7939853395061731,1.4509652652653033,-0.022562283928330536,0.31510929827625622,1.608927414440565,5.0385632514953613,2.594351053237915,-0.29452499747276306,0.098174996674060822,-0.1875,0,1.1868749856948853,35,34,0,0,1,0,1,1,2.2085020000000002
330,3.9027796850000001,PLUS_10_OUTBOUND,J2A,0,1,2.9185869356874998,2.8031200312499998,1.452700327558788,-0.024297346221814779,0.26589996544503991,1.4654857934437866,5.0383715629577637,2.5941593647003174,-0.36815625429153442,-0.31906875967979431,-0.19140625,0,1.211601547896862,35,34,0,0,1,0,1,1,2.1708090000000002
331,3.9128826289999998,PLUS_10_OUTBOUND,J2A,0,1,2.9466633228641967,2.8121378765432103,1.4544353898522719,-0.022562283928330536,0.23294337789459835,1.3361110427723573,5.038179874420166,2.594351053237915,-0.31906875967979431,0.14726249873638153,-0.18359375,0,1.1621484234929085,35,34,0,0,1,0,1,1,2.2813330000000001
332,3.9228915959999999,PLUS_10_OUTBOUND,J2A,0,1,2.9748293016149683,2.8210382411265433,1.4596405767327247,-0.024297346221814779,0.33343152061532211,1.2545051742047881,5.037604808807373,2.5941593647003174,-0.41724374890327454,-0.22089375555515289,-0.19921875,0,1.2610546723008156,35,34,0,0,1,0,1,1,2.206512
333,3.9328988200000001,PLUS_10_OUTBOUND,J2A,0,1,3.0030836939999994,2.8298205000000003,1.4631150173950502,-0.022562283928330536,0.33824812723905184,1.1637739821669073,5.0372209548950195,2.594351053237915,-0.14726249873638153,0.19634999334812164,-0.1875,0,1.1868749856948853,35,34,0,0,1,0,1,1,2.2759719999999999
334,3.9428213749999999,PLUS_10_OUTBOUND,J2A,0,1,3.0314253158757722,2.8384840374228388,1.470055266568987,-0.026032408515299019,0.4646658930983657,1.1173407583482116,5.0364542007446289,2.5939676761627197,-0.19634999334812164,-0.58904999494552612,-0.1875,0,1.1868749856948853,35,34,0,0,1,0,1,1,2.1987209999999999
335,3.95277513,PLUS_10_OUTBOUND,J2A,0,1,3.0598529769876537,2.8470282469135801,1.4769998318182809,-0.024297346221814779,0.54622186643583992,1.0753749784910769,5.0356869697570801,2.5941593647003174,-0.44178751111030579,-0.19634999334812164,-0.203125,0,1.2857812345027924,35,34,0,0,1,0,1,1,2.1946409999999998
336,3.9628924689999998,PLUS_10_OUTBOUND,J2A,0,1,3.0883654810625005,2.8554525312500001,1.4804699564052495,-0.024297346221814779,0.47508996883495869,1.0021362679710157,5.0353035926818848,2.5941593647003174,0,-0.073631249368190765,-0.19140625,0,1.211601547896862,35,34,0,0,1,0,1,1,2.272262
337,3.9728801250000001,PLUS_10_OUTBOUND,J2A,0,1,3.1169616259012356,2.8637563024691359,1.490884646241512,-0.024297346221814779,0.67377313638405734,1.0061982573571526,5.0341529846191406,2.5941593647003174,0.024543749168515205,0,-0.17578125,0,1.1126952990889549,35,34,0,0,1,0,1,1,2.2603659999999999
338,3.9829004609999998,PLUS_10_OUTBOUND,J2A,0,1,3.1456402034714506,2.8719389818672831,1.5030300822959013,-0.026032408515299019,0.86218009140199769,1.0267863038363976,5.032811164855957,2.5939676761627197,0.024543749168515205,-0.36815625429153442,-0.1875,0,1.1868749856948853,35,34,0,0,1,0,1,1,2.2763100000000001
339,3.9929060879999998,PLUS_10_OUTBOUND,J2A,0,1,3.1744000000000003,2.8800000000000003,1.5238594619684263,-0.024297346221814779,1.289035354435065,1.132284329173834,5.0305099487304688,2.5941593647003174,-0.63813751935958862,0.098174996674060822,-0.19921875,0,1.2610546723008156,35,34,0,0,1,0,1,1,2.2814399999999999
340,4.0027774020000004,PLUS_10_OUTBOUND,J2A,0,1,3.2032397960655876,2.8879387966820991,1.5568342776953408,-0.026032408515299019,2.007037035382901,1.3531027691136246,5.0268669128417969,2.5939676761627197,-0.78539997339248657,-0.17180624604225159,-0.15234375,0,0.96433592587709427,35,34,0,0,1,0,1,1,2.1874370000000001
341,4.0127937329999996,PLUS_10_OUTBOUND,J2A,0,1,3.2321583666913578,2.8957548209876545,1.6106384730947798,-0.026032408515299019,3.1846505590699969,1.7549572025082942,5.0209226608276367,2.5939676761627197,-1.0553812980651855,-0.024543749168515205,-0.13671875,0,0.86542967706918716,35,34,0,0,1,0,1,1,2.153775
342,4.0228657339999998,PLUS_10_OUTBOUND,J2A,0,1,3.2611544814375004,2.9034475312500003,1.6713829176681561,-0.027769628846461721,4.1808800407013127,2.1825635329162689,5.0142116546630859,2.593775749206543,-0.95720624923706055,-0.17180624604225159,-0.1484375,0,0.93960936367511749,35,34,0,0,1,0,1,1,2.2384149999999998
343,4.032748582,PLUS_10_OUTBOUND,J2A,0,1,3.2902269044938275,2.9110163950617292,1.7286615537299206,-0.027769628846461721,4.7460887679475015,2.5438833914793988,5.0078835487365723,2.593775749206543,-0.88357502222061157,0.12271875143051147,-0.1171875,0,0.74179686605930328,35,34,0,0,1,0,1,1,2.1511870000000002
344,4.0428855349999999,PLUS_10_OUTBOUND,J2A,0,1,3.3193743947723759,2.9184608892746917,1.8189106894432427,-0.029504691139945961,6.2010022837331435,3.1797935050649637,4.9979128837585449,2.5935840606689453,-1.3499062061309814,0.19634999334812164,-0.07421875,0,0.46980468183755875,35,34,0,0,1,0,1,1,2.2572399999999999
345,4.0528675219999997,PLUS_10_OUTBOUND,J2A,0,1,3.3485957059999993,2.9257805000000001,1.9022195759826279,-0.03297481572691445,6.9517242416627063,3.696406370911657,4.9887089729309082,2.59320068359375,-0.4908750057220459,-0.24543750286102295,-0.109375,0,0.69234374165534973,35,34,0,0,1,0,1,1,2.2343289999999998
346,4.0628588209999998,PLUS_10_OUTBOUND,J2A,0,1,3.3778895868109569,2.9329747226080256,1.9525536467950988,-0.034712036058077149,6.2818474190357758,3.8305447800933532,4.9831480979919434,2.5930087566375732,-0.83448749780654907,-0.26998123526573181,-0.1328125,0,0.84070311486721039,35,34,0,0,1,0,1,1,2.2356929999999999
347,4.0728568300000001,PLUS_10_OUTBOUND,J2A,0,1,3.4072547808395055,2.9400430617283946,2.0115630290749906,-0.034712036058077149,6.1489404909374272,4.0377016359594959,4.9766287803649902,2.5930087566375732,-0.9817500114440918,-0.024543749168515205,-0.0859375,0,0.54398436844348907,35,34,0,0,1,0,1,1,2.2360989999999998
348,4.0828089539999999,PLUS_10_OUTBOUND,J2A,0,1,3.4366900268125002,2.9469850312500001,2.1035515431571539,-0.036447098351561395,7.2318976111167252,4.5582418415085169,4.966465950012207,2.5928170680999756,-1.0553812980651855,0.098174996674060822,-0.06640625,0,0.42035155743360519,35,34,0,0,1,0,1,1,2.2155879999999999
349,4.0928544850000002,PLUS_10_OUTBOUND,J2A,0,1,3.4661940586419755,2.9538001543209873,2.1833859890342135,-0.039917222938529881,7.4822744187255488,4.8971436492147156,4.9576458930969238,2.5924336910247803,-1.1780999898910522,-0.24543750286102295,-0.08203125,0,0.5192578062415123,35,34,0,0,1,0,1,1,2.222845
350,4.1028188249999999,PLUS_10_OUTBOUND,J2A,0,1,3.4957656055177471,2.9604879633487653,2.2961995667135451,-0.043389505563176833,8.826084243485397,5.5396023903828988,4.9451823234558105,2.5920500755310059,-1.5462563037872314,-0.4908750057220459,-0.0078125,0,0.049453124403953552,35,34,0,0,1,0,1,1,2.2319309999999999
351,4.1128598759999999,PLUS_10_OUTBOUND,J2A,0,1,3.5254033919999994,2.9670479999999988,2.41595770964217,-0.045124567856661073,9.9113534367523393,6.1783274880551327,4.9319515228271484,2.5918583869934082,-1.0553812980651855,-0.26998123526573181,-0.03515625,0,0.22253905981779099,35,34,0,0,1,0,1,1,2.2343030000000002
352,4.1228666470000004,PLUS_10_OUTBOUND,J2A,0,1,3.5551061381118831,2.9734798152006165,2.5287712873215011,-0.048596850481308018,10.388183249105269,6.6878671721685476,4.9194879531860352,2.5914747714996338,-1.2762750387191772,-0.51541876792907715,0.0078125,0,-0.049453124403953552,35,34,0,0,1,0,1,1,2.239941
353,4.1327790269999998,PLUS_10_OUTBOUND,J2A,0,1,3.5848725594320996,2.979782969135802,2.63117017516457,-0.050331912774792251,10.367960435705074,7.05212083317645,4.908174991607666,2.5912830829620361,-0.95720624923706055,-0.29452499747276306,-0.02734375,0,0.17308593541383743,35,34,0,0,1,0,1,1,2.1369349999999998
354,4.1428531120000001,PLUS_10_OUTBOUND,J2A,0,1,3.6147013671875001,2.9859570312499994,2.7179535023662802,-0.052066975068276504,9.7542535207368388,7.2083599605812454,4.8985872268676758,2.5910913944244385,-1.1290124654769897,-0.19634999334812164,-0.0078125,0,0.049453124403953552,35,34,0,0,1,0,1,1,2.2257720000000001
355,4.1527894160000001,PLUS_10_OUTBOUND,J2A,0,1,3.6445912683456805,2.9920015802469129,2.8238225147963174,-0.055539257692923442,10.069433536789484,7.5530007497547036,4.8868908882141113,2.5907077789306641,-1.2762750387191772,-0.34361249208450317,-0.01171875,0,0.074179686605930328,35,34,0,0,1,0,1,1,2.1946590000000001
356,4.1628627829999996,PLUS_10_OUTBOUND,J2A,0,1,3.6745409657075623,2.9979162040895058,2.8828362131515668,-0.053802037361760743,8.5955678074829223,7.383539534370593,4.88037109375,2.5908997058868408,-0.78539997339248657,0.19634999334812164,-0.05078125,0,0.32144530862569809,35,34,0,0,1,0,1,1,2.2410670000000001
357,4.1728670609999998,PLUS_10_OUTBOUND,J2A,0,1,3.7045491579999998,3.0037004999999999,2.9314309055951959,-0.057274319986407682,7.2872060131986558,7.1309247061720358,4.875002384185791,2.5905160903930664,-0.61359375715255737,-0.098174996674060822,-0.04296875,0,0.27199218422174454,35,34,0,0,1,0,1,1,2.2456559999999999
358,4.1827903270000002,PLUS_10_OUTBOUND,J2A,0,1,3.7346145399683639,3.0093540744598761,2.9835000387011514,-0.057274319986407682,6.5731958580808065,6.9425499354124556,4.8692498207092285,2.5905160903930664,-0.58904999494552612,0.024543749168515205,-0.04296875,0,0.27199218422174454,35,34,0,0,1,0,1,1,2.1703329999999998
359,4.1928574599999999,PLUS_10_OUTBOUND,J2A,0,1,3.7647358024691351,3.0148765432098763,3.0182099167215495,-0.059009382279891921,5.4793218006622375,6.5930790827025572,4.865415096282959,2.5903244018554688,-0.36815625429153442,-0.12271875143051147,-0.0703125,0,0.44507811963558197,35,34,0,0,1,0,1,1,2.2357930000000001
360,4.202750151,PLUS_10_OUTBOUND,J2A,0,1,3.7949116325625005,3.0202675312499991,3.0373042341005898,-0.060744444573376168,4.2371095421810763,6.1267855663610504,4.8633055686950684,2.5901327133178711,-0.098174996674060822,0,-0.09375,0,0.59343749284744263,35,34,0,0,1,0,1,1,2.1378300000000001
361,4.2128566860000003,PLUS_10_OUTBOUND,J2A,0,1,3.8251407136049376,3.0255266728395065,3.0494539862303363,-0.060744444573376168,3.1748799733922377,5.6343238014319565,4.8619632720947266,2.5901327133178711,-0.24543750286102295,0.46633124351501465,-0.08984375,0,0.56871093064546585,35,34,0,0,1,0,1,1,2.234728
362,4.2227544659999996,PLUS_10_OUTBOUND,J2A,0,1,3.8554217253418206,3.0306536114969136,3.0546591731107893,-0.060744444573376168,2.2477350158455867,5.1234808593289412,4.8613882064819336,2.5901327133178711,-0.073631249368190765,-0.24543750286102295,-0.109375,0,0.69234374165534973,35,34,0,0,1,0,1,1,2.163843
363,4.2328618379999998,PLUS_10_OUTBOUND,J2A,0,1,3.8857533439999994,3.0356479999999997,3.0598643599912418,-0.059009382279891921,1.6412739616028345,4.6626316880541054,4.8608131408691406,2.5903244018554688,0.098174996674060822,0.024543749168515205,-0.1015625,0,0.64289061725139618,35,34,0,0,1,0,1,1,2.2398229999999999
364,4.2428625709999999,PLUS_10_OUTBOUND,J2A,0,1,3.9161342423804015,3.0405095003858031,3.065073862947052,-0.059009382279891921,1.2491473144949443,4.2484597305210103,4.8602375984191895,2.5903244018554688,-0.12271875143051147,0.049087498337030411,-0.10546875,0,0.66761717945337296,35,34,0,0,1,0,1,1,2.238083
365,4.2528576530000004,PLUS_10_OUTBOUND,J2A,0,1,3.9465630899506166,3.0452377839506179,3.0702790498275045,-0.059009382279891921,0.99421693620474483,3.8756912379783466,4.8596625328063965,2.5903244018554688,-0.24543750286102295,0.098174996674060822,-0.1171875,0,0.74179686605930328,35,34,0,0,1,0,1,1,2.2332450000000001
366,4.2628599810000001,PLUS_10_OUTBOUND,J2A,0,1,3.9770385529374996,3.0498325312500003,3.0754842367079576,-0.060744444573376168,0.82838014735742749,3.5401618681303244,4.8590874671936035,2.5901327133178711,-0.41724374890327454,-0.24543750286102295,-0.10546875,0,0.66761717945337296,35,34,0,0,1,0,1,1,2.2394880000000001
367,4.2727349480000001,PLUS_10_OUTBOUND,J2A,0,1,4.0075592944197522,3.054293432098766,3.0789586773702826,-0.059009382279891921,0.66159223964091152,3.2213300081340304,4.85870361328125,2.5903244018554688,-0.098174996674060822,0.12271875143051147,-0.1171875,0,0.74179686605930328,35,34,0,0,1,0,1,1,2.0478550000000002
368,4.2828475529999999,PLUS_10_OUTBOUND,J2A,0,1,4.0381239744205235,3.0586201855709878,3.082428801957251,-0.060744444573376168,0.55013690827427575,2.9335118508942513,4.8583202362060547,2.5901327133178711,-0.17180624604225159,-0.24543750286102295,-0.125,0,0.79124999046325684,35,34,0,0,1,0,1,1,2.231576
369,4.292773511,PLUS_10_OUTBOUND,J2A,0,1,4.0687312500000008,3.0628124999999988,3.0858989265442203,-0.060744444573376168,0.47994933135889012,2.675120763227858,4.8579368591308594,2.5901327133178711,0.12271875143051147,-0.22089375555515289,-0.125,0,0.79124999046325684,35,34,0,0,1,0,1,1,2.181311
370,4.3028607589999996,PLUS_10_OUTBOUND,J2A,0,1,4.0993797753479928,3.0668700929783954,3.0928434917935137,-0.059009382279891921,0.55292454330518515,2.4764536805970456,4.8571696281433105,2.5903244018554688,-0.24543750286102295,0.098174996674060822,-0.109375,0,0.69234374165534973,35,34,0,0,1,0,1,1,2.2382930000000001
371,4.3128440350000004,PLUS_10_OUTBOUND,J2A,0,1,4.1300682018765427,3.0707926913580246,3.0980486786739667,-0.060744444573376168,0.54188768477418403,2.2809473787161449,4.8565945625305176,2.5901327133178711,-0.36815625429153442,-0.049087498337030411,-0.140625,0,0.89015623927116394,35,34,0,0,1,0,1,1,2.169108
372,4.322854789,PLUS_10_OUTBOUND,J2A,0,1,4.1607951783125001,3.0745800312500009,3.1049932439232601,-0.060744444573376168,0.59502567313014876,2.1222236917093675,4.8558273315429688,2.5901327133178711,-0.26998123526573181,-0.14726249873638153,-0.1328125,0,0.84070311486721039,35,34,0,0,1,0,1,1,2.230019
373,4.3328473809999997,PLUS_10_OUTBOUND,J2A,0,1,4.191559350790123,3.078231858024691,3.1119334930971974,-0.060744444573376168,0.62985548880638864,1.9794552657589428,4.8550605773925781,2.5901327133178711,-0.31906875967979431,-0.024543749168515205,-0.13671875,0,0.86542967706918716,35,34,0,0,1,0,1,1,2.2254510000000001
374,4.342735631,PLUS_10_OUTBOUND,J2A,0,1,4.2223593629436724,3.0817479263117278,3.1240832452269438,-0.060744444573376168,0.8394531686177481,1.9043803394383616,4.8537182807922363,2.5901327133178711,-0.24543750286102295,0,-0.1328125,0,0.84070311486721039,35,34,0,0,1,0,1,1,2.0463969999999998
375,4.3528423409999997,PLUS_10_OUTBOUND,J2A,0,1,4.2531938559999993,3.0851280000000014,3.1379680596501744,-0.060744444573376168,1.026482047580404,1.8513244449170592,4.8521842956542969,2.5901327133178711,-0.26998123526573181,0.098174996674060822,-0.1328125,0,0.84070311486721039,35,34,0,0,1,0,1,1,2.219535
376,4.3628453980000002,PLUS_10_OUTBOUND,J2A,0,1,4.2840614688711431,3.0883718522376542,3.1518528740734051,-0.062481664904538874,1.153033320569478,1.8049977117517004,4.8506503105163574,2.5899407863616943,0.098174996674060822,-0.073631249368190765,-0.1328125,0,0.84070311486721039,35,34,0,0,1,0,1,1,2.2227760000000001
377,4.3728391880000004,PLUS_10_OUTBOUND,J2A,0,1,4.3149608382469138,3.0914792654320995,3.1778874406263831,-0.062481664904538874,1.6612477006466231,1.8850053812269483,4.8477740287780762,2.5899407863616943,-0.049087498337030411,0.024543749168515205,-0.109375,0,0.69234374165534973,35,34,0,0,1,0,1,1,2.2172299999999998
378,4.3828144099999999,PLUS_10_OUTBOUND,J2A,0,1,4.3458905986875003,3.0944500312499996,3.2143323809402662,-0.064216727198023113,2.3585523817886358,2.0618595220666336,4.843747615814209,2.5897490978240967,-0.46633124351501465,-0.29452499747276306,-0.109375,0,0.69234374165534973,35,34,0,0,1,0,1,1,2.1906340000000002
379,4.3928429820000003,PLUS_10_OUTBOUND,J2A,0,1,4.3768493827160508,3.0972839506172849,3.2473115127425372,-0.062481664904538874,2.6840400782429055,2.1845252927400538,4.8401041030883789,2.5899407863616943,-0.29452499747276306,0.31906875967979431,-0.09375,0,0.59343749284744263,35,34,0,0,1,0,1,1,2.2204869999999999
380,4.4028076079999998,PLUS_10_OUTBOUND,J2A,0,1,4.4078358209112647,3.099980833719135,3.2768162038824831,-0.065951789491507359,2.7809561548659678,2.2621670788969284,4.8368444442749023,2.589557409286499,-0.26998123526573181,-0.073631249368190765,-0.1171875,0,0.74179686605930328,35,34,0,0,1,0,1,1,2.1831499999999999
381,4.4128377390000004,PLUS_10_OUTBOUND,J2A,0,1,4.4388485419999988,3.1025405000000008,3.302850770435461,-0.065951789491507359,2.7160940114946657,2.2955139455306033,4.8339681625366211,2.589557409286499,-0.19634999334812164,0.049087498337030411,-0.12109375,0,0.76652342826128006,35,34,0,0,1,0,1,1,2.2149860000000001
382,4.4227898019999996,PLUS_10_OUTBOUND,J2A,0,1,4.4698861729498462,3.1049627781635798,3.3271502746949544,-0.071159134409638544,2.6200403530835601,2.3101280497238368,4.8312835693359375,2.588982105255127,-0.58904999494552612,-0.88357502222061157,-0.1328125,0,0.84070311486721039,35,34,0,0,1,0,1,1,2.2122310000000001
383,4.4328491620000001,PLUS_10_OUTBOUND,J2A,0,1,4.5009473390617307,3.1072475061728393,3.3531805251725744,-0.069424072116154298,2.6087088641019944,2.337881711779362,4.8284077644348145,2.5891737937927246,-0.68722498416900635,-0.24543750286102295,-0.1171875,0,0.74179686605930328,35,34,0,0,1,0,1,1,2.2289460000000001
384,4.4428571449999996,PLUS_10_OUTBOUND,J2A,0,1,4.5320306640624981,3.1093945312500004,3.3913648438552983,-0.069424072116154298,3.031045877623634,2.4856321451606656,4.8241891860961914,2.5891737937927246,-0.95720624923706055,-0.22089375555515289,-0.08984375,0,0.56871093064546585,35,34,0,0,1,0,1,1,2.236208
385,4.4528415800000003,PLUS_10_OUTBOUND,J2A,0,1,4.5631347701975304,3.1114037098765439,3.4434339769612534,-0.069424072116154298,3.7954404974073412,2.7585719812023073,4.8184366226196289,2.5891737937927246,-0.56450623273849487,0.073631249368190765,-0.06640625,0,0.42035155743360519,35,34,0,0,1,0,1,1,2.2055739999999999
386,4.4628439139999996,PLUS_10_OUTBOUND,J2A,0,1,4.5942582783233012,3.1132749077932105,3.5111229867839238,-0.071159134409638544,4.8355988446159328,3.1594469320252654,4.8109583854675293,2.588982105255127,-1.1044687032699585,0.34361249208450317,-0.08203125,0,0.5192578062415123,35,34,0,0,1,0,1,1,2.2188539999999999
387,4.4728161719999999,PLUS_10_OUTBOUND,J2A,0,1,4.6253998080000009,3.1150080000000004,3.5510423677601324,-0.074629258996607037,4.5442044181598922,3.2438065728683205,4.8065481185913086,2.5885987281799316,-0.51541876792907715,-0.098174996674060822,-0.109375,0,0.69234374165534973,35,34,0,0,1,0,1,1,2.2348050000000002
388,4.4828437140000004,PLUS_10_OUTBOUND,J2A,0,1,4.6565579775841073,3.1166028707561733,3.5840171834870471,-0.076366479327769743,4.1046814795903295,3.2482683749490313,4.8029050827026367,2.5884068012237549,-0.19634999334812164,-0.24543750286102295,-0.1015625,0,0.64289061725139618,35,34,0,0,1,0,1,1,2.2169750000000001
389,4.4928710619999999,PLUS_10_OUTBOUND,J2A,0,1,4.6877314043209868,3.1180594135802471,3.616991999213961,-0.076366479327769743,3.8190138370260081,3.2522903589662122,4.7992620468139648,2.5884068012237549,-0.34361249208450317,-0.14726249873638153,-0.109375,0,0.69234374165534973,35,34,0,0,1,0,1,1,2.2476919999999998
390,4.5028495729999998,PLUS_10_OUTBOUND,J2A,0,1,4.7189187044375007,3.1193775312500005,3.6655910077329472,-0.079836603914738222,4.1869873681444938,3.4140980013774738,4.7938928604125977,2.5880234241485596,-1.0553812980651855,-0.39269998669624329,-0.08203125,0,0.5192578062415123,35,34,0,0,1,0,1,1,2.2128410000000001
391,4.5128444840000004,PLUS_10_OUTBOUND,J2A,0,1,4.7501184932345684,3.1205571358024691,3.7246003900128395,-0.079836603914738222,4.7879217498519537,3.6630824756848788,4.7873735427856445,2.5880234241485596,-0.78539997339248657,-0.024543749168515205,-0.0703125,0,0.44507811963558197,35,34,0,0,1,0,1,1,2.2215069999999999
392,4.5227823889999996,PLUS_10_OUTBOUND,J2A,0,1,4.7813293851797845,3.1215981485339501,3.7784045854122783,-0.081571666208222468,5.0070624405400963,3.8381780290124841,4.7814292907714844,2.5878317356109619,-0.63813751935958862,-0.36815625429153442,-0.07421875,0,0.46980468183755875,35,34,0,0,1,0,1,1,2.193028
393,4.5328490539999997,PLUS_10_OUTBOUND,J2A,0,1,4.8125499939999985,3.1225004999999988,3.832208780811718,-0.085043948832869407,5.1252665639269264,3.9888390768471971,4.7754850387573242,2.5874481201171875,-0.73631250858306885,-0.44178751111030579,-0.0703125,0,0.44507811963558197,35,34,0,0,1,0,1,1,2.222594
394,4.5428463959999998,PLUS_10_OUTBOUND,J2A,0,1,4.8437789327739198,3.1232641300154311,3.9068380398083247,-0.085043948832869407,5.9441417920177697,4.336446176438268,4.767240047454834,2.5874481201171875,-1.2762750387191772,0.049087498337030411,-0.02734375,0,0.17308593541383743,35,34,0,0,1,0,1,1,2.2258490000000002
395,4.5527801510000003,PLUS_10_OUTBOUND,J2A,0,1,4.8750148140246932,3.1238889876543201,4.0057668030644251,-0.088514073419837885,7.3492892164434318,4.8986864306892643,4.7563104629516602,2.5870647430419922,-0.90811872482299805,0,-0.01953125,0,0.12363281100988388,35,34,0,0,1,0,1,1,2.1838099999999998
396,4.562823184,PLUS_10_OUTBOUND,J2A,0,1,4.9062562498125004,3.1243750312500014,4.0699856883001271,-0.090251293751000605,7.0150680591442915,5.0482549500363554,4.7492156028747559,2.5868728160858154,-1.006293773651123,-0.14726249873638153,-0.0546875,0,0.34617187082767487,35,34,0,0,1,0,1,1,2.2322989999999998
397,4.5728140320000001,PLUS_10_OUTBOUND,J2A,0,1,4.9375018518271592,3.1247222283950609,4.1411448227097649,-0.091986356044484838,7.0526454001642795,5.2556726440957169,4.7413539886474609,2.5866811275482178,-0.9817500114440918,-0.17180624604225159,-0.02734375,0,0.17308593541383743,35,34,0,0,1,0,1,1,2.2301340000000001
398,4.5827678069999997,PLUS_10_OUTBOUND,J2A,0,1,4.9687502314807102,3.1249305559413583,4.2227186469556663,-0.097193700962616036,7.4525622731355439,5.5496318834086491,4.7323417663574219,2.5861058235168457,-0.78539997339248657,-0.36815625429153442,-0.03515625,0,0.22253905981779099,35,34,0,0,1,0,1,1,2.1450450000000001
399,4.5927305990000002,PLUS_10_OUTBOUND,J2A,0,1,5,3.125,4.2661081525188429,-0.098928763256100269,6.3684698037863114,5.4301842168529868,4.7275481224060059,2.585914134979248,-0.51541876792907715,-0.34361249208450317,-0.05078125,0,0.32144530862569809,35,34,0,0,1,0,1,1,2.1021899999999998
400,4.6027151420000001,PLUS_10_OUTBOUND,J2A,0,1,5.0312497685192898,3.1249305559413578,4.3094976580820203,-0.098928763256100269,5.6604890516452517,5.3217325606488739,4.7227544784545898,2.585914134979248,-0.80994373559951782,-0.024543749168515205,-0.04296875,0,0.27199218422174454,35,34,0,0,1,0,1,1,2.0846439999999999
401,4.6128309190000003,PLUS_10_OUTBOUND,J2A,0,1,5.0624981481728408,3.1247222283950613,4.3563616043075228,-0.10239888784306875,5.3007831628974902,5.252835098677723,4.7175769805908203,2.5855307579040527,-1.1290124654769897,-0.39269998669624329,-0.05078125,0,0.32144530862569809,35,34,0,0,1,0,1,1,2.2045849999999998
402,4.6227787490000001,PLUS_10_OUTBOUND,J2A,0,1,5.0937437501874969,3.1243750312500018,4.4153709865874138,-0.10239888784306875,5.5216687608604644,5.3207400759462642,4.7110576629638672,2.5855307579040527,-1.153556227684021,0.024543749168515205,-0.02734375,0,0.17308593541383743,35,34,0,0,1,0,1,1,2.1927050000000001
403,4.6328212969999996,PLUS_10_OUTBOUND,J2A,0,1,5.1249851859753086,3.1238889876543219,4.4674401196933688,-0.10413610817423147,5.4037831741767466,5.3071513482423365,4.7053050994873047,2.585338830947876,-0.44178751111030579,-0.12271875143051147,-0.04296875,0,0.27199218422174454,35,34,0,0,1,0,1,1,2.1979649999999999
404,4.6427115329999999,PLUS_10_OUTBOUND,J2A,0,1,5.1562210672260793,3.1232641300154333,4.5073551845942195,-0.1058711704677157,4.9249908486340779,5.1800167235378725,4.7008953094482422,2.5851471424102783,-0.58904999494552612,-0.22089375555515289,-0.05078125,0,0.32144530862569809,35,34,0,0,1,0,1,1,2.0903559999999999
405,4.6527286070000002,PLUS_10_OUTBOUND,J2A,0,1,5.1874500059999988,3.122500500000001,4.5403343163964918,-0.10760623276119993,4.3535462239625762,4.991244243284207,4.6972517967224121,2.5849554538726807,-0.41724374890327454,-0.34361249208450317,-0.0703125,0,0.44507811963558197,35,34,0,0,1,0,1,1,2.1060629999999998
406,4.6628188509999999,PLUS_10_OUTBOUND,J2A,0,1,5.2186706148202173,3.1215981485339523,4.5733091321234065,-0.10760623276119993,3.9736015191218552,4.8189188113975527,4.6936087608337402,2.5849554538726807,-0.29452499747276306,-0.19634999334812164,-0.04296875,0,0.27199218422174454,35,34,0,0,1,0,1,1,2.1910690000000002
407,4.672711735,PLUS_10_OUTBOUND,J2A,0,1,5.2498815067654325,3.1205571358024686,4.6114934508061305,-0.11107851538584688,3.9337626740630789,4.7230045550103332,4.6893901824951172,2.5845718383789062,-0.26998123526573181,-0.24543750286102295,-0.0546875,0,0.34617187082767487,35,34,0,0,1,0,1,1,2.1263589999999999
408,4.6827138059999998,PLUS_10_OUTBOUND,J2A,0,1,5.2810812955624984,3.1193775312500001,4.6479427071953703,-0.10934129505468419,3.8324055640344872,4.615121192621725,4.6853632926940918,2.584763765335083,-0.34361249208450317,-0.073631249368190765,-0.0546875,0,0.34617187082767487,35,34,0,0,1,0,1,1,2.0942159999999999
409,4.6928265119999999,PLUS_10_OUTBOUND,J2A,0,1,5.3122685956790141,3.1180594135802475,4.6757123360418316,-0.11107851538584688,3.4521683986917573,4.4282104396650785,4.6822953224182129,2.5845718383789062,-0.68722498416900635,-0.22089375555515289,-0.06640625,0,0.42035155743360519,35,34,0,0,1,0,1,1,2.2232500000000002
410,4.7028222059999996,PLUS_10_OUTBOUND,J2A,0,1,5.3434420224158945,3.116602870756171,4.6913322127585468,-0.11281357767933115,2.7908406528066836,4.1416554510291546,4.6805696487426758,2.5843801498413086,-0.24543750286102295,-0.36815625429153442,-0.08203125,0,0.5192578062415123,35,34,0,0,1,0,1,1,2.198318
411,4.7128326879999998,PLUS_10_OUTBOUND,J2A,0,1,5.3746001920000017,3.1150079999999987,4.7034819648882928,-0.11281357767933115,2.2388424776423577,3.8488602068742428,4.679227352142334,2.5843801498413086,-0.36815625429153442,-0.24543750286102295,-0.08984375,0,0.56871093064546585,35,34,0,0,1,0,1,1,2.2097760000000002
412,4.7227123559999997,PLUS_10_OUTBOUND,J2A,0,1,5.4057417216766979,3.1132749077932114,4.7138923386491989,-0.11107851538584688,1.8240485475351678,3.5693458824918576,4.678077220916748,2.5845718383789062,-0.56450623273849487,0.049087498337030411,-0.08984375,0,0.56871093064546585,35,34,0,0,1,0,1,1,2.1333060000000001
413,4.7328514860000004,PLUS_10_OUTBOUND,J2A,0,1,5.4368652298024713,3.1114037098765435,4.7208369038984932,-0.11281357767933115,1.4253560526991482,3.2809040076144687,4.6773099899291992,2.5843801498413086,-0.44178751111030579,-0.24543750286102295,-0.08984375,0,0.56871093064546585,35,34,0,0,1,0,1,1,2.226594
414,4.7427645280000004,PLUS_10_OUTBOUND,J2A,0,1,5.4679693359375019,3.10939453125,4.72777715307243,-0.11281357767933115,1.1715209701383729,3.0228249028198579,4.6765432357788086,2.5843801498413086,-0.34361249208450317,-0.12271875143051147,-0.08984375,0,0.56871093064546585,35,34,0,0,1,0,1,1,2.1832880000000001
415,4.7528257109999998,PLUS_10_OUTBOUND,J2A,0,1,5.4990526609382702,3.1072475061728388,4.7329866560282392,-0.11454863997281536,0.94271245233469447,2.7723206473220872,4.6759676933288574,2.5841884613037109,-0.17180624604225159,-0.53996247053146362,-0.1015625,0,0.64289061725139618,35,34,0,0,1,0,1,1,2.205066
416,4.7628420340000002,PLUS_10_OUTBOUND,J2A,0,1,5.5301138270501564,3.1049627781635807,4.739926905202176,-0.11281357767933115,0.85527596135198025,2.5643779732568581,4.6752009391784668,2.5843801498413086,-0.24543750286102295,-0.024543749168515205,-0.10546875,0,0.66761717945337296,35,34,0,0,1,0,1,1,2.2188310000000002
417,4.7727682280000003,PLUS_10_OUTBOUND,J2A,0,1,5.5611514580000021,3.1025404999999999,4.7486065327449545,-0.11281357767933115,0.86197514025194311,2.3953818231806454,4.6742420196533203,2.5843801498413086,-0.61359375715255737,0,-0.1015625,0,0.64289061725139618,35,34,0,0,1,0,1,1,2.1409120000000001
418,4.78273657,PLUS_10_OUTBOUND,J2A,0,1,5.5921641790887344,3.0999808337191364,4.7538117196254071,-0.11281357767933115,0.74304396397641015,2.2080608188090514,4.6736669540405273,2.5843801498413086,-0.24543750286102295,0,-0.09375,0,0.59343749284744263,35,34,0,0,1,0,1,1,2.1194130000000002
419,4.7928086729999997,PLUS_10_OUTBOUND,J2A,0,1,5.6231506172839492,3.097283950617284,4.7624913471681856,-0.11281357767933115,0.78459082578153871,2.0734296652701096,4.6727080345153809,2.5843801498413086,-0.19634999334812164,0.024543749168515205,-0.10546875,0,0.66761717945337296,35,34,0,0,1,0,1,1,2.2119770000000001
420,4.8028107489999998,PLUS_10_OUTBOUND,J2A,0,1,5.6541094013125006,3.0944500312499996,4.7729017209290898,-0.11628370226629961,0.8742714923138708,1.9701688289019188,4.6715579032897949,2.5839967727661133,-0.24543750286102295,-0.53996247053146362,-0.1015625,0,0.64289061725139618,35,34,0,0,1,0,1,1,2.179173
421,4.8127133469999999,PLUS_10_OUTBOUND,J2A,0,1,5.6850391617530827,3.0914792654320995,4.7885259137211627,-0.11454863997281536,1.1205020048813754,1.9309306702624009,4.6698317527770996,2.5841884613037109,-0.26998123526573181,0,-0.1015625,0,0.64289061725139618,35,34,0,0,1,0,1,1,2.1313529999999998
422,4.8228074760000004,PLUS_10_OUTBOUND,J2A,0,1,5.7159385311288595,3.0883718522376529,4.8058808527313621,-0.11628370226629961,1.3300848752665841,1.9097686238343581,4.6679143905639648,2.5839967727661133,-0.29452499747276306,-0.36815625429153442,-0.1015625,0,0.64289061725139618,35,34,0,0,1,0,1,1,2.1911990000000001
423,4.8328147220000002,PLUS_10_OUTBOUND,J2A,0,1,5.7468061440000007,3.085128000000001,4.8353855438713085,-0.11628370226629961,1.8964716321521671,2.0136250366591759,4.6646547317504883,2.5839967727661133,-0.46633124351501465,-0.17180624604225159,-0.0859375,0,0.54398436844348907,35,34,0,0,1,0,1,1,2.224669
424,4.8426333890000004,PLUS_10_OUTBOUND,J2A,0,1,5.7776406370563249,3.0817479263117304,4.8770399871410008,-0.11628370226629961,2.7175369502370943,2.2364997870898828,4.6600527763366699,2.5839967727661133,-0.6626812219619751,0.098174996674060822,-0.06640625,0,0.42035155743360519,35,34,0,0,1,0,1,1,2.0136270000000001
425,4.8528025829999999,PLUS_10_OUTBOUND,J2A,0,1,5.8084406492098761,3.078231858024691,4.9238996172911467,-0.11975598489094655,3.3791984737911323,2.4736496529914724,4.6548757553100586,2.5836131572723389,-0.44178751111030579,-0.098174996674060822,-0.0703125,0,0.44507811963558197,35,34,0,0,1,0,1,1,2.1803170000000001
426,4.862795652,PLUS_10_OUTBOUND,J2A,0,1,5.8392048216875008,3.0745800312500009,4.969028501223165,-0.11975598489094655,3.7770854639194873,2.6778865322509686,4.6498899459838867,2.5836131572723389,-0.53996247053146362,0.14726249873638153,-0.06640625,0,0.42035155743360519,35,34,0,0,1,0,1,1,2.1795460000000002
427,4.8728093750000001,PLUS_10_OUTBOUND,J2A,0,1,5.8699317981234529,3.0707926913580241,5.0193582559602774,-0.12496332980907775,4.2142329168631543,2.9127056976874401,4.6443295478820801,2.5830378532409668,-0.6626812219619751,-0.53996247053146362,-0.05859375,0,0.37089843302965164,35,34,0,0,1,0,1,1,2.1915239999999998
428,4.8826556080000003,PLUS_10_OUTBOUND,J2A,0,1,5.9006202246520054,3.0668700929783927,5.0870472657829477,-0.12496332980907775,5.1453648241050045,3.3088961073883971,4.6368513107299805,2.5830378532409668,-1.1290124654769897,-0.24543750286102295,-0.02734375,0,0.17308593541383743,35,34,0,0,1,0,1,1,2.0678100000000001
429,4.8928132409999998,PLUS_10_OUTBOUND,J2A,0,1,5.9312687500000019,3.0628124999999979,5.1720912146158176,-0.12843345439604623,6.2748334172779447,3.815248291395184,4.6274557113647461,2.5826544761657715,-0.78539997339248657,-0.14726249873638153,-0.01953125,0,0.12363281100988388,35,34,0,0,1,0,1,1,2.1954660000000001
430,4.9028079880000002,PLUS_10_OUTBOUND,J2A,0,1,5.9618760255794756,3.0586201855709887,5.2328399752645511,-0.1301685166895305,6.2059658272891749,4.0415303497009551,4.6207442283630371,2.5824627876281738,-0.9326624870300293,-0.14726249873638153,-0.02734375,0,0.17308593541383743,35,34,0,0,1,0,1,1,2.21624
431,4.9128132950000003,PLUS_10_OUTBOUND,J2A,0,1,5.9924407055802469,3.0542934320987642,5.2970545444248955,-0.13364079931417741,6.2801955874936581,4.279182400375344,4.613649845123291,2.5820791721343994,-0.95720624923706055,-0.26998123526573181,-0.0234375,0,0.14835937321186066,35,34,0,0,1,0,1,1,2.1938629999999999
432,4.9228085320000003,PLUS_10_OUTBOUND,J2A,0,1,6.0229614470625004,3.0498325312500008,5.3768933063773119,-0.13711092390114593,6.8778153865211271,4.6500322330950237,4.6048293113708496,2.5816957950592041,-1.1780999898910522,-0.36815625429153442,-0.00390625,0,0.024726562201976776,35,34,0,0,1,0,1,1,2.1894979999999999
433,4.9328219999999998,PLUS_10_OUTBOUND,J2A,0,1,6.0534369100493821,3.0452377839506188,5.4411121916130121,-0.13711092390114593,6.7152179061580126,4.8263541254767448,4.5977344512939453,2.5816957950592041,-0.90811872482299805,0.12271875143051147,-0.01171875,0,0.074179686605930328,35,34,0,0,1,0,1,1,2.2033119999999999
434,4.9427585089999999,PLUS_10_OUTBOUND,J2A,0,1,6.0838657576195976,3.0405095003858014,5.5018566361863899,-0.14058320652579284,6.5045319896210216,4.9550445273914461,4.5910234451293945,2.5813121795654297,-1.1290124654769897,-0.17180624604225159,-0.00390625,0,0.024726562201976776,35,34,0,0,1,0,1,1,2.1418689999999998
435,4.952696413,PLUS_10_OUTBOUND,J2A,0,1,6.1142466559999988,3.0356480000000001,5.5764858951829961,-0.14405333111276133,6.8562908294717682,5.2104957992860452,4.5827784538269043,2.5809288024902344,-0.80994373559951782,-0.22089375555515289,0.0078125,0,-0.049453124403953552,35,34,0,0,1,0,1,1,2.0701100000000001
436,4.9628106040000004,PLUS_10_OUTBOUND,J2A,0,1,6.1445782746581781,3.0306536114969145,5.6459099672991506,-0.14579055144392405,6.8589982126291531,5.375848840349585,4.575108528137207,2.5807368755340576,-0.63813751935958862,-0.073631249368190765,-0.00390625,0,0.024726562201976776,35,34,0,0,1,0,1,1,2.1936840000000002
437,4.9727232020000001,PLUS_10_OUTBOUND,J2A,0,1,6.174859286395062,3.0255266728395074,5.6927739135246531,-0.1475256137374083,6.1130493696868156,5.3110355367368749,4.5699310302734375,2.58054518699646,-0.68722498416900635,-0.049087498337030411,-0.01171875,0,0.074179686605930328,35,34,0,0,1,0,1,1,2.1431360000000002
438,4.9827635770000001,PLUS_10_OUTBOUND,J2A,0,1,6.2050883674374981,3.0202675312499987,5.7326932945008622,-0.14926067603089255,5.3650420013229789,5.1775205290707733,4.5655207633972168,2.5803534984588623,-0.78539997339248657,-0.24543750286102295,-0.02734375,0,0.17308593541383743,35,34,0,0,1,0,1,1,2.1451009999999999
439,4.9928091219999997,PLUS_10_OUTBOUND,J2A,0,1,6.2352641975308636,3.0148765432098785,5.7726083594017128,-0.14926067603089255,4.8779706594878842,5.0571094357716806,4.5611109733581543,2.5803534984588623,-0.29452499747276306,0.024543749168515205,-0.01171875,0,0.074179686605930328,35,34,0,0,1,0,1,1,2.1551840000000002
440,5.0028031180000001,PLUS_10_OUTBOUND,J2A,0,1,6.2653854600316379,3.0093540744598739,5.8177372433337302,-0.15273295865553949,4.7511407743790377,5.002958448112202,4.5561251640319824,2.5799698829650879,-0.29452499747276306,-0.26998123526573181,-0.01171875,0,0.074179686605930328,35,34,0,0,1,0,1,1,2.1839189999999999
441,5.0128129210000001,PLUS_10_OUTBOUND,J2A,0,1,6.295450842000001,3.0037005000000012,5.8576523082345826,-0.1544680209490237,4.4839006102537091,4.901422348131649,4.5517153739929199,2.5797781944274902,-0.44178751111030579,-0.22089375555515289,-0.02734375,0,0.17308593541383743,35,34,0,0,1,0,1,1,2.2171189999999998
442,5.0228053360000002,PLUS_10_OUTBOUND,J2A,0,1,6.3254590342924377,2.9979162040895062,5.8871613154498856,-0.15620308324250798,3.9481346342221895,4.706594181191992,4.5484552383422852,2.5795865058898926,-0.46633124351501465,-0.34361249208450317,-0.03515625,0,0.22253905981779099,35,34,0,0,1,0,1,1,2.1684559999999999
443,5.0328116410000003,PLUS_10_OUTBOUND,J2A,0,1,6.3554087316543209,2.9920015802469164,5.9062513167535684,-0.15620308324250798,3.2340165547120376,4.4267144894921113,4.5463461875915527,2.5795865058898926,-0.22089375555515289,-0.19634999334812164,-0.04296875,0,0.27199218422174454,35,34,0,0,1,0,1,1,2.1874039999999999
444,5.0428122899999996,PLUS_10_OUTBOUND,J2A,0,1,6.3852986328124981,2.9859570312500034,5.9236062557637688,-0.15620308324250798,2.7094942067342225,4.1575811680204424,4.544428825378418,2.5795865058898926,-0.29452499747276306,-0.073631249368190765,-0.05859375,0,0.37089843302965164,35,34,0,0,1,0,1,1,2.1275469999999999
445,5.0526798409999998,PLUS_10_OUTBOUND,J2A,0,1,6.4151274405679004,2.9797829691358046,5.9409611947739673,-0.15620308324250798,2.3767473437451532,3.9177019396092292,4.5425114631652832,2.5795865058898926,-0.098174996674060822,0,-0.05078125,0,0.32144530862569809,35,34,0,0,1,0,1,1,2.0613090000000001
446,5.0627959020000004,PLUS_10_OUTBOUND,J2A,0,1,6.4448938618881186,2.9734798152006174,5.9600555121530077,-0.15620308324250798,2.2055195005998645,3.7146842391241677,4.5404019355773926,2.5795865058898926,-0.39269998669624329,0.12271875143051147,-0.04296875,0,0.27199218422174454,35,34,0,0,1,0,1,1,2.178077
447,5.0727750140000003,PLUS_10_OUTBOUND,J2A,0,1,6.4745966079999997,2.9670479999999988,5.9791455134566922,-0.1579381455359922,2.1031362741319297,3.5345154148523275,4.5382928848266602,2.5793948173522949,-0.7608562707901001,-0.024543749168515205,-0.0390625,0,0.24726562201976776,35,34,0,0,1,0,1,1,2.1599460000000001
448,5.0826828439999998,PLUS_10_OUTBOUND,J2A,0,1,6.5042343944822516,2.960487963348764,6.0086502045966377,-0.15967536586715492,2.4093093780462107,3.4788555304700823,4.5350332260131836,2.5792028903961182,-0.29452499747276306,-0.14726249873638153,-0.0390625,0,0.24726562201976776,35,34,0,0,1,0,1,1,2.0646490000000002
449,5.0927923440000002,PLUS_10_OUTBOUND,J2A,0,1,6.5338059413580263,2.9538001543209864,6.0450994609858766,-0.16141042816063914,2.8279571975385402,3.4915145779397898,4.5310063362121582,2.5790112018585205,-0.58904999494552612,-0.24543750286102295,-0.02734375,0,0.17308593541383743,35,34,0,0,1,0,1,1,2.1562039999999998
450,5.1028037810000004,PLUS_10_OUTBOUND,J2A,0,1,6.5633099731874989,2.9469850312499997,6.0798093390062755,-0.16141042816063914,3.0516300773150031,3.4890653769786546,4.5271716117858887,2.5790112018585205,-0.63813751935958862,0.073631249368190765,-0.02734375,0,0.17308593541383743,35,34,0,0,1,0,1,1,2.1162100000000001
451,5.1126131160000003,PLUS_10_OUTBOUND,J2A,0,1,6.5927452191604932,2.9400430617283968,6.1110534085150627,-0.16314549045412335,3.0983572738594223,3.4586724745964093,4.5237197875976562,2.5788195133209229,-0.9326624870300293,0,-0.05078125,0,0.32144530862569809,35,34,0,0,1,0,1,1,1.998149
452,5.1227127599999998,PLUS_10_OUTBOUND,J2A,0,1,6.6221104131890414,2.9329747226080243,6.1318784721122315,-0.16314549045412335,2.7356182853597035,3.3190012435227909,4.5214190483093262,2.5788195133209229,-0.68722498416900635,0.19634999334812164,-0.0546875,0,0.34617187082767487,35,34,0,0,1,0,1,1,2.134077
453,5.1327976240000002,PLUS_10_OUTBOUND,J2A,0,1,6.6514042939999998,2.9257804999999992,6.1457632865354617,-0.16661777307877035,2.2600309716202558,3.1247808580666399,4.5198850631713867,2.5784358978271484,-0.36815625429153442,-0.44178751111030579,-0.05859375,0,0.37089843302965164,35,34,0,0,1,0,1,1,2.1100660000000002
454,5.1427840619999996,PLUS_10_OUTBOUND,J2A,0,1,6.6806256052276227,2.9184608892746922,6.1683277285014704,-0.16661777307877035,2.2598481212831878,3.0382536264685536,4.5173921585083008,2.5784358978271484,-0.4908750057220459,-0.24543750286102295,-0.0546875,0,0.34617187082767487,35,34,0,0,1,0,1,1,2.2024170000000001
455,5.1527911939999997,PLUS_10_OUTBOUND,J2A,0,1,6.7097730955061721,2.9110163950617292,6.1839476052181865,-0.16661777307877035,2.0152073384374209,2.890515709422655,4.5156664848327637,2.5784358978271484,-0.56450623273849487,-0.12271875143051147,-0.05859375,0,0.37089843302965164,35,34,0,0,1,0,1,1,2.176091
456,5.1627967249999998,PLUS_10_OUTBOUND,J2A,0,1,6.7388455185624982,2.903447531249999,6.1978324196414176,-0.16661777307877035,1.7955846342025119,2.7402355282570148,4.5141324996948242,2.5784358978271484,-0.24543750286102295,0.024543749168515205,-0.06640625,0,0.42035155743360519,35,34,0,0,1,0,1,1,2.1169950000000002
457,5.1727795140000001,PLUS_10_OUTBOUND,J2A,0,1,6.7678416333086417,2.8957548209876527,6.2151873586516162,-0.16661777307877035,1.7756001154832664,2.6400605763603515,4.5122151374816895,2.5784358978271484,-0.24543750286102295,0.098174996674060822,-0.06640625,0,0.42035155743360519,35,34,0,0,1,0,1,1,2.165956
458,5.182621879,PLUS_10_OUTBOUND,J2A,0,1,6.7967602039344142,2.8879387966820995,6.2342816760306565,-0.17008789766573881,1.8331446722990536,2.5700558322200107,4.5101056098937988,2.5780525207519531,-0.14726249873638153,-0.29452499747276306,-0.0546875,0,0.34617187082767487,35,34,0,0,1,0,1,1,2.0088859999999999
459,5.1926222749999997,PLUS_10_OUTBOUND,J2A,0,1,6.8256000000000014,2.8799999999999999,6.2533716773343402,-0.16835283537225457,1.8596676249292514,2.5039427026936858,4.5079965591430664,2.5782442092895508,-0.51541876792907715,0.098174996674060822,-0.06640625,0,0.42035155743360519,35,34,0,0,1,0,1,1,1.94445
460,5.2025484989999997,PLUS_10_OUTBOUND,J2A,0,1,6.8543597965285477,2.8719389818672854,6.272461678638023,-0.17008789766573881,1.8818999826294678,2.4458672971173039,4.505887508392334,2.5780525207519531,0.22089375555515289,-0.12271875143051147,-0.05078125,0,0.32144530862569809,35,34,0,0,1,0,1,1,1.926631
461,5.2128045959999998,PLUS_10_OUTBOUND,J2A,0,1,6.8830383740987671,2.8637563024691359,6.2984962451910018,-0.17182295995922306,2.1116917080189008,2.4551253443512158,4.5030112266540527,2.5778608322143555,-0.36815625429153442,-0.34361249208450317,-0.0546875,0,0.34617187082767487,35,34,0,0,1,0,1,1,2.1900409999999999
462,5.222797785,PLUS_10_OUTBOUND,J2A,0,1,6.9116345189374968,2.8554525312500001,6.3141161219077162,-0.17356018029038575,1.9196679035118425,2.3659180365731105,4.5012855529785156,2.5776689052581787,0.12271875143051147,-0.26998123526573181,-0.05859375,0,0.37089843302965164,35,34,0,0,1,0,1,1,2.1180850000000002
463,5.232637134,PLUS_10_OUTBOUND,J2A,0,1,6.9401470230123454,2.847028246913581,6.3332104392867574,-0.17356018029038575,1.9269968659565626,2.3233870125369038,4.499176025390625,2.5776689052581787,-0.34361249208450317,-0.24543750286102295,-0.06640625,0,0.42035155743360519,35,34,0,0,1,0,1,1,2.022138
464,5.2427879150000001,PLUS_10_OUTBOUND,J2A,0,1,6.9685746841242278,2.8384840374228411,6.3453601914165034,-0.17356018029038575,1.6714726983587254,2.2107410928509164,4.4978337287902832,2.5776689052581787,0.17180624604225159,-0.14726249873638153,-0.0703125,0,0.44507811963558197,35,34,0,0,1,0,1,1,2.168952
465,5.2526298389999999,PLUS_10_OUTBOUND,J2A,0,1,6.996916306000001,2.8298204999999994,6.3575056274708928,-0.17356018029038575,1.5183751003863994,2.1130720825524612,4.4964919090270996,2.5776689052581787,-0.26998123526573181,0,-0.08203125,0,0.5192578062415123,35,34,0,0,1,0,1,1,1.9619629999999999
466,5.2627976140000001,PLUS_10_OUTBOUND,J2A,0,1,7.0251706983850308,2.8210382411265433,6.3679203173071555,-0.17529524258387003,1.3454432354971693,2.0041932800817892,4.4953413009643555,2.5774772167205811,-0.31906875967979431,-0.29452499747276306,-0.08203125,0,0.5192578062415123,35,34,0,0,1,0,1,1,2.1837520000000001
467,5.2728002439999999,PLUS_10_OUTBOUND,J2A,0,1,7.0533366771358006,2.8121378765432121,6.3748648825564498,-0.17356018029038575,1.1175339788831282,1.8732013451621725,4.4945740699768066,2.5776689052581787,-0.39269998669624329,0.024543749168515205,-0.08984375,0,0.56871093064546585,35,34,0,0,1,0,1,1,2.1862539999999999
468,5.2826800819999997,PLUS_10_OUTBOUND,J2A,0,1,7.0814130643124953,2.8031200312500015,6.3852752563173549,-0.17529524258387003,1.0951916774724793,1.7912510938455113,4.4934239387512207,2.5774772167205811,-0.63813751935958862,-0.22089375555515289,-0.08984375,0,0.56871093064546585,35,34,0,0,1,0,1,1,2.0258479999999999
469,5.2928029829999996,PLUS_10_OUTBOUND,J2A,0,1,7.1093986882716056,2.7939853395061727,6.3904847592731651,-0.17356018029038575,0.89199351422424833,1.6635885341372849,4.4928483963012695,2.5776689052581787,0.073631249368190765,0.26998123526573181,-0.08203125,0,0.5192578062415123,35,34,0,0,1,0,1,1,2.1281590000000001
470,5.3027842730000003,PLUS_10_OUTBOUND,J2A,0,1,7.137292383758485,2.7847344448302485,6.4008994491094269,-0.17529524258387003,0.9449932129039188,1.6015718031973158,4.4916977882385254,2.5774772167205811,-0.24543750286102295,0.049087498337030411,-0.09375,0,0.59343749284744263,35,34,0,0,1,0,1,1,2.1608879999999999
471,5.3127812590000003,PLUS_10_OUTBOUND,J2A,0,1,7.1650929919999982,2.7753680000000003,6.4095747605768478,-0.17529524258387003,0.91797303319914736,1.5281938928237557,4.4907393455505371,2.5774772167205811,-0.46633124351501465,0,-0.08984375,0,0.56871093064546585,35,34,0,0,1,0,1,1,2.1093459999999999
472,5.322630051,PLUS_10_OUTBOUND,J2A,0,1,7.1927993607970686,2.7658866670524658,6.4182543881196263,-0.17703030487735427,0.90513346130210248,1.4635033577478536,4.4897804260253906,2.5772855281829834,-0.14726249873638153,-0.24543750286102295,-0.09375,0,0.59343749284744263,35,34,0,0,1,0,1,1,1.9608410000000001
473,5.3327510680000003,PLUS_10_OUTBOUND,J2A,0,1,7.220410344617286,2.7562911172839506,6.4321392025428583,-0.17703030487735427,1.0684945292603352,1.4543409589484879,4.4882464408874512,2.5772855281829834,-0.41724374890327454,0.24543750286102295,-0.08984375,0,0.56871093064546585,35,34,0,0,1,0,1,1,2.0810520000000001
474,5.3427769730000003,PLUS_10_OUTBOUND,J2A,0,1,7.2479248046875,2.74658203125,6.4460240169660894,-0.17703030487735427,1.1792343001784253,1.4473962505276985,4.4867124557495117,2.5772855281829834,-0.24543750286102295,0,-0.08984375,0,0.56871093064546585,35,34,0,0,1,0,1,1,2.1190910000000001
475,5.352700843,PLUS_10_OUTBOUND,J2A,0,1,7.2753416090864187,2.7367600987654344,6.4633789559762871,-0.17876536717083849,1.3785849456917458,1.4775373827822915,4.484795093536377,2.5770938396453857,-0.34361249208450317,-0.31906875967979431,-0.0859375,0,0.54398436844348907,35,34,0,0,1,0,1,1,2.11571
476,5.3627641869999998,PLUS_10_OUTBOUND,J2A,0,1,7.3026596328371873,2.7268260189043207,6.4911485848227484,-0.17876536717083849,1.8618993396606505,1.6057319659214957,4.481727123260498,2.5770938396453857,-0.58904999494552612,0.024543749168515205,-0.07421875,0,0.46980468183755875,35,34,0,0,1,0,1,1,2.094608
477,5.372773188,PLUS_10_OUTBOUND,J2A,0,1,7.3298777579999985,2.7167804999999978,6.5258627789185049,-0.18223764979548543,2.4241387289980585,1.791988528820385,4.4778919219970703,2.5767102241516113,-0.44178751111030579,-0.39269998669624329,-0.06640625,0,0.42035155743360519,35,34,0,0,1,0,1,1,2.1814789999999999
478,5.3827727689999998,PLUS_10_OUTBOUND,J2A,0,1,7.3569948737646573,2.7066242596450651,6.5640427815258722,-0.18223764979548543,2.9120462584265701,1.9946057001034414,4.4736738204956055,2.5767102241516113,-0.4908750057220459,0.049087498337030411,-0.0703125,0,0.44507811963558197,35,34,0,0,1,0,1,1,2.1030690000000001
479,5.392581957,PLUS_10_OUTBOUND,J2A,0,1,7.3840098765432085,2.6963580246913592,6.6022271002085962,-0.18397271208896968,3.2552783704211765,2.184416073648499,4.4694552421569824,2.5765185356140137,-0.51541876792907715,-0.39269998669624329,-0.05859375,0,0.37089843302965164,35,34,0,0,1,0,1,1,2.0606529999999998
480,5.402774881,PLUS_10_OUTBOUND,J2A,0,1,7.410921670062498,2.6859825312500023,6.6421464811848043,-0.18570777438245392,3.486664534163924,2.3576126358236946,4.4650449752807617,2.576326847076416,-0.78539997339248657,0,-0.06640625,0,0.42035155743360519,35,34,0,0,1,0,1,1,2.1112860000000002
481,5.4126983129999999,PLUS_10_OUTBOUND,J2A,0,1,7.4377291654567905,2.6754985246913554,6.687271049041466,-0.18918005700710086,3.8578779717907601,2.5765788078368139,4.460059642791748,2.5759432315826416,-0.73631250858306885,-0.51541876792907715,-0.04296875,0,0.27199218422174454,35,34,0,0,1,0,1,1,2.114417
482,5.4227680969999996,PLUS_10_OUTBOUND,J2A,0,1,7.4644312813603424,2.6649067596450609,6.7532249965706512,-0.18918005700710086,4.8000116242319333,2.9738897677868295,4.4527730941772461,2.5759432315826416,-0.68722498416900635,0,-0.01171875,0,0.074179686605930328,35,34,0,0,1,0,1,1,2.0980500000000002
483,5.432780234,PLUS_10_OUTBOUND,J2A,0,1,7.4910269440000041,2.6542079999999979,6.8191789440998374,-0.19438740192523207,5.4255974248480641,3.3352407536073772,4.4454865455627441,2.5753679275512695,-0.6626812219619751,-0.14726249873638153,-0.01171875,0,0.074179686605930328,35,34,0,0,1,0,1,1,2.1402589999999999
484,5.4427324769999998,PLUS_10_OUTBOUND,J2A,0,1,7.5175150872878067,2.6434030189043245,6.8747182017927599,-0.19612246421871629,5.47984025184007,3.5597743713005903,4.4393506050109863,2.5751762390136719,-0.7117687463760376,-0.14726249873638153,-0.02734375,0,0.17308593541383743,35,34,0,0,1,0,1,1,2.0605699999999998
485,5.4527679219999996,PLUS_10_OUTBOUND,J2A,0,1,7.5438946529135809,2.6324925987654328,6.9198427696494216,-0.19959258880568478,5.135677769776489,3.6534488216220868,4.4343652725219727,2.5747928619384766,-0.63813751935958862,-0.51541876792907715,-0.03515625,0,0.22253905981779099,35,34,0,0,1,0,1,1,2.0974430000000002
486,5.4625876099999999,PLUS_10_OUTBOUND,J2A,0,1,7.5701645904375017,2.62147753125,6.9701725243865349,-0.19785752651220054,5.1320779078745371,3.8006431844655411,4.428804874420166,2.5749845504760742,-0.46633124351501465,-0.53996247053146362,-0.01171875,0,0.074179686605930328,35,34,0,0,1,0,1,1,1.9928330000000001
487,5.4728024179999997,PLUS_10_OUTBOUND,J2A,0,1,7.5963238573827159,2.6103586172839481,7.0291862227417843,-0.19959258880568478,5.3578949530744833,3.9983058125778541,4.4222850799560547,2.5747928619384766,-1.0799249410629272,0.26998123526573181,-0.01171875,0,0.074179686605930328,35,34,0,0,1,0,1,1,2.131885
488,5.4827630190000001,PLUS_10_OUTBOUND,J2A,0,1,7.6223714193279335,2.5991366670524663,7.0725757283049617,-0.20306487143033175,5.0072713418576971,4.0340865519941493,4.4174914360046387,2.5744092464447021,-0.6626812219619751,-0.34361249208450317,-0.0234375,0,0.14835937321186066,35,34,0,0,1,0,1,1,2.1743389999999998
489,5.4927740610000004,PLUS_10_OUTBOUND,J2A,0,1,7.6483062499999992,2.5878125000000001,7.109020668618844,-0.204799933723816,4.5288923491216275,3.9947253187701985,4.4134650230407715,2.5742175579071045,-0.90811872482299805,0,-0.04296875,0,0.27199218422174454,35,34,0,0,1,0,1,1,2.101756
490,5.5027866980000004,PLUS_10_OUTBOUND,J2A,0,1,7.6741273313665133,2.5763869448302472,7.1402647381276312,-0.20653499601730022,4.0359422942793604,3.9072991489932658,4.4100131988525391,2.5740258693695068,-0.29452499747276306,-0.073631249368190765,-0.02734375,0,0.17308593541383743,35,34,0,0,1,0,1,1,2.0515289999999999
491,5.5126793129999996,PLUS_10_OUTBOUND,J2A,0,1,7.6998336537283922,2.5648608395061734,7.1767096784415134,-0.20827221634846294,3.912781831856333,3.8849747599724389,4.4059867858886719,2.5738339424133301,-0.34361249208450317,0.024543749168515205,-0.0234375,0,0.14835937321186066,35,34,0,0,1,0,1,1,2.0337360000000002
492,5.522773903,PLUS_10_OUTBOUND,J2A,0,1,7.7254242158125024,2.553235031249999,7.2270437492539843,-0.2117423409354314,4.288492966350204,3.9951015055876486,4.400425910949707,2.5734505653381348,-0.61359375715255737,-0.39269998669624329,-0.01171875,0,0.074179686605930328,35,34,0,0,1,0,1,1,2.102951
493,5.5326281130000003,PLUS_10_OUTBOUND,J2A,0,1,7.7508980248641981,2.5415103765432061,7.2756384416976152,-0.21347740322891565,4.5134976860986207,4.0887277144491661,4.395057201385498,2.5732588768005371,-0.63813751935958862,-0.19634999334812164,-0.01953125,0,0.12363281100988388,35,34,0,0,1,0,1,1,2.050179
494,5.5427822500000001,PLUS_10_OUTBOUND,J2A,0,1,7.7762540967399687,2.5296877411265468,7.3120876980868541,-0.21521462356007834,4.1901323314056471,4.0388146102732616,4.3910303115844727,2.5730669498443604,-0.39269998669624329,-0.29452499747276306,-0.02734375,0,0.17308593541383743,35,34,0,0,1,0,1,1,2.1089470000000001
495,5.5527917550000003,PLUS_10_OUTBOUND,J2A,0,1,7.8014914560000008,2.5177680000000002,7.3398573269333163,-0.21521462356007834,3.6946000761750737,3.9123657380349077,4.3879623413085938,2.5730669498443604,-0.36815625429153442,0,-0.04296875,0,0.27199218422174454,35,34,0,0,1,0,1,1,2.2120000000000002
496,5.5627751060000001,PLUS_10_OUTBOUND,J2A,0,1,7.826609136000771,2.5057520374228393,7.3658918934862943,-0.21694968585356258,3.3142194821003579,3.7819090021132915,4.3850860595703125,2.5728752613067627,-0.41724374890327454,-0.14726249873638153,-0.03515625,0,0.22253905981779099,35,34,0,0,1,0,1,1,2.1151529999999998
497,5.5727752260000001,PLUS_10_OUTBOUND,J2A,0,1,7.8516061789876499,2.4936407469135804,7.3901913977457871,-0.21694968585356258,3.0047151067781677,3.6467102285913726,4.3824014663696289,2.5728752613067627,-0.39269998669624329,0.14726249873638153,-0.03515625,0,0.22253905981779099,35,34,0,0,1,0,1,1,2.136015
498,5.5827532660000001,PLUS_10_OUTBOUND,J2A,0,1,7.8764816361874974,2.4814350312500042,7.4179610265922484,-0.21868474814704686,2.9271409001051678,3.5603466573606237,4.37933349609375,2.572683572769165,-0.24543750286102295,0.049087498337030411,-0.0390625,0,0.24726562201976776,35,34,0,0,1,0,1,1,2.06698
499,5.5927479690000004,PLUS_10_OUTBOUND,J2A,0,1,7.9012345679012341,2.4691358024691321,7.4509358423191623,-0.22041981044053108,3.0573717961030975,3.5342349090630583,4.3756904602050781,2.5724918842315674,-0.80994373559951782,-0.049087498337030411,-0.02734375,0,0.17308593541383743,35,34,0,0,1,0,1,1,2.1073539999999999
500,5.6025527080000002,PLUS_10_OUTBOUND,J2A,0,1,7.9258640435964551,2.4567439818672789,7.483910658046077,-0.22389209306517804,3.1643944444425567,3.5171264972926224,4.3720474243164062,2.572108268737793,-0.53996247053146362,-0.53996247053146362,-0.02734375,0,0.17308593541383743,35,34,0,0,1,0,1,1,1.9459029999999999
501,5.6127467470000001,PLUS_10_OUTBOUND,J2A,0,1,7.9503691420000013,2.4442604999999995,7.5134196652613809,-0.22389209306517804,3.0700124622906024,3.4548870113927719,4.3687872886657715,2.572108268737793,-0.22089375555515289,-0.24543750286102295,-0.02734375,0,0.17308593541383743,35,34,0,0,1,0,1,1,2.1072160000000002
502,5.6227482530000001,PLUS_10_OUTBOUND,J2A,0,1,7.9747489511905831,2.4316862966820985,7.5359797911520321,-0.22389209306517804,2.7849936101439239,3.3349655987263609,4.3662948608398438,2.572108268737793,0.024543749168515205,0,-0.0390625,0,0.24726562201976776,35,34,0,0,1,0,1,1,2.160288
503,5.6327417970000004,PLUS_10_OUTBOUND,J2A,0,1,7.999002568691358,2.419022320987656,7.5533347301622316,-0.22562715535866229,2.4180611174894038,3.1751305448239688,4.364377498626709,2.5719165802001953,-0.26998123526573181,-0.073631249368190765,-0.04296875,0,0.27199218422174454,35,34,0,0,1,0,1,1,2.1088
504,5.6427486240000002,PLUS_10_OUTBOUND,J2A,0,1,8.0231291015624979,2.4062695312499991,7.5654844822919776,-0.22736221765214654,1.9966909367179264,2.9790321218700901,4.3630352020263672,2.5717248916625977,-0.073631249368190765,-0.19634999334812164,-0.0390625,0,0.24726562201976776,35,34,0,0,1,0,1,1,2.109448
505,5.6525208789999999,PLUS_10_OUTBOUND,J2A,0,1,8.0471276664938234,2.3934288950617302,7.5793692967152086,-0.22736221765214654,1.7951432388429003,2.8232129468191518,4.3615012168884277,2.5717248916625977,-0.049087498337030411,-0.24543750286102295,-0.04296875,0,0.27199218422174454,35,34,0,0,1,0,1,1,1.9060859999999999
506,5.6627541749999999,PLUS_10_OUTBOUND,J2A,0,1,8.0709973898973786,2.3805013892746896,7.5949891734319248,-0.22736221765214654,1.7010753653965855,2.6935294407511514,4.3597755432128906,2.5717248916625977,-0.22089375555515289,-0.098174996674060822,-0.05078125,0,0.32144530862569809,35,34,0,0,1,0,1,1,2.1626379999999998
507,5.6725900569999999,PLUS_10_OUTBOUND,J2A,0,1,8.0947374079999985,2.3674879999999998,7.6123484285174792,-0.2290994379833092,1.7234106761945756,2.600665550586549,4.3578577041625977,2.5715329647064209,0.024543749168515205,-0.22089375555515289,-0.04296875,0,0.27199218422174454,35,34,0,0,1,0,1,1,1.9476549999999999
508,5.6826961740000002,PLUS_10_OUTBOUND,J2A,0,1,8.1183468669359566,2.3543897226080248,7.6366436167016163,-0.22736221765214654,1.9616198111187717,2.5809998159828367,4.3551735877990723,2.5717248916625977,-0.63813751935958862,0.39269998669624329,-0.04296875,0,0.27199218422174454,35,34,0,0,1,0,1,1,2.1174650000000002
509,5.6927521590000003,PLUS_10_OUTBOUND,J2A,0,1,8.1418249228395041,2.3412075617283921,7.6626781832545943,-0.23083450027679345,2.1811896995814664,2.5817960693429143,4.352297306060791,2.5713412761688232,-0.44178751111030579,-0.17180624604225159,-0.02734375,0,0.17308593541383743,35,34,0,0,1,0,1,1,2.1113900000000001
510,5.7027420329999998,PLUS_10_OUTBOUND,J2A,0,1,8.1651707419375015,2.3279425312499993,7.7008625019373182,-0.23256956257027772,2.7555791207927056,2.7058466955699805,4.348078727722168,2.5711495876312256,-0.46633124351501465,-0.24543750286102295,-0.01171875,0,0.074179686605930328,35,34,0,0,1,0,1,1,2.1215609999999998
511,5.7127444929999998,PLUS_10_OUTBOUND,J2A,0,1,8.1883835006419741,2.3145956543209913,7.7425169452070115,-0.23430462486376194,3.2486733864028916,2.851704013980878,4.3434767723083496,2.5709578990936279,-0.61359375715255737,-0.24543750286102295,-0.01171875,0,0.074179686605930328,35,34,0,0,1,0,1,1,2.1081080000000001
512,5.7227485280000003,PLUS_10_OUTBOUND,J2A,0,1,8.2114623856427453,2.3011679633487705,7.7754917609339262,-0.23604184519492463,3.2652907525975747,2.8961487701358459,4.3398337364196777,2.5707659721374512,-0.41724374890327454,-0.29452499747276306,-0.02734375,0,0.17308593541383743,35,34,0,0,1,0,1,1,2.115008
513,5.7327423250000002,PLUS_10_OUTBOUND,J2A,0,1,8.2344065940000029,2.2876605000000008,7.8050007681492293,-0.23604184519492463,3.1558952946703287,2.9018071232599483,4.336573600769043,2.5707659721374512,-0.51541876792907715,-0.024543749168515205,-0.02734375,0,0.17308593541383743,35,34,0,0,1,0,1,1,2.116495
514,5.7425893180000003,PLUS_10_OUTBOUND,J2A,0,1,8.2572153332368803,2.2740743152006169,7.8275608940398804,-0.23777690748840888,2.8532055756215593,2.8407331635299093,4.3340811729431152,2.5705742835998535,-0.61359375715255737,-0.24543750286102295,-0.0390625,0,0.24726562201976776,35,34,0,0,1,0,1,1,1.9532910000000001
515,5.7527219450000002,PLUS_10_OUTBOUND,J2A,0,1,8.2798878214320979,2.2604104691358038,7.8518603982993742,-0.23777690748840888,2.6939342181137902,2.7964743025939978,4.3313965797424316,2.5705742835998535,-0.14726249873638153,0.073631249368190765,-0.03515625,0,0.22253905981779099,35,34,0,0,1,0,1,1,2.139707
516,5.7627508970000001,PLUS_10_OUTBOUND,J2A,0,1,8.3024232873124983,2.246670031250003,7.8796300271458355,-0.2412470320753774,2.7201884228048003,2.7937214954862655,4.3283286094665527,2.5701909065246582,-0.46633124351501465,-0.31906875967979431,-0.02734375,0,0.17308593541383743,35,34,0,0,1,0,1,1,2.1144419999999999
517,5.7727457720000004,PLUS_10_OUTBOUND,J2A,0,1,8.3248209703456784,2.2328540802469141,7.9126048428727502,-0.2412470320753774,2.9228328143140914,2.8442665857922025,4.3246855735778809,2.5701909065246582,-0.4908750057220459,0.24543750286102295,-0.01953125,0,0.12363281100988388,35,34,0,0,1,0,1,1,2.1648200000000002
518,5.7827489769999998,PLUS_10_OUTBOUND,J2A,0,1,8.3470801208325653,2.2189637040895072,7.9438489123815366,-0.24298425240654006,2.9930333940549936,2.8721805171417918,4.3212337493896484,2.5699989795684814,-0.63813751935958862,-0.024543749168515205,-0.01953125,0,0.12363281100988388,35,34,0,0,1,0,1,1,2.1155390000000001
519,5.7927501479999997,PLUS_10_OUTBOUND,J2A,0,1,8.3692000000000011,2.2050000000000005,7.9733536035214838,-0.24645437699350853,2.9780149852159332,2.8799748308790951,4.3179740905761719,2.5696156024932861,-0.6626812219619751,-0.46633124351501465,-0.0234375,0,0.14835937321186066,35,34,0,0,1,0,1,1,2.1017809999999999
520,5.8027420620000001,PLUS_10_OUTBOUND,J2A,0,1,8.391179880093361,2.1909640744598802,7.9941786671186517,-0.24471931470002431,2.6651768133664078,2.8003965114986289,4.3156733512878418,2.5698072910308838,-0.24543750286102295,0.12271875143051147,-0.0234375,0,0.14835937321186066,35,34,0,0,1,0,1,1,2.1002589999999999
521,5.8127491710000001,PLUS_10_OUTBOUND,J2A,0,1,8.4130190444691344,2.1768570432098797,8.0132686684223344,-0.24471931470002431,2.4000403238786201,2.7111212589746105,4.3135643005371094,2.5698072910308838,-0.56450623273849487,0.12271875143051147,-0.0390625,0,0.24726562201976776,35,34,0,0,1,0,1,1,2.1087579999999999
522,5.822671777,PLUS_10_OUTBOUND,J2A,0,1,8.4347167876874973,2.162680031250003,8.0254184205520822,-0.24818943928699277,1.9885843176767986,2.5624543065502055,4.3122220039367676,2.5694239139556885,-0.024543749168515205,-0.39269998669624329,-0.05078125,0,0.32144530862569809,35,34,0,0,1,0,1,1,2.0305420000000001
523,5.8327369950000003,PLUS_10_OUTBOUND,J2A,0,1,8.4562724156049391,2.1484341728395018,8.0393032349753106,-0.24645437699350853,1.7753994580990367,2.4441573477835044,4.3106880187988281,2.5696156024932861,-0.24543750286102295,-0.36815625429153442,-0.04296875,0,0.27199218422174454,35,34,0,0,1,0,1,1,2.126601
524,5.842684545,PLUS_10_OUTBOUND,J2A,0,1,8.4776852454668266,2.1341206114969147,8.0514529871050584,-0.24818943928699277,1.5814931231338722,2.3218797488250109,4.3093457221984863,2.5694239139556885,-0.14726249873638153,-0.24543750286102295,-0.04296875,0,0.27199218422174454,35,34,0,0,1,0,1,1,2.0912259999999998
525,5.8527544349999996,PLUS_10_OUTBOUND,J2A,0,1,8.4989546060000052,2.1197404999999967,8.0636027392348044,-0.24992665961815549,1.4502604701864406,2.210346042556631,4.3080034255981445,2.5692319869995117,-0.24543750286102295,-0.41724374890327454,-0.04296875,0,0.27199218422174454,35,34,0,0,1,0,1,1,2.1195560000000002
526,5.8627623140000003,PLUS_10_OUTBOUND,J2A,0,1,8.5200798375053992,2.105295000385802,8.074017429071068,-0.24992665961815549,1.3068964753033954,2.0933763439244562,4.3068528175354004,2.5692319869995117,-0.17180624604225159,-0.34361249208450317,-0.04296875,0,0.27199218422174454,35,34,0,0,1,0,1,1,2.1224240000000001
527,5.8726573240000004,PLUS_10_OUTBOUND,J2A,0,1,8.5410602919506182,2.0907852839506167,8.086167181200814,-0.24992665961815549,1.2792360134320977,2.0068253679562651,4.3055105209350586,2.5692319869995117,0.12271875143051147,-0.17180624604225159,-0.05078125,0,0.32144530862569809,35,34,0,0,1,0,1,1,2.0410979999999999
528,5.8827513209999998,PLUS_10_OUTBOUND,J2A,0,1,8.5618953330624983,2.0762125312500026,8.0983169333305618,-0.24992665961815549,1.2527848144427927,1.9265089470783328,4.3041682243347168,2.5692319869995117,-0.024543749168515205,-0.14726249873638153,-0.05078125,0,0.32144530862569809,35,34,0,0,1,0,1,1,2.124933
529,5.892753269,PLUS_10_OUTBOUND,J2A,0,1,8.5825843364197532,2.0615779320987628,8.1139368100472744,-0.25166172191163977,1.3608993388947335,1.8900263979439047,4.3024425506591797,2.5690402984619141,-0.17180624604225159,-0.24543750286102295,-0.04296875,0,0.27199218422174454,35,34,0,0,1,0,1,1,2.176037
530,5.9027509909999996,PLUS_10_OUTBOUND,J2A,0,1,8.6031266895455261,2.0468826855709863,8.1364969359379273,-0.25166172191163977,1.6743688893223383,1.926676420732589,4.299950122833252,2.5690402984619141,-0.24543750286102295,-0.098174996674060822,-0.0390625,0,0.24726562201976776,35,34,0,0,1,0,1,1,2.1300140000000001
531,5.912685712,PLUS_10_OUTBOUND,J2A,0,1,8.6235217920000036,2.0321280000000019,8.1660016270778737,-0.25339678420512396,2.1277893910864711,2.0309943823813161,4.2966904640197754,2.5688486099243164,-0.29452499747276306,-0.24543750286102295,-0.0234375,0,0.14835937321186066,35,34,0,0,1,0,1,1,2.0966070000000001
532,5.9226455680000001,PLUS_10_OUTBOUND,J2A,0,1,8.643769055472994,2.0173150929783912,8.2024508834671135,-0.25339678420512396,2.6639289858247626,2.1938566246056292,4.29266357421875,2.5688486099243164,-0.58904999494552612,-0.024543749168515205,-0.01953125,0,0.12363281100988388,35,34,0,0,1,0,1,1,2.0105469999999999
533,5.9327493740000001,PLUS_10_OUTBOUND,J2A,0,1,8.6638679038765449,2.0024451913580243,8.2371650775628691,-0.25513184649860821,2.934067817550337,2.3180463840777068,4.2888283729553223,2.5686569213867188,-0.61359375715255737,0.24543750286102295,-0.01953125,0,0.12363281100988388,35,34,0,0,1,0,1,1,2.126992
534,5.9427335909999996,PLUS_10_OUTBOUND,J2A,0,1,8.6838177734374984,1.9875195312500025,8.2701398932897838,-0.2586041291232552,3.0630870566476123,2.4165111671670485,4.2851853370666504,2.5682733058929443,-0.88357502222061157,-0.24543750286102295,-0.0234375,0,0.14835937321186066,35,34,0,0,1,0,1,1,2.1528019999999999
535,5.9527568139999998,PLUS_10_OUTBOUND,J2A,0,1,8.7036181127901262,1.9725393580246888,8.2927043352557934,-0.2586041291232552,2.7789322558500871,2.3999816701729548,4.2826924324035645,2.5682733058929443,-0.31906875967979431,0.073631249368190765,-0.02734375,0,0.17308593541383743,35,34,0,0,1,0,1,1,2.1146400000000001
536,5.9627567560000001,PLUS_10_OUTBOUND,J2A,0,1,8.7232683830686764,1.9575059263117258,8.3169995234399288,-0.26207425371022364,2.6566424846990735,2.4029367941260928,4.2800083160400391,2.567889928817749,-0.63813751935958862,-0.36815625429153442,-0.02734375,0,0.17308593541383743,35,34,0,0,1,0,1,1,2.178315
537,5.9727481119999997,PLUS_10_OUTBOUND,J2A,0,1,8.7427680579999993,1.9424205000000003,8.3430340899929067,-0.26207425371022364,2.6388157756186588,2.4232140177318438,4.2771320343017578,2.567889928817749,-0.22089375555515289,-0.34361249208450317,-0.01171875,0,0.074179686605930328,35,34,0,0,1,0,1,1,2.1128079999999998
538,5.982687759,PLUS_10_OUTBOUND,J2A,0,1,8.762116623996139,1.9272843522376557,8.3760132217951782,-0.26207425371022364,2.8765085300098674,2.5126864090608705,4.2734885215759277,2.567889928817749,-0.31906875967979431,0.12271875143051147,-0.0078125,0,0.049453124403953552,35,34,0,0,1,0,1,1,2.0955550000000001
539,5.9927511759999996,PLUS_10_OUTBOUND,J2A,0,1,8.7813135802469198,1.9120987654320962,8.4141932244025437,-0.26381147404138638,3.197609624999501,2.6408117911528084,4.2692704200744629,2.5676980018615723,-0.29452499747276306,0.098174996674060822,-0.00390625,0,0.024726562201976776,35,34,0,0,1,0,1,1,2.1076299999999999
540,6.0027522749999997,PLUS_10_OUTBOUND,J2A,0,1,8.8003584388125056,1.8968650312500035,8.4506424807917835,-0.26554653633487063,3.3540300432148653,2.7411831225990104,4.2652435302734375,2.5675063133239746,-0.36815625429153442,0.12271875143051147,-0.01171875,0,0.074179686605930328,35,34,0,0,1,0,1,1,2.120784
541,6.0127573119999997,PLUS_10_OUTBOUND,J2A,0,1,8.8192507247160545,1.8815844506172841,8.4784121096382474,-0.26728159862835482,3.1515672195137308,2.7446212936031289,4.2621755599975586,2.567314624786377,-0.26998123526573181,0.049087498337030411,-0.0078125,0,0.049453124403953552,35,34,0,0,1,0,1,1,2.1619269999999999
542,6.0227635810000004,PLUS_10_OUTBOUND,J2A,0,1,8.8379899760362548,1.8662583337191365,8.5009765516042552,-0.26901666092183907,2.8377793739730448,2.6956622160397075,4.2596826553344727,2.5671229362487793,-0.24543750286102295,0,-0.02734375,0,0.17308593541383743,35,34,0,0,1,0,1,1,2.1215000000000002
543,6.0327704579999999,PLUS_10_OUTBOUND,J2A,0,1,8.8565757439999988,1.8508879999999994,8.5183314906144556,-0.26901666092183907,2.4515620208068776,2.5995261166427079,4.2577652931213379,2.5671229362487793,-0.098174996674060822,0.17180624604225159,-0.02734375,0,0.17308593541383743,35,34,0,0,1,0,1,1,2.1189429999999998
544,6.0427549819999999,PLUS_10_OUTBOUND,J2A,0,1,8.8750075930748551,1.8354747781635794,8.53395136733117,-0.27075388125300182,2.1410583762533504,2.4960143800438317,4.2560396194458008,2.5669310092926025,-0.34361249208450317,-0.098174996674060822,-0.02734375,0,0.17308593541383743,35,34,0,0,1,0,1,1,2.1042939999999999
545,6.0525574969999996,PLUS_10_OUTBOUND,J2A,0,1,8.8932851010617231,1.8200200061728378,8.5461011194609178,-0.26901666092183907,1.8254963340863348,2.3703581961884934,4.254697322845459,2.5671229362487793,-0.14726249873638153,0.34361249208450317,-0.0234375,0,0.14835937321186066,35,34,0,0,1,0,1,1,1.905897
546,6.0626982189999996,PLUS_10_OUTBOUND,J2A,0,1,8.9114078591875057,1.8045250312499985,8.5565158092971778,-0.27248894354648606,1.5460284273726876,2.2360240366315214,4.2535467147827148,2.5667393207550049,-0.17180624604225159,-0.24543750286102295,-0.0390625,0,0.24726562201976776,35,34,0,0,1,0,1,1,2.056724
547,6.0727343469999999,PLUS_10_OUTBOUND,J2A,0,1,8.929375472197524,1.7889912098765461,8.5686612453515689,-0.27248894354648606,1.4284785020403192,2.133438782753533,4.2522048950195312,2.5667393207550049,0.024543749168515205,-0.024543749168515205,-0.0390625,0,0.24726562201976776,35,34,0,0,1,0,1,1,2.0905450000000001
548,6.0826943419999999,PLUS_10_OUTBOUND,J2A,0,1,8.9471875584482934,1.7734199077932131,8.5808109974813149,-0.27248894354648606,1.3554603616834142,2.0420804288659533,4.2508625984191895,2.5667393207550049,-0.14726249873638153,0.024543749168515205,-0.02734375,0,0.17308593541383743,35,34,0,0,1,0,1,1,2.1154570000000001
549,6.0927328359999997,PLUS_10_OUTBOUND,J2A,0,1,8.96484375,1.7578125,8.598170252566872,-0.27422400583997031,1.4862933364449882,2.0107992720795775,4.2489447593688965,2.5665476322174072,-0.58904999494552612,-0.17180624604225159,-0.0234375,0,0.14835937321186066,35,34,0,0,1,0,1,1,2.1289799999999999
550,6.1027314449999999,PLUS_10_OUTBOUND,J2A,0,1,8.982343692709108,1.7421703707561687,8.6120550669901021,-0.27422400583997031,1.4521267811255314,1.9485868055677025,4.247410774230957,2.5665476322174072,-0.24543750286102295,-0.073631249368190765,-0.03515625,0,0.22253905981779099,35,34,0,0,1,0,1,1,2.128657
551,6.1126747650000004,PLUS_10_OUTBOUND,J2A,0,1,8.9996870463209859,1.7264949135802463,8.6328801305872691,-0.27769628846461719,1.6769144593006935,1.9631658540306747,4.245110034942627,2.5661640167236328,-0.41724374890327454,-0.53996247053146362,-0.01171875,0,0.074179686605930328,35,34,0,0,1,0,1,1,2.0675300000000001
552,6.1225595679999998,PLUS_10_OUTBOUND,J2A,0,1,9.0168734845624989,1.7107875312500052,8.6519701318909537,-0.27595906813345455,1.7659310314039918,1.9599740208729046,4.2430009841918945,2.5663559436798096,-0.41724374890327454,0,-0.02734375,0,0.17308593541383743,35,34,0,0,1,0,1,1,1.938105
553,6.1326356979999996,PLUS_10_OUTBOUND,J2A,0,1,9.0339026952345627,1.6950496358024689,8.6710644492699949,-0.27943135075810149,1.8111069429348354,1.9534771252205403,4.2408914566040039,2.5659723281860352,-0.24543750286102295,-0.4908750057220459,-0.02734375,0,0.17308593541383743,35,34,0,0,1,0,1,1,2.0551089999999999
554,6.1427098149999999,PLUS_10_OUTBOUND,J2A,0,1,9.050774380304782,1.6792826485339507,8.6866843259867093,-0.27769628846461719,1.7198930644308077,1.9131789988479619,4.2391657829284668,2.5661640167236328,0.098174996674060822,0.098174996674060822,-0.0234375,0,0.14835937321186066,35,34,0,0,1,0,1,1,2.0985999999999998
555,6.1527124830000002,PLUS_10_OUTBOUND,J2A,0,1,9.0674882559999972,1.6634880000000005,8.7040392649969078,-0.27943135075810149,1.7251913400426688,1.895364198438207,4.237248420715332,2.5659723281860352,-0.17180624604225159,-0.14726249873638153,-0.02734375,0,0.17308593541383743,35,34,0,0,1,0,1,1,2.1335220000000001
556,6.1626827119999996,PLUS_10_OUTBOUND,J2A,0,1,9.0840440528989213,1.6476671300154333,8.7196591417136258,-0.28116641305158568,1.6697024837372407,1.8624929536542452,4.2355227470397949,2.5657806396484375,-0.68722498416900635,-0.36815625429153442,-0.02734375,0,0.17308593541383743,35,34,0,0,1,0,1,1,2.0783320000000001
557,6.1727279160000004,PLUS_10_OUTBOUND,J2A,0,1,9.1004415160246843,1.631821487654316,8.7300738315498858,-0.27943135075810149,1.4481804239298139,1.7799218895747086,4.2343721389770508,2.5659723281860352,-0.049087498337030411,0.073631249368190765,-0.03515625,0,0.22253905981779099,35,34,0,0,1,0,1,1,2.126598
558,6.1826534710000001,PLUS_10_OUTBOUND,J2A,0,1,9.1166804049374974,1.6159525312500023,8.7404885213861494,-0.28116641305158568,1.3085653984746961,1.7068577357373282,4.2332215309143066,2.5657806396484375,-0.24543750286102295,-0.24543750286102295,-0.0390625,0,0.24726562201976776,35,34,0,0,1,0,1,1,2.0745300000000002
559,6.1925140440000002,PLUS_10_OUTBOUND,J2A,0,1,9.1327604938271598,1.6000617283950604,8.7509032112224112,-0.28290147534506993,1.2202358277453642,1.6417914818026844,4.2320709228515625,2.5655889511108398,-0.39269998669624329,-0.46633124351501465,-0.03515625,0,0.22253905981779099,35,34,0,0,1,0,1,1,1.916391
560,6.2026384449999998,PLUS_10_OUTBOUND,J2A,0,1,9.1486815716057084,1.5841505559413585,8.757843460396348,-0.28116641305158568,1.0330773300472385,1.5461620599117738,4.2313041687011719,2.5657806396484375,-0.22089375555515289,0,-0.0390625,0,0.24726562201976776,35,34,0,0,1,0,1,1,2.033541
561,6.2127262940000003,PLUS_10_OUTBOUND,J2A,0,1,9.1644434419999996,1.5682205000000002,8.7682581502326116,-0.28463869567623262,1.0328400747015434,1.4947857996836933,4.2301535606384277,2.5653970241546631,-0.34361249208450317,-0.61359375715255737,-0.03515625,0,0.22253905981779099,35,34,0,0,1,0,1,1,2.1484160000000001
562,6.2227262999999997,PLUS_10_OUTBOUND,J2A,0,1,9.1800459236442933,1.5522730559413609,8.7734633371130624,-0.28290147534506993,0.85352748006293322,1.3973590572887324,4.2295784950256348,2.5655889511108398,-0.073631249368190765,-0.12271875143051147,-0.0390625,0,0.24726562201976776,35,34,0,0,1,0,1,1,2.1200929999999998
563,6.2327125759999999,PLUS_10_OUTBOUND,J2A,0,1,9.1954888501728416,1.5363097283950644,8.7821429646558418,-0.28463869567623262,0.85899731623110898,1.3445387098999171,4.2286195755004883,2.5653970241546631,-0.14726249873638153,-0.26998123526573181,-0.03515625,0,0.22253905981779099,35,34,0,0,1,0,1,1,2.1069589999999998
564,6.2426792759999996,PLUS_10_OUTBOUND,J2A,0,1,9.2107720703124976,1.5203320312499979,8.7908182761232627,-0.28290147534506993,0.86299864269917048,1.2971278066667682,4.2276611328125,2.5655889511108398,-0.098174996674060822,-0.024543749168515205,-0.0390625,0,0.24726562201976776,35,34,0,0,1,0,1,1,2.0742029999999998
565,6.2527137760000002,PLUS_10_OUTBOUND,J2A,0,1,9.2258954479753044,1.5043414876543229,8.8029680282530105,-0.28290147534506993,0.98472840375889192,1.2884948220013575,4.2263188362121582,2.5655889511108398,0,0.073631249368190765,-0.03515625,0,0.22253905981779099,35,34,0,0,1,0,1,1,2.1061459999999999
566,6.2625518629999997,PLUS_10_OUTBOUND,J2A,0,1,9.2408588623510823,1.4883396300154375,8.8185879049697249,-0.28637375796971692,1.1957665408690292,1.3184147907800072,4.2245931625366211,2.5652053356170654,-0.41724374890327454,-0.56450623273849487,-0.03515625,0,0.22253905981779099,35,34,0,0,1,0,1,1,1.95472
567,6.2727126420000001,PLUS_10_OUTBOUND,J2A,0,1,9.2556622079999951,1.4723280000000027,8.8359471600552801,-0.28637375796971692,1.3752082386823985,1.3574190223070151,4.2226753234863281,2.5652053356170654,-0.53996247053146362,-0.36815625429153442,-0.0234375,0,0.14835937321186066,35,34,0,0,1,0,1,1,2.1053730000000002
568,6.2826027279999996,PLUS_10_OUTBOUND,J2A,0,1,9.270305394945213,1.4563081485339544,8.8550371613589647,-0.28637375796971692,1.5694609220587421,1.4146987106235089,4.2205662727355957,2.5652053356170654,-0.26998123526573181,-0.24543750286102295,-0.02734375,0,0.17308593541383743,35,34,0,0,1,0,1,1,2.0035240000000001
569,6.2927148290000003,PLUS_10_OUTBOUND,J2A,0,1,9.284788348765435,1.4402816358024673,8.8862769147923935,-0.28810882026320117,2.1014198221830003,1.582163188945392,4.2171149253845215,2.5650136470794678,-0.36815625429153442,-0.14726249873638153,-0.01953125,0,0.12363281100988388,35,34,0,0,1,0,1,1,2.0977030000000001
570,6.3027186669999997,PLUS_10_OUTBOUND,J2A,0,1,9.2991110106875006,1.4242500312499975,8.9123114813453732,-0.28810882026320117,2.2767831256127282,1.6841926532490752,4.2142386436462402,2.5650136470794678,-0.56450623273849487,0.14726249873638153,-0.0234375,0,0.14835937321186066,35,34,0,0,1,0,1,1,2.124438
571,6.3127109399999997,PLUS_10_OUTBOUND,J2A,0,1,9.3132733376790071,1.4082149135802466,8.9314057987244126,-0.28984388255668542,2.1487269355089706,1.7068642175986528,4.2121291160583496,2.5648219585418701,-0.24543750286102295,-0.024543749168515205,-0.02734375,0,0.17308593541383743,35,34,0,0,1,0,1,1,2.096911
572,6.322717184,PLUS_10_OUTBOUND,J2A,0,1,9.3272753025408974,1.3921778707561692,8.947025675441127,-0.29158110288784811,1.9430270493902198,1.6922790933557559,4.2104034423828125,2.5646300315856934,-0.22089375555515289,-0.29452499747276306,-0.03515625,0,0.22253905981779099,35,34,0,0,1,0,1,1,2.1355279999999999
573,6.3325371710000002,PLUS_10_OUTBOUND,J2A,0,1,9.341116894000006,1.3761404999999982,8.959175427570873,-0.29158110288784811,1.6960041274077269,1.6467759112499187,4.2090611457824707,2.5646300315856934,-0.58904999494552612,-0.17180624604225159,-0.0390625,0,0.24726562201976776,35,34,0,0,1,0,1,1,1.9150389999999999
574,6.3427180500000002,PLUS_10_OUTBOUND,J2A,0,1,9.354798116801696,1.3601044077932092,8.9661156767448098,-0.28984388255668542,1.3409957562498283,1.5502677696777285,4.2082943916320801,2.5648219585418701,-0.26998123526573181,0.22089375555515289,-0.0390625,0,0.24726562201976776,35,34,0,0,1,0,1,1,2.1104280000000002
575,6.3527149380000001,PLUS_10_OUTBOUND,J2A,0,1,9.3683189918024787,1.3440712098765437,8.9713208636252624,-0.29158110288784811,1.0538854949226766,1.4473090650986093,4.2077193260192871,2.5646300315856934,0.073631249368190765,0,-0.04296875,0,0.27199218422174454,35,34,0,0,1,0,1,1,2.1202719999999999
576,6.3626619719999997,PLUS_10_OUTBOUND,J2A,0,1,9.3816795560624975,1.328042531249999,8.9747953042875892,-0.29158110288784811,0.80727851984633647,1.3375075723449188,4.2073354721069336,2.5646300315856934,-0.19634999334812164,0.049087498337030411,-0.0390625,0,0.24726562201976776,35,34,0,0,1,0,1,1,2.0819700000000001
577,6.3726910889999999,PLUS_10_OUTBOUND,J2A,0,1,9.3948798629382697,1.3120200061728373,8.981735553461526,-0.2933161651813323,0.76693453506520504,1.2729578143004516,4.206568717956543,2.5644383430480957,-0.31906875967979431,-0.098174996674060822,-0.05078125,0,0.32144530862569809,35,34,0,0,1,0,1,1,2.102287
578,6.382695923,PLUS_10_OUTBOUND,J2A,0,1,9.4079199821751551,1.2960052781635767,8.9869450564173352,-0.2950512274748166,0.68075195425128321,1.1977318918586637,4.2059931755065918,2.564246654510498,-0.51541876792907715,-0.31906875967979431,-0.04296875,0,0.27199218422174454,35,34,0,0,1,0,1,1,2.1076380000000001
579,6.3926976819999997,PLUS_10_OUTBOUND,J2A,0,1,9.4207999999999981,1.2800000000000011,8.9904151810043054,-0.2933161651813323,0.56392177074250938,1.1126538456668473,4.2056097984313965,2.5644383430480957,-0.41724374890327454,-0.049087498337030411,-0.03515625,0,0.22253905981779099,35,34,0,0,1,0,1,1,2.1088390000000001
580,6.4025687040000001,PLUS_10_OUTBOUND,J2A,0,1,9.4335200192137396,1.2640058337191342,8.9921502432977878,-0.29158110288784811,0.42806981244188197,1.0189657929456628,4.2054181098937988,2.5646300315856934,-0.90811872482299805,0.31906875967979431,-0.04296875,0,0.27199218422174454,35,34,0,0,1,0,1,1,1.9814000000000001
581,6.4126010579999999,PLUS_10_OUTBOUND,J2A,0,1,9.4460801592839605,1.2480244506172837,8.9956203678847562,-0.2933161651813323,0.39930805245447126,0.95165854918459591,4.2050347328186035,2.5644383430480957,-0.049087498337030411,0.073631249368190765,-0.05078125,0,0.32144530862569809,35,34,0,0,1,0,1,1,2.0075690000000002
582,6.4226910840000002,PLUS_10_OUTBOUND,J2A,0,1,9.4584805564374985,1.2320575312499986,9.0025649331340514,-0.2933161651813323,0.5004413712692104,0.92531873345865179,4.2042675018310547,2.5644383430480957,-0.24543750286102295,-0.024543749168515205,-0.04296875,0,0.27199218422174454,35,34,0,0,1,0,1,1,2.103955
583,6.4326915859999998,PLUS_10_OUTBOUND,J2A,0,1,9.4707213637530927,1.2161067654320974,9.0060350577210198,-0.2950512274748166,0.44673515516604045,0.86748636406737334,4.2038841247558594,2.564246654510498,0,-0.24543750286102295,-0.0546875,0,0.34617187082767487,35,34,0,0,1,0,1,1,2.1114410000000001
584,6.4426948910000004,PLUS_10_OUTBOUND,J2A,0,1,9.4828027512538693,1.2001738522376471,9.0112402446014723,-0.2950512274748166,0.4724992005676768,0.83277239900627897,4.2033090591430664,2.564246654510498,-0.22089375555515289,-0.34361249208450317,-0.0546875,0,0.34617187082767487,35,34,0,0,1,0,1,1,2.105604
585,6.4526936839999998,PLUS_10_OUTBOUND,J2A,0,1,9.4947249059999983,1.1842604999999977,9.0147146852637974,-0.2933161651813323,0.42874458309677332,0.78424375988501782,4.2029252052307129,2.5644383430480957,-0.098174996674060822,0.073631249368190765,-0.04296875,0,0.27199218422174454,35,34,0,0,1,0,1,1,2.107961
586,6.4625983280000003,PLUS_10_OUTBOUND,J2A,0,1,9.5064880321813341,1.1683684263117211,9.01991987214425,-0.2933161651813323,0.46261945495310752,0.75837237702228899,4.2023501396179199,2.5644383430480957,-0.19634999334812164,0.19634999334812164,-0.05078125,0,0.32144530862569809,35,34,0,0,1,0,1,1,2.021477
587,6.4726881350000003,PLUS_10_OUTBOUND,J2A,0,1,9.5180923512098801,1.1524993580246907,9.0233899967312183,-0.2950512274748166,0.42107596955405302,0.71692751755849815,4.2019667625427246,2.564246654510498,-0.024543749168515205,-0.098174996674060822,-0.05078125,0,0.32144530862569809,35,34,0,0,1,0,1,1,2.099421
588,6.4827046079999997,PLUS_10_OUTBOUND,J2A,0,1,9.5295381018125003,1.1366550312499986,9.0303345619805135,-0.2950512274748166,0.51635943003540374,0.71456620860986819,4.2011995315551758,2.564246654510498,-0.34361249208450317,0.049087498337030411,-0.0546875,0,0.34617187082767487,35,34,0,0,1,0,1,1,2.1229719999999999
589,6.4926899420000002,PLUS_10_OUTBOUND,J2A,0,1,9.5408255401234499,1.1208371913580291,9.0355397488609643,-0.2950512274748166,0.51808275021919503,0.69523790794779072,4.2006244659423828,2.564246654510498,-0.31906875967979431,-0.024543749168515205,-0.04296875,0,0.27199218422174454,35,34,0,0,1,0,1,1,2.103472
590,6.502532242,PLUS_10_OUTBOUND,J2A,0,1,9.5519549397770085,1.1050475929783883,9.0424843141102595,-0.2950512274748166,0.58370803992632891,0.69627247494839795,4.199857234954834,2.564246654510498,-0.31906875967979431,0,-0.05078125,0,0.32144530862569809,35,34,0,0,1,0,1,1,1.926898
591,6.5127270560000001,PLUS_10_OUTBOUND,J2A,0,1,9.5629265919999984,1.0892880000000045,9.0476895009907121,-0.2950512274748166,0.55811043648644842,0.67770243046336809,4.199282169342041,2.564246654510498,0,0.12271875143051147,-0.04296875,0,0.27199218422174454,35,34,0,0,1,0,1,1,2.1332170000000001
592,6.5227019520000002,PLUS_10_OUTBOUND,J2A,0,1,9.5737408057044817,1.073560185570986,9.0546297501646489,-0.29678628976830085,0.60629183754711236,0.67950934565443721,4.1985154151916504,2.5640549659729004,-0.17180624604225159,0,-0.05078125,0,0.32144530862569809,35,34,0,0,1,0,1,1,2.1130599999999999
593,6.5325867129999997,PLUS_10_OUTBOUND,J2A,0,1,9.5843979075802501,1.0578659320987664,9.0615743154139441,-0.29678628976830085,0.63998312948750868,0.68181367825524664,4.1977481842041016,2.5640549659729004,-0.19634999334812164,-0.049087498337030411,-0.0546875,0,0.34617187082767487,35,34,0,0,1,0,1,1,2.0063650000000002
594,6.5427012859999998,PLUS_10_OUTBOUND,J2A,0,1,9.5948982421875062,1.0422070312500005,9.0719890052502041,-0.29852351009946348,0.77637413818372725,0.71659948300596388,4.1965975761413574,2.5638630390167236,0,-0.39269998669624329,-0.04296875,0,0.27199218422174454,35,34,0,0,1,0,1,1,2.1065469999999999
595,6.5526975739999997,PLUS_10_OUTBOUND,J2A,0,1,9.6052421720493797,1.0265852839506155,9.0806643167176251,-0.29678628976830085,0.80839184267909869,0.73172486409384629,4.1956391334533691,2.5640549659729004,-0.098174996674060822,0,-0.04296875,0,0.27199218422174454,35,34,0,0,1,0,1,1,2.1160779999999999
596,6.56269612,PLUS_10_OUTBOUND,J2A,0,1,9.6154300777446,1.0110025003857981,9.0962841934343412,-0.2950512274748166,1.072229883938538,0.81477385945506853,4.193913459777832,2.564246654510498,-0.58904999494552612,-0.56450623273849487,-0.04296875,0,0.27199218422174454,35,34,0,0,1,0,1,1,2.1004749999999999
597,6.5725214660000004,PLUS_10_OUTBOUND,J2A,0,1,9.6254623579999965,0.9954605000000043,9.1101690078575732,-0.29852351009946348,1.1915564387182271,0.87461276326904103,4.1923794746398926,2.5638630390167236,-0.098174996674060822,-0.098174996674060822,-0.0390625,0,0.24726562201976776,35,34,0,0,1,0,1,1,1.9212910000000001
598,6.5826968480000003,PLUS_10_OUTBOUND,J2A,0,1,9.6353394297831763,0.97996111149691134,9.1275282629431302,-0.30025857239294773,1.3716135217313146,0.95775201167484181,4.1904616355895996,2.563671350479126,-0.098174996674060822,-0.26998123526573181,-0.04296875,0,0.27199218422174454,35,34,0,0,1,0,1,1,2.109553
599,6.5927017790000004,PLUS_10_OUTBOUND,J2A,0,1,9.6450617283950546,0.96450617283950701,9.1431481396598446,-0.30025857239294773,1.4379750314302717,1.0180985940230483,4.1887359619140625,2.563671350479126,-0.24543750286102295,0,-0.0546875,0,0.34617187082767487,35,34,0,0,1,0,1,1,2.1113
600,6.6026368990000002,PLUS_10_OUTBOUND,J2A,0,1,9.6546297075625009,0.94909753125000651,9.1622381409635274,-0.30199363468643198,1.6071970824268285,1.1084353951913584,4.1866269111633301,2.5634796619415283,-0.17180624604225159,-0.36815625429153442,-0.0390625,0,0.24726562201976776,35,34,0,0,1,0,1,1,2.042176
601,6.6126829139999996,PLUS_10_OUTBOUND,J2A,0,1,9.6640438395308692,0.93373704320987305,9.1709177685063068,-0.30199363468643198,1.347073594722231,1.0839905674278776,4.1856679916381836,2.5634796619415283,-0.14726249873638153,-0.22089375555515289,-0.0390625,0,0.24726562201976776,35,34,0,0,1,0,1,1,2.1021510000000001
602,6.6225972549999996,PLUS_10_OUTBOUND,J2A,0,1,9.673304615156626,0.91842657445987785,9.1813281422672102,-0.30199363468643198,1.2431089819210355,1.080594695071257,4.1845178604125977,2.5634796619415283,-0.19634999334812164,-0.17180624604225159,-0.04296875,0,0.27199218422174454,35,34,0,0,1,0,1,1,2.0164550000000001
603,6.632682763,PLUS_10_OUTBOUND,J2A,0,1,9.6824125439999964,0.90316799999999486,9.1917428321034738,-0.30199363468643198,1.1694445208923345,1.0757991348908917,4.1833672523498535,2.5634796619415283,-0.44178751111030579,0.12271875143051147,-0.04296875,0,0.27199218422174454,35,34,0,0,1,0,1,1,2.1001820000000002
604,6.6425546410000003,PLUS_10_OUTBOUND,J2A,0,1,9.6913681544174413,0.88796320408950358,9.1969523350592812,-0.30372869697991628,0.94483794261274268,1.0209903654111527,4.1827917098999023,2.5632879734039307,-0.24543750286102295,-0.24543750286102295,-0.04296875,0,0.27199218422174454,35,34,0,0,1,0,1,1,1.959935
605,6.6526767969999998,PLUS_10_OUTBOUND,J2A,0,1,9.7001719936543154,0.87281408024691021,9.2021575219397356,-0.30199363468643198,0.79412760389767767,0.97031502635557887,4.1822166442871094,2.5634796619415283,-0.46633124351501465,-0.26998123526573181,-0.04296875,0,0.27199218422174454,35,34,0,0,1,0,1,1,2.0874790000000001
606,6.6626812190000004,PLUS_10_OUTBOUND,J2A,0,1,9.7088246279374992,0.85772253124999875,9.2073627088201899,-0.30199363468643198,0.69828395828021816,0.92531238536194327,4.1816415786743164,2.5634796619415283,-0.24543750286102295,0.12271875143051147,-0.05078125,0,0.32144530862569809,35,34,0,0,1,0,1,1,2.1017269999999999
607,6.6726777439999996,PLUS_10_OUTBOUND,J2A,0,1,9.7173266425679028,0.84269046913579615,9.2125722117759974,-0.30372869697991628,0.636280558940574,0.88489428569958672,4.1810660362243652,2.5632879734039307,-0.12271875143051147,-0.12271875143051147,-0.05078125,0,0.32144530862569809,35,34,0,0,1,0,1,1,2.0956600000000001
608,6.6827008250000004,PLUS_10_OUTBOUND,J2A,0,1,9.7256786420131114,0.82771981520061222,9.2160423363629658,-0.30372869697991628,0.53475704058264673,0.83102619349284912,4.1806826591491699,2.5632879734039307,-0.12271875143051147,-0.073631249368190765,-0.05078125,0,0.32144530862569809,35,34,0,0,1,0,1,1,2.1216590000000002
609,6.6925670019999997,PLUS_10_OUTBOUND,J2A,0,1,9.7338812499999996,0.81281249999999683,9.2195124609499359,-0.30372869697991628,0.47069382140515226,0.78309550129397332,4.1802992820739746,2.5632879734039307,-0.12271875143051147,-0.12271875143051147,-0.05078125,0,0.32144530862569809,35,34,0,0,1,0,1,1,1.983158
610,6.7026823159999998,PLUS_10_OUTBOUND,J2A,0,1,9.7419351096072546,0.79797046334876498,9.2247219639057434,-0.30546591731107897,0.48620500613476447,0.75628710037069469,4.1797237396240234,2.5630960464477539,-0.53996247053146362,-0.34361249208450317,-0.0546875,0,0.34617187082767487,35,34,0,0,1,0,1,1,2.0993689999999998
611,6.7125192269999996,PLUS_10_OUTBOUND,J2A,0,1,9.7498408833580275,0.78319565432098348,9.2247219639057434,-0.30372869697991628,0.31603325398759691,0.68065839033362519,4.1797237396240234,2.5632879734039307,0,-0.098174996674060822,-0.0546875,0,0.34617187082767487,35,34,0,0,1,0,1,1,1.921583
612,6.7226782849999998,PLUS_10_OUTBOUND,J2A,0,1,9.7575992533124989,0.76849003124999382,9.2299271507861977,-0.30546591731107897,0.38475078204412905,0.66382945614374589,4.1791486740112305,2.5630960464477539,-0.61359375715255737,-0.36815625429153442,-0.0546875,0,0.34617187082767487,35,34,0,0,1,0,1,1,2.0947040000000001
613,6.7326910209999999,PLUS_10_OUTBOUND,J2A,0,1,9.7652109211604987,0.75385556172838863,9.2299271507861977,-0.30372869697991628,0.25008800832868389,0.59744651052937137,4.1791486740112305,2.5632879734039307,-0.17180624604225159,0,-0.0546875,0,0.34617187082767487,35,34,0,0,1,0,1,1,2.1065260000000001
614,6.7426714759999999,PLUS_10_OUTBOUND,J2A,0,1,9.7726766083140539,0.73929422260802014,9.2351323376666503,-0.30372869697991628,0.34509551736018407,0.58985566288973124,4.1785736083984375,2.5632879734039307,-0.049087498337030411,0.098174996674060822,-0.0546875,0,0.34617187082767487,35,34,0,0,1,0,1,1,2.0830310000000001
615,6.7526839440000002,PLUS_10_OUTBOUND,J2A,0,1,9.7799970560000027,0.72480799999999834,9.2386067783289754,-0.30546591731107897,0.34576608062534914,0.56557123784110941,4.178189754486084,2.5630960464477539,0.17180624604225159,-0.24543750286102295,-0.0546875,0,0.34617187082767487,35,34,0,0,1,0,1,1,2.1056819999999998
616,6.7625721490000004,PLUS_10_OUTBOUND,J2A,0,1,9.7871730253526188,0.71039888927469264,9.2438119652094279,-0.30546591731107897,0.40898921845611513,0.56165447578546657,4.177614688873291,2.5630960464477539,-0.098174996674060822,-0.17180624604225159,-0.05078125,0,0.32144530862569809,35,34,0,0,1,0,1,1,1.992192
617,6.7726843289999996,PLUS_10_OUTBOUND,J2A,0,1,9.7942052975061742,0.69606889506172709,9.2507522143833665,-0.30372869697991628,0.50605699242750646,0.57412159975864319,4.1768479347229004,2.5632879734039307,-0.17180624604225159,0.17180624604225159,-0.0546875,0,0.34617187082767487,35,34,0,0,1,0,1,1,2.101953
618,6.7825017880000003,PLUS_10_OUTBOUND,J2A,0,1,9.8010946736875137,0.68182003124999713,9.2559617173391757,-0.30372869697991628,0.51465985120654401,0.56977309867668313,4.1762723922729492,2.5632879734039307,-0.26998123526573181,0.26998123526573181,-0.05078125,0,0.32144530862569809,35,34,0,0,1,0,1,1,1.9240809999999999
619,6.7926843720000001,PLUS_10_OUTBOUND,J2A,0,1,9.8078419753086266,0.66765432098765243,9.2594318419261441,-0.30720097960456322,0.45380546465992744,0.54687480634492169,4.1758890151977539,2.5629043579101562,0.098174996674060822,-0.26998123526573181,-0.05078125,0,0.32144530862569809,35,34,0,0,1,0,1,1,2.091923
620,6.8026847840000002,PLUS_10_OUTBOUND,J2A,0,1,9.8144480440594162,0.65357379668209714,9.2646370288065949,-0.30720097960456322,0.47714758727447631,0.54423705006629342,4.1753139495849609,2.5629043579101562,0.22089375555515289,-0.24543750286102295,-0.05078125,0,0.32144530862569809,35,34,0,0,1,0,1,1,2.0967639999999999
621,6.812671162,PLUS_10_OUTBOUND,J2A,0,1,9.8209137419999983,0.639580499999995,9.2681114694689217,-0.30720097960456322,0.4319172317747742,0.52460514507291112,4.1749300956726074,2.5629043579101562,-0.024543749168515205,-0.098174996674060822,-0.04296875,0,0.27199218422174454,35,34,0,0,1,0,1,1,2.0854490000000001
622,6.8226833249999999,PLUS_10_OUTBOUND,J2A,0,1,9.8272399516535458,0.62567648186727598,9.2733166563493725,-0.30546591731107897,0.46270642325063899,0.5241332655933445,4.1743550300598145,2.5630960464477539,-0.36815625429153442,0.19634999334812164,-0.0546875,0,0.34617187082767487,35,34,0,0,1,0,1,1,2.0701170000000002
623,6.8325785290000001,PLUS_10_OUTBOUND,J2A,0,1,9.8334275760987655,0.6118638024691414,9.2750517186428585,-0.30893604189804741,0.36212949175520742,0.48925431521752211,4.1741633415222168,2.5627126693725586,-0.098174996674060822,-0.51541876792907715,-0.0546875,0,0.34617187082767487,35,34,0,0,1,0,1,1,1.994901
624,6.8426856550000004,PLUS_10_OUTBOUND,J2A,0,1,9.8394775390625,0.59814453125,9.2802612215986695,-0.30893604189804741,0.41578421951993078,0.49187175508978304,4.1735877990722656,2.5627126693725586,-0.024543749168515205,-0.44178751111030579,-0.0546875,0,0.34617187082767487,35,34,0,0,1,0,1,1,2.1050810000000002
625,6.8525106060000001,PLUS_10_OUTBOUND,J2A,0,1,9.8453907850123414,0.58452074691357936,9.2872014707726045,-0.30893604189804741,0.51749631525481266,0.51332360031419266,4.172821044921875,2.5627126693725586,-0.7117687463760376,-0.36815625429153442,-0.0546875,0,0.34617187082767487,35,34,0,0,1,0,1,1,1.930464
626,6.8626834519999997,PLUS_10_OUTBOUND,J2A,0,1,9.8511682792492206,0.57099453742284945,9.2906715953595747,-0.30893604189804741,0.45576334428586873,0.49610288010284209,4.1724376678466797,2.5627126693725586,0,-0.36815625429153442,-0.04296875,0,0.27199218422174454,35,34,0,0,1,0,1,1,2.1010559999999998
627,6.8726802620000003,PLUS_10_OUTBOUND,J2A,0,1,9.8568110079999904,0.55756799999999862,9.3010862851958347,-0.30893604189804741,0.66087663517207917,0.5506727239172049,4.1712870597839355,2.5627126693725586,-0.24543750286102295,-0.31906875967979431,-0.0546875,0,0.34617187082767487,35,34,0,0,1,0,1,1,2.096282
628,6.8826850820000001,PLUS_10_OUTBOUND,J2A,0,1,9.8623199785100368,0.54424324112654077,9.3149710996190667,-0.31067110419153166,0.91530419370341431,0.63438670319450241,4.1697530746459961,2.5625209808349609,-0.44178751111030579,-0.34361249208450317,-0.0390625,0,0.24726562201976776,35,34,0,0,1,0,1,1,2.100581
629,6.8926665270000003,PLUS_10_OUTBOUND,J2A,0,1,9.8676962191358051,0.53102237654321394,9.332326038629267,-0.31067110419153166,1.2034997595626673,0.7448200424908944,4.1678357124328613,2.5625209808349609,-0.46633124351501465,-0.19634999334812164,-0.03515625,0,0.22253905981779099,35,34,0,0,1,0,1,1,2.074389
630,6.9025994989999999,PLUS_10_OUTBOUND,J2A,0,1,9.8729407794374922,0.51790753124999844,9.3548904805952748,-0.31067110419153166,1.5773596066751998,0.89750511337308092,4.1653428077697754,2.5625209808349609,-0.53996247053146362,-0.22089375555515289,-0.01953125,0,0.12363281100988388,35,34,0,0,1,0,1,1,2.020651
631,6.9126634659999997,PLUS_10_OUTBOUND,J2A,0,1,9.8780547302715949,0.50490083950617637,9.3774549225612862,-0.3124083245226944,1.810019493979568,1.0319648162188266,4.1628499031066895,2.5623290538787842,-0.58904999494552612,-0.29452499747276306,-0.02734375,0,0.17308593541383743,35,34,0,0,1,0,1,1,2.079949
632,6.9224957429999998,PLUS_10_OUTBOUND,J2A,0,1,9.8830391638834936,0.49200444483024219,9.4000150484519374,-0.31414338681617859,1.9795864719700562,1.1582179919921831,4.1603574752807617,2.5621373653411865,-0.46633124351501465,-0.29452499747276306,-0.02734375,0,0.17308593541383743,35,34,0,0,1,0,1,1,1.894687
633,6.9326674969999997,PLUS_10_OUTBOUND,J2A,0,1,9.8878951939999915,0.47922050000000382,9.4156349251686517,-0.31414338681617859,1.8241957237999293,1.1959574833699342,4.1586318016052246,2.5621373653411865,-0.56450623273849487,-0.17180624604225159,-0.03515625,0,0.22253905981779099,35,34,0,0,1,0,1,1,2.0851820000000001
634,6.9426668579999999,PLUS_10_OUTBOUND,J2A,0,1,9.8926239559220708,0.46655116705246991,9.4312548018853661,-0.3124083245226944,1.7324578416416392,1.2325704839391367,4.1569061279296875,2.5623290538787842,0,0.29452499747276306,-0.02734375,0,0.17308593541383743,35,34,0,0,1,0,1,1,2.0859580000000002
635,6.9525559650000002,PLUS_10_OUTBOUND,J2A,0,1,9.8972266066172754,0.45399861728395641,9.4451396163085981,-0.31587844910966284,1.6175155833555217,1.2497185744847819,4.155372142791748,2.5619456768035889,-0.24543750286102295,-0.24543750286102295,-0.02734375,0,0.17308593541383743,35,34,0,0,1,0,1,1,1.9770239999999999
636,6.9626608360000004,PLUS_10_OUTBOUND,J2A,0,1,9.9017043248124903,0.44156503125000413,9.4555543061448599,-0.31587844910966284,1.4121162501119302,1.2278127515879727,4.1542215347290039,2.5619456768035889,-0.24543750286102295,-0.049087498337030411,-0.03515625,0,0.22253905981779099,35,34,0,0,1,0,1,1,2.0816219999999999
637,6.9726498939999999,PLUS_10_OUTBOUND,J2A,0,1,9.9060583110864098,0.42925259876543131,9.4642339336876375,-0.31761351140314709,1.2219952943805308,1.1919228283742542,4.1532626152038574,2.5617539882659912,0.098174996674060822,-0.22089375555515289,-0.02734375,0,0.17308593541383743,35,34,0,0,1,0,1,1,2.0680740000000002
638,6.982663273,PLUS_10_OUTBOUND,J2A,0,1,9.9102897879621885,0.41706351890432225,9.4711741828615743,-0.31761351140314709,1.0368811090771237,1.1420403077453369,4.1524958610534668,2.5617539882659912,-0.61359375715255737,-0.31906875967979431,-0.03515625,0,0.22253905981779099,35,34,0,0,1,0,1,1,2.0767690000000001
639,6.9924957760000002,PLUS_10_OUTBOUND,J2A,0,1,9.9144000000000041,0.4049999999999917,9.4729092451550585,-0.31761351140314709,0.73573439061123624,1.0454824683168336,4.1523041725158691,2.5617539882659912,-0.098174996674060822,-0.17180624604225159,-0.02734375,0,0.17308593541383743,35,34,0,0,1,0,1,1,1.9061090000000001
640,7.0025994410000001,PLUS_10_OUTBOUND,J2A,0,1,9.9183902138896549,0.39306425964506175,9.4763836858173853,-0.31761351140314709,0.59858508862172266,0.97532214569212716,4.1519203186035156,2.5617539882659912,0.17180624604225159,-0.19634999334812164,-0.03515625,0,0.22253905981779099,35,34,0,0,1,0,1,1,2.0156749999999999
641,7.0126671170000003,PLUS_10_OUTBOUND,J2A,0,1,9.9222617185432007,0.38125852469136134,9.4850589972848063,-0.31761351140314709,0.69067513580451667,0.96395988203731364,4.1509618759155273,2.5617539882659912,-0.46633124351501465,-0.098174996674060822,-0.0390625,0,0.24726562201976776,35,34,0,0,1,0,1,1,2.1719900000000001
642,7.0226600460000004,PLUS_10_OUTBOUND,J2A,0,1,9.926015825187493,0.36958503125000897,9.4867940595782905,-0.31935073173430983,0.50970898911854523,0.88492679407518504,4.1507701873779297,2.5615620613098145,0.049087498337030411,-0.26998123526573181,-0.0390625,0,0.24726562201976776,35,34,0,0,1,0,1,1,2.0790250000000001
643,7.0326652210000002,PLUS_10_OUTBOUND,J2A,0,1,9.9296538674567856,0.35804602469135938,9.4902685002406155,-0.31935073173430983,0.45285336785178432,0.83116055036044656,4.1503863334655762,2.5615620613098145,0,-0.24543750286102295,-0.03515625,0,0.22253905981779099,35,34,0,0,1,0,1,1,2.0869249999999999
644,7.0426623230000001,PLUS_10_OUTBOUND,J2A,0,1,9.9331772014853392,0.346643759645063,9.4954736871210681,-0.31935073173430983,0.47658904143480879,0.80011145313330156,4.1498112678527832,2.5615620613098145,-0.22089375555515289,-0.17180624604225159,-0.03515625,0,0.22253905981779099,35,34,0,0,1,0,1,1,2.0810209999999998
645,7.0526642510000004,PLUS_10_OUTBOUND,J2A,0,1,9.9365872060000004,0.33538050000000652,9.5006788740015207,-0.31935073173430983,0.49192929991810819,0.77214214295868078,4.1492362022399902,2.5615620613098145,-0.4908750057220459,-0.34361249208450317,-0.03515625,0,0.22253905981779099,35,34,0,0,1,0,1,1,2.0820059999999998
646,7.0625033459999997,PLUS_10_OUTBOUND,J2A,0,1,9.939885282412817,0.324258518904319,9.5041533146638457,-0.32108579402779402,0.44334815922393178,0.73024053274200174,4.1488523483276367,2.5613703727722168,-0.26998123526573181,-0.53996247053146362,-0.03515625,0,0.22253905981779099,35,34,0,0,1,0,1,1,1.908293
647,7.0725944219999999,PLUS_10_OUTBOUND,J2A,0,1,9.9430728549135683,0.31328009876543084,9.5076234392508141,-0.31761351140314709,0.40853448982166363,0.69160453270383249,4.1484689712524414,2.5617539882659912,-0.073631249368190765,-0.19634999334812164,-0.03515625,0,0.22253905981779099,35,34,0,0,1,0,1,1,2.0151569999999999
648,7.0826549989999998,PLUS_10_OUTBOUND,J2A,0,1,9.9461513705625073,0.30244753125000301,9.5128286261312685,-0.31761351140314709,0.44663200311108353,0.67418253221259272,4.1478939056396484,2.5617539882659912,-0.14726249873638153,0.24543750286102295,-0.03515625,0,0.22253905981779099,35,34,0,0,1,0,1,1,2.0731000000000002
649,7.0926673469999999,PLUS_10_OUTBOUND,J2A,0,1,9.9491222993827133,0.29176311728395038,9.5163030667935935,-0.32108579402779402,0.41176625201393058,0.64146583613182662,4.1475100517272949,2.5613703727722168,0.049087498337030411,-0.46633124351501465,-0.03515625,0,0.22253905981779099,35,34,0,0,1,0,1,1,2.0882930000000002
650,7.1026724100000003,PLUS_10_OUTBOUND,J2A,0,1,9.9519871344529243,0.28122916705247764,9.5215082536740461,-0.31761351140314709,0.4497374127875004,0.62934478079819989,4.146934986114502,2.5617539882659912,0,0.31906875967979431,-0.02734375,0,0.17308593541383743,35,34,0,0,1,0,1,1,2.0935890000000001
651,7.1126705039999996,PLUS_10_OUTBOUND,J2A,0,1,9.9547473919999963,0.27084800000000797,9.5284485028479828,-0.32108579402779402,0.53528434662807622,0.63582602509443731,4.1461682319641113,2.5613703727722168,-0.24543750286102295,-0.26998123526573181,-0.0234375,0,0.14835937321186066,35,34,0,0,1,0,1,1,2.0820539999999998
652,7.1226655189999999,PLUS_10_OUTBOUND,J2A,0,1,9.9574046114915049,0.26062194483024231,9.5388631926842447,-0.31935073173430983,0.71263077050608215,0.67644226407008867,4.1450176239013672,2.5615620613098145,-0.26998123526573181,0.098174996674060822,-0.01953125,0,0.12363281100988388,35,34,0,0,1,0,1,1,2.0839639999999999
653,7.1326706309999999,PLUS_10_OUTBOUND,J2A,0,1,9.9599603557284055,0.25055333950616543,9.5527480071074766,-0.32282085632127827,0.94893020547345897,0.74757523899008138,4.1434836387634277,2.5611786842346191,-0.24543750286102295,-0.39269998669624329,-0.02734375,0,0.17308593541383743,35,34,0,0,1,0,1,1,2.0912549999999999
654,7.1425959519999997,PLUS_10_OUTBOUND,J2A,0,1,9.9624162109375014,0.24064453125000423,9.5648977592372226,-0.32455591861476252,1.0452455117329889,0.79522939456971331,4.1421413421630859,2.5609869956970215,0.049087498337030411,-0.56450623273849487,-0.01953125,0,0.12363281100988388,35,34,0,0,1,0,1,1,2.0122960000000001
655,7.152660977,PLUS_10_OUTBOUND,J2A,0,1,9.964773786864205,0.23089787654321015,9.5770475113669686,-0.32282085632127827,1.1019036395623156,0.83641904280870571,4.1407990455627441,2.5611786842346191,-0.22089375555515289,-0.24543750286102295,-0.01953125,0,0.12363281100988388,35,34,0,0,1,0,1,1,2.0649839999999999
656,7.1624743129999997,PLUS_10_OUTBOUND,J2A,0,1,9.9670347168649798,0.22131574112654206,9.5891972634967146,-0.32455591861476252,1.1495674020468041,0.87658572033677773,4.1394567489624023,2.5609869956970215,-0.34361249208450317,-0.51541876792907715,-0.01953125,0,0.12363281100988388,35,34,0,0,1,0,1,1,1.883208
657,7.172717241,PLUS_10_OUTBOUND,J2A,0,1,9.9692006580000037,0.21190049999999516,9.5996119533329782,-0.32282085632127827,1.1030878990260664,0.89060403050185533,4.1383061408996582,2.5611786842346191,-0.26998123526573181,0,-0.01953125,0,0.12363281100988388,35,34,0,0,1,0,1,1,2.1326350000000001
658,7.1825973520000002,PLUS_10_OUTBOUND,J2A,0,1,9.9712732911257707,0.20265453742283651,9.6065522025069168,-0.32455591861476252,0.96286340165770967,0.87178827524903169,4.1375393867492676,2.5609869956970215,0.31906875967979431,-0.17180624604225159,-0.02734375,0,0.17308593541383743,35,34,0,0,1,0,1,1,2.0158990000000001
659,7.1926740579999997,PLUS_10_OUTBOUND,J2A,0,1,9.9732543209876567,0.19358024691358722,9.6169668923431768,-0.32455591861476252,0.98760059721135085,0.88796355804808269,4.1363887786865234,2.5609869956970215,-0.12271875143051147,-0.19634999334812164,-0.0234375,0,0.14835937321186066,35,34,0,0,1,0,1,1,2.0773570000000001
660,7.2026650769999998,PLUS_10_OUTBOUND,J2A,0,1,9.9751454763125036,0.18468003124999893,9.6221720792236312,-0.32455591861476252,0.82428569332181967,0.85126586085311484,4.1358137130737305,2.5609869956970215,-0.19634999334812164,-0.024543749168515205,-0.01171875,0,0.074179686605930328,35,34,0,0,1,0,1,1,2.07796
661,7.2126320489999998,PLUS_10_OUTBOUND,J2A,0,1,9.9769485099012289,0.17595630246913058,9.6273815821794404,-0.32629313894592521,0.71872250779912883,0.81840693395064512,4.1352381706237793,2.5607950687408447,-0.6626812219619751,-0.36815625429153442,-0.02734375,0,0.17308593541383743,35,34,0,0,1,0,1,1,2.0259149999999999
662,7.2226316700000002,PLUS_10_OUTBOUND,J2A,0,1,9.9786651987214459,0.16741148186728932,9.6273815821794404,-0.32629313894592521,0.46716963006943374,0.73656624055558062,4.1352381706237793,2.5607950687408447,-0.17180624604225159,-0.41724374890327454,-0.02734375,0,0.17308593541383743,35,34,0,0,1,0,1,1,2.037369
663,7.232479455,PLUS_10_OUTBOUND,J2A,0,1,9.9802973439999931,0.15904800000000091,9.6291166444729228,-0.32629313894592521,0.36532608619740503,0.68052842411495773,4.1350464820861816,2.5607950687408447,0,-0.44178751111030579,-0.01953125,0,0.12363281100988388,35,34,0,0,1,0,1,1,1.884817
664,7.2425228510000004,PLUS_10_OUTBOUND,J2A,0,1,9.9818467713155812,0.15086829668209845,9.6308517067664088,-0.32282085632127827,0.29792674330943469,0.62975123521235377,4.134854793548584,2.5611786842346191,-0.26998123526573181,0.29452499747276306,-0.03515625,0,0.22253905981779099,35,34,0,0,1,0,1,1,1.940447
665,7.2526424780000003,PLUS_10_OUTBOUND,J2A,0,1,9.983315330691358,0.14287482098765736,9.6325867690598912,-0.32455591861476252,0.25366169008693668,0.58392162795849101,4.1346631050109863,2.5609869956970215,-0.098174996674060822,0,-0.01171875,0,0.074179686605930328,35,34,0,0,1,0,1,1,2.064972
666,7.2626386460000001,PLUS_10_OUTBOUND,J2A,0,1,9.9847048966875018,0.13507003124998937,9.6343218313533772,-0.32629313894592521,0.2256305584047327,0.54288673940499155,4.1344714164733887,2.5607950687408447,-0.24543750286102295,-0.36815625429153442,-0.02734375,0,0.17308593541383743,35,34,0,0,1,0,1,1,2.0552419999999998
667,7.272640269,PLUS_10_OUTBOUND,J2A,0,1,9.9860173684938491,0.12745639506172543,9.6343218313533772,-0.32629313894592521,0.14665986296307626,0.48859806546449241,4.1344714164733887,2.5607950687408447,-0.22089375555515289,-0.34361249208450317,-0.01953125,0,0.12363281100988388,35,34,0,0,1,0,1,1,2.0584609999999999
668,7.2826356649999999,PLUS_10_OUTBOUND,J2A,0,1,9.9872546700223808,0.12003638927468549,9.6360568936468614,-0.32455591861476252,0.15608406286990195,0.45709687375915814,4.134279727935791,2.5609869956970215,-0.46633124351501465,0.024543749168515205,-0.03515625,0,0.22253905981779099,35,34,0,0,1,0,1,1,2.0487299999999999
669,7.2925391169999996,PLUS_10_OUTBOUND,J2A,0,1,9.9884187499999921,0.11281250000000279,9.6343218313533772,-0.32629313894592521,0.040135435933712625,0.393867413545607,4.1344714164733887,2.5607950687408447,0.073631249368190765,-0.36815625429153442,-0.03515625,0,0.22253905981779099,35,34,0,0,1,0,1,1,1.956836
670,7.3025022369999997,PLUS_10_OUTBOUND,J2A,0,1,9.9895115820609703,0.10578722260801735,9.6360568936468614,-0.32802820123940951,0.087040004498429163,0.37189552108862228,4.134279727935791,2.5606033802032471,-0.24543750286102295,0.024543749168515205,-0.03515625,0,0.22253905981779099,35,34,0,0,1,0,1,1,1.8868149999999999
671,7.3125309999999999,PLUS_10_OUTBOUND,J2A,0,1,9.990535164839498,0.09896306172840022,9.6360568936468614,-0.32629313894592521,0.056576002923978956,0.33470596897976007,4.134279727935791,2.5607950687408447,-0.22089375555515289,-0.26998123526573181,-0.03515625,0,0.22253905981779099,35,34,0,0,1,0,1,1,1.95061
672,7.3226735209999996,PLUS_10_OUTBOUND,J2A,0,1,9.9914915220624856,0.09234253125000555,9.6360568936468614,-0.32455591861476252,0.036774401900586326,0.30123537208178408,4.134279727935791,2.5609869956970215,0.098174996674060822,0,-0.02734375,0,0.17308593541383743,35,34,0,0,1,0,1,1,2.0921259999999999
673,7.332632008,PLUS_10_OUTBOUND,J2A,0,1,9.9923827026419687,0.085928154320988881,9.6377919559403455,-0.32282085632127827,0.084883689142566082,0.28853478570422997,4.1340880393981934,2.5611786842346191,-0.22089375555515289,0.22089375555515289,-0.0390625,0,0.24726562201976776,35,34,0,0,1,0,1,1,2.052028
674,7.342639277,PLUS_10_OUTBOUND,J2A,0,1,9.993210780767745,0.079722463348759959,9.6377919559403455,-0.32629313894592521,0.055174397942667958,0.25968130713380699,4.1340880393981934,2.5607950687408447,0.073631249368190765,-0.29452499747276306,-0.03515625,0,0.22253905981779099,35,34,0,0,1,0,1,1,2.0550950000000001
675,7.3526360159999999,PLUS_10_OUTBOUND,J2A,0,1,9.9939778560000114,0.073728000000000307,9.6412663966026706,-0.32455591861476252,0.15750845030849692,0.26846891689064423,4.1337041854858398,2.5609869956970215,-0.36815625429153442,0.12271875143051147,-0.01953125,0,0.12363281100988388,35,34,0,0,1,0,1,1,2.0479259999999999
676,7.3625849240000001,PLUS_10_OUTBOUND,J2A,0,1,9.9946860533618853,0.067947315200610106,9.6412663966026706,-0.32455591861476252,0.102380492700523,0.2416220252015798,4.1337041854858398,2.5609869956970215,-0.24543750286102295,0.17180624604225159,-0.03515625,0,0.22253905981779099,35,34,0,0,1,0,1,1,2.0006569999999999
677,7.3724892410000002,PLUS_10_OUTBOUND,J2A,0,1,9.9953375234321129,0.06238296913580281,9.6412663966026706,-0.32455591861476252,0.066547320255339951,0.21745982268142183,4.1337041854858398,2.5609869956970215,-0.12271875143051147,0.073631249368190765,-0.0234375,0,0.14835937321186066,35,34,0,0,1,0,1,1,1.9027510000000001
678,7.382535463,PLUS_10_OUTBOUND,J2A,0,1,9.9959344424375018,0.057037531250010431,9.6430014588961548,-0.32629313894592521,0.10370353671590585,0.21298463428468964,4.1335124969482422,2.5607950687408447,-0.29452499747276306,-0.098174996674060822,-0.0234375,0,0.14835937321186066,35,34,0,0,1,0,1,1,1.914164
679,7.3925697379999997,PLUS_10_OUTBOUND,J2A,0,1,9.9964790123456737,0.051913580246919125,9.644736521189639,-0.32455591861476252,0.12792704769816243,0.20897752766559885,4.1333208084106445,2.5609869956970215,-0.31906875967979431,0.073631249368190765,-0.02734375,0,0.17308593541383743,35,34,0,0,1,0,1,1,1.9804390000000001
680,7.4026621849999996,PLUS_10_OUTBOUND,J2A,0,1,9.9969734609575589,0.047013704089498745,9.644736521189639,-0.32455591861476252,0.083152581003805584,0.18807977489903896,4.1333208084106445,2.5609869956970215,-0.24543750286102295,0.14726249873638153,-0.01953125,0,0.12363281100988388,35,34,0,0,1,0,1,1,2.080756
681,7.4126306680000003,PLUS_10_OUTBOUND,J2A,0,1,9.9974200419999981,0.042340500000002848,9.644736521189639,-0.32629313894592521,0.054049177652473634,0.16927179740913506,4.1333208084106445,2.5607950687408447,-0.24543750286102295,0.12271875143051147,-0.01953125,0,0.12363281100988388,35,34,0,0,1,0,1,1,2.0490599999999999
682,7.422636679,PLUS_10_OUTBOUND,J2A,0,1,9.9978210352183705,0.037896574459873968,9.644736521189639,-0.32455591861476252,0.035131965474107865,0.15234461766822155,4.1333208084106445,2.5609869956970215,-0.29452499747276306,0.12271875143051147,-0.03515625,0,0.22253905981779099,35,34,0,0,1,0,1,1,2.0339770000000001
683,7.4326254049999996,PLUS_10_OUTBOUND,J2A,0,1,9.998178746469133,0.033684543209873873,9.644736521189639,-0.32802820123940951,0.022835777558170112,0.13711015590139941,4.1333208084106445,2.5606033802032471,-0.31906875967979431,-0.58904999494552612,-0.03515625,0,0.22253905981779099,35,34,0,0,1,0,1,1,2.0463110000000002
684,7.4424472609999999,PLUS_10_OUTBOUND,J2A,0,1,9.9984955078124926,0.029707031249994742,9.6430014588961548,-0.32629313894592521,-0.046985364627989107,0.10573382029960242,4.1335124969482422,2.5607950687408447,0.17180624604225159,-0.12271875143051147,-0.03515625,0,0.22253905981779099,35,34,0,0,1,0,1,1,1.854616
685,7.4526167980000002,PLUS_10_OUTBOUND,J2A,0,1,9.9987736776049463,0.025966672839500639,9.6430014588961548,-0.32455591861476252,-0.03054048700819292,0.095160438269642184,4.1335124969482422,2.5609869956970215,0.19634999334812164,0.17180624604225159,-0.01953125,0,0.12363281100988388,35,34,0,0,1,0,1,1,2.0341049999999998
686,7.4626151180000004,PLUS_10_OUTBOUND,J2A,0,1,9.9990156405918196,0.022466111496903807,9.6430014588961548,-0.32629313894592521,-0.019851316555325398,0.085644394442677962,4.1335124969482422,2.5607950687408447,0.12271875143051147,-0.098174996674060822,-0.01953125,0,0.12363281100988388,35,34,0,0,1,0,1,1,2.026878
687,7.4726196959999998,PLUS_10_OUTBOUND,J2A,0,1,9.9992238079999929,0.019207999999994268,9.644736521189639,-0.32629313894592521,0.04779603632929038,0.094422638452767854,4.1333208084106445,2.5607950687408447,-0.24543750286102295,-0.24543750286102295,-0.03515625,0,0.22253905981779099,35,34,0,0,1,0,1,1,2.0402689999999999
688,7.4826241920000003,PLUS_10_OUTBOUND,J2A,0,1,9.9994006176304051,0.016195000385798391,9.6430014588961548,-0.32629313894592521,-0.029632465987539845,0.06763754900704004,4.1335124969482422,2.5607950687408447,-0.12271875143051147,-0.24543750286102295,-0.02734375,0,0.17308593541383743,35,34,0,0,1,0,1,1,2.015666
689,7.4926255629999998,PLUS_10_OUTBOUND,J2A,0,1,9.9995485339506196,0.013429783950608492,9.644736521189639,-0.32629313894592521,0.041457752824929806,0.078222038596859098,4.1333208084106445,2.5607950687408447,-0.098174996674060822,-0.29452499747276306,-0.01953125,0,0.12363281100988388,35,34,0,0,1,0,1,1,2.042808
690,7.5025200779999999,PLUS_10_OUTBOUND,J2A,0,1,9.9996700481875056,0.010915031250006518,9.6464715834831232,-0.32629313894592521,0.088322129472200306,0.087935431918886323,4.1331291198730469,2.5607950687408447,-0.36815625429153442,-0.22089375555515289,-0.0234375,0,0.14835937321186066,35,34,0,0,1,0,1,1,1.907772
691,7.5124468909999997,PLUS_10_OUTBOUND,J2A,0,1,9.9997676784197598,0.0086534320987633837,9.644736521189639,-0.32455591861476252,-0.0037655168631126681,0.061663345578414012,4.1333208084106445,2.5609869956970215,0,0.12271875143051147,-0.03515625,0,0.22253905981779099,35,34,0,0,1,0,1,1,1.8507629999999999
692,7.5224181410000002,PLUS_10_OUTBOUND,J2A,0,1,9.9998439696705255,0.0066476855709870133,9.6464715834831232,-0.32455591861476252,0.058454688349563751,0.072897660823597471,4.1331291198730469,2.5609869956970215,-0.26998123526573181,0.098174996674060822,-0.02734375,0,0.17308593541383743,35,34,0,0,1,0,1,1,1.9293290000000001
693,7.5326259220000003,PLUS_10_OUTBOUND,J2A,0,1,9.9999014940000031,0.0049005000000098189,9.6464715834831232,-0.32629313894592521,0.03799554742721644,0.065607894741237724,4.1331291198730469,2.5607950687408447,-0.26998123526573181,-0.19634999334812164,-0.02734375,0,0.17308593541383743,35,34,0,0,1,0,1,1,2.041579
694,7.5425748300000004,PLUS_10_OUTBOUND,J2A,0,1,9.9999428505979981,0.0034145929783887157,9.6464715834831232,-0.32629313894592521,0.024697105827690687,0.059047105267113952,4.1331291198730469,2.5607950687408447,-0.41724374890327454,0.14726249873638153,-0.02734375,0,0.17308593541383743,35,34,0,0,1,0,1,1,1.9970030000000001
695,7.5526209819999996,PLUS_10_OUTBOUND,J2A,0,1,9.9999706658765319,0.0021926913580235428,9.6464715834831232,-0.32629313894592521,0.016053118787998949,0.053142394740402554,4.1331291198730469,2.5607950687408447,-0.24543750286102295,-0.22089375555515289,-0.03515625,0,0.22253905981779099,35,34,0,0,1,0,1,1,2.0525549999999999
696,7.5626163059999998,PLUS_10_OUTBOUND,J2A,0,1,9.9999875935625049,0.0012375312500090274,9.6464715834831232,-0.32629313894592521,0.010434527212199318,0.047828155266362297,4.1331291198730469,2.5607950687408447,-0.36815625429153442,-0.14726249873638153,-0.03515625,0,0.22253905981779099,35,34,0,0,1,0,1,1,2.0333359999999998
697,7.5726202819999999,PLUS_10_OUTBOUND,J2A,0,1,9.9999963147901205,0.0005518580246940038,9.6464715834831232,-0.32629313894592521,0.0067824426879295567,0.043045339739726067,4.1331291198730469,2.5607950687408447,-0.36815625429153442,-0.19634999334812164,-0.03515625,0,0.22253905981779099,35,34,0,0,1,0,1,1,2.037585
698,7.5824513969999998,PLUS_10_OUTBOUND,J2A,0,1,9.9999995381936646,0.00013842631172285755,9.6464715834831232,-0.32629313894592521,0.004408587747154212,0.038740805765753464,4.1331291198730469,2.5607950687408447,-0.36815625429153442,-0.22089375555515289,-0.02734375,0,0.17308593541383743,35,34,0,0,1,0,1,1,1.8592219999999999
699,7.5924955589999996,PLUS_10_OUTBOUND,J2A,0,1,10,0,9.644736521189639,-0.32629313894592521,-0.057594594006858714,0.017592389177032701,4.1333208084106445,2.5607950687408447,0.073631249368190765,-0.24543750286102295,-0.02734375,0,0.17308593541383743,35,34,0,0,1,0,1,1,1.909572
700,7.6024862940000002,PLUS_10_ENDPOINT,J2A,0,1,10,0,9.644736521189639,-0.32455591861476252,-0.037436486104458162,0.01583315025932943,4.1333208084106445,2.5609869956970215,0,0.12271875143051147,-0.03515625,0,0.22253905981779099,35,34,0,0,1,0,1,1,1.899219
701,7.6126362350000001,PLUS_10_ENDPOINT,J2A,0,1,10,0,9.6464715834831232,-0.32629313894592521,0.035496366070950858,0.031344144387353251,4.1331291198730469,2.5607950687408447,-0.29452499747276306,-0.36815625429153442,-0.03515625,0,0.22253905981779099,35,34,0,0,1,0,1,1,1.8676710000000001
702,7.6226212970000002,PLUS_10_ENDPOINT,J2A,0,1,10,0,9.6464715834831232,-0.32282085632127827,0.023072637946118059,0.028209729948617927,4.1331291198730469,2.5611786842346191,-0.31906875967979431,0.39269998669624329,-0.02734375,0,0.17308593541383743,35,34,0,0,1,0,1,1,1.8729359999999999
703,7.6326218739999998,PLUS_10_ENDPOINT,J2A,0,1,10,0,9.6464715834831232,-0.32629313894592521,0.014997214664976739,0.025388756953756135,4.1331291198730469,2.5607950687408447,-0.24543750286102295,-0.24543750286102295,-0.02734375,0,0.17308593541383743,35,34,0,0,1,0,1,1,1.8257680000000001
704,7.6426211610000001,PLUS_10_ENDPOINT,J2A,0,1,10,0,9.644736521189639,-0.32629313894592521,-0.050983320896403533,0.0054980211359124016,4.1333208084106445,2.5607950687408447,0,-0.24543750286102295,-0.03515625,0,0.22253905981779099,35,34,0,0,1,0,1,1,1.8733599999999999
705,7.652489364,PLUS_10_ENDPOINT,J2A,0,1,10,0,9.6464715834831232,-0.32629313894592521,0.028399077175101539,0.022530572095967975,4.1331291198730469,2.5607950687408447,-0.34361249208450317,-0.22089375555515289,-0.0390625,0,0.24726562201976776,35,34,0,0,1,0,1,1,1.740783
706,7.66260619,PLUS_10_ENDPOINT,J2A,0,1,10,0,9.644736521189639,-0.32629313894592521,-0.041566521278291316,0.0031272516171976586,4.1333208084106445,2.5607950687408447,0.12271875143051147,-0.17180624604225159,-0.0234375,0,0.14835937321186066,35,34,0,0,1,0,1,1,1.8233239999999999
707,7.6726256839999998,PLUS_10_ENDPOINT,J2A,0,1,10,0,9.644736521189639,-0.32629313894592521,-0.027018238830889357,0.0028145264554778927,4.1333208084106445,2.5607950687408447,0,-0.24543750286102295,-0.03515625,0,0.22253905981779099,35,34,0,0,1,0,1,1,1.7646269999999999
708,7.6826087840000001,PLUS_10_ENDPOINT,J2A,0,1,10,0,9.644736521189639,-0.32629313894592521,-0.017561855240078084,0.0025330738099301037,4.1333208084106445,2.5607950687408447,0.024543749168515205,-0.24543750286102295,-0.03515625,0,0.22253905981779099,35,34,0,0,1,0,1,1,1.869796
709,7.6924999600000001,PLUS_10_ENDPOINT,J2A,0,1,10,0,9.6464715834831232,-0.32455591861476252,0.049980102671965315,0.019821283165513116,4.1331291198730469,2.5609869956970215,-0.24543750286102295,0.12271875143051147,-0.0234375,0,0.14835937321186066,35,34,0,0,1,0,1,1,1.7141
710,7.7026061869999998,PLUS_10_ENDPOINT,J2A,0,1,10,0,9.644736521189639,-0.32629313894592521,-0.027601807451333372,0.00067090508093013701,4.1333208084106445,2.5607950687408447,0.12271875143051147,-0.31906875967979431,-0.02734375,0,0.17308593541383743,35,34,0,0,1,0,1,1,1.7626930000000001
711,7.7126071490000001,PLUS_10_ENDPOINT,J2A,0,1,10,0,9.644736521189639,-0.32629313894592521,-0.017941174843366693,0.00060381457283712337,4.1333208084106445,2.5607950687408447,0.098174996674060822,-0.19634999334812164,-0.02734375,0,0.17308593541383743,35,34,0,0,1,0,1,1,1.791507
712,7.7224240039999996,PLUS_10_ENDPOINT,J2A,0,1,10,0,9.6464715834831232,-0.32455591861476252,0.050198353743735727,0.018217752370388862,4.1331291198730469,2.5609869956970215,-0.24543750286102295,0.19634999334812164,-0.01953125,0,0.12363281100988388,35,34,0,0,1,0,1,1,1.6706749999999999
713,7.7326794630000002,PLUS_10_ENDPOINT,J2A,0,1,10,0,9.6464715834831232,-0.32455591861476252,0.032628929933428225,0.016395977133349976,4.1331291198730469,2.5609869956970215,-0.29452499747276306,0.073631249368190765,-0.02734375,0,0.17308593541383743,35,34,0,0,1,0,1,1,1.905805
714,7.7425733890000004,PLUS_10_ENDPOINT,J2A,0,1,10,0,9.6430014588961548,-0.32802820123940951,-0.10154768325491548,-0.02031690278331183,4.1335124969482422,2.5606033802032471,0.44178751111030579,-0.56450623273849487,-0.02734375,0,0.17308593541383743,35,34,0,0,1,0,1,1,1.722431
715,7.752600997,PLUS_10_ENDPOINT,J2A,0,1,10,0,9.6464715834831232,-0.32629313894592521,0.055113978408058484,0.016320493930377513,4.1331291198730469,2.5607950687408447,-0.24543750286102295,-0.19634999334812164,-0.02734375,0,0.17308593541383743,35,34,0,0,1,0,1,1,1.8251109999999999
716,7.7625344629999997,PLUS_10_ENDPOINT,J2A,0,1,10,0,9.6464715834831232,-0.32629313894592521,0.035824085965238013,0.014688444537339761,4.1331291198730469,2.5607950687408447,-0.26998123526573181,-0.14726249873638153,-0.03515625,0,0.22253905981779099,35,34,0,0,1,0,1,1,1.749665
717,7.772601936,PLUS_10_ENDPOINT,J2A,0,1,10,0,9.6464715834831232,-0.32629313894592521,0.02328565587740471,0.013219600083605785,4.1331291198730469,2.5607950687408447,-0.26998123526573181,-0.19634999334812164,-0.03515625,0,0.22253905981779099,35,34,0,0,1,0,1,1,1.8252980000000001
718,7.7826071959999998,PLUS_10_ENDPOINT,J2A,0,1,10,0,9.644736521189639,-0.32802820123940951,-0.045559578247732074,-0.0054438612299105467,4.1333208084106445,2.5606033802032471,0.049087498337030411,-0.56450623273849487,-0.03515625,0,0.22253905981779099,35,34,0,0,1,0,1,1,1.7532300000000001
719,7.7925393060000001,PLUS_10_ENDPOINT,J2A,0,1,10,0,9.6464715834831232,-0.32629313894592521,0.031528549317103485,0.012569746372546035,4.1331291198730469,2.5607950687408447,-0.24543750286102295,-0.24543750286102295,-0.02734375,0,0.17308593541383743,35,34,0,0,1,0,1,1,1.7925329999999999
720,7.8025064210000004,PLUS_10_ENDPOINT,J2A,0,1,10,0,9.644736521189639,-0.32629313894592521,-0.040433983432725452,-0.0060950969758064872,4.1333208084106445,2.5607950687408447,0,-0.19634999334812164,-0.03515625,0,0.22253905981779099,35,34,0,0,1,0,1,1,1.6799539999999999
721,7.8126105829999997,PLUS_10_ENDPOINT,J2A,0,1,10,0,9.644736521189639,-0.32455591861476252,-0.026282089231271545,-0.0054855872782258383,4.1333208084106445,2.5609869956970215,0.12271875143051147,0.049087498337030411,-0.02734375,0,0.17308593541383743,35,34,0,0,1,0,1,1,1.856706
722,7.8224328300000003,PLUS_10_ENDPOINT,J2A,0,1,10,0,9.6464715834831232,-0.32629313894592521,0.044742800791997203,0.012727588247403523,4.1331291198730469,2.5607950687408447,-0.24543750286102295,-0.29452499747276306,-0.03515625,0,0.22253905981779099,35,34,0,0,1,0,1,1,1.6807259999999999
723,7.8326054950000001,PLUS_10_ENDPOINT,J2A,0,1,10,0,9.6464715834831232,-0.32629313894592521,0.029082820514798182,0.011454829422663172,4.1331291198730469,2.5607950687408447,-0.24543750286102295,-0.22089375555515289,-0.0234375,0,0.14835937321186066,35,34,0,0,1,0,1,1,1.834236
724,7.8425717779999999,PLUS_10_ENDPOINT,J2A,0,1,10,0,9.6464715834831232,-0.32629313894592521,0.018903833334618821,0.010309346480396855,4.1331291198730469,2.5607950687408447,-0.26998123526573181,-0.24543750286102295,-0.03515625,0,0.22253905981779099,35,34,0,0,1,0,1,1,1.7174309999999999
725,7.8526044490000002,PLUS_10_ENDPOINT,J2A,0,1,10,0,9.6464715834831232,-0.32629313894592521,0.012287491667502233,0.0092784118323571696,4.1331291198730469,2.5607950687408447,-0.19634999334812164,-0.19634999334812164,-0.02734375,0,0.17308593541383743,35,34,0,0,1,0,1,1,1.867076
726,7.8625272170000002,PLUS_10_ENDPOINT,J2A,0,1,10,0,9.6464715834831232,-0.32629313894592521,0.0079868695838764513,0.0083505706491214526,4.1331291198730469,2.5607950687408447,-0.31906875967979431,-0.24543750286102295,-0.03515625,0,0.22253905981779099,35,34,0,0,1,0,1,1,1.742049
727,7.8726137620000003,PLUS_10_ENDPOINT,J2A,0,1,10,0,9.644736521189639,-0.32455591861476252,-0.055014661121918114,-0.0096862368019157812,4.1333208084106445,2.5609869956970215,0.073631249368190765,0.17180624604225159,-0.02734375,0,0.17308593541383743,35,34,0,0,1,0,1,1,1.756742
728,7.8826033349999998,PLUS_10_ENDPOINT,J2A,0,1,10,0,9.6464715834831232,-0.32629313894592521,0.025031036866492475,0.0086511201913441541,4.1331291198730469,2.5607950687408447,-0.26998123526573181,-0.24543750286102295,-0.03515625,0,0.22253905981779099,35,34,0,0,1,0,1,1,1.8320609999999999
729,7.8924052900000001,PLUS_10_ENDPOINT,J2A,0,1,10,0,9.644736521189639,-0.32455591861476252,-0.045683977297364578,-0.0099151779022430275,4.1333208084106445,2.5609869956970215,-0.22089375555515289,0.14726249873638153,-0.0234375,0,0.14835937321186066,35,34,0,0,1,0,1,1,1.6517189999999999
730,7.902608002,PLUS_10_ENDPOINT,J2A,0,1,10,0,9.644736521189639,-0.32455591861476252,-0.029694585243286976,-0.0089236601120187258,4.1333208084106445,2.5609869956970215,-0.58904999494552612,0.22089375555515289,-0.02734375,0,0.17308593541383743,35,34,0,0,1,0,1,1,1.861486
731,7.9124961430000003,PLUS_10_ENDPOINT,J2A,0,1,10,0,9.644736521189639,-0.32802820123940951,-0.019301480408136534,-0.0080312941008168527,4.1333208084106445,2.5606033802032471,0.12271875143051147,-0.22089375555515289,-0.03515625,0,0.22253905981779099,35,34,0,0,1,0,1,1,1.705792
732,7.9226041120000001,PLUS_10_ENDPOINT,J2A,0,1,10,0,9.6464715834831232,-0.32629313894592521,0.047532556250099826,0.0099371263136615717,4.1331291198730469,2.5607950687408447,-0.19634999334812164,-0.24543750286102295,-0.03515625,0,0.22253905981779099,35,34,0,0,1,0,1,1,1.797139
733,7.9325821569999997,PLUS_10_ENDPOINT,J2A,0,1,10,0,9.644736521189639,-0.32629313894592521,-0.029964638596132964,-0.0084453863630468314,4.1333208084106445,2.5607950687408447,0,-0.24543750286102295,-0.03515625,0,0.22253905981779099,35,34,0,0,1,0,1,1,1.8025640000000001
734,7.9425863950000002,PLUS_10_ENDPOINT,J2A,0,1,10,0,9.644736521189639,-0.32629313894592521,-0.019477015087486428,-0.0076008477267421482,4.1333208084106445,2.5607950687408447,0,-0.14726249873638153,-0.03515625,0,0.22253905981779099,35,34,0,0,1,0,1,1,1.7682910000000001
735,7.952595541,PLUS_10_ENDPOINT,J2A,0,1,10,0,9.6464715834831232,-0.32629313894592521,0.048011630137458614,0.01049400560145344,4.1331291198730469,2.5607950687408447,-0.24543750286102295,-0.14726249873638153,-0.01953125,0,0.12363281100988388,35,34,0,0,1,0,1,1,1.7438370000000001
736,7.9624275620000002,PLUS_10_ENDPOINT,J2A,0,1,10,0,9.644736521189639,-0.32455591861476252,-0.030557137894460323,-0.0082024513826371697,4.1333208084106445,2.5609869956970215,0.12271875143051147,0.098174996674060822,-0.02734375,0,0.17308593541383743,35,34,0,0,1,0,1,1,1.6762509999999999
737,7.9726566009999997,PLUS_10_ENDPOINT,J2A,0,1,10,0,9.6464715834831232,-0.32629313894592521,0.039505294857754329,0.0095799178953847024,4.1331291198730469,2.5607950687408447,-0.24543750286102295,-0.24543750286102295,-0.01953125,0,0.12363281100988388,35,34,0,0,1,0,1,1,1.898137
738,7.9824781219999998,PLUS_10_ENDPOINT,J2A,0,1,10,0,9.6464715834831232,-0.32455591861476252,0.025678441657540314,0.0086219261058462331,4.1331291198730469,2.5609869956970215,0.12271875143051147,0.024543749168515205,-0.01953125,0,0.12363281100988388,35,34,0,0,1,0,1,1,1.666685
739,7.9925829500000001,PLUS_10_ENDPOINT,J2A,0,1,10,0,9.6482066457766074,-0.32629313894592521,0.076788180490238389,0.024930360184643667,4.1329374313354492,2.5607950687408447,-0.58904999494552612,-0.24543750286102295,-0.0234375,0,0.14835937321186066,35,34,0,0,1,0,1,1,1.828694
740,8.0025185879999992,PLUS_10_ENDPOINT,J2A,0,1,10,0,9.644736521189639,-0.32455591861476252,-0.072328811579061097,-0.012488712661739579,4.1333208084106445,2.5609869956970215,0,0.12271875143051147,-0.02734375,0,0.17308593541383743,35,34,0,0,1,0,1,1,1.7373860000000001
741,8.0126789889999994,PLUS_10_ENDPOINT,J2A,0,1,10,0,9.6464715834831232,-0.32629313894592521,0.012754760225171566,0.0058368693905947473,4.1331291198730469,2.5607950687408447,-0.24543750286102295,-0.17180624604225159,-0.02734375,0,0.17308593541383743,35,34,0,0,1,0,1,1,1.890441
742,8.0225625039999997,PLUS_10_ENDPOINT,J2A,0,1,10,0,9.6464715834831232,-0.32455591861476252,0.0082905941463615185,0.0052531824515352731,4.1331291198730469,2.5609869956970215,0.073631249368190765,0.098174996674060822,-0.02734375,0,0.17308593541383743,35,34,0,0,1,0,1,1,1.728499
743,8.0324115959999993,PLUS_10_ENDPOINT,J2A,0,1,10,0,9.6464715834831232,-0.32629313894592521,0.005388886195134987,0.0047278642063817459,4.1331291198730469,2.5607950687408447,-0.24543750286102295,-0.24543750286102295,-0.02734375,0,0.17308593541383743,35,34,0,0,1,0,1,1,1.653742
744,8.0425931340000005,PLUS_10_ENDPOINT,J2A,0,1,10,0,9.6464715834831232,-0.32629313894592521,0.0035027760268377416,0.0042550777857435712,4.1331291198730469,2.5607950687408447,-0.19634999334812164,-0.12271875143051147,-0.02734375,0,0.17308593541383743,35,34,0,0,1,0,1,1,1.8357289999999999
745,8.0525866179999994,PLUS_10_ENDPOINT,J2A,0,1,10,0,9.6464715834831232,-0.32629313894592521,0.002276804417444532,0.003829570007169214,4.1331291198730469,2.5607950687408447,-0.24543750286102295,-0.22089375555515289,-0.01953125,0,0.12363281100988388,35,34,0,0,1,0,1,1,1.8039529999999999
746,8.0625827480000005,PLUS_10_ENDPOINT,J2A,0,1,10,0,9.6464715834831232,-0.32629313894592521,0.0014799228713389459,0.0034466130064522925,4.1331291198730469,2.5607950687408447,-0.19634999334812164,-0.19634999334812164,-0.01171875,0,0.074179686605930328,35,34,0,0,1,0,1,1,1.8416030000000001
747,8.0725059100000003,PLUS_10_ENDPOINT,J2A,0,1,10,0,9.644736521189639,-0.32455591861476252,-0.060235459056257497,-0.014383022272086599,4.1333208084106445,2.5609869956970215,0.12271875143051147,0.049087498337030411,-0.01953125,0,0.12363281100988388,35,34,0,0,1,0,1,1,1.7229319999999999
748,8.0825833710000001,PLUS_10_ENDPOINT,J2A,0,1,10,0,9.6464715834831232,-0.32455591861476252,0.02110734882255863,0.0042725363005866341,4.1331291198730469,2.5609869956970215,-0.29452499747276306,0.12271875143051147,-0.03515625,0,0.22253905981779099,35,34,0,0,1,0,1,1,1.7629680000000001
749,8.0925846440000004,PLUS_10_ENDPOINT,J2A,0,1,10,0,9.6464715834831232,-0.32629313894592521,0.013719776734663109,0.0038452826705279706,4.1331291198730469,2.5607950687408447,-0.098174996674060822,-0.14726249873638153,-0.01953125,0,0.12363281100988388,35,34,0,0,1,0,1,1,1.7565310000000001
750,8.1024130379999999,PLUS_10_ENDPOINT,J2A,0,1,10,0,9.6430014588961548,-0.32629313894592521,-0.11465712649165298,-0.031846383130577402,4.1335124969482422,2.5607950687408447,0.44178751111030579,-0.049087498337030411,-0.02734375,0,0.17308593541383743,35,34,0,0,1,0,1,1,1.658709
751,8.1125899179999994,PLUS_10_ENDPOINT,J2A,0,1,10,0,9.644736521189639,-0.32455591861476252,-0.014855425103100957,-0.011612685641384381,4.1333208084106445,2.5609869956970215,0.12271875143051147,0.098174996674060822,-0.02734375,0,0.17308593541383743,35,34,0,0,1,0,1,1,1.8478619999999999
752,8.1225378129999992,PLUS_10_ENDPOINT,J2A,0,1,10,0,9.6464715834831232,-0.32455591861476252,0.05138923026434937,0.0069900848031440553,4.1331291198730469,2.5609869956970215,-0.31906875967979431,0.024543749168515205,-0.03515625,0,0.22253905981779099,35,34,0,0,1,0,1,1,1.7599720000000001
753,8.1325838830000006,PLUS_10_ENDPOINT,J2A,0,1,10,0,9.6464715834831232,-0.32629313894592521,0.03340299967182709,0.0062910763228296498,4.1331291198730469,2.5607950687408447,-0.14726249873638153,-0.14726249873638153,-0.02734375,0,0.17308593541383743,35,34,0,0,1,0,1,1,1.770702
754,8.1425848290000005,PLUS_10_ENDPOINT,J2A,0,1,10,0,9.6464715834831232,-0.32629313894592521,0.021711949786687609,0.0056619686905466848,4.1331291198730469,2.5607950687408447,-0.19634999334812164,-0.24543750286102295,-0.02734375,0,0.17308593541383743,35,34,0,0,1,0,1,1,1.7695419999999999
755,8.152590537,PLUS_10_ENDPOINT,J2A,0,1,10,0,9.6464715834831232,-0.32629313894592521,0.014112767361346945,0.0050957718214920166,4.1331291198730469,2.5607950687408447,-0.22089375555515289,-0.24543750286102295,-0.02734375,0,0.17308593541383743,35,34,0,0,1,0,1,1,1.946391
756,8.1625843860000007,PLUS_10_ENDPOINT,J2A,0,1,10,0,9.6464715834831232,-0.32629313894592521,0.0091732987848755151,0.0045861946393428148,4.1331291198730469,2.5607950687408447,-0.24543750286102295,-0.24543750286102295,-0.02734375,0,0.17308593541383743,35,34,0,0,1,0,1,1,1.813002
757,8.1723847809999999,PLUS_10_ENDPOINT,J2A,0,1,10,0,9.6464715834831232,-0.32455591861476252,0.0059626442101690848,0.0041275751754085337,4.1331291198730469,2.5609869956970215,-0.17180624604225159,0.12271875143051147,-0.01953125,0,0.12363281100988388,35,34,0,0,1,0,1,1,1.63266
758,8.1826060419999997,PLUS_10_ENDPOINT,J2A,0,1,10,0,9.6464715834831232,-0.32455591861476252,0.0038757187366099052,0.0037148176578676805,4.1331291198730469,2.5609869956970215,-0.19634999334812164,0.098174996674060822,-0.02734375,0,0.17308593541383743,35,34,0,0,1,0,1,1,1.867615
759,8.1924118339999996,PLUS_10_ENDPOINT,J2A,0,1,10,0,9.644736521189639,-0.32629313894592521,-0.059410691462899706,-0.014350923719832275,4.1333208084106445,2.5607950687408447,0.073631249368190765,-0.22089375555515289,-0.01953125,0,0.12363281100988388,35,34,0,0,1,0,1,1,1.587874
760,8.2023986089999994,PLUS_10_ENDPOINT,J2A,0,1,10,0,9.6464715834831232,-0.32629313894592521,0.022190648869842358,0.0044577681723587184,4.1331291198730469,2.5607950687408447,-0.24543750286102295,-0.19634999334812164,-0.02734375,0,0.17308593541383743,35,34,0,0,1,0,1,1,1.604778
761,8.2125791590000006,PLUS_10_ENDPOINT,J2A,0,1,10,0,9.6482066457766074,-0.32629313894592521,0.074074117748855847,0.021054904493253798,4.1329374313354492,2.5607950687408447,-0.58904999494552612,-0.24543750286102295,-0.02734375,0,0.17308593541383743,35,34,0,0,1,0,1,1,1.8293759999999999
762,8.2225223950000004,PLUS_10_ENDPOINT,J2A,0,1,10,0,9.6464715834831232,-0.32629313894592521,-0.012925683393700843,0.0014997397780835177,4.1331291198730469,2.5607950687408447,-0.24543750286102295,-0.26998123526573181,-0.01953125,0,0.12363281100988388,35,34,0,0,1,0,1,1,1.703395
763,8.2324243710000005,PLUS_10_ENDPOINT,J2A,0,1,10,0,9.6464715834831232,-0.32629313894592521,-0.008401694205905549,0.001349765800275166,4.1331291198730469,2.5607950687408447,-0.24543750286102295,-0.24543750286102295,-0.01953125,0,0.12363281100988388,35,34,0,0,1,0,1,1,1.601812
764,8.2424115269999998,PLUS_10_ENDPOINT,J2A,0,1,10,0,9.6464715834831232,-0.32455591861476252,-0.0054611012338386068,0.0012147892202476493,4.1331291198730469,2.5609869956970215,-0.24543750286102295,0.12271875143051147,-0.01953125,0,0.12363281100988388,35,34,0,0,1,0,1,1,1.66039
765,8.2525805549999998,PLUS_10_ENDPOINT,J2A,0,1,10,0,9.6464715834831232,-0.32455591861476252,-0.0035497158019950946,0.0010933102982228844,4.1331291198730469,2.5609869956970215,-0.19634999334812164,0.17180624604225159,-0.01953125,0,0.12363281100988388,35,34,0,0,1,0,1,1,1.7674369999999999
766,8.2625061990000006,PLUS_10_ENDPOINT,J2A,0,1,10,0,9.6464715834831232,-0.32629313894592521,-0.0023073152712968117,0.00098397926840059608,4.1331291198730469,2.5607950687408447,-0.29452499747276306,0.073631249368190765,-0.02734375,0,0.17308593541383743,35,34,0,0,1,0,1,1,1.73661
767,8.2724646130000004,PLUS_10_ENDPOINT,J2A,0,1,10,0,9.644736521189639,-0.32629313894592521,-0.062480529848884012,-0.01653749720773692,4.1333208084106445,2.5607950687408447,0.098174996674060822,-0.14726249873638153,-0.02734375,0,0.17308593541383743,35,34,0,0,1,0,1,1,1.6570069999999999
768,8.2826096069999995,PLUS_10_ENDPOINT,J2A,0,1,10,0,9.6464715834831232,-0.32629313894592521,0.019246912559788783,0.0022188973591977437,4.1331291198730469,2.5607950687408447,-0.24543750286102295,-0.24543750286102295,-0.03515625,0,0.22253905981779099,35,34,0,0,1,0,1,1,1.8731660000000001
769,8.292520906,PLUS_10_ENDPOINT,J2A,0,1,10,0,9.6464715834831232,-0.32455591861476252,0.012510493163862709,0.0019970076232779695,4.1331291198730469,2.5609869956970215,0.17180624604225159,0.12271875143051147,-0.02734375,0,0.17308593541383743,35,34,0,0,1,0,1,1,1.742057
770,8.3025857859999999,PLUS_10_RETURN,J2A,0,1,9.9999995381936735,-0.00013842631172839508,9.6464715834831232,-0.32629313894592521,0.0081318205565107608,0.0017973068609501725,4.1331291198730469,2.5607950687408447,-0.098174996674060822,-0.29452499747276306,-0.02734375,0,0.17308593541383743,35,34,0,0,1,0,1,1,1.762983
771,8.3133962300000004,PLUS_10_RETURN,J2A,0,1,9.9999963147901241,-0.00055185802469135813,9.6464715834831232,-0.32629313894592521,0.0052856833617319944,0.0016175761748551552,4.1331291198730469,2.5607950687408447,-0.24543750286102295,0.12271875143051147,-0.02734375,0,0.17308593541383743,35,34,0,0,1,0,1,1,2.4006769999999999
772,8.3234137510000004,PLUS_10_RETURN,J2A,0,1,9.9999875935624996,-0.0012375312500000001,9.6464715834831232,-0.32455591861476252,0.0034356941851257966,0.0014558185573696398,4.1331291198730469,2.5609869956970215,-0.24543750286102295,0.17180624604225159,-0.02734375,0,0.17308593541383743,35,34,0,0,1,0,1,1,2.393167
773,8.333574595,PLUS_10_RETURN,J2A,0,1,9.9999706658765426,-0.0021926913580246916,9.6464715834831232,-0.32629313894592521,0.0022332012203317678,0.0013102367016326758,4.1331291198730469,2.5607950687408447,-0.24543750286102295,-0.098174996674060822,-0.01953125,0,0.12363281100988388,35,34,0,0,1,0,1,1,2.5542959999999999
774,8.3435079890000008,PLUS_10_RETURN,J2A,0,1,9.9999428505979946,-0.0034145929783950622,9.6464715834831232,-0.32629313894592521,0.001451580793215649,0.0011792130314694082,4.1331291198730469,2.5607950687408447,-0.24543750286102295,-0.24543750286102295,-0.02734375,0,0.17308593541383743,35,34,0,0,1,0,1,1,2.4879509999999998
775,8.3535719949999994,PLUS_10_RETURN,J2A,0,1,9.9999014939999995,-0.0049005000000000003,9.6464715834831232,-0.32629313894592521,0.0009435275155901719,0.0010612917283224675,4.1331291198730469,2.5607950687408447,-0.31906875967979431,-0.22089375555515289,-0.03515625,0,0.22253905981779099,35,34,0,0,1,0,1,1,2.5882290000000001
776,8.3635746900000001,PLUS_10_RETURN,J2A,0,1,9.9998439696705255,-0.006647685570987656,9.644736521189639,-0.32455591861476252,-0.0600975258211673,-0.016390785646310042,4.1333208084106445,2.5609869956970215,0.12271875143051147,0.12271875143051147,-0.02734375,0,0.17308593541383743,35,34,0,0,1,0,1,1,2.5569980000000001
777,8.3735753309999996,PLUS_10_RETURN,J2A,0,1,9.9997676784197527,-0.0086534320987654324,9.6464715834831232,-0.32629313894592521,0.021659896125435785,0.0025978037495194006,4.1331291198730469,2.5607950687408447,-0.24543750286102295,-0.19634999334812164,-0.02734375,0,0.17308593541383743,35,34,0,0,1,0,1,1,2.6009370000000001
778,8.3834258439999996,PLUS_10_RETURN,J2A,0,1,9.9996700481875003,-0.010915031249999999,9.6464715834831232,-0.32802820123940951,0.01407893248153326,0.0023380233745674607,4.1331291198730469,2.5606033802032471,-0.17180624604225159,-0.58904999494552612,-0.03515625,0,0.22253905981779099,35,34,0,0,1,0,1,1,2.4080170000000001
779,8.3934569210000003,PLUS_10_RETURN,J2A,0,1,9.9995485339506178,-0.013429783950617282,9.6464715834831232,-0.32802820123940951,0.0091513061129966187,0.0021042210371107145,4.1331291198730469,2.5606033802032471,-0.24543750286102295,-0.53996247053146362,-0.02734375,0,0.17308593541383743,35,34,0,0,1,0,1,1,2.416763
780,8.4035284160000003,PLUS_10_RETURN,J2A,0,1,9.9994006176304016,-0.016195000385802471,9.6464715834831232,-0.32802820123940951,0.0059483489734478024,0.0018937989333996431,4.1331291198730469,2.5606033802032471,-0.24543750286102295,-0.58904999494552612,-0.02734375,0,0.17308593541383743,35,34,0,0,1,0,1,1,2.5071500000000002
781,8.4135907759999995,PLUS_10_RETURN,J2A,0,1,9.999223808,-0.019207999999999999,9.6464715834831232,-0.32629313894592521,0.0038664268327410719,0.0017044190400596789,4.1331291198730469,2.5607950687408447,-0.24543750286102295,-0.24543750286102295,-0.01953125,0,0.12363281100988388,35,34,0,0,1,0,1,1,2.5640540000000001
782,8.4235101540000006,PLUS_10_RETURN,J2A,0,1,9.9990156405918214,-0.022466111496913587,9.6482066457766074,-0.32455591861476252,0.06373393167802921,0.019025621203695862,4.1329374313354492,2.5609869956970215,-0.61359375715255737,0.098174996674060822,-0.02734375,0,0.17308593541383743,35,34,0,0,1,0,1,1,2.4957660000000002
783,8.4335206389999993,PLUS_10_RETURN,J2A,0,1,9.9987736776049374,-0.025966672839506173,9.6464715834831232,-0.32455591861476252,-0.019236518923357683,-0.00020939077783848833,4.1331291198730469,2.5609869956970215,-0.24543750286102295,0.098174996674060822,-0.02734375,0,0.17308593541383743,35,34,0,0,1,0,1,1,2.4992290000000001
784,8.4435843150000007,PLUS_10_RETURN,J2A,0,1,9.9984955078124997,-0.029707031250000002,9.6464715834831232,-0.32455591861476252,-0.012503737300182494,-0.00018845170005463952,4.1331291198730469,2.5609869956970215,-0.24543750286102295,0.098174996674060822,-0.01953125,0,0.12363281100988388,35,34,0,0,1,0,1,1,2.5574150000000002
785,8.4535067129999995,PLUS_10_RETURN,J2A,0,1,9.9981787464691365,-0.033684543209876544,9.644736521189639,-0.32282085632127827,-0.06932955021623316,-0.017655926807510474,4.1333208084106445,2.5611786842346191,0.098174996674060822,0.4908750057220459,-0.02734375,0,0.17308593541383743,35,34,0,0,1,0,1,1,2.4891559999999999
786,8.4635445130000004,PLUS_10_RETURN,J2A,0,1,9.9978210352183634,-0.037896574459876542,9.6464715834831232,-0.32629313894592521,0.015434288316670861,0.00139495043244698,4.1331291198730469,2.5607950687408447,-0.34361249208450317,-0.24543750286102295,-0.01171875,0,0.074179686605930328,35,34,0,0,1,0,1,1,2.51756
787,8.4735746580000004,PLUS_10_RETURN,J2A,0,1,9.9974200419999999,-0.042340500000000003,9.644736521189639,-0.32629313894592521,-0.050512380963311884,-0.016043021287697135,4.1333208084106445,2.5607950687408447,0,-0.24543750286102295,-0.02734375,0,0.17308593541383743,35,34,0,0,1,0,1,1,2.5952459999999999
788,8.4835623800000004,PLUS_10_RETURN,J2A,0,1,9.9969734609575625,-0.047013704089506184,9.6464715834831232,-0.32629313894592521,0.027968785136059535,0.0029332330588475123,4.1331291198730469,2.5607950687408447,-0.31906875967979431,-0.24543750286102295,-0.0234375,0,0.14835937321186066,35,34,0,0,1,0,1,1,2.544168
789,8.4934733589999993,PLUS_10_RETURN,J2A,0,1,9.996479012345679,-0.051913580246913574,9.6464715834831232,-0.32455591861476252,0.018179710338438699,0.0026399097529627613,4.1331291198730469,2.5609869956970215,-0.19634999334812164,0.12271875143051147,-0.02734375,0,0.17308593541383743,35,34,0,0,1,0,1,1,2.4263970000000001
790,8.5035755280000007,PLUS_10_RETURN,J2A,0,1,9.9959344424375001,-0.057037531250000016,9.6464715834831232,-0.32802820123940951,0.011816811719985155,0.0023759187776664853,4.1331291198730469,2.5606033802032471,-0.24543750286102295,-0.56450623273849487,-0.01953125,0,0.12363281100988388,35,34,0,0,1,0,1,1,2.555768
791,8.513467984,PLUS_10_RETURN,J2A,0,1,9.9953375234320987,-0.062382969135802477,9.6482066457766074,-0.32455591861476252,0.06906829216320623,0.019677573912818661,4.1329374313354492,2.5609869956970215,0.12271875143051147,0.12271875143051147,-0.01953125,0,0.12363281100988388,35,34,0,0,1,0,1,1,2.4482360000000001
792,8.5235737070000006,PLUS_10_RETURN,J2A,0,1,9.9946860533618835,-0.067947315200617281,9.644736521189639,-0.32629313894592521,-0.07528935206258712,-0.016628395469512114,4.1333208084106445,2.5607950687408447,0,-0.24543750286102295,-0.01953125,0,0.12363281100988388,35,34,0,0,1,0,1,1,2.5543290000000001
793,8.5335785499999997,PLUS_10_RETURN,J2A,0,1,9.9939778560000008,-0.073728000000000002,9.644736521189639,-0.32455591861476252,-0.048938078840681631,-0.014965555922560903,4.1333208084106445,2.5609869956970215,0.12271875143051147,0.073631249368190765,-0.02734375,0,0.17308593541383743,35,34,0,0,1,0,1,1,2.5598320000000001
794,8.5435757730000006,PLUS_10_RETURN,J2A,0,1,9.9932107807677468,-0.07972246334876544,9.644736521189639,-0.32629313894592521,-0.031809751246443065,-0.013469000330304813,4.1333208084106445,2.5607950687408447,0.024543749168515205,-0.24543750286102295,-0.02734375,0,0.17308593541383743,35,34,0,0,1,0,1,1,2.5989070000000001
795,8.5535572819999999,PLUS_10_RETURN,J2A,0,1,9.9923827026419758,-0.085928154320987646,9.6464715834831232,-0.32455591861476252,0.040163340612058201,0.0052606651090817257,4.1331291198730469,2.5609869956970215,-0.22089375555515289,0.073631249368190765,-0.02734375,0,0.17308593541383743,35,34,0,0,1,0,1,1,2.5359180000000001
796,8.5635779050000007,PLUS_10_RETURN,J2A,0,1,9.9914915220624998,-0.092342531249999998,9.644736521189639,-0.32629313894592521,-0.034496028956313388,-0.012580315788726799,4.1333208084106445,2.5607950687408447,0.098174996674060822,-0.24543750286102295,-0.02734375,0,0.17308593541383743,35,34,0,0,1,0,1,1,2.5504739999999999
797,8.5735812409999994,PLUS_10_RETURN,J2A,0,1,9.9905351648395069,-0.098963061728395071,9.6464715834831232,-0.32455591861476252,0.038284509619023091,0.0060225524874678235,4.1331291198730469,2.5609869956970215,-0.24543750286102295,-0.17180624604225159,-0.01171875,0,0.074179686605930328,35,34,0,0,1,0,1,1,2.5649679999999999
798,8.5835503929999994,PLUS_10_RETURN,J2A,0,1,9.9895115820609561,-0.10578722260802469,9.644736521189639,-0.32629313894592521,-0.036030159892745876,-0.011984014517024928,4.1333208084106445,2.5607950687408447,0.098174996674060822,-0.29452499747276306,-0.0234375,0,0.14835937321186066,35,34,0,0,1,0,1,1,2.5374400000000001
799,8.5933977309999996,PLUS_10_RETURN,J2A,0,1,9.9884187499999992,-0.1128125,9.6464715834831232,-0.32629313894592521,0.038249021917579604,0.0068339943197816867,4.1331291198730469,2.5607950687408447,-0.24543750286102295,-0.22089375555515289,-0.01953125,0,0.12363281100988388,35,34,0,0,1,0,1,1,2.374895
800,8.6035852780000006,PLUS_10_RETURN,J2A,0,1,9.9872546700223772,-0.12003638927469135,9.6464715834831232,-0.32455591861476252,0.024861864246426744,0.0061505948878035179,4.1331291198730469,2.5609869956970215,-0.19634999334812164,0.12271875143051147,-0.01953125,0,0.12363281100988388,35,34,0,0,1,0,1,1,2.5560849999999999
801,8.6136003139999993,PLUS_10_RETURN,J2A,0,1,9.9860173684938278,-0.12745639506172843,9.644736521189639,-0.32455591861476252,-0.044475796210193264,-0.01178903830679702,4.1333208084106445,2.5609869956970215,0,0.14726249873638153,-0.03515625,0,0.22253905981779099,35,34,0,0,1,0,1,1,2.571339
802,8.6235830520000007,PLUS_10_RETURN,J2A,0,1,9.9847048966875001,-0.13507003124999997,9.644736521189639,-0.32629313894592521,-0.028909267536625621,-0.010610134476117318,4.1333208084106445,2.5607950687408447,0.024543749168515205,-0.31906875967979431,-0.02734375,0,0.17308593541383743,35,34,0,0,1,0,1,1,2.6046960000000001
803,8.6335774220000001,PLUS_10_RETURN,J2A,0,1,9.983315330691358,-0.14287482098765431,9.6464715834831232,-0.32629313894592521,0.041970365035113685,0.00781127580975737,4.1331291198730469,2.5607950687408447,-0.26998123526573181,-0.17180624604225159,-0.01171875,0,0.074179686605930328,35,34,0,0,1,0,1,1,2.556028
804,8.6434688400000006,PLUS_10_RETURN,J2A,0,1,9.9818467713155865,-0.15086829668209878,9.644736521189639,-0.32629313894592521,-0.034113069228876566,-0.010510939343132786,4.1333208084106445,2.5607950687408447,0.12271875143051147,-0.24543750286102295,-0.01953125,0,0.12363281100988388,35,34,0,0,1,0,1,1,2.448671
805,8.6535806950000005,PLUS_10_RETURN,J2A,0,1,9.9802973440000002,-0.15904799999999999,9.6464715834831232,-0.32629313894592521,0.037881935258040005,0.0076988489502690001,4.1331291198730469,2.5607950687408447,-0.36815625429153442,-0.22089375555515289,-0.02734375,0,0.17308593541383743,35,34,0,0,1,0,1,1,2.5676329999999998
806,8.663502051,PLUS_10_RETURN,J2A,0,1,9.9786651987214512,-0.16741148186728397,9.644736521189639,-0.32455591861476252,-0.036585290865272457,-0.010559192739900318,4.1333208084106445,2.5609869956970215,0.049087498337030411,0.024543749168515205,-0.03515625,0,0.22253905981779099,35,34,0,0,1,0,1,1,2.487231
807,8.6735806820000008,PLUS_10_RETURN,J2A,0,1,9.9769485099012343,-0.17595630246913585,9.644736521189639,-0.32629313894592521,-0.023780439062427099,-0.0095032734659102874,4.1333208084106445,2.5607950687408447,0,0.12271875143051147,-0.02734375,0,0.17308593541383743,35,34,0,0,1,0,1,1,2.5805699999999998
808,8.6834327719999997,PLUS_10_RETURN,J2A,0,1,9.9751454763125,-0.18468003124999999,9.6482066457766074,-0.32455591861476252,0.10782047652989399,0.026669271572244063,4.1329374313354492,2.5609869956970215,-0.56450623273849487,0.098174996674060822,-0.02734375,0,0.17308593541383743,35,34,0,0,1,0,1,1,2.421875
809,8.6934695000000008,PLUS_10_RETURN,J2A,0,1,9.973254320987655,-0.19358024691358025,9.6464715834831232,-0.32455591861476252,0.0095783520809973668,0.0067152136540385883,4.1331291198730469,2.5609869956970215,-0.19634999334812164,0.12271875143051147,-0.01953125,0,0.12363281100988388,35,34,0,0,1,0,1,1,2.4277090000000001
810,8.7035786300000009,PLUS_10_RETURN,J2A,0,1,9.9712732911257724,-0.20265453742283948,9.644736521189639,-0.32629313894592521,-0.053845689844456743,-0.011119627339109567,4.1333208084106445,2.5607950687408447,-0.26998123526573181,-0.17180624604225159,-0.03515625,0,0.22253905981779099,35,34,0,0,1,0,1,1,2.556727
811,8.7135068320000002,PLUS_10_RETURN,J2A,0,1,9.9692006580000001,-0.21190050000000002,9.644736521189639,-0.32629313894592521,-0.034999698398896883,-0.010007664605198611,4.1333208084106445,2.5607950687408447,0.12271875143051147,-0.24543750286102295,-0.0078125,0,0.049453124403953552,35,34,0,0,1,0,1,1,2.4882979999999999
812,8.7235700499999993,PLUS_10_RETURN,J2A,0,1,9.9670347168649691,-0.22131574112654329,9.6464715834831232,-0.32282085632127827,0.03759588294917128,0.0082347266863081817,4.1331291198730469,2.5611786842346191,-0.24543750286102295,0.46633124351501465,-0.02734375,0,0.17308593541383743,35,34,0,0,1,0,1,1,2.5944959999999999
813,8.7335496890000002,PLUS_10_RETURN,J2A,0,1,9.9647737868641979,-0.2308978765432099,9.6464715834831232,-0.32629313894592521,0.024437323916961334,0.0074112540176773638,4.1331291198730469,2.5607950687408447,-0.24543750286102295,-0.24543750286102295,-0.02734375,0,0.17308593541383743,35,34,0,0,1,0,1,1,2.5284900000000001
814,8.7435625550000005,PLUS_10_RETURN,J2A,0,1,9.9624162109374996,-0.24064453124999999,9.644736521189639,-0.32282085632127827,-0.044764888530717931,-0.010658199691731174,4.1333208084106445,2.5611786842346191,0.049087498337030411,0.46633124351501465,-0.01953125,0,0.12363281100988388,35,34,0,0,1,0,1,1,2.562125
815,8.7534296769999997,PLUS_10_RETURN,J2A,0,1,9.9599603557283949,-0.25055333950617281,9.6464715834831232,-0.32455591861476252,0.03244780008067847,0.0079918995990548372,4.1331291198730469,2.5609869956970215,-0.26998123526573181,0.098174996674060822,-0.03515625,0,0.22253905981779099,35,34,0,0,1,0,1,1,2.4099020000000002
816,8.7634451240000004,PLUS_10_RETURN,J2A,0,1,9.957404611491512,-0.26062194483024703,9.6430014588961548,-0.32455591861476252,-0.10017596929576297,-0.027455015888908928,4.1335124969482422,2.5609869956970215,0.049087498337030411,0.098174996674060822,-0.02734375,0,0.17308593541383743,35,34,0,0,1,0,1,1,2.4205589999999999
817,8.7735517719999994,PLUS_10_RETURN,J2A,0,1,9.9547473919999998,-0.27084800000000003,9.6464715834831232,-0.32629313894592521,0.055058362239770883,0.0096255549234153422,4.1331291198730469,2.5607950687408447,-0.24543750286102295,-0.24543750286102295,-0.01953125,0,0.12363281100988388,35,34,0,0,1,0,1,1,2.5312299999999999
818,8.7834979939999993,PLUS_10_RETURN,J2A,0,1,9.9519871344529314,-0.28122916705246909,9.644736521189639,-0.32629313894592521,-0.025267589216679855,-0.0087814361896493155,4.1333208084106445,2.5607950687408447,-0.12271875143051147,-0.31906875967979431,-0.02734375,0,0.17308593541383743,35,34,0,0,1,0,1,1,2.4835500000000001
819,8.7935398290000002,PLUS_10_RETURN,J2A,0,1,9.9491222993827169,-0.29176311728395066,9.644736521189639,-0.32455591861476252,-0.016423932990841907,-0.0079032925706843844,4.1333208084106445,2.5609869956970215,-0.024543749168515205,0.12271875143051147,-0.01171875,0,0.074179686605930328,35,34,0,0,1,0,1,1,2.55741
820,8.803494293,PLUS_10_RETURN,J2A,0,1,9.9461513705625002,-0.30244753125000012,9.6464715834831232,-0.32455591861476252,0.050329416070744162,0.010317028833467315,4.1331291198730469,2.5609869956970215,-0.39269998669624329,0.12271875143051147,-0.01171875,0,0.074179686605930328,35,34,0,0,1,0,1,1,2.4731890000000001
821,8.8135512479999996,PLUS_10_RETURN,J2A,0,1,9.9430728549135807,-0.31328009876543211,9.6464715834831232,-0.32455591861476252,0.032714120445983708,0.0092853259501205834,4.1331291198730469,2.5609869956970215,-0.39269998669624329,0.098174996674060822,-0.01953125,0,0.12363281100988388,35,34,0,0,1,0,1,1,2.533277
822,8.8235509519999997,PLUS_10_RETURN,J2A,0,1,9.9398852824128081,-0.32425851890432095,9.644736521189639,-0.32455591861476252,-0.039464799559800617,-0.0089943431733743428,4.1333208084106445,2.5609869956970215,0,0.12271875143051147,-0.01953125,0,0.12363281100988388,35,34,0,0,1,0,1,1,2.5314390000000002
823,8.8334384210000003,PLUS_10_RETURN,J2A,0,1,9.9365872060000004,-0.33538049999999997,9.6430014588961548,-0.32802820123940951,-0.087070446559641579,-0.025643002240542962,4.1335124969482422,2.5606033802032471,0.34361249208450317,-0.58904999494552612,-0.01953125,0,0.12363281100988388,35,34,0,0,1,0,1,1,2.4491420000000002
824,8.8435509010000004,PLUS_10_RETURN,J2A,0,1,9.9331772014853392,-0.34664375964506167,9.644736521189639,-0.32455591861476252,0.0034559282780210684,-0.0059210681474063526,4.1333208084106445,2.5609869956970215,-0.073631249368190765,0.12271875143051147,-0.01171875,0,0.074179686605930328,35,34,0,0,1,0,1,1,2.528311
825,8.853458711,PLUS_10_RETURN,J2A,0,1,9.9296538674567909,-0.35804602469135804,9.644736521189639,-0.32629313894592521,0.0022463533807136945,-0.0053289613326657171,4.1333208084106445,2.5607950687408447,0,-0.24543750286102295,-0.03515625,0,0.22253905981779099,35,34,0,0,1,0,1,1,2.4373830000000001
826,8.8635584929999993,PLUS_10_RETURN,J2A,0,1,9.9260158251875001,-0.36958503124999997,9.6464715834831232,-0.32629313894592521,0.061587348554218435,0.012383140188245007,4.1331291198730469,2.5607950687408447,-0.41724374890327454,-0.19634999334812164,-0.01953125,0,0.12363281100988388,35,34,0,0,1,0,1,1,2.5849570000000002
827,8.8735035829999998,PLUS_10_RETURN,J2A,0,1,9.9222617185432096,-0.38125852469135801,9.644736521189639,-0.32629313894592521,-0.021030697758184523,-0.0063015950644156379,4.1333208084106445,2.5607950687408447,-0.073631249368190765,-0.29452499747276306,-0.02734375,0,0.17308593541383743,35,34,0,0,1,0,1,1,2.4866549999999998
828,8.8835045150000003,PLUS_10_RETURN,J2A,0,1,9.9183902138896602,-0.3930642596450617,9.644736521189639,-0.32629313894592521,-0.01366995354281994,-0.0056714355579740739,4.1333208084106445,2.5607950687408447,0,-0.24543750286102295,-0.01953125,0,0.12363281100988388,35,34,0,0,1,0,1,1,2.4427319999999999
829,8.8935477170000006,PLUS_10_RETURN,J2A,0,1,9.9144000000000005,-0.40500000000000008,9.644736521189639,-0.32455591861476252,-0.0088854698028329616,-0.0051042920021766667,4.1333208084106445,2.5609869956970215,0.098174996674060822,0.098174996674060822,-0.02734375,0,0.17308593541383743,35,34,0,0,1,0,1,1,2.5326520000000001
830,8.903438736,PLUS_10_RETURN,J2A,0,1,9.9102897879621921,-0.41706351890432114,9.6464715834831232,-0.32629313894592521,0.055620727733013672,0.012947932370856743,4.1331291198730469,2.5607950687408447,-0.24543750286102295,0.12271875143051147,-0.01171875,0,0.074179686605930328,35,34,0,0,1,0,1,1,2.4417990000000001
831,8.9135473279999999,PLUS_10_RETURN,J2A,0,1,9.9060583110864204,-0.42925259876543198,9.644736521189639,-0.32282085632127827,-0.023921342805406892,-0.0055110939610477274,4.1333208084106445,2.5611786842346191,-0.17180624604225159,0.39269998669624329,-0.03515625,0,0.22253905981779099,35,34,0,0,1,0,1,1,2.5566059999999999
832,8.9235512279999991,PLUS_10_RETURN,J2A,0,1,9.9017043248124992,-0.44156503124999991,9.6464715834831232,-0.32629313894592521,0.045154633081134377,0.012383874264956723,4.1331291198730469,2.5607950687408447,-0.58904999494552612,-0.24543750286102295,-0.0078125,0,0.049453124403953552,35,34,0,0,1,0,1,1,2.532019
833,8.9325498690000007,PLUS_10_RETURN,J2A,0,1,9.8972266066172843,-0.45399861728395058,9.644736521189639,-0.32629313894592521,-0.03813432345393665,-0.0081358945777315235,4.1333208084106445,2.5607950687408447,-0.26998123526573181,-0.24543750286102295,-0.01953125,0,0.12363281100988388,35,34,0,0,1,0,1,1,1.5709310000000001
834,8.9435478990000004,PLUS_10_RETURN,J2A,0,1,9.8926239559220672,-0.46655116705246918,9.6430014588961548,-0.32629313894592521,-0.08000372652320005,-0.023098424056570151,4.1335124969482422,2.5607950687408447,0,-0.24543750286102295,-0.01171875,0,0.074179686605930328,35,34,0,0,1,0,1,1,2.5352510000000001
835,8.9534450650000004,PLUS_10_RETURN,J2A,0,1,9.8878951940000004,-0.47922049999999999,9.6430014588961548,-0.32455591861476252,-0.052002422240080032,-0.020788581650913136,4.1335124969482422,2.5609869956970215,0,0.098174996674060822,-0.01171875,0,0.074179686605930328,35,34,0,0,1,0,1,1,2.4267270000000001
836,8.9635483560000004,PLUS_10_RETURN,J2A,0,1,9.8830391638834882,-0.49200444483024691,9.6430014588961548,-0.32629313894592521,-0.033801574456052023,-0.018709723485821825,4.1335124969482422,2.5607950687408447,0.024543749168515205,-0.24543750286102295,-0.01171875,0,0.074179686605930328,35,34,0,0,1,0,1,1,2.5328870000000001
837,8.973444851,PLUS_10_RETURN,J2A,0,1,9.8780547302716055,-0.50490083950617282,9.644736521189639,-0.32455591861476252,0.039391287474181864,0.00069333768293626877,4.1333208084106445,2.5609869956970215,-0.24543750286102295,-0.58904999494552612,0,0,-0,35,34,0,0,1,0,1,1,2.452261
838,8.9835371940000002,PLUS_10_RETURN,J2A,0,1,9.8729407794374993,-0.51790753125000011,9.6430014588961548,-0.32629313894592521,-0.034567201378190957,-0.016567864152902838,4.1335124969482422,2.5607950687408447,0,-0.24543750286102295,-0.01171875,0,0.074179686605930328,35,34,0,0,1,0,1,1,2.476289
839,8.9934892249999994,PLUS_10_RETURN,J2A,0,1,9.8676962191358033,-0.53102237654320994,9.6430014588961548,-0.32629313894592521,-0.022468680895824121,-0.014911077737612554,4.1335124969482422,2.5607950687408447,-0.024543749168515205,-0.24543750286102295,-0.0078125,0,0.049453124403953552,35,34,0,0,1,0,1,1,2.4696729999999998
840,9.0034824800000006,PLUS_10_RETURN,J2A,0,1,9.8623199785100315,-0.54424324112654321,9.6430014588961548,-0.32629313894592521,-0.014604642582285679,-0.013419969963851299,4.1335124969482422,2.5607950687408447,0,-0.24543750286102295,-0.01171875,0,0.074179686605930328,35,34,0,0,1,0,1,1,2.4598960000000001
841,9.0135020800000003,PLUS_10_RETURN,J2A,0,1,9.8568110079999993,-0.55756800000000006,9.6412663966026706,-0.32282085632127827,-0.070101405510283959,-0.029394655205122817,4.1337041854858398,2.5611786842346191,0.26998123526573181,0.4908750057220459,-0.0078125,0,0.049453124403953552,35,34,0,0,1,0,1,1,2.4839470000000001
842,9.0234676050000004,PLUS_10_RETURN,J2A,0,1,9.8511682792492277,-0.57099453742283957,9.6430014588961548,-0.32629313894592521,0.015371347899216639,-0.0090445435472101855,4.1335124969482422,2.5607950687408447,0.098174996674060822,-0.26998123526573181,-0.01171875,0,0.074179686605930328,35,34,0,0,1,0,1,1,2.4461400000000002
843,9.0334996620000005,PLUS_10_RETURN,J2A,0,1,9.845390785012345,-0.58452074691358025,9.6412663966026706,-0.32629313894592521,-0.050541753085115999,-0.025435268969519687,4.1337041854858398,2.5607950687408447,-0.024543749168515205,-0.24543750286102295,0,0,-0,35,34,0,0,1,0,1,1,2.4990990000000002
844,9.0435179899999998,PLUS_10_RETURN,J2A,0,1,9.8394775390625,-0.59814453125,9.6395270182338297,-0.32629313894592521,-0.093619008896539888,-0.040253704755771863,4.1338963508605957,2.5607950687408447,0.34361249208450317,-0.26998123526573181,-0.0078125,0,0.049453124403953552,35,34,0,0,1,0,1,1,2.5257200000000002
845,9.0535071909999996,PLUS_10_RETURN,J2A,0,1,9.8334275760987655,-0.61186380246913596,9.6412663966026706,-0.32455591861476252,9.170061318248407e-05,-0.018815746738499419,4.1337041854858398,2.5609869956970215,-0.024543749168515205,0.14726249873638153,-0.0078125,0,0.049453124403953552,35,34,0,0,1,0,1,1,2.4802650000000002
846,9.0634273620000005,PLUS_10_RETURN,J2A,0,1,9.8272399516535494,-0.62567648186728386,9.6412663966026706,-0.32629313894592521,5.9605398568614645e-05,-0.016934172064649478,4.1337041854858398,2.5607950687408447,0,-0.29452499747276306,-0.0078125,0,0.049453124403953552,35,34,0,0,1,0,1,1,2.4097339999999998
847,9.0734754429999995,PLUS_10_RETURN,J2A,0,1,9.8209137420000001,-0.63958049999999989,9.6430014588961548,-0.32282085632127827,0.060475338588222328,0.0020268437358591084,4.1335124969482422,2.5611786842346191,-0.36815625429153442,-0.24543750286102295,-0.0078125,0,0.049453124403953552,35,34,0,0,1,0,1,1,2.4590519999999998
848,9.0834788440000001,PLUS_10_RETURN,J2A,0,1,9.8144480440594144,-0.6535737966820987,9.6395270182338297,-0.32455591861476252,-0.082255109155677075,-0.032908434705732972,4.1338963508605957,2.5609869956970215,0.26998123526573181,0,-0.0078125,0,0.049453124403953552,35,34,0,0,1,0,1,1,2.4659170000000001
849,9.0935285669999999,PLUS_10_RETURN,J2A,0,1,9.8078419753086425,-0.6676543209876542,9.6395270182338297,-0.32455591861476252,-0.053465820951190103,-0.029617591235159675,4.1338963508605957,2.5609869956970215,-0.024543749168515205,0.073631249368190765,-0.00390625,0,0.024726562201976776,35,34,0,0,1,0,1,1,2.5128780000000002
850,9.1034809269999997,PLUS_10_RETURN,J2A,0,1,9.8010946736874995,-0.68182003125000012,9.6360568936468614,-0.32629313894592521,-0.15678852242182983,-0.061523186055516932,4.134279727935791,2.5607950687408447,0,-0.34361249208450317,-0.0078125,0,0.049453124403953552,35,34,0,0,1,0,1,1,2.4600529999999998
851,9.1134651469999994,PLUS_10_RETURN,J2A,0,1,9.7942052975061724,-0.69606889506172831,9.6343218313533772,-0.32802820123940951,-0.16273569879138222,-0.07274891294059177,4.1344714164733887,2.5606033802032471,0.34361249208450317,-0.61359375715255737,0,0,-0,35,34,0,0,1,0,1,1,2.4732820000000002
852,9.1234839789999995,PLUS_10_RETURN,J2A,0,1,9.7871730253526241,-0.7103988892746913,9.6360568936468614,-0.32455591861476252,-0.045165170407717052,-0.048156011987480769,4.134279727935791,2.5609869956970215,-0.24543750286102295,0,0,0,-0,35,34,0,0,1,0,1,1,2.464413
853,9.1334621449999993,PLUS_10_RETURN,J2A,0,1,9.7799970559999991,-0.72480800000000012,9.6343218313533772,-0.32455591861476252,-0.090217422896622199,-0.06072899996919158,4.1344714164733887,2.5609869956970215,-0.26998123526573181,0,0,0,-0,35,34,0,0,1,0,1,1,2.391581
854,9.1434678250000001,PLUS_10_RETURN,J2A,0,1,9.7726766083140433,-0.73929422260802469,9.6325867690598912,-0.32455591861476252,-0.11933403169733781,-0.071996873347853388,4.1346631050109863,2.5609869956970215,0.024543749168515205,0.073631249368190765,-0.0078125,0,0.049453124403953552,35,34,0,0,1,0,1,1,2.4441269999999999
855,9.1534106150000003,PLUS_10_RETURN,J2A,0,1,9.7652109211604934,-0.7538555617283953,9.6325867690598912,-0.32629313894592521,-0.077567120603269576,-0.064797186013068053,4.1346631050109863,2.5607950687408447,-0.29452499747276306,-0.39269998669624329,0,0,-0,35,34,0,0,1,0,1,1,2.395365
856,9.1635295560000003,PLUS_10_RETURN,J2A,0,1,9.7575992533125007,-0.76849003124999993,9.6308517067664088,-0.32629313894592521,-0.11043200357820898,-0.075464146036356608,4.134854793548584,2.5607950687408447,-0.17180624604225159,-0.36815625429153442,0.00390625,0,-0.024726562201976776,35,34,0,0,1,0,1,1,2.5131869999999998
857,9.1725468980000002,PLUS_10_RETURN,J2A,0,1,9.7498408833580239,-0.78319565432098781,9.6273815821794404,-0.32629313894592521,-0.20647055962227009,-0.10640051923170218,4.1352381706237793,2.5607950687408447,-0.073631249368190765,-0.44178751111030579,-0.0078125,0,0.049453124403953552,35,34,0,0,1,0,1,1,1.5668770000000001
858,9.1825468580000003,PLUS_10_RETURN,J2A,0,1,9.7419351096072528,-0.79797046334876565,9.6239071415171136,-0.32455591861476252,-0.25581177335955257,-0.13050501290998254,4.1356220245361328,2.5609869956970215,0.41724374890327454,-0.14726249873638153,0,0,-0,35,34,0,0,1,0,1,1,1.6674279999999999
859,9.193527864,PLUS_10_RETURN,J2A,0,1,9.7338812499999996,-0.81281249999999983,9.6239071415171136,-0.32629313894592521,-0.16627765268370917,-0.11745451161898429,4.1356220245361328,2.5607950687408447,0,-0.44178751111030579,0.00390625,0,-0.024726562201976776,35,34,0,0,1,0,1,1,2.5071620000000001
860,9.2034208839999998,PLUS_10_RETURN,J2A,0,1,9.7256786420131167,-0.82771981520061733,9.6239071415171136,-0.32455591861476252,-0.10808047424441096,-0.10570906045708586,4.1356220245361328,2.5609869956970215,-0.26998123526573181,-0.22089375555515289,0.00390625,0,-0.024726562201976776,35,34,0,0,1,0,1,1,2.400064
861,9.2135473619999999,PLUS_10_RETURN,J2A,0,1,9.717326642567901,-0.84269046913580237,9.6221720792236312,-0.32629313894592521,-0.13022101630512356,-0.11227207099602197,4.1358137130737305,2.5607950687408447,0,-0.36815625429153442,0,0,-0,35,34,0,0,1,0,1,1,2.467724
862,9.2234557030000008,PLUS_10_RETURN,J2A,0,1,9.7088246279374992,-0.85772253124999986,9.6221720792236312,-0.32282085632127827,-0.084643660598330311,-0.10104486389641978,4.1358137130737305,2.5611786842346191,-0.19634999334812164,0.24543750286102295,0,0,-0,35,34,0,0,1,0,1,1,2.437557
863,9.2335086690000008,PLUS_10_RETURN,J2A,0,1,9.7001719936543207,-0.87281408024691376,9.6204370169301452,-0.32455591861476252,-0.11542560674053333,-0.10819958532152599,4.1360054016113281,2.5609869956970215,-0.58904999494552612,-0.19634999334812164,0,0,-0,35,34,0,0,1,0,1,1,2.5312869999999998
864,9.2434207359999991,PLUS_10_RETURN,J2A,0,1,9.6913681544174377,-0.88796320408950635,9.6134967677562084,-0.32455591861476252,-0.32009028356763031,-0.16739780941402588,4.1367721557617188,2.5609869956970215,0.14726249873638153,-0.098174996674060822,0.0078125,0,-0.049453124403953552,35,34,0,0,1,0,1,1,2.4012790000000002
865,9.2534067560000004,PLUS_10_RETURN,J2A,0,1,9.682412544,-0.90316800000000019,9.6100223270938834,-0.32455591861476252,-0.32983434988077653,-0.18545107577599956,4.1371560096740723,2.5609869956970215,-0.024543749168515205,-0.22089375555515289,0.00390625,0,-0.024726562201976776,35,34,0,0,1,0,1,1,2.3952659999999999
866,9.2634512820000001,PLUS_10_RETURN,J2A,0,1,9.6733046151566366,-0.91842657445987641,9.6065522025069168,-0.32455591861476252,-0.3353082975178926,-0.20145338822565328,4.1375393867492676,2.5609869956970215,0.14726249873638153,-0.26998123526573181,0.00390625,0,-0.024726562201976776,35,34,0,0,1,0,1,1,2.4355449999999998
867,9.2733955619999993,PLUS_10_RETURN,J2A,0,1,9.6640438395308639,-0.93373704320987627,9.6030820779199466,-0.32455591861476252,-0.3400852895721419,-0.21620373402751986,4.1379227638244629,2.5609869956970215,0,-0.36815625429153442,0.00390625,0,-0.024726562201976776,35,34,0,0,1,0,1,1,2.3766259999999999
868,9.283520824,PLUS_10_RETURN,J2A,0,1,9.6546297075624992,-0.94909753125000007,9.5996119533329782,-0.32455591861476252,-0.34100725827739742,-0.22885530921205507,4.1383061408996582,2.5609869956970215,0,-0.31906875967979431,0.0078125,0,-0.049453124403953552,35,34,0,0,1,0,1,1,2.4236810000000002
869,9.2934201269999992,PLUS_10_RETURN,J2A,0,1,9.6450617283950617,-0.96450617283950602,9.5978725749641374,-0.32282085632127827,-0.28315222220908287,-0.22354049381335656,4.1384983062744141,2.5611786842346191,0,-0.024543749168515205,0.0078125,0,-0.049453124403953552,35,34,0,0,1,0,1,1,2.392652
870,9.3035133420000005,PLUS_10_RETURN,J2A,0,1,9.6353394297831798,-0.97996111149691356,9.594402450377169,-0.32282085632127827,-0.3043816239080821,-0.2355672099955004,4.1388816833496094,2.5611786842346191,0.098174996674060822,0,0.01953125,0,-0.12363281100988388,35,34,0,0,1,0,1,1,2.4915609999999999
871,9.3135116109999991,PLUS_10_RETURN,J2A,0,1,9.6254623580000001,-0.99546050000000041,9.5909323257901988,-0.32282085632127827,-0.31932344347387631,-0.24671774269127122,4.1392650604248047,2.5611786842346191,-0.31906875967979431,-0.024543749168515205,0.01953125,0,-0.12363281100988388,35,34,0,0,1,0,1,1,2.4880300000000002
872,9.3234578750000008,PLUS_10_RETURN,J2A,0,1,9.6154300777445982,-1.0110025003858025,9.5857271389097463,-0.32282085632127827,-0.39072603881972789,-0.27437905429691789,4.1398401260375977,2.5611786842346191,0,-0.24543750286102295,0.0078125,0,-0.049453124403953552,35,34,0,0,1,0,1,1,2.4360409999999999
873,9.3334188529999995,PLUS_10_RETURN,J2A,0,1,9.6052421720493832,-1.0265852839506173,9.5822526982474212,-0.32282085632127827,-0.37605373605641118,-0.28182166624539412,4.1402239799499512,2.5611786842346191,-0.34361249208450317,-0.24543750286102295,0.00390625,0,-0.024726562201976776,35,34,0,0,1,0,1,1,2.4016150000000001
874,9.3435192899999997,PLUS_10_RETURN,J2A,0,1,9.5948982421875009,-1.04220703125,9.5770475113669686,-0.32282085632127827,-0.42480488749471268,-0.30517377363743908,4.1407990455627441,2.5611786842346191,-0.34361249208450317,-0.17180624604225159,0.0078125,0,-0.049453124403953552,35,34,0,0,1,0,1,1,2.4972720000000002
875,9.3534449409999993,PLUS_10_RETURN,J2A,0,1,9.5843979075802466,-1.0578659320987653,9.5701029461176752,-0.32282085632127827,-0.52100362221996288,-0.34462223780180939,4.141566276550293,2.5611786842346191,0.12271875143051147,-0.24543750286102295,0.0078125,0,-0.049453124403953552,35,34,0,0,1,0,1,1,2.4174859999999998
876,9.3634087909999995,PLUS_10_RETURN,J2A,0,1,9.5737408057044746,-1.0735601855709878,9.5648977592372226,-0.32108579402779402,-0.52149487095600855,-0.36240073302535208,4.1421413421630859,2.5613703727722168,0.26998123526573181,0.049087498337030411,0.01953125,0,-0.12363281100988388,35,34,0,0,1,0,1,1,2.3823560000000001
877,9.3734257230000004,PLUS_10_RETURN,J2A,0,1,9.5629265920000002,-1.0892879999999998,9.5614276346502542,-0.32108579402779402,-0.46022072775413053,-0.36080324876073833,4.1425247192382812,2.5613703727722168,0.12271875143051147,0,0.0078125,0,-0.049453124403953552,35,34,0,0,1,0,1,1,2.4357869999999999
878,9.3834181739999991,PLUS_10_RETURN,J2A,0,1,9.5519549397770067,-1.1050475929783949,9.5596925723567701,-0.32108579402779402,-0.359916530893513,-0.34208665469990113,4.1427164077758789,2.5613703727722168,-0.24543750286102295,0,0.01953125,0,-0.12363281100988388,35,34,0,0,1,0,1,1,2.404004
879,9.3934044510000003,PLUS_10_RETURN,J2A,0,1,9.540825540123457,-1.1208371913580244,9.5510129448139907,-0.32108579402779402,-0.53815016880870747,-0.39479353886646074,4.1436753273010254,2.5613703727722168,-0.049087498337030411,-0.17180624604225159,0.0078125,0,-0.049453124403953552,35,34,0,0,1,0,1,1,2.3778489999999999
880,9.4034403379999993,PLUS_10_RETURN,J2A,0,1,9.5295381018125003,-1.1366550312500001,9.5405982549777288,-0.31935073173430983,-0.71300829979142,-0.45908866785574609,4.1448259353637695,2.5615620613098145,-0.14726249873638153,0.12271875143051147,0.0078125,0,-0.049453124403953552,35,34,0,0,1,0,1,1,2.4075099999999998
881,9.4135289849999992,PLUS_10_RETURN,J2A,0,1,9.5180923512098765,-1.1524993580246916,9.5284485028479828,-0.32108579402779402,-0.88496020570884504,-0.53360974702572062,4.1461682319641113,2.5613703727722168,0.024543749168515205,-0.26998123526573181,0.0078125,0,-0.049453124403953552,35,34,0,0,1,0,1,1,2.5070700000000001
882,9.4233698980000007,PLUS_10_RETURN,J2A,0,1,9.506488032181327,-1.1683684263117282,9.5145636884247509,-0.31935073173430983,-1.0690487461354781,-0.62134151873021393,4.1477022171020508,2.5615620613098145,0.098174996674060822,0.024543749168515205,0.00390625,0,-0.024726562201976776,35,34,0,0,1,0,1,1,2.3456549999999998
883,9.4334038309999997,PLUS_10_RETURN,J2A,0,1,9.4947249060000001,-1.1842604999999999,9.5006788740015207,-0.31761351140314709,-1.1792067296271924,-0.69758595103980159,4.1492362022399902,2.5617539882659912,0.19634999334812164,0.073631249368190765,0,0,-0,35,34,0,0,1,0,1,1,2.3778000000000001
884,9.4435169890000008,PLUS_10_RETURN,J2A,0,1,9.4828027512538586,-1.2001738522376544,9.4902685002406155,-0.31761351140314709,-1.1267705298103121,-0.73076625752228919,4.1503863334655762,2.5617539882659912,-0.17180624604225159,0.12271875143051147,0.0078125,0,-0.049453124403953552,35,34,0,0,1,0,1,1,2.4676300000000002
885,9.4535153520000001,PLUS_10_RETURN,J2A,0,1,9.4707213637530856,-1.2161067654320989,9.4763836858173853,-0.31935073173430983,-1.218448915258995,-0.79656050916500087,4.1519203186035156,2.5615620613098145,-0.073631249368190765,-0.36815625429153442,0.0078125,0,-0.049453124403953552,35,34,0,0,1,0,1,1,2.498602
886,9.4634048449999995,PLUS_10_RETURN,J2A,0,1,9.4584805564375003,-1.2320575312500002,9.4642339336876375,-0.31761351140314709,-1.2219848436430916,-0.83975961502699925,4.1532626152038574,2.5617539882659912,-0.53996247053146362,-0.46633124351501465,0.0078125,0,-0.049453124403953552,35,34,0,0,1,0,1,1,2.430866
887,9.4734474950000003,PLUS_10_RETURN,J2A,0,1,9.4460801592839516,-1.248024450617284,9.453819243851374,-0.31761351140314709,-1.1572562422468124,-0.8594882517753859,4.1544132232666016,2.5617539882659912,-0.098174996674060822,-0.46633124351501465,0.00390625,0,-0.024726562201976776,35,34,0,0,1,0,1,1,2.4284110000000001
888,9.4834094029999996,PLUS_10_RETURN,J2A,0,1,9.4335200192137343,-1.264005833719136,9.4468789946774372,-0.31414338681617859,-0.99605410453253906,-0.84320729718987908,4.1551799774169922,2.5621373653411865,-0.7608562707901001,0.17180624604225159,0.00390625,0,-0.024726562201976776,35,34,0,0,1,0,1,1,2.361418
889,9.4933967480000003,PLUS_10_RETURN,J2A,0,1,9.4207999999999998,-1.2800000000000002,9.4347292425476912,-0.31761351140314709,-1.0732153172661929,-0.8805380387051891,4.156522274017334,2.5617539882659912,-0.29452499747276306,-0.68722498416900635,0.01171875,0,-0.074179686605930328,35,34,0,0,1,0,1,1,2.388147
890,9.5034028040000003,PLUS_10_RETURN,J2A,0,1,9.4079199821751551,-1.2960052781635802,9.4260496150049136,-0.31414338681617859,-1.0011930581816981,-0.87922797825143384,4.1574811935424805,2.5621373653411865,0.073631249368190765,-0.024543749168515205,0.01171875,0,-0.074179686605930328,35,34,0,0,1,0,1,1,2.3843719999999999
891,9.5133847550000006,PLUS_10_RETURN,J2A,0,1,9.3948798629382715,-1.3120200061728395,9.420844428124461,-0.31414338681617859,-0.83328644265632545,-0.84345116752292526,4.1580562591552734,2.5621373653411865,-0.19634999334812164,-0.024543749168515205,0.02734375,0,-0.17308593541383743,35,34,0,0,1,0,1,1,2.3166730000000002
892,9.5233865610000006,PLUS_10_RETURN,J2A,0,1,9.3816795560624993,-1.3280425312499999,9.4173699874621342,-0.31414338681617859,-0.66321965293423402,-0.79384418368709631,4.158440113067627,2.5621373653411865,-0.34361249208450317,-0.17180624604225159,0.0234375,0,-0.14835937321186066,35,34,0,0,1,0,1,1,2.3720080000000001
893,9.533305919,PLUS_10_RETURN,J2A,0,1,9.3683189918024699,-1.344071209876543,9.4156349251686517,-0.3124083245226944,-0.49231365208087574,-0.73195144465370776,4.1586318016052246,2.5623290538787842,-0.049087498337030411,0.22089375555515289,0.01953125,0,-0.12363281100988388,35,34,0,0,1,0,1,1,2.329412
894,9.5433565890000001,PLUS_10_RETURN,J2A,0,1,9.3547981168016978,-1.3601044077932101,9.408694675994715,-0.31414338681617859,-0.56168798156656807,-0.72780890239233664,4.1593985557556152,2.5621373653411865,0.073631249368190765,0.12271875143051147,0.0078125,0,-0.049453124403953552,35,34,0,0,1,0,1,1,2.3380510000000001
895,9.5533867210000007,PLUS_10_RETURN,J2A,0,1,9.3411168940000007,-1.3761404999999995,9.4017501107454198,-0.31414338681617859,-0.60742678420435692,-0.72426503963484234,4.1601657867431641,2.5621373653411865,-0.17180624604225159,-0.073631249368190765,0.0234375,0,-0.14835937321186066,35,34,0,0,1,0,1,1,2.371149
896,9.5634949850000002,PLUS_10_RETURN,J2A,0,1,9.3272753025408957,-1.3921778707561729,9.394809861571483,-0.31414338681617859,-0.63513447045839344,-0.7204976958786613,4.1609325408935547,2.5621373653411865,-0.049087498337030411,-0.24543750286102295,0.01953125,0,-0.12363281100988388,35,34,0,0,1,0,1,1,2.4696060000000002
897,9.5734989989999999,PLUS_10_RETURN,J2A,0,1,9.3132733376790124,-1.4082149135802469,9.3896003586156738,-0.3124083245226944,-0.59509685031025694,-0.70052205329430983,4.1615080833435059,2.5623290538787842,-0.17180624604225159,-0.049087498337030411,0.01953125,0,-0.12363281100988388,35,34,0,0,1,0,1,1,2.473519
898,9.5833881840000004,PLUS_10_RETURN,J2A,0,1,9.2991110106875006,-1.4242500312499997,9.3809250471482528,-0.31067110419153166,-0.69385129950144786,-0.71819508990767333,4.1624665260314941,2.5625209808349609,0.024543749168515205,0.098174996674060822,0.02734375,0,-0.17308593541383743,35,34,0,0,1,0,1,1,2.2939780000000001
899,9.5933216940000001,PLUS_10_RETURN,J2A,0,1,9.2847883487654315,-1.4402816358024693,9.3739804818989576,-0.3124083245226944,-0.69569005030702036,-0.71628606824007157,4.163233757019043,2.5623290538787842,0,-0.24543750286102295,0.0234375,0,-0.14835937321186066,35,34,0,0,1,0,1,1,2.2926600000000001
900,9.6034178319999999,PLUS_10_RETURN,J2A,0,1,9.2703053949452165,-1.4563081485339504,9.3635701081380542,-0.31067110419153166,-0.81309205617519986,-0.74776989669481775,4.1643838882446289,2.5625209808349609,0.61359375715255737,0.049087498337030411,0.01953125,0,-0.12363281100988388,35,34,0,0,1,0,1,1,2.3906969999999998
901,9.613386921,PLUS_10_RETURN,J2A,0,1,9.2556622080000004,-1.4723280000000001,9.3548904805952748,-0.31067110419153166,-0.83323874804960241,-0.7600583103212567,4.1653428077697754,2.5625209808349609,0,-0.17180624604225159,0.01171875,0,-0.074179686605930328,35,34,0,0,1,0,1,1,2.3633250000000001
902,9.6233854220000001,PLUS_10_RETURN,J2A,0,1,9.2408588623510806,-1.4883396300154321,9.3410056661720446,-0.31067110419153166,-1.0276465486455191,-0.82292143997863887,4.1668767929077148,2.5625209808349609,-0.14726249873638153,-0.22089375555515289,0.00390625,0,-0.024726562201976776,35,34,0,0,1,0,1,1,2.3756659999999998
903,9.6333846580000007,PLUS_10_RETURN,J2A,0,1,9.2258954479753079,-1.5043414876543211,9.3236507271618461,-0.30893604189804741,-1.2754395326291932,-0.91419194626923372,4.1687941551208496,2.5627126693725586,-0.14726249873638153,0,0.00390625,0,-0.024726562201976776,35,34,0,0,1,0,1,1,2.3785790000000002
904,9.6434408349999998,PLUS_10_RETURN,J2A,0,1,9.2107720703124993,-1.5203320312499999,9.2976161606088681,-0.30720097960456322,-1.7351552179261298,-1.0816640435614973,4.1716704368591309,2.5629043579101562,0.098174996674060822,0.12271875143051147,0.00390625,0,-0.024726562201976776,35,34,0,0,1,0,1,1,2.4157950000000001
905,9.6533997209999995,PLUS_10_RETURN,J2A,0,1,9.1954888501728398,-1.5363097283950617,9.2698465317624059,-0.30720097960456322,-2.1038004201697351,-1.2523403616389908,4.1747384071350098,2.5629043579101562,0.53996247053146362,-0.24543750286102295,0,0,-0,35,34,0,0,1,0,1,1,2.3898100000000002
906,9.6633910499999995,PLUS_10_RETURN,J2A,0,1,9.1800459236442897,-1.5522730559413578,9.2438119652094279,-0.30546591731107897,-2.2794708982065788,-1.3876779326454491,4.177614688873291,2.5630960464477539,0.049087498337030411,-0.098174996674060822,0.00390625,0,-0.024726562201976776,35,34,0,0,1,0,1,1,2.3689740000000001
907,9.6733847379999993,PLUS_10_RETURN,J2A,0,1,9.1644434419999996,-1.5682205000000002,9.2143072740694834,-0.30372869697991628,-2.5149725030561725,-1.5441434020157319,4.1808743476867676,2.5632879734039307,0.44178751111030579,-0.024543749168515205,0,0,-0,35,34,0,0,1,0,1,1,2.3629869999999999
908,9.6834163049999997,PLUS_10_RETURN,J2A,0,1,9.1486815716057102,-1.584150555941358,9.1952129566904421,-0.30199363468643198,-2.3009302476454434,-1.5800713820024248,4.1829838752746582,2.5634796619415283,-0.17180624604225159,0,0.00390625,0,-0.024726562201976776,35,34,0,0,1,0,1,1,2.387394
909,9.6934784119999993,PLUS_10_RETURN,J2A,0,1,9.1327604938271598,-1.6000617283950622,9.1726528307997892,-0.30199363468643198,-2.2803353403122331,-1.6462730093286666,4.1854763031005859,2.5634796619415283,0.29452499747276306,-0.12271875143051147,0.0078125,0,-0.049453124403953552,35,34,0,0,1,0,1,1,2.456337
910,9.70326019,PLUS_10_RETURN,J2A,0,1,9.116680404937501,-1.61595253125,9.1570329540830748,-0.30025857239294773,-2.0411099079091057,-1.6413291188832726,4.187201976776123,2.563671350479126,0.073631249368190765,0.12271875143051147,0.0078125,0,-0.049453124403953552,35,34,0,0,1,0,1,1,2.276519
911,9.7132676129999993,PLUS_10_RETURN,J2A,0,1,9.1004415160246914,-1.6318214876543211,9.1414130773663587,-0.30199363468643198,-1.8730116140299422,-1.6332791138203806,4.1889276504516602,2.5634796619415283,0.29452499747276306,-0.049087498337030411,0.0078125,0,-0.049453124403953552,35,34,0,0,1,0,1,1,2.24437
912,9.7232164490000006,PLUS_10_RETURN,J2A,0,1,9.0840440528989195,-1.6476671300154322,9.1275282629431302,-0.30025857239294773,-1.7059252500775761,-1.6095134027120892,4.1904616355895996,2.563671350479126,-0.049087498337030411,-0.073631249368190765,0.0078125,0,-0.049453124403953552,35,34,0,0,1,0,1,1,2.1824469999999998
913,9.7332704119999995,PLUS_10_RETURN,J2A,0,1,9.0674882560000007,-1.6634879999999999,9.1136434485198983,-0.30025857239294773,-1.5922115609945455,-1.5866649619963435,4.1919956207275391,2.563671350479126,-0.19634999334812164,-0.22089375555515289,0.01171875,0,-0.074179686605930328,35,34,0,0,1,0,1,1,2.2423709999999999
914,9.7432074479999997,PLUS_10_RETURN,J2A,0,1,9.0507743803047838,-1.6792826485339507,9.0980192557278272,-0.29852351009946348,-1.5852492451488671,-1.5852303887973986,4.1937217712402344,2.5638630390167236,0,-0.073631249368190765,0.01171875,0,-0.074179686605930328,35,34,0,0,1,0,1,1,2.176383
915,9.7532631250000001,PLUS_10_RETURN,J2A,0,1,9.033902695234568,-1.6950496358024691,9.0789292544241409,-0.30025857239294773,-1.694862593458597,-1.6165503739496112,4.1958308219909668,2.563671350479126,0.098174996674060822,-0.58904999494552612,0,0,-0,35,34,0,0,1,0,1,1,2.2410990000000002
916,9.7632509360000004,PLUS_10_RETURN,J2A,0,1,9.0168734845625007,-1.7107875312499998,9.0581041908269739,-0.29678628976830085,-1.8314274243265678,-1.6634001190056444,4.1981315612792969,2.5640549659729004,0.29452499747276306,-0.12271875143051147,0,0,-0,35,34,0,0,1,0,1,1,2.2265259999999998
917,9.7732036860000004,PLUS_10_RETURN,J2A,0,1,8.9996870463209877,-1.7264949135802468,9.0355397488609643,-0.29678628976830085,-1.9839326047028578,-1.7237757582166768,4.2006244659423828,2.5640549659729004,0,-0.26998123526573181,0,0,-0,35,34,0,0,1,0,1,1,2.2111450000000001
918,9.7832769119999998,PLUS_10_RETURN,J2A,0,1,8.9823436927091045,-1.7421703707561729,9.0112402446014723,-0.29678628976830085,-2.1338563696658928,-1.7926268042833051,4.2033090591430664,2.5640549659729004,0.049087498337030411,-0.56450623273849487,0,0,-0,35,34,0,0,1,0,1,1,2.1739959999999998
919,9.7931934349999992,PLUS_10_RETURN,J2A,0,1,8.96484375,-1.7578125,8.9886801187108194,-0.29158110288784811,-2.1832579132067216,-1.8408644875475151,4.2058014869689941,2.5646300315856934,0.34361249208450317,0.31906875967979431,0.01953125,0,-0.12363281100988388,35,34,0,0,1,0,1,1,2.16201
920,9.8032656039999999,PLUS_10_RETURN,J2A,0,1,8.9471875584483023,-1.7734199077932098,8.9747953042875892,-0.29158110288784811,-1.9016040919481934,-1.7946313097538562,4.2073354721069336,2.5646300315856934,-0.19634999334812164,0.12271875143051147,0.01171875,0,-0.074179686605930328,35,34,0,0,1,0,1,1,2.2418840000000002
921,9.8131528249999995,PLUS_10_RETURN,J2A,0,1,8.9293754721975311,-1.7889912098765437,8.960910489864359,-0.29158110288784811,-1.7275543846615979,-1.7556001001771198,4.208869457244873,2.5646300315856934,0,-0.049087498337030411,0.01171875,0,-0.074179686605930328,35,34,0,0,1,0,1,1,2.2340550000000001
922,9.8232014840000001,PLUS_10_RETURN,J2A,0,1,8.9114078591875003,-1.8045250312500003,8.9504958000280954,-0.28984388255668542,-1.4856593937275142,-1.6836826740729722,4.2100200653076172,2.5648219585418701,0.098174996674060822,0.22089375555515289,0.01953125,0,-0.12363281100988388,35,34,0,0,1,0,1,1,2.2681249999999999
923,9.8322101849999992,PLUS_10_RETURN,J2A,0,1,8.8932851010617284,-1.8200200061728391,8.943551234778802,-0.29158110288784811,-1.2354841902410842,-1.592401716470875,4.210787296295166,2.5646300315856934,-0.19634999334812164,-0.26998123526573181,0.02734375,0,-0.17308593541383743,35,34,0,0,1,0,1,1,1.3178209999999999
924,9.8431567930000003,PLUS_10_RETURN,J2A,0,1,8.8750075930748444,-1.8354747781635805,8.9348759233113793,-0.28984388255668542,-1.080443708415969,-1.5124126833264344,4.2117457389831543,2.5648219585418701,-0.049087498337030411,-0.049087498337030411,0.0234375,0,-0.14835937321186066,35,34,0,0,1,0,1,1,2.2361230000000001
925,9.8521547910000002,PLUS_10_RETURN,J2A,0,1,8.8565757440000006,-1.8508879999999996,8.9261962957686016,-0.28984388255668542,-1.0399045824202073,-1.4576331784080274,4.2127046585083008,2.5648219585418701,0.049087498337030411,-0.12271875143051147,0.02734375,0,-0.17308593541383743,35,34,0,0,1,0,1,1,1.2419309999999999
926,9.8631851299999997,PLUS_10_RETURN,J2A,0,1,8.8379899760362655,-1.8662583337191361,8.9175209843011807,-0.28984388255668542,-0.9512113870873673,-1.3905194058570056,4.2136631011962891,2.5648219585418701,0.17180624604225159,-0.24543750286102295,0.02734375,0,-0.17308593541383743,35,34,0,0,1,0,1,1,2.2722129999999998
927,9.8731839459999993,PLUS_10_RETURN,J2A,0,1,8.8192507247160492,-1.8815844506172839,8.9140465436388556,-0.28984388255668542,-0.73990722457521074,-1.2862159861194258,4.2140469551086426,2.5648219585418701,-0.17180624604225159,-0.12271875143051147,0.03515625,0,-0.22253905981779099,35,34,0,0,1,0,1,1,2.2904429999999998
928,9.8821852840000002,PLUS_10_RETURN,J2A,0,1,8.8003584388125002,-1.8968650312500002,8.9071062944649189,-0.28984388255668542,-0.75079815600256494,-1.234696804658534,4.2148137092590332,2.5648219585418701,0,-0.12271875143051147,0.02734375,0,-0.17308593541383743,35,34,0,0,1,0,1,1,1.3101659999999999
929,9.8922903790000003,PLUS_10_RETURN,J2A,0,1,8.7813135802469127,-1.9120987654320987,8.9001617292156254,-0.28810882026320117,-0.72855071498117074,-1.1799505280725389,4.215580940246582,2.5650136470794678,0.073631249368190765,0,0.0234375,0,-0.14835937321186066,35,34,0,0,1,0,1,1,1.378153
930,9.9033887650000008,PLUS_10_RETURN,J2A,0,1,8.7621166239961426,-1.9272843522376539,8.8949565423351711,-0.28984388255668542,-0.6377093474846709,-1.1088558703358309,4.216156005859375,2.5648219585418701,-0.24543750286102295,-0.29452499747276306,0.0390625,0,-0.24726562201976776,35,34,0,0,1,0,1,1,2.5121440000000002
931,9.9134470980000007,PLUS_10_RETURN,J2A,0,1,8.7427680579999993,-1.9424205000000003,8.8880119770858794,-0.28637375796971692,-0.65616124167800916,-1.06701318782024,4.2169232368469238,2.5652053356170654,-0.024543749168515205,0.31906875967979431,0.03515625,0,-0.22253905981779099,35,34,0,0,1,0,1,1,2.4470239999999999
932,9.9233420419999998,PLUS_10_RETURN,J2A,0,1,8.7232683830686728,-1.957505926311728,8.8776016033249743,-0.28810882026320117,-0.79473638235956257,-1.0655208905436038,4.2180733680725098,2.5650136470794678,0.22089375555515289,-0.22089375555515289,0.02734375,0,-0.17308593541383743,35,34,0,0,1,0,1,1,2.3525710000000002
933,9.9334397750000001,PLUS_10_RETURN,J2A,0,1,8.7036181127901244,-1.972539358024691,8.8689219757821967,-0.28637375796971692,-0.81742534748803397,-1.0449250011904772,4.2190322875976562,2.5652053356170654,-0.34361249208450317,0.098174996674060822,0.03515625,0,-0.22253905981779099,35,34,0,0,1,0,1,1,2.4466359999999998
934,9.9423471889999995,PLUS_10_RETURN,J2A,0,1,8.6838177734375002,-1.9875195312499996,8.8567722236524489,-0.28810882026320117,-1.0087280253418522,-1.0768329437784667,4.220374584197998,2.5650136470794678,-0.024543749168515205,-0.31906875967979431,0.02734375,0,-0.17308593541383743,35,34,0,0,1,0,1,1,1.4614689999999999
935,9.9532990730000002,PLUS_10_RETURN,J2A,0,1,8.6638679038765432,-2.0024451913580243,8.8394172846422485,-0.28637375796971692,-1.210301867905121,-1.1276149783814535,4.2222919464111328,2.5652053356170654,0.098174996674060822,-0.17180624604225159,0.0234375,0,-0.14835937321186066,35,34,0,0,1,0,1,1,2.3044150000000001
936,9.9622937119999992,PLUS_10_RETURN,J2A,0,1,8.643769055472994,-2.0173150929783952,8.8185879049697249,-0.28463869567623262,-1.5972104421561526,-1.2464289742626866,4.2245931625366211,2.5653970241546631,0.14726249873638153,-0.098174996674060822,0.02734375,0,-0.17308593541383743,35,34,0,0,1,0,1,1,1.409753
937,9.9722875369999997,PLUS_10_RETURN,J2A,0,1,8.623521792,-2.0321280000000002,8.7908182761232627,-0.28290147534506993,-2.0107243389657219,-1.3996539487119102,4.2276611328125,2.5655889511108398,0.17180624604225159,0.12271875143051147,0.01171875,0,-0.074179686605930328,35,34,0,0,1,0,1,1,1.405241
938,9.9823285669999997,PLUS_10_RETURN,J2A,0,1,8.6031266895455243,-2.0468826855709881,8.7595785226898322,-0.28290147534506993,-2.3958943373076194,-1.5708095586921194,4.2311124801635742,2.5655889511108398,0.19634999334812164,-0.24543750286102295,0.01171875,0,-0.074179686605930328,35,34,0,0,1,0,1,1,1.4471149999999999
939,9.9921882679999996,PLUS_10_RETURN,J2A,0,1,8.5825843364197532,-2.0615779320987655,8.7318088938433718,-0.28116641305158568,-2.5430985444691805,-1.6953763814569727,4.2341804504394531,2.5657806396484375,0.024543749168515205,-0.24543750286102295,0,0,-0,35,34,0,0,1,0,1,1,1.306209
940,10.003230279,PLUS_10_RETURN,J2A,0,1,8.5618953330625001,-2.0762125312500004,8.707509389583878,-0.27769628846461719,-2.4232384714338302,-1.7459028626052364,4.2368650436401367,2.5661640167236328,0,0.31906875967979431,0.0234375,0,-0.14835937321186066,35,34,0,0,1,0,1,1,2.2946849999999999
941,10.013243636,PLUS_10_RETURN,J2A,0,1,8.5410602919506182,-2.090785283950618,8.6866843259867093,-0.27595906813345455,-2.3030099696734894,-1.7792854229851414,4.2391657829284668,2.5663559436798096,0.14726249873638153,0.46633124351501465,0.0234375,0,-0.14835937321186066,35,34,0,0,1,0,1,1,2.2458670000000001
942,10.023195564,PLUS_10_RETURN,J2A,0,1,8.520079837505401,-2.1052950003858029,8.6675943246830265,-0.27769628846461719,-2.1683339717938628,-1.7931790211169401,4.2412748336791992,2.5661640167236328,0.17180624604225159,0,0.01953125,0,-0.12363281100988388,35,34,0,0,1,0,1,1,2.201419
943,10.033228307,PLUS_10_RETURN,J2A,0,1,8.4989546059999999,-2.1197404999999994,8.6485000073039853,-0.27595906813345455,-2.0755371131134841,-1.8041811279902384,4.2433843612670898,2.5663559436798096,0.34361249208450317,0.12271875143051147,0.01953125,0,-0.12363281100988388,35,34,0,0,1,0,1,1,2.343461
944,10.043182547000001,PLUS_10_RETURN,J2A,0,1,8.4776852454668212,-2.1341206114969138,8.6259398814133341,-0.27769628846461719,-2.1423333696065683,-1.8504013712148728,4.2458767890930176,2.5661640167236328,0.34361249208450317,-0.17180624604225159,0.01953125,0,-0.12363281100988388,35,34,0,0,1,0,1,1,2.1535340000000001
945,10.052184027999999,PLUS_10_RETURN,J2A,0,1,8.4562724156049391,-2.1484341728395067,8.6051105017408087,-0.27248894354648606,-2.2024148487123125,-1.8967607079413979,4.2481780052185059,2.5667393207550049,0,-0.53996247053146362,0.0078125,0,-0.049453124403953552,35,34,0,0,1,0,1,1,1.2591239999999999
946,10.062136242999999,PLUS_10_RETURN,J2A,0,1,8.4347167876874991,-2.1626800312499999,8.5773408728943465,-0.27422400583997031,-2.4081733621195753,-1.9861142687062787,4.2512459754943848,2.5665476322174072,0.12271875143051147,-0.39269998669624329,0.01171875,0,-0.074179686605930328,35,34,0,0,1,0,1,1,1.2190460000000001
947,10.072132206999999,PLUS_10_RETURN,J2A,0,1,8.4130190444691362,-2.1768570432098771,8.5478361817544002,-0.27075388125300182,-2.5983938268245548,-2.0826688822490311,4.2545056343078613,2.5669310092926025,-0.024543749168515205,0.14726249873638153,0.0078125,0,-0.049453124403953552,35,34,0,0,1,0,1,1,1.2201960000000001
948,10.082134284,PLUS_10_RETURN,J2A,0,1,8.3911798800933646,-2.1909640744598766,8.521801615201424,-0.27075388125300182,-2.5999765978092522,-2.1346935969879257,4.2573819160461426,2.5669310092926025,-0.049087498337030411,-0.049087498337030411,0.01171875,0,-0.074179686605930328,35,34,0,0,1,0,1,1,1.254912
949,10.092173694,PLUS_10_RETURN,J2A,0,1,8.3691999999999993,-2.2050000000000001,8.4992371732354144,-0.27075388125300182,-2.4766400490050624,-2.1459828831260044,4.2598748207092285,2.5669310092926025,0.29452499747276306,-0.39269998669624329,0.02734375,0,-0.17308593541383743,35,34,0,0,1,0,1,1,1.2923469999999999
950,10.102161862999999,PLUS_10_RETURN,J2A,0,1,8.3470801208325618,-2.2189637040895063,8.4853523588121842,-0.26901666092183907,-2.096360167032695,-2.0703972048646624,4.261408805847168,2.5671229362487793,0.12271875143051147,-0.24543750286102295,0.0234375,0,-0.14835937321186066,35,34,0,0,1,0,1,1,1.2811760000000001
951,10.113135626,PLUS_10_RETURN,J2A,0,1,8.3248209703456784,-2.2328540802469141,8.4697324820954698,-0.26901666092183907,-1.8608184461453008,-2.0056958665422102,4.2631344795227051,2.5671229362487793,0.41724374890327454,-0.17180624604225159,0.03515625,0,-0.22253905981779099,35,34,0,0,1,0,1,1,2.2191239999999999
952,10.122166743999999,PLUS_10_RETURN,J2A,0,1,8.3024232873125001,-2.2466700312499999,8.4593221083345629,-0.26901666092183907,-1.6129848976319816,-1.9203985392129996,4.264284610748291,2.5671229362487793,-0.17180624604225159,-0.31906875967979431,0.01953125,0,-0.12363281100988388,35,34,0,0,1,0,1,1,1.290618
953,10.133138150000001,PLUS_10_RETURN,J2A,0,1,8.2798878214320997,-2.2604104691358025,8.4454372939113327,-0.26554653633487063,-1.491381138168874,-1.8549132437797242,4.2658185958862305,2.5675063133239746,-0.049087498337030411,0.34361249208450317,0.02734375,0,-0.17308593541383743,35,34,0,0,1,0,1,1,2.2274699999999998
954,10.14313454,PLUS_10_RETURN,J2A,0,1,8.2572153332368821,-2.2740743152006173,8.4350226040750691,-0.26901666092183907,-1.3340435212060953,-1.7736064283721311,4.2669692039489746,2.5671229362487793,0.17180624604225159,-0.46633124351501465,0.04296875,0,-0.27199218422174454,35,34,0,0,1,0,1,1,2.2193239999999999
955,10.153138242000001,PLUS_10_RETURN,J2A,0,1,8.2344065939999993,-2.2876605000000003,8.4263429765322915,-0.26554653633487063,-1.1708028324650912,-1.6830099408723835,4.2679281234741211,2.5675063133239746,-0.12271875143051147,0.12271875143051147,0.0390625,0,-0.24726562201976776,35,34,0,0,1,0,1,1,2.2254260000000001
956,10.163126098999999,PLUS_10_RETURN,J2A,0,1,8.2114623856427471,-2.3011679633487656,8.4141932244025437,-0.26728159862835482,-1.1867801639750009,-1.6363541818916283,4.2692704200744629,2.567314624786377,0.098174996674060822,-0.39269998669624329,0.04296875,0,-0.27199218422174454,35,34,0,0,1,0,1,1,2.2154430000000001
957,10.173168634,PLUS_10_RETURN,J2A,0,1,8.1883835006419758,-2.3145956543209887,8.4037828506416385,-0.26554653633487063,-1.1342269340791722,-1.5763815715583003,4.2704205513000488,2.5675063133239746,-0.39269998669624329,-0.22089375555515289,0.0390625,0,-0.24726562201976776,35,34,0,0,1,0,1,1,2.2771590000000002
958,10.183148038000001,PLUS_10_RETURN,J2A,0,1,8.1651707419374997,-2.3279425312499997,8.3864235955560833,-0.26381147404138638,-1.3460753770266316,-1.5926942343668045,4.2723383903503418,2.5676980018615723,0.4908750057220459,0,0.05078125,0,-0.32144530862569809,35,34,0,0,1,0,1,1,2.2547269999999999
959,10.193172526,PLUS_10_RETURN,J2A,0,1,8.1418249228395059,-2.3412075617283952,8.3708037188393689,-0.26381147404138638,-1.4203092020774362,-1.5892420129330169,4.2740640640258789,2.5676980018615723,0.12271875143051147,-0.22089375555515289,0.0390625,0,-0.24726562201976776,35,34,0,0,1,0,1,1,2.2556029999999998
960,10.203182818,PLUS_10_RETURN,J2A,0,1,8.1183468669359566,-2.3543897226080244,8.3499786552421984,-0.26207425371022364,-1.651328818081703,-1.6383543364201065,4.276364803314209,2.567889928817749,-0.14726249873638153,-0.12271875143051147,0.03515625,0,-0.22253905981779099,35,34,0,0,1,0,1,1,2.1856990000000001
961,10.213284043,PLUS_10_RETURN,J2A,0,1,8.0947374079999985,-2.3674879999999998,8.318734585733413,-0.26033919141673939,-2.1559477082584593,-1.7838286103510537,4.2798166275024414,2.5680816173553467,0.24543750286102295,-0.049087498337030411,0.0234375,0,-0.14835937321186066,35,34,0,0,1,0,1,1,2.2677049999999999
962,10.223245819000001,PLUS_10_RETURN,J2A,0,1,8.0709973898973768,-2.3805013892746913,8.2857597700064982,-0.26033919141673939,-2.5599129907878773,-1.9364591722930566,4.2834596633911133,2.5680816173553467,0,-0.34361249208450317,0.01953125,0,-0.12363281100988388,35,34,0,0,1,0,1,1,2.2554400000000001
963,10.233243959999999,PLUS_10_RETURN,J2A,0,1,8.0471276664938269,-2.393428895061728,8.2527849542795852,-0.2586041291232552,-2.8182765849851261,-2.0726227239131814,4.2871026992797852,2.5682733058929443,0.31906875967979431,-0.073631249368190765,0.0078125,0,-0.049453124403953552,35,34,0,0,1,0,1,1,2.2542599999999999
964,10.243244706,PLUS_10_RETURN,J2A,0,1,8.0231291015624997,-2.40626953125,8.2232802631396389,-0.25513184649860821,-2.8644669391362858,-2.1603853540635645,4.2903623580932617,2.5686569213867188,0.78539997339248657,0.17180624604225159,0.0234375,0,-0.14835937321186066,35,34,0,0,1,0,1,1,2.2540819999999999
965,10.253303939,PLUS_10_RETURN,J2A,0,1,7.999002568691358,-2.4190223209876542,8.1989807588801451,-0.25339678420512396,-2.7073781595319124,-2.1859110041124445,4.2930469512939453,2.5688486099243164,0.073631249368190765,0.24543750286102295,0.01171875,0,-0.074179686605930328,35,34,0,0,1,0,1,1,2.3097110000000001
966,10.263180362,PLUS_10_RETURN,J2A,0,1,7.9747489511905867,-2.431686296682098,8.1712111300336829,-0.25339678420512396,-2.743894003647493,-2.2484908179731287,4.2961149215698242,2.5688486099243164,0.098174996674060822,-0.12271875143051147,0.0234375,0,-0.14835937321186066,35,34,0,0,1,0,1,1,2.1862159999999999
967,10.273224299000001,PLUS_10_RETURN,J2A,0,1,7.9503691419999996,-2.4442605000000004,8.1347618736444449,-0.25166172191163977,-3.053674447180021,-2.3865398346927162,4.3001418113708496,2.5690402984619141,-0.024543749168515205,0.024543749168515205,0.01171875,0,-0.074179686605930328,35,34,0,0,1,0,1,1,2.2331319999999999
968,10.283134298,PLUS_10_RETURN,J2A,0,1,7.9258640435964507,-2.4567439818672838,8.0913723680812648,-0.24992665961815549,-3.5173130606507055,-2.5857214712187853,4.3049354553222656,2.5692319869995117,0.29452499747276306,-0.024543749168515205,0,0,-0,35,34,0,0,1,0,1,1,2.1503830000000002
969,10.293141758000001,PLUS_10_RETURN,J2A,0,1,7.9012345679012341,-2.4691358024691348,8.0445127379311216,-0.24818943928699277,-3.9251179517889403,-2.7953963133443303,4.310112476348877,2.5694239139556885,0.12271875143051147,-0.12271875143051147,0.00390625,0,-0.024726562201976776,35,34,0,0,1,0,1,1,2.2569159999999999
970,10.303214068000001,PLUS_10_RETURN,J2A,0,1,7.8764816361874992,-2.4814350312500002,8.0080634815418819,-0.24645437699350853,-3.817892107597272,-2.8777325217054575,4.3141393661499023,2.5696156024932861,0.049087498337030411,-0.22089375555515289,0.00390625,0,-0.024726562201976776,35,34,0,0,1,0,1,1,2.2286079999999999
971,10.313206313,PLUS_10_RETURN,J2A,0,1,7.8516061789876543,-2.4936407469135804,7.9802938526954197,-0.24471931470002431,-3.4543212016922364,-2.8678710786074859,4.3172073364257812,2.5698072910308838,0.26998123526573181,-0.073631249368190765,0.01171875,0,-0.074179686605930328,35,34,0,0,1,0,1,1,2.2133370000000001
972,10.323105344,PLUS_10_RETURN,J2A,0,1,7.8266091360007719,-2.5057520374228393,7.9594687890982518,-0.24471931470002431,-2.9816204725179225,-2.7914587397232999,4.3195080757141113,2.5698072910308838,0.024543749168515205,-0.24543750286102295,0.01953125,0,-0.12363281100988388,35,34,0,0,1,0,1,1,2.1738170000000001
973,10.333102188,PLUS_10_RETURN,J2A,0,1,7.801491455999999,-2.5177680000000002,7.9403744717192115,-0.24471931470002431,-2.606565397818895,-2.7033163202316115,4.321617603302002,2.5698072910308838,0,-0.4908750057220459,0.02734375,0,-0.17308593541383743,35,34,0,0,1,0,1,1,2.113013
974,10.343257822,PLUS_10_RETURN,J2A,0,1,7.7762540967399687,-2.5296877411265428,7.9212844704155279,-0.2412470320753774,-2.3521782265432831,-2.6209591790544509,4.3237266540527344,2.5701909065246582,0.12271875143051147,0.12271875143051147,0.0234375,0,-0.14835937321186066,35,34,0,0,1,0,1,1,2.276189
975,10.353244455,PLUS_10_RETURN,J2A,0,1,7.7508980248641981,-2.5415103765432105,7.8987200284495183,-0.24298425240654006,-2.3197283951962686,-2.5848097034184727,4.3262195587158203,2.5699989795684814,0.14726249873638153,-0.24543750286102295,0.0234375,0,-0.14835937321186066,35,34,0,0,1,0,1,1,2.241425
976,10.363249756,PLUS_10_RETURN,J2A,0,1,7.7254242158125006,-2.5532350312500003,7.870950399603057,-0.2412470320753774,-2.4792455156703888,-2.603877892731715,4.3292875289916992,2.5701909065246582,0.29452499747276306,-0.39269998669624329,0.01171875,0,-0.074179686605930328,35,34,0,0,1,0,1,1,2.2411409999999998
977,10.373244853999999,PLUS_10_RETURN,J2A,0,1,7.6998336537283949,-2.5648608395061734,7.8414457084631106,-0.23604184519492463,-2.6446802353366614,-2.6386817177873745,4.3325471878051758,2.5707659721374512,-0.14726249873638153,-0.36815625429153442,0.01171875,0,-0.074179686605930328,35,34,0,0,1,0,1,1,2.2644600000000001
978,10.383228501,PLUS_10_RETURN,J2A,0,1,7.6741273313665124,-2.5763869448302468,7.810205955029681,-0.23604184519492463,-2.8142244747897069,-2.6877227808146018,4.33599853515625,2.5707659721374512,0.24543750286102295,-0.4908750057220459,0.01171875,0,-0.074179686605930328,35,34,0,0,1,0,1,1,2.25007
979,10.393171144,PLUS_10_RETURN,J2A,0,1,7.648306250000001,-2.5878124999999996,7.7841713884767039,-0.23604184519492463,-2.7457123143307376,-2.6807980472238353,4.3388748168945312,2.5707659721374512,0.56450623273849487,-0.19634999334812164,0.0234375,0,-0.14835937321186066,35,34,0,0,1,0,1,1,2.1732119999999999
980,10.40319478,PLUS_10_RETURN,J2A,0,1,7.6223714193279317,-2.5991366670524703,7.7650813871730211,-0.23604184519492463,-2.4512875343846257,-2.6031681082356366,4.3409838676452637,2.5707659721374512,0.12271875143051147,-0.36815625429153442,0.02734375,0,-0.17308593541383743,35,34,0,0,1,0,1,1,2.1771889999999998
981,10.413274633,PLUS_10_RETURN,J2A,0,1,7.5963238573827159,-2.6103586172839499,7.7494615104563032,-0.23430462486376194,-2.1357016372773612,-2.4978126516770316,4.3427095413208008,2.5709578990936279,-0.14726249873638153,0,0.03515625,0,-0.22253905981779099,35,34,0,0,1,0,1,1,2.2828439999999999
982,10.4232213,PLUS_10_RETURN,J2A,0,1,7.5701645904374999,-2.62147753125,7.7338373176642321,-0.23430462486376194,-1.9379849476718602,-2.4051110674926361,4.3444356918334961,2.5709578990936279,0.12271875143051147,-0.22089375555515289,0.04296875,0,-0.27199218422174454,35,34,0,0,1,0,1,1,2.231144
983,10.433150446999999,PLUS_10_RETURN,J2A,0,1,7.54389465291358,-2.6324925987654324,7.7182174409475177,-0.23430462486376194,-1.810287044782817,-2.3219133403994037,4.3461613655090332,2.5709578990936279,0.098174996674060822,-0.24543750286102295,0.0390625,0,-0.24726562201976776,35,34,0,0,1,0,1,1,2.160183
984,10.443214823,PLUS_10_RETURN,J2A,0,1,7.5175150872878085,-2.6434030189043205,7.7060676888177708,-0.23430462486376194,-1.5992078805199756,-2.2104423781912188,4.347503662109375,2.5709578990936279,-0.4908750057220459,-0.41724374890327454,0.03515625,0,-0.22253905981779099,35,34,0,0,1,0,1,1,2.2234799999999999
985,10.453214281999999,PLUS_10_RETURN,J2A,0,1,7.4910269439999997,-2.6542080000000001,7.685242625220603,-0.23083450027679345,-1.7684017826302219,-2.1976600433127365,4.3498044013977051,2.5713412761688232,0.049087498337030411,0.17180624604225159,0.0390625,0,-0.24726562201976776,35,34,0,0,1,0,1,1,2.202194
986,10.463211461,PLUS_10_RETURN,J2A,0,1,7.4644312813603388,-2.6649067596450622,7.6574729963741417,-0.23083450027679345,-2.121672429135093,-2.2556686876744481,4.352872371673584,2.5713412761688232,0.51541876792907715,-0.073631249368190765,0.0234375,0,-0.14835937321186066,35,34,0,0,1,0,1,1,2.2171210000000001
987,10.473211761,PLUS_10_RETURN,J2A,0,1,7.4377291654567905,-2.6754985246913576,7.6192886776914177,-0.22736221765214654,-2.7154981405013379,-2.4119335507822965,4.357090950012207,2.5717248916625977,0.56450623273849487,0.19634999334812164,0.0078125,0,-0.049453124403953552,35,34,0,0,1,0,1,1,2.2214079999999998
988,10.483205783000001,PLUS_10_RETURN,J2A,0,1,7.4109216700624998,-2.6859825312499996,7.5758991721282403,-0.2290994379833092,-3.2846148676924152,-2.6048947889516514,4.361884593963623,2.5715329647064209,0.14726249873638153,-0.58904999494552612,0.00390625,0,-0.024726562201976776,35,34,0,0,1,0,1,1,2.2081240000000002
989,10.493151479,PLUS_10_RETURN,J2A,0,1,7.3840098765432103,-2.696358024691357,7.5342447288585488,-0.22562715535866229,-3.6008654158180819,-2.7632240962902039,4.3664865493774414,2.5719165802001953,0.31906875967979431,-0.26998123526573181,0.0078125,0,-0.049453124403953552,35,34,0,0,1,0,1,1,2.2741989999999999
990,10.503210413,PLUS_10_RETURN,J2A,0,1,7.3569948737646591,-2.7066242596450625,7.5047400377186015,-0.22389209306517804,-3.3671764635665618,-2.7802199561711287,4.369746208190918,2.572108268737793,0.12271875143051147,-0.24543750286102295,0.0234375,0,-0.14835937321186066,35,34,0,0,1,0,1,1,2.2153930000000002
991,10.513154267999999,PLUS_10_RETURN,J2A,0,1,7.3298777580000003,-2.7167805,7.483910658046077,-0.22041981044053108,-2.9218092298118874,-2.7116678258379081,4.3720474243164062,2.5724918842315674,0.19634999334812164,0.22089375555515289,0.0234375,0,-0.14835937321186066,35,34,0,0,1,0,1,1,2.1499950000000001
992,10.52321345,PLUS_10_RETURN,J2A,0,1,7.3026596328371927,-2.7268260189043203,7.461350532155425,-0.22215703077169377,-2.6841348620096501,-2.6647750040060956,4.374539852142334,2.5722999572753906,0.31906875967979431,-0.24543750286102295,0.03515625,0,-0.22253905981779099,35,34,0,0,1,0,1,1,2.2217449999999999
993,10.533181261999999,PLUS_10_RETURN,J2A,0,1,7.2753416090864196,-2.7367600987654321,7.435315965602447,-0.22041981044053108,-2.6588399630927753,-2.6594838758302011,4.3774161338806152,2.5724918842315674,0.46633124351501465,-0.46633124351501465,0.02734375,0,-0.17308593541383743,35,34,0,0,1,0,1,1,2.1874189999999998
994,10.543279713,PLUS_10_RETURN,J2A,0,1,7.2479248046875,-2.74658203125,7.4110164613429541,-0.21868474814704686,-2.5704371685824734,-2.6341615432678007,4.3801007270812988,2.572683572769165,0.34361249208450317,0,0.02734375,0,-0.17308593541383743,35,34,0,0,1,0,1,1,2.2967629999999999
995,10.553333266999999,PLUS_10_RETURN,J2A,0,1,7.2204103446172851,-2.7562911172839506,7.3815117702030095,-0.21868474814704686,-2.6979474790357649,-2.6642206230716368,4.3833603858947754,2.572683572769165,0.39269998669624329,-0.31906875967979431,0.01953125,0,-0.12363281100988388,35,34,0,0,1,0,1,1,2.344287
996,10.563225728000001,PLUS_10_RETURN,J2A,0,1,7.1927993607970677,-2.7658866670524689,7.3450625138137688,-0.21694968585356258,-3.0432579796775077,-2.7662534517085473,4.3873872756958008,2.5728752613067627,0.41724374890327454,0.073631249368190765,0.01953125,0,-0.12363281100988388,35,34,0,0,1,0,1,1,2.2325050000000002
997,10.573182041000001,PLUS_10_RETURN,J2A,0,1,7.1650929919999999,-2.7753679999999998,7.3155578226738234,-0.21347740322891565,-3.0153130721685741,-2.7859696452171767,4.3906469345092773,2.5732588768005371,0.24543750286102295,0.12271875143051147,0.01953125,0,-0.12363281100988388,35,34,0,0,1,0,1,1,2.201552
998,10.583167923,PLUS_10_RETURN,J2A,0,1,7.1372923837584885,-2.7847344448302458,7.2947327590766546,-0.21521462356007834,-2.6898612065149932,-2.715917740582722,4.3929476737976074,2.5730669498443604,-0.049087498337030411,-0.36815625429153442,0.01953125,0,-0.12363281100988388,35,34,0,0,1,0,1,1,2.1577959999999998
999,10.593188753,PLUS_10_RETURN,J2A,0,1,7.1093986882716047,-2.7939853395061731,7.2739033794041301,-0.21347740322891565,-2.4759226634456928,-2.6521867891561488,4.3952488899230957,2.5732588768005371,-0.14726249873638153,-0.14726249873638153,0.0390625,0,-0.24726562201976776,35,34,0,0,1,0,1,1,2.2701980000000002
1000,10.603166641,PLUS_10_RETURN,J2A,0,1,7.0814130643124997,-2.8031200312499998,7.2582835026874148,-0.2117423409354314,-2.1572569487641315,-2.5435130295332287,4.3969745635986328,2.5734505653381348,-0.049087498337030411,-0.049087498337030411,0.0390625,0,-0.24726562201976776,35,34,0,0,1,0,1,1,2.1844920000000001
1001,10.613137642,PLUS_10_RETURN,J2A,0,1,7.0533366771358033,-2.8121378765432103,7.2443986882641846,-0.2117423409354314,-1.8895988801756325,-2.4284136875738911,4.3985085487365723,2.5734505653381348,-0.31906875967979431,-0.098174996674060822,0.0390625,0,-0.24726562201976776,35,34,0,0,1,0,1,1,2.1602250000000001
1002,10.623132073000001,PLUS_10_RETURN,J2A,0,1,7.0251706983850317,-2.8210382411265433,7.2253086869605001,-0.21347740322891565,-1.8967616178373961,-2.376578703308855,4.4006175994873047,2.5732588768005371,0.17180624604225159,-0.6626812219619751,0.0390625,0,-0.24726562201976776,35,34,0,0,1,0,1,1,2.2121469999999999
1003,10.633141202999999,PLUS_10_RETURN,J2A,0,1,6.996916306000001,-2.8298205000000003,7.2079537479503015,-0.21000727864194715,-1.8397638457422931,-2.3123119170202511,4.4025349617004395,2.5736422538757324,0,-0.17180624604225159,0.04296875,0,-0.27199218422174454,35,34,0,0,1,0,1,1,2.1812209999999999
1004,10.643139658000001,PLUS_10_RETURN,J2A,0,1,6.9685746841242278,-2.8384840374228388,7.1801841191038402,-0.21000727864194715,-2.1679336968304286,-2.3588199244890653,4.4056029319763184,2.5736422538757324,0.22089375555515289,-0.39269998669624329,0.0234375,0,-0.14835937321186066,35,34,0,0,1,0,1,1,2.179433
1005,10.653162843,PLUS_10_RETURN,J2A,0,1,6.9401470230123463,-2.8470282469135801,7.1472049873015679,-0.20827221634846294,-2.560756532278726,-2.4519663975655721,4.4092464447021484,2.5738339424133301,0.14726249873638153,-0.36815625429153442,0.01953125,0,-0.12363281100988388,35,34,0,0,1,0,1,1,2.2478310000000001
1006,10.663135404,PLUS_10_RETURN,J2A,0,1,6.9116345189374995,-2.8554525312500001,7.1072856063253598,-0.204799933723816,-3.0655143460608643,-2.6070619292603556,4.4136567115783691,2.5742175579071045,0.049087498337030411,0,0.01171875,0,-0.074179686605930328,35,34,0,0,1,0,1,1,2.163834
1007,10.673148268,PLUS_10_RETURN,J2A,0,1,6.8830383740987644,-2.8637563024691359,7.0673662253491516,-0.204799933723816,-3.3879676380128938,-2.7450366829267008,4.4180669784545898,2.5742175579071045,0.26998123526573181,-0.24543750286102295,0.0078125,0,-0.049453124403953552,35,34,0,0,1,0,1,1,2.2270439999999998
1008,10.683130371000001,PLUS_10_RETURN,J2A,0,1,6.8543597965285494,-2.8719389818672831,7.0378615342092061,-0.20306487143033175,-3.2366946272877426,-2.7661089182281344,4.4213266372680664,2.5744092464447021,-0.19634999334812164,-0.17180624604225159,0.0234375,0,-0.14835937321186066,35,34,0,0,1,0,1,1,2.1758790000000001
1009,10.693166224,PLUS_10_RETURN,J2A,0,1,6.8255999999999997,-2.8800000000000003,7.0100919053627431,-0.20132980913684748,-3.0723162806130704,-2.7662022472270462,4.4243946075439453,2.5746009349822998,0.34361249208450317,-0.073631249368190765,0.02734375,0,-0.17308593541383743,35,34,0,0,1,0,1,1,2.148441
1010,10.703175736,PLUS_10_RETURN,J2A,0,1,6.7967602039344124,-2.8879387966820991,6.9823222765162818,-0.20132980913684748,-2.9680189640959806,-2.7670144172750515,4.4274625778198242,2.5746009349822998,0.22089375555515289,-0.24543750286102295,0.0234375,0,-0.14835937321186066,35,34,0,0,1,0,1,1,2.1641699999999999
1011,10.713125773,PLUS_10_RETURN,J2A,0,1,6.7678416333086417,-2.8957548209876545,6.9528175853763354,-0.19959258880568478,-2.9670619245062788,-2.7868414320743726,4.4307222366333008,2.5747928619384766,0.34361249208450317,-0.24543750286102295,0.01953125,0,-0.12363281100988388,35,34,0,0,1,0,1,1,2.1317840000000001
1012,10.723143028000001,PLUS_10_RETURN,J2A,0,1,6.7388455185624991,-2.9034475312500003,6.9128982044001281,-0.19785752651220054,-3.3233619066043212,-2.9066634762027181,4.4351325035095215,2.5749845504760742,0.61359375715255737,-0.14726249873638153,0.00390625,0,-0.024726562201976776,35,34,0,0,1,0,1,1,2.166118
1013,10.733144472999999,PLUS_10_RETURN,J2A,0,1,6.7097730955061721,-2.9110163950617292,6.8695086988369516,-0.19612246421871629,-3.6785985232846707,-3.0498294954372644,4.4399261474609375,2.5751762390136719,0.26998123526573181,-0.098174996674060822,0.0078125,0,-0.049453124403953552,35,34,0,0,1,0,1,1,2.178569
1014,10.743191219,PLUS_10_RETURN,J2A,0,1,6.6806256052276236,-2.9184608892746917,6.8295893178607425,-0.19265018159406935,-3.781766513385834,-3.1421829668223378,4.4443364143371582,2.5755598545074463,0.22089375555515289,0.12271875143051147,0.0234375,0,-0.14835937321186066,35,34,0,0,1,0,1,1,2.2015560000000001
1015,10.753174451,PLUS_10_RETURN,J2A,0,1,6.6514042940000007,-2.9257805000000001,6.8035590673831221,-0.19265018159406935,-3.3707372296459321,-3.0887043832672867,4.4472122192382812,2.5755598545074463,0.024543749168515205,-0.19634999334812164,0.0234375,0,-0.14835937321186066,35,34,0,0,1,0,1,1,2.1447080000000001
1016,10.763158843999999,PLUS_10_RETURN,J2A,0,1,6.6221104131890431,-2.9329747226080256,6.7757894385366608,-0.19438740192523207,-3.1644354821166525,-3.0579643114682145,4.4502801895141602,2.5753679275512695,0.024543749168515205,-0.7117687463760376,0.0234375,0,-0.14835937321186066,35,34,0,0,1,0,1,1,2.2138140000000002
1017,10.773221327,PLUS_10_RETURN,J2A,0,1,6.5927452191604949,-2.9400430617283946,6.751489934277167,-0.19091511930058508,-2.9020846394502824,-2.9936540449140954,4.4529647827148438,2.5757515430450439,0.049087498337030411,-0.29452499747276306,0.0234375,0,-0.14835937321186066,35,34,0,0,1,0,1,1,2.2509389999999998
1018,10.783170310999999,PLUS_10_RETURN,J2A,0,1,6.5633099731874998,-2.9469850312500001,6.7237203054307049,-0.18918005700710086,-2.86327588477489,-2.9734088887461732,4.4560327529907227,2.5759432315826416,0.39269998669624329,-0.049087498337030411,0.02734375,0,-0.17308593541383743,35,34,0,0,1,0,1,1,2.1963590000000002
1019,10.793175076000001,PLUS_10_RETURN,J2A,0,1,6.5338059413580245,-2.9538001543209873,6.6907411736284343,-0.18744499471361661,-3.0148491906670367,-3.0057022471753725,4.4596762657165527,2.5761349201202393,0.41724374890327454,-0.049087498337030411,0.01953125,0,-0.12363281100988388,35,34,0,0,1,0,1,1,2.182509
1020,10.80311803,PLUS_10_RETURN,J2A,0,1,6.5042343944822534,-2.9604879633487653,6.6421464811848043,-0.18744499471361661,-3.6702243405834909,-3.193866984357812,4.4650449752807617,2.5761349201202393,0.29452499747276306,-0.36815625429153442,-0.00390625,0,0.024726562201976776,35,34,0,0,1,0,1,1,2.1220889999999999
1021,10.813155589000001,PLUS_10_RETURN,J2A,0,1,6.4745966080000006,-2.9670479999999988,6.5883422857853651,-0.18397271208896968,-4.2617462148915406,-3.41050896978268,4.4709892272949219,2.5765185356140137,0.44178751111030579,0.049087498337030411,-0.00390625,0,0.024726562201976776,35,34,0,0,1,0,1,1,2.2330420000000002
1022,10.823137046999999,PLUS_10_RETURN,J2A,0,1,6.4448938618881169,-2.9734798152006165,6.5414826556352201,-0.18223764979548543,-4.4132687935412127,-3.5389248596220444,4.4761662483215332,2.5767102241516113,0.44178751111030579,-0.024543749168515205,0.0078125,0,-0.049453124403953552,35,34,0,0,1,0,1,1,2.188466
1023,10.833155825,PLUS_10_RETURN,J2A,0,1,6.4151274405679004,-2.979782969135802,6.4963537717032018,-0.18050258750200121,-4.4451752069100765,-3.6354753711193508,4.4811520576477051,2.576901912689209,0.22089375555515289,-0.22089375555515289,-0.00390625,0,0.024726562201976776,35,34,0,0,1,0,1,1,2.1827610000000002
1024,10.843113426,PLUS_10_RETURN,J2A,0,1,6.3852986328124999,-2.9859570312499994,6.4321392025428583,-0.18050258750200121,-5.1464435973782443,-3.9168077519750431,4.4882464408874512,2.576901912689209,0.78539997339248657,-0.63813751935958862,-0.0234375,0,0.14835937321186066,35,34,0,0,1,0,1,1,2.1469
1025,10.853114914000001,PLUS_10_RETURN,J2A,0,1,6.35540873165432,-2.9920015802469129,6.3627151304267029,-0.17529524258387003,-5.7746693555858437,-4.2192644102889627,4.4959163665771484,2.5774772167205811,0.68722498416900635,-0.29452499747276306,-0.0234375,0,0.14835937321186066,35,34,0,0,1,0,1,1,2.1571099999999999
1026,10.863115573,PLUS_10_RETURN,J2A,0,1,6.3254590342924377,-2.9979162040895058,6.3158511842012013,-0.17356018029038575,-5.393665114454282,-4.2659465502096339,4.501093864440918,2.5776689052581787,0.6626812219619751,-0.24543750286102295,-0.0078125,0,0.049453124403953552,35,34,0,0,1,0,1,1,2.1961409999999999
1027,10.873187428,PLUS_10_RETURN,J2A,0,1,6.2954508420000002,-3.0037004999999999,6.2846114307677707,-0.17182295995922306,-4.5914731814619403,-4.1495207114934294,4.5045452117919922,2.5778608322143555,0.19634999334812164,-0.24543750286102295,0,0,-0,35,34,0,0,1,0,1,1,2.1622119999999998
1028,10.883259053,PLUS_10_RETURN,J2A,0,1,6.2653854600316361,-3.0093540744598761,6.2551067396278253,-0.17008789766573881,-4.009777900963134,-4.0275173069191927,4.5078048706054688,2.5780525207519531,0.44178751111030579,-0.24543750286102295,0,0,-0,35,34,0,0,1,0,1,1,2.229228
1029,10.893157102,PLUS_10_RETURN,J2A,0,1,6.2352641975308654,-3.0148765432098763,6.2256020484878789,-0.16835283537225457,-3.6496563809528157,-3.9228515034634959,4.5110645294189453,2.5782442092895508,0,-0.049087498337030411,0.0078125,0,-0.049453124403953552,35,34,0,0,1,0,1,1,2.234632
1030,10.9031577,PLUS_10_RETURN,J2A,0,1,6.205088367437499,-3.0202675312499991,6.1908878543921233,-0.16835283537225457,-3.587200788507209,-3.877687536227969,4.514899730682373,2.5782442092895508,0.14726249873638153,-0.24543750286102295,0,0,-0,35,34,0,0,1,0,1,1,2.242947
1031,10.91314034,PLUS_10_RETURN,J2A,0,1,6.174859286395062,-3.0255266728395065,6.1579130386652086,-0.16488055274760763,-3.4878060969862617,-3.8202403781641938,4.5185427665710449,2.5786278247833252,0.14726249873638153,-0.51541876792907715,0,0,-0,35,34,0,0,1,0,1,1,2.2615859999999999
1032,10.923138356999999,PLUS_10_RETURN,J2A,0,1,6.1445782746581799,-3.0306536114969136,6.1284083475252622,-0.16661777307877035,-3.2999429708635333,-3.7333217711541926,4.5218024253845215,2.5784358978271484,0.46633124351501465,-0.36815625429153442,0.01171875,0,-0.074179686605930328,35,34,0,0,1,0,1,1,2.2230910000000002
1033,10.933141159,PLUS_10_RETURN,J2A,0,1,6.1142466560000006,-3.0356479999999997,6.1127884708085478,-0.16488055274760763,-2.6915054749254712,-3.5161446065713946,4.5235280990600586,2.5786278247833252,0.12271875143051147,0.073631249368190765,0.0234375,0,-0.14835937321186066,35,34,0,0,1,0,1,1,2.260983
1034,10.943142327,PLUS_10_RETURN,J2A,0,1,6.0838657576195985,-3.0405095003858031,6.1006387186788009,-0.16141042816063914,-2.1746702208565365,-3.2860134779585355,4.5248703956604004,2.5790112018585205,-0.14726249873638153,0.24543750286102295,0.0234375,0,-0.14835937321186066,35,34,0,0,1,0,1,1,2.185044
1035,10.953141183,PLUS_10_RETURN,J2A,0,1,6.053436910049383,-3.0452377839506179,6.0832837796686015,-0.16314549045412335,-2.0210280060400421,-3.13098137658648,4.5267877578735352,2.5788195133209229,0.17180624604225159,-0.24543750286102295,0.01953125,0,-0.12363281100988388,35,34,0,0,1,0,1,1,2.1427939999999999
1036,10.963151005,PLUS_10_RETURN,J2A,0,1,6.0229614470625004,-3.0498325312500003,6.076339214419308,-0.16141042816063914,-1.556489488585489,-2.8872607488305353,4.527554988861084,2.5790112018585205,-0.17180624604225159,0.19634999334812164,0.03515625,0,-0.22253905981779099,35,34,0,0,1,0,1,1,2.176037
1037,10.973211176,PLUS_10_RETURN,J2A,0,1,5.9924407055802478,-3.054293432098766,6.0659245245830453,-0.16141042816063914,-1.3740521122711922,-2.7020586581448032,4.5287055969238281,2.5790112018585205,-0.24543750286102295,0.024543749168515205,0.0234375,0,-0.14835937321186066,35,34,0,0,1,0,1,1,2.219077
1038,10.983111504,PLUS_10_RETURN,J2A,0,1,5.9618760255794765,-3.0586201855709878,6.0555141508221393,-0.16141042816063914,-1.2611651964149451,-2.5370045990270857,4.5298557281494141,2.5790112018585205,0,-0.049087498337030411,0.04296875,0,-0.27199218422174454,35,34,0,0,1,0,1,1,2.1222819999999998
1039,10.993150456,PLUS_10_RETURN,J2A,0,1,5.9312687499999992,-3.0628124999999988,6.0450994609858766,-0.16314549045412335,-1.1828571756059738,-2.3870469385347368,4.5310063362121582,2.5788195133209229,0,-0.41724374890327454,0.0390625,0,-0.24726562201976776,35,34,0,0,1,0,1,1,2.2326510000000002
1040,11.003111577,PLUS_10_RETURN,J2A,0,1,5.9006202246520072,-3.0668700929783954,6.0346847711496157,-0.15967536586715492,-1.1347940343707741,-2.2528956361746606,4.5321569442749023,2.5792028903961182,-0.34361249208450317,0.14726249873638153,0.04296875,0,-0.27199218422174454,35,34,0,0,1,0,1,1,2.154963
1041,11.013117571,PLUS_10_RETURN,J2A,0,1,5.8699317981234573,-3.0707926913580246,6.0207999567263837,-0.16141042816063914,-1.2232935121266784,-2.1663710410673875,4.5336909294128418,2.5790112018585205,-0.26998123526573181,-0.31906875967979431,0.04296875,0,-0.27199218422174454,35,34,0,0,1,0,1,1,2.111901
1042,11.023129228,PLUS_10_RETURN,J2A,0,1,5.8392048216874999,-3.0745800312500009,5.9930303278799224,-0.15967536586715492,-1.76594612472153,-2.2271068917718457,4.5367588996887207,2.5792028903961182,0.58904999494552612,0.073631249368190765,0.01953125,0,-0.12363281100988388,35,34,0,0,1,0,1,1,2.1303559999999999
1043,11.033139074999999,PLUS_10_RETURN,J2A,0,1,5.808440649209877,-3.078231858024691,5.9635256367399769,-0.1579381455359922,-2.1795133068607631,-2.2991528671065953,4.5400185585021973,2.5793948173522949,0.24543750286102295,0,0.01171875,0,-0.074179686605930328,35,34,0,0,1,0,1,1,2.1389070000000001
1044,11.043140202,PLUS_10_RETURN,J2A,0,1,5.7776406370563276,-3.0817479263117278,5.9253413180572529,-0.1579381455359922,-2.7529842022824438,-2.4510377383453497,4.5442371368408203,2.5793948173522949,0.22089375555515289,-0.31906875967979431,0.0078125,0,-0.049453124403953552,35,34,0,0,1,0,1,1,2.0671379999999999
1045,11.053117736000001,PLUS_10_RETURN,J2A,0,1,5.7468061440000007,-3.0851280000000014,5.8906314400368531,-0.15620308324250798,-3.0070208800057561,-2.5538142926600056,4.5480718612670898,2.5795865058898926,0.36815625429153442,-0.24543750286102295,0.01171875,0,-0.074179686605930328,35,34,0,0,1,0,1,1,2.0520719999999999
1046,11.063119283000001,PLUS_10_RETURN,J2A,0,1,5.7159385311288569,-3.0883718522376542,5.864596873483876,-0.1544680209490237,-2.8656324590011315,-2.5587382596789738,4.5509481430053711,2.5797781944274902,0.29452499747276306,0.12271875143051147,0.03515625,0,-0.22253905981779099,35,34,0,0,1,0,1,1,2.1059320000000001
1047,11.073182108999999,PLUS_10_RETURN,J2A,0,1,5.6850391617530862,-3.0914792654320995,5.8402973692243831,-0.15273295865553949,-2.707833865009293,-2.544342367042093,4.5536327362060547,2.5799698829650879,0.34361249208450317,0.24543750286102295,0.0234375,0,-0.14835937321186066,35,34,0,0,1,0,1,1,2.2609279999999998
1048,11.083180448,PLUS_10_RETURN,J2A,0,1,5.6541094013124997,-3.0944500312499996,5.8264125548011521,-0.1544680209490237,-2.2461412498474482,-2.4287793410782856,4.5551667213439941,2.5797781944274902,0,-0.36815625429153442,0.04296875,0,-0.27199218422174454,35,34,0,0,1,0,1,1,2.172946
1049,11.093164187999999,PLUS_10_RETURN,J2A,0,1,5.6231506172839492,-3.0972839506172849,5.8090576157909526,-0.15273295865553949,-2.0684039559032104,-2.3597334479711343,4.5570840835571289,2.5799698829650879,0,-0.12271875143051147,0.03515625,0,-0.22253905981779099,35,34,0,0,1,0,1,1,2.1675209999999998
1050,11.103136305,PLUS_10_RETURN,J2A,0,1,5.5921641790887353,-3.099980833719135,5.7917026767807531,-0.15273295865553949,-1.9535838495541069,-2.2977947540931694,4.5590014457702637,2.5799698829650879,0.12271875143051147,-0.31906875967979431,0.05078125,0,-0.32144530862569809,35,34,0,0,1,0,1,1,2.139418
1051,11.113124481,PLUS_10_RETURN,J2A,0,1,5.5611514580000012,-3.1025405000000008,5.7708732971082286,-0.15099573832437677,-1.9997208142358494,-2.2765556535483324,4.561302661895752,2.5801618099212646,0.098174996674060822,-0.098174996674060822,0.03515625,0,-0.22253905981779099,35,34,0,0,1,0,1,1,2.1241050000000001
1052,11.123119261999999,PLUS_10_RETURN,J2A,0,1,5.5301138270501538,-3.1049627781635798,5.7465781089240924,-0.15099573832437677,-2.1505941354869957,-2.2919788328316977,4.5639867782592773,2.5801618099212646,0.024543749168515205,-0.24543750286102295,0.0234375,0,-0.14835937321186066,35,34,0,0,1,0,1,1,2.1277400000000002
1053,11.133121467,PLUS_10_RETURN,J2A,0,1,5.4990526609382693,-3.1072475061728393,5.7170691017087893,-0.14926067603089255,-2.4304737550435274,-2.3578059686848079,4.5672469139099121,2.5803534984588623,-0.024543749168515205,-0.098174996674060822,0.02734375,0,-0.17308593541383743,35,34,0,0,1,0,1,1,2.2036199999999999
1054,11.143056788000001,PLUS_10_RETURN,J2A,0,1,5.4679693359375019,-3.1093945312500004,5.6875644105688439,-0.1475256137374083,-2.6191947808190439,-2.4189930403993989,4.5705065727233887,2.58054518699646,0.024543749168515205,0.073631249368190765,0.03515625,0,-0.22253905981779099,35,34,0,0,1,0,1,1,2.1768100000000001
1055,11.153056015000001,PLUS_10_RETURN,J2A,0,1,5.4368652298024696,-3.1114037098765439,5.6615298440158668,-0.14579055144392405,-2.6137568788515697,-2.437459528164942,4.5733828544616699,2.5807368755340576,0.4908750057220459,0.31906875967979431,0.0390625,0,-0.24726562201976776,35,34,0,0,1,0,1,1,2.1732450000000001
1056,11.163054232,PLUS_10_RETURN,J2A,0,1,5.4057417216766988,-3.1132749077932105,5.6441749050056655,-0.1475256137374083,-2.3064731594214325,-2.3672939148249941,4.5753002166748047,2.58054518699646,0.024543749168515205,-0.26998123526573181,0.04296875,0,-0.27199218422174454,35,34,0,0,1,0,1,1,2.1787939999999999
1057,11.173085054,PLUS_10_RETURN,J2A,0,1,5.3746001919999991,-3.1150080000000004,5.628555028288952,-0.14579055144392405,-2.0442233908953114,-2.2862833339914608,4.5770258903503418,2.5807368755340576,0.22089375555515289,0.12271875143051147,0.05078125,0,-0.32144530862569809,35,34,0,0,1,0,1,1,2.117998
1058,11.183114693,PLUS_10_RETURN,J2A,0,1,5.3434420224158927,-3.1166028707561733,5.6181403384526885,-0.14579055144392405,-1.6921821575647231,-2.1614941301588204,4.5781764984130859,2.5807368755340576,-0.14726249873638153,0,0.05859375,0,-0.37089843302965164,35,34,0,0,1,0,1,1,2.1731820000000002
1059,11.193104486999999,PLUS_10_RETURN,J2A,0,1,5.3122685956790132,-3.1180594135802471,5.6077299646917842,-0.14579055144392405,-1.4646537329270699,-2.0495548115743669,4.5793266296386719,2.5807368755340576,-0.26998123526573181,-0.14726249873638153,0.06640625,0,-0.42035155743360519,35,34,0,0,1,0,1,1,2.2225079999999999
1060,11.203087062,PLUS_10_RETURN,J2A,0,1,5.2810812955624993,-3.1193775312500005,5.5973152748555215,-0.14579055144392405,-1.3171753452766621,-1.9489280215238065,4.580477237701416,2.5807368755340576,0.36815625429153442,-0.17180624604225159,0.05859375,0,-0.37089843302965164,35,34,0,0,1,0,1,1,2.0658340000000002
1061,11.213183524,PLUS_10_RETURN,J2A,0,1,5.2498815067654316,-3.1205571358024691,5.5903707096062272,-0.14405333111276133,-1.0969015553025194,-1.8228173853350513,4.5812444686889648,2.5809288024902344,-0.024543749168515205,0.049087498337030411,0.0703125,0,-0.44507811963558197,35,34,0,0,1,0,1,1,2.213765
1062,11.223143927000001,PLUS_10_RETURN,J2A,0,1,5.2186706148202155,-3.1215981485339501,5.5834304604322913,-0.14231826881927709,-0.95686040145848117,-1.7102140440906444,4.5820112228393555,2.581120491027832,-0.22089375555515289,0.34361249208450317,0.07421875,0,-0.46980468183755875,35,34,0,0,1,0,1,1,2.1148829999999998
1063,11.233206319000001,PLUS_10_RETURN,J2A,0,1,5.1874500060000015,-3.1225004999999988,5.5730157705960277,-0.14405333111276133,-0.98421323025195617,-1.6426937737684211,4.5831618309020996,2.5809288024902344,-0.36815625429153442,-0.17180624604225159,0.08203125,0,-0.5192578062415123,35,34,0,0,1,0,1,1,2.288977
1064,11.243139314,PLUS_10_RETURN,J2A,0,1,5.1562210672260802,-3.1232641300154311,5.5608660184662817,-0.14231826881927709,-1.0678484744207002,-1.6007415034649872,4.5845041275024414,2.581120491027832,0.098174996674060822,0.073631249368190765,0.06640625,0,-0.42035155743360519,35,34,0,0,1,0,1,1,2.135885
1065,11.253117495,PLUS_10_RETURN,J2A,0,1,5.1249851859753068,-3.1238889876543201,5.550451328630019,-0.14579055144392405,-1.0594127251866419,-1.5450419864936848,4.5856547355651855,2.5807368755340576,-0.19634999334812164,-0.61359375715255737,0.0859375,0,-0.54398436844348907,35,34,0,0,1,0,1,1,2.1287410000000002
1066,11.263160852,PLUS_10_RETURN,J2A,0,1,5.0937437501874996,-3.1243750312500014,5.5330963896198195,-0.14231826881927709,-1.2934189026313025,-1.563337968204312,4.5875720977783203,2.581120491027832,-0.098174996674060822,-0.17180624604225159,0.0703125,0,-0.44507811963558197,35,34,0,0,1,0,1,1,2.2386940000000002
1067,11.273210188,PLUS_10_RETURN,J2A,0,1,5.0624981481728408,-3.1247222283950609,5.5087968853603257,-0.14231826881927709,-1.6870295940611006,-1.6488062591983819,4.5902566909790039,2.581120491027832,0,-0.26998123526573181,0.06640625,0,-0.42035155743360519,35,34,0,0,1,0,1,1,2.2678310000000002
1068,11.283190537999999,PLUS_10_RETURN,J2A,0,1,5.0312497685192898,-3.1249305559413583,5.4740870073399286,-0.14058320652579284,-2.3138068387428152,-1.8317078054508582,4.5940914154052734,2.5813121795654297,0,-0.024543749168515205,0.05078125,0,-0.32144530862569809,35,34,0,0,1,0,1,1,2.1658119999999998
1069,11.293128389,PLUS_10_RETURN,J2A,0,1,5,-3.125,5.4306975017767503,-0.1388481442323086,-3.0321043142171158,-2.0851455589155687,4.5988850593566895,2.5815038681030273,0.34361249208450317,-0.39269998669624329,0.0390625,0,-0.24726562201976776,35,34,0,0,1,0,1,1,2.1532140000000002
1070,11.303185317000001,PLUS_10_RETURN,J2A,0,1,4.9687502314807102,-3.1249305559413578,5.3925131830940272,-0.13711092390114593,-3.2997538755097944,-2.2563127376722032,4.6031036376953125,2.5816957950592041,0.24543750286102295,-0.049087498337030411,0.05078125,0,-0.32144530862569809,35,34,0,0,1,0,1,1,2.1790340000000001
1071,11.313207296,PLUS_10_RETURN,J2A,0,1,4.9375018518271592,-3.1247222283950613,5.3612734296605966,-0.13711092390114593,-3.2358334946914633,-2.3423938855078679,4.6065549850463867,2.5816957950592041,0.22089375555515289,-0.22089375555515289,0.04296875,0,-0.27199218422174454,35,34,0,0,1,0,1,1,2.1457480000000002
1072,11.323193214,PLUS_10_RETURN,J2A,0,1,4.9062562498125031,-3.1243750312500018,5.3300336762271661,-0.13537586160766166,-3.1982250267294727,-2.4209925698656587,4.6100063323974609,2.5818874835968018,0.44178751111030579,0,0.0546875,0,-0.34617187082767487,35,34,0,0,1,0,1,1,2.2059489999999999
1073,11.333206150000001,PLUS_10_RETURN,J2A,0,1,4.8750148140246914,-3.1238889876543219,5.2970545444248955,-0.13364079931417741,-3.2316246463425058,-2.5082585640129067,4.613649845123291,2.5820791721343994,0.53996247053146362,0.12271875143051147,0.04296875,0,-0.27199218422174454,35,34,0,0,1,0,1,1,2.2048719999999999
1074,11.343175427,PLUS_10_RETURN,J2A,0,1,4.8437789327739207,-3.1232641300154333,5.2536650388617181,-0.13190573702069319,-3.6238687886526368,-2.6926649271916183,4.618443489074707,2.5822708606719971,0.46633124351501465,-0.024543749168515205,0.0234375,0,-0.14835937321186066,35,34,0,0,1,0,1,1,2.1243989999999999
1075,11.353137073999999,PLUS_10_RETURN,J2A,0,1,4.8125499940000012,-3.122500500000001,5.2015959057557639,-0.1301685166895305,-4.1849508075878035,-2.9460944616049107,4.6241960525512695,2.5824627876281738,0.46633124351501465,0,0.03515625,0,-0.22253905981779099,35,34,0,0,1,0,1,1,2.0853440000000001
1076,11.363215592,PLUS_10_RETURN,J2A,0,1,4.7813293851797827,-3.1215981485339523,5.1616765247795549,-0.12843345439604623,-4.106511460303504,-3.0475688541219714,4.6286063194274902,2.5826544761657715,0.17180624604225159,0,0.0390625,0,-0.24726562201976776,35,34,0,0,1,0,1,1,2.1786650000000001
1077,11.373205989000001,PLUS_10_RETURN,J2A,0,1,4.7501184932345675,-3.1205571358024686,5.1356462743019344,-0.12669839210256198,-3.5811669466117646,-3.0033646822567706,4.6314821243286133,2.5828461647033691,0.26998123526573181,0.12271875143051147,0.05859375,0,-0.37089843302965164,35,34,0,0,1,0,1,1,2.149975
1078,11.383256104999999,PLUS_10_RETURN,J2A,0,1,4.7189187044375016,-3.1193775312500001,5.1148168946294099,-0.12669839210256198,-3.0531514247311886,-2.9102833310121055,4.6337833404541016,2.5828461647033691,0.12271875143051147,-0.14726249873638153,0.0546875,0,-0.34617187082767487,35,34,0,0,1,0,1,1,2.2090860000000001
1079,11.393226572,PLUS_10_RETURN,J2A,0,1,4.6877314043209859,-3.1180594135802475,5.0957268933257271,-0.12496332980907775,-2.6546775640874283,-2.8107204659143683,4.635892391204834,2.5830378532409668,-0.098174996674060822,0.12271875143051147,0.0703125,0,-0.44507811963558197,35,34,0,0,1,0,1,1,2.2052010000000002
1080,11.403234876999999,PLUS_10_RETURN,J2A,0,1,4.6565579775841055,-3.116602870756171,5.0679572644792641,-0.12496332980907775,-2.6966709024146622,-2.8071142723965981,4.6389603614807129,2.5830378532409668,0.26998123526573181,0,0.0546875,0,-0.34617187082767487,35,34,0,0,1,0,1,1,2.1791320000000001
1081,11.413206000000001,PLUS_10_RETURN,J2A,0,1,4.6253998079999983,-3.1150079999999987,5.0280378835030559,-0.12496332980907775,-3.1540607371601208,-2.9267527453256785,4.6433706283569336,2.5830378532409668,0.44178751111030579,-0.26998123526573181,0.03515625,0,-0.22253905981779099,35,34,0,0,1,0,1,1,2.175106
1082,11.423155934,PLUS_10_RETURN,J2A,0,1,4.5942582783233021,-3.1132749077932114,4.963818998267354,-0.11975598489094655,-4.309110225341561,-3.2794976839895345,4.6504654884338379,2.5836131572723389,0.7117687463760376,0.34361249208450317,-0.00390625,0,0.024726562201976776,35,34,0,0,1,0,1,1,2.1470859999999998
1083,11.433161180999999,PLUS_10_RETURN,J2A,0,1,4.5631347701975287,-3.1114037098765435,4.890924801564231,-0.11975598489094655,-5.3508805676357092,-3.680107607351637,4.6585187911987305,2.5836131572723389,0.9817500114440918,-0.26998123526573181,0.00390625,0,-0.024726562201976776,35,34,0,0,1,0,1,1,2.1311849999999999
1084,11.443165597,PLUS_10_RETURN,J2A,0,1,4.5320306640624981,-3.10939453125,4.8232357917415616,-0.11628370226629961,-5.8461419732191615,-3.9886881621181738,4.6659970283508301,2.5839967727661133,0.83448749780654907,-0.14726249873638153,-0.0078125,0,0.049453124403953552,35,34,0,0,1,0,1,1,2.168682
1085,11.453159733,PLUS_10_RETURN,J2A,0,1,4.5009473390617298,-3.1072475061728388,4.739926905202176,-0.11281357767933115,-6.7175141462919585,-4.4233970212490714,4.6752009391784668,2.5843801498413086,0.6626812219619751,0,-0.04296875,0,0.27199218422174454,35,34,0,0,1,0,1,1,2.127974
1086,11.463105606999999,PLUS_10_RETURN,J2A,0,1,4.4698861729498436,-3.1049627781635807,4.6687677707925372,-0.11281357767933115,-6.870507718409554,-4.6965211829298159,4.6830625534057617,2.5843801498413086,0.56450623273849487,-0.41724374890327454,-0.00390625,0,0.024726562201976776,35,34,0,0,1,0,1,1,2.071177
1087,11.473167184999999,PLUS_10_RETURN,J2A,0,1,4.4388485419999979,-3.1025404999999999,4.6323185144032974,-0.10934129505468419,-5.7337464149938056,-4.589130892644719,4.6870894432067871,2.584763765335083,0.024543749168515205,-0.024543749168515205,0.01953125,0,-0.12363281100988388,35,34,0,0,1,0,1,1,2.1348820000000002
1088,11.483165655000001,PLUS_10_RETURN,J2A,0,1,4.4078358209112656,-3.0999808337191364,4.6080233262191621,-0.10934129505468419,-4.5773968768318021,-4.3732068625476259,4.6897735595703125,2.584763765335083,0.19634999334812164,-0.34361249208450317,0.01953125,0,-0.12363281100988388,35,34,0,0,1,0,1,1,2.1336789999999999
1089,11.493162864,PLUS_10_RETURN,J2A,0,1,4.3768493827160508,-3.097283950617284,4.5854588842531534,-0.10934129505468419,-3.7652839210389444,-4.1615935908923705,4.6922664642333984,2.584763765335083,-0.19634999334812164,-0.39269998669624329,0.03515625,0,-0.22253905981779099,35,34,0,0,1,0,1,1,2.134277
1090,11.503168569,PLUS_10_RETURN,J2A,0,1,4.3458905986874994,-3.0944500312499996,4.555954193113207,-0.10760623276119993,-3.4795099395630062,-4.040312914913903,4.695526123046875,2.5849554538726807,0.31906875967979431,-0.19634999334812164,0.02734375,0,-0.17308593541383743,35,34,0,0,1,0,1,1,2.1394410000000001
1091,11.513171031000001,PLUS_10_RETURN,J2A,0,1,4.3149608382469173,-3.0914792654320995,4.5264495019732607,-0.10760623276119993,-3.2940914712693763,-3.9312559121520616,4.6987857818603516,2.5849554538726807,0.049087498337030411,-0.31906875967979431,0.02734375,0,-0.17308593541383743,35,34,0,0,1,0,1,1,2.1407970000000001
1092,11.523286245,PLUS_10_RETURN,J2A,0,1,4.2840614688711405,-3.0883718522376529,4.4969448108333152,-0.10413610817423147,-3.162061426266809,-3.8298165980630596,4.7020454406738281,2.585338830947876,-0.073631249368190765,0.12271875143051147,0.01953125,0,-0.12363281100988388,35,34,0,0,1,0,1,1,2.278356
1093,11.533213182000001,PLUS_10_RETURN,J2A,0,1,4.2531938559999993,-3.085128000000001,4.4674401196933688,-0.1058711704677157,-3.0956046027714716,-3.7440534170276236,4.7053050994873047,2.5851471424102783,0.22089375555515289,-0.36815625429153442,0.02734375,0,-0.17308593541383743,35,34,0,0,1,0,1,1,2.1808939999999999
1094,11.543236037,PLUS_10_RETURN,J2A,0,1,4.2223593629436751,-3.0817479263117304,4.4448756777273601,-0.10413610817423147,-2.8000975903767964,-3.5947779606321011,4.7077980041503906,2.585338830947876,0.12271875143051147,-0.17180624604225159,0.03515625,0,-0.22253905981779099,35,34,0,0,1,0,1,1,2.1670950000000002
1095,11.553206003,PLUS_10_RETURN,J2A,0,1,4.1915593507901239,-3.078231858024691,4.4240462980548356,-0.10239888784306875,-2.5512878817905444,-3.4442214354390699,4.7100992202758789,2.5855307579040527,0.29452499747276306,0.024543749168515205,0.0546875,0,-0.34617187082767487,35,34,0,0,1,0,1,1,2.1768990000000001
1096,11.563208996,PLUS_10_RETURN,J2A,0,1,4.1607951783124992,-3.0745800312500009,4.4049562967511511,-0.10239888784306875,-2.3262872513194215,-3.2906421856538968,4.7122082710266113,2.5855307579040527,0.22089375555515289,-0.19634999334812164,0.03515625,0,-0.22253905981779099,35,34,0,0,1,0,1,1,2.1757179999999998
1097,11.573218260999999,PLUS_10_RETURN,J2A,0,1,4.1300682018765471,-3.0707926913580241,4.3893364200344367,-0.10239888784306875,-2.0582763537408679,-3.1176321500551483,4.7139339447021484,2.5855307579040527,0.049087498337030411,-0.24543750286102295,0.05078125,0,-0.32144530862569809,35,34,0,0,1,0,1,1,2.2106059999999998
1098,11.583199736999999,PLUS_10_RETURN,J2A,0,1,4.0993797753479946,-3.0668700929783927,4.3719814810242372,-0.10239888784306875,-1.9464297735746239,-2.9797404046619365,4.7158513069152832,2.5855307579040527,0.024543749168515205,0.098174996674060822,0.04296875,0,-0.27199218422174454,35,34,0,0,1,0,1,1,2.1687639999999999
1099,11.593191624999999,PLUS_10_RETURN,J2A,0,1,4.0687312499999981,-3.0628124999999979,4.3494170390582276,-0.098928763256100269,-2.0555759913870393,-2.9075939752138957,4.7183442115783691,2.585914134979248,-0.44178751111030579,0.22089375555515289,0.0390625,0,-0.24726562201976776,35,34,0,0,1,0,1,1,2.156256
1100,11.603186642000001,PLUS_10_RETURN,J2A,0,1,4.0381239744205244,-3.0586201855709887,4.3077625957885353,-0.098928763256100269,-2.79475674534108,-3.033586677960936,4.7229461669921875,2.585914134979248,0.31906875967979431,0,0.0234375,0,-0.14835937321186066,35,34,0,0,1,0,1,1,2.158296
1101,11.613242425999999,PLUS_10_RETURN,J2A,0,1,4.0075592944197531,-3.0542934320987642,4.2626380279318745,-0.097193700962616036,-3.3871903330693867,-3.1789704240498953,4.7279314994812012,2.5861058235168457,0.19634999334812164,0,0.01171875,0,-0.074179686605930328,35,34,0,0,1,0,1,1,2.1988219999999998
1102,11.62325107,PLUS_10_RETURN,J2A,0,1,3.9770385529374996,-3.0498325312500008,4.2227186469556663,-0.097193700962616036,-3.5976453727625843,-3.259922426292758,4.7323417663574219,2.5861058235168457,0.12271875143051147,-0.24543750286102295,0.01953125,0,-0.12363281100988388,35,34,0,0,1,0,1,1,2.242216
1103,11.633199456,PLUS_10_RETURN,J2A,0,1,3.9465630899506179,-3.0452377839506188,4.1984191426961726,-0.09545648063145333,-3.1933645969712701,-3.1781859278565081,4.7350263595581055,2.5862977504730225,0.049087498337030411,-0.22089375555515289,0.04296875,0,-0.27199218422174454,35,34,0,0,1,0,1,1,2.1425420000000002
1104,11.643188522999999,PLUS_10_RETURN,J2A,0,1,3.9161342423804024,-3.0405095003858014,4.1827992659794582,-0.09545648063145333,-2.6229810296921126,-3.0167370612596538,4.7367520332336426,2.5862977504730225,0.14726249873638153,-0.22089375555515289,0.05078125,0,-0.32144530862569809,35,34,0,0,1,0,1,1,2.1776300000000002
1105,11.653149969999999,PLUS_10_RETURN,J2A,0,1,3.8857533440000012,-3.0356480000000001,4.1671793892627429,-0.09372141833796907,-2.2537491874307447,-2.8718666460282232,4.7384777069091797,2.5864894390106201,0.12271875143051147,0.049087498337030411,0.06640625,0,-0.42035155743360519,35,34,0,0,1,0,1,1,2.1196120000000001
1106,11.663203787,PLUS_10_RETURN,J2A,0,1,3.8554217253418219,-3.0306536114969145,4.1532945748395109,-0.09545648063145333,-1.9483041395564973,-2.722784886490119,4.7400116920471191,2.5862977504730225,-0.024543749168515205,-0.4908750057220459,0.05078125,0,-0.32144530862569809,35,34,0,0,1,0,1,1,2.1700460000000001
1107,11.673130917,PLUS_10_RETURN,J2A,0,1,3.825140713604938,-3.0255266728395074,4.1428798850032491,-0.09372141833796907,-1.6335875474670833,-2.5554177854854956,4.7411623001098633,2.5864894390106201,-0.36815625429153442,-0.24543750286102295,0.06640625,0,-0.42035155743360519,35,34,0,0,1,0,1,1,2.1008909999999998
1108,11.683161756000001,PLUS_10_RETURN,J2A,0,1,3.7949116325625019,-3.0202675312499987,4.1307301328735031,-0.09545648063145333,-1.4857658604720425,-2.4209999939707854,4.7425045967102051,2.5862977504730225,-0.36815625429153442,-0.63813751935958862,0.06640625,0,-0.42035155743360519,35,34,0,0,1,0,1,1,2.1163959999999999
1109,11.693150558999999,PLUS_10_RETURN,J2A,0,1,3.7647358024691364,-3.0148765432098785,4.1133751938633036,-0.091986356044484838,-1.5738515684429852,-2.3526439257554661,4.7444219589233398,2.5866811275482178,0,0.098174996674060822,0.0546875,0,-0.34617187082767487,35,34,0,0,1,0,1,1,2.1292260000000001
1110,11.703166015000001,PLUS_10_RETURN,J2A,0,1,3.7346145399683621,-3.0093540744598739,4.0873406273103265,-0.091986356044484838,-1.9328071563408895,-2.377323429423619,4.7472982406616211,2.5866811275482178,-0.14726249873638153,-0.098174996674060822,0.04296875,0,-0.27199218422174454,35,34,0,0,1,0,1,1,2.134074
1111,11.713162191,PLUS_10_RETURN,J2A,0,1,3.704549157999999,-3.0037005000000012,4.0526307492899267,-0.090251293751000605,-2.4716351170576059,-2.486822648034408,4.7511329650878906,2.5868728160858154,0.7117687463760376,0.12271875143051147,0.03515625,0,-0.22253905981779099,35,34,0,0,1,0,1,1,2.1388940000000001
1112,11.723160271999999,PLUS_10_RETURN,J2A,0,1,3.6745409657075623,-2.9979162040895062,4.0179165551941711,-0.090251293751000605,-2.8217928220752286,-2.5853489535131917,4.7549681663513184,2.5868728160858154,0.19634999334812164,-0.073631249368190765,0.03515625,0,-0.22253905981779099,35,34,0,0,1,0,1,1,2.1278619999999999
1113,11.733148892999999,PLUS_10_RETURN,J2A,0,1,3.6445912683456791,-2.9920015802469164,3.9866768017607419,-0.090251293751000605,-2.9288022919129602,-2.6395674746087474,4.7584195137023926,2.5868728160858154,0.36815625429153442,-0.31906875967979431,0.04296875,0,-0.27199218422174454,35,34,0,0,1,0,1,1,2.1449919999999998
1114,11.743164016,PLUS_10_RETURN,J2A,0,1,3.6147013671875019,-2.9859570312500034,3.9658474220882165,-0.088514073419837885,-2.6316489336084192,-2.5835899968235854,4.7607207298278809,2.5870647430419922,0.098174996674060822,-0.24543750286102295,0.05078125,0,-0.32144530862569809,35,34,0,0,1,0,1,1,2.1379419999999998
1115,11.75316233,PLUS_10_RETURN,J2A,0,1,3.5848725594320996,-2.9797829691358046,3.9415522339040803,-0.088514073419837885,-2.5610467833712303,-2.5682238475771575,4.7634048461914062,2.5870647430419922,0.78539997339248657,-0.19634999334812164,0.0703125,0,-0.44507811963558197,35,34,0,0,1,0,1,1,2.1109580000000001
1116,11.763207723000001,PLUS_10_RETURN,J2A,0,1,3.5551061381118814,-2.9734798152006174,3.9276674194808496,-0.085043948832869407,-2.1484529254214291,-2.449622181742336,4.7649388313293457,2.5874481201171875,0.073631249368190765,0.26998123526573181,0.06640625,0,-0.42035155743360519,35,34,0,0,1,0,1,1,2.201184
1117,11.773215004000001,PLUS_10_RETURN,J2A,0,1,3.5254033920000003,-2.9670479999999988,3.9155176673511023,-0.085043948832869407,-1.821426333125685,-2.3260690868828902,4.7662811279296875,2.5874481201171875,-0.024543749168515205,0.26998123526573181,0.06640625,0,-0.42035155743360519,35,34,0,0,1,0,1,1,2.18337
1118,11.783178123000001,PLUS_10_RETURN,J2A,0,1,3.4957656055177484,-2.960487963348764,3.8998977906343879,-0.086779011126353667,-1.7326465336991532,-2.2502391545281606,4.7680068016052246,2.5872564315795898,-0.17180624604225159,-0.36815625429153442,0.05859375,0,-0.37089843302965164,35,34,0,0,1,0,1,1,2.1576949999999999
1119,11.793213679999999,PLUS_10_RETURN,J2A,0,1,3.4661940586419737,-2.9538001543209864,3.8790684109618625,-0.086779011126353667,-1.8526655140067221,-2.2327710296759937,4.7703080177307129,2.5872564315795898,0.29452499747276306,-0.39269998669624329,0.06640625,0,-0.42035155743360519,35,34,0,0,1,0,1,1,2.179252
1120,11.803167894,PLUS_10_RETURN,J2A,0,1,3.4366900268125011,-2.9469850312499997,3.8460935952349486,-0.085043948832869407,-2.3636596874818312,-2.3407588133876693,4.7739510536193848,2.5874481201171875,0.53996247053146362,-0.34361249208450317,0.04296875,0,-0.27199218422174454,35,34,0,0,1,0,1,1,2.1388530000000001
1121,11.813120036999999,PLUS_10_RETURN,J2A,0,1,3.4072547808395068,-2.9400430617283968,3.7905543375420252,-0.085043948832869407,-3.4896003484952383,-2.6647462325152023,4.7800869941711426,2.5874481201171875,1.1780999898910522,-0.53996247053146362,0.01953125,0,-0.12363281100988388,35,34,0,0,1,0,1,1,2.1076589999999999
1122,11.823091848000001,PLUS_10_RETURN,J2A,0,1,3.3778895868109586,-2.9329747226080243,3.7280705145998074,-0.081571666208222468,-4.461356204128462,-3.0248761742941266,4.7869901657104492,2.5878317356109619,1.006293773651123,-0.24543750286102295,0.01953125,0,-0.12363281100988388,35,34,0,0,1,0,1,1,2.050897
1123,11.833214666,PLUS_10_RETURN,J2A,0,1,3.3485957060000002,-2.9257804999999992,3.6846810090366313,-0.079836603914738222,-4.400088979573562,-3.1510192559761601,4.7917838096618652,2.5880234241485596,0.51541876792907715,-0.31906875967979431,0.02734375,0,-0.17308593541383743,35,34,0,0,1,0,1,1,2.1787339999999999
1124,11.843222020000001,PLUS_10_RETURN,J2A,0,1,3.3193743947723773,-2.9184608892746922,3.6360863165930013,-0.078101541621253989,-4.5596222126077137,-3.3215071520599437,4.7971525192260742,2.5882151126861572,0.7117687463760376,-0.22089375555515289,0.01171875,0,-0.074179686605930328,35,34,0,0,1,0,1,1,2.192234
1125,11.853084719,PLUS_10_RETURN,J2A,0,1,3.2902269044938279,-2.9110163950617292,3.5701323690638156,-0.074629258996607037,-5.3042782273947804,-3.658077519482454,4.8044390678405762,2.5885987281799316,0.41724374890327454,0.12271875143051147,-0.0078125,0,0.049453124403953552,35,34,0,0,1,0,1,1,2.053633
1126,11.863078957999999,PLUS_10_RETURN,J2A,0,1,3.2611544814375018,-2.903447531249999,3.5093879244904396,-0.074629258996607037,-5.5750619345089909,-3.9000643637348897,4.811150074005127,2.5885987281799316,-0.024543749168515205,-0.24543750286102295,-0.00390625,0,0.024726562201976776,35,34,0,0,1,0,1,1,2.0099689999999999
1127,11.873165966,PLUS_10_RETURN,J2A,0,1,3.2321583666913583,-2.8957548209876527,3.4625239782649371,-0.072894196703122791,-5.2498800928829565,-3.9746550232048614,4.8163275718688965,2.5887904167175293,0.36815625429153442,0.073631249368190765,0.01953125,0,-0.12363281100988388,35,34,0,0,1,0,1,1,2.1222219999999998
1128,11.883089507999999,PLUS_10_RETURN,J2A,0,1,3.2032397960655858,-2.8879387966820995,3.4295491625380228,-0.071159134409638544,-4.5754327580079819,-3.9094782916369639,4.8199706077575684,2.588982105255127,0.049087498337030411,0.024543749168515205,0.01953125,0,-0.12363281100988388,35,34,0,0,1,0,1,1,2.1668569999999998
1129,11.893067123,PLUS_10_RETURN,J2A,0,1,3.1743999999999986,-2.8799999999999999,3.393099906148783,-0.069424072116154298,-4.2526173812878243,-3.8838407734968778,4.8239974975585938,2.5891737937927246,0.63813751935958862,0.098174996674060822,0.01953125,0,-0.12363281100988388,35,34,0,0,1,0,1,1,2.0042409999999999
1130,11.903139999,PLUS_10_RETURN,J2A,0,1,3.1456402034714523,-2.8719389818672854,3.3358255861623753,-0.069424072116154298,-4.75429945800916,-4.0640561704820684,4.8303251266479492,2.5891737937927246,0.63813751935958862,-0.098174996674060822,-0.0234375,0,0.14835937321186066,35,34,0,0,1,0,1,1,2.2190050000000001
1131,11.913082141,PLUS_10_RETURN,J2A,0,1,3.1169616259012329,-2.8637563024691359,3.2542517619164739,-0.067686851784991606,-5.9619935719484225,-4.4781359603602811,4.8393373489379883,2.5893657207489014,0.7117687463760376,-0.39269998669624329,-0.03515625,0,0.22253905981779099,35,34,0,0,1,0,1,1,2.0182609999999999
1132,11.923002744,PLUS_10_RETURN,J2A,0,1,3.0883654810625032,-2.8554525312500001,3.2004475665170355,-0.064216727198023113,-5.7735139431653995,-4.5726703990096604,4.8452816009521484,2.5897490978240967,0.44178751111030579,-0.049087498337030411,-0.00390625,0,0.024726562201976776,35,34,0,0,1,0,1,1,1.9809110000000001
1133,11.933126229000001,PLUS_10_RETURN,J2A,0,1,3.0598529769876546,-2.847028246913581,3.146647687192953,-0.062481664904538874,-5.6128112931493961,-4.6468397105635191,4.8512253761291504,2.5899407863616943,0.56450623273849487,-0.073631249368190765,-0.01953125,0,0.12363281100988388,35,34,0,0,1,0,1,1,2.1032579999999998
1134,11.943108281000001,PLUS_10_RETURN,J2A,0,1,3.0314253158757722,-2.8384840374228411,3.0806937396637672,-0.059009382279891921,-5.9608660485417628,-4.8428810846484973,4.8585119247436523,2.5903244018554688,0.39269998669624329,0.34361249208450317,-0.0234375,0,0.14835937321186066,35,34,0,0,1,0,1,1,2.0393059999999998
1135,11.953070500999999,PLUS_10_RETURN,J2A,0,1,3.003083693999999,-2.8298204999999994,3.0373042341005898,-0.060744444573376168,-5.3989547786619712,-4.794133503929312,4.8633055686950684,2.5901327133178711,0.26998123526573181,-0.19634999334812164,0.0078125,0,-0.049453124403953552,35,34,0,0,1,0,1,1,2.066411
1136,11.963068137,PLUS_10_RETURN,J2A,0,1,2.9748293016149692,-2.8210382411265433,3.0112696675476127,-0.060744444573376168,-4.4207458964229804,-4.5751273793342957,4.8661818504333496,2.5901327133178711,0.12271875143051147,-0.39269998669624329,0.01953125,0,-0.12363281100988388,35,34,0,0,1,0,1,1,2.069785
1137,11.973073415,PLUS_10_RETURN,J2A,0,1,2.9466633228641994,-2.8121378765432121,3.00085497771135,-0.057274319986407682,-3.2378066878689786,-4.2217066000277352,4.8673324584960938,2.5905160903930664,-0.049087498337030411,0.34361249208450317,0.02734375,0,-0.17308593541383743,35,34,0,0,1,0,1,1,2.0803750000000001
1138,11.983034699999999,PLUS_10_RETURN,J2A,0,1,2.9185869356875047,-2.8031200312500015,2.9904402878750882,-0.059009382279891921,-2.4705051926525261,-3.9040876101785877,4.8684830665588379,2.5903244018554688,0.049087498337030411,-0.073631249368190765,0.02734375,0,-0.17308593541383743,35,34,0,0,1,0,1,1,2.0581550000000002
1139,11.993033608999999,PLUS_10_RETURN,J2A,0,1,2.8906013117283944,-2.7939853395061727,2.9835000387011514,-0.059009382279891921,-1.8487636005450085,-3.5830889135381194,4.8692498207092285,2.5903244018554688,0.024543749168515205,-0.049087498337030411,0.04296875,0,-0.27199218422174454,35,34,0,0,1,0,1,1,2.0329709999999999
1140,12.003053170999999,PLUS_10_RETURN,J2A,0,1,2.862707616241515,-2.7847344448302485,2.9782905357453413,-0.055539257692923442,-1.3836729611420233,-3.2767733424093843,4.8698253631591797,2.5907077789306641,-0.073631249368190765,-0.14726249873638153,0.0390625,0,-0.24726562201976776,35,34,0,0,1,0,1,1,2.129524
1141,12.013127767,PLUS_10_RETURN,J2A,0,1,2.8349070080000018,-2.7753680000000003,2.9765554734518571,-0.059009382279891921,-0.95966495872178359,-2.9663181607340081,4.8700170516967773,2.5903244018554688,0.31906875967979431,-0.22089375555515289,0.04296875,0,-0.27199218422174454,35,34,0,0,1,0,1,1,2.1317390000000001
1142,12.023128145999999,PLUS_10_RETURN,J2A,0,1,2.8072006392029314,-2.7658866670524658,2.9713502865714041,-0.059009382279891921,-0.80595685956631058,-2.7217362407740788,4.8705921173095703,2.5903244018554688,-0.24543750286102295,-0.17180624604225159,0.0546875,0,-0.34617187082767487,35,34,0,0,1,0,1,1,2.1269260000000001
1143,12.033078271000001,PLUS_10_RETURN,J2A,0,1,2.779589655382714,-2.7562911172839506,2.966145099690952,-0.059009382279891921,-0.70696668447863198,-2.5018753954853938,4.8711671829223633,2.5903244018554688,-0.7117687463760376,-0.22089375555515289,0.04296875,0,-0.27199218422174454,35,34,0,0,1,0,1,1,2.0770840000000002
1144,12.04310327,PLUS_10_RETURN,J2A,0,1,2.7520751953125,-2.74658203125,2.9557304098546893,-0.059009382279891921,-0.82313351262159107,-2.3555750467112775,4.8723177909851074,2.5903244018554688,-0.24543750286102295,-0.24543750286102295,0.05078125,0,-0.32144530862569809,35,34,0,0,1,0,1,1,2.1059809999999999
1145,12.053034627000001,PLUS_10_RETURN,J2A,0,1,2.7246583909135813,-2.7367600987654344,2.9453157200184266,-0.057274319986407682,-0.9020703560271206,-2.2248842771324604,4.8734683990478516,2.5905160903930664,-0.39269998669624329,0.049087498337030411,0.05078125,0,-0.32144530862569809,35,34,0,0,1,0,1,1,2.049693
1146,12.06309289,PLUS_10_RETURN,J2A,0,1,2.6973403671628127,-2.7268260189043207,2.9349010301821643,-0.055539257692923442,-0.94874840896662338,-2.10593947157607,4.8746190071105957,2.5907077789306641,-0.024543749168515205,0.31906875967979431,0.05078125,0,-0.32144530862569809,35,34,0,0,1,0,1,1,2.0921759999999998
1147,12.073071776999999,PLUS_10_RETURN,J2A,0,1,2.6701222420000015,-2.7167804999999978,2.9210162157589337,-0.057274319986407682,-1.1036831667761351,-2.0344874389749856,4.8761529922485352,2.5905160903930664,0.26998123526573181,-0.098174996674060822,0.05078125,0,-0.32144530862569809,35,34,0,0,1,0,1,1,2.0724279999999999
1148,12.083082372,PLUS_10_RETURN,J2A,0,1,2.6430051262353427,-2.7066242596450651,2.907131401335703,-0.057274319986407682,-1.202848224528519,-1.9697398853986388,4.8776869773864746,2.5905160903930664,0.31906875967979431,-0.098174996674060822,0.05078125,0,-0.32144530862569809,35,34,0,0,1,0,1,1,2.080155
1149,12.093028774,PLUS_10_RETURN,J2A,0,1,2.6159901234567915,-2.6963580246913592,2.8880414000320194,-0.057274319986407682,-1.4536018398697688,-1.9646946094091269,4.879796028137207,2.5905160903930664,0.34361249208450317,-0.29452499747276306,0.05078125,0,-0.32144530862569809,35,34,0,0,1,0,1,1,2.0334180000000002
1150,12.103085219,PLUS_10_RETURN,J2A,0,1,2.589078329937502,-2.6859825312500023,2.8706864610218199,-0.057274319986407682,-1.5488547070089616,-1.9408004373521035,4.8817133903503418,2.5905160903930664,-0.049087498337030411,-0.31906875967979431,0.05078125,0,-0.32144530862569809,35,34,0,0,1,0,1,1,2.081032
1151,12.113117883999999,PLUS_10_RETURN,J2A,0,1,2.5622708345432095,-2.6754985246913554,2.8533272059362638,-0.055539257692923442,-1.6123513090346844,-1.9197477506108531,4.8836312294006348,2.5907077789306641,-0.51541876792907715,-0.19634999334812164,0.05078125,0,-0.32144530862569809,35,34,0,0,1,0,1,1,2.1177090000000001
1152,12.123009826000001,PLUS_10_RETURN,J2A,0,1,2.5355687186396576,-2.6649067596450609,2.8394423915130331,-0.055539257692923442,-1.5393054982850682,-1.8681378748104889,4.8851652145385742,2.5907077789306641,-0.24543750286102295,-0.073631249368190765,0.06640625,0,-0.42035155743360519,35,34,0,0,1,0,1,1,2.011266
1153,12.133091963,PLUS_10_RETURN,J2A,0,1,2.5089730559999959,-2.6542079999999979,2.8290320177521275,-0.055539257692923442,-1.3619432679186267,-1.7845797141961064,4.8863153457641602,2.5907077789306641,0.22089375555515289,-0.17180624604225159,0.0703125,0,-0.44507811963558197,35,34,0,0,1,0,1,1,2.091637
1154,12.143032378999999,PLUS_10_RETURN,J2A,0,1,2.4824849127121933,-2.6434030189043245,2.8238225147963174,-0.053802037361760743,-1.0686886502552397,-1.6585290359502478,4.8868908882141113,2.5908997058868408,-0.12271875143051147,0.22089375555515289,0.0703125,0,-0.44507811963558197,35,34,0,0,1,0,1,1,2.035288
1155,12.153071916,PLUS_10_RETURN,J2A,0,1,2.4561053470864191,-2.6324925987654328,2.8186173279158648,-0.055539257692923442,-0.87611170892389278,-1.5445230141432194,4.8874659538269043,2.5907077789306641,0.024543749168515205,-0.24543750286102295,0.0703125,0,-0.44507811963558197,35,34,0,0,1,0,1,1,2.0794820000000001
1156,12.163081904,PLUS_10_RETURN,J2A,0,1,2.4298354095624983,-2.62147753125,2.8151472033288969,-0.055539257692923442,-0.69080578377124269,-1.4247373335776723,4.8878493309020996,2.5907077789306641,-0.073631249368190765,-0.24543750286102295,0.08203125,0,-0.5192578062415123,35,34,0,0,1,0,1,1,2.0797240000000001
1157,12.173013495999999,PLUS_10_RETURN,J2A,0,1,2.4036761426172841,-2.6103586172839481,2.8134121410354123,-0.053802037361760743,-0.51016922361452288,-1.2997337328379666,4.8880410194396973,2.5908997058868408,0,0.073631249368190765,0.08203125,0,-0.5192578062415123,35,34,0,0,1,0,1,1,2.0125359999999999
1158,12.183074395,PLUS_10_RETURN,J2A,0,1,2.3776285806720665,-2.5991366670524663,2.8099377003730868,-0.055539257692923442,-0.45247933633117732,-1.2042944569775234,4.8884248733520508,2.5907077789306641,-0.24543750286102295,-0.24543750286102295,0.0703125,0,-0.44507811963558197,35,34,0,0,1,0,1,1,2.1576249999999999
1159,12.193072712999999,PLUS_10_RETURN,J2A,0,1,2.3516937500000008,-2.5878125000000001,2.8082026380796021,-0.055539257692923442,-0.35484896491729051,-1.1012185530803495,4.8886165618896484,2.5907077789306641,-0.14726249873638153,-0.22089375555515289,0.08203125,0,-0.5192578062415123,35,34,0,0,1,0,1,1,2.0770810000000002
1160,12.203162718,PLUS_10_RETURN,J2A,0,1,2.3258726686334867,-2.5763869448302472,2.8064675757861184,-0.055539257692923442,-0.29083730804776375,-1.0082925494441788,4.8888082504272461,2.5907077789306641,-0.36815625429153442,-0.24543750286102295,0.0859375,0,-0.54398436844348907,35,34,0,0,1,0,1,1,2.1665269999999999
1161,12.213071945999999,PLUS_10_RETURN,J2A,0,1,2.3001663462716078,-2.5648608395061734,2.8047325134926342,-0.053802037361760743,-0.25032771274896248,-0.9249728552191655,4.8889999389648438,2.5908997058868408,-0.46633124351501465,0.12271875143051147,0.08984375,0,-0.56871093064546585,35,34,0,0,1,0,1,1,2.0713050000000002
1162,12.223061606,PLUS_10_RETURN,J2A,0,1,2.2745757841874976,-2.553235031249999,2.8012623889056658,-0.055539257692923442,-0.28429308762758176,-0.86721273379460795,4.8893833160400391,2.5907077789306641,-0.36815625429153442,-0.24543750286102295,0.08984375,0,-0.56871093064546585,35,34,0,0,1,0,1,1,2.0649540000000002
1163,12.233129368,PLUS_10_RETURN,J2A,0,1,2.2491019751358019,-2.5415103765432061,2.7995273266121812,-0.055539257692923442,-0.24510895734636667,-0.79772530338327241,4.8895750045776367,2.5907077789306641,-0.24543750286102295,-0.36815625429153442,0.08984375,0,-0.56871093064546585,35,34,0,0,1,0,1,1,2.1358269999999999
1164,12.243022728,PLUS_10_RETURN,J2A,0,1,2.2237459032600313,-2.5296877411265468,2.7891126367759189,-0.052066975068276504,-0.52776404507224339,-0.82322226527268949,4.8907256126403809,2.5910913944244385,0.34361249208450317,0.36815625429153442,0.08984375,0,-0.56871093064546585,35,34,0,0,1,0,1,1,2.0325319999999998
1165,12.253075994,PLUS_10_RETURN,J2A,0,1,2.1985085439999992,-2.5177680000000002,2.7873775744824347,-0.055539257692923442,-0.40345205403350387,-0.75815873152729074,4.8909173011779785,2.5907077789306641,-0.36815625429153442,-0.31906875967979431,0.09375,0,-0.59343749284744263,35,34,0,0,1,0,1,1,2.0770680000000001
1166,12.263073199999999,PLUS_10_RETURN,J2A,0,1,2.173390863999229,-2.5057520374228393,2.782168071526625,-0.053802037361760743,-0.44462739654218586,-0.73445244735182114,4.8914928436279297,2.5908997058868408,-0.34361249208450317,-0.024543749168515205,0.1015625,0,-0.64289061725139618,35,34,0,0,1,0,1,1,2.0661200000000002
1167,12.273090199,PLUS_10_RETURN,J2A,0,1,2.1483938210123501,-2.4936407469135804,2.7786979469396571,-0.053802037361760743,-0.41025605839501678,-0.69564955994309507,4.891876220703125,2.5908997058868408,0.26998123526573181,0,0.10546875,0,-0.66761717945337296,35,34,0,0,1,0,1,1,2.084222
1168,12.283094455000001,PLUS_10_RETURN,J2A,0,1,2.1235183638125026,-2.4814350312500042,2.776962884646172,-0.053802037361760743,-0.32736778373597375,-0.64342784559998933,4.8920679092407227,2.5908997058868408,-0.17180624604225159,-0.049087498337030411,0.109375,0,-0.69234374165534973,35,34,0,0,1,0,1,1,2.0936110000000001
1169,12.293072494,PLUS_10_RETURN,J2A,0,1,2.0987654320987659,-2.4691358024691321,2.7752278223526878,-0.055539257692923442,-0.27364989618392888,-0.59647387154157505,4.8922595977783203,2.5907077789306641,0,-0.34361249208450317,0.10546875,0,-0.66761717945337296,35,34,0,0,1,0,1,1,2.0737329999999998
1170,12.303082838,PLUS_10_RETURN,J2A,0,1,2.0741359564035449,-2.4567439818672789,2.7734927600592041,-0.053802037361760743,-0.23853686150614453,-0.5541591783835863,4.892451286315918,2.5908997058868408,-0.22089375555515289,0,0.10546875,0,-0.66761717945337296,35,34,0,0,1,0,1,1,2.0836209999999999
1171,12.313078118,PLUS_10_RETURN,J2A,0,1,2.0496308579999987,-2.4442604999999995,2.7665481948099098,-0.053802037361760743,-0.39822352209761391,-0.56822170686483342,4.8932185173034668,2.5908997058868408,0.12271875143051147,-0.098174996674060822,0.1015625,0,-0.64289061725139618,35,34,0,0,1,0,1,1,2.0792860000000002
1172,12.323075052,PLUS_10_RETURN,J2A,0,1,2.0252510488094169,-2.4316862966820985,2.759607945635973,-0.053802037361760743,-0.50182850910640586,-0.58082331324776637,4.8939852714538574,2.5908997058868408,-0.098174996674060822,0,0.109375,0,-0.69234374165534973,35,34,0,0,1,0,1,1,2.0821450000000001
1173,12.333084674,PLUS_10_RETURN,J2A,0,1,2.000997431308642,-2.419022320987656,2.7578728833424888,-0.055539257692923442,-0.38685733566718133,-0.54007492613670904,4.8941769599914551,2.5907077789306641,-0.24543750286102295,-0.4908750057220459,0.12109375,0,-0.76652342826128006,35,34,0,0,1,0,1,1,2.084946
1174,12.343076794,PLUS_10_RETURN,J2A,0,1,1.9768708984375021,-2.4062695312499991,2.7526633803866791,-0.052066975068276504,-0.43393366303615583,-0.53820354633803469,4.8947525024414062,2.5910913944244385,0.14726249873638153,0.12271875143051147,0.1015625,0,-0.64289061725139618,35,34,0,0,1,0,1,1,2.077054
1175,12.353141989999999,PLUS_10_RETURN,J2A,0,1,1.9528723335061766,-2.3934288950617302,2.7474581935062261,-0.053802037361760743,-0.46305836451725707,-0.53609790128816148,4.8953275680541992,2.5908997058868408,-0.098174996674060822,-0.24543750286102295,0.1171875,0,-0.74179686605930328,35,34,0,0,1,0,1,1,2.1408469999999999
1176,12.363108961,PLUS_10_RETURN,J2A,0,1,1.9290026101026214,-2.3805013892746896,2.7353084413764797,-0.053802037361760743,-0.7276384454418533,-0.60438825644667005,4.896669864654541,2.5908997058868408,0.34361249208450317,-0.19634999334812164,0.1171875,0,-0.74179686605930328,35,34,0,0,1,0,1,1,2.1236440000000001
1177,12.373128097,PLUS_10_RETURN,J2A,0,1,1.9052625920000015,-2.3674879999999998,2.7301032544960266,-0.050331912774792251,-0.65479857360657823,-0.59590188339325267,4.897244930267334,2.5912830829620361,-0.24543750286102295,0.39269998669624329,0.10546875,0,-0.66761717945337296,35,34,0,0,1,0,1,1,2.1052170000000001
1178,12.383064407000001,PLUS_10_RETURN,J2A,0,1,1.8816531330640434,-2.3543897226080248,2.716218440072796,-0.052066975068276504,-0.91470255032540093,-0.67604983147710596,4.8987789154052734,2.5910913944244385,-0.049087498337030411,0.049087498337030411,0.12109375,0,-0.76652342826128006,35,34,0,0,1,0,1,1,2.0439280000000002
1179,12.393029216,PLUS_10_RETURN,J2A,0,1,1.8581750771604959,-2.3412075617283921,2.7005942472807245,-0.052066975068276504,-1.1433346099256765,-0.76523854896201415,4.9005050659179688,2.5910913944244385,-0.098174996674060822,0,0.1015625,0,-0.64289061725139618,35,34,0,0,1,0,1,1,2.0859719999999999
1180,12.403088088000001,PLUS_10_RETURN,J2A,0,1,1.8348292580624985,-2.3279425312499993,2.6710895561407777,-0.053802037361760743,-1.769787767490159,-0.98203477150537544,4.9037647247314453,2.5908997058868408,0.46633124351501465,-0.44178751111030579,0.08984375,0,-0.56871093064546585,35,34,0,0,1,0,1,1,2.0321799999999999
1181,12.413035664000001,PLUS_10_RETURN,J2A,0,1,1.8116164993580259,-2.3145956543209913,2.625964988284117,-0.050331912774792251,-2.7380451939716064,-1.3374550500985531,4.908750057220459,2.5912830829620361,0.9326624870300293,0,0.0703125,0,-0.44507811963558197,35,34,0,0,1,0,1,1,2.0083920000000002
1182,12.423144765,PLUS_10_RETURN,J2A,0,1,1.7885376143572547,-2.3011679633487705,2.5808404204274558,-0.050331912774792251,-3.3420442396715266,-1.6500852204001215,4.9137353897094727,2.5912830829620361,0.19634999334812164,-0.073631249368190765,0.07421875,0,-0.46980468183755875,35,34,0,0,1,0,1,1,2.1229710000000002
1183,12.433077703,PLUS_10_RETURN,J2A,0,1,1.7655934059999971,-2.2876605000000008,2.5600110407549312,-0.048596850481308018,-2.9062790618674619,-1.694776785811815,4.9160366058349609,2.5914747714996338,-0.12271875143051147,-0.24543750286102295,0.1015625,0,-0.64289061725139618,35,34,0,0,1,0,1,1,2.0561039999999999
1184,12.443085655000001,PLUS_10_RETURN,J2A,0,1,1.7427846667631197,-2.2740743152006169,2.5496006669940257,-0.048596850481308018,-2.2531549605424028,-1.6293201273245057,4.9171867370605469,2.5914747714996338,0,-0.14726249873638153,0.1171875,0,-0.74179686605930328,35,34,0,0,1,0,1,1,2.0499640000000001
1185,12.453142732,PLUS_10_RETURN,J2A,0,1,1.7201121785679021,-2.2604104691358038,2.539185977157763,-0.048596850481308018,-1.8269961389290139,-1.5699439473281842,4.918337345123291,2.5914747714996338,0,0.12271875143051147,0.10546875,0,-0.66761717945337296,35,34,0,0,1,0,1,1,2.1509879999999999
1186,12.463080855999999,PLUS_10_RETURN,J2A,0,1,1.6975767126875017,-2.246670031250003,2.5339807902773108,-0.048596850481308018,-1.3708633161235326,-1.4653255028295584,4.918912410736084,2.5914747714996338,0.024543749168515205,-0.24543750286102295,0.12109375,0,-0.76652342826128006,35,34,0,0,1,0,1,1,2.0880920000000001
1187,12.473040210000001,PLUS_10_RETURN,J2A,0,1,1.6751790296543216,-2.2328540802469141,2.5287712873215011,-0.046859630150145312,-1.0741378926394716,-1.3711005917349384,4.9194879531860352,2.5916666984558105,-0.36815625429153442,0.049087498337030411,0.1171875,0,-0.74179686605930328,35,34,0,0,1,0,1,1,2.0136349999999998
1188,12.482979744,PLUS_10_RETURN,J2A,0,1,1.6529198791674347,-2.2189637040895072,2.5218310381475639,-0.048596850481308018,-0.94257605827941282,-1.3038152262939464,4.9202547073364258,2.5914747714996338,0.098174996674060822,-0.36815625429153442,0.12109375,0,-0.76652342826128006,35,34,0,0,1,0,1,1,1.9872719999999999
1189,12.493131205999999,PLUS_10_RETURN,J2A,0,1,1.6307999999999989,-2.2050000000000005,2.5218310381475639,-0.046859630150145312,-0.61267443788161835,-1.1734337036645519,4.9202547073364258,2.5916666984558105,-0.51541876792907715,-0.049087498337030411,0.12109375,0,-0.76652342826128006,35,34,0,0,1,0,1,1,2.0902020000000001
1190,12.503088413,PLUS_10_RETURN,J2A,0,1,1.608820119906639,-2.1909640744598802,2.5166215351917542,-0.048596850481308018,-0.58135459728521544,-1.108409251201572,4.920830249786377,2.5914747714996338,0,-0.31906875967979431,0.125,0,-0.79124999046325684,35,34,0,0,1,0,1,1,2.0654690000000002
1191,12.513134013,PLUS_10_RETURN,J2A,0,1,1.5869809555308656,-2.1768570432098797,2.5114163483113017,-0.045124567856661073,-0.5592350522393762,-1.0493839157968394,4.9214053153991699,2.5918583869934082,-0.19634999334812164,0.34361249208450317,0.1328125,0,-0.84070311486721039,35,34,0,0,1,0,1,1,2.1111260000000001
1192,12.523007688,PLUS_10_RETURN,J2A,0,1,1.5652832123125027,-2.162680031250003,2.5027367207685232,-0.045124567856661073,-0.67117643535414406,-1.0323522817595983,4.9223642349243164,2.5918583869934082,0.14726249873638153,0.26998123526573181,0.1171875,0,-0.74179686605930328,35,34,0,0,1,0,1,1,1.9866440000000001
1193,12.533136481,PLUS_10_RETURN,J2A,0,1,1.5437275843950609,-2.1484341728395018,2.492326347007618,-0.046859630150145312,-0.79599469388246713,-1.0318970566985737,4.9235143661499023,2.5916666984558105,0.17180624604225159,-0.26998123526573181,0.12109375,0,-0.76652342826128006,35,34,0,0,1,0,1,1,2.1019600000000001
1194,12.543043822,PLUS_10_RETURN,J2A,0,1,1.5223147545331734,-2.1341206114969147,2.4819116571713553,-0.045124567856661073,-0.88531983565587591,-1.0338282894950799,4.9246649742126465,2.5918583869934082,0.34361249208450317,0.12271875143051147,0.125,0,-0.79124999046325684,35,34,0,0,1,0,1,1,2.0222440000000002
1195,12.553089675000001,PLUS_10_RETURN,J2A,0,1,1.5010453939999948,-2.1197404999999967,2.4714969673350931,-0.046859630150145312,-0.93830825966001863,-1.0341169938266288,4.9258155822753906,2.5916666984558105,-0.19634999334812164,-0.34361249208450317,0.1328125,0,-0.84070311486721039,35,34,0,0,1,0,1,1,2.0075850000000002
1196,12.563032903,PLUS_10_RETURN,J2A,0,1,1.4799201624946008,-2.105295000385802,2.4471974630756002,-0.043389505563176833,-1.4652389460321187,-1.1750877450877106,4.9285001754760742,2.5920500755310059,0.19634999334812164,0.31906875967979431,0.109375,0,-0.69234374165534973,35,34,0,0,1,0,1,1,2.0349050000000002
1197,12.572977703999999,PLUS_10_RETURN,J2A,0,1,1.4589397080493818,-2.0907852839506167,2.41595770964217,-0.046859630150145312,-2.0518655958959275,-1.3717104794289541,4.9319515228271484,2.5916666984558105,0.049087498337030411,-0.46633124351501465,0.10546875,0,-0.66761717945337296,35,34,0,0,1,0,1,1,2.096819
1198,12.582997526,PLUS_10_RETURN,J2A,0,1,1.4381046669375017,-2.0762125312500026,2.3690980794920247,-0.043389505563176833,-2.9705551433719224,-1.7022087189259356,4.9371285438537598,2.5920500755310059,0.26998123526573181,0,0.08984375,0,-0.56871093064546585,35,34,0,0,1,0,1,1,2.1190739999999999
1199,12.592976073999999,PLUS_10_RETURN,J2A,0,1,1.4174156635802468,-2.0615779320987628,2.3361189476897533,-0.043389505563176833,-3.0876119186784496,-1.8624881543152565,4.9407720565795898,2.5920500755310059,0.049087498337030411,-0.24543750286102295,0.10546875,0,-0.66761717945337296,35,34,0,0,1,0,1,1,2.057992
1200,12.602975619,PLUS_10_RETURN,J2A,0,1,1.3968733104544739,-2.0468826855709863,2.3170289463860696,-0.041654443269692587,-2.6751281949802155,-1.8671480382663661,4.9428811073303223,2.5922417640686035,0.098174996674060822,-0.36815625429153442,0.12109375,0,-0.76652342826128006,35,34,0,0,1,0,1,1,2.0966909999999999
1201,12.612988659000001,PLUS_10_RETURN,J2A,0,1,1.3764782079999964,-2.0321280000000019,2.3048791942563231,-0.041654443269692587,-2.1635208587365184,-1.8017725292966948,4.9442234039306641,2.5922417640686035,-0.36815625429153442,0.049087498337030411,0.125,0,-0.79124999046325684,35,34,0,0,1,0,1,1,2.0969730000000002
1202,12.623112320000001,PLUS_10_RETURN,J2A,0,1,1.356230944527006,-2.0173150929783912,2.2944645044200604,-0.043389505563176833,-1.7663501448608714,-1.7244700154190638,4.9453740119934082,2.5920500755310059,-0.19634999334812164,-0.34361249208450317,0.1328125,0,-0.84070311486721039,35,34,0,0,1,0,1,1,2.2036039999999999
1203,12.633090359000001,PLUS_10_RETURN,J2A,0,1,1.3361320961234551,-2.0024451913580243,2.2840541306591549,-0.041654443269692587,-1.5132926146928574,-1.6563558768866691,4.9465241432189941,2.5922417640686035,0,-0.073631249368190765,0.12109375,0,-0.76652342826128006,35,34,0,0,1,0,1,1,2.1969560000000001
1204,12.642979536,PLUS_10_RETURN,J2A,0,1,1.3161822265625016,-1.9875195312500025,2.2736394408228926,-0.041654443269692587,-1.3522392692901204,-1.5960343091236489,4.9476747512817383,2.5922417640686035,0.024543749168515205,-0.098174996674060822,0.1171875,0,-0.74179686605930328,35,34,0,0,1,0,1,1,2.0862729999999998
1205,12.653035312,PLUS_10_RETURN,J2A,0,1,1.2963818872098738,-1.9725393580246888,2.259754626399662,-0.041654443269692587,-1.3622285263594958,-1.5745088785886889,4.9492087364196777,2.5922417640686035,0.39269998669624329,-0.22089375555515289,0.125,0,-0.79124999046325684,35,34,0,0,1,0,1,1,2.0476459999999999
1206,12.663059178999999,PLUS_10_RETURN,J2A,0,1,1.2767316169313236,-1.9575059263117258,2.2476048742699151,-0.039917222938529881,-1.3096773597558269,-1.5382662243361498,4.9505510330200195,2.5924336910247803,-0.12271875143051147,-0.24543750286102295,0.12109375,0,-0.76652342826128006,35,34,0,0,1,0,1,1,2.0660919999999998
1207,12.673142966,PLUS_10_RETURN,J2A,0,1,1.2572319420000007,-1.9424205000000003,2.2198352454234533,-0.041654443269692587,-1.815151390413712,-1.6598284894946562,4.9536190032958984,2.5922417640686035,0.44178751111030579,-0.24543750286102295,0.10546875,0,-0.66761717945337296,35,34,0,0,1,0,1,1,2.1446290000000001
1208,12.683186017000001,PLUS_10_RETURN,J2A,0,1,1.237883376003861,-1.9272843522376557,2.1729756152733084,-0.038182160645045642,-2.8129049871269305,-1.9604332357903385,4.9587960243225098,2.5926253795623779,0.58904999494552612,0.14726249873638153,0.0703125,0,-0.44507811963558197,35,34,0,0,1,0,1,1,2.180323
1209,12.693040743999999,PLUS_10_RETURN,J2A,0,1,1.2186864197530802,-1.9120987654320962,2.1000771024948284,-0.038182160645045642,-4.4174482401967916,-2.5041213403725298,4.9668498039245605,2.5926253795623779,0.51541876792907715,-0.26998123526573181,0.04296875,0,-0.27199218422174454,35,34,0,0,1,0,1,1,2.0367540000000002
1210,12.703153231,PLUS_10_RETURN,J2A,0,1,1.1996415611874944,-1.8968650312500035,2.0375975956279677,-0.036447098351561395,-5.0337992562863807,-2.8715543206662675,4.973752498626709,2.5928170680999756,0.61359375715255737,-0.24543750286102295,0.06640625,0,-0.42035155743360519,35,34,0,0,1,0,1,1,2.1670120000000002
1211,12.713137564,PLUS_10_RETURN,J2A,0,1,1.1807492752839455,-1.8815844506172841,1.976848834979235,-0.034712036058077149,-5.4015124942748862,-3.192839739367852,4.980463981628418,2.5930087566375732,1.153556227684021,-0.19634999334812164,0.0546875,0,-0.34617187082767487,35,34,0,0,1,0,1,1,2.1619060000000001
1212,12.723226462,PLUS_10_RETURN,J2A,0,1,1.1620100239637452,-1.8662583337191365,1.8952793268086912,-0.03123975343343021,-6.3407597588948157,-3.6820633761785357,4.9894757270812988,2.5933923721313477,0.95720624923706055,0.31906875967979431,0.0078125,0,-0.049453124403953552,35,34,0,0,1,0,1,1,2.2378939999999998
1213,12.733123002999999,PLUS_10_RETURN,J2A,0,1,1.1434242560000012,-1.8508879999999994,1.8327955038664736,-0.03123975343343021,-6.3312899760694954,-3.9452273622143581,4.9963788986206055,2.5933923721313477,0.17180624604225159,-0.24543750286102295,0.06640625,0,-0.42035155743360519,35,34,0,0,1,0,1,1,2.138277
1214,12.743220274,PLUS_10_RETURN,J2A,0,1,1.1249924069251449,-1.8354747781635794,1.8119704402693058,-0.029504691139945961,-4.8371941481198357,-3.7569491013285408,4.9986796379089355,2.5935840606689453,0.098174996674060822,-0.073631249368190765,0.0859375,0,-0.54398436844348907,35,34,0,0,1,0,1,1,2.229997
1215,12.753089736,PLUS_10_RETURN,J2A,0,1,1.1067148989382769,-1.8200200061728378,1.7859358737163282,-0.029504691139945961,-4.0674381018957284,-3.6450433070864965,5.0015559196472168,2.5935840606689453,0.53996247053146362,-0.24543750286102295,0.06640625,0,-0.42035155743360519,35,34,0,0,1,0,1,1,2.1315789999999999
1216,12.763026858,PLUS_10_RETURN,J2A,0,1,1.0885921408124943,-1.8045250312499985,1.7546918042075412,-0.029504691139945961,-3.7442966834830376,-3.594956667020937,5.0050077438354492,2.5935840606689453,0.34361249208450317,-0.24543750286102295,0.05859375,0,-0.37089843302965164,35,34,0,0,1,0,1,1,2.0490219999999999
1217,12.772998011,PLUS_10_RETURN,J2A,0,1,1.070624527802476,-1.7889912098765461,1.6939473596341652,-0.027769628846461721,-4.5659991799485997,-3.8446628105144507,5.01171875,2.593775749206543,1.0799249410629272,0,0.0234375,0,-0.14835937321186066,35,34,0,0,1,0,1,1,2.0437370000000001
1218,12.783035314999999,PLUS_10_RETURN,J2A,0,1,1.0528124415517066,-1.7734199077932131,1.6054332862143272,-0.026032408515299019,-6.0543782362602467,-4.3420476064040505,5.0214977264404297,2.5939676761627197,1.006293773651123,0,0,0,-0,35,34,0,0,1,0,1,1,2.1206109999999998
1219,12.792965715999999,PLUS_10_RETURN,J2A,0,1,1.03515625,-1.7578125,1.5360092140981727,-0.024297346221814779,-6.3822183656312479,-4.6069492777813847,5.029167652130127,2.5941593647003174,0.39269998669624329,-0.14726249873638153,0,0,-0,35,34,0,0,1,0,1,1,2.0348109999999999
1220,12.802973833999999,PLUS_10_RETURN,J2A,0,1,1.017656307290892,-1.7421703707561687,1.4353453885485885,-0.022562283928330536,-7.668817990615965,-5.1520760794191478,5.0402889251708984,2.594351053237915,1.006293773651123,-0.024543749168515205,-0.03515625,0,0.22253905981779099,35,34,0,0,1,0,1,1,1.9494009999999999
1221,12.813008404,PLUS_10_RETURN,J2A,0,1,1.0003129536790141,-1.7264949135802463,1.3815411931491492,-0.019090001303683587,-6.86139092192942,-5.1730568223426738,5.0462331771850586,2.5947346687316895,0.29452499747276306,0.17180624604225159,0.0234375,0,-0.14835937321186066,35,34,0,0,1,0,1,1,2.0973310000000001
1222,12.823004572,PLUS_10_RETURN,J2A,0,1,0.98312651543750107,-1.7107875312500052,1.3641819380635929,-0.020827221634846294,-5.0677109388294781,-4.8294102371299363,5.0481510162353516,2.5945427417755127,0.51541876792907715,-0.098174996674060822,0.04296875,0,-0.27199218422174454,35,34,0,0,1,0,1,1,2.0830030000000002
1223,12.833037345999999,PLUS_10_RETURN,J2A,0,1,0.96609730476543731,-1.6950496358024689,1.3589767511831401,-0.022562283928330536,-3.4755985197564745,-4.3983510447076037,5.0487260818481445,2.594351053237915,-0.56450623273849487,-0.63813751935958862,0.06640625,0,-0.42035155743360519,35,34,0,0,1,0,1,1,2.0559289999999999
1224,12.843074660999999,PLUS_10_RETURN,J2A,0,1,0.94922561969521801,-1.6792826485339507,1.3537715643026873,-0.022562283928330536,-2.4406432955200308,-4.010374299573507,5.0493011474609375,2.594351053237915,-0.049087498337030411,-0.6626812219619751,0.06640625,0,-0.42035155743360519,35,34,0,0,1,0,1,1,2.094592
1225,12.853073718999999,PLUS_10_RETURN,J2A,0,1,0.93251174400000281,-1.6634880000000005,1.3502971236403623,-0.020827221634846294,-1.7080350215794449,-3.6440845494708491,5.049685001373291,2.5945427417755127,-0.17180624604225159,-0.26998123526573181,0.06640625,0,-0.42035155743360519,35,34,0,0,1,0,1,1,2.1917710000000001
1226,12.86307641,PLUS_10_RETURN,J2A,0,1,0.91595594710107875,-1.6476671300154333,1.3485620613468778,-0.020827221634846294,-1.1709336070107441,-3.2970220496620799,5.0498766899108887,2.5945427417755127,-0.26998123526573181,-0.34361249208450317,0.07421875,0,-0.46980468183755875,35,34,0,0,1,0,1,1,2.1140650000000001
1227,12.873111590000001,PLUS_10_RETURN,J2A,0,1,0.89955848397531568,-1.631821487654316,1.3468269990533934,-0.019090001303683587,-0.82162113555320793,-2.984609642123365,5.0500683784484863,2.5947346687316895,-0.17180624604225159,-0.024543749168515205,0.07421875,0,-0.46980468183755875,35,34,0,0,1,0,1,1,2.1913140000000002
1228,12.883110901,PLUS_10_RETURN,J2A,0,1,0.88331959506250257,-1.6159525312500023,1.3468269990533934,-0.019090001303683587,-0.53405373810958512,-2.6861486779110284,5.0500683784484863,2.5947346687316895,-0.61359375715255737,0.024543749168515205,0.08203125,0,-0.5192578062415123,35,34,0,0,1,0,1,1,2.1585399999999999
1229,12.893028621999999,PLUS_10_RETURN,J2A,0,1,0.86723950617284018,-1.6000617283950604,1.3450919367599095,-0.020827221634846294,-0.40836591244552123,-2.4350283765982943,5.050260066986084,2.5945427417755127,-0.098174996674060822,-0.31906875967979431,0.0703125,0,-0.44507811963558197,35,34,0,0,1,0,1,1,2.0233810000000001
1230,12.902949665,PLUS_10_RETURN,J2A,0,1,0.85131842839429162,-1.5841505559413585,1.3450919367599095,-0.019090001303683587,-0.26543784308958879,-2.1915255389384649,5.050260066986084,2.5947346687316895,-0.24543750286102295,0,0.08203125,0,-0.5192578062415123,35,34,0,0,1,0,1,1,2.071529
1231,12.91296444,PLUS_10_RETURN,J2A,0,1,0.83555655800000039,-1.5682205000000002,1.3398867498794567,-0.019090001303683587,-0.35444736271422483,-2.0243480606749018,5.050835132598877,2.5947346687316895,0.24543750286102295,0.41724374890327454,0.0703125,0,-0.44507811963558197,35,34,0,0,1,0,1,1,1.9370579999999999
1232,12.923014909999999,PLUS_10_RETURN,J2A,0,1,0.81995407635570672,-1.5522730559413609,1.3398867498794567,-0.020827221634846294,-0.23039078576424615,-1.8219132546074117,5.050835132598877,2.5945427417755127,-0.36815625429153442,-0.34361249208450317,0.08203125,0,-0.5192578062415123,35,34,0,0,1,0,1,1,2.0204909999999998
1233,12.933030879,PLUS_10_RETURN,J2A,0,1,0.80451114982715843,-1.5363097283950644,1.3398867498794567,-0.019090001303683587,-0.14975401074676001,-1.6397219291466705,5.050835132598877,2.5947346687316895,-0.56450623273849487,0.024543749168515205,0.07421875,0,-0.46980468183755875,35,34,0,0,1,0,1,1,2.048667
1234,12.943021903,PLUS_10_RETURN,J2A,0,1,0.78922792968750244,-1.5203320312499979,1.3364123092171312,-0.020827221634846294,-0.21905478125841837,-1.5105253574528676,5.0512189865112305,2.5945427417755127,0.024543749168515205,0.12271875143051147,0.0859375,0,-0.54398436844348907,35,34,0,0,1,0,1,1,2.0367359999999999
1235,12.953082343,PLUS_10_RETURN,J2A,0,1,0.77410455202469564,-1.5043414876543229,1.3364123092171312,-0.017354939010199345,-0.14238560781797194,-1.3594728217075809,5.0512189865112305,2.5949263572692871,-0.22089375555515289,0.41724374890327454,0.08203125,0,-0.5192578062415123,35,34,0,0,1,0,1,1,2.093896
1236,12.963088393,PLUS_10_RETURN,J2A,0,1,0.75914113764891766,-1.4883396300154375,1.3312071223366784,-0.019090001303683587,-0.27462203270802599,-1.2755459360014925,5.0517940521240234,2.5947346687316895,0.098174996674060822,-0.049087498337030411,0.08203125,0,-0.5192578062415123,35,34,0,0,1,0,1,1,2.2129880000000002
1237,12.973058878,PLUS_10_RETURN,J2A,0,1,0.74433779200000494,-1.4723280000000027,1.32773699774971,-0.017354939010199345,-0.30031821551299492,-1.1827953121878512,5.0521774291992188,2.5949263572692871,0.24543750286102295,0.26998123526573181,0.0859375,0,-0.54398436844348907,35,34,0,0,1,0,1,1,2.1691250000000002
1238,12.983075532000001,PLUS_10_RETURN,J2A,0,1,0.729694605054787,-1.4563081485339544,1.32773699774971,-0.019090001303683587,-0.19520684008344671,-1.0645157809690662,5.0521774291992188,2.5947346687316895,-0.39269998669624329,-0.049087498337030411,0.09375,0,-0.59343749284744263,35,34,0,0,1,0,1,1,2.1850510000000001
1239,12.992984361,PLUS_10_RETURN,J2A,0,1,0.71521165123456498,-1.4402816358024673,1.3242668731627416,-0.020827221634846294,-0.24945630650708459,-0.99308473443011502,5.0525608062744141,2.5945427417755127,0,-0.4908750057220459,0.0859375,0,-0.54398436844348907,35,34,0,0,1,0,1,1,2.1085590000000001
1240,13.003047308999999,PLUS_10_RETURN,J2A,0,1,0.70088898931249943,-1.4242500312499975,1.3225274947939003,-0.020827221634846294,-0.22264402295617752,-0.91106123919469562,5.0527529716491699,2.5945427417755127,-0.22089375555515289,-0.34361249208450317,0.1015625,0,-0.64289061725139618,35,34,0,0,1,0,1,1,2.156101
1241,13.012980629999999,PLUS_10_RETURN,J2A,0,1,0.68672666232099289,-1.4082149135802466,1.3225274947939003,-0.019090001303683587,-0.14471861492151539,-0.81995511527522602,5.0527529716491699,2.5947346687316895,-0.39269998669624329,-0.098174996674060822,0.09375,0,-0.59343749284744263,35,34,0,0,1,0,1,1,2.0118130000000001
1242,13.023060053,PLUS_10_RETURN,J2A,0,1,0.67272469745910257,-1.3921778707561692,1.3155872456199635,-0.019090001303683587,-0.33506176882615024,-0.80681522349832202,5.0535197257995605,2.5947346687316895,0.073631249368190765,-0.17180624604225159,0.09375,0,-0.59343749284744263,35,34,0,0,1,0,1,1,2.0742060000000002
1243,13.032983184000001,PLUS_10_RETURN,J2A,0,1,0.658883105999994,-1.3761404999999982,1.3051725557837008,-0.020827221634846294,-0.58512798319819748,-0.8310873678516898,5.0546703338623047,2.5945427417755127,0.4908750057220459,-0.39269998669624329,0.08984375,0,-0.56871093064546585,35,34,0,0,1,0,1,1,2.0003540000000002
1244,13.043046731,PLUS_10_RETURN,J2A,0,1,0.64520188319830396,-1.3601044077932092,1.2878176167735018,-0.019090001303683587,-0.98392043854165245,-0.92043213091304199,5.0565876960754395,2.5947346687316895,0.098174996674060822,-0.46633124351501465,0.08203125,0,-0.5192578062415123,35,34,0,0,1,0,1,1,2.0646800000000001
1245,13.052953909999999,PLUS_10_RETURN,J2A,0,1,0.63168100819752127,-1.3440712098765437,1.2635181125140083,-0.019090001303683587,-1.4979991610101711,-1.0736605966669084,5.059272289276123,2.5947346687316895,0.53996247053146362,-0.24543750286102295,0.06640625,0,-0.42035155743360519,35,34,0,0,1,0,1,1,1.967155
1246,13.063094429,PLUS_10_RETURN,J2A,0,1,0.61832044393750252,-1.328042531249999,1.2357484836675465,-0.019090001303683587,-1.9321681579114922,-1.2401427379301837,5.062340259552002,2.5947346687316895,0.22089375555515289,-0.36815625429153442,0.06640625,0,-0.42035155743360519,35,34,0,0,1,0,1,1,2.117286
1247,13.073020117,PLUS_10_RETURN,J2A,0,1,0.60512013706173029,-1.3120200061728373,1.2131883577768947,-0.017354939010199345,-2.0514253476488609,-1.3434187627104199,5.0648326873779297,2.5949263572692871,-0.31906875967979431,-0.12271875143051147,0.06640625,0,-0.42035155743360519,35,34,0,0,1,0,1,1,2.1413489999999999
1248,13.083049974,PLUS_10_RETURN,J2A,0,1,0.59208001782484487,-1.2960052781635767,1.1940940403978539,-0.017354939010199345,-1.9997381773913079,-1.3994516582735346,5.0669422149658203,2.5949263572692871,-0.24543750286102295,-0.24543750286102295,0.0703125,0,-0.44507811963558197,35,34,0,0,1,0,1,1,2.1267019999999999
1249,13.093050004,PLUS_10_RETURN,J2A,0,1,0.57920000000000194,-1.2800000000000011,1.1819442882681075,-0.015619876716715105,-1.7250698641253084,-1.3810036492521693,5.0682845115661621,2.5951180458068848,-0.17180624604225159,0.049087498337030411,0.08203125,0,-0.5192578062415123,35,34,0,0,1,0,1,1,2.157219
1250,13.103090907,PLUS_10_RETURN,J2A,0,1,0.56647998078626038,-1.2640058337191342,1.1732689768006863,-0.017354939010199345,-1.4236944104166602,-1.3293029982512983,5.0692429542541504,2.5949263572692871,0.22089375555515289,-0.19634999334812164,0.08984375,0,-0.56871093064546585,35,34,0,0,1,0,1,1,2.21577
1251,13.113083614000001,PLUS_10_RETURN,J2A,0,1,0.5539198407160395,-1.2480244506172837,1.1697945361383608,-0.017354939010199345,-1.0470955415138576,-1.2311424626384624,5.0696268081665039,2.5949263572692871,-0.19634999334812164,-0.29452499747276306,0.08984375,0,-0.56871093064546585,35,34,0,0,1,0,1,1,2.1940870000000001
1252,13.123090918000001,PLUS_10_RETURN,J2A,0,1,0.54151944356250148,-1.2320575312499986,1.1680594738448766,-0.019090001303683587,-0.74129495949682578,-1.125366175663993,5.0698184967041016,2.5947346687316895,0.073631249368190765,-0.63813751935958862,0.1015625,0,-0.64289061725139618,35,34,0,0,1,0,1,1,2.2164229999999998
1253,13.133010445,PLUS_10_RETURN,J2A,0,1,0.5292786362469073,-1.2161067654320974,1.1645893492579082,-0.015619876716715105,-0.60428139296755434,-1.0478123207531986,5.0702018737792969,2.5951180458068848,-0.024543749168515205,0.024543749168515205,0.0859375,0,-0.54398436844348907,35,34,0,0,1,0,1,1,2.1197149999999998
1254,13.143087453,PLUS_10_RETURN,J2A,0,1,0.51719724874613071,-1.2001738522376471,1.1645893492579082,-0.017354939010199345,-0.39278290542891031,-0.94303108867787877,5.0702018737792969,2.5949263572692871,0.024543749168515205,-0.24543750286102295,0.08984375,0,-0.56871093064546585,35,34,0,0,1,0,1,1,2.1691889999999998
1255,13.153073776999999,PLUS_10_RETURN,J2A,0,1,0.5052750940000017,-1.1842604999999977,1.1628542869644241,-0.017354939010199345,-0.3161192330278767,-0.86610236395268669,5.0703935623168945,2.5949263572692871,0.024543749168515205,-0.31906875967979431,0.09375,0,-0.59343749284744263,35,34,0,0,1,0,1,1,2.182124
1256,13.16313759,PLUS_10_RETURN,J2A,0,1,0.49351196781866591,-1.1683684263117211,1.1645893492579082,-0.015619876716715105,-0.1451353823608347,-0.76225152209819369,5.0702018737792969,2.5951180458068848,-0.19634999334812164,0,0.09375,0,-0.59343749284744263,35,34,0,0,1,0,1,1,2.1553680000000002
1257,13.173124828000001,PLUS_10_RETURN,J2A,0,1,0.48190764879011994,-1.1524993580246907,1.1611192246709394,-0.015619876716715105,-0.21594755719720715,-0.720771958077707,5.0705852508544922,2.5951180458068848,0,0.024543749168515205,0.09375,0,-0.59343749284744263,35,34,0,0,1,0,1,1,2.1399400000000002
1258,13.183092161999999,PLUS_10_RETURN,J2A,0,1,0.47046189818749973,-1.1366550312499986,1.1593841623774555,-0.017354939010199345,-0.20129211398093955,-0.66610224849929478,5.0707769393920898,2.5949263572692871,0.073631249368190765,-0.31906875967979431,0.1015625,0,-0.64289061725139618,35,34,0,0,1,0,1,1,2.1114839999999999
1259,13.193020925000001,PLUS_10_RETURN,J2A,0,1,0.45917445987655015,-1.1208371913580291,1.1593841623774555,-0.015619876716715105,-0.13083987408761072,-0.59949202364936527,5.0707769393920898,2.5951180458068848,-0.19634999334812164,0.049087498337030411,0.1015625,0,-0.64289061725139618,35,34,0,0,1,0,1,1,2.032044
1260,13.20303541,PLUS_10_RETURN,J2A,0,1,0.44804506022299151,-1.1050475929783883,1.1576491000839713,-0.015619876716715105,-0.14568526233885076,-0.55686834819354414,5.0709686279296875,2.5951180458068848,0.049087498337030411,-0.34361249208450317,0.1015625,0,-0.64289061725139618,35,34,0,0,1,0,1,1,2.1609699999999998
1261,13.212967326999999,PLUS_10_RETURN,J2A,0,1,0.43707340800000161,-1.0892880000000045,1.1576491000839713,-0.015619876716715105,-0.094695420520252996,-0.5011815133741897,5.0709686279296875,2.5951180458068848,0.049087498337030411,0,0.09375,0,-0.59343749284744263,35,34,0,0,1,0,1,1,2.0750120000000001
1262,13.222966317999999,PLUS_10_RETURN,J2A,0,1,0.42625919429551828,-1.073560185570986,1.1593841623774555,-0.015619876716715105,-0.00081871507541279864,-0.43371098824741311,5.0707769393920898,2.5951180458068848,-0.36815625429153442,-0.024543749168515205,0.09375,0,-0.59343749284744263,35,34,0,0,1,0,1,1,2.0761660000000002
1263,13.23306648,PLUS_10_RETURN,J2A,0,1,0.41560209241974988,-1.0578659320987664,1.1576491000839713,-0.015619876716715105,-0.060657121479855254,-0.40751844847433949,5.0709686279296875,2.5951180458068848,0,0.049087498337030411,0.10546875,0,-0.66761717945337296,35,34,0,0,1,0,1,1,2.1754880000000001
1264,13.243051960000001,PLUS_10_RETURN,J2A,0,1,0.4051017578124938,-1.0422070312500005,1.1576491000839713,-0.015619876716715105,-0.039427128961905915,-0.36676660362690555,5.0709686279296875,2.5951180458068848,0,0,0.1015625,0,-0.64289061725139618,35,34,0,0,1,0,1,1,2.0632030000000001
1265,13.253151859999999,PLUS_10_RETURN,J2A,0,1,0.39475782795062031,-1.0265852839506155,1.1576491000839713,-0.015619876716715105,-0.025627633825238846,-0.33008994326421498,5.0709686279296875,2.5951180458068848,-0.098174996674060822,0,0.1015625,0,-0.64289061725139618,35,34,0,0,1,0,1,1,2.1650450000000001
1266,13.263076126,PLUS_10_RETURN,J2A,0,1,0.38456992225539999,-1.0110025003857981,1.15590972171513,-0.015619876716715105,-0.078000778583060856,-0.31460746796540934,5.0711607933044434,2.5951180458068848,-0.24543750286102295,-0.26998123526573181,0.10546875,0,-0.66761717945337296,35,34,0,0,1,0,1,1,2.0843579999999999
1267,13.273025677,PLUS_10_RETURN,J2A,0,1,0.3745376420000035,-0.9954605000000043,1.1507045348346774,-0.017354939010199345,-0.23380579476572427,-0.33546251793650689,5.0717358589172363,2.5949263572692871,0.024543749168515205,-0.24543750286102295,0.1015625,0,-0.64289061725139618,35,34,0,0,1,0,1,1,2.1494119999999999
1268,13.283054449,PLUS_10_RETURN,J2A,0,1,0.36466057021682374,-0.97996111149691134,1.1507045348346774,-0.019090001303683587,-0.15197376659772077,-0.30191626614285622,5.0717358589172363,2.5947346687316895,-0.19634999334812164,-0.63813751935958862,0.10546875,0,-0.66761717945337296,35,34,0,0,1,0,1,1,2.1620499999999998
1269,13.293078138,PLUS_10_RETURN,J2A,0,1,0.3549382716049454,-0.96450617283950701,1.1454993479542246,-0.017354939010199345,-0.28053393918202957,-0.32365349406957378,5.0723109245300293,2.5949263572692871,-0.14726249873638153,-0.39269998669624329,0.09375,0,-0.59343749284744263,35,34,0,0,1,0,1,1,2.1651859999999998
1270,13.303127176,PLUS_10_RETURN,J2A,0,1,0.34537029243749906,-0.94909753125000651,1.1437642856607402,-0.015619876716715105,-0.24277789998942997,-0.3085540988115052,5.072502613067627,2.5951180458068848,0.024543749168515205,-0.049087498337030411,0.109375,0,-0.69234374165534973,35,34,0,0,1,0,1,1,2.215271
1271,13.313173226,PLUS_10_RETURN,J2A,0,1,0.33595616046913079,-0.93373704320987305,1.1437642856607402,-0.015619876716715105,-0.1578056349931295,-0.27769868893035471,5.072502613067627,2.5951180458068848,-0.24543750286102295,0.12271875143051147,0.1015625,0,-0.64289061725139618,35,34,0,0,1,0,1,1,2.1924939999999999
1272,13.323159356,PLUS_10_RETURN,J2A,0,1,0.32669538484337401,-0.91842657445987785,1.1368197204114463,-0.015619876716715105,-0.34597103863118039,-0.3194709274332182,5.0732698440551758,2.5951180458068848,0.63813751935958862,0.098174996674060822,0.1171875,0,-0.74179686605930328,35,34,0,0,1,0,1,1,2.1562009999999998
1273,13.333250801,PLUS_10_RETURN,J2A,0,1,0.3175874560000036,-0.90316799999999486,1.1368197204114463,-0.017354939010199345,-0.22488117511026726,-0.2875238346898964,5.0732698440551758,2.5949263572692871,0.049087498337030411,-0.39269998669624329,0.10546875,0,-0.66761717945337296,35,34,0,0,1,0,1,1,2.255185
1274,13.343152367,PLUS_10_RETURN,J2A,0,1,0.30863184558255874,-0.88796320408950358,1.1316145335309935,-0.015619876716715105,-0.3301654179289627,-0.3113407809658465,5.0738449096679688,2.5951180458068848,0.29452499747276306,-0.024543749168515205,0.10546875,0,-0.66761717945337296,35,34,0,0,1,0,1,1,2.1675170000000001
1275,13.353161352000001,PLUS_10_RETURN,J2A,0,1,0.29982800634568463,-0.87281408024691021,1.1298794712375093,-0.017354939010199345,-0.27528018753547356,-0.29754175026401836,5.0740365982055664,2.5949263572692871,0.29452499747276306,-0.36815625429153442,0.10546875,0,-0.66761717945337296,35,34,0,0,1,0,1,1,2.161502
1276,13.363187925,PLUS_10_RETURN,J2A,0,1,0.29117537206250077,-0.85772253124999875,1.1316145335309935,-0.015619876716715105,-0.11836588428930475,-0.25048293592082993,5.0738449096679688,2.5951180458068848,-0.24543750286102295,-0.098174996674060822,0.1171875,0,-0.74179686605930328,35,34,0,0,1,0,1,1,2.2079599999999999
1277,13.373197040000001,PLUS_10_RETURN,J2A,0,1,0.28267335743209721,-0.84269046913579615,1.1298794712375093,-0.015619876716715105,-0.13760970264332489,-0.24276946457311174,5.0740365982055664,2.5951180458068848,-0.22089375555515289,-0.098174996674060822,0.109375,0,-0.69234374165534973,35,34,0,0,1,0,1,1,2.2088580000000002
1278,13.383117406,PLUS_10_RETURN,J2A,0,1,0.27432135798688861,-0.82771981520061222,1.1246699682816999,-0.015619876716715105,-0.27324255320074381,-0.27100573139653844,5.0746121406555176,2.5951180458068848,0.19634999334812164,-0.024543749168515205,0.10546875,0,-0.66761717945337296,35,34,0,0,1,0,1,1,2.1302840000000001
1279,13.393069509,PLUS_10_RETURN,J2A,0,1,0.2661187500000004,-0.81281249999999683,1.1211998436947312,-0.015619876716715105,-0.29964654979685612,-0.27877341260441968,5.0749955177307129,2.5951180458068848,-0.44178751111030579,-0.12271875143051147,0.109375,0,-0.69234374165534973,35,34,0,0,1,0,1,1,2.0678049999999999
1280,13.403089705999999,PLUS_10_RETURN,J2A,0,1,0.25806489039274538,-0.79797046334876498,1.1177297191077629,-0.015619876716715105,-0.31597981097643474,-0.2855273723749715,5.0753788948059082,2.5951180458068848,-0.24543750286102295,-0.098174996674060822,0.1015625,0,-0.64289061725139618,35,34,0,0,1,0,1,1,2.1018289999999999
1281,13.41317501,PLUS_10_RETURN,J2A,0,1,0.25015911664197255,-0.78319565432098348,1.1107851538584688,-0.015619876716715105,-0.44639080098792855,-0.32583289909554464,5.076146125793457,2.5951180458068848,-0.17180624604225159,-0.098174996674060822,0.09375,0,-0.59343749284744263,35,34,0,0,1,0,1,1,2.188488
1282,13.42313468,PLUS_10_RETURN,J2A,0,1,0.24240074668750111,-0.76849003124999382,1.1021098423910476,-0.017354939010199345,-0.59501944425530695,-0.38035401593260548,5.0771045684814453,2.5949263572692871,-0.14726249873638153,-0.36815625429153442,0.1015625,0,-0.64289061725139618,35,34,0,0,1,0,1,1,2.141203
1283,13.433158412999999,PLUS_10_RETURN,J2A,0,1,0.23478907883950129,-0.75385556172838863,1.0864856495989756,-0.015619876716715105,-0.93231462795259568,-0.49819061124981534,5.0788307189941406,2.5951180458068848,0,-0.14726249873638153,0.09375,0,-0.59343749284744263,35,34,0,0,1,0,1,1,2.1712410000000002
1284,13.443056010999999,PLUS_10_RETURN,J2A,0,1,0.22732339168594606,-0.73929422260802014,1.065660586001808,-0.015619876716715105,-1.3424228047102771,-0.65877677770800247,5.0811314582824707,2.5951180458068848,-0.17180624604225159,-0.29452499747276306,0.08203125,0,-0.5192578062415123,35,34,0,0,1,0,1,1,2.0693069999999998
1285,13.453075296,PLUS_10_RETURN,J2A,0,1,0.22000294399999731,-0.72480799999999834,1.0135914528958527,-0.013884814423230861,-2.6914867101957287,-1.1125882105469305,5.0868840217590332,2.5953097343444824,1.1780999898910522,0.024543749168515205,0.04296875,0,-0.27199218422174454,35,34,0,0,1,0,1,1,2.1217800000000002
1286,13.463078435,PLUS_10_RETURN,J2A,0,1,0.21282697464738121,-0.71039888927469264,0.94590244307318283,-0.012147594092068156,-4.1178382734775028,-1.6780070785923171,5.0943622589111328,2.5955016613006592,0.6626812219619751,0.098174996674060822,0.0234375,0,-0.14835937321186066,35,34,0,0,1,0,1,1,2.1873390000000001
1287,13.473050695,PLUS_10_RETURN,J2A,0,1,0.20579470249382581,-0.69606889506172709,0.90077787521652186,-0.012147594092068156,-4.2603480841380623,-1.9627072868409956,5.0993475914001465,2.5955016613006592,0.34361249208450317,-0.049087498337030411,0.05859375,0,-0.37089843302965164,35,34,0,0,1,0,1,1,2.0942150000000002
1288,13.483050971000001,PLUS_10_RETURN,J2A,0,1,0.19890532631248625,-0.68182003124999713,0.87647837095702841,-0.012147594092068156,-3.6196854310986315,-2.0094248942737223,5.1020321846008301,2.5955016613006592,0.073631249368190765,-0.24543750286102295,0.05859375,0,-0.37089843302965164,35,34,0,0,1,0,1,1,2.1170870000000002
1289,13.493027594999999,PLUS_10_RETURN,J2A,0,1,0.19215802469137344,-0.66765432098765243,0.8469736798170826,-0.012147594092068156,-3.3878793320074592,-2.1042206339301641,5.1052918434143066,2.5955016613006592,0.19634999334812164,-0.26998123526573181,0.05859375,0,-0.37089843302965164,35,34,0,0,1,0,1,1,2.0363190000000002
1290,13.503063589,PLUS_10_RETURN,J2A,0,1,0.18555195594058382,-0.65357379668209714,0.81052873950319959,-0.010412531798583915,-3.4731196462997231,-2.256940879249969,5.1093182563781738,2.5956933498382568,0.56450623273849487,0.34361249208450317,0.0390625,0,-0.24726562201976776,35,34,0,0,1,0,1,1,2.0538310000000002
1291,13.512945222999999,PLUS_10_RETURN,J2A,0,1,0.17908625800000166,-0.639580499999995,0.75498948181027614,-0.012147594092068156,-4.2246862574993109,-2.5932920734405411,5.1154541969299316,2.5955016613006592,0.53996247053146362,-0.4908750057220459,0.01171875,0,-0.074179686605930328,35,34,0,0,1,0,1,1,1.9378899999999999
1292,13.523025004000001,PLUS_10_RETURN,J2A,0,1,0.1727600483464542,-0.62567648186727598,0.70812553558477387,-0.012147594092068156,-4.3733017764939248,-2.7988930687020224,5.1206316947937012,2.5955016613006592,0.12271875143051147,-0.61359375715255737,0.03515625,0,-0.22253905981779099,35,34,0,0,1,0,1,1,2.005039
1293,13.533047666,PLUS_10_RETURN,J2A,0,1,0.1665724239012345,-0.6118638024691414,0.69424072116154301,-0.0086774695050996723,-3.327515847835643,-2.6575379598645608,5.1221656799316406,2.5958850383758545,0.073631249368190765,-0.073631249368190765,0.05859375,0,-0.37089843302965164,35,34,0,0,1,0,1,1,2.0257589999999999
1294,13.543056261,PLUS_10_RETURN,J2A,0,1,0.1605224609375,-0.59814453125,0.68556540969412183,-0.010412531798583915,-2.4662604515111126,-2.478462778283232,5.1231241226196289,2.5956933498382568,-0.24543750286102295,-0.36815625429153442,0.07421875,0,-0.46980468183755875,35,34,0,0,1,0,1,1,2.1241050000000001
1295,13.553052029,PLUS_10_RETURN,J2A,0,1,0.15460921498765856,-0.58452074691357936,0.67688578215134365,-0.0086774695050996723,-1.9069848745533817,-2.3174495236180972,5.1240830421447754,2.5958850383758545,0.56450623273849487,-0.14726249873638153,0.05859375,0,-0.37089843302965164,35,34,0,0,1,0,1,1,2.0482819999999999
1296,13.563053590000001,PLUS_10_RETURN,J2A,0,1,0.14883172075077944,-0.57099453742284945,0.67515071985785946,-0.0086774695050996723,-1.300257870698319,-2.1030524861816078,5.124274730682373,2.5958850383758545,-0.34361249208450317,-0.024543749168515205,0.06640625,0,-0.42035155743360519,35,34,0,0,1,0,1,1,2.0601729999999998
1297,13.573102318,PLUS_10_RETURN,J2A,0,1,0.14318899200000956,-0.55756799999999862,0.66820615460856558,-0.0086774695050996723,-1.0870487612344883,-1.9618561362150417,5.1250419616699219,2.5958850383758545,0.17180624604225159,-0.098174996674060822,0.06640625,0,-0.42035155743360519,35,34,0,0,1,0,1,1,2.1086849999999999
1298,13.583000032999999,PLUS_10_RETURN,J2A,0,1,0.13768002148996317,-0.54424324112654077,0.66994121690204989,-0.010412531798583915,-0.64522694749765563,-1.7481405947921771,5.1248502731323242,2.5956933498382568,-0.58904999494552612,-0.36815625429153442,0.07421875,0,-0.46980468183755875,35,34,0,0,1,0,1,1,2.0193599999999998
1299,13.593030589,PLUS_10_RETURN,J2A,0,1,0.13230378086419492,-0.53102237654321394,0.66820615460856558,-0.010412531798583915,-0.47993970343710579,-1.5906243031882823,5.1250419616699219,2.5956933498382568,-0.36815625429153442,-0.46633124351501465,0.0703125,0,-0.44507811963558197,35,34,0,0,1,0,1,1,2.0397780000000001
1300,13.603003226,PLUS_10_RETURN,J2A,0,1,0.12705922056250785,-0.51790753124999844,0.66647109231508139,-0.0086774695050996723,-0.37285461122191349,-1.4489601025802525,5.1252336502075195,2.5958850383758545,-0.24543750286102295,0,0.07421875,0,-0.46980468183755875,35,34,0,0,1,0,1,1,2.0152230000000002
1301,13.613117376,PLUS_10_RETURN,J2A,0,1,0.12194526972840514,-0.50490083950617637,0.66473603002159709,-0.0086774695050996723,-0.30239730038392731,-1.321218893204994,5.1254253387451172,2.5958850383758545,-0.34361249208450317,-0.024543749168515205,0.07421875,0,-0.46980468183755875,35,34,0,0,1,0,1,1,2.1221320000000001
1302,13.623038020999999,PLUS_10_RETURN,J2A,0,1,0.11696083611650643,-0.49200444483024219,0.66300096772811279,-0.0086774695050996723,-0.25777118077134054,-1.2065864140335767,5.1256170272827148,2.5958850383758545,0.024543749168515205,0,0.0703125,0,-0.44507811963558197,35,34,0,0,1,0,1,1,2.0207039999999998
1303,13.632987304,PLUS_10_RETURN,J2A,0,1,0.11210480600000849,-0.47922050000000382,0.6612659054346286,-0.010412531798583915,-0.22858800780913097,-1.103366841289579,5.1258087158203125,2.5956933498382568,0,-0.36815625429153442,0.08203125,0,-0.5192578062415123,35,34,0,0,1,0,1,1,1.9809559999999999
1304,13.643042097,PLUS_10_RETURN,J2A,0,1,0.10737604407792922,-0.46655116705246991,0.65953084314114441,-0.010412531798583915,-0.20897845616926541,-1.0102862289015726,5.1260004043579102,2.5956933498382568,0.073631249368190765,-0.44178751111030579,0.08203125,0,-0.5192578062415123,35,34,0,0,1,0,1,1,2.097661
1305,13.652929853,PLUS_10_RETURN,J2A,0,1,0.10277339338272462,-0.45399861728395641,0.65953084314114441,-0.0086774695050996723,-0.13583599651002251,-0.90925760601141536,5.1260004043579102,2.5958850383758545,-0.24543750286102295,-0.073631249368190765,0.08203125,0,-0.5192578062415123,35,34,0,0,1,0,1,1,2.0108579999999998
1306,13.663057646,PLUS_10_RETURN,J2A,0,1,0.098295675187509701,-0.44156503125000413,0.65779578084766022,-0.0086774695050996723,-0.14825431939721551,-0.83546353731475975,5.1261920928955078,2.5958850383758545,-0.39269998669624329,0,0.07421875,0,-0.46980468183755875,35,34,0,0,1,0,1,1,2.125807
1307,13.673047033,PLUS_10_RETURN,J2A,0,1,0.093941688913590227,-0.42925259876543131,0.65258627789185042,-0.0086774695050996723,-0.27889162624351554,-0.80406756033623383,5.126767635345459,2.5958850383758545,0.073631249368190765,-0.049087498337030411,0.0859375,0,-0.54398436844348907,35,34,0,0,1,0,1,1,2.063564
1308,13.683035722,PLUS_10_RETURN,J2A,0,1,0.089710212037811488,-0.41706351890432225,0.65085121559836623,-0.010412531798583915,-0.24207550362539354,-0.74103107475035579,5.1269593238830566,2.5956933498382568,0.049087498337030411,-0.39269998669624329,0.0703125,0,-0.44507811963558197,35,34,0,0,1,0,1,1,2.059707
1309,13.693144409,PLUS_10_RETURN,J2A,0,1,0.085599999999995902,-0.4049999999999917,0.64911615330488204,-0.010412531798583915,-0.2174233286138082,-0.68409203906312088,5.1271510124206543,2.5956933498382568,-0.19634999334812164,-0.44178751111030579,0.07421875,0,-0.46980468183755875,35,34,0,0,1,0,1,1,2.1338219999999999
1310,13.703045481,PLUS_10_RETURN,J2A,0,1,0.081609786110345084,-0.39306425964506175,0.64391096642442924,-0.0086774695050996723,-0.32532699775981128,-0.66825478777419045,5.1277260780334473,2.5958850383758545,0.024543749168515205,-0.19634999334812164,0.07421875,0,-0.46980468183755875,35,34,0,0,1,0,1,1,2.0472670000000002
1311,13.713057907,PLUS_10_RETURN,J2A,0,1,0.077738281456799285,-0.38125852469136134,0.64043652576210375,-0.0086774695050996723,-0.3329170523588364,-0.63613059580104536,5.1281099319458008,2.5958850383758545,-0.17180624604225159,-0.12271875143051147,0.0703125,0,-0.44507811963558197,35,34,0,0,1,0,1,1,2.0677490000000001
1312,13.722984165,PLUS_10_RETURN,J2A,0,1,0.073984174812506964,-0.36958503125000897,0.63696640117513537,-0.0086774695050996723,-0.33875272693320835,-0.6074765770495022,5.1284933090209961,2.5958850383758545,0.073631249368190765,-0.12271875143051147,0.0703125,0,-0.44507811963558197,35,34,0,0,1,0,1,1,1.995757
1313,13.733031773,PLUS_10_RETURN,J2A,0,1,0.070346132543214424,-0.35804602469135938,0.63696640117513537,-0.0086774695050996723,-0.22018927250658543,-0.54672891934455203,5.1284933090209961,2.5958850383758545,-0.17180624604225159,-0.12271875143051147,0.08203125,0,-0.5192578062415123,35,34,0,0,1,0,1,1,2.0452729999999999
1314,13.743036197,PLUS_10_RETURN,J2A,0,1,0.066822798514660775,-0.346643759645063,0.63696640117513537,-0.0069424072116154303,-0.14312302712928054,-0.49205602741009685,5.1284933090209961,2.5960767269134521,-0.46633124351501465,0.19634999334812164,0.08203125,0,-0.5192578062415123,35,34,0,0,1,0,1,1,2.0513189999999999
1315,13.753075363000001,PLUS_10_RETURN,J2A,0,1,0.06341279399999955,-0.33538050000000652,0.63523133888165118,-0.0086774695050996723,-0.15352023173758911,-0.4601333572701034,5.1286849975585938,2.5958850383758545,-0.24543750286102295,-0.24543750286102295,0.07421875,0,-0.46980468183755875,35,34,0,0,1,0,1,1,2.0860449999999999
1316,13.763025342000001,PLUS_10_RETURN,J2A,0,1,0.060114717587183009,-0.324258518904319,0.63349627658816687,-0.0069424072116154303,-0.16082062142354306,-0.43155787034141024,5.1288766860961914,2.5960767269134521,0,0.22089375555515289,0.0703125,0,-0.44507811963558197,35,34,0,0,1,0,1,1,2.031399
1317,13.773034275000001,PLUS_10_RETURN,J2A,0,1,0.056927145086431707,-0.31328009876543084,0.63349627658816687,-0.0086774695050996723,-0.104533403925303,-0.38840208330726922,5.1288766860961914,2.5958850383758545,-0.17180624604225159,0.29452499747276306,0.07421875,0,-0.46980468183755875,35,34,0,0,1,0,1,1,1.9996579999999999
1318,13.783099289000001,PLUS_10_RETURN,J2A,0,1,0.05384862943749269,-0.30244753125000301,0.63349627658816687,-0.0086774695050996723,-0.06794671255144695,-0.34956187497654229,5.1288766860961914,2.5958850383758545,-0.22089375555515289,-0.098174996674060822,0.07421875,0,-0.46980468183755875,35,34,0,0,1,0,1,1,2.0877699999999999
1319,13.792906216,PLUS_10_RETURN,J2A,0,1,0.050877700617286692,-0.29176311728395038,0.63176121429468268,-0.0086774695050996723,-0.10608810437181852,-0.33229789925413894,5.1290683746337891,2.5958850383758545,-0.24543750286102295,-0.24543750286102295,0.07421875,0,-0.46980468183755875,35,34,0,0,1,0,1,1,2.0168219999999999
1320,13.803052725000001,PLUS_10_RETURN,J2A,0,1,0.048012865547075734,-0.28122916705247764,0.62655171133887311,-0.0086774695050996723,-0.24865710692262374,-0.35041092049470846,5.1296439170837402,2.5958850383758545,0.024543749168515205,-0.098174996674060822,0.0703125,0,-0.44507811963558197,35,34,0,0,1,0,1,1,2.1224280000000002
1321,13.813054951,PLUS_10_RETURN,J2A,0,1,0.045252608000003747,-0.27084800000000797,0.62481664904538881,-0.0086774695050996723,-0.22234078490974041,-0.33271658999096193,5.1298356056213379,2.5958850383758545,-0.53996247053146362,-0.098174996674060822,0.06640625,0,-0.42035155743360519,35,34,0,0,1,0,1,1,2.1339139999999999
1322,13.823096587,PLUS_10_RETURN,J2A,0,1,0.042595388508495091,-0.26062194483024231,0.61614133757796752,-0.0069424072116154303,-0.44689843498698478,-0.38583833807633816,5.1307940483093262,2.5960767269134521,-0.073631249368190765,0.24543750286102295,0.05859375,0,-0.37089843302965164,35,34,0,0,1,0,1,1,2.1543640000000002
1323,13.833022414,PLUS_10_RETURN,J2A,0,1,0.040039644271594454,-0.25055333950616543,0.60399158544822096,-0.0086774695050996723,-0.71890301980629023,-0.46965994343006151,5.132136344909668,2.5958850383758545,0.26998123526573181,-0.24543750286102295,0.0546875,0,-0.34617187082767487,35,34,0,0,1,0,1,1,2.098363
1324,13.843031092,PLUS_10_RETURN,J2A,0,1,0.037583789062498596,-0.24064453125000423,0.58837170873150579,-0.0086774695050996723,-1.013508636790486,-0.57875728449174035,5.1338620185852051,2.5958850383758545,0.29452499747276306,-0.29452499747276306,0.04296875,0,-0.27199218422174454,35,34,0,0,1,0,1,1,2.0771639999999998
1325,13.853052116000001,PLUS_10_RETURN,J2A,0,1,0.035226213135794993,-0.23089787654321015,0.56060207988504418,-0.0069424072116154303,-1.6286785102027885,-0.79799524069655858,5.136929988861084,2.5960767269134521,0.24543750286102295,0,0.02734375,0,-0.17308593541383743,35,34,0,0,1,0,1,1,2.0753740000000001
1326,13.862928767,PLUS_10_RETURN,J2A,0,1,0.032965283135020229,-0.22131574112654206,0.50506282219212073,-0.005205186880452726,-3.0267919962173937,-1.2805245636513545,5.1430659294128418,2.5962686538696289,0.68722498416900635,0.073631249368190765,-0.00390625,0,0.024726562201976776,35,34,0,0,1,0,1,1,1.999482
1327,13.873050538999999,PLUS_10_RETURN,J2A,0,1,0.030799341999996344,-0.21190049999999516,0.46340837892242809,-0.0069424072116154303,-3.4077806884537649,-1.5640052189754929,5.1476678848266602,2.5960767269134521,0.29452499747276306,-0.41724374890327454,0.01953125,0,-0.12363281100988388,35,34,0,0,1,0,1,1,2.1030519999999999
1328,13.883121729999999,PLUS_10_RETURN,J2A,0,1,0.028726708874229345,-0.20265453742283651,0.45299368908616572,-0.0086774695050996723,-2.5769949226845168,-1.5110154042749635,5.1488184928894043,2.5958850383758545,0.049087498337030411,-0.78539997339248657,0.04296875,0,-0.27199218422174454,35,34,0,0,1,0,1,1,2.174363
1329,13.892948632,PLUS_10_RETURN,J2A,0,1,0.02674567901234326,-0.19358024691358722,0.44778418613035609,-0.005205186880452726,-1.8605910385948914,-1.4129265320903117,5.1493940353393555,2.5962686538696289,-0.24543750286102295,-0.049087498337030411,0.0546875,0,-0.34617187082767487,35,34,0,0,1,0,1,1,2.0255779999999999
1330,13.90295345,PLUS_10_RETURN,J2A,0,1,0.02485452368749641,-0.18468003124999893,0.4408439369564191,-0.0069424072116154303,-1.4521759191121897,-1.341002948602855,5.1501607894897461,2.5960767269134521,0.098174996674060822,-0.46633124351501465,0.0546875,0,-0.34617187082767487,35,34,0,0,1,0,1,1,1.995131
1331,13.913025701,PLUS_10_RETURN,J2A,0,1,0.023051490098771055,-0.17595630246913058,0.44257899924990335,-0.005205186880452726,-0.88362277975652381,-1.1896764915521696,5.1499691009521484,2.5962686538696289,-0.24543750286102295,-0.12271875143051147,0.04296875,0,-0.27199218422174454,35,34,0,0,1,0,1,1,2.0072939999999999
1332,13.922960333000001,PLUS_10_RETURN,J2A,0,1,0.021334801278554139,-0.16741148186728932,0.44257899924990335,-0.003470124586968484,-0.57435480684174045,-1.0707088423969526,5.1499691009521484,2.5964603424072266,-0.51541876792907715,0.19634999334812164,0.0546875,0,-0.34617187082767487,35,34,0,0,1,0,1,1,2.003409
1333,13.932923441,PLUS_10_RETURN,J2A,0,1,0.019702656000006868,-0.15904800000000091,0.4408439369564191,-0.005205186880452726,-0.43428266900185664,-0.98105282803003602,5.1501607894897461,2.5962686538696289,0,-0.12271875143051147,0.0546875,0,-0.34617187082767487,35,34,0,0,1,0,1,1,1.8942639999999999
1334,13.943021294999999,PLUS_10_RETURN,J2A,0,1,0.018153228684418821,-0.15086829668209845,0.4408439369564191,-0.005205186880452726,-0.28228373485120684,-0.88294754522703245,5.1501607894897461,2.5962686538696289,-0.22089375555515289,-0.098174996674060822,0.06640625,0,-0.42035155743360519,35,34,0,0,1,0,1,1,2.0314329999999998
1335,13.952988713,PLUS_10_RETURN,J2A,0,1,0.016684669308641986,-0.14287482098765736,0.43737381236945061,-0.005205186880452726,-0.30533580435273838,-0.82946746976131613,5.1505441665649414,2.5962686538696289,0.31906875967979431,-0.098174996674060822,0.0546875,0,-0.34617187082767487,35,34,0,0,1,0,1,1,1.9847060000000001
1336,13.962964934,PLUS_10_RETURN,J2A,0,1,0.015295103312498171,-0.13507003124998937,0.4391088746629348,-0.005205186880452726,-0.13759634520062819,-0.72912874346271261,5.1503524780273438,2.5962686538696289,0,-0.073631249368190765,0.06640625,0,-0.42035155743360519,35,34,0,0,1,0,1,1,1.9735210000000001
1337,13.972997903,PLUS_10_RETURN,J2A,0,1,0.013982631506150867,-0.12745639506172543,0.4391088746629348,-0.005205186880452726,-0.089437624380408323,-0.65621586911644136,5.1503524780273438,2.5962686538696289,-0.024543749168515205,-0.098174996674060822,0.0546875,0,-0.34617187082767487,35,34,0,0,1,0,1,1,2.0087619999999999
1338,13.982989747,PLUS_10_RETURN,J2A,0,1,0.012745329977619235,-0.12003638927468549,0.4408439369564191,-0.005205186880452726,0.002642293941813291,-0.57322949655077482,5.1501607894897461,2.5962686538696289,-0.36815625429153442,-0.073631249368190765,0.0546875,0,-0.34617187082767487,35,34,0,0,1,0,1,1,1.998691
1339,13.99297498,PLUS_10_RETURN,J2A,0,1,0.01158125000000787,-0.11281250000000279,0.4391088746629348,-0.003470124586968484,-0.059099497657012987,-0.53328282938689497,5.1503524780273438,2.5964603424072266,0,0.17180624604225159,0.0546875,0,-0.34617187082767487,35,34,0,0,1,0,1,1,1.9749140000000001
1340,14.003000865000001,PLUS_10_RETURN,J2A,0,1,0.010488417939029659,-0.10578722260801735,0.43737381236945061,-0.005205186880452726,-0.098985067284628109,-0.49726037325036826,5.1505441665649414,2.5962686538696289,0.19634999334812164,-0.12271875143051147,0.05859375,0,-0.37089843302965164,35,34,0,0,1,0,1,1,2.007225
1341,14.012966392999999,PLUS_10_RETURN,J2A,0,1,0.0094648351605020054,-0.09896306172840022,0.4391088746629348,-0.0069424072116154303,-0.0034030505985130147,-0.4301236950291899,5.1503524780273438,2.5960767269134521,-0.53996247053146362,-0.098174996674060822,0.0546875,0,-0.34617187082767487,35,34,0,0,1,0,1,1,1.971128
1342,14.022978856,PLUS_10_RETURN,J2A,0,1,0.0085084779375144137,-0.09234253125000555,0.4391088746629348,-0.005205186880452726,-0.0022119828890334596,-0.38711132552627092,5.1503524780273438,2.5962686538696289,-0.24543750286102295,-0.22089375555515289,0.05859375,0,-0.37089843302965164,35,34,0,0,1,0,1,1,1.9859389999999999
1343,14.032965887,PLUS_10_RETURN,J2A,0,1,0.0076172973580312942,-0.085928154320988881,0.4408439369564191,-0.003470124586968484,0.059368250746870292,-0.33102703879514611,5.1501607894897461,2.5964603424072266,-0.56450623273849487,0.17180624604225159,0.05859375,0,-0.37089843302965164,35,34,0,0,1,0,1,1,1.9712540000000001
1344,14.042994214,PLUS_10_RETURN,J2A,0,1,0.0067892192322549505,-0.079722463348759959,0.43737381236945061,-0.005205186880452726,-0.082521925611216962,-0.33252756022896945,5.1505441665649414,2.5962686538696289,0,-0.049087498337030411,0.0546875,0,-0.34617187082767487,35,34,0,0,1,0,1,1,1.999277
1345,14.053031593,PLUS_10_RETURN,J2A,0,1,0.0060221439999885717,-0.073728000000000307,0.43737381236945061,-0.005205186880452726,-0.053639251647291025,-0.2992748042060725,5.1505441665649414,2.5962686538696289,0,-0.17180624604225159,0.0546875,0,-0.34617187082767487,35,34,0,0,1,0,1,1,2.0401530000000001
1346,14.063185934,PLUS_10_RETURN,J2A,0,1,0.005313946638114686,-0.067947315200610106,0.43737381236945061,-0.0069424072116154303,-0.034865513570739165,-0.26934732378546528,5.1505441665649414,2.5960767269134521,-0.049087498337030411,-0.46633124351501465,0.05859375,0,-0.37089843302965164,35,34,0,0,1,0,1,1,2.1673469999999999
1347,14.073107042,PLUS_10_RETURN,J2A,0,1,0.0046624765678870972,-0.06238296913580281,0.43737381236945061,-0.005205186880452726,-0.022662583820980457,-0.24241259140691876,5.1505441665649414,2.5962686538696289,-0.049087498337030411,-0.14726249873638153,0.04296875,0,-0.27199218422174454,35,34,0,0,1,0,1,1,2.0812360000000001
1348,14.083104619,PLUS_10_RETURN,J2A,0,1,0.0040655575624981566,-0.057037531250010431,0.43737381236945061,-0.005205186880452726,-0.014730679483637297,-0.2181713322662269,5.1505441665649414,2.5962686538696289,-0.073631249368190765,-0.098174996674060822,0.0546875,0,-0.34617187082767487,35,34,0,0,1,0,1,1,2.0820319999999999
1349,14.093125413999999,PLUS_10_RETURN,J2A,0,1,0.0035209876543262908,-0.051913580246919125,0.4391088746629348,-0.003470124586968484,0.05102621849503651,-0.179039581851204,5.1503524780273438,2.5964603424072266,-0.46633124351501465,0.22089375555515289,0.04296875,0,-0.27199218422174454,35,34,0,0,1,0,1,1,2.1327780000000001
1350,14.103162682000001,PLUS_10_RETURN,J2A,0,1,0.0030265390424411009,-0.047013704089498745,0.43737381236945061,-0.0069424072116154303,-0.027334660505187146,-0.17842182438807244,5.1505441665649414,2.5960767269134521,-0.24543750286102295,-0.39269998669624329,0.05859375,0,-0.37089843302965164,35,34,0,0,1,0,1,1,2.0706310000000001
1351,14.113172988000001,PLUS_10_RETURN,J2A,0,1,0.0025799580000018807,-0.042340500000002848,0.43563875007596636,-0.003470124586968484,-0.078432188602473238,-0.17791240174186565,5.1507358551025391,2.5964603424072266,-0.26998123526573181,-0.19634999334812164,0.0546875,0,-0.34617187082767487,35,34,0,0,1,0,1,1,2.1001189999999998
1352,14.123105846,PLUS_10_RETURN,J2A,0,1,0.0021789647816294888,-0.037896574459873968,0.43737381236945061,-0.005205186880452726,0.010156748229775442,-0.1426532556187125,5.1505441665649414,2.5962686538696289,-0.29452499747276306,-0.14726249873638153,0.06640625,0,-0.42035155743360519,35,34,0,0,1,0,1,1,2.049766
1353,14.133172535,PLUS_10_RETURN,J2A,0,1,0.0018212535308670397,-0.033684543209873873,0.43737381236945061,-0.0086774695050996723,0.0066018863493540374,-0.12838793005684127,5.1505441665649414,2.5958850383758545,-0.26998123526573181,-0.85903126001358032,0.0546875,0,-0.34617187082767487,35,34,0,0,1,0,1,1,2.1855500000000001
1354,14.143062006999999,PLUS_10_RETURN,J2A,0,1,0.0015044921875073669,-0.029707031249994742,0.43563875007596636,-0.005205186880452726,-0.057114661135609576,-0.13309367626906848,5.1507358551025391,2.5962686538696289,0.12271875143051147,-0.073631249368190765,0.06640625,0,-0.42035155743360519,35,34,0,0,1,0,1,1,2.002872
1355,14.153058979000001,PLUS_10_RETURN,J2A,0,1,0.0012263223950537139,-0.025966672839500639,0.43737381236945061,-0.005205186880452726,0.023621044293610144,-0.1024284303473741,5.1505441665649414,2.5962686538696289,-0.39269998669624329,-0.14726249873638153,0.05859375,0,-0.37089843302965164,35,34,0,0,1,0,1,1,2.0026220000000001
1356,14.163001991,PLUS_10_RETURN,J2A,0,1,0.00098435940818042411,-0.022466111496903807,0.43563875007596636,-0.005205186880452726,-0.045721557035032466,-0.10963565469145928,5.1507358551025391,2.5962686538696289,-0.22089375555515289,-0.14726249873638153,0.0546875,0,-0.34617187082767487,35,34,0,0,1,0,1,1,1.9409879999999999
1357,14.173080050999999,PLUS_10_RETURN,J2A,0,1,0.0007761920000071143,-0.019207999999994268,0.43563875007596636,-0.005205186880452726,-0.029719012072771105,-0.098672089222313353,5.1507358551025391,2.5962686538696289,-0.34361249208450317,-0.17180624604225159,0.0546875,0,-0.34617187082767487,35,34,0,0,1,0,1,1,2.0864859999999998
1358,14.183079591,PLUS_10_RETURN,J2A,0,1,0.00059938236959489188,-0.016195000385798391,0.43389937170712517,-0.005205186880452726,-0.080198401284736195,-0.10619946413934916,5.1509280204772949,2.5962686538696289,0,-0.073631249368190765,0.05859375,0,-0.37089843302965164,35,34,0,0,1,0,1,1,2.0894650000000001
1359,14.192995721999999,PLUS_10_RETURN,J2A,0,1,0.00045146604938040014,-0.013429783950608492,0.43389937170712517,-0.005205186880452726,-0.052128960835078529,-0.095579517725414245,5.1509280204772949,2.5962686538696289,-0.26998123526573181,-0.073631249368190765,0.05078125,0,-0.32144530862569809,35,34,0,0,1,0,1,1,2.005973
1360,14.203035087,PLUS_10_RETURN,J2A,0,1,0.00032995181249440009,-0.010915031250006518,0.43042924712015668,-0.005205186880452726,-0.1548619546774137,-0.12058674599133358,5.1513113975524902,2.5962686538696289,0.34361249208450317,0.24543750286102295,0.05859375,0,-0.37089843302965164,35,34,0,0,1,0,1,1,2.0073810000000001
1361,14.212994154,PLUS_10_RETURN,J2A,0,1,0.00023232158024022453,-0.0086534320987633837,0.43042924712015668,-0.005205186880452726,-0.10066027054031891,-0.10852807139220022,5.1513113975524902,2.5962686538696289,0.41724374890327454,-0.073631249368190765,0.05859375,0,-0.37089843302965164,35,34,0,0,1,0,1,1,1.929915
1362,14.223054125999999,PLUS_10_RETURN,J2A,0,1,0.00015603032947453244,-0.0066476855709870133,0.43216430941364092,-0.0069424072116154303,-0.0050640175068737761,-0.080428076154599196,5.1511197090148926,2.5960767269134521,0,-0.41724374890327454,0.05859375,0,-0.37089843302965164,35,34,0,0,1,0,1,1,2.0015529999999999
1363,14.233051202,PLUS_10_RETURN,J2A,0,1,9.8505999996945093e-05,-0.0049005000000098189,0.43216430941364092,-0.0069424072116154303,-0.0032916113794679547,-0.072385268539139277,5.1511197090148926,2.5960767269134521,0.024543749168515205,-0.46633124351501465,0.06640625,0,-0.42035155743360519,35,34,0,0,1,0,1,1,2.0191509999999999
1364,14.243048984,PLUS_10_RETURN,J2A,0,1,5.714940200185481e-05,-0.0034145929783887157,0.43216430941364092,-0.0069424072116154303,-0.0021395473966541708,-0.065146741685225357,5.1511197090148926,2.5960767269134521,-0.12271875143051147,0.14726249873638153,0.0546875,0,-0.34617187082767487,35,34,0,0,1,0,1,1,1.9962770000000001
1365,14.253053311,PLUS_10_RETURN,J2A,0,1,2.933412346806108e-05,-0.0021926913580235428,0.43042924712015668,-0.003470124586968484,-0.062091620793854781,-0.075975186084139848,5.1513113975524902,2.5964603424072266,0.19634999334812164,0.19634999334812164,0.0546875,0,-0.34617187082767487,35,34,0,0,1,0,1,1,2.0273059999999998
1366,14.263047265999999,PLUS_10_RETURN,J2A,0,1,1.2406437495116052e-05,-0.0012375312500090274,0.43042924712015668,-0.005205186880452726,-0.040359553516005606,-0.068377667475725865,5.1513113975524902,2.5962686538696289,0.024543749168515205,-0.12271875143051147,0.0546875,0,-0.34617187082767487,35,34,0,0,1,0,1,1,2.009471
1367,14.273043489000001,PLUS_10_RETURN,J2A,0,1,3.6852098794781796e-06,-0.0005518580246940038,0.43216430941364092,-0.005205186880452726,0.034516415808971697,-0.044182721986903178,5.1511197090148926,2.5962686538696289,-0.19634999334812164,-0.024543749168515205,0.06640625,0,-0.42035155743360519,35,34,0,0,1,0,1,1,2.0024299999999999
1368,14.282937508,PLUS_10_RETURN,J2A,0,1,4.61806335394499e-07,-0.00013842631172285755,0.43216430941364092,-0.005205186880452726,0.022435670275831605,-0.039764449788212863,5.1511197090148926,2.5962686538696289,-0.4908750057220459,-0.17180624604225159,0.05859375,0,-0.37089843302965164,35,34,0,0,1,0,1,1,1.9466159999999999
1369,14.293004149,PLUS_10_RETURN,J2A,0,1,0,-0,0.43216430941364092,-0.005205186880452726,0.014583185679290544,-0.03578800480939158,5.1511197090148926,2.5962686538696289,-0.39269998669624329,-0.17180624604225159,0.04296875,0,-0.27199218422174454,35,34,0,0,1,0,1,1,1.9570590000000001
1370,14.303050737,FIRST_CENTER,J2A,0,1,0,0,0.43216430941364092,-0.005205186880452726,0.0094790706915388549,-0.032209204328452423,5.1511197090148926,2.5962686538696289,-0.36815625429153442,-0.098174996674060822,0.0546875,0,-0.34617187082767487,35,34,0,0,1,0,1,1,2.0373519999999998
1371,14.313063424999999,FIRST_CENTER,J2A,0,1,0,0,0.43042924712015668,-0.005205186880452726,-0.054488831314097708,-0.046316920256635169,5.1513113975524902,2.5962686538696289,-0.049087498337030411,0,0.0546875,0,-0.34617187082767487,35,34,0,0,1,0,1,1,1.891229
1372,14.323055237,FIRST_CENTER,J2A,0,1,0,0,0.43042924712015668,-0.005205186880452726,-0.035417740354163514,-0.041685228230971656,5.1513113975524902,2.5962686538696289,-0.19634999334812164,-0.17180624604225159,0.0546875,0,-0.34617187082767487,35,34,0,0,1,0,1,1,1.8233490000000001
1373,14.333042754999999,FIRST_CENTER,J2A,0,1,0,0,0.43042924712015668,-0.005205186880452726,-0.023021531230206286,-0.037516705407874489,5.1513113975524902,2.5962686538696289,-0.22089375555515289,0,0.05859375,0,-0.37089843302965164,35,34,0,0,1,0,1,1,1.8800790000000001
1374,14.343043614999999,FIRST_CENTER,J2A,0,1,0,0,0.42869418482667249,-0.005205186880452726,-0.075685953483177651,-0.051114165776670918,5.1515030860900879,2.5962686538696289,0.098174996674060822,-0.12271875143051147,0.06640625,0,-0.42035155743360519,35,34,0,0,1,0,1,1,1.869658
1375,14.35304674,FIRST_CENTER,J2A,0,1,0,0,0.42869418482667249,-0.005205186880452726,-0.049195869764065474,-0.04600274919900383,5.1515030860900879,2.5962686538696289,0.049087498337030411,-0.14726249873638153,0.05859375,0,-0.37089843302965164,35,34,0,0,1,0,1,1,1.9773810000000001
1376,14.363042919,FIRST_CENTER,J2A,0,1,0,0,0.43042924712015668,-0.003470124586968484,0.028773077650469353,-0.024045219137071472,5.1513113975524902,2.5964603424072266,-0.31906875967979431,0.12271875143051147,0.06640625,0,-0.42035155743360519,35,34,0,0,1,0,1,1,1.9946649999999999
1377,14.373055623999999,FIRST_CENTER,J2A,0,1,0,0,0.42695912253318824,-0.005205186880452726,-0.10259774810527904,-0.056297911102816928,5.1516947746276855,2.5962686538696289,0.44178751111030579,-0.19634999334812164,0.05859375,0,-0.37089843302965164,35,34,0,0,1,0,1,1,1.8765700000000001
1378,14.383065866999999,FIRST_CENTER,J2A,0,1,0,0,0.42869418482667249,-0.005205186880452726,-0.006023495198050996,-0.033335251115283696,5.1515030860900879,2.5962686538696289,0.024543749168515205,-0.098174996674060822,0.05859375,0,-0.37089843302965164,35,34,0,0,1,0,1,1,1.993862
1379,14.393077476,FIRST_CENTER,J2A,0,1,0,0,0.42869418482667249,-0.0069424072116154303,-0.0039152718787331476,-0.030001726003755325,5.1515030860900879,2.5960767269134521,-0.024543749168515205,-0.53996247053146362,0.05859375,0,-0.37089843302965164,35,34,0,0,1,0,1,1,2.011504
1380,14.402988762,FIRST_CENTER,J2A,0,1,0,0,0.42869418482667249,-0.005205186880452726,-0.0025449267211765459,-0.027001553403379792,5.1515030860900879,2.5962686538696289,-0.024543749168515205,-0.12271875143051147,0.05859375,0,-0.37089843302965164,35,34,0,0,1,0,1,1,1.8161700000000001
1381,14.413055653000001,FIRST_CENTER,J2A,0,1,0,0,0.42869418482667249,-0.005205186880452726,-0.0016542023687647549,-0.024301398063041813,5.1515030860900879,2.5962686538696289,-0.024543749168515205,-0.12271875143051147,0.05078125,0,-0.32144530862569809,35,34,0,0,1,0,1,1,1.884687
1382,14.423052903,FIRST_CENTER,J2A,0,1,0,0,0.43042924712015668,-0.005205186880452726,0.059668653300582943,-0.0045158625880861933,5.1513113975524902,2.5962686538696289,-0.44178751111030579,-0.12271875143051147,0.05859375,0,-0.37089843302965164,35,34,0,0,1,0,1,1,1.8438270000000001
1383,14.433072842,FIRST_CENTER,J2A,0,1,0,0,0.42869418482667249,-0.003470124586968484,-0.021821712650637412,-0.021380372699567954,5.1515030860900879,2.5964603424072266,-0.53996247053146362,0.31906875967979431,0.05859375,0,-0.37089843302965164,35,34,0,0,1,0,1,1,1.901321
1384,14.443051559000001,FIRST_CENTER,J2A,0,1,0,0,0.42869418482667249,-0.005205186880452726,-0.014184113222914319,-0.019242335429611158,5.1515030860900879,2.5962686538696289,-0.19634999334812164,-0.19634999334812164,0.0546875,0,-0.34617187082767487,35,34,0,0,1,0,1,1,1.877092
1385,14.452952656000001,FIRST_CENTER,J2A,0,1,0,0,0.42869418482667249,-0.005205186880452726,-0.0092196735948943068,-0.017318101886650044,5.1515030860900879,2.5962686538696289,-0.24543750286102295,0.26998123526573181,0.05859375,0,-0.37089843302965164,35,34,0,0,1,0,1,1,1.7632129999999999
1386,14.462997535,FIRST_CENTER,J2A,0,1,0,0,0.42869418482667249,-0.005205186880452726,-0.0059927878366813001,-0.01558629169798504,5.1515030860900879,2.5962686538696289,-0.24543750286102295,0,0.05859375,0,-0.37089843302965164,35,34,0,0,1,0,1,1,1.9262049999999999
1387,14.47296534,FIRST_CENTER,J2A,0,1,0,0,0.42695912253318824,-0.005205186880452726,-0.064818635003897368,-0.031434326216773542,5.1516947746276855,2.5962686538696289,-0.024543749168515205,-0.14726249873638153,0.0546875,0,-0.34617187082767487,35,34,0,0,1,0,1,1,1.792778
1388,14.483053626,FIRST_CENTER,J2A,0,1,0,0,0.42869418482667249,-0.0069424072116154303,0.018063623442839509,-0.011092111824989672,5.1515030860900879,2.5960767269134521,-0.51541876792907715,-0.4908750057220459,0.05859375,0,-0.37089843302965164,35,34,0,0,1,0,1,1,1.866692
1389,14.493058175,FIRST_CENTER,J2A,0,1,0,0,0.42869418482667249,-0.005205186880452726,0.011741355237845681,-0.0099829006424907059,5.1515030860900879,2.5962686538696289,-0.39269998669624329,-0.073631249368190765,0.0546875,0,-0.34617187082767487,35,34,0,0,1,0,1,1,1.865062
1390,14.503027699,FIRST_CENTER,J2A,0,1,0,0,0.42869418482667249,-0.005205186880452726,0.0076318809045996926,-0.0089846105782416356,5.1515030860900879,2.5962686538696289,-0.049087498337030411,-0.17180624604225159,0.04296875,0,-0.27199218422174454,35,34,0,0,1,0,1,1,1.853693
1391,14.513039119,FIRST_CENTER,J2A,0,1,0,0,0.42869418482667249,-0.005205186880452726,0.0049607225879898,-0.0080861495204174721,5.1515030860900879,2.5962686538696289,-0.29452499747276306,-0.4908750057220459,0.05859375,0,-0.37089843302965164,35,34,0,0,1,0,1,1,1.836139
1392,14.522980542999999,FIRST_CENTER,J2A,0,1,0,0,0.42869418482667249,-0.005205186880452726,0.0032244696821933701,-0.0072775345683757254,5.1515030860900879,2.5962686538696289,-0.29452499747276306,-0.22089375555515289,0.06640625,0,-0.42035155743360519,35,34,0,0,1,0,1,1,1.9098170000000001
1393,14.533032327000001,FIRST_CENTER,J2A,0,1,0,0,0.42695912253318824,-0.005205186880452726,-0.058318425408406788,-0.023811018454918863,5.1516947746276855,2.5962686538696289,-0.073631249368190765,-0.024543749168515205,0.05859375,0,-0.37089843302965164,35,34,0,0,1,0,1,1,1.863531
1394,14.543035463000001,FIRST_CENTER,J2A,0,1,0,0,0.42869418482667249,-0.005205186880452726,0.022801165683091262,-0.0040847331241253525,5.1515030860900879,2.5962686538696289,-0.51541876792907715,-0.098174996674060822,0.04296875,0,-0.27199218422174454,35,34,0,0,1,0,1,1,1.9650019999999999
1395,14.553034658,FIRST_CENTER,J2A,0,1,0,0,0.42695912253318824,-0.0069424072116154303,-0.045911311509516821,-0.021028279584148858,5.1516947746276855,2.5960767269134521,-0.098174996674060822,-0.51541876792907715,0.06640625,0,-0.42035155743360519,35,34,0,0,1,0,1,1,1.8401240000000001
1396,14.562962884999999,FIRST_CENTER,J2A,0,1,0,0,0.42695912253318824,-0.005205186880452726,-0.029842352481185934,-0.018925451625733974,5.1516947746276855,2.5962686538696289,-0.098174996674060822,0,0.05859375,0,-0.37089843302965164,35,34,0,0,1,0,1,1,1.780465
1397,14.573030528,FIRST_CENTER,J2A,0,1,0,0,0.42695912253318824,-0.0069424072116154303,-0.019397529112770859,-0.017032906463160576,5.1516947746276855,2.5960767269134521,-0.26998123526573181,-0.36815625429153442,0.04296875,0,-0.27199218422174454,35,34,0,0,1,0,1,1,1.8681859999999999
1398,14.583043781000001,FIRST_CENTER,J2A,0,1,0,0,0.42695912253318824,-0.005205186880452726,-0.012608393923301058,-0.015329615816844519,5.1516947746276855,2.5962686538696289,-0.19634999334812164,-0.17180624604225159,0.0546875,0,-0.34617187082767487,35,34,0,0,1,0,1,1,1.863451
1399,14.592986813,FIRST_CENTER,J2A,0,1,0,0,0.42695912253318824,-0.0069424072116154303,-0.0081954560501456882,-0.013796654235160067,5.1516947746276855,2.5960767269134521,-0.31906875967979431,-0.51541876792907715,0.0546875,0,-0.34617187082767487,35,34,0,0,1,0,1,1,1.8553269999999999
1400,14.603020237999999,FIRST_CENTER,J2A,0,1,0,0,0.42522406023970399,-0.0069424072116154303,-0.065851922306935776,-0.029709810490027227,5.1518864631652832,2.5960767269134521,0,-0.41724374890327454,0.0546875,0,-0.34617187082767487,35,34,0,0,1,0,1,1,1.844808
1401,14.612971607,FIRST_CENTER,J2A,0,1,0,0,0.42695912253318824,-0.005205186880452726,0.018220196323363851,-0.0093034163487753299,5.1516947746276855,2.5962686538696289,-0.39269998669624329,-0.098174996674060822,0.04296875,0,-0.27199218422174454,35,34,0,0,1,0,1,1,1.782367
1402,14.623049178,FIRST_CENTER,J2A,0,1,0,0,0.42695912253318824,-0.005205186880452726,0.011843127610186504,-0.008373074713897798,5.1516947746276855,2.5962686538696289,-0.29452499747276306,-0.22089375555515289,0.05859375,0,-0.37089843302965164,35,34,0,0,1,0,1,1,1.9800629999999999
1403,14.632969523,FIRST_CENTER,J2A,0,1,0,0,0.42522406023970399,-0.005205186880452726,-0.053516753708431973,-0.025025706286808936,5.1518864631652832,2.5962686538696289,-0.049087498337030411,-0.14726249873638153,0.0546875,0,-0.34617187082767487,35,34,0,0,1,0,1,1,1.792592
1404,14.643038946000001,FIRST_CENTER,J2A,0,1,0,0,0.42522406023970399,-0.005205186880452726,-0.034785889910480781,-0.022523135658128041,5.1518864631652832,2.5962686538696289,-0.024543749168515205,-0.12271875143051147,0.0546875,0,-0.34617187082767487,35,34,0,0,1,0,1,1,1.8594869999999999
1405,14.653044293000001,FIRST_CENTER,J2A,0,1,0,0,0.42695912253318824,-0.003470124586968484,0.038083898359716012,-0.0029294715775927994,5.1516947746276855,2.5964603424072266,-0.36815625429153442,0.24543750286102295,0.04296875,0,-0.27199218422174454,35,34,0,0,1,0,1,1,1.9748380000000001
1406,14.663039924,FIRST_CENTER,J2A,0,1,0,0,0.42522406023970399,-0.005205186880452726,-0.035999189639969308,-0.019994731155200583,5.1518864631652832,2.5962686538696289,0.024543749168515205,-0.12271875143051147,0.06640625,0,-0.42035155743360519,35,34,0,0,1,0,1,1,1.864676
1407,14.673033283000001,FIRST_CENTER,J2A,0,1,0,0,0.42522406023970399,-0.005205186880452726,-0.023399473265980051,-0.017995258039680526,5.1518864631652832,2.5962686538696289,-0.049087498337030411,-0.17180624604225159,0.05078125,0,-0.32144530862569809,35,34,0,0,1,0,1,1,1.8372379999999999
1408,14.683041563,FIRST_CENTER,J2A,0,1,0,0,0.42522406023970399,-0.0069424072116154303,-0.015209657622887033,-0.016195732235712475,5.1518864631652832,2.5960767269134521,-0.049087498337030411,-0.39269998669624329,0.0546875,0,-0.34617187082767487,35,34,0,0,1,0,1,1,1.8519209999999999
1409,14.693053884999999,FIRST_CENTER,J2A,0,1,0,0,0.42522406023970399,-0.003470124586968484,-0.0098862774548765728,-0.014576159012141227,5.1518864631652832,2.5964603424072266,-0.14726249873638153,0.22089375555515289,0.04296875,0,-0.27199218422174454,35,34,0,0,1,0,1,1,1.8483609999999999
1410,14.702981066,FIRST_CENTER,J2A,0,1,0,0,0.42522406023970399,-0.005205186880452726,-0.0064260803456697721,-0.013118543110927104,5.1518864631652832,2.5962686538696289,0,-0.024543749168515205,0.0546875,0,-0.34617187082767487,35,34,0,0,1,0,1,1,1.793145
1411,14.713023801,FIRST_CENTER,J2A,0,1,0,0,0.42695912253318824,-0.005205186880452726,0.056291814771500553,0.0054701017705044378,5.1516947746276855,2.5962686538696289,-0.36815625429153442,-0.073631249368190765,0.0546875,0,-0.34617187082767487,35,34,0,0,1,0,1,1,1.954226
1412,14.723011639999999,FIRST_CENTER,J2A,0,1,0,0,0.42522406023970399,-0.005205186880452726,-0.024211440913137164,-0.012448657125006729,5.1518864631652832,2.5962686538696289,-0.049087498337030411,-0.17180624604225159,0.04296875,0,-0.27199218422174454,35,34,0,0,1,0,1,1,1.8446880000000001
1413,14.733041697999999,FIRST_CENTER,J2A,0,1,0,0,0.42522406023970399,-0.005205186880452726,-0.015737436593539156,-0.011203791412506056,5.1518864631652832,2.5962686538696289,-0.024543749168515205,-0.073631249368190765,0.0546875,0,-0.34617187082767487,35,34,0,0,1,0,1,1,1.9656800000000001
1414,14.742984012999999,FIRST_CENTER,J2A,0,1,0,0,0.42522406023970399,-0.005205186880452726,-0.010229333785800451,-0.01008341227125545,5.1518864631652832,2.5962686538696289,-0.17180624604225159,-0.17180624604225159,0.04296875,0,-0.27199218422174454,35,34,0,0,1,0,1,1,1.817116
1415,14.753032502,FIRST_CENTER,J2A,0,1,0,0,0.42522406023970399,-0.005205186880452726,-0.0066490669607702935,-0.0090750710441299051,5.1518864631652832,2.5962686538696289,0,-0.073631249368190765,0.06640625,0,-0.42035155743360519,35,34,0,0,1,0,1,1,1.9629779999999999
1416,14.762972810000001,FIRST_CENTER,J2A,0,1,0,0,0.42695912253318824,-0.005205186880452726,0.056769956216918924,0.0092872502721172631,5.1516947746276855,2.5962686538696289,-0.31906875967979431,-0.14726249873638153,0.0546875,0,-0.34617187082767487,35,34,0,0,1,0,1,1,1.7948630000000001
1417,14.773027211,FIRST_CENTER,J2A,0,1,0,0,0.42522406023970399,-0.003470124586968484,-0.023498134275451325,-0.0088982192740797873,5.1518864631652832,2.5964603424072266,0,0.17180624604225159,0.04296875,0,-0.27199218422174454,35,34,0,0,1,0,1,1,1.956874
1418,14.783019268,FIRST_CENTER,J2A,0,1,0,0,0.42522406023970399,-0.003470124586968484,-0.015273787279043362,-0.008008397346671808,5.1518864631652832,2.5964603424072266,-0.12271875143051147,0.24543750286102295,0.05859375,0,-0.37089843302965164,35,34,0,0,1,0,1,1,1.8350869999999999
1419,14.793045588,FIRST_CENTER,J2A,0,1,0,0,0.42522406023970399,-0.003470124586968484,-0.0099279617313781862,-0.0072075576120046274,5.1518864631652832,2.5964603424072266,-0.44178751111030579,0.098174996674060822,0.06640625,0,-0.42035155743360519,35,34,0,0,1,0,1,1,1.973805
1420,14.803030651,FIRST_CENTER,J2A,0,1,0,0,0.42522406023970399,-0.005205186880452726,-0.0064531751253958216,-0.0064868018508041645,5.1518864631652832,2.5962686538696289,-0.024543749168515205,-0.17180624604225159,0.0546875,0,-0.34617187082767487,35,34,0,0,1,0,1,1,1.8123590000000001
1421,14.813018431,FIRST_CENTER,J2A,0,1,0,0,0.42695912253318824,-0.005205186880452726,0.056606915848613805,0.011533729671453708,5.1516947746276855,2.5962686538696289,-0.46633124351501465,-0.024543749168515205,0.05078125,0,-0.32144530862569809,35,34,0,0,1,0,1,1,1.831267
1422,14.823017239,FIRST_CENTER,J2A,0,1,0,0,0.42522406023970399,-0.0069424072116154303,-0.023939924513187702,-0.0069723346713450006,5.1518864631652832,2.5960767269134521,-0.024543749168515205,-0.4908750057220459,0.0546875,0,-0.34617187082767487,35,34,0,0,1,0,1,1,1.8478859999999999
1423,14.833041828000001,FIRST_CENTER,J2A,0,1,0,0,0.42522406023970399,-0.005205186880452726,-0.015560950933572007,-0.0062751012042105009,5.1518864631652832,2.5962686538696289,-0.049087498337030411,-0.19634999334812164,0.0546875,0,-0.34617187082767487,35,34,0,0,1,0,1,1,1.9717499999999999
1424,14.843016873,FIRST_CENTER,J2A,0,1,0,0,0.42522406023970399,-0.0069424072116154303,-0.010114618106821805,-0.0056475910837894506,5.1518864631652832,2.5960767269134521,-0.049087498337030411,-0.7608562707901001,0.0546875,0,-0.34617187082767487,35,34,0,0,1,0,1,1,1.8343799999999999
1425,14.853009460999999,FIRST_CENTER,J2A,0,1,0,0,0.42695912253318824,-0.005205186880452726,0.054197722875425118,0.012280660780263578,5.1516947746276855,2.5962686538696289,-0.14726249873638153,0,0.05859375,0,-0.37089843302965164,35,34,0,0,1,0,1,1,1.8431329999999999
1426,14.862928281,FIRST_CENTER,J2A,0,1,0,0,0.42522406023970399,-0.005205186880452726,-0.025995678444827384,-0.0064400333874352709,5.1518864631652832,2.5962686538696289,-0.073631249368190765,-0.17180624604225159,0.05859375,0,-0.37089843302965164,35,34,0,0,1,0,1,1,1.747166
1427,14.872998551,FIRST_CENTER,J2A,0,1,0,0,0.42522406023970399,-0.005205186880452726,-0.016897190989137799,-0.005796030048691744,5.1518864631652832,2.5962686538696289,0.049087498337030411,-0.098174996674060822,0.0546875,0,-0.34617187082767487,35,34,0,0,1,0,1,1,1.8148249999999999
1428,14.883026142,FIRST_CENTER,J2A,0,1,0,0,0.42522406023970399,-0.003470124586968484,-0.01098317414293957,-0.0052164270438225697,5.1518864631652832,2.5964603424072266,-0.14726249873638153,0.17180624604225159,0.05859375,0,-0.37089843302965164,35,34,0,0,1,0,1,1,1.8242529999999999
1429,14.892978432,FIRST_CENTER,J2A,0,1,0,0,0.42522406023970399,-0.005205186880452726,-0.0071390631929107206,-0.0046947843394403131,5.1518864631652832,2.5962686538696289,-0.19634999334812164,-0.098174996674060822,0.06640625,0,-0.42035155743360519,35,34,0,0,1,0,1,1,1.7881860000000001
1430,14.903016033,FIRST_CENTER,J2A,0,1,0,0,0.42522406023970399,-0.005205186880452726,-0.0046403910753919685,-0.0042253059054962816,5.1518864631652832,2.5962686538696289,-0.29452499747276306,-0.098174996674060822,0.05859375,0,-0.37089843302965164,35,34,0,0,1,0,1,1,1.8328850000000001
1431,14.912995433000001,FIRST_CENTER,J2A,0,1,0,0,0.42522406023970399,-0.005205186880452726,-0.0030162541990047796,-0.0038027753149466534,5.1518864631652832,2.5962686538696289,-0.24543750286102295,-0.22089375555515289,0.05859375,0,-0.37089843302965164,35,34,0,0,1,0,1,1,1.8025850000000001
1432,14.923024149,FIRST_CENTER,J2A,0,1,0,0,0.42348899794621969,-0.005205186880452726,-0.062513860658156409,-0.020723439334538647,5.1520781517028809,2.5962686538696289,0,-0.17180624604225159,0.05859375,0,-0.37089843302965164,35,34,0,0,1,0,1,1,1.8341639999999999
1433,14.933037527,FIRST_CENTER,J2A,0,1,0,0,0.42522406023970399,-0.0069424072116154303,0.020012038561149172,-0.0013236531185273973,5.1518864631652832,2.5960767269134521,-0.24543750286102295,-0.44178751111030579,0.0546875,0,-0.34617187082767487,35,34,0,0,1,0,1,1,1.853656
1434,14.943027599000001,FIRST_CENTER,J2A,0,1,0,0,0.42348899794621969,-0.0069424072116154303,-0.047779705067113695,-0.018559153558634845,5.1520781517028809,2.5960767269134521,-0.024543749168515205,-0.4908750057220459,0.0546875,0,-0.34617187082767487,35,34,0,0,1,0,1,1,1.8280540000000001
1435,14.952960471000001,FIRST_CENTER,J2A,0,1,0,0,0.42522406023970399,-0.003470124586968484,0.030080776356564861,0.00076464312585400318,5.1518864631652832,2.5964603424072266,-0.36815625429153442,0.26998123526573181,0.0546875,0,-0.34617187082767487,35,34,0,0,1,0,1,1,1.783941
1436,14.963027782999999,FIRST_CENTER,J2A,0,1,0,0,0.42348899794621969,-0.005205186880452726,-0.040768641938399033,-0.016546434492493167,5.1520781517028809,2.5962686538696289,0.073631249368190765,-0.049087498337030411,0.04296875,0,-0.27199218422174454,35,34,0,0,1,0,1,1,1.9582059999999999
1437,14.97302223,FIRST_CENTER,J2A,0,1,0,0,0.42522406023970399,-0.003470124586968484,0.034261303551315223,0.0024684720456917483,5.1518864631652832,2.5964603424072266,-0.34361249208450317,0.098174996674060822,0.0546875,0,-0.34617187082767487,35,34,0,0,1,0,1,1,1.951489
1438,14.983041871999999,FIRST_CENTER,J2A,0,1,0,0,0.42348899794621969,-0.005205186880452726,-0.038338286467236027,-0.015094984809046266,5.1520781517028809,2.5962686538696289,0,-0.12271875143051147,0.06640625,0,-0.42035155743360519,35,34,0,0,1,0,1,1,1.8648400000000001
1439,14.992978285,FIRST_CENTER,J2A,0,1,0,0,0.42348899794621969,-0.005205186880452726,-0.024919886203703417,-0.01358548632814164,5.1520781517028809,2.5962686538696289,0,-0.024543749168515205,0.05859375,0,-0.37089843302965164,35,34,0,0,1,0,1,1,1.800918
1440,15.003012162999999,MINUS_10_OUTBOUND,J2A,0,1,-4.6180632716049394e-07,-0.00013842631172839508,0.42348899794621969,-0.005205186880452726,-0.016197926032407221,-0.012226937695327476,5.1520781517028809,2.5962686538696289,0,-0.17180624604225159,0.04296875,0,-0.27199218422174454,35,34,0,0,1,0,1,1,1.823877
1441,15.012973175999999,MINUS_10_OUTBOUND,J2A,0,1,-3.6852098765432113e-06,-0.00055185802469135813,0.42348899794621969,-0.0069424072116154303,-0.010528651921064693,-0.011004243925794729,5.1520781517028809,2.5960767269134521,0.024543749168515205,-0.44178751111030579,0.0546875,0,-0.34617187082767487,35,34,0,0,1,0,1,1,1.6058749999999999
1442,15.023012453,MINUS_10_OUTBOUND,J2A,0,1,-1.2406437500000003e-05,-0.0012375312500000001,0.42522406023970399,-0.005205186880452726,0.053645971539839972,0.0073789219777938963,5.1518864631652832,2.5962686538696289,-0.44178751111030579,-0.14726249873638153,0.04296875,0,-0.27199218422174454,35,34,0,0,1,0,1,1,1.632123
1443,15.032967213999999,MINUS_10_OUTBOUND,J2A,0,1,-2.9334123456790137e-05,-0.0021926913580246916,0.42348899794621969,-0.005205186880452726,-0.026133270932350523,-0.010788442343770209,5.1520781517028809,2.5962686538696289,0.049087498337030411,-0.14726249873638153,0.0546875,0,-0.34617187082767487,35,34,0,0,1,0,1,1,1.6125259999999999
1444,15.043000928,MINUS_10_OUTBOUND,J2A,0,1,-5.7149402006172835e-05,-0.0034145929783950622,0.42348899794621969,-0.003470124586968484,-0.01698662610602784,-0.0097095981093931888,5.1520781517028809,2.5964603424072266,0,0.17180624604225159,0.0546875,0,-0.34617187082767487,35,34,0,0,1,0,1,1,1.713465
1445,15.052879116,MINUS_10_OUTBOUND,J2A,0,1,-9.8506000000000022e-05,-0.0049005000000000003,0.42348899794621969,-0.003470124586968484,-0.011041306968918098,-0.008738638298453871,5.1520781517028809,2.5964603424072266,0.024543749168515205,0.17180624604225159,0.05859375,0,-0.37089843302965164,35,34,0,0,1,0,1,1,1.5236590000000001
1446,15.063002245,MINUS_10_OUTBOUND,J2A,0,1,-0.00015603032947530867,-0.006647685570987656,0.42522406023970399,-0.005205186880452726,0.052811697758250092,0.0092748104708334778,5.1518864631652832,2.5962686538696289,-0.39269998669624329,-0.17180624604225159,0.0546875,0,-0.34617187082767487,35,34,0,0,1,0,1,1,1.6198809999999999
1447,15.07297902,MINUS_10_OUTBOUND,J2A,0,1,-0.00023232158024691368,-0.0086534320987654324,0.42348899794621969,-0.0069424072116154303,-0.026540943930594134,-0.0090436841400946388,5.1520781517028809,2.5960767269134521,0,-0.44178751111030579,0.05078125,0,-0.32144530862569809,35,34,0,0,1,0,1,1,1.597234
1448,15.082981413000001,MINUS_10_OUTBOUND,J2A,0,1,-0.00032995181249999999,-0.010915031249999999,0.42348899794621969,-0.005205186880452726,-0.017251613554886188,-0.0081393157260851758,5.1520781517028809,2.5962686538696289,0.024543749168515205,-0.22089375555515289,0.05859375,0,-0.37089843302965164,35,34,0,0,1,0,1,1,1.540699
1449,15.092980047999999,MINUS_10_OUTBOUND,J2A,0,1,-0.00045146604938271605,-0.013429783950617282,0.42522406023970399,-0.005205186880452726,0.049521921853027687,0.010027607464724402,5.1518864631652832,2.5962686538696289,-0.24543750286102295,-0.24543750286102295,0.0546875,0,-0.34617187082767487,35,34,0,0,1,0,1,1,1.5900019999999999
1450,15.103868688,MINUS_10_OUTBOUND,J2A,0,1,-0.00059938236959876541,-0.016195000385802471,0.42348899794621969,-0.005205186880452726,-0.023581884997732616,-0.0069097630538053571,5.1520781517028809,2.5962686538696289,0,-0.14726249873638153,0.04296875,0,-0.27199218422174454,35,34,0,0,1,0,1,1,2.4822600000000001
1451,15.112806697,MINUS_10_OUTBOUND,J2A,0,1,-0.0007761920000000002,-0.019207999999999999,0.42348899794621969,-0.005205186880452726,-0.0153282252485262,-0.0062187867484248217,5.1520781517028809,2.5962686538696289,0.024543749168515205,-0.19634999334812164,0.05859375,0,-0.37089843302965164,35,34,0,0,1,0,1,1,1.446984
1452,15.123009683999999,MINUS_10_OUTBOUND,J2A,0,1,-0.00098435940817901226,-0.022466111496913587,0.42348899794621969,-0.003470124586968484,-0.009963346411542031,-0.0055969080735823393,5.1520781517028809,2.5964603424072266,-0.14726249873638153,0.12271875143051147,0.0546875,0,-0.34617187082767487,35,34,0,0,1,0,1,1,1.6230089999999999
1453,15.132981431999999,MINUS_10_OUTBOUND,J2A,0,1,-0.0012263223950617285,-0.025966672839506173,0.42522406023970399,-0.005205186880452726,0.054423057616911422,0.012362563529322679,5.1518864631652832,2.5962686538696289,-0.36815625429153442,-0.12271875143051147,0.0546875,0,-0.34617187082767487,35,34,0,0,1,0,1,1,1.5978380000000001
1454,15.142983399,MINUS_10_OUTBOUND,J2A,0,1,-0.0015044921875000004,-0.029707031250000002,0.42522406023970399,-0.005205186880452726,0.035374987450992428,0.011126307176390411,5.1518864631652832,2.5962686538696289,-0.44178751111030579,-0.098174996674060822,0.05859375,0,-0.37089843302965164,35,34,0,0,1,0,1,1,1.5874889999999999
1455,15.152970584,MINUS_10_OUTBOUND,J2A,0,1,-0.0018212535308641982,-0.033684543209876544,0.42348899794621969,-0.005205186880452726,-0.0378113601670318,-0.0073592098298705961,5.1520781517028809,2.5962686538696289,-0.098174996674060822,-0.024543749168515205,0.0546875,0,-0.34617187082767487,35,34,0,0,1,0,1,1,1.569048
1456,15.162979392,MINUS_10_OUTBOUND,J2A,0,1,-0.0021789647816358023,-0.037896574459876542,0.42348899794621969,-0.005205186880452726,-0.024577384108570671,-0.006623288846883537,5.1520781517028809,2.5962686538696289,-0.049087498337030411,-0.073631249368190765,0.05859375,0,-0.37089843302965164,35,34,0,0,1,0,1,1,1.7352099999999999
1457,15.173003229000001,MINUS_10_OUTBOUND,J2A,0,1,-0.0025799580000000003,-0.042340500000000003,0.42348899794621969,-0.005205186880452726,-0.015975299670570937,-0.0059609599621951838,5.1520781517028809,2.5962686538696289,-0.12271875143051147,-0.049087498337030411,0.05078125,0,-0.32144530862569809,35,34,0,0,1,0,1,1,1.6222190000000001
1458,15.182844025,MINUS_10_OUTBOUND,J2A,0,1,-0.0030265390424382716,-0.047013704089506184,0.42175393565273545,-0.005205186880452726,-0.072093566926148739,-0.022996184577483564,5.1522698402404785,2.5962686538696289,0.26998123526573181,-0.14726249873638153,0.04296875,0,-0.27199218422174454,35,34,0,0,1,0,1,1,1.5986229999999999
1459,15.192929015000001,MINUS_10_OUTBOUND,J2A,0,1,-0.0035209876543209873,-0.051913580246913574,0.42348899794621969,-0.005205186880452726,0.01335459100454936,-0.0034921634035791939,5.1520781517028809,2.5962686538696289,-0.073631249368190765,-0.049087498337030411,0.04296875,0,-0.27199218422174454,35,34,0,0,1,0,1,1,1.633729
1460,15.202977775000001,MINUS_10_OUTBOUND,J2A,0,1,-0.0040655575625000006,-0.057037531250000016,0.42348899794621969,-0.0069424072116154303,0.008680484152957085,-0.0031429470632212747,5.1520781517028809,2.5960767269134521,-0.17180624604225159,-0.53996247053146362,0.06640625,0,-0.42035155743360519,35,34,0,0,1,0,1,1,1.733277
1461,15.212892385,MINUS_10_OUTBOUND,J2A,0,1,-0.0046624765679012343,-0.062382969135802477,0.42522406023970399,-0.003470124586968484,0.066892510392400156,0.0146714035553803,5.1518864631652832,2.5964603424072266,-0.39269998669624329,0.19634999334812164,0.05078125,0,-0.32144530862569809,35,34,0,0,1,0,1,1,1.4937119999999999
1462,15.222984397999999,MINUS_10_OUTBOUND,J2A,0,1,-0.0053139466381172829,-0.067947315200617281,0.42175393565273545,-0.0069424072116154303,-0.076866879831136881,-0.021180597253356873,5.1522698402404785,2.5960767269134521,0.26998123526573181,0.17180624604225159,0.05078125,0,-0.32144530862569809,35,34,0,0,1,0,1,1,1.605931
1463,15.232978416,MINUS_10_OUTBOUND,J2A,0,1,-0.0060221440000000027,-0.073728000000000002,0.42175393565273545,-0.0069424072116154303,-0.049963471890238975,-0.019062537528021187,5.1522698402404785,2.5960767269134521,0.098174996674060822,-0.14726249873638153,0.06640625,0,-0.42035155743360519,35,34,0,0,1,0,1,1,1.73407
1464,15.243000589999999,MINUS_10_OUTBOUND,J2A,0,1,-0.0067892192322530857,-0.07972246334876544,0.42175393565273545,-0.005205186880452726,-0.032476256728655332,-0.017156283775219067,5.1522698402404785,2.5962686538696289,0.073631249368190765,0.26998123526573181,0.06640625,0,-0.42035155743360519,35,34,0,0,1,0,1,1,1.604689
1465,15.252926158999999,MINUS_10_OUTBOUND,J2A,0,1,-0.0076172973580246918,-0.085928154320987646,0.42175393565273545,-0.003470124586968484,-0.021109566873625966,-0.015440655397697161,5.1522698402404785,2.5964603424072266,0.024543749168515205,0.34361249208450317,0.05078125,0,-0.32144530862569809,35,34,0,0,1,0,1,1,1.6811529999999999
1466,15.262993795,MINUS_10_OUTBOUND,J2A,0,1,-0.0085084779374999999,-0.092342531249999998,0.42348899794621969,-0.005205186880452726,0.046597986827155435,0.0033374687977903612,5.1520781517028809,2.5962686538696289,-0.19634999334812164,-0.024543749168515205,0.05859375,0,-0.37089843302965164,35,34,0,0,1,0,1,1,1.602889
1467,15.272959720999999,MINUS_10_OUTBOUND,J2A,0,1,-0.0094648351604938279,-0.098963061728395071,0.42348899794621969,-0.005205186880452726,0.030288691437651033,0.0030037219180113254,5.1520781517028809,2.5962686538696289,-0.24543750286102295,0,0.0546875,0,-0.34617187082767487,35,34,0,0,1,0,1,1,1.56952
1468,15.282934484,MINUS_10_OUTBOUND,J2A,0,1,-0.010488417939043208,-0.10578722260802469,0.42522406023970399,-0.003470124586968484,0.08056847464500351,0.020097871214933151,5.1518864631652832,2.5964603424072266,0.073631249368190765,0.19634999334812164,0.0546875,0,-0.34617187082767487,35,34,0,0,1,0,1,1,1.504073
1469,15.292985147,MINUS_10_OUTBOUND,J2A,0,1,-0.011581250000000001,-0.1128125,0.42175393565273545,-0.0069424072116154303,-0.068472629500802434,-0.016438241055147226,5.1522698402404785,2.5960767269134521,-0.024543749168515205,-0.53996247053146362,0.05078125,0,-0.32144530862569809,35,34,0,0,1,0,1,1,1.740448
1470,15.303869087000001,MINUS_10_OUTBOUND,J2A,0,1,-0.012745329977623454,-0.12003638927469135,0.42001455728389431,-0.003470124586968484,-0.10044122104018953,-0.03077556319668049,5.1524620056152344,2.5964603424072266,0.34361249208450317,0.22089375555515289,0.05859375,0,-0.37089843302965164,35,34,0,0,1,0,1,1,2.4866269999999999
1471,15.312982413,MINUS_10_OUTBOUND,J2A,0,1,-0.013982631506172846,-0.12745639506172843,0.42348899794621969,-0.005205186880452726,0.068150135038370224,0.010426829898557106,5.1520781517028809,2.5962686538696289,-0.39269998669624329,-0.12271875143051147,0.04296875,0,-0.27199218422174454,35,34,0,0,1,0,1,1,1.7382150000000001
1472,15.32391883,MINUS_10_OUTBOUND,J2A,0,1,-0.015295103312499999,-0.13507003124999997,0.42175393565273545,-0.005205186880452726,-0.011229903790120434,-0.0064808506813160589,5.1522698402404785,2.5962686538696289,0,-0.24543750286102295,0.0546875,0,-0.34617187082767487,35,34,0,0,1,0,1,1,2.536581
1473,15.332971047999999,MINUS_10_OUTBOUND,J2A,0,1,-0.016684669308641972,-0.14287482098765431,0.42175393565273545,-0.003470124586968484,-0.0072994374635782823,-0.005832765613184453,5.1522698402404785,2.5964603424072266,0.049087498337030411,0.22089375555515289,0.0546875,0,-0.34617187082767487,35,34,0,0,1,0,1,1,1.726871
1474,15.342977204,MINUS_10_OUTBOUND,J2A,0,1,-0.018153228684413585,-0.15086829668209878,0.42001455728389431,-0.005205186880452726,-0.065585423670853932,-0.022632571714588306,5.1524620056152344,2.5962686538696289,0.19634999334812164,-0.24543750286102295,0.05859375,0,-0.37089843302965164,35,34,0,0,1,0,1,1,1.578201
1475,15.352987383,MINUS_10_OUTBOUND,J2A,0,1,-0.019702655999999999,-0.15904799999999999,0.42001455728389431,-0.005205186880452726,-0.042630525386055058,-0.020369314543129475,5.1524620056152344,2.5962686538696289,0.22089375555515289,-0.24543750286102295,0.0546875,0,-0.34617187082767487,35,34,0,0,1,0,1,1,1.742388
1476,15.362927621000001,MINUS_10_OUTBOUND,J2A,0,1,-0.021334801278549385,-0.16741148186728397,0.42175393565273545,-0.005205186880452726,0.033534409300138748,-0.00083402571708094189,5.1522698402404785,2.5962686538696289,-0.24543750286102295,-0.22089375555515289,0.05859375,0,-0.37089843302965164,35,34,0,0,1,0,1,1,1.5031559999999999
1477,15.372984902000001,MINUS_10_OUTBOUND,J2A,0,1,-0.023051490098765434,-0.17595630246913585,0.42175393565273545,-0.005205186880452726,0.021797366045090187,-0.00075062314537284772,5.1522698402404785,2.5962686538696289,-0.24543750286102295,-0.098174996674060822,0.0546875,0,-0.34617187082767487,35,34,0,0,1,0,1,1,1.7408729999999999
1478,15.382923667,MINUS_10_OUTBOUND,J2A,0,1,-0.024854523687500005,-0.18468003124999999,0.42001455728389431,-0.005205186880452726,-0.047085039732069636,-0.01817651159122935,5.1524620056152344,2.5962686538696289,-0.17180624604225159,0,0.0546875,0,-0.34617187082767487,35,34,0,0,1,0,1,1,1.5403230000000001
1479,15.393971252,MINUS_10_OUTBOUND,J2A,0,1,-0.026745679012345681,-0.19358024691358025,0.42001455728389431,-0.0069424072116154303,-0.030605275825845265,-0.016358860432106416,5.1524620056152344,2.5960767269134521,-0.31906875967979431,-0.4908750057220459,0.0546875,0,-0.34617187082767487,35,34,0,0,1,0,1,1,2.5651839999999999
1480,15.402988903000001,MINUS_10_OUTBOUND,J2A,0,1,-0.028726708874228391,-0.20265453742283948,0.41654443269692587,-0.005205186880452726,-0.15457857128651403,-0.053204443531671392,5.1528453826904297,2.5962686538696289,0.24543750286102295,-0.024543749168515205,0.06640625,0,-0.42035155743360519,35,34,0,0,1,0,1,1,1.6145659999999999
1481,15.412959529,MINUS_10_OUTBOUND,J2A,0,1,-0.030799342000000007,-0.21190050000000002,0.41827949499041006,-0.0086774695050996723,-0.039569985527830351,-0.030482260376103177,5.152653694152832,2.5958850383758545,-0.36815625429153442,-0.19634999334812164,0.0703125,0,-0.44507811963558197,35,34,0,0,1,0,1,1,1.5678529999999999
1482,15.422979622,MINUS_10_OUTBOUND,J2A,0,1,-0.032965283135030859,-0.22131574112654329,0.41480937040344157,-0.003470124586968484,-0.14693130225312306,-0.062065694812788105,5.1530370712280273,2.5964603424072266,-0.14726249873638153,0.17180624604225159,0.05859375,0,-0.37089843302965164,35,34,0,0,1,0,1,1,1.594157
1483,15.432983760999999,MINUS_10_OUTBOUND,J2A,0,1,-0.035226213135802473,-0.2308978765432099,0.41480937040344157,-0.005205186880452726,-0.095505346464529989,-0.055859125331509295,5.1530370712280273,2.5962686538696289,-0.24543750286102295,-0.12271875143051147,0.0546875,0,-0.34617187082767487,35,34,0,0,1,0,1,1,1.740108
1484,15.442986391,MINUS_10_OUTBOUND,J2A,0,1,-0.037583789062500005,-0.24064453124999999,0.41307430810995738,-0.003470124586968484,-0.12278968842480945,-0.06761927371917692,5.153228759765625,2.5964603424072266,-0.049087498337030411,0.073631249368190765,0.06640625,0,-0.42035155743360519,35,34,0,0,1,0,1,1,1.6089009999999999
1485,15.452985223000001,MINUS_10_OUTBOUND,J2A,0,1,-0.040039644271604932,-0.25055333950617281,0.41307430810995738,-0.0069424072116154303,-0.079813297476126144,-0.060857346347259228,5.153228759765625,2.5960767269134521,-0.073631249368190765,-0.4908750057220459,0.05859375,0,-0.37089843302965164,35,34,0,0,1,0,1,1,1.5776410000000001
1486,15.463902633,MINUS_10_OUTBOUND,J2A,0,1,-0.042595388508487667,-0.26062194483024703,0.41307430810995738,-0.003470124586968484,-0.051878643359481995,-0.054771611712533308,5.153228759765625,2.5964603424072266,-0.24543750286102295,0.12271875143051147,0.0703125,0,-0.44507811963558197,35,34,0,0,1,0,1,1,2.520759
1487,15.472964146000001,MINUS_10_OUTBOUND,J2A,0,1,-0.045252608000000007,-0.27084800000000003,0.40960418352298889,-0.005205186880452726,-0.16775432052403189,-0.087589651209956709,5.1536121368408203,2.5962686538696289,0.12271875143051147,-0.073631249368190765,0.06640625,0,-0.42035155743360519,35,34,0,0,1,0,1,1,1.5804689999999999
1488,15.482912081,MINUS_10_OUTBOUND,J2A,0,1,-0.0480128655470679,-0.28122916705246909,0.40960418352298889,-0.005205186880452726,-0.10904030834062073,-0.078830686088961044,5.1536121368408203,2.5962686538696289,0.049087498337030411,-0.098174996674060822,0.06640625,0,-0.42035155743360519,35,34,0,0,1,0,1,1,1.66784
1489,15.492967187,MINUS_10_OUTBOUND,J2A,0,1,-0.050877700617283951,-0.29176311728395066,0.40960418352298889,-0.005205186880452726,-0.070876200421403482,-0.070947617480064937,5.1536121368408203,2.5962686538696289,-0.049087498337030411,-0.073631249368190765,0.05859375,0,-0.37089843302965164,35,34,0,0,1,0,1,1,1.584543
1490,15.502923123,MINUS_10_OUTBOUND,J2A,0,1,-0.053848629437500017,-0.30244753125000012,0.40786912122950464,-0.005205186880452726,-0.10706548311244386,-0.081280270828781753,5.153803825378418,2.5962686538696289,0.12271875143051147,-0.17180624604225159,0.06640625,0,-0.42035155743360519,35,34,0,0,1,0,1,1,1.6168260000000001
1491,15.512966553,MINUS_10_OUTBOUND,J2A,0,1,-0.056927145086419759,-0.31328009876543211,0.40613405893602034,-0.005205186880452726,-0.13005714661285395,-0.090427838771550847,5.1539955139160156,2.5962686538696289,0.29452499747276306,-0.19634999334812164,0.06640625,0,-0.42035155743360519,35,34,0,0,1,0,1,1,1.5724180000000001
1492,15.522928675999999,MINUS_10_OUTBOUND,J2A,0,1,-0.060114717587191349,-0.32425851890432095,0.40960418352298889,-0.005205186880452726,0.037378997017803256,-0.046551871375493381,5.1536121368408203,2.5962686538696289,-0.61359375715255737,-0.098174996674060822,0.08203125,0,-0.5192578062415123,35,34,0,0,1,0,1,1,1.546416
1493,15.532960763,MINUS_10_OUTBOUND,J2A,0,1,-0.063412793999999995,-0.33538049999999997,0.40786912122950464,-0.003470124586968484,-0.03623660013947895,-0.059191812295387211,5.153803825378418,2.5964603424072266,-0.34361249208450317,0.12271875143051147,0.07421875,0,-0.46980468183755875,35,34,0,0,1,0,1,1,1.5648169999999999
1494,15.542957652,MINUS_10_OUTBOUND,J2A,0,1,-0.066822798514660484,-0.34664375964506167,0.40613405893602034,-0.005205186880452726,-0.084299868467595226,-0.070628653459258187,5.1539955139160156,2.5962686538696289,-0.24543750286102295,-0.29452499747276306,0.06640625,0,-0.42035155743360519,35,34,0,0,1,0,1,1,1.5759259999999999
1495,15.553840434,MINUS_10_OUTBOUND,J2A,0,1,-0.070346132543209886,-0.35804602469135804,0.40613405893602034,-0.005205186880452726,-0.054794914503936899,-0.063565788113332369,5.1539955139160156,2.5962686538696289,-0.26998123526573181,-0.22089375555515289,0.06640625,0,-0.42035155743360519,35,34,0,0,1,0,1,1,2.457214
1496,15.563841140999999,MINUS_10_OUTBOUND,J2A,0,1,-0.073984174812500011,-0.36958503124999997,0.40613405893602034,-0.0069424072116154303,-0.035616694427558986,-0.057209209301999131,5.1539955139160156,2.5960767269134521,-0.36815625429153442,-0.56450623273849487,0.05859375,0,-0.37089843302965164,35,34,0,0,1,0,1,1,2.4078210000000002
1497,15.573846216,MINUS_10_OUTBOUND,J2A,0,1,-0.077738281456790112,-0.38125852469135801,0.40613405893602034,-0.005205186880452726,-0.023150851377913343,-0.051488288371799217,5.1539955139160156,2.5962686538696289,-0.41724374890327454,-0.29452499747276306,0.08203125,0,-0.5192578062415123,35,34,0,0,1,0,1,1,2.4642930000000001
1498,15.582898846000001,MINUS_10_OUTBOUND,J2A,0,1,-0.081609786110339477,-0.3930642596450617,0.4043946805671792,-0.0069424072116154303,-0.082297286943720113,-0.065553526262641132,5.1541876792907715,2.5960767269134521,-0.46633124351501465,-0.36815625429153442,0.05078125,0,-0.32144530862569809,35,34,0,0,1,0,1,1,1.5274030000000001
1499,15.592961171000001,MINUS_10_OUTBOUND,J2A,0,1,-0.085599999999999996,-0.40500000000000008,0.40092455598021076,-0.005205186880452726,-0.17419532131379722,-0.093484483579342498,5.1545710563659668,2.5962686538696289,0.12271875143051147,-0.12271875143051147,0.0703125,0,-0.44507811963558197,35,34,0,0,1,0,1,1,1.5560959999999999
1500,15.602968914,MINUS_10_OUTBOUND,J2A,0,1,-0.089710212037808656,-0.41706351890432114,0.40092455598021076,-0.005205186880452726,-0.1132269588539682,-0.084136035221408251,5.1545710563659668,2.5962686538696289,-0.36815625429153442,-0.29452499747276306,0.06640625,0,-0.42035155743360519,35,34,0,0,1,0,1,1,1.6553089999999999
1501,15.612964186999999,MINUS_10_OUTBOUND,J2A,0,1,-0.093941688913580235,-0.42925259876543198,0.39918949368672646,-0.005205186880452726,-0.13435342284076726,-0.093081260152321127,5.1547627449035645,2.5962686538696289,0.19634999334812164,-0.14726249873638153,0.06640625,0,-0.42035155743360519,35,34,0,0,1,0,1,1,1.6104179999999999
1502,15.623959649,MINUS_10_OUTBOUND,J2A,0,1,-0.098295675187499987,-0.44156503124999991,0.38877480385046415,-0.003470124586968484,-0.41884298392480712,-0.17849120815946287,5.1559133529663086,2.5964603424072266,0,0.12271875143051147,0.05859375,0,-0.37089843302965164,35,34,0,0,1,0,1,1,2.5638860000000001
1503,15.633045812000001,MINUS_10_OUTBOUND,J2A,0,1,-0.10277339338271609,-0.45399861728395058,0.38183455467652716,-0.003470124586968484,-0.53958710250447273,-0.23702470533018749,5.1566801071166992,2.5964603424072266,0.098174996674060822,0.073631249368190765,0.05078125,0,-0.32144530862569809,35,34,0,0,1,0,1,1,1.749009
1504,15.643092122000001,MINUS_10_OUTBOUND,J2A,0,1,-0.10737604407793211,-0.46655116705246918,0.37141986484026479,-0.005205186880452726,-0.71356547728837549,-0.31698905212873107,5.1578307151794434,2.5962686538696289,0.073631249368190765,-0.36815625429153442,0.0546875,0,-0.34617187082767487,35,34,0,0,1,0,1,1,1.7098549999999999
1505,15.653072764999999,MINUS_10_OUTBOUND,J2A,0,1,-0.11210480599999997,-0.47922049999999999,0.35059480124309689,-0.003470124586968484,-1.1941084101365669,-0.49394467545846449,5.1601314544677734,2.5964603424072266,0.29452499747276306,0,0.05078125,0,-0.32144530862569809,35,34,0,0,1,0,1,1,1.8284009999999999
1506,15.663994527,MINUS_10_OUTBOUND,J2A,0,1,-0.11696083611651234,-0.49200444483024691,0.31414554485385704,-0.003470124586968484,-1.9442273914909254,-0.77828075788466289,5.1641583442687988,2.5964603424072266,0.19634999334812164,-0.049087498337030411,0.0234375,0,-0.14835937321186066,35,34,0,0,1,0,1,1,2.607831
1507,15.673049154999999,MINUS_10_OUTBOUND,J2A,0,1,-0.12194526972839506,-0.50490083950617282,0.28290579142042688,-0.001735062293484242,-2.4712975460709892,-1.0454668939824501,5.167609691619873,2.5966520309448242,0.024543749168515205,0.049087498337030411,0.01171875,0,-0.074179686605930328,35,34,0,0,1,0,1,1,1.804988
1508,15.683983098000001,MINUS_10_OUTBOUND,J2A,0,1,-0.12705922056250002,-0.51790753125000011,0.26728591470371182,-0.003470124586968484,-2.1063420651595379,-1.0837769646451751,5.1693353652954102,2.5964603424072266,0.073631249368190765,-0.24543750286102295,0.0390625,0,-0.24726562201976776,35,34,0,0,1,0,1,1,2.5937320000000001
1509,15.694079936,MINUS_10_OUTBOUND,J2A,0,1,-0.13230378086419753,-0.53102237654320994,0.26381147404138638,-0.003470124586968484,-1.4895614572344196,-1.0098104438608633,5.1697192192077637,2.5964603424072266,-0.26998123526573181,-0.12271875143051147,0.05078125,0,-0.32144530862569809,35,34,0,0,1,0,1,1,2.6929240000000001
1510,15.703083722000001,MINUS_10_OUTBOUND,J2A,0,1,-0.13768002148996916,-0.54424324112654321,0.26207641174790214,-0.001735062293484242,-1.0356612195504074,-0.92809976300278685,5.1699109077453613,2.5966520309448242,-0.31906875967979431,0.12271875143051147,0.05078125,0,-0.32144530862569809,35,34,0,0,1,0,1,1,1.7956479999999999
1511,15.714003751,MINUS_10_OUTBOUND,J2A,0,1,-0.14318899200000001,-0.55756800000000006,0.25860628716093359,-0.003470124586968484,-0.78440143922894767,-0.86706739999427473,5.1702942848205566,2.5964603424072266,0,-0.19634999334812164,0.05859375,0,-0.37089843302965164,35,34,0,0,1,0,1,1,2.6197059999999999
1512,15.723996654,MINUS_10_OUTBOUND,J2A,0,1,-0.14883172075077161,-0.57099453742283957,0.25513616257396515,-0.003470124586968484,-0.63140155341924276,-0.81508655082925485,5.170677661895752,2.5964603424072266,0.31906875967979431,0.12271875143051147,0.05859375,0,-0.37089843302965164,35,34,0,0,1,0,1,1,2.6036000000000001
1513,15.733034964,MINUS_10_OUTBOUND,J2A,0,1,-0.15460921498765437,-0.58452074691358025,0.25513616257396515,-0.001735062293484242,-0.41041100972250782,-0.73357789574632937,5.170677661895752,2.5966520309448242,-0.17180624604225159,0.098174996674060822,0.05078125,0,-0.32144530862569809,35,34,0,0,1,0,1,1,1.6542539999999999
1514,15.743976609000001,MINUS_10_OUTBOUND,J2A,0,1,-0.1605224609375,-0.59814453125,0.25166172191163977,-0.001735062293484242,-0.37790713863616404,-0.69197438683356327,5.1710615158081055,2.5966520309448242,0.073631249368190765,0.12271875143051147,0.0703125,0,-0.44507811963558197,35,34,0,0,1,0,1,1,2.5951569999999999
1515,15.753989828,MINUS_10_OUTBOUND,J2A,0,1,-0.16657242390123456,-0.61186380246913596,0.25340110028048091,-0.003470124586968484,-0.18484176591396689,-0.60540612695033846,5.1708693504333496,2.5964603424072266,-0.29452499747276306,-0.24543750286102295,0.0546875,0,-0.34617187082767487,35,34,0,0,1,0,1,1,2.603259
1516,15.763971994,MINUS_10_OUTBOUND,J2A,0,1,-0.17276004834645062,-0.62567648186728386,0.25340110028048091,-0.003470124586968484,-0.12014714784407848,-0.54486551425530461,5.1708693504333496,2.5964603424072266,-0.31906875967979431,-0.24543750286102295,0.05859375,0,-0.37089843302965164,35,34,0,0,1,0,1,1,2.5858910000000002
1517,15.772862255,MINUS_10_OUTBOUND,J2A,0,1,-0.17908625800000005,-0.63958049999999989,0.24992665961815549,-0.003470124586968484,-0.21488063270522745,-0.5294603875745103,5.1712532043457031,2.5964603424072266,0.073631249368190765,-0.24543750286102295,0.0546875,0,-0.34617187082767487,35,34,0,0,1,0,1,1,1.616997
1518,15.784010823999999,MINUS_10_OUTBOUND,J2A,0,1,-0.18555195594058638,-0.6535737966820987,0.25166172191163977,-0.003470124586968484,-0.085201581619228625,-0.46095125463443953,5.1710615158081055,2.5964603424072266,-0.36815625429153442,-0.24543750286102295,0.0546875,0,-0.34617187082767487,35,34,0,0,1,0,1,1,2.628514
1519,15.794027890000001,MINUS_10_OUTBOUND,J2A,0,1,-0.19215802469135804,-0.6676543209876542,0.24992665961815549,-0.003470124586968484,-0.11600474788417493,-0.43217719198004595,5.1712532043457031,2.5964603424072266,-0.073631249368190765,-0.29452499747276306,0.05859375,0,-0.37089843302965164,35,34,0,0,1,0,1,1,2.6281669999999999
1520,15.803078278999999,MINUS_10_OUTBOUND,J2A,0,1,-0.19890532631250002,-0.68182003125000012,0.24992665961815549,-0.001735062293484242,-0.075403086124713706,-0.38895947278204135,5.1712532043457031,2.5966520309448242,-0.36815625429153442,0.049087498337030411,0.06640625,0,-0.42035155743360519,35,34,0,0,1,0,1,1,1.7128760000000001
1521,15.812979771,MINUS_10_OUTBOUND,J2A,0,1,-0.20579470249382711,-0.69606889506172831,0.24645653503118703,-0.003470124586968484,-0.17167469211350256,-0.38511000725596256,5.1716365814208984,2.5964603424072266,0.22089375555515289,0.098174996674060822,0.06640625,0,-0.42035155743360519,35,34,0,0,1,0,1,1,1.6031789999999999
1522,15.823044957,MINUS_10_OUTBOUND,J2A,0,1,-0.21282697464737652,-0.7103988892746913,0.24645653503118703,-0.003470124586968484,-0.11158854987377667,-0.34659900653036629,5.1716365814208984,2.5964603424072266,0.14726249873638153,-0.24543750286102295,0.0703125,0,-0.44507811963558197,35,34,0,0,1,0,1,1,1.8008789999999999
1523,15.832960845000001,MINUS_10_OUTBOUND,J2A,0,1,-0.22000294400000006,-0.72480800000000012,0.24645653503118703,-0.001735062293484242,-0.072532557417954835,-0.31193910587732965,5.1716365814208984,2.5966520309448242,0,0.12271875143051147,0.0703125,0,-0.44507811963558197,35,34,0,0,1,0,1,1,1.595807
1524,15.842863091,MINUS_10_OUTBOUND,J2A,0,1,-0.22732339168595678,-0.73929422260802469,0.24645653503118703,-0.003470124586968484,-0.047146162321670647,-0.28074519528959668,5.1716365814208984,2.5964603424072266,0,-0.24543750286102295,0.0703125,0,-0.44507811963558197,35,34,0,0,1,0,1,1,1.61758
1525,15.852977944999999,MINUS_10_OUTBOUND,J2A,0,1,-0.23478907883950614,-0.7538555617283953,0.24472147273770278,-0.001735062293484242,-0.090682629652699437,-0.26982428265881231,5.1718282699584961,2.5966520309448242,0.098174996674060822,0.098174996674060822,0.07421875,0,-0.46980468183755875,35,34,0,0,1,0,1,1,1.5888549999999999
1526,15.863048665999999,MINUS_10_OUTBOUND,J2A,0,1,-0.24240074668749997,-0.76849003124999993,0.24298641044421851,-0.001735062293484242,-0.11924443677127286,-0.26007063367779343,5.1720199584960938,2.5966520309448242,0.12271875143051147,0,0.06640625,0,-0.42035155743360519,35,34,0,0,1,0,1,1,1.666763
1527,15.872987515,MINUS_10_OUTBOUND,J2A,0,1,-0.25015911664197532,-0.78319565432098781,0.24298641044421851,-0.003470124586968484,-0.077508883901327361,-0.2340635703100141,5.1720199584960938,2.5964603424072266,0,-0.29452499747276306,0.06640625,0,-0.42035155743360519,35,34,0,0,1,0,1,1,1.593313
1528,15.883043549,MINUS_10_OUTBOUND,J2A,0,1,-0.25806489039274694,-0.79797046334876565,0.24298641044421851,-0.003470124586968484,-0.050380774535862788,-0.21065721327901268,5.1720199584960938,2.5964603424072266,-0.12271875143051147,-0.24543750286102295,0.07421875,0,-0.46980468183755875,35,34,0,0,1,0,1,1,1.6613709999999999
1529,15.894049895,MINUS_10_OUTBOUND,J2A,0,1,-0.26611875000000002,-0.81281249999999983,0.24125134815073429,-0.001735062293484242,-0.087922200184126775,-0.20535569101848741,5.1722116470336914,2.5966520309448242,0,0.12271875143051147,0.08203125,0,-0.5192578062415123,35,34,0,0,1,0,1,1,2.6873130000000001
1530,15.903036173,MINUS_10_OUTBOUND,J2A,0,1,-0.27432135798688273,-0.82771981520061733,0.24125134815073429,-0.003470124586968484,-0.057149430119682404,-0.18482012191663869,5.1722116470336914,2.5964603424072266,-0.34361249208450317,-0.24543750286102295,0.06640625,0,-0.42035155743360519,35,34,0,0,1,0,1,1,1.791892
1531,15.913860005,MINUS_10_OUTBOUND,J2A,0,1,-0.28267335743209876,-0.84269046913580237,0.23951628585725004,-0.001735062293484242,-0.093252195022221818,-0.1823681284233829,5.1724033355712891,2.5966520309448242,-0.098174996674060822,0.12271875143051147,0.08203125,0,-0.5192578062415123,35,34,0,0,1,0,1,1,2.5114139999999998
1532,15.923035894,MINUS_10_OUTBOUND,J2A,0,1,-0.29117537206249999,-0.85772253124999986,0.23777690748840888,-0.001735062293484242,-0.12695980661264453,-0.183087281251959,5.1725955009460449,2.5966520309448242,0.098174996674060822,0.098174996674060822,0.07421875,0,-0.46980468183755875,35,34,0,0,1,0,1,1,1.7920560000000001
1533,15.934031204,MINUS_10_OUTBOUND,J2A,0,1,-0.29982800634567908,-0.87281408024691376,0.23951628585725004,-0.001735062293484242,-0.027156410434590113,-0.14895927773715487,5.1724033355712891,2.5966520309448242,-0.34361249208450317,0.073631249368190765,0.0703125,0,-0.44507811963558197,35,34,0,0,1,0,1,1,2.6454870000000001
1534,15.943019221,MINUS_10_OUTBOUND,J2A,0,1,-0.30863184558256168,-0.88796320408950635,0.23604184519492463,-0.001735062293484242,-0.15294894445940438,-0.1727197150139882,5.1727871894836426,2.5966520309448242,0.098174996674060822,0.12271875143051147,0.07421875,0,-0.46980468183755875,35,34,0,0,1,0,1,1,1.774662
1535,15.953952919000001,MINUS_10_OUTBOUND,J2A,0,1,-0.31758745600000005,-0.90316800000000019,0.23430678290144041,-0.001735062293484242,-0.15495811408080609,-0.17131668642178746,5.1729788780212402,2.5966520309448242,0.12271875143051147,-0.024543749168515205,0.07421875,0,-0.46980468183755875,35,34,0,0,1,0,1,1,2.5740780000000001
1536,15.962933146999999,MINUS_10_OUTBOUND,J2A,0,1,-0.32669538484336408,-0.91842657445987641,0.23430678290144041,-0.001735062293484242,-0.10072277415252397,-0.15418501777960872,5.1729788780212402,2.5966520309448242,-0.12271875143051147,0.024543749168515205,0.07421875,0,-0.46980468183755875,35,34,0,0,1,0,1,1,1.689011
1537,15.973878106000001,MINUS_10_OUTBOUND,J2A,0,1,-0.33595616046913573,-0.93373704320987627,0.23257172060795617,-0.003470124586968484,-0.12095395829916465,-0.15461913174451186,5.1731705665588379,2.5964603424072266,0.12271875143051147,-0.36815625429153442,0.07421875,0,-0.46980468183755875,35,34,0,0,1,0,1,1,2.5197769999999999
1538,15.983907243999999,MINUS_10_OUTBOUND,J2A,0,1,-0.34537029243750006,-0.94909753125000007,0.22736653372750346,-0.001735062293484242,-0.26027231540610085,-0.19105785928767322,5.1737456321716309,2.5966520309448242,0.22089375555515289,0.12271875143051147,0.07421875,0,-0.46980468183755875,35,34,0,0,1,0,1,1,2.523876
1539,15.992927307,MINUS_10_OUTBOUND,J2A,0,1,-0.35493827160493829,-0.96450617283950602,0.2291015960209877,-0.001735062293484242,-0.10185244168005067,-0.15271648383493019,5.1735539436340332,2.5966520309448242,-0.36815625429153442,0.14726249873638153,0.0859375,0,-0.54398436844348907,35,34,0,0,1,0,1,1,1.54149
1540,16.002962264000001,MINUS_10_OUTBOUND,J2A,0,1,-0.36466057021682097,-0.97996111149691356,0.22563147143401918,-0.001735062293484242,-0.18723535862004784,-0.17202519874515573,5.1739373207092285,2.5966520309448242,0.12271875143051147,-0.024543749168515205,0.09375,0,-0.59343749284744263,35,34,0,0,1,0,1,1,1.718588
1541,16.012892153999999,MINUS_10_OUTBOUND,J2A,0,1,-0.37453764200000006,-0.99546050000000041,0.22563147143401918,-0.001735062293484242,-0.1217029831030311,-0.15482267887064016,5.1739373207092285,2.5966520309448242,-0.049087498337030411,0.12271875143051147,0.0859375,0,-0.54398436844348907,35,34,0,0,1,0,1,1,1.644919
1542,16.023865438000001,MINUS_10_OUTBOUND,J2A,0,1,-0.38456992225540115,-1.0110025003858025,0.22389209306517804,-0.003470124586968484,-0.13458553859520794,-0.15519143943450123,5.1741294860839844,2.5964603424072266,-0.24543750286102295,-0.29452499747276306,0.07421875,0,-0.46980468183755875,35,34,0,0,1,0,1,1,2.479349
1543,16.033847266999999,MINUS_10_OUTBOUND,J2A,0,1,-0.39475782795061731,-1.0265852839506173,0.22215703077169377,-0.003470124586968484,-0.14831832859532368,-0.15705450363631926,5.174321174621582,2.5964603424072266,-0.049087498337030411,-0.36815625429153442,0.0859375,0,-0.54398436844348907,35,34,0,0,1,0,1,1,2.4726379999999999
1544,16.043874729999999,MINUS_10_OUTBOUND,J2A,0,1,-0.40510175781249991,-1.04220703125,0.22389209306517804,-0.005205186880452726,-0.035846051610258181,-0.12404594985077243,5.1741294860839844,2.5962686538696289,-0.39269998669624329,-0.6626812219619751,0.08984375,0,-0.56871093064546585,35,34,0,0,1,0,1,1,2.4823789999999999
1545,16.052937054000001,MINUS_10_OUTBOUND,J2A,0,1,-0.4156020924197531,-1.0578659320987653,0.22042196847820955,-0.001735062293484242,-0.1573211410690093,-0.14993312844350704,5.1745128631591797,2.5966520309448242,0,0.098174996674060822,0.09375,0,-0.59343749284744263,35,34,0,0,1,0,1,1,1.549868
1546,16.062877223000001,MINUS_10_OUTBOUND,J2A,0,1,-0.42625919429552472,-1.0735601855709878,0.22215703077169377,-0.003470124586968484,-0.041166037665430276,-0.11748475730503467,5.174321174621582,2.5964603424072266,-0.46633124351501465,-0.24543750286102295,0.08984375,0,-0.56871093064546585,35,34,0,0,1,0,1,1,1.518913
1547,16.072915914999999,MINUS_10_OUTBOUND,J2A,0,1,-0.437073408,-1.0892879999999998,0.21695184389124106,-0.001735062293484242,-0.20823728535531452,-0.157587527538184,5.174896240234375,2.5966520309448242,0.12271875143051147,0.073631249368190765,0.08984375,0,-0.56871093064546585,35,34,0,0,1,0,1,1,1.671449
1548,16.082858309999999,MINUS_10_OUTBOUND,J2A,0,1,-0.44804506022299384,-1.1050475929783949,0.21695184389124106,-0.003470124586968484,-0.13535423548095443,-0.14182877478436562,5.174896240234375,2.5964603424072266,-0.024543749168515205,-0.26998123526573181,0.08984375,0,-0.56871093064546585,35,34,0,0,1,0,1,1,1.612627
1549,16.093919052,MINUS_10_OUTBOUND,J2A,0,1,-0.45917445987654315,-1.1208371913580244,0.21695184389124106,-0.001735062293484242,-0.087980253062620389,-0.12764589730592907,5.174896240234375,2.5966520309448242,0,0.073631249368190765,0.09375,0,-0.59343749284744263,35,34,0,0,1,0,1,1,2.520953
1550,16.103891938,MINUS_10_OUTBOUND,J2A,0,1,-0.47046189818749995,-1.1366550312500001,0.21348171930427257,-0.003470124586968484,-0.17897173171016051,-0.14967689820946681,5.1752796173095703,2.5964603424072266,0.22089375555515289,-0.36815625429153442,0.10546875,0,-0.66761717945337296,35,34,0,0,1,0,1,1,2.5182519999999999
1551,16.112916860999999,MINUS_10_OUTBOUND,J2A,0,1,-0.48190764879012354,-1.1524993580246916,0.21348171930427257,-0.001735062293484242,-0.11633162561160433,-0.13470920838852013,5.1752796173095703,2.5966520309448242,0,0.049087498337030411,0.08984375,0,-0.56871093064546585,35,34,0,0,1,0,1,1,1.5256209999999999
1552,16.122923934999999,MINUS_10_OUTBOUND,J2A,0,1,-0.49351196781867279,-1.1683684263117282,0.21348171930427257,-0.001735062293484242,-0.075615556647542811,-0.12123828754966812,5.1752796173095703,2.5966520309448242,-0.073631249368190765,0.024543749168515205,0.08984375,0,-0.56871093064546585,35,34,0,0,1,0,1,1,1.536591
1553,16.132939754999999,MINUS_10_OUTBOUND,J2A,0,1,-0.50527509400000015,-1.1842604999999999,0.21521678159775684,-0.001735062293484242,0.011481149795172771,-0.091791241190108272,5.1750879287719727,2.5966520309448242,-0.44178751111030579,0.024543749168515205,0.1015625,0,-0.64289061725139618,35,34,0,0,1,0,1,1,1.552543
1554,16.142874540000001,MINUS_10_OUTBOUND,J2A,0,1,-0.51719724874614204,-1.2001738522376544,0.21174665701078832,-0.003470124586968484,-0.11478887714627113,-0.11754115264627843,5.175471305847168,2.5964603424072266,-0.049087498337030411,-0.26998123526573181,0.1015625,0,-0.64289061725139618,35,34,0,0,1,0,1,1,1.4702789999999999
1555,16.152855629000001,MINUS_10_OUTBOUND,J2A,0,1,-0.52927863624691351,-1.2161067654320989,0.21000727864194715,-0.001735062293484242,-0.13560635802856316,-0.12321377677693257,5.1756634712219238,2.5966520309448242,-0.14726249873638153,0.12271875143051147,0.09375,0,-0.59343749284744263,35,34,0,0,1,0,1,1,1.6106240000000001
1556,16.162866546,MINUS_10_OUTBOUND,J2A,0,1,-0.54151944356250004,-1.2320575312500002,0.20827221634846294,-0.001735062293484242,-0.14880508942408496,-0.12822410101510187,5.1758551597595215,2.5966520309448242,-0.073631249368190765,0.14726249873638153,0.09375,0,-0.59343749284744263,35,34,0,0,1,0,1,1,1.5740810000000001
1557,16.172916159,MINUS_10_OUTBOUND,J2A,0,1,-0.55391984071604927,-1.248024450617284,0.20827221634846294,-0.003470124586968484,-0.09672330812565523,-0.11540169091359169,5.1758551597595215,2.5964603424072266,-0.44178751111030579,-0.36815625429153442,0.10546875,0,-0.66761717945337296,35,34,0,0,1,0,1,1,1.672078
1558,16.183879947000001,MINUS_10_OUTBOUND,J2A,0,1,-0.56647998078626549,-1.264005833719136,0.20133196717452592,-0.003470124586968484,-0.2844256209709683,-0.16716308487631606,5.1766219139099121,2.5964603424072266,0.31906875967979431,-0.36815625429153442,0.109375,0,-0.69234374165534973,35,34,0,0,1,0,1,1,2.4557989999999998
1559,16.192919779,MINUS_10_OUTBOUND,J2A,0,1,-0.57920000000000005,-1.2800000000000002,0.20133196717452592,-0.001735062293484242,-0.1848766536311294,-0.15044677638868445,5.1766219139099121,2.5966520309448242,-0.41724374890327454,0,0.10546875,0,-0.66761717945337296,35,34,0,0,1,0,1,1,1.5194859999999999
1560,16.202871567999999,MINUS_10_OUTBOUND,J2A,0,1,-0.59208001782484554,-1.2960052781635802,0.19612246421871629,-0.001735062293484242,-0.30338573051635348,-0.18774950036585011,5.1771974563598633,2.5966520309448242,0.024543749168515205,0.073631249368190765,0.109375,0,-0.69234374165534973,35,34,0,0,1,0,1,1,1.4681999999999999
1561,16.212914417,MINUS_10_OUTBOUND,J2A,0,1,-0.60512013706172851,-1.3120200061728395,0.19786184258755748,-0.001735062293484242,-0.13658222613129409,-0.15165497927088348,5.1770052909851074,2.5966520309448242,-0.36815625429153442,0.024543749168515205,0.10546875,0,-0.66761717945337296,35,34,0,0,1,0,1,1,1.528837
1562,16.222870226000001,MINUS_10_OUTBOUND,J2A,0,1,-0.61832044393749996,-1.3280425312499999,0.19612246421871629,-0.001735062293484242,-0.14992691107242451,-0.15396047108296179,5.1771974563598633,2.5966520309448242,-0.24543750286102295,0.098174996674060822,0.109375,0,-0.69234374165534973,35,34,0,0,1,0,1,1,1.522526
1563,16.232960184,MINUS_10_OUTBOUND,J2A,0,1,-0.63168100819753081,-1.344071209876543,0.19612246421871629,-0.001735062293484242,-0.097452492197075927,-0.13856442397466562,5.1771974563598633,2.5966520309448242,-0.31906875967979431,-0.049087498337030411,0.1171875,0,-0.74179686605930328,35,34,0,0,1,0,1,1,1.5697890000000001
1564,16.242871384000001,MINUS_10_OUTBOUND,J2A,0,1,-0.64520188319830252,-1.3601044077932101,0.19265233963174783,-0.001735062293484242,-0.18588665821194106,-0.15972013537258239,5.1775808334350586,2.5966520309448242,-0.17180624604225159,0,0.109375,0,-0.69234374165534973,35,34,0,0,1,0,1,1,1.626843
1565,16.252812311,MINUS_10_OUTBOUND,J2A,0,1,-0.65888310599999989,-1.3761404999999995,0.18918221504477933,-0.001735062293484242,-0.24300241920621418,-0.17865557651202485,5.1779642105102539,2.5966520309448242,-0.51541876792907715,0,0.1171875,0,-0.74179686605930328,35,34,0,0,1,0,1,1,1.5682830000000001
1566,16.263907591999999,MINUS_10_OUTBOUND,J2A,0,1,-0.67272469745910513,-1.3921778707561729,0.18397702816432659,-0.001735062293484242,-0.32214889278251257,-0.20770353894610047,5.1785392761230469,2.5966520309448242,0.098174996674060822,0.024543749168515205,0.1171875,0,-0.74179686605930328,35,34,0,0,1,0,1,1,2.5201060000000002
1567,16.272927396,MINUS_10_OUTBOUND,J2A,0,1,-0.68672666232098789,-1.4082149135802469,0.18223764979548543,-0.001735062293484242,-0.27689075568707067,-0.20621717801675826,5.1787314414978027,2.5966520309448242,-0.17180624604225159,0.073631249368190765,0.12109375,0,-0.76652342826128006,35,34,0,0,1,0,1,1,1.683292
1568,16.283868000999998,MINUS_10_OUTBOUND,J2A,0,1,-0.70088898931249988,-1.4242500312499997,0.17876752520851696,-0.003470124586968484,-0.29099146312471641,-0.21731330933740259,5.179114818572998,2.5964603424072266,0.17180624604225159,-0.26998123526573181,0.125,0,-0.79124999046325684,35,34,0,0,1,0,1,1,2.5023080000000002
1569,16.293764769999999,MINUS_10_OUTBOUND,J2A,0,1,-0.71521165123456798,-1.4402816358024693,0.17876752520851696,-0.001735062293484242,-0.18914445103106567,-0.19558197840366234,5.179114818572998,2.5966520309448242,-0.22089375555515289,0,0.12109375,0,-0.76652342826128006,35,34,0,0,1,0,1,1,2.4164180000000002
1570,16.302868319000002,MINUS_10_OUTBOUND,J2A,0,1,-0.7296946050547839,-1.4563081485339504,0.17356233832806425,-0.003470124586968484,-0.32306534120743202,-0.23320133714536451,5.179689884185791,2.5964603424072266,-0.22089375555515289,-0.39269998669624329,0.125,0,-0.79124999046325684,35,34,0,0,1,0,1,1,1.504893
1571,16.312901501999999,MINUS_10_OUTBOUND,J2A,0,1,-0.74433779199999994,-1.4723280000000001,0.16314764849180186,-0.001735062293484242,-0.57330104920166924,-0.31368365412135329,5.1808404922485352,2.5966520309448242,0.24543750286102295,-0.073631249368190765,0.109375,0,-0.69234374165534973,35,34,0,0,1,0,1,1,1.65726
1572,16.322852464,MINUS_10_OUTBOUND,J2A,0,1,-0.75914113764891977,-1.4883396300154321,0.15273295865553949,0,-0.73895613947166117,-0.38697541942081115,5.1819911003112793,2.5968437194824219,0.024543749168515205,0.29452499747276306,0.109375,0,-0.69234374165534973,35,34,0,0,1,0,1,1,1.6080380000000001
1573,16.333892676000001,MINUS_10_OUTBOUND,J2A,0,1,-0.77410455202469131,-1.5043414876543211,0.12669839210256198,-0.001735062293484242,-1.3056768636821396,-0.5840936983431757,5.1848673820495605,2.5966520309448242,-0.19634999334812164,-0.14726249873638153,0.0859375,0,-0.54398436844348907,35,34,0,0,1,0,1,1,2.5052099999999999
1574,16.343872127000001,MINUS_10_OUTBOUND,J2A,0,1,-0.7892279296875,-1.5203320312499999,0.071159134409638544,0,-2.7965666724994547,-1.0822205316820193,5.1910033226013184,2.5968437194824219,0.34361249208450317,-0.024543749168515205,0.04296875,0,-0.27199218422174454,35,34,0,0,1,0,1,1,2.421745
1575,16.352891518,MINUS_10_OUTBOUND,J2A,0,1,-0.80451114982716043,-1.5363097283950617,0.0034744406623254103,0.0017372203311627052,-4.4442918808497591,-1.7244337767209927,5.1984810829162598,2.5970356464385986,0.85903126001358032,0.073631249368190765,0.0390625,0,-0.24726562201976776,35,34,0,0,1,0,1,1,1.647321
1576,16.362850903999998,MINUS_10_OUTBOUND,J2A,0,1,-0.81995407635570994,-1.5522730559413578,-0.03123975343343021,0,-4.1087412269439136,-1.9005479717321994,5.2023162841796875,2.5968437194824219,0,-0.34361249208450317,0.07421875,0,-0.46980468183755875,35,34,0,0,1,0,1,1,1.4569540000000001
1577,16.372903174000001,MINUS_10_OUTBOUND,J2A,0,1,-0.83555655800000006,-1.5682205000000002,-0.055539257692923442,0.0017372203311627052,-3.5167420894496249,-1.9522246865407169,5.2050008773803711,2.5970356464385986,-0.17180624604225159,-0.024543749168515205,0.07421875,0,-0.46980468183755875,35,34,0,0,1,0,1,1,1.658317
1578,16.382911623999998,MINUS_10_OUTBOUND,J2A,0,1,-0.85131842839428995,-1.584150555941358,-0.088514073419837885,0.0017372203311627052,-3.4390265017831982,-2.0864719732126291,5.208643913269043,2.5970356464385986,0.14726249873638153,-0.073631249368190765,0.06640625,0,-0.42035155743360519,35,34,0,0,1,0,1,1,1.6669430000000001
1579,16.392903253,MINUS_10_OUTBOUND,J2A,0,1,-0.86723950617283974,-1.6000617283950622,-0.1579381455359922,0.0034722826246469467,-4.66724547550659,-2.572647132847798,5.2163138389587402,2.5972273349761963,0.88357502222061157,-0.024543749168515205,0.01953125,0,-0.12363281100988388,35,34,0,0,1,0,1,1,1.6574720000000001
1580,16.402858416000001,MINUS_10_OUTBOUND,J2A,0,1,-0.88331959506249991,-1.61595253125,-0.21694752781588414,0.0052073449181311892,-5.1083399592003653,-2.9081339624547557,5.2228331565856934,2.5974190235137939,0.34361249208450317,0.29452499747276306,0.05859375,0,-0.37089843302965164,35,34,0,0,1,0,1,1,1.6151169999999999
1581,16.412887632,MINUS_10_OUTBOUND,J2A,0,1,-0.89955848397530891,-1.6318214876543211,-0.21521246552239987,0.0017372203311627052,-3.2598706968963524,-2.6000204871853132,5.2226414680480957,2.5970356464385986,-0.24543750286102295,-0.46633124351501465,0.1015625,0,-0.64289061725139618,35,34,0,0,1,0,1,1,1.6433439999999999
1582,16.423867915999999,MINUS_10_OUTBOUND,J2A,0,1,-0.9159559471010803,-1.6476671300154322,-0.21521246552239987,0.0017372203311627052,-2.1189159529826291,-2.3400184384667821,5.2226414680480957,2.5970356464385986,-0.34361249208450317,-0.41724374890327454,0.10546875,0,-0.66761717945337296,35,34,0,0,1,0,1,1,2.4882
1583,16.432848025999998,MINUS_10_OUTBOUND,J2A,0,1,-0.93251174400000014,-1.6634879999999999,-0.21694752781588414,0.0034722826246469467,-1.4449194634330504,-2.1253377643327731,5.2228331565856934,2.5972273349761963,-0.31906875967979431,-0.073631249368190765,0.1015625,0,-0.64289061725139618,35,34,0,0,1,0,1,1,1.6036919999999999
1584,16.442903138999998,MINUS_10_OUTBOUND,J2A,0,1,-0.94922561969521602,-1.6792826485339507,-0.22042196847820955,0.0034722826246469467,-1.0601365438937433,-1.9473579572315702,5.2232170104980469,2.5972273349761963,-0.049087498337030411,-0.049087498337030411,0.10546875,0,-0.66761717945337296,35,34,0,0,1,0,1,1,1.6579429999999999
1585,16.452905848,MINUS_10_OUTBOUND,J2A,0,1,-0.96609730476543221,-1.6950496358024691,-0.22042196847820955,0.0034722826246469467,-0.68908875353093324,-1.7526221615084132,5.2232170104980469,2.5972273349761963,-0.098174996674060822,-0.098174996674060822,0.10546875,0,-0.66761717945337296,35,34,0,0,1,0,1,1,1.661475
1586,16.462870516999999,MINUS_10_OUTBOUND,J2A,0,1,-0.98312651543749974,-1.7107875312499998,-0.22042196847820955,0.0052073449181311892,-0.44790768979510664,-1.577359945357572,5.2232170104980469,2.5974190235137939,-0.24543750286102295,0.39269998669624329,0.109375,0,-0.69234374165534973,35,34,0,0,1,0,1,1,1.623796
1587,16.472891108999999,MINUS_10_OUTBOUND,J2A,0,1,-1.0003129536790125,-1.7264949135802468,-0.22042196847820955,0.0034722826246469467,-0.29113999836681931,-1.4196239508218147,5.2232170104980469,2.5972273349761963,-0.22089375555515289,-0.073631249368190765,0.12109375,0,-0.76652342826128006,35,34,0,0,1,0,1,1,1.6469910000000001
1588,16.483827381000001,MINUS_10_OUTBOUND,J2A,0,1,-1.0176563072908948,-1.7421703707561729,-0.22215703077169377,0.0034722826246469467,-0.24476922672202808,-1.2935267636778036,5.2234086990356445,2.5972273349761963,-0.24543750286102295,-0.073631249368190765,0.10546875,0,-0.66761717945337296,35,34,0,0,1,0,1,1,2.4650189999999998
1589,16.493907939,MINUS_10_OUTBOUND,J2A,0,1,-1.03515625,-1.7578125,-0.22042196847820955,0.0034722826246469467,-0.098858113664114081,-1.1469621205371077,5.2232170104980469,2.5972273349761963,-0.24543750286102295,-0.024543749168515205,0.1171875,0,-0.74179686605930328,35,34,0,0,1,0,1,1,2.527971
1590,16.502831870000001,MINUS_10_OUTBOUND,J2A,0,1,-1.0528124415516975,-1.7734199077932098,-0.22389209306517804,0.0017372203311627052,-0.20035739247338347,-1.0711515137953138,5.2236003875732422,2.5970356464385986,-0.073631249368190765,0.12271875143051147,0.1171875,0,-0.74179686605930328,35,34,0,0,1,0,1,1,1.4332199999999999
1591,16.513901261000001,MINUS_10_OUTBOUND,J2A,0,1,-1.0706245278024691,-1.7889912098765437,-0.22389209306517804,0,-0.13023230510769926,-0.9640363624157825,5.2236003875732422,2.5968437194824219,0,-0.6626812219619751,0.109375,0,-0.69234374165534973,35,34,0,0,1,0,1,1,2.519555
1592,16.522900355000001,MINUS_10_OUTBOUND,J2A,0,1,-1.0885921408124999,-1.8045250312500003,-0.22389209306517804,0.0034722826246469467,-0.084650998320004528,-0.86763272617420428,5.2236003875732422,2.5972273349761963,-0.26998123526573181,0,0.125,0,-0.79124999046325684,35,34,0,0,1,0,1,1,1.655864
1593,16.533903078000002,MINUS_10_OUTBOUND,J2A,0,1,-1.1067148989382716,-1.8200200061728391,-0.22736221765214654,0.0034722826246469467,-0.16540887846230451,-0.81240823342944146,5.2239837646484375,2.5972273349761963,-0.024543749168515205,0,0.125,0,-0.79124999046325684,35,34,0,0,1,0,1,1,2.5199050000000001
1594,16.542862911,MINUS_10_OUTBOUND,J2A,0,1,-1.1249924069251547,-1.8354747781635805,-0.22909727994563073,0.0052073449181311892,-0.17529290509658602,-0.75053230554252248,5.2241754531860352,2.5974190235137939,0.073631249368190765,0.34361249208450317,0.125,0,-0.79124999046325684,35,34,0,0,1,0,1,1,1.480267
1595,16.552900765,MINUS_10_OUTBOUND,J2A,0,1,-1.1434242560000003,-1.8508879999999996,-0.22736221765214654,0.0017372203311627052,-0.053442217815435636,-0.6581938834176001,5.2239837646484375,2.5970356464385986,-0.39269998669624329,-0.39269998669624329,0.125,0,-0.79124999046325684,35,34,0,0,1,0,1,1,1.518572
1596,16.562849322000002,MINUS_10_OUTBOUND,J2A,0,1,-1.1620100239637348,-1.8662583337191361,-0.22909727994563073,0.0069424072116154303,-0.095778636068780357,-0.60981483635833922,5.2241754531860352,2.5976107120513916,-0.12271875143051147,0.6626812219619751,0.13671875,0,-0.86542967706918716,35,34,0,0,1,0,1,1,1.4846280000000001
1597,16.572919173999999,MINUS_10_OUTBOUND,J2A,0,1,-1.1807492752839504,-1.8815844506172839,-0.23256740453259922,0.0034722826246469467,-0.18286797600627169,-0.58329388488295231,5.2245588302612305,2.5972273349761963,0,0,0.1328125,0,-0.84070311486721039,35,34,0,0,1,0,1,1,1.5351980000000001
1598,16.582908094,MINUS_10_OUTBOUND,J2A,0,1,-1.1996415611875002,-1.8968650312500002,-0.23430678290144041,0.0052073449181311892,-0.17980995522758228,-0.5423775737728016,5.2247509956359863,2.5974190235137939,0.29452499747276306,0.34361249208450317,0.13671875,0,-0.86542967706918716,35,34,0,0,1,0,1,1,1.663259
1599,16.59283568,MINUS_10_OUTBOUND,J2A,0,1,-1.2186864197530864,-1.9120987654320987,-0.23604184519492463,0.0034722826246469467,-0.17804660860506938,-0.50561699859756171,5.224942684173584,2.5972273349761963,0,0,0.1328125,0,-0.84070311486721039,35,34,0,0,1,0,1,1,1.4788790000000001
1600,16.602843776,MINUS_10_OUTBOUND,J2A,0,1,-1.2378833760038574,-1.9272843522376539,-0.23604184519492463,0.0017372203311627052,-0.1157302955932951,-0.45505529873780554,5.224942684173584,2.5970356464385986,-0.34361249208450317,-0.34361249208450317,0.140625,0,-0.89015623927116394,35,34,0,0,1,0,1,1,1.598395
1601,16.613863981000002,MINUS_10_OUTBOUND,J2A,0,1,-1.2572319420000002,-1.9424205000000003,-0.23777690748840888,0.0017372203311627052,-0.13033000122194455,-0.42529414288868295,5.2251343727111816,2.5970356464385986,-0.26998123526573181,-0.39269998669624329,0.140625,0,-0.89015623927116394,35,34,0,0,1,0,1,1,2.4560439999999999
1602,16.623874551,MINUS_10_OUTBOUND,J2A,0,1,-1.276731616931327,-1.957505926311728,-0.2412470320753774,0.0034722826246469467,-0.20604061963056908,-0.41742933398161608,5.225517749786377,2.5972273349761963,0.29452499747276306,0,0.13671875,0,-0.86542967706918716,35,34,0,0,1,0,1,1,2.473033
1603,16.633863535,MINUS_10_OUTBOUND,J2A,0,1,-1.2963818872098762,-1.972539358024691,-0.2412470320753774,0.0017372203311627052,-0.13392640275986992,-0.37568640058345448,5.225517749786377,2.5970356464385986,0.024543749168515205,-0.34361249208450317,0.15234375,0,-0.96433592587709427,35,34,0,0,1,0,1,1,2.4812219999999998
1604,16.642867724999999,MINUS_10_OUTBOUND,J2A,0,1,-1.3161822265625003,-1.9875195312499996,-0.2412470320753774,0.0034722826246469467,-0.08705216179391545,-0.33811776052510906,5.225517749786377,2.5972273349761963,-0.24543750286102295,0,0.1484375,0,-0.93960936367511749,35,34,0,0,1,0,1,1,1.6232599999999999
1605,16.653878405,MINUS_10_OUTBOUND,J2A,0,1,-1.3361320961234566,-2.0024451913580243,-0.24471715666234586,0.0017372203311627052,-0.16688986314854576,-0.33582197246759837,5.2259011268615723,2.5970356464385986,0.29452499747276306,-0.39269998669624329,0.15234375,0,-0.96433592587709427,35,34,0,0,1,0,1,1,2.4965220000000001
1606,16.663892571000002,MINUS_10_OUTBOUND,J2A,0,1,-1.356230944527006,-2.0173150929783952,-0.24471715666234586,0.0034722826246469467,-0.10847841104655474,-0.30223977522083856,5.2259011268615723,2.5972273349761963,-0.17180624604225159,-0.024543749168515205,0.1640625,0,-1.0385156124830246,35,34,0,0,1,0,1,1,2.5100090000000002
1607,16.672818062000001,MINUS_10_OUTBOUND,J2A,0,1,-1.3764782080000002,-2.0321280000000002,-0.24645221895583011,0.0034722826246469467,-0.13854888271000873,-0.29145520213582565,5.2260928153991699,2.5972273349761963,-0.29452499747276306,-0.12271875143051147,0.15234375,0,-0.96433592587709427,35,34,0,0,1,0,1,1,1.5725450000000001
1608,16.683871203999999,MINUS_10_OUTBOUND,J2A,0,1,-1.3968733104544757,-2.0468826855709881,-0.24992665961815549,0.0034722826246469467,-0.20007564729213695,-0.29374364578813772,5.2264766693115234,2.5972273349761963,-0.41724374890327454,0,0.15625,0,-0.98906248807907104,35,34,0,0,1,0,1,1,2.4550879999999999
1609,16.693869654,MINUS_10_OUTBOUND,J2A,0,1,-1.4174156635802468,-2.0615779320987655,-0.24992665961815549,0.0034722826246469467,-0.13004917073988903,-0.26436928120932396,5.2264766693115234,2.5972273349761963,-0.41724374890327454,-0.073631249368190765,0.1640625,0,-1.0385156124830246,35,34,0,0,1,0,1,1,2.4739779999999998
1610,16.702813558999999,MINUS_10_OUTBOUND,J2A,0,1,-1.4381046669374997,-2.0762125312500004,-0.25686690879209245,0.0034722826246469467,-0.35612330848274543,-0.31552988094605372,5.2272434234619141,2.5972273349761963,0,-0.049087498337030411,0.15625,0,-0.98906248807907104,35,34,0,0,1,0,1,1,1.5690930000000001
1611,16.712865302000001,MINUS_10_OUTBOUND,J2A,0,1,-1.4589397080493827,-2.090785283950618,-0.260337033379061,0.0052073449181311892,-0.35230930476482109,-0.31849950835174451,5.2276268005371094,2.5974190235137939,-0.073631249368190765,-0.049087498337030411,0.1640625,0,-1.0385156124830246,35,34,0,0,1,0,1,1,1.621205
1612,16.722861845000001,MINUS_10_OUTBOUND,J2A,0,1,-1.4799201624945986,-2.1052950003858029,-0.26207641174790214,0.0034722826246469467,-0.28990034389313174,-0.30404935631542662,5.2278189659118652,2.5972273349761963,0.098174996674060822,-0.024543749168515205,0.16796875,0,-1.0632421746850014,35,34,0,0,1,0,1,1,1.6175980000000001
1613,16.732805188,MINUS_10_OUTBOUND,J2A,0,1,-1.5010453939999999,-2.1197404999999994,-0.26381147404138638,0.0034722826246469467,-0.24950842624711697,-0.29109390717433575,5.2280106544494629,2.5972273349761963,0.34361249208450317,0,0.171875,0,-1.0879687368869781,35,34,0,0,1,0,1,1,1.433781
1614,16.742808236999998,MINUS_10_OUTBOUND,J2A,0,1,-1.5223147545331794,-2.1341206114969138,-0.26554653633487063,0.0034722826246469467,-0.22288914725904305,-0.27932985079930706,5.2282023429870605,2.5972273349761963,0.024543749168515205,0,0.16796875,0,-1.0632421746850014,35,34,0,0,1,0,1,1,1.4616659999999999
1615,16.753824614999999,MINUS_10_OUTBOUND,J2A,0,1,-1.5437275843950615,-2.1484341728395067,-0.26901666092183907,0.0034722826246469467,-0.25512685016218589,-0.28289655270332148,5.2285857200622559,2.5972273349761963,0.073631249368190765,0,0.16796875,0,-1.0632421746850014,35,34,0,0,1,0,1,1,2.3541820000000002
1616,16.762874952000001,MINUS_10_OUTBOUND,J2A,0,1,-1.5652832123125,-2.1626800312499999,-0.27075172321532331,0.0017372203311627052,-0.23293181064251803,-0.27377814258644573,5.2287774085998535,2.5970356464385986,-0.24543750286102295,-0.34361249208450317,0.17578125,0,-1.1126952990889549,35,34,0,0,1,0,1,1,1.4899359999999999
1617,16.772816982999998,MINUS_10_OUTBOUND,J2A,0,1,-1.5869809555308643,-2.1768570432098771,-0.27769628846461719,0.0034722826246469467,-0.39588266932023486,-0.31625089758568636,5.2295446395874023,2.5972273349761963,0.19634999334812164,-0.12271875143051147,0.16796875,0,-1.0632421746850014,35,34,0,0,1,0,1,1,1.4465380000000001
1618,16.782864015000001,MINUS_10_OUTBOUND,J2A,0,1,-1.6088201199066359,-2.1909640744598766,-0.27769628846461719,0.0017372203311627052,-0.25732373505815265,-0.28462580782711772,5.2295446395874023,2.5970356464385986,-0.24543750286102295,-0.34361249208450317,0.18359375,0,-1.1621484234929085,35,34,0,0,1,0,1,1,1.619812
1619,16.792817972999998,MINUS_10_OUTBOUND,J2A,0,1,-1.6308000000000002,-2.2050000000000001,-0.28463653763855418,0.0034722826246469467,-0.41129272236636583,-0.3258867397811393,5.230311393737793,2.5972273349761963,-0.073631249368190765,-0.098174996674060822,0.17578125,0,-1.1126952990889549,35,34,0,0,1,0,1,1,1.460154
1620,16.802864179,MINUS_10_OUTBOUND,J2A,0,1,-1.6529198791674387,-2.2189637040895063,-0.28984604059436386,0.0034722826246469467,-0.44883426185056269,-0.34515349217800395,5.2308869361877441,2.5972273349761963,0,-0.098174996674060822,0.17578125,0,-1.1126952990889549,35,34,0,0,1,0,1,1,1.61968
1621,16.812834582000001,MINUS_10_OUTBOUND,J2A,0,1,-1.675179029654321,-2.2328540802469141,-0.2933161651813323,0.0034722826246469467,-0.41355716629471784,-0.34544239898644702,5.2312703132629395,2.5972273349761963,0,-0.073631249368190765,0.17578125,0,-1.1126952990889549,35,34,0,0,1,0,1,1,1.479077
1622,16.823890853999998,MINUS_10_OUTBOUND,J2A,0,1,-1.6975767126874999,-2.2466700312499999,-0.30199147664875353,0.0034722826246469467,-0.54343990002827836,-0.38936322821257713,5.2322287559509277,2.5972273349761963,0,-0.14726249873638153,0.171875,0,-1.0879687368869781,35,34,0,0,1,0,1,1,2.5070070000000002
1623,16.832862467000002,MINUS_10_OUTBOUND,J2A,0,1,-1.720112178567901,-2.2604104691358025,-0.3141412287785002,0.0034722826246469467,-0.82722129811971867,-0.48585129484884448,5.2335710525512695,2.5972273349761963,0.6626812219619751,-0.14726249873638153,0.18359375,0,-1.1621484234929085,35,34,0,0,1,0,1,1,1.617875
1624,16.843870501000001,MINUS_10_OUTBOUND,J2A,0,1,-1.7427846667631175,-2.2740743152006173,-0.32976110549521526,0.0052073449181311892,-1.0343271981851947,-0.57916140948035366,5.2352967262268066,2.5974190235137939,0.56450623273849487,0.12271875143051147,0.19140625,0,-1.211601547896862,35,34,0,0,1,0,1,1,2.4731480000000001
1625,16.853850841,MINUS_10_OUTBOUND,J2A,0,1,-1.765593406,-2.2876605000000003,-0.35059048516774005,0.0052073449181311892,-1.4027770603329093,-0.72994937753589906,5.2375979423522949,2.5974190235137939,0.049087498337030411,0.14726249873638153,0.15625,0,-0.98906248807907104,35,34,0,0,1,0,1,1,2.4291320000000001
1626,16.863968036999999,MINUS_10_OUTBOUND,J2A,0,1,-1.7885376143572531,-2.3011679633487656,-0.38183023860117016,0.0052073449181311892,-1.9925307865045609,-0.96573321043607196,5.2410492897033691,2.5974190235137939,0.19634999334812164,0,0.1484375,0,-0.93960936367511749,35,34,0,0,1,0,1,1,2.5545960000000001
1627,16.873958713,MINUS_10_OUTBOUND,J2A,0,1,-1.811616499358025,-2.3145956543209887,-0.41654443269692587,0.0052073449181311892,-2.5112757248566764,-1.2166258075720968,5.2448844909667969,2.5974190235137939,0.098174996674060822,-0.049087498337030411,0.1640625,0,-1.0385156124830246,35,34,0,0,1,0,1,1,2.5718030000000001
1628,16.883807022999999,MINUS_10_OUTBOUND,J2A,0,1,-1.8348292580624999,-2.3279425312499997,-0.43736949629409372,0.0052073449181311892,-2.372433082530983,-1.3064214729217853,5.247185230255127,2.5974190235137939,-0.34361249208450317,-0.098174996674060822,0.18359375,0,-1.1621484234929085,35,34,0,0,1,0,1,1,2.392989
1629,16.893964971999999,MINUS_10_OUTBOUND,J2A,0,1,-1.8581750771604935,-2.3412075617283952,-0.44604912383687184,0.0052073449181311892,-1.841144792895004,-1.2612259797009968,5.2481441497802734,2.5974190235137939,0.24543750286102295,-0.24543750286102295,0.19140625,0,-1.211601547896862,35,34,0,0,1,0,1,1,2.5772940000000002
1630,16.903964115000001,MINUS_10_OUTBOUND,J2A,0,1,-1.8816531330640434,-2.3543897226080244,-0.44778418613035609,0.0069424072116154303,-1.2574765004190886,-1.1524554917415646,5.2483358383178711,2.5976107120513916,-0.17180624604225159,0.12271875143051147,0.21484375,0,-1.3599609211087227,35,34,0,0,1,0,1,1,2.5805639999999999
1631,16.913971221000001,MINUS_10_OUTBOUND,J2A,0,1,-1.9052625920000008,-2.3674879999999998,-0.45125431071732458,0.0034722826246469467,-0.93872784163282197,-1.0718865472418122,5.2487192153930664,2.5972273349761963,-0.26998123526573181,-0.46633124351501465,0.19921875,0,-1.2610546723008156,35,34,0,0,1,0,1,1,2.5827119999999999
1632,16.922903735999999,MINUS_10_OUTBOUND,J2A,0,1,-1.9290026101026236,-2.3805013892746913,-0.45472443530429307,0.0069424072116154303,-0.74614192615809538,-1.0035461294024199,5.2491025924682617,2.5976107120513916,-0.24543750286102295,0.24543750286102295,0.19921875,0,-1.2610546723008156,35,34,0,0,1,0,1,1,1.545166
1633,16.932961973000001,MINUS_10_OUTBOUND,J2A,0,1,-1.9528723335061726,-2.393428895061728,-0.46340406284707114,0.0034722826246469467,-0.78702029528425643,-0.98948524311403352,5.2500615119934082,2.5972273349761963,0.19634999334812164,-0.4908750057220459,0.1875,0,-1.1868749856948853,35,34,0,0,1,0,1,1,1.7178180000000001
1634,16.943997385999999,MINUS_10_OUTBOUND,J2A,0,1,-1.9768708984375003,-2.40626953125,-0.47555381497681776,0.0034722826246469467,-0.89690565672624845,-1.0006345658859106,5.25140380859375,2.5972273349761963,0.17180624604225159,-0.46633124351501465,0.19140625,0,-1.211601547896862,35,34,0,0,1,0,1,1,2.6092089999999999
1635,16.952808122,MINUS_10_OUTBOUND,J2A,0,1,-2.0009974313086416,-2.4190223209876542,-0.47902393956378619,0.0052073449181311892,-0.72083682093616974,-0.93995629331563624,5.2517871856689453,2.5974190235137939,-0.51541876792907715,-0.17180624604225159,0.1875,0,-1.1868749856948853,35,34,0,0,1,0,1,1,1.5640860000000001
1636,16.964012829000001,MINUS_10_OUTBOUND,J2A,0,1,-2.0252510488094133,-2.431686296682098,-0.49290875398701706,0.0034722826246469467,-0.90226210652730032,-0.9698801419608698,5.2533211708068848,2.5972273349761963,-0.049087498337030411,-0.58904999494552612,0.19140625,0,-1.211601547896862,35,34,0,0,1,0,1,1,2.6282179999999999
1637,16.972975950999999,MINUS_10_OUTBOUND,J2A,0,1,-2.049630858,-2.4442605000000004,-0.50679356841024792,0.0052073449181311892,-1.1286570144911621,-1.0278025978357592,5.2548551559448242,2.5974190235137939,-0.36815625429153442,-0.24543750286102295,0.18359375,0,-1.1621484234929085,35,34,0,0,1,0,1,1,1.7318519999999999
1638,16.983997943999999,MINUS_10_OUTBOUND,J2A,0,1,-2.0741359564035493,-2.4567439818672838,-0.54671294938645632,0.0069424072116154303,-2.001254732715092,-1.2872016732795653,5.2592654228210449,2.5976107120513916,0.14726249873638153,-0.049087498337030411,0.140625,0,-0.89015623927116394,35,34,0,0,1,0,1,1,2.6063969999999999
1639,16.993975091999999,MINUS_10_OUTBOUND,J2A,0,1,-2.0987654320987654,-2.4691358024691348,-0.6300218359258416,0.0086796275427781355,-4.2233050781527686,-1.9934785064910256,5.2684693336486816,2.5978026390075684,0.88357502222061157,0.12271875143051147,0.0859375,0,-0.54398436844348907,35,34,0,0,1,0,1,1,2.5774379999999999
1640,17.002971900999999,MINUS_10_OUTBOUND,J2A,0,1,-2.1235183638125004,-2.4814350312500002,-0.71853590934567935,0.0086796275427781355,-6.1885831560847571,-2.7779691859234825,5.2782483100891113,2.5978026390075684,0.73631250858306885,-0.024543749168515205,0.08984375,0,-0.56871093064546585,35,34,0,0,1,0,1,1,1.7285870000000001
1641,17.013977584999999,MINUS_10_OUTBOUND,J2A,0,1,-2.1483938210123457,-2.4936407469135804,-0.79143442212415915,0.010414689836262378,-6.3408792563734426,-3.1625437544506627,5.2863020896911621,2.597994327545166,0.56450623273849487,0.049087498337030411,0.109375,0,-0.69234374165534973,35,34,0,0,1,0,1,1,2.5882670000000001
1642,17.022791335000001,MINUS_10_OUTBOUND,J2A,0,1,-2.1733908639992281,-2.5057520374228393,-0.87994849554399701,0.0086796275427781355,-7.636525502963833,-3.8505619465259096,5.2960810661315918,2.5978026390075684,1.0553812980651855,-0.29452499747276306,0.07421875,0,-0.46980468183755875,35,34,0,0,1,0,1,1,1.408919
1643,17.033985618999999,MINUS_10_OUTBOUND,J2A,0,1,-2.1985085440000005,-2.5177680000000002,-0.93895787782388884,0.010414689836262378,-6.8087263743432098,-3.9926442654209526,5.3026003837585449,2.597994327545166,0.34361249208450317,-0.024543749168515205,0.1484375,0,-0.93960936367511749,35,34,0,0,1,0,1,1,2.5709529999999998
1644,17.043930376999999,MINUS_10_OUTBOUND,J2A,0,1,-2.2237459032600309,-2.5296877411265428,-0.94937256766015132,0.012149752129746621,-4.7922111222195074,-3.6981052614206922,5.3037509918212891,2.5981860160827637,-0.24543750286102295,0.12271875143051147,0.15625,0,-0.98906248807907104,35,34,0,0,1,0,1,1,2.558767
1645,17.053912045000001,MINUS_10_OUTBOUND,J2A,0,1,-2.2491019751358019,-2.5415103765432105,-0.95631281683408831,0.010414689836262378,-3.3582920686216138,-3.397824689329747,5.3045177459716797,2.597994327545166,-0.049087498337030411,-0.24543750286102295,0.17578125,0,-1.1126952990889549,35,34,0,0,1,0,1,1,2.555186
1646,17.063966427,MINUS_10_OUTBOUND,J2A,0,1,-2.2745757841874998,-2.5532350312500003,-0.96325738208338207,0.010414689836262378,-2.4246349699884688,-3.1271122562208924,5.3052849769592285,2.597994327545166,0.098174996674060822,-0.26998123526573181,0.18359375,0,-1.1621484234929085,35,34,0,0,1,0,1,1,2.5872639999999998
1647,17.073985059999998,MINUS_10_OUTBOUND,J2A,0,1,-2.3001663462716051,-2.5648608395061734,-0.97019763125731917,0.010414689836262378,-1.8184696815434624,-2.8836744451847909,5.3060517311096191,2.597994327545166,-0.26998123526573181,-0.34361249208450317,0.18359375,0,-1.1621484234929085,35,34,0,0,1,0,1,1,2.620959
1648,17.083969294999999,MINUS_10_OUTBOUND,J2A,0,1,-2.3258726686334876,-2.5763869448302468,-0.98234738338706573,0.010414689836262378,-1.6079180690357524,-2.7169963652470268,5.3073940277099609,2.597994327545166,0.049087498337030411,-0.22089375555515289,0.1640625,0,-1.0385156124830246,35,34,0,0,1,0,1,1,2.587307
1649,17.093768410999999,MINUS_10_OUTBOUND,J2A,0,1,-2.3516937499999995,-2.5878124999999996,-1.0014417007661063,0.012149752129746621,-1.7271481705798264,-2.6401542789242063,5.3095035552978516,2.5981860160827637,0.34361249208450317,0.12271875143051147,0.15625,0,-0.98906248807907104,35,34,0,0,1,0,1,1,2.3790399999999998
1650,17.102979085000001,MINUS_10_OUTBOUND,J2A,0,1,-2.3776285806720678,-2.5991366670524703,-1.0326814541995366,0.010414689836262378,-2.309737907181161,-2.7153078785472924,5.3129549026489258,2.597994327545166,0.24543750286102295,-0.36815625429153442,0.140625,0,-0.89015623927116394,35,34,0,0,1,0,1,1,1.5973189999999999
1651,17.113950766999999,MINUS_10_OUTBOUND,J2A,0,1,-2.4036761426172841,-2.6103586172839499,-1.1229305899128585,0.012149752129746621,-4.3803045771176441,-3.2663413585353887,5.3229255676269531,2.5981860160827637,0.80994373559951782,0.073631249368190765,0.07421875,0,-0.46980468183755875,35,34,0,0,1,0,1,1,2.5424980000000001
1652,17.123943715999999,MINUS_10_OUTBOUND,J2A,0,1,-2.4298354095625001,-2.62147753125,-1.2027693518652753,0.012149752129746621,-5.6435263345870865,-3.7386581825277405,5.3317461013793945,2.5981860160827637,0.7608562707901001,-0.22089375555515289,0.09375,0,-0.59343749284744263,35,34,0,0,1,0,1,1,2.5521430000000001
1653,17.133967815999998,MINUS_10_OUTBOUND,J2A,0,1,-2.45610534708642,-2.6324925987654324,-1.2860782384046603,0.012149752129746621,-6.5770929363868138,-4.1958783125335977,5.3409500122070312,2.5981860160827637,0.4908750057220459,-0.41724374890327454,0.05078125,0,-0.32144530862569809,35,34,0,0,1,0,1,1,2.5084080000000002
1654,17.143937936,MINUS_10_OUTBOUND,J2A,0,1,-2.4824849127121915,-2.6434030189043205,-1.3763316901933396,0.013884814423230861,-7.4434482146188099,-4.6815298544137756,5.3509211540222168,2.5983777046203613,-0.073631249368190765,-0.17180624604225159,0.1015625,0,-0.64289061725139618,35,34,0,0,1,0,1,1,2.5510670000000002
1655,17.153862876000002,MINUS_10_OUTBOUND,J2A,0,1,-2.5089730560000003,-2.6542080000000001,-1.3902165046165704,0.012149752129746621,-5.3278851104600564,-4.3532750892460639,5.3524551391601562,2.5981860160827637,0,-0.58904999494552612,0.15234375,0,-0.96433592587709427,35,34,0,0,1,0,1,1,2.5234399999999999
1656,17.162694311999999,MINUS_10_OUTBOUND,J2A,0,1,-2.5355687186396607,-2.6649067596450622,-1.3919515669100546,0.015622034754393565,-3.5318878427208471,-3.9375940148705459,5.3526468276977539,2.5985696315765381,0.073631249368190765,0.098174996674060822,0.16796875,0,-1.0632421746850014,35,34,0,0,1,0,1,1,1.4512449999999999
1657,17.172880332999998,MINUS_10_OUTBOUND,J2A,0,1,-2.5622708345432099,-2.6754985246913576,-1.3919515669100546,0.015622034754393565,-2.2957270977685509,-3.5438346133834915,5.3526468276977539,2.5985696315765381,-0.34361249208450317,0.098174996674060822,0.1640625,0,-1.0385156124830246,35,34,0,0,1,0,1,1,1.635915
1658,17.182962415999999,MINUS_10_OUTBOUND,J2A,0,1,-2.5890783299374998,-2.6859825312499996,-1.395421691497023,0.015622034754393565,-1.61268815677499,-3.2238698786809801,5.3530302047729492,2.5985696315765381,0.12271875143051147,0.19634999334812164,0.171875,0,-1.0879687368869781,35,34,0,0,1,0,1,1,1.705327
1659,17.192960485,MINUS_10_OUTBOUND,J2A,0,1,-2.6159901234567902,-2.696358024691357,-1.3988918160839916,0.015622034754393565,-1.1697251198142629,-2.9361908387873163,5.3534135818481445,2.5985696315765381,0.12271875143051147,0.073631249368190765,0.171875,0,-1.0879687368869781,35,34,0,0,1,0,1,1,1.714939
1660,17.202962432,MINUS_10_OUTBOUND,J2A,0,1,-2.6430051262353405,-2.7066242596450625,-1.4041013190398011,0.013884814423230861,-0.94261843808525891,-2.6946566435388672,5.3539891242980957,2.5983777046203613,-0.14726249873638153,-0.36815625429153442,0.16796875,0,-1.0632421746850014,35,34,0,0,1,0,1,1,1.7178819999999999
1661,17.213967767,MINUS_10_OUTBOUND,J2A,0,1,-2.6701222419999997,-2.7167805,-1.4093065059202539,0.013884814423230861,-0.7782412807567175,-2.4724879208996375,5.3545641899108887,2.5983777046203613,0.17180624604225159,-0.22089375555515289,0.171875,0,-1.0879687368869781,35,34,0,0,1,0,1,1,2.5732430000000002
1662,17.223966814000001,MINUS_10_OUTBOUND,J2A,0,1,-2.6973403671628078,-2.7268260189043203,-1.4110415682137383,0.013884814423230861,-0.56658980061567776,-2.2425914054164768,5.3547558784484863,2.5983777046203613,-0.24543750286102295,-0.024543749168515205,0.171875,0,-1.0879687368869781,35,34,0,0,1,0,1,1,2.5801690000000002
1663,17.233814964,MINUS_10_OUTBOUND,J2A,0,1,-2.7246583909135804,-2.7367600987654321,-1.4127766305072225,0.015622034754393565,-0.42994691154441328,-2.0359504194874645,5.354947566986084,2.5985696315765381,-0.34361249208450317,0.073631249368190765,0.18359375,0,-1.1621484234929085,35,34,0,0,1,0,1,1,2.4472700000000001
1664,17.243759874999999,MINUS_10_OUTBOUND,J2A,0,1,-2.7520751953125,-2.74658203125,-1.4162510711695477,0.013884814423230861,-0.40174453872299348,-1.8672922478870395,5.3553314208984375,2.5983777046203613,-0.22089375555515289,-0.22089375555515289,0.18359375,0,-1.1621484234929085,35,34,0,0,1,0,1,1,2.374492
1665,17.253953999,MINUS_10_OUTBOUND,J2A,0,1,-2.7795896553827153,-2.7562911172839506,-1.4266614449304533,0.012149752129746621,-0.61855856226181083,-1.7826843408388684,5.3564815521240234,2.5981860160827637,0.17180624604225159,-0.17180624604225159,0.17578125,0,-1.1126952990889549,35,34,0,0,1,0,1,1,2.5751539999999999
1666,17.263961470000002,MINUS_10_OUTBOUND,J2A,0,1,-2.8072006392029318,-2.7658866670524689,-1.440546259353684,0.015622034754393565,-0.88766877425813906,-1.7431603949801138,5.3580155372619629,2.5985696315765381,0.073631249368190765,0.073631249368190765,0.17578125,0,-1.1126952990889549,35,34,0,0,1,0,1,1,2.6807750000000001
1667,17.272866681,MINUS_10_OUTBOUND,J2A,0,1,-2.8349070080000005,-2.7753679999999998,-1.4648457636131775,0.013884814423230861,-1.5320240045066233,-1.8417127272646261,5.3607001304626465,2.5983777046203613,0.4908750057220459,-0.34361249208450317,0.15625,0,-0.98906248807907104,35,34,0,0,1,0,1,1,1.622136
1668,17.283965006999999,MINUS_10_OUTBOUND,J2A,0,1,-2.8627076162415115,-2.7847344448302458,-1.5481546501525625,0.013884814423230861,-3.6230686038582052,-2.4081851690892777,5.3699040412902832,2.5983777046203613,1.4726250171661377,-0.31906875967979431,0.08203125,0,-0.5192578062415123,35,34,0,0,1,0,1,1,2.5872899999999999
1669,17.293868142000001,MINUS_10_OUTBOUND,J2A,0,1,-2.8906013117283953,-2.7939853395061731,-1.678323166842093,0.015622034754393565,-6.9554550367335493,-3.481783921959126,5.3842849731445312,2.5985696315765381,1.4235374927520752,0.024543749168515205,0.0234375,0,-0.14835937321186066,35,34,0,0,1,0,1,1,2.4406340000000002
1670,17.303941056999999,MINUS_10_OUTBOUND,J2A,0,1,-2.9185869356874998,-2.8031200312499998,-1.8605608166375784,0.015622034754393565,-10.853192667643832,-4.9427903565537923,5.4044184684753418,2.5985696315765381,1.9144124984741211,-0.12271875143051147,-0.04296875,0,0.27199218422174454,35,34,0,0,1,0,1,1,2.5361099999999999
1671,17.313955103000001,MINUS_10_OUTBOUND,J2A,0,1,-2.9466633228641967,-2.8121378765432103,-1.9837890841531718,0.017357097047877804,-11.361515069320662,-5.6790655595704624,5.4180326461791992,2.5987613201141357,1.1780999898910522,0.12271875143051147,0.0078125,0,-0.049453124403953552,35,34,0,0,1,0,1,1,2.5541040000000002
1672,17.323963094,MINUS_10_OUTBOUND,J2A,0,1,-2.9748293016149683,-2.8210382411265433,-2.0653629083990732,0.013884814423230861,-10.237788967850964,-5.9262459101255685,5.4270448684692383,2.5983777046203613,0.22089375555515289,-0.12271875143051147,0.05859375,0,-0.37089843302965164,35,34,0,0,1,0,1,1,2.5351149999999998
1673,17.33396149,MINUS_10_OUTBOUND,J2A,0,1,-3.0030836939999994,-2.8298205000000003,-2.1070173516687656,0.015622034754393565,-8.1127022291020765,-5.7502325762555682,5.4316468238830566,2.5985696315765381,0.34361249208450317,-0.024543749168515205,0.08984375,0,-0.56871093064546585,35,34,0,0,1,0,1,1,2.6125929999999999
1674,17.343845778999999,MINUS_10_OUTBOUND,J2A,0,1,-3.0314253158757722,-2.8384840374228388,-2.162556609361689,0.015622034754393565,-7.2398865416348004,-5.737103630835283,5.4377827644348145,2.5985696315765381,0.46633124351501465,-0.24543750286102295,0.05859375,0,-0.37089843302965164,35,34,0,0,1,0,1,1,2.4242710000000001
1675,17.353936199,MINUS_10_OUTBOUND,J2A,0,1,-3.0598529769876537,-2.8470282469135801,-2.2684299378670834,0.015622034754393565,-8.3782872615037132,-6.2126392704492099,5.4494795799255371,2.5985696315765381,1.1290124654769897,-0.26998123526573181,0.00390625,0,-0.024726562201976776,35,34,0,0,1,0,1,1,2.543167
1676,17.363958532000002,MINUS_10_OUTBOUND,J2A,0,1,-3.0883654810625005,-2.8554525312500001,-2.3083493188432915,0.015622034754393565,-6.8399516888494398,-5.9896796202248686,5.4538898468017578,2.5985696315765381,-0.14726249873638153,-0.24543750286102295,0.10546875,0,-0.66761717945337296,35,34,0,0,1,0,1,1,2.6035810000000001
1677,17.373927725000001,MINUS_10_OUTBOUND,J2A,0,1,-3.1169616259012356,-2.8637563024691359,-2.3152895680172283,0.015622034754393565,-4.689627960237936,-5.4603286189126106,5.4546566009521484,2.5985696315765381,-0.098174996674060822,-0.19634999334812164,0.125,0,-0.79124999046325684,35,34,0,0,1,0,1,1,2.5409519999999999
1678,17.383952675,MINUS_10_OUTBOUND,J2A,0,1,-3.1456402034714506,-2.8719389818672831,-2.3187596926041967,0.013884814423230861,-3.1694102602437804,-4.9489106387610988,5.4550399780273438,2.5983777046203613,0.024543749168515205,-0.58904999494552612,0.12109375,0,-0.76652342826128006,35,34,0,0,1,0,1,1,2.6021299999999998
1679,17.392927613000001,MINUS_10_OUTBOUND,J2A,0,1,-3.1744000000000003,-2.8800000000000003,-2.3239691955600064,0.015622034754393565,-2.2632741767126139,-4.5120645770433194,5.4556155204772949,2.5985696315765381,-0.12271875143051147,-0.17180624604225159,0.1171875,0,-0.74179686605930328,35,34,0,0,1,0,1,1,1.682137
1680,17.403921868000001,MINUS_10_OUTBOUND,J2A,0,1,-3.2032397960655876,-2.8879387966820991,-2.3326445070274278,0.013884814423230861,-1.7473050921138633,-4.139765798553463,5.4565739631652832,2.5983777046203613,0.19634999334812164,-0.26998123526573181,0.12109375,0,-0.76652342826128006,35,34,0,0,1,0,1,1,2.5580829999999999
1681,17.413923100000002,MINUS_10_OUTBOUND,J2A,0,1,-3.2321583666913578,-2.8957548209876545,-2.3413241345702058,0.015622034754393565,-1.4394978519276482,-3.8125748021420129,5.4575328826904297,2.5985696315765381,0.12271875143051147,-0.098174996674060822,0.1328125,0,-0.84070311486721039,35,34,0,0,1,0,1,1,2.5426570000000002
1682,17.423933941000001,MINUS_10_OUTBOUND,J2A,0,1,-3.2611544814375004,-2.9034475312500003,-2.3569440112869211,0.015622034754393565,-1.4817772578665971,-3.5873469373888476,5.4592585563659668,2.5985696315765381,0.19634999334812164,-0.24543750286102295,0.1328125,0,-0.84070311486721039,35,34,0,0,1,0,1,1,2.5480719999999999
1683,17.433927433000001,MINUS_10_OUTBOUND,J2A,0,1,-3.2902269044938275,-2.9110163950617292,-2.3847136401333828,0.013884814423230861,-1.9357251757682596,-3.5064893745513834,5.4623265266418457,2.5983777046203613,0.22089375555515289,-0.44178751111030579,0.09375,0,-0.59343749284744263,35,34,0,0,1,0,1,1,2.5498259999999999
1684,17.443923130999998,MINUS_10_OUTBOUND,J2A,0,1,-3.3193743947723759,-2.9184608892746917,-2.4367827732393375,0.013884814423230861,-3.0814253653195269,-3.6767558659734334,5.4680790901184082,2.5983777046203613,0.78539997339248657,-0.46633124351501465,0.08984375,0,-0.56871093064546585,35,34,0,0,1,0,1,1,2.5400130000000001
1685,17.453936305999999,MINUS_10_OUTBOUND,J2A,0,1,-3.3485957059999993,-2.9257805000000001,-2.4732320296285777,0.015622034754393565,-3.2769719062417275,-3.6730932561715286,5.4721059799194336,2.5985696315765381,0.14726249873638153,-0.24543750286102295,0.1171875,0,-0.74179686605930328,35,34,0,0,1,0,1,1,2.5516489999999998
1686,17.463928366000001,MINUS_10_OUTBOUND,J2A,0,1,-3.3778895868109569,-2.9329747226080256,-2.4819073410959986,0.017357097047877804,-2.4339089188975933,-3.3926059819373671,5.4730644226074219,2.5987613201141357,-0.29452499747276306,0.14726249873638153,0.13671875,0,-0.86542967706918716,35,34,0,0,1,0,1,1,2.549153
1687,17.473750070000001,MINUS_10_OUTBOUND,J2A,0,1,-3.4072547808395055,-2.9400430617283946,-2.4853774656829675,0.015622034754393565,-1.7056999510757989,-3.0886765705414483,5.4734477996826172,2.5985696315765381,0,-0.098174996674060822,0.13671875,0,-0.86542967706918716,35,34,0,0,1,0,1,1,2.397189
1688,17.483927609999999,MINUS_10_OUTBOUND,J2A,0,1,-3.4366900268125002,-2.9469850312500001,-2.4853774656829675,0.013884814423230861,-1.1087049681992693,-2.7798089134873036,5.4734477996826172,2.5983777046203613,0,-0.46633124351501465,0.15234375,0,-0.96433592587709427,35,34,0,0,1,0,1,1,2.5472540000000001
1689,17.493958609,MINUS_10_OUTBOUND,J2A,0,1,-3.4661940586419755,-2.9538001543209873,-2.4853774656829675,0.015622034754393565,-0.72065822932952506,-2.5018280221385734,5.4734477996826172,2.5985696315765381,-0.073631249368190765,-0.19634999334812164,0.1484375,0,-0.93960936367511749,35,34,0,0,1,0,1,1,2.5683729999999998
1690,17.503901174999999,MINUS_10_OUTBOUND,J2A,0,1,-3.4957656055177471,-2.9604879633487653,-2.4853774656829675,0.015622034754393565,-0.46842784906419133,-2.2516452199247161,5.4734477996826172,2.5985696315765381,-0.39269998669624329,-0.12271875143051147,0.15234375,0,-0.96433592587709427,35,34,0,0,1,0,1,1,2.5093329999999998
1691,17.513849025999999,MINUS_10_OUTBOUND,J2A,0,1,-3.5254033919999994,-2.9670479999999988,-2.4888519063452925,0.015622034754393565,-0.42672100961257792,-2.0614072429953456,5.4738316535949707,2.5985696315765381,-0.24543750286102295,-0.24543750286102295,0.15625,0,-0.98906248807907104,35,34,0,0,1,0,1,1,2.434879
1692,17.523929293999998,MINUS_10_OUTBOUND,J2A,0,1,-3.5551061381118831,-2.9734798152006165,-2.4905869686387767,0.015622034754393565,-0.33761227305672709,-1.8724789806411115,5.4740233421325684,2.5985696315765381,-0.44178751111030579,-0.024543749168515205,0.15625,0,-0.98906248807907104,35,34,0,0,1,0,1,1,2.5505019999999998
1693,17.53386471,MINUS_10_OUTBOUND,J2A,0,1,-3.5848725594320996,-2.979782969135802,-2.4940570932257455,0.015622034754393565,-0.34169183777807222,-1.7201578998030576,5.4744067192077637,2.5985696315765381,-0.19634999334812164,0,0.16796875,0,-1.0632421746850014,35,34,0,0,1,0,1,1,2.4809640000000002
1694,17.543752068,MINUS_10_OUTBOUND,J2A,0,1,-3.6147013671875001,-2.9859570312499994,-2.4957921555192297,0.015622034754393565,-0.28351871091172887,-1.5656904002101752,5.4745984077453613,2.5985696315765381,-0.24543750286102295,-0.024543749168515205,0.16796875,0,-1.0632421746850014,35,34,0,0,1,0,1,1,2.395594
1695,17.553980215999999,MINUS_10_OUTBOUND,J2A,0,1,-3.6445912683456805,-2.9920015802469129,-2.4992622801061981,0.015622034754393565,-0.30303237436751396,-1.4430485636962691,5.4749817848205566,2.5985696315765381,-0.19634999334812164,-0.12271875143051147,0.171875,0,-1.0879687368869781,35,34,0,0,1,0,1,1,2.5937790000000001
1696,17.563929039000001,MINUS_10_OUTBOUND,J2A,0,1,-3.6745409657075623,-2.9979162040895058,-2.5044717830620078,0.015622034754393565,-0.38024157036836531,-1.351106715049351,5.4755573272705078,2.5985696315765381,-0.29452499747276306,-0.098174996674060822,0.16796875,0,-1.0632421746850014,35,34,0,0,1,0,1,1,2.543221
1697,17.573926180000001,MINUS_10_OUTBOUND,J2A,0,1,-3.7045491579999998,-3.0037004999999999,-2.5027367207685232,0.017357097047877804,-0.18641247360144536,-1.1986404586478467,5.4753656387329102,2.5987613201141357,-0.39269998669624329,0.26998123526573181,0.171875,0,-1.0879687368869781,35,34,0,0,1,0,1,1,2.5435249999999998
1698,17.583817250999999,MINUS_10_OUTBOUND,J2A,0,1,-3.7346145399683639,-3.0093540744598761,-2.5044717830620078,0.015622034754393565,-0.18256406816917078,-1.0963181157339854,5.4755573272705078,2.5985696315765381,-0.29452499747276306,-0.098174996674060822,0.18359375,0,-1.1621484234929085,35,34,0,0,1,0,1,1,2.4399929999999999
1699,17.592850384999998,MINUS_10_OUTBOUND,J2A,0,1,-3.7647358024691351,-3.0148765432098763,-2.5044717830620078,0.015622034754393565,-0.11866664430996102,-0.98668630416058689,5.4755573272705078,2.5985696315765381,-0.41724374890327454,-0.024543749168515205,0.17578125,0,-1.1126952990889549,35,34,0,0,1,0,1,1,1.605159
1700,17.603969900999999,MINUS_10_OUTBOUND,J2A,0,1,-3.7949116325625005,-3.0202675312499991,-2.5096769699424608,0.013884814423230861,-0.24097277082064705,-0.93482894575000608,5.4761323928833008,2.5983777046203613,0.073631249368190765,-0.46633124351501465,0.18359375,0,-1.1621484234929085,35,34,0,0,1,0,1,1,2.5892629999999999
1701,17.613746208999999,MINUS_10_OUTBOUND,J2A,0,1,-3.8251407136049376,-3.0255266728395065,-2.5096769699424608,0.013884814423230861,-0.1566323010334206,-0.84134605117500549,5.4761323928833008,2.5983777046203613,-0.14726249873638153,-0.31906875967979431,0.1640625,0,-1.0385156124830246,35,34,0,0,1,0,1,1,2.3574320000000002
1702,17.623945917,MINUS_10_OUTBOUND,J2A,0,1,-3.8554217253418206,-3.0306536114969136,-2.5114120322359446,0.013884814423230861,-0.16134915134433714,-0.77422234767825182,5.4763240814208984,2.5983777046203613,-0.073631249368190765,-0.36815625429153442,0.19140625,0,-1.211601547896862,35,34,0,0,1,0,1,1,2.563053
1703,17.633849465000001,MINUS_10_OUTBOUND,J2A,0,1,-3.8857533439999994,-3.0356479999999997,-2.5131470945294287,0.015622034754393565,-0.16619555890808799,-0.7143197159202177,5.4765157699584961,2.5985696315765381,-0.36815625429153442,-0.073631249368190765,0.19140625,0,-1.211601547896862,35,34,0,0,1,0,1,1,2.4214530000000001
1704,17.643916514000001,MINUS_10_OUTBOUND,J2A,0,1,-3.9161342423804015,-3.0405095003858031,-2.5148864728982701,0.013884814423230861,-0.16849989226396275,-0.66016568117782615,5.476707935333252,2.5983777046203613,-0.44178751111030579,-0.36815625429153442,0.20703125,0,-1.3105077967047691,35,34,0,0,1,0,1,1,2.5627179999999998
1705,17.653838479000001,MINUS_10_OUTBOUND,J2A,0,1,-3.9465630899506166,-3.0452377839506179,-2.5218267220722073,0.013884814423230861,-0.35434409743265571,-0.66409744662035219,5.4774746894836426,2.5983777046203613,-0.14726249873638153,-0.31906875967979431,0.18359375,0,-1.1621484234929085,35,34,0,0,1,0,1,1,2.4566159999999999
1706,17.663918614,MINUS_10_OUTBOUND,J2A,0,1,-3.9770385529374996,-3.0498325312500003,-2.5252968466591756,0.015622034754393565,-0.35081248668915233,-0.63211308006058164,5.4778580665588379,2.5985696315765381,0.098174996674060822,0,0.19140625,0,-1.211601547896862,35,34,0,0,1,0,1,1,2.5369570000000001
1707,17.673799518999999,MINUS_10_OUTBOUND,J2A,0,1,-4.0075592944197522,-3.054293432098766,-2.5287712873215011,0.015622034754393565,-0.35109925525820196,-0.60406495460031007,5.4782419204711914,2.5985696315765381,-0.073631249368190765,-0.14726249873638153,0.19140625,0,-1.211601547896862,35,34,0,0,1,0,1,1,2.4208349999999998
1708,17.683740141000001,MINUS_10_OUTBOUND,J2A,0,1,-4.0381239744205235,-3.0586201855709878,-2.5322414119084695,0.015622034754393565,-0.35039435591563906,-0.57856698485393843,5.4786252975463867,2.5985696315765381,-0.41724374890327454,-0.098174996674060822,0.203125,0,-1.2857812345027924,35,34,0,0,1,0,1,1,2.3618939999999999
1709,17.693858764000002,MINUS_10_OUTBOUND,J2A,0,1,-4.0687312500000008,-3.0628124999999988,-2.5391816610824063,0.017357097047877804,-0.4678173762993838,-0.58929915635546415,5.4793920516967773,2.5987613201141357,-0.22089375555515289,0.34361249208450317,0.20703125,0,-1.3105077967047691,35,34,0,0,1,0,1,1,2.471794
1710,17.703901678000001,MINUS_10_OUTBOUND,J2A,0,1,-4.0993797753479928,-3.0668700929783954,-2.544391164038216,0.015622034754393565,-0.48563477942315303,-0.58224166495664731,5.4799675941467285,2.5985696315765381,0.12271875143051147,-0.024543749168515205,0.203125,0,-1.2857812345027924,35,34,0,0,1,0,1,1,2.5038200000000002
1711,17.713918115999999,MINUS_10_OUTBOUND,J2A,0,1,-4.1300682018765427,-3.0707926913580246,-2.5548015377991216,0.015622034754393565,-0.67942773114515331,-0.62795039118101226,5.4811177253723145,2.5985696315765381,-0.024543749168515205,-0.049087498337030411,0.21484375,0,-1.3599609211087227,35,34,0,0,1,0,1,1,2.5398170000000002
1712,17.723916412000001,MINUS_10_OUTBOUND,J2A,0,1,-4.1607951783125001,-3.0745800312500009,-2.566951289928868,0.015622034754393565,-0.86694182325654257,-0.68667358006639467,5.4824600219726562,2.5985696315765381,0.19634999334812164,-0.024543749168515205,0.19921875,0,-1.2610546723008156,35,34,0,0,1,0,1,1,2.5196100000000001
1713,17.733832019000001,MINUS_10_OUTBOUND,J2A,0,1,-4.191559350790123,-3.078231858024691,-2.5843105450144241,0.015622034754393565,-1.1762572525588855,-0.79307624132893606,5.4843778610229492,2.5985696315765381,0.22089375555515289,-0.073631249368190765,0.1875,0,-1.1868749856948853,35,34,0,0,1,0,1,1,2.4162300000000001
1714,17.743913002999999,MINUS_10_OUTBOUND,J2A,0,1,-4.2223593629436724,-3.0817479263117278,-2.6329052374580542,0.013884814423230861,-2.4517182259368759,-1.1958117634170713,5.4897465705871582,2.5983777046203613,0.9326624870300293,-0.31906875967979431,0.15625,0,-0.98906248807907104,35,34,0,0,1,0,1,1,2.531263
1715,17.753736078999999,MINUS_10_OUTBOUND,J2A,0,1,-4.2531938559999993,-3.0851280000000014,-2.7040643718676924,0.015622034754393565,-4.1290443487304227,-1.8006384447529222,5.4976081848144531,2.5985696315765381,0.78539997339248657,0,0.1328125,0,-0.84070311486721039,35,34,0,0,1,0,1,1,2.3470439999999999
1716,17.763962138,MINUS_10_OUTBOUND,J2A,0,1,-4.2840614688711431,-3.0883718522376542,-2.7474538774308694,0.015622034754393565,-4.1689403686735904,-2.0448778979915772,5.5024018287658691,2.5985696315765381,0.4908750057220459,0.024543749168515205,0.1875,0,-1.1868749856948853,35,34,0,0,1,0,1,1,2.5815160000000001
1717,17.773911512000002,MINUS_10_OUTBOUND,J2A,0,1,-4.3149608382469138,-3.0914792654320995,-2.7526633803866791,0.015622034754393565,-2.8930716170779758,-1.8927502160324599,5.5029773712158203,2.5985696315765381,0,0.024543749168515205,0.21875,0,-1.3846874833106995,35,34,0,0,1,0,1,1,2.5301140000000002
1718,17.783934850000001,MINUS_10_OUTBOUND,J2A,0,1,-4.3458905986875003,-3.0944500312499996,-2.7578685672671317,0.015622034754393565,-2.0622539066002616,-1.7554058674290931,5.5035524368286133,2.5985696315765381,-0.19634999334812164,0.024543749168515205,0.21875,0,-1.3846874833106995,35,34,0,0,1,0,1,1,2.520607
1719,17.792911968999999,MINUS_10_OUTBOUND,J2A,0,1,-4.3768493827160508,-3.0972839506172849,-2.7665481948099098,0.015622034754393565,-1.6788664395582593,-1.6765513950484952,5.5045113563537598,2.5985696315765381,0.098174996674060822,-0.19634999334812164,0.20703125,0,-1.3105077967047691,35,34,0,0,1,0,1,1,1.6664950000000001
1720,17.802934987,MINUS_10_OUTBOUND,J2A,0,1,-4.4078358209112647,-3.099980833719135,-2.773488443983847,0.013884814423230861,-1.3336140635500209,-1.5781393634971177,5.5052781105041504,2.5983777046203613,0.024543749168515205,0.024543749168515205,0.21484375,0,-1.3599609211087227,35,34,0,0,1,0,1,1,1.6906760000000001
1721,17.813846761000001,MINUS_10_OUTBOUND,J2A,0,1,-4.4388485419999988,-3.1025405000000008,-2.790843382994046,0.013884814423230861,-1.4235165222090553,-1.5793732502621323,5.5071954727172852,2.5983777046203613,-0.049087498337030411,-0.44178751111030579,0.19140625,0,-1.211601547896862,35,34,0,0,1,0,1,1,2.4616889999999998
1722,17.823732905,MINUS_10_OUTBOUND,J2A,0,1,-4.4698861729498462,-3.1049627781635798,-2.816877949547024,0.017357097047877804,-1.8469897216500759,-1.684779920154259,5.5100717544555664,2.5987613201141357,0.049087498337030411,0,0.19140625,0,-1.211601547896862,35,34,0,0,1,0,1,1,2.347254
1723,17.83391112,MINUS_10_OUTBOUND,J2A,0,1,-4.5009473390617307,-3.1072475061728393,-2.8654769580660102,0.015622034754393565,-2.8717256414783421,-1.9937825916833456,5.5154409408569336,2.5985696315765381,0.61359375715255737,-0.024543749168515205,0.15625,0,-0.98906248807907104,35,34,0,0,1,0,1,1,2.5173670000000001
1724,17.843919022000001,MINUS_10_OUTBOUND,J2A,0,1,-4.5320306640624981,-3.1093945312500004,-2.9262214026393862,0.015622034754393565,-3.9909985444201581,-2.401369154646221,5.5221519470214844,2.5985696315765381,0.29452499747276306,-0.073631249368190765,0.16796875,0,-1.0632421746850014,35,34,0,0,1,0,1,1,2.5338530000000001
1725,17.853841147000001,MINUS_10_OUTBOUND,J2A,0,1,-4.5631347701975304,-3.1114037098765439,-2.9470507823119108,0.013884814423230861,-3.3288992092464875,-2.3711608550025662,5.5244531631469727,2.5983777046203613,0.22089375555515289,-0.36815625429153442,0.21484375,0,-1.3599609211087227,35,34,0,0,1,0,1,1,2.4365589999999999
1726,17.863902201999998,MINUS_10_OUTBOUND,J2A,0,1,-4.5942582783233012,-3.1132749077932105,-2.9539910314858484,0.013884814423230861,-2.4052191278920789,-2.2030260957542702,5.5252199172973633,2.5983777046203613,0.34361249208450317,-0.36815625429153442,0.21484375,0,-1.3599609211087227,35,34,0,0,1,0,1,1,2.5179550000000002
1727,17.873967133000001,MINUS_10_OUTBOUND,J2A,0,1,-4.6253998080000009,-3.1150080000000004,-2.9539910314858484,0.015622034754393565,-1.5633924331298514,-1.9827234861788432,5.5252199172973633,2.5985696315765381,-0.24543750286102295,-0.073631249368190765,0.234375,0,-1.4835937321186066,35,34,0,0,1,0,1,1,2.5280260000000001
1728,17.883888701,MINUS_10_OUTBOUND,J2A,0,1,-4.6565579775841073,-3.1166028707561733,-2.9591962183663005,0.015622034754393565,-1.1998268042458105,-1.836914486907075,5.5257949829101562,2.5985696315765381,-0.14726249873638153,0,0.22265625,0,-1.4094140455126762,35,34,0,0,1,0,1,1,2.5029789999999998
1729,17.893740794999999,MINUS_10_OUTBOUND,J2A,0,1,-4.6877314043209868,-3.1180594135802471,-2.967875845909079,0.013884814423230861,-1.08823503291988,-1.7413223554049684,5.5267539024353027,2.5983777046203613,0.049087498337030411,-0.34361249208450317,0.23046875,0,-1.4588671699166298,35,34,0,0,1,0,1,1,2.3838430000000002
1730,17.903891899000001,MINUS_10_OUTBOUND,J2A,0,1,-4.7189187044375007,-3.1193775312500005,-2.9765554734518571,0.015622034754393565,-1.006617722281268,-1.6526943915454275,5.5277128219604492,2.5985696315765381,0.17180624604225159,-0.024543749168515205,0.234375,0,-1.4835937321186066,35,34,0,0,1,0,1,1,2.4907180000000002
1731,17.913918783,MINUS_10_OUTBOUND,J2A,0,1,-4.7501184932345684,-3.1205571358024691,-2.9834957226257934,0.015622034754393565,-0.89655895567916377,-1.5566413627326963,5.5284795761108398,2.5985696315765381,0.26998123526573181,0.024543749168515205,0.234375,0,-1.4835937321186066,35,34,0,0,1,0,1,1,2.5649600000000001
1732,17.923906717000001,MINUS_10_OUTBOUND,J2A,0,1,-4.7813293851797845,-3.1215981485339501,-2.9869658472127627,0.013884814423230861,-0.70436440560381419,-1.4357203934343861,5.5288629531860352,2.5983777046203613,0.17180624604225159,0,0.234375,0,-1.4835937321186066,35,34,0,0,1,0,1,1,2.5229789999999999
1733,17.933893641000001,MINUS_10_OUTBOUND,J2A,0,1,-4.8125499939999985,-3.1225004999999988,-2.9956454747555403,0.013884814423230861,-0.76202157957425831,-1.3790582729285987,5.5298218727111816,2.5983777046203613,0.41724374890327454,-0.34361249208450317,0.23828125,0,-1.5083202943205833,35,34,0,0,1,0,1,1,2.5074420000000002
1734,17.943883434,MINUS_10_OUTBOUND,J2A,0,1,-4.8437789327739198,-3.1232641300154311,-3.0095302891787719,0.017357097047877804,-0.9817790664024193,-1.3801424569726393,5.5313558578491211,2.5987613201141357,0.049087498337030411,0.31906875967979431,0.23046875,0,-1.4588671699166298,35,34,0,0,1,0,1,1,2.5008849999999998
1735,17.953900769000001,MINUS_10_OUTBOUND,J2A,0,1,-4.8750148140246932,-3.1238889876543201,-3.0390349803187173,0.013884814423230861,-1.6690335574952326,-1.5366645439421354,5.5346155166625977,2.5983777046203613,0.44178751111030579,-0.36815625429153442,0.203125,0,-1.2857812345027924,35,34,0,0,1,0,1,1,2.5129800000000002
1736,17.96389302,MINUS_10_OUTBOUND,J2A,0,1,-4.9062562498125004,-3.1243750312500014,-3.1154036176841653,0.015622034754393565,-3.7598469584032674,-2.1472767026997408,5.5430526733398438,2.5985696315765381,1.2271875143051147,-0.39269998669624329,0.1328125,0,-0.84070311486721039,35,34,0,0,1,0,1,1,2.5034019999999999
1737,17.973911578999999,MINUS_10_OUTBOUND,J2A,0,1,-4.9375018518271592,-3.1247222283950609,-3.2421020097867279,0.015622034754393565,-6.8701296079934302,-3.1971859138672829,5.5570502281188965,2.5985696315765381,1.5217125415802002,0.049087498337030411,0.0859375,0,-0.54398436844348907,35,34,0,0,1,0,1,1,2.5507770000000001
1738,17.983892405999999,MINUS_10_OUTBOUND,J2A,0,1,-4.9687502314807102,-3.1249305559413583,-3.4243396595822131,0.013884814423230861,-10.856154628634075,-4.7033445748915099,5.577183723449707,2.5983777046203613,1.9389562606811523,-0.24543750286102295,0.0078125,0,-0.049453124403953552,35,34,0,0,1,0,1,1,2.5075630000000002
1739,17.992814381999999,MINUS_10_OUTBOUND,J2A,0,1,-5,-3.125,-3.5493029893912911,0.013884814423230861,-11.958684221410508,-5.6336340353447474,5.5909895896911621,2.5983777046203613,1.3499062061309814,-0.024543749168515205,0.05859375,0,-0.37089843302965164,35,34,0,0,1,0,1,1,1.5671870000000001
1740,18.003888280000002,MINUS_10_OUTBOUND,J2A,0,1,-5.0312497685192898,-3.1249305559413578,-3.6482317526473906,0.012149752129746621,-10.899872761424824,-5.9636214939554133,5.6019191741943359,2.5981860160827637,0.78539997339248657,-0.29452499747276306,0.1328125,0,-0.84070311486721039,35,34,0,0,1,0,1,1,2.5079829999999999
1741,18.013910354,MINUS_10_OUTBOUND,J2A,0,1,-5.0624981481728408,-3.1247222283950613,-3.6881511336235997,0.012149752129746621,-8.479018290555933,-5.7655739147398144,5.6063294410705566,2.5981860160827637,0.073631249368190765,-0.22089375555515289,0.1640625,0,-1.0385156124830246,35,34,0,0,1,0,1,1,2.489287
1742,18.023885592999999,MINUS_10_OUTBOUND,J2A,0,1,-5.0937437501874969,-3.1243750312500018,-3.7558401434462696,0.012149752129746621,-7.8863579604278007,-5.8675868294276743,5.6138076782226562,2.5981860160827637,0.51541876792907715,-0.22089375555515289,0.08984375,0,-0.56871093064546585,35,34,0,0,1,0,1,1,2.4903460000000002
1743,18.033882445,MINUS_10_OUTBOUND,J2A,0,1,-5.1249851859753086,-3.1238889876543219,-3.8617091558763068,0.010414689836262378,-8.8327149414269073,-6.3398516513845751,5.6255040168762207,2.597994327545166,0.78539997339248657,-0.34361249208450317,0.08203125,0,-0.5192578062415123,35,34,0,0,1,0,1,1,2.4974159999999999
1744,18.043891256999999,MINUS_10_OUTBOUND,J2A,0,1,-5.1562210672260793,-3.1232641300154333,-3.9207228542315553,0.012149752129746621,-7.8049256563372182,-6.2954838989346111,5.632023811340332,2.5981860160827637,0.56450623273849487,0,0.125,0,-0.79124999046325684,35,34,0,0,1,0,1,1,2.505976
1745,18.053887045,MINUS_10_OUTBOUND,J2A,0,1,-5.1874500059999988,-3.122500500000001,-3.983202361098416,0.010414689836262378,-7.2609058779686553,-6.2909938522838535,5.6389265060424805,2.597994327545166,0.9326624870300293,-0.098174996674060822,0.1015625,0,-0.64289061725139618,35,34,0,0,1,0,1,1,2.5282140000000002
1746,18.063888376000001,MINUS_10_OUTBOUND,J2A,0,1,-5.2186706148202173,-3.1215981485339523,-4.0491563086276017,0.0086796275427781355,-7.0276697786252642,-6.3213461693256505,5.6462130546569824,2.5978026390075684,0.024543749168515205,-0.36815625429153442,0.12109375,0,-0.76652342826128006,35,34,0,0,1,0,1,1,2.5382799999999999
1747,18.073912128,MINUS_10_OUTBOUND,J2A,0,1,-5.2498815067654325,-3.1205571358024686,-4.0647761853443169,0.0086796275427781355,-5.1133856065167578,-5.8450401953674671,5.6479387283325195,2.5978026390075684,-0.31906875967979431,-0.44178751111030579,0.171875,0,-1.0879687368869781,35,34,0,0,1,0,1,1,2.4609209999999999
1748,18.083894270999998,MINUS_10_OUTBOUND,J2A,0,1,-5.2810812955624984,-3.1193775312500001,-4.0682463099312853,0.010414689836262378,-3.4453722738087333,-5.2952994985658179,5.6483221054077148,2.597994327545166,-0.073631249368190765,-0.4908750057220459,0.171875,0,-1.0879687368869781,35,34,0,0,1,0,1,1,2.5113240000000001
1749,18.093887857999999,MINUS_10_OUTBOUND,J2A,0,1,-5.3122685956790141,-3.1180594135802475,-4.0717164345182537,0.010414689836262378,-2.3610242771830481,-4.800493062768485,5.6487054824829102,2.597994327545166,-0.24543750286102295,-0.098174996674060822,0.17578125,0,-1.1126952990889549,35,34,0,0,1,0,1,1,2.4999009999999999
1750,18.103899902999999,MINUS_10_OUTBOUND,J2A,0,1,-5.3434420224158945,-3.116602870756171,-4.0717164345182537,0.010414689836262378,-1.5346657801689814,-4.3204437564916365,5.6487054824829102,2.597994327545166,-0.36815625429153442,0.073631249368190765,0.18359375,0,-1.1621484234929085,35,34,0,0,1,0,1,1,2.5176210000000001
1751,18.113906450000002,MINUS_10_OUTBOUND,J2A,0,1,-5.3746001920000017,-3.1150079999999987,-4.0734558128870955,0.0086796275427781355,-1.0583711691109423,-3.9057817842713596,5.648897647857666,2.5978026390075684,-0.24543750286102295,-0.34361249208450317,0.18359375,0,-1.1621484234929085,35,34,0,0,1,0,1,1,2.5143990000000001
1752,18.123890678999999,MINUS_10_OUTBOUND,J2A,0,1,-5.4057417216766979,-3.1132749077932114,-4.0821311243545164,0.010414689836262378,-0.99205678187160495,-3.6020937549726502,5.6498560905456543,2.597994327545166,-0.024543749168515205,-0.073631249368190765,0.17578125,0,-1.1126952990889549,35,34,0,0,1,0,1,1,2.5073940000000001
1753,18.133834218000001,MINUS_10_OUTBOUND,J2A,0,1,-5.4368652298024713,-3.1114037098765435,-4.0856012489414848,0.010414689836262378,-0.76698090598622226,-3.2767826645524361,5.6502394676208496,2.597994327545166,0,-0.049087498337030411,0.203125,0,-1.2857812345027924,35,34,0,0,1,0,1,1,2.4785870000000001
1754,18.143858013999999,MINUS_10_OUTBOUND,J2A,0,1,-5.4679693359375019,-3.10939453125,-4.0942808764842633,0.010414689836262378,-0.8016033775376683,-3.0356946234247997,5.6511983871459961,2.597994327545166,0.36815625429153442,0,0.1875,0,-1.1868749856948853,35,34,0,0,1,0,1,1,2.477827
1755,18.153789688,MINUS_10_OUTBOUND,J2A,0,1,-5.4990526609382702,-3.1072475061728388,-4.0960159387777466,0.010414689836262378,-0.58218715472045268,-2.7495951494597395,5.6513900756835938,2.597994327545166,0.049087498337030411,0,0.1875,0,-1.1868749856948853,35,34,0,0,1,0,1,1,2.408874
1756,18.163861822000001,MINUS_10_OUTBOUND,J2A,0,1,-5.5301138270501564,-3.1049627781635807,-4.0994860633647159,0.0086796275427781355,-0.49900618661984752,-2.5090883590999238,5.6517734527587891,2.5978026390075684,0.049087498337030411,-0.36815625429153442,0.19140625,0,-1.211601547896862,35,34,0,0,1,0,1,1,2.4770989999999999
1757,18.173893327999998,MINUS_10_OUTBOUND,J2A,0,1,-5.5611514580000021,-3.1025404999999999,-4.1064306286140093,0.010414689836262378,-0.56665042597567838,-2.3274070673821536,5.6525406837463379,2.597994327545166,-0.049087498337030411,-0.024543749168515205,0.203125,0,-1.2857812345027924,35,34,0,0,1,0,1,1,2.5116719999999999
1758,18.183679768000001,MINUS_10_OUTBOUND,J2A,0,1,-5.5921641790887344,-3.0999808337191364,-4.1116358154944619,0.010414689836262378,-0.55447988898602696,-2.1478541069587487,5.6531157493591309,2.597994327545166,-0.24543750286102295,0.049087498337030411,0.19140625,0,-1.211601547896862,35,34,0,0,1,0,1,1,2.273809
1759,18.192798918000001,MINUS_10_OUTBOUND,J2A,0,1,-5.6231506172839492,-3.097283950617284,-4.1220505053307246,0.0086796275427781355,-0.76013574450057497,-2.0472755010227761,5.654266357421875,2.5978026390075684,0.17180624604225159,-0.34361249208450317,0.1875,0,-1.1868749856948853,35,34,0,0,1,0,1,1,1.5447090000000001
1760,18.203696807,MINUS_10_OUTBOUND,J2A,0,1,-5.6541094013125006,-3.0944500312499996,-4.1428798850032491,0.0086796275427781355,-1.1630510840135264,-2.0336801938028279,5.6565675735473633,2.5978026390075684,0.049087498337030411,-0.36815625429153442,0.18359375,0,-1.1621484234929085,35,34,0,0,1,0,1,1,2.341145
1761,18.213860387,MINUS_10_OUTBOUND,J2A,0,1,-5.6850391617530827,-3.0914792654320995,-4.1862693905664266,0.0086796275427781355,-2.2501739274752937,-2.2572238095272601,5.6613612174987793,2.5978026390075684,0.4908750057220459,-0.24543750286102295,0.15234375,0,-0.96433592587709427,35,34,0,0,1,0,1,1,2.4688249999999998
1762,18.223862907000001,MINUS_10_OUTBOUND,J2A,0,1,-5.7159385311288595,-3.0883718522376529,-4.2817280292355582,0.0086796275427781355,-4.8028236732020684,-2.9858473201011417,5.6719074249267578,2.5978026390075684,0.83448749780654907,-0.024543749168515205,0.08984375,0,-0.56871093064546585,35,34,0,0,1,0,1,1,2.4790809999999999
1763,18.233893237,MINUS_10_OUTBOUND,J2A,0,1,-5.7468061440000007,-3.085128000000001,-4.375447289535848,0.0069424072116154303,-6.3920908133852521,-3.6216212811778585,5.6822614669799805,2.5976107120513916,1.1044687032699585,-0.098174996674060822,0.0859375,0,-0.54398436844348907,35,34,0,0,1,0,1,1,2.5157029999999998
1764,18.243860678000001,MINUS_10_OUTBOUND,J2A,0,1,-5.7776406370563249,-3.0817479263117304,-4.5108253091811887,0.0069424072116154303,-8.9085673150967413,-4.6176615206018807,5.6972179412841797,2.5976107120513916,1.3989937305450439,0.12271875143051147,0.0234375,0,-0.14835937321186066,35,34,0,0,1,0,1,1,2.470262
1765,18.253882061999999,MINUS_10_OUTBOUND,J2A,0,1,-5.8084406492098761,-3.078231858024691,-4.6149635753930989,0.0034722826246469467,-9.4276305792251112,-5.1950558898023296,5.7087230682373047,2.5972273349761963,1.006293773651123,-0.29452499747276306,0.06640625,0,-0.42035155743360519,35,34,0,0,1,0,1,1,2.5262989999999999
1766,18.263805498,MINUS_10_OUTBOUND,J2A,0,1,-5.8392048216875008,-3.0745800312500009,-4.7902566599392902,0.0034722826246469467,-12.310554251182676,-6.4420058364467687,5.7280893325805664,2.5972273349761963,2.3316562175750732,0,-0.04296875,0,0.27199218422174454,35,34,0,0,1,0,1,1,2.4244400000000002
1767,18.273701334999998,MINUS_10_OUTBOUND,J2A,0,1,-5.8699317981234529,-3.0707926913580241,-4.9898535648203319,0.0017372203311627052,-15.061285020201968,-7.8147837547830141,5.7501406669616699,2.5970356464385986,1.5462563037872314,0.073631249368190765,-0.07421875,0,0.46980468183755875,35,34,0,0,1,0,1,1,2.3437730000000001
1768,18.283780458999999,MINUS_10_OUTBOUND,J2A,0,1,-5.9006202246520054,-3.0668700929783927,-5.0679529484039074,0.0017372203311627052,-12.501855102777029,-7.8081681906320695,5.7587690353393555,2.5970356464385986,0.7608562707901001,0.46633124351501465,0.08203125,0,-0.5192578062415123,35,34,0,0,1,0,1,1,2.3659650000000001
1769,18.293860929000001,MINUS_10_OUTBOUND,J2A,0,1,-5.9312687500000019,-3.0628124999999979,-5.1269623306838001,0,-10.175047170229917,-7.6127346154045332,5.7652883529663086,2.5968437194824219,0.29452499747276306,0.26998123526573181,0.05859375,0,-0.37089843302965164,35,34,0,0,1,0,1,1,2.4518390000000001
1770,18.30386584,MINUS_10_OUTBOUND,J2A,0,1,-5.9618760255794756,-3.0586201855709887,-5.1703518362469767,0,-8.1316679209272031,-7.2851432282291535,5.7700819969177246,2.5968437194824219,0.4908750057220459,0.46633124351501465,0.09375,0,-0.59343749284744263,35,34,0,0,1,0,1,1,2.504127
1771,18.313864293000002,MINUS_10_OUTBOUND,J2A,0,1,-5.9924407055802469,-3.0542934320987642,-5.1859760290390486,-0.003470124586968484,-5.8325155066062031,-6.7128950076929579,5.7718081474304199,2.5964603424072266,0.12271875143051147,-0.24543750286102295,0.109375,0,-0.69234374165534973,35,34,0,0,1,0,1,1,2.482726
1772,18.323899582999999,MINUS_10_OUTBOUND,J2A,0,1,-6.0229614470625004,-3.0498325312500008,-5.198121465093438,-0.003470124586968484,-4.2147304730531845,-6.1626327622834198,5.7731499671936035,2.5964603424072266,0.12271875143051147,-0.12271875143051147,0.1171875,0,-0.74179686605930328,35,34,0,0,1,0,1,1,2.5397180000000001
1773,18.333863874999999,MINUS_10_OUTBOUND,J2A,0,1,-6.0534369100493821,-3.0452377839506188,-5.2050660303427314,-0.001735062293484242,-2.9835056193528748,-5.6160640037317364,5.7739171981811523,2.5966520309448242,0.12271875143051147,0.26998123526573181,0.125,0,-0.79124999046325684,35,34,0,0,1,0,1,1,2.4839349999999998
1774,18.343711136,MINUS_10_OUTBOUND,J2A,0,1,-6.0838657576195976,-3.0405095003858014,-5.2137456578855099,-0.003470124586968484,-2.2477775986286512,-5.1426001593726438,5.7748761177062988,2.5964603424072266,-0.12271875143051147,-0.098174996674060822,0.13671875,0,-0.86542967706918716,35,34,0,0,1,0,1,1,2.3515709999999999
1775,18.35385904,MINUS_10_OUTBOUND,J2A,0,1,-6.1142466559999988,-3.0356480000000001,-5.2206859070594467,-0.005205186880452726,-1.7004238062983252,-4.6967311054895804,5.7756428718566895,2.5962686538696289,-0.024543749168515205,-0.39269998669624329,0.125,0,-0.79124999046325684,35,34,0,0,1,0,1,1,2.4195150000000001
1776,18.363869715,MINUS_10_OUTBOUND,J2A,0,1,-6.1445782746581781,-3.0306536114969145,-5.2345707214826769,-0.005205186880452726,-1.5907257607259793,-4.3657580768354993,5.7771768569946289,2.5962686538696289,-0.098174996674060822,-0.46633124351501465,0.125,0,-0.79124999046325684,35,34,0,0,1,0,1,1,2.4850469999999998
1777,18.373885626,MINUS_10_OUTBOUND,J2A,0,1,-6.174859286395062,-3.0255266728395074,-5.2623403503291399,-0.003470124586968484,-2.0043647617682741,-4.2064374169509176,5.7802448272705078,2.5964603424072266,0.56450623273849487,-0.073631249368190765,0.1171875,0,-0.74179686605930328,35,34,0,0,1,0,1,1,2.4987189999999999
1778,18.383864453000001,MINUS_10_OUTBOUND,J2A,0,1,-6.2050883674374981,-3.0202675312499987,-5.3109393588481266,-0.0069424072116154303,-3.0074114886771257,-4.272814930549468,5.785614013671875,2.5960767269134521,0.85903126001358032,-0.6626812219619751,0.0703125,0,-0.44507811963558197,35,34,0,0,1,0,1,1,2.478612
1779,18.392807195,MINUS_10_OUTBOUND,J2A,0,1,-6.2352641975308636,-3.0148765432098785,-5.3630041758787241,-0.0069424072116154303,-3.9925242426664114,-4.4277353732163149,5.7913661003112793,2.5960767269134521,0.36815625429153442,-0.4908750057220459,0.08203125,0,-0.5192578062415123,35,34,0,0,1,0,1,1,1.5611820000000001
1780,18.403839550000001,MINUS_10_OUTBOUND,J2A,0,1,-6.2653854600316379,-3.0093540744598739,-5.3925088670186696,-0.0069424072116154303,-3.5311731732038334,-4.2523996688863024,5.7946257591247559,2.5960767269134521,0.29452499747276306,-0.12271875143051147,0.12109375,0,-0.76652342826128006,35,34,0,0,1,0,1,1,2.4558059999999999
1781,18.413691760999999,MINUS_10_OUTBOUND,J2A,0,1,-6.295450842000001,-3.0037005000000012,-5.3994534322679639,-0.0069424072116154303,-2.541968387016563,-3.897647080407407,5.7953929901123047,2.5960767269134521,-0.17180624604225159,-0.22089375555515289,0.140625,0,-0.89015623927116394,35,34,0,0,1,0,1,1,2.330768
1782,18.423845330999999,MINUS_10_OUTBOUND,J2A,0,1,-6.3254590342924377,-2.9979162040895062,-5.401188494561449,-0.005205186880452726,-1.712088149656094,-3.5249705718224744,5.7955846786499023,2.5962686538696289,-0.36815625429153442,0.049087498337030411,0.13671875,0,-0.86542967706918716,35,34,0,0,1,0,1,1,2.4572699999999998
1783,18.433871106000002,MINUS_10_OUTBOUND,J2A,0,1,-6.3554087316543209,-2.9920015802469164,-5.4029235568549332,-0.0086774695050996723,-1.1734283556454463,-3.1897795313170798,5.7957763671875,2.5958850383758545,-0.51541876792907715,-0.58904999494552612,0.140625,0,-0.89015623927116394,35,34,0,0,1,0,1,1,2.5139140000000002
1784,18.443842292999999,MINUS_10_OUTBOUND,J2A,0,1,-6.3852986328124981,-2.9859570312500034,-5.4098681221042266,-0.005205186880452726,-1.0064905667360697,-2.9404479026329517,5.7965435981750488,2.5962686538696289,0.12271875143051147,0.19634999334812164,0.15234375,0,-0.96433592587709427,35,34,0,0,1,0,1,1,2.4614669999999998
1785,18.453871356000001,MINUS_10_OUTBOUND,J2A,0,1,-6.4151274405679004,-2.9797829691358046,-5.4081330598107415,-0.0069424072116154303,-0.59366766805995963,-2.6291027694215177,5.7963519096374512,2.5960767269134521,-0.29452499747276306,-0.098174996674060822,0.1484375,0,-0.93960936367511749,35,34,0,0,1,0,1,1,2.508934
1786,18.463772992999999,MINUS_10_OUTBOUND,J2A,0,1,-6.4448938618881186,-2.9734798152006174,-5.4116031843977108,-0.0086774695050996723,-0.50854487409379334,-2.4012384610093145,5.7967352867126465,2.5958850383758545,-0.073631249368190765,-0.44178751111030579,0.15625,0,-0.98906248807907104,35,34,0,0,1,0,1,1,2.3857560000000002
1787,18.473863771000001,MINUS_10_OUTBOUND,J2A,0,1,-6.4745966079999997,-2.9670479999999988,-5.4150733089846792,-0.0069424072116154303,-0.45091590889479977,-2.1955036836894788,5.7971186637878418,2.5960767269134521,0,-0.049087498337030411,0.1484375,0,-0.93960936367511749,35,34,0,0,1,0,1,1,2.478138
1788,18.483683821,MINUS_10_OUTBOUND,J2A,0,1,-6.5042343944822516,-2.960487963348764,-5.4220178742339726,-0.0069424072116154303,-0.54060913523817777,-2.0466715423081188,5.7978858947753906,2.5960767269134521,0.098174996674060822,-0.24543750286102295,0.15625,0,-0.98906248807907104,35,34,0,0,1,0,1,1,2.2978179999999999
1789,18.493853855000001,MINUS_10_OUTBOUND,J2A,0,1,-6.5338059413580263,-2.9538001543209864,-5.425487998820941,-0.0069424072116154303,-0.47081968864534945,-1.8761254597174595,5.7982692718505859,2.5960767269134521,-0.098174996674060822,-0.12271875143051147,0.15625,0,-0.98906248807907104,35,34,0,0,1,0,1,1,2.4221089999999998
1790,18.503848996999999,MINUS_10_OUTBOUND,J2A,0,1,-6.5633099731874989,-2.9469850312499997,-5.4324282479948787,-0.0069424072116154303,-0.54905958111877928,-1.757949137602657,5.7990360260009766,2.5960767269134521,-0.22089375555515289,-0.17180624604225159,0.1484375,0,-0.93960936367511749,35,34,0,0,1,0,1,1,2.4496850000000001
1791,18.513864228999999,MINUS_10_OUTBOUND,J2A,0,1,-6.5927452191604932,-2.9400430617283968,-5.4359026886572037,-0.0069424072116154303,-0.47830920324027393,-1.6168457882746963,5.7994198799133301,2.5960767269134521,-0.14726249873638153,0,0.171875,0,-1.0879687368869781,35,34,0,0,1,0,1,1,2.5875460000000001
1792,18.523783214000002,MINUS_10_OUTBOUND,J2A,0,1,-6.6221104131890414,-2.9329747226080243,-5.4445780001246256,-0.0069424072116154303,-0.61701688142419631,-1.5426228949666605,5.8003783226013184,2.5960767269134521,0.098174996674060822,0.073631249368190765,0.16796875,0,-1.0632421746850014,35,34,0,0,1,0,1,1,2.5389680000000001
1793,18.533852186000001,MINUS_10_OUTBOUND,J2A,0,1,-6.6514042939999998,-2.9257804999999992,-5.4532576276674032,-0.0069424072116154303,-0.70276701004376041,-1.474562330360861,5.8013372421264648,2.5960767269134521,0.22089375555515289,0,0.15625,0,-0.98906248807907104,35,34,0,0,1,0,1,1,2.473849
1794,18.543779577999999,MINUS_10_OUTBOUND,J2A,0,1,-6.6806256052276227,-2.9184608892746922,-5.4688775043841176,-0.0086774695050996723,-1.0074927218088237,-1.4844472874048835,5.803062915802002,2.5958850383758545,0.29452499747276306,-0.36815625429153442,0.1640625,0,-1.0385156124830246,35,34,0,0,1,0,1,1,2.3356539999999999
1795,18.553685849000001,MINUS_10_OUTBOUND,J2A,0,1,-6.7097730955061721,-2.9110163950617292,-5.4949120709370955,-0.0086774695050996723,-1.5747015854743189,-1.5988115061782762,5.8059391975402832,2.5958850383758545,0.51541876792907715,-0.24543750286102295,0.15234375,0,-0.96433592587709427,35,34,0,0,1,0,1,1,2.295963
1796,18.563864529,MINUS_10_OUTBOUND,J2A,0,1,-6.7388455185624982,-2.903447531249999,-5.5330963896198195,-0.0086774695050996723,-2.3365466677484363,-1.8140705376147712,5.8101577758789062,2.5958850383758545,0.34361249208450317,-0.14726249873638153,0.125,0,-0.79124999046325684,35,34,0,0,1,0,1,1,2.6175099999999998
1797,18.573871800999999,MINUS_10_OUTBOUND,J2A,0,1,-6.7678416333086417,-2.8957548209876527,-5.573011454520671,-0.0086774695050996723,-2.9147674255734195,-2.031524081435276,5.8145675659179688,2.5958850383758545,0.17180624604225159,0,0.1484375,0,-0.93960936367511749,35,34,0,0,1,0,1,1,2.519196
1798,18.583846541,MINUS_10_OUTBOUND,J2A,0,1,-6.7967602039344142,-2.8879387966820995,-5.6007810833671323,-0.010412531798583915,-2.8689971664552321,-2.1067711989581794,5.8176355361938477,2.5956933498382568,0.22089375555515289,-0.19634999334812164,0.15625,0,-0.98906248807907104,35,34,0,0,1,0,1,1,2.6022189999999998
1799,18.593877144,MINUS_10_OUTBOUND,J2A,0,1,-6.8256000000000014,-2.8799999999999999,-5.611195773203395,-0.010412531798583915,-2.2282501832478081,-1.999923229077192,5.8187861442565918,2.5956933498382568,-0.17180624604225159,-0.24543750286102295,0.1640625,0,-1.0385156124830246,35,34,0,0,1,0,1,1,2.631723
1800,18.60286571,MINUS_10_OUTBOUND,J2A,0,1,-6.8543597965285477,-2.8719389818672854,-5.6129308354968801,-0.010412531798583915,-1.5159230956898559,-1.819233899477696,5.8189778327941895,2.5956933498382568,-0.29452499747276306,-0.24543750286102295,0.16796875,0,-1.0632421746850014,35,34,0,0,1,0,1,1,1.620846
1801,18.613873385000002,MINUS_10_OUTBOUND,J2A,0,1,-6.8830383740987671,-2.8637563024691359,-5.6181403384526885,-0.010412531798583915,-1.1509913519484092,-1.6846366066013558,5.8195533752441406,2.5956933498382568,0.12271875143051147,0,0.17578125,0,-1.1126952990889549,35,34,0,0,1,0,1,1,2.4927280000000001
1802,18.623851265999999,MINUS_10_OUTBOUND,J2A,0,1,-6.9116345189374968,-2.8554525312500001,-5.6198754007461735,-0.0086774695050996723,-0.80900617925495932,-1.5335620317950756,5.8197450637817383,2.5958850383758545,-0.36815625429153442,0.22089375555515289,0.17578125,0,-1.1126952990889549,35,34,0,0,1,0,1,1,2.6070310000000001
1803,18.633860652999999,MINUS_10_OUTBOUND,J2A,0,1,-6.9401470230123454,-2.847028246913581,-5.6268156499201103,-0.012147594092068156,-0.76853493302717613,-1.449543233333126,5.8205118179321289,2.5955016613006592,0.12271875143051147,-0.51541876792907715,0.171875,0,-1.0879687368869781,35,34,0,0,1,0,1,1,2.4743560000000002
1804,18.643854328,MINUS_10_OUTBOUND,J2A,0,1,-6.9685746841242278,-2.8384840374228411,-5.6320251528759195,-0.012147594092068156,-0.68199570828212686,-1.3567169105182311,5.8210873603820801,2.5955016613006592,0.073631249368190765,-0.46633124351501465,0.18359375,0,-1.1621484234929085,35,34,0,0,1,0,1,1,2.6098729999999999
1805,18.653776211,MINUS_10_OUTBOUND,J2A,0,1,-6.996916306000001,-2.8298204999999994,-5.6389654020498572,-0.010412531798583915,-0.68811840116723377,-1.290994131118937,5.8218541145324707,2.5956933498382568,-0.34361249208450317,-0.14726249873638153,0.18359375,0,-1.1621484234929085,35,34,0,0,1,0,1,1,2.4183940000000002
1806,18.663833397000001,MINUS_10_OUTBOUND,J2A,0,1,-7.0251706983850308,-2.8210382411265433,-5.6493800918861199,-0.010412531798583915,-0.80971844714382057,-1.2654494284027915,5.8230047225952148,2.5956933498382568,0.22089375555515289,-0.024543749168515205,0.17578125,0,-1.1126952990889549,35,34,0,0,1,0,1,1,2.5621200000000002
1807,18.673754578,MINUS_10_OUTBOUND,J2A,0,1,-7.0533366771358006,-2.8121378765432121,-5.6580597194288966,-0.012147594092068156,-0.83251739561261739,-1.2263903155536935,5.8239636421203613,2.5955016613006592,-0.19634999334812164,-0.39269998669624329,0.171875,0,-1.0879687368869781,35,34,0,0,1,0,1,1,2.3699599999999998
1808,18.683828024,MINUS_10_OUTBOUND,J2A,0,1,-7.0814130643124953,-2.8031200312500015,-5.6702051554832869,-0.010412531798583915,-0.96312721463275575,-1.2243201147081968,5.8253054618835449,2.5956933498382568,-0.14726249873638153,0,0.17578125,0,-1.1126952990889549,35,34,0,0,1,0,1,1,2.5839650000000001
1809,18.693799469999998,MINUS_10_OUTBOUND,J2A,0,1,-7.1093986882716056,-2.7939853395061727,-5.6910345351558123,-0.010412531798583915,-1.3571486064390221,-1.3107783652167289,5.8276066780090332,2.5956933498382568,-0.39269998669624329,0,0.16796875,0,-1.0632421746850014,35,34,0,0,1,0,1,1,2.435406
1810,18.703758146999999,MINUS_10_OUTBOUND,J2A,0,1,-7.137292383758485,-2.7847344448302485,-5.7448387305552506,-0.010412531798583915,-2.7731074507131006,-1.7199750591315519,5.8335509300231934,2.5956933498382568,0.73631250858306885,0,0.12109375,0,-0.76652342826128006,35,34,0,0,1,0,1,1,2.4917929999999999
1811,18.713827741999999,MINUS_10_OUTBOUND,J2A,0,1,-7.1650929919999982,-2.7753680000000003,-5.8229381141388261,-0.010412531798583915,-4.5171061052957038,-2.3235736281704509,5.8421792984008789,2.5956933498382568,0.85903126001358032,0.12271875143051147,0.0859375,0,-0.54398436844348907,35,34,0,0,1,0,1,1,2.4471959999999999
1812,18.723848651000001,MINUS_10_OUTBOUND,J2A,0,1,-7.1927993607970686,-2.7658866670524658,-5.8906271239614973,-0.015619876716715105,-5.3002910647990946,-2.7666940071696593,5.8496575355529785,2.5951180458068848,0.34361249208450317,-0.58904999494552612,0.1015625,0,-0.64289061725139618,35,34,0,0,1,0,1,1,2.5820989999999999
1813,18.733827765000001,MINUS_10_OUTBOUND,J2A,0,1,-7.220410344617286,-2.7562911172839506,-5.9860857626306281,-0.013884814423230861,-6.7932342724938355,-3.4466089151311001,5.860203742980957,2.5953097343444824,1.0553812980651855,-0.049087498337030411,0.05859375,0,-0.37089843302965164,35,34,0,0,1,0,1,1,2.4481250000000001
1814,18.743794956999999,MINUS_10_OUTBOUND,J2A,0,1,-7.2479248046875,-2.74658203125,-6.0954292157229908,-0.015619876716715105,-8.2552201536839842,-4.1989817026359884,5.872283935546875,2.5951180458068848,0.7608562707901001,0.12271875143051147,0.06640625,0,-0.42035155743360519,35,34,0,0,1,0,1,1,2.5523720000000001
1815,18.753828069000001,MINUS_10_OUTBOUND,J2A,0,1,-7.2753416090864187,-2.7367600987654344,-6.1822082268493448,-0.017354939010199345,-8.3931346869732035,-4.6440097001091365,5.881871223449707,2.5949263572692871,1.2026437520980835,0,0.04296875,0,-0.27199218422174454,35,34,0,0,1,0,1,1,2.4474719999999999
1816,18.763758852999999,MINUS_10_OUTBOUND,J2A,0,1,-7.3026596328371873,-2.7268260189043207,-6.3227914333751372,-0.020827221634846294,-10.410244273014309,-5.5952392233787158,5.8974027633666992,2.5945427417755127,1.2762750387191772,0.22089375555515289,-0.01171875,0,0.074179686605930328,35,34,0,0,1,0,1,1,2.5171670000000002
1817,18.773830186000001,MINUS_10_OUTBOUND,J2A,0,1,-7.3298777579999985,-2.7167804999999978,-6.4564343907269937,-0.022562283928330536,-11.411032573176072,-6.3626792426742078,5.9121675491333008,2.594351053237915,1.3744499683380127,0.24543750286102295,-0.0234375,0,0.14835937321186066,35,34,0,0,1,0,1,1,2.442447
1818,18.783837265999999,MINUS_10_OUTBOUND,J2A,0,1,-7.3569948737646573,-2.7066242596450651,-6.550157967102642,-0.027769628846461721,-10.695175518635901,-6.6629839887129165,5.9225220680236816,2.593775749206543,0.6626812219619751,-0.39269998669624329,0.0390625,0,-0.24726562201976776,35,34,0,0,1,0,1,1,2.4536720000000001
1819,18.793722215999999,MINUS_10_OUTBOUND,J2A,0,1,-7.3840098765432085,-2.6963580246913592,-6.6056972247955645,-0.026032408515299019,-8.9183626725915524,-6.5585423285496862,5.9286580085754395,2.5939676761627197,0.22089375555515289,-0.6626812219619751,0.05078125,0,-0.32144530862569809,35,34,0,0,1,0,1,1,2.435705
1820,18.803751713,MINUS_10_OUTBOUND,J2A,0,1,-7.410921670062498,-2.6859825312500023,-6.6820615460856558,-0.029504691139945961,-8.461826354483474,-6.6640854149229929,5.9370946884155273,2.5935840606689453,0.56450623273849487,-0.29452499747276306,0.05078125,0,-0.32144530862569809,35,34,0,0,1,0,1,1,2.491968
1821,18.813696876000002,MINUS_10_OUTBOUND,J2A,0,1,-7.4377291654567905,-2.6754985246913554,-6.7098311749321171,-0.027769628846461721,-6.4774833392607425,-6.2769043616725462,5.9401626586914062,2.593775749206543,-0.17180624604225159,0.12271875143051147,0.09375,0,-0.59343749284744263,35,34,0,0,1,0,1,1,2.237689
1822,18.823602154,MINUS_10_OUTBOUND,J2A,0,1,-7.4644312813603424,-2.6649067596450609,-6.7306605546046425,-0.029504691139945961,-4.9463639966107236,-5.8594995901027893,5.9424638748168945,2.5935840606689453,-0.049087498337030411,-0.098174996674060822,0.1015625,0,-0.64289061725139618,35,34,0,0,1,0,1,1,2.3234590000000002
1823,18.833671597999999,MINUS_10_OUTBOUND,J2A,0,1,-7.4910269440000041,-2.6542079999999979,-6.7428103067343894,-0.03123975343343021,-3.6374452421880403,-5.3942092437756735,5.9438061714172363,2.5933923721313477,0.24543750286102295,-0.58904999494552612,0.10546875,0,-0.66761717945337296,35,34,0,0,1,0,1,1,2.308243
1824,18.843725721999999,MINUS_10_OUTBOUND,J2A,0,1,-7.5175150872878067,-2.6434030189043245,-6.7480154936148411,-0.03123975343343021,-2.5455402169764074,-4.9065599792707291,5.9443812370300293,2.5933923721313477,0.024543749168515205,-0.51541876792907715,0.12109375,0,-0.76652342826128006,35,34,0,0,1,0,1,1,2.3366929999999999
1825,18.853712944000002,MINUS_10_OUTBOUND,J2A,0,1,-7.5438946529135809,-2.6324925987654328,-6.7566951211576196,-0.029504691139945961,-1.9587767806641394,-4.5028113069520774,5.9453401565551758,2.5935840606689453,-0.22089375555515289,0,0.12109375,0,-0.76652342826128006,35,34,0,0,1,0,1,1,2.3542939999999999
1826,18.863717393000002,MINUS_10_OUTBOUND,J2A,0,1,-7.5701645904375017,-2.62147753125,-6.7671054949185256,-0.029504691139945961,-1.6374059560168792,-4.1565876187097803,5.9464902877807617,2.5935840606689453,0.12271875143051147,-0.024543749168515205,0.125,0,-0.79124999046325684,35,34,0,0,1,0,1,1,2.3765770000000002
1827,18.873715662999999,MINUS_10_OUTBOUND,J2A,0,1,-7.5963238573827159,-2.6103586172839481,-6.7827253716352409,-0.03123975343343021,-1.6111041512145774,-3.8971546510684041,5.9482159614562988,2.5933923721313477,0,-0.22089375555515289,0.109375,0,-0.69234374165534973,35,34,0,0,1,0,1,1,2.3529640000000001
1828,18.883722170999999,MINUS_10_OUTBOUND,J2A,0,1,-7.6223714193279335,-2.5991366670524663,-6.8035547513077654,-0.03123975343343021,-1.7757718437899399,-3.7155975132474106,5.9505171775817871,2.5933923721313477,0.22089375555515289,-0.44178751111030579,0.09375,0,-0.59343749284744263,35,34,0,0,1,0,1,1,2.3647909999999999
1829,18.893713032000001,MINUS_10_OUTBOUND,J2A,0,1,-7.6483062499999992,-2.5878125000000001,-6.8486793191644262,-0.03297481572691445,-2.7350562707448587,-3.795696211145926,5.9555025100708008,2.59320068359375,0.4908750057220459,-0.24543750286102295,0.05078125,0,-0.32144530862569809,35,34,0,0,1,0,1,1,2.350473
1830,18.903729066,MINUS_10_OUTBOUND,J2A,0,1,-7.6741273313665133,-2.5763869448302472,-6.9146332666936123,-0.034712036058077149,-4.0824793950397131,-4.0746102526186352,5.9627890586853027,2.5930087566375732,0.73631250858306885,-0.31906875967979431,0.0546875,0,-0.34617187082767487,35,34,0,0,1,0,1,1,2.370981
1831,18.912722625000001,MINUS_10_OUTBOUND,J2A,0,1,-7.6998336537283922,-2.5648608395061734,-6.9528175853763354,-0.034712036058077149,-4.1396208205867877,-4.0917232884456212,5.9670076370239258,2.5930087566375732,0.36815625429153442,-0.29452499747276306,0.07421875,0,-0.46980468183755875,35,34,0,0,1,0,1,1,1.4429609999999999
1832,18.922614614,MINUS_10_OUTBOUND,J2A,0,1,-7.7254242158125024,-2.553235031249999,-6.9805872142227976,-0.036447098351561395,-3.6733031597772756,-3.9632794242855915,5.9700756072998047,2.5928170680999756,0.26998123526573181,-0.34361249208450317,0.08984375,0,-0.56871093064546585,35,34,0,0,1,0,1,1,1.3331980000000001
1833,18.933659247000001,MINUS_10_OUTBOUND,J2A,0,1,-7.7508980248641981,-2.5415103765432061,-7.0083568430692589,-0.036447098351561395,-3.2676554793285466,-3.8183824605636945,5.9731435775756836,2.5928170680999756,0.14726249873638153,-0.098174996674060822,0.0859375,0,-0.54398436844348907,35,34,0,0,1,0,1,1,2.3454090000000001
1834,18.943700395,MINUS_10_OUTBOUND,J2A,0,1,-7.7762540967399687,-2.5296877411265468,-7.0569515355128898,-0.036447098351561395,-3.8178204661348571,-3.9204997586705543,5.9785122871398926,2.5928170680999756,0.88357502222061157,0.098174996674060822,0.05859375,0,-0.37089843302965164,35,34,0,0,1,0,1,1,2.3349440000000001
1835,18.953697775999998,MINUS_10_OUTBOUND,J2A,0,1,-7.8014914560000008,-2.5177680000000002,-7.12117042074859,-0.039917222938529881,-4.7298331028601934,-4.1708068684813666,5.9856071472167969,2.5924336910247803,0.44178751111030579,0.12271875143051147,0.03515625,0,-0.22253905981779099,35,34,0,0,1,0,1,1,2.335985
1836,18.963638515,MINUS_10_OUTBOUND,J2A,0,1,-7.826609136000771,-2.5057520374228393,-7.1680300508987358,-0.039917222938529881,-4.7242558330381685,-4.2251159862558136,5.9907841682434082,2.5924336910247803,0.049087498337030411,-0.049087498337030411,0.06640625,0,-0.42035155743360519,35,34,0,0,1,0,1,1,2.2740450000000001
1837,18.973695179,MINUS_10_OUTBOUND,J2A,0,1,-7.8516061789876499,-2.4936407469135804,-7.2044793072879747,-0.041654443269692587,-4.3393022330388442,-4.1650432280770993,5.9948110580444336,2.5922417640686035,0.14726249873638153,-0.12271875143051147,0.05859375,0,-0.37089843302965164,35,34,0,0,1,0,1,1,2.3379880000000002
1838,18.983716616999999,MINUS_10_OUTBOUND,J2A,0,1,-7.8764816361874974,-2.4814350312500042,-7.2496038751446372,-0.041654443269692587,-4.3965277377770215,-4.1988192727841822,5.9997963905334473,2.5922417640686035,0.68722498416900635,0.098174996674060822,0.05078125,0,-0.32144530862569809,35,34,0,0,1,0,1,1,2.3532540000000002
1839,18.993691401,MINUS_10_OUTBOUND,J2A,0,1,-7.9012345679012341,-2.4691358024691321,-7.3224980718477592,-0.043389505563176833,-5.4154895277339836,-4.5097220592711693,6.0078496932983398,2.5920500755310059,0.73631250858306885,0.024543749168515205,0,0,-0,35,34,0,0,1,0,1,1,2.3206030000000002
1840,19.003692354999998,MINUS_10_OUTBOUND,J2A,0,1,-7.9258640435964551,-2.4567439818672789,-7.405806958387144,-0.046859630150145312,-6.4356010800684853,-4.8917592496415949,6.0170536041259766,2.5916666984558105,1.2026437520980835,0.073631249368190765,0.01171875,0,-0.074179686605930328,35,34,0,0,1,0,1,1,2.350803
1841,19.013696200999998,MINUS_10_OUTBOUND,J2A,0,1,-7.9503691420000013,-2.4442604999999995,-7.4613462160800692,-0.048596850481308018,-6.1262673947708688,-4.9577623797421086,6.0231895446777344,2.5914747714996338,0.46633124351501465,-0.4908750057220459,0.01953125,0,-0.12363281100988388,35,34,0,0,1,0,1,1,2.3362530000000001
1842,19.023693085000001,MINUS_10_OUTBOUND,J2A,0,1,-7.9747489511905831,-2.4316862966820985,-7.5463901649129372,-0.048596850481308018,-6.9595397941522457,-5.3126907096396643,6.0325851440429688,2.5914747714996338,0.80994373559951782,-0.073631249368190765,-0.01171875,0,0.074179686605930328,35,34,0,0,1,0,1,1,2.3360340000000002
1843,19.033697015000001,MINUS_10_OUTBOUND,J2A,0,1,-7.999002568691358,-2.419022320987656,-7.6001943603123765,-0.050331912774792251,-6.406107919207523,-5.3192522252495733,6.0385293960571289,2.5912830829620361,0.36815625429153442,-0.024543749168515205,0.02734375,0,-0.17308593541383743,35,34,0,0,1,0,1,1,2.3368519999999999
1844,19.043617271999999,MINUS_10_OUTBOUND,J2A,0,1,-8.0231291015624979,-2.4062695312499991,-7.6227588022783861,-0.052066975068276504,-4.9600739871440238,-5.0147852426272266,6.0410223007202148,2.5910913944244385,0.29452499747276306,-0.24543750286102295,0.05078125,0,-0.32144530862569809,35,34,0,0,1,0,1,1,2.3385590000000001
1845,19.053645575000001,MINUS_10_OUTBOUND,J2A,0,1,-8.0471276664938234,-2.3934288950617302,-7.6401137412885847,-0.052066975068276504,-3.8297566201521991,-4.6863662979383847,6.0429396629333496,2.5910913944244385,0.41724374890327454,-0.024543749168515205,0.0546875,0,-0.34617187082767487,35,34,0,0,1,0,1,1,2.280097
1846,19.063702026000001,MINUS_10_OUTBOUND,J2A,0,1,-8.0709973898973786,-2.3805013892746896,-7.6609431209611101,-0.052066975068276504,-3.2142777556913016,-4.4248542260280814,6.0452408790588379,2.5910913944244385,0.024543749168515205,0,0.05078125,0,-0.32144530862569809,35,34,0,0,1,0,1,1,2.3732530000000001
1847,19.073701384,MINUS_10_OUTBOUND,J2A,0,1,-8.0947374079999985,-2.3674879999999998,-7.6904478121010555,-0.052066975068276504,-3.12201103239516,-4.2774346580526492,6.0485005378723145,2.5910913944244385,0.24543750286102295,0,0.04296875,0,-0.27199218422174454,35,34,0,0,1,0,1,1,2.3703110000000001
1848,19.08370304,MINUS_10_OUTBOUND,J2A,0,1,-8.1183468669359566,-2.3543897226080248,-7.7442520075004957,-0.055539257692923442,-3.9121422125543823,-4.3876440612466778,6.0544447898864746,2.5907077789306641,0.78539997339248657,-0.29452499747276306,0.00390625,0,-0.024726562201976776,35,34,0,0,1,0,1,1,2.3452030000000001
1849,19.093697839000001,MINUS_10_OUTBOUND,J2A,0,1,-8.1418249228395041,-2.3412075617283921,-7.8049964520738708,-0.055539257692923442,-4.6700543351308568,-4.5566401971135839,6.0611557960510254,2.5907077789306641,0.44178751111030579,-0.26998123526573181,0,0,-0,35,34,0,0,1,0,1,1,2.3370380000000002
1850,19.103703851999999,MINUS_10_OUTBOUND,J2A,0,1,-8.1651707419375015,-2.3279425312499993,-7.8535911445175,-0.057274319986407682,-4.735327468342291,-4.5866310775471497,6.0665245056152344,2.5905160903930664,0.39269998669624329,-0.19634999334812164,0.01171875,0,-0.074179686605930328,35,34,0,0,1,0,1,1,2.3457979999999998
1851,19.113697839,MINUS_10_OUTBOUND,J2A,0,1,-8.1883835006419741,-2.3145956543209913,-7.9021901530364866,-0.059009382279891921,-4.7799515583944787,-4.6142504566415745,6.0718936920166016,2.5903244018554688,0.39269998669624329,-0.22089375555515289,-0.00390625,0,0.024726562201976776,35,34,0,0,1,0,1,1,2.336401
1852,19.123694299,MINUS_10_OUTBOUND,J2A,0,1,-8.2114623856427453,-2.3011679633487705,-7.9611995353163802,-0.060744444573376168,-5.1730282779094843,-4.7431282009640094,6.0784130096435547,2.5901327133178711,0.29452499747276306,-0.31906875967979431,-0.0078125,0,0.049453124403953552,35,34,0,0,1,0,1,1,2.3349060000000001
1853,19.133697715,MINUS_10_OUTBOUND,J2A,0,1,-8.2344065940000029,-2.2876605000000008,-8.0080634815418819,-0.060744444573376168,-5.0021463845275953,-4.7372948105494457,6.0835905075073242,2.5901327133178711,0.36815625429153442,-0.073631249368190765,0.01171875,0,-0.074179686605930328,35,34,0,0,1,0,1,1,2.3382830000000001
1854,19.143688665999999,MINUS_10_OUTBOUND,J2A,0,1,-8.2572153332368803,-2.2740743152006169,-8.0219482959651138,-0.060744444573376168,-3.7378038059489289,-4.4025392312104987,6.0851244926452637,2.5901327133178711,0.073631249368190765,0.098174996674060822,0.04296875,0,-0.27199218422174454,35,34,0,0,1,0,1,1,2.3572259999999998
1855,19.153733809999999,MINUS_10_OUTBOUND,J2A,0,1,-8.2798878214320979,-2.2604104691358038,-8.0323586697260172,-0.060744444573376168,-2.7922980670804423,-4.0659211918647742,6.0862746238708496,2.5901327133178711,-0.12271875143051147,0.14726249873638153,0.04296875,0,-0.27199218422174454,35,34,0,0,1,0,1,1,2.48881
1856,19.163665175999999,MINUS_10_OUTBOUND,J2A,0,1,-8.3024232873124983,-2.246670031250003,-8.0393032349753106,-0.064216727198023113,-2.0597332726109561,-3.7292546523950589,6.0870418548583984,2.5897490978240967,0.024543749168515205,-0.53996247053146362,0.0546875,0,-0.34617187082767487,35,34,0,0,1,0,1,1,2.378822
1857,19.173680470000001,MINUS_10_OUTBOUND,J2A,0,1,-8.3248209703456784,-2.2328540802469141,-8.0410382972687948,-0.062481664904538874,-1.3994610731474182,-3.3736533145699235,6.0872335433959961,2.5899407863616943,-0.39269998669624329,-0.19634999334812164,0.06640625,0,-0.42035155743360519,35,34,0,0,1,0,1,1,2.3993030000000002
1858,19.183768352000001,MINUS_10_OUTBOUND,J2A,0,1,-8.3470801208325653,-2.2189637040895072,-8.044508421855765,-0.062481664904538874,-1.0300459913802946,-3.0706869242084949,6.0876169204711914,2.5899407863616943,0,-0.17180624604225159,0.06640625,0,-0.42035155743360519,35,34,0,0,1,0,1,1,2.4891169999999998
1859,19.193797255,MINUS_10_OUTBOUND,J2A,0,1,-8.3692000000000011,-2.2050000000000005,-8.0427733595622808,-0.064216727198023113,-0.60897772805162431,-2.7463176128317692,6.0874252319335938,2.5897490978240967,0,-0.56450623273849487,0.06640625,0,-0.42035155743360519,35,34,0,0,1,0,1,1,2.4355530000000001
1860,19.203807207000001,MINUS_10_OUTBOUND,J2A,0,1,-8.391179880093361,-2.1909640744598802,-8.0479785464427334,-0.062481664904538874,-0.57783593723736537,-2.5236859698353951,6.0880002975463867,2.5899407863616943,0.098174996674060822,-0.24543750286102295,0.06640625,0,-0.42035155743360519,35,34,0,0,1,0,1,1,2.4472809999999998
1861,19.213783951,MINUS_10_OUTBOUND,J2A,0,1,-8.4130190444691344,-2.1768570432098797,-8.0497179248115742,-0.062481664904538874,-0.43661351057775555,-2.2887517018157033,6.0881924629211426,2.5899407863616943,-0.049087498337030411,-0.073631249368190765,0.05859375,0,-0.37089843302965164,35,34,0,0,1,0,1,1,2.4195920000000002
1862,19.223771545999998,MINUS_10_OUTBOUND,J2A,0,1,-8.4347167876874973,-2.162680031250003,-8.0531880493985426,-0.062481664904538874,-0.40540399368470381,-2.0946208778653226,6.0885758399963379,2.5899407863616943,-0.26998123526573181,-0.12271875143051147,0.0703125,0,-0.44507811963558197,35,34,0,0,1,0,1,1,2.4116240000000002
1863,19.23379504,MINUS_10_OUTBOUND,J2A,0,1,-8.4562724156049391,-2.1484341728395018,-8.0601282985724794,-0.062481664904538874,-0.50585196486932438,-1.9543986097857238,6.0893425941467285,2.5899407863616943,-0.049087498337030411,-0.049087498337030411,0.0703125,0,-0.44507811963558197,35,34,0,0,1,0,1,1,2.4378250000000001
1864,19.243711024,MINUS_10_OUTBOUND,J2A,0,1,-8.4776852454668266,-2.1341206114969147,-8.0636027392348044,-0.062481664904538874,-0.45143953694582206,-1.7939975373159402,6.089726448059082,2.5899407863616943,0,0,0.05859375,0,-0.37089843302965164,35,34,0,0,1,0,1,1,2.4327230000000002
1865,19.253657093000001,MINUS_10_OUTBOUND,J2A,0,1,-8.4989546060000052,-2.1197404999999967,-8.0688079261152588,-0.064216727198023113,-0.47660509067683166,-1.6669318954877885,6.090301513671875,2.5897490978240967,-0.24543750286102295,-0.26998123526573181,0.08203125,0,-0.5192578062415123,35,34,0,0,1,0,1,1,2.366886
1866,19.263731720999999,MINUS_10_OUTBOUND,J2A,0,1,-8.5200798375053992,-2.105295000385802,-8.0740131129957113,-0.064216727198023113,-0.49062533650053497,-1.551904999527751,6.090876579284668,2.5897490978240967,-0.024543749168515205,-0.36815625429153442,0.07421875,0,-0.46980468183755875,35,34,0,0,1,0,1,1,2.3322250000000002
1867,19.273783276,MINUS_10_OUTBOUND,J2A,0,1,-8.5410602919506182,-2.0907852839506167,-8.0757481752891938,-0.062481664904538874,-0.37932217581930672,-1.4139761301732499,6.0910682678222656,2.5899407863616943,-0.14726249873638153,0.12271875143051147,0.08203125,0,-0.5192578062415123,35,34,0,0,1,0,1,1,2.4278110000000002
1868,19.283788915999999,MINUS_10_OUTBOUND,J2A,0,1,-8.5618953330624983,-2.0762125312500026,-8.0792226159515188,-0.062481664904538874,-0.36809629066565508,-1.3073033389796695,6.0914521217346191,2.5899407863616943,0,-0.073631249368190765,0.08203125,0,-0.5192578062415123,35,34,0,0,1,0,1,1,2.4178039999999998
1869,19.293789803999999,MINUS_10_OUTBOUND,J2A,0,1,-8.5825843364197532,-2.0615779320987628,-8.0844278028319732,-0.062481664904538874,-0.42142795346419976,-1.2286202520907095,6.0920271873474121,2.5899407863616943,0.049087498337030411,0.073631249368190765,0.08203125,0,-0.5192578062415123,35,34,0,0,1,0,1,1,2.4331670000000001
1870,19.303775036000001,MINUS_10_OUTBOUND,J2A,0,1,-8.6031266895455261,-2.0468826855709863,-8.0931074303747508,-0.064216727198023113,-0.57816442985781702,-1.1926828726262348,6.0929861068725586,2.5897490978240967,-0.073631249368190765,-0.24543750286102295,0.06640625,0,-0.42035155743360519,35,34,0,0,1,0,1,1,2.4977740000000002
1871,19.313791992999999,MINUS_10_OUTBOUND,J2A,0,1,-8.6235217920000036,-2.0321280000000019,-8.1017827418421735,-0.064216727198023113,-0.67892877696575638,-1.1600208418088045,6.0939445495605469,2.5897490978240967,0.12271875143051147,-0.073631249368190765,0.08203125,0,-0.5192578062415123,35,34,0,0,1,0,1,1,2.430803
1872,19.323729626999999,MINUS_10_OUTBOUND,J2A,0,1,-8.643769055472994,-2.0173150929783912,-8.1069922447979827,-0.064216727198023113,-0.62478058036177486,-1.0964407220090764,6.094520092010498,2.5897490978240967,0.26998123526573181,-0.19634999334812164,0.08203125,0,-0.5192578062415123,35,34,0,0,1,0,1,1,2.4494250000000002
1873,19.333654094,MINUS_10_OUTBOUND,J2A,0,1,-8.6638679038765449,-2.0024451913580243,-8.1139324939719195,-0.064216727198023113,-0.65086482475123519,-1.0567273490984777,6.0952868461608887,2.5897490978240967,-0.14726249873638153,-0.12271875143051147,0.06640625,0,-0.42035155743360519,35,34,0,0,1,0,1,1,2.3777360000000001
1874,19.343739866,MINUS_10_OUTBOUND,J2A,0,1,-8.6838177734374984,-1.9875195312500025,-8.1278173083951497,-0.065951789491507359,-0.90489783970430226,-1.0887219580789154,6.0968208312988281,2.589557409286499,0.073631249368190765,0,0.0703125,0,-0.44507811963558197,35,34,0,0,1,0,1,1,2.436248
1875,19.353801869000002,MINUS_10_OUTBOUND,J2A,0,1,-8.7036181127901262,-1.9725393580246888,-8.1434371851118641,-0.065951789491507359,-1.1315104911435629,-1.1350860180812428,6.0985465049743652,2.589557409286499,0,-0.24543750286102295,0.0859375,0,-0.54398436844348907,35,34,0,0,1,0,1,1,2.4464769999999998
1876,19.363781209999999,MINUS_10_OUTBOUND,J2A,0,1,-8.7232683830686764,-1.9575059263117258,-8.1590570618285785,-0.064216727198023113,-1.2833092610404633,-1.1780995425008749,6.1002721786499023,2.5897490978240967,-0.24543750286102295,0.098174996674060822,0.0703125,0,-0.44507811963558197,35,34,0,0,1,0,1,1,2.4255360000000001
1877,19.373746225000001,MINUS_10_OUTBOUND,J2A,0,1,-8.7427680579999993,-1.9424205000000003,-8.1798864415011039,-0.065951789491507359,-1.5657387679518602,-1.2693146591866615,6.1025733947753906,2.589557409286499,0.17180624604225159,-0.44178751111030579,0.0703125,0,-0.44507811963558197,35,34,0,0,1,0,1,1,2.3810280000000001
1878,19.383800602000001,MINUS_10_OUTBOUND,J2A,0,1,-8.762116623996139,-1.9272843522376557,-8.1920361936308499,-0.065951789491507359,-1.4406716947393781,-1.2632236205739007,6.1039156913757324,2.589557409286499,-0.24543750286102295,0.098174996674060822,0.0703125,0,-0.44507811963558197,35,34,0,0,1,0,1,1,2.4432770000000001
1879,19.393782385000002,MINUS_10_OUTBOUND,J2A,0,1,-8.7813135802469198,-1.9120987654320962,-8.2024508834671135,-0.067686851784991606,-1.3016159931474156,-1.241238227535602,6.1050662994384766,2.5893657207489014,-0.073631249368190765,-0.24543750286102295,0.0859375,0,-0.54398436844348907,35,34,0,0,1,0,1,1,2.5012850000000002
1880,19.403653782999999,MINUS_10_OUTBOUND,J2A,0,1,-8.8003584388125056,-1.8968650312500035,-8.2093911326410502,-0.067686851784991606,-1.0921236681337967,-1.1874210540928922,6.1058330535888672,2.5893657207489014,0.049087498337030411,-0.24543750286102295,0.08984375,0,-0.56871093064546585,35,34,0,0,1,0,1,1,2.3783150000000002
1881,19.413736891999999,MINUS_10_OUTBOUND,J2A,0,1,-8.8192507247160545,-1.8815844506172841,-8.2198058224773138,-0.065951789491507359,-1.0713900578105076,-1.1719674268331857,6.1069836616516113,2.589557409286499,-0.17180624604225159,0.24543750286102295,0.08203125,0,-0.5192578062415123,35,34,0,0,1,0,1,1,2.4341430000000002
1882,19.423807113999999,MINUS_10_OUTBOUND,J2A,0,1,-8.8379899760362548,-1.8662583337191365,-8.2232759470642822,-0.067686851784991606,-0.81701096861846856,-1.0892299501617639,6.1073670387268066,2.5893657207489014,0,-0.14726249873638153,0.09375,0,-0.59343749284744263,35,34,0,0,1,0,1,1,2.3985720000000001
1883,19.433788270000001,MINUS_10_OUTBOUND,J2A,0,1,-8.8565757439999988,-1.8508879999999994,-8.2302205123135757,-0.069424072116154298,-0.77457579990955239,-1.0498837180906011,6.1081342697143555,2.5891737937927246,0.098174996674060822,-0.39269998669624329,0.08984375,0,-0.56871093064546585,35,34,0,0,1,0,1,1,2.4281779999999999
1884,19.443735743000001,MINUS_10_OUTBOUND,J2A,0,1,-8.8750075930748551,-1.8354747781635794,-8.233690636900544,-0.067686851784991606,-0.62556996252955599,-0.97977982987821155,6.1085176467895508,2.5893657207489014,-0.14726249873638153,-0.049087498337030411,0.09375,0,-0.59343749284744263,35,34,0,0,1,0,1,1,2.3754369999999998
1885,19.453780284,MINUS_10_OUTBOUND,J2A,0,1,-8.8932851010617231,-1.8200200061728378,-8.2371607614875124,-0.067686851784991606,-0.52753626516998786,-0.91634921532632652,6.1089010238647461,2.5893657207489014,-0.24543750286102295,0.049087498337030411,0.09375,0,-0.59343749284744263,35,34,0,0,1,0,1,1,2.4214479999999998
1886,19.463728643,MINUS_10_OUTBOUND,J2A,0,1,-8.9114078591875057,-1.8045250312499985,-8.2388958237809966,-0.067686851784991606,-0.40394098173871423,-0.84215498218747165,6.1090927124023438,2.5893657207489014,-0.049087498337030411,-0.049087498337030411,0.10546875,0,-0.66761717945337296,35,34,0,0,1,0,1,1,2.447441
1887,19.473693914999998,MINUS_10_OUTBOUND,J2A,0,1,-8.929375472197524,-1.7889912098765461,-8.2423659483679668,-0.069424072116154298,-0.38443925526291367,-0.79276166029236717,6.1094760894775391,2.5891737937927246,-0.049087498337030411,-0.26998123526573181,0.1171875,0,-0.74179686605930328,35,34,0,0,1,0,1,1,2.4136419999999998
1888,19.483634682999998,MINUS_10_OUTBOUND,J2A,0,1,-8.9471875584482934,-1.7734199077932131,-8.2441053267368076,-0.071159134409638544,-0.31112650143572618,-0.73098291869593968,6.1096682548522949,2.588982105255127,-0.024543749168515205,-0.7117687463760376,0.1015625,0,-0.64289061725139618,35,34,0,0,1,0,1,1,2.3467889999999998
1889,19.493720779,MINUS_10_OUTBOUND,J2A,0,1,-8.96484375,-1.7578125,-8.2493105136172584,-0.069424072116154298,-0.3828586455268308,-0.70949217528166253,6.1102433204650879,2.5891737937927246,0.14726249873638153,-0.31906875967979431,0.109375,0,-0.69234374165534973,35,34,0,0,1,0,1,1,2.3623569999999998
1890,19.503773943999999,MINUS_10_OUTBOUND,J2A,0,1,-8.982343692709108,-1.7421703707561687,-8.2527806382042268,-0.069424072116154298,-0.36967018280229458,-0.67306069009916902,6.1106266975402832,2.5891737937927246,-0.31906875967979431,-0.24543750286102295,0.09375,0,-0.59343749284744263,35,34,0,0,1,0,1,1,2.4125230000000002
1891,19.513693673999999,MINUS_10_OUTBOUND,J2A,0,1,-8.9996870463209859,-1.7264949135802463,-8.2579901411600378,-0.069424072116154298,-0.42409364933581528,-0.65827120123620186,6.1112022399902344,2.5891737937927246,0,-0.29452499747276306,0.10546875,0,-0.66761717945337296,35,34,0,0,1,0,1,1,2.3216320000000001
1892,19.523781291999999,MINUS_10_OUTBOUND,J2A,0,1,-9.0168734845624989,-1.7107875312500052,-8.2579901411600378,-0.069424072116154298,-0.27566087206827994,-0.59244408111258173,6.1112022399902344,2.5891737937927246,0.024543749168515205,-0.24543750286102295,0.1171875,0,-0.74179686605930328,35,34,0,0,1,0,1,1,2.4235769999999999
1893,19.533772727999999,MINUS_10_OUTBOUND,J2A,0,1,-9.0339026952345627,-1.6950496358024689,-8.2614602657470062,-0.067686851784991606,-0.30073803005617028,-0.56793066249040591,6.1115856170654297,2.5893657207489014,-0.19634999334812164,0.19634999334812164,0.1015625,0,-0.64289061725139618,35,34,0,0,1,0,1,1,2.4081389999999998
1894,19.543755852,MINUS_10_OUTBOUND,J2A,0,1,-9.050774380304782,-1.6792826485339507,-8.2684005149209412,-0.069424072116154298,-0.43879906635388888,-0.58065740961775913,6.1123523712158203,2.5891737937927246,0.22089375555515289,-0.14726249873638153,0.109375,0,-0.69234374165534973,35,34,0,0,1,0,1,1,2.3905020000000001
1895,19.553773412000002,MINUS_10_OUTBOUND,J2A,0,1,-9.0674882559999972,-1.6634880000000005,-8.2666654526274588,-0.069424072116154298,-0.22459866286050517,-0.5052714600075483,6.1121606826782227,2.5891737937927246,-0.68722498416900635,-0.12271875143051147,0.109375,0,-0.69234374165534973,35,34,0,0,1,0,1,1,2.4096229999999998
1896,19.563733196000001,MINUS_10_OUTBOUND,J2A,0,1,-9.0840440528989213,-1.6476671300154333,-8.2701355772144272,-0.067686851784991606,-0.26793390450492194,-0.48958567790553453,6.112544059753418,2.5893657207489014,-0.41724374890327454,0.17180624604225159,0.109375,0,-0.69234374165534973,35,34,0,0,1,0,1,1,2.4521700000000002
1897,19.573773928000001,MINUS_10_OUTBOUND,J2A,0,1,-9.1004415160246843,-1.631821487654316,-8.2770801424637188,-0.069424072116154298,-0.41623080677812241,-0.50979104407210196,6.1133112907409668,2.5891737937927246,-0.098174996674060822,-0.22089375555515289,0.1171875,0,-0.74179686605930328,35,34,0,0,1,0,1,1,2.4946440000000001
1898,19.583646764000001,MINUS_10_OUTBOUND,J2A,0,1,-9.1166804049374974,-1.6159525312500023,-8.2840203916376574,-0.069424072116154298,-0.51658745588733146,-0.52910834865962086,6.1140780448913574,2.5891737937927246,0.17180624604225159,-0.24543750286102295,0.1171875,0,-0.74179686605930328,35,34,0,0,1,0,1,1,2.3662730000000001
1899,19.593717693999999,MINUS_10_OUTBOUND,J2A,0,1,-9.1327604938271598,-1.6000617283950604,-8.2874948322999824,-0.069424072116154298,-0.45653079719962875,-0.51069721404304824,6.1144618988037109,2.5891737937927246,0.19634999334812164,-0.073631249368190765,0.12109375,0,-0.76652342826128006,35,34,0,0,1,0,1,1,2.4363790000000001
1900,19.603769256,MINUS_10_OUTBOUND,J2A,0,1,-9.1486815716057084,-1.5841505559413585,-8.292700019180435,-0.069424072116154298,-0.47799201323965251,-0.5114123483701416,6.1150369644165039,2.5891737937927246,0,-0.098174996674060822,0.109375,0,-0.69234374165534973,35,34,0,0,1,0,1,1,2.4058670000000002
1901,19.613766108,MINUS_10_OUTBOUND,J2A,0,1,-9.1644434419999996,-1.5682205000000002,-8.2996402683543735,-0.069424072116154298,-0.55368002143861195,-0.52969546005679535,6.1158037185668945,2.5891737937927246,-0.024543749168515205,0,0.109375,0,-0.69234374165534973,35,34,0,0,1,0,1,1,2.4174549999999999
1902,19.623768720000001,MINUS_10_OUTBOUND,J2A,0,1,-9.1800459236442933,-1.5522730559413609,-8.3100549581906353,-0.069424072116154298,-0.72431097197238681,-0.58084561634748411,6.1169543266296387,2.5891737937927246,0.12271875143051147,0.024543749168515205,0.109375,0,-0.69234374165534973,35,34,0,0,1,0,1,1,2.4012760000000002
1903,19.633774859999999,MINUS_10_OUTBOUND,J2A,0,1,-9.1954888501728416,-1.5363097283950644,-8.3239397726138655,-0.071159134409638544,-0.95647243502901191,-0.66152399849758159,6.1184883117675781,2.588982105255127,0.073631249368190765,-0.24543750286102295,0.1015625,0,-0.64289061725139618,35,34,0,0,1,0,1,1,2.414339
1904,19.643775124000001,MINUS_10_OUTBOUND,J2A,0,1,-9.2107720703124976,-1.5203320312499979,-8.3447691522863909,-0.071159134409638544,-1.3507161254683671,-0.80365989656196901,6.1207895278930664,2.588982105255127,0.049087498337030411,-0.024543749168515205,0.1015625,0,-0.64289061725139618,35,34,0,0,1,0,1,1,2.4153790000000002
1905,19.653696532000001,MINUS_10_OUTBOUND,J2A,0,1,-9.2258954479753044,-1.5043414876543229,-8.3846885332625991,-0.071159134409638544,-2.2862115028522667,-1.1256499129908659,6.1251997947692871,2.588982105255127,0.6626812219619751,0.098174996674060822,0.0703125,0,-0.44507811963558197,35,34,0,0,1,0,1,1,2.35284
1906,19.663771746999998,MINUS_10_OUTBOUND,J2A,0,1,-9.2408588623510823,-1.4883396300154375,-8.4298131011192599,-0.074629258996607037,-3.0536068785824733,-1.4609618936142079,6.1301851272583008,2.5885987281799316,0.12271875143051147,-0.29452499747276306,0.05859375,0,-0.37089843302965164,35,34,0,0,1,0,1,1,2.414336
1907,19.673768186,MINUS_10_OUTBOUND,J2A,0,1,-9.2556622079999951,-1.4723280000000027,-8.4645229791396588,-0.072894196703122791,-3.2001229624631335,-1.6620881303626518,6.1340198516845703,2.5887904167175293,-0.14726249873638153,-0.073631249368190765,0.08203125,0,-0.5192578062415123,35,34,0,0,1,0,1,1,2.485268
1908,19.683710990000002,MINUS_10_OUTBOUND,J2A,0,1,-9.270305394945213,-1.4563081485339544,-8.4888224833991526,-0.076366479327769743,-2.935454977831943,-1.7402721893923598,6.1367044448852539,2.5884068012237549,-0.049087498337030411,-0.36815625429153442,0.07421875,0,-0.46980468183755875,35,34,0,0,1,0,1,1,2.4349180000000001
1909,19.693679082999999,MINUS_10_OUTBOUND,J2A,0,1,-9.284788348765435,-1.4402816358024673,-8.5079124847028353,-0.074629258996607037,-2.5783344714894474,-1.7577560378527479,6.1388134956359863,2.5885987281799316,0.44178751111030579,0.17180624604225159,0.1015625,0,-0.64289061725139618,35,34,0,0,1,0,1,1,2.3403079999999998
1910,19.703740830000001,MINUS_10_OUTBOUND,J2A,0,1,-9.2991110106875006,-1.4242500312499975,-8.5252717397883924,-0.074629258996607037,-2.2797627704932859,-1.7545076809318005,6.1407313346862793,2.5885987281799316,0.049087498337030411,0.24543750286102295,0.0859375,0,-0.54398436844348907,35,34,0,0,1,0,1,1,2.381418
1911,19.713744858999998,MINUS_10_OUTBOUND,J2A,0,1,-9.3132733376790071,-1.4082149135802466,-8.5443617410920769,-0.076366479327769743,-2.149726757212437,-1.769880043236278,6.1428403854370117,2.5884068012237549,-0.049087498337030411,-0.049087498337030411,0.08203125,0,-0.5192578062415123,35,34,0,0,1,0,1,1,2.3857119999999998
1912,19.723680638000001,MINUS_10_OUTBOUND,J2A,0,1,-9.3272753025408974,-1.3921778707561692,-8.5808109974813149,-0.076366479327769743,-2.6812921479797307,-1.9597405405674064,6.1468672752380371,2.5884068012237549,0.19634999334812164,0.14726249873638153,0.0546875,0,-0.34617187082767487,35,34,0,0,1,0,1,1,2.3071830000000002
1913,19.733769274,MINUS_10_OUTBOUND,J2A,0,1,-9.341116894000006,-1.3761404999999982,-8.6328758145119142,-0.079836603914738222,-3.549098538158999,-2.2798403842170014,6.1526193618774414,2.5880234241485596,0.73631250858306885,-0.24543750286102295,0.03515625,0,-0.22253905981779099,35,34,0,0,1,0,1,1,2.4125049999999999
1914,19.743749959999999,MINUS_10_OUTBOUND,J2A,0,1,-9.354798116801696,-1.3601044077932092,-8.6762696361504457,-0.079836603914738222,-3.8286368625927718,-2.4866342923065647,6.1574134826660156,2.5880234241485596,0,0.024543749168515205,0.0546875,0,-0.34617187082767487,35,34,0,0,1,0,1,1,2.384493
1915,19.753730552,MINUS_10_OUTBOUND,J2A,0,1,-9.3683189918024787,-1.3440712098765437,-8.7005648243345828,-0.081571666208222468,-3.3405990798492411,-2.481395182837034,6.160097599029541,2.5878317356109619,-0.024543749168515205,-0.24543750286102295,0.07421875,0,-0.46980468183755875,35,34,0,0,1,0,1,1,2.3700489999999999
1916,19.763740357,MINUS_10_OUTBOUND,J2A,0,1,-9.3816795560624975,-1.328042531249999,-8.7213942040071082,-0.081571666208222468,-2.8997035783904028,-2.4413454292643011,6.1623988151550293,2.5878317356109619,0.073631249368190765,0,0.0703125,0,-0.44507811963558197,35,34,0,0,1,0,1,1,2.3839450000000002
1917,19.773737370999999,MINUS_10_OUTBOUND,J2A,0,1,-9.3948798629382697,-1.3120200061728373,-8.7370140807238226,-0.081571666208222468,-2.4316663031293699,-2.3534563083880449,6.1641244888305664,2.5878317356109619,-0.098174996674060822,0.19634999334812164,0.07421875,0,-0.46980468183755875,35,34,0,0,1,0,1,1,2.380509
1918,19.783739060999999,MINUS_10_OUTBOUND,J2A,0,1,-9.4079199821751551,-1.2960052781635767,-8.7613135849833164,-0.085043948832869407,-2.4309220388352695,-2.3610646609210058,6.16680908203125,2.5874481201171875,0.46633124351501465,-0.36815625429153442,0.06640625,0,-0.42035155743360519,35,34,0,0,1,0,1,1,2.376728
1919,19.793683447999999,MINUS_10_OUTBOUND,J2A,0,1,-9.4207999999999981,-1.2800000000000011,-8.7977585252971995,-0.085043948832869407,-2.8628057514769356,-2.4914457451814798,6.1708354949951172,2.5874481201171875,0.58904999494552612,-0.073631249368190765,0.0390625,0,-0.24726562201976776,35,34,0,0,1,0,1,1,2.3330850000000001
1920,19.803761012999999,MINUS_10_OUTBOUND,J2A,0,1,-9.4335200192137396,-1.2640058337191342,-8.8498276584031537,-0.086779011126353667,-3.6692165979538189,-2.7589848448044205,6.1765880584716797,2.5872564315795898,0.34361249208450317,-0.12271875143051147,0.01953125,0,-0.12363281100988388,35,34,0,0,1,0,1,1,2.4044080000000001
1921,19.813735956999999,MINUS_10_OUTBOUND,J2A,0,1,-9.4460801592839605,-1.2480244506172837,-8.9018967915091096,-0.090251293751000605,-4.2119881720222319,-3.0050856127103351,6.1823406219482422,2.5868728160858154,0.24543750286102295,-0.46633124351501465,0.0234375,0,-0.14835937321186066,35,34,0,0,1,0,1,1,2.3717929999999998
1922,19.823740701999998,MINUS_10_OUTBOUND,J2A,0,1,-9.4584805564374985,-1.2320575312499986,-8.9331365449425402,-0.090251293751000605,-3.830665113839979,-3.0168264234465956,6.1857919692993164,2.5868728160858154,0.22089375555515289,-0.22089375555515289,0.04296875,0,-0.27199218422174454,35,34,0,0,1,0,1,1,2.380414
1923,19.833784568999999,MINUS_10_OUTBOUND,J2A,0,1,-9.4707213637530927,-1.2161067654320974,-8.9626412360824848,-0.090251293751000605,-3.5180863108001064,-3.0089020630459702,6.189051628112793,2.5868728160858154,0.29452499747276306,-0.024543749168515205,0.04296875,0,-0.27199218422174454,35,34,0,0,1,0,1,1,2.4247719999999999
1924,19.843740140000001,MINUS_10_OUTBOUND,J2A,0,1,-9.4828027512538693,-1.2001738522376471,-8.9904108649289469,-0.091986356044484838,-3.2630306016202697,-2.9869474280557164,6.1921195983886719,2.5866811275482178,0.24543750286102295,-0.24543750286102295,0.0390625,0,-0.24726562201976776,35,34,0,0,1,0,1,1,2.3809719999999999
1925,19.853735831000002,MINUS_10_OUTBOUND,J2A,0,1,-9.4947249059999983,-1.1842604999999977,-9.0303302459051551,-0.091986356044484838,-3.5187505288972654,-3.0876185817770279,6.1965298652648926,2.5866811275482178,0.26998123526573181,0.024543749168515205,0.0234375,0,-0.14835937321186066,35,34,0,0,1,0,1,1,2.374358
1926,19.863677628000001,MINUS_10_OUTBOUND,J2A,0,1,-9.5064880321813341,-1.1683684263117211,-9.0789292544241409,-0.09372141833796907,-3.998111229328658,-3.2676919766123067,6.2018990516662598,2.5864894390106201,0.34361249208450317,-0.024543749168515205,0.01953125,0,-0.12363281100988388,35,34,0,0,1,0,1,1,2.3310740000000001
1927,19.873740125000001,MINUS_10_OUTBOUND,J2A,0,1,-9.5180923512098801,-1.1524993580246907,-9.1136391324445416,-0.09372141833796907,-3.8060727640615744,-3.2858657689504893,6.2057337760925293,2.5864894390106201,-0.073631249368190765,0.19634999334812164,0.03515625,0,-0.22253905981779099,35,34,0,0,1,0,1,1,2.3813149999999998
1928,19.883748431000001,MINUS_10_OUTBOUND,J2A,0,1,-9.5295381018125003,-1.1366550312499986,-9.1362035744105494,-0.097193700962616036,-3.2630473389551833,-3.1827363470026291,6.2082266807556152,2.5861058235168457,0.24543750286102295,-0.36815625429153442,0.0390625,0,-0.24726562201976776,35,34,0,0,1,0,1,1,2.385535
1929,19.893735328999998,MINUS_10_OUTBOUND,J2A,0,1,-9.5408255401234499,-1.1208371913580291,-9.1535585134207498,-0.097193700962616036,-2.7292005252008762,-3.0382397851252252,6.21014404296875,2.5861058235168457,0.19634999334812164,-0.31906875967979431,0.0390625,0,-0.24726562201976776,35,34,0,0,1,0,1,1,2.3742700000000001
1930,19.903740842000001,MINUS_10_OUTBOUND,J2A,0,1,-9.5519549397770085,-1.1050475929783883,-9.16744332784398,-0.1006638255495845,-2.2596810793766253,-2.8731874460401472,6.2116780281066895,2.5857224464416504,-0.17180624604225159,0.14726249873638153,0.04296875,0,-0.27199218422174454,35,34,0,0,1,0,1,1,2.3814320000000002
1931,19.913738647999999,MINUS_10_OUTBOUND,J2A,0,1,-9.5629265919999984,-1.0892880000000045,-9.1847982668541803,-0.097193700962616036,-2.0763488647741624,-2.7594561766302341,6.2135953903198242,2.5861058235168457,0.049087498337030411,-0.073631249368190765,0.0390625,0,-0.24726562201976776,35,34,0,0,1,0,1,1,2.3706689999999999
1932,19.923733143,MINUS_10_OUTBOUND,J2A,0,1,-9.5737408057044817,-1.073560185570986,-9.2021532058643789,-0.097193700962616036,-1.9573841979285276,-2.6571555406315883,6.215512752532959,2.5861058235168457,0.29452499747276306,0,0.0390625,0,-0.24726562201976776,35,34,0,0,1,0,1,1,2.37121
1933,19.933677586999998,MINUS_10_OUTBOUND,J2A,0,1,-9.5843979075802501,-1.0578659320987664,-9.2281877724173569,-0.098928763256100269,-2.1886001566657742,-2.6532401088576387,6.2183890342712402,2.585914134979248,0.17180624604225159,-0.024543749168515205,0.01171875,0,-0.074179686605930328,35,34,0,0,1,0,1,1,2.3096130000000001
1934,19.943732756999999,MINUS_10_OUTBOUND,J2A,0,1,-9.5948982421875062,-1.0422070312500005,-9.2629019665131125,-0.098928763256100269,-2.6309205361777837,-2.7331533649275976,6.222224235534668,2.585914134979248,0.22089375555515289,0.24543750286102295,0.01171875,0,-0.074179686605930328,35,34,0,0,1,0,1,1,2.3769309999999999
1935,19.953736096,MINUS_10_OUTBOUND,J2A,0,1,-9.6052421720493797,-1.0265852839506155,-9.3045564097828031,-0.10239888784306875,-3.1675172307898332,-2.8762434233703447,6.2268261909484863,2.5855307579040527,0.36815625429153442,-0.36815625429153442,0.00390625,0,-0.024726562201976776,35,34,0,0,1,0,1,1,2.3736090000000001
1936,19.963742926999998,MINUS_10_OUTBOUND,J2A,0,1,-9.6154300777446,-1.0110025003857981,-9.3375312255097196,-0.10239888784306875,-3.212216910247502,-2.9181421411001986,6.2304692268371582,2.5855307579040527,0.22089375555515289,-0.14726249873638153,0.01953125,0,-0.12363281100988388,35,34,0,0,1,0,1,1,2.3831150000000001
1937,19.973720432,MINUS_10_OUTBOUND,J2A,0,1,-9.6254623579999965,-0.9954605000000043,-9.3600956674757292,-0.10239888784306875,-2.8794770207685363,-2.8524810781637959,6.2329621315002441,2.5855307579040527,0,0.049087498337030411,0.02734375,0,-0.17308593541383743,35,34,0,0,1,0,1,1,2.3558349999999999
1938,19.983719572999998,MINUS_10_OUTBOUND,J2A,0,1,-9.6353394297831763,-0.97996111149691134,-9.3774506064859278,-0.10239888784306875,-2.4791351109631981,-2.7407972696227447,6.2348794937133789,2.5855307579040527,0.29452499747276306,0.073631249368190765,0.02734375,0,-0.17308593541383743,35,34,0,0,1,0,1,1,2.3616630000000001
1939,19.99371755,MINUS_10_OUTBOUND,J2A,0,1,-9.6450617283950546,-0.96450617283950701,-9.3965406077896105,-0.10413610817423147,-2.2797230618588964,-2.6576561825841325,6.2369885444641113,2.585338830947876,0,-0.073631249368190765,0.01953125,0,-0.12363281100988388,35,34,0,0,1,0,1,1,2.3585569999999998
1940,20.003625571000001,MINUS_10_OUTBOUND,J2A,0,1,-9.6546297075625009,-0.94909753125000651,-9.4260452989295569,-0.10413610817423147,-2.5240706978904806,-2.6896764808063471,6.2402482032775879,2.585338830947876,0.17180624604225159,0.14726249873638153,0.0078125,0,-0.049453124403953552,35,34,0,0,1,0,1,1,2.2676129999999999
1941,20.013723330000001,MINUS_10_OUTBOUND,J2A,0,1,-9.6640438395308692,-0.93373704320987305,-9.4607594930253125,-0.1058711704677157,-2.8438800507699384,-2.7644900033374631,6.2440834045410156,2.5851471424102783,0.17180624604225159,-0.51541876792907715,0.00390625,0,-0.024726562201976776,35,34,0,0,1,0,1,1,2.3599079999999999
1942,20.023728738999999,MINUS_10_OUTBOUND,J2A,0,1,-9.673304615156626,-0.91842657445987785,-9.4972087494145523,-0.1058711704677157,-3.1235563405671565,-2.8523365194513444,6.248110294342041,2.5851471424102783,0.12271875143051147,0.22089375555515289,-0.00390625,0,0.024726562201976776,35,34,0,0,1,0,1,1,2.365688
1943,20.033717402000001,MINUS_10_OUTBOUND,J2A,0,1,-9.6824125439999964,-0.90316799999999486,-9.5267134405544986,-0.10934129505468419,-3.0641478714233115,-2.862484653236113,6.2513699531555176,2.584763765335083,0,-0.36815625429153442,0.00390625,0,-0.024726562201976776,35,34,0,0,1,0,1,1,2.353129
1944,20.043726207999999,MINUS_10_OUTBOUND,J2A,0,1,-9.6913681544174413,-0.88796320408950358,-9.5492735664451516,-0.10934129505468419,-2.7806058087231,-2.8016389571404869,6.2538623809814453,2.584763765335083,0.073631249368190765,-0.098174996674060822,0.00390625,0,-0.024726562201976776,35,34,0,0,1,0,1,1,2.363677
1945,20.053737105,MINUS_10_OUTBOUND,J2A,0,1,-9.7001719936543154,-0.87281408024691021,-9.5614233185748976,-0.11107851538584688,-2.232172219141241,-2.6428403309896455,6.2552046775817871,2.5845718383789062,0,-0.31906875967979431,0.01953125,0,-0.12363281100988388,35,34,0,0,1,0,1,1,2.381138
1946,20.063718547000001,MINUS_10_OUTBOUND,J2A,0,1,-9.7088246279374992,-0.85772253124999875,-9.566632821530705,-0.11107851538584688,-1.6335835478603884,-2.4307481851531332,6.2557802200317383,2.5845718383789062,0,-0.4908750057220459,0.0234375,0,-0.14835937321186066,35,34,0,0,1,0,1,1,2.3611879999999998
1947,20.073656236000001,MINUS_10_OUTBOUND,J2A,0,1,-9.7173266425679028,-0.84269046913579615,-9.568367883824191,-0.10934129505468419,-1.1229372561286215,-2.2051327809290679,6.2559719085693359,2.584763765335083,-0.51541876792907715,0,0.02734375,0,-0.17308593541383743,35,34,0,0,1,0,1,1,2.2999719999999999
1948,20.083732012999999,MINUS_10_OUTBOUND,J2A,0,1,-9.7256786420131114,-0.82771981520061222,-9.5735730707046436,-0.10934129505468419,-0.9107206227065574,-2.036279904614148,6.2565469741821289,2.584763765335083,-0.049087498337030411,0,0.0234375,0,-0.14835937321186066,35,34,0,0,1,0,1,1,2.3697400000000002
1949,20.093727904000001,MINUS_10_OUTBOUND,J2A,0,1,-9.7338812499999996,-0.81281249999999683,-9.5735730707046436,-0.11107851538584688,-0.59196840475926238,-1.8326519141527333,6.2565469741821289,2.5845718383789062,-0.073631249368190765,-0.29452499747276306,0.02734375,0,-0.17308593541383743,35,34,0,0,1,0,1,1,2.361189
1950,20.103616211999999,MINUS_10_OUTBOUND,J2A,0,1,-9.7419351096072546,-0.79797046334876498,-9.5770431952916137,-0.10934129505468419,-0.50760569437999559,-1.6844799316764529,6.2569303512573242,2.584763765335083,0.024543749168515205,0.049087498337030411,0.0390625,0,-0.24726562201976776,35,34,0,0,1,0,1,1,2.2543440000000001
1951,20.113719312000001,MINUS_10_OUTBOUND,J2A,0,1,-9.7498408833580275,-0.78319565432098348,-9.5787782575850962,-0.11107851538584688,-0.39005117358014568,-1.533205502003993,6.2571220397949219,2.5845718383789062,-0.17180624604225159,-0.34361249208450317,0.03515625,0,-0.22253905981779099,35,34,0,0,1,0,1,1,2.3585590000000001
1952,20.123727026000001,MINUS_10_OUTBOUND,J2A,0,1,-9.7575992533124989,-0.76849003124999382,-9.5787782575850962,-0.11107851538584688,-0.25353326282709471,-1.3798849518035936,6.2571220397949219,2.5845718383789062,-0.34361249208450317,-0.34361249208450317,0.0390625,0,-0.24726562201976776,35,34,0,0,1,0,1,1,2.3657309999999998
1953,20.133716115999999,MINUS_10_OUTBOUND,J2A,0,1,-9.7652109211604987,-0.75385556172838863,-9.580517635953937,-0.10934129505468419,-0.22574135445142834,-1.2593092376557533,6.2573142051696777,2.584763765335083,0,0.12271875143051147,0.0234375,0,-0.14835937321186066,35,34,0,0,1,0,1,1,2.433602
1954,20.143715459999999,MINUS_10_OUTBOUND,J2A,0,1,-9.7726766083140539,-0.73929422260802014,-9.580517635953937,-0.10934129505468419,-0.14673188039342844,-1.1333783138901781,6.2573142051696777,2.584763765335083,-0.024543749168515205,0.049087498337030411,0.02734375,0,-0.17308593541383743,35,34,0,0,1,0,1,1,2.3492069999999998
1955,20.153736892000001,MINUS_10_OUTBOUND,J2A,0,1,-9.7799970560000027,-0.72480799999999834,-9.580517635953937,-0.11107851538584688,-0.09537572225572849,-1.0200404825011602,6.2573142051696777,2.5845718383789062,0,-0.24543750286102295,0.0234375,0,-0.14835937321186066,35,34,0,0,1,0,1,1,2.3742450000000002
1956,20.163736474,MINUS_10_OUTBOUND,J2A,0,1,-9.7871730253526188,-0.71039888927469264,-9.5839877605409054,-0.10934129505468419,-0.18345365701461913,-0.95273913069344296,6.257697582244873,2.584763765335083,0.24543750286102295,0.098174996674060822,0.02734375,0,-0.17308593541383743,35,34,0,0,1,0,1,1,2.3765309999999999
1957,20.173661818999999,MINUS_10_OUTBOUND,J2A,0,1,-9.7942052975061742,-0.69606889506172709,-9.5822526982474212,-0.10934129505468419,-0.058060928015966344,-0.83998408932594548,6.2575058937072754,2.584763765335083,-0.24543750286102295,0.12271875143051147,0.0390625,0,-0.24726562201976776,35,34,0,0,1,0,1,1,2.3030469999999998
1958,20.183720618999999,MINUS_10_OUTBOUND,J2A,0,1,-9.8010946736875137,-0.68182003124999713,-9.5839877605409054,-0.11107851538584688,-0.0981117949946365,-0.77323487804599611,6.257697582244873,2.5845718383789062,-0.24543750286102295,-0.24543750286102295,0.04296875,0,-0.27199218422174454,35,34,0,0,1,0,1,1,2.35867
1959,20.193720112000001,MINUS_10_OUTBOUND,J2A,0,1,-9.8078419753086266,-0.66765432098765243,-9.5857228228343914,-0.10934129505468419,-0.12450292604265525,-0.71326289289743694,6.2578892707824707,2.584763765335083,0.073631249368190765,0.12271875143051147,0.0390625,0,-0.24726562201976776,35,34,0,0,1,0,1,1,2.3584960000000001
1960,20.203727684,MINUS_10_OUTBOUND,J2A,0,1,-9.8144480440594162,-0.65357379668209714,-9.5874578851278738,-0.11107851538584688,-0.14160813437040942,-0.65927409859131703,6.2580809593200684,2.5845718383789062,-0.17180624604225159,-0.24543750286102295,0.04296875,0,-0.27199218422174454,35,34,0,0,1,0,1,1,2.3686060000000002
1961,20.213724283000001,MINUS_10_OUTBOUND,J2A,0,1,-9.8209137419999983,-0.639580499999995,-9.5874578851278738,-0.11107851538584688,-0.092045287340766127,-0.59334668873218532,6.2580809593200684,2.5845718383789062,-0.26998123526573181,-0.19634999334812164,0.0390625,0,-0.24726562201976776,35,34,0,0,1,0,1,1,2.3649969999999998
1962,20.223734285999999,MINUS_10_OUTBOUND,J2A,0,1,-9.8272399516535458,-0.62567648186727598,-9.5891929474213597,-0.11107851538584688,-0.12049593234799452,-0.55134530430939444,6.258272647857666,2.5845718383789062,0.29452499747276306,-0.24543750286102295,0.03515625,0,-0.22253905981779099,35,34,0,0,1,0,1,1,2.3725830000000001
1963,20.233690402000001,MINUS_10_OUTBOUND,J2A,0,1,-9.8334275760987655,-0.6118638024691414,-9.5909280097148422,-0.11107851538584688,-0.13931720609812773,-0.51363787389900684,6.2584643363952637,2.5845718383789062,-0.073631249368190765,-0.24543750286102295,0.02734375,0,-0.17308593541383743,35,34,0,0,1,0,1,1,2.334657
1964,20.243706176,MINUS_10_OUTBOUND,J2A,0,1,-9.8394775390625,-0.59814453125,-9.5926630720083264,-0.11107851538584688,-0.15118772404441069,-0.47959738367499982,6.2586560249328613,2.5845718383789062,-0.024543749168515205,-0.24543750286102295,0.03515625,0,-0.22253905981779099,35,34,0,0,1,0,1,1,2.3455490000000001
1965,20.253714085999999,MINUS_10_OUTBOUND,J2A,0,1,-9.8453907850123414,-0.58452074691357936,-9.5926630720083264,-0.11107851538584688,-0.09827202062886696,-0.43163764530749987,6.2586560249328613,2.5845718383789062,-0.049087498337030411,0.14726249873638153,0.03515625,0,-0.22253905981779099,35,34,0,0,1,0,1,1,2.3519960000000002
1966,20.263708356999999,MINUS_10_OUTBOUND,J2A,0,1,-9.8511682792492206,-0.57099453742284945,-9.5926630720083264,-0.11107851538584688,-0.063876813408763528,-0.38847388077674988,6.2586560249328613,2.5845718383789062,0.024543749168515205,-0.098174996674060822,0.04296875,0,-0.27199218422174454,35,34,0,0,1,0,1,1,2.347102
1967,20.273698989,MINUS_10_OUTBOUND,J2A,0,1,-9.8568110079999904,-0.55756799999999862,-9.5926630720083264,-0.11107851538584688,-0.041519928715696292,-0.34962649269907492,6.2586560249328613,2.5845718383789062,-0.24543750286102295,-0.31906875967979431,0.0390625,0,-0.24726562201976776,35,34,0,0,1,0,1,1,2.3430789999999999
1968,20.283709261999999,MINUS_10_OUTBOUND,J2A,0,1,-9.8623199785100368,-0.54424324112654077,-9.594402450377169,-0.10934129505468419,-0.087803720537393742,-0.33203977682122204,6.2588481903076172,2.584763765335083,0.024543749168515205,-0.19634999334812164,0.0390625,0,-0.24726562201976776,35,34,0,0,1,0,1,1,2.3514970000000002
1969,20.293708068000001,MINUS_10_OUTBOUND,J2A,0,1,-9.8676962191358051,-0.53102237654321394,-9.5978725749641374,-0.11107851538584688,-0.17854128227552477,-0.33354118883230521,6.2592315673828125,2.5845718383789062,-0.098174996674060822,-0.22089375555515289,0.02734375,0,-0.17308593541383743,35,34,0,0,1,0,1,1,2.3425910000000001
1970,20.303629100999999,MINUS_10_OUTBOUND,J2A,0,1,-9.8729407794374922,-0.51790753124999844,-9.5996076372576198,-0.11107851538584688,-0.17726237503449027,-0.31767579610776014,6.2594232559204102,2.5845718383789062,-0.22089375555515289,-0.22089375555515289,0.04296875,0,-0.27199218422174454,35,34,0,0,1,0,1,1,2.267471
1971,20.313712379999998,MINUS_10_OUTBOUND,J2A,0,1,-9.8780547302715949,-0.50490083950617637,-9.6082872648003992,-0.11107851538584688,-0.41649849511868609,-0.37198763116734623,6.2603821754455566,2.5845718383789062,0.19634999334812164,-0.17180624604225159,0.0390625,0,-0.24726562201976776,35,34,0,0,1,0,1,1,2.3554870000000001
1972,20.323704335999999,MINUS_10_OUTBOUND,J2A,0,1,-9.8830391638834936,-0.49200444483024219,-9.6100223270938834,-0.11107851538584688,-0.33150009036862521,-0.35215345906246287,6.2605738639831543,2.5845718383789062,0,-0.098174996674060822,0.0390625,0,-0.24726562201976776,35,34,0,0,1,0,1,1,2.3436620000000001
1973,20.333696421999999,MINUS_10_OUTBOUND,J2A,0,1,-9.8878951939999915,-0.47922050000000382,-9.6117573893873676,-0.11107851538584688,-0.27625033656642245,-0.33430247824959264,6.260765552520752,2.5845718383789062,-0.36815625429153442,0.049087498337030411,0.03515625,0,-0.22253905981779099,35,34,0,0,1,0,1,1,2.3364549999999999
1974,20.343709306000001,MINUS_10_OUTBOUND,J2A,0,1,-9.8926239559220708,-0.46655116705246991,-9.6169625762678201,-0.11281357767933115,-0.36150983891438593,-0.35285712189497953,6.2613406181335449,2.5843801498413086,-0.024543749168515205,-0.36815625429153442,0.0390625,0,-0.24726562201976776,35,34,0,0,1,0,1,1,2.3449070000000001
1975,20.353712611999999,MINUS_10_OUTBOUND,J2A,0,1,-9.8972266066172754,-0.45399861728395641,-9.6204327008547903,-0.11107851538584688,-0.35639561629686733,-0.352261187134772,6.2617239952087402,2.5845718383789062,0,0.049087498337030411,0.04296875,0,-0.27199218422174454,35,34,0,0,1,0,1,1,2.3416359999999998
1976,20.363712219,MINUS_10_OUTBOUND,J2A,0,1,-9.9017043248124903,-0.44156503125000413,-9.6239071415171136,-0.11107851538584688,-0.35326735305522272,-0.35178084055336878,6.2621078491210938,2.5845718383789062,0.34361249208450317,-0.24543750286102295,0.0390625,0,-0.24726562201976776,35,34,0,0,1,0,1,1,2.352376
1977,20.373629764,MINUS_10_OUTBOUND,J2A,0,1,-9.9060583110864098,-0.42925259876543131,-9.6256422038105978,-0.11107851538584688,-0.29085584878524673,-0.33409763344070392,6.2622995376586914,2.5845718383789062,0.14726249873638153,0,0.03515625,0,-0.22253905981779099,35,34,0,0,1,0,1,1,2.2491680000000001
1978,20.383657297999999,MINUS_10_OUTBOUND,J2A,0,1,-9.9102897879621885,-0.41706351890432225,-9.627377266104082,-0.11281357767933115,-0.24961673488565903,-0.31799085100384744,6.2624912261962891,2.5843801498413086,-0.51541876792907715,-0.34361249208450317,0.03515625,0,-0.22253905981779099,35,34,0,0,1,0,1,1,2.3800029999999999
1979,20.393571363,MINUS_10_OUTBOUND,J2A,0,1,-9.9144000000000041,-0.4049999999999917,-9.6308473906910503,-0.11281357767933115,-0.28475800320278588,-0.32119380176835055,6.2628746032714844,2.5843801498413086,-0.36815625429153442,-0.34361249208450317,0.04296875,0,-0.27199218422174454,35,34,0,0,1,0,1,1,2.2828590000000002
1980,20.403661305,MINUS_10_OUTBOUND,J2A,0,1,-9.9183902138896549,-0.39306425964506175,-9.6343175152780187,-0.11107851538584688,-0.30546441536211294,-0.32346633967160182,6.2632579803466797,2.5845718383789062,-0.024543749168515205,0.12271875143051147,0.04296875,0,-0.27199218422174454,35,34,0,0,1,0,1,1,2.2895490000000001
1981,20.413709288,MINUS_10_OUTBOUND,J2A,0,1,-9.9222617185432007,-0.38125852469136134,-9.6360568936468614,-0.11281357767933115,-0.25913939576989531,-0.30843042735716214,6.2634501457214355,2.5843801498413086,-0.44178751111030579,-0.24543750286102295,0.03515625,0,-0.22253905981779099,35,34,0,0,1,0,1,1,2.347702
1982,20.423713974999998,MINUS_10_OUTBOUND,J2A,0,1,-9.926015825187493,-0.36958503125000897,-9.6412620805273139,-0.11107851538584688,-0.35053679958095274,-0.3296148681444519,6.2640252113342285,2.5845718383789062,-0.049087498337030411,0.12271875143051147,0.03515625,0,-0.22253905981779099,35,34,0,0,1,0,1,1,2.3503579999999999
1983,20.433703462,MINUS_10_OUTBOUND,J2A,0,1,-9.9296538674567856,-0.35804602469135938,-9.6464672674077647,-0.11281357767933115,-0.41022218956193512,-0.34876002985409699,6.2646002769470215,2.5843801498413086,0.098174996674060822,-0.17180624604225159,0.03515625,0,-0.22253905981779099,35,34,0,0,1,0,1,1,2.3473649999999999
1984,20.443635735000001,MINUS_10_OUTBOUND,J2A,0,1,-9.9331772014853392,-0.346643759645063,-9.6534118326570599,-0.11281357767933115,-0.51136160298399924,-0.38380322108832765,6.2653675079345703,2.5843801498413086,0.098174996674060822,-0.17180624604225159,0.0234375,0,-0.14835937321186066,35,34,0,0,1,0,1,1,2.2769279999999998
1985,20.453709963000001,MINUS_10_OUTBOUND,J2A,0,1,-9.9365872060000004,-0.33538050000000652,-9.6620871441244827,-0.11281357767933115,-0.63378372118308923,-0.43153680733477767,6.2663259506225586,2.5843801498413086,-0.098174996674060822,-0.024543749168515205,0.02734375,0,-0.17308593541383743,35,34,0,0,1,0,1,1,2.3540329999999998
1986,20.463700662000001,MINUS_10_OUTBOUND,J2A,0,1,-9.939885282412817,-0.324258518904319,-9.6725018339607445,-0.11107851538584688,-0.7768129132734326,-0.4926269821739927,6.2674765586853027,2.5845718383789062,0,0.34361249208450317,0.0234375,0,-0.14835937321186066,35,34,0,0,1,0,1,1,2.345596
1987,20.47370484,MINUS_10_OUTBOUND,J2A,0,1,-9.9430728549135683,-0.31328009876543084,-9.6811814615035221,-0.11454863997281536,-0.80858848843736431,-0.53012431104506008,6.2684354782104492,2.5841884613037109,0.12271875143051147,-0.31906875967979431,0.03515625,0,-0.22253905981779099,35,34,0,0,1,0,1,1,2.3438829999999999
1988,20.483707487,MINUS_10_OUTBOUND,J2A,0,1,-9.9461513705625073,-0.30244753125000301,-9.6898567729709431,-0.11281357767933115,-0.82913806768987142,-0.56384203714214975,6.2693939208984375,2.5843801498413086,-0.098174996674060822,-0.26998123526573181,0.0234375,0,-0.14835937321186066,35,34,0,0,1,0,1,1,2.3314560000000002
1989,20.493716528,MINUS_10_OUTBOUND,J2A,0,1,-9.9491222993827133,-0.29176311728395038,-9.7037415873941733,-0.11454863997281536,-1.0244692815565672,-0.64618055844454936,6.270927906036377,2.5841884613037109,0.17180624604225159,-0.098174996674060822,0.01953125,0,-0.12363281100988388,35,34,0,0,1,0,1,1,2.351575
1990,20.503689751,MINUS_10_OUTBOUND,J2A,0,1,-9.9519871344529243,-0.28122916705247764,-9.7141562772304368,-0.11454863997281536,-1.0313978574169274,-0.68598902385871119,6.2720785140991211,2.5841884613037109,0,-0.024543749168515205,0.01953125,0,-0.12363281100988388,35,34,0,0,1,0,1,1,2.3301859999999999
1991,20.513610532000001,MINUS_10_OUTBOUND,J2A,0,1,-9.9547473919999963,-0.27084800000000797,-9.729776153947153,-0.11628370226629961,-1.2214697436216342,-0.77483616041587766,6.2738041877746582,2.5839967727661133,0.34361249208450317,-0.36815625429153442,0.0234375,0,-0.14835937321186066,35,34,0,0,1,0,1,1,2.2504140000000001
1992,20.523621667,MINUS_10_OUTBOUND,J2A,0,1,-9.9574046114915049,-0.26062194483024231,-9.7384557814899306,-0.11802092259746232,-1.0974044068080131,-0.78405227964684743,6.2747631072998047,2.5838048458099365,0.14726249873638153,-0.46633124351501465,0.0234375,0,-0.14835937321186066,35,34,0,0,1,0,1,1,2.2840829999999999
1993,20.533685755,MINUS_10_OUTBOUND,J2A,0,1,-9.9599603557284055,-0.25055333950616543,-9.7436609683703814,-0.11454863997281536,-0.89433427522346209,-0.75736745476737799,6.2753381729125977,2.5841884613037109,-0.024543749168515205,0.049087498337030411,0.0234375,0,-0.14835937321186066,35,34,0,0,1,0,1,1,2.3216420000000002
1994,20.543684912,MINUS_10_OUTBOUND,J2A,0,1,-9.9624162109375014,-0.24064453125000423,-9.7488704713261924,-0.11802092259746232,-0.76366525428297372,-0.73373013082998972,6.2759137153625488,2.5838048458099365,-0.34361249208450317,-0.61359375715255737,0.02734375,0,-0.17308593541383743,35,34,0,0,1,0,1,1,2.3280660000000002
1995,20.553679043999999,MINUS_10_OUTBOUND,J2A,0,1,-9.964773786864205,-0.23089787654321015,-9.7558107205001292,-0.11628370226629961,-0.73943375890017282,-0.72980035878020222,6.2766804695129395,2.5839967727661133,-0.049087498337030411,-0.36815625429153442,0.01953125,0,-0.12363281100988388,35,34,0,0,1,0,1,1,2.318308
1996,20.563688145,MINUS_10_OUTBOUND,J2A,0,1,-9.9670347168649798,-0.22131574112654206,-9.7592808450870976,-0.11454863997281536,-0.60197586872244813,-0.69149001588427794,6.2770638465881348,2.5841884613037109,0.24543750286102295,0.24543750286102295,0.0234375,0,-0.14835937321186066,35,34,0,0,1,0,1,1,2.3311280000000001
1997,20.57368765,MINUS_10_OUTBOUND,J2A,0,1,-9.9692006580000037,-0.21190049999999516,-9.7610202234559384,-0.11802092259746232,-0.45216557120122164,-0.63973565901917318,6.2772560119628906,2.5838048458099365,-0.12271875143051147,-0.41724374890327454,0.0234375,0,-0.14835937321186066,35,34,0,0,1,0,1,1,2.3284750000000001
1998,20.583555294,MINUS_10_OUTBOUND,J2A,0,1,-9.9712732911257707,-0.20265453742283651,-9.7627552857494226,-0.11454863997281536,-0.35544934316693794,-0.59334544222758268,6.2774477005004883,2.5841884613037109,-0.31906875967979431,0.34361249208450317,0.03515625,0,-0.22253905981779099,35,34,0,0,1,0,1,1,2.1946979999999998
1999,20.593701856999999,MINUS_10_OUTBOUND,J2A,0,1,-9.9732543209876567,-0.19358024691358722,-9.766225410336391,-0.11628370226629961,-0.35074207447169958,-0.56821089840859296,6.2778310775756836,2.5839967727661133,0,0,0.0234375,0,-0.14835937321186066,35,34,0,0,1,0,1,1,2.3406720000000001
2000,20.603691779999998,MINUS_10_OUTBOUND,J2A,0,1,-9.9751454763125036,-0.18468003124999893,-9.766225410336391,-0.11802092259746232,-0.22798234840660472,-0.51138980856773364,6.2778310775756836,2.5838048458099365,-0.19634999334812164,-0.39269998669624329,0.03515625,0,-0.22253905981779099,35,34,0,0,1,0,1,1,2.3365049999999998
2001,20.613697343999998,MINUS_10_OUTBOUND,J2A,0,1,-9.9769485099012289,-0.17595630246913058,-9.7679604726298752,-0.11628370226629961,-0.20888193692266024,-0.47759180212763658,6.2780227661132812,2.5839967727661133,0,0,0.03515625,0,-0.22253905981779099,35,34,0,0,1,0,1,1,2.3376199999999998
2002,20.623689097,MINUS_10_OUTBOUND,J2A,0,1,-9.9786651987214459,-0.16741148186728932,-9.7679604726298752,-0.11802092259746232,-0.13577325899972917,-0.42983262191487293,6.2780227661132812,2.5838048458099365,0,-0.29452499747276306,0.03515625,0,-0.22253905981779099,35,34,0,0,1,0,1,1,2.3325969999999998
2003,20.633692378999999,MINUS_10_OUTBOUND,J2A,0,1,-9.9802973439999931,-0.15904800000000091,-9.766225410336391,-0.11802092259746232,-0.027545362199343192,-0.36950442939467681,6.2778310775756836,2.5838048458099365,-0.17180624604225159,-0.39269998669624329,0.03515625,0,-0.22253905981779099,35,34,0,0,1,0,1,1,2.3335219999999999
2004,20.643696927000001,MINUS_10_OUTBOUND,J2A,0,1,-9.9818467713155812,-0.15086829668209845,-9.766225410336391,-0.11628370226629961,-0.017904485429573076,-0.33255398645520912,6.2778310775756836,2.5839967727661133,-0.17180624604225159,0,0.03515625,0,-0.22253905981779099,35,34,0,0,1,0,1,1,2.3335029999999999
2005,20.653611400999999,MINUS_10_OUTBOUND,J2A,0,1,-9.983315330691358,-0.14287482098765736,-9.7679604726298752,-0.11628370226629961,-0.072888951410657529,-0.3167988837758125,6.2780227661132812,2.5839967727661133,0.098174996674060822,0,0.02734375,0,-0.17308593541383743,35,34,0,0,1,0,1,1,2.2523680000000001
2006,20.663662897999998,MINUS_10_OUTBOUND,J2A,0,1,-9.9847048966875018,-0.13507003124998937,-9.766225410336391,-0.11802092259746232,0.013038237292935108,-0.26785726519541342,6.2778310775756836,2.5838048458099365,-0.36815625429153442,-0.36815625429153442,0.0234375,0,-0.14835937321186066,35,34,0,0,1,0,1,1,2.3018369999999999
2007,20.673689165999999,MINUS_10_OUTBOUND,J2A,0,1,-9.9860173684938491,-0.12745639506172543,-9.766225410336391,-0.11802092259746232,0.0084748542404078208,-0.24107153867587208,6.2778310775756836,2.5838048458099365,-0.36815625429153442,-0.29452499747276306,0.0234375,0,-0.14835937321186066,35,34,0,0,1,0,1,1,2.3280660000000002
2008,20.683685818000001,MINUS_10_OUTBOUND,J2A,0,1,-9.9872546700223808,-0.12003638927468549,-9.766225410336391,-0.11628370226629961,0.0055086552562650841,-0.21696438480828487,6.2778310775756836,2.5839967727661133,-0.36815625429153442,0.12271875143051147,0.0234375,0,-0.14835937321186066,35,34,0,0,1,0,1,1,2.326006
2009,20.693684924999999,MINUS_10_OUTBOUND,J2A,0,1,-9.9884187499999921,-0.11281250000000279,-9.7679604726298752,-0.11628370226629961,-0.057151977776891905,-0.21262011881130333,6.2780227661132812,2.5839967727661133,0,-0.024543749168515205,0.0234375,0,-0.14835937321186066,35,34,0,0,1,0,1,1,2.3217409999999998
2010,20.703694795000001,MINUS_10_OUTBOUND,J2A,0,1,-9.9895115820609703,-0.10578722260801735,-9.7679604726298752,-0.11628370226629961,-0.037148785554979739,-0.19135810693017299,6.2780227661132812,2.5839967727661133,0,0.049087498337030411,0.0234375,0,-0.14835937321186066,35,34,0,0,1,0,1,1,2.3340700000000001
2011,20.713683895999999,MINUS_10_OUTBOUND,J2A,0,1,-9.990535164839498,-0.09896306172840022,-9.7679604726298752,-0.11802092259746232,-0.024146710610736831,-0.17222229623715571,6.2780227661132812,2.5838048458099365,-0.049087498337030411,-0.24543750286102295,0.0234375,0,-0.14835937321186066,35,34,0,0,1,0,1,1,2.3190580000000001
2012,20.723620415999999,MINUS_10_OUTBOUND,J2A,0,1,-9.9914915220624856,-0.09234253125000555,-9.7696955349233612,-0.11802092259746232,-0.076810501072473114,-0.17246153494929564,6.2782144546508789,2.5838048458099365,0.12271875143051147,-0.31906875967979431,0.03515625,0,-0.22253905981779099,35,34,0,0,1,0,1,1,2.260799
2013,20.733555842000001,MINUS_10_OUTBOUND,J2A,0,1,-9.9923827026419687,-0.085928154320988881,-9.7714305972168436,-0.11802092259746232,-0.11104869432344773,-0.17267877249046329,6.2784061431884766,2.5838048458099365,0.098174996674060822,-0.36815625429153442,0.03515625,0,-0.22253905981779099,35,34,0,0,1,0,1,1,2.2691319999999999
2014,20.743553239000001,MINUS_10_OUTBOUND,J2A,0,1,-9.993210780767745,-0.079722463348759959,-9.7714305972168436,-0.11628370226629961,-0.072181651310241027,-0.15541089524141696,6.2784061431884766,2.5839967727661133,-0.19634999334812164,-0.024543749168515205,0.03515625,0,-0.22253905981779099,35,34,0,0,1,0,1,1,2.2747160000000002
2015,20.753628920000001,MINUS_10_OUTBOUND,J2A,0,1,-9.9939778560000114,-0.073728000000000307,-9.7731656595103278,-0.11802092259746232,-0.10718911634313949,-0.15709010371484181,6.2785978317260742,2.5838048458099365,0.12271875143051147,0.024543749168515205,0.03515625,0,-0.22253905981779099,35,34,0,0,1,0,1,1,2.3838620000000001
2016,20.763665786000001,MINUS_10_OUTBOUND,J2A,0,1,-9.9946860533618853,-0.067947315200610106,-9.7731656595103278,-0.11802092259746232,-0.069672925623040671,-0.14138109334335763,6.2785978317260742,2.5838048458099365,0,-0.26998123526573181,0.03515625,0,-0.22253905981779099,35,34,0,0,1,0,1,1,2.359232
2017,20.77368856,MINUS_10_OUTBOUND,J2A,0,1,-9.9953375234321129,-0.06238296913580281,-9.7714305972168436,-0.11628370226629961,0.015301792785554998,-0.10993178559744146,6.2784061431884766,2.5839967727661133,-0.36815625429153442,0.12271875143051147,0.03515625,0,-0.22253905981779099,35,34,0,0,1,0,1,1,2.3310469999999999
2018,20.783665077999999,MINUS_10_OUTBOUND,J2A,0,1,-9.9959344424375018,-0.057037531250010431,-9.7731656595103278,-0.11628370226629961,-0.050923950166508816,-0.11633006860258863,6.2785978317260742,2.5839967727661133,-0.26998123526573181,0.073631249368190765,0.03515625,0,-0.22253905981779099,35,34,0,0,1,0,1,1,2.3032550000000001
2019,20.793600173000002,MINUS_10_OUTBOUND,J2A,0,1,-9.9964790123456737,-0.051913580246919125,-9.7766401001726528,-0.11628370226629961,-0.15550042707745579,-0.13966845016210835,6.2789816856384277,2.5839967727661133,0.19634999334812164,0.14726249873638153,0.03515625,0,-0.22253905981779099,35,34,0,0,1,0,1,1,2.2433779999999999
2020,20.803675527999999,MINUS_10_OUTBOUND,J2A,0,1,-9.9969734609575589,-0.047013704089498745,-9.7766401001726528,-0.11628370226629961,-0.10107527760034626,-0.12570160514589751,6.2789816856384277,2.5839967727661133,-0.14726249873638153,0,0.03515625,0,-0.22253905981779099,35,34,0,0,1,0,1,1,2.3182010000000002
2021,20.813671666000001,MINUS_10_OUTBOUND,J2A,0,1,-9.9974200419999981,-0.042340500000002848,-9.7783751624661388,-0.11802092259746232,-0.12644957261022927,-0.13048877096559469,6.2791733741760254,2.5838048458099365,0.26998123526573181,-0.29452499747276306,0.03515625,0,-0.22253905981779099,35,34,0,0,1,0,1,1,2.3059919999999998
2022,20.823679195,MINUS_10_OUTBOUND,J2A,0,1,-9.9978210352183705,-0.037896574459873968,-9.7766401001726528,-0.11802092259746232,-0.021510729020847615,-0.10010232439023481,6.2789816856384277,2.5838048458099365,-0.024543749168515205,-0.31906875967979431,0.02734375,0,-0.17308593541383743,35,34,0,0,1,0,1,1,2.3233069999999998
2023,20.833632339000001,MINUS_10_OUTBOUND,J2A,0,1,-9.998178746469133,-0.033684543209873873,-9.7766401001726528,-0.11628370226629961,-0.013981973863550949,-0.090092091951211331,6.2789816856384277,2.5839967727661133,-0.19634999334812164,0,0.03515625,0,-0.22253905981779099,35,34,0,0,1,0,1,1,2.3135150000000002
2024,20.843625028000002,MINUS_10_OUTBOUND,J2A,0,1,-9.9984955078124926,-0.029707031249994742,-9.7731656595103278,-0.11802092259746232,0.11260611094148013,-0.04631305591243641,6.2785978317260742,2.5838048458099365,-0.58904999494552612,-0.24543750286102295,0.03515625,0,-0.22253905981779099,35,34,0,0,1,0,1,1,2.3394149999999998
2025,20.853557213999999,MINUS_10_OUTBOUND,J2A,0,1,-9.9987736776049463,-0.025966672839500639,-9.7749050378791686,-0.11802092259746232,0.011900070739746763,-0.059194293570397155,6.2787899971008301,2.5838048458099365,-0.34361249208450317,-0.31906875967979431,0.0234375,0,-0.14835937321186066,35,34,0,0,1,0,1,1,2.2751510000000001
2026,20.863551948000001,MINUS_10_OUTBOUND,J2A,0,1,-9.9990156405918196,-0.022466111496903807,-9.7749050378791686,-0.11802092259746232,0.0077350459808353958,-0.053274864213357441,6.2787899971008301,2.5838048458099365,-0.26998123526573181,-0.29452499747276306,0.0390625,0,-0.24726562201976776,35,34,0,0,1,0,1,1,2.1934800000000001
2027,20.873683397000001,MINUS_10_OUTBOUND,J2A,0,1,-9.9992238079999929,-0.019207999999994268,-9.7766401001726528,-0.11802092259746232,-0.054911504485255898,-0.065072887612821387,6.2789816856384277,2.5838048458099365,0.024543749168515205,-0.34361249208450317,0.03515625,0,-0.22253905981779099,35,34,0,0,1,0,1,1,2.399759
2028,20.883669292,MINUS_10_OUTBOUND,J2A,0,1,-9.9994006176304051,-0.016195000385798391,-9.7749050378791686,-0.11802092259746232,0.025120479032306318,-0.041190468295047064,6.2787899971008301,2.5838048458099365,0.049087498337030411,-0.098174996674060822,0.0390625,0,-0.24726562201976776,35,34,0,0,1,0,1,1,2.3036080000000001
2029,20.893677004000001,MINUS_10_OUTBOUND,J2A,0,1,-9.9995485339506196,-0.013429783950608492,-9.7766401001726528,-0.11802092259746232,-0.044352072189144956,-0.054408673911297813,6.2789816856384277,2.5838048458099365,-0.19634999334812164,-0.24543750286102295,0.03515625,0,-0.22253905981779099,35,34,0,0,1,0,1,1,2.3150050000000002
2030,20.903669369999999,MINUS_10_OUTBOUND,J2A,0,1,-9.9996700481875056,-0.010915031250006518,-9.7766401001726528,-0.11628370226629961,-0.028828846922944223,-0.048967806520168029,6.2789816856384277,2.5839967727661133,-0.31906875967979431,0.12271875143051147,0.03515625,0,-0.22253905981779099,35,34,0,0,1,0,1,1,2.3139799999999999
2031,20.913672506000001,MINUS_10_OUTBOUND,J2A,0,1,-9.9997676784197598,-0.0086534320987633837,-9.7783751624661388,-0.11975598489094655,-0.079446892698518859,-0.061416209353466977,6.2791733741760254,2.5836131572723389,0.098174996674060822,-0.6626812219619751,0.0390625,0,-0.24726562201976776,35,34,0,0,1,0,1,1,2.3129970000000002
2032,20.923691604999998,MINUS_10_OUTBOUND,J2A,0,1,-9.9998439696705255,-0.0066476855709870133,-9.7766401001726528,-0.11802092259746232,0.008970938269749304,-0.037957040268466975,6.2789816856384277,2.5838048458099365,-0.22089375555515289,-0.29452499747276306,0.0390625,0,-0.24726562201976776,35,34,0,0,1,0,1,1,2.3311160000000002
2033,20.933675279999999,MINUS_10_OUTBOUND,J2A,0,1,-9.9999014940000031,-0.0049005000000098189,-9.7766401001726528,-0.11802092259746232,0.0058311098753370478,-0.03416133624162028,6.2789816856384277,2.5838048458099365,-0.24543750286102295,-0.29452499747276306,0.03515625,0,-0.22253905981779099,35,34,0,0,1,0,1,1,2.3164549999999999
2034,20.943667594000001,MINUS_10_OUTBOUND,J2A,0,1,-9.9999428505979981,-0.0034145929783887157,-9.7766401001726528,-0.11628370226629961,0.0037902214189690811,-0.030745202617458254,6.2789816856384277,2.5839967727661133,-0.12271875143051147,-0.024543749168515205,0.03515625,0,-0.22253905981779099,35,34,0,0,1,0,1,1,2.310057
2035,20.953670181,MINUS_10_OUTBOUND,J2A,0,1,-9.9999706658765319,-0.0021926913580235428,-9.7783751624661388,-0.11802092259746232,-0.058247830291306577,-0.045016817845322854,6.2791733741760254,2.5838048458099365,0,-0.31906875967979431,0.03515625,0,-0.22253905981779099,35,34,0,0,1,0,1,1,2.3084039999999999
2036,20.963678703999999,MINUS_10_OUTBOUND,J2A,0,1,-9.9999875935625049,-0.0012375312500090274,-9.7783751624661388,-0.11628370226629961,-0.037861089689349273,-0.040515136060790567,6.2791733741760254,2.5839967727661133,0.12271875143051147,0.098174996674060822,0.0390625,0,-0.24726562201976776,35,34,0,0,1,0,1,1,2.31786
2037,20.973674165999999,MINUS_10_OUTBOUND,J2A,0,1,-9.9999963147901205,-0.0005518580246940038,-9.7783751624661388,-0.11802092259746232,-0.024609708298077029,-0.036463622454711513,6.2791733741760254,2.5838048458099365,0.098174996674060822,-0.39269998669624329,0.03515625,0,-0.22253905981779099,35,34,0,0,1,0,1,1,2.3163809999999998
2038,20.983691803999999,MINUS_10_OUTBOUND,J2A,0,1,-9.9999995381936646,-0.00013842631172285755,-9.7783751624661388,-0.11802092259746232,-0.01599631039375007,-0.032817260209240362,6.2791733741760254,2.5838048458099365,0,-0.34361249208450317,0.02734375,0,-0.17308593541383743,35,34,0,0,1,0,1,1,2.3356720000000002
2039,20.993689845999999,MINUS_10_OUTBOUND,J2A,0,1,-10,-0,-9.7783751624661388,-0.11975598489094655,-0.010397601755937546,-0.029535534188316327,6.2791733741760254,2.5836131572723389,0,-0.7117687463760376,0.02734375,0,-0.17308593541383743,35,34,0,0,1,0,1,1,2.3304510000000001
2040,21.003677588999999,MINUS_10_ENDPOINT,J2A,0,1,-10,0,-9.7766401001726528,-0.11454863997281536,0.054043263780372386,-0.0092100650775613219,6.2789816856384277,2.5841884613037109,-0.31906875967979431,0.41724374890327454,0.03515625,0,-0.22253905981779099,35,34,0,0,1,0,1,1,2.267163
2041,21.013652457999999,MINUS_10_ENDPOINT,J2A,0,1,-10,0,-9.7783751624661388,-0.11628370226629961,-0.025752056790718375,-0.025683395212079602,6.2791733741760254,2.5839967727661133,-0.049087498337030411,-0.073631249368190765,0.02734375,0,-0.17308593541383743,35,34,0,0,1,0,1,1,2.0951339999999998
2042,21.023649431999999,MINUS_10_ENDPOINT,J2A,0,1,-10,0,-9.7783751624661388,-0.11628370226629961,-0.016738836913966944,-0.023115055690871644,6.2791733741760254,2.5839967727661133,-0.024543749168515205,-0.024543749168515205,0.02734375,0,-0.17308593541383743,35,34,0,0,1,0,1,1,2.0950639999999998
2043,21.033655197000002,MINUS_10_ENDPOINT,J2A,0,1,-10,0,-9.7783751624661388,-0.11975598489094655,-0.010880243994078513,-0.020803550121784479,6.2791733741760254,2.5836131572723389,0,-0.61359375715255737,0.03515625,0,-0.22253905981779099,35,34,0,0,1,0,1,1,2.1008979999999999
2044,21.043593582,MINUS_10_ENDPOINT,J2A,0,1,-10,0,-9.7783751624661388,-0.11454863997281536,-0.0070721585961510342,-0.018723195109606031,6.2791733741760254,2.5841884613037109,-0.51541876792907715,0.39269998669624329,0.03515625,0,-0.22253905981779099,35,34,0,0,1,0,1,1,2.0373890000000001
2045,21.053514501999999,MINUS_10_ENDPOINT,J2A,0,1,-10,0,-9.7783751624661388,-0.11975598489094655,-0.0045969030874981722,-0.01685087559864543,6.2791733741760254,2.5836131572723389,-0.36815625429153442,-0.6626812219619751,0.03515625,0,-0.22253905981779099,35,34,0,0,1,0,1,1,1.9614069999999999
2046,21.063521145999999,MINUS_10_ENDPOINT,J2A,0,1,-10,0,-9.7783751624661388,-0.11802092259746232,-0.002987987006873812,-0.015165788038780888,6.2791733741760254,2.5838048458099365,-0.098174996674060822,-0.31906875967979431,0.03515625,0,-0.22253905981779099,35,34,0,0,1,0,1,1,1.9634590000000001
2047,21.073596601999999,MINUS_10_ENDPOINT,J2A,0,1,-10,0,-9.7783751624661388,-0.11628370226629961,-0.0019421915544679778,-0.013649209234902799,6.2791733741760254,2.5839967727661133,0.024543749168515205,0.098174996674060822,0.03515625,0,-0.22253905981779099,35,34,0,0,1,0,1,1,2.0964360000000002
2048,21.083648131,MINUS_10_ENDPOINT,J2A,0,1,-10,0,-9.7783751624661388,-0.11628370226629961,-0.0012624245104041856,-0.01228428831141252,6.2791733741760254,2.5839967727661133,-0.049087498337030411,0,0.03515625,0,-0.22253905981779099,35,34,0,0,1,0,1,1,2.1402070000000002
2049,21.093657713999999,MINUS_10_ENDPOINT,J2A,0,1,-10,0,-9.7766401001726528,-0.11628370226629961,0.059848465198139487,0.0062781522711293641,6.2789816856384277,2.5839967727661133,-0.29452499747276306,-0.024543749168515205,0.03515625,0,-0.22253905981779099,35,34,0,0,1,0,1,1,2.0906189999999998
2050,21.103659178000001,MINUS_10_ENDPOINT,J2A,0,1,-10,0,-9.7783751624661388,-0.11628370226629961,-0.021816788735387511,-0.011697746131463054,6.2791733741760254,2.5839967727661133,-0.049087498337030411,0.12271875143051147,0.03515625,0,-0.22253905981779099,35,34,0,0,1,0,1,1,2.0901000000000001
2051,21.113647974999999,MINUS_10_ENDPOINT,J2A,0,1,-10,0,-9.7783751624661388,-0.11628370226629961,-0.014180912678001882,-0.010527971518316749,6.2791733741760254,2.5839967727661133,0.024543749168515205,0.024543749168515205,0.03515625,0,-0.22253905981779099,35,34,0,0,1,0,1,1,2.0802909999999999
2052,21.123666805999999,MINUS_10_ENDPOINT,J2A,0,1,-10,0,-9.7783751624661388,-0.11802092259746232,-0.0092175932407012242,-0.0094751743664850743,6.2791733741760254,2.5838048458099365,0.049087498337030411,-0.31906875967979431,0.03515625,0,-0.22253905981779099,35,34,0,0,1,0,1,1,2.1054020000000002
2053,21.133661724,MINUS_10_ENDPOINT,J2A,0,1,-10,0,-9.7783751624661388,-0.11628370226629961,-0.005991435606455796,-0.0085276569298365669,6.2791733741760254,2.5839967727661133,-0.024543749168515205,0.12271875143051147,0.03515625,0,-0.22253905981779099,35,34,0,0,1,0,1,1,2.107183
2054,21.14366459,MINUS_10_ENDPOINT,J2A,0,1,-10,0,-9.7766401001726528,-0.11628370226629961,0.056815347704617276,0.0096707604342366766,6.2789816856384277,2.5839967727661133,-0.31906875967979431,0.22089375555515289,0.03515625,0,-0.22253905981779099,35,34,0,0,1,0,1,1,2.10345
2055,21.153662908000001,MINUS_10_ENDPOINT,J2A,0,1,-10,0,-9.7766401001726528,-0.11802092259746232,0.036929976008001228,0.0087036843908130084,6.2789816856384277,2.5838048458099365,-0.36815625429153442,-0.14726249873638153,0.02734375,0,-0.17308593541383743,35,34,0,0,1,0,1,1,2.0943079999999998
2056,21.163652616,MINUS_10_ENDPOINT,J2A,0,1,-10,0,-9.7783751624661388,-0.11802092259746232,-0.036785260672447445,-0.0095351826418820784,6.2791733741760254,2.5838048458099365,-0.098174996674060822,-0.39269998669624329,0.02734375,0,-0.17308593541383743,35,34,0,0,1,0,1,1,2.14473
2057,21.1736617,MINUS_10_ENDPOINT,J2A,0,1,-10,0,-9.7801102247596212,-0.11628370226629961,-0.084582485204432289,-0.025916540311219996,6.279365062713623,2.5839967727661133,0.073631249368190765,0,0.0234375,0,-0.14835937321186066,35,34,0,0,1,0,1,1,2.1020189999999999
2058,21.183664030999999,MINUS_10_ENDPOINT,J2A,0,1,-10,0,-9.7801102247596212,-0.11628370226629961,-0.054978615382880992,-0.023324886280097996,6.279365062713623,2.5839967727661133,0.049087498337030411,0.073631249368190765,0.0390625,0,-0.24726562201976776,35,34,0,0,1,0,1,1,2.1020370000000002
2059,21.193663269000002,MINUS_10_ENDPOINT,J2A,0,1,-10,0,-9.7801102247596212,-0.11628370226629961,-0.035736099998872645,-0.020992397652088199,6.279365062713623,2.5839967727661133,0.073631249368190765,-0.024543749168515205,0.03515625,0,-0.22253905981779099,35,34,0,0,1,0,1,1,2.110058
2060,21.203560451000001,MINUS_10_ENDPOINT,J2A,0,1,-10,0,-9.7801102247596212,-0.11802092259746232,-0.023228464999267218,-0.01889315788687938,6.279365062713623,2.5838048458099365,0.12271875143051147,-0.36815625429153442,0.0234375,0,-0.14835937321186066,35,34,0,0,1,0,1,1,2.0047090000000001
2061,21.213557695999999,MINUS_10_ENDPOINT,J2A,0,1,-10,0,-9.7783751624661388,-0.11802092259746232,0.045645412971019657,0.00035156225053523116,6.2791733741760254,2.5838048458099365,-0.29452499747276306,-0.34361249208450317,0.02734375,0,-0.17308593541383743,35,34,0,0,1,0,1,1,1.9912460000000001
2062,21.223562942000001,MINUS_10_ENDPOINT,J2A,0,1,-10,0,-9.7801102247596212,-0.11628370226629961,-0.031025821065608444,-0.017025119545024357,6.279365062713623,2.5839967727661133,-0.098174996674060822,0.12271875143051147,0.01953125,0,-0.12363281100988388,35,34,0,0,1,0,1,1,2.0040529999999999
2063,21.233561072000001,MINUS_10_ENDPOINT,J2A,0,1,-10,0,-9.7801102247596212,-0.11802092259746232,-0.02016678369264549,-0.015322607590521922,6.279365062713623,2.5838048458099365,0,-0.36815625429153442,0.0234375,0,-0.14835937321186066,35,34,0,0,1,0,1,1,1.99943
2064,21.243553050999999,MINUS_10_ENDPOINT,J2A,0,1,-10,0,-9.7783751624661388,-0.11975598489094655,0.047667519244038351,0.0035742042097468198,6.2791733741760254,2.5836131572723389,-0.26998123526573181,-0.61359375715255737,0.0234375,0,-0.14835937321186066,35,34,0,0,1,0,1,1,1.99759
2065,21.253522794999999,MINUS_10_ENDPOINT,J2A,0,1,-10,0,-9.7783751624661388,-0.11802092259746232,0.030983887508624929,0.0032167837887721379,6.2791733741760254,2.5838048458099365,-0.29452499747276306,-0.26998123526573181,0.03515625,0,-0.22253905981779099,35,34,0,0,1,0,1,1,1.9550780000000001
2066,21.263411029,MINUS_10_ENDPOINT,J2A,0,1,-10,0,-9.7766401001726528,-0.11802092259746232,0.081553102117598281,0.02044184119189266,6.2789816856384277,2.5838048458099365,-0.68722498416900635,-0.36815625429153442,0.0234375,0,-0.14835937321186066,35,34,0,0,1,0,1,1,1.8556429999999999
2067,21.273452944999999,MINUS_10_ENDPOINT,J2A,0,1,-10,0,-9.7801102247596212,-0.11454863997281536,-0.067937881056390648,-0.016158742193819336,6.279365062713623,2.5841884613037109,0,0.51541876792907715,0.0234375,0,-0.14835937321186066,35,34,0,0,1,0,1,1,1.9019060000000001
2068,21.283485664000001,MINUS_10_ENDPOINT,J2A,0,1,-10,0,-9.7801102247596212,-0.11975598489094655,-0.044159622686653924,-0.014542867974437403,6.279365062713623,2.5836131572723389,0,-0.68722498416900635,0.0234375,0,-0.14835937321186066,35,34,0,0,1,0,1,1,1.984453
2069,21.293523059999998,MINUS_10_ENDPOINT,J2A,0,1,-10,0,-9.7783751624661388,-0.11628370226629961,0.03179717624404145,0.0041973991059681987,6.2791733741760254,2.5839967727661133,-0.34361249208450317,0.17180624604225159,0.03515625,0,-0.22253905981779099,35,34,0,0,1,0,1,1,2.0251190000000001
2070,21.303521973999999,MINUS_10_ENDPOINT,J2A,0,1,-10,0,-9.7801102247596212,-0.11975598489094655,-0.040065611401323628,-0.013574848221757356,6.279365062713623,2.5836131572723389,0.12271875143051147,-0.36815625429153442,0.03515625,0,-0.22253905981779099,35,34,0,0,1,0,1,1,2.0158140000000002
2071,21.313525393999999,MINUS_10_ENDPOINT,J2A,0,1,-10,0,-9.7783751624661388,-0.11628370226629961,0.034663771265834781,0.005127327650902706,6.2791733741760254,2.5839967727661133,-0.24543750286102295,0.098174996674060822,0.02734375,0,-0.17308593541383743,35,34,0,0,1,0,1,1,1.97238
2072,21.323546649000001,MINUS_10_ENDPOINT,J2A,0,1,-10,0,-9.7783751624661388,-0.11802092259746232,0.02253145132279261,0.0046145948858124352,6.2791733741760254,2.5838048458099365,-0.24543750286102295,-0.24543750286102295,0.03515625,0,-0.22253905981779099,35,34,0,0,1,0,1,1,1.9898439999999999
2073,21.333525174999998,MINUS_10_ENDPOINT,J2A,0,1,-10,0,-9.7783751624661388,-0.11802092259746232,0.014645443359815196,0.004153135397231192,6.2791733741760254,2.5838048458099365,-0.24543750286102295,-0.24543750286102295,0.03515625,0,-0.22253905981779099,35,34,0,0,1,0,1,1,1.9676819999999999
2074,21.343523759,MINUS_10_ENDPOINT,J2A,0,1,-10,0,-9.7801102247596212,-0.11628370226629961,-0.051216242274507558,-0.013615258273459767,6.279365062713623,2.5839967727661133,0.12271875143051147,0.098174996674060822,0.03515625,0,-0.22253905981779099,35,34,0,0,1,0,1,1,1.9686790000000001
2075,21.353522693999999,MINUS_10_ENDPOINT,J2A,0,1,-10,0,-9.7783751624661388,-0.11628370226629961,0.027443090927017605,0.005098738526871217,6.2791733741760254,2.5839967727661133,0.098174996674060822,0.12271875143051147,0.03515625,0,-0.22253905981779099,35,34,0,0,1,0,1,1,1.959781
2076,21.363530565000001,MINUS_10_ENDPOINT,J2A,0,1,-10,0,-9.7783751624661388,-0.11628370226629961,0.017838009102561444,0.0045888646741840955,6.2791733741760254,2.5839967727661133,-0.24543750286102295,0,0.03515625,0,-0.22253905981779099,35,34,0,0,1,0,1,1,1.9744489999999999
2077,21.373528154999999,MINUS_10_ENDPOINT,J2A,0,1,-10,0,-9.7801102247596212,-0.11628370226629961,-0.049147113133625506,-0.013224827236174443,6.279365062713623,2.5839967727661133,-0.14726249873638153,0.049087498337030411,0.0390625,0,-0.24726562201976776,35,34,0,0,1,0,1,1,1.9763919999999999
2078,21.383532520999999,MINUS_10_ENDPOINT,J2A,0,1,-10,0,-9.7783751624661388,-0.11802092259746232,0.028755054818855208,0.0054407064462177988,6.2791733741760254,2.5838048458099365,-0.34361249208450317,-0.24543750286102295,0.02734375,0,-0.17308593541383743,35,34,0,0,1,0,1,1,1.971635
2079,21.393524049,MINUS_10_ENDPOINT,J2A,0,1,-10,0,-9.7783751624661388,-0.11802092259746232,0.018690785632255884,0.0048966358015960195,6.2791733741760254,2.5838048458099365,-0.19634999334812164,-0.34361249208450317,0.03515625,0,-0.22253905981779099,35,34,0,0,1,0,1,1,1.999973
2080,21.403524597000001,MINUS_10_ENDPOINT,J2A,0,1,-10,0,-9.7783751624661388,-0.11802092259746232,0.012149010660966325,0.0044069722214364173,6.2791733741760254,2.5838048458099365,-0.22089375555515289,-0.24543750286102295,0.03515625,0,-0.22253905981779099,35,34,0,0,1,0,1,1,1.9739599999999999
2081,21.413525100000001,MINUS_10_ENDPOINT,J2A,0,1,-10,0,-9.7801102247596212,-0.11802092259746232,-0.052827268918722886,-0.013383475243093225,6.279365062713623,2.5838048458099365,0.024543749168515205,-0.24543750286102295,0.0234375,0,-0.14835937321186066,35,34,0,0,1,0,1,1,1.959694
2082,21.423532175999998,MINUS_10_ENDPOINT,J2A,0,1,-10,0,-9.7818452870531072,-0.11628370226629961,-0.095021964900897815,-0.029383482034134743,6.2795567512512207,2.5839967727661133,0.31906875967979431,0,0.02734375,0,-0.17308593541383743,35,34,0,0,1,0,1,1,2.0198529999999999
2083,21.433527355999999,MINUS_10_ENDPOINT,J2A,0,1,-10,0,-9.7783751624661388,-0.11628370226629961,0.059748652590453824,0.0082728461052894199,6.2791733741760254,2.5839967727661133,-0.26998123526573181,0,0.02734375,0,-0.17308593541383743,35,34,0,0,1,0,1,1,1.971624
2084,21.443533163000001,MINUS_10_ENDPOINT,J2A,0,1,-10,0,-9.7783751624661388,-0.11975598489094655,0.038836624183794986,0.0074455614947604781,6.2791733741760254,2.5836131572723389,-0.31906875967979431,-0.46633124351501465,0.03515625,0,-0.22253905981779099,35,34,0,0,1,0,1,1,1.9759720000000001
2085,21.453526576000002,MINUS_10_ENDPOINT,J2A,0,1,-10,0,-9.7783751624661388,-0.11975598489094655,0.025243805719466741,0.0067010053452844307,6.2791733741760254,2.5836131572723389,-0.73631250858306885,-0.46633124351501465,0.03515625,0,-0.22253905981779099,35,34,0,0,1,0,1,1,1.9653499999999999
2086,21.46343744,MINUS_10_ENDPOINT,J2A,0,1,-10,0,-9.7801102247596212,-0.11802092259746232,-0.044864872654464059,-0.01147576558127757,6.279365062713623,2.5838048458099365,0.12271875143051147,-0.36815625429153442,0.03515625,0,-0.22253905981779099,35,34,0,0,1,0,1,1,1.8956249999999999
2087,21.473403157,MINUS_10_ENDPOINT,J2A,0,1,-10,0,-9.7801102247596212,-0.11628370226629961,-0.029162167225401641,-0.010328189023149813,6.279365062713623,2.5839967727661133,0.073631249368190765,0.14726249873638153,0.02734375,0,-0.17308593541383743,35,34,0,0,1,0,1,1,1.935994
2088,21.483414719999999,MINUS_10_ENDPOINT,J2A,0,1,-10,0,-9.7783751624661388,-0.11802092259746232,0.041701633837097532,0.0080352134601962,6.2791733741760254,2.5838048458099365,-0.44178751111030579,-0.24543750286102295,0.02734375,0,-0.17308593541383743,35,34,0,0,1,0,1,1,1.8803700000000001
2089,21.493567515999999,MINUS_10_ENDPOINT,J2A,0,1,-10,0,-9.7801102247596212,-0.11802092259746232,-0.032707195626630076,-0.0098578100631787,6.279365062713623,2.5838048458099365,0.12271875143051147,-0.24543750286102295,0.03515625,0,-0.22253905981779099,35,34,0,0,1,0,1,1,2.0648270000000002
2090,21.503570275000001,MINUS_10_ENDPOINT,J2A,0,1,-10,0,-9.7801102247596212,-0.11628370226629961,-0.021259677157309548,-0.0088720290568608303,6.279365062713623,2.5839967727661133,0.12271875143051147,0,0.03515625,0,-0.22253905981779099,35,34,0,0,1,0,1,1,2.0382769999999999
2091,21.513473868999998,MINUS_10_ENDPOINT,J2A,0,1,-10,0,-9.7801102247596212,-0.11802092259746232,-0.013818790152251207,-0.0079848261511747468,6.279365062713623,2.5838048458099365,0.12271875143051147,-0.34361249208450317,0.03515625,0,-0.22253905981779099,35,34,0,0,1,0,1,1,1.8743700000000001
2092,21.523525492000001,MINUS_10_ENDPOINT,J2A,0,1,-10,0,-9.7801102247596212,-0.11628370226629961,-0.0089822135989632845,-0.0071863435360572719,6.279365062713623,2.5839967727661133,0,0.049087498337030411,0.03515625,0,-0.22253905981779099,35,34,0,0,1,0,1,1,1.9724729999999999
2093,21.533513235000001,MINUS_10_ENDPOINT,J2A,0,1,-10,0,-9.7783751624661388,-0.11802092259746232,0.054963266082281151,0.010904206509436253,6.2791733741760254,2.5838048458099365,-0.26998123526573181,-0.34361249208450317,0.02734375,0,-0.17308593541383743,35,34,0,0,1,0,1,1,1.924545
2094,21.543516374999999,MINUS_10_ENDPOINT,J2A,0,1,-10,0,-9.7801102247596212,-0.11628370226629961,-0.024981994969383282,-0.0075313906908976696,6.279365062713623,2.5839967727661133,0.049087498337030411,0.14726249873638153,0.03515625,0,-0.22253905981779099,35,34,0,0,1,0,1,1,1.9647790000000001
2095,21.553518686,MINUS_10_ENDPOINT,J2A,0,1,-10,0,-9.7783751624661388,-0.11628370226629961,0.044474852732938816,0.010568362510488656,6.2791733741760254,2.5839967727661133,-0.24543750286102295,0,0.03515625,0,-0.22253905981779099,35,34,0,0,1,0,1,1,1.957924
2096,21.563512266,MINUS_10_ENDPOINT,J2A,0,1,-10,0,-9.7783751624661388,-0.11628370226629961,0.02890865427641023,0.0095115262594397901,6.2791733741760254,2.5839967727661133,-0.29452499747276306,0.098174996674060822,0.03515625,0,-0.22253905981779099,35,34,0,0,1,0,1,1,1.9532780000000001
2097,21.573420667000001,MINUS_10_ENDPOINT,J2A,0,1,-10,0,-9.7783751624661388,-0.11628370226629961,0.018790625279666649,0.008560373633495811,6.2791733741760254,2.5839967727661133,-0.24543750286102295,0.098174996674060822,0.02734375,0,-0.17308593541383743,35,34,0,0,1,0,1,1,1.9253579999999999
2098,21.583409274000001,MINUS_10_ENDPOINT,J2A,0,1,-10,0,-9.7801102247596212,-0.11628370226629961,-0.048582539230642124,-0.0096660767762610407,6.279365062713623,2.5839967727661133,-0.098174996674060822,0.098174996674060822,0.0390625,0,-0.24726562201976776,35,34,0,0,1,0,1,1,1.944396
2099,21.593463495000002,MINUS_10_ENDPOINT,J2A,0,1,-10,0,-9.7766401001726528,-0.11628370226629961,0.089220723756809478,0.025814637831858459,6.2789816856384277,2.5839967727661133,-0.73631250858306885,0.073631249368190765,0.03515625,0,-0.22253905981779099,35,34,0,0,1,0,1,1,1.9252579999999999
2100,21.603506276000001,MINUS_10_ENDPOINT,J2A,0,1,-10,0,-9.7801102247596212,-0.11628370226629961,-0.062943509607626597,-0.011320248822628175,6.279365062713623,2.5839967727661133,-0.12271875143051147,0.024543749168515205,0.0234375,0,-0.14835937321186066,35,34,0,0,1,0,1,1,1.90387
2101,21.613509214,MINUS_10_ENDPOINT,J2A,0,1,-10,0,-9.7783751624661388,-0.11802092259746232,0.01979606262170213,0.0071573028786801919,6.2791733741760254,2.5838048458099365,-0.26998123526573181,-0.31906875967979431,0.0234375,0,-0.14835937321186066,35,34,0,0,1,0,1,1,1.95709
2102,21.623513024000001,MINUS_10_ENDPOINT,J2A,0,1,-10,0,-9.7783751624661388,-0.11628370226629961,0.012867440704106385,0.0064415725908121731,6.2791733741760254,2.5839967727661133,-0.36815625429153442,-0.024543749168515205,0.02734375,0,-0.17308593541383743,35,34,0,0,1,0,1,1,1.9586239999999999
2103,21.633513174000001,MINUS_10_ENDPOINT,J2A,0,1,-10,0,-9.7783751624661388,-0.11802092259746232,0.0083638364576691503,0.0057974153317309563,6.2791733741760254,2.5838048458099365,-0.24543750286102295,-0.14726249873638153,0.0390625,0,-0.24726562201976776,35,34,0,0,1,0,1,1,2.0167579999999998
2104,21.643514998000001,MINUS_10_ENDPOINT,J2A,0,1,-10,0,-9.7801102247596212,-0.11628370226629961,-0.055279611956729958,-0.012129784959789256,6.279365062713623,2.5839967727661133,0.098174996674060822,0.098174996674060822,0.03515625,0,-0.22253905981779099,35,34,0,0,1,0,1,1,1.956707
2105,21.653438499,MINUS_10_ENDPOINT,J2A,0,1,-10,0,-9.7801102247596212,-0.11802092259746232,-0.035931747771874474,-0.010916806463810332,6.279365062713623,2.5838048458099365,0.098174996674060822,-0.24543750286102295,0.0390625,0,-0.24726562201976776,35,34,0,0,1,0,1,1,1.8802909999999999
2106,21.663536930999999,MINUS_10_ENDPOINT,J2A,0,1,-10,0,-9.7801102247596212,-0.11802092259746232,-0.02335563605171841,-0.0098251258174292984,6.279365062713623,2.5838048458099365,0.098174996674060822,0,0.02734375,0,-0.17308593541383743,35,34,0,0,1,0,1,1,1.9784710000000001
2107,21.67351197,MINUS_10_ENDPOINT,J2A,0,1,-10,0,-9.7783751624661388,-0.11802092259746232,0.045697977261353766,0.0085514269628766994,6.2791733741760254,2.5838048458099365,-0.24543750286102295,-0.29452499747276306,0.03515625,0,-0.22253905981779099,35,34,0,0,1,0,1,1,1.9568239999999999
2108,21.683516047000001,MINUS_10_ENDPOINT,J2A,0,1,-10,0,-9.7801102247596212,-0.11628370226629961,-0.030998746670514409,-0.0096472677020950741,6.279365062713623,2.5839967727661133,0.12271875143051147,-0.049087498337030411,0.03515625,0,-0.22253905981779099,35,34,0,0,1,0,1,1,1.9893240000000001
2109,21.693521036,MINUS_10_ENDPOINT,J2A,0,1,-10,0,-9.7801102247596212,-0.11802092259746232,-0.020149185335834367,-0.0086825409318855677,6.279365062713623,2.5838048458099365,0.098174996674060822,-0.24543750286102295,0.03515625,0,-0.22253905981779099,35,34,0,0,1,0,1,1,1.9896240000000001
2110,21.703512523000001,MINUS_10_RETURN,J2A,0,1,-9.9999995381936735,0.00013842631172839508,-9.7783751624661388,-0.11802092259746232,0.047681950899348596,0.0095511192663432568,6.2791733741760254,2.5838048458099365,-0.22089375555515289,-0.19634999334812164,0.0390625,0,-0.24726562201976776,35,34,0,0,1,0,1,1,2.0065740000000001
2111,21.713514016000001,MINUS_10_RETURN,J2A,0,1,-9.9999963147901241,0.00055185802469135813,-9.7783751624661388,-0.11802092259746232,0.03099326808457659,0.0085960073397089321,6.2791733741760254,2.5838048458099365,-0.22089375555515289,-0.36815625429153442,0.02734375,0,-0.17308593541383743,35,34,0,0,1,0,1,1,1.918388
2112,21.723515761000002,MINUS_10_RETURN,J2A,0,1,-9.9999875935624996,0.0012375312500000001,-9.7783751624661388,-0.11802092259746232,0.020145624254974785,0.0077364066057380391,6.2791733741760254,2.5838048458099365,-0.24543750286102295,-0.17180624604225159,0.03515625,0,-0.22253905981779099,35,34,0,0,1,0,1,1,1.9186179999999999
2113,21.733514007,MINUS_10_RETURN,J2A,0,1,-9.9999706658765426,0.0021926913580246916,-9.7783751624661388,-0.11802092259746232,0.01309465576573361,0.0069627659451642352,6.2791733741760254,2.5838048458099365,-0.24543750286102295,-0.24543750286102295,0.03515625,0,-0.22253905981779099,35,34,0,0,1,0,1,1,1.9021170000000001
2114,21.743512833,MINUS_10_RETURN,J2A,0,1,-9.9999428505979946,0.0034145929783950622,-9.7801102247596212,-0.11628370226629961,-0.052222784232205874,-0.011086170786475825,6.279365062713623,2.5839967727661133,-0.17180624604225159,0.12271875143051147,0.0234375,0,-0.14835937321186066,35,34,0,0,1,0,1,1,1.9076470000000001
2115,21.753467572000002,MINUS_10_RETURN,J2A,0,1,-9.9999014939999995,0.0049005000000000003,-9.7801102247596212,-0.11802092259746232,-0.033944809750933821,-0.0099775537078282423,6.279365062713623,2.5838048458099365,-0.24543750286102295,-0.24543750286102295,0.0390625,0,-0.24726562201976776,35,34,0,0,1,0,1,1,1.8206599999999999
2116,21.763520965000001,MINUS_10_RETURN,J2A,0,1,-9.9998439696705255,0.006647685570987656,-9.7783751624661388,-0.11802092259746232,0.038340535323767813,0.0082786764234902398,6.2791733741760254,2.5838048458099365,-0.34361249208450317,-0.31906875967979431,0.03515625,0,-0.22253905981779099,35,34,0,0,1,0,1,1,1.863178
2117,21.773459033999998,MINUS_10_RETURN,J2A,0,1,-9.9997676784197527,0.0086534320987654324,-9.7801102247596212,-0.11802092259746232,-0.036184265486090564,-0.010007937917870113,6.279365062713623,2.5838048458099365,0.024543749168515205,-0.22089375555515289,0.02734375,0,-0.17308593541383743,35,34,0,0,1,0,1,1,1.806182
2118,21.783404312999998,MINUS_10_RETURN,J2A,0,1,-9.9996700481875003,0.010915031249999999,-9.7783751624661388,-0.11802092259746232,0.037541541321649496,0.0084389455560907201,6.2791733741760254,2.5838048458099365,-0.19634999334812164,-0.31906875967979431,0.0234375,0,-0.14835937321186066,35,34,0,0,1,0,1,1,1.753935
2119,21.793400633000001,MINUS_10_RETURN,J2A,0,1,-9.9995485339506178,0.013429783950617282,-9.7818452870531072,-0.11628370226629961,-0.097097070343359931,-0.02711896962878467,6.2795567512512207,2.5839967727661133,0.24543750286102295,0,0.03515625,0,-0.22253905981779099,35,34,0,0,1,0,1,1,1.7343839999999999
2120,21.803494551,MINUS_10_RETURN,J2A,0,1,-9.9994006176304016,0.016195000385802471,-9.7801102247596212,-0.11802092259746232,-0.002950946325878917,-0.007217887123819048,6.279365062713623,2.5838048458099365,0,-0.12271875143051147,0.02734375,0,-0.17308593541383743,35,34,0,0,1,0,1,1,1.8967270000000001
2121,21.813421541,MINUS_10_RETURN,J2A,0,1,-9.999223808,0.019207999999999999,-9.7783751624661388,-0.11628370226629961,0.059255695148773969,0.010982133091590077,6.2791733741760254,2.5839967727661133,-0.26998123526573181,0.049087498337030411,0.0234375,0,-0.14835937321186066,35,34,0,0,1,0,1,1,1.822522
2122,21.823431139,MINUS_10_RETURN,J2A,0,1,-9.9990156405918214,0.022466111496913587,-9.7783751624661388,-0.11802092259746232,0.038516201846703083,0.0098839197824310693,6.2791733741760254,2.5838048458099365,-0.39269998669624329,-0.22089375555515289,0.02734375,0,-0.17308593541383743,35,34,0,0,1,0,1,1,1.7770140000000001
2123,21.833495481,MINUS_10_RETURN,J2A,0,1,-9.9987736776049374,0.025966672839506173,-9.7783751624661388,-0.11628370226629961,0.025035531200357005,0.008895527804187963,6.2791733741760254,2.5839967727661133,-0.34361249208450317,0.049087498337030411,0.02734375,0,-0.17308593541383743,35,34,0,0,1,0,1,1,1.842759
2124,21.843473577000001,MINUS_10_RETURN,J2A,0,1,-9.9984955078124997,0.029707031250000002,-9.7801102247596212,-0.11802092259746232,-0.044587393806942287,-0.0093827361439949315,6.279365062713623,2.5838048458099365,-0.24543750286102295,-0.31906875967979431,0.0234375,0,-0.14835937321186066,35,34,0,0,1,0,1,1,1.817239
2125,21.853442365999999,MINUS_10_RETURN,J2A,0,1,-9.9981787464691365,0.033684543209876544,-9.7783751624661388,-0.11628370226629961,0.031935503311393859,0.0089604829806635197,6.2791733741760254,2.5839967727661133,-0.39269998669624329,0.024543749168515205,0.03515625,0,-0.22253905981779099,35,34,0,0,1,0,1,1,1.7928280000000001
2126,21.863397249999998,MINUS_10_RETURN,J2A,0,1,-9.9978210352183634,0.037896574459876542,-9.7801102247596212,-0.11975598489094655,-0.040244321541431732,-0.0093648220870707587,6.279365062713623,2.5836131572723389,-0.024543749168515205,-0.63813751935958862,0.03515625,0,-0.22253905981779099,35,34,0,0,1,0,1,1,1.748189
2127,21.873392699,MINUS_10_RETURN,J2A,0,1,-9.9974200419999999,0.042340500000000003,-9.7801102247596212,-0.11802092259746232,-0.026158809001930627,-0.0084283398783636838,6.279365062713623,2.5838048458099365,0,-0.14726249873638153,0.0234375,0,-0.14835937321186066,35,34,0,0,1,0,1,1,1.740286
2128,21.883483625,MINUS_10_RETURN,J2A,0,1,-9.9969734609575625,0.047013704089506184,-9.7818452870531072,-0.11802092259746232,-0.077183213566958939,-0.024779788095014185,6.2795567512512207,2.5838048458099365,0.36815625429153442,-0.31906875967979431,0.0390625,0,-0.24726562201976776,35,34,0,0,1,0,1,1,1.888104
2129,21.893423882,MINUS_10_RETURN,J2A,0,1,-9.996479012345679,0.051913580246913574,-9.7801102247596212,-0.11802092259746232,0.010923074363985395,-0.0048469055190817033,6.279365062713623,2.5838048458099365,0,-0.24543750286102295,0.02734375,0,-0.17308593541383743,35,34,0,0,1,0,1,1,1.8282430000000001
2130,21.903413616999998,MINUS_10_RETURN,J2A,0,1,-9.9959344424375001,0.057037531250000016,-9.7783751624661388,-0.11628370226629961,0.067889579113155657,0.013006236683273654,6.2791733741760254,2.5839967727661133,-0.39269998669624329,0,0.03515625,0,-0.22253905981779099,35,34,0,0,1,0,1,1,1.8182830000000001
2131,21.913343496,MINUS_10_RETURN,J2A,0,1,-9.9953375234320987,0.062382969135802477,-9.7818452870531072,-0.11628370226629961,-0.078183798268670501,-0.023240679754259912,6.2795567512512207,2.5839967727661133,0.31906875967979431,0.024543749168515205,0.0390625,0,-0.24726562201976776,35,34,0,0,1,0,1,1,1.7609919999999999
2132,21.923415298999998,MINUS_10_RETURN,J2A,0,1,-9.9946860533618835,0.067947315200617281,-9.7801102247596212,-0.11802092259746232,0.0094747805978921823,-0.0036896833581116333,6.279365062713623,2.5838048458099365,0.12271875143051147,-0.36815625429153442,0.03515625,0,-0.22253905981779099,35,34,0,0,1,0,1,1,1.8342099999999999
2133,21.933442101000001,MINUS_10_RETURN,J2A,0,1,-9.9939778560000008,0.073728000000000002,-9.7801102247596212,-0.11628370226629961,0.006158607388629919,-0.0033207150223004702,6.279365062713623,2.5839967727661133,-0.29452499747276306,0.073631249368190765,0.03515625,0,-0.22253905981779099,35,34,0,0,1,0,1,1,1.8613
2134,21.943452809,MINUS_10_RETURN,J2A,0,1,-9.9932107807677468,0.07972246334876544,-9.7801102247596212,-0.11802092259746232,0.0040030948026094472,-0.0029886435200704234,6.279365062713623,2.5838048458099365,0,-0.19634999334812164,0.02734375,0,-0.17308593541383743,35,34,0,0,1,0,1,1,1.7979400000000001
2135,21.953503311999999,MINUS_10_RETURN,J2A,0,1,-9.9923827026419758,0.085928154320987646,-9.7783751624661388,-0.11802092259746232,0.063024042510988573,0.014573658228877314,6.2791733741760254,2.5838048458099365,-0.26998123526573181,-0.24543750286102295,0.03515625,0,-0.22253905981779099,35,34,0,0,1,0,1,1,1.8545879999999999
2136,21.963411189999999,MINUS_10_RETURN,J2A,0,1,-9.9914915220624998,0.092342531249999998,-9.7783751624661388,-0.11802092259746232,0.040965627632142572,0.013116292405989584,6.2791733741760254,2.5838048458099365,-0.31906875967979431,-0.17180624604225159,0.02734375,0,-0.17308593541383743,35,34,0,0,1,0,1,1,1.811717
2137,21.973456675000001,MINUS_10_RETURN,J2A,0,1,-9.9905351648395069,0.098963061728395071,-9.7783751624661388,-0.11628370226629961,0.026627657960892673,0.011804663165390627,6.2791733741760254,2.5839967727661133,-0.26998123526573181,0,0.03515625,0,-0.22253905981779099,35,34,0,0,1,0,1,1,1.7138409999999999
2138,21.983495161,MINUS_10_RETURN,J2A,0,1,-9.9895115820609561,0.10578722260802469,-9.7801102247596212,-0.11628370226629961,-0.043186383996980396,-0.0066599064858800447,6.279365062713623,2.5839967727661133,0.049087498337030411,0.12271875143051147,0.02734375,0,-0.17308593541383743,35,34,0,0,1,0,1,1,1.8927499999999999
2139,21.993496829000001,MINUS_10_RETURN,J2A,0,1,-9.9884187499999992,0.1128125,-9.7783751624661388,-0.11454863997281536,0.032645903069456125,0.011353813496277499,6.2791733741760254,2.5841884613037109,-0.24543750286102295,0.29452499747276306,0.03515625,0,-0.22253905981779099,35,34,0,0,1,0,1,1,1.9006689999999999
2140,22.003435321000001,MINUS_10_RETURN,J2A,0,1,-9.9872546700223772,0.12003638927469135,-9.7783751624661388,-0.11628370226629961,0.021219836995146481,0.010218432146649749,6.2791733741760254,2.5839967727661133,-0.14726249873638153,0.049087498337030411,0.03515625,0,-0.22253905981779099,35,34,0,0,1,0,1,1,1.8423320000000001
2141,22.013399283999998,MINUS_10_RETURN,J2A,0,1,-9.9860173684938278,0.12745639506172843,-9.7801102247596212,-0.11628370226629961,-0.047153920259774197,-0.0082167865841922035,6.279365062713623,2.5839967727661133,0.024543749168515205,-0.049087498337030411,0.02734375,0,-0.17308593541383743,35,34,0,0,1,0,1,1,1.8337699999999999
2142,22.023482961999999,MINUS_10_RETURN,J2A,0,1,-9.9847048966875001,0.13507003124999997,-9.7783751624661388,-0.11802092259746232,0.029573196040134052,0.0098115332767948135,6.2791733741760254,2.5838048458099365,-0.26998123526573181,-0.36815625429153442,0.03515625,0,-0.22253905981779099,35,34,0,0,1,0,1,1,1.878077
2143,22.033449753999999,MINUS_10_RETURN,J2A,0,1,-9.983315330691358,0.14287482098765431,-9.7783751624661388,-0.11628370226629961,0.019222577426087135,0.0088303799491153325,6.2791733741760254,2.5839967727661133,-0.26998123526573181,-0.26998123526573181,0.02734375,0,-0.17308593541383743,35,34,0,0,1,0,1,1,1.880822
2144,22.043430141000002,MINUS_10_RETURN,J2A,0,1,-9.9818467713155865,0.15086829668209878,-9.7783751624661388,-0.11628370226629961,0.012494675326956639,0.0079473419542037994,6.2791733741760254,2.5839967727661133,-0.26998123526573181,0,0.02734375,0,-0.17308593541383743,35,34,0,0,1,0,1,1,1.862749
2145,22.053375301999999,MINUS_10_RETURN,J2A,0,1,-9.9802973440000002,0.15904799999999999,-9.7783751624661388,-0.11802092259746232,0.008121538962521815,0.0071526077587834198,6.2791733741760254,2.5838048458099365,-0.31906875967979431,-0.36815625429153442,0.0234375,0,-0.14835937321186066,35,34,0,0,1,0,1,1,1.80983
2146,22.063348209000001,MINUS_10_RETURN,J2A,0,1,-9.9786651987214512,0.16741148186728397,-9.7783751624661388,-0.11802092259746232,0.0052790003256391804,0.0064373469829050777,6.2791733741760254,2.5838048458099365,-0.24543750286102295,-0.24543750286102295,0.03515625,0,-0.22253905981779099,35,34,0,0,1,0,1,1,1.7860769999999999
2147,22.073351913,MINUS_10_RETURN,J2A,0,1,-9.9769485099012343,0.17595630246913585,-9.7801102247596212,-0.11628370226629961,-0.05727334504110379,-0.011550586359033792,6.279365062713623,2.5839967727661133,0.12271875143051147,0.049087498337030411,0.03515625,0,-0.22253905981779099,35,34,0,0,1,0,1,1,1.787021
2148,22.083358993000001,MINUS_10_RETURN,J2A,0,1,-9.9751454763125,0.18468003124999999,-9.7783751624661388,-0.11975598489094655,0.023456541570340245,0.0069428196617432204,6.2791733741760254,2.5836131572723389,-0.24543750286102295,-0.61359375715255737,0.03515625,0,-0.22253905981779099,35,34,0,0,1,0,1,1,1.7635130000000001
2149,22.093324453000001,MINUS_10_RETURN,J2A,0,1,-9.973254320987655,0.19358024691358025,-9.7783751624661388,-0.11802092259746232,0.01524675202072116,0.0062485376955688987,6.2791733741760254,2.5838048458099365,-0.19634999334812164,-0.14726249873638153,0.02734375,0,-0.17308593541383743,35,34,0,0,1,0,1,1,1.723484
2150,22.103356679000001,MINUS_10_RETURN,J2A,0,1,-9.9712732911257724,0.20265453742283948,-9.7783751624661388,-0.11802092259746232,0.0099103888134687533,0.0056236839260120092,6.2791733741760254,2.5838048458099365,-0.31906875967979431,-0.14726249873638153,0.0234375,0,-0.14835937321186066,35,34,0,0,1,0,1,1,1.699748
2151,22.113343840999999,MINUS_10_RETURN,J2A,0,1,-9.9692006580000001,0.21190050000000002,-9.7783751624661388,-0.11802092259746232,0.0064417527287546896,0.0050613155334108088,6.2791733741760254,2.5838048458099365,-0.19634999334812164,-0.22089375555515289,0.03515625,0,-0.22253905981779099,35,34,0,0,1,0,1,1,1.778505
2152,22.123357255999998,MINUS_10_RETURN,J2A,0,1,-9.9670347168649691,0.22131574112654329,-9.7783751624661388,-0.11802092259746232,0.0041871392736905488,0.0045551839800697285,6.2791733741760254,2.5838048458099365,-0.24543750286102295,-0.36815625429153442,0.0234375,0,-0.14835937321186066,35,34,0,0,1,0,1,1,1.793498
2153,22.13341672,MINUS_10_RETURN,J2A,0,1,-9.9647737868641979,0.2308978765432099,-9.7783751624661388,-0.11628370226629961,0.002721640527898857,0.0040996655820627554,6.2791733741760254,2.5839967727661133,-0.098174996674060822,0.098174996674060822,0.03515625,0,-0.22253905981779099,35,34,0,0,1,0,1,1,1.8186119999999999
2154,22.143346047000001,MINUS_10_RETURN,J2A,0,1,-9.9624162109374996,0.24064453124999999,-9.7783751624661388,-0.11628370226629961,0.001769066343134257,0.00368969902385648,6.2791733741760254,2.5839967727661133,-0.24543750286102295,0.049087498337030411,0.03515625,0,-0.22253905981779099,35,34,0,0,1,0,1,1,1.754961
2155,22.153347903,MINUS_10_RETURN,J2A,0,1,-9.9599603557283949,0.25055333950617281,-9.7783751624661388,-0.11628370226629961,0.0011498931230372671,0.0033207291214708322,6.2791733741760254,2.5839967727661133,-0.14726249873638153,0.12271875143051147,0.01953125,0,-0.12363281100988388,35,34,0,0,1,0,1,1,1.6975499999999999
2156,22.16332555,MINUS_10_RETURN,J2A,0,1,-9.957404611491512,0.26062194483024703,-9.7783751624661388,-0.11802092259746232,0.00074743052997422368,0.002988656209323749,6.2791733741760254,2.5838048458099365,0,-0.24543750286102295,0.03515625,0,-0.22253905981779099,35,34,0,0,1,0,1,1,1.731282
2157,22.173346760000001,MINUS_10_RETURN,J2A,0,1,-9.9547473919999998,0.27084800000000003,-9.7766401001726528,-0.11628370226629961,0.061084480378700255,0.020003690741024809,6.2789816856384277,2.5839967727661133,-0.39269998669624329,0.049087498337030411,0.02734375,0,-0.17308593541383743,35,34,0,0,1,0,1,1,1.747986
2158,22.183317283000001,MINUS_10_RETURN,J2A,0,1,-9.9519871344529314,0.28122916705246909,-9.7766401001726528,-0.11628370226629961,0.039704912246155168,0.018003321666922329,6.2789816856384277,2.5839967727661133,-0.24543750286102295,0.024543749168515205,0.0234375,0,-0.14835937321186066,35,34,0,0,1,0,1,1,1.667503
2159,22.19333314,MINUS_10_RETURN,J2A,0,1,-9.9491222993827169,0.29176311728395066,-9.7749050378791686,-0.11628370226629961,0.086439230595574429,0.03352614311039398,6.2787899971008301,2.5839967727661133,-0.31906875967979431,0.049087498337030411,0.01953125,0,-0.12363281100988388,35,34,0,0,1,0,1,1,1.766821
2160,22.203328977999998,MINUS_10_RETURN,J2A,0,1,-9.9461513705625002,0.30244753125000012,-9.7749050378791686,-0.11802092259746232,0.056185499887123382,0.030173528799354584,6.2787899971008301,2.5838048458099365,0.17180624604225159,0,0.03515625,0,-0.22253905981779099,35,34,0,0,1,0,1,1,1.766799
2161,22.213402855999998,MINUS_10_RETURN,J2A,0,1,-9.9430728549135807,0.31328009876543211,-9.7766401001726528,-0.11802092259746232,-0.023761255240408216,0.0099327958716938641,6.2789816856384277,2.5838048458099365,-0.51541876792907715,-0.34361249208450317,0.01953125,0,-0.12363281100988388,35,34,0,0,1,0,1,1,1.8078350000000001
2162,22.223324276,MINUS_10_RETURN,J2A,0,1,-9.9398852824128081,0.32425851890432095,-9.7766401001726528,-0.11628370226629961,-0.015444815906265341,0.0089395162845244784,6.2789816856384277,2.5839967727661133,0.22089375555515289,-0.34361249208450317,0.01953125,0,-0.12363281100988388,35,34,0,0,1,0,1,1,1.718658
2163,22.233318395000001,MINUS_10_RETURN,J2A,0,1,-9.9365872060000004,0.33538049999999997,-9.7766401001726528,-0.11975598489094655,-0.010039130339072472,0.0080455646560720316,6.2789816856384277,2.5836131572723389,0.24543750286102295,0,0.03515625,0,-0.22253905981779099,35,34,0,0,1,0,1,1,1.7529729999999999
2164,22.243437189000002,MINUS_10_RETURN,J2A,0,1,-9.9331772014853392,0.34664375964506167,-9.7731656595103278,-0.11628370226629961,0.11365234850295303,0.04157751768285059,6.2785978317260742,2.5839967727661133,-0.22089375555515289,0.073631249368190765,0.0234375,0,-0.14835937321186066,35,34,0,0,1,0,1,1,1.8705400000000001
2165,22.253352592999999,MINUS_10_RETURN,J2A,0,1,-9.9296538674567909,0.35804602469135804,-9.7714305972168436,-0.11802092259746232,0.13511931746207742,0.05491842046746781,6.2784061431884766,2.5838048458099365,-0.26998123526573181,-0.24543750286102295,0.02734375,0,-0.17308593541383743,35,34,0,0,1,0,1,1,1.755439
2166,22.263347874000001,MINUS_10_RETURN,J2A,0,1,-9.9260158251875001,0.36958503124999997,-9.7749050378791686,-0.11802092259746232,-0.033835279523251965,0.014665768171120371,6.2787899971008301,2.5838048458099365,0,-0.36815625429153442,0.03515625,0,-0.22253905981779099,35,34,0,0,1,0,1,1,1.6851799999999999
2167,22.273403261999999,MINUS_10_RETURN,J2A,0,1,-9.9222617185432096,0.38125852469135801,-9.7731656595103278,-0.11802092259746232,0.038549976161321914,0.030497165025847102,6.2785978317260742,2.5838048458099365,-0.41724374890327454,-0.39269998669624329,0.01953125,0,-0.12363281100988388,35,34,0,0,1,0,1,1,1.8086089999999999
2168,22.283347457000001,MINUS_10_RETURN,J2A,0,1,-9.9183902138896602,0.3930642596450617,-9.7749050378791686,-0.11628370226629961,-0.036162395947417866,0.0099560541083260692,6.2787899971008301,2.5839967727661133,-0.22089375555515289,0.073631249368190765,0.01953125,0,-0.12363281100988388,35,34,0,0,1,0,1,1,1.7842519999999999
2169,22.293374472,MINUS_10_RETURN,J2A,0,1,-9.9144000000000005,0.40500000000000008,-9.7731656595103278,-0.11628370226629961,0.037208666069007905,0.02630736967887333,6.2785978317260742,2.5839967727661133,-0.58904999494552612,0.024543749168515205,0.0234375,0,-0.14835937321186066,35,34,0,0,1,0,1,1,1.7711870000000001
2170,22.303353266999999,MINUS_10_RETURN,J2A,0,1,-9.9102897879621921,0.41706351890432114,-9.7731656595103278,-0.11628370226629961,0.024185632944855141,0.023676632710985999,6.2785978317260742,2.5839967727661133,-0.39269998669624329,0.049087498337030411,0.01953125,0,-0.12363281100988388,35,34,0,0,1,0,1,1,1.7511410000000001
2171,22.31344623,MINUS_10_RETURN,J2A,0,1,-9.9060583110864204,0.42925259876543198,-9.7731656595103278,-0.11802092259746232,0.015720661414155842,0.021308969439887398,6.2785978317260742,2.5838048458099365,-0.26998123526573181,-0.36815625429153442,0.01171875,0,-0.074179686605930328,35,34,0,0,1,0,1,1,1.7607889999999999
2172,22.323322121,MINUS_10_RETURN,J2A,0,1,-9.9017043248124992,0.44156503124999991,-9.7731656595103278,-0.11628370226629961,0.010218429919201298,0.01917807249589866,6.2785978317260742,2.5839967727661133,0,0.024543749168515205,0.01171875,0,-0.074179686605930328,35,34,0,0,1,0,1,1,1.75665
2173,22.333285495999998,MINUS_10_RETURN,J2A,0,1,-9.8972266066172843,0.45399861728395058,-9.7714305972168436,-0.11802092259746232,0.067592390600286198,0.034674668432824608,6.2784061431884766,2.5838048458099365,-0.19634999334812164,-0.41724374890327454,0.02734375,0,-0.17308593541383743,35,34,0,0,1,0,1,1,1.723238
2174,22.343316206000001,MINUS_10_RETURN,J2A,0,1,-9.8926239559220672,0.46655116705246918,-9.7696955349233612,-0.11628370226629961,0.10447631195852855,0.048504703894782869,6.2782144546508789,2.5839967727661133,-0.53996247053146362,-0.024543749168515205,0.0234375,0,-0.14835937321186066,35,34,0,0,1,0,1,1,1.7544420000000001
2175,22.353284956,MINUS_10_RETURN,J2A,0,1,-9.8878951940000004,0.47922049999999999,-9.7714305972168436,-0.11628370226629961,0.0069920551648759155,0.02624921990297097,6.2784061431884766,2.5839967727661133,-0.24543750286102295,0,0.01171875,0,-0.074179686605930328,35,34,0,0,1,0,1,1,1.724127
2176,22.363354400999999,MINUS_10_RETURN,J2A,0,1,-9.8830391638834882,0.49200444483024691,-9.7714305972168436,-0.11802092259746232,0.0045448358571693456,0.023624297912673873,6.2784061431884766,2.5838048458099365,-0.24543750286102295,-0.41724374890327454,0.01171875,0,-0.074179686605930328,35,34,0,0,1,0,1,1,1.7592449999999999
2177,22.373302352,MINUS_10_RETURN,J2A,0,1,-9.8780547302716055,0.50490083950617282,-9.7731656595103278,-0.11802092259746232,-0.058090769632138869,0.0038204644244639284,6.2785978317260742,2.5838048458099365,0,-0.31906875967979431,0.01171875,0,-0.074179686605930328,35,34,0,0,1,0,1,1,1.736354
2178,22.383352607999999,MINUS_10_RETURN,J2A,0,1,-9.8729407794374993,0.51790753125000011,-9.7714305972168436,-0.11628370226629961,0.022664515589799983,0.020702279653643324,6.2784061431884766,2.5839967727661133,-0.26998123526573181,0.049087498337030411,0.0078125,0,-0.049453124403953552,35,34,0,0,1,0,1,1,1.663537
2179,22.393376926999998,MINUS_10_RETURN,J2A,0,1,-9.8676962191358033,0.53102237654320994,-9.7714305972168436,-0.11802092259746232,0.014731935133369988,0.018632051688278993,6.2784061431884766,2.5838048458099365,-0.17180624604225159,-0.39269998669624329,0.01171875,0,-0.074179686605930328,35,34,0,0,1,0,1,1,1.7851030000000001
2180,22.403359468000001,MINUS_10_RETURN,J2A,0,1,-9.8623199785100315,0.54424324112654321,-9.7714305972168436,-0.11628370226629961,0.0095757578366904936,0.016768846519451094,6.2784061431884766,2.5839967727661133,-0.26998123526573181,0,0.01953125,0,-0.12363281100988388,35,34,0,0,1,0,1,1,1.774378
2181,22.413353042000001,MINUS_10_RETURN,J2A,0,1,-9.8568110079999993,0.55756800000000006,-9.7696955349233612,-0.11802092259746232,0.066990471244268782,0.032453741481911685,6.2782144546508789,2.5838048458099365,-0.41724374890327454,-0.24543750286102295,0.01171875,0,-0.074179686605930328,35,34,0,0,1,0,1,1,1.7723169999999999
2182,22.423363674000001,MINUS_10_RETURN,J2A,0,1,-9.8511682792492277,0.57099453742283957,-9.7696955349233612,-0.11628370226629961,0.043543806308774712,0.029208367333720519,6.2782144546508789,2.5839967727661133,-0.049087498337030411,0,0.0078125,0,-0.049453124403953552,35,34,0,0,1,0,1,1,1.78304
2183,22.433407642999999,MINUS_10_RETURN,J2A,0,1,-9.845390785012345,0.58452074691358025,-9.7679604726298752,-0.11628370226629961,0.088764811916482042,0.043562198547713753,6.2780227661132812,2.5839967727661133,-0.36815625429153442,0.049087498337030411,0.00390625,0,-0.024726562201976776,35,34,0,0,1,0,1,1,1.8473679999999999
2184,22.443327139000001,MINUS_10_RETURN,J2A,0,1,-9.8394775390625,0.59814453125,-9.7696955349233612,-0.11802092259746232,-0.0035228982233447559,0.021714542701782923,6.2782144546508789,2.5838048458099365,0,-0.34361249208450317,0.0078125,0,-0.049453124403953552,35,34,0,0,1,0,1,1,1.7471429999999999
2185,22.453409282999999,MINUS_10_RETURN,J2A,0,1,-9.8334275760987655,0.61186380246913596,-9.7679604726298752,-0.11802092259746232,0.057942523341252848,0.036752347627726611,6.2780227661132812,2.5838048458099365,-0.39269998669624329,-0.24543750286102295,0.00390625,0,-0.024726562201976776,35,34,0,0,1,0,1,1,1.8125990000000001
2186,22.463426769000002,MINUS_10_RETURN,J2A,0,1,-9.8272399516535494,0.62567648186728386,-9.7696955349233612,-0.11628370226629961,-0.022958537908189212,0.015756776270667221,6.2782144546508789,2.5839967727661133,0.024543749168515205,0,0.01171875,0,-0.074179686605930328,35,34,0,0,1,0,1,1,1.8655330000000001
2187,22.473460696,MINUS_10_RETURN,J2A,0,1,-9.8209137420000001,0.63958049999999989,-9.7679604726298752,-0.11628370226629961,0.045598798158667304,0.031473055157597726,6.2780227661132812,2.5839967727661133,-0.34361249208450317,0.049087498337030411,0.01953125,0,-0.12363281100988388,35,34,0,0,1,0,1,1,1.857334
2188,22.483471202,MINUS_10_RETURN,J2A,0,1,-9.8144480440594144,0.6535737966820987,-9.7679604726298752,-0.11802092259746232,0.029639218803133749,0.028325749641837955,6.2780227661132812,2.5838048458099365,-0.26998123526573181,-0.36815625429153442,0.0078125,0,-0.049453124403953552,35,34,0,0,1,0,1,1,1.903035
2189,22.493384525,MINUS_10_RETURN,J2A,0,1,-9.8078419753086425,0.6676543209876542,-9.7696955349233612,-0.11802092259746232,-0.041992655295211748,0.0079908468155831039,6.2782144546508789,2.5838048458099365,0.049087498337030411,-0.41724374890327454,0.01171875,0,-0.074179686605930328,35,34,0,0,1,0,1,1,1.677956
2190,22.503370628999999,MINUS_10_RETURN,J2A,0,1,-9.8010946736874995,0.68182003125000012,-9.7679604726298752,-0.11802092259746232,0.033516458246473431,0.024566529044985103,6.2780227661132812,2.5838048458099365,-0.024543749168515205,-0.34361249208450317,0.00390625,0,-0.024726562201976776,35,34,0,0,1,0,1,1,1.807434
2191,22.513333053,MINUS_10_RETURN,J2A,0,1,-9.7942052975061724,0.69606889506172831,-9.766225410336391,-0.11628370226629961,0.082741927259739168,0.039525941683209859,6.2778310775756836,2.5839967727661133,-0.19634999334812164,0.073631249368190765,0,0,-0,35,34,0,0,1,0,1,1,1.730723
2192,22.523434988999998,MINUS_10_RETURN,J2A,0,1,-9.7871730253526241,0.7103988892746913,-9.7644903480429068,-0.11802092259746232,0.11389665086187764,0.052748889841473787,6.2776393890380859,2.5838048458099365,-0.29452499747276306,-0.44178751111030579,0,0,-0,35,34,0,0,1,0,1,1,1.7361260000000001
2193,22.533362184000001,MINUS_10_RETURN,J2A,0,1,-9.7799970559999991,0.72480800000000012,-9.7644903480429068,-0.11628370226629961,0.074032823060220465,0.047474000857326407,6.2776393890380859,2.5839967727661133,0.024543749168515205,0,0.01171875,0,-0.074179686605930328,35,34,0,0,1,0,1,1,1.7665569999999999
2194,22.543389642000001,MINUS_10_RETURN,J2A,0,1,-9.7726766083140433,0.73929422260802469,-9.7610202234559384,-0.11628370226629961,0.16924311933757621,0.077332824871146039,6.2772560119628906,2.5839967727661133,-0.41724374890327454,-0.049087498337030411,0,0,-0,35,34,0,0,1,0,1,1,1.7015229999999999
2195,22.553429091000002,MINUS_10_RETURN,J2A,0,1,-9.7652109211604934,0.7538555617283953,-9.7610202234559384,-0.11628370226629961,0.11000802756942454,0.069599542384031432,6.2772560119628906,2.5839967727661133,-0.41724374890327454,-0.049087498337030411,0,0,-0,35,34,0,0,1,0,1,1,1.7430030000000001
2196,22.563446289000002,MINUS_10_RETURN,J2A,0,1,-9.7575992533125007,0.76849003124999993,-9.7627552857494226,-0.11628370226629961,0.010882296947667076,0.045318753582068619,6.2774477005004883,2.5839967727661133,0,-0.12271875143051147,0.00390625,0,-0.024726562201976776,35,34,0,0,1,0,1,1,1.7499359999999999
2197,22.573452802999999,MINUS_10_RETURN,J2A,0,1,-9.7498408833580239,0.78319565432098781,-9.7575457827936134,-0.11802092259746232,0.18928740232883587,0.092847995170390996,6.2768721580505371,2.5838048458099365,-0.58904999494552612,-0.41724374890327454,0.00390625,0,-0.024726562201976776,35,34,0,0,1,0,1,1,1.764818
2198,22.583481395,MINUS_10_RETURN,J2A,0,1,-9.7419351096072528,0.79797046334876565,-9.7592808450870976,-0.11802092259746232,0.062482767364834282,0.066262040182235027,6.2770638465881348,2.5838048458099365,-0.024543749168515205,-0.41724374890327454,-0.00390625,0,0.024726562201976776,35,34,0,0,1,0,1,1,1.8717269999999999
2199,22.593358881,MINUS_10_RETURN,J2A,0,1,-9.7338812499999996,0.81281249999999983,-9.7592808450870976,-0.11454863997281536,0.040613798787142281,0.059635836164011524,6.2770638465881348,2.5841884613037109,0.22089375555515289,0.26998123526573181,0.00390625,0,-0.024726562201976776,35,34,0,0,1,0,1,1,1.6729689999999999
2200,22.603416356,MINUS_10_RETURN,J2A,0,1,-9.7256786420131167,0.82771981520061733,-9.7575457827936134,-0.11802092259746232,0.086779114597981294,0.070923722657992891,6.2768721580505371,2.5838048458099365,0.024543749168515205,-0.34361249208450317,0.0078125,0,-0.049453124403953552,35,34,0,0,1,0,1,1,1.7516389999999999
2201,22.613412943,MINUS_10_RETURN,J2A,0,1,-9.717326642567901,0.84269046913580237,-9.7558107205001292,-0.11802092259746232,0.11715433802352496,0.081187897116432789,6.2766804695129395,2.5838048458099365,-0.29452499747276306,-0.36815625429153442,0,0,-0,35,34,0,0,1,0,1,1,1.7559899999999999
2202,22.623369283999999,MINUS_10_RETURN,J2A,0,1,-9.7088246279374992,0.85772253124999986,-9.7558107205001292,-0.11628370226629961,0.076150319715291223,0.073069107404789516,6.2766804695129395,2.5839967727661133,-0.17180624604225159,-0.14726249873638153,0,0,-0,35,34,0,0,1,0,1,1,1.7675149999999999
2203,22.633422294999999,MINUS_10_RETURN,J2A,0,1,-9.7001719936543207,0.87281408024691376,-9.752340595913159,-0.11628370226629961,0.17031162171989195,0.10028045778001132,6.2762970924377441,2.5839967727661133,-0.22089375555515289,-0.14726249873638153,0,0,-0,35,34,0,0,1,0,1,1,1.818621
2204,22.643396029000002,MINUS_10_RETURN,J2A,0,1,-9.6913681544174377,0.88796320408950635,-9.754075658206645,-0.11628370226629961,0.049815447772409399,0.072856095903290077,6.2764887809753418,2.5839967727661133,-0.24543750286102295,-0.098174996674060822,-0.00390625,0,0.024726562201976776,35,34,0,0,1,0,1,1,1.827399
2205,22.653298484,MINUS_10_RETURN,J2A,0,1,-9.682412544,0.90316800000000019,-9.752340595913159,-0.11628370226629961,0.093705419730399725,0.08309202307819924,6.2762970924377441,2.5839967727661133,-0.17180624604225159,-0.024543749168515205,0,0,-0,35,34,0,0,1,0,1,1,1.6445240000000001
2206,22.663306210999998,MINUS_10_RETURN,J2A,0,1,-9.6733046151566366,0.91842657445987641,-9.7506055336196766,-0.11628370226629961,0.12158881543455774,0.092120047230321578,6.2761054039001465,2.5839967727661133,-0.19634999334812164,-0.12271875143051147,-0.00390625,0,0.024726562201976776,35,34,0,0,1,0,1,1,1.656026
2207,22.673303110999999,MINUS_10_RETURN,J2A,0,1,-9.6640438395308639,0.93373704320987627,-9.7488704713261924,-0.11628370226629961,0.13977874156797998,0.10026404580315154,6.2759137153625488,2.5839967727661133,-0.12271875143051147,-0.24543750286102295,-0.01171875,0,0.074179686605930328,35,34,0,0,1,0,1,1,1.707605
2208,22.683274007000001,MINUS_10_RETURN,J2A,0,1,-9.6546297075624992,0.94909753125000007,-9.7471354090327083,-0.11628370226629961,0.15176061856323791,0.10763890880685095,6.2757220268249512,2.5839967727661133,-0.46633124351501465,-0.024543749168515205,-0.0078125,0,0.049453124403953552,35,34,0,0,1,0,1,1,1.6203460000000001
2209,22.693308953999999,MINUS_10_RETURN,J2A,0,1,-9.6450617283950617,0.96450617283950602,-9.7453960306638656,-0.11628370226629961,0.15931063469245199,0.1142082272479794,6.2755298614501953,2.5839967727661133,-0.049087498337030411,-0.073631249368190765,0,0,-0,35,34,0,0,1,0,1,1,1.652577
2210,22.703418708000001,MINUS_10_RETURN,J2A,0,1,-9.6353394297831798,0.97996111149691356,-9.7436609683703814,-0.11628370226629961,0.16361982347249129,0.1199496647867236,6.2753381729125977,2.5839967727661133,-0.19634999334812164,-0.24543750286102295,-0.0078125,0,0.049453124403953552,35,34,0,0,1,0,1,1,1.823958
2211,22.713350952999999,MINUS_10_RETURN,J2A,0,1,-9.6254623580000001,0.99546050000000041,-9.740190843783413,-0.11802092259746232,0.22863577351039577,0.14289266638041592,6.2749547958374023,2.5838048458099365,-0.51541876792907715,-0.36815625429153442,-0.01171875,0,0.074179686605930328,35,34,0,0,1,0,1,1,1.748459
2212,22.723420261000001,MINUS_10_RETURN,J2A,0,1,-9.6154300777445982,1.0110025003858025,-9.740190843783413,-0.11628370226629961,0.14861325278175724,0.12860339974237434,6.2749547958374023,2.5839967727661133,-0.29452499747276306,-0.14726249873638153,-0.01171875,0,0.074179686605930328,35,34,0,0,1,0,1,1,1.7841990000000001
2213,22.733319174999998,MINUS_10_RETURN,J2A,0,1,-9.6052421720493832,1.0265852839506173,-9.740190843783413,-0.11628370226629961,0.096598614308142206,0.11574305976813691,6.2749547958374023,2.5839967727661133,-0.24543750286102295,-0.26998123526573181,-0.01171875,0,0.074179686605930328,35,34,0,0,1,0,1,1,1.71122
2214,22.743375137000001,MINUS_10_RETURN,J2A,0,1,-9.5948982421875009,1.04220703125,-9.741925906076899,-0.11281357767933115,0.0023998692375768252,0.086914688059118755,6.275146484375,2.5843801498413086,0.12271875143051147,0.58904999494552612,-0.0234375,0,0.14835937321186066,35,34,0,0,1,0,1,1,1.6782699999999999
2215,22.753324304,MINUS_10_RETURN,J2A,0,1,-9.5843979075802466,1.0578659320987653,-9.7384557814899306,-0.11454863997281536,0.12363481890734654,0.11310176322547019,6.2747631072998047,2.5841884613037109,-0.31906875967979431,0.19634999334812164,-0.01171875,0,0.074179686605930328,35,34,0,0,1,0,1,1,1.660922
2216,22.763354431,MINUS_10_RETURN,J2A,0,1,-9.5737408057044746,1.0735601855709878,-9.7384557814899306,-0.11454863997281536,0.080362632289775249,0.10179158690292317,6.2747631072998047,2.5841884613037109,-0.24543750286102295,0.19634999334812164,-0.01171875,0,0.074179686605930328,35,34,0,0,1,0,1,1,1.7561100000000001
2217,22.773333296000001,MINUS_10_RETURN,J2A,0,1,-9.5629265920000002,1.0892879999999998,-9.7384557814899306,-0.11281357767933115,0.05223571098835391,0.091612428212630853,6.2747631072998047,2.5843801498413086,0.19634999334812164,0.4908750057220459,-0.0078125,0,0.049453124403953552,35,34,0,0,1,0,1,1,1.7297750000000001
2218,22.783322108,MINUS_10_RETURN,J2A,0,1,-9.5519549397770067,1.1050475929783949,-9.7367207191964447,-0.11628370226629961,0.094748410081896189,0.09982124194550096,6.274571418762207,2.5839967727661133,-0.36815625429153442,-0.24543750286102295,-0.01953125,0,0.12363281100988388,35,34,0,0,1,0,1,1,1.714143
2219,22.793322030999999,MINUS_10_RETURN,J2A,0,1,-9.540825540123457,1.1208371913580244,-9.7367207191964447,-0.11454863997281536,0.061586466553232529,0.089839117750950867,6.274571418762207,2.5841884613037109,0.024543749168515205,0.073631249368190765,-0.0234375,0,0.14835937321186066,35,34,0,0,1,0,1,1,1.6562809999999999
2220,22.803394763,MINUS_10_RETURN,J2A,0,1,-9.5295381018125003,1.1366550312500001,-9.7332505946094763,-0.11454863997281536,0.16060858042388945,0.11530588516565245,6.2741880416870117,2.5841884613037109,-0.29452499747276306,0.12271875143051147,-0.01953125,0,0.12363281100988388,35,34,0,0,1,0,1,1,1.7304440000000001
2221,22.813322249999999,MINUS_10_RETURN,J2A,0,1,-9.5180923512098765,1.1524993580246916,-9.7332505946094763,-0.11454863997281536,0.10439557727552815,0.1037752966490872,6.2741880416870117,2.5841884613037109,0,0.098174996674060822,-0.0390625,0,0.24726562201976776,35,34,0,0,1,0,1,1,1.6709970000000001
2222,22.823391953000002,MINUS_10_RETURN,J2A,0,1,-9.506488032181327,1.1683684263117282,-9.728041091653667,-0.11628370226629961,0.24892761306103178,0.14513219207901806,6.2736124992370605,2.5839967727661133,-0.34361249208450317,-0.31906875967979431,-0.0234375,0,0.14835937321186066,35,34,0,0,1,0,1,1,1.736434
2223,22.833394578,MINUS_10_RETURN,J2A,0,1,-9.4947249060000001,1.1842604999999999,-9.7263060293601828,-0.11454863997281536,0.22251419206018924,0.14796504246269301,6.2734208106994629,2.5841884613037109,-0.26998123526573181,-0.024543749168515205,-0.0234375,0,0.14835937321186066,35,34,0,0,1,0,1,1,1.7403059999999999
2224,22.843328186000001,MINUS_10_RETURN,J2A,0,1,-9.4828027512538586,1.2001738522376544,-9.7211008424797303,-0.11628370226629961,0.32803338938822346,0.18556829951616671,6.2728457450866699,2.5839967727661133,-0.24543750286102295,-0.24543750286102295,-0.0234375,0,0.14835937321186066,35,34,0,0,1,0,1,1,1.728329
2225,22.853388874,MINUS_10_RETURN,J2A,0,1,-9.4707213637530856,1.2161067654320989,-9.7211008424797303,-0.11628370226629961,0.21322170310234526,0.16701146956455004,6.2728457450866699,2.5839967727661133,0,-0.34361249208450317,-0.0234375,0,0.14835937321186066,35,34,0,0,1,0,1,1,1.787463
2226,22.863362972000001,MINUS_10_RETURN,J2A,0,1,-9.4584805564375003,1.2320575312500002,-9.715891339523921,-0.11628370226629961,0.32140021485034609,0.20254063913204409,6.2722702026367188,2.5839967727661133,-0.12271875143051147,-0.36815625429153442,-0.02734375,0,0.17308593541383743,35,34,0,0,1,0,1,1,1.7621819999999999
2227,22.873344179,MINUS_10_RETURN,J2A,0,1,-9.4460801592839516,1.248024450617284,-9.7124212149369527,-0.11454863997281536,0.33059317913272329,0.21705315792741064,6.2718868255615234,2.5841884613037109,-0.19634999334812164,-0.14726249873638153,-0.02734375,0,0.17308593541383743,35,34,0,0,1,0,1,1,1.746882
2228,22.883421103,MINUS_10_RETURN,J2A,0,1,-9.4335200192137343,1.264005833719136,-9.7106861526434685,-0.11454863997281536,0.27514917492626945,0.21256601598895508,6.2716951370239258,2.5841884613037109,-0.24543750286102295,0.049087498337030411,-0.0390625,0,0.24726562201976776,35,34,0,0,1,0,1,1,1.8067279999999999
2229,22.893320875000001,MINUS_10_RETURN,J2A,0,1,-9.4207999999999998,1.2800000000000002,-9.7054809657630159,-0.11454863997281536,0.36287296027636717,0.24388827055414303,6.2711200714111328,2.5841884613037109,-0.36815625429153442,-0.19634999334812164,-0.02734375,0,0.17308593541383743,35,34,0,0,1,0,1,1,1.7227699999999999
2230,22.903384730999999,MINUS_10_RETURN,J2A,0,1,-9.4079199821751551,1.2960052781635802,-9.7054809657630159,-0.11454863997281536,0.23586742417963866,0.21949944349872874,6.2711200714111328,2.5841884613037109,0,-0.098174996674060822,-0.03515625,0,0.22253905981779099,35,34,0,0,1,0,1,1,1.69137
2231,22.913400023000001,MINUS_10_RETURN,J2A,0,1,-9.3948798629382715,1.3120200061728395,-9.7037415873941733,-0.11628370226629961,0.21409911576070967,0.21491672487569716,6.270927906036377,2.5839967727661133,0.098174996674060822,-0.34361249208450317,-0.01953125,0,0.12363281100988388,35,34,0,0,1,0,1,1,1.7690760000000001
2232,22.923448563000001,MINUS_10_RETURN,J2A,0,1,-9.3816795560624993,1.3280425312499999,-9.7002714628072049,-0.11454863997281536,0.26003209412361927,0.22795867206788686,6.2705445289611816,2.5841884613037109,0,-0.17180624604225159,-0.0390625,0,0.24726562201976776,35,34,0,0,1,0,1,1,1.8485780000000001
2233,22.933378847,MINUS_10_RETURN,J2A,0,1,-9.3683189918024699,1.344071209876543,-9.6950662759267541,-0.11628370226629961,0.35248141559731672,0.25758010612308796,6.2699694633483887,2.5839967727661133,-0.36815625429153442,-0.36815625429153442,-0.03515625,0,0.22253905981779099,35,34,0,0,1,0,1,1,1.7447319999999999
2234,22.943361543000002,MINUS_10_RETURN,J2A,0,1,-9.3547981168016978,1.3601044077932101,-9.6915961513397839,-0.11628370226629961,0.35077780960692895,0.26658349250182861,6.2695860862731934,2.5839967727661133,-0.24543750286102295,-0.61359375715255737,-0.03515625,0,0.22253905981779099,35,34,0,0,1,0,1,1,1.711973
2235,22.953385161,MINUS_10_RETURN,J2A,0,1,-9.3411168940000007,1.3761404999999995,-9.6846515860904905,-0.11281357767933115,0.47049265398959972,0.30920716546453031,6.2688188552856445,2.5843801498413086,-0.24543750286102295,0.12271875143051147,-0.02734375,0,0.17308593541383743,35,34,0,0,1,0,1,1,1.730518
2236,22.963385821999999,MINUS_10_RETURN,J2A,0,1,-9.3272753025408957,1.3921778707561729,-9.6742368962542287,-0.11281357767933115,0.67031027657002218,0.38242646362572941,6.2676682472229004,2.5843801498413086,-0.58904999494552612,0.049087498337030411,-0.01953125,0,0.12363281100988388,35,34,0,0,1,0,1,1,1.7479499999999999
2237,22.973403995000002,MINUS_10_RETURN,J2A,0,1,-9.3132733376790124,1.4082149135802469,-9.6690317093737743,-0.11281357767933115,0.61755274264980242,0.3961412638000959,6.2670931816101074,2.5843801498413086,0.098174996674060822,0.024543749168515205,-0.0234375,0,0.14835937321186066,35,34,0,0,1,0,1,1,1.79315
2238,22.983374987000001,MINUS_10_RETURN,J2A,0,1,-9.2991110106875006,1.4242500312499997,-9.6534118326570599,-0.11281357767933115,0.94969543628164654,0.51318032415130777,6.2653675079345703,2.5843801498413086,-0.56450623273849487,-0.19634999334812164,-0.01953125,0,0.12363281100988388,35,34,0,0,1,0,1,1,1.773002
2239,22.993323668999999,MINUS_10_RETURN,J2A,0,1,-9.2847883487654315,1.4402816358024693,-9.6360568936468614,-0.11281357767933115,1.2278581508226272,0.63630689666176465,6.2634501457214355,2.5843801498413086,-0.29452499747276306,-0.24543750286102295,-0.02734375,0,0.17308593541383743,35,34,0,0,1,0,1,1,1.6645369999999999
2240,23.00334909,MINUS_10_RETURN,J2A,0,1,-9.2703053949452165,1.4563081485339504,-9.6186976385613043,-0.11281357767933115,1.4041411286992183,0.74582858718544842,6.2615323066711426,2.5843801498413086,-0.29452499747276306,-0.34361249208450317,-0.0234375,0,0.14835937321186066,35,34,0,0,1,0,1,1,1.693422
2241,23.013368904,MINUS_10_RETURN,J2A,0,1,-9.2556622080000004,1.4723280000000001,-9.6013426995511058,-0.11107851538584688,1.5189134313396713,0.84445192780552625,6.2596149444580078,2.5845718383789062,-0.44178751111030579,-0.12271875143051147,-0.02734375,0,0.17308593541383743,35,34,0,0,1,0,1,1,1.768284
2242,23.023351817999998,MINUS_10_RETURN,J2A,0,1,-9.2408588623510806,1.4883396300154321,-9.5891929474213597,-0.11107851538584688,1.4132628657767241,0.88171220228381297,6.258272647857666,2.5845718383789062,-0.049087498337030411,-0.26998123526573181,-0.01953125,0,0.12363281100988388,35,34,0,0,1,0,1,1,1.7518100000000001
2243,23.033350336000002,MINUS_10_RETURN,J2A,0,1,-9.2258954479753079,1.5043414876543211,-9.5770431952916137,-0.10934129505468419,1.3439252174011995,0.91505651195438276,6.2569303512573242,2.584763765335083,-0.31906875967979431,0.12271875143051147,-0.03515625,0,0.22253905981779099,35,34,0,0,1,0,1,1,1.751199
2244,23.043329023999998,MINUS_10_RETURN,J2A,0,1,-9.2107720703124993,1.5203320312499999,-9.5718380084111594,-0.10934129505468419,1.056122026664807,0.87571389943152367,6.2563552856445312,2.584763765335083,0.024543749168515205,0.098174996674060822,-0.02734375,0,0.17308593541383743,35,34,0,0,1,0,1,1,1.722942
2245,23.053257579,MINUS_10_RETURN,J2A,0,1,-9.1954888501728398,1.5363097283950617,-9.564893443161866,-0.10934129505468419,0.93128813767428298,0.85808788672898795,6.2555880546569824,2.584763765335083,-0.34361249208450317,0,-0.04296875,0,0.27199218422174454,35,34,0,0,1,0,1,1,1.5670900000000001
2246,23.063260211999999,MINUS_10_RETURN,J2A,0,1,-9.1800459236442897,1.5522730559413578,-9.5614233185748976,-0.10934129505468419,0.72675967951689302,0.80697120949283463,6.2552046775817871,2.584763765335083,-0.049087498337030411,-0.098174996674060822,-0.04296875,0,0.27199218422174454,35,34,0,0,1,0,1,1,1.6040019999999999
2247,23.073263900000001,MINUS_10_RETURN,J2A,0,1,-9.1644434419999996,1.5682205000000002,-9.5562181316944432,-0.10934129505468419,0.65450816871961126,0.77830676769601703,6.2546296119689941,2.584763765335083,-0.098174996674060822,-0.098174996674060822,-0.0390625,0,0.24726562201976776,35,34,0,0,1,0,1,1,1.6122479999999999
2248,23.083278452999998,MINUS_10_RETURN,J2A,0,1,-9.1486815716057102,1.584150555941358,-9.5527480071074766,-0.10934129505468419,0.54670817453486453,0.73512690945987746,6.2542462348937988,2.584763765335083,0.098174996674060822,-0.098174996674060822,-0.04296875,0,0.27199218422174454,35,34,0,0,1,0,1,1,1.681819
2249,23.093243574999999,MINUS_10_RETURN,J2A,0,1,-9.1327604938271598,1.6000617283950622,-9.5475385041516656,-0.10934129505468419,0.538331082348811,0.71389158105707518,6.2536706924438477,2.584763765335083,0.12271875143051147,-0.12271875143051147,-0.0390625,0,0.24726562201976776,35,34,0,0,1,0,1,1,1.596225
2250,23.103275181000001,MINUS_10_RETURN,J2A,0,1,-9.116680404937501,1.61595253125,-9.542333317271213,-0.10934129505468419,0.53152275551372341,0.69439029494765236,6.2530956268310547,2.584763765335083,-0.17180624604225159,-0.24543750286102295,-0.05078125,0,0.32144530862569809,35,34,0,0,1,0,1,1,1.62395
2251,23.113289627,MINUS_10_RETURN,J2A,0,1,-9.1004415160246914,1.6318214876543211,-9.5388631926842447,-0.10934129505468419,0.46676895175231731,0.65960245421528629,6.2527122497558594,2.584763765335083,-0.19634999334812164,-0.17180624604225159,-0.0546875,0,0.34617187082767487,35,34,0,0,1,0,1,1,1.688572
2252,23.123270157,MINUS_10_RETURN,J2A,0,1,-9.0840440528989195,1.6476671300154322,-9.5336536897284336,-0.10934129505468419,0.48608811620775849,0.64583886524197265,6.2521367073059082,2.584763765335083,-0.53996247053146362,-0.24543750286102295,-0.04296875,0,0.27199218422174454,35,34,0,0,1,0,1,1,1.6122050000000001
2253,23.133343059000001,MINUS_10_RETURN,J2A,0,1,-9.0674882560000007,1.6634879999999999,-9.530183565141467,-0.10934129505468419,0.43653261771927077,0.61570507648469763,6.2517533302307129,2.584763765335083,-0.34361249208450317,-0.34361249208450317,-0.0546875,0,0.34617187082767487,35,34,0,0,1,0,1,1,1.7453289999999999
2254,23.143349387000001,MINUS_10_RETURN,J2A,0,1,-9.0507743803047838,1.6792826485339507,-9.5284485028479828,-0.10760623276119993,0.34443497793176175,0.57147421924029529,6.2515616416931152,2.5849554538726807,-0.024543749168515205,0.049087498337030411,-0.05859375,0,0.37089843302965164,35,34,0,0,1,0,1,1,1.6974
2255,23.153278526000001,MINUS_10_RETURN,J2A,0,1,-9.033902695234568,1.6950496358024691,-9.5267134405544986,-0.10760623276119993,0.28504330584400062,0.53180124594151013,6.2513699531555176,2.5849554538726807,-0.46633124351501465,0,-0.06640625,0,0.42035155743360519,35,34,0,0,1,0,1,1,1.5925910000000001
2256,23.163299354999999,MINUS_10_RETURN,J2A,0,1,-9.0168734845625007,1.7107875312499998,-9.5215039375986876,-0.10934129505468419,0.36723176107300981,0.53060786771147606,6.2507944107055664,2.584763765335083,-0.24543750286102295,-0.22089375555515289,-0.0703125,0,0.44507811963558197,35,34,0,0,1,0,1,1,1.729916
2257,23.173282513,MINUS_10_RETURN,J2A,0,1,-8.9996870463209877,1.7264949135802468,-9.5197688753052052,-0.10934129505468419,0.29953027423139761,0.49492697509288308,6.2506027221679688,2.584763765335083,-0.51541876792907715,-0.26998123526573181,-0.0546875,0,0.34617187082767487,35,34,0,0,1,0,1,1,1.683195
2258,23.183276888000002,MINUS_10_RETURN,J2A,0,1,-8.9823436927091045,1.7421703707561729,-9.5180338130117192,-0.10760623276119993,0.25545603678658446,0.4627946657367879,6.2504110336303711,2.5849554538726807,-0.24543750286102295,0.073631249368190765,-0.05859375,0,0.37089843302965164,35,34,0,0,1,0,1,1,1.6775979999999999
2259,23.19321966,MINUS_10_RETURN,J2A,0,1,-8.96484375,1.7578125,-9.5145636884247509,-0.10934129505468419,0.28819984404794713,0.45141617634501408,6.2500276565551758,2.584763765335083,-0.24543750286102295,-0.39269998669624329,-0.05859375,0,0.37089843302965164,35,34,0,0,1,0,1,1,1.6072949999999999
2260,23.203234724000001,MINUS_10_RETURN,J2A,0,1,-8.9471875584483023,1.7734199077932098,-9.5128286261312685,-0.10760623276119993,0.24796573707601099,0.42359908398046847,6.2498359680175781,2.5849554538726807,-0.24543750286102295,0.098174996674060822,-0.07421875,0,0.46980468183755875,35,34,0,0,1,0,1,1,1.6385419999999999
2261,23.213305672000001,MINUS_10_RETURN,J2A,0,1,-8.9293754721975311,1.7889912098765437,-9.5110935638377825,-0.10934129505468419,0.22147709741310881,0.39846756652919357,6.2496442794799805,2.584763765335083,0,-0.26998123526573181,-0.05859375,0,0.37089843302965164,35,34,0,0,1,0,1,1,1.632585
2262,23.223288011000001,MINUS_10_RETURN,J2A,0,1,-8.9114078591875003,1.8045250312500003,-9.5024139362950049,-0.10760623276119993,0.44828454469397605,0.4455706474121186,6.248685359954834,2.5849554538726807,-0.39269998669624329,-0.17180624604225159,-0.0703125,0,0.44507811963558197,35,34,0,0,1,0,1,1,1.6132359999999999
2263,23.233324296999999,MINUS_10_RETURN,J2A,0,1,-8.8932851010617284,1.8200200061728391,-9.5006788740015207,-0.10760623276119993,0.35189257636471427,0.41830147476051527,6.2484936714172363,2.5849554538726807,-0.22089375555515289,-0.024543749168515205,-0.0703125,0,0.44507811963558197,35,34,0,0,1,0,1,1,1.645548
2264,23.243311681000002,MINUS_10_RETURN,J2A,0,1,-8.8750075930748444,1.8354747781635805,-9.4954693710457114,-0.1058711704677157,0.41129309947632464,0.42863216295282386,6.2479181289672852,2.5851471424102783,-0.61359375715255737,0.24543750286102295,-0.0703125,0,0.44507811963558197,35,34,0,0,1,0,1,1,1.6362270000000001
2265,23.253433846,MINUS_10_RETURN,J2A,0,1,-8.8565757440000006,1.8508879999999996,-9.4937343087522255,-0.10760623276119993,0.32733477504957476,0.40291016391181683,6.2477264404296875,2.5849554538726807,0.12271875143051147,-0.17180624604225159,-0.0703125,0,0.44507811963558197,35,34,0,0,1,0,1,1,1.8168850000000001
2266,23.263359808000001,MINUS_10_RETURN,J2A,0,1,-8.8379899760362655,1.8662583337191361,-9.4867940595782905,-0.10760623276119993,0.45748818712488803,0.43253931418996788,6.2469596862792969,2.5849554538726807,0.049087498337030411,-0.24543750286102295,-0.07421875,0,0.46980468183755875,35,34,0,0,1,0,1,1,1.6056619999999999
2267,23.273299156,MINUS_10_RETURN,J2A,0,1,-8.8192507247160492,1.8815844506172839,-9.4763793697420287,-0.1058711704677157,0.66410580816890308,0.49406780749603563,6.2458090782165527,2.5851471424102783,-0.31906875967979431,0.098174996674060822,-0.07421875,0,0.46980468183755875,35,34,0,0,1,0,1,1,1.6187
2268,23.283278671000001,MINUS_10_RETURN,J2A,0,1,-8.8003584388125002,1.8968650312500002,-9.4676997421992493,-0.10760623276119993,0.73607932431666789,0.53163546931982664,6.2448501586914062,2.5849554538726807,-0.049087498337030411,-0.34361249208450317,-0.07421875,0,0.46980468183755875,35,34,0,0,1,0,1,1,1.7112259999999999
2269,23.293224732999999,MINUS_10_RETURN,J2A,0,1,-8.7813135802469127,1.9120987654320987,-9.4590244307318283,-0.1058711704677157,0.78373409509911895,0.56569550361449683,6.243891716003418,2.5851471424102783,0.049087498337030411,0,-0.07421875,0,0.46980468183755875,35,34,0,0,1,0,1,1,1.657149
2270,23.303300567000001,MINUS_10_RETURN,J2A,0,1,-8.7621166239961426,1.9272843522376539,-9.4416694917216279,-0.10760623276119993,1.1122783653543939,0.6813691542644662,6.2419743537902832,2.5849554538726807,-0.098174996674060822,-0.24543750286102295,-0.0703125,0,0.44507811963558197,35,34,0,0,1,0,1,1,1.6950940000000001
2271,23.313276306999999,MINUS_10_RETURN,J2A,0,1,-8.7427680579999993,1.9424205000000003,-9.4156349251686517,-0.1058711704677157,1.636406737826344,0.87421103893687335,6.239098072052002,2.5851471424102783,-0.68722498416900635,-0.098174996674060822,-0.05078125,0,0.32144530862569809,35,34,0,0,1,0,1,1,1.6523950000000001
2272,23.323325559000001,MINUS_10_RETURN,J2A,0,1,-8.7232683830686728,1.957505926311728,-9.3861302340287054,-0.10413610817423147,2.091267418995375,1.0803908034455436,6.2358384132385254,2.585338830947876,-0.34361249208450317,-0.073631249368190765,-0.04296875,0,0.27199218422174454,35,34,0,0,1,0,1,1,1.729705
2273,23.333261387,MINUS_10_RETURN,J2A,0,1,-8.7036181127901244,1.972539358024691,-9.353151102226434,-0.10239888784306875,2.5210484547375041,1.3042730466411352,6.2321949005126953,2.5855307579040527,-0.024543749168515205,-0.024543749168515205,-0.0234375,0,0.14835937321186066,35,34,0,0,1,0,1,1,1.6489499999999999
2274,23.343406181999999,MINUS_10_RETURN,J2A,0,1,-8.6838177734375002,1.9875195312499996,-9.3253814733799718,-0.10239888784306875,2.5967462072135752,1.4475785167296495,6.2291269302368164,2.5855307579040527,-0.46633124351501465,-0.24543750286102295,-0.05078125,0,0.32144530862569809,35,34,0,0,1,0,1,1,1.714845
2275,23.353276277999999,MINUS_10_RETURN,J2A,0,1,-8.6638679038765432,2.0024451913580243,-9.3080265343697715,-0.1006638255495845,2.3033024180222776,1.4786542031519572,6.2272095680236816,2.5857224464416504,-0.24543750286102295,0,-0.06640625,0,0.42035155743360519,35,34,0,0,1,0,1,1,1.591518
2276,23.363374742000001,MINUS_10_RETURN,J2A,0,1,-8.643769055472994,2.0173150929783952,-9.2872014707726045,-0.10239888784306875,2.2189169576867327,1.5370088931145478,6.2249088287353516,2.5855307579040527,-0.29452499747276306,-0.36815625429153442,-0.05859375,0,0.37089843302965164,35,34,0,0,1,0,1,1,1.7517149999999999
2277,23.373265733,MINUS_10_RETURN,J2A,0,1,-8.623521792,2.0321280000000002,-9.2698422156870492,-0.1006638255495845,2.0565660465965911,1.5588137249745833,6.2229909896850586,2.5857224464416504,-0.26998123526573181,-0.14726249873638153,-0.06640625,0,0.42035155743360519,35,34,0,0,1,0,1,1,1.667629
2278,23.383291176,MINUS_10_RETURN,J2A,0,1,-8.6031266895455243,2.0468826855709881,-9.2490171520898805,-0.098928763256100269,2.0637953802477593,1.6106544810371177,6.2206902503967285,2.585914134979248,-0.22089375555515289,0.12271875143051147,-0.0546875,0,0.34617187082767487,35,34,0,0,1,0,1,1,1.6808380000000001
2279,23.393339777000001,MINUS_10_RETURN,J2A,0,1,-8.5825843364197532,2.0615779320987655,-9.21777739865645,-0.098928763256100269,2.4295700775499887,1.7604756273302475,6.2172389030456543,2.585914134979248,-0.4908750057220459,-0.22089375555515289,-0.0546875,0,0.34617187082767487,35,34,0,0,1,0,1,1,1.7287360000000001
2280,23.403241209000001,MINUS_10_RETURN,J2A,0,1,-8.5618953330625001,2.0762125312500004,-9.1743835770179185,-0.097193700962616036,3.113123684164993,2.0226861028136516,6.2124447822570801,2.5861058235168457,-0.61359375715255737,-0.14726249873638153,-0.01953125,0,0.12363281100988388,35,34,0,0,1,0,1,1,1.531839
2281,23.413374348000001,MINUS_10_RETURN,J2A,0,1,-8.5410602919506182,2.090785283950618,-9.129259009161256,-0.09545648063145333,3.5821391091274268,2.2657342680809096,6.2074594497680664,2.5862977504730225,-0.58904999494552612,0.049087498337030411,-0.02734375,0,0.17308593541383743,35,34,0,0,1,0,1,1,1.674353
2282,23.423376702999999,MINUS_10_RETURN,J2A,0,1,-8.520079837505401,2.1052950003858029,-9.103224442608278,-0.09372141833796907,3.2393857108965012,2.2994452098338685,6.2045831680297852,2.5864894390106201,-0.12271875143051147,0,-0.04296875,0,0.27199218422174454,35,34,0,0,1,0,1,1,1.6710229999999999
2283,23.433260088000001,MINUS_10_RETURN,J2A,0,1,-8.4989546059999999,2.1197404999999994,-9.0858695035980794,-0.091986356044484838,2.7201906176230137,2.2450978047191352,6.2026658058166504,2.5866811275482178,-0.14726249873638153,0.31906875967979431,-0.06640625,0,0.42035155743360519,35,34,0,0,1,0,1,1,1.6134809999999999
2284,23.443267253999998,MINUS_10_RETURN,J2A,0,1,-8.4776852454668212,2.1341206114969138,-9.070249626881365,-0.09372141833796907,2.3144281049478694,2.1766749395309102,6.2009401321411133,2.5864894390106201,-0.29452499747276306,-0.14726249873638153,-0.05859375,0,0.37089843302965164,35,34,0,0,1,0,1,1,1.611964
2285,23.453259049,MINUS_10_RETURN,J2A,0,1,-8.4562724156049391,2.1484341728395067,-9.0580998747516155,-0.09372141833796907,1.92996878978024,2.0806047374532834,6.1995978355407715,2.5864894390106201,-0.24543750286102295,-0.22089375555515289,-0.0703125,0,0.44507811963558197,35,34,0,0,1,0,1,1,1.580198
2286,23.463362075999999,MINUS_10_RETURN,J2A,0,1,-8.4347167876874991,2.1626800312499999,-9.0442150603283871,-0.091986356044484838,1.7354924878583198,2.0099764849940018,6.198063850402832,2.5866811275482178,-0.39269998669624329,0.073631249368190765,-0.06640625,0,0.42035155743360519,35,34,0,0,1,0,1,1,1.671667
2287,23.473347207,MINUS_10_RETURN,J2A,0,1,-8.4130190444691362,2.1768570432098771,-9.0355354327856077,-0.091986356044484838,1.432309454576052,1.8959043614855,6.1971049308776855,2.5866811275482178,0.024543749168515205,0,-0.0703125,0,0.44507811963558197,35,34,0,0,1,0,1,1,1.6065670000000001
2288,23.483322943000001,MINUS_10_RETURN,J2A,0,1,-8.3911798800933646,2.1909640744598766,-9.0181804937754091,-0.091986356044484838,1.5399014465217702,1.8802854399219033,6.1951875686645508,2.5866811275482178,-0.68722498416900635,0.024543749168515205,-0.05859375,0,0.37089843302965164,35,34,0,0,1,0,1,1,1.6942539999999999
2289,23.493382790999998,MINUS_10_RETURN,J2A,0,1,-8.3691999999999993,2.2050000000000001,-9.0008255547652105,-0.090251293751000605,1.604745128367151,1.8647738068234274,6.193270206451416,2.5868728160858154,-0.26998123526573181,0.19634999334812164,-0.05078125,0,0.32144530862569809,35,34,0,0,1,0,1,1,1.644711
2290,23.503343327,MINUS_10_RETURN,J2A,0,1,-8.3470801208325618,2.2189637040895063,-8.9747909882122325,-0.091986356044484838,1.9579044087379249,1.9396735905123066,6.1903939247131348,2.5866811275482178,-0.14726249873638153,-0.34361249208450317,-0.0390625,0,0.24726562201976776,35,34,0,0,1,0,1,1,1.654407
2291,23.513268595,MINUS_10_RETURN,J2A,0,1,-8.3248209703456784,2.2328540802469141,-8.9400811101918336,-0.090251293751000605,2.4966307399415566,2.0954184812501917,6.1865592002868652,2.5868728160858154,-0.36815625429153442,-0.26998123526573181,-0.0390625,0,0.24726562201976776,35,34,0,0,1,0,1,1,1.529161
2292,23.523389398999999,MINUS_10_RETURN,J2A,0,1,-8.3024232873125001,2.2466700312499999,-8.9105721029765306,-0.088514073419837885,2.6432973380293427,2.1774444494301246,6.1832990646362305,2.5870647430419922,-0.26998123526573181,-0.049087498337030411,-0.0546875,0,0.34617187082767487,35,34,0,0,1,0,1,1,1.6529339999999999
2293,23.533402773999999,MINUS_10_RETURN,J2A,0,1,-8.2798878214320997,2.2604104691358025,-8.8897470393793636,-0.086779011126353667,2.446046924481688,2.1676724772764309,6.1809983253479004,2.5872564315795898,-0.58904999494552612,0.073631249368190765,-0.06640625,0,0.42035155743360519,35,34,0,0,1,0,1,1,1.712737
2294,23.543365024,MINUS_10_RETURN,J2A,0,1,-8.2572153332368821,2.2740743152006173,-8.8775972872496158,-0.086779011126353667,2.0167831943720365,2.0728631419656276,6.1796560287475586,2.5872564315795898,-0.19634999334812164,0,-0.07421875,0,0.46980468183755875,35,34,0,0,1,0,1,1,1.627024
2295,23.553386867,MINUS_10_RETURN,J2A,0,1,-8.2344065939999993,2.2876605000000003,-8.8619774105328997,-0.086779011126353667,1.8564132167330043,2.0214351535951165,6.1779303550720215,2.5872564315795898,-0.7117687463760376,-0.049087498337030411,-0.06640625,0,0.42035155743360519,35,34,0,0,1,0,1,1,1.6466400000000001
2296,23.563383536,MINUS_10_RETURN,J2A,0,1,-8.2114623856427471,2.3011679633487656,-8.8515627206966396,-0.088514073419837885,1.5713041952653937,1.9234732394895879,6.1767797470092773,2.5870647430419922,-0.19634999334812164,-0.58904999494552612,-0.0703125,0,0.44507811963558197,35,34,0,0,1,0,1,1,1.6085149999999999
2297,23.573391526000002,MINUS_10_RETURN,J2A,0,1,-8.1883835006419758,2.3145956543209887,-8.8376779062734077,-0.085043948832869407,1.5069282528952828,1.8698632086757081,6.1752457618713379,2.5874481201171875,-0.19634999334812164,-0.024543749168515205,-0.0703125,0,0.44507811963558197,35,34,0,0,1,0,1,1,1.6517029999999999
2298,23.583386801,MINUS_10_RETURN,J2A,0,1,-8.1651707419374997,2.3279425312499997,-8.8220580295566915,-0.085043948832869407,1.5264574852892454,1.8391494937816548,6.1735200881958008,2.5874481201171875,-0.14726249873638153,0.049087498337030411,-0.0703125,0,0.44507811963558197,35,34,0,0,1,0,1,1,1.6477269999999999
2299,23.593361552000001,MINUS_10_RETURN,J2A,0,1,-8.1418249228395059,2.3412075617283952,-8.7960234630037135,-0.085043948832869407,1.9057137322667121,1.9162392206402616,6.1706438064575195,2.5874481201171875,-0.58904999494552612,-0.098174996674060822,-0.05859375,0,0.37089843302965164,35,34,0,0,1,0,1,1,1.6232759999999999
2300,23.603322003999999,MINUS_10_RETURN,J2A,0,1,-8.1183468669359566,2.3543897226080244,-8.7561040820275053,-0.081571666208222468,2.6414397602704294,2.1253941083753976,6.1662335395812988,2.5878317356109619,-0.4908750057220459,0.22089375555515289,-0.03515625,0,0.22253905981779099,35,34,0,0,1,0,1,1,1.6389689999999999
2301,23.613361706999999,MINUS_10_RETURN,J2A,0,1,-8.0947374079999985,2.3674879999999998,-8.695359637454132,-0.081571666208222468,3.8345837069342634,2.5178969440402819,6.159522533416748,2.5878317356109619,-0.88357502222061157,-0.24543750286102295,-0.01953125,0,0.12363281100988388,35,34,0,0,1,0,1,1,1.6254949999999999
2302,23.623389705000001,MINUS_10_RETURN,J2A,0,1,-8.0709973898973768,2.3805013892746913,-8.655440256477922,-0.079836603914738222,3.8857568455090563,2.6641865170653354,6.1551122665405273,2.5880234241485596,-0.44178751111030579,-0.17180624604225159,-0.0390625,0,0.24726562201976776,35,34,0,0,1,0,1,1,1.6961569999999999
2303,23.633341351999999,MINUS_10_RETURN,J2A,0,1,-8.0471276664938269,2.393428895061728,-8.6294056899249458,-0.078101541621253989,3.4413791595365701,2.6593784967747114,6.1522359848022461,2.5882151126861572,-0.34361249208450317,-0.049087498337030411,-0.04296875,0,0.27199218422174454,35,34,0,0,1,0,1,1,1.5984970000000001
2304,23.643334058000001,MINUS_10_RETURN,J2A,0,1,-8.0231291015624997,2.40626953125,-8.5981659364915153,-0.076366479327769743,3.3310859256694751,2.7060662105174416,6.1487846374511719,2.5884068012237549,-0.83448749780654907,0.098174996674060822,-0.04296875,0,0.27199218422174454,35,34,0,0,1,0,1,1,1.6182890000000001
2305,23.653337349000001,MINUS_10_RETURN,J2A,0,1,-7.999002568691358,2.4190223209876542,-8.5617166801022755,-0.078101541621253989,3.4405101226729311,2.7998322383193468,6.1447577476501465,2.5882151126861572,-0.46633124351501465,-0.39269998669624329,-0.0234375,0,0.14835937321186066,35,34,0,0,1,0,1,1,1.5995900000000001
2306,23.663445346,MINUS_10_RETURN,J2A,0,1,-7.9747489511905867,2.431686296682098,-8.4992371732354144,-0.076366479327769743,4.3997500496285529,3.1379685773134547,6.137855052947998,2.5884068012237549,-1.1044687032699585,-0.39269998669624329,-0.01171875,0,0.074179686605930328,35,34,0,0,1,0,1,1,1.7165280000000001
2307,23.673365130000001,MINUS_10_RETURN,J2A,0,1,-7.9503691419999996,2.4442605000000004,-8.4489031024229444,-0.072894196703122791,4.6357758777268518,3.3315826754301927,6.1322941780090332,2.5887904167175293,-0.61359375715255737,-0.024543749168515205,-0.01171875,0,0.074179686605930328,35,34,0,0,1,0,1,1,1.6746840000000001
2308,23.683340369,MINUS_10_RETURN,J2A,0,1,-7.9258640435964507,2.4567439818672838,-8.4107187837402186,-0.072894196703122791,4.3530228753365385,3.3812154235483405,6.1280755996704102,2.5887904167175293,-0.26998123526573181,-0.24543750286102295,-0.0234375,0,0.14835937321186066,35,34,0,0,1,0,1,1,1.6489560000000001
2309,23.693336003999999,MINUS_10_RETURN,J2A,0,1,-7.9012345679012341,2.4691358024691348,-8.3708037188393689,-0.067686851784991606,4.2271022091976089,3.442418835544609,6.1236658096313477,2.5893657207489014,-0.80994373559951782,0.53996247053146362,-0.01953125,0,0.12363281100988388,35,34,0,0,1,0,1,1,1.5925990000000001
2310,23.703338315,MINUS_10_RETURN,J2A,0,1,-7.8764816361874992,2.4814350312500002,-8.3135250827776037,-0.069424072116154298,4.7519055069357439,3.6708309722636616,6.117337703704834,2.5891737937927246,-0.9326624870300293,0,0.0078125,0,-0.049453124403953552,35,34,0,0,1,0,1,1,1.600212
2311,23.713295695999999,MINUS_10_RETURN,J2A,0,1,-7.8516061789876543,2.4936407469135804,-8.2406308860744808,-0.065951789491507359,5.650955375882118,4.0358098168584053,6.1092844009399414,2.589557409286499,-0.9817500114440918,0.12271875143051147,0.01953125,0,-0.12363281100988388,35,34,0,0,1,0,1,1,1.557185
2312,23.723295993000001,MINUS_10_RETURN,J2A,0,1,-7.8266091360007719,2.5057520374228393,-8.1920361936308499,-0.064216727198023113,5.3738847171676749,4.1181613274137927,6.1039156913757324,2.5897490978240967,-0.9817500114440918,0.098174996674060822,-0.0078125,0,0.049453124403953552,35,34,0,0,1,0,1,1,1.5690740000000001
2313,23.733332775000001,MINUS_10_RETURN,J2A,0,1,-7.801491455999999,2.5177680000000002,-8.1538518749481277,-0.064216727198023113,4.8245785002130956,4.086789032973587,6.0996971130371094,2.5897490978240967,-0.4908750057220459,0,-0.0078125,0,0.049453124403953552,35,34,0,0,1,0,1,1,1.5906169999999999
2314,23.743321692999999,MINUS_10_RETURN,J2A,0,1,-7.7762540967399687,2.5296877411265428,-8.1139324939719195,-0.062481664904538874,4.5347044301245285,4.0777468168150897,6.0952868461608887,2.5899407863616943,-0.68722498416900635,-0.024543749168515205,-0.0078125,0,0.049453124403953552,35,34,0,0,1,0,1,1,1.632258
2315,23.75324457,MINUS_10_RETURN,J2A,0,1,-7.7508980248641981,2.5415103765432105,-8.0722780507022254,-0.062481664904538874,4.416794588288651,4.0897540519072111,6.0906848907470703,2.5899407863616943,-0.80994373559951782,-0.19634999334812164,-0.00390625,0,0.024726562201976776,35,34,0,0,1,0,1,1,1.507444
2316,23.763291517999999,MINUS_10_RETURN,J2A,0,1,-7.7254242158125006,2.5532350312500003,-8.0393032349753106,-0.060744444573376168,4.0196419962870547,4.0089859364020421,6.0870418548583984,2.5901327133178711,-0.36815625429153442,0.049087498337030411,-0.0078125,0,0.049453124403953552,35,34,0,0,1,0,1,1,1.552287
2317,23.773233839,MINUS_10_RETURN,J2A,0,1,-7.6998336537283949,2.5648608395061734,-8.0271534828455646,-0.060744444573376168,3.0404756008500686,3.7302897151228329,6.0856995582580566,2.5901327133178711,0.049087498337030411,-0.24543750286102295,-0.0546875,0,0.34617187082767487,35,34,0,0,1,0,1,1,1.492356
2318,23.783296123,MINUS_10_RETURN,J2A,0,1,-7.6741273313665124,2.5763869448302468,-8.0184738553027852,-0.060744444573376168,2.2782157096747038,3.4435197633597383,6.0847406387329102,2.5901327133178711,-0.073631249368190765,-0.24543750286102295,-0.04296875,0,0.27199218422174454,35,34,0,0,1,0,1,1,1.554071
2319,23.793243825000001,MINUS_10_RETURN,J2A,0,1,-7.648306250000001,2.5878124999999996,-8.0150037307158186,-0.059009382279891921,1.6029330931861168,3.1340514675659241,6.0843572616577148,2.5903244018554688,0.12271875143051147,0.12271875143051147,-0.05078125,0,0.32144530862569809,35,34,0,0,1,0,1,1,1.551226
2320,23.803300211,MINUS_10_RETURN,J2A,0,1,-7.6223714193279317,2.5991366670524703,-8.0115336061288502,-0.059009382279891921,1.1626798784030272,2.8551529973327754,6.0839738845825195,2.5903244018554688,-0.049087498337030411,0.098174996674060822,-0.05078125,0,0.32144530862569809,35,34,0,0,1,0,1,1,1.563504
2321,23.813346964000001,MINUS_10_RETURN,J2A,0,1,-7.5963238573827159,2.6103586172839499,-8.0115336061288502,-0.060744444573376168,0.75574192096196768,2.5696376975994979,6.0839738845825195,2.5901327133178711,0,-0.34361249208450317,-0.06640625,0,0.42035155743360519,35,34,0,0,1,0,1,1,1.6280319999999999
2322,23.823340973000001,MINUS_10_RETURN,J2A,0,1,-7.5701645904374999,2.62147753125,-8.0080634815418819,-0.059009382279891921,0.61275941609520734,2.3473959756880989,6.0835905075073242,2.5903244018554688,-0.24543750286102295,0.073631249368190765,-0.0703125,0,0.44507811963558197,35,34,0,0,1,0,1,1,1.6003069999999999
2323,23.833339651999999,MINUS_10_RETURN,J2A,0,1,-7.54389465291358,2.6324925987654324,-8.0063241031730392,-0.060744444573376168,0.45917990644976309,2.1300524598301114,6.0833983421325684,2.5901327133178711,-0.41724374890327454,-0.36815625429153442,-0.0703125,0,0.44507811963558197,35,34,0,0,1,0,1,1,1.5997189999999999
2324,23.843280699000001,MINUS_10_RETURN,J2A,0,1,-7.5175150872878085,2.6434030189043205,-8.0045890408795568,-0.060744444573376168,0.3595542474727258,1.9345007304986372,6.0832066535949707,2.5901327133178711,-0.22089375555515289,-0.26998123526573181,-0.06640625,0,0.42035155743360519,35,34,0,0,1,0,1,1,1.5388850000000001
2325,23.853345403999999,MINUS_10_RETURN,J2A,0,1,-7.4910269439999997,2.6542080000000001,-8.0045890408795568,-0.060744444573376168,0.23371026085727178,1.7410506574487736,6.0832066535949707,2.5901327133178711,-0.024543749168515205,-0.24543750286102295,-0.08203125,0,0.5192578062415123,35,34,0,0,1,0,1,1,1.6054349999999999
2326,23.863341393999999,MINUS_10_RETURN,J2A,0,1,-7.4644312813603388,2.6649067596450622,-8.0011189162925884,-0.062481664904538874,0.27341475283751326,1.6016607583554068,6.0828232765197754,2.5899407863616943,0.024543749168515205,-0.58904999494552612,-0.0703125,0,0.44507811963558197,35,34,0,0,1,0,1,1,1.6011930000000001
2327,23.873337569,MINUS_10_RETURN,J2A,0,1,-7.4377291654567905,2.6754985246913576,-7.9941786671186517,-0.059009382279891921,0.42072125857061843,1.510923730870219,6.0820565223693848,2.5903244018554688,-0.61359375715255737,0.12271875143051147,-0.06640625,0,0.42035155743360519,35,34,0,0,1,0,1,1,1.596767
2328,23.883345165000001,MINUS_10_RETURN,J2A,0,1,-7.4109216700624998,2.6859825312499996,-7.9941786671186517,-0.059009382279891921,0.27346881807090201,1.3598313577831971,6.0820565223693848,2.5903244018554688,-0.049087498337030411,0.024543749168515205,-0.0703125,0,0.44507811963558197,35,34,0,0,1,0,1,1,1.5933660000000001
2329,23.893315692000002,MINUS_10_RETURN,J2A,0,1,-7.3840098765432103,2.696358024691357,-7.9889691641628415,-0.059009382279891921,0.36062631260971811,1.2760972451087722,6.0814809799194336,2.5903244018554688,0,-0.073631249368190765,-0.0859375,0,0.54398436844348907,35,34,0,0,1,0,1,1,1.576975
2330,23.903279469000001,MINUS_10_RETURN,J2A,0,1,-7.3569948737646591,2.7066242596450625,-7.9837639772823881,-0.059009382279891921,0.41725095931220751,1.2007286223452924,6.0809059143066406,2.5903244018554688,-0.24543750286102295,0.31906875967979431,-0.0859375,0,0.54398436844348907,35,34,0,0,1,0,1,1,1.562681
2331,23.913325112999999,MINUS_10_RETURN,J2A,0,1,-7.3298777580000003,2.7167805,-7.9802938526954197,-0.057274319986407682,0.39211563666599825,1.1151993352859242,6.0805225372314453,2.5905160903930664,-0.24543750286102295,0.22089375555515289,-0.0859375,0,0.54398436844348907,35,34,0,0,1,0,1,1,1.628978
2332,23.923277379999998,MINUS_10_RETURN,J2A,0,1,-7.3026596328371927,2.7268260189043203,-7.9802938526954197,-0.059009382279891921,0.25487516383289888,1.0036794017573318,6.0805225372314453,2.5903244018554688,0.12271875143051147,-0.12271875143051147,-0.08984375,0,0.56871093064546585,35,34,0,0,1,0,1,1,1.53616
2333,23.933227957,MINUS_10_RETURN,J2A,0,1,-7.2753416090864196,2.7367600987654321,-7.9750843497396096,-0.059009382279891921,0.34890707820790162,0.95566523921488933,6.0799469947814941,2.5903244018554688,0,-0.12271875143051147,-0.09375,0,0.59343749284744263,35,34,0,0,1,0,1,1,1.489933
2334,23.943276893,MINUS_10_RETURN,J2A,0,1,-7.2479248046875,2.74658203125,-7.9716142251526421,-0.059009382279891921,0.34765250666303349,0.89463097410137116,6.0795636177062988,2.5903244018554688,-0.31906875967979431,-0.049087498337030411,-0.1015625,0,0.64289061725139618,35,34,0,0,1,0,1,1,1.5384059999999999
2335,23.953221264,MINUS_10_RETURN,J2A,0,1,-7.2204103446172851,2.7562911172839506,-7.9664090382721877,-0.057274319986407682,0.40917479714184712,0.85751092463719836,6.0789885520935059,2.5905160903930664,-0.44178751111030579,0.12271875143051147,-0.09375,0,0.59343749284744263,35,34,0,0,1,0,1,1,1.484332
2336,23.963336534,MINUS_10_RETURN,J2A,0,1,-7.1927993607970677,2.7658866670524689,-7.9646696599033486,-0.059009382279891921,0.32614811436362418,0.78895540252245666,6.07879638671875,2.5903244018554688,0.073631249368190765,-0.17180624604225159,-0.08984375,0,0.56871093064546585,35,34,0,0,1,0,1,1,1.5997300000000001
2337,23.97323579,MINUS_10_RETURN,J2A,0,1,-7.1650929919999999,2.7753679999999998,-7.957729410729411,-0.059009382279891921,0.45737705960729147,0.78016865806190694,6.0780296325683594,2.5903244018554688,-0.22089375555515289,-0.19634999334812164,-0.08984375,0,0.56871093064546585,35,34,0,0,1,0,1,1,1.4984660000000001
2338,23.983286550999999,MINUS_10_RETURN,J2A,0,1,-7.1372923837584885,2.7847344448302458,-7.9507848454801167,-0.060744444573376168,0.5391273079422042,0.77124671202642048,6.0772624015808105,2.5901327133178711,-0.34361249208450317,-0.53996247053146362,-0.10546875,0,0.66761717945337296,35,34,0,0,1,0,1,1,1.547123
2339,23.993223780000001,MINUS_10_RETURN,J2A,0,1,-7.1093986882716047,2.7939853395061731,-7.9421095340126948,-0.057274319986407682,0.65598664386831929,0.78142315331117462,6.0763039588928223,2.5905160903930664,-0.31906875967979431,0.14726249873638153,-0.10546875,0,0.66761717945337296,35,34,0,0,1,0,1,1,1.4871669999999999
2340,24.003227030000001,MINUS_10_RETURN,J2A,0,1,-7.0814130643124997,2.8031200312499998,-7.9369000310568874,-0.057274319986407682,0.60866468312416222,0.75535894215427279,6.0757284164428711,2.5905160903930664,-0.19634999334812164,0.073631249368190765,-0.09375,0,0.59343749284744263,35,34,0,0,1,0,1,1,1.5194970000000001
2341,24.013231593,MINUS_10_RETURN,J2A,0,1,-7.0533366771358033,2.8121378765432103,-7.9264896572959795,-0.057274319986407682,0.75982894261769118,0.78387930467798428,6.0745782852172852,2.5905160903930664,-0.073631249368190765,-0.024543749168515205,-0.1015625,0,0.64289061725139618,35,34,0,0,1,0,1,1,1.491161
2342,24.023288773000001,MINUS_10_RETURN,J2A,0,1,-7.0251706983850317,2.8210382411265433,-7.9091304022104234,-0.057274319986407682,1.0980083849816396,0.87809696629022582,6.0726604461669922,2.5905160903930664,-0.53996247053146362,-0.073631249368190765,-0.10546875,0,0.66761717945337296,35,34,0,0,1,0,1,1,1.5910420000000001
2343,24.033225567999999,MINUS_10_RETURN,J2A,0,1,-6.996916306000001,2.8298205000000003,-7.8935105254937081,-0.055539257692923442,1.2638785041102092,0.94747957076752998,6.0709347724914551,2.5907077789306641,-0.19634999334812164,0.17180624604225159,-0.109375,0,0.69234374165534973,35,34,0,0,1,0,1,1,1.533806
2344,24.043350621999998,MINUS_10_RETURN,J2A,0,1,-6.9685746841242278,2.8384840374228388,-7.8657408966472468,-0.055539257692923442,1.7814536953158684,1.1269980901605576,6.0678668022155762,2.5907077789306641,-0.68722498416900635,0.073631249368190765,-0.08203125,0,0.5192578062415123,35,34,0,0,1,0,1,1,1.626984
2345,24.053227262,MINUS_10_RETURN,J2A,0,1,-6.9401470230123463,2.8470282469135801,-7.8292959563333637,-0.055539257692923442,2.4494498175801578,1.3832996856087427,6.063840389251709,2.5907077789306641,-0.88357502222061157,-0.14726249873638153,-0.07421875,0,0.46980468183755875,35,34,0,0,1,0,1,1,1.4824349999999999
2346,24.063289171000001,MINUS_10_RETURN,J2A,0,1,-6.9116345189374995,2.8554525312500001,-7.8015263274869016,-0.053802037361760743,2.5580992486836904,1.5209573934068936,6.0607724189758301,2.5908997058868408,-0.36815625429153442,0,-0.09375,0,0.59343749284744263,35,34,0,0,1,0,1,1,1.5382530000000001
2347,24.073278895000001,MINUS_10_RETURN,J2A,0,1,-6.8830383740987644,2.8637563024691359,-7.7806969478143779,-0.055539257692923442,2.3925427202698786,1.5773697136734841,6.0584712028503418,2.5907077789306641,-0.24543750286102295,-0.36815625429153442,-0.10546875,0,0.66761717945337296,35,34,0,0,1,0,1,1,1.540052
2348,24.083221701999999,MINUS_10_RETURN,J2A,0,1,-6.8543597965285494,2.8719389818672831,-7.759871884217211,-0.053802037361760743,2.2882226405977524,1.6290812772839447,6.0561704635620117,2.5908997058868408,-0.36815625429153442,-0.22089375555515289,-0.1015625,0,0.64289061725139618,35,34,0,0,1,0,1,1,1.530033
2349,24.093278304999998,MINUS_10_RETURN,J2A,0,1,-6.8255999999999997,2.8800000000000003,-7.7390425045446856,-0.052066975068276504,2.2122697119744936,1.6732945768658232,6.0538692474365234,2.5910913944244385,0.024543749168515205,0.098174996674060822,-0.08984375,0,0.56871093064546585,35,34,0,0,1,0,1,1,1.5858559999999999
2350,24.103231248,MINUS_10_RETURN,J2A,0,1,-6.7967602039344124,2.8879387966820991,-7.7095378134047392,-0.053802037361760743,2.4755218855890053,1.8024069971236938,6.0506095886230469,2.5908997058868408,-0.36815625429153442,-0.36815625429153442,-0.07421875,0,0.46980468183755875,35,34,0,0,1,0,1,1,1.4941720000000001
2351,24.113276032000002,MINUS_10_RETURN,J2A,0,1,-6.7678416333086417,2.8957548209876545,-7.6609431209611101,-0.050331912774792251,3.3023204942462558,2.1059466598722967,6.0452408790588379,2.5912830829620361,-0.90811872482299805,-0.24543750286102295,-0.05078125,0,0.32144530862569809,35,34,0,0,1,0,1,1,1.536991
2352,24.123231273999998,MINUS_10_RETURN,J2A,0,1,-6.7388455185624991,2.9034475312500003,-7.6036644848993458,-0.050331912774792251,4.1602737949295427,2.4707135577906318,6.0389127731323242,2.5912830829620361,-0.56450623273849487,-0.19634999334812164,-0.05859375,0,0.37089843302965164,35,34,0,0,1,0,1,1,1.492286
2353,24.133225914000001,MINUS_10_RETURN,J2A,0,1,-6.7097730955061721,2.9110163950617292,-7.5724247314659152,-0.048596850481308018,3.7981557089438756,2.5362072712229038,6.03546142578125,2.5914747714996338,-0.34361249208450317,-0.049087498337030411,-0.09375,0,0.59343749284744263,35,34,0,0,1,0,1,1,1.482912
2354,24.14326702,MINUS_10_RETURN,J2A,0,1,-6.6806256052276236,2.9184608892746917,-7.5568048547491999,-0.048596850481308018,3.0132588483338072,2.4381458691064104,6.0337357521057129,2.5914747714996338,-0.14726249873638153,-0.85903126001358032,-0.109375,0,0.69234374165534973,35,34,0,0,1,0,1,1,1.523093
2355,24.153306101999998,MINUS_10_RETURN,J2A,0,1,-6.6514042940000007,2.9257805000000001,-7.5446551026194539,-0.048596850481308018,2.3822041176756281,2.3153558154125276,6.0323934555053711,2.5914747714996338,-0.31906875967979431,-0.26998123526573181,-0.09375,0,0.59343749284744263,35,34,0,0,1,0,1,1,1.564843
2356,24.163321479,MINUS_10_RETURN,J2A,0,1,-6.6221104131890431,2.9329747226080256,-7.5342404127831903,-0.046859630150145312,1.9123871679368125,2.1878072314277475,6.031242847442627,2.5916666984558105,-0.39269998669624329,0.024543749168515205,-0.1171875,0,0.74179686605930328,35,34,0,0,1,0,1,1,1.582014
2357,24.173319373000002,MINUS_10_RETURN,J2A,0,1,-6.5927452191604949,2.9400430617283946,-7.5255651013157703,-0.048596850481308018,1.5467515197092201,2.0557978970136275,6.0302844047546387,2.5914747714996338,-0.44178751111030579,-0.34361249208450317,-0.10546875,0,0.66761717945337296,35,34,0,0,1,0,1,1,1.5822890000000001
2358,24.183303855999998,MINUS_10_RETURN,J2A,0,1,-6.5633099731874998,2.9469850312500001,-7.5186205360664751,-0.046859630150145312,1.2488260135450884,1.9197716860934348,6.0295171737670898,2.5916666984558105,-0.14726249873638153,-0.073631249368190765,-0.1328125,0,0.84070311486721039,35,34,0,0,1,0,1,1,1.5491010000000001
2359,24.193301437999999,MINUS_10_RETURN,J2A,0,1,-6.5338059413580245,2.9538001543209873,-7.5064707839367291,-0.046859630150145312,1.2370810815663724,1.8493214239875386,6.028174877166748,2.5916666984558105,-0.36815625429153442,-0.41724374890327454,-0.1328125,0,0.84070311486721039,35,34,0,0,1,0,1,1,1.5634490000000001
2360,24.203247635,MINUS_10_RETURN,J2A,0,1,-6.5042343944822534,2.9604879633487653,-7.4943253478823397,-0.045124567856661073,1.2314924499772717,1.7865006378628219,6.0268330574035645,2.5918583869934082,-0.024543749168515205,0.34361249208450317,-0.12109375,0,0.76652342826128006,35,34,0,0,1,0,1,1,1.6202829999999999
2361,24.213256421000001,MINUS_10_RETURN,J2A,0,1,-6.4745966080000006,2.9670479999999988,-7.4665557190358776,-0.046859630150145312,1.7715539078711835,1.8853030927582417,6.0237650871276855,2.5916666984558105,-0.80994373559951782,-0.17180624604225159,-0.1015625,0,0.64289061725139618,35,34,0,0,1,0,1,1,1.5091190000000001
2362,24.223301771999999,MINUS_10_RETURN,J2A,0,1,-6.4448938618881169,2.9734798152006165,-7.4387860901894154,-0.045124567856661073,2.1190591179198237,1.973215377140576,6.0206971168518066,2.5918583869934082,-0.26998123526573181,0,-0.09375,0,0.59343749284744263,35,34,0,0,1,0,1,1,1.5647359999999999
2363,24.23330906,MINUS_10_RETURN,J2A,0,1,-6.4151274405679004,2.979782969135802,-7.4023368338001765,-0.045124567856661073,2.6521833297457911,2.1401209545973487,6.0166702270507812,2.5918583869934082,-0.44178751111030579,-0.22089375555515289,-0.0859375,0,0.54398436844348907,35,34,0,0,1,0,1,1,1.5697509999999999
2364,24.243317077,MINUS_10_RETURN,J2A,0,1,-6.3852986328124999,2.9859570312499994,-7.3693620180732626,-0.043389505563176833,2.8771131991190009,2.2555928690759672,6.0130271911621094,2.5920500755310059,-0.098174996674060822,0,-0.08984375,0,0.56871093064546585,35,34,0,0,1,0,1,1,1.576695
2365,24.253314083999999,MINUS_10_RETURN,J2A,0,1,-6.35540873165432,2.9920015802469129,-7.3415923892267996,-0.043389505563176833,2.8423515768932903,2.3078130100157819,6.0099592208862305,2.5920500755310059,-0.68722498416900635,-0.024543749168515205,-0.10546875,0,0.66761717945337296,35,34,0,0,1,0,1,1,1.5848899999999999
2366,24.263236192000001,MINUS_10_RETURN,J2A,0,1,-6.3254590342924377,2.9979162040895058,-7.3242331341412452,-0.041654443269692587,2.4598721197029683,2.2519870217920119,6.0080413818359375,2.5922417640686035,0.073631249368190765,0.14726249873638153,-0.109375,0,0.69234374165534973,35,34,0,0,1,0,1,1,1.548511
2367,24.273250258000001,MINUS_10_RETURN,J2A,0,1,-6.2954508420000002,3.0037004999999999,-7.2999379459571081,-0.041654443269692587,2.4480540678801632,2.2693989453480201,6.0053572654724121,2.5922417640686035,-0.41724374890327454,0.12271875143051147,-0.1015625,0,0.64289061725139618,35,34,0,0,1,0,1,1,1.50658
2368,24.28331464,MINUS_10_RETURN,J2A,0,1,-6.2653854600316361,3.0093540744598761,-7.2721683171106468,-0.045124567856661073,2.5569546583716596,2.3183789120273763,6.0022892951965332,2.5918583869934082,-0.31906875967979431,-0.024543749168515205,-0.09375,0,0.59343749284744263,35,34,0,0,1,0,1,1,1.616201
2369,24.293319354000001,MINUS_10_RETURN,J2A,0,1,-6.2352641975308654,3.0148765432098763,-7.2218342462981751,-0.039917222938529881,3.4228829358388664,2.5896445659381495,5.9967284202575684,2.5924336910247803,-0.58904999494552612,0.12271875143051147,-0.06640625,0,0.42035155743360519,35,34,0,0,1,0,1,1,1.5779989999999999
2370,24.303421552,MINUS_10_RETURN,J2A,0,1,-6.205088367437499,3.0202675312499991,-7.1437305466392429,-0.039917222938529881,4.930848873409829,3.103815813662782,5.9880995750427246,2.5924336910247803,-1.153556227684021,-0.24543750286102295,-0.04296875,0,0.27199218422174454,35,34,0,0,1,0,1,1,1.679751
2371,24.313310119,MINUS_10_RETURN,J2A,0,1,-6.174859286395062,3.0255266728395065,-7.0986059787825821,-0.039917222938529881,4.8022092476454734,3.2497649408476708,5.9831142425537109,2.5924336910247803,-0.46633124351501465,-0.41724374890327454,-0.0859375,0,0.54398436844348907,35,34,0,0,1,0,1,1,1.5650230000000001
2372,24.323356552,MINUS_10_RETURN,J2A,0,1,-6.1445782746581799,3.0306536114969136,-7.0586865978063731,-0.036447098351561395,4.5121568112450374,3.3221372468416126,5.9787039756774902,2.5928170680999756,-0.6626812219619751,0.024543749168515205,-0.07421875,0,0.46980468183755875,35,34,0,0,1,0,1,1,1.61704
2373,24.333263187,MINUS_10_RETURN,J2A,0,1,-6.1142466560000006,3.0356479999999997,-6.996207090939512,-0.034712036058077149,5.1402939835827866,3.6206069668070269,5.9718012809753418,2.5930087566375732,-1.0308375358581543,0.049087498337030411,-0.04296875,0,0.27199218422174454,35,34,0,0,1,0,1,1,1.5773250000000001
2374,24.343311024999998,MINUS_10_RETURN,J2A,0,1,-6.0838657576195985,3.0405095003858031,-6.9094280798131589,-0.03297481572691445,6.3639959846932026,4.1222048116590075,5.9622139930725098,2.59320068359375,-1.006293773651123,0,-0.0234375,0,0.14835937321186066,35,34,0,0,1,0,1,1,1.6228560000000001
2375,24.353311287,MINUS_10_RETURN,J2A,0,1,-6.053436910049383,3.0452377839506179,-6.8642991958811415,-0.03297481572691445,5.7160669455685333,4.1612613463553787,5.9572281837463379,2.59320068359375,-0.85903126001358032,-0.14726249873638153,-0.0703125,0,0.44507811963558197,35,34,0,0,1,0,1,1,1.5695220000000001
2376,24.363318760999999,MINUS_10_RETURN,J2A,0,1,-6.0229614470625004,3.0498325312500003,-6.8157045034375114,-0.029504691139945961,5.4149875109640284,4.2307192106754075,5.9518594741821289,2.5935840606689453,-1.1290124654769897,0.19634999334812164,-0.05859375,0,0.37089843302965164,35,34,0,0,1,0,1,1,1.5776939999999999
2377,24.373320266,MINUS_10_RETURN,J2A,0,1,-5.9924407055802478,3.054293432098766,-6.73413067919161,-0.027769628846461721,6.3743961052720879,4.6232627819351437,5.9428472518920898,2.593775749206543,-1.4726250171661377,0.12271875143051147,-0.0078125,0,0.049453124403953552,35,34,0,0,1,0,1,1,1.5819000000000001
2378,24.383205018000002,MINUS_10_RETURN,J2A,0,1,-5.9618760255794765,3.0586201855709878,-6.6647066070754564,-0.027769628846461721,6.6015299385758679,4.8632714952127749,5.9351773262023926,2.593775749206543,-0.22089375555515289,-0.14726249873638153,-0.04296875,0,0.27199218422174454,35,34,0,0,1,0,1,1,1.4791110000000001
2379,24.393274075000001,MINUS_10_RETURN,J2A,0,1,-5.9312687499999992,3.0628124999999988,-6.6317317913485416,-0.026032408515299019,5.4371976749752973,4.7044309785203495,5.9315342903137207,2.5939676761627197,-0.58904999494552612,0.14726249873638153,-0.0546875,0,0.34617187082767487,35,34,0,0,1,0,1,1,1.531965
2380,24.403196341000001,MINUS_10_RETURN,J2A,0,1,-5.9006202246520072,3.0668700929783954,-6.6022227841332386,-0.026032408515299019,4.5750851249152165,4.5313897767201077,5.9282741546630859,2.5939676761627197,-0.44178751111030579,0.098174996674060822,-0.0703125,0,0.44507811963558197,35,34,0,0,1,0,1,1,1.50827
2381,24.413243494,MINUS_10_RETURN,J2A,0,1,-5.8699317981234573,3.0707926913580246,-6.5640427815258722,-0.027769628846461721,4.3038339385605919,4.4582589725811541,5.9240560531616211,2.593775749206543,-0.51541876792907715,-0.36815625429153442,-0.06640625,0,0.42035155743360519,35,34,0,0,1,0,1,1,1.501342
2382,24.423182348000001,MINUS_10_RETURN,J2A,0,1,-5.8392048216874999,3.0745800312500009,-6.5293285874301166,-0.026032408515299019,4.0199637789881928,4.3617107093012697,5.9202208518981934,2.5939676761627197,-0.53996247053146362,-0.26998123526573181,-0.0546875,0,0.34617187082767487,35,34,0,0,1,0,1,1,1.4383600000000001
2383,24.434235604000001,MINUS_10_RETURN,J2A,0,1,-5.808440649209877,3.078231858024691,-6.5085035238329478,-0.024297346221814779,3.2723995493213414,4.1139462363651473,5.9179201126098633,2.5941593647003174,-0.073631249368190765,-0.024543749168515205,-0.08203125,0,0.5192578062415123,35,34,0,0,1,0,1,1,2.4987020000000002
2384,24.443181867,MINUS_10_RETURN,J2A,0,1,-5.7776406370563276,3.0817479263117278,-6.5015589585836553,-0.024297346221814779,2.398748325787472,3.7801769323653756,5.9171528816223145,2.5941593647003174,-0.024543749168515205,0,-0.09375,0,0.59343749284744263,35,34,0,0,1,0,1,1,1.470143
2385,24.453276841000001,MINUS_10_RETURN,J2A,0,1,-5.7468061440000007,3.0851280000000014,-6.4946187094097176,-0.026032408515299019,1.7998098359408494,3.4709087888942647,5.9163861274719238,2.5939676761627197,-0.098174996674060822,-0.31906875967979431,-0.08984375,0,0.56871093064546585,35,34,0,0,1,0,1,1,1.5391840000000001
2386,24.464228674000001,MINUS_10_RETURN,J2A,0,1,-5.7159385311288569,3.0883718522376542,-6.4894092064539075,-0.026032408515299019,1.3363623171821164,3.171385316810714,5.9158105850219727,2.5939676761627197,-0.12271875143051147,-0.39269998669624329,-0.1171875,0,0.74179686605930328,35,34,0,0,1,0,1,1,2.4900880000000001
2387,24.473181223000001,MINUS_10_RETURN,J2A,0,1,-5.6850391617530862,3.0914792654320995,-6.4876741441604233,-0.024297346221814779,0.9364677853013319,2.8736274363104872,5.915618896484375,2.5941593647003174,-0.24543750286102295,-0.024543749168515205,-0.10546875,0,0.66761717945337296,35,34,0,0,1,0,1,1,1.495109
2388,24.483337543000001,MINUS_10_RETURN,J2A,0,1,-5.6541094013124997,3.0944500312499996,-6.4842040195734558,-0.022562283928330536,0.72828906814930661,2.6204318377375646,5.9152355194091797,2.594351053237915,-0.098174996674060822,0.34361249208450317,-0.1171875,0,0.74179686605930328,35,34,0,0,1,0,1,1,1.647996
2389,24.493184541000002,MINUS_10_RETURN,J2A,0,1,-5.6231506172839492,3.0972839506172849,-6.4842040195734558,-0.024297346221814779,0.47338789429704931,2.3583886539638081,5.9152355194091797,2.5941593647003174,0.14726249873638153,-0.024543749168515205,-0.109375,0,0.69234374165534973,35,34,0,0,1,0,1,1,1.4955830000000001
2390,24.504252495999999,MINUS_10_RETURN,J2A,0,1,-5.5921641790887353,3.099980833719135,-6.4807338949864866,-0.024297346221814779,0.41743727255806495,2.1539026860717083,5.9148521423339844,2.5941593647003174,0,-0.024543749168515205,-0.12109375,0,0.76652342826128006,35,34,0,0,1,0,1,1,2.5111680000000001
2391,24.513321933,MINUS_10_RETURN,J2A,0,1,-5.5611514580000012,3.1025405000000008,-6.4772594543241606,-0.022562283928330536,0.4054168865178891,1.9768217487088653,5.9144682884216309,2.594351053237915,-0.53996247053146362,0.26998123526573181,-0.12109375,0,0.76652342826128006,35,34,0,0,1,0,1,1,1.5792029999999999
2392,24.523344130000002,MINUS_10_RETURN,J2A,0,1,-5.5301138270501538,3.1049627781635798,-6.4755243920306764,-0.024297346221814779,0.32411365893078986,1.7964517688934536,5.9142765998840332,2.5941593647003174,0.19634999334812164,-0.098174996674060822,-0.1328125,0,0.84070311486721039,35,34,0,0,1,0,1,1,1.59528
2393,24.533355579999998,MINUS_10_RETURN,J2A,0,1,-5.4990526609382693,3.1072475061728393,-6.4703192051502247,-0.024297346221814779,0.39264705982803649,1.6687989295821151,5.9137015342712402,2.5941593647003174,-0.24543750286102295,-0.14726249873638153,-0.125,0,0.79124999046325684,35,34,0,0,1,0,1,1,1.7876430000000001
2394,24.543283767999998,MINUS_10_RETURN,J2A,0,1,-5.4679693359375019,3.1093945312500004,-6.4685841428567405,-0.024297346221814779,0.31638701751744286,1.5193951590893948,5.9135098457336426,2.5941593647003174,-0.24543750286102295,-0.098174996674060822,-0.125,0,0.79124999046325684,35,34,0,0,1,0,1,1,1.597966
2395,24.553290237999999,MINUS_10_RETURN,J2A,0,1,-5.4368652298024696,3.1114037098765439,-6.4668490805632564,-0.024297346221814779,0.26633947657715346,1.3847950475206885,5.9133181571960449,2.5941593647003174,0.024543749168515205,-0.17180624604225159,-0.140625,0,0.89015623927116394,35,34,0,0,1,0,1,1,1.5502530000000001
2396,24.563278726,MINUS_10_RETURN,J2A,0,1,-5.4057417216766988,3.1132749077932105,-6.4616395776074462,-0.024297346221814779,0.35566340643844147,1.2984706132438459,5.9127426147460938,2.5941593647003174,-0.31906875967979431,-0.073631249368190765,-0.140625,0,0.89015623927116394,35,34,0,0,1,0,1,1,1.5241359999999999
2397,24.573291068,MINUS_10_RETURN,J2A,0,1,-5.3746001919999991,3.1150080000000004,-6.4581694530204778,-0.022562283928330536,0.35248586053436121,1.2032820223049969,5.9123592376708984,2.594351053237915,0,0.098174996674060822,-0.1484375,0,0.93960936367511749,35,34,0,0,1,0,1,1,1.5580719999999999
2398,24.583279947000001,MINUS_10_RETURN,J2A,0,1,-5.3434420224158927,3.1166028707561733,-6.4546993284335095,-0.024297346221814779,0.35070538966347875,1.1176937001648242,5.9119758605957031,2.5941593647003174,-0.14726249873638153,-0.19634999334812164,-0.15234375,0,0.96433592587709427,35,34,0,0,1,0,1,1,1.541269
2399,24.593309286,MINUS_10_RETURN,J2A,0,1,-5.3122685956790132,3.1180594135802471,-6.4512292038465411,-0.024297346221814779,0.34905757126959536,1.0405240638592945,5.9115924835205078,2.5941593647003174,-0.19634999334812164,-0.17180624604225159,-0.13671875,0,0.86542967706918716,35,34,0,0,1,0,1,1,1.5661130000000001
2400,24.603267649999999,MINUS_10_RETURN,J2A,0,1,-5.2810812955624993,3.1193775312500005,-6.4477547631842151,-0.026032408515299019,0.34900127775930395,0.97136133074024145,5.9112086296081543,2.5939676761627197,-0.26998123526573181,-0.39269998669624329,-0.15625,0,0.98906248807907104,35,34,0,0,1,0,1,1,1.5239370000000001
2401,24.613277976999999,MINUS_10_RETURN,J2A,0,1,-5.2498815067654316,3.1205571358024691,-6.4442846385972476,-0.024297346221814779,0.34817989456299914,0.90889064452891777,5.910825252532959,2.5941593647003174,0,0,-0.1484375,0,0.93960936367511749,35,34,0,0,1,0,1,1,1.59002
2402,24.623276650000001,MINUS_10_RETURN,J2A,0,1,-5.2186706148202155,3.1215981485339501,-6.4390794517167942,-0.022562283928330536,0.40852265098076557,0.87006035708025919,5.910250186920166,2.594351053237915,-0.58904999494552612,0.098174996674060822,-0.15234375,0,0.96433592587709427,35,34,0,0,1,0,1,1,1.5399320000000001
2403,24.633278531999999,MINUS_10_RETURN,J2A,0,1,-5.1874500060000015,3.1225004999999988,-6.4356050110544682,-0.022562283928330536,0.38712226448465548,0.81779219032856409,5.9098663330078125,2.594351053237915,-0.44178751111030579,0.098174996674060822,-0.15234375,0,0.96433592587709427,35,34,0,0,1,0,1,1,1.5408520000000001
2404,24.643278679000002,MINUS_10_RETURN,J2A,0,1,-5.1562210672260802,3.1232641300154311,-6.4286647618805324,-0.024297346221814779,0.49453462229699652,0.80541444283341357,5.9090995788574219,2.5941593647003174,-0.29452499747276306,-0.34361249208450317,-0.15625,0,0.98906248807907104,35,34,0,0,1,0,1,1,1.5934440000000001
2405,24.653277256999999,MINUS_10_RETURN,J2A,0,1,-5.1249851859753068,3.1238889876543201,-6.4234595750000798,-0.022562283928330536,0.5036549552084234,0.77693227018303668,5.9085245132446289,2.594351053237915,-0.53996247053146362,0.12271875143051147,-0.16796875,0,1.0632421746850014,35,34,0,0,1,0,1,1,1.5410969999999999
2406,24.663217457999998,MINUS_10_RETURN,J2A,0,1,-5.0937437501874996,3.1243750312500014,-6.4165150097507864,-0.024297346221814779,0.57189772172357789,0.76910247197561954,5.9077572822570801,2.5941593647003174,-0.36815625429153442,-0.39269998669624329,-0.16796875,0,1.0632421746850014,35,34,0,0,1,0,1,1,1.4792270000000001
2407,24.673281396,MINUS_10_RETURN,J2A,0,1,-5.0624981481728408,3.1247222283950609,-6.4095747605768478,-0.022562283928330536,0.61309899761175202,0.76115379006132233,5.9069905281066895,2.594351053237915,0,0.024543749168515205,-0.16796875,0,1.0632421746850014,35,34,0,0,1,0,1,1,1.5440970000000001
2408,24.683349740000001,MINUS_10_RETURN,J2A,0,1,-5.0312497685192898,3.1249305559413583,-6.3991600707405869,-0.024297346221814779,0.7605541677755403,0.78847835943459055,5.9058399200439453,2.5941593647003174,0.073631249368190765,-0.41724374890327454,-0.171875,0,1.0879687368869781,35,34,0,0,1,0,1,1,1.6583570000000001
2409,24.693330377999999,MINUS_10_RETURN,J2A,0,1,-5,3.125,-6.3800657533615457,-0.020827221634846294,1.1639577921610715,0.90094411866455171,5.9037303924560547,2.5945427417755127,-0.39269998669624329,0.22089375555515289,-0.15625,0,0.98906248807907104,35,34,0,0,1,0,1,1,1.6914549999999999
2410,24.703466324000001,MINUS_10_RETURN,J2A,0,1,-4.9687502314807102,3.1249305559413578,-6.3557705651774086,-0.022562283928330536,1.5954992782520645,1.0505430534687732,5.9010462760925293,2.594351053237915,-0.46633124351501465,-0.19634999334812164,-0.140625,0,0.89015623927116394,35,34,0,0,1,0,1,1,1.726785
2411,24.713299960000001,MINUS_10_RETURN,J2A,0,1,-4.9375018518271592,3.1247222283950613,-6.3193213087881697,-0.022562283928330536,2.3343810140643519,1.3161477433220417,5.8970193862915039,2.594351053237915,-0.61359375715255737,-0.24543750286102295,-0.125,0,0.79124999046325684,35,34,0,0,1,0,1,1,1.558152
2412,24.723305387,MINUS_10_RETURN,J2A,0,1,-4.9062562498125031,3.1243750312500018,-6.2776668655184773,-0.020827221634846294,2.9744623974126894,1.600851465638655,5.8924174308776855,2.5945427417755127,-0.29452499747276306,-0.34361249208450317,-0.1328125,0,0.84070311486721039,35,34,0,0,1,0,1,1,1.6190009999999999
2413,24.733263318999999,MINUS_10_RETURN,J2A,0,1,-4.8750148140246914,3.1238889876543219,-6.2446920497915617,-0.019090001303683587,3.0923947655915742,1.7719075211528827,5.8887743949890137,2.5947346687316895,-0.26998123526573181,-0.024543749168515205,-0.15234375,0,0.96433592587709427,35,34,0,0,1,0,1,1,1.522194
2414,24.743303194999999,MINUS_10_RETURN,J2A,0,1,-4.8437789327739207,3.1232641300154333,-6.222127607825553,-0.017354939010199345,2.7966753455257019,1.8194649827207885,5.8862814903259277,2.5949263572692871,-0.56450623273849487,0.073631249368190765,-0.15625,0,0.98906248807907104,35,34,0,0,1,0,1,1,1.562648
2415,24.754294372,MINUS_10_RETURN,J2A,0,1,-4.8125499940000012,3.122500500000001,-6.1978281035660601,-0.019090001303683587,2.5916256664830009,1.858600396417651,5.8835968971252441,2.5947346687316895,-0.36815625429153442,-0.19634999334812164,-0.13671875,0,0.86542967706918716,35,34,0,0,1,0,1,1,2.5986590000000001
2416,24.763302422999999,MINUS_10_RETURN,J2A,0,1,-4.7813293851797827,3.1215981485339523,-6.1596481009586928,-0.019090001303683587,3.168007533190341,2.0965834567691406,5.8793787956237793,2.5947346687316895,-0.78539997339248657,0.34361249208450317,-0.125,0,0.79124999046325684,35,34,0,0,1,0,1,1,1.5648439999999999
2417,24.773338391999999,MINUS_10_RETURN,J2A,0,1,-4.7501184932345675,3.1205571358024686,-6.076339214419308,-0.015619876716715105,4.9645656334176946,2.7170281787619333,5.8701748847961426,2.5951180458068848,-1.4235374927520752,0,-0.05078125,0,0.32144530862569809,35,34,0,0,1,0,1,1,1.5959559999999999
2418,24.784298913000001,MINUS_10_RETURN,J2A,0,1,-4.7189187044375016,3.1193775312500001,-5.9878208249241123,-0.012147594092068156,6.0536066803698905,3.2529365090709939,5.8603954315185547,2.5955016613006592,-0.85903126001358032,0.34361249208450317,-0.10546875,0,0.66761717945337296,35,34,0,0,1,0,1,1,2.560603
2419,24.793178309000002,MINUS_10_RETURN,J2A,0,1,-4.6877314043209859,3.1180594135802475,-5.9340166295246739,-0.010412531798583915,6.0556494499077864,3.5335871746402829,5.8544511795043945,2.5956933498382568,-1.3499062061309814,-0.58904999494552612,-0.0859375,0,0.54398436844348907,35,34,0,0,1,0,1,1,1.436245
2420,24.803219898999998,MINUS_10_RETURN,J2A,0,1,-4.6565579775841055,3.116602870756171,-5.835087866268573,-0.013884814423230861,7.384337934874031,4.1654186835859601,5.8435215950012207,2.5953097343444824,-1.3989937305450439,-0.56450623273849487,-0.0234375,0,0.14835937321186066,35,34,0,0,1,0,1,1,1.5324169999999999
2421,24.813351506,MINUS_10_RETURN,J2A,0,1,-4.6253998079999983,3.1150079999999987,-5.7326889784255046,-0.010412531798583915,8.3372259886744349,4.7595643383720256,5.8322086334228516,2.5956933498382568,-1.251731276512146,-0.049087498337030411,-0.03515625,0,0.22253905981779099,35,34,0,0,1,0,1,1,1.784008
2422,24.823340754,MINUS_10_RETURN,J2A,0,1,-4.5942582783233021,3.1132749077932114,-5.5921057718997114,-0.0086774695050996723,10.344905242659031,5.6909531473978658,5.8166770935058594,2.5958850383758545,-1.7671500444412231,-0.098174996674060822,0.03515625,0,-0.22253905981779099,35,34,0,0,1,0,1,1,1.6038110000000001
2423,24.833231944000001,MINUS_10_RETURN,J2A,0,1,-4.5631347701975287,3.1114037098765435,-5.4792921942203803,-0.0069424072116154303,10.716099612321676,6.2624038911133102,5.8042135238647461,2.5960767269134521,-1.6689749956130981,-0.14726249873638153,-0.0078125,0,0.049453124403953552,35,34,0,0,1,0,1,1,1.61402
2424,24.843258577,MINUS_10_RETURN,J2A,0,1,-4.5320306640624981,3.10939453125,-5.3647392381722083,-0.003470124586968484,10.964168462093804,6.778650277454755,5.791557788848877,2.5964603424072266,-1.153556227684021,0.073631249368190765,-0.0078125,0,0.049453124403953552,35,34,0,0,1,0,1,1,1.522322
2425,24.853344075999999,MINUS_10_RETURN,J2A,0,1,-4.5009473390617298,3.1072475061728388,-5.3178796080220625,-0.005205186880452726,8.7528928505901522,6.5654090640604741,5.7863807678222656,2.5962686538696289,-0.31906875967979431,-0.51541876792907715,-0.08203125,0,0.5192578062415123,35,34,0,0,1,0,1,1,1.6085
2426,24.863320162000001,MINUS_10_RETURN,J2A,0,1,-4.4698861729498436,3.1049627781635807,-5.2901099791756012,-0.001735062293484242,6.6636472243058913,6.1872301209179383,5.7833127975463867,2.5966520309448242,-0.39269998669624329,0.12271875143051147,-0.0703125,0,0.44507811963558197,35,34,0,0,1,0,1,1,1.6292340000000001
2427,24.873376174000001,MINUS_10_RETURN,J2A,0,1,-4.4388485419999979,3.1025404999999999,-5.236305783776162,-0.001735062293484242,6.2040284044217167,6.1035521684326843,5.7773685455322266,2.5966520309448242,-1.0308375358581543,0,-0.03515625,0,0.22253905981779099,35,34,0,0,1,0,1,1,1.6364920000000001
2428,24.883342661,MINUS_10_RETURN,J2A,0,1,-4.4078358209112656,3.0999808337191364,-5.1547319595302614,-0.001735062293484242,6.897302727857932,6.3116781701562212,5.7683563232421875,2.5966520309448242,-0.90811872482299805,-0.12271875143051147,-0.01171875,0,0.074179686605930328,35,34,0,0,1,0,1,1,1.6045879999999999
2429,24.893368770999999,MINUS_10_RETURN,J2A,0,1,-4.3768493827160508,3.097283950617284,-5.1217571438033467,0,5.6343597675214516,6.0093997801159693,5.7647132873535156,2.5968437194824219,-0.19634999334812164,0.049087498337030411,-0.0859375,0,0.54398436844348907,35,34,0,0,1,0,1,1,1.630317
2430,24.903337570000001,MINUS_10_RETURN,J2A,0,1,-4.3458905986874994,3.0944500312499996,-5.111342453967084,0,4.0279888734000124,5.5129326662503928,5.7635626792907715,2.5968437194824219,0.12271875143051147,0,-0.09375,0,0.59343749284744263,35,34,0,0,1,0,1,1,1.5953379999999999
2431,24.913335154999999,MINUS_10_RETURN,J2A,0,1,-4.3149608382469173,3.0914792654320995,-5.1009277641308213,0,2.9827949634095683,5.0658114555395137,5.7624120712280273,2.5968437194824219,0.12271875143051147,0.024543749168515205,-0.09375,0,0.59343749284744263,35,34,0,0,1,0,1,1,1.592587
2432,24.923336219999999,MINUS_10_RETURN,J2A,0,1,-4.2840614688711405,3.0883718522376529,-5.0957225772503687,0,2.1209788667640757,4.6112766358563793,5.7618370056152344,2.5968437194824219,-0.24543750286102295,-0.19634999334812164,-0.109375,0,0.69234374165534973,35,34,0,0,1,0,1,1,1.5981959999999999
2433,24.933325744000001,MINUS_10_RETURN,J2A,0,1,-4.2531938559999993,3.085128000000001,-5.0870429497075911,-0.001735062293484242,1.6827418083627226,4.2370362708324771,5.7608780860900879,2.5966520309448242,-0.24543750286102295,-0.39269998669624329,-0.1015625,0,0.64289061725139618,35,34,0,0,1,0,1,1,1.587021
2434,24.943359224000002,MINUS_10_RETURN,J2A,0,1,-4.2223593629436751,3.0817479263117304,-5.0801027005336543,0.0017372203311627052,1.3358803518289775,3.8825035512901458,5.7601113319396973,2.5970356464385986,-0.24543750286102295,0.22089375555515289,-0.109375,0,0.69234374165534973,35,34,0,0,1,0,1,1,1.6211709999999999
2435,24.953303908999999,MINUS_10_RETURN,J2A,0,1,-4.1915593507901239,3.078231858024691,-5.0714230729908758,0,1.1737989370987405,3.5815322557068185,5.7591524124145508,2.5968437194824219,-0.29452499747276306,-0.14726249873638153,-0.10546875,0,0.66761717945337296,35,34,0,0,1,0,1,1,1.565523
2436,24.963327718999999,MINUS_10_RETURN,J2A,0,1,-4.1607951783124992,3.0745800312500009,-5.0627477615234548,0,1.0658839706647671,3.309926076293447,5.7581939697265625,2.5968437194824219,-0.58904999494552612,-0.46633124351501465,-0.1171875,0,0.74179686605930328,35,34,0,0,1,0,1,1,1.6295869999999999
2437,24.973323121,MINUS_10_RETURN,J2A,0,1,-4.1300682018765471,3.0707926913580241,-5.050598009393708,0,1.1182615213784035,3.1004868802201893,5.7568516731262207,2.5968437194824219,-0.31906875967979431,-0.098174996674060822,-0.1171875,0,0.74179686605930328,35,34,0,0,1,0,1,1,1.58022
2438,24.983312033000001,MINUS_10_RETURN,J2A,0,1,-4.0993797753479946,3.0668700929783927,-5.0367131949704778,0,1.2133779337182022,2.9294404621473817,5.7553176879882812,2.5968437194824219,-0.24543750286102295,-0.29452499747276306,-0.1015625,0,0.64289061725139618,35,34,0,0,1,0,1,1,1.57483
2439,24.993226255,MINUS_10_RETURN,J2A,0,1,-4.0687312499999981,3.0628124999999979,-5.0193582559602774,0.0017372203311627052,1.4013739541720995,2.8115473580055772,5.7534003257751465,2.5970356464385986,-0.58904999494552612,0.024543749168515205,-0.109375,0,0.69234374165534973,35,34,0,0,1,0,1,1,1.481322
2440,25.003125943000001,MINUS_10_RETURN,J2A,0,1,-4.0381239744205244,3.0586201855709887,-5.0054734415370463,0.0017372203311627052,1.4017858183601359,2.6706476931045255,5.751866340637207,2.5970356464385986,-0.049087498337030411,-0.073631249368190765,-0.109375,0,0.69234374165534973,35,34,0,0,1,0,1,1,1.514135
2441,25.013074047,MINUS_10_RETURN,J2A,0,1,-4.0075592944197531,3.0542934320987642,-4.9933236894073003,0.0017372203311627052,1.3386204511747177,2.5257142578628242,5.7505240440368652,2.5970356464385986,-0.17180624604225159,-0.073631249368190765,-0.10546875,0,0.66761717945337296,35,34,0,0,1,0,1,1,1.483285
2442,25.023075889000001,MINUS_10_RETURN,J2A,0,1,-3.9770385529374996,3.0498325312500008,-4.986379124158006,0,1.1131183136220884,2.3425756950361194,5.7497568130493164,2.5968437194824219,-0.26998123526573181,-0.36815625429153442,-0.13671875,0,0.86542967706918716,35,34,0,0,1,0,1,1,1.482591
2443,25.033098051,MINUS_10_RETURN,J2A,0,1,-3.9465630899506179,3.0452377839506188,-4.9829089995710376,0.0017372203311627052,0.84471269245357539,2.1429426365608557,5.7493734359741211,2.5970356464385986,-0.024543749168515205,-0.14726249873638153,-0.125,0,0.79124999046325684,35,34,0,0,1,0,1,1,1.5149600000000001
2444,25.043083330000002,MINUS_10_RETURN,J2A,0,1,-3.9161342423804024,3.0405095003858014,-4.9794388749840692,0.0017372203311627052,0.67069666719200027,1.9634007777896776,5.7489900588989258,2.5970356464385986,-0.29452499747276306,-0.098174996674060822,-0.1484375,0,0.93960936367511749,35,34,0,0,1,0,1,1,1.5014890000000001
2445,25.053116736,MINUS_10_RETURN,J2A,0,1,-3.8857533440000012,3.0356480000000001,-4.9759687503971017,0.0034722826246469467,0.55700281465223322,1.801646408861405,5.7486066818237305,2.5972273349761963,-0.56450623273849487,0.24543750286102295,-0.1484375,0,0.93960936367511749,35,34,0,0,1,0,1,1,1.5518160000000001
2446,25.063119274000002,MINUS_10_RETURN,J2A,0,1,-3.8554217253418219,3.0306536114969145,-4.97422937202826,0.0017372203311627052,0.42291462545579345,1.6388711382415051,5.7484145164489746,2.5970356464385986,-0.024543749168515205,-0.073631249368190765,-0.1484375,0,0.93960936367511749,35,34,0,0,1,0,1,1,1.5547550000000001
2447,25.073203300999999,MINUS_10_RETURN,J2A,0,1,-3.825140713604938,3.0255266728395074,-4.9690241851478065,0.0017372203311627052,0.45555798634050992,1.5266021615014245,5.7478394508361816,2.5970356464385986,-0.41724374890327454,-0.024543749168515205,-0.1484375,0,0.93960936367511749,35,34,0,0,1,0,1,1,1.595623
2448,25.084249427,MINUS_10_RETURN,J2A,0,1,-3.7949116325625019,3.0202675312499987,-4.965554060560839,0.0017372203311627052,0.40606468745367563,1.4053568014462374,5.7474560737609863,2.5970356464385986,-0.53996247053146362,-0.17180624604225159,-0.140625,0,0.89015623927116394,35,34,0,0,1,0,1,1,2.5550090000000001
2449,25.093204426,MINUS_10_RETURN,J2A,0,1,-3.7647358024691364,3.0148765432098785,-4.965554060560839,0.0017372203311627052,0.26394204684488914,1.2648211213016136,5.7474560737609863,2.5970356464385986,0.12271875143051147,-0.19634999334812164,-0.140625,0,0.89015623927116394,35,34,0,0,1,0,1,1,1.5356080000000001
2450,25.103210745999998,MINUS_10_RETURN,J2A,0,1,-3.7346145399683621,3.0093540744598739,-4.963818998267354,0.0034722826246469467,0.23225115538380503,1.1556786734384885,5.7472643852233887,2.5972273349761963,0.26998123526573181,0.14726249873638153,-0.15234375,0,0.96433592587709427,35,34,0,0,1,0,1,1,1.598946
2451,25.113218876000001,MINUS_10_RETURN,J2A,0,1,-3.704549157999999,3.0037005000000012,-4.9603445576050289,0.0034722826246469467,0.27246988928389104,1.0748269884616164,5.7468805313110352,2.5972273349761963,-0.14726249873638153,0.19634999334812164,-0.15234375,0,0.96433592587709427,35,34,0,0,1,0,1,1,1.548559
2452,25.123249953999998,MINUS_10_RETURN,J2A,0,1,-3.6745409657075623,2.9979162040895062,-4.9603445576050289,0.0034722826246469467,0.17710542803452919,0.96734428961545482,5.7468805313110352,2.5972273349761963,0,0.24543750286102295,-0.171875,0,1.0879687368869781,35,34,0,0,1,0,1,1,1.581942
2453,25.133210148,MINUS_10_RETURN,J2A,0,1,-3.6445912683456791,2.9920015802469164,-4.9586094953115447,0.0017372203311627052,0.17608840518662594,0.88802982550081844,5.7466888427734375,2.5970356464385986,-0.098174996674060822,-0.17180624604225159,-0.1640625,0,1.0385156124830246,35,34,0,0,1,0,1,1,1.528975
2454,25.143148054000001,MINUS_10_RETURN,J2A,0,1,-3.6147013671875019,2.9859570312500034,-4.9568744330180605,0.0017372203311627052,0.17556407906272106,0.81668587600542641,5.7464971542358398,2.5970356464385986,0.073631249368190765,-0.19634999334812164,-0.17578125,0,1.1126952990889549,35,34,0,0,1,0,1,1,1.477733
2455,25.153230516000001,MINUS_10_RETURN,J2A,0,1,-3.5848725594320996,2.9797829691358046,-4.9534043084310921,0,0.23457766631341015,0.76943472123992418,5.7461137771606445,2.5968437194824219,-0.34361249208450317,-0.58904999494552612,-0.17578125,0,1.1126952990889549,35,34,0,0,1,0,1,1,1.6313839999999999
2456,25.163233005999999,MINUS_10_RETURN,J2A,0,1,-3.5551061381118814,2.9734798152006174,-4.9516692461376079,0.0034722826246469467,0.21318754607199647,0.70983755282115457,5.7459220886230469,2.5972273349761963,-0.098174996674060822,0.14726249873638153,-0.171875,0,1.0879687368869781,35,34,0,0,1,0,1,1,1.6385350000000001
2457,25.173211861999999,MINUS_10_RETURN,J2A,0,1,-3.5254033920000003,2.9670479999999988,-4.9516692461376079,0.0034722826246469467,0.13857190494679772,0.63885379753903915,5.7459220886230469,2.5972273349761963,-0.073631249368190765,0.24543750286102295,-0.1875,0,1.1868749856948853,35,34,0,0,1,0,1,1,1.5353019999999999
2458,25.183132508,MINUS_10_RETURN,J2A,0,1,-3.4957656055177484,2.960487963348764,-4.9499341838441238,0.0017372203311627052,0.15128466756693387,0.59245782617128251,5.7457304000854492,2.5970356464385986,0,-0.26998123526573181,-0.18359375,0,1.1621484234929085,35,34,0,0,1,0,1,1,1.4628129999999999
2459,25.193079478000001,MINUS_10_RETURN,J2A,0,1,-3.4661940586419737,2.9538001543209864,-4.9481991215506396,0.0017372203311627052,0.15938596729011453,0.55065516737461362,5.7455387115478516,2.5970356464385986,-0.17180624604225159,-0.19634999334812164,-0.1875,0,1.1868749856948853,35,34,0,0,1,0,1,1,1.4452590000000001
2460,25.203114218,MINUS_10_RETURN,J2A,0,1,-3.4366900268125011,2.9469850312499997,-4.9481991215506396,0.0034722826246469467,0.10360087873857445,0.49558965063715227,5.7455387115478516,2.5972273349761963,-0.53996247053146362,0.12271875143051147,-0.19921875,0,1.2610546723008156,35,34,0,0,1,0,1,1,1.5177130000000001
2461,25.21309874,MINUS_10_RETURN,J2A,0,1,-3.4072547808395068,2.9400430617283968,-4.9447246808883136,0.0017372203311627052,0.18913450701536852,0.48082895295494998,5.745154857635498,2.5970356464385986,-0.36815625429153442,-0.26998123526573181,-0.1875,0,1.1868749856948853,35,34,0,0,1,0,1,1,1.4948630000000001
2462,25.223116632,MINUS_10_RETURN,J2A,0,1,-3.3778895868109586,2.9329747226080243,-4.9447246808883136,0.0017372203311627052,0.12293742955998954,0.43274605765945501,5.745154857635498,2.5970356464385986,-0.24543750286102295,-0.24543750286102295,-0.1875,0,1.1868749856948853,35,34,0,0,1,0,1,1,1.4142710000000001
2463,25.233122506000001,MINUS_10_RETURN,J2A,0,1,-3.3485957060000002,2.9257804999999992,-4.9395194940078619,0.0034722826246469467,0.26198391941550214,0.44149276337965493,5.7445797920227051,2.5972273349761963,-0.44178751111030579,0.049087498337030411,-0.19140625,0,1.211601547896862,35,34,0,0,1,0,1,1,1.522194
2464,25.243153242000002,MINUS_10_RETURN,J2A,0,1,-3.3193743947723773,2.9184608892746922,-4.9412545563013452,0.0052073449181311892,0.10974844647664089,0.3800460295721364,5.7447714805603027,2.5974190235137939,0.17180624604225159,0.44178751111030579,-0.19921875,0,1.2610546723008156,35,34,0,0,1,0,1,1,1.5547690000000001
2465,25.253178332000001,MINUS_10_RETURN,J2A,0,1,-3.2902269044938279,2.9110163950617292,-4.9377844317143769,0.0017372203311627052,0.19248688441465989,0.37665582495916372,5.7443881034851074,2.5970356464385986,-0.26998123526573181,-0.24543750286102295,-0.203125,0,1.2857812345027924,35,34,0,0,1,0,1,1,1.570948
2466,25.263097618,MINUS_10_RETURN,J2A,0,1,-3.2611544814375018,2.903447531249999,-4.9360493694208927,0.0017372203311627052,0.18633779692028338,0.35648204876346296,5.7441964149475098,2.5970356464385986,-0.34361249208450317,-0.24543750286102295,-0.203125,0,1.2857812345027924,35,34,0,0,1,0,1,1,1.500159
2467,25.27317369,MINUS_10_RETURN,J2A,0,1,-3.2321583666913583,2.8957548209876527,-4.9360493694208927,0.0017372203311627052,0.1211195679981842,0.32083384388711667,5.7441964149475098,2.5970356464385986,-0.024543749168515205,-0.36815625429153442,-0.21875,0,1.3846874833106995,35,34,0,0,1,0,1,1,1.5666
2468,25.283116152000002,MINUS_10_RETURN,J2A,0,1,-3.2032397960655858,2.8879387966820995,-4.9360493694208927,0.0017372203311627052,0.078727719198819726,0.288750459498405,5.7441964149475098,2.5970356464385986,0.31906875967979431,-0.31906875967979431,-0.21484375,0,1.3599609211087227,35,34,0,0,1,0,1,1,1.518032
2469,25.293163431,MINUS_10_RETURN,J2A,0,1,-3.1743999999999986,2.8799999999999999,-4.9325749287585667,0.0017372203311627052,0.17220620783995416,0.2944563250801992,5.7438125610351562,2.5970356464385986,-0.22089375555515289,-0.24543750286102295,-0.21484375,0,1.3599609211087227,35,34,0,0,1,0,1,1,1.553936
2470,25.303133131999999,MINUS_10_RETURN,J2A,0,1,-3.1456402034714523,2.8719389818672854,-4.9308398664650834,0.0034722826246469467,0.17284577183904806,0.28241404592734443,5.7436208724975586,2.5972273349761963,-0.17180624604225159,0.098174996674060822,-0.21484375,0,1.3599609211087227,35,34,0,0,1,0,1,1,1.4491849999999999
2471,25.313158501,MINUS_10_RETURN,J2A,0,1,-3.1169616259012329,2.8637563024691359,-4.9291048041715992,0.0034722826246469467,0.17292326302642644,0.27147935885776575,5.7434291839599609,2.5972273349761963,-0.24543750286102295,0.098174996674060822,-0.21875,0,1.3846874833106995,35,34,0,0,1,0,1,1,1.49977
2472,25.323106975999998,MINUS_10_RETURN,J2A,0,1,-3.0883654810625032,2.8554525312500001,-4.9291048041715992,0.0017372203311627052,0.11240012096717719,0.24433142297198918,5.7434291839599609,2.5970356464385986,-0.19634999334812164,0.12271875143051147,-0.23046875,0,1.4588671699166298,35,34,0,0,1,0,1,1,1.4505410000000001
2473,25.333098432,MINUS_10_RETURN,J2A,0,1,-3.0598529769876546,2.847028246913581,-4.9291048041715992,0.0017372203311627052,0.073060078628665176,0.21989828067479025,5.7434291839599609,2.5970356464385986,-0.049087498337030411,-0.31906875967979431,-0.22265625,0,1.4094140455126762,35,34,0,0,1,0,1,1,1.502945
2474,25.343102563999999,MINUS_10_RETURN,J2A,0,1,-3.0314253158757722,2.8384840374228411,-4.9238996172911467,0.0017372203311627052,0.22959534560360831,0.24993882246301866,5.742854118347168,2.5970356464385986,-0.31906875967979431,-0.31906875967979431,-0.23828125,0,1.5083202943205833,35,34,0,0,1,0,1,1,1.5031559999999999
2475,25.353145527999999,MINUS_10_RETURN,J2A,0,1,-3.003083693999999,2.8298204999999994,-4.9238996172911467,0.0034722826246469467,0.14923697464234539,0.22494494021671679,5.742854118347168,2.5972273349761963,-0.24543750286102295,0.12271875143051147,-0.23046875,0,1.4588671699166298,35,34,0,0,1,0,1,1,1.544708
2476,25.363166584999998,MINUS_10_RETURN,J2A,0,1,-2.9748293016149692,2.8210382411265433,-4.9238996172911467,0.0017372203311627052,0.097004033517524513,0.20245044619504513,5.742854118347168,2.5970356464385986,-0.14726249873638153,-0.26998123526573181,-0.24609375,0,1.5577734187245369,35,34,0,0,1,0,1,1,1.4817530000000001
2477,25.374132456000002,MINUS_10_RETURN,J2A,0,1,-2.9466633228641994,2.8121378765432121,-4.9238996172911467,0.0017372203311627052,0.063052621786390942,0.1822054015755406,5.742854118347168,2.5970356464385986,0.049087498337030411,-0.26998123526573181,-0.25,0,1.5824999809265137,35,34,0,0,1,0,1,1,2.4475699999999998
2478,25.383221837000001,MINUS_10_RETURN,J2A,0,1,-2.9185869356875047,2.8031200312500015,-4.9221645549976625,0.0034722826246469467,0.10779533274290605,0.1830737552984871,5.7426624298095703,2.5972273349761963,-0.24543750286102295,0.024543749168515205,-0.23046875,0,1.4588671699166298,35,34,0,0,1,0,1,1,1.5649230000000001
2479,25.393167054999999,MINUS_10_RETURN,J2A,0,1,-2.8906013117283944,2.7939853395061727,-4.9221645549976625,0.0034722826246469467,0.070066966282888929,0.16476637976863839,5.7426624298095703,2.5972273349761963,-0.024543749168515205,-0.26998123526573181,-0.25390625,0,1.6072265431284904,35,34,0,0,1,0,1,1,1.508432
2480,25.404206803000001,MINUS_10_RETURN,J2A,0,1,-2.862707616241515,2.7847344448302485,-4.9204294927041774,0.0017372203311627052,0.10055128756531544,0.16400624450075674,5.7424707412719727,2.5970356464385986,0.12271875143051147,-0.34361249208450317,-0.25390625,0,1.6072265431284904,35,34,0,0,1,0,1,1,2.5124719999999998
2481,25.414214477000002,MINUS_10_RETURN,J2A,0,1,-2.8349070080000018,2.7753680000000003,-4.9152199897483682,0.0034722826246469467,0.24755112562471404,0.19966070253846935,5.7418951988220215,2.5972273349761963,-0.53996247053146362,0,-0.25,0,1.5824999809265137,35,34,0,0,1,0,1,1,2.5156339999999999
2482,25.423153932999998,MINUS_10_RETURN,J2A,0,1,-2.8072006392029314,2.7658866670524658,-4.9152199897483682,0.0034722826246469467,0.16090823165606413,0.17969463228462243,5.7418951988220215,2.5972273349761963,-0.46633124351501465,-0.24543750286102295,-0.25,0,1.5824999809265137,35,34,0,0,1,0,1,1,1.4673499999999999
2483,25.434198387999999,MINUS_10_RETURN,J2A,0,1,-2.779589655382714,2.7562911172839506,-4.9152199897483682,0.0034722826246469467,0.10459035057644168,0.16172516905616019,5.7418951988220215,2.5972273349761963,-0.22089375555515289,0.049087498337030411,-0.26953125,0,1.7061327919363976,35,34,0,0,1,0,1,1,2.5130750000000002
2484,25.443198063000001,MINUS_10_RETURN,J2A,0,1,-2.7520751953125,2.74658203125,-4.913484927454884,0.0034722826246469467,0.13546080929366505,0.16483181827025215,5.7417035102844238,2.5972273349761963,-0.024543749168515205,0.049087498337030411,-0.265625,0,1.6814062297344208,35,34,0,0,1,0,1,1,1.506254
2485,25.453172408,MINUS_10_RETURN,J2A,0,1,-2.7246583909135813,2.7367600987654344,-4.9117498651613998,0.0017372203311627052,0.14893290261543202,0.16574388689309827,5.7415118217468262,2.5970356464385986,-0.19634999334812164,-0.31906875967979431,-0.265625,0,1.6814062297344208,35,34,0,0,1,0,1,1,1.485395
2486,25.463189421999999,MINUS_10_RETURN,J2A,0,1,-2.6973403671628127,2.7268260189043207,-4.9100148028679156,0.0034722826246469467,0.15743042123961862,0.16649065092938495,5.7413201332092285,2.5972273349761963,0.19634999334812164,0.098174996674060822,-0.26953125,0,1.7061327919363976,35,34,0,0,1,0,1,1,1.53552
2487,25.473122869000001,MINUS_10_RETURN,J2A,0,1,-2.6701222420000015,2.7167804999999978,-4.9082797405744305,0.0052073449181311892,0.1634638194919753,0.16730845603251024,5.7411284446716309,2.5974190235137939,-0.19634999334812164,0.29452499747276306,-0.2734375,0,1.7308593541383743,35,34,0,0,1,0,1,1,1.465454
2488,25.483091237,MINUS_10_RETURN,J2A,0,1,-2.6430051262353427,2.7066242596450651,-4.9065446782809463,0.0017372203311627052,0.16717136471261387,0.16798329101292492,5.7409367561340332,2.5970356464385986,-0.31906875967979431,-0.29452499747276306,-0.28515625,0,1.8050390407443047,35,34,0,0,1,0,1,1,1.520319
2489,25.493085677,MINUS_10_RETURN,J2A,0,1,-2.6159901234567915,2.6963580246913592,-4.9048052999121055,0.0017372203311627052,0.16957349710581388,0.16858842192380813,5.7407445907592773,2.5970356464385986,-0.26998123526573181,-0.44178751111030579,-0.28515625,0,1.8050390407443047,35,34,0,0,1,0,1,1,1.4874309999999999
2490,25.503174303000002,MINUS_10_RETURN,J2A,0,1,-2.589078329937502,2.6859825312500023,-4.9030702376186222,0.0017372203311627052,0.17041648063842074,0.16892778187989638,5.7405529022216797,2.5970356464385986,-0.34361249208450317,-0.36815625429153442,-0.2734375,0,1.7308593541383743,35,34,0,0,1,0,1,1,1.5740499999999999
2491,25.513129928000001,MINUS_10_RETURN,J2A,0,1,-2.5622708345432095,2.6754985246913554,-4.8996001130316529,0.0017372203311627052,0.23276642895102773,0.18689092270220797,5.7401695251464844,2.5970356464385986,-0.098174996674060822,-0.34361249208450317,-0.2890625,0,1.8297656029462814,35,34,0,0,1,0,1,1,1.5322009999999999
2492,25.523112651000002,MINUS_10_RETURN,J2A,0,1,-2.5355687186396576,2.6649067596450609,-4.8961299884446836,0.0034722826246469467,0.27296273922310105,0.20296313340482519,5.7397861480712891,2.5972273349761963,-0.29452499747276306,-0.073631249368190765,-0.2890625,0,1.8297656029462814,35,34,0,0,1,0,1,1,1.404425
2493,25.533113875000002,MINUS_10_RETURN,J2A,0,1,-2.5089730559999959,2.6542079999999979,-4.8943949261512003,0.0034722826246469467,0.23814552866975586,0.20001531954283985,5.7395944595336914,2.5972273349761963,-0.36815625429153442,0.12271875143051147,-0.2890625,0,1.8297656029462814,35,34,0,0,1,0,1,1,1.452993
2494,25.543217004999999,MINUS_10_RETURN,J2A,0,1,-2.4824849127121933,2.6434030189043245,-4.8943949261512003,0.0034722826246469467,0.15479459363534132,0.18001378758855588,5.7395944595336914,2.5972273349761963,-0.19634999334812164,0,-0.2890625,0,1.8297656029462814,35,34,0,0,1,0,1,1,1.5511280000000001
2495,25.553135395999998,MINUS_10_RETURN,J2A,0,1,-2.4561053470864191,2.6324925987654328,-4.8926598638577161,0.0034722826246469467,0.16184333230605985,0.17950579352772544,5.7394027709960938,2.5972273349761963,-0.17180624604225159,0.049087498337030411,-0.2890625,0,1.8297656029462814,35,34,0,0,1,0,1,1,1.462645
2496,25.563123988000001,MINUS_10_RETURN,J2A,0,1,-2.4298354095624983,2.62147753125,-4.8909204854888744,0.0052073449181311892,0.16614593812682724,0.17896886335434958,5.7392106056213379,2.5974190235137939,-0.098174996674060822,0.31906875967979431,-0.2890625,0,1.8297656029462814,35,34,0,0,1,0,1,1,1.469924
2497,25.573132171000001,MINUS_10_RETURN,J2A,0,1,-2.4036761426172841,2.6103586172839481,-4.8891854231953911,0.0052073449181311892,0.16867238763331258,0.17840841354773601,5.7390189170837402,2.5974190235137939,-0.17180624604225159,0.31906875967979431,-0.296875,0,1.879218727350235,35,34,0,0,1,0,1,1,1.4822690000000001
2498,25.583141809000001,MINUS_10_RETURN,J2A,0,1,-2.3776285806720665,2.5991366670524663,-4.8874503609019069,0.0034722826246469467,0.17030575973305187,0.17790148869907632,5.7388272285461426,2.5972273349761963,0,-0.024543749168515205,-0.30078125,0,1.9039452895522118,35,34,0,0,1,0,1,1,1.4871369999999999
2499,25.593115455,MINUS_10_RETURN,J2A,0,1,-2.3516937500000008,2.5878125000000001,-4.8839802363149376,0.0034722826246469467,0.23247403096213964,0.19490427901078466,5.7384438514709473,2.5972273349761963,0.024543749168515205,0,-0.2890625,0,1.8297656029462814,35,34,0,0,1,0,1,1,1.504624
2500,25.603120952000001,MINUS_10_RETURN,J2A,0,1,-2.3258726686334867,2.5763869448302472,-4.8770356710656442,0.0017372203311627052,0.39403436729255326,0.24482135030032406,5.7376766204833984,2.5970356464385986,-0.049087498337030411,-0.41724374890327454,-0.296875,0,1.879218727350235,35,34,0,0,1,0,1,1,1.5179579999999999
2501,25.613118707999998,MINUS_10_RETURN,J2A,0,1,-2.3001663462716078,2.5648608395061734,-4.8683603595982223,0.0034722826246469467,0.55982639128940481,0.30711180171293312,5.7367181777954102,2.5972273349761963,-0.24543750286102295,-0.14726249873638153,-0.3125,0,1.9781249761581421,35,34,0,0,1,0,1,1,1.5213049999999999
2502,25.62311162,MINUS_10_RETURN,J2A,0,1,-2.2745757841874976,2.553235031249999,-4.8596807320554447,0.0052073449181311892,0.6678895952654198,0.36325846180658455,5.7357592582702637,2.5974190235137939,0.24543750286102295,-0.44178751111030579,-0.28515625,0,1.8050390407443047,35,34,0,0,1,0,1,1,1.4436310000000001
2503,25.633178741999998,MINUS_10_RETURN,J2A,0,1,-2.2491019751358019,2.5415103765432061,-4.8388556684582769,0.0034722826246469467,1.1581457127224191,0.53379475156875367,5.7334585189819336,2.5972273349761963,-0.24543750286102295,-0.073631249368190765,-0.2734375,0,1.7308593541383743,35,34,0,0,1,0,1,1,1.505576
2504,25.643185344999999,MINUS_10_RETURN,J2A,0,1,-2.2237459032600313,2.5296877411265468,-4.8076115989494896,0.0017372203311627052,1.8456155564742716,0.79264980304179244,5.7300066947937012,2.5970356464385986,-0.56450623273849487,-0.58904999494552612,-0.265625,0,1.6814062297344208,35,34,0,0,1,0,1,1,1.514716
2505,25.653189346000001,MINUS_10_RETURN,J2A,0,1,-2.1985085439999992,2.5177680000000002,-4.7520723412565671,0.0034722826246469467,3.142746698015956,1.2685552759683789,5.7238707542419434,2.5972273349761963,-0.83448749780654907,-0.24543750286102295,-0.22265625,0,1.4094140455126762,35,34,0,0,1,0,1,1,1.536297
2506,25.663189099,MINUS_10_RETURN,J2A,0,1,-2.173390863999229,2.5057520374228393,-4.6861227098027376,0.0052073449181311892,4.351079469459318,1.8012123528712403,5.7165846824645996,2.5974190235137939,-0.7608562707901001,0,-0.234375,0,1.4835937321186066,35,34,0,0,1,0,1,1,1.4934890000000001
2507,25.674192992999998,MINUS_10_RETURN,J2A,0,1,-2.1483938210123501,2.4936407469135804,-4.6184336999800673,0.0052073449181311892,4.9811807221896114,2.2362279938815606,5.7091064453125,2.5974190235137939,-0.90811872482299805,-0.049087498337030411,-0.22265625,0,1.4094140455126762,35,34,0,0,1,0,1,1,2.5047429999999999
2508,25.683201613000001,MINUS_10_RETURN,J2A,0,1,-2.1235183638125026,2.4814350312500042,-4.5212399990174506,0.0052073449181311892,7.0139058054729908,3.0915018619361883,5.6983685493469238,2.5974190235137939,-1.5462563037872314,-0.12271875143051147,-0.140625,0,0.89015623927116394,35,34,0,0,1,0,1,1,1.5145189999999999
2509,25.694132149000001,MINUS_10_RETURN,J2A,0,1,-2.0987654320987659,2.4691358024691321,-4.4084264213381195,0.0052073449181311892,8.1713732636287197,3.8144472443343629,5.6859049797058105,2.5974190235137939,-0.9326624870300293,-0.36815625429153442,-0.19140625,0,1.211601547896862,35,34,0,0,1,0,1,1,2.4452050000000001
2510,25.704109259999999,MINUS_10_RETURN,J2A,0,1,-2.0741359564035449,2.4567439818672789,-4.3094976580820203,0.0086796275427781355,8.7818428488486155,4.4245597277551978,5.6749753952026367,2.5978026390075684,-1.3008188009262085,0.12271875143051147,-0.140625,0,0.89015623927116394,35,34,0,0,1,0,1,1,2.3915320000000002
2511,25.713126664000001,MINUS_10_RETURN,J2A,0,1,-2.0496308579999987,2.4442604999999995,-4.2001542049896567,0.0069424072116154303,9.952236222697481,5.1946861466785013,5.6628952026367188,2.5976107120513916,-1.006293773651123,-0.44178751111030579,-0.125,0,0.79124999046325684,35,34,0,0,1,0,1,1,1.5302990000000001
2512,25.723104922000001,MINUS_10_RETURN,J2A,0,1,-2.0252510488094169,2.4316862966820985,-4.0491563086276017,0.0086796275427781355,11.765395441396816,6.1884866453373526,5.6462130546569824,2.5978026390075684,-2.1598498821258545,-0.29452499747276306,-0.05859375,0,0.37089843302965164,35,34,0,0,1,0,1,1,1.449552
2513,25.733163813000001,MINUS_10_RETURN,J2A,0,1,-2.000997431308642,2.419022320987656,-3.9137782889822619,0.010414689836262378,12.357997177010787,6.9154923065472911,5.6312565803527832,2.597994327545166,-1.5707999467849731,-0.19634999334812164,-0.0859375,0,0.54398436844348907,35,34,0,0,1,0,1,1,1.510686
2514,25.743107022,MINUS_10_RETURN,J2A,0,1,-1.9768708984375021,2.4062695312499991,-3.802699773596415,0.012149752129746621,11.942651217944563,7.3410725195747197,5.6189846992492676,2.5981860160827637,-1.0553812980651855,0.024543749168515205,-0.109375,0,0.69234374165534973,35,34,0,0,1,0,1,1,1.5075590000000001
2515,25.754134306000001,MINUS_10_RETURN,J2A,0,1,-1.9528723335061766,2.3934288950617302,-3.7471605159034915,0.012149752129746621,9.5255091410645889,7.1106183674459977,5.6128487586975098,2.5981860160827637,-0.26998123526573181,0,-0.16796875,0,1.0632421746850014,35,34,0,0,1,0,1,1,2.4510109999999998
2516,25.763119315000001,MINUS_10_RETURN,J2A,0,1,-1.9290026101026214,2.3805013892746896,-3.6968307611663778,0.012149752129746621,8.1521147773275455,6.9597090551687018,5.6072883605957031,2.5981860160827637,-1.4480812549591064,0.024543749168515205,-0.140625,0,0.89015623927116394,35,34,0,0,1,0,1,1,1.463041
2517,25.773155743,MINUS_10_RETURN,J2A,0,1,-1.9052625920000015,2.3674879999999998,-3.6048422470842141,0.013884814423230861,8.5067868155392397,7.1802844954450702,5.5971255302429199,2.5983777046203613,-0.90811872482299805,-0.049087498337030411,-0.1015625,0,0.64289061725139618,35,34,0,0,1,0,1,1,1.4923409999999999
2518,25.784166947999999,MINUS_10_RETURN,J2A,0,1,-1.8816531330640434,2.3543897226080248,-3.5440978025108381,0.012149752129746621,7.4602224176975387,7.0139163280711436,5.5904145240783691,2.5981860160827637,-0.63813751935958862,-0.26998123526573181,-0.15625,0,0.98906248807907104,35,34,0,0,1,0,1,1,2.4455689999999999
2519,25.793117792,MINUS_10_RETURN,J2A,0,1,-1.8581750771604959,2.3412075617283921,-3.5284736097187657,0.013884814423230861,5.4600889111907769,6.4870802208889939,5.5886883735656738,2.5983777046203613,-0.29452499747276306,0,-0.18359375,0,1.1621484234929085,35,34,0,0,1,0,1,1,1.4674750000000001
2520,25.803121317999999,MINUS_10_RETURN,J2A,0,1,-1.8348292580624985,2.3279425312499993,-3.5093836084150825,0.013884814423230861,4.2169723312365841,6.0292049242179742,5.5865793228149414,2.5983777046203613,-0.58904999494552612,0.073631249368190765,-0.17578125,0,1.1126952990889549,35,34,0,0,1,0,1,1,1.5235810000000001
2521,25.813101964000001,MINUS_10_RETURN,J2A,0,1,-1.8116164993580259,2.3145956543209913,-3.4781438549816523,0.015622034754393565,3.8365436386694238,5.7392877527577895,5.5831279754638672,2.5985696315765381,-0.85903126001358032,0.24543750286102295,-0.1640625,0,1.0385156124830246,35,34,0,0,1,0,1,1,1.507287
2522,25.823188733999999,MINUS_10_RETURN,J2A,0,1,-1.7885376143572547,2.3011679633487705,-3.4295448464626661,0.013884814423230861,4.1800863519732943,5.6471684022929161,5.5777587890625,2.5983777046203613,-0.83448749780654907,-0.22089375555515289,-0.15625,0,0.98906248807907104,35,34,0,0,1,0,1,1,1.5922860000000001
2523,25.833154964999999,MINUS_10_RETURN,J2A,0,1,-1.7655934059999971,2.2876605000000008,-3.3948349684422672,0.013884814423230861,3.9360181724217767,5.4307264316748061,5.5739240646362305,2.5983777046203613,-0.63813751935958862,-0.22089375555515289,-0.17578125,0,1.1126952990889549,35,34,0,0,1,0,1,1,1.5591999999999999
2524,25.843134743,MINUS_10_RETURN,J2A,0,1,-1.7427846667631197,2.2740743152006169,-3.3948349684422672,0.013884814423230861,2.558411812074155,4.8876537885073255,5.5739240646362305,2.5983777046203613,0.34361249208450317,-0.24543750286102295,-0.20703125,0,1.3105077967047691,35,34,0,0,1,0,1,1,1.535625
2525,25.853132735999999,MINUS_10_RETURN,J2A,0,1,-1.7201121785679021,2.2604104691358038,-3.3913648438552983,0.012149752129746621,1.7844464191755072,4.4335966214643951,5.5735406875610352,2.5981860160827637,-0.24543750286102295,-0.56450623273849487,-0.20703125,0,1.3105077967047691,35,34,0,0,1,0,1,1,1.5368379999999999
2526,25.863114007,MINUS_10_RETURN,J2A,0,1,-1.6975767126875017,2.246670031250003,-3.393099906148783,0.013884814423230861,1.0990490428404509,3.9728537794254901,5.5737323760986328,2.5983777046203613,0.098174996674060822,-0.26998123526573181,-0.203125,0,1.2857812345027924,35,34,0,0,1,0,1,1,1.516775
2527,25.873105825,MINUS_10_RETURN,J2A,0,1,-1.6751790296543216,2.2328540802469141,-3.3878904031929733,0.013884814423230861,0.89686378799852606,3.627706090097865,5.5731568336486816,2.5983777046203613,-0.049087498337030411,-0.26998123526573181,-0.20703125,0,1.3105077967047691,35,34,0,0,1,0,1,1,1.5119229999999999
2528,25.883102357999999,MINUS_10_RETURN,J2A,0,1,-1.6529198791674347,2.2189637040895072,-3.3861553408994887,0.012149752129746621,0.64370970388640381,3.2822921215701819,5.572965145111084,2.5981860160827637,-0.24543750286102295,-0.61359375715255737,-0.21484375,0,1.3599609211087227,35,34,0,0,1,0,1,1,1.4764349999999999
2529,25.893095874,MINUS_10_RETURN,J2A,0,1,-1.6307999999999989,2.2050000000000005,-3.3861553408994887,0.015622034754393565,0.41841130752616251,2.9540629094131639,5.572965145111084,2.5985696315765381,0.049087498337030411,0.12271875143051147,-0.20703125,0,1.3105077967047691,35,34,0,0,1,0,1,1,1.4396249999999999
2530,25.903159600999999,MINUS_10_RETURN,J2A,0,1,-1.608820119906639,2.1909640744598802,-3.3844202786060049,0.015622034754393565,0.33230998465538875,2.6758973712613856,5.5727734565734863,2.5985696315765381,0.073631249368190765,0.098174996674060822,-0.21484375,0,1.3599609211087227,35,34,0,0,1,0,1,1,1.506758
2531,25.913098185999999,MINUS_10_RETURN,J2A,0,1,-1.5869809555308656,2.1768570432098797,-3.3826852163125207,0.015622034754393565,0.27710393093881269,2.4257654743960502,5.5725817680358887,2.5985696315765381,-0.26998123526573181,0.17180624604225159,-0.20703125,0,1.3105077967047691,35,34,0,0,1,0,1,1,1.446618
2532,25.923090091999999,MINUS_10_RETURN,J2A,0,1,-1.5652832123125027,2.162680031250003,-3.3826852163125207,0.013884814423230861,0.18011755511022826,2.1831889269564453,5.5725817680358887,2.5983777046203613,-0.12271875143051147,-0.22089375555515289,-0.21484375,0,1.3599609211087227,35,34,0,0,1,0,1,1,1.436639
2533,25.933168936000001,MINUS_10_RETURN,J2A,0,1,-1.5437275843950609,2.1484341728395018,-3.3809501540190356,0.015622034754393565,0.17732853921252684,1.9820849280867661,5.572390079498291,2.5985696315765381,-0.19634999334812164,0.098174996674060822,-0.21484375,0,1.3599609211087227,35,34,0,0,1,0,1,1,1.521434
2534,25.943064362000001,MINUS_10_RETURN,J2A,0,1,-1.5223147545331734,2.1341206114969147,-3.3792150917255519,0.013884814423230861,0.17663249031138156,1.8014104180847292,5.5721983909606934,2.5983777046203613,-0.24543750286102295,-0.36815625429153442,-0.21875,0,1.3846874833106995,35,34,0,0,1,0,1,1,1.4997499999999999
2535,25.953054577,MINUS_10_RETURN,J2A,0,1,-1.5010453939999948,2.1197404999999967,-3.3792150917255519,0.012149752129746621,0.11481111870239802,1.6212693762762564,5.5721983909606934,2.5981860160827637,-0.24543750286102295,-0.56450623273849487,-0.21484375,0,1.3599609211087227,35,34,0,0,1,0,1,1,1.493026
2536,25.963030901,MINUS_10_RETURN,J2A,0,1,-1.4799201624946008,2.105295000385802,-3.3792150917255519,0.013884814423230861,0.074627227156558715,1.4591424386486309,5.5721983909606934,2.5983777046203613,-0.24543750286102295,-0.24543750286102295,-0.22265625,0,1.4094140455126762,35,34,0,0,1,0,1,1,1.468226
2537,25.973032841999999,MINUS_10_RETURN,J2A,0,1,-1.4589397080493818,2.0907852839506167,-3.3792150917255519,0.013884814423230861,0.048507697651763167,1.3132281947837678,5.5721983909606934,2.5983777046203613,-0.24543750286102295,-0.31906875967979431,-0.22265625,0,1.4094140455126762,35,34,0,0,1,0,1,1,1.4478800000000001
2538,25.983076315000002,MINUS_10_RETURN,J2A,0,1,-1.4381046669375017,2.0762125312500026,-3.3792150917255519,0.013884814423230861,0.031530003473646061,1.1819053753053912,5.5721983909606934,2.5983777046203613,0.098174996674060822,-0.34361249208450317,-0.23046875,0,1.4588671699166298,35,34,0,0,1,0,1,1,1.469133
2539,25.993087647999999,MINUS_10_RETURN,J2A,0,1,-1.4174156635802468,2.0615779320987628,-3.3740055887697427,0.015622034754393565,0.20262070208896507,1.1157508948694508,5.5716228485107422,2.5985696315765381,-0.41724374890327454,0.19634999334812164,-0.21875,0,1.3846874833106995,35,34,0,0,1,0,1,1,1.5214650000000001
2540,26.003078517999999,MINUS_10_RETURN,J2A,0,1,-1.3968733104544739,2.0468826855709863,-3.3740055887697427,0.012149752129746621,0.13170345635782729,1.0041758053825058,5.5716228485107422,2.5981860160827637,-0.024543749168515205,-0.61359375715255737,-0.23828125,0,1.5083202943205833,35,34,0,0,1,0,1,1,1.4982800000000001
2541,26.013054442000001,MINUS_10_RETURN,J2A,0,1,-1.3764782079999964,2.0321280000000019,-3.3705354641827743,0.015622034754393565,0.20735472640875882,0.93854321906601845,5.5712394714355469,2.5985696315765381,-0.44178751111030579,0,-0.23046875,0,1.4588671699166298,35,34,0,0,1,0,1,1,1.4608989999999999
2542,26.023064268999999,MINUS_10_RETURN,J2A,0,1,-1.356230944527006,2.0173150929783912,-3.372270526476258,0.013884814423230861,0.074113009907178562,0.82735530794269818,5.5714311599731445,2.5983777046203613,-0.024543749168515205,-0.31906875967979431,-0.23828125,0,1.5083202943205833,35,34,0,0,1,0,1,1,1.4963869999999999
2543,26.033095342999999,MINUS_10_RETURN,J2A,0,1,-1.3361320961234551,2.0024451913580243,-3.372270526476258,0.013884814423230861,0.048173456439666064,0.74461977714842842,5.5714311599731445,2.5983777046203613,0,-0.17180624604225159,-0.23828125,0,1.5083202943205833,35,34,0,0,1,0,1,1,1.4931369999999999
2544,26.043069496000001,MINUS_10_RETURN,J2A,0,1,-1.3161822265625016,1.9875195312500025,-3.367065339595805,0.013884814423230861,0.21396639237963222,0.72234455534611397,5.5708560943603516,2.5983777046203613,-0.34361249208450317,-0.26998123526573181,-0.23828125,0,1.5083202943205833,35,34,0,0,1,0,1,1,1.439989
2545,26.053122821999999,MINUS_10_RETURN,J2A,0,1,-1.2963818872098738,1.9725393580246888,-3.367065339595805,0.015622034754393565,0.13907815504676094,0.65011009981150258,5.5708560943603516,2.5985696315765381,0.12271875143051147,0.098174996674060822,-0.24609375,0,1.5577734187245369,35,34,0,0,1,0,1,1,1.5258480000000001
2546,26.063118119999999,MINUS_10_RETURN,J2A,0,1,-1.2767316169313236,1.9575059263117258,-3.367065339595805,0.015622034754393565,0.090400800780394613,0.5850990898303523,5.5708560943603516,2.5985696315765381,0.12271875143051147,0.049087498337030411,-0.24609375,0,1.5577734187245369,35,34,0,0,1,0,1,1,1.523082
2547,26.073031622999999,MINUS_10_RETURN,J2A,0,1,-1.2572319420000007,1.9424205000000003,-3.367065339595805,0.015622034754393565,0.058760520507256497,0.5265891808473171,5.5708560943603516,2.5985696315765381,0.39269998669624329,0.17180624604225159,-0.23828125,0,1.5083202943205833,35,34,0,0,1,0,1,1,1.469007
2548,26.083051559000001,MINUS_10_RETURN,J2A,0,1,-1.237883376003861,1.9272843522376557,-3.3635952150088371,0.012149752129746621,0.15940704921314561,0.50856246587213649,5.5704727172851562,2.5981860160827637,-0.24543750286102295,-0.56450623273849487,-0.24609375,0,1.5577734187245369,35,34,0,0,1,0,1,1,1.4706969999999999
2549,26.093085265999999,MINUS_10_RETURN,J2A,0,1,-1.2186864197530802,1.9120987654320962,-3.3635952150088371,0.013884814423230861,0.10361458198854465,0.45770621928492283,5.5704727172851562,2.5983777046203613,-0.024543749168515205,-0.24543750286102295,-0.25390625,0,1.6072265431284904,35,34,0,0,1,0,1,1,1.401446
2550,26.104078292000001,MINUS_10_RETURN,J2A,0,1,-1.1996415611874944,1.8968650312500035,-3.3618558366399962,0.012149752129746621,0.12272844574830546,0.42775815948664525,5.5702805519104004,2.5981860160827637,-0.024543749168515205,-0.6626812219619751,-0.25390625,0,1.6072265431284904,35,34,0,0,1,0,1,1,2.4076399999999998
2551,26.114132635000001,MINUS_10_RETURN,J2A,0,1,-1.1807492752839455,1.8815844506172841,-3.3601207743465116,0.015622034754393565,0.14017244397136058,0.40223918760511274,5.5700888633728027,2.5985696315765381,-0.22089375555515289,0.024543749168515205,-0.24609375,0,1.5577734187245369,35,34,0,0,1,0,1,1,2.532718
2552,26.124095636,MINUS_10_RETURN,J2A,0,1,-1.1620100239637452,1.8662583337191365,-3.3601207743465116,0.015622034754393565,0.091112088581384379,0.36201526884460145,5.5700888633728027,2.5985696315765381,-0.098174996674060822,0.098174996674060822,-0.265625,0,1.6814062297344208,35,34,0,0,1,0,1,1,2.5012249999999998
2553,26.134113248999999,MINUS_10_RETURN,J2A,0,1,-1.1434242560000012,1.8508879999999994,-3.3601207743465116,0.015622034754393565,0.05922285757789985,0.32581374196014129,5.5700888633728027,2.5985696315765381,-0.12271875143051147,0.098174996674060822,-0.2578125,0,1.6319531053304672,35,34,0,0,1,0,1,1,2.4832640000000001
2554,26.144087402,MINUS_10_RETURN,J2A,0,1,-1.1249924069251449,1.8354747781635794,-3.3531805251725744,0.013884814423230861,0.28203305168409543,0.36281470898083018,5.5693221092224121,2.5983777046203613,-0.58904999494552612,-0.26998123526573181,-0.2578125,0,1.6319531053304672,35,34,0,0,1,0,1,1,2.4721220000000002
2555,26.154144701,MINUS_10_RETURN,J2A,0,1,-1.1067148989382769,1.8200200061728378,-3.3566506497595432,0.013884814423230861,0.062559079549685981,0.29202969406989687,5.5697054862976074,2.5983777046203613,0.12271875143051147,-0.22089375555515289,-0.2578125,0,1.6319531053304672,35,34,0,0,1,0,1,1,2.5373510000000001
2556,26.164099659000001,MINUS_10_RETURN,J2A,0,1,-1.0885921408124943,1.8045250312499985,-3.3531805251725744,0.012149752129746621,0.16266729217462861,0.29768497908214508,5.5693221092224121,2.5981860160827637,-0.24543750286102295,-0.51541876792907715,-0.2578125,0,1.6319531053304672,35,34,0,0,1,0,1,1,2.4771749999999999
2557,26.174116439999999,MINUS_10_RETURN,J2A,0,1,-1.070624527802476,1.7889912098765461,-3.3549155874660586,0.013884814423230861,0.045108295200319157,0.25059492554159074,5.5695137977600098,2.5983777046203613,0.12271875143051147,-0.24543750286102295,-0.265625,0,1.6814062297344208,35,34,0,0,1,0,1,1,2.4288059999999998
2558,26.184044463999999,MINUS_10_RETURN,J2A,0,1,-1.0528124415517066,1.7734199077932131,-3.3514454628790906,0.015622034754393565,0.15165526994241862,0.26048825529092057,5.5691304206848145,2.5985696315765381,0.024543749168515205,0.073631249368190765,-0.265625,0,1.6814062297344208,35,34,0,0,1,0,1,1,2.3658000000000001
2559,26.194085487999999,MINUS_10_RETURN,J2A,0,1,-1.03515625,1.7578125,-3.3514454628790906,0.013884814423230861,0.098575925462572114,0.23443942976182852,5.5691304206848145,2.5983777046203613,-0.24543750286102295,-0.17180624604225159,-0.26953125,0,1.7061327919363976,35,34,0,0,1,0,1,1,2.4013949999999999
2560,26.204037617000001,MINUS_10_RETURN,J2A,0,1,-1.017656307290892,1.7421703707561687,-3.3479710222167651,0.013884814423230861,0.18626471220754059,0.24590701840189388,5.5687465667724609,2.5983777046203613,-0.34361249208450317,-0.26998123526573181,-0.26953125,0,1.7061327919363976,35,34,0,0,1,0,1,1,2.355871
2561,26.214073623000001,MINUS_10_RETURN,J2A,0,1,-1.0003129536790141,1.7264949135802463,-3.3445008976297967,0.012149752129746621,0.24209068383239141,0.2558930653895588,5.5683631896972656,2.5981860160827637,-0.58904999494552612,-0.58904999494552612,-0.28125,0,1.7803124785423279,35,34,0,0,1,0,1,1,2.38788
2562,26.224001921999999,MINUS_10_RETURN,J2A,0,1,-0.98312651543750107,1.7107875312500052,-3.3462359599232805,0.013884814423230861,0.096193199712477084,0.21282783177100939,5.5685548782348633,2.5983777046203613,0.12271875143051147,-0.31906875967979431,-0.26953125,0,1.7061327919363976,35,34,0,0,1,0,1,1,2.3278819999999998
2563,26.233004108999999,MINUS_10_RETURN,J2A,0,1,-0.96609730476543731,1.6950496358024689,-3.3445008976297967,0.013884814423230861,0.12998383220436838,0.2108188349914108,5.5683631896972656,2.5983777046203613,-0.049087498337030411,-0.26998123526573181,-0.28515625,0,1.8050390407443047,35,34,0,0,1,0,1,1,1.4380980000000001
2564,26.243043924999998,MINUS_10_RETURN,J2A,0,1,-0.94922561969521801,1.6792826485339507,-3.3427658353363121,0.012149752129746621,0.14497583876228975,0.20701876515782694,5.568171501159668,2.5981860160827637,-0.36815625429153442,-0.58904999494552612,-0.28125,0,1.7803124785423279,35,34,0,0,1,0,1,1,1.4769110000000001
2565,26.253057045999999,MINUS_10_RETURN,J2A,0,1,-0.93251174400000281,1.6634880000000005,-3.3445008976297967,0.015622034754393565,0.033586690645456642,0.16898900162774946,5.5683631896972656,2.5985696315765381,0.073631249368190765,0.024543749168515205,-0.28125,0,1.7803124785423279,35,34,0,0,1,0,1,1,1.4922310000000001
2566,26.263031581,MINUS_10_RETURN,J2A,0,1,-0.91595594710107875,1.6476671300154333,-3.3445008976297967,0.015622034754393565,0.021831348919546818,0.15209010146497451,5.5683631896972656,2.5985696315765381,0.049087498337030411,0.14726249873638153,-0.2890625,0,1.8297656029462814,35,34,0,0,1,0,1,1,1.374287
2567,26.273104704000001,MINUS_10_RETURN,J2A,0,1,-0.89955848397531568,1.631821487654316,-3.3427658353363121,0.013884814423230861,0.07447672520420566,0.15410576229176284,5.568171501159668,2.5983777046203613,-0.22089375555515289,-0.24543750286102295,-0.2890625,0,1.8297656029462814,35,34,0,0,1,0,1,1,1.5416000000000001
2568,26.284115680999999,MINUS_10_RETURN,J2A,0,1,-0.88331959506250257,1.6159525312500023,-3.3410307730428279,0.012149752129746621,0.10356136272810459,0.15445275501840683,5.5679798126220703,2.5981860160827637,-0.26998123526573181,-0.63813751935958862,-0.28515625,0,1.8050390407443047,35,34,0,0,1,0,1,1,2.4531160000000001
2569,26.293079562999999,MINUS_10_RETURN,J2A,0,1,-0.86723950617284018,1.6000617283950604,-3.3392957107493437,0.015622034754393565,0.13506140482823581,0.15836362781798552,5.5677881240844727,2.5985696315765381,0.024543749168515205,0.098174996674060822,-0.30078125,0,1.9039452895522118,35,34,0,0,1,0,1,1,1.5158240000000001
2570,26.304165607000002,MINUS_10_RETURN,J2A,0,1,-0.85131842839429162,1.5841505559413585,-3.3392957107493437,0.013884814423230861,0.087789913138353284,0.14252726503618698,5.5677881240844727,2.5983777046203613,0.024543749168515205,-0.14726249873638153,-0.296875,0,1.879218727350235,35,34,0,0,1,0,1,1,2.5092210000000001
2571,26.314150613999999,MINUS_10_RETURN,J2A,0,1,-0.83555655800000039,1.5682205000000002,-3.3358255861623753,0.013884814423230861,0.17870017403388444,0.16302789010226967,5.5674047470092773,2.5983777046203613,0.34361249208450317,-0.19634999334812164,-0.296875,0,1.879218727350235,35,34,0,0,1,0,1,1,2.4589780000000001
2572,26.323100224000001,MINUS_10_RETURN,J2A,0,1,-0.81995407635570672,1.5522730559413609,-3.334086207793534,0.013884814423230861,0.18417846040691493,0.16616034317343986,5.5672125816345215,2.5983777046203613,-0.36815625429153442,-0.24543750286102295,-0.296875,0,1.879218727350235,35,34,0,0,1,0,1,1,1.5356780000000001
2573,26.334136375,MINUS_10_RETURN,J2A,0,1,-0.80451114982715843,1.5363097283950644,-3.334086207793534,0.012149752129746621,0.11971599926449471,0.14954430885609588,5.5672125816345215,2.5981860160827637,-0.24543750286102295,-0.68722498416900635,-0.296875,0,1.879218727350235,35,34,0,0,1,0,1,1,2.4478249999999999
2574,26.344068867000001,MINUS_10_RETURN,J2A,0,1,-0.78922792968750244,1.5203320312499979,-3.334086207793534,0.015622034754393565,0.077815399521921569,0.1345898779704863,5.5672125816345215,2.5985696315765381,-0.19634999334812164,0.073631249368190765,-0.296875,0,1.879218727350235,35,34,0,0,1,0,1,1,2.3773469999999999
2575,26.354169208999998,MINUS_10_RETURN,J2A,0,1,-0.77410455202469564,1.5043414876543229,-3.334086207793534,0.015622034754393565,0.050580009689249021,0.12113089017343767,5.5672125816345215,2.5985696315765381,0,0.098174996674060822,-0.2734375,0,1.7308593541383743,35,34,0,0,1,0,1,1,2.459362
2576,26.364062111999999,MINUS_10_RETURN,J2A,0,1,-0.75914113764891766,1.4883396300154375,-3.334086207793534,0.015622034754393565,0.032877006298011865,0.10901780115609391,5.5672125816345215,2.5985696315765381,0.12271875143051147,0.049087498337030411,-0.30078125,0,1.9039452895522118,35,34,0,0,1,0,1,1,2.3652060000000001
2577,26.374112131,MINUS_10_RETURN,J2A,0,1,-0.74433779200000494,1.4723280000000027,-3.3306160832065652,0.015622034754393565,0.14221993561521915,0.13264455861805924,5.5668292045593262,2.5985696315765381,-0.14726249873638153,0.073631249368190765,-0.296875,0,1.879218727350235,35,34,0,0,1,0,1,1,2.4315579999999999
2578,26.383185645000001,MINUS_10_RETURN,J2A,0,1,-0.729694605054787,1.4563081485339544,-3.3271459586195973,0.015622034754393565,0.2262988827055484,0.15762465262929787,5.5664458274841309,2.5985696315765381,-0.14726249873638153,0,-0.30078125,0,1.9039452895522118,35,34,0,0,1,0,1,1,1.5000610000000001
2579,26.394169033000001,MINUS_10_RETURN,J2A,0,1,-0.71521165123456498,1.4402816358024673,-3.3236758340326285,0.015622034754393565,0.25767432478103486,0.17345648765849048,5.5660624504089355,2.5985696315765381,-0.073631249368190765,0,-0.30078125,0,1.9039452895522118,35,34,0,0,1,0,1,1,2.4748079999999999
2580,26.404154218999999,MINUS_10_RETURN,J2A,0,1,-0.70088898931249943,1.4242500312499975,-3.3167312687833346,0.015622034754393565,0.41090869779384442,0.22565952080297624,5.5652952194213867,2.5985696315765381,-0.14726249873638153,0.12271875143051147,-0.2890625,0,1.8297656029462814,35,34,0,0,1,0,1,1,2.407403
2581,26.414085016000001,MINUS_10_RETURN,J2A,0,1,-0.68672666232099289,1.4082149135802466,-3.311526081902882,0.013884814423230861,0.45054173087207139,0.25550816223869932,5.5647201538085938,2.5983777046203613,-0.36815625429153442,-0.24543750286102295,-0.3125,0,1.9781249761581421,35,34,0,0,1,0,1,1,2.343486
2582,26.424114669000001,MINUS_10_RETURN,J2A,0,1,-0.67272469745910257,1.3921778707561692,-3.3045815166535881,0.015622034754393565,0.53519329452234232,0.29919768014497111,5.5639529228210449,2.5985696315765381,-0.34361249208450317,0,-0.296875,0,1.879218727350235,35,34,0,0,1,0,1,1,2.3526050000000001
2583,26.434153764000001,MINUS_10_RETURN,J2A,0,1,-0.658883105999994,1.3761404999999982,-3.2924317645238417,0.013884814423230861,0.7714609591809477,0.39030228862802407,5.5626106262207031,2.5983777046203613,-0.46633124351501465,-0.41724374890327454,-0.2890625,0,1.8297656029462814,35,34,0,0,1,0,1,1,2.4211900000000002
2584,26.443190769000001,MINUS_10_RETURN,J2A,0,1,-0.64520188319830396,1.3601044077932092,-3.273341763220158,0.013884814423230861,1.2407986064868237,0.56251462634213811,5.5605015754699707,2.5983777046203613,-0.44178751111030579,-0.41724374890327454,-0.26953125,0,1.7061327919363976,35,34,0,0,1,0,1,1,1.496013
2585,26.454275897999999,MINUS_10_RETURN,J2A,0,1,-0.63168100819752127,1.3440712098765437,-3.2073878156909723,0.015622034754393565,2.8889379488115932,1.1012399793065408,5.5532150268554688,2.5985696315765381,-1.1290124654769897,-0.049087498337030411,-0.19921875,0,1.2610546723008156,35,34,0,0,1,0,1,1,2.5416720000000002
2586,26.464256129999999,MINUS_10_RETURN,J2A,0,1,-0.61832044393750252,1.328042531249999,-3.1206088045646183,0.015622034754393565,4.9210910147185736,1.8606249379447548,5.5436277389526367,2.5985696315765381,-1.0308375358581543,-0.24543750286102295,-0.1875,0,1.1868749856948853,35,34,0,0,1,0,1,1,2.5196429999999999
2587,26.473169085999999,MINUS_10_RETURN,J2A,0,1,-0.60512013706173029,1.3120200061728373,-3.0182099167215495,0.015622034754393565,7.2197781231158142,2.8234392908784915,5.5323147773742676,2.5985696315765381,-1.8162374496459961,-0.39269998669624329,-0.109375,0,0.69234374165534973,35,34,0,0,1,0,1,1,1.460053
2588,26.484207324,MINUS_10_RETURN,J2A,0,1,-0.59208001782484487,1.2960052781635767,-2.7995230105368245,0.017357097047877804,11.626971276053343,4.5222712177986608,5.5081543922424316,2.5987613201141357,-2.1107625961303711,-0.024543749168515205,-0.03515625,0,0.22253905981779099,35,34,0,0,1,0,1,1,2.4738359999999999
2589,26.494175248000001,MINUS_10_RETURN,J2A,0,1,-0.57920000000000194,1.2800000000000011,-2.6242256099152761,0.015622034754393565,13.712683617667704,5.8286590355139474,5.4887876510620117,2.5985696315765381,-1.6689749956130981,-0.39269998669624329,-0.05859375,0,0.37089843302965164,35,34,0,0,1,0,1,1,2.4378570000000002
2590,26.504155076,MINUS_10_RETURN,J2A,0,1,-0.56647998078626038,1.2640058337191342,-2.4819073410959986,0.015622034754393565,13.9044520242769,6.6718524670462367,5.4730644226074219,2.5985696315765381,-1.9144124984741211,-0.44178751111030579,-0.04296875,0,0.27199218422174454,35,34,0,0,1,0,1,1,2.4171710000000002
2591,26.514173363000001,MINUS_10_RETURN,J2A,0,1,-0.5539198407160395,1.2480244506172837,-2.3916582053826763,0.017357097047877804,12.190847758870166,6.9055112040816651,5.4630937576293945,2.5987613201141357,-0.61359375715255737,-0.098174996674060822,-0.1328125,0,0.84070311486721039,35,34,0,0,1,0,1,1,2.4622579999999998
2592,26.523141330000001,MINUS_10_RETURN,J2A,0,1,-0.54151944356250148,1.2320575312499986,-2.3482686998194997,0.015622034754393565,9.6174478797070648,6.6987877512282008,5.4583001136779785,2.5985696315765381,-0.80994373559951782,-0.56450623273849487,-0.140625,0,0.89015623927116394,35,34,0,0,1,0,1,1,1.434517
2593,26.534179483999999,MINUS_10_RETURN,J2A,0,1,-0.5292786362469073,1.2161067654320974,-2.2857848768772824,0.017357097047877804,8.2325907066387707,6.5949802860565745,5.4513969421386719,2.5987613201141357,-0.39269998669624329,-0.17180624604225159,-0.1484375,0,0.93960936367511749,35,34,0,0,1,0,1,1,2.4455629999999999
2594,26.544131528000001,MINUS_10_RETURN,J2A,0,1,-0.51719724874613071,1.2001738522376471,-2.2649598132801145,0.017357097047877804,6.0835734321719581,6.1447363925528471,5.4490962028503418,2.5987613201141357,0.098174996674060822,-0.22089375555515289,-0.203125,0,1.2857812345027924,35,34,0,0,1,0,1,1,2.3947669999999999
2595,26.554231153,MINUS_10_RETURN,J2A,0,1,-0.5052750940000017,1.1842604999999977,-2.2632204349112737,0.017357097047877804,4.0146004569753027,5.5474849607442858,5.4489040374755859,2.5987613201141357,-0.24543750286102295,0.024543749168515205,-0.203125,0,1.2857812345027924,35,34,0,0,1,0,1,1,2.4897610000000001
2596,26.564127997,MINUS_10_RETURN,J2A,0,1,-0.49351196781866591,1.1683684263117211,-2.2632204349112737,0.017357097047877804,2.6094902970339469,4.9927364646698571,5.4489040374755859,2.5987613201141357,-0.24543750286102295,-0.19634999334812164,-0.203125,0,1.2857812345027924,35,34,0,0,1,0,1,1,2.3968389999999999
2597,26.574129441,MINUS_10_RETURN,J2A,0,1,-0.48190764879011994,1.1524993580246907,-2.2632204349112737,0.017357097047877804,1.6961686930720654,4.4934628182028717,5.4489040374755859,2.5987613201141357,-0.24543750286102295,-0.24543750286102295,-0.203125,0,1.2857812345027924,35,34,0,0,1,0,1,1,2.42631
2598,26.583121617,MINUS_10_RETURN,J2A,0,1,-0.47046189818749973,1.1366550312499986,-2.2632204349112737,0.019092159341362051,1.1025096504968426,4.0441165363825844,5.4489040374755859,2.5989530086517334,-0.24543750286102295,0.098174996674060822,-0.203125,0,1.2857812345027924,35,34,0,0,1,0,1,1,1.4317169999999999
2599,26.594199662000001,MINUS_10_RETURN,J2A,0,1,-0.45917445987655015,1.1208371913580291,-2.2632204349112737,0.019092159341362051,0.7166312728229477,3.6397048827443261,5.4489040374755859,2.5989530086517334,-0.12271875143051147,0.19634999334812164,-0.19921875,0,1.2610546723008156,35,34,0,0,1,0,1,1,2.5036589999999999
2600,26.604204097,MINUS_10_RETURN,J2A,0,1,-0.44804506022299151,1.1050475929783883,-2.2632204349112737,0.019092159341362051,0.46581032733491601,3.2757343944698936,5.4489040374755859,2.5989530086517334,-0.024543749168515205,0.22089375555515289,-0.20703125,0,1.3105077967047691,35,34,0,0,1,0,1,1,2.4659599999999999
2601,26.614177861000002,MINUS_10_RETURN,J2A,0,1,-0.43707340800000161,1.0892880000000045,-2.2649598132801145,0.017357097047877804,0.24173832955608043,2.9307214169624429,5.4490962028503418,2.5987613201141357,0.12271875143051147,-0.19634999334812164,-0.203125,0,1.2857812345027924,35,34,0,0,1,0,1,1,2.4373670000000001
2602,26.624127012999999,MINUS_10_RETURN,J2A,0,1,-0.42625919429551828,1.073560185570986,-2.261485372617789,0.017357097047877804,0.27935683684910628,2.6725712531626713,5.4487123489379883,2.5987613201141357,-0.61359375715255737,-0.073631249368190765,-0.21484375,0,1.3599609211087227,35,34,0,0,1,0,1,1,2.3914849999999999
2603,26.633177162999999,MINUS_10_RETURN,J2A,0,1,-0.41560209241974988,1.0578659320987664,-2.2632204349112737,0.017357097047877804,0.11448119946485438,2.3861424865643857,5.4489040374755859,2.5987613201141357,-0.24543750286102295,-0.34361249208450317,-0.20703125,0,1.3105077967047691,35,34,0,0,1,0,1,1,1.4873700000000001
2604,26.644053648,MINUS_10_RETURN,J2A,0,1,-0.4051017578124938,1.0422070312500005,-2.2632204349112737,0.019092159341362051,0.074412779652155356,2.147528237907947,5.4489040374755859,2.5989530086517334,-0.24543750286102295,0.26998123526573181,-0.20703125,0,1.3105077967047691,35,34,0,0,1,0,1,1,2.3197260000000002
2605,26.654155455000001,MINUS_10_RETURN,J2A,0,1,-0.39475782795062031,1.0265852839506155,-2.2649598132801145,0.017357097047877804,-0.011896399242973317,1.9155569266837595,5.4490962028503418,2.5987613201141357,0.098174996674060822,-0.24543750286102295,-0.203125,0,1.2857812345027924,35,34,0,0,1,0,1,1,2.458596
2606,26.664128095999999,MINUS_10_RETURN,J2A,0,1,-0.38456992225539999,1.0110025003857981,-2.2632204349112737,0.017357097047877804,0.053312597119119301,1.7414427359088271,5.4489040374755859,2.5987613201141357,-0.049087498337030411,-0.14726249873638153,-0.21484375,0,1.3599609211087227,35,34,0,0,1,0,1,1,2.4025829999999999
2607,26.674147387000001,MINUS_10_RETURN,J2A,0,1,-0.3745376420000035,0.9954605000000043,-2.2632204349112737,0.015622034754393565,0.034653188127427549,1.5672984623179445,5.4489040374755859,2.5985696315765381,-0.049087498337030411,0.098174996674060822,-0.23046875,0,1.4588671699166298,35,34,0,0,1,0,1,1,2.4541650000000002
2608,26.684160383999998,MINUS_10_RETURN,J2A,0,1,-0.36466057021682374,0.97996111149691134,-2.2649598132801145,0.017357097047877804,-0.038274649877579087,1.3931974097546054,5.4490962028503418,2.5987613201141357,0.46633124351501465,-0.24543750286102295,-0.21875,0,1.3846874833106995,35,34,0,0,1,0,1,1,2.4603069999999998
2609,26.694101901,MINUS_10_RETURN,J2A,0,1,-0.3549382716049454,0.96450617283950701,-2.2632204349112737,0.017357097047877804,0.03635784916091396,1.2713737749452421,5.4489040374755859,2.5987613201141357,0.098174996674060822,-0.31906875967979431,-0.20703125,0,1.3105077967047691,35,34,0,0,1,0,1,1,2.427184
2610,26.704154524,MINUS_10_RETURN,J2A,0,1,-0.34537029243749906,0.94909753125000651,-2.261485372617789,0.017357097047877804,0.084041890427823729,1.1614961941573549,5.4487123489379883,2.5987613201141357,-0.36815625429153442,-0.098174996674060822,-0.21875,0,1.3846874833106995,35,34,0,0,1,0,1,1,2.4549660000000002
2611,26.714154656000002,MINUS_10_RETURN,J2A,0,1,-0.33595616046913079,0.93373704320987305,-2.2632204349112737,0.017357097047877804,-0.0060991499056670742,1.027996180831976,5.4489040374755859,2.5987613201141357,0,-0.12271875143051147,-0.23046875,0,1.4588671699166298,35,34,0,0,1,0,1,1,2.4583400000000002
2612,26.724060514000001,MINUS_10_RETURN,J2A,0,1,-0.32669538484337401,0.91842657445987785,-2.261485372617789,0.017357097047877804,0.057339863880904916,0.94271208026866082,5.4487123489379883,2.5987613201141357,-0.24543750286102295,-0.19634999334812164,-0.22265625,0,1.4094140455126762,35,34,0,0,1,0,1,1,2.3627250000000002
2613,26.734153579000001,MINUS_10_RETURN,J2A,0,1,-0.3175874560000036,0.90316799999999486,-2.2632204349112737,0.019092159341362051,-0.022896322386997396,0.83125023398191311,5.4489040374755859,2.5989530086517334,0.073631249368190765,-0.4908750057220459,-0.21875,0,1.3846874833106995,35,34,0,0,1,0,1,1,2.5420720000000001
2614,26.744099663,MINUS_10_RETURN,J2A,0,1,-0.30863184558255874,0.88796320408950358,-2.2632204349112737,0.017357097047877804,-0.014882609551548309,0.74812521058372183,5.4489040374755859,2.5987613201141357,0.049087498337030411,-0.24543750286102295,-0.21875,0,1.3846874833106995,35,34,0,0,1,0,1,1,2.4038780000000002
2615,26.75410338,MINUS_10_RETURN,J2A,0,1,-0.29982800634568463,0.87281408024691021,-2.261485372617789,0.017357097047877804,0.051030920157552409,0.69065686562993789,5.4487123489379883,2.5987613201141357,-0.22089375555515289,-0.24543750286102295,-0.22265625,0,1.4094140455126762,35,34,0,0,1,0,1,1,2.4299230000000001
2616,26.764111087,MINUS_10_RETURN,J2A,0,1,-0.29117537206250077,0.85772253124999875,-2.2632204349112737,0.017357097047877804,-0.027510315774579637,0.60425391795923311,5.4489040374755859,2.5987613201141357,0.049087498337030411,-0.26998123526573181,-0.234375,0,1.4835937321186066,35,34,0,0,1,0,1,1,2.4177080000000002
2617,26.774156256000001,MINUS_10_RETURN,J2A,0,1,-0.28267335743209721,0.84269046913579615,-2.261485372617789,0.019092159341362051,0.042572409826074117,0.56110113047175292,5.4487123489379883,2.5989530086517334,-0.26998123526573181,-0.26998123526573181,-0.21875,0,1.3846874833106995,35,34,0,0,1,0,1,1,2.4622120000000001
2618,26.783154883000002,MINUS_10_RETURN,J2A,0,1,-0.27432135798688861,0.82771981520061222,-2.2632204349112737,0.017357097047877804,-0.039812873562178885,0.48570960601054131,5.4489040374755859,2.5987613201141357,0.19634999334812164,-0.24543750286102295,-0.22265625,0,1.4094140455126762,35,34,0,0,1,0,1,1,1.4604950000000001
2619,26.793066811999999,MINUS_10_RETURN,J2A,0,1,-0.2661187500000004,0.81281249999999683,-2.2632204349112737,0.019092159341362051,-0.025878367815416276,0.43713864540948716,5.4489040374755859,2.5989530086517334,0.098174996674060822,0.12271875143051147,-0.21484375,0,1.3599609211087227,35,34,0,0,1,0,1,1,1.455792
2620,26.804100374000001,MINUS_10_RETURN,J2A,0,1,-0.25806489039274538,0.79797046334876498,-2.2632204349112737,0.017357097047877804,-0.01682093908002058,0.39342478086853844,5.4489040374755859,2.5987613201141357,0.024543749168515205,-0.24543750286102295,-0.234375,0,1.4835937321186066,35,34,0,0,1,0,1,1,2.4886339999999998
2621,26.814061741,MINUS_10_RETURN,J2A,0,1,-0.25015911664197255,0.78319565432098348,-2.2632204349112737,0.017357097047877804,-0.010933610402013377,0.35408230278168462,5.4489040374755859,2.5987613201141357,0.31906875967979431,-0.26998123526573181,-0.22265625,0,1.4094140455126762,35,34,0,0,1,0,1,1,2.3648039999999999
2622,26.824082263000001,MINUS_10_RETURN,J2A,0,1,-0.24240074668750111,0.76849003124999382,-2.2597503103243053,0.017357097047877804,0.11409877560434931,0.35330425032227558,5.4485206604003906,2.5987613201141357,-0.31906875967979431,-0.17180624604225159,-0.23046875,0,1.4588671699166298,35,34,0,0,1,0,1,1,2.3935089999999999
2623,26.834112769000001,MINUS_10_RETURN,J2A,0,1,-0.23478907883950129,0.75385556172838863,-2.261485372617789,0.019092159341362051,0.013621714788916911,0.30067597118893086,5.4487123489379883,2.5989530086517334,0.024543749168515205,0.12271875143051147,-0.23046875,0,1.4588671699166298,35,34,0,0,1,0,1,1,2.4138670000000002
2624,26.844142144999999,MINUS_10_RETURN,J2A,0,1,-0.22732339168594606,0.73929422260802014,-2.261485372617789,0.017357097047877804,0.0088541146127959925,0.27060837407003779,5.4487123489379883,2.5987613201141357,0.098174996674060822,-0.26998123526573181,-0.23046875,0,1.4588671699166298,35,34,0,0,1,0,1,1,2.4451559999999999
2625,26.854162165999998,MINUS_10_RETURN,J2A,0,1,-0.22000294399999731,0.72480799999999834,-2.2597503103243053,0.015622034754393565,0.066361015815353808,0.26086349132504444,5.4485206604003906,2.5985696315765381,-0.12271875143051147,-0.4908750057220459,-0.24609375,0,1.5577734187245369,35,34,0,0,1,0,1,1,2.4622980000000001
2626,26.864106009,MINUS_10_RETURN,J2A,0,1,-0.21282697464738121,0.71039888927469264,-2.2580152480308207,0.017357097047877804,0.10420479209114153,0.25222575128144331,5.448328971862793,2.5987613201141357,-0.36815625429153442,-0.098174996674060822,-0.23046875,0,1.4588671699166298,35,34,0,0,1,0,1,1,2.4066890000000001
2627,26.874120037000001,MINUS_10_RETURN,J2A,0,1,-0.20579470249382581,0.69606889506172709,-2.2580152480308207,0.015622034754393565,0.067733114859241994,0.22700317615329899,5.448328971862793,2.5985696315765381,-0.41724374890327454,-0.51541876792907715,-0.23828125,0,1.5083202943205833,35,34,0,0,1,0,1,1,2.5249570000000001
2628,26.884006212999999,MINUS_10_RETURN,J2A,0,1,-0.19890532631248625,0.68182003124999713,-2.2562801857373369,0.020827221634846294,0.1054528843267358,0.22185324701460582,5.4481372833251953,2.5991446971893311,-0.6626812219619751,0,-0.23046875,0,1.4588671699166298,35,34,0,0,1,0,1,1,2.3117139999999998
2629,26.894101201000002,MINUS_10_RETURN,J2A,0,1,-0.19215802469137344,0.66765432098765243,-2.2580152480308207,0.019092159341362051,0.008388602193414002,0.18248055870772686,5.448328971862793,2.5989530086517334,-0.14726249873638153,0.12271875143051147,-0.23828125,0,1.5083202943205833,35,34,0,0,1,0,1,1,2.4068320000000001
2630,26.904102441999999,MINUS_10_RETURN,J2A,0,1,-0.18555195594058382,0.65357379668209714,-2.2545451234438523,0.017357097047877804,0.12689188135376075,0.19892944281639466,5.4479455947875977,2.5987613201141357,-0.36815625429153442,-0.17180624604225159,-0.23828125,0,1.5083202943205833,35,34,0,0,1,0,1,1,2.4093810000000002
2631,26.914149847000001,MINUS_10_RETURN,J2A,0,1,-0.17908625800000166,0.639580499999995,-2.2545451234438523,0.017357097047877804,0.082479722879944498,0.1790364985347552,5.4479455947875977,2.5987613201141357,-0.12271875143051147,-0.29452499747276306,-0.24609375,0,1.5577734187245369,35,34,0,0,1,0,1,1,2.4500120000000001
2632,26.924091223000001,MINUS_10_RETURN,J2A,0,1,-0.1727600483464542,0.62567648186727598,-2.2528100611503681,0.017357097047877804,0.11469710652840258,0.17858578772597644,5.44775390625,2.5987613201141357,-0.46633124351501465,-0.24543750286102295,-0.23828125,0,1.5083202943205833,35,34,0,0,1,0,1,1,2.397554
2633,26.934229974000001,MINUS_10_RETURN,J2A,0,1,-0.1665724239012345,0.6118638024691414,-2.2528100611503681,0.019092159341362051,0.074553119243461682,0.1607272089533788,5.44775390625,2.5989530086517334,-0.39269998669624329,0.073631249368190765,-0.23828125,0,1.5083202943205833,35,34,0,0,1,0,1,1,2.5355840000000001
2634,26.944085565999998,MINUS_10_RETURN,J2A,0,1,-0.1605224609375,0.59814453125,-2.2528100611503681,0.017357097047877804,0.048459527508250097,0.14465448805804093,5.44775390625,2.5987613201141357,-0.14726249873638153,-0.44178751111030579,-0.23046875,0,1.4588671699166298,35,34,0,0,1,0,1,1,2.390263
2635,26.954171116000001,MINUS_10_RETURN,J2A,0,1,-0.15460921498765856,0.58452074691357936,-2.2528100611503681,0.017357097047877804,0.031498692880362562,0.13018903925223685,5.44775390625,2.5987613201141357,-0.24543750286102295,-0.29452499747276306,-0.234375,0,1.4835937321186066,35,34,0,0,1,0,1,1,2.470148
2636,26.964092474000001,MINUS_10_RETURN,J2A,0,1,-0.14883172075077944,0.57099453742284945,-2.2528100611503681,0.019092159341362051,0.020474150372235666,0.11717013532701316,5.44775390625,2.5989530086517334,-0.17180624604225159,0.024543749168515205,-0.24609375,0,1.5577734187245369,35,34,0,0,1,0,1,1,2.415143
2637,26.974105812000001,MINUS_10_RETURN,J2A,0,1,-0.14318899200000956,0.55756799999999862,-2.2510749988568839,0.017357097047877804,0.073954487991962817,0.1227806332943146,5.4475622177124023,2.5987613201141357,-0.41724374890327454,-0.31906875967979431,-0.24609375,0,1.5577734187245369,35,34,0,0,1,0,1,1,2.4156200000000001
2638,26.984110893,MINUS_10_RETURN,J2A,0,1,-0.13768002148996317,0.54424324112654077,-2.2510749988568839,0.017357097047877804,0.048070417194775832,0.11050256996488314,5.4475622177124023,2.5987613201141357,-0.39269998669624329,-0.26998123526573181,-0.23046875,0,1.4588671699166298,35,34,0,0,1,0,1,1,2.4071229999999999
2639,26.993091106000001,MINUS_10_RETURN,J2A,0,1,-0.13230378086419492,0.53102237654321394,-2.2510749988568839,0.019092159341362051,0.031245771176604292,0.099452312968394824,5.4475622177124023,2.5989530086517334,-0.31906875967979431,0.073631249368190765,-0.23046875,0,1.4588671699166298,35,34,0,0,1,0,1,1,1.4798500000000001
2640,27.004077457000001,MINUS_10_RETURN,J2A,0,1,-0.12705922056250785,0.51790753124999844,-2.2510749988568839,0.019092159341362051,0.020309751264792789,0.089507081671555341,5.4475622177124023,2.5989530086517334,-0.36815625429153442,0.12271875143051147,-0.24609375,0,1.5577734187245369,35,34,0,0,1,0,1,1,2.382603
2641,27.014161585,MINUS_10_RETURN,J2A,0,1,-0.12194526972840514,0.50490083950617637,-2.2528100611503681,0.017357097047877804,-0.047019218449826233,0.063350500140987948,5.44775390625,2.5987613201141357,0,-0.22089375555515289,-0.24609375,0,1.5577734187245369,35,34,0,0,1,0,1,1,2.4916149999999999
2642,27.023103195000001,MINUS_10_RETURN,J2A,0,1,-0.11696083611650643,0.49200444483024219,-2.2545451234438523,0.019092159341362051,-0.098477755878802475,0.037611089016484744,5.4479455947875977,2.5989530086517334,0.34361249208450317,0.12271875143051147,-0.23828125,0,1.5083202943205833,35,34,0,0,1,0,1,1,1.427867
2643,27.03406536,MINUS_10_RETURN,J2A,0,1,-0.11210480600000849,0.47922050000000382,-2.2528100611503681,0.019092159341362051,-0.0086134730669543899,0.049677713901769768,5.44775390625,2.5989530086517334,-0.26998123526573181,0,-0.25,0,1.5824999809265137,35,34,0,0,1,0,1,1,2.3654540000000002
2644,27.044126778999999,MINUS_10_RETURN,J2A,0,1,-0.10737604407792922,0.46655116705246991,-2.2528100611503681,0.019092159341362051,-0.0055987574935203533,0.044709942511592791,5.44775390625,2.5989530086517334,0.12271875143051147,0,-0.23828125,0,1.5083202943205833,35,34,0,0,1,0,1,1,2.4320309999999998
2645,27.054224199,MINUS_10_RETURN,J2A,0,1,-0.10277339338272462,0.45399861728395641,-2.2510749988568839,0.019092159341362051,0.056502091513551053,0.057422172227387595,5.4475622177124023,2.5989530086517334,-0.24543750286102295,-0.26998123526573181,-0.22265625,0,1.4094140455126762,35,34,0,0,1,0,1,1,2.5304009999999999
2646,27.064101034,MINUS_10_RETURN,J2A,0,1,-0.098295675187509701,0.44156503125000413,-2.2493356204880426,0.019092159341362051,0.098363759429687087,0.069290640703471379,5.4473700523376465,2.5989530086517334,-0.58904999494552612,0,-0.23828125,0,1.5083202943205833,35,34,0,0,1,0,1,1,2.4074119999999999
2647,27.074156699,MINUS_10_RETURN,J2A,0,1,-0.093941688913590227,0.42925259876543131,-2.2493356204880426,0.017357097047877804,0.06393644362929661,0.062361576633124242,5.4473700523376465,2.5987613201141357,-0.53996247053146362,-0.24543750286102295,-0.24609375,0,1.5577734187245369,35,34,0,0,1,0,1,1,2.4636239999999998
2648,27.084068784999999,MINUS_10_RETURN,J2A,0,1,-0.089710212037811488,0.41706351890432225,-2.2510749988568839,0.019092159341362051,-0.019859506468409338,0.038577363304825488,5.4475622177124023,2.5989530086517334,-0.19634999334812164,0.12271875143051147,-0.23046875,0,1.4588671699166298,35,34,0,0,1,0,1,1,2.393011
2649,27.094174671000001,MINUS_10_RETURN,J2A,0,1,-0.085599999999995902,0.4049999999999917,-2.2493356204880426,0.017357097047877804,0.047331702400309511,0.0519311645757074,5.4473700523376465,2.5987613201141357,-0.56450623273849487,-0.17180624604225159,-0.23828125,0,1.5083202943205833,35,34,0,0,1,0,1,1,2.4159739999999998
2650,27.104098023999999,MINUS_10_RETURN,J2A,0,1,-0.081609786110345084,0.39306425964506175,-2.2510749988568839,0.015622034754393565,-0.030582853894102036,0.029209916559764314,5.4475622177124023,2.5985696315765381,0.073631249368190765,-0.51541876792907715,-0.23046875,0,1.4588671699166298,35,34,0,0,1,0,1,1,2.4042829999999999
2651,27.114111575999999,MINUS_10_RETURN,J2A,0,1,-0.077738281456799285,0.38125852469136134,-2.2493356204880426,0.017357097047877804,0.040916997339145847,0.043659168438162796,5.4473700523376465,2.5987613201141357,-0.098174996674060822,-0.24543750286102295,-0.23828125,0,1.5083202943205833,35,34,0,0,1,0,1,1,2.408579
2652,27.124056462999999,MINUS_10_RETURN,J2A,0,1,-0.073984174812506964,0.36958503125000897,-2.2493356204880426,0.019092159341362051,0.026596048270444803,0.039293251594346518,5.4473700523376465,2.5989530086517334,0.049087498337030411,0.049087498337030411,-0.234375,0,1.4835937321186066,35,34,0,0,1,0,1,1,2.361799
2653,27.134161576,MINUS_10_RETURN,J2A,0,1,-0.070346132543214424,0.35804602469135938,-2.2476005581945584,0.019092159341362051,0.077382929834774197,0.052534068851764745,5.4471783638000488,2.5989530086517334,-0.34361249208450317,0.12271875143051147,-0.23828125,0,1.5083202943205833,35,34,0,0,1,0,1,1,2.4665599999999999
2654,27.144007482999999,MINUS_10_RETURN,J2A,0,1,-0.066822798514660775,0.346643759645063,-2.2476005581945584,0.019092159341362051,0.050298904392603233,0.047280661966588269,5.4471783638000488,2.5989530086517334,-0.22089375555515289,0,-0.234375,0,1.4835937321186066,35,34,0,0,1,0,1,1,2.3345410000000002
2655,27.154161885000001,MINUS_10_RETURN,J2A,0,1,-0.06341279399999955,0.33538050000000652,-2.2476005581945584,0.017357097047877804,0.0326942878551921,0.042552595769929445,5.4471783638000488,2.5987613201141357,-0.22089375555515289,-0.24543750286102295,-0.23828125,0,1.5083202943205833,35,34,0,0,1,0,1,1,2.4644710000000001
2656,27.164073902999998,MINUS_10_RETURN,J2A,0,1,-0.060114717587183009,0.324258518904319,-2.2476005581945584,0.019092159341362051,0.021251287105874865,0.038297336192936501,5.4471783638000488,2.5989530086517334,0.049087498337030411,0,-0.25390625,0,1.6072265431284904,35,34,0,0,1,0,1,1,2.3757990000000002
2657,27.174120928000001,MINUS_10_RETURN,J2A,0,1,-0.056927145086431707,0.31328009876543084,-2.2458654959010742,0.015622034754393565,0.074256283931016381,0.051737016091413637,5.4469866752624512,2.5985696315765381,-0.12271875143051147,-0.58904999494552612,-0.25,0,1.5824999809265137,35,34,0,0,1,0,1,1,2.4496099999999998
2658,27.184141666999999,MINUS_10_RETURN,J2A,0,1,-0.05384862943749269,0.30244753125000301,-2.2458654959010742,0.019092159341362051,0.048266584555160648,0.046563314482272272,5.4469866752624512,2.5989530086517334,-0.024543749168515205,0.024543749168515205,-0.25,0,1.5824999809265137,35,34,0,0,1,0,1,1,2.4413480000000001
2659,27.194005392000001,MINUS_10_RETURN,J2A,0,1,-0.050877700617286692,0.29176311728395038,-2.2458654959010742,0.019092159341362051,0.031373279960854421,0.041906983034045046,5.4469866752624512,2.5989530086517334,-0.024543749168515205,-0.26998123526573181,-0.25,0,1.5824999809265137,35,34,0,0,1,0,1,1,2.3904239999999999
2660,27.204146965,MINUS_10_RETURN,J2A,0,1,-0.048012865547075734,0.28122916705247764,-2.2441304336075896,0.017357097047877804,0.080272080923915703,0.054824698716172071,5.4467949867248535,2.5987613201141357,-0.26998123526573181,0.14726249873638153,-0.23828125,0,1.5083202943205833,35,34,0,0,1,0,1,1,2.4741279999999999
2661,27.214035692,MINUS_10_RETURN,J2A,0,1,-0.045252608000003747,0.27084800000000797,-2.2458654959010742,0.017357097047877804,-0.009233660878048125,0.031796367850671053,5.4469866752624512,2.5987613201141357,-0.098174996674060822,-0.19634999334812164,-0.25,0,1.5824999809265137,35,34,0,0,1,0,1,1,2.3562810000000001
2662,27.224101667999999,MINUS_10_RETURN,J2A,0,1,-0.042595388508495091,0.26062194483024231,-2.2423953713141054,0.017357097047877804,0.11465642573807321,0.06309053258240524,5.4466032981872559,2.5987613201141357,-0.61359375715255737,-0.31906875967979431,-0.25,0,1.5824999809265137,35,34,0,0,1,0,1,1,2.3351500000000001
2663,27.234160365000001,MINUS_10_RETURN,J2A,0,1,-0.040039644271594454,0.25055333950616543,-2.2423953713141054,0.019092159341362051,0.074526676729747582,0.056781479324164719,5.4466032981872559,2.5989530086517334,-0.61359375715255737,0.073631249368190765,-0.24609375,0,1.5577734187245369,35,34,0,0,1,0,1,1,2.4625400000000002
2664,27.244106744,MINUS_10_RETURN,J2A,0,1,-0.037583789062498596,0.24064453125000423,-2.2423953713141054,0.017357097047877804,0.048442339874335931,0.051103331391748247,5.4466032981872559,2.5987613201141357,-0.26998123526573181,-0.36815625429153442,-0.234375,0,1.4835937321186066,35,34,0,0,1,0,1,1,2.4107959999999999
2665,27.254178250999999,MINUS_10_RETURN,J2A,0,1,-0.035226213135794993,0.23089787654321015,-2.2406603090206212,0.017357097047877804,0.091783542429251269,0.063220432969982823,5.4464116096496582,2.5987613201141357,-0.53996247053146362,0.44178751111030579,-0.23828125,0,1.5083202943205833,35,34,0,0,1,0,1,1,2.4850859999999999
2666,27.264074575999999,MINUS_10_RETURN,J2A,0,1,-0.032965283135020229,0.22131574112654206,-2.2423953713141054,0.019092159341362051,-0.001704062379138796,0.039365999684941075,5.4466032981872559,2.5989530086517334,-0.049087498337030411,0.17180624604225159,-0.2578125,0,1.6319531053304672,35,34,0,0,1,0,1,1,2.3801890000000001
2667,27.274159165,MINUS_10_RETURN,J2A,0,1,-0.030799341999996344,0.21190049999999516,-2.2406603090206212,0.015622034754393565,0.059110163344166321,0.05263448654233456,5.4464116096496582,2.5985696315765381,-0.36815625429153442,-0.7117687463760376,-0.23828125,0,1.5083202943205833,35,34,0,0,1,0,1,1,2.4859659999999999
2668,27.284068434999998,MINUS_10_RETURN,J2A,0,1,-0.028726708874229345,0.20265453742283651,-2.2423953713141054,0.019092159341362051,-0.022861596596990226,0.029861551382187292,5.4466032981872559,2.5989530086517334,0,0.12271875143051147,-0.25,0,1.5824999809265137,35,34,0,0,1,0,1,1,2.3984009999999998
2669,27.294146187999999,MINUS_10_RETURN,J2A,0,1,-0.02674567901234326,0.19358024691358722,-2.2406603090206212,0.017357097047877804,0.045398613393366719,0.04409215372437153,5.4464116096496582,2.5987613201141357,-0.39269998669624329,-0.22089375555515289,-0.23828125,0,1.5083202943205833,35,34,0,0,1,0,1,1,2.4505020000000002
2670,27.304111983999999,MINUS_10_RETURN,J2A,0,1,-0.02485452368749641,0.18468003124999893,-2.2406603090206212,0.017357097047877804,0.029509098705688366,0.039682938351934378,5.4464116096496582,2.5987613201141357,-0.24543750286102295,-0.17180624604225159,-0.23828125,0,1.5083202943205833,35,34,0,0,1,0,1,1,2.4169559999999999
2671,27.314103554999999,MINUS_10_RETURN,J2A,0,1,-0.023051490098771055,0.17595630246913058,-2.2406603090206212,0.017357097047877804,0.019180914158697437,0.035714644516740938,5.4464116096496582,2.5987613201141357,-0.24543750286102295,-0.24543750286102295,-0.23828125,0,1.5083202943205833,35,34,0,0,1,0,1,1,2.2985709999999999
2672,27.324058554,MINUS_10_RETURN,J2A,0,1,-0.021334801278554139,0.16741148186728932,-2.2406603090206212,0.019092159341362051,0.012467594203153335,0.032143180065066848,5.4464116096496582,2.5989530086517334,-0.24543750286102295,-0.7117687463760376,-0.234375,0,1.4835937321186066,35,34,0,0,1,0,1,1,2.347302
2673,27.334046723,MINUS_10_RETURN,J2A,0,1,-0.019702656000006868,0.15904800000000091,-2.2406603090206212,0.019092159341362051,0.0081039362320496685,0.028928862058560163,5.4464116096496582,2.5989530086517334,0.12271875143051147,0,-0.23828125,0,1.5083202943205833,35,34,0,0,1,0,1,1,2.3784990000000001
2674,27.343985873000001,MINUS_10_RETURN,J2A,0,1,-0.018153228684418821,0.15086829668209845,-2.2406603090206212,0.019092159341362051,0.0052675585508322846,0.026035975852704146,5.4464116096496582,2.5989530086517334,-0.24543750286102295,-0.024543749168515205,-0.25,0,1.5824999809265137,35,34,0,0,1,0,1,1,2.2194850000000002
2675,27.354156270000001,MINUS_10_RETURN,J2A,0,1,-0.016684669308641986,0.14287482098765736,-2.2406603090206212,0.017357097047877804,0.003423913058040985,0.023432378267433732,5.4464116096496582,2.5987613201141357,-0.26998123526573181,-0.24543750286102295,-0.23828125,0,1.5083202943205833,35,34,0,0,1,0,1,1,2.4546239999999999
2676,27.364094449,MINUS_10_RETURN,J2A,0,1,-0.015295103312498171,0.13507003124998937,-2.2423953713141054,0.017357097047877804,-0.05887939361589551,0.0036305869825126007,5.4466032981872559,2.5987613201141357,0.024543749168515205,-0.26998123526573181,-0.25,0,1.5824999809265137,35,34,0,0,1,0,1,1,2.3911479999999998
2677,27.374247874999998,MINUS_10_RETURN,J2A,0,1,-0.013982631506150867,0.12745639506172543,-2.2406603090206212,0.019092159341362051,0.021537940476153698,0.020355970091828705,5.4464116096496582,2.5989530086517334,-0.24543750286102295,0.073631249368190765,-0.23828125,0,1.5083202943205833,35,34,0,0,1,0,1,1,2.544613
2678,27.383990292,MINUS_10_RETURN,J2A,0,1,-0.012745329977619235,0.12003638927468549,-2.2406603090206212,0.017357097047877804,0.013999661309499905,0.018320373082645836,5.4464116096496582,2.5987613201141357,-0.22089375555515289,-0.22089375555515289,-0.23828125,0,1.5083202943205833,35,34,0,0,1,0,1,1,2.3205309999999999
2679,27.394118077000002,MINUS_10_RETURN,J2A,0,1,-0.01158125000000787,0.11281250000000279,-2.2423953713141054,0.017357097047877804,-0.050861189178022154,-0.00064336966253220398,5.4466032981872559,2.5987613201141357,-0.24543750286102295,-0.19634999334812164,-0.25,0,1.5824999809265137,35,34,0,0,1,0,1,1,2.4370530000000001
2680,27.404104072999999,MINUS_10_RETURN,J2A,0,1,-0.010488417939029659,0.10578722260801735,-2.2406603090206212,0.017357097047877804,0.027752568909809969,0.016795922125299411,5.4464116096496582,2.5987613201141357,-0.24543750286102295,-0.24543750286102295,-0.23828125,0,1.5083202943205833,35,34,0,0,1,0,1,1,2.4249369999999999
2681,27.414136857999999,MINUS_10_RETURN,J2A,0,1,-0.0094648351605020054,0.09896306172840022,-2.2406603090206212,0.017357097047877804,0.018039169791376479,0.015116329912769471,5.4464116096496582,2.5987613201141357,-0.24543750286102295,-0.24543750286102295,-0.25,0,1.5824999809265137,35,34,0,0,1,0,1,1,2.4605630000000001
2682,27.424000228000001,MINUS_10_RETURN,J2A,0,1,-0.0085084779375144137,0.09234253125000555,-2.2406603090206212,0.019092159341362051,0.011725460364394712,0.013604696921492524,5.4464116096496582,2.5989530086517334,-0.19634999334812164,0.12271875143051147,-0.23828125,0,1.5083202943205833,35,34,0,0,1,0,1,1,2.3246129999999998
2683,27.434139184999999,MINUS_10_RETURN,J2A,0,1,-0.0076172973580312942,0.085928154320988881,-2.2406603090206212,0.017357097047877804,0.007621549236856563,0.012244227229343272,5.4464116096496582,2.5987613201141357,-0.19634999334812164,-0.6626812219619751,-0.24609375,0,1.5577734187245369,35,34,0,0,1,0,1,1,2.4634779999999998
2684,27.444037413,MINUS_10_RETURN,J2A,0,1,-0.0067892192322549505,0.079722463348759959,-2.2406603090206212,0.015622034754393565,0.0049540070039567662,0.011019804506408945,5.4464116096496582,2.5985696315765381,-0.19634999334812164,-0.68722498416900635,-0.23828125,0,1.5083202943205833,35,34,0,0,1,0,1,1,2.3556599999999999
2685,27.454025293000001,MINUS_10_RETURN,J2A,0,1,-0.0060221439999885717,0.073728000000000307,-2.2406603090206212,0.019092159341362051,0.0032201045525718981,0.0099178240557680503,5.4464116096496582,2.5989530086517334,-0.24543750286102295,0,-0.25390625,0,1.6072265431284904,35,34,0,0,1,0,1,1,2.3488310000000001
2686,27.464050753999999,MINUS_10_RETURN,J2A,0,1,-0.005313946638114686,0.067947315200610106,-2.2406603090206212,0.017357097047877804,0.0020930679591717339,0.0089260416501912455,5.4464116096496582,2.5987613201141357,-0.24543750286102295,-0.17180624604225159,-0.23828125,0,1.5083202943205833,35,34,0,0,1,0,1,1,2.3738709999999998
2687,27.474149377,MINUS_10_RETURN,J2A,0,1,-0.0046624765678870972,0.06238296913580281,-2.2423953713141054,0.019092159341362051,-0.058773625371292305,-0.0091477395276147195,5.4466032981872559,2.5989530086517334,0.098174996674060822,0.24543750286102295,-0.24609375,0,1.5577734187245369,35,34,0,0,1,0,1,1,2.4768110000000001
2688,27.484038314999999,MINUS_10_RETURN,J2A,0,1,-0.0040655575624981566,0.057037531250010431,-2.2406603090206212,0.017357097047877804,0.023206346672790791,0.0093125210434698343,5.4464116096496582,2.5987613201141357,-0.19634999334812164,-0.24543750286102295,-0.23828125,0,1.5083202943205833,35,34,0,0,1,0,1,1,2.357653
2689,27.494149460999999,MINUS_10_RETURN,J2A,0,1,-0.0035209876543262908,0.051913580246919125,-2.2423953713141054,0.019092159341362051,-0.044975516044530914,-0.0087786285985471304,5.4466032981872559,2.5989530086517334,-0.24543750286102295,0,-0.234375,0,1.4835937321186066,35,34,0,0,1,0,1,1,2.433427
2690,27.504053763000002,MINUS_10_RETURN,J2A,0,1,-0.0030265390424411009,0.047013704089498745,-2.2406603090206212,0.019092159341362051,0.03207985700933224,0.009617503529386822,5.4464116096496582,2.5989530086517334,-0.24543750286102295,-0.24543750286102295,-0.23828125,0,1.5083202943205833,35,34,0,0,1,0,1,1,2.3176139999999998
2691,27.514063321999998,MINUS_10_RETURN,J2A,0,1,-0.0025799580000018807,0.042340500000002848,-2.2423953713141054,0.019092159341362051,-0.03981727954043332,-0.0086783001368373712,5.4466032981872559,2.5989530086517334,0.12271875143051147,0.14726249873638153,-0.23828125,0,1.5083202943205833,35,34,0,0,1,0,1,1,2.3205460000000002
2692,27.524066805,MINUS_10_RETURN,J2A,0,1,-0.0021789647816294888,0.037896574459873968,-2.2406603090206212,0.017357097047877804,0.034824804658189004,0.0095341116938379884,5.4464116096496582,2.5987613201141357,-0.24543750286102295,-0.26998123526573181,-0.23046875,0,1.4588671699166298,35,34,0,0,1,0,1,1,2.3651990000000001
2693,27.534189433000002,MINUS_10_RETURN,J2A,0,1,-0.0018212535308670397,0.033684543209873873,-2.2406603090206212,0.017357097047877804,0.022636123027822853,0.0085807005244541903,5.4464116096496582,2.5987613201141357,-0.24543750286102295,-0.31906875967979431,-0.25,0,1.5824999809265137,35,34,0,0,1,0,1,1,2.4517660000000001
2694,27.543988492,MINUS_10_RETURN,J2A,0,1,-0.0015044921875073669,0.029707031249994742,-2.2406603090206212,0.019092159341362051,0.014713479968084855,0.0077226304720087718,5.4464116096496582,2.5989530086517334,-0.24543750286102295,0.098174996674060822,-0.234375,0,1.4835937321186066,35,34,0,0,1,0,1,1,2.3027700000000002
2695,27.554076345999999,MINUS_10_RETURN,J2A,0,1,-0.0012263223950537139,0.025966672839500639,-2.2406603090206212,0.017357097047877804,0.0095637619792551566,0.0069503674248078944,5.4464116096496582,2.5987613201141357,-0.24543750286102295,-0.29452499747276306,-0.23828125,0,1.5083202943205833,35,34,0,0,1,0,1,1,2.3368220000000002
2696,27.564023303999999,MINUS_10_RETURN,J2A,0,1,-0.00098435940818042411,0.022466111496903807,-2.2423953713141054,0.017357097047877804,-0.05483456173688158,-0.011187814181500735,5.4466032981872559,2.5987613201141357,0.098174996674060822,-0.24543750286102295,-0.23828125,0,1.5083202943205833,35,34,0,0,1,0,1,1,2.280942
2697,27.574079942000001,MINUS_10_RETURN,J2A,0,1,-0.0007761920000071143,0.019207999999994268,-2.2423953713141054,0.017357097047877804,-0.035642465128973032,-0.010069032763350663,5.4466032981872559,2.5987613201141357,0.14726249873638153,-0.29452499747276306,-0.234375,0,1.4835937321186066,35,34,0,0,1,0,1,1,2.3914949999999999
2698,27.584007041,MINUS_10_RETURN,J2A,0,1,-0.00059938236959489188,0.016195000385798391,-2.2406603090206212,0.019092159341362051,0.038005536235607457,0.0084159101042529556,5.4464116096496582,2.5989530086517334,-0.24543750286102295,0.098174996674060822,-0.25,0,1.5824999809265137,35,34,0,0,1,0,1,1,2.2708940000000002
2699,27.594171850999999,MINUS_10_RETURN,J2A,0,1,-0.00045146604938040014,0.013429783950608492,-2.2406603090206212,0.017357097047877804,0.024703598553144846,0.0075743190938276604,5.4464116096496582,2.5987613201141357,-0.24543750286102295,-0.24543750286102295,-0.234375,0,1.4835937321186066,35,34,0,0,1,0,1,1,2.4300470000000001
2700,27.604079850000002,MINUS_10_RETURN,J2A,0,1,-0.00032995181249440009,0.010915031250006518,-2.2406603090206212,0.017357097047877804,0.016057339059544151,0.0068168871844448949,5.4464116096496582,2.5987613201141357,-0.24543750286102295,-0.24543750286102295,-0.25,0,1.5824999809265137,35,34,0,0,1,0,1,1,2.3434490000000001
2701,27.614208595000001,MINUS_10_RETURN,J2A,0,1,-0.00023232158024022453,0.0086534320987633837,-2.2406603090206212,0.019092159341362051,0.010437270388703698,0.0061351984660004055,5.4464116096496582,2.5989530086517334,-0.19634999334812164,0,-0.23046875,0,1.4588671699166298,35,34,0,0,1,0,1,1,2.468807
2702,27.624128848000002,MINUS_10_RETURN,J2A,0,1,-0.00015603032947453244,0.0066476855709870133,-2.2423953713141054,0.017357097047877804,-0.054431128605686739,-0.011968422625840821,5.4466032981872559,2.5987613201141357,0.098174996674060822,-0.24543750286102295,-0.25390625,0,1.6072265431284904,35,34,0,0,1,0,1,1,2.4273750000000001
2703,27.634204132000001,MINUS_10_RETURN,J2A,0,1,-9.8505999996945093e-05,0.0049005000000098189,-2.2389252467271374,0.017357097047877804,0.085166602151964282,0.023670372706932022,5.4462199211120605,2.5987613201141357,-0.51541876792907715,-0.26998123526573181,-0.23046875,0,1.4588671699166298,35,34,0,0,1,0,1,1,2.4657140000000002
2704,27.644080024000001,MINUS_10_RETURN,J2A,0,1,-5.714940200185481e-05,0.0034145929783887157,-2.2406603090206212,0.019092159341362051,-0.0061320329910911145,0.0037346713248479872,5.4464116096496582,2.5989530086517334,-0.26998123526573181,0.12271875143051147,-0.25,0,1.5824999809265137,35,34,0,0,1,0,1,1,2.3777010000000001
2705,27.654204100000001,MINUS_10_RETURN,J2A,0,1,-2.933412346806108e-05,0.0021926913580235428,-2.2406603090206212,0.017357097047877804,-0.0039858214442092246,0.0033612041923631888,5.4464116096496582,2.5987613201141357,-0.19634999334812164,-0.17180624604225159,-0.23046875,0,1.4588671699166298,35,34,0,0,1,0,1,1,2.444699
2706,27.664113596,MINUS_10_RETURN,J2A,0,1,-1.2406437495116052e-05,0.0012375312500090274,-2.2406603090206212,0.015622034754393565,-0.0025907839387359962,0.0030250837731268698,5.4464116096496582,2.5985696315765381,-0.24543750286102295,-0.61359375715255737,-0.25,0,1.5824999809265137,35,34,0,0,1,0,1,1,2.3769420000000001
2707,27.674201955000001,MINUS_10_RETURN,J2A,0,1,-3.6852098794781796e-06,0.0005518580246940038,-2.2406603090206212,0.019092159341362051,-0.0016840095601783976,0.0027225753958141827,5.4464116096496582,2.5989530086517334,-0.24543750286102295,0.098174996674060822,-0.23828125,0,1.5083202943205833,35,34,0,0,1,0,1,1,2.4662760000000001
2708,27.684133517999999,MINUS_10_RETURN,J2A,0,1,-4.61806335394499e-07,0.00013842631172285755,-2.2406603090206212,0.019092159341362051,-0.0010946062141159584,0.0024503178562327644,5.4464116096496582,2.5989530086517334,-0.24543750286102295,0.073631249368190765,-0.23828125,0,1.5083202943205833,35,34,0,0,1,0,1,1,2.3905759999999998
2709,27.694199794999999,MINUS_10_RETURN,J2A,0,1,0,0,-2.2406603090206212,0.017357097047877804,-0.00071149403917537303,0.0022052860706094882,5.4464116096496582,2.5987613201141357,-0.24543750286102295,-0.24543750286102295,-0.23828125,0,1.5083202943205833,35,34,0,0,1,0,1,1,2.4613040000000002
2710,27.704091848000001,FINAL_CENTER,J2A,0,1,0,0,-2.2406603090206212,0.019092159341362051,-0.00046247112546399249,0.0019847574635485396,5.4464116096496582,2.5989530086517334,-0.24543750286102295,0.024543749168515205,-0.23828125,0,1.5083202943205833,35,34,0,0,1,0,1,1,2.342873
2711,27.714165442999999,FINAL_CENTER,J2A,0,1,0,0,-2.2406603090206212,0.017357097047877804,-0.00030060623155159515,0.0017862817171936858,5.4464116096496582,2.5987613201141357,-0.19634999334812164,0.073631249368190765,-0.23828125,0,1.5083202943205833,35,34,0,0,1,0,1,1,2.2163089999999999
2712,27.723983639,FINAL_CENTER,J2A,0,1,0,0,-2.2406603090206212,0.017357097047877804,-0.00019539405050853685,0.0016076535454743173,5.4464116096496582,2.5987613201141357,-0.24543750286102295,-0.12271875143051147,-0.25,0,1.5824999809265137,35,34,0,0,1,0,1,1,1.9972829999999999
2713,27.734109450999998,FINAL_CENTER,J2A,0,1,0,0,-2.2406603090206212,0.017357097047877804,-0.00012700613283054895,0.0014468881909268855,5.4464116096496582,2.5987613201141357,-0.19634999334812164,-0.14726249873638153,-0.23828125,0,1.5083202943205833,35,34,0,0,1,0,1,1,2.2357140000000002
2714,27.744040505000001,FINAL_CENTER,J2A,0,1,0,0,-2.2406603090206212,0.019092159341362051,-8.2553986339856816e-05,0.0013021993718341971,5.4464116096496582,2.5989530086517334,-0.29452499747276306,0.22089375555515289,-0.24609375,0,1.5577734187245369,35,34,0,0,1,0,1,1,2.2213630000000002
2715,27.754104658999999,FINAL_CENTER,J2A,0,1,0,0,-2.2406603090206212,0.017357097047877804,-5.3660091120906933e-05,0.0011719794346507775,5.4464116096496582,2.5987613201141357,-0.12271875143051147,-0.36815625429153442,-0.25,0,1.5824999809265137,35,34,0,0,1,0,1,1,2.2395839999999998
2716,27.763938697,FINAL_CENTER,J2A,0,1,0,0,-2.2406603090206212,0.017357097047877804,-3.4879059228589511e-05,0.0010547814911856998,5.4464116096496582,2.5987613201141357,-0.14726249873638153,-0.31906875967979431,-0.234375,0,1.4835937321186066,35,34,0,0,1,0,1,1,2.1213169999999999
2717,27.774108768000001,FINAL_CENTER,J2A,0,1,0,0,-2.2406603090206212,0.015622034754393565,-2.2671388498583181e-05,0.00094930334206712991,5.4464116096496582,2.5985696315765381,-0.24543750286102295,0,-0.25,0,1.5824999809265137,35,34,0,0,1,0,1,1,2.3015469999999998
2718,27.783983167999999,FINAL_CENTER,J2A,0,1,0,0,-2.2406603090206212,0.017357097047877804,-1.4736402524079068e-05,0.00085437300786041692,5.4464116096496582,2.5987613201141357,-0.17180624604225159,-0.22089375555515289,-0.23828125,0,1.5083202943205833,35,34,0,0,1,0,1,1,2.1664270000000001
2719,27.794054961000001,FINAL_CENTER,J2A,0,1,0,0,-2.2406603090206212,0.019092159341362051,-9.5786616406513947e-06,0.00076893570707437528,5.4464116096496582,2.5989530086517334,-0.098174996674060822,0.098174996674060822,-0.23828125,0,1.5083202943205833,35,34,0,0,1,0,1,1,2.2388569999999999
2720,27.804025146000001,FINAL_CENTER,J2A,0,1,0,0,-2.2406603090206212,0.019092159341362051,-6.2261300664234064e-06,0.00069204213636693773,5.4464116096496582,2.5989530086517334,-0.19634999334812164,0.14726249873638153,-0.25,0,1.5824999809265137,35,34,0,0,1,0,1,1,2.2038869999999999
2721,27.814085351999999,FINAL_CENTER,J2A,0,1,0,0,-2.2406603090206212,0.017357097047877804,-4.0469845431752146e-06,0.00062283792273024399,5.4464116096496582,2.5987613201141357,-0.19634999334812164,-0.24543750286102295,-0.23828125,0,1.5083202943205833,35,34,0,0,1,0,1,1,2.229949
2722,27.824042600999999,FINAL_CENTER,J2A,0,1,0,0,-2.2406603090206212,0.017357097047877804,-2.6305399530638896e-06,0.00056055413045721957,5.4464116096496582,2.5987613201141357,-0.24543750286102295,-0.17180624604225159,-0.25,0,1.5824999809265137,35,34,0,0,1,0,1,1,2.225206
2723,27.834080332999999,FINAL_CENTER,J2A,0,1,0,0,-2.2406603090206212,0.019092159341362051,-1.7098509694915284e-06,0.00050449871741149765,5.4464116096496582,2.5989530086517334,-0.24543750286102295,0.098174996674060822,-0.23828125,0,1.5083202943205833,35,34,0,0,1,0,1,1,2.2561209999999998
2724,27.843991379999999,FINAL_CENTER,J2A,0,1,0,0,-2.2406603090206212,0.017357097047877804,-1.1114031301694934e-06,0.0004540488456703479,5.4464116096496582,2.5987613201141357,-0.14726249873638153,-0.34361249208450317,-0.23828125,0,1.5083202943205833,35,34,0,0,1,0,1,1,2.1732279999999999
2725,27.854131459000001,FINAL_CENTER,J2A,0,1,0,0,-2.2406603090206212,0.019092159341362051,-7.2241203461017076e-07,0.00040864396110331313,5.4464116096496582,2.5989530086517334,-0.22089375555515289,-0.024543749168515205,-0.23828125,0,1.5083202943205833,35,34,0,0,1,0,1,1,2.2453219999999998
2726,27.864025176999998,FINAL_CENTER,J2A,0,1,0,0,-2.2406603090206212,0.017357097047877804,-4.69567822496611e-07,0.00036777956499298181,5.4464116096496582,2.5987613201141357,-0.17180624604225159,-0.17180624604225159,-0.25,0,1.5824999809265137,35,34,0,0,1,0,1,1,2.2077529999999999
2727,27.874067949000001,FINAL_CENTER,J2A,0,1,0,0,-2.2406603090206212,0.017357097047877804,-3.0521908462279716e-07,0.00033100160849368365,5.4464116096496582,2.5987613201141357,-0.19634999334812164,-0.14726249873638153,-0.23828125,0,1.5083202943205833,35,34,0,0,1,0,1,1,2.2601140000000002
2728,27.884030903999999,FINAL_CENTER,J2A,0,1,0,0,-2.2406603090206212,0.017357097047877804,-1.9839240500481817e-07,0.00029790144764431527,5.4464116096496582,2.5987613201141357,-0.22089375555515289,-0.17180624604225159,-0.25,0,1.5824999809265137,35,34,0,0,1,0,1,1,2.2136749999999998
2729,27.894103218000001,FINAL_CENTER,J2A,0,1,0,0,-2.2389252467271374,0.017357097047877804,0.060291061601464857,0.017494165747602201,5.4462199211120605,2.5987613201141357,-0.39269998669624329,-0.29452499747276306,-0.24609375,0,1.5577734187245369,35,34,0,0,1,0,1,1,2.230038
2730,27.903992776999999,FINAL_CENTER,J2A,0,1,0,0,-2.2406603090206212,0.019092159341362051,-0.022216157024519109,-0.0017996357030069521,5.4464116096496582,2.5989530086517334,-0.024543749168515205,-0.024543749168515205,-0.25,0,1.5824999809265137,35,34,0,0,1,0,1,1,2.1761200000000001
2731,27.914110355999998,FINAL_CENTER,J2A,0,1,0,0,-2.2389252467271374,0.017357097047877804,0.045580951951803256,0.015529314729505366,5.4462199211120605,2.5987613201141357,-0.39269998669624329,-0.24543750286102295,-0.25390625,0,1.6072265431284904,35,34,0,0,1,0,1,1,2.206528
2732,27.924038392,FINAL_CENTER,J2A,0,1,0,0,-2.2406603090206212,0.017357097047877804,-0.031539746329441384,-0.0035000067714776022,5.4464116096496582,2.5987613201141357,0,-0.31906875967979431,-0.25,0,1.5824999809265137,35,34,0,0,1,0,1,1,2.2203909999999998
2733,27.934100138000002,FINAL_CENTER,J2A,0,1,0,0,-2.2389252467271374,0.017357097047877804,0.039853680167724892,0.014094141129059243,5.4462199211120605,2.5987613201141357,-0.39269998669624329,-0.24543750286102295,-0.25,0,1.5824999809265137,35,34,0,0,1,0,1,1,2.2456680000000002
2734,27.943983514999999,FINAL_CENTER,J2A,0,1,0,0,-2.2389252467271374,0.019092159341362051,0.02590489210902118,0.01268472701615332,5.4462199211120605,2.5989530086517334,-0.36815625429153442,0.049087498337030411,-0.25,0,1.5824999809265137,35,34,0,0,1,0,1,1,2.1665540000000001
2735,27.954076768,FINAL_CENTER,J2A,0,1,0,0,-2.2406603090206212,0.020827221634846294,-0.043327933345485778,-0.0057740637472761692,5.4464116096496582,2.5991446971893311,0,0.46633124351501465,-0.2578125,0,1.6319531053304672,35,34,0,0,1,0,1,1,2.2313700000000001
2736,27.963977709000002,FINAL_CENTER,J2A,0,1,0,0,-2.2406603090206212,0.017357097047877804,-0.028163156674565756,-0.0051966573725485523,5.4464116096496582,2.5987613201141357,0,-0.29452499747276306,-0.25,0,1.5824999809265137,35,34,0,0,1,0,1,1,2.1598980000000001
2737,27.974058484,FINAL_CENTER,J2A,0,1,0,0,-2.2406603090206212,0.017357097047877804,-0.018306051838467743,-0.0046769916352936971,5.4464116096496582,2.5987613201141357,0,-0.22089375555515289,-0.25,0,1.5824999809265137,35,34,0,0,1,0,1,1,2.2414489999999998
2738,27.984018536000001,FINAL_CENTER,J2A,0,1,0,0,-2.2406603090206212,0.020827221634846294,-0.011898933695004034,-0.0042092924717643272,5.4464116096496582,2.5991446971893311,0.12271875143051147,0.34361249208450317,-0.25,0,1.5824999809265137,35,34,0,0,1,0,1,1,2.2015609999999999
2739,27.994123001999998,FINAL_CENTER,J2A,0,1,0,0,-2.2389252467271374,0.019092159341362051,0.052365039537677502,0.013382878615249285,5.4462199211120605,2.5989530086517334,-0.36815625429153442,0.12271875143051147,-0.25,0,1.5824999809265137,35,34,0,0,1,0,1,1,2.192809
2740,28.004013847,FINAL_CENTER,J2A,0,1,0,0,-2.2389252467271374,0.017357097047877804,0.034037275699490374,0.012044590753724356,5.4462199211120605,2.5987613201141357,-0.19634999334812164,-0.29452499747276306,-0.23828125,0,1.5083202943205833,35,34,0,0,1,0,1,1,2.1982360000000001
2741,28.014115137000001,FINAL_CENTER,J2A,0,1,0,0,-2.2389252467271374,0.015622034754393565,0.022124229204668742,0.010840131678351921,5.4462199211120605,2.5985696315765381,-0.31906875967979431,-0.51541876792907715,-0.24609375,0,1.5577734187245369,35,34,0,0,1,0,1,1,2.3063289999999999
2742,28.024014814000001,FINAL_CENTER,J2A,0,1,0,0,-2.2389252467271374,0.017357097047877804,0.014380748983034684,0.009756118510516729,5.4462199211120605,2.5987613201141357,-0.19634999334812164,-0.17180624604225159,-0.24609375,0,1.5577734187245369,35,34,0,0,1,0,1,1,2.1976650000000002
2743,28.034111555999999,FINAL_CENTER,J2A,0,1,0,0,-2.2389252467271374,0.015622034754393565,0.0093474868389725446,0.0087805066594650559,5.4462199211120605,2.5985696315765381,-0.24543750286102295,-0.53996247053146362,-0.24609375,0,1.5577734187245369,35,34,0,0,1,0,1,1,2.2357469999999999
2744,28.044004010999998,FINAL_CENTER,J2A,0,1,0,0,-2.2389252467271374,0.017357097047877804,0.006075866445332154,0.0079024559935185514,5.4462199211120605,2.5987613201141357,-0.26998123526573181,-0.26998123526573181,-0.24609375,0,1.5577734187245369,35,34,0,0,1,0,1,1,2.1863510000000002
2745,28.05412797,FINAL_CENTER,J2A,0,1,0,0,-2.2389252467271374,0.017357097047877804,0.0039493131894658999,0.0071122103941666966,5.4462199211120605,2.5987613201141357,-0.17180624604225159,-0.24543750286102295,-0.2578125,0,1.6319531053304672,35,34,0,0,1,0,1,1,2.3171119999999998
2746,28.064026446,FINAL_CENTER,J2A,0,1,0,0,-2.2389252467271374,0.017357097047877804,0.0025670535731528352,0.0064009893547500273,5.4462199211120605,2.5987613201141357,-0.17180624604225159,-0.29452499747276306,-0.23828125,0,1.5083202943205833,35,34,0,0,1,0,1,1,2.2094209999999999
2747,28.074084803000002,FINAL_CENTER,J2A,0,1,0,0,-2.2406603090206212,0.017357097047877804,-0.058706265932817192,-0.011489066939401129,5.4464116096496582,2.5987613201141357,0.12271875143051147,-0.22089375555515289,-0.25,0,1.5824999809265137,35,34,0,0,1,0,1,1,2.1804169999999998
2748,28.084004686,FINAL_CENTER,J2A,0,1,0,0,-2.2389252467271374,0.017357097047877804,0.023058564762923547,0.0071505933600403346,5.4462199211120605,2.5987613201141357,-0.14726249873638153,-0.29452499747276306,-0.24609375,0,1.5577734187245369,35,34,0,0,1,0,1,1,2.1881689999999998
2749,28.094083781999998,FINAL_CENTER,J2A,0,1,0,0,-2.2389252467271374,0.019092159341362051,0.014988067095900306,0.0064355340240363013,5.4462199211120605,2.5989530086517334,-0.22089375555515289,0.024543749168515205,-0.23828125,0,1.5083202943205833,35,34,0,0,1,0,1,1,2.2713869999999998
2750,28.103999931000001,FINAL_CENTER,J2A,0,1,0,0,-2.2389252467271374,0.015622034754393565,0.0097422436123351993,0.0057919806216326711,5.4462199211120605,2.5985696315765381,-0.17180624604225159,-0.58904999494552612,-0.25,0,1.5824999809265137,35,34,0,0,1,0,1,1,2.1832379999999998
2751,28.114011625,FINAL_CENTER,J2A,0,1,0,0,-2.2389252467271374,0.017357097047877804,0.0063324583480178801,0.005212782559469404,5.4462199211120605,2.5987613201141357,-0.24543750286102295,-0.26998123526573181,-0.25,0,1.5824999809265137,35,34,0,0,1,0,1,1,2.2005759999999999
2752,28.124043616000002,FINAL_CENTER,J2A,0,1,0,0,-2.2389252467271374,0.019092159341362051,0.0041160979262116221,0.0046915043035224641,5.4462199211120605,2.5989530086517334,-0.12271875143051147,0.17180624604225159,-0.24609375,0,1.5577734187245369,35,34,0,0,1,0,1,1,2.2266430000000001
2753,28.134077849000001,FINAL_CENTER,J2A,0,1,0,0,-2.2389252467271374,0.017357097047877804,0.0026754636520375545,0.0042223538731702174,5.4462199211120605,2.5987613201141357,-0.24543750286102295,-0.049087498337030411,-0.23828125,0,1.5083202943205833,35,34,0,0,1,0,1,1,2.1624639999999999
2754,28.143970882000001,FINAL_CENTER,J2A,0,1,0,0,-2.2389252467271374,0.017357097047877804,0.0017390513738244104,0.0038001184858531957,5.4462199211120605,2.5987613201141357,-0.22089375555515289,-0.29452499747276306,-0.24609375,0,1.5577734187245369,35,34,0,0,1,0,1,1,2.1534800000000001
2755,28.154086589999999,FINAL_CENTER,J2A,0,1,0,0,-2.2389252467271374,0.019092159341362051,0.0011303833929858667,0.0034201066372678761,5.4462199211120605,2.5989530086517334,-0.31906875967979431,0.024543749168515205,-0.25,0,1.5824999809265137,35,34,0,0,1,0,1,1,2.2770920000000001
2756,28.163979171000001,FINAL_CENTER,J2A,0,1,0,0,-2.2389252467271374,0.019092159341362051,0.00073474920544081338,0.0030780959735410883,5.4462199211120605,2.5989530086517334,-0.073631249368190765,0.12271875143051147,-0.25,0,1.5824999809265137,35,34,0,0,1,0,1,1,2.1624590000000001
2757,28.173892087999999,FINAL_CENTER,J2A,0,1,0,0,-2.2389252467271374,0.019092159341362051,0.0004775869835365287,0.0027702863761869794,5.4462199211120605,2.5989530086517334,-0.26998123526573181,0.098174996674060822,-0.25,0,1.5824999809265137,35,34,0,0,1,0,1,1,2.0572650000000001
2758,28.183858981,FINAL_CENTER,J2A,0,1,0,0,-2.2389252467271374,0.017357097047877804,0.00031043153929874364,0.0024932577385682816,5.4462199211120605,2.5987613201141357,-0.12271875143051147,-0.26998123526573181,-0.25,0,1.5824999809265137,35,34,0,0,1,0,1,1,2.0429819999999999
2759,28.194071750999999,FINAL_CENTER,J2A,0,1,0,0,-2.2389252467271374,0.015622034754393565,0.00020178050054418337,0.0022439319647114537,5.4462199211120605,2.5985696315765381,-0.14726249873638153,-0.53996247053146362,-0.23828125,0,1.5083202943205833,35,34,0,0,1,0,1,1,2.1397819999999999
2760,28.203853787,FINAL_CENTER,J2A,0,1,0,0,-2.2389252467271374,0.019092159341362051,0.00013115732535371919,0.0020195387682403086,5.4462199211120605,2.5989530086517334,-0.24543750286102295,0.098174996674060822,-0.25,0,1.5824999809265137,35,34,0,0,1,0,1,1,2.0378989999999999
2761,28.213901200999999,FINAL_CENTER,J2A,0,1,0,0,-2.2389252467271374,0.017357097047877804,8.5252261479917474e-05,0.0018175848914162777,5.4462199211120605,2.5987613201141357,-0.19634999334812164,-0.31906875967979431,-0.24609375,0,1.5577734187245369,35,34,0,0,1,0,1,1,2.0164059999999999
2762,28.224006364000001,FINAL_CENTER,J2A,0,1,0,0,-2.2389252467271374,0.017357097047877804,5.541396996194636e-05,0.00163582640227465,5.4462199211120605,2.5987613201141357,0,-0.24543750286102295,-0.25,0,1.5824999809265137,35,34,0,0,1,0,1,1,2.1881710000000001
2763,28.234088912000001,FINAL_CENTER,J2A,0,1,0,0,-2.2371901844336528,0.019092159341362051,0.060266012800280759,0.018680813396277328,5.4460282325744629,2.5989530086517334,-0.29452499747276306,0.17180624604225159,-0.24609375,0,1.5577734187245369,35,34,0,0,1,0,1,1,2.088803
2764,28.243978402,FINAL_CENTER,J2A,0,1,0,0,-2.2371901844336528,0.019092159341362051,0.039172908320182498,0.016812732056649595,5.4460282325744629,2.5989530086517334,-0.36815625429153442,0.12271875143051147,-0.24609375,0,1.5577734187245369,35,34,0,0,1,0,1,1,1.9981469999999999
2765,28.253994795000001,FINAL_CENTER,J2A,0,1,0,0,-2.2389252467271374,0.017357097047877804,-0.035165402722559684,-0.0021907677577805967,5.4462199211120605,2.5987613201141357,-0.098174996674060822,-0.31906875967979431,-0.25390625,0,1.6072265431284904,35,34,0,0,1,0,1,1,2.064371
2766,28.263975737999999,FINAL_CENTER,J2A,0,1,0,0,-2.2406603090206212,0.017357097047877804,-0.083700640792582215,-0.019355442131407802,5.4464116096496582,2.5987613201141357,-0.34361249208450317,-0.34361249208450317,-0.25,0,1.5824999809265137,35,34,0,0,1,0,1,1,1.96763
2767,28.274079389000001,FINAL_CENTER,J2A,0,1,0,0,-2.2389252467271374,0.017357097047877804,0.0056987777725325192,-0.00024727097892103186,5.4462199211120605,2.5987613201141357,0,-0.098174996674060822,-0.25,0,1.5824999809265137,35,34,0,0,1,0,1,1,2.05986
2768,28.283973870000001,FINAL_CENTER,J2A,0,1,0,0,-2.2371901844336528,0.019092159341362051,0.06507900658715024,0.017313113557543672,5.4460282325744629,2.5989530086517334,-0.4908750057220459,0.098174996674060822,-0.24609375,0,1.5577734187245369,35,34,0,0,1,0,1,1,1.994148
2769,28.293999900999999,FINAL_CENTER,J2A,0,1,0,0,-2.2389252467271374,0.019092159341362051,-0.018268157494217584,-0.0017237725913150509,5.4462199211120605,2.5989530086517334,-0.17180624604225159,0,-0.25,0,1.5824999809265137,35,34,0,0,1,0,1,1,2.0718049999999999
2770,28.303982422000001,FINAL_CENTER,J2A,0,1,0,0,-2.2389252467271374,0.019092159341362051,-0.01187430237124143,-0.0015513953321835458,5.4462199211120605,2.5989530086517334,-0.049087498337030411,0.024543749168515205,-0.24609375,0,1.5577734187245369,35,34,0,0,1,0,1,1,2.0033810000000001
2771,28.314074863999998,FINAL_CENTER,J2A,0,1,0,0,-2.2371901844336528,0.019092159341362051,0.052452651453218126,0.015795443628041968,5.4460282325744629,2.5989530086517334,-0.36815625429153442,0,-0.234375,0,1.4835937321186066,35,34,0,0,1,0,1,1,2.1459440000000001
2772,28.323926371999999,FINAL_CENTER,J2A,0,1,0,0,-2.2371901844336528,0.020827221634846294,0.03409422344459178,0.014215899265237772,5.4460282325744629,2.5991446971893311,-0.36815625429153442,0.34361249208450317,-0.25390625,0,1.6072265431284904,35,34,0,0,1,0,1,1,1.9644839999999999
2773,28.334051885000001,FINAL_CENTER,J2A,0,1,0,0,-2.2389252467271374,0.019092159341362051,-0.037813178053889868,-0.0043412401735358729,5.4462199211120605,2.5989530086517334,0.024543749168515205,0.098174996674060822,-0.23828125,0,1.5083202943205833,35,34,0,0,1,0,1,1,2.043622
2774,28.343975214,FINAL_CENTER,J2A,0,1,0,0,-2.2406603090206212,0.019092159341362051,-0.085774944764621192,-0.021391795878923082,5.4464116096496582,2.5989530086517334,0.22089375555515289,0.073631249368190765,-0.25,0,1.5824999809265137,35,34,0,0,1,0,1,1,2.0432939999999999
2775,28.354056708000002,FINAL_CENTER,J2A,0,1,0,0,-2.2389252467271374,0.017357097047877804,0.0044825765479373017,-0.0020422475353333198,5.4462199211120605,2.5987613201141357,0,-0.26998123526573181,-0.25,0,1.5824999809265137,35,34,0,0,1,0,1,1,2.0590000000000002
2776,28.363940905,FINAL_CENTER,J2A,0,1,0,0,-2.2371901844336528,0.017357097047877804,0.06435233312362594,0.015715879608904783,5.4460282325744629,2.5987613201141357,-0.34361249208450317,-0.26998123526573181,-0.25,0,1.5824999809265137,35,34,0,0,1,0,1,1,1.976038
2777,28.373973164999999,FINAL_CENTER,J2A,0,1,0,0,-2.2389252467271374,0.017357097047877804,-0.018702887818182252,-0.0031505381658540159,5.4462199211120605,2.5987613201141357,-0.073631249368190765,-0.17180624604225159,-0.2578125,0,1.6319531053304672,35,34,0,0,1,0,1,1,1.9748520000000001
2778,28.383969541999999,FINAL_CENTER,J2A,0,1,0,0,-2.2371901844336528,0.015622034754393565,0.048592312621571938,0.014521426994557217,5.4460282325744629,2.5985696315765381,0.024543749168515205,-0.68722498416900635,-0.23828125,0,1.5083202943205833,35,34,0,0,1,0,1,1,2.004877
2779,28.394080118000002,FINAL_CENTER,J2A,0,1,0,0,-2.2371901844336528,0.017357097047877804,0.031585003204021758,0.013069284295101496,5.4460282325744629,2.5987613201141357,-0.39269998669624329,-0.24543750286102295,-0.24609375,0,1.5577734187245369,35,34,0,0,1,0,1,1,2.0572180000000002
2780,28.40398441,FINAL_DUAL_BRAKE,J2A,0,1,0,0,0,0,0,0,5.4462199211120605,2.5987613201141357,-0.073631249368190765,-0.24543750286102295,-0.25,0,0,35,34,0,0,0,0,1,1,0
2781,28.415974907999999,FINAL_DUAL_BRAKE,J2A,0,1,0,0,0,0,0,0,5.448328971862793,2.5987613201141357,0.098174996674060822,0,0,0,0,35,34,0,0,0,0,1,1,0
2782,28.427971081999999,FINAL_DUAL_BRAKE,J2A,0,1,0,0,0,0,0,0,5.4490962028503418,2.5985696315765381,0.024543749168515205,-0.19634999334812164,0,0,0,35,34,0,0,0,0,1,1,0
2783,28.439929579000001,FINAL_DUAL_BRAKE,J2A,0,1,0,0,0,0,0,0,5.4490962028503418,2.5987613201141357,-0.29452499747276306,-0.024543749168515205,0,0,0,35,34,0,0,0,0,1,1,0
2784,28.452038976000001,FINAL_DUAL_BRAKE,J2A,0,1,0,0,0,0,0,0,5.4492878913879395,2.5985696315765381,-0.098174996674060822,-0.36815625429153442,0,0,0,35,34,0,0,0,0,1,1,0
2785,28.464050800999999,FINAL_DUAL_BRAKE,J2A,0,1,0,0,0,0,0,0,5.4492878913879395,2.5985696315765381,-0.17180624604225159,-0.39269998669624329,0,0,0,35,34,0,0,0,0,1,1,0
2786,28.476036487999998,FINAL_DUAL_BRAKE,J2A,0,1,0,0,0,0,0,0,5.4494795799255371,2.5989530086517334,0.14726249873638153,0.34361249208450317,0,0,0,35,34,0,0,0,0,1,1,0
2787,28.4880836,FINAL_DUAL_BRAKE,J2A,0,1,0,0,0,0,0,0,5.4492878913879395,2.5989530086517334,-0.24543750286102295,0.34361249208450317,0,0,0,35,34,0,0,0,0,1,1,0
2788,28.500062919000001,FINAL_DUAL_BRAKE,J2A,0,1,0,0,0,0,0,0,5.4492878913879395,2.5987613201141357,-0.22089375555515289,0.049087498337030411,0,0,0,35,34,0,0,0,0,1,1,0
2789,28.512090478000001,FINAL_DUAL_BRAKE,J2A,0,1,0,0,0,0,0,0,5.4494795799255371,2.5987613201141357,0.098174996674060822,0,0,0,0,35,34,0,0,0,0,1,1,0
2790,28.524060328000001,FINAL_DUAL_BRAKE,J2A,0,1,0,0,0,0,0,0,5.4492878913879395,2.5985696315765381,-0.24543750286102295,-0.29452499747276306,0,0,0,35,34,0,0,0,0,1,1,0
2791,28.535979675,FINAL_DUAL_BRAKE,J2A,0,1,0,0,0,0,0,0,5.4492878913879395,2.5985696315765381,-0.29452499747276306,-0.36815625429153442,0,0,0,35,34,0,0,0,0,1,1,0
2792,28.548022746000001,FINAL_DUAL_BRAKE,J2A,0,1,0,0,0,0,0,0,5.4492878913879395,2.5987613201141357,-0.34361249208450317,-0.024543749168515205,0,0,0,35,34,0,0,0,0,1,1,0
2793,28.560088191999998,FINAL_DUAL_BRAKE,J2A,0,1,0,0,0,0,0,0,5.4492878913879395,2.5987613201141357,-0.19634999334812164,0.073631249368190765,0,0,0,35,34,0,0,0,0,1,1,0
2794,28.572185351000002,FINAL_DUAL_BRAKE,J2A,0,1,0,0,0,0,0,0,5.4492878913879395,2.5985696315765381,-0.24543750286102295,-0.24543750286102295,0,0,0,35,34,0,0,0,0,1,1,0
2795,28.584059550999999,FINAL_DUAL_BRAKE,J2A,0,1,0,0,0,0,0,0,5.4494795799255371,2.5989530086517334,0.098174996674060822,0.34361249208450317,0,0,0,35,34,0,0,0,0,1,1,0
2796,28.595980948000001,FINAL_DUAL_BRAKE,J2A,0,1,0,0,0,0,0,0,5.4490962028503418,2.5983777046203613,-0.61359375715255737,-0.36815625429153442,0,0,0,35,34,0,0,0,0,1,1,0
2797,28.608003247999999,FINAL_DUAL_BRAKE,J2A,0,1,0,0,0,0,0,0,5.4492878913879395,2.5985696315765381,-0.24543750286102295,-0.36815625429153442,0,0,0,35,34,0,0,0,0,1,1,0
2798,28.619960884000001,FINAL_DUAL_BRAKE,J2A,0,1,0,0,0,0,0,0,5.4490962028503418,2.5987613201141357,0.12271875143051147,0.024543749168515205,0,0,0,35,34,0,0,0,0,1,1,0
2799,28.632049813999998,FINAL_DUAL_BRAKE,J2A,0,1,0,0,0,0,0,0,5.4490962028503418,2.5987613201141357,-0.56450623273849487,-0.049087498337030411,0,0,0,35,34,0,0,0,0,1,1,0
