tick,timestamp_s,phase,active_motor,active_id,other_id,q_ref_deg,dq_ref_deg_s,q_active_deg,q_other_deg,velocity_fast_deg_s,velocity_slow_deg_s,active_q_raw,other_q_raw,active_dq_raw,other_dq_raw,active_tau_raw,other_tau_raw,logical_tau_nm,active_temp_c,other_temp_c,active_merror,other_merror,active_mode,other_mode,active_valid,other_valid,cycle_ms
0,0.60153195699999995,INITIAL_FOC_HOLD,J2B,1,0,0,0,0,-0,0,0,3.1513791084289551,5.5858125686645508,-0.46633124351501465,0.073631249368190765,0,0,0,34,34,0,0,1,0,1,1,1.8914530000000001
1,0.61153182900000003,INITIAL_FOC_HOLD,J2B,1,0,0,0,0.020827221634846294,-0,0.72896208793434025,0.20827488226695437,3.1536800861358643,5.5858125686645508,-0.098174996674060822,0.22089375555515289,0.0078125,0,0.049453124403953552,34,34,0,0,1,0,1,1,1.660326
2,0.62148953500000004,INITIAL_FOC_HOLD,J2B,1,0,0,0,0.012149752129746621,0.0017393783688411679,0.16882395153388924,0.10030413529070693,3.1527214050292969,5.5856204032897949,0.098174996674060822,-0.24543750286102295,-0.00390625,0,-0.024726562201976776,34,34,0,0,1,0,1,1,1.6327640000000001
3,0.63148535900000002,INITIAL_FOC_HOLD,J2B,1,0,0,0,0.012149752129746621,0.0017393783688411679,0.10973556849702801,0.090273721761636241,3.1527214050292969,5.5856204032897949,0.049087498337030411,-0.19634999334812164,0,0,0,34,34,0,0,1,0,1,1,1.6454139999999999
4,0.64151808600000004,INITIAL_FOC_HOLD,J2B,1,0,0,0,0.012149752129746621,0.0017393783688411679,0.071328119523068209,0.081246349585472624,3.1527214050292969,5.5856204032897949,0,-0.22089375555515289,0,0,0,34,34,0,0,1,0,1,1,1.652247
5,0.65146711599999996,INITIAL_FOC_HOLD,J2B,1,0,0,0,0.012149752129746621,-0,0.046363277689994341,0.073121714626925363,3.1527214050292969,5.5858125686645508,0,0.14726249873638153,0.00390625,0,0.024726562201976776,34,34,0,0,1,0,1,1,1.6480779999999999
6,0.66156014299999999,INITIAL_FOC_HOLD,J2B,1,0,0,0,0.012149752129746621,0.0017393783688411679,0.030136130498496321,0.065809543164232834,3.1527214050292969,5.5856204032897949,0.098174996674060822,-0.24543750286102295,0,0,0,34,34,0,0,1,0,1,1,1.8589800000000001
7,0.67145976200000002,INITIAL_FOC_HOLD,J2B,1,0,0,0,0.012149752129746621,-0,0.01958848482402261,0.05922858884780955,3.1527214050292969,5.5858125686645508,0.19634999334812164,0.073631249368190765,0,0,0,34,34,0,0,1,0,1,1,1.6334599999999999
8,0.681612781,INITIAL_FOC_HOLD,J2B,1,0,0,0,0.012149752129746621,-0,0.012732515135614696,0.053305729963028597,3.1527214050292969,5.5858125686645508,0.22089375555515289,0.14726249873638153,0,0,0,34,34,0,0,1,0,1,1,1.739093
9,0.69162338999999995,INITIAL_FOC_HOLD,J2B,1,0,0,0,0.012149752129746621,0.0017393783688411679,0.0082761348381495525,0.047975156966725739,3.1527214050292969,5.5856204032897949,0.098174996674060822,-0.19634999334812164,-0.0078125,0,-0.049453124403953552,34,34,0,0,1,0,1,1,1.8051360000000001
10,0.70153245200000003,INITIAL_FOC_HOLD,J2B,1,0,0,0,0.012149752129746621,0.0017393783688411679,0.0053794876447972092,0.043177641270053163,3.1527214050292969,5.5856204032897949,0.049087498337030411,-0.24543750286102295,0.00390625,0,0.024726562201976776,34,34,0,0,1,0,1,1,1.705665
11,0.71152743500000004,INITIAL_FOC_HOLD,J2B,1,0,0,0,0.012149752129746621,0.0017393783688411679,0.0034966669691181861,0.038859877143047845,3.1527214050292969,5.5856204032897949,0,-0.24543750286102295,-0.00390625,0,-0.024726562201976776,34,34,0,0,1,0,1,1,1.6999359999999999
12,0.72143265499999998,INITIAL_FOC_HOLD,J2B,1,0,0,0,0.012149752129746621,0.0017393783688411679,0.0022728335299268209,0.034973889428743063,3.1527214050292969,5.5856204032897949,0.12271875143051147,-0.22089375555515289,0,0,0,34,34,0,0,1,0,1,1,1.6081220000000001
13,0.73151356400000001,INITIAL_FOC_HOLD,J2B,1,0,0,0,0.012149752129746621,0.0017393783688411679,0.0014773417944524336,0.031476500485868759,3.1527214050292969,5.5856204032897949,0.17180624604225159,-0.24543750286102295,0,0,0,34,34,0,0,1,0,1,1,1.6464369999999999
14,0.74145576599999996,INITIAL_FOC_HOLD,J2B,1,0,0,0,0.0086774695050996723,0.0017393783688411679,-0.12127612160496941,-0.0065958334973934031,3.1523377895355225,5.5856204032897949,-0.58904999494552612,-0.24543750286102295,0.00390625,0,0.024726562201976776,34,34,0,0,1,0,1,1,1.568632
15,0.75253550199999997,INITIAL_FOC_HOLD,J2B,1,0,0,0,0.012149752129746621,0.0017393783688411679,0.030857152355426978,0.025402787394819399,3.1527214050292969,5.5856204032897949,0.049087498337030411,-0.29452499747276306,0,0,0,34,34,0,0,1,0,1,1,2.668882
16,0.76144122400000003,INITIAL_FOC_HOLD,J2B,1,0,0,0,0.010414689836262378,0.0017393783688411679,-0.048131797661838102,0.0033799524573758406,3.1525297164916992,5.5856204032897949,-0.24543750286102295,-0.34361249208450317,0,0,0,34,34,0,0,1,0,1,1,1.614031
17,0.77253761600000004,INITIAL_FOC_HOLD,J2B,1,0,0,0,0.010414689836262378,0.0017393783688411679,-0.031285668480194768,0.0030419572116382565,3.1525297164916992,5.5856204032897949,0,-0.24543750286102295,0.00390625,0,0.024726562201976776,34,34,0,0,1,0,1,1,2.671084
18,0.78155314099999995,INITIAL_FOC_HOLD,J2B,1,0,0,0,0.012149752129746621,-0,0.047022766905787591,0.021983033324164201,3.1527214050292969,5.5858125686645508,0.17180624604225159,0.073631249368190765,0,0,0,34,34,0,0,1,0,1,1,1.732056
19,0.79144015099999998,INITIAL_FOC_HOLD,J2B,1,0,0,0,0.010414689836262378,0.0017393783688411679,-0.030856379675261687,0.0022358219448838888,3.1525297164916992,5.5856204032897949,-0.29452499747276306,-0.24543750286102295,-0.00390625,0,-0.024726562201976776,34,34,0,0,1,0,1,1,1.61033
20,0.80145781900000002,INITIAL_FOC_HOLD,J2B,1,0,0,0,0.010414689836262378,-0,-0.020056646788920097,0.0020122397503954999,3.1525297164916992,5.5858125686645508,-0.36815625429153442,0.22089375555515289,0.00390625,0,0.024726562201976776,34,34,0,0,1,0,1,1,1.589372
21,0.81153969999999997,INITIAL_FOC_HOLD,J2B,1,0,0,0,0.010414689836262378,0.0017393783688411679,-0.013036820412798064,0.00181101577535595,3.1525297164916992,5.5856204032897949,-0.24543750286102295,-0.24543750286102295,-0.00390625,0,-0.024726562201976776,34,34,0,0,1,0,1,1,1.6703410000000001
22,0.82151519500000003,INITIAL_FOC_HOLD,J2B,1,0,0,0,0.0086774695050996723,0.0017393783688411679,-0.069426007917941998,-0.015784964273500578,3.1523377895355225,5.5856204032897949,-0.51541876792907715,-0.24543750286102295,-0.00390625,0,-0.024726562201976776,34,34,0,0,1,0,1,1,1.6859500000000001
23,0.83151241399999998,INITIAL_FOC_HOLD,J2B,1,0,0,0,0.012149752129746621,-0,0.076436793580597615,0.020526017504495172,3.1527214050292969,5.5858125686645508,0.049087498337030411,0.073631249368190765,0,0,0,34,34,0,0,1,0,1,1,1.6465069999999999
24,0.84151872900000002,INITIAL_FOC_HOLD,J2B,1,0,0,0,0.012149752129746621,0.0017393783688411679,0.049683915827388452,0.018473415754045656,3.1527214050292969,5.5856204032897949,0,-0.19634999334812164,0,0,0,34,34,0,0,1,0,1,1,1.692612
25,0.85236151100000002,INITIAL_FOC_HOLD,J2B,1,0,0,0,0.012149752129746621,0.0017393783688411679,0.032294545287802498,0.016626074178641089,3.1527214050292969,5.5856204032897949,0.098174996674060822,-0.19634999334812164,0,0,0,34,34,0,0,1,0,1,1,2.4947119999999998
26,0.86139741599999997,INITIAL_FOC_HOLD,J2B,1,0,0,0,0.012149752129746621,0.0017393783688411679,0.020991454437071625,0.014963466760776981,3.1527214050292969,5.5856204032897949,0.22089375555515289,-0.22089375555515289,0,0,0,34,34,0,0,1,0,1,1,1.652733
27,0.87145751900000001,INITIAL_FOC_HOLD,J2B,1,0,0,0,0.010414689836262378,0.0017393783688411679,-0.046719926901105935,-0.0037798434253585745,3.1525297164916992,5.5856204032897949,-0.024543749168515205,-0.24543750286102295,0,0,0,34,34,0,0,1,0,1,1,1.656045
28,0.88153270500000003,INITIAL_FOC_HOLD,J2B,1,0,0,0,0.0086774695050996723,0.0017393783688411679,-0.090716924296953536,-0.0206444224574612,3.1523377895355225,5.5856204032897949,-0.53996247053146362,-0.19634999334812164,-0.00390625,0,-0.024726562201976776,34,34,0,0,1,0,1,1,1.6632990000000001
29,0.89157388299999996,INITIAL_FOC_HOLD,J2B,1,0,0,0,0.0086774695050996723,0.0017393783688411679,-0.0589660007930198,-0.018579980211715079,3.1523377895355225,5.5856204032897949,-0.46633124351501465,-0.24543750286102295,0,0,0,34,34,0,0,1,0,1,1,1.7105630000000001
30,0.90148018399999996,INITIAL_FOC_HOLD,J2B,1,0,0,0,0.010414689836262378,0.0017393783688411679,0.023049915069481161,0.00081453654801186964,3.1525297164916992,5.5856204032897949,0,-0.24543750286102295,-0.00390625,0,-0.024726562201976776,34,34,0,0,1,0,1,1,1.6097129999999999
31,0.91253053500000003,INITIAL_FOC_HOLD,J2B,1,0,0,0,0.010414689836262378,0.0017393783688411679,0.014982444795162754,0.00073308289321068274,3.1525297164916992,5.5856204032897949,-0.24543750286102295,-0.24543750286102295,-0.00390625,0,-0.024726562201976776,34,34,0,0,1,0,1,1,2.6628609999999999
32,0.92144845900000005,INITIAL_FOC_HOLD,J2B,1,0,0,0,0.0086774695050996723,0.0017393783688411679,-0.058441753741745109,-0.018820323355710648,3.1523377895355225,5.5856204032897949,-0.4908750057220459,-0.24543750286102295,0,0,0,34,34,0,0,1,0,1,1,1.5744119999999999
33,0.93243430299999996,INITIAL_FOC_HOLD,J2B,1,0,0,0,0.010414689836262378,-0,0.017359278231727455,-0.001125028687607648,3.1525297164916992,5.5858125686645508,-0.12271875143051147,0.19634999334812164,-0.00390625,0,-0.024726562201976776,34,34,0,0,1,0,1,1,2.5633940000000002
34,0.94150924899999999,INITIAL_FOC_HOLD,J2B,1,0,0,0,0.012149752129746621,-0,0.078200932091300551,0.018106731678489606,3.1527214050292969,5.5858125686645508,0.22089375555515289,0.12271875143051147,0,0,0,34,34,0,0,1,0,1,1,1.693039
35,0.95153563600000002,INITIAL_FOC_HOLD,J2B,1,0,0,0,0.012149752129746621,0.0017393783688411679,0.05083060585934536,0.016296058510640647,3.1527214050292969,5.5856204032897949,0.17180624604225159,-0.19634999334812164,0.0078125,0,0.049453124403953552,34,34,0,0,1,0,1,1,1.675354
36,0.96145881899999996,INITIAL_FOC_HOLD,J2B,1,0,0,0,0.0086774695050996723,-0,-0.089430781037030851,-0.020325168724882089,3.1523377895355225,5.5858125686645508,-0.63813751935958862,0.14726249873638153,0,0,0,34,34,0,0,1,0,1,1,1.5984160000000001
37,0.97141917099999997,INITIAL_FOC_HOLD,J2B,1,0,0,0,0.012149752129746621,-0,0.063883643914390997,0.016568391458594994,3.1527214050292969,5.5858125686645508,-0.29452499747276306,0.14726249873638153,0,0,0,34,34,0,0,1,0,1,1,1.7256670000000001
38,0.98149093600000004,INITIAL_FOC_HOLD,J2B,1,0,0,0,0.012149752129746621,0.0017393783688411679,0.041524368544354151,0.014911552312735495,3.1527214050292969,5.5856204032897949,0.049087498337030411,-0.24543750286102295,-0.00390625,0,-0.024726562201976776,34,34,0,0,1,0,1,1,1.776181
39,0.99145252900000003,INITIAL_FOC_HOLD,J2B,1,0,0,0,0.010414689836262378,0.0017393783688411679,-0.033970474838304225,-0.0039971213162907498,3.1525297164916992,5.5856204032897949,-0.24543750286102295,-0.24543750286102295,-0.00390625,0,-0.024726562201976776,34,34,0,0,1,0,1,1,1.760343
40,1.001404857,INITIAL_FOC_HOLD,J2B,1,0,0,0,0.012149752129746621,-0,0.038937256949351587,0.013836323842266709,3.1527214050292969,5.5858125686645508,0.049087498337030411,0.12271875143051147,-0.00390625,0,-0.024726562201976776,34,34,0,0,1,0,1,1,1.6915739999999999
41,1.0114107569999999,INITIAL_FOC_HOLD,J2B,1,0,0,0,0.012149752129746621,0.0017393783688411679,0.025309217017078531,0.012452691458040038,3.1527214050292969,5.5856204032897949,0.19634999334812164,-0.14726249873638153,-0.00390625,0,-0.024726562201976776,34,34,0,0,1,0,1,1,1.717959
42,1.0214985249999999,INITIAL_FOC_HOLD,J2B,1,0,0,0,0.0086774695050996723,0.0017393783688411679,-0.10402153751275517,-0.023213300137437172,3.1523377895355225,5.5856204032897949,0.024543749168515205,-0.14726249873638153,-0.00390625,0,-0.024726562201976776,34,34,0,0,1,0,1,1,1.7909900000000001
43,1.0314890990000001,INITIAL_FOC_HOLD,J2B,1,0,0,0,0.010414689836262378,0.0017393783688411679,-0.0067539210827909646,-0.0035033763235506228,3.1525297164916992,5.5856204032897949,-0.19634999334812164,-0.24543750286102295,0,0,0,34,34,0,0,1,0,1,1,1.7941940000000001
44,1.041490808,INITIAL_FOC_HOLD,J2B,1,0,0,0,0.010414689836262378,-0,-0.0043900487038141273,-0.0031530386911955608,3.1525297164916992,5.5858125686645508,-0.29452499747276306,0.14726249873638153,0,0,0,34,34,0,0,1,0,1,1,1.7988280000000001
45,1.0515035610000001,INITIAL_FOC_HOLD,J2B,1,0,0,0,0.012149752129746621,0.0017393783688411679,0.057796301881756475,0.014490789046277043,3.1527214050292969,5.5856204032897949,0.24543750286102295,-0.24543750286102295,0,0,0,34,34,0,0,1,0,1,1,1.811356
46,1.0614235999999999,INITIAL_FOC_HOLD,J2B,1,0,0,0,0.0086774695050996723,0.0017393783688411679,-0.08494189377245745,-0.021961001285664711,3.1523377895355225,5.5856204032897949,-0.46633124351501465,-0.24543750286102295,0,0,0,34,34,0,0,1,0,1,1,1.728701
47,1.0715014430000001,INITIAL_FOC_HOLD,J2B,1,0,0,0,0.012149752129746621,-0,0.065378943034877346,0.014689719982037389,3.1527214050292969,5.5858125686645508,-0.24543750286102295,0.12271875143051147,0.00390625,0,0.024726562201976776,34,34,0,0,1,0,1,1,1.808694
48,1.081488937,INITIAL_FOC_HOLD,J2B,1,0,0,0,0.010414689836262378,0.0017393783688411679,-0.018306907807185593,-0.004151600810410886,3.1525297164916992,5.5856204032897949,-0.12271875143051147,-0.24543750286102295,0.00390625,0,0.024726562201976776,34,34,0,0,1,0,1,1,1.7791330000000001
49,1.0916141539999999,INITIAL_FOC_HOLD,J2B,1,0,0,0,0.012149752129746621,0.0017393783688411679,0.048076686506976003,0.013399609722529245,3.1527214050292969,5.5856204032897949,0.049087498337030411,-0.22089375555515289,0,0,0,34,34,0,0,1,0,1,1,1.825814
50,1.101505178,INITIAL_FOC_HOLD,J2B,1,0,0,0,0.012149752129746621,0.0017393783688411679,0.031249846229534403,0.012059648750276321,3.1527214050292969,5.5856204032897949,0.049087498337030411,-0.24543750286102295,0,0,0,34,34,0,0,1,0,1,1,1.642107
51,1.111513862,INITIAL_FOC_HOLD,J2B,1,0,0,0,0.012149752129746621,0.0017393783688411679,0.020312400049197363,0.010853683875248689,3.1527214050292969,5.5856204032897949,0.024543749168515205,0.12271875143051147,-0.00390625,0,-0.024726562201976776,34,34,0,0,1,0,1,1,1.646379
52,1.1224598800000001,INITIAL_FOC_HOLD,J2B,1,0,0,0,0.012149752129746621,0.0017393783688411679,0.013203060031978285,0.009768315487723821,3.1527214050292969,5.5856204032897949,0.098174996674060822,-0.24543750286102295,0.00390625,0,0.024726562201976776,34,34,0,0,1,0,1,1,2.5290469999999998
53,1.132499275,INITIAL_FOC_HOLD,J2B,1,0,0,0,0.012149752129746621,0.0017393783688411679,0.0085819890207858851,0.0087914839389514384,3.1527214050292969,5.5856204032897949,0.024543749168515205,-0.24543750286102295,0,0,0,34,34,0,0,1,0,1,1,2.6339939999999999
54,1.1414587279999999,INITIAL_FOC_HOLD,J2B,1,0,0,0,0.012149752129746621,-0,0.0055782928635108257,0.0079123355450562947,3.1527214050292969,5.5858125686645508,0.098174996674060822,0.19634999334812164,0,0,0,34,34,0,0,1,0,1,1,1.62924
55,1.151563933,INITIAL_FOC_HOLD,J2B,1,0,0,0,0.010414689836262378,0.0017393783688411679,-0.056469060975131019,-0.010048884105567353,3.1525297164916992,5.5856204032897949,-0.12271875143051147,-0.24543750286102295,0.00390625,0,0.024726562201976776,34,34,0,0,1,0,1,1,1.714332
56,1.161463508,INITIAL_FOC_HOLD,J2B,1,0,0,0,0.012149752129746621,0.0017393783688411679,0.024638329920488006,0.0084826384633674319,3.1527214050292969,5.5856204032897949,0.14726249873638153,-0.24543750286102295,0,0,0,34,34,0,0,1,0,1,1,1.5879369999999999
57,1.1725018389999999,INITIAL_FOC_HOLD,J2B,1,0,0,0,0.010414689836262378,0.0017393783688411679,-0.038999906426277639,-0.0080841456328535517,3.1525297164916992,5.5856204032897949,-0.34361249208450317,-0.24543750286102295,0,0,0,34,34,0,0,1,0,1,1,2.6381260000000002
58,1.1815127510000001,INITIAL_FOC_HOLD,J2B,1,0,0,0,0.012149752129746621,0.0017393783688411679,0.042042995380428813,0.01197939308972017,3.1527214050292969,5.5856204032897949,0,-0.24543750286102295,-0.00390625,0,-0.024726562201976776,34,34,0,0,1,0,1,1,1.6919420000000001
59,1.192496137,INITIAL_FOC_HOLD,J2B,1,0,0,0,0.012149752129746621,0.0017393783688411679,0.027327946997278731,0.010781453780748153,3.1527214050292969,5.5856204032897949,0.073631249368190765,-0.17180624604225159,0,0,0,34,34,0,0,1,0,1,1,2.624771
60,1.2015012469999999,INITIAL_FOC_HOLD,J2B,1,0,0,0,0.012149752129746621,-0,0.017763165548231177,0.0097033084026733381,3.1527214050292969,5.5858125686645508,0,0.098174996674060822,0,0,0,34,34,0,0,1,0,1,1,1.6223399999999999
61,1.211428693,INITIAL_FOC_HOLD,J2B,1,0,0,0,0.012149752129746621,0.0017393783688411679,0.011546057606350265,0.0087329775624060049,3.1527214050292969,5.5856204032897949,0.049087498337030411,-0.19634999334812164,0,0,0,34,34,0,0,1,0,1,1,1.5577380000000001
62,1.2224194230000001,INITIAL_FOC_HOLD,J2B,1,0,0,0,0.0086774695050996723,0.0017393783688411679,-0.10306996691858758,-0.023733150011753239,3.1523377895355225,5.5856204032897949,-0.61359375715255737,-0.14726249873638153,0,0,0,34,34,0,0,1,0,1,1,2.5534140000000001
63,1.231437205,INITIAL_FOC_HOLD,J2B,1,0,0,0,0.012149752129746621,0.0017393783688411679,0.067771465151194671,0.017145006031786834,3.1527214050292969,5.5856204032897949,0.19634999334812164,-0.29452499747276306,-0.00390625,0,-0.024726562201976776,34,34,0,0,1,0,1,1,1.563742
64,1.241378058,INITIAL_FOC_HOLD,J2B,1,0,0,0,0.012149752129746621,-0,0.044051452348276537,0.015430505428608151,3.1527214050292969,5.5858125686645508,0.098174996674060822,0.073631249368190765,0,0,0,34,34,0,0,1,0,1,1,1.533434
65,1.2523303889999999,INITIAL_FOC_HOLD,J2B,1,0,0,0,0.010414689836262378,-0,-0.026813364759758023,-0.0019544904817206006,3.1525297164916992,5.5858125686645508,-0.24543750286102295,0.19634999334812164,0,0,0,34,34,0,0,1,0,1,1,2.4352520000000002
66,1.261406537,INITIAL_FOC_HOLD,J2B,1,0,0,0,0.012149752129746621,0.0017393783688411679,0.049479851938297036,0.017357684004205676,3.1527214050292969,5.5856204032897949,-0.024543749168515205,-0.24543750286102295,0,0,0,34,34,0,0,1,0,1,1,1.676612
67,1.271487137,INITIAL_FOC_HOLD,J2B,1,0,0,0,0.012149752129746621,0.0017393783688411679,0.032161903759893078,0.015621915603785109,3.1527214050292969,5.5856204032897949,0.26998123526573181,-0.19634999334812164,0.00390625,0,0.024726562201976776,34,34,0,0,1,0,1,1,1.623991
68,1.2814730379999999,INITIAL_FOC_HOLD,J2B,1,0,0,0,0.010414689836262378,0.0017393783688411679,-0.039907682964502741,-0.0033153960732886147,3.1525297164916992,5.5856204032897949,-0.24543750286102295,-0.24543750286102295,0.00390625,0,0.024726562201976776,34,34,0,0,1,0,1,1,1.630976
69,1.2914736529999999,INITIAL_FOC_HOLD,J2B,1,0,0,0,0.010414689836262378,0.0017393783688411679,-0.025939993926926783,-0.0029838564659597534,3.1525297164916992,5.5856204032897949,-0.36815625429153442,-0.24543750286102295,0,0,0,34,34,0,0,1,0,1,1,1.634296
70,1.3014847110000001,INITIAL_FOC_HOLD,J2B,1,0,0,0,0.012149752129746621,-0,0.043799106278287918,0.01464598698943346,3.1527214050292969,5.5858125686645508,0,0.049087498337030411,-0.00390625,0,-0.024726562201976776,34,34,0,0,1,0,1,1,1.6134630000000001
71,1.3114154,INITIAL_FOC_HOLD,J2B,1,0,0,0,0.012149752129746621,0.0017393783688411679,0.028469419080887147,0.013181388290490115,3.1527214050292969,5.5856204032897949,0,-0.19634999334812164,-0.00390625,0,-0.024726562201976776,34,34,0,0,1,0,1,1,1.592179
72,1.3214791459999999,INITIAL_FOC_HOLD,J2B,1,0,0,0,0.010414689836262378,0.0017393783688411679,-0.04183739843603447,-0.0053774707781620752,3.1525297164916992,5.5856204032897949,-0.36815625429153442,-0.4908750057220459,0,0,0,34,34,0,0,1,0,1,1,1.611424
73,1.332488678,INITIAL_FOC_HOLD,J2B,1,0,0,0,0.0086774695050996723,0.0017393783688411679,-0.082421644342177136,-0.020618962374275792,3.1523377895355225,5.5856204032897949,-0.63813751935958862,-0.24543750286102295,-0.00390625,0,-0.024726562201976776,34,34,0,0,1,0,1,1,2.6101320000000001
74,1.3423889280000001,INITIAL_FOC_HOLD,J2B,1,0,0,0,0.012149752129746621,-0,0.069180297847762404,0.016515610054631088,3.1527214050292969,5.5858125686645508,0.098174996674060822,0.12271875143051147,0,0,0,34,34,0,0,1,0,1,1,2.513579
75,1.3514700589999999,INITIAL_FOC_HOLD,J2B,1,0,0,0,0.0086774695050996723,0.0017393783688411679,-0.088859630241320736,-0.023372186334365254,3.1523377895355225,5.5856204032897949,-0.6626812219619751,-0.26998123526573181,0,0,0,34,34,0,0,1,0,1,1,1.7110510000000001
76,1.361474439,INITIAL_FOC_HOLD,J2B,1,0,0,0,0.012149752129746621,0.0017393783688411679,0.063717925417721644,0.013672656606094163,3.1527214050292969,5.5856204032897949,0,-0.24543750286102295,-0.00390625,0,-0.024726562201976776,34,34,0,0,1,0,1,1,1.6042719999999999
77,1.3725153960000001,INITIAL_FOC_HOLD,J2B,1,0,0,0,0.010414689836262378,0.0017393783688411679,-0.013585084534466017,-0.0034093907847967068,3.1525297164916992,5.5856204032897949,-0.19634999334812164,-0.29452499747276306,0,0,0,34,34,0,0,1,0,1,1,2.6458840000000001
78,1.381446916,INITIAL_FOC_HOLD,J2B,1,0,0,0,0.012149752129746621,-0,0.059161683282986426,0.016357830645222778,3.1527214050292969,5.5858125686645508,0.024543749168515205,0.12271875143051147,0,0,0,34,34,0,0,1,0,1,1,1.620506
79,1.3914128400000001,INITIAL_FOC_HOLD,J2B,1,0,0,0,0.010414689836262378,0.0017393783688411679,-0.022479727636672435,-0.002687901496617677,3.1525297164916992,5.5856204032897949,-0.29452499747276306,-0.17180624604225159,0.00390625,0,0.024726562201976776,34,34,0,0,1,0,1,1,1.541606
80,1.4015315530000001,INITIAL_FOC_HOLD,J2B,1,0,0,0,0.010414689836262378,-0,-0.014611822963837083,-0.0024191113469559096,3.1525297164916992,5.5858125686645508,-0.29452499747276306,0.049087498337030411,0,0,0,34,34,0,0,1,0,1,1,1.661171
81,1.4114441499999999,INITIAL_FOC_HOLD,J2B,1,0,0,0,0.0086774695050996723,-0,-0.07083651630508836,-0.019702580606144392,3.1523377895355225,5.5858125686645508,-0.58904999494552612,-0.17180624604225159,0,0,0,34,34,0,0,1,0,1,1,1.6157330000000001
82,1.421514765,INITIAL_FOC_HOLD,J2B,1,0,0,0,0.010414689836262378,0.0017393783688411679,0.014332628298727987,-0.00048193286066268784,3.1525297164916992,5.5856204032897949,-0.24543750286102295,-0.31906875967979431,0,0,0,34,34,0,0,1,0,1,1,1.64567
83,1.431460204,INITIAL_FOC_HOLD,J2B,1,0,0,0,0.012149752129746621,-0,0.070376539941074734,0.017012069438804026,3.1527214050292969,5.5858125686645508,0.024543749168515205,0.098174996674060822,0,0,0,34,34,0,0,1,0,1,1,1.6351089999999999
84,1.442436901,INITIAL_FOC_HOLD,J2B,1,0,0,0,0.012149752129746621,-0,0.045744750961698576,0.015310862494923623,3.1527214050292969,5.5858125686645508,0.24543750286102295,0.098174996674060822,0,0,0,34,34,0,0,1,0,1,1,2.5674450000000002
85,1.4514238669999999,INITIAL_FOC_HOLD,J2B,1,0,0,0,0.012149752129746621,-0,0.029734088125104075,0.013779776245431261,3.1527214050292969,5.5858125686645508,0.098174996674060822,0.14726249873638153,-0.00390625,0,-0.024726562201976776,34,34,0,0,1,0,1,1,1.590692
86,1.4614130110000001,INITIAL_FOC_HOLD,J2B,1,0,0,0,0.010414689836262378,0.0017393783688411679,-0.041466020063955833,-0.004967680620618576,3.1525297164916992,5.5856204032897949,-0.29452499747276306,-0.24543750286102295,-0.00390625,0,-0.024726562201976776,34,34,0,0,1,0,1,1,1.6815850000000001
87,1.4714686669999999,INITIAL_FOC_HOLD,J2B,1,0,0,0,0.012149752129746621,0.0017393783688411679,0.033438154703735123,0.012783678225816546,3.1527214050292969,5.5856204032897949,0,-0.14726249873638153,0,0,0,34,34,0,0,1,0,1,1,1.654231
88,1.4814334469999999,INITIAL_FOC_HOLD,J2B,1,0,0,0,0.010414689836262378,0.0017393783688411679,-0.039207016795236707,-0.0059066374118121219,3.1525297164916992,5.5856204032897949,-0.19634999334812164,-0.24543750286102295,0.00390625,0,0.024726562201976776,34,34,0,0,1,0,1,1,1.613081
89,1.4925197109999999,INITIAL_FOC_HOLD,J2B,1,0,0,0,0.0086774695050996723,0.0017393783688411679,-0.080329648126350295,-0.020985998587615608,3.1523377895355225,5.5856204032897949,-0.7117687463760376,-0.17180624604225159,0.00390625,0,0.024726562201976776,34,34,0,0,1,0,1,1,2.6464750000000001
90,1.5014862929999999,INITIAL_FOC_HOLD,J2B,1,0,0,0,0.012149752129746621,0.0017393783688411679,0.083322203890511315,0.019837308463328533,3.1527214050292969,5.5856204032897949,0.098174996674060822,-0.22089375555515289,-0.00390625,0,-0.024726562201976776,34,34,0,0,1,0,1,1,1.613278
91,1.5115003469999999,INITIAL_FOC_HOLD,J2B,1,0,0,0,0.010414689836262378,0.0017393783688411679,-0.0064825215408666204,0.0005273050256531138,3.1525297164916992,5.5856204032897949,-0.34361249208450317,-0.26998123526573181,0.0078125,0,0.049453124403953552,34,34,0,0,1,0,1,1,1.616709
92,1.521424839,INITIAL_FOC_HOLD,J2B,1,0,0,0,0.012149752129746621,0.0017393783688411679,0.056975568740200988,0.01795720530644903,3.1527214050292969,5.5856204032897949,0.19634999334812164,-0.22089375555515289,0,0,0,34,34,0,0,1,0,1,1,1.553016
93,1.5314646730000001,INITIAL_FOC_HOLD,J2B,1,0,0,0,0.010414689836262378,0.0017393783688411679,-0.023452119704847264,-0.0011202979059038477,3.1525297164916992,5.5856204032897949,-0.36815625429153442,-0.19634999334812164,-0.00390625,0,-0.024726562201976776,34,34,0,0,1,0,1,1,1.5939669999999999
94,1.5415044389999999,INITIAL_FOC_HOLD,J2B,1,0,0,0,0.012149752129746621,0.0017393783688411679,0.045242771255134026,0.01627363161705361,3.1527214050292969,5.5856204032897949,0.24543750286102295,-0.24543750286102295,0.0078125,0,0.049453124403953552,34,34,0,0,1,0,1,1,1.6346689999999999
95,1.551413361,INITIAL_FOC_HOLD,J2B,1,0,0,0,0.012149752129746621,0.0034744406623254103,0.029407801315837118,0.014646268455348249,3.1527214050292969,5.5854287147521973,0.12271875143051147,-0.58904999494552612,0.00390625,0,0.024726562201976776,34,34,0,0,1,0,1,1,1.5440849999999999
96,1.5614995309999999,INITIAL_FOC_HOLD,J2B,1,0,0,0,0.010414689836262378,0.0017393783688411679,-0.041093293937237763,-0.0040207483309099724,3.1525297164916992,5.5856204032897949,-0.24543750286102295,-0.24543750286102295,0,0,0,34,34,0,0,1,0,1,1,1.683068
97,1.5714802240000001,INITIAL_FOC_HOLD,J2B,1,0,0,0,0.010414689836262378,-0,-0.026710641059204548,-0.003618673497818975,3.1525297164916992,5.5858125686645508,-0.073631249368190765,0.12271875143051147,0.00390625,0,0.024726562201976776,34,34,0,0,1,0,1,1,1.6288990000000001
98,1.581364929,INITIAL_FOC_HOLD,J2B,1,0,0,0,0.012149752129746621,-0,0.044073584190854241,0.014296194103202126,3.1527214050292969,5.5858125686645508,0.098174996674060822,0.12271875143051147,0,0,0,34,34,0,0,1,0,1,1,1.508829
99,1.5914020719999999,INITIAL_FOC_HOLD,J2B,1,0,0,0,0.010414689836262378,-0.001735062293484242,-0.031854626275574338,-0.0044198413070122566,3.1525297164916992,5.5860042572021484,-0.26998123526573181,0.46633124351501465,0,0,0,34,34,0,0,1,0,1,1,1.554441
100,1.601539254,PLUS_10_OUTBOUND,J2B,1,0,1.5566464843750004e-06,0.00046640917968750005,0.012149752129746621,-0,0.039199879123815881,0.013137967453100171,3.1527214050292969,5.5858125686645508,0.073631249368190765,0.12271875143051147,0,0,0,34,34,0,0,1,0,1,1,1.6441969999999999
101,1.6124913439999999,PLUS_10_OUTBOUND,J2B,1,0,1.2406437500000003e-05,0.0018562968749999999,0.012149752129746621,0.0017393783688411679,0.025479921430480324,0.011824170707790153,3.1527214050292969,5.5856204032897949,0.24543750286102295,-0.24543750286102295,0,0,0,34,34,0,0,1,0,1,1,2.4193030000000002
102,1.622333663,PLUS_10_OUTBOUND,J2B,1,0,4.1714314453124998e-05,0.0041557060546874997,0.012149752129746621,0.0017393783688411679,0.01656194892981221,0.010641753637011139,3.1527214050292969,5.5856204032897949,0.049087498337030411,-0.24543750286102295,-0.00390625,0,-0.024726562201976776,34,34,0,0,1,0,1,1,2.2091959999999999
103,1.6324267240000001,PLUS_10_OUTBOUND,J2B,1,0,9.8506000000000022e-05,0.0073507499999999996,0.012149752129746621,0.0017393783688411679,0.010765266804377937,0.0095775782733100254,3.1527214050292969,5.5856204032897949,0.22089375555515289,-0.24543750286102295,0,0,0,34,34,0,0,1,0,1,1,2.2561969999999998
104,1.6423738530000001,PLUS_10_OUTBOUND,J2B,1,0,0.00019166870117187502,0.011427612304687501,0.010414689836262378,0.0017393783688411679,-0.054052534079413378,-0.0088230245546664175,3.1525297164916992,5.5856204032897949,-0.12271875143051147,-0.24543750286102295,0,0,0,34,34,0,0,1,0,1,1,2.2480229999999999
105,1.6523028200000001,PLUS_10_OUTBOUND,J2B,1,0,0.00032995181249999999,0.016372546874999998,0.010414689836262378,0.0017393783688411679,-0.035134147151618694,-0.0079407220991997759,3.1525297164916992,5.5856204032897949,-0.26998123526573181,-0.24543750286102295,0,0,0,34,34,0,0,1,0,1,1,2.1330689999999999
106,1.662262066,PLUS_10_OUTBOUND,J2B,1,0,0.00052196761914062519,0.0221718779296875,0.012149752129746621,0.0017393783688411679,0.038138484911952777,0.010274973128007325,3.1527214050292969,5.5856204032897949,0.024543749168515205,-0.24543750286102295,0.00390625,0,0.024726562201976776,34,34,0,0,1,0,1,1,2.2232590000000001
107,1.672310548,PLUS_10_OUTBOUND,J2B,1,0,0.0007761920000000002,0.028812000000000001,0.010414689836262378,0.0017393783688411679,-0.035644168071875718,-0.0080194336889777024,3.1525297164916992,5.5856204032897949,-0.29452499747276306,-0.19634999334812164,-0.00390625,0,-0.024726562201976776,34,34,0,0,1,0,1,1,2.3045779999999998
108,1.6822639909999999,PLUS_10_OUTBOUND,J2B,1,0,0.001100965130859375,0.036279377929687502,0.012149752129746621,0.0017393783688411679,0.037842521009935827,0.010214289753250082,3.1527214050292969,5.5856204032897949,0.049087498337030411,-0.24543750286102295,0,0,0,34,34,0,0,1,0,1,1,2.193368
109,1.6923749830000001,PLUS_10_OUTBOUND,J2B,1,0,0.0015044921875000004,0.044560546875000009,0.010414689836262378,0.0017393783688411679,-0.035462917490700414,-0.0079672981212631274,3.1525297164916992,5.5856204032897949,-0.14726249873638153,-0.24543750286102295,0,0,0,34,34,0,0,1,0,1,1,2.2938510000000001
110,1.702308264,PLUS_10_OUTBOUND,J2B,1,0,0.0019948440488281247,0.053642112304687496,0.0086774695050996723,0.0017393783688411679,-0.084262002337562508,-0.024659455728738885,3.1523377895355225,5.5856204032897949,-0.46633124351501465,-0.24543750286102295,0.00390625,0,0.024726562201976776,34,34,0,0,1,0,1,1,2.2959450000000001
111,1.7125045640000001,PLUS_10_OUTBOUND,J2B,1,0,0.0025799580000000003,0.063510750000000005,0.010414689836262378,0.0017393783688411679,0.0048618313039560102,-0.0051557579206159554,3.1525297164916992,5.5856204032897949,-0.17180624604225159,-0.24543750286102295,-0.00390625,0,-0.024726562201976776,34,34,0,0,1,0,1,1,2.3340749999999999
112,1.7223051970000001,PLUS_10_OUTBOUND,J2B,1,0,0.0032676384355468757,0.074153206054687504,0.012149752129746621,-0,0.065122698556937544,0.013063391645550253,3.1527214050292969,5.5858125686645508,0.073631249368190765,0.12271875143051147,0,0,0,34,34,0,0,1,0,1,1,2.1567620000000001
113,1.732406482,PLUS_10_OUTBOUND,J2B,1,0,0.0040655575625000006,0.085556296875000021,0.010414689836262378,0.0017393783688411679,-0.017788518288437825,-0.0054195967619896975,3.1525297164916992,5.5856204032897949,-0.36815625429153442,-0.24543750286102295,0,0,0,34,34,0,0,1,0,1,1,2.3194859999999999
114,1.7422912960000001,PLUS_10_OUTBOUND,J2B,1,0,0.0049812561035156248,0.097706909179687482,0.012149752129746621,0.0017393783688411679,0.049872286541613867,0.012675169608237403,3.1527214050292969,5.5856204032897949,0.024543749168515205,-0.24543750286102295,-0.00390625,0,-0.024726562201976776,34,34,0,0,1,0,1,1,2.16615
115,1.7524354419999999,PLUS_10_OUTBOUND,J2B,1,0,0.0060221440000000027,0.110592,0.0086774695050996723,0.0017393783688411679,-0.087385993577544938,-0.022821770161041754,3.1523377895355225,5.5856204032897949,-0.14726249873638153,-0.22089375555515289,-0.00390625,0,-0.024726562201976776,34,34,0,0,1,0,1,1,2.2871329999999999
116,1.7622995299999999,PLUS_10_OUTBOUND,J2B,1,0,0.0071955011152343758,0.12419859667968752,0.012149752129746621,0.0017393783688411679,0.066403491506341616,0.01466166037841837,3.1527214050292969,5.5856204032897949,0.049087498337030411,-0.24543750286102295,0.00390625,0,0.024726562201976776,34,34,0,0,1,0,1,1,2.235611
117,1.77133089,PLUS_10_OUTBOUND,J2B,1,0,0.0085084779374999999,0.13851379687500001,0.010414689836262378,0.0017393783688411679,-0.024078080005283622,-0.0060160340835393785,3.1525297164916992,5.5856204032897949,-0.14726249873638153,-0.26998123526573181,-0.00390625,0,-0.024726562201976776,34,34,0,0,1,0,1,1,1.3389059999999999
118,1.7823182470000001,PLUS_10_OUTBOUND,J2B,1,0,0.0099680962832031268,0.1535247685546875,0.012149752129746621,0.0017393783688411679,0.039619300905511821,0.010377013013084899,3.1527214050292969,5.5856204032897949,0.24543750286102295,-0.24543750286102295,0.00390625,0,0.024726562201976776,34,34,0,0,1,0,1,1,2.255061
119,1.792432016,PLUS_10_OUTBOUND,J2B,1,0,0.011581250000000001,0.16921875,0.012149752129746621,0.0017393783688411679,0.025752545588582684,0.0093393117117764098,3.1527214050292969,5.5856204032897949,0.12271875143051147,-0.24543750286102295,0.00390625,0,0.024726562201976776,34,34,0,0,1,0,1,1,2.287782
120,1.80233574,PLUS_10_OUTBOUND,J2B,1,0,0.013354705669921873,0.18558304980468748,0.010414689836262378,0.0017393783688411679,-0.044578366202966374,-0.0091139111266998387,3.1525297164916992,5.5856204032897949,-0.36815625429153442,-0.14726249873638153,0,0,0,34,34,0,0,1,0,1,1,2.272087
121,1.812431678,PLUS_10_OUTBOUND,J2B,1,0,0.015295103312499999,0.20260504687499997,0.012149752129746621,0.0017393783688411679,0.03117417409430322,0.0089832263077505373,3.1527214050292969,5.5856204032897949,-0.24543750286102295,-0.22089375555515289,0.0078125,0,0.049453124403953552,34,34,0,0,1,0,1,1,2.295652
122,1.822320027,PLUS_10_OUTBOUND,J2B,1,0,0.017408957087890625,0.22027219042968754,0.012149752129746621,0.0017393783688411679,0.020263213161297092,0.0080849036769754835,3.1527214050292969,5.5856204032897949,-0.24543750286102295,-0.14726249873638153,0.00390625,0,0.024726562201976776,34,34,0,0,1,0,1,1,2.2575409999999998
123,1.8324240350000001,PLUS_10_OUTBOUND,J2B,1,0,0.019702655999999999,0.23857199999999998,0.012149752129746621,0.0017393783688411679,0.01317108855484311,0.0072764133092779355,3.1527214050292969,5.5856204032897949,-0.24543750286102295,-0.19634999334812164,0.00390625,0,0.024726562201976776,34,34,0,0,1,0,1,1,2.2818170000000002
124,1.8423308359999999,PLUS_10_OUTBOUND,J2B,1,0,0.022182464599609375,0.2574920654296875,0.012149752129746621,-0,0.0085612075606480223,0.0065487719783501423,3.1527214050292969,5.5858125686645508,-0.24543750286102295,0.12271875143051147,0.00390625,0,0.024726562201976776,34,34,0,0,1,0,1,1,2.2524899999999999
125,1.852329205,PLUS_10_OUTBOUND,J2B,1,0,0.024854523687500005,0.27702004687499998,0.012149752129746621,0.0017393783688411679,0.0055647849144212147,0.0058938947805151284,3.1527214050292969,5.5856204032897949,-0.24543750286102295,-0.19634999334812164,0.00390625,0,0.024726562201976776,34,34,0,0,1,0,1,1,2.1939489999999999
126,1.862259822,PLUS_10_OUTBOUND,J2B,1,0,0.027724851017578128,0.29714367480468751,0.012149752129746621,0.0017393783688411679,0.0036171101943737898,0.0053045053024636159,3.1527214050292969,5.5856204032897949,-0.24543750286102295,-0.24543750286102295,0.00390625,0,0.024726562201976776,34,34,0,0,1,0,1,1,2.1791909999999999
127,1.87226783,PLUS_10_OUTBOUND,J2B,1,0,0.030799342000000007,0.31785075000000002,0.012149752129746621,0.0017393783688411679,0.0023511216263429635,0.0047740547722172543,3.1527214050292969,5.5856204032897949,0.098174996674060822,-0.22089375555515289,0.00390625,0,0.024726562201976776,34,34,0,0,1,0,1,1,2.256602
128,1.882231215,PLUS_10_OUTBOUND,J2B,1,0,0.034083770404296873,0.33912914355468737,0.012149752129746621,-0,0.0015282290571229263,0.0042966492949955293,3.1527214050292969,5.5858125686645508,-0.17180624604225159,0.12271875143051147,0.00390625,0,0.024726562201976776,34,34,0,0,1,0,1,1,2.1636220000000002
129,1.8923459460000001,PLUS_10_OUTBOUND,J2B,1,0,0.037583789062500005,0.360966796875,0.010414689836262378,-0,-0.059045005342901753,-0.013286831128798785,3.1525297164916992,5.5858125686645508,-0.58904999494552612,0.12271875143051147,0.00390625,0,0.024726562201976776,34,34,0,0,1,0,1,1,2.284017
130,1.9022939050000001,PLUS_10_OUTBOUND,J2B,1,0,0.041304930572265627,0.38335172167968751,0.012149752129746621,0.0017393783688411679,0.022665610375013169,0.0054832416549094702,3.1527214050292969,5.5856204032897949,-0.34361249208450317,-0.19634999334812164,0.01171875,0,0.074179686605930328,34,34,0,0,1,0,1,1,2.3097560000000001
131,1.912390995,PLUS_10_OUTBOUND,J2B,1,0,0.045252608000000007,0.40627200000000002,0.013884814423230861,0.0017393783688411679,0.074875896206671996,0.022118703050250935,3.1529130935668945,5.5856204032897949,0.049087498337030411,-0.19634999334812164,0.00390625,0,0.024726562201976776,34,34,0,0,1,0,1,1,2.2495970000000001
132,1.922231668,PLUS_10_OUTBOUND,J2B,1,0,0.04943211558398438,0.42971578417968753,0.013884814423230861,0.0017393783688411679,0.0486693325343368,0.019906832745225842,3.1529130935668945,5.5856204032897949,0.12271875143051147,-0.19634999334812164,0.01171875,0,0.074179686605930328,34,34,0,0,1,0,1,1,2.1583950000000001
133,1.9323975760000001,PLUS_10_OUTBOUND,J2B,1,0,0.053848629437500017,0.45367129687500013,0.012149752129746621,0.0017393783688411679,-0.028101044264016724,0.00084868935317878452,3.1527214050292969,5.5856204032897949,-0.24543750286102295,-0.24543750286102295,0.01171875,0,0.074179686605930328,34,34,0,0,1,0,1,1,2.3530479999999998
134,1.9423008859999999,PLUS_10_OUTBOUND,J2B,1,0,0.058507208251953116,0.4781268310546874,0.013884814423230861,0.0017393783688411679,0.04305440539413681,0.018283844465217389,3.1529130935668945,5.5856204032897949,0,-0.22089375555515289,0.0078125,0,0.049453124403953552,34,34,0,0,1,0,1,1,2.227122
135,1.9523404719999999,PLUS_10_OUTBOUND,J2B,1,0,0.063412793999999995,0.50307075000000001,0.012149752129746621,0.0017393783688411679,-0.032502370023807667,-0.00082674956130337693,3.1527214050292969,5.5856204032897949,-0.34361249208450317,-0.24543750286102295,0.00390625,0,0.024726562201976776,34,34,0,0,1,0,1,1,2.2656459999999998
136,1.962304783,PLUS_10_OUTBOUND,J2B,1,0,0.068570212638671857,0.52849148730468753,0.012149752129746621,0.0017393783688411679,-0.021126540515474985,-0.00074407460517303924,3.1527214050292969,5.5856204032897949,-0.31906875967979431,-0.19634999334812164,0,0,0,34,34,0,0,1,0,1,1,2.2239390000000001
137,1.9722691729999999,PLUS_10_OUTBOUND,J2B,1,0,0.073984174812500011,0.55437754687499996,0.012149752129746621,-0,-0.01373225133505874,-0.00066966714465573529,3.1527214050292969,5.5858125686645508,-0.24543750286102295,0.098174996674060822,0.0078125,0,0.049453124403953552,34,34,0,0,1,0,1,1,2.2690939999999999
138,1.982196565,PLUS_10_OUTBOUND,J2B,1,0,0.079659276556640624,0.5807175029296876,0.012149752129746621,0.0017393783688411679,-0.0089259633677881822,-0.00060270043019016177,3.1527214050292969,5.5856204032897949,-0.24543750286102295,-0.24543750286102295,0.01171875,0,0.074179686605930328,34,34,0,0,1,0,1,1,2.2175820000000002
139,1.99230039,PLUS_10_OUTBOUND,J2B,1,0,0.085599999999999996,0.60750000000000015,0.012149752129746621,0.0017393783688411679,-0.0058018761890623188,-0.00054243038717114562,3.1527214050292969,5.5856204032897949,-0.26998123526573181,-0.19634999334812164,0.00390625,0,0.024726562201976776,34,34,0,0,1,0,1,1,2.326972
140,2.0021966990000002,PLUS_10_OUTBOUND,J2B,1,0,0.091810714068359361,0.63471375292968746,0.015619876716715105,0.0017393783688411679,0.1189557088136186,0.034576649319120002,3.1531047821044922,5.5856204032897949,0.39269998669624329,-0.22089375555515289,0.00390625,0,0.024726562201976776,34,34,0,0,1,0,1,1,2.2274060000000002
141,2.011299288,PLUS_10_OUTBOUND,J2B,1,0,0.098295675187499987,0.66234754687499975,0.012149752129746621,-0,-0.056107158435019011,-0.0070034068024694626,3.1527214050292969,5.5858125686645508,-0.39269998669624329,0.12271875143051147,0.00390625,0,0.024726562201976776,34,34,0,0,1,0,1,1,1.3501840000000001
142,2.0221960839999999,PLUS_10_OUTBOUND,J2B,1,0,0.10505902798632812,0.69039023730468763,0.012149752129746621,0.0017393783688411679,-0.036469652982762356,-0.0063030661222225164,3.1527214050292969,5.5856204032897949,-0.26998123526573181,-0.19634999334812164,0.00390625,0,0.024726562201976776,34,34,0,0,1,0,1,1,2.2266810000000001
143,2.03124511,PLUS_10_OUTBOUND,J2B,1,0,0.11210480599999997,0.71883075000000007,0.012149752129746621,-0,-0.023705274438795533,-0.0056727595100002646,3.1527214050292969,5.5858125686645508,-0.34361249208450317,0.14726249873638153,0.01171875,0,0.074179686605930328,34,34,0,0,1,0,1,1,1.2864640000000001
144,2.0422529809999999,PLUS_10_OUTBOUND,J2B,1,0,0.11943693237304688,0.74765808105468745,0.013884814423230861,0.0017393783688411679,0.039758624600731755,0.010656531579842293,3.1529130935668945,5.5856204032897949,-0.22089375555515289,-0.22089375555515289,0.0078125,0,0.049453124403953552,34,34,0,0,1,0,1,1,2.2813409999999998
145,2.0522153740000002,PLUS_10_OUTBOUND,J2B,1,0,0.12705922056250002,0.77686129687500005,0.013884814423230861,0.0017393783688411679,0.025843105990475641,0.009590878421858063,3.1529130935668945,5.5856204032897949,-0.24543750286102295,-0.098174996674060822,0.0078125,0,0.049453124403953552,34,34,0,0,1,0,1,1,2.0772879999999998
146,2.0622123179999998,PLUS_10_OUTBOUND,J2B,1,0,0.13497537504101559,0.80642953417968744,0.015619876716715105,0.0017393783688411679,0.077543763065178808,0.02598771748577787,3.1531047821044922,5.5856204032897949,0.19634999334812164,-0.17180624604225159,0.01171875,0,0.074179686605930328,34,34,0,0,1,0,1,1,2.2585090000000001
147,2.0722751910000001,PLUS_10_OUTBOUND,J2B,1,0,0.14318899200000001,0.8363520000000001,0.015619876716715105,0.0017393783688411679,0.050403445992366229,0.023388945737200083,3.1531047821044922,5.5856204032897949,0,-0.29452499747276306,0.00390625,0,0.024726562201976776,34,34,0,0,1,0,1,1,2.2712970000000001
148,2.0821973460000001,PLUS_10_OUTBOUND,J2B,1,0,0.15170356005273433,0.86661797167968735,0.013884814423230861,0.0017393783688411679,-0.028441379955638516,0.0035633026347153436,3.1529130935668945,5.5856204032897949,-0.36815625429153442,0.073631249368190765,0.0078125,0,0.049453124403953552,34,34,0,0,1,0,1,1,2.2067860000000001
149,2.0912782779999999,PLUS_10_OUTBOUND,J2B,1,0,0.1605224609375,0.897216796875,0.013884814423230861,0.0017393783688411679,-0.018486896971165036,0.0032069723712438093,3.1529130935668945,5.5856204032897949,-0.34361249208450317,-0.24543750286102295,0.01171875,0,0.074179686605930328,34,34,0,0,1,0,1,1,1.3209379999999999
150,2.1021904739999999,PLUS_10_OUTBOUND,J2B,1,0,0.1696489702207031,0.92813789355468757,0.015619876716715105,0.0017393783688411679,0.043634258828537331,0.018786487094060746,3.1531047821044922,5.5856204032897949,0.12271875143051147,-0.24543750286102295,0.01953125,0,0.12363281100988388,34,34,0,0,1,0,1,1,2.2343869999999999
151,2.1122781989999999,PLUS_10_OUTBOUND,J2B,1,0,0.17908625800000005,0.95937074999999983,0.013884814423230861,0.0017393783688411679,-0.031836815570682853,-0.00029189984655450876,3.1529130935668945,5.5856204032897949,-0.24543750286102295,-0.14726249873638153,0.0234375,0,0.14835937321186066,34,34,0,0,1,0,1,1,2.2733989999999999
152,2.122224342,PLUS_10_OUTBOUND,J2B,1,0,0.18883738960742191,0.99090492480468773,0.013884814423230861,0.0017393783688411679,-0.020693930120943855,-0.0002627098618990579,3.1529130935668945,5.5856204032897949,-0.34361249208450317,-0.17180624604225159,0.01171875,0,0.074179686605930328,34,34,0,0,1,0,1,1,2.2469130000000002
153,2.1322718549999999,PLUS_10_OUTBOUND,J2B,1,0,0.19890532631250002,1.0227300468750002,0.015619876716715105,-0,0.046988957066008245,0.017032135879897065,3.1531047821044922,5.5858125686645508,0,0.14726249873638153,0.0078125,0,0.049453124403953552,34,34,0,0,1,0,1,1,2.3005749999999998
154,2.142283231,PLUS_10_OUTBOUND,J2B,1,0,0.20929292602539065,1.0548358154296875,0.015619876716715105,0.0017393783688411679,0.030542822092905361,0.015328922291907359,3.1531047821044922,5.5856204032897949,-0.12271875143051147,-0.12271875143051147,0.0234375,0,0.14835937321186066,34,34,0,0,1,0,1,1,2.2060270000000002
155,2.1523391269999999,PLUS_10_OUTBOUND,J2B,1,0,0.22000294400000006,1.0872120000000001,0.017357097047877804,-0,0.08031757225216371,0.031071669460366689,3.1532967090606689,5.5858125686645508,-0.34361249208450317,0.17180624604225159,0.01953125,0,0.12363281100988388,34,34,0,0,1,0,1,1,2.2583489999999999
156,2.1621860179999999,PLUS_10_OUTBOUND,J2B,1,0,0.23103803353710933,1.1198484404296876,0.017357097047877804,-0,0.052206421963906416,0.027964502514330022,3.1532967090606689,5.5858125686645508,0.098174996674060822,0.12271875143051147,0.0234375,0,0.14835937321186066,34,34,0,0,1,0,1,1,2.2333720000000001
157,2.1722657569999999,PLUS_10_OUTBOUND,J2B,1,0,0.24240074668749997,1.1527350468749999,0.015619876716715105,-0,-0.026387538012533268,0.0079332773231620343,3.1531047821044922,5.5858125686645508,-0.26998123526573181,0.17180624604225159,0.0234375,0,0.14835937321186066,34,34,0,0,1,0,1,1,2.2657799999999999
158,2.1823443170000001,PLUS_10_OUTBOUND,J2B,1,0,0.25409353495507814,1.1858617998046874,0.017357097047877804,0.0034744406623254103,0.043176869074986454,0.024376740671740997,3.1532967090606689,5.5854287147521973,-0.073631249368190765,-0.58904999494552612,0.0234375,0,0.14835937321186066,34,34,0,0,1,0,1,1,2.2595890000000001
159,2.1924125879999998,PLUS_10_OUTBOUND,J2B,1,0,0.26611875000000002,1.2192187499999998,0.017357097047877804,0.0017393783688411679,0.028064964898741197,0.021939066604566897,3.1532967090606689,5.5856204032897949,-0.049087498337030411,-0.24543750286102295,0.01171875,0,0.074179686605930328,34,34,0,0,1,0,1,1,2.3944269999999999
160,2.2022363729999999,PLUS_10_OUTBOUND,J2B,1,0,0.27847864434179687,1.2527960185546876,0.017357097047877804,0.0017393783688411679,0.018242227184181777,0.019745159944110208,3.1532967090606689,5.5856204032897949,-0.098174996674060822,-0.098174996674060822,0.01171875,0,0.074179686605930328,34,34,0,0,1,0,1,1,2.2456990000000001
161,2.212237408,PLUS_10_OUTBOUND,J2B,1,0,0.29117537206249999,1.286583796875,0.017357097047877804,-0,0.011857447669718156,0.017770643949699187,3.1532967090606689,5.5858125686645508,-0.073631249368190765,0.12271875143051147,0.0234375,0,0.14835937321186066,34,34,0,0,1,0,1,1,2.2807650000000002
162,2.2222073939999998,PLUS_10_OUTBOUND,J2B,1,0,0.30421098950976561,1.3205723466796875,0.019092159341362051,0.0034744406623254103,0.06861733651785823,0.033396435421169678,3.1534883975982666,5.5854287147521973,-0.22089375555515289,-0.51541876792907715,0.0234375,0,0.14835937321186066,34,34,0,0,1,0,1,1,2.208291
163,2.232379216,PLUS_10_OUTBOUND,J2B,1,0,0.31758745600000005,1.3547520000000002,0.022562283928330536,0.0017393783688411679,0.16400402720396443,0.064171865726868879,3.1538717746734619,5.5856204032897949,0.12271875143051147,-0.46633124351501465,0.02734375,0,0.17308593541383743,34,34,0,0,1,0,1,1,2.3783759999999998
164,2.242271406,PLUS_10_OUTBOUND,J2B,1,0,0.3313066345214844,1.3891131591796873,0.022562283928330536,0.0034744406623254103,0.10660261768257688,0.05775467915418199,3.1538717746734619,5.5854287147521973,0,-0.14726249873638153,0.0234375,0,0.14835937321186066,34,34,0,0,1,0,1,1,2.27128
165,2.2522585099999999,PLUS_10_OUTBOUND,J2B,1,0,0.34537029243750006,1.4236462968750003,0.022562283928330536,0.0034744406623254103,0.069291701493674973,0.051979211238763791,3.1538717746734619,5.5854287147521973,-0.19634999334812164,-0.39269998669624329,0.02734375,0,0.17308593541383743,34,34,0,0,1,0,1,1,2.220631
166,2.2623284849999998,PLUS_10_OUTBOUND,J2B,1,0,0.35978010218945317,1.4583419560546875,0.026034566552977478,0.0017393783688411679,0.1657250017763833,0.081262831773600164,3.1542553901672363,5.5856204032897949,0.36815625429153442,-0.17180624604225159,0.0234375,0,0.14835937321186066,34,34,0,0,1,0,1,1,2.3315630000000001
167,2.2723124879999999,PLUS_10_OUTBOUND,J2B,1,0,0.37453764200000006,1.4931907500000006,0.024299504259493242,0.0034744406623254103,0.046896769960134137,0.055758125397807293,3.1540637016296387,5.5854287147521973,0,0.24543750286102295,0.02734375,0,0.17308593541383743,34,34,0,0,1,0,1,1,2.3146849999999999
168,2.2823332449999998,PLUS_10_OUTBOUND,J2B,1,0,0.38964439657617178,1.5281833623046872,0.027769628846461721,0.0017393783688411679,0.15168568040767658,0.084811678553337821,3.154447078704834,5.5856204032897949,0.4908750057220459,-0.24543750286102295,0.0234375,0,0.14835937321186066,34,34,0,0,1,0,1,1,2.2405119999999998
169,2.2923427740000002,PLUS_10_OUTBOUND,J2B,1,0,0.40510175781249991,1.5633105468749999,0.027769628846461721,-0,0.098595692264989779,0.076330510698004048,3.154447078704834,5.5858125686645508,0.073631249368190765,0.19634999334812164,0.02734375,0,0.17308593541383743,34,34,0,0,1,0,1,1,2.3524729999999998
170,2.3022573949999998,PLUS_10_OUTBOUND,J2B,1,0,0.42091102549414061,1.5985631279296875,0.029504691139945961,0.0017393783688411679,0.12533732770980455,0.086197496124649706,3.1546387672424316,5.5856204032897949,0.19634999334812164,-0.073631249368190765,0.03515625,0,0.22253905981779099,34,34,0,0,1,0,1,1,2.3010890000000002
171,2.3123306719999999,PLUS_10_OUTBOUND,J2B,1,0,0.437073408,1.6339319999999999,0.029504691139945961,0.0017393783688411679,0.081469263011372958,0.077577746512184742,3.1546387672424316,5.5856204032897949,0,0,0.0234375,0,0.14835937321186066,34,34,0,0,1,0,1,1,2.3284539999999998
172,2.322336559,PLUS_10_OUTBOUND,J2B,1,0,0.45359002300585932,1.6694081279296871,0.027769628846461721,0.0017393783688411679,-0.0077364302572249452,0.05247955722821844,3.154447078704834,5.5856204032897949,-0.26998123526573181,-0.073631249368190765,0.02734375,0,0.17308593541383743,34,34,0,0,1,0,1,1,2.2478340000000001
173,2.3323162819999999,PLUS_10_OUTBOUND,J2B,1,0,0.47046189818749995,1.7049825468750002,0.029504691139945961,0.0017393783688411679,0.055821887299391353,0.064617477781564472,3.1546387672424316,5.5856204032897949,0.098174996674060822,-0.17180624604225159,0.0390625,0,0.24726562201976776,34,34,0,0,1,0,1,1,2.2196199999999999
174,2.3422052419999999,PLUS_10_OUTBOUND,J2B,1,0,0.48768997192382812,1.7406463623046875,0.031241911471108667,0.0017393783688411679,0.097769672727492735,0.075723000284233274,3.1548306941986084,5.5856204032897949,0.19634999334812164,-0.12271875143051147,0.0390625,0,0.24726562201976776,34,34,0,0,1,0,1,1,2.2111860000000001
175,2.3522310640000001,PLUS_10_OUTBOUND,J2B,1,0,0.50527509400000015,1.7763907499999998,0.031241911471108667,0.0017393783688411679,0.063550287272870279,0.068150700255809951,3.1548306941986084,5.5856204032897949,-0.34361249208450317,-0.098174996674060822,0.0390625,0,0.24726562201976776,34,34,0,0,1,0,1,1,2.2318929999999999
176,2.3622939889999999,PLUS_10_OUTBOUND,J2B,1,0,0.52321802631054692,1.8122069560546872,0.03297697376459291,0.0017393783688411679,0.10165513070806728,0.078577757081857991,3.1550223827362061,5.5856204032897949,-0.14726249873638153,-0.049087498337030411,0.0390625,0,0.24726562201976776,34,34,0,0,1,0,1,1,2.2077079999999998
177,2.3722937650000002,PLUS_10_OUTBOUND,J2B,1,0,0.54151944356250004,1.8480862968750003,0.036447098351561395,0.0017393783688411679,0.18753291614275497,0.10542200456867541,3.1554057598114014,5.5856204032897949,-0.12271875143051147,0.024543749168515205,0.0390625,0,0.24726562201976776,34,34,0,0,1,0,1,1,2.2049270000000001
178,2.3823029010000001,PLUS_10_OUTBOUND,J2B,1,0,0.56017993397851573,1.8840201591796879,0.036447098351561395,0.0034744406623254103,0.12189639549279073,0.094879804111807867,3.1554057598114014,5.5854287147521973,-0.14726249873638153,-0.36815625429153442,0.0390625,0,0.24726562201976776,34,34,0,0,1,0,1,1,2.22281
179,2.392288787,PLUS_10_OUTBOUND,J2B,1,0,0.57920000000000005,1.9200000000000004,0.036447098351561395,0.0017393783688411679,0.079232657070313975,0.085391823700627076,3.1554057598114014,5.5856204032897949,-0.17180624604225159,0.024543749168515205,0.0390625,0,0.24726562201976776,34,34,0,0,1,0,1,1,2.2085469999999998
180,2.4022635170000002,PLUS_10_OUTBOUND,J2B,1,0,0.59858005899023448,1.9560173466796877,0.039919380976208348,0.0034744406623254103,0.17333900301810143,0.11166343445124932,3.1557893753051758,5.5854287147521973,-0.12271875143051147,-0.34361249208450317,0.03515625,0,0.22253905981779099,34,34,0,0,1,0,1,1,2.167281
181,2.4123614739999999,PLUS_10_OUTBOUND,J2B,1,0,0.61832044393749996,1.9920637968749999,0.041654443269692587,0.0034744406623254103,0.17280843758834377,0.11767940118514664,3.1559810638427734,5.5854287147521973,-0.12271875143051147,-0.36815625429153442,0.0390625,0,0.24726562201976776,34,34,0,0,1,0,1,1,2.351057
182,2.4222342889999999,PLUS_10_OUTBOUND,J2B,1,0,0.63842140415820314,2.0281310185546877,0.043389505563176833,0.0017393783688411679,0.17383497313645407,0.12348560069635502,3.1561727523803711,5.5856204032897949,0.17180624604225159,-0.024543749168515205,0.04296875,0,0.27199218422174454,34,34,0,0,1,0,1,1,2.2480820000000001
183,2.4322779040000002,PLUS_10_OUTBOUND,J2B,1,0,0.65888310599999989,2.0642107499999995,0.041654443269692587,0.0034744406623254103,0.052529263686148631,0.093861763811706217,3.1559810638427734,5.5854287147521973,-0.24543750286102295,0.073631249368190765,0.04296875,0,0.27199218422174454,34,34,0,0,1,0,1,1,2.2875760000000001
184,2.4422316080000002,PLUS_10_OUTBOUND,J2B,1,0,0.67970563354492186,2.1002947998046873,0.041654443269692587,0.0034744406623254103,0.034144021395996614,0.084475587430535598,3.1559810638427734,5.5854287147521973,0.024543749168515205,-0.39269998669624329,0.04296875,0,0.27199218422174454,34,34,0,0,1,0,1,1,2.2369789999999998
185,2.4522355349999998,PLUS_10_OUTBOUND,J2B,1,0,0.70088898931249988,2.136375046875,0.046861788187823779,0.0034744406623254103,0.20437914178519853,0.12808103665256798,3.1565563678741455,5.5854287147521973,0.19634999334812164,-0.34361249208450317,0.04296875,0,0.27199218422174454,34,34,0,0,1,0,1,1,2.1612939999999998
186,2.4622343080000002,PLUS_10_OUTBOUND,J2B,1,0,0.72243309496289076,2.1724434404296873,0.046861788187823779,0.0017393783688411679,0.13284644216037905,0.11527293298731119,3.1565563678741455,5.5856204032897949,-0.024543749168515205,0.098174996674060822,0.05078125,0,0.32144530862569809,34,34,0,0,1,0,1,1,2.2460399999999998
187,2.4722891800000002,PLUS_10_OUTBOUND,J2B,1,0,0.74433779199999994,2.2084920000000001,0.048596850481308018,0.0034744406623254103,0.14674596397101763,0.12100157585051471,3.1567480564117432,5.5854287147521973,-0.024543749168515205,-0.26998123526573181,0.04296875,0,0.27199218422174454,34,34,0,0,1,0,1,1,2.2080099999999998
188,2.4822314109999999,PLUS_10_OUTBOUND,J2B,1,0,0.76660284247460952,2.2445128154296876,0.050331912774792251,0.0034744406623254103,0.1564649100987392,0.1263528564133426,3.1569397449493408,5.5854287147521973,0.12271875143051147,-0.36815625429153442,0.05078125,0,0.32144530862569809,34,34,0,0,1,0,1,1,2.1520929999999998
189,2.492273253,PLUS_10_OUTBOUND,J2B,1,0,0.7892279296875,2.2804980468749996,0.055539257692923442,0.0034744406623254103,0.28319984123302538,0.16557404210596402,3.1575150489807129,5.5854287147521973,-0.049087498337030411,-0.34361249208450317,0.05859375,0,0.37089843302965164,34,34,0,0,1,0,1,1,2.2636430000000001
190,2.502177466,PLUS_10_OUTBOUND,J2B,1,0,0.81221265889257821,2.3164399248046879,0.057274319986407682,0.0017393783688411679,0.24539439021144102,0.16653506458393177,3.1577067375183105,5.5856204032897949,-0.24543750286102295,0.12271875143051147,0.0546875,0,0.34617187082767487,34,34,0,0,1,0,1,1,2.1843900000000001
191,2.5122943430000002,PLUS_10_OUTBOUND,J2B,1,0,0.83555655800000006,2.3523307500000006,0.059011540317570388,0.0034744406623254103,0.21960663121389981,0.16705306600452807,3.1578986644744873,5.5854287147521973,-0.19634999334812164,-0.24543750286102295,0.0546875,0,0.34617187082767487,34,34,0,0,1,0,1,1,2.2148810000000001
192,2.52226638,PLUS_10_OUTBOUND,J2B,1,0,0.85925907827929693,2.3881628935546875,0.062481664904538874,0.0017393783688411679,0.26453924601169532,0.18514631246769253,3.1582820415496826,5.5856204032897949,-0.19634999334812164,0.14726249873638153,0.05859375,0,0.37089843302965164,34,34,0,0,1,0,1,1,2.221813
193,2.5323164170000001,PLUS_10_OUTBOUND,J2B,1,0,0.88331959506249991,2.4239287968749998,0.064216727198023113,0.0017393783688411679,0.23237534244498265,0.18389591908874633,3.1584737300872803,5.5856204032897949,-0.073631249368190765,0.17180624604225159,0.05859375,0,0.37089843302965164,34,34,0,0,1,0,1,1,2.2310140000000001
194,2.542257599,PLUS_10_OUTBOUND,J2B,1,0,0.90773740844726547,2.4596209716796875,0.071159134409638544,0.0017393783688411679,0.39546586568660036,0.23534115377911791,3.15924072265625,5.5856204032897949,0,0.12271875143051147,0.05859375,0,0.37089843302965164,34,34,0,0,1,0,1,1,2.1711830000000001
195,2.552326141,PLUS_10_OUTBOUND,J2B,1,0,0.93251174400000014,2.4952320000000001,0.076366479327769743,0.0034744406623254103,0.43806916256560868,0.26352599550672567,3.1598160266876221,5.5854287147521973,-0.22089375555515289,-0.12271875143051147,0.0546875,0,0.34617187082767487,34,34,0,0,1,0,1,1,2.2395450000000001
196,2.5622510250000001,PLUS_10_OUTBOUND,J2B,1,0,0.95764175345898439,2.530754534179688,0.079838761952416695,0.0034744406623254103,0.40719464058350124,0.27215902021772614,3.1601996421813965,5.5854287147521973,-0.19634999334812164,-0.073631249368190765,0.05859375,0,0.37089843302965164,34,34,0,0,1,0,1,1,2.2335500000000001
197,2.572294812,PLUS_10_OUTBOUND,J2B,1,0,0.98312651543749974,2.5661812968749995,0.085043948832869407,0.0052095029558096514,0.44606381662354366,0.29676806112288723,3.1607747077941895,5.5852370262145996,-0.34361249208450317,-0.36815625429153442,0.05859375,0,0.37089843302965164,34,34,0,0,1,0,1,1,2.2018300000000002
198,2.5822680710000001,PLUS_10_OUTBOUND,J2B,1,0,1.0089650361269531,2.6015050810546874,0.09545863866913179,0.0034744406623254103,0.65543298590827814,0.37151739932573413,3.1619253158569336,5.5854287147521973,-0.049087498337030411,0.073631249368190765,0.05078125,0,0.32144530862569809,34,34,0,0,1,0,1,1,2.282035
199,2.5923097579999999,PLUS_10_OUTBOUND,J2B,1,0,1.03515625,2.63671875,0.10760839079887842,0.0034744406623254103,0.84950742106277055,0.4553587965995578,3.1632676124572754,5.5854287147521973,-0.17180624604225159,0.098174996674060822,0.05859375,0,0.37089843302965164,34,34,0,0,1,0,1,1,2.241619
200,2.6022134260000001,PLUS_10_OUTBOUND,J2B,1,0,1.0616990205136716,2.6718152373046875,0.12322826751559351,0.0069445652492938935,1.1041931636826274,0.56754101408012392,3.1649932861328125,5.585045337677002,-0.024543749168515205,-0.56450623273849487,0.05859375,0,0.37089843302965164,34,34,0,0,1,0,1,1,2.1758130000000002
201,2.6122626680000001,PLUS_10_OUTBOUND,J2B,1,0,1.0885921408124999,2.7067875468750002,0.14058320652579284,0.0034744406623254103,1.3221720065408689,0.68348589842844321,3.1669106483459473,5.5854287147521973,-0.049087498337030411,0.31906875967979431,0.0546875,0,0.34617187082767487,34,34,0,0,1,0,1,1,2.2606350000000002
202,2.6223054920000002,PLUS_10_OUTBOUND,J2B,1,0,1.1158343344316406,2.7416287529296874,0.16314764849180186,0.0069445652492938935,1.6457996457693551,0.83981954901925326,3.1694035530090332,5.585045337677002,0,-0.19634999334812164,0.05859375,0,0.37089843302965164,34,34,0,0,1,0,1,1,2.2302420000000001
203,2.6323267879999999,PLUS_10_OUTBOUND,J2B,1,0,1.1434242560000003,2.7763319999999996,0.18918005700710086,0.0086796275427781355,1.9789678395760735,1.0156084712104687,3.1722795963287354,5.5848536491394043,0.073631249368190765,-0.26998123526573181,0.04296875,0,0.27199218422174454,34,34,0,0,1,0,1,1,2.2226140000000001
204,2.6422622859999998,PLUS_10_OUTBOUND,J2B,1,0,1.1713604919433596,2.8108905029296878,0.20480209176149444,0.0086796275427781355,1.8366499919732107,1.0712821658747826,3.1740055084228516,5.5848536491394043,-0.049087498337030411,-0.17180624604225159,0.05859375,0,0.37089843302965164,34,34,0,0,1,0,1,1,2.2236799999999999
205,2.6522990329999998,PLUS_10_OUTBOUND,J2B,1,0,1.1996415611875002,2.8452975468750004,0.21521462356007834,0.010414689836262378,1.5569268083120962,1.0678980388671642,3.1751558780670166,5.5846619606018066,0.34361249208450317,-0.36815625429153442,0.0703125,0,0.44507811963558197,34,34,0,0,1,0,1,1,2.2519939999999998
206,2.662263952,PLUS_10_OUTBOUND,J2B,1,0,1.2282659158613283,2.8795464873046872,0.22562931339634071,0.0086796275427781355,1.3777998235243889,1.0656217773008838,3.1763064861297607,5.5848536491394043,0.049087498337030411,-0.024543749168515205,0.0703125,0,0.44507811963558197,34,34,0,0,1,0,1,1,2.2204519999999999
207,2.6723151660000002,PLUS_10_OUTBOUND,J2B,1,0,1.2572319420000002,2.9136307500000003,0.23083450027679345,0.010414689836262378,1.0768231556080923,1.010846248232864,3.1768815517425537,5.5846619606018066,0.14726249873638153,-0.31906875967979431,0.0703125,0,0.44507811963558197,34,34,0,0,1,0,1,1,2.2508710000000001
208,2.6823099400000001,PLUS_10_OUTBOUND,J2B,1,0,1.2865379602480469,2.9475438310546882,0.23430678290144041,0.0086796275427781355,0.82152848773786791,0.94450260529317986,3.1772651672363281,5.5848536491394043,-0.19634999334812164,0.073631249368190765,0.07421875,0,0.46980468183755875,34,34,0,0,1,0,1,1,2.2203279999999999
209,2.6923404479999999,PLUS_10_OUTBOUND,J2B,1,0,1.3161822265625003,2.9812792968749995,0.24124919011305582,0.0086796275427781355,0.77623872774729996,0.91926526211177217,3.1780321598052979,5.5848536491394043,0,0.049087498337030411,0.0703125,0,0.44507811963558197,34,34,0,0,1,0,1,1,2.2492670000000001
210,2.7022749859999999,PLUS_10_OUTBOUND,J2B,1,0,1.3461629329160156,3.0148307841796882,0.24819159732467128,0.012149752129746621,0.74914053010674442,0.89722026649230902,3.1787991523742676,5.584470272064209,0,-0.56450623273849487,0.07421875,0,0.46980468183755875,34,34,0,0,1,0,1,1,2.183649
211,2.7123185890000001,PLUS_10_OUTBOUND,J2B,1,0,1.3764782080000002,3.0481920000000002,0.25339894224280246,0.010414689836262378,0.66840717125985361,0.85934561889749805,3.1793744564056396,5.5846619606018066,0,-0.098174996674060822,0.08203125,0,0.5192578062415123,34,34,0,0,1,0,1,1,2.227716
212,2.722148673,PLUS_10_OUTBOUND,J2B,1,0,1.4071261179277339,3.0813567216796867,0.25686906682977095,0.0086796275427781355,0.5580183975269567,0.80871212449576302,3.179757833480835,5.5848536491394043,-0.098174996674060822,0.14726249873638153,0.07421875,0,0.46980468183755875,34,34,0,0,1,0,1,1,2.0708139999999999
213,2.7322404119999999,PLUS_10_OUTBOUND,J2B,1,0,1.4381046669374997,3.1143187968750001,0.26207641174790214,0.012149752129746621,0.54331222177090754,0.77944098729715405,3.180333137512207,5.584470272064209,-0.073631249368190765,-0.46633124351501465,0.08203125,0,0.5192578062415123,34,34,0,0,1,0,1,1,2.2276090000000002
214,2.7421849229999999,PLUS_10_OUTBOUND,J2B,1,0,1.4694117980957029,3.1470721435546878,0.27248894354648606,0.012149752129746621,0.71962507430453404,0.80620321146842266,3.1814835071563721,5.584470272064209,0.19634999334812164,-0.41724374890327454,0.0859375,0,0.54398436844348907,34,34,0,0,1,0,1,1,2.1093419999999998
215,2.7522473380000001,PLUS_10_OUTBOUND,J2B,1,0,1.5010453939999999,3.1796107499999993,0.27943135075810149,0.012149752129746621,0.70923337155176958,0.79457633982267262,3.1822504997253418,5.584470272064209,0,-0.29452499747276306,0.08984375,0,0.56871093064546585,34,34,0,0,1,0,1,1,2.2489110000000001
216,2.7622387069999998,PLUS_10_OUTBOUND,J2B,1,0,1.5330032774824218,3.2119286748046871,0.28637375796971692,0.013884814423230861,0.70419584478889252,0.78460274963476029,3.1830174922943115,5.5842785835266113,0.098174996674060822,-0.7117687463760376,0.0859375,0,0.54398436844348907,34,34,0,0,1,0,1,1,2.2495210000000001
217,2.7723274230000001,PLUS_10_OUTBOUND,J2B,1,0,1.5652832123125,3.2440200468749998,0.29852351009946348,0.012149752129746621,0.87922922714913088,0.82657159696738458,3.1843597888946533,5.584470272064209,0.31906875967979431,-0.24543750286102295,0.07421875,0,0.46980468183755875,34,34,0,0,1,0,1,1,2.335102
218,2.7821568129999998,PLUS_10_OUTBOUND,J2B,1,0,1.5978829039003906,3.2758790654296872,0.31414338681617859,0.012149752129746621,1.1276837508056201,0.90282436674455613,3.1860854625701904,5.584470272064209,0.049087498337030411,0,0.07421875,0,0.46980468183755875,34,34,0,0,1,0,1,1,2.1690299999999998
219,2.7923131739999998,PLUS_10_OUTBOUND,J2B,1,0,1.6308000000000002,3.3075000000000001,0.3505926432054185,0.013884814423230861,1.9890781609470536,1.1714229937625009,3.1901123523712158,5.5842785835266113,0.19634999334812164,-0.14726249873638153,0.0703125,0,0.44507811963558197,34,34,0,0,1,0,1,1,2.232167
220,2.8021603129999999,PLUS_10_OUTBOUND,J2B,1,0,1.6640320914121089,3.3388771904296877,0.40960202548531038,0.01562419279207203,3.3902900867169055,1.6535347749866283,3.1966316699981689,5.5840864181518555,0.6626812219619751,-0.51541876792907715,0.0546875,0,0.34617187082767487,34,34,0,0,1,0,1,1,2.0557509999999999
221,2.8122864729999999,PLUS_10_OUTBOUND,J2B,1,0,1.6975767126874999,3.3700050468749998,0.45125646875500303,0.017359255085556271,3.6434302891049963,1.8995360782705393,3.2012336254119873,5.5838947296142578,0.46633124351501465,0,0.07421875,0,0.46980468183755875,34,34,0,0,1,0,1,1,2.2070059999999998
222,2.8221814780000001,PLUS_10_OUTBOUND,J2B,1,0,1.7314313428300776,3.4008780498046876,0.47208369038984926,0.01909431737904051,3.1049172966861107,1.9200646443771607,3.2035346031188965,5.5837030410766602,0.12271875143051147,-0.098174996674060822,0.07421875,0,0.46980468183755875,34,34,0,0,1,0,1,1,2.1027960000000001
223,2.8323056499999999,PLUS_10_OUTBOUND,J2B,1,0,1.765593406,3.43149075,0.48596850481308013,0.01909431737904051,2.4982043904881581,1.8652033649800694,3.2050685882568359,5.5837030410766602,-0.4908750057220459,0.12271875143051147,0.08203125,0,0.5192578062415123,34,34,0,0,1,0,1,1,2.204942
224,2.842322427,PLUS_10_OUTBOUND,J2B,1,0,1.8000602722167969,3.4618377685546875,0.50506066415444217,0.020829379672524757,2.290939226403677,1.8692848492210266,3.2071778774261475,5.5835113525390625,0.29452499747276306,-0.024543749168515205,0.0859375,0,0.54398436844348907,34,34,0,0,1,0,1,1,2.2447469999999998
225,2.8522648089999998,PLUS_10_OUTBOUND,J2B,1,0,1.8348292580624999,3.4919137968749996,0.52415282349580428,0.020829379672524757,2.1612085687791218,1.8743843847608472,3.209287166595459,5.5835113525390625,0.39269998669624329,0.31906875967979431,0.08203125,0,0.5192578062415123,34,34,0,0,1,0,1,1,2.271944
226,2.8621570200000002,PLUS_10_OUTBOUND,J2B,1,0,1.8698976273847654,3.521713596679688,0.54498004513065057,0.026034566552977478,2.1416812517936723,1.8974875697382605,3.2115881443023682,5.5829362869262695,0.34361249208450317,-0.4908750057220459,0.0859375,0,0.54398436844348907,34,34,0,0,1,0,1,1,2.0735209999999999
227,2.8723283259999999,PLUS_10_OUTBOUND,J2B,1,0,1.9052625920000008,3.5512319999999997,0.58142714348221203,0.026034566552977478,2.6462566765018756,2.0660713450032882,3.2156147956848145,5.5829362869262695,0.39269998669624329,-0.24543750286102295,0.0703125,0,0.44507811963558197,34,34,0,0,1,0,1,1,2.2147999999999999
228,2.8821587540000002,PLUS_10_OUTBOUND,J2B,1,0,1.9409213123964846,3.5804639091796875,0.62481664904538881,0.027769628846461721,3.2648955030470179,2.300843828594616,3.2204084396362305,5.5827445983886719,0.17180624604225159,0.049087498337030411,0.07421875,0,0.46980468183755875,34,34,0,0,1,0,1,1,2.1541350000000001
229,2.8923033239999998,PLUS_10_OUTBOUND,J2B,1,0,1.9768708984375003,3.6094042968750002,0.65258627789185042,0.029509007215302887,3.0802680378701779,2.3444982917036161,3.2234764099121094,5.582552433013916,0.19634999334812164,0.29452499747276306,0.0859375,0,0.54398436844348907,34,34,0,0,1,0,1,1,2.2155019999999999
230,2.9023002039999999,PLUS_10_OUTBOUND,J2B,1,0,2.0131084100644534,3.6380482060546875,0.66473603002159709,0.036449256389239855,2.4275482658576126,2.231583902888111,3.2248187065124512,5.5817856788635254,0.22089375555515289,-0.58904999494552612,0.0859375,0,0.54398436844348907,34,34,0,0,1,0,1,1,2.220494
231,2.9122898039999998,PLUS_10_OUTBOUND,J2B,1,0,2.049630858,3.6663907500000006,0.67341349952669671,0.034714194095755609,1.881933994212198,2.0952905472863712,3.2257773876190186,5.581977367401123,0,0.049087498337030411,0.1015625,0,0.64289061725139618,34,34,0,0,1,0,1,1,2.2143009999999999
232,2.922213036,PLUS_10_OUTBOUND,J2B,1,0,2.0864352044511718,3.6944271123046892,0.68035590673831214,0.036449256389239855,1.4681211207881302,1.9557226424292202,3.2265443801879883,5.5817856788635254,0,-0.31906875967979431,0.09375,0,0.59343749284744263,34,34,0,0,1,0,1,1,2.2195469999999999
233,2.9323067190000001,PLUS_10_OUTBOUND,J2B,1,0,2.1235183638125004,3.7221525468750007,0.68556325165644338,0.036449256389239855,1.1348442090555046,1.8117405154843611,3.2271196842193604,5.5817856788635254,-0.12271875143051147,0,0.09375,0,0.59343749284744263,34,34,0,0,1,0,1,1,2.2195299999999998
234,2.9422101340000002,PLUS_10_OUTBOUND,J2B,1,0,2.1608772033691408,3.7495623779296872,0.69077059657457462,0.036449256389239855,0.92168330591529612,1.6831477696585586,3.2276949882507324,5.5817856788635254,-0.098174996674060822,-0.36815625429153442,0.1015625,0,0.64289061725139618,34,34,0,0,1,0,1,1,2.1315659999999998
235,2.9523111169999998,PLUS_10_OUTBOUND,J2B,1,0,2.1985085440000005,3.7766520000000003,0.69424072116154301,0.036449256389239855,0.71933428838769586,1.5491873182763467,3.2280783653259277,5.5817856788635254,-0.073631249368190765,0.12271875143051147,0.10546875,0,0.66761717945337296,34,34,0,0,1,0,1,1,2.238324
236,2.9622312910000002,PLUS_10_OUTBOUND,J2B,1,0,2.2364091608808598,3.803416877929688,0.69944806607967414,0.036449256389239855,0.65129095211210131,1.4467610620658833,3.2286536693572998,5.5817856788635254,0.12271875143051147,0.14726249873638153,0.1015625,0,0.64289061725139618,34,34,0,0,1,0,1,1,2.156971
237,2.9722522480000002,PLUS_10_OUTBOUND,J2B,1,0,2.2745757841874998,3.8298525468750002,0.70639047329128968,0.039919380976208348,0.66581521412658529,1.3713638402175006,3.2294206619262695,5.5814023017883301,-0.12271875143051147,-0.34361249208450317,0.10546875,0,0.66761717945337296,34,34,0,0,1,0,1,1,2.2146460000000001
238,2.9822575320000002,PLUS_10_OUTBOUND,J2B,1,0,2.3130050997988278,3.8559546123046879,0.71854022542103624,0.039919380976208348,0.85779663487498592,1.3556608121079521,3.2307629585266113,5.5814023017883301,-0.12271875143051147,-0.22089375555515289,0.10546875,0,0.66761717945337296,34,34,0,0,1,0,1,1,2.2119960000000001
239,2.9922919889999999,PLUS_10_OUTBOUND,J2B,1,0,2.3516937499999995,3.8817187499999992,0.72721769492613597,0.039919380976208348,0.8602363404012322,1.3065714531064401,3.2317216396331787,5.5814023017883301,-0.26998123526573181,-0.073631249368190765,0.10546875,0,0.66761717945337296,34,34,0,0,1,0,1,1,2.239579
240,3.002271994,PLUS_10_OUTBOUND,J2B,1,0,2.3906383341855464,3.9071407060546881,0.73936744705588253,0.039919380976208348,0.9852469193514598,1.297655250107413,3.2330639362335205,5.5814023017883301,-0.049087498337030411,0.098174996674060822,0.109375,0,0.69234374165534973,34,34,0,0,1,0,1,1,2.2187929999999998
241,3.0122869269999999,PLUS_10_OUTBOUND,J2B,1,0,2.4298354095625001,3.9322162968749996,0.76192973098421313,0.041654443269692587,1.4289129643364187,1.3931761441703774,3.2355566024780273,5.5812106132507324,0.36815625429153442,-0.098174996674060822,0.1015625,0,0.64289061725139618,34,34,0,0,1,0,1,1,2.2854730000000001
242,3.0222551329999998,PLUS_10_OUTBOUND,J2B,1,0,2.4692814918535153,3.956941409179688,0.79837682933577447,0.045128883932017985,2.208510601909814,1.6194920083508089,3.2395832538604736,5.5808267593383789,0.6626812219619751,-0.24543750286102295,0.09375,0,0.59343749284744263,34,34,0,0,1,0,1,1,2.1796509999999998
243,3.0322795870000001,PLUS_10_OUTBOUND,J2B,1,0,2.5089730560000003,3.981312,0.8469736798170826,0.048599008518986485,3.1322724487278366,1.9423258239404302,3.2449522018432617,5.5804433822631836,0.63813751935958862,-0.24543750286102295,0.08984375,0,0.56871093064546585,34,34,0,0,1,0,1,1,2.2389640000000002
244,3.042239114,PLUS_10_OUTBOUND,J2B,1,0,2.5489065368652342,4.0053240966796881,0.87647837095702841,0.050334070812470724,3.0728377677856367,2.0443391490071137,3.2482118606567383,5.5802516937255859,-0.049087498337030411,-0.19634999334812164,0.1015625,0,0.64289061725139618,34,34,0,0,1,0,1,1,2.2470949999999998
245,3.0522030500000001,PLUS_10_OUTBOUND,J2B,1,0,2.5890783299374998,4.0289737968749995,0.90251293751000605,0.052069133105954957,2.911852459743959,2.1011932085873437,3.2510881423950195,5.5800600051879883,0.17180624604225159,0.073631249368190765,0.109375,0,0.69234374165534973,34,34,0,0,1,0,1,1,2.212987
246,3.0621688589999998,PLUS_10_OUTBOUND,J2B,1,0,2.6294847920332032,4.0522572685546887,0.91813281422672111,0.057278636061764622,2.4412754040683473,2.0478085463671163,3.2528138160705566,5.5794844627380371,0.024543749168515205,-0.44178751111030579,0.10546875,0,0.66761717945337296,34,34,0,0,1,0,1,1,2.1223320000000001
247,3.0722655479999998,PLUS_10_OUTBOUND,J2B,1,0,2.6701222419999997,4.0751707499999998,0.94243231848621434,0.057278636061764622,2.4291671782373832,2.0836957390426782,3.2554984092712402,5.5794844627380371,0.39269998669624329,0.024543749168515205,0.10546875,0,0.66761717945337296,34,34,0,0,1,0,1,1,2.2199499999999999
248,3.0821867589999998,PLUS_10_OUTBOUND,J2B,1,0,2.7109869614199225,4.0977105498046873,0.97367207191964444,0.060748760648733094,2.6810331708416997,2.1902045951348108,3.2589497566223145,5.5791010856628418,0.41724374890327454,0.024543749168515205,0.1015625,0,0.64289061725139618,34,34,0,0,1,0,1,1,2.1483949999999998
249,3.09225606,PLUS_10_OUTBOUND,J2B,1,0,2.7520751953125,4.119873046875,1.0257412050255996,0.064218885235701587,3.5525485909505763,2.4882918584508933,3.264702320098877,5.5787177085876465,0.73631250858306885,0.024543749168515205,0.08203125,0,0.5192578062415123,34,34,0,0,1,0,1,1,2.2599779999999998
250,3.1022378530000001,PLUS_10_OUTBOUND,J2B,1,0,2.7933831528378903,4.1416546904296894,1.0864856495989756,0.071163450484995477,4.4390901141641628,2.8480151097618864,3.2714133262634277,5.5779504776000977,0.44178751111030579,0.073631249368190765,0.08984375,0,0.56871093064546585,34,34,0,0,1,0,1,1,2.1924899999999998
251,3.112258653,PLUS_10_OUTBOUND,J2B,1,0,2.8349070080000005,4.1630519999999995,1.1211976856570527,0.079838761952416695,4.0978080453394536,2.9096134476807682,3.2752482891082764,5.5769920349121094,-0.049087498337030411,-0.56450623273849487,0.10546875,0,0.66761717945337296,34,34,0,0,1,0,1,1,2.174912
252,3.122169252,PLUS_10_OUTBOUND,J2B,1,0,2.876642900349609,4.1840615654296878,1.1541746594216458,0.08504826490822634,3.8281810033101156,2.951396609723969,3.2788915634155273,5.5764164924621582,0.4908750057220459,-0.19634999334812164,0.1015625,0,0.64289061725139618,34,34,0,0,1,0,1,1,2.12988
253,3.1322547680000001,PLUS_10_OUTBOUND,J2B,1,0,2.9185869356874998,4.2046800468749996,1.1888866954797228,0.091988514082163297,3.6929374872028253,3.0004340444805009,3.282726526260376,5.5756497383117676,0.22089375555515289,-0.58904999494552612,0.1015625,0,0.64289061725139618,34,34,0,0,1,0,1,1,2.1748249999999998
254,3.1421726130000001,PLUS_10_OUTBOUND,J2B,1,0,2.960735186767578,4.2249041748046867,1.2478982357972934,0.10066814162494145,4.4829221616639998,3.29539429574164,3.2892460823059082,5.5746908187866211,0.78539997339248657,0.17180624604225159,0.07421875,0,0.46980468183755875,34,34,0,0,1,0,1,1,2.0881479999999999
255,3.1522653319999998,PLUS_10_OUTBOUND,J2B,1,0,3.0030836939999994,4.2447307500000004,1.3138500252888006,0.11455295604817228,5.2010062116842679,3.6193139537682386,3.2965323925018311,5.5731568336486816,0.36815625429153442,-0.098174996674060822,0.08984375,0,0.56871093064546585,34,34,0,0,1,0,1,1,2.1841370000000002
256,3.1623529700000002,PLUS_10_OUTBOUND,J2B,1,0,3.0456284661542972,4.2641566435546876,1.3502971236403623,0.13017283276488739,4.6452200760515616,3.6186871408076398,3.3005590438842773,5.5714311599731445,0,-0.22089375555515289,0.08984375,0,0.56871093064546585,34,34,0,0,1,0,1,1,2.392048
257,3.1723994910000002,PLUS_10_OUTBOUND,J2B,1,0,3.0883654810625005,4.2831787968750001,1.3902165046165704,0.1457927094816025,4.4101016680361953,3.654163746327642,3.304969310760498,5.5697054862976074,0.58904999494552612,-0.073631249368190765,0.09375,0,0.59343749284744263,34,34,0,0,1,0,1,1,2.403203
258,3.1823122449999999,PLUS_10_OUTBOUND,J2B,1,0,3.1312906863222656,4.3017942216796872,1.4457557623094937,0.1648827107852861,4.8275488940989399,3.8490281745164245,3.3111052513122559,5.567596435546875,1.0799249410629272,-0.098174996674060822,0.08203125,0,0.5192578062415123,34,34,0,0,1,0,1,1,2.2283759999999999
259,3.1924038540000002,PLUS_10_OUTBOUND,J2B,1,0,3.1744000000000003,4.3200000000000003,1.5203871793437793,0.18571209045781084,5.7262944170704646,4.2036646816093981,3.3193504810333252,5.5652952194213867,0.9817500114440918,-0.44178751111030579,0.07421875,0,0.46980468183755875,34,34,0,0,1,0,1,1,2.333691
260,3.2023236939999999,PLUS_10_OUTBOUND,J2B,1,0,3.2176893113339853,4.3377932841796865,1.5828688442483183,0.20133196717452592,5.9266211534903874,4.4131638655611969,3.3262534141540527,5.5635695457458496,0.58904999494552612,-0.24543750286102295,0.07421875,0,0.46980468183755875,34,34,0,0,1,0,1,1,2.2555890000000001
261,3.2123906990000002,PLUS_10_OUTBOUND,J2B,1,0,3.2611544814375004,4.3551712968749996,1.6436154468593729,0.21348171930427257,5.9642835207004836,4.5752702706998578,3.3329646587371826,5.5622272491455078,0.7117687463760376,-0.26998123526573181,0.0703125,0,0.44507811963558197,34,34,0,0,1,0,1,1,2.3074910000000002
262,3.222248285,PLUS_10_OUTBOUND,J2B,1,0,3.304791344001953,4.3721313310546872,1.7269243333987581,0.22563147143401918,6.8347204696649149,4.9628678668326147,3.3421685695648193,5.560884952545166,1.153556227684021,-0.56450623273849487,0.0703125,0,0.44507811963558197,34,34,0,0,1,0,1,1,2.149375
263,3.2324349940000001,PLUS_10_OUTBOUND,J2B,1,0,3.3485957059999993,4.3886707500000002,1.7772562461735502,0.23257172060795617,6.1718971269042822,4.9606750291842356,3.3477292060852051,5.5601181983947754,0.22089375555515289,-0.17180624604225159,0.08984375,0,0.56871093064546585,34,34,0,0,1,0,1,1,2.4442949999999999
264,3.2423119069999999,PLUS_10_OUTBOUND,J2B,1,0,3.3925633483886726,4.4047869873046874,1.8223808140302111,0.2377812235637658,5.6107751357768301,4.9214766700626829,3.3527145385742188,5.5595426559448242,0.44178751111030579,-0.17180624604225159,0.08203125,0,0.5192578062415123,34,34,0,0,1,0,1,1,2.2210909999999999
265,3.252128881,PLUS_10_OUTBOUND,J2B,1,0,3.4366900268125002,4.4204775468750004,1.8813923543477817,0.24298641044421851,5.7509147899544795,5.0304464178277115,3.359234094619751,5.5589675903320312,0.78539997339248657,-0.39269998669624329,0.07421875,0,0.46980468183755875,34,34,0,0,1,0,1,1,2.1493509999999998
266,3.2621220489999998,PLUS_10_OUTBOUND,J2B,1,0,3.4809714723066412,4.4357400029296894,1.9681713654741355,0.24819159732467128,6.7774364812569168,5.395785166841085,3.368821382522583,5.5583925247192383,1.4235374927520752,-0.26998123526573181,0.05859375,0,0.37089843302965164,34,34,0,0,1,0,1,1,2.1673469999999999
267,3.272164375,PLUS_10_OUTBOUND,J2B,1,0,3.5254033919999994,4.4505719999999984,2.0323880926721585,0.25340110028048091,6.6434461301302328,5.4956673408179011,3.3759160041809082,5.5578169822692871,0.80994373559951782,-0.049087498337030411,0.0703125,0,0.44507811963558197,34,34,0,0,1,0,1,1,2.2120570000000002
268,3.282110812,PLUS_10_OUTBOUND,J2B,1,0,3.5699814698183587,4.4649712529296872,2.1209043241296746,0.25860628716093359,7.4329916298351772,5.8360296482362619,3.385695219039917,5.5572419166564941,1.0799249410629272,0.049087498337030411,0.04296875,0,0.27199218422174454,34,34,0,0,1,0,1,1,2.1598860000000002
269,3.292153023,PLUS_10_OUTBOUND,J2B,1,0,3.6147013671875001,4.4789355468749994,2.2024781483755755,0.26728591470371182,7.6745274707223805,6.0647360866496403,3.3947074413299561,5.5562829971313477,0.098174996674060822,-0.24543750286102295,0.0703125,0,0.44507811963558197,34,34,0,0,1,0,1,1,2.201835
270,3.3022270260000002,PLUS_10_OUTBOUND,J2B,1,0,3.6595587237363283,4.4924627373046855,2.258017406068499,0.27249110158416445,6.9180372974763538,6.0095751755580498,3.4008433818817139,5.5557079315185547,0.17180624604225159,-0.19634999334812164,0.0703125,0,0.44507811963558197,34,34,0,0,1,0,1,1,2.174042
271,3.31225616,PLUS_10_OUTBOUND,J2B,1,0,3.7045491579999998,4.5055507499999994,2.3291765404781373,0.27769628846461719,6.9800590002163858,6.1181418742470326,3.4087049961090088,5.5551328659057617,0.9326624870300293,-0.39269998669624329,0.05859375,0,0.37089843302965164,34,34,0,0,1,0,1,1,2.2656429999999999
272,3.322189818,PLUS_10_OUTBOUND,J2B,1,0,3.749668268123048,4.5181975810546877,2.3951304880073234,0.28290579142042688,6.8608430991278944,6.170271900818685,3.4159915447235107,5.5545573234558105,0.26998123526573181,-0.44178751111030579,0.0703125,0,0.44507811963558197,34,34,0,0,1,0,1,1,2.201257
273,3.3321584930000001,PLUS_10_OUTBOUND,J2B,1,0,3.7949116325625005,4.5304012968749987,2.4419901181574688,0.28637591600739537,6.1047887864064112,6.0233135027291818,3.4211685657501221,5.5541739463806152,0.17180624604225159,-0.19634999334812164,0.08203125,0,0.5192578062415123,34,34,0,0,1,0,1,1,2.2007400000000001
274,3.342230867,PLUS_10_OUTBOUND,J2B,1,0,3.8402748107910156,4.5421600341796875,2.4871168440518083,0.29158110288784811,5.5361992479646212,5.8690068772563935,3.4261541366577148,5.5535988807678223,0.26998123526573181,-0.51541876792907715,0.07421875,0,0.46980468183755875,34,34,0,0,1,0,1,1,2.152711
275,3.3522074509999999,PLUS_10_OUTBOUND,J2B,1,0,3.8857533439999994,4.5534719999999993,2.544391164038216,0.29332048125668925,5.6078357020779048,5.8561936726452979,3.4324817657470703,5.5534067153930664,0.78539997339248657,-0.049087498337030411,0.06640625,0,0.42035155743360519,34,34,0,0,1,0,1,1,2.2290000000000001
276,3.3622693130000001,PLUS_10_OUTBOUND,J2B,1,0,3.9313427558027341,4.5643354716796871,2.5912529522260401,0.29852566813714199,5.2751718007239479,5.736311046630286,3.4376590251922607,5.5528316497802734,0.34361249208450317,-0.24543750286102295,0.0859375,0,0.54398436844348907,34,34,0,0,1,0,1,1,2.279744
277,3.3723341630000001,PLUS_10_OUTBOUND,J2B,1,0,3.9770385529374996,4.5747487968750002,2.6138152361543705,0.30026073043062623,4.2134535297546707,5.3868490446198587,3.4401516914367676,5.5526399612426758,0.17180624604225159,-0.17180624604225159,0.0859375,0,0.54398436844348907,34,34,0,0,1,0,1,1,2.3559230000000002
278,3.3821243769999998,PLUS_10_OUTBOUND,J2B,1,0,4.0228362259707025,4.5847103935546887,2.6294351128710858,0.30026073043062623,3.2971551468466735,5.0077099551596262,3.4418773651123047,5.5526399612426758,-0.26998123526573181,0.24543750286102295,0.0859375,0,0.54398436844348907,34,34,0,0,1,0,1,1,2.1557499999999998
279,3.3922486470000002,PLUS_10_OUTBOUND,J2B,1,0,4.0687312500000008,4.5942187499999978,2.6415848650008322,0.30373085501759473,2.5631725601429625,4.6269451638415564,3.4432196617126465,5.5522565841674805,0.024543749168515205,-0.36815625429153442,0.1015625,0,0.64289061725139618,34,34,0,0,1,0,1,1,2.253501
280,3.4021708409999998,PLUS_10_OUTBOUND,J2B,1,0,4.1147190853574216,4.6032724248046888,2.6537346171305791,0.30199579272411048,2.0946380662987867,4.2867009052305036,3.4445619583129883,5.5524482727050781,0.12271875143051147,0.049087498337030411,0.10546875,0,0.66761717945337296,34,34,0,0,1,0,1,1,2.1233849999999999
281,3.4124056540000001,PLUS_10_OUTBOUND,J2B,1,0,4.1607951783125001,4.6118700468750013,2.6624120866356789,0.30373085501759473,1.6582582524074565,3.9428146745112378,3.4455206394195557,5.5522565841674805,-0.098174996674060822,-0.19634999334812164,0.1015625,0,0.64289061725139618,34,34,0,0,1,0,1,1,2.4546350000000001
282,3.4222789229999999,PLUS_10_OUTBOUND,J2B,1,0,4.2069549617753914,4.6200103154296892,2.6745618387654253,0.30373085501759473,1.5085674880102007,3.671590242473072,3.4468629360198975,5.5522565841674805,-0.098174996674060822,0,0.10546875,0,0.66761717945337296,34,34,0,0,1,0,1,1,2.190067
283,3.4323952800000002,PLUS_10_OUTBOUND,J2B,1,0,4.2531938559999993,4.6276920000000024,2.695389060400271,0.30546591731107897,1.7011373062401516,3.510307915092485,3.4491639137268066,5.5520648956298828,0.22089375555515289,-0.36815625429153442,0.09375,0,0.59343749284744263,34,34,0,0,1,0,1,1,2.2954759999999998
284,3.442296126,PLUS_10_OUTBOUND,J2B,1,0,4.2995072692871101,4.6349139404296889,2.724893751540217,0.30720529567992011,2.1487452607626967,3.457278841213693,3.4524235725402832,5.551872730255127,0.073631249368190765,-0.36815625429153442,0.09375,0,0.59343749284744263,34,34,0,0,1,0,1,1,2.2163430000000002
285,3.4523154100000002,PLUS_10_OUTBOUND,J2B,1,0,4.3458905986875003,4.6416750468749992,2.7734906020215253,0.30894035797340436,3.0943005034851487,3.5965841239464371,3.4577925205230713,5.5516810417175293,0.4908750057220459,0,0.08984375,0,0.56871093064546585,34,34,0,0,1,0,1,1,2.2219739999999999
286,3.4622823459999998,PLUS_10_OUTBOUND,J2B,1,0,4.3923392307050788,4.6479742998046873,2.8116749207042493,0.3106754202668886,3.3521799821837552,3.6200356129570528,3.4620110988616943,5.5514893531799316,0.29452499747276306,-0.19634999334812164,0.1015625,0,0.64289061725139618,34,34,0,0,1,0,1,1,2.1804709999999998
287,3.4724195820000001,PLUS_10_OUTBOUND,J2B,1,0,4.4388485419999988,4.6538107500000008,2.8411796118441952,0.31241048256037285,3.1976011641632822,3.549084673302445,3.4652707576751709,5.551297664642334,0.51541876792907715,0.049087498337030411,0.09375,0,0.59343749284744263,34,34,0,0,1,0,1,1,2.2923689999999999
288,3.4822812989999998,PLUS_10_OUTBOUND,J2B,1,0,4.485413900091797,4.6591835185546859,2.8585345508543947,0.31414554485385704,2.6943810289295191,3.3701591408931679,3.4671881198883057,5.5511059761047363,-0.024543749168515205,0,0.10546875,0,0.66761717945337296,34,34,0,0,1,0,1,1,2.1834210000000001
289,3.4923999719999999,PLUS_10_OUTBOUND,J2B,1,0,4.5320306640624981,4.6640917968750006,2.8845691174073718,0.31761566944082559,2.6518707209417514,3.2904355274145836,3.4700644016265869,5.550722599029541,0,-0.26998123526573181,0.10546875,0,0.66761717945337296,34,34,0,0,1,0,1,1,2.3270029999999999
290,3.5022818440000001,PLUS_10_OUTBOUND,J2B,1,0,4.5786941852597645,4.6685348466796883,2.9262235606770646,0.31761566944082559,3.199049300635882,3.3829157838227664,3.4746663570404053,5.550722599029541,0.58904999494552612,0.024543749168515205,0.09375,0,0.59343749284744263,34,34,0,0,1,0,1,1,2.190922
291,3.5124048179999998,PLUS_10_OUTBOUND,J2B,1,0,4.6253998080000009,4.6725120000000002,2.9834978806634727,0.32282517239663522,4.0596313274171454,3.6104097145844394,3.4809939861297607,5.5501470565795898,0.51541876792907715,-0.26998123526573181,0.0703125,0,0.44507811963558197,34,34,0,0,1,0,1,1,2.3227000000000002
292,3.5222876269999999,PLUS_10_OUTBOUND,J2B,1,0,4.6721428702714842,4.6760226591796901,3.0390371383563957,0.3280303592770879,4.6056849682165293,3.8113472018103911,3.4871299266815186,5.5495719909667969,0.14726249873638153,-0.31906875967979431,0.0859375,0,0.54398436844348907,34,34,0,0,1,0,1,1,2.1953939999999998
293,3.5323396929999999,PLUS_10_OUTBOUND,J2B,1,0,4.7189187044375007,4.6790662968750008,3.0702790498275045,0.3297654215705722,4.0814983749715044,3.741013380380998,3.4905815124511719,5.5493803024291992,0.17180624604225159,0.098174996674060822,0.1015625,0,0.64289061725139618,34,34,0,0,1,0,1,1,2.2504960000000001
294,3.5421912980000001,PLUS_10_OUTBOUND,J2B,1,0,4.7657226379394526,4.6816424560546857,3.0980486786739667,0.3332355461575407,3.639551267554511,3.6487912777209077,3.4936494827270508,5.5489969253540039,0.22089375555515289,0,0.10546875,0,0.66761717945337296,34,34,0,0,1,0,1,1,2.0950160000000002
295,3.552315165,PLUS_10_OUTBOUND,J2B,1,0,4.8125499939999985,4.6837507499999989,3.1310234944008806,0.33844504911335033,3.5057060643410374,3.6096257900718469,3.4972925186157227,5.5484213829040527,0.26998123526573181,-0.26998123526573181,0.09375,0,0.59343749284744263,34,34,0,0,1,0,1,1,2.313561
296,3.562284778,PLUS_10_OUTBOUND,J2B,1,0,4.8593960923261728,4.6853908623046889,3.1813575652133514,0.34365023599380301,4.0457709917091496,3.753538082461084,3.5028533935546875,5.5478463172912598,0.9817500114440918,-0.46633124351501465,0.0859375,0,0.54398436844348907,34,34,0,0,1,0,1,1,2.1756899999999999
297,3.5723761770000002,PLUS_10_OUTBOUND,J2B,1,0,4.9062562498125004,4.6865625468750016,3.2351596025751124,0.3471203605807715,4.4957672516557592,3.9113317333706363,3.5087974071502686,5.5474629402160645,0.7608562707901001,-0.19634999334812164,0.0859375,0,0.54398436844348907,34,34,0,0,1,0,1,1,2.3204579999999999
298,3.5823010329999998,PLUS_10_OUTBOUND,J2B,1,0,4.9531257812441414,4.6872656279296896,3.275078983551321,0.35232986353658119,4.3300054953042189,3.922414783384423,3.5132076740264893,5.5468873977661133,0.34361249208450317,-0.22089375555515289,0.109375,0,0.69234374165534973,34,34,0,0,1,0,1,1,2.1670029999999998
299,3.5923956019999999,PLUS_10_OUTBOUND,J2B,1,0,5,4.6875,3.3080559573159132,0.35753505041703393,3.9578848116626033,3.8568536592502269,3.5168509483337402,5.5463123321533203,0.36815625429153442,-0.22089375555515289,0.1015625,0,0.64289061725139618,34,34,0,0,1,0,1,1,2.312198
300,3.602270394,PLUS_10_OUTBOUND,J2B,1,0,5.0468742187558568,4.6872656279296878,3.3462381179609588,0.36447961566632781,3.9259454026574456,3.8578312290614196,3.5210692882537842,5.5455451011657715,0.39269998669624329,-0.34361249208450317,0.09375,0,0.59343749284744263,34,34,0,0,1,0,1,1,2.1475200000000001
301,3.61234791,PLUS_10_OUTBOUND,J2B,1,0,5.0937437501874969,4.6865625468750025,3.4156621900771134,0.37141986484026479,4.9630167481171608,4.1609487451237985,3.5287392139434814,5.5447783470153809,0.95720624923706055,-0.19634999334812164,0.0703125,0,0.44507811963558197,34,34,0,0,1,0,1,1,2.2649430000000002
302,3.6222648529999999,PLUS_10_OUTBOUND,J2B,1,0,5.1406039076738272,4.6853908623046872,3.4885585448179151,0.38356961697001135,5.7987017157112781,4.4799226790214544,3.5367927551269531,5.5434360504150391,0.39269998669624329,-0.26998123526573181,0.0859375,0,0.54398436844348907,34,34,0,0,1,0,1,1,2.2634660000000002
303,3.6323687370000002,PLUS_10_OUTBOUND,J2B,1,0,5.1874500059999988,4.6837507500000015,3.5458328648043222,0.39745443139324227,5.7531468256403162,4.598784899813019,3.5431203842163086,5.5419020652770996,0.90811872482299805,-0.44178751111030579,0.0859375,0,0.54398436844348907,34,34,0,0,1,0,1,1,2.2831429999999999
304,3.6422615980000002,PLUS_10_OUTBOUND,J2B,1,0,5.2342773620605474,4.6816424560546874,3.6187292195451231,0.41654443269692587,6.3185490392924173,4.8757645820106355,3.5511739253997803,5.5397930145263672,1.0799249410629272,-0.24543750286102295,0.0703125,0,0.44507811963558197,34,34,0,0,1,0,1,1,2.1699120000000001
305,3.6522676220000001,PLUS_10_OUTBOUND,J2B,1,0,5.2810812955624984,4.6790662968749999,3.6933584785417306,0.44778850220571298,6.7175084044203519,5.1340314177753665,3.5594189167022705,5.5363411903381348,0.80994373559951782,-0.9326624870300293,0.08203125,0,0.5192578062415123,34,34,0,0,1,0,1,1,2.1534219999999999
306,3.6622732170000001,PLUS_10_OUTBOUND,J2B,1,0,5.3278571297285149,4.6760226591796901,3.7402202667295543,0.48596850481308013,6.0056258916296734,5.0889841127853854,3.5645961761474609,5.5321230888366699,0.56450623273849487,-0.63813751935958862,0.09375,0,0.59343749284744263,34,34,0,0,1,0,1,1,2.1792669999999998
307,3.6723972439999999,PLUS_10_OUTBOUND,J2B,1,0,5.3746001920000017,4.6725119999999976,3.7870820549173785,0.52762294808277277,5.5237261819759453,5.0429626593401773,3.5697734355926514,5.5275211334228516,0.56450623273849487,-0.51541876792907715,0.08984375,0,0.56871093064546585,34,34,0,0,1,0,1,1,2.2961469999999999
308,3.6821673179999999,PLUS_10_OUTBOUND,J2B,1,0,5.4213058147402338,4.6685348466796839,3.8460914371972694,0.56927739135246525,5.7043552185817124,5.14264730777683,3.5762927532196045,5.5229191780090332,0.51541876792907715,-0.78539997339248657,0.0859375,0,0.54398436844348907,34,34,0,0,1,0,1,1,2.1813669999999998
309,3.6923941149999999,PLUS_10_OUTBOUND,J2B,1,0,5.4679693359375019,4.6640917968749998,3.9051029775148405,0.61267121299099914,5.727430881317142,5.205411145353156,3.5828123092651367,5.518125057220459,0.39269998669624329,-0.73631250858306885,0.09375,0,0.59343749284744263,34,34,0,0,1,0,1,1,2.3385180000000001
310,3.7022707929999998,PLUS_10_OUTBOUND,J2B,1,0,5.5145860999082004,4.6591835185546904,3.9380799512794336,0.67341565756437516,4.8914356320945496,5.0187573334573861,3.5864555835723877,5.5114140510559082,0.12271875143051147,-0.83448749780654907,0.08984375,0,0.56871093064546585,34,34,0,0,1,0,1,1,2.1792199999999999
311,3.7124026049999999,PLUS_10_OUTBOUND,J2B,1,0,5.5611514580000021,4.6538107499999999,3.9658495801258948,0.74804491656098226,4.1387255457045073,4.7909651386382333,3.5895235538482666,5.503169059753418,0.024543749168515205,-0.7608562707901001,0.1015625,0,0.64289061725139618,34,34,0,0,1,0,1,1,2.313043
312,3.7222691270000001,PLUS_10_OUTBOUND,J2B,1,0,5.6076607692949203,4.6479742998046891,3.99882439585281,0.80531923654738991,3.8599035025762976,4.646077738451087,3.5931665897369385,5.4968414306640625,0.12271875143051147,-0.58904999494552612,0.09375,0,0.59343749284744263,34,34,0,0,1,0,1,1,2.175017
313,3.732394142,PLUS_10_OUTBOUND,J2B,1,0,5.6541094013125006,4.6416750468749992,4.0404788391225024,0.85738836965334497,3.9488418244103296,4.5928712639590454,3.5977685451507568,5.4910888671875,0.24543750286102295,-0.7608562707901001,0.08984375,0,0.56871093064546585,34,34,0,0,1,0,1,1,2.3320289999999999
314,3.7422670689999999,PLUS_10_OUTBOUND,J2B,1,0,5.7004927307128916,4.634913940429688,4.09775315910891,0.9233423171825309,4.5971493143583686,4.7136990314178995,3.6040961742401123,5.483802318572998,0.41724374890327454,-1.0553812980651855,0.08203125,0,0.5192578062415123,34,34,0,0,1,0,1,1,2.175332
315,3.752215675,PLUS_10_OUTBOUND,J2B,1,0,5.7468061440000007,4.6276920000000015,4.1446149472967333,0.98408676175590692,4.636782638628679,4.7133678666463208,3.6092734336853027,5.4770913124084473,0.29452499747276306,-0.53996247053146362,0.09375,0,0.59343749284744263,34,34,0,0,1,0,1,1,2.2194370000000001
316,3.76228104,PLUS_10_OUTBOUND,J2B,1,0,5.7930450382246104,4.6200103154296857,4.1758568587678422,1.0326857702748935,4.100274586081837,4.5524213288311728,3.6127250194549561,5.4717221260070801,0.098174996674060822,-0.78539997339248657,0.09375,0,0.59343749284744263,34,34,0,0,1,0,1,1,2.1905939999999999
317,3.772328726,PLUS_10_OUTBOUND,J2B,1,0,5.8392048216875008,4.6118700468750013,4.2105688948259195,1.0760752758380703,3.8743337650979193,4.4426521342751197,3.6165599822998047,5.4669284820556641,0.51541876792907715,-0.58904999494552612,0.08984375,0,0.56871093064546585,34,34,0,0,1,0,1,1,2.3275239999999999
318,3.7822696389999999,PLUS_10_OUTBOUND,J2B,1,0,5.8852809146425766,4.6032724248046897,4.2591657453072278,1.1350846581179621,4.2293164971998722,4.4872439351008149,3.6219289302825928,5.4604091644287109,0.4908750057220459,-0.51541876792907715,0.08203125,0,0.5192578062415123,34,34,0,0,1,0,1,1,2.1795840000000002
319,3.7922668869999998,PLUS_10_OUTBOUND,J2B,1,0,5.9312687500000019,4.594218749999996,4.3251175347987347,1.1993035433536638,5.0580037778873379,4.6982189857928534,3.6292152404785156,5.4533143043518066,0.39269998669624329,-0.83448749780654907,0.0703125,0,0.44507811963558197,34,34,0,0,1,0,1,1,2.1876570000000002
320,3.802290653,PLUS_10_OUTBOUND,J2B,1,0,5.9771637740292967,4.584710393554686,4.3806567924916582,1.2444281112103248,5.2269676172958262,4.7824728476904417,3.6353511810302734,5.448328971862793,0.41724374890327454,-0.44178751111030579,0.08984375,0,0.56871093064546585,34,34,0,0,1,0,1,1,2.2009020000000001
321,3.8123619990000002,PLUS_10_OUTBOUND,J2B,1,0,6.0229614470625004,4.5747487968750011,4.4171038908432196,1.284347492186533,4.6641406258929567,4.6661146128215885,3.6393778324127197,5.4439187049865723,0.26998123526573181,-0.56450623273849487,0.09375,0,0.59343749284744263,34,34,0,0,1,0,1,1,2.3608280000000001
322,3.8221556790000002,PLUS_10_OUTBOUND,J2B,1,0,6.0686572441972668,4.5643354716796871,4.458758334112912,1.3294720600431942,4.520310102192358,4.6248227787856973,3.6439797878265381,5.4389333724975586,0.61359375715255737,-0.44178751111030579,0.08984375,0,0.56871093064546585,34,34,0,0,1,0,1,1,2.06881
323,3.832358428,PLUS_10_OUTBOUND,J2B,1,0,6.1142466559999988,4.5534720000000011,4.5281824062290665,1.3850113177361176,5.3197582665510925,4.8427852723717164,3.6516497135162354,5.4327974319458008,0.73631250858306885,-0.7608562707901001,0.07421875,0,0.46980468183755875,34,34,0,0,1,0,1,1,2.2740040000000001
324,3.842271459,PLUS_10_OUTBOUND,J2B,1,0,6.1597251892089844,4.5421600341796875,4.5993436986763836,1.4318709478862628,5.9703390367990146,5.0763627918604888,3.6595115661621094,5.4276204109191895,0.31906875967979431,-0.68722498416900635,0.08203125,0,0.5192578062415123,34,34,0,0,1,0,1,1,2.1750850000000002
325,3.852248592,PLUS_10_OUTBOUND,J2B,1,0,6.2050883674374981,4.5304012968749987,4.6566180186627912,1.4631150173950502,5.8899160010842593,5.1427824061501255,3.6658391952514648,5.424168586730957,0.17180624604225159,-0.56450623273849487,0.08203125,0,0.5192578062415123,34,34,0,0,1,0,1,1,2.2456179999999999
326,3.8622751260000001,PLUS_10_OUTBOUND,J2B,1,0,6.2503317318769529,4.5181975810546859,4.72777715307243,1.490884646241512,6.3124241159191525,5.33821236988208,3.6737008094787598,5.4211006164550781,0.9817500114440918,-0.51541876792907715,0.06640625,0,0.42035155743360519,34,34,0,0,1,0,1,1,2.1973419999999999
327,3.8723534370000001,PLUS_10_OUTBOUND,J2B,1,0,6.295450842000001,4.5055507500000012,4.8058786946936838,1.5238594619684263,6.8153892333869681,5.5793378637623059,3.6823294162750244,5.4174575805664062,0.63813751935958862,-0.41724374890327454,0.06640625,0,0.42035155743360519,34,34,0,0,1,0,1,1,2.2684319999999998
328,3.8822677849999998,PLUS_10_OUTBOUND,J2B,1,0,6.3404412762636735,4.4924627373046881,4.8648902350112539,1.5707190921185716,6.5132503429437589,5.6166176034552837,3.6888489723205566,5.4122805595397949,0.6626812219619751,-0.46633124351501465,0.07421875,0,0.46980468183755875,34,34,0,0,1,0,1,1,2.1230319999999998
329,3.8921782899999999,PLUS_10_OUTBOUND,J2B,1,0,6.3852986328124981,4.4789355468750047,4.9325792448339252,1.6314678527673045,6.624121928845395,5.737958473376028,3.6963272094726562,5.4055690765380859,1.1780999898910522,-0.73631250858306885,0.06640625,0,0.42035155743360519,34,34,0,0,1,0,1,1,2.0306739999999999
330,3.902248363,PLUS_10_OUTBOUND,J2B,1,0,6.4300185301816413,4.4649712529296863,5.0367153530081561,1.685272048166744,7.9250808073410823,6.1982773556360184,3.7078320980072021,5.3996248245239258,1.2762750387191772,-0.46633124351501465,0.0546875,0,0.34617187082767487,34,34,0,0,1,0,1,1,2.245511
331,3.9123618260000002,PLUS_10_OUTBOUND,J2B,1,0,6.4745966079999997,4.4505719999999984,5.1148168946294099,1.7321316783168894,7.8541887238351116,6.3507028198048188,3.7164607048034668,5.3944478034973145,0.41724374890327454,-0.68722498416900635,0.05859375,0,0.37089843302965164,34,34,0,0,1,0,1,1,2.368417
332,3.922245041,PLUS_10_OUTBOUND,J2B,1,0,6.5190285276933597,4.4357400029296894,5.2068032506738939,1.7824657491293598,8.3627886159437477,6.6463656650960301,3.7266232967376709,5.3888869285583496,0.9326624870300293,-0.7608562707901001,0.05078125,0,0.32144530862569809,34,34,0,0,1,0,1,1,2.1597710000000001
333,3.93235402,PLUS_10_OUTBOUND,J2B,1,0,6.5633099731874989,4.4204775468749986,5.2675498532849492,1.8397400691157675,7.539023113894963,6.5826463881668635,3.7333345413208008,5.3825592994689941,0.34361249208450317,-0.68722498416900635,0.0703125,0,0.44507811963558197,34,34,0,0,1,0,1,1,2.2694869999999998
334,3.9422996979999998,PLUS_10_OUTBOUND,J2B,1,0,6.6074366516113301,4.4047869873046865,5.300524669011863,1.8848646369724287,6.0607872199262731,6.2559309481771903,3.7369775772094727,5.3775739669799805,-0.024543749168515205,-0.58904999494552612,0.0859375,0,0.54398436844348907,34,34,0,0,1,0,1,1,2.2311420000000002
335,3.9523569009999999,PLUS_10_OUTBOUND,J2B,1,0,6.6514042939999998,4.3886707499999993,5.3265592355648419,1.910899203525406,4.8455387755855384,5.8892027341118887,3.7398538589477539,5.3746976852416992,0.36815625429153442,-0.24543750286102295,0.08203125,0,0.5192578062415123,34,34,0,0,1,0,1,1,2.2774200000000002
336,3.9621497149999998,PLUS_10_OUTBOUND,J2B,1,0,6.6952086559980462,4.3721313310546863,5.3508587398243348,1.9299892048290896,4.0180764654812826,5.5484185353723241,3.7425384521484375,5.3725886344909668,0.049087498337030411,-0.14726249873638153,0.08203125,0,0.5192578062415123,34,34,0,0,1,0,1,1,2.0595629999999998
337,3.9723521819999998,PLUS_10_OUTBOUND,J2B,1,0,6.7388455185624982,4.3551712968749987,5.3820984932577645,1.9473441438392889,3.6834428236187833,5.2997747164225055,3.7459897994995117,5.370671272277832,0.22089375555515289,-0.19634999334812164,0.07421875,0,0.46980468183755875,34,34,0,0,1,0,1,1,2.267312
338,3.9823138089999999,PLUS_10_OUTBOUND,J2B,1,0,6.7823106886660156,4.3377932841796838,5.418545591609325,1.9629683366313611,3.6748001795401777,5.1356722002625323,3.750016450881958,5.3689451217651367,0.46633124351501465,0.26998123526573181,0.08203125,0,0.5192578062415123,34,34,0,0,1,0,1,1,2.2225619999999999
339,3.99225311,PLUS_10_OUTBOUND,J2B,1,0,6.8256000000000014,4.3199999999999994,5.451522565373919,1.9855284625220133,3.5498628255805107,4.9538886113446772,3.753659725189209,5.366452693939209,0.34361249208450317,-0.14726249873638153,0.08203125,0,0.5192578062415123,34,34,0,0,1,0,1,1,2.1681159999999999
340,4.0022714730000004,PLUS_10_OUTBOUND,J2B,1,0,6.8687093136777353,4.3017942216796889,5.477557131926897,2.015033153661959,3.2169504783374556,4.7183682192702445,3.7565360069274902,5.3631930351257324,0.098174996674060822,-0.24543750286102295,0.09375,0,0.59343749284744263,34,34,0,0,1,0,1,1,2.1816089999999999
341,4.0122986599999999,PLUS_10_OUTBOUND,J2B,1,0,6.9116345189374968,4.2831787968750001,5.496649291268259,2.0532174723446834,2.7574316086750912,4.436935339559148,3.7586452960968018,5.3589744567871094,0.34361249208450317,-0.29452499747276306,0.1015625,0,0.64289061725139618,34,34,0,0,1,0,1,1,2.2401629999999999
342,4.0222448679999996,PLUS_10_OUTBOUND,J2B,1,0,6.9543715338457046,4.2641566435546867,5.51053410569149,2.0983420402013446,2.2809273101676664,4.1328408811829069,3.7601792812347412,5.3539891242980957,-0.14726249873638153,-0.80994373559951782,0.08984375,0,0.56871093064546585,34,34,0,0,1,0,1,1,2.1608130000000001
343,4.0321859609999997,PLUS_10_OUTBOUND,J2B,1,0,6.996916306000001,4.2447307499999987,5.5278890447016886,2.1365263588840686,2.0936249655214199,3.8941345684681696,3.762096643447876,5.3497705459594727,-0.049087498337030411,-0.58904999494552612,0.10546875,0,0.66761717945337296,34,34,0,0,1,0,1,1,2.096543
344,4.0422443279999998,PLUS_10_OUTBOUND,J2B,1,0,7.039264813232422,4.2249041748046912,5.5487162663365348,2.1729756152733084,2.0855789954294792,3.7117847595757971,3.7643976211547852,5.3457436561584473,-0.22089375555515289,-0.83448749780654907,0.09375,0,0.59343749284744263,34,34,0,0,1,0,1,1,2.1477460000000002
345,4.0522770870000002,PLUS_10_OUTBOUND,J2B,1,0,7.0814130643124953,4.2046800468750023,5.5747508328895119,2.2181001831299691,2.2638608908412454,3.6001018675645273,3.7672739028930664,5.3407583236694336,0.34361249208450317,-0.90811872482299805,0.08984375,0,0.56871093064546585,34,34,0,0,1,0,1,1,2.1233599999999999
346,4.0622949410000002,PLUS_10_OUTBOUND,J2B,1,0,7.1233570996503932,4.1840615654296869,5.6111979312410742,2.2805796899968298,2.7448845377003126,3.6039130975662186,3.7713005542755127,5.3338556289672852,0.44178751111030579,-0.83448749780654907,0.0859375,0,0.54398436844348907,34,34,0,0,1,0,1,1,2.1992759999999998
347,4.0723619800000002,PLUS_10_OUTBOUND,J2B,1,0,7.1650929919999982,4.1630520000000004,5.6563246571354133,2.3413284506455629,3.3530924895106375,3.6917839420968641,3.7762861251831055,5.3271441459655762,0.34361249208450317,-0.85903126001358032,0.08203125,0,0.5192578062415123,34,34,0,0,1,0,1,1,2.3597250000000001
348,4.0822689260000002,PLUS_10_OUTBOUND,J2B,1,0,7.2066168471621079,4.1416546904296876,5.6927717554869739,2.3777733909594456,3.4671404760183346,3.6904999358404407,3.7803127765655518,5.323117733001709,0.41724374890327454,-0.61359375715255737,0.09375,0,0.59343749284744263,34,34,0,0,1,0,1,1,2.1787399999999999
349,4.0923442659999996,PLUS_10_OUTBOUND,J2B,1,0,7.2479248046875,4.119873046875,5.713598977121821,2.4055430198059078,2.9771432033625898,3.5281647690994458,3.7826137542724609,5.3200497627258301,0.44178751111030579,-0.63813751935958862,0.1015625,0,0.64289061725139618,34,34,0,0,1,0,1,1,2.2594560000000001
350,4.1021400860000004,PLUS_10_OUTBOUND,J2B,1,0,7.2890130385800767,4.09771054980469,5.7292188538385362,2.4333126486523691,2.493233864871554,3.3348028015283213,3.784339427947998,5.3169817924499512,0.049087498337030411,-0.78539997339248657,0.109375,0,0.69234374165534973,34,34,0,0,1,0,1,1,2.0571570000000001
351,4.112273568,PLUS_10_OUTBOUND,J2B,1,0,7.3298777579999985,4.0751707499999963,5.7413686059682822,2.4645567181611563,2.0402418995626936,3.1212196320601131,3.7856817245483398,5.3135299682617188,0,-0.63813751935958862,0.109375,0,0.69234374165534973,34,34,0,0,1,0,1,1,2.1807609999999999
352,4.1222669569999999,PLUS_10_OUTBOUND,J2B,1,0,7.3705152079667977,4.0522572685546905,5.7517811377668666,2.5027367207685232,1.6908369374176633,2.913291869626077,3.7868320941925049,5.3093118667602539,-0.22089375555515289,-0.73631250858306885,0.109375,0,0.69234374165534973,34,34,0,0,1,0,1,1,2.2647189999999999
353,4.1323615880000002,PLUS_10_OUTBOUND,J2B,1,0,7.410921670062498,4.0289737968750039,5.7708732971082286,2.5374509148642792,1.7610053796258045,2.8110945027504188,3.7889413833618164,5.3054766654968262,0.53996247053146362,-0.41724374890327454,0.10546875,0,0.66761717945337296,34,34,0,0,1,0,1,1,2.3017829999999999
354,4.1422168340000001,PLUS_10_OUTBOUND,J2B,1,0,7.4510934631347645,4.0053240966796899,5.7882303941561064,2.5686906682977098,1.7610748389289834,2.7061054359531513,3.7908589839935303,5.302025318145752,-0.14726249873638153,-0.7117687463760376,0.10546875,0,0.66761717945337296,34,34,0,0,1,0,1,1,2.2151709999999998
355,4.1523370499999999,PLUS_10_OUTBOUND,J2B,1,0,7.4910269440000041,3.9813119999999969,5.814262802671406,2.5929901725572022,2.045009763204392,2.6927266403294228,3.7937350273132324,5.2993407249450684,0.098174996674060822,-0.80994373559951782,0.09375,0,0.59343749284744263,34,34,0,0,1,0,1,1,2.255897
356,4.162271133,PLUS_10_OUTBOUND,J2B,1,0,7.5307185081464825,3.9569414091796906,5.8489748387294833,2.6155546145232114,2.5522391438234142,2.772877632793783,3.7975699901580811,5.2968478202819824,0.24543750286102295,-0.41724374890327454,0.08984375,0,0.56871093064546585,34,34,0,0,1,0,1,1,2.2701229999999999
357,4.1721582240000004,PLUS_10_OUTBOUND,J2B,1,0,7.5701645904375017,3.9322162968749996,5.8975716892107908,2.6467943679566415,3.379269099792916,2.9871080570308894,3.8029389381408691,5.2933964729309082,0.78539997339248657,-0.34361249208450317,0.0859375,0,0.54398436844348907,34,34,0,0,1,0,1,1,2.0515750000000001
358,4.1822699989999998,PLUS_10_OUTBOUND,J2B,1,0,7.6093616658144523,3.9071407060546925,5.939226132480484,2.6919189358133031,3.6383148226109077,3.1003372249693752,3.8075408935546875,5.2884111404418945,0.46633124351501465,-0.73631250858306885,0.1015625,0,0.64289061725139618,34,34,0,0,1,0,1,1,2.1796570000000002
359,4.1923376750000001,PLUS_10_OUTBOUND,J2B,1,0,7.6483062499999992,3.8817187500000006,5.9722031062450771,2.7457231312127424,3.5113400998041606,3.1178564925030292,3.8111841678619385,5.2824668884277344,-0.098174996674060822,-0.58904999494552612,0.1015625,0,0.64289061725139618,34,34,0,0,1,0,1,1,2.2051479999999999
360,4.2022676900000002,PLUS_10_OUTBOUND,J2B,1,0,7.6869949002011717,3.8559546123046884,6.0051800800096693,2.7856425121889501,3.4446997036116311,3.1381647400352768,3.8148274421691895,5.2780566215515137,0.14726249873638153,-0.7117687463760376,0.08984375,0,0.56871093064546585,34,34,0,0,1,0,1,1,2.2660339999999999
361,4.2123362980000003,PLUS_10_OUTBOUND,J2B,1,0,7.7254242158125024,3.8298525468749989,6.0555119927844618,2.8151472033288969,3.9886680082167603,3.324237751994378,3.8203880786895752,5.2747969627380371,0.61359375715255737,-0.4908750057220459,0.0859375,0,0.54398436844348907,34,34,0,0,1,0,1,1,2.2503709999999999
362,4.2222367629999997,PLUS_10_OUTBOUND,J2B,1,0,7.7635908391191402,3.8034168779296862,6.1266711271940997,2.8394467075883894,5.1082430220353334,3.7105593529933514,3.8282496929168701,5.2721123695373535,0.83448749780654907,-0.31906875967979431,0.0703125,0,0.44507811963558197,34,34,0,0,1,0,1,1,2.1460569999999999
363,4.2323326589999999,PLUS_10_OUTBOUND,J2B,1,0,7.8014914560000008,3.7766520000000003,6.1856826675116707,2.8689513987283362,5.3661436094157393,3.9240136020062373,3.8347692489624023,5.268852710723877,0.39269998669624329,-0.7117687463760376,0.0859375,0,0.54398436844348907,34,34,0,0,1,0,1,1,2.3463820000000002
364,4.2421313329999997,PLUS_10_OUTBOUND,J2B,1,0,7.839122796630857,3.7495623779296916,6.2203947035697471,2.8984560898682812,4.7278766834296455,3.885864623894018,3.838604211807251,5.2655930519104004,0.12271875143051147,-0.39269998669624329,0.0859375,0,0.54398436844348907,34,34,0,0,1,0,1,1,2.1818249999999999
365,4.2522354800000004,PLUS_10_OUTBOUND,J2B,1,0,7.8764816361874974,3.7221525468750061,6.2689915540510555,2.9435806577249428,4.756477941499301,3.9782376178674825,3.8439731597900391,5.2606077194213867,0.24543750286102295,-0.90811872482299805,0.08203125,0,0.5192578062415123,34,34,0,0,1,0,1,1,2.1099209999999999
366,4.2622666750000002,PLUS_10_OUTBOUND,J2B,1,0,7.9135647955488313,3.6944271123046835,6.3401506884606933,2.9887052255816036,5.5745351951805766,4.2897922941396001,3.851834774017334,5.255622386932373,0.61359375715255737,-0.63813751935958862,0.06640625,0,0.42035155743360519,34,34,0,0,1,0,1,1,2.31569
367,4.2723284140000004,PLUS_10_OUTBOUND,J2B,1,0,7.9503691420000013,3.6663907499999993,6.3991600707405869,3.026889544264328,5.6761033669334946,4.4472860618873886,3.8583540916442871,5.25140380859375,-0.049087498337030411,-0.46633124351501465,0.08203125,0,0.5192578062415123,34,34,0,0,1,0,1,1,2.2184059999999999
368,4.2822632980000002,PLUS_10_OUTBOUND,J2B,1,0,7.9868915899355475,3.638048206054687,6.4494941415530569,3.0563942354042739,5.4627062906809822,4.5091971991769961,3.863914966583252,5.2481441497802734,0.26998123526573181,-0.56450623273849487,0.07421875,0,0.46980468183755875,34,34,0,0,1,0,1,1,2.2067990000000002
369,4.2922945849999996,PLUS_10_OUTBOUND,J2B,1,0,8.0231291015624979,3.6094042968749984,6.5102385861264329,3.0858989265442203,5.6701836055258825,4.6638273411402231,3.8706259727478027,5.2448844909667969,0.51541876792907715,-0.29452499747276306,0.0703125,0,0.44507811963558197,34,34,0,0,1,0,1,1,2.1769669999999999
370,4.3021895800000003,PLUS_10_OUTBOUND,J2B,1,0,8.0590786876035185,3.5804639091796875,6.5900773480788493,3.125818307520428,6.5096295308980112,5.004304660542255,3.8794465065002441,5.2404742240905762,0.9326624870300293,-0.51541876792907715,0.05859375,0,0.37089843302965164,34,34,0,0,1,0,1,1,2.187068
371,4.312173563,PLUS_10_OUTBOUND,J2B,1,0,8.0947374079999985,3.5512319999999997,6.6473516680652569,3.1883021304626458,6.239076315289469,5.0775362288325336,3.8857741355895996,5.2335710525512695,0.9326624870300293,-0.83448749780654907,0.06640625,0,0.42035155743360519,34,34,0,0,1,0,1,1,2.0720390000000002
372,4.3222733030000002,PLUS_10_OUTBOUND,J2B,1,0,8.1301023726152302,3.5217135966796853,6.6942134562530811,3.2542517619164739,5.6793647630252009,5.0337726511170073,3.89095139503479,5.2262849807739258,0.29452499747276306,-1.1780999898910522,0.0703125,0,0.44507811963558197,34,34,0,0,1,0,1,1,2.182884
373,4.3323392700000003,PLUS_10_OUTBOUND,J2B,1,0,8.1651707419375015,3.4919137968749991,6.7532228385329729,3.3045858327289452,5.743380410802601,5.116622047387084,3.8974707126617432,5.2207241058349609,0.22089375555515289,-0.39269998669624329,0.06640625,0,0.42035155743360519,34,34,0,0,1,0,1,1,2.3373680000000001
374,4.3422639859999999,PLUS_10_OUTBOUND,J2B,1,0,8.1999397277832031,3.4618377685546875,6.8157045034375114,3.3583900281283845,5.9366439668153639,5.2345160425894255,3.9043736457824707,5.2147798538208008,0.44178751111030579,-0.46633124351501465,0.05859375,0,0.37089843302965164,34,34,0,0,1,0,1,1,2.179335
375,4.3523136530000004,PLUS_10_OUTBOUND,J2B,1,0,8.2344065940000029,3.4314907500000014,6.8556238844137205,3.4208695349952447,5.2490918423771822,5.1082853708868248,3.9087839126586914,5.2078771591186523,0.049087498337030411,-0.63813751935958862,0.08203125,0,0.5192578062415123,34,34,0,0,1,0,1,1,2.3115109999999999
376,4.3622659529999996,PLUS_10_OUTBOUND,J2B,1,0,8.2685686571699204,3.4008780498046942,6.8886008581783136,3.469468543514231,4.571635672205141,4.9288071122724206,3.9124271869659424,5.2025079727172852,0.17180624604225159,-0.68722498416900635,0.0859375,0,0.54398436844348907,34,34,0,0,1,0,1,1,2.1743589999999999
377,4.3723309840000004,PLUS_10_OUTBOUND,J2B,1,0,8.3024232873124983,3.3700050468750042,6.92331289423639,3.4972381723606931,4.1786347419365795,4.7808039881889606,3.916262149810791,5.1994400024414062,0.31906875967979431,-0.46633124351501465,0.07421875,0,0.46980468183755875,34,34,0,0,1,0,1,1,2.3289040000000001
378,4.3822629900000001,PLUS_10_OUTBOUND,J2B,1,0,8.3359679085878913,3.3388771904296921,6.9667023997995665,3.5180632359578605,4.2451417579471835,4.7395890681381818,3.921055793762207,5.1971392631530762,0.95720624923706055,-0.24543750286102295,0.07421875,0,0.46980468183755875,34,34,0,0,1,0,1,1,2.1709999999999998
379,4.3923079469999999,PLUS_10_OUTBOUND,J2B,1,0,8.3692000000000011,3.307500000000001,7.0118291256939074,3.5388926156303855,4.3317086608119917,4.7148777379375986,3.9260413646697998,5.1948380470275879,0.53996247053146362,-0.39269998669624329,0.0703125,0,0.44507811963558197,34,34,0,0,1,0,1,1,2.224288
380,4.4022843859999998,PLUS_10_OUTBOUND,J2B,1,0,8.4021170960996105,3.2758790654296854,7.0430688791273361,3.5597176792275529,3.9115842230815856,4.5565252765877791,3.929492712020874,5.1925373077392578,0.024543749168515205,-0.36815625429153442,0.07421875,0,0.46980468183755875,34,34,0,0,1,0,1,1,2.2413889999999999
381,4.4123242559999998,PLUS_10_OUTBOUND,J2B,1,0,8.4347167876874973,3.2440200468750047,7.062161038468699,3.5857522457805309,3.2081016866195098,4.2910361608194236,3.9316020011901855,5.1896610260009766,-0.098174996674060822,-0.61359375715255737,0.0859375,0,0.54398436844348907,34,34,0,0,1,0,1,1,2.3297509999999999
382,4.4222684489999997,PLUS_10_OUTBOUND,J2B,1,0,8.4669967225175817,3.2119286748046849,7.0795159774788985,3.6169963152893181,2.6960978303176839,4.0364558973131963,3.9335193634033203,5.1862092018127441,0.22089375555515289,-0.63813751935958862,0.08203125,0,0.5192578062415123,34,34,0,0,1,0,1,1,2.1766610000000002
383,4.4322142710000003,PLUS_10_OUTBOUND,J2B,1,0,8.4989546060000052,3.1796107499999948,7.0899306673151603,3.6551763178966845,2.1189633564116912,3.7375245266405046,3.9346699714660645,5.1819911003112793,-0.46633124351501465,-0.53996247053146362,0.08984375,0,0.56871093064546585,34,34,0,0,1,0,1,1,2.1694309999999999
384,4.4422945629999999,PLUS_10_OUTBOUND,J2B,1,0,8.530588201904294,3.1470721435546922,7.1038154817383905,3.6864203874054717,1.8594238280582753,3.5015142586595047,3.9362039566040039,5.1785392761230469,-0.049087498337030411,-0.36815625429153442,0.08984375,0,0.56871093064546585,34,34,0,0,1,0,1,1,2.2028029999999998
385,4.4522431569999998,PLUS_10_OUTBOUND,J2B,1,0,8.5618953330624983,3.1143187968750041,7.1194353584551058,3.712450637883093,1.7581460386644407,3.3083687043440007,3.937929630279541,5.1756634712219238,0.26998123526573181,-0.22089375555515289,0.0859375,0,0.54398436844348907,34,34,0,0,1,0,1,1,2.1139950000000001
386,4.462291027,PLUS_10_OUTBOUND,J2B,1,0,8.5928738820722685,3.0813567216796867,7.1385275177964687,3.7332800175556176,1.8078369459260335,3.1675438398507856,3.9400389194488525,5.1733622550964355,0.34361249208450317,-0.24543750286102295,0.0859375,0,0.54398436844348907,34,34,0,0,1,0,1,1,2.196914
387,4.4723249369999998,PLUS_10_OUTBOUND,J2B,1,0,8.6235217920000036,3.0481920000000029,7.1628248640182841,3.7541050811527854,2.0226271477617859,3.0929417795542395,3.942723274230957,5.1710615158081055,0.26998123526573181,0,0.0859375,0,0.54398436844348907,34,34,0,0,1,0,1,1,2.2405719999999998
388,4.4822253329999997,PLUS_10_OUTBOUND,J2B,1,0,8.6538370670839786,3.0148307841796829,7.1940667754893912,3.7818747099992467,2.4191754890372565,3.0992098424537002,3.9461748600006104,5.1679935455322266,-0.098174996674060822,-0.34361249208450317,0.0859375,0,0.54398436844348907,34,34,0,0,1,0,1,1,2.2424170000000001
389,4.4923234699999997,PLUS_10_OUTBOUND,J2B,1,0,8.6838177734374984,2.9812792968750035,7.2409285636772163,3.8165889040950023,3.1966870176855378,3.2533525581544218,3.9513521194458008,5.1641583442687988,0.46633124351501465,-0.24543750286102295,0.07421875,0,0.46980468183755875,34,34,0,0,1,0,1,1,2.2410489999999998
390,4.5021276800000001,PLUS_10_OUTBOUND,J2B,1,0,8.7134620397519562,2.9475438310546886,7.2721683171106468,3.8651835965386319,3.1930729491086982,3.2466534130855793,3.954803466796875,5.1587896347045898,0.098174996674060822,-0.39269998669624329,0.07421875,0,0.46980468183755875,34,34,0,0,1,0,1,1,2.0785300000000002
391,4.5123179090000001,PLUS_10_OUTBOUND,J2B,1,0,8.7427680579999993,2.9136307500000003,7.298202883663623,3.9120475427641344,2.9696969774547375,3.1774736605010454,3.9576797485351562,5.1536121368408203,0.34361249208450317,-0.83448749780654907,0.0859375,0,0.54398436844348907,34,34,0,0,1,0,1,1,2.179427
392,4.5222719649999998,PLUS_10_OUTBOUND,J2B,1,0,8.7717340841386751,2.8795464873046805,7.3138227603803374,3.9415522339040803,2.4795220522820083,3.0166460135756346,3.9594054222106934,5.1503524780273438,0,-0.14726249873638153,0.09375,0,0.59343749284744263,34,34,0,0,1,0,1,1,2.1814559999999998
393,4.5323261710000002,PLUS_10_OUTBOUND,J2B,1,0,8.8003584388125056,2.8452975468750052,7.3242352921789227,3.9623772975012481,1.9741631215210478,2.8185453515145689,3.9605557918548584,5.1480517387390137,0.098174996674060822,-0.41724374890327454,0.09375,0,0.59343749284744263,34,34,0,0,1,0,1,1,2.2439659999999999
394,4.5423211840000004,PLUS_10_OUTBOUND,J2B,1,0,8.8286395080566429,2.810890502929686,7.3329149197217012,3.9797365525868047,1.5871445671348976,2.6235303986906024,3.9615147113800049,5.1461338996887207,-0.39269998669624329,-0.26998123526573181,0.09375,0,0.59343749284744263,34,34,0,0,1,0,1,1,2.231258
395,4.5523227180000001,PLUS_10_OUTBOUND,J2B,1,0,8.8565757439999988,2.7763319999999991,7.3433274515202847,3.9970914915970037,1.3960266852793832,2.4652867064334565,3.9626650810241699,5.1442165374755859,-0.17180624604225159,-0.44178751111030579,0.09375,0,0.59343749284744263,34,34,0,0,1,0,1,1,2.265415
396,4.5622745560000002,PLUS_10_OUTBOUND,J2B,1,0,8.8841656655683678,2.7416287529296879,7.3554772036500307,4.0144464306072036,1.3347166287811731,2.340843545318561,3.9640073776245117,5.1422991752624512,-0.39269998669624329,-0.26998123526573181,0.08984375,0,0.56871093064546585,34,34,0,0,1,0,1,1,2.2820550000000002
397,4.5723162339999996,PLUS_10_OUTBOUND,J2B,1,0,8.9114078591875057,2.706787546874998,7.3867169570834612,4.0387459348666956,1.9564190563125252,2.4178601186737803,3.9674587249755859,5.1396145820617676,0.049087498337030411,-0.24543750286102295,0.08203125,0,0.5192578062415123,34,34,0,0,1,0,1,1,2.2357909999999999
398,4.5822790930000004,PLUS_10_OUTBOUND,J2B,1,0,8.9383009794863284,2.6718152373046911,7.4318436829778012,4.0717207505936113,2.856995842753415,2.6290236657064803,3.9724442958831787,5.1359715461730957,0.24543750286102295,-0.53996247053146362,0.06640625,0,0.42035155743360519,34,34,0,0,1,0,1,1,2.1966139999999998
399,4.5923186449999998,PLUS_10_OUTBOUND,J2B,1,0,8.96484375,2.63671875,7.4873829406707237,4.1099050692763353,3.7932631959218339,2.9193258414592935,3.9785802364349365,5.1317529678344727,0.26998123526573181,-0.78539997339248657,0.05859375,0,0.37089843302965164,34,34,0,0,1,0,1,1,2.2373349999999999
400,4.6022825349999996,PLUS_10_OUTBOUND,J2B,1,0,8.9910349638730409,2.6015050810546825,7.5377148534455163,4.1394097604162807,4.2336222767981653,3.1325364571559278,3.9841408729553223,5.1284933090209961,0.63813751935958862,-0.29452499747276306,0.08203125,0,0.5192578062415123,34,34,0,0,1,0,1,1,2.219538
401,4.6123058769999998,PLUS_10_OUTBOUND,J2B,1,0,9.0168734845624989,2.5661812968750075,7.5672195445854626,4.1654443269692587,3.7821138384222897,3.1136426281556155,3.9874005317687988,5.1256170272827148,0.39269998669624329,-0.46633124351501465,0.07421875,0,0.46980468183755875,34,34,0,0,1,0,1,1,2.2254230000000002
402,4.6221343990000001,PLUS_10_OUTBOUND,J2B,1,0,9.0423582465410224,2.5307545341796844,7.6106112081863184,4.1862693905664266,4.0035790889142575,3.2437655350371308,3.9921944141387939,5.1233162879943848,0.4908750057220459,-0.39269998669624329,0.06640625,0,0.42035155743360519,34,34,0,0,1,0,1,1,2.0762149999999999
403,4.632298252,PLUS_10_OUTBOUND,J2B,1,0,9.0674882559999972,2.4952320000000006,7.6713556527596944,4.2088338325324353,4.6941075070173515,3.5170407241685844,3.9989054203033447,5.1208233833312988,0.73631250858306885,-0.44178751111030579,0.05078125,0,0.32144530862569809,34,34,0,0,1,0,1,1,2.3149250000000001
404,4.642227364,PLUS_10_OUTBOUND,J2B,1,0,9.0922625915527355,2.4596209716796835,7.7338373176642321,4.2400735859658649,5.2536410287021225,3.7946141229348243,4.0058083534240723,5.1173720359802246,0.56450623273849487,-0.90811872482299805,0.05859375,0,0.37089843302965164,34,34,0,0,1,0,1,1,2.1354959999999998
405,4.6521991030000001,PLUS_10_OUTBOUND,J2B,1,0,9.1166804049374974,2.4239287968750034,7.7772268232274087,4.279992966942074,4.9378033346794012,3.8502774723622051,4.0106019973754883,5.1129617691040039,0,-1.0553812980651855,0.0703125,0,0.44507811963558197,34,34,0,0,1,0,1,1,2.100752
406,4.662267817,PLUS_10_OUTBOUND,J2B,1,0,9.1407409217207061,2.3881628935546839,7.8154111419101335,4.3337971623415132,4.5369027023997601,3.8444870207997415,4.0148205757141113,5.1070175170898438,-0.024543749168515205,-0.78539997339248657,0.05859375,0,0.37089843302965164,34,34,0,0,1,0,1,1,2.1744150000000002
407,4.672313054,PLUS_10_OUTBOUND,J2B,1,0,9.1644434419999996,2.3523307500000001,7.8692153373095737,4.3858662954474674,4.8236531670989073,3.9956572931594998,4.0207648277282715,5.1012649536132812,0.024543749168515205,-1.0799249410629272,0.05859375,0,0.37089843302965164,34,34,0,0,1,0,1,1,2.2421380000000002
408,4.6822721339999998,PLUS_10_OUTBOUND,J2B,1,0,9.1877873411074162,2.3164399248046896,7.9230195327090112,4.4223112357613505,5.0262588963044701,4.1363442317550305,4.0267090797424316,5.0972385406494141,0.29452499747276306,-0.34361249208450317,0.05859375,0,0.37089843302965164,34,34,0,0,1,0,1,1,2.2704680000000002
409,4.6921339270000004,PLUS_10_OUTBOUND,J2B,1,0,9.2107720703124976,2.2804980468749969,7.9594644730228952,4.457025429857107,4.5605175681242329,4.092266747301335,4.0307354927062988,5.0934033393859863,0.44178751111030579,-0.61359375715255737,0.0703125,0,0.44507811963558197,34,34,0,0,1,0,1,1,2.145915
410,4.7022867220000002,PLUS_10_OUTBOUND,J2B,1,0,9.2333971575253884,2.2445128154296823,7.9785587904019364,4.4986798731267994,3.6225798963394897,3.871109637445127,4.0328450202941895,5.088801383972168,0.12271875143051147,-0.85903126001358032,0.0703125,0,0.44507811963558197,34,34,0,0,1,0,1,1,2.1733199999999999
411,4.7123180229999999,PLUS_10_OUTBOUND,J2B,1,0,9.2556622079999951,2.2084920000000041,7.99764879170562,4.5507490062327536,3.0207421275828641,3.6743030151183849,4.0349540710449219,5.0830488204956055,0.34361249208450317,-0.83448749780654907,0.0703125,0,0.44507811963558197,34,34,0,0,1,0,1,1,2.3161299999999998
412,4.7222756300000004,PLUS_10_OUTBOUND,J2B,1,0,9.277566905037105,2.1724434404296877,8.0115336061288502,4.6010787609698678,2.4515198248695143,3.4463119827324471,4.0364880561828613,5.0774884223937988,-0.073631249368190765,-0.63813751935958862,0.0703125,0,0.44507811963558197,34,34,0,0,1,0,1,1,2.1226660000000002
413,4.7322016360000001,PLUS_10_OUTBOUND,J2B,1,0,9.2991110106875006,2.1363750468749965,8.0288885451390488,4.6375280173591076,2.2054388212713771,3.2765239087752578,4.0384054183959961,5.0734615325927734,0.073631249368190765,-0.4908750057220459,0.0703125,0,0.44507811963558197,34,34,0,0,1,0,1,1,2.2221150000000001
414,4.7422237359999997,PLUS_10_OUTBOUND,J2B,1,0,9.3202943664550766,2.1002947998046873,8.0531880493985426,4.6705028330860223,2.2821424609367984,3.1913307256435619,4.0410900115966797,5.0698184967041016,0.22089375555515289,-0.63813751935958862,0.06640625,0,0.42035155743360519,34,34,0,0,1,0,1,1,2.1303580000000002
415,4.7522961209999997,PLUS_10_OUTBOUND,J2B,1,0,9.341116894000006,2.0642107499999973,8.082692740538489,4.7086871517687463,2.5086355682783319,3.165124215556181,4.0443496704101562,5.0655999183654785,0.26998123526573181,-0.44178751111030579,0.06640625,0,0.42035155743360519,34,34,0,0,1,0,1,1,2.213797
416,4.7621200320000003,PLUS_10_OUTBOUND,J2B,1,0,9.3615785958417987,2.0281310185546797,8.1226121215146971,4.7694315963421223,3.0528352203009961,3.2549609656920149,4.048759937286377,5.0588889122009277,0.7117687463760376,-0.9326624870300293,0.05859375,0,0.37089843302965164,34,34,0,0,1,0,1,1,1.982267
417,4.7723119650000001,PLUS_10_OUTBOUND,J2B,1,0,9.3816795560624975,1.9920637968749988,8.1607964401974211,4.8353855438713085,3.2956261933266142,3.3041172405888042,4.052978515625,5.0516023635864258,0.073631249368190765,-1.0553812980651855,0.05859375,0,0.37089843302965164,34,34,0,0,1,0,1,1,2.2299180000000001
418,4.7822726099999997,PLUS_10_OUTBOUND,J2B,1,0,9.4014199410097667,1.9560173466796904,8.1937712559243359,4.8805101117279692,3.3008355554583737,3.3047565250430884,4.0566215515136719,5.0466170310974121,0.12271875143051147,-0.26998123526573181,0.0546875,0,0.34617187082767487,34,34,0,0,1,0,1,1,2.2733620000000001
419,4.7922027150000002,PLUS_10_OUTBOUND,J2B,1,0,9.4207999999999981,1.9200000000000017,8.2163356978903437,4.9239039333665033,2.9408574292855008,3.2015135348923676,4.0591144561767578,5.0418229103088379,-0.19634999334812164,-0.14726249873638153,0.05859375,0,0.37089843302965164,34,34,0,0,1,0,1,1,2.1171570000000002
420,4.8022837120000004,PLUS_10_OUTBOUND,J2B,1,0,9.4398200660214862,1.8840201591796912,8.2354256991940282,4.9724986258101325,2.5743390416270442,3.0707283850006935,4.0612235069274902,5.0364542007446289,-0.12271875143051147,-0.36815625429153442,0.05859375,0,0.37089843302965164,34,34,0,0,1,0,1,1,2.192037
