tick,timestamp_s,phase,active_motor,active_id,other_id,q_ref_deg,dq_ref_deg_s,q_active_deg,q_other_deg,velocity_fast_deg_s,velocity_slow_deg_s,active_q_raw,other_q_raw,active_dq_raw,other_dq_raw,active_tau_raw,other_tau_raw,logical_tau_nm,active_temp_c,other_temp_c,active_merror,other_merror,active_mode,other_mode,active_valid,other_valid,cycle_ms
0,0.60217888600000002,INITIAL_FOC_HOLD,J2B,1,0,0,0,0,-0.003470124586968484,0,0,2.414874792098999,5.7474560737609863,-0.049087498337030411,0.46633124351501465,0,0,0,34,34,0,0,1,0,1,1,1.807164
1,0.61213296699999997,INITIAL_FOC_HOLD,J2B,1,0,0,0,0,-0.001735062293484242,0,0,2.414874792098999,5.7472643852233887,-0.17180624604225159,-0.049087498337030411,-0.00390625,0,-0.024726562201976776,34,34,0,0,1,0,1,1,1.584891
2,0.62219345199999998,INITIAL_FOC_HOLD,J2B,1,0,0,0,-0.001735062293484242,-0,-0.060362080229679205,-0.017246308637051202,2.4146831035614014,5.747072696685791,-0.46633124351501465,-0.24543750286102295,0,0,0,34,34,0,0,1,0,1,1,1.631559
3,0.63217725700000005,INITIAL_FOC_HOLD,J2B,1,0,0,0,0,-0,0.021590335323518783,0.0018570900760282796,2.414874792098999,5.747072696685791,-0.22089375555515289,-0.24543750286102295,0,0,0,34,34,0,0,1,0,1,1,1.6049659999999999
4,0.64212508099999999,INITIAL_FOC_HOLD,J2B,1,0,0,0,0.0017372203311627052,-0,0.075155337714210332,0.019134700998117777,2.4150667190551758,5.747072696685791,0.049087498337030411,-0.34361249208450317,-0.00390625,0,-0.024726562201976776,34,34,0,0,1,0,1,1,1.5646519999999999
5,0.65219329400000003,INITIAL_FOC_HOLD,J2B,1,0,0,0,0,-0,-0.011539798530394822,-3.3274257303012034e-05,2.414874792098999,5.747072696685791,-0.29452499747276306,-0.26998123526573181,-0.00390625,0,-0.024726562201976776,33,34,0,0,1,0,1,1,1.6577820000000001
6,0.66218353699999999,INITIAL_FOC_HOLD,J2B,1,0,0,0,-0.001735062293484242,-0,-0.068287358694656783,-0.017397515302972753,2.4146831035614014,5.747072696685791,-0.63813751935958862,0.073631249368190765,0.00390625,0,0.024726562201976776,34,34,0,0,1,0,1,1,1.612636
7,0.67218407400000002,INITIAL_FOC_HOLD,J2B,1,0,0,0,0.0034722826246469467,-0,0.13786050230383512,0.03641288921457083,2.4152584075927734,5.747072696685791,0.44178751111030579,-0.36815625429153442,0,0,0,34,34,0,0,1,0,1,1,1.6292
8,0.68206739500000002,INITIAL_FOC_HOLD,J2B,1,0,0,0,-0.001735062293484242,-0.001735062293484242,-0.094799408314005809,-0.01991660965302873,2.4146831035614014,5.7472643852233887,-0.46633124351501465,0,0,0,0,34,34,0,0,1,0,1,1,1.5176289999999999
9,0.69206865100000003,INITIAL_FOC_HOLD,J2B,1,0,0,0,0,-0.001735062293484242,-0.00090006150812473734,-0.0005765047174461288,2.414874792098999,5.7472643852233887,-0.24543750286102295,-0.34361249208450317,0,0,0,34,34,0,0,1,0,1,1,1.6218030000000001
10,0.70205935200000003,INITIAL_FOC_HOLD,J2B,1,0,0,0,0.0017372203311627052,-0.001735062293484242,0.060274264677815215,0.01686951851375457,2.4150667190551758,5.7472643852233887,-0.31906875967979431,0.12271875143051147,-0.0078125,0,-0.049453124403953552,33,34,0,0,1,0,1,1,1.6138490000000001
11,0.71205710700000002,INITIAL_FOC_HOLD,J2B,1,0,0,0,0,-0.001735062293484242,-0.021638092824026907,-0.0021935375846514043,2.414874792098999,5.7472643852233887,-0.36815625429153442,0,0,0,0,34,34,0,0,1,0,1,1,1.632282
12,0.72217521699999998,INITIAL_FOC_HOLD,J2B,1,0,0,0,0,-0.003470124586968484,-0.014064760335617489,-0.0019741838261862639,2.414874792098999,5.7474560737609863,-0.19634999334812164,0.44178751111030579,0,0,0,34,34,0,0,1,0,1,1,1.7339880000000001
13,0.732204403,INITIAL_FOC_HOLD,J2B,1,0,0,0,0.0017372203311627052,-0,0.051483675002495781,0.015544882905188694,2.4150667190551758,5.747072696685791,0.024543749168515205,-0.26998123526573181,0.00390625,0,0.024726562201976776,34,34,0,0,1,0,1,1,1.7718689999999999
14,0.74221053299999995,INITIAL_FOC_HOLD,J2B,1,0,0,0,-0.001735062293484242,-0.001735062293484242,-0.087991050926498851,-0.020711159579079069,2.4146831035614014,5.7472643852233887,-0.24543750286102295,0.073631249368190765,0,0,0,34,34,0,0,1,0,1,1,1.770513
15,0.75216959900000002,INITIAL_FOC_HOLD,J2B,1,0,0,0,0.0017372203311627052,-0.001735062293484242,0.064835223935184941,0.016225501246660039,2.4150667190551758,5.7472643852233887,0.073631249368190765,0.098174996674060822,0,0,0,34,34,0,0,1,0,1,1,1.7297709999999999
16,0.76215114699999997,INITIAL_FOC_HOLD,J2B,1,0,0,0,0.0017372203311627052,-0,0.042142895557870215,0.014602951121994036,2.4150667190551758,5.747072696685791,-0.024543749168515205,-0.44178751111030579,0,0,0,34,34,0,0,1,0,1,1,1.7255929999999999
17,0.77212308299999999,INITIAL_FOC_HOLD,J2B,1,0,0,0,0.0017372203311627052,-0,0.027392882112615639,0.013142656009794633,2.4150667190551758,5.747072696685791,0.024543749168515205,-0.36815625429153442,0.0078125,0,0.049453124403953552,34,34,0,0,1,0,1,1,1.6801889999999999
18,0.78219945499999999,INITIAL_FOC_HOLD,J2B,1,0,0,0,0.0017372203311627052,-0.001735062293484242,0.017805373373200165,0.01182839040881517,2.4150667190551758,5.7472643852233887,0,0.073631249368190765,0,0,0,33,34,0,0,1,0,1,1,1.7571399999999999
19,0.79225651500000005,INITIAL_FOC_HOLD,J2B,1,0,0,0,0.0017372203311627052,-0,0.011573492692580107,0.010645551367933654,2.4150667190551758,5.747072696685791,-0.024543749168515205,-0.24543750286102295,0,0,0,34,34,0,0,1,0,1,1,1.8180590000000001
20,0.80311360899999995,INITIAL_FOC_HOLD,J2B,1,0,0,0,-0.001735062293484242,-0,-0.10441316017710324,-0.022400698176654091,2.4146831035614014,5.747072696685791,-0.61359375715255737,-0.24543750286102295,0.00390625,0,0.024726562201976776,34,34,0,0,1,0,1,1,2.4448080000000001
21,0.81219928100000005,INITIAL_FOC_HOLD,J2B,1,0,0,0,0,-0.001735062293484242,-0.0010301515490242497,-0.0010639419115335801,2.414874792098999,5.7472643852233887,-0.29452499747276306,-0.024543749168515205,0,0,0,34,34,0,0,1,0,1,1,1.639286
22,0.82320457000000002,INITIAL_FOC_HOLD,J2B,1,0,0,0,0.0017372203311627052,-0,0.054579029303539597,0.01482777451116417,2.4150667190551758,5.747072696685791,0.12271875143051147,-0.24543750286102295,0,0,0,34,34,0,0,1,0,1,1,2.6039680000000001
23,0.83311926700000005,INITIAL_FOC_HOLD,J2B,1,0,0,0,0.0017372203311627052,-0.001735062293484242,0.03547636904730074,0.013344997060047754,2.4150667190551758,5.7472643852233887,-0.024543749168515205,0.073631249368190765,-0.00390625,0,-0.024726562201976776,34,34,0,0,1,0,1,1,2.5191620000000001
24,0.84319406500000005,INITIAL_FOC_HOLD,J2B,1,0,0,0,-0.001735062293484242,-0.001735062293484242,-0.097567981499497761,-0.022454537326026522,2.4146831035614014,5.7472643852233887,-0.73631250858306885,0,0,0,0,34,34,0,0,1,0,1,1,2.5824479999999999
25,0.85223181699999995,INITIAL_FOC_HOLD,J2B,1,0,0,0,0.0017372203311627052,-0,0.071049971903407311,0.018210676371742094,2.4150667190551758,5.747072696685791,-0.024543749168515205,-0.26998123526573181,0,0,0,34,34,0,0,1,0,1,1,1.6310830000000001
26,0.86221209200000004,INITIAL_FOC_HOLD,J2B,1,0,0,0,0,-0,-0.014740400238175806,-0.00101692897268656,2.414874792098999,5.747072696685791,-0.36815625429153442,-0.34361249208450317,0,0,0,34,34,0,0,1,0,1,1,1.7493030000000001
27,0.872105091,INITIAL_FOC_HOLD,J2B,1,0,0,0,0.0017372203311627052,-0.001735062293484242,0.051879083256415159,0.016644862042076221,2.4150667190551758,5.7472643852233887,-0.24543750286102295,0.024543749168515205,0,0,0,33,34,0,0,1,0,1,1,1.624436
28,0.88216835699999996,INITIAL_FOC_HOLD,J2B,1,0,0,0,0.0017372203311627052,-0,0.033721404116669858,0.0149803758378686,2.4150667190551758,5.747072696685791,-0.024543749168515205,0.024543749168515205,0,0,0,34,34,0,0,1,0,1,1,1.744221
29,0.89219105399999998,INITIAL_FOC_HOLD,J2B,1,0,0,0,0,-0.001735062293484242,-0.038746107518523983,-0.0038505246585923743,2.414874792098999,5.7472643852233887,-0.36815625429153442,0,-0.00390625,0,-0.024726562201976776,34,34,0,0,1,0,1,1,1.7506029999999999
30,0.90215907500000003,INITIAL_FOC_HOLD,J2B,1,0,0,0,0.0017372203311627052,-0.001735062293484242,0.035812806492738686,0.01396246391577523,2.4150667190551758,5.7472643852233887,0.073631249368190765,0.049087498337030411,0,0,0,34,34,0,0,1,0,1,1,1.7161219999999999
31,0.91218769200000005,INITIAL_FOC_HOLD,J2B,1,0,0,0,-0.001735062293484242,-0,-0.097904777958856742,-0.022057525955555695,2.4146831035614014,5.747072696685791,-0.56450623273849487,-0.31906875967979431,-0.0078125,0,-0.049453124403953552,34,34,0,0,1,0,1,1,1.763004
32,0.922095263,INITIAL_FOC_HOLD,J2B,1,0,0,0,0,-0,-0.0023443937513854401,-0.0023392842394654272,2.414874792098999,5.747072696685791,-0.19634999334812164,-0.29452499747276306,0,0,0,34,34,0,0,1,0,1,1,1.6552640000000001
33,0.93208250400000003,INITIAL_FOC_HOLD,J2B,1,0,0,0,-0.001735062293484242,-0,-0.062328617004993647,-0.019478144691688348,2.4146831035614014,5.747072696685791,-0.4908750057220459,-0.36815625429153442,0,0,0,33,34,0,0,1,0,1,1,1.6586689999999999
34,0.94218694700000005,INITIAL_FOC_HOLD,J2B,1,0,0,0,0,-0,0.019585882185907795,-0.00035904929704703645,2.414874792098999,5.747072696685791,-0.22089375555515289,-0.36815625429153442,0,0,0,34,34,0,0,1,0,1,1,1.74637
35,0.95215273899999997,INITIAL_FOC_HOLD,J2B,1,0,0,0,0,-0,0.012730823420840066,-0.0003231443673423328,2.414874792098999,5.747072696685791,-0.24543750286102295,-0.46633124351501465,-0.00390625,0,-0.024726562201976776,34,34,0,0,1,0,1,1,1.7130350000000001
36,0.96225944200000002,INITIAL_FOC_HOLD,J2B,1,0,0,0,0.0017372203311627052,-0,0.068435813264312029,0.01689796379532504,2.4150667190551758,5.747072696685791,-0.049087498337030411,-0.39269998669624329,0,0,0,34,34,0,0,1,0,1,1,1.8325670000000001
37,0.97321554200000004,INITIAL_FOC_HOLD,J2B,1,0,0,0,0,-0,-0.01101339591630339,-0.00064802530938066691,2.414874792098999,5.747072696685791,-0.68722498416900635,-0.29452499747276306,0,0,0,34,34,0,0,1,0,1,1,2.611863
38,0.98219767400000002,INITIAL_FOC_HOLD,J2B,1,0,0,0,0,-0.001735062293484242,-0.007158707345597203,-0.0005832227784426002,2.414874792098999,5.7472643852233887,-0.26998123526573181,0.098174996674060822,-0.0078125,0,-0.049453124403953552,34,34,0,0,1,0,1,1,1.592843
39,0.99320986700000002,INITIAL_FOC_HOLD,J2B,1,0,0,0,0,-0.001735062293484242,-0.0046531597746381822,-0.00052490050059834014,2.414874792098999,5.7472643852233887,-0.17180624604225159,0.073631249368190765,0,0,0,33,34,0,0,1,0,1,1,2.6082689999999999
40,1.0020189770000001,INITIAL_FOC_HOLD,J2B,1,0,0,0,0,-0,-0.0030245538535148184,-0.00047241045053850612,2.414874792098999,5.747072696685791,-0.17180624604225159,-0.24543750286102295,0,0,0,34,34,0,0,1,0,1,1,1.44668
41,1.0120353099999999,INITIAL_FOC_HOLD,J2B,1,0,0,0,0,-0.001735062293484242,-0.001965960004784632,-0.00042516940548465549,2.414874792098999,5.7472643852233887,-0.19634999334812164,0.049087498337030411,0,0,0,33,34,0,0,1,0,1,1,1.609944
42,1.022041142,INITIAL_FOC_HOLD,J2B,1,0,0,0,0.0017372203311627052,-0,0.059489398114485392,0.016979425282948213,2.4150667190551758,5.747072696685791,0,-0.31906875967979431,0.0078125,0,0.049453124403953552,34,34,0,0,1,0,1,1,1.5999019999999999
43,1.032007297,INITIAL_FOC_HOLD,J2B,1,0,0,0,0.0017372203311627052,-0.001735062293484242,0.038668108774415504,0.015281482754653393,2.4150667190551758,5.7472643852233887,0.19634999334812164,0.12271875143051147,0.0078125,0,0.049453124403953552,33,34,0,0,1,0,1,1,1.567134
44,1.0420346760000001,INITIAL_FOC_HOLD,J2B,1,0,0,0,0.0017372203311627052,-0.001735062293484242,0.025134270703370078,0.013753334479188053,2.4150667190551758,5.7472643852233887,0.024543749168515205,0.024543749168515205,0,0,0,34,34,0,0,1,0,1,1,1.61083
45,1.0519606050000001,INITIAL_FOC_HOLD,J2B,1,0,0,0,0,-0.003470124586968484,-0.044919168241326968,-0.0051238401683071887,2.414874792098999,5.7474560737609863,-0.34361249208450317,0.41724374890327454,0,0,0,33,34,0,0,1,0,1,1,1.5162640000000001
46,1.0621770619999999,INITIAL_FOC_HOLD,J2B,1,0,0,0,0.0017372203311627052,-0,0.030317019675051956,0.012392680714784814,2.4150667190551758,5.747072696685791,0,-0.24543750286102295,0,0,0,34,34,0,0,1,0,1,1,1.7522819999999999
47,1.0720539499999999,INITIAL_FOC_HOLD,J2B,1,0,0,0,0.0017372203311627052,-0.001735062293484242,0.019706062788783771,0.011153412643306333,2.4150667190551758,5.7472643852233887,0.024543749168515205,-0.098174996674060822,0,0,0,34,34,0,0,1,0,1,1,1.6115950000000001
48,1.0821612709999999,INITIAL_FOC_HOLD,J2B,1,0,0,0,-0.001735062293484242,-0,-0.1074305290355749,-0.024316062863391261,2.4146831035614014,5.747072696685791,-0.63813751935958862,-0.31906875967979431,0,0,0,34,34,0,0,1,0,1,1,1.7198070000000001
49,1.0921673839999999,INITIAL_FOC_HOLD,J2B,1,0,0,0,0,-0,-0.0091397634473394038,-0.0045444335982566253,2.414874792098999,5.747072696685791,-0.22089375555515289,-0.36815625429153442,0,0,0,33,34,0,0,1,0,1,1,1.7438130000000001
50,1.102084083,INITIAL_FOC_HOLD,J2B,1,0,0,0,0.0017372203311627052,-0,0.055372612593357379,0.013428140857034178,2.4150667190551758,5.747072696685791,0.098174996674060822,-0.24543750286102295,0,0,0,33,34,0,0,1,0,1,1,1.644058
51,1.1121753679999999,INITIAL_FOC_HOLD,J2B,1,0,0,0,0,-0.001735062293484242,-0.024260496679932256,-0.0051297289045591152,2.414874792098999,5.7472643852233887,-0.24543750286102295,0.098174996674060822,0,0,0,33,34,0,0,1,0,1,1,1.750963
52,1.1221581089999999,INITIAL_FOC_HOLD,J2B,1,0,0,0,0,-0,-0.015769322841955966,-0.0046167560141032035,2.414874792098999,5.747072696685791,-0.22089375555515289,-0.29452499747276306,0,0,0,34,34,0,0,1,0,1,1,1.717049
53,1.132100777,INITIAL_FOC_HOLD,J2B,1,0,0,0,-0.001735062293484242,-0,-0.071327408776098,-0.021605751535214775,2.4146831035614014,5.747072696685791,-0.80994373559951782,-0.31906875967979431,0,0,0,34,34,0,0,1,0,1,1,1.660709
54,1.142094991,INITIAL_FOC_HOLD,J2B,1,0,0,0,0.0017372203311627052,-0.001735062293484242,0.075237434062694702,0.015297752123209107,2.4150667190551758,5.7472643852233887,0.049087498337030411,0.098174996674060822,0,0,0,33,34,0,0,1,0,1,1,1.6709290000000001
55,1.152148237,INITIAL_FOC_HOLD,J2B,1,0,0,0,0,-0,-0.011576344041542778,-0.0035122162840530418,2.414874792098999,5.747072696685791,-0.29452499747276306,-0.24543750286102295,0,0,0,33,34,0,0,1,0,1,1,1.7243839999999999
56,1.1621891099999999,INITIAL_FOC_HOLD,J2B,1,0,0,0,0.0017372203311627052,-0.001735062293484242,0.053030580677140185,0.014140492288393119,2.4150667190551758,5.7472643852233887,0,0,0,0,0,34,34,0,0,1,0,1,1,1.753479
57,1.1721837509999999,INITIAL_FOC_HOLD,J2B,1,0,0,0,0,-0.001735062293484242,-0.026365435794916063,-0.0046550750076053884,2.414874792098999,5.7472643852233887,-0.26998123526573181,0,0,0,0,34,34,0,0,1,0,1,1,1.751163
58,1.182091526,INITIAL_FOC_HOLD,J2B,1,0,0,0,0.0017372203311627052,-0,0.044231151014784802,0.013344342287863794,2.4150667190551758,5.747072696685791,0.024543749168515205,-0.24543750286102295,0,0,0,34,34,0,0,1,0,1,1,1.6583079999999999
59,1.192143789,INITIAL_FOC_HOLD,J2B,1,0,0,0,0.0017372203311627052,-0.001735062293484242,0.028750248159610123,0.012009908059077415,2.4150667190551758,5.7472643852233887,0.049087498337030411,0.12271875143051147,0,0,0,34,34,0,0,1,0,1,1,1.586587
60,1.202162916,INITIAL_FOC_HOLD,J2B,1,0,0,0,0.0017372203311627052,-0,0.018687661303746581,0.010808917253169674,2.4150667190551758,5.747072696685791,0.049087498337030411,-0.31906875967979431,0,0,0,33,34,0,0,1,0,1,1,1.7186669999999999
61,1.2121667540000001,INITIAL_FOC_HOLD,J2B,1,0,0,0,0.0017372203311627052,-0,0.012146979847435279,0.0097280255278527072,2.4150667190551758,5.747072696685791,-0.098174996674060822,-0.36815625429153442,-0.00390625,0,-0.024726562201976776,33,34,0,0,1,0,1,1,1.7212080000000001
62,1.222155106,INITIAL_FOC_HOLD,J2B,1,0,0,0,0.0017372203311627052,-0.001735062293484242,0.0078955369008329307,0.0087552229750674365,2.4150667190551758,5.7472643852233887,0.073631249368190765,0,0,0,0,34,34,0,0,1,0,1,1,1.713155
63,1.232109216,INITIAL_FOC_HOLD,J2B,1,0,0,0,0,-0.001735062293484242,-0.055950922591168697,-0.0095725912014993381,2.414874792098999,5.7472643852233887,-0.24543750286102295,0,-0.00390625,0,-0.024726562201976776,34,34,0,0,1,0,1,1,1.6671
64,1.242198074,INITIAL_FOC_HOLD,J2B,1,0,0,0,0.0017372203311627052,-0.001735062293484242,0.023899089714872014,0.0086038648898310744,2.4150667190551758,5.7472643852233887,0,0.024543749168515205,0.00390625,0,0.024726562201976776,33,34,0,0,1,0,1,1,1.7599469999999999
65,1.252155873,INITIAL_FOC_HOLD,J2B,1,0,0,0,0.0017372203311627052,-0.001735062293484242,0.01553440831466681,0.0077434784008479675,2.4150667190551758,5.7472643852233887,0,0,0,0,0,34,34,0,0,1,0,1,1,1.717986
66,1.2620829600000001,INITIAL_FOC_HOLD,J2B,1,0,0,0,0.0017372203311627052,-0.001735062293484242,0.010097365404533426,0.0069691305607631707,2.4150667190551758,5.7472643852233887,-0.24543750286102295,0.049087498337030411,0,0,0,34,34,0,0,1,0,1,1,1.637024
67,1.2721585390000001,INITIAL_FOC_HOLD,J2B,1,0,0,0,0.0017372203311627052,-0,0.0065632875129467277,0.006272217504686854,2.4150667190551758,5.747072696685791,0.049087498337030411,-0.24543750286102295,-0.00390625,0,-0.024726562201976776,33,34,0,0,1,0,1,1,1.7173149999999999
68,1.282165124,INITIAL_FOC_HOLD,J2B,1,0,0,0,0,-0.001735062293484242,-0.056496562469755505,-0.011715775489544942,2.414874792098999,5.7472643852233887,-0.34361249208450317,0.12271875143051147,0,0,0,33,34,0,0,1,0,1,1,1.723589
69,1.292058006,INITIAL_FOC_HOLD,J2B,1,0,0,0,0.0017372203311627052,-0.001735062293484242,0.024738304678015244,0.0070161078546542195,2.4150667190551758,5.7472643852233887,0,0.098174996674060822,0,0,0,33,34,0,0,1,0,1,1,1.614195
70,1.302140753,INITIAL_FOC_HOLD,J2B,1,0,0,0,0,-0.001735062293484242,-0.044223818387654962,-0.010915136196058309,2.414874792098999,5.7472643852233887,-0.24543750286102295,0.098174996674060822,0,0,0,33,34,0,0,1,0,1,1,1.7000690000000001
71,1.312158062,INITIAL_FOC_HOLD,J2B,1,0,0,0,0.0017372203311627052,-0,0.03195216807628519,0.0075185631459077831,2.4150667190551758,5.747072696685791,0.098174996674060822,0.049087498337030411,0,0,0,34,34,0,0,1,0,1,1,1.7201150000000001
72,1.3221368769999999,INITIAL_FOC_HOLD,J2B,1,0,0,0,0,-0.001735062293484242,-0.040162886350087371,-0.010642377625732353,2.414874792098999,5.7472643852233887,-0.31906875967979431,0.098174996674060822,0,0,0,34,34,0,0,1,0,1,1,1.696777
73,1.332051857,INITIAL_FOC_HOLD,J2B,1,0,0,0,0.0017372203311627052,-0.001735062293484242,0.035218212867776093,0.0079430284212217064,2.4150667190551758,5.7472643852233887,0.073631249368190765,0,0,0,0,33,34,0,0,1,0,1,1,1.6107100000000001
74,1.3421626250000001,INITIAL_FOC_HOLD,J2B,1,0,0,0,0,-0.001735062293484242,-0.037244752239838391,-0.010033157450584139,2.414874792098999,5.7472643852233887,-0.24543750286102295,-0.049087498337030411,0,0,0,34,34,0,0,1,0,1,1,1.7219150000000001
75,1.352136985,INITIAL_FOC_HOLD,J2B,1,0,0,0,0,-0,-0.024209088955894954,-0.0090298417055257249,2.414874792098999,5.747072696685791,-0.073631249368190765,-0.24543750286102295,0.00390625,0,0.024726562201976776,33,34,0,0,1,0,1,1,1.69625
76,1.362136547,INITIAL_FOC_HOLD,J2B,1,0,0,0,0,-0.001735062293484242,-0.015735907821331722,-0.0081268575349731521,2.414874792098999,5.7472643852233887,-0.098174996674060822,0.41724374890327454,0.00390625,0,0.024726562201976776,34,34,0,0,1,0,1,1,1.6717139999999999
77,1.372142424,INITIAL_FOC_HOLD,J2B,1,0,0,0,0.0017372203311627052,-0,0.050538658741619349,0.010047827882948442,2.4150667190551758,5.747072696685791,0.12271875143051147,-0.24543750286102295,0,0,0,34,34,0,0,1,0,1,1,1.6971240000000001
78,1.3820631560000001,INITIAL_FOC_HOLD,J2B,1,0,0,0,0.0017372203311627052,-0,0.032850128182052581,0.0090430450946535988,2.4150667190551758,5.747072696685791,0.12271875143051147,-0.26998123526573181,0,0,0,34,34,0,0,1,0,1,1,1.620455
79,1.392062795,INITIAL_FOC_HOLD,J2B,1,0,0,0,0.0034722826246469467,-0,0.08208195592063422,0.025489989900131113,2.4152584075927734,5.747072696685791,0.34361249208450317,-0.29452499747276306,-0.0078125,0,-0.049453124403953552,34,34,0,0,1,0,1,1,1.621427
80,1.4021393170000001,INITIAL_FOC_HOLD,J2B,1,0,0,0,0.0017372203311627052,-0.001735062293484242,-0.0069127413412319802,0.0057221301416482233,2.4150667190551758,5.7472643852233887,-0.049087498337030411,-0.31906875967979431,-0.0078125,0,-0.049453124403953552,34,34,0,0,1,0,1,1,1.698699
81,1.4121411370000001,INITIAL_FOC_HOLD,J2B,1,0,0,0,0.0017372203311627052,-0,-0.004493281871800787,0.005149917127483401,2.4150667190551758,5.747072696685791,-0.024543749168515205,-0.29452499747276306,0,0,0,34,34,0,0,1,0,1,1,1.699762
82,1.4221423980000001,INITIAL_FOC_HOLD,J2B,1,0,0,0,0,-0.003470124586968484,-0.063715678552148478,-0.012735087538258649,2.414874792098999,5.7474560737609863,0.098174996674060822,0.36815625429153442,0,0,0,33,34,0,0,1,0,1,1,1.7019610000000001
83,1.4320519819999999,INITIAL_FOC_HOLD,J2B,1,0,0,0,0.0017372203311627052,-0,0.019942290335575284,0.0060691301854163011,2.4150667190551758,5.747072696685791,0.024543749168515205,-0.19634999334812164,-0.0078125,0,-0.049453124403953552,33,34,0,0,1,0,1,1,1.608325
84,1.442138696,INITIAL_FOC_HOLD,J2B,1,0,0,0,0.0017372203311627052,-0.001735062293484242,0.012962488718123935,0.0054622171668746713,2.4150667190551758,5.7472643852233887,-0.073631249368190765,-0.31906875967979431,0,0,0,33,34,0,0,1,0,1,1,1.6956960000000001
85,1.4521424709999999,INITIAL_FOC_HOLD,J2B,1,0,0,0,0,-0,-0.052354149561785718,-0.012449652329403161,2.414874792098999,5.747072696685791,-0.31906875967979431,-0.34361249208450317,0,0,0,33,34,0,0,1,0,1,1,1.7026129999999999
86,1.4621378970000001,INITIAL_FOC_HOLD,J2B,1,0,0,0,0,-0,-0.034030197215160721,-0.011204687096462846,2.414874792098999,5.747072696685791,-0.29452499747276306,-0.44178751111030579,0,0,0,34,34,0,0,1,0,1,1,1.69753
87,1.4720621279999999,INITIAL_FOC_HOLD,J2B,1,0,0,0,0.0017372203311627052,-0.001735062293484242,0.03914729676452805,0.0074206173144355878,2.4150667190551758,5.7472643852233887,-0.024543749168515205,-0.39269998669624329,0,0,0,34,34,0,0,1,0,1,1,1.619256
88,1.4821396579999999,INITIAL_FOC_HOLD,J2B,1,0,0,0,0,-0.001735062293484242,-0.034889191943930142,-0.010559997228686082,2.414874792098999,5.7472643852233887,-0.31906875967979431,0,-0.00390625,0,-0.024726562201976776,34,34,0,0,1,0,1,1,1.6975499999999999
89,1.4921331360000001,INITIAL_FOC_HOLD,J2B,1,0,0,0,0,-0,-0.022677974763554595,-0.0095039975058174749,2.414874792098999,5.747072696685791,-0.36815625429153442,-0.24543750286102295,0,0,0,34,34,0,0,1,0,1,1,1.694553
90,1.5020563650000001,INITIAL_FOC_HOLD,J2B,1,0,0,0,0.0017372203311627052,-0,0.046532427797868578,0.0089530055002440059,2.4150667190551758,5.747072696685791,0,-0.29452499747276306,0,0,0,34,34,0,0,1,0,1,1,1.615856
91,1.512142082,INITIAL_FOC_HOLD,J2B,1,0,0,0,0.0017372203311627052,-0.001735062293484242,0.030246078068614575,0.008057704950219605,2.4150667190551758,5.7472643852233887,0.049087498337030411,0,0,0,0,34,34,0,0,1,0,1,1,1.7001839999999999
92,1.5221385810000001,INITIAL_FOC_HOLD,J2B,1,0,0,0,0.0017372203311627052,-0,0.019659950744599475,0.007251934455197645,2.4150667190551758,5.747072696685791,0,-0.39269998669624329,0,0,0,34,34,0,0,1,0,1,1,1.6967209999999999
93,1.5321440879999999,INITIAL_FOC_HOLD,J2B,1,0,0,0,0.0017372203311627052,-0.001735062293484242,0.012778967983989659,0.0065267410096778809,2.4150667190551758,5.7472643852233887,-0.073631249368190765,-0.024543749168515205,0,0,0,33,34,0,0,1,0,1,1,1.702874
94,1.542050836,INITIAL_FOC_HOLD,J2B,1,0,0,0,0.0017372203311627052,-0.001735062293484242,0.008306329189593278,0.0058740669087100931,2.4150667190551758,5.7472643852233887,0,0.12271875143051147,0,0,0,34,34,0,0,1,0,1,1,1.6129830000000001
95,1.5521363669999999,INITIAL_FOC_HOLD,J2B,1,0,0,0,0,-0,-0.05488795627690337,-0.011938216996486345,2.414874792098999,5.747072696685791,0,-0.31906875967979431,0,0,0,34,34,0,0,1,0,1,1,1.6989209999999999
96,1.5620569849999999,INITIAL_FOC_HOLD,J2B,1,0,0,0,0,-0.001735062293484242,-0.035677171579987191,-0.010744395296837711,2.414874792098999,5.7472643852233887,-0.36815625429153442,-0.049087498337030411,-0.00390625,0,-0.024726562201976776,34,34,0,0,1,0,1,1,1.617639
97,1.572126291,INITIAL_FOC_HOLD,J2B,1,0,0,0,0.0017372203311627052,-0.001735062293484242,0.037194051238708378,0.0075826764516175055,2.4150667190551758,5.7472643852233887,0.12271875143051147,-0.36815625429153442,0,0,0,34,34,0,0,1,0,1,1,1.687654
98,1.582118489,INITIAL_FOC_HOLD,J2B,1,0,0,0,0.0017372203311627052,-0.001735062293484242,0.024176133305160448,0.0068244088064557552,2.4150667190551758,5.7472643852233887,-0.073631249368190765,0.098174996674060822,0,0,0,34,34,0,0,1,0,1,1,1.677173
99,1.592136242,INITIAL_FOC_HOLD,J2B,1,0,0,0,0.0017372203311627052,-0.001735062293484242,0.01571448664835429,0.0061419679258101802,2.4150667190551758,5.7472643852233887,-0.24543750286102295,0.049087498337030411,0,0,0,34,34,0,0,1,0,1,1,1.6952160000000001
100,1.6022049439999999,PLUS_10_OUTBOUND,J2B,1,0,1.5566464843750004e-06,0.00046640917968750005,0.0017372203311627052,-0.001735062293484242,0.010214416321430289,0.005527771133229162,2.4150667190551758,5.7472643852233887,-0.073631249368190765,0.12271875143051147,0,0,0,33,34,0,0,1,0,1,1,1.746812
101,1.613099987,PLUS_10_OUTBOUND,J2B,1,0,1.2406437500000003e-05,0.0018562968749999999,0.0017372203311627052,-0.001735062293484242,0.0066393706089296883,0.0049749940199062459,2.4150667190551758,5.7472643852233887,-0.12271875143051147,0.024543749168515205,0.00390625,0,0.024726562201976776,33,34,0,0,1,0,1,1,2.5468769999999998
102,1.6230898250000001,PLUS_10_OUTBOUND,J2B,1,0,4.1714314453124998e-05,0.0041557060546874997,0.0017372203311627052,-0.003470124586968484,0.0043155908958042973,0.0044774946179156217,2.4150667190551758,5.7474560737609863,-0.17180624604225159,0.34361249208450317,0,0,0,33,34,0,0,1,0,1,1,2.4550640000000001
103,1.6319658459999999,PLUS_10_OUTBOUND,J2B,1,0,9.8506000000000022e-05,0.0073507499999999996,0.0017372203311627052,-0.003470124586968484,0.0028051340822727935,0.0040297451561240594,2.4150667190551758,5.7474560737609863,-0.14726249873638153,0.46633124351501465,0,0,0,34,34,0,0,1,0,1,1,1.4164410000000001
104,1.641922184,PLUS_10_OUTBOUND,J2B,1,0,0.00019166870117187502,0.011427612304687501,0.0017372203311627052,-0,0.0018233371534773159,0.0036267706405116533,2.4150667190551758,5.747072696685791,-0.24543750286102295,-0.39269998669624329,0,0,0,34,34,0,0,1,0,1,1,1.3942239999999999
105,1.6519635989999999,PLUS_10_OUTBOUND,J2B,1,0,0.00032995181249999999,0.016372546874999998,0.0017372203311627052,-0,0.0011851691497602554,0.0032640935764604879,2.4150667190551758,5.747072696685791,-0.24543750286102295,-0.24543750286102295,0,0,0,34,34,0,0,1,0,1,1,1.4366829999999999
106,1.6619631029999999,PLUS_10_OUTBOUND,J2B,1,0,0.00052196761914062519,0.0221718779296875,0.0017372203311627052,-0,0.00077035994734416609,0.0029376842188144391,2.4150667190551758,5.747072696685791,-0.098174996674060822,-0.26998123526573181,0,0,0,34,34,0,0,1,0,1,1,1.4308270000000001
107,1.6719667359999999,PLUS_10_OUTBOUND,J2B,1,0,0.0007761920000000002,0.028812000000000001,0.0034722826246469467,-0.001735062293484242,0.061205860065410428,0.019988237539686347,2.4152584075927734,5.7472643852233887,0.14726249873638153,0,0,0,0,34,34,0,0,1,0,1,1,1.456421
108,1.6819666010000001,PLUS_10_OUTBOUND,J2B,1,0,0.001100965130859375,0.036279377929687502,0,-0.001735062293484242,-0.081747723495813635,-0.016733881225233841,2.414874792098999,5.7472643852233887,-0.58904999494552612,0.049087498337030411,0,0,0,34,34,0,0,1,0,1,1,1.4379409999999999
109,1.6919326240000001,PLUS_10_OUTBOUND,J2B,1,0,0.0015044921875000004,0.044560546875000009,0.0017372203311627052,-0.001735062293484242,0.0078739850133746001,0.0023709369789048206,2.4150667190551758,5.7472643852233887,-0.049087498337030411,0.024543749168515205,0,0,0,33,34,0,0,1,0,1,1,1.404315
110,1.701963543,PLUS_10_OUTBOUND,J2B,1,0,0.0019948440488281247,0.053642112304687496,0,-0,-0.055497204900898094,-0.015184812478868973,2.414874792098999,5.747072696685791,-0.34361249208450317,-0.29452499747276306,0,0,0,34,34,0,0,1,0,1,1,1.4532670000000001
111,1.711967845,PLUS_10_OUTBOUND,J2B,1,0,0.0025799580000000003,0.063510750000000005,0.0017372203311627052,-0,0.024703382326627436,0.0036984017725068419,2.4150667190551758,5.747072696685791,-0.31906875967979431,-0.26998123526573181,0,0,0,33,34,0,0,1,0,1,1,1.435343
112,1.7219583940000001,PLUS_10_OUTBOUND,J2B,1,0,0.0032676384355468757,0.074153206054687504,0.0052073449181311892,-0,0.13762645415971628,0.038062634637372854,2.4154500961303711,5.747072696685791,0.12271875143051147,-0.36815625429153442,-0.00390625,0,-0.024726562201976776,34,34,0,0,1,0,1,1,1.4337260000000001
113,1.7319427009999999,PLUS_10_OUTBOUND,J2B,1,0,0.0040655575625000006,0.085556296875000021,0.0017372203311627052,-0.001735062293484242,-0.032188063244165482,-0.00049941695435901795,2.4150667190551758,5.7472643852233887,-0.39269998669624329,0,0,0,0,34,34,0,0,1,0,1,1,1.416568
114,1.741935035,PLUS_10_OUTBOUND,J2B,1,0,0.0049812561035156248,0.097706909179687482,0.0017372203311627052,-0.001735062293484242,-0.020922241108707565,-0.00044947525892311614,2.4150667190551758,5.7472643852233887,-0.41724374890327454,-0.073631249368190765,0,0,0,34,34,0,0,1,0,1,1,1.4067179999999999
115,1.7519623550000001,PLUS_10_OUTBOUND,J2B,1,0,0.0060221440000000027,0.110592,0.0017372203311627052,-0.001735062293484242,-0.013599456720659918,-0.00040452773303080452,2.4150667190551758,5.7472643852233887,-0.39269998669624329,0.049087498337030411,0.0078125,0,0.049453124403953552,34,34,0,0,1,0,1,1,1.435098
116,1.7621343780000001,PLUS_10_OUTBOUND,J2B,1,0,0.0071955011152343758,0.12419859667968752,0.0052073449181311892,-0,0.11056075219073287,0.033750324771461365,2.4154500961303711,5.747072696685791,0,-0.26998123526573181,0,0,0,34,34,0,0,1,0,1,1,1.615119
117,1.7730501860000001,PLUS_10_OUTBOUND,J2B,1,0,0.0085084779374999999,0.13851379687500001,0.0052073449181311892,-0.001735062293484242,0.071864488923976372,0.03037529229431523,2.4154500961303711,5.7472643852233887,0.12271875143051147,0.098174996674060822,0,0,0,34,34,0,0,1,0,1,1,2.3640659999999998
118,1.782978079,PLUS_10_OUTBOUND,J2B,1,0,0.0099680962832031268,0.1535247685546875,0.0034722826246469467,-0.003470124586968484,-0.014456328343837636,0.0098611213093344821,2.4152584075927734,5.7474560737609863,-0.26998123526573181,-0.31906875967979431,0.0078125,0,0.049453124403953552,34,34,0,0,1,0,1,1,2.2872509999999999
119,1.7919702319999999,PLUS_10_OUTBOUND,J2B,1,0,0.011581250000000001,0.16921875,0.0034722826246469467,-0.001735062293484242,-0.0093966134234944633,0.0088750091784010349,2.4152584075927734,5.7472643852233887,-0.073631249368190765,-0.024543749168515205,0.0078125,0,0.049453124403953552,33,34,0,0,1,0,1,1,1.4392430000000001
120,1.80195481,PLUS_10_OUTBOUND,J2B,1,0,0.013354705669921873,0.18558304980468748,0.0052073449181311892,-0.001735062293484242,0.054713179659541672,0.02536493065622181,2.4154500961303711,5.7472643852233887,0.12271875143051147,-0.36815625429153442,0.00390625,0,0.024726562201976776,34,34,0,0,1,0,1,1,1.444366
121,1.8119670329999999,PLUS_10_OUTBOUND,J2B,1,0,0.015295103312499999,0.20260504687499997,0.0034722826246469467,-0.001735062293484242,-0.02508947727749692,0.0054989964316856238,2.4152584075927734,5.7472643852233887,-0.26998123526573181,-0.024543749168515205,0,0,0,33,34,0,0,1,0,1,1,1.4319839999999999
122,1.8219348849999999,PLUS_10_OUTBOUND,J2B,1,0,0.017408957087890625,0.22027219042968754,0.0017372203311627052,-0.001735062293484242,-0.077231195877319594,-0.012457484824896257,2.4150667190551758,5.7472643852233887,-0.56450623273849487,-0.26998123526573181,0.0078125,0,0.049453124403953552,34,34,0,0,1,0,1,1,1.4067130000000001
123,1.831966743,PLUS_10_OUTBOUND,J2B,1,0,0.019702655999999999,0.23857199999999998,0.0034722826246469467,-0.001735062293484242,0.010334052683165444,0.0060837865157142811,2.4152584075927734,5.7472643852233887,-0.19634999334812164,0,0.0078125,0,0.049453124403953552,34,34,0,0,1,0,1,1,1.4569430000000001
124,1.8419443790000001,PLUS_10_OUTBOUND,J2B,1,0,0.022182464599609375,0.2574920654296875,0.0034722826246469467,-0.001735062293484242,0.0067171342440575385,0.0054754078641428535,2.4152584075927734,5.7472643852233887,-0.26998123526573181,-0.36815625429153442,0.0078125,0,0.049453124403953552,33,34,0,0,1,0,1,1,1.4182600000000001
125,1.8519541660000001,PLUS_10_OUTBOUND,J2B,1,0,0.024854523687500005,0.27702004687499998,0.0034722826246469467,-0.001735062293484242,0.0043661372586374005,0.0049278670777285682,2.4152584075927734,5.7472643852233887,0,0.024543749168515205,0.00390625,0,0.024726562201976776,34,34,0,0,1,0,1,1,1.418361
126,1.861959294,PLUS_10_OUTBOUND,J2B,1,0,0.027724851017578128,0.29714367480468751,0.0034722826246469467,-0.001735062293484242,0.0028379892181143104,0.0044350803699557111,2.4152584075927734,5.7472643852233887,-0.14726249873638153,0.049087498337030411,0.0078125,0,0.049453124403953552,33,34,0,0,1,0,1,1,1.425589
127,1.8719012239999999,PLUS_10_OUTBOUND,J2B,1,0,0.030799342000000007,0.31785075000000002,0.0034722826246469467,-0,0.0018446929917743018,0.00399157233296014,2.4152584075927734,5.747072696685791,-0.36815625429153442,-0.26998123526573181,0.00390625,0,0.024726562201976776,33,34,0,0,1,0,1,1,1.3738300000000001
128,1.881955541,PLUS_10_OUTBOUND,J2B,1,0,0.034083770404296873,0.33912914355468737,0.0052073449181311892,-0.001735062293484242,0.061598160868512282,0.020849303792195267,2.4154500961303711,5.7472643852233887,0.17180624604225159,0.098174996674060822,0.0078125,0,0.049453124403953552,34,34,0,0,1,0,1,1,1.444644
129,1.891959543,PLUS_10_OUTBOUND,J2B,1,0,0.037583789062500005,0.360966796875,0.0034722826246469467,-0,-0.020664082412047056,0.0014206914196671569,2.4152584075927734,5.747072696685791,-0.22089375555515289,-0.29452499747276306,0.0078125,0,0.049453124403953552,34,34,0,0,1,0,1,1,1.431252
130,1.9019008310000001,PLUS_10_OUTBOUND,J2B,1,0,0.041304930572265627,0.38335172167968751,0.0052073449181311892,-0,0.047654173813840878,0.018731715815320862,2.4154500961303711,5.747072696685791,0.17180624604225159,-0.31906875967979431,0.0078125,0,0.049453124403953552,34,34,0,0,1,0,1,1,1.3655250000000001
131,1.9119549170000001,PLUS_10_OUTBOUND,J2B,1,0,0.045252608000000007,0.40627200000000002,0.0017372203311627052,-0,-0.089825783296444806,-0.017656026130623045,2.4150667190551758,5.747072696685791,-0.58904999494552612,-0.26998123526573181,0.0078125,0,0.049453124403953552,34,34,0,0,1,0,1,1,1.421729
132,1.921938036,PLUS_10_OUTBOUND,J2B,1,0,0.04943211558398438,0.42971578417968753,0.0034722826246469467,-0,0.0024431080280306397,0.0014895385312163369,2.4152584075927734,5.747072696685791,0,-0.34361249208450317,0.0078125,0,0.049453124403953552,34,34,0,0,1,0,1,1,1.4102300000000001
133,1.9319507380000001,PLUS_10_OUTBOUND,J2B,1,0,0.053848629437500017,0.45367129687500013,0.0034722826246469467,-0,0.0015880202182199158,0.0013405846780947031,2.4152584075927734,5.747072696685791,-0.073631249368190765,-0.24543750286102295,0.01171875,0,0.074179686605930328,33,34,0,0,1,0,1,1,1.440817
134,1.9419560520000001,PLUS_10_OUTBOUND,J2B,1,0,0.058507208251953116,0.4781268310546874,0.0034722826246469467,-0.001735062293484242,0.0010322131418429453,0.0012065262102852329,2.4152584075927734,5.7472643852233887,-0.22089375555515289,0,0.01171875,0,0.074179686605930328,33,34,0,0,1,0,1,1,1.4286509999999999
135,1.9519480149999999,PLUS_10_OUTBOUND,J2B,1,0,0.063412793999999995,0.50307075000000001,0.0052073449181311892,-0,0.061446964506214737,0.018450452436118661,2.4154500961303711,5.747072696685791,0,-0.34361249208450317,0.00390625,0,0.024726562201976776,34,34,0,0,1,0,1,1,1.4135880000000001
136,1.9619236229999999,PLUS_10_OUTBOUND,J2B,1,0,0.068570212638671857,0.52849148730468753,0.0034722826246469467,-0.001735062293484242,-0.020935141272786985,-0.00078764086515794099,2.4152584075927734,5.7472643852233887,-0.34361249208450317,0,0,0,0,34,34,0,0,1,0,1,1,1.3893800000000001
137,1.9719348699999999,PLUS_10_OUTBOUND,J2B,1,0,0.073984174812500011,0.55437754687499996,0.0017372203311627052,-0,-0.074266798970161418,-0.018040007390884974,2.4150667190551758,5.747072696685791,-0.51541876792907715,-0.29452499747276306,0.0078125,0,0.049453124403953552,34,34,0,0,1,0,1,1,1.4044970000000001
138,1.98195721,PLUS_10_OUTBOUND,J2B,1,0,0.079659276556640624,0.5807175029296876,0.0017372203311627052,-0,-0.048273419330604923,-0.016236006651796479,2.4150667190551758,5.747072696685791,-0.63813751935958862,-0.39269998669624329,0.00390625,0,0.024726562201976776,34,34,0,0,1,0,1,1,1.4298219999999999
139,1.99195834,PLUS_10_OUTBOUND,J2B,1,0,0.085599999999999996,0.60750000000000015,0.0017372203311627052,-0,-0.031377722564893198,-0.014612405986616832,2.4150667190551758,5.747072696685791,-0.61359375715255737,-0.34361249208450317,0,0,0,33,34,0,0,1,0,1,1,1.4283269999999999
140,2.0019165380000001,PLUS_10_OUTBOUND,J2B,1,0,0.091810714068359361,0.63471375292968746,0.0034722826246469467,-0,0.040586577969307411,0.0042722910796128503,2.4152584075927734,5.747072696685791,0,-0.24543750286102295,0.0078125,0,0.049453124403953552,34,34,0,0,1,0,1,1,1.388941
141,2.0119626039999998,PLUS_10_OUTBOUND,J2B,1,0,0.098295675187499987,0.66234754687499975,0.0034722826246469467,-0,0.026381275680049818,0.0038450619716515655,2.4152584075927734,5.747072696685791,-0.24543750286102295,-0.24543750286102295,0.00390625,0,0.024726562201976776,34,34,0,0,1,0,1,1,1.4348860000000001
142,2.0219605409999999,PLUS_10_OUTBOUND,J2B,1,0,0.10505902798632812,0.69039023730468763,0.0034722826246469467,-0,0.017147829192032383,0.0034605557744864092,2.4152584075927734,5.747072696685791,-0.19634999334812164,-0.39269998669624329,0.01171875,0,0.074179686605930328,34,34,0,0,1,0,1,1,1.4322820000000001
143,2.0319213989999998,PLUS_10_OUTBOUND,J2B,1,0,0.11210480599999997,0.71883075000000007,0.0034722826246469467,-0,0.011146088974821049,0.0031145001970377681,2.4152584075927734,5.747072696685791,-0.17180624604225159,-0.29452499747276306,0.00390625,0,0.024726562201976776,34,34,0,0,1,0,1,1,1.3946670000000001
144,2.041958604,PLUS_10_OUTBOUND,J2B,1,0,0.11943693237304688,0.74765808105468745,0.0034722826246469467,-0,0.0072449578336336818,0.0028030501773339913,2.4152584075927734,5.747072696685791,-0.36815625429153442,-0.29452499747276306,0.0078125,0,0.049453124403953552,33,34,0,0,1,0,1,1,1.431432
145,2.0519224409999999,PLUS_10_OUTBOUND,J2B,1,0,0.12705922056250002,0.77686129687500005,0.0034722826246469467,-0.001735062293484242,0.0047092225918618936,0.0025227451596005921,2.4152584075927734,5.7472643852233887,-0.26998123526573181,0.024543749168515205,0.01171875,0,0.074179686605930328,33,34,0,0,1,0,1,1,1.3956740000000001
146,2.0619514539999999,PLUS_10_OUTBOUND,J2B,1,0,0.13497537504101559,0.80642953417968744,0.0052073449181311892,-0.001735062293484242,0.063612496883329678,0.01957089984324609,2.4154500961303711,5.7472643852233887,0.073631249368190765,0.12271875143051147,0.01171875,0,0.074179686605930328,33,34,0,0,1,0,1,1,1.4413530000000001
147,2.0719636889999999,PLUS_10_OUTBOUND,J2B,1,0,0.14318899200000001,0.8363520000000001,0.0052073449181311892,-0.003470124586968484,0.041348122974164292,0.01761380985892148,2.4154500961303711,5.7474560737609863,0.22089375555515289,0.46633124351501465,0.01953125,0,0.12363281100988388,33,34,0,0,1,0,1,1,1.4351860000000001
148,2.0819581029999998,PLUS_10_OUTBOUND,J2B,1,0,0.15170356005273433,0.86661797167968735,0.0052073449181311892,-0.001735062293484242,0.026876279933206789,0.015852428873029331,2.4154500961303711,5.7472643852233887,0.24543750286102295,0,0.01171875,0,0.074179686605930328,33,34,0,0,1,0,1,1,1.4311659999999999
149,2.0919500769999999,PLUS_10_OUTBOUND,J2B,1,0,0.1605224609375,0.897216796875,0.0052073449181311892,-0,0.017469581956584414,0.014267185985726398,2.4154500961303711,5.747072696685791,0.073631249368190765,-0.29452499747276306,0.01171875,0,0.074179686605930328,33,34,0,0,1,0,1,1,1.421977
150,2.1018922770000001,PLUS_10_OUTBOUND,J2B,1,0,0.1696489702207031,0.92813789355468757,0.0052073449181311892,-0,0.01135522827177987,0.012840467387153758,2.4154500961303711,5.747072696685791,0.22089375555515289,0.34361249208450317,0.0078125,0,0.049453124403953552,34,34,0,0,1,0,1,1,1.3649530000000001
151,2.1119574920000002,PLUS_10_OUTBOUND,J2B,1,0,0.17908625800000005,0.95937074999999983,0.0034722826246469467,-0,-0.052952815579724921,-0.0056817833390992879,2.4152584075927734,5.747072696685791,-0.17180624604225159,-0.36815625429153442,0.0078125,0,0.049453124403953552,33,34,0,0,1,0,1,1,1.4469590000000001
152,2.1219416550000001,PLUS_10_OUTBOUND,J2B,1,0,0.18883738960742191,0.99090492480468773,0.0034722826246469467,-0,-0.034419330126821197,-0.0051136050051893596,2.4152584075927734,5.747072696685791,-0.29452499747276306,-0.36815625429153442,0.01953125,0,0.12363281100988388,34,34,0,0,1,0,1,1,1.413314
153,2.1319413800000002,PLUS_10_OUTBOUND,J2B,1,0,0.19890532631250002,1.0227300468750002,0.0034722826246469467,0.0017393783688411679,-0.022372564582433779,-0.0046022445046704236,2.4152584075927734,5.7468805313110352,-0.26998123526573181,-0.6626812219619751,0.0234375,0,0.14835937321186066,33,34,0,0,1,0,1,1,1.4147160000000001
154,2.1419389789999999,PLUS_10_OUTBOUND,J2B,1,0,0.20929292602539065,1.0548358154296875,0.0034722826246469467,-0,-0.014542166978581957,-0.0041420200542033811,2.4152584075927734,5.747072696685791,-0.24543750286102295,-0.36815625429153442,0.0234375,0,0.14835937321186066,33,34,0,0,1,0,1,1,1.4116869999999999
155,2.151887592,PLUS_10_OUTBOUND,J2B,1,0,0.22000294400000006,1.0872120000000001,0.0052073449181311892,-0.001735062293484242,0.051588442356350142,0.013712425063339364,2.4154500961303711,5.7472643852233887,0.098174996674060822,0,0.01953125,0,0.12363281100988388,34,34,0,0,1,0,1,1,1.360476
156,2.1619420969999998,PLUS_10_OUTBOUND,J2B,1,0,0.23103803353710933,1.1198484404296876,0.0034722826246469467,-0.001735062293484242,-0.026865493544466691,-0.0049153834647358008,2.4152584075927734,5.7472643852233887,-0.12271875143051147,0,0.01953125,0,0.12363281100988388,34,34,0,0,1,0,1,1,1.4310639999999999
157,2.1719052169999999,PLUS_10_OUTBOUND,J2B,1,0,0.24240074668749997,1.1527350468749999,0.0034722826246469467,-0.001735062293484242,-0.01746257080390335,-0.0044238451182622212,2.4152584075927734,5.7472643852233887,-0.26998123526573181,0.024543749168515205,0.01171875,0,0.074179686605930328,34,34,0,0,1,0,1,1,1.3777950000000001
158,2.1819118450000001,PLUS_10_OUTBOUND,J2B,1,0,0.25409353495507814,1.1858617998046874,0.0052073449181311892,-0.001735062293484242,0.049336285934339169,0.013357669952671529,2.4154500961303711,5.7472643852233887,0.073631249368190765,0,0.01953125,0,0.12363281100988388,34,34,0,0,1,0,1,1,1.3756600000000001
159,2.1919391130000001,PLUS_10_OUTBOUND,J2B,1,0,0.26611875000000002,1.2192187499999998,0.0052073449181311892,-0.001735062293484242,0.032068585857320461,0.012021902957404377,2.4154500961303711,5.7472643852233887,-0.098174996674060822,-0.049087498337030411,0.01953125,0,0.12363281100988388,34,34,0,0,1,0,1,1,1.4113929999999999
160,2.2019284360000002,PLUS_10_OUTBOUND,J2B,1,0,0.27847864434179687,1.2527960185546876,0.0034722826246469467,-0,-0.03994750717703037,-0.0065494553338471106,2.4152584075927734,5.747072696685791,-0.34361249208450317,0.12271875143051147,0.01953125,0,0.12363281100988388,34,34,0,0,1,0,1,1,1.401294
161,2.2119483139999998,PLUS_10_OUTBOUND,J2B,1,0,0.29117537206249999,1.286583796875,0.0034722826246469467,-0.001735062293484242,-0.02596587966506974,-0.0058945098004623995,2.4152584075927734,5.7472643852233887,0,-0.24543750286102295,0.0234375,0,0.14835937321186066,34,34,0,0,1,0,1,1,1.4384440000000001
162,2.2219410690000001,PLUS_10_OUTBOUND,J2B,1,0,0.30421098950976561,1.3205723466796875,0.0052073449181311892,-0,0.043893387230581171,0.012058143754691414,2.4154500961303711,5.747072696685791,-0.024543749168515205,-0.26998123526573181,0.02734375,0,0.17308593541383743,34,34,0,0,1,0,1,1,1.413867
163,2.2318934800000001,PLUS_10_OUTBOUND,J2B,1,0,0.31758745600000005,1.3547520000000002,0.0017372203311627052,-0,-0.093504411745393951,-0.024014845890855362,2.4150667190551758,5.747072696685791,-0.17180624604225159,-0.36815625429153442,0.0234375,0,0.14835937321186066,33,34,0,0,1,0,1,1,1.3659589999999999
164,2.2419082530000001,PLUS_10_OUTBOUND,J2B,1,0,0.3313066345214844,1.3891131591796873,0.0034722826246469467,-0.003470124586968484,-0.00014026728954708717,-0.0042883326317815426,2.4152584075927734,5.7474560737609863,-0.024543749168515205,0.31906875967979431,0.02734375,0,0.17308593541383743,34,34,0,0,1,0,1,1,1.3718319999999999
165,2.251926696,PLUS_10_OUTBOUND,J2B,1,0,0.34537029243750006,1.4236462968750003,0.0034722826246469467,-0,-9.1173738205606658e-05,-0.0038594993686033884,2.4152584075927734,5.747072696685791,-0.24543750286102295,-0.31906875967979431,0.02734375,0,0.17308593541383743,33,34,0,0,1,0,1,1,1.398026
166,2.2619417099999999,PLUS_10_OUTBOUND,J2B,1,0,0.35978010218945317,1.4583419560546875,0.0034722826246469467,-0.001735062293484242,-5.9262929833644328e-05,-0.0034735494317430496,2.4152584075927734,5.7472643852233887,-0.29452499747276306,0.073631249368190765,0.01953125,0,0.12363281100988388,34,34,0,0,1,0,1,1,1.431446
167,2.2719434490000001,PLUS_10_OUTBOUND,J2B,1,0,0.37453764200000006,1.4931907500000006,0.0034722826246469467,-0,-3.8520904391868812e-05,-0.0031261944885687446,2.4152584075927734,5.747072696685791,-0.36815625429153442,-0.26998123526573181,0.03515625,0,0.22253905981779099,34,34,0,0,1,0,1,1,1.416032
168,2.2818871860000001,PLUS_10_OUTBOUND,J2B,1,0,0.38964439657617178,1.5281833623046872,0.0034722826246469467,-0,-2.5038587854714729e-05,-0.0028135750397118701,2.4152584075927734,5.747072696685791,-0.26998123526573181,-0.29452499747276306,0.02734375,0,0.17308593541383743,34,34,0,0,1,0,1,1,1.3601460000000001
169,2.291937903,PLUS_10_OUTBOUND,J2B,1,0,0.40510175781249991,1.5633105468749999,0.0052073449181311892,-0,0.060404469300557782,0.014730852287877417,2.4154500961303711,5.747072696685791,0.098174996674060822,0.073631249368190765,0.02734375,0,0.17308593541383743,33,34,0,0,1,0,1,1,1.4277359999999999
170,2.3019380460000001,PLUS_10_OUTBOUND,J2B,1,0,0.42091102549414061,1.5985631279296875,0.0052073449181311892,-0,0.039262905045362562,0.013257767059089676,2.4154500961303711,5.747072696685791,0,-0.24543750286102295,0.02734375,0,0.17308593541383743,34,34,0,0,1,0,1,1,1.410663
171,2.3119121890000001,PLUS_10_OUTBOUND,J2B,1,0,0.437073408,1.6339319999999999,0.0052073449181311892,-0.001735062293484242,0.025520888279485666,0.011931990353180709,2.4154500961303711,5.7472643852233887,0,-0.049087498337030411,0.02734375,0,0.17308593541383743,33,34,0,0,1,0,1,1,1.3848149999999999
172,2.321937277,PLUS_10_OUTBOUND,J2B,1,0,0.45359002300585932,1.6694081279296871,0.0034722826246469467,-0.001735062293484242,-0.043986631805474685,-0.006568411307034611,2.4152584075927734,5.7472643852233887,-0.36815625429153442,0.12271875143051147,0.0234375,0,0.14835937321186066,34,34,0,0,1,0,1,1,1.40848
173,2.3319190330000001,PLUS_10_OUTBOUND,J2B,1,0,0.47046189818749995,1.7049825468750002,0.0034722826246469467,-0,-0.028591310673558547,-0.0059115701763311499,2.4152584075927734,5.747072696685791,-0.51541876792907715,-0.24543750286102295,0.03515625,0,0.22253905981779099,34,34,0,0,1,0,1,1,1.3891340000000001
174,2.3419427389999998,PLUS_10_OUTBOUND,J2B,1,0,0.48768997192382812,1.7406463623046875,0.0052073449181311892,-0.001735062293484242,0.041999208944709203,0.011989175664879755,2.4154500961303711,5.7472643852233887,-0.19634999334812164,0.12271875143051147,0.03515625,0,0.22253905981779099,34,34,0,0,1,0,1,1,1.432958
175,2.3519402220000001,PLUS_10_OUTBOUND,J2B,1,0,0.50527509400000015,1.7763907499999998,0.0086796275427781355,-0,0.14885997445169113,0.045521826280571824,2.4158337116241455,5.747072696685791,0.4908750057220459,-0.26998123526573181,0.0390625,0,0.24726562201976776,33,34,0,0,1,0,1,1,1.412836
176,2.361886428,PLUS_10_OUTBOUND,J2B,1,0,0.52321802631054692,1.8122069560546872,0.0052073449181311892,-0.001735062293484242,-0.025428202215308948,0.0060590191928265799,2.4154500961303711,5.7472643852233887,-0.29452499747276306,0.12271875143051147,0.02734375,0,0.17308593541383743,34,34,0,0,1,0,1,1,1.375783
177,2.3719503720000001,PLUS_10_OUTBOUND,J2B,1,0,0.54151944356250004,1.8480862968750003,0.0052073449181311892,-0,-0.016528331439950816,0.0054531172735439223,2.4154500961303711,5.747072696685791,-0.19634999334812164,-0.22089375555515289,0.04296875,0,0.27199218422174454,34,34,0,0,1,0,1,1,1.4225239999999999
178,2.3818887169999998,PLUS_10_OUTBOUND,J2B,1,0,0.56017993397851573,1.8840201591796879,0.0069424072116154303,-0,0.0503605010329716,0.022366067394457997,2.4156417846679688,5.747072696685791,-0.24543750286102295,-0.24543750286102295,0.0390625,0,0.24726562201976776,34,34,0,0,1,0,1,1,1.3616999999999999
179,2.3919163280000002,PLUS_10_OUTBOUND,J2B,1,0,0.57920000000000005,1.9200000000000004,0.0086796275427781355,-0,0.093369617158798157,0.037453829651402662,2.4158337116241455,5.747072696685791,0,-0.36815625429153442,0.0390625,0,0.24726562201976776,34,34,0,0,1,0,1,1,1.4059159999999999
180,2.4019147909999998,PLUS_10_OUTBOUND,J2B,1,0,0.59858005899023448,1.9560173466796877,0.010414689836262378,-0.001735062293484242,0.12142676662759799,0.051061736821799306,2.4160254001617432,5.7472643852233887,0,0.049087498337030411,0.04296875,0,0.27199218422174454,34,34,0,0,1,0,1,1,1.385459
181,2.411861466,PLUS_10_OUTBOUND,J2B,1,0,0.61832044393749996,1.9920637968749999,0.010414689836262378,-0.001735062293484242,0.078927398307938698,0.045955563139619376,2.4160254001617432,5.7472643852233887,0.073631249368190765,0,0.04296875,0,0.27199218422174454,33,34,0,0,1,0,1,1,1.333866
182,2.421915211,PLUS_10_OUTBOUND,J2B,1,0,0.63842140415820314,2.0281310185546877,0.010414689836262378,-0,0.051302808900160153,0.041360006825657443,2.4160254001617432,5.747072696685791,-0.26998123526573181,-0.24543750286102295,0.0390625,0,0.24726562201976776,34,34,0,0,1,0,1,1,1.3875679999999999
183,2.4319269029999999,PLUS_10_OUTBOUND,J2B,1,0,0.65888310599999989,2.0642107499999995,0.012149752129746621,-0.001735062293484242,0.094003086756724807,0.054554366420697623,2.4162170886993408,5.7472643852233887,-0.19634999334812164,0.098174996674060822,0.05078125,0,0.32144530862569809,34,34,0,0,1,0,1,1,1.3996710000000001
184,2.4419045009999998,PLUS_10_OUTBOUND,J2B,1,0,0.67970563354492186,2.1002947998046873,0.013884814423230861,-0.001735062293484242,0.12196553313643349,0.066488508848502825,2.4164087772369385,5.7472643852233887,0.098174996674060822,0.049087498337030411,0.04296875,0,0.27199218422174454,34,34,0,0,1,0,1,1,1.3773150000000001
185,2.4518807090000001,PLUS_10_OUTBOUND,J2B,1,0,0.70088898931249988,2.136375046875,0.012149752129746621,-0,0.018405589587797797,0.042447655977685697,2.4162170886993408,5.747072696685791,0.098174996674060822,-0.24543750286102295,0.04296875,0,0.27199218422174454,34,34,0,0,1,0,1,1,1.3535470000000001
186,2.4618617880000002,PLUS_10_OUTBOUND,J2B,1,0,0.72243309496289076,2.1724434404296873,0.013884814423230861,-0,0.07280593321982308,0.055586404662132702,2.4164087772369385,5.747072696685791,-0.024543749168515205,-0.24543750286102295,0.05078125,0,0.32144530862569809,34,34,0,0,1,0,1,1,1.3329599999999999
187,2.4719163009999998,PLUS_10_OUTBOUND,J2B,1,0,0.74433779199999994,2.2084920000000001,0.013884814423230861,-0.001735062293484242,0.047323856592885002,0.050027764195919436,2.4164087772369385,5.7472643852233887,-0.24543750286102295,0.12271875143051147,0.04296875,0,0.27199218422174454,34,34,0,0,1,0,1,1,1.4063019999999999
188,2.4819143449999999,PLUS_10_OUTBOUND,J2B,1,0,0.76660284247460952,2.2445128154296876,0.013884814423230861,-0,0.030760506785375254,0.045024987776327491,2.4164087772369385,5.747072696685791,-0.29452499747276306,-0.24543750286102295,0.05859375,0,0.37089843302965164,34,34,0,0,1,0,1,1,1.3865510000000001
189,2.4918615700000002,PLUS_10_OUTBOUND,J2B,1,0,0.7892279296875,2.2804980468749996,0.017357097047877804,-0,0.14216899808707345,0.075429537192003182,2.4167923927307129,5.747072696685791,0.24543750286102295,-0.24543750286102295,0.05859375,0,0.37089843302965164,33,34,0,0,1,0,1,1,1.3339300000000001
190,2.5019147039999998,PLUS_10_OUTBOUND,J2B,1,0,0.81221265889257821,2.3164399248046879,0.013884814423230861,-0.001735062293484242,-0.028477719102984647,0.033347278370065035,2.4164087772369385,5.7472643852233887,-0.4908750057220459,0.073631249368190765,0.0546875,0,0.34617187082767487,34,34,0,0,1,0,1,1,1.3878170000000001
191,2.5118620709999999,PLUS_10_OUTBOUND,J2B,1,0,0.83555655800000006,2.3523307500000006,0.017357097047877804,-0,0.1036624071998373,0.064919100423566342,2.4167923927307129,5.747072696685791,0.14726249873638153,-0.36815625429153442,0.05859375,0,0.37089843302965164,34,34,0,0,1,0,1,1,1.334419
192,2.5218830529999998,PLUS_10_OUTBOUND,J2B,1,0,0.85925907827929693,2.3881628935546875,0.017357097047877804,-0,0.067380564679894242,0.058427190381209707,2.4167923927307129,5.747072696685791,0,-0.24543750286102295,0.05859375,0,0.37089843302965164,33,34,0,0,1,0,1,1,1.373273
193,2.5319149269999999,PLUS_10_OUTBOUND,J2B,1,0,0.88331959506249991,2.4239287968749998,0.015622034754393565,-0,-0.016736866414298418,0.035288976069880254,2.4166007041931152,5.747072696685791,-0.29452499747276306,-0.24543750286102295,0.0703125,0,0.44507811963558197,34,34,0,0,1,0,1,1,1.3905149999999999
194,2.5418614129999999,PLUS_10_OUTBOUND,J2B,1,0,0.90773740844726547,2.4596209716796875,0.017357097047877804,-0,0.05017494096523975,0.049204051072759006,2.4167923927307129,5.747072696685791,-0.049087498337030411,-0.29452499747276306,0.06640625,0,0.42035155743360519,34,34,0,0,1,0,1,1,1.325998
195,2.551917773,PLUS_10_OUTBOUND,J2B,1,0,0.93251174400000014,2.4952320000000001,0.019092159341362051,-0,0.093000551668880119,0.06153702883447576,2.4169840812683105,5.747072696685791,-0.12271875143051147,-0.24543750286102295,0.0703125,0,0.44507811963558197,34,34,0,0,1,0,1,1,1.389994
196,2.561914394,PLUS_10_OUTBOUND,J2B,1,0,0.95764175345898439,2.530754534179688,0.020827221634846294,-0,0.12119806550688966,0.072739813643061785,2.4171757698059082,5.747072696685791,0.12271875143051147,-0.26998123526573181,0.07421875,0,0.46980468183755875,33,34,0,0,1,0,1,1,1.3839490000000001
197,2.5719134960000001,PLUS_10_OUTBOUND,J2B,1,0,0.98312651543749974,2.5661812968749995,0.019092159341362051,-0,0.018046108516991538,0.048113651118045102,2.4169840812683105,5.747072696685791,-0.34361249208450317,-0.29452499747276306,0.05859375,0,0.37089843302965164,33,34,0,0,1,0,1,1,1.4031290000000001
198,2.5819137319999999,PLUS_10_OUTBOUND,J2B,1,0,1.0089650361269531,2.6015050810546874,0.020827221634846294,-0,0.07245571768036177,0.060652499476045528,2.4171757698059082,5.747072696685791,0.073631249368190765,-0.34361249208450317,0.0703125,0,0.44507811963558197,34,34,0,0,1,0,1,1,1.3837029999999999
199,2.5918704319999999,PLUS_10_OUTBOUND,J2B,1,0,1.03515625,2.63671875,0.020827221634846294,-0,0.047096216492235152,0.054587249528440976,2.4171757698059082,5.747072696685791,-0.24543750286102295,-0.31906875967979431,0.07421875,0,0.46980468183755875,34,34,0,0,1,0,1,1,1.342719
200,2.6019165379999998,PLUS_10_OUTBOUND,J2B,1,0,1.0616990205136716,2.6718152373046875,0.020827221634846294,-0,0.030612540719952851,0.049128524575596882,2.4171757698059082,5.747072696685791,-0.31906875967979431,-0.24543750286102295,0.08203125,0,0.5192578062415123,34,34,0,0,1,0,1,1,1.3880079999999999
201,2.6119258219999999,PLUS_10_OUTBOUND,J2B,1,0,1.0885921408124999,2.7067875468750002,0.020827221634846294,-0.001735062293484242,0.019898151467969354,0.044215672118037196,2.4171757698059082,5.7472643852233887,-0.36815625429153442,0.073631249368190765,0.07421875,0,0.46980468183755875,33,34,0,0,1,0,1,1,1.397464
202,2.6219147380000001,PLUS_10_OUTBOUND,J2B,1,0,1.1158343344316406,2.7416287529296874,0.022564441966008993,-0,0.073803978552494418,0.057185584934323283,2.417367696762085,5.747072696685791,-0.14726249873638153,-0.34361249208450317,0.06640625,0,0.42035155743360519,34,34,0,0,1,0,1,1,1.3873489999999999
203,2.631916038,PLUS_10_OUTBOUND,J2B,1,0,1.1434242560000003,2.7763319999999996,0.024299504259493242,-0,0.10869187282379143,0.068815394087939546,2.4175593852996826,5.747072696685791,0,-0.26998123526573181,0.08203125,0,0.5192578062415123,33,34,0,0,1,0,1,1,1.3885989999999999
204,2.6418619830000001,PLUS_10_OUTBOUND,J2B,1,0,1.1713604919433596,2.8108905029296878,0.022564441966008993,-0,0.0095924922332263005,0.044488933221363269,2.417367696762085,5.747072696685791,-0.34361249208450317,-0.22089375555515289,0.08203125,0,0.5192578062415123,33,34,0,0,1,0,1,1,1.3370340000000001
205,2.6519075810000001,PLUS_10_OUTBOUND,J2B,1,0,1.1996415611875002,2.8452975468750004,0.024299504259493242,-0.001735062293484242,0.066686653321684636,0.057311906576394817,2.4175593852996826,5.7472643852233887,-0.24543750286102295,0.098174996674060822,0.08203125,0,0.5192578062415123,34,34,0,0,1,0,1,1,1.3976999999999999
206,2.6618660670000001,PLUS_10_OUTBOUND,J2B,1,0,1.2282659158613283,2.8795464873046872,0.026034566552977478,-0.001735062293484242,0.10432665868973848,0.069003668498939186,2.4177510738372803,5.7472643852233887,-0.53996247053146362,0.12271875143051147,0.08203125,0,0.5192578062415123,34,34,0,0,1,0,1,1,1.3381749999999999
207,2.6718400569999998,PLUS_10_OUTBOUND,J2B,1,0,1.2572319420000002,2.9136307500000003,0.027769628846461721,-0.001735062293484242,0.12869787171910751,0.079499171240695984,2.4179427623748779,5.7472643852233887,0.073631249368190765,0.12271875143051147,0.08203125,0,0.5192578062415123,33,34,0,0,1,0,1,1,1.302281
208,2.681897712,PLUS_10_OUTBOUND,J2B,1,0,1.2865379602480469,2.9475438310546882,0.026034566552977478,-0,0.02327455184342718,0.054298092752628466,2.4177510738372803,5.747072696685791,-0.41724374890327454,-0.24543750286102295,0.09375,0,0.59343749284744263,34,34,0,0,1,0,1,1,1.37009
209,2.6918881269999999,PLUS_10_OUTBOUND,J2B,1,0,1.3161822265625003,2.9812792968749995,0.027769628846461721,-0,0.075913901817406731,0.066235552939988201,2.4179427623748779,5.747072696685791,-0.29452499747276306,-0.19634999334812164,0.08984375,0,0.56871093064546585,34,34,0,0,1,0,1,1,1.358625
210,2.7018896840000002,PLUS_10_OUTBOUND,J2B,1,0,1.3461629329160156,3.0148307841796882,0.029506849177624424,-0,0.11013728226359229,0.076981496526640214,2.4181346893310547,5.747072696685791,-0.22089375555515289,-0.24543750286102295,0.08984375,0,0.56871093064546585,34,34,0,0,1,0,1,1,1.36219
211,2.7118919479999999,PLUS_10_OUTBOUND,J2B,1,0,1.3764782080000002,3.0481920000000002,0.031241911471108667,-0,0.13230266822165779,0.086630042516925576,2.4183263778686523,5.747072696685791,0.049087498337030411,-0.29452499747276306,0.09375,0,0.59343749284744263,34,34,0,0,1,0,1,1,1.364495
212,2.721843432,PLUS_10_OUTBOUND,J2B,1,0,1.4071261179277339,3.0813567216796867,0.031241911471108667,0.0017393783688411679,0.085996734344077563,0.077967038265233019,2.4183263778686523,5.7468805313110352,-0.024543749168515205,-0.61359375715255737,0.09375,0,0.59343749284744263,34,34,0,0,1,0,1,1,1.3160769999999999
213,2.7318993109999998,PLUS_10_OUTBOUND,J2B,1,0,1.4381046669374997,3.1143187968750001,0.029506849177624424,-0,-0.0044918511843691847,0.052916126293561266,2.4181346893310547,5.747072696685791,-0.22089375555515289,-0.17180624604225159,0.1015625,0,0.64289061725139618,34,34,0,0,1,0,1,1,1.3705769999999999
214,2.7419011439999998,PLUS_10_OUTBOUND,J2B,1,0,1.4694117980957029,3.1470721435546878,0.029506849177624424,-0,-0.0029197032698399703,0.047624513664205143,2.4181346893310547,5.747072696685791,-0.39269998669624329,-0.22089375555515289,0.1015625,0,0.64289061725139618,33,34,0,0,1,0,1,1,1.3738440000000001
215,2.7518790559999999,PLUS_10_OUTBOUND,J2B,1,0,1.5010453939999999,3.1796107499999993,0.03297697376459291,-0,0.11982541567301706,0.077640125954474073,2.41851806640625,5.747072696685791,0.17180624604225159,-0.12271875143051147,0.10546875,0,0.66761717945337296,34,34,0,0,1,0,1,1,1.3691
216,2.7618963189999999,PLUS_10_OUTBOUND,J2B,1,0,1.5330032774824218,3.2119286748046871,0.03297697376459291,-0,0.077886520187461089,0.069876113359026673,2.41851806640625,5.747072696685791,-0.34361249208450317,-0.19634999334812164,0.09375,0,0.59343749284744263,34,34,0,0,1,0,1,1,1.368044
217,2.7718645199999998,PLUS_10_OUTBOUND,J2B,1,0,1.5652832123125,3.2440200468749998,0.036449256389239855,-0,0.17254381568940041,0.097722095613852783,2.4189016819000244,5.747072696685791,0.098174996674060822,-0.24543750286102295,0.1015625,0,0.64289061725139618,33,34,0,0,1,0,1,1,1.336109
218,2.7819167290000002,PLUS_10_OUTBOUND,J2B,1,0,1.5978829039003906,3.2758790654296872,0.038184318682724101,-0,0.17256525662650168,0.10521039360343648,2.4190933704376221,5.747072696685791,0.14726249873638153,-0.22089375555515289,0.109375,0,0.69234374165534973,33,34,0,0,1,0,1,1,1.406801
219,2.7929166900000002,PLUS_10_OUTBOUND,J2B,1,0,1.6308000000000002,3.3075000000000001,0.038184318682724101,-0,0.1121674168072261,0.094689354243092841,2.4190933704376221,5.747072696685791,0,-0.22089375555515289,0.10546875,0,0.66761717945337296,33,34,0,0,1,0,1,1,2.3897740000000001
220,2.8018873989999999,PLUS_10_OUTBOUND,J2B,1,0,1.6640320914121089,3.3388771904296877,0.036449256389239855,-0,0.0052138591642047344,0.065879001172928636,2.4189016819000244,5.747072696685791,-0.34361249208450317,-0.22089375555515289,0.10546875,0,0.66761717945337296,34,34,0,0,1,0,1,1,1.3774569999999999
221,2.8129179230000001,PLUS_10_OUTBOUND,J2B,1,0,1.6975767126874999,3.3700050468749998,0.039919380976208348,-0,0.11349652514759523,0.090750391538739247,2.4192850589752197,5.747072696685791,0.073631249368190765,-0.24543750286102295,0.109375,0,0.69234374165534973,33,34,0,0,1,0,1,1,2.3905189999999998
222,2.8218929400000001,PLUS_10_OUTBOUND,J2B,1,0,1.7314313428300776,3.4008780498046876,0.038184318682724101,-0,0.0061102731055442533,0.062343218601895997,2.4190933704376221,5.747072696685791,-0.34361249208450317,-0.24543750286102295,0.109375,0,0.69234374165534973,34,34,0,0,1,0,1,1,1.365753
223,2.831896387,PLUS_10_OUTBOUND,J2B,1,0,1.765593406,3.43149075,0.039919380976208348,-0,0.064677932344514577,0.07345354097768092,2.4192850589752197,5.747072696685791,-0.098174996674060822,-0.24543750286102295,0.12109375,0,0.76652342826128006,33,34,0,0,1,0,1,1,1.3861680000000001
224,2.8418961180000002,PLUS_10_OUTBOUND,J2B,1,0,1.8000602722167969,3.4618377685546875,0.041654443269692587,-0.001735062293484242,0.10276946990097506,0.083459276559067291,2.4194767475128174,5.7472643852233887,-0.024543749168515205,0.12271875143051147,0.1171875,0,0.74179686605930328,34,34,0,0,1,0,1,1,1.36842
225,2.8518432900000001,PLUS_10_OUTBOUND,J2B,1,0,1.8348292580624999,3.4919137968749996,0.043391663600855293,-0,0.12792578148361511,0.092577813488298091,2.4196686744689941,5.747072696685791,0.24543750286102295,-0.19634999334812164,0.125,0,0.79124999046325684,34,34,0,0,1,0,1,1,1.3150539999999999
226,2.861899218,PLUS_10_OUTBOUND,J2B,1,0,1.8698976273847654,3.521713596679688,0.045126725894339539,0.0017393783688411679,0.14354119220845871,0.10057415620921369,2.4198603630065918,5.7468805313110352,-0.22089375555515289,-0.58904999494552612,0.125,0,0.79124999046325684,34,34,0,0,1,0,1,1,1.3705780000000001
227,2.8719173969999998,PLUS_10_OUTBOUND,J2B,1,0,1.9052625920000008,3.5512319999999997,0.046861788187823779,-0,0.15391875959104248,0.10783587906130498,2.4200520515441895,5.747072696685791,0,-0.17180624604225159,0.1171875,0,0.74179686605930328,34,34,0,0,1,0,1,1,1.3870359999999999
228,2.8818971200000001,PLUS_10_OUTBOUND,J2B,1,0,1.9409213123964846,3.5804639091796875,0.046861788187823779,-0,0.10004719373417761,0.097052291155174483,2.4200520515441895,5.747072696685791,0.12271875143051147,-0.24543750286102295,0.125,0,0.79124999046325684,34,34,0,0,1,0,1,1,1.385758
229,2.8918967470000001,PLUS_10_OUTBOUND,J2B,1,0,1.9768708984375003,3.6094042968750002,0.052069133105954957,-0,0.24729454650417898,0.13942245363307518,2.4206273555755615,5.747072696685791,0.34361249208450317,-0.19634999334812164,0.125,0,0.79124999046325684,34,34,0,0,1,0,1,1,1.369826
230,2.9018615830000001,PLUS_10_OUTBOUND,J2B,1,0,2.0131084100644534,3.6380482060546875,0.048596850481308018,-0,0.038782707625003063,0.090634851811849576,2.4202437400817871,5.747072696685791,-0.34361249208450317,-0.17180624604225159,0.1328125,0,0.84070311486721039,34,34,0,0,1,0,1,1,1.333518
231,2.9118889389999998,PLUS_10_OUTBOUND,J2B,1,0,2.049630858,3.6663907500000006,0.050334070812470724,-0,0.085845593425310507,0.098896176193252777,2.4204356670379639,5.747072696685791,-0.31906875967979431,0.12271875143051147,0.1328125,0,0.84070311486721039,33,34,0,0,1,0,1,1,1.3602129999999999
232,2.9228903439999998,PLUS_10_OUTBOUND,J2B,1,0,2.0864352044511718,3.6944271123046892,0.05380419539943921,-0,0.16619858980904106,0.12054911688323872,2.4208190441131592,5.747072696685791,-0.049087498337030411,-0.024543749168515205,0.140625,0,0.89015623927116394,34,34,0,0,1,0,1,1,2.3612959999999998
233,2.93188776,PLUS_10_OUTBOUND,J2B,1,0,2.1235183638125004,3.7221525468750007,0.05380419539943921,0.0017393783688411679,0.10802908337587669,0.10849420519491484,2.4208190441131592,5.7468805313110352,-0.12271875143051147,-0.44178751111030579,0.1328125,0,0.84070311486721039,34,34,0,0,1,0,1,1,1.3778090000000001
234,2.9428872269999999,PLUS_10_OUTBOUND,J2B,1,0,2.1608772033691408,3.7495623779296872,0.055539257692923442,-0,0.1254281068510924,0.11341884257735839,2.4210107326507568,5.747072696685791,-0.39269998669624329,-0.098174996674060822,0.140625,0,0.89015623927116394,34,34,0,0,1,0,1,1,2.3586990000000001
235,2.9528234599999998,PLUS_10_OUTBOUND,J2B,1,0,2.1985085440000005,3.7766520000000003,0.055539257692923442,-0,0.081528269453210067,0.10207695831962255,2.4210107326507568,5.747072696685791,0,-0.17180624604225159,0.1328125,0,0.84070311486721039,33,34,0,0,1,0,1,1,2.2905730000000002
236,2.9618923989999999,PLUS_10_OUTBOUND,J2B,1,0,2.2364091608808598,3.803416877929688,0.057276478024086142,-0,0.12003838624312201,0.11102497994438471,2.4212026596069336,5.747072696685791,0.12271875143051147,-0.17180624604225159,0.1484375,0,0.93960936367511749,34,34,0,0,1,0,1,1,1.365737
237,2.9728570699999999,PLUS_10_OUTBOUND,J2B,1,0,2.2745757841874998,3.8298525468750002,0.057276478024086142,-0,0.078024951058029313,0.09992248194994624,2.4212026596069336,5.747072696685791,-0.26998123526573181,-0.098174996674060822,0.15234375,0,0.96433592587709427,34,34,0,0,1,0,1,1,2.327836
238,2.9818830850000002,PLUS_10_OUTBOUND,J2B,1,0,2.3130050997988278,3.8559546123046879,0.057276478024086142,-0,0.050716218187719056,0.089930233754951613,2.4212026596069336,5.747072696685791,-0.34361249208450317,-0.098174996674060822,0.1484375,0,0.93960936367511749,34,34,0,0,1,0,1,1,1.3732230000000001
239,2.9928861109999998,PLUS_10_OUTBOUND,J2B,1,0,2.3516937499999995,3.8817187499999992,0.057276478024086142,-0,0.032965541822017386,0.080937210379456448,2.4212026596069336,5.747072696685791,-0.24543750286102295,-0.17180624604225159,0.15625,0,0.98906248807907104,34,34,0,0,1,0,1,1,2.3592719999999998
240,3.0028205940000001,PLUS_10_OUTBOUND,J2B,1,0,2.3906383341855464,3.9071407060546881,0.057276478024086142,-0,0.021427602184311303,0.072843489341510803,2.4212026596069336,5.747072696685791,-0.24543750286102295,-0.024543749168515205,0.15625,0,0.98906248807907104,34,34,0,0,1,0,1,1,2.2871190000000001
241,3.012859229,PLUS_10_OUTBOUND,J2B,1,0,2.4298354095625001,3.9322162968749996,0.059011540317570388,-0,0.07442140519445814,0.08284298720011854,2.4213943481445312,5.747072696685791,0,0.19634999334812164,0.15625,0,0.98906248807907104,34,34,0,0,1,0,1,1,2.3312360000000001
242,3.02287332,PLUS_10_OUTBOUND,J2B,1,0,2.4692814918535153,3.956941409179688,0.059011540317570388,-0,0.048373913376397792,0.074558688480106688,2.4213943481445312,5.747072696685791,0,-0.049087498337030411,0.15625,0,0.98906248807907104,33,34,0,0,1,0,1,1,2.3458939999999999
243,3.0318872699999999,PLUS_10_OUTBOUND,J2B,1,0,2.5089730560000003,3.981312,0.062481664904538874,-0,0.16618348550307532,0.1056000887202151,2.4217777252197266,5.747072696685791,0.12271875143051147,-0.049087498337030411,0.15625,0,0.98906248807907104,34,34,0,0,1,0,1,1,1.377256
244,3.042895014,PLUS_10_OUTBOUND,J2B,1,0,2.5489065368652342,4.0053240966796881,0.060746602611054627,-0,0.05285157611043035,0.079277882857745424,2.4215860366821289,5.747072696685791,-0.36815625429153442,-0.17180624604225159,0.15625,0,0.98906248807907104,34,34,0,0,1,0,1,1,2.3672819999999999
245,3.0528487200000001,PLUS_10_OUTBOUND,J2B,1,0,2.5890783299374998,4.0289737968749995,0.062481664904538874,-0,0.095363142670215464,0.088781414057238245,2.4217777252197266,5.747072696685791,0,-0.12271875143051147,0.15625,0,0.98906248807907104,34,34,0,0,1,0,1,1,2.3209780000000002
246,3.0618597360000002,PLUS_10_OUTBOUND,J2B,1,0,2.6294847920332032,4.0522572685546887,0.062481664904538874,-0,0.061986042735640054,0.079903272651514423,2.4217777252197266,5.747072696685791,-0.19634999334812164,0.26998123526573181,0.16796875,0,1.0632421746850014,34,34,0,0,1,0,1,1,1.3326089999999999
247,3.072884658,PLUS_10_OUTBOUND,J2B,1,0,2.6701222419999997,4.0751707499999998,0.064218885235701587,-0,0.095441169739692758,0.087670157375370622,2.4219696521759033,5.747072696685791,-0.073631249368190765,-0.049087498337030411,0.17578125,0,1.1126952990889549,34,34,0,0,1,0,1,1,2.3549690000000001
248,3.0818913960000001,PLUS_10_OUTBOUND,J2B,1,0,2.7109869614199225,4.0977105498046873,0.064218885235701587,-0.001735062293484242,0.062036760330800293,0.07890314163783356,2.4219696521759033,5.7472643852233887,-0.19634999334812164,0.26998123526573181,0.17578125,0,1.1126952990889549,34,34,0,0,1,0,1,1,1.3814340000000001
249,3.0928641589999999,PLUS_10_OUTBOUND,J2B,1,0,2.7520751953125,4.119873046875,0.065953947529185819,-0,0.09566745742872404,0.086825274106537023,2.422161340713501,5.747072696685791,0.049087498337030411,-0.24543750286102295,0.17578125,0,1.1126952990889549,34,34,0,0,1,0,1,1,2.3373819999999998
250,3.1028515350000001,PLUS_10_OUTBOUND,J2B,1,0,2.7933831528378903,4.1416546904296894,0.064218885235701587,-0,0.0013799081639222152,0.060770192648812345,2.4219696521759033,5.747072696685791,-0.31906875967979431,-0.17180624604225159,0.17578125,0,1.1126952990889549,33,34,0,0,1,0,1,1,2.3235800000000002
251,3.1118881960000002,PLUS_10_OUTBOUND,J2B,1,0,2.8349070080000005,4.1630519999999995,0.065953947529185819,-0,0.068097845897616069,0.073893432124235867,2.422161340713501,5.747072696685791,0.098174996674060822,-0.12271875143051147,0.18359375,0,1.1621484234929085,33,34,0,0,1,0,1,1,1.359953
252,3.1228469849999998,PLUS_10_OUTBOUND,J2B,1,0,2.876642900349609,4.1840615654296878,0.064218885235701587,-0,-0.011150534220914922,0.050671479181993606,2.4219696521759033,5.747072696685791,-0.34361249208450317,-0.024543749168515205,0.18359375,0,1.1621484234929085,34,34,0,0,1,0,1,1,2.320179
253,3.1318009419999999,PLUS_10_OUTBOUND,J2B,1,0,2.9185869356874998,4.2046800468749996,0.065953947529185819,0.0017393783688411679,0.060573765337242236,0.064981934858319088,2.422161340713501,5.7468805313110352,-0.14726249873638153,-0.31906875967979431,0.18359375,0,1.1621484234929085,33,34,0,0,1,0,1,1,1.290883
254,3.1428906099999998,PLUS_10_OUTBOUND,J2B,1,0,2.960735186767578,4.2249041748046867,0.067689009822670065,-0,0.094133090218250295,0.074129496443642279,2.4223530292510986,5.747072696685791,-0.24543750286102295,-0.14726249873638153,0.19140625,0,1.211601547896862,33,34,0,0,1,0,1,1,2.3620960000000002
255,3.152835633,PLUS_10_OUTBOUND,J2B,1,0,3.0030836939999994,4.2447307500000004,0.069424072116154298,0.0017393783688411679,0.12224939434051496,0.084163085570321552,2.4225447177886963,5.7468805313110352,0.12271875143051147,-0.39269998669624329,0.19140625,0,1.211601547896862,34,34,0,0,1,0,1,1,2.3082549999999999
256,3.1618435310000002,PLUS_10_OUTBOUND,J2B,1,0,3.0456284661542972,4.2641566435546876,0.069424072116154298,0.0017393783688411679,0.079462106321334727,0.075746777013289399,2.4225447177886963,5.7468805313110352,0,-0.51541876792907715,0.19140625,0,1.211601547896862,34,34,0,0,1,0,1,1,1.332624
257,3.172858035,PLUS_10_OUTBOUND,J2B,1,0,3.0883654810625005,4.2831787968750001,0.071161292447317004,0.0017393783688411679,0.10685277458322733,0.083944215161777525,2.422736644744873,5.7468805313110352,0.073631249368190765,-0.36815625429153442,0.203125,0,1.2857812345027924,33,34,0,0,1,0,1,1,2.3298640000000002
258,3.1818268729999999,PLUS_10_OUTBOUND,J2B,1,0,3.1312906863222656,4.3017942216796872,0.071161292447317004,-0,0.06945430347909777,0.075549793645599772,2.422736644744873,5.747072696685791,-0.024543749168515205,-0.17180624604225159,0.19140625,0,1.211601547896862,33,34,0,0,1,0,1,1,1.3169519999999999
259,3.1928369980000002,PLUS_10_OUTBOUND,J2B,1,0,3.1744000000000003,4.3200000000000003,0.074631417034285497,-0,0.15545681556288041,0.099512390938601758,2.4231200218200684,5.747072696685791,0.098174996674060822,-0.073631249368190765,0.203125,0,1.2857812345027924,34,34,0,0,1,0,1,1,2.3095620000000001
260,3.2028394919999998,PLUS_10_OUTBOUND,J2B,1,0,3.2176893113339853,4.3377932841796865,0.076366479327769743,-0,0.16175896880537391,0.10690744861317063,2.423311710357666,5.747072696685791,0,-0.46633124351501465,0.19921875,0,1.2610546723008156,34,34,0,0,1,0,1,1,2.3126980000000001
261,3.2118439310000002,PLUS_10_OUTBOUND,J2B,1,0,3.2611544814375004,4.3551712968749996,0.076366479327769743,0.0017393783688411679,0.10514332972349305,0.096216703751853566,2.423311710357666,5.7468805313110352,-0.26998123526573181,-0.39269998669624329,0.203125,0,1.2857812345027924,34,34,0,0,1,0,1,1,1.333869
262,3.2228398170000001,PLUS_10_OUTBOUND,J2B,1,0,3.304791344001953,4.3721313310546872,0.078103699658932449,0.0017393783688411679,0.12363903733195437,0.10239385423714932,2.4235036373138428,5.7468805313110352,0.12271875143051147,-0.36815625429153442,0.203125,0,1.2857812345027924,34,34,0,0,1,0,1,1,2.3125900000000001
263,3.231836419,PLUS_10_OUTBOUND,J2B,1,0,3.3485957059999993,4.3886707500000002,0.078103699658932449,0.0017393783688411679,0.08036537426577034,0.092154468813434393,2.4235036373138428,5.7468805313110352,0.12271875143051147,-0.36815625429153442,0.21484375,0,1.3599609211087227,34,34,0,0,1,0,1,1,1.3259320000000001
264,3.2428416219999998,PLUS_10_OUTBOUND,J2B,1,0,3.3925633483886726,4.4047869873046874,0.076366479327769743,0.0017393783688411679,-0.003011566277259875,0.067153576346373645,2.423311710357666,5.7468805313110352,0.049087498337030411,-0.36815625429153442,0.21484375,0,1.3599609211087227,33,34,0,0,1,0,1,1,2.3149860000000002
265,3.2528418769999998,PLUS_10_OUTBOUND,J2B,1,0,3.4366900268125002,4.4204775468750004,0.078103699658932449,0.0017393783688411679,0.0588436430808661,0.077809979043474864,2.4235036373138428,5.7468805313110352,-0.049087498337030411,-0.39269998669624329,0.21484375,0,1.3599609211087227,34,34,0,0,1,0,1,1,2.3142640000000001
266,3.2618369249999999,PLUS_10_OUTBOUND,J2B,1,0,3.4809714723066412,4.4357400029296894,0.078103699658932449,-0,0.038248368002562969,0.07002898113912738,2.4235036373138428,5.747072696685791,0,-0.024543749168515205,0.21484375,0,1.3599609211087227,33,34,0,0,1,0,1,1,1.326873
267,3.2728464540000002,PLUS_10_OUTBOUND,J2B,1,0,3.5254033919999994,4.4505719999999984,0.078103699658932449,0.0017393783688411679,0.02486143920166593,0.063026083025214646,2.4235036373138428,5.7468805313110352,-0.34361249208450317,-0.36815625429153442,0.22265625,0,1.4094140455126762,34,34,0,0,1,0,1,1,2.3184079999999998
268,3.2828134009999999,PLUS_10_OUTBOUND,J2B,1,0,3.5699814698183587,4.4649712529296872,0.081573824245900928,-0,0.13801707041307432,0.091539798988976462,2.4238870143890381,5.747072696685791,0.31906875967979431,0,0.21484375,0,1.3599609211087227,34,34,0,0,1,0,1,1,2.285844
269,3.292836968,PLUS_10_OUTBOUND,J2B,1,0,3.6147013671875001,4.4789355468749994,0.079838761952416695,-0,0.029126694754421124,0.065075990228913902,2.4236953258514404,5.747072696685791,-0.36815625429153442,0,0.22265625,0,1.4094140455126762,33,34,0,0,1,0,1,1,2.3084820000000001
270,3.3028468069999999,PLUS_10_OUTBOUND,J2B,1,0,3.6595587237363283,4.4924627373046855,0.083308886539385174,-0,0.1402673306483771,0.093235528079737756,2.4240787029266357,5.747072696685791,0.12271875143051147,0,0.22265625,0,1.4094140455126762,33,34,0,0,1,0,1,1,2.3200980000000002
271,3.3128069089999999,PLUS_10_OUTBOUND,J2B,1,0,3.7045491579999998,4.5055507499999994,0.083308886539385174,-0,0.091173764921445119,0.083911975271763986,2.4240787029266357,5.747072696685791,-0.24543750286102295,-0.024543749168515205,0.234375,0,1.4835937321186066,33,34,0,0,1,0,1,1,2.2793160000000001
272,3.3228376220000002,PLUS_10_OUTBOUND,J2B,1,0,3.749668268123048,4.5181975810546877,0.083308886539385174,-0,0.059262947198939327,0.075520777744587583,2.4240787029266357,5.747072696685791,-0.36815625429153442,0,0.22265625,0,1.4094140455126762,34,34,0,0,1,0,1,1,2.3099150000000002
273,3.3328137760000001,PLUS_10_OUTBOUND,J2B,1,0,3.7949116325625005,4.5304012968749987,0.08504610687054788,-0,0.099468963985998318,0.085382428057753909,2.4242706298828125,5.747072696685791,-0.22089375555515289,0.049087498337030411,0.23828125,0,1.5083202943205833,33,34,0,0,1,0,1,1,2.2826249999999999
274,3.3428367300000001,PLUS_10_OUTBOUND,J2B,1,0,3.8402748107910156,4.5421600341796875,0.088516231457516359,-0,0.18583103925624261,0.11146596029921957,2.4246540069580078,5.747072696685791,0.24543750286102295,-0.024543749168515205,0.23828125,0,1.5083202943205833,34,34,0,0,1,0,1,1,2.3091149999999998
275,3.3528464539999998,PLUS_10_OUTBOUND,J2B,1,0,3.8857533439999994,4.5534719999999993,0.088516231457516359,-0,0.1207901755165577,0.10031936426929762,2.4246540069580078,5.747072696685791,-0.19634999334812164,0,0.23828125,0,1.5083202943205833,34,34,0,0,1,0,1,1,2.319264
276,3.3618224379999999,PLUS_10_OUTBOUND,J2B,1,0,3.9313427558027341,4.5643354716796871,0.088516231457516359,-0,0.078513614085762504,0.090287427842367859,2.4246540069580078,5.747072696685791,-0.44178751111030579,0,0.24609375,0,1.5577734187245369,33,34,0,0,1,0,1,1,1.309736
277,3.372837895,PLUS_10_OUTBOUND,J2B,1,0,3.9770385529374996,4.5747487968750002,0.093723576375647558,-0,0.21648960113643143,0.12853175705261274,2.4252293109893799,5.747072696685791,0.098174996674060822,-0.024543749168515205,0.25,0,1.5824999809265137,33,34,0,0,1,0,1,1,2.3080850000000002
278,3.3828086169999998,PLUS_10_OUTBOUND,J2B,1,0,4.0228362259707025,4.5847103935546887,0.093723576375647558,-0,0.14071824073868044,0.11567858134735147,2.4252293109893799,5.747072696685791,0,0.024543749168515205,0.2578125,0,1.6319531053304672,34,34,0,0,1,0,1,1,2.2807620000000002
279,3.3928331410000001,PLUS_10_OUTBOUND,J2B,1,0,4.0687312500000008,4.5942187499999978,0.09545863866913179,0.0017393783688411679,0.15204547375109323,0.12141889957574517,2.4254209995269775,5.7468805313110352,-0.073631249368190765,-0.36815625429153442,0.25,0,1.5824999809265137,34,34,0,0,1,0,1,1,2.304878
280,3.4028423989999999,PLUS_10_OUTBOUND,J2B,1,0,4.1147190853574216,4.6032724248046888,0.09545863866913179,-0,0.098829557938210605,0.10927700961817066,2.4254209995269775,5.747072696685791,-0.14726249873638153,0,0.25390625,0,1.6072265431284904,33,34,0,0,1,0,1,1,2.3153950000000001
281,3.4127972529999999,PLUS_10_OUTBOUND,J2B,1,0,4.1607951783125001,4.6118700468750013,0.09545863866913179,-0,0.064239212659836897,0.098349308656353593,2.4254209995269775,5.747072696685791,-0.29452499747276306,0.024543749168515205,0.25,0,1.5824999809265137,33,34,0,0,1,0,1,1,2.2874629999999998
282,3.422826014,PLUS_10_OUTBOUND,J2B,1,0,4.2069549617753914,4.6200103154296892,0.097193700962616036,-0,0.10230851194931997,0.10581524171083995,2.4256126880645752,5.747072696685791,0.12271875143051147,0,0.2578125,0,1.6319531053304672,34,34,0,0,1,0,1,1,2.2999019999999999
283,3.432823559,PLUS_10_OUTBOUND,J2B,1,0,4.2531938559999993,4.6276920000000024,0.098930921293778742,-0,0.12731817508894239,0.11261018677458008,2.425804615020752,5.747072696685791,0.12271875143051147,0.098174996674060822,0.26953125,0,1.7061327919363976,34,34,0,0,1,0,1,1,2.2967230000000001
284,3.4428244320000001,PLUS_10_OUTBOUND,J2B,1,0,4.2995072692871101,4.6349139404296889,0.098930921293778742,-0,0.082756813807812551,0.10134916809712208,2.425804615020752,5.747072696685791,0.073631249368190765,0,0.2578125,0,1.6319531053304672,34,34,0,0,1,0,1,1,2.2982999999999998
285,3.4528293529999998,PLUS_10_OUTBOUND,J2B,1,0,4.3458905986875003,4.6416750468749992,0.10240104588074722,0.0017393783688411679,0.17518655122536891,0.12589842907320722,2.4261879920959473,5.7468805313110352,0.19634999334812164,-0.36815625429153442,0.2578125,0,1.6319531053304672,33,34,0,0,1,0,1,1,2.3001019999999999
286,3.4618307239999999,PLUS_10_OUTBOUND,J2B,1,0,4.3923392307050788,4.6479742998046873,0.10587332850539416,-0,0.24888390455075665,0.1518836279528199,2.4265716075897217,5.747072696685791,0.31906875967979431,0,0.265625,0,1.6814062297344208,33,34,0,0,1,0,1,1,1.3210150000000001
287,3.472823349,PLUS_10_OUTBOUND,J2B,1,0,4.4388485419999988,4.6538107500000008,0.10240104588074722,-0,0.051218695415703827,0.10510788157402705,2.4261879920959473,5.747072696685791,-0.44178751111030579,0.098174996674060822,0.2734375,0,1.7308593541383743,33,34,0,0,1,0,1,1,2.2966190000000002
288,3.482833887,PLUS_10_OUTBOUND,J2B,1,0,4.485413900091797,4.6591835185546859,0.10413610817423147,-0,0.093955405355791333,0.11192945151250544,2.4263796806335449,5.747072696685791,-0.24543750286102295,0.049087498337030411,0.2734375,0,1.7308593541383743,34,34,0,0,1,0,1,1,2.3238759999999998
289,3.4928234539999998,PLUS_10_OUTBOUND,J2B,1,0,4.5320306640624981,4.6640917968750006,0.10413610817423147,-0,0.061071013481264369,0.1007365063612549,2.4263796806335449,5.747072696685791,-0.31906875967979431,0,0.28515625,0,1.8050390407443047,34,34,0,0,1,0,1,1,2.3133560000000002
290,3.5028238649999999,PLUS_10_OUTBOUND,J2B,1,0,4.5786941852597645,4.6685348466796883,0.10760839079887842,-0,0.16122105595219016,0.12538425492209179,2.4267632961273193,5.747072696685791,0.34361249208450317,0,0.2734375,0,1.7308593541383743,33,34,0,0,1,0,1,1,2.3140589999999999
291,3.5127888440000001,PLUS_10_OUTBOUND,J2B,1,0,4.6253998080000009,4.6725120000000002,0.10587332850539416,-0,0.043853086020495882,0.095434229330331827,2.4265716075897217,5.747072696685791,-0.36815625429153442,0,0.28515625,0,1.8050390407443047,34,34,0,0,1,0,1,1,2.2618
292,3.5228262360000002,PLUS_10_OUTBOUND,J2B,1,0,4.6721428702714842,4.6760226591796901,0.10934345309236265,0.0017393783688411679,0.14950641611459389,0.12046278074051911,2.426954984664917,5.7468805313110352,-0.14726249873638153,-0.36815625429153442,0.28125,0,1.7803124785423279,33,34,0,0,1,0,1,1,2.3165209999999998
293,3.5328368189999999,PLUS_10_OUTBOUND,J2B,1,0,4.7189187044375007,4.6790662968750008,0.11107851538584688,-0,0.15784215111402525,0.12574878284919269,2.4271466732025146,5.747072696685791,-0.26998123526573181,0.12271875143051147,0.2890625,0,1.8297656029462814,34,34,0,0,1,0,1,1,2.3102499999999999
294,3.5428175130000001,PLUS_10_OUTBOUND,J2B,1,0,4.7657226379394526,4.6816424560546857,0.11281573571700959,-0,0.16351772259303632,0.13057971152682196,2.4273386001586914,5.747072696685791,-0.073631249368190765,0,0.28125,0,1.7803124785423279,34,34,0,0,1,0,1,1,2.3074080000000001
295,3.5528138949999999,PLUS_10_OUTBOUND,J2B,1,0,4.8125499939999985,4.6837507499999989,0.11455079801049385,0.0017393783688411679,0.16703567900326541,0.13487864303636601,2.4275302886962891,5.7468805313110352,0,-0.26998123526573181,0.296875,0,1.879218727350235,33,34,0,0,1,0,1,1,2.2874629999999998
296,3.5628066289999998,PLUS_10_OUTBOUND,J2B,1,0,4.8593960923261728,4.6853908623046889,0.11455079801049385,-0,0.10857319135212253,0.12139077873272941,2.4275302886962891,5.747072696685791,-0.29452499747276306,0.049087498337030411,0.2890625,0,1.8297656029462814,34,34,0,0,1,0,1,1,2.2719689999999999
297,3.5728256520000001,PLUS_10_OUTBOUND,J2B,1,0,4.9062562498125004,4.6865625468750016,0.11628586030397808,0.0017393783688411679,0.13118445267474343,0.12656938037256041,2.4277219772338867,5.7468805313110352,-0.46633124351501465,-0.24543750286102295,0.3046875,0,1.9286718517541885,34,34,0,0,1,0,1,1,2.2961429999999998
298,3.5829876280000001,PLUS_10_OUTBOUND,J2B,1,0,4.9531257812441414,4.6872656279296896,0.11975814292862502,-0,0.2048626701540574,0.14808180688258271,2.4281055927276611,5.747072696685791,-0.24543750286102295,0.049087498337030411,0.3046875,0,1.9286718517541885,33,34,0,0,1,0,1,1,2.4613079999999998
299,3.5928907030000001,PLUS_10_OUTBOUND,J2B,1,0,5,4.6875,0.11802092259746232,-0,0.071762925737347411,0.11573139480495591,2.4279136657714844,5.747072696685791,-0.29452499747276306,0.049087498337030411,0.3046875,0,1.9286718517541885,33,34,0,0,1,0,1,1,2.2458300000000002
300,3.6029517329999998,PLUS_10_OUTBOUND,J2B,1,0,5.0468742187558568,4.6872656279296878,0.11802092259746232,-0,0.046645901729275817,0.10415825532446032,2.4279136657714844,5.747072696685791,-0.41724374890327454,0.049087498337030411,0.3046875,0,1.9286718517541885,34,34,0,0,1,0,1,1,2.2528959999999998
301,3.6129669729999998,PLUS_10_OUTBOUND,J2B,1,0,5.0937437501874969,4.6865625468750025,0.12149320522210925,0.0017393783688411679,0.15166479826437049,0.12841241897496891,2.4282972812652588,5.7468805313110352,0,-0.26998123526573181,0.3046875,0,1.9286718517541885,34,34,0,0,1,0,1,1,2.2822789999999999
302,3.6229026310000001,PLUS_10_OUTBOUND,J2B,1,0,5.1406039076738272,4.6853908623046872,0.12322826751559351,0.0017393783688411679,0.15970256028794766,0.13303416033921683,2.4284889698028564,5.7468805313110352,-0.19634999334812164,-0.22089375555515289,0.3125,0,1.9781249761581421,34,34,0,0,1,0,1,1,2.2576139999999998
303,3.6329441039999999,PLUS_10_OUTBOUND,J2B,1,0,5.1874500059999988,4.6837507500000015,0.13190573702069319,-0,0.40626371673164302,0.20614704503228859,2.4294476509094238,5.747072696685791,0.098174996674060822,0.073631249368190765,0.31640625,0,2.0028515383601189,33,34,0,0,1,0,1,1,2.259798
304,3.6428778419999999,PLUS_10_OUTBOUND,J2B,1,0,5.2342773620605474,4.6816424560546874,0.13364295735185591,0.0017393783688411679,0.32527970583720717,0.20302042337524234,2.4296395778656006,5.7468805313110352,0,-0.34361249208450317,0.31640625,0,2.0028515383601189,34,34,0,0,1,0,1,1,2.1439300000000001
305,3.6529542369999999,PLUS_10_OUTBOUND,J2B,1,0,5.2810812955624984,4.6790662968749999,0.13364295735185591,0.0034744406623254103,0.21143180879418466,0.18271838103771812,2.4296395778656006,5.7466888427734375,-0.36815625429153442,-0.58904999494552612,0.33203125,0,2.101757787168026,34,34,0,0,1,0,1,1,2.2661709999999999
306,3.662933057,PLUS_10_OUTBOUND,J2B,1,0,5.3278571297285149,4.6760226591796901,0.1388481442323086,-0,0.31999889602266995,0.21660889159293201,2.4302146434783936,5.747072696685791,-0.17180624604225159,0.098174996674060822,0.3125,0,1.9781249761581421,33,34,0,0,1,0,1,1,2.162042
307,3.6729966649999999,PLUS_10_OUTBOUND,J2B,1,0,5.3746001920000017,4.6725119999999976,0.14579055144392405,0.0034744406623254103,0.44944772953881368,0.26393327304051828,2.4309816360473633,5.7466888427734375,-0.17180624604225159,-0.61359375715255737,0.3203125,0,2.0275781005620956,34,34,0,0,1,0,1,1,2.3055249999999998
308,3.6829741629999999,PLUS_10_OUTBOUND,J2B,1,0,5.4213058147402338,4.6685348466796839,0.15099789636205524,-0,0.47480913612026232,0.28973083485647599,2.4315569400787354,5.747072696685791,-0.29452499747276306,0.19634999334812164,0.31640625,0,2.0028515383601189,33,34,0,0,1,0,1,1,2.2859539999999998
309,3.6929406349999998,PLUS_10_OUTBOUND,J2B,1,0,5.4679693359375019,4.6640917968749998,0.15794030357367067,0.0017393783688411679,0.55242760912606137,0.33041537155594014,2.4323239326477051,5.7468805313110352,0.19634999334812164,-0.098174996674060822,0.33203125,0,2.101757787168026,34,34,0,0,1,0,1,1,2.2797149999999999
310,3.7029059640000002,PLUS_10_OUTBOUND,J2B,1,0,5.5145860999082004,4.6591835185546904,0.16661777307877035,0.0034744406623254103,0.66384604006960246,0.38445043272539259,2.4332826137542725,5.7466888427734375,0.049087498337030411,-0.4908750057220459,0.33203125,0,2.101757787168026,34,34,0,0,1,0,1,1,2.2210000000000001
311,3.7129561510000002,PLUS_10_OUTBOUND,J2B,1,0,5.5611514580000021,4.6538107499999999,0.18397487012664812,0.0017393783688411679,1.0359646953830852,0.51870960926366583,2.4352002143859863,5.7468805313110352,0.4908750057220459,-0.12271875143051147,0.328125,0,2.0770312249660492,34,34,0,0,1,0,1,1,2.2701539999999998
312,3.722970219,PLUS_10_OUTBOUND,J2B,1,0,5.6076607692949203,4.6479742998046891,0.2290994379833092,0.0017393783688411679,2.2505182048083991,0.91745040628284036,2.440185546875,5.7468805313110352,0.78539997339248657,-0.17180624604225159,0.30078125,0,1.9039452895522118,33,34,0,0,1,0,1,1,2.2819970000000001
313,3.7329688939999999,PLUS_10_OUTBOUND,J2B,1,0,5.6541094013125006,4.6416750468749992,0.32629313894592521,0.0034744406623254103,4.8650671623356923,1.7977711740003373,2.4509234428405762,5.7466888427734375,1.2762750387191772,-0.24543750286102295,0.26953125,0,1.7061327919363976,34,34,0,0,1,0,1,1,2.2756080000000001
314,3.742960439,PLUS_10_OUTBOUND,J2B,1,0,5.7004927307128916,4.634913940429688,0.40265961827369495,0.0034744406623254103,5.8373822193708511,2.3823050748439183,2.4593603610992432,5.7466888427734375,0.68722498416900635,0.12271875143051147,0.2890625,0,1.8297656029462814,34,34,0,0,1,0,1,1,2.1849980000000002
315,3.7529654610000001,PLUS_10_OUTBOUND,J2B,1,0,5.7468061440000007,4.6276920000000015,0.50853294677908911,0.0069445652492938935,7.4980049388773828,3.2022764234413348,2.4710571765899658,5.7463054656982422,1.8653249740600586,-0.36815625429153442,0.25390625,0,1.6072265431284904,33,34,0,0,1,0,1,1,2.2809840000000001
316,3.7629160530000001,PLUS_10_OUTBOUND,J2B,1,0,5.7930450382246104,4.6200103154296857,0.61787424183377326,0.0069445652492938935,8.7196505940178497,3.9808908907393592,2.4831371307373047,5.7463054656982422,0.56450623273849487,0,0.265625,0,1.6814062297344208,34,34,0,0,1,0,1,1,2.3629609999999999
317,3.7729557059999999,PLUS_10_OUTBOUND,J2B,1,0,5.8392048216875008,4.6118700468750013,0.72721769492613597,0.0086796275427781355,9.4796783954282944,4.6719176614701929,2.4952173233032227,5.7461137771606445,1.7671500444412231,-0.22089375555515289,0.24609375,0,1.5577734187245369,34,34,0,0,1,0,1,1,2.2889810000000002
318,3.7829747779999998,PLUS_10_OUTBOUND,J2B,1,0,5.8852809146425766,4.6032724248046897,0.86953812178309153,0.0086796275427781355,11.133523808128238,5.6252209956374157,2.5109407901763916,5.7461137771606445,1.7671500444412231,0.024543749168515205,0.22265625,0,1.4094140455126762,34,34,0,0,1,0,1,1,2.3199100000000001
319,3.7929682790000001,PLUS_10_OUTBOUND,J2B,1,0,5.9312687500000019,4.594218749999996,1.1021076843533693,0.010414689836262378,15.382018749097988,7.3899069743064265,2.5366349220275879,5.7459220886230469,3.509756326675415,-0.024543749168515205,0.1484375,0,0.93960936367511749,34,34,0,0,1,0,1,1,2.2813430000000001
320,3.802964104,PLUS_10_OUTBOUND,J2B,1,0,5.9771637740292967,4.584710393554686,1.386746380029602,0.01562419279207203,19.964827555748478,9.4984920965428667,2.5680816173553467,5.7453465461730957,3.0679688453674316,-0.34361249208450317,0.1328125,0,0.84070311486721039,34,34,0,0,1,0,1,1,2.271544
321,3.8129645490000001,PLUS_10_OUTBOUND,J2B,1,0,6.0229614470625004,4.5747487968750011,1.5741913747432186,0.01909431737904051,19.537420793624698,10.423009424713776,2.5887904167175293,5.7449631690979004,1.3253624439239502,-0.22089375555515289,0.19140625,0,1.211601547896862,34,34,0,0,1,0,1,1,2.276249
322,3.822931262,PLUS_10_OUTBOUND,J2B,1,0,6.0686572441972668,4.5643354716796871,1.6575002612826037,0.020829379672524757,15.624872820705633,10.216579712199422,2.597994327545166,5.7447714805603027,0.39269998669624329,-0.24543750286102295,0.25390625,0,1.6072265431284904,34,34,0,0,1,0,1,1,2.2485409999999999
323,3.8328759460000001,PLUS_10_OUTBOUND,J2B,1,0,6.1142466559999988,4.5534720000000011,1.6609703858695721,0.020829379672524757,10.278297267948176,9.2298160079764848,2.5983777046203613,5.7447714805603027,0.14726249873638153,-0.29452499747276306,0.28515625,0,1.8050390407443047,33,34,0,0,1,0,1,1,2.2206410000000001
324,3.8428641689999998,PLUS_10_OUTBOUND,J2B,1,0,6.1597251892089844,4.5421600341796875,1.6609703858695721,0.01909431737904051,6.6808932241663141,8.3068344071788367,2.5983777046203613,5.7449631690979004,-0.51541876792907715,0,0.28515625,0,1.8050390407443047,34,34,0,0,1,0,1,1,2.1754669999999998
325,3.8529424539999999,PLUS_10_OUTBOUND,J2B,1,0,6.2050883674374981,4.5304012968749987,1.6627076062007349,0.01909431737904051,4.4029110106454628,7.4933882278716277,2.5985696315765381,5.7449631690979004,-0.073631249368190765,0,0.28515625,0,1.8050390407443047,33,34,0,0,1,0,1,1,2.255684
326,3.862893234,PLUS_10_OUTBOUND,J2B,1,0,6.2503317318769529,4.5181975810546859,1.6644426684942191,0.01909431737904051,2.92291971483154,6.7614858502021766,2.5987613201141357,5.7449631690979004,0.098174996674060822,-0.073631249368190765,0.28515625,0,1.8050390407443047,34,34,0,0,1,0,1,1,2.1968209999999999
327,3.8729706849999999,PLUS_10_OUTBOUND,J2B,1,0,6.295450842000001,4.5055507500000012,1.6627076062007349,0.01909431737904051,1.8396373576341138,6.0681199917515629,2.5985696315765381,5.7449631690979004,-0.31906875967979431,-0.12271875143051147,0.28515625,0,1.8050390407443047,34,34,0,0,1,0,1,1,2.3240240000000001
328,3.8829634419999999,PLUS_10_OUTBOUND,J2B,1,0,6.3404412762636735,4.4924627373046881,1.6644426684942191,0.01909431737904051,1.2565354793119989,5.4786711916763569,2.5987613201141357,5.7449631690979004,-0.46633124351501465,-0.12271875143051147,0.296875,0,1.879218727350235,34,34,0,0,1,0,1,1,2.2745850000000001
329,3.892941451,PLUS_10_OUTBOUND,J2B,1,0,6.3852986328124981,4.4789355468750047,1.6679127930811877,0.01909431737904051,0.93847010103372153,4.965581798074699,2.5991446971893311,5.7449631690979004,0.073631249368190765,-0.14726249873638153,0.296875,0,1.879218727350235,34,34,0,0,1,0,1,1,2.2576480000000001
330,3.9028759110000002,PLUS_10_OUTBOUND,J2B,1,0,6.4300185301816413,4.4649712529296863,1.6679127930811877,0.017359255085556271,0.61000556567191899,4.4690236182672294,2.5991446971893311,5.745154857635498,-0.34361249208450317,0.14726249873638153,0.296875,0,1.879218727350235,33,34,0,0,1,0,1,1,2.2318470000000001
331,3.9129747190000002,PLUS_10_OUTBOUND,J2B,1,0,6.4745966079999997,4.4505719999999984,1.6713850757058344,0.01909431737904051,0.51684444589403233,4.0565043502140163,2.5995283126831055,5.7449631690979004,0,-0.19634999334812164,0.296875,0,1.879218727350235,33,34,0,0,1,0,1,1,2.284897
332,3.922901542,PLUS_10_OUTBOUND,J2B,1,0,6.5190285276933597,4.4357400029296894,1.6731201379993188,0.017359255085556271,0.39712372922531153,3.668332440733812,2.5997200012207031,5.745154857635498,0,0.098174996674060822,0.3046875,0,1.9286718517541885,33,34,0,0,1,0,1,1,2.209956
333,3.9329315939999998,PLUS_10_OUTBOUND,J2B,1,0,6.5633099731874989,4.4204775468749986,1.6731201379993188,0.01909431737904051,0.25813042399645253,3.3014991966604308,2.5997200012207031,5.7449631690979004,-0.73631250858306885,-0.24543750286102295,0.3046875,0,1.9286718517541885,34,34,0,0,1,0,1,1,2.4130189999999998
334,3.9429113560000002,PLUS_10_OUTBOUND,J2B,1,0,6.6074366516113301,4.4047869873046865,1.6783274829174497,0.020829379672524757,0.35041144759104892,3.0235283261353465,2.6002953052520752,5.7447714805603027,0.049087498337030411,-0.58904999494552612,0.3046875,0,1.9286718517541885,34,34,0,0,1,0,1,1,2.2105389999999998
335,3.952937425,PLUS_10_OUTBOUND,J2B,1,0,6.6514042939999998,4.3886707499999993,1.6765924206239657,0.01909431737904051,0.16719815872403535,2.7038699843189131,2.6001036167144775,5.7449631690979004,-0.56450623273849487,-0.24543750286102295,0.3046875,0,1.9286718517541885,33,34,0,0,1,0,1,1,2.2435890000000001
336,3.9629710779999998,PLUS_10_OUTBOUND,J2B,1,0,6.6952086559980462,4.3721313310546863,1.6783274829174497,0.017359255085556271,0.16920230370621064,2.4507754146114755,2.6002953052520752,5.745154857635498,-0.22089375555515289,0,0.3125,0,1.9781249761581421,34,34,0,0,1,0,1,1,2.4539230000000001
337,3.972899972,PLUS_10_OUTBOUND,J2B,1,0,6.7388455185624982,4.3551712968749987,1.6800625452109343,0.017359255085556271,0.17114357676244835,2.223172752965588,2.6004869937896729,5.745154857635498,-0.14726249873638153,0.098174996674060822,0.3125,0,1.9781249761581421,34,34,0,0,1,0,1,1,2.273444
338,3.9829393550000001,PLUS_10_OUTBOUND,J2B,1,0,6.7823106886660156,4.3377932841796838,1.6817976075044185,0.017359255085556271,0.17173228150970432,2.0181380367016328,2.6006786823272705,5.745154857635498,-0.34361249208450317,0.24543750286102295,0.31640625,0,2.0028515383601189,34,34,0,0,1,0,1,1,2.2311139999999998
339,3.9929360649999999,PLUS_10_OUTBOUND,J2B,1,0,6.8256000000000014,4.3199999999999994,1.6887400147160339,0.01909431737904051,0.35469020351640496,1.8857711531843544,2.6014456748962402,5.7449631690979004,0.098174996674060822,-0.29452499747276306,0.31640625,0,2.0028515383601189,33,34,0,0,1,0,1,1,2.2521719999999998
340,4.0029324239999999,PLUS_10_OUTBOUND,J2B,1,0,6.8687093136777353,4.3017942216796889,1.6887400147160339,0.01909431737904051,0.23054863228566322,1.6971940378659189,2.6014456748962402,5.7449631690979004,0,-0.19634999334812164,0.31640625,0,2.0028515383601189,34,34,0,0,1,0,1,1,2.2480579999999999
341,4.0128984839999999,PLUS_10_OUTBOUND,J2B,1,0,6.9116345189374968,4.2831787968750001,1.6922122973406808,0.017359255085556271,0.27180038000035978,1.5623157109406638,2.6018292903900146,5.745154857635498,0.34361249208450317,0.12271875143051147,0.31640625,0,2.0028515383601189,34,34,0,0,1,0,1,1,2.2159239999999998
342,4.0229797940000003,PLUS_10_OUTBOUND,J2B,1,0,6.9543715338457046,4.2641566435546867,1.6991547045522961,0.017359255085556271,0.41769472934085028,1.4749482776582021,2.6025962829589844,5.745154857635498,0.22089375555515289,0.17180624604225159,0.33203125,0,2.101757787168026,34,34,0,0,1,0,1,1,2.2248480000000002
343,4.0329686929999999,PLUS_10_OUTBOUND,J2B,1,0,6.996916306000001,4.2447307499999987,1.7060971117639117,0.01909431737904051,0.51475586306431576,1.3969546753188857,2.6033632755279541,5.7449631690979004,-0.31906875967979431,-0.24543750286102295,0.3203125,0,2.0275781005620956,34,34,0,0,1,0,1,1,2.2776770000000002
344,4.0428960189999996,PLUS_10_OUTBOUND,J2B,1,0,7.039264813232422,4.2249041748046912,1.7217169884806267,0.01909431737904051,0.88528913746093141,1.4146014439210333,2.6050889492034912,5.7449631690979004,0.44178751111030579,-0.098174996674060822,0.328125,0,2.0770312249660492,34,34,0,0,1,0,1,1,2.2404639999999998
345,4.0529703250000004,PLUS_10_OUTBOUND,J2B,1,0,7.0814130643124953,4.2046800468750023,1.7356018029038573,0.01909431737904051,1.0578220408579706,1.41096532853132,2.6066229343414307,5.7449631690979004,0.098174996674060822,-0.12271875143051147,0.3125,0,1.9781249761581421,33,34,0,0,1,0,1,1,2.2781570000000002
346,4.0629734260000001,PLUS_10_OUTBOUND,J2B,1,0,7.1233570996503932,4.1840615654296869,1.7703138389619348,0.020829379672524757,1.9021289583001284,1.6168815476046017,2.6104578971862793,5.7447714805603027,0.39269998669624329,-0.34361249208450317,0.3046875,0,1.9286718517541885,33,34,0,0,1,0,1,1,2.2767599999999999
347,4.0729490119999996,PLUS_10_OUTBOUND,J2B,1,0,7.1650929919999982,4.1630520000000004,1.8449452559962203,0.01909431737904051,3.8548762064002995,2.2033340738456317,2.6187031269073486,5.7449631690979004,1.0799249410629272,0.19634999334812164,0.28125,0,1.7803124785423279,33,34,0,0,1,0,1,1,2.21428
348,4.0829443049999998,PLUS_10_OUTBOUND,J2B,1,0,7.2066168471621079,4.1416546904296876,1.9022195759826279,0.01909431737904051,4.5112147438145982,2.5560135835051843,2.6250307559967041,5.7449631690979004,-0.17180624604225159,0.31906875967979431,0.3125,0,1.9781249761581421,33,34,0,0,1,0,1,1,2.2544439999999999
349,4.0929376560000001,PLUS_10_OUTBOUND,J2B,1,0,7.2479248046875,4.119873046875,1.907426920900759,0.022564441966008993,3.11466791896934,2.352520321008909,2.6256060600280762,5.7445797920227051,-0.24543750286102295,-0.24543750286102295,0.33203125,0,2.101757787168026,34,34,0,0,1,0,1,1,2.2526480000000002
350,4.1029525019999999,PLUS_10_OUTBOUND,J2B,1,0,7.2890130385800767,4.09771054980469,1.9091619831942437,0.022564441966008993,2.0851713056767531,2.1345931912927845,2.6257977485656738,5.7445797920227051,0,-0.31906875967979431,0.3359375,0,2.1264843493700027,34,34,0,0,1,0,1,1,2.2113160000000001
351,4.1128541099999998,PLUS_10_OUTBOUND,J2B,1,0,7.3298777579999985,4.0751707499999963,1.907426920900759,0.022564441966008993,1.2940307241368239,1.9036108365769158,2.6256060600280762,5.7445797920227051,-0.24543750286102295,-0.36815625429153442,0.3359375,0,2.1264843493700027,33,34,0,0,1,0,1,1,2.1620680000000001
352,4.1229320400000002,PLUS_10_OUTBOUND,J2B,1,0,7.3705152079667977,4.0522572685546905,1.9091619831942437,0.022564441966008993,0.90137756353980814,1.7304662080194737,2.6257977485656738,5.7445797920227051,-0.24543750286102295,-0.36815625429153442,0.3359375,0,2.1264843493700027,34,34,0,0,1,0,1,1,2.247255
353,4.1328545849999996,PLUS_10_OUTBOUND,J2B,1,0,7.410921670062498,4.0289737968750039,1.9108970454877279,0.020829379672524757,0.64709663057800948,1.5749056484395647,2.6259894371032715,5.7447714805603027,0,0,0.3359375,0,2.1264843493700027,34,34,0,0,1,0,1,1,2.1672199999999999
354,4.1429704430000003,PLUS_10_OUTBOUND,J2B,1,0,7.4510934631347645,4.0053240966796899,1.9108970454877279,0.022564441966008993,0.42061280987570615,1.4174150835956083,2.6259894371032715,5.7445797920227051,-0.19634999334812164,-0.31906875967979431,0.33203125,0,2.101757787168026,33,34,0,0,1,0,1,1,2.2403590000000002
355,4.1529286150000004,PLUS_10_OUTBOUND,J2B,1,0,7.4910269440000041,3.9813119999999969,1.916104390405859,0.020829379672524757,0.45642094556515944,1.3279657521348904,2.6265647411346436,5.7447714805603027,-0.31906875967979431,0,0.3359375,0,2.1264843493700027,34,34,0,0,1,0,1,1,2.2372079999999999
356,4.1629707969999998,PLUS_10_OUTBOUND,J2B,1,0,7.5307185081464825,3.9569414091796906,1.9213117353239904,0.022564441966008993,0.47816511928696448,1.2470238925412902,2.6271400451660156,5.7445797920227051,-0.024543749168515205,-0.24543750286102295,0.3359375,0,2.1264843493700027,34,34,0,0,1,0,1,1,2.452429
357,4.1729703349999996,PLUS_10_OUTBOUND,J2B,1,0,7.5701645904375017,3.9322162968749996,1.9265190802421213,0.020829379672524757,0.49307282033688049,1.1743973583729765,2.6277153491973877,5.7447714805603027,-0.24543750286102295,0.098174996674060822,0.34765625,0,2.2006640359759331,34,34,0,0,1,0,1,1,2.3275540000000001
358,4.1830026849999999,PLUS_10_OUTBOUND,J2B,1,0,7.6093616658144523,3.9071407060546925,1.9386666743341894,0.024299504259493242,0.74429215020838058,1.178041855961224,2.6290574073791504,5.7443881034851074,0.14726249873638153,-0.58904999494552612,0.33984375,0,2.1512109115719795,34,34,0,0,1,0,1,1,2.3104420000000001
359,4.1929643069999996,PLUS_10_OUTBOUND,J2B,1,0,7.6483062499999992,3.8817187500000006,1.9594938959690356,0.020829379672524757,1.2155510076430791,1.2693122732244251,2.6313583850860596,5.7447714805603027,-0.098174996674060822,0.12271875143051147,0.3359375,0,2.1264843493700027,34,34,0,0,1,0,1,1,2.17902
360,4.2029543949999999,PLUS_10_OUTBOUND,J2B,1,0,7.6869949002011717,3.8559546123046884,2.0098258087438277,0.022564441966008993,2.5534729492697767,1.6461995585596325,2.6369190216064453,5.7445797920227051,1.0799249410629272,0,0.3046875,0,1.9286718517541885,33,34,0,0,1,0,1,1,2.2601640000000001
361,4.2129120130000004,PLUS_10_OUTBOUND,J2B,1,0,7.7254242158125024,3.8298525468749989,2.1174341995427062,0.024299504259493242,5.4420813402372703,2.5622435807642168,2.6488075256347656,5.7443881034851074,1.2762750387191772,-0.024543749168515205,0.2734375,0,1.7308593541383743,34,34,0,0,1,0,1,1,2.260094
362,4.2229046559999999,PLUS_10_OUTBOUND,J2B,1,0,7.7635908391191402,3.8034168779296862,2.2458676539387525,0.027769628846461721,8.0358333070727923,3.5912993472359576,2.662996768951416,5.7440047264099121,1.6198874711990356,-0.24543750286102295,0.25390625,0,1.6072265431284904,34,34,0,0,1,0,1,1,2.2210749999999999
363,4.2328813869999999,PLUS_10_OUTBOUND,J2B,1,0,7.8014914560000008,3.7766520000000003,2.421165054560301,0.03124406950878713,11.373010452032853,4.9892319274939441,2.6823635101318359,5.7436208724975586,1.7180625200271606,0.024543749168515205,0.23046875,0,1.4588671699166298,34,34,0,0,1,0,1,1,2.1947320000000001
364,4.2429521120000002,PLUS_10_OUTBOUND,J2B,1,0,7.839122796630857,3.7495623779296916,2.6641493069668409,0.038184318682724101,15.83718032090472,6.9030868853397971,2.7092082500457764,5.742854118347168,2.7734436988830566,-0.19634999334812164,0.15625,0,0.98906248807907104,34,34,0,0,1,0,1,1,2.2542119999999999
365,4.2529597690000003,PLUS_10_OUTBOUND,J2B,1,0,7.8764816361874974,3.7221525468750061,2.9366382505133273,0.046863946225502232,19.823983252570159,8.9355827808007007,2.7393126487731934,5.7418951988220215,2.0125875473022461,-0.098174996674060822,0.16796875,0,1.0632421746850014,34,34,0,0,1,0,1,1,2.2688570000000001
366,4.2629168990000004,PLUS_10_OUTBOUND,J2B,1,0,7.9135647955488313,3.6944271123046835,3.1101984308037132,0.055539257692923442,18.986349383609138,9.7850988654173552,2.7584874629974365,5.7409367561340332,1.3499062061309814,-0.56450623273849487,0.203125,0,1.2857812345027924,34,34,0,0,1,0,1,1,2.2313519999999998
367,4.2729183099999997,PLUS_10_OUTBOUND,J2B,1,0,7.9503691420000013,3.6663907499999993,3.2351617606127907,0.057278636061764622,16.714226598324657,10.056045978583825,2.7722933292388916,5.7407445907592773,0.44178751111030579,-0.049087498337030411,0.23828125,0,1.5083202943205833,33,34,0,0,1,0,1,1,2.2760009999999999
368,4.2828994070000004,PLUS_10_OUTBOUND,J2B,1,0,7.9868915899355475,3.638048206054687,3.2993784878108134,0.057278636061764622,13.116089397980435,9.6938248404595608,2.7793879508972168,5.7407445907592773,0.68722498416900635,0.12271875143051147,0.24609375,0,1.5577734187245369,34,34,0,0,1,0,1,1,2.259617
369,4.2929345410000002,PLUS_10_OUTBOUND,J2B,1,0,8.0231291015624979,3.6094042968749984,3.4208695349952447,0.060748760648733094,12.762757432697494,9.9350993061308071,2.7928102016448975,5.740361213684082,1.6689749956130981,-0.58904999494552612,0.21484375,0,1.3599609211087227,34,34,0,0,1,0,1,1,2.279703
370,4.3029147869999997,PLUS_10_OUTBOUND,J2B,1,0,8.0590786876035185,3.5804639091796875,3.5683973067703314,0.064218885235701587,13.46948445480248,10.419787125103186,2.8091089725494385,5.7399778366088867,1.9880437850952148,-0.17180624604225159,0.18359375,0,1.1621484234929085,34,34,0,0,1,0,1,1,2.2228870000000001
371,4.3129279230000002,PLUS_10_OUTBOUND,J2B,1,0,8.0947374079999985,3.5512319999999997,3.7922893998355089,0.069424072116154298,16.581107994048402,11.613792155000523,2.8338444232940674,5.7394027709960938,2.8225312232971191,0.14726249873638153,0.1328125,0,0.84070311486721039,34,34,0,0,1,0,1,1,2.2421959999999999
372,4.3229684869999998,PLUS_10_OUTBOUND,J2B,1,0,8.1301023726152302,3.5217135966796853,4.0248589624057871,0.079838761952416695,18.884769451492044,12.768712726746351,2.8595385551452637,5.7382521629333496,2.6507248878479004,-0.24543750286102295,0.12109375,0,0.76652342826128006,34,34,0,0,1,0,1,1,2.2351519999999998
373,4.3329599659999998,PLUS_10_OUTBOUND,J2B,1,0,8.1651707419375015,3.4919137968749991,4.2400735859658649,0.088518389495194819,19.814035895226645,13.645823097430807,2.8833153247833252,5.7372932434082031,2.307112455368042,-0.39269998669624329,0.1328125,0,0.84070311486721039,33,34,0,0,1,0,1,1,2.2679429999999998
374,4.3429589440000003,PLUS_10_OUTBOUND,J2B,1,0,8.1999397277832031,3.4618377685546875,4.3806567924916582,0.09545863866913179,17.800038477827755,13.687216543667851,2.8988468647003174,5.7365264892578125,1.153556227684021,-0.56450623273849487,0.171875,0,1.0879687368869781,34,34,0,0,1,0,1,1,2.2642699999999998
375,4.3529324279999999,PLUS_10_OUTBOUND,J2B,1,0,8.2344065940000029,3.4314907500000014,4.4795877137854365,0.097193700962616036,15.041813049033149,13.310434328856811,2.9097766876220703,5.7363348007202148,0.80994373559951782,-0.19634999334812164,0.17578125,0,1.1126952990889549,34,34,0,0,1,0,1,1,2.2614700000000001
376,4.3629636349999998,PLUS_10_OUTBOUND,J2B,1,0,8.2685686571699204,3.4008780498046942,4.5403321583588125,0.10066814162494145,11.896619901102728,12.584945587180039,2.9164876937866211,5.7359509468078613,0.31906875967979431,-0.39269998669624329,0.20703125,0,1.3105077967047691,33,34,0,0,1,0,1,1,2.4018060000000001
377,4.3729161190000001,PLUS_10_OUTBOUND,J2B,1,0,8.3024232873124983,3.3700050468750042,4.5750441944168907,0.10066814162494145,8.9535245787083149,11.675228640745333,2.9203226566314697,5.7359509468078613,0.22089375555515289,-0.24543750286102295,0.20703125,0,1.3105077967047691,33,34,0,0,1,0,1,1,2.2134990000000001
378,4.3829301980000004,PLUS_10_OUTBOUND,J2B,1,0,8.3359679085878913,3.3388771904296921,4.6271133275228449,0.10066814162494145,7.6396484575207424,11.027665057059467,2.9260752201080322,5.7359509468078613,0.44178751111030579,-0.024543749168515205,0.19921875,0,1.2610546723008156,34,34,0,0,1,0,1,1,2.2380960000000001
379,4.3929555349999996,PLUS_10_OUTBOUND,J2B,1,0,8.3692000000000011,3.307500000000001,4.6930651170143527,0.10413826621190991,7.2682503389505762,10.58274964894269,2.9333615303039551,5.735567569732666,0.26998123526573181,-0.26998123526573181,0.19140625,0,1.211601547896862,33,34,0,0,1,0,1,1,2.2619560000000001
380,4.4029577680000003,PLUS_10_OUTBOUND,J2B,1,0,8.4021170960996105,3.2758790654296854,4.7329844979905609,0.10240320391842568,6.1212291342148406,9.9235793737332685,2.9377717971801758,5.7357592582702637,0.073631249368190765,0.17180624604225159,0.20703125,0,1.3105077967047691,33,34,0,0,1,0,1,1,2.265997
381,4.4129565289999997,PLUS_10_OUTBOUND,J2B,1,0,8.4347167876874973,3.2440200468750047,4.7572840022500547,0.10413826621190991,4.8293869741797559,9.1742465897714034,2.9404563903808594,5.735567569732666,0.36815625429153442,0,0.21875,0,1.3846874833106995,33,34,0,0,1,0,1,1,2.2711350000000001
382,4.4228947630000004,PLUS_10_OUTBOUND,J2B,1,0,8.4669967225175817,3.2119286748046849,4.791996038308131,0.10587332850539416,4.3615735156964108,8.6060996400741399,2.944291353225708,5.7353758811950684,0.78539997339248657,-0.14726249873638153,0.20703125,0,1.3105077967047691,34,34,0,0,1,0,1,1,2.2430409999999998
383,4.4329358450000003,PLUS_10_OUTBOUND,J2B,1,0,8.4989546060000052,3.1796107499999948,4.8527404828815079,0.10760839079887842,4.9523798191042125,8.3504488286100251,2.9510023593902588,5.7351841926574707,0.73631250858306885,-0.26998123526573181,0.17578125,0,1.1126952990889549,34,34,0,0,1,0,1,1,2.2403550000000001
384,4.4429561380000004,PLUS_10_OUTBOUND,J2B,1,0,8.530588201904294,3.1470721435546922,4.9516714041752863,0.11107851538584688,6.6746167397883553,8.5027096192834861,2.9619321823120117,5.7348008155822754,1.3744499683380127,-0.22089375555515289,0.16796875,0,1.0632421746850014,34,34,0,0,1,0,1,1,2.2702529999999999
385,4.4529347159999997,PLUS_10_OUTBOUND,J2B,1,0,8.5618953330624983,3.1143187968750041,5.0332430703835085,0.11455295604817228,7.1996383267870856,8.4699064990478963,2.9709441661834717,5.7344169616699219,1.2271875143051147,-0.24543750286102295,0.1640625,0,1.0385156124830246,34,34,0,0,1,0,1,1,2.2444839999999999
386,4.4629359559999999,PLUS_10_OUTBOUND,J2B,1,0,8.5928738820722685,3.0813567216796867,5.1686210900288483,0.11802308063514078,9.4174081322391245,8.9765281976652549,2.9859006404876709,5.7340335845947266,1.6689749956130981,0.22089375555515289,0.1328125,0,0.84070311486721039,34,34,0,0,1,0,1,1,2.2172689999999999
387,4.472940565,PLUS_10_OUTBOUND,J2B,1,0,8.6235217920000036,3.0481920000000029,5.2970545444248955,0.12496332980907775,10.614415320011339,9.3626182447718467,3.0000898838043213,5.7332668304443359,1.4480812549591064,-0.098174996674060822,0.125,0,0.79124999046325684,34,34,0,0,1,0,1,1,2.2479619999999998
388,4.4829458620000002,PLUS_10_OUTBOUND,J2B,1,0,8.6538370670839786,3.0148307841796829,5.4237529365274568,0.13537801964534013,11.331466000323315,9.6926695752420748,3.014087438583374,5.7321162223815918,0.78539997339248657,-0.39269998669624329,0.15234375,0,0.96433592587709427,33,34,0,0,1,0,1,1,2.254705
389,4.4929400639999999,PLUS_10_OUTBOUND,J2B,1,0,8.6838177734374984,2.9812792968750035,5.5417738591249188,0.14058752260114976,11.498581579129498,9.9042965259805378,3.0271263122558594,5.7315406799316406,1.1044687032699585,-0.14726249873638153,0.109375,0,0.69234374165534973,33,34,0,0,1,0,1,1,2.2867459999999999
390,4.5029188619999996,PLUS_10_OUTBOUND,J2B,1,0,8.7134620397519562,2.9475438310546886,5.6702094715586444,0.14926283406857099,11.978875533288747,10.200951875340934,3.0413157939910889,5.7305822372436523,1.3744499683380127,-0.24543750286102295,0.12109375,0,0.76652342826128006,34,34,0,0,1,0,1,1,2.2273619999999998
391,4.5129362730000002,PLUS_10_OUTBOUND,J2B,1,0,8.7427680579999993,2.9136307500000003,5.7951728013677206,0.15794246161134912,12.15238379764914,10.428318030952971,3.0551216602325439,5.7296233177185059,0.80994373559951782,-0.36815625429153442,0.125,0,0.79124999046325684,34,34,0,0,1,0,1,1,2.2472759999999998
392,4.5229396609999997,PLUS_10_OUTBOUND,J2B,1,0,8.7717340841386751,2.8795464873046805,5.8576544662722601,0.16314764849180186,10.085167083482975,10.010091260717971,3.0620245933532715,5.7290482521057129,0.19634999334812164,0.024543749168515205,0.15625,0,0.98906248807907104,34,34,0,0,1,0,1,1,2.2529979999999998
393,4.5328584059999999,PLUS_10_OUTBOUND,J2B,1,0,8.8003584388125056,2.8452975468750052,5.9097214413405377,0.17009221374109576,8.3926314925070287,9.5340172455727732,3.0677769184112549,5.7282810211181641,0.22089375555515289,-0.024543749168515205,0.140625,0,0.89015623927116394,33,34,0,0,1,0,1,1,2.1721370000000002
394,4.5429658310000001,PLUS_10_OUTBOUND,J2B,1,0,8.8286395080566429,2.810890502929686,5.9860879206683073,0.17703246291503272,8.0996295743741147,9.3361638365139363,3.0762138366699219,5.7275142669677734,0.85903126001358032,-0.31906875967979431,0.140625,0,0.89015623927116394,33,34,0,0,1,0,1,1,2.2738879999999999
395,4.5529420299999996,PLUS_10_OUTBOUND,J2B,1,0,8.8565757439999988,2.7763319999999991,6.0398921160677466,0.18224196587084235,7.1523988333594284,8.9418730557243293,3.082158088684082,5.7269387245178223,0.53996247053146362,-0.17180624604225159,0.1484375,0,0.93960936367511749,34,34,0,0,1,0,1,1,2.2555160000000001
396,4.5628661230000001,PLUS_10_OUTBOUND,J2B,1,0,8.8841656655683678,2.7416287529296879,6.0850188419620856,0.18571209045781084,6.2405753694565167,8.5024046438012935,3.0871436595916748,5.726555347442627,0.80994373559951782,0,0.140625,0,0.89015623927116394,34,34,0,0,1,0,1,1,2.345917
397,4.5729428990000001,PLUS_10_OUTBOUND,J2B,1,0,8.9114078591875057,2.706787546874998,6.1631203835833404,0.19438740192523207,6.7691007161788637,8.4272289582874862,3.0957722663879395,5.7255969047546387,1.2271875143051147,-0.19634999334812164,0.12109375,0,0.76652342826128006,34,34,0,0,1,0,1,1,2.2476790000000002
398,4.5829391959999999,PLUS_10_OUTBOUND,J2B,1,0,8.9383009794863284,2.6718152373046911,6.23948686291111,0.20306702946801017,7.0737323563829335,8.3484537455635017,3.1042091846466064,5.7246379852294922,0.83448749780654907,-0.24543750286102295,0.140625,0,0.89015623927116394,34,34,0,0,1,0,1,1,2.3501270000000001
399,4.5929422210000004,PLUS_10_OUTBOUND,J2B,1,0,8.96484375,2.63671875,6.2932910583105484,0.21521678159775684,6.480503390977959,8.0514876165297373,3.1101534366607666,5.7232956886291504,0.6626812219619751,-0.46633124351501465,0.13671875,0,0.86542967706918716,34,34,0,0,1,0,1,1,2.2568579999999998
400,4.6029029750000001,PLUS_10_OUTBOUND,J2B,1,0,8.9910349638730409,2.6015050810546825,6.3731276622252864,0.22563147143401918,7.0176179853515368,8.0478505066527255,3.1189737319946289,5.7221450805664062,1.006293773651123,-0.098174996674060822,0.10546875,0,0.66761717945337296,34,34,0,0,1,0,1,1,2.2066309999999998
401,4.612900614,PLUS_10_OUTBOUND,J2B,1,0,9.0168734845624989,2.5661812968750075,6.4685863008944189,0.24819159732467128,7.9032930526437983,8.1978772737489667,3.1295199394226074,5.7196526527404785,0.7608562707901001,-0.58904999494552612,0.109375,0,0.69234374165534973,34,34,0,0,1,0,1,1,2.2129470000000002
402,4.6229004749999998,PLUS_10_OUTBOUND,J2B,1,0,9.0423582465410224,2.5307545341796844,6.5414804975975409,0.2742261638776487,7.6884728323474221,8.1070416458394856,3.1375732421875,5.7167763710021973,0.83448749780654907,-0.53996247053146362,0.10546875,0,0.66761717945337296,34,34,0,0,1,0,1,1,2.194661
403,4.6329007510000002,PLUS_10_OUTBOUND,J2B,1,0,9.0674882559999972,2.4952320000000006,6.6386741985601576,0.30720529567992011,8.3991929881934038,8.2682476661605602,3.1483111381530762,5.7131328582763672,0.95720624923706055,-0.46633124351501465,0.1015625,0,0.64289061725139618,34,34,0,0,1,0,1,1,2.2455889999999998
404,4.6429039420000002,PLUS_10_OUTBOUND,J2B,1,0,9.0922625915527355,2.4596209716796835,6.699420801171212,0.34365023599380301,7.5849283017051823,8.0486951450814956,3.1550223827362061,5.7091064453125,0.31906875967979431,-0.78539997339248657,0.1328125,0,0.84070311486721039,34,34,0,0,1,0,1,1,2.2106370000000002
405,4.652901151,PLUS_10_OUTBOUND,J2B,1,0,9.1166804049374974,2.4239287968750034,6.7445453690278736,0.37141986484026479,6.51000419349411,7.6951972869692726,3.1600077152252197,5.7060384750366211,0.12271875143051147,-0.17180624604225159,0.125,0,0.79124999046325684,34,34,0,0,1,0,1,1,2.1724459999999999
406,4.6629522520000002,PLUS_10_OUTBOUND,J2B,1,0,9.1407409217207061,2.3881628935546839,6.805291971638928,0.40265961827369495,6.3468243123186214,7.5300551544287595,3.1667189598083496,5.7025871276855469,0.61359375715255737,-0.73631250858306885,0.1171875,0,0.74179686605930328,34,34,0,0,1,0,1,1,2.2281589999999998
407,4.6728968880000004,PLUS_10_OUTBOUND,J2B,1,0,9.1644434419999996,2.3523307500000001,6.8625662916253356,0.43737381236945061,6.1411970631721138,7.3529814276044583,3.1730465888977051,5.6987519264221191,0.63813751935958862,-0.46633124351501465,0.109375,0,0.69234374165534973,34,34,0,0,1,0,1,1,2.2079569999999999
408,4.6829611900000003,PLUS_10_OUTBOUND,J2B,1,0,9.1877873411074162,2.3164399248046896,6.8990155480145754,0.49291307006237406,5.2593513153385265,6.979847063208771,3.1770734786987305,5.6926159858703613,-0.098174996674060822,-0.7608562707901001,0.125,0,0.79124999046325684,34,34,0,0,1,0,1,1,2.2594720000000001
409,4.6928926080000002,PLUS_10_OUTBOUND,J2B,1,0,9.2107720703124976,2.2804980468749969,6.9354626463661377,0.56407220447201256,4.7030358637615368,6.6488502165426064,3.1811001300811768,5.6847543716430664,0.29452499747276306,-1.2271875143051147,0.1328125,0,0.84070311486721039,34,34,0,0,1,0,1,1,2.2065229999999998
410,4.7028864749999997,PLUS_10_OUTBOUND,J2B,1,0,9.2333971575253884,2.2445128154296823,6.9857945591409285,0.61267121299099914,4.81967132125218,6.4875931976903978,3.1866607666015625,5.6793851852416992,1.0553812980651855,-0.53996247053146362,0.109375,0,0.69234374165534973,34,34,0,0,1,0,1,1,2.24274
411,4.7128795390000002,PLUS_10_OUTBOUND,J2B,1,0,9.2556622079999951,2.2084920000000041,7.0534835689635997,0.6612659054346286,5.5035460615370884,6.5161937929851215,3.1941390037536621,5.6740164756774902,0.53996247053146362,-0.58904999494552612,0.1015625,0,0.64289061725139618,34,34,0,0,1,0,1,1,2.1917520000000001
412,4.7228975240000004,PLUS_10_OUTBOUND,J2B,1,0,9.277566905037105,2.1724434404296877,7.1072877643630381,0.72374972837684604,5.4570710196851024,6.4016504364540365,3.2000832557678223,5.6671133041381836,0.39269998669624329,-0.7608562707901001,0.1171875,0,0.74179686605930328,33,34,0,0,1,0,1,1,2.1885880000000002
413,4.732875119,PLUS_10_OUTBOUND,J2B,1,0,9.2991110106875006,2.1363750468749965,7.1437348627145996,0.79490886278648454,4.8256091133657701,6.126774807257334,3.2041099071502686,5.6592516899108887,0.36815625429153442,-0.95720624923706055,0.109375,0,0.69234374165534973,33,34,0,0,1,0,1,1,2.1882899999999998
414,4.7428840980000002,PLUS_10_OUTBOUND,J2B,1,0,9.3202943664550766,2.1002947998046873,7.1836542436908077,0.85218318277289218,4.5325708568575163,5.9129330217229619,3.2085201740264893,5.6529240608215332,0.34361249208450317,-0.83448749780654907,0.10546875,0,0.66761717945337296,33,34,0,0,1,0,1,1,2.198232
415,4.7529204429999998,PLUS_10_OUTBOUND,J2B,1,0,9.341116894000006,2.0642107499999973,7.2357212187590845,0.92160725488904638,4.7619158598609879,5.8404239489516945,3.2142724990844727,5.6452541351318359,0.73631250858306885,-1.0553812980651855,0.1015625,0,0.64289061725139618,34,34,0,0,1,0,1,1,2.3605149999999999
