sequence,operation,target_label,target_id,attempt,scheduled_s,start_s,end_s,latency_ms,send_recv,timeout,correct,crc_ok,header_ok,reserved_ok,returned_id,returned_id_correct,mode,temp_c,merror,q_raw_rad,dq_sdk,tau_sdk,raw_nonzero,collision_suspicion,feedback_valid,raw_hex
0,snapshot,J3,3,1,0,1.3090000000000001e-06,0.020481775000000001,20.480466,0,1,0,0,0,1,255,0,255,-2147483648,-1,nan,nan,nan,0,0,0,00000000000000000000000000000000
1,snapshot,J4,4,1,0.020530719999999999,0.020532419999999999,0.041054017999999998,20.521598000000001,0,1,0,0,0,1,255,0,255,-2147483648,-1,nan,nan,nan,0,0,0,00000000000000000000000000000000
2,snapshot,J5,5,1,0.041097582000000001,0.041099021999999999,0.061627071999999998,20.52805,0,1,0,0,0,1,255,0,255,-2147483648,-1,nan,nan,nan,0,0,0,00000000000000000000000000000000
3,snapshot,J3,3,2,0.061657009999999998,0.061658607999999997,0.082236177999999993,20.577570000000001,0,1,0,0,0,1,255,0,255,-2147483648,-1,nan,nan,nan,0,0,0,00000000000000000000000000000000
4,snapshot,J4,4,2,0.082279374000000002,0.082280983000000002,0.10310341100000001,20.822427999999999,0,1,0,0,0,1,255,0,255,-2147483648,-1,nan,nan,nan,0,0,0,00000000000000000000000000000000
5,snapshot,J5,5,2,0.103143756,0.103145296,0.123890007,20.744710999999999,0,1,0,0,0,1,255,0,255,-2147483648,-1,nan,nan,nan,0,0,0,00000000000000000000000000000000
6,snapshot,J3,3,3,0.12393311,0.12393457500000001,0.14460309399999999,20.668519,0,1,0,0,0,1,255,0,255,-2147483648,-1,nan,nan,nan,0,0,0,00000000000000000000000000000000
7,snapshot,J4,4,3,0.14465202799999999,0.14465347100000001,0.16525187799999999,20.598407000000002,0,1,0,0,0,1,255,0,255,-2147483648,-1,nan,nan,nan,0,0,0,00000000000000000000000000000000
8,snapshot,J5,5,3,0.16529254099999999,0.165294197,0.18595235399999999,20.658156999999999,0,1,0,0,0,1,255,0,255,-2147483648,-1,nan,nan,nan,0,0,0,00000000000000000000000000000000
9,snapshot,J3,3,4,0.185996883,0.18599839600000001,0.20676699800000001,20.768602000000001,0,1,0,0,0,1,255,0,255,-2147483648,-1,nan,nan,nan,0,0,0,00000000000000000000000000000000
10,snapshot,J4,4,4,0.20681006199999999,0.20681164199999999,0.227501068,20.689426000000001,0,1,0,0,0,1,255,0,255,-2147483648,-1,nan,nan,nan,0,0,0,00000000000000000000000000000000
11,snapshot,J5,5,4,0.227545425,0.22754691399999999,0.24395059199999999,16.403677999999999,1,0,1,1,1,1,3,0,0,32,0,2.1815176010131836,0.12271875143051147,0,1,1,0,fdee0300000500712c00002058014234
12,snapshot,J3,3,5,0.24399776000000001,0.24399927599999999,0.244768337,0.76906099999999999,1,0,1,1,1,1,3,1,0,32,0,2.1813256740570068,-0.14726249873638153,0,1,0,1,fdee030000faff702c00002058018fe5
13,snapshot,J4,4,5,0.247331093,0.24763146,0.24880780699999999,1.176347,1,0,1,1,1,1,4,1,0,33,0,0.75510382652282715,-0.36815625429153442,0,1,0,1,fdee040000f1ff620f0000214801f80a
14,snapshot,J5,5,5,0.250664426,0.25085926400000003,0.25167725499999999,0.81799100000000002,1,0,1,1,1,1,5,1,0,32,0,5.0588889122009277,-0.36815625429153442,0,1,0,1,fdee050000f1ff0f67000020500103a2
15,snapshot,J3,3,6,0.25399775899999999,0.25419270399999999,0.25588648899999999,1.6937850000000001,1,0,1,1,1,1,3,1,0,32,0,2.1813256740570068,-0.098174996674060822,0,1,0,1,fdee030000fcff702c00002058019041
16,snapshot,J4,4,6,0.25733109199999998,0.25751687299999998,0.25883590200000001,1.319029,1,0,1,1,1,1,4,1,0,32,0,0.75510382652282715,-0.24543750286102295,0,1,0,1,fdee040000f6ff620f0000204801c6b9
17,snapshot,J5,5,6,0.26066442499999998,0.26083941799999999,0.26174574699999997,0.90632900000000005,1,0,1,1,1,1,5,1,0,32,0,5.0588889122009277,-0.24543750286102295,0,1,0,1,fdee050000f6ff0f670000205001e14b
18,snapshot,J3,3,7,0.26399775800000003,0.26418909800000001,0.26460765000000003,0.41855199999999998,1,0,1,1,1,1,3,1,0,32,0,2.1813256740570068,-0.19634999334812164,0,1,0,1,fdee030000f8ff702c0000205801757e
19,snapshot,J4,4,7,0.26733109100000002,0.267515373,0.26860401099999998,1.088638,1,0,1,1,1,1,4,1,0,32,0,0.75510382652282715,-0.24543750286102295,0,1,0,1,fdee040000f6ff620f0000204801c6b9
20,snapshot,J5,5,7,0.27066442400000001,0.27081835700000001,0.27166119100000002,0.84283399999999997,1,0,1,1,1,1,5,1,0,32,0,5.0588889122009277,-0.34361249208450317,0,1,0,1,fdee050000f2ff0f6700002050010474
21,snapshot,J3,3,8,0.27399775700000001,0.27417034000000001,0.274608413,0.43807299999999999,1,0,1,1,1,1,3,1,0,32,0,2.1813256740570068,-0.19634999334812164,0,1,0,1,fdee030000f8ff702c0000205801757e
22,snapshot,J4,4,8,0.27733109,0.27748237999999997,0.278773143,1.2907630000000001,1,0,1,1,1,1,4,1,0,32,0,0.75529557466506958,0.073631249368190765,0,1,0,1,fdee0400000300630f00002050016ad7
23,snapshot,J5,5,8,0.280664423,0.28081495200000001,0.28176256300000002,0.94761099999999998,1,0,1,1,1,1,5,1,0,32,0,5.0588889122009277,-0.26998123526573181,0,1,0,1,fdee050000f5ff0f670000205001e69d
24,snapshot,J3,3,9,0.28399775599999999,0.28417331600000001,0.284620133,0.44681700000000002,1,0,1,1,1,1,3,1,0,32,0,2.1813256740570068,-0.098174996674060822,0,1,0,1,fdee030000fcff702c00002058019041
25,snapshot,J4,4,9,0.28733108899999998,0.28751908999999998,0.288672125,1.153035,1,0,1,1,1,1,4,1,0,32,0,0.75510382652282715,-0.19634999334812164,0,1,0,1,fdee040000f8ff620f00002048011362
26,snapshot,J5,5,9,0.29066442199999998,0.29081120300000002,0.29178038099999998,0.96917799999999998,1,0,1,1,1,1,5,1,0,32,0,5.0588889122009277,-0.26998123526573181,0,1,0,1,fdee050000f5ff0f670000205001e69d
27,snapshot,J3,3,10,0.29399775500000003,0.29415449300000002,0.29462442900000002,0.46993600000000002,1,0,1,1,1,1,3,1,0,32,0,2.1813256740570068,-0.24543750286102295,0,1,0,1,fdee030000f6ff702c0000205801a0a5
28,snapshot,J4,4,10,0.29733108800000002,0.29749199900000001,0.29872525,1.2332510000000001,1,0,1,1,1,1,4,1,0,32,0,0.75529557466506958,-0.29452499747276306,0,1,0,1,fdee040000f4ff630f0000204801e9bd
29,snapshot,J5,5,10,0.30066442100000002,0.30081126699999999,0.30176564500000003,0.95437799999999995,1,0,1,1,1,1,5,1,0,32,0,5.0588889122009277,-0.26998123526573181,0,1,0,1,fdee050000f5ff0f670000205001e69d
30,snapshot,J3,3,11,0.30399775400000001,0.30417182500000001,0.30461111499999999,0.43929000000000001,1,0,1,1,1,1,3,1,0,32,0,2.1813256740570068,-0.19634999334812164,0,1,0,1,fdee030000f8ff702c0000205801757e
31,snapshot,J4,4,11,0.307331087,0.30751111199999998,0.30866185400000001,1.1507419999999999,1,0,1,1,1,1,4,1,0,32,0,0.75510382652282715,-0.24543750286102295,0,1,0,1,fdee040000f6ff620f000020500197e2
32,snapshot,J5,5,11,0.31066442,0.31075286600000002,0.31177580799999999,1.022942,1,0,1,1,1,1,5,1,0,32,0,5.0590806007385254,0.098174996674060822,0,1,0,1,fdee05000004001067000020500116a4
33,snapshot,J3,3,12,0.31399775299999999,0.314175282,0.31462683800000002,0.45155600000000001,1,0,1,1,1,1,3,1,0,32,0,2.1813256740570068,-0.34361249208450317,0,1,0,1,fdee030000f2ff702c0000205801459a
34,snapshot,J4,4,12,0.31733108599999998,0.31751285699999998,0.31877308799999998,1.2602310000000001,1,0,1,1,1,1,4,1,0,32,0,0.75529557466506958,0.024543749168515205,0,1,0,1,fdee0400000100630f0000205001904c
35,snapshot,J5,5,12,0.32066441899999998,0.32081338700000001,0.32172035100000002,0.90696399999999999,1,0,1,1,1,1,5,1,0,32,0,5.0590806007385254,0.049087498337030411,0,1,0,1,fdee0500000200106700002050010900
36,snapshot,J3,3,13,0.32399775200000003,0.324159009,0.32460907999999999,0.450071,1,0,1,1,1,1,3,1,0,32,0,2.1813256740570068,-0.14726249873638153,0,1,0,1,fdee030000faff702c00002058018fe5
37,snapshot,J4,4,13,0.32733108500000002,0.327509253,0.32866003399999999,1.1507810000000001,1,0,1,1,1,1,4,1,0,32,0,0.75510382652282715,-0.26998123526573181,0,1,0,1,fdee040000f5ff620f00002050019034
38,snapshot,J5,5,13,0.33066441800000002,0.33081825199999998,0.331781514,0.96326199999999995,1,0,1,1,1,1,5,1,0,32,0,5.0588889122009277,-0.29452499747276306,0,1,0,1,fdee050000f4ff0f6700002050011bd0
39,snapshot,J3,3,14,0.33399775100000001,0.33418518600000002,0.33461381600000001,0.42863000000000001,1,0,1,1,1,1,3,1,0,32,0,2.1813256740570068,-0.29452499747276306,0,1,0,1,fdee030000f4ff702c00002058015a3e
40,snapshot,J4,4,14,0.337331084,0.33748779899999998,0.33867450799999999,1.186709,1,0,1,1,1,1,4,1,0,33,0,0.75510382652282715,-0.24543750286102295,0,1,0,1,fdee040000f6ff620f00002150014bb8
41,snapshot,J5,5,14,0.340664417,0.34081507999999999,0.34176419299999999,0.94911299999999998,1,0,1,1,1,1,5,1,0,32,0,5.0586967468261719,-0.61359375715255737,0,1,0,1,fdee050000e7ff0e6700002050015d66
42,snapshot,J3,3,15,0.34399774999999999,0.34420123899999999,0.34462026400000001,0.41902499999999998,1,0,1,1,1,1,3,1,0,32,0,2.1813256740570068,-0.098174996674060822,0,1,0,1,fdee030000fcff702c00002058019041
43,snapshot,J4,4,15,0.34733108299999998,0.34752028000000001,0.348674078,1.1537980000000001,1,0,1,1,1,1,4,1,0,33,0,0.75510382652282715,-0.24543750286102295,0,1,0,1,fdee040000f6ff620f00002150014bb8
44,snapshot,J5,5,15,0.35066441599999998,0.35080682299999999,0.35178167599999999,0.97485299999999997,1,0,1,1,1,1,5,1,0,32,0,5.0588889122009277,-0.29452499747276306,0,1,0,1,fdee050000f4ff0f6700002050011bd0
45,snapshot,J3,3,16,0.35399774899999997,0.35417624399999997,0.35460884799999998,0.43260399999999999,1,0,1,1,1,1,3,1,0,32,0,2.1813256740570068,-0.14726249873638153,0,1,0,1,fdee030000faff702c00002058018fe5
46,snapshot,J4,4,16,0.35733108200000002,0.357508465,0.35877643399999998,1.2679689999999999,1,0,1,1,1,1,4,1,0,32,0,0.75529557466506958,0,0,1,0,1,fdee0400000000630f00002050016d01
47,snapshot,J5,5,16,0.36066441500000002,0.36082735399999999,0.36178363200000002,0.95627799999999996,1,0,1,1,1,1,5,1,0,32,0,5.0588889122009277,-0.36815625429153442,0,1,0,1,fdee050000f1ff0f67000020500103a2
48,snapshot,J3,3,17,0.36399774800000001,0.36423015199999997,0.36468966000000003,0.45950800000000003,1,0,1,1,1,1,3,1,0,32,0,2.1815176010131836,0.12271875143051147,0,1,0,1,fdee0300000500712c00002058014234
49,snapshot,J4,4,17,0.367331081,0.36758252600000002,0.36871839499999998,1.135869,1,0,1,1,1,1,4,1,0,33,0,0.75510382652282715,-0.31906875967979431,0,1,0,1,fdee040000f3ff620f000021500153ca
50,snapshot,J5,5,17,0.370664414,0.37084515600000001,0.3717916,0.94644399999999995,1,0,1,1,1,1,5,1,0,32,0,5.0590806007385254,0.12271875143051147,0,1,0,1,fdee050000050010670000205001ebe9
51,snapshot,J3,3,18,0.37399774699999999,0.37423076599999999,0.374653768,0.42300199999999999,1,0,1,1,1,1,3,1,0,32,0,2.1813256740570068,-0.24543750286102295,0,1,0,1,fdee030000f6ff702c0000205801a0a5
52,snapshot,J4,4,18,0.37733107999999999,0.37752374799999999,0.37874730000000001,1.223552,1,0,1,1,1,1,4,1,0,32,0,0.75510382652282715,-0.29452499747276306,0,1,0,1,fdee040000f4ff620f00002050016d79
53,snapshot,J5,5,18,0.38066441299999998,0.38084942599999999,0.38181742499999999,0.96799900000000005,1,0,1,1,1,1,5,1,0,32,0,5.0588889122009277,-0.26998123526573181,0,1,0,1,fdee050000f5ff0f670000205001e69d
54,snapshot,J3,3,19,0.38399774599999997,0.38424707499999999,0.38464594000000002,0.39886500000000003,1,0,1,1,1,1,3,1,0,32,0,2.1813256740570068,-0.19634999334812164,0,1,0,1,fdee030000f8ff702c0000205801757e
55,snapshot,J4,4,19,0.38733107900000002,0.38757053400000002,0.388703083,1.132549,1,0,1,1,1,1,4,1,0,32,0,0.75510382652282715,-0.24543750286102295,0,1,0,1,fdee040000f6ff620f000020500197e2
56,snapshot,J5,5,19,0.39066441200000002,0.39086047099999999,0.39176799499999998,0.907524,1,0,1,1,1,1,5,1,0,32,0,5.0588889122009277,-0.22089375555515289,0,1,0,1,fdee050000f7ff0f6700002050011c06
57,snapshot,J3,3,20,0.39399774500000001,0.39423299000000001,0.39464962399999998,0.416634,1,0,1,1,1,1,3,1,0,32,0,2.1813256740570068,-0.24543750286102295,0,1,0,1,fdee030000f6ff702c0000205801a0a5
58,snapshot,J4,4,20,0.397331078,0.397575548,0.398828089,1.2525409999999999,1,0,1,1,1,1,4,1,0,32,0,0.75510382652282715,-0.26998123526573181,0,1,0,1,fdee040000f5ff620f00002050019034
59,snapshot,J5,5,20,0.400664411,0.40076066799999999,0.40180400599999999,1.0433380000000001,1,0,1,1,1,1,5,1,0,32,0,5.0588889122009277,-0.24543750286102295,0,1,0,1,fdee050000f6ff0f670000205001e14b
60,snapshot,J3,3,21,0.40399774399999999,0.404228111,0.40465586100000001,0.42775000000000002,1,0,1,1,1,1,3,1,0,32,0,2.1811339855194092,-0.53996247053146362,0,1,0,1,fdee030000eaff6f2c000020580126b6
61,snapshot,J4,4,21,0.40733107699999999,0.40745357700000001,0.40859343199999998,1.1398550000000001,1,0,1,1,1,1,4,1,0,33,0,0.75529557466506958,0.073631249368190765,0,1,0,1,fdee0400000300630f0000215001b68d
62,snapshot,J5,5,21,0.41066440999999998,0.41072163299999997,0.41157618800000001,0.85455499999999995,1,0,1,1,1,1,5,1,0,32,0,5.0590806007385254,0,0,1,0,1,fdee050000000010670000205001f39b
63,snapshot,J3,3,22,0.41399774299999997,0.41412743699999999,0.41461378300000001,0.486346,1,0,1,1,1,1,3,1,0,32,0,2.1811339855194092,-0.58904999494552612,0,1,0,1,fdee030000e8ff6f2c0000205801dc2d
64,snapshot,J4,4,22,0.41733107600000002,0.41741864000000001,0.41872985800000001,1.311218,1,0,1,1,1,1,4,1,0,32,0,0.75510382652282715,-0.22089375555515289,0,1,0,1,fdee040000f7ff620f00002050016aaf
65,snapshot,J5,5,22,0.42066440900000002,0.42085135200000001,0.421805335,0.95398300000000003,1,0,1,1,1,1,5,1,0,32,0,5.0588889122009277,-0.34361249208450317,0,1,0,1,fdee050000f2ff0f6700002050010474
66,snapshot,J3,3,23,0.42399774200000001,0.42421624899999999,0.42468517900000002,0.46893000000000001,1,0,1,1,1,1,3,1,0,32,0,2.1811339855194092,-0.4908750057220459,0,1,0,1,fdee030000ecff6f2c00002058013912
67,snapshot,J4,4,23,0.427331075,0.42753600800000002,0.42873013199999999,1.194124,1,0,1,1,1,1,4,1,0,32,0,0.75510382652282715,-0.34361249208450317,0,1,0,1,fdee040000f2ff620f000020500172dd
68,snapshot,J5,5,23,0.430664408,0.43085854400000001,0.431811361,0.95281700000000003,1,0,1,1,1,1,5,1,0,32,0,5.0588889122009277,-0.24543750286102295,0,1,0,1,fdee050000f6ff0f670000205001e14b
69,snapshot,J3,3,24,0.43399774099999999,0.43418024199999999,0.4346583,0.47805799999999998,1,0,1,1,1,1,3,1,0,32,0,2.1815176010131836,0.12271875143051147,0,1,0,1,fdee0300000500712c00002058014234
70,snapshot,J4,4,24,0.43733107399999999,0.43757246300000002,0.43882464399999999,1.252181,1,0,1,1,1,1,4,1,0,33,0,0.75510382652282715,-0.24543750286102295,0,1,0,1,fdee040000f6ff620f00002150014bb8
71,snapshot,J5,5,24,0.44066440699999998,0.44084494400000002,0.44176140200000003,0.91645799999999999,1,0,1,1,1,1,5,1,0,32,0,5.0588889122009277,-0.26998123526573181,0,1,0,1,fdee050000f5ff0f670000205001e69d
72,snapshot,J3,3,25,0.44399773999999997,0.44421439200000001,0.44469267099999998,0.47827900000000001,1,0,1,1,1,1,3,1,0,32,0,2.1813256740570068,-0.14726249873638153,0,1,0,1,fdee030000faff702c00002058018fe5
73,snapshot,J4,4,25,0.44733107300000002,0.447579752,0.44869721200000001,1.1174599999999999,1,0,1,1,1,1,4,1,0,32,0,0.75510382652282715,0.073631249368190765,0,1,0,1,fdee0400000300620f0000205001bf48
74,snapshot,J5,5,25,0.45066440600000002,0.45084695600000002,0.451808021,0.96106499999999995,1,0,1,1,1,1,5,1,0,32,0,5.0590806007385254,-0.049087498337030411,0,1,0,1,fdee050000feff106700002050011698
75,snapshot,J3,3,26,0.45399773900000001,0.454218222,0.45466744199999998,0.44922000000000001,1,0,1,1,1,1,3,1,0,32,0,2.1813256740570068,-0.22089375555515289,0,1,0,1,fdee030000f7ff702c00002058015de8
76,snapshot,J4,4,26,0.45733107200000001,0.45752248099999998,0.45873898899999999,1.2165079999999999,1,0,1,1,1,1,4,1,0,33,0,0.75529557466506958,-0.098174996674060822,0,1,0,1,fdee040000fcff630f0000215001aec3
77,snapshot,J5,5,26,0.460664405,0.46088622000000001,0.46178424899999998,0.89802899999999997,1,0,1,1,1,1,5,1,0,32,0,5.0588889122009277,-0.34361249208450317,0,1,0,1,fdee050000f2ff0f6700002050010474
78,snapshot,J3,3,27,0.46399773799999999,0.46422015799999999,0.46465442099999998,0.43426300000000001,1,0,1,1,1,1,3,1,0,32,0,2.1815176010131836,0.12271875143051147,0,1,0,1,fdee0300000500712c00002058014234
79,snapshot,J4,4,27,0.46733107099999999,0.46757663799999999,0.468691195,1.114557,1,0,1,1,1,1,4,1,0,33,0,0.75529557466506958,-0.24543750286102295,0,1,0,1,fdee040000f6ff630f00002150019e27
80,snapshot,J5,5,27,0.47066440399999998,0.47084390199999998,0.47181784999999998,0.97394800000000004,1,0,1,1,1,1,5,1,0,32,0,5.0590806007385254,0.17180624604225159,0,1,0,1,fdee0500000700106700002050011172
81,snapshot,J3,3,28,0.47399773699999997,0.47425894200000002,0.47576231400000002,1.5033719999999999,1,0,1,1,1,1,3,1,0,32,0,2.1813256740570068,-0.098174996674060822,0,1,0,1,fdee030000fcff702c00002058019041
82,snapshot,J4,4,28,0.47733107000000002,0.47756981700000001,0.47877726300000001,1.207446,1,0,1,1,1,1,4,1,0,32,0,0.75529557466506958,0.073631249368190765,0,1,0,1,fdee0400000300630f00002050016ad7
83,snapshot,J5,5,28,0.48066440300000002,0.48085167000000001,0.48176139099999998,0.909721,1,0,1,1,1,1,5,1,0,32,0,5.0588889122009277,-0.24543750286102295,0,1,0,1,fdee050000f6ff0f670000205001e14b
84,snapshot,J3,3,29,0.48399773600000001,0.48415177799999998,0.48460353499999997,0.45175700000000002,1,0,1,1,1,1,3,1,0,32,0,2.1813256740570068,-0.19634999334812164,0,1,0,1,fdee030000f8ff702c0000205801757e
85,snapshot,J4,4,29,0.48733106900000001,0.48751218299999999,0.48866720699999999,1.1550240000000001,1,0,1,1,1,1,4,1,0,32,0,0.75510382652282715,-0.34361249208450317,0,1,0,1,fdee040000f2ff620f000020500172dd
86,snapshot,J5,5,29,0.490664402,0.49080681100000001,0.49178671400000001,0.97990299999999997,1,0,1,1,1,1,5,1,0,32,0,5.0586967468261719,-0.58904999494552612,0,1,0,1,fdee050000e8ff0e67000020500175f0
87,snapshot,J3,3,30,0.49399773499999999,0.49424373799999999,0.49578060400000001,1.5368660000000001,1,0,1,1,1,1,3,1,0,32,0,2.1813256740570068,-0.24543750286102295,0,1,0,1,fdee030000f6ff702c0000205801a0a5
88,snapshot,J4,4,30,0.49733106799999999,0.49738954499999999,0.49878562999999998,1.396085,1,0,1,1,1,1,4,1,0,32,0,0.75529557466506958,-0.049087498337030411,0,1,0,1,fdee040000feff630f00002050018802
89,snapshot,J5,5,30,0.50066440099999998,0.50075417799999999,0.50177720299999995,1.0230250000000001,1,0,1,1,1,1,5,1,0,32,0,5.0590806007385254,0,0,1,0,1,fdee050000000010670000205001f39b
90,snapshot,J3,3,31,0.50399773400000003,0.50420798700000002,0.50567949000000001,1.471503,1,0,1,1,1,1,3,1,0,32,0,2.1815176010131836,0.24543750286102295,0,1,0,1,fdee0300000a00712c00002058016aa2
91,snapshot,J4,4,31,0.50733106699999997,0.50738696599999999,0.50867901500000001,1.292049,1,0,1,1,1,1,4,1,0,32,0,0.75529557466506958,0,0,1,0,1,fdee0400000000630f00002050016d01
92,snapshot,J5,5,31,0.51066440000000002,0.51082650500000004,0.51177335199999996,0.94684699999999999,1,0,1,1,1,1,5,1,0,32,0,5.0588889122009277,-0.24543750286102295,0,1,0,1,fdee050000f6ff0f670000205001e14b
93,snapshot,J3,3,32,0.51399773299999996,0.51415782899999996,0.51462131799999999,0.46348899999999998,1,0,1,1,1,1,3,1,0,32,0,2.1815176010131836,0.17180624604225159,0,1,0,1,fdee0300000700712c0000205801b8af
94,snapshot,J4,4,32,0.51733106600000001,0.51753112400000001,0.51877829600000003,1.2471719999999999,1,0,1,1,1,1,4,1,0,32,0,0.75529557466506958,0.073631249368190765,0,1,0,1,fdee0400000300630f00002050016ad7
95,snapshot,J5,5,32,0.52066439900000006,0.52082499100000001,0.52168563099999998,0.86063999999999996,1,0,1,1,1,1,5,1,0,32,0,5.0588889122009277,-0.36815625429153442,0,1,0,1,fdee050000f1ff0f67000020500103a2
96,snapshot,J3,3,33,0.52399773199999999,0.52419098099999994,0.52461128199999996,0.42030099999999998,1,0,1,1,1,1,3,1,0,32,0,2.1811339855194092,-0.58904999494552612,0,1,0,1,fdee030000e8ff6f2c0000205801dc2d
97,snapshot,J4,4,33,0.52733106500000004,0.52738842699999999,0.52861959800000002,1.231171,1,0,1,1,1,1,4,1,0,33,0,0.75510382652282715,-0.24543750286102295,0,1,0,1,fdee040000f6ff620f00002150014bb8
98,snapshot,J5,5,33,0.53066439799999998,0.53082022399999995,0.531789552,0.96932799999999997,1,0,1,1,1,1,5,1,0,32,0,5.0590806007385254,0,0,1,0,1,fdee050000000010670000205001f39b
99,snapshot,J3,3,34,0.53399773100000003,0.53419202399999999,0.53461624799999996,0.42422399999999999,1,0,1,1,1,1,3,1,0,32,0,2.1813256740570068,-0.22089375555515289,0,1,0,1,fdee030000f7ff702c00002058015de8
100,snapshot,J4,4,34,0.53733106399999997,0.53759203499999997,0.53867387600000005,1.0818410000000001,1,0,1,1,1,1,4,1,0,33,0,0.75510382652282715,-0.19634999334812164,0,1,0,1,fdee040000f8ff620f00002150019e63
101,snapshot,J5,5,34,0.54066439700000002,0.54071832799999997,0.54179577999999995,1.0774520000000001,1,0,1,1,1,1,5,1,0,32,0,5.0588889122009277,-0.31906875967979431,0,1,0,1,fdee050000f3ff0f670000205001f939
102,snapshot,J3,3,35,0.54399772999999996,0.54416623200000003,0.54462286100000001,0.45662900000000001,1,0,1,1,1,1,3,1,0,32,0,2.1813256740570068,-0.24543750286102295,0,1,0,1,fdee030000f6ff702c0000205801a0a5
103,snapshot,J4,4,35,0.54733106300000001,0.54758309800000005,0.54868754600000003,1.1044480000000001,1,0,1,1,1,1,4,1,0,32,0,0.75510382652282715,-0.24543750286102295,0,1,0,1,fdee040000f6ff620f000020500197e2
104,snapshot,J5,5,35,0.55066439599999994,0.55082120899999998,0.55178762699999995,0.966418,1,0,1,1,1,1,5,1,0,32,0,5.0588889122009277,-0.29452499747276306,0,1,0,1,fdee050000f4ff0f6700002050011bd0
105,snapshot,J3,3,36,0.55399772899999999,0.55420010600000003,0.55577506899999995,1.5749629999999999,1,0,1,1,1,1,3,1,0,32,0,2.1813256740570068,-0.17180624604225159,0,1,0,1,fdee030000f9ff702c0000206001ea4b
106,snapshot,J4,4,36,0.55733106200000004,0.55748606700000003,0.55879328900000003,1.3072220000000001,1,0,1,1,1,1,4,1,0,33,0,0.75529557466506958,0.12271875143051147,0,1,0,1,fdee0400000500630f0000215001a929
107,snapshot,J5,5,36,0.56066439499999998,0.56082685200000004,0.56162864199999996,0.80179,1,0,1,1,1,1,5,1,0,32,0,5.0588889122009277,-0.34361249208450317,0,1,0,1,fdee050000f2ff0f6700002050010474
108,snapshot,J3,3,37,0.56399772800000003,0.56420604399999996,0.56579482400000003,1.5887800000000001,1,0,1,1,1,1,3,1,0,32,0,2.1813256740570068,-0.29452499747276306,0,1,0,1,fdee030000f4ff702c00002060013846
109,snapshot,J4,4,37,0.56733106099999997,0.56738689899999994,0.56868203299999998,1.295134,1,0,1,1,1,1,4,1,0,32,0,0.75491207838058472,-0.61359375715255737,0,1,0,1,fdee040000e7ff610f000020500190f8
110,snapshot,J5,5,37,0.57066439400000002,0.57075863699999996,0.571787355,1.028718,1,0,1,1,1,1,5,1,0,32,0,5.0590806007385254,0.024543749168515205,0,1,0,1,fdee0500000100106700002050010ed6
111,snapshot,J3,3,38,0.57399772699999996,0.57419694799999998,0.575720185,1.523237,1,0,1,1,1,1,3,1,0,32,0,2.1815176010131836,0.24543750286102295,0,1,0,1,fdee0300000a00712c000020600108da
112,snapshot,J4,4,38,0.57733106000000001,0.57749011299999997,0.57868600999999997,1.195897,1,0,1,1,1,1,4,1,0,33,0,0.75510382652282715,-0.26998123526573181,0,1,0,1,fdee040000f5ff620f00002150014c6e
113,snapshot,J5,5,38,0.58066439299999995,0.58082347000000001,0.58178971899999998,0.96624900000000002,1,0,1,1,1,1,5,1,0,32,0,5.0588889122009277,-0.36815625429153442,0,1,0,1,fdee050000f1ff0f67000020500103a2
114,snapshot,J3,3,39,0.58399772599999999,0.58419875300000002,0.58462944800000005,0.43069499999999999,1,0,1,1,1,1,3,1,0,32,0,2.1813256740570068,-0.17180624604225159,0,1,0,1,fdee030000f9ff702c0000206001ea4b
115,snapshot,J4,4,39,0.58733105900000004,0.58750358000000003,0.58868026200000001,1.176682,1,0,1,1,1,1,4,1,0,33,0,0.75510382652282715,-0.24543750286102295,0,1,0,1,fdee040000f6ff620f00002150014bb8
116,snapshot,J5,5,39,0.59066439199999998,0.59082102800000003,0.59180099799999997,0.97997000000000001,1,0,1,1,1,1,5,1,0,32,0,5.0588889122009277,-0.24543750286102295,0,1,0,1,fdee050000f6ff0f670000205001e14b
117,snapshot,J3,3,40,0.59399772500000003,0.59427812800000002,0.59578623600000002,1.508108,1,0,1,1,1,1,3,1,0,32,0,2.1813256740570068,-0.19634999334812164,0,1,0,1,fdee030000f8ff702c0000205801757e
118,snapshot,J4,4,40,0.59733105799999997,0.59750075599999997,0.59874052,1.2397640000000001,1,0,1,1,1,1,4,1,0,32,0,0.75529557466506958,0.024543749168515205,0,1,0,1,fdee0400000100630f0000205001904c
119,snapshot,J5,5,40,0.60066439100000002,0.60082544800000004,0.60178765499999998,0.96220700000000003,1,0,1,1,1,1,5,1,0,32,0,5.0590806007385254,0,0,1,0,1,fdee050000000010670000205001f39b
120,snapshot,J3,3,41,0.60399772399999996,0.60419666699999997,0.60577952400000001,1.582857,1,0,1,1,1,1,3,1,0,32,0,2.1811339855194092,0.24543750286102295,0,1,0,1,fdee0300000a006f2c00002058018291
121,snapshot,J4,4,41,0.60733105700000001,0.60753289200000005,0.60868587600000001,1.152984,1,0,1,1,1,1,4,1,0,32,0,0.75510382652282715,0,0,1,0,1,fdee0400000000620f0000205001b89e
122,snapshot,J5,5,41,0.61066438999999995,0.61082752200000001,0.61178265700000001,0.95513499999999996,1,0,1,1,1,1,5,1,0,32,0,5.0588889122009277,-0.19634999334812164,0,1,0,1,fdee050000f8ff0f6700002050013490
123,snapshot,J3,3,42,0.613997723,0.61419270100000001,0.61463217699999995,0.43947599999999998,1,0,1,1,1,1,3,1,0,32,0,2.1813256740570068,-0.19634999334812164,0,1,0,1,fdee030000f8ff702c00002060011706
124,snapshot,J4,4,42,0.61733105600000004,0.61759989999999998,0.61878773200000003,1.187832,1,0,1,1,1,1,4,1,0,32,0,0.75510382652282715,-0.24543750286102295,0,1,0,1,fdee040000f6ff620f000020500197e2
125,snapshot,J5,5,42,0.62066438899999998,0.62083162800000002,0.62174047799999999,0.90885000000000005,1,0,1,1,1,1,5,1,0,32,0,5.0586967468261719,-0.56450623273849487,0,1,0,1,fdee050000e9ff0e67000020500188bd
126,snapshot,J3,3,43,0.62399772200000003,0.624201542,0.62461522300000005,0.41368100000000002,1,0,1,1,1,1,3,1,0,32,0,2.1813256740570068,-0.19634999334812164,0,1,0,1,fdee030000f8ff702c00002060011706
127,snapshot,J4,4,43,0.62733105499999997,0.627596021,0.62858257200000001,0.98655099999999996,1,0,1,1,1,1,4,1,0,32,0,0.75510382652282715,-0.36815625429153442,0,1,0,1,fdee040000f1ff620f0000205001750b
128,snapshot,J5,5,43,0.63066438800000002,0.63071756899999998,0.63167901800000004,0.961449,1,0,1,1,1,1,5,1,0,32,0,5.0590806007385254,0.024543749168515205,0,1,0,1,fdee0500000100106700002050010ed6
129,snapshot,J3,3,44,0.63399772099999996,0.63406722599999998,0.63466201,0.59478399999999998,1,0,1,1,1,1,3,1,0,32,0,2.1815176010131836,0.12271875143051147,0,1,0,1,fdee0300000500712c0000206001204c
130,snapshot,J4,4,44,0.63733105400000001,0.63739900199999999,0.63867605900000002,1.2770570000000001,1,0,1,1,1,1,4,1,0,33,0,0.75510382652282715,-0.31906875967979431,0,1,0,1,fdee040000f3ff620f000021500153ca
131,snapshot,J5,5,44,0.64066438699999995,0.64076357299999998,0.64178449999999998,1.0209269999999999,1,0,1,1,1,1,5,1,0,32,0,5.0590806007385254,-0.24543750286102295,0,1,0,1,fdee050000f6ff10670000205001dce7
132,snapshot,J3,3,45,0.64399772,0.64416581399999995,0.64458729100000001,0.42147699999999999,1,0,1,1,1,1,3,1,0,32,0,2.1813256740570068,-0.24543750286102295,0,1,0,1,fdee030000f6ff702c0000206001c2dd
133,snapshot,J4,4,45,0.64733105300000005,0.64740230200000004,0.64858992500000001,1.1876230000000001,1,0,1,1,1,1,4,1,0,33,0,0.75510382652282715,-0.19634999334812164,0,1,0,1,fdee040000f8ff620f00002150019e63
134,snapshot,J5,5,45,0.65066438599999998,0.650717188,0.65167787300000002,0.96068500000000001,1,0,1,1,1,1,5,1,0,32,0,5.0590806007385254,0.073631249368190765,0,1,0,1,fdee050000030010670000205001f44d
135,snapshot,J3,3,46,0.65399771900000003,0.65406768100000001,0.65466981899999999,0.60213799999999995,1,0,1,1,1,1,3,1,0,32,0,2.1815176010131836,0.12271875143051147,0,1,0,1,fdee0300000500712c00002058014234
136,snapshot,J4,4,46,0.65733105199999997,0.65740010400000004,0.658785552,1.385448,1,0,1,1,1,1,4,1,0,32,0,0.75529557466506958,0.12271875143051147,0,1,0,1,fdee0400000500630f00002050017573
137,snapshot,J5,5,46,0.66066438500000002,0.66082315999999997,0.66165346700000005,0.83030700000000002,1,0,1,1,1,1,5,1,0,32,0,5.0588889122009277,-0.24543750286102295,0,1,0,1,fdee050000f6ff0f670000205001e14b
138,snapshot,J3,3,47,0.66399771799999996,0.66416093399999998,0.66463076300000001,0.469829,1,0,1,1,1,1,3,1,0,32,0,2.1813256740570068,-0.14726249873638153,0,1,0,1,fdee030000faff702c0000206001ed9d
139,snapshot,J4,4,47,0.66733105100000001,0.66750109700000004,0.66870274200000002,1.2016450000000001,1,0,1,1,1,1,4,1,0,32,0,0.75510382652282715,-0.24543750286102295,0,1,0,1,fdee040000f6ff620f000020500197e2
140,snapshot,J5,5,47,0.67066438399999995,0.67081919999999995,0.67168345699999998,0.86425700000000005,1,0,1,1,1,1,5,1,0,32,0,5.0590806007385254,0,0,1,0,1,fdee050000000010670000205001f39b
141,snapshot,J3,3,48,0.673997717,0.67419402500000003,0.674629174,0.43514900000000001,1,0,1,1,1,1,3,1,0,32,0,2.1813256740570068,-0.29452499747276306,0,1,0,1,fdee030000f4ff702c00002060013846
142,snapshot,J4,4,48,0.67733105000000005,0.67759798800000004,0.67868963599999999,1.091648,1,0,1,1,1,1,4,1,0,32,0,0.75510382652282715,0.024543749168515205,0,1,0,1,fdee0400000100620f000020500145d3
143,snapshot,J5,5,48,0.68066438299999998,0.68082324000000005,0.68176256599999996,0.93932599999999999,1,0,1,1,1,1,5,1,0,32,0,5.0588889122009277,-0.24543750286102295,0,1,0,1,fdee050000f6ff0f670000205001e14b
144,snapshot,J3,3,49,0.68399771600000003,0.68419390300000005,0.68462579999999995,0.43189699999999998,1,0,1,1,1,1,3,1,0,32,0,2.1813256740570068,-0.22089375555515289,0,1,0,1,fdee030000f7ff702c00002060013f90
145,snapshot,J4,4,49,0.68733104899999997,0.68749635200000003,0.68866097800000003,1.1646259999999999,1,0,1,1,1,1,4,1,0,32,0,0.75548732280731201,0.46633124351501465,0,1,0,1,fdee0400001300640f0000205001e6ef
146,snapshot,J5,5,49,0.69066438200000002,0.69082946199999995,0.69178179200000001,0.95233000000000001,1,0,1,1,1,1,5,1,0,32,0,5.0590806007385254,0,0,1,0,1,fdee050000000010670000205001f39b
147,snapshot,J3,3,50,0.69399771499999996,0.69420059300000003,0.69576517800000004,1.5645849999999999,1,0,1,1,1,1,3,1,0,32,0,2.1811339855194092,-0.31906875967979431,0,1,0,1,fdee030000f3ff6f2c0000206001e703
148,snapshot,J4,4,50,0.69733104800000001,0.69738837499999995,0.69871570000000005,1.3273250000000001,1,0,1,1,1,1,4,1,0,32,0,0.75548732280731201,0,0,1,0,1,fdee0400000000640f000020500175c6
149,snapshot,J5,5,50,0.70066438099999995,0.70075978699999997,0.70177357600000001,1.0137890000000001,1,0,1,1,1,1,5,1,0,32,0,5.0588889122009277,-0.29452499747276306,0,1,0,1,fdee050000f4ff0f6700002050011bd0
150,snapshot,J3,3,51,0.703997714,0.70420169899999996,0.70570266199999998,1.500963,1,0,1,1,1,1,3,1,0,32,0,2.1817092895507812,0.4908750057220459,0,1,0,1,fdee0300001400722c00002060012756
151,snapshot,J4,4,51,0.70733104700000005,0.70738769000000001,0.70866648399999999,1.278794,1,0,1,1,1,1,4,1,0,33,0,0.75510382652282715,-0.58904999494552612,0,1,0,1,fdee040000e8ff620f00002150010a9c
152,snapshot,J5,5,51,0.71066437999999998,0.71075498199999998,0.71162963400000001,0.87465199999999999,1,0,1,1,1,1,5,1,0,32,0,5.0588889122009277,-0.26998123526573181,0,1,0,1,fdee050000f5ff0f670000205001e69d
153,snapshot,J3,3,52,0.71399771300000003,0.71407010599999998,0.71462527099999995,0.55516500000000002,1,0,1,1,1,1,3,1,0,32,0,2.1813256740570068,-0.14726249873638153,0,1,0,1,fdee030000faff702c0000206001ed9d
154,snapshot,J4,4,52,0.71733104599999997,0.71738428200000004,0.71865953000000005,1.2752479999999999,1,0,1,1,1,1,4,1,0,32,0,0.75529557466506958,-0.12271875143051147,0,1,0,1,fdee040000fbff630f00002050019070
155,snapshot,J5,5,52,0.72066437900000002,0.72071697499999998,0.72166116400000002,0.94418899999999994,1,0,1,1,1,1,5,1,0,32,0,5.0590806007385254,0.073631249368190765,0,1,0,1,fdee050000030010670000205001f44d
156,snapshot,J3,3,53,0.72399771199999996,0.724066706,0.72456189199999999,0.49518600000000002,1,0,1,1,1,1,3,1,0,32,0,2.1813256740570068,-0.24543750286102295,0,1,0,1,fdee030000f6ff702c0000206001c2dd
157,snapshot,J4,4,53,0.72733104500000001,0.72740177399999995,0.72856294300000002,1.1611689999999999,1,0,1,1,1,1,4,1,0,32,0,0.75548732280731201,0.41724374890327454,0,1,0,1,fdee0400001100640f00002050011c74
158,snapshot,J5,5,53,0.73066437799999995,0.73071675700000005,0.731656317,0.93955999999999995,1,0,1,1,1,1,5,1,0,32,0,5.0590806007385254,0.098174996674060822,0,1,0,1,fdee05000004001067000020500116a4
159,snapshot,J3,3,54,0.733997711,0.73406632000000005,0.73463851099999999,0.57219100000000001,1,0,1,1,1,1,3,1,0,32,0,2.1813256740570068,-0.14726249873638153,0,1,0,1,fdee030000faff702c0000206001ed9d
160,snapshot,J4,4,54,0.73733104400000005,0.73738769699999995,0.73866010199999999,1.272405,1,0,1,1,1,1,4,1,0,32,0,0.75510382652282715,-0.26998123526573181,0,1,0,1,fdee040000f5ff620f00002050019034
161,snapshot,J5,5,54,0.74066437699999998,0.74082679200000001,0.74176811799999998,0.941326,1,0,1,1,1,1,5,1,0,32,0,5.0590806007385254,0.049087498337030411,0,1,0,1,fdee0500000200106700002050010900
162,snapshot,J3,3,55,0.74399771000000003,0.744200321,0.74571928499999995,1.518964,1,0,1,1,1,1,3,1,0,32,0,2.1813256740570068,-0.24543750286102295,0,1,0,1,fdee030000f6ff702c0000206001c2dd
163,snapshot,J4,4,55,0.74733104299999997,0.747387523,0.74866871400000001,1.281191,1,0,1,1,1,1,4,1,0,32,0,0.75510382652282715,-0.29452499747276306,0,1,0,1,fdee040000f4ff620f00002050016d79
164,snapshot,J5,5,55,0.75066437600000002,0.75082681699999998,0.75177329100000001,0.94647400000000004,1,0,1,1,1,1,5,1,0,32,0,5.0590806007385254,0.098174996674060822,0,1,0,1,fdee05000004001067000020500116a4
165,snapshot,J3,3,56,0.75399770899999996,0.75419657799999995,0.75461159899999997,0.41502099999999997,1,0,1,1,1,1,3,1,0,32,0,2.1813256740570068,-0.22089375555515289,0,1,0,1,fdee030000f7ff702c00002060013f90
166,snapshot,J4,4,56,0.75733104200000001,0.75753768899999996,0.75877919699999996,1.2415080000000001,1,0,1,1,1,1,4,1,0,32,0,0.75510382652282715,-0.26998123526573181,0,1,0,1,fdee040000f5ff620f00002050019034
167,snapshot,J5,5,56,0.76066437499999995,0.76084799599999997,0.76167320400000005,0.82520800000000005,1,0,1,1,1,1,5,1,0,32,0,5.0590806007385254,0.073631249368190765,0,1,0,1,fdee050000030010670000205001f44d
168,snapshot,J3,3,57,0.763997708,0.76419902299999998,0.76577321600000003,1.574193,1,0,1,1,1,1,3,1,0,32,0,2.1813256740570068,-0.17180624604225159,0,1,0,1,fdee030000f9ff702c0000206001ea4b
169,snapshot,J4,4,57,0.76733104100000005,0.76753413299999995,0.76869230700000002,1.158174,1,0,1,1,1,1,4,1,0,33,0,0.75529557466506958,0.024543749168515205,0,1,0,1,fdee0400000100630f00002150014c16
170,snapshot,J5,5,57,0.77066437399999999,0.77081883900000003,0.77172188600000002,0.90304700000000004,1,0,1,1,1,1,5,1,0,32,0,5.0590806007385254,0.049087498337030411,0,1,0,1,fdee0500000200106700002050010900
171,snapshot,J3,3,58,0.77399770700000003,0.77420600900000003,0.77460998999999997,0.40398099999999998,1,0,1,1,1,1,3,1,0,32,0,2.1813256740570068,-0.19634999334812164,0,1,0,1,fdee030000f8ff702c00002060011706
172,snapshot,J4,4,58,0.77733103999999997,0.77759970499999997,0.77877099400000005,1.171289,1,0,1,1,1,1,4,1,0,32,0,0.75510382652282715,-0.19634999334812164,0,1,0,1,fdee040000f8ff620f00002050014239
173,snapshot,J5,5,58,0.78066437300000002,0.78075560499999996,0.78177097200000001,1.0153669999999999,1,0,1,1,1,1,5,1,0,32,0,5.0588889122009277,-0.34361249208450317,0,1,0,1,fdee050000f2ff0f6700002050010474
174,snapshot,J3,3,59,0.78399770599999996,0.78420031899999998,0.78568516300000002,1.4848440000000001,1,0,1,1,1,1,3,1,0,32,0,2.1813256740570068,-0.17180624604225159,0,1,0,1,fdee030000f9ff702c0000206001ea4b
175,snapshot,J4,4,59,0.78733103900000001,0.78738918700000005,0.78866589099999995,1.2767040000000001,1,0,1,1,1,1,4,1,0,33,0,0.75510382652282715,-0.24543750286102295,0,1,0,1,fdee040000f6ff620f00002150014bb8
176,snapshot,J5,5,59,0.79066437199999995,0.79076682200000004,0.79174999300000004,0.98317100000000002,1,0,1,1,1,1,5,1,0,32,0,5.0588889122009277,-0.29452499747276306,0,1,0,1,fdee050000f4ff0f6700002050011bd0
177,snapshot,J3,3,60,0.793997705,0.79420760099999999,0.79460057699999997,0.39297599999999999,1,0,1,1,1,1,3,1,0,32,0,2.1813256740570068,-0.22089375555515289,0,1,0,1,fdee030000f7ff702c00002060013f90
178,snapshot,J4,4,60,0.79733103800000005,0.79738886399999998,0.79866789100000002,1.2790269999999999,1,0,1,1,1,1,4,1,0,33,0,0.75510382652282715,-0.24543750286102295,0,1,0,1,fdee040000f6ff620f00002150014bb8
179,snapshot,J5,5,60,0.80066437099999999,0.80073394099999995,0.80164758800000002,0.91364699999999999,1,0,1,1,1,1,5,1,0,32,0,5.0590806007385254,0.12271875143051147,0,1,0,1,fdee050000050010670000205001ebe9
180,snapshot,J3,3,61,0.80399770400000004,0.80406567299999998,0.80458925400000003,0.52358099999999996,1,0,1,1,1,1,3,1,0,32,0,2.1813256740570068,-0.19634999334812164,0,1,0,1,fdee030000f8ff702c00002060011706
181,snapshot,J4,4,61,0.80733103699999997,0.807399223,0.80859350900000004,1.194286,1,0,1,1,1,1,4,1,0,33,0,0.75510382652282715,-0.26998123526573181,0,1,0,1,fdee040000f5ff620f00002150014c6e
182,snapshot,J5,5,61,0.81066437000000002,0.81073974800000004,0.81167758800000001,0.93784000000000001,1,0,1,1,1,1,5,1,0,32,0,5.0588889122009277,-0.34361249208450317,0,1,0,1,fdee050000f2ff0f6700002050010474
183,snapshot,J3,3,62,0.81399770299999996,0.81406761500000002,0.81464607899999997,0.57846399999999998,1,0,1,1,1,1,3,1,0,32,0,2.1815176010131836,0.14726249873638153,0,1,0,1,fdee0300000600712c0000206001279a
184,snapshot,J4,4,62,0.81733103600000001,0.81740445500000003,0.81865180699999995,1.247352,1,0,1,1,1,1,4,1,0,32,0,0.75548732280731201,-0.14726249873638153,0,1,0,1,fdee040000faff640f000020500175fa
185,snapshot,J5,5,62,0.82066436899999995,0.82073229800000003,0.82163352199999995,0.90122400000000003,1,0,1,1,1,1,5,1,0,32,0,5.0588889122009277,-0.36815625429153442,0,1,0,1,fdee050000f1ff0f67000020500103a2
186,snapshot,J3,3,63,0.823997702,0.82406741100000003,0.82458769300000001,0.52028200000000002,1,0,1,1,1,1,3,1,0,32,0,2.1813256740570068,-0.19634999334812164,0,1,0,1,fdee030000f8ff702c00002060011706
187,snapshot,J4,4,63,0.82733103500000005,0.82738366299999999,0.82862182799999995,1.238165,1,0,1,1,1,1,4,1,0,32,0,0.75529557466506958,-0.024543749168515205,0,1,0,1,fdee040000ffff630f0000205001754f
188,snapshot,J5,5,63,0.83066436799999999,0.83073668499999997,0.83165442099999998,0.917736,1,0,1,1,1,1,5,1,0,32,0,5.0588889122009277,-0.29452499747276306,0,1,0,1,fdee050000f4ff0f6700002050011bd0
189,snapshot,J3,3,64,0.83399770100000004,0.83406807699999996,0.834629442,0.561365,1,0,1,1,1,1,3,1,0,32,0,2.1815176010131836,0.17180624604225159,0,1,0,1,fdee0300000700712c0000206001dad7
190,snapshot,J4,4,64,0.83733103399999997,0.83740132300000003,0.83868056499999999,1.279242,1,0,1,1,1,1,4,1,0,33,0,0.75529557466506958,-0.34361249208450317,0,1,0,1,fdee040000f2ff630f00002150017b18
191,snapshot,J5,5,64,0.84066436700000002,0.84074412700000001,0.84178278900000003,1.038662,1,0,1,1,1,1,5,1,0,32,0,5.0590806007385254,0.12271875143051147,0,1,0,1,fdee050000050010670000205001ebe9
192,snapshot,J3,3,65,0.84399769999999996,0.84420505099999998,0.84463222100000002,0.42716999999999999,1,0,1,1,1,1,3,1,0,32,0,2.1813256740570068,-0.24543750286102295,0,1,0,1,fdee030000f6ff702c0000206001c2dd
193,snapshot,J4,4,65,0.84733103300000001,0.84754428900000001,0.84867733700000003,1.1330480000000001,1,0,1,1,1,1,4,1,0,33,0,0.75510382652282715,-0.26998123526573181,0,1,0,1,fdee040000f5ff620f00002150014c6e
194,snapshot,J5,5,65,0.85066436599999995,0.85082428499999996,0.85177902900000002,0.95474400000000004,1,0,1,1,1,1,5,1,0,32,0,5.0590806007385254,0.098174996674060822,0,1,0,1,fdee05000004001067000020500116a4
195,snapshot,J3,3,66,0.853997699,0.85419144199999997,0.85572427900000003,1.532837,1,0,1,1,1,1,3,1,0,32,0,2.1813256740570068,-0.14726249873638153,0,1,0,1,fdee030000faff702c0000206001ed9d
196,snapshot,J4,4,66,0.85733103200000005,0.85749734799999999,0.85877744099999997,1.2800929999999999,1,0,1,1,1,1,4,1,0,32,0,0.75529557466506958,0.049087498337030411,0,1,0,1,fdee0400000200630f0000205001979a
197,snapshot,J5,5,66,0.86066436499999999,0.86082772299999999,0.86162280300000005,0.79508000000000001,1,0,1,1,1,1,5,1,0,32,0,5.0590806007385254,0,0,1,0,1,fdee050000000010670000205001f39b
198,snapshot,J3,3,67,0.86399769800000004,0.86419079899999995,0.864615456,0.42465700000000001,1,0,1,1,1,1,3,1,0,32,0,2.1815176010131836,0.19634999334812164,0,1,0,1,fdee0300000800712c0000206001f241
199,snapshot,J4,4,67,0.86733103099999997,0.86758669099999997,0.86869034899999997,1.103658,1,0,1,1,1,1,4,1,0,33,0,0.75510382652282715,-0.24543750286102295,0,1,0,1,fdee040000f6ff620f00002150014bb8
200,snapshot,J5,5,67,0.87066436400000002,0.87082226900000004,0.87177996400000002,0.95769499999999996,1,0,1,1,1,1,5,1,0,32,0,5.0588889122009277,-0.24543750286102295,0,1,0,1,fdee050000f6ff0f670000205001e14b
201,snapshot,J3,3,68,0.87399769699999996,0.87418115600000001,0.87462729900000002,0.44614300000000001,1,0,1,1,1,1,3,1,0,32,0,2.1813256740570068,-0.17180624604225159,0,1,0,1,fdee030000f9ff702c0000206001ea4b
202,snapshot,J4,4,68,0.87733103000000001,0.87752487000000001,0.87870885499999996,1.1839850000000001,1,0,1,1,1,1,4,1,0,33,0,0.75510382652282715,-0.26998123526573181,0,1,0,1,fdee040000f5ff620f00002150014c6e
203,snapshot,J5,5,68,0.88066436299999995,0.880824312,0.88179744999999998,0.97313799999999995,1,0,1,1,1,1,5,1,0,32,0,5.0590806007385254,0.024543749168515205,0,1,0,1,fdee0500000100106700002050010ed6
204,snapshot,J3,3,69,0.883997696,0.88420369600000004,0.88462077400000005,0.417078,1,0,1,1,1,1,3,1,0,32,0,2.1815176010131836,0.12271875143051147,0,1,0,1,fdee0300000500712c0000206001204c
205,snapshot,J4,4,69,0.88733102900000005,0.88760147099999998,0.88871146599999995,1.1099950000000001,1,0,1,1,1,1,4,1,0,33,0,0.75529557466506958,0.073631249368190765,0,1,0,1,fdee0400000300630f0000215001b68d
206,snapshot,J5,5,69,0.89066436199999999,0.89085069100000003,0.89178552600000005,0.93483499999999997,1,0,1,1,1,1,5,1,0,32,0,5.0588889122009277,0.049087498337030411,0,1,0,1,fdee05000002000f67000020500134ac
207,snapshot,J3,3,70,0.89399769500000004,0.89419540099999995,0.89458058600000001,0.385185,1,0,1,1,1,1,3,1,0,32,0,2.1813256740570068,-0.19634999334812164,0,1,0,1,fdee030000f8ff702c00002060011706
208,snapshot,J4,4,70,0.89733102799999998,0.89740479399999995,0.89868210500000001,1.2773110000000001,1,0,1,1,1,1,4,1,0,32,0,0.75510382652282715,-0.36815625429153442,0,1,0,1,fdee040000f1ff620f0000205001750b
209,snapshot,J5,5,70,0.90066436100000002,0.90071673900000004,0.90167861999999999,0.96188099999999999,1,0,1,1,1,1,5,1,0,32,0,5.0590806007385254,0.098174996674060822,0,1,0,1,fdee05000004001067000020500116a4
210,snapshot,J3,3,71,0.90399769399999996,0.90406568899999995,0.90457804200000003,0.51235299999999995,1,0,1,1,1,1,3,1,0,32,0,2.1811339855194092,-0.58904999494552612,0,1,0,1,fdee030000e8ff6f2c0000206001be55
211,snapshot,J4,4,71,0.90733102700000001,0.90740339599999997,0.90858003600000004,1.1766399999999999,1,0,1,1,1,1,4,1,0,33,0,0.75510382652282715,-0.24543750286102295,0,1,0,1,fdee040000f6ff620f00002150014bb8
212,snapshot,J5,5,71,0.91066435999999995,0.91071682300000001,0.91173772600000003,1.0209029999999999,1,0,1,1,1,1,5,1,0,32,0,5.0590806007385254,0.12271875143051147,0,1,0,1,fdee050000050010670000205001ebe9
213,snapshot,J3,3,72,0.913997693,0.914191058,0.91462031200000005,0.42925400000000002,1,0,1,1,1,1,3,1,0,32,0,2.1813256740570068,-0.19634999334812164,0,1,0,1,fdee030000f8ff702c00002060011706
214,snapshot,J4,4,72,0.91733102600000005,0.91753285799999995,0.91877026100000003,1.237403,1,0,1,1,1,1,4,1,0,33,0,0.75529557466506958,-0.098174996674060822,0,1,0,1,fdee040000fcff630f0000215001aec3
215,snapshot,J5,5,72,0.92066435899999999,0.92075492299999995,0.92178390899999996,1.028986,1,0,1,1,1,1,5,1,0,32,0,5.0590806007385254,0.049087498337030411,0,1,0,1,fdee0500000200106700002050010900
216,snapshot,J3,3,73,0.92399769200000004,0.92418363100000001,0.92462309799999998,0.439467,1,0,1,1,1,1,3,1,0,32,0,2.1813256740570068,-0.19634999334812164,0,1,0,1,fdee030000f8ff702c00002060011706
217,snapshot,J4,4,73,0.92733102499999998,0.92752173100000002,0.92862090900000005,1.099178,1,0,1,1,1,1,4,1,0,33,0,0.75529557466506958,-0.17180624604225159,0,1,0,1,fdee040000f9ff630f0000215001b6b1
218,snapshot,J5,5,73,0.93066435800000002,0.93083032099999996,0.93178974699999995,0.959426,1,0,1,1,1,1,5,1,0,32,0,5.0590806007385254,0.098174996674060822,0,1,0,1,fdee05000004001067000020500116a4
219,snapshot,J3,3,74,0.93399769099999996,0.93425110899999997,0.93572877799999998,1.4776689999999999,1,0,1,1,1,1,3,1,0,32,0,2.1815176010131836,0.098174996674060822,0,1,0,1,fdee0300000400712c0000206001dd01
220,snapshot,J4,4,74,0.93733102400000001,0.93758393799999995,0.93879511100000002,1.2111730000000001,1,0,1,1,1,1,4,1,0,32,0,0.75529557466506958,0,0,1,0,1,fdee0400000000630f00002050016d01
221,snapshot,J5,5,74,0.94066435699999995,0.94082400700000002,0.94173224499999997,0.90823799999999999,1,0,1,1,1,1,5,1,0,32,0,5.0588889122009277,-0.34361249208450317,0,1,0,1,fdee050000f2ff0f6700002050010474
222,snapshot,J3,3,75,0.94399769,0.944199487,0.94462771499999998,0.428228,1,0,1,1,1,1,3,1,0,32,0,2.1813256740570068,-0.24543750286102295,0,1,0,1,fdee030000f6ff702c0000206001c2dd
223,snapshot,J4,4,75,0.94733102300000005,0.947600942,0.94870249900000003,1.1015569999999999,1,0,1,1,1,1,4,1,0,32,0,0.75510382652282715,-0.36815625429153442,0,1,0,1,fdee040000f1ff620f0000205001750b
224,snapshot,J5,5,75,0.95066435599999999,0.95082103699999998,0.95177253399999995,0.95149700000000004,1,0,1,1,1,1,5,1,0,32,0,5.0588889122009277,-0.34361249208450317,0,1,0,1,fdee050000f2ff0f6700002050010474
225,snapshot,J3,3,76,0.95399768900000004,0.95415649800000002,0.95460529900000002,0.44880100000000001,1,0,1,1,1,1,3,1,0,32,0,2.1813256740570068,-0.12271875143051147,0,1,0,1,fdee030000fbff702c000020600110d0
226,snapshot,J4,4,76,0.95733102199999998,0.95760202100000003,0.95876565199999997,1.1636310000000001,1,0,1,1,1,1,4,1,0,32,0,0.75510382652282715,-0.31906875967979431,0,1,0,1,fdee040000f3ff620f00002050018f90
227,snapshot,J5,5,76,0.96066435500000003,0.96083001400000001,0.96174357099999996,0.91355699999999995,1,0,1,1,1,1,5,1,0,32,0,5.0590806007385254,-0.31906875967979431,0,1,0,1,fdee050000f3ff10670000205001c495
228,snapshot,J3,3,77,0.96399768799999996,0.96419954600000002,0.96461000500000005,0.41045900000000002,1,0,1,1,1,1,3,1,0,32,0,2.1813256740570068,-0.24543750286102295,0,1,0,1,fdee030000f6ff702c0000206001c2dd
229,snapshot,J4,4,77,0.96733102100000001,0.96752953399999997,0.96868645099999995,1.156917,1,0,1,1,1,1,4,1,0,33,0,0.75529557466506958,0.12271875143051147,0,1,0,1,fdee0400000500630f0000215001a929
230,snapshot,J5,5,77,0.97066435399999995,0.97082738599999996,0.97177273099999995,0.94534499999999999,1,0,1,1,1,1,5,1,0,32,0,5.0588889122009277,-0.29452499747276306,0,1,0,1,fdee050000f4ff0f6700002050011bd0
231,snapshot,J3,3,78,0.973997687,0.97415786000000004,0.97460627,0.44840999999999998,1,0,1,1,1,1,3,1,0,32,0,2.1813256740570068,-0.24543750286102295,0,1,0,1,fdee030000f6ff702c0000206001c2dd
232,snapshot,J4,4,78,0.97733102000000005,0.97752480100000005,0.97881688300000003,1.292082,1,0,1,1,1,1,4,1,0,32,0,0.75510382652282715,-0.24543750286102295,0,1,0,1,fdee040000f6ff620f000020500197e2
233,snapshot,J5,5,78,0.98066435299999999,0.98083955,0.98169024299999996,0.85069300000000003,1,0,1,1,1,1,5,1,0,32,0,5.0588889122009277,-0.36815625429153442,0,1,0,1,fdee050000f1ff0f67000020500103a2
234,snapshot,J3,3,79,0.98399768600000004,0.98425122799999998,0.98576523199999999,1.5140039999999999,1,0,1,1,1,1,3,1,0,32,0,2.1813256740570068,-0.24543750286102295,0,1,0,1,fdee030000f6ff702c0000206001c2dd
235,snapshot,J4,4,79,0.98733101899999998,0.98756573700000005,0.98867586500000004,1.110128,1,0,1,1,1,1,4,1,0,32,0,0.75529557466506958,0,0,1,0,1,fdee0400000000630f00002050016d01
236,snapshot,J5,5,79,0.99066435200000003,0.99082349199999997,0.99166795100000005,0.84445899999999996,1,0,1,1,1,1,5,1,0,32,0,5.0590806007385254,0.098174996674060822,0,1,0,1,fdee05000004001067000020500116a4
237,snapshot,J3,3,80,0.99399768499999996,0.99405830900000003,0.99471942199999996,0.66111299999999995,1,0,1,1,1,1,3,1,0,32,0,2.1813256740570068,-0.19634999334812164,0,1,0,1,fdee030000f8ff702c00002060011706
238,snapshot,J4,4,80,0.99733101800000001,0.99738855299999996,0.99867499199999998,1.2864390000000001,1,0,1,1,1,1,4,1,0,33,0,0.75510382652282715,-0.26998123526573181,0,1,0,1,fdee040000f5ff620f00002150014c6e
239,snapshot,J5,5,80,1.000664351,1.0008105410000001,1.0016949390000001,0.88439800000000002,1,0,1,1,1,1,5,1,0,32,0,5.0590806007385254,0,0,1,0,1,fdee050000000010670000205001f39b
240,snapshot,J3,3,81,1.003997684,1.0041803730000001,1.004603712,0.42333900000000002,1,0,1,1,1,1,3,1,0,32,0,2.1813256740570068,-0.24543750286102295,0,1,0,1,fdee030000f6ff702c0000206001c2dd
241,snapshot,J4,4,81,1.0073310170000001,1.007507927,1.0086884009999999,1.180474,1,0,1,1,1,1,4,1,0,33,0,0.75529557466506958,0.12271875143051147,0,1,0,1,fdee0400000500630f0000215001a929
242,snapshot,J5,5,81,1.0106643500000001,1.0108059519999999,1.01166391,0.857958,1,0,1,1,1,1,5,1,0,32,0,5.0588889122009277,-0.31906875967979431,0,1,0,1,fdee050000f3ff0f670000205001f939
243,snapshot,J3,3,82,1.0139976829999999,1.0141721299999999,1.0146050019999999,0.43287199999999998,1,0,1,1,1,1,3,1,0,32,0,2.1811339855194092,-0.4908750057220459,0,1,0,1,fdee030000ecff6f2c00002060015b6a
244,snapshot,J4,4,82,1.017331016,1.0174858739999999,1.0186980510000001,1.2121770000000001,1,0,1,1,1,1,4,1,0,33,0,0.75529557466506958,0.049087498337030411,0,1,0,1,fdee0400000200630f00002150014bc0
245,snapshot,J5,5,82,1.020664349,1.0208093110000001,1.0217714870000001,0.96217600000000003,1,0,1,1,1,1,5,1,0,32,0,5.0590806007385254,0.024543749168515205,0,1,0,1,fdee0500000100106700002050010ed6
246,snapshot,J3,3,83,1.0239976820000001,1.0241707309999999,1.0246055350000001,0.43480400000000002,1,0,1,1,1,1,3,1,0,32,0,2.1813256740570068,-0.19634999334812164,0,1,0,1,fdee030000f8ff702c00002060011706
247,snapshot,J4,4,83,1.0273310149999999,1.02750735,1.028688662,1.1813119999999999,1,0,1,1,1,1,4,1,0,32,0,0.75529557466506958,-0.073631249368190765,0,1,0,1,fdee040000fdff630f00002050018fd4
248,snapshot,J5,5,83,1.030664348,1.0308139650000001,1.031764361,0.95039600000000002,1,0,1,1,1,1,5,1,0,32,0,5.0588889122009277,-0.29452499747276306,0,1,0,1,fdee050000f4ff0f6700002050011bd0
249,snapshot,J3,3,84,1.033997681,1.0341745870000001,1.034608518,0.43393100000000001,1,0,1,1,1,1,3,1,0,32,0,2.1813256740570068,-0.26998123526573181,0,1,0,1,fdee030000f5ff702c0000206001c50b
250,snapshot,J4,4,84,1.0373310140000001,1.0375066850000001,1.0387642070000001,1.257522,1,0,1,1,1,1,4,1,0,33,0,0.75510382652282715,-0.51541876792907715,0,1,0,1,fdee040000ebff620f00002150010d4a
251,snapshot,J5,5,84,1.0406643470000001,1.04080792,1.0417411089999999,0.93318900000000005,1,0,1,1,1,1,5,1,0,32,0,5.0590806007385254,0,0,1,0,1,fdee050000000010670000205001f39b
252,snapshot,J3,3,85,1.0439976799999999,1.044174427,1.044610783,0.43635600000000002,1,0,1,1,1,1,3,1,0,32,0,2.1811339855194092,-0.61359375715255737,0,1,0,1,fdee030000e7ff6f2c000020600196c3
253,snapshot,J4,4,85,1.047331013,1.047503283,1.048675791,1.1725080000000001,1,0,1,1,1,1,4,1,0,32,0,0.75510382652282715,-0.24543750286102295,0,1,0,1,fdee040000f6ff620f000020500197e2
254,snapshot,J5,5,85,1.050664346,1.050811755,1.051775221,0.96346600000000004,1,0,1,1,1,1,5,1,0,32,0,5.0588889122009277,-0.22089375555515289,0,1,0,1,fdee050000f7ff0f6700002050011c06
255,snapshot,J3,3,86,1.0539976790000001,1.054177862,1.054612855,0.43499300000000002,1,0,1,1,1,1,3,1,0,32,0,2.1813256740570068,-0.19634999334812164,0,1,0,1,fdee030000f8ff702c00002060011706
256,snapshot,J4,4,86,1.0573310119999999,1.057514954,1.058769555,1.2546010000000001,1,0,1,1,1,1,4,1,0,33,0,0.75529557466506958,-0.24543750286102295,0,1,0,1,fdee040000f6ff630f00002150019e27
257,snapshot,J5,5,86,1.060664345,1.0608124489999999,1.0616942570000001,0.88180800000000004,1,0,1,1,1,1,5,1,0,32,0,5.0590806007385254,0.049087498337030411,0,1,0,1,fdee0500000200106700002050010900
258,snapshot,J3,3,87,1.063997678,1.064150199,1.0646120910000001,0.46189200000000002,1,0,1,1,1,1,3,1,0,32,0,2.1813256740570068,-0.17180624604225159,0,1,0,1,fdee030000f9ff702c0000206001ea4b
259,snapshot,J4,4,87,1.0673310110000001,1.067390083,1.068702847,1.312764,1,0,1,1,1,1,4,1,0,33,0,0.75529557466506958,0.049087498337030411,0,1,0,1,fdee0400000200630f00002150014bc0
260,snapshot,J5,5,87,1.0706643440000001,1.0707527640000001,1.071777303,1.0245390000000001,1,0,1,1,1,1,5,1,0,32,0,5.0590806007385254,0.098174996674060822,0,1,0,1,fdee05000004001067000020500116a4
261,snapshot,J3,3,88,1.0739976769999999,1.0741970709999999,1.074609006,0.411935,1,0,1,1,1,1,3,1,0,32,0,2.1815176010131836,0.12271875143051147,0,1,0,1,fdee0300000500712c0000206001204c
262,snapshot,J4,4,88,1.07733101,1.077474601,1.0786704620000001,1.1958610000000001,1,0,1,1,1,1,4,1,0,32,0,0.75510382652282715,-0.24543750286102295,0,1,0,1,fdee040000f6ff620f000020500197e2
263,snapshot,J5,5,88,1.080664343,1.0808081979999999,1.0817427740000001,0.93457599999999996,1,0,1,1,1,1,5,1,0,32,0,5.0590806007385254,0.12271875143051147,0,1,0,1,fdee050000050010670000205001ebe9
264,snapshot,J3,3,89,1.0839976760000001,1.0841746139999999,1.084612782,0.438168,1,0,1,1,1,1,3,1,0,32,0,2.1813256740570068,-0.24543750286102295,0,1,0,1,fdee030000f6ff702c0000206001c2dd
265,snapshot,J4,4,89,1.0873310089999999,1.087511313,1.088673175,1.161862,1,0,1,1,1,1,4,1,0,33,0,0.75529557466506958,0.073631249368190765,0,1,0,1,fdee0400000300630f0000215001b68d
266,snapshot,J5,5,89,1.090664342,1.0908079580000001,1.0917773260000001,0.96936800000000001,1,0,1,1,1,1,5,1,0,32,0,5.0588889122009277,-0.31906875967979431,0,1,0,1,fdee050000f3ff0f670000205001f939
267,snapshot,J3,3,90,1.093997675,1.094201588,1.094613469,0.411881,1,0,1,1,1,1,3,1,0,32,0,2.1813256740570068,-0.24543750286102295,0,1,0,1,fdee030000f6ff702c0000206001c2dd
268,snapshot,J4,4,90,1.0973310080000001,1.097517286,1.0987946790000001,1.277393,1,0,1,1,1,1,4,1,0,33,0,0.75529557466506958,0.098174996674060822,0,1,0,1,fdee0400000400630f00002150015464
269,snapshot,J5,5,90,1.1006643410000001,1.1008163790000001,1.101770264,0.95388499999999998,1,0,1,1,1,1,5,1,0,32,0,5.0588889122009277,-0.24543750286102295,0,1,0,1,fdee050000f6ff0f670000205001e14b
270,snapshot,J3,3,91,1.1039976739999999,1.1041706570000001,1.104614201,0.44354399999999999,1,0,1,1,1,1,3,1,0,32,0,2.1813256740570068,-0.24543750286102295,0,1,0,1,fdee030000f6ff702c0000206001c2dd
271,snapshot,J4,4,91,1.107331007,1.1075077689999999,1.108680763,1.1729940000000001,1,0,1,1,1,1,4,1,0,32,0,0.75529557466506958,0.12271875143051147,0,1,0,1,fdee0400000500630f00002050017573
272,snapshot,J5,5,91,1.11066434,1.1108495949999999,1.1117372219999999,0.88762700000000005,1,0,1,1,1,1,5,1,0,32,0,5.0588889122009277,-0.29452499747276306,0,1,0,1,fdee050000f4ff0f6700002050011bd0
273,snapshot,J3,3,92,1.1139976730000001,1.1141798869999999,1.1146131640000001,0.43327700000000002,1,0,1,1,1,1,3,1,0,32,0,2.1813256740570068,-0.14726249873638153,0,1,0,1,fdee030000faff702c0000206001ed9d
274,snapshot,J4,4,92,1.1173310059999999,1.117510266,1.118722067,1.2118009999999999,1,0,1,1,1,1,4,1,0,33,0,0.75548732280731201,0.41724374890327454,0,1,0,1,fdee0400001100640f0000215001c02e
275,snapshot,J5,5,92,1.120664339,1.1207612810000001,1.12177627,1.0149889999999999,1,0,1,1,1,1,5,1,0,32,0,5.0590806007385254,0.024543749168515205,0,1,0,1,fdee0500000100106700002050010ed6
276,snapshot,J3,3,93,1.123997672,1.1241185300000001,1.1256894079999999,1.570878,1,0,1,1,1,1,3,1,0,32,0,2.1815176010131836,0.098174996674060822,0,1,0,1,fdee0300000400712c0000206001dd01
277,snapshot,J4,4,93,1.1273310050000001,1.1274356679999999,1.1286813229999999,1.245655,1,0,1,1,1,1,4,1,0,32,0,0.75510382652282715,-0.26998123526573181,0,1,0,1,fdee040000f5ff620f00002050019034
278,snapshot,J5,5,93,1.1306643380000001,1.130822846,1.1316907940000001,0.86794800000000005,1,0,1,1,1,1,5,1,0,32,0,5.0588889122009277,-0.24543750286102295,0,1,0,1,fdee050000f6ff0f670000205001e14b
279,snapshot,J3,3,94,1.1339976709999999,1.1340716799999999,1.1346024050000001,0.530725,1,0,1,1,1,1,3,1,0,32,0,2.1817092895507812,0.44178751111030579,0,1,0,1,fdee0300001200722c000020600138f2
280,snapshot,J4,4,94,1.137331004,1.137384352,1.138633657,1.2493050000000001,1,0,1,1,1,1,4,1,0,33,0,0.75529557466506958,-0.14726249873638153,0,1,0,1,fdee040000faff630f0000215001b167
281,snapshot,J5,5,94,1.140664337,1.1407171039999999,1.141645442,0.928338,1,0,1,1,1,1,5,1,0,32,0,5.0590806007385254,0.024543749168515205,0,1,0,1,fdee0500000100106700002050010ed6
282,snapshot,J3,3,95,1.1439976700000001,1.1440690760000001,1.144602532,0.53345600000000004,1,0,1,1,1,1,3,1,0,32,0,2.1813256740570068,-0.098174996674060822,0,1,0,1,fdee030000fcff702c0000206001f239
283,snapshot,J4,4,95,1.1473310029999999,1.147401648,1.148621997,1.2203489999999999,1,0,1,1,1,1,4,1,0,33,0,0.75548732280731201,0.39269998669624329,0,1,0,1,fdee0400001000640f00002150013d63
284,snapshot,J5,5,95,1.150664336,1.1507342089999999,1.151638484,0.90427500000000005,1,0,1,1,1,1,5,1,0,32,0,5.0590806007385254,0.12271875143051147,0,1,0,1,fdee050000050010670000205001ebe9
285,snapshot,J3,3,96,1.153997669,1.154067819,1.154636532,0.56871300000000002,1,0,1,1,1,1,3,1,0,32,0,2.1815176010131836,0.14726249873638153,0,1,0,1,fdee0300000600712c0000206001279a
286,snapshot,J4,4,96,1.1573310020000001,1.1574105079999999,1.1586180829999999,1.2075750000000001,1,0,1,1,1,1,4,1,0,33,0,0.75529557466506958,-0.024543749168515205,0,1,0,1,fdee040000ffff630f0000215001a915
287,snapshot,J5,5,96,1.1606643350000001,1.1607167359999999,1.1616723609999999,0.95562499999999995,1,0,1,1,1,1,5,1,0,32,0,5.0590806007385254,0,0,1,0,1,fdee050000000010670000205001f39b
288,snapshot,J3,3,97,1.1639976679999999,1.1640505489999999,1.164601778,0.55122899999999997,1,0,1,1,1,1,3,1,0,32,0,2.1813256740570068,-0.22089375555515289,0,1,0,1,fdee030000f7ff702c00002060013f90
289,snapshot,J4,4,97,1.167331001,1.167394826,1.168605501,1.2106749999999999,1,0,1,1,1,1,4,1,0,33,0,0.75548732280731201,0.39269998669624329,0,1,0,1,fdee0400001000640f00002150013d63
290,snapshot,J5,5,97,1.170664334,1.170734709,1.1715986629999999,0.863954,1,0,1,1,1,1,5,1,0,32,0,5.0588889122009277,-0.36815625429153442,0,1,0,1,fdee050000f1ff0f67000020500103a2
291,snapshot,J3,3,98,1.1739976670000001,1.174068568,1.1746031770000001,0.534609,1,0,1,1,1,1,3,1,0,32,0,2.1813256740570068,-0.19634999334812164,0,1,0,1,fdee030000f8ff702c00002060011706
292,snapshot,J4,4,98,1.1773309999999999,1.1773836419999999,1.1786669679999999,1.283326,1,0,1,1,1,1,4,1,0,33,0,0.75510382652282715,-0.24543750286102295,0,1,0,1,fdee040000f6ff620f00002150014bb8
293,snapshot,J5,5,98,1.180664333,1.1807351740000001,1.181645389,0.910215,1,0,1,1,1,1,5,1,0,32,0,5.0590806007385254,0.12271875143051147,0,1,0,1,fdee050000050010670000205001ebe9
294,snapshot,J3,3,99,1.183997666,1.1840691969999999,1.184602948,0.53375099999999998,1,0,1,1,1,1,3,1,0,32,0,2.1813256740570068,-0.19634999334812164,0,1,0,1,fdee030000f8ff702c00002060011706
295,snapshot,J4,4,99,1.1873309990000001,1.1874019220000001,1.1885664060000001,1.1644840000000001,1,0,1,1,1,1,4,1,0,33,0,0.75529557466506958,0,0,1,0,1,fdee0400000000630f0000215001b15b
296,snapshot,J5,5,99,1.1906643320000001,1.1907173040000001,1.191638617,0.92131300000000005,1,0,1,1,1,1,5,1,0,32,0,5.0590806007385254,0,0,1,0,1,fdee050000000010670000205001f39b
297,snapshot,J3,3,100,1.1939976649999999,1.194073272,1.1946913260000001,0.61805399999999999,1,0,1,1,1,1,3,1,0,32,0,2.1813256740570068,-0.26998123526573181,0,1,0,1,fdee030000f5ff702c0000206001c50b
298,snapshot,J4,4,100,1.197330998,1.197403526,1.198680126,1.2766,1,0,1,1,1,1,4,1,0,33,0,0.75548732280731201,0.44178751111030579,0,1,0,1,fdee0400001200640f0000215001c7f8
299,snapshot,J5,5,100,1.200664331,1.200732344,1.201661815,0.92947100000000005,1,0,1,1,1,1,5,1,0,32,0,5.0590806007385254,0,0,1,0,1,fdee050000000010670000205001f39b
300,snapshot,J3,3,101,1.2039976640000001,1.204066404,1.204585075,0.51867099999999999,1,0,1,1,1,1,3,1,0,32,0,2.1809422969818115,-0.9326624870300293,0,1,0,1,fdee030000daff6e2c00002060013c59
301,snapshot,J4,4,101,1.2073309969999999,1.207383433,1.208741761,1.358328,1,0,1,1,1,1,4,1,0,33,0,0.75529557466506958,0.024543749168515205,0,1,0,1,fdee0400000100630f00002150014c16
302,snapshot,J5,5,101,1.21066433,1.210833593,1.211640609,0.80701599999999996,1,0,1,1,1,1,5,1,0,32,0,5.059272289276123,0,0,1,0,1,fdee0500000000116700002050012604
303,snapshot,J3,3,102,1.213997663,1.214157682,1.214623126,0.46544400000000002,1,0,1,1,1,1,3,1,0,32,0,2.1813256740570068,-0.17180624604225159,0,1,0,1,fdee030000f9ff702c0000206001ea4b
304,snapshot,J4,4,102,1.2173309960000001,1.2175232410000001,1.2187559050000001,1.232664,1,0,1,1,1,1,4,1,0,32,0,0.75510382652282715,-0.24543750286102295,0,1,0,1,fdee040000f6ff620f000020500197e2
305,snapshot,J5,5,102,1.2206643290000001,1.220825195,1.2217056470000001,0.88045200000000001,1,0,1,1,1,1,5,1,0,32,0,5.0588889122009277,-0.26998123526573181,0,1,0,1,fdee050000f5ff0f670000205001e69d
306,snapshot,J3,3,103,1.2239976619999999,1.2241891659999999,1.2257804720000001,1.5913060000000001,1,0,1,1,1,1,3,1,0,32,0,2.1813256740570068,-0.24543750286102295,0,1,0,1,fdee030000f6ff702c0000206001c2dd
307,snapshot,J4,4,103,1.227330995,1.2273884880000001,1.2287657380000001,1.3772500000000001,1,0,1,1,1,1,4,1,0,33,0,0.75548732280731201,0.44178751111030579,0,1,0,1,fdee0400001200640f0000215001c7f8
308,snapshot,J5,5,103,1.230664328,1.230761526,1.2316776330000001,0.916107,1,0,1,1,1,1,5,1,0,32,0,5.0590806007385254,0.049087498337030411,0,1,0,1,fdee0500000200106700002050010900
309,snapshot,J3,3,104,1.2339976610000001,1.234187726,1.234621392,0.433666,1,0,1,1,1,1,3,1,0,32,0,2.1813256740570068,-0.24543750286102295,0,1,0,1,fdee030000f6ff702c0000206001c2dd
310,snapshot,J4,4,104,1.2373309939999999,1.237489158,1.2387180449999999,1.2288870000000001,1,0,1,1,1,1,4,1,0,33,0,0.75510382652282715,-0.26998123526573181,0,1,0,1,fdee040000f5ff620f00002150014c6e
311,snapshot,J5,5,104,1.240664327,1.2408244070000001,1.241788342,0.96393499999999999,1,0,1,1,1,1,5,1,0,32,0,5.0588889122009277,-0.31906875967979431,0,1,0,1,fdee050000f3ff0f670000205001f939
312,snapshot,J3,3,105,1.24399766,1.2441711689999999,1.244721564,0.55039499999999997,1,0,1,1,1,1,3,1,0,32,0,2.1813256740570068,-0.24543750286102295,0,1,0,1,fdee030000f6ff702c0000206001c2dd
313,snapshot,J4,4,105,1.2473309930000001,1.247567791,1.2487468799999999,1.1790890000000001,1,0,1,1,1,1,4,1,0,33,0,0.75529557466506958,0.073631249368190765,0,1,0,1,fdee0400000300630f0000215001b68d
314,snapshot,J5,5,105,1.2506643260000001,1.2508461310000001,1.2517219260000001,0.87579499999999999,1,0,1,1,1,1,5,1,0,32,0,5.0588889122009277,-0.26998123526573181,0,1,0,1,fdee050000f5ff0f670000205001e69d
315,snapshot,J3,3,106,1.2539976589999999,1.254215662,1.254608803,0.39314100000000002,1,0,1,1,1,1,3,1,0,32,0,2.1813256740570068,0.12271875143051147,0,1,0,1,fdee0300000500702c0000206001f5d3
316,snapshot,J4,4,106,1.257330992,1.257574295,1.258774831,1.200536,1,0,1,1,1,1,4,1,0,33,0,0.75529557466506958,0,0,1,0,1,fdee0400000000630f0000215001b15b
317,snapshot,J5,5,106,1.260664325,1.2607660000000001,1.261760744,0.99474399999999996,1,0,1,1,1,1,5,1,0,32,0,5.0588889122009277,-0.24543750286102295,0,1,0,1,fdee050000f6ff0f670000205001e14b
318,snapshot,J3,3,107,1.2639976580000001,1.264175391,1.2646314299999999,0.45603900000000003,1,0,1,1,1,1,3,1,0,32,0,2.1813256740570068,-0.24543750286102295,0,1,0,1,fdee030000f6ff702c0000206001c2dd
319,snapshot,J4,4,107,1.2673309909999999,1.2673884950000001,1.268676932,1.2884370000000001,1,0,1,1,1,1,4,1,0,33,0,0.75529557466506958,0.073631249368190765,0,1,0,1,fdee0400000300630f0000215001b68d
320,snapshot,J5,5,107,1.270664324,1.2707630590000001,1.2717576820000001,0.99462300000000003,1,0,1,1,1,1,5,1,0,32,0,5.0586967468261719,-0.63813751935958862,0,1,0,1,fdee050000e6ff0e670000205001a02b
321,snapshot,J3,3,108,1.273997657,1.2742317540000001,1.2745825079999999,0.35075400000000001,1,0,1,1,1,1,3,1,0,32,0,2.1811339855194092,-0.46633124351501465,0,1,0,1,fdee030000edff6f2c0000206001a627
322,snapshot,J4,4,108,1.2773309900000001,1.277384552,1.2786773140000001,1.292762,1,0,1,1,1,1,4,1,0,33,0,0.75510382652282715,-0.26998123526573181,0,1,0,1,fdee040000f5ff620f00002150014c6e
323,snapshot,J5,5,108,1.2806643230000001,1.280717409,1.2816743829999999,0.95697399999999999,1,0,1,1,1,1,5,1,0,32,0,5.0590806007385254,0.024543749168515205,0,1,0,1,fdee0500000100106700002050010ed6
324,snapshot,J3,3,109,1.2839976559999999,1.284065158,1.2845742200000001,0.50906200000000001,1,0,1,1,1,1,3,1,0,32,0,2.1813256740570068,-0.24543750286102295,0,1,0,1,fdee030000f6ff702c0000206001c2dd
325,snapshot,J4,4,109,1.287330989,1.28738329,1.2886056990000001,1.2224090000000001,1,0,1,1,1,1,4,1,0,33,0,0.75510382652282715,-0.24543750286102295,0,1,0,1,fdee040000f6ff620f00002150014bb8
326,snapshot,J5,5,109,1.290664322,1.2908259500000001,1.291788409,0.96245899999999995,1,0,1,1,1,1,5,1,0,32,0,5.0588889122009277,-0.31906875967979431,0,1,0,1,fdee050000f3ff0f670000205001f939
327,snapshot,J3,3,110,1.2939976550000001,1.2941588829999999,1.2946277020000001,0.46881899999999999,1,0,1,1,1,1,3,1,0,32,0,2.1813256740570068,-0.22089375555515289,0,1,0,1,fdee030000f7ff702c00002060013f90
328,snapshot,J4,4,110,1.2973309879999999,1.2975179990000001,1.298686904,1.1689050000000001,1,0,1,1,1,1,4,1,0,32,0,0.75548732280731201,0.46633124351501465,0,1,0,1,fdee0400001300640f0000205001e6ef
329,snapshot,J5,5,110,1.300664321,1.3008361879999999,1.3017178410000001,0.88165300000000002,1,0,1,1,1,1,5,1,0,32,0,5.0590806007385254,0.073631249368190765,0,1,0,1,fdee050000030010670000205001f44d
330,snapshot,J3,3,111,1.303997654,1.3041886410000001,1.304629834,0.441193,1,0,1,1,1,1,3,1,0,32,0,2.1815176010131836,0.12271875143051147,0,1,0,1,fdee0300000500712c0000206001204c
331,snapshot,J4,4,111,1.3073309870000001,1.3075269389999999,1.308716539,1.1896,1,0,1,1,1,1,4,1,0,33,0,0.75510382652282715,-0.26998123526573181,0,1,0,1,fdee040000f5ff620f00002150014c6e
332,snapshot,J5,5,111,1.3106643200000001,1.3108284649999999,1.311730582,0.90211699999999995,1,0,1,1,1,1,5,1,0,32,0,5.0588889122009277,-0.36815625429153442,0,1,0,1,fdee050000f1ff0f67000020500103a2
333,snapshot,J3,3,112,1.3139976529999999,1.314193706,1.315738753,1.5450470000000001,1,0,1,1,1,1,3,1,0,32,0,2.1813256740570068,-0.24543750286102295,0,1,0,1,fdee030000f6ff702c0000206001c2dd
334,snapshot,J4,4,112,1.317330986,1.3175267289999999,1.3187237599999999,1.197031,1,0,1,1,1,1,4,1,0,33,0,0.75510382652282715,-0.24543750286102295,0,1,0,1,fdee040000f6ff620f00002150014bb8
335,snapshot,J5,5,112,1.320664319,1.3208265239999999,1.321792503,0.96597900000000003,1,0,1,1,1,1,5,1,0,32,0,5.0586967468261719,-0.6626812219619751,0,1,0,1,fdee050000e5ff0e670000205001a7fd
336,snapshot,J3,3,113,1.3239976520000001,1.32416231,1.3246296689999999,0.46735900000000002,1,0,1,1,1,1,3,1,0,32,0,2.1813256740570068,-0.24543750286102295,0,1,0,1,fdee030000f6ff702c0000206001c2dd
337,snapshot,J4,4,113,1.3273309849999999,1.327525308,1.3286980150000001,1.1727069999999999,1,0,1,1,1,1,4,1,0,32,0,0.75529557466506958,0.024543749168515205,0,1,0,1,fdee0400000100630f0000205001904c
338,snapshot,J5,5,113,1.330664318,1.3307559870000001,1.331715491,0.95950400000000002,1,0,1,1,1,1,5,1,0,32,0,5.0588889122009277,-0.29452499747276306,0,1,0,1,fdee050000f4ff0f6700002050011bd0
339,snapshot,J3,3,114,1.333997651,1.3342003659999999,1.3345786980000001,0.378332,1,0,1,1,1,1,3,1,0,32,0,2.1813256740570068,-0.14726249873638153,0,1,0,1,fdee030000faff702c0000206001ed9d
340,snapshot,J4,4,114,1.3373309840000001,1.3374949679999999,1.338792607,1.297639,1,0,1,1,1,1,4,1,0,33,0,0.75510382652282715,-0.24543750286102295,0,1,0,1,fdee040000f6ff620f00002150014bb8
341,snapshot,J5,5,114,1.3406643170000001,1.3408296369999999,1.341800138,0.97050099999999995,1,0,1,1,1,1,5,1,0,32,0,5.0590806007385254,0,0,1,0,1,fdee050000000010670000205001f39b
342,snapshot,J3,3,115,1.3439976499999999,1.344189579,1.344645095,0.45551599999999998,1,0,1,1,1,1,3,1,0,32,0,2.1813256740570068,-0.19634999334812164,0,1,0,1,fdee030000f8ff702c00002060011706
343,snapshot,J4,4,115,1.347330983,1.347500914,1.3486900749999999,1.1891609999999999,1,0,1,1,1,1,4,1,0,33,0,0.75510382652282715,-0.24543750286102295,0,1,0,1,fdee040000f6ff620f00002150014bb8
344,snapshot,J5,5,115,1.350664316,1.3508320709999999,1.351771665,0.93959400000000004,1,0,1,1,1,1,5,1,0,32,0,5.0590806007385254,0.073631249368190765,0,1,0,1,fdee050000030010670000205001f44d
345,snapshot,J3,3,116,1.3539976490000001,1.3541881419999999,1.3546364120000001,0.44827,1,0,1,1,1,1,3,1,0,32,0,2.1815176010131836,0.17180624604225159,0,1,0,1,fdee0300000700712c0000206001dad7
346,snapshot,J4,4,116,1.3573309819999999,1.3575317419999999,1.358807281,1.275539,1,0,1,1,1,1,4,1,0,33,0,0.75529557466506958,0.098174996674060822,0,1,0,1,fdee0400000400630f00002150015464
347,snapshot,J5,5,116,1.360664315,1.3608301540000001,1.3617642999999999,0.93414600000000003,1,0,1,1,1,1,5,1,0,32,0,5.0590806007385254,0,0,1,0,1,fdee050000000010670000205001f39b
348,snapshot,J3,3,117,1.363997648,1.3641902450000001,1.3646247520000001,0.43450699999999998,1,0,1,1,1,1,3,1,0,32,0,2.1813256740570068,-0.14726249873638153,0,1,0,1,fdee030000faff702c0000206001ed9d
349,snapshot,J4,4,117,1.3673309810000001,1.3675271959999999,1.3687012089999999,1.174013,1,0,1,1,1,1,4,1,0,33,0,0.75510382652282715,-0.24543750286102295,0,1,0,1,fdee040000f6ff620f00002150014bb8
350,snapshot,J5,5,117,1.3706643140000001,1.3708333239999999,1.371791947,0.958623,1,0,1,1,1,1,5,1,0,32,0,5.0588889122009277,-0.29452499747276306,0,1,0,1,fdee050000f4ff0f6700002050011bd0
351,snapshot,J3,3,118,1.3739976469999999,1.3741580630000001,1.3746431219999999,0.48505900000000002,1,0,1,1,1,1,3,1,0,32,0,2.1815176010131836,-0.24543750286102295,0,1,0,1,fdee030000f6ff712c00002060011742
352,snapshot,J4,4,118,1.37733098,1.3775289310000001,1.3787605780000001,1.2316469999999999,1,0,1,1,1,1,4,1,0,33,0,0.75510382652282715,-0.31906875967979431,0,1,0,1,fdee040000f3ff620f000021500153ca
353,snapshot,J5,5,118,1.380664313,1.380825352,1.3817312450000001,0.90589299999999995,1,0,1,1,1,1,5,1,0,32,0,5.0590806007385254,-0.049087498337030411,0,1,0,1,fdee050000feff106700002050011698
354,snapshot,J3,3,119,1.3839976460000001,1.3841937470000001,1.3846430059999999,0.44925900000000002,1,0,1,1,1,1,3,1,0,32,0,2.1813256740570068,-0.24543750286102295,0,1,0,1,fdee030000f6ff702c0000206001c2dd
355,snapshot,J4,4,119,1.3873309789999999,1.3875392660000001,1.3887152490000001,1.175983,1,0,1,1,1,1,4,1,0,33,0,0.75510382652282715,-0.24543750286102295,0,1,0,1,fdee040000f6ff620f00002150014bb8
356,snapshot,J5,5,119,1.390664312,1.3908235449999999,1.391776084,0.95253900000000002,1,0,1,1,1,1,5,1,0,32,0,5.0590806007385254,0.049087498337030411,0,1,0,1,fdee0500000200106700002050010900
357,snapshot,J3,3,120,1.393997645,1.3942387890000001,1.39459376,0.35497099999999998,1,0,1,1,1,1,3,1,0,32,0,2.1817092895507812,0.53996247053146362,0,1,0,1,fdee0300001600722c0000206001ddcd
358,snapshot,J4,4,120,1.3973309780000001,1.397388493,1.3987353570000001,1.3468640000000001,1,0,1,1,1,1,4,1,0,32,0,0.75548732280731201,0.44178751111030579,0,1,0,1,fdee0400001200640f00002050011ba2
359,snapshot,J5,5,120,1.4006643110000001,1.400825405,1.401794754,0.96934900000000002,1,0,1,1,1,1,5,1,0,32,0,5.0590806007385254,0,0,1,0,1,fdee050000000010670000205001f39b
360,snapshot,J3,3,121,1.4039976439999999,1.4041899440000001,1.404656364,0.46642,1,0,1,1,1,1,3,1,0,32,0,2.1813256740570068,-0.24543750286102295,0,1,0,1,fdee030000f6ff702c0000206001c2dd
361,snapshot,J4,4,121,1.407330977,1.4075321940000001,1.4087578300000001,1.2256359999999999,1,0,1,1,1,1,4,1,0,33,0,0.75529557466506958,0.024543749168515205,0,1,0,1,fdee0400000100630f00002150014c16
362,snapshot,J5,5,121,1.41066431,1.4108374210000001,1.4117796460000001,0.94222499999999998,1,0,1,1,1,1,5,1,0,32,0,5.0588889122009277,-0.26998123526573181,0,1,0,1,fdee050000f5ff0f670000205001e69d
363,snapshot,J3,3,122,1.4139976430000001,1.414190013,1.414626819,0.43680600000000003,1,0,1,1,1,1,3,1,0,32,0,2.1809422969818115,-0.88357502222061157,0,1,0,1,fdee030000dcff6e2c000020600123fd
364,snapshot,J4,4,122,1.4173309759999999,1.4175015399999999,1.41879617,1.2946299999999999,1,0,1,1,1,1,4,1,0,33,0,0.75510382652282715,-0.24543750286102295,0,1,0,1,fdee040000f6ff620f00002150014bb8
365,snapshot,J5,5,122,1.420664309,1.4208346999999999,1.4218055599999999,0.97085999999999995,1,0,1,1,1,1,5,1,0,32,0,5.0588889122009277,-0.29452499747276306,0,1,0,1,fdee050000f4ff0f6700002050011bd0
366,snapshot,J3,3,123,1.423997642,1.4242272439999999,1.425779219,1.5519750000000001,1,0,1,1,1,1,3,1,0,32,0,2.1813256740570068,-0.24543750286102295,0,1,0,1,fdee030000f6ff702c0000206001c2dd
367,snapshot,J4,4,123,1.4273309750000001,1.4275162100000001,1.4286867059999999,1.170496,1,0,1,1,1,1,4,1,0,33,0,0.75510382652282715,-0.29452499747276306,0,1,0,1,fdee040000f4ff620f0000215001b123
368,snapshot,J5,5,123,1.4306643080000001,1.4308298429999999,1.431724966,0.895123,1,0,1,1,1,1,5,1,0,32,0,5.0588889122009277,-0.31906875967979431,0,1,0,1,fdee050000f3ff0f670000205001f939
369,snapshot,J3,3,124,1.4339976409999999,1.4341956309999999,1.4357881969999999,1.5925659999999999,1,0,1,1,1,1,3,1,0,32,0,2.1813256740570068,-0.24543750286102295,0,1,0,1,fdee030000f6ff702c0000206001c2dd
370,snapshot,J4,4,124,1.437330974,1.437388688,1.4387028209999999,1.314133,1,0,1,1,1,1,4,1,0,32,0,0.75548732280731201,0.34361249208450317,0,1,0,1,fdee0400000e00640f0000205001a01d
371,snapshot,J5,5,124,1.440664307,1.440757624,1.4417789169999999,1.021293,1,0,1,1,1,1,5,1,0,32,0,5.0588889122009277,-0.24543750286102295,0,1,0,1,fdee050000f6ff0f670000205001e14b
372,snapshot,J3,3,125,1.4439976400000001,1.4441808469999999,1.44464142,0.46057300000000001,1,0,1,1,1,1,3,1,0,32,0,2.1813256740570068,-0.24543750286102295,0,1,0,1,fdee030000f6ff702c0000206001c2dd
373,snapshot,J4,4,125,1.4473309729999999,1.4475243369999999,1.448718977,1.1946399999999999,1,0,1,1,1,1,4,1,0,33,0,0.75491207838058472,-0.63813751935958862,0,1,0,1,fdee040000e6ff610f0000215001b1ef
374,snapshot,J5,5,125,1.450664306,1.4508245420000001,1.4517961210000001,0.97157899999999997,1,0,1,1,1,1,5,1,0,32,0,5.0588889122009277,-0.34361249208450317,0,1,0,1,fdee050000f2ff0f6700002050010474
375,snapshot,J3,3,126,1.453997639,1.454156657,1.4546230309999999,0.46637400000000001,1,0,1,1,1,1,3,1,0,32,0,2.1811339855194092,-0.61359375715255737,0,1,0,1,fdee030000e7ff6f2c000020600196c3
376,snapshot,J4,4,126,1.4573309720000001,1.45753862,1.458789925,1.2513049999999999,1,0,1,1,1,1,4,1,0,33,0,0.75510382652282715,-0.34361249208450317,0,1,0,1,fdee040000f2ff620f0000215001ae87
377,snapshot,J5,5,126,1.4606643050000001,1.460825958,1.461728234,0.90227599999999997,1,0,1,1,1,1,5,1,0,32,0,5.0590806007385254,0.049087498337030411,0,1,0,1,fdee0500000200106700002050010900
378,snapshot,J3,3,127,1.4639976379999999,1.4641881480000001,1.4646197560000001,0.43160799999999999,1,0,1,1,1,1,3,1,0,32,0,2.1817092895507812,0.46633124351501465,0,1,0,1,fdee0300001300722c0000206001c5bf
379,snapshot,J4,4,127,1.467330971,1.467541789,1.468755877,1.2140880000000001,1,0,1,1,1,1,4,1,0,33,0,0.75529557466506958,-0.049087498337030411,0,1,0,1,fdee040000feff630f00002150015458
380,snapshot,J5,5,127,1.470664304,1.4708253650000001,1.471793463,0.96809800000000001,1,0,1,1,1,1,5,1,0,32,0,5.0588889122009277,-0.26998123526573181,0,1,0,1,fdee050000f5ff0f670000205001e69d
381,snapshot,J3,3,128,1.4739976370000001,1.474190951,1.4757725930000001,1.581642,1,0,1,1,1,1,3,1,0,32,0,2.1813256740570068,-0.22089375555515289,0,1,0,1,fdee030000f7ff702c00002060013f90
382,snapshot,J4,4,128,1.4773309699999999,1.477496828,1.478658019,1.1611910000000001,1,0,1,1,1,1,4,1,0,33,0,0.75529557466506958,0.024543749168515205,0,1,0,1,fdee0400000100630f00002150014c16
383,snapshot,J5,5,128,1.480664303,1.4808258519999999,1.481787711,0.96185900000000002,1,0,1,1,1,1,5,1,0,32,0,5.0590806007385254,0,0,1,0,1,fdee050000000010670000205001f39b
384,snapshot,J3,3,129,1.483997636,1.4841648300000001,1.484638057,0.47322700000000001,1,0,1,1,1,1,3,1,0,32,0,2.1815176010131836,0.024543749168515205,0,1,0,1,fdee0300000100712c0000206001c573
385,snapshot,J4,4,129,1.4873309690000001,1.4875300300000001,1.4887486160000001,1.2185859999999999,1,0,1,1,1,1,4,1,0,33,0,0.75529557466506958,0,0,1,0,1,fdee0400000000630f0000215001b15b
386,snapshot,J5,5,129,1.4906643020000001,1.49082622,1.4917423700000001,0.91615000000000002,1,0,1,1,1,1,5,1,0,32,0,5.0588889122009277,0,0,1,0,1,fdee05000000000f670000205001ce37
387,snapshot,J3,3,130,1.4939976349999999,1.4941895759999999,1.495722175,1.532599,1,0,1,1,1,1,3,1,0,32,0,2.1813256740570068,-0.22089375555515289,0,1,0,1,fdee030000f7ff702c00002060013f90
388,snapshot,J4,4,130,1.497330968,1.497529863,1.4988017870000001,1.2719240000000001,1,0,1,1,1,1,4,1,0,33,0,0.75510382652282715,-0.36815625429153442,0,1,0,1,fdee040000f1ff620f0000215001a951
389,snapshot,J5,5,130,1.500664301,1.5008247299999999,1.50179098,0.96625000000000005,1,0,1,1,1,1,5,1,0,32,0,5.0586967468261719,-0.61359375715255737,0,1,0,1,fdee050000e7ff0e6700002050015d66
390,snapshot,J3,3,131,1.5039976340000001,1.50417344,1.50463079,0.45734999999999998,1,0,1,1,1,1,3,1,0,32,0,2.1813256740570068,-0.24543750286102295,0,1,0,1,fdee030000f6ff702c0000206001c2dd
391,snapshot,J4,4,131,1.5073309669999999,1.507499535,1.508695871,1.1963360000000001,1,0,1,1,1,1,4,1,0,33,0,0.75510382652282715,-0.29452499747276306,0,1,0,1,fdee040000f4ff620f0000215001b123
392,snapshot,J5,5,131,1.5106643,1.5108269030000001,1.511650948,0.82404500000000003,1,0,1,1,1,1,5,1,0,32,0,5.0588889122009277,-0.36815625429153442,0,1,0,1,fdee050000f1ff0f67000020500103a2
393,snapshot,J3,3,132,1.513997633,1.5141896560000001,1.5146325650000001,0.442909,1,0,1,1,1,1,3,1,0,32,0,2.1813256740570068,-0.24543750286102295,0,1,0,1,fdee030000f6ff702c0000206001c2dd
394,snapshot,J4,4,132,1.5173309660000001,1.517527482,1.5187499289999999,1.2224470000000001,1,0,1,1,1,1,4,1,0,33,0,0.75510382652282715,-0.31906875967979431,0,1,0,1,fdee040000f3ff620f000021500153ca
395,snapshot,J5,5,132,1.5206642990000001,1.52083149,1.521795472,0.96398200000000001,1,0,1,1,1,1,5,1,0,32,0,5.0588889122009277,-0.24543750286102295,0,1,0,1,fdee050000f6ff0f670000205001e14b
396,snapshot,J3,3,133,1.5239976319999999,1.524194177,1.525732965,1.538788,1,0,1,1,1,1,3,1,0,32,0,2.1815176010131836,0.12271875143051147,0,1,0,1,fdee0300000500712c0000206001204c
397,snapshot,J4,4,133,1.527330965,1.527492828,1.5287384470000001,1.245619,1,0,1,1,1,1,4,1,0,33,0,0.75529557466506958,0.12271875143051147,0,1,0,1,fdee0400000500630f0000215001a929
398,snapshot,J5,5,133,1.530664298,1.530829786,1.5317929770000001,0.96319100000000002,1,0,1,1,1,1,5,1,0,32,0,5.0590806007385254,0.12271875143051147,0,1,0,1,fdee050000050010670000205001ebe9
399,snapshot,J3,3,134,1.5339976310000001,1.5341575519999999,1.534629899,0.47234700000000002,1,0,1,1,1,1,3,1,0,32,0,2.1815176010131836,0.12271875143051147,0,1,0,1,fdee0300000500712c0000206001204c
400,snapshot,J4,4,134,1.5373309639999999,1.5375418059999999,1.5387924260000001,1.2506200000000001,1,0,1,1,1,1,4,1,0,33,0,0.75510382652282715,-0.26998123526573181,0,1,0,1,fdee040000f5ff620f00002150014c6e
401,snapshot,J5,5,134,1.540664297,1.540756126,1.5417349810000001,0.97885500000000003,1,0,1,1,1,1,5,1,0,32,0,5.0590806007385254,0.049087498337030411,0,1,0,1,fdee0500000200106700002050010900
402,snapshot,J3,3,135,1.54399763,1.5441458830000001,1.5446207169999999,0.47483399999999998,1,0,1,1,1,1,3,1,0,32,0,2.1813256740570068,-0.26998123526573181,0,1,0,1,fdee030000f5ff702c0000206001c50b
403,snapshot,J4,4,135,1.5473309630000001,1.5474031530000001,1.5486289179999999,1.225765,1,0,1,1,1,1,4,1,0,33,0,0.75529557466506958,0.12271875143051147,0,1,0,1,fdee0400000500630f0000215001a929
404,snapshot,J5,5,135,1.5506642960000001,1.5507166960000001,1.5516521569999999,0.93546099999999999,1,0,1,1,1,1,5,1,0,32,0,5.0588889122009277,-0.26998123526573181,0,1,0,1,fdee050000f5ff0f670000205001e69d
405,snapshot,J3,3,136,1.5539976289999999,1.5540689009999999,1.5546461110000001,0.57721,1,0,1,1,1,1,3,1,0,32,0,2.1815176010131836,0.12271875143051147,0,1,0,1,fdee0300000500712c0000206001204c
406,snapshot,J4,4,136,1.557330962,1.557402127,1.5586194369999999,1.2173099999999999,1,0,1,1,1,1,4,1,0,32,0,0.75510382652282715,-0.24543750286102295,0,1,0,1,fdee040000f6ff620f000020500197e2
407,snapshot,J5,5,136,1.560664295,1.560716934,1.5616214369999999,0.90450299999999995,1,0,1,1,1,1,5,1,0,32,0,5.0588889122009277,-0.26998123526573181,0,1,0,1,fdee050000f5ff0f670000205001e69d
408,snapshot,J3,3,137,1.5639976280000001,1.5640652070000001,1.564584891,0.51968400000000003,1,0,1,1,1,1,3,1,0,32,0,2.1813256740570068,-0.24543750286102295,0,1,0,1,fdee030000f6ff702c0000206001c2dd
409,snapshot,J4,4,137,1.5673309609999999,1.5673862000000001,1.5686437980000001,1.257598,1,0,1,1,1,1,4,1,0,33,0,0.75529557466506958,0.024543749168515205,0,1,0,1,fdee0400000100630f00002150014c16
410,snapshot,J5,5,137,1.570664294,1.5707167870000001,1.571651288,0.93450100000000003,1,0,1,1,1,1,5,1,0,32,0,5.0588889122009277,-0.31906875967979431,0,1,0,1,fdee050000f3ff0f670000205001f939
411,snapshot,J3,3,138,1.573997627,1.57406596,1.5746456550000001,0.57969499999999996,1,0,1,1,1,1,3,1,0,32,0,2.1813256740570068,-0.17180624604225159,0,1,0,1,fdee030000f9ff702c0000206001ea4b
412,snapshot,J4,4,138,1.5773309600000001,1.5774964659999999,1.578702614,1.206148,1,0,1,1,1,1,4,1,0,32,0,0.75510382652282715,-0.26998123526573181,0,1,0,1,fdee040000f5ff620f00002050019034
413,snapshot,J5,5,138,1.5806642930000001,1.5808263140000001,1.5818013209999999,0.97500699999999996,1,0,1,1,1,1,5,1,0,32,0,5.0588889122009277,-0.24543750286102295,0,1,0,1,fdee050000f6ff0f670000205001e14b
414,snapshot,J3,3,139,1.5839976259999999,1.584158822,1.5846350220000001,0.47620000000000001,1,0,1,1,1,1,3,1,0,32,0,2.1811339855194092,-0.53996247053146362,0,1,0,1,fdee030000eaff6f2c000020600144ce
415,snapshot,J4,4,139,1.587330959,1.587537387,1.5887312309999999,1.1938439999999999,1,0,1,1,1,1,4,1,0,33,0,0.75510382652282715,-0.24543750286102295,0,1,0,1,fdee040000f6ff620f00002150014bb8
416,snapshot,J5,5,139,1.590664292,1.5908334930000001,1.591749291,0.915798,1,0,1,1,1,1,5,1,0,32,0,5.0588889122009277,-0.36815625429153442,0,1,0,1,fdee050000f1ff0f67000020500103a2
417,snapshot,J3,3,140,1.5939976250000001,1.594206094,1.5945968770000001,0.39078299999999999,1,0,1,1,1,1,3,1,0,32,0,2.1813256740570068,-0.24543750286102295,0,1,0,1,fdee030000f6ff702c0000206001c2dd
418,snapshot,J4,4,140,1.5973309579999999,1.5973891389999999,1.59879433,1.4051910000000001,1,0,1,1,1,1,4,1,0,33,0,0.75510382652282715,-0.26998123526573181,0,1,0,1,fdee040000f5ff620f00002150014c6e
419,snapshot,J5,5,140,1.600664291,1.6008284589999999,1.601793531,0.96507200000000004,1,0,1,1,1,1,5,1,0,32,0,5.0588889122009277,-0.39269998669624329,0,1,0,1,fdee050000f0ff0f670000205001feef
420,snapshot,J3,3,141,1.603997624,1.6041755929999999,1.604641202,0.465609,1,0,1,1,1,1,3,1,0,32,0,2.1813256740570068,-0.24543750286102295,0,1,0,1,fdee030000f6ff702c0000206001c2dd
421,snapshot,J4,4,141,1.6073309570000001,1.607496729,1.6087082660000001,1.2115370000000001,1,0,1,1,1,1,4,1,0,33,0,0.75529557466506958,0.12271875143051147,0,1,0,1,fdee0400000500630f0000215001a929
422,snapshot,J5,5,141,1.6106642900000001,1.610830091,1.6117229399999999,0.892849,1,0,1,1,1,1,5,1,0,32,0,5.0590806007385254,0.073631249368190765,0,1,0,1,fdee050000030010670000205001f44d
423,snapshot,J3,3,142,1.6139976229999999,1.61419373,1.615800989,1.607259,1,0,1,1,1,1,3,1,0,32,0,2.1813256740570068,-0.19634999334812164,0,1,0,1,fdee030000f8ff702c00002060011706
424,snapshot,J4,4,142,1.617330956,1.6175255019999999,1.618795668,1.2701659999999999,1,0,1,1,1,1,4,1,0,33,0,0.75510382652282715,-0.34361249208450317,0,1,0,1,fdee040000f2ff620f0000215001ae87
425,snapshot,J5,5,142,1.620664289,1.6208275830000001,1.621796639,0.96905600000000003,1,0,1,1,1,1,5,1,0,32,0,5.0586967468261719,0,0,1,0,1,fdee05000000000e670000205801db66
426,snapshot,J3,3,143,1.6239976220000001,1.6241911170000001,1.624639709,0.44859199999999999,1,0,1,1,1,1,3,1,0,32,0,2.1813256740570068,-0.24543750286102295,0,1,0,1,fdee030000f6ff702c0000206001c2dd
427,snapshot,J4,4,143,1.6273309549999999,1.6275161410000001,1.628722215,1.2060740000000001,1,0,1,1,1,1,4,1,0,33,0,0.75510382652282715,-0.26998123526573181,0,1,0,1,fdee040000f5ff620f00002150014c6e
428,snapshot,J5,5,143,1.630664288,1.630827998,1.6317982630000001,0.97026500000000004,1,0,1,1,1,1,5,1,0,32,0,5.0588889122009277,-0.29452499747276306,0,1,0,1,fdee050000f4ff0f6700002050011bd0
429,snapshot,J3,3,144,1.633997621,1.6341598020000001,1.634636757,0.47695500000000002,1,0,1,1,1,1,3,1,0,32,0,2.1815176010131836,0.098174996674060822,0,1,0,1,fdee0300000400712c0000206001dd01
430,snapshot,J4,4,144,1.6373309540000001,1.6375296189999999,1.6388080949999999,1.2784759999999999,1,0,1,1,1,1,4,1,0,33,0,0.75510382652282715,-0.26998123526573181,0,1,0,1,fdee040000f5ff620f00002150014c6e
431,snapshot,J5,5,144,1.6406642870000001,1.6408262250000001,1.641752316,0.926091,1,0,1,1,1,1,5,1,0,32,0,5.0590806007385254,0.12271875143051147,0,1,0,1,fdee050000050010670000205001ebe9
432,snapshot,J3,3,145,1.6439976199999999,1.6442072029999999,1.645760611,1.5534079999999999,1,0,1,1,1,1,3,1,0,32,0,2.1813256740570068,-0.19634999334812164,0,1,0,1,fdee030000f8ff702c00002060011706
433,snapshot,J4,4,145,1.647330953,1.6473890170000001,1.6486912359999999,1.302219,1,0,1,1,1,1,4,1,0,33,0,0.75510382652282715,-0.29452499747276306,0,1,0,1,fdee040000f4ff620f0000215001b123
434,snapshot,J5,5,145,1.650664286,1.6508294450000001,1.6518025009999999,0.97305600000000003,1,0,1,1,1,1,5,1,0,32,0,5.0588889122009277,-0.24543750286102295,0,1,0,1,fdee050000f6ff0f670000205001e14b
435,snapshot,J3,3,146,1.6539976190000001,1.654187638,1.654638018,0.45038,1,0,1,1,1,1,3,1,0,32,0,2.1813256740570068,-0.19634999334812164,0,1,0,1,fdee030000f8ff702c00002060011706
436,snapshot,J4,4,146,1.6573309519999999,1.6575016739999999,1.6587989190000001,1.297245,1,0,1,1,1,1,4,1,0,33,0,0.75510382652282715,-0.26998123526573181,0,1,0,1,fdee040000f5ff620f00002150014c6e
437,snapshot,J5,5,146,1.660664285,1.660851482,1.6617024170000001,0.850935,1,0,1,1,1,1,5,1,0,32,0,5.0590806007385254,0.024543749168515205,0,1,0,1,fdee050000010010670000205801ce18
438,snapshot,J3,3,147,1.663997618,1.664197616,1.6658020229999999,1.6044069999999999,1,0,1,1,1,1,3,1,0,32,0,2.1813256740570068,-0.19634999334812164,0,1,0,1,fdee030000f8ff702c00002060011706
439,snapshot,J4,4,147,1.6673309510000001,1.6675257299999999,1.6687413099999999,1.2155800000000001,1,0,1,1,1,1,4,1,0,33,0,0.75510382652282715,-0.44178751111030579,0,1,0,1,fdee040000eeff620f00002150011538
440,snapshot,J5,5,147,1.6706642840000001,1.6708296250000001,1.6718047039999999,0.97507900000000003,1,0,1,1,1,1,5,1,0,32,0,5.0590806007385254,0,0,1,0,1,fdee0500000000106700002058013355
441,snapshot,J3,3,148,1.6739976169999999,1.674187989,1.67463659,0.44860100000000003,1,0,1,1,1,1,3,1,0,32,0,2.1813256740570068,-0.17180624604225159,0,1,0,1,fdee030000f9ff702c0000206001ea4b
442,snapshot,J4,4,148,1.67733095,1.6774903670000001,1.6788092910000001,1.318924,1,0,1,1,1,1,4,1,0,33,0,0.75510382652282715,-0.26998123526573181,0,1,0,1,fdee040000f5ff620f00002150014c6e
443,snapshot,J5,5,148,1.680664283,1.680859485,1.6818029990000001,0.94351399999999996,1,0,1,1,1,1,5,1,0,32,0,5.0588889122009277,-0.24543750286102295,0,1,0,1,fdee050000f6ff0f670000205001e14b
444,snapshot,J3,3,149,1.6839976160000001,1.6841644170000001,1.6846462950000001,0.48187799999999997,1,0,1,1,1,1,3,1,0,32,0,2.1813256740570068,-0.24543750286102295,0,1,0,1,fdee030000f6ff702c0000206001c2dd
445,snapshot,J4,4,149,1.6873309489999999,1.6875367080000001,1.68876132,1.224612,1,0,1,1,1,1,4,1,0,33,0,0.75510382652282715,-0.34361249208450317,0,1,0,1,fdee040000f2ff620f0000215001ae87
446,snapshot,J5,5,149,1.690664282,1.6908265490000001,1.6917132640000001,0.88671500000000003,1,0,1,1,1,1,5,1,0,32,0,5.0588889122009277,-0.24543750286102295,0,1,0,1,fdee050000f6ff0f6700002058012185
447,snapshot,J3,3,150,1.693997615,1.6942470329999999,1.6957869670000001,1.5399339999999999,1,0,1,1,1,1,3,1,0,32,0,2.1813256740570068,-0.098174996674060822,0,1,0,1,fdee030000fcff702c0000206001f239
448,snapshot,J4,4,150,1.6973309480000001,1.697529751,1.6987922280000001,1.2624770000000001,1,0,1,1,1,1,4,1,0,33,0,0.75510382652282715,-0.39269998669624329,0,1,0,1,fdee040000f0ff620f0000215001541c
449,snapshot,J5,5,150,1.7006642810000001,1.70083111,1.7017938829999999,0.96277299999999999,1,0,1,1,1,1,5,1,0,32,0,5.0590806007385254,0,0,1,0,1,fdee0500000000106700002058013355
450,snapshot,J3,3,151,1.7039976139999999,1.704253067,1.7058135699999999,1.560503,1,0,1,1,1,1,3,1,0,32,0,2.1813256740570068,-0.24543750286102295,0,1,0,1,fdee030000f6ff702c0000206001c2dd
451,snapshot,J4,4,151,1.707330947,1.707499981,1.7086995549999999,1.1995739999999999,1,0,1,1,1,1,4,1,0,33,0,0.75510382652282715,-0.36815625429153442,0,1,0,1,fdee040000f1ff620f0000215001a951
452,snapshot,J5,5,151,1.71066428,1.710835611,1.7117948000000001,0.95918899999999996,1,0,1,1,1,1,5,1,0,32,0,5.0588889122009277,-0.26998123526573181,0,1,0,1,fdee050000f5ff0f6700002058012653
453,snapshot,J3,3,152,1.7139976130000001,1.7141682789999999,1.7146452649999999,0.47698600000000002,1,0,1,1,1,1,3,1,0,32,0,2.1813256740570068,-0.24543750286102295,0,1,0,1,fdee030000f6ff702c0000206001c2dd
454,snapshot,J4,4,152,1.7173309459999999,1.7175098259999999,1.718803555,1.2937289999999999,1,0,1,1,1,1,4,1,0,33,0,0.75529557466506958,0,0,1,0,1,fdee0400000000630f0000215001b15b
455,snapshot,J5,5,152,1.720664279,1.7208252749999999,1.7217958090000001,0.97053400000000001,1,0,1,1,1,1,5,1,0,32,0,5.0588889122009277,-0.34361249208450317,0,1,0,1,fdee050000f2ff0f670000205801c4ba
456,snapshot,J3,3,153,1.723997612,1.724186352,1.7257160789999999,1.5297270000000001,1,0,1,1,1,1,3,1,0,32,0,2.1815176010131836,0.17180624604225159,0,1,0,1,fdee0300000700712c0000206001dad7
457,snapshot,J4,4,153,1.7273309450000001,1.727507213,1.7287491610000001,1.2419480000000001,1,0,1,1,1,1,4,1,0,33,0,0.75529557466506958,0.098174996674060822,0,1,0,1,fdee0400000400630f00002150015464
458,snapshot,J5,5,153,1.7306642779999999,1.7308334649999999,1.7317993519999999,0.96588700000000005,1,0,1,1,1,1,5,1,0,32,0,5.0588889122009277,-0.26998123526573181,0,1,0,1,fdee050000f5ff0f6700002058012653
459,snapshot,J3,3,154,1.7339976109999999,1.734162056,1.734620217,0.45816099999999998,1,0,1,1,1,1,3,1,0,32,0,2.1813256740570068,-0.24543750286102295,0,1,0,1,fdee030000f6ff702c0000206001c2dd
460,snapshot,J4,4,154,1.737330944,1.737512164,1.7387862439999999,1.2740800000000001,1,0,1,1,1,1,4,1,0,33,0,0.75529557466506958,-0.024543749168515205,0,1,0,1,fdee040000ffff630f0000215001a915
461,snapshot,J5,5,154,1.740664277,1.7408242119999999,1.7417479419999999,0.92373000000000005,1,0,1,1,1,1,5,1,0,32,0,5.0588889122009277,-0.29452499747276306,0,1,0,1,fdee050000f4ff0f670000205801db1e
462,snapshot,J3,3,155,1.7439976100000001,1.744175998,1.744637902,0.46190399999999998,1,0,1,1,1,1,3,1,0,32,0,2.1813256740570068,-0.14726249873638153,0,1,0,1,fdee030000faff702c0000206001ed9d
463,snapshot,J4,4,155,1.7473309429999999,1.7475304030000001,1.748750904,1.2205010000000001,1,0,1,1,1,1,4,1,0,33,0,0.75529557466506958,0.12271875143051147,0,1,0,1,fdee0400000500630f0000215001a929
464,snapshot,J5,5,155,1.750664276,1.7507614650000001,1.751794847,1.033382,1,0,1,1,1,1,5,1,0,32,0,5.0590806007385254,0.098174996674060822,0,1,0,1,fdee050000040010670000205801d66a
465,snapshot,J3,3,156,1.753997609,1.7541869210000001,1.7557377709999999,1.5508500000000001,1,0,1,1,1,1,3,1,0,32,0,2.1811339855194092,-0.58904999494552612,0,1,0,1,fdee030000e8ff6f2c0000206001be55
466,snapshot,J4,4,156,1.7573309420000001,1.7575015439999999,1.75874091,1.239366,1,0,1,1,1,1,4,1,0,33,0,0.75529557466506958,-0.049087498337030411,0,1,0,1,fdee040000feff630f00002150015458
467,snapshot,J5,5,156,1.7606642749999999,1.7608375140000001,1.76169226,0.85474600000000001,1,0,1,1,1,1,5,1,0,32,0,5.0590806007385254,-0.7117687463760376,0,1,0,1,fdee050000e3ff1067000020580190a4
468,snapshot,J3,3,157,1.7639976079999999,1.764161801,1.7646194550000001,0.45765400000000001,1,0,1,1,1,1,3,1,0,32,0,2.1813256740570068,-0.22089375555515289,0,1,0,1,fdee030000f7ff702c00002060013f90
469,snapshot,J4,4,157,1.767330941,1.767530222,1.768745674,1.215452,1,0,1,1,1,1,4,1,0,33,0,0.75529557466506958,0.024543749168515205,0,1,0,1,fdee0400000100630f00002150014c16
470,snapshot,J5,5,157,1.770664274,1.7708239509999999,1.771722945,0.89899399999999996,1,0,1,1,1,1,5,1,0,32,0,5.0588889122009277,-0.34361249208450317,0,1,0,1,fdee050000f2ff0f670000205801c4ba
471,snapshot,J3,3,158,1.7739976070000001,1.774188622,1.774629346,0.440724,1,0,1,1,1,1,3,1,0,32,0,2.1813256740570068,-0.19634999334812164,0,1,0,1,fdee030000f8ff702c00002060011706
472,snapshot,J4,4,158,1.7773309399999999,1.777499731,1.778797084,1.297353,1,0,1,1,1,1,4,1,0,33,0,0.75529557466506958,-0.22089375555515289,0,1,0,1,fdee040000f7ff630f0000215001636a
473,snapshot,J5,5,158,1.780664273,1.780826993,1.7817991419999999,0.97214900000000004,1,0,1,1,1,1,5,1,0,32,0,5.0588889122009277,-0.36815625429153442,0,1,0,1,fdee050000f1ff0f670000205801c36c
474,snapshot,J3,3,159,1.783997606,1.7842025420000001,1.784638347,0.435805,1,0,1,1,1,1,3,1,0,32,0,2.1813256740570068,-0.24543750286102295,0,1,0,1,fdee030000f6ff702c0000206001c2dd
475,snapshot,J4,4,159,1.7873309390000001,1.787512459,1.7887638589999999,1.2514000000000001,1,0,1,1,1,1,4,1,0,33,0,0.75548732280731201,0.24543750286102295,0,1,0,1,fdee0400000a00640f00002150019978
476,snapshot,J5,5,159,1.7906642719999999,1.7908351819999999,1.791798212,0.96303000000000005,1,0,1,1,1,1,5,1,0,32,0,5.0588889122009277,-0.24543750286102295,0,1,0,1,fdee050000f6ff0f6700002058012185
477,snapshot,J3,3,160,1.7939976049999999,1.794157107,1.7945831350000001,0.42602800000000002,1,0,1,1,1,1,3,1,0,32,0,2.1813256740570068,-0.17180624604225159,0,1,0,1,fdee030000f9ff702c0000206001ea4b
478,snapshot,J4,4,160,1.797330938,1.7973873380000001,1.798754629,1.367291,1,0,1,1,1,1,4,1,0,33,0,0.75548732280731201,0.36815625429153442,0,1,0,1,fdee0400000f00640f0000215001810a
479,snapshot,J5,5,160,1.800664271,1.800755042,1.8017953600000001,1.0403180000000001,1,0,1,1,1,1,5,1,0,32,0,5.0590806007385254,0.049087498337030411,0,1,0,1,fdee050000020010670000205801c9ce
480,snapshot,J3,3,161,1.8039976040000001,1.8041935920000001,1.805750229,1.556637,1,0,1,1,1,1,3,1,0,32,0,2.1813256740570068,-0.24543750286102295,0,1,0,1,fdee030000f6ff702c0000206001c2dd
481,snapshot,J4,4,161,1.8073309369999999,1.8075936779999999,1.808757495,1.1638170000000001,1,0,1,1,1,1,4,1,0,33,0,0.75491207838058472,-0.31906875967979431,0,1,0,1,fdee040000f3ff610f00002150013d62
482,snapshot,J5,5,161,1.81066427,1.810836082,1.8118070550000001,0.97097299999999997,1,0,1,1,1,1,5,1,0,32,0,5.0590806007385254,0,0,1,0,1,fdee0500000000106700002058013355
483,snapshot,J3,3,162,1.813997603,1.8142013619999999,1.815728513,1.5271509999999999,1,0,1,1,1,1,3,1,0,32,0,2.1813256740570068,-0.19634999334812164,0,1,0,1,fdee030000f8ff702c00002060011706
484,snapshot,J4,4,162,1.8173309360000001,1.8175297989999999,1.8187952860000001,1.265487,1,0,1,1,1,1,4,1,0,33,0,0.75510382652282715,-0.26998123526573181,0,1,0,1,fdee040000f5ff620f00002150014c6e
485,snapshot,J5,5,162,1.8206642689999999,1.8208316339999999,1.8218088290000001,0.97719500000000004,1,0,1,1,1,1,5,1,0,32,0,5.0588889122009277,-0.34361249208450317,0,1,0,1,fdee050000f2ff0f670000205801c4ba
486,snapshot,J3,3,163,1.8239976019999999,1.8241992380000001,1.8258047660000001,1.6055280000000001,1,0,1,1,1,1,3,1,0,32,0,2.1815176010131836,0.12271875143051147,0,1,0,1,fdee0300000500712c0000206001204c
487,snapshot,J4,4,163,1.827330935,1.8275288869999999,1.8287607880000001,1.2319009999999999,1,0,1,1,1,1,4,1,0,33,0,0.75510382652282715,-0.41724374890327454,0,1,0,1,fdee040000efff620f0000215001e875
488,snapshot,J5,5,163,1.830664268,1.83082653,1.8317737030000001,0.94717300000000004,1,0,1,1,1,1,5,1,0,32,0,5.0588889122009277,-0.29452499747276306,0,1,0,1,fdee050000f4ff0f670000205801db1e
489,snapshot,J3,3,164,1.8339976010000001,1.834232326,1.835800149,1.567823,1,0,1,1,1,1,3,1,0,32,0,2.1813256740570068,-0.22089375555515289,0,1,0,1,fdee030000f7ff702c00002060013f90
490,snapshot,J4,4,164,1.8373309339999999,1.8373874080000001,1.838755578,1.3681700000000001,1,0,1,1,1,1,4,1,0,33,0,0.75510382652282715,-0.31906875967979431,0,1,0,1,fdee040000f3ff620f000021500153ca
491,snapshot,J5,5,164,1.840664267,1.8407558740000001,1.841791891,1.036017,1,0,1,1,1,1,5,1,0,32,0,5.0586967468261719,-0.51541876792907715,0,1,0,1,fdee050000ebff0e670000205801b2e8
492,snapshot,J3,3,165,1.8439976,1.8442383959999999,1.845805632,1.5672360000000001,1,0,1,1,1,1,3,1,0,32,0,2.1813256740570068,-0.19634999334812164,0,1,0,1,fdee030000f8ff702c00002060011706
493,snapshot,J4,4,165,1.8473309330000001,1.8473883870000001,1.8487719309999999,1.3835440000000001,1,0,1,1,1,1,4,1,0,33,0,0.75510382652282715,0.049087498337030411,0,1,0,1,fdee0400000200620f00002150019e5f
494,snapshot,J5,5,165,1.8506642659999999,1.850820439,1.8517926010000001,0.97216199999999997,1,0,1,1,1,1,5,1,0,32,0,5.0590806007385254,0.024543749168515205,0,1,0,1,fdee050000010010670000205801ce18
495,snapshot,J3,3,166,1.8539975989999999,1.854159476,1.8546284790000001,0.469003,1,0,1,1,1,1,3,1,0,32,0,2.1811339855194092,-0.24543750286102295,0,1,0,1,fdee030000f6ff6f2c0000206001ff71
496,snapshot,J4,4,166,1.857330932,1.857531603,1.858793283,1.2616799999999999,1,0,1,1,1,1,4,1,0,33,0,0.75529557466506958,0,0,1,0,1,fdee0400000000630f0000215001b15b
497,snapshot,J5,5,166,1.860664265,1.8607417900000001,1.8616458199999999,0.90403,1,0,1,1,1,1,5,1,0,32,0,5.0590806007385254,0,0,1,0,1,fdee0500000000106700002058013355
498,snapshot,J3,3,167,1.8639975980000001,1.864187418,1.864594375,0.40695700000000001,1,0,1,1,1,1,3,1,0,32,0,2.1815176010131836,0.049087498337030411,0,1,0,1,fdee0300000200712c0000206001c2a5
499,snapshot,J4,4,167,1.8673309309999999,1.867615931,1.868764246,1.148315,1,0,1,1,1,1,4,1,0,33,0,0.75529557466506958,-0.049087498337030411,0,1,0,1,fdee040000feff630f00002150015458
500,snapshot,J5,5,167,1.870664264,1.8708291779999999,1.8717743870000001,0.94520899999999997,1,0,1,1,1,1,5,1,0,32,0,5.0588889122009277,-0.29452499747276306,0,1,0,1,fdee050000f4ff0f670000205801db1e
501,snapshot,J3,3,168,1.873997597,1.8741946549999999,1.874635136,0.44048100000000001,1,0,1,1,1,1,3,1,0,32,0,2.1813256740570068,-0.24543750286102295,0,1,0,1,fdee030000f6ff702c0000206001c2dd
502,snapshot,J4,4,168,1.8773309300000001,1.8773854400000001,1.878732375,1.346935,1,0,1,1,1,1,4,1,0,32,0,0.75491207838058472,-0.6626812219619751,0,1,0,1,fdee040000e5ff610f00002050016a63
503,snapshot,J5,5,168,1.8806642629999999,1.8807508209999999,1.8816646909999999,0.91386999999999996,1,0,1,1,1,1,5,1,0,32,0,5.0586967468261719,-0.63813751935958862,0,1,0,1,fdee050000e6ff0e67000020580160e5
504,snapshot,J3,3,169,1.8839975959999999,1.884173535,1.8846404779999999,0.466943,1,0,1,1,1,1,3,1,0,32,0,2.1813256740570068,-0.24543750286102295,0,1,0,1,fdee030000f6ff702c0000206001c2dd
505,snapshot,J4,4,169,1.887330929,1.887535899,1.888774111,1.2382120000000001,1,0,1,1,1,1,4,1,0,33,0,0.75510382652282715,-0.29452499747276306,0,1,0,1,fdee040000f4ff620f0000215001b123
506,snapshot,J5,5,169,1.890664262,1.89083176,1.8918139190000001,0.982159,1,0,1,1,1,1,5,1,0,32,0,5.0590806007385254,0.098174996674060822,0,1,0,1,fdee050000040010670000205801d66a
507,snapshot,J3,3,170,1.8939975950000001,1.8942196549999999,1.8957999999999999,1.5803450000000001,1,0,1,1,1,1,3,1,0,32,0,2.1813256740570068,-0.17180624604225159,0,1,0,1,fdee030000f9ff702c0000206001ea4b
508,snapshot,J4,4,170,1.8973309279999999,1.8975157359999999,1.898810522,1.294786,1,0,1,1,1,1,4,1,0,33,0,0.75529557466506958,0.12271875143051147,0,1,0,1,fdee0400000500630f0000215001a929
509,snapshot,J5,5,170,1.900664261,1.9008231,1.9018021300000001,0.97902999999999996,1,0,1,1,1,1,5,1,0,32,0,5.0590806007385254,0.024543749168515205,0,1,0,1,fdee050000010010670000205801ce18
510,snapshot,J3,3,171,1.903997594,1.904196,1.905816628,1.620628,1,0,1,1,1,1,3,1,0,32,0,2.1813256740570068,-0.24543750286102295,0,1,0,1,fdee030000f6ff702c0000206001c2dd
511,snapshot,J4,4,171,1.9073309270000001,1.9073874550000001,1.9087758379999999,1.3883829999999999,1,0,1,1,1,1,4,1,0,33,0,0.75510382652282715,-0.39269998669624329,0,1,0,1,fdee040000f0ff620f0000215001541c
512,snapshot,J5,5,171,1.9106642599999999,1.9107543440000001,1.9118113210000001,1.0569770000000001,1,0,1,1,1,1,5,1,0,32,0,5.0590806007385254,-0.24543750286102295,0,1,0,1,fdee050000f6ff106700002058011c29
513,snapshot,J3,3,172,1.9139975929999999,1.914201501,1.9146360840000001,0.434583,1,0,1,1,1,1,3,1,0,32,0,2.1815176010131836,0.12271875143051147,0,1,0,1,fdee0300000500712c0000206001204c
514,snapshot,J4,4,172,1.917330926,1.9175265669999999,1.9187981430000001,1.271576,1,0,1,1,1,1,4,1,0,33,0,0.75510382652282715,-0.31906875967979431,0,1,0,1,fdee040000f3ff620f000021500153ca
515,snapshot,J5,5,172,1.920664259,1.9207551359999999,1.9218122289999999,1.0570930000000001,1,0,1,1,1,1,5,1,0,32,0,5.0588889122009277,-0.31906875967979431,0,1,0,1,fdee050000f3ff0f67000020580139f7
516,snapshot,J3,3,173,1.9239975920000001,1.924092796,1.9246702339999999,0.57743800000000001,1,0,1,1,1,1,3,1,0,32,0,2.1813256740570068,-0.22089375555515289,0,1,0,1,fdee030000f7ff702c00002060013f90
517,snapshot,J4,4,173,1.9273309249999999,1.927385278,1.9287927010000001,1.4074230000000001,1,0,1,1,1,1,4,1,0,33,0,0.75510382652282715,-0.29452499747276306,0,1,0,1,fdee040000f4ff620f0000215001b123
518,snapshot,J5,5,173,1.930664258,1.9308271079999999,1.9317677230000001,0.94061499999999998,1,0,1,1,1,1,5,1,0,32,0,5.0586967468261719,-0.61359375715255737,0,1,0,1,fdee050000e7ff0e6700002058019da8
519,snapshot,J3,3,174,1.933997591,1.934199292,1.9346425620000001,0.44327,1,0,1,1,1,1,3,1,0,32,0,2.1813256740570068,-0.24543750286102295,0,1,0,1,fdee030000f6ff702c0000206001c2dd
520,snapshot,J4,4,174,1.9373309240000001,1.937600966,1.938784681,1.1837150000000001,1,0,1,1,1,1,4,1,0,33,0,0.75510382652282715,-0.29452499747276306,0,1,0,1,fdee040000f4ff620f0000215001b123
521,snapshot,J5,5,174,1.9406642569999999,1.940761054,1.9417957589999999,1.034705,1,0,1,1,1,1,5,1,0,32,0,5.0588889122009277,-0.34361249208450317,0,1,0,1,fdee050000f2ff0f670000205801c4ba
522,snapshot,J3,3,175,1.9439975899999999,1.9440519110000001,1.944609306,0.55739499999999997,1,0,1,1,1,1,3,1,0,32,0,2.1815176010131836,-0.24543750286102295,0,1,0,1,fdee030000f6ff712c00002060011742
523,snapshot,J4,4,175,1.947330923,1.9475267519999999,1.948781541,1.2547889999999999,1,0,1,1,1,1,4,1,0,33,0,0.75529557466506958,-0.049087498337030411,0,1,0,1,fdee040000feff630f00002150015458
524,snapshot,J5,5,175,1.950664256,1.95075814,1.951806363,1.0482229999999999,1,0,1,1,1,1,5,1,0,32,0,5.0588889122009277,-0.31906875967979431,0,1,0,1,fdee050000f3ff0f67000020580139f7
525,snapshot,J3,3,176,1.9539975890000001,1.954213615,1.954637081,0.42346600000000001,1,0,1,1,1,1,3,1,0,32,0,2.1813256740570068,-0.22089375555515289,0,1,0,1,fdee030000f7ff702c00002060013f90
526,snapshot,J4,4,176,1.9573309219999999,1.9573873079999999,1.958791374,1.404066,1,0,1,1,1,1,4,1,0,33,0,0.75548732280731201,0.098174996674060822,0,1,0,1,fdee0400000400640f00002150014ca3
527,snapshot,J5,5,176,1.960664255,1.960719066,1.9616883460000001,0.96928000000000003,1,0,1,1,1,1,5,1,0,32,0,5.0590806007385254,0.073631249368190765,0,1,0,1,fdee0500000300106700002058013483
528,snapshot,J3,3,177,1.963997588,1.9641194049999999,1.9646516089999999,0.53220400000000001,1,0,1,1,1,1,3,1,0,32,0,2.1813256740570068,-0.22089375555515289,0,1,0,1,fdee030000f7ff702c00002060013f90
529,snapshot,J4,4,177,1.9673309210000001,1.9675357689999999,1.9687665860000001,1.230817,1,0,1,1,1,1,4,1,0,33,0,0.75529557466506958,0.12271875143051147,0,1,0,1,fdee0400000500630f0000215001a929
530,snapshot,J5,5,177,1.9706642539999999,1.9708300059999999,1.9717975480000001,0.96754200000000001,1,0,1,1,1,1,5,1,0,32,0,5.0588889122009277,-0.24543750286102295,0,1,0,1,fdee050000f6ff0f6700002058012185
531,snapshot,J3,3,178,1.9739975869999999,1.974168419,1.974622852,0.45443299999999998,1,0,1,1,1,1,3,1,0,32,0,2.1813256740570068,-0.17180624604225159,0,1,0,1,fdee030000f9ff702c0000206001ea4b
532,snapshot,J4,4,178,1.97733092,1.9775840330000001,1.9786970159999999,1.1129830000000001,1,0,1,1,1,1,4,1,0,33,0,0.75548732280731201,0.39269998669624329,0,1,0,1,fdee0400001000640f00002150013d63
533,snapshot,J5,5,178,1.980664253,1.9808470709999999,1.9817930749999999,0.94600399999999996,1,0,1,1,1,1,5,1,0,32,0,5.0588889122009277,-0.36815625429153442,0,1,0,1,fdee050000f1ff0f670000205801c36c
534,snapshot,J3,3,179,1.9839975860000001,1.9842002190000001,1.9857887519999999,1.588533,1,0,1,1,1,1,3,1,0,32,0,2.1815176010131836,0.098174996674060822,0,1,0,1,fdee0300000400712c0000206001dd01
535,snapshot,J4,4,179,1.9873309189999999,1.987519166,1.9887705250000001,1.2513590000000001,1,0,1,1,1,1,4,1,0,33,0,0.75529557466506958,0.12271875143051147,0,1,0,1,fdee0400000500630f0000215001a929
536,snapshot,J5,5,179,1.990664252,1.9907570320000001,1.991732303,0.975271,1,0,1,1,1,1,5,1,0,32,0,5.0590806007385254,-0.36815625429153442,0,1,0,1,fdee050000f1ff10670000205801fec0
537,snapshot,J3,3,180,1.993997585,1.99416046,1.994607204,0.44674399999999997,1,0,1,1,1,1,3,1,0,32,0,2.1813256740570068,-0.17180624604225159,0,1,0,1,fdee030000f9ff702c0000206001ea4b
538,snapshot,J4,4,180,1.9973309180000001,1.9973886789999999,1.9987088630000001,1.320184,1,0,1,1,1,1,4,1,0,33,0,0.75529557466506958,0.12271875143051147,0,1,0,1,fdee0400000500630f0000215001a929
539,snapshot,J5,5,180,2.0006642509999999,2.0007576399999998,2.0016884159999999,0.93077600000000005,1,0,1,1,1,1,5,1,0,32,0,5.0590806007385254,0.049087498337030411,0,1,0,1,fdee050000020010670000205801c9ce
540,snapshot,J3,3,181,2.0039975839999999,2.0040724679999999,2.0047083940000001,0.63592599999999999,1,0,1,1,1,1,3,1,0,32,0,2.1815176010131836,0.14726249873638153,0,1,0,1,fdee0300000600712c0000206001279a
541,snapshot,J4,4,181,2.007330917,2.0075992230000002,2.0087715300000002,1.172307,1,0,1,1,1,1,4,1,0,32,0,0.75529557466506958,0,0,1,0,1,fdee0400000000630f00002050016d01
542,snapshot,J5,5,181,2.01066425,2.0107576159999998,2.0116494550000001,0.89183900000000005,1,0,1,1,1,1,5,1,0,32,0,5.0588889122009277,-0.24543750286102295,0,1,0,1,fdee050000f6ff0f6700002058012185
543,snapshot,J3,3,182,2.0139975830000001,2.014231659,2.0157898909999998,1.5582320000000001,1,0,1,1,1,1,3,1,0,32,0,2.1813256740570068,-0.24543750286102295,0,1,0,1,fdee030000f6ff702c0000206001c2dd
544,snapshot,J4,4,182,2.0173309160000001,2.0173876009999998,2.0187974240000002,1.409823,1,0,1,1,1,1,4,1,0,33,0,0.75529557466506958,0,0,1,0,1,fdee0400000000630f0000215001b15b
545,snapshot,J5,5,182,2.0206642490000002,2.0208210659999999,2.021792279,0.97121299999999999,1,0,1,1,1,1,5,1,0,32,0,5.0590806007385254,0.073631249368190765,0,1,0,1,fdee0500000300106700002058013483
546,snapshot,J3,3,183,2.0239975819999998,2.0241995460000002,2.024646717,0.44717099999999999,1,0,1,1,1,1,3,1,0,32,0,2.1813256740570068,-0.24543750286102295,0,1,0,1,fdee030000f6ff702c0000206001c2dd
547,snapshot,J4,4,183,2.0273309149999998,2.0275139169999998,2.028748652,1.2347349999999999,1,0,1,1,1,1,4,1,0,33,0,0.75529557466506958,0.073631249368190765,0,1,0,1,fdee0400000300630f0000215001b68d
548,snapshot,J5,5,183,2.0306642479999999,2.0308264629999999,2.031795716,0.96925300000000003,1,0,1,1,1,1,5,1,0,32,0,5.0590806007385254,0.19634999334812164,0,1,0,1,fdee050000080010670000205801f92a
549,snapshot,J3,3,184,2.0339975809999999,2.0341994049999998,2.0357595040000001,1.5600989999999999,1,0,1,1,1,1,3,1,0,32,0,2.1813256740570068,-0.17180624604225159,0,1,0,1,fdee030000f9ff702c0000206001ea4b
550,snapshot,J4,4,184,2.037330914,2.0373874019999998,2.038792012,1.4046099999999999,1,0,1,1,1,1,4,1,0,33,0,0.75529557466506958,0,0,1,0,1,fdee0400000000630f0000215001b15b
551,snapshot,J5,5,184,2.040664247,2.0408243239999999,2.041796459,0.97213499999999997,1,0,1,1,1,1,5,1,0,32,0,5.0590806007385254,0.12271875143051147,0,1,0,1,fdee0500000500106700002058012b27
552,snapshot,J3,3,185,2.0439975800000001,2.0442153529999998,2.0446551419999999,0.43978899999999999,1,0,1,1,1,1,3,1,0,32,0,2.1813256740570068,-0.19634999334812164,0,1,0,1,fdee030000f8ff702c00002060011706
553,snapshot,J4,4,185,2.0473309130000001,2.0475308800000001,2.0487686090000001,1.2377290000000001,1,0,1,1,1,1,4,1,0,33,0,0.75529557466506958,-0.17180624604225159,0,1,0,1,fdee040000f9ff630f0000215001b6b1
554,snapshot,J5,5,185,2.0506642460000002,2.050826437,2.0517989179999998,0.97248100000000004,1,0,1,1,1,1,5,1,0,32,0,5.0588889122009277,-0.26998123526573181,0,1,0,1,fdee050000f5ff0f6700002058012653
555,snapshot,J3,3,186,2.0539975789999998,2.0542016169999999,2.0546329230000002,0.43130600000000002,1,0,1,1,1,1,3,1,0,32,0,2.1815176010131836,0.098174996674060822,0,1,0,1,fdee0300000400712c0000206001dd01
556,snapshot,J4,4,186,2.0573309119999998,2.05762366,2.0587490979999998,1.1254379999999999,1,0,1,1,1,1,4,1,0,32,0,0.75510382652282715,-0.46633124351501465,0,1,0,1,fdee040000edff620f0000205001ceb4
557,snapshot,J5,5,186,2.0606642449999999,2.0607668870000002,2.0617977110000001,1.030824,1,0,1,1,1,1,5,1,0,32,0,5.0590806007385254,0,0,1,0,1,fdee0500000000106700002058013355
558,snapshot,J3,3,187,2.0639975779999999,2.064210428,2.0646498169999998,0.43938899999999997,1,0,1,1,1,1,3,1,0,32,0,2.1813256740570068,-0.29452499747276306,0,1,0,1,fdee030000f4ff702c00002060013846
559,snapshot,J4,4,187,2.067330911,2.067489401,2.068786105,1.2967040000000001,1,0,1,1,1,1,4,1,0,33,0,0.75529557466506958,0.049087498337030411,0,1,0,1,fdee0400000200630f00002150014bc0
560,snapshot,J5,5,187,2.070664244,2.0707561819999998,2.0717958580000002,1.039676,1,0,1,1,1,1,5,1,0,32,0,5.0590806007385254,0.098174996674060822,0,1,0,1,fdee050000040010670000205801d66a
561,snapshot,J3,3,188,2.0739975770000001,2.0742051159999999,2.0746344990000001,0.42938300000000001,1,0,1,1,1,1,3,1,0,32,0,2.1815176010131836,0.12271875143051147,0,1,0,1,fdee0300000500712c0000206001204c
562,snapshot,J4,4,188,2.0773309100000001,2.0773852289999999,2.0787918539999999,1.406625,1,0,1,1,1,1,4,1,0,33,0,0.75548732280731201,0.34361249208450317,0,1,0,1,fdee0400000e00640f00002150017c47
563,snapshot,J5,5,188,2.0806642430000002,2.0808273210000001,2.0817989570000002,0.97163600000000006,1,0,1,1,1,1,5,1,0,32,0,5.0588889122009277,-0.36815625429153442,0,1,0,1,fdee050000f1ff0f670000205801c36c
564,snapshot,J3,3,189,2.0839975759999998,2.0841890329999999,2.0857742680000002,1.5852349999999999,1,0,1,1,1,1,3,1,0,32,0,2.1813256740570068,-0.31906875967979431,0,1,0,1,fdee030000f3ff702c0000206001daaf
565,snapshot,J4,4,189,2.0873309089999998,2.0875273299999999,2.0888783790000001,1.3510489999999999,1,0,1,1,1,1,4,1,0,33,0,0.75548732280731201,0.44178751111030579,0,1,0,1,fdee0400001200640f0000215001c7f8
566,snapshot,J5,5,189,2.0906642419999999,2.0908268959999998,2.0917459169999999,0.91902099999999998,1,0,1,1,1,1,5,1,0,32,0,5.0590806007385254,0.12271875143051147,0,1,0,1,fdee0500000500106700002058012b27
567,snapshot,J3,3,190,2.0939975749999999,2.0943089769999998,2.0959034710000002,1.5944940000000001,1,0,1,1,1,1,3,1,0,32,0,2.1815176010131836,0.12271875143051147,0,1,0,1,fdee0300000500712c0000206001204c
568,snapshot,J4,4,190,2.097330908,2.0975353929999998,2.0989008330000001,1.36544,1,0,1,1,1,1,4,1,0,33,0,0.75548732280731201,0.31906875967979431,0,1,0,1,fdee0400000d00640f00002150017b91
569,snapshot,J5,5,190,2.100664241,2.1008343040000002,2.1019139779999998,1.079674,1,0,1,1,1,1,5,1,0,32,0,5.0590806007385254,0.098174996674060822,0,1,0,1,fdee050000040010670000205801d66a
570,snapshot,J3,3,191,2.1039975740000001,2.1041970710000002,2.1058525750000001,1.6555040000000001,1,0,1,1,1,1,3,1,0,32,0,2.1813256740570068,-0.073631249368190765,0,1,0,1,fdee030000fdff702c00002060010f74
571,snapshot,J4,4,191,2.1073309070000001,2.1076043100000001,2.10887914,1.2748299999999999,1,0,1,1,1,1,4,1,0,33,0,0.75529557466506958,0.024543749168515205,0,1,0,1,fdee0400000100630f00002150014c16
572,snapshot,J5,5,191,2.1106642400000002,2.1108289999999998,2.1118062989999999,0.97729900000000003,1,0,1,1,1,1,5,1,0,32,0,5.0588889122009277,0.073631249368190765,0,1,0,1,fdee05000003000f670000205801092f
573,snapshot,J3,3,192,2.1139975729999998,2.1142299859999998,2.1147931820000001,0.56319600000000003,1,0,1,1,1,1,3,1,0,32,0,2.1815176010131836,0.12271875143051147,0,1,0,1,fdee0300000500712c0000206001204c
574,snapshot,J4,4,192,2.1173309059999998,2.1176015879999999,2.1189345080000002,1.3329200000000001,1,0,1,1,1,1,4,1,0,33,0,0.75529557466506958,0.12271875143051147,0,1,0,1,fdee0400000500630f0000215001a929
575,snapshot,J5,5,192,2.1206642389999999,2.1207606860000001,2.1219042080000001,1.1435219999999999,1,0,1,1,1,1,5,1,0,32,0,5.0590806007385254,0.12271875143051147,0,1,0,1,fdee0500000500106700002058012b27
576,snapshot,J3,3,193,2.1239975719999999,2.124178627,2.1248196880000001,0.64106099999999999,1,0,1,1,1,1,3,1,0,32,0,2.1813256740570068,-0.29452499747276306,0,1,0,1,fdee030000f4ff702c00002060013846
577,snapshot,J4,4,193,2.127330905,2.1274862149999998,2.128786549,1.3003340000000001,1,0,1,1,1,1,4,1,0,33,0,0.75510382652282715,-0.26998123526573181,0,1,0,1,fdee040000f5ff620f00002150014c6e
578,snapshot,J5,5,193,2.130664238,2.1308106790000001,2.1319027670000001,1.0920879999999999,1,0,1,1,1,1,5,1,0,32,0,5.0590806007385254,0.098174996674060822,0,1,0,1,fdee050000040010670000205801d66a
579,snapshot,J3,3,194,2.1339975710000001,2.134172644,2.134798607,0.62596300000000005,1,0,1,1,1,1,3,1,0,32,0,2.1811339855194092,-0.51541876792907715,0,1,0,1,fdee030000ebff6f2c0000206001b983
580,snapshot,J4,4,194,2.1373309040000001,2.1375230360000002,2.1388423429999999,1.319307,1,0,1,1,1,1,4,1,0,33,0,0.75510382652282715,-0.26998123526573181,0,1,0,1,fdee040000f5ff620f00002150014c6e
581,snapshot,J5,5,194,2.1406642370000002,2.1407555180000002,2.1419165040000001,1.1609860000000001,1,0,1,1,1,1,5,1,0,32,0,5.0590806007385254,0.12271875143051147,0,1,0,1,fdee0500000500106700002058012b27
582,snapshot,J3,3,195,2.1439975699999998,2.144180859,2.144702605,0.52174600000000004,1,0,1,1,1,1,3,1,0,32,0,2.1813256740570068,-0.24543750286102295,0,1,0,1,fdee030000f6ff702c0000206001c2dd
583,snapshot,J4,4,195,2.1473309029999998,2.1475061690000001,2.1488738189999999,1.36765,1,0,1,1,1,1,4,1,0,33,0,0.75529557466506958,-0.024543749168515205,0,1,0,1,fdee040000ffff630f0000215001a915
584,snapshot,J5,5,195,2.1506642359999999,2.1508137490000001,2.151828901,1.0151520000000001,1,0,1,1,1,1,5,1,0,32,0,5.059272289276123,0.12271875143051147,0,1,0,1,fdee050000050011670000205801feb8
585,snapshot,J3,3,196,2.1539975689999999,2.154168855,2.1547938690000001,0.62501399999999996,1,0,1,1,1,1,3,1,0,32,0,2.1813256740570068,-0.24543750286102295,0,1,0,1,fdee030000f6ff702c0000206001c2dd
586,snapshot,J4,4,196,2.157330902,2.1575800950000001,2.1587830700000001,1.2029749999999999,1,0,1,1,1,1,4,1,0,33,0,0.75529557466506958,-0.24543750286102295,0,1,0,1,fdee040000f6ff630f00002150019e27
587,snapshot,J5,5,196,2.160664235,2.160765424,2.161909901,1.144477,1,0,1,1,1,1,5,1,0,32,0,5.0590806007385254,0,0,1,0,1,fdee0500000000106700002058013355
588,snapshot,J3,3,197,2.1639975680000001,2.1642026470000002,2.1648133719999998,0.61072499999999996,1,0,1,1,1,1,3,1,0,32,0,2.1815176010131836,0.12271875143051147,0,1,0,1,fdee0300000500712c0000206001204c
589,snapshot,J4,4,197,2.1673309010000001,2.1673886640000002,2.1688848040000002,1.49614,1,0,1,1,1,1,4,1,0,33,0,0.75548732280731201,0.19634999334812164,0,1,0,1,fdee0400000800640f000021500163e3
590,snapshot,J5,5,197,2.1706642340000002,2.1707540870000002,2.1718960749999998,1.141988,1,0,1,1,1,1,5,1,0,32,0,5.0588889122009277,-0.29452499747276306,0,1,0,1,fdee050000f4ff0f670000205801db1e
591,snapshot,J3,3,198,2.1739975669999998,2.1741708329999998,2.1747289790000002,0.55814600000000003,1,0,1,1,1,1,3,1,0,32,0,2.1811339855194092,-0.56450623273849487,0,1,0,1,fdee030000e9ff6f2c00002060014318
592,snapshot,J4,4,198,2.1773308999999998,2.177522374,2.1789278539999999,1.4054800000000001,1,0,1,1,1,1,4,1,0,33,0,0.75510382652282715,-0.24543750286102295,0,1,0,1,fdee040000f6ff620f00002150014bb8
593,snapshot,J5,5,198,2.1806642329999999,2.1808166450000002,2.181889757,1.0731120000000001,1,0,1,1,1,1,5,1,0,32,0,5.0588889122009277,-0.24543750286102295,0,1,0,1,fdee050000f6ff0f6700002058012185
594,snapshot,J3,3,199,2.1839975659999999,2.184170693,2.1848167489999999,0.64605599999999996,1,0,1,1,1,1,3,1,0,32,0,2.1813256740570068,-0.58904999494552612,0,1,0,1,fdee030000e8ff702c000020600183f9
595,snapshot,J4,4,199,2.187330899,2.1875393569999999,2.188865125,1.3257680000000001,1,0,1,1,1,1,4,1,0,33,0,0.75510382652282715,-0.34361249208450317,0,1,0,1,fdee040000f2ff620f0000215001ae87
596,snapshot,J5,5,199,2.190664232,2.1908171699999999,2.1917200229999998,0.90285300000000002,1,0,1,1,1,1,5,1,0,32,0,5.0590806007385254,-0.024543749168515205,0,1,0,1,fdee050000ffff106700002058012b1b
597,snapshot,J3,3,200,2.1939975650000001,2.1942539139999999,2.1957344070000002,1.4804930000000001,1,0,1,1,1,1,3,1,0,32,0,2.1813256740570068,-0.36815625429153442,0,1,0,1,fdee030000f1ff702c00002060012034
598,snapshot,J4,4,200,2.1973308980000001,2.197389142,2.198796771,1.407629,1,0,1,1,1,1,4,1,0,33,0,0.75548732280731201,0.46633124351501465,0,1,0,1,fdee0400001300640f00002150013ab5
599,snapshot,J5,5,200,2.2006642310000002,2.2007541750000001,2.201800784,1.0466089999999999,1,0,1,1,1,1,5,1,0,32,0,5.0590806007385254,0,0,1,0,1,fdee0500000000106700002058013355
