tick,timestamp_s,phase,j3_mode,q_cmd_motor_rad,dq_cmd_motor_rad_s,q_feedback_motor_rad,q_relative_motor_rad,q_relative_output_protocol_rad,q_relative_ros_rad,qdot_fast_deg_s,qdot_slow_deg_s,sdk_dq_rad_s,tau_feedback,temperature_c,merror,data_correct,j4_topology,j4_mode,j4_merror,j4_correct,j5_topology,j5_mode,j5_merror,j5_correct,tx_period_ms,tx_jitter_ms
0,9.95e-07,BIDIRECTIONAL_START_CAPTURE,0,0,0,2.6292493343353271,nan,nan,nan,0,0,0.073631249368190765,0,32,0,1,disconnected,-1,-1,0,disconnected,-1,-1,0,nan,nan
0,0.010190553,BIDIRECTIONAL_START_CAPTURE,0,0,0,2.6292493343353271,nan,nan,nan,0,0,-0.29452499747276306,0,32,0,1,disconnected,-1,-1,0,disconnected,-1,-1,0,nan,nan
0,0.020189477000000001,BIDIRECTIONAL_START_CAPTURE,0,0,0,2.6292493343353271,nan,nan,nan,0,0,-0.26998123526573181,0,32,0,1,disconnected,-1,-1,0,disconnected,-1,-1,0,nan,nan
0,0.030090051999999999,BIDIRECTIONAL_START_CAPTURE,0,0,0,2.6290574073791504,nan,nan,nan,0,0,-0.31906875967979431,0,32,0,1,disconnected,-1,-1,0,disconnected,-1,-1,0,nan,nan
0,0.040190637000000001,BIDIRECTIONAL_START_CAPTURE,0,0,0,2.6294410228729248,nan,nan,nan,0,0,0.073631249368190765,0,32,0,1,disconnected,-1,-1,0,disconnected,-1,-1,0,nan,nan
0,0.050179696000000003,BIDIRECTIONAL_START_CAPTURE,0,0,0,2.6294410228729248,nan,nan,nan,0,0,0.049087498337030411,0,32,0,1,disconnected,-1,-1,0,disconnected,-1,-1,0,nan,nan
0,0.060184746999999997,BIDIRECTIONAL_START_CAPTURE,0,0,0,2.6292493343353271,nan,nan,nan,0,0,-0.31906875967979431,0,32,0,1,disconnected,-1,-1,0,disconnected,-1,-1,0,nan,nan
0,0.070181632999999993,BIDIRECTIONAL_START_CAPTURE,0,0,0,2.6292493343353271,nan,nan,nan,0,0,-0.29452499747276306,0,32,0,1,disconnected,-1,-1,0,disconnected,-1,-1,0,nan,nan
0,0.080185382999999999,BIDIRECTIONAL_START_CAPTURE,0,0,0,2.6292493343353271,nan,nan,nan,0,0,-0.34361249208450317,0,32,0,1,disconnected,-1,-1,0,disconnected,-1,-1,0,nan,nan
0,0.090185494000000005,BIDIRECTIONAL_START_CAPTURE,0,0,0,2.6292493343353271,nan,nan,nan,0,0,-0.26998123526573181,0,32,0,1,disconnected,-1,-1,0,disconnected,-1,-1,0,nan,nan
0,0.100176539,BIDIRECTIONAL_START_CAPTURE,0,0,0,2.6292493343353271,nan,nan,nan,0,0,-0.36815625429153442,0,32,0,1,disconnected,-1,-1,0,disconnected,-1,-1,0,nan,nan
0,0.110189967,BIDIRECTIONAL_START_CAPTURE,0,0,0,2.6294410228729248,nan,nan,nan,0,0,0.049087498337030411,0,32,0,1,disconnected,-1,-1,0,disconnected,-1,-1,0,nan,nan
0,0.120179833,BIDIRECTIONAL_START_CAPTURE,0,0,0,2.6294410228729248,nan,nan,nan,0,0,0,0,32,0,1,disconnected,-1,-1,0,disconnected,-1,-1,0,nan,nan
0,0.13018697600000001,BIDIRECTIONAL_START_CAPTURE,0,0,0,2.6294410228729248,nan,nan,nan,0,0,0.073631249368190765,0,32,0,1,disconnected,-1,-1,0,disconnected,-1,-1,0,nan,nan
0,0.14019200000000001,BIDIRECTIONAL_START_CAPTURE,0,0,0,2.6292493343353271,nan,nan,nan,0,0,-0.39269998669624329,0,32,0,1,disconnected,-1,-1,0,disconnected,-1,-1,0,nan,nan
0,0.150179286,BIDIRECTIONAL_START_CAPTURE,0,0,0,2.6292493343353271,nan,nan,nan,0,0,-0.24543750286102295,0,32,0,1,disconnected,-1,-1,0,disconnected,-1,-1,0,nan,nan
0,0.16021069800000001,BIDIRECTIONAL_START_CAPTURE,0,0,0,2.6294410228729248,nan,nan,nan,0,0,0.073631249368190765,0,32,0,1,disconnected,-1,-1,0,disconnected,-1,-1,0,nan,nan
0,0.17018641100000001,BIDIRECTIONAL_START_CAPTURE,0,0,0,2.6294410228729248,nan,nan,nan,0,0,0.098174996674060822,0,32,0,1,disconnected,-1,-1,0,disconnected,-1,-1,0,nan,nan
0,0.18015377900000001,BIDIRECTIONAL_START_CAPTURE,0,0,0,2.6292493343353271,nan,nan,nan,0,0,-0.39269998669624329,0,32,0,1,disconnected,-1,-1,0,disconnected,-1,-1,0,nan,nan
0,0.19017360799999999,BIDIRECTIONAL_START_CAPTURE,0,0,0,2.6294410228729248,nan,nan,nan,0,0,0.098174996674060822,0,32,0,1,disconnected,-1,-1,0,disconnected,-1,-1,0,nan,nan
0,0.20017674399999999,BIDIRECTIONAL_START_CAPTURE,0,0,0,2.6292493343353271,nan,nan,nan,0,0,-0.39269998669624329,0,32,0,1,disconnected,-1,-1,0,disconnected,-1,-1,0,nan,nan
0,0.210179898,BIDIRECTIONAL_START_CAPTURE,0,0,0,2.6294410228729248,nan,nan,nan,0,0,0.098174996674060822,0,32,0,1,disconnected,-1,-1,0,disconnected,-1,-1,0,nan,nan
0,0.22017726100000001,BIDIRECTIONAL_START_CAPTURE,0,0,0,2.6292493343353271,nan,nan,nan,0,0,-0.39269998669624329,0,32,0,1,disconnected,-1,-1,0,disconnected,-1,-1,0,nan,nan
0,0.23017902500000001,BIDIRECTIONAL_START_CAPTURE,0,0,0,2.6292493343353271,nan,nan,nan,0,0,-0.31906875967979431,0,32,0,1,disconnected,-1,-1,0,disconnected,-1,-1,0,nan,nan
0,0.240190932,BIDIRECTIONAL_START_CAPTURE,0,0,0,2.6292493343353271,nan,nan,nan,0,0,-0.26998123526573181,0,32,0,1,disconnected,-1,-1,0,disconnected,-1,-1,0,nan,nan
0,0.25018045100000003,BIDIRECTIONAL_START_CAPTURE,0,0,0,2.6294410228729248,nan,nan,nan,0,0,0,0,32,0,1,disconnected,-1,-1,0,disconnected,-1,-1,0,nan,nan
0,0.26019942200000001,BIDIRECTIONAL_START_CAPTURE,0,0,0,2.6294410228729248,nan,nan,nan,0,0,0.073631249368190765,0,32,0,1,disconnected,-1,-1,0,disconnected,-1,-1,0,nan,nan
0,0.27017595500000002,BIDIRECTIONAL_START_CAPTURE,0,0,0,2.6292493343353271,nan,nan,nan,0,0,-0.29452499747276306,0,32,0,1,disconnected,-1,-1,0,disconnected,-1,-1,0,nan,nan
0,0.280060788,BIDIRECTIONAL_START_CAPTURE,0,0,0,2.6294410228729248,nan,nan,nan,0,0,0,0,32,0,1,disconnected,-1,-1,0,disconnected,-1,-1,0,nan,nan
0,0.29019018899999999,BIDIRECTIONAL_START_CAPTURE,0,0,0,2.6292493343353271,nan,nan,nan,0,0,-0.24543750286102295,0,32,0,1,disconnected,-1,-1,0,disconnected,-1,-1,0,nan,nan
0,0.30018641699999998,BIDIRECTIONAL_START_CAPTURE,0,0,0,2.6294410228729248,nan,nan,nan,0,0,0.12271875143051147,0,32,0,1,disconnected,-1,-1,0,disconnected,-1,-1,0,nan,nan
0,0.31018189899999998,BIDIRECTIONAL_START_CAPTURE,0,0,0,2.6292493343353271,nan,nan,nan,0,0,-0.24543750286102295,0,32,0,1,disconnected,-1,-1,0,disconnected,-1,-1,0,nan,nan
0,0.32018864600000002,BIDIRECTIONAL_START_CAPTURE,0,0,0,2.6294410228729248,nan,nan,nan,0,0,0.12271875143051147,0,32,0,1,disconnected,-1,-1,0,disconnected,-1,-1,0,nan,nan
0,0.330181434,BIDIRECTIONAL_START_CAPTURE,0,0,0,2.6294410228729248,nan,nan,nan,0,0,0.12271875143051147,0,32,0,1,disconnected,-1,-1,0,disconnected,-1,-1,0,nan,nan
0,0.34019808699999998,BIDIRECTIONAL_START_CAPTURE,0,0,0,2.6292493343353271,nan,nan,nan,0,0,-0.24543750286102295,0,32,0,1,disconnected,-1,-1,0,disconnected,-1,-1,0,nan,nan
0,0.35018448299999999,BIDIRECTIONAL_START_CAPTURE,0,0,0,2.6294410228729248,nan,nan,nan,0,0,0.12271875143051147,0,32,0,1,disconnected,-1,-1,0,disconnected,-1,-1,0,nan,nan
0,0.36018007699999999,BIDIRECTIONAL_START_CAPTURE,0,0,0,2.6296327114105225,nan,nan,nan,0,0,0.41724374890327454,0,32,0,1,disconnected,-1,-1,0,disconnected,-1,-1,0,nan,nan
0,0.37017582300000001,BIDIRECTIONAL_START_CAPTURE,0,0,0,2.6292493343353271,nan,nan,nan,0,0,-0.24543750286102295,0,32,0,1,disconnected,-1,-1,0,disconnected,-1,-1,0,nan,nan
0,0.380181671,BIDIRECTIONAL_START_CAPTURE,0,0,0,2.6292493343353271,nan,nan,nan,0,0,-0.36815625429153442,0,32,0,1,disconnected,-1,-1,0,disconnected,-1,-1,0,nan,nan
0,0.39017678300000003,BIDIRECTIONAL_START_CAPTURE,0,0,0,2.6292493343353271,nan,nan,nan,0,0,-0.24543750286102295,0,32,0,1,disconnected,-1,-1,0,disconnected,-1,-1,0,nan,nan
0,0.40018534700000002,BIDIRECTIONAL_START_CAPTURE,0,0,0,2.6294410228729248,nan,nan,nan,0,0,0,0,32,0,1,disconnected,-1,-1,0,disconnected,-1,-1,0,nan,nan
0,0.41017931499999999,BIDIRECTIONAL_START_CAPTURE,0,0,0,2.6294410228729248,nan,nan,nan,0,0,0.024543749168515205,0,32,0,1,disconnected,-1,-1,0,disconnected,-1,-1,0,nan,nan
0,0.420187119,BIDIRECTIONAL_START_CAPTURE,0,0,0,2.6294410228729248,nan,nan,nan,0,0,-0.29452499747276306,0,32,0,1,disconnected,-1,-1,0,disconnected,-1,-1,0,nan,nan
0,0.43017565400000002,BIDIRECTIONAL_START_CAPTURE,0,0,0,2.6294410228729248,nan,nan,nan,0,0,0.024543749168515205,0,32,0,1,disconnected,-1,-1,0,disconnected,-1,-1,0,nan,nan
0,0.44017671000000003,BIDIRECTIONAL_START_CAPTURE,0,0,0,2.6294410228729248,nan,nan,nan,0,0,0.098174996674060822,0,32,0,1,disconnected,-1,-1,0,disconnected,-1,-1,0,nan,nan
0,0.45018702199999999,BIDIRECTIONAL_START_CAPTURE,0,0,0,2.6294410228729248,nan,nan,nan,0,0,0,0,32,0,1,disconnected,-1,-1,0,disconnected,-1,-1,0,nan,nan
0,0.460177646,BIDIRECTIONAL_START_CAPTURE,0,0,0,2.6294410228729248,nan,nan,nan,0,0,0.024543749168515205,0,32,0,1,disconnected,-1,-1,0,disconnected,-1,-1,0,nan,nan
0,0.47017854599999998,BIDIRECTIONAL_START_CAPTURE,0,0,0,2.6294410228729248,nan,nan,nan,0,0,0,0,32,0,1,disconnected,-1,-1,0,disconnected,-1,-1,0,nan,nan
0,0.48019779000000001,BIDIRECTIONAL_START_CAPTURE,0,0,0,2.6294410228729248,nan,nan,nan,0,0,0.049087498337030411,0,32,0,1,disconnected,-1,-1,0,disconnected,-1,-1,0,nan,nan
0,0.49017477399999998,BIDIRECTIONAL_START_CAPTURE,0,0,0,2.6292493343353271,nan,nan,nan,0,0,-0.24543750286102295,0,32,0,1,disconnected,-1,-1,0,disconnected,-1,-1,0,nan,nan
0,0.49113492199999997,SECOND_HOLD,1,2.6294410228729248,0,2.6296327114105225,0.00019168853759765625,3.0282549748504178e-05,3.0282549748504178e-05,0,0,0.41724374890327454,0,32,0,1,disconnected,-1,-1,0,disconnected,-1,-1,0,nan,nan
1,0.50131491299999997,SECOND_HOLD,1,2.6294410228729248,0,2.6294410228729248,0,0,0,0,0,-0.22089375555515289,0,32,0,1,disconnected,-1,-1,0,disconnected,-1,-1,0,10.179990999999999,0.17999099999999935
2,0.51134949799999996,SECOND_HOLD,1,2.6294410228729248,0,2.6294410228729248,0,0,0,0,0,-0.24543750286102295,0,32,0,1,disconnected,-1,-1,0,disconnected,-1,-1,0,10.034584999999986,0.034584999999985655
3,0.52131952100000001,SECOND_HOLD,1,2.6294410228729248,0,2.6294410228729248,0,0,0,0,0,-0.24543750286102295,0,32,0,1,disconnected,-1,-1,0,disconnected,-1,-1,0,9.9700230000000509,0.029976999999949072
4,0.53122345199999998,SECOND_HOLD,1,2.6294410228729248,0,2.6294410228729248,0,0,0,-0.034805398563708914,0,-0.26998123526573181,0.00390625,32,0,1,disconnected,-1,-1,0,disconnected,-1,-1,0,9.9039309999999769,0.096069000000023053
5,0.54135368500000003,SECOND_HOLD,1,2.6294410228729248,0,2.6294410228729248,0,0,0,0,0,-0.24543750286102295,0.00390625,32,0,1,disconnected,-1,-1,0,disconnected,-1,-1,0,10.130233000000043,0.13023300000004312
6,0.55135424600000005,SECOND_HOLD,1,2.6294410228729248,0,2.6294410228729248,0,0,0,0,0,-0.24543750286102295,0.00390625,32,0,1,disconnected,-1,-1,0,disconnected,-1,-1,0,10.000561000000019,0.00056100000001890749
7,0.56131958500000001,SECOND_HOLD,1,2.6294410228729248,0,2.6294410228729248,0,0,0,0,0,-0.17180624604225159,0,32,0,1,disconnected,-1,-1,0,disconnected,-1,-1,0,9.9653389999999611,0.034661000000038911
8,0.57135549699999999,SECOND_HOLD,1,2.6294410228729248,0,2.6294410228729248,0,0,0,0,0,-0.24543750286102295,0.00390625,32,0,1,disconnected,-1,-1,0,disconnected,-1,-1,0,10.03591199999998,0.035911999999980182
9,0.58132319799999999,SECOND_HOLD,1,2.6294410228729248,0,2.6294410228729248,0,0,0,0,0,-0.24543750286102295,0.0078125,32,0,1,disconnected,-1,-1,0,disconnected,-1,-1,0,9.9677009999999946,0.032299000000005407
10,0.59136176100000004,SECOND_HOLD,1,2.6294410228729248,0,2.6294410228729248,0,0,0,0,-0.0078953363548692444,-0.24543750286102295,0,32,0,1,disconnected,-1,-1,0,disconnected,-1,-1,0,10.038563000000057,0.038563000000056746
11,0.60131768600000002,SECOND_HOLD,1,2.6294410228729248,0,2.6294410228729248,0,0,0,0,0,-0.19634999334812164,0,32,0,1,disconnected,-1,-1,0,disconnected,-1,-1,0,9.9559249999999757,0.044075000000024289
12,0.61135564799999997,SECOND_HOLD,1,2.6294410228729248,0,2.6296327114105225,0.00019168853759765625,3.0282549748504178e-05,3.0282549748504178e-05,0.034727170331665121,0.0078851988862459997,0,0,32,0,1,disconnected,-1,-1,0,disconnected,-1,-1,0,10.037961999999956,0.037961999999955864
13,0.62131308500000004,SECOND_HOLD,1,2.6294410228729248,0,2.6296327114105225,0.00019168853759765625,3.0282549748504178e-05,3.0282549748504178e-05,0.05207951144195367,0.014187752380835656,0.024543749168515205,0,32,0,1,disconnected,-1,-1,0,disconnected,-1,-1,0,9.9574370000000698,0.042562999999930184
14,0.63128527199999995,SECOND_HOLD,1,2.6294410228729248,0,2.6294410228729248,0,0,0,0.017432128101566399,0.011041505079023498,-0.36815625429153442,0,32,0,1,disconnected,-1,-1,0,disconnected,-1,-1,0,9.9721869999999093,0.027813000000090682
15,0.64133096099999998,SECOND_HOLD,1,2.6294410228729248,0,2.6296327114105225,0.00019168853759765625,3.0282549748504178e-05,3.0282549748504178e-05,0.017431966961634848,0.015784954846070783,0.098174996674060822,0,32,0,1,disconnected,-1,-1,0,disconnected,-1,-1,0,10.045689000000024,0.045689000000024294
16,0.65136389800000005,SECOND_HOLD,1,2.6294410228729248,0,2.6296327114105225,0.00019168853759765625,3.0282549748504178e-05,3.0282549748504178e-05,7.7158296331098449e-05,0.018936833451680894,-0.024543749168515205,0,32,0,1,disconnected,-1,-1,0,disconnected,-1,-1,0,10.032937000000075,0.032937000000075045
17,0.66136595200000003,SECOND_HOLD,1,2.6294410228729248,0,2.6294410228729248,0,0,0,-0.017265291264027951,0.012618906410938643,-0.31906875967979431,0,32,0,1,disconnected,-1,-1,0,disconnected,-1,-1,0,10.002053999999983,0.0020539999999833469
18,0.67136152800000004,SECOND_HOLD,1,2.6294410228729248,0,2.6294410228729248,0,0,0,-0.017265295560344732,0.0063083178942350184,-0.26998123526573181,0.00390625,32,0,1,disconnected,-1,-1,0,disconnected,-1,-1,0,9.9955760000000069,0.0044239999999931001
19,0.68135917300000004,SECOND_HOLD,1,2.6294410228729248,0,2.6294410228729248,0,0,0,-0.052026371097689969,6.7156194491162342e-07,-0.24543750286102295,0.00390625,32,0,1,disconnected,-1,-1,0,disconnected,-1,-1,0,9.9976449999999986,0.0023550000000014393
20,0.691366653,SECOND_HOLD,1,2.6294410228729248,0,2.6294410228729248,0,0,0,-0.034701331975849438,-0.0063066339261877635,-0.24543750286102295,0.00390625,32,0,1,disconnected,-1,-1,0,disconnected,-1,-1,0,10.007479999999958,0.0074799999999584088
21,0.70131708599999998,SECOND_HOLD,1,2.6294410228729248,0,2.6294410228729248,0,0,0,0,-0.012609474807112343,-0.34361249208450317,0,32,0,1,disconnected,-1,-1,0,disconnected,-1,-1,0,9.9504329999999808,0.049567000000019235
22,0.71136506399999999,SECOND_HOLD,1,2.6294410228729248,0,2.6294410228729248,0,0,0,0,-0.018917487954843611,-0.19634999334812164,0.00390625,32,0,1,disconnected,-1,-1,0,disconnected,-1,-1,0,10.047978000000013,0.047978000000012955
23,0.721315716,SECOND_HOLD,1,2.6294410228729248,0,2.6296327114105225,0.00019168853759765625,3.0282549748504178e-05,3.0282549748504178e-05,0.034712238918624051,-0.0078884733279936895,0.098174996674060822,0,32,0,1,disconnected,-1,-1,0,disconnected,-1,-1,0,9.9506520000000052,0.04934799999999484
24,0.73136297500000003,SECOND_HOLD,1,2.6294410228729248,0,2.6296327114105225,0.00019168853759765625,3.0282549748504178e-05,3.0282549748504178e-05,0.052039450739309892,0.0031523139620559873,0.049087498337030411,0,32,0,1,disconnected,-1,-1,0,disconnected,-1,-1,0,10.047259000000031,0.047259000000030582
25,0.74136113100000001,SECOND_HOLD,1,2.6294410228729248,0,2.6296327114105225,0.00019168853759765625,3.0282549748504178e-05,3.0282549748504178e-05,0.05197385525331092,0.0047284578159230636,0.049087498337030411,0,32,0,1,disconnected,-1,-1,0,disconnected,-1,-1,0,9.9981559999999803,0.0018440000000197188
26,0.75133729000000005,SECOND_HOLD,1,2.6294410228729248,0,2.6296327114105225,0.00019168853759765625,3.0282549748504178e-05,3.0282549748504178e-05,0.034679358040373205,0.014198748845757959,0.049087498337030411,0.00390625,32,0,1,disconnected,-1,-1,0,disconnected,-1,-1,0,9.97615900000004,0.023840999999960033
27,0.76136625199999997,SECOND_HOLD,1,2.6294410228729248,0,2.6296327114105225,0.00019168853759765625,3.0282549748504178e-05,3.0282549748504178e-05,0,0.023661048055938862,0.024543749168515205,0,32,0,1,disconnected,-1,-1,0,disconnected,-1,-1,0,10.028961999999918,0.02896199999991822
28,0.77136876099999996,SECOND_HOLD,1,2.6294410228729248,0,2.6294410228729248,0,0,0,-0.034706083717109482,0.015768184717028129,-0.24543750286102295,0,32,0,1,disconnected,-1,-1,0,disconnected,-1,-1,0,10.002508999999993,0.002508999999992767
29,0.78119471799999995,SECOND_HOLD,1,2.6294410228729248,0,2.6296327114105225,0.00019168853759765625,3.0282549748504178e-05,3.0282549748504178e-05,-0.017530730217734131,0.015778753640360535,0.073631249368190765,0,32,0,1,disconnected,-1,-1,0,disconnected,-1,-1,0,9.8259569999999954,0.17404300000000461
30,0.79132552899999997,SECOND_HOLD,1,2.6294410228729248,0,2.6296327114105225,0.00019168853759765625,3.0282549748504178e-05,3.0282549748504178e-05,-8.7528276588045808e-05,0.014199189338465482,-0.24543750286102295,0,32,0,1,disconnected,-1,-1,0,disconnected,-1,-1,0,10.130811000000017,0.13081100000001733
31,0.80136376600000003,SECOND_HOLD,1,2.6294410228729248,0,2.6292493343353271,-0.00019168853759765625,-3.0282549748504178e-05,-3.0282549748504178e-05,-0.052317821941862526,-0.0047511158954869218,-0.61359375715255737,0,32,0,1,disconnected,-1,-1,0,disconnected,-1,-1,0,10.038237000000061,0.038237000000060917
32,0.811383878,SECOND_HOLD,1,2.6294410228729248,0,2.6294410228729248,0,0,0,-0.034857918409471528,-0.014221767635622865,-0.26998123526573181,0.00390625,32,0,1,disconnected,-1,-1,0,disconnected,-1,-1,0,10.020111999999969,0.020111999999969044
33,0.82136351900000004,SECOND_HOLD,1,2.6294410228729248,0,2.6294410228729248,0,0,0,-0.051934001499033773,-0.023676460502053354,-0.26998123526573181,0,32,0,1,disconnected,-1,-1,0,disconnected,-1,-1,0,9.97964100000004,0.020358999999960048
34,0.83136828399999996,SECOND_HOLD,1,2.6294410228729248,0,2.6294410228729248,0,0,0,-0.017387284527986255,-0.023676685083956567,-0.34361249208450317,0.00390625,32,0,1,disconnected,-1,-1,0,disconnected,-1,-1,0,10.004764999999916,0.0047649999999155312
35,0.84131565399999997,SECOND_HOLD,1,2.6294410228729248,0,2.6296327114105225,0.00019168853759765625,3.0282549748504178e-05,3.0282549748504178e-05,0.069474201230090377,-0.014220032008763584,0,0,32,0,1,disconnected,-1,-1,0,disconnected,-1,-1,0,9.94737000000001,0.052629999999989963
36,0.85136359100000003,SECOND_HOLD,1,2.6294410228729248,0,2.6296327114105225,0.00019168853759765625,3.0282549748504178e-05,3.0282549748504178e-05,0.052076653239651056,-0.0047553366390936554,0,0.00390625,32,0,1,disconnected,-1,-1,0,disconnected,-1,-1,0,10.047937000000061,0.047937000000061403
37,0.86137213899999998,SECOND_HOLD,1,2.6294410228729248,0,2.6294410228729248,0,0,0,0.01728720387126309,-0.0031795784303756342,-0.39269998669624329,0,32,0,1,disconnected,-1,-1,0,disconnected,-1,-1,0,10.008547999999951,0.0085479999999513723
38,0.87137908500000005,SECOND_HOLD,1,2.6294410228729248,0,2.6294410228729248,0,0,0,-0.01739326168126502,-3.1556974986948552e-05,-0.34361249208450317,0,32,0,1,disconnected,-1,-1,0,disconnected,-1,-1,0,10.006946000000072,0.0069460000000720612
39,0.88142281099999997,SECOND_HOLD,1,2.6294410228729248,0,2.6296327114105225,0.00019168853759765625,3.0282549748504178e-05,3.0282549748504178e-05,-0.017288259807503637,0.0031248280205243943,0,0,32,0,1,disconnected,-1,-1,0,disconnected,-1,-1,0,10.04372599999992,0.043725999999919551
40,0.89143429699999999,SECOND_HOLD,1,2.6294410228729248,0,2.6294410228729248,0,0,0,-0.017288243768201074,0.0062921533061153197,-0.24543750286102295,0,32,0,1,disconnected,-1,-1,0,disconnected,-1,-1,0,10.011486000000014,0.011486000000013874
41,0.90132743900000001,SECOND_HOLD,1,2.6294410228729248,0,2.6294410228729248,0,0,0,6.1908644792608416e-05,0.011034784601158488,-0.24543750286102295,0,32,0,1,disconnected,-1,-1,0,disconnected,-1,-1,0,9.8931420000000223,0.10685799999997769
42,0.91122037199999995,SECOND_HOLD,1,2.6294410228729248,0,2.6296327114105225,0.00019168853759765625,3.0282549748504178e-05,3.0282549748504178e-05,0.017371332351129674,0.006297379949439609,0,0,32,0,1,disconnected,-1,-1,0,disconnected,-1,-1,0,9.8929329999999371,0.10706700000006286
43,0.92131179399999996,SECOND_HOLD,1,2.6294410228729248,0,2.6294410228729248,0,0,0,-0.017578830746890064,-1.3913877453543247e-05,-0.24543750286102295,0.00390625,32,0,1,disconnected,-1,-1,0,disconnected,-1,-1,0,10.091422000000016,0.091422000000015657
44,0.93133321800000002,SECOND_HOLD,1,2.6294410228729248,0,2.6296327114105225,0.00019168853759765625,3.0282549748504178e-05,3.0282549748504178e-05,0.034682774875733999,0.0015643980321070402,-0.26998123526573181,0.00390625,32,0,1,disconnected,-1,-1,0,disconnected,-1,-1,0,10.021424000000057,0.021424000000056509
45,0.94132839099999999,SECOND_HOLD,1,2.6294410228729248,0,2.6294410228729248,0,0,0,-9.5028335403102087e-05,-0.0063287240492242575,-0.29452499747276306,0,32,0,1,disconnected,-1,-1,0,disconnected,-1,-1,0,9.9951729999999692,0.0048270000000307789
46,0.951421831,SECOND_HOLD,1,2.6294410228729248,0,2.6294410228729248,0,0,0,-0.034571229814367492,-0.0047491123256558302,-0.29452499747276306,0.00390625,32,0,1,disconnected,-1,-1,0,disconnected,-1,-1,0,10.093440000000008,0.093440000000008183
47,0.96132538199999995,SECOND_HOLD,1,2.6294410228729248,0,2.6296327114105225,0.00019168853759765625,3.0282549748504178e-05,3.0282549748504178e-05,0.017259081703916407,0.0062987257353167821,0,0,32,0,1,disconnected,-1,-1,0,disconnected,-1,-1,0,9.903550999999954,0.09644900000004597
48,0.97142134300000005,SECOND_HOLD,1,2.6294410228729248,0,2.6296327114105225,0.00019168853759765625,3.0282549748504178e-05,3.0282549748504178e-05,0.017259143224513249,0.0078783785147157077,0,0,32,0,1,disconnected,-1,-1,0,disconnected,-1,-1,0,10.095961000000099,0.095961000000098551
49,0.98130822900000003,SECOND_HOLD,1,2.6294410228729248,0,2.6294410228729248,0,0,0,0.017407391942152878,-4.6068223138511102e-06,-0.34361249208450317,0,32,0,1,disconnected,-1,-1,0,disconnected,-1,-1,0,9.8868859999999827,0.11311400000001726
50,0.99141906199999996,SECOND_HOLD,1,2.6294410228729248,0,2.6292493343353271,-0.00019168853759765625,-3.0282549748504178e-05,-3.0282549748504178e-05,-0.052164224616755434,-0.0063294575081734583,-0.61359375715255737,0,32,0,1,disconnected,-1,-1,0,disconnected,-1,-1,0,10.11083299999993,0.11083299999993024
51,1.0012929509999999,SECOND_HOLD,1,2.6294410228729248,0,2.6294410228729248,0,0,0,-0.069539445914331491,-0.011046098820798114,0.073631249368190765,0,32,0,1,disconnected,-1,-1,0,disconnected,-1,-1,0,9.8738889999999699,0.12611100000003006
52,1.0112303810000001,SECOND_HOLD,1,2.6294410228729248,0,2.6294410228729248,0,0,0,-0.034974146698385146,-0.015784150514265339,0.024543749168515205,0.00390625,32,0,1,disconnected,-1,-1,0,disconnected,-1,-1,0,9.9374300000001359,0.062569999999864123
53,1.021416289,SECOND_HOLD,1,2.6294410228729248,0,2.6294410228729248,0,0,0,0.017192063077940935,-0.011046613970201539,-0.34361249208450317,0.0078125,32,0,1,disconnected,-1,-1,0,disconnected,-1,-1,0,10.185907999999966,0.18590799999996577
54,1.0314189060000001,SECOND_HOLD,1,2.6294410228729248,0,2.6296327114105225,0.00019168853759765625,3.0282549748504178e-05,3.0282549748504178e-05,0.069229711505179092,-0.0063058436593090338,0,0,32,0,1,disconnected,-1,-1,0,disconnected,-1,-1,0,10.002617000000047,0.0026170000000469429
55,1.041308984,SECOND_HOLD,1,2.6294410228729248,0,2.6294410228729248,0,0,0,0.017421472596794673,-0.0015718411240582823,-0.31906875967979431,0,32,0,1,disconnected,-1,-1,0,disconnected,-1,-1,0,9.8900779999999688,0.10992200000003116
56,1.0513356540000001,SECOND_HOLD,1,2.6294410228729248,0,2.6294410228729248,0,0,0,0.00013308431481827735,-0.0047301252481633371,-0.26998123526573181,0,32,0,1,disconnected,-1,-1,0,disconnected,-1,-1,0,10.026670000000015,0.026670000000015293
57,1.061237921,SECOND_HOLD,1,2.6294410228729248,0,2.6294410228729248,0,0,0,-0.017372343182219998,-0.00788478231718414,-0.31906875967979431,0.00390625,32,0,1,disconnected,-1,-1,0,disconnected,-1,-1,0,9.9022669999999646,0.097733000000035375
58,1.0714184330000001,SECOND_HOLD,1,2.6294410228729248,0,2.6294410228729248,0,0,0,-0.034620282846598176,-0.0015664194002408031,-0.36815625429153442,0,32,0,1,disconnected,-1,-1,0,disconnected,-1,-1,0,10.18051200000003,0.18051200000003043
59,1.081321835,SECOND_HOLD,1,2.6294410228729248,0,2.6294410228729248,0,0,0,0,0.0063092213412498897,-0.34361249208450317,0,32,0,1,disconnected,-1,-1,0,disconnected,-1,-1,0,9.9034019999999501,0.096598000000049922
60,1.091420174,SECOND_HOLD,1,2.6294410228729248,0,2.6294410228729248,0,0,0,0,0.0063064483141619457,-0.36815625429153442,0,32,0,1,disconnected,-1,-1,0,disconnected,-1,-1,0,10.098339000000012,0.098339000000011723
61,1.1013987249999999,SECOND_HOLD,1,2.6294410228729248,0,2.6294410228729248,0,0,0,0,-0.0031377404385004139,-0.19634999334812164,0.00390625,32,0,1,disconnected,-1,-1,0,disconnected,-1,-1,0,9.9785509999998911,0.021449000000108853
62,1.111241245,SECOND_HOLD,1,2.6294410228729248,0,2.6294410228729248,0,0,0,0,-0.0047188115037539247,-0.24543750286102295,0,32,0,1,disconnected,-1,-1,0,disconnected,-1,-1,0,9.8425200000000768,0.15747999999992324
63,1.121305947,SECOND_HOLD,1,2.6294410228729248,0,2.6294410228729248,0,0,0,0,-0.0063065359605605385,-0.22089375555515289,0.00390625,32,0,1,disconnected,-1,-1,0,disconnected,-1,-1,0,10.064701999999981,0.064701999999980941
64,1.131422454,SECOND_HOLD,1,2.6294410228729248,0,2.6294410228729248,0,0,0,0,-0.0078748042385605593,-0.24543750286102295,0,32,0,1,disconnected,-1,-1,0,disconnected,-1,-1,0,10.116506999999997,0.11650699999999681
65,1.141221671,SECOND_HOLD,1,2.6294410228729248,0,2.6294410228729248,0,0,0,0,0,-0.29452499747276306,0,32,0,1,disconnected,-1,-1,0,disconnected,-1,-1,0,9.7992170000000822,0.20078299999991778
66,1.151330661,SECOND_HOLD,1,2.6294410228729248,0,2.6296327114105225,0.00019168853759765625,3.0282549748504178e-05,3.0282549748504178e-05,0.034680350259844936,0.0078904954812988402,0.049087498337030411,0,32,0,1,disconnected,-1,-1,0,disconnected,-1,-1,0,10.108989999999984,0.10898999999998438
67,1.161220651,SECOND_HOLD,1,2.6294410228729248,0,2.6296327114105225,0.00019168853759765625,3.0282549748504178e-05,3.0282549748504178e-05,0.052239082914674925,0.014202654052323033,0.12271875143051147,0,32,0,1,disconnected,-1,-1,0,disconnected,-1,-1,0,9.8899900000000152,0.11000999999998484
68,1.1712385919999999,SECOND_HOLD,1,2.6294410228729248,0,2.6296327114105225,0.00019168853759765625,3.0282549748504178e-05,3.0282549748504178e-05,0.052313695180201902,0.018960295368024169,0,0.00390625,32,0,1,disconnected,-1,-1,0,disconnected,-1,-1,0,10.017940999999864,0.017940999999863649
69,1.181415501,SECOND_HOLD,1,2.6294410228729248,0,2.6296327114105225,0.00019168853759765625,3.0282549748504178e-05,3.0282549748504178e-05,0.034606242050661651,0.022097736606657981,0.073631249368190765,0.00390625,32,0,1,disconnected,-1,-1,0,disconnected,-1,-1,0,10.176909000000123,0.17690900000012277
70,1.191242409,SECOND_HOLD,1,2.6294410228729248,0,2.6296327114105225,0.00019168853759765625,3.0282549748504178e-05,3.0282549748504178e-05,0,0.023687251649565783,0.024543749168515205,0.00390625,32,0,1,disconnected,-1,-1,0,disconnected,-1,-1,0,9.8269079999999676,0.17309200000003244
71,1.201402434,SECOND_HOLD,1,2.6294410228729248,0,2.6296327114105225,0.00019168853759765625,3.0282549748504178e-05,3.0282549748504178e-05,0,0.023656370081723378,0.024543749168515205,0,32,0,1,disconnected,-1,-1,0,disconnected,-1,-1,0,10.160025000000017,0.16002500000001696
72,1.2114078079999999,SECOND_HOLD,1,2.6294410228729248,0,2.6296327114105225,0.00019168853759765625,3.0282549748504178e-05,3.0282549748504178e-05,0,0.022053339923636801,0.12271875143051147,0.0078125,32,0,1,disconnected,-1,-1,0,disconnected,-1,-1,0,10.0053739999999,0.0053739999999002919
73,1.2213065089999999,SECOND_HOLD,1,2.6294410228729248,0,2.6294410228729248,0,0,0,-0.034652850791800444,0.011034495949540158,-0.24543750286102295,0,32,0,1,disconnected,-1,-1,0,disconnected,-1,-1,0,9.8987010000000097,0.10129899999999026
74,1.2314099730000001,SECOND_HOLD,1,2.6294410228729248,0,2.6296327114105225,0.00019168853759765625,3.0282549748504178e-05,3.0282549748504178e-05,-0.017185908848303458,0.007879768489136612,0.098174996674060822,0.00390625,32,0,1,disconnected,-1,-1,0,disconnected,-1,-1,0,10.103464000000173,0.10346400000017297
75,1.241309183,SECOND_HOLD,1,2.6294410228729248,0,2.6294410228729248,0,0,0,-0.03462258161079125,-0.0047018090462471627,-0.31906875967979431,0,32,0,1,disconnected,-1,-1,0,disconnected,-1,-1,0,9.8992099999999361,0.10079000000006388
76,1.251396577,SECOND_HOLD,1,2.6294410228729248,0,2.6294410228729248,0,0,0,-0.034565731435567737,-0.01731582341131311,-0.24543750286102295,0.00390625,32,0,1,disconnected,-1,-1,0,disconnected,-1,-1,0,10.087393999999916,0.087393999999916261
77,1.261243626,SECOND_HOLD,1,2.6294410228729248,0,2.6294410228729248,0,0,0,-0.017265092192099138,-0.020472325227669667,-0.24543750286102295,0,32,0,1,disconnected,-1,-1,0,disconnected,-1,-1,0,9.8470489999999966,0.15295100000000339
78,1.271406555,SECOND_HOLD,1,2.6294410228729248,0,2.6294410228729248,0,0,0,-0.034652124035483338,-0.022056500687728277,-0.24543750286102295,0,32,0,1,disconnected,-1,-1,0,disconnected,-1,-1,0,10.162929000000043,0.16292900000004273
79,1.281325399,SECOND_HOLD,1,2.6294410228729248,0,2.6296327114105225,0.00019168853759765625,3.0282549748504178e-05,3.0282549748504178e-05,0.034652371187900911,-0.014188434331289147,0.14726249873638153,0,32,0,1,disconnected,-1,-1,0,disconnected,-1,-1,0,9.9188439999999822,0.081156000000017769
80,1.29134839,SECOND_HOLD,1,2.6294410228729248,0,2.6296327114105225,0.00019168853759765625,3.0282549748504178e-05,3.0282549748504178e-05,0.052041138435547536,-0.006298247424049953,-0.024543749168515205,0,32,0,1,disconnected,-1,-1,0,disconnected,-1,-1,0,10.022991000000037,0.022991000000036621
81,1.3013357539999999,SECOND_HOLD,1,2.6294410228729248,0,2.6296327114105225,0.00019168853759765625,3.0282549748504178e-05,3.0282549748504178e-05,0.051943949432408432,0.0015958632446749874,0.024543749168515205,0.00390625,32,0,1,disconnected,-1,-1,0,disconnected,-1,-1,0,9.9873639999998876,0.012636000000112446
82,1.3112179070000001,SECOND_HOLD,1,2.6294410228729248,0,2.6294410228729248,0,0,0,5.0932544164343746e-05,0.0016025638753800317,-0.36815625429153442,0,32,0,1,disconnected,-1,-1,0,disconnected,-1,-1,0,9.8821530000001712,0.11784699999982884
83,1.3214034670000001,SECOND_HOLD,1,2.6294410228729248,0,2.6294410228729248,0,0,0,-0.051970480273269122,0.0031673942151733297,-0.36815625429153442,0,32,0,1,disconnected,-1,-1,0,disconnected,-1,-1,0,10.185560000000038,0.18556000000003792
84,1.331373012,SECOND_HOLD,1,2.6294410228729248,0,2.6296327114105225,0.00019168853759765625,3.0282549748504178e-05,3.0282549748504178e-05,-0.017223171656698823,0.0047463022873075389,0.073631249368190765,0,32,0,1,disconnected,-1,-1,0,disconnected,-1,-1,0,9.9695449999999131,0.03045500000008694
85,1.341327403,SECOND_HOLD,1,2.6294410228729248,0,2.6294410228729248,0,0,0,-0.017223229263271286,0.0063146212226353558,-0.39269998669624329,0,32,0,1,disconnected,-1,-1,0,disconnected,-1,-1,0,9.9543909999999514,0.045609000000048638
86,1.351316279,SECOND_HOLD,1,2.6294410228729248,0,2.6294410228729248,0,0,0,7.8577826690647026e-05,6.1765095500581676e-06,-0.29452499747276306,0.00390625,32,0,1,disconnected,-1,-1,0,disconnected,-1,-1,0,9.9888759999999799,0.011124000000020118
87,1.361242069,SECOND_HOLD,1,2.6294410228729248,0,2.6294410228729248,0,0,0,-0.017412142965737336,-0.0062970725912126751,-0.24543750286102295,0,32,0,1,disconnected,-1,-1,0,disconnected,-1,-1,0,9.9257900000000454,0.07420999999995459
88,1.371296694,SECOND_HOLD,1,2.6294410228729248,0,2.6296327114105225,0.00019168853759765625,3.0282549748504178e-05,3.0282549748504178e-05,8.2849271402573422e-05,-0.0047319333524412097,0.024543749168515205,0,32,0,1,disconnected,-1,-1,0,disconnected,-1,-1,0,10.054624999999984,0.054624999999983714
89,1.38140573,SECOND_HOLD,1,2.6294410228729248,0,2.6296327114105225,0.00019168853759765625,3.0282549748504178e-05,3.0282549748504178e-05,0.052025036083864711,-0.004711858547641814,0.049087498337030411,0.00390625,32,0,1,disconnected,-1,-1,0,disconnected,-1,-1,0,10.109036000000016,0.10903600000001568
90,1.3912923690000001,SECOND_HOLD,1,2.6294410228729248,0,2.6296327114105225,0.00019168853759765625,3.0282549748504178e-05,3.0282549748504178e-05,0.052039707774733185,0.0031729263725867058,0.12271875143051147,0,32,0,1,disconnected,-1,-1,0,disconnected,-1,-1,0,9.8866390000000859,0.11336099999991411
91,1.4014060880000001,SECOND_HOLD,1,2.6294410228729248,0,2.6296327114105225,0.00019168853759765625,3.0282549748504178e-05,3.0282549748504178e-05,0.034626430801586686,0.011054443028945996,0,0.00390625,32,0,1,disconnected,-1,-1,0,disconnected,-1,-1,0,10.113719000000021,0.113719000000021
92,1.411238311,SECOND_HOLD,1,2.6294410228729248,0,2.6294410228729248,0,0,0,-0.034625747764541769,0.011068579044456078,-0.34361249208450317,0,32,0,1,disconnected,-1,-1,0,disconnected,-1,-1,0,9.8322229999998623,0.16777700000013773
93,1.4213959169999999,SECOND_HOLD,1,2.6294410228729248,0,2.6294410228729248,0,0,0,-0.052021197946053949,0.0031706558664751864,-0.24543750286102295,0,32,0,1,disconnected,-1,-1,0,disconnected,-1,-1,0,10.15760599999993,0.15760599999993019
94,1.431380581,SECOND_HOLD,1,2.6294410228729248,0,2.6296327114105225,0.00019168853759765625,3.0282549748504178e-05,3.0282549748504178e-05,-0.01720441940274349,0.0031760234888654495,0,0,32,0,1,disconnected,-1,-1,0,disconnected,-1,-1,0,9.9846640000000875,0.015335999999912531
95,1.4413863819999999,SECOND_HOLD,1,2.6294410228729248,0,2.6294410228729248,0,0,0,-0.01720427534543912,0.0031660723675698207,-0.34361249208450317,0.00390625,32,0,1,disconnected,-1,-1,0,disconnected,-1,-1,0,10.005800999999925,0.0058009999999253381
96,1.451391597,SECOND_HOLD,1,2.6294410228729248,0,2.6294410228729248,0,0,0,3.798561668343172e-05,-0.0047102889619510474,-0.36815625429153442,0,32,0,1,disconnected,-1,-1,0,disconnected,-1,-1,0,10.005215000000067,0.0052150000000672492
97,1.4612391730000001,SECOND_HOLD,1,2.6294410228729248,0,2.6296327114105225,0.00019168853759765625,3.0282549748504178e-05,3.0282549748504178e-05,0.017285352520763748,-0.0047253534365603355,0.12271875143051147,0.00390625,32,0,1,disconnected,-1,-1,0,disconnected,-1,-1,0,9.84757600000008,0.15242399999991996
98,1.471398666,SECOND_HOLD,1,2.6294410228729248,0,2.6294410228729248,0,0,0,-0.017560735562350983,-0.014200528474138033,-0.26998123526573181,0,32,0,1,disconnected,-1,-1,0,disconnected,-1,-1,0,10.159492999999964,0.15949299999996391
99,1.4813437199999999,SECOND_HOLD,1,2.6294410228729248,0,2.6296327114105225,0.00019168853759765625,3.0282549748504178e-05,3.0282549748504178e-05,0.034544892180844042,-0.0063178661577844939,0.073631249368190765,0,32,0,1,disconnected,-1,-1,0,disconnected,-1,-1,0,9.9450539999998977,0.054946000000102302
100,1.4913897149999999,SECOND_HOLD,1,2.6294410228729248,0,2.6294410228729248,0,0,0,-0.0002116902361792308,-0.0063193046826772216,-0.34361249208450317,0.0078125,32,0,1,disconnected,-1,-1,0,disconnected,-1,-1,0,10.04599500000003,0.045995000000029762
101,1.5013920329999999,SECOND_HOLD,1,2.6294410228729248,0,2.6294410228729248,0,0,0,-0.034707045003577991,-0.0047408994172859938,-0.31906875967979431,0,32,0,1,disconnected,-1,-1,0,disconnected,-1,-1,0,10.002317999999955,0.0023179999999545231
102,1.511238031,SECOND_HOLD,1,2.6294410228729248,0,2.6298243999481201,0.0003833770751953125,6.0565099497008357e-05,6.0565099497008357e-05,0.051922264860897432,0.014152681300943807,0.024543749168515205,0.00390625,32,0,1,disconnected,-1,-1,0,disconnected,-1,-1,0,9.845998000000078,0.15400199999992203
103,1.521381675,SECOND_HOLD,1,2.6294410228729248,0,2.6294410228729248,0,0,0,-0.00039501047191416514,0.0062600136127784053,-0.29452499747276306,0,32,0,1,disconnected,-1,-1,0,disconnected,-1,-1,0,10.143644000000007,0.14364400000000721
104,1.531387069,SECOND_HOLD,1,2.6294410228729248,0,2.6294410228729248,0,0,0,-0.00041540486210558822,-0.0016323788717324647,-0.26998123526573181,0.00390625,32,0,1,disconnected,-1,-1,0,disconnected,-1,-1,0,10.005394000000001,0.0053940000000007871
105,1.5412181819999999,SECOND_HOLD,1,2.6294410228729248,0,2.6296327114105225,0.00019168853759765625,3.0282549748504178e-05,3.0282549748504178e-05,-0.00048068566864281403,0.0078280562195549384,0,0.00390625,32,0,1,disconnected,-1,-1,0,disconnected,-1,-1,0,9.8311129999999469,0.16888700000005308
106,1.5513214129999999,SECOND_HOLD,1,2.6294410228729248,0,2.6296327114105225,0.00019168853759765625,3.0282549748504178e-05,3.0282549748504178e-05,-0.017733233242137783,0.007828074525329267,0.12271875143051147,0.00390625,32,0,1,disconnected,-1,-1,0,disconnected,-1,-1,0,10.10323099999999,0.1032309999999903
107,1.561402248,SECOND_HOLD,1,2.6294410228729248,0,2.6294410228729248,0,0,0,0.01710765674354502,-0.0016441962110789732,-0.24543750286102295,0,32,0,1,disconnected,-1,-1,0,disconnected,-1,-1,0,10.080835000000121,0.080835000000121227
108,1.5712413649999999,SECOND_HOLD,1,2.6294410228729248,0,2.6296327114105225,0.00019168853759765625,3.0282549748504178e-05,3.0282549748504178e-05,0.017107173681172112,0.0062530980546102724,0,0,32,0,1,disconnected,-1,-1,0,disconnected,-1,-1,0,9.8391169999998418,0.16088300000015821
109,1.581328428,SECOND_HOLD,1,2.6294410228729248,0,2.6296327114105225,0.00019168853759765625,3.0282549748504178e-05,3.0282549748504178e-05,-0.00017287944145797439,0.0046759118611098809,0,0,32,0,1,disconnected,-1,-1,0,disconnected,-1,-1,0,10.087063000000063,0.087063000000062729
110,1.5913215519999999,SECOND_HOLD,1,2.6294410228729248,0,2.6296327114105225,0.00019168853759765625,3.0282549748504178e-05,3.0282549748504178e-05,0.017238255788048353,0.010990708538323372,0,0,32,0,1,disconnected,-1,-1,0,disconnected,-1,-1,0,9.9931239999999644,0.0068760000000356314
111,1.601385031,SECOND_HOLD,1,2.6294410228729248,0,2.6296327114105225,0.00019168853759765625,3.0282549748504178e-05,3.0282549748504178e-05,0.034553651955693508,0.0078327600836158879,0,0,32,0,1,disconnected,-1,-1,0,disconnected,-1,-1,0,10.063479000000042,0.063479000000041808
112,1.611389491,SECOND_HOLD,1,2.6294410228729248,0,2.6296327114105225,0.00019168853759765625,3.0282549748504178e-05,3.0282549748504178e-05,0,0.0031071085685976337,0,0.00390625,32,0,1,disconnected,-1,-1,0,disconnected,-1,-1,0,10.004459999999993,0.0044599999999928031
113,1.621394505,SECOND_HOLD,1,2.6294410228729248,0,2.6294410228729248,0,0,0,-0.034615814701655381,0.0078488325874092619,-0.31906875967979431,0,32,0,1,disconnected,-1,-1,0,disconnected,-1,-1,0,10.00501400000009,0.00501400000008978
114,1.631395492,SECOND_HOLD,1,2.6294410228729248,0,2.6296327114105225,0.00019168853759765625,3.0282549748504178e-05,3.0282549748504178e-05,-0.017326028831957514,0.0046995339172213931,0.073631249368190765,0.00390625,32,0,1,disconnected,-1,-1,0,disconnected,-1,-1,0,10.000986999999961,0.00098699999996121335
115,1.6413063109999999,SECOND_HOLD,1,2.6294410228729248,0,2.6294410228729248,0,0,0,-0.034723771023436621,-0.0078859744694118154,-0.24543750286102295,0,32,0,1,disconnected,-1,-1,0,disconnected,-1,-1,0,9.9108189999999041,0.089181000000095878
116,1.6513855930000001,SECOND_HOLD,1,2.6294410228729248,0,2.6294410228729248,0,0,0,-0.034704467170000537,-0.011041995520171466,-0.34361249208450317,0,32,0,1,disconnected,-1,-1,0,disconnected,-1,-1,0,10.079282000000189,0.079282000000189257
117,1.661327574,SECOND_HOLD,1,2.6294410228729248,0,2.6294410228729248,0,0,0,-0.017342070551564372,-0.012620314800570468,-0.26998123526573181,0,32,0,1,disconnected,-1,-1,0,disconnected,-1,-1,0,9.9419809999998776,0.058019000000122389
118,1.67136117,SECOND_HOLD,1,2.6294410228729248,0,2.6294410228729248,0,0,0,-0.034664034816176983,-0.022061974559383364,-0.34361249208450317,0,32,0,1,disconnected,-1,-1,0,disconnected,-1,-1,0,10.033595999999978,0.033595999999977977
119,1.6813087799999999,SECOND_HOLD,1,2.6294410228729248,0,2.6294410228729248,0,0,0,0,-0.022083767099665343,-0.34361249208450317,0,32,0,1,disconnected,-1,-1,0,disconnected,-1,-1,0,9.9476099999999956,0.052390000000004378
120,1.691363492,SECOND_HOLD,1,2.6294410228729248,0,2.6294410228729248,0,0,0,0,-0.020508001581878821,-0.31906875967979431,0.00390625,32,0,1,disconnected,-1,-1,0,disconnected,-1,-1,0,10.054712000000077,0.054712000000076699
121,1.701340005,SECOND_HOLD,1,2.6294410228729248,0,2.6296327114105225,0.00019168853759765625,3.0282549748504178e-05,3.0282549748504178e-05,0.034681970516114533,-0.0094636788516553241,-0.049087498337030411,0,32,0,1,disconnected,-1,-1,0,disconnected,-1,-1,0,9.9765130000000202,0.02348699999997983
122,1.7113354270000001,SECOND_HOLD,1,2.6294410228729248,0,2.6294410228729248,0,0,0,0.017354550272284251,-0.0063068949198571232,-0.29452499747276306,0,32,0,1,disconnected,-1,-1,0,disconnected,-1,-1,0,9.9954220000000316,0.0045779999999684406
123,1.7213665709999999,SECOND_HOLD,1,2.6294410228729248,0,2.6294410228729248,0,0,0,-4.9362764515399808e-06,-0.0015737084258125034,-0.19634999334812164,0,32,0,1,disconnected,-1,-1,0,disconnected,-1,-1,0,10.031143999999825,0.031143999999825311
124,1.7313359079999999,SECOND_HOLD,1,2.6294410228729248,0,2.6296327114105225,0.00019168853759765625,3.0282549748504178e-05,3.0282549748504178e-05,0.01732469093243667,0.0031600864140292079,0,0,32,0,1,disconnected,-1,-1,0,disconnected,-1,-1,0,9.9693370000000225,0.030662999999977458
125,1.741225389,SECOND_HOLD,1,2.6294410228729248,0,2.6294410228729248,0,0,0,-0.017369860787671679,0.00789566440926006,-0.26998123526573181,0,32,0,1,disconnected,-1,-1,0,disconnected,-1,-1,0,9.8894810000000888,0.11051899999991122
126,1.7513423960000001,SECOND_HOLD,1,2.6294410228729248,0,2.6296327114105225,0.00019168853759765625,3.0282549748504178e-05,3.0282549748504178e-05,0.034852028302056998,0.012634480903907747,0,0,32,0,1,disconnected,-1,-1,0,disconnected,-1,-1,0,10.117007000000067,0.1170070000000667
127,1.761241762,SECOND_HOLD,1,2.6294410228729248,0,2.6294410228729248,0,0,0,0.00012813694528040988,0.0079058571665889966,-0.36815625429153442,0.00390625,32,0,1,disconnected,-1,-1,0,disconnected,-1,-1,0,9.899365999999965,0.10063400000003497
128,1.7713211470000001,SECOND_HOLD,1,2.6294410228729248,0,2.6294410228729248,0,0,0,-0.034550866776841382,0.0031672790289341687,-0.24543750286102295,0.00390625,32,0,1,disconnected,-1,-1,0,disconnected,-1,-1,0,10.079385000000052,0.079385000000051775
129,1.7813437050000001,SECOND_HOLD,1,2.6294410228729248,0,2.6296327114105225,0.00019168853759765625,3.0282549748504178e-05,3.0282549748504178e-05,0.017442418815748751,0.0063267724422188497,0.024543749168515205,0,32,0,1,disconnected,-1,-1,0,disconnected,-1,-1,0,10.022557999999959,0.022557999999959222
130,1.7913281560000001,SECOND_HOLD,1,2.6294410228729248,0,2.6294410228729248,0,0,0,-0.017229349908737299,1.1571539847470607e-05,-0.26998123526573181,0,32,0,1,disconnected,-1,-1,0,disconnected,-1,-1,0,9.9844510000000053,0.015548999999994706
131,1.8013434740000001,SECOND_HOLD,1,2.6294410228729248,0,2.6296327114105225,0.00019168853759765625,3.0282549748504178e-05,3.0282549748504178e-05,0.03465211486141051,0.0015939538648031544,-0.024543749168515205,0,32,0,1,disconnected,-1,-1,0,disconnected,-1,-1,0,10.015317999999995,0.01531799999999528
132,1.811223595,SECOND_HOLD,1,2.6294410228729248,0,2.6296327114105225,0.00019168853759765625,3.0282549748504178e-05,3.0282549748504178e-05,0.034792969366279812,0.011056854692946035,0,0.00390625,32,0,1,disconnected,-1,-1,0,disconnected,-1,-1,0,9.8801209999999084,0.11987900000009155
133,1.8213648549999999,SECOND_HOLD,1,2.6294410228729248,0,2.6294410228729248,0,0,0,-0.01746149888214624,0.0031590541937212033,-0.31906875967979431,0,32,0,1,disconnected,-1,-1,0,disconnected,-1,-1,0,10.14125999999993,0.14125999999992978
134,1.831394065,SECOND_HOLD,1,2.6294410228729248,0,2.6296327114105225,0.00019168853759765625,3.0282549748504178e-05,3.0282549748504178e-05,0.017243100934287051,0.0031653438991181655,0.12271875143051147,0,32,0,1,disconnected,-1,-1,0,disconnected,-1,-1,0,10.029210000000122,0.029210000000121639
135,1.841355034,SECOND_HOLD,1,2.6294410228729248,0,2.6296327114105225,0.00019168853759765625,3.0282549748504178e-05,3.0282549748504178e-05,-4.9517651763667735e-05,0.011036735256620175,0.024543749168515205,0.00390625,32,0,1,disconnected,-1,-1,0,disconnected,-1,-1,0,9.9609689999999862,0.039031000000013805
136,1.8513538899999999,SECOND_HOLD,1,2.6294410228729248,0,2.6296327114105225,0.00019168853759765625,3.0282549748504178e-05,3.0282549748504178e-05,0.017217871787714185,0.0094615580675278185,0.098174996674060822,0.00390625,32,0,1,disconnected,-1,-1,0,disconnected,-1,-1,0,9.9988559999999449,0.0011440000000551009
137,1.861334179,SECOND_HOLD,1,2.6294410228729248,0,2.6294410228729248,0,0,0,3.7858128516735674e-05,0.0078830194458861073,-0.36815625429153442,0,32,0,1,disconnected,-1,-1,0,disconnected,-1,-1,0,9.9802890000000311,0.019710999999968948
138,1.8713591549999999,SECOND_HOLD,1,2.6294410228729248,0,2.6294410228729248,0,0,0,-0.052102543199731732,-0.0015786390722599341,-0.24543750286102295,0.00390625,32,0,1,disconnected,-1,-1,0,disconnected,-1,-1,0,10.024975999999963,0.02497599999996325
139,1.881227993,SECOND_HOLD,1,2.6294410228729248,0,2.6296327114105225,0.00019168853759765625,3.0282549748504178e-05,3.0282549748504178e-05,-0.017509079955994874,-0.0031665578105804556,0.024543749168515205,0,32,0,1,disconnected,-1,-1,0,disconnected,-1,-1,0,9.8688380000000464,0.13116199999995359
140,1.8913401489999999,SECOND_HOLD,1,2.6294410228729248,0,2.6296327114105225,0.00019168853759765625,3.0282549748504178e-05,3.0282549748504178e-05,0.017314835598019357,0.0031444260890295594,0,0.00390625,32,0,1,disconnected,-1,-1,0,disconnected,-1,-1,0,10.112155999999928,0.11215599999992776
141,1.9013472119999999,SECOND_HOLD,1,2.6294410228729248,0,2.6296327114105225,0.00019168853759765625,3.0282549748504178e-05,3.0282549748504178e-05,0.05195743557013708,-1.0170837346157528e-05,0.073631249368190765,0,32,0,1,disconnected,-1,-1,0,disconnected,-1,-1,0,10.007062999999983,0.007062999999982722
142,1.911242017,SECOND_HOLD,1,2.6294410228729248,0,2.6294410228729248,0,0,0,9.4575762454162159e-06,-0.0031587995361359619,-0.36815625429153442,0.00390625,32,0,1,disconnected,-1,-1,0,disconnected,-1,-1,0,9.894805000000062,0.10519499999993798
143,1.9213589310000001,SECOND_HOLD,1,2.6294410228729248,0,2.6296327114105225,0.00019168853759765625,3.0282549748504178e-05,3.0282549748504178e-05,-0.017187802132343052,0.0031650712250824915,0,0,32,0,1,disconnected,-1,-1,0,disconnected,-1,-1,0,10.116914000000143,0.1169140000001434
144,1.9312117719999999,SECOND_HOLD,1,2.6294410228729248,0,2.6294410228729248,0,0,0,-0.034616510573781276,-0.0078829573190691126,-0.31906875967979431,0,32,0,1,disconnected,-1,-1,0,disconnected,-1,-1,0,9.8528409999998345,0.14715900000016546
145,1.941214958,SECOND_HOLD,1,2.6294410228729248,0,2.6296327114105225,0.00019168853759765625,3.0282549748504178e-05,3.0282549748504178e-05,0.00016784165598056184,-0.0015701240608142905,0.098174996674060822,0,32,0,1,disconnected,-1,-1,0,disconnected,-1,-1,0,10.003186000000053,0.0031860000000527577
146,1.9512129220000001,SECOND_HOLD,1,2.6294410228729248,0,2.6294410228729248,0,0,0,0.00013527062523547423,-0.0031478689996566962,-0.29452499747276306,0,32,0,1,disconnected,-1,-1,0,disconnected,-1,-1,0,9.9979640000000813,0.0020359999999186584
147,1.9612463090000001,SECOND_HOLD,1,2.6294410228729248,0,2.6294410228729248,0,0,0,-0.0347245767018865,-0.0031491800641520761,-0.26998123526573181,0,32,0,1,disconnected,-1,-1,0,disconnected,-1,-1,0,10.033387000000005,0.033387000000004718
148,1.9713365869999999,SECOND_HOLD,1,2.6294410228729248,0,2.6294410228729248,0,0,0,-0.017304454650825387,-0.011042853195591833,-0.34361249208450317,0.00390625,32,0,1,disconnected,-1,-1,0,disconnected,-1,-1,0,10.090277999999842,0.090277999999841541
149,1.9813242900000001,SECOND_HOLD,1,2.6294410228729248,0,2.6296327114105225,0.00019168853759765625,3.0282549748504178e-05,3.0282549748504178e-05,8.9980676404661983e-06,-0.011019508178831686,0.024543749168515205,0,32,0,1,disconnected,-1,-1,0,disconnected,-1,-1,0,9.987703000000181,0.012296999999819036
150,1.9913372119999999,SECOND_HOLD,1,2.6294410228729248,0,2.6294410228729248,0,0,0,0.017294392614058046,-0.011019560324480756,-0.24543750286102295,0,32,0,1,disconnected,-1,-1,0,disconnected,-1,-1,0,10.012921999999813,0.012921999999813139
151,2.001348557,SECOND_HOLD,1,2.6294410228729248,0,2.6296327114105225,0.00019168853759765625,3.0282549748504178e-05,3.0282549748504178e-05,0.034620861240336705,-0.0015523630806529543,0.024543749168515205,0,32,0,1,disconnected,-1,-1,0,disconnected,-1,-1,0,10.011345000000116,0.011345000000115846
152,2.0112434440000002,SECOND_HOLD,1,2.6294410228729248,0,2.6294410228729248,0,0,0,6.4076546115450877e-05,2.0137449667100796e-05,-0.31906875967979431,0,32,0,1,disconnected,-1,-1,0,disconnected,-1,-1,0,9.8948870000001854,0.1051129999998146
153,2.0212336440000001,SECOND_HOLD,1,2.6294410228729248,0,2.6296327114105225,0.00019168853759765625,3.0282549748504178e-05,3.0282549748504178e-05,2.4778760764134186e-05,0.0015901599406224309,0.098174996674060822,0,32,0,1,disconnected,-1,-1,0,disconnected,-1,-1,0,9.9901999999998381,0.0098000000001619014
154,2.0313810449999998,SECOND_HOLD,1,2.6294410228729248,0,2.6296327114105225,0.00019168853759765625,3.0282549748504178e-05,3.0282549748504178e-05,0.034783623330702604,0.011032233406606053,0.098174996674060822,0.0078125,32,0,1,disconnected,-1,-1,0,disconnected,-1,-1,0,10.147400999999778,0.14740099999977829
155,2.0413062200000001,SECOND_HOLD,1,2.6294410228729248,0,2.6294410228729248,0,0,0,-0.01723579723509144,0.0031579404779381588,-0.34361249208450317,0,32,0,1,disconnected,-1,-1,0,disconnected,-1,-1,0,9.9251750000002303,0.074824999999769659
156,2.0513441559999999,SECOND_HOLD,1,2.6294410228729248,0,2.6296327114105225,0.00019168853759765625,3.0282549748504178e-05,3.0282549748504178e-05,0.017348514555120525,0.012621033338414456,0.073631249368190765,0,32,0,1,disconnected,-1,-1,0,disconnected,-1,-1,0,10.037935999999803,0.037935999999803016
157,2.0612414459999999,SECOND_HOLD,1,2.6294410228729248,0,2.6294410228729248,0,0,0,-0.034620095022621492,0.0047503237047687658,-0.24543750286102295,0.00390625,32,0,1,disconnected,-1,-1,0,disconnected,-1,-1,0,9.8972900000000585,0.10270999999994146
158,2.0713612929999998,SECOND_HOLD,1,2.6294410228729248,0,2.6294410228729248,0,0,0,-0.034648966496932485,-0.0031459663618835288,-0.39269998669624329,-0.00390625,32,0,1,disconnected,-1,-1,0,disconnected,-1,-1,0,10.119846999999904,0.11984699999990411
159,2.0813359440000001,SECOND_HOLD,1,2.6294410228729248,0,2.6292493343353271,-0.00019168853759765625,-3.0282549748504178e-05,-3.0282549748504178e-05,-0.051957575696282586,-0.018918133823928374,-0.24543750286102295,0.00390625,32,0,1,disconnected,-1,-1,0,disconnected,-1,-1,0,9.9746510000002786,0.0253489999997214
160,2.0912420209999998,SECOND_HOLD,1,2.6294410228729248,0,2.6294410228729248,0,0,0,-0.052151403095938652,-0.015770770043755641,-0.29452499747276306,0,32,0,1,disconnected,-1,-1,0,disconnected,-1,-1,0,9.9060769999996801,0.093923000000319945
161,2.1013424139999999,SECOND_HOLD,1,2.6294410228729248,0,2.6296327114105225,0.00019168853759765625,3.0282549748504178e-05,3.0282549748504178e-05,0.034654708872864017,-0.012601428213295369,0,0,32,0,1,disconnected,-1,-1,0,disconnected,-1,-1,0,10.100393000000096,0.10039300000009632
162,2.1112234889999999,SECOND_HOLD,1,2.6294410228729248,0,2.6296327114105225,0.00019168853759765625,3.0282549748504178e-05,3.0282549748504178e-05,0.069652982113908191,-0.0015765306753253731,0.12271875143051147,0,32,0,1,disconnected,-1,-1,0,disconnected,-1,-1,0,9.8810750000000169,0.11892499999998307
163,2.1213475000000002,SECOND_HOLD,1,2.6294410228729248,0,2.6294410228729248,0,0,0,0.051927826695288871,-0.007892673687859765,-0.24543750286102295,0.00390625,32,0,1,disconnected,-1,-1,0,disconnected,-1,-1,0,10.124011000000266,0.12401100000026588
164,2.131366721,SECOND_HOLD,1,2.6294410228729248,0,2.6296327114105225,0.00019168853759765625,3.0282549748504178e-05,3.0282549748504178e-05,0.017295838034497912,0.0031639164653916559,0.049087498337030411,0,32,0,1,disconnected,-1,-1,0,disconnected,-1,-1,0,10.019220999999856,0.019220999999856048
165,2.1413265030000002,SECOND_HOLD,1,2.6294410228729248,0,2.6294410228729248,0,0,0,-0.034677931015015775,0.0063070589597703057,-0.34361249208450317,0,32,0,1,disconnected,-1,-1,0,disconnected,-1,-1,0,9.9597820000001391,0.040217999999860865
166,2.1513356240000001,SECOND_HOLD,1,2.6294410228729248,0,2.6294410228729248,0,0,0,-0.034646234156896306,0.0015756655368903488,-0.26998123526573181,0,32,0,1,disconnected,-1,-1,0,disconnected,-1,-1,0,10.009120999999954,0.0091209999999541935
167,2.1612246210000001,SECOND_HOLD,1,2.6294410228729248,0,2.6296327114105225,0.00019168853759765625,3.0282549748504178e-05,3.0282549748504178e-05,0.017361443878718606,0.014180445935401102,0.073631249368190765,0,32,0,1,disconnected,-1,-1,0,disconnected,-1,-1,0,9.8889970000000105,0.11100299999998953
168,2.1713446780000001,SECOND_HOLD,1,2.6294410228729248,0,2.6296327114105225,0.00019168853759765625,3.0282549748504178e-05,3.0282549748504178e-05,0.017361418042260397,0.017340851478969688,0.098174996674060822,0.00390625,32,0,1,disconnected,-1,-1,0,disconnected,-1,-1,0,10.12005699999996,0.12005699999996011
169,2.181331761,SECOND_HOLD,1,2.6294410228729248,0,2.6294410228729248,0,0,0,0.017246581074596565,0.011024152132252338,-0.29452499747276306,0.00390625,32,0,1,disconnected,-1,-1,0,disconnected,-1,-1,0,9.9870829999999522,0.012917000000047807
170,2.1913447170000002,SECOND_HOLD,1,2.6294410228729248,0,2.6296327114105225,0.00019168853759765625,3.0282549748504178e-05,3.0282549748504178e-05,0.017246787328024874,0.0031476272041505893,0.34361249208450317,0,32,0,1,disconnected,-1,-1,0,disconnected,-1,-1,0,10.012956000000184,0.01295600000018382
171,2.2013323910000002,SECOND_HOLD,1,2.6294410228729248,0,2.6296327114105225,0.00019168853759765625,3.0282549748504178e-05,3.0282549748504178e-05,-2.786162308841723e-05,0.0015669787466253704,0.098174996674060822,0.00390625,32,0,1,disconnected,-1,-1,0,disconnected,-1,-1,0,9.9876740000000019,0.012325999999998061
172,2.2113399039999999,SECOND_HOLD,1,2.6294410228729248,0,2.6294410228729248,0,0,0,-0.017343797001140838,-1.2961117723267392e-05,-0.39269998669624329,0,32,0,1,disconnected,-1,-1,0,disconnected,-1,-1,0,10.00751299999969,0.0075129999996903507
173,2.221333344,SECOND_HOLD,1,2.6294410228729248,0,2.6296327114105225,0.00019168853759765625,3.0282549748504178e-05,3.0282549748504178e-05,0.01735324281948257,0.0078820435432616319,0,0,32,0,1,disconnected,-1,-1,0,disconnected,-1,-1,0,9.9934400000001311,0.0065599999998688929
174,2.2312348960000001,SECOND_HOLD,1,2.6294410228729248,0,2.6294410228729248,0,0,0,-0.034750047659044471,-0.0015738886569172713,-0.29452499747276306,0,32,0,1,disconnected,-1,-1,0,disconnected,-1,-1,0,9.9015520000000912,0.098447999999908831
175,2.241337906,SECOND_HOLD,1,2.6294410228729248,0,2.6294410228729248,0,0,0,-0.034706580129198909,-0.0015781898184505972,-0.19634999334812164,0.00390625,32,0,1,disconnected,-1,-1,0,disconnected,-1,-1,0,10.103009999999912,0.10300999999991234
176,2.2513380359999999,SECOND_HOLD,1,2.6294410228729248,0,2.6296327114105225,0.00019168853759765625,3.0282549748504178e-05,3.0282549748504178e-05,0.017415679691052642,-0.001575387954354182,0.024543749168515205,0.00390625,32,0,1,disconnected,-1,-1,0,disconnected,-1,-1,0,10.000129999999885,0.00012999999988494437
177,2.261320021,SECOND_HOLD,1,2.6294410228729248,0,2.6294410228729248,0,0,0,-0.01724481548304781,-0.011033371113974713,-0.24543750286102295,0,32,0,1,disconnected,-1,-1,0,disconnected,-1,-1,0,9.9819850000000265,0.018014999999973469
178,2.2713370429999999,SECOND_HOLD,1,2.6294410228729248,0,2.6294410228729248,0,0,0,4.2274047115572202e-05,-0.011035952040890218,-0.39269998669624329,0,32,0,1,disconnected,-1,-1,0,disconnected,-1,-1,0,10.017021999999987,0.017021999999986548
179,2.2813316549999998,SECOND_HOLD,1,2.6294410228729248,0,2.6296327114105225,0.00019168853759765625,3.0282549748504178e-05,3.0282549748504178e-05,0.017361944215253621,-0.0015693012717806097,0.049087498337030411,0,32,0,1,disconnected,-1,-1,0,disconnected,-1,-1,0,9.9946119999998473,0.0053880000001527151
180,2.291343387,SECOND_HOLD,1,2.6294410228729248,0,2.6294410228729248,0,0,0,-0.017340035900509372,-0.0094555793980374992,-0.24543750286102295,0.0078125,32,0,1,disconnected,-1,-1,0,disconnected,-1,-1,0,10.011732000000162,0.011732000000161946
181,2.3013337919999999,SECOND_HOLD,1,2.6294410228729248,0,2.6296327114105225,0.00019168853759765625,3.0282549748504178e-05,3.0282549748504178e-05,0.034676152195740918,6.4434958246692038e-06,0.049087498337030411,0.00390625,32,0,1,disconnected,-1,-1,0,disconnected,-1,-1,0,9.9904049999999245,0.0095950000000755153
182,2.311336335,SECOND_HOLD,1,2.6294410228729248,0,2.6294410228729248,0,0,0,-1.2904859225100104e-05,0.0015816366023927611,-0.24543750286102295,0,32,0,1,disconnected,-1,-1,0,disconnected,-1,-1,0,10.002543000000141,0.0025430000001414044
183,2.3213261549999999,SECOND_HOLD,1,2.6294410228729248,0,2.6298243999481201,0.0003833770751953125,6.0565099497008357e-05,6.0565099497008357e-05,0.034680270755860644,0.0110400546883536,0.36815625429153442,0.00390625,32,0,1,disconnected,-1,-1,0,disconnected,-1,-1,0,9.9898199999999271,0.010180000000072909
184,2.331333721,SECOND_HOLD,1,2.6294410228729248,0,2.6294410228729248,0,0,0,0.017328853984874583,0.011036750567004504,-0.24543750286102295,0.00390625,32,0,1,disconnected,-1,-1,0,disconnected,-1,-1,0,10.007566000000079,0.0075660000000787875
185,2.3413716359999999,SECOND_HOLD,1,2.6294410228729248,0,2.6296327114105225,0.00019168853759765625,3.0282549748504178e-05,3.0282549748504178e-05,-6.1906691032744066e-06,0.011038506755384663,-0.024543749168515205,0,32,0,1,disconnected,-1,-1,0,disconnected,-1,-1,0,10.037914999999842,0.037914999999841825
186,2.3512347409999999,SECOND_HOLD,1,2.6294410228729248,0,2.6296327114105225,0.00019168853759765625,3.0282549748504178e-05,3.0282549748504178e-05,0.017364640725718698,0.0094645957200603509,-0.024543749168515205,0.00390625,32,0,1,disconnected,-1,-1,0,disconnected,-1,-1,0,9.8631049999999831,0.13689500000001686
187,2.3613396280000001,SECOND_HOLD,1,2.6294410228729248,0,2.6298243999481201,0.0003833770751953125,6.0565099497008357e-05,6.0565099497008357e-05,0.017394386886774426,0.023666041083647244,0.12271875143051147,0.00390625,32,0,1,disconnected,-1,-1,0,disconnected,-1,-1,0,10.104887000000229,0.10488700000022888
188,2.371300373,SECOND_HOLD,1,2.6294410228729248,0,2.6294410228729248,0,0,0,0.017422224565836805,0.01104840550400089,-0.36815625429153442,0.00390625,32,0,1,disconnected,-1,-1,0,disconnected,-1,-1,0,9.9607449999998821,0.039255000000117946
189,2.381337721,SECOND_HOLD,1,2.6294410228729248,0,2.6296327114105225,0.00019168853759765625,3.0282549748504178e-05,3.0282549748504178e-05,-0.01728308324523941,0.0063132625850810357,0.098174996674060822,0.00390625,32,0,1,disconnected,-1,-1,0,disconnected,-1,-1,0,10.037348000000001,0.037348000000001491
190,2.391337187,SECOND_HOLD,1,2.6294410228729248,0,2.6294410228729248,0,0,0,-0.051820254918916682,0.0015771217710324424,-0.31906875967979431,0,32,0,1,disconnected,-1,-1,0,disconnected,-1,-1,0,9.9994660000000124,0.00053399999998759995
191,2.4013321859999999,SECOND_HOLD,1,2.6294410228729248,0,2.6296327114105225,0.00019168853759765625,3.0282549748504178e-05,3.0282549748504178e-05,-0.034631387068229755,-0.0031535175712828589,-0.39269998669624329,0,32,0,1,disconnected,-1,-1,0,disconnected,-1,-1,0,9.9949989999998934,0.0050010000001066146
192,2.411324391,SECOND_HOLD,1,2.6294410228729248,0,2.6296327114105225,0.00019168853759765625,3.0282549748504178e-05,3.0282549748504178e-05,0.034698062329883962,1.261709899541352e-06,0.049087498337030411,0,32,0,1,disconnected,-1,-1,0,disconnected,-1,-1,0,9.9922050000000873,0.0077949999999127328
193,2.4213343300000001,SECOND_HOLD,1,2.6294410228729248,0,2.6294410228729248,0,0,0,-0.01736642762306757,-0.014192153115953163,0,0.00390625,32,0,1,disconnected,-1,-1,0,disconnected,-1,-1,0,10.009939000000134,0.0099390000001342571
194,2.4313062630000002,SECOND_HOLD,1,2.6294410228729248,0,2.6296327114105225,0.00019168853759765625,3.0282549748504178e-05,3.0282549748504178e-05,0.017340478738511397,-0.0015768746476964228,0,0,32,0,1,disconnected,-1,-1,0,disconnected,-1,-1,0,9.9719330000000994,0.028066999999900588
195,2.4413002619999999,SECOND_HOLD,1,2.6294410228729248,0,2.6296327114105225,0.00019168853759765625,3.0282549748504178e-05,3.0282549748504178e-05,-2.5796840586116546e-05,-0.0063086333224508925,0,0.00390625,32,0,1,disconnected,-1,-1,0,disconnected,-1,-1,0,9.9939989999997536,0.0060010000002463926
196,2.4513269559999999,SECOND_HOLD,1,2.6294410228729248,0,2.6294410228729248,0,0,0,-0.017403025048194642,-0.011037095456123143,-0.29452499747276306,0,32,0,1,disconnected,-1,-1,0,disconnected,-1,-1,0,10.026694000000003,0.02669400000000266
197,2.4612374950000002,SECOND_HOLD,1,2.6294410228729248,0,2.6296327114105225,0.00019168853759765625,3.0282549748504178e-05,3.0282549748504178e-05,0.017307746067049372,-0.0063176687074263712,0.098174996674060822,0,32,0,1,disconnected,-1,-1,0,disconnected,-1,-1,0,9.9105390000002735,0.089460999999726454
198,2.4713304210000002,SECOND_HOLD,1,2.6294410228729248,0,2.6294410228729248,0,0,0,-0.034809694824925463,-8.3798862269902059e-06,-0.26998123526573181,0,32,0,1,disconnected,-1,-1,0,disconnected,-1,-1,0,10.092926000000002,0.092926000000002063
199,2.481329278,SECOND_HOLD,1,2.6294410228729248,0,2.6294410228729248,0,0,0,-0.034783183629060993,-0.0094814202758682457,-0.31906875967979431,0,32,0,1,disconnected,-1,-1,0,disconnected,-1,-1,0,9.9988569999998056,0.0011430000001944052
200,2.4913313000000001,PLUS_5_PROFILE,1,2.6294410228729248,0,2.6296327114105225,0.00019168853759765625,3.0282549748504178e-05,3.0282549748504178e-05,0.017223271059882753,-0.0015892159551269837,0,0.00390625,32,0,1,disconnected,-1,-1,0,disconnected,-1,-1,0,10.00202200000011,0.0020220000001103244
201,2.501325209,PLUS_5_PROFILE,1,2.6296067418834044,0.033143802095898151,2.6296327114105225,0.00019168853759765625,3.0282549748504178e-05,3.0282549748504178e-05,0.017223464446542436,-0.0031637368973128129,0,0.00390625,32,0,1,disconnected,-1,-1,0,disconnected,-1,-1,0,9.9939089999998565,0.0060910000001435094
202,2.5113376070000002,PLUS_5_PROFILE,1,2.6301038989148426,0.066287604191796301,2.6296327114105225,0.00019168853759765625,3.0282549748504178e-05,3.0282549748504178e-05,0.052044310333706024,0.0031451483999011803,0.073631249368190765,0.00390625,32,0,1,disconnected,-1,-1,0,disconnected,-1,-1,0,10.0123980000002,0.012398000000199971
203,2.5213318650000001,PLUS_5_PROFILE,1,2.63093249396724,0.099431406287694452,2.6296327114105225,0.00019168853759765625,3.0282549748504178e-05,3.0282549748504178e-05,0.034696353736786936,0.0094508850436033354,-0.12271875143051147,0.0078125,32,0,1,disconnected,-1,-1,0,disconnected,-1,-1,0,9.9942579999998671,0.0057420000001329186
204,2.5313092089999998,PLUS_5_PROFILE,1,2.6320925270405966,0.1325752083835926,2.6296327114105225,0.00019168853759765625,3.0282549748504178e-05,3.0282549748504178e-05,0,0.0062987781820778334,-0.29452499747276306,0.0078125,32,0,1,disconnected,-1,-1,0,disconnected,-1,-1,0,9.9773439999997215,0.022656000000278453
205,2.5412962870000002,PLUS_5_PROFILE,1,2.6335839981349123,0.16571901047949075,2.6300163269042969,0.00057530403137207031,9.0885314108383802e-05,9.0885314108383802e-05,0.0694829579530062,0.02680190975185337,0.31906875967979431,0.0078125,32,0,1,disconnected,-1,-1,0,disconnected,-1,-1,0,9.9870780000004267,0.01292199999957333
206,2.5512380220000002,PLUS_5_PROFILE,1,2.6354069072501867,0.1988628125753889,2.6298243999481201,0.0003833770751953125,6.0565099497008357e-05,6.0565099497008357e-05,0.069616520863597084,0.036279019108971834,-0.34361249208450317,0.01171875,32,0,1,disconnected,-1,-1,0,disconnected,-1,-1,0,9.9417349999999516,0.058265000000048417
207,2.561214595,PLUS_5_PROFILE,1,2.6375612543864198,0.23200661467128711,2.6300163269042969,0.00057530403137207031,9.0885314108383802e-05,9.0885314108383802e-05,0.087102019569258379,0.04260506198248222,-0.34361249208450317,0.01171875,32,0,1,disconnected,-1,-1,0,disconnected,-1,-1,0,9.9765729999998776,0.023427000000122433
208,2.5712317100000002,PLUS_5_PROFILE,1,2.6400470395436124,0.2651504167671852,2.6302080154418945,0.00076699256896972656,0.00012116786385688799,0.00012116786385688799,0.1044517707453365,0.061607435590911183,-0.24543750286102295,0.01171875,32,0,1,disconnected,-1,-1,0,disconnected,-1,-1,0,10.017115000000132,0.017115000000131886
209,2.5813330149999998,PLUS_5_PROFILE,1,2.6428642627217633,0.29829421886308338,2.6307833194732666,0.0013422966003417969,0.0002120531779652718,0.0002120531779652718,0.17381290800926158,0.090058341424948826,-0.024543749168515205,0.01953125,32,0,1,disconnected,-1,-1,0,disconnected,-1,-1,0,10.101304999999616,0.10130499999961629
210,2.5913320789999998,PLUS_5_PROFILE,1,2.6460129239208738,0.33143802095898151,2.6313583850860596,0.0019173622131347656,0.00030290082721078434,0.00030290082721078434,0.34617634523997909,0.13111632040299243,0.049087498337030411,0.01953125,32,0,1,disconnected,-1,-1,0,disconnected,-1,-1,0,9.9990640000000575,0.00093599999994253835
211,2.6013331499999999,PLUS_5_PROFILE,1,2.649493023140943,0.36458182305487968,2.631742000579834,0.0023009777069091797,0.00036350359157066397,0.00036350359157066397,0.41513718548102518,0.1815970551142041,-0.12271875143051147,0.01953125,32,0,1,disconnected,-1,-1,0,disconnected,-1,-1,0,10.001071000000028,0.0010710000000280218
212,2.6112145660000001,PLUS_5_PROFILE,1,2.6533045603819714,0.39772562515077781,2.6325089931488037,0.0030679702758789062,0.00048467145542755195,0.00048467145542755195,0.50340100462147452,0.2463074175354738,-0.22089375555515289,0.01953125,32,0,1,disconnected,-1,-1,0,disconnected,-1,-1,0,9.8814160000002538,0.11858399999974623
213,2.6212220679999998,PLUS_5_PROFILE,1,2.6574475356439589,0.43086942724667598,2.6330842971801758,0.0036432743072509766,0.0005755567695359357,0.0005755567695359357,0.5223816822109808,0.31099825686237176,-0.53996247053146362,0.02734375,32,0,1,disconnected,-1,-1,0,disconnected,-1,-1,0,10.007501999999668,0.007501999999668385
214,2.6312370629999999,PLUS_5_PROFILE,1,2.661921948926905,0.46401322934257422,2.6340429782867432,0.0046019554138183594,0.00072700718314132795,0.00072700718314132795,0.60936062339490726,0.38669174718578025,0.049087498337030411,0.03515625,32,0,1,disconnected,-1,-1,0,disconnected,-1,-1,0,10.014995000000138,0.014995000000137537
215,2.6413779060000002,PLUS_5_PROFILE,1,2.6667278002308104,0.49715703143847223,2.6350016593933105,0.0055606365203857422,0.00087845759674672009,0.00087845759674672009,0.72834243871729953,0.46533433301743699,0.14726249873638153,0.03515625,32,0,1,disconnected,-1,-1,0,disconnected,-1,-1,0,10.140843000000288,0.14084300000028804
216,2.6513345940000002,PLUS_5_PROFILE,1,2.6718650895556744,0.53030083353437041,2.6363439559936523,0.0069029331207275391,0.0010905107747119919,0.0010905107747119919,0.86434433789396581,0.57392764063964341,0.29452499747276306,0.02734375,32,0,1,disconnected,-1,-1,0,disconnected,-1,-1,0,9.9566879999999358,0.043312000000064188
217,2.6612144139999998,PLUS_5_PROFILE,1,2.6773338169014975,0.56344463563026859,2.6378779411315918,0.0084369182586669922,0.0013328465024257678,0.0013328465024257678,1.0746391612527542,0.68454753487582143,0.049087498337030411,0.03515625,32,0,1,disconnected,-1,-1,0,disconnected,-1,-1,0,9.8798199999996505,0.12018000000034945
218,2.671307895,PLUS_5_PROFILE,1,2.6831339822682798,0.59658843772616676,2.6399869918823242,0.010545969009399414,0.0016660298793850564,0.0016660298793850564,1.3364595445348,0.82519006037068321,0.14726249873638153,0.04296875,32,0,1,disconnected,-1,-1,0,disconnected,-1,-1,0,10.093481000000182,0.09348100000018178
219,2.6812978639999998,PLUS_5_PROFILE,1,2.6892655856560208,0.62973223982206483,2.6438219547271729,0.014380931854248047,0.0022718691986694964,0.0022718691986694964,1.9309775704093697,1.0511685357571736,0.44178751111030579,0.03515625,32,0,1,disconnected,-1,-1,0,disconnected,-1,-1,0,9.9899689999998209,0.010031000000179091
220,2.691332171,PLUS_5_PROFILE,1,2.6957286270647209,0.66287604191796301,2.6493828296661377,0.019941806793212891,0.0031503644602790875,0.0031503644602790875,2.8971882529270339,1.4215731934003819,0.51541876792907715,0.0234375,32,0,1,disconnected,-1,-1,0,disconnected,-1,-1,0,10.034307000000187,0.034307000000186605
221,2.7013321060000002,PLUS_5_PROFILE,1,2.7025231064943802,0.69601984401386119,2.654559850692749,0.025118827819824219,0.0039682192926659282,0.0039682192926659282,3.8595500847657265,1.8797678917941403,0.36815625429153442,0.0390625,32,0,1,disconnected,-1,-1,0,disconnected,-1,-1,0,9.9999350000001819,6.4999999818127208e-05
222,2.7112407799999998,PLUS_5_PROFILE,1,2.7096490239449982,0.72916364610975937,2.658203125,0.028762102127075195,0.0045437760622018637,0.0045437760622018637,4.2743462974571322,2.31592542284206,0.073631249368190765,0.04296875,32,0,1,disconnected,-1,-1,0,disconnected,-1,-1,0,9.9086739999996176,0.091326000000382379
223,2.721325158,PLUS_5_PROFILE,1,2.7171063794165753,0.76230744820565743,2.661846399307251,0.032405376434326172,0.0051193328317377992,0.0051193328317377992,4.0629448449125638,2.7234651650045074,0.44178751111030579,0.05078125,32,0,1,disconnected,-1,-1,0,disconnected,-1,-1,0,10.084378000000171,0.084378000000171482
224,2.7313329880000001,PLUS_5_PROFILE,1,2.7248951729091115,0.79545125030155561,2.665489673614502,0.036048650741577148,0.0056948896012737355,0.0056948896012737355,3.575260888156746,3.0681990446743983,0.41724374890327454,0.0546875,32,0,1,disconnected,-1,-1,0,disconnected,-1,-1,0,10.007830000000162,0.0078300000001618741
225,2.7413295450000001,PLUS_5_PROFILE,1,2.7330154044226065,0.82859505239745379,2.6710503101348877,0.041609287261962891,0.0065733471980204553,0.0065733471980204553,3.6416045248845585,3.4226812229199739,0.4908750057220459,0.0390625,32,0,1,disconnected,-1,-1,0,disconnected,-1,-1,0,9.996557000000017,0.0034429999999829874
226,2.7513314270000002,PLUS_5_PROFILE,1,2.7414670739570606,0.86173885449335197,2.6783366203308105,0.048895597457885742,0.0077244230722294553,0.0077244230722294553,4.4686254409904205,3.8167096309220248,0.63813751935958862,0.04296875,32,0,1,disconnected,-1,-1,0,disconnected,-1,-1,0,10.001882000000073,0.001882000000072992
227,2.761330558,PLUS_5_PROFILE,1,2.7502501815124738,0.89488265658925015,2.6838974952697754,0.054456472396850586,0.0086029183338390477,0.0086029183338390477,5.1541945272117315,4.1497877463915946,0.7117687463760376,0.05859375,32,0,1,disconnected,-1,-1,0,disconnected,-1,-1,0,9.9991309999998279,0.00086900000017209322
228,2.7713304860000001,PLUS_5_PROFILE,1,2.7593647270888457,0.92802645868514844,2.6884994506835938,0.059058427810668945,0.0093299255169803745,0.0093299255169803745,5.3285235070237587,4.3598040298620253,0.41724374890327454,0.0546875,32,0,1,disconnected,-1,-1,0,disconnected,-1,-1,0,9.9999280000000468,7.1999999953220595e-05
229,2.7813376320000001,PLUS_5_PROFILE,1,2.7688107106861763,0.96117026078104639,2.6946353912353516,0.065194368362426758,0.010299268427835479,0.010299268427835479,5.1886920572914965,4.5078865083971502,0.22089375555515289,0.05078125,32,0,1,disconnected,-1,-1,0,disconnected,-1,-1,0,10.007145999999967,0.00714599999996679
230,2.791325439,PLUS_5_PROFILE,1,2.7785881323044666,0.99431406287694446,2.7049896717071533,0.075548648834228516,0.011935015757472031,0.011935015757472031,5.7969984284801805,4.8221765364875502,0.63813751935958862,0.03515625,32,0,1,disconnected,-1,-1,0,disconnected,-1,-1,0,9.9878069999999042,0.012193000000095822
231,2.80134075,PLUS_5_PROFILE,1,2.7886969919437155,1.0274578649728427,2.7151522636413574,0.085711240768432617,0.013540480537360079,0.013540480537360079,7.149553135055565,5.3245877084164768,0.68722498416900635,0.03515625,32,0,1,disconnected,-1,-1,0,disconnected,-1,-1,0,10.015311000000082,0.015311000000082231
232,2.811323394,PLUS_5_PROFILE,1,2.7991372896039235,1.0606016670687408,2.731067419052124,0.10162639617919922,0.016054723128606223,0.016054723128606223,9.5637534011699525,6.196095686563897,1.7180625200271606,0,32,0,1,disconnected,-1,-1,0,disconnected,-1,-1,0,9.9826439999999295,0.017356000000070537
233,2.8213295939999998,PLUS_5_PROFILE,1,2.8099090252850902,1.0937454691646391,2.7465989589691162,0.11715793609619141,0.018508362955492488,0.018508362955492488,11.769340002740554,7.260918819499496,1.3744499683380127,0,32,0,1,disconnected,-1,-1,0,disconnected,-1,-1,0,10.006199999999854,0.0061999999998541
234,2.8313359400000002,PLUS_5_PROFILE,1,2.8209385460936698,1.1047934031966051,2.7638564109802246,0.1344153881072998,0.021234658724703901,0.021234658724703901,13.501506484295305,8.4854503878682479,1.3008188009262085,0.00390625,32,0,1,disconnected,-1,-1,0,disconnected,-1,-1,0,10.006346000000388,0.0063460000003878747
235,2.8413305910000002,PLUS_5_PROFILE,1,2.8319864801256358,1.1047934031966051,2.7809219360351562,0.15148091316223145,0.02393063427930394,0.02393063427930394,14.875328009588459,9.7523717787897173,1.5217125415802002,-0.0078125,32,0,1,disconnected,-1,-1,0,disconnected,-1,-1,0,9.9946509999999655,0.0053490000000344651
236,2.8512068039999998,PLUS_5_PROFILE,1,2.8430344141576018,1.1047934031966051,2.7954947948455811,0.16605377197265625,0.026232823692584811,0.026232823692584811,14.805080523759003,10.948982501848441,1.3744499683380127,0,32,0,1,disconnected,-1,-1,0,disconnected,-1,-1,0,9.876212999999634,0.12378700000036602
237,2.861214913,PLUS_5_PROFILE,1,2.8540823481895679,1.1047934031966051,2.8087253570556641,0.17928433418273926,0.028322959927900414,0.028322959927900414,14.16193514616997,12.025956430866254,0.58904999494552612,0.01953125,32,0,1,disconnected,-1,-1,0,disconnected,-1,-1,0,10.008109000000154,0.0081090000001537987
238,2.8712033450000001,PLUS_5_PROFILE,1,2.8651302822215339,1.1047934031966051,2.8177375793457031,0.18829655647277832,0.029746691744434565,0.029746691744434565,12.316246415675225,12.675526966700295,0.88357502222061157,0.0234375,32,0,1,disconnected,-1,-1,0,disconnected,-1,-1,0,9.9884320000001026,0.011567999999897438
239,2.8812082810000001,PLUS_5_PROFILE,1,2.8761782162534999,1.1047934031966051,2.8298177719116211,0.20037674903869629,0.031655095016396267,0.031655095016396267,10.890197440900504,12.945915659446612,1.0799249410629272,0.01171875,32,0,1,disconnected,-1,-1,0,disconnected,-1,-1,0,10.004936000000075,0.0049360000000753246
240,2.8913343139999998,PLUS_5_PROFILE,1,2.8872261502854659,1.1047934031966051,2.8403637409210205,0.2109227180480957,0.033321124895781325,0.033321124895781325,10.006708051938778,12.779365065486802,0.83448749780654907,0.0234375,32,0,1,disconnected,-1,-1,0,disconnected,-1,-1,0,10.126032999999701,0.12603299999970119
241,2.9013323180000001,PLUS_5_PROFILE,1,2.8982740843174319,1.1047934031966051,2.8534026145935059,0.22396159172058105,0.035380978581348421,0.035380978581348421,10.099169805344614,12.462492273609948,1.3253624439239502,0.01953125,32,0,1,disconnected,-1,-1,0,disconnected,-1,-1,0,9.9980040000002823,0.0019959999997176681
242,2.9113355200000002,PLUS_5_PROFILE,1,2.909322018349398,1.1047934031966051,2.862990140914917,0.23354911804199219,0.036895595711990956,0.036895595711990956,10.286734713490675,11.819934017997031,0.51541876792907715,0.0390625,32,0,1,disconnected,-1,-1,0,disconnected,-1,-1,0,10.003202000000044,0.003202000000044336
243,2.9212937189999999,PLUS_5_PROFILE,1,2.920369952381364,1.1047934031966051,2.8752620220184326,0.24582099914550781,0.038834281533701165,0.038834281533701165,10.256749037298309,11.255743149814855,1.6689749956130981,0.01171875,32,0,1,disconnected,-1,-1,0,disconnected,-1,-1,0,9.9581989999997234,0.041801000000276645
244,2.9313705429999999,PLUS_5_PROFILE,1,2.93141788641333,1.1047934031966051,2.888300895690918,0.25885987281799316,0.040894135219268261,0.040894135219268261,10.653395770499612,10.804311685057547,0.9326624870300293,0.0078125,32,0,1,disconnected,-1,-1,0,disconnected,-1,-1,0,10.076823999999984,0.076823999999984238
245,2.9411912820000001,PLUS_5_PROFILE,1,2.942465820445296,1.1047934031966051,2.9038324356079102,0.27439141273498535,0.043347775046154523,0.043347775046154523,11.446162224141295,10.686459288087121,1.3253624439239502,0,32,0,1,disconnected,-1,-1,0,disconnected,-1,-1,0,9.8207390000002448,0.1792609999997552
246,2.9513414899999999,PLUS_5_PROFILE,1,2.9535137544772621,1.1047934031966051,2.9168713092803955,0.2874302864074707,0.045407628731721619,0.045407628731721619,12.349933372700898,10.78733175817073,1.2026437520980835,0.01171875,32,0,1,disconnected,-1,-1,0,disconnected,-1,-1,0,10.150207999999772,0.15020799999977186
247,2.9613290289999998,PLUS_5_PROFILE,1,2.9645616885092285,1.1047934031966051,2.9302935600280762,0.30085253715515137,0.047528047516785722,0.047528047516785722,12.541469190685882,11.048829789422538,1.006293773651123,0.01171875,32,0,1,disconnected,-1,-1,0,disconnected,-1,-1,0,9.9875389999999342,0.012461000000065781
248,2.9713273500000001,PLUS_5_PROFILE,1,2.9756096225411941,1.1047934031966051,2.9410314559936523,0.31159043312072754,0.049224397610782157,0.049224397610782157,11.932939285005803,11.297151994117096,0.73631250858306885,0.01171875,32,0,1,disconnected,-1,-1,0,disconnected,-1,-1,0,9.9983210000003098,0.0016789999996902338
249,2.9813386319999999,PLUS_5_PROFILE,1,2.9866575565731606,1.1047934031966051,2.9542622566223145,0.32482123374938965,0.051314571510960624,0.051314571510960624,11.28491448108972,11.447595924790114,0.80994373559951782,0.00390625,32,0,1,disconnected,-1,-1,0,disconnected,-1,-1,0,10.011281999999788,0.011281999999788184
250,2.991294903,PLUS_5_PROFILE,1,2.9977054906051266,1.1047934031966051,2.962315559387207,0.33287453651428223,0.052586815249026517,0.052586815249026517,10.405478812538087,11.406042681350957,0.4908750057220459,0.03515625,32,0,1,disconnected,-1,-1,0,disconnected,-1,-1,0,9.956271000000072,0.043728999999927964
251,3.0013355640000001,PLUS_5_PROFILE,1,3.008587705626613,1.0716496011007068,2.9724781513214111,0.34303712844848633,0.054192280028914561,0.054192280028914561,9.5652683651583263,11.203553445427774,0.88357502222061157,0.01953125,32,0,1,disconnected,-1,-1,0,disconnected,-1,-1,0,10.040661000000117,0.040661000000117298
252,3.0112432560000002,PLUS_5_PROFILE,1,3.0191384826271408,1.038505799004809,2.9799563884735107,0.35051536560058594,0.055373676117734937,0.055373676117734937,8.711377037377444,10.87065188752609,0.78539997339248657,0.0390625,32,0,1,disconnected,-1,-1,0,disconnected,-1,-1,0,9.907692000000079,0.092307999999921009
253,3.0213296129999998,PLUS_5_PROFILE,1,3.029357821606709,1.0053619969089107,2.9851336479187012,0.35569262504577637,0.056191568614984651,0.056191568614984651,7.1896307566378246,10.176873332717905,0.46633124351501465,0.04296875,32,0,1,disconnected,-1,-1,0,disconnected,-1,-1,0,10.086356999999602,0.086356999999601669
254,3.0313311519999999,PLUS_5_PROFILE,1,3.0392457225653189,0.97221819481301253,2.9916529655456543,0.36221194267272949,0.057221476625336762,0.057221476625336762,6.4514199381751984,9.3543927070275448,0.78539997339248657,0.0390625,32,0,1,disconnected,-1,-1,0,disconnected,-1,-1,0,10.001539000000115,0.0015390000001147541
255,3.0413500899999999,PLUS_5_PROFILE,1,3.0488021855029697,0.93907439271711424,3.0000898838043213,0.37064886093139648,0.058554323127762528,0.058554323127762528,6.0496643317821368,8.5617989953447236,0.53996247053146362,0.03515625,32,0,1,disconnected,-1,-1,0,disconnected,-1,-1,0,10.018937999999977,0.018937999999977251
256,3.0513296649999999,PLUS_5_PROFILE,1,3.0580272104196613,0.90593059062121606,3.0073764324188232,0.37793540954589844,0.059705436666834401,0.059705436666834401,6.3045789322919461,7.9236185440477431,0.7117687463760376,0.04296875,32,0,1,disconnected,-1,-1,0,disconnected,-1,-1,0,9.9795750000000183,0.020424999999981708
257,3.0612162000000001,PLUS_5_PROFILE,1,3.0669207973153938,0.87278678852531788,3.0142793655395508,0.38483834266662598,0.060795947441546393,0.060795947441546393,6.7150208985597599,7.3603570087550789,0.6626812219619751,0.02734375,32,0,1,disconnected,-1,-1,0,disconnected,-1,-1,0,9.8865350000001406,0.11346499999985937
258,3.0713353470000002,PLUS_5_PROFILE,1,3.0754829461901672,0.83964298642942004,3.0248253345489502,0.39538431167602539,0.06246197732093145,0.06246197732093145,7.3002223845882188,7.0874126143420213,0.78539997339248657,0.01171875,32,0,1,disconnected,-1,-1,0,disconnected,-1,-1,0,10.119147000000162,0.11914700000016154
259,3.0813266850000001,PLUS_5_PROFILE,1,3.0837136570439823,0.80649918433352186,3.0317282676696777,0.40228724479675293,0.063552488095643442,0.063552488095643442,7.3113623490672008,6.8512736391653313,0.39269998669624329,0.04296875,32,0,1,disconnected,-1,-1,0,disconnected,-1,-1,0,9.9913379999998497,0.0086620000001502717
260,3.091322468,PLUS_5_PROFILE,1,3.0916129298768378,0.77335538223762368,3.0374808311462402,0.40803980827331543,0.064461265907001533,0.064461265907001533,7.0236094981074748,6.758478799649299,0.85903126001358032,0.0390625,32,0,1,disconnected,-1,-1,0,disconnected,-1,-1,0,9.9957829999999248,0.0042170000000751884
261,3.1012453610000001,PLUS_5_PROFILE,1,3.0991807646887346,0.7402115801417255,3.0447671413421631,0.41532611846923828,0.065612341781210531,0.065612341781210531,6.6637587456146266,6.6821436702345229,0.63813751935958862,0.02734375,32,0,1,disconnected,-1,-1,0,disconnected,-1,-1,0,9.9228930000001547,0.077106999999845272
262,3.1112236109999998,PLUS_5_PROFILE,1,3.1064171614796723,0.70706777804582743,3.0537793636322021,0.42433834075927734,0.067036073597744689,0.067036073597744689,6.4410563849760667,6.7987277456967998,0.7608562707901001,0.0234375,32,0,1,disconnected,-1,-1,0,disconnected,-1,-1,0,9.9782499999996332,0.021750000000366754
263,3.1213290200000001,PLUS_5_PROFILE,1,3.1133221202496513,0.67392397594992925,3.0606822967529297,0.43124127388000488,0.068126584372456681,0.068126584372456681,6.7231379327140637,6.8992695213097965,1.0308375358581543,0.03515625,32,0,1,disconnected,-1,-1,0,disconnected,-1,-1,0,10.105409000000343,0.1054090000003427
264,3.1313111679999999,PLUS_5_PROFILE,1,3.1198956409986711,0.64078017385403097,3.0700778961181641,0.44063687324523926,0.069610881288487844,0.069610881288487844,7.3368933358297062,6.9754319969416674,1.006293773651123,0.0078125,32,0,1,disconnected,-1,-1,0,disconnected,-1,-1,0,9.9821479999997464,0.017852000000253554
265,3.1412183580000002,PLUS_5_PROFILE,1,3.1261377237267318,0.60763637175813279,3.0802407264709473,0.45079970359802246,0.071216383733238756,0.071216383733238756,7.8926924779925258,7.0952662722384341,0.7117687463760376,0.0078125,32,0,1,disconnected,-1,-1,0,disconnected,-1,-1,0,9.9071900000002877,0.092809999999712289
266,3.1513422640000002,PLUS_5_PROFILE,1,3.1320483684338338,0.57449256966223472,3.0884857177734375,0.4590446949005127,0.072518910021053151,0.072518910021053151,8.0414376250186113,7.2366388520506311,0.95720624923706055,0.01171875,32,0,1,disconnected,-1,-1,0,disconnected,-1,-1,0,10.123906000000016,0.12390600000001584
267,3.1612229360000001,PLUS_5_PROFILE,1,3.1376275751199767,0.54134876756633654,3.0986485481262207,0.4692075252532959,0.074124412465804076,0.074124412465804076,8.5537634900194348,7.4328591608260695,1.1044687032699585,0.0078125,32,0,1,disconnected,-1,-1,0,disconnected,-1,-1,0,9.8806719999999792,0.11932800000002075
268,3.1713335030000001,PLUS_5_PROFILE,1,3.1428753437851604,0.50820496547043825,3.106318473815918,0.47687745094299316,0.075336091104372949,0.075336091104372949,8.2212925392732412,7.5348733884649093,0.73631250858306885,0.01171875,32,0,1,disconnected,-1,-1,0,disconnected,-1,-1,0,10.110566999999904,0.11056699999990371
269,3.1813373079999998,PLUS_5_PROFILE,1,3.1477916744293855,0.47506116337454007,3.1124544143676758,0.48301339149475098,0.07630543401522806,0.07630543401522806,7.4277030973120048,7.6481165966978795,0.44178751111030579,0.0078125,32,0,1,disconnected,-1,-1,0,disconnected,-1,-1,0,10.003804999999755,0.003804999999754699
270,3.1913284009999998,PLUS_5_PROFILE,1,3.1523765670526513,0.4419173612786419,3.1208910942077637,0.49145007133483887,0.077638242852790945,0.077638242852790945,7.1084709919320366,7.7288337704098291,0.53996247053146362,0,32,0,1,disconnected,-1,-1,0,disconnected,-1,-1,0,9.9910930000000064,0.008906999999993559
271,3.2012364199999999,PLUS_5_PROFILE,1,3.1566300216549581,0.40877355918274411,3.1281776428222656,0.49873661994934082,0.078789356391862825,0.078789356391862825,6.6628736555455248,7.6633791784134448,0.34361249208450317,0.00390625,32,0,1,disconnected,-1,-1,0,disconnected,-1,-1,0,9.9080190000000457,0.091980999999954349
272,3.211209652,PLUS_5_PROFILE,1,3.1605520382363061,0.37562975708684593,3.1337382793426514,0.50429725646972656,0.079667813988609545,0.079667813988609545,6.4093076678452796,7.443753304869233,0.44178751111030579,0.00390625,32,0,1,disconnected,-1,-1,0,disconnected,-1,-1,0,9.9732320000001096,0.026767999999890435
273,3.2212038220000001,PLUS_5_PROFILE,1,3.1641426167966951,0.34248595499094775,3.1394908428192139,0.51004981994628906,0.080576591799967637,0.080576591799967637,6.0804222137718495,7.1740377056442481,0.68722498416900635,0,32,0,1,disconnected,-1,-1,0,disconnected,-1,-1,0,9.9941700000001354,0.0058299999998645546
274,3.2312045010000001,PLUS_5_PROFILE,1,3.1674017573361248,0.30934215289504957,3.1452431678771973,0.51580214500427246,0.081485331946462861,0.081485331946462861,5.4472203851660002,6.7719497526944084,-0.098174996674060822,0,32,0,1,disconnected,-1,-1,0,disconnected,-1,-1,0,10.000679000000012,0.00067900000001230865
275,3.2412009780000002,PLUS_5_PROFILE,1,3.1703294598545959,0.27619835079915134,3.149653434753418,0.52021241188049316,0.082182056579855681,0.082182056579855681,4.9328139573502128,6.3191921227661325,0.12271875143051147,0.01171875,32,0,1,disconnected,-1,-1,0,disconnected,-1,-1,0,9.9964770000000591,0.003522999999940879
276,3.2512038150000002,PLUS_5_PROFILE,1,3.1729257243521083,0.24305454870325321,3.1519544124603271,0.52251338958740234,0.082545560171426349,0.082545560171426349,4.2180619259561523,5.8097298026221011,0,0.01953125,32,0,1,disconnected,-1,-1,0,disconnected,-1,-1,0,10.002837000000042,0.0028370000000421669
277,3.2612060280000001,PLUS_5_PROFILE,1,3.1751905508286611,0.20991074660735501,3.1532967090606689,0.52385568618774414,0.082757613349391621,0.082757613349391621,3.1065471079696962,5.1685144404694272,0.12271875143051147,0.0234375,32,0,1,disconnected,-1,-1,0,disconnected,-1,-1,0,10.002212999999927,0.0022129999999265237
278,3.2712303010000001,PLUS_5_PROFILE,1,3.1771239392842552,0.17676694451145686,3.1536800861358643,0.52423906326293945,0.082818178448888627,0.082818178448888627,1.8557393952066867,4.5129487183503612,-0.39269998669624329,0.0234375,32,0,1,disconnected,-1,-1,0,disconnected,-1,-1,0,10.024272999999972,0.024272999999972455
279,3.2812054119999998,PLUS_5_PROFILE,1,3.1787258897188901,0.14362314241555868,3.1542553901672363,0.52481436729431152,0.082909063762997018,0.082909063762997018,0.98896823105445775,3.8054658536715311,-0.17180624604225159,0.01953125,32,0,1,disconnected,-1,-1,0,disconnected,-1,-1,0,9.9751109999997034,0.024889000000296591
280,3.2912052059999999,PLUS_5_PROFILE,1,3.1799964021325664,0.11047934031966047,3.1542553901672363,0.52481436729431152,0.082909063762997018,0.082909063762997018,0.50335992452315037,3.006823467155149,-0.34361249208450317,0.0234375,32,0,1,disconnected,-1,-1,0,disconnected,-1,-1,0,9.9997940000000618,0.00020599999993820006
281,3.301205049,PLUS_5_PROFILE,1,3.1809354765252835,0.07733553822376231,3.1548306941986084,0.52538967132568359,0.082999949077105395,0.082999949077105395,0.32985448029779485,2.3052712137912188,0.024543749168515205,0.0234375,32,0,1,disconnected,-1,-1,0,disconnected,-1,-1,0,9.9998430000001193,0.00015699999988072477
282,3.3112049400000001,PLUS_5_PROFILE,1,3.1815431128970415,0.044191736127864117,3.1548306941986084,0.52538967132568359,0.082999949077105395,0.082999949077105395,0.26047445012952014,1.6850991805785294,-0.24543750286102295,0.0234375,32,0,1,disconnected,-1,-1,0,disconnected,-1,-1,0,9.999891000000094,0.00010899999990598985
283,3.3212039760000001,PLUS_5_PROFILE,1,3.1818193112478408,0.011047934031965937,3.1552140712738037,0.52577304840087891,0.083060514176602401,0.083060514176602401,0.22562964879859929,1.1360600231975151,0.12271875143051147,0.0234375,32,0,1,disconnected,-1,-1,0,disconnected,-1,-1,0,9.9990359999999612,0.00096400000003882269
284,3.3312076429999999,PLUS_5_PROFILE,1,3.1818377244712273,0,3.1548306941986084,0.52538967132568359,0.082999949077105395,0.082999949077105395,0.13883359321470171,0.67849648563846476,-0.4908750057220459,0.01953125,32,0,1,disconnected,-1,-1,0,disconnected,-1,-1,0,10.003666999999883,0.0036669999998828473
285,3.3412182929999998,PLUS_5_HOLD,1,3.1818377244712273,0,3.1548306941986084,0.52538967132568359,0.082999949077105395,0.082999949077105395,-1.3886963435062913e-05,0.37867552373760155,0.19634999334812164,0.01953125,32,0,1,disconnected,-1,-1,0,disconnected,-1,-1,0,10.010649999999899,0.010649999999898796
286,3.3512078939999999,PLUS_5_HOLD,1,3.1818377244712273,0,3.1548306941986084,0.52538967132568359,0.082999949077105395,0.082999949077105395,-0.034703073534198971,0.21774223836356357,-0.56450623273849487,0.01171875,32,0,1,disconnected,-1,-1,0,disconnected,-1,-1,0,9.9896010000000146,0.010398999999985392
287,3.361205977,PLUS_5_HOLD,1,3.1818377244712273,0,3.1552140712738037,0.52577304840087891,0.083060514176602401,0.083060514176602401,-2.6232601316761292e-05,0.14357940432061791,0.049087498337030411,0.0234375,32,0,1,disconnected,-1,-1,0,disconnected,-1,-1,0,9.9980830000001575,0.0019169999998425169
288,3.37120467,PLUS_5_HOLD,1,3.1818377244712273,0,3.1550223827362061,0.52558135986328125,0.083030231626853898,0.083030231626853898,0.069410376502601359,0.10097884023563662,-0.17180624604225159,0.0234375,32,0,1,disconnected,-1,-1,0,disconnected,-1,-1,0,9.9986930000000029,0.0013069999999970605
289,3.3812039810000001,PLUS_5_HOLD,1,3.1818377244712273,0,3.1548306941986084,0.52538967132568359,0.082999949077105395,0.082999949077105395,0.017348024288033323,0.055222706710821828,-0.58904999494552612,0.01171875,32,0,1,disconnected,-1,-1,0,disconnected,-1,-1,0,9.9993110000000662,0.00068899999993377037
290,3.3912079940000002,PLUS_5_HOLD,1,3.1818377244712273,0,3.1552140712738037,0.52577304840087891,0.083060514176602401,0.083060514176602401,0.034706128740866683,0.044173575187747983,-0.39269998669624329,0.01171875,32,0,1,disconnected,-1,-1,0,disconnected,-1,-1,0,10.004013000000089,0.0040130000000893062
291,3.4012049430000002,PLUS_5_HOLD,1,3.1818377244712273,0,3.1550223827362061,0.52558135986328125,0.083030231626853898,0.083030231626853898,-0.017342419250237565,0.01734936267503364,-0.24543750286102295,0.0234375,32,0,1,disconnected,-1,-1,0,disconnected,-1,-1,0,9.9969490000000327,0.0030509999999672743
292,3.411221244,PLUS_5_HOLD,1,3.1818377244712273,0,3.1552140712738037,0.52577304840087891,0.083060514176602401,0.083060514176602401,0.052045311773941984,0.020503997088153883,0.049087498337030411,0.01953125,32,0,1,disconnected,-1,-1,0,disconnected,-1,-1,0,10.016300999999839,0.016300999999838695
293,3.42120333,PLUS_5_HOLD,1,3.1818377244712273,0,3.1548306941986084,0.52538967132568359,0.082999949077105395,0.082999949077105395,3.8035613465303666e-05,0.0047328898228205483,-0.4908750057220459,0.0234375,32,0,1,disconnected,-1,-1,0,disconnected,-1,-1,0,9.9820859999999456,0.017914000000054386
294,3.4312058840000002,PLUS_5_HOLD,1,3.1818377244712273,0,3.1550223827362061,0.52558135986328125,0.083030231626853898,0.083030231626853898,-0.052028034146924675,0.01577577680821881,-0.22089375555515289,0.0234375,32,0,1,disconnected,-1,-1,0,disconnected,-1,-1,0,10.002554000000163,0.00255400000016337
295,3.441201784,PLUS_5_HOLD,1,3.1818377244712273,0,3.1552140712738037,0.52577304840087891,0.083060514176602401,0.083060514176602401,0.017379427246455401,0.017353206955564037,0.049087498337030411,0.0234375,32,0,1,disconnected,-1,-1,0,disconnected,-1,-1,0,9.9958999999998355,0.0041000000001645276
296,3.4512088479999998,PLUS_5_HOLD,1,3.1818377244712273,0,3.1552140712738037,0.52577304840087891,0.083060514176602401,0.083060514176602401,0.034740549039797348,0.015775828200017203,0.049087498337030411,0.0078125,32,0,1,disconnected,-1,-1,0,disconnected,-1,-1,0,10.007063999999843,0.0070639999998434178
297,3.4612057620000001,PLUS_5_HOLD,1,3.1818377244712273,0,3.1552140712738037,0.52577304840087891,0.083060514176602401,0.083060514176602401,0.08674442569537559,0.011043959601776534,0,0.0234375,32,0,1,disconnected,-1,-1,0,disconnected,-1,-1,0,9.9969140000002454,0.0030859999997545629
298,3.4712078040000001,PLUS_5_HOLD,1,3.1818377244712273,0,3.1552140712738037,0.52577304840087891,0.083060514176602401,0.083060514176602401,0.034696049504196212,0.02208536504646922,0,0.01953125,32,0,1,disconnected,-1,-1,0,disconnected,-1,-1,0,10.002041999999989,0.002041999999988775
299,3.4812281380000001,PLUS_5_HOLD,1,3.1818377244712273,0,3.1552140712738037,0.52577304840087891,0.083060514176602401,0.083060514176602401,0,0.023660367622495099,0.073631249368190765,0.0234375,32,0,1,disconnected,-1,-1,0,disconnected,-1,-1,0,10.02033400000002,0.020334000000019614
300,3.491206917,PLUS_5_HOLD,1,3.1818377244712273,0,3.1550223827362061,0.52558135986328125,0.083030231626853898,0.083030231626853898,-0.034680451170851237,0.0063121971730341619,-0.34361249208450317,0.01953125,32,0,1,disconnected,-1,-1,0,disconnected,-1,-1,0,9.9787789999998822,0.02122100000011784
301,3.5012064139999999,PLUS_5_HOLD,1,3.1818377244712273,0,3.1550223827362061,0.52558135986328125,0.083030231626853898,0.083030231626853898,-0.052036350070720862,0.0063127809398320373,-0.34361249208450317,0.01953125,32,0,1,disconnected,-1,-1,0,disconnected,-1,-1,0,9.9994969999999128,0.00050300000008718371
302,3.5112034740000002,PLUS_5_HOLD,1,3.1818377244712273,0,3.1548306941986084,0.52538967132568359,0.082999949077105395,0.082999949077105395,-0.086767777111839861,-0.0094595296424989667,-0.7117687463760376,0.01171875,32,0,1,disconnected,-1,-1,0,disconnected,-1,-1,0,9.9970600000003351,0.0029399999996648774
303,3.5212047260000001,PLUS_5_HOLD,1,3.1818377244712273,0,3.1552140712738037,0.52577304840087891,0.083060514176602401,0.083060514176602401,-0.017334284755240362,0.0015804058453915181,-0.049087498337030411,0.01953125,32,0,1,disconnected,-1,-1,0,disconnected,-1,-1,0,10.001251999999905,0.0012519999999049958
304,3.5312036579999999,PLUS_5_HOLD,1,3.1818377244712273,0,3.1552140712738037,0.52577304840087891,0.083060514176602401,0.083060514176602401,0.052060190668125679,-0.006307636544718883,0.049087498337030411,0.01953125,32,0,1,disconnected,-1,-1,0,disconnected,-1,-1,0,9.9989319999997939,0.0010680000002061263
305,3.541187179,PLUS_5_HOLD,1,3.1818377244712273,0,3.1548306941986084,0.52538967132568359,0.082999949077105395,0.082999949077105395,3.0787956864060732e-05,-0.023659000645342414,-0.68722498416900635,0.01953125,32,0,1,disconnected,-1,-1,0,disconnected,-1,-1,0,9.9835210000001062,0.016478999999893773
306,3.5512301489999998,PLUS_5_HOLD,1,3.1818377244712273,0,3.1552140712738037,0.52577304840087891,0.083060514176602401,0.083060514176602401,0.034749277141048543,-0.014187896819667933,0,0.01953125,32,0,1,disconnected,-1,-1,0,disconnected,-1,-1,0,10.042969999999762,0.042969999999762365
307,3.5613472970000002,PLUS_5_HOLD,1,3.1818377244712273,0,3.1552140712738037,0.52577304840087891,0.083060514176602401,0.083060514176602401,0.00016354097834652581,-0.004705517427184047,0.049087498337030411,0.01953125,32,0,1,disconnected,-1,-1,0,disconnected,-1,-1,0,10.117148000000409,0.11714800000040881
308,3.571203669,PLUS_5_HOLD,1,3.1818377244712273,0,3.1550223827362061,0.52558135986328125,0.083030231626853898,0.083030231626853898,0.00021643612692995556,-0.0031285851350133747,-0.34361249208450317,0.01953125,32,0,1,disconnected,-1,-1,0,disconnected,-1,-1,0,9.8563719999997801,0.14362800000021991
309,3.5812022950000002,PLUS_5_HOLD,1,3.1818377244712273,0,3.1550223827362061,0.52558135986328125,0.083030231626853898,0.083030231626853898,0.017619930343136896,2.5576944571473213e-05,-0.36815625429153442,0.01953125,32,0,1,disconnected,-1,-1,0,disconnected,-1,-1,0,9.9986260000002325,0.0013739999997675056
310,3.5911869439999999,PLUS_5_HOLD,1,3.1818377244712273,0,3.1554057598114014,0.52596473693847656,0.083090796726350905,0.083090796726350905,0.017457236685058029,0.020514124992816206,0.34361249208450317,-0.00390625,32,0,1,disconnected,-1,-1,0,disconnected,-1,-1,0,9.9846489999997345,0.015351000000265458
311,3.6012019990000002,PLUS_5_HOLD,1,3.1818377244712273,0,3.1552140712738037,0.52577304840087891,0.083060514176602401,0.083060514176602401,0.034931672915082507,0.022094207776526979,0.024543749168515205,0.01953125,32,0,1,disconnected,-1,-1,0,disconnected,-1,-1,0,10.015055000000217,0.015055000000216978
312,3.611297564,PLUS_5_HOLD,1,3.1818377244712273,0,3.1552140712738037,0.52577304840087891,0.083060514176602401,0.083060514176602401,0.051856087464546688,0.022085200535951175,-0.14726249873638153,0.01171875,32,0,1,disconnected,-1,-1,0,disconnected,-1,-1,0,10.095564999999862,0.09556499999986201
313,3.6212074539999999,PLUS_5_HOLD,1,3.1818377244712273,0,3.1554057598114014,0.52596473693847656,0.083090796726350905,0.083090796726350905,0.051878872550930023,0.018930991958587162,0.29452499747276306,0.01953125,32,0,1,disconnected,-1,-1,0,disconnected,-1,-1,0,9.9098899999998658,0.090110000000134249
314,3.6312071260000001,PLUS_5_HOLD,1,3.1818377244712273,0,3.1552140712738037,0.52577304840087891,0.083060514176602401,0.083060514176602401,-0.017414406374009248,0.02209294240707313,0,0.01953125,32,0,1,disconnected,-1,-1,0,disconnected,-1,-1,0,9.9996720000001815,0.0003279999998184735
315,3.6412019579999999,PLUS_5_HOLD,1,3.1818377244712273,0,3.1552140712738037,0.52577304840087891,0.083060514176602401,0.083060514176602401,-2.7404762606650989e-05,0.025258770148854845,0.024543749168515205,0.0078125,32,0,1,disconnected,-1,-1,0,disconnected,-1,-1,0,9.9948319999998425,0.0051680000001574911
316,3.6512115330000001,PLUS_5_HOLD,1,3.1818377244712273,0,3.1550223827362061,0.52558135986328125,0.083030231626853898,0.083030231626853898,-0.052244128305160363,0.0015795151017951839,-0.36815625429153442,0.0234375,32,0,1,disconnected,-1,-1,0,disconnected,-1,-1,0,10.009575000000215,0.0095750000002148283
317,3.661187199,PLUS_5_HOLD,1,3.1818377244712273,0,3.1552140712738037,0.52577304840087891,0.083060514176602401,0.083060514176602401,-0.052096544177836657,0.003158824344725383,-0.073631249368190765,0.01953125,32,0,1,disconnected,-1,-1,0,disconnected,-1,-1,0,9.9756659999998831,0.024334000000116873
318,3.6712058089999999,PLUS_5_HOLD,1,3.1818377244712273,0,3.1552140712738037,0.52577304840087891,0.083060514176602401,0.083060514176602401,-1.528774135316571e-05,0.0047305403955245108,0,0.01171875,32,0,1,disconnected,-1,-1,0,disconnected,-1,-1,0,10.018609999999928,0.018609999999927851
319,3.6812076829999998,PLUS_5_HOLD,1,3.1818377244712273,0,3.1552140712738037,0.52577304840087891,0.083060514176602401,0.083060514176602401,0.017333542631609699,-0.0031584074678001691,-0.024543749168515205,0.0234375,32,0,1,disconnected,-1,-1,0,disconnected,-1,-1,0,10.001873999999855,0.0018739999998551582
320,3.6912038620000001,PLUS_5_HOLD,1,3.1818377244712273,0,3.1552140712738037,0.52577304840087891,0.083060514176602401,0.083060514176602401,0.034683238377772159,-0.012627720340835629,-0.073631249368190765,0.01953125,32,0,1,disconnected,-1,-1,0,disconnected,-1,-1,0,9.9961790000002715,0.0038209999997285138
321,3.7012046160000001,PLUS_5_HOLD,1,3.1818377244712273,0,3.1552140712738037,0.52577304840087891,0.083060514176602401,0.083060514176602401,0,-0.0047358864071846045,0,0.01953125,32,0,1,disconnected,-1,-1,0,disconnected,-1,-1,0,10.000754000000001,0.00075400000000058753
322,3.7112037070000001,PLUS_5_HOLD,1,3.1818377244712273,0,3.1552140712738037,0.52577304840087891,0.083060514176602401,0.083060514176602401,0,-0.0047368023216795355,-0.098174996674060822,0.01953125,32,0,1,disconnected,-1,-1,0,disconnected,-1,-1,0,9.999091000000071,0.00090899999992899438
323,3.7212031670000001,PLUS_5_HOLD,1,3.1818377244712273,0,3.1552140712738037,0.52577304840087891,0.083060514176602401,0.083060514176602401,0,-0.0047328205708333801,-0.12271875143051147,0.0078125,32,0,1,disconnected,-1,-1,0,disconnected,-1,-1,0,9.99945999999996,0.00054000000003995297
324,3.7312035859999999,PLUS_5_HOLD,1,3.1818377244712273,0,3.1550223827362061,0.52558135986328125,0.083030231626853898,0.083030231626853898,-0.034702284827556461,-0.0031559089948253092,-0.36815625429153442,0.01953125,32,0,1,disconnected,-1,-1,0,disconnected,-1,-1,0,10.000418999999816,0.00041899999981609426
325,3.7412059960000001,FIRST_CENTER_PROFILE,1,3.1818377244712273,-0,3.1552140712738037,0.52577304840087891,0.083060514176602401,0.083060514176602401,-0.017348616873484081,-1.2629009053372621e-06,0,0.01171875,32,0,1,disconnected,-1,-1,0,disconnected,-1,-1,0,10.002410000000239,0.0024100000002391653
326,3.7511872890000002,FIRST_CENTER_PROFILE,1,3.1816720054607481,-0.033143802095898151,3.1552140712738037,0.52577304840087891,0.083060514176602401,0.083060514176602401,-4.925326472254012e-06,0.0031533297102242994,0.024543749168515205,0.0234375,32,0,1,disconnected,-1,-1,0,disconnected,-1,-1,0,9.9812930000000577,0.018706999999942298
327,3.761203423,FIRST_CENTER_PROFILE,1,3.1811748484293094,-0.066287604191796301,3.1554057598114014,0.52596473693847656,0.083090796726350905,0.083090796726350905,0.052068011899037349,0.0047319623306359502,0.34361249208450317,0.0234375,32,0,1,disconnected,-1,-1,0,disconnected,-1,-1,0,10.016133999999788,0.016133999999787818
328,3.7712844570000001,FIRST_CENTER_PROFILE,1,3.180346253376912,-0.099431406287694452,3.1552140712738037,0.52577304840087891,0.083060514176602401,0.083060514176602401,0.051886105708380932,0.0047291297279888501,0,0.0078125,32,0,1,disconnected,-1,-1,0,disconnected,-1,-1,0,10.081034000000155,0.08103400000015526
329,3.7813327889999999,FIRST_CENTER_PROFILE,1,3.1791862203035555,-0.1325752083835926,3.1554057598114014,0.52596473693847656,0.083090796726350905,0.083090796726350905,0.034546201881002166,0.012615110448260565,0.31906875967979431,0.01953125,32,0,1,disconnected,-1,-1,0,disconnected,-1,-1,0,10.048331999999771,0.048331999999771114
330,3.79133795,FIRST_CENTER_PROFILE,1,3.1776947492092402,-0.16571901047949075,3.1550223827362061,0.52558135986328125,0.083030231626853898,0.083030231626853898,-0.034526203494948532,0.0031457476671188441,-0.17180624604225159,0.01953125,32,0,1,disconnected,-1,-1,0,disconnected,-1,-1,0,10.00516100000004,0.0051610000000401612
331,3.8013470659999999,FIRST_CENTER_PROFILE,1,3.1758718400939658,-0.1988628125753889,3.1552140712738037,0.52577304840087891,0.083060514176602401,0.083060514176602401,-0.05187605647259054,0.0031435347827651608,0,0.0078125,32,0,1,disconnected,-1,-1,0,disconnected,-1,-1,0,10.009115999999985,0.0091159999999845809
332,3.8113284219999999,FIRST_CENTER_PROFILE,1,3.1737174929577323,-0.23200661467128711,3.1550223827362061,0.52558135986328125,0.083030231626853898,0.083030231626853898,-0.051958455225271913,-0.004727132656081867,-0.073631249368190765,0.0078125,32,0,1,disconnected,-1,-1,0,disconnected,-1,-1,0,9.9813559999999413,0.018644000000058725
333,3.8213315899999998,FIRST_CENTER_PROFILE,1,3.1712317078005401,-0.2651504167671852,3.1548306941986084,0.52538967132568359,0.082999949077105395,0.082999949077105395,-0.10411132380894313,-0.018889013023362055,-0.24543750286102295,0.00390625,32,0,1,disconnected,-1,-1,0,disconnected,-1,-1,0,10.003167999999896,0.0031679999998956987
334,3.8313039799999999,FIRST_CENTER_PROFILE,1,3.1684144846223887,-0.29829421886308338,3.1548306941986084,0.52538967132568359,0.082999949077105395,0.082999949077105395,-0.06944662505589487,-0.029906261807329027,0.4908750057220459,0.00390625,32,0,1,disconnected,-1,-1,0,disconnected,-1,-1,0,9.9723900000001642,0.027609999999835821
335,3.8413303870000002,FIRST_CENTER_PROFILE,1,3.1652658234232782,-0.33143802095898151,3.1540637016296387,0.52462267875671387,0.082878781213248515,0.082878781213248515,-0.22581125608407085,-0.078726314499227276,0.049087498337030411,-0.0078125,32,0,1,disconnected,-1,-1,0,disconnected,-1,-1,0,10.026407000000237,0.026407000000236991
336,3.851321617,FIRST_CENTER_PROFILE,1,3.161785724203209,-0.36458182305487968,3.1534883975982666,0.5240473747253418,0.082787895899140124,0.082787895899140124,-0.34724466970613349,-0.13389037334825038,-0.098174996674060822,0,32,0,1,disconnected,-1,-1,0,disconnected,-1,-1,0,9.9912299999997956,0.0087700000002044476
337,3.8613302960000002,FIRST_CENTER_PROFILE,1,3.1579741869621807,-0.39772562515077781,3.1531047821044922,0.52366375923156738,0.08272729313478025,0.08272729313478025,-0.43393590733568516,-0.19074585261174468,-0.14726249873638153,0,32,0,1,disconnected,-1,-1,0,disconnected,-1,-1,0,10.008679000000242,0.008679000000242354
338,3.8713670809999998,FIRST_CENTER_PROFILE,1,3.1538312117001936,-0.43086942724667598,3.1523377895355225,0.52289676666259766,0.082606125270923356,0.082606125270923356,-0.53743212202233059,-0.25239414797941018,0.12271875143051147,-0.0078125,32,0,1,disconnected,-1,-1,0,disconnected,-1,-1,0,10.036784999999604,0.03678499999960394
339,3.8813731809999998,FIRST_CENTER_PROFILE,1,3.149356798417247,-0.46401322934257422,3.1515707969665527,0.52212977409362793,0.082484957407066475,0.082484957407066475,-0.55473733796625857,-0.32974744488805202,0.073631249368190765,-0.0078125,32,0,1,disconnected,-1,-1,0,disconnected,-1,-1,0,10.006100000000018,0.0061000000000177579
340,3.8913691359999998,FIRST_CENTER_PROFILE,1,3.1445509471133422,-0.49715703143847223,3.1509957313537598,0.52155470848083496,0.082394109757820952,0.082394109757820952,-0.58928876196047086,-0.39122221188226458,0.12271875143051147,-0.01953125,32,0,1,disconnected,-1,-1,0,disconnected,-1,-1,0,9.9959549999999453,0.0040450000000546993
341,3.9013661260000001,FIRST_CENTER_PROFILE,1,3.1394136577884777,-0.53030083353437041,3.1500368118286133,0.52059578895568848,0.082242621679352701,0.082242621679352701,-0.67636843283832471,-0.47475434323900384,-0.19634999334812164,-0.02734375,32,0,1,disconnected,-1,-1,0,disconnected,-1,-1,0,9.9969900000003165,0.0030099999996835436
342,3.9113204779999999,FIRST_CENTER_PROFILE,1,3.1339449304426545,-0.56344463563026859,3.1490781307220459,0.51963710784912109,0.082091171265747304,0.082091171265747304,-0.72962313418212532,-0.54729734026211141,-0.24543750286102295,-0.02734375,32,0,1,disconnected,-1,-1,0,disconnected,-1,-1,0,9.9543519999998331,0.045648000000166888
343,3.9213692839999998,FIRST_CENTER_PROFILE,1,3.1281447650758722,-0.59658843772616676,3.1486947536468506,0.51925373077392578,0.082030606166250297,0.082030606166250297,-0.69450881014902344,-0.59456267047132538,-0.073631249368190765,-0.02734375,32,0,1,disconnected,-1,-1,0,disconnected,-1,-1,0,10.04880599999991,0.048805999999910199
344,3.9313203250000002,FIRST_CENTER_PROFILE,1,3.1220131616881313,-0.62973223982206483,3.1473524570465088,0.51791143417358398,0.081818552988285026,0.081818552988285026,-0.78161481911870223,-0.65457530119960361,-0.46633124351501465,-0.02734375,32,0,1,disconnected,-1,-1,0,disconnected,-1,-1,0,9.9510410000003269,0.048958999999673125
345,3.941228186,FIRST_CENTER_PROFILE,1,3.1155501202794311,-0.66287604191796301,3.1454348564147949,0.51599383354187012,0.081515614496211364,0.081515614496211364,-0.99145818336270031,-0.73229777631230752,-0.39269998669624329,-0.02734375,32,0,1,disconnected,-1,-1,0,disconnected,-1,-1,0,9.9078609999998513,0.092139000000148741
346,3.9513729280000001,FIRST_CENTER_PROFILE,1,3.1087556408497719,-0.69601984401386119,3.1433258056640625,0.5138847827911377,0.08118243111925208,0.08118243111925208,-1.3370285877135084,-0.85698347520308171,-0.51541876792907715,-0.03515625,32,0,1,disconnected,-1,-1,0,disconnected,-1,-1,0,10.14474200000004,0.14474200000003989
347,3.9612374049999999,FIRST_CENTER_PROFILE,1,3.1016297233991539,-0.72916364610975937,3.1404495239257812,0.51100850105285645,0.080728042213573034,0.080728042213573034,-1.86099517849845,-1.040551669054423,-0.63813751935958862,-0.0390625,32,0,1,disconnected,-1,-1,0,disconnected,-1,-1,0,9.8644769999998161,0.13552300000018391
348,3.9713659809999999,FIRST_CENTER_PROFILE,1,3.0941723679275768,-0.76230744820565743,3.1371898651123047,0.50774884223937988,0.080213088208396968,0.080213088208396968,-2.2888629640270537,-1.2696370016417038,-0.61359375715255737,-0.02734375,32,0,1,disconnected,-1,-1,0,disconnected,-1,-1,0,10.128576000000056,0.12857600000005576
349,3.9813745589999998,FIRST_CENTER_PROFILE,1,3.0863835744350405,-0.79545125030155561,3.1318209171295166,0.5023798942565918,0.079364913161398765,0.079364913161398765,-3.0111691119838371,-1.6262280307544601,-0.51541876792907715,-0.03515625,32,0,1,disconnected,-1,-1,0,disconnected,-1,-1,0,10.008577999999879,0.0085779999998791823
350,3.9913682709999998,FIRST_CENTER_PROFILE,1,3.0782633429215456,-0.82859505239745379,3.1260683536529541,0.4966273307800293,0.078456135350040659,0.078456135350040659,-3.9005695992215856,-2.0881511229043821,-0.6626812219619751,-0.03515625,32,0,1,disconnected,-1,-1,0,disconnected,-1,-1,0,9.9937119999999879,0.0062880000000120617
351,4.0013149190000004,FIRST_CENTER_PROFILE,1,3.0698116733870915,-0.86173885449335197,3.1224250793457031,0.49298405647277832,0.077880578580504733,0.077880578580504733,-4.2623146056843808,-2.5184833474372352,-0.073631249368190765,-0.05078125,32,0,1,disconnected,-1,-1,0,disconnected,-1,-1,0,9.9466480000005575,0.053351999999442512
352,4.0112295749999998,FIRST_CENTER_PROFILE,1,3.0610285658316787,-0.89488265658925015,3.1176314353942871,0.4881904125213623,0.077123288847614893,0.077123288847614893,-4.4062614394533144,-2.9589791467500755,-0.53996247053146362,-0.05078125,32,0,1,disconnected,-1,-1,0,disconnected,-1,-1,0,9.9146559999994111,0.085344000000588949
353,4.0213711759999997,FIRST_CENTER_PROFILE,1,3.0519140202553068,-0.92802645868514844,3.1116874217987061,0.48224639892578125,0.076184266151371166,0.076184266151371166,-4.4157506597396443,-3.4239005514853615,-1.0553812980651855,-0.0390625,32,0,1,disconnected,-1,-1,0,disconnected,-1,-1,0,10.141600999999945,0.14160099999994458
354,4.0313702149999999,FIRST_CENTER_PROFILE,1,3.0424680366579757,-0.96117026078104639,3.1028668880462646,0.47342586517333984,0.074790816884585526,0.074790816884585526,-5.1710279513652386,-3.9615401132668375,-1.1044687032699585,-0.03515625,32,0,1,disconnected,-1,-1,0,disconnected,-1,-1,0,9.9990390000002094,0.00096099999979060158
355,4.0413878800000003,FIRST_CENTER_PROFILE,1,3.0326906150396855,-0.99431406287694446,3.095388650894165,0.46594762802124023,0.073609420795765143,0.073609420795765143,-6.2133348396852623,-4.4964732482447056,-0.85903126001358032,-0.04296875,32,0,1,disconnected,-1,-1,0,disconnected,-1,-1,0,10.017665000000342,0.01766500000034199
356,4.051335624,FIRST_CENTER_PROFILE,1,3.0225817554004366,-1.0274578649728427,3.0884857177734375,0.4590446949005127,0.072518910021053151,0.072518910021053151,-6.7354972182012309,-4.9865013416454609,-0.90811872482299805,-0.05859375,32,0,1,disconnected,-1,-1,0,disconnected,-1,-1,0,9.9477439999997586,0.052256000000241443
357,4.0612537910000004,FIRST_CENTER_PROFILE,1,3.012141457740229,-1.0606016670687408,3.0783231258392334,0.44888210296630859,0.070913445241165107,0.070913445241165107,-7.3609516056576032,-5.5279736254192633,-1.2762750387191772,-0.02734375,32,0,1,disconnected,-1,-1,0,disconnected,-1,-1,0,9.9181670000003663,0.081832999999633671
358,4.0713187240000002,FIRST_CENTER_PROFILE,1,3.0013697220590618,-1.0937454691646391,3.0698862075805664,0.4404451847076416,0.069580598738739341,0.069580598738739341,-7.5328050851484392,-6.0270812059960663,-0.9817500114440918,-0.04296875,32,0,1,disconnected,-1,-1,0,disconnected,-1,-1,0,10.064932999999776,0.064932999999776086
359,4.0813795510000004,FIRST_CENTER_PROFILE,1,2.9903402012504823,-1.1047934031966051,3.0591483116149902,0.42970728874206543,0.067884248644742906,0.067884248644742906,-8.2477952288560346,-6.5427208396845353,-1.6198874711990356,-0.0234375,32,0,1,disconnected,-1,-1,0,disconnected,-1,-1,0,10.060827000000216,0.060827000000216458
360,4.0913654660000001,FIRST_CENTER_PROFILE,1,2.9792922672185163,-1.1047934031966051,3.0451507568359375,0.4157097339630127,0.065672944545570419,0.065672944545570419,-9.5625229740765576,-7.2566638562568544,-1.6198874711990356,-0.01953125,32,0,1,disconnected,-1,-1,0,disconnected,-1,-1,0,9.9859149999996788,0.014085000000321202
361,4.1013765900000001,FIRST_CENTER_PROFILE,1,2.9682443331865502,-1.1047934031966051,3.030386209487915,0.40094518661499023,0.063340472582541038,0.063340472582541038,-10.883072189737412,-8.1479134181167741,-1.7180625200271606,-0.00390625,32,0,1,disconnected,-1,-1,0,disconnected,-1,-1,0,10.011124000000038,0.011124000000037881
362,4.1113693079999996,FIRST_CENTER_PROFILE,1,2.9571963991545842,-1.1047934031966051,3.0167720317840576,0.38733100891113281,0.061189733582865558,0.061189733582865558,-12.205906358783656,-8.9943626871231324,-1.6198874711990356,-0.0234375,32,0,1,disconnected,-1,-1,0,disconnected,-1,-1,0,9.9927179999994564,0.0072820000005435759
363,4.1213703009999998,FIRST_CENTER_PROFILE,1,2.9461484651226182,-1.1047934031966051,3.0016238689422607,0.37218284606933594,0.058796658855476303,0.058796658855476303,-12.984242119285689,-9.8371110539041702,-1.9144124984741211,0,32,0,1,disconnected,-1,-1,0,disconnected,-1,-1,0,10.000993000000236,0.00099300000023561097
364,4.1313784040000003,FIRST_CENTER_PROFILE,1,2.9351005310906522,-1.1047934031966051,2.9874346256256104,0.35799360275268555,0.056555072206555312,0.056555072206555312,-13.049192226124813,-10.595264385222897,-1.7671500444412231,-0.00390625,32,0,1,disconnected,-1,-1,0,disconnected,-1,-1,0,10.008103000000546,0.0081030000005455349
365,4.1412309970000001,FIRST_CENTER_PROFILE,1,2.9240525970586861,-1.1047934031966051,2.9719030857086182,0.34246206283569336,0.054101432379669051,0.054101432379669051,-13.279392601570914,-11.412052291035726,-1.4480812549591064,-0.01171875,32,0,1,disconnected,-1,-1,0,disconnected,-1,-1,0,9.852592999999743,0.14740700000025697
366,4.1513466790000004,FIRST_CENTER_PROFILE,1,2.9130046630267201,-1.1047934031966051,2.9605898857116699,0.33114886283874512,0.052314196971564232,0.052314196971564232,-12.882755861005766,-11.978165971978557,-1.153556227684021,-0.01171875,32,0,1,disconnected,-1,-1,0,disconnected,-1,-1,0,10.115682000000348,0.11568200000034778
367,4.161236208,FIRST_CENTER_PROFILE,1,2.9019567289947541,-1.1047934031966051,2.9496603012084961,0.32021927833557129,0.050587564327819301,0.050587564327819301,-11.871051633104473,-12.235035629901274,-0.6626812219619751,-0.03515625,32,0,1,disconnected,-1,-1,0,disconnected,-1,-1,0,9.8895289999996194,0.11047100000038057
368,4.1713205059999998,FIRST_CENTER_PROFILE,1,2.8909087949627881,-1.1047934031966051,2.9419903755187988,0.31254935264587402,0.049375885689250415,0.049375885689250415,-10.247881563873213,-12.166759979166597,-0.7608562707901001,-0.0390625,32,0,1,disconnected,-1,-1,0,disconnected,-1,-1,0,10.08429799999977,0.084297999999769502
369,4.1813682429999997,FIRST_CENTER_PROFILE,1,2.8798608609308221,-1.1047934031966051,2.9314441680908203,0.30200314521789551,0.04770981814500249,0.04770981814500249,-8.9849962103740886,-11.81981887492697,-1.2271875143051147,-0.01953125,32,0,1,disconnected,-1,-1,0,disconnected,-1,-1,0,10.047736999999834,0.047736999999834495
370,4.1913465429999999,FIRST_CENTER_PROFILE,1,2.868812926898856,-1.1047934031966051,2.9226236343383789,0.2931826114654541,0.046316368878216843,0.046316368878216843,-8.5097792222970199,-11.22468532707372,-0.90811872482299805,-0.04296875,32,0,1,disconnected,-1,-1,0,disconnected,-1,-1,0,9.9783000000002176,0.021699999999782449
371,4.2013522669999999,FIRST_CENTER_PROFILE,1,2.85776499286689,-1.1047934031966051,2.9145703315734863,0.28512930870056152,0.045044125140150958,0.045044125140150958,-8.0844049699944929,-10.529087086951666,-1.3008188009262085,-0.03515625,32,0,1,disconnected,-1,-1,0,disconnected,-1,-1,0,10.005723999999994,0.0057239999999936231
372,4.2112247539999998,FIRST_CENTER_PROFILE,1,2.846717058834924,-1.1047934031966051,2.9049828052520752,0.27554178237915039,0.043529508009508416,0.043529508009508416,-8.2441455500663245,-9.8885283170938081,-1.3499062061309814,-0.02734375,32,0,1,disconnected,-1,-1,0,disconnected,-1,-1,0,9.8724869999999854,0.12751300000001464
373,4.2214181999999996,FIRST_CENTER_PROFILE,1,2.835669124802958,-1.1047934031966051,2.8980798721313477,0.26863884925842285,0.042438997234796424,0.042438997234796424,-7.6367147717562833,-9.1619442796073454,-0.53996247053146362,-0.05078125,32,0,1,disconnected,-1,-1,0,disconnected,-1,-1,0,10.193445999999717,0.19344599999971734
374,4.2313734060000003,FIRST_CENTER_PROFILE,1,2.8246211907709919,-1.1047934031966051,2.8902182579040527,0.26077723503112793,0.041197036046479042,0.041197036046479042,-7.3486071654026217,-8.5336953867848635,-0.9326624870300293,-0.05078125,32,0,1,disconnected,-1,-1,0,disconnected,-1,-1,0,9.9552060000007714,0.044793999999228618
375,4.2413674559999999,FIRST_CENTER_PROFILE,1,2.8135732567390255,-1.1047934031966051,2.8787133693695068,0.24927234649658203,0.039379518088625727,0.039379518088625727,-7.8117428443117394,-8.1630862637324011,-1.2026437520980835,-0.02734375,32,0,1,disconnected,-1,-1,0,disconnected,-1,-1,0,9.9940499999995325,0.0059500000004675258
376,4.2513280370000004,FIRST_CENTER_PROFILE,1,2.802691041717539,-1.0716496011007068,2.8681674003601074,0.23872637748718262,0.03771348820924067,0.03771348820924067,-8.401332143594999,-8.1055131877513507,-1.1290124654769897,-0.02734375,32,0,1,disconnected,-1,-1,0,disconnected,-1,-1,0,9.9605810000005235,0.039418999999476512
377,4.2612576769999997,FIRST_CENTER_PROFILE,1,2.7921402647170117,-1.038505799004809,2.8535945415496826,0.22415351867675781,0.035411298795959799,0.035411298795959799,-10.085403184888058,-8.350289226744712,-1.7426062822341919,-0.0078125,32,0,1,disconnected,-1,-1,0,disconnected,-1,-1,0,9.9296399999992957,0.070360000000704304
378,4.2713704750000003,FIRST_CENTER_PROFILE,1,2.7819209257374431,-1.0053619969089107,2.8422813415527344,0.21284031867980957,0.03362406338785498,0.03362406338785498,-10.96389574445648,-8.7207291855035098,-1.1290124654769897,-0.0234375,32,0,1,disconnected,-1,-1,0,disconnected,-1,-1,0,10.112798000000645,0.11279800000064455
379,4.2813721749999996,FIRST_CENTER_PROFILE,1,2.7720330247788332,-0.97221819481301253,2.828667163848877,0.19922614097595215,0.031473324388179499,0.031473324388179499,-11.396654104229285,-9.1433718697721265,-1.3008188009262085,0,32,0,1,disconnected,-1,-1,0,disconnected,-1,-1,0,10.001699999999225,0.0016999999992250991
380,4.2913641289999997,FIRST_CENTER_PROFILE,1,2.7624765618411828,-0.93907439271711424,2.8183128833770752,0.18887186050415039,0.029837577058542949,0.029837577058542949,-11.259714160214235,-9.5781683152109576,-0.9326624870300293,-0.01953125,32,0,1,disconnected,-1,-1,0,disconnected,-1,-1,0,9.9919540000001916,0.0080459999998083731
381,4.3012862790000002,FIRST_CENTER_PROFILE,1,2.7532515369244908,-0.90593059062121606,2.8062326908111572,0.17679166793823242,0.027929173786581246,0.027929173786581246,-10.737991008528658,-10.018884958385376,-1.4726250171661377,-0.0078125,32,0,1,disconnected,-1,-1,0,disconnected,-1,-1,0,9.922150000000407,0.077849999999592967
382,4.3112173279999997,FIRST_CENTER_PROFILE,1,2.7443579500287583,-0.87278678852531788,2.7993297576904297,0.16988873481750488,0.026838663011869254,0.026838663011869254,-9.8460816811230796,-10.186289942234257,-0.58904999494552612,-0.0390625,32,0,1,disconnected,-1,-1,0,disconnected,-1,-1,0,9.9310489999995255,0.068951000000474494
383,4.3212139199999999,FIRST_CENTER_PROFILE,1,2.7357958011539849,-0.83964298642942004,2.7943441867828369,0.16490316390991211,0.026051053064368047,0.026051053064368047,-7.9679525015942332,-10.090622299108325,-0.6626812219619751,-0.0390625,32,0,1,disconnected,-1,-1,0,disconnected,-1,-1,0,9.9965920000002484,0.0034079999997516097
384,4.3312082869999999,FIRST_CENTER_PROFILE,1,2.7275650903001698,-0.80649918433352186,2.7882082462310791,0.1587672233581543,0.025081710153512942,0.025081710153512942,-6.549092707531222,-9.6658679753446251,-1.1044687032699585,-0.03515625,32,0,1,disconnected,-1,-1,0,disconnected,-1,-1,0,9.994367000000004,0.0056329999999960023
385,4.3412084799999997,FIRST_CENTER_PROFILE,1,2.7196658174673143,-0.77335538223762368,2.781688928604126,0.15224790573120117,0.024051802143160828,0.024051802143160828,-5.4586494246774029,-8.9932523370146793,-0.34361249208450317,-0.0390625,32,0,1,disconnected,-1,-1,0,disconnected,-1,-1,0,10.000192999999769,0.00019299999976851723
386,4.351204085,FIRST_CENTER_PROFILE,1,2.7120979826554175,-0.7402115801417255,2.7778539657592773,0.14841294288635254,0.023445962823876388,0.023445962823876388,-5.0348507538745322,-8.1521337248067631,-0.44178751111030579,-0.0546875,32,0,1,disconnected,-1,-1,0,disconnected,-1,-1,0,9.9956050000002961,0.0043949999997039413
387,4.3612104799999996,FIRST_CENTER_PROFILE,1,2.7048615858644798,-0.70706777804582743,2.7749776840209961,0.14553666114807129,0.022991573918197342,0.022991573918197342,-4.4435053914554468,-7.1196669078180355,-0.049087498337030411,-0.05859375,32,0,1,disconnected,-1,-1,0,disconnected,-1,-1,0,10.006394999999557,0.0063949999995571716
388,4.3712047820000004,FIRST_CENTER_PROFILE,1,2.6979566270945008,-0.67392397594992925,2.7719097137451172,0.14246869087219238,0.02250690246276979,0.02250690246276979,-3.5581448195409884,-6.1673750219335561,-0.46633124351501465,-0.0546875,32,0,1,disconnected,-1,-1,0,disconnected,-1,-1,0,9.9943020000008431,0.0056979999991568775
389,4.3812204230000003,FIRST_CENTER_PROFILE,1,2.6913831063454809,-0.64078017385403097,2.7678830623626709,0.13844203948974609,0.021870780593736847,0.021870780593736847,-3.0365876369674889,-5.263908985926018,-0.9817500114440918,-0.05078125,32,0,1,disconnected,-1,-1,0,disconnected,-1,-1,0,10.015640999999853,0.015640999999853022
390,4.3912047039999997,FIRST_CENTER_PROFILE,1,2.6851410236174202,-0.60763637175813279,2.7625141143798828,0.13307309150695801,0.02102260554673863,0.02102260554673863,-3.4186435539352114,-4.6425768815374022,-0.19634999334812164,-0.04296875,32,0,1,disconnected,-1,-1,0,disconnected,-1,-1,0,9.9842809999994842,0.015719000000515848
391,4.4012136990000004,FIRST_CENTER_PROFILE,1,2.6792303789103182,-0.57449256966223472,2.7561864852905273,0.12674546241760254,0.020022980086135022,0.020022980086135022,-4.2519054725341743,-4.248832771410024,-0.63813751935958862,-0.04296875,32,0,1,disconnected,-1,-1,0,disconnected,-1,-1,0,10.008995000000631,0.008995000000631137
392,4.4112069280000004,FIRST_CENTER_PROFILE,1,2.6736511722241758,-0.54134876756633654,2.7517762184143066,0.12233519554138184,0.019326255452742198,0.019326255452742198,-4.7035408816987934,-4.122951559966296,-0.12271875143051147,-0.05078125,32,0,1,disconnected,-1,-1,0,disconnected,-1,-1,0,9.9932289999999924,0.006771000000007632
393,4.4212081689999998,FIRST_CENTER_PROFILE,1,2.6684034035589916,-0.50820496547043825,2.7475578784942627,0.11811685562133789,0.018659851033960749,0.018659851033960749,-4.6524336013109595,-4.0644541175339182,-0.34361249208450317,-0.05078125,32,0,1,disconnected,-1,-1,0,disconnected,-1,-1,0,10.001240999999439,0.0012409999994389409
394,4.4312039390000004,FIRST_CENTER_PROFILE,1,2.6634870729147666,-0.47506116337454007,2.7423806190490723,0.11293959617614746,0.017841958536711038,0.017841958536711038,-4.4261399451300205,-4.0392154803660292,-0.7117687463760376,-0.0390625,32,0,1,disconnected,-1,-1,0,disconnected,-1,-1,0,9.9957700000006255,0.0042299999993744564
395,4.4412048159999999,FIRST_CENTER_PROFILE,1,2.6589021802915007,-0.4419173612786419,2.7352859973907471,0.10584497451782227,0.016721165212250543,0.016721165212250543,-4.6350366125800022,-4.1812913507864824,-0.90811872482299805,-0.0234375,32,0,1,disconnected,-1,-1,0,disconnected,-1,-1,0,10.00087699999952,0.00087699999951951213
396,4.4512302850000003,FIRST_CENTER_PROFILE,1,2.654648725689194,-0.40877355918274411,2.7287664413452148,0.099325418472290039,0.015691219537035558,0.015691219537035558,-5.2741209941871174,-4.477529722898379,-0.7608562707901001,-0.02734375,32,0,1,disconnected,-1,-1,0,disconnected,-1,-1,0,10.025469000000342,0.025469000000342135
397,4.4612124819999996,FIRST_CENTER_PROFILE,1,2.6507267091078459,-0.37562975708684593,2.7239727973937988,0.094531774520874023,0.014933929804145726,0.014933929804145726,-5.5000950701354929,-4.7253440202557391,-0.58904999494552612,-0.03515625,32,0,1,disconnected,-1,-1,0,disconnected,-1,-1,0,9.9821969999993598,0.017803000000640168
398,4.4712032370000001,FIRST_CENTER_PROFILE,1,2.647136130547457,-0.34248595499094775,2.7186038494110107,0.089162826538085938,0.01408575475714751,0.01408575475714751,-5.3282158369650467,-4.8927619558979947,-0.68722498416900635,-0.0234375,32,0,1,disconnected,-1,-1,0,disconnected,-1,-1,0,9.9907550000004619,0.0092449999995380949
399,4.4811977269999996,FIRST_CENTER_PROFILE,1,2.6438769900080272,-0.30934215289504957,2.7099752426147461,0.080534219741821289,0.012722625704973239,0.012722625704973239,-5.5041627222732208,-5.1030402025644008,-1.251731276512146,-0.00390625,32,0,1,disconnected,-1,-1,0,disconnected,-1,-1,0,9.9944899999995229,0.0055100000004770777
400,4.4912042320000003,FIRST_CENTER_PROFILE,1,2.6409492874895562,-0.27619835079915134,2.7007713317871094,0.07133030891418457,0.011268611338690582,0.011268611338690582,-6.3395570768527998,-5.3805582436776662,-1.0553812980651855,-0.0078125,32,0,1,disconnected,-1,-1,0,disconnected,-1,-1,0,10.006505000000665,0.0065050000006650066
401,4.5012034139999999,FIRST_CENTER_PROFILE,1,2.6383530229920442,-0.24305454870325321,2.6913754940032959,0.061934471130371094,0.0097842767577965509,0.0097842767577965509,-7.516643377670321,-5.7579213632458979,-1.5707999467849731,0.0078125,32,0,1,disconnected,-1,-1,0,disconnected,-1,-1,0,9.9991819999996068,0.0008180000003932264
402,4.511187338,FIRST_CENTER_PROFILE,1,2.636088196515491,-0.20991074660735501,2.6808295249938965,0.05138850212097168,0.0081182468784114954,0.0081182468784114954,-8.5239484790559796,-6.2963187431712946,-1.0553812980651855,0.01171875,32,0,1,disconnected,-1,-1,0,disconnected,-1,-1,0,9.9839240000001439,0.016075999999856094
403,4.5212042419999996,FIRST_CENTER_PROFILE,1,2.6341548080598969,-0.17676694451145686,2.6743099689483643,0.044868946075439453,0.0070883012031965117,0.0070883012031965117,-8.2615900935927904,-6.700350818103332,-0.46633124351501465,0,32,0,1,disconnected,-1,-1,0,disconnected,-1,-1,0,10.016903999999549,0.016903999999549058
404,4.5312144090000004,FIRST_CENTER_PROFILE,1,2.6325528576252619,-0.14362314241555868,2.6695163249969482,0.040075302124023438,0.0063310114703066791,0.0063310114703066791,-7.2006480869264635,-6.8719822121333047,-0.90811872482299805,-0.00390625,32,0,1,disconnected,-1,-1,0,disconnected,-1,-1,0,10.010167000000791,0.010167000000791404
405,4.5412110080000003,FIRST_CENTER_PROFILE,1,2.6312823452115857,-0.11047934031966047,2.6641473770141602,0.034706354141235352,0.0054828364233084634,0.0054828364233084634,-5.9502428518079507,-6.87821145057314,-0.34361249208450317,0.0078125,32,0,1,disconnected,-1,-1,0,disconnected,-1,-1,0,9.9965989999999394,0.0034010000000606055
406,4.5512032949999996,FIRST_CENTER_PROFILE,1,2.6303432708188685,-0.07733553822376231,2.6589701175689697,0.029529094696044922,0.0046649439260587518,0.0046649439260587518,-4.8752527078710948,-6.8042285853000788,-0.78539997339248657,0,32,0,1,disconnected,-1,-1,0,disconnected,-1,-1,0,9.9922869999993225,0.007713000000677539
407,4.5612052439999999,FIRST_CENTER_PROFILE,1,2.6297356344471106,-0.044191736127864117,2.6557104587554932,0.026269435882568359,0.0041499899208826954,0.0041499899208826954,-4.3220271861799429,-6.5572172771147947,-0.46633124351501465,0,32,0,1,disconnected,-1,-1,0,disconnected,-1,-1,0,10.001949000000288,0.0019490000002875263
408,4.5712052060000001,FIRST_CENTER_PROFILE,1,2.6294594360963113,-0.011047934031965937,2.6539847850799561,0.02454376220703125,0.0038773716434204156,0.0038773716434204156,-3.5760857979973224,-6.0173505648874643,-0.51541876792907715,-0.0078125,32,0,1,disconnected,-1,-1,0,disconnected,-1,-1,0,9.9999620000001954,3.799999980458324e-05
409,4.5812106699999999,FIRST_CENTER_PROFILE,1,2.6294410228729248,-0,2.653409481048584,0.02396845817565918,0.0037864863293120316,0.0037864863293120316,-2.3949179498870423,-5.1904840297669725,-0.51541876792907715,-0.00390625,32,0,1,disconnected,-1,-1,0,disconnected,-1,-1,0,10.005463999999797,0.0054639999997974087
410,4.5912257480000003,FIRST_CENTER_HOLD,1,2.6294410228729248,0,2.6530258655548096,0.023584842681884766,0.003725883564952152,0.003725883564952152,-1.2835821356895127,-4.2687542114942838,-0.41724374890327454,-0.0078125,32,0,1,disconnected,-1,-1,0,disconnected,-1,-1,0,10.015078000000344,0.01507800000034365
411,4.6012155679999998,FIRST_CENTER_HOLD,1,2.6294410228729248,0,2.6530258655548096,0.023584842681884766,0.003725883564952152,0.003725883564952152,-0.57256003136650691,-3.3332484675235947,-0.098174996674060822,-0.00390625,32,0,1,disconnected,-1,-1,0,disconnected,-1,-1,0,9.989819999999483,0.010180000000516998
412,4.611203905,FIRST_CENTER_HOLD,1,2.6294410228729248,0,2.6528341770172119,0.023393154144287109,0.003695601015203648,0.003695601015203648,-0.24305721288528237,-2.4768949304070818,-0.29452499747276306,-0.00390625,32,0,1,disconnected,-1,-1,0,disconnected,-1,-1,0,9.9883370000002358,0.011662999999764168
413,4.6212042059999998,FIRST_CENTER_HOLD,1,2.6294410228729248,0,2.6528341770172119,0.023393154144287109,0.003695601015203648,0.003695601015203648,-0.1215590655880113,-1.8239415280543736,0.29452499747276306,-0.0078125,32,0,1,disconnected,-1,-1,0,disconnected,-1,-1,0,10.000300999999823,0.0003009999998226931
414,4.63121239,FIRST_CENTER_HOLD,1,2.6294410228729248,0,2.6524507999420166,0.023009777069091797,0.0036350359157066394,0.0036350359157066394,-0.12151817313588963,-1.2780052542897031,-0.049087498337030411,-0.0078125,32,0,1,disconnected,-1,-1,0,disconnected,-1,-1,0,10.008184000000142,0.0081840000001420776
415,4.6412143309999996,FIRST_CENTER_HOLD,1,2.6294410228729248,0,2.6524507999420166,0.023009777069091797,0.0036350359157066394,0.0036350359157066394,-0.1388015247138227,-0.78887432937958113,0,-0.0078125,32,0,1,disconnected,-1,-1,0,disconnected,-1,-1,0,10.001940999999626,0.0019409999996256033
416,4.6512106690000001,FIRST_CENTER_HOLD,1,2.6294410228729248,0,2.6524507999420166,0.023009777069091797,0.0036350359157066394,0.0036350359157066394,-0.10408949897227937,-0.42443005699233111,0.22089375555515289,-0.01171875,32,0,1,disconnected,-1,-1,0,disconnected,-1,-1,0,9.9963380000005486,0.0036619999994513819
417,4.6612205979999999,FIRST_CENTER_HOLD,1,2.6294410228729248,0,2.6520671844482422,0.022626161575317383,0.0035744331513467599,0.0035744331513467599,-0.13881878198321929,-0.2350875076975876,-0.46633124351501465,-0.0078125,32,0,1,disconnected,-1,-1,0,disconnected,-1,-1,0,10.009928999999751,0.0099289999997509426
418,4.6712107720000002,FIRST_CENTER_HOLD,1,2.6294410228729248,0,2.6522588729858398,0.022817850112915039,0.003604715701095264,0.003604715701095264,-0.069481610538684763,-0.14200700312817741,0.24543750286102295,-0.00390625,32,0,1,disconnected,-1,-1,0,disconnected,-1,-1,0,9.9901740000003514,0.0098259999996486158
419,4.6812067280000003,FIRST_CENTER_HOLD,1,2.6294410228729248,0,2.6518754959106445,0.022434473037719727,0.0035441506015982558,0.0035441506015982558,-0.12154961774013701,-0.12149509022508022,-0.22089375555515289,-0.01171875,32,0,1,disconnected,-1,-1,0,disconnected,-1,-1,0,9.995956000000028,0.0040439999999719589
420,4.6912034870000001,FIRST_CENTER_HOLD,1,2.6294410228729248,0,2.6518754959106445,0.022434473037719727,0.0035441506015982558,0.0035441506015982558,-0.12154627906725887,-0.11202995753719436,-0.098174996674060822,-0.01171875,32,0,1,disconnected,-1,-1,0,disconnected,-1,-1,0,9.9967589999998552,0.0032410000001448225
421,4.7012035269999997,FIRST_CENTER_HOLD,1,2.6294410228729248,0,2.6518754959106445,0.022434473037719727,0.0035441506015982558,0.0035441506015982558,-0.069433850638737749,-0.10887246184815583,-0.024543749168515205,-0.0078125,32,0,1,disconnected,-1,-1,0,disconnected,-1,-1,0,10.000039999999544,3.999999954373834e-05
422,4.7112059930000001,FIRST_CENTER_HOLD,1,2.6294410228729248,0,2.6518754959106445,0.022434473037719727,0.0035441506015982558,0.0035441506015982558,-0.069403992209767354,-0.096252220130700727,-0.14726249873638153,-0.01171875,32,0,1,disconnected,-1,-1,0,disconnected,-1,-1,0,10.002466000000432,0.002466000000431734
423,4.7212046750000001,FIRST_CENTER_HOLD,1,2.6294410228729248,0,2.6518754959106445,0.022434473037719727,0.0035441506015982558,0.0035441506015982558,0,-0.083634754904736458,0.12271875143051147,-0.00390625,32,0,1,disconnected,-1,-1,0,disconnected,-1,-1,0,9.998681999999981,0.0013180000000190262
424,4.7312185659999999,FIRST_CENTER_HOLD,1,2.6294410228729248,0,2.6516838073730469,0.02224278450012207,0.0035138680518497513,0.0035138680518497513,-0.034699148996957994,-0.071007731844675126,-0.24543750286102295,-0.0078125,32,0,1,disconnected,-1,-1,0,disconnected,-1,-1,0,10.01389099999983,0.013890999999830456
425,4.741207341,FIRST_CENTER_HOLD,1,2.6294410228729248,0,2.6514918804168701,0.022050857543945312,0.0034835478372383759,0.0034835478372383759,-0.086777141160848711,-0.07574401591749004,-0.58904999494552612,-0.00390625,32,0,1,disconnected,-1,-1,0,disconnected,-1,-1,0,9.9887750000000608,0.0112249999999392
426,4.7512062650000004,FIRST_CENTER_HOLD,1,2.6294410228729248,0,2.6516838073730469,0.02224278450012207,0.0035138680518497513,0.0035138680518497513,-0.069428696681959834,-0.064691788021476376,-0.24543750286102295,-0.0078125,32,0,1,disconnected,-1,-1,0,disconnected,-1,-1,0,9.9989240000004642,0.0010759999995357816
427,4.761204888,FIRST_CENTER_HOLD,1,2.6294410228729248,0,2.6516838073730469,0.02224278450012207,0.0035138680518497513,0.0035138680518497513,-0.034714109281582195,-0.047328916943719247,-0.19634999334812164,-0.00390625,32,0,1,disconnected,-1,-1,0,disconnected,-1,-1,0,9.9986229999995402,0.001377000000459816
428,4.7712041879999996,FIRST_CENTER_HOLD,1,2.6294410228729248,0,2.6516838073730469,0.02224278450012207,0.0035138680518497513,0.0035138680518497513,0.017384630472391707,-0.042592607301720257,-0.24543750286102295,-0.00390625,32,0,1,disconnected,-1,-1,0,disconnected,-1,-1,0,9.9992999999996002,0.00070000000039982524
429,4.781204582,FIRST_CENTER_HOLD,1,2.6294410228729248,0,2.6516838073730469,0.02224278450012207,0.0035138680518497513,0.0035138680518497513,0.034746404142795756,-0.0252405968438064,-0.26998123526573181,-0.01171875,32,0,1,disconnected,-1,-1,0,disconnected,-1,-1,0,10.000394000000412,0.00039400000041212024
430,4.7912939200000002,FIRST_CENTER_HOLD,1,2.6294410228729248,0,2.6516838073730469,0.02224278450012207,0.0035138680518497513,0.0035138680518497513,0,-0.022070116820886911,-0.24543750286102295,-0.00390625,32,0,1,disconnected,-1,-1,0,disconnected,-1,-1,0,10.089338000000225,0.089338000000225293
431,4.8013636770000003,FIRST_CENTER_HOLD,1,2.6294410228729248,0,2.6516838073730469,0.02224278450012207,0.0035138680518497513,0.0035138680518497513,0,-0.017321339121290958,-0.19634999334812164,-0.0078125,32,0,1,disconnected,-1,-1,0,disconnected,-1,-1,0,10.069757000000124,0.069757000000123526
432,4.811229204,FIRST_CENTER_HOLD,1,2.6294410228729248,0,2.6516838073730469,0.02224278450012207,0.0035138680518497513,0.0035138680518497513,0,-0.011022298716623781,-0.24543750286102295,-0.0078125,32,0,1,disconnected,-1,-1,0,disconnected,-1,-1,0,9.865526999999652,0.13447300000034801
433,4.821406026,FIRST_CENTER_HOLD,1,2.6294410228729248,0,2.6516838073730469,0.02224278450012207,0.0035138680518497513,0.0035138680518497513,0,-0.0031395046257340592,-0.24543750286102295,-0.00390625,32,0,1,disconnected,-1,-1,0,disconnected,-1,-1,0,10.17682200000003,0.17682200000002979
434,4.8313166069999998,FIRST_CENTER_HOLD,1,2.6294410228729248,0,2.6516838073730469,0.02224278450012207,0.0035138680518497513,0.0035138680518497513,0,0.0063051933881505696,-0.17180624604225159,-0.00390625,32,0,1,disconnected,-1,-1,0,disconnected,-1,-1,0,9.9105809999997518,0.089419000000248161
435,4.8413292969999997,FIRST_CENTER_HOLD,1,2.6294410228729248,0,2.6516838073730469,0.02224278450012207,0.0035138680518497513,0.0035138680518497513,0,0.0078795540185605459,-0.24543750286102295,-0.0078125,32,0,1,disconnected,-1,-1,0,disconnected,-1,-1,0,10.012689999999935,0.012689999999935253
436,4.8514651879999997,FIRST_CENTER_HOLD,1,2.6294410228729248,0,2.6516838073730469,0.02224278450012207,0.0035138680518497513,0.0035138680518497513,0,-7.9893770443507001e-30,-0.17180624604225159,-0.0078125,32,0,1,disconnected,-1,-1,0,disconnected,-1,-1,0,10.135891000000008,0.13589100000000798
437,4.8613274430000004,FIRST_CENTER_HOLD,1,2.6294410228729248,0,2.6516838073730469,0.02224278450012207,0.0035138680518497513,0.0035138680518497513,0,-3.9972166389199426e-30,-0.17180624604225159,-0.0078125,32,0,1,disconnected,-1,-1,0,disconnected,-1,-1,0,9.8622550000007081,0.13774499999929191
438,4.8713972920000002,FIRST_CENTER_HOLD,1,2.6294410228729248,0,2.6516838073730469,0.02224278450012207,0.0035138680518497513,0.0035138680518497513,0,1.5992616399081814e-29,-0.24543750286102295,-0.0078125,32,0,1,disconnected,-1,-1,0,disconnected,-1,-1,0,10.069848999999742,0.069848999999742034
439,4.8813841919999996,FIRST_CENTER_HOLD,1,2.6294410228729248,0,2.6516838073730469,0.02224278450012207,0.0035138680518497513,0.0035138680518497513,0,5.2012938263030123e-29,-0.19634999334812164,-0.0078125,32,0,1,disconnected,-1,-1,0,disconnected,-1,-1,0,9.9868999999994656,0.013100000000534351
440,4.8912598879999996,FIRST_CENTER_HOLD,1,2.6294410228729248,0,2.6514918804168701,0.022050857543945312,0.0034835478372383759,0.0034835478372383759,-0.034804154048531606,-0.0078774625288576105,-0.4908750057220459,-0.00390625,32,0,1,disconnected,-1,-1,0,disconnected,-1,-1,0,9.8756959999999339,0.12430400000006614
441,4.9013344500000002,FIRST_CENTER_HOLD,1,2.6294410228729248,0,2.6516838073730469,0.02224278450012207,0.0035138680518497513,0.0035138680518497513,-0.017274321761982629,-0.006302626040945866,-0.024543749168515205,-0.0078125,32,0,1,disconnected,-1,-1,0,disconnected,-1,-1,0,10.074562000000675,0.074562000000675255
442,4.9112569480000001,FIRST_CENTER_HOLD,1,2.6294410228729248,0,2.6516838073730469,0.02224278450012207,0.0035138680518497513,0.0035138680518497513,0.00011658191292749602,-0.0047280512012832423,0,-0.0078125,32,0,1,disconnected,-1,-1,0,disconnected,-1,-1,0,9.9224979999998908,0.077502000000109206
443,4.9213988259999999,FIRST_CENTER_HOLD,1,2.6294410228729248,0,2.6516838073730469,0.02224278450012207,0.0035138680518497513,0.0035138680518497513,0.017479033246269666,-0.0031474719400935683,0.024543749168515205,-0.0078125,32,0,1,disconnected,-1,-1,0,disconnected,-1,-1,0,10.141877999999771,0.14187799999977102
444,4.9313270989999998,FIRST_CENTER_HOLD,1,2.6294410228729248,0,2.6514918804168701,0.022050857543945312,0.0034835478372383759,0.0034835478372383759,7.5956395983914728e-05,-0.0094665679972196441,0.098174996674060822,-0.0078125,32,0,1,disconnected,-1,-1,0,disconnected,-1,-1,0,9.9282729999998764,0.071727000000123553
445,4.9412277639999997,FIRST_CENTER_HOLD,1,2.6294410228729248,0,2.6516838073730469,0.02224278450012207,0.0035138680518497513,0.0035138680518497513,-0.017453288268073006,-0.0063168641082242067,0.098174996674060822,-0.0234375,32,0,1,disconnected,-1,-1,0,disconnected,-1,-1,0,9.9006649999999752,0.09933500000002482
446,4.9512579759999999,FIRST_CENTER_HOLD,1,2.6294410228729248,0,2.6514918804168701,0.022050857543945312,0.0034835478372383759,0.0034835478372383759,-0.034857444186321022,-0.011064341773421414,-0.31906875967979431,-0.00390625,32,0,1,disconnected,-1,-1,0,disconnected,-1,-1,0,10.030212000000205,0.030212000000204853
447,4.9612592470000001,FIRST_CENTER_HOLD,1,2.6294410228729248,0,2.6516838073730469,0.02224278450012207,0.0035138680518497513,0.0035138680518497513,5.7550859757200447e-06,-0.0063162241780797598,0.024543749168515205,-0.00390625,32,0,1,disconnected,-1,-1,0,disconnected,-1,-1,0,10.001271000000145,0.0012710000001447952
448,4.9714099090000001,FIRST_CENTER_HOLD,1,2.6294410228729248,0,2.6516838073730469,0.02224278450012207,0.0035138680518497513,0.0035138680518497513,0.034620605983745868,-0.0015630570802427012,0.22089375555515289,-0.00390625,32,0,1,disconnected,-1,-1,0,disconnected,-1,-1,0,10.150662000000032,0.15066200000003249
449,4.9814646509999996,FIRST_CENTER_HOLD,1,2.6294410228729248,0,2.6516838073730469,0.02224278450012207,0.0035138680518497513,0.0035138680518497513,0.017269850095217171,0.0031758477732968444,0.14726249873638153,-0.01171875,32,0,1,disconnected,-1,-1,0,disconnected,-1,-1,0,10.05474199999945,0.054741999999450286
450,4.9913223630000001,MINUS_5_PROFILE,1,2.6294410228729248,-0,2.6516838073730469,0.02224278450012207,0.0035138680518497513,0.0035138680518497513,0.034658993360525636,0.0079009856004330983,0.049087498337030411,-0.00390625,32,0,1,disconnected,-1,-1,0,disconnected,-1,-1,0,9.8577120000005181,0.14228799999948194
451,5.0014166549999999,MINUS_5_PROFILE,1,2.6292753038624452,-0.033143802095898151,2.6516838073730469,0.02224278450012207,0.0035138680518497513,0.0035138680518497513,0,0.0031655721552790186,0.12271875143051147,-0.0078125,32,0,1,disconnected,-1,-1,0,disconnected,-1,-1,0,10.094291999999783,0.094291999999782661
452,5.011246839,MINUS_5_PROFILE,1,2.628778146831007,-0.066287604191796301,2.6514918804168701,0.022050857543945312,0.0034835478372383759,0.0034835478372383759,-0.034786075360197392,-0.0015543252482979081,-0.24543750286102295,-0.0078125,32,0,1,disconnected,-1,-1,0,disconnected,-1,-1,0,9.8301840000001306,0.1698159999998694
453,5.0212249140000003,MINUS_5_PROFILE,1,2.6279495517786096,-0.099431406287694452,2.6514918804168701,0.022050857543945312,0.0034835478372383759,0.0034835478372383759,-0.052350730269364931,-0.0047029924552564606,-0.098174996674060822,-0.01171875,32,0,1,disconnected,-1,-1,0,disconnected,-1,-1,0,9.9780750000002527,0.021924999999747286
454,5.0314653439999999,MINUS_5_PROFILE,1,2.626789518705253,-0.1325752083835926,2.6509168148040771,0.021475791931152344,0.0033927001879928637,0.0033927001879928637,-0.15647681968239621,-0.029973936496523374,-0.39269998669624329,-0.01171875,32,0,1,disconnected,-1,-1,0,disconnected,-1,-1,0,10.240429999999634,0.24042999999963399
455,5.0414323650000004,MINUS_5_PROFILE,1,2.6252980476109373,-0.16571901047949075,2.6505331993103027,0.02109217643737793,0.0033320974236329837,0.0033320974236329837,-0.2601437654146635,-0.07410089429692425,-0.39269998669624329,-0.01171875,32,0,1,disconnected,-1,-1,0,disconnected,-1,-1,0,9.9670210000004644,0.032978999999535574
456,5.051413631,MINUS_5_PROFILE,1,2.6234751384956629,-0.1988628125753889,2.6495745182037354,0.020133495330810547,0.0031806470100275916,0.0031806470100275916,-0.43139647421408772,-0.14034080445177291,-0.58904999494552612,-0.01171875,32,0,1,disconnected,-1,-1,0,disconnected,-1,-1,0,9.9812659999996001,0.018734000000399931
457,5.0612262829999999,MINUS_5_PROFILE,1,2.6213207913594299,-0.23200661467128711,2.6480405330657959,0.018599510192871094,0.0029383112823138159,0.0029383112823138159,-0.74537952472270486,-0.2618321505850516,-0.58904999494552612,-0.01953125,32,0,1,disconnected,-1,-1,0,disconnected,-1,-1,0,9.8126519999999218,0.18734800000007823
458,5.071411833,MINUS_5_PROFILE,1,2.6188350062022372,-0.2651504167671852,2.646122932434082,0.016681909561157227,0.0026353727902401602,0.0026353727902401602,-1.0974180174509249,-0.424714840944871,-0.31906875967979431,-0.01171875,32,0,1,disconnected,-1,-1,0,disconnected,-1,-1,0,10.185550000000099,0.18555000000009869
459,5.0813202850000003,MINUS_5_PROFILE,1,2.6160177830240863,-0.29829421886308338,2.6438219547271729,0.014380931854248047,0.0022718691986694964,0.0022718691986694964,-1.531213654677664,-0.63611638797123504,-0.24543750286102295,-0.01171875,32,0,1,disconnected,-1,-1,0,disconnected,-1,-1,0,9.9084520000003451,0.091547999999654905
460,5.0914085770000002,MINUS_5_PROFILE,1,2.6128691218249758,-0.33143802095898151,2.6405622959136963,0.011121273040771484,0.0017569151934934402,0.0017569151934934402,-2.0122391486562079,-0.91628280507033166,-0.26998123526573181,-0.01171875,32,0,1,disconnected,-1,-1,0,disconnected,-1,-1,0,10.088291999999832,0.088291999999832171
461,5.1013218980000001,MINUS_5_PROFILE,1,2.6093890226049066,-0.36458182305487968,2.6363439559936523,0.0069029331207275391,0.0010905107747119919,0.0010905107747119919,-2.6145808099483747,-1.279251013837176,-0.44178751111030579,-0.00390625,32,0,1,disconnected,-1,-1,0,disconnected,-1,-1,0,9.913320999999975,0.086679000000025042
462,5.1112393860000003,MINUS_5_PROFILE,1,2.6055774853638782,-0.39772562515077781,2.6330842971801758,0.0036432743072509766,0.0005755567695359357,0.0005755567695359357,-3.0475585696409695,-1.6496362018371982,-0.34361249208450317,-0.0078125,32,0,1,disconnected,-1,-1,0,disconnected,-1,-1,0,9.9174880000001409,0.082511999999859142
463,5.1214189650000002,MINUS_5_PROFILE,1,2.6014345101018908,-0.43086942724667598,2.6307833194732666,0.0013422966003417969,0.0002120531779652718,0.0002120531779652718,-3.0352371057236991,-1.9723141467118777,-0.098174996674060822,-0.01953125,32,0,1,disconnected,-1,-1,0,disconnected,-1,-1,0,10.179578999999883,0.17957899999988314
464,5.1313385589999996,MINUS_5_PROFILE,1,2.5969600968189446,-0.46401322934257422,2.6292493343353271,-0.00019168853759765625,-3.0282549748504178e-05,-3.0282549748504178e-05,-2.5511501662488776,-2.1891411429818266,-0.36815625429153442,-0.02734375,32,0,1,disconnected,-1,-1,0,disconnected,-1,-1,0,9.9195939999994209,0.08040600000057907
465,5.141218093,MINUS_5_PROFILE,1,2.5921542455150393,-0.49715703143847223,2.6284823417663574,-0.00095868110656738281,-0.00015145041360539217,-0.00015145041360539217,-1.7733612230511564,-2.2808940100472199,-0.24543750286102295,-0.02734375,32,0,1,disconnected,-1,-1,0,disconnected,-1,-1,0,9.8795340000004117,0.12046599999958829
466,5.1514784259999997,MINUS_5_PROFILE,1,2.5870169561901752,-0.53030083353437041,2.626948356628418,-0.0024926662445068359,-0.00039378614131916815,-0.00039378614131916815,-1.3160998356346054,-2.266898436688936,-0.53996247053146362,-0.0390625,32,0,1,disconnected,-1,-1,0,disconnected,-1,-1,0,10.260332999999733,0.26033299999973281
467,5.1613676789999996,MINUS_5_PROFILE,1,2.5815482288443521,-0.56344463563026859,2.6259894371032715,-0.0034515857696533203,-0.00054527421978743152,-0.00054527421978743152,-1.0759626355702971,-2.1475180673656773,-0.024543749168515205,-0.0390625,32,0,1,disconnected,-1,-1,0,disconnected,-1,-1,0,9.8892529999998757,0.11074700000012427
468,5.1711934839999998,MINUS_5_PROFILE,1,2.5757480634775698,-0.59658843772616676,2.6242637634277344,-0.0051772594451904297,-0.00081789249724971175,-0.00081789249724971175,-1.1296602930921298,-1.9846904414087676,-0.24543750286102295,-0.04296875,32,0,1,disconnected,-1,-1,0,disconnected,-1,-1,0,9.8258050000001873,0.17419499999981269
469,5.1811923499999999,MINUS_5_PROFILE,1,2.5696164600898288,-0.62973223982206483,2.6223464012145996,-0.0070946216583251953,-0.0011207933244604959,-0.0011207933244604959,-1.3580885446221862,-1.7974584766888895,-0.29452499747276306,-0.05078125,32,0,1,disconnected,-1,-1,0,disconnected,-1,-1,0,9.9988660000001062,0.001133999999893831
470,5.1912037819999997,MINUS_5_PROFILE,1,2.5631534186811287,-0.66287604191796301,2.6192784309387207,-0.010162591934204102,-0.001605464779888048,-0.001605464779888048,-1.731898644652007,-1.6544043603920036,-0.22089375555515289,-0.0390625,32,0,1,disconnected,-1,-1,0,disconnected,-1,-1,0,10.011431999999765,0.011431999999764741
471,5.2012093730000002,MINUS_5_PROFILE,1,2.5563589392514694,-0.69601984401386119,2.6148681640625,-0.014572858810424805,-0.0023021894132808718,-0.0023021894132808718,-2.4734379244645801,-1.6511256697321015,-0.7117687463760376,-0.04296875,32,0,1,disconnected,-1,-1,0,disconnected,-1,-1,0,10.005591000000535,0.0055910000005354732
472,5.2112193619999996,MINUS_5_PROFILE,1,2.5492330218008514,-0.72916364610975937,2.6102662086486816,-0.019174814224243164,-0.0030291965964221994,-0.0030291965964221994,-3.2087241429205839,-1.8347041219054054,-0.31906875967979431,-0.0390625,32,0,1,disconnected,-1,-1,0,disconnected,-1,-1,0,10.009988999999386,0.0099889999993862943
473,5.2212157079999999,MINUS_5_PROFILE,1,2.5417756663292743,-0.76230744820565743,2.6068146228790283,-0.022626399993896484,-0.0035744708162096313,-0.0035744708162096313,-3.6251892730114417,-2.1079201186130998,-0.22089375555515289,-0.0546875,32,0,1,disconnected,-1,-1,0,disconnected,-1,-1,0,9.9963460000003224,0.0036539999996776373
474,5.2312041560000004,MINUS_5_PROFILE,1,2.5339868728367381,-0.79545125030155561,2.6037466526031494,-0.025694370269775391,-0.0040591422716371832,-0.0040591422716371832,-3.5405511147176338,-2.4024785471944905,-0.39269998669624329,-0.0546875,32,0,1,disconnected,-1,-1,0,disconnected,-1,-1,0,9.9884480000005382,0.011551999999461771
475,5.2411870199999999,MINUS_5_PROFILE,1,2.5258666413232431,-0.82859505239745379,2.6008706092834473,-0.028570413589477539,-0.0045134935124533596,-0.0045134935124533596,-3.1261167346203291,-2.6692686478654699,-0.58904999494552612,-0.0703125,32,0,1,disconnected,-1,-1,0,disconnected,-1,-1,0,9.9828639999994806,0.017136000000519402
476,5.2512525139999999,MINUS_5_PROFILE,1,2.517414971788789,-0.86173885449335197,2.5974190235137939,-0.032021999359130859,-0.005058767732240791,-0.005058767732240791,-2.8627229872080631,-2.883321440265735,-0.41724374890327454,-0.0703125,32,0,1,disconnected,-1,-1,0,disconnected,-1,-1,0,10.065494000000008,0.065494000000008157
477,5.2612528300000001,MINUS_5_PROFILE,1,2.5086318642333758,-0.89488265658925015,2.5926253795623779,-0.036815643310546875,-0.0058160574651306236,-0.0058160574651306236,-3.1377531720376721,-3.1095893620067452,-0.41724374890327454,-0.05859375,32,0,1,disconnected,-1,-1,0,disconnected,-1,-1,0,10.000316000000176,0.00031600000017562024
478,5.271362452,MINUS_5_PROFILE,1,2.4995173186570039,-0.92802645868514844,2.5843801498413086,-0.045060873031616211,-0.0071186214178078867,-0.0071186214178078867,-4.2375874697634615,-3.4395103412618435,-0.95720624923706055,-0.04296875,32,0,1,disconnected,-1,-1,0,disconnected,-1,-1,0,10.109621999999874,0.10962199999987376
479,5.2813331579999998,MINUS_5_PROFILE,1,2.4900713350596733,-0.96117026078104639,2.5774772167205811,-0.05196380615234375,-0.0082091321925198794,-0.0082091321925198794,-5.3934061259798218,-3.7993848668249295,-0.63813751935958862,-0.0703125,32,0,1,disconnected,-1,-1,0,disconnected,-1,-1,0,9.9707059999998293,0.029294000000170684
480,5.2913101139999998,MINUS_5_PROFILE,1,2.4802939134413831,-0.99431406287694446,2.5699989795684814,-0.059442043304443359,-0.0093905282813402536,-0.0093905282813402536,-6.3226900969666353,-4.1771656134320958,-1.2026437520980835,-0.05859375,32,0,1,disconnected,-1,-1,0,disconnected,-1,-1,0,9.9769560000000368,0.023043999999963205
481,5.3013669329999997,MINUS_5_PROFILE,1,2.4701850538021342,-1.0274578649728427,2.5584940910339355,-0.070946931838989258,-0.011208046239193574,-0.011208046239193574,-7.4678878654025151,-4.7478646082614224,-1.5462563037872314,-0.02734375,32,0,1,disconnected,-1,-1,0,disconnected,-1,-1,0,10.056818999999884,0.056818999999883602
482,5.3112260009999996,MINUS_5_PROFILE,1,2.4597447561419261,-1.0606016670687408,2.5475645065307617,-0.081876516342163086,-0.01293467888293851,-0.01293467888293851,-8.40244920120373,-5.4880389208859484,-0.85903126001358032,-0.03515625,32,0,1,disconnected,-1,-1,0,disconnected,-1,-1,0,9.8590679999999153,0.14093200000008466
483,5.3212242600000002,MINUS_5_PROFILE,1,2.4489730204607594,-1.0937454691646391,2.5316493511199951,-0.097791671752929688,-0.015448921474184654,-0.015448921474184654,-10.357249923015326,-6.5566038180040058,-1.7180625200271606,-0.01171875,32,0,1,disconnected,-1,-1,0,disconnected,-1,-1,0,9.9982590000005089,0.0017409999994910663
484,5.33136513,MINUS_5_PROFILE,1,2.4379434996521798,-1.1047934031966051,2.5145838260650635,-0.11485719680786133,-0.018144897028784693,-0.018144897028784693,-12.469570131557687,-7.848771970648885,-1.8653249740600586,0,32,0,1,disconnected,-1,-1,0,disconnected,-1,-1,0,10.140869999999857,0.1408699999998575
485,5.3411947980000001,MINUS_5_PROFILE,1,2.4268955656202138,-1.1047934031966051,2.4984769821166992,-0.13096404075622559,-0.020689422169779342,-0.020689422169779342,-13.881187629820282,-9.2029478018497421,-1.8407812118530273,-0.0234375,32,0,1,disconnected,-1,-1,0,disconnected,-1,-1,0,9.8296680000000691,0.17033199999993087
486,5.3513671580000004,MINUS_5_PROFILE,1,2.4158476315882478,-1.1047934031966051,2.4846711158752441,-0.14476990699768066,-0.022870443719203326,-0.022870443719203326,-14.350899929042265,-10.398565907771438,-1.7180625200271606,-0.01171875,32,0,1,disconnected,-1,-1,0,disconnected,-1,-1,0,10.172360000000324,0.17236000000032448
487,5.3613753559999999,MINUS_5_PROFILE,1,2.4047996975562818,-1.1047934031966051,2.4723992347717285,-0.15704178810119629,-0.024809129540913532,-0.024809129540913532,-13.391531232454527,-11.309947602367451,-1.1290124654769897,-0.02734375,32,0,1,disconnected,-1,-1,0,disconnected,-1,-1,0,10.008197999999524,0.008197999999524086
488,5.371313045,MINUS_5_PROFILE,1,2.3937517635243157,-1.1047934031966051,2.4584016799926758,-0.17103934288024902,-0.027020433640086019,-0.027020433640086019,-12.519685997969779,-12.009398515021521,-1.4480812549591064,-0.0078125,32,0,1,disconnected,-1,-1,0,disconnected,-1,-1,0,9.9376890000000273,0.062310999999972694
489,5.3813179760000001,MINUS_5_PROFILE,1,2.3827038294923497,-1.1047934031966051,2.4491977691650391,-0.18024325370788574,-0.028474448006368676,-0.028474448006368676,-11.278096556824982,-12.382374072188925,-1.153556227684021,-0.04296875,32,0,1,disconnected,-1,-1,0,disconnected,-1,-1,0,10.004931000000106,0.0049310000001057119
490,5.3913643069999999,MINUS_5_PROFILE,1,2.3716558954603837,-1.1047934031966051,2.4398021697998047,-0.18963885307312012,-0.029958744922399836,-0.029958744922399836,-10.22770957886639,-12.369279757024723,-1.153556227684021,-0.03515625,32,0,1,disconnected,-1,-1,0,disconnected,-1,-1,0,10.046330999999853,0.046330999999852907
491,5.4013664730000004,MINUS_5_PROFILE,1,2.3606079614284177,-1.1047934031966051,2.4292559623718262,-0.20018506050109863,-0.031624812466647764,-0.031624812466647764,-9.4892082195627019,-12.028809775502422,-1.153556227684021,-0.05078125,32,0,1,disconnected,-1,-1,0,disconnected,-1,-1,0,10.002166000000479,0.0021660000004786184
492,5.4112528290000004,MINUS_5_PROFILE,1,2.3495600273964516,-1.1047934031966051,2.4202437400817871,-0.2091972827911377,-0.033048544283181915,-0.033048544283181915,-8.7190324962370251,-11.473505890596712,-1.2762750387191772,-0.04296875,32,0,1,disconnected,-1,-1,0,disconnected,-1,-1,0,9.886355999999985,0.11364400000001496
493,5.421357414,MINUS_5_PROFILE,1,2.3385120933644856,-1.1047934031966051,2.4068214893341064,-0.22261953353881836,-0.035168963068246017,-0.035168963068246017,-9.4458961941499879,-10.873110523082921,-1.8898687362670898,-0.01171875,32,0,1,disconnected,-1,-1,0,disconnected,-1,-1,0,10.104584999999666,0.10458499999966619
494,5.4313709430000001,MINUS_5_PROFILE,1,2.3274641593325196,-1.1047934031966051,2.3943579196929932,-0.23508310317993164,-0.03713793143970473,-0.03713793143970473,-10.259092698472505,-10.41334521726899,-1.2026437520980835,-0.0234375,32,0,1,disconnected,-1,-1,0,disconnected,-1,-1,0,10.013529000000077,0.013529000000076508
495,5.4413208480000002,MINUS_5_PROFILE,1,2.3164162253005536,-1.1047934031966051,2.3784427642822266,-0.25099825859069824,-0.039652174030950872,-0.039652174030950872,-11.539483044658787,-10.317497312032964,-1.5217125415802002,-0.0078125,32,0,1,disconnected,-1,-1,0,disconnected,-1,-1,0,9.9499050000000366,0.050094999999963363
496,5.4513220359999996,MINUS_5_PROFILE,1,2.3053682912685876,-1.1047934031966051,2.3632946014404297,-0.26614642143249512,-0.042045248758340127,-0.042045248758340127,-12.863680068459965,-10.528517727879347,-1.8653249740600586,0,32,0,1,disconnected,-1,-1,0,disconnected,-1,-1,0,10.001187999999495,0.0011879999994945933
497,5.4613654939999998,MINUS_5_PROFILE,1,2.2943203572366211,-1.1047934031966051,2.3466126918792725,-0.28282833099365234,-0.044680621548580289,-0.044680621548580289,-13.715967433840847,-10.984990364967219,-1.4726250171661377,-0.00390625,32,0,1,disconnected,-1,-1,0,disconnected,-1,-1,0,10.043458000000172,0.043458000000171637
498,5.4713798740000001,MINUS_5_PROFILE,1,2.2832724232046555,-1.1047934031966051,2.3303139209747314,-0.29912710189819336,-0.047255466904186312,-0.047255466904186312,-14.466107568267216,-11.580163005153583,-1.3744499683380127,0,32,0,1,disconnected,-1,-1,0,disconnected,-1,-1,0,10.014380000000322,0.014380000000322468
499,5.4813722030000003,MINUS_5_PROFILE,1,2.272224489172689,-1.1047934031966051,2.3195760250091553,-0.30986499786376953,-0.048951816998182747,-0.048951816998182747,-13.620621783496372,-12.143221793699652,-1.4480812549591064,-0.0234375,32,0,1,disconnected,-1,-1,0,disconnected,-1,-1,0,9.992329000000133,0.0076709999998669787
500,5.4913676860000002,MINUS_5_PROFILE,1,2.261176555140723,-1.1047934031966051,2.3080711364746094,-0.32136988639831543,-0.050769334956036062,-0.050769334956036062,-12.433355127010268,-12.49234279403478,-1.1780999898910522,-0.01171875,32,0,1,disconnected,-1,-1,0,disconnected,-1,-1,0,9.9954829999999717,0.0045170000000283039
501,5.5013697749999997,MINUS_5_PROFILE,1,2.2502943401192366,-1.0716496011007068,2.3000178337097168,-0.32942318916320801,-0.052041578694101955,-0.052041578694101955,-10.449013480092489,-12.472616928391522,-1.0308375358581543,-0.0390625,32,0,1,disconnected,-1,-1,0,disconnected,-1,-1,0,10.002088999999437,0.0020889999994366804
502,5.5113586789999998,MINUS_5_PROFILE,1,2.2397435631187088,-1.038505799004809,2.2923479080200195,-0.33709311485290527,-0.053253257332670834,-0.053253257332670834,-8.647136407479401,-12.139915345598219,-0.95720624923706055,-0.03515625,32,0,1,disconnected,-1,-1,0,disconnected,-1,-1,0,9.9889040000000762,0.011095999999923833
503,5.5214200099999999,MINUS_5_PROFILE,1,2.2295242241391406,-1.0053619969089107,2.2829523086547852,-0.34648871421813965,-0.05473755424870199,-0.05473755424870199,-8.0461107039304913,-11.515759942857697,-1.3253624439239502,-0.0390625,32,0,1,disconnected,-1,-1,0,disconnected,-1,-1,0,10.061331000000173,0.061331000000173219
504,5.5313810050000001,MINUS_5_PROFILE,1,2.2196363231805307,-0.97221819481301253,2.2773914337158203,-0.35204958915710449,-0.055616049510311585,-0.055616049510311585,-7.0936892923100512,-10.651301732808978,-0.58904999494552612,-0.05078125,32,0,1,disconnected,-1,-1,0,disconnected,-1,-1,0,9.960995000000139,0.039004999999860956
505,5.5412377069999996,MINUS_5_PROFILE,1,2.2100798602428799,-0.93907439271711424,2.2735567092895508,-0.35588431358337402,-0.056221851164733154,-0.056221851164733154,-6.1622810602354097,-9.5023576026136674,-0.22089375555515289,-0.06640625,32,0,1,disconnected,-1,-1,0,disconnected,-1,-1,0,9.8567019999995509,0.14329800000044912
506,5.551404786,MINUS_5_PROFILE,1,2.2008548353261883,-0.90593059062121606,2.2678041458129883,-0.36163687705993652,-0.057130628976091252,-0.057130628976091252,-5.2998460270739232,-8.372858218438628,-1.1780999898910522,-0.05078125,32,0,1,disconnected,-1,-1,0,disconnected,-1,-1,0,10.167079000000356,0.16707900000035636
507,5.5612620469999996,MINUS_5_PROFILE,1,2.1919612484304558,-0.87278678852531788,2.2605178356170654,-0.36892318725585938,-0.05828170485030025,-0.05828170485030025,-4.9437204502328624,-7.3867400527076965,-0.68722498416900635,-0.04296875,32,0,1,disconnected,-1,-1,0,disconnected,-1,-1,0,9.8572609999996175,0.14273900000038253
508,5.5713959820000003,MINUS_5_PROFILE,1,2.1833990995556825,-0.83964298642942004,2.2543818950653076,-0.37505912780761719,-0.059251047761155355,-0.059251047761155355,-5.3432797030783803,-6.6236756235844689,-0.41724374890327454,-0.0546875,32,0,1,disconnected,-1,-1,0,disconnected,-1,-1,0,10.133935000000704,0.13393500000070446
509,5.5813204369999996,MINUS_5_PROFILE,1,2.1751683887018674,-0.80649918433352186,2.2493963241577148,-0.38004469871520996,-0.060038657708656559,-0.060038657708656559,-5.579539748866444,-6.1142132274296825,-0.36815625429153442,-0.0546875,32,0,1,disconnected,-1,-1,0,disconnected,-1,-1,0,9.924454999999277,0.075545000000722951
510,5.5913733859999999,MINUS_5_PROFILE,1,2.1672691158690118,-0.77335538223762368,2.2430686950683594,-0.38637232780456543,-0.061038283169260167,-0.061038283169260167,-5.4842358544375625,-5.7278491533705544,-0.68722498416900635,-0.0390625,32,0,1,disconnected,-1,-1,0,disconnected,-1,-1,0,10.052949000000311,0.052949000000310775
511,5.6014066700000003,MINUS_5_PROFILE,1,2.159701281057115,-0.7402115801417255,2.2334811687469482,-0.39595985412597656,-0.062552900299902708,-0.062552900299902708,-5.9030607282489012,-5.6740894785039817,-1.0308375358581543,-0.03515625,32,0,1,disconnected,-1,-1,0,disconnected,-1,-1,0,10.033284000000364,0.033284000000364244
512,5.6112592079999999,MINUS_5_PROFILE,1,2.1524648842661773,-0.70706777804582743,2.2260031700134277,-0.40343785285949707,-0.06373425872386021,-0.06373425872386021,-6.5903120760233751,-5.7155072144775145,-1.0553812980651855,-0.04296875,32,0,1,disconnected,-1,-1,0,disconnected,-1,-1,0,9.8525379999996332,0.1474620000003668
513,5.6213211090000001,MINUS_5_PROFILE,1,2.1455599254961983,-0.67392397594992925,2.2194836139678955,-0.4099574089050293,-0.064764204399075195,-0.064764204399075195,-6.9673109385776488,-5.7931723708703897,-0.9817500114440918,-0.0390625,32,0,1,disconnected,-1,-1,0,disconnected,-1,-1,0,10.061901000000262,0.061901000000261774
514,5.6314058469999999,MINUS_5_PROFILE,1,2.1389864047471785,-0.64078017385403097,2.2100880146026611,-0.41935300827026367,-0.066248501315106345,-0.066248501315106345,-7.2392811129358972,-6.1172469906249942,-1.1290124654769897,-0.01953125,32,0,1,disconnected,-1,-1,0,disconnected,-1,-1,0,10.08473799999976,0.08473799999975995
515,5.6413175439999996,MINUS_5_PROFILE,1,2.1327443220191178,-0.60763637175813279,2.2028014659881592,-0.42663955688476562,-0.067399614854178225,-0.067399614854178225,-6.997217022300033,-6.4192238849536407,-0.7117687463760376,-0.0390625,32,0,1,disconnected,-1,-1,0,disconnected,-1,-1,0,9.9116969999997195,0.088303000000280463
516,5.6513282330000001,MINUS_5_PROFILE,1,2.1268336773120158,-0.57449256966223472,2.1974325180053711,-0.43200850486755371,-0.068247789901176442,-0.068247789901176442,-6.6738357572402434,-6.5225696261732757,-0.6626812219619751,-0.0390625,32,0,1,disconnected,-1,-1,0,disconnected,-1,-1,0,10.010689000000461,0.010689000000461135
517,5.6612596860000002,MINUS_5_PROFILE,1,2.1212544706258729,-0.54134876756633654,2.1903378963470459,-0.43910312652587891,-0.069368583225636937,-0.069368583225636937,-6.4355956550782736,-6.5718597274280377,-1.3253624439239502,-0.0234375,32,0,1,disconnected,-1,-1,0,disconnected,-1,-1,0,9.93145300000009,0.068546999999909985
518,5.6714613150000002,MINUS_5_PROFILE,1,2.1160067019606892,-0.50820496547043825,2.1813256740570068,-0.44811534881591797,-0.070792315042171081,-0.070792315042171081,-6.3334773909861832,-6.7127577385118729,-0.4908750057220459,-0.01953125,32,0,1,disconnected,-1,-1,0,disconnected,-1,-1,0,10.20162899999999,0.20162899999998984
519,5.681319545,MINUS_5_PROFILE,1,2.1110903713164642,-0.47506116337454007,2.1738476753234863,-0.45559334754943848,-0.071973673466128596,-0.071973673466128596,-6.6911761954303577,-6.8128838733630417,-1.1044687032699585,-0.0234375,32,0,1,disconnected,-1,-1,0,disconnected,-1,-1,0,9.8582299999998568,0.14177000000014317
520,5.6914095140000001,MINUS_5_PROFILE,1,2.1065054786931983,-0.4419173612786419,2.1654107570648193,-0.46403026580810547,-0.073306519968554362,-0.073306519968554362,-7.2740828568578513,-6.8432427878332334,-1.3744499683380127,-0.00390625,32,0,1,disconnected,-1,-1,0,disconnected,-1,-1,0,10.089969000000032,0.08996900000003194
521,5.7014170430000002,MINUS_5_PROFILE,1,2.1022520240908915,-0.40877355918274411,2.1563985347747803,-0.47304248809814453,-0.074730251785088506,-0.074730251785088506,-7.5652432407350743,-6.8641252594973352,-1.3499062061309814,-0.0078125,32,0,1,disconnected,-1,-1,0,disconnected,-1,-1,0,10.007529000000126,0.0075290000001260182
522,5.7112605089999997,MINUS_5_PROFILE,1,2.0983300075095435,-0.37562975708684593,2.1514132022857666,-0.4780278205871582,-0.075517824067726849,-0.075517824067726849,-7.0176417514254013,-6.8541344092435414,-0.90811872482299805,-0.0234375,32,0,1,disconnected,-1,-1,0,disconnected,-1,-1,0,9.8434659999995233,0.15653400000047668
523,5.7213234819999998,MINUS_5_PROFILE,1,2.0947394289491545,-0.34248595499094775,2.147578239440918,-0.48186278343200684,-0.076123663387011292,-0.076123663387011292,-6.0327880378303478,-6.6985341523218134,-0.44178751111030579,-0.0234375,32,0,1,disconnected,-1,-1,0,disconnected,-1,-1,0,10.062973000000142,0.06297300000014161
524,5.7314071039999996,MINUS_5_PROFILE,1,2.0914802884097248,-0.30934215289504957,2.1429762840270996,-0.4864647388458252,-0.076850670570152615,-0.076850670570152615,-4.8628354486914835,-6.4039821140945863,-0.9817500114440918,-0.01953125,32,0,1,disconnected,-1,-1,0,disconnected,-1,-1,0,10.083621999999792,0.083621999999792251
525,5.7413210929999998,MINUS_5_PROFILE,1,2.0885525858912537,-0.27619835079915134,2.1377990245819092,-0.49164199829101562,-0.07766856306740233,-0.07766856306740233,-4.1320331122782656,-6.1573157574098643,-0.61359375715255737,-0.0078125,32,0,1,disconnected,-1,-1,0,disconnected,-1,-1,0,9.9139890000001785,0.086010999999821536
526,5.7513981909999998,MINUS_5_PROFILE,1,2.0859563213937413,-0.24305454870325321,2.1326217651367188,-0.49681925773620605,-0.078486455564652044,-0.078486455564652044,-4.2748411038962875,-5.8886165893398417,-0.4908750057220459,-0.01171875,32,0,1,disconnected,-1,-1,0,disconnected,-1,-1,0,10.077098000000007,0.07709800000000655
527,5.7612299670000002,MINUS_5_PROFILE,1,2.0836914949171885,-0.20991074660735501,2.1291704177856445,-0.50027060508728027,-0.079031692119576599,-0.079031692119576599,-4.2786795510370395,-5.454386045877663,-0.80994373559951782,-0.01171875,32,0,1,disconnected,-1,-1,0,disconnected,-1,-1,0,9.8317760000004029,0.16822399999959714
528,5.7714132319999996,MINUS_5_PROFILE,1,2.0817581064615944,-0.17676694451145686,2.1268694400787354,-0.50257158279418945,-0.079395195711147268,-0.079395195711147268,-3.6983381996485156,-4.8984870281233288,-0.39269998669624329,-0.0234375,32,0,1,disconnected,-1,-1,0,disconnected,-1,-1,0,10.183264999999331,0.18326499999933077
529,5.7812598939999997,MINUS_5_PROFILE,1,2.0801561560269595,-0.14362314241555868,2.1251435279846191,-0.50429749488830566,-0.079667851653472413,-0.079667851653472413,-2.8151116811835943,-4.3367455589487722,-0.39269998669624329,-0.0234375,32,0,1,disconnected,-1,-1,0,disconnected,-1,-1,0,9.8466620000001726,0.15333799999982745
530,5.791353258,MINUS_5_PROFILE,1,2.0788856436132832,-0.11047934031966047,2.123417854309082,-0.50602316856384277,-0.079940469930934691,-0.079940469930934691,-2.0312383686306004,-3.7524035785594569,-0.68722498416900635,-0.0234375,32,0,1,disconnected,-1,-1,0,disconnected,-1,-1,0,10.093364000000271,0.093364000000271119
531,5.8014107920000004,MINUS_5_PROFILE,1,2.0779465692205661,-0.07733553822376231,2.1220755577087402,-0.50736546516418457,-0.080152523108899962,-0.080152523108899962,-1.5921272340588632,-3.2229101897135743,-0.46633124351501465,-0.0234375,32,0,1,disconnected,-1,-1,0,disconnected,-1,-1,0,10.057534000000423,0.057534000000423191
532,5.811195852,MINUS_5_PROFILE,1,2.0773389328488081,-0.044191736127864117,2.1197745800018311,-0.50966644287109375,-0.08051602670047063,-0.08051602670047063,-1.5659532204857318,-2.8804677195667381,-0.7608562707901001,-0.01171875,32,0,1,disconnected,-1,-1,0,disconnected,-1,-1,0,9.785059999999568,0.21494000000043201
533,5.821189221,MINUS_5_PROFILE,1,2.0770627344980088,-0.011047934031965937,2.1170902252197266,-0.51235079765319824,-0.080940095391538305,-0.080940095391538305,-1.7920652977222638,-2.5940682008628908,-0.63813751935958862,-0.00390625,32,0,1,disconnected,-1,-1,0,disconnected,-1,-1,0,9.9933690000000297,0.0066309999999702995
534,5.8312019020000001,MINUS_5_PROFILE,1,2.0770443212746224,-0,2.114405632019043,-0.51503539085388184,-0.081364201747468848,-0.081364201747468848,-2.0936304866660063,-2.3233003344922203,-0.41724374890327454,-0.00390625,32,0,1,disconnected,-1,-1,0,disconnected,-1,-1,0,10.012681000000079,0.012681000000078768
535,5.8411988959999999,MINUS_5_HOLD,1,2.0770443212746224,0,2.1111459732055664,-0.5182950496673584,-0.0818791557526449,-0.0818791557526449,-2.4753681193964323,-2.1399123975162428,-0.4908750057220459,-0.00390625,32,0,1,disconnected,-1,-1,0,disconnected,-1,-1,0,9.9969939999997592,0.0030060000002407605
536,5.8511951470000003,MINUS_5_HOLD,1,2.0770443212746224,0,2.1084616184234619,-0.52097940444946289,-0.082303224443712575,-0.082303224443712575,-2.5858013974619105,-2.0612659829397462,-0.44178751111030579,-0.0078125,32,0,1,disconnected,-1,-1,0,disconnected,-1,-1,0,9.9962510000004556,0.0037489999995443668
537,5.8611922989999998,MINUS_5_HOLD,1,2.0770443212746224,0,2.1071193218231201,-0.52232170104980469,-0.082515277621677846,-0.082515277621677846,-2.3430976246471715,-2.051225837303285,-0.63813751935958862,-0.00390625,32,0,1,disconnected,-1,-1,0,disconnected,-1,-1,0,9.9971519999995095,0.0028480000004904582
538,5.8711935349999997,MINUS_5_HOLD,1,2.0770443212746224,0,2.1063523292541504,-0.52308869361877441,-0.08263644548553474,-0.08263644548553474,-1.822742069232036,-2.0347982788694026,-0.22089375555515289,-0.0078125,32,0,1,disconnected,-1,-1,0,disconnected,-1,-1,0,10.001235999999913,0.0012359999999134175
539,5.881228718,MINUS_5_HOLD,1,2.0770443212746224,0,2.1057770252227783,-0.52366399765014648,-0.082727330799643117,-0.082727330799643117,-1.1619628479177899,-1.9651465931576753,-0.024543749168515205,-0.0078125,32,0,1,disconnected,-1,-1,0,disconnected,-1,-1,0,10.035183000000281,0.035183000000280629
540,5.8911923420000001,MINUS_5_HOLD,1,2.0770443212746224,0,2.105393648147583,-0.5240473747253418,-0.082787895899140124,-0.082787895899140124,-0.676706613300464,-1.824618621082754,0,-0.01171875,32,0,1,disconnected,-1,-1,0,disconnected,-1,-1,0,9.9636240000000598,0.036375999999940234
541,5.9012910200000004,MINUS_5_HOLD,1,2.0770443212746224,0,2.1050100326538086,-0.52443099021911621,-0.082848498663500011,-0.082848498663500011,-0.46764748530530886,-1.6206001357081812,-0.17180624604225159,-0.0078125,32,0,1,disconnected,-1,-1,0,disconnected,-1,-1,0,10.098678000000305,0.098678000000305133
542,5.9113099,MINUS_5_HOLD,1,2.0770443212746224,0,2.1048183441162109,-0.52462267875671387,-0.082878781213248515,-0.082878781213248515,-0.34606844193266501,-1.3395796037309438,-0.22089375555515289,-0.0078125,32,0,1,disconnected,-1,-1,0,disconnected,-1,-1,0,10.018879999999619,0.018879999999619201
543,5.9212300459999998,MINUS_5_HOLD,1,2.0770443212746224,0,2.1048183441162109,-0.52462267875671387,-0.082878781213248515,-0.082878781213248515,-0.22549862345528673,-1.032423480566822,-0.098174996674060822,-0.00390625,32,0,1,disconnected,-1,-1,0,disconnected,-1,-1,0,9.9201459999997965,0.079854000000203484
544,5.9312265809999998,MINUS_5_HOLD,1,2.0770443212746224,0,2.1046266555786133,-0.52481436729431152,-0.082909063762997018,-0.082909063762997018,-0.15636213218819131,-0.74256445039158003,-0.26998123526573181,-0.01171875,32,0,1,disconnected,-1,-1,0,disconnected,-1,-1,0,9.9965349999999731,0.0034650000000269188
545,5.941205504,MINUS_5_HOLD,1,2.0770443212746224,0,2.1046266555786133,-0.52481436729431152,-0.082909063762997018,-0.082909063762997018,-0.087001444692193272,-0.48262350044052821,-0.24543750286102295,-0.01171875,32,0,1,disconnected,-1,-1,0,disconnected,-1,-1,0,9.9789230000002505,0.021076999999749546
546,5.9512253729999998,MINUS_5_HOLD,1,2.0770443212746224,0,2.1046266555786133,-0.52481436729431152,-0.082909063762997018,-0.082909063762997018,-0.052147626015826426,-0.30290437245140728,-0.26998123526573181,-0.01171875,32,0,1,disconnected,-1,-1,0,disconnected,-1,-1,0,10.019868999999737,0.019868999999737014
547,5.9612239699999998,MINUS_5_HOLD,1,2.0770443212746224,0,2.1048183441162109,-0.52462267875671387,-0.082878781213248515,-0.082878781213248515,1.635975643341475e-05,-0.19410477403131576,0.17180624604225159,-0.01953125,32,0,1,disconnected,-1,-1,0,disconnected,-1,-1,0,9.9985970000000535,0.0014029999999465304
548,5.9712248839999997,MINUS_5_HOLD,1,2.0770443212746224,0,2.1046266555786133,-0.52481436729431152,-0.082909063762997018,-0.082909063762997018,0.017350085332573283,-0.12943170008658436,-0.073631249368190765,-0.01953125,32,0,1,disconnected,-1,-1,0,disconnected,-1,-1,0,10.000913999999916,0.0009139999999163706
549,5.9812106790000001,MINUS_5_HOLD,1,2.0770443212746224,0,2.1044347286224365,-0.52500629425048828,-0.082939383977608389,-0.082939383977608389,-0.034714471496720939,-0.089992039917270769,-0.24543750286102295,-0.01171875,32,0,1,disconnected,-1,-1,0,disconnected,-1,-1,0,9.9857950000004081,0.014204999999591905
550,5.9912878909999998,MINUS_5_HOLD,1,2.0770443212746224,0,2.1044347286224365,-0.52500629425048828,-0.082939383977608389,-0.082939383977608389,-0.069381451719828596,-0.063142218638541053,-0.12271875143051147,-0.0078125,32,0,1,disconnected,-1,-1,0,disconnected,-1,-1,0,10.077211999999669,0.07721199999966899
551,6.0013241300000004,MINUS_5_HOLD,1,2.0770443212746224,0,2.1044347286224365,-0.52500629425048828,-0.082939383977608389,-0.082939383977608389,-0.086517840224660358,-0.044182551018368377,-0.19634999334812164,-0.0078125,32,0,1,disconnected,-1,-1,0,disconnected,-1,-1,0,10.036239000000613,0.036239000000612975
552,6.0113164689999996,MINUS_5_HOLD,1,2.0770443212746224,0,2.1046266555786133,-0.52481436729431152,-0.082909063762997018,-0.082909063762997018,-7.3709954534994104e-06,-0.028387693123499876,0.14726249873638153,-0.01171875,32,0,1,disconnected,-1,-1,0,disconnected,-1,-1,0,9.9923389999991841,0.0076610000008159318
553,6.0213252710000003,MINUS_5_HOLD,1,2.0770443212746224,0,2.1044347286224365,-0.52500629425048828,-0.082939383977608389,-0.082939383977608389,0.017323698659569991,-0.026801774226213076,-0.17180624604225159,-0.01171875,32,0,1,disconnected,-1,-1,0,disconnected,-1,-1,0,10.008802000000649,0.008802000000649457
554,6.0312866950000004,MINUS_5_HOLD,1,2.0770443212746224,0,2.1044347286224365,-0.52500629425048828,-0.082939383977608389,-0.082939383977608389,1.4554426978209244e-05,-0.022080361486405221,-0.17180624604225159,-0.01171875,32,0,1,disconnected,-1,-1,0,disconnected,-1,-1,0,9.9614240000001075,0.038575999999892474
555,6.0412242159999998,MINUS_5_HOLD,1,2.0770443212746224,0,2.1042430400848389,-0.52519798278808594,-0.082969666527356892,-0.082969666527356892,-0.052152444077980253,-0.031532285387970184,-0.44178751111030579,-0.0078125,32,0,1,disconnected,-1,-1,0,disconnected,-1,-1,0,9.9375209999994496,0.0624790000005504
556,6.0512293330000002,MINUS_5_HOLD,1,2.0770443212746224,0,2.1042430400848389,-0.52519798278808594,-0.082969666527356892,-0.082969666527356892,-0.087032929295574962,-0.037849284735394575,-0.53996247053146362,-0.01171875,32,0,1,disconnected,-1,-1,0,disconnected,-1,-1,0,10.005117000000396,0.0051170000003963878
557,6.0612226519999997,MINUS_5_HOLD,1,2.0770443212746224,0,2.1044347286224365,-0.52500629425048828,-0.082939383977608389,-0.082939383977608389,-0.017334430741663558,-0.033136446293655308,-0.14726249873638153,-0.0078125,32,0,1,disconnected,-1,-1,0,disconnected,-1,-1,0,9.9933189999994454,0.0066810000005546044
558,6.0712278150000003,MINUS_5_HOLD,1,2.0770443212746224,0,2.1044347286224365,-0.52500629425048828,-0.082939383977608389,-0.082939383977608389,0.017431618611288686,-0.017359324678689936,-0.073631249368190765,-0.00390625,32,0,1,disconnected,-1,-1,0,disconnected,-1,-1,0,10.00516300000065,0.0051630000006497312
559,6.0812929560000004,MINUS_5_HOLD,1,2.0770443212746224,0,2.1044347286224365,-0.52500629425048828,-0.082939383977608389,-0.082939383977608389,0.051954197690585138,-0.0078757464757732154,-0.14726249873638153,-0.0078125,32,0,1,disconnected,-1,-1,0,disconnected,-1,-1,0,10.065141000000111,0.065141000000110694
560,6.0912819809999998,MINUS_5_HOLD,1,2.0770443212746224,0,2.1042430400848389,-0.52519798278808594,-0.082969666527356892,-0.082969666527356892,-1.6285629836860185e-05,-0.014198954157728032,-0.46633124351501465,-0.00390625,32,0,1,disconnected,-1,-1,0,disconnected,-1,-1,0,9.9890249999994296,0.01097500000057039
561,6.1012853439999999,MINUS_5_HOLD,1,2.0770443212746224,0,2.1044347286224365,-0.52500629425048828,-0.082939383977608389,-0.082939383977608389,-0.017322745651928952,-0.011039710262506244,-0.24543750286102295,-0.01171875,32,0,1,disconnected,-1,-1,0,disconnected,-1,-1,0,10.003363000000043,0.0033630000000428595
562,6.1112282169999999,MINUS_5_HOLD,1,2.0770443212746224,0,2.1044347286224365,-0.52500629425048828,-0.082939383977608389,-0.082939383977608389,-3.2481876199730659e-05,-0.0078856352558265928,-0.19634999334812164,-0.0234375,32,0,1,disconnected,-1,-1,0,disconnected,-1,-1,0,9.9428729999999632,0.057127000000036787
563,6.1212325349999999,MINUS_5_HOLD,1,2.0770443212746224,0,2.1042430400848389,-0.52519798278808594,-0.082969666527356892,-0.082969666527356892,-0.017387160885280313,-0.0031465638653925235,-0.44178751111030579,-0.0078125,32,0,1,disconnected,-1,-1,0,disconnected,-1,-1,0,10.004318000000012,0.0043180000000120344
564,6.1312627500000003,MINUS_5_HOLD,1,2.0770443212746224,0,2.1044347286224365,-0.52500629425048828,-0.082939383977608389,-0.082939383977608389,0.017385457405231612,0.0031605825678655526,-0.073631249368190765,-0.01171875,32,0,1,disconnected,-1,-1,0,disconnected,-1,-1,0,10.030215000000453,0.030215000000453074
565,6.1412788819999999,MINUS_5_HOLD,1,2.0770443212746224,0,2.1044347286224365,-0.52500629425048828,-0.082939383977608389,-0.082939383977608389,4.3376083837573412e-05,0.0094625678351853704,-0.049087498337030411,-0.00390625,32,0,1,disconnected,-1,-1,0,disconnected,-1,-1,0,10.016131999999622,0.016131999999622337
566,6.151253949,MINUS_5_HOLD,1,2.0770443212746224,0,2.1044347286224365,-0.52500629425048828,-0.082939383977608389,-0.082939383977608389,0.017349153718254309,0.0063090888135685363,-0.024543749168515205,-0.0234375,32,0,1,disconnected,-1,-1,0,disconnected,-1,-1,0,9.9750670000000596,0.024932999999940364
567,6.1612853679999997,MINUS_5_HOLD,1,2.0770443212746224,0,2.1044347286224365,-0.52500629425048828,-0.082939383977608389,-0.082939383977608389,0.034686319540315959,0.0015771605697155358,-0.024543749168515205,-0.0234375,32,0,1,disconnected,-1,-1,0,disconnected,-1,-1,0,10.031418999999708,0.031418999999708319
568,6.1712830009999999,MINUS_5_HOLD,1,2.0770443212746224,0,2.1044347286224365,-0.52500629425048828,-0.082939383977608389,-0.082939383977608389,0,0.0047327890240559094,-0.024543749168515205,-0.01171875,32,0,1,disconnected,-1,-1,0,disconnected,-1,-1,0,9.9976330000002278,0.0023669999997721902
569,6.1812312949999999,MINUS_5_HOLD,1,2.0770443212746224,0,2.1044347286224365,-0.52500629425048828,-0.082939383977608389,-0.082939383977608389,0,0.0078920822616733045,-0.31906875967979431,-0.01171875,32,0,1,disconnected,-1,-1,0,disconnected,-1,-1,0,9.9482939999999687,0.051706000000031338
570,6.1912279779999997,MINUS_5_HOLD,1,2.0770443212746224,0,2.1044347286224365,-0.52500629425048828,-0.082939383977608389,-0.082939383977608389,0,0.011046433549241591,-0.049087498337030411,-0.01171875,32,0,1,disconnected,-1,-1,0,disconnected,-1,-1,0,9.9966829999997842,0.0033170000002158417
571,6.2013179249999997,MINUS_5_HOLD,1,2.0770443212746224,0,2.1042430400848389,-0.52519798278808594,-0.082969666527356892,-0.082969666527356892,-0.034778710646194248,-0.003157501188054905,-0.39269998669624329,-0.0078125,32,0,1,disconnected,-1,-1,0,disconnected,-1,-1,0,10.089946999999988,0.089946999999988009
572,6.211324244,MINUS_5_HOLD,1,2.0770443212746224,0,2.1042430400848389,-0.52519798278808594,-0.082969666527356892,-0.082969666527356892,-0.052028817116937902,-0.007889388685528154,-0.26998123526573181,-0.0078125,32,0,1,disconnected,-1,-1,0,disconnected,-1,-1,0,10.006319000000374,0.0063190000003743307
573,6.2213223849999997,MINUS_5_HOLD,1,2.0770443212746224,0,2.1042430400848389,-0.52519798278808594,-0.082969666527356892,-0.082969666527356892,-0.051953321362813894,-0.011042693632718224,-0.34361249208450317,-0.0078125,32,0,1,disconnected,-1,-1,0,disconnected,-1,-1,0,9.9981409999996274,0.0018590000003726459
574,6.231239253,MINUS_5_HOLD,1,2.0770443212746224,0,2.1046266555786133,-0.52481436729431152,-0.082909063762997018,-0.082909063762997018,0.034460618950817416,-0.0063239097108514193,0.34361249208450317,-0.0234375,32,0,1,disconnected,-1,-1,0,disconnected,-1,-1,0,9.9168680000003562,0.083131999999643824
575,6.2412658260000002,FINAL_CENTER_PROFILE,1,2.0770443212746224,0,2.1044347286224365,-0.52500629425048828,-0.082939383977608389,-0.082939383977608389,0.06944782642370291,-0.0031734183847272842,0,-0.0234375,32,0,1,disconnected,-1,-1,0,disconnected,-1,-1,0,10.026573000000205,0.026573000000205127
576,6.2512146790000003,FINAL_CENTER_PROFILE,1,2.0772100402851015,0.033143802095898151,2.1044347286224365,-0.52500629425048828,-0.082939383977608389,-0.082939383977608389,0.05210592341217346,-2.3471368405302429e-05,0.024543749168515205,-0.01171875,32,0,1,disconnected,-1,-1,0,disconnected,-1,-1,0,9.9488530000000353,0.051146999999964748
577,6.2612309279999998,FINAL_CENTER_PROFILE,1,2.0777071973165402,0.066287604191796301,2.1044347286224365,-0.52500629425048828,-0.082939383977608389,-0.082939383977608389,0.017256256834756394,0.0031309279872515951,0.049087498337030411,-0.01171875,32,0,1,disconnected,-1,-1,0,disconnected,-1,-1,0,10.016248999999533,0.016248999999532998
578,6.2712963569999998,FINAL_CENTER_PROFILE,1,2.0785357923689376,0.099431406287694452,2.1044347286224365,-0.52500629425048828,-0.082939383977608389,-0.082939383977608389,-0.034706853977942952,0.0062834438611166716,0.049087498337030411,-0.0078125,32,0,1,disconnected,-1,-1,0,disconnected,-1,-1,0,10.065428999999959,0.065428999999959103
579,6.2812104849999999,FINAL_CENTER_PROFILE,1,2.0796958254422941,0.1325752083835926,2.1044347286224365,-0.52500629425048828,-0.082939383977608389,-0.082939383977608389,0,0.0094384856811332088,-0.049087498337030411,-0.01171875,32,0,1,disconnected,-1,-1,0,disconnected,-1,-1,0,9.9141280000001331,0.085871999999866944
580,6.2912279670000002,FINAL_CENTER_PROFILE,1,2.0811872965366094,0.16571901047949075,2.1044347286224365,-0.52500629425048828,-0.082939383977608389,-0.082939383977608389,0,0.012601297687433115,-0.17180624604225159,-0.01171875,32,0,1,disconnected,-1,-1,0,disconnected,-1,-1,0,10.0174820000003,0.017482000000299536
581,6.3012323749999997,FINAL_CENTER_PROFILE,1,2.0830102056518838,0.1988628125753889,2.1046266555786133,-0.52481436729431152,-0.082909063762997018,-0.082909063762997018,0.034777221023106479,0.023675380487802079,0.024543749168515205,-0.00390625,32,0,1,disconnected,-1,-1,0,disconnected,-1,-1,0,10.004407999999465,0.004407999999465062
582,6.3113182769999998,FINAL_CENTER_PROFILE,1,2.0851645527881173,0.23200661467128711,2.1048183441162109,-0.52462267875671387,-0.082878781213248515,-0.082878781213248515,0.086872390436037839,0.031574419278022757,0.098174996674060822,0,32,0,1,disconnected,-1,-1,0,disconnected,-1,-1,0,10.085902000000146,0.085902000000146472
583,6.3213178250000004,FINAL_CENTER_PROFILE,1,2.0876503379453095,0.2651504167671852,2.1048183441162109,-0.52462267875671387,-0.082878781213248515,-0.082878781213248515,0.1038768282232273,0.034722306637380788,-0.024543749168515205,0,32,0,1,disconnected,-1,-1,0,disconnected,-1,-1,0,9.9995480000005799,0.00045199999942013847
584,6.3312574540000002,FINAL_CENTER_PROFILE,1,2.0904675611234609,0.29829421886308338,2.1048183441162109,-0.52462267875671387,-0.082878781213248515,-0.082878781213248515,0.086760271788491786,0.033142510100184527,-0.22089375555515289,0.00390625,32,0,1,disconnected,-1,-1,0,disconnected,-1,-1,0,9.9396289999997833,0.060371000000216668
585,6.341191383,FINAL_CENTER_PROFILE,1,2.0936162223225714,0.33143802095898151,2.1055853366851807,-0.52385568618774414,-0.082757613349391621,-0.082757613349391621,0.17359662775019732,0.077295136493829117,0.073631249368190765,0.0078125,32,0,1,disconnected,-1,-1,0,disconnected,-1,-1,0,9.933928999999786,0.066071000000214042
586,6.3512213290000004,FINAL_CENTER_PROFILE,1,2.0970963215426406,0.36458182305487968,2.1061606407165527,-0.52328038215637207,-0.082666728035283243,-0.082666728035283243,0.31345313274727893,0.12776170928119107,0.34361249208450317,0.0078125,32,0,1,disconnected,-1,-1,0,disconnected,-1,-1,0,10.0299460000004,0.029946000000400375
587,6.3612248249999999,FINAL_CENTER_PROFILE,1,2.1009078587836689,0.39772562515077781,2.1061606407165527,-0.52328038215637207,-0.082666728035283243,-0.082666728035283243,0.36528312885482356,0.16410310024817995,-0.24543750286102295,0.00390625,32,0,1,disconnected,-1,-1,0,disconnected,-1,-1,0,10.003495999999501,0.0034959999995010094
588,6.3712284529999996,FINAL_CENTER_PROFILE,1,2.105050834045656,0.43086942724667598,2.1071193218231201,-0.52232170104980469,-0.082515277621677846,-0.082515277621677846,0.46865505976824612,0.22570261657497545,-0.19634999334812164,0.01171875,32,0,1,disconnected,-1,-1,0,disconnected,-1,-1,0,10.003627999999765,0.0036279999997645973
589,6.3812244150000001,FINAL_CENTER_PROFILE,1,2.1095252473286026,0.46401322934257422,2.1076946258544922,-0.52174639701843262,-0.082424392307569469,-0.082424392307569469,0.46824902335476087,0.288774356810438,-0.12271875143051147,0.02734375,32,0,1,disconnected,-1,-1,0,disconnected,-1,-1,0,9.9959620000005245,0.0040379999994755167
590,6.3913088990000002,FINAL_CENTER_PROFILE,1,2.1143310986325075,0.49715703143847223,2.1082696914672852,-0.52117133140563965,-0.082333544658323946,-0.082333544658323946,0.51976155719053518,0.34875077759300477,-0.44178751111030579,0.0234375,32,0,1,disconnected,-1,-1,0,disconnected,-1,-1,0,10.08448400000006,0.084484000000060178
591,6.4012282149999997,FINAL_CENTER_PROFILE,1,2.1194683879573719,0.53030083353437041,2.1092286109924316,-0.52021241188049316,-0.082182056579855681,-0.082182056579855681,0.65883079898859043,0.4167057994130961,-0.17180624604225159,0.0234375,32,0,1,disconnected,-1,-1,0,disconnected,-1,-1,0,9.9193159999995117,0.080684000000488254
592,6.4112265600000002,FINAL_CENTER_PROFILE,1,2.1249371153031951,0.56344463563026859,2.1105706691741943,-0.51887035369873047,-0.081970041066753291,-0.081970041066753291,0.76341208408608341,0.50995945247883334,0.29452499747276306,0.02734375,32,0,1,disconnected,-1,-1,0,disconnected,-1,-1,0,9.9983450000005192,0.0016549999994808218
593,6.421194947,FINAL_CENTER_PROFILE,1,2.1307372806699774,0.59658843772616676,2.1115295886993408,-0.51791143417358398,-0.081818552988285026,-0.081818552988285026,0.90361161731446837,0.60296731446043739,0,0.02734375,32,0,1,disconnected,-1,-1,0,disconnected,-1,-1,0,9.9683869999998009,0.031613000000199065
594,6.4311952569999997,FINAL_CENTER_PROFILE,1,2.1368688840577184,0.62973223982206483,2.1134469509124756,-0.51599407196044922,-0.081515652161074231,-0.081515652161074231,1.1486520110944902,0.71951747770130514,0.049087498337030411,0.03515625,32,0,1,disconnected,-1,-1,0,disconnected,-1,-1,0,10.000309999999679,0.00030999999967917802
595,6.4411902870000004,FINAL_CENTER_PROFILE,1,2.1433319254664185,0.66287604191796301,2.1159396171569824,-0.51350140571594238,-0.081121866019755073,-0.081121866019755073,1.476913752761293,0.86779333346374787,-0.073631249368190765,0.03515625,32,0,1,disconnected,-1,-1,0,disconnected,-1,-1,0,9.995030000000682,0.0049699999993180199
596,6.4512311220000003,FINAL_CENTER_PROFILE,1,2.1501264048960778,0.69601984401386119,2.1207334995269775,-0.50870752334594727,-0.080364538622002366,-0.080364538622002366,2.2396243052685731,1.1600321598172967,0.12271875143051147,0.01953125,32,0,1,disconnected,-1,-1,0,disconnected,-1,-1,0,10.040834999999859,0.040834999999859178
597,6.4613217220000001,FINAL_CENTER_PROFILE,1,2.1572523223466957,0.72916364610975937,2.128211498260498,-0.50122952461242676,-0.079183180198044864,-0.079183180198044864,3.6708873636733026,1.6634793313629039,0.44178751111030579,0.0234375,32,0,1,disconnected,-1,-1,0,disconnected,-1,-1,0,10.090599999999839,0.090599999999838587
598,6.4713257540000004,FINAL_CENTER_PROFILE,1,2.1647096778182728,0.76230744820565743,2.1341557502746582,-0.4952852725982666,-0.078244119836938256,-0.078244119836938256,4.8416329447031501,2.2295105954749586,0.34361249208450317,0.01171875,32,0,1,disconnected,-1,-1,0,disconnected,-1,-1,0,10.004032000000329,0.0040320000003291057
599,6.481329423,FINAL_CENTER_PROFILE,1,2.1724984713108091,0.79545125030155561,2.1395246982574463,-0.48991632461547852,-0.077395944789940052,-0.077395944789940052,5.4644447743208433,2.8328475606978745,1.0799249410629272,0.02734375,32,0,1,disconnected,-1,-1,0,disconnected,-1,-1,0,10.003668999999604,0.0036689999996042388
600,6.491327676,FINAL_CENTER_PROFILE,1,2.180618702824304,0.82859505239745379,2.1460442543029785,-0.48339676856994629,-0.076365999114725067,-0.076365999114725067,5.5952308164811493,3.4660071877587915,0.80994373559951782,0.01953125,32,0,1,disconnected,-1,-1,0,disconnected,-1,-1,0,9.9982530000000125,0.0017469999999875085
601,6.5012995480000004,FINAL_CENTER_PROFILE,1,2.1890703723587581,0.86173885449335197,2.1546728610992432,-0.47476816177368164,-0.075002870062550797,-0.075002870062550797,5.8684980524959744,4.1647607950237706,0.61359375715255737,0.01953125,32,0,1,disconnected,-1,-1,0,disconnected,-1,-1,0,9.9718720000003813,0.02812799999961868
602,6.511320048,FINAL_CENTER_PROFILE,1,2.1978534799141709,0.89488265658925015,2.1602334976196289,-0.4692075252532959,-0.074124412465804076,-0.074124412465804076,6.0942103500075726,4.7595121750032066,0.024543749168515205,0.03515625,32,0,1,disconnected,-1,-1,0,disconnected,-1,-1,0,10.020499999999544,0.020499999999543661
603,6.521227874,FINAL_CENTER_PROFILE,1,2.2069680254905428,0.92802645868514844,2.1654107570648193,-0.46403026580810547,-0.073306519968554362,-0.073306519968554362,5.9835094498335497,5.2166226601519918,0.6626812219619751,0.0390625,32,0,1,disconnected,-1,-1,0,disconnected,-1,-1,0,9.907826000000064,0.092173999999936029
604,6.5312901549999998,FINAL_CENTER_PROFILE,1,2.2164140090878739,0.96117026078104639,2.1717383861541748,-0.45770263671875,-0.072306894507950747,-0.072306894507950747,5.6316887246544072,5.5305310158651713,0.29452499747276306,0.02734375,32,0,1,disconnected,-1,-1,0,disconnected,-1,-1,0,10.062280999999729,0.062280999999728692
605,6.5412317590000004,FINAL_CENTER_PROFILE,1,2.2261914307061641,0.99431406287694446,2.1813256740570068,-0.44811534881591797,-0.070792315042171081,-0.070792315042171081,5.8759131435201262,5.8402829860330154,0.53996247053146362,0.0234375,32,0,1,disconnected,-1,-1,0,disconnected,-1,-1,0,9.9416040000006589,0.058395999999341086
606,6.5512285590000001,FINAL_CENTER_PROFILE,1,2.236300290345413,1.0274578649728427,2.190913200378418,-0.43852782249450684,-0.069277697911528546,-0.069277697911528546,7.0072175246992883,6.1098483607939587,1.1290124654769897,0.03515625,32,0,1,disconnected,-1,-1,0,disconnected,-1,-1,0,9.9967999999996948,0.0032000000003051809
607,6.5611925409999996,FINAL_CENTER_PROFILE,1,2.2467405880056206,1.0606016670687408,2.2037603855133057,-0.42568063735961914,-0.06724812677570996,-0.06724812677570996,8.6880558333950386,6.5280570680579162,1.6935187578201294,0,32,0,1,disconnected,-1,-1,0,disconnected,-1,-1,0,9.9639819999994828,0.036018000000517247
608,6.5712139059999997,FINAL_CENTER_PROFILE,1,2.2575123236867878,1.0937454691646391,2.2156486511230469,-0.41379237174987793,-0.065370043718359638,-0.065370043718359638,9.9993407474076434,7.1181894181620109,1.006293773651123,0.01953125,32,0,1,disconnected,-1,-1,0,disconnected,-1,-1,0,10.02136500000006,0.021365000000059808
609,6.5812220930000001,FINAL_CENTER_PROFILE,1,2.2685418444953673,1.1047934031966051,2.2296462059020996,-0.3997948169708252,-0.063158739619187138,-0.063158739619187138,10.990315099093127,7.8574609115001115,1.3499062061309814,0,32,0,1,disconnected,-1,-1,0,disconnected,-1,-1,0,10.00818700000039,0.0081870000003902987
610,6.5911968979999997,FINAL_CENTER_PROFILE,1,2.2795897785273334,1.1047934031966051,2.2434520721435547,-0.38598895072937012,-0.060977718069763161,-0.060977718069763161,11.8580407716303,8.6437810121940721,1.3744499683380127,0,32,0,1,disconnected,-1,-1,0,disconnected,-1,-1,0,9.9748049999996979,0.025195000000302059
611,6.6012384720000004,FINAL_CENTER_PROFILE,1,2.2906377125592994,1.1047934031966051,2.2603259086608887,-0.36911511421203613,-0.058312025064911628,-0.058312025064911628,12.74728306137297,9.5885210352211949,1.2271875143051147,-0.00390625,32,0,1,disconnected,-1,-1,0,disconnected,-1,-1,0,10.041574000000608,0.04157400000060818
612,6.6111968809999997,FINAL_CENTER_PROFILE,1,2.3016856465912654,1.1047934031966051,2.2745153903961182,-0.35492563247680664,-0.056070400751127764,-0.056070400751127764,13.436257331611969,10.604318678671586,1.4971687793731689,-0.0078125,32,0,1,disconnected,-1,-1,0,disconnected,-1,-1,0,9.9584089999993353,0.041591000000664735
613,6.6212242679999997,FINAL_CENTER_PROFILE,1,2.3127335806232314,1.1047934031966051,2.2877459526062012,-0.34169507026672363,-0.053980264515812164,-0.053980264515812164,13.329077514723485,11.448376370474151,0.6626812219619751,0.0078125,32,0,1,disconnected,-1,-1,0,disconnected,-1,-1,0,10.027387000000054,0.027387000000054229
614,6.6312213949999999,FINAL_CENTER_PROFILE,1,2.3237815146551974,1.1047934031966051,2.298675537109375,-0.3307654857635498,-0.052253631872067226,-0.052253631872067226,12.474910632732634,11.953495133524324,1.1044687032699585,0.00390625,32,0,1,disconnected,-1,-1,0,disconnected,-1,-1,0,9.9971270000001056,0.0028729999998944322
615,6.6413221179999997,FINAL_CENTER_PROFILE,1,2.3348294486871635,1.1047934031966051,2.3105640411376953,-0.31887698173522949,-0.050375511149854023,-0.050375511149854023,11.258830746956418,12.153071527899501,1.2026437520980835,0.01953125,32,0,1,disconnected,-1,-1,0,disconnected,-1,-1,0,10.100722999999867,0.10072299999986711
616,6.6513182830000002,FINAL_CENTER_PROFILE,1,2.3458773827191295,1.1047934031966051,2.3176586627960205,-0.3117823600769043,-0.049254717825393528,-0.049254717825393528,9.8422820776566962,11.980125677497751,0.29452499747276306,0.02734375,32,0,1,disconnected,-1,-1,0,disconnected,-1,-1,0,9.9961650000004454,0.0038349999995546113
617,6.6613318030000004,FINAL_CENTER_PROFILE,1,2.3569253167510955,1.1047934031966051,2.327629566192627,-0.30181145668029785,-0.047679535595253987,-0.047679535595253987,8.911263934364948,11.570062742387615,1.0799249410629272,0.01953125,32,0,1,disconnected,-1,-1,0,disconnected,-1,-1,0,10.01352000000022,0.013520000000220023
618,6.6712393380000004,FINAL_CENTER_PROFILE,1,2.3679732507830615,1.1047934031966051,2.3343408107757568,-0.29510021209716797,-0.046619307370290498,-0.046619307370290498,7.9996293655228525,10.954665452156394,0.29452499747276306,0.0390625,32,0,1,disconnected,-1,-1,0,disconnected,-1,-1,0,9.9075349999999673,0.09246500000003266
619,6.6813237709999997,FINAL_CENTER_PROFILE,1,2.3790211848150276,1.1047934031966051,2.3389427661895752,-0.29049825668334961,-0.045892300187149168,-0.045892300187149168,6.6516426750184392,10.03573787213292,0.34361249208450317,0.0546875,32,0,1,disconnected,-1,-1,0,disconnected,-1,-1,0,10.084432999999393,0.084432999999393132
620,6.6912282379999999,FINAL_CENTER_PROFILE,1,2.3900691188469936,1.1047934031966051,2.3441197872161865,-0.28532123565673828,-0.045074445354762328,-0.045074445354762328,5.8250979380274037,9.0121825888191847,0.56450623273849487,0.0546875,32,0,1,disconnected,-1,-1,0,disconnected,-1,-1,0,9.9044670000001389,0.09553299999986109
621,6.7012280530000004,FINAL_CENTER_PROFILE,1,2.4011170528789596,1.1047934031966051,2.3523650169372559,-0.27707600593566895,-0.043771881402085065,-0.043771881402085065,5.3743086601403798,8.0670655365577382,0.53996247053146362,0.0390625,32,0,1,disconnected,-1,-1,0,disconnected,-1,-1,0,9.9998150000004671,0.0001849999995329199
622,6.711223886,FINAL_CENTER_PROFILE,1,2.4121649869109256,1.1047934031966051,2.3602266311645508,-0.26921439170837402,-0.042529920213767683,-0.042529920213767683,5.9080783271631088,7.3800812656005466,0.9326624870300293,0.0546875,32,0,1,disconnected,-1,-1,0,disconnected,-1,-1,0,9.9958329999996209,0.0041670000003790619
623,6.7213170179999997,FINAL_CENTER_PROFILE,1,2.4232129209428916,1.1047934031966051,2.3677048683166504,-0.26173615455627441,-0.041348524124947307,-0.041348524124947307,6.666911689002454,6.8768050439273773,0.73631250858306885,0.05078125,32,0,1,disconnected,-1,-1,0,disconnected,-1,-1,0,10.093131999999727,0.0931319999997271
624,6.7313195419999996,FINAL_CENTER_PROFILE,1,2.4342608549748577,1.1047934031966051,2.3795933723449707,-0.2498476505279541,-0.039470403402734104,-0.039470403402734104,7.7889703519783362,6.7490850309490416,1.0308375358581543,0.0234375,32,0,1,disconnected,-1,-1,0,disconnected,-1,-1,0,10.002523999999902,0.002523999999901605
625,6.7413322640000004,FINAL_CENTER_PROFILE,1,2.4453087890068241,1.1047934031966051,2.3901393413543701,-0.23930168151855469,-0.037804373523349054,-0.037804373523349054,8.5644975948941031,6.8395795415435048,0.88357502222061157,0.03515625,32,0,1,disconnected,-1,-1,0,disconnected,-1,-1,0,10.012722000000807,0.012722000000806588
626,6.7512275519999996,FINAL_CENTER_PROFILE,1,2.4561910040283106,1.0716496011007068,2.4029865264892578,-0.22645449638366699,-0.03577480238753046,-0.03577480238753046,9.7665594305805428,7.2928421638435008,1.2271875143051147,0.01171875,32,0,1,disconnected,-1,-1,0,disconnected,-1,-1,0,9.8952879999991694,0.10471200000083059
627,6.7612916199999997,FINAL_CENTER_PROFILE,1,2.4667417810288379,1.038505799004809,2.4160254001617432,-0.21341562271118164,-0.033714948701963364,-0.033714948701963364,10.880266977381869,7.8700695544848882,1.4480812549591064,0.01171875,32,0,1,disconnected,-1,-1,0,disconnected,-1,-1,0,10.064068000000148,0.064068000000148118
628,6.7712864750000001,FINAL_CENTER_PROFILE,1,2.4769611200084065,1.0053619969089107,2.4315569400787354,-0.19788408279418945,-0.031261308875077103,-0.031261308875077103,11.763077969831492,8.7676115431480159,1.8162374496459961,-0.0078125,32,0,1,disconnected,-1,-1,0,disconnected,-1,-1,0,9.9948550000004133,0.0051449999995867302
629,6.7812961009999997,FINAL_CENTER_PROFILE,1,2.4868490209670164,0.97221819481301253,2.4449794292449951,-0.18446159362792969,-0.029140852425150125,-0.029140852425150125,12.515720711976281,9.697688762296913,1.3989937305450439,0.00390625,32,0,1,disconnected,-1,-1,0,disconnected,-1,-1,0,10.00962599999955,0.0096259999995496059
630,6.7912850149999997,FINAL_CENTER_PROFILE,1,2.4964054839046668,0.93907439271711424,2.4582099914550781,-0.17123103141784668,-0.027050716189834526,-0.027050716189834526,12.602692702701194,10.484490422633625,0.4908750057220459,0.0078125,32,0,1,disconnected,-1,-1,0,disconnected,-1,-1,0,9.9889140000000154,0.011085999999984608
631,6.8012386009999997,FINAL_CENTER_PROFILE,1,2.5056305088213588,0.90593059062121606,2.4658799171447754,-0.16356110572814941,-0.025839037551265646,-0.025839037551265646,11.451119883221313,10.86940097822357,0.53996247053146362,0.03515625,32,0,1,disconnected,-1,-1,0,disconnected,-1,-1,0,9.9535859999999587,0.046414000000041256
632,6.8112990160000004,FINAL_CENTER_PROFILE,1,2.5145240957170913,0.87278678852531788,2.4752755165100098,-0.15416550636291504,-0.024354740635234486,-0.024354740635234486,9.8091969898128557,11.043442457302566,1.3008188009262085,0.01953125,32,0,1,disconnected,-1,-1,0,disconnected,-1,-1,0,10.060415000000766,0.060415000000766383
633,6.8212966740000001,FINAL_CENTER_PROFILE,1,2.5230862445918647,0.83964298642942004,2.4839041233062744,-0.14553689956665039,-0.022991611583060213,-0.022991611583060213,8.5895422178745253,10.950214065402106,0.63813751935958862,0.0234375,32,0,1,disconnected,-1,-1,0,disconnected,-1,-1,0,9.9976579999996318,0.0023420000003682162
634,6.8312987810000001,FINAL_CENTER_PROFILE,1,2.5313169554456798,0.80649918433352186,2.490807056427002,-0.13863396644592285,-0.021901100808348221,-0.021901100808348221,7.5263375226911338,10.487241181654854,0.88357502222061157,0.02734375,32,0,1,disconnected,-1,-1,0,disconnected,-1,-1,0,10.002107000000038,0.0021070000000378286
635,6.8412446720000002,FINAL_CENTER_PROFILE,1,2.5392162282785353,0.77335538223762368,2.4990522861480713,-0.13038873672485352,-0.020598536855670958,-0.020598536855670958,7.4106231933945566,9.940260840382118,1.0799249410629272,0.01953125,32,0,1,disconnected,-1,-1,0,disconnected,-1,-1,0,9.9458910000000955,0.054108999999904484
636,6.8511945709999997,FINAL_CENTER_PROFILE,1,2.5467840630904321,0.7402115801417255,2.5063388347625732,-0.12310218811035156,-0.019447423316599086,-0.019447423316599086,7.0128326553458935,9.2319669943912217,0.44178751111030579,0.02734375,32,0,1,disconnected,-1,-1,0,disconnected,-1,-1,0,9.9498989999995402,0.050101000000459806
637,6.8612261019999998,FINAL_CENTER_PROFILE,1,2.5540204598813698,0.70706777804582743,2.5103654861450195,-0.11907553672790527,-0.018811301447566143,-0.018811301447566143,6.2105112791946331,8.36861443573037,-0.024543749168515205,0.04296875,32,0,1,disconnected,-1,-1,0,disconnected,-1,-1,0,10.031531000000093,0.031531000000093456
638,6.8713197099999999,FINAL_CENTER_PROFILE,1,2.5609254186513488,0.67392397594992925,2.5143921375274658,-0.11504888534545898,-0.018175179578533197,-0.018175179578533197,5.2894432794375952,7.4242832372781891,0.36815625429153442,0.05078125,32,0,1,disconnected,-1,-1,0,disconnected,-1,-1,0,10.093608000000032,0.093608000000031666
639,6.8813204519999998,FINAL_CENTER_PROFILE,1,2.5674989394003687,0.64078017385403097,2.5184187889099121,-0.1110222339630127,-0.017539057709500254,-0.017539057709500254,4.221997650064119,6.6043106061378962,0.58904999494552612,0.0390625,32,0,1,disconnected,-1,-1,0,disconnected,-1,-1,0,10.000741999999896,0.0007419999998958815
640,6.8913997360000003,FINAL_CENTER_PROFILE,1,2.5737410221284294,0.60763637175813279,2.5235960483551025,-0.10584497451782227,-0.016721165212250543,-0.016721165212250543,3.833718990745723,5.9435493043300944,0.34361249208450317,0.02734375,32,0,1,disconnected,-1,-1,0,disconnected,-1,-1,0,10.079284000000577,0.079284000000576782
641,6.9014199500000002,FINAL_CENTER_PROFILE,1,2.5796516668355314,0.57449256966223472,2.5303072929382324,-0.099133729934692383,-0.015660936987287054,-0.015660936987287054,4.4222397410485055,5.5663910267454595,0.56450623273849487,0.01953125,32,0,1,disconnected,-1,-1,0,disconnected,-1,-1,0,10.020213999999861,0.020213999999860732
642,6.9112515400000003,FINAL_CENTER_PROFILE,1,2.5852308735216738,0.54134876756633654,2.5358679294586182,-0.093573093414306641,-0.014782479390540334,-0.014782479390540334,4.9649404012712672,5.2099308059446647,0.78539997339248657,0.02734375,32,0,1,disconnected,-1,-1,0,disconnected,-1,-1,0,9.8315900000001122,0.16840999999988782
643,6.9211977149999999,FINAL_CENTER_PROFILE,1,2.590478642186858,0.50820496547043825,2.5418121814727783,-0.087628841400146484,-0.013843419029433734,-0.013843419029433734,5.3666339766446534,4.9852705722134241,0.51541876792907715,0.01953125,32,0,1,disconnected,-1,-1,0,disconnected,-1,-1,0,9.946174999999613,0.053825000000387035
644,6.9311931939999996,FINAL_CENTER_PROFILE,1,2.595394972831083,0.47506116337454007,2.5513994693756104,-0.078041553497314453,-0.012328839563654071,-0.012328839563654071,6.1146103538082857,5.0326826499178825,0.85903126001358032,0,32,0,1,disconnected,-1,-1,0,disconnected,-1,-1,0,9.9954789999996407,0.0045210000003592654
645,6.9412179460000001,FINAL_CENTER_PROFILE,1,2.5999798654543489,0.4419173612786419,2.5604116916656494,-0.069029331207275391,-0.010905107747119919,-0.010905107747119919,6.890384362732636,5.235310629466241,0.63813751935958862,0.0078125,32,0,1,disconnected,-1,-1,0,disconnected,-1,-1,0,10.024752000000525,0.024752000000525243
646,6.9512157730000004,FINAL_CENTER_PROFILE,1,2.6042333200566556,0.40877355918274411,2.5676980018615723,-0.061743021011352539,-0.0097540318729109187,-0.0097540318729109187,7.4500501877496594,5.5736419393298569,0.46633124351501465,0,32,0,1,disconnected,-1,-1,0,disconnected,-1,-1,0,9.9978270000002922,0.0021729999997077698
647,6.961215256,FINAL_CENTER_PROFILE,1,2.6081553366380037,0.37562975708684593,2.5778608322143555,-0.051580190658569336,-0.0081485294281599986,-0.0081485294281599986,7.9964902548343995,6.1276661713346074,0.78539997339248657,-0.01171875,32,0,1,disconnected,-1,-1,0,disconnected,-1,-1,0,9.9994829999996426,0.00051700000035737048
648,6.9712124510000004,FINAL_CENTER_PROFILE,1,2.6117459151983926,0.34248595499094775,2.5862977504730225,-0.043143272399902344,-0.0068156829257342314,-0.0068156829257342314,7.8941640330534666,6.6389676104769251,0.26998123526573181,0,32,0,1,disconnected,-1,-1,0,disconnected,-1,-1,0,9.9971950000004028,0.0028049999995971575
649,6.9811893100000004,FINAL_CENTER_PROFILE,1,2.6150050557378224,0.30934215289504957,2.5926253795623779,-0.036815643310546875,-0.0058160574651306236,-0.0058160574651306236,7.5199230187518165,6.981272636958133,0.36815625429153442,-0.0078125,32,0,1,disconnected,-1,-1,0,disconnected,-1,-1,0,9.9768590000000046,0.023140999999995415
650,6.9913167439999997,FINAL_CENTER_PROFILE,1,2.6179327582562935,0.27619835079915134,2.6020209789276123,-0.0274200439453125,-0.0043317605490994634,-0.0043317605490994634,7.5368013177280853,7.2600598121824031,0.44178751111030579,-0.01953125,32,0,1,disconnected,-1,-1,0,disconnected,-1,-1,0,10.127433999999269,0.12743399999926908
651,7.0013721799999997,FINAL_CENTER_PROFILE,1,2.6205290227538054,0.24305454870325321,2.6083486080169678,-0.021092414855957031,-0.0033321350884958551,-0.0033321350884958551,6.9138224089763272,7.3606648614200498,-0.17180624604225159,0,32,0,1,disconnected,-1,-1,0,disconnected,-1,-1,0,10.055436000000029,0.055436000000028685
652,7.0113704500000003,FINAL_CENTER_PROFILE,1,2.6227938492303586,0.20991074660735501,2.6118001937866211,-0.017640829086303711,-0.0027868608687084237,-0.0027868608687084237,6.011324106582264,7.2360503001009455,0.14726249873638153,0.00390625,32,0,1,disconnected,-1,-1,0,disconnected,-1,-1,0,9.9982700000005309,0.0017299999994691007
653,7.0212297059999997,FINAL_CENTER_PROFILE,1,2.6247272376859527,0.17676694451145686,2.6142928600311279,-0.015148162841796875,-0.0023930747273892554,-0.0023930747273892554,4.8072658071633514,6.8308558821911554,0.049087498337030411,0.0078125,32,0,1,disconnected,-1,-1,0,disconnected,-1,-1,0,9.8592559999994833,0.14074400000051668
654,7.0312382629999997,FINAL_CENTER_PROFILE,1,2.6263291881205877,0.14362314241555868,2.6169774532318115,-0.012463569641113281,-0.0019689683714587121,-0.0019689683714587121,3.2571051686628305,6.185898607581688,0.24543750286102295,0,32,0,1,disconnected,-1,-1,0,disconnected,-1,-1,0,10.008556999999918,0.0085569999999179913
655,7.0413143399999996,FINAL_CENTER_PROFILE,1,2.6275997005342639,0.11047934031966047,2.6188948154449463,-0.010546207427978516,-0.0016660675442479276,-0.0016660675442479276,2.3832358493777717,5.472055557870239,0,0,32,0,1,disconnected,-1,-1,0,disconnected,-1,-1,0,10.076076999999906,0.076076999999905581
656,7.0512298759999998,FINAL_CENTER_PROFILE,1,2.6285387749269811,0.07733553822376231,2.6204288005828857,-0.0090122222900390625,-0.0014237318165341516,-0.0014237318165341516,1.9822694602257764,4.7132024093473914,0.36815625429153442,0,32,0,1,disconnected,-1,-1,0,disconnected,-1,-1,0,9.9155360000002801,0.084463999999719874
657,7.0613177020000002,FINAL_CENTER_PROFILE,1,2.6291464112987391,0.044191736127864117,2.6215794086456299,-0.0078616142272949219,-0.001241961188317384,-0.001241961188317384,1.6287505340800807,3.8646620839877714,0,0,32,0,1,disconnected,-1,-1,0,disconnected,-1,-1,0,10.087826000000355,0.087826000000355009
658,7.0713184880000002,FINAL_CENTER_PROFILE,1,2.6294226096495383,0.011047934031965937,2.6225380897521973,-0.0069029331207275391,-0.0010905107747119919,-0.0010905107747119919,1.2475485526895669,3.11410369088795,0.34361249208450317,0.00390625,32,0,1,disconnected,-1,-1,0,disconnected,-1,-1,0,10.000785999999984,0.00078599999998374415
659,7.0813298060000003,FINAL_CENTER_PROFILE,1,2.6294410228729248,0,2.6229214668273926,-0.0065195560455322266,-0.0010299456752149835,-0.0010299456752149835,0.91859394007342898,2.4280016975520464,0.24543750286102295,0,32,0,1,disconnected,-1,-1,0,disconnected,-1,-1,0,10.011318000000102,0.011318000000102302
660,7.0913223869999999,FINAL_CENTER_HOLD,1,2.6294410228729248,0,2.6229214668273926,-0.0065195560455322266,-0.0010299456752149835,-0.0010299456752149835,0.57190531874921524,1.7527501149018803,0.34361249208450317,0,32,0,1,disconnected,-1,-1,0,disconnected,-1,-1,0,9.9925809999996673,0.0074190000003326873
661,7.1013159620000001,FINAL_CENTER_HOLD,1,2.6294410228729248,0,2.6234967708587646,-0.0059442520141601562,-0.00093906036110659973,-0.00093906036110659973,0.38181796123131523,1.3154991978155923,0.34361249208450317,0.00390625,32,0,1,disconnected,-1,-1,0,disconnected,-1,-1,0,9.9935750000001988,0.0064249999998011731
662,7.1113228949999998,FINAL_CENTER_HOLD,1,2.6294410228729248,0,2.6236884593963623,-0.0057525634765625,-0.00090877781135809555,-0.00090877781135809555,0.26033800693540327,1.0217985983535121,0,0,32,0,1,disconnected,-1,-1,0,disconnected,-1,-1,0,10.006932999999663,0.0069329999996625702
663,7.1213209190000004,FINAL_CENTER_HOLD,1,2.6294410228729248,0,2.6240720748901367,-0.0053689479827880859,-0.00084817504699821592,-0.00084817504699821592,0.27776838774446394,0.78832789430194672,-0.14726249873638153,0,32,0,1,disconnected,-1,-1,0,disconnected,-1,-1,0,9.9980240000006049,0.0019759999993951283
664,7.1312261000000001,FINAL_CENTER_HOLD,1,2.6294410228729248,0,2.6242637634277344,-0.0051772594451904297,-0.00081789249724971175,-0.00081789249724971175,0.29568056272788501,0.58540170078247633,-0.22089375555515289,0.00390625,32,0,1,disconnected,-1,-1,0,disconnected,-1,-1,0,9.9051809999997076,0.094819000000292419
665,7.1412503850000002,FINAL_CENTER_HOLD,1,2.6294410228729248,0,2.6242637634277344,-0.0051772594451904297,-0.00081789249724971175,-0.00081789249724971175,0.19134902296746456,0.43254796141440555,-0.44178751111030579,0.0078125,32,0,1,disconnected,-1,-1,0,disconnected,-1,-1,0,10.024285000000077,0.024285000000077162
666,7.1513231929999996,FINAL_CENTER_HOLD,1,2.6294410228729248,0,2.6246473789215088,-0.0047936439514160156,-0.00075728973288983212,-0.00075728973288983212,0.19109458745527408,0.32988481715817658,-0.17180624604225159,0,32,0,1,disconnected,-1,-1,0,disconnected,-1,-1,0,10.072807999999434,0.072807999999433548
667,7.1612376869999999,FINAL_CENTER_HOLD,1,2.6294410228729248,0,2.6248390674591064,-0.0046019554138183594,-0.00072700718314132795,-0.00072700718314132795,0.17372706303250904,0.26370728685363565,0,0,32,0,1,disconnected,-1,-1,0,disconnected,-1,-1,0,9.914494000000218,0.085505999999782034
668,7.1712265400000001,FINAL_CENTER_HOLD,1,2.6294410228729248,0,2.6250307559967041,-0.0044102668762207031,-0.00069672463339282378,-0.00069672463339282378,0.19094918243961759,0.22585693863348372,0.34361249208450317,0,32,0,1,disconnected,-1,-1,0,disconnected,-1,-1,0,9.9888530000002973,0.0111469999997027
669,7.1812243420000001,FINAL_CENTER_HOLD,1,2.6294410228729248,0,2.6250307559967041,-0.0044102668762207031,-0.00069672463339282378,-0.00069672463339282378,0.17385963499595977,0.20693568861453726,-0.098174996674060822,0,32,0,1,disconnected,-1,-1,0,disconnected,-1,-1,0,9.9978020000000001,0.0021979999999999222
670,7.1912304770000004,FINAL_CENTER_HOLD,1,2.6294410228729248,0,2.6250307559967041,-0.0044102668762207031,-0.00069672463339282378,-0.00069672463339282378,0.086857098521537043,0.18638815003438364,-0.17180624604225159,0,32,0,1,disconnected,-1,-1,0,disconnected,-1,-1,0,10.006135000000249,0.0061350000002491356
671,7.2012299899999999,FINAL_CENTER_HOLD,1,2.6294410228729248,0,2.6254143714904785,-0.0040266513824462891,-0.00063612186903294415,-0.00063612186903294415,0.10415771711096652,0.16426126662828192,0.14726249873638153,0.00390625,32,0,1,disconnected,-1,-1,0,disconnected,-1,-1,0,9.9995129999994603,0.00048700000053969461
672,7.2112257609999997,FINAL_CENTER_HOLD,1,2.6294410228729248,0,2.6254143714904785,-0.0040266513824462891,-0.00063612186903294415,-0.00063612186903294415,0.10416310454218307,0.15003153360741286,0.12271875143051147,0.0078125,32,0,1,disconnected,-1,-1,0,disconnected,-1,-1,0,9.9957709999998201,0.0042290000001798944
673,7.2213088130000003,FINAL_CENTER_HOLD,1,2.6294410228729248,0,2.6254143714904785,-0.0040266513824462891,-0.00063612186903294415,-0.00063612186903294415,0.10394088888922527,0.12941374156532026,0.098174996674060822,0.00390625,32,0,1,disconnected,-1,-1,0,disconnected,-1,-1,0,10.083052000000592,0.083052000000591875
674,7.2313046209999996,FINAL_CENTER_HOLD,1,2.6294410228729248,0,2.6256060600280762,-0.0038349628448486328,-0.00060583931928443987,-0.00060583931928443987,0.10385422457532616,0.12145332160639222,0.26998123526573181,0,32,0,1,disconnected,-1,-1,0,disconnected,-1,-1,0,9.9958079999993288,0.0041920000006712144
675,7.2413145109999997,FINAL_CENTER_HOLD,1,2.6294410228729248,0,2.6254143714904785,-0.0040266513824462891,-0.00063612186903294415,-0.00063612186903294415,0.01731302213823888,0.10250121947443648,-0.024543749168515205,0.00390625,32,0,1,disconnected,-1,-1,0,disconnected,-1,-1,0,10.009890000000077,0.0098900000000767818
676,7.2513055079999997,FINAL_CENTER_HOLD,1,2.6294410228729248,0,2.6254143714904785,-0.0040266513824462891,-0.00063612186903294415,-0.00063612186903294415,2.2097843309158147e-05,0.074101761731469443,-0.26998123526573181,0.0078125,32,0,1,disconnected,-1,-1,0,disconnected,-1,-1,0,9.990997000000057,0.0090029999999430288
677,7.2612999289999998,FINAL_CENTER_HOLD,1,2.6294410228729248,0,2.6254143714904785,-0.0040266513824462891,-0.00063612186903294415,-0.00063612186903294415,-0.017360048249147358,0.055175350018607419,-0.34361249208450317,0.00390625,32,0,1,disconnected,-1,-1,0,disconnected,-1,-1,0,9.9944210000000311,0.0055789999999689144
678,7.2712979640000004,FINAL_CENTER_HOLD,1,2.6294410228729248,0,2.6254143714904785,-0.0040266513824462891,-0.00063612186903294415,-0.00063612186903294415,-0.034720412867160426,0.039421503622930017,-0.61359375715255737,0.00390625,32,0,1,disconnected,-1,-1,0,disconnected,-1,-1,0,9.9980350000006268,0.0019649999993731626
679,7.2812266460000004,FINAL_CENTER_HOLD,1,2.6294410228729248,0,2.6257977485656738,-0.0036432743072509766,-0.0005755567695359357,-0.0005755567695359357,0.069440607533899412,0.044148767801084017,0,0,32,0,1,disconnected,-1,-1,0,disconnected,-1,-1,0,9.9286819999999665,0.071318000000033521
680,7.2912295069999997,FINAL_CENTER_HOLD,1,2.6294410228729248,0,2.6256060600280762,-0.0038349628448486328,-0.00060583931928443987,-0.00060583931928443987,0.069484472749966844,0.034697319769601741,-0.22089375555515289,0.0078125,32,0,1,disconnected,-1,-1,0,disconnected,-1,-1,0,10.002860999999363,0.0028609999993634005
681,7.3012428869999999,FINAL_CENTER_HOLD,1,2.6294410228729248,0,2.6256060600280762,-0.0038349628448486328,-0.00060583931928443987,-0.00060583931928443987,0.052047520735311097,0.020492479269150262,-0.26998123526573181,0,32,0,1,disconnected,-1,-1,0,disconnected,-1,-1,0,10.013380000000183,0.01338000000018269
682,7.3112250809999999,FINAL_CENTER_HOLD,1,2.6294410228729248,0,2.6254143714904785,-0.0040266513824462891,-0.00063612186903294415,-0.00063612186903294415,-0.0174860464206604,0.012614430013530931,-0.68722498416900635,0,32,0,1,disconnected,-1,-1,0,disconnected,-1,-1,0,9.9821939999999998,0.017806000000000211
683,7.3212265380000003,FINAL_CENTER_HOLD,1,2.6294410228729248,0,2.6256060600280762,-0.0038349628448486328,-0.00060583931928443987,-0.00060583931928443987,-0.052053975001105049,0.012618685305485532,-0.22089375555515289,0.00390625,32,0,1,disconnected,-1,-1,0,disconnected,-1,-1,0,10.001457000000435,0.0014570000004354711
684,7.331229285,FINAL_CENTER_HOLD,1,2.6294410228729248,0,2.6257977485656738,-0.0036432743072509766,-0.0005755567695359357,-0.0005755567695359357,0.034720194222943784,0.018936769842308868,-0.024543749168515205,0.00390625,32,0,1,disconnected,-1,-1,0,disconnected,-1,-1,0,10.002746999999701,0.0027469999997009609
685,7.341194722,FINAL_CENTER_HOLD,1,2.6294410228729248,0,2.6257977485656738,-0.0036432743072509766,-0.0005755567695359357,-0.0005755567695359357,0.069487448016521847,0.031573607365004155,-0.36815625429153442,0,32,0,1,disconnected,-1,-1,0,disconnected,-1,-1,0,9.9654369999999659,0.034563000000034094
686,7.351210418,FINAL_CENTER_HOLD,1,2.6294410228729248,0,2.6257977485656738,-0.0036432743072509766,-0.0005755567695359357,-0.0005755567695359357,0.086815698626051346,0.033148408596630027,0,0.00390625,32,0,1,disconnected,-1,-1,0,disconnected,-1,-1,0,10.015695999999963,0.015695999999962851
687,7.3612991279999997,FINAL_CENTER_HOLD,1,2.6294410228729248,0,2.6256060600280762,-0.0038349628448486328,-0.00060583931928443987,-0.00060583931928443987,-0.00010666105905241193,0.023647528023729769,-0.12271875143051147,0.00390625,32,0,1,disconnected,-1,-1,0,disconnected,-1,-1,0,10.088709999999779,0.088709999999778688
688,7.3713133940000004,FINAL_CENTER_HOLD,1,2.6294410228729248,0,2.6257977485656738,-0.0036432743072509766,-0.0005755567695359357,-0.0005755567695359357,-0.017342165570579784,0.020483937214302705,0.44178751111030579,0.00390625,32,0,1,disconnected,-1,-1,0,disconnected,-1,-1,0,10.01426600000066,0.014266000000660028
689,7.3812282829999996,FINAL_CENTER_HOLD,1,2.6294410228729248,0,2.6256060600280762,-0.0038349628448486328,-0.00060583931928443987,-0.00060583931928443987,-0.034633399409977207,0.0063032727246855897,-0.26998123526573181,0,32,0,1,disconnected,-1,-1,0,disconnected,-1,-1,0,9.9148889999991496,0.085111000000850368
690,7.3912305050000002,FINAL_CENTER_HOLD,1,2.6294410228729248,0,2.6257977485656738,-0.0036432743072509766,-0.0005755567695359357,-0.0005755567695359357,-2.5555224994107928e-05,0.017339474791163014,-0.073631249368190765,0,32,0,1,disconnected,-1,-1,0,disconnected,-1,-1,0,10.002222000000671,0.0022220000006711871
691,7.4012311710000001,FINAL_CENTER_HOLD,1,2.6294410228729248,0,2.6259894371032715,-0.0034515857696533203,-0.00054527421978743152,-0.00054527421978743152,0.069644750001767605,0.026799714200809243,0.31906875967979431,0.00390625,32,0,1,disconnected,-1,-1,0,disconnected,-1,-1,0,10.000665999999825,0.00066599999982486224
692,7.4112307270000004,FINAL_CENTER_HOLD,1,2.6294410228729248,0,2.6257977485656738,-0.0036432743072509766,-0.0005755567695359357,-0.0005755567695359357,0.034819188387816606,0.025223896127094584,-0.098174996674060822,0.00390625,32,0,1,disconnected,-1,-1,0,disconnected,-1,-1,0,9.9995560000003536,0.00044399999964639392
693,7.4213050620000001,FINAL_CENTER_HOLD,1,2.6294410228729248,0,2.6257977485656738,-0.0036432743072509766,-0.0005755567695359357,-0.0005755567695359357,0.034599686516967966,0.012602635899355291,-0.024543749168515205,0.00390625,32,0,1,disconnected,-1,-1,0,disconnected,-1,-1,0,10.074334999999657,0.074334999999656759
694,7.4312894070000004,FINAL_CENTER_HOLD,1,2.6294410228729248,0,2.6257977485656738,-0.0036432743072509766,-0.0005755567695359357,-0.0005755567695359357,-0.017329553783443075,0.0062955015491842868,-0.024543749168515205,0.00390625,32,0,1,disconnected,-1,-1,0,disconnected,-1,-1,0,9.9843450000003386,0.015654999999661356
695,7.4412269789999996,FINAL_CENTER_HOLD,1,2.6294410228729248,0,2.6257977485656738,-0.0036432743072509766,-0.0005755567695359357,-0.0005755567695359357,-0.034710375960693235,0.0078747189729653708,0,0.0078125,32,0,1,disconnected,-1,-1,0,disconnected,-1,-1,0,9.9375719999992285,0.062428000000771533
696,7.4512983320000004,FINAL_CENTER_HOLD,1,2.6294410228729248,0,2.6257977485656738,-0.0036432743072509766,-0.0005755567695359357,-0.0005755567695359357,0,0.0094542934903927602,-0.049087498337030411,0,32,0,1,disconnected,-1,-1,0,disconnected,-1,-1,0,10.071353000000727,0.071353000000726752
697,7.4612917559999996,FINAL_CENTER_HOLD,1,2.6294410228729248,0,2.6257977485656738,-0.0036432743072509766,-0.0005755567695359357,-0.0005755567695359357,0,0.011034971371170798,-0.29452499747276306,0.00390625,32,0,1,disconnected,-1,-1,0,disconnected,-1,-1,0,9.9934239999992514,0.0065760000007486497
698,7.4712897649999999,FINAL_CENTER_HOLD,1,2.6294410228729248,0,2.6257977485656738,-0.0036432743072509766,-0.0005755567695359357,-0.0005755567695359357,0,0.0031528775028960032,-0.44178751111030579,0,32,0,1,disconnected,-1,-1,0,disconnected,-1,-1,0,9.9980090000002519,0.0019909999997480554
699,7.4812999250000001,FINAL_CENTER_HOLD,1,2.6294410228729248,0,2.6257977485656738,-0.0036432743072509766,-0.0005755567695359357,-0.0005755567695359357,0,0.0031503329594680151,-0.36815625429153442,0.00390625,32,0,1,disconnected,-1,-1,0,disconnected,-1,-1,0,10.010160000000212,0.010160000000212221
700,7.4912380929999998,FINAL_CENTER_HOLD,1,2.6294410228729248,0,2.6256060600280762,-0.0038349628448486328,-0.00060583931928443987,-0.00060583931928443987,-0.034700183747222425,-0.01418485813429232,-0.53996247053146362,0.00390625,32,0,1,disconnected,-1,-1,0,disconnected,-1,-1,0,9.9381679999996919,0.061832000000308085
701,7.50130053,FINAL_CENTER_HOLD,1,2.6294410228729248,0,2.6259894371032715,-0.0034515857696533203,-0.00054527421978743152,-0.00054527421978743152,0.017470830856911194,-0.0063011582034817291,-0.24543750286102295,0,32,0,1,disconnected,-1,-1,0,disconnected,-1,-1,0,10.062437000000202,0.062437000000201692
702,7.5113054989999997,FINAL_CENTER_HOLD,1,2.6294410228729248,0,2.6259894371032715,-0.0034515857696533203,-0.00054527421978743152,-0.00054527421978743152,0.052159090832334845,0.009472054226778881,-0.24543750286102295,0.00390625,32,0,1,disconnected,-1,-1,0,disconnected,-1,-1,0,10.004968999999697,0.0049689999996971324
703,7.5213074710000001,FINAL_CENTER_HOLD,1,2.6294410228729248,0,2.6257977485656738,-0.0036432743072509766,-0.0005755567695359357,-0.0005755567695359357,0.03477843994390533,0.0078968148495687594,-0.24543750286102295,0,32,0,1,disconnected,-1,-1,0,disconnected,-1,-1,0,10.001972000000414,0.001972000000414198
704,7.531288376,FINAL_CENTER_HOLD,1,2.6294410228729248,0,2.6259894371032715,-0.0034515857696533203,-0.00054527421978743152,-0.00054527421978743152,0.052079085727569932,0.014201682070830033,-0.19634999334812164,0.0078125,32,0,1,disconnected,-1,-1,0,disconnected,-1,-1,0,9.9809049999999289,0.019095000000071138
705,7.5412191809999998,FINAL_CENTER_HOLD,1,2.6294410228729248,0,2.6257977485656738,-0.0036432743072509766,-0.0005755567695359357,-0.0005755567695359357,-0.034753567976867725,0.011056881956961044,-0.24543750286102295,0,32,0,1,disconnected,-1,-1,0,disconnected,-1,-1,0,9.930804999999765,0.069195000000235041
706,7.5511945809999999,FINAL_CENTER_HOLD,1,2.6294410228729248,0,2.6256060600280762,-0.0038349628448486328,-0.00060583931928443987,-0.00060583931928443987,-0.069596959582711684,2.9370595519452248e-05,-0.56450623273849487,0.00390625,32,0,1,disconnected,-1,-1,0,disconnected,-1,-1,0,9.9754000000000786,0.024599999999921351
707,7.561194704,FINAL_CENTER_HOLD,1,2.6294410228729248,0,2.6259894371032715,-0.0034515857696533203,-0.00054527421978743152,-0.00054527421978743152,8.318242127708344e-05,0.0063403580427800433,0.12271875143051147,0.00390625,32,0,1,disconnected,-1,-1,0,disconnected,-1,-1,0,10.000123000000194,0.0001230000001939402
708,7.5712326159999996,FINAL_CENTER_HOLD,1,2.6294410228729248,0,2.6259894371032715,-0.0034515857696533203,-0.00054527421978743152,-0.00054527421978743152,0.01751846290246439,0.011078508440681419,0,0,32,0,1,disconnected,-1,-1,0,disconnected,-1,-1,0,10.037911999999594,0.037911999999593604
709,7.5812351070000004,FINAL_CENTER_HOLD,1,2.6294410228729248,0,2.6261813640594482,-0.0032596588134765625,-0.00051495400517605607,-0.00051495400517605607,0.10410058749030197,0.02214407126961877,0.31906875967979431,0.0078125,32,0,1,disconnected,-1,-1,0,disconnected,-1,-1,0,10.002491000000724,0.0024910000007238864
710,7.5835062110000004,FINAL_BRAKE,0,0,0,2.6259894371032715,-0.0034515857696533203,-0.00054527421978743152,-0.00054527421978743152,0.10410058749030197,0.02214407126961877,0.024543749168515205,0.0078125,32,0,1,disconnected,-1,-1,0,disconnected,-1,-1,0,nan,nan
710,7.5945094610000003,FINAL_BRAKE,0,0,0,2.6257977485656738,-0.0036432743072509766,-0.0005755567695359357,-0.0005755567695359357,0.10410058749030197,0.02214407126961877,-0.098174996674060822,0,32,0,1,disconnected,-1,-1,0,disconnected,-1,-1,0,nan,nan
710,7.6055199299999998,FINAL_BRAKE,0,0,0,2.6256060600280762,-0.0038349628448486328,-0.00060583931928443987,-0.00060583931928443987,0.10410058749030197,0.02214407126961877,-0.56450623273849487,0,32,0,1,disconnected,-1,-1,0,disconnected,-1,-1,0,nan,nan
710,7.6165086369999999,FINAL_BRAKE,0,0,0,2.6259894371032715,-0.0034515857696533203,-0.00054527421978743152,-0.00054527421978743152,0.10410058749030197,0.02214407126961877,0.12271875143051147,0,32,0,1,disconnected,-1,-1,0,disconnected,-1,-1,0,nan,nan
710,7.6275929250000001,FINAL_BRAKE,0,0,0,2.6259894371032715,-0.0034515857696533203,-0.00054527421978743152,-0.00054527421978743152,0.10410058749030197,0.02214407126961877,0.12271875143051147,0,32,0,1,disconnected,-1,-1,0,disconnected,-1,-1,0,nan,nan
