ISO-10303-21;
HEADER;
FILE_DESCRIPTION(
  ('This file contains a STEP AP42 implementation'
    ,'as created by ZW3D STEP Interface translator.')
  ,'2;1'
  );
FILE_NAME(
  '相机_Gemini pro相机_带支架铰链.stp'
  ,'24 514.153714',
  (''),
  ('ZWCAD Software Co.'),
  'Version 1.0',
  'ZW3D to STEP translator',
  ''
  );
FILE_SCHEMA(('AUTOMOTIVE_DESIGN { 1 0 10303 214 1 1 1 1 }'));
ENDSEC;

DATA;

/**File Base Unit**/
#1 = (LENGTH_UNIT()NAMED_UNIT(*)SI_UNIT(.MILLI.,.METRE.));
#2 = (NAMED_UNIT(*)PLANE_ANGLE_UNIT()SI_UNIT($,.RADIAN.));
#3 = (NAMED_UNIT(*)SI_UNIT($,.STERADIAN.)SOLID_ANGLE_UNIT());
#4 = UNCERTAINTY_MEASURE_WITH_UNIT(LENGTH_MEASURE(0.01),#1,'DISTANCE_ACCURACY_VALUE','Maximum Tolerance applied to model');
#5 = (GEOMETRIC_REPRESENTATION_CONTEXT(3)GLOBAL_UNCERTAINTY_ASSIGNED_CONTEXT((#4))GLOBAL_UNIT_ASSIGNED_CONTEXT((#1,#2,#3))REPRESENTATION_CONTEXT('STEP 203','TOP_LEVEL_ASSEMBLY_PART'));

/**product_definition_shape**/
#6=APPLICATION_CONTEXT('mechanical parts and assemblies' );
#7=DESIGN_CONTEXT('NONE',#6,'design');
#8=MECHANICAL_CONTEXT('NONE',#6,'mechanical');
#9=PRODUCT('0','Part','',(#8));
#10=PRODUCT_DEFINITION_FORMATION_WITH_SPECIFIED_SOURCE('ANY','',#9,.NOT_KNOWN.);
#11=PRODUCT_DEFINITION('UNKNOWN','',#10,#7);
#12=PRODUCT_DEFINITION_SHAPE('NONE','NONE',#11);
#13=PRODUCT_RELATED_PRODUCT_CATEGORY('detail','',(#9));
/**geometry information**/
#14=CARTESIAN_POINT('',(0.,0.,0.));
#15=DIRECTION('',(0.,0.,1.));
#16=DIRECTION('',(1.,0.,0.));
#17=AXIS2_PLACEMENT_3D('',#14,#15,#16);
#18=APPLICATION_CONTEXT('part');
#19=MECHANICAL_CONTEXT('none',#18,'component');
#20=PRODUCT('相机_Gemini pro相机_带支架铰链','相机_Gemini pro相机_带支架铰链','',(#19));
#21=PRODUCT_RELATED_PRODUCT_CATEGORY('detail','',(#20));
#22=PRODUCT_DEFINITION_FORMATION_WITH_SPECIFIED_SOURCE('ANY','UNSPECIFIED',#20,.NOT_KNOWN.);
#23=APPLICATION_CONTEXT('part');
#24=APPLICATION_PROTOCOL_DEFINITION('international standard','config_control_design',1994,#23);
#25=DESIGN_CONTEXT('detailed',#23,'design');
#26=PRODUCT_DEFINITION('','UNSPECIFIED',#22,#25);
#27=PRODUCT_DEFINITION_SHAPE('NONE','NONE',#26);
#28=SHAPE_REPRESENTATION('相机_Gemini pro相机_带支架铰链',(#17),#5);
#29=SHAPE_DEFINITION_REPRESENTATION(#27,#28);
#30=CARTESIAN_POINT('',(-0.45000000000002,-8.9,-5.25));
#31=DIRECTION('',(-1.,7.7401169472778E-17,-1.1610175420917E-16));
#32=DIRECTION('',(1.1610175420917E-16,9.3492465231592E-16,-1.));
#33=AXIS2_PLACEMENT_3D('',#30,#32,#31);
#34=PLANE('',#33);
#35=CARTESIAN_POINT('',(22.5,-9.05,-5.25));
#36=VERTEX_POINT('',#35);
#37=CARTESIAN_POINT('',(-22.5,-9.05,-5.25));
#38=VERTEX_POINT('',#37);
#39=CARTESIAN_POINT('',(22.5,-9.05,-5.25));
#40=DIRECTION('',(-1.,0.,0.));
#41=VECTOR('',#40,45.);
#42=LINE('',#39,#41);
#43=EDGE_CURVE('',#36,#38,#42,.T.);
#44=ORIENTED_EDGE('',*,*,#43,.T.);
#45=CARTESIAN_POINT('',(-22.500000138756,-7.95,-5.25));
#46=VERTEX_POINT('',#45);
#47=CARTESIAN_POINT('',(-22.5,-9.05,-5.25));
#48=DIRECTION('',(-1.2614181860664E-07,0.99999999999999,0.));
#49=VECTOR('',#48,1.1);
#50=LINE('',#47,#49);
#51=EDGE_CURVE('',#38,#46,#50,.T.);
#52=ORIENTED_EDGE('',*,*,#51,.T.);
#53=CARTESIAN_POINT('',(22.5,-7.95,-5.25));
#54=VERTEX_POINT('',#53);
#55=CARTESIAN_POINT('',(-22.500000138756,-7.95,-5.25));
#56=DIRECTION('',(1.,0.,0.));
#57=VECTOR('',#56,45.000000138756);
#58=LINE('',#55,#57);
#59=EDGE_CURVE('',#46,#54,#58,.T.);
#60=ORIENTED_EDGE('',*,*,#59,.T.);
#61=CARTESIAN_POINT('',(22.5,-7.95,-5.25));
#62=DIRECTION('',(0.,-1.,0.));
#63=VECTOR('',#62,1.1);
#64=LINE('',#61,#63);
#65=EDGE_CURVE('',#54,#36,#64,.T.);
#66=ORIENTED_EDGE('',*,*,#65,.T.);
#67=EDGE_LOOP('',(#44,#52,#60,#66));
#68=FACE_OUTER_BOUND('',#67,.T.);
#69=ADVANCED_FACE('',(#68),#34,.T.);
#70=CARTESIAN_POINT('',(22.5,-9.05,-12.8));
#71=DIRECTION('',(3.6756466068026E-08,-2.3527905157619E-16,1.));
#72=DIRECTION('',(0.,1.,0.));
#73=AXIS2_PLACEMENT_3D('',#70,#72,#71);
#74=CYLINDRICAL_SURFACE('',#73,7.55);
#75=CARTESIAN_POINT('',(22.5,-9.05,-20.35));
#76=VERTEX_POINT('',#75);
#77=CARTESIAN_POINT('',(22.5,-9.05,-12.8));
#78=DIRECTION('',(-9.4111620630477E-16,4.7055810315238E-16,-1.));
#79=DIRECTION('',(-2.2273847604622E-17,-1.,-4.4828425554776E-16));
#80=AXIS2_PLACEMENT_3D('',#77,#79,#78);
#81=CIRCLE('',#80,7.55);
#82=EDGE_CURVE('',#76,#36,#81,.T.);
#83=ORIENTED_EDGE('',*,*,#82,.T.);
#84=ORIENTED_EDGE('',*,*,#65,.F.);
#85=CARTESIAN_POINT('',(22.500000138756,-7.95,-20.35));
#86=VERTEX_POINT('',#85);
#87=CARTESIAN_POINT('',(22.5,-7.95,-12.8));
#88=DIRECTION('',(-4.7055810315238E-16,-8.2347668051667E-16,1.));
#89=DIRECTION('',(5.8019584902066E-16,1.,6.9783537480876E-16));
#90=AXIS2_PLACEMENT_3D('',#87,#89,#88);
#91=CIRCLE('',#90,7.55);
#92=EDGE_CURVE('',#54,#86,#91,.T.);
#93=ORIENTED_EDGE('',*,*,#92,.T.);
#94=CARTESIAN_POINT('',(22.500000138756,-7.95,-20.35));
#95=DIRECTION('',(-1.2614181860664E-07,-0.99999999999999,0.));
#96=VECTOR('',#95,1.1);
#97=LINE('',#94,#96);
#98=EDGE_CURVE('',#86,#76,#97,.T.);
#99=ORIENTED_EDGE('',*,*,#98,.T.);
#100=EDGE_LOOP('',(#83,#84,#93,#99));
#101=FACE_OUTER_BOUND('',#100,.T.);
#102=ADVANCED_FACE('',(#101),#74,.F.);
#103=CARTESIAN_POINT('',(-1.7688566661246E-14,-8.9,-20.35));
#104=DIRECTION('',(1.,-7.8949192375359E-17,1.5789838475072E-16));
#105=DIRECTION('',(-1.5789838475072E-16,0.,1.));
#106=AXIS2_PLACEMENT_3D('',#103,#105,#104);
#107=PLANE('',#106);
#108=CARTESIAN_POINT('',(-22.5,-9.05,-20.35));
#109=VERTEX_POINT('',#108);
#110=CARTESIAN_POINT('',(-22.5,-9.05,-20.35));
#111=DIRECTION('',(1.,0.,0.));
#112=VECTOR('',#111,45.);
#113=LINE('',#110,#112);
#114=EDGE_CURVE('',#109,#76,#113,.T.);
#115=ORIENTED_EDGE('',*,*,#114,.T.);
#116=ORIENTED_EDGE('',*,*,#98,.F.);
#117=CARTESIAN_POINT('',(-22.5,-7.95,-20.35));
#118=VERTEX_POINT('',#117);
#119=CARTESIAN_POINT('',(22.500000138756,-7.95,-20.35));
#120=DIRECTION('',(-1.,0.,0.));
#121=VECTOR('',#120,45.000000138756);
#122=LINE('',#119,#121);
#123=EDGE_CURVE('',#86,#118,#122,.T.);
#124=ORIENTED_EDGE('',*,*,#123,.T.);
#125=CARTESIAN_POINT('',(-22.5,-7.95,-20.35));
#126=DIRECTION('',(0.,-1.,0.));
#127=VECTOR('',#126,1.1);
#128=LINE('',#125,#127);
#129=EDGE_CURVE('',#118,#109,#128,.T.);
#130=ORIENTED_EDGE('',*,*,#129,.T.);
#131=EDGE_LOOP('',(#115,#116,#124,#130));
#132=FACE_OUTER_BOUND('',#131,.T.);
#133=ADVANCED_FACE('',(#132),#107,.T.);
#134=CARTESIAN_POINT('',(-22.5,-9.05,-12.8));
#135=DIRECTION('',(-3.675646512691E-08,-2.3527905157619E-16,-1.));
#136=DIRECTION('',(0.,1.,0.));
#137=AXIS2_PLACEMENT_3D('',#134,#136,#135);
#138=CYLINDRICAL_SURFACE('',#137,7.55);
#139=CARTESIAN_POINT('',(-22.5,-9.05,-12.8));
#140=DIRECTION('',(0.,-2.3527905157619E-16,1.));
#141=DIRECTION('',(-1.64277316919E-16,-1.,-3.0628078623338E-16));
#142=AXIS2_PLACEMENT_3D('',#139,#141,#140);
#143=CIRCLE('',#142,7.55);
#144=EDGE_CURVE('',#38,#109,#143,.T.);
#145=ORIENTED_EDGE('',*,*,#144,.T.);
#146=ORIENTED_EDGE('',*,*,#129,.F.);
#147=CARTESIAN_POINT('',(-22.5,-7.95,-12.8));
#148=DIRECTION('',(4.7055810315238E-16,3.5291857736429E-16,-1.));
#149=DIRECTION('',(1.6636741284066E-16,1.,4.0164646441686E-16));
#150=AXIS2_PLACEMENT_3D('',#147,#149,#148);
#151=CIRCLE('',#150,7.55);
#152=EDGE_CURVE('',#118,#46,#151,.T.);
#153=ORIENTED_EDGE('',*,*,#152,.T.);
#154=ORIENTED_EDGE('',*,*,#51,.F.);
#155=EDGE_LOOP('',(#145,#146,#153,#154));
#156=FACE_OUTER_BOUND('',#155,.T.);
#157=ADVANCED_FACE('',(#156),#138,.F.);
#158=CARTESIAN_POINT('',(-43.5,-7.95,-12.8));
#159=DIRECTION('',(-1.,0.,-1.3322676295502E-14));
#160=DIRECTION('',(0.,-1.,0.));
#161=AXIS2_PLACEMENT_3D('',#158,#160,#159);
#162=CYLINDRICAL_SURFACE('',#161,0.8);
#163=CARTESIAN_POINT('',(-44.3,-7.95,-12.8));
#164=VERTEX_POINT('',#163);
#165=CARTESIAN_POINT('',(-44.3,-8.45,-12.8));
#166=VERTEX_POINT('',#165);
#167=CARTESIAN_POINT('',(-44.3,-7.95,-12.8));
#168=DIRECTION('',(0.,-1.,0.));
#169=VECTOR('',#168,0.5);
#170=LINE('',#167,#169);
#171=EDGE_CURVE('',#164,#166,#170,.T.);
#172=ORIENTED_EDGE('',*,*,#171,.T.);
#173=CARTESIAN_POINT('',(-43.5,-8.45,-12.8));
#174=DIRECTION('',(-1.,1.5700924586838E-15,3.1401849173676E-15));
#175=DIRECTION('',(-1.5700924586838E-15,-1.,-1.5700924586838E-15));
#176=AXIS2_PLACEMENT_3D('',#173,#175,#174);
#177=CIRCLE('',#176,0.79999999999999);
#178=EDGE_CURVE('',#166,#166,#177,.T.);
#179=ORIENTED_EDGE('',*,*,#178,.T.);
#180=ORIENTED_EDGE('',*,*,#171,.F.);
#181=CARTESIAN_POINT('',(-43.5,-7.95,-12.8));
#182=DIRECTION('',(-1.,-0.,-3.1401849173676E-15));
#183=DIRECTION('',(0.,1.,-0.));
#184=AXIS2_PLACEMENT_3D('',#181,#183,#182);
#185=CIRCLE('',#184,0.79999999999999);
#186=EDGE_CURVE('',#164,#164,#185,.T.);
#187=ORIENTED_EDGE('',*,*,#186,.T.);
#188=EDGE_LOOP('',(#172,#179,#180,#187));
#189=FACE_OUTER_BOUND('',#188,.T.);
#190=ADVANCED_FACE('',(#189),#162,.F.);
#191=CARTESIAN_POINT('',(43.5,-7.95,-12.8));
#192=DIRECTION('',(-1.,2.2204460492502E-15,-2.8865798640253E-14));
#193=DIRECTION('',(0.,-1.,0.));
#194=AXIS2_PLACEMENT_3D('',#191,#193,#192);
#195=CYLINDRICAL_SURFACE('',#194,0.80000000000003);
#196=CARTESIAN_POINT('',(42.7,-7.95,-12.8));
#197=VERTEX_POINT('',#196);
#198=CARTESIAN_POINT('',(42.7,-8.45,-12.8));
#199=VERTEX_POINT('',#198);
#200=CARTESIAN_POINT('',(42.7,-7.95,-12.8));
#201=DIRECTION('',(0.,-1.,0.));
#202=VECTOR('',#201,0.5);
#203=LINE('',#200,#202);
#204=EDGE_CURVE('',#197,#199,#203,.T.);
#205=ORIENTED_EDGE('',*,*,#204,.T.);
#206=CARTESIAN_POINT('',(43.5,-8.45,-12.8));
#207=DIRECTION('',(-1.,1.5700924586838E-15,2.4651903288157E-30));
#208=DIRECTION('',(-1.5700924586838E-15,-1.,-1.5700924586838E-15));
#209=AXIS2_PLACEMENT_3D('',#206,#208,#207);
#210=CIRCLE('',#209,0.8);
#211=EDGE_CURVE('',#199,#199,#210,.T.);
#212=ORIENTED_EDGE('',*,*,#211,.T.);
#213=ORIENTED_EDGE('',*,*,#204,.F.);
#214=CARTESIAN_POINT('',(43.5,-7.95,-12.8));
#215=DIRECTION('',(-1.,1.4353998199084E-15,1.1268552162171E-30));
#216=DIRECTION('',(1.4353998199084E-15,1.,7.8504622934189E-16));
#217=AXIS2_PLACEMENT_3D('',#214,#216,#215);
#218=CIRCLE('',#217,0.79999999999999);
#219=EDGE_CURVE('',#197,#197,#218,.T.);
#220=ORIENTED_EDGE('',*,*,#219,.T.);
#221=EDGE_LOOP('',(#205,#212,#213,#220));
#222=FACE_OUTER_BOUND('',#221,.T.);
#223=ADVANCED_FACE('',(#222),#195,.F.);
#224=CARTESIAN_POINT('',(-43.5,-8.930688495222,-12.8));
#225=DIRECTION('',(-1.,0.,4.0577481445626E-16));
#226=DIRECTION('',(-0.,1.,-0.));
#227=AXIS2_PLACEMENT_3D('',#224,#226,#225);
#228=CONICAL_SURFACE('',#227,0.,1.0297442586766);
#229=CARTESIAN_POINT('',(-43.5,-8.930688495222,-12.8));
#230=VERTEX_POINT('',#229);
#231=CARTESIAN_POINT('',(-44.3,-8.45,-12.8));
#232=DIRECTION('',(0.85716730070213,-0.51503807491002,0.));
#233=VECTOR('',#232,0.93330671777224);
#234=LINE('',#231,#233);
#235=EDGE_CURVE('',#166,#230,#234,.T.);
#236=ORIENTED_EDGE('',*,*,#235,.T.);
#237=ORIENTED_EDGE('',*,*,#235,.F.);
#238=ORIENTED_EDGE('',*,*,#178,.F.);
#239=EDGE_LOOP('',(#236,#237,#238));
#240=FACE_OUTER_BOUND('',#239,.T.);
#241=ADVANCED_FACE('',(#240),#228,.F.);
#242=CARTESIAN_POINT('',(43.5,-8.930688495222,-12.8));
#243=DIRECTION('',(-1.,0.,2.4346488867374E-15));
#244=DIRECTION('',(-0.,1.,-0.));
#245=AXIS2_PLACEMENT_3D('',#242,#244,#243);
#246=CONICAL_SURFACE('',#245,0.,1.0297442586767);
#247=CARTESIAN_POINT('',(43.5,-8.930688495222,-12.8));
#248=VERTEX_POINT('',#247);
#249=CARTESIAN_POINT('',(42.7,-8.45,-12.8));
#250=DIRECTION('',(0.85716730070213,-0.51503807491002,0.));
#251=VECTOR('',#250,0.93330671777224);
#252=LINE('',#249,#251);
#253=EDGE_CURVE('',#199,#248,#252,.T.);
#254=ORIENTED_EDGE('',*,*,#253,.T.);
#255=ORIENTED_EDGE('',*,*,#253,.F.);
#256=ORIENTED_EDGE('',*,*,#211,.F.);
#257=EDGE_LOOP('',(#254,#255,#256));
#258=FACE_OUTER_BOUND('',#257,.T.);
#259=ADVANCED_FACE('',(#258),#246,.F.);
#260=CARTESIAN_POINT('',(-1.0744022549977E-13,-1.,-25.6));
#261=DIRECTION('',(1.,-8.9928286466745E-17,1.3489242970012E-16));
#262=DIRECTION('',(1.3489242970012E-16,9.300297588483E-16,-1.));
#263=AXIS2_PLACEMENT_3D('',#260,#262,#261);
#264=PLANE('',#263);
#265=CARTESIAN_POINT('',(39.506075545143,-8.55,-25.6));
#266=VERTEX_POINT('',#265);
#267=CARTESIAN_POINT('',(-39.506075545143,-8.55,-25.6));
#268=VERTEX_POINT('',#267);
#269=CARTESIAN_POINT('',(39.506075545143,-8.55,-25.6));
#270=DIRECTION('',(-1.,0.,0.));
#271=VECTOR('',#270,79.012151090286);
#272=LINE('',#269,#271);
#273=EDGE_CURVE('',#266,#268,#272,.T.);
#274=ORIENTED_EDGE('',*,*,#273,.T.);
#275=CARTESIAN_POINT('',(-39.506075545143,8.55,-25.6));
#276=VERTEX_POINT('',#275);
#277=CARTESIAN_POINT('',(-39.506075545143,-8.55,-25.6));
#278=DIRECTION('',(0.,1.,0.));
#279=VECTOR('',#278,17.1);
#280=LINE('',#277,#279);
#281=EDGE_CURVE('',#268,#276,#280,.T.);
#282=ORIENTED_EDGE('',*,*,#281,.T.);
#283=CARTESIAN_POINT('',(39.506075545143,8.55,-25.6));
#284=VERTEX_POINT('',#283);
#285=CARTESIAN_POINT('',(-39.506075545143,8.55,-25.6));
#286=DIRECTION('',(1.,0.,0.));
#287=VECTOR('',#286,79.012151090286);
#288=LINE('',#285,#287);
#289=EDGE_CURVE('',#276,#284,#288,.T.);
#290=ORIENTED_EDGE('',*,*,#289,.T.);
#291=CARTESIAN_POINT('',(39.506075545143,8.55,-25.6));
#292=DIRECTION('',(0.,-1.,0.));
#293=VECTOR('',#292,17.1);
#294=LINE('',#291,#293);
#295=EDGE_CURVE('',#284,#266,#294,.T.);
#296=ORIENTED_EDGE('',*,*,#295,.T.);
#297=EDGE_LOOP('',(#274,#282,#290,#296));
#298=FACE_OUTER_BOUND('',#297,.T.);
#299=CARTESIAN_POINT('',(-3.5,-0.94999999999999,-25.6));
#300=VERTEX_POINT('',#299);
#301=CARTESIAN_POINT('',(-1.5,-0.94999999999999,-25.6));
#302=VERTEX_POINT('',#301);
#303=CARTESIAN_POINT('',(-2.5,-0.94999999999999,-25.6));
#304=DIRECTION('',(-1.,-1.1102230246252E-16,0.));
#305=DIRECTION('',(-1.0721261933236E-15,-1.0721261933236E-15,1.));
#306=AXIS2_PLACEMENT_3D('',#303,#305,#304);
#307=CIRCLE('',#306,1.);
#308=EDGE_CURVE('',#300,#302,#307,.T.);
#309=ORIENTED_EDGE('',*,*,#308,.T.);
#310=CARTESIAN_POINT('',(-1.5,5.05,-25.6));
#311=VERTEX_POINT('',#310);
#312=CARTESIAN_POINT('',(-1.5,-0.94999999999999,-25.6));
#313=DIRECTION('',(0.,1.,0.));
#314=VECTOR('',#313,6.);
#315=LINE('',#312,#314);
#316=EDGE_CURVE('',#302,#311,#315,.T.);
#317=ORIENTED_EDGE('',*,*,#316,.T.);
#318=CARTESIAN_POINT('',(-3.5,5.05,-25.6));
#319=VERTEX_POINT('',#318);
#320=CARTESIAN_POINT('',(-2.5,5.05,-25.6));
#321=DIRECTION('',(1.,-8.8817841970013E-16,0.));
#322=DIRECTION('',(0.,0.,1.));
#323=AXIS2_PLACEMENT_3D('',#320,#322,#321);
#324=CIRCLE('',#323,1.);
#325=EDGE_CURVE('',#311,#319,#324,.T.);
#326=ORIENTED_EDGE('',*,*,#325,.T.);
#327=CARTESIAN_POINT('',(-3.5,5.05,-25.6));
#328=DIRECTION('',(0.,-1.,0.));
#329=VECTOR('',#328,6.);
#330=LINE('',#327,#329);
#331=EDGE_CURVE('',#319,#300,#330,.T.);
#332=ORIENTED_EDGE('',*,*,#331,.T.);
#333=EDGE_LOOP('',(#309,#317,#326,#332));
#334=FACE_BOUND('',#333,.T.);
#335=CARTESIAN_POINT('',(0.49999999999999,-0.94999999999999,-25.6));
#336=VERTEX_POINT('',#335);
#337=CARTESIAN_POINT('',(2.5,-0.94999999999999,-25.6));
#338=VERTEX_POINT('',#337);
#339=CARTESIAN_POINT('',(1.5,-0.95,-25.6));
#340=DIRECTION('',(-1.,-9.9920072216264E-15,0.));
#341=DIRECTION('',(-1.0721261933236E-15,-1.0721261933236E-15,1.));
#342=AXIS2_PLACEMENT_3D('',#339,#341,#340);
#343=CIRCLE('',#342,1.);
#344=EDGE_CURVE('',#336,#338,#343,.T.);
#345=ORIENTED_EDGE('',*,*,#344,.T.);
#346=CARTESIAN_POINT('',(2.5,5.05,-25.6));
#347=VERTEX_POINT('',#346);
#348=CARTESIAN_POINT('',(2.5,-0.94999999999999,-25.6));
#349=DIRECTION('',(0.,1.,0.));
#350=VECTOR('',#349,6.);
#351=LINE('',#348,#350);
#352=EDGE_CURVE('',#338,#347,#351,.T.);
#353=ORIENTED_EDGE('',*,*,#352,.T.);
#354=CARTESIAN_POINT('',(0.49999999999999,5.05,-25.6));
#355=VERTEX_POINT('',#354);
#356=CARTESIAN_POINT('',(1.5,5.05,-25.6));
#357=DIRECTION('',(1.,-8.8817841970012E-16,0.));
#358=DIRECTION('',(1.0721261933236E-15,1.0721261933236E-15,1.));
#359=AXIS2_PLACEMENT_3D('',#356,#358,#357);
#360=CIRCLE('',#359,1.);
#361=EDGE_CURVE('',#347,#355,#360,.T.);
#362=ORIENTED_EDGE('',*,*,#361,.T.);
#363=CARTESIAN_POINT('',(0.49999999999999,5.05,-25.6));
#364=DIRECTION('',(0.,-1.,0.));
#365=VECTOR('',#364,6.);
#366=LINE('',#363,#365);
#367=EDGE_CURVE('',#355,#336,#366,.T.);
#368=ORIENTED_EDGE('',*,*,#367,.T.);
#369=EDGE_LOOP('',(#345,#353,#362,#368));
#370=FACE_BOUND('',#369,.T.);
#371=CARTESIAN_POINT('',(-15.5,-0.94999999999999,-25.6));
#372=VERTEX_POINT('',#371);
#373=CARTESIAN_POINT('',(-13.5,-0.94999999999999,-25.6));
#374=VERTEX_POINT('',#373);
#375=CARTESIAN_POINT('',(-14.5,-0.94999999999999,-25.6));
#376=DIRECTION('',(-1.,1.3322676295502E-15,-3.5527136788005E-15));
#377=DIRECTION('',(-2.512147933894E-15,-6.0648616126945E-15,1.));
#378=AXIS2_PLACEMENT_3D('',#375,#377,#376);
#379=CIRCLE('',#378,1.);
#380=EDGE_CURVE('',#372,#374,#379,.T.);
#381=ORIENTED_EDGE('',*,*,#380,.T.);
#382=CARTESIAN_POINT('',(-13.5,5.05,-25.6));
#383=VERTEX_POINT('',#382);
#384=CARTESIAN_POINT('',(-13.5,-0.94999999999999,-25.6));
#385=DIRECTION('',(0.,1.,0.));
#386=VECTOR('',#385,6.);
#387=LINE('',#384,#386);
#388=EDGE_CURVE('',#374,#383,#387,.T.);
#389=ORIENTED_EDGE('',*,*,#388,.T.);
#390=CARTESIAN_POINT('',(-15.5,5.05,-25.6));
#391=VERTEX_POINT('',#390);
#392=CARTESIAN_POINT('',(-14.5,5.05,-25.6));
#393=DIRECTION('',(1.,-1.7763568394003E-15,0.));
#394=DIRECTION('',(1.0721261933236E-15,1.0721261933236E-15,1.));
#395=AXIS2_PLACEMENT_3D('',#392,#394,#393);
#396=CIRCLE('',#395,1.);
#397=EDGE_CURVE('',#383,#391,#396,.T.);
#398=ORIENTED_EDGE('',*,*,#397,.T.);
#399=CARTESIAN_POINT('',(-15.5,5.05,-25.6));
#400=DIRECTION('',(0.,-1.,0.));
#401=VECTOR('',#400,6.);
#402=LINE('',#399,#401);
#403=EDGE_CURVE('',#391,#372,#402,.T.);
#404=ORIENTED_EDGE('',*,*,#403,.T.);
#405=EDGE_LOOP('',(#381,#389,#398,#404));
#406=FACE_BOUND('',#405,.T.);
#407=CARTESIAN_POINT('',(-23.5,-0.94999999999999,-25.6));
#408=VERTEX_POINT('',#407);
#409=CARTESIAN_POINT('',(-21.5,-0.94999999999999,-25.6));
#410=VERTEX_POINT('',#409);
#411=CARTESIAN_POINT('',(-22.5,-0.94999999999999,-25.6));
#412=DIRECTION('',(-1.,-1.1102230246252E-16,1.0658141036402E-14));
#413=DIRECTION('',(1.0658141036402E-14,-1.0658141036402E-14,1.));
#414=AXIS2_PLACEMENT_3D('',#411,#413,#412);
#415=CIRCLE('',#414,1.);
#416=EDGE_CURVE('',#408,#410,#415,.T.);
#417=ORIENTED_EDGE('',*,*,#416,.T.);
#418=CARTESIAN_POINT('',(-21.5,5.05,-25.6));
#419=VERTEX_POINT('',#418);
#420=CARTESIAN_POINT('',(-21.5,-0.94999999999999,-25.6));
#421=DIRECTION('',(0.,1.,0.));
#422=VECTOR('',#421,6.);
#423=LINE('',#420,#422);
#424=EDGE_CURVE('',#410,#419,#423,.T.);
#425=ORIENTED_EDGE('',*,*,#424,.T.);
#426=CARTESIAN_POINT('',(-23.5,5.05,-25.6));
#427=VERTEX_POINT('',#426);
#428=CARTESIAN_POINT('',(-22.5,5.05,-25.6));
#429=DIRECTION('',(1.,-8.8817841970013E-16,0.));
#430=DIRECTION('',(-1.0721261933236E-15,-1.0721261933236E-15,1.));
#431=AXIS2_PLACEMENT_3D('',#428,#430,#429);
#432=CIRCLE('',#431,1.);
#433=EDGE_CURVE('',#419,#427,#432,.T.);
#434=ORIENTED_EDGE('',*,*,#433,.T.);
#435=CARTESIAN_POINT('',(-23.5,5.05,-25.6));
#436=DIRECTION('',(0.,-1.,0.));
#437=VECTOR('',#436,6.);
#438=LINE('',#435,#437);
#439=EDGE_CURVE('',#427,#408,#438,.T.);
#440=ORIENTED_EDGE('',*,*,#439,.T.);
#441=EDGE_LOOP('',(#417,#425,#434,#440));
#442=FACE_BOUND('',#441,.T.);
#443=CARTESIAN_POINT('',(-19.5,-0.94999999999999,-25.6));
#444=VERTEX_POINT('',#443);
#445=CARTESIAN_POINT('',(-17.5,-0.94999999999999,-25.6));
#446=VERTEX_POINT('',#445);
#447=CARTESIAN_POINT('',(-18.5,-0.94999999999999,-25.6));
#448=DIRECTION('',(-1.,-2.2204460492503E-16,0.));
#449=DIRECTION('',(-1.0721261933236E-15,-1.0721261933236E-15,1.));
#450=AXIS2_PLACEMENT_3D('',#447,#449,#448);
#451=CIRCLE('',#450,1.);
#452=EDGE_CURVE('',#444,#446,#451,.T.);
#453=ORIENTED_EDGE('',*,*,#452,.T.);
#454=CARTESIAN_POINT('',(-17.5,5.05,-25.6));
#455=VERTEX_POINT('',#454);
#456=CARTESIAN_POINT('',(-17.5,-0.94999999999999,-25.6));
#457=DIRECTION('',(0.,1.,0.));
#458=VECTOR('',#457,6.);
#459=LINE('',#456,#458);
#460=EDGE_CURVE('',#446,#455,#459,.T.);
#461=ORIENTED_EDGE('',*,*,#460,.T.);
#462=CARTESIAN_POINT('',(-19.5,5.05,-25.6));
#463=VERTEX_POINT('',#462);
#464=CARTESIAN_POINT('',(-18.5,5.05,-25.6));
#465=DIRECTION('',(1.,-8.8817841970013E-16,-7.105427357601E-15));
#466=DIRECTION('',(7.105427357601E-15,-7.105427357601E-15,1.));
#467=AXIS2_PLACEMENT_3D('',#464,#466,#465);
#468=CIRCLE('',#467,1.);
#469=EDGE_CURVE('',#455,#463,#468,.T.);
#470=ORIENTED_EDGE('',*,*,#469,.T.);
#471=CARTESIAN_POINT('',(-19.5,5.05,-25.6));
#472=DIRECTION('',(0.,-1.,0.));
#473=VECTOR('',#472,6.);
#474=LINE('',#471,#473);
#475=EDGE_CURVE('',#463,#444,#474,.T.);
#476=ORIENTED_EDGE('',*,*,#475,.T.);
#477=EDGE_LOOP('',(#453,#461,#470,#476));
#478=FACE_BOUND('',#477,.T.);
#479=CARTESIAN_POINT('',(17.,-0.95,-25.6));
#480=VERTEX_POINT('',#479);
#481=CARTESIAN_POINT('',(19.,-0.95,-25.6));
#482=VERTEX_POINT('',#481);
#483=CARTESIAN_POINT('',(18.,-0.95,-25.6));
#484=DIRECTION('',(-1.,1.1102230246252E-16,0.));
#485=DIRECTION('',(-0.,0.,1.));
#486=AXIS2_PLACEMENT_3D('',#483,#485,#484);
#487=CIRCLE('',#486,1.);
#488=EDGE_CURVE('',#480,#482,#487,.T.);
#489=ORIENTED_EDGE('',*,*,#488,.T.);
#490=CARTESIAN_POINT('',(19.,5.05,-25.6));
#491=VERTEX_POINT('',#490);
#492=CARTESIAN_POINT('',(19.,-0.95,-25.6));
#493=DIRECTION('',(0.,1.,0.));
#494=VECTOR('',#493,6.);
#495=LINE('',#492,#494);
#496=EDGE_CURVE('',#482,#491,#495,.T.);
#497=ORIENTED_EDGE('',*,*,#496,.T.);
#498=CARTESIAN_POINT('',(17.,5.05,-25.6));
#499=VERTEX_POINT('',#498);
#500=CARTESIAN_POINT('',(18.,5.05,-25.6));
#501=DIRECTION('',(1.,-1.7763568394003E-15,7.105427357601E-15));
#502=DIRECTION('',(-7.105427357601E-15,7.105427357601E-15,1.));
#503=AXIS2_PLACEMENT_3D('',#500,#502,#501);
#504=CIRCLE('',#503,1.);
#505=EDGE_CURVE('',#491,#499,#504,.T.);
#506=ORIENTED_EDGE('',*,*,#505,.T.);
#507=CARTESIAN_POINT('',(17.,5.05,-25.6));
#508=DIRECTION('',(0.,-1.,0.));
#509=VECTOR('',#508,6.);
#510=LINE('',#507,#509);
#511=EDGE_CURVE('',#499,#480,#510,.T.);
#512=ORIENTED_EDGE('',*,*,#511,.T.);
#513=EDGE_LOOP('',(#489,#497,#506,#512));
#514=FACE_BOUND('',#513,.T.);
#515=CARTESIAN_POINT('',(21.,-0.95,-25.6));
#516=VERTEX_POINT('',#515);
#517=CARTESIAN_POINT('',(23.,-0.95,-25.6));
#518=VERTEX_POINT('',#517);
#519=CARTESIAN_POINT('',(22.,-0.94999999999999,-25.6));
#520=DIRECTION('',(-1.,1.0769163338864E-14,3.5527136788005E-15));
#521=DIRECTION('',(1.4084612921533E-15,-5.6969660654477E-15,1.));
#522=AXIS2_PLACEMENT_3D('',#519,#521,#520);
#523=CIRCLE('',#522,1.);
#524=EDGE_CURVE('',#516,#518,#523,.T.);
#525=ORIENTED_EDGE('',*,*,#524,.T.);
#526=CARTESIAN_POINT('',(23.,5.05,-25.6));
#527=VERTEX_POINT('',#526);
#528=CARTESIAN_POINT('',(23.,-0.95,-25.6));
#529=DIRECTION('',(0.,1.,0.));
#530=VECTOR('',#529,6.);
#531=LINE('',#528,#530);
#532=EDGE_CURVE('',#518,#527,#531,.T.);
#533=ORIENTED_EDGE('',*,*,#532,.T.);
#534=CARTESIAN_POINT('',(21.,5.05,-25.6));
#535=VERTEX_POINT('',#534);
#536=CARTESIAN_POINT('',(22.,5.05,-25.6));
#537=DIRECTION('',(1.,1.7763568394002E-15,0.));
#538=DIRECTION('',(0.,0.,1.));
#539=AXIS2_PLACEMENT_3D('',#536,#538,#537);
#540=CIRCLE('',#539,1.);
#541=EDGE_CURVE('',#527,#535,#540,.T.);
#542=ORIENTED_EDGE('',*,*,#541,.T.);
#543=CARTESIAN_POINT('',(21.,5.05,-25.6));
#544=DIRECTION('',(0.,-1.,0.));
#545=VECTOR('',#544,6.);
#546=LINE('',#543,#545);
#547=EDGE_CURVE('',#535,#516,#546,.T.);
#548=ORIENTED_EDGE('',*,*,#547,.T.);
#549=EDGE_LOOP('',(#525,#533,#542,#548));
#550=FACE_BOUND('',#549,.T.);
#551=CARTESIAN_POINT('',(25.,-0.95,-25.6));
#552=VERTEX_POINT('',#551);
#553=CARTESIAN_POINT('',(27.,-0.95,-25.6));
#554=VERTEX_POINT('',#553);
#555=CARTESIAN_POINT('',(26.,-0.95,-25.6));
#556=DIRECTION('',(-1.,-2.1094237467878E-15,7.105427357601E-15));
#557=DIRECTION('',(7.105427357601E-15,-7.105427357601E-15,1.));
#558=AXIS2_PLACEMENT_3D('',#555,#557,#556);
#559=CIRCLE('',#558,1.);
#560=EDGE_CURVE('',#552,#554,#559,.T.);
#561=ORIENTED_EDGE('',*,*,#560,.T.);
#562=CARTESIAN_POINT('',(27.,5.05,-25.6));
#563=VERTEX_POINT('',#562);
#564=CARTESIAN_POINT('',(27.,-0.95,-25.6));
#565=DIRECTION('',(0.,1.,0.));
#566=VECTOR('',#565,6.);
#567=LINE('',#564,#566);
#568=EDGE_CURVE('',#554,#563,#567,.T.);
#569=ORIENTED_EDGE('',*,*,#568,.T.);
#570=CARTESIAN_POINT('',(25.,5.05,-25.6));
#571=VERTEX_POINT('',#570);
#572=CARTESIAN_POINT('',(26.,5.05,-25.6));
#573=DIRECTION('',(1.,-1.7763568394003E-15,0.));
#574=DIRECTION('',(1.0721261933236E-15,1.0721261933236E-15,1.));
#575=AXIS2_PLACEMENT_3D('',#572,#574,#573);
#576=CIRCLE('',#575,1.);
#577=EDGE_CURVE('',#563,#571,#576,.T.);
#578=ORIENTED_EDGE('',*,*,#577,.T.);
#579=CARTESIAN_POINT('',(25.,5.05,-25.6));
#580=DIRECTION('',(0.,-1.,0.));
#581=VECTOR('',#580,6.);
#582=LINE('',#579,#581);
#583=EDGE_CURVE('',#571,#552,#582,.T.);
#584=ORIENTED_EDGE('',*,*,#583,.T.);
#585=EDGE_LOOP('',(#561,#569,#578,#584));
#586=FACE_BOUND('',#585,.T.);
#587=CARTESIAN_POINT('',(-7.5,-0.94999999999999,-25.6));
#588=VERTEX_POINT('',#587);
#589=CARTESIAN_POINT('',(-5.5,-0.94999999999999,-25.6));
#590=VERTEX_POINT('',#589);
#591=CARTESIAN_POINT('',(-6.5,-0.94999999999999,-25.6));
#592=DIRECTION('',(-1.,-2.2204460492503E-16,0.));
#593=DIRECTION('',(-1.0721261933236E-15,-1.0721261933236E-15,1.));
#594=AXIS2_PLACEMENT_3D('',#591,#593,#592);
#595=CIRCLE('',#594,1.);
#596=EDGE_CURVE('',#588,#590,#595,.T.);
#597=ORIENTED_EDGE('',*,*,#596,.T.);
#598=CARTESIAN_POINT('',(-5.5,5.05,-25.6));
#599=VERTEX_POINT('',#598);
#600=CARTESIAN_POINT('',(-5.5,-0.94999999999999,-25.6));
#601=DIRECTION('',(0.,1.,0.));
#602=VECTOR('',#601,6.);
#603=LINE('',#600,#602);
#604=EDGE_CURVE('',#590,#599,#603,.T.);
#605=ORIENTED_EDGE('',*,*,#604,.T.);
#606=CARTESIAN_POINT('',(-7.5,5.05,-25.6));
#607=VERTEX_POINT('',#606);
#608=CARTESIAN_POINT('',(-6.5,5.05,-25.6));
#609=DIRECTION('',(1.,-8.8817841970013E-16,0.));
#610=DIRECTION('',(0.,0.,1.));
#611=AXIS2_PLACEMENT_3D('',#608,#610,#609);
#612=CIRCLE('',#611,1.);
#613=EDGE_CURVE('',#599,#607,#612,.T.);
#614=ORIENTED_EDGE('',*,*,#613,.T.);
#615=CARTESIAN_POINT('',(-7.5,5.05,-25.6));
#616=DIRECTION('',(0.,-1.,0.));
#617=VECTOR('',#616,6.);
#618=LINE('',#615,#617);
#619=EDGE_CURVE('',#607,#588,#618,.T.);
#620=ORIENTED_EDGE('',*,*,#619,.T.);
#621=EDGE_LOOP('',(#597,#605,#614,#620));
#622=FACE_BOUND('',#621,.T.);
#623=CARTESIAN_POINT('',(-11.5,-0.94999999999999,-25.6));
#624=VERTEX_POINT('',#623);
#625=CARTESIAN_POINT('',(-9.5,-0.94999999999999,-25.6));
#626=VERTEX_POINT('',#625);
#627=CARTESIAN_POINT('',(-10.5,-0.94999999999999,-25.6));
#628=DIRECTION('',(-1.,9.9920072216264E-16,3.5527136788005E-15));
#629=DIRECTION('',(3.5527136788005E-15,-3.5527136788005E-15,1.));
#630=AXIS2_PLACEMENT_3D('',#627,#629,#628);
#631=CIRCLE('',#630,1.);
#632=EDGE_CURVE('',#624,#626,#631,.T.);
#633=ORIENTED_EDGE('',*,*,#632,.T.);
#634=CARTESIAN_POINT('',(-9.5,5.05,-25.6));
#635=VERTEX_POINT('',#634);
#636=CARTESIAN_POINT('',(-9.5,-0.94999999999999,-25.6));
#637=DIRECTION('',(0.,1.,0.));
#638=VECTOR('',#637,6.);
#639=LINE('',#636,#638);
#640=EDGE_CURVE('',#626,#635,#639,.T.);
#641=ORIENTED_EDGE('',*,*,#640,.T.);
#642=CARTESIAN_POINT('',(-11.5,5.05,-25.6));
#643=VERTEX_POINT('',#642);
#644=CARTESIAN_POINT('',(-10.5,5.05,-25.6));
#645=DIRECTION('',(1.,0.,0.));
#646=DIRECTION('',(0.,0.,1.));
#647=AXIS2_PLACEMENT_3D('',#644,#646,#645);
#648=CIRCLE('',#647,1.);
#649=EDGE_CURVE('',#635,#643,#648,.T.);
#650=ORIENTED_EDGE('',*,*,#649,.T.);
#651=CARTESIAN_POINT('',(-11.5,5.05,-25.6));
#652=DIRECTION('',(0.,-1.,0.));
#653=VECTOR('',#652,6.);
#654=LINE('',#651,#653);
#655=EDGE_CURVE('',#643,#624,#654,.T.);
#656=ORIENTED_EDGE('',*,*,#655,.T.);
#657=EDGE_LOOP('',(#633,#641,#650,#656));
#658=FACE_BOUND('',#657,.T.);
#659=CARTESIAN_POINT('',(-27.5,5.05,-25.6));
#660=VERTEX_POINT('',#659);
#661=CARTESIAN_POINT('',(-27.5,-0.94999999999999,-25.6));
#662=VERTEX_POINT('',#661);
#663=CARTESIAN_POINT('',(-27.5,5.05,-25.6));
#664=DIRECTION('',(0.,-1.,0.));
#665=VECTOR('',#664,6.);
#666=LINE('',#663,#665);
#667=EDGE_CURVE('',#660,#662,#666,.T.);
#668=ORIENTED_EDGE('',*,*,#667,.T.);
#669=CARTESIAN_POINT('',(-25.5,-0.94999999999999,-25.6));
#670=VERTEX_POINT('',#669);
#671=CARTESIAN_POINT('',(-26.5,-0.94999999999999,-25.6));
#672=DIRECTION('',(-1.,-1.1102230246252E-16,-3.5527136788005E-15));
#673=DIRECTION('',(-3.5527136788005E-15,3.5527136788005E-15,1.));
#674=AXIS2_PLACEMENT_3D('',#671,#673,#672);
#675=CIRCLE('',#674,1.);
#676=EDGE_CURVE('',#662,#670,#675,.T.);
#677=ORIENTED_EDGE('',*,*,#676,.T.);
#678=CARTESIAN_POINT('',(-25.5,5.05,-25.6));
#679=VERTEX_POINT('',#678);
#680=CARTESIAN_POINT('',(-25.5,-0.94999999999999,-25.6));
#681=DIRECTION('',(0.,1.,0.));
#682=VECTOR('',#681,6.);
#683=LINE('',#680,#682);
#684=EDGE_CURVE('',#670,#679,#683,.T.);
#685=ORIENTED_EDGE('',*,*,#684,.T.);
#686=CARTESIAN_POINT('',(-26.5,5.05,-25.6));
#687=DIRECTION('',(1.,8.8817841970012E-16,0.));
#688=DIRECTION('',(0.,0.,1.));
#689=AXIS2_PLACEMENT_3D('',#686,#688,#687);
#690=CIRCLE('',#689,1.);
#691=EDGE_CURVE('',#679,#660,#690,.T.);
#692=ORIENTED_EDGE('',*,*,#691,.T.);
#693=EDGE_LOOP('',(#668,#677,#685,#692));
#694=FACE_BOUND('',#693,.T.);
#695=CARTESIAN_POINT('',(-39.3,3.75,-25.6));
#696=VERTEX_POINT('',#695);
#697=CARTESIAN_POINT('',(-36.5,3.75,-25.6));
#698=DIRECTION('',(-1.,8.9719569067645E-16,-1.422760758172E-15));
#699=DIRECTION('',(-1.422760758172E-15,-2.6915870720293E-15,1.));
#700=AXIS2_PLACEMENT_3D('',#697,#699,#698);
#701=CIRCLE('',#700,2.8);
#702=EDGE_CURVE('',#696,#696,#701,.T.);
#703=ORIENTED_EDGE('',*,*,#702,.T.);
#704=EDGE_LOOP('',(#703));
#705=FACE_BOUND('',#704,.T.);
#706=CARTESIAN_POINT('',(33.7,3.75,-25.6));
#707=VERTEX_POINT('',#706);
#708=CARTESIAN_POINT('',(36.5,3.75,-25.6));
#709=DIRECTION('',(-1.,8.9719569067644E-16,1.2688263138573E-15));
#710=DIRECTION('',(1.2688263138573E-15,-1.1383855010097E-30,1.));
#711=AXIS2_PLACEMENT_3D('',#708,#710,#709);
#712=CIRCLE('',#711,2.8);
#713=EDGE_CURVE('',#707,#707,#712,.T.);
#714=ORIENTED_EDGE('',*,*,#713,.T.);
#715=EDGE_LOOP('',(#714));
#716=FACE_BOUND('',#715,.T.);
#717=ADVANCED_FACE('',(#298,#334,#370,#406,#442,#478,#514,#550,#586,#622,#658,#694,#705,#716),#264,.T.);
#718=CARTESIAN_POINT('',(39.506075545143,8.5500000000005,-20.600000000002));
#719=DIRECTION('',(0.22222798077202,-1.0231815394943E-13,-0.97499473053037));
#720=DIRECTION('',(-8.7259634216153E-15,-1.,1.0242618968706E-13));
#721=AXIS2_PLACEMENT_3D('',#718,#720,#719);
#722=CYLINDRICAL_SURFACE('',#721,5.000000000001);
#723=CARTESIAN_POINT('',(40.617099847307,-8.55,-25.475));
#724=VERTEX_POINT('',#723);
#725=CARTESIAN_POINT('',(39.506075545143,-8.5500000000001,-20.600000000001));
#726=DIRECTION('',(0.22220486043285,2.593480985525E-14,-0.97500000000001));
#727=DIRECTION('',(-2.9078334094215E-15,1.,2.5845388676109E-14));
#728=AXIS2_PLACEMENT_3D('',#725,#727,#726);
#729=CIRCLE('',#728,4.9999999999987);
#730=EDGE_CURVE('',#724,#266,#729,.T.);
#731=ORIENTED_EDGE('',*,*,#730,.T.);
#732=ORIENTED_EDGE('',*,*,#295,.F.);
#733=CARTESIAN_POINT('',(40.617099847308,8.55,-25.475));
#734=VERTEX_POINT('',#733);
#735=CARTESIAN_POINT('',(39.506075545143,8.5499999999997,-20.600000000002));
#736=DIRECTION('',(0.,4.9737991503226E-14,-1.));
#737=DIRECTION('',(7.184173406936E-15,-1.,-4.9643475253317E-14));
#738=AXIS2_PLACEMENT_3D('',#735,#737,#736);
#739=CIRCLE('',#738,4.9999999999981);
#740=EDGE_CURVE('',#284,#734,#739,.T.);
#741=ORIENTED_EDGE('',*,*,#740,.T.);
#742=CARTESIAN_POINT('',(40.617099847308,8.55,-25.475));
#743=DIRECTION('',(-5.8173089477435E-14,-1.,0.));
#744=VECTOR('',#743,17.1);
#745=LINE('',#742,#744);
#746=EDGE_CURVE('',#734,#724,#745,.T.);
#747=ORIENTED_EDGE('',*,*,#746,.T.);
#748=EDGE_LOOP('',(#731,#732,#741,#747));
#749=FACE_OUTER_BOUND('',#748,.T.);
#750=ADVANCED_FACE('',(#749),#722,.T.);
#751=CARTESIAN_POINT('',(37.72843666168,-8.55,-12.8));
#752=DIRECTION('',(0.22220486121067,2.7328566760004E-16,-0.97499999982274));
#753=DIRECTION('',(0.,1.,4.1552206769596E-16));
#754=AXIS2_PLACEMENT_3D('',#751,#753,#752);
#755=CYLINDRICAL_SURFACE('',#754,13.);
#756=CARTESIAN_POINT('',(40.617099847307,-8.55,-0.125));
#757=VERTEX_POINT('',#756);
#758=CARTESIAN_POINT('',(37.72843666168,-8.55,-12.8));
#759=DIRECTION('',(0.22220486043285,-4.0992850140006E-16,0.97500000000001));
#760=DIRECTION('',(2.9871731147114E-16,1.,3.7844482745317E-16));
#761=AXIS2_PLACEMENT_3D('',#758,#760,#759);
#762=CIRCLE('',#761,13.);
#763=EDGE_CURVE('',#757,#724,#762,.T.);
#764=ORIENTED_EDGE('',*,*,#763,.T.);
#765=ORIENTED_EDGE('',*,*,#746,.F.);
#766=CARTESIAN_POINT('',(40.617099847307,8.55,-0.125));
#767=VERTEX_POINT('',#766);
#768=CARTESIAN_POINT('',(37.72843666168,8.55,-12.8));
#769=DIRECTION('',(0.22220486043292,2.7328566760004E-16,-0.97499999999999));
#770=DIRECTION('',(-2.0496425070002E-16,-1.,-2.5693159325186E-16));
#771=AXIS2_PLACEMENT_3D('',#768,#770,#769);
#772=CIRCLE('',#771,13.);
#773=EDGE_CURVE('',#734,#767,#772,.T.);
#774=ORIENTED_EDGE('',*,*,#773,.T.);
#775=CARTESIAN_POINT('',(40.617099847307,8.55,-0.125));
#776=DIRECTION('',(0.,-1.,0.));
#777=VECTOR('',#776,17.1);
#778=LINE('',#775,#777);
#779=EDGE_CURVE('',#767,#757,#778,.T.);
#780=ORIENTED_EDGE('',*,*,#779,.T.);
#781=EDGE_LOOP('',(#764,#765,#774,#780));
#782=FACE_OUTER_BOUND('',#781,.T.);
#783=ADVANCED_FACE('',(#782),#755,.T.);
#784=CARTESIAN_POINT('',(39.506075545143,8.5499999999999,-4.9999999999985));
#785=DIRECTION('',(-1.8673865369579E-05,2.0250467969164E-14,0.99999999982564));
#786=DIRECTION('',(0.,-1.,2.0464461834026E-14));
#787=AXIS2_PLACEMENT_3D('',#784,#786,#785);
#788=CYLINDRICAL_SURFACE('',#787,4.9999999999997);
#789=CARTESIAN_POINT('',(39.506075545143,-7.261081742382,4.1938591618923E-15));
#790=VERTEX_POINT('',#789);
#791=CARTESIAN_POINT('',(39.506075545143,-8.55,9.723574126256E-16));
#792=VERTEX_POINT('',#791);
#793=CARTESIAN_POINT('',(39.506075545143,-7.261081742382,4.1938591618923E-15));
#794=DIRECTION('',(0.,-1.,-2.4993840611896E-15));
#795=VECTOR('',#794,1.288918257618);
#796=LINE('',#793,#795);
#797=EDGE_CURVE('',#790,#792,#796,.T.);
#798=ORIENTED_EDGE('',*,*,#797,.T.);
#799=CARTESIAN_POINT('',(39.506075545143,-8.55,-4.9999999999984));
#800=DIRECTION('',(4.263256414562E-15,-2.8421709430413E-15,1.));
#801=DIRECTION('',(2.9697022053669E-16,1.,2.6395290562833E-15));
#802=AXIS2_PLACEMENT_3D('',#799,#801,#800);
#803=CIRCLE('',#802,4.9999999999984);
#804=EDGE_CURVE('',#792,#757,#803,.T.);
#805=ORIENTED_EDGE('',*,*,#804,.T.);
#806=ORIENTED_EDGE('',*,*,#779,.F.);
#807=CARTESIAN_POINT('',(39.506075545143,8.55,-1.9142843494635E-16));
#808=VERTEX_POINT('',#807);
#809=CARTESIAN_POINT('',(39.506075545143,8.55,-5.0000000000003));
#810=DIRECTION('',(0.22220486043279,8.1712414612408E-15,0.97500000000002));
#811=DIRECTION('',(2.4945186743005E-15,-1.,7.9609122396033E-15));
#812=AXIS2_PLACEMENT_3D('',#809,#811,#810);
#813=CIRCLE('',#812,5.0000000000002);
#814=EDGE_CURVE('',#767,#808,#813,.T.);
#815=ORIENTED_EDGE('',*,*,#814,.T.);
#816=CARTESIAN_POINT('',(39.506075545143,7.2610817423821,2.812403327242E-15));
#817=VERTEX_POINT('',#816);
#818=CARTESIAN_POINT('',(39.506075545143,8.55,-1.9142843494635E-16));
#819=DIRECTION('',(0.,-1.,2.3305060227325E-15));
#820=VECTOR('',#819,1.2889182576179);
#821=LINE('',#818,#820);
#822=EDGE_CURVE('',#808,#817,#821,.T.);
#823=ORIENTED_EDGE('',*,*,#822,.T.);
#824=CARTESIAN_POINT('',(39.506075545143,7.2610817423821,2.812403327242E-15));
#825=DIRECTION('',(0.,-1.,9.5127412392764E-17));
#826=VECTOR('',#825,14.522163484764);
#827=LINE('',#824,#826);
#828=EDGE_CURVE('',#817,#790,#827,.T.);
#829=ORIENTED_EDGE('',*,*,#828,.T.);
#830=EDGE_LOOP('',(#798,#805,#806,#815,#823,#829));
#831=FACE_OUTER_BOUND('',#830,.T.);
#832=ADVANCED_FACE('',(#831),#788,.T.);
#833=CARTESIAN_POINT('',(-39.506075545143,8.5500000000001,-4.9999999999993));
#834=DIRECTION('',(-0.22223052741319,-1.8474111129762E-14,0.97499415007766));
#835=DIRECTION('',(2.0776103384798E-15,-1.,-1.8438791754008E-14));
#836=AXIS2_PLACEMENT_3D('',#833,#835,#834);
#837=CYLINDRICAL_SURFACE('',#836,5.0000000000003);
#838=CARTESIAN_POINT('',(-40.617099847308,-8.55,-0.125));
#839=VERTEX_POINT('',#838);
#840=CARTESIAN_POINT('',(-39.506075545143,-8.55,9.723574126256E-16));
#841=VERTEX_POINT('',#840);
#842=CARTESIAN_POINT('',(-39.506075545143,-8.55,-4.9999999999997));
#843=DIRECTION('',(-0.22220486043301,7.1054273576012E-16,0.97499999999997));
#844=DIRECTION('',(1.1136383270116E-16,1.,-9.8982339610474E-16));
#845=AXIS2_PLACEMENT_3D('',#842,#844,#843);
#846=CIRCLE('',#845,4.9999999999998);
#847=EDGE_CURVE('',#839,#841,#846,.T.);
#848=ORIENTED_EDGE('',*,*,#847,.T.);
#849=CARTESIAN_POINT('',(-39.506075545143,-7.2610817423821,-2.0233897760084E-15));
#850=VERTEX_POINT('',#849);
#851=CARTESIAN_POINT('',(-39.506075545143,-8.55,9.723574126256E-16));
#852=DIRECTION('',(0.,1.,-2.3242336516906E-15));
#853=VECTOR('',#852,1.2889182576179);
#854=LINE('',#851,#853);
#855=EDGE_CURVE('',#841,#850,#854,.T.);
#856=ORIENTED_EDGE('',*,*,#855,.T.);
#857=CARTESIAN_POINT('',(-39.506075545143,7.261081742382,-4.2270163064126E-15));
#858=VERTEX_POINT('',#857);
#859=CARTESIAN_POINT('',(-39.506075545143,-7.2610817423821,-2.0233897760084E-15));
#860=DIRECTION('',(0.,1.,-1.5174230290935E-16));
#861=VECTOR('',#860,14.522163484764);
#862=LINE('',#859,#861);
#863=EDGE_CURVE('',#850,#858,#862,.T.);
#864=ORIENTED_EDGE('',*,*,#863,.T.);
#865=CARTESIAN_POINT('',(-39.506075545143,8.55,-1.9142843494635E-16));
#866=VERTEX_POINT('',#865);
#867=CARTESIAN_POINT('',(-39.506075545143,7.261081742382,-4.2270163064126E-15));
#868=DIRECTION('',(0.,1.,3.1309882124909E-15));
#869=VECTOR('',#868,1.288918257618);
#870=LINE('',#867,#869);
#871=EDGE_CURVE('',#858,#866,#870,.T.);
#872=ORIENTED_EDGE('',*,*,#871,.T.);
#873=CARTESIAN_POINT('',(-40.617099847308,8.55,-0.125));
#874=VERTEX_POINT('',#873);
#875=CARTESIAN_POINT('',(-39.506075545143,8.55,-4.9999999999994));
#876=DIRECTION('',(1.4210854715204E-15,7.815970093362E-15,1.));
#877=DIRECTION('',(-9.0328442079828E-16,-1.,8.0285675461826E-15));
#878=AXIS2_PLACEMENT_3D('',#875,#877,#876);
#879=CIRCLE('',#878,4.9999999999994);
#880=EDGE_CURVE('',#866,#874,#879,.T.);
#881=ORIENTED_EDGE('',*,*,#880,.T.);
#882=CARTESIAN_POINT('',(-40.617099847308,8.55,-0.125));
#883=DIRECTION('',(0.,-1.,0.));
#884=VECTOR('',#883,17.1);
#885=LINE('',#882,#884);
#886=EDGE_CURVE('',#874,#839,#885,.T.);
#887=ORIENTED_EDGE('',*,*,#886,.T.);
#888=EDGE_LOOP('',(#848,#856,#864,#872,#881,#887));
#889=FACE_OUTER_BOUND('',#888,.T.);
#890=ADVANCED_FACE('',(#889),#837,.T.);
#891=CARTESIAN_POINT('',(-37.72843666168,-8.55,-12.8));
#892=DIRECTION('',(-0.22220486121071,1.6397140056002E-15,0.97499999982273));
#893=DIRECTION('',(6.6483530831354E-15,1.,1.0388051692399E-16));
#894=AXIS2_PLACEMENT_3D('',#891,#893,#892);
#895=CYLINDRICAL_SURFACE('',#894,13.);
#896=CARTESIAN_POINT('',(-40.617099847307,-8.55,-25.475));
#897=VERTEX_POINT('',#896);
#898=CARTESIAN_POINT('',(-40.617099847307,-8.55,-25.475));
#899=CARTESIAN_POINT('',(-50.72843666168,-8.55,-23.170601860895));
#900=CARTESIAN_POINT('',(-50.72843666168,-8.55,-12.8));
#901=CARTESIAN_POINT('',(-50.72843666168,-8.55,-2.429398139105));
#902=CARTESIAN_POINT('',(-40.617099847308,-8.55,-0.125));
#903=(BOUNDED_CURVE()B_SPLINE_CURVE(2,(#898,#899,#900,#901,#902),.UNSPECIFIED.,.F.,.U.)B_SPLINE_CURVE_WITH_KNOTS((3,2,3),(0.018690490200299,0.50000000000001,0.98130950979971),.UNSPECIFIED.)CURVE()GEOMETRIC_REPRESENTATION_ITEM()RATIONAL_B_SPLINE_CURVE((0.98318838863661,0.7751314815284,1.,0.77513148152841,0.9831883886366))REPRESENTATION_ITEM(''));
#904=EDGE_CURVE('',#897,#839,#903,.T.);
#905=ORIENTED_EDGE('',*,*,#904,.T.);
#906=ORIENTED_EDGE('',*,*,#886,.F.);
#907=CARTESIAN_POINT('',(-40.617099847307,8.55,-25.475));
#908=VERTEX_POINT('',#907);
#909=CARTESIAN_POINT('',(-37.72843666168,8.55,-12.8));
#910=DIRECTION('',(-0.22220486043292,-4.0992850140006E-16,0.97499999999999));
#911=DIRECTION('',(-2.1444886514426E-17,-1.,-4.033320747698E-16));
#912=AXIS2_PLACEMENT_3D('',#909,#911,#910);
#913=CIRCLE('',#912,13.);
#914=EDGE_CURVE('',#874,#908,#913,.T.);
#915=ORIENTED_EDGE('',*,*,#914,.T.);
#916=CARTESIAN_POINT('',(-40.617099847307,8.55,-25.475));
#917=DIRECTION('',(0.,-1.,0.));
#918=VECTOR('',#917,17.1);
#919=LINE('',#916,#918);
#920=EDGE_CURVE('',#908,#897,#919,.T.);
#921=ORIENTED_EDGE('',*,*,#920,.T.);
#922=EDGE_LOOP('',(#905,#906,#915,#921));
#923=FACE_OUTER_BOUND('',#922,.T.);
#924=ADVANCED_FACE('',(#923),#895,.T.);
#925=CARTESIAN_POINT('',(-39.506075545143,8.5500000000001,-20.600000000004));
#926=DIRECTION('',(2.3713232191391E-05,-1.5631940186736E-14,-0.99999999971884));
#927=DIRECTION('',(-8.3104413539193E-16,-1.,1.5997599606295E-14));
#928=AXIS2_PLACEMENT_3D('',#925,#927,#926);
#929=CYLINDRICAL_SURFACE('',#928,4.9999999999954);
#930=CARTESIAN_POINT('',(-39.506075545143,-8.55,-25.6));
#931=CARTESIAN_POINT('',(-40.068619495606,-8.55,-25.6));
#932=CARTESIAN_POINT('',(-40.617099847307,-8.55,-25.475));
#933=(BOUNDED_CURVE()B_SPLINE_CURVE(2,(#930,#931,#932),.UNSPECIFIED.,.F.,.U.)B_SPLINE_CURVE_WITH_KNOTS((3,3),(10.641532182694,11.641532182694),.UNSPECIFIED.)CURVE()GEOMETRIC_REPRESENTATION_ITEM()RATIONAL_B_SPLINE_CURVE((1.,0.99373034571759,1.))REPRESENTATION_ITEM(''));
#934=EDGE_CURVE('',#268,#897,#933,.T.);
#935=ORIENTED_EDGE('',*,*,#934,.T.);
#936=ORIENTED_EDGE('',*,*,#920,.F.);
#937=CARTESIAN_POINT('',(-39.506075545143,8.55,-20.6));
#938=DIRECTION('',(-0.2222048604328,1.2434497875802E-14,-0.97500000000002));
#939=DIRECTION('',(1.5587818757408E-16,-1.,-1.2825379078636E-14));
#940=AXIS2_PLACEMENT_3D('',#937,#939,#938);
#941=CIRCLE('',#940,5.0000000000001);
#942=EDGE_CURVE('',#908,#276,#941,.T.);
#943=ORIENTED_EDGE('',*,*,#942,.T.);
#944=ORIENTED_EDGE('',*,*,#281,.F.);
#945=EDGE_LOOP('',(#935,#936,#943,#944));
#946=FACE_OUTER_BOUND('',#945,.T.);
#947=ADVANCED_FACE('',(#946),#929,.T.);
#948=CARTESIAN_POINT('',(-2.0627425641707E-14,-9.05,20.259432983398));
#949=DIRECTION('',(1.,-1.2377798212706E-16,1.4146055100236E-16));
#950=DIRECTION('',(-1.2377798212706E-16,-1.,-4.1119881812948E-16));
#951=AXIS2_PLACEMENT_3D('',#948,#950,#949);
#952=PLANE('',#951);
#953=CARTESIAN_POINT('',(-40.505997417091,-9.05,-0.6125));
#954=VERTEX_POINT('',#953);
#955=CARTESIAN_POINT('',(-40.525586713413,-9.0499999944244,-24.98271185633));
#956=VERTEX_POINT('',#955);
#957=CARTESIAN_POINT('',(-40.505997417091,-9.05,-0.6125));
#958=CARTESIAN_POINT('',(-40.871675929971,-9.05,-0.695842686425));
#959=CARTESIAN_POINT('',(-41.471650498822,-9.05,-0.871007133549));
#960=CARTESIAN_POINT('',(-42.004644137963,-9.05,-1.050041248734));
#961=CARTESIAN_POINT('',(-42.586047657544,-9.05,-1.278233854747));
#962=CARTESIAN_POINT('',(-43.155189958935,-9.05,-1.535106375204));
#963=CARTESIAN_POINT('',(-43.710935569952,-9.05,-1.820146332601));
#964=CARTESIAN_POINT('',(-44.251621492766,-9.05,-2.132500789864));
#965=CARTESIAN_POINT('',(-44.776168174878,-9.05,-2.471546085753));
#966=CARTESIAN_POINT('',(-45.283006101647,-9.05,-2.8362677516313));
#967=CARTESIAN_POINT('',(-45.771123278854,-9.05,-3.2259375540731));
#968=CARTESIAN_POINT('',(-46.239059197337,-9.05,-3.6393895511202));
#969=CARTESIAN_POINT('',(-46.685879537157,-9.05,-4.0757982099722));
#970=CARTESIAN_POINT('',(-47.110247354681,-9.05,-4.533857740079));
#971=CARTESIAN_POINT('',(-47.51131532166,-9.05,-5.0126535415026));
#972=CARTESIAN_POINT('',(-47.887883391417,-9.05,-5.5107529959402));
#973=CARTESIAN_POINT('',(-48.239199676674,-9.05,-6.0271615563944));
#974=CARTESIAN_POINT('',(-48.564212994153,-9.05,-6.5603340623744));
#975=CARTESIAN_POINT('',(-48.862274395103,-9.05,-7.1092059370971));
#976=CARTESIAN_POINT('',(-49.132492041672,-9.05,-7.6721348856816));
#977=CARTESIAN_POINT('',(-49.374326394725,-9.05,-8.2479969171447));
#978=CARTESIAN_POINT('',(-49.587053854933,-9.05,-8.835068978603));
#979=CARTESIAN_POINT('',(-49.770249672873,-9.05,-9.4321788729164));
#980=CARTESIAN_POINT('',(-49.923365703214,-9.05,-10.037539970877));
#981=CARTESIAN_POINT('',(-50.046096221696,-9.05,-10.649943557926));
#982=CARTESIAN_POINT('',(-50.138074002902,-9.05,-11.26755724417));
#983=CARTESIAN_POINT('',(-50.199115396309,-9.05,-11.889147850509));
#984=CARTESIAN_POINT('',(-50.229037758256,-9.05,-12.512855498311));
#985=CARTESIAN_POINT('',(-50.227781343254,-9.05,-13.137434840764));
#986=CARTESIAN_POINT('',(-50.195349910659,-9.05,-13.761017056556));
#987=CARTESIAN_POINT('',(-50.131808215779,-9.05,-14.382357049321));
#988=CARTESIAN_POINT('',(-50.037346383495,-9.05,-14.999595690296));
#989=CARTESIAN_POINT('',(-49.912153024196,-9.05,-15.611500549228));
#990=CARTESIAN_POINT('',(-49.756602732433,-9.05,-16.216240728483));
#991=CARTESIAN_POINT('',(-49.571006092917,-9.05,-16.812608753277));
#992=CARTESIAN_POINT('',(-49.355918434543,-9.05,-17.398820214174));
#993=CARTESIAN_POINT('',(-49.111769219303,-9.05,-17.97370463238));
#994=CARTESIAN_POINT('',(-48.839288972891,-9.05,-18.535541880154));
#995=CARTESIAN_POINT('',(-48.539021752138,-9.05,-19.083210146296));
#996=CARTESIAN_POINT('',(-48.21186599499,-9.05,-19.615070737275));
#997=CARTESIAN_POINT('',(-47.858474927971,-9.05,-20.130061695786));
#998=CARTESIAN_POINT('',(-47.479905942374,-9.05,-20.626642102987));
#999=CARTESIAN_POINT('',(-47.076914920671,-9.05,-21.103820444936));
#1000=CARTESIAN_POINT('',(-46.650707663566,-9.05,-21.560168942974));
#1001=CARTESIAN_POINT('',(-46.202135172088,-9.05,-21.994776413564));
#1002=CARTESIAN_POINT('',(-45.732539632519,-9.05,-22.406342455486));
#1003=CARTESIAN_POINT('',(-45.242858678628,-9.05,-22.794045301976));
#1004=CARTESIAN_POINT('',(-44.734557498126,-9.05,-23.156724894479));
#1005=CARTESIAN_POINT('',(-44.208651010084,-9.05,-23.493657090442));
#1006=CARTESIAN_POINT('',(-43.666712781275,-9.05,-23.803833673894));
#1007=CARTESIAN_POINT('',(-43.109824977547,-9.05,-24.086635808688));
#1008=CARTESIAN_POINT('',(-42.539653428946,-9.05,-24.341214782422));
#1009=CARTESIAN_POINT('',(-41.9573396481,-9.05,-24.567079521593));
#1010=CARTESIAN_POINT('',(-41.364610122646,-9.05,-24.76346481307));
#1011=CARTESIAN_POINT('',(-40.796177618083,-9.05,-24.921306793175));
#1012=CARTESIAN_POINT('',(-40.525557102684,-9.05,-24.982581078936));
#1013=B_SPLINE_CURVE_WITH_KNOTS('',2,(#957,#958,#959,#960,#961,#962,#963,#964,#965,#966,#967,#968,#969,#970,#971,#972,#973,#974,#975,#976,#977,#978,#979,#980,#981,#982,#983,#984,#985,#986,#987,#988,#989,#990,#991,#992,#993,#994,#995,#996,#997,#998,#999,#1000,#1001,#1002,#1003,#1004,#1005,#1006,#1007,#1008,#1009,#1010,#1011,#1012),.UNSPECIFIED.,.F.,.U.,(3,1,1,1,1,1,1,1,1,1,1,1,1,1,1,1,1,1,1,1,1,1,1,1,1,1,1,1,1,1,1,1,1,1,1,1,1,1,1,1,1,1,1,1,1,1,1,1,1,1,1,1,1,1,3),(0.,0.019880443425257,0.033138491105011,0.049692497523025,0.066246503941039,0.082800510359053,0.099354516777067,0.11590852319508,0.1324625296131,0.14901653603111,0.16557054244912,0.18212454886714,0.19867855528515,0.21523256170317,0.23178656812118,0.2483405745392,0.26489458095721,0.28144858737522,0.29800259379324,0.31455660021125,0.33111060662927,0.34766461304728,0.36421861946529,0.38077262588331,0.39732663230132,0.41388063871934,0.43043464513735,0.44698865155536,0.46354265797338,0.48009666439139,0.49665067080941,0.51320467722742,0.52975868364544,0.54631269006345,0.56286669648146,0.57942070289948,0.59597470931749,0.61252871573551,0.62908272215352,0.64563672857153,0.66219073498955,0.67874474140756,0.69529874782558,0.71185275424359,0.7284067606616,0.74496076707962,0.76151477349763,0.77806877991565,0.79462278633366,0.81117679275168,0.82773079916969,0.8442848055877,0.86083881200572,0.87739281842373,0.89210832099919),.UNSPECIFIED.);
#1014=EDGE_CURVE('',#954,#956,#1013,.T.);
#1015=ORIENTED_EDGE('',*,*,#1014,.T.);
#1016=CARTESIAN_POINT('',(-39.506075545143,-9.05,-25.1));
#1017=VERTEX_POINT('',#1016);
#1018=CARTESIAN_POINT('',(-40.525676473161,-9.05,-24.983147795422));
#1019=CARTESIAN_POINT('',(-40.465666975955,-9.05,-24.996494708401));
#1020=CARTESIAN_POINT('',(-40.282029654651,-9.05,-25.0345366954));
#1021=CARTESIAN_POINT('',(-40.021085510119,-9.05,-25.072526076078));
#1022=CARTESIAN_POINT('',(-39.695419696114,-9.05,-25.100003842195));
#1023=CARTESIAN_POINT('',(-39.506075545143,-9.05,-25.1));
#1024=B_SPLINE_CURVE_WITH_KNOTS('',2,(#1018,#1019,#1020,#1021,#1022,#1023),.UNSPECIFIED.,.F.,.U.,(3,1,1,1,3),(0.92031840118237,0.92984512622726,0.9493749868445,0.97068567642067,1.),.UNSPECIFIED.);
#1025=EDGE_CURVE('',#956,#1017,#1024,.T.);
#1026=ORIENTED_EDGE('',*,*,#1025,.T.);
#1027=CARTESIAN_POINT('',(39.506075545143,-9.05,-25.1));
#1028=VERTEX_POINT('',#1027);
#1029=CARTESIAN_POINT('',(-39.506075545143,-9.05,-25.1));
#1030=DIRECTION('',(1.,0.,0.));
#1031=VECTOR('',#1030,79.012151090286);
#1032=LINE('',#1029,#1031);
#1033=EDGE_CURVE('',#1017,#1028,#1032,.T.);
#1034=ORIENTED_EDGE('',*,*,#1033,.T.);
#1035=CARTESIAN_POINT('',(40.505997417091,-9.05,-24.9875));
#1036=VERTEX_POINT('',#1035);
#1037=CARTESIAN_POINT('',(39.506075545143,-9.0500000000002,-20.600000000001));
#1038=DIRECTION('',(3.15796771449E-15,2.6842725573165E-14,-1.));
#1039=DIRECTION('',(1.2979044951684E-15,-1.,-2.7325866060605E-14));
#1040=AXIS2_PLACEMENT_3D('',#1037,#1039,#1038);
#1041=CIRCLE('',#1040,4.499999999999);
#1042=EDGE_CURVE('',#1028,#1036,#1041,.T.);
#1043=ORIENTED_EDGE('',*,*,#1042,.T.);
#1044=CARTESIAN_POINT('',(40.505997417091,-9.05,-0.6125));
#1045=VERTEX_POINT('',#1044);
#1046=CARTESIAN_POINT('',(37.72843666168,-9.05,-12.8));
#1047=DIRECTION('',(0.22220486043288,1.4210854715202E-16,-0.975));
#1048=DIRECTION('',(-5.4112705100522E-17,-1.,-3.9408927429748E-16));
#1049=AXIS2_PLACEMENT_3D('',#1046,#1048,#1047);
#1050=CIRCLE('',#1049,12.5);
#1051=EDGE_CURVE('',#1036,#1045,#1050,.T.);
#1052=ORIENTED_EDGE('',*,*,#1051,.T.);
#1053=CARTESIAN_POINT('',(39.506075545143,-9.05,-0.5));
#1054=VERTEX_POINT('',#1053);
#1055=CARTESIAN_POINT('',(39.506075545143,-9.05,-4.9999999999992));
#1056=DIRECTION('',(0.22220486043293,3.9474596431123E-16,0.97499999999999));
#1057=DIRECTION('',(2.7497242642275E-17,-1.,2.4440083854459E-16));
#1058=AXIS2_PLACEMENT_3D('',#1055,#1057,#1056);
#1059=CIRCLE('',#1058,4.4999999999992);
#1060=EDGE_CURVE('',#1045,#1054,#1059,.T.);
#1061=ORIENTED_EDGE('',*,*,#1060,.T.);
#1062=CARTESIAN_POINT('',(-39.506075545143,-9.05,-0.5));
#1063=VERTEX_POINT('',#1062);
#1064=CARTESIAN_POINT('',(39.506075545143,-9.05,-0.5));
#1065=DIRECTION('',(-1.,0.,0.));
#1066=VECTOR('',#1065,79.012151090286);
#1067=LINE('',#1064,#1066);
#1068=EDGE_CURVE('',#1054,#1063,#1067,.T.);
#1069=ORIENTED_EDGE('',*,*,#1068,.T.);
#1070=CARTESIAN_POINT('',(-39.506075545143,-9.0499999999999,-4.9999999999987));
#1071=DIRECTION('',(0.,-8.2896652505369E-15,1.));
#1072=DIRECTION('',(8.6616314323165E-16,-1.,-7.6986264141538E-15));
#1073=AXIS2_PLACEMENT_3D('',#1070,#1072,#1071);
#1074=CIRCLE('',#1073,4.4999999999987);
#1075=EDGE_CURVE('',#1063,#954,#1074,.T.);
#1076=ORIENTED_EDGE('',*,*,#1075,.T.);
#1077=EDGE_LOOP('',(#1015,#1026,#1034,#1043,#1052,#1061,#1069,#1076));
#1078=FACE_OUTER_BOUND('',#1077,.T.);
#1079=ORIENTED_EDGE('',*,*,#114,.F.);
#1080=ORIENTED_EDGE('',*,*,#144,.F.);
#1081=ORIENTED_EDGE('',*,*,#43,.F.);
#1082=ORIENTED_EDGE('',*,*,#82,.F.);
#1083=EDGE_LOOP('',(#1079,#1080,#1081,#1082));
#1084=FACE_BOUND('',#1083,.T.);
#1085=ADVANCED_FACE('',(#1078,#1084),#952,.T.);
#1086=CARTESIAN_POINT('',(-39.506075545143,-8.5499999999939,-25.099999999994));
#1087=DIRECTION('',(4.2632564145606E-14,3.6548069815012E-07,-0.99999999999993));
#1088=DIRECTION('',(1.,5.1641318503528E-14,5.1933585434545E-14));
#1089=AXIS2_PLACEMENT_3D('',#1086,#1088,#1087);
#1090=CYLINDRICAL_SURFACE('',#1089,0.5);
#1091=CARTESIAN_POINT('',(-39.506075545143,-8.55,-25.1));
#1092=DIRECTION('',(0.,-1.,-7.105427357601E-15));
#1093=DIRECTION('',(1.,-7.2316691512696E-15,-3.5653378581674E-14));
#1094=AXIS2_PLACEMENT_3D('',#1091,#1093,#1092);
#1095=CIRCLE('',#1094,0.5);
#1096=EDGE_CURVE('',#1017,#268,#1095,.T.);
#1097=ORIENTED_EDGE('',*,*,#1096,.T.);
#1098=ORIENTED_EDGE('',*,*,#273,.F.);
#1099=CARTESIAN_POINT('',(39.506075545143,-8.55,-25.1));
#1100=DIRECTION('',(1.4210854715202E-14,-3.5527136788005E-15,-1.));
#1101=DIRECTION('',(-1.,-2.1442523866472E-14,-2.1442523866472E-14));
#1102=AXIS2_PLACEMENT_3D('',#1099,#1101,#1100);
#1103=CIRCLE('',#1102,0.5);
#1104=EDGE_CURVE('',#266,#1028,#1103,.T.);
#1105=ORIENTED_EDGE('',*,*,#1104,.T.);
#1106=ORIENTED_EDGE('',*,*,#1033,.F.);
#1107=EDGE_LOOP('',(#1097,#1098,#1105,#1106));
#1108=FACE_OUTER_BOUND('',#1107,.T.);
#1109=ADVANCED_FACE('',(#1108),#1090,.T.);
#1110=CARTESIAN_POINT('',(39.506075545143,-8.5500000000011,-20.600000000001));
#1111=DIRECTION('',(0.22220486067007,2.3910090604532E-13,-0.97499999994595));
#1112=DIRECTION('',(2.4274352543078E-14,-1.,-2.3969951480368E-13));
#1113=AXIS2_PLACEMENT_3D('',#1110,#1112,#1111);
#1114=TOROIDAL_SURFACE('',#1113,4.4999999999993,0.5);
#1115=ORIENTED_EDGE('',*,*,#1104,.F.);
#1116=ORIENTED_EDGE('',*,*,#730,.F.);
#1117=CARTESIAN_POINT('',(40.505997417091,-8.55,-24.9875));
#1118=DIRECTION('',(0.22220486043287,-3.5527136788012E-15,-0.975));
#1119=DIRECTION('',(-0.975,3.4893253975566E-14,-0.22220486043288));
#1120=AXIS2_PLACEMENT_3D('',#1117,#1119,#1118);
#1121=CIRCLE('',#1120,0.4999999999999);
#1122=EDGE_CURVE('',#724,#1036,#1121,.T.);
#1123=ORIENTED_EDGE('',*,*,#1122,.T.);
#1124=ORIENTED_EDGE('',*,*,#1042,.F.);
#1125=EDGE_LOOP('',(#1115,#1116,#1123,#1124));
#1126=FACE_OUTER_BOUND('',#1125,.T.);
#1127=ADVANCED_FACE('',(#1126),#1114,.T.);
#1128=CARTESIAN_POINT('',(37.72843666168,-8.55,-12.8));
#1129=DIRECTION('',(0.22220477127427,1.4535555004486E-17,0.97500002031946));
#1130=DIRECTION('',(9.024388775894E-16,-1.,-1.907596569263E-16));
#1131=AXIS2_PLACEMENT_3D('',#1128,#1130,#1129);
#1132=TOROIDAL_SURFACE('',#1131,12.5,0.49999999999993);
#1133=ORIENTED_EDGE('',*,*,#1122,.F.);
#1134=ORIENTED_EDGE('',*,*,#763,.F.);
#1135=CARTESIAN_POINT('',(40.505997417091,-8.55,-0.6125));
#1136=DIRECTION('',(0.22220486043291,3.5527136788012E-15,0.97499999999999));
#1137=DIRECTION('',(0.975,6.834635266288E-15,-0.2222048604329));
#1138=AXIS2_PLACEMENT_3D('',#1135,#1137,#1136);
#1139=CIRCLE('',#1138,0.4999999999999);
#1140=EDGE_CURVE('',#757,#1045,#1139,.T.);
#1141=ORIENTED_EDGE('',*,*,#1140,.T.);
#1142=ORIENTED_EDGE('',*,*,#1051,.F.);
#1143=EDGE_LOOP('',(#1133,#1134,#1141,#1142));
#1144=FACE_OUTER_BOUND('',#1143,.T.);
#1145=ADVANCED_FACE('',(#1144),#1132,.T.);
#1146=CARTESIAN_POINT('',(39.506075545143,-8.5499999999996,-5.0000000000007));
#1147=DIRECTION('',(-2.4328474975967E-10,-7.9500765761196E-14,1.));
#1148=DIRECTION('',(-1.1638484834301E-14,-1.,-7.9500765764028E-14));
#1149=AXIS2_PLACEMENT_3D('',#1146,#1148,#1147);
#1150=TOROIDAL_SURFACE('',#1149,4.5000000000007,0.5);
#1151=ORIENTED_EDGE('',*,*,#1140,.F.);
#1152=ORIENTED_EDGE('',*,*,#804,.F.);
#1153=CARTESIAN_POINT('',(39.506075545143,-8.55,-0.5));
#1154=DIRECTION('',(4.2632564145606E-14,0.,1.));
#1155=DIRECTION('',(1.,8.703251340257E-15,-5.1335815485863E-14));
#1156=AXIS2_PLACEMENT_3D('',#1153,#1155,#1154);
#1157=CIRCLE('',#1156,0.5);
#1158=EDGE_CURVE('',#792,#1054,#1157,.T.);
#1159=ORIENTED_EDGE('',*,*,#1158,.T.);
#1160=ORIENTED_EDGE('',*,*,#1060,.F.);
#1161=EDGE_LOOP('',(#1151,#1152,#1159,#1160));
#1162=FACE_OUTER_BOUND('',#1161,.T.);
#1163=ADVANCED_FACE('',(#1162),#1150,.T.);
#1164=CARTESIAN_POINT('',(39.506075545143,-8.55,-0.49999999999996));
#1165=DIRECTION('',(0.,4.5697587367498E-06,0.99999999998956));
#1166=DIRECTION('',(-1.,0.,-7.0256473802145E-18));
#1167=AXIS2_PLACEMENT_3D('',#1164,#1166,#1165);
#1168=CYLINDRICAL_SURFACE('',#1167,0.50000000000001);
#1169=ORIENTED_EDGE('',*,*,#1158,.F.);
#1170=CARTESIAN_POINT('',(38.217157287525,-8.55,3.6998690808596E-15));
#1171=VERTEX_POINT('',#1170);
#1172=CARTESIAN_POINT('',(39.506075545143,-8.55,9.723574126256E-16));
#1173=DIRECTION('',(-1.,0.,2.1161246278524E-15));
#1174=VECTOR('',#1173,1.288918257618);
#1175=LINE('',#1172,#1174);
#1176=EDGE_CURVE('',#792,#1171,#1175,.T.);
#1177=ORIENTED_EDGE('',*,*,#1176,.T.);
#1178=CARTESIAN_POINT('',(-38.217157287525,-8.55,-2.3145369890103E-15));
#1179=VERTEX_POINT('',#1178);
#1180=CARTESIAN_POINT('',(38.217157287525,-8.55,3.6998690808596E-15));
#1181=DIRECTION('',(-1.,0.,-7.8687250658399E-17));
#1182=VECTOR('',#1181,76.43431457505);
#1183=LINE('',#1180,#1182);
#1184=EDGE_CURVE('',#1171,#1179,#1183,.T.);
#1185=ORIENTED_EDGE('',*,*,#1184,.T.);
#1186=CARTESIAN_POINT('',(-38.217157287525,-8.55,-2.3145369890103E-15));
#1187=DIRECTION('',(-1.,0.,2.5501185837109E-15));
#1188=VECTOR('',#1187,1.288918257618);
#1189=LINE('',#1186,#1188);
#1190=EDGE_CURVE('',#1179,#841,#1189,.T.);
#1191=ORIENTED_EDGE('',*,*,#1190,.T.);
#1192=CARTESIAN_POINT('',(-39.506075545143,-8.55,-0.5));
#1193=DIRECTION('',(-5.6843418860808E-14,0.,1.));
#1194=DIRECTION('',(1.,-2.156876566014E-14,6.4201329805746E-14));
#1195=AXIS2_PLACEMENT_3D('',#1192,#1194,#1193);
#1196=CIRCLE('',#1195,0.5);
#1197=EDGE_CURVE('',#841,#1063,#1196,.T.);
#1198=ORIENTED_EDGE('',*,*,#1197,.T.);
#1199=ORIENTED_EDGE('',*,*,#1068,.F.);
#1200=EDGE_LOOP('',(#1169,#1177,#1185,#1191,#1198,#1199));
#1201=FACE_OUTER_BOUND('',#1200,.T.);
#1202=ADVANCED_FACE('',(#1201),#1168,.T.);
#1203=CARTESIAN_POINT('',(-39.506075545143,-8.5500000000014,-4.9999999999983));
#1204=DIRECTION('',(-0.2222048606831,3.1908323454022E-13,0.97499999994298));
#1205=DIRECTION('',(-4.1209880469559E-14,-1.,3.1787302442035E-13));
#1206=AXIS2_PLACEMENT_3D('',#1203,#1205,#1204);
#1207=TOROIDAL_SURFACE('',#1206,4.4999999999983,0.5);
#1208=ORIENTED_EDGE('',*,*,#1197,.F.);
#1209=ORIENTED_EDGE('',*,*,#847,.F.);
#1210=CARTESIAN_POINT('',(-40.617099847308,-8.55,-0.125));
#1211=CARTESIAN_POINT('',(-40.617099847308,-8.7571067811865,-0.125));
#1212=CARTESIAN_POINT('',(-40.552017550499,-9.05,-0.410570888343));
#1213=CARTESIAN_POINT('',(-40.505997417091,-9.05,-0.6125));
#1214=(BOUNDED_CURVE()B_SPLINE_CURVE(2,(#1210,#1211,#1212,#1213),.UNSPECIFIED.,.F.,.U.)B_SPLINE_CURVE_WITH_KNOTS((3,1,3),(0.,0.5,1.),.UNSPECIFIED.)CURVE()GEOMETRIC_REPRESENTATION_ITEM()RATIONAL_B_SPLINE_CURVE((1.,0.85355339059327,0.85355339059327,1.))REPRESENTATION_ITEM(''));
#1215=EDGE_CURVE('',#839,#954,#1214,.T.);
#1216=ORIENTED_EDGE('',*,*,#1215,.T.);
#1217=ORIENTED_EDGE('',*,*,#1075,.F.);
#1218=EDGE_LOOP('',(#1208,#1209,#1216,#1217));
#1219=FACE_OUTER_BOUND('',#1218,.T.);
#1220=ADVANCED_FACE('',(#1219),#1207,.T.);
#1221=CARTESIAN_POINT('',(-40.505997417091,-9.05,-0.6125));
#1222=CARTESIAN_POINT('',(-40.8309079848,-9.05,-0.686543375407));
#1223=CARTESIAN_POINT('',(-41.340638825618,-9.05,-0.824371805443));
#1224=CARTESIAN_POINT('',(-42.024313450074,-9.05,-1.056543978287));
#1225=CARTESIAN_POINT('',(-42.592936346309,-9.05,-1.279720956021));
#1226=CARTESIAN_POINT('',(-43.149516950849,-9.05,-1.530923726223));
#1227=CARTESIAN_POINT('',(-43.717642682458,-9.05,-1.822313511547));
#1228=CARTESIAN_POINT('',(-44.246393550434,-9.05,-2.127773050097));
#1229=CARTESIAN_POINT('',(-44.782625784007,-9.05,-2.474371416338));
#1230=CARTESIAN_POINT('',(-45.278275712624,-9.05,-2.8310421709243));
#1231=CARTESIAN_POINT('',(-45.7772669168,-9.05,-3.2293928410013));
#1232=CARTESIAN_POINT('',(-46.234873557185,-9.05,-3.6337182447133));
#1233=CARTESIAN_POINT('',(-46.691647936235,-9.05,-4.0798489967296));
#1234=CARTESIAN_POINT('',(-47.106648203034,-9.05,-4.527797260803));
#1235=CARTESIAN_POINT('',(-47.516650961012,-9.05,-5.017259434948));
#1236=CARTESIAN_POINT('',(-47.884906617892,-9.05,-5.5043637768067));
#1237=CARTESIAN_POINT('',(-48.24404935115,-9.05,-6.0322766281674));
#1238=CARTESIAN_POINT('',(-48.561888282101,-9.05,-6.5536798144352));
#1239=CARTESIAN_POINT('',(-48.866589745449,-9.05,-7.1147791814982));
#1240=CARTESIAN_POINT('',(-49.130842572304,-9.05,-7.66528196276));
#1241=CARTESIAN_POINT('',(-49.378064389783,-9.05,-8.2539727597384));
#1242=CARTESIAN_POINT('',(-49.58609607618,-9.05,-8.8280857156391));
#1243=CARTESIAN_POINT('',(-49.77337303867,-9.05,-9.4384977246996));
#1244=CARTESIAN_POINT('',(-49.923109165709,-9.05,-10.030496002516));
#1245=CARTESIAN_POINT('',(-50.048573813126,-9.05,-10.656542409528));
#1246=CARTESIAN_POINT('',(-50.138521264746,-9.05,-11.26052281039));
#1247=CARTESIAN_POINT('',(-50.2009225077,-9.05,-11.8959609005));
#1248=CARTESIAN_POINT('',(-50.230184359511,-9.05,-12.505900744015));
#1249=CARTESIAN_POINT('',(-50.228899954726,-9.05,-13.144394151803));
#1250=CARTESIAN_POINT('',(-50.197184417821,-9.05,-13.75421133211));
#1251=CARTESIAN_POINT('',(-50.132227172931,-9.05,-14.389393225602));
#1252=CARTESIAN_POINT('',(-50.039850503502,-9.05,-14.993006859994));
#1253=CARTESIAN_POINT('',(-49.911868149335,-9.05,-15.618543428475));
#1254=CARTESIAN_POINT('',(-49.759751495081,-9.05,-16.209934493825));
#1255=CARTESIAN_POINT('',(-49.570020226715,-9.05,-16.81958810637));
#1256=CARTESIAN_POINT('',(-49.359680441476,-9.05,-17.392859458719));
#1257=CARTESIAN_POINT('',(-49.110092192472,-9.05,-17.980550863662));
#1258=CARTESIAN_POINT('',(-48.843626710699,-9.05,-18.52998604246));
#1259=CARTESIAN_POINT('',(-48.536670287399,-9.05,-19.089854987555));
#1260=CARTESIAN_POINT('',(-48.216736209275,-9.05,-19.609975218202));
#1261=CARTESIAN_POINT('',(-47.855472473298,-9.05,-20.136438887008));
#1262=CARTESIAN_POINT('',(-47.485260069089,-9.05,-20.622057713236));
#1263=CARTESIAN_POINT('',(-47.073291415397,-9.05,-21.109866395127));
#1264=CARTESIAN_POINT('',(-46.656492313499,-9.05,-21.55614139613));
#1265=CARTESIAN_POINT('',(-46.197926747335,-9.05,-22.000430836209));
#1266=CARTESIAN_POINT('',(-45.738697126629,-9.05,-22.402911908304));
#1267=CARTESIAN_POINT('',(-45.238107283212,-9.05,-22.799251834124));
#1268=CARTESIAN_POINT('',(-44.741026482493,-9.05,-23.153925495131));
#1269=CARTESIAN_POINT('',(-44.203403806182,-9.05,-23.498364089769));
#1270=CARTESIAN_POINT('',(-43.673429376192,-9.05,-23.801692555102));
#1271=CARTESIAN_POINT('',(-43.104131343103,-9.05,-24.090799830678));
#1272=CARTESIAN_POINT('',(-42.546559204384,-9.05,-24.339743623578));
#1273=CARTESIAN_POINT('',(-41.951215623619,-9.05,-24.570698808274));
#1274=CARTESIAN_POINT('',(-41.339438946493,-9.05,-24.773278463268));
#1275=CARTESIAN_POINT('',(-40.660787362513,-9.05,-24.959120538566));
#1276=CARTESIAN_POINT('',(-39.914443171214,-9.05,-25.11206057493));
#1277=CARTESIAN_POINT('',(-38.50834956818,-9.05,-25.350751345889));
#1278=CARTESIAN_POINT('',(-37.381401143707,-9.05,-25.562631170336));
#1279=CARTESIAN_POINT('',(-36.522179722096,-9.05,-25.709381956293));
#1280=CARTESIAN_POINT('',(-40.552017550499,-9.05,-0.410570888343));
#1281=CARTESIAN_POINT('',(-40.882311412756,-9.05,-0.485841054562));
#1282=CARTESIAN_POINT('',(-41.400487750671,-9.05,-0.625953100798));
#1283=CARTESIAN_POINT('',(-42.095489867196,-9.05,-0.861972028154));
#1284=CARTESIAN_POINT('',(-42.673534016051,-9.05,-1.088846723128));
#1285=CARTESIAN_POINT('',(-43.239336349989,-9.05,-1.344211557102));
#1286=CARTESIAN_POINT('',(-43.816875096924,-9.05,-1.640429246467));
#1287=CARTESIAN_POINT('',(-44.354386596126,-9.05,-1.950949804362));
#1288=CARTESIAN_POINT('',(-44.899503416248,-9.05,-2.303290800363));
#1289=CARTESIAN_POINT('',(-45.40336554177,-9.05,-2.665871069503));
#1290=CARTESIAN_POINT('',(-45.910624302917,-9.05,-3.0708218295852));
#1291=CARTESIAN_POINT('',(-46.375812818369,-9.05,-3.4818463159304));
#1292=CARTESIAN_POINT('',(-46.840155283128,-9.05,-3.9353688042698));
#1293=CARTESIAN_POINT('',(-47.262031499483,-9.05,-4.390738918192));
#1294=CARTESIAN_POINT('',(-47.67882740558,-9.05,-4.888310767169));
#1295=CARTESIAN_POINT('',(-48.05318452196,-9.05,-5.3834857180152));
#1296=CARTESIAN_POINT('',(-48.418277726856,-9.05,-5.9201453158873));
#1297=CARTESIAN_POINT('',(-48.741382785641,-9.05,-6.4501873930038));
#1298=CARTESIAN_POINT('',(-49.051132708132,-9.05,-7.0205833587738));
#1299=CARTESIAN_POINT('',(-49.319763819179,-9.05,-7.5802071687605));
#1300=CARTESIAN_POINT('',(-49.571081741846,-9.05,-8.1786517142251));
#1301=CARTESIAN_POINT('',(-49.78256021008,-9.05,-8.7622768850325));
#1302=CARTESIAN_POINT('',(-49.972940078881,-9.05,-9.3828025314045));
#1303=CARTESIAN_POINT('',(-50.125157115303,-9.05,-9.9846093578438));
#1304=CARTESIAN_POINT('',(-50.252700529063,-9.05,-10.621028441355));
#1305=CARTESIAN_POINT('',(-50.344138278858,-9.05,-11.235015917154));
#1306=CARTESIAN_POINT('',(-50.407573419457,-9.05,-11.880982290263));
#1307=CARTESIAN_POINT('',(-50.437320097503,-9.05,-12.501027947994));
#1308=CARTESIAN_POINT('',(-50.436014412003,-9.05,-13.150100260942));
#1309=CARTESIAN_POINT('',(-50.403773394877,-9.05,-13.770021223115));
#1310=CARTESIAN_POINT('',(-50.337739903115,-9.05,-14.415727154802));
#1311=CARTESIAN_POINT('',(-50.243832686913,-9.05,-15.029341787345));
#1312=CARTESIAN_POINT('',(-50.113729851673,-9.05,-15.665242585043));
#1313=CARTESIAN_POINT('',(-49.959092846168,-9.05,-16.266432138391));
#1314=CARTESIAN_POINT('',(-49.76621800722,-9.05,-16.886186822723));
#1315=CARTESIAN_POINT('',(-49.552393198311,-9.05,-17.468956445834));
#1316=CARTESIAN_POINT('',(-49.298669635796,-9.05,-18.066385040794));
#1317=CARTESIAN_POINT('',(-49.027789209365,-9.05,-18.6249235597));
#1318=CARTESIAN_POINT('',(-48.715746965522,-9.05,-19.194068717203));
#1319=CARTESIAN_POINT('',(-48.390512046027,-9.05,-19.722806581994));
#1320=CARTESIAN_POINT('',(-48.023262696498,-9.05,-20.257992986467));
#1321=CARTESIAN_POINT('',(-47.646916412306,-9.05,-20.75165780886));
#1322=CARTESIAN_POINT('',(-47.228122038607,-9.05,-21.247548769601));
#1323=CARTESIAN_POINT('',(-46.804417182637,-9.05,-21.701217897001));
#1324=CARTESIAN_POINT('',(-46.338253855249,-9.05,-22.152868565221));
#1325=CARTESIAN_POINT('',(-45.871415463167,-9.05,-22.562018163108));
#1326=CARTESIAN_POINT('',(-45.362531600386,-9.05,-22.964924859443));
#1327=CARTESIAN_POINT('',(-44.857214816339,-9.05,-23.325474960085));
#1328=CARTESIAN_POINT('',(-44.310684847375,-9.05,-23.675620341385));
#1329=CARTESIAN_POINT('',(-43.77192845507,-9.05,-23.983974705124));
#1330=CARTESIAN_POINT('',(-43.193202427286,-9.05,-24.27787127823));
#1331=CARTESIAN_POINT('',(-42.62637794196,-9.05,-24.530942224994));
#1332=CARTESIAN_POINT('',(-42.021229958751,-9.05,-24.765713428312));
#1333=CARTESIAN_POINT('',(-41.399116217564,-9.05,-24.97168517095));
#1334=CARTESIAN_POINT('',(-40.710188620998,-9.05,-25.160434546335));
#1335=CARTESIAN_POINT('',(-39.946710446323,-9.05,-25.316754759786));
#1336=CARTESIAN_POINT('',(-38.54968404994,-9.05,-25.553656760236));
#1337=CARTESIAN_POINT('',(-37.412797020248,-9.05,-25.767497263931));
#1338=CARTESIAN_POINT('',(-36.558368658347,-9.05,-25.913302479308));
#1339=CARTESIAN_POINT('',(-40.617099847308,-8.7571067811865,-0.125));
#1340=CARTESIAN_POINT('',(-40.955006837724,-8.7571067811865,-0.202005110423));
#1341=CARTESIAN_POINT('',(-41.485126912175,-8.7571067811865,-0.345346677661));
#1342=CARTESIAN_POINT('',(-42.19614852161,-8.7571067811865,-0.586805737419));
#1343=CARTESIAN_POINT('',(-42.787516333695,-8.7571067811865,-0.818909794262));
#1344=CARTESIAN_POINT('',(-43.366360162416,-8.7571067811865,-1.080160675271));
#1345=CARTESIAN_POINT('',(-43.957210923289,-8.7571067811865,-1.383206052009));
#1346=CARTESIAN_POINT('',(-44.507111825985,-8.7571067811865,-1.700883972101));
#1347=CARTESIAN_POINT('',(-45.0647933489,-8.7571067811865,-2.061346272992));
#1348=CARTESIAN_POINT('',(-45.580269274662,-8.7571067811865,-2.432283857761));
#1349=CARTESIAN_POINT('',(-46.099220127005,-8.7571067811865,-2.8465685546414));
#1350=CARTESIAN_POINT('',(-46.575131033005,-8.7571067811865,-3.2670669745019));
#1351=CARTESIAN_POINT('',(-47.050176387217,-8.7571067811866,-3.7310429565988));
#1352=CARTESIAN_POINT('',(-47.481776664688,-8.7571067811865,-4.1969091512351));
#1353=CARTESIAN_POINT('',(-47.908179532985,-8.7571067811865,-4.705949812346));
#1354=CARTESIAN_POINT('',(-48.291165416141,-8.7571067811865,-5.212538327879));
#1355=CARTESIAN_POINT('',(-48.664673858729,-8.7571067811865,-5.7615676932941));
#1356=CARTESIAN_POINT('',(-48.995226346918,-8.7571067811865,-6.3038270070126));
#1357=CARTESIAN_POINT('',(-49.312115868799,-8.7571067811866,-6.8873703487581));
#1358=CARTESIAN_POINT('',(-49.586938808729,-8.7571067811865,-7.4598932412704));
#1359=CARTESIAN_POINT('',(-49.844049498907,-8.7571067811865,-8.072131670128));
#1360=CARTESIAN_POINT('',(-50.06040245276,-8.7571067811865,-8.6692091442647));
#1361=CARTESIAN_POINT('',(-50.25517049375,-8.7571067811865,-9.3040376336876));
#1362=CARTESIAN_POINT('',(-50.41089606587,-8.7571067811866,-9.9197158426166));
#1363=CARTESIAN_POINT('',(-50.541379299184,-8.7571067811865,-10.57080410591));
#1364=CARTESIAN_POINT('',(-50.634924648869,-8.7571067811865,-11.198943722806));
#1365=CARTESIAN_POINT('',(-50.699821941541,-8.7571067811865,-11.85979933652));
#1366=CARTESIAN_POINT('',(-50.730254267424,-8.7571067811865,-12.494136773775));
#1367=CARTESIAN_POINT('',(-50.728918486448,-8.7571067811865,-13.158169917875));
#1368=CARTESIAN_POINT('',(-50.695934328066,-8.7571067811865,-13.792379785394));
#1369=CARTESIAN_POINT('',(-50.628378793381,-8.7571067811866,-14.452968954627));
#1370=CARTESIAN_POINT('',(-50.532307057175,-8.7571067811865,-15.080727134394));
#1371=CARTESIAN_POINT('',(-50.399205408842,-8.7571067811866,-15.731285165614));
#1372=CARTESIAN_POINT('',(-50.241004088417,-8.7571067811865,-16.346331873578));
#1373=CARTESIAN_POINT('',(-50.043683569317,-8.7571067811865,-16.980371630625));
#1374=CARTESIAN_POINT('',(-49.824930192668,-8.7571067811865,-17.576573837068));
#1375=CARTESIAN_POINT('',(-49.565358413704,-8.7571067811866,-18.187772898208));
#1376=CARTESIAN_POINT('',(-49.288234312659,-8.7571067811865,-18.759185484159));
#1377=CARTESIAN_POINT('',(-48.968999632429,-8.7571067811866,-19.341449187057));
#1378=CARTESIAN_POINT('',(-48.636268191174,-8.7571067811865,-19.882374226931));
#1379=CARTESIAN_POINT('',(-48.260553905783,-8.7571067811865,-20.429896442485));
#1380=CARTESIAN_POINT('',(-47.875533005327,-8.7571067811865,-20.934940021776));
#1381=CARTESIAN_POINT('',(-47.44708560582,-8.7571067811865,-21.442261050883));
#1382=CARTESIAN_POINT('',(-47.013614538785,-8.7571067811865,-21.906387052115));
#1383=CARTESIAN_POINT('',(-46.536706354428,-8.7571067811866,-22.368448069007));
#1384=CARTESIAN_POINT('',(-46.059107534674,-8.7571067811865,-22.787028386509));
#1385=CARTESIAN_POINT('',(-45.538494157222,-8.7571067811865,-23.199221898767));
#1386=CARTESIAN_POINT('',(-45.021529933854,-8.7571067811865,-23.568082540042));
#1387=CARTESIAN_POINT('',(-44.462403150816,-8.7571067811865,-23.926298536435));
#1388=CARTESIAN_POINT('',(-43.911227188302,-8.7571067811865,-24.241760593864));
#1389=CARTESIAN_POINT('',(-43.319167962552,-8.7571067811865,-24.542430256492));
#1390=CARTESIAN_POINT('',(-42.739258683172,-8.7571067811865,-24.801337880222));
#1391=CARTESIAN_POINT('',(-42.120245181054,-8.7571067811865,-25.041505748829));
#1392=CARTESIAN_POINT('',(-41.483512623677,-8.7571067811866,-25.252274627821));
#1393=CARTESIAN_POINT('',(-40.780052550747,-8.7571067811865,-25.445135546417));
#1394=CARTESIAN_POINT('',(-39.992343264403,-8.7571067811865,-25.606236052148));
#1395=CARTESIAN_POINT('',(-38.608139834638,-8.7571067811865,-25.840608349084));
#1396=CARTESIAN_POINT('',(-37.457197494656,-8.7571067811865,-26.057221671964));
#1397=CARTESIAN_POINT('',(-36.609547542801,-8.7571067811865,-26.201689648601));
#1398=CARTESIAN_POINT('',(-40.617099847308,-8.55,-0.125));
#1399=CARTESIAN_POINT('',(-40.955006837724,-8.55,-0.202005110423));
#1400=CARTESIAN_POINT('',(-41.485126912175,-8.55,-0.345346677661));
#1401=CARTESIAN_POINT('',(-42.19614852161,-8.55,-0.586805737419));
#1402=CARTESIAN_POINT('',(-42.787516333695,-8.55,-0.818909794262));
#1403=CARTESIAN_POINT('',(-43.366360162416,-8.55,-1.080160675271));
#1404=CARTESIAN_POINT('',(-43.957210923289,-8.55,-1.383206052009));
#1405=CARTESIAN_POINT('',(-44.507111825985,-8.55,-1.700883972101));
#1406=CARTESIAN_POINT('',(-45.0647933489,-8.55,-2.061346272992));
#1407=CARTESIAN_POINT('',(-45.580269274662,-8.55,-2.432283857761));
#1408=CARTESIAN_POINT('',(-46.099220127005,-8.55,-2.8465685546414));
#1409=CARTESIAN_POINT('',(-46.575131033005,-8.55,-3.2670669745019));
#1410=CARTESIAN_POINT('',(-47.050176387217,-8.55,-3.7310429565988));
#1411=CARTESIAN_POINT('',(-47.481776664688,-8.55,-4.1969091512351));
#1412=CARTESIAN_POINT('',(-47.908179532985,-8.55,-4.705949812346));
#1413=CARTESIAN_POINT('',(-48.291165416141,-8.55,-5.2125383278789));
#1414=CARTESIAN_POINT('',(-48.664673858729,-8.55,-5.7615676932941));
#1415=CARTESIAN_POINT('',(-48.995226346918,-8.55,-6.3038270070126));
#1416=CARTESIAN_POINT('',(-49.312115868799,-8.55,-6.8873703487581));
#1417=CARTESIAN_POINT('',(-49.586938808729,-8.55,-7.4598932412704));
#1418=CARTESIAN_POINT('',(-49.844049498907,-8.55,-8.072131670128));
#1419=CARTESIAN_POINT('',(-50.06040245276,-8.55,-8.6692091442646));
#1420=CARTESIAN_POINT('',(-50.25517049375,-8.55,-9.3040376336876));
#1421=CARTESIAN_POINT('',(-50.41089606587,-8.55,-9.9197158426166));
#1422=CARTESIAN_POINT('',(-50.541379299184,-8.55,-10.57080410591));
#1423=CARTESIAN_POINT('',(-50.634924648869,-8.55,-11.198943722806));
#1424=CARTESIAN_POINT('',(-50.699821941541,-8.55,-11.85979933652));
#1425=CARTESIAN_POINT('',(-50.730254267424,-8.55,-12.494136773775));
#1426=CARTESIAN_POINT('',(-50.728918486448,-8.55,-13.158169917875));
#1427=CARTESIAN_POINT('',(-50.695934328066,-8.55,-13.792379785394));
#1428=CARTESIAN_POINT('',(-50.628378793381,-8.55,-14.452968954627));
#1429=CARTESIAN_POINT('',(-50.532307057175,-8.55,-15.080727134394));
#1430=CARTESIAN_POINT('',(-50.399205408842,-8.55,-15.731285165614));
#1431=CARTESIAN_POINT('',(-50.241004088417,-8.55,-16.346331873578));
#1432=CARTESIAN_POINT('',(-50.043683569317,-8.55,-16.980371630625));
#1433=CARTESIAN_POINT('',(-49.824930192668,-8.55,-17.576573837068));
#1434=CARTESIAN_POINT('',(-49.565358413704,-8.55,-18.187772898208));
#1435=CARTESIAN_POINT('',(-49.288234312659,-8.55,-18.759185484159));
#1436=CARTESIAN_POINT('',(-48.968999632429,-8.55,-19.341449187057));
#1437=CARTESIAN_POINT('',(-48.636268191174,-8.55,-19.882374226931));
#1438=CARTESIAN_POINT('',(-48.260553905783,-8.55,-20.429896442485));
#1439=CARTESIAN_POINT('',(-47.875533005327,-8.55,-20.934940021776));
#1440=CARTESIAN_POINT('',(-47.44708560582,-8.55,-21.442261050883));
#1441=CARTESIAN_POINT('',(-47.013614538785,-8.55,-21.906387052115));
#1442=CARTESIAN_POINT('',(-46.536706354428,-8.55,-22.368448069007));
#1443=CARTESIAN_POINT('',(-46.059107534674,-8.55,-22.787028386509));
#1444=CARTESIAN_POINT('',(-45.538494157222,-8.55,-23.199221898767));
#1445=CARTESIAN_POINT('',(-45.021529933854,-8.55,-23.568082540042));
#1446=CARTESIAN_POINT('',(-44.462403150816,-8.55,-23.926298536435));
#1447=CARTESIAN_POINT('',(-43.911227188302,-8.55,-24.241760593864));
#1448=CARTESIAN_POINT('',(-43.319167962552,-8.55,-24.542430256492));
#1449=CARTESIAN_POINT('',(-42.739258683172,-8.55,-24.801337880222));
#1450=CARTESIAN_POINT('',(-42.120245181054,-8.55,-25.041505748829));
#1451=CARTESIAN_POINT('',(-41.483512623677,-8.55,-25.252274627821));
#1452=CARTESIAN_POINT('',(-40.780052550747,-8.55,-25.445135546417));
#1453=CARTESIAN_POINT('',(-39.992343264403,-8.55,-25.606236052148));
#1454=CARTESIAN_POINT('',(-38.608139834638,-8.55,-25.840608349084));
#1455=CARTESIAN_POINT('',(-37.457197494656,-8.55,-26.057221671964));
#1456=CARTESIAN_POINT('',(-36.609547542801,-8.55,-26.201689648601));
#1457=(BOUNDED_SURFACE()B_SPLINE_SURFACE(2,3,((#1221,#1222,#1223,#1224,#1225,#1226,#1227,#1228,#1229,#1230,#1231,#1232,#1233,#1234,#1235,#1236,#1237,#1238,#1239,#1240,#1241,#1242,#1243,#1244,#1245,#1246,#1247,#1248,#1249,#1250,#1251,#1252,#1253,#1254,#1255,#1256,#1257,#1258,#1259,#1260,#1261,#1262,#1263,#1264,#1265,#1266,#1267,#1268,#1269,#1270,#1271,#1272,#1273,#1274,#1275,#1276,#1277,#1278,#1279),(#1280,#1281,#1282,#1283,#1284,#1285,#1286,#1287,#1288,#1289,#1290,#1291,#1292,#1293,#1294,#1295,#1296,#1297,#1298,#1299,#1300,#1301,#1302,#1303,#1304,#1305,#1306,#1307,#1308,#1309,#1310,#1311,#1312,#1313,#1314,#1315,#1316,#1317,#1318,#1319,#1320,#1321,#1322,#1323,#1324,#1325,#1326,#1327,#1328,#1329,#1330,#1331,#1332,#1333,#1334,#1335,#1336,#1337,#1338),(#1339,#1340,#1341,#1342,#1343,#1344,#1345,#1346,#1347,#1348,#1349,#1350,#1351,#1352,#1353,#1354,#1355,#1356,#1357,#1358,#1359,#1360,#1361,#1362,#1363,#1364,#1365,#1366,#1367,#1368,#1369,#1370,#1371,#1372,#1373,#1374,#1375,#1376,#1377,#1378,#1379,#1380,#1381,#1382,#1383,#1384,#1385,#1386,#1387,#1388,#1389,#1390,#1391,#1392,#1393,#1394,#1395,#1396,#1397),(#1398,#1399,#1400,#1401,#1402,#1403,#1404,#1405,#1406,#1407,#1408,#1409,#1410,#1411,#1412,#1413,#1414,#1415,#1416,#1417,#1418,#1419,#1420,#1421,#1422,#1423,#1424,#1425,#1426,#1427,#1428,#1429,#1430,#1431,#1432,#1433,#1434,#1435,#1436,#1437,#1438,#1439,#1440,#1441,#1442,#1443,#1444,#1445,#1446,#1447,#1448,#1449,#1450,#1451,#1452,#1453,#1454,#1455,#1456)),.UNSPECIFIED.,.F.,.F.,.U.)B_SPLINE_SURFACE_WITH_KNOTS((3,1,3),(4,1,1,1,1,1,1,1,1,1,1,1,1,1,1,1,1,1,1,1,1,1,1,1,1,1,1,1,1,1,1,1,1,1,1,1,1,1,1,1,1,1,1,1,1,1,1,1,1,1,1,1,1,1,1,1,4),(0.,0.41429983115529,0.82859966231059),(0.,1.0169114527533,1.6100025790281,2.2027546693501,2.8801421595701,3.4728942498921,4.150281740112,4.7430338304343,5.4204213206543,6.0131734109762,6.6905609011963,7.2833129915181,7.9607004817382,8.5534525720605,9.2308400622805,9.8235921526024,10.500979642822,11.093731733144,11.771119223364,12.363871313686,13.041258803906,13.634010894229,14.311398384449,14.904150474771,15.581537964991,16.174290055312,16.851677545533,17.444429635855,18.121817126075,18.714569216397,19.391956706617,19.984708796939,20.662096287159,21.254848377481,21.932235867701,22.524987958023,23.202375448243,23.795127538565,24.472515028785,25.065267119107,25.742654609327,26.335406699649,27.012794189869,27.605546280191,28.282933770411,28.875685860733,29.553073350953,30.145825441275,30.823212931495,31.415965021817,32.093352512037,32.686104602359,33.363492092579,34.060139049316,34.828490864445,35.704450682339,38.296029384091),.UNSPECIFIED.)GEOMETRIC_REPRESENTATION_ITEM()RATIONAL_B_SPLINE_SURFACE(((1.,1.,1.,1.,1.,1.,1.,1.,1.,1.,1.,1.,1.,1.,1.,1.,1.,1.,1.,1.,1.,1.,1.,1.,1.,1.,1.,1.,1.,1.,1.,1.,1.,1.,1.,1.,1.,1.,1.,1.,1.,1.,1.,1.,1.,1.,1.,1.,1.,1.,1.,1.,1.,1.,1.,1.,1.,1.,1.),(0.85355339059327,0.85355339059328,0.85355339059327,0.85355339059327,0.85355339059327,0.85355339059328,0.85355339059328,0.85355339059327,0.85355339059328,0.85355339059327,0.85355339059327,0.85355339059327,0.85355339059328,0.85355339059326,0.85355339059327,0.85355339059328,0.85355339059328,0.85355339059326,0.85355339059328,0.85355339059327,0.85355339059328,0.85355339059327,0.85355339059327,0.85355339059328,0.85355339059327,0.85355339059327,0.85355339059327,0.85355339059327,0.85355339059328,0.85355339059327,0.85355339059327,0.85355339059327,0.85355339059329,0.85355339059326,0.85355339059327,0.85355339059327,0.85355339059328,0.85355339059326,0.85355339059328,0.85355339059327,0.85355339059328,0.85355339059328,0.85355339059328,0.85355339059326,0.85355339059328,0.85355339059327,0.85355339059328,0.85355339059327,0.85355339059327,0.85355339059328,0.85355339059327,0.85355339059327,0.85355339059326,0.85355339059328,0.85355339059327,0.85355339059327,0.85355339059327,0.85355339059328,0.85355339059328),(0.85355339059327,0.85355339059328,0.85355339059327,0.85355339059327,0.85355339059327,0.85355339059328,0.85355339059328,0.85355339059327,0.85355339059328,0.85355339059327,0.85355339059327,0.85355339059327,0.85355339059328,0.85355339059326,0.85355339059327,0.85355339059328,0.85355339059328,0.85355339059326,0.85355339059328,0.85355339059327,0.85355339059328,0.85355339059327,0.85355339059327,0.85355339059328,0.85355339059327,0.85355339059327,0.85355339059327,0.85355339059327,0.85355339059328,0.85355339059327,0.85355339059327,0.85355339059327,0.85355339059329,0.85355339059326,0.85355339059327,0.85355339059327,0.85355339059328,0.85355339059326,0.85355339059328,0.85355339059327,0.85355339059328,0.85355339059328,0.85355339059328,0.85355339059326,0.85355339059328,0.85355339059327,0.85355339059328,0.85355339059327,0.85355339059327,0.85355339059328,0.85355339059327,0.85355339059327,0.85355339059326,0.85355339059328,0.85355339059327,0.85355339059327,0.85355339059327,0.85355339059328,0.85355339059328),(1.,1.,1.,1.,1.,1.,1.,1.,1.,1.,1.,1.,1.,1.,1.,1.,1.,1.,1.,1.,1.,1.,1.,1.,1.,1.,1.,1.,1.,1.,1.,1.,1.,1.,1.,1.,1.,1.,1.,1.,1.,1.,1.,1.,1.,1.,1.,1.,1.,1.,1.,1.,1.,1.,1.,1.,1.,1.,1.)))REPRESENTATION_ITEM('')SURFACE());
#1458=ORIENTED_EDGE('',*,*,#1215,.F.);
#1459=ORIENTED_EDGE('',*,*,#904,.F.);
#1460=CARTESIAN_POINT('',(-40.617033301733,-8.5500033107454,-25.47469038482));
#1461=CARTESIAN_POINT('',(-40.659575451844,-8.6453637924245,-25.466566290267));
#1462=CARTESIAN_POINT('',(-40.659421191812,-8.7163710717581,-25.448930490064));
#1463=CARTESIAN_POINT('',(-40.614568410807,-8.9593492077596,-25.307164847632));
#1464=CARTESIAN_POINT('',(-40.57224655983,-9.0499928133825,-25.150912033262));
#1465=CARTESIAN_POINT('',(-40.525622598671,-9.0500000604361,-24.982841223141));
#1466=B_SPLINE_CURVE_WITH_KNOTS('',3,(#1460,#1461,#1462,#1463,#1464,#1465),.UNSPECIFIED.,.F.,.U.,(4,2,4),(1.1568963583523E-05,1.,2.5856904772922),.UNSPECIFIED.);
#1467=EDGE_CURVE('',#897,#956,#1466,.T.);
#1468=ORIENTED_EDGE('',*,*,#1467,.T.);
#1469=ORIENTED_EDGE('',*,*,#1014,.F.);
#1470=EDGE_LOOP('',(#1458,#1459,#1468,#1469));
#1471=FACE_OUTER_BOUND('',#1470,.T.);
#1472=ADVANCED_FACE('',(#1471),#1457,.T.);
#1473=CARTESIAN_POINT('',(-52.106152222902,-9.05,-22.343796636282));
#1474=CARTESIAN_POINT('',(-51.3750089516,-9.05,-22.510425957878));
#1475=CARTESIAN_POINT('',(-50.511671487316,-9.05,-22.707182656091));
#1476=CARTESIAN_POINT('',(-49.627236974841,-9.05,-22.908747422662));
#1477=CARTESIAN_POINT('',(-49.440782406868,-9.05,-22.951240870101));
#1478=CARTESIAN_POINT('',(-49.328486209972,-9.05,-22.976833445238));
#1479=CARTESIAN_POINT('',(-49.12121541747,-9.05,-23.024070960643));
#1480=CARTESIAN_POINT('',(-48.759182433234,-9.05,-23.106579154216));
#1481=CARTESIAN_POINT('',(-48.283709210123,-9.05,-23.214940652864));
#1482=CARTESIAN_POINT('',(-47.794592796377,-9.05,-23.326411467686));
#1483=CARTESIAN_POINT('',(-47.427557177606,-9.05,-23.410059773781));
#1484=CARTESIAN_POINT('',(-47.133735910573,-9.05,-23.477022351867));
#1485=CARTESIAN_POINT('',(-46.830425390171,-9.05,-23.546147553768));
#1486=CARTESIAN_POINT('',(-46.455244977401,-9.05,-23.631652078134));
#1487=CARTESIAN_POINT('',(-46.053349286689,-9.05,-23.723245079019));
#1488=CARTESIAN_POINT('',(-45.694795277256,-9.05,-23.804960405813));
#1489=CARTESIAN_POINT('',(-45.352645131853,-9.05,-23.882937252281));
#1490=CARTESIAN_POINT('',(-45.024904897496,-9.05,-23.957630045136));
#1491=CARTESIAN_POINT('',(-44.691895274431,-9.05,-24.033523744434));
#1492=CARTESIAN_POINT('',(-44.400630963927,-9.05,-24.099903585936));
#1493=CARTESIAN_POINT('',(-44.130073913136,-9.05,-24.161564192819));
#1494=CARTESIAN_POINT('',(-43.871902120391,-9.05,-24.220402169408));
#1495=CARTESIAN_POINT('',(-43.591569478566,-9.05,-24.284290657153));
#1496=CARTESIAN_POINT('',(-43.308689160302,-9.05,-24.348759766526));
#1497=CARTESIAN_POINT('',(-43.003650036849,-9.05,-24.41827892125));
#1498=CARTESIAN_POINT('',(-42.699786076978,-9.05,-24.487530253339));
#1499=CARTESIAN_POINT('',(-42.410047039842,-9.05,-24.553562481375));
#1500=CARTESIAN_POINT('',(-42.189055658113,-9.05,-24.603926952229));
#1501=CARTESIAN_POINT('',(-42.04782355935,-9.05,-24.636114089498));
#1502=CARTESIAN_POINT('',(-41.952003498933,-9.05,-24.657951713198));
#1503=CARTESIAN_POINT('',(-41.851774538018,-9.05,-24.680794136316));
#1504=CARTESIAN_POINT('',(-41.727256741799,-9.05,-24.709172040849));
#1505=CARTESIAN_POINT('',(-41.594789729753,-9.05,-24.73936160797));
#1506=CARTESIAN_POINT('',(-41.477809164186,-9.05,-24.766021735351));
#1507=CARTESIAN_POINT('',(-41.365328053807,-9.05,-24.791656526067));
#1508=CARTESIAN_POINT('',(-41.245447361749,-9.05,-24.818977238339));
#1509=CARTESIAN_POINT('',(-41.102555534938,-9.05,-24.851544971512));
#1510=CARTESIAN_POINT('',(-40.95220150343,-9.05,-24.885798976962));
#1511=CARTESIAN_POINT('',(-40.801581182129,-9.05,-24.920165855753));
#1512=CARTESIAN_POINT('',(-40.651741831743,-9.05,-24.954207367505));
#1513=CARTESIAN_POINT('',(-40.469723796124,-9.05,-24.996375096284));
#1514=CARTESIAN_POINT('',(-40.268076310048,-9.05,-25.037388316717));
#1515=CARTESIAN_POINT('',(-39.935272637293,-9.05,-25.085204921194));
#1516=CARTESIAN_POINT('',(-39.679978542362,-9.05,-25.099966351508));
#1517=CARTESIAN_POINT('',(-39.506075545143,-9.05,-25.1));
#1518=CARTESIAN_POINT('',(-52.15217235631,-9.05,-22.545725747939));
#1519=CARTESIAN_POINT('',(-51.421029085009,-9.0499999999999,-22.712355069534));
#1520=CARTESIAN_POINT('',(-50.557691620724,-9.0500000000001,-22.909111767748));
#1521=CARTESIAN_POINT('',(-49.673257108249,-9.05,-23.110676534319));
#1522=CARTESIAN_POINT('',(-49.486802540277,-9.05,-23.153169981758));
#1523=CARTESIAN_POINT('',(-49.37450634338,-9.05,-23.178762556895));
#1524=CARTESIAN_POINT('',(-49.167235550879,-9.05,-23.2260000723));
#1525=CARTESIAN_POINT('',(-48.805202566643,-9.05,-23.308508265873));
#1526=CARTESIAN_POINT('',(-48.329729343531,-9.05,-23.41686976452));
#1527=CARTESIAN_POINT('',(-47.840612929786,-9.05,-23.528340579343));
#1528=CARTESIAN_POINT('',(-47.473577311014,-9.05,-23.611988885438));
#1529=CARTESIAN_POINT('',(-47.179756043981,-9.05,-23.678951463524));
#1530=CARTESIAN_POINT('',(-46.87644552358,-9.05,-23.748076665425));
#1531=CARTESIAN_POINT('',(-46.501265110809,-9.05,-23.833581189791));
#1532=CARTESIAN_POINT('',(-46.099369420097,-9.05,-23.925174190676));
#1533=CARTESIAN_POINT('',(-45.740815410664,-9.05,-24.00688951747));
#1534=CARTESIAN_POINT('',(-45.398665265261,-9.05,-24.084866363938));
#1535=CARTESIAN_POINT('',(-45.070925030904,-9.05,-24.159559156793));
#1536=CARTESIAN_POINT('',(-44.73791540784,-9.05,-24.235452856091));
#1537=CARTESIAN_POINT('',(-44.446651097335,-9.05,-24.301832697593));
#1538=CARTESIAN_POINT('',(-44.176094046544,-9.05,-24.363493304476));
#1539=CARTESIAN_POINT('',(-43.917922253799,-9.05,-24.422331281065));
#1540=CARTESIAN_POINT('',(-43.637589611974,-9.05,-24.48621976881));
#1541=CARTESIAN_POINT('',(-43.354709293709,-9.05,-24.550688878183));
#1542=CARTESIAN_POINT('',(-43.049670170261,-9.05,-24.620208032906));
#1543=CARTESIAN_POINT('',(-42.745806210372,-9.05,-24.689459364999));
#1544=CARTESIAN_POINT('',(-42.456067173314,-9.05,-24.755491593018));
#1545=CARTESIAN_POINT('',(-42.23507579143,-9.05,-24.805856063905));
#1546=CARTESIAN_POINT('',(-42.093843692798,-9.05,-24.838043201147));
#1547=CARTESIAN_POINT('',(-41.998023632249,-9.05,-24.859880824875));
#1548=CARTESIAN_POINT('',(-41.897794672137,-9.05,-24.882723247822));
#1549=CARTESIAN_POINT('',(-41.773276868102,-9.05,-24.911101154013));
#1550=CARTESIAN_POINT('',(-41.640809898028,-9.05,-24.94129071223));
#1551=CARTESIAN_POINT('',(-41.523829254474,-9.05,-24.967950856155));
#1552=CARTESIAN_POINT('',(-41.411348358205,-9.05,-24.993585601451));
#1553=CARTESIAN_POINT('',(-41.291466534496,-9.05,-25.020906553787));
#1554=CARTESIAN_POINT('',(-41.148581538064,-9.05,-25.053472837991));
#1555=CARTESIAN_POINT('',(-40.99819235403,-9.05,-25.087734300554));
#1556=CARTESIAN_POINT('',(-40.847689213117,-9.05,-25.122076321177));
#1557=CARTESIAN_POINT('',(-40.697536823667,-9.05,-25.156184239753));
#1558=CARTESIAN_POINT('',(-40.517519460518,-9.05,-25.197927554075));
#1559=CARTESIAN_POINT('',(-40.301443751889,-9.05,-25.2420015185));
#1560=CARTESIAN_POINT('',(-39.956134177277,-9.05,-25.291378195874));
#1561=CARTESIAN_POINT('',(-39.687454832569,-9.05,-25.30719177393));
#1562=CARTESIAN_POINT('',(-39.506075545143,-9.05,-25.307106781187));
#1563=CARTESIAN_POINT('',(-52.217254653119,-8.7571067811865,-22.831296636282));
#1564=CARTESIAN_POINT('',(-51.486111381813,-8.7571067811865,-22.997925957878));
#1565=CARTESIAN_POINT('',(-50.622773917535,-8.7571067811866,-23.194682656091));
#1566=CARTESIAN_POINT('',(-49.738339405057,-8.7571067811865,-23.396247422662));
#1567=CARTESIAN_POINT('',(-49.551884837085,-8.7571067811865,-23.438740870101));
#1568=CARTESIAN_POINT('',(-49.439588640188,-8.7571067811865,-23.464333445238));
#1569=CARTESIAN_POINT('',(-49.232317847687,-8.7571067811865,-23.511570960643));
#1570=CARTESIAN_POINT('',(-48.870284863451,-8.7571067811865,-23.594079154216));
#1571=CARTESIAN_POINT('',(-48.394811640339,-8.7571067811865,-23.702440652864));
#1572=CARTESIAN_POINT('',(-47.905695226594,-8.7571067811865,-23.813911467686));
#1573=CARTESIAN_POINT('',(-47.538659607823,-8.7571067811865,-23.897559773781));
#1574=CARTESIAN_POINT('',(-47.24483834079,-8.7571067811865,-23.964522351867));
#1575=CARTESIAN_POINT('',(-46.941527820388,-8.7571067811865,-24.033647553768));
#1576=CARTESIAN_POINT('',(-46.566347407618,-8.7571067811865,-24.119152078134));
#1577=CARTESIAN_POINT('',(-46.164451716905,-8.7571067811865,-24.210745079019));
#1578=CARTESIAN_POINT('',(-45.805897707472,-8.7571067811865,-24.292460405813));
#1579=CARTESIAN_POINT('',(-45.46374756207,-8.7571067811865,-24.370437252281));
#1580=CARTESIAN_POINT('',(-45.136007327712,-8.7571067811865,-24.445130045136));
#1581=CARTESIAN_POINT('',(-44.802997704648,-8.7571067811865,-24.521023744434));
#1582=CARTESIAN_POINT('',(-44.511733394143,-8.7571067811865,-24.587403585936));
#1583=CARTESIAN_POINT('',(-44.241176343352,-8.7571067811865,-24.649064192819));
#1584=CARTESIAN_POINT('',(-43.983004550607,-8.7571067811865,-24.707902169408));
#1585=CARTESIAN_POINT('',(-43.702671908783,-8.7571067811865,-24.771790657153));
#1586=CARTESIAN_POINT('',(-43.419791590516,-8.7571067811865,-24.836259766527));
#1587=CARTESIAN_POINT('',(-43.114752467076,-8.7571067811865,-24.905778921247));
#1588=CARTESIAN_POINT('',(-42.810888507161,-8.7571067811865,-24.975030253346));
#1589=CARTESIAN_POINT('',(-42.521149470213,-8.7571067811866,-25.041062481342));
#1590=CARTESIAN_POINT('',(-42.300158088109,-8.7571067811865,-25.091426952275));
#1591=CARTESIAN_POINT('',(-42.158925989662,-8.7571067811866,-25.123614089478));
#1592=CARTESIAN_POINT('',(-42.063105928927,-8.7571067811865,-25.145451713246));
#1593=CARTESIAN_POINT('',(-41.962876969949,-8.7571067811865,-25.168294135952));
#1594=CARTESIAN_POINT('',(-41.838359154861,-8.7571067811865,-25.196672044488));
#1595=CARTESIAN_POINT('',(-41.705892244146,-8.7571067811865,-25.226861590113));
#1596=CARTESIAN_POINT('',(-41.5889114903,-8.7571067811865,-25.253521757435));
#1597=CARTESIAN_POINT('',(-41.47643089683,-8.7571067811865,-25.279156438496));
#1598=CARTESIAN_POINT('',(-41.356547472725,-8.7571067811866,-25.306477730333));
#1599=CARTESIAN_POINT('',(-41.213672135906,-8.7571067811865,-25.339041965387));
#1600=CARTESIAN_POINT('',(-41.063233238695,-8.7571067811865,-25.3733139739));
#1601=CARTESIAN_POINT('',(-40.912895815874,-8.7571067811865,-25.407620839766));
#1602=CARTESIAN_POINT('',(-40.762300722336,-8.7571067811865,-25.441822671773));
#1603=CARTESIAN_POINT('',(-40.585112737326,-8.7571067811865,-25.482965773414));
#1604=CARTESIAN_POINT('',(-40.348632440682,-8.7571067811865,-25.531368283502));
#1605=CARTESIAN_POINT('',(-39.985636850055,-8.7571067811865,-25.582951237127));
#1606=CARTESIAN_POINT('',(-39.698027903577,-8.7571067811865,-25.600252776788));
#1607=CARTESIAN_POINT('',(-39.506075545143,-8.7571067811865,-25.6));
#1608=CARTESIAN_POINT('',(-52.217254653119,-8.55,-22.831296636282));
#1609=CARTESIAN_POINT('',(-51.486111381813,-8.55,-22.997925957878));
#1610=CARTESIAN_POINT('',(-50.622773917534,-8.55,-23.194682656091));
#1611=CARTESIAN_POINT('',(-49.738339405057,-8.55,-23.396247422662));
#1612=CARTESIAN_POINT('',(-49.551884837085,-8.55,-23.438740870101));
#1613=CARTESIAN_POINT('',(-49.439588640188,-8.55,-23.464333445238));
#1614=CARTESIAN_POINT('',(-49.232317847687,-8.55,-23.511570960643));
#1615=CARTESIAN_POINT('',(-48.870284863451,-8.55,-23.594079154216));
#1616=CARTESIAN_POINT('',(-48.394811640339,-8.55,-23.702440652864));
#1617=CARTESIAN_POINT('',(-47.905695226594,-8.55,-23.813911467686));
#1618=CARTESIAN_POINT('',(-47.538659607823,-8.55,-23.897559773781));
#1619=CARTESIAN_POINT('',(-47.244838340789,-8.55,-23.964522351867));
#1620=CARTESIAN_POINT('',(-46.941527820388,-8.55,-24.033647553768));
#1621=CARTESIAN_POINT('',(-46.566347407618,-8.55,-24.119152078134));
#1622=CARTESIAN_POINT('',(-46.164451716905,-8.55,-24.210745079019));
#1623=CARTESIAN_POINT('',(-45.805897707472,-8.55,-24.292460405813));
#1624=CARTESIAN_POINT('',(-45.46374756207,-8.55,-24.370437252281));
#1625=CARTESIAN_POINT('',(-45.136007327712,-8.55,-24.445130045136));
#1626=CARTESIAN_POINT('',(-44.802997704648,-8.55,-24.521023744434));
#1627=CARTESIAN_POINT('',(-44.511733394143,-8.55,-24.587403585936));
#1628=CARTESIAN_POINT('',(-44.241176343352,-8.55,-24.649064192819));
#1629=CARTESIAN_POINT('',(-43.983004550607,-8.55,-24.707902169408));
#1630=CARTESIAN_POINT('',(-43.702671908783,-8.55,-24.771790657153));
#1631=CARTESIAN_POINT('',(-43.419791590516,-8.55,-24.836259766527));
#1632=CARTESIAN_POINT('',(-43.114752467076,-8.55,-24.905778921247));
#1633=CARTESIAN_POINT('',(-42.810888507161,-8.55,-24.975030253346));
#1634=CARTESIAN_POINT('',(-42.521149470213,-8.55,-25.041062481342));
#1635=CARTESIAN_POINT('',(-42.300158088109,-8.55,-25.091426952275));
#1636=CARTESIAN_POINT('',(-42.158925989662,-8.55,-25.123614089478));
#1637=CARTESIAN_POINT('',(-42.063105928927,-8.55,-25.145451713246));
#1638=CARTESIAN_POINT('',(-41.962876969949,-8.55,-25.168294135952));
#1639=CARTESIAN_POINT('',(-41.838359154861,-8.55,-25.196672044488));
#1640=CARTESIAN_POINT('',(-41.705892244146,-8.55,-25.226861590113));
#1641=CARTESIAN_POINT('',(-41.5889114903,-8.55,-25.253521757435));
#1642=CARTESIAN_POINT('',(-41.47643089683,-8.55,-25.279156438496));
#1643=CARTESIAN_POINT('',(-41.356547472725,-8.55,-25.306477730333));
#1644=CARTESIAN_POINT('',(-41.213672135906,-8.55,-25.339041965387));
#1645=CARTESIAN_POINT('',(-41.063233238695,-8.55,-25.3733139739));
#1646=CARTESIAN_POINT('',(-40.912895815874,-8.55,-25.407620839766));
#1647=CARTESIAN_POINT('',(-40.762300722336,-8.55,-25.441822671773));
#1648=CARTESIAN_POINT('',(-40.585112737326,-8.55,-25.482965773414));
#1649=CARTESIAN_POINT('',(-40.348632440682,-8.55,-25.531368283502));
#1650=CARTESIAN_POINT('',(-39.985636850055,-8.55,-25.582951237127));
#1651=CARTESIAN_POINT('',(-39.698027903577,-8.55,-25.600252776788));
#1652=CARTESIAN_POINT('',(-39.506075545143,-8.55,-25.6));
#1653=(BOUNDED_SURFACE()B_SPLINE_SURFACE(2,3,((#1473,#1474,#1475,#1476,#1477,#1478,#1479,#1480,#1481,#1482,#1483,#1484,#1485,#1486,#1487,#1488,#1489,#1490,#1491,#1492,#1493,#1494,#1495,#1496,#1497,#1498,#1499,#1500,#1501,#1502,#1503,#1504,#1505,#1506,#1507,#1508,#1509,#1510,#1511,#1512,#1513,#1514,#1515,#1516,#1517),(#1518,#1519,#1520,#1521,#1522,#1523,#1524,#1525,#1526,#1527,#1528,#1529,#1530,#1531,#1532,#1533,#1534,#1535,#1536,#1537,#1538,#1539,#1540,#1541,#1542,#1543,#1544,#1545,#1546,#1547,#1548,#1549,#1550,#1551,#1552,#1553,#1554,#1555,#1556,#1557,#1558,#1559,#1560,#1561,#1562),(#1563,#1564,#1565,#1566,#1567,#1568,#1569,#1570,#1571,#1572,#1573,#1574,#1575,#1576,#1577,#1578,#1579,#1580,#1581,#1582,#1583,#1584,#1585,#1586,#1587,#1588,#1589,#1590,#1591,#1592,#1593,#1594,#1595,#1596,#1597,#1598,#1599,#1600,#1601,#1602,#1603,#1604,#1605,#1606,#1607),(#1608,#1609,#1610,#1611,#1612,#1613,#1614,#1615,#1616,#1617,#1618,#1619,#1620,#1621,#1622,#1623,#1624,#1625,#1626,#1627,#1628,#1629,#1630,#1631,#1632,#1633,#1634,#1635,#1636,#1637,#1638,#1639,#1640,#1641,#1642,#1643,#1644,#1645,#1646,#1647,#1648,#1649,#1650,#1651,#1652)),.UNSPECIFIED.,.F.,.F.,.U.)B_SPLINE_SURFACE_WITH_KNOTS((3,1,3),(4,1,1,1,1,1,1,1,1,1,1,1,1,1,1,1,1,1,1,1,1,1,1,1,1,1,1,1,1,1,1,1,1,1,1,1,1,1,1,1,1,1,4),(0.,0.41421356237314,0.82842712474628),(0.,2.2481835555505,2.6546658722911,2.7195369292862,2.8215104396579,2.9999640828087,3.3568713691102,3.9347212612174,4.4619909156578,4.8608494829636,5.0633146228863,5.3654583573214,5.7934953144379,6.2169523125971,6.6012425303666,6.8960086786738,7.2690256347666,7.609006992262,7.919975919839,8.1646307218885,8.4409395782535,8.7138252264483,9.0266221538959,9.3107648295723,9.6517863184118,9.9609697497276,10.201679871889,10.33131003177,10.395242612635,10.496315811122,10.639502842313,10.7781208973,10.903636871002,10.999205230337,11.123986956865,11.272260460268,11.438557990836,11.586430097066,11.734996514155,11.90037788954,12.139208237981,12.404850342006,12.952990535783),.UNSPECIFIED.)GEOMETRIC_REPRESENTATION_ITEM()RATIONAL_B_SPLINE_SURFACE(((1.,0.99999999999995,1.,1.,1.,1.,1.,1.,1.,1.,1.,1.,1.,1.,1.,1.,1.,1.,1.,1.,1.,1.,1.,1.,1.,1.,1.,1.,1.,1.,1.,1.,1.,1.,1.,1.,1.,1.,1.,1.,1.,1.,1.,1.,1.),(0.85355339059327,0.8535533905932,0.85355339059332,0.85355339059327,0.85355339059327,0.85355339059327,0.85355339059327,0.85355339059327,0.85355339059327,0.85355339059327,0.85355339059327,0.85355339059327,0.85355339059327,0.85355339059327,0.85355339059327,0.85355339059327,0.85355339059327,0.85355339059327,0.85355339059327,0.85355339059327,0.85355339059327,0.85355339059327,0.85355339059327,0.85355339059327,0.85355339059327,0.85355339059327,0.85355339059328,0.85355339059326,0.85355339059328,0.85355339059327,0.85355339059328,0.85355339059327,0.85355339059327,0.85355339059327,0.85355339059327,0.85355339059328,0.85355339059327,0.85355339059328,0.85355339059327,0.85355339059327,0.85355339059327,0.85355339059327,0.85355339059327,0.85355339059327,0.85355339059327),(0.85355339059327,0.8535533905932,0.85355339059332,0.85355339059327,0.85355339059327,0.85355339059327,0.85355339059327,0.85355339059327,0.85355339059327,0.85355339059327,0.85355339059327,0.85355339059327,0.85355339059327,0.85355339059327,0.85355339059327,0.85355339059327,0.85355339059327,0.85355339059327,0.85355339059327,0.85355339059327,0.85355339059327,0.85355339059327,0.85355339059327,0.85355339059327,0.85355339059327,0.85355339059327,0.85355339059328,0.85355339059326,0.85355339059328,0.85355339059327,0.85355339059328,0.85355339059327,0.85355339059327,0.85355339059327,0.85355339059327,0.85355339059328,0.85355339059327,0.85355339059328,0.85355339059327,0.85355339059327,0.85355339059327,0.85355339059327,0.85355339059327,0.85355339059327,0.85355339059327),(1.,0.99999999999995,1.,1.,1.,1.,1.,1.,1.,1.,1.,1.,1.,1.,1.,1.,1.,1.,1.,1.,1.,1.,1.,1.,1.,1.,1.,1.,1.,1.,1.,1.,1.,1.,1.,1.,1.,1.,1.,1.,1.,1.,1.,1.,1.)))REPRESENTATION_ITEM('')SURFACE());
#1654=ORIENTED_EDGE('',*,*,#1096,.F.);
#1655=ORIENTED_EDGE('',*,*,#1025,.F.);
#1656=ORIENTED_EDGE('',*,*,#1467,.F.);
#1657=ORIENTED_EDGE('',*,*,#934,.F.);
#1658=EDGE_LOOP('',(#1654,#1655,#1656,#1657));
#1659=FACE_OUTER_BOUND('',#1658,.T.);
#1660=ADVANCED_FACE('',(#1659),#1653,.T.);
#1661=CARTESIAN_POINT('',(-1.5291614579586E-14,0.050000000000004,-23.879291860904));
#1662=DIRECTION('',(-1.,1.3509498304801E-16,0.));
#1663=DIRECTION('',(0.,0.,1.));
#1664=AXIS2_PLACEMENT_3D('',#1661,#1663,#1662);
#1665=PLANE('',#1664);
#1666=CARTESIAN_POINT('',(39.446842495306,-7.95,-23.879291860904));
#1667=VERTEX_POINT('',#1666);
#1668=CARTESIAN_POINT('',(39.446842495306,-4.95,-23.879291860904));
#1669=VERTEX_POINT('',#1668);
#1670=CARTESIAN_POINT('',(39.446842495306,-7.95,-23.879291860904));
#1671=DIRECTION('',(0.,1.,0.));
#1672=VECTOR('',#1671,3.);
#1673=LINE('',#1670,#1672);
#1674=EDGE_CURVE('',#1667,#1669,#1673,.T.);
#1675=ORIENTED_EDGE('',*,*,#1674,.T.);
#1676=CARTESIAN_POINT('',(-39.446842495306,-4.95,-23.879291860904));
#1677=VERTEX_POINT('',#1676);
#1678=CARTESIAN_POINT('',(39.446842495306,-4.95,-23.879291860904));
#1679=DIRECTION('',(-1.,0.,0.));
#1680=VECTOR('',#1679,78.893684990612);
#1681=LINE('',#1678,#1680);
#1682=EDGE_CURVE('',#1669,#1677,#1681,.T.);
#1683=ORIENTED_EDGE('',*,*,#1682,.T.);
#1684=CARTESIAN_POINT('',(-39.446842495306,-7.95,-23.879291860904));
#1685=VERTEX_POINT('',#1684);
#1686=CARTESIAN_POINT('',(-39.446842495306,-4.95,-23.879291860904));
#1687=DIRECTION('',(0.,-1.,0.));
#1688=VECTOR('',#1687,3.);
#1689=LINE('',#1686,#1688);
#1690=EDGE_CURVE('',#1677,#1685,#1689,.T.);
#1691=ORIENTED_EDGE('',*,*,#1690,.T.);
#1692=CARTESIAN_POINT('',(-39.446842495306,-7.95,-23.879291860904));
#1693=DIRECTION('',(1.,0.,0.));
#1694=VECTOR('',#1693,78.893684990612);
#1695=LINE('',#1692,#1694);
#1696=EDGE_CURVE('',#1685,#1667,#1695,.T.);
#1697=ORIENTED_EDGE('',*,*,#1696,.T.);
#1698=EDGE_LOOP('',(#1675,#1683,#1691,#1697));
#1699=FACE_OUTER_BOUND('',#1698,.T.);
#1700=ADVANCED_FACE('',(#1699),#1665,.T.);
#1701=CARTESIAN_POINT('',(39.446842495306,-7.95,-19.379291860903));
#1702=DIRECTION('',(0.2527067406145,-1.973729821555E-16,-0.96754292062316));
#1703=DIRECTION('',(0.,1.,0.));
#1704=AXIS2_PLACEMENT_3D('',#1701,#1703,#1702);
#1705=CYLINDRICAL_SURFACE('',#1704,4.500000000002);
#1706=CARTESIAN_POINT('',(40.584022826383,-7.95,-23.73323500415));
#1707=VERTEX_POINT('',#1706);
#1708=CARTESIAN_POINT('',(40.584022826383,-4.95,-23.73323500415));
#1709=VERTEX_POINT('',#1708);
#1710=CARTESIAN_POINT('',(40.584022826383,-7.95,-23.73323500415));
#1711=DIRECTION('',(0.,1.,0.));
#1712=VECTOR('',#1711,3.);
#1713=LINE('',#1710,#1712);
#1714=EDGE_CURVE('',#1707,#1709,#1713,.T.);
#1715=ORIENTED_EDGE('',*,*,#1714,.T.);
#1716=CARTESIAN_POINT('',(39.446842495306,-4.95,-19.379291860904));
#1717=DIRECTION('',(0.25270674023929,2.7632217501782E-15,-0.96754292072116));
#1718=DIRECTION('',(-3.2548349087006E-16,1.,2.5341735549539E-15));
#1719=AXIS2_PLACEMENT_3D('',#1716,#1718,#1717);
#1720=CIRCLE('',#1719,4.5);
#1721=EDGE_CURVE('',#1709,#1669,#1720,.T.);
#1722=ORIENTED_EDGE('',*,*,#1721,.T.);
#1723=ORIENTED_EDGE('',*,*,#1674,.F.);
#1724=CARTESIAN_POINT('',(39.446842495306,-7.95,-19.379291860904));
#1725=DIRECTION('',(-1.5789838572447E-15,6.9080543754455E-15,-1.));
#1726=DIRECTION('',(8.4384608744089E-16,-1.,-6.5700795869174E-15));
#1727=AXIS2_PLACEMENT_3D('',#1724,#1726,#1725);
#1728=CIRCLE('',#1727,4.5);
#1729=EDGE_CURVE('',#1667,#1707,#1728,.T.);
#1730=ORIENTED_EDGE('',*,*,#1729,.T.);
#1731=EDGE_LOOP('',(#1715,#1722,#1723,#1730));
#1732=FACE_OUTER_BOUND('',#1731,.T.);
#1733=ADVANCED_FACE('',(#1732),#1705,.F.);
#1734=CARTESIAN_POINT('',(37.72843666168,-7.95,-12.8));
#1735=DIRECTION('',(0.25270674115765,-7.8599860150447E-16,0.9675429204813));
#1736=DIRECTION('',(0.,1.,5.9211894646675E-16));
#1737=AXIS2_PLACEMENT_3D('',#1734,#1736,#1735);
#1738=CYLINDRICAL_SURFACE('',#1737,11.300000000001);
#1739=CARTESIAN_POINT('',(40.584022826383,-7.95,-1.86676499585));
#1740=VERTEX_POINT('',#1739);
#1741=CARTESIAN_POINT('',(40.584022826383,-4.95,-1.86676499585));
#1742=VERTEX_POINT('',#1741);
#1743=CARTESIAN_POINT('',(40.584022826383,-7.95,-1.86676499585));
#1744=DIRECTION('',(0.,1.,0.));
#1745=VECTOR('',#1744,3.);
#1746=LINE('',#1743,#1745);
#1747=EDGE_CURVE('',#1740,#1742,#1746,.T.);
#1748=ORIENTED_EDGE('',*,*,#1747,.T.);
#1749=CARTESIAN_POINT('',(37.72843666168,-4.95,-12.8));
#1750=DIRECTION('',(0.25270674023919,-3.143994406018E-16,0.96754292072119));
#1751=DIRECTION('',(-1.009830761352E-17,1.,3.9838326061066E-16));
#1752=AXIS2_PLACEMENT_3D('',#1749,#1751,#1750);
#1753=CIRCLE('',#1752,11.300000000001);
#1754=EDGE_CURVE('',#1742,#1709,#1753,.T.);
#1755=ORIENTED_EDGE('',*,*,#1754,.T.);
#1756=ORIENTED_EDGE('',*,*,#1714,.F.);
#1757=CARTESIAN_POINT('',(37.72843666168,-7.95,-12.8));
#1758=DIRECTION('',(0.25270674023919,2.3579958045135E-16,-0.96754292072119));
#1759=DIRECTION('',(-1.571997203009E-16,-1.,-2.0353117672327E-16));
#1760=AXIS2_PLACEMENT_3D('',#1757,#1759,#1758);
#1761=CIRCLE('',#1760,11.300000000001);
#1762=EDGE_CURVE('',#1707,#1740,#1761,.T.);
#1763=ORIENTED_EDGE('',*,*,#1762,.T.);
#1764=EDGE_LOOP('',(#1748,#1755,#1756,#1763));
#1765=FACE_OUTER_BOUND('',#1764,.T.);
#1766=ADVANCED_FACE('',(#1765),#1738,.F.);
#1767=CARTESIAN_POINT('',(39.446842495306,-7.95,-6.2207081390964));
#1768=DIRECTION('',(-3.8789791132226E-10,1.9737298215557E-15,1.));
#1769=DIRECTION('',(-2.368475785867E-15,1.,-2.0724163126336E-15));
#1770=AXIS2_PLACEMENT_3D('',#1767,#1769,#1768);
#1771=CYLINDRICAL_SURFACE('',#1770,4.5000000000004);
#1772=CARTESIAN_POINT('',(39.446842495306,-7.95,-1.720708139096));
#1773=VERTEX_POINT('',#1772);
#1774=CARTESIAN_POINT('',(39.446842495306,-4.95,-1.720708139096));
#1775=VERTEX_POINT('',#1774);
#1776=CARTESIAN_POINT('',(39.446842495306,-7.95,-1.720708139096));
#1777=DIRECTION('',(0.,1.,0.));
#1778=VECTOR('',#1777,3.);
#1779=LINE('',#1776,#1778);
#1780=EDGE_CURVE('',#1773,#1775,#1779,.T.);
#1781=ORIENTED_EDGE('',*,*,#1780,.T.);
#1782=CARTESIAN_POINT('',(39.446842495306,-4.95,-6.2207081390959));
#1783=DIRECTION('',(-3.1579677144889E-15,1.9145179269089E-14,1.));
#1784=DIRECTION('',(-2.4109888212593E-15,1.,-1.8771655962617E-14));
#1785=AXIS2_PLACEMENT_3D('',#1782,#1784,#1783);
#1786=CIRCLE('',#1785,4.5000000000007);
#1787=EDGE_CURVE('',#1775,#1742,#1786,.T.);
#1788=ORIENTED_EDGE('',*,*,#1787,.T.);
#1789=ORIENTED_EDGE('',*,*,#1747,.F.);
#1790=CARTESIAN_POINT('',(39.446842495306,-7.95,-6.2207081390963));
#1791=DIRECTION('',(0.25270674023927,2.3684757858664E-15,0.96754292072116));
#1792=DIRECTION('',(2.6520877033852E-16,-1.,2.0648821558881E-15));
#1793=AXIS2_PLACEMENT_3D('',#1790,#1792,#1791);
#1794=CIRCLE('',#1793,4.5000000000011);
#1795=EDGE_CURVE('',#1740,#1773,#1794,.T.);
#1796=ORIENTED_EDGE('',*,*,#1795,.T.);
#1797=EDGE_LOOP('',(#1781,#1788,#1789,#1796));
#1798=FACE_OUTER_BOUND('',#1797,.T.);
#1799=ADVANCED_FACE('',(#1798),#1771,.F.);
#1800=CARTESIAN_POINT('',(-1.5291614579586E-14,0.049999999999997,-1.720708139096));
#1801=DIRECTION('',(1.,-1.3509498304801E-16,0.));
#1802=DIRECTION('',(4.4995668207373E-32,3.3306690738755E-16,-1.));
#1803=AXIS2_PLACEMENT_3D('',#1800,#1802,#1801);
#1804=PLANE('',#1803);
#1805=CARTESIAN_POINT('',(-39.446842495306,-7.95,-1.720708139096));
#1806=VERTEX_POINT('',#1805);
#1807=CARTESIAN_POINT('',(-39.446842495306,-4.95,-1.720708139096));
#1808=VERTEX_POINT('',#1807);
#1809=CARTESIAN_POINT('',(-39.446842495306,-7.95,-1.720708139096));
#1810=DIRECTION('',(0.,1.,0.));
#1811=VECTOR('',#1810,3.);
#1812=LINE('',#1809,#1811);
#1813=EDGE_CURVE('',#1806,#1808,#1812,.T.);
#1814=ORIENTED_EDGE('',*,*,#1813,.T.);
#1815=CARTESIAN_POINT('',(-39.446842495306,-4.95,-1.720708139096));
#1816=DIRECTION('',(1.,0.,0.));
#1817=VECTOR('',#1816,78.893684990612);
#1818=LINE('',#1815,#1817);
#1819=EDGE_CURVE('',#1808,#1775,#1818,.T.);
#1820=ORIENTED_EDGE('',*,*,#1819,.T.);
#1821=ORIENTED_EDGE('',*,*,#1780,.F.);
#1822=CARTESIAN_POINT('',(39.446842495306,-7.95,-1.720708139096));
#1823=DIRECTION('',(-1.,0.,0.));
#1824=VECTOR('',#1823,78.893684990612);
#1825=LINE('',#1822,#1824);
#1826=EDGE_CURVE('',#1773,#1806,#1825,.T.);
#1827=ORIENTED_EDGE('',*,*,#1826,.T.);
#1828=EDGE_LOOP('',(#1814,#1820,#1821,#1827));
#1829=FACE_OUTER_BOUND('',#1828,.T.);
#1830=ADVANCED_FACE('',(#1829),#1804,.T.);
#1831=CARTESIAN_POINT('',(-39.446842495306,-7.95,-6.2207081390961));
#1832=DIRECTION('',(-0.25270674061442,5.9211894646679E-16,0.96754292062318));
#1833=DIRECTION('',(0.,1.,-5.9211894646674E-16));
#1834=AXIS2_PLACEMENT_3D('',#1831,#1833,#1832);
#1835=CYLINDRICAL_SURFACE('',#1834,4.4999999999997);
#1836=CARTESIAN_POINT('',(-40.584022826382,-7.95,-1.866764995851));
#1837=VERTEX_POINT('',#1836);
#1838=CARTESIAN_POINT('',(-40.584022826383,-4.95,-1.866764995851));
#1839=VERTEX_POINT('',#1838);
#1840=CARTESIAN_POINT('',(-40.584022826382,-7.95,-1.866764995851));
#1841=DIRECTION('',(-3.3395508580725E-13,1.,0.));
#1842=VECTOR('',#1841,3.);
#1843=LINE('',#1840,#1842);
#1844=EDGE_CURVE('',#1837,#1839,#1843,.T.);
#1845=ORIENTED_EDGE('',*,*,#1844,.T.);
#1846=CARTESIAN_POINT('',(-39.446842495306,-4.95,-6.2207081390963));
#1847=DIRECTION('',(-0.25270674023932,1.8355687340468E-14,0.96754292072115));
#1848=DIRECTION('',(3.0949648296756E-15,1.,-1.8015961512845E-14));
#1849=AXIS2_PLACEMENT_3D('',#1846,#1848,#1847);
#1850=CIRCLE('',#1849,4.5000000000003);
#1851=EDGE_CURVE('',#1839,#1808,#1850,.T.);
#1852=ORIENTED_EDGE('',*,*,#1851,.T.);
#1853=ORIENTED_EDGE('',*,*,#1813,.F.);
#1854=CARTESIAN_POINT('',(-39.446842495306,-7.95,-6.2207081390962));
#1855=DIRECTION('',(0.,-6.3159354289784E-15,1.));
#1856=DIRECTION('',(7.9562631101621E-16,-1.,-6.1946464676731E-15));
#1857=AXIS2_PLACEMENT_3D('',#1854,#1856,#1855);
#1858=CIRCLE('',#1857,4.5000000000002);
#1859=EDGE_CURVE('',#1806,#1837,#1858,.T.);
#1860=ORIENTED_EDGE('',*,*,#1859,.T.);
#1861=EDGE_LOOP('',(#1845,#1852,#1853,#1860));
#1862=FACE_OUTER_BOUND('',#1861,.T.);
#1863=ADVANCED_FACE('',(#1862),#1835,.F.);
#1864=CARTESIAN_POINT('',(-37.72843666168,-7.95,-12.8));
#1865=DIRECTION('',(-0.25270674115757,0.,-0.96754292048132));
#1866=DIRECTION('',(0.,1.,0.));
#1867=AXIS2_PLACEMENT_3D('',#1864,#1866,#1865);
#1868=CYLINDRICAL_SURFACE('',#1867,11.3);
#1869=CARTESIAN_POINT('',(-40.584022826382,-7.95,-23.73323500415));
#1870=VERTEX_POINT('',#1869);
#1871=CARTESIAN_POINT('',(-40.584022826382,-4.95,-23.73323500415));
#1872=VERTEX_POINT('',#1871);
#1873=CARTESIAN_POINT('',(-40.584022826382,-7.95,-23.73323500415));
#1874=DIRECTION('',(0.,1.,0.));
#1875=VECTOR('',#1874,3.);
#1876=LINE('',#1873,#1875);
#1877=EDGE_CURVE('',#1870,#1872,#1876,.T.);
#1878=ORIENTED_EDGE('',*,*,#1877,.T.);
#1879=CARTESIAN_POINT('',(-37.72843666168,-4.95,-12.8));
#1880=DIRECTION('',(-0.25270674023911,3.9299930075228E-16,-0.96754292072121));
#1881=DIRECTION('',(1.4306208964195E-16,1.,3.5420538813169E-16));
#1882=AXIS2_PLACEMENT_3D('',#1879,#1881,#1880);
#1883=CIRCLE('',#1882,11.3);
#1884=EDGE_CURVE('',#1872,#1839,#1883,.T.);
#1885=ORIENTED_EDGE('',*,*,#1884,.T.);
#1886=ORIENTED_EDGE('',*,*,#1844,.F.);
#1887=CARTESIAN_POINT('',(-37.72843666168,-7.95,-12.8));
#1888=DIRECTION('',(-0.25270674023913,-3.9299930075229E-16,0.9675429207212));
#1889=DIRECTION('',(-2.3781924197408E-16,-1.,-3.8497341720705E-16));
#1890=AXIS2_PLACEMENT_3D('',#1887,#1889,#1888);
#1891=CIRCLE('',#1890,11.299999999999);
#1892=EDGE_CURVE('',#1837,#1870,#1891,.T.);
#1893=ORIENTED_EDGE('',*,*,#1892,.T.);
#1894=EDGE_LOOP('',(#1878,#1885,#1886,#1893));
#1895=FACE_OUTER_BOUND('',#1894,.T.);
#1896=ADVANCED_FACE('',(#1895),#1868,.F.);
#1897=CARTESIAN_POINT('',(-39.446842495306,-7.95,-19.379291860905));
#1898=DIRECTION('',(3.8790580624165E-10,4.5395785895792E-15,-1.));
#1899=DIRECTION('',(0.,1.,3.5527136788005E-15));
#1900=AXIS2_PLACEMENT_3D('',#1897,#1899,#1898);
#1901=CYLINDRICAL_SURFACE('',#1900,4.4999999999992);
#1902=ORIENTED_EDGE('',*,*,#1690,.F.);
#1903=CARTESIAN_POINT('',(-39.446842495306,-4.95,-19.379291860904));
#1904=DIRECTION('',(0.,2.1711028037111E-15,-1.));
#1905=DIRECTION('',(2.7726371444507E-16,1.,2.1587404357049E-15));
#1906=AXIS2_PLACEMENT_3D('',#1903,#1905,#1904);
#1907=CIRCLE('',#1906,4.5000000000006);
#1908=EDGE_CURVE('',#1677,#1872,#1907,.T.);
#1909=ORIENTED_EDGE('',*,*,#1908,.T.);
#1910=ORIENTED_EDGE('',*,*,#1877,.F.);
#1911=CARTESIAN_POINT('',(-39.446842495306,-7.95,-19.379291860904));
#1912=DIRECTION('',(-0.25270674023908,-6.3159354289779E-15,-0.96754292072121));
#1913=DIRECTION('',(8.1973619922889E-16,-1.,6.3823630273013E-15));
#1914=AXIS2_PLACEMENT_3D('',#1911,#1913,#1912);
#1915=CIRCLE('',#1914,4.5000000000006);
#1916=EDGE_CURVE('',#1870,#1685,#1915,.T.);
#1917=ORIENTED_EDGE('',*,*,#1916,.T.);
#1918=EDGE_LOOP('',(#1902,#1909,#1910,#1917));
#1919=FACE_OUTER_BOUND('',#1918,.T.);
#1920=ADVANCED_FACE('',(#1919),#1901,.F.);
#1921=CARTESIAN_POINT('',(9.2370555648813E-14,-7.95,-50.749144800777));
#1922=DIRECTION('',(1.,-1.1775125052198E-16,-2.8984923205412E-16));
#1923=DIRECTION('',(1.1775125052199E-16,1.,3.8948490557271E-16));
#1924=AXIS2_PLACEMENT_3D('',#1921,#1923,#1922);
#1925=PLANE('',#1924);
#1926=ORIENTED_EDGE('',*,*,#1892,.F.);
#1927=ORIENTED_EDGE('',*,*,#1859,.F.);
#1928=ORIENTED_EDGE('',*,*,#1826,.F.);
#1929=ORIENTED_EDGE('',*,*,#1795,.F.);
#1930=ORIENTED_EDGE('',*,*,#1762,.F.);
#1931=ORIENTED_EDGE('',*,*,#1729,.F.);
#1932=ORIENTED_EDGE('',*,*,#1696,.F.);
#1933=ORIENTED_EDGE('',*,*,#1916,.F.);
#1934=EDGE_LOOP('',(#1926,#1927,#1928,#1929,#1930,#1931,#1932,#1933));
#1935=FACE_OUTER_BOUND('',#1934,.T.);
#1936=ORIENTED_EDGE('',*,*,#219,.F.);
#1937=EDGE_LOOP('',(#1936));
#1938=FACE_BOUND('',#1937,.T.);
#1939=ORIENTED_EDGE('',*,*,#92,.F.);
#1940=ORIENTED_EDGE('',*,*,#59,.F.);
#1941=ORIENTED_EDGE('',*,*,#152,.F.);
#1942=ORIENTED_EDGE('',*,*,#123,.F.);
#1943=EDGE_LOOP('',(#1939,#1940,#1941,#1942));
#1944=FACE_BOUND('',#1943,.T.);
#1945=ORIENTED_EDGE('',*,*,#186,.F.);
#1946=EDGE_LOOP('',(#1945));
#1947=FACE_BOUND('',#1946,.T.);
#1948=ADVANCED_FACE('',(#1935,#1938,#1944,#1947),#1925,.T.);
#1949=CARTESIAN_POINT('',(-1.3356659741878E-14,-4.95,-12.470595580468));
#1950=DIRECTION('',(-1.,1.1656252682854E-16,7.1730785740642E-17));
#1951=DIRECTION('',(1.1656252682854E-16,1.,4.1021494918501E-16));
#1952=AXIS2_PLACEMENT_3D('',#1949,#1951,#1950);
#1953=PLANE('',#1952);
#1954=CARTESIAN_POINT('',(39.506075545143,-4.95,-1.221059006826));
#1955=VERTEX_POINT('',#1954);
#1956=CARTESIAN_POINT('',(40.710376196502,-4.95,-1.38299353549));
#1957=VERTEX_POINT('',#1956);
#1958=CARTESIAN_POINT('',(39.446842495306,-4.9499999999999,-6.2207081390959));
#1959=DIRECTION('',(0.011846609967399,-2.6645352591004E-14,0.99992982645398));
#1960=DIRECTION('',(3.5439536221053E-15,1.,2.635624218442E-14));
#1961=AXIS2_PLACEMENT_3D('',#1958,#1960,#1959);
#1962=CIRCLE('',#1961,5.);
#1963=EDGE_CURVE('',#1955,#1957,#1962,.T.);
#1964=ORIENTED_EDGE('',*,*,#1963,.T.);
#1965=CARTESIAN_POINT('',(40.710376196502,-4.95,-24.21700646451));
#1966=VERTEX_POINT('',#1965);
#1967=CARTESIAN_POINT('',(37.72843666168,-4.95,-12.8));
#1968=DIRECTION('',(0.25270674023915,-1.9570032976444E-15,0.9675429207212));
#1969=DIRECTION('',(5.8749722353037E-17,1.,1.9902344075181E-15));
#1970=AXIS2_PLACEMENT_3D('',#1967,#1969,#1968);
#1971=CIRCLE('',#1970,11.8);
#1972=EDGE_CURVE('',#1957,#1966,#1971,.T.);
#1973=ORIENTED_EDGE('',*,*,#1972,.T.);
#1974=CARTESIAN_POINT('',(39.506075545143,-4.95,-24.378940993174));
#1975=VERTEX_POINT('',#1974);
#1976=CARTESIAN_POINT('',(39.446842495306,-4.95,-19.379291860904));
#1977=DIRECTION('',(0.2527067402392,-2.4868995751604E-15,-0.96754292072118));
#1978=DIRECTION('',(3.2444645836175E-16,1.,-2.4128954112497E-15));
#1979=AXIS2_PLACEMENT_3D('',#1976,#1978,#1977);
#1980=CIRCLE('',#1979,5.);
#1981=EDGE_CURVE('',#1966,#1975,#1980,.T.);
#1982=ORIENTED_EDGE('',*,*,#1981,.T.);
#1983=CARTESIAN_POINT('',(-39.506075545143,-4.95,-24.378940993174));
#1984=VERTEX_POINT('',#1983);
#1985=CARTESIAN_POINT('',(39.506075545143,-4.95,-24.378940993174));
#1986=DIRECTION('',(-1.,0.,0.));
#1987=VECTOR('',#1986,79.012151090286);
#1988=LINE('',#1985,#1987);
#1989=EDGE_CURVE('',#1975,#1984,#1988,.T.);
#1990=ORIENTED_EDGE('',*,*,#1989,.T.);
#1991=CARTESIAN_POINT('',(-40.710376196502,-4.95,-24.21700646451));
#1992=VERTEX_POINT('',#1991);
#1993=CARTESIAN_POINT('',(-39.446842495306,-4.95,-19.379291860904));
#1994=DIRECTION('',(-0.011846609967403,-8.1712414612406E-15,-0.99992982645398));
#1995=DIRECTION('',(-1.0981264744552E-15,1.,-8.1667229303841E-15));
#1996=AXIS2_PLACEMENT_3D('',#1993,#1995,#1994);
#1997=CIRCLE('',#1996,5.0000000000003);
#1998=EDGE_CURVE('',#1984,#1992,#1997,.T.);
#1999=ORIENTED_EDGE('',*,*,#1998,.T.);
#2000=CARTESIAN_POINT('',(-40.710376177202,-4.95,-1.382993530449));
#2001=VERTEX_POINT('',#2000);
#2002=CARTESIAN_POINT('',(-37.72843666168,-4.95,-12.8));
#2003=DIRECTION('',(-0.25270674023916,1.5053871520341E-15,-0.96754292072119));
#2004=DIRECTION('',(-4.061573535609E-17,1.,1.6023109774335E-15));
#2005=AXIS2_PLACEMENT_3D('',#2002,#2004,#2003);
#2006=CIRCLE('',#2005,11.8);
#2007=EDGE_CURVE('',#1992,#2001,#2006,.T.);
#2008=ORIENTED_EDGE('',*,*,#2007,.T.);
#2009=CARTESIAN_POINT('',(-39.506075545028,-4.95,-1.221059006825));
#2010=VERTEX_POINT('',#2009);
#2011=CARTESIAN_POINT('',(-39.446842495306,-4.95,-6.2207081390959));
#2012=DIRECTION('',(-0.25270673637919,-1.0658141036401E-14,0.96754292172936));
#2013=DIRECTION('',(-1.4475303781688E-15,1.,1.0765226033964E-14));
#2014=AXIS2_PLACEMENT_3D('',#2011,#2013,#2012);
#2015=CIRCLE('',#2014,5.0000000000001);
#2016=EDGE_CURVE('',#2001,#2010,#2015,.T.);
#2017=ORIENTED_EDGE('',*,*,#2016,.T.);
#2018=CARTESIAN_POINT('',(-39.506075545028,-4.95,-1.221059006825));
#2019=DIRECTION('',(1.,0.,-1.2657406320213E-14));
#2020=VECTOR('',#2019,79.012151090171);
#2021=LINE('',#2018,#2020);
#2022=EDGE_CURVE('',#2010,#1955,#2021,.T.);
#2023=ORIENTED_EDGE('',*,*,#2022,.T.);
#2024=EDGE_LOOP('',(#1964,#1973,#1982,#1990,#1999,#2008,#2017,#2023));
#2025=FACE_OUTER_BOUND('',#2024,.T.);
#2026=ORIENTED_EDGE('',*,*,#1682,.F.);
#2027=ORIENTED_EDGE('',*,*,#1721,.F.);
#2028=ORIENTED_EDGE('',*,*,#1754,.F.);
#2029=ORIENTED_EDGE('',*,*,#1787,.F.);
#2030=ORIENTED_EDGE('',*,*,#1819,.F.);
#2031=ORIENTED_EDGE('',*,*,#1851,.F.);
#2032=ORIENTED_EDGE('',*,*,#1884,.F.);
#2033=ORIENTED_EDGE('',*,*,#1908,.F.);
#2034=EDGE_LOOP('',(#2026,#2027,#2028,#2029,#2030,#2031,#2032,#2033));
#2035=FACE_BOUND('',#2034,.T.);
#2036=ADVANCED_FACE('',(#2025,#2035),#1953,.T.);
#2037=CARTESIAN_POINT('',(-38.861616416334,-7.9055408711909,-5.5570197824739E-15));
#2038=DIRECTION('',(-1.,0.,-1.573745013168E-16));
#2039=DIRECTION('',(-1.573745013168E-16,-2.26287495465E-16,1.));
#2040=AXIS2_PLACEMENT_3D('',#2037,#2039,#2038);
#2041=PLANE('',#2040);
#2042=ORIENTED_EDGE('',*,*,#1190,.F.);
#2043=CARTESIAN_POINT('',(-38.217157287525,-8.55,-2.3145369890103E-15));
#2044=DIRECTION('',(-0.70710678118657,0.70710678118652,1.597247671995E-16));
#2045=VECTOR('',#2044,1.8228056807136);
#2046=LINE('',#2043,#2045);
#2047=EDGE_CURVE('',#1179,#850,#2046,.T.);
#2048=ORIENTED_EDGE('',*,*,#2047,.T.);
#2049=ORIENTED_EDGE('',*,*,#855,.F.);
#2050=EDGE_LOOP('',(#2042,#2048,#2049));
#2051=FACE_OUTER_BOUND('',#2050,.T.);
#2052=ADVANCED_FACE('',(#2051),#2041,.T.);
#2053=CARTESIAN_POINT('',(38.861616416334,-7.9055408711909,6.6746352252967E-15));
#2054=DIRECTION('',(-1.,0.,-1.573745013168E-16));
#2055=DIRECTION('',(-1.573745013168E-16,-2.26287495465E-16,1.));
#2056=AXIS2_PLACEMENT_3D('',#2053,#2055,#2054);
#2057=PLANE('',#2056);
#2058=ORIENTED_EDGE('',*,*,#797,.F.);
#2059=CARTESIAN_POINT('',(39.506075545143,-7.261081742382,4.1938591618923E-15));
#2060=DIRECTION('',(-0.70710678118655,-0.70710678118655,-2.7100534426648E-16));
#2061=VECTOR('',#2060,1.8228056807137);
#2062=LINE('',#2059,#2061);
#2063=EDGE_CURVE('',#790,#1171,#2062,.T.);
#2064=ORIENTED_EDGE('',*,*,#2063,.T.);
#2065=ORIENTED_EDGE('',*,*,#1176,.F.);
#2066=EDGE_LOOP('',(#2058,#2064,#2065));
#2067=FACE_OUTER_BOUND('',#2066,.T.);
#2068=ADVANCED_FACE('',(#2067),#2057,.T.);
#2069=CARTESIAN_POINT('',(1.4214340761062E-14,-8.7,1.9857681151729E-13));
#2070=DIRECTION('',(-1.,2.3240305735405E-17,0.));
#2071=DIRECTION('',(0.,0.,-1.));
#2072=AXIS2_PLACEMENT_3D('',#2069,#2071,#2070);
#2073=PLANE('',#2072);
#2074=CARTESIAN_POINT('',(37.917157287525,-8.85,2.0028639156564E-13));
#2075=VERTEX_POINT('',#2074);
#2076=CARTESIAN_POINT('',(-37.917157287525,-8.85,1.984250265674E-13));
#2077=VERTEX_POINT('',#2076);
#2078=CARTESIAN_POINT('',(37.917157287525,-8.85,2.0028639156564E-13));
#2079=DIRECTION('',(-1.,0.,-2.4545154903429E-17));
#2080=VECTOR('',#2079,75.83431457505);
#2081=LINE('',#2078,#2080);
#2082=EDGE_CURVE('',#2075,#2077,#2081,.T.);
#2083=ORIENTED_EDGE('',*,*,#2082,.T.);
#2084=CARTESIAN_POINT('',(-37.917157287525,-8.85,1.984250265674E-13));
#2085=DIRECTION('',(-0.70710678118655,0.70710678118655,-4.7314768881056E-13));
#2086=VECTOR('',#2085,0.42426406871193);
#2087=LINE('',#2084,#2086);
#2088=EDGE_CURVE('',#2077,#1179,#2087,.T.);
#2089=ORIENTED_EDGE('',*,*,#2088,.T.);
#2090=ORIENTED_EDGE('',*,*,#1184,.F.);
#2091=CARTESIAN_POINT('',(38.217157287525,-8.55,3.6998690808596E-15));
#2092=DIRECTION('',(-0.70710678118655,-0.70710678118655,4.6335887712957E-13));
#2093=VECTOR('',#2092,0.42426406871193);
#2094=LINE('',#2091,#2093);
#2095=EDGE_CURVE('',#1171,#2075,#2094,.T.);
#2096=ORIENTED_EDGE('',*,*,#2095,.T.);
#2097=EDGE_LOOP('',(#2083,#2089,#2090,#2096));
#2098=FACE_OUTER_BOUND('',#2097,.T.);
#2099=ADVANCED_FACE('',(#2098),#2073,.T.);
#2100=CARTESIAN_POINT('',(39.653037772571,-5.3290705182008E-15,1.9857681151729E-13));
#2101=DIRECTION('',(-1.,0.,0.));
#2102=DIRECTION('',(0.,0.,-1.));
#2103=AXIS2_PLACEMENT_3D('',#2100,#2102,#2101);
#2104=PLANE('',#2103);
#2105=CARTESIAN_POINT('',(39.8,6.9671572875254,1.9846297280487E-13));
#2106=VERTEX_POINT('',#2105);
#2107=CARTESIAN_POINT('',(39.506075545143,7.2610817423821,2.812403327242E-15));
#2108=DIRECTION('',(0.70710678118691,-0.70710678118619,4.7068504214125E-13));
#2109=VECTOR('',#2108,0.41567195037167);
#2110=LINE('',#2107,#2109);
#2111=EDGE_CURVE('',#817,#2106,#2110,.T.);
#2112=ORIENTED_EDGE('',*,*,#2111,.T.);
#2113=CARTESIAN_POINT('',(39.8,-6.9671572875254,1.9872859646718E-13));
#2114=VERTEX_POINT('',#2113);
#2115=CARTESIAN_POINT('',(39.8,6.9671572875254,1.9846297280487E-13));
#2116=DIRECTION('',(0.,-1.,1.9062556746464E-17));
#2117=VECTOR('',#2116,13.934314575051);
#2118=LINE('',#2115,#2117);
#2119=EDGE_CURVE('',#2106,#2114,#2118,.T.);
#2120=ORIENTED_EDGE('',*,*,#2119,.T.);
#2121=CARTESIAN_POINT('',(39.8,-6.9671572875254,1.9872859646718E-13));
#2122=DIRECTION('',(-0.70710678118703,-0.70710678118607,-4.6800063639458E-13));
#2123=VECTOR('',#2122,0.4156719503716);
#2124=LINE('',#2121,#2123);
#2125=EDGE_CURVE('',#2114,#790,#2124,.T.);
#2126=ORIENTED_EDGE('',*,*,#2125,.T.);
#2127=ORIENTED_EDGE('',*,*,#828,.F.);
#2128=EDGE_LOOP('',(#2112,#2120,#2126,#2127));
#2129=FACE_OUTER_BOUND('',#2128,.T.);
#2130=ADVANCED_FACE('',(#2129),#2104,.T.);
#2131=CARTESIAN_POINT('',(38.991789321881,-7.9167893218813,0.1000000000002));
#2132=DIRECTION('',(0.5,-0.5,0.70710678118655));
#2133=DIRECTION('',(0.5,-0.5,-0.70710678118654));
#2134=AXIS2_PLACEMENT_3D('',#2131,#2133,#2132);
#2135=PLANE('',#2134);
#2136=CARTESIAN_POINT('',(40.,-7.05,0.2000000000002));
#2137=VERTEX_POINT('',#2136);
#2138=CARTESIAN_POINT('',(38.,-9.05,0.2000000000002));
#2139=VERTEX_POINT('',#2138);
#2140=CARTESIAN_POINT('',(40.,-7.05,0.2000000000002));
#2141=DIRECTION('',(-0.70710678118655,-0.70710678118655,0.));
#2142=VECTOR('',#2141,2.8284271247462);
#2143=LINE('',#2140,#2142);
#2144=EDGE_CURVE('',#2137,#2139,#2143,.T.);
#2145=ORIENTED_EDGE('',*,*,#2144,.T.);
#2146=CARTESIAN_POINT('',(38.,-9.05,0.2000000000002));
#2147=DIRECTION('',(-0.28108463771601,0.6785983445456,-0.6785983445456));
#2148=VECTOR('',#2147,0.29472515164169);
#2149=LINE('',#2146,#2148);
#2150=EDGE_CURVE('',#2139,#2075,#2149,.T.);
#2151=ORIENTED_EDGE('',*,*,#2150,.T.);
#2152=ORIENTED_EDGE('',*,*,#2095,.F.);
#2153=ORIENTED_EDGE('',*,*,#2063,.F.);
#2154=ORIENTED_EDGE('',*,*,#2125,.F.);
#2155=CARTESIAN_POINT('',(39.8,-6.9671572875254,1.9872859646718E-13));
#2156=DIRECTION('',(0.67859834454586,-0.28108463771476,0.67859834454586));
#2157=VECTOR('',#2156,0.29472515164158);
#2158=LINE('',#2155,#2157);
#2159=EDGE_CURVE('',#2114,#2137,#2158,.T.);
#2160=ORIENTED_EDGE('',*,*,#2159,.T.);
#2161=EDGE_LOOP('',(#2145,#2151,#2152,#2153,#2154,#2160));
#2162=FACE_OUTER_BOUND('',#2161,.T.);
#2163=ADVANCED_FACE('',(#2162),#2135,.T.);
#2164=CARTESIAN_POINT('',(-38.866789321881,-8.0417893218813,0.10000000000018));
#2165=DIRECTION('',(-0.50000000000001,-0.49999999999999,0.70710678118655));
#2166=DIRECTION('',(-0.5,-0.5,-0.70710678118655));
#2167=AXIS2_PLACEMENT_3D('',#2164,#2166,#2165);
#2168=PLANE('',#2167);
#2169=CARTESIAN_POINT('',(-38.,-9.05,0.2000000000002));
#2170=VERTEX_POINT('',#2169);
#2171=CARTESIAN_POINT('',(-40.,-7.05,0.2000000000002));
#2172=VERTEX_POINT('',#2171);
#2173=CARTESIAN_POINT('',(-38.,-9.05,0.2000000000002));
#2174=DIRECTION('',(-0.70710678118655,0.70710678118655,0.));
#2175=VECTOR('',#2174,2.8284271247462);
#2176=LINE('',#2173,#2175);
#2177=EDGE_CURVE('',#2170,#2172,#2176,.T.);
#2178=ORIENTED_EDGE('',*,*,#2177,.T.);
#2179=CARTESIAN_POINT('',(-39.8,-6.9671572875254,1.9800695150117E-13));
#2180=VERTEX_POINT('',#2179);
#2181=CARTESIAN_POINT('',(-40.,-7.05,0.2000000000002));
#2182=DIRECTION('',(0.67859834454586,0.28108463771476,-0.67859834454586));
#2183=VECTOR('',#2182,0.29472515164158);
#2184=LINE('',#2181,#2183);
#2185=EDGE_CURVE('',#2172,#2180,#2184,.T.);
#2186=ORIENTED_EDGE('',*,*,#2185,.T.);
#2187=CARTESIAN_POINT('',(-39.8,-6.9671572875254,1.9800695150117E-13));
#2188=DIRECTION('',(0.70710678118691,-0.70710678118619,-4.8122164870235E-13));
#2189=VECTOR('',#2188,0.41567195037167);
#2190=LINE('',#2187,#2189);
#2191=EDGE_CURVE('',#2180,#850,#2190,.T.);
#2192=ORIENTED_EDGE('',*,*,#2191,.T.);
#2193=ORIENTED_EDGE('',*,*,#2047,.F.);
#2194=ORIENTED_EDGE('',*,*,#2088,.F.);
#2195=CARTESIAN_POINT('',(-37.917157287525,-8.85,1.984250265674E-13));
#2196=DIRECTION('',(-0.28108463771601,-0.6785983445456,0.6785983445456));
#2197=VECTOR('',#2196,0.29472515164169);
#2198=LINE('',#2195,#2197);
#2199=EDGE_CURVE('',#2077,#2170,#2198,.T.);
#2200=ORIENTED_EDGE('',*,*,#2199,.T.);
#2201=EDGE_LOOP('',(#2178,#2186,#2192,#2193,#2194,#2200));
#2202=FACE_OUTER_BOUND('',#2201,.T.);
#2203=ADVANCED_FACE('',(#2202),#2168,.T.);
#2204=CARTESIAN_POINT('',(-4.9737991503207E-14,-8.95,0.10000000000021));
#2205=DIRECTION('',(0.,-0.70710678118655,0.70710678118655));
#2206=DIRECTION('',(9.942197312389E-17,-0.70710678118655,-0.70710678118655));
#2207=AXIS2_PLACEMENT_3D('',#2204,#2206,#2205);
#2208=PLANE('',#2207);
#2209=ORIENTED_EDGE('',*,*,#2199,.F.);
#2210=ORIENTED_EDGE('',*,*,#2082,.F.);
#2211=ORIENTED_EDGE('',*,*,#2150,.F.);
#2212=CARTESIAN_POINT('',(38.,-9.05,0.2000000000002));
#2213=DIRECTION('',(-1.,0.,0.));
#2214=VECTOR('',#2213,76.);
#2215=LINE('',#2212,#2214);
#2216=EDGE_CURVE('',#2139,#2170,#2215,.T.);
#2217=ORIENTED_EDGE('',*,*,#2216,.T.);
#2218=EDGE_LOOP('',(#2209,#2210,#2211,#2217));
#2219=FACE_OUTER_BOUND('',#2218,.T.);
#2220=ADVANCED_FACE('',(#2219),#2208,.T.);
#2221=CARTESIAN_POINT('',(-39.653037772572,-3.9968028886506E-14,1.9857681151729E-13));
#2222=DIRECTION('',(-1.,0.,0.));
#2223=DIRECTION('',(0.,0.,-1.));
#2224=AXIS2_PLACEMENT_3D('',#2221,#2223,#2222);
#2225=PLANE('',#2224);
#2226=CARTESIAN_POINT('',(-39.8,6.9671572875253,1.9831118785498E-13));
#2227=VERTEX_POINT('',#2226);
#2228=CARTESIAN_POINT('',(-39.8,6.9671572875253,1.9831118785498E-13));
#2229=DIRECTION('',(0.70710678118691,0.70710678118619,-4.8725492297542E-13));
#2230=VECTOR('',#2229,0.41567195037168);
#2231=LINE('',#2228,#2230);
#2232=EDGE_CURVE('',#2227,#858,#2231,.T.);
#2233=ORIENTED_EDGE('',*,*,#2232,.T.);
#2234=ORIENTED_EDGE('',*,*,#863,.F.);
#2235=ORIENTED_EDGE('',*,*,#2191,.F.);
#2236=CARTESIAN_POINT('',(-39.8,-6.9671572875254,1.9800695150117E-13));
#2237=DIRECTION('',(0.,1.,2.18336073993E-17));
#2238=VECTOR('',#2237,13.934314575051);
#2239=LINE('',#2236,#2238);
#2240=EDGE_CURVE('',#2180,#2227,#2239,.T.);
#2241=ORIENTED_EDGE('',*,*,#2240,.T.);
#2242=EDGE_LOOP('',(#2233,#2234,#2235,#2241));
#2243=FACE_OUTER_BOUND('',#2242,.T.);
#2244=ADVANCED_FACE('',(#2243),#2225,.T.);
#2245=CARTESIAN_POINT('',(39.446842495306,6.55,-6.2207081390944));
#2246=DIRECTION('',(0.25270674055652,-3.0198066269814E-15,0.9675429206383));
#2247=DIRECTION('',(0.,-1.,-2.8576175242526E-15));
#2248=AXIS2_PLACEMENT_3D('',#2245,#2247,#2246);
#2249=CYLINDRICAL_SURFACE('',#2248,4.9999999999985);
#2250=CARTESIAN_POINT('',(40.710376196502,6.55,-1.38299353549));
#2251=VERTEX_POINT('',#2250);
#2252=CARTESIAN_POINT('',(40.710376196502,6.55,-1.38299353549));
#2253=DIRECTION('',(0.,-1.,0.));
#2254=VECTOR('',#2253,11.5);
#2255=LINE('',#2252,#2254);
#2256=EDGE_CURVE('',#2251,#1957,#2255,.T.);
#2257=ORIENTED_EDGE('',*,*,#2256,.T.);
#2258=ORIENTED_EDGE('',*,*,#1963,.F.);
#2259=CARTESIAN_POINT('',(39.506075545143,6.55,-1.221059006826));
#2260=VERTEX_POINT('',#2259);
#2261=CARTESIAN_POINT('',(39.506075545143,-4.95,-1.221059006826));
#2262=DIRECTION('',(0.,1.,0.));
#2263=VECTOR('',#2262,11.5);
#2264=LINE('',#2261,#2263);
#2265=EDGE_CURVE('',#1955,#2260,#2264,.T.);
#2266=ORIENTED_EDGE('',*,*,#2265,.T.);
#2267=CARTESIAN_POINT('',(39.446842495306,6.55,-6.2207081390958));
#2268=DIRECTION('',(0.011846609967403,1.0658141036402E-15,0.99992982645398));
#2269=DIRECTION('',(-1.4974451924389E-16,1.,-1.1136440359614E-15));
#2270=AXIS2_PLACEMENT_3D('',#2267,#2269,#2268);
#2271=CIRCLE('',#2270,4.9999999999999);
#2272=EDGE_CURVE('',#2260,#2251,#2271,.T.);
#2273=ORIENTED_EDGE('',*,*,#2272,.T.);
#2274=EDGE_LOOP('',(#2257,#2258,#2266,#2273));
#2275=FACE_OUTER_BOUND('',#2274,.T.);
#2276=ADVANCED_FACE('',(#2275),#2249,.F.);
#2277=CARTESIAN_POINT('',(37.72843666168,6.55,-12.8));
#2278=DIRECTION('',(0.25270676572037,-1.1290403640256E-15,-0.96754291406591));
#2279=DIRECTION('',(-6.1786324848704E-16,-1.,0.));
#2280=AXIS2_PLACEMENT_3D('',#2277,#2279,#2278);
#2281=CYLINDRICAL_SURFACE('',#2280,11.8);
#2282=CARTESIAN_POINT('',(40.710376196502,6.55,-24.21700646451));
#2283=VERTEX_POINT('',#2282);
#2284=CARTESIAN_POINT('',(37.72843666168,6.55,-12.8));
#2285=DIRECTION('',(0.25270674023915,-3.7634678800853E-16,0.96754292072119));
#2286=DIRECTION('',(2.8173660396057E-16,1.,3.7319127930977E-16));
#2287=AXIS2_PLACEMENT_3D('',#2284,#2286,#2285);
#2288=CIRCLE('',#2287,11.8);
#2289=EDGE_CURVE('',#2251,#2283,#2288,.T.);
#2290=ORIENTED_EDGE('',*,*,#2289,.T.);
#2291=CARTESIAN_POINT('',(40.710376196502,6.55,-24.21700646451));
#2292=DIRECTION('',(0.,-1.,0.));
#2293=VECTOR('',#2292,11.5);
#2294=LINE('',#2291,#2293);
#2295=EDGE_CURVE('',#2283,#1966,#2294,.T.);
#2296=ORIENTED_EDGE('',*,*,#2295,.T.);
#2297=ORIENTED_EDGE('',*,*,#1972,.F.);
#2298=ORIENTED_EDGE('',*,*,#2256,.F.);
#2299=EDGE_LOOP('',(#2290,#2296,#2297,#2298));
#2300=FACE_OUTER_BOUND('',#2299,.T.);
#2301=ADVANCED_FACE('',(#2300),#2281,.F.);
#2302=CARTESIAN_POINT('',(39.446842495306,6.55,-19.379291860903));
#2303=DIRECTION('',(0.011846609639487,-3.01980662698E-15,-0.99992982645786));
#2304=DIRECTION('',(0.,-1.,2.7803846181917E-15));
#2305=AXIS2_PLACEMENT_3D('',#2302,#2304,#2303);
#2306=CYLINDRICAL_SURFACE('',#2305,5.0000000000007);
#2307=CARTESIAN_POINT('',(39.506075545143,6.55,-24.378940993174));
#2308=VERTEX_POINT('',#2307);
#2309=CARTESIAN_POINT('',(39.506075545143,6.55,-24.378940993174));
#2310=DIRECTION('',(0.,-1.,0.));
#2311=VECTOR('',#2310,11.5);
#2312=LINE('',#2309,#2311);
#2313=EDGE_CURVE('',#2308,#1975,#2312,.T.);
#2314=ORIENTED_EDGE('',*,*,#2313,.T.);
#2315=ORIENTED_EDGE('',*,*,#1981,.F.);
#2316=ORIENTED_EDGE('',*,*,#2295,.F.);
#2317=CARTESIAN_POINT('',(39.446842495306,6.55,-19.379291860904));
#2318=DIRECTION('',(0.2527067402392,-4.2632564145606E-15,-0.96754292072118));
#2319=DIRECTION('',(5.7402065710154E-16,1.,-4.2689688045187E-15));
#2320=AXIS2_PLACEMENT_3D('',#2317,#2319,#2318);
#2321=CIRCLE('',#2320,5.);
#2322=EDGE_CURVE('',#2283,#2308,#2321,.T.);
#2323=ORIENTED_EDGE('',*,*,#2322,.T.);
#2324=EDGE_LOOP('',(#2314,#2315,#2316,#2323));
#2325=FACE_OUTER_BOUND('',#2324,.T.);
#2326=ADVANCED_FACE('',(#2325),#2306,.F.);
#2327=CARTESIAN_POINT('',(-6.2623496719753E-15,-0.94999999999999,-24.378940993174));
#2328=DIRECTION('',(1.,-1.1241035808343E-16,0.));
#2329=DIRECTION('',(-0.,0.,1.));
#2330=AXIS2_PLACEMENT_3D('',#2327,#2329,#2328);
#2331=PLANE('',#2330);
#2332=ORIENTED_EDGE('',*,*,#2313,.F.);
#2333=CARTESIAN_POINT('',(-39.506075545143,6.55,-24.378940993174));
#2334=VERTEX_POINT('',#2333);
#2335=CARTESIAN_POINT('',(39.506075545143,6.55,-24.378940993174));
#2336=DIRECTION('',(-1.,0.,0.));
#2337=VECTOR('',#2336,79.012151090286);
#2338=LINE('',#2335,#2337);
#2339=EDGE_CURVE('',#2308,#2334,#2338,.T.);
#2340=ORIENTED_EDGE('',*,*,#2339,.T.);
#2341=CARTESIAN_POINT('',(-39.506075545143,6.55,-24.378940993174));
#2342=DIRECTION('',(0.,-1.,0.));
#2343=VECTOR('',#2342,11.5);
#2344=LINE('',#2341,#2343);
#2345=EDGE_CURVE('',#2334,#1984,#2344,.T.);
#2346=ORIENTED_EDGE('',*,*,#2345,.T.);
#2347=ORIENTED_EDGE('',*,*,#1989,.F.);
#2348=EDGE_LOOP('',(#2332,#2340,#2346,#2347));
#2349=FACE_OUTER_BOUND('',#2348,.T.);
#2350=CARTESIAN_POINT('',(33.9,3.75,-24.378940993174));
#2351=VERTEX_POINT('',#2350);
#2352=CARTESIAN_POINT('',(36.5,3.75,-24.378940993174));
#2353=DIRECTION('',(-1.,9.662107438054E-16,-0.));
#2354=DIRECTION('',(0.,0.,-1.));
#2355=AXIS2_PLACEMENT_3D('',#2352,#2354,#2353);
#2356=CIRCLE('',#2355,2.6);
#2357=EDGE_CURVE('',#2351,#2351,#2356,.T.);
#2358=ORIENTED_EDGE('',*,*,#2357,.T.);
#2359=EDGE_LOOP('',(#2358));
#2360=FACE_BOUND('',#2359,.T.);
#2361=CARTESIAN_POINT('',(-39.1,3.75,-24.378940993174));
#2362=VERTEX_POINT('',#2361);
#2363=CARTESIAN_POINT('',(-36.5,3.75,-24.378940993174));
#2364=DIRECTION('',(-1.,0.,-0.));
#2365=DIRECTION('',(0.,0.,-1.));
#2366=AXIS2_PLACEMENT_3D('',#2363,#2365,#2364);
#2367=CIRCLE('',#2366,2.6);
#2368=EDGE_CURVE('',#2362,#2362,#2367,.T.);
#2369=ORIENTED_EDGE('',*,*,#2368,.T.);
#2370=EDGE_LOOP('',(#2369));
#2371=FACE_BOUND('',#2370,.T.);
#2372=CARTESIAN_POINT('',(23.,5.05,-24.379291860904));
#2373=VERTEX_POINT('',#2372);
#2374=CARTESIAN_POINT('',(23.,-0.95,-24.379291860904));
#2375=VERTEX_POINT('',#2374);
#2376=CARTESIAN_POINT('',(23.,5.05,-24.379291860904));
#2377=DIRECTION('',(0.,-1.,0.));
#2378=VECTOR('',#2377,6.);
#2379=LINE('',#2376,#2378);
#2380=EDGE_CURVE('',#2373,#2375,#2379,.T.);
#2381=ORIENTED_EDGE('',*,*,#2380,.T.);
#2382=CARTESIAN_POINT('',(21.,-0.95,-24.379291860904));
#2383=VERTEX_POINT('',#2382);
#2384=CARTESIAN_POINT('',(22.,-0.95,-24.379291860904));
#2385=DIRECTION('',(1.,-7.7715611723761E-16,3.5527136788005E-15));
#2386=DIRECTION('',(2.1442523866471E-15,-2.1442523866471E-15,-1.));
#2387=AXIS2_PLACEMENT_3D('',#2384,#2386,#2385);
#2388=CIRCLE('',#2387,1.);
#2389=EDGE_CURVE('',#2375,#2383,#2388,.T.);
#2390=ORIENTED_EDGE('',*,*,#2389,.T.);
#2391=CARTESIAN_POINT('',(21.,5.05,-24.379291860904));
#2392=VERTEX_POINT('',#2391);
#2393=CARTESIAN_POINT('',(21.,-0.95,-24.379291860904));
#2394=DIRECTION('',(0.,1.,0.));
#2395=VECTOR('',#2394,6.);
#2396=LINE('',#2393,#2395);
#2397=EDGE_CURVE('',#2383,#2392,#2396,.T.);
#2398=ORIENTED_EDGE('',*,*,#2397,.T.);
#2399=CARTESIAN_POINT('',(22.,5.05,-24.379291860904));
#2400=DIRECTION('',(-1.,-8.8817841970013E-16,-3.5527136788005E-15));
#2401=DIRECTION('',(4.6248398721241E-15,2.4805874854769E-15,-1.));
#2402=AXIS2_PLACEMENT_3D('',#2399,#2401,#2400);
#2403=CIRCLE('',#2402,1.);
#2404=EDGE_CURVE('',#2392,#2373,#2403,.T.);
#2405=ORIENTED_EDGE('',*,*,#2404,.T.);
#2406=EDGE_LOOP('',(#2381,#2390,#2398,#2405));
#2407=FACE_BOUND('',#2406,.T.);
#2408=CARTESIAN_POINT('',(-13.5,5.05,-24.379291860904));
#2409=VERTEX_POINT('',#2408);
#2410=CARTESIAN_POINT('',(-13.5,-0.94999999999999,-24.379291860904));
#2411=VERTEX_POINT('',#2410);
#2412=CARTESIAN_POINT('',(-13.5,5.05,-24.379291860904));
#2413=DIRECTION('',(0.,-1.,0.));
#2414=VECTOR('',#2413,6.);
#2415=LINE('',#2412,#2414);
#2416=EDGE_CURVE('',#2409,#2411,#2415,.T.);
#2417=ORIENTED_EDGE('',*,*,#2416,.T.);
#2418=CARTESIAN_POINT('',(-15.5,-0.94999999999999,-24.379291860904));
#2419=VERTEX_POINT('',#2418);
#2420=CARTESIAN_POINT('',(-14.5,-0.94999999999999,-24.379291860904));
#2421=DIRECTION('',(1.,2.2204460492503E-16,0.));
#2422=DIRECTION('',(-1.4084612921534E-15,-5.6969660654476E-15,-1.));
#2423=AXIS2_PLACEMENT_3D('',#2420,#2422,#2421);
#2424=CIRCLE('',#2423,1.);
#2425=EDGE_CURVE('',#2411,#2419,#2424,.T.);
#2426=ORIENTED_EDGE('',*,*,#2425,.T.);
#2427=CARTESIAN_POINT('',(-15.5,5.05,-24.379291860904));
#2428=VERTEX_POINT('',#2427);
#2429=CARTESIAN_POINT('',(-15.5,-0.94999999999999,-24.379291860904));
#2430=DIRECTION('',(0.,1.,0.));
#2431=VECTOR('',#2430,6.);
#2432=LINE('',#2429,#2431);
#2433=EDGE_CURVE('',#2419,#2428,#2432,.T.);
#2434=ORIENTED_EDGE('',*,*,#2433,.T.);
#2435=CARTESIAN_POINT('',(-14.5,5.05,-24.379291860904));
#2436=DIRECTION('',(-1.,-8.8817841970013E-16,-1.4210854715202E-14));
#2437=DIRECTION('',(1.2802393423049E-14,8.5138886497544E-15,-1.));
#2438=AXIS2_PLACEMENT_3D('',#2435,#2437,#2436);
#2439=CIRCLE('',#2438,1.);
#2440=EDGE_CURVE('',#2428,#2409,#2439,.T.);
#2441=ORIENTED_EDGE('',*,*,#2440,.T.);
#2442=EDGE_LOOP('',(#2417,#2426,#2434,#2441));
#2443=FACE_BOUND('',#2442,.T.);
#2444=CARTESIAN_POINT('',(-25.5,-0.94999999999999,-24.379291860904));
#2445=VERTEX_POINT('',#2444);
#2446=CARTESIAN_POINT('',(-27.5,-0.94999999999999,-24.379291860904));
#2447=VERTEX_POINT('',#2446);
#2448=CARTESIAN_POINT('',(-26.5,-0.94999999999999,-24.379291860904));
#2449=DIRECTION('',(1.,-2.6645352591004E-15,0.));
#2450=DIRECTION('',(-1.4084612921534E-15,-5.6969660654476E-15,-1.));
#2451=AXIS2_PLACEMENT_3D('',#2448,#2450,#2449);
#2452=CIRCLE('',#2451,1.);
#2453=EDGE_CURVE('',#2445,#2447,#2452,.T.);
#2454=ORIENTED_EDGE('',*,*,#2453,.T.);
#2455=CARTESIAN_POINT('',(-27.5,5.05,-24.379291860904));
#2456=VERTEX_POINT('',#2455);
#2457=CARTESIAN_POINT('',(-27.5,-0.94999999999999,-24.379291860904));
#2458=DIRECTION('',(0.,1.,0.));
#2459=VECTOR('',#2458,6.);
#2460=LINE('',#2457,#2459);
#2461=EDGE_CURVE('',#2447,#2456,#2460,.T.);
#2462=ORIENTED_EDGE('',*,*,#2461,.T.);
#2463=CARTESIAN_POINT('',(-25.5,5.05,-24.379291860904));
#2464=VERTEX_POINT('',#2463);
#2465=CARTESIAN_POINT('',(-26.5,5.05,-24.379291860904));
#2466=DIRECTION('',(-1.,-1.7763568394003E-15,3.5527136788005E-15));
#2467=DIRECTION('',(-2.1442523866471E-15,2.1442523866471E-15,-1.));
#2468=AXIS2_PLACEMENT_3D('',#2465,#2467,#2466);
#2469=CIRCLE('',#2468,1.);
#2470=EDGE_CURVE('',#2456,#2464,#2469,.T.);
#2471=ORIENTED_EDGE('',*,*,#2470,.T.);
#2472=CARTESIAN_POINT('',(-25.5,5.05,-24.379291860904));
#2473=DIRECTION('',(0.,-1.,0.));
#2474=VECTOR('',#2473,6.);
#2475=LINE('',#2472,#2474);
#2476=EDGE_CURVE('',#2464,#2445,#2475,.T.);
#2477=ORIENTED_EDGE('',*,*,#2476,.T.);
#2478=EDGE_LOOP('',(#2454,#2462,#2471,#2477));
#2479=FACE_BOUND('',#2478,.T.);
#2480=CARTESIAN_POINT('',(-19.5,-0.94999999999999,-24.379291860904));
#2481=VERTEX_POINT('',#2480);
#2482=CARTESIAN_POINT('',(-19.5,5.05,-24.379291860904));
#2483=VERTEX_POINT('',#2482);
#2484=CARTESIAN_POINT('',(-19.5,-0.94999999999999,-24.379291860904));
#2485=DIRECTION('',(0.,1.,0.));
#2486=VECTOR('',#2485,6.);
#2487=LINE('',#2484,#2486);
#2488=EDGE_CURVE('',#2481,#2483,#2487,.T.);
#2489=ORIENTED_EDGE('',*,*,#2488,.T.);
#2490=CARTESIAN_POINT('',(-17.5,5.05,-24.379291860904));
#2491=VERTEX_POINT('',#2490);
#2492=CARTESIAN_POINT('',(-18.5,5.05,-24.379291860904));
#2493=DIRECTION('',(-1.,-8.8817841970013E-16,-3.5527136788005E-15));
#2494=DIRECTION('',(4.6248398721241E-15,2.4805874854769E-15,-1.));
#2495=AXIS2_PLACEMENT_3D('',#2492,#2494,#2493);
#2496=CIRCLE('',#2495,1.);
#2497=EDGE_CURVE('',#2483,#2491,#2496,.T.);
#2498=ORIENTED_EDGE('',*,*,#2497,.T.);
#2499=CARTESIAN_POINT('',(-17.5,-0.94999999999999,-24.379291860904));
#2500=VERTEX_POINT('',#2499);
#2501=CARTESIAN_POINT('',(-17.5,5.05,-24.379291860904));
#2502=DIRECTION('',(0.,-1.,0.));
#2503=VECTOR('',#2502,6.);
#2504=LINE('',#2501,#2503);
#2505=EDGE_CURVE('',#2491,#2500,#2504,.T.);
#2506=ORIENTED_EDGE('',*,*,#2505,.T.);
#2507=CARTESIAN_POINT('',(-18.5,-0.95,-24.379291860904));
#2508=DIRECTION('',(1.,-1.0103029524089E-14,-3.5527136788005E-15));
#2509=DIRECTION('',(-4.6248398721241E-15,-2.4805874854769E-15,-1.));
#2510=AXIS2_PLACEMENT_3D('',#2507,#2509,#2508);
#2511=CIRCLE('',#2510,1.);
#2512=EDGE_CURVE('',#2500,#2481,#2511,.T.);
#2513=ORIENTED_EDGE('',*,*,#2512,.T.);
#2514=EDGE_LOOP('',(#2489,#2498,#2506,#2513));
#2515=FACE_BOUND('',#2514,.T.);
#2516=CARTESIAN_POINT('',(-3.5,-0.95,-24.379291860904));
#2517=VERTEX_POINT('',#2516);
#2518=CARTESIAN_POINT('',(-3.5,5.05,-24.379291860904));
#2519=VERTEX_POINT('',#2518);
#2520=CARTESIAN_POINT('',(-3.5,-0.95,-24.379291860904));
#2521=DIRECTION('',(0.,1.,0.));
#2522=VECTOR('',#2521,6.);
#2523=LINE('',#2520,#2522);
#2524=EDGE_CURVE('',#2517,#2519,#2523,.T.);
#2525=ORIENTED_EDGE('',*,*,#2524,.T.);
#2526=CARTESIAN_POINT('',(-1.5,5.05,-24.379291860904));
#2527=VERTEX_POINT('',#2526);
#2528=CARTESIAN_POINT('',(-2.5,5.05,-24.379291860904));
#2529=DIRECTION('',(-1.,-8.8817841970013E-16,-3.5527136788005E-15));
#2530=DIRECTION('',(4.6248398721241E-15,2.4805874854769E-15,-1.));
#2531=AXIS2_PLACEMENT_3D('',#2528,#2530,#2529);
#2532=CIRCLE('',#2531,1.);
#2533=EDGE_CURVE('',#2519,#2527,#2532,.T.);
#2534=ORIENTED_EDGE('',*,*,#2533,.T.);
#2535=CARTESIAN_POINT('',(-1.5,-0.95,-24.379291860904));
#2536=VERTEX_POINT('',#2535);
#2537=CARTESIAN_POINT('',(-1.5,5.05,-24.379291860904));
#2538=DIRECTION('',(0.,-1.,0.));
#2539=VECTOR('',#2538,6.);
#2540=LINE('',#2537,#2539);
#2541=EDGE_CURVE('',#2527,#2536,#2540,.T.);
#2542=ORIENTED_EDGE('',*,*,#2541,.T.);
#2543=CARTESIAN_POINT('',(-2.5,-0.94999999999999,-24.379291860904));
#2544=DIRECTION('',(1.,9.9920072216264E-15,7.105427357601E-15));
#2545=DIRECTION('',(5.6969660654476E-15,1.4084612921534E-15,-1.));
#2546=AXIS2_PLACEMENT_3D('',#2543,#2545,#2544);
#2547=CIRCLE('',#2546,1.);
#2548=EDGE_CURVE('',#2536,#2517,#2547,.T.);
#2549=ORIENTED_EDGE('',*,*,#2548,.T.);
#2550=EDGE_LOOP('',(#2525,#2534,#2542,#2549));
#2551=FACE_BOUND('',#2550,.T.);
#2552=CARTESIAN_POINT('',(-7.5,-0.94999999999999,-24.379291860904));
#2553=VERTEX_POINT('',#2552);
#2554=CARTESIAN_POINT('',(-7.5,5.05,-24.379291860904));
#2555=VERTEX_POINT('',#2554);
#2556=CARTESIAN_POINT('',(-7.5,-0.94999999999999,-24.379291860904));
#2557=DIRECTION('',(0.,1.,0.));
#2558=VECTOR('',#2557,6.);
#2559=LINE('',#2556,#2558);
#2560=EDGE_CURVE('',#2553,#2555,#2559,.T.);
#2561=ORIENTED_EDGE('',*,*,#2560,.T.);
#2562=CARTESIAN_POINT('',(-5.5,5.05,-24.379291860904));
#2563=VERTEX_POINT('',#2562);
#2564=CARTESIAN_POINT('',(-6.5,5.05,-24.379291860904));
#2565=DIRECTION('',(-1.,-8.8817841970013E-16,3.5527136788005E-15));
#2566=DIRECTION('',(-2.4805874854769E-15,-4.6248398721241E-15,-1.));
#2567=AXIS2_PLACEMENT_3D('',#2564,#2566,#2565);
#2568=CIRCLE('',#2567,1.);
#2569=EDGE_CURVE('',#2555,#2563,#2568,.T.);
#2570=ORIENTED_EDGE('',*,*,#2569,.T.);
#2571=CARTESIAN_POINT('',(-5.5,-0.95,-24.379291860904));
#2572=VERTEX_POINT('',#2571);
#2573=CARTESIAN_POINT('',(-5.5,5.05,-24.379291860904));
#2574=DIRECTION('',(0.,-1.,0.));
#2575=VECTOR('',#2574,6.);
#2576=LINE('',#2573,#2575);
#2577=EDGE_CURVE('',#2563,#2572,#2576,.T.);
#2578=ORIENTED_EDGE('',*,*,#2577,.T.);
#2579=CARTESIAN_POINT('',(-6.5,-0.95,-24.379291860904));
#2580=DIRECTION('',(1.,-9.7699626167014E-15,3.5527136788005E-15));
#2581=DIRECTION('',(2.480587485477E-15,4.624839872124E-15,-1.));
#2582=AXIS2_PLACEMENT_3D('',#2579,#2581,#2580);
#2583=CIRCLE('',#2582,1.);
#2584=EDGE_CURVE('',#2572,#2553,#2583,.T.);
#2585=ORIENTED_EDGE('',*,*,#2584,.T.);
#2586=EDGE_LOOP('',(#2561,#2570,#2578,#2585));
#2587=FACE_BOUND('',#2586,.T.);
#2588=CARTESIAN_POINT('',(0.49999999999999,-0.95,-24.379291860904));
#2589=VERTEX_POINT('',#2588);
#2590=CARTESIAN_POINT('',(0.49999999999999,5.05,-24.379291860904));
#2591=VERTEX_POINT('',#2590);
#2592=CARTESIAN_POINT('',(0.49999999999999,-0.95,-24.379291860904));
#2593=DIRECTION('',(0.,1.,0.));
#2594=VECTOR('',#2593,6.);
#2595=LINE('',#2592,#2594);
#2596=EDGE_CURVE('',#2589,#2591,#2595,.T.);
#2597=ORIENTED_EDGE('',*,*,#2596,.T.);
#2598=CARTESIAN_POINT('',(2.5,5.05,-24.379291860904));
#2599=VERTEX_POINT('',#2598);
#2600=CARTESIAN_POINT('',(1.5,5.05,-24.379291860904));
#2601=DIRECTION('',(-1.,0.,0.));
#2602=DIRECTION('',(1.0721261933236E-15,-1.0721261933236E-15,-1.));
#2603=AXIS2_PLACEMENT_3D('',#2600,#2602,#2601);
#2604=CIRCLE('',#2603,1.);
#2605=EDGE_CURVE('',#2591,#2599,#2604,.T.);
#2606=ORIENTED_EDGE('',*,*,#2605,.T.);
#2607=CARTESIAN_POINT('',(2.5,-0.95,-24.379291860904));
#2608=VERTEX_POINT('',#2607);
#2609=CARTESIAN_POINT('',(2.5,5.05,-24.379291860904));
#2610=DIRECTION('',(0.,-1.,0.));
#2611=VECTOR('',#2610,6.);
#2612=LINE('',#2609,#2611);
#2613=EDGE_CURVE('',#2599,#2608,#2612,.T.);
#2614=ORIENTED_EDGE('',*,*,#2613,.T.);
#2615=CARTESIAN_POINT('',(1.5,-0.95,-24.379291860904));
#2616=DIRECTION('',(1.,5.5511151231257E-16,3.5527136788005E-15));
#2617=DIRECTION('',(2.1442523866471E-15,-2.1442523866471E-15,-1.));
#2618=AXIS2_PLACEMENT_3D('',#2615,#2617,#2616);
#2619=CIRCLE('',#2618,1.);
#2620=EDGE_CURVE('',#2608,#2589,#2619,.T.);
#2621=ORIENTED_EDGE('',*,*,#2620,.T.);
#2622=EDGE_LOOP('',(#2597,#2606,#2614,#2621));
#2623=FACE_BOUND('',#2622,.T.);
#2624=CARTESIAN_POINT('',(19.,5.05,-24.379291860904));
#2625=VERTEX_POINT('',#2624);
#2626=CARTESIAN_POINT('',(19.,-0.95,-24.379291860904));
#2627=VERTEX_POINT('',#2626);
#2628=CARTESIAN_POINT('',(19.,5.05,-24.379291860904));
#2629=DIRECTION('',(0.,-1.,0.));
#2630=VECTOR('',#2629,6.);
#2631=LINE('',#2628,#2630);
#2632=EDGE_CURVE('',#2625,#2627,#2631,.T.);
#2633=ORIENTED_EDGE('',*,*,#2632,.T.);
#2634=CARTESIAN_POINT('',(17.,-0.95,-24.379291860904));
#2635=VERTEX_POINT('',#2634);
#2636=CARTESIAN_POINT('',(18.,-0.95,-24.379291860904));
#2637=DIRECTION('',(1.,1.5543122344752E-15,3.5527136788005E-15));
#2638=DIRECTION('',(2.1442523866471E-15,-2.1442523866471E-15,-1.));
#2639=AXIS2_PLACEMENT_3D('',#2636,#2638,#2637);
#2640=CIRCLE('',#2639,1.);
#2641=EDGE_CURVE('',#2627,#2635,#2640,.T.);
#2642=ORIENTED_EDGE('',*,*,#2641,.T.);
#2643=CARTESIAN_POINT('',(17.,5.05,-24.379291860904));
#2644=VERTEX_POINT('',#2643);
#2645=CARTESIAN_POINT('',(17.,-0.95,-24.379291860904));
#2646=DIRECTION('',(0.,1.,0.));
#2647=VECTOR('',#2646,6.);
#2648=LINE('',#2645,#2647);
#2649=EDGE_CURVE('',#2635,#2644,#2648,.T.);
#2650=ORIENTED_EDGE('',*,*,#2649,.T.);
#2651=CARTESIAN_POINT('',(18.,5.05,-24.379291860904));
#2652=DIRECTION('',(-1.,-8.8817841970013E-16,3.5527136788005E-15));
#2653=DIRECTION('',(-2.4805874854769E-15,-4.6248398721241E-15,-1.));
#2654=AXIS2_PLACEMENT_3D('',#2651,#2653,#2652);
#2655=CIRCLE('',#2654,1.);
#2656=EDGE_CURVE('',#2644,#2625,#2655,.T.);
#2657=ORIENTED_EDGE('',*,*,#2656,.T.);
#2658=EDGE_LOOP('',(#2633,#2642,#2650,#2657));
#2659=FACE_BOUND('',#2658,.T.);
#2660=CARTESIAN_POINT('',(-23.5,-0.94999999999999,-24.379291860904));
#2661=VERTEX_POINT('',#2660);
#2662=CARTESIAN_POINT('',(-23.5,5.05,-24.379291860904));
#2663=VERTEX_POINT('',#2662);
#2664=CARTESIAN_POINT('',(-23.5,-0.94999999999999,-24.379291860904));
#2665=DIRECTION('',(0.,1.,0.));
#2666=VECTOR('',#2665,6.);
#2667=LINE('',#2664,#2666);
#2668=EDGE_CURVE('',#2661,#2663,#2667,.T.);
#2669=ORIENTED_EDGE('',*,*,#2668,.T.);
#2670=CARTESIAN_POINT('',(-21.5,5.05,-24.379291860904));
#2671=VERTEX_POINT('',#2670);
#2672=CARTESIAN_POINT('',(-22.5,5.05,-24.379291860904));
#2673=DIRECTION('',(-1.,-8.8817841970013E-16,0.));
#2674=DIRECTION('',(1.0721261933236E-15,-1.0721261933236E-15,-1.));
#2675=AXIS2_PLACEMENT_3D('',#2672,#2674,#2673);
#2676=CIRCLE('',#2675,1.);
#2677=EDGE_CURVE('',#2663,#2671,#2676,.T.);
#2678=ORIENTED_EDGE('',*,*,#2677,.T.);
#2679=CARTESIAN_POINT('',(-21.5,-0.94999999999999,-24.379291860904));
#2680=VERTEX_POINT('',#2679);
#2681=CARTESIAN_POINT('',(-21.5,5.05,-24.379291860904));
#2682=DIRECTION('',(0.,-1.,0.));
#2683=VECTOR('',#2682,6.);
#2684=LINE('',#2681,#2683);
#2685=EDGE_CURVE('',#2671,#2680,#2684,.T.);
#2686=ORIENTED_EDGE('',*,*,#2685,.T.);
#2687=CARTESIAN_POINT('',(-22.5,-0.94999999999999,-24.379291860904));
#2688=DIRECTION('',(1.,6.661338147751E-16,-3.5527136788005E-15));
#2689=DIRECTION('',(-3.1848181315536E-15,-7.4733229048479E-15,-1.));
#2690=AXIS2_PLACEMENT_3D('',#2687,#2689,#2688);
#2691=CIRCLE('',#2690,1.);
#2692=EDGE_CURVE('',#2680,#2661,#2691,.T.);
#2693=ORIENTED_EDGE('',*,*,#2692,.T.);
#2694=EDGE_LOOP('',(#2669,#2678,#2686,#2693));
#2695=FACE_BOUND('',#2694,.T.);
#2696=CARTESIAN_POINT('',(-11.5,-0.94999999999999,-24.379291860904));
#2697=VERTEX_POINT('',#2696);
#2698=CARTESIAN_POINT('',(-11.5,5.05,-24.379291860904));
#2699=VERTEX_POINT('',#2698);
#2700=CARTESIAN_POINT('',(-11.5,-0.94999999999999,-24.379291860904));
#2701=DIRECTION('',(0.,1.,0.));
#2702=VECTOR('',#2701,6.);
#2703=LINE('',#2700,#2702);
#2704=EDGE_CURVE('',#2697,#2699,#2703,.T.);
#2705=ORIENTED_EDGE('',*,*,#2704,.T.);
#2706=CARTESIAN_POINT('',(-9.5,5.05,-24.379291860904));
#2707=VERTEX_POINT('',#2706);
#2708=CARTESIAN_POINT('',(-10.5,5.05,-24.379291860904));
#2709=DIRECTION('',(-1.,-1.7763568394003E-15,0.));
#2710=DIRECTION('',(1.0721261933236E-15,-1.0721261933236E-15,-1.));
#2711=AXIS2_PLACEMENT_3D('',#2708,#2710,#2709);
#2712=CIRCLE('',#2711,1.);
#2713=EDGE_CURVE('',#2699,#2707,#2712,.T.);
#2714=ORIENTED_EDGE('',*,*,#2713,.T.);
#2715=CARTESIAN_POINT('',(-9.5,-0.94999999999999,-24.379291860904));
#2716=VERTEX_POINT('',#2715);
#2717=CARTESIAN_POINT('',(-9.5,5.05,-24.379291860904));
#2718=DIRECTION('',(0.,-1.,0.));
#2719=VECTOR('',#2718,6.);
#2720=LINE('',#2717,#2719);
#2721=EDGE_CURVE('',#2707,#2716,#2720,.T.);
#2722=ORIENTED_EDGE('',*,*,#2721,.T.);
#2723=CARTESIAN_POINT('',(-10.5,-0.94999999999999,-24.379291860904));
#2724=DIRECTION('',(1.,-8.8817841970012E-16,7.105427357601E-15));
#2725=DIRECTION('',(6.0333011642774E-15,8.1775535509246E-15,-1.));
#2726=AXIS2_PLACEMENT_3D('',#2723,#2725,#2724);
#2727=CIRCLE('',#2726,1.);
#2728=EDGE_CURVE('',#2716,#2697,#2727,.T.);
#2729=ORIENTED_EDGE('',*,*,#2728,.T.);
#2730=EDGE_LOOP('',(#2705,#2714,#2722,#2729));
#2731=FACE_BOUND('',#2730,.T.);
#2732=CARTESIAN_POINT('',(25.,-0.95,-24.379291860904));
#2733=VERTEX_POINT('',#2732);
#2734=CARTESIAN_POINT('',(25.,5.05,-24.379291860904));
#2735=VERTEX_POINT('',#2734);
#2736=CARTESIAN_POINT('',(25.,-0.95,-24.379291860904));
#2737=DIRECTION('',(0.,1.,0.));
#2738=VECTOR('',#2737,6.);
#2739=LINE('',#2736,#2738);
#2740=EDGE_CURVE('',#2733,#2735,#2739,.T.);
#2741=ORIENTED_EDGE('',*,*,#2740,.T.);
#2742=CARTESIAN_POINT('',(27.,5.05,-24.379291860904));
#2743=VERTEX_POINT('',#2742);
#2744=CARTESIAN_POINT('',(26.,5.05,-24.379291860904));
#2745=DIRECTION('',(-1.,1.7763568394002E-15,-3.5527136788005E-15));
#2746=DIRECTION('',(4.6248398721241E-15,2.4805874854769E-15,-1.));
#2747=AXIS2_PLACEMENT_3D('',#2744,#2746,#2745);
#2748=CIRCLE('',#2747,1.);
#2749=EDGE_CURVE('',#2735,#2743,#2748,.T.);
#2750=ORIENTED_EDGE('',*,*,#2749,.T.);
#2751=CARTESIAN_POINT('',(27.,-0.95,-24.379291860904));
#2752=VERTEX_POINT('',#2751);
#2753=CARTESIAN_POINT('',(27.,5.05,-24.379291860904));
#2754=DIRECTION('',(0.,-1.,0.));
#2755=VECTOR('',#2754,6.);
#2756=LINE('',#2753,#2755);
#2757=EDGE_CURVE('',#2743,#2752,#2756,.T.);
#2758=ORIENTED_EDGE('',*,*,#2757,.T.);
#2759=CARTESIAN_POINT('',(26.,-0.95,-24.379291860904));
#2760=DIRECTION('',(1.,-3.5527136788005E-15,3.5527136788005E-15));
#2761=DIRECTION('',(4.6248398721241E-15,2.4805874854769E-15,-1.));
#2762=AXIS2_PLACEMENT_3D('',#2759,#2761,#2760);
#2763=CIRCLE('',#2762,1.);
#2764=EDGE_CURVE('',#2752,#2733,#2763,.T.);
#2765=ORIENTED_EDGE('',*,*,#2764,.T.);
#2766=EDGE_LOOP('',(#2741,#2750,#2758,#2765));
#2767=FACE_BOUND('',#2766,.T.);
#2768=ADVANCED_FACE('',(#2349,#2360,#2371,#2407,#2443,#2479,#2515,#2551,#2587,#2623,#2659,#2695,#2731,#2767),#2331,.T.);
#2769=CARTESIAN_POINT('',(-39.446842495306,6.55,-19.379291860906));
#2770=DIRECTION('',(-0.25270674055654,-1.5987211554608E-15,-0.9675429206383));
#2771=DIRECTION('',(0.,-1.,2.1625213697046E-15));
#2772=AXIS2_PLACEMENT_3D('',#2769,#2771,#2770);
#2773=CYLINDRICAL_SURFACE('',#2772,4.9999999999982);
#2774=CARTESIAN_POINT('',(-40.710376196502,6.55,-24.21700646451));
#2775=VERTEX_POINT('',#2774);
#2776=CARTESIAN_POINT('',(-40.710376196502,6.55,-24.21700646451));
#2777=DIRECTION('',(0.,-1.,0.));
#2778=VECTOR('',#2777,11.5);
#2779=LINE('',#2776,#2778);
#2780=EDGE_CURVE('',#2775,#1992,#2779,.T.);
#2781=ORIENTED_EDGE('',*,*,#2780,.T.);
#2782=ORIENTED_EDGE('',*,*,#1998,.F.);
#2783=ORIENTED_EDGE('',*,*,#2345,.F.);
#2784=CARTESIAN_POINT('',(-39.446842495306,6.55,-19.379291860904));
#2785=DIRECTION('',(-0.011846609967403,-3.9079850466804E-15,-0.99992982645398));
#2786=DIRECTION('',(-5.1162710741663E-16,1.,-3.8049504562017E-15));
#2787=AXIS2_PLACEMENT_3D('',#2784,#2786,#2785);
#2788=CIRCLE('',#2787,5.0000000000002);
#2789=EDGE_CURVE('',#2334,#2775,#2788,.T.);
#2790=ORIENTED_EDGE('',*,*,#2789,.T.);
#2791=EDGE_LOOP('',(#2781,#2782,#2783,#2790));
#2792=FACE_OUTER_BOUND('',#2791,.T.);
#2793=ADVANCED_FACE('',(#2792),#2773,.F.);
#2794=CARTESIAN_POINT('',(-37.72843666168,6.55,-12.8));
#2795=DIRECTION('',(-0.25270676408478,-8.2796293361876E-16,0.9675429144931));
#2796=DIRECTION('',(2.4714529939482E-15,-1.,-3.0893162424352E-16));
#2797=AXIS2_PLACEMENT_3D('',#2794,#2796,#2795);
#2798=CYLINDRICAL_SURFACE('',#2797,11.8);
#2799=CARTESIAN_POINT('',(-40.710376177202,6.55,-1.3829935304492));
#2800=VERTEX_POINT('',#2799);
#2801=CARTESIAN_POINT('',(-37.72843666168,6.55,-12.8));
#2802=DIRECTION('',(-0.25270674023916,3.7634678800853E-16,-0.96754292072119));
#2803=DIRECTION('',(-8.3005688063353E-17,1.,4.0265557807808E-16));
#2804=AXIS2_PLACEMENT_3D('',#2801,#2803,#2802);
#2805=CIRCLE('',#2804,11.8);
#2806=EDGE_CURVE('',#2775,#2800,#2805,.T.);
#2807=ORIENTED_EDGE('',*,*,#2806,.T.);
#2808=CARTESIAN_POINT('',(-40.710376177202,6.55,-1.3829935304492));
#2809=DIRECTION('',(0.,-1.,1.7396712090213E-14));
#2810=VECTOR('',#2809,11.5);
#2811=LINE('',#2808,#2810);
#2812=EDGE_CURVE('',#2800,#2001,#2811,.T.);
#2813=ORIENTED_EDGE('',*,*,#2812,.T.);
#2814=ORIENTED_EDGE('',*,*,#2007,.F.);
#2815=ORIENTED_EDGE('',*,*,#2780,.F.);
#2816=EDGE_LOOP('',(#2807,#2813,#2814,#2815));
#2817=FACE_OUTER_BOUND('',#2816,.T.);
#2818=ADVANCED_FACE('',(#2817),#2798,.F.);
#2819=CARTESIAN_POINT('',(-39.446842495306,6.55,-6.2207081390959));
#2820=DIRECTION('',(-0.011846609616502,1.9539925233402E-15,0.99992982645813));
#2821=DIRECTION('',(0.,-1.,2.0852884636438E-15));
#2822=AXIS2_PLACEMENT_3D('',#2819,#2821,#2820);
#2823=CYLINDRICAL_SURFACE('',#2822,5.0000000000001);
#2824=CARTESIAN_POINT('',(-39.506075545028,6.55,-1.2210590068245));
#2825=VERTEX_POINT('',#2824);
#2826=CARTESIAN_POINT('',(-39.506075545028,6.55,-1.2210590068245));
#2827=DIRECTION('',(0.,-1.,-4.3482126112276E-14));
#2828=VECTOR('',#2827,11.5);
#2829=LINE('',#2826,#2828);
#2830=EDGE_CURVE('',#2825,#2010,#2829,.T.);
#2831=ORIENTED_EDGE('',*,*,#2830,.T.);
#2832=ORIENTED_EDGE('',*,*,#2016,.F.);
#2833=ORIENTED_EDGE('',*,*,#2812,.F.);
#2834=CARTESIAN_POINT('',(-39.446842495306,6.55,-6.220708139096));
#2835=DIRECTION('',(-0.2527067363792,0.,0.96754292172935));
#2836=DIRECTION('',(-0.,1.,0.));
#2837=AXIS2_PLACEMENT_3D('',#2834,#2836,#2835);
#2838=CIRCLE('',#2837,5.0000000000003);
#2839=EDGE_CURVE('',#2800,#2825,#2838,.T.);
#2840=ORIENTED_EDGE('',*,*,#2839,.T.);
#2841=EDGE_LOOP('',(#2831,#2832,#2833,#2840));
#2842=FACE_OUTER_BOUND('',#2841,.T.);
#2843=ADVANCED_FACE('',(#2842),#2823,.F.);
#2844=CARTESIAN_POINT('',(5.7490855828035E-11,-0.95,-1.2210590068255));
#2845=DIRECTION('',(-1.,1.124103580836E-16,1.267988839183E-14));
#2846=DIRECTION('',(-1.267988839183E-14,3.5527136788005E-16,-1.));
#2847=AXIS2_PLACEMENT_3D('',#2844,#2846,#2845);
#2848=PLANE('',#2847);
#2849=ORIENTED_EDGE('',*,*,#2830,.F.);
#2850=CARTESIAN_POINT('',(-39.506075545028,6.55,-1.2210590068245));
#2851=DIRECTION('',(1.,0.,-1.8986109480319E-14));
#2852=VECTOR('',#2851,79.012151090171);
#2853=LINE('',#2850,#2852);
#2854=EDGE_CURVE('',#2825,#2260,#2853,.T.);
#2855=ORIENTED_EDGE('',*,*,#2854,.T.);
#2856=ORIENTED_EDGE('',*,*,#2265,.F.);
#2857=ORIENTED_EDGE('',*,*,#2022,.F.);
#2858=EDGE_LOOP('',(#2849,#2855,#2856,#2857));
#2859=FACE_OUTER_BOUND('',#2858,.T.);
#2860=CARTESIAN_POINT('',(-38.,3.75,-1.221059006825));
#2861=VERTEX_POINT('',#2860);
#2862=CARTESIAN_POINT('',(-36.5,3.75,-1.221059006825));
#2863=DIRECTION('',(-1.,1.6747652892627E-15,3.1401849173675E-16));
#2864=DIRECTION('',(3.1401849173675E-16,3.1401849173675E-16,1.));
#2865=AXIS2_PLACEMENT_3D('',#2862,#2864,#2863);
#2866=CIRCLE('',#2865,1.5);
#2867=EDGE_CURVE('',#2861,#2861,#2866,.T.);
#2868=ORIENTED_EDGE('',*,*,#2867,.T.);
#2869=EDGE_LOOP('',(#2868));
#2870=FACE_BOUND('',#2869,.T.);
#2871=CARTESIAN_POINT('',(35.,3.75,-1.221059006826));
#2872=VERTEX_POINT('',#2871);
#2873=CARTESIAN_POINT('',(36.5,3.75,-1.221059006826));
#2874=DIRECTION('',(-1.,1.6747652892627E-15,-2.3028022727362E-15));
#2875=DIRECTION('',(-2.3028022727362E-15,-2.3028022727362E-15,1.));
#2876=AXIS2_PLACEMENT_3D('',#2873,#2875,#2874);
#2877=CIRCLE('',#2876,1.5);
#2878=EDGE_CURVE('',#2872,#2872,#2877,.T.);
#2879=ORIENTED_EDGE('',*,*,#2878,.T.);
#2880=EDGE_LOOP('',(#2879));
#2881=FACE_BOUND('',#2880,.T.);
#2882=CARTESIAN_POINT('',(6.300000000663,2.070000000373,-1.220708139096));
#2883=VERTEX_POINT('',#2882);
#2884=CARTESIAN_POINT('',(4.9299999998315,0.69999999954,-1.220708139096));
#2885=VERTEX_POINT('',#2884);
#2886=CARTESIAN_POINT('',(6.300000000663,0.69999999954,-1.220708139096));
#2887=DIRECTION('',(-6.4830541544603E-16,1.,-1.2966108308921E-15));
#2888=DIRECTION('',(-1.3695042607135E-15,1.3695042607135E-15,1.));
#2889=AXIS2_PLACEMENT_3D('',#2886,#2888,#2887);
#2890=CIRCLE('',#2889,1.3700000008315);
#2891=EDGE_CURVE('',#2883,#2885,#2890,.T.);
#2892=ORIENTED_EDGE('',*,*,#2891,.T.);
#2893=CARTESIAN_POINT('',(4.929999999833,0.10000000061,-1.220708139096));
#2894=VERTEX_POINT('',#2893);
#2895=CARTESIAN_POINT('',(4.9299999998315,0.69999999954,-1.220708139096));
#2896=DIRECTION('',(2.5002222559146E-12,-1.,0.));
#2897=VECTOR('',#2896,0.59999999893);
#2898=LINE('',#2895,#2897);
#2899=EDGE_CURVE('',#2885,#2894,#2898,.T.);
#2900=ORIENTED_EDGE('',*,*,#2899,.T.);
#2901=CARTESIAN_POINT('',(6.300000000663,-1.27000000011,-1.220708139096));
#2902=VERTEX_POINT('',#2901);
#2903=CARTESIAN_POINT('',(6.300000000663,0.10000000060999,-1.220708139096));
#2904=DIRECTION('',(-1.,8.164596326438E-15,-5.6726723856145E-15));
#2905=DIRECTION('',(-5.7085207896252E-15,-5.344284243416E-15,1.));
#2906=AXIS2_PLACEMENT_3D('',#2903,#2905,#2904);
#2907=CIRCLE('',#2906,1.37000000072);
#2908=EDGE_CURVE('',#2894,#2902,#2907,.T.);
#2909=ORIENTED_EDGE('',*,*,#2908,.T.);
#2910=CARTESIAN_POINT('',(12.699999998473,-1.27,-1.220708139096));
#2911=VERTEX_POINT('',#2910);
#2912=CARTESIAN_POINT('',(6.300000000663,-1.27000000011,-1.220708139096));
#2913=DIRECTION('',(1.,1.7187501427981E-11,0.));
#2914=VECTOR('',#2913,6.39999999781);
#2915=LINE('',#2912,#2914);
#2916=EDGE_CURVE('',#2902,#2911,#2915,.T.);
#2917=ORIENTED_EDGE('',*,*,#2916,.T.);
#2918=CARTESIAN_POINT('',(14.069999999198,0.10000000061,-1.220708139096));
#2919=VERTEX_POINT('',#2918);
#2920=CARTESIAN_POINT('',(12.699999998473,0.10000000061,-1.220708139096));
#2921=DIRECTION('',(0.,-1.,-3.8898324929786E-15));
#2922=DIRECTION('',(2.5798117707221E-15,-3.8764226017149E-15,1.));
#2923=AXIS2_PLACEMENT_3D('',#2920,#2922,#2921);
#2924=CIRCLE('',#2923,1.370000000725);
#2925=EDGE_CURVE('',#2911,#2919,#2924,.T.);
#2926=ORIENTED_EDGE('',*,*,#2925,.T.);
#2927=CARTESIAN_POINT('',(14.069999999313,0.69999999954,-1.220708139096));
#2928=VERTEX_POINT('',#2927);
#2929=CARTESIAN_POINT('',(14.069999999198,0.10000000061,-1.220708139096));
#2930=DIRECTION('',(1.9166594271836E-10,1.,0.));
#2931=VECTOR('',#2930,0.59999999893);
#2932=LINE('',#2929,#2931);
#2933=EDGE_CURVE('',#2919,#2928,#2932,.T.);
#2934=ORIENTED_EDGE('',*,*,#2933,.T.);
#2935=CARTESIAN_POINT('',(12.699999998473,2.0700000003765,-1.220708139096));
#2936=VERTEX_POINT('',#2935);
#2937=CARTESIAN_POINT('',(12.699999998473,0.69999999954,-1.220708139096));
#2938=DIRECTION('',(1.,4.8622906158275E-16,3.4036034310792E-15));
#2939=DIRECTION('',(-3.4975998213117E-15,-9.0437815953707E-16,1.));
#2940=AXIS2_PLACEMENT_3D('',#2937,#2939,#2938);
#2941=CIRCLE('',#2940,1.3700000008365);
#2942=EDGE_CURVE('',#2928,#2936,#2941,.T.);
#2943=ORIENTED_EDGE('',*,*,#2942,.T.);
#2944=CARTESIAN_POINT('',(12.699999998473,2.0700000003765,-1.220708139096));
#2945=DIRECTION('',(-1.,-5.4685422875406E-13,0.));
#2946=VECTOR('',#2945,6.39999999781);
#2947=LINE('',#2944,#2946);
#2948=EDGE_CURVE('',#2936,#2883,#2947,.T.);
#2949=ORIENTED_EDGE('',*,*,#2948,.T.);
#2950=EDGE_LOOP('',(#2892,#2900,#2909,#2917,#2926,#2934,#2943,#2949));
#2951=FACE_BOUND('',#2950,.T.);
#2952=CARTESIAN_POINT('',(-13.5,-0.95,-1.220708139096));
#2953=VERTEX_POINT('',#2952);
#2954=CARTESIAN_POINT('',(-13.5,5.05,-1.220708139096));
#2955=VERTEX_POINT('',#2954);
#2956=CARTESIAN_POINT('',(-13.5,-0.95,-1.220708139096));
#2957=DIRECTION('',(0.,1.,0.));
#2958=VECTOR('',#2957,6.);
#2959=LINE('',#2956,#2958);
#2960=EDGE_CURVE('',#2953,#2955,#2959,.T.);
#2961=ORIENTED_EDGE('',*,*,#2960,.T.);
#2962=CARTESIAN_POINT('',(-15.5,5.05,-1.220708139096));
#2963=VERTEX_POINT('',#2962);
#2964=CARTESIAN_POINT('',(-14.5,5.05,-1.220708139096));
#2965=DIRECTION('',(1.,-8.8817841970013E-16,4.4408920985006E-16));
#2966=DIRECTION('',(-4.4408920985006E-16,4.4408920985006E-16,1.));
#2967=AXIS2_PLACEMENT_3D('',#2964,#2966,#2965);
#2968=CIRCLE('',#2967,1.);
#2969=EDGE_CURVE('',#2955,#2963,#2968,.T.);
#2970=ORIENTED_EDGE('',*,*,#2969,.T.);
#2971=CARTESIAN_POINT('',(-15.5,-0.95,-1.220708139096));
#2972=VERTEX_POINT('',#2971);
#2973=CARTESIAN_POINT('',(-15.5,5.05,-1.220708139096));
#2974=DIRECTION('',(0.,-1.,0.));
#2975=VECTOR('',#2974,6.);
#2976=LINE('',#2973,#2975);
#2977=EDGE_CURVE('',#2963,#2972,#2976,.T.);
#2978=ORIENTED_EDGE('',*,*,#2977,.T.);
#2979=CARTESIAN_POINT('',(-14.5,-0.95,-1.220708139096));
#2980=DIRECTION('',(-1.,1.8873791418628E-15,1.3322676295502E-15));
#2981=DIRECTION('',(1.1943067993326E-15,-2.802496089318E-15,1.));
#2982=AXIS2_PLACEMENT_3D('',#2979,#2981,#2980);
#2983=CIRCLE('',#2982,1.);
#2984=EDGE_CURVE('',#2972,#2953,#2983,.T.);
#2985=ORIENTED_EDGE('',*,*,#2984,.T.);
#2986=EDGE_LOOP('',(#2961,#2970,#2978,#2985));
#2987=FACE_BOUND('',#2986,.T.);
#2988=CARTESIAN_POINT('',(23.,-0.95000000000001,-1.220708139096));
#2989=VERTEX_POINT('',#2988);
#2990=CARTESIAN_POINT('',(23.,5.05,-1.220708139096));
#2991=VERTEX_POINT('',#2990);
#2992=CARTESIAN_POINT('',(23.,-0.95000000000001,-1.220708139096));
#2993=DIRECTION('',(0.,1.,0.));
#2994=VECTOR('',#2993,6.);
#2995=LINE('',#2992,#2994);
#2996=EDGE_CURVE('',#2989,#2991,#2995,.T.);
#2997=ORIENTED_EDGE('',*,*,#2996,.T.);
#2998=CARTESIAN_POINT('',(21.,5.05,-1.220708139096));
#2999=VERTEX_POINT('',#2998);
#3000=CARTESIAN_POINT('',(22.,5.05,-1.220708139096));
#3001=DIRECTION('',(1.,1.7763568394002E-15,-1.1102230246252E-15));
#3002=DIRECTION('',(1.1102230246252E-15,-1.1102230246252E-15,1.));
#3003=AXIS2_PLACEMENT_3D('',#3000,#3002,#3001);
#3004=CIRCLE('',#3003,1.);
#3005=EDGE_CURVE('',#2991,#2999,#3004,.T.);
#3006=ORIENTED_EDGE('',*,*,#3005,.T.);
#3007=CARTESIAN_POINT('',(21.,-0.95,-1.220708139096));
#3008=VERTEX_POINT('',#3007);
#3009=CARTESIAN_POINT('',(21.,5.05,-1.220708139096));
#3010=DIRECTION('',(0.,-1.,0.));
#3011=VECTOR('',#3010,6.);
#3012=LINE('',#3009,#3011);
#3013=EDGE_CURVE('',#2999,#3008,#3012,.T.);
#3014=ORIENTED_EDGE('',*,*,#3013,.T.);
#3015=CARTESIAN_POINT('',(22.,-0.95000000000001,-1.220708139096));
#3016=DIRECTION('',(-1.,1.1102230246252E-16,-2.2204460492503E-16));
#3017=DIRECTION('',(-1.5503671784231E-16,2.8905249200775E-16,1.));
#3018=AXIS2_PLACEMENT_3D('',#3015,#3017,#3016);
#3019=CIRCLE('',#3018,1.);
#3020=EDGE_CURVE('',#3008,#2989,#3019,.T.);
#3021=ORIENTED_EDGE('',*,*,#3020,.T.);
#3022=EDGE_LOOP('',(#2997,#3006,#3014,#3021));
#3023=FACE_BOUND('',#3022,.T.);
#3024=CARTESIAN_POINT('',(27.,-0.95000000000001,-1.220708139096));
#3025=VERTEX_POINT('',#3024);
#3026=CARTESIAN_POINT('',(27.,5.05,-1.220708139096));
#3027=VERTEX_POINT('',#3026);
#3028=CARTESIAN_POINT('',(27.,-0.95000000000001,-1.220708139096));
#3029=DIRECTION('',(0.,1.,0.));
#3030=VECTOR('',#3029,6.);
#3031=LINE('',#3028,#3030);
#3032=EDGE_CURVE('',#3025,#3027,#3031,.T.);
#3033=ORIENTED_EDGE('',*,*,#3032,.T.);
#3034=CARTESIAN_POINT('',(25.,5.05,-1.220708139096));
#3035=VERTEX_POINT('',#3034);
#3036=CARTESIAN_POINT('',(26.,5.05,-1.220708139096));
#3037=DIRECTION('',(1.,-1.7763568394003E-15,-1.7763568394003E-15));
#3038=DIRECTION('',(1.7093489523175E-15,-1.843364726483E-15,1.));
#3039=AXIS2_PLACEMENT_3D('',#3036,#3038,#3037);
#3040=CIRCLE('',#3039,1.);
#3041=EDGE_CURVE('',#3027,#3035,#3040,.T.);
#3042=ORIENTED_EDGE('',*,*,#3041,.T.);
#3043=CARTESIAN_POINT('',(25.,-0.95000000000001,-1.220708139096));
#3044=VERTEX_POINT('',#3043);
#3045=CARTESIAN_POINT('',(25.,5.05,-1.220708139096));
#3046=DIRECTION('',(0.,-1.,0.));
#3047=VECTOR('',#3046,6.);
#3048=LINE('',#3045,#3047);
#3049=EDGE_CURVE('',#3035,#3044,#3048,.T.);
#3050=ORIENTED_EDGE('',*,*,#3049,.T.);
#3051=CARTESIAN_POINT('',(26.,-0.95000000000001,-1.220708139096));
#3052=DIRECTION('',(-1.,-2.1094237467878E-15,3.5527136788005E-15));
#3053=DIRECTION('',(3.5527136788005E-15,-3.5527136788005E-15,1.));
#3054=AXIS2_PLACEMENT_3D('',#3051,#3053,#3052);
#3055=CIRCLE('',#3054,1.);
#3056=EDGE_CURVE('',#3044,#3025,#3055,.T.);
#3057=ORIENTED_EDGE('',*,*,#3056,.T.);
#3058=EDGE_LOOP('',(#3033,#3042,#3050,#3057));
#3059=FACE_BOUND('',#3058,.T.);
#3060=CARTESIAN_POINT('',(-27.5,5.05,-1.220708139096));
#3061=VERTEX_POINT('',#3060);
#3062=CARTESIAN_POINT('',(-27.5,-0.95,-1.220708139096));
#3063=VERTEX_POINT('',#3062);
#3064=CARTESIAN_POINT('',(-27.5,5.05,-1.220708139096));
#3065=DIRECTION('',(0.,-1.,0.));
#3066=VECTOR('',#3065,6.);
#3067=LINE('',#3064,#3066);
#3068=EDGE_CURVE('',#3061,#3063,#3067,.T.);
#3069=ORIENTED_EDGE('',*,*,#3068,.T.);
#3070=CARTESIAN_POINT('',(-25.5,-0.95,-1.220708139096));
#3071=VERTEX_POINT('',#3070);
#3072=CARTESIAN_POINT('',(-26.5,-0.95,-1.220708139096));
#3073=DIRECTION('',(-1.,1.1102230246252E-16,1.1102230246252E-15));
#3074=DIRECTION('',(1.2442387987906E-15,-9.7620725045971E-16,1.));
#3075=AXIS2_PLACEMENT_3D('',#3072,#3074,#3073);
#3076=CIRCLE('',#3075,1.);
#3077=EDGE_CURVE('',#3063,#3071,#3076,.T.);
#3078=ORIENTED_EDGE('',*,*,#3077,.T.);
#3079=CARTESIAN_POINT('',(-25.5,5.05,-1.220708139096));
#3080=VERTEX_POINT('',#3079);
#3081=CARTESIAN_POINT('',(-25.5,-0.95,-1.220708139096));
#3082=DIRECTION('',(0.,1.,0.));
#3083=VECTOR('',#3082,6.);
#3084=LINE('',#3081,#3083);
#3085=EDGE_CURVE('',#3071,#3080,#3084,.T.);
#3086=ORIENTED_EDGE('',*,*,#3085,.T.);
#3087=CARTESIAN_POINT('',(-26.5,5.05,-1.220708139096));
#3088=DIRECTION('',(1.,8.8817841970012E-16,-1.9984014443253E-15));
#3089=DIRECTION('',(1.9984014443253E-15,-1.9984014443253E-15,1.));
#3090=AXIS2_PLACEMENT_3D('',#3087,#3089,#3088);
#3091=CIRCLE('',#3090,1.);
#3092=EDGE_CURVE('',#3080,#3061,#3091,.T.);
#3093=ORIENTED_EDGE('',*,*,#3092,.T.);
#3094=EDGE_LOOP('',(#3069,#3078,#3086,#3093));
#3095=FACE_BOUND('',#3094,.T.);
#3096=CARTESIAN_POINT('',(-21.5,-0.95,-1.220708139096));
#3097=VERTEX_POINT('',#3096);
#3098=CARTESIAN_POINT('',(-21.5,5.05,-1.220708139096));
#3099=VERTEX_POINT('',#3098);
#3100=CARTESIAN_POINT('',(-21.5,-0.95,-1.220708139096));
#3101=DIRECTION('',(0.,1.,0.));
#3102=VECTOR('',#3101,6.);
#3103=LINE('',#3100,#3102);
#3104=EDGE_CURVE('',#3097,#3099,#3103,.T.);
#3105=ORIENTED_EDGE('',*,*,#3104,.T.);
#3106=CARTESIAN_POINT('',(-23.5,5.05,-1.220708139096));
#3107=VERTEX_POINT('',#3106);
#3108=CARTESIAN_POINT('',(-22.5,5.05,-1.220708139096));
#3109=DIRECTION('',(1.,-8.8817841970013E-16,2.2204460492503E-16));
#3110=DIRECTION('',(-2.7197660438303E-16,-1.6042442339332E-15,1.));
#3111=AXIS2_PLACEMENT_3D('',#3108,#3110,#3109);
#3112=CIRCLE('',#3111,1.);
#3113=EDGE_CURVE('',#3099,#3107,#3112,.T.);
#3114=ORIENTED_EDGE('',*,*,#3113,.T.);
#3115=CARTESIAN_POINT('',(-23.5,-0.95,-1.220708139096));
#3116=VERTEX_POINT('',#3115);
#3117=CARTESIAN_POINT('',(-23.5,5.05,-1.220708139096));
#3118=DIRECTION('',(0.,-1.,0.));
#3119=VECTOR('',#3118,6.);
#3120=LINE('',#3117,#3119);
#3121=EDGE_CURVE('',#3107,#3116,#3120,.T.);
#3122=ORIENTED_EDGE('',*,*,#3121,.T.);
#3123=CARTESIAN_POINT('',(-22.5,-0.95,-1.220708139096));
#3124=DIRECTION('',(-1.,-1.6653345369377E-15,4.4408920985006E-15));
#3125=DIRECTION('',(4.5078999855834E-15,-4.3738842114179E-15,1.));
#3126=AXIS2_PLACEMENT_3D('',#3123,#3125,#3124);
#3127=CIRCLE('',#3126,1.);
#3128=EDGE_CURVE('',#3116,#3097,#3127,.T.);
#3129=ORIENTED_EDGE('',*,*,#3128,.T.);
#3130=EDGE_LOOP('',(#3105,#3114,#3122,#3129));
#3131=FACE_BOUND('',#3130,.T.);
#3132=CARTESIAN_POINT('',(-1.5,-0.95,-1.220708139096));
#3133=VERTEX_POINT('',#3132);
#3134=CARTESIAN_POINT('',(-1.5,5.05,-1.220708139096));
#3135=VERTEX_POINT('',#3134);
#3136=CARTESIAN_POINT('',(-1.5,-0.95,-1.220708139096));
#3137=DIRECTION('',(0.,1.,0.));
#3138=VECTOR('',#3137,6.);
#3139=LINE('',#3136,#3138);
#3140=EDGE_CURVE('',#3133,#3135,#3139,.T.);
#3141=ORIENTED_EDGE('',*,*,#3140,.T.);
#3142=CARTESIAN_POINT('',(-3.5,5.05,-1.220708139096));
#3143=VERTEX_POINT('',#3142);
#3144=CARTESIAN_POINT('',(-2.5,5.05,-1.220708139096));
#3145=DIRECTION('',(1.,-8.8817841970013E-16,-1.1102230246252E-15));
#3146=DIRECTION('',(1.1102230246252E-15,-1.1102230246252E-15,1.));
#3147=AXIS2_PLACEMENT_3D('',#3144,#3146,#3145);
#3148=CIRCLE('',#3147,1.);
#3149=EDGE_CURVE('',#3135,#3143,#3148,.T.);
#3150=ORIENTED_EDGE('',*,*,#3149,.T.);
#3151=CARTESIAN_POINT('',(-3.5,-0.95,-1.220708139096));
#3152=VERTEX_POINT('',#3151);
#3153=CARTESIAN_POINT('',(-3.5,5.05,-1.220708139096));
#3154=DIRECTION('',(0.,-1.,0.));
#3155=VECTOR('',#3154,6.);
#3156=LINE('',#3153,#3155);
#3157=EDGE_CURVE('',#3143,#3152,#3156,.T.);
#3158=ORIENTED_EDGE('',*,*,#3157,.T.);
#3159=CARTESIAN_POINT('',(-2.5,-0.95,-1.220708139096));
#3160=DIRECTION('',(-1.,2.2204460492503E-16,-2.2204460492503E-16));
#3161=DIRECTION('',(-1.5503671784231E-16,2.8905249200775E-16,1.));
#3162=AXIS2_PLACEMENT_3D('',#3159,#3161,#3160);
#3163=CIRCLE('',#3162,1.);
#3164=EDGE_CURVE('',#3152,#3133,#3163,.T.);
#3165=ORIENTED_EDGE('',*,*,#3164,.T.);
#3166=EDGE_LOOP('',(#3141,#3150,#3158,#3165));
#3167=FACE_BOUND('',#3166,.T.);
#3168=CARTESIAN_POINT('',(-17.5,-0.95,-1.220708139096));
#3169=VERTEX_POINT('',#3168);
#3170=CARTESIAN_POINT('',(-17.5,5.05,-1.220708139096));
#3171=VERTEX_POINT('',#3170);
#3172=CARTESIAN_POINT('',(-17.5,-0.95,-1.220708139096));
#3173=DIRECTION('',(0.,1.,0.));
#3174=VECTOR('',#3173,6.);
#3175=LINE('',#3172,#3174);
#3176=EDGE_CURVE('',#3169,#3171,#3175,.T.);
#3177=ORIENTED_EDGE('',*,*,#3176,.T.);
#3178=CARTESIAN_POINT('',(-19.5,5.05,-1.220708139096));
#3179=VERTEX_POINT('',#3178);
#3180=CARTESIAN_POINT('',(-18.5,5.05,-1.220708139096));
#3181=DIRECTION('',(1.,-8.8817841970013E-16,2.2204460492503E-16));
#3182=DIRECTION('',(-3.5606037909048E-16,8.8028830759585E-17,1.));
#3183=AXIS2_PLACEMENT_3D('',#3180,#3182,#3181);
#3184=CIRCLE('',#3183,1.);
#3185=EDGE_CURVE('',#3171,#3179,#3184,.T.);
#3186=ORIENTED_EDGE('',*,*,#3185,.T.);
#3187=CARTESIAN_POINT('',(-19.5,-0.95,-1.220708139096));
#3188=VERTEX_POINT('',#3187);
#3189=CARTESIAN_POINT('',(-19.5,5.05,-1.220708139096));
#3190=DIRECTION('',(0.,-1.,0.));
#3191=VECTOR('',#3190,6.);
#3192=LINE('',#3189,#3191);
#3193=EDGE_CURVE('',#3179,#3188,#3192,.T.);
#3194=ORIENTED_EDGE('',*,*,#3193,.T.);
#3195=CARTESIAN_POINT('',(-18.5,-0.95,-1.220708139096));
#3196=DIRECTION('',(-1.,1.1102230246252E-16,4.4408920985006E-16));
#3197=DIRECTION('',(5.1109709693279E-16,-3.7708132276734E-16,1.));
#3198=AXIS2_PLACEMENT_3D('',#3195,#3197,#3196);
#3199=CIRCLE('',#3198,1.);
#3200=EDGE_CURVE('',#3188,#3169,#3199,.T.);
#3201=ORIENTED_EDGE('',*,*,#3200,.T.);
#3202=EDGE_LOOP('',(#3177,#3186,#3194,#3201));
#3203=FACE_BOUND('',#3202,.T.);
#3204=CARTESIAN_POINT('',(-5.5,-0.95,-1.220708139096));
#3205=VERTEX_POINT('',#3204);
#3206=CARTESIAN_POINT('',(-5.5,5.05,-1.220708139096));
#3207=VERTEX_POINT('',#3206);
#3208=CARTESIAN_POINT('',(-5.5,-0.95,-1.220708139096));
#3209=DIRECTION('',(0.,1.,0.));
#3210=VECTOR('',#3209,6.);
#3211=LINE('',#3208,#3210);
#3212=EDGE_CURVE('',#3205,#3207,#3211,.T.);
#3213=ORIENTED_EDGE('',*,*,#3212,.T.);
#3214=CARTESIAN_POINT('',(-7.5,5.05,-1.220708139096));
#3215=VERTEX_POINT('',#3214);
#3216=CARTESIAN_POINT('',(-6.5,5.05,-1.220708139096));
#3217=DIRECTION('',(1.,-8.8817841970013E-16,-2.2204460492503E-16));
#3218=DIRECTION('',(2.2204460492503E-16,-2.2204460492503E-16,1.));
#3219=AXIS2_PLACEMENT_3D('',#3216,#3218,#3217);
#3220=CIRCLE('',#3219,1.);
#3221=EDGE_CURVE('',#3207,#3215,#3220,.T.);
#3222=ORIENTED_EDGE('',*,*,#3221,.T.);
#3223=CARTESIAN_POINT('',(-7.5,-0.95,-1.220708139096));
#3224=VERTEX_POINT('',#3223);
#3225=CARTESIAN_POINT('',(-7.5,5.05,-1.220708139096));
#3226=DIRECTION('',(0.,-1.,0.));
#3227=VECTOR('',#3226,6.);
#3228=LINE('',#3225,#3227);
#3229=EDGE_CURVE('',#3215,#3224,#3228,.T.);
#3230=ORIENTED_EDGE('',*,*,#3229,.T.);
#3231=CARTESIAN_POINT('',(-6.5,-0.95,-1.220708139096));
#3232=DIRECTION('',(-1.,-9.9920072216264E-16,-2.2204460492503E-16));
#3233=DIRECTION('',(-2.8905249200776E-16,1.5503671784231E-16,1.));
#3234=AXIS2_PLACEMENT_3D('',#3231,#3233,#3232);
#3235=CIRCLE('',#3234,1.);
#3236=EDGE_CURVE('',#3224,#3205,#3235,.T.);
#3237=ORIENTED_EDGE('',*,*,#3236,.T.);
#3238=EDGE_LOOP('',(#3213,#3222,#3230,#3237));
#3239=FACE_BOUND('',#3238,.T.);
#3240=CARTESIAN_POINT('',(2.5,-0.95,-1.220708139096));
#3241=VERTEX_POINT('',#3240);
#3242=CARTESIAN_POINT('',(2.5,5.05,-1.220708139096));
#3243=VERTEX_POINT('',#3242);
#3244=CARTESIAN_POINT('',(2.5,-0.95,-1.220708139096));
#3245=DIRECTION('',(0.,1.,0.));
#3246=VECTOR('',#3245,6.);
#3247=LINE('',#3244,#3246);
#3248=EDGE_CURVE('',#3241,#3243,#3247,.T.);
#3249=ORIENTED_EDGE('',*,*,#3248,.T.);
#3250=CARTESIAN_POINT('',(0.49999999999999,5.05,-1.220708139096));
#3251=VERTEX_POINT('',#3250);
#3252=CARTESIAN_POINT('',(1.5,5.05,-1.220708139096));
#3253=DIRECTION('',(1.,-8.8817841970012E-16,-1.1102230246251E-15));
#3254=DIRECTION('',(1.0432151375424E-15,-1.1772309117079E-15,1.));
#3255=AXIS2_PLACEMENT_3D('',#3252,#3254,#3253);
#3256=CIRCLE('',#3255,1.);
#3257=EDGE_CURVE('',#3243,#3251,#3256,.T.);
#3258=ORIENTED_EDGE('',*,*,#3257,.T.);
#3259=CARTESIAN_POINT('',(0.49999999999999,-0.95,-1.220708139096));
#3260=VERTEX_POINT('',#3259);
#3261=CARTESIAN_POINT('',(0.49999999999999,5.05,-1.220708139096));
#3262=DIRECTION('',(0.,-1.,0.));
#3263=VECTOR('',#3262,6.);
#3264=LINE('',#3261,#3263);
#3265=EDGE_CURVE('',#3251,#3260,#3264,.T.);
#3266=ORIENTED_EDGE('',*,*,#3265,.T.);
#3267=CARTESIAN_POINT('',(1.5,-0.95,-1.220708139096));
#3268=DIRECTION('',(-1.,1.1102230246252E-16,-2.2204460492503E-16));
#3269=DIRECTION('',(-1.5503671784231E-16,2.8905249200775E-16,1.));
#3270=AXIS2_PLACEMENT_3D('',#3267,#3269,#3268);
#3271=CIRCLE('',#3270,1.);
#3272=EDGE_CURVE('',#3260,#3241,#3271,.T.);
#3273=ORIENTED_EDGE('',*,*,#3272,.T.);
#3274=EDGE_LOOP('',(#3249,#3258,#3266,#3273));
#3275=FACE_BOUND('',#3274,.T.);
#3276=CARTESIAN_POINT('',(19.,-0.95,-1.220708139096));
#3277=VERTEX_POINT('',#3276);
#3278=CARTESIAN_POINT('',(19.,5.05,-1.220708139096));
#3279=VERTEX_POINT('',#3278);
#3280=CARTESIAN_POINT('',(19.,-0.95,-1.220708139096));
#3281=DIRECTION('',(0.,1.,0.));
#3282=VECTOR('',#3281,6.);
#3283=LINE('',#3280,#3282);
#3284=EDGE_CURVE('',#3277,#3279,#3283,.T.);
#3285=ORIENTED_EDGE('',*,*,#3284,.T.);
#3286=CARTESIAN_POINT('',(17.,5.05,-1.220708139096));
#3287=VERTEX_POINT('',#3286);
#3288=CARTESIAN_POINT('',(18.,5.05,-1.220708139096));
#3289=DIRECTION('',(1.,-1.7763568394003E-15,3.1086244689504E-15));
#3290=DIRECTION('',(-3.1086244689504E-15,3.1086244689504E-15,1.));
#3291=AXIS2_PLACEMENT_3D('',#3288,#3290,#3289);
#3292=CIRCLE('',#3291,1.);
#3293=EDGE_CURVE('',#3279,#3287,#3292,.T.);
#3294=ORIENTED_EDGE('',*,*,#3293,.T.);
#3295=CARTESIAN_POINT('',(17.,-0.95,-1.220708139096));
#3296=VERTEX_POINT('',#3295);
#3297=CARTESIAN_POINT('',(17.,5.05,-1.220708139096));
#3298=DIRECTION('',(0.,-1.,0.));
#3299=VECTOR('',#3298,6.);
#3300=LINE('',#3297,#3299);
#3301=EDGE_CURVE('',#3287,#3296,#3300,.T.);
#3302=ORIENTED_EDGE('',*,*,#3301,.T.);
#3303=CARTESIAN_POINT('',(18.,-0.95,-1.220708139096));
#3304=DIRECTION('',(-1.,-5.5511151231258E-16,4.4408920985006E-16));
#3305=DIRECTION('',(3.7708132276734E-16,-5.1109709693279E-16,1.));
#3306=AXIS2_PLACEMENT_3D('',#3303,#3305,#3304);
#3307=CIRCLE('',#3306,1.);
#3308=EDGE_CURVE('',#3296,#3277,#3307,.T.);
#3309=ORIENTED_EDGE('',*,*,#3308,.T.);
#3310=EDGE_LOOP('',(#3285,#3294,#3302,#3309));
#3311=FACE_BOUND('',#3310,.T.);
#3312=CARTESIAN_POINT('',(-9.5,-0.95,-1.220708139096));
#3313=VERTEX_POINT('',#3312);
#3314=CARTESIAN_POINT('',(-9.5,5.05,-1.220708139096));
#3315=VERTEX_POINT('',#3314);
#3316=CARTESIAN_POINT('',(-9.5,-0.95,-1.220708139096));
#3317=DIRECTION('',(0.,1.,0.));
#3318=VECTOR('',#3317,6.);
#3319=LINE('',#3316,#3318);
#3320=EDGE_CURVE('',#3313,#3315,#3319,.T.);
#3321=ORIENTED_EDGE('',*,*,#3320,.T.);
#3322=CARTESIAN_POINT('',(-11.5,5.05,-1.220708139096));
#3323=VERTEX_POINT('',#3322);
#3324=CARTESIAN_POINT('',(-10.5,5.05,-1.220708139096));
#3325=DIRECTION('',(1.,0.,3.1086244689504E-15));
#3326=DIRECTION('',(-3.1086244689504E-15,3.1086244689504E-15,1.));
#3327=AXIS2_PLACEMENT_3D('',#3324,#3326,#3325);
#3328=CIRCLE('',#3327,1.);
#3329=EDGE_CURVE('',#3315,#3323,#3328,.T.);
#3330=ORIENTED_EDGE('',*,*,#3329,.T.);
#3331=CARTESIAN_POINT('',(-11.5,-0.95,-1.220708139096));
#3332=VERTEX_POINT('',#3331);
#3333=CARTESIAN_POINT('',(-11.5,5.05,-1.220708139096));
#3334=DIRECTION('',(0.,-1.,0.));
#3335=VECTOR('',#3334,6.);
#3336=LINE('',#3333,#3335);
#3337=EDGE_CURVE('',#3323,#3332,#3336,.T.);
#3338=ORIENTED_EDGE('',*,*,#3337,.T.);
#3339=CARTESIAN_POINT('',(-10.5,-0.95000000000001,-1.220708139096));
#3340=DIRECTION('',(-1.,-1.0214051826551E-14,3.1086244689504E-15));
#3341=DIRECTION('',(3.1756323560332E-15,-3.0416165818677E-15,1.));
#3342=AXIS2_PLACEMENT_3D('',#3339,#3341,#3340);
#3343=CIRCLE('',#3342,1.);
#3344=EDGE_CURVE('',#3332,#3313,#3343,.T.);
#3345=ORIENTED_EDGE('',*,*,#3344,.T.);
#3346=EDGE_LOOP('',(#3321,#3330,#3338,#3345));
#3347=FACE_BOUND('',#3346,.T.);
#3348=ADVANCED_FACE('',(#2859,#2870,#2881,#2951,#2987,#3023,#3059,#3095,#3131,#3167,#3203,#3239,#3275,#3311,#3347),#2848,.T.);
#3349=CARTESIAN_POINT('',(-37.72843666168,8.55,-12.8));
#3350=DIRECTION('',(-0.22220464292787,-4.5770902371142E-16,0.9750000495699));
#3351=DIRECTION('',(4.5121942847575E-16,1.,5.7227902290274E-16));
#3352=AXIS2_PLACEMENT_3D('',#3349,#3351,#3350);
#3353=TOROIDAL_SURFACE('',#3352,12.5,0.5);
#3354=CARTESIAN_POINT('',(-40.505997417091,9.05,-0.6125));
#3355=VERTEX_POINT('',#3354);
#3356=CARTESIAN_POINT('',(-40.505997417091,8.55,-0.6125));
#3357=DIRECTION('',(-0.22220486043294,0.,0.97499999999999));
#3358=DIRECTION('',(-0.97499999999999,-3.9055058664468E-16,-0.22220486043294));
#3359=AXIS2_PLACEMENT_3D('',#3356,#3358,#3357);
#3360=CIRCLE('',#3359,0.50000000000012);
#3361=EDGE_CURVE('',#874,#3355,#3360,.T.);
#3362=ORIENTED_EDGE('',*,*,#3361,.T.);
#3363=CARTESIAN_POINT('',(-40.505997417091,9.05,-24.9875));
#3364=VERTEX_POINT('',#3363);
#3365=CARTESIAN_POINT('',(-37.72843666168,9.05,-12.8));
#3366=DIRECTION('',(-0.22220486043288,-4.2632564145606E-16,0.975));
#3367=DIRECTION('',(-1.9622125225254E-16,-1.,-5.7222851228543E-16));
#3368=AXIS2_PLACEMENT_3D('',#3365,#3367,#3366);
#3369=CIRCLE('',#3368,12.5);
#3370=EDGE_CURVE('',#3355,#3364,#3369,.T.);
#3371=ORIENTED_EDGE('',*,*,#3370,.T.);
#3372=CARTESIAN_POINT('',(-40.505997417091,8.55,-24.9875));
#3373=DIRECTION('',(2.8421709430404E-14,1.,-7.105427357601E-15));
#3374=DIRECTION('',(-0.975,2.9572002232517E-14,0.22220486043288));
#3375=AXIS2_PLACEMENT_3D('',#3372,#3374,#3373);
#3376=CIRCLE('',#3375,0.5);
#3377=EDGE_CURVE('',#3364,#908,#3376,.T.);
#3378=ORIENTED_EDGE('',*,*,#3377,.T.);
#3379=ORIENTED_EDGE('',*,*,#914,.F.);
#3380=EDGE_LOOP('',(#3362,#3371,#3378,#3379));
#3381=FACE_OUTER_BOUND('',#3380,.T.);
#3382=ADVANCED_FACE('',(#3381),#3353,.T.);
#3383=CARTESIAN_POINT('',(-39.506075545143,8.55,-20.599999999998));
#3384=DIRECTION('',(-0.22220486066994,-0.,-0.97499999994598));
#3385=DIRECTION('',(-0.,1.,-0.));
#3386=AXIS2_PLACEMENT_3D('',#3383,#3385,#3384);
#3387=TOROIDAL_SURFACE('',#3386,4.5000000000028,0.50000000000001);
#3388=CARTESIAN_POINT('',(-39.506075545143,9.05,-25.1));
#3389=VERTEX_POINT('',#3388);
#3390=CARTESIAN_POINT('',(-39.506075545143,8.55,-25.1));
#3391=DIRECTION('',(0.,1.,-7.105427357601E-15));
#3392=DIRECTION('',(-1.,-1.2865514319883E-14,1.2865514319883E-14));
#3393=AXIS2_PLACEMENT_3D('',#3390,#3392,#3391);
#3394=CIRCLE('',#3393,0.5);
#3395=EDGE_CURVE('',#3389,#276,#3394,.T.);
#3396=ORIENTED_EDGE('',*,*,#3395,.T.);
#3397=ORIENTED_EDGE('',*,*,#942,.F.);
#3398=ORIENTED_EDGE('',*,*,#3377,.F.);
#3399=CARTESIAN_POINT('',(-39.506075545143,9.0499999999999,-20.600000000001));
#3400=DIRECTION('',(-0.22220486043294,1.263187085796E-14,-0.97499999999999));
#3401=DIRECTION('',(-1.3611135107926E-15,-1.,-1.2097841507957E-14));
#3402=AXIS2_PLACEMENT_3D('',#3399,#3401,#3400);
#3403=CIRCLE('',#3402,4.499999999999);
#3404=EDGE_CURVE('',#3364,#3389,#3403,.T.);
#3405=ORIENTED_EDGE('',*,*,#3404,.T.);
#3406=EDGE_LOOP('',(#3396,#3397,#3398,#3405));
#3407=FACE_OUTER_BOUND('',#3406,.T.);
#3408=ADVANCED_FACE('',(#3407),#3387,.T.);
#3409=CARTESIAN_POINT('',(39.506075545143,8.5499999999952,-25.099999999995));
#3410=DIRECTION('',(-2.8421709430404E-14,-3.6548510351508E-07,-0.99999999999993));
#3411=DIRECTION('',(-1.,-4.0310354408719E-14,4.0152979907402E-14));
#3412=AXIS2_PLACEMENT_3D('',#3409,#3411,#3410);
#3413=CYLINDRICAL_SURFACE('',#3412,0.5);
#3414=CARTESIAN_POINT('',(39.506075545143,9.05,-25.1));
#3415=VERTEX_POINT('',#3414);
#3416=CARTESIAN_POINT('',(39.506075545143,8.55,-25.1));
#3417=DIRECTION('',(0.,1.,-7.105427357601E-15));
#3418=DIRECTION('',(-1.,-4.2885047732943E-15,4.2885047732943E-15));
#3419=AXIS2_PLACEMENT_3D('',#3416,#3418,#3417);
#3420=CIRCLE('',#3419,0.5);
#3421=EDGE_CURVE('',#3415,#284,#3420,.T.);
#3422=ORIENTED_EDGE('',*,*,#3421,.T.);
#3423=ORIENTED_EDGE('',*,*,#289,.F.);
#3424=ORIENTED_EDGE('',*,*,#3395,.F.);
#3425=CARTESIAN_POINT('',(-39.506075545143,9.05,-25.1));
#3426=DIRECTION('',(1.,0.,0.));
#3427=VECTOR('',#3426,79.012151090286);
#3428=LINE('',#3425,#3427);
#3429=EDGE_CURVE('',#3389,#3415,#3428,.T.);
#3430=ORIENTED_EDGE('',*,*,#3429,.T.);
#3431=EDGE_LOOP('',(#3422,#3423,#3424,#3430));
#3432=FACE_OUTER_BOUND('',#3431,.T.);
#3433=ADVANCED_FACE('',(#3432),#3413,.T.);
#3434=CARTESIAN_POINT('',(-2.5,-0.95000000000001,-24.379291860904));
#3435=DIRECTION('',(0.9999999999998,-6.4046698977639E-07,0.));
#3436=DIRECTION('',(0.,-3.6379638639825E-15,-1.));
#3437=AXIS2_PLACEMENT_3D('',#3434,#3436,#3435);
#3438=CYLINDRICAL_SURFACE('',#3437,0.99999999999999);
#3439=CARTESIAN_POINT('',(-3.5,-0.94999999999999,-25.6));
#3440=DIRECTION('',(0.,-8.1854186939607E-15,1.));
#3441=VECTOR('',#3440,1.220708139096);
#3442=LINE('',#3439,#3441);
#3443=EDGE_CURVE('',#300,#2517,#3442,.T.);
#3444=ORIENTED_EDGE('',*,*,#3443,.T.);
#3445=ORIENTED_EDGE('',*,*,#2548,.F.);
#3446=CARTESIAN_POINT('',(-1.5,-0.95,-24.379291860904));
#3447=DIRECTION('',(0.,8.1854186939607E-15,-1.));
#3448=VECTOR('',#3447,1.220708139096);
#3449=LINE('',#3446,#3448);
#3450=EDGE_CURVE('',#2536,#302,#3449,.T.);
#3451=ORIENTED_EDGE('',*,*,#3450,.T.);
#3452=ORIENTED_EDGE('',*,*,#308,.F.);
#3453=EDGE_LOOP('',(#3444,#3445,#3451,#3452));
#3454=FACE_OUTER_BOUND('',#3453,.T.);
#3455=ADVANCED_FACE('',(#3454),#3438,.F.);
#3456=CARTESIAN_POINT('',(-1.5,2.05,-24.989645930452));
#3457=DIRECTION('',(1.4802973661669E-16,1.,0.));
#3458=DIRECTION('',(-1.,1.4802973661669E-16,-3.6379638639825E-16));
#3459=AXIS2_PLACEMENT_3D('',#3456,#3458,#3457);
#3460=PLANE('',#3459);
#3461=ORIENTED_EDGE('',*,*,#3450,.F.);
#3462=ORIENTED_EDGE('',*,*,#2541,.F.);
#3463=CARTESIAN_POINT('',(-1.5,5.05,-24.379291860904));
#3464=DIRECTION('',(0.,0.,-1.));
#3465=VECTOR('',#3464,1.220708139096);
#3466=LINE('',#3463,#3465);
#3467=EDGE_CURVE('',#2527,#311,#3466,.T.);
#3468=ORIENTED_EDGE('',*,*,#3467,.T.);
#3469=ORIENTED_EDGE('',*,*,#316,.F.);
#3470=EDGE_LOOP('',(#3461,#3462,#3468,#3469));
#3471=FACE_OUTER_BOUND('',#3470,.T.);
#3472=ADVANCED_FACE('',(#3471),#3460,.T.);
#3473=CARTESIAN_POINT('',(-2.5,5.05,-24.379291860904));
#3474=DIRECTION('',(-0.9999999999998,6.4046700654075E-07,3.5527136788005E-15));
#3475=DIRECTION('',(0.,-7.2759277279651E-16,-1.));
#3476=AXIS2_PLACEMENT_3D('',#3473,#3475,#3474);
#3477=CYLINDRICAL_SURFACE('',#3476,1.);
#3478=ORIENTED_EDGE('',*,*,#3467,.F.);
#3479=ORIENTED_EDGE('',*,*,#2533,.F.);
#3480=CARTESIAN_POINT('',(-3.5,5.05,-24.379291860904));
#3481=DIRECTION('',(0.,0.,-1.));
#3482=VECTOR('',#3481,1.220708139096);
#3483=LINE('',#3480,#3482);
#3484=EDGE_CURVE('',#2519,#319,#3483,.T.);
#3485=ORIENTED_EDGE('',*,*,#3484,.T.);
#3486=ORIENTED_EDGE('',*,*,#325,.F.);
#3487=EDGE_LOOP('',(#3478,#3479,#3485,#3486));
#3488=FACE_OUTER_BOUND('',#3487,.T.);
#3489=ADVANCED_FACE('',(#3488),#3477,.F.);
#3490=CARTESIAN_POINT('',(-3.5,2.05,-24.989645930452));
#3491=DIRECTION('',(-1.4802973661669E-16,-1.,0.));
#3492=DIRECTION('',(1.,-1.4802973661669E-16,7.2759277279651E-16));
#3493=AXIS2_PLACEMENT_3D('',#3490,#3492,#3491);
#3494=PLANE('',#3493);
#3495=ORIENTED_EDGE('',*,*,#3443,.F.);
#3496=ORIENTED_EDGE('',*,*,#331,.F.);
#3497=ORIENTED_EDGE('',*,*,#3484,.F.);
#3498=ORIENTED_EDGE('',*,*,#2524,.F.);
#3499=EDGE_LOOP('',(#3495,#3496,#3497,#3498));
#3500=FACE_OUTER_BOUND('',#3499,.T.);
#3501=ADVANCED_FACE('',(#3500),#3494,.T.);
#3502=CARTESIAN_POINT('',(1.5,-0.95000000000003,-24.379291860904));
#3503=DIRECTION('',(0.9999999999998,-6.4046696801601E-07,7.1054273576011E-15));
#3504=DIRECTION('',(7.275927727965E-16,-8.1854186939607E-15,-1.));
#3505=AXIS2_PLACEMENT_3D('',#3502,#3504,#3503);
#3506=CYLINDRICAL_SURFACE('',#3505,0.99999999999999);
#3507=CARTESIAN_POINT('',(0.49999999999999,-0.94999999999999,-25.6));
#3508=DIRECTION('',(0.,-8.1854186939607E-15,1.));
#3509=VECTOR('',#3508,1.220708139096);
#3510=LINE('',#3507,#3509);
#3511=EDGE_CURVE('',#336,#2589,#3510,.T.);
#3512=ORIENTED_EDGE('',*,*,#3511,.T.);
#3513=ORIENTED_EDGE('',*,*,#2620,.F.);
#3514=CARTESIAN_POINT('',(2.5,-0.95,-24.379291860904));
#3515=DIRECTION('',(0.,8.1854186939607E-15,-1.));
#3516=VECTOR('',#3515,1.220708139096);
#3517=LINE('',#3514,#3516);
#3518=EDGE_CURVE('',#2608,#338,#3517,.T.);
#3519=ORIENTED_EDGE('',*,*,#3518,.T.);
#3520=ORIENTED_EDGE('',*,*,#344,.F.);
#3521=EDGE_LOOP('',(#3512,#3513,#3519,#3520));
#3522=FACE_OUTER_BOUND('',#3521,.T.);
#3523=ADVANCED_FACE('',(#3522),#3506,.F.);
#3524=CARTESIAN_POINT('',(2.5,2.05,-24.989645930452));
#3525=DIRECTION('',(1.4802973661669E-16,1.,0.));
#3526=DIRECTION('',(-1.,1.4802973661669E-16,-7.2759277279651E-16));
#3527=AXIS2_PLACEMENT_3D('',#3524,#3526,#3525);
#3528=PLANE('',#3527);
#3529=ORIENTED_EDGE('',*,*,#3518,.F.);
#3530=ORIENTED_EDGE('',*,*,#2613,.F.);
#3531=CARTESIAN_POINT('',(2.5,5.05,-24.379291860904));
#3532=DIRECTION('',(0.,0.,-1.));
#3533=VECTOR('',#3532,1.220708139096);
#3534=LINE('',#3531,#3533);
#3535=EDGE_CURVE('',#2599,#347,#3534,.T.);
#3536=ORIENTED_EDGE('',*,*,#3535,.T.);
#3537=ORIENTED_EDGE('',*,*,#352,.F.);
#3538=EDGE_LOOP('',(#3529,#3530,#3536,#3537));
#3539=FACE_OUTER_BOUND('',#3538,.T.);
#3540=ADVANCED_FACE('',(#3539),#3528,.T.);
#3541=CARTESIAN_POINT('',(1.5,5.05,-24.379291860904));
#3542=DIRECTION('',(-0.9999999999998,6.4046699144171E-07,0.));
#3543=DIRECTION('',(0.,7.275927727965E-15,-1.));
#3544=AXIS2_PLACEMENT_3D('',#3541,#3543,#3542);
#3545=CYLINDRICAL_SURFACE('',#3544,1.);
#3546=ORIENTED_EDGE('',*,*,#3535,.F.);
#3547=ORIENTED_EDGE('',*,*,#2605,.F.);
#3548=CARTESIAN_POINT('',(0.49999999999999,5.05,-24.379291860904));
#3549=DIRECTION('',(0.,0.,-1.));
#3550=VECTOR('',#3549,1.220708139096);
#3551=LINE('',#3548,#3550);
#3552=EDGE_CURVE('',#2591,#355,#3551,.T.);
#3553=ORIENTED_EDGE('',*,*,#3552,.T.);
#3554=ORIENTED_EDGE('',*,*,#361,.F.);
#3555=EDGE_LOOP('',(#3546,#3547,#3553,#3554));
#3556=FACE_OUTER_BOUND('',#3555,.T.);
#3557=ADVANCED_FACE('',(#3556),#3545,.F.);
#3558=CARTESIAN_POINT('',(0.49999999999999,2.05,-24.989645930452));
#3559=DIRECTION('',(-1.2027416100106E-16,-1.,0.));
#3560=DIRECTION('',(1.,-1.2027416100106E-16,1.3642364489934E-16));
#3561=AXIS2_PLACEMENT_3D('',#3558,#3560,#3559);
#3562=PLANE('',#3561);
#3563=ORIENTED_EDGE('',*,*,#3511,.F.);
#3564=ORIENTED_EDGE('',*,*,#367,.F.);
#3565=ORIENTED_EDGE('',*,*,#3552,.F.);
#3566=ORIENTED_EDGE('',*,*,#2596,.F.);
#3567=EDGE_LOOP('',(#3563,#3564,#3565,#3566));
#3568=FACE_OUTER_BOUND('',#3567,.T.);
#3569=ADVANCED_FACE('',(#3568),#3562,.T.);
#3570=CARTESIAN_POINT('',(-14.5,-0.95000000000001,-24.379291860904));
#3571=DIRECTION('',(0.9999999999998,-6.4046698833309E-07,0.));
#3572=DIRECTION('',(0.,-5.6388439891729E-15,-1.));
#3573=AXIS2_PLACEMENT_3D('',#3570,#3572,#3571);
#3574=CYLINDRICAL_SURFACE('',#3573,1.);
#3575=CARTESIAN_POINT('',(-15.5,-0.94999999999999,-25.6));
#3576=DIRECTION('',(0.,0.,1.));
#3577=VECTOR('',#3576,1.220708139096);
#3578=LINE('',#3575,#3577);
#3579=EDGE_CURVE('',#372,#2419,#3578,.T.);
#3580=ORIENTED_EDGE('',*,*,#3579,.T.);
#3581=ORIENTED_EDGE('',*,*,#2425,.F.);
#3582=CARTESIAN_POINT('',(-13.5,-0.94999999999999,-24.379291860904));
#3583=DIRECTION('',(0.,0.,-1.));
#3584=VECTOR('',#3583,1.220708139096);
#3585=LINE('',#3582,#3584);
#3586=EDGE_CURVE('',#2411,#374,#3585,.T.);
#3587=ORIENTED_EDGE('',*,*,#3586,.T.);
#3588=ORIENTED_EDGE('',*,*,#380,.F.);
#3589=EDGE_LOOP('',(#3580,#3581,#3587,#3588));
#3590=FACE_OUTER_BOUND('',#3589,.T.);
#3591=ADVANCED_FACE('',(#3590),#3574,.F.);
#3592=CARTESIAN_POINT('',(-13.5,2.05,-24.989645930452));
#3593=DIRECTION('',(2.9605947323338E-16,1.,0.));
#3594=DIRECTION('',(-1.,2.9605947323338E-16,-1.455185545593E-15));
#3595=AXIS2_PLACEMENT_3D('',#3592,#3594,#3593);
#3596=PLANE('',#3595);
#3597=ORIENTED_EDGE('',*,*,#3586,.F.);
#3598=ORIENTED_EDGE('',*,*,#2416,.F.);
#3599=CARTESIAN_POINT('',(-13.5,5.05,-24.379291860904));
#3600=DIRECTION('',(0.,0.,-1.));
#3601=VECTOR('',#3600,1.220708139096);
#3602=LINE('',#3599,#3601);
#3603=EDGE_CURVE('',#2409,#383,#3602,.T.);
#3604=ORIENTED_EDGE('',*,*,#3603,.T.);
#3605=ORIENTED_EDGE('',*,*,#388,.F.);
#3606=EDGE_LOOP('',(#3597,#3598,#3604,#3605));
#3607=FACE_OUTER_BOUND('',#3606,.T.);
#3608=ADVANCED_FACE('',(#3607),#3596,.T.);
#3609=CARTESIAN_POINT('',(-14.5,5.05,-24.379291860904));
#3610=DIRECTION('',(-0.9999999999998,6.4046700476439E-07,0.));
#3611=DIRECTION('',(0.,3.6379638639825E-15,-1.));
#3612=AXIS2_PLACEMENT_3D('',#3609,#3611,#3610);
#3613=CYLINDRICAL_SURFACE('',#3612,1.);
#3614=ORIENTED_EDGE('',*,*,#3603,.F.);
#3615=ORIENTED_EDGE('',*,*,#2440,.F.);
#3616=CARTESIAN_POINT('',(-15.5,5.05,-24.379291860904));
#3617=DIRECTION('',(0.,0.,-1.));
#3618=VECTOR('',#3617,1.220708139096);
#3619=LINE('',#3616,#3618);
#3620=EDGE_CURVE('',#2428,#391,#3619,.T.);
#3621=ORIENTED_EDGE('',*,*,#3620,.T.);
#3622=ORIENTED_EDGE('',*,*,#397,.F.);
#3623=EDGE_LOOP('',(#3614,#3615,#3621,#3622));
#3624=FACE_OUTER_BOUND('',#3623,.T.);
#3625=ADVANCED_FACE('',(#3624),#3613,.F.);
#3626=CARTESIAN_POINT('',(-15.5,2.05,-24.989645930452));
#3627=DIRECTION('',(-2.9605947323338E-16,-1.,0.));
#3628=DIRECTION('',(1.,-2.9605947323338E-16,1.455185545593E-15));
#3629=AXIS2_PLACEMENT_3D('',#3626,#3628,#3627);
#3630=PLANE('',#3629);
#3631=ORIENTED_EDGE('',*,*,#3579,.F.);
#3632=ORIENTED_EDGE('',*,*,#403,.F.);
#3633=ORIENTED_EDGE('',*,*,#3620,.F.);
#3634=ORIENTED_EDGE('',*,*,#2433,.F.);
#3635=EDGE_LOOP('',(#3631,#3632,#3633,#3634));
#3636=FACE_OUTER_BOUND('',#3635,.T.);
#3637=ADVANCED_FACE('',(#3636),#3630,.T.);
#3638=CARTESIAN_POINT('',(-22.5,-0.95000000000001,-24.379291860904));
#3639=DIRECTION('',(0.9999999999998,-6.4046698333709E-07,1.0658141036402E-14));
#3640=DIRECTION('',(5.820742182372E-15,-7.275927727965E-15,-1.));
#3641=AXIS2_PLACEMENT_3D('',#3638,#3640,#3639);
#3642=CYLINDRICAL_SURFACE('',#3641,0.99999999999999);
#3643=CARTESIAN_POINT('',(-23.5,-0.94999999999999,-25.6));
#3644=DIRECTION('',(0.,0.,1.));
#3645=VECTOR('',#3644,1.220708139096);
#3646=LINE('',#3643,#3645);
#3647=EDGE_CURVE('',#408,#2661,#3646,.T.);
#3648=ORIENTED_EDGE('',*,*,#3647,.T.);
#3649=ORIENTED_EDGE('',*,*,#2692,.F.);
#3650=CARTESIAN_POINT('',(-21.5,-0.94999999999999,-24.379291860904));
#3651=DIRECTION('',(0.,0.,-1.));
#3652=VECTOR('',#3651,1.220708139096);
#3653=LINE('',#3650,#3652);
#3654=EDGE_CURVE('',#2680,#410,#3653,.T.);
#3655=ORIENTED_EDGE('',*,*,#3654,.T.);
#3656=ORIENTED_EDGE('',*,*,#416,.F.);
#3657=EDGE_LOOP('',(#3648,#3649,#3655,#3656));
#3658=FACE_OUTER_BOUND('',#3657,.T.);
#3659=ADVANCED_FACE('',(#3658),#3642,.F.);
#3660=CARTESIAN_POINT('',(-21.5,2.05,-24.989645930452));
#3661=DIRECTION('',(0.,1.,0.));
#3662=DIRECTION('',(-1.,0.,-5.8207421823721E-15));
#3663=AXIS2_PLACEMENT_3D('',#3660,#3662,#3661);
#3664=PLANE('',#3663);
#3665=ORIENTED_EDGE('',*,*,#3654,.F.);
#3666=ORIENTED_EDGE('',*,*,#2685,.F.);
#3667=CARTESIAN_POINT('',(-21.5,5.05,-24.379291860904));
#3668=DIRECTION('',(0.,0.,-1.));
#3669=VECTOR('',#3668,1.220708139096);
#3670=LINE('',#3667,#3669);
#3671=EDGE_CURVE('',#2671,#419,#3670,.T.);
#3672=ORIENTED_EDGE('',*,*,#3671,.T.);
#3673=ORIENTED_EDGE('',*,*,#424,.F.);
#3674=EDGE_LOOP('',(#3665,#3666,#3672,#3673));
#3675=FACE_OUTER_BOUND('',#3674,.T.);
#3676=ADVANCED_FACE('',(#3675),#3664,.T.);
#3677=CARTESIAN_POINT('',(-22.5,5.05,-24.379291860904));
#3678=DIRECTION('',(-0.9999999999998,6.4046701364617E-07,0.));
#3679=DIRECTION('',(0.,0.,-1.));
#3680=AXIS2_PLACEMENT_3D('',#3677,#3679,#3678);
#3681=CYLINDRICAL_SURFACE('',#3680,1.);
#3682=ORIENTED_EDGE('',*,*,#3671,.F.);
#3683=ORIENTED_EDGE('',*,*,#2677,.F.);
#3684=CARTESIAN_POINT('',(-23.5,5.05,-24.379291860904));
#3685=DIRECTION('',(0.,0.,-1.));
#3686=VECTOR('',#3685,1.220708139096);
#3687=LINE('',#3684,#3686);
#3688=EDGE_CURVE('',#2663,#427,#3687,.T.);
#3689=ORIENTED_EDGE('',*,*,#3688,.T.);
#3690=ORIENTED_EDGE('',*,*,#433,.F.);
#3691=EDGE_LOOP('',(#3682,#3683,#3689,#3690));
#3692=FACE_OUTER_BOUND('',#3691,.T.);
#3693=ADVANCED_FACE('',(#3692),#3681,.F.);
#3694=CARTESIAN_POINT('',(-23.5,2.05,-24.989645930452));
#3695=DIRECTION('',(0.,-1.,0.));
#3696=DIRECTION('',(1.,0.,0.));
#3697=AXIS2_PLACEMENT_3D('',#3694,#3696,#3695);
#3698=PLANE('',#3697);
#3699=ORIENTED_EDGE('',*,*,#3647,.F.);
#3700=ORIENTED_EDGE('',*,*,#439,.F.);
#3701=ORIENTED_EDGE('',*,*,#3688,.F.);
#3702=ORIENTED_EDGE('',*,*,#2668,.F.);
#3703=EDGE_LOOP('',(#3699,#3700,#3701,#3702));
#3704=FACE_OUTER_BOUND('',#3703,.T.);
#3705=ADVANCED_FACE('',(#3704),#3698,.T.);
#3706=CARTESIAN_POINT('',(-18.5,-0.95000000000001,-24.379291860904));
#3707=DIRECTION('',(0.9999999999998,-6.4046697911824E-07,-3.5527136788005E-15));
#3708=DIRECTION('',(0.,-7.094029534766E-15,-1.));
#3709=AXIS2_PLACEMENT_3D('',#3706,#3708,#3707);
#3710=CYLINDRICAL_SURFACE('',#3709,0.99999999999999);
#3711=CARTESIAN_POINT('',(-19.5,-0.94999999999999,-25.6));
#3712=DIRECTION('',(0.,0.,1.));
#3713=VECTOR('',#3712,1.220708139096);
#3714=LINE('',#3711,#3713);
#3715=EDGE_CURVE('',#444,#2481,#3714,.T.);
#3716=ORIENTED_EDGE('',*,*,#3715,.T.);
#3717=ORIENTED_EDGE('',*,*,#2512,.F.);
#3718=CARTESIAN_POINT('',(-17.5,-0.94999999999999,-24.379291860904));
#3719=DIRECTION('',(0.,0.,-1.));
#3720=VECTOR('',#3719,1.220708139096);
#3721=LINE('',#3718,#3720);
#3722=EDGE_CURVE('',#2500,#446,#3721,.T.);
#3723=ORIENTED_EDGE('',*,*,#3722,.T.);
#3724=ORIENTED_EDGE('',*,*,#452,.F.);
#3725=EDGE_LOOP('',(#3716,#3717,#3723,#3724));
#3726=FACE_OUTER_BOUND('',#3725,.T.);
#3727=ADVANCED_FACE('',(#3726),#3710,.F.);
#3728=CARTESIAN_POINT('',(-17.5,2.05,-24.989645930452));
#3729=DIRECTION('',(0.,1.,0.));
#3730=DIRECTION('',(-1.,0.,5.8207421823721E-15));
#3731=AXIS2_PLACEMENT_3D('',#3728,#3730,#3729);
#3732=PLANE('',#3731);
#3733=ORIENTED_EDGE('',*,*,#3722,.F.);
#3734=ORIENTED_EDGE('',*,*,#2505,.F.);
#3735=CARTESIAN_POINT('',(-17.5,5.05,-24.379291860904));
#3736=DIRECTION('',(0.,0.,-1.));
#3737=VECTOR('',#3736,1.220708139096);
#3738=LINE('',#3735,#3737);
#3739=EDGE_CURVE('',#2491,#455,#3738,.T.);
#3740=ORIENTED_EDGE('',*,*,#3739,.T.);
#3741=ORIENTED_EDGE('',*,*,#460,.F.);
#3742=EDGE_LOOP('',(#3733,#3734,#3740,#3741));
#3743=FACE_OUTER_BOUND('',#3742,.T.);
#3744=ADVANCED_FACE('',(#3743),#3732,.T.);
#3745=CARTESIAN_POINT('',(-18.5,5.05,-24.379291860904));
#3746=DIRECTION('',(-0.99999999999998,1.9937111694901E-07,0.));
#3747=DIRECTION('',(0.,6.5483349551686E-15,-1.));
#3748=AXIS2_PLACEMENT_3D('',#3745,#3747,#3746);
#3749=CYLINDRICAL_SURFACE('',#3748,1.);
#3750=CARTESIAN_POINT('',(-19.5,5.05,-24.379291860904));
#3751=DIRECTION('',(0.,0.,-1.));
#3752=VECTOR('',#3751,1.220708139096);
#3753=LINE('',#3750,#3752);
#3754=EDGE_CURVE('',#2483,#463,#3753,.T.);
#3755=ORIENTED_EDGE('',*,*,#3754,.T.);
#3756=ORIENTED_EDGE('',*,*,#469,.F.);
#3757=ORIENTED_EDGE('',*,*,#3739,.F.);
#3758=ORIENTED_EDGE('',*,*,#2497,.F.);
#3759=EDGE_LOOP('',(#3755,#3756,#3757,#3758));
#3760=FACE_OUTER_BOUND('',#3759,.T.);
#3761=ADVANCED_FACE('',(#3760),#3749,.F.);
#3762=CARTESIAN_POINT('',(-19.5,2.05,-24.989645930452));
#3763=DIRECTION('',(0.,-1.,0.));
#3764=DIRECTION('',(1.,0.,0.));
#3765=AXIS2_PLACEMENT_3D('',#3762,#3764,#3763);
#3766=PLANE('',#3765);
#3767=ORIENTED_EDGE('',*,*,#3715,.F.);
#3768=ORIENTED_EDGE('',*,*,#475,.F.);
#3769=ORIENTED_EDGE('',*,*,#3754,.F.);
#3770=ORIENTED_EDGE('',*,*,#2488,.F.);
#3771=EDGE_LOOP('',(#3767,#3768,#3769,#3770));
#3772=FACE_OUTER_BOUND('',#3771,.T.);
#3773=ADVANCED_FACE('',(#3772),#3766,.T.);
#3774=CARTESIAN_POINT('',(18.,-0.95000000000001,-24.379291860904));
#3775=DIRECTION('',(0.9999999999998,-6.4046699477239E-07,7.1054273576011E-15));
#3776=DIRECTION('',(0.,9.0949096599564E-17,-1.));
#3777=AXIS2_PLACEMENT_3D('',#3774,#3776,#3775);
#3778=CYLINDRICAL_SURFACE('',#3777,0.99999999999999);
#3779=CARTESIAN_POINT('',(17.,-0.95,-25.6));
#3780=DIRECTION('',(0.,0.,1.));
#3781=VECTOR('',#3780,1.220708139096);
#3782=LINE('',#3779,#3781);
#3783=EDGE_CURVE('',#480,#2635,#3782,.T.);
#3784=ORIENTED_EDGE('',*,*,#3783,.T.);
#3785=ORIENTED_EDGE('',*,*,#2641,.F.);
#3786=CARTESIAN_POINT('',(19.,-0.95,-24.379291860904));
#3787=DIRECTION('',(0.,0.,-1.));
#3788=VECTOR('',#3787,1.220708139096);
#3789=LINE('',#3786,#3788);
#3790=EDGE_CURVE('',#2627,#482,#3789,.T.);
#3791=ORIENTED_EDGE('',*,*,#3790,.T.);
#3792=ORIENTED_EDGE('',*,*,#488,.F.);
#3793=EDGE_LOOP('',(#3784,#3785,#3791,#3792));
#3794=FACE_OUTER_BOUND('',#3793,.T.);
#3795=ADVANCED_FACE('',(#3794),#3778,.F.);
#3796=CARTESIAN_POINT('',(19.,2.05,-24.989645930452));
#3797=DIRECTION('',(0.,1.,0.));
#3798=DIRECTION('',(-1.,0.,0.));
#3799=AXIS2_PLACEMENT_3D('',#3796,#3798,#3797);
#3800=PLANE('',#3799);
#3801=ORIENTED_EDGE('',*,*,#3790,.F.);
#3802=ORIENTED_EDGE('',*,*,#2632,.F.);
#3803=CARTESIAN_POINT('',(19.,5.05,-24.379291860904));
#3804=DIRECTION('',(0.,0.,-1.));
#3805=VECTOR('',#3804,1.220708139096);
#3806=LINE('',#3803,#3805);
#3807=EDGE_CURVE('',#2625,#491,#3806,.T.);
#3808=ORIENTED_EDGE('',*,*,#3807,.T.);
#3809=ORIENTED_EDGE('',*,*,#496,.F.);
#3810=EDGE_LOOP('',(#3801,#3802,#3808,#3809));
#3811=FACE_OUTER_BOUND('',#3810,.T.);
#3812=ADVANCED_FACE('',(#3811),#3800,.T.);
#3813=CARTESIAN_POINT('',(18.,5.05,-24.379291860904));
#3814=DIRECTION('',(-0.9999999999998,6.4046701897524E-07,-1.0658141036401E-14));
#3815=DIRECTION('',(0.,0.,-1.));
#3816=AXIS2_PLACEMENT_3D('',#3813,#3815,#3814);
#3817=CYLINDRICAL_SURFACE('',#3816,1.);
#3818=ORIENTED_EDGE('',*,*,#3807,.F.);
#3819=ORIENTED_EDGE('',*,*,#2656,.F.);
#3820=CARTESIAN_POINT('',(17.,5.05,-24.379291860904));
#3821=DIRECTION('',(0.,0.,-1.));
#3822=VECTOR('',#3821,1.220708139096);
#3823=LINE('',#3820,#3822);
#3824=EDGE_CURVE('',#2644,#499,#3823,.T.);
#3825=ORIENTED_EDGE('',*,*,#3824,.T.);
#3826=ORIENTED_EDGE('',*,*,#505,.F.);
#3827=EDGE_LOOP('',(#3818,#3819,#3825,#3826));
#3828=FACE_OUTER_BOUND('',#3827,.T.);
#3829=ADVANCED_FACE('',(#3828),#3817,.F.);
#3830=CARTESIAN_POINT('',(17.,2.05,-24.989645930452));
#3831=DIRECTION('',(0.,-1.,0.));
#3832=DIRECTION('',(1.,0.,0.));
#3833=AXIS2_PLACEMENT_3D('',#3830,#3832,#3831);
#3834=PLANE('',#3833);
#3835=ORIENTED_EDGE('',*,*,#3783,.F.);
#3836=ORIENTED_EDGE('',*,*,#511,.F.);
#3837=ORIENTED_EDGE('',*,*,#3824,.F.);
#3838=ORIENTED_EDGE('',*,*,#2649,.F.);
#3839=EDGE_LOOP('',(#3835,#3836,#3837,#3838));
#3840=FACE_OUTER_BOUND('',#3839,.T.);
#3841=ADVANCED_FACE('',(#3840),#3834,.T.);
#3842=CARTESIAN_POINT('',(22.,-0.95000000000003,-24.379291860904));
#3843=DIRECTION('',(0.9999999999998,-6.4046697234589E-07,-3.5527136788006E-15));
#3844=DIRECTION('',(0.,-5.820742182372E-15,-1.));
#3845=AXIS2_PLACEMENT_3D('',#3842,#3844,#3843);
#3846=CYLINDRICAL_SURFACE('',#3845,0.99999999999998);
#3847=CARTESIAN_POINT('',(21.,-0.95,-25.6));
#3848=DIRECTION('',(0.,0.,1.));
#3849=VECTOR('',#3848,1.220708139096);
#3850=LINE('',#3847,#3849);
#3851=EDGE_CURVE('',#516,#2383,#3850,.T.);
#3852=ORIENTED_EDGE('',*,*,#3851,.T.);
#3853=ORIENTED_EDGE('',*,*,#2389,.F.);
#3854=CARTESIAN_POINT('',(23.,-0.95,-24.379291860904));
#3855=DIRECTION('',(0.,0.,-1.));
#3856=VECTOR('',#3855,1.220708139096);
#3857=LINE('',#3854,#3856);
#3858=EDGE_CURVE('',#2375,#518,#3857,.T.);
#3859=ORIENTED_EDGE('',*,*,#3858,.T.);
#3860=ORIENTED_EDGE('',*,*,#524,.F.);
#3861=EDGE_LOOP('',(#3852,#3853,#3859,#3860));
#3862=FACE_OUTER_BOUND('',#3861,.T.);
#3863=ADVANCED_FACE('',(#3862),#3846,.F.);
#3864=CARTESIAN_POINT('',(23.,2.05,-24.989645930452));
#3865=DIRECTION('',(0.,1.,0.));
#3866=DIRECTION('',(-1.,0.,0.));
#3867=AXIS2_PLACEMENT_3D('',#3864,#3866,#3865);
#3868=PLANE('',#3867);
#3869=ORIENTED_EDGE('',*,*,#3858,.F.);
#3870=ORIENTED_EDGE('',*,*,#2380,.F.);
#3871=CARTESIAN_POINT('',(23.,5.05,-24.379291860904));
#3872=DIRECTION('',(0.,0.,-1.));
#3873=VECTOR('',#3872,1.220708139096);
#3874=LINE('',#3871,#3873);
#3875=EDGE_CURVE('',#2373,#527,#3874,.T.);
#3876=ORIENTED_EDGE('',*,*,#3875,.T.);
#3877=ORIENTED_EDGE('',*,*,#532,.F.);
#3878=EDGE_LOOP('',(#3869,#3870,#3876,#3877));
#3879=FACE_OUTER_BOUND('',#3878,.T.);
#3880=ADVANCED_FACE('',(#3879),#3868,.T.);
#3881=CARTESIAN_POINT('',(22.,5.05,-24.379291860904));
#3882=DIRECTION('',(-0.99999999999998,1.9937112849533E-07,-7.1054273576011E-15));
#3883=DIRECTION('',(0.,0.,-1.));
#3884=AXIS2_PLACEMENT_3D('',#3881,#3883,#3882);
#3885=CYLINDRICAL_SURFACE('',#3884,0.99999999999999);
#3886=CARTESIAN_POINT('',(21.,5.05,-24.379291860904));
#3887=DIRECTION('',(0.,0.,-1.));
#3888=VECTOR('',#3887,1.220708139096);
#3889=LINE('',#3886,#3888);
#3890=EDGE_CURVE('',#2392,#535,#3889,.T.);
#3891=ORIENTED_EDGE('',*,*,#3890,.T.);
#3892=ORIENTED_EDGE('',*,*,#541,.F.);
#3893=ORIENTED_EDGE('',*,*,#3875,.F.);
#3894=ORIENTED_EDGE('',*,*,#2404,.F.);
#3895=EDGE_LOOP('',(#3891,#3892,#3893,#3894));
#3896=FACE_OUTER_BOUND('',#3895,.T.);
#3897=ADVANCED_FACE('',(#3896),#3885,.F.);
#3898=CARTESIAN_POINT('',(21.,2.05,-24.989645930452));
#3899=DIRECTION('',(0.,-1.,0.));
#3900=DIRECTION('',(1.,0.,-5.8207421823721E-15));
#3901=AXIS2_PLACEMENT_3D('',#3898,#3900,#3899);
#3902=PLANE('',#3901);
#3903=ORIENTED_EDGE('',*,*,#3851,.F.);
#3904=ORIENTED_EDGE('',*,*,#547,.F.);
#3905=ORIENTED_EDGE('',*,*,#3890,.F.);
#3906=ORIENTED_EDGE('',*,*,#2397,.F.);
#3907=EDGE_LOOP('',(#3903,#3904,#3905,#3906));
#3908=FACE_OUTER_BOUND('',#3907,.T.);
#3909=ADVANCED_FACE('',(#3908),#3902,.T.);
#3910=CARTESIAN_POINT('',(26.,-0.94999999999999,-24.379291860904));
#3911=DIRECTION('',(0.9999999999998,-6.4046701986341E-07,-7.1054273576009E-15));
#3912=DIRECTION('',(-8.731113273558E-15,-2.0008801251904E-15,-1.));
#3913=AXIS2_PLACEMENT_3D('',#3910,#3912,#3911);
#3914=CYLINDRICAL_SURFACE('',#3913,1.);
#3915=CARTESIAN_POINT('',(25.,-0.95,-25.6));
#3916=DIRECTION('',(0.,0.,1.));
#3917=VECTOR('',#3916,1.220708139096);
#3918=LINE('',#3915,#3917);
#3919=EDGE_CURVE('',#552,#2733,#3918,.T.);
#3920=ORIENTED_EDGE('',*,*,#3919,.T.);
#3921=ORIENTED_EDGE('',*,*,#2764,.F.);
#3922=CARTESIAN_POINT('',(27.,-0.95,-24.379291860904));
#3923=DIRECTION('',(0.,0.,-1.));
#3924=VECTOR('',#3923,1.220708139096);
#3925=LINE('',#3922,#3924);
#3926=EDGE_CURVE('',#2752,#554,#3925,.T.);
#3927=ORIENTED_EDGE('',*,*,#3926,.T.);
#3928=ORIENTED_EDGE('',*,*,#560,.F.);
#3929=EDGE_LOOP('',(#3920,#3921,#3927,#3928));
#3930=FACE_OUTER_BOUND('',#3929,.T.);
#3931=ADVANCED_FACE('',(#3930),#3914,.F.);
#3932=CARTESIAN_POINT('',(27.,2.05,-24.989645930452));
#3933=DIRECTION('',(0.,1.,0.));
#3934=DIRECTION('',(-1.,0.,0.));
#3935=AXIS2_PLACEMENT_3D('',#3932,#3934,#3933);
#3936=PLANE('',#3935);
#3937=ORIENTED_EDGE('',*,*,#3926,.F.);
#3938=ORIENTED_EDGE('',*,*,#2757,.F.);
#3939=CARTESIAN_POINT('',(27.,5.05,-24.379291860904));
#3940=DIRECTION('',(0.,0.,-1.));
#3941=VECTOR('',#3940,1.220708139096);
#3942=LINE('',#3939,#3941);
#3943=EDGE_CURVE('',#2743,#563,#3942,.T.);
#3944=ORIENTED_EDGE('',*,*,#3943,.T.);
#3945=ORIENTED_EDGE('',*,*,#568,.F.);
#3946=EDGE_LOOP('',(#3937,#3938,#3944,#3945));
#3947=FACE_OUTER_BOUND('',#3946,.T.);
#3948=ADVANCED_FACE('',(#3947),#3936,.T.);
#3949=CARTESIAN_POINT('',(26.,5.05,-24.379291860904));
#3950=DIRECTION('',(-0.9999999999998,6.4046699588261E-07,1.0658141036402E-14));
#3951=DIRECTION('',(-2.910371091186E-15,4.365556636779E-15,-1.));
#3952=AXIS2_PLACEMENT_3D('',#3949,#3951,#3950);
#3953=CYLINDRICAL_SURFACE('',#3952,0.99999999999998);
#3954=ORIENTED_EDGE('',*,*,#3943,.F.);
#3955=ORIENTED_EDGE('',*,*,#2749,.F.);
#3956=CARTESIAN_POINT('',(25.,5.05,-24.379291860904));
#3957=DIRECTION('',(0.,0.,-1.));
#3958=VECTOR('',#3957,1.220708139096);
#3959=LINE('',#3956,#3958);
#3960=EDGE_CURVE('',#2735,#571,#3959,.T.);
#3961=ORIENTED_EDGE('',*,*,#3960,.T.);
#3962=ORIENTED_EDGE('',*,*,#577,.F.);
#3963=EDGE_LOOP('',(#3954,#3955,#3961,#3962));
#3964=FACE_OUTER_BOUND('',#3963,.T.);
#3965=ADVANCED_FACE('',(#3964),#3953,.F.);
#3966=CARTESIAN_POINT('',(25.,2.05,-24.989645930452));
#3967=DIRECTION('',(0.,-1.,0.));
#3968=DIRECTION('',(1.,0.,5.8207421823721E-15));
#3969=AXIS2_PLACEMENT_3D('',#3966,#3968,#3967);
#3970=PLANE('',#3969);
#3971=ORIENTED_EDGE('',*,*,#3919,.F.);
#3972=ORIENTED_EDGE('',*,*,#583,.F.);
#3973=ORIENTED_EDGE('',*,*,#3960,.F.);
#3974=ORIENTED_EDGE('',*,*,#2740,.F.);
#3975=EDGE_LOOP('',(#3971,#3972,#3973,#3974));
#3976=FACE_OUTER_BOUND('',#3975,.T.);
#3977=ADVANCED_FACE('',(#3976),#3970,.T.);
#3978=CARTESIAN_POINT('',(-6.5,-0.95000000000001,-24.379291860904));
#3979=DIRECTION('',(0.9999999999998,-6.4046699421728E-07,-3.5527136788005E-15));
#3980=DIRECTION('',(0.,-3.4560656707834E-15,-1.));
#3981=AXIS2_PLACEMENT_3D('',#3978,#3980,#3979);
#3982=CYLINDRICAL_SURFACE('',#3981,0.99999999999999);
#3983=CARTESIAN_POINT('',(-7.5,-0.94999999999999,-25.6));
#3984=DIRECTION('',(0.,0.,1.));
#3985=VECTOR('',#3984,1.220708139096);
#3986=LINE('',#3983,#3985);
#3987=EDGE_CURVE('',#588,#2553,#3986,.T.);
#3988=ORIENTED_EDGE('',*,*,#3987,.T.);
#3989=ORIENTED_EDGE('',*,*,#2584,.F.);
#3990=CARTESIAN_POINT('',(-5.5,-0.95,-24.379291860904));
#3991=DIRECTION('',(0.,8.1854186939607E-15,-1.));
#3992=VECTOR('',#3991,1.220708139096);
#3993=LINE('',#3990,#3992);
#3994=EDGE_CURVE('',#2572,#590,#3993,.T.);
#3995=ORIENTED_EDGE('',*,*,#3994,.T.);
#3996=ORIENTED_EDGE('',*,*,#596,.F.);
#3997=EDGE_LOOP('',(#3988,#3989,#3995,#3996));
#3998=FACE_OUTER_BOUND('',#3997,.T.);
#3999=ADVANCED_FACE('',(#3998),#3982,.F.);
#4000=CARTESIAN_POINT('',(-5.5,2.05,-24.989645930452));
#4001=DIRECTION('',(0.,1.,0.));
#4002=DIRECTION('',(-1.,0.,0.));
#4003=AXIS2_PLACEMENT_3D('',#4000,#4002,#4001);
#4004=PLANE('',#4003);
#4005=ORIENTED_EDGE('',*,*,#3994,.F.);
#4006=ORIENTED_EDGE('',*,*,#2577,.F.);
#4007=CARTESIAN_POINT('',(-5.5,5.05,-24.379291860904));
#4008=DIRECTION('',(0.,0.,-1.));
#4009=VECTOR('',#4008,1.220708139096);
#4010=LINE('',#4007,#4009);
#4011=EDGE_CURVE('',#2563,#599,#4010,.T.);
#4012=ORIENTED_EDGE('',*,*,#4011,.T.);
#4013=ORIENTED_EDGE('',*,*,#604,.F.);
#4014=EDGE_LOOP('',(#4005,#4006,#4012,#4013));
#4015=FACE_OUTER_BOUND('',#4014,.T.);
#4016=ADVANCED_FACE('',(#4015),#4004,.T.);
#4017=CARTESIAN_POINT('',(-6.5,5.05,-24.379291860904));
#4018=DIRECTION('',(-0.99999999999998,1.9937112671897E-07,3.5527136788005E-15));
#4019=DIRECTION('',(0.,7.2759277279651E-16,-1.));
#4020=AXIS2_PLACEMENT_3D('',#4017,#4019,#4018);
#4021=CYLINDRICAL_SURFACE('',#4020,1.);
#4022=CARTESIAN_POINT('',(-7.5,5.05,-24.379291860904));
#4023=DIRECTION('',(0.,0.,-1.));
#4024=VECTOR('',#4023,1.220708139096);
#4025=LINE('',#4022,#4024);
#4026=EDGE_CURVE('',#2555,#607,#4025,.T.);
#4027=ORIENTED_EDGE('',*,*,#4026,.T.);
#4028=ORIENTED_EDGE('',*,*,#613,.F.);
#4029=ORIENTED_EDGE('',*,*,#4011,.F.);
#4030=ORIENTED_EDGE('',*,*,#2569,.F.);
#4031=EDGE_LOOP('',(#4027,#4028,#4029,#4030));
#4032=FACE_OUTER_BOUND('',#4031,.T.);
#4033=ADVANCED_FACE('',(#4032),#4021,.F.);
#4034=CARTESIAN_POINT('',(-7.5,2.05,-24.989645930452));
#4035=DIRECTION('',(0.,-1.,0.));
#4036=DIRECTION('',(1.,0.,0.));
#4037=AXIS2_PLACEMENT_3D('',#4034,#4036,#4035);
#4038=PLANE('',#4037);
#4039=ORIENTED_EDGE('',*,*,#3987,.F.);
#4040=ORIENTED_EDGE('',*,*,#619,.F.);
#4041=ORIENTED_EDGE('',*,*,#4026,.F.);
#4042=ORIENTED_EDGE('',*,*,#2560,.F.);
#4043=EDGE_LOOP('',(#4039,#4040,#4041,#4042));
#4044=FACE_OUTER_BOUND('',#4043,.T.);
#4045=ADVANCED_FACE('',(#4044),#4038,.T.);
#4046=CARTESIAN_POINT('',(-10.5,-0.95,-24.379291860904));
#4047=DIRECTION('',(0.9999999999998,-6.4046700098963E-07,-7.105427357601E-15));
#4048=DIRECTION('',(-1.455185545593E-15,-1.6370837387921E-15,-1.));
#4049=AXIS2_PLACEMENT_3D('',#4046,#4048,#4047);
#4050=CYLINDRICAL_SURFACE('',#4049,1.);
#4051=CARTESIAN_POINT('',(-11.5,-0.94999999999999,-25.6));
#4052=DIRECTION('',(0.,0.,1.));
#4053=VECTOR('',#4052,1.220708139096);
#4054=LINE('',#4051,#4053);
#4055=EDGE_CURVE('',#624,#2697,#4054,.T.);
#4056=ORIENTED_EDGE('',*,*,#4055,.T.);
#4057=ORIENTED_EDGE('',*,*,#2728,.F.);
#4058=CARTESIAN_POINT('',(-9.5,-0.94999999999999,-24.379291860904));
#4059=DIRECTION('',(0.,0.,-1.));
#4060=VECTOR('',#4059,1.220708139096);
#4061=LINE('',#4058,#4060);
#4062=EDGE_CURVE('',#2716,#626,#4061,.T.);
#4063=ORIENTED_EDGE('',*,*,#4062,.T.);
#4064=ORIENTED_EDGE('',*,*,#632,.F.);
#4065=EDGE_LOOP('',(#4056,#4057,#4063,#4064));
#4066=FACE_OUTER_BOUND('',#4065,.T.);
#4067=ADVANCED_FACE('',(#4066),#4050,.F.);
#4068=CARTESIAN_POINT('',(-9.5,2.05,-24.989645930452));
#4069=DIRECTION('',(2.9605947323338E-16,1.,0.));
#4070=DIRECTION('',(-1.,2.9605947323338E-16,1.455185545593E-15));
#4071=AXIS2_PLACEMENT_3D('',#4068,#4070,#4069);
#4072=PLANE('',#4071);
#4073=ORIENTED_EDGE('',*,*,#4062,.F.);
#4074=ORIENTED_EDGE('',*,*,#2721,.F.);
#4075=CARTESIAN_POINT('',(-9.5,5.05,-24.379291860904));
#4076=DIRECTION('',(0.,0.,-1.));
#4077=VECTOR('',#4076,1.220708139096);
#4078=LINE('',#4075,#4077);
#4079=EDGE_CURVE('',#2707,#635,#4078,.T.);
#4080=ORIENTED_EDGE('',*,*,#4079,.T.);
#4081=ORIENTED_EDGE('',*,*,#640,.F.);
#4082=EDGE_LOOP('',(#4073,#4074,#4080,#4081));
#4083=FACE_OUTER_BOUND('',#4082,.T.);
#4084=ADVANCED_FACE('',(#4083),#4072,.T.);
#4085=CARTESIAN_POINT('',(-10.5,5.05,-24.379291860904));
#4086=DIRECTION('',(-0.99999999999998,1.9937111961355E-07,-3.5527136788005E-15));
#4087=DIRECTION('',(1.455185545593E-15,1.455185545593E-15,-1.));
#4088=AXIS2_PLACEMENT_3D('',#4085,#4087,#4086);
#4089=CYLINDRICAL_SURFACE('',#4088,1.);
#4090=CARTESIAN_POINT('',(-11.5,5.05,-24.379291860904));
#4091=DIRECTION('',(0.,0.,-1.));
#4092=VECTOR('',#4091,1.220708139096);
#4093=LINE('',#4090,#4092);
#4094=EDGE_CURVE('',#2699,#643,#4093,.T.);
#4095=ORIENTED_EDGE('',*,*,#4094,.T.);
#4096=ORIENTED_EDGE('',*,*,#649,.F.);
#4097=ORIENTED_EDGE('',*,*,#4079,.F.);
#4098=ORIENTED_EDGE('',*,*,#2713,.F.);
#4099=EDGE_LOOP('',(#4095,#4096,#4097,#4098));
#4100=FACE_OUTER_BOUND('',#4099,.T.);
#4101=ADVANCED_FACE('',(#4100),#4089,.F.);
#4102=CARTESIAN_POINT('',(-11.5,2.05,-24.989645930452));
#4103=DIRECTION('',(-5.9211894646675E-16,-1.,0.));
#4104=DIRECTION('',(1.,-5.9211894646675E-16,0.));
#4105=AXIS2_PLACEMENT_3D('',#4102,#4104,#4103);
#4106=PLANE('',#4105);
#4107=ORIENTED_EDGE('',*,*,#4055,.F.);
#4108=ORIENTED_EDGE('',*,*,#655,.F.);
#4109=ORIENTED_EDGE('',*,*,#4094,.F.);
#4110=ORIENTED_EDGE('',*,*,#2704,.F.);
#4111=EDGE_LOOP('',(#4107,#4108,#4109,#4110));
#4112=FACE_OUTER_BOUND('',#4111,.T.);
#4113=ADVANCED_FACE('',(#4112),#4106,.T.);
#4114=CARTESIAN_POINT('',(-27.5,2.05,-24.989645930452));
#4115=DIRECTION('',(0.,-1.,0.));
#4116=DIRECTION('',(1.,0.,5.8207421823721E-15));
#4117=AXIS2_PLACEMENT_3D('',#4114,#4116,#4115);
#4118=PLANE('',#4117);
#4119=CARTESIAN_POINT('',(-27.5,5.05,-25.6));
#4120=DIRECTION('',(0.,0.,1.));
#4121=VECTOR('',#4120,1.220708139096);
#4122=LINE('',#4119,#4121);
#4123=EDGE_CURVE('',#660,#2456,#4122,.T.);
#4124=ORIENTED_EDGE('',*,*,#4123,.T.);
#4125=ORIENTED_EDGE('',*,*,#2461,.F.);
#4126=CARTESIAN_POINT('',(-27.5,-0.94999999999999,-24.379291860904));
#4127=DIRECTION('',(0.,0.,-1.));
#4128=VECTOR('',#4127,1.220708139096);
#4129=LINE('',#4126,#4128);
#4130=EDGE_CURVE('',#2447,#662,#4129,.T.);
#4131=ORIENTED_EDGE('',*,*,#4130,.T.);
#4132=ORIENTED_EDGE('',*,*,#667,.F.);
#4133=EDGE_LOOP('',(#4124,#4125,#4131,#4132));
#4134=FACE_OUTER_BOUND('',#4133,.T.);
#4135=ADVANCED_FACE('',(#4134),#4118,.T.);
#4136=CARTESIAN_POINT('',(-26.5,-0.95,-24.379291860904));
#4137=DIRECTION('',(0.9999999999998,-6.4046699621569E-07,0.));
#4138=DIRECTION('',(0.,2.5465747047878E-15,-1.));
#4139=AXIS2_PLACEMENT_3D('',#4136,#4138,#4137);
#4140=CYLINDRICAL_SURFACE('',#4139,0.99999999999997);
#4141=ORIENTED_EDGE('',*,*,#4130,.F.);
#4142=ORIENTED_EDGE('',*,*,#2453,.F.);
#4143=CARTESIAN_POINT('',(-25.5,-0.94999999999999,-24.379291860904));
#4144=DIRECTION('',(0.,0.,-1.));
#4145=VECTOR('',#4144,1.220708139096);
#4146=LINE('',#4143,#4145);
#4147=EDGE_CURVE('',#2445,#670,#4146,.T.);
#4148=ORIENTED_EDGE('',*,*,#4147,.T.);
#4149=ORIENTED_EDGE('',*,*,#676,.F.);
#4150=EDGE_LOOP('',(#4141,#4142,#4148,#4149));
#4151=FACE_OUTER_BOUND('',#4150,.T.);
#4152=ADVANCED_FACE('',(#4151),#4140,.F.);
#4153=CARTESIAN_POINT('',(-25.5,2.05,-24.989645930452));
#4154=DIRECTION('',(0.,1.,0.));
#4155=DIRECTION('',(-1.,0.,0.));
#4156=AXIS2_PLACEMENT_3D('',#4153,#4155,#4154);
#4157=PLANE('',#4156);
#4158=ORIENTED_EDGE('',*,*,#4147,.F.);
#4159=ORIENTED_EDGE('',*,*,#2476,.F.);
#4160=CARTESIAN_POINT('',(-25.5,5.05,-24.379291860904));
#4161=DIRECTION('',(0.,0.,-1.));
#4162=VECTOR('',#4161,1.220708139096);
#4163=LINE('',#4160,#4162);
#4164=EDGE_CURVE('',#2464,#679,#4163,.T.);
#4165=ORIENTED_EDGE('',*,*,#4164,.T.);
#4166=ORIENTED_EDGE('',*,*,#684,.F.);
#4167=EDGE_LOOP('',(#4158,#4159,#4165,#4166));
#4168=FACE_OUTER_BOUND('',#4167,.T.);
#4169=ADVANCED_FACE('',(#4168),#4157,.T.);
#4170=CARTESIAN_POINT('',(-26.5,5.05,-24.379291860904));
#4171=DIRECTION('',(-0.99999999999998,1.9937111161994E-07,7.105427357601E-15));
#4172=DIRECTION('',(0.,8.7311132735581E-15,-1.));
#4173=AXIS2_PLACEMENT_3D('',#4170,#4172,#4171);
#4174=CYLINDRICAL_SURFACE('',#4173,1.);
#4175=ORIENTED_EDGE('',*,*,#4123,.F.);
#4176=ORIENTED_EDGE('',*,*,#691,.F.);
#4177=ORIENTED_EDGE('',*,*,#4164,.F.);
#4178=ORIENTED_EDGE('',*,*,#2470,.F.);
#4179=EDGE_LOOP('',(#4175,#4176,#4177,#4178));
#4180=FACE_OUTER_BOUND('',#4179,.T.);
#4181=ADVANCED_FACE('',(#4180),#4174,.F.);
#4182=CARTESIAN_POINT('',(-36.5,3.75,-22.8));
#4183=DIRECTION('',(-1.,4.4639665254285E-15,-1.4190092266263E-15));
#4184=DIRECTION('',(1.4190092266263E-15,-1.4190092266263E-15,-1.));
#4185=AXIS2_PLACEMENT_3D('',#4182,#4184,#4183);
#4186=CONICAL_SURFACE('',#4185,0.,0.78539816339745);
#4187=CARTESIAN_POINT('',(-39.1,3.75,-25.4));
#4188=VERTEX_POINT('',#4187);
#4189=CARTESIAN_POINT('',(-39.3,3.75,-25.6));
#4190=DIRECTION('',(0.70710678118653,0.,0.70710678118656));
#4191=VECTOR('',#4190,0.28284271247462);
#4192=LINE('',#4189,#4191);
#4193=EDGE_CURVE('',#696,#4188,#4192,.T.);
#4194=ORIENTED_EDGE('',*,*,#4193,.T.);
#4195=CARTESIAN_POINT('',(-36.5,3.75,-25.4));
#4196=DIRECTION('',(-1.,8.9351967076922E-31,1.8495337099029E-15));
#4197=DIRECTION('',(1.8495337099029E-15,4.831053719027E-16,1.));
#4198=AXIS2_PLACEMENT_3D('',#4195,#4197,#4196);
#4199=CIRCLE('',#4198,2.6);
#4200=EDGE_CURVE('',#4188,#4188,#4199,.T.);
#4201=ORIENTED_EDGE('',*,*,#4200,.T.);
#4202=ORIENTED_EDGE('',*,*,#4193,.F.);
#4203=ORIENTED_EDGE('',*,*,#702,.F.);
#4204=EDGE_LOOP('',(#4194,#4201,#4202,#4203));
#4205=FACE_OUTER_BOUND('',#4204,.T.);
#4206=ADVANCED_FACE('',(#4205),#4186,.F.);
#4207=CARTESIAN_POINT('',(36.5,3.75,-22.8));
#4208=DIRECTION('',(-1.,-2.3650153777105E-16,-4.7300307554209E-16));
#4209=DIRECTION('',(4.7300307554209E-16,7.9819268997727E-16,-1.));
#4210=AXIS2_PLACEMENT_3D('',#4207,#4209,#4208);
#4211=CONICAL_SURFACE('',#4210,0.,0.78539816339743);
#4212=CARTESIAN_POINT('',(33.9,3.75,-25.4));
#4213=VERTEX_POINT('',#4212);
#4214=CARTESIAN_POINT('',(33.7,3.75,-25.6));
#4215=DIRECTION('',(0.70710678118653,0.,0.70710678118656));
#4216=VECTOR('',#4215,0.28284271247462);
#4217=LINE('',#4214,#4216);
#4218=EDGE_CURVE('',#707,#4213,#4217,.T.);
#4219=ORIENTED_EDGE('',*,*,#4218,.T.);
#4220=CARTESIAN_POINT('',(36.5,3.75,-25.4));
#4221=DIRECTION('',(-1.,-9.6621074380541E-16,2.5670811205846E-15));
#4222=DIRECTION('',(2.5670811205846E-15,-2.8986322314162E-15,1.));
#4223=AXIS2_PLACEMENT_3D('',#4220,#4222,#4221);
#4224=CIRCLE('',#4223,2.6);
#4225=EDGE_CURVE('',#4213,#4213,#4224,.T.);
#4226=ORIENTED_EDGE('',*,*,#4225,.T.);
#4227=ORIENTED_EDGE('',*,*,#4218,.F.);
#4228=ORIENTED_EDGE('',*,*,#713,.F.);
#4229=EDGE_LOOP('',(#4219,#4226,#4227,#4228));
#4230=FACE_OUTER_BOUND('',#4229,.T.);
#4231=ADVANCED_FACE('',(#4230),#4211,.F.);
#4232=CARTESIAN_POINT('',(39.506075545143,8.549999999999,-20.600000000002));
#4233=DIRECTION('',(-2.4325723922427E-10,2.3910090604466E-13,-1.));
#4234=DIRECTION('',(-2.9594903503236E-14,1.,2.3910090605186E-13));
#4235=AXIS2_PLACEMENT_3D('',#4232,#4234,#4233);
#4236=TOROIDAL_SURFACE('',#4235,4.499999999999,0.5);
#4237=CARTESIAN_POINT('',(40.505997417091,9.05,-24.9875));
#4238=VERTEX_POINT('',#4237);
#4239=CARTESIAN_POINT('',(40.505997417091,8.55,-24.9875));
#4240=DIRECTION('',(0.,1.,7.1054273575992E-15));
#4241=DIRECTION('',(-0.97499999999999,-5.0405435088829E-15,-0.22220486043292));
#4242=AXIS2_PLACEMENT_3D('',#4239,#4241,#4240);
#4243=CIRCLE('',#4242,0.50000000000012);
#4244=EDGE_CURVE('',#4238,#734,#4243,.T.);
#4245=ORIENTED_EDGE('',*,*,#4244,.T.);
#4246=ORIENTED_EDGE('',*,*,#740,.F.);
#4247=ORIENTED_EDGE('',*,*,#3421,.F.);
#4248=CARTESIAN_POINT('',(39.506075545143,9.0499999999998,-20.600000000002));
#4249=DIRECTION('',(-4.7369515717363E-15,4.3027310109938E-14,-1.));
#4250=DIRECTION('',(4.7982688410767E-15,-1.,-4.2647946326018E-14));
#4251=AXIS2_PLACEMENT_3D('',#4248,#4250,#4249);
#4252=CIRCLE('',#4251,4.4999999999978);
#4253=EDGE_CURVE('',#3415,#4238,#4252,.T.);
#4254=ORIENTED_EDGE('',*,*,#4253,.T.);
#4255=EDGE_LOOP('',(#4245,#4246,#4247,#4254));
#4256=FACE_OUTER_BOUND('',#4255,.T.);
#4257=ADVANCED_FACE('',(#4256),#4236,.T.);
#4258=CARTESIAN_POINT('',(37.72843666168,8.55,-12.8));
#4259=DIRECTION('',(0.22220477127426,4.7224455292887E-16,-0.97500002031946));
#4260=DIRECTION('',(-4.5121942706674E-16,1.,3.815194211187E-16));
#4261=AXIS2_PLACEMENT_3D('',#4258,#4260,#4259);
#4262=TOROIDAL_SURFACE('',#4261,12.5,0.50000000000001);
#4263=CARTESIAN_POINT('',(40.505997417091,9.05,-0.6125));
#4264=VERTEX_POINT('',#4263);
#4265=CARTESIAN_POINT('',(40.505997417091,8.55,-0.6125));
#4266=DIRECTION('',(2.842170943041E-14,1.,-7.5495165674526E-15));
#4267=DIRECTION('',(0.97499999999999,-2.0296425799709E-14,-0.22220486043292));
#4268=AXIS2_PLACEMENT_3D('',#4265,#4267,#4266);
#4269=CIRCLE('',#4268,0.4999999999999);
#4270=EDGE_CURVE('',#4264,#767,#4269,.T.);
#4271=ORIENTED_EDGE('',*,*,#4270,.T.);
#4272=ORIENTED_EDGE('',*,*,#773,.F.);
#4273=ORIENTED_EDGE('',*,*,#4244,.F.);
#4274=CARTESIAN_POINT('',(37.72843666168,9.05,-12.8));
#4275=DIRECTION('',(0.22220486043288,4.2632564145606E-16,-0.975));
#4276=DIRECTION('',(-2.2059704805304E-16,-1.,-4.0703064290213E-16));
#4277=AXIS2_PLACEMENT_3D('',#4274,#4276,#4275);
#4278=CIRCLE('',#4277,12.5);
#4279=EDGE_CURVE('',#4238,#4264,#4278,.T.);
#4280=ORIENTED_EDGE('',*,*,#4279,.T.);
#4281=EDGE_LOOP('',(#4271,#4272,#4273,#4280));
#4282=FACE_OUTER_BOUND('',#4281,.T.);
#4283=ADVANCED_FACE('',(#4282),#4262,.T.);
#4284=CARTESIAN_POINT('',(38.991789321881,7.9167893218814,0.10000000000021));
#4285=DIRECTION('',(0.5,0.49999999999999,0.70710678118655));
#4286=DIRECTION('',(0.5,0.5,-0.70710678118654));
#4287=AXIS2_PLACEMENT_3D('',#4284,#4286,#4285);
#4288=PLANE('',#4287);
#4289=CARTESIAN_POINT('',(40.,7.05,0.2000000000002));
#4290=VERTEX_POINT('',#4289);
#4291=CARTESIAN_POINT('',(40.,7.05,0.2000000000002));
#4292=DIRECTION('',(-0.67859834454586,-0.28108463771476,-0.67859834454586));
#4293=VECTOR('',#4292,0.29472515164158);
#4294=LINE('',#4291,#4293);
#4295=EDGE_CURVE('',#4290,#2106,#4294,.T.);
#4296=ORIENTED_EDGE('',*,*,#4295,.T.);
#4297=ORIENTED_EDGE('',*,*,#2111,.F.);
#4298=CARTESIAN_POINT('',(38.217157287525,8.55,3.1635906782047E-15));
#4299=VERTEX_POINT('',#4298);
#4300=CARTESIAN_POINT('',(39.506075545143,7.2610817423821,2.812403327242E-15));
#4301=DIRECTION('',(-0.70710678118657,0.70710678118652,1.9266307685919E-16));
#4302=VECTOR('',#4301,1.8228056807136);
#4303=LINE('',#4300,#4302);
#4304=EDGE_CURVE('',#817,#4299,#4303,.T.);
#4305=ORIENTED_EDGE('',*,*,#4304,.T.);
#4306=CARTESIAN_POINT('',(37.917157287525,8.85,1.9843434651326E-13));
#4307=VERTEX_POINT('',#4306);
#4308=CARTESIAN_POINT('',(38.217157287525,8.55,3.1635906782047E-15));
#4309=DIRECTION('',(-0.70710678118655,0.70710678118655,4.6025758539464E-13));
#4310=VECTOR('',#4309,0.42426406871193);
#4311=LINE('',#4308,#4310);
#4312=EDGE_CURVE('',#4299,#4307,#4311,.T.);
#4313=ORIENTED_EDGE('',*,*,#4312,.T.);
#4314=CARTESIAN_POINT('',(38.,9.05,0.2000000000002));
#4315=VERTEX_POINT('',#4314);
#4316=CARTESIAN_POINT('',(37.917157287525,8.85,1.9843434651326E-13));
#4317=DIRECTION('',(0.28108463771601,0.6785983445456,0.6785983445456));
#4318=VECTOR('',#4317,0.29472515164169);
#4319=LINE('',#4316,#4318);
#4320=EDGE_CURVE('',#4307,#4315,#4319,.T.);
#4321=ORIENTED_EDGE('',*,*,#4320,.T.);
#4322=CARTESIAN_POINT('',(38.,9.05,0.2000000000002));
#4323=DIRECTION('',(0.70710678118655,-0.70710678118655,0.));
#4324=VECTOR('',#4323,2.8284271247462);
#4325=LINE('',#4322,#4324);
#4326=EDGE_CURVE('',#4315,#4290,#4325,.T.);
#4327=ORIENTED_EDGE('',*,*,#4326,.T.);
#4328=EDGE_LOOP('',(#4296,#4297,#4305,#4313,#4321,#4327));
#4329=FACE_OUTER_BOUND('',#4328,.T.);
#4330=ADVANCED_FACE('',(#4329),#4288,.T.);
#4331=CARTESIAN_POINT('',(39.9,-0.440625,0.10000000000016));
#4332=DIRECTION('',(0.70710678118655,-6.2803698347319E-15,0.70710678118654));
#4333=DIRECTION('',(0.70710678118654,-2.6724978020144E-16,-0.70710678118655));
#4334=AXIS2_PLACEMENT_3D('',#4331,#4333,#4332);
#4335=PLANE('',#4334);
#4336=ORIENTED_EDGE('',*,*,#2159,.F.);
#4337=ORIENTED_EDGE('',*,*,#2119,.F.);
#4338=ORIENTED_EDGE('',*,*,#4295,.F.);
#4339=CARTESIAN_POINT('',(40.,7.05,0.2000000000002));
#4340=DIRECTION('',(0.,-1.,0.));
#4341=VECTOR('',#4340,14.1);
#4342=LINE('',#4339,#4341);
#4343=EDGE_CURVE('',#4290,#2137,#4342,.T.);
#4344=ORIENTED_EDGE('',*,*,#4343,.T.);
#4345=EDGE_LOOP('',(#4336,#4337,#4338,#4344));
#4346=FACE_OUTER_BOUND('',#4345,.T.);
#4347=ADVANCED_FACE('',(#4346),#4335,.T.);
#4348=CARTESIAN_POINT('',(39.506075545143,8.5499999999992,-5.0000000000005));
#4349=DIRECTION('',(0.22220486067001,1.590015315225E-13,0.97499999994596));
#4350=DIRECTION('',(-1.2635867694921E-14,1.,-1.6019874903647E-13));
#4351=AXIS2_PLACEMENT_3D('',#4348,#4350,#4349);
#4352=TOROIDAL_SURFACE('',#4351,4.5000000000004,0.50000000000002);
#4353=CARTESIAN_POINT('',(39.506075545143,9.05,-0.5));
#4354=VERTEX_POINT('',#4353);
#4355=CARTESIAN_POINT('',(39.506075545143,8.55,-0.5));
#4356=DIRECTION('',(2.8421709430404E-14,1.,5.5511151231258E-16));
#4357=DIRECTION('',(1.,-3.7124960770661E-14,-2.2914106055459E-14));
#4358=AXIS2_PLACEMENT_3D('',#4355,#4357,#4356);
#4359=CIRCLE('',#4358,0.5);
#4360=EDGE_CURVE('',#4354,#808,#4359,.T.);
#4361=ORIENTED_EDGE('',*,*,#4360,.T.);
#4362=ORIENTED_EDGE('',*,*,#814,.F.);
#4363=ORIENTED_EDGE('',*,*,#4270,.F.);
#4364=CARTESIAN_POINT('',(39.506075545143,9.05,-5.0000000000004));
#4365=DIRECTION('',(0.22220486043287,7.8949192862227E-15,0.975));
#4366=DIRECTION('',(8.3866590058937E-16,-1.,7.4542255756121E-15));
#4367=AXIS2_PLACEMENT_3D('',#4364,#4366,#4365);
#4368=CIRCLE('',#4367,4.5000000000004);
#4369=EDGE_CURVE('',#4264,#4354,#4368,.T.);
#4370=ORIENTED_EDGE('',*,*,#4369,.T.);
#4371=EDGE_LOOP('',(#4361,#4362,#4363,#4370));
#4372=FACE_OUTER_BOUND('',#4371,.T.);
#4373=ADVANCED_FACE('',(#4372),#4352,.T.);
#4374=CARTESIAN_POINT('',(-8.6668387235514E-16,2.1249999145105,-2.4773286119327E-15));
#4375=DIRECTION('',(-1.,1.3489242970012E-16,-1.7818574830625E-16));
#4376=DIRECTION('',(-1.7818574830625E-16,-3.4026235093919E-16,1.));
#4377=AXIS2_PLACEMENT_3D('',#4374,#4376,#4375);
#4378=PLANE('',#4377);
#4379=CARTESIAN_POINT('',(39.506075545143,8.55,-1.9142843494635E-16));
#4380=DIRECTION('',(-1.,0.,2.6029727589951E-15));
#4381=VECTOR('',#4380,1.288918257618);
#4382=LINE('',#4379,#4381);
#4383=EDGE_CURVE('',#808,#4299,#4382,.T.);
#4384=ORIENTED_EDGE('',*,*,#4383,.T.);
#4385=ORIENTED_EDGE('',*,*,#4304,.F.);
#4386=ORIENTED_EDGE('',*,*,#822,.F.);
#4387=EDGE_LOOP('',(#4384,#4385,#4386));
#4388=FACE_OUTER_BOUND('',#4387,.T.);
#4389=ADVANCED_FACE('',(#4388),#4378,.T.);
#4390=CARTESIAN_POINT('',(39.,-8.05,5.8284271247464));
#4391=DIRECTION('',(-0.70710678118655,-0.70710678118655,1.256073966947E-15));
#4392=DIRECTION('',(0.70710678118655,-0.70710678118655,-4.4633214186056E-16));
#4393=AXIS2_PLACEMENT_3D('',#4390,#4392,#4391);
#4394=PLANE('',#4393);
#4395=CARTESIAN_POINT('',(40.,-7.05,5.8000000000002));
#4396=VERTEX_POINT('',#4395);
#4397=CARTESIAN_POINT('',(40.,-7.05,0.2000000000002));
#4398=DIRECTION('',(0.,0.,1.));
#4399=VECTOR('',#4398,5.6);
#4400=LINE('',#4397,#4399);
#4401=EDGE_CURVE('',#2137,#4396,#4400,.T.);
#4402=ORIENTED_EDGE('',*,*,#4401,.T.);
#4403=CARTESIAN_POINT('',(38.,-9.05,5.8000000000002));
#4404=VERTEX_POINT('',#4403);
#4405=CARTESIAN_POINT('',(40.,-7.05,5.8000000000002));
#4406=DIRECTION('',(-0.70710678118655,-0.70710678118655,0.));
#4407=VECTOR('',#4406,2.8284271247462);
#4408=LINE('',#4405,#4407);
#4409=EDGE_CURVE('',#4396,#4404,#4408,.T.);
#4410=ORIENTED_EDGE('',*,*,#4409,.T.);
#4411=CARTESIAN_POINT('',(38.,-9.05,5.8000000000002));
#4412=DIRECTION('',(0.,0.,-1.));
#4413=VECTOR('',#4412,5.6);
#4414=LINE('',#4411,#4413);
#4415=EDGE_CURVE('',#4404,#2139,#4414,.T.);
#4416=ORIENTED_EDGE('',*,*,#4415,.T.);
#4417=ORIENTED_EDGE('',*,*,#2144,.F.);
#4418=EDGE_LOOP('',(#4402,#4410,#4416,#4417));
#4419=FACE_OUTER_BOUND('',#4418,.T.);
#4420=ADVANCED_FACE('',(#4419),#4394,.T.);
#4421=CARTESIAN_POINT('',(-39.,-8.05,5.8284271247464));
#4422=DIRECTION('',(-0.70710678118655,0.70710678118655,-1.256073966947E-15));
#4423=DIRECTION('',(-0.70710678118655,-0.70710678118655,-4.4633214186056E-16));
#4424=AXIS2_PLACEMENT_3D('',#4421,#4423,#4422);
#4425=PLANE('',#4424);
#4426=CARTESIAN_POINT('',(-40.,-7.05,5.8000000000002));
#4427=VERTEX_POINT('',#4426);
#4428=CARTESIAN_POINT('',(-40.,-7.05,5.8000000000002));
#4429=DIRECTION('',(0.,0.,-1.));
#4430=VECTOR('',#4429,5.6);
#4431=LINE('',#4428,#4430);
#4432=EDGE_CURVE('',#4427,#2172,#4431,.T.);
#4433=ORIENTED_EDGE('',*,*,#4432,.T.);
#4434=ORIENTED_EDGE('',*,*,#2177,.F.);
#4435=CARTESIAN_POINT('',(-38.,-9.05,5.8000000000002));
#4436=VERTEX_POINT('',#4435);
#4437=CARTESIAN_POINT('',(-38.,-9.05,0.2000000000002));
#4438=DIRECTION('',(0.,0.,1.));
#4439=VECTOR('',#4438,5.6);
#4440=LINE('',#4437,#4439);
#4441=EDGE_CURVE('',#2170,#4436,#4440,.T.);
#4442=ORIENTED_EDGE('',*,*,#4441,.T.);
#4443=CARTESIAN_POINT('',(-38.,-9.05,5.8000000000002));
#4444=DIRECTION('',(-0.70710678118655,0.70710678118655,0.));
#4445=VECTOR('',#4444,2.8284271247462);
#4446=LINE('',#4443,#4445);
#4447=EDGE_CURVE('',#4436,#4427,#4446,.T.);
#4448=ORIENTED_EDGE('',*,*,#4447,.T.);
#4449=EDGE_LOOP('',(#4433,#4434,#4442,#4448));
#4450=FACE_OUTER_BOUND('',#4449,.T.);
#4451=ADVANCED_FACE('',(#4450),#4425,.T.);
#4452=CARTESIAN_POINT('',(-39.9,-0.44062500000002,0.10000000000016));
#4453=DIRECTION('',(-0.70710678118653,6.2803698347317E-15,0.70710678118656));
#4454=DIRECTION('',(-0.70710678118657,3.7991390322777E-16,-0.70710678118653));
#4455=AXIS2_PLACEMENT_3D('',#4452,#4454,#4453);
#4456=PLANE('',#4455);
#4457=CARTESIAN_POINT('',(-40.,7.05,0.2000000000002));
#4458=VERTEX_POINT('',#4457);
#4459=CARTESIAN_POINT('',(-40.,-7.05,0.2000000000002));
#4460=DIRECTION('',(0.,1.,0.));
#4461=VECTOR('',#4460,14.1);
#4462=LINE('',#4459,#4461);
#4463=EDGE_CURVE('',#2172,#4458,#4462,.T.);
#4464=ORIENTED_EDGE('',*,*,#4463,.T.);
#4465=CARTESIAN_POINT('',(-40.,7.05,0.2000000000002));
#4466=DIRECTION('',(0.6785983445458,-0.28108463771507,-0.67859834454579));
#4467=VECTOR('',#4466,0.29472515164161);
#4468=LINE('',#4465,#4467);
#4469=EDGE_CURVE('',#4458,#2227,#4468,.T.);
#4470=ORIENTED_EDGE('',*,*,#4469,.T.);
#4471=ORIENTED_EDGE('',*,*,#2240,.F.);
#4472=ORIENTED_EDGE('',*,*,#2185,.F.);
#4473=EDGE_LOOP('',(#4464,#4470,#4471,#4472));
#4474=FACE_OUTER_BOUND('',#4473,.T.);
#4475=ADVANCED_FACE('',(#4474),#4456,.T.);
#4476=CARTESIAN_POINT('',(0.,-9.05,7.8284271247464));
#4477=DIRECTION('',(1.,1.4023869784739E-16,0.));
#4478=DIRECTION('',(1.4023869784739E-16,-1.,0.));
#4479=AXIS2_PLACEMENT_3D('',#4476,#4478,#4477);
#4480=PLANE('',#4479);
#4481=CARTESIAN_POINT('',(24.,-9.05,10.3));
#4482=VERTEX_POINT('',#4481);
#4483=CARTESIAN_POINT('',(-24.,-9.05,10.3));
#4484=VERTEX_POINT('',#4483);
#4485=CARTESIAN_POINT('',(24.,-9.05,10.3));
#4486=DIRECTION('',(-1.,0.,0.));
#4487=VECTOR('',#4486,48.);
#4488=LINE('',#4485,#4487);
#4489=EDGE_CURVE('',#4482,#4484,#4488,.T.);
#4490=ORIENTED_EDGE('',*,*,#4489,.T.);
#4491=CARTESIAN_POINT('',(-24.,-9.05,5.8000000000002));
#4492=VERTEX_POINT('',#4491);
#4493=CARTESIAN_POINT('',(-24.,-9.05,10.3));
#4494=DIRECTION('',(0.,0.,-1.));
#4495=VECTOR('',#4494,4.4999999999998);
#4496=LINE('',#4493,#4495);
#4497=EDGE_CURVE('',#4484,#4492,#4496,.T.);
#4498=ORIENTED_EDGE('',*,*,#4497,.T.);
#4499=CARTESIAN_POINT('',(-24.,-9.05,5.8000000000002));
#4500=DIRECTION('',(-1.,0.,0.));
#4501=VECTOR('',#4500,14.);
#4502=LINE('',#4499,#4501);
#4503=EDGE_CURVE('',#4492,#4436,#4502,.T.);
#4504=ORIENTED_EDGE('',*,*,#4503,.T.);
#4505=ORIENTED_EDGE('',*,*,#4441,.F.);
#4506=ORIENTED_EDGE('',*,*,#2216,.F.);
#4507=ORIENTED_EDGE('',*,*,#4415,.F.);
#4508=CARTESIAN_POINT('',(24.,-9.05,5.8000000000002));
#4509=VERTEX_POINT('',#4508);
#4510=CARTESIAN_POINT('',(38.,-9.05,5.8000000000002));
#4511=DIRECTION('',(-1.,0.,0.));
#4512=VECTOR('',#4511,14.);
#4513=LINE('',#4510,#4512);
#4514=EDGE_CURVE('',#4404,#4509,#4513,.T.);
#4515=ORIENTED_EDGE('',*,*,#4514,.T.);
#4516=CARTESIAN_POINT('',(24.,-9.05,5.8000000000002));
#4517=DIRECTION('',(0.,0.,1.));
#4518=VECTOR('',#4517,4.4999999999998);
#4519=LINE('',#4516,#4518);
#4520=EDGE_CURVE('',#4509,#4482,#4519,.T.);
#4521=ORIENTED_EDGE('',*,*,#4520,.T.);
#4522=EDGE_LOOP('',(#4490,#4498,#4504,#4505,#4506,#4507,#4515,#4521));
#4523=FACE_OUTER_BOUND('',#4522,.T.);
#4524=ADVANCED_FACE('',(#4523),#4480,.T.);
#4525=CARTESIAN_POINT('',(-39.506075545143,8.55,-4.9999999999975));
#4526=DIRECTION('',(2.4326001120192E-10,-1.1972175233973E-15,1.));
#4527=DIRECTION('',(1.0641101999254E-14,1.,1.1972175208087E-15));
#4528=AXIS2_PLACEMENT_3D('',#4525,#4527,#4526);
#4529=TOROIDAL_SURFACE('',#4528,4.4999999999975,0.50000000000002);
#4530=ORIENTED_EDGE('',*,*,#3361,.F.);
#4531=ORIENTED_EDGE('',*,*,#880,.F.);
#4532=CARTESIAN_POINT('',(-39.506075545143,9.05,-0.5));
#4533=VERTEX_POINT('',#4532);
#4534=CARTESIAN_POINT('',(-39.506075545143,8.55,-0.5));
#4535=DIRECTION('',(1.4210854715202E-14,-3.5527136788005E-15,1.));
#4536=DIRECTION('',(-1.,-9.9223499419077E-15,1.8499359488496E-14));
#4537=AXIS2_PLACEMENT_3D('',#4534,#4536,#4535);
#4538=CIRCLE('',#4537,0.5);
#4539=EDGE_CURVE('',#866,#4533,#4538,.T.);
#4540=ORIENTED_EDGE('',*,*,#4539,.T.);
#4541=CARTESIAN_POINT('',(-39.506075545143,9.0500000000001,-4.9999999999996));
#4542=DIRECTION('',(-1.5789838572448E-15,-1.6579330501071E-14,1.));
#4543=DIRECTION('',(1.8698124996747E-15,-1.,-1.6619257021034E-14));
#4544=AXIS2_PLACEMENT_3D('',#4541,#4543,#4542);
#4545=CIRCLE('',#4544,4.4999999999996);
#4546=EDGE_CURVE('',#4533,#3355,#4545,.T.);
#4547=ORIENTED_EDGE('',*,*,#4546,.T.);
#4548=EDGE_LOOP('',(#4530,#4531,#4540,#4547));
#4549=FACE_OUTER_BOUND('',#4548,.T.);
#4550=ADVANCED_FACE('',(#4549),#4529,.T.);
#4551=CARTESIAN_POINT('',(-8.6668387235514E-16,2.1249999145105,-2.4773286119327E-15));
#4552=DIRECTION('',(-1.,1.3489242970012E-16,-1.7818574830625E-16));
#4553=DIRECTION('',(-1.7818574830625E-16,-3.4026235093919E-16,1.));
#4554=AXIS2_PLACEMENT_3D('',#4551,#4553,#4552);
#4555=PLANE('',#4554);
#4556=ORIENTED_EDGE('',*,*,#871,.F.);
#4557=CARTESIAN_POINT('',(-38.217157287525,8.55,-3.6461620912106E-15));
#4558=VERTEX_POINT('',#4557);
#4559=CARTESIAN_POINT('',(-39.506075545143,7.261081742382,-4.2270163064126E-15));
#4560=DIRECTION('',(0.70710678118655,0.70710678118655,3.1865942779736E-16));
#4561=VECTOR('',#4560,1.8228056807137);
#4562=LINE('',#4559,#4561);
#4563=EDGE_CURVE('',#858,#4558,#4562,.T.);
#4564=ORIENTED_EDGE('',*,*,#4563,.T.);
#4565=CARTESIAN_POINT('',(-38.217157287525,8.55,-3.6461620912106E-15));
#4566=DIRECTION('',(-1.,0.,2.6803357279218E-15));
#4567=VECTOR('',#4566,1.288918257618);
#4568=LINE('',#4565,#4567);
#4569=EDGE_CURVE('',#4558,#866,#4568,.T.);
#4570=ORIENTED_EDGE('',*,*,#4569,.T.);
#4571=EDGE_LOOP('',(#4556,#4564,#4570));
#4572=FACE_OUTER_BOUND('',#4571,.T.);
#4573=ADVANCED_FACE('',(#4572),#4555,.T.);
#4574=CARTESIAN_POINT('',(-38.991789321881,7.9167893218813,0.1000000000002));
#4575=DIRECTION('',(-0.50000000000001,0.50000000000001,0.70710678118653));
#4576=DIRECTION('',(-0.49999999999999,0.49999999999999,-0.70710678118656));
#4577=AXIS2_PLACEMENT_3D('',#4574,#4576,#4575);
#4578=PLANE('',#4577);
#4579=CARTESIAN_POINT('',(-38.,9.05,0.2000000000002));
#4580=VERTEX_POINT('',#4579);
#4581=CARTESIAN_POINT('',(-40.,7.05,0.2000000000002));
#4582=DIRECTION('',(0.70710678118655,0.70710678118655,0.));
#4583=VECTOR('',#4582,2.8284271247462);
#4584=LINE('',#4581,#4583);
#4585=EDGE_CURVE('',#4458,#4580,#4584,.T.);
#4586=ORIENTED_EDGE('',*,*,#4585,.T.);
#4587=CARTESIAN_POINT('',(-37.917157287525,8.85,1.954437211567E-13));
#4588=VERTEX_POINT('',#4587);
#4589=CARTESIAN_POINT('',(-38.,9.05,0.2000000000002));
#4590=DIRECTION('',(0.28108463771601,-0.6785983445456,-0.67859834454561));
#4591=VECTOR('',#4590,0.29472515164169);
#4592=LINE('',#4589,#4591);
#4593=EDGE_CURVE('',#4580,#4588,#4592,.T.);
#4594=ORIENTED_EDGE('',*,*,#4593,.T.);
#4595=CARTESIAN_POINT('',(-37.917157287525,8.85,1.954437211567E-13));
#4596=DIRECTION('',(-0.70710678118655,-0.70710678118655,-4.6925935503412E-13));
#4597=VECTOR('',#4596,0.42426406871193);
#4598=LINE('',#4595,#4597);
#4599=EDGE_CURVE('',#4588,#4558,#4598,.T.);
#4600=ORIENTED_EDGE('',*,*,#4599,.T.);
#4601=ORIENTED_EDGE('',*,*,#4563,.F.);
#4602=ORIENTED_EDGE('',*,*,#2232,.F.);
#4603=ORIENTED_EDGE('',*,*,#4469,.F.);
#4604=EDGE_LOOP('',(#4586,#4594,#4600,#4601,#4602,#4603));
#4605=FACE_OUTER_BOUND('',#4604,.T.);
#4606=ADVANCED_FACE('',(#4605),#4578,.T.);
#4607=CARTESIAN_POINT('',(-3.8516461131621E-09,6.55,-50.749495672356));
#4608=DIRECTION('',(-1.,1.1656252683761E-16,0.));
#4609=DIRECTION('',(-1.1656252683761E-16,-1.,-4.2141836625905E-16));
#4610=AXIS2_PLACEMENT_3D('',#4607,#4609,#4608);
#4611=PLANE('',#4610);
#4612=ORIENTED_EDGE('',*,*,#2272,.F.);
#4613=ORIENTED_EDGE('',*,*,#2854,.F.);
#4614=ORIENTED_EDGE('',*,*,#2839,.F.);
#4615=ORIENTED_EDGE('',*,*,#2806,.F.);
#4616=ORIENTED_EDGE('',*,*,#2789,.F.);
#4617=ORIENTED_EDGE('',*,*,#2339,.F.);
#4618=ORIENTED_EDGE('',*,*,#2322,.F.);
#4619=ORIENTED_EDGE('',*,*,#2289,.F.);
#4620=EDGE_LOOP('',(#4612,#4613,#4614,#4615,#4616,#4617,#4618,#4619));
#4621=FACE_OUTER_BOUND('',#4620,.T.);
#4622=CARTESIAN_POINT('',(29.2000000005,6.55,-12.80000000001));
#4623=VERTEX_POINT('',#4622);
#4624=CARTESIAN_POINT('',(30.0000000005,6.55,-12.80000000001));
#4625=DIRECTION('',(-1.,1.4353998199084E-15,-3.1401849173676E-15));
#4626=DIRECTION('',(1.4353998199084E-15,1.,7.8504622934189E-16));
#4627=AXIS2_PLACEMENT_3D('',#4624,#4626,#4625);
#4628=CIRCLE('',#4627,0.8);
#4629=EDGE_CURVE('',#4623,#4623,#4628,.T.);
#4630=ORIENTED_EDGE('',*,*,#4629,.T.);
#4631=EDGE_LOOP('',(#4630));
#4632=FACE_BOUND('',#4631,.T.);
#4633=CARTESIAN_POINT('',(45.7,6.55,-12.8));
#4634=VERTEX_POINT('',#4633);
#4635=CARTESIAN_POINT('',(43.5,6.55,-12.8));
#4636=DIRECTION('',(1.,-2.609817854379E-16,-3.7251412106351E-32));
#4637=DIRECTION('',(2.609817854379E-16,1.,1.4273567806216E-16));
#4638=AXIS2_PLACEMENT_3D('',#4635,#4637,#4636);
#4639=CIRCLE('',#4638,2.2);
#4640=EDGE_CURVE('',#4634,#4634,#4639,.T.);
#4641=ORIENTED_EDGE('',*,*,#4640,.T.);
#4642=EDGE_LOOP('',(#4641));
#4643=FACE_BOUND('',#4642,.T.);
#4644=CARTESIAN_POINT('',(7.,6.55,-6.80000000001));
#4645=VERTEX_POINT('',#4644);
#4646=CARTESIAN_POINT('',(9.,6.55,-6.80000000001));
#4647=VERTEX_POINT('',#4646);
#4648=CARTESIAN_POINT('',(8.,6.55,-6.80000000001));
#4649=DIRECTION('',(-1.,0.,-8.8817841970013E-16));
#4650=DIRECTION('',(-3.5211532303834E-16,1.,-1.4242415163619E-15));
#4651=AXIS2_PLACEMENT_3D('',#4648,#4650,#4649);
#4652=CIRCLE('',#4651,1.);
#4653=EDGE_CURVE('',#4645,#4647,#4652,.T.);
#4654=ORIENTED_EDGE('',*,*,#4653,.T.);
#4655=CARTESIAN_POINT('',(9.,6.55,-18.80000000001));
#4656=VERTEX_POINT('',#4655);
#4657=CARTESIAN_POINT('',(9.,6.55,-6.80000000001));
#4658=DIRECTION('',(0.,0.,-1.));
#4659=VECTOR('',#4658,12.);
#4660=LINE('',#4657,#4659);
#4661=EDGE_CURVE('',#4647,#4656,#4660,.T.);
#4662=ORIENTED_EDGE('',*,*,#4661,.T.);
#4663=CARTESIAN_POINT('',(7.,6.55,-18.80000000001));
#4664=VERTEX_POINT('',#4663);
#4665=CARTESIAN_POINT('',(8.,6.55,-18.80000000001));
#4666=DIRECTION('',(1.,-8.8817841970013E-16,0.));
#4667=DIRECTION('',(8.4083774707447E-17,1.,1.6922730646928E-15));
#4668=AXIS2_PLACEMENT_3D('',#4665,#4667,#4666);
#4669=CIRCLE('',#4668,1.);
#4670=EDGE_CURVE('',#4656,#4664,#4669,.T.);
#4671=ORIENTED_EDGE('',*,*,#4670,.T.);
#4672=CARTESIAN_POINT('',(7.,6.55,-18.80000000001));
#4673=DIRECTION('',(0.,0.,1.));
#4674=VECTOR('',#4673,12.);
#4675=LINE('',#4672,#4674);
#4676=EDGE_CURVE('',#4664,#4645,#4675,.T.);
#4677=ORIENTED_EDGE('',*,*,#4676,.T.);
#4678=EDGE_LOOP('',(#4654,#4662,#4671,#4677));
#4679=FACE_BOUND('',#4678,.T.);
#4680=CARTESIAN_POINT('',(25.199905395508,6.55,-14.80000000001));
#4681=VERTEX_POINT('',#4680);
#4682=CARTESIAN_POINT('',(23.199905395508,6.55,-14.80000000001));
#4683=VERTEX_POINT('',#4682);
#4684=CARTESIAN_POINT('',(24.199905395508,6.55,-14.80000000001));
#4685=DIRECTION('',(1.,-8.8817841970012E-16,0.));
#4686=DIRECTION('',(3.5211532303834E-16,1.,1.4242415163619E-15));
#4687=AXIS2_PLACEMENT_3D('',#4684,#4686,#4685);
#4688=CIRCLE('',#4687,1.);
#4689=EDGE_CURVE('',#4681,#4683,#4688,.T.);
#4690=ORIENTED_EDGE('',*,*,#4689,.T.);
#4691=CARTESIAN_POINT('',(23.199905395508,6.55,-10.80000000001));
#4692=VERTEX_POINT('',#4691);
#4693=CARTESIAN_POINT('',(23.199905395508,6.55,-14.80000000001));
#4694=DIRECTION('',(0.,0.,1.));
#4695=VECTOR('',#4694,4.);
#4696=LINE('',#4693,#4695);
#4697=EDGE_CURVE('',#4683,#4692,#4696,.T.);
#4698=ORIENTED_EDGE('',*,*,#4697,.T.);
#4699=CARTESIAN_POINT('',(25.199905395508,6.55,-10.80000000001));
#4700=VERTEX_POINT('',#4699);
#4701=CARTESIAN_POINT('',(24.199905395508,6.55,-10.80000000001));
#4702=DIRECTION('',(-1.,0.,1.7763568394003E-15));
#4703=DIRECTION('',(8.0409464499268E-16,1.,-8.0409464499268E-16));
#4704=AXIS2_PLACEMENT_3D('',#4701,#4703,#4702);
#4705=CIRCLE('',#4704,1.);
#4706=EDGE_CURVE('',#4692,#4700,#4705,.T.);
#4707=ORIENTED_EDGE('',*,*,#4706,.T.);
#4708=CARTESIAN_POINT('',(25.199905395508,6.55,-10.80000000001));
#4709=DIRECTION('',(0.,0.,-1.));
#4710=VECTOR('',#4709,4.);
#4711=LINE('',#4708,#4710);
#4712=EDGE_CURVE('',#4700,#4681,#4711,.T.);
#4713=ORIENTED_EDGE('',*,*,#4712,.T.);
#4714=EDGE_LOOP('',(#4690,#4698,#4707,#4713));
#4715=FACE_BOUND('',#4714,.T.);
#4716=CARTESIAN_POINT('',(-15.,6.55,-16.80000000001));
#4717=VERTEX_POINT('',#4716);
#4718=CARTESIAN_POINT('',(-17.,6.55,-16.80000000001));
#4719=VERTEX_POINT('',#4718);
#4720=CARTESIAN_POINT('',(-16.,6.55,-16.80000000001));
#4721=DIRECTION('',(1.,-8.8817841970013E-16,3.5527136788005E-15));
#4722=DIRECTION('',(8.4083774707447E-17,1.,1.6922730646928E-15));
#4723=AXIS2_PLACEMENT_3D('',#4720,#4722,#4721);
#4724=CIRCLE('',#4723,1.);
#4725=EDGE_CURVE('',#4717,#4719,#4724,.T.);
#4726=ORIENTED_EDGE('',*,*,#4725,.T.);
#4727=CARTESIAN_POINT('',(-17.,6.55,-8.80000000001));
#4728=VERTEX_POINT('',#4727);
#4729=CARTESIAN_POINT('',(-17.,6.55,-16.80000000001));
#4730=DIRECTION('',(0.,0.,1.));
#4731=VECTOR('',#4730,8.);
#4732=LINE('',#4729,#4731);
#4733=EDGE_CURVE('',#4719,#4728,#4732,.T.);
#4734=ORIENTED_EDGE('',*,*,#4733,.T.);
#4735=CARTESIAN_POINT('',(-15.,6.55,-8.80000000001));
#4736=VERTEX_POINT('',#4735);
#4737=CARTESIAN_POINT('',(-16.,6.55,-8.80000000001));
#4738=DIRECTION('',(-1.,-8.8817841970013E-16,-1.7763568394003E-15));
#4739=DIRECTION('',(-3.5211532303834E-16,1.,-1.4242415163619E-15));
#4740=AXIS2_PLACEMENT_3D('',#4737,#4739,#4738);
#4741=CIRCLE('',#4740,1.);
#4742=EDGE_CURVE('',#4728,#4736,#4741,.T.);
#4743=ORIENTED_EDGE('',*,*,#4742,.T.);
#4744=CARTESIAN_POINT('',(-15.,6.55,-8.80000000001));
#4745=DIRECTION('',(0.,0.,-1.));
#4746=VECTOR('',#4745,8.);
#4747=LINE('',#4744,#4746);
#4748=EDGE_CURVE('',#4736,#4717,#4747,.T.);
#4749=ORIENTED_EDGE('',*,*,#4748,.T.);
#4750=EDGE_LOOP('',(#4726,#4734,#4743,#4749));
#4751=FACE_BOUND('',#4750,.T.);
#4752=CARTESIAN_POINT('',(-3.,6.55,-5.80000000001));
#4753=VERTEX_POINT('',#4752);
#4754=CARTESIAN_POINT('',(-3.,6.55,-19.80000000001));
#4755=VERTEX_POINT('',#4754);
#4756=CARTESIAN_POINT('',(-3.,6.55,-5.80000000001));
#4757=DIRECTION('',(0.,0.,-1.));
#4758=VECTOR('',#4757,14.);
#4759=LINE('',#4756,#4758);
#4760=EDGE_CURVE('',#4753,#4755,#4759,.T.);
#4761=ORIENTED_EDGE('',*,*,#4760,.T.);
#4762=CARTESIAN_POINT('',(-5.,6.55,-19.80000000001));
#4763=VERTEX_POINT('',#4762);
#4764=CARTESIAN_POINT('',(-4.,6.55,-19.80000000001));
#4765=DIRECTION('',(1.,-1.7763568394003E-15,3.5527136788005E-15));
#4766=DIRECTION('',(9.7226219440757E-16,1.,2.5804514843929E-15));
#4767=AXIS2_PLACEMENT_3D('',#4764,#4766,#4765);
#4768=CIRCLE('',#4767,1.);
#4769=EDGE_CURVE('',#4755,#4763,#4768,.T.);
#4770=ORIENTED_EDGE('',*,*,#4769,.T.);
#4771=CARTESIAN_POINT('',(-5.,6.55,-5.80000000001));
#4772=VERTEX_POINT('',#4771);
#4773=CARTESIAN_POINT('',(-5.,6.55,-19.80000000001));
#4774=DIRECTION('',(0.,0.,1.));
#4775=VECTOR('',#4774,14.);
#4776=LINE('',#4773,#4775);
#4777=EDGE_CURVE('',#4763,#4772,#4776,.T.);
#4778=ORIENTED_EDGE('',*,*,#4777,.T.);
#4779=CARTESIAN_POINT('',(-4.,6.55,-5.80000000001));
#4780=DIRECTION('',(-1.,-8.8817841970013E-16,8.8817841970013E-16));
#4781=DIRECTION('',(-8.4083774707445E-17,1.,-1.6922730646928E-15));
#4782=AXIS2_PLACEMENT_3D('',#4779,#4781,#4780);
#4783=CIRCLE('',#4782,1.);
#4784=EDGE_CURVE('',#4772,#4753,#4783,.T.);
#4785=ORIENTED_EDGE('',*,*,#4784,.T.);
#4786=EDGE_LOOP('',(#4761,#4770,#4778,#4785));
#4787=FACE_BOUND('',#4786,.T.);
#4788=CARTESIAN_POINT('',(-9.,6.55,-6.80000000001));
#4789=VERTEX_POINT('',#4788);
#4790=CARTESIAN_POINT('',(-7.,6.55,-6.80000000001));
#4791=VERTEX_POINT('',#4790);
#4792=CARTESIAN_POINT('',(-8.,6.55,-6.80000000001));
#4793=DIRECTION('',(-1.,-8.8817841970012E-16,0.));
#4794=DIRECTION('',(-7.1212075818096E-16,1.,-1.7605766151917E-16));
#4795=AXIS2_PLACEMENT_3D('',#4792,#4794,#4793);
#4796=CIRCLE('',#4795,1.);
#4797=EDGE_CURVE('',#4789,#4791,#4796,.T.);
#4798=ORIENTED_EDGE('',*,*,#4797,.T.);
#4799=CARTESIAN_POINT('',(-7.,6.55,-18.80000000001));
#4800=VERTEX_POINT('',#4799);
#4801=CARTESIAN_POINT('',(-7.,6.55,-6.80000000001));
#4802=DIRECTION('',(0.,0.,-1.));
#4803=VECTOR('',#4802,12.);
#4804=LINE('',#4801,#4803);
#4805=EDGE_CURVE('',#4791,#4800,#4804,.T.);
#4806=ORIENTED_EDGE('',*,*,#4805,.T.);
#4807=CARTESIAN_POINT('',(-9.,6.55,-18.80000000001));
#4808=VERTEX_POINT('',#4807);
#4809=CARTESIAN_POINT('',(-8.,6.55,-18.80000000001));
#4810=DIRECTION('',(1.,-1.7763568394003E-15,0.));
#4811=DIRECTION('',(9.7226219440757E-16,1.,2.5804514843929E-15));
#4812=AXIS2_PLACEMENT_3D('',#4809,#4811,#4810);
#4813=CIRCLE('',#4812,1.);
#4814=EDGE_CURVE('',#4800,#4808,#4813,.T.);
#4815=ORIENTED_EDGE('',*,*,#4814,.T.);
#4816=CARTESIAN_POINT('',(-9.,6.55,-18.80000000001));
#4817=DIRECTION('',(0.,0.,1.));
#4818=VECTOR('',#4817,12.);
#4819=LINE('',#4816,#4818);
#4820=EDGE_CURVE('',#4808,#4789,#4819,.T.);
#4821=ORIENTED_EDGE('',*,*,#4820,.T.);
#4822=EDGE_LOOP('',(#4798,#4806,#4815,#4821));
#4823=FACE_BOUND('',#4822,.T.);
#4824=CARTESIAN_POINT('',(5.,6.55,-19.80000000001));
#4825=VERTEX_POINT('',#4824);
#4826=CARTESIAN_POINT('',(3.,6.55,-19.80000000001));
#4827=VERTEX_POINT('',#4826);
#4828=CARTESIAN_POINT('',(4.,6.55,-19.80000000001));
#4829=DIRECTION('',(1.,-1.7763568394003E-15,3.5527136788005E-15));
#4830=DIRECTION('',(1.3322676295502E-15,1.,1.3322676295502E-15));
#4831=AXIS2_PLACEMENT_3D('',#4828,#4830,#4829);
#4832=CIRCLE('',#4831,1.);
#4833=EDGE_CURVE('',#4825,#4827,#4832,.T.);
#4834=ORIENTED_EDGE('',*,*,#4833,.T.);
#4835=CARTESIAN_POINT('',(3.,6.55,-5.80000000001));
#4836=VERTEX_POINT('',#4835);
#4837=CARTESIAN_POINT('',(3.,6.55,-19.80000000001));
#4838=DIRECTION('',(0.,0.,1.));
#4839=VECTOR('',#4838,14.);
#4840=LINE('',#4837,#4839);
#4841=EDGE_CURVE('',#4827,#4836,#4840,.T.);
#4842=ORIENTED_EDGE('',*,*,#4841,.T.);
#4843=CARTESIAN_POINT('',(5.,6.55,-5.80000000001));
#4844=VERTEX_POINT('',#4843);
#4845=CARTESIAN_POINT('',(4.,6.55,-5.80000000001));
#4846=DIRECTION('',(-1.,-8.8817841970013E-16,8.8817841970013E-16));
#4847=DIRECTION('',(-3.5211532303834E-16,1.,-1.4242415163619E-15));
#4848=AXIS2_PLACEMENT_3D('',#4845,#4847,#4846);
#4849=CIRCLE('',#4848,1.);
#4850=EDGE_CURVE('',#4836,#4844,#4849,.T.);
#4851=ORIENTED_EDGE('',*,*,#4850,.T.);
#4852=CARTESIAN_POINT('',(5.,6.55,-5.80000000001));
#4853=DIRECTION('',(0.,0.,-1.));
#4854=VECTOR('',#4853,14.);
#4855=LINE('',#4852,#4854);
#4856=EDGE_CURVE('',#4844,#4825,#4855,.T.);
#4857=ORIENTED_EDGE('',*,*,#4856,.T.);
#4858=EDGE_LOOP('',(#4834,#4842,#4851,#4857));
#4859=FACE_BOUND('',#4858,.T.);
#4860=CARTESIAN_POINT('',(19.,6.55,-15.80000000001));
#4861=VERTEX_POINT('',#4860);
#4862=CARTESIAN_POINT('',(19.,6.55,-9.80000000001));
#4863=VERTEX_POINT('',#4862);
#4864=CARTESIAN_POINT('',(19.,6.55,-15.80000000001));
#4865=DIRECTION('',(0.,0.,1.));
#4866=VECTOR('',#4865,6.);
#4867=LINE('',#4864,#4866);
#4868=EDGE_CURVE('',#4861,#4863,#4867,.T.);
#4869=ORIENTED_EDGE('',*,*,#4868,.T.);
#4870=CARTESIAN_POINT('',(21.,6.55,-9.80000000001));
#4871=VERTEX_POINT('',#4870);
#4872=CARTESIAN_POINT('',(20.,6.55,-9.80000000001));
#4873=DIRECTION('',(-1.,-8.8817841970013E-16,-1.7763568394003E-15));
#4874=DIRECTION('',(-7.1212075818096E-16,1.,-1.7605766151917E-16));
#4875=AXIS2_PLACEMENT_3D('',#4872,#4874,#4873);
#4876=CIRCLE('',#4875,1.);
#4877=EDGE_CURVE('',#4863,#4871,#4876,.T.);
#4878=ORIENTED_EDGE('',*,*,#4877,.T.);
#4879=CARTESIAN_POINT('',(21.,6.55,-15.80000000001));
#4880=VERTEX_POINT('',#4879);
#4881=CARTESIAN_POINT('',(21.,6.55,-9.80000000001));
#4882=DIRECTION('',(0.,0.,-1.));
#4883=VECTOR('',#4882,6.);
#4884=LINE('',#4881,#4883);
#4885=EDGE_CURVE('',#4871,#4880,#4884,.T.);
#4886=ORIENTED_EDGE('',*,*,#4885,.T.);
#4887=CARTESIAN_POINT('',(20.,6.55,-15.80000000001));
#4888=DIRECTION('',(1.,8.8817841970012E-16,-1.7763568394002E-15));
#4889=DIRECTION('',(-2.1442523866471E-15,1.,2.1442523866471E-15));
#4890=AXIS2_PLACEMENT_3D('',#4887,#4889,#4888);
#4891=CIRCLE('',#4890,1.);
#4892=EDGE_CURVE('',#4880,#4861,#4891,.T.);
#4893=ORIENTED_EDGE('',*,*,#4892,.T.);
#4894=EDGE_LOOP('',(#4869,#4878,#4886,#4893));
#4895=FACE_BOUND('',#4894,.T.);
#4896=CARTESIAN_POINT('',(-13.,6.55,-7.80000000001));
#4897=VERTEX_POINT('',#4896);
#4898=CARTESIAN_POINT('',(-11.,6.55,-7.80000000001));
#4899=VERTEX_POINT('',#4898);
#4900=CARTESIAN_POINT('',(-12.,6.55,-7.80000000001));
#4901=DIRECTION('',(-1.,-1.7763568394003E-15,0.));
#4902=DIRECTION('',(-9.7226219440757E-16,1.,-2.5804514843929E-15));
#4903=AXIS2_PLACEMENT_3D('',#4900,#4902,#4901);
#4904=CIRCLE('',#4903,1.);
#4905=EDGE_CURVE('',#4897,#4899,#4904,.T.);
#4906=ORIENTED_EDGE('',*,*,#4905,.T.);
#4907=CARTESIAN_POINT('',(-11.,6.55,-17.80000000001));
#4908=VERTEX_POINT('',#4907);
#4909=CARTESIAN_POINT('',(-11.,6.55,-7.80000000001));
#4910=DIRECTION('',(0.,0.,-1.));
#4911=VECTOR('',#4910,10.);
#4912=LINE('',#4909,#4911);
#4913=EDGE_CURVE('',#4899,#4908,#4912,.T.);
#4914=ORIENTED_EDGE('',*,*,#4913,.T.);
#4915=CARTESIAN_POINT('',(-13.,6.55,-17.80000000001));
#4916=VERTEX_POINT('',#4915);
#4917=CARTESIAN_POINT('',(-12.,6.55,-17.80000000001));
#4918=DIRECTION('',(1.,-8.8817841970012E-16,3.5527136788005E-15));
#4919=DIRECTION('',(8.4083774707449E-17,1.,1.6922730646928E-15));
#4920=AXIS2_PLACEMENT_3D('',#4917,#4919,#4918);
#4921=CIRCLE('',#4920,1.);
#4922=EDGE_CURVE('',#4908,#4916,#4921,.T.);
#4923=ORIENTED_EDGE('',*,*,#4922,.T.);
#4924=CARTESIAN_POINT('',(-13.,6.55,-17.80000000001));
#4925=DIRECTION('',(0.,0.,1.));
#4926=VECTOR('',#4925,10.);
#4927=LINE('',#4924,#4926);
#4928=EDGE_CURVE('',#4916,#4897,#4927,.T.);
#4929=ORIENTED_EDGE('',*,*,#4928,.T.);
#4930=EDGE_LOOP('',(#4906,#4914,#4923,#4929));
#4931=FACE_BOUND('',#4930,.T.);
#4932=CARTESIAN_POINT('',(1.,6.55,-4.8));
#4933=VERTEX_POINT('',#4932);
#4934=CARTESIAN_POINT('',(0.99999999999999,6.55,-20.8));
#4935=VERTEX_POINT('',#4934);
#4936=CARTESIAN_POINT('',(1.,6.55,-4.8));
#4937=DIRECTION('',(-6.2450045135165E-16,0.,-1.));
#4938=VECTOR('',#4937,16.);
#4939=LINE('',#4936,#4938);
#4940=EDGE_CURVE('',#4933,#4935,#4939,.T.);
#4941=ORIENTED_EDGE('',*,*,#4940,.T.);
#4942=CARTESIAN_POINT('',(-1.,6.55,-20.8));
#4943=VERTEX_POINT('',#4942);
#4944=CARTESIAN_POINT('',(-5.8841820305133E-15,6.55,-20.8));
#4945=DIRECTION('',(1.,-8.8817841970013E-16,0.));
#4946=DIRECTION('',(8.4083774707445E-17,1.,1.6922730646928E-15));
#4947=AXIS2_PLACEMENT_3D('',#4944,#4946,#4945);
#4948=CIRCLE('',#4947,1.);
#4949=EDGE_CURVE('',#4935,#4943,#4948,.T.);
#4950=ORIENTED_EDGE('',*,*,#4949,.T.);
#4951=CARTESIAN_POINT('',(-1.,6.55,-4.8));
#4952=VERTEX_POINT('',#4951);
#4953=CARTESIAN_POINT('',(-1.,6.55,-20.8));
#4954=DIRECTION('',(0.,0.,1.));
#4955=VECTOR('',#4954,16.);
#4956=LINE('',#4953,#4955);
#4957=EDGE_CURVE('',#4943,#4952,#4956,.T.);
#4958=ORIENTED_EDGE('',*,*,#4957,.T.);
#4959=CARTESIAN_POINT('',(-1.4432899320127E-15,6.55,-4.8));
#4960=DIRECTION('',(-1.,-8.8817841970012E-16,0.));
#4961=DIRECTION('',(-3.5211532303834E-16,1.,-1.4242415163619E-15));
#4962=AXIS2_PLACEMENT_3D('',#4959,#4961,#4960);
#4963=CIRCLE('',#4962,1.);
#4964=EDGE_CURVE('',#4952,#4933,#4963,.T.);
#4965=ORIENTED_EDGE('',*,*,#4964,.T.);
#4966=EDGE_LOOP('',(#4941,#4950,#4958,#4965));
#4967=FACE_BOUND('',#4966,.T.);
#4968=CARTESIAN_POINT('',(13.,6.55,-17.80000000001));
#4969=VERTEX_POINT('',#4968);
#4970=CARTESIAN_POINT('',(11.,6.55,-17.80000000001));
#4971=VERTEX_POINT('',#4970);
#4972=CARTESIAN_POINT('',(12.,6.55,-17.80000000001));
#4973=DIRECTION('',(1.,0.,3.5527136788005E-15));
#4974=DIRECTION('',(-2.7592166043516E-16,1.,2.9404569195355E-15));
#4975=AXIS2_PLACEMENT_3D('',#4972,#4974,#4973);
#4976=CIRCLE('',#4975,1.);
#4977=EDGE_CURVE('',#4969,#4971,#4976,.T.);
#4978=ORIENTED_EDGE('',*,*,#4977,.T.);
#4979=CARTESIAN_POINT('',(11.,6.55,-7.80000000001));
#4980=VERTEX_POINT('',#4979);
#4981=CARTESIAN_POINT('',(11.,6.55,-17.80000000001));
#4982=DIRECTION('',(0.,0.,1.));
#4983=VECTOR('',#4982,10.);
#4984=LINE('',#4981,#4983);
#4985=EDGE_CURVE('',#4971,#4980,#4984,.T.);
#4986=ORIENTED_EDGE('',*,*,#4985,.T.);
#4987=CARTESIAN_POINT('',(13.,6.55,-7.80000000001));
#4988=VERTEX_POINT('',#4987);
#4989=CARTESIAN_POINT('',(12.,6.55,-7.80000000001));
#4990=DIRECTION('',(-1.,-8.8817841970013E-16,1.7763568394003E-15));
#4991=DIRECTION('',(-3.5211532303834E-16,1.,-1.4242415163619E-15));
#4992=AXIS2_PLACEMENT_3D('',#4989,#4991,#4990);
#4993=CIRCLE('',#4992,1.);
#4994=EDGE_CURVE('',#4980,#4988,#4993,.T.);
#4995=ORIENTED_EDGE('',*,*,#4994,.T.);
#4996=CARTESIAN_POINT('',(13.,6.55,-7.80000000001));
#4997=DIRECTION('',(0.,0.,-1.));
#4998=VECTOR('',#4997,10.);
#4999=LINE('',#4996,#4998);
#5000=EDGE_CURVE('',#4988,#4969,#4999,.T.);
#5001=ORIENTED_EDGE('',*,*,#5000,.T.);
#5002=EDGE_LOOP('',(#4978,#4986,#4995,#5001));
#5003=FACE_BOUND('',#5002,.T.);
#5004=CARTESIAN_POINT('',(17.,6.55,-16.80000000001));
#5005=VERTEX_POINT('',#5004);
#5006=CARTESIAN_POINT('',(15.,6.55,-16.80000000001));
#5007=VERTEX_POINT('',#5006);
#5008=CARTESIAN_POINT('',(16.,6.55,-16.80000000001));
#5009=DIRECTION('',(1.,-8.8817841970013E-16,3.5527136788005E-15));
#5010=DIRECTION('',(3.5211532303834E-16,1.,1.4242415163619E-15));
#5011=AXIS2_PLACEMENT_3D('',#5008,#5010,#5009);
#5012=CIRCLE('',#5011,1.);
#5013=EDGE_CURVE('',#5005,#5007,#5012,.T.);
#5014=ORIENTED_EDGE('',*,*,#5013,.T.);
#5015=CARTESIAN_POINT('',(15.,6.55,-8.80000000001));
#5016=VERTEX_POINT('',#5015);
#5017=CARTESIAN_POINT('',(15.,6.55,-16.80000000001));
#5018=DIRECTION('',(0.,0.,1.));
#5019=VECTOR('',#5018,8.);
#5020=LINE('',#5017,#5019);
#5021=EDGE_CURVE('',#5007,#5016,#5020,.T.);
#5022=ORIENTED_EDGE('',*,*,#5021,.T.);
#5023=CARTESIAN_POINT('',(17.,6.55,-8.80000000001));
#5024=VERTEX_POINT('',#5023);
#5025=CARTESIAN_POINT('',(16.,6.55,-8.80000000001));
#5026=DIRECTION('',(-1.,-1.7763568394003E-15,-1.7763568394003E-15));
#5027=DIRECTION('',(-6.2014687136923E-16,1.,-1.156209968031E-15));
#5028=AXIS2_PLACEMENT_3D('',#5025,#5027,#5026);
#5029=CIRCLE('',#5028,1.);
#5030=EDGE_CURVE('',#5016,#5024,#5029,.T.);
#5031=ORIENTED_EDGE('',*,*,#5030,.T.);
#5032=CARTESIAN_POINT('',(17.,6.55,-8.80000000001));
#5033=DIRECTION('',(0.,0.,-1.));
#5034=VECTOR('',#5033,8.);
#5035=LINE('',#5032,#5034);
#5036=EDGE_CURVE('',#5024,#5005,#5035,.T.);
#5037=ORIENTED_EDGE('',*,*,#5036,.T.);
#5038=EDGE_LOOP('',(#5014,#5022,#5031,#5037));
#5039=FACE_BOUND('',#5038,.T.);
#5040=CARTESIAN_POINT('',(-25.199905395508,6.55,-10.80000000001));
#5041=VERTEX_POINT('',#5040);
#5042=CARTESIAN_POINT('',(-23.199905395508,6.55,-10.80000000001));
#5043=VERTEX_POINT('',#5042);
#5044=CARTESIAN_POINT('',(-24.199905395508,6.55,-10.80000000001));
#5045=DIRECTION('',(-1.,-8.8817841970012E-16,5.3290705182007E-15));
#5046=DIRECTION('',(-8.4083774707446E-17,1.,-1.6922730646928E-15));
#5047=AXIS2_PLACEMENT_3D('',#5044,#5046,#5045);
#5048=CIRCLE('',#5047,1.);
#5049=EDGE_CURVE('',#5041,#5043,#5048,.T.);
#5050=ORIENTED_EDGE('',*,*,#5049,.T.);
#5051=CARTESIAN_POINT('',(-23.199905395508,6.55,-14.80000000001));
#5052=VERTEX_POINT('',#5051);
#5053=CARTESIAN_POINT('',(-23.199905395508,6.55,-10.80000000001));
#5054=DIRECTION('',(0.,0.,-1.));
#5055=VECTOR('',#5054,4.);
#5056=LINE('',#5053,#5055);
#5057=EDGE_CURVE('',#5043,#5052,#5056,.T.);
#5058=ORIENTED_EDGE('',*,*,#5057,.T.);
#5059=CARTESIAN_POINT('',(-25.199905395508,6.55,-14.80000000001));
#5060=VERTEX_POINT('',#5059);
#5061=CARTESIAN_POINT('',(-24.199905395508,6.55,-14.80000000001));
#5062=DIRECTION('',(1.,0.,3.5527136788005E-15));
#5063=DIRECTION('',(-1.8394777362344E-16,1.,1.9603046130237E-15));
#5064=AXIS2_PLACEMENT_3D('',#5061,#5063,#5062);
#5065=CIRCLE('',#5064,1.);
#5066=EDGE_CURVE('',#5052,#5060,#5065,.T.);
#5067=ORIENTED_EDGE('',*,*,#5066,.T.);
#5068=CARTESIAN_POINT('',(-25.199905395508,6.55,-14.80000000001));
#5069=DIRECTION('',(0.,0.,1.));
#5070=VECTOR('',#5069,4.);
#5071=LINE('',#5068,#5070);
#5072=EDGE_CURVE('',#5060,#5041,#5071,.T.);
#5073=ORIENTED_EDGE('',*,*,#5072,.T.);
#5074=EDGE_LOOP('',(#5050,#5058,#5067,#5073));
#5075=FACE_BOUND('',#5074,.T.);
#5076=CARTESIAN_POINT('',(-21.,6.55,-9.80000000001));
#5077=VERTEX_POINT('',#5076);
#5078=CARTESIAN_POINT('',(-19.,6.55,-9.80000000001));
#5079=VERTEX_POINT('',#5078);
#5080=CARTESIAN_POINT('',(-20.,6.55,-9.80000000001));
#5081=DIRECTION('',(-1.,0.,0.));
#5082=DIRECTION('',(-3.5211532303834E-16,1.,-1.4242415163619E-15));
#5083=AXIS2_PLACEMENT_3D('',#5080,#5082,#5081);
#5084=CIRCLE('',#5083,1.);
#5085=EDGE_CURVE('',#5077,#5079,#5084,.T.);
#5086=ORIENTED_EDGE('',*,*,#5085,.T.);
#5087=CARTESIAN_POINT('',(-19.,6.55,-15.80000000001));
#5088=VERTEX_POINT('',#5087);
#5089=CARTESIAN_POINT('',(-19.,6.55,-9.80000000001));
#5090=DIRECTION('',(0.,0.,-1.));
#5091=VECTOR('',#5090,6.);
#5092=LINE('',#5089,#5091);
#5093=EDGE_CURVE('',#5079,#5088,#5092,.T.);
#5094=ORIENTED_EDGE('',*,*,#5093,.T.);
#5095=CARTESIAN_POINT('',(-21.,6.55,-15.80000000001));
#5096=VERTEX_POINT('',#5095);
#5097=CARTESIAN_POINT('',(-20.,6.55,-15.80000000001));
#5098=DIRECTION('',(1.,-1.7763568394002E-15,0.));
#5099=DIRECTION('',(1.3322676295502E-15,1.,1.3322676295502E-15));
#5100=AXIS2_PLACEMENT_3D('',#5097,#5099,#5098);
#5101=CIRCLE('',#5100,1.);
#5102=EDGE_CURVE('',#5088,#5096,#5101,.T.);
#5103=ORIENTED_EDGE('',*,*,#5102,.T.);
#5104=CARTESIAN_POINT('',(-21.,6.55,-15.80000000001));
#5105=DIRECTION('',(0.,0.,1.));
#5106=VECTOR('',#5105,6.);
#5107=LINE('',#5104,#5106);
#5108=EDGE_CURVE('',#5096,#5077,#5107,.T.);
#5109=ORIENTED_EDGE('',*,*,#5108,.T.);
#5110=EDGE_LOOP('',(#5086,#5094,#5103,#5109));
#5111=FACE_BOUND('',#5110,.T.);
#5112=CARTESIAN_POINT('',(-41.3,6.55,-12.8));
#5113=VERTEX_POINT('',#5112);
#5114=CARTESIAN_POINT('',(-43.5,6.55,-12.8));
#5115=DIRECTION('',(1.,4.5269660487291E-16,-2.2837708489946E-15));
#5116=DIRECTION('',(-4.5269660487291E-16,1.,8.5641406837297E-16));
#5117=AXIS2_PLACEMENT_3D('',#5114,#5116,#5115);
#5118=CIRCLE('',#5117,2.2);
#5119=EDGE_CURVE('',#5113,#5113,#5118,.T.);
#5120=ORIENTED_EDGE('',*,*,#5119,.T.);
#5121=EDGE_LOOP('',(#5120));
#5122=FACE_BOUND('',#5121,.T.);
#5123=CARTESIAN_POINT('',(-30.8000000005,6.55,-12.80000000001));
#5124=VERTEX_POINT('',#5123);
#5125=CARTESIAN_POINT('',(-30.0000000005,6.55,-12.80000000001));
#5126=DIRECTION('',(-1.,1.8279229345794E-15,3.1401849173675E-15));
#5127=DIRECTION('',(1.8279229345794E-15,1.,3.9252311467094E-16));
#5128=AXIS2_PLACEMENT_3D('',#5125,#5127,#5126);
#5129=CIRCLE('',#5128,0.8);
#5130=EDGE_CURVE('',#5124,#5124,#5129,.T.);
#5131=ORIENTED_EDGE('',*,*,#5130,.T.);
#5132=EDGE_LOOP('',(#5131));
#5133=FACE_BOUND('',#5132,.T.);
#5134=ADVANCED_FACE('',(#4621,#4632,#4643,#4679,#4715,#4751,#4787,#4823,#4859,#4895,#4931,#4967,#5003,#5039,#5075,#5111,#5122,#5133),#4611,.T.);
#5135=CARTESIAN_POINT('',(-36.5,3.75,-25.4));
#5136=DIRECTION('',(-1.,-1.7080354225002E-15,1.3664283380002E-15));
#5137=DIRECTION('',(-6.9588802508961E-15,0.,1.));
#5138=AXIS2_PLACEMENT_3D('',#5135,#5137,#5136);
#5139=CYLINDRICAL_SURFACE('',#5138,2.6);
#5140=ORIENTED_EDGE('',*,*,#4200,.F.);
#5141=CARTESIAN_POINT('',(-39.1,3.75,-25.4));
#5142=DIRECTION('',(0.,0.,1.));
#5143=VECTOR('',#5142,1.021059006826);
#5144=LINE('',#5141,#5143);
#5145=EDGE_CURVE('',#4188,#2362,#5144,.T.);
#5146=ORIENTED_EDGE('',*,*,#5145,.T.);
#5147=ORIENTED_EDGE('',*,*,#2368,.F.);
#5148=ORIENTED_EDGE('',*,*,#5145,.F.);
#5149=EDGE_LOOP('',(#5140,#5146,#5147,#5148));
#5150=FACE_OUTER_BOUND('',#5149,.T.);
#5151=ADVANCED_FACE('',(#5150),#5139,.F.);
#5152=CARTESIAN_POINT('',(36.5,3.75,-25.4));
#5153=DIRECTION('',(-1.,-2.9036602182504E-15,2.7328566760004E-15));
#5154=DIRECTION('',(0.,-4.34930015681E-16,1.));
#5155=AXIS2_PLACEMENT_3D('',#5152,#5154,#5153);
#5156=CYLINDRICAL_SURFACE('',#5155,2.6);
#5157=ORIENTED_EDGE('',*,*,#4225,.F.);
#5158=CARTESIAN_POINT('',(33.9,3.75,-25.4));
#5159=DIRECTION('',(0.,0.,1.));
#5160=VECTOR('',#5159,1.021059006826);
#5161=LINE('',#5158,#5160);
#5162=EDGE_CURVE('',#4213,#2351,#5161,.T.);
#5163=ORIENTED_EDGE('',*,*,#5162,.T.);
#5164=ORIENTED_EDGE('',*,*,#2357,.F.);
#5165=ORIENTED_EDGE('',*,*,#5162,.F.);
#5166=EDGE_LOOP('',(#5157,#5163,#5164,#5165));
#5167=FACE_OUTER_BOUND('',#5166,.T.);
#5168=ADVANCED_FACE('',(#5167),#5156,.F.);
#5169=CARTESIAN_POINT('',(-9.5,2.05,-0.610354069548));
#5170=DIRECTION('',(5.9211894646675E-16,1.,2.9605947323338E-16));
#5171=DIRECTION('',(-1.,5.9211894646675E-16,0.));
#5172=AXIS2_PLACEMENT_3D('',#5169,#5171,#5170);
#5173=PLANE('',#5172);
#5174=CARTESIAN_POINT('',(-9.5,-0.95,-3.8285686989269E-15));
#5175=VERTEX_POINT('',#5174);
#5176=CARTESIAN_POINT('',(-9.5,5.05,-1.5314274795708E-15));
#5177=VERTEX_POINT('',#5176);
#5178=CARTESIAN_POINT('',(-9.5,-0.95,-3.8285686989269E-15));
#5179=DIRECTION('',(0.,1.,3.8285686989268E-16));
#5180=VECTOR('',#5179,6.);
#5181=LINE('',#5178,#5180);
#5182=EDGE_CURVE('',#5175,#5177,#5181,.T.);
#5183=ORIENTED_EDGE('',*,*,#5182,.T.);
#5184=CARTESIAN_POINT('',(-9.5,5.05,-1.5314274795708E-15));
#5185=DIRECTION('',(0.,0.,-1.));
#5186=VECTOR('',#5185,1.220708139096);
#5187=LINE('',#5184,#5186);
#5188=EDGE_CURVE('',#5177,#3315,#5187,.T.);
#5189=ORIENTED_EDGE('',*,*,#5188,.T.);
#5190=ORIENTED_EDGE('',*,*,#3320,.F.);
#5191=CARTESIAN_POINT('',(-9.5,-0.95,-1.220708139096));
#5192=DIRECTION('',(0.,0.,1.));
#5193=VECTOR('',#5192,1.220708139096);
#5194=LINE('',#5191,#5193);
#5195=EDGE_CURVE('',#3313,#5175,#5194,.T.);
#5196=ORIENTED_EDGE('',*,*,#5195,.T.);
#5197=EDGE_LOOP('',(#5183,#5189,#5190,#5196));
#5198=FACE_OUTER_BOUND('',#5197,.T.);
#5199=ADVANCED_FACE('',(#5198),#5173,.T.);
#5200=CARTESIAN_POINT('',(-10.5,5.05,-3.7239317883385E-17));
#5201=DIRECTION('',(-1.,-8.8817841970013E-15,-1.7391175215169E-15));
#5202=DIRECTION('',(2.910371091186E-15,0.,-1.));
#5203=AXIS2_PLACEMENT_3D('',#5200,#5202,#5201);
#5204=CYLINDRICAL_SURFACE('',#5203,1.);
#5205=CARTESIAN_POINT('',(-11.5,5.05,-1.5314274795708E-15));
#5206=VERTEX_POINT('',#5205);
#5207=CARTESIAN_POINT('',(-10.5,5.05,-4.593279423707E-15));
#5208=DIRECTION('',(1.,-8.8817841970013E-16,1.0405657449065E-15));
#5209=DIRECTION('',(-1.0405657449065E-15,-1.0405657449065E-15,1.));
#5210=AXIS2_PLACEMENT_3D('',#5207,#5209,#5208);
#5211=CIRCLE('',#5210,1.);
#5212=EDGE_CURVE('',#5177,#5206,#5211,.T.);
#5213=ORIENTED_EDGE('',*,*,#5212,.T.);
#5214=CARTESIAN_POINT('',(-11.5,5.05,-1.5314274795708E-15));
#5215=DIRECTION('',(0.,0.,-1.));
#5216=VECTOR('',#5215,1.220708139096);
#5217=LINE('',#5214,#5216);
#5218=EDGE_CURVE('',#5206,#3323,#5217,.T.);
#5219=ORIENTED_EDGE('',*,*,#5218,.T.);
#5220=ORIENTED_EDGE('',*,*,#3329,.F.);
#5221=ORIENTED_EDGE('',*,*,#5188,.F.);
#5222=EDGE_LOOP('',(#5213,#5219,#5220,#5221));
#5223=FACE_OUTER_BOUND('',#5222,.T.);
#5224=ADVANCED_FACE('',(#5223),#5204,.F.);
#5225=CARTESIAN_POINT('',(-11.5,2.05,-0.610354069548));
#5226=DIRECTION('',(-5.9211894646675E-16,-1.,-2.9605947323338E-16));
#5227=DIRECTION('',(1.,-5.9211894646675E-16,0.));
#5228=AXIS2_PLACEMENT_3D('',#5225,#5227,#5226);
#5229=PLANE('',#5228);
#5230=CARTESIAN_POINT('',(-11.5,-0.95,-3.8285686989269E-15));
#5231=VERTEX_POINT('',#5230);
#5232=CARTESIAN_POINT('',(-11.5,5.05,-1.5314274795708E-15));
#5233=DIRECTION('',(0.,-1.,-3.8285686989268E-16));
#5234=VECTOR('',#5233,6.);
#5235=LINE('',#5232,#5234);
#5236=EDGE_CURVE('',#5206,#5231,#5235,.T.);
#5237=ORIENTED_EDGE('',*,*,#5236,.T.);
#5238=CARTESIAN_POINT('',(-11.5,-0.95,-3.8285686989269E-15));
#5239=DIRECTION('',(0.,0.,-1.));
#5240=VECTOR('',#5239,1.220708139096);
#5241=LINE('',#5238,#5240);
#5242=EDGE_CURVE('',#5231,#3332,#5241,.T.);
#5243=ORIENTED_EDGE('',*,*,#5242,.T.);
#5244=ORIENTED_EDGE('',*,*,#3337,.F.);
#5245=ORIENTED_EDGE('',*,*,#5218,.F.);
#5246=EDGE_LOOP('',(#5237,#5243,#5244,#5245));
#5247=FACE_OUTER_BOUND('',#5246,.T.);
#5248=ADVANCED_FACE('',(#5247),#5229,.T.);
#5249=CARTESIAN_POINT('',(-10.5,-0.95000000000001,-3.6907850492018E-15));
#5250=DIRECTION('',(1.,2.7644553313166E-14,-5.280624443738E-16));
#5251=DIRECTION('',(0.,-3.6379638639826E-16,-1.));
#5252=AXIS2_PLACEMENT_3D('',#5249,#5251,#5250);
#5253=CYLINDRICAL_SURFACE('',#5252,1.);
#5254=CARTESIAN_POINT('',(-10.5,-0.95,-3.1216972347194E-15));
#5255=DIRECTION('',(-1.,1.1102230246252E-16,-2.2073732834814E-15));
#5256=DIRECTION('',(-2.2073732834814E-15,-2.2073732834814E-15,1.));
#5257=AXIS2_PLACEMENT_3D('',#5254,#5256,#5255);
#5258=CIRCLE('',#5257,1.);
#5259=EDGE_CURVE('',#5231,#5175,#5258,.T.);
#5260=ORIENTED_EDGE('',*,*,#5259,.T.);
#5261=ORIENTED_EDGE('',*,*,#5195,.F.);
#5262=ORIENTED_EDGE('',*,*,#3344,.F.);
#5263=ORIENTED_EDGE('',*,*,#5242,.F.);
#5264=EDGE_LOOP('',(#5260,#5261,#5262,#5263));
#5265=FACE_OUTER_BOUND('',#5264,.T.);
#5266=ADVANCED_FACE('',(#5265),#5253,.F.);
#5267=CARTESIAN_POINT('',(19.,2.05,-0.610354069548));
#5268=DIRECTION('',(0.,1.,2.9605947323337E-16));
#5269=DIRECTION('',(-1.,0.,0.));
#5270=AXIS2_PLACEMENT_3D('',#5267,#5269,#5268);
#5271=PLANE('',#5270);
#5272=CARTESIAN_POINT('',(19.,-0.95000000000001,-3.8285686989269E-15));
#5273=VERTEX_POINT('',#5272);
#5274=CARTESIAN_POINT('',(19.,5.05,-1.5314274795708E-15));
#5275=VERTEX_POINT('',#5274);
#5276=CARTESIAN_POINT('',(19.,-0.95000000000001,-3.8285686989269E-15));
#5277=DIRECTION('',(0.,1.,3.8285686989268E-16));
#5278=VECTOR('',#5277,6.);
#5279=LINE('',#5276,#5278);
#5280=EDGE_CURVE('',#5273,#5275,#5279,.T.);
#5281=ORIENTED_EDGE('',*,*,#5280,.T.);
#5282=CARTESIAN_POINT('',(19.,5.05,-1.5314274795708E-15));
#5283=DIRECTION('',(0.,0.,-1.));
#5284=VECTOR('',#5283,1.220708139096);
#5285=LINE('',#5282,#5284);
#5286=EDGE_CURVE('',#5275,#3279,#5285,.T.);
#5287=ORIENTED_EDGE('',*,*,#5286,.T.);
#5288=ORIENTED_EDGE('',*,*,#3284,.F.);
#5289=CARTESIAN_POINT('',(19.,-0.95,-1.220708139096));
#5290=DIRECTION('',(0.,-8.1854186939608E-15,1.));
#5291=VECTOR('',#5290,1.220708139096);
#5292=LINE('',#5289,#5291);
#5293=EDGE_CURVE('',#3277,#5273,#5292,.T.);
#5294=ORIENTED_EDGE('',*,*,#5293,.T.);
#5295=EDGE_LOOP('',(#5281,#5287,#5288,#5294));
#5296=FACE_OUTER_BOUND('',#5295,.T.);
#5297=ADVANCED_FACE('',(#5296),#5271,.T.);
#5298=CARTESIAN_POINT('',(18.,5.05,2.3283694689557E-15));
#5299=DIRECTION('',(-1.,0.,-3.882681703431E-15));
#5300=DIRECTION('',(0.,0.,-1.));
#5301=AXIS2_PLACEMENT_3D('',#5298,#5300,#5299);
#5302=CYLINDRICAL_SURFACE('',#5301,0.99999999999999);
#5303=CARTESIAN_POINT('',(17.,5.05,-1.5314274795708E-15));
#5304=VERTEX_POINT('',#5303);
#5305=CARTESIAN_POINT('',(18.,5.05,-5.6338451686134E-15));
#5306=DIRECTION('',(1.,-3.5527136788005E-15,3.0477465041267E-16));
#5307=DIRECTION('',(-3.0477465041267E-16,-3.0477465041267E-16,1.));
#5308=AXIS2_PLACEMENT_3D('',#5305,#5307,#5306);
#5309=CIRCLE('',#5308,1.);
#5310=EDGE_CURVE('',#5275,#5304,#5309,.T.);
#5311=ORIENTED_EDGE('',*,*,#5310,.T.);
#5312=CARTESIAN_POINT('',(17.,5.05,-1.5314274795708E-15));
#5313=DIRECTION('',(0.,0.,-1.));
#5314=VECTOR('',#5313,1.220708139096);
#5315=LINE('',#5312,#5314);
#5316=EDGE_CURVE('',#5304,#3287,#5315,.T.);
#5317=ORIENTED_EDGE('',*,*,#5316,.T.);
#5318=ORIENTED_EDGE('',*,*,#3293,.F.);
#5319=ORIENTED_EDGE('',*,*,#5286,.F.);
#5320=EDGE_LOOP('',(#5311,#5317,#5318,#5319));
#5321=FACE_OUTER_BOUND('',#5320,.T.);
#5322=ADVANCED_FACE('',(#5321),#5302,.F.);
#5323=CARTESIAN_POINT('',(17.,2.05,-0.610354069548));
#5324=DIRECTION('',(0.,-1.,-2.9605947323337E-16));
#5325=DIRECTION('',(1.,0.,0.));
#5326=AXIS2_PLACEMENT_3D('',#5323,#5325,#5324);
#5327=PLANE('',#5326);
#5328=CARTESIAN_POINT('',(17.,-0.95000000000001,-3.8285686989269E-15));
#5329=VERTEX_POINT('',#5328);
#5330=CARTESIAN_POINT('',(17.,5.05,-1.5314274795708E-15));
#5331=DIRECTION('',(0.,-1.,-3.8285686989268E-16));
#5332=VECTOR('',#5331,6.);
#5333=LINE('',#5330,#5332);
#5334=EDGE_CURVE('',#5304,#5329,#5333,.T.);
#5335=ORIENTED_EDGE('',*,*,#5334,.T.);
#5336=CARTESIAN_POINT('',(17.,-0.95000000000001,-3.8285686989269E-15));
#5337=DIRECTION('',(0.,8.1854186939608E-15,-1.));
#5338=VECTOR('',#5337,1.220708139096);
#5339=LINE('',#5336,#5338);
#5340=EDGE_CURVE('',#5329,#3296,#5339,.T.);
#5341=ORIENTED_EDGE('',*,*,#5340,.T.);
#5342=ORIENTED_EDGE('',*,*,#3301,.F.);
#5343=ORIENTED_EDGE('',*,*,#5316,.F.);
#5344=EDGE_LOOP('',(#5335,#5341,#5342,#5343));
#5345=FACE_OUTER_BOUND('',#5344,.T.);
#5346=ADVANCED_FACE('',(#5345),#5327,.T.);
#5347=CARTESIAN_POINT('',(18.,-0.95,-3.2735376303341E-15));
#5348=DIRECTION('',(1.,-2.9087843245179E-14,-5.0122065339143E-16));
#5349=DIRECTION('',(0.,9.0949096599564E-16,-1.));
#5350=AXIS2_PLACEMENT_3D('',#5347,#5349,#5348);
#5351=CYLINDRICAL_SURFACE('',#5350,1.);
#5352=CARTESIAN_POINT('',(18.,-0.95000000000001,-4.1622629796259E-15));
#5353=DIRECTION('',(-1.,-6.6613381477509E-16,-2.9431643779751E-15));
#5354=DIRECTION('',(-2.9431643779751E-15,-2.9431643779751E-15,1.));
#5355=AXIS2_PLACEMENT_3D('',#5352,#5354,#5353);
#5356=CIRCLE('',#5355,1.);
#5357=EDGE_CURVE('',#5329,#5273,#5356,.T.);
#5358=ORIENTED_EDGE('',*,*,#5357,.T.);
#5359=ORIENTED_EDGE('',*,*,#5293,.F.);
#5360=ORIENTED_EDGE('',*,*,#3308,.F.);
#5361=ORIENTED_EDGE('',*,*,#5340,.F.);
#5362=EDGE_LOOP('',(#5358,#5359,#5360,#5361));
#5363=FACE_OUTER_BOUND('',#5362,.T.);
#5364=ADVANCED_FACE('',(#5363),#5351,.F.);
#5365=CARTESIAN_POINT('',(2.5,2.05,-0.610354069548));
#5366=DIRECTION('',(1.4802973661669E-16,1.,2.9605947323338E-16));
#5367=DIRECTION('',(-1.,1.4802973661669E-16,-7.2759277279651E-16));
#5368=AXIS2_PLACEMENT_3D('',#5365,#5367,#5366);
#5369=PLANE('',#5368);
#5370=CARTESIAN_POINT('',(2.5,-0.95,-3.8285686989269E-15));
#5371=VERTEX_POINT('',#5370);
#5372=CARTESIAN_POINT('',(2.5,5.05,-1.5314274795708E-15));
#5373=VERTEX_POINT('',#5372);
#5374=CARTESIAN_POINT('',(2.5,-0.95,-3.8285686989269E-15));
#5375=DIRECTION('',(0.,1.,3.8285686989268E-16));
#5376=VECTOR('',#5375,6.);
#5377=LINE('',#5374,#5376);
#5378=EDGE_CURVE('',#5371,#5373,#5377,.T.);
#5379=ORIENTED_EDGE('',*,*,#5378,.T.);
#5380=CARTESIAN_POINT('',(2.5,5.05,-1.5314274795708E-15));
#5381=DIRECTION('',(0.,0.,-1.));
#5382=VECTOR('',#5381,1.220708139096);
#5383=LINE('',#5380,#5382);
#5384=EDGE_CURVE('',#5373,#3243,#5383,.T.);
#5385=ORIENTED_EDGE('',*,*,#5384,.T.);
#5386=ORIENTED_EDGE('',*,*,#3248,.F.);
#5387=CARTESIAN_POINT('',(2.5,-0.95,-1.220708139096));
#5388=DIRECTION('',(0.,0.,1.));
#5389=VECTOR('',#5388,1.220708139096);
#5390=LINE('',#5387,#5389);
#5391=EDGE_CURVE('',#3241,#5371,#5390,.T.);
#5392=ORIENTED_EDGE('',*,*,#5391,.T.);
#5393=EDGE_LOOP('',(#5379,#5385,#5386,#5392));
#5394=FACE_OUTER_BOUND('',#5393,.T.);
#5395=ADVANCED_FACE('',(#5394),#5369,.T.);
#5396=CARTESIAN_POINT('',(1.5,5.05,-1.8012740498797E-15));
#5397=DIRECTION('',(-1.,-1.7763568394003E-15,2.4917210479439E-17));
#5398=DIRECTION('',(-1.8189819319913E-16,0.,-1.));
#5399=AXIS2_PLACEMENT_3D('',#5396,#5398,#5397);
#5400=CYLINDRICAL_SURFACE('',#5399,1.);
#5401=CARTESIAN_POINT('',(0.5,5.05,-1.5314274795708E-15));
#5402=VERTEX_POINT('',#5401);
#5403=CARTESIAN_POINT('',(1.5,5.05,-4.593279423707E-15));
#5404=DIRECTION('',(1.,-8.8817841970013E-16,1.0405657449065E-15));
#5405=DIRECTION('',(-1.0405657449065E-15,-1.0405657449065E-15,1.));
#5406=AXIS2_PLACEMENT_3D('',#5403,#5405,#5404);
#5407=CIRCLE('',#5406,1.);
#5408=EDGE_CURVE('',#5373,#5402,#5407,.T.);
#5409=ORIENTED_EDGE('',*,*,#5408,.T.);
#5410=CARTESIAN_POINT('',(0.5,5.05,-1.5314274795708E-15));
#5411=DIRECTION('',(-8.1854186939607E-15,0.,-1.));
#5412=VECTOR('',#5411,1.220708139096);
#5413=LINE('',#5410,#5412);
#5414=EDGE_CURVE('',#5402,#3251,#5413,.T.);
#5415=ORIENTED_EDGE('',*,*,#5414,.T.);
#5416=ORIENTED_EDGE('',*,*,#3257,.F.);
#5417=ORIENTED_EDGE('',*,*,#5384,.F.);
#5418=EDGE_LOOP('',(#5409,#5415,#5416,#5417));
#5419=FACE_OUTER_BOUND('',#5418,.T.);
#5420=ADVANCED_FACE('',(#5419),#5400,.F.);
#5421=CARTESIAN_POINT('',(0.49999999999999,2.05,-0.610354069548));
#5422=DIRECTION('',(-1.295260195396E-16,-1.,-2.9605947323338E-16));
#5423=DIRECTION('',(1.,-1.295260195396E-16,1.8189819319913E-16));
#5424=AXIS2_PLACEMENT_3D('',#5421,#5423,#5422);
#5425=PLANE('',#5424);
#5426=CARTESIAN_POINT('',(0.49999999999999,-0.95,-3.8285686989269E-15));
#5427=VERTEX_POINT('',#5426);
#5428=CARTESIAN_POINT('',(0.5,5.05,-1.5314274795708E-15));
#5429=DIRECTION('',(-1.6653345369377E-15,-1.,-3.8285686989268E-16));
#5430=VECTOR('',#5429,6.);
#5431=LINE('',#5428,#5430);
#5432=EDGE_CURVE('',#5402,#5427,#5431,.T.);
#5433=ORIENTED_EDGE('',*,*,#5432,.T.);
#5434=CARTESIAN_POINT('',(0.49999999999999,-0.95,-3.8285686989269E-15));
#5435=DIRECTION('',(0.,0.,-1.));
#5436=VECTOR('',#5435,1.220708139096);
#5437=LINE('',#5434,#5436);
#5438=EDGE_CURVE('',#5427,#3260,#5437,.T.);
#5439=ORIENTED_EDGE('',*,*,#5438,.T.);
#5440=ORIENTED_EDGE('',*,*,#3265,.F.);
#5441=ORIENTED_EDGE('',*,*,#5414,.F.);
#5442=EDGE_LOOP('',(#5433,#5439,#5440,#5441));
#5443=FACE_OUTER_BOUND('',#5442,.T.);
#5444=ADVANCED_FACE('',(#5443),#5425,.T.);
#5445=CARTESIAN_POINT('',(1.5,-0.95000000000001,-2.895454863767E-15));
#5446=DIRECTION('',(1.,-4.4408920985006E-16,-4.3521421010847E-16));
#5447=DIRECTION('',(0.,5.4569457959738E-16,-1.));
#5448=AXIS2_PLACEMENT_3D('',#5445,#5447,#5446);
#5449=CYLINDRICAL_SURFACE('',#5448,1.);
#5450=CARTESIAN_POINT('',(1.5,-0.95,-3.1216972347194E-15));
#5451=DIRECTION('',(-1.,-3.3306690738754E-16,-2.2073732834814E-15));
#5452=DIRECTION('',(-2.2073732834814E-15,-2.2073732834814E-15,1.));
#5453=AXIS2_PLACEMENT_3D('',#5450,#5452,#5451);
#5454=CIRCLE('',#5453,1.);
#5455=EDGE_CURVE('',#5427,#5371,#5454,.T.);
#5456=ORIENTED_EDGE('',*,*,#5455,.T.);
#5457=ORIENTED_EDGE('',*,*,#5391,.F.);
#5458=ORIENTED_EDGE('',*,*,#3272,.F.);
#5459=ORIENTED_EDGE('',*,*,#5438,.F.);
#5460=EDGE_LOOP('',(#5456,#5457,#5458,#5459));
#5461=FACE_OUTER_BOUND('',#5460,.T.);
#5462=ADVANCED_FACE('',(#5461),#5449,.F.);
#5463=CARTESIAN_POINT('',(-5.5,2.05,-0.610354069548));
#5464=DIRECTION('',(0.,1.,2.9605947323338E-16));
#5465=DIRECTION('',(-1.,0.,0.));
#5466=AXIS2_PLACEMENT_3D('',#5463,#5465,#5464);
#5467=PLANE('',#5466);
#5468=CARTESIAN_POINT('',(-5.5,-0.95,-3.8285686989269E-15));
#5469=VERTEX_POINT('',#5468);
#5470=CARTESIAN_POINT('',(-5.5,5.05,-1.5314274795708E-15));
#5471=VERTEX_POINT('',#5470);
#5472=CARTESIAN_POINT('',(-5.5,-0.95,-3.8285686989269E-15));
#5473=DIRECTION('',(0.,1.,3.8285686989268E-16));
#5474=VECTOR('',#5473,6.);
#5475=LINE('',#5472,#5474);
#5476=EDGE_CURVE('',#5469,#5471,#5475,.T.);
#5477=ORIENTED_EDGE('',*,*,#5476,.T.);
#5478=CARTESIAN_POINT('',(-5.5,5.05,-1.5314274795708E-15));
#5479=DIRECTION('',(0.,0.,-1.));
#5480=VECTOR('',#5479,1.220708139096);
#5481=LINE('',#5478,#5480);
#5482=EDGE_CURVE('',#5471,#3207,#5481,.T.);
#5483=ORIENTED_EDGE('',*,*,#5482,.T.);
#5484=ORIENTED_EDGE('',*,*,#3212,.F.);
#5485=CARTESIAN_POINT('',(-5.5,-0.95,-1.220708139096));
#5486=DIRECTION('',(0.,0.,1.));
#5487=VECTOR('',#5486,1.220708139096);
#5488=LINE('',#5485,#5487);
#5489=EDGE_CURVE('',#3205,#5469,#5488,.T.);
#5490=ORIENTED_EDGE('',*,*,#5489,.T.);
#5491=EDGE_LOOP('',(#5477,#5483,#5484,#5490));
#5492=FACE_OUTER_BOUND('',#5491,.T.);
#5493=ADVANCED_FACE('',(#5492),#5467,.T.);
#5494=CARTESIAN_POINT('',(-6.5,5.05,-5.9254000021985E-16));
#5495=DIRECTION('',(-1.,1.7763568394002E-15,-9.6177223425537E-16));
#5496=DIRECTION('',(0.,-7.2759277279651E-16,-1.));
#5497=AXIS2_PLACEMENT_3D('',#5494,#5496,#5495);
#5498=CYLINDRICAL_SURFACE('',#5497,1.);
#5499=CARTESIAN_POINT('',(-7.5,5.05,-1.5314274795708E-15));
#5500=VERTEX_POINT('',#5499);
#5501=CARTESIAN_POINT('',(-6.5,5.05,-2.5121479338941E-15));
#5502=DIRECTION('',(1.,-8.8817841970013E-16,2.512147933894E-15));
#5503=DIRECTION('',(-2.512147933894E-15,-2.512147933894E-15,1.));
#5504=AXIS2_PLACEMENT_3D('',#5501,#5503,#5502);
#5505=CIRCLE('',#5504,1.);
#5506=EDGE_CURVE('',#5471,#5500,#5505,.T.);
#5507=ORIENTED_EDGE('',*,*,#5506,.T.);
#5508=CARTESIAN_POINT('',(-7.5,5.05,-1.5314274795708E-15));
#5509=DIRECTION('',(0.,0.,-1.));
#5510=VECTOR('',#5509,1.220708139096);
#5511=LINE('',#5508,#5510);
#5512=EDGE_CURVE('',#5500,#3215,#5511,.T.);
#5513=ORIENTED_EDGE('',*,*,#5512,.T.);
#5514=ORIENTED_EDGE('',*,*,#3221,.F.);
#5515=ORIENTED_EDGE('',*,*,#5482,.F.);
#5516=EDGE_LOOP('',(#5507,#5513,#5514,#5515));
#5517=FACE_OUTER_BOUND('',#5516,.T.);
#5518=ADVANCED_FACE('',(#5517),#5498,.F.);
#5519=CARTESIAN_POINT('',(-7.5,2.05,-0.610354069548));
#5520=DIRECTION('',(0.,-1.,-2.9605947323338E-16));
#5521=DIRECTION('',(1.,0.,0.));
#5522=AXIS2_PLACEMENT_3D('',#5519,#5521,#5520);
#5523=PLANE('',#5522);
#5524=CARTESIAN_POINT('',(-7.5,-0.95,-3.8285686989269E-15));
#5525=VERTEX_POINT('',#5524);
#5526=CARTESIAN_POINT('',(-7.5,5.05,-1.5314274795708E-15));
#5527=DIRECTION('',(0.,-1.,-3.8285686989268E-16));
#5528=VECTOR('',#5527,6.);
#5529=LINE('',#5526,#5528);
#5530=EDGE_CURVE('',#5500,#5525,#5529,.T.);
#5531=ORIENTED_EDGE('',*,*,#5530,.T.);
#5532=CARTESIAN_POINT('',(-7.5,-0.95,-3.8285686989269E-15));
#5533=DIRECTION('',(0.,0.,-1.));
#5534=VECTOR('',#5533,1.220708139096);
#5535=LINE('',#5532,#5534);
#5536=EDGE_CURVE('',#5525,#3224,#5535,.T.);
#5537=ORIENTED_EDGE('',*,*,#5536,.T.);
#5538=ORIENTED_EDGE('',*,*,#3229,.F.);
#5539=ORIENTED_EDGE('',*,*,#5512,.F.);
#5540=EDGE_LOOP('',(#5531,#5537,#5538,#5539));
#5541=FACE_OUTER_BOUND('',#5540,.T.);
#5542=ADVANCED_FACE('',(#5541),#5523,.T.);
#5543=CARTESIAN_POINT('',(-6.5,-0.95,-3.8961936127557E-15));
#5544=DIRECTION('',(1.,2.6645352591004E-15,1.214353290302E-16));
#5545=DIRECTION('',(0.,-1.8189819319913E-16,-1.));
#5546=AXIS2_PLACEMENT_3D('',#5543,#5545,#5544);
#5547=CYLINDRICAL_SURFACE('',#5546,1.);
#5548=CARTESIAN_POINT('',(-6.5,-0.95,-3.1216972347194E-15));
#5549=DIRECTION('',(-1.,8.8817841970013E-16,-2.2073732834814E-15));
#5550=DIRECTION('',(-2.2073732834814E-15,-2.2073732834814E-15,1.));
#5551=AXIS2_PLACEMENT_3D('',#5548,#5550,#5549);
#5552=CIRCLE('',#5551,1.);
#5553=EDGE_CURVE('',#5525,#5469,#5552,.T.);
#5554=ORIENTED_EDGE('',*,*,#5553,.T.);
#5555=ORIENTED_EDGE('',*,*,#5489,.F.);
#5556=ORIENTED_EDGE('',*,*,#3236,.F.);
#5557=ORIENTED_EDGE('',*,*,#5536,.F.);
#5558=EDGE_LOOP('',(#5554,#5555,#5556,#5557));
#5559=FACE_OUTER_BOUND('',#5558,.T.);
#5560=ADVANCED_FACE('',(#5559),#5547,.F.);
#5561=CARTESIAN_POINT('',(-17.5,2.05,-0.610354069548));
#5562=DIRECTION('',(0.,1.,2.9605947323338E-16));
#5563=DIRECTION('',(-1.,0.,0.));
#5564=AXIS2_PLACEMENT_3D('',#5561,#5563,#5562);
#5565=PLANE('',#5564);
#5566=CARTESIAN_POINT('',(-17.5,-0.95,-3.8285686989269E-15));
#5567=VERTEX_POINT('',#5566);
#5568=CARTESIAN_POINT('',(-17.5,5.05,-1.5314274795708E-15));
#5569=VERTEX_POINT('',#5568);
#5570=CARTESIAN_POINT('',(-17.5,-0.95,-3.8285686989269E-15));
#5571=DIRECTION('',(0.,1.,3.8285686989268E-16));
#5572=VECTOR('',#5571,6.);
#5573=LINE('',#5570,#5572);
#5574=EDGE_CURVE('',#5567,#5569,#5573,.T.);
#5575=ORIENTED_EDGE('',*,*,#5574,.T.);
#5576=CARTESIAN_POINT('',(-17.5,5.05,-1.5314274795708E-15));
#5577=DIRECTION('',(0.,0.,-1.));
#5578=VECTOR('',#5577,1.220708139096);
#5579=LINE('',#5576,#5578);
#5580=EDGE_CURVE('',#5569,#3171,#5579,.T.);
#5581=ORIENTED_EDGE('',*,*,#5580,.T.);
#5582=ORIENTED_EDGE('',*,*,#3176,.F.);
#5583=CARTESIAN_POINT('',(-17.5,-0.95,-1.220708139096));
#5584=DIRECTION('',(0.,0.,1.));
#5585=VECTOR('',#5584,1.220708139096);
#5586=LINE('',#5583,#5585);
#5587=EDGE_CURVE('',#3169,#5567,#5586,.T.);
#5588=ORIENTED_EDGE('',*,*,#5587,.T.);
#5589=EDGE_LOOP('',(#5575,#5581,#5582,#5588));
#5590=FACE_OUTER_BOUND('',#5589,.T.);
#5591=ADVANCED_FACE('',(#5590),#5565,.T.);
#5592=CARTESIAN_POINT('',(-18.5,5.05,-1.5312703633176E-15));
#5593=DIRECTION('',(-1.,3.1086244689505E-14,-2.3041871157645E-17));
#5594=DIRECTION('',(0.,-7.2759277279651E-16,-1.));
#5595=AXIS2_PLACEMENT_3D('',#5592,#5594,#5593);
#5596=CYLINDRICAL_SURFACE('',#5595,0.99999999999999);
#5597=CARTESIAN_POINT('',(-19.5,5.05,-1.5314274795708E-15));
#5598=VERTEX_POINT('',#5597);
#5599=CARTESIAN_POINT('',(-18.5,5.05,-3.5527136788005E-15));
#5600=DIRECTION('',(1.,-8.8817841970013E-16,1.7763568394003E-15));
#5601=DIRECTION('',(-1.7763568394003E-15,-1.7763568394003E-15,1.));
#5602=AXIS2_PLACEMENT_3D('',#5599,#5601,#5600);
#5603=CIRCLE('',#5602,1.);
#5604=EDGE_CURVE('',#5569,#5598,#5603,.T.);
#5605=ORIENTED_EDGE('',*,*,#5604,.T.);
#5606=CARTESIAN_POINT('',(-19.5,5.05,-1.5314274795708E-15));
#5607=DIRECTION('',(0.,0.,-1.));
#5608=VECTOR('',#5607,1.220708139096);
#5609=LINE('',#5606,#5608);
#5610=EDGE_CURVE('',#5598,#3179,#5609,.T.);
#5611=ORIENTED_EDGE('',*,*,#5610,.T.);
#5612=ORIENTED_EDGE('',*,*,#3185,.F.);
#5613=ORIENTED_EDGE('',*,*,#5580,.F.);
#5614=EDGE_LOOP('',(#5605,#5611,#5612,#5613));
#5615=FACE_OUTER_BOUND('',#5614,.T.);
#5616=ADVANCED_FACE('',(#5615),#5596,.F.);
#5617=CARTESIAN_POINT('',(-19.5,2.05,-0.610354069548));
#5618=DIRECTION('',(0.,-1.,-2.9605947323338E-16));
#5619=DIRECTION('',(1.,0.,0.));
#5620=AXIS2_PLACEMENT_3D('',#5617,#5619,#5618);
#5621=PLANE('',#5620);
#5622=CARTESIAN_POINT('',(-19.5,-0.95,-3.8285686989269E-15));
#5623=VERTEX_POINT('',#5622);
#5624=CARTESIAN_POINT('',(-19.5,5.05,-1.5314274795708E-15));
#5625=DIRECTION('',(0.,-1.,-3.8285686989268E-16));
#5626=VECTOR('',#5625,6.);
#5627=LINE('',#5624,#5626);
#5628=EDGE_CURVE('',#5598,#5623,#5627,.T.);
#5629=ORIENTED_EDGE('',*,*,#5628,.T.);
#5630=CARTESIAN_POINT('',(-19.5,-0.95,-3.8285686989269E-15));
#5631=DIRECTION('',(0.,0.,-1.));
#5632=VECTOR('',#5631,1.220708139096);
#5633=LINE('',#5630,#5632);
#5634=EDGE_CURVE('',#5623,#3188,#5633,.T.);
#5635=ORIENTED_EDGE('',*,*,#5634,.T.);
#5636=ORIENTED_EDGE('',*,*,#3193,.F.);
#5637=ORIENTED_EDGE('',*,*,#5610,.F.);
#5638=EDGE_LOOP('',(#5629,#5635,#5636,#5637));
#5639=FACE_OUTER_BOUND('',#5638,.T.);
#5640=ADVANCED_FACE('',(#5639),#5621,.T.);
#5641=CARTESIAN_POINT('',(-18.5,-0.94999999999998,-1.8714745357865E-15));
#5642=DIRECTION('',(1.,1.3766765505352E-14,-5.7101611838884E-16));
#5643=DIRECTION('',(0.,1.8189819319913E-15,-1.));
#5644=AXIS2_PLACEMENT_3D('',#5641,#5643,#5642);
#5645=CYLINDRICAL_SURFACE('',#5644,1.);
#5646=CARTESIAN_POINT('',(-18.5,-0.95000000000001,-2.0811314898129E-15));
#5647=DIRECTION('',(-1.,9.8809849191639E-15,-1.4715821889876E-15));
#5648=DIRECTION('',(-1.4715821889876E-15,-1.4715821889876E-15,1.));
#5649=AXIS2_PLACEMENT_3D('',#5646,#5648,#5647);
#5650=CIRCLE('',#5649,1.);
#5651=EDGE_CURVE('',#5623,#5567,#5650,.T.);
#5652=ORIENTED_EDGE('',*,*,#5651,.T.);
#5653=ORIENTED_EDGE('',*,*,#5587,.F.);
#5654=ORIENTED_EDGE('',*,*,#3200,.F.);
#5655=ORIENTED_EDGE('',*,*,#5634,.F.);
#5656=EDGE_LOOP('',(#5652,#5653,#5654,#5655));
#5657=FACE_OUTER_BOUND('',#5656,.T.);
#5658=ADVANCED_FACE('',(#5657),#5645,.F.);
#5659=CARTESIAN_POINT('',(-1.5,2.05,-0.610354069548));
#5660=DIRECTION('',(1.4802973661669E-16,1.,2.9605947323338E-16));
#5661=DIRECTION('',(-1.,1.4802973661669E-16,-3.6379638639825E-16));
#5662=AXIS2_PLACEMENT_3D('',#5659,#5661,#5660);
#5663=PLANE('',#5662);
#5664=CARTESIAN_POINT('',(-1.5,-0.95,-3.8285686989269E-15));
#5665=VERTEX_POINT('',#5664);
#5666=CARTESIAN_POINT('',(-1.5,5.05,-1.5314274795708E-15));
#5667=VERTEX_POINT('',#5666);
#5668=CARTESIAN_POINT('',(-1.5,-0.95,-3.8285686989269E-15));
#5669=DIRECTION('',(0.,1.,3.8285686989268E-16));
#5670=VECTOR('',#5669,6.);
#5671=LINE('',#5668,#5670);
#5672=EDGE_CURVE('',#5665,#5667,#5671,.T.);
#5673=ORIENTED_EDGE('',*,*,#5672,.T.);
#5674=CARTESIAN_POINT('',(-1.5,5.05,-1.5314274795708E-15));
#5675=DIRECTION('',(0.,0.,-1.));
#5676=VECTOR('',#5675,1.220708139096);
#5677=LINE('',#5674,#5676);
#5678=EDGE_CURVE('',#5667,#3135,#5677,.T.);
#5679=ORIENTED_EDGE('',*,*,#5678,.T.);
#5680=ORIENTED_EDGE('',*,*,#3140,.F.);
#5681=CARTESIAN_POINT('',(-1.5,-0.95,-1.220708139096));
#5682=DIRECTION('',(0.,0.,1.));
#5683=VECTOR('',#5682,1.220708139096);
#5684=LINE('',#5681,#5683);
#5685=EDGE_CURVE('',#3133,#5665,#5684,.T.);
#5686=ORIENTED_EDGE('',*,*,#5685,.T.);
#5687=EDGE_LOOP('',(#5673,#5679,#5680,#5686));
#5688=FACE_OUTER_BOUND('',#5687,.T.);
#5689=ADVANCED_FACE('',(#5688),#5663,.T.);
#5690=CARTESIAN_POINT('',(-2.5,5.05,-7.389564001269E-16));
#5691=DIRECTION('',(-1.,-2.6645352591004E-15,-1.0374004392734E-15));
#5692=DIRECTION('',(0.,-7.2759277279651E-16,-1.));
#5693=AXIS2_PLACEMENT_3D('',#5690,#5692,#5691);
#5694=CYLINDRICAL_SURFACE('',#5693,1.);
#5695=CARTESIAN_POINT('',(-3.5,5.05,-1.5314274795708E-15));
#5696=VERTEX_POINT('',#5695);
#5697=CARTESIAN_POINT('',(-2.5,5.05,-4.593279423707E-15));
#5698=DIRECTION('',(1.,-8.8817841970013E-16,1.0405657449065E-15));
#5699=DIRECTION('',(-1.0405657449065E-15,-1.0405657449065E-15,1.));
#5700=AXIS2_PLACEMENT_3D('',#5697,#5699,#5698);
#5701=CIRCLE('',#5700,1.);
#5702=EDGE_CURVE('',#5667,#5696,#5701,.T.);
#5703=ORIENTED_EDGE('',*,*,#5702,.T.);
#5704=CARTESIAN_POINT('',(-3.5,5.05,-1.5314274795708E-15));
#5705=DIRECTION('',(0.,0.,-1.));
#5706=VECTOR('',#5705,1.220708139096);
#5707=LINE('',#5704,#5706);
#5708=EDGE_CURVE('',#5696,#3143,#5707,.T.);
#5709=ORIENTED_EDGE('',*,*,#5708,.T.);
#5710=ORIENTED_EDGE('',*,*,#3149,.F.);
#5711=ORIENTED_EDGE('',*,*,#5678,.F.);
#5712=EDGE_LOOP('',(#5703,#5709,#5710,#5711));
#5713=FACE_OUTER_BOUND('',#5712,.T.);
#5714=ADVANCED_FACE('',(#5713),#5694,.F.);
#5715=CARTESIAN_POINT('',(-3.5,2.05,-0.610354069548));
#5716=DIRECTION('',(-1.4802973661669E-16,-1.,-2.9605947323338E-16));
#5717=DIRECTION('',(1.,-1.4802973661669E-16,0.));
#5718=AXIS2_PLACEMENT_3D('',#5715,#5717,#5716);
#5719=PLANE('',#5718);
#5720=CARTESIAN_POINT('',(-3.5,-0.95,-3.8285686989269E-15));
#5721=VERTEX_POINT('',#5720);
#5722=CARTESIAN_POINT('',(-3.5,5.05,-1.5314274795708E-15));
#5723=DIRECTION('',(0.,-1.,-3.8285686989268E-16));
#5724=VECTOR('',#5723,6.);
#5725=LINE('',#5722,#5724);
#5726=EDGE_CURVE('',#5696,#5721,#5725,.T.);
#5727=ORIENTED_EDGE('',*,*,#5726,.T.);
#5728=CARTESIAN_POINT('',(-3.5,-0.95,-3.8285686989269E-15));
#5729=DIRECTION('',(0.,0.,-1.));
#5730=VECTOR('',#5729,1.220708139096);
#5731=LINE('',#5728,#5730);
#5732=EDGE_CURVE('',#5721,#3152,#5731,.T.);
#5733=ORIENTED_EDGE('',*,*,#5732,.T.);
#5734=ORIENTED_EDGE('',*,*,#3157,.F.);
#5735=ORIENTED_EDGE('',*,*,#5708,.F.);
#5736=EDGE_LOOP('',(#5727,#5733,#5734,#5735));
#5737=FACE_OUTER_BOUND('',#5736,.T.);
#5738=ADVANCED_FACE('',(#5737),#5719,.T.);
#5739=CARTESIAN_POINT('',(-2.5,-0.95000000000001,-2.9488586850246E-15));
#5740=DIRECTION('',(1.,2.8865798640254E-15,-3.818103888509E-16));
#5741=DIRECTION('',(3.6379638639826E-16,1.2732873523939E-15,-1.));
#5742=AXIS2_PLACEMENT_3D('',#5739,#5741,#5740);
#5743=CYLINDRICAL_SURFACE('',#5742,1.);
#5744=CARTESIAN_POINT('',(-2.5,-0.95,-3.1216972347194E-15));
#5745=DIRECTION('',(-1.,1.1102230246252E-16,-2.2073732834814E-15));
#5746=DIRECTION('',(-2.2073732834814E-15,-2.2073732834814E-15,1.));
#5747=AXIS2_PLACEMENT_3D('',#5744,#5746,#5745);
#5748=CIRCLE('',#5747,1.);
#5749=EDGE_CURVE('',#5721,#5665,#5748,.T.);
#5750=ORIENTED_EDGE('',*,*,#5749,.T.);
#5751=ORIENTED_EDGE('',*,*,#5685,.F.);
#5752=ORIENTED_EDGE('',*,*,#3164,.F.);
#5753=ORIENTED_EDGE('',*,*,#5732,.F.);
#5754=EDGE_LOOP('',(#5750,#5751,#5752,#5753));
#5755=FACE_OUTER_BOUND('',#5754,.T.);
#5756=ADVANCED_FACE('',(#5755),#5743,.F.);
#5757=CARTESIAN_POINT('',(-21.5,2.05,-0.610354069548));
#5758=DIRECTION('',(0.,1.,2.9605947323338E-16));
#5759=DIRECTION('',(-1.,0.,0.));
#5760=AXIS2_PLACEMENT_3D('',#5757,#5759,#5758);
#5761=PLANE('',#5760);
#5762=CARTESIAN_POINT('',(-21.5,-0.95,-3.8285686989269E-15));
#5763=VERTEX_POINT('',#5762);
#5764=CARTESIAN_POINT('',(-21.5,5.05,-1.5314274795708E-15));
#5765=VERTEX_POINT('',#5764);
#5766=CARTESIAN_POINT('',(-21.5,-0.95,-3.8285686989269E-15));
#5767=DIRECTION('',(0.,1.,3.8285686989268E-16));
#5768=VECTOR('',#5767,6.);
#5769=LINE('',#5766,#5768);
#5770=EDGE_CURVE('',#5763,#5765,#5769,.T.);
#5771=ORIENTED_EDGE('',*,*,#5770,.T.);
#5772=CARTESIAN_POINT('',(-21.5,5.05,-1.5314274795708E-15));
#5773=DIRECTION('',(0.,0.,-1.));
#5774=VECTOR('',#5773,1.220708139096);
#5775=LINE('',#5772,#5774);
#5776=EDGE_CURVE('',#5765,#3099,#5775,.T.);
#5777=ORIENTED_EDGE('',*,*,#5776,.T.);
#5778=ORIENTED_EDGE('',*,*,#3104,.F.);
#5779=CARTESIAN_POINT('',(-21.5,-0.95,-1.220708139096));
#5780=DIRECTION('',(0.,0.,1.));
#5781=VECTOR('',#5780,1.220708139096);
#5782=LINE('',#5779,#5781);
#5783=EDGE_CURVE('',#3097,#5763,#5782,.T.);
#5784=ORIENTED_EDGE('',*,*,#5783,.T.);
#5785=EDGE_LOOP('',(#5771,#5777,#5778,#5784));
#5786=FACE_OUTER_BOUND('',#5785,.T.);
#5787=ADVANCED_FACE('',(#5786),#5761,.T.);
#5788=CARTESIAN_POINT('',(-22.5,5.05,6.0082050669195E-15));
#5789=DIRECTION('',(-1.,2.2204460492503E-14,-2.455491388119E-15));
#5790=DIRECTION('',(-2.910371091186E-15,0.,-1.));
#5791=AXIS2_PLACEMENT_3D('',#5788,#5790,#5789);
#5792=CYLINDRICAL_SURFACE('',#5791,1.);
#5793=CARTESIAN_POINT('',(-23.5,5.05,-1.5314274795708E-15));
#5794=VERTEX_POINT('',#5793);
#5795=CARTESIAN_POINT('',(-22.5,5.05,-2.0811314898129E-15));
#5796=DIRECTION('',(1.,-8.8817841970013E-16,-1.4715821889876E-15));
#5797=DIRECTION('',(1.4715821889876E-15,1.4715821889876E-15,1.));
#5798=AXIS2_PLACEMENT_3D('',#5795,#5797,#5796);
#5799=CIRCLE('',#5798,1.);
#5800=EDGE_CURVE('',#5765,#5794,#5799,.T.);
#5801=ORIENTED_EDGE('',*,*,#5800,.T.);
#5802=CARTESIAN_POINT('',(-23.5,5.05,-1.5314274795708E-15));
#5803=DIRECTION('',(0.,0.,-1.));
#5804=VECTOR('',#5803,1.220708139096);
#5805=LINE('',#5802,#5804);
#5806=EDGE_CURVE('',#5794,#3107,#5805,.T.);
#5807=ORIENTED_EDGE('',*,*,#5806,.T.);
#5808=ORIENTED_EDGE('',*,*,#3113,.F.);
#5809=ORIENTED_EDGE('',*,*,#5776,.F.);
#5810=EDGE_LOOP('',(#5801,#5807,#5808,#5809));
#5811=FACE_OUTER_BOUND('',#5810,.T.);
#5812=ADVANCED_FACE('',(#5811),#5792,.F.);
#5813=CARTESIAN_POINT('',(-23.5,2.05,-0.610354069548));
#5814=DIRECTION('',(0.,-1.,-2.9605947323338E-16));
#5815=DIRECTION('',(1.,0.,0.));
#5816=AXIS2_PLACEMENT_3D('',#5813,#5815,#5814);
#5817=PLANE('',#5816);
#5818=CARTESIAN_POINT('',(-23.5,-0.95,-3.8285686989269E-15));
#5819=VERTEX_POINT('',#5818);
#5820=CARTESIAN_POINT('',(-23.5,5.05,-1.5314274795708E-15));
#5821=DIRECTION('',(0.,-1.,-3.8285686989268E-16));
#5822=VECTOR('',#5821,6.);
#5823=LINE('',#5820,#5822);
#5824=EDGE_CURVE('',#5794,#5819,#5823,.T.);
#5825=ORIENTED_EDGE('',*,*,#5824,.T.);
#5826=CARTESIAN_POINT('',(-23.5,-0.95,-3.8285686989269E-15));
#5827=DIRECTION('',(0.,0.,-1.));
#5828=VECTOR('',#5827,1.220708139096);
#5829=LINE('',#5826,#5828);
#5830=EDGE_CURVE('',#5819,#3116,#5829,.T.);
#5831=ORIENTED_EDGE('',*,*,#5830,.T.);
#5832=ORIENTED_EDGE('',*,*,#3121,.F.);
#5833=ORIENTED_EDGE('',*,*,#5806,.F.);
#5834=EDGE_LOOP('',(#5825,#5831,#5832,#5833));
#5835=FACE_OUTER_BOUND('',#5834,.T.);
#5836=ADVANCED_FACE('',(#5835),#5817,.T.);
#5837=CARTESIAN_POINT('',(-22.5,-0.94999999999998,-3.67281147017E-15));
#5838=DIRECTION('',(1.,3.6637359812631E-15,4.5609898898701E-15));
#5839=DIRECTION('',(2.910371091186E-15,2.910371091186E-15,-1.));
#5840=AXIS2_PLACEMENT_3D('',#5837,#5839,#5838);
#5841=CYLINDRICAL_SURFACE('',#5840,0.99999999999999);
#5842=CARTESIAN_POINT('',(-22.5,-0.95,-1.3453403953191E-15));
#5843=DIRECTION('',(-1.,-1.5543122344752E-15,-3.9837301228816E-15));
#5844=DIRECTION('',(-3.9837301228816E-15,-2.2073732834814E-15,1.));
#5845=AXIS2_PLACEMENT_3D('',#5842,#5844,#5843);
#5846=CIRCLE('',#5845,1.);
#5847=EDGE_CURVE('',#5819,#5763,#5846,.T.);
#5848=ORIENTED_EDGE('',*,*,#5847,.T.);
#5849=ORIENTED_EDGE('',*,*,#5783,.F.);
#5850=ORIENTED_EDGE('',*,*,#3128,.F.);
#5851=ORIENTED_EDGE('',*,*,#5830,.F.);
#5852=EDGE_LOOP('',(#5848,#5849,#5850,#5851));
#5853=FACE_OUTER_BOUND('',#5852,.T.);
#5854=ADVANCED_FACE('',(#5853),#5841,.F.);
#5855=CARTESIAN_POINT('',(-27.5,2.05,-0.610354069548));
#5856=DIRECTION('',(0.,-1.,-2.9605947323338E-16));
#5857=DIRECTION('',(1.,1.7232858643404E-30,-5.8207421823721E-15));
#5858=AXIS2_PLACEMENT_3D('',#5855,#5857,#5856);
#5859=PLANE('',#5858);
#5860=CARTESIAN_POINT('',(-27.5,5.05,-1.5314274795708E-15));
#5861=VERTEX_POINT('',#5860);
#5862=CARTESIAN_POINT('',(-27.5,-0.95,-3.8285686989269E-15));
#5863=VERTEX_POINT('',#5862);
#5864=CARTESIAN_POINT('',(-27.5,5.05,-1.5314274795708E-15));
#5865=DIRECTION('',(0.,-1.,-3.8285686989268E-16));
#5866=VECTOR('',#5865,6.);
#5867=LINE('',#5864,#5866);
#5868=EDGE_CURVE('',#5861,#5863,#5867,.T.);
#5869=ORIENTED_EDGE('',*,*,#5868,.T.);
#5870=CARTESIAN_POINT('',(-27.5,-0.95,-3.8285686989269E-15));
#5871=DIRECTION('',(0.,0.,-1.));
#5872=VECTOR('',#5871,1.220708139096);
#5873=LINE('',#5870,#5872);
#5874=EDGE_CURVE('',#5863,#3063,#5873,.T.);
#5875=ORIENTED_EDGE('',*,*,#5874,.T.);
#5876=ORIENTED_EDGE('',*,*,#3068,.F.);
#5877=CARTESIAN_POINT('',(-27.5,5.05,-1.220708139096));
#5878=DIRECTION('',(0.,0.,1.));
#5879=VECTOR('',#5878,1.220708139096);
#5880=LINE('',#5877,#5879);
#5881=EDGE_CURVE('',#3061,#5861,#5880,.T.);
#5882=ORIENTED_EDGE('',*,*,#5881,.T.);
#5883=EDGE_LOOP('',(#5869,#5875,#5876,#5882));
#5884=FACE_OUTER_BOUND('',#5883,.T.);
#5885=ADVANCED_FACE('',(#5884),#5859,.T.);
#5886=CARTESIAN_POINT('',(-26.5,-0.94999999999999,-2.8067445651899E-15));
#5887=DIRECTION('',(1.,2.8643754035329E-14,-9.680137185356E-16));
#5888=DIRECTION('',(-2.910371091186E-15,3.6379638639825E-16,-1.));
#5889=AXIS2_PLACEMENT_3D('',#5886,#5888,#5887);
#5890=CYLINDRICAL_SURFACE('',#5889,0.99999999999999);
#5891=CARTESIAN_POINT('',(-25.5,-0.95,-3.8285686989269E-15));
#5892=VERTEX_POINT('',#5891);
#5893=CARTESIAN_POINT('',(-26.5,-0.95,-2.0811314898129E-15));
#5894=DIRECTION('',(-1.,1.1102230246252E-16,-1.4715821889876E-15));
#5895=DIRECTION('',(-1.4715821889876E-15,-1.4715821889876E-15,1.));
#5896=AXIS2_PLACEMENT_3D('',#5893,#5895,#5894);
#5897=CIRCLE('',#5896,1.);
#5898=EDGE_CURVE('',#5863,#5892,#5897,.T.);
#5899=ORIENTED_EDGE('',*,*,#5898,.T.);
#5900=CARTESIAN_POINT('',(-25.5,-0.95,-3.8285686989269E-15));
#5901=DIRECTION('',(0.,0.,-1.));
#5902=VECTOR('',#5901,1.220708139096);
#5903=LINE('',#5900,#5902);
#5904=EDGE_CURVE('',#5892,#3071,#5903,.T.);
#5905=ORIENTED_EDGE('',*,*,#5904,.T.);
#5906=ORIENTED_EDGE('',*,*,#3077,.F.);
#5907=ORIENTED_EDGE('',*,*,#5874,.F.);
#5908=EDGE_LOOP('',(#5899,#5905,#5906,#5907));
#5909=FACE_OUTER_BOUND('',#5908,.T.);
#5910=ADVANCED_FACE('',(#5909),#5890,.F.);
#5911=CARTESIAN_POINT('',(-25.5,2.05,-0.610354069548));
#5912=DIRECTION('',(0.,1.,2.9605947323338E-16));
#5913=DIRECTION('',(-1.,0.,0.));
#5914=AXIS2_PLACEMENT_3D('',#5911,#5913,#5912);
#5915=PLANE('',#5914);
#5916=CARTESIAN_POINT('',(-25.5,5.05,-1.5314274795708E-15));
#5917=VERTEX_POINT('',#5916);
#5918=CARTESIAN_POINT('',(-25.5,-0.95,-3.8285686989269E-15));
#5919=DIRECTION('',(0.,1.,3.8285686989268E-16));
#5920=VECTOR('',#5919,6.);
#5921=LINE('',#5918,#5920);
#5922=EDGE_CURVE('',#5892,#5917,#5921,.T.);
#5923=ORIENTED_EDGE('',*,*,#5922,.T.);
#5924=CARTESIAN_POINT('',(-25.5,5.05,-1.5314274795708E-15));
#5925=DIRECTION('',(0.,0.,-1.));
#5926=VECTOR('',#5925,1.220708139096);
#5927=LINE('',#5924,#5926);
#5928=EDGE_CURVE('',#5917,#3080,#5927,.T.);
#5929=ORIENTED_EDGE('',*,*,#5928,.T.);
#5930=ORIENTED_EDGE('',*,*,#3085,.F.);
#5931=ORIENTED_EDGE('',*,*,#5904,.F.);
#5932=EDGE_LOOP('',(#5923,#5929,#5930,#5931));
#5933=FACE_OUTER_BOUND('',#5932,.T.);
#5934=ADVANCED_FACE('',(#5933),#5915,.T.);
#5935=CARTESIAN_POINT('',(-26.5,5.05,-7.3376590351301E-16));
#5936=DIRECTION('',(-1.,1.2434497875802E-14,-8.2054633096221E-16));
#5937=DIRECTION('',(5.8207421823721E-15,0.,-1.));
#5938=AXIS2_PLACEMENT_3D('',#5935,#5937,#5936);
#5939=CYLINDRICAL_SURFACE('',#5938,0.99999999999999);
#5940=CARTESIAN_POINT('',(-26.5,5.05,-3.5527136788005E-15));
#5941=DIRECTION('',(1.,8.8817841970012E-16,1.7763568394003E-15));
#5942=DIRECTION('',(-1.7763568394003E-15,-1.7763568394003E-15,1.));
#5943=AXIS2_PLACEMENT_3D('',#5940,#5942,#5941);
#5944=CIRCLE('',#5943,1.);
#5945=EDGE_CURVE('',#5917,#5861,#5944,.T.);
#5946=ORIENTED_EDGE('',*,*,#5945,.T.);
#5947=ORIENTED_EDGE('',*,*,#5881,.F.);
#5948=ORIENTED_EDGE('',*,*,#3092,.F.);
#5949=ORIENTED_EDGE('',*,*,#5928,.F.);
#5950=EDGE_LOOP('',(#5946,#5947,#5948,#5949));
#5951=FACE_OUTER_BOUND('',#5950,.T.);
#5952=ADVANCED_FACE('',(#5951),#5939,.F.);
#5953=CARTESIAN_POINT('',(27.,2.05,-0.610354069548));
#5954=DIRECTION('',(0.,1.,2.9605947323337E-16));
#5955=DIRECTION('',(-1.,0.,0.));
#5956=AXIS2_PLACEMENT_3D('',#5953,#5955,#5954);
#5957=PLANE('',#5956);
#5958=CARTESIAN_POINT('',(27.,-0.95000000000001,-3.8285686989269E-15));
#5959=VERTEX_POINT('',#5958);
#5960=CARTESIAN_POINT('',(27.,5.05,-1.5314274795708E-15));
#5961=VERTEX_POINT('',#5960);
#5962=CARTESIAN_POINT('',(27.,-0.95000000000001,-3.8285686989269E-15));
#5963=DIRECTION('',(0.,1.,3.8285686989268E-16));
#5964=VECTOR('',#5963,6.);
#5965=LINE('',#5962,#5964);
#5966=EDGE_CURVE('',#5959,#5961,#5965,.T.);
#5967=ORIENTED_EDGE('',*,*,#5966,.T.);
#5968=CARTESIAN_POINT('',(27.,5.05,-1.5314274795708E-15));
#5969=DIRECTION('',(0.,0.,-1.));
#5970=VECTOR('',#5969,1.220708139096);
#5971=LINE('',#5968,#5970);
#5972=EDGE_CURVE('',#5961,#3027,#5971,.T.);
#5973=ORIENTED_EDGE('',*,*,#5972,.T.);
#5974=ORIENTED_EDGE('',*,*,#3032,.F.);
#5975=CARTESIAN_POINT('',(27.,-0.95000000000001,-1.220708139096));
#5976=DIRECTION('',(0.,0.,1.));
#5977=VECTOR('',#5976,1.220708139096);
#5978=LINE('',#5975,#5977);
#5979=EDGE_CURVE('',#3025,#5959,#5978,.T.);
#5980=ORIENTED_EDGE('',*,*,#5979,.T.);
#5981=EDGE_LOOP('',(#5967,#5973,#5974,#5980));
#5982=FACE_OUTER_BOUND('',#5981,.T.);
#5983=ADVANCED_FACE('',(#5982),#5957,.T.);
#5984=CARTESIAN_POINT('',(26.,5.05,-4.8058812339913E-16));
#5985=DIRECTION('',(-1.,-3.5527136788005E-14,-1.0737241110761E-15));
#5986=DIRECTION('',(0.,-7.2759277279651E-16,-1.));
#5987=AXIS2_PLACEMENT_3D('',#5984,#5986,#5985);
#5988=CYLINDRICAL_SURFACE('',#5987,1.);
#5989=CARTESIAN_POINT('',(25.,5.05,-1.5314274795708E-15));
#5990=VERTEX_POINT('',#5989);
#5991=CARTESIAN_POINT('',(26.,5.05,-3.5527136788005E-15));
#5992=DIRECTION('',(1.,0.,1.7763568394003E-15));
#5993=DIRECTION('',(-1.7763568394003E-15,-1.7763568394003E-15,1.));
#5994=AXIS2_PLACEMENT_3D('',#5991,#5993,#5992);
#5995=CIRCLE('',#5994,1.);
#5996=EDGE_CURVE('',#5961,#5990,#5995,.T.);
#5997=ORIENTED_EDGE('',*,*,#5996,.T.);
#5998=CARTESIAN_POINT('',(25.,5.05,-1.5314274795708E-15));
#5999=DIRECTION('',(0.,0.,-1.));
#6000=VECTOR('',#5999,1.220708139096);
#6001=LINE('',#5998,#6000);
#6002=EDGE_CURVE('',#5990,#3035,#6001,.T.);
#6003=ORIENTED_EDGE('',*,*,#6002,.T.);
#6004=ORIENTED_EDGE('',*,*,#3041,.F.);
#6005=ORIENTED_EDGE('',*,*,#5972,.F.);
#6006=EDGE_LOOP('',(#5997,#6003,#6004,#6005));
#6007=FACE_OUTER_BOUND('',#6006,.T.);
#6008=ADVANCED_FACE('',(#6007),#5988,.F.);
#6009=CARTESIAN_POINT('',(25.,2.05,-0.610354069548));
#6010=DIRECTION('',(0.,-1.,-2.9605947323337E-16));
#6011=DIRECTION('',(1.,0.,0.));
#6012=AXIS2_PLACEMENT_3D('',#6009,#6011,#6010);
#6013=PLANE('',#6012);
#6014=CARTESIAN_POINT('',(25.,-0.95000000000001,-3.8285686989269E-15));
#6015=VERTEX_POINT('',#6014);
#6016=CARTESIAN_POINT('',(25.,5.05,-1.5314274795708E-15));
#6017=DIRECTION('',(0.,-1.,-3.8285686989268E-16));
#6018=VECTOR('',#6017,6.);
#6019=LINE('',#6016,#6018);
#6020=EDGE_CURVE('',#5990,#6015,#6019,.T.);
#6021=ORIENTED_EDGE('',*,*,#6020,.T.);
#6022=CARTESIAN_POINT('',(25.,-0.95000000000001,-3.8285686989269E-15));
#6023=DIRECTION('',(0.,0.,-1.));
#6024=VECTOR('',#6023,1.220708139096);
#6025=LINE('',#6022,#6024);
#6026=EDGE_CURVE('',#6015,#3044,#6025,.T.);
#6027=ORIENTED_EDGE('',*,*,#6026,.T.);
#6028=ORIENTED_EDGE('',*,*,#3049,.F.);
#6029=ORIENTED_EDGE('',*,*,#6002,.F.);
#6030=EDGE_LOOP('',(#6021,#6027,#6028,#6029));
#6031=FACE_OUTER_BOUND('',#6030,.T.);
#6032=ADVANCED_FACE('',(#6031),#6013,.T.);
#6033=CARTESIAN_POINT('',(26.,-0.95000000000002,-1.1837939433595E-15));
#6034=DIRECTION('',(1.,7.3274719625261E-15,-5.9256289604075E-16));
#6035=DIRECTION('',(0.,2.8194219945865E-15,-1.));
#6036=AXIS2_PLACEMENT_3D('',#6033,#6035,#6034);
#6037=CYLINDRICAL_SURFACE('',#6036,0.99999999999999);
#6038=CARTESIAN_POINT('',(26.,-0.95,-2.0811314898129E-15));
#6039=DIRECTION('',(-1.,-1.3100631690577E-14,-1.4715821889876E-15));
#6040=DIRECTION('',(-1.4715821889876E-15,-1.4715821889876E-15,1.));
#6041=AXIS2_PLACEMENT_3D('',#6038,#6040,#6039);
#6042=CIRCLE('',#6041,1.);
#6043=EDGE_CURVE('',#6015,#5959,#6042,.T.);
#6044=ORIENTED_EDGE('',*,*,#6043,.T.);
#6045=ORIENTED_EDGE('',*,*,#5979,.F.);
#6046=ORIENTED_EDGE('',*,*,#3056,.F.);
#6047=ORIENTED_EDGE('',*,*,#6026,.F.);
#6048=EDGE_LOOP('',(#6044,#6045,#6046,#6047));
#6049=FACE_OUTER_BOUND('',#6048,.T.);
#6050=ADVANCED_FACE('',(#6049),#6037,.F.);
#6051=CARTESIAN_POINT('',(23.,2.05,-0.610354069548));
#6052=DIRECTION('',(0.,1.,2.9605947323337E-16));
#6053=DIRECTION('',(-1.,0.,0.));
#6054=AXIS2_PLACEMENT_3D('',#6051,#6053,#6052);
#6055=PLANE('',#6054);
#6056=CARTESIAN_POINT('',(23.,-0.95000000000001,-3.8285686989269E-15));
#6057=VERTEX_POINT('',#6056);
#6058=CARTESIAN_POINT('',(23.,5.05,-1.5314274795708E-15));
#6059=VERTEX_POINT('',#6058);
#6060=CARTESIAN_POINT('',(23.,-0.95000000000001,-3.8285686989269E-15));
#6061=DIRECTION('',(0.,1.,3.8285686989268E-16));
#6062=VECTOR('',#6061,6.);
#6063=LINE('',#6060,#6062);
#6064=EDGE_CURVE('',#6057,#6059,#6063,.T.);
#6065=ORIENTED_EDGE('',*,*,#6064,.T.);
#6066=CARTESIAN_POINT('',(23.,5.05,-1.5314274795708E-15));
#6067=DIRECTION('',(0.,0.,-1.));
#6068=VECTOR('',#6067,1.220708139096);
#6069=LINE('',#6066,#6068);
#6070=EDGE_CURVE('',#6059,#2991,#6069,.T.);
#6071=ORIENTED_EDGE('',*,*,#6070,.T.);
#6072=ORIENTED_EDGE('',*,*,#2996,.F.);
#6073=CARTESIAN_POINT('',(23.,-0.95000000000001,-1.220708139096));
#6074=DIRECTION('',(0.,0.,1.));
#6075=VECTOR('',#6074,1.220708139096);
#6076=LINE('',#6073,#6075);
#6077=EDGE_CURVE('',#2989,#6057,#6076,.T.);
#6078=ORIENTED_EDGE('',*,*,#6077,.T.);
#6079=EDGE_LOOP('',(#6065,#6071,#6072,#6078));
#6080=FACE_OUTER_BOUND('',#6079,.T.);
#6081=ADVANCED_FACE('',(#6080),#6055,.T.);
#6082=CARTESIAN_POINT('',(22.,5.05,-1.1471551477736E-15));
#6083=DIRECTION('',(-1.,-3.5527136788005E-15,-4.0715708670158E-16));
#6084=DIRECTION('',(0.,-7.2759277279651E-16,-1.));
#6085=AXIS2_PLACEMENT_3D('',#6082,#6084,#6083);
#6086=CYLINDRICAL_SURFACE('',#6085,1.);
#6087=CARTESIAN_POINT('',(21.,5.05,-1.5314274795708E-15));
#6088=VERTEX_POINT('',#6087);
#6089=CARTESIAN_POINT('',(22.,5.05,-3.5527136788005E-15));
#6090=DIRECTION('',(1.,1.7763568394002E-15,1.7763568394003E-15));
#6091=DIRECTION('',(-1.7763568394003E-15,-1.7763568394003E-15,1.));
#6092=AXIS2_PLACEMENT_3D('',#6089,#6091,#6090);
#6093=CIRCLE('',#6092,1.);
#6094=EDGE_CURVE('',#6059,#6088,#6093,.T.);
#6095=ORIENTED_EDGE('',*,*,#6094,.T.);
#6096=CARTESIAN_POINT('',(21.,5.05,-1.5314274795708E-15));
#6097=DIRECTION('',(0.,0.,-1.));
#6098=VECTOR('',#6097,1.220708139096);
#6099=LINE('',#6096,#6098);
#6100=EDGE_CURVE('',#6088,#2999,#6099,.T.);
#6101=ORIENTED_EDGE('',*,*,#6100,.T.);
#6102=ORIENTED_EDGE('',*,*,#3005,.F.);
#6103=ORIENTED_EDGE('',*,*,#6070,.F.);
#6104=EDGE_LOOP('',(#6095,#6101,#6102,#6103));
#6105=FACE_OUTER_BOUND('',#6104,.T.);
#6106=ADVANCED_FACE('',(#6105),#6086,.F.);
#6107=CARTESIAN_POINT('',(21.,2.05,-0.610354069548));
#6108=DIRECTION('',(0.,-1.,-2.9605947323337E-16));
#6109=DIRECTION('',(1.,0.,0.));
#6110=AXIS2_PLACEMENT_3D('',#6107,#6109,#6108);
#6111=PLANE('',#6110);
#6112=CARTESIAN_POINT('',(21.,-0.95000000000001,-3.8285686989269E-15));
#6113=VERTEX_POINT('',#6112);
#6114=CARTESIAN_POINT('',(21.,5.05,-1.5314274795708E-15));
#6115=DIRECTION('',(0.,-1.,-3.8285686989268E-16));
#6116=VECTOR('',#6115,6.);
#6117=LINE('',#6114,#6116);
#6118=EDGE_CURVE('',#6088,#6113,#6117,.T.);
#6119=ORIENTED_EDGE('',*,*,#6118,.T.);
#6120=CARTESIAN_POINT('',(21.,-0.95000000000001,-3.8285686989269E-15));
#6121=DIRECTION('',(0.,8.1854186939608E-15,-1.));
#6122=VECTOR('',#6121,1.220708139096);
#6123=LINE('',#6120,#6122);
#6124=EDGE_CURVE('',#6113,#3008,#6123,.T.);
#6125=ORIENTED_EDGE('',*,*,#6124,.T.);
#6126=ORIENTED_EDGE('',*,*,#3013,.F.);
#6127=ORIENTED_EDGE('',*,*,#6100,.F.);
#6128=EDGE_LOOP('',(#6119,#6125,#6126,#6127));
#6129=FACE_OUTER_BOUND('',#6128,.T.);
#6130=ADVANCED_FACE('',(#6129),#6111,.T.);
#6131=CARTESIAN_POINT('',(22.,-0.95000000000001,-2.5940174981973E-15));
#6132=DIRECTION('',(1.,-1.632027846199E-14,1.5152684402198E-16));
#6133=DIRECTION('',(0.,0.,-1.));
#6134=AXIS2_PLACEMENT_3D('',#6131,#6133,#6132);
#6135=CYLINDRICAL_SURFACE('',#6134,0.99999999999999);
#6136=CARTESIAN_POINT('',(22.,-0.95000000000001,-2.0811314898129E-15));
#6137=DIRECTION('',(-1.,1.1102230246252E-16,-1.4715821889876E-15));
#6138=DIRECTION('',(-1.4715821889876E-15,-1.4715821889876E-15,1.));
#6139=AXIS2_PLACEMENT_3D('',#6136,#6138,#6137);
#6140=CIRCLE('',#6139,1.);
#6141=EDGE_CURVE('',#6113,#6057,#6140,.T.);
#6142=ORIENTED_EDGE('',*,*,#6141,.T.);
#6143=ORIENTED_EDGE('',*,*,#6077,.F.);
#6144=ORIENTED_EDGE('',*,*,#3020,.F.);
#6145=ORIENTED_EDGE('',*,*,#6124,.F.);
#6146=EDGE_LOOP('',(#6142,#6143,#6144,#6145));
#6147=FACE_OUTER_BOUND('',#6146,.T.);
#6148=ADVANCED_FACE('',(#6147),#6135,.F.);
#6149=CARTESIAN_POINT('',(-13.5,2.05,-0.610354069548));
#6150=DIRECTION('',(2.9605947323338E-16,1.,2.9605947323338E-16));
#6151=DIRECTION('',(-1.,2.9605947323337E-16,1.455185545593E-15));
#6152=AXIS2_PLACEMENT_3D('',#6149,#6151,#6150);
#6153=PLANE('',#6152);
#6154=CARTESIAN_POINT('',(-13.5,-0.95,-3.8285686989269E-15));
#6155=VERTEX_POINT('',#6154);
#6156=CARTESIAN_POINT('',(-13.5,5.05,-1.5314274795708E-15));
#6157=VERTEX_POINT('',#6156);
#6158=CARTESIAN_POINT('',(-13.5,-0.95,-3.8285686989269E-15));
#6159=DIRECTION('',(0.,1.,3.8285686989268E-16));
#6160=VECTOR('',#6159,6.);
#6161=LINE('',#6158,#6160);
#6162=EDGE_CURVE('',#6155,#6157,#6161,.T.);
#6163=ORIENTED_EDGE('',*,*,#6162,.T.);
#6164=CARTESIAN_POINT('',(-13.5,5.05,-1.5314274795708E-15));
#6165=DIRECTION('',(0.,0.,-1.));
#6166=VECTOR('',#6165,1.220708139096);
#6167=LINE('',#6164,#6166);
#6168=EDGE_CURVE('',#6157,#2955,#6167,.T.);
#6169=ORIENTED_EDGE('',*,*,#6168,.T.);
#6170=ORIENTED_EDGE('',*,*,#2960,.F.);
#6171=CARTESIAN_POINT('',(-13.5,-0.95,-1.220708139096));
#6172=DIRECTION('',(0.,0.,1.));
#6173=VECTOR('',#6172,1.220708139096);
#6174=LINE('',#6171,#6173);
#6175=EDGE_CURVE('',#2953,#6155,#6174,.T.);
#6176=ORIENTED_EDGE('',*,*,#6175,.T.);
#6177=EDGE_LOOP('',(#6163,#6169,#6170,#6176));
#6178=FACE_OUTER_BOUND('',#6177,.T.);
#6179=ADVANCED_FACE('',(#6178),#6153,.T.);
#6180=CARTESIAN_POINT('',(-14.5,5.05,-1.0025009806842E-15));
#6181=DIRECTION('',(-1.,-1.7763568394003E-15,-3.2976664886598E-16));
#6182=DIRECTION('',(2.910371091186E-15,-1.455185545593E-15,-1.));
#6183=AXIS2_PLACEMENT_3D('',#6180,#6182,#6181);
#6184=CYLINDRICAL_SURFACE('',#6183,0.99999999999999);
#6185=CARTESIAN_POINT('',(-15.5,5.05,-1.5314274795708E-15));
#6186=VERTEX_POINT('',#6185);
#6187=CARTESIAN_POINT('',(-14.5,5.05,-5.3290705182007E-15));
#6188=DIRECTION('',(1.,-8.8817841970013E-16,3.5527136788005E-15));
#6189=DIRECTION('',(-3.5527136788005E-15,-1.7763568394003E-15,1.));
#6190=AXIS2_PLACEMENT_3D('',#6187,#6189,#6188);
#6191=CIRCLE('',#6190,1.);
#6192=EDGE_CURVE('',#6157,#6186,#6191,.T.);
#6193=ORIENTED_EDGE('',*,*,#6192,.T.);
#6194=CARTESIAN_POINT('',(-15.5,5.05,-1.5314274795708E-15));
#6195=DIRECTION('',(0.,0.,-1.));
#6196=VECTOR('',#6195,1.220708139096);
#6197=LINE('',#6194,#6196);
#6198=EDGE_CURVE('',#6186,#2963,#6197,.T.);
#6199=ORIENTED_EDGE('',*,*,#6198,.T.);
#6200=ORIENTED_EDGE('',*,*,#2969,.F.);
#6201=ORIENTED_EDGE('',*,*,#6168,.F.);
#6202=EDGE_LOOP('',(#6193,#6199,#6200,#6201));
#6203=FACE_OUTER_BOUND('',#6202,.T.);
#6204=ADVANCED_FACE('',(#6203),#6184,.F.);
#6205=CARTESIAN_POINT('',(-15.5,2.05,-0.610354069548));
#6206=DIRECTION('',(-5.9211894646675E-16,-1.,-2.9605947323338E-16));
#6207=DIRECTION('',(1.,-5.9211894646675E-16,0.));
#6208=AXIS2_PLACEMENT_3D('',#6205,#6207,#6206);
#6209=PLANE('',#6208);
#6210=CARTESIAN_POINT('',(-15.5,-0.95,-3.8285686989269E-15));
#6211=VERTEX_POINT('',#6210);
#6212=CARTESIAN_POINT('',(-15.5,5.05,-1.5314274795708E-15));
#6213=DIRECTION('',(0.,-1.,-3.8285686989268E-16));
#6214=VECTOR('',#6213,6.);
#6215=LINE('',#6212,#6214);
#6216=EDGE_CURVE('',#6186,#6211,#6215,.T.);
#6217=ORIENTED_EDGE('',*,*,#6216,.T.);
#6218=CARTESIAN_POINT('',(-15.5,-0.95,-3.8285686989269E-15));
#6219=DIRECTION('',(0.,0.,-1.));
#6220=VECTOR('',#6219,1.220708139096);
#6221=LINE('',#6218,#6220);
#6222=EDGE_CURVE('',#6211,#2972,#6221,.T.);
#6223=ORIENTED_EDGE('',*,*,#6222,.T.);
#6224=ORIENTED_EDGE('',*,*,#2977,.F.);
#6225=ORIENTED_EDGE('',*,*,#6198,.F.);
#6226=EDGE_LOOP('',(#6217,#6223,#6224,#6225));
#6227=FACE_OUTER_BOUND('',#6226,.T.);
#6228=ADVANCED_FACE('',(#6227),#6209,.T.);
#6229=CARTESIAN_POINT('',(-14.5,-0.94999999999998,-2.8523857749251E-15));
#6230=DIRECTION('',(1.,6.2172489379009E-15,1.8785051582474E-16));
#6231=DIRECTION('',(0.,9.0949096599564E-17,-1.));
#6232=AXIS2_PLACEMENT_3D('',#6229,#6231,#6230);
#6233=CYLINDRICAL_SURFACE('',#6232,1.);
#6234=CARTESIAN_POINT('',(-14.5,-0.95,-2.0811314898129E-15));
#6235=DIRECTION('',(-1.,7.7715611723761E-16,-1.4715821889876E-15));
#6236=DIRECTION('',(-1.4715821889876E-15,-1.4715821889876E-15,1.));
#6237=AXIS2_PLACEMENT_3D('',#6234,#6236,#6235);
#6238=CIRCLE('',#6237,1.);
#6239=EDGE_CURVE('',#6211,#6155,#6238,.T.);
#6240=ORIENTED_EDGE('',*,*,#6239,.T.);
#6241=ORIENTED_EDGE('',*,*,#6175,.F.);
#6242=ORIENTED_EDGE('',*,*,#2984,.F.);
#6243=ORIENTED_EDGE('',*,*,#6222,.F.);
#6244=EDGE_LOOP('',(#6240,#6241,#6242,#6243));
#6245=FACE_OUTER_BOUND('',#6244,.T.);
#6246=ADVANCED_FACE('',(#6245),#6233,.F.);
#6247=CARTESIAN_POINT('',(6.300000000663,0.69999999953999,-2.8224889900909E-16));
#6248=DIRECTION('',(-0.99999999999993,-3.6550098789062E-07,-2.2150024238544E-15));
#6249=DIRECTION('',(2.910371091186E-15,-2.0008801251904E-15,-1.));
#6250=AXIS2_PLACEMENT_3D('',#6247,#6249,#6248);
#6251=CYLINDRICAL_SURFACE('',#6250,1.370000000833);
#6252=CARTESIAN_POINT('',(6.300000000663,2.070000000373,-2.6723409517082E-15));
#6253=VERTEX_POINT('',#6252);
#6254=CARTESIAN_POINT('',(4.929999999833,0.69999999954,-3.1968548637801E-15));
#6255=VERTEX_POINT('',#6254);
#6256=CARTESIAN_POINT('',(6.300000000663,0.69999999954,-5.6338451686134E-15));
#6257=DIRECTION('',(6.4830541544532E-16,1.,2.2246324834114E-16));
#6258=DIRECTION('',(2.2246324834114E-16,-2.2246324834114E-16,1.));
#6259=AXIS2_PLACEMENT_3D('',#6256,#6258,#6257);
#6260=CIRCLE('',#6259,1.370000000833);
#6261=EDGE_CURVE('',#6253,#6255,#6260,.T.);
#6262=ORIENTED_EDGE('',*,*,#6261,.T.);
#6263=CARTESIAN_POINT('',(4.929999999833,0.69999999954,-3.1968548637801E-15));
#6264=DIRECTION('',(-1.2289041932533E-12,0.,-1.));
#6265=VECTOR('',#6264,1.220708139096);
#6266=LINE('',#6263,#6265);
#6267=EDGE_CURVE('',#6255,#2885,#6266,.T.);
#6268=ORIENTED_EDGE('',*,*,#6267,.T.);
#6269=ORIENTED_EDGE('',*,*,#2891,.F.);
#6270=CARTESIAN_POINT('',(6.300000000663,2.070000000373,-1.220708139096));
#6271=DIRECTION('',(0.,0.,1.));
#6272=VECTOR('',#6271,1.220708139096);
#6273=LINE('',#6270,#6272);
#6274=EDGE_CURVE('',#2883,#6253,#6273,.T.);
#6275=ORIENTED_EDGE('',*,*,#6274,.T.);
#6276=EDGE_LOOP('',(#6262,#6268,#6269,#6275));
#6277=FACE_OUTER_BOUND('',#6276,.T.);
#6278=ADVANCED_FACE('',(#6277),#6251,.F.);
#6279=CARTESIAN_POINT('',(4.929999999833,0.40000000007499,-0.75));
#6280=DIRECTION('',(0.,-1.,0.));
#6281=DIRECTION('',(1.,0.,0.));
#6282=AXIS2_PLACEMENT_3D('',#6279,#6281,#6280);
#6283=PLANE('',#6282);
#6284=CARTESIAN_POINT('',(4.929999999833,0.10000000061,-3.426568985306E-15));
#6285=VERTEX_POINT('',#6284);
#6286=CARTESIAN_POINT('',(4.929999999833,0.69999999954,-3.1968548637801E-15));
#6287=DIRECTION('',(0.,-1.,-3.8285686989259E-16));
#6288=VECTOR('',#6287,0.59999999893);
#6289=LINE('',#6286,#6288);
#6290=EDGE_CURVE('',#6255,#6285,#6289,.T.);
#6291=ORIENTED_EDGE('',*,*,#6290,.T.);
#6292=CARTESIAN_POINT('',(4.929999999833,0.10000000061,-3.426568985306E-15));
#6293=DIRECTION('',(0.,0.,-1.));
#6294=VECTOR('',#6293,1.220708139096);
#6295=LINE('',#6292,#6294);
#6296=EDGE_CURVE('',#6285,#2894,#6295,.T.);
#6297=ORIENTED_EDGE('',*,*,#6296,.T.);
#6298=ORIENTED_EDGE('',*,*,#2899,.F.);
#6299=ORIENTED_EDGE('',*,*,#6267,.F.);
#6300=EDGE_LOOP('',(#6291,#6297,#6298,#6299));
#6301=FACE_OUTER_BOUND('',#6300,.T.);
#6302=ADVANCED_FACE('',(#6301),#6283,.T.);
#6303=CARTESIAN_POINT('',(6.300000000663,0.10000000061,9.172294620166E-17));
#6304=DIRECTION('',(1.3249984394418E-08,-1.,-2.4879753374445E-15));
#6305=DIRECTION('',(2.1827783183895E-15,2.5465747047878E-15,-1.));
#6306=AXIS2_PLACEMENT_3D('',#6303,#6305,#6304);
#6307=CYLINDRICAL_SURFACE('',#6306,1.37000000083);
#6308=CARTESIAN_POINT('',(6.300000000663,-1.27,-3.9510828972926E-15));
#6309=VERTEX_POINT('',#6308);
#6310=CARTESIAN_POINT('',(6.300000000663,0.10000000061,-6.0954930082533E-16));
#6311=DIRECTION('',(-1.,6.0778632698132E-17,-3.4449059959972E-15));
#6312=DIRECTION('',(-3.4449059959972E-15,-3.4449059959972E-15,1.));
#6313=AXIS2_PLACEMENT_3D('',#6310,#6312,#6311);
#6314=CIRCLE('',#6313,1.37000000083);
#6315=EDGE_CURVE('',#6285,#6309,#6314,.T.);
#6316=ORIENTED_EDGE('',*,*,#6315,.T.);
#6317=CARTESIAN_POINT('',(6.300000000663,-1.27,-3.9510828972926E-15));
#6318=DIRECTION('',(0.,-9.0111637318075E-11,-1.));
#6319=VECTOR('',#6318,1.220708139096);
#6320=LINE('',#6317,#6319);
#6321=EDGE_CURVE('',#6309,#2902,#6320,.T.);
#6322=ORIENTED_EDGE('',*,*,#6321,.T.);
#6323=ORIENTED_EDGE('',*,*,#2908,.F.);
#6324=ORIENTED_EDGE('',*,*,#6296,.F.);
#6325=EDGE_LOOP('',(#6316,#6322,#6323,#6324));
#6326=FACE_OUTER_BOUND('',#6325,.T.);
#6327=ADVANCED_FACE('',(#6326),#6307,.F.);
#6328=CARTESIAN_POINT('',(9.499999999568,-1.27,-0.75));
#6329=DIRECTION('',(1.,-2.7755575625127E-16,0.));
#6330=DIRECTION('',(2.7755575625127E-16,1.,0.));
#6331=AXIS2_PLACEMENT_3D('',#6328,#6330,#6329);
#6332=PLANE('',#6331);
#6333=CARTESIAN_POINT('',(12.699999998473,-1.27,-3.9510828972926E-15));
#6334=VERTEX_POINT('',#6333);
#6335=CARTESIAN_POINT('',(6.300000000663,-1.27,-3.9510828972926E-15));
#6336=DIRECTION('',(1.,0.,0.));
#6337=VECTOR('',#6336,6.39999999781);
#6338=LINE('',#6335,#6337);
#6339=EDGE_CURVE('',#6309,#6334,#6338,.T.);
#6340=ORIENTED_EDGE('',*,*,#6339,.T.);
#6341=CARTESIAN_POINT('',(12.699999998473,-1.27,-3.9510828972926E-15));
#6342=DIRECTION('',(0.,0.,-1.));
#6343=VECTOR('',#6342,1.220708139096);
#6344=LINE('',#6341,#6343);
#6345=EDGE_CURVE('',#6334,#2911,#6344,.T.);
#6346=ORIENTED_EDGE('',*,*,#6345,.T.);
#6347=ORIENTED_EDGE('',*,*,#2916,.F.);
#6348=ORIENTED_EDGE('',*,*,#6321,.F.);
#6349=EDGE_LOOP('',(#6340,#6346,#6347,#6348));
#6350=FACE_OUTER_BOUND('',#6349,.T.);
#6351=ADVANCED_FACE('',(#6350),#6332,.T.);
#6352=CARTESIAN_POINT('',(12.699999998473,0.10000000060999,-4.3192744148487E-15));
#6353=DIRECTION('',(0.99999999999993,3.6550100473515E-07,2.2982759599969E-15));
#6354=DIRECTION('',(2.910371091186E-15,2.8421592687364E-16,-1.));
#6355=AXIS2_PLACEMENT_3D('',#6352,#6354,#6353);
#6356=CYLINDRICAL_SURFACE('',#6355,1.37000000061);
#6357=CARTESIAN_POINT('',(14.069999999313,0.10000000060999,-3.426568985306E-15));
#6358=VERTEX_POINT('',#6357);
#6359=CARTESIAN_POINT('',(12.699999998473,0.10000000060999,-2.0811314898129E-15));
#6360=DIRECTION('',(1.2966108311017E-15,-1.,-2.370758413826E-15));
#6361=DIRECTION('',(-2.2246324837735E-16,-2.370758413826E-15,1.));
#6362=AXIS2_PLACEMENT_3D('',#6359,#6361,#6360);
#6363=CIRCLE('',#6362,1.37000000061);
#6364=EDGE_CURVE('',#6334,#6358,#6363,.T.);
#6365=ORIENTED_EDGE('',*,*,#6364,.T.);
#6366=CARTESIAN_POINT('',(14.069999999313,0.10000000060999,-3.426568985306E-15));
#6367=DIRECTION('',(-9.4207257036147E-11,8.1967873310357E-15,-1.));
#6368=VECTOR('',#6367,1.220708139096);
#6369=LINE('',#6366,#6368);
#6370=EDGE_CURVE('',#6358,#2919,#6369,.T.);
#6371=ORIENTED_EDGE('',*,*,#6370,.T.);
#6372=ORIENTED_EDGE('',*,*,#2925,.F.);
#6373=ORIENTED_EDGE('',*,*,#6345,.F.);
#6374=EDGE_LOOP('',(#6365,#6371,#6372,#6373));
#6375=FACE_OUTER_BOUND('',#6374,.T.);
#6376=ADVANCED_FACE('',(#6375),#6356,.F.);
#6377=CARTESIAN_POINT('',(14.069999999313,0.40000000007499,-0.75));
#6378=DIRECTION('',(-5.9211894752268E-15,1.,0.));
#6379=DIRECTION('',(-1.,-5.9211894752268E-15,-0.));
#6380=AXIS2_PLACEMENT_3D('',#6377,#6379,#6378);
#6381=PLANE('',#6380);
#6382=CARTESIAN_POINT('',(14.069999999313,0.69999999953999,-3.1968548637801E-15));
#6383=VERTEX_POINT('',#6382);
#6384=CARTESIAN_POINT('',(14.069999999313,0.10000000060999,-3.426568985306E-15));
#6385=DIRECTION('',(0.,1.,3.8285686989259E-16));
#6386=VECTOR('',#6385,0.59999999893);
#6387=LINE('',#6384,#6386);
#6388=EDGE_CURVE('',#6358,#6383,#6387,.T.);
#6389=ORIENTED_EDGE('',*,*,#6388,.T.);
#6390=CARTESIAN_POINT('',(14.069999999313,0.69999999953999,-3.1968548637801E-15));
#6391=DIRECTION('',(0.,8.1854186939607E-15,-1.));
#6392=VECTOR('',#6391,1.220708139096);
#6393=LINE('',#6390,#6392);
#6394=EDGE_CURVE('',#6383,#2928,#6393,.T.);
#6395=ORIENTED_EDGE('',*,*,#6394,.T.);
#6396=ORIENTED_EDGE('',*,*,#2933,.F.);
#6397=ORIENTED_EDGE('',*,*,#6370,.F.);
#6398=EDGE_LOOP('',(#6389,#6395,#6396,#6397));
#6399=FACE_OUTER_BOUND('',#6398,.T.);
#6400=ADVANCED_FACE('',(#6399),#6381,.T.);
#6401=CARTESIAN_POINT('',(12.699999998473,0.69999999954,-2.6129303265024E-15));
#6402=DIRECTION('',(-3.6550099696503E-07,0.99999999999993,8.4058133059356E-18));
#6403=DIRECTION('',(0.,0.,-1.));
#6404=AXIS2_PLACEMENT_3D('',#6401,#6403,#6402);
#6405=CYLINDRICAL_SURFACE('',#6404,1.37000000084);
#6406=CARTESIAN_POINT('',(12.699999998473,2.070000000373,-2.6723409517082E-15));
#6407=VERTEX_POINT('',#6406);
#6408=CARTESIAN_POINT('',(12.699999998473,0.69999999954,-5.3290705182007E-15));
#6409=DIRECTION('',(1.,-7.3744741006528E-15,2.593221661768E-15));
#6410=DIRECTION('',(-2.593221661768E-15,-1.296610830884E-15,1.));
#6411=AXIS2_PLACEMENT_3D('',#6408,#6410,#6409);
#6412=CIRCLE('',#6411,1.37000000084);
#6413=EDGE_CURVE('',#6383,#6407,#6412,.T.);
#6414=ORIENTED_EDGE('',*,*,#6413,.T.);
#6415=CARTESIAN_POINT('',(12.699999998473,2.070000000373,-2.6723409517082E-15));
#6416=DIRECTION('',(0.,2.8670793212046E-12,-1.));
#6417=VECTOR('',#6416,1.220708139096);
#6418=LINE('',#6415,#6417);
#6419=EDGE_CURVE('',#6407,#2936,#6418,.T.);
#6420=ORIENTED_EDGE('',*,*,#6419,.T.);
#6421=ORIENTED_EDGE('',*,*,#2942,.F.);
#6422=ORIENTED_EDGE('',*,*,#6394,.F.);
#6423=EDGE_LOOP('',(#6414,#6420,#6421,#6422));
#6424=FACE_OUTER_BOUND('',#6423,.T.);
#6425=ADVANCED_FACE('',(#6424),#6405,.F.);
#6426=CARTESIAN_POINT('',(9.499999999568,2.070000000373,-0.75));
#6427=DIRECTION('',(1.,-1.3877787812563E-16,0.));
#6428=DIRECTION('',(-1.3877787812563E-16,-1.,0.));
#6429=AXIS2_PLACEMENT_3D('',#6426,#6428,#6427);
#6430=PLANE('',#6429);
#6431=CARTESIAN_POINT('',(12.699999998473,2.070000000373,-2.6723409517082E-15));
#6432=DIRECTION('',(-1.,0.,0.));
#6433=VECTOR('',#6432,6.39999999781);
#6434=LINE('',#6431,#6433);
#6435=EDGE_CURVE('',#6407,#6253,#6434,.T.);
#6436=ORIENTED_EDGE('',*,*,#6435,.T.);
#6437=ORIENTED_EDGE('',*,*,#6274,.F.);
#6438=ORIENTED_EDGE('',*,*,#2948,.F.);
#6439=ORIENTED_EDGE('',*,*,#6419,.F.);
#6440=EDGE_LOOP('',(#6436,#6437,#6438,#6439));
#6441=FACE_OUTER_BOUND('',#6440,.T.);
#6442=ADVANCED_FACE('',(#6441),#6430,.T.);
#6443=CARTESIAN_POINT('',(36.5,3.75,-1.221059006826));
#6444=DIRECTION('',(-1.,-1.0066022089935E-14,-4.4408920985006E-16));
#6445=DIRECTION('',(0.,-3.6369185057192E-16,1.));
#6446=AXIS2_PLACEMENT_3D('',#6443,#6445,#6444);
#6447=CYLINDRICAL_SURFACE('',#6446,1.5);
#6448=CARTESIAN_POINT('',(35.,3.75,-2.0291414104313E-15));
#6449=VERTEX_POINT('',#6448);
#6450=CARTESIAN_POINT('',(36.5,3.75,7.3579109449379E-16));
#6451=DIRECTION('',(-1.,-8.2151825680453E-31,-4.9052739632919E-16));
#6452=DIRECTION('',(-4.9052739632919E-16,1.6747652892627E-15,1.));
#6453=AXIS2_PLACEMENT_3D('',#6450,#6452,#6451);
#6454=CIRCLE('',#6453,1.5);
#6455=EDGE_CURVE('',#6449,#6449,#6454,.T.);
#6456=ORIENTED_EDGE('',*,*,#6455,.T.);
#6457=CARTESIAN_POINT('',(35.,3.75,-2.0291414104313E-15));
#6458=DIRECTION('',(0.,0.,-1.));
#6459=VECTOR('',#6458,1.221059006826);
#6460=LINE('',#6457,#6459);
#6461=EDGE_CURVE('',#6449,#2872,#6460,.T.);
#6462=ORIENTED_EDGE('',*,*,#6461,.T.);
#6463=ORIENTED_EDGE('',*,*,#2878,.F.);
#6464=ORIENTED_EDGE('',*,*,#6461,.F.);
#6465=EDGE_LOOP('',(#6456,#6462,#6463,#6464));
#6466=FACE_OUTER_BOUND('',#6465,.T.);
#6467=ADVANCED_FACE('',(#6466),#6447,.F.);
#6468=CARTESIAN_POINT('',(-36.5,3.75,-1.221059006825));
#6469=DIRECTION('',(-1.,0.,5.3290705182008E-15));
#6470=DIRECTION('',(5.8190696091555E-15,-3.6369185057222E-16,1.));
#6471=AXIS2_PLACEMENT_3D('',#6468,#6470,#6469);
#6472=CYLINDRICAL_SURFACE('',#6471,1.5);
#6473=CARTESIAN_POINT('',(-38.,3.75,-2.0291414104313E-15));
#6474=VERTEX_POINT('',#6473);
#6475=CARTESIAN_POINT('',(-36.5,3.75,-2.0811314898129E-15));
#6476=DIRECTION('',(-1.,3.3495305785254E-15,2.0318310027511E-16));
#6477=DIRECTION('',(2.0318310027512E-16,2.1652926855919E-15,1.));
#6478=AXIS2_PLACEMENT_3D('',#6475,#6477,#6476);
#6479=CIRCLE('',#6478,1.5);
#6480=EDGE_CURVE('',#6474,#6474,#6479,.T.);
#6481=ORIENTED_EDGE('',*,*,#6480,.T.);
#6482=CARTESIAN_POINT('',(-38.,3.75,-2.0291414104313E-15));
#6483=DIRECTION('',(0.,0.,-1.));
#6484=VECTOR('',#6483,1.221059006825);
#6485=LINE('',#6482,#6484);
#6486=EDGE_CURVE('',#6474,#2861,#6485,.T.);
#6487=ORIENTED_EDGE('',*,*,#6486,.T.);
#6488=ORIENTED_EDGE('',*,*,#2867,.F.);
#6489=ORIENTED_EDGE('',*,*,#6486,.F.);
#6490=EDGE_LOOP('',(#6481,#6487,#6488,#6489));
#6491=FACE_OUTER_BOUND('',#6490,.T.);
#6492=ADVANCED_FACE('',(#6491),#6472,.F.);
#6493=CARTESIAN_POINT('',(-2.088128567282E-14,9.05,-12.8));
#6494=DIRECTION('',(-1.,1.237794634099E-16,3.5365560974257E-17));
#6495=DIRECTION('',(1.237794634099E-16,1.,3.6104813808948E-16));
#6496=AXIS2_PLACEMENT_3D('',#6493,#6495,#6494);
#6497=PLANE('',#6496);
#6498=ORIENTED_EDGE('',*,*,#4546,.F.);
#6499=CARTESIAN_POINT('',(-39.506075545143,9.05,-0.5));
#6500=DIRECTION('',(1.,0.,0.));
#6501=VECTOR('',#6500,79.012151090286);
#6502=LINE('',#6499,#6501);
#6503=EDGE_CURVE('',#4533,#4354,#6502,.T.);
#6504=ORIENTED_EDGE('',*,*,#6503,.T.);
#6505=ORIENTED_EDGE('',*,*,#4369,.F.);
#6506=ORIENTED_EDGE('',*,*,#4279,.F.);
#6507=ORIENTED_EDGE('',*,*,#4253,.F.);
#6508=ORIENTED_EDGE('',*,*,#3429,.F.);
#6509=ORIENTED_EDGE('',*,*,#3404,.F.);
#6510=ORIENTED_EDGE('',*,*,#3370,.F.);
#6511=EDGE_LOOP('',(#6498,#6504,#6505,#6506,#6507,#6508,#6509,#6510));
#6512=FACE_OUTER_BOUND('',#6511,.T.);
#6513=CARTESIAN_POINT('',(45.9,9.05,-12.8));
#6514=VERTEX_POINT('',#6513);
#6515=CARTESIAN_POINT('',(43.5,9.05,-12.8));
#6516=DIRECTION('',(1.,-3.0657962270575E-16,-3.2090556906427E-31));
#6517=DIRECTION('',(-3.0657962270575E-16,-1.,-1.0467283057892E-15));
#6518=AXIS2_PLACEMENT_3D('',#6515,#6517,#6516);
#6519=CIRCLE('',#6518,2.4);
#6520=EDGE_CURVE('',#6514,#6514,#6519,.T.);
#6521=ORIENTED_EDGE('',*,*,#6520,.T.);
#6522=EDGE_LOOP('',(#6521));
#6523=FACE_BOUND('',#6522,.T.);
#6524=CARTESIAN_POINT('',(-41.1,9.05,-12.8));
#6525=VERTEX_POINT('',#6524);
#6526=CARTESIAN_POINT('',(-43.5,9.05,-12.8));
#6527=DIRECTION('',(1.,-8.2994377560034E-16,-1.3030884632016E-30));
#6528=DIRECTION('',(-8.2994377560034E-16,-1.,-1.5700924586838E-15));
#6529=AXIS2_PLACEMENT_3D('',#6526,#6528,#6527);
#6530=CIRCLE('',#6529,2.4);
#6531=EDGE_CURVE('',#6525,#6525,#6530,.T.);
#6532=ORIENTED_EDGE('',*,*,#6531,.T.);
#6533=EDGE_LOOP('',(#6532));
#6534=FACE_BOUND('',#6533,.T.);
#6535=CARTESIAN_POINT('',(7.,9.05,-6.80000000001));
#6536=VERTEX_POINT('',#6535);
#6537=CARTESIAN_POINT('',(7.,9.05,-18.80000000001));
#6538=VERTEX_POINT('',#6537);
#6539=CARTESIAN_POINT('',(7.,9.05,-6.80000000001));
#6540=DIRECTION('',(0.,0.,-1.));
#6541=VECTOR('',#6540,12.);
#6542=LINE('',#6539,#6541);
#6543=EDGE_CURVE('',#6536,#6538,#6542,.T.);
#6544=ORIENTED_EDGE('',*,*,#6543,.T.);
#6545=CARTESIAN_POINT('',(9.,9.05,-18.80000000001));
#6546=VERTEX_POINT('',#6545);
#6547=CARTESIAN_POINT('',(8.,9.05,-18.80000000001));
#6548=DIRECTION('',(-1.,-3.5527136788005E-15,0.));
#6549=DIRECTION('',(2.1442523866471E-15,-1.,2.1442523866471E-15));
#6550=AXIS2_PLACEMENT_3D('',#6547,#6549,#6548);
#6551=CIRCLE('',#6550,1.);
#6552=EDGE_CURVE('',#6538,#6546,#6551,.T.);
#6553=ORIENTED_EDGE('',*,*,#6552,.T.);
#6554=CARTESIAN_POINT('',(9.,9.05,-6.80000000001));
#6555=VERTEX_POINT('',#6554);
#6556=CARTESIAN_POINT('',(9.,9.05,-18.80000000001));
#6557=DIRECTION('',(0.,0.,1.));
#6558=VECTOR('',#6557,12.);
#6559=LINE('',#6556,#6558);
#6560=EDGE_CURVE('',#6546,#6555,#6559,.T.);
#6561=ORIENTED_EDGE('',*,*,#6560,.T.);
#6562=CARTESIAN_POINT('',(8.,9.05,-6.80000000001));
#6563=DIRECTION('',(1.,-1.7763568394003E-15,-8.8817841970013E-16));
#6564=DIRECTION('',(-1.6081892899854E-15,-1.,-1.6081892899854E-15));
#6565=AXIS2_PLACEMENT_3D('',#6562,#6564,#6563);
#6566=CIRCLE('',#6565,1.);
#6567=EDGE_CURVE('',#6555,#6536,#6566,.T.);
#6568=ORIENTED_EDGE('',*,*,#6567,.T.);
#6569=EDGE_LOOP('',(#6544,#6553,#6561,#6568));
#6570=FACE_BOUND('',#6569,.T.);
#6571=CARTESIAN_POINT('',(5.,9.05,-19.80000000001));
#6572=VERTEX_POINT('',#6571);
#6573=CARTESIAN_POINT('',(5.,9.05,-5.80000000001));
#6574=VERTEX_POINT('',#6573);
#6575=CARTESIAN_POINT('',(5.,9.05,-19.80000000001));
#6576=DIRECTION('',(0.,0.,1.));
#6577=VECTOR('',#6576,14.);
#6578=LINE('',#6575,#6577);
#6579=EDGE_CURVE('',#6572,#6574,#6578,.T.);
#6580=ORIENTED_EDGE('',*,*,#6579,.T.);
#6581=CARTESIAN_POINT('',(3.,9.05,-5.80000000001));
#6582=VERTEX_POINT('',#6581);
#6583=CARTESIAN_POINT('',(4.,9.05,-5.80000000001));
#6584=DIRECTION('',(1.,-3.5527136788005E-15,8.8817841970013E-16));
#6585=DIRECTION('',(-2.1442523866471E-15,-1.,-2.1442523866471E-15));
#6586=AXIS2_PLACEMENT_3D('',#6583,#6585,#6584);
#6587=CIRCLE('',#6586,1.);
#6588=EDGE_CURVE('',#6574,#6582,#6587,.T.);
#6589=ORIENTED_EDGE('',*,*,#6588,.T.);
#6590=CARTESIAN_POINT('',(3.,9.05,-19.80000000001));
#6591=VERTEX_POINT('',#6590);
#6592=CARTESIAN_POINT('',(3.,9.05,-5.80000000001));
#6593=DIRECTION('',(0.,0.,-1.));
#6594=VECTOR('',#6593,14.);
#6595=LINE('',#6592,#6594);
#6596=EDGE_CURVE('',#6582,#6591,#6595,.T.);
#6597=ORIENTED_EDGE('',*,*,#6596,.T.);
#6598=CARTESIAN_POINT('',(4.,9.05,-19.80000000001));
#6599=DIRECTION('',(-1.,0.,3.5527136788005E-15));
#6600=DIRECTION('',(-5.3606309666179E-16,-1.,-5.3606309666179E-16));
#6601=AXIS2_PLACEMENT_3D('',#6598,#6600,#6599);
#6602=CIRCLE('',#6601,1.);
#6603=EDGE_CURVE('',#6591,#6572,#6602,.T.);
#6604=ORIENTED_EDGE('',*,*,#6603,.T.);
#6605=EDGE_LOOP('',(#6580,#6589,#6597,#6604));
#6606=FACE_BOUND('',#6605,.T.);
#6607=CARTESIAN_POINT('',(15.,9.05,-16.80000000001));
#6608=VERTEX_POINT('',#6607);
#6609=CARTESIAN_POINT('',(17.,9.05,-16.80000000001));
#6610=VERTEX_POINT('',#6609);
#6611=CARTESIAN_POINT('',(16.,9.05,-16.80000000001));
#6612=DIRECTION('',(-1.,-1.7763568394003E-15,3.5527136788005E-15));
#6613=DIRECTION('',(1.6081892899854E-15,-1.,1.6081892899854E-15));
#6614=AXIS2_PLACEMENT_3D('',#6611,#6613,#6612);
#6615=CIRCLE('',#6614,1.);
#6616=EDGE_CURVE('',#6608,#6610,#6615,.T.);
#6617=ORIENTED_EDGE('',*,*,#6616,.T.);
#6618=CARTESIAN_POINT('',(17.,9.05,-8.80000000001));
#6619=VERTEX_POINT('',#6618);
#6620=CARTESIAN_POINT('',(17.,9.05,-16.80000000001));
#6621=DIRECTION('',(0.,0.,1.));
#6622=VECTOR('',#6621,8.);
#6623=LINE('',#6620,#6622);
#6624=EDGE_CURVE('',#6610,#6619,#6623,.T.);
#6625=ORIENTED_EDGE('',*,*,#6624,.T.);
#6626=CARTESIAN_POINT('',(15.,9.05,-8.80000000001));
#6627=VERTEX_POINT('',#6626);
#6628=CARTESIAN_POINT('',(16.,9.05,-8.80000000001));
#6629=DIRECTION('',(1.,-1.7763568394003E-15,-1.7763568394003E-15));
#6630=DIRECTION('',(-1.6081892899854E-15,-1.,-1.6081892899854E-15));
#6631=AXIS2_PLACEMENT_3D('',#6628,#6630,#6629);
#6632=CIRCLE('',#6631,1.);
#6633=EDGE_CURVE('',#6619,#6627,#6632,.T.);
#6634=ORIENTED_EDGE('',*,*,#6633,.T.);
#6635=CARTESIAN_POINT('',(15.,9.05,-8.80000000001));
#6636=DIRECTION('',(0.,0.,-1.));
#6637=VECTOR('',#6636,8.);
#6638=LINE('',#6635,#6637);
#6639=EDGE_CURVE('',#6627,#6608,#6638,.T.);
#6640=ORIENTED_EDGE('',*,*,#6639,.T.);
#6641=EDGE_LOOP('',(#6617,#6625,#6634,#6640));
#6642=FACE_BOUND('',#6641,.T.);
#6643=CARTESIAN_POINT('',(11.,9.05,-17.80000000001));
#6644=VERTEX_POINT('',#6643);
#6645=CARTESIAN_POINT('',(13.,9.05,-17.80000000001));
#6646=VERTEX_POINT('',#6645);
#6647=CARTESIAN_POINT('',(12.,9.05,-17.80000000001));
#6648=DIRECTION('',(-1.,0.,3.5527136788005E-15));
#6649=DIRECTION('',(-5.3606309666179E-16,-1.,-5.3606309666179E-16));
#6650=AXIS2_PLACEMENT_3D('',#6647,#6649,#6648);
#6651=CIRCLE('',#6650,1.);
#6652=EDGE_CURVE('',#6644,#6646,#6651,.T.);
#6653=ORIENTED_EDGE('',*,*,#6652,.T.);
#6654=CARTESIAN_POINT('',(13.,9.05,-7.80000000001));
#6655=VERTEX_POINT('',#6654);
#6656=CARTESIAN_POINT('',(13.,9.05,-17.80000000001));
#6657=DIRECTION('',(0.,0.,1.));
#6658=VECTOR('',#6657,10.);
#6659=LINE('',#6656,#6658);
#6660=EDGE_CURVE('',#6646,#6655,#6659,.T.);
#6661=ORIENTED_EDGE('',*,*,#6660,.T.);
#6662=CARTESIAN_POINT('',(11.,9.05,-7.80000000001));
#6663=VERTEX_POINT('',#6662);
#6664=CARTESIAN_POINT('',(12.,9.05,-7.80000000001));
#6665=DIRECTION('',(1.,-3.5527136788005E-15,0.));
#6666=DIRECTION('',(-2.1442523866471E-15,-1.,-2.1442523866471E-15));
#6667=AXIS2_PLACEMENT_3D('',#6664,#6666,#6665);
#6668=CIRCLE('',#6667,1.);
#6669=EDGE_CURVE('',#6655,#6663,#6668,.T.);
#6670=ORIENTED_EDGE('',*,*,#6669,.T.);
#6671=CARTESIAN_POINT('',(11.,9.05,-7.80000000001));
#6672=DIRECTION('',(0.,0.,-1.));
#6673=VECTOR('',#6672,10.);
#6674=LINE('',#6671,#6673);
#6675=EDGE_CURVE('',#6663,#6644,#6674,.T.);
#6676=ORIENTED_EDGE('',*,*,#6675,.T.);
#6677=EDGE_LOOP('',(#6653,#6661,#6670,#6676));
#6678=FACE_BOUND('',#6677,.T.);
#6679=CARTESIAN_POINT('',(25.199905395508,9.05,-14.80000000001));
#6680=VERTEX_POINT('',#6679);
#6681=CARTESIAN_POINT('',(25.199905395508,9.05,-10.80000000001));
#6682=VERTEX_POINT('',#6681);
#6683=CARTESIAN_POINT('',(25.199905395508,9.05,-14.80000000001));
#6684=DIRECTION('',(0.,0.,1.));
#6685=VECTOR('',#6684,4.);
#6686=LINE('',#6683,#6685);
#6687=EDGE_CURVE('',#6680,#6682,#6686,.T.);
#6688=ORIENTED_EDGE('',*,*,#6687,.T.);
#6689=CARTESIAN_POINT('',(23.199905395508,9.05,-10.80000000001));
#6690=VERTEX_POINT('',#6689);
#6691=CARTESIAN_POINT('',(24.199905395508,9.05,-10.80000000001));
#6692=DIRECTION('',(1.,-3.5527136788005E-15,5.3290705182007E-15));
#6693=DIRECTION('',(-2.1442523866472E-15,-1.,-2.1442523866472E-15));
#6694=AXIS2_PLACEMENT_3D('',#6691,#6693,#6692);
#6695=CIRCLE('',#6694,1.);
#6696=EDGE_CURVE('',#6682,#6690,#6695,.T.);
#6697=ORIENTED_EDGE('',*,*,#6696,.T.);
#6698=CARTESIAN_POINT('',(23.199905395508,9.05,-14.80000000001));
#6699=VERTEX_POINT('',#6698);
#6700=CARTESIAN_POINT('',(23.199905395508,9.05,-10.80000000001));
#6701=DIRECTION('',(0.,0.,-1.));
#6702=VECTOR('',#6701,4.);
#6703=LINE('',#6700,#6702);
#6704=EDGE_CURVE('',#6690,#6699,#6703,.T.);
#6705=ORIENTED_EDGE('',*,*,#6704,.T.);
#6706=CARTESIAN_POINT('',(24.199905395508,9.05,-14.80000000001));
#6707=DIRECTION('',(-1.,0.,3.5527136788005E-15));
#6708=DIRECTION('',(5.3606309666179E-16,-1.,5.3606309666179E-16));
#6709=AXIS2_PLACEMENT_3D('',#6706,#6708,#6707);
#6710=CIRCLE('',#6709,1.);
#6711=EDGE_CURVE('',#6699,#6680,#6710,.T.);
#6712=ORIENTED_EDGE('',*,*,#6711,.T.);
#6713=EDGE_LOOP('',(#6688,#6697,#6705,#6712));
#6714=FACE_BOUND('',#6713,.T.);
#6715=CARTESIAN_POINT('',(19.,9.05,-15.80000000001));
#6716=VERTEX_POINT('',#6715);
#6717=CARTESIAN_POINT('',(21.,9.05,-15.80000000001));
#6718=VERTEX_POINT('',#6717);
#6719=CARTESIAN_POINT('',(20.,9.05,-15.80000000001));
#6720=DIRECTION('',(-1.,0.,0.));
#6721=DIRECTION('',(-5.3606309666179E-16,-1.,-5.3606309666179E-16));
#6722=AXIS2_PLACEMENT_3D('',#6719,#6721,#6720);
#6723=CIRCLE('',#6722,1.);
#6724=EDGE_CURVE('',#6716,#6718,#6723,.T.);
#6725=ORIENTED_EDGE('',*,*,#6724,.T.);
#6726=CARTESIAN_POINT('',(21.,9.05,-9.80000000001));
#6727=VERTEX_POINT('',#6726);
#6728=CARTESIAN_POINT('',(21.,9.05,-15.80000000001));
#6729=DIRECTION('',(0.,0.,1.));
#6730=VECTOR('',#6729,6.);
#6731=LINE('',#6728,#6730);
#6732=EDGE_CURVE('',#6718,#6727,#6731,.T.);
#6733=ORIENTED_EDGE('',*,*,#6732,.T.);
#6734=CARTESIAN_POINT('',(19.,9.05,-9.80000000001));
#6735=VERTEX_POINT('',#6734);
#6736=CARTESIAN_POINT('',(20.,9.05,-9.80000000001));
#6737=DIRECTION('',(1.,-3.5527136788005E-15,1.7763568394002E-15));
#6738=DIRECTION('',(-2.1442523866471E-15,-1.,-2.1442523866471E-15));
#6739=AXIS2_PLACEMENT_3D('',#6736,#6738,#6737);
#6740=CIRCLE('',#6739,1.);
#6741=EDGE_CURVE('',#6727,#6735,#6740,.T.);
#6742=ORIENTED_EDGE('',*,*,#6741,.T.);
#6743=CARTESIAN_POINT('',(19.,9.05,-9.80000000001));
#6744=DIRECTION('',(0.,0.,-1.));
#6745=VECTOR('',#6744,6.);
#6746=LINE('',#6743,#6745);
#6747=EDGE_CURVE('',#6735,#6716,#6746,.T.);
#6748=ORIENTED_EDGE('',*,*,#6747,.T.);
#6749=EDGE_LOOP('',(#6725,#6733,#6742,#6748));
#6750=FACE_BOUND('',#6749,.T.);
#6751=CARTESIAN_POINT('',(-23.199905395508,9.05,-14.80000000001));
#6752=VERTEX_POINT('',#6751);
#6753=CARTESIAN_POINT('',(-23.199905395508,9.05,-10.80000000001));
#6754=VERTEX_POINT('',#6753);
#6755=CARTESIAN_POINT('',(-23.199905395508,9.05,-14.80000000001));
#6756=DIRECTION('',(0.,0.,1.));
#6757=VECTOR('',#6756,4.);
#6758=LINE('',#6755,#6757);
#6759=EDGE_CURVE('',#6752,#6754,#6758,.T.);
#6760=ORIENTED_EDGE('',*,*,#6759,.T.);
#6761=CARTESIAN_POINT('',(-25.199905395508,9.05,-10.80000000001));
#6762=VERTEX_POINT('',#6761);
#6763=CARTESIAN_POINT('',(-24.199905395508,9.05,-10.80000000001));
#6764=DIRECTION('',(1.,-3.5527136788005E-15,1.7763568394002E-15));
#6765=DIRECTION('',(-2.1442523866471E-15,-1.,-2.1442523866471E-15));
#6766=AXIS2_PLACEMENT_3D('',#6763,#6765,#6764);
#6767=CIRCLE('',#6766,1.);
#6768=EDGE_CURVE('',#6754,#6762,#6767,.T.);
#6769=ORIENTED_EDGE('',*,*,#6768,.T.);
#6770=CARTESIAN_POINT('',(-25.199905395508,9.05,-14.80000000001));
#6771=VERTEX_POINT('',#6770);
#6772=CARTESIAN_POINT('',(-25.199905395508,9.05,-10.80000000001));
#6773=DIRECTION('',(0.,0.,-1.));
#6774=VECTOR('',#6773,4.);
#6775=LINE('',#6772,#6774);
#6776=EDGE_CURVE('',#6762,#6771,#6775,.T.);
#6777=ORIENTED_EDGE('',*,*,#6776,.T.);
#6778=CARTESIAN_POINT('',(-24.199905395508,9.05,-14.80000000001));
#6779=DIRECTION('',(-1.,0.,0.));
#6780=DIRECTION('',(5.3606309666179E-16,-1.,5.3606309666179E-16));
#6781=AXIS2_PLACEMENT_3D('',#6778,#6780,#6779);
#6782=CIRCLE('',#6781,1.);
#6783=EDGE_CURVE('',#6771,#6752,#6782,.T.);
#6784=ORIENTED_EDGE('',*,*,#6783,.T.);
#6785=EDGE_LOOP('',(#6760,#6769,#6777,#6784));
#6786=FACE_BOUND('',#6785,.T.);
#6787=CARTESIAN_POINT('',(1.,9.05,-20.8));
#6788=VERTEX_POINT('',#6787);
#6789=CARTESIAN_POINT('',(1.,9.05,-4.8));
#6790=VERTEX_POINT('',#6789);
#6791=CARTESIAN_POINT('',(1.,9.05,-20.8));
#6792=DIRECTION('',(0.,0.,1.));
#6793=VECTOR('',#6792,16.);
#6794=LINE('',#6791,#6793);
#6795=EDGE_CURVE('',#6788,#6790,#6794,.T.);
#6796=ORIENTED_EDGE('',*,*,#6795,.T.);
#6797=CARTESIAN_POINT('',(-1.,9.05,-4.8));
#6798=VERTEX_POINT('',#6797);
#6799=CARTESIAN_POINT('',(-3.441691376338E-15,9.05,-4.8));
#6800=DIRECTION('',(1.,-3.5527136788005E-15,0.));
#6801=DIRECTION('',(-2.1442523866471E-15,-1.,-2.1442523866471E-15));
#6802=AXIS2_PLACEMENT_3D('',#6799,#6801,#6800);
#6803=CIRCLE('',#6802,1.);
#6804=EDGE_CURVE('',#6790,#6798,#6803,.T.);
#6805=ORIENTED_EDGE('',*,*,#6804,.T.);
#6806=CARTESIAN_POINT('',(-1.,9.05,-20.8));
#6807=VERTEX_POINT('',#6806);
#6808=CARTESIAN_POINT('',(-1.,9.05,-4.8));
#6809=DIRECTION('',(0.,0.,-1.));
#6810=VECTOR('',#6809,16.);
#6811=LINE('',#6808,#6810);
#6812=EDGE_CURVE('',#6798,#6807,#6811,.T.);
#6813=ORIENTED_EDGE('',*,*,#6812,.T.);
#6814=CARTESIAN_POINT('',(-6.4392935428259E-15,9.05,-20.8));
#6815=DIRECTION('',(-1.,-1.7763568394003E-15,3.5527136788005E-15));
#6816=DIRECTION('',(1.6081892899854E-15,-1.,1.6081892899854E-15));
#6817=AXIS2_PLACEMENT_3D('',#6814,#6816,#6815);
#6818=CIRCLE('',#6817,0.99999999999999);
#6819=EDGE_CURVE('',#6807,#6788,#6818,.T.);
#6820=ORIENTED_EDGE('',*,*,#6819,.T.);
#6821=EDGE_LOOP('',(#6796,#6805,#6813,#6820));
#6822=FACE_BOUND('',#6821,.T.);
#6823=CARTESIAN_POINT('',(-15.,9.05,-16.80000000001));
#6824=VERTEX_POINT('',#6823);
#6825=CARTESIAN_POINT('',(-15.,9.05,-8.80000000001));
#6826=VERTEX_POINT('',#6825);
#6827=CARTESIAN_POINT('',(-15.,9.05,-16.80000000001));
#6828=DIRECTION('',(0.,0.,1.));
#6829=VECTOR('',#6828,8.);
#6830=LINE('',#6827,#6829);
#6831=EDGE_CURVE('',#6824,#6826,#6830,.T.);
#6832=ORIENTED_EDGE('',*,*,#6831,.T.);
#6833=CARTESIAN_POINT('',(-17.,9.05,-8.80000000001));
#6834=VERTEX_POINT('',#6833);
#6835=CARTESIAN_POINT('',(-16.,9.05,-8.80000000001));
#6836=DIRECTION('',(1.,-1.7763568394003E-15,-1.7763568394003E-15));
#6837=DIRECTION('',(-1.6081892899854E-15,-1.,-1.6081892899854E-15));
#6838=AXIS2_PLACEMENT_3D('',#6835,#6837,#6836);
#6839=CIRCLE('',#6838,1.);
#6840=EDGE_CURVE('',#6826,#6834,#6839,.T.);
#6841=ORIENTED_EDGE('',*,*,#6840,.T.);
#6842=CARTESIAN_POINT('',(-17.,9.05,-16.80000000001));
#6843=VERTEX_POINT('',#6842);
#6844=CARTESIAN_POINT('',(-17.,9.05,-8.80000000001));
#6845=DIRECTION('',(0.,0.,-1.));
#6846=VECTOR('',#6845,8.);
#6847=LINE('',#6844,#6846);
#6848=EDGE_CURVE('',#6834,#6843,#6847,.T.);
#6849=ORIENTED_EDGE('',*,*,#6848,.T.);
#6850=CARTESIAN_POINT('',(-16.,9.05,-16.80000000001));
#6851=DIRECTION('',(-1.,-1.7763568394003E-15,3.5527136788005E-15));
#6852=DIRECTION('',(1.6081892899854E-15,-1.,1.6081892899854E-15));
#6853=AXIS2_PLACEMENT_3D('',#6850,#6852,#6851);
#6854=CIRCLE('',#6853,1.);
#6855=EDGE_CURVE('',#6843,#6824,#6854,.T.);
#6856=ORIENTED_EDGE('',*,*,#6855,.T.);
#6857=EDGE_LOOP('',(#6832,#6841,#6849,#6856));
#6858=FACE_BOUND('',#6857,.T.);
#6859=CARTESIAN_POINT('',(-9.,9.05,-6.80000000001));
#6860=VERTEX_POINT('',#6859);
#6861=CARTESIAN_POINT('',(-9.,9.05,-18.80000000001));
#6862=VERTEX_POINT('',#6861);
#6863=CARTESIAN_POINT('',(-9.,9.05,-6.80000000001));
#6864=DIRECTION('',(0.,0.,-1.));
#6865=VECTOR('',#6864,12.);
#6866=LINE('',#6863,#6865);
#6867=EDGE_CURVE('',#6860,#6862,#6866,.T.);
#6868=ORIENTED_EDGE('',*,*,#6867,.T.);
#6869=CARTESIAN_POINT('',(-7.,9.05,-18.80000000001));
#6870=VERTEX_POINT('',#6869);
#6871=CARTESIAN_POINT('',(-8.,9.05,-18.80000000001));
#6872=DIRECTION('',(-1.,-1.7763568394003E-15,0.));
#6873=DIRECTION('',(1.6081892899854E-15,-1.,1.6081892899854E-15));
#6874=AXIS2_PLACEMENT_3D('',#6871,#6873,#6872);
#6875=CIRCLE('',#6874,1.);
#6876=EDGE_CURVE('',#6862,#6870,#6875,.T.);
#6877=ORIENTED_EDGE('',*,*,#6876,.T.);
#6878=CARTESIAN_POINT('',(-7.,9.05,-6.80000000001));
#6879=VERTEX_POINT('',#6878);
#6880=CARTESIAN_POINT('',(-7.,9.05,-18.80000000001));
#6881=DIRECTION('',(0.,0.,1.));
#6882=VECTOR('',#6881,12.);
#6883=LINE('',#6880,#6882);
#6884=EDGE_CURVE('',#6870,#6879,#6883,.T.);
#6885=ORIENTED_EDGE('',*,*,#6884,.T.);
#6886=CARTESIAN_POINT('',(-8.,9.05,-6.80000000001));
#6887=DIRECTION('',(1.,0.,-8.8817841970013E-16));
#6888=DIRECTION('',(-1.6081892899854E-15,-1.,-1.6081892899854E-15));
#6889=AXIS2_PLACEMENT_3D('',#6886,#6888,#6887);
#6890=CIRCLE('',#6889,1.);
#6891=EDGE_CURVE('',#6879,#6860,#6890,.T.);
#6892=ORIENTED_EDGE('',*,*,#6891,.T.);
#6893=EDGE_LOOP('',(#6868,#6877,#6885,#6892));
#6894=FACE_BOUND('',#6893,.T.);
#6895=CARTESIAN_POINT('',(-19.,9.05,-15.80000000001));
#6896=VERTEX_POINT('',#6895);
#6897=CARTESIAN_POINT('',(-19.,9.05,-9.80000000001));
#6898=VERTEX_POINT('',#6897);
#6899=CARTESIAN_POINT('',(-19.,9.05,-15.80000000001));
#6900=DIRECTION('',(0.,0.,1.));
#6901=VECTOR('',#6900,6.);
#6902=LINE('',#6899,#6901);
#6903=EDGE_CURVE('',#6896,#6898,#6902,.T.);
#6904=ORIENTED_EDGE('',*,*,#6903,.T.);
#6905=CARTESIAN_POINT('',(-21.,9.05,-9.80000000001));
#6906=VERTEX_POINT('',#6905);
#6907=CARTESIAN_POINT('',(-20.,9.05,-9.80000000001));
#6908=DIRECTION('',(1.,-3.5527136788005E-15,1.7763568394003E-15));
#6909=DIRECTION('',(-2.1442523866471E-15,-1.,-2.1442523866471E-15));
#6910=AXIS2_PLACEMENT_3D('',#6907,#6909,#6908);
#6911=CIRCLE('',#6910,1.);
#6912=EDGE_CURVE('',#6898,#6906,#6911,.T.);
#6913=ORIENTED_EDGE('',*,*,#6912,.T.);
#6914=CARTESIAN_POINT('',(-21.,9.05,-15.80000000001));
#6915=VERTEX_POINT('',#6914);
#6916=CARTESIAN_POINT('',(-21.,9.05,-9.80000000001));
#6917=DIRECTION('',(0.,0.,-1.));
#6918=VECTOR('',#6917,6.);
#6919=LINE('',#6916,#6918);
#6920=EDGE_CURVE('',#6906,#6915,#6919,.T.);
#6921=ORIENTED_EDGE('',*,*,#6920,.T.);
#6922=CARTESIAN_POINT('',(-20.,9.05,-15.80000000001));
#6923=DIRECTION('',(-1.,-1.7763568394002E-15,-1.7763568394002E-15));
#6924=DIRECTION('',(1.0721261933236E-15,-1.,1.0721261933236E-15));
#6925=AXIS2_PLACEMENT_3D('',#6922,#6924,#6923);
#6926=CIRCLE('',#6925,1.);
#6927=EDGE_CURVE('',#6915,#6896,#6926,.T.);
#6928=ORIENTED_EDGE('',*,*,#6927,.T.);
#6929=EDGE_LOOP('',(#6904,#6913,#6921,#6928));
#6930=FACE_BOUND('',#6929,.T.);
#6931=CARTESIAN_POINT('',(-11.,9.05,-7.80000000001));
#6932=VERTEX_POINT('',#6931);
#6933=CARTESIAN_POINT('',(-13.,9.05,-7.80000000001));
#6934=VERTEX_POINT('',#6933);
#6935=CARTESIAN_POINT('',(-12.,9.05,-7.80000000001));
#6936=DIRECTION('',(1.,-3.5527136788005E-15,1.7763568394003E-15));
#6937=DIRECTION('',(-2.1442523866471E-15,-1.,-2.1442523866471E-15));
#6938=AXIS2_PLACEMENT_3D('',#6935,#6937,#6936);
#6939=CIRCLE('',#6938,1.);
#6940=EDGE_CURVE('',#6932,#6934,#6939,.T.);
#6941=ORIENTED_EDGE('',*,*,#6940,.T.);
#6942=CARTESIAN_POINT('',(-13.,9.05,-17.80000000001));
#6943=VERTEX_POINT('',#6942);
#6944=CARTESIAN_POINT('',(-13.,9.05,-7.80000000001));
#6945=DIRECTION('',(0.,0.,-1.));
#6946=VECTOR('',#6945,10.);
#6947=LINE('',#6944,#6946);
#6948=EDGE_CURVE('',#6934,#6943,#6947,.T.);
#6949=ORIENTED_EDGE('',*,*,#6948,.T.);
#6950=CARTESIAN_POINT('',(-11.,9.05,-17.80000000001));
#6951=VERTEX_POINT('',#6950);
#6952=CARTESIAN_POINT('',(-12.,9.05,-17.80000000001));
#6953=DIRECTION('',(-1.,-1.7763568394003E-15,3.5527136788005E-15));
#6954=DIRECTION('',(1.6081892899854E-15,-1.,1.6081892899854E-15));
#6955=AXIS2_PLACEMENT_3D('',#6952,#6954,#6953);
#6956=CIRCLE('',#6955,1.);
#6957=EDGE_CURVE('',#6943,#6951,#6956,.T.);
#6958=ORIENTED_EDGE('',*,*,#6957,.T.);
#6959=CARTESIAN_POINT('',(-11.,9.05,-17.80000000001));
#6960=DIRECTION('',(0.,0.,1.));
#6961=VECTOR('',#6960,10.);
#6962=LINE('',#6959,#6961);
#6963=EDGE_CURVE('',#6951,#6932,#6962,.T.);
#6964=ORIENTED_EDGE('',*,*,#6963,.T.);
#6965=EDGE_LOOP('',(#6941,#6949,#6958,#6964));
#6966=FACE_BOUND('',#6965,.T.);
#6967=CARTESIAN_POINT('',(-3.,9.05,-5.80000000001));
#6968=VERTEX_POINT('',#6967);
#6969=CARTESIAN_POINT('',(-5.,9.05,-5.80000000001));
#6970=VERTEX_POINT('',#6969);
#6971=CARTESIAN_POINT('',(-4.,9.05,-5.80000000001));
#6972=DIRECTION('',(1.,-1.7763568394003E-15,8.8817841970013E-16));
#6973=DIRECTION('',(-1.0721261933236E-15,-1.,-1.0721261933236E-15));
#6974=AXIS2_PLACEMENT_3D('',#6971,#6973,#6972);
#6975=CIRCLE('',#6974,1.);
#6976=EDGE_CURVE('',#6968,#6970,#6975,.T.);
#6977=ORIENTED_EDGE('',*,*,#6976,.T.);
#6978=CARTESIAN_POINT('',(-5.,9.05,-19.80000000001));
#6979=VERTEX_POINT('',#6978);
#6980=CARTESIAN_POINT('',(-5.,9.05,-5.80000000001));
#6981=DIRECTION('',(0.,0.,-1.));
#6982=VECTOR('',#6981,14.);
#6983=LINE('',#6980,#6982);
#6984=EDGE_CURVE('',#6970,#6979,#6983,.T.);
#6985=ORIENTED_EDGE('',*,*,#6984,.T.);
#6986=CARTESIAN_POINT('',(-3.,9.05,-19.80000000001));
#6987=VERTEX_POINT('',#6986);
#6988=CARTESIAN_POINT('',(-4.,9.05,-19.80000000001));
#6989=DIRECTION('',(-1.,-1.7763568394003E-15,3.5527136788005E-15));
#6990=DIRECTION('',(1.6081892899854E-15,-1.,1.6081892899854E-15));
#6991=AXIS2_PLACEMENT_3D('',#6988,#6990,#6989);
#6992=CIRCLE('',#6991,1.);
#6993=EDGE_CURVE('',#6979,#6987,#6992,.T.);
#6994=ORIENTED_EDGE('',*,*,#6993,.T.);
#6995=CARTESIAN_POINT('',(-3.,9.05,-19.80000000001));
#6996=DIRECTION('',(0.,0.,1.));
#6997=VECTOR('',#6996,14.);
#6998=LINE('',#6995,#6997);
#6999=EDGE_CURVE('',#6987,#6968,#6998,.T.);
#7000=ORIENTED_EDGE('',*,*,#6999,.T.);
#7001=EDGE_LOOP('',(#6977,#6985,#6994,#7000));
#7002=FACE_BOUND('',#7001,.T.);
#7003=ADVANCED_FACE('',(#6512,#6523,#6534,#6570,#6606,#6642,#6678,#6714,#6750,#6786,#6822,#6858,#6894,#6930,#6966,#7002),#6497,.T.);
#7004=CARTESIAN_POINT('',(0.20638662500001,8.9499999999971,0.0999999999973));
#7005=DIRECTION('',(1.0048591735015E-13,0.70710678118654,0.70710678118655));
#7006=DIRECTION('',(1.7396489999112E-17,0.70710678118655,-0.70710678118654));
#7007=AXIS2_PLACEMENT_3D('',#7004,#7006,#7005);
#7008=PLANE('',#7007);
#7009=CARTESIAN_POINT('',(22.,9.05,0.2000000000002));
#7010=VERTEX_POINT('',#7009);
#7011=CARTESIAN_POINT('',(22.,9.05,0.2000000000002));
#7012=DIRECTION('',(1.,0.,0.));
#7013=VECTOR('',#7012,16.);
#7014=LINE('',#7011,#7013);
#7015=EDGE_CURVE('',#7010,#4315,#7014,.T.);
#7016=ORIENTED_EDGE('',*,*,#7015,.T.);
#7017=ORIENTED_EDGE('',*,*,#4320,.F.);
#7018=CARTESIAN_POINT('',(22.082842712475,8.85,1.9857681151729E-13));
#7019=VERTEX_POINT('',#7018);
#7020=CARTESIAN_POINT('',(37.917157287525,8.85,1.9843434651326E-13));
#7021=DIRECTION('',(-1.,0.,8.9972321412939E-18));
#7022=VECTOR('',#7021,15.83431457505);
#7023=LINE('',#7020,#7022);
#7024=EDGE_CURVE('',#4307,#7019,#7023,.T.);
#7025=ORIENTED_EDGE('',*,*,#7024,.T.);
#7026=CARTESIAN_POINT('',(22.082842712475,8.85,1.9857681151729E-13));
#7027=DIRECTION('',(-0.28108463771601,0.6785983445456,0.6785983445456));
#7028=VECTOR('',#7027,0.29472515164169);
#7029=LINE('',#7026,#7028);
#7030=EDGE_CURVE('',#7019,#7010,#7029,.T.);
#7031=ORIENTED_EDGE('',*,*,#7030,.T.);
#7032=EDGE_LOOP('',(#7016,#7017,#7025,#7031));
#7033=FACE_OUTER_BOUND('',#7032,.T.);
#7034=ADVANCED_FACE('',(#7033),#7008,.T.);
#7035=CARTESIAN_POINT('',(39.,8.05,3.1875000000002));
#7036=DIRECTION('',(-0.70710678118655,0.70710678118655,6.2803698347351E-16));
#7037=DIRECTION('',(0.70710678118655,0.70710678118655,4.2044316885256E-16));
#7038=AXIS2_PLACEMENT_3D('',#7035,#7037,#7036);
#7039=PLANE('',#7038);
#7040=ORIENTED_EDGE('',*,*,#4326,.F.);
#7041=CARTESIAN_POINT('',(38.,9.05,5.8000000000002));
#7042=VERTEX_POINT('',#7041);
#7043=CARTESIAN_POINT('',(38.,9.05,0.2000000000002));
#7044=DIRECTION('',(0.,0.,1.));
#7045=VECTOR('',#7044,5.6);
#7046=LINE('',#7043,#7045);
#7047=EDGE_CURVE('',#4315,#7042,#7046,.T.);
#7048=ORIENTED_EDGE('',*,*,#7047,.T.);
#7049=CARTESIAN_POINT('',(40.,7.05,5.8000000000002));
#7050=VERTEX_POINT('',#7049);
#7051=CARTESIAN_POINT('',(38.,9.05,5.8000000000002));
#7052=DIRECTION('',(0.70710678118655,-0.70710678118655,0.));
#7053=VECTOR('',#7052,2.8284271247462);
#7054=LINE('',#7051,#7053);
#7055=EDGE_CURVE('',#7042,#7050,#7054,.T.);
#7056=ORIENTED_EDGE('',*,*,#7055,.T.);
#7057=CARTESIAN_POINT('',(40.,7.05,5.8000000000002));
#7058=DIRECTION('',(0.,0.,-1.));
#7059=VECTOR('',#7058,5.6);
#7060=LINE('',#7057,#7059);
#7061=EDGE_CURVE('',#7050,#4290,#7060,.T.);
#7062=ORIENTED_EDGE('',*,*,#7061,.T.);
#7063=EDGE_LOOP('',(#7040,#7048,#7056,#7062));
#7064=FACE_OUTER_BOUND('',#7063,.T.);
#7065=ADVANCED_FACE('',(#7064),#7039,.T.);
#7066=CARTESIAN_POINT('',(30.,8.7,1.9857681151729E-13));
#7067=DIRECTION('',(-1.,0.,0.));
#7068=DIRECTION('',(0.,0.,-1.));
#7069=AXIS2_PLACEMENT_3D('',#7066,#7068,#7067);
#7070=PLANE('',#7069);
#7071=ORIENTED_EDGE('',*,*,#7024,.F.);
#7072=ORIENTED_EDGE('',*,*,#4312,.F.);
#7073=CARTESIAN_POINT('',(21.782842712475,8.55,1.6994103579769E-15));
#7074=VERTEX_POINT('',#7073);
#7075=CARTESIAN_POINT('',(38.217157287525,8.55,3.1635906782047E-15));
#7076=DIRECTION('',(-1.,0.,-8.9092874153125E-17));
#7077=VECTOR('',#7076,16.43431457505);
#7078=LINE('',#7075,#7077);
#7079=EDGE_CURVE('',#4299,#7074,#7078,.T.);
#7080=ORIENTED_EDGE('',*,*,#7079,.T.);
#7081=CARTESIAN_POINT('',(21.782842712475,8.55,1.6994103579769E-15));
#7082=DIRECTION('',(0.70710678118655,0.70710678118655,4.6404448474045E-13));
#7083=VECTOR('',#7082,0.42426406871193);
#7084=LINE('',#7081,#7083);
#7085=EDGE_CURVE('',#7074,#7019,#7084,.T.);
#7086=ORIENTED_EDGE('',*,*,#7085,.T.);
#7087=EDGE_LOOP('',(#7071,#7072,#7080,#7086));
#7088=FACE_OUTER_BOUND('',#7087,.T.);
#7089=ADVANCED_FACE('',(#7088),#7070,.T.);
#7090=CARTESIAN_POINT('',(40.,3.5527136788005E-15,5.8284271247464));
#7091=DIRECTION('',(0.,1.,0.));
#7092=DIRECTION('',(1.,0.,0.));
#7093=AXIS2_PLACEMENT_3D('',#7090,#7092,#7091);
#7094=PLANE('',#7093);
#7095=ORIENTED_EDGE('',*,*,#4401,.F.);
#7096=ORIENTED_EDGE('',*,*,#4343,.F.);
#7097=ORIENTED_EDGE('',*,*,#7061,.F.);
#7098=CARTESIAN_POINT('',(40.,7.05,5.8000000000002));
#7099=DIRECTION('',(0.,-1.,0.));
#7100=VECTOR('',#7099,14.1);
#7101=LINE('',#7098,#7100);
#7102=EDGE_CURVE('',#7050,#4396,#7101,.T.);
#7103=ORIENTED_EDGE('',*,*,#7102,.T.);
#7104=EDGE_LOOP('',(#7095,#7096,#7097,#7103));
#7105=FACE_OUTER_BOUND('',#7104,.T.);
#7106=ADVANCED_FACE('',(#7105),#7094,.T.);
#7107=CARTESIAN_POINT('',(-39.506075545143,8.5499999999943,-0.50000000000657));
#7108=DIRECTION('',(5.6843418860807E-14,-7.1966983021808E-06,0.9999999999741));
#7109=DIRECTION('',(1.,-4.7706955970608E-14,-5.5163978099968E-14));
#7110=AXIS2_PLACEMENT_3D('',#7107,#7109,#7108);
#7111=CYLINDRICAL_SURFACE('',#7110,0.50000000000001);
#7112=ORIENTED_EDGE('',*,*,#4539,.F.);
#7113=ORIENTED_EDGE('',*,*,#4569,.F.);
#7114=CARTESIAN_POINT('',(-21.782842712475,8.55,-2.1819817709828E-15));
#7115=VERTEX_POINT('',#7114);
#7116=CARTESIAN_POINT('',(-38.217157287525,8.55,-3.6461620912106E-15));
#7117=DIRECTION('',(1.,0.,8.9092874153125E-17));
#7118=VECTOR('',#7117,16.43431457505);
#7119=LINE('',#7116,#7118);
#7120=EDGE_CURVE('',#4558,#7115,#7119,.T.);
#7121=ORIENTED_EDGE('',*,*,#7120,.T.);
#7122=CARTESIAN_POINT('',(-21.782842712475,8.55,-2.1819817709828E-15));
#7123=DIRECTION('',(1.,0.,8.9092874153125E-17));
#7124=VECTOR('',#7123,43.56568542495);
#7125=LINE('',#7122,#7124);
#7126=EDGE_CURVE('',#7115,#7074,#7125,.T.);
#7127=ORIENTED_EDGE('',*,*,#7126,.T.);
#7128=ORIENTED_EDGE('',*,*,#7079,.F.);
#7129=ORIENTED_EDGE('',*,*,#4383,.F.);
#7130=ORIENTED_EDGE('',*,*,#4360,.F.);
#7131=ORIENTED_EDGE('',*,*,#6503,.F.);
#7132=EDGE_LOOP('',(#7112,#7113,#7121,#7127,#7128,#7129,#7130,#7131));
#7133=FACE_OUTER_BOUND('',#7132,.T.);
#7134=ADVANCED_FACE('',(#7133),#7111,.T.);
#7135=CARTESIAN_POINT('',(38.929289321881,-7.9792893218813,5.9000000000002));
#7136=DIRECTION('',(0.5,-0.5,-0.70710678118655));
#7137=DIRECTION('',(0.5,-0.5,0.70710678118655));
#7138=AXIS2_PLACEMENT_3D('',#7135,#7137,#7136);
#7139=PLANE('',#7138);
#7140=CARTESIAN_POINT('',(39.8,-6.9671572875254,6.0000000000002));
#7141=VERTEX_POINT('',#7140);
#7142=CARTESIAN_POINT('',(40.,-7.05,5.8000000000002));
#7143=DIRECTION('',(-0.67859834454586,0.28108463771476,0.67859834454586));
#7144=VECTOR('',#7143,0.29472515164158);
#7145=LINE('',#7142,#7144);
#7146=EDGE_CURVE('',#4396,#7141,#7145,.T.);
#7147=ORIENTED_EDGE('',*,*,#7146,.T.);
#7148=CARTESIAN_POINT('',(37.917157287525,-8.85,6.0000000000002));
#7149=VERTEX_POINT('',#7148);
#7150=CARTESIAN_POINT('',(39.8,-6.9671572875254,6.0000000000002));
#7151=DIRECTION('',(-0.70710678118662,-0.70710678118647,0.));
#7152=VECTOR('',#7151,2.6627416997972);
#7153=LINE('',#7150,#7152);
#7154=EDGE_CURVE('',#7141,#7149,#7153,.T.);
#7155=ORIENTED_EDGE('',*,*,#7154,.T.);
#7156=CARTESIAN_POINT('',(37.917157287525,-8.85,6.0000000000002));
#7157=DIRECTION('',(0.28108463771601,-0.6785983445456,-0.6785983445456));
#7158=VECTOR('',#7157,0.29472515164169);
#7159=LINE('',#7156,#7158);
#7160=EDGE_CURVE('',#7149,#4404,#7159,.T.);
#7161=ORIENTED_EDGE('',*,*,#7160,.T.);
#7162=ORIENTED_EDGE('',*,*,#4409,.F.);
#7163=EDGE_LOOP('',(#7147,#7155,#7161,#7162));
#7164=FACE_OUTER_BOUND('',#7163,.T.);
#7165=ADVANCED_FACE('',(#7164),#7139,.T.);
#7166=CARTESIAN_POINT('',(-40.,-5.3290705182008E-15,5.8284271247464));
#7167=DIRECTION('',(0.,-1.,0.));
#7168=DIRECTION('',(-1.,0.,0.));
#7169=AXIS2_PLACEMENT_3D('',#7166,#7168,#7167);
#7170=PLANE('',#7169);
#7171=ORIENTED_EDGE('',*,*,#4432,.F.);
#7172=CARTESIAN_POINT('',(-40.,7.05,5.8000000000002));
#7173=VERTEX_POINT('',#7172);
#7174=CARTESIAN_POINT('',(-40.,-7.05,5.8000000000002));
#7175=DIRECTION('',(0.,1.,0.));
#7176=VECTOR('',#7175,14.1);
#7177=LINE('',#7174,#7176);
#7178=EDGE_CURVE('',#4427,#7173,#7177,.T.);
#7179=ORIENTED_EDGE('',*,*,#7178,.T.);
#7180=CARTESIAN_POINT('',(-40.,7.05,5.8000000000002));
#7181=DIRECTION('',(0.,0.,-1.));
#7182=VECTOR('',#7181,5.6);
#7183=LINE('',#7180,#7182);
#7184=EDGE_CURVE('',#7173,#4458,#7183,.T.);
#7185=ORIENTED_EDGE('',*,*,#7184,.T.);
#7186=ORIENTED_EDGE('',*,*,#4463,.F.);
#7187=EDGE_LOOP('',(#7171,#7179,#7185,#7186));
#7188=FACE_OUTER_BOUND('',#7187,.T.);
#7189=ADVANCED_FACE('',(#7188),#7170,.T.);
#7190=CARTESIAN_POINT('',(-38.929289321881,-7.9792893218814,5.9000000000002));
#7191=DIRECTION('',(-0.49999999999996,-0.50000000000002,-0.70710678118656));
#7192=DIRECTION('',(-0.50000000000001,-0.50000000000001,0.70710678118653));
#7193=AXIS2_PLACEMENT_3D('',#7190,#7192,#7191);
#7194=PLANE('',#7193);
#7195=CARTESIAN_POINT('',(-37.917157287525,-8.85,6.0000000000002));
#7196=VERTEX_POINT('',#7195);
#7197=CARTESIAN_POINT('',(-38.,-9.05,5.8000000000002));
#7198=DIRECTION('',(0.28108463771601,0.6785983445456,0.6785983445456));
#7199=VECTOR('',#7198,0.29472515164169);
#7200=LINE('',#7197,#7199);
#7201=EDGE_CURVE('',#4436,#7196,#7200,.T.);
#7202=ORIENTED_EDGE('',*,*,#7201,.T.);
#7203=CARTESIAN_POINT('',(-39.8,-6.9671572875254,6.0000000000002));
#7204=VERTEX_POINT('',#7203);
#7205=CARTESIAN_POINT('',(-37.917157287525,-8.85,6.0000000000002));
#7206=DIRECTION('',(-0.70710678118662,0.70710678118647,0.));
#7207=VECTOR('',#7206,2.6627416997972);
#7208=LINE('',#7205,#7207);
#7209=EDGE_CURVE('',#7196,#7204,#7208,.T.);
#7210=ORIENTED_EDGE('',*,*,#7209,.T.);
#7211=CARTESIAN_POINT('',(-39.8,-6.9671572875254,6.0000000000002));
#7212=DIRECTION('',(-0.67859834454586,-0.28108463771476,-0.67859834454586));
#7213=VECTOR('',#7212,0.29472515164158);
#7214=LINE('',#7211,#7213);
#7215=EDGE_CURVE('',#7204,#4427,#7214,.T.);
#7216=ORIENTED_EDGE('',*,*,#7215,.T.);
#7217=ORIENTED_EDGE('',*,*,#4447,.F.);
#7218=EDGE_LOOP('',(#7202,#7210,#7216,#7217));
#7219=FACE_OUTER_BOUND('',#7218,.T.);
#7220=ADVANCED_FACE('',(#7219),#7194,.T.);
#7221=CARTESIAN_POINT('',(0.58705888327718,-8.95,10.4));
#7222=DIRECTION('',(0.,-0.70710678118654,-0.70710678118655));
#7223=DIRECTION('',(1.0217358431604E-16,-0.70710678118655,0.70710678118654));
#7224=AXIS2_PLACEMENT_3D('',#7221,#7223,#7222);
#7225=PLANE('',#7224);
#7226=ORIENTED_EDGE('',*,*,#4489,.F.);
#7227=CARTESIAN_POINT('',(23.917157287525,-8.85,10.5));
#7228=VERTEX_POINT('',#7227);
#7229=CARTESIAN_POINT('',(24.,-9.05,10.3));
#7230=DIRECTION('',(-0.28108463771601,0.6785983445456,0.6785983445456));
#7231=VECTOR('',#7230,0.29472515164169);
#7232=LINE('',#7229,#7231);
#7233=EDGE_CURVE('',#4482,#7228,#7232,.T.);
#7234=ORIENTED_EDGE('',*,*,#7233,.T.);
#7235=CARTESIAN_POINT('',(10.,-8.85,10.5));
#7236=VERTEX_POINT('',#7235);
#7237=CARTESIAN_POINT('',(23.917157287525,-8.85,10.5));
#7238=DIRECTION('',(-1.,0.,0.));
#7239=VECTOR('',#7238,13.917157287525);
#7240=LINE('',#7237,#7239);
#7241=EDGE_CURVE('',#7228,#7236,#7240,.T.);
#7242=ORIENTED_EDGE('',*,*,#7241,.T.);
#7243=CARTESIAN_POINT('',(-23.917157287525,-8.85,10.5));
#7244=VERTEX_POINT('',#7243);
#7245=CARTESIAN_POINT('',(10.,-8.85,10.5));
#7246=DIRECTION('',(-1.,0.,0.));
#7247=VECTOR('',#7246,33.917157287525);
#7248=LINE('',#7245,#7247);
#7249=EDGE_CURVE('',#7236,#7244,#7248,.T.);
#7250=ORIENTED_EDGE('',*,*,#7249,.T.);
#7251=CARTESIAN_POINT('',(-23.917157287525,-8.85,10.5));
#7252=DIRECTION('',(-0.28108463771601,-0.6785983445456,-0.6785983445456));
#7253=VECTOR('',#7252,0.29472515164169);
#7254=LINE('',#7251,#7253);
#7255=EDGE_CURVE('',#7244,#4484,#7254,.T.);
#7256=ORIENTED_EDGE('',*,*,#7255,.T.);
#7257=EDGE_LOOP('',(#7226,#7234,#7242,#7250,#7256));
#7258=FACE_OUTER_BOUND('',#7257,.T.);
#7259=ADVANCED_FACE('',(#7258),#7225,.T.);
#7260=CARTESIAN_POINT('',(-25.,-8.05,8.1500000000002));
#7261=DIRECTION('',(0.70710678118655,-0.70710678118655,0.));
#7262=DIRECTION('',(-0.70710678118655,-0.70710678118655,-1.3362489010075E-16));
#7263=AXIS2_PLACEMENT_3D('',#7260,#7262,#7261);
#7264=PLANE('',#7263);
#7265=CARTESIAN_POINT('',(-26.,-7.05,10.3));
#7266=VERTEX_POINT('',#7265);
#7267=CARTESIAN_POINT('',(-25.999999999993,-7.0500000000065,8.3420962211879));
#7268=VERTEX_POINT('',#7267);
#7269=CARTESIAN_POINT('',(-26.,-7.05,10.3));
#7270=DIRECTION('',(3.5746628731078E-12,-3.320172280238E-12,-1.));
#7271=VECTOR('',#7270,1.9579037788121);
#7272=LINE('',#7269,#7271);
#7273=EDGE_CURVE('',#7266,#7268,#7272,.T.);
#7274=ORIENTED_EDGE('',*,*,#7273,.T.);
#7275=CARTESIAN_POINT('',(-26.,-7.05,6.0000000000002));
#7276=VERTEX_POINT('',#7275);
#7277=CARTESIAN_POINT('',(-25.999999999993,-7.0500000000065,8.3420962211879));
#7278=DIRECTION('',(-2.9882828399287E-12,2.7755383382535E-12,-1.));
#7279=VECTOR('',#7278,2.3420962211877);
#7280=LINE('',#7277,#7279);
#7281=EDGE_CURVE('',#7268,#7276,#7280,.T.);
#7282=ORIENTED_EDGE('',*,*,#7281,.T.);
#7283=CARTESIAN_POINT('',(-24.2,-8.85,6.0000000000002));
#7284=VERTEX_POINT('',#7283);
#7285=CARTESIAN_POINT('',(-26.,-7.05,6.0000000000002));
#7286=DIRECTION('',(0.70710678118655,-0.70710678118655,0.));
#7287=VECTOR('',#7286,2.5455844122716);
#7288=LINE('',#7285,#7287);
#7289=EDGE_CURVE('',#7276,#7284,#7288,.T.);
#7290=ORIENTED_EDGE('',*,*,#7289,.T.);
#7291=CARTESIAN_POINT('',(-24.2,-8.85,6.0000000000002));
#7292=DIRECTION('',(0.57735026918962,-0.57735026918963,-0.57735026918963));
#7293=VECTOR('',#7292,0.34641016151378);
#7294=LINE('',#7291,#7293);
#7295=EDGE_CURVE('',#7284,#4492,#7294,.T.);
#7296=ORIENTED_EDGE('',*,*,#7295,.T.);
#7297=ORIENTED_EDGE('',*,*,#4497,.F.);
#7298=CARTESIAN_POINT('',(-24.,-9.05,10.3));
#7299=DIRECTION('',(-0.70710678118655,0.70710678118655,0.));
#7300=VECTOR('',#7299,2.8284271247462);
#7301=LINE('',#7298,#7300);
#7302=EDGE_CURVE('',#4484,#7266,#7301,.T.);
#7303=ORIENTED_EDGE('',*,*,#7302,.T.);
#7304=EDGE_LOOP('',(#7274,#7282,#7290,#7296,#7297,#7303));
#7305=FACE_OUTER_BOUND('',#7304,.T.);
#7306=ADVANCED_FACE('',(#7305),#7264,.T.);
#7307=CARTESIAN_POINT('',(1.1997450870439,-8.95,5.9000000000002));
#7308=DIRECTION('',(0.,0.70710678118655,0.70710678118654));
#7309=DIRECTION('',(-3.2042911609703E-17,-0.70710678118654,0.70710678118655));
#7310=AXIS2_PLACEMENT_3D('',#7307,#7309,#7308);
#7311=PLANE('',#7310);
#7312=ORIENTED_EDGE('',*,*,#7295,.F.);
#7313=CARTESIAN_POINT('',(-24.2,-8.85,6.0000000000002));
#7314=DIRECTION('',(-1.,0.,0.));
#7315=VECTOR('',#7314,13.717157287525);
#7316=LINE('',#7313,#7315);
#7317=EDGE_CURVE('',#7284,#7196,#7316,.T.);
#7318=ORIENTED_EDGE('',*,*,#7317,.T.);
#7319=ORIENTED_EDGE('',*,*,#7201,.F.);
#7320=ORIENTED_EDGE('',*,*,#4503,.F.);
#7321=EDGE_LOOP('',(#7312,#7318,#7319,#7320));
#7322=FACE_OUTER_BOUND('',#7321,.T.);
#7323=ADVANCED_FACE('',(#7322),#7311,.T.);
#7324=CARTESIAN_POINT('',(-1.8284271247462,-8.95,5.9000000000002));
#7325=DIRECTION('',(0.,0.70710678118654,0.70710678118655));
#7326=DIRECTION('',(-3.1537122041322E-17,-0.70710678118655,0.70710678118654));
#7327=AXIS2_PLACEMENT_3D('',#7324,#7326,#7325);
#7328=PLANE('',#7327);
#7329=ORIENTED_EDGE('',*,*,#4514,.F.);
#7330=ORIENTED_EDGE('',*,*,#7160,.F.);
#7331=CARTESIAN_POINT('',(24.2,-8.85,6.0000000000002));
#7332=VERTEX_POINT('',#7331);
#7333=CARTESIAN_POINT('',(37.917157287525,-8.85,6.0000000000002));
#7334=DIRECTION('',(-1.,0.,0.));
#7335=VECTOR('',#7334,13.717157287525);
#7336=LINE('',#7333,#7335);
#7337=EDGE_CURVE('',#7149,#7332,#7336,.T.);
#7338=ORIENTED_EDGE('',*,*,#7337,.T.);
#7339=CARTESIAN_POINT('',(24.2,-8.85,6.0000000000002));
#7340=DIRECTION('',(-0.57735026918962,-0.57735026918963,-0.57735026918963));
#7341=VECTOR('',#7340,0.34641016151378);
#7342=LINE('',#7339,#7341);
#7343=EDGE_CURVE('',#7332,#4509,#7342,.T.);
#7344=ORIENTED_EDGE('',*,*,#7343,.T.);
#7345=EDGE_LOOP('',(#7329,#7330,#7338,#7344));
#7346=FACE_OUTER_BOUND('',#7345,.T.);
#7347=ADVANCED_FACE('',(#7346),#7328,.T.);
#7348=CARTESIAN_POINT('',(25.,-8.05,8.1500000000002));
#7349=DIRECTION('',(-0.70710678118655,-0.70710678118655,6.2803698347351E-16));
#7350=DIRECTION('',(0.70710678118655,-0.70710678118655,-5.3449956040299E-16));
#7351=AXIS2_PLACEMENT_3D('',#7348,#7350,#7349);
#7352=PLANE('',#7351);
#7353=CARTESIAN_POINT('',(26.,-7.05,10.3));
#7354=VERTEX_POINT('',#7353);
#7355=CARTESIAN_POINT('',(26.,-7.05,10.3));
#7356=DIRECTION('',(-0.70710678118655,-0.70710678118655,0.));
#7357=VECTOR('',#7356,2.8284271247462);
#7358=LINE('',#7355,#7357);
#7359=EDGE_CURVE('',#7354,#4482,#7358,.T.);
#7360=ORIENTED_EDGE('',*,*,#7359,.T.);
#7361=ORIENTED_EDGE('',*,*,#4520,.F.);
#7362=ORIENTED_EDGE('',*,*,#7343,.F.);
#7363=CARTESIAN_POINT('',(26.,-7.05,6.0000000000002));
#7364=VERTEX_POINT('',#7363);
#7365=CARTESIAN_POINT('',(24.2,-8.85,6.0000000000002));
#7366=DIRECTION('',(0.70710678118655,0.70710678118655,0.));
#7367=VECTOR('',#7366,2.5455844122716);
#7368=LINE('',#7365,#7367);
#7369=EDGE_CURVE('',#7332,#7364,#7368,.T.);
#7370=ORIENTED_EDGE('',*,*,#7369,.T.);
#7371=CARTESIAN_POINT('',(26.,-7.05,8.2180212190713));
#7372=VERTEX_POINT('',#7371);
#7373=CARTESIAN_POINT('',(26.,-7.05,6.0000000000002));
#7374=DIRECTION('',(0.,0.,1.));
#7375=VECTOR('',#7374,2.2180212190711);
#7376=LINE('',#7373,#7375);
#7377=EDGE_CURVE('',#7364,#7372,#7376,.T.);
#7378=ORIENTED_EDGE('',*,*,#7377,.T.);
#7379=CARTESIAN_POINT('',(26.,-7.05,8.2180212190713));
#7380=DIRECTION('',(0.,0.,1.));
#7381=VECTOR('',#7380,2.0819787809287);
#7382=LINE('',#7379,#7381);
#7383=EDGE_CURVE('',#7372,#7354,#7382,.T.);
#7384=ORIENTED_EDGE('',*,*,#7383,.T.);
#7385=EDGE_LOOP('',(#7360,#7361,#7362,#7370,#7378,#7384));
#7386=FACE_OUTER_BOUND('',#7385,.T.);
#7387=ADVANCED_FACE('',(#7386),#7352,.T.);
#7388=CARTESIAN_POINT('',(-39.,8.05,3.1875000000002));
#7389=DIRECTION('',(0.70710678118655,0.70710678118655,0.));
#7390=DIRECTION('',(-0.70710678118655,0.70710678118655,0.));
#7391=AXIS2_PLACEMENT_3D('',#7388,#7390,#7389);
#7392=PLANE('',#7391);
#7393=ORIENTED_EDGE('',*,*,#7184,.F.);
#7394=CARTESIAN_POINT('',(-38.,9.05,5.8000000000002));
#7395=VERTEX_POINT('',#7394);
#7396=CARTESIAN_POINT('',(-40.,7.05,5.8000000000002));
#7397=DIRECTION('',(0.70710678118655,0.70710678118655,0.));
#7398=VECTOR('',#7397,2.8284271247462);
#7399=LINE('',#7396,#7398);
#7400=EDGE_CURVE('',#7173,#7395,#7399,.T.);
#7401=ORIENTED_EDGE('',*,*,#7400,.T.);
#7402=CARTESIAN_POINT('',(-38.,9.05,5.8000000000002));
#7403=DIRECTION('',(0.,0.,-1.));
#7404=VECTOR('',#7403,5.6);
#7405=LINE('',#7402,#7404);
#7406=EDGE_CURVE('',#7395,#4580,#7405,.T.);
#7407=ORIENTED_EDGE('',*,*,#7406,.T.);
#7408=ORIENTED_EDGE('',*,*,#4585,.F.);
#7409=EDGE_LOOP('',(#7393,#7401,#7407,#7408));
#7410=FACE_OUTER_BOUND('',#7409,.T.);
#7411=ADVANCED_FACE('',(#7410),#7392,.T.);
#7412=CARTESIAN_POINT('',(-0.20638662499998,8.95,0.10000000000027));
#7413=DIRECTION('',(5.0242958677188E-14,0.70710678118656,0.70710678118653));
#7414=DIRECTION('',(7.6336836707501E-17,0.70710678118653,-0.70710678118656));
#7415=AXIS2_PLACEMENT_3D('',#7412,#7414,#7413);
#7416=PLANE('',#7415);
#7417=CARTESIAN_POINT('',(-22.,9.05,0.2000000000002));
#7418=VERTEX_POINT('',#7417);
#7419=CARTESIAN_POINT('',(-22.082842712475,8.85,1.96732823263E-13));
#7420=VERTEX_POINT('',#7419);
#7421=CARTESIAN_POINT('',(-22.,9.05,0.2000000000002));
#7422=DIRECTION('',(-0.28108463771601,-0.6785983445456,-0.67859834454561));
#7423=VECTOR('',#7422,0.29472515164169);
#7424=LINE('',#7421,#7423);
#7425=EDGE_CURVE('',#7418,#7420,#7424,.T.);
#7426=ORIENTED_EDGE('',*,*,#7425,.T.);
#7427=CARTESIAN_POINT('',(-22.082842712475,8.85,1.96732823263E-13));
#7428=DIRECTION('',(-1.,0.,-8.1411929780102E-17));
#7429=VECTOR('',#7428,15.83431457505);
#7430=LINE('',#7427,#7429);
#7431=EDGE_CURVE('',#7420,#4588,#7430,.T.);
#7432=ORIENTED_EDGE('',*,*,#7431,.T.);
#7433=ORIENTED_EDGE('',*,*,#4593,.F.);
#7434=CARTESIAN_POINT('',(-38.,9.05,0.2000000000002));
#7435=DIRECTION('',(1.,0.,0.));
#7436=VECTOR('',#7435,16.);
#7437=LINE('',#7434,#7436);
#7438=EDGE_CURVE('',#4580,#7418,#7437,.T.);
#7439=ORIENTED_EDGE('',*,*,#7438,.T.);
#7440=EDGE_LOOP('',(#7426,#7432,#7433,#7439));
#7441=FACE_OUTER_BOUND('',#7440,.T.);
#7442=ADVANCED_FACE('',(#7441),#7416,.T.);
#7443=CARTESIAN_POINT('',(-30.,8.7,1.9857681151729E-13));
#7444=DIRECTION('',(-1.,0.,0.));
#7445=DIRECTION('',(0.,0.,-1.));
#7446=AXIS2_PLACEMENT_3D('',#7443,#7445,#7444);
#7447=PLANE('',#7446);
#7448=ORIENTED_EDGE('',*,*,#7431,.F.);
#7449=CARTESIAN_POINT('',(-22.082842712475,8.85,1.96732823263E-13));
#7450=DIRECTION('',(0.70710678118655,-0.70710678118655,-4.6884669172643E-13));
#7451=VECTOR('',#7450,0.42426406871193);
#7452=LINE('',#7449,#7451);
#7453=EDGE_CURVE('',#7420,#7115,#7452,.T.);
#7454=ORIENTED_EDGE('',*,*,#7453,.T.);
#7455=ORIENTED_EDGE('',*,*,#7120,.F.);
#7456=ORIENTED_EDGE('',*,*,#4599,.F.);
#7457=EDGE_LOOP('',(#7448,#7454,#7455,#7456));
#7458=FACE_OUTER_BOUND('',#7457,.T.);
#7459=ADVANCED_FACE('',(#7458),#7447,.T.);
#7460=CARTESIAN_POINT('',(-30.0000000005,6.55,-12.80000000001));
#7461=DIRECTION('',(-1.,-1.1102230246252E-15,2.2204460492503E-15));
#7462=DIRECTION('',(0.,1.,0.));
#7463=AXIS2_PLACEMENT_3D('',#7460,#7462,#7461);
#7464=CYLINDRICAL_SURFACE('',#7463,0.8);
#7465=CARTESIAN_POINT('',(-30.8000000005,7.25,-12.80000000001));
#7466=VERTEX_POINT('',#7465);
#7467=CARTESIAN_POINT('',(-30.0000000005,7.25,-12.80000000001));
#7468=DIRECTION('',(-1.,-4.5986943405862E-16,3.1401849173675E-15));
#7469=DIRECTION('',(-4.5986943405862E-16,1.,1.5700924586838E-15));
#7470=AXIS2_PLACEMENT_3D('',#7467,#7469,#7468);
#7471=CIRCLE('',#7470,0.8);
#7472=EDGE_CURVE('',#7466,#7466,#7471,.T.);
#7473=ORIENTED_EDGE('',*,*,#7472,.T.);
#7474=CARTESIAN_POINT('',(-30.8000000005,7.25,-12.80000000001));
#7475=DIRECTION('',(0.,-1.,0.));
#7476=VECTOR('',#7475,0.7);
#7477=LINE('',#7474,#7476);
#7478=EDGE_CURVE('',#7466,#5124,#7477,.T.);
#7479=ORIENTED_EDGE('',*,*,#7478,.T.);
#7480=ORIENTED_EDGE('',*,*,#5130,.F.);
#7481=ORIENTED_EDGE('',*,*,#7478,.F.);
#7482=EDGE_LOOP('',(#7473,#7479,#7480,#7481));
#7483=FACE_OUTER_BOUND('',#7482,.T.);
#7484=ADVANCED_FACE('',(#7483),#7464,.F.);
#7485=CARTESIAN_POINT('',(-43.5,8.85,-12.8));
#7486=DIRECTION('',(1.,-8.074349270001E-16,8.8817841970012E-15));
#7487=DIRECTION('',(0.,-1.,0.));
#7488=AXIS2_PLACEMENT_3D('',#7485,#7487,#7486);
#7489=CYLINDRICAL_SURFACE('',#7488,2.2);
#7490=CARTESIAN_POINT('',(-41.3,8.85,-12.8));
#7491=VERTEX_POINT('',#7490);
#7492=CARTESIAN_POINT('',(-43.5,8.85,-12.8));
#7493=DIRECTION('',(1.,3.3445049749718E-16,-2.2837708489946E-15));
#7494=DIRECTION('',(-3.3445049749718E-16,1.,1.1418854244973E-15));
#7495=AXIS2_PLACEMENT_3D('',#7492,#7494,#7493);
#7496=CIRCLE('',#7495,2.2);
#7497=EDGE_CURVE('',#7491,#7491,#7496,.T.);
#7498=ORIENTED_EDGE('',*,*,#7497,.T.);
#7499=CARTESIAN_POINT('',(-41.3,8.85,-12.8));
#7500=DIRECTION('',(0.,-1.,0.));
#7501=VECTOR('',#7500,2.3);
#7502=LINE('',#7499,#7501);
#7503=EDGE_CURVE('',#7491,#5113,#7502,.T.);
#7504=ORIENTED_EDGE('',*,*,#7503,.T.);
#7505=ORIENTED_EDGE('',*,*,#5119,.F.);
#7506=ORIENTED_EDGE('',*,*,#7503,.F.);
#7507=EDGE_LOOP('',(#7498,#7504,#7505,#7506));
#7508=FACE_OUTER_BOUND('',#7507,.T.);
#7509=ADVANCED_FACE('',(#7508),#7489,.F.);
#7510=CARTESIAN_POINT('',(-20.,9.05,-9.80000000001));
#7511=DIRECTION('',(0.99999999999982,-5.3290705182008E-15,6.0471128726647E-07));
#7512=DIRECTION('',(0.,-1.,-2.8421709430404E-15));
#7513=AXIS2_PLACEMENT_3D('',#7510,#7512,#7511);
#7514=CYLINDRICAL_SURFACE('',#7513,0.99999999999999);
#7515=ORIENTED_EDGE('',*,*,#6912,.F.);
#7516=CARTESIAN_POINT('',(-19.,9.05,-9.80000000001));
#7517=DIRECTION('',(0.,-1.,0.));
#7518=VECTOR('',#7517,2.5);
#7519=LINE('',#7516,#7518);
#7520=EDGE_CURVE('',#6898,#5079,#7519,.T.);
#7521=ORIENTED_EDGE('',*,*,#7520,.T.);
#7522=ORIENTED_EDGE('',*,*,#5085,.F.);
#7523=CARTESIAN_POINT('',(-21.,6.55,-9.80000000001));
#7524=DIRECTION('',(0.,1.,0.));
#7525=VECTOR('',#7524,2.5);
#7526=LINE('',#7523,#7525);
#7527=EDGE_CURVE('',#5077,#6906,#7526,.T.);
#7528=ORIENTED_EDGE('',*,*,#7527,.T.);
#7529=EDGE_LOOP('',(#7515,#7521,#7522,#7528));
#7530=FACE_OUTER_BOUND('',#7529,.T.);
#7531=ADVANCED_FACE('',(#7530),#7514,.F.);
#7532=CARTESIAN_POINT('',(-19.,7.55,-12.80000000001));
#7533=DIRECTION('',(-1.1842378929335E-15,2.9605947323338E-16,-1.));
#7534=DIRECTION('',(-1.,-7.0120969352979E-31,1.1842378929335E-15));
#7535=AXIS2_PLACEMENT_3D('',#7532,#7534,#7533);
#7536=PLANE('',#7535);
#7537=ORIENTED_EDGE('',*,*,#6903,.F.);
#7538=CARTESIAN_POINT('',(-19.,9.05,-15.80000000001));
#7539=DIRECTION('',(0.,-1.,0.));
#7540=VECTOR('',#7539,2.5);
#7541=LINE('',#7538,#7540);
#7542=EDGE_CURVE('',#6896,#5088,#7541,.T.);
#7543=ORIENTED_EDGE('',*,*,#7542,.T.);
#7544=ORIENTED_EDGE('',*,*,#5093,.F.);
#7545=ORIENTED_EDGE('',*,*,#7520,.F.);
#7546=EDGE_LOOP('',(#7537,#7543,#7544,#7545));
#7547=FACE_OUTER_BOUND('',#7546,.T.);
#7548=ADVANCED_FACE('',(#7547),#7536,.T.);
#7549=CARTESIAN_POINT('',(-20.,9.05,-15.80000000001));
#7550=DIRECTION('',(-0.99999999999982,1.7763568394003E-15,-6.0471128904283E-07));
#7551=DIRECTION('',(0.,-1.,0.));
#7552=AXIS2_PLACEMENT_3D('',#7549,#7551,#7550);
#7553=CYLINDRICAL_SURFACE('',#7552,0.99999999999999);
#7554=ORIENTED_EDGE('',*,*,#6927,.F.);
#7555=CARTESIAN_POINT('',(-21.,9.05,-15.80000000001));
#7556=DIRECTION('',(0.,-1.,0.));
#7557=VECTOR('',#7556,2.5);
#7558=LINE('',#7555,#7557);
#7559=EDGE_CURVE('',#6915,#5096,#7558,.T.);
#7560=ORIENTED_EDGE('',*,*,#7559,.T.);
#7561=ORIENTED_EDGE('',*,*,#5102,.F.);
#7562=ORIENTED_EDGE('',*,*,#7542,.F.);
#7563=EDGE_LOOP('',(#7554,#7560,#7561,#7562));
#7564=FACE_OUTER_BOUND('',#7563,.T.);
#7565=ADVANCED_FACE('',(#7564),#7553,.F.);
#7566=CARTESIAN_POINT('',(-21.,7.55,-12.80000000001));
#7567=DIRECTION('',(1.1842378929335E-15,-2.9605947323338E-16,1.));
#7568=DIRECTION('',(1.,7.0120969352979E-31,-1.1842378929335E-15));
#7569=AXIS2_PLACEMENT_3D('',#7566,#7568,#7567);
#7570=PLANE('',#7569);
#7571=ORIENTED_EDGE('',*,*,#6920,.F.);
#7572=ORIENTED_EDGE('',*,*,#7527,.F.);
#7573=ORIENTED_EDGE('',*,*,#5108,.F.);
#7574=ORIENTED_EDGE('',*,*,#7559,.F.);
#7575=EDGE_LOOP('',(#7571,#7572,#7573,#7574));
#7576=FACE_OUTER_BOUND('',#7575,.T.);
#7577=ADVANCED_FACE('',(#7576),#7570,.T.);
#7578=CARTESIAN_POINT('',(-24.199905395508,9.05,-10.80000000001));
#7579=DIRECTION('',(0.99999999999982,-1.7763568394003E-15,6.0471128549011E-07));
#7580=DIRECTION('',(0.,-1.,-1.4210854715202E-15));
#7581=AXIS2_PLACEMENT_3D('',#7578,#7580,#7579);
#7582=CYLINDRICAL_SURFACE('',#7581,1.);
#7583=ORIENTED_EDGE('',*,*,#6768,.F.);
#7584=CARTESIAN_POINT('',(-23.199905395508,9.05,-10.80000000001));
#7585=DIRECTION('',(0.,-1.,0.));
#7586=VECTOR('',#7585,2.5);
#7587=LINE('',#7584,#7586);
#7588=EDGE_CURVE('',#6754,#5043,#7587,.T.);
#7589=ORIENTED_EDGE('',*,*,#7588,.T.);
#7590=ORIENTED_EDGE('',*,*,#5049,.F.);
#7591=CARTESIAN_POINT('',(-25.199905395508,6.55,-10.80000000001));
#7592=DIRECTION('',(0.,1.,0.));
#7593=VECTOR('',#7592,2.5);
#7594=LINE('',#7591,#7593);
#7595=EDGE_CURVE('',#5041,#6762,#7594,.T.);
#7596=ORIENTED_EDGE('',*,*,#7595,.T.);
#7597=EDGE_LOOP('',(#7583,#7589,#7590,#7596));
#7598=FACE_OUTER_BOUND('',#7597,.T.);
#7599=ADVANCED_FACE('',(#7598),#7582,.F.);
#7600=CARTESIAN_POINT('',(-23.199905395508,7.55,-12.80000000001));
#7601=DIRECTION('',(0.,4.4408920985006E-16,-1.));
#7602=DIRECTION('',(-1.,0.,-0.));
#7603=AXIS2_PLACEMENT_3D('',#7600,#7602,#7601);
#7604=PLANE('',#7603);
#7605=ORIENTED_EDGE('',*,*,#6759,.F.);
#7606=CARTESIAN_POINT('',(-23.199905395508,9.05,-14.80000000001));
#7607=DIRECTION('',(0.,-1.,0.));
#7608=VECTOR('',#7607,2.5);
#7609=LINE('',#7606,#7608);
#7610=EDGE_CURVE('',#6752,#5052,#7609,.T.);
#7611=ORIENTED_EDGE('',*,*,#7610,.T.);
#7612=ORIENTED_EDGE('',*,*,#5057,.F.);
#7613=ORIENTED_EDGE('',*,*,#7588,.F.);
#7614=EDGE_LOOP('',(#7605,#7611,#7612,#7613));
#7615=FACE_OUTER_BOUND('',#7614,.T.);
#7616=ADVANCED_FACE('',(#7615),#7604,.T.);
#7617=CARTESIAN_POINT('',(-24.199905395508,9.05,-14.80000000001));
#7618=DIRECTION('',(-0.99999999999982,-3.5527136788006E-15,-6.0471129614827E-07));
#7619=DIRECTION('',(0.,-1.,1.4210854715202E-15));
#7620=AXIS2_PLACEMENT_3D('',#7617,#7619,#7618);
#7621=CYLINDRICAL_SURFACE('',#7620,0.99999999999997);
#7622=ORIENTED_EDGE('',*,*,#6783,.F.);
#7623=CARTESIAN_POINT('',(-25.199905395508,9.05,-14.80000000001));
#7624=DIRECTION('',(0.,-1.,0.));
#7625=VECTOR('',#7624,2.5);
#7626=LINE('',#7623,#7625);
#7627=EDGE_CURVE('',#6771,#5060,#7626,.T.);
#7628=ORIENTED_EDGE('',*,*,#7627,.T.);
#7629=ORIENTED_EDGE('',*,*,#5066,.F.);
#7630=ORIENTED_EDGE('',*,*,#7610,.F.);
#7631=EDGE_LOOP('',(#7622,#7628,#7629,#7630));
#7632=FACE_OUTER_BOUND('',#7631,.T.);
#7633=ADVANCED_FACE('',(#7632),#7621,.F.);
#7634=CARTESIAN_POINT('',(-25.199905395508,7.55,-12.80000000001));
#7635=DIRECTION('',(0.,-4.4408920985006E-16,1.));
#7636=DIRECTION('',(1.,0.,0.));
#7637=AXIS2_PLACEMENT_3D('',#7634,#7636,#7635);
#7638=PLANE('',#7637);
#7639=ORIENTED_EDGE('',*,*,#6776,.F.);
#7640=ORIENTED_EDGE('',*,*,#7595,.F.);
#7641=ORIENTED_EDGE('',*,*,#5072,.F.);
#7642=ORIENTED_EDGE('',*,*,#7627,.F.);
#7643=EDGE_LOOP('',(#7639,#7640,#7641,#7642));
#7644=FACE_OUTER_BOUND('',#7643,.T.);
#7645=ADVANCED_FACE('',(#7644),#7638,.T.);
#7646=CARTESIAN_POINT('',(16.,9.05,-16.80000000001));
#7647=DIRECTION('',(-0.99999999999982,0.,-6.0471128193739E-07));
#7648=DIRECTION('',(0.,-1.,0.));
#7649=AXIS2_PLACEMENT_3D('',#7646,#7648,#7647);
#7650=CYLINDRICAL_SURFACE('',#7649,1.);
#7651=ORIENTED_EDGE('',*,*,#6616,.F.);
#7652=CARTESIAN_POINT('',(15.,9.05,-16.80000000001));
#7653=DIRECTION('',(0.,-1.,0.));
#7654=VECTOR('',#7653,2.5);
#7655=LINE('',#7652,#7654);
#7656=EDGE_CURVE('',#6608,#5007,#7655,.T.);
#7657=ORIENTED_EDGE('',*,*,#7656,.T.);
#7658=ORIENTED_EDGE('',*,*,#5013,.F.);
#7659=CARTESIAN_POINT('',(17.,6.55,-16.80000000001));
#7660=DIRECTION('',(0.,1.,0.));
#7661=VECTOR('',#7660,2.5);
#7662=LINE('',#7659,#7661);
#7663=EDGE_CURVE('',#5005,#6610,#7662,.T.);
#7664=ORIENTED_EDGE('',*,*,#7663,.T.);
#7665=EDGE_LOOP('',(#7651,#7657,#7658,#7664));
#7666=FACE_OUTER_BOUND('',#7665,.T.);
#7667=ADVANCED_FACE('',(#7666),#7650,.F.);
#7668=CARTESIAN_POINT('',(15.,7.55,-12.80000000001));
#7669=DIRECTION('',(0.,-4.4408920985006E-16,1.));
#7670=DIRECTION('',(1.,0.,0.));
#7671=AXIS2_PLACEMENT_3D('',#7668,#7670,#7669);
#7672=PLANE('',#7671);
#7673=ORIENTED_EDGE('',*,*,#6639,.F.);
#7674=CARTESIAN_POINT('',(15.,9.05,-8.80000000001));
#7675=DIRECTION('',(0.,-1.,0.));
#7676=VECTOR('',#7675,2.5);
#7677=LINE('',#7674,#7676);
#7678=EDGE_CURVE('',#6627,#5016,#7677,.T.);
#7679=ORIENTED_EDGE('',*,*,#7678,.T.);
#7680=ORIENTED_EDGE('',*,*,#5021,.F.);
#7681=ORIENTED_EDGE('',*,*,#7656,.F.);
#7682=EDGE_LOOP('',(#7673,#7679,#7680,#7681));
#7683=FACE_OUTER_BOUND('',#7682,.T.);
#7684=ADVANCED_FACE('',(#7683),#7672,.T.);
#7685=CARTESIAN_POINT('',(16.,9.05,-8.80000000001));
#7686=DIRECTION('',(0.99999999999982,-1.7763568394002E-15,6.0471129081918E-07));
#7687=DIRECTION('',(0.,-1.,-4.2632564145606E-15));
#7688=AXIS2_PLACEMENT_3D('',#7685,#7687,#7686);
#7689=CYLINDRICAL_SURFACE('',#7688,1.);
#7690=ORIENTED_EDGE('',*,*,#6633,.F.);
#7691=CARTESIAN_POINT('',(17.,9.05,-8.80000000001));
#7692=DIRECTION('',(0.,-1.,0.));
#7693=VECTOR('',#7692,2.5);
#7694=LINE('',#7691,#7693);
#7695=EDGE_CURVE('',#6619,#5024,#7694,.T.);
#7696=ORIENTED_EDGE('',*,*,#7695,.T.);
#7697=ORIENTED_EDGE('',*,*,#5030,.F.);
#7698=ORIENTED_EDGE('',*,*,#7678,.F.);
#7699=EDGE_LOOP('',(#7690,#7696,#7697,#7698));
#7700=FACE_OUTER_BOUND('',#7699,.T.);
#7701=ADVANCED_FACE('',(#7700),#7689,.F.);
#7702=CARTESIAN_POINT('',(17.,7.55,-12.80000000001));
#7703=DIRECTION('',(0.,4.4408920985006E-16,-1.));
#7704=DIRECTION('',(-1.,0.,-0.));
#7705=AXIS2_PLACEMENT_3D('',#7702,#7704,#7703);
#7706=PLANE('',#7705);
#7707=ORIENTED_EDGE('',*,*,#6624,.F.);
#7708=ORIENTED_EDGE('',*,*,#7663,.F.);
#7709=ORIENTED_EDGE('',*,*,#5036,.F.);
#7710=ORIENTED_EDGE('',*,*,#7695,.F.);
#7711=EDGE_LOOP('',(#7707,#7708,#7709,#7710));
#7712=FACE_OUTER_BOUND('',#7711,.T.);
#7713=ADVANCED_FACE('',(#7712),#7706,.T.);
#7714=CARTESIAN_POINT('',(12.,9.05,-17.80000000001));
#7715=DIRECTION('',(-0.99999999999982,1.7763568394003E-15,-6.0471128193741E-07));
#7716=DIRECTION('',(0.,-1.,0.));
#7717=AXIS2_PLACEMENT_3D('',#7714,#7716,#7715);
#7718=CYLINDRICAL_SURFACE('',#7717,0.99999999999999);
#7719=ORIENTED_EDGE('',*,*,#6652,.F.);
#7720=CARTESIAN_POINT('',(11.,9.05,-17.80000000001));
#7721=DIRECTION('',(0.,-1.,0.));
#7722=VECTOR('',#7721,2.5);
#7723=LINE('',#7720,#7722);
#7724=EDGE_CURVE('',#6644,#4971,#7723,.T.);
#7725=ORIENTED_EDGE('',*,*,#7724,.T.);
#7726=ORIENTED_EDGE('',*,*,#4977,.F.);
#7727=CARTESIAN_POINT('',(13.,6.55,-17.80000000001));
#7728=DIRECTION('',(0.,1.,0.));
#7729=VECTOR('',#7728,2.5);
#7730=LINE('',#7727,#7729);
#7731=EDGE_CURVE('',#4969,#6646,#7730,.T.);
#7732=ORIENTED_EDGE('',*,*,#7731,.T.);
#7733=EDGE_LOOP('',(#7719,#7725,#7726,#7732));
#7734=FACE_OUTER_BOUND('',#7733,.T.);
#7735=ADVANCED_FACE('',(#7734),#7718,.F.);
#7736=CARTESIAN_POINT('',(11.,7.55,-12.80000000001));
#7737=DIRECTION('',(0.,-3.5527136788005E-16,1.));
#7738=DIRECTION('',(1.,0.,0.));
#7739=AXIS2_PLACEMENT_3D('',#7736,#7738,#7737);
#7740=PLANE('',#7739);
#7741=ORIENTED_EDGE('',*,*,#6675,.F.);
#7742=CARTESIAN_POINT('',(11.,9.05,-7.80000000001));
#7743=DIRECTION('',(0.,-1.,0.));
#7744=VECTOR('',#7743,2.5);
#7745=LINE('',#7742,#7744);
#7746=EDGE_CURVE('',#6663,#4980,#7745,.T.);
#7747=ORIENTED_EDGE('',*,*,#7746,.T.);
#7748=ORIENTED_EDGE('',*,*,#4985,.F.);
#7749=ORIENTED_EDGE('',*,*,#7724,.F.);
#7750=EDGE_LOOP('',(#7741,#7747,#7748,#7749));
#7751=FACE_OUTER_BOUND('',#7750,.T.);
#7752=ADVANCED_FACE('',(#7751),#7740,.T.);
#7753=CARTESIAN_POINT('',(12.,9.05,-7.80000000001));
#7754=DIRECTION('',(0.99999999999982,-3.5527136788006E-15,6.0471128726648E-07));
#7755=DIRECTION('',(0.,-1.,-4.9737991503207E-15));
#7756=AXIS2_PLACEMENT_3D('',#7753,#7755,#7754);
#7757=CYLINDRICAL_SURFACE('',#7756,0.99999999999999);
#7758=ORIENTED_EDGE('',*,*,#6669,.F.);
#7759=CARTESIAN_POINT('',(13.,9.05,-7.80000000001));
#7760=DIRECTION('',(0.,-1.,0.));
#7761=VECTOR('',#7760,2.5);
#7762=LINE('',#7759,#7761);
#7763=EDGE_CURVE('',#6655,#4988,#7762,.T.);
#7764=ORIENTED_EDGE('',*,*,#7763,.T.);
#7765=ORIENTED_EDGE('',*,*,#4994,.F.);
#7766=ORIENTED_EDGE('',*,*,#7746,.F.);
#7767=EDGE_LOOP('',(#7758,#7764,#7765,#7766));
#7768=FACE_OUTER_BOUND('',#7767,.T.);
#7769=ADVANCED_FACE('',(#7768),#7757,.F.);
#7770=CARTESIAN_POINT('',(13.,7.55,-12.80000000001));
#7771=DIRECTION('',(-3.5527136788005E-16,3.5527136788005E-16,-1.));
#7772=DIRECTION('',(-1.,-2.1036290805894E-31,3.5527136788005E-16));
#7773=AXIS2_PLACEMENT_3D('',#7770,#7772,#7771);
#7774=PLANE('',#7773);
#7775=ORIENTED_EDGE('',*,*,#6660,.F.);
#7776=ORIENTED_EDGE('',*,*,#7731,.F.);
#7777=ORIENTED_EDGE('',*,*,#5000,.F.);
#7778=ORIENTED_EDGE('',*,*,#7763,.F.);
#7779=EDGE_LOOP('',(#7775,#7776,#7777,#7778));
#7780=FACE_OUTER_BOUND('',#7779,.T.);
#7781=ADVANCED_FACE('',(#7780),#7774,.T.);
#7782=CARTESIAN_POINT('',(1.,7.55,-12.8));
#7783=DIRECTION('',(-3.2612801348364E-16,4.4408920985006E-16,-1.));
#7784=DIRECTION('',(-1.,1.4802973661669E-16,3.2612801348364E-16));
#7785=AXIS2_PLACEMENT_3D('',#7782,#7784,#7783);
#7786=PLANE('',#7785);
#7787=ORIENTED_EDGE('',*,*,#6795,.F.);
#7788=CARTESIAN_POINT('',(1.,9.05,-20.8));
#7789=DIRECTION('',(-3.9968028886506E-15,-1.,0.));
#7790=VECTOR('',#7789,2.5);
#7791=LINE('',#7788,#7790);
#7792=EDGE_CURVE('',#6788,#4935,#7791,.T.);
#7793=ORIENTED_EDGE('',*,*,#7792,.T.);
#7794=ORIENTED_EDGE('',*,*,#4940,.F.);
#7795=CARTESIAN_POINT('',(1.,6.55,-4.8));
#7796=DIRECTION('',(0.,1.,0.));
#7797=VECTOR('',#7796,2.5);
#7798=LINE('',#7795,#7797);
#7799=EDGE_CURVE('',#4933,#6790,#7798,.T.);
#7800=ORIENTED_EDGE('',*,*,#7799,.T.);
#7801=EDGE_LOOP('',(#7787,#7793,#7794,#7800));
#7802=FACE_OUTER_BOUND('',#7801,.T.);
#7803=ADVANCED_FACE('',(#7802),#7786,.T.);
#7804=CARTESIAN_POINT('',(-1.5543122344752E-15,9.05,-20.8));
#7805=DIRECTION('',(-0.99999999999982,-3.5527136788005E-15,-6.0471129259554E-07));
#7806=DIRECTION('',(-1.7763568394002E-16,-1.,5.6843418860808E-15));
#7807=AXIS2_PLACEMENT_3D('',#7804,#7806,#7805);
#7808=CYLINDRICAL_SURFACE('',#7807,1.);
#7809=ORIENTED_EDGE('',*,*,#6819,.F.);
#7810=CARTESIAN_POINT('',(-1.,9.05,-20.8));
#7811=DIRECTION('',(0.,-1.,0.));
#7812=VECTOR('',#7811,2.5);
#7813=LINE('',#7810,#7812);
#7814=EDGE_CURVE('',#6807,#4943,#7813,.T.);
#7815=ORIENTED_EDGE('',*,*,#7814,.T.);
#7816=ORIENTED_EDGE('',*,*,#4949,.F.);
#7817=ORIENTED_EDGE('',*,*,#7792,.F.);
#7818=EDGE_LOOP('',(#7809,#7815,#7816,#7817));
#7819=FACE_OUTER_BOUND('',#7818,.T.);
#7820=ADVANCED_FACE('',(#7819),#7808,.F.);
#7821=CARTESIAN_POINT('',(-1.,7.55,-12.8));
#7822=DIRECTION('',(3.1225022567583E-16,-4.4408920985006E-16,1.));
#7823=DIRECTION('',(1.,-1.4802973661669E-16,-3.1225022567583E-16));
#7824=AXIS2_PLACEMENT_3D('',#7821,#7823,#7822);
#7825=PLANE('',#7824);
#7826=ORIENTED_EDGE('',*,*,#6812,.F.);
#7827=CARTESIAN_POINT('',(-1.,9.05,-4.8));
#7828=DIRECTION('',(0.,-1.,0.));
#7829=VECTOR('',#7828,2.5);
#7830=LINE('',#7827,#7829);
#7831=EDGE_CURVE('',#6798,#4952,#7830,.T.);
#7832=ORIENTED_EDGE('',*,*,#7831,.T.);
#7833=ORIENTED_EDGE('',*,*,#4957,.F.);
#7834=ORIENTED_EDGE('',*,*,#7814,.F.);
#7835=EDGE_LOOP('',(#7826,#7832,#7833,#7834));
#7836=FACE_OUTER_BOUND('',#7835,.T.);
#7837=ADVANCED_FACE('',(#7836),#7825,.T.);
#7838=CARTESIAN_POINT('',(1.8873791418628E-15,9.05,-4.8));
#7839=DIRECTION('',(0.99999999999982,-1.7763568394003E-15,6.0471128549011E-07));
#7840=DIRECTION('',(-4.4408920985006E-17,-1.,-2.1316282072803E-15));
#7841=AXIS2_PLACEMENT_3D('',#7838,#7840,#7839);
#7842=CYLINDRICAL_SURFACE('',#7841,1.);
#7843=ORIENTED_EDGE('',*,*,#6804,.F.);
#7844=ORIENTED_EDGE('',*,*,#7799,.F.);
#7845=ORIENTED_EDGE('',*,*,#4964,.F.);
#7846=ORIENTED_EDGE('',*,*,#7831,.F.);
#7847=EDGE_LOOP('',(#7843,#7844,#7845,#7846));
#7848=FACE_OUTER_BOUND('',#7847,.T.);
#7849=ADVANCED_FACE('',(#7848),#7842,.F.);
#7850=CARTESIAN_POINT('',(-12.,9.05,-7.80000000001));
#7851=DIRECTION('',(0.99999999999982,0.,6.0471128371376E-07));
#7852=DIRECTION('',(0.,-1.,-4.6185277824406E-15));
#7853=AXIS2_PLACEMENT_3D('',#7850,#7852,#7851);
#7854=CYLINDRICAL_SURFACE('',#7853,1.);
#7855=ORIENTED_EDGE('',*,*,#6940,.F.);
#7856=CARTESIAN_POINT('',(-11.,9.05,-7.80000000001));
#7857=DIRECTION('',(0.,-1.,0.));
#7858=VECTOR('',#7857,2.5);
#7859=LINE('',#7856,#7858);
#7860=EDGE_CURVE('',#6932,#4899,#7859,.T.);
#7861=ORIENTED_EDGE('',*,*,#7860,.T.);
#7862=ORIENTED_EDGE('',*,*,#4905,.F.);
#7863=CARTESIAN_POINT('',(-13.,6.55,-7.80000000001));
#7864=DIRECTION('',(0.,1.,0.));
#7865=VECTOR('',#7864,2.5);
#7866=LINE('',#7863,#7865);
#7867=EDGE_CURVE('',#4897,#6934,#7866,.T.);
#7868=ORIENTED_EDGE('',*,*,#7867,.T.);
#7869=EDGE_LOOP('',(#7855,#7861,#7862,#7868));
#7870=FACE_OUTER_BOUND('',#7869,.T.);
#7871=ADVANCED_FACE('',(#7870),#7854,.F.);
#7872=CARTESIAN_POINT('',(-11.,7.55,-12.80000000001));
#7873=DIRECTION('',(-7.105427357601E-16,3.5527136788005E-16,-1.));
#7874=DIRECTION('',(-1.,-4.2072581611787E-31,7.105427357601E-16));
#7875=AXIS2_PLACEMENT_3D('',#7872,#7874,#7873);
#7876=PLANE('',#7875);
#7877=ORIENTED_EDGE('',*,*,#6963,.F.);
#7878=CARTESIAN_POINT('',(-11.,9.05,-17.80000000001));
#7879=DIRECTION('',(0.,-1.,0.));
#7880=VECTOR('',#7879,2.5);
#7881=LINE('',#7878,#7880);
#7882=EDGE_CURVE('',#6951,#4908,#7881,.T.);
#7883=ORIENTED_EDGE('',*,*,#7882,.T.);
#7884=ORIENTED_EDGE('',*,*,#4913,.F.);
#7885=ORIENTED_EDGE('',*,*,#7860,.F.);
#7886=EDGE_LOOP('',(#7877,#7883,#7884,#7885));
#7887=FACE_OUTER_BOUND('',#7886,.T.);
#7888=ADVANCED_FACE('',(#7887),#7876,.T.);
#7889=CARTESIAN_POINT('',(-12.,9.05,-17.80000000001));
#7890=DIRECTION('',(-0.99999999999982,-1.7763568394003E-15,-6.0471128193741E-07));
#7891=DIRECTION('',(0.,-1.,2.8421709430404E-15));
#7892=AXIS2_PLACEMENT_3D('',#7889,#7891,#7890);
#7893=CYLINDRICAL_SURFACE('',#7892,0.99999999999999);
#7894=ORIENTED_EDGE('',*,*,#6957,.F.);
#7895=CARTESIAN_POINT('',(-13.,9.05,-17.80000000001));
#7896=DIRECTION('',(0.,-1.,0.));
#7897=VECTOR('',#7896,2.5);
#7898=LINE('',#7895,#7897);
#7899=EDGE_CURVE('',#6943,#4916,#7898,.T.);
#7900=ORIENTED_EDGE('',*,*,#7899,.T.);
#7901=ORIENTED_EDGE('',*,*,#4922,.F.);
#7902=ORIENTED_EDGE('',*,*,#7882,.F.);
#7903=EDGE_LOOP('',(#7894,#7900,#7901,#7902));
#7904=FACE_OUTER_BOUND('',#7903,.T.);
#7905=ADVANCED_FACE('',(#7904),#7893,.F.);
#7906=CARTESIAN_POINT('',(-13.,7.55,-12.80000000001));
#7907=DIRECTION('',(7.105427357601E-16,-3.5527136788005E-16,1.));
#7908=DIRECTION('',(1.,0.,-7.105427357601E-16));
#7909=AXIS2_PLACEMENT_3D('',#7906,#7908,#7907);
#7910=PLANE('',#7909);
#7911=ORIENTED_EDGE('',*,*,#6948,.F.);
#7912=ORIENTED_EDGE('',*,*,#7867,.F.);
#7913=ORIENTED_EDGE('',*,*,#4928,.F.);
#7914=ORIENTED_EDGE('',*,*,#7899,.F.);
#7915=EDGE_LOOP('',(#7911,#7912,#7913,#7914));
#7916=FACE_OUTER_BOUND('',#7915,.T.);
#7917=ADVANCED_FACE('',(#7916),#7910,.T.);
#7918=CARTESIAN_POINT('',(19.,7.55,-12.80000000001));
#7919=DIRECTION('',(0.,-2.9605947323338E-16,1.));
#7920=DIRECTION('',(1.,0.,0.));
#7921=AXIS2_PLACEMENT_3D('',#7918,#7920,#7919);
#7922=PLANE('',#7921);
#7923=ORIENTED_EDGE('',*,*,#6747,.F.);
#7924=CARTESIAN_POINT('',(19.,9.05,-9.80000000001));
#7925=DIRECTION('',(0.,-1.,0.));
#7926=VECTOR('',#7925,2.5);
#7927=LINE('',#7924,#7926);
#7928=EDGE_CURVE('',#6735,#4863,#7927,.T.);
#7929=ORIENTED_EDGE('',*,*,#7928,.T.);
#7930=ORIENTED_EDGE('',*,*,#4868,.F.);
#7931=CARTESIAN_POINT('',(19.,6.55,-15.80000000001));
#7932=DIRECTION('',(0.,1.,0.));
#7933=VECTOR('',#7932,2.5);
#7934=LINE('',#7931,#7933);
#7935=EDGE_CURVE('',#4861,#6716,#7934,.T.);
#7936=ORIENTED_EDGE('',*,*,#7935,.T.);
#7937=EDGE_LOOP('',(#7923,#7929,#7930,#7936));
#7938=FACE_OUTER_BOUND('',#7937,.T.);
#7939=ADVANCED_FACE('',(#7938),#7922,.T.);
#7940=CARTESIAN_POINT('',(20.,9.05,-9.80000000001));
#7941=DIRECTION('',(0.99999999999982,0.,6.0471130325367E-07));
#7942=DIRECTION('',(0.,-1.,-4.9737991503207E-15));
#7943=AXIS2_PLACEMENT_3D('',#7940,#7942,#7941);
#7944=CYLINDRICAL_SURFACE('',#7943,1.);
#7945=ORIENTED_EDGE('',*,*,#6741,.F.);
#7946=CARTESIAN_POINT('',(21.,9.05,-9.80000000001));
#7947=DIRECTION('',(0.,-1.,0.));
#7948=VECTOR('',#7947,2.5);
#7949=LINE('',#7946,#7948);
#7950=EDGE_CURVE('',#6727,#4871,#7949,.T.);
#7951=ORIENTED_EDGE('',*,*,#7950,.T.);
#7952=ORIENTED_EDGE('',*,*,#4877,.F.);
#7953=ORIENTED_EDGE('',*,*,#7928,.F.);
#7954=EDGE_LOOP('',(#7945,#7951,#7952,#7953));
#7955=FACE_OUTER_BOUND('',#7954,.T.);
#7956=ADVANCED_FACE('',(#7955),#7944,.F.);
#7957=CARTESIAN_POINT('',(21.,7.55,-12.80000000001));
#7958=DIRECTION('',(0.,2.9605947323338E-16,-1.));
#7959=DIRECTION('',(-1.,0.,-0.));
#7960=AXIS2_PLACEMENT_3D('',#7957,#7959,#7958);
#7961=PLANE('',#7960);
#7962=ORIENTED_EDGE('',*,*,#6732,.F.);
#7963=CARTESIAN_POINT('',(21.,9.05,-15.80000000001));
#7964=DIRECTION('',(0.,-1.,0.));
#7965=VECTOR('',#7964,2.5);
#7966=LINE('',#7963,#7965);
#7967=EDGE_CURVE('',#6718,#4880,#7966,.T.);
#7968=ORIENTED_EDGE('',*,*,#7967,.T.);
#7969=ORIENTED_EDGE('',*,*,#4885,.F.);
#7970=ORIENTED_EDGE('',*,*,#7950,.F.);
#7971=EDGE_LOOP('',(#7962,#7968,#7969,#7970));
#7972=FACE_OUTER_BOUND('',#7971,.T.);
#7973=ADVANCED_FACE('',(#7972),#7961,.T.);
#7974=CARTESIAN_POINT('',(20.,9.05,-15.80000000001));
#7975=DIRECTION('',(-0.99999999999982,3.5527136788005E-15,-6.0471128016104E-07));
#7976=DIRECTION('',(-2.8421709430404E-15,-1.,0.));
#7977=AXIS2_PLACEMENT_3D('',#7974,#7976,#7975);
#7978=CYLINDRICAL_SURFACE('',#7977,0.99999999999999);
#7979=ORIENTED_EDGE('',*,*,#6724,.F.);
#7980=ORIENTED_EDGE('',*,*,#7935,.F.);
#7981=ORIENTED_EDGE('',*,*,#4892,.F.);
#7982=ORIENTED_EDGE('',*,*,#7967,.F.);
#7983=EDGE_LOOP('',(#7979,#7980,#7981,#7982));
#7984=FACE_OUTER_BOUND('',#7983,.T.);
#7985=ADVANCED_FACE('',(#7984),#7978,.F.);
#7986=CARTESIAN_POINT('',(4.,9.05,-19.80000000001));
#7987=DIRECTION('',(-0.99999999999982,3.5527136788005E-15,-6.047112819374E-07));
#7988=DIRECTION('',(-3.5527136788005E-16,-1.,0.));
#7989=AXIS2_PLACEMENT_3D('',#7986,#7988,#7987);
#7990=CYLINDRICAL_SURFACE('',#7989,0.99999999999999);
#7991=ORIENTED_EDGE('',*,*,#6603,.F.);
#7992=CARTESIAN_POINT('',(3.,9.05,-19.80000000001));
#7993=DIRECTION('',(0.,-1.,0.));
#7994=VECTOR('',#7993,2.5);
#7995=LINE('',#7992,#7994);
#7996=EDGE_CURVE('',#6591,#4827,#7995,.T.);
#7997=ORIENTED_EDGE('',*,*,#7996,.T.);
#7998=ORIENTED_EDGE('',*,*,#4833,.F.);
#7999=CARTESIAN_POINT('',(5.,6.55,-19.80000000001));
#8000=DIRECTION('',(0.,1.,0.));
#8001=VECTOR('',#8000,2.5);
#8002=LINE('',#7999,#8001);
#8003=EDGE_CURVE('',#4825,#6572,#8002,.T.);
#8004=ORIENTED_EDGE('',*,*,#8003,.T.);
#8005=EDGE_LOOP('',(#7991,#7997,#7998,#8004));
#8006=FACE_OUTER_BOUND('',#8005,.T.);
#8007=ADVANCED_FACE('',(#8006),#7990,.F.);
#8008=CARTESIAN_POINT('',(3.,7.55,-12.80000000001));
#8009=DIRECTION('',(9.5161973539299E-17,-3.806478941572E-16,1.));
#8010=DIRECTION('',(1.,-1.4802973661669E-16,-9.5161973539299E-17));
#8011=AXIS2_PLACEMENT_3D('',#8008,#8010,#8009);
#8012=PLANE('',#8011);
#8013=ORIENTED_EDGE('',*,*,#6596,.F.);
#8014=CARTESIAN_POINT('',(3.,9.05,-5.80000000001));
#8015=DIRECTION('',(0.,-1.,0.));
#8016=VECTOR('',#8015,2.5);
#8017=LINE('',#8014,#8016);
#8018=EDGE_CURVE('',#6582,#4836,#8017,.T.);
#8019=ORIENTED_EDGE('',*,*,#8018,.T.);
#8020=ORIENTED_EDGE('',*,*,#4841,.F.);
#8021=ORIENTED_EDGE('',*,*,#7996,.F.);
#8022=EDGE_LOOP('',(#8013,#8019,#8020,#8021));
#8023=FACE_OUTER_BOUND('',#8022,.T.);
#8024=ADVANCED_FACE('',(#8023),#8012,.T.);
#8025=CARTESIAN_POINT('',(4.,9.05,-5.80000000001));
#8026=DIRECTION('',(0.99999999999982,-1.7763568394003E-15,6.0471129348372E-07));
#8027=DIRECTION('',(0.,-1.,-4.9737991503207E-15));
#8028=AXIS2_PLACEMENT_3D('',#8025,#8027,#8026);
#8029=CYLINDRICAL_SURFACE('',#8028,1.);
#8030=ORIENTED_EDGE('',*,*,#6588,.F.);
#8031=CARTESIAN_POINT('',(5.,9.05,-5.80000000001));
#8032=DIRECTION('',(0.,-1.,0.));
#8033=VECTOR('',#8032,2.5);
#8034=LINE('',#8031,#8033);
#8035=EDGE_CURVE('',#6574,#4844,#8034,.T.);
#8036=ORIENTED_EDGE('',*,*,#8035,.T.);
#8037=ORIENTED_EDGE('',*,*,#4850,.F.);
#8038=ORIENTED_EDGE('',*,*,#8018,.F.);
#8039=EDGE_LOOP('',(#8030,#8036,#8037,#8038));
#8040=FACE_OUTER_BOUND('',#8039,.T.);
#8041=ADVANCED_FACE('',(#8040),#8029,.F.);
#8042=CARTESIAN_POINT('',(5.,7.55,-12.80000000001));
#8043=DIRECTION('',(0.,3.806478941572E-16,-1.));
#8044=DIRECTION('',(-1.,0.,-0.));
#8045=AXIS2_PLACEMENT_3D('',#8042,#8044,#8043);
#8046=PLANE('',#8045);
#8047=ORIENTED_EDGE('',*,*,#6579,.F.);
#8048=ORIENTED_EDGE('',*,*,#8003,.F.);
#8049=ORIENTED_EDGE('',*,*,#4856,.F.);
#8050=ORIENTED_EDGE('',*,*,#8035,.F.);
#8051=EDGE_LOOP('',(#8047,#8048,#8049,#8050));
#8052=FACE_OUTER_BOUND('',#8051,.T.);
#8053=ADVANCED_FACE('',(#8052),#8046,.T.);
#8054=CARTESIAN_POINT('',(-8.,9.05,-6.80000000001));
#8055=DIRECTION('',(0.99999999999982,-3.5527136788005E-15,6.047112943719E-07));
#8056=DIRECTION('',(0.,-1.,-4.6185277824406E-15));
#8057=AXIS2_PLACEMENT_3D('',#8054,#8056,#8055);
#8058=CYLINDRICAL_SURFACE('',#8057,1.);
#8059=ORIENTED_EDGE('',*,*,#6891,.F.);
#8060=CARTESIAN_POINT('',(-7.,9.05,-6.80000000001));
#8061=DIRECTION('',(0.,-1.,0.));
#8062=VECTOR('',#8061,2.5);
#8063=LINE('',#8060,#8062);
#8064=EDGE_CURVE('',#6879,#4791,#8063,.T.);
#8065=ORIENTED_EDGE('',*,*,#8064,.T.);
#8066=ORIENTED_EDGE('',*,*,#4797,.F.);
#8067=CARTESIAN_POINT('',(-9.,6.55,-6.80000000001));
#8068=DIRECTION('',(0.,1.,0.));
#8069=VECTOR('',#8068,2.5);
#8070=LINE('',#8067,#8069);
#8071=EDGE_CURVE('',#4789,#6860,#8070,.T.);
#8072=ORIENTED_EDGE('',*,*,#8071,.T.);
#8073=EDGE_LOOP('',(#8059,#8065,#8066,#8072));
#8074=FACE_OUTER_BOUND('',#8073,.T.);
#8075=ADVANCED_FACE('',(#8074),#8058,.F.);
#8076=CARTESIAN_POINT('',(-7.,7.55,-12.80000000001));
#8077=DIRECTION('',(-4.4408920985006E-16,4.4408920985006E-16,-1.));
#8078=DIRECTION('',(-1.,-2.6295363507367E-31,4.4408920985006E-16));
#8079=AXIS2_PLACEMENT_3D('',#8076,#8078,#8077);
#8080=PLANE('',#8079);
#8081=ORIENTED_EDGE('',*,*,#6884,.F.);
#8082=CARTESIAN_POINT('',(-7.,9.05,-18.80000000001));
#8083=DIRECTION('',(0.,-1.,0.));
#8084=VECTOR('',#8083,2.5);
#8085=LINE('',#8082,#8084);
#8086=EDGE_CURVE('',#6870,#4800,#8085,.T.);
#8087=ORIENTED_EDGE('',*,*,#8086,.T.);
#8088=ORIENTED_EDGE('',*,*,#4805,.F.);
#8089=ORIENTED_EDGE('',*,*,#8064,.F.);
#8090=EDGE_LOOP('',(#8081,#8087,#8088,#8089));
#8091=FACE_OUTER_BOUND('',#8090,.T.);
#8092=ADVANCED_FACE('',(#8091),#8080,.T.);
#8093=CARTESIAN_POINT('',(-8.,9.05,-18.80000000001));
#8094=DIRECTION('',(-0.99999999999982,-1.7763568394003E-15,-6.0471127127926E-07));
#8095=DIRECTION('',(-7.105427357601E-16,-1.,0.));
#8096=AXIS2_PLACEMENT_3D('',#8093,#8095,#8094);
#8097=CYLINDRICAL_SURFACE('',#8096,0.99999999999999);
#8098=ORIENTED_EDGE('',*,*,#6876,.F.);
#8099=CARTESIAN_POINT('',(-9.,9.05,-18.80000000001));
#8100=DIRECTION('',(0.,-1.,0.));
#8101=VECTOR('',#8100,2.5);
#8102=LINE('',#8099,#8101);
#8103=EDGE_CURVE('',#6862,#4808,#8102,.T.);
#8104=ORIENTED_EDGE('',*,*,#8103,.T.);
#8105=ORIENTED_EDGE('',*,*,#4814,.F.);
#8106=ORIENTED_EDGE('',*,*,#8086,.F.);
#8107=EDGE_LOOP('',(#8098,#8104,#8105,#8106));
#8108=FACE_OUTER_BOUND('',#8107,.T.);
#8109=ADVANCED_FACE('',(#8108),#8097,.F.);
#8110=CARTESIAN_POINT('',(-9.,7.55,-12.80000000001));
#8111=DIRECTION('',(5.9211894646675E-16,-4.4408920985006E-16,1.));
#8112=DIRECTION('',(1.,0.,-5.9211894646675E-16));
#8113=AXIS2_PLACEMENT_3D('',#8110,#8112,#8111);
#8114=PLANE('',#8113);
#8115=ORIENTED_EDGE('',*,*,#6867,.F.);
#8116=ORIENTED_EDGE('',*,*,#8071,.F.);
#8117=ORIENTED_EDGE('',*,*,#4820,.F.);
#8118=ORIENTED_EDGE('',*,*,#8103,.F.);
#8119=EDGE_LOOP('',(#8115,#8116,#8117,#8118));
#8120=FACE_OUTER_BOUND('',#8119,.T.);
#8121=ADVANCED_FACE('',(#8120),#8114,.T.);
#8122=CARTESIAN_POINT('',(-3.,7.55,-12.80000000001));
#8123=DIRECTION('',(-5.3925118338936E-16,3.806478941572E-16,-1.));
#8124=DIRECTION('',(-1.,1.4802973661669E-16,5.3925118338936E-16));
#8125=AXIS2_PLACEMENT_3D('',#8122,#8124,#8123);
#8126=PLANE('',#8125);
#8127=ORIENTED_EDGE('',*,*,#6999,.F.);
#8128=CARTESIAN_POINT('',(-3.,9.05,-19.80000000001));
#8129=DIRECTION('',(0.,-1.,0.));
#8130=VECTOR('',#8129,2.5);
#8131=LINE('',#8128,#8130);
#8132=EDGE_CURVE('',#6987,#4755,#8131,.T.);
#8133=ORIENTED_EDGE('',*,*,#8132,.T.);
#8134=ORIENTED_EDGE('',*,*,#4760,.F.);
#8135=CARTESIAN_POINT('',(-3.,6.55,-5.80000000001));
#8136=DIRECTION('',(0.,1.,0.));
#8137=VECTOR('',#8136,2.5);
#8138=LINE('',#8135,#8137);
#8139=EDGE_CURVE('',#4753,#6968,#8138,.T.);
#8140=ORIENTED_EDGE('',*,*,#8139,.T.);
#8141=EDGE_LOOP('',(#8127,#8133,#8134,#8140));
#8142=FACE_OUTER_BOUND('',#8141,.T.);
#8143=ADVANCED_FACE('',(#8142),#8126,.T.);
#8144=CARTESIAN_POINT('',(-4.,9.05,-19.80000000001));
#8145=DIRECTION('',(-0.99999999999982,-1.7763568394003E-15,-6.0471128904283E-07));
#8146=DIRECTION('',(0.,-1.,1.4210854715202E-15));
#8147=AXIS2_PLACEMENT_3D('',#8144,#8146,#8145);
#8148=CYLINDRICAL_SURFACE('',#8147,1.);
#8149=ORIENTED_EDGE('',*,*,#6993,.F.);
#8150=CARTESIAN_POINT('',(-5.,9.05,-19.80000000001));
#8151=DIRECTION('',(0.,-1.,0.));
#8152=VECTOR('',#8151,2.5);
#8153=LINE('',#8150,#8152);
#8154=EDGE_CURVE('',#6979,#4763,#8153,.T.);
#8155=ORIENTED_EDGE('',*,*,#8154,.T.);
#8156=ORIENTED_EDGE('',*,*,#4769,.F.);
#8157=ORIENTED_EDGE('',*,*,#8132,.F.);
#8158=EDGE_LOOP('',(#8149,#8155,#8156,#8157));
#8159=FACE_OUTER_BOUND('',#8158,.T.);
#8160=ADVANCED_FACE('',(#8159),#8148,.F.);
#8161=CARTESIAN_POINT('',(-5.,7.55,-12.80000000001));
#8162=DIRECTION('',(6.3441315692866E-16,-3.806478941572E-16,1.));
#8163=DIRECTION('',(1.,0.,-6.3441315692866E-16));
#8164=AXIS2_PLACEMENT_3D('',#8161,#8163,#8162);
#8165=PLANE('',#8164);
#8166=ORIENTED_EDGE('',*,*,#6984,.F.);
#8167=CARTESIAN_POINT('',(-5.,9.05,-5.80000000001));
#8168=DIRECTION('',(0.,-1.,0.));
#8169=VECTOR('',#8168,2.5);
#8170=LINE('',#8167,#8169);
#8171=EDGE_CURVE('',#6970,#4772,#8170,.T.);
#8172=ORIENTED_EDGE('',*,*,#8171,.T.);
#8173=ORIENTED_EDGE('',*,*,#4777,.F.);
#8174=ORIENTED_EDGE('',*,*,#8154,.F.);
#8175=EDGE_LOOP('',(#8166,#8172,#8173,#8174));
#8176=FACE_OUTER_BOUND('',#8175,.T.);
#8177=ADVANCED_FACE('',(#8176),#8165,.T.);
#8178=CARTESIAN_POINT('',(-4.,9.05,-5.80000000001));
#8179=DIRECTION('',(0.99999999999982,0.,6.0471128460193E-07));
#8180=DIRECTION('',(0.,-1.,-1.4210854715202E-15));
#8181=AXIS2_PLACEMENT_3D('',#8178,#8180,#8179);
#8182=CYLINDRICAL_SURFACE('',#8181,1.);
#8183=ORIENTED_EDGE('',*,*,#6976,.F.);
#8184=ORIENTED_EDGE('',*,*,#8139,.F.);
#8185=ORIENTED_EDGE('',*,*,#4784,.F.);
#8186=ORIENTED_EDGE('',*,*,#8171,.F.);
#8187=EDGE_LOOP('',(#8183,#8184,#8185,#8186));
#8188=FACE_OUTER_BOUND('',#8187,.T.);
#8189=ADVANCED_FACE('',(#8188),#8182,.F.);
#8190=CARTESIAN_POINT('',(-16.,9.05,-16.80000000001));
#8191=DIRECTION('',(-0.99999999999982,-3.5527136788005E-15,-6.0471129259553E-07));
#8192=DIRECTION('',(0.,-1.,1.4210854715202E-15));
#8193=AXIS2_PLACEMENT_3D('',#8190,#8192,#8191);
#8194=CYLINDRICAL_SURFACE('',#8193,1.);
#8195=ORIENTED_EDGE('',*,*,#6855,.F.);
#8196=CARTESIAN_POINT('',(-17.,9.05,-16.80000000001));
#8197=DIRECTION('',(0.,-1.,0.));
#8198=VECTOR('',#8197,2.5);
#8199=LINE('',#8196,#8198);
#8200=EDGE_CURVE('',#6843,#4719,#8199,.T.);
#8201=ORIENTED_EDGE('',*,*,#8200,.T.);
#8202=ORIENTED_EDGE('',*,*,#4725,.F.);
#8203=CARTESIAN_POINT('',(-15.,6.55,-16.80000000001));
#8204=DIRECTION('',(0.,1.,0.));
#8205=VECTOR('',#8204,2.5);
#8206=LINE('',#8203,#8205);
#8207=EDGE_CURVE('',#4717,#6824,#8206,.T.);
#8208=ORIENTED_EDGE('',*,*,#8207,.T.);
#8209=EDGE_LOOP('',(#8195,#8201,#8202,#8208));
#8210=FACE_OUTER_BOUND('',#8209,.T.);
#8211=ADVANCED_FACE('',(#8210),#8194,.F.);
#8212=CARTESIAN_POINT('',(-17.,7.55,-12.80000000001));
#8213=DIRECTION('',(1.7763568394002E-15,-4.4408920985006E-16,1.));
#8214=DIRECTION('',(1.,0.,-1.7763568394002E-15));
#8215=AXIS2_PLACEMENT_3D('',#8212,#8214,#8213);
#8216=PLANE('',#8215);
#8217=ORIENTED_EDGE('',*,*,#6848,.F.);
#8218=CARTESIAN_POINT('',(-17.,9.05,-8.80000000001));
#8219=DIRECTION('',(0.,-1.,0.));
#8220=VECTOR('',#8219,2.5);
#8221=LINE('',#8218,#8220);
#8222=EDGE_CURVE('',#6834,#4728,#8221,.T.);
#8223=ORIENTED_EDGE('',*,*,#8222,.T.);
#8224=ORIENTED_EDGE('',*,*,#4733,.F.);
#8225=ORIENTED_EDGE('',*,*,#8200,.F.);
#8226=EDGE_LOOP('',(#8217,#8223,#8224,#8225));
#8227=FACE_OUTER_BOUND('',#8226,.T.);
#8228=ADVANCED_FACE('',(#8227),#8216,.T.);
#8229=CARTESIAN_POINT('',(-16.,9.05,-8.80000000001));
#8230=DIRECTION('',(0.99999999999982,-1.7763568394003E-15,6.0471129259554E-07));
#8231=DIRECTION('',(0.,-1.,-6.3948846218409E-15));
#8232=AXIS2_PLACEMENT_3D('',#8229,#8231,#8230);
#8233=CYLINDRICAL_SURFACE('',#8232,0.99999999999999);
#8234=ORIENTED_EDGE('',*,*,#6840,.F.);
#8235=CARTESIAN_POINT('',(-15.,9.05,-8.80000000001));
#8236=DIRECTION('',(0.,-1.,0.));
#8237=VECTOR('',#8236,2.5);
#8238=LINE('',#8235,#8237);
#8239=EDGE_CURVE('',#6826,#4736,#8238,.T.);
#8240=ORIENTED_EDGE('',*,*,#8239,.T.);
#8241=ORIENTED_EDGE('',*,*,#4742,.F.);
#8242=ORIENTED_EDGE('',*,*,#8222,.F.);
#8243=EDGE_LOOP('',(#8234,#8240,#8241,#8242));
#8244=FACE_OUTER_BOUND('',#8243,.T.);
#8245=ADVANCED_FACE('',(#8244),#8233,.F.);
#8246=CARTESIAN_POINT('',(-15.,7.55,-12.80000000001));
#8247=DIRECTION('',(-4.4408920985006E-16,4.4408920985006E-16,-1.));
#8248=DIRECTION('',(-1.,-2.6295363507367E-31,4.4408920985006E-16));
#8249=AXIS2_PLACEMENT_3D('',#8246,#8248,#8247);
#8250=PLANE('',#8249);
#8251=ORIENTED_EDGE('',*,*,#6831,.F.);
#8252=ORIENTED_EDGE('',*,*,#8207,.F.);
#8253=ORIENTED_EDGE('',*,*,#4748,.F.);
#8254=ORIENTED_EDGE('',*,*,#8239,.F.);
#8255=EDGE_LOOP('',(#8251,#8252,#8253,#8254));
#8256=FACE_OUTER_BOUND('',#8255,.T.);
#8257=ADVANCED_FACE('',(#8256),#8250,.T.);
#8258=CARTESIAN_POINT('',(24.199905395508,9.05,-14.80000000001));
#8259=DIRECTION('',(-0.99999999999982,-1.7763568394003E-15,-6.0471128371376E-07));
#8260=DIRECTION('',(0.,-1.,7.105427357601E-16));
#8261=AXIS2_PLACEMENT_3D('',#8258,#8260,#8259);
#8262=CYLINDRICAL_SURFACE('',#8261,0.99999999999999);
#8263=ORIENTED_EDGE('',*,*,#6711,.F.);
#8264=CARTESIAN_POINT('',(23.199905395508,9.05,-14.80000000001));
#8265=DIRECTION('',(0.,-1.,0.));
#8266=VECTOR('',#8265,2.5);
#8267=LINE('',#8264,#8266);
#8268=EDGE_CURVE('',#6699,#4683,#8267,.T.);
#8269=ORIENTED_EDGE('',*,*,#8268,.T.);
#8270=ORIENTED_EDGE('',*,*,#4689,.F.);
#8271=CARTESIAN_POINT('',(25.199905395508,6.55,-14.80000000001));
#8272=DIRECTION('',(0.,1.,0.));
#8273=VECTOR('',#8272,2.5);
#8274=LINE('',#8271,#8273);
#8275=EDGE_CURVE('',#4681,#6680,#8274,.T.);
#8276=ORIENTED_EDGE('',*,*,#8275,.T.);
#8277=EDGE_LOOP('',(#8263,#8269,#8270,#8276));
#8278=FACE_OUTER_BOUND('',#8277,.T.);
#8279=ADVANCED_FACE('',(#8278),#8262,.F.);
#8280=CARTESIAN_POINT('',(23.199905395508,7.55,-12.80000000001));
#8281=DIRECTION('',(0.,-4.4408920985006E-16,1.));
#8282=DIRECTION('',(1.,0.,0.));
#8283=AXIS2_PLACEMENT_3D('',#8280,#8282,#8281);
#8284=PLANE('',#8283);
#8285=ORIENTED_EDGE('',*,*,#6704,.F.);
#8286=CARTESIAN_POINT('',(23.199905395508,9.05,-10.80000000001));
#8287=DIRECTION('',(0.,-1.,0.));
#8288=VECTOR('',#8287,2.5);
#8289=LINE('',#8286,#8288);
#8290=EDGE_CURVE('',#6690,#4692,#8289,.T.);
#8291=ORIENTED_EDGE('',*,*,#8290,.T.);
#8292=ORIENTED_EDGE('',*,*,#4697,.F.);
#8293=ORIENTED_EDGE('',*,*,#8268,.F.);
#8294=EDGE_LOOP('',(#8285,#8291,#8292,#8293));
#8295=FACE_OUTER_BOUND('',#8294,.T.);
#8296=ADVANCED_FACE('',(#8295),#8284,.T.);
#8297=CARTESIAN_POINT('',(24.199905395508,9.05,-10.80000000001));
#8298=DIRECTION('',(0.99999999999982,-1.7763568394002E-15,6.0471128904282E-07));
#8299=DIRECTION('',(0.,-1.,-2.8421709430404E-15));
#8300=AXIS2_PLACEMENT_3D('',#8297,#8299,#8298);
#8301=CYLINDRICAL_SURFACE('',#8300,1.);
#8302=ORIENTED_EDGE('',*,*,#6696,.F.);
#8303=CARTESIAN_POINT('',(25.199905395508,9.05,-10.80000000001));
#8304=DIRECTION('',(0.,-1.,0.));
#8305=VECTOR('',#8304,2.5);
#8306=LINE('',#8303,#8305);
#8307=EDGE_CURVE('',#6682,#4700,#8306,.T.);
#8308=ORIENTED_EDGE('',*,*,#8307,.T.);
#8309=ORIENTED_EDGE('',*,*,#4706,.F.);
#8310=ORIENTED_EDGE('',*,*,#8290,.F.);
#8311=EDGE_LOOP('',(#8302,#8308,#8309,#8310));
#8312=FACE_OUTER_BOUND('',#8311,.T.);
#8313=ADVANCED_FACE('',(#8312),#8301,.F.);
#8314=CARTESIAN_POINT('',(25.199905395508,7.55,-12.80000000001));
#8315=DIRECTION('',(0.,4.4408920985006E-16,-1.));
#8316=DIRECTION('',(-1.,0.,-0.));
#8317=AXIS2_PLACEMENT_3D('',#8314,#8316,#8315);
#8318=PLANE('',#8317);
#8319=ORIENTED_EDGE('',*,*,#6687,.F.);
#8320=ORIENTED_EDGE('',*,*,#8275,.F.);
#8321=ORIENTED_EDGE('',*,*,#4712,.F.);
#8322=ORIENTED_EDGE('',*,*,#8307,.F.);
#8323=EDGE_LOOP('',(#8319,#8320,#8321,#8322));
#8324=FACE_OUTER_BOUND('',#8323,.T.);
#8325=ADVANCED_FACE('',(#8324),#8318,.T.);
#8326=CARTESIAN_POINT('',(8.,9.05,-6.80000000001));
#8327=DIRECTION('',(0.99999999999982,-1.7763568394003E-15,6.0471129170736E-07));
#8328=DIRECTION('',(0.,-1.,-4.9737991503207E-15));
#8329=AXIS2_PLACEMENT_3D('',#8326,#8328,#8327);
#8330=CYLINDRICAL_SURFACE('',#8329,1.);
#8331=ORIENTED_EDGE('',*,*,#6567,.F.);
#8332=CARTESIAN_POINT('',(9.,9.05,-6.80000000001));
#8333=DIRECTION('',(0.,-1.,0.));
#8334=VECTOR('',#8333,2.5);
#8335=LINE('',#8332,#8334);
#8336=EDGE_CURVE('',#6555,#4647,#8335,.T.);
#8337=ORIENTED_EDGE('',*,*,#8336,.T.);
#8338=ORIENTED_EDGE('',*,*,#4653,.F.);
#8339=CARTESIAN_POINT('',(7.,6.55,-6.80000000001));
#8340=DIRECTION('',(0.,1.,0.));
#8341=VECTOR('',#8340,2.5);
#8342=LINE('',#8339,#8341);
#8343=EDGE_CURVE('',#4645,#6536,#8342,.T.);
#8344=ORIENTED_EDGE('',*,*,#8343,.T.);
#8345=EDGE_LOOP('',(#8331,#8337,#8338,#8344));
#8346=FACE_OUTER_BOUND('',#8345,.T.);
#8347=ADVANCED_FACE('',(#8346),#8330,.F.);
#8348=CARTESIAN_POINT('',(9.,7.55,-12.80000000001));
#8349=DIRECTION('',(0.,4.4408920985006E-16,-1.));
#8350=DIRECTION('',(-1.,0.,-0.));
#8351=AXIS2_PLACEMENT_3D('',#8348,#8350,#8349);
#8352=PLANE('',#8351);
#8353=ORIENTED_EDGE('',*,*,#6560,.F.);
#8354=CARTESIAN_POINT('',(9.,9.05,-18.80000000001));
#8355=DIRECTION('',(0.,-1.,0.));
#8356=VECTOR('',#8355,2.5);
#8357=LINE('',#8354,#8356);
#8358=EDGE_CURVE('',#6546,#4656,#8357,.T.);
#8359=ORIENTED_EDGE('',*,*,#8358,.T.);
#8360=ORIENTED_EDGE('',*,*,#4661,.F.);
#8361=ORIENTED_EDGE('',*,*,#8336,.F.);
#8362=EDGE_LOOP('',(#8353,#8359,#8360,#8361));
#8363=FACE_OUTER_BOUND('',#8362,.T.);
#8364=ADVANCED_FACE('',(#8363),#8352,.T.);
#8365=CARTESIAN_POINT('',(8.,9.05,-18.80000000001));
#8366=DIRECTION('',(-0.99999999999982,1.7763568394003E-15,-6.047112819374E-07));
#8367=DIRECTION('',(0.,-1.,0.));
#8368=AXIS2_PLACEMENT_3D('',#8365,#8367,#8366);
#8369=CYLINDRICAL_SURFACE('',#8368,1.);
#8370=ORIENTED_EDGE('',*,*,#6552,.F.);
#8371=CARTESIAN_POINT('',(7.,9.05,-18.80000000001));
#8372=DIRECTION('',(0.,-1.,0.));
#8373=VECTOR('',#8372,2.5);
#8374=LINE('',#8371,#8373);
#8375=EDGE_CURVE('',#6538,#4664,#8374,.T.);
#8376=ORIENTED_EDGE('',*,*,#8375,.T.);
#8377=ORIENTED_EDGE('',*,*,#4670,.F.);
#8378=ORIENTED_EDGE('',*,*,#8358,.F.);
#8379=EDGE_LOOP('',(#8370,#8376,#8377,#8378));
#8380=FACE_OUTER_BOUND('',#8379,.T.);
#8381=ADVANCED_FACE('',(#8380),#8369,.F.);
#8382=CARTESIAN_POINT('',(7.,7.55,-12.80000000001));
#8383=DIRECTION('',(1.4802973661669E-16,-4.4408920985006E-16,1.));
#8384=DIRECTION('',(1.,0.,-1.4802973661669E-16));
#8385=AXIS2_PLACEMENT_3D('',#8382,#8384,#8383);
#8386=PLANE('',#8385);
#8387=ORIENTED_EDGE('',*,*,#6543,.F.);
#8388=ORIENTED_EDGE('',*,*,#8343,.F.);
#8389=ORIENTED_EDGE('',*,*,#4676,.F.);
#8390=ORIENTED_EDGE('',*,*,#8375,.F.);
#8391=EDGE_LOOP('',(#8387,#8388,#8389,#8390));
#8392=FACE_OUTER_BOUND('',#8391,.T.);
#8393=ADVANCED_FACE('',(#8392),#8386,.T.);
#8394=CARTESIAN_POINT('',(43.5,8.85,-12.8));
#8395=DIRECTION('',(1.,-8.0743492700011E-16,-4.8446095620007E-15));
#8396=DIRECTION('',(0.,-1.,-7.723290606088E-16));
#8397=AXIS2_PLACEMENT_3D('',#8394,#8396,#8395);
#8398=CYLINDRICAL_SURFACE('',#8397,2.2);
#8399=CARTESIAN_POINT('',(45.7,8.85,-12.8));
#8400=VERTEX_POINT('',#8399);
#8401=CARTESIAN_POINT('',(43.5,8.85,-12.8));
#8402=DIRECTION('',(1.,-2.3649221475147E-16,-1.3502350651589E-31));
#8403=DIRECTION('',(2.3649221475147E-16,1.,5.7094271224864E-16));
#8404=AXIS2_PLACEMENT_3D('',#8401,#8403,#8402);
#8405=CIRCLE('',#8404,2.2);
#8406=EDGE_CURVE('',#8400,#8400,#8405,.T.);
#8407=ORIENTED_EDGE('',*,*,#8406,.T.);
#8408=CARTESIAN_POINT('',(45.7,8.85,-12.8));
#8409=DIRECTION('',(0.,-1.,0.));
#8410=VECTOR('',#8409,2.3);
#8411=LINE('',#8408,#8410);
#8412=EDGE_CURVE('',#8400,#4634,#8411,.T.);
#8413=ORIENTED_EDGE('',*,*,#8412,.T.);
#8414=ORIENTED_EDGE('',*,*,#4640,.F.);
#8415=ORIENTED_EDGE('',*,*,#8412,.F.);
#8416=EDGE_LOOP('',(#8407,#8413,#8414,#8415));
#8417=FACE_OUTER_BOUND('',#8416,.T.);
#8418=ADVANCED_FACE('',(#8417),#8398,.F.);
#8419=CARTESIAN_POINT('',(30.0000000005,6.55,-12.80000000001));
#8420=DIRECTION('',(-1.,-5.5511151231258E-15,0.));
#8421=DIRECTION('',(0.,1.,0.));
#8422=AXIS2_PLACEMENT_3D('',#8419,#8421,#8420);
#8423=CYLINDRICAL_SURFACE('',#8422,0.8);
#8424=CARTESIAN_POINT('',(29.2000000005,7.25,-12.80000000001));
#8425=VERTEX_POINT('',#8424);
#8426=CARTESIAN_POINT('',(30.0000000005,7.25,-12.80000000001));
#8427=DIRECTION('',(-1.,-1.5700924586838E-15,-3.1401849173676E-15));
#8428=DIRECTION('',(-1.5700924586838E-15,1.,1.5700924586838E-15));
#8429=AXIS2_PLACEMENT_3D('',#8426,#8428,#8427);
#8430=CIRCLE('',#8429,0.79999999999999);
#8431=EDGE_CURVE('',#8425,#8425,#8430,.T.);
#8432=ORIENTED_EDGE('',*,*,#8431,.T.);
#8433=CARTESIAN_POINT('',(29.2000000005,7.25,-12.80000000001));
#8434=DIRECTION('',(0.,-1.,0.));
#8435=VECTOR('',#8434,0.7);
#8436=LINE('',#8433,#8435);
#8437=EDGE_CURVE('',#8425,#4623,#8436,.T.);
#8438=ORIENTED_EDGE('',*,*,#8437,.T.);
#8439=ORIENTED_EDGE('',*,*,#4629,.F.);
#8440=ORIENTED_EDGE('',*,*,#8437,.F.);
#8441=EDGE_LOOP('',(#8432,#8438,#8439,#8440));
#8442=FACE_OUTER_BOUND('',#8441,.T.);
#8443=ADVANCED_FACE('',(#8442),#8423,.F.);
#8444=CARTESIAN_POINT('',(-7.8592309982137E-16,2.1249999145105,-2.4773286119327E-15));
#8445=DIRECTION('',(-1.,1.223226598232E-16,-1.7818574830625E-16));
#8446=DIRECTION('',(-1.7818574830625E-16,-3.4026235093919E-16,1.));
#8447=AXIS2_PLACEMENT_3D('',#8444,#8446,#8445);
#8448=PLANE('',#8447);
#8449=ORIENTED_EDGE('',*,*,#7126,.F.);
#8450=CARTESIAN_POINT('',(-20.2,6.9671572875254,1.9453378806724E-13));
#8451=VERTEX_POINT('',#8450);
#8452=CARTESIAN_POINT('',(-21.782842712475,8.55,-2.1819817709828E-15));
#8453=DIRECTION('',(0.70710678118664,-0.70710678118646,8.7879265401839E-14));
#8454=VECTOR('',#8453,2.2384776310853);
#8455=LINE('',#8452,#8454);
#8456=EDGE_CURVE('',#7115,#8451,#8455,.T.);
#8457=ORIENTED_EDGE('',*,*,#8456,.T.);
#8458=CARTESIAN_POINT('',(-20.2,-2.,1.9857681151729E-13));
#8459=VERTEX_POINT('',#8458);
#8460=CARTESIAN_POINT('',(-20.2,6.9671572875254,1.9453378806724E-13));
#8461=DIRECTION('',(0.,-1.,4.5087013870878E-16));
#8462=VECTOR('',#8461,8.9671572875254);
#8463=LINE('',#8460,#8462);
#8464=EDGE_CURVE('',#8451,#8459,#8463,.T.);
#8465=ORIENTED_EDGE('',*,*,#8464,.T.);
#8466=CARTESIAN_POINT('',(-18.,-4.2,1.9857681151729E-13));
#8467=VERTEX_POINT('',#8466);
#8468=CARTESIAN_POINT('',(-18.,-2.,1.9857681151729E-13));
#8469=DIRECTION('',(-1.,4.0371746350006E-16,-2.2948680879157E-29));
#8470=DIRECTION('',(-2.7701508308516E-29,-2.7701508308516E-29,1.));
#8471=AXIS2_PLACEMENT_3D('',#8468,#8470,#8469);
#8472=CIRCLE('',#8471,2.2);
#8473=EDGE_CURVE('',#8459,#8467,#8472,.T.);
#8474=ORIENTED_EDGE('',*,*,#8473,.T.);
#8475=CARTESIAN_POINT('',(18.,-4.2,1.9857681151729E-13));
#8476=VERTEX_POINT('',#8475);
#8477=CARTESIAN_POINT('',(-18.,-4.2,1.9857681151729E-13));
#8478=DIRECTION('',(1.,0.,0.));
#8479=VECTOR('',#8478,36.);
#8480=LINE('',#8477,#8479);
#8481=EDGE_CURVE('',#8467,#8476,#8480,.T.);
#8482=ORIENTED_EDGE('',*,*,#8481,.T.);
#8483=CARTESIAN_POINT('',(20.2,-2.,1.9857681151729E-13));
#8484=VERTEX_POINT('',#8483);
#8485=CARTESIAN_POINT('',(18.,-2.,1.9857681151729E-13));
#8486=DIRECTION('',(-1.6148698540002E-15,-1.,-2.2948680879157E-29));
#8487=DIRECTION('',(2.7701508308516E-29,-2.7701508308516E-29,1.));
#8488=AXIS2_PLACEMENT_3D('',#8485,#8487,#8486);
#8489=CIRCLE('',#8488,2.2);
#8490=EDGE_CURVE('',#8476,#8484,#8489,.T.);
#8491=ORIENTED_EDGE('',*,*,#8490,.T.);
#8492=CARTESIAN_POINT('',(20.2,6.9671572875254,1.9857681151729E-13));
#8493=VERTEX_POINT('',#8492);
#8494=CARTESIAN_POINT('',(20.2,-2.,1.9857681151729E-13));
#8495=DIRECTION('',(0.,1.,0.));
#8496=VECTOR('',#8495,8.9671572875254);
#8497=LINE('',#8494,#8496);
#8498=EDGE_CURVE('',#8484,#8493,#8497,.T.);
#8499=ORIENTED_EDGE('',*,*,#8498,.T.);
#8500=CARTESIAN_POINT('',(20.2,6.9671572875254,1.9857681151729E-13));
#8501=DIRECTION('',(0.70710678118664,0.70710678118646,-8.7951471314842E-14));
#8502=VECTOR('',#8501,2.2384776310853);
#8503=LINE('',#8500,#8502);
#8504=EDGE_CURVE('',#8493,#7074,#8503,.T.);
#8505=ORIENTED_EDGE('',*,*,#8504,.T.);
#8506=EDGE_LOOP('',(#8449,#8457,#8465,#8474,#8482,#8491,#8499,#8505));
#8507=FACE_OUTER_BOUND('',#8506,.T.);
#8508=ORIENTED_EDGE('',*,*,#6435,.F.);
#8509=ORIENTED_EDGE('',*,*,#6413,.F.);
#8510=ORIENTED_EDGE('',*,*,#6388,.F.);
#8511=ORIENTED_EDGE('',*,*,#6364,.F.);
#8512=ORIENTED_EDGE('',*,*,#6339,.F.);
#8513=ORIENTED_EDGE('',*,*,#6315,.F.);
#8514=ORIENTED_EDGE('',*,*,#6290,.F.);
#8515=ORIENTED_EDGE('',*,*,#6261,.F.);
#8516=EDGE_LOOP('',(#8508,#8509,#8510,#8511,#8512,#8513,#8514,#8515));
#8517=FACE_BOUND('',#8516,.T.);
#8518=ORIENTED_EDGE('',*,*,#5749,.F.);
#8519=ORIENTED_EDGE('',*,*,#5726,.F.);
#8520=ORIENTED_EDGE('',*,*,#5702,.F.);
#8521=ORIENTED_EDGE('',*,*,#5672,.F.);
#8522=EDGE_LOOP('',(#8518,#8519,#8520,#8521));
#8523=FACE_BOUND('',#8522,.T.);
#8524=ORIENTED_EDGE('',*,*,#5455,.F.);
#8525=ORIENTED_EDGE('',*,*,#5432,.F.);
#8526=ORIENTED_EDGE('',*,*,#5408,.F.);
#8527=ORIENTED_EDGE('',*,*,#5378,.F.);
#8528=EDGE_LOOP('',(#8524,#8525,#8526,#8527));
#8529=FACE_BOUND('',#8528,.T.);
#8530=ORIENTED_EDGE('',*,*,#6239,.F.);
#8531=ORIENTED_EDGE('',*,*,#6216,.F.);
#8532=ORIENTED_EDGE('',*,*,#6192,.F.);
#8533=ORIENTED_EDGE('',*,*,#6162,.F.);
#8534=EDGE_LOOP('',(#8530,#8531,#8532,#8533));
#8535=FACE_BOUND('',#8534,.T.);
#8536=ORIENTED_EDGE('',*,*,#5651,.F.);
#8537=ORIENTED_EDGE('',*,*,#5628,.F.);
#8538=ORIENTED_EDGE('',*,*,#5604,.F.);
#8539=ORIENTED_EDGE('',*,*,#5574,.F.);
#8540=EDGE_LOOP('',(#8536,#8537,#8538,#8539));
#8541=FACE_BOUND('',#8540,.T.);
#8542=ORIENTED_EDGE('',*,*,#5357,.F.);
#8543=ORIENTED_EDGE('',*,*,#5334,.F.);
#8544=ORIENTED_EDGE('',*,*,#5310,.F.);
#8545=ORIENTED_EDGE('',*,*,#5280,.F.);
#8546=EDGE_LOOP('',(#8542,#8543,#8544,#8545));
#8547=FACE_BOUND('',#8546,.T.);
#8548=ORIENTED_EDGE('',*,*,#5553,.F.);
#8549=ORIENTED_EDGE('',*,*,#5530,.F.);
#8550=ORIENTED_EDGE('',*,*,#5506,.F.);
#8551=ORIENTED_EDGE('',*,*,#5476,.F.);
#8552=EDGE_LOOP('',(#8548,#8549,#8550,#8551));
#8553=FACE_BOUND('',#8552,.T.);
#8554=ORIENTED_EDGE('',*,*,#5259,.F.);
#8555=ORIENTED_EDGE('',*,*,#5236,.F.);
#8556=ORIENTED_EDGE('',*,*,#5212,.F.);
#8557=ORIENTED_EDGE('',*,*,#5182,.F.);
#8558=EDGE_LOOP('',(#8554,#8555,#8556,#8557));
#8559=FACE_BOUND('',#8558,.T.);
#8560=ADVANCED_FACE('',(#8507,#8517,#8523,#8529,#8535,#8541,#8547,#8553,#8559),#8448,.T.);
#8561=CARTESIAN_POINT('',(-24.5,2.05,1.9857681151729E-13));
#8562=DIRECTION('',(-1.,-7.4014868308344E-17,0.));
#8563=DIRECTION('',(-0.,0.,-1.));
#8564=AXIS2_PLACEMENT_3D('',#8561,#8563,#8562);
#8565=PLANE('',#8564);
#8566=ORIENTED_EDGE('',*,*,#5847,.F.);
#8567=ORIENTED_EDGE('',*,*,#5824,.F.);
#8568=ORIENTED_EDGE('',*,*,#5800,.F.);
#8569=ORIENTED_EDGE('',*,*,#5770,.F.);
#8570=EDGE_LOOP('',(#8566,#8567,#8568,#8569));
#8571=FACE_OUTER_BOUND('',#8570,.T.);
#8572=ADVANCED_FACE('',(#8571),#8565,.T.);
#8573=CARTESIAN_POINT('',(-24.5,2.05,1.9857681151729E-13));
#8574=DIRECTION('',(-1.,-7.4014868308344E-17,0.));
#8575=DIRECTION('',(-0.,0.,-1.));
#8576=AXIS2_PLACEMENT_3D('',#8573,#8575,#8574);
#8577=PLANE('',#8576);
#8578=ORIENTED_EDGE('',*,*,#5868,.F.);
#8579=ORIENTED_EDGE('',*,*,#5945,.F.);
#8580=ORIENTED_EDGE('',*,*,#5922,.F.);
#8581=ORIENTED_EDGE('',*,*,#5898,.F.);
#8582=EDGE_LOOP('',(#8578,#8579,#8580,#8581));
#8583=FACE_OUTER_BOUND('',#8582,.T.);
#8584=ADVANCED_FACE('',(#8583),#8577,.T.);
#8585=CARTESIAN_POINT('',(24.,2.05,1.9857681151729E-13));
#8586=DIRECTION('',(-1.,0.,0.));
#8587=DIRECTION('',(0.,0.,-1.));
#8588=AXIS2_PLACEMENT_3D('',#8585,#8587,#8586);
#8589=PLANE('',#8588);
#8590=ORIENTED_EDGE('',*,*,#6043,.F.);
#8591=ORIENTED_EDGE('',*,*,#6020,.F.);
#8592=ORIENTED_EDGE('',*,*,#5996,.F.);
#8593=ORIENTED_EDGE('',*,*,#5966,.F.);
#8594=EDGE_LOOP('',(#8590,#8591,#8592,#8593));
#8595=FACE_OUTER_BOUND('',#8594,.T.);
#8596=ADVANCED_FACE('',(#8595),#8589,.T.);
#8597=CARTESIAN_POINT('',(24.,2.05,1.9857681151729E-13));
#8598=DIRECTION('',(-1.,0.,0.));
#8599=DIRECTION('',(0.,0.,-1.));
#8600=AXIS2_PLACEMENT_3D('',#8597,#8599,#8598);
#8601=PLANE('',#8600);
#8602=ORIENTED_EDGE('',*,*,#6118,.F.);
#8603=ORIENTED_EDGE('',*,*,#6094,.F.);
#8604=ORIENTED_EDGE('',*,*,#6064,.F.);
#8605=ORIENTED_EDGE('',*,*,#6141,.F.);
#8606=EDGE_LOOP('',(#8602,#8603,#8604,#8605));
#8607=FACE_OUTER_BOUND('',#8606,.T.);
#8608=ADVANCED_FACE('',(#8607),#8601,.T.);
#8609=CARTESIAN_POINT('',(36.5,3.75,1.9857681151729E-13));
#8610=DIRECTION('',(-1.,-1.4802973661669E-16,0.));
#8611=DIRECTION('',(-0.,0.,-1.));
#8612=AXIS2_PLACEMENT_3D('',#8609,#8611,#8610);
#8613=PLANE('',#8612);
#8614=ORIENTED_EDGE('',*,*,#6455,.F.);
#8615=EDGE_LOOP('',(#8614));
#8616=FACE_OUTER_BOUND('',#8615,.T.);
#8617=CARTESIAN_POINT('',(35.25,3.75,1.9857681151729E-13));
#8618=VERTEX_POINT('',#8617);
#8619=CARTESIAN_POINT('',(36.5,3.75,1.9857681151729E-13));
#8620=DIRECTION('',(-1.,2.0391576462495E-58,-1.4279907724665E-29));
#8621=DIRECTION('',(-1.4279907724665E-29,-1.4279907724665E-29,1.));
#8622=AXIS2_PLACEMENT_3D('',#8619,#8621,#8620);
#8623=CIRCLE('',#8622,1.25);
#8624=EDGE_CURVE('',#8618,#8618,#8623,.T.);
#8625=ORIENTED_EDGE('',*,*,#8624,.T.);
#8626=EDGE_LOOP('',(#8625));
#8627=FACE_BOUND('',#8626,.T.);
#8628=ADVANCED_FACE('',(#8616,#8627),#8613,.T.);
#8629=CARTESIAN_POINT('',(-36.5,3.75,1.9857681151729E-13));
#8630=DIRECTION('',(-1.,-1.4802973661669E-16,-8.4145163223575E-30));
#8631=DIRECTION('',(8.4145163223575E-30,8.4145163223575E-30,-1.));
#8632=AXIS2_PLACEMENT_3D('',#8629,#8631,#8630);
#8633=PLANE('',#8632);
#8634=ORIENTED_EDGE('',*,*,#6480,.F.);
#8635=EDGE_LOOP('',(#8634));
#8636=FACE_OUTER_BOUND('',#8635,.T.);
#8637=CARTESIAN_POINT('',(-37.75,3.75,1.9857681151729E-13));
#8638=VERTEX_POINT('',#8637);
#8639=CARTESIAN_POINT('',(-36.5,3.75,1.9857681151729E-13));
#8640=DIRECTION('',(-1.,2.0097183471152E-15,1.4279907724665E-29));
#8641=DIRECTION('',(1.4279907724665E-29,1.4279907724665E-29,1.));
#8642=AXIS2_PLACEMENT_3D('',#8639,#8641,#8640);
#8643=CIRCLE('',#8642,1.25);
#8644=EDGE_CURVE('',#8638,#8638,#8643,.T.);
#8645=ORIENTED_EDGE('',*,*,#8644,.T.);
#8646=EDGE_LOOP('',(#8645));
#8647=FACE_BOUND('',#8646,.T.);
#8648=ADVANCED_FACE('',(#8636,#8647),#8633,.T.);
#8649=CARTESIAN_POINT('',(-43.5,6.65,-12.8));
#8650=DIRECTION('',(1.,-2.1761841969644E-30,2.6251190367399E-15));
#8651=DIRECTION('',(-0.,1.,8.2898495897048E-16));
#8652=AXIS2_PLACEMENT_3D('',#8649,#8651,#8650);
#8653=CONICAL_SURFACE('',#8652,0.,0.78539816339744);
#8654=CARTESIAN_POINT('',(-41.1,9.05,-12.8));
#8655=DIRECTION('',(-0.70710678118654,-0.70710678118656,0.));
#8656=VECTOR('',#8655,0.28284271247462);
#8657=LINE('',#8654,#8656);
#8658=EDGE_CURVE('',#6525,#7491,#8657,.T.);
#8659=ORIENTED_EDGE('',*,*,#8658,.T.);
#8660=ORIENTED_EDGE('',*,*,#7497,.F.);
#8661=ORIENTED_EDGE('',*,*,#8658,.F.);
#8662=ORIENTED_EDGE('',*,*,#6531,.F.);
#8663=EDGE_LOOP('',(#8659,#8660,#8661,#8662));
#8664=FACE_OUTER_BOUND('',#8663,.T.);
#8665=ADVANCED_FACE('',(#8664),#8653,.F.);
#8666=CARTESIAN_POINT('',(43.5,6.6499999999999,-12.8));
#8667=DIRECTION('',(1.,5.5265663931365E-16,-4.5594172743376E-15));
#8668=DIRECTION('',(-5.5265663931364E-16,1.,1.2434774384557E-15));
#8669=AXIS2_PLACEMENT_3D('',#8666,#8668,#8667);
#8670=CONICAL_SURFACE('',#8669,0.,0.78539816339744);
#8671=CARTESIAN_POINT('',(45.9,9.05,-12.8));
#8672=DIRECTION('',(-0.70710678118654,-0.70710678118656,0.));
#8673=VECTOR('',#8672,0.28284271247462);
#8674=LINE('',#8671,#8673);
#8675=EDGE_CURVE('',#6514,#8400,#8674,.T.);
#8676=ORIENTED_EDGE('',*,*,#8675,.T.);
#8677=ORIENTED_EDGE('',*,*,#8406,.F.);
#8678=ORIENTED_EDGE('',*,*,#8675,.F.);
#8679=ORIENTED_EDGE('',*,*,#6520,.F.);
#8680=EDGE_LOOP('',(#8676,#8677,#8678,#8679));
#8681=FACE_OUTER_BOUND('',#8680,.T.);
#8682=ADVANCED_FACE('',(#8681),#8670,.F.);
#8683=CARTESIAN_POINT('',(2.8284271247462,9.05,0.17157287525404));
#8684=DIRECTION('',(-1.,0.,0.));
#8685=DIRECTION('',(0.,1.,-0.));
#8686=AXIS2_PLACEMENT_3D('',#8683,#8685,#8684);
#8687=PLANE('',#8686);
#8688=CARTESIAN_POINT('',(22.,9.05,5.8000000000002));
#8689=VERTEX_POINT('',#8688);
#8690=CARTESIAN_POINT('',(22.,9.05,0.2000000000002));
#8691=DIRECTION('',(0.,0.,1.));
#8692=VECTOR('',#8691,5.6);
#8693=LINE('',#8690,#8692);
#8694=EDGE_CURVE('',#7010,#8689,#8693,.T.);
#8695=ORIENTED_EDGE('',*,*,#8694,.T.);
#8696=CARTESIAN_POINT('',(22.,9.05,5.8000000000002));
#8697=DIRECTION('',(1.,0.,0.));
#8698=VECTOR('',#8697,16.);
#8699=LINE('',#8696,#8698);
#8700=EDGE_CURVE('',#8689,#7042,#8699,.T.);
#8701=ORIENTED_EDGE('',*,*,#8700,.T.);
#8702=ORIENTED_EDGE('',*,*,#7047,.F.);
#8703=ORIENTED_EDGE('',*,*,#7015,.F.);
#8704=EDGE_LOOP('',(#8695,#8701,#8702,#8703));
#8705=FACE_OUTER_BOUND('',#8704,.T.);
#8706=ADVANCED_FACE('',(#8705),#8687,.T.);
#8707=CARTESIAN_POINT('',(13.257484931964,0.16606357572656,0.10000000000019));
#8708=DIRECTION('',(-0.50000000000006,0.50000000000006,0.70710678118646));
#8709=DIRECTION('',(-0.49999999999994,0.49999999999994,-0.70710678118663));
#8710=AXIS2_PLACEMENT_3D('',#8707,#8709,#8708);
#8711=PLANE('',#8710);
#8712=CARTESIAN_POINT('',(20.,7.05,0.19999999900743));
#8713=VERTEX_POINT('',#8712);
#8714=CARTESIAN_POINT('',(20.,7.05,0.19999999900743));
#8715=DIRECTION('',(0.70710678118655,0.70710678118655,3.5099719156674E-10));
#8716=VECTOR('',#8715,2.8284271247462);
#8717=LINE('',#8714,#8716);
#8718=EDGE_CURVE('',#8713,#7010,#8717,.T.);
#8719=ORIENTED_EDGE('',*,*,#8718,.T.);
#8720=ORIENTED_EDGE('',*,*,#7030,.F.);
#8721=ORIENTED_EDGE('',*,*,#7085,.F.);
#8722=ORIENTED_EDGE('',*,*,#8504,.F.);
#8723=CARTESIAN_POINT('',(20.2,6.9671572875254,1.9857681151729E-13));
#8724=DIRECTION('',(-0.67859834609702,0.28108463835727,0.67859834272856));
#8725=VECTOR('',#8724,0.29472515096788);
#8726=LINE('',#8723,#8725);
#8727=EDGE_CURVE('',#8493,#8713,#8726,.T.);
#8728=ORIENTED_EDGE('',*,*,#8727,.T.);
#8729=EDGE_LOOP('',(#8719,#8720,#8721,#8722,#8728));
#8730=FACE_OUTER_BOUND('',#8729,.T.);
#8731=ADVANCED_FACE('',(#8730),#8711,.T.);
#8732=CARTESIAN_POINT('',(38.929289321881,7.9792893218813,5.9000000000002));
#8733=DIRECTION('',(0.5,0.5,-0.70710678118655));
#8734=DIRECTION('',(0.5,0.5,0.70710678118655));
#8735=AXIS2_PLACEMENT_3D('',#8732,#8734,#8733);
#8736=PLANE('',#8735);
#8737=ORIENTED_EDGE('',*,*,#7055,.F.);
#8738=CARTESIAN_POINT('',(37.917157287525,8.85,6.0000000000002));
#8739=VERTEX_POINT('',#8738);
#8740=CARTESIAN_POINT('',(38.,9.05,5.8000000000002));
#8741=DIRECTION('',(-0.28108463771601,-0.6785983445456,0.6785983445456));
#8742=VECTOR('',#8741,0.29472515164169);
#8743=LINE('',#8740,#8742);
#8744=EDGE_CURVE('',#7042,#8739,#8743,.T.);
#8745=ORIENTED_EDGE('',*,*,#8744,.T.);
#8746=CARTESIAN_POINT('',(39.8,6.9671572875254,6.0000000000002));
#8747=VERTEX_POINT('',#8746);
#8748=CARTESIAN_POINT('',(37.917157287525,8.85,6.0000000000002));
#8749=DIRECTION('',(0.70710678118662,-0.70710678118647,0.));
#8750=VECTOR('',#8749,2.6627416997972);
#8751=LINE('',#8748,#8750);
#8752=EDGE_CURVE('',#8739,#8747,#8751,.T.);
#8753=ORIENTED_EDGE('',*,*,#8752,.T.);
#8754=CARTESIAN_POINT('',(39.8,6.9671572875254,6.0000000000002));
#8755=DIRECTION('',(0.67859834454586,0.28108463771476,-0.67859834454586));
#8756=VECTOR('',#8755,0.29472515164158);
#8757=LINE('',#8754,#8756);
#8758=EDGE_CURVE('',#8747,#7050,#8757,.T.);
#8759=ORIENTED_EDGE('',*,*,#8758,.T.);
#8760=EDGE_LOOP('',(#8737,#8745,#8753,#8759));
#8761=FACE_OUTER_BOUND('',#8760,.T.);
#8762=ADVANCED_FACE('',(#8761),#8736,.T.);
#8763=CARTESIAN_POINT('',(39.9,1.7763568394003E-15,5.9000000000002));
#8764=DIRECTION('',(-0.70710678118655,6.280369834733E-15,0.70710678118655));
#8765=DIRECTION('',(0.70710678118655,4.4541630033597E-17,0.70710678118655));
#8766=AXIS2_PLACEMENT_3D('',#8763,#8765,#8764);
#8767=PLANE('',#8766);
#8768=ORIENTED_EDGE('',*,*,#8758,.F.);
#8769=CARTESIAN_POINT('',(39.8,6.9671572875254,6.0000000000002));
#8770=DIRECTION('',(0.,-1.,0.));
#8771=VECTOR('',#8770,13.934314575051);
#8772=LINE('',#8769,#8771);
#8773=EDGE_CURVE('',#8747,#7141,#8772,.T.);
#8774=ORIENTED_EDGE('',*,*,#8773,.T.);
#8775=ORIENTED_EDGE('',*,*,#7146,.F.);
#8776=ORIENTED_EDGE('',*,*,#7102,.F.);
#8777=EDGE_LOOP('',(#8768,#8774,#8775,#8776));
#8778=FACE_OUTER_BOUND('',#8777,.T.);
#8779=ADVANCED_FACE('',(#8778),#8767,.T.);
#8780=CARTESIAN_POINT('',(29.866025189536,1.7763568394003E-15,6.0000000000002));
#8781=DIRECTION('',(-1.,1.7881632209588E-16,4.4704080523969E-17));
#8782=DIRECTION('',(4.4704080523969E-17,5.017957173447E-17,1.));
#8783=AXIS2_PLACEMENT_3D('',#8780,#8782,#8781);
#8784=PLANE('',#8783);
#8785=CARTESIAN_POINT('',(20.142722371848,-2.498681614246,6.0000000000002));
#8786=VERTEX_POINT('',#8785);
#8787=CARTESIAN_POINT('',(21.464101615138,-2.,6.0000000000002));
#8788=VERTEX_POINT('',#8787);
#8789=CARTESIAN_POINT('',(21.464101615138,-4.,6.0000000000002));
#8790=DIRECTION('',(-0.66068962164495,0.75065919287694,4.4408920985003E-16));
#8791=DIRECTION('',(0.,0.,-1.));
#8792=AXIS2_PLACEMENT_3D('',#8789,#8791,#8790);
#8793=CIRCLE('',#8792,2.0000000000002);
#8794=EDGE_CURVE('',#8786,#8788,#8793,.T.);
#8795=ORIENTED_EDGE('',*,*,#8794,.T.);
#8796=CARTESIAN_POINT('',(24.,-2.,6.0000000000002));
#8797=VERTEX_POINT('',#8796);
#8798=CARTESIAN_POINT('',(21.464101615138,-2.,6.0000000000002));
#8799=DIRECTION('',(1.,0.,0.));
#8800=VECTOR('',#8799,2.535898384862);
#8801=LINE('',#8798,#8800);
#8802=EDGE_CURVE('',#8788,#8797,#8801,.T.);
#8803=ORIENTED_EDGE('',*,*,#8802,.T.);
#8804=CARTESIAN_POINT('',(26.,-4.,6.0000000000002));
#8805=VERTEX_POINT('',#8804);
#8806=CARTESIAN_POINT('',(24.,-2.,6.0000000000002));
#8807=DIRECTION('',(0.70710678118655,-0.70710678118655,0.));
#8808=VECTOR('',#8807,2.8284271247462);
#8809=LINE('',#8806,#8808);
#8810=EDGE_CURVE('',#8797,#8805,#8809,.T.);
#8811=ORIENTED_EDGE('',*,*,#8810,.T.);
#8812=CARTESIAN_POINT('',(26.,-4.,6.0000000000002));
#8813=DIRECTION('',(0.,-1.,0.));
#8814=VECTOR('',#8813,3.05);
#8815=LINE('',#8812,#8814);
#8816=EDGE_CURVE('',#8805,#7364,#8815,.T.);
#8817=ORIENTED_EDGE('',*,*,#8816,.T.);
#8818=ORIENTED_EDGE('',*,*,#7369,.F.);
#8819=ORIENTED_EDGE('',*,*,#7337,.F.);
#8820=ORIENTED_EDGE('',*,*,#7154,.F.);
#8821=ORIENTED_EDGE('',*,*,#8773,.F.);
#8822=ORIENTED_EDGE('',*,*,#8752,.F.);
#8823=CARTESIAN_POINT('',(22.082842712475,8.85,6.0000000000002));
#8824=VERTEX_POINT('',#8823);
#8825=CARTESIAN_POINT('',(37.917157287525,8.85,6.0000000000002));
#8826=DIRECTION('',(-1.,0.,0.));
#8827=VECTOR('',#8826,15.83431457505);
#8828=LINE('',#8825,#8827);
#8829=EDGE_CURVE('',#8739,#8824,#8828,.T.);
#8830=ORIENTED_EDGE('',*,*,#8829,.T.);
#8831=CARTESIAN_POINT('',(20.2,6.9671572875254,6.0000000000002));
#8832=VERTEX_POINT('',#8831);
#8833=CARTESIAN_POINT('',(22.082842712475,8.85,6.0000000000002));
#8834=DIRECTION('',(-0.70710678118662,-0.70710678118647,0.));
#8835=VECTOR('',#8834,2.6627416997972);
#8836=LINE('',#8833,#8835);
#8837=EDGE_CURVE('',#8824,#8832,#8836,.T.);
#8838=ORIENTED_EDGE('',*,*,#8837,.T.);
#8839=CARTESIAN_POINT('',(20.2,-2.,6.0000000000002));
#8840=VERTEX_POINT('',#8839);
#8841=CARTESIAN_POINT('',(20.2,6.9671572875254,6.0000000000002));
#8842=DIRECTION('',(0.,-1.,0.));
#8843=VECTOR('',#8842,8.9671572875254);
#8844=LINE('',#8841,#8843);
#8845=EDGE_CURVE('',#8832,#8840,#8844,.T.);
#8846=ORIENTED_EDGE('',*,*,#8845,.T.);
#8847=CARTESIAN_POINT('',(20.2,-2.,6.0000000000002));
#8848=CARTESIAN_POINT('',(20.199948975029,-2.2087562072591,6.0000000000002));
#8849=CARTESIAN_POINT('',(20.152599415043,-2.4562080342309,6.0000000000002));
#8850=CARTESIAN_POINT('',(20.142722371848,-2.498681614246,6.0000000000002));
#8851=B_SPLINE_CURVE_WITH_KNOTS('',2,(#8847,#8848,#8849,#8850),.UNSPECIFIED.,.F.,.U.,(3,1,3),(0.75086937689074,0.95680089798053,1.),.UNSPECIFIED.);
#8852=EDGE_CURVE('',#8840,#8786,#8851,.T.);
#8853=ORIENTED_EDGE('',*,*,#8852,.T.);
#8854=EDGE_LOOP('',(#8795,#8803,#8811,#8817,#8818,#8819,#8820,#8821,#8822,#8830,#8838,#8846,#8853));
#8855=FACE_OUTER_BOUND('',#8854,.T.);
#8856=CARTESIAN_POINT('',(35.25,3.75,6.0000000000002));
#8857=VERTEX_POINT('',#8856);
#8858=CARTESIAN_POINT('',(36.5,3.75,6.0000000000002));
#8859=DIRECTION('',(-1.,-6.3108872417681E-32,2.512147933894E-16));
#8860=DIRECTION('',(-2.512147933894E-16,2.512147933894E-16,-1.));
#8861=AXIS2_PLACEMENT_3D('',#8858,#8860,#8859);
#8862=CIRCLE('',#8861,1.25);
#8863=EDGE_CURVE('',#8857,#8857,#8862,.T.);
#8864=ORIENTED_EDGE('',*,*,#8863,.T.);
#8865=EDGE_LOOP('',(#8864));
#8866=FACE_BOUND('',#8865,.T.);
#8867=ADVANCED_FACE('',(#8855,#8866),#8784,.T.);
#8868=CARTESIAN_POINT('',(-39.9,6.2172489379009E-15,5.9000000000001));
#8869=DIRECTION('',(0.70710678118654,6.28036983473E-15,0.70710678118656));
#8870=DIRECTION('',(-0.70710678118656,4.0087467030215E-16,0.70710678118654));
#8871=AXIS2_PLACEMENT_3D('',#8868,#8870,#8869);
#8872=PLANE('',#8871);
#8873=ORIENTED_EDGE('',*,*,#7178,.F.);
#8874=ORIENTED_EDGE('',*,*,#7215,.F.);
#8875=CARTESIAN_POINT('',(-39.8,6.9671572875254,6.0000000000002));
#8876=VERTEX_POINT('',#8875);
#8877=CARTESIAN_POINT('',(-39.8,-6.9671572875254,6.0000000000002));
#8878=DIRECTION('',(0.,1.,0.));
#8879=VECTOR('',#8878,13.934314575051);
#8880=LINE('',#8877,#8879);
#8881=EDGE_CURVE('',#7204,#8876,#8880,.T.);
#8882=ORIENTED_EDGE('',*,*,#8881,.T.);
#8883=CARTESIAN_POINT('',(-39.8,6.9671572875254,6.0000000000002));
#8884=DIRECTION('',(-0.67859834454586,0.28108463771476,-0.67859834454586));
#8885=VECTOR('',#8884,0.29472515164158);
#8886=LINE('',#8883,#8885);
#8887=EDGE_CURVE('',#8876,#7173,#8886,.T.);
#8888=ORIENTED_EDGE('',*,*,#8887,.T.);
#8889=EDGE_LOOP('',(#8873,#8874,#8882,#8888));
#8890=FACE_OUTER_BOUND('',#8889,.T.);
#8891=ADVANCED_FACE('',(#8890),#8872,.T.);
#8892=CARTESIAN_POINT('',(-29.866025189536,7.105427357601E-15,6.0000000000002));
#8893=DIRECTION('',(-1.,1.7881632209588E-16,0.));
#8894=DIRECTION('',(1.7945852923808E-32,1.0035914346894E-16,1.));
#8895=AXIS2_PLACEMENT_3D('',#8892,#8894,#8893);
#8896=PLANE('',#8895);
#8897=CARTESIAN_POINT('',(-21.464101615138,-2.,6.0000000000002));
#8898=VERTEX_POINT('',#8897);
#8899=CARTESIAN_POINT('',(-20.142721888273,-2.4986820398627,6.0000000000002));
#8900=VERTEX_POINT('',#8899);
#8901=CARTESIAN_POINT('',(-21.464101615138,-4.,6.0000000000002));
#8902=DIRECTION('',(0.,1.,4.4408920985006E-16));
#8903=DIRECTION('',(-5.8836135243285E-16,2.2204460492503E-16,-1.));
#8904=AXIS2_PLACEMENT_3D('',#8901,#8903,#8902);
#8905=CIRCLE('',#8904,2.);
#8906=EDGE_CURVE('',#8898,#8900,#8905,.T.);
#8907=ORIENTED_EDGE('',*,*,#8906,.T.);
#8908=CARTESIAN_POINT('',(-20.2,-2.,6.0000000000002));
#8909=VERTEX_POINT('',#8908);
#8910=CARTESIAN_POINT('',(-20.142721888273,-2.4986820398627,6.0000000000002));
#8911=CARTESIAN_POINT('',(-20.152598834197,-2.4562080584914,6.0000000000002));
#8912=CARTESIAN_POINT('',(-20.199949337593,-2.2087564051409,6.0000000000002));
#8913=CARTESIAN_POINT('',(-20.2,-2.,6.0000000000002));
#8914=B_SPLINE_CURVE_WITH_KNOTS('',2,(#8910,#8911,#8912,#8913),.UNSPECIFIED.,.F.,.U.,(3,1,3),(0.75107095034541,0.79423535669161,1.),.UNSPECIFIED.);
#8915=EDGE_CURVE('',#8900,#8909,#8914,.T.);
#8916=ORIENTED_EDGE('',*,*,#8915,.T.);
#8917=CARTESIAN_POINT('',(-20.2,-1.4574175621015,6.0000000000003));
#8918=VERTEX_POINT('',#8917);
#8919=CARTESIAN_POINT('',(-20.2,-2.,6.0000000000002));
#8920=DIRECTION('',(0.,1.,1.8497495387952E-13));
#8921=VECTOR('',#8920,0.5425824378985);
#8922=LINE('',#8919,#8921);
#8923=EDGE_CURVE('',#8909,#8918,#8922,.T.);
#8924=ORIENTED_EDGE('',*,*,#8923,.T.);
#8925=CARTESIAN_POINT('',(-20.890674519789,-1.4574175621028,6.0000000000002));
#8926=VERTEX_POINT('',#8925);
#8927=CARTESIAN_POINT('',(-20.2,-1.4574175621015,6.0000000000003));
#8928=DIRECTION('',(-1.,-1.8823210131354E-12,-1.4531325327707E-13));
#8929=VECTOR('',#8928,0.690674519789);
#8930=LINE('',#8927,#8929);
#8931=EDGE_CURVE('',#8918,#8926,#8930,.T.);
#8932=ORIENTED_EDGE('',*,*,#8931,.T.);
#8933=CARTESIAN_POINT('',(-20.890674519789,2.2574175621028,6.0000000000002));
#8934=VERTEX_POINT('',#8933);
#8935=CARTESIAN_POINT('',(-20.890674519789,-1.4574175621028,6.0000000000002));
#8936=DIRECTION('',(0.,1.,0.));
#8937=VECTOR('',#8936,3.7148351242056);
#8938=LINE('',#8935,#8937);
#8939=EDGE_CURVE('',#8926,#8934,#8938,.T.);
#8940=ORIENTED_EDGE('',*,*,#8939,.T.);
#8941=CARTESIAN_POINT('',(-20.2,2.2574175621022,6.0000000000003));
#8942=VERTEX_POINT('',#8941);
#8943=CARTESIAN_POINT('',(-20.890674519789,2.2574175621028,6.0000000000002));
#8944=DIRECTION('',(1.,-8.6866462467838E-13,1.4531325327707E-13));
#8945=VECTOR('',#8944,0.690674519789);
#8946=LINE('',#8943,#8945);
#8947=EDGE_CURVE('',#8934,#8942,#8946,.T.);
#8948=ORIENTED_EDGE('',*,*,#8947,.T.);
#8949=CARTESIAN_POINT('',(-20.2,6.9671572875254,6.0000000000002));
#8950=VERTEX_POINT('',#8949);
#8951=CARTESIAN_POINT('',(-20.2,2.2574175621022,6.0000000000003));
#8952=DIRECTION('',(0.,1.,-2.1309916742182E-14));
#8953=VECTOR('',#8952,4.7097397254232);
#8954=LINE('',#8951,#8953);
#8955=EDGE_CURVE('',#8942,#8950,#8954,.T.);
#8956=ORIENTED_EDGE('',*,*,#8955,.T.);
#8957=CARTESIAN_POINT('',(-22.082842712475,8.85,6.0000000000002));
#8958=VERTEX_POINT('',#8957);
#8959=CARTESIAN_POINT('',(-20.2,6.9671572875254,6.0000000000002));
#8960=DIRECTION('',(-0.70710678118662,0.70710678118647,0.));
#8961=VECTOR('',#8960,2.6627416997972);
#8962=LINE('',#8959,#8961);
#8963=EDGE_CURVE('',#8950,#8958,#8962,.T.);
#8964=ORIENTED_EDGE('',*,*,#8963,.T.);
#8965=CARTESIAN_POINT('',(-37.917157287525,8.85,6.0000000000002));
#8966=VERTEX_POINT('',#8965);
#8967=CARTESIAN_POINT('',(-22.082842712475,8.85,6.0000000000002));
#8968=DIRECTION('',(-1.,0.,0.));
#8969=VECTOR('',#8968,15.83431457505);
#8970=LINE('',#8967,#8969);
#8971=EDGE_CURVE('',#8958,#8966,#8970,.T.);
#8972=ORIENTED_EDGE('',*,*,#8971,.T.);
#8973=CARTESIAN_POINT('',(-37.917157287525,8.85,6.0000000000002));
#8974=DIRECTION('',(-0.70710678118662,-0.70710678118647,0.));
#8975=VECTOR('',#8974,2.6627416997972);
#8976=LINE('',#8973,#8975);
#8977=EDGE_CURVE('',#8966,#8876,#8976,.T.);
#8978=ORIENTED_EDGE('',*,*,#8977,.T.);
#8979=ORIENTED_EDGE('',*,*,#8881,.F.);
#8980=ORIENTED_EDGE('',*,*,#7209,.F.);
#8981=ORIENTED_EDGE('',*,*,#7317,.F.);
#8982=ORIENTED_EDGE('',*,*,#7289,.F.);
#8983=CARTESIAN_POINT('',(-26.,-4.,6.0000000000002));
#8984=VERTEX_POINT('',#8983);
#8985=CARTESIAN_POINT('',(-26.,-7.05,6.0000000000002));
#8986=DIRECTION('',(0.,1.,0.));
#8987=VECTOR('',#8986,3.05);
#8988=LINE('',#8985,#8987);
#8989=EDGE_CURVE('',#7276,#8984,#8988,.T.);
#8990=ORIENTED_EDGE('',*,*,#8989,.T.);
#8991=CARTESIAN_POINT('',(-24.,-2.,6.0000000000002));
#8992=VERTEX_POINT('',#8991);
#8993=CARTESIAN_POINT('',(-26.,-4.,6.0000000000002));
#8994=DIRECTION('',(0.70710678118655,0.70710678118655,0.));
#8995=VECTOR('',#8994,2.8284271247462);
#8996=LINE('',#8993,#8995);
#8997=EDGE_CURVE('',#8984,#8992,#8996,.T.);
#8998=ORIENTED_EDGE('',*,*,#8997,.T.);
#8999=CARTESIAN_POINT('',(-24.,-2.,6.0000000000002));
#9000=DIRECTION('',(1.,0.,0.));
#9001=VECTOR('',#9000,2.535898384862);
#9002=LINE('',#8999,#9001);
#9003=EDGE_CURVE('',#8992,#8898,#9002,.T.);
#9004=ORIENTED_EDGE('',*,*,#9003,.T.);
#9005=EDGE_LOOP('',(#8907,#8916,#8924,#8932,#8940,#8948,#8956,#8964,#8972,#8978,#8979,#8980,#8981,#8982,#8990,#8998,#9004));
#9006=FACE_OUTER_BOUND('',#9005,.T.);
#9007=CARTESIAN_POINT('',(-37.75,3.75,6.0000000000002));
#9008=VERTEX_POINT('',#9007);
#9009=CARTESIAN_POINT('',(-36.5,3.75,6.0000000000002));
#9010=DIRECTION('',(-1.,-2.0097183471152E-15,-0.));
#9011=DIRECTION('',(0.,0.,-1.));
#9012=AXIS2_PLACEMENT_3D('',#9009,#9011,#9010);
#9013=CIRCLE('',#9012,1.25);
#9014=EDGE_CURVE('',#9008,#9008,#9013,.T.);
#9015=ORIENTED_EDGE('',*,*,#9014,.T.);
#9016=EDGE_LOOP('',(#9015));
#9017=FACE_BOUND('',#9016,.T.);
#9018=ADVANCED_FACE('',(#9006,#9017),#8896,.T.);
#9019=CARTESIAN_POINT('',(24.991789321881,-7.9167893218813,10.4));
#9020=DIRECTION('',(0.50000000000001,-0.5,-0.70710678118653));
#9021=DIRECTION('',(0.49999999999999,-0.49999999999999,0.70710678118656));
#9022=AXIS2_PLACEMENT_3D('',#9019,#9021,#9020);
#9023=PLANE('',#9022);
#9024=CARTESIAN_POINT('',(25.8,-6.9671572875254,10.5));
#9025=VERTEX_POINT('',#9024);
#9026=CARTESIAN_POINT('',(26.,-7.05,10.3));
#9027=DIRECTION('',(-0.67859834454586,0.28108463771476,0.67859834454586));
#9028=VECTOR('',#9027,0.29472515164157);
#9029=LINE('',#9026,#9028);
#9030=EDGE_CURVE('',#7354,#9025,#9029,.T.);
#9031=ORIENTED_EDGE('',*,*,#9030,.T.);
#9032=CARTESIAN_POINT('',(25.8,-6.9671572875254,10.5));
#9033=DIRECTION('',(-0.70710678118662,-0.70710678118647,0.));
#9034=VECTOR('',#9033,2.6627416997972);
#9035=LINE('',#9032,#9034);
#9036=EDGE_CURVE('',#9025,#7228,#9035,.T.);
#9037=ORIENTED_EDGE('',*,*,#9036,.T.);
#9038=ORIENTED_EDGE('',*,*,#7233,.F.);
#9039=ORIENTED_EDGE('',*,*,#7359,.F.);
#9040=EDGE_LOOP('',(#9031,#9037,#9038,#9039));
#9041=FACE_OUTER_BOUND('',#9040,.T.);
#9042=ADVANCED_FACE('',(#9041),#9023,.T.);
#9043=CARTESIAN_POINT('',(18.,-5.1724673065869,10.5));
#9044=DIRECTION('',(-9.3500559466909E-16,1.,4.6750279733454E-16));
#9045=DIRECTION('',(4.4408920985006E-16,4.6750279733454E-16,-1.));
#9046=AXIS2_PLACEMENT_3D('',#9043,#9045,#9044);
#9047=PLANE('',#9046);
#9048=CARTESIAN_POINT('',(10.,-1.3727962681959,10.5));
#9049=VERTEX_POINT('',#9048);
#9050=CARTESIAN_POINT('',(26.,-1.3727962681949,10.5));
#9051=VERTEX_POINT('',#9050);
#9052=CARTESIAN_POINT('',(10.,-1.3727962681959,10.5));
#9053=DIRECTION('',(1.,6.2505556286396E-14,0.));
#9054=VECTOR('',#9053,16.);
#9055=LINE('',#9052,#9054);
#9056=EDGE_CURVE('',#9049,#9051,#9055,.T.);
#9057=ORIENTED_EDGE('',*,*,#9056,.T.);
#9058=CARTESIAN_POINT('',(26.,-8.9721383449809,10.5));
#9059=VERTEX_POINT('',#9058);
#9060=CARTESIAN_POINT('',(26.,-1.3727962681949,10.5));
#9061=DIRECTION('',(0.,-1.,0.));
#9062=VECTOR('',#9061,7.599342076786);
#9063=LINE('',#9060,#9062);
#9064=EDGE_CURVE('',#9051,#9059,#9063,.T.);
#9065=ORIENTED_EDGE('',*,*,#9064,.T.);
#9066=CARTESIAN_POINT('',(10.,-8.9721383449799,10.5));
#9067=VERTEX_POINT('',#9066);
#9068=CARTESIAN_POINT('',(26.,-8.9721383449809,10.5));
#9069=DIRECTION('',(-1.,6.2505556286396E-14,0.));
#9070=VECTOR('',#9069,16.);
#9071=LINE('',#9068,#9070);
#9072=EDGE_CURVE('',#9059,#9067,#9071,.T.);
#9073=ORIENTED_EDGE('',*,*,#9072,.T.);
#9074=CARTESIAN_POINT('',(10.,-8.9721383449799,10.5));
#9075=DIRECTION('',(0.,1.,0.));
#9076=VECTOR('',#9075,0.1221383449799);
#9077=LINE('',#9074,#9076);
#9078=EDGE_CURVE('',#9067,#7236,#9077,.T.);
#9079=ORIENTED_EDGE('',*,*,#9078,.T.);
#9080=ORIENTED_EDGE('',*,*,#7241,.F.);
#9081=ORIENTED_EDGE('',*,*,#9036,.F.);
#9082=CARTESIAN_POINT('',(25.8,-4.0828427124746,10.5));
#9083=VERTEX_POINT('',#9082);
#9084=CARTESIAN_POINT('',(25.8,-6.9671572875254,10.5));
#9085=DIRECTION('',(0.,1.,0.));
#9086=VECTOR('',#9085,2.8843145750508);
#9087=LINE('',#9084,#9086);
#9088=EDGE_CURVE('',#9025,#9083,#9087,.T.);
#9089=ORIENTED_EDGE('',*,*,#9088,.T.);
#9090=CARTESIAN_POINT('',(23.917157462709,-2.200000210042,10.5));
#9091=VERTEX_POINT('',#9090);
#9092=CARTESIAN_POINT('',(25.8,-4.0828427124746,10.5));
#9093=DIRECTION('',(-0.70710678773213,0.70710677464096,0.));
#9094=VECTOR('',#9093,2.6627414274013);
#9095=LINE('',#9092,#9094);
#9096=EDGE_CURVE('',#9083,#9091,#9095,.T.);
#9097=ORIENTED_EDGE('',*,*,#9096,.T.);
#9098=CARTESIAN_POINT('',(21.463422692886,-2.2000003146177,10.5));
#9099=VERTEX_POINT('',#9098);
#9100=CARTESIAN_POINT('',(23.917157462709,-2.200000210042,10.5));
#9101=DIRECTION('',(-1.,-4.2618991011411E-08,0.));
#9102=VECTOR('',#9101,2.453734769823);
#9103=LINE('',#9100,#9102);
#9104=EDGE_CURVE('',#9091,#9099,#9103,.T.);
#9105=ORIENTED_EDGE('',*,*,#9104,.T.);
#9106=CARTESIAN_POINT('',(19.905756198263,-3.1010720580988,10.5));
#9107=VERTEX_POINT('',#9106);
#9108=CARTESIAN_POINT('',(21.464101615132,-3.9999999999777,10.5));
#9109=DIRECTION('',(-0.00037717906466051,0.99999992886797,5.9211900785053E-15));
#9110=DIRECTION('',(4.310249284477E-16,-6.6632336982057E-15,1.));
#9111=AXIS2_PLACEMENT_3D('',#9108,#9110,#9109);
#9112=CIRCLE('',#9111,1.7999998133976);
#9113=EDGE_CURVE('',#9099,#9107,#9112,.T.);
#9114=ORIENTED_EDGE('',*,*,#9113,.T.);
#9115=CARTESIAN_POINT('',(18.,-4.2,10.5));
#9116=VERTEX_POINT('',#9115);
#9117=CARTESIAN_POINT('',(19.905051241667,-3.100640024324,10.5));
#9118=CARTESIAN_POINT('',(19.874797796543,-3.1500048782776,10.5));
#9119=CARTESIAN_POINT('',(19.770481342667,-3.3141707441893,10.5));
#9120=CARTESIAN_POINT('',(19.593219087422,-3.5231221945271,10.5));
#9121=CARTESIAN_POINT('',(19.392360436158,-3.7087960391382,10.5));
#9122=CARTESIAN_POINT('',(19.169748746837,-3.8682508304479,10.5));
#9123=CARTESIAN_POINT('',(18.929615895214,-3.9986169693468,10.5));
#9124=CARTESIAN_POINT('',(18.674943268822,-4.098341910924,10.5));
#9125=CARTESIAN_POINT('',(18.436132684147,-4.1591391556327,10.5));
#9126=CARTESIAN_POINT('',(18.164740837117,-4.1999529180051,10.5));
#9127=CARTESIAN_POINT('',(18.,-4.2,10.5));
#9128=B_SPLINE_CURVE_WITH_KNOTS('',2,(#9117,#9118,#9119,#9120,#9121,#9122,#9123,#9124,#9125,#9126,#9127),.UNSPECIFIED.,.F.,.U.,(3,1,1,1,1,1,1,1,1,3),(0.,0.040899268240175,0.13735262366116,0.2339292295528,0.33043634092482,0.4269029192277,0.52329591980939,0.61965261892772,0.69723801046613,0.81331722300976),.UNSPECIFIED.);
#9129=EDGE_CURVE('',#9107,#9116,#9128,.T.);
#9130=ORIENTED_EDGE('',*,*,#9129,.T.);
#9131=CARTESIAN_POINT('',(15.854925200008,-4.2,10.5));
#9132=VERTEX_POINT('',#9131);
#9133=CARTESIAN_POINT('',(18.,-4.2,10.5));
#9134=DIRECTION('',(-1.,0.,0.));
#9135=VECTOR('',#9134,2.145074799992);
#9136=LINE('',#9133,#9135);
#9137=EDGE_CURVE('',#9116,#9132,#9136,.T.);
#9138=ORIENTED_EDGE('',*,*,#9137,.T.);
#9139=CARTESIAN_POINT('',(12.945074799992,-4.2,10.5));
#9140=VERTEX_POINT('',#9139);
#9141=CARTESIAN_POINT('',(15.854920264279,-4.2000032989522,10.5));
#9142=CARTESIAN_POINT('',(15.827750745658,-4.1593536174926,10.5));
#9143=CARTESIAN_POINT('',(15.722226789115,-4.0149334652329,10.5));
#9144=CARTESIAN_POINT('',(15.5023358654,-3.7945411843869,10.5));
#9145=CARTESIAN_POINT('',(15.16914264463,-3.5841563568669,10.5));
#9146=CARTESIAN_POINT('',(14.79647719208,-3.4528235950079,10.5));
#9147=CARTESIAN_POINT('',(14.40393332965,-3.4077521343219,10.5));
#9148=CARTESIAN_POINT('',(14.011527403,-3.4510531039709,10.5));
#9149=CARTESIAN_POINT('',(13.63870915763,-3.5804212642939,10.5));
#9150=CARTESIAN_POINT('',(13.30423000873,-3.7892317146299,10.5));
#9151=CARTESIAN_POINT('',(13.081182779579,-4.0107311741341,10.5));
#9152=CARTESIAN_POINT('',(12.973582802078,-4.1573602800927,10.5));
#9153=CARTESIAN_POINT('',(12.945080367696,-4.2000037213949,10.5));
#9154=B_SPLINE_CURVE_WITH_KNOTS('',3,(#9141,#9142,#9143,#9144,#9145,#9146,#9147,#9148,#9149,#9150,#9151,#9152,#9153),.UNSPECIFIED.,.F.,.U.,(4,1,1,1,1,1,1,1,1,1,4),(0.18754845738086,0.2142281512017,0.2850642808641,0.356395398471,0.4279072588457,0.4993199171978,0.570652357326,0.6419865639027,0.7133118167856,0.7844687851904,0.81245631063578),.UNSPECIFIED.);
#9155=EDGE_CURVE('',#9132,#9140,#9154,.T.);
#9156=ORIENTED_EDGE('',*,*,#9155,.T.);
#9157=CARTESIAN_POINT('',(10.,-4.2,10.5));
#9158=VERTEX_POINT('',#9157);
#9159=CARTESIAN_POINT('',(12.945074799992,-4.2,10.5));
#9160=DIRECTION('',(-1.,0.,0.));
#9161=VECTOR('',#9160,2.945074799992);
#9162=LINE('',#9159,#9161);
#9163=EDGE_CURVE('',#9140,#9158,#9162,.T.);
#9164=ORIENTED_EDGE('',*,*,#9163,.T.);
#9165=CARTESIAN_POINT('',(10.,-4.2,10.5));
#9166=DIRECTION('',(0.,1.,0.));
#9167=VECTOR('',#9166,2.8272037318041);
#9168=LINE('',#9165,#9167);
#9169=EDGE_CURVE('',#9158,#9049,#9168,.T.);
#9170=ORIENTED_EDGE('',*,*,#9169,.T.);
#9171=EDGE_LOOP('',(#9057,#9065,#9073,#9079,#9080,#9081,#9089,#9097,#9105,#9114,#9130,#9138,#9156,#9164,#9170));
#9172=FACE_OUTER_BOUND('',#9171,.T.);
#9173=ADVANCED_FACE('',(#9172),#9047,.T.);
#9174=CARTESIAN_POINT('',(-24.991789321881,-7.9167893218814,10.4));
#9175=DIRECTION('',(-0.5,-0.5,-0.70710678118655));
#9176=DIRECTION('',(-0.5,-0.5,0.70710678118655));
#9177=AXIS2_PLACEMENT_3D('',#9174,#9176,#9175);
#9178=PLANE('',#9177);
#9179=ORIENTED_EDGE('',*,*,#7302,.F.);
#9180=ORIENTED_EDGE('',*,*,#7255,.F.);
#9181=CARTESIAN_POINT('',(-24.011809966788,-8.7553473207376,10.5));
#9182=VERTEX_POINT('',#9181);
#9183=CARTESIAN_POINT('',(-23.917157287525,-8.85,10.5));
#9184=DIRECTION('',(-0.70710678118879,0.7071067811843,0.));
#9185=VECTOR('',#9184,0.13385910272826);
#9186=LINE('',#9183,#9185);
#9187=EDGE_CURVE('',#7244,#9182,#9186,.T.);
#9188=ORIENTED_EDGE('',*,*,#9187,.T.);
#9189=CARTESIAN_POINT('',(-25.8,-6.9671572875254,10.5));
#9190=VERTEX_POINT('',#9189);
#9191=CARTESIAN_POINT('',(-24.011809966788,-8.7553473207376,10.5));
#9192=DIRECTION('',(-0.70710678118651,0.70710678118659,0.));
#9193=VECTOR('',#9192,2.5288825970689);
#9194=LINE('',#9191,#9193);
#9195=EDGE_CURVE('',#9182,#9190,#9194,.T.);
#9196=ORIENTED_EDGE('',*,*,#9195,.T.);
#9197=CARTESIAN_POINT('',(-25.8,-6.9671572875254,10.5));
#9198=DIRECTION('',(-0.67859834454586,-0.28108463771476,-0.67859834454586));
#9199=VECTOR('',#9198,0.29472515164157);
#9200=LINE('',#9197,#9199);
#9201=EDGE_CURVE('',#9190,#7266,#9200,.T.);
#9202=ORIENTED_EDGE('',*,*,#9201,.T.);
#9203=EDGE_LOOP('',(#9179,#9180,#9188,#9196,#9202));
#9204=FACE_OUTER_BOUND('',#9203,.T.);
#9205=ADVANCED_FACE('',(#9204),#9178,.T.);
#9206=CARTESIAN_POINT('',(-0.27164572413448,-5.9778381411646,10.5));
#9207=DIRECTION('',(-1.,1.3094367996685E-16,0.));
#9208=DIRECTION('',(0.,0.,1.));
#9209=AXIS2_PLACEMENT_3D('',#9206,#9208,#9207);
#9210=PLANE('',#9209);
#9211=ORIENTED_EDGE('',*,*,#7249,.F.);
#9212=CARTESIAN_POINT('',(10.,-8.85,10.5));
#9213=DIRECTION('',(0.,1.,0.));
#9214=VECTOR('',#9213,4.65);
#9215=LINE('',#9212,#9214);
#9216=EDGE_CURVE('',#7236,#9158,#9215,.T.);
#9217=ORIENTED_EDGE('',*,*,#9216,.T.);
#9218=CARTESIAN_POINT('',(-9.999999999999,-4.2,10.5));
#9219=VERTEX_POINT('',#9218);
#9220=CARTESIAN_POINT('',(10.,-4.2,10.5));
#9221=DIRECTION('',(-1.,0.,0.));
#9222=VECTOR('',#9221,19.999999999999);
#9223=LINE('',#9220,#9222);
#9224=EDGE_CURVE('',#9158,#9219,#9223,.T.);
#9225=ORIENTED_EDGE('',*,*,#9224,.T.);
#9226=CARTESIAN_POINT('',(-9.999999999999,-8.7553473207362,10.5));
#9227=VERTEX_POINT('',#9226);
#9228=CARTESIAN_POINT('',(-9.999999999999,-4.2,10.5));
#9229=DIRECTION('',(0.,-1.,0.));
#9230=VECTOR('',#9229,4.5553473207362);
#9231=LINE('',#9228,#9230);
#9232=EDGE_CURVE('',#9219,#9227,#9231,.T.);
#9233=ORIENTED_EDGE('',*,*,#9232,.T.);
#9234=CARTESIAN_POINT('',(-9.999999999999,-8.7553473207362,10.5));
#9235=DIRECTION('',(-1.,-9.989924162297E-14,0.));
#9236=VECTOR('',#9235,14.011809966789);
#9237=LINE('',#9234,#9236);
#9238=EDGE_CURVE('',#9227,#9182,#9237,.T.);
#9239=ORIENTED_EDGE('',*,*,#9238,.T.);
#9240=ORIENTED_EDGE('',*,*,#9187,.F.);
#9241=EDGE_LOOP('',(#9211,#9217,#9225,#9233,#9239,#9240));
#9242=FACE_OUTER_BOUND('',#9241,.T.);
#9243=ADVANCED_FACE('',(#9242),#9210,.T.);
#9244=CARTESIAN_POINT('',(-25.999999999987,-4.9556762823452,9.125002598352));
#9245=DIRECTION('',(0.,1.,4.6750279733464E-16));
#9246=DIRECTION('',(1.,0.,0.));
#9247=AXIS2_PLACEMENT_3D('',#9244,#9246,#9245);
#9248=PLANE('',#9247);
#9249=CARTESIAN_POINT('',(-25.999999999988,-8.7553473207372,10.5));
#9250=VERTEX_POINT('',#9249);
#9251=CARTESIAN_POINT('',(-25.999999999987,-4.9556762823452,11.75));
#9252=DIRECTION('',(1.7763568394002E-15,-0.94991775959815,-0.31250000000005));
#9253=DIRECTION('',(1.,4.5520148203491E-16,5.2988542753646E-15));
#9254=AXIS2_PLACEMENT_3D('',#9251,#9253,#9252);
#9255=CIRCLE('',#9254,4.0000000000001);
#9256=EDGE_CURVE('',#9250,#7268,#9255,.T.);
#9257=ORIENTED_EDGE('',*,*,#9256,.T.);
#9258=ORIENTED_EDGE('',*,*,#7273,.F.);
#9259=CARTESIAN_POINT('',(-26.,-4.,10.3));
#9260=VERTEX_POINT('',#9259);
#9261=CARTESIAN_POINT('',(-26.,-7.05,10.3));
#9262=DIRECTION('',(0.,1.,0.));
#9263=VECTOR('',#9262,3.05);
#9264=LINE('',#9261,#9263);
#9265=EDGE_CURVE('',#7266,#9260,#9264,.T.);
#9266=ORIENTED_EDGE('',*,*,#9265,.T.);
#9267=CARTESIAN_POINT('',(-25.999999999993,-3.9999999999935,7.8658420676611));
#9268=VERTEX_POINT('',#9267);
#9269=CARTESIAN_POINT('',(-26.,-4.,10.3));
#9270=DIRECTION('',(2.8752637017731E-12,2.6703829189627E-12,-1.));
#9271=VECTOR('',#9270,2.4341579323389);
#9272=LINE('',#9269,#9271);
#9273=EDGE_CURVE('',#9260,#9268,#9272,.T.);
#9274=ORIENTED_EDGE('',*,*,#9273,.T.);
#9275=CARTESIAN_POINT('',(-25.999999999988,-1.156005243952,10.5));
#9276=VERTEX_POINT('',#9275);
#9277=CARTESIAN_POINT('',(-25.999999999987,-4.9556762823452,11.75));
#9278=DIRECTION('',(2.6645352591E-15,0.23891907058792,-0.9710394830847));
#9279=DIRECTION('',(1.,-6.0025607095315E-15,1.0858864726404E-15));
#9280=AXIS2_PLACEMENT_3D('',#9277,#9279,#9278);
#9281=CIRCLE('',#9280,4.0000000000005);
#9282=EDGE_CURVE('',#9268,#9276,#9281,.T.);
#9283=ORIENTED_EDGE('',*,*,#9282,.T.);
#9284=CARTESIAN_POINT('',(-25.999999999988,-1.156005243952,10.5));
#9285=DIRECTION('',(0.,-1.,0.));
#9286=VECTOR('',#9285,7.5993420767852);
#9287=LINE('',#9284,#9286);
#9288=EDGE_CURVE('',#9276,#9250,#9287,.T.);
#9289=ORIENTED_EDGE('',*,*,#9288,.T.);
#9290=EDGE_LOOP('',(#9257,#9258,#9266,#9274,#9283,#9289));
#9291=FACE_OUTER_BOUND('',#9290,.T.);
#9292=ADVANCED_FACE('',(#9291),#9248,.T.);
#9293=CARTESIAN_POINT('',(-26.,-3.6076954834386,8.5000000000002));
#9294=DIRECTION('',(0.,1.,0.));
#9295=DIRECTION('',(-1.,0.,0.));
#9296=AXIS2_PLACEMENT_3D('',#9293,#9295,#9294);
#9297=PLANE('',#9296);
#9298=ORIENTED_EDGE('',*,*,#8989,.F.);
#9299=ORIENTED_EDGE('',*,*,#7281,.F.);
#9300=CARTESIAN_POINT('',(-25.999999999987,-4.9556762823452,11.75));
#9301=DIRECTION('',(-8.881784197001E-16,-0.52358092941532,-0.85197594470301));
#9302=DIRECTION('',(1.,-5.3537481971398E-15,3.0123336080804E-15));
#9303=AXIS2_PLACEMENT_3D('',#9300,#9302,#9301);
#9304=CIRCLE('',#9303,4.0000000000001);
#9305=EDGE_CURVE('',#7268,#9268,#9304,.T.);
#9306=ORIENTED_EDGE('',*,*,#9305,.T.);
#9307=CARTESIAN_POINT('',(-25.999999999993,-3.9999999999935,7.8658420676611));
#9308=DIRECTION('',(-3.7510387768302E-12,-3.4837534629735E-12,-1.));
#9309=VECTOR('',#9308,1.8658420676609);
#9310=LINE('',#9307,#9309);
#9311=EDGE_CURVE('',#9268,#8984,#9310,.T.);
#9312=ORIENTED_EDGE('',*,*,#9311,.T.);
#9313=EDGE_LOOP('',(#9298,#9299,#9306,#9312));
#9314=FACE_OUTER_BOUND('',#9313,.T.);
#9315=ADVANCED_FACE('',(#9314),#9297,.T.);
#9316=CARTESIAN_POINT('',(26.,-5.4361226081848,8.5000000000002));
#9317=DIRECTION('',(0.,-1.,0.));
#9318=DIRECTION('',(1.,0.,0.));
#9319=AXIS2_PLACEMENT_3D('',#9316,#9318,#9317);
#9320=PLANE('',#9319);
#9321=ORIENTED_EDGE('',*,*,#8816,.F.);
#9322=CARTESIAN_POINT('',(26.,-4.,7.9256934726692));
#9323=VERTEX_POINT('',#9322);
#9324=CARTESIAN_POINT('',(26.,-4.,6.0000000000002));
#9325=DIRECTION('',(0.,0.,1.));
#9326=VECTOR('',#9325,1.925693472669);
#9327=LINE('',#9324,#9326);
#9328=EDGE_CURVE('',#8805,#9323,#9327,.T.);
#9329=ORIENTED_EDGE('',*,*,#9328,.T.);
#9330=CARTESIAN_POINT('',(26.,-5.1724673065869,11.75));
#9331=DIRECTION('',(-5.3290699979894E-15,0.29311682664672,-0.9560766318327));
#9332=DIRECTION('',(-1.,1.7098857118556E-15,5.6868902644149E-15));
#9333=AXIS2_PLACEMENT_3D('',#9330,#9332,#9331);
#9334=CIRCLE('',#9333,4.0000003904707);
#9335=EDGE_CURVE('',#9323,#7372,#9334,.T.);
#9336=ORIENTED_EDGE('',*,*,#9335,.T.);
#9337=ORIENTED_EDGE('',*,*,#7377,.F.);
#9338=EDGE_LOOP('',(#9321,#9329,#9336,#9337));
#9339=FACE_OUTER_BOUND('',#9338,.T.);
#9340=ADVANCED_FACE('',(#9339),#9320,.T.);
#9341=CARTESIAN_POINT('',(26.,-5.1724673065869,9.1250025983509));
#9342=DIRECTION('',(4.6750279733454E-16,1.,4.6750279733454E-16));
#9343=DIRECTION('',(-1.,4.6750279733454E-16,1.291898324513E-15));
#9344=AXIS2_PLACEMENT_3D('',#9341,#9343,#9342);
#9345=PLANE('',#9344);
#9346=CARTESIAN_POINT('',(26.,-5.1724673065869,11.75));
#9347=DIRECTION('',(-2.6645352591004E-15,0.94991775959815,-0.31250000000005));
#9348=DIRECTION('',(-1.,-3.4658276784528E-15,2.1569776842325E-15));
#9349=AXIS2_PLACEMENT_3D('',#9346,#9348,#9347);
#9350=CIRCLE('',#9349,4.);
#9351=EDGE_CURVE('',#9051,#9323,#9350,.T.);
#9352=ORIENTED_EDGE('',*,*,#9351,.T.);
#9353=CARTESIAN_POINT('',(26.,-4.,10.3));
#9354=VERTEX_POINT('',#9353);
#9355=CARTESIAN_POINT('',(26.,-4.,7.9256934726692));
#9356=DIRECTION('',(0.,0.,1.));
#9357=VECTOR('',#9356,2.3743065273308);
#9358=LINE('',#9355,#9357);
#9359=EDGE_CURVE('',#9323,#9354,#9358,.T.);
#9360=ORIENTED_EDGE('',*,*,#9359,.T.);
#9361=CARTESIAN_POINT('',(26.,-4.,10.3));
#9362=DIRECTION('',(0.,-1.,0.));
#9363=VECTOR('',#9362,3.05);
#9364=LINE('',#9361,#9363);
#9365=EDGE_CURVE('',#9354,#7354,#9364,.T.);
#9366=ORIENTED_EDGE('',*,*,#9365,.T.);
#9367=ORIENTED_EDGE('',*,*,#7383,.F.);
#9368=CARTESIAN_POINT('',(26.,-5.1724673065869,11.75));
#9369=DIRECTION('',(-2.6645352590995E-15,-0.46938312753319,-0.8829946090363));
#9370=DIRECTION('',(-1.,2.3538051331236E-15,1.9826390393219E-15));
#9371=AXIS2_PLACEMENT_3D('',#9368,#9370,#9369);
#9372=CIRCLE('',#9371,4.0000000000013);
#9373=EDGE_CURVE('',#7372,#9059,#9372,.T.);
#9374=ORIENTED_EDGE('',*,*,#9373,.T.);
#9375=ORIENTED_EDGE('',*,*,#9064,.F.);
#9376=EDGE_LOOP('',(#9352,#9360,#9366,#9367,#9374,#9375));
#9377=FACE_OUTER_BOUND('',#9376,.T.);
#9378=ADVANCED_FACE('',(#9377),#9345,.T.);
#9379=CARTESIAN_POINT('',(-38.929289321881,7.9792893218813,5.9000000000002));
#9380=DIRECTION('',(-0.49999999999999,0.49999999999999,-0.70710678118656));
#9381=DIRECTION('',(-0.50000000000001,0.50000000000001,0.70710678118653));
#9382=AXIS2_PLACEMENT_3D('',#9379,#9381,#9380);
#9383=PLANE('',#9382);
#9384=ORIENTED_EDGE('',*,*,#8887,.F.);
#9385=ORIENTED_EDGE('',*,*,#8977,.F.);
#9386=CARTESIAN_POINT('',(-37.917157287525,8.85,6.0000000000002));
#9387=DIRECTION('',(-0.28108463771601,0.6785983445456,-0.6785983445456));
#9388=VECTOR('',#9387,0.29472515164169);
#9389=LINE('',#9386,#9388);
#9390=EDGE_CURVE('',#8966,#7395,#9389,.T.);
#9391=ORIENTED_EDGE('',*,*,#9390,.T.);
#9392=ORIENTED_EDGE('',*,*,#7400,.F.);
#9393=EDGE_LOOP('',(#9384,#9385,#9391,#9392));
#9394=FACE_OUTER_BOUND('',#9393,.T.);
#9395=ADVANCED_FACE('',(#9394),#9383,.T.);
#9396=CARTESIAN_POINT('',(-2.8284271247462,9.05,0.17157287525401));
#9397=DIRECTION('',(-1.,0.,0.));
#9398=DIRECTION('',(0.,1.,-0.));
#9399=AXIS2_PLACEMENT_3D('',#9396,#9398,#9397);
#9400=PLANE('',#9399);
#9401=CARTESIAN_POINT('',(-22.,9.05,5.8000000000002));
#9402=VERTEX_POINT('',#9401);
#9403=CARTESIAN_POINT('',(-22.,9.05,5.8000000000002));
#9404=DIRECTION('',(0.,0.,-1.));
#9405=VECTOR('',#9404,5.6);
#9406=LINE('',#9403,#9405);
#9407=EDGE_CURVE('',#9402,#7418,#9406,.T.);
#9408=ORIENTED_EDGE('',*,*,#9407,.T.);
#9409=ORIENTED_EDGE('',*,*,#7438,.F.);
#9410=ORIENTED_EDGE('',*,*,#7406,.F.);
#9411=CARTESIAN_POINT('',(-38.,9.05,5.8000000000002));
#9412=DIRECTION('',(1.,0.,0.));
#9413=VECTOR('',#9412,16.);
#9414=LINE('',#9411,#9413);
#9415=EDGE_CURVE('',#7395,#9402,#9414,.T.);
#9416=ORIENTED_EDGE('',*,*,#9415,.T.);
#9417=EDGE_LOOP('',(#9408,#9409,#9410,#9416));
#9418=FACE_OUTER_BOUND('',#9417,.T.);
#9419=ADVANCED_FACE('',(#9418),#9400,.T.);
#9420=CARTESIAN_POINT('',(-13.257484931964,0.16606357572649,0.10000000000009));
#9421=DIRECTION('',(0.50000000000008,0.50000000000009,0.70710678118643));
#9422=DIRECTION('',(0.49999999999992,0.49999999999992,-0.70710678118667));
#9423=AXIS2_PLACEMENT_3D('',#9420,#9422,#9421);
#9424=PLANE('',#9423);
#9425=CARTESIAN_POINT('',(-20.,7.05,0.19999999980695));
#9426=VERTEX_POINT('',#9425);
#9427=CARTESIAN_POINT('',(-20.,7.05,0.19999999980695));
#9428=DIRECTION('',(-0.67859834484779,-0.28108463783983,-0.67859834419212));
#9429=VECTOR('',#9428,0.29472515151044);
#9430=LINE('',#9427,#9429);
#9431=EDGE_CURVE('',#9426,#8451,#9430,.T.);
#9432=ORIENTED_EDGE('',*,*,#9431,.T.);
#9433=ORIENTED_EDGE('',*,*,#8456,.F.);
#9434=ORIENTED_EDGE('',*,*,#7453,.F.);
#9435=ORIENTED_EDGE('',*,*,#7425,.F.);
#9436=CARTESIAN_POINT('',(-22.,9.05,0.2000000000002));
#9437=DIRECTION('',(0.70710678118655,-0.70710678118655,-6.8324192497472E-11));
#9438=VECTOR('',#9437,2.8284271247462);
#9439=LINE('',#9436,#9438);
#9440=EDGE_CURVE('',#7418,#9426,#9439,.T.);
#9441=ORIENTED_EDGE('',*,*,#9440,.T.);
#9442=EDGE_LOOP('',(#9432,#9433,#9434,#9435,#9441));
#9443=FACE_OUTER_BOUND('',#9442,.T.);
#9444=ADVANCED_FACE('',(#9443),#9424,.T.);
#9445=CARTESIAN_POINT('',(-30.0000000005,7.25,-12.80000000001));
#9446=DIRECTION('',(-1.,0.,-6.661338147751E-15));
#9447=DIRECTION('',(0.,1.,0.));
#9448=AXIS2_PLACEMENT_3D('',#9445,#9447,#9446);
#9449=CYLINDRICAL_SURFACE('',#9448,0.79999999999999);
#9450=CARTESIAN_POINT('',(-30.8000000005,7.75,-12.80000000001));
#9451=VERTEX_POINT('',#9450);
#9452=CARTESIAN_POINT('',(-30.8000000005,7.25,-12.80000000001));
#9453=DIRECTION('',(0.,1.,0.));
#9454=VECTOR('',#9453,0.5);
#9455=LINE('',#9452,#9454);
#9456=EDGE_CURVE('',#7466,#9451,#9455,.T.);
#9457=ORIENTED_EDGE('',*,*,#9456,.T.);
#9458=CARTESIAN_POINT('',(-30.0000000005,7.75,-12.80000000001));
#9459=DIRECTION('',(-1.,2.6803154833089E-15,3.1401849173675E-15));
#9460=DIRECTION('',(2.6803154833089E-15,1.,-1.5700924586838E-15));
#9461=AXIS2_PLACEMENT_3D('',#9458,#9460,#9459);
#9462=CIRCLE('',#9461,0.8);
#9463=EDGE_CURVE('',#9451,#9451,#9462,.T.);
#9464=ORIENTED_EDGE('',*,*,#9463,.T.);
#9465=ORIENTED_EDGE('',*,*,#9456,.F.);
#9466=ORIENTED_EDGE('',*,*,#7472,.F.);
#9467=EDGE_LOOP('',(#9457,#9464,#9465,#9466));
#9468=FACE_OUTER_BOUND('',#9467,.T.);
#9469=ADVANCED_FACE('',(#9468),#9449,.F.);
#9470=CARTESIAN_POINT('',(30.0000000005,7.25,-12.80000000001));
#9471=DIRECTION('',(-1.,-5.5511151231257E-15,8.8817841970011E-15));
#9472=DIRECTION('',(0.,1.,3.5527136788005E-15));
#9473=AXIS2_PLACEMENT_3D('',#9470,#9472,#9471);
#9474=CYLINDRICAL_SURFACE('',#9473,0.80000000000001);
#9475=CARTESIAN_POINT('',(29.2000000005,7.75,-12.80000000001));
#9476=VERTEX_POINT('',#9475);
#9477=CARTESIAN_POINT('',(29.2000000005,7.25,-12.80000000001));
#9478=DIRECTION('',(0.,1.,0.));
#9479=VECTOR('',#9478,0.5);
#9480=LINE('',#9477,#9479);
#9481=EDGE_CURVE('',#8425,#9476,#9480,.T.);
#9482=ORIENTED_EDGE('',*,*,#9481,.T.);
#9483=CARTESIAN_POINT('',(30.0000000005,7.75,-12.80000000001));
#9484=DIRECTION('',(-1.,2.6803154833089E-15,-3.1401849173676E-15));
#9485=DIRECTION('',(2.6803154833089E-15,1.,-1.5700924586838E-15));
#9486=AXIS2_PLACEMENT_3D('',#9483,#9485,#9484);
#9487=CIRCLE('',#9486,0.79999999999999);
#9488=EDGE_CURVE('',#9476,#9476,#9487,.T.);
#9489=ORIENTED_EDGE('',*,*,#9488,.T.);
#9490=ORIENTED_EDGE('',*,*,#9481,.F.);
#9491=ORIENTED_EDGE('',*,*,#8431,.F.);
#9492=EDGE_LOOP('',(#9482,#9489,#9490,#9491));
#9493=FACE_OUTER_BOUND('',#9492,.T.);
#9494=ADVANCED_FACE('',(#9493),#9474,.F.);
#9495=CARTESIAN_POINT('',(-20.1,3.8772398371302,0.1000000000002));
#9496=DIRECTION('',(-0.70710678118652,0.,-0.70710678118657));
#9497=DIRECTION('',(0.70710678118657,-8.2815858409759E-16,-0.70710678118652));
#9498=AXIS2_PLACEMENT_3D('',#9495,#9497,#9496);
#9499=PLANE('',#9498);
#9500=ORIENTED_EDGE('',*,*,#8464,.F.);
#9501=ORIENTED_EDGE('',*,*,#9431,.F.);
#9502=CARTESIAN_POINT('',(-20.,-2.,0.19999999664059));
#9503=VERTEX_POINT('',#9502);
#9504=CARTESIAN_POINT('',(-20.,7.05,0.19999999980695));
#9505=DIRECTION('',(0.,-1.,-3.4987403091349E-10));
#9506=VECTOR('',#9505,9.05);
#9507=LINE('',#9504,#9506);
#9508=EDGE_CURVE('',#9426,#9503,#9507,.T.);
#9509=ORIENTED_EDGE('',*,*,#9508,.T.);
#9510=CARTESIAN_POINT('',(-20.,-2.,0.19999999664059));
#9511=DIRECTION('',(-0.70710678712555,0.,-0.70710677524754));
#9512=VECTOR('',#9511,0.28284271009902);
#9513=LINE('',#9510,#9512);
#9514=EDGE_CURVE('',#9503,#8459,#9513,.T.);
#9515=ORIENTED_EDGE('',*,*,#9514,.T.);
#9516=EDGE_LOOP('',(#9500,#9501,#9509,#9515));
#9517=FACE_OUTER_BOUND('',#9516,.T.);
#9518=ADVANCED_FACE('',(#9517),#9499,.T.);
#9519=CARTESIAN_POINT('',(-18.,-2.,2.2000000000001));
#9520=DIRECTION('',(0.70710678118655,0.70710678118655,-7.7487356737261E-17));
#9521=DIRECTION('',(-0.,-1.0958367081028E-16,-1.));
#9522=AXIS2_PLACEMENT_3D('',#9519,#9521,#9520);
#9523=CONICAL_SURFACE('',#9522,0.,0.78539816339748);
#9524=CARTESIAN_POINT('',(-18.,-4.,0.19999999664059));
#9525=VERTEX_POINT('',#9524);
#9526=CARTESIAN_POINT('',(-18.,-2.,0.19999998852978));
#9527=DIRECTION('',(-1.,6.661338147751E-16,4.0554068159171E-09));
#9528=DIRECTION('',(4.0554068097778E-09,4.0554068375334E-09,1.));
#9529=AXIS2_PLACEMENT_3D('',#9526,#9528,#9527);
#9530=CIRCLE('',#9529,2.);
#9531=EDGE_CURVE('',#9503,#9525,#9530,.T.);
#9532=ORIENTED_EDGE('',*,*,#9531,.T.);
#9533=CARTESIAN_POINT('',(-18.,-4.,0.19999999664059));
#9534=DIRECTION('',(0.,-0.70710678712555,-0.70710677524754));
#9535=VECTOR('',#9534,0.28284271009902);
#9536=LINE('',#9533,#9535);
#9537=EDGE_CURVE('',#9525,#8467,#9536,.T.);
#9538=ORIENTED_EDGE('',*,*,#9537,.T.);
#9539=ORIENTED_EDGE('',*,*,#8473,.F.);
#9540=ORIENTED_EDGE('',*,*,#9514,.F.);
#9541=EDGE_LOOP('',(#9532,#9538,#9539,#9540));
#9542=FACE_OUTER_BOUND('',#9541,.T.);
#9543=ADVANCED_FACE('',(#9542),#9523,.F.);
#9544=CARTESIAN_POINT('',(-1.0658141036402E-14,-4.1,0.10000000000017));
#9545=DIRECTION('',(0.,-0.70710678118656,-0.70710678118654));
#9546=DIRECTION('',(-1.7663540160192E-15,0.70710678118654,-0.70710678118656));
#9547=AXIS2_PLACEMENT_3D('',#9544,#9546,#9545);
#9548=PLANE('',#9547);
#9549=CARTESIAN_POINT('',(18.,-4.,0.1999999983204));
#9550=VERTEX_POINT('',#9549);
#9551=CARTESIAN_POINT('',(-18.,-4.,0.19999999664059));
#9552=DIRECTION('',(1.,0.,4.6661388487647E-11));
#9553=VECTOR('',#9552,36.);
#9554=LINE('',#9551,#9553);
#9555=EDGE_CURVE('',#9525,#9550,#9554,.T.);
#9556=ORIENTED_EDGE('',*,*,#9555,.T.);
#9557=CARTESIAN_POINT('',(18.,-4.,0.1999999983204));
#9558=DIRECTION('',(0.,-0.70710678415604,-0.70710677821705));
#9559=VECTOR('',#9558,0.28284271128682);
#9560=LINE('',#9557,#9559);
#9561=EDGE_CURVE('',#9550,#8476,#9560,.T.);
#9562=ORIENTED_EDGE('',*,*,#9561,.T.);
#9563=ORIENTED_EDGE('',*,*,#8481,.F.);
#9564=ORIENTED_EDGE('',*,*,#9537,.F.);
#9565=EDGE_LOOP('',(#9556,#9562,#9563,#9564));
#9566=FACE_OUTER_BOUND('',#9565,.T.);
#9567=ADVANCED_FACE('',(#9566),#9548,.T.);
#9568=CARTESIAN_POINT('',(18.,-2.,2.2000000000002));
#9569=DIRECTION('',(-0.70710678118655,0.70710678118655,0.));
#9570=DIRECTION('',(-0.,-0.,-1.));
#9571=AXIS2_PLACEMENT_3D('',#9568,#9570,#9569);
#9572=CONICAL_SURFACE('',#9571,0.,0.78539816339745);
#9573=CARTESIAN_POINT('',(20.,-2.,0.19999999631226));
#9574=VERTEX_POINT('',#9573);
#9575=CARTESIAN_POINT('',(18.,-2.,0.19999999262431));
#9576=DIRECTION('',(-1.7763568394003E-15,-1.,1.8439713228569E-09));
#9577=DIRECTION('',(-1.843971315925E-09,1.843971315925E-09,1.));
#9578=AXIS2_PLACEMENT_3D('',#9575,#9577,#9576);
#9579=CIRCLE('',#9578,2.);
#9580=EDGE_CURVE('',#9550,#9574,#9579,.T.);
#9581=ORIENTED_EDGE('',*,*,#9580,.T.);
#9582=CARTESIAN_POINT('',(20.,-2.,0.19999999631226));
#9583=DIRECTION('',(0.70710678770596,0.,-0.70710677466713));
#9584=VECTOR('',#9583,0.28284270986685);
#9585=LINE('',#9582,#9584);
#9586=EDGE_CURVE('',#9574,#8484,#9585,.T.);
#9587=ORIENTED_EDGE('',*,*,#9586,.T.);
#9588=ORIENTED_EDGE('',*,*,#8490,.F.);
#9589=ORIENTED_EDGE('',*,*,#9561,.F.);
#9590=EDGE_LOOP('',(#9581,#9587,#9588,#9589));
#9591=FACE_OUTER_BOUND('',#9590,.T.);
#9592=ADVANCED_FACE('',(#9591),#9572,.F.);
#9593=CARTESIAN_POINT('',(20.1,5.058449770625,0.099999998156223));
#9594=DIRECTION('',(0.70710678770597,1.2560739616003E-14,-0.70710677466713));
#9595=DIRECTION('',(-0.70710677466713,-1.0871830301375E-14,-0.70710678770597));
#9596=AXIS2_PLACEMENT_3D('',#9593,#9595,#9594);
#9597=PLANE('',#9596);
#9598=CARTESIAN_POINT('',(20.,-2.,0.19999999631226));
#9599=DIRECTION('',(0.,1.,2.9780884020346E-10));
#9600=VECTOR('',#9599,9.05);
#9601=LINE('',#9598,#9600);
#9602=EDGE_CURVE('',#9574,#8713,#9601,.T.);
#9603=ORIENTED_EDGE('',*,*,#9602,.T.);
#9604=ORIENTED_EDGE('',*,*,#8727,.F.);
#9605=ORIENTED_EDGE('',*,*,#8498,.F.);
#9606=ORIENTED_EDGE('',*,*,#9586,.F.);
#9607=EDGE_LOOP('',(#9603,#9604,#9605,#9606));
#9608=FACE_OUTER_BOUND('',#9607,.T.);
#9609=ADVANCED_FACE('',(#9608),#9597,.T.);
#9610=CARTESIAN_POINT('',(36.5,3.75,1.9718260098671E-13));
#9611=DIRECTION('',(-1.,4.2632564145606E-15,-5.5934506232807E-18));
#9612=DIRECTION('',(0.,0.,1.));
#9613=AXIS2_PLACEMENT_3D('',#9610,#9612,#9611);
#9614=CYLINDRICAL_SURFACE('',#9613,1.25);
#9615=CARTESIAN_POINT('',(35.25,3.75,1.9857681151729E-13));
#9616=DIRECTION('',(0.,0.,1.));
#9617=VECTOR('',#9616,6.);
#9618=LINE('',#9615,#9617);
#9619=EDGE_CURVE('',#8618,#8857,#9618,.T.);
#9620=ORIENTED_EDGE('',*,*,#9619,.T.);
#9621=ORIENTED_EDGE('',*,*,#8863,.F.);
#9622=ORIENTED_EDGE('',*,*,#9619,.F.);
#9623=ORIENTED_EDGE('',*,*,#8624,.F.);
#9624=EDGE_LOOP('',(#9620,#9621,#9622,#9623));
#9625=FACE_OUTER_BOUND('',#9624,.T.);
#9626=ADVANCED_FACE('',(#9625),#9614,.F.);
#9627=CARTESIAN_POINT('',(-36.5,3.75,1.9718260098671E-13));
#9628=DIRECTION('',(-1.,8.1712414612412E-15,-5.5934506232807E-18));
#9629=DIRECTION('',(0.,0.,1.));
#9630=AXIS2_PLACEMENT_3D('',#9627,#9629,#9628);
#9631=CYLINDRICAL_SURFACE('',#9630,1.25);
#9632=CARTESIAN_POINT('',(-37.75,3.75,1.9857681151729E-13));
#9633=DIRECTION('',(0.,0.,1.));
#9634=VECTOR('',#9633,6.);
#9635=LINE('',#9632,#9634);
#9636=EDGE_CURVE('',#8638,#9008,#9635,.T.);
#9637=ORIENTED_EDGE('',*,*,#9636,.T.);
#9638=ORIENTED_EDGE('',*,*,#9014,.F.);
#9639=ORIENTED_EDGE('',*,*,#9636,.F.);
#9640=ORIENTED_EDGE('',*,*,#8644,.F.);
#9641=EDGE_LOOP('',(#9637,#9638,#9639,#9640));
#9642=FACE_OUTER_BOUND('',#9641,.T.);
#9643=ADVANCED_FACE('',(#9642),#9631,.F.);
#9644=CARTESIAN_POINT('',(21.,8.05,2.2500000000002));
#9645=DIRECTION('',(0.70710678118655,0.70710678118655,0.));
#9646=DIRECTION('',(-0.70710678118655,0.70710678118655,0.));
#9647=AXIS2_PLACEMENT_3D('',#9644,#9646,#9645);
#9648=PLANE('',#9647);
#9649=CARTESIAN_POINT('',(20.,7.05,5.8000000000002));
#9650=VERTEX_POINT('',#9649);
#9651=CARTESIAN_POINT('',(20.,7.05,0.19999999900743));
#9652=DIRECTION('',(0.,0.,1.));
#9653=VECTOR('',#9652,5.6000000009928);
#9654=LINE('',#9651,#9653);
#9655=EDGE_CURVE('',#8713,#9650,#9654,.T.);
#9656=ORIENTED_EDGE('',*,*,#9655,.T.);
#9657=CARTESIAN_POINT('',(20.,7.05,5.8000000000002));
#9658=DIRECTION('',(0.70710678118655,0.70710678118655,0.));
#9659=VECTOR('',#9658,2.8284271247462);
#9660=LINE('',#9657,#9659);
#9661=EDGE_CURVE('',#9650,#8689,#9660,.T.);
#9662=ORIENTED_EDGE('',*,*,#9661,.T.);
#9663=ORIENTED_EDGE('',*,*,#8694,.F.);
#9664=ORIENTED_EDGE('',*,*,#8718,.F.);
#9665=EDGE_LOOP('',(#9656,#9662,#9663,#9664));
#9666=FACE_OUTER_BOUND('',#9665,.T.);
#9667=ADVANCED_FACE('',(#9666),#9648,.T.);
#9668=CARTESIAN_POINT('',(28.5,8.9500000000002,5.9));
#9669=DIRECTION('',(0.,0.70710678118654,-0.70710678118655));
#9670=DIRECTION('',(-1.3221831231021E-16,0.70710678118655,0.70710678118654));
#9671=AXIS2_PLACEMENT_3D('',#9668,#9670,#9669);
#9672=PLANE('',#9671);
#9673=CARTESIAN_POINT('',(22.,9.05,5.8000000000002));
#9674=DIRECTION('',(0.28108463771601,-0.6785983445456,0.6785983445456));
#9675=VECTOR('',#9674,0.29472515164169);
#9676=LINE('',#9673,#9675);
#9677=EDGE_CURVE('',#8689,#8824,#9676,.T.);
#9678=ORIENTED_EDGE('',*,*,#9677,.T.);
#9679=ORIENTED_EDGE('',*,*,#8829,.F.);
#9680=ORIENTED_EDGE('',*,*,#8744,.F.);
#9681=ORIENTED_EDGE('',*,*,#8700,.F.);
#9682=EDGE_LOOP('',(#9678,#9679,#9680,#9681));
#9683=FACE_OUTER_BOUND('',#9682,.T.);
#9684=ADVANCED_FACE('',(#9683),#9672,.T.);
#9685=CARTESIAN_POINT('',(21.464101615138,-4.,10.3));
#9686=DIRECTION('',(4.8176296729707E-08,1.,-5.3290705182007E-15));
#9687=DIRECTION('',(0.,-5.1316773154271E-15,-1.));
#9688=AXIS2_PLACEMENT_3D('',#9685,#9687,#9686);
#9689=CYLINDRICAL_SURFACE('',#9688,2.);
#9690=ORIENTED_EDGE('',*,*,#8794,.F.);
#9691=CARTESIAN_POINT('',(19.73204102865,-2.9999943445156,5.7999822684133));
#9692=VERTEX_POINT('',#9691);
#9693=CARTESIAN_POINT('',(20.142716111488,-2.498681947319,5.9999987762023));
#9694=CARTESIAN_POINT('',(19.991553656559,-2.6317272425073,5.8828571150401));
#9695=CARTESIAN_POINT('',(19.849497332026,-2.7966854274509,5.8002034236175));
#9696=CARTESIAN_POINT('',(19.73205080957,-2.9999999965356,5.7999841056455));
#9697=B_SPLINE_CURVE_WITH_KNOTS('',3,(#9693,#9694,#9695,#9696),.UNSPECIFIED.,.F.,.U.,(4,4),(3.4823714752386E-06,0.99999999432009),.UNSPECIFIED.);
#9698=EDGE_CURVE('',#8786,#9692,#9697,.T.);
#9699=ORIENTED_EDGE('',*,*,#9698,.T.);
#9700=CARTESIAN_POINT('',(19.732050807569,-3.,10.299996401044));
#9701=VERTEX_POINT('',#9700);
#9702=CARTESIAN_POINT('',(19.73204102865,-2.9999943445156,5.7999822684133));
#9703=DIRECTION('',(2.1730862865163E-06,-1.2567703640918E-06,0.99999999999685));
#9704=VECTOR('',#9703,4.5000141326449);
#9705=LINE('',#9702,#9704);
#9706=EDGE_CURVE('',#9692,#9701,#9705,.T.);
#9707=ORIENTED_EDGE('',*,*,#9706,.T.);
#9708=CARTESIAN_POINT('',(21.464101615138,-2.,10.3));
#9709=VERTEX_POINT('',#9708);
#9710=CARTESIAN_POINT('',(21.464101615115,-3.9999999999695,10.300003598956));
#9711=DIRECTION('',(-0.86602540378257,0.49999999999028,-3.598955807189E-06));
#9712=DIRECTION('',(3.1167871564044E-06,-1.7994779023595E-06,-0.99999999999352));
#9713=AXIS2_PLACEMENT_3D('',#9710,#9712,#9711);
#9714=CIRCLE('',#9713,1.9999999999779);
#9715=EDGE_CURVE('',#9701,#9709,#9714,.T.);
#9716=ORIENTED_EDGE('',*,*,#9715,.T.);
#9717=CARTESIAN_POINT('',(21.464101615138,-2.,10.3));
#9718=DIRECTION('',(0.,0.,-1.));
#9719=VECTOR('',#9718,4.2999999999998);
#9720=LINE('',#9717,#9719);
#9721=EDGE_CURVE('',#9709,#8788,#9720,.T.);
#9722=ORIENTED_EDGE('',*,*,#9721,.T.);
#9723=EDGE_LOOP('',(#9690,#9699,#9707,#9716,#9722));
#9724=FACE_OUTER_BOUND('',#9723,.T.);
#9725=ADVANCED_FACE('',(#9724),#9689,.T.);
#9726=CARTESIAN_POINT('',(23.5,-2.,8.5000000000002));
#9727=DIRECTION('',(-1.,2.7266169885498E-16,0.));
#9728=DIRECTION('',(2.7266169885498E-16,1.,-0.));
#9729=AXIS2_PLACEMENT_3D('',#9726,#9728,#9727);
#9730=PLANE('',#9729);
#9731=ORIENTED_EDGE('',*,*,#9721,.F.);
#9732=CARTESIAN_POINT('',(24.,-2.,10.3));
#9733=VERTEX_POINT('',#9732);
#9734=CARTESIAN_POINT('',(21.464101615138,-2.,10.3));
#9735=DIRECTION('',(1.,0.,0.));
#9736=VECTOR('',#9735,2.535898384862);
#9737=LINE('',#9734,#9736);
#9738=EDGE_CURVE('',#9709,#9733,#9737,.T.);
#9739=ORIENTED_EDGE('',*,*,#9738,.T.);
#9740=CARTESIAN_POINT('',(24.,-2.,10.3));
#9741=DIRECTION('',(0.,0.,-1.));
#9742=VECTOR('',#9741,4.2999999999998);
#9743=LINE('',#9740,#9742);
#9744=EDGE_CURVE('',#9733,#8797,#9743,.T.);
#9745=ORIENTED_EDGE('',*,*,#9744,.T.);
#9746=ORIENTED_EDGE('',*,*,#8802,.F.);
#9747=EDGE_LOOP('',(#9731,#9739,#9745,#9746));
#9748=FACE_OUTER_BOUND('',#9747,.T.);
#9749=ADVANCED_FACE('',(#9748),#9730,.T.);
#9750=CARTESIAN_POINT('',(25.,-3.,7.0937500000002));
#9751=DIRECTION('',(0.70710678118655,-0.70710678118655,-6.2803698347351E-16));
#9752=DIRECTION('',(0.70710678118655,0.70710678118655,-1.4690923590025E-16));
#9753=AXIS2_PLACEMENT_3D('',#9750,#9752,#9751);
#9754=PLANE('',#9753);
#9755=CARTESIAN_POINT('',(24.,-2.,10.3));
#9756=DIRECTION('',(0.70710678118655,-0.70710678118655,0.));
#9757=VECTOR('',#9756,2.8284271247462);
#9758=LINE('',#9755,#9757);
#9759=EDGE_CURVE('',#9733,#9354,#9758,.T.);
#9760=ORIENTED_EDGE('',*,*,#9759,.T.);
#9761=ORIENTED_EDGE('',*,*,#9359,.F.);
#9762=ORIENTED_EDGE('',*,*,#9328,.F.);
#9763=ORIENTED_EDGE('',*,*,#8810,.F.);
#9764=ORIENTED_EDGE('',*,*,#9744,.F.);
#9765=EDGE_LOOP('',(#9760,#9761,#9762,#9763,#9764));
#9766=FACE_OUTER_BOUND('',#9765,.T.);
#9767=ADVANCED_FACE('',(#9766),#9754,.T.);
#9768=CARTESIAN_POINT('',(20.828921356237,7.7375,5.9000000000002));
#9769=DIRECTION('',(-0.5,0.5,-0.70710678118655));
#9770=DIRECTION('',(-0.5,0.5,0.70710678118654));
#9771=AXIS2_PLACEMENT_3D('',#9768,#9770,#9769);
#9772=PLANE('',#9771);
#9773=CARTESIAN_POINT('',(20.,7.05,5.8000000000002));
#9774=DIRECTION('',(0.67859834454586,-0.28108463771476,0.67859834454586));
#9775=VECTOR('',#9774,0.29472515164157);
#9776=LINE('',#9773,#9775);
#9777=EDGE_CURVE('',#9650,#8832,#9776,.T.);
#9778=ORIENTED_EDGE('',*,*,#9777,.T.);
#9779=ORIENTED_EDGE('',*,*,#8837,.F.);
#9780=ORIENTED_EDGE('',*,*,#9677,.F.);
#9781=ORIENTED_EDGE('',*,*,#9661,.F.);
#9782=EDGE_LOOP('',(#9778,#9779,#9780,#9781));
#9783=FACE_OUTER_BOUND('',#9782,.T.);
#9784=ADVANCED_FACE('',(#9783),#9772,.T.);
#9785=CARTESIAN_POINT('',(20.1,3.525,5.9000000000001));
#9786=DIRECTION('',(-0.70710678118654,-7.5364438016636E-14,-0.70710678118655));
#9787=DIRECTION('',(-0.70710678118655,-4.5980264219916E-14,0.70710678118654));
#9788=AXIS2_PLACEMENT_3D('',#9785,#9787,#9786);
#9789=PLANE('',#9788);
#9790=ORIENTED_EDGE('',*,*,#8845,.F.);
#9791=ORIENTED_EDGE('',*,*,#9777,.F.);
#9792=CARTESIAN_POINT('',(20.,-2.,5.8000000000002));
#9793=VERTEX_POINT('',#9792);
#9794=CARTESIAN_POINT('',(20.,7.05,5.8000000000002));
#9795=DIRECTION('',(0.,-1.,0.));
#9796=VECTOR('',#9795,9.05);
#9797=LINE('',#9794,#9796);
#9798=EDGE_CURVE('',#9650,#9793,#9797,.T.);
#9799=ORIENTED_EDGE('',*,*,#9798,.T.);
#9800=CARTESIAN_POINT('',(20.,-2.,5.8000000000002));
#9801=DIRECTION('',(0.70710678118655,0.,0.70710678118655));
#9802=VECTOR('',#9801,0.28284271247462);
#9803=LINE('',#9800,#9802);
#9804=EDGE_CURVE('',#9793,#8840,#9803,.T.);
#9805=ORIENTED_EDGE('',*,*,#9804,.T.);
#9806=EDGE_LOOP('',(#9790,#9791,#9799,#9805));
#9807=FACE_OUTER_BOUND('',#9806,.T.);
#9808=ADVANCED_FACE('',(#9807),#9789,.T.);
#9809=CARTESIAN_POINT('',(20.2,-2.,6.0000000000002));
#9810=CARTESIAN_POINT('',(20.200215109832,-2.1782332899963,6.0000000000002));
#9811=CARTESIAN_POINT('',(20.166609472017,-2.4493089286122,6.0000000000002));
#9812=CARTESIAN_POINT('',(20.060367633861,-2.7865528102909,6.0000000000002));
#9813=CARTESIAN_POINT('',(19.951614063722,-3.0250852527661,6.0000000000002));
#9814=CARTESIAN_POINT('',(19.836884665788,-3.2172987186541,6.0000000000002));
#9815=CARTESIAN_POINT('',(19.738429535836,-3.3891692385588,6.0000000000002));
#9816=CARTESIAN_POINT('',(19.655685397764,-3.5322341082886,6.0000000000002));
#9817=CARTESIAN_POINT('',(19.589990151814,-3.6460597293547,6.0000000000002));
#9818=CARTESIAN_POINT('',(19.54276510455,-3.7278515806936,6.0000000000002));
#9819=CARTESIAN_POINT('',(19.513480641811,-3.7785739889368,6.0000000000002));
#9820=CARTESIAN_POINT('',(19.49548835166,-3.8097374885515,6.0000000000002));
#9821=CARTESIAN_POINT('',(19.482295698705,-3.8325878138697,6.0000000000002));
#9822=CARTESIAN_POINT('',(19.474908394183,-3.8453829868275,6.0000000000002));
#9823=CARTESIAN_POINT('',(19.471915908019,-3.8505661201029,6.0000000000002));
#9824=CARTESIAN_POINT('',(20.,-2.,5.8000000000002));
#9825=CARTESIAN_POINT('',(19.99994900354,-2.162430057837,5.7999938343147));
#9826=CARTESIAN_POINT('',(19.970107740857,-2.4077109732126,5.8000116339188));
#9827=CARTESIAN_POINT('',(19.872459206919,-2.716030772837,5.7999847412748));
#9828=CARTESIAN_POINT('',(19.777058935822,-2.9272109114251,5.800072835738));
#9829=CARTESIAN_POINT('',(19.663803609678,-3.1167634695808,5.7998393608385));
#9830=CARTESIAN_POINT('',(19.543190399273,-3.2765653769531,5.800804894891));
#9831=CARTESIAN_POINT('',(19.429562713764,-3.4016634999996,5.8080896268661));
#9832=CARTESIAN_POINT('',(19.329547005109,-3.4956948176919,5.8252194841427));
#9833=CARTESIAN_POINT('',(19.25225240267,-3.5601236915791,5.8511003620256));
#9834=CARTESIAN_POINT('',(19.2019964041,-3.5987383177805,5.8780766335945));
#9835=CARTESIAN_POINT('',(19.170254818258,-3.6219636336456,5.9031572045908));
#9836=CARTESIAN_POINT('',(19.146595450746,-3.6387709939883,5.9286464638689));
#9837=CARTESIAN_POINT('',(19.133125880158,-3.6480545649035,5.9512850338139));
#9838=CARTESIAN_POINT('',(19.127637826082,-3.6517968801243,5.968716370072));
#9839=B_SPLINE_SURFACE_WITH_KNOTS('',1,3,((#9809,#9810,#9811,#9812,#9813,#9814,#9815,#9816,#9817,#9818,#9819,#9820,#9821,#9822,#9823),(#9824,#9825,#9826,#9827,#9828,#9829,#9830,#9831,#9832,#9833,#9834,#9835,#9836,#9837,#9838)),.UNSPECIFIED.,.F.,.F.,.U.,(2,2),(4,1,1,1,1,1,1,1,1,1,1,1,4),(0.,1.),(0.,0.25474422984645,0.38587762359613,0.50544282610013,0.6229970316013,0.71825100860088,0.80326668194033,0.87303462858797,0.91991825951474,0.95136615574761,0.96828509608852,0.98161772004296,1.),.UNSPECIFIED.);
#9840=CARTESIAN_POINT('',(20.,-2.,5.8000000000002));
#9841=CARTESIAN_POINT('',(19.999944971439,-2.1897741451643,5.7999997135519));
#9842=CARTESIAN_POINT('',(19.943039489863,-2.4873176719598,5.8000006376218));
#9843=CARTESIAN_POINT('',(19.872217624743,-2.714325179634,5.7999968417279));
#9844=CARTESIAN_POINT('',(19.78049146506,-2.9161009967526,5.8000239968239));
#9845=CARTESIAN_POINT('',(19.732051390374,-3.0000003279964,5.799984478894));
#9846=B_SPLINE_CURVE_WITH_KNOTS('',2,(#9840,#9841,#9842,#9843,#9844,#9845),.UNSPECIFIED.,.F.,.U.,(3,1,1,1,3),(0.47444169724258,0.66415419454051,0.77799453641484,0.9027176997368,1.),.UNSPECIFIED.);
#9847=EDGE_CURVE('',#9793,#9692,#9846,.T.);
#9848=ORIENTED_EDGE('',*,*,#9847,.T.);
#9849=ORIENTED_EDGE('',*,*,#9698,.F.);
#9850=ORIENTED_EDGE('',*,*,#8852,.F.);
#9851=ORIENTED_EDGE('',*,*,#9804,.F.);
#9852=EDGE_LOOP('',(#9848,#9849,#9850,#9851));
#9853=FACE_OUTER_BOUND('',#9852,.T.);
#9854=ADVANCED_FACE('',(#9853),#9839,.T.);
#9855=CARTESIAN_POINT('',(-21.464101615138,-4.,10.300002666709));
#9856=DIRECTION('',(0.86601397899905,0.50001978778668,8.8817841970011E-16));
#9857=DIRECTION('',(0.,3.3553143702894E-15,-1.));
#9858=AXIS2_PLACEMENT_3D('',#9855,#9857,#9856);
#9859=CYLINDRICAL_SURFACE('',#9858,2.);
#9860=CARTESIAN_POINT('',(-21.464101615138,-2.,10.3));
#9861=VERTEX_POINT('',#9860);
#9862=CARTESIAN_POINT('',(-21.464101615138,-2.,6.0000000000002));
#9863=DIRECTION('',(0.,0.,1.));
#9864=VECTOR('',#9863,4.2999999999998);
#9865=LINE('',#9862,#9864);
#9866=EDGE_CURVE('',#8898,#9861,#9865,.T.);
#9867=ORIENTED_EDGE('',*,*,#9866,.T.);
#9868=CARTESIAN_POINT('',(-19.732050807569,-3.,10.300002666709));
#9869=VERTEX_POINT('',#9868);
#9870=CARTESIAN_POINT('',(-21.464101615001,-3.9999999998518,10.300005333419));
#9871=DIRECTION('',(-6.8496319732106E-11,0.99999999999644,-2.666709351306E-06));
#9872=DIRECTION('',(-5.1912059891004E-17,-2.6667093512647E-06,-0.99999999999644));
#9873=AXIS2_PLACEMENT_3D('',#9870,#9872,#9871);
#9874=CIRCLE('',#9873,1.9999999998589);
#9875=EDGE_CURVE('',#9861,#9869,#9874,.T.);
#9876=ORIENTED_EDGE('',*,*,#9875,.T.);
#9877=CARTESIAN_POINT('',(-19.73232650983,-2.9994876361838,5.799969909313));
#9878=VERTEX_POINT('',#9877);
#9879=CARTESIAN_POINT('',(-19.732050807569,-3.,10.300002666709));
#9880=DIRECTION('',(-6.1266722612676E-05,0.00011385779605163,-0.9999999916414));
#9881=VECTOR('',#9880,4.50003279501);
#9882=LINE('',#9879,#9881);
#9883=EDGE_CURVE('',#9869,#9878,#9882,.T.);
#9884=ORIENTED_EDGE('',*,*,#9883,.T.);
#9885=CARTESIAN_POINT('',(-19.732326474271,-2.9994876129332,5.7999673113732));
#9886=CARTESIAN_POINT('',(-19.850122087265,-2.7955957312705,5.800179742246));
#9887=CARTESIAN_POINT('',(-19.993542533021,-2.6299748506485,5.8843897775072));
#9888=CARTESIAN_POINT('',(-20.142713053826,-2.4986825450742,5.999998257105));
#9889=B_SPLINE_CURVE_WITH_KNOTS('',3,(#9885,#9886,#9887,#9888),.UNSPECIFIED.,.F.,.U.,(4,4),(5.0211152480703E-06,0.99917750198501),.UNSPECIFIED.);
#9890=EDGE_CURVE('',#9878,#8900,#9889,.T.);
#9891=ORIENTED_EDGE('',*,*,#9890,.T.);
#9892=ORIENTED_EDGE('',*,*,#8906,.F.);
#9893=EDGE_LOOP('',(#9867,#9876,#9884,#9891,#9892));
#9894=FACE_OUTER_BOUND('',#9893,.T.);
#9895=ADVANCED_FACE('',(#9894),#9859,.T.);
#9896=CARTESIAN_POINT('',(-19.471097658651,-3.8519833681786,6.0000000000002));
#9897=CARTESIAN_POINT('',(-19.484725654816,-3.8283770508049,6.0000000000002));
#9898=CARTESIAN_POINT('',(-19.526383302792,-3.7562321520435,6.0000000000002));
#9899=CARTESIAN_POINT('',(-19.601900266625,-3.6254032672387,6.0000000000002));
#9900=CARTESIAN_POINT('',(-19.697408329311,-3.4604001050185,6.0000000000002));
#9901=CARTESIAN_POINT('',(-19.815218286331,-3.2533663791479,6.0000000000002));
#9902=CARTESIAN_POINT('',(-19.945867256425,-3.036989264208,6.0000000000002));
#9903=CARTESIAN_POINT('',(-20.060298394626,-2.786939499367,6.0000000000002));
#9904=CARTESIAN_POINT('',(-20.166578401783,-2.4492805329237,6.0000000000002));
#9905=CARTESIAN_POINT('',(-20.200231576225,-2.178248339703,6.0000000000002));
#9906=CARTESIAN_POINT('',(-20.2,-2.,6.0000000000002));
#9907=CARTESIAN_POINT('',(-19.126137328333,-3.6528202315237,5.9741774018135));
#9908=CARTESIAN_POINT('',(-19.151308997303,-3.6358783283612,5.9090365121165));
#9909=CARTESIAN_POINT('',(-19.225602615997,-3.5825772356753,5.860313237441));
#9910=CARTESIAN_POINT('',(-19.349241989282,-3.4795267692696,5.8175846201034));
#9911=CARTESIAN_POINT('',(-19.490009838884,-3.3407264583708,5.8025205393611));
#9912=CARTESIAN_POINT('',(-19.641353205333,-3.1525435048971,5.7995538602353));
#9913=CARTESIAN_POINT('',(-19.772237374875,-2.9379291722591,5.8001606264743));
#9914=CARTESIAN_POINT('',(-19.872350967057,-2.7163467264519,5.7999682706821));
#9915=CARTESIAN_POINT('',(-19.970113127486,-2.4077136062011,5.8000241477162));
#9916=CARTESIAN_POINT('',(-19.99994614866,-2.1624286632094,5.7999872023159));
#9917=CARTESIAN_POINT('',(-20.,-2.,5.8000000000002));
#9918=B_SPLINE_SURFACE_WITH_KNOTS('',1,3,((#9896,#9897,#9898,#9899,#9900,#9901,#9902,#9903,#9904,#9905,#9906),(#9907,#9908,#9909,#9910,#9911,#9912,#9913,#9914,#9915,#9916,#9917)),.UNSPECIFIED.,.F.,.F.,.U.,(2,2),(4,1,1,1,1,1,1,1,4),(0.,1.),(0.,0.071474272463079,0.13604419487984,0.2386050973155,0.35972188032062,0.49472257995997,0.61464787221536,0.74560268597446,1.),.UNSPECIFIED.);
#9919=CARTESIAN_POINT('',(-20.,-2.,5.8000000000002));
#9920=VERTEX_POINT('',#9919);
#9921=CARTESIAN_POINT('',(-20.,-2.,5.8000000000002));
#9922=DIRECTION('',(-0.70710678118655,0.,0.70710678118655));
#9923=VECTOR('',#9922,0.28284271247462);
#9924=LINE('',#9921,#9923);
#9925=EDGE_CURVE('',#9920,#8909,#9924,.T.);
#9926=ORIENTED_EDGE('',*,*,#9925,.T.);
#9927=ORIENTED_EDGE('',*,*,#8915,.F.);
#9928=ORIENTED_EDGE('',*,*,#9890,.F.);
#9929=CARTESIAN_POINT('',(-19.732342137546,-2.9994966609282,5.7999821939287));
#9930=CARTESIAN_POINT('',(-19.780612288564,-2.9158351443933,5.8000279145568));
#9931=CARTESIAN_POINT('',(-19.872217607098,-2.7143252277912,5.7999963206285));
#9932=CARTESIAN_POINT('',(-19.943039493317,-2.4873176626497,5.8000007428251));
#9933=CARTESIAN_POINT('',(-19.999944969869,-2.189774149446,5.7999996662897));
#9934=CARTESIAN_POINT('',(-20.,-2.,5.8000000000002));
#9935=B_SPLINE_CURVE_WITH_KNOTS('',2,(#9929,#9930,#9931,#9932,#9933,#9934),.UNSPECIFIED.,.F.,.U.,(3,1,1,1,3),(0.47576355854166,0.5725636025104,0.69704225516498,0.8106594210659,1.),.UNSPECIFIED.);
#9936=EDGE_CURVE('',#9878,#9920,#9935,.T.);
#9937=ORIENTED_EDGE('',*,*,#9936,.T.);
#9938=EDGE_LOOP('',(#9926,#9927,#9928,#9937));
#9939=FACE_OUTER_BOUND('',#9938,.T.);
#9940=ADVANCED_FACE('',(#9939),#9918,.T.);
#9941=CARTESIAN_POINT('',(-20.1,2.525,5.9000000000003));
#9942=DIRECTION('',(0.70710678118656,4.3962588842966E-14,-0.70710678118654));
#9943=DIRECTION('',(0.70710678118654,2.2623210675399E-14,0.70710678118656));
#9944=AXIS2_PLACEMENT_3D('',#9941,#9943,#9942);
#9945=PLANE('',#9944);
#9946=ORIENTED_EDGE('',*,*,#9925,.F.);
#9947=CARTESIAN_POINT('',(-20.,-1.4027756377375,5.8000000000001));
#9948=VERTEX_POINT('',#9947);
#9949=CARTESIAN_POINT('',(-20.,-2.,5.8000000000002));
#9950=DIRECTION('',(0.,1.,-1.6656383980982E-13));
#9951=VECTOR('',#9950,0.5972243622625);
#9952=LINE('',#9949,#9951);
#9953=EDGE_CURVE('',#9920,#9948,#9952,.T.);
#9954=ORIENTED_EDGE('',*,*,#9953,.T.);
#9955=CARTESIAN_POINT('',(-20.600000005904,0.4000000218102,6.4000000059047));
#9956=DIRECTION('',(0.70710678118653,-4.2490471141576E-09,-0.70710678118656));
#9957=DIRECTION('',(-0.70710678118656,1.2174983243796E-13,-0.70710678118653));
#9958=AXIS2_PLACEMENT_3D('',#9955,#9957,#9956);
#9959=ELLIPSE('',#9958,2.6870057855816,1.9000000218239);
#9960=TRIMMED_CURVE('',#9959,(PARAMETER_VALUE(1.249507733365)),(PARAMETER_VALUE(1.3586830115008)),.T.,.PARAMETER.);
#9961=EDGE_CURVE('',#9948,#8918,#9960,.T.);
#9962=ORIENTED_EDGE('',*,*,#9961,.T.);
#9963=ORIENTED_EDGE('',*,*,#8923,.F.);
#9964=EDGE_LOOP('',(#9946,#9954,#9962,#9963));
#9965=FACE_OUTER_BOUND('',#9964,.T.);
#9966=ADVANCED_FACE('',(#9965),#9945,.T.);
#9967=CARTESIAN_POINT('',(-20.890674519789,0.40000000000001,6.3999999999902));
#9968=DIRECTION('',(0.,6.427606984672E-16,-1.));
#9969=DIRECTION('',(1.,0.,0.));
#9970=AXIS2_PLACEMENT_3D('',#9967,#9969,#9968);
#9971=CYLINDRICAL_SURFACE('',#9970,1.9);
#9972=CARTESIAN_POINT('',(-10.890674519789,0.40000000000001,4.4999999999902));
#9973=VERTEX_POINT('',#9972);
#9974=CARTESIAN_POINT('',(-10.890674519789,0.40000000000001,6.3999999999902));
#9975=DIRECTION('',(1.2087577430808E-15,-3.3054578077553E-16,-1.));
#9976=DIRECTION('',(-1.,6.6109156155106E-16,-1.2087577430808E-15));
#9977=AXIS2_PLACEMENT_3D('',#9974,#9976,#9975);
#9978=CIRCLE('',#9977,1.9);
#9979=EDGE_CURVE('',#9973,#9973,#9978,.T.);
#9980=ORIENTED_EDGE('',*,*,#9979,.T.);
#9981=CARTESIAN_POINT('',(-20.,0.40000000000001,4.4999999999902));
#9982=VERTEX_POINT('',#9981);
#9983=CARTESIAN_POINT('',(-10.890674519789,0.40000000000001,4.4999999999902));
#9984=DIRECTION('',(-1.,0.,0.));
#9985=VECTOR('',#9984,9.109325480211);
#9986=LINE('',#9983,#9985);
#9987=EDGE_CURVE('',#9973,#9982,#9986,.T.);
#9988=ORIENTED_EDGE('',*,*,#9987,.T.);
#9989=CARTESIAN_POINT('',(-20.,2.20277563774,5.8000000000002));
#9990=VERTEX_POINT('',#9989);
#9991=CARTESIAN_POINT('',(-20.,0.40000000000001,6.3999999999902));
#9992=DIRECTION('',(5.6095479138955E-15,-4.0902953538822E-16,-1.));
#9993=DIRECTION('',(1.,-3.2568172570134E-15,4.5163929288076E-15));
#9994=AXIS2_PLACEMENT_3D('',#9991,#9993,#9992);
#9995=CIRCLE('',#9994,1.9);
#9996=EDGE_CURVE('',#9982,#9990,#9995,.T.);
#9997=ORIENTED_EDGE('',*,*,#9996,.T.);
#9998=CARTESIAN_POINT('',(-20.600000001753,0.39999999421785,6.4000000017536));
#9999=DIRECTION('',(0.70710678118654,1.2562267337479E-09,-0.70710678118655));
#10000=DIRECTION('',(0.70710678118655,1.427746809668E-13,0.70710678118654));
#10001=AXIS2_PLACEMENT_3D('',#9998,#10000,#9999);
#10002=ELLIPSE('',#10001,2.6870057731442,1.9000000057877);
#10003=TRIMMED_CURVE('',#10002,(PARAMETER_VALUE(1.2495077362434)),(PARAMETER_VALUE(1.3586830148552)),.T.,.PARAMETER.);
#10004=EDGE_CURVE('',#9990,#8942,#10003,.T.);
#10005=ORIENTED_EDGE('',*,*,#10004,.T.);
#10006=ORIENTED_EDGE('',*,*,#8947,.F.);
#10007=CARTESIAN_POINT('',(-20.890674519789,0.40000000000001,6.3999999999902));
#10008=DIRECTION('',(5.6095479138956E-15,0.97758819058043,-0.21052631578421));
#10009=DIRECTION('',(1.,-1.2689765115607E-16,-3.1570176169358E-16));
#10010=AXIS2_PLACEMENT_3D('',#10007,#10009,#10008);
#10011=CIRCLE('',#10010,1.9);
#10012=EDGE_CURVE('',#8934,#8926,#10011,.T.);
#10013=ORIENTED_EDGE('',*,*,#10012,.T.);
#10014=ORIENTED_EDGE('',*,*,#8931,.F.);
#10015=ORIENTED_EDGE('',*,*,#9961,.F.);
#10016=CARTESIAN_POINT('',(-20.,0.40000000000001,6.3999999999902));
#10017=DIRECTION('',(0.,-0.94882928301869,-0.31578947367865));
#10018=DIRECTION('',(1.,5.7277005200448E-16,-1.938567525383E-15));
#10019=AXIS2_PLACEMENT_3D('',#10016,#10018,#10017);
#10020=CIRCLE('',#10019,1.9000000000021);
#10021=EDGE_CURVE('',#9948,#9982,#10020,.T.);
#10022=ORIENTED_EDGE('',*,*,#10021,.T.);
#10023=ORIENTED_EDGE('',*,*,#9987,.F.);
#10024=EDGE_LOOP('',(#9980,#9988,#9997,#10005,#10006,#10013,#10014,#10015,#10022,#10023));
#10025=FACE_OUTER_BOUND('',#10024,.T.);
#10026=ADVANCED_FACE('',(#10025),#9971,.T.);
#10027=CARTESIAN_POINT('',(-20.890674519789,0.40000000000001,6.9091034656093));
#10028=DIRECTION('',(0.,0.,-1.));
#10029=DIRECTION('',(-1.,-0.,-0.));
#10030=AXIS2_PLACEMENT_3D('',#10027,#10029,#10028);
#10031=PLANE('',#10030);
#10032=ORIENTED_EDGE('',*,*,#10012,.F.);
#10033=ORIENTED_EDGE('',*,*,#8939,.F.);
#10034=EDGE_LOOP('',(#10032,#10033));
#10035=FACE_OUTER_BOUND('',#10034,.T.);
#10036=ADVANCED_FACE('',(#10035),#10031,.T.);
#10037=CARTESIAN_POINT('',(-20.1,2.525,5.9000000000003));
#10038=DIRECTION('',(0.70710678118655,4.396258884298E-14,-0.70710678118654));
#10039=DIRECTION('',(0.70710678118654,2.2623210675399E-14,0.70710678118655));
#10040=AXIS2_PLACEMENT_3D('',#10037,#10039,#10038);
#10041=PLANE('',#10040);
#10042=CARTESIAN_POINT('',(-20.,7.05,5.8000000000002));
#10043=VERTEX_POINT('',#10042);
#10044=CARTESIAN_POINT('',(-20.,7.05,5.8000000000002));
#10045=DIRECTION('',(-0.67859834454586,-0.28108463771476,0.67859834454586));
#10046=VECTOR('',#10045,0.29472515164157);
#10047=LINE('',#10044,#10046);
#10048=EDGE_CURVE('',#10043,#8950,#10047,.T.);
#10049=ORIENTED_EDGE('',*,*,#10048,.T.);
#10050=ORIENTED_EDGE('',*,*,#8955,.F.);
#10051=ORIENTED_EDGE('',*,*,#10004,.F.);
#10052=CARTESIAN_POINT('',(-20.,2.20277563774,5.8000000000002));
#10053=DIRECTION('',(0.,1.,0.));
#10054=VECTOR('',#10053,4.84722436226);
#10055=LINE('',#10052,#10054);
#10056=EDGE_CURVE('',#9990,#10043,#10055,.T.);
#10057=ORIENTED_EDGE('',*,*,#10056,.T.);
#10058=EDGE_LOOP('',(#10049,#10050,#10051,#10057));
#10059=FACE_OUTER_BOUND('',#10058,.T.);
#10060=ADVANCED_FACE('',(#10059),#10041,.T.);
#10061=CARTESIAN_POINT('',(-20.828921356237,7.7375,5.9000000000002));
#10062=DIRECTION('',(0.50000000000002,0.5,-0.70710678118653));
#10063=DIRECTION('',(0.49999999999999,0.49999999999999,0.70710678118656));
#10064=AXIS2_PLACEMENT_3D('',#10061,#10063,#10062);
#10065=PLANE('',#10064);
#10066=CARTESIAN_POINT('',(-20.,7.05,5.8000000000002));
#10067=DIRECTION('',(-0.70710678118655,0.70710678118655,0.));
#10068=VECTOR('',#10067,2.8284271247462);
#10069=LINE('',#10066,#10068);
#10070=EDGE_CURVE('',#10043,#9402,#10069,.T.);
#10071=ORIENTED_EDGE('',*,*,#10070,.T.);
#10072=CARTESIAN_POINT('',(-22.,9.05,5.8000000000002));
#10073=DIRECTION('',(-0.28108463771601,-0.6785983445456,0.6785983445456));
#10074=VECTOR('',#10073,0.29472515164169);
#10075=LINE('',#10072,#10074);
#10076=EDGE_CURVE('',#9402,#8958,#10075,.T.);
#10077=ORIENTED_EDGE('',*,*,#10076,.T.);
#10078=ORIENTED_EDGE('',*,*,#8963,.F.);
#10079=ORIENTED_EDGE('',*,*,#10048,.F.);
#10080=EDGE_LOOP('',(#10071,#10077,#10078,#10079));
#10081=FACE_OUTER_BOUND('',#10080,.T.);
#10082=ADVANCED_FACE('',(#10081),#10065,.T.);
#10083=CARTESIAN_POINT('',(-28.5,8.9499999999996,5.9000000000006));
#10084=DIRECTION('',(-5.024295867751E-14,0.70710678118654,-0.70710678118656));
#10085=DIRECTION('',(-2.644366246211E-16,0.70710678118656,0.70710678118654));
#10086=AXIS2_PLACEMENT_3D('',#10083,#10085,#10084);
#10087=PLANE('',#10086);
#10088=ORIENTED_EDGE('',*,*,#9415,.F.);
#10089=ORIENTED_EDGE('',*,*,#9390,.F.);
#10090=ORIENTED_EDGE('',*,*,#8971,.F.);
#10091=ORIENTED_EDGE('',*,*,#10076,.F.);
#10092=EDGE_LOOP('',(#10088,#10089,#10090,#10091));
#10093=FACE_OUTER_BOUND('',#10092,.T.);
#10094=ADVANCED_FACE('',(#10093),#10087,.T.);
#10095=CARTESIAN_POINT('',(-25.,-3.,7.0937500000002));
#10096=DIRECTION('',(-0.70710678118655,-0.70710678118655,3.1401849173675E-16));
#10097=DIRECTION('',(-0.70710678118655,0.70710678118655,3.9175796240065E-16));
#10098=AXIS2_PLACEMENT_3D('',#10095,#10097,#10096);
#10099=PLANE('',#10098);
#10100=CARTESIAN_POINT('',(-24.,-2.,10.3));
#10101=VERTEX_POINT('',#10100);
#10102=CARTESIAN_POINT('',(-24.,-2.,10.3));
#10103=DIRECTION('',(0.,0.,-1.));
#10104=VECTOR('',#10103,4.2999999999998);
#10105=LINE('',#10102,#10104);
#10106=EDGE_CURVE('',#10101,#8992,#10105,.T.);
#10107=ORIENTED_EDGE('',*,*,#10106,.T.);
#10108=ORIENTED_EDGE('',*,*,#8997,.F.);
#10109=ORIENTED_EDGE('',*,*,#9311,.F.);
#10110=ORIENTED_EDGE('',*,*,#9273,.F.);
#10111=CARTESIAN_POINT('',(-26.,-4.,10.3));
#10112=DIRECTION('',(0.70710678118655,0.70710678118655,0.));
#10113=VECTOR('',#10112,2.8284271247462);
#10114=LINE('',#10111,#10113);
#10115=EDGE_CURVE('',#9260,#10101,#10114,.T.);
#10116=ORIENTED_EDGE('',*,*,#10115,.T.);
#10117=EDGE_LOOP('',(#10107,#10108,#10109,#10110,#10116));
#10118=FACE_OUTER_BOUND('',#10117,.T.);
#10119=ADVANCED_FACE('',(#10118),#10099,.T.);
#10120=CARTESIAN_POINT('',(-23.5,-2.,8.5000000000002));
#10121=DIRECTION('',(1.,5.4532339770996E-17,0.));
#10122=DIRECTION('',(-5.4532339770996E-17,1.,0.));
#10123=AXIS2_PLACEMENT_3D('',#10120,#10122,#10121);
#10124=PLANE('',#10123);
#10125=ORIENTED_EDGE('',*,*,#9003,.F.);
#10126=ORIENTED_EDGE('',*,*,#10106,.F.);
#10127=CARTESIAN_POINT('',(-24.,-2.,10.3));
#10128=DIRECTION('',(1.,0.,0.));
#10129=VECTOR('',#10128,2.535898384862);
#10130=LINE('',#10127,#10129);
#10131=EDGE_CURVE('',#10101,#9861,#10130,.T.);
#10132=ORIENTED_EDGE('',*,*,#10131,.T.);
#10133=ORIENTED_EDGE('',*,*,#9866,.F.);
#10134=EDGE_LOOP('',(#10125,#10126,#10132,#10133));
#10135=FACE_OUTER_BOUND('',#10134,.T.);
#10136=ADVANCED_FACE('',(#10135),#10124,.T.);
#10137=CARTESIAN_POINT('',(25.9,-5.6465830078125,10.4));
#10138=DIRECTION('',(0.70710678118655,0.,-0.70710678118654));
#10139=DIRECTION('',(0.70710678118654,-0.,0.70710678118655));
#10140=AXIS2_PLACEMENT_3D('',#10137,#10139,#10138);
#10141=PLANE('',#10140);
#10142=ORIENTED_EDGE('',*,*,#9365,.F.);
#10143=CARTESIAN_POINT('',(26.,-4.,10.3));
#10144=DIRECTION('',(-0.67859834454586,-0.28108463771476,0.67859834454586));
#10145=VECTOR('',#10144,0.29472515164157);
#10146=LINE('',#10143,#10145);
#10147=EDGE_CURVE('',#9354,#9083,#10146,.T.);
#10148=ORIENTED_EDGE('',*,*,#10147,.T.);
#10149=ORIENTED_EDGE('',*,*,#9088,.F.);
#10150=ORIENTED_EDGE('',*,*,#9030,.F.);
#10151=EDGE_LOOP('',(#10142,#10148,#10149,#10150));
#10152=FACE_OUTER_BOUND('',#10151,.T.);
#10153=ADVANCED_FACE('',(#10152),#10141,.T.);
#10154=CARTESIAN_POINT('',(10.,-5.1724673065869,11.75));
#10155=DIRECTION('',(0.,1.,1.4093434419493E-08));
#10156=DIRECTION('',(1.,-1.2779545607196E-16,1.2779545607196E-16));
#10157=AXIS2_PLACEMENT_3D('',#10154,#10156,#10155);
#10158=CYLINDRICAL_SURFACE('',#10157,4.);
#10159=CARTESIAN_POINT('',(10.,-1.1724673065869,11.75));
#10160=VERTEX_POINT('',#10159);
#10161=CARTESIAN_POINT('',(37.8,-1.1724673065869,11.75));
#10162=VERTEX_POINT('',#10161);
#10163=CARTESIAN_POINT('',(10.,-1.1724673065869,11.75));
#10164=DIRECTION('',(1.,0.,0.));
#10165=VECTOR('',#10164,27.8);
#10166=LINE('',#10163,#10165);
#10167=EDGE_CURVE('',#10160,#10162,#10166,.T.);
#10168=ORIENTED_EDGE('',*,*,#10167,.T.);
#10169=CARTESIAN_POINT('',(37.8,-9.1724673065869,11.75));
#10170=VERTEX_POINT('',#10169);
#10171=CARTESIAN_POINT('',(37.8,-5.1724673065869,11.75));
#10172=DIRECTION('',(0.,1.,-8.8817841970013E-16));
#10173=DIRECTION('',(-1.,7.2001087028524E-16,-2.4963677096855E-15));
#10174=AXIS2_PLACEMENT_3D('',#10171,#10173,#10172);
#10175=CIRCLE('',#10174,4.);
#10176=EDGE_CURVE('',#10162,#10170,#10175,.T.);
#10177=ORIENTED_EDGE('',*,*,#10176,.T.);
#10178=CARTESIAN_POINT('',(10.,-9.1724673065869,11.75));
#10179=VERTEX_POINT('',#10178);
#10180=CARTESIAN_POINT('',(37.8,-9.1724673065869,11.75));
#10181=DIRECTION('',(-1.,0.,0.));
#10182=VECTOR('',#10181,27.8);
#10183=LINE('',#10180,#10182);
#10184=EDGE_CURVE('',#10170,#10179,#10183,.T.);
#10185=ORIENTED_EDGE('',*,*,#10184,.T.);
#10186=CARTESIAN_POINT('',(10.,-9.1724673065869,11.75));
#10187=CARTESIAN_POINT('',(10.,-9.1725087464179,11.608741256359));
#10188=CARTESIAN_POINT('',(10.,-9.1574743775079,11.326236886449));
#10189=CARTESIAN_POINT('',(10.,-9.0903222683639,10.907225397761));
#10190=CARTESIAN_POINT('',(10.,-9.0163210667989,10.634171239336));
#10191=CARTESIAN_POINT('',(10.,-8.9721383449799,10.5));
#10192=B_SPLINE_CURVE_WITH_KNOTS('',3,(#10186,#10187,#10188,#10189,#10190,#10191),.UNSPECIFIED.,.F.,.U.,(4,1,1,4),(0.,0.3333297047366,0.6666702952634,1.),.UNSPECIFIED.);
#10193=EDGE_CURVE('',#10179,#9067,#10192,.T.);
#10194=ORIENTED_EDGE('',*,*,#10193,.T.);
#10195=ORIENTED_EDGE('',*,*,#9072,.F.);
#10196=ORIENTED_EDGE('',*,*,#9373,.F.);
#10197=ORIENTED_EDGE('',*,*,#9335,.F.);
#10198=ORIENTED_EDGE('',*,*,#9351,.F.);
#10199=ORIENTED_EDGE('',*,*,#9056,.F.);
#10200=CARTESIAN_POINT('',(10.,-1.3727962681939,10.5));
#10201=CARTESIAN_POINT('',(10.,-1.3286135463749,10.634171239336));
#10202=CARTESIAN_POINT('',(10.,-1.2546123448099,10.907225397761));
#10203=CARTESIAN_POINT('',(10.,-1.1874602356659,11.326236886449));
#10204=CARTESIAN_POINT('',(10.,-1.1724258667559,11.608741256359));
#10205=CARTESIAN_POINT('',(10.,-1.1724673065869,11.75));
#10206=B_SPLINE_CURVE_WITH_KNOTS('',3,(#10200,#10201,#10202,#10203,#10204,#10205),.UNSPECIFIED.,.F.,.U.,(4,1,1,4),(0.,0.3333297047366,0.6666702952634,1.),.UNSPECIFIED.);
#10207=EDGE_CURVE('',#9049,#10160,#10206,.T.);
#10208=ORIENTED_EDGE('',*,*,#10207,.T.);
#10209=EDGE_LOOP('',(#10168,#10177,#10185,#10194,#10195,#10196,#10197,#10198,#10199,#10208));
#10210=FACE_OUTER_BOUND('',#10209,.T.);
#10211=ADVANCED_FACE('',(#10210),#10158,.T.);
#10212=CARTESIAN_POINT('',(10.,-5.1724673065869,11.75));
#10213=DIRECTION('',(0.,1.,0.));
#10214=DIRECTION('',(-1.,0.,-1.4210854715202E-15));
#10215=AXIS2_PLACEMENT_3D('',#10212,#10214,#10213);
#10216=PLANE('',#10215);
#10217=CARTESIAN_POINT('',(10.,-8.9721383449819,13.));
#10218=VERTEX_POINT('',#10217);
#10219=CARTESIAN_POINT('',(10.,-1.3727962681939,13.));
#10220=VERTEX_POINT('',#10219);
#10221=CARTESIAN_POINT('',(10.,-8.9721383449819,13.));
#10222=DIRECTION('',(0.,1.,0.));
#10223=VECTOR('',#10222,7.599342076788);
#10224=LINE('',#10221,#10223);
#10225=EDGE_CURVE('',#10218,#10220,#10224,.T.);
#10226=ORIENTED_EDGE('',*,*,#10225,.T.);
#10227=CARTESIAN_POINT('',(10.,-1.3727962681939,13.));
#10228=CARTESIAN_POINT('',(10.,-1.3286135463749,12.865828760664));
#10229=CARTESIAN_POINT('',(10.,-1.2546123448099,12.592774602238));
#10230=CARTESIAN_POINT('',(10.,-1.1874602356659,12.173763113551));
#10231=CARTESIAN_POINT('',(10.,-1.1724258667559,11.891258743641));
#10232=CARTESIAN_POINT('',(10.,-1.1724673065869,11.75));
#10233=B_SPLINE_CURVE_WITH_KNOTS('',3,(#10227,#10228,#10229,#10230,#10231,#10232),.UNSPECIFIED.,.F.,.U.,(4,1,1,4),(0.,0.3333297047366,0.6666702952634,1.),.UNSPECIFIED.);
#10234=EDGE_CURVE('',#10220,#10160,#10233,.T.);
#10235=ORIENTED_EDGE('',*,*,#10234,.T.);
#10236=ORIENTED_EDGE('',*,*,#10207,.F.);
#10237=ORIENTED_EDGE('',*,*,#9169,.F.);
#10238=ORIENTED_EDGE('',*,*,#9216,.F.);
#10239=ORIENTED_EDGE('',*,*,#9078,.F.);
#10240=ORIENTED_EDGE('',*,*,#10193,.F.);
#10241=CARTESIAN_POINT('',(10.,-9.1724673065869,11.75));
#10242=CARTESIAN_POINT('',(10.,-9.1725087464179,11.891258743641));
#10243=CARTESIAN_POINT('',(10.,-9.1574743775079,12.173763113551));
#10244=CARTESIAN_POINT('',(10.,-9.0903222683639,12.592774602238));
#10245=CARTESIAN_POINT('',(10.,-9.0163210667989,12.865828760664));
#10246=CARTESIAN_POINT('',(10.,-8.9721383449799,13.));
#10247=B_SPLINE_CURVE_WITH_KNOTS('',3,(#10241,#10242,#10243,#10244,#10245,#10246),.UNSPECIFIED.,.F.,.U.,(4,1,1,4),(0.,0.3333297047366,0.6666702952634,1.),.UNSPECIFIED.);
#10248=EDGE_CURVE('',#10179,#10218,#10247,.T.);
#10249=ORIENTED_EDGE('',*,*,#10248,.T.);
#10250=EDGE_LOOP('',(#10226,#10235,#10236,#10237,#10238,#10239,#10240,#10249));
#10251=FACE_OUTER_BOUND('',#10250,.T.);
#10252=ADVANCED_FACE('',(#10251),#10216,.T.);
#10253=CARTESIAN_POINT('',(24.866789321881,-3.0082106781187,10.4));
#10254=DIRECTION('',(0.50000000000001,0.5,-0.70710678118655));
#10255=DIRECTION('',(0.5,0.5,0.70710678118655));
#10256=AXIS2_PLACEMENT_3D('',#10253,#10255,#10254);
#10257=PLANE('',#10256);
#10258=CARTESIAN_POINT('',(24.,-2.,10.3));
#10259=CARTESIAN_POINT('',(23.979289403322,-2.0500000719265,10.349999993272));
#10260=CARTESIAN_POINT('',(23.937868265925,-2.1500002347783,10.449999972377));
#10261=CARTESIAN_POINT('',(23.917157469358,-2.2000002288484,10.499999983948));
#10262=B_SPLINE_CURVE_WITH_KNOTS('',3,(#10258,#10259,#10260,#10261),.UNSPECIFIED.,.F.,.U.,(4,4),(0.,0.9999998929852),.UNSPECIFIED.);
#10263=EDGE_CURVE('',#9733,#9091,#10262,.T.);
#10264=ORIENTED_EDGE('',*,*,#10263,.T.);
#10265=ORIENTED_EDGE('',*,*,#9096,.F.);
#10266=ORIENTED_EDGE('',*,*,#10147,.F.);
#10267=ORIENTED_EDGE('',*,*,#9759,.F.);
#10268=EDGE_LOOP('',(#10264,#10265,#10266,#10267));
#10269=FACE_OUTER_BOUND('',#10268,.T.);
#10270=ADVANCED_FACE('',(#10269),#10257,.T.);
#10271=CARTESIAN_POINT('',(26.999321077749,-2.2000003146177,10.5));
#10272=CARTESIAN_POINT('',(21.463422692886,-2.2000003146177,10.5));
#10273=CARTESIAN_POINT('',(27.,-2.,10.3));
#10274=CARTESIAN_POINT('',(21.464101615138,-2.,10.3));
#10275=B_SPLINE_SURFACE_WITH_KNOTS('',1,1,((#10271,#10272),(#10273,#10274)),.UNSPECIFIED.,.F.,.F.,.U.,(2,2),(2,2),(0.,0.28284374976761),(0.,5.535898384863),.UNSPECIFIED.);
#10276=ORIENTED_EDGE('',*,*,#9104,.F.);
#10277=ORIENTED_EDGE('',*,*,#10263,.F.);
#10278=ORIENTED_EDGE('',*,*,#9738,.F.);
#10279=CARTESIAN_POINT('',(21.464101615138,-2.,10.3));
#10280=DIRECTION('',(-0.0024003438384537,-0.70710530030104,0.70710418796358));
#10281=VECTOR('',#10280,0.28284374976761);
#10282=LINE('',#10279,#10281);
#10283=EDGE_CURVE('',#9709,#9099,#10282,.T.);
#10284=ORIENTED_EDGE('',*,*,#10283,.T.);
#10285=EDGE_LOOP('',(#10276,#10277,#10278,#10284));
#10286=FACE_OUTER_BOUND('',#10285,.T.);
#10287=ADVANCED_FACE('',(#10286),#10275,.T.);
#10288=CARTESIAN_POINT('',(21.464101615138,-3.9999999999998,12.290366056597));
#10289=DIRECTION('',(0.50013620584604,-0.8659467510199,8.6058965287405E-14));
#10290=DIRECTION('',(7.1765240299997E-14,-5.7932627188738E-14,-1.));
#10291=AXIS2_PLACEMENT_3D('',#10288,#10290,#10289);
#10292=CONICAL_SURFACE('',#10291,0.,0.78781155528367);
#10293=ORIENTED_EDGE('',*,*,#9113,.F.);
#10294=ORIENTED_EDGE('',*,*,#10283,.F.);
#10295=ORIENTED_EDGE('',*,*,#9715,.F.);
#10296=CARTESIAN_POINT('',(19.732050807569,-3.,10.299996401044));
#10297=DIRECTION('',(0.61264763382249,-0.35647458603562,0.70539970674962));
#10298=VECTOR('',#10297,0.28353229671386);
#10299=LINE('',#10296,#10298);
#10300=EDGE_CURVE('',#9701,#9107,#10299,.T.);
#10301=ORIENTED_EDGE('',*,*,#10300,.T.);
#10302=EDGE_LOOP('',(#10293,#10294,#10295,#10301));
#10303=FACE_OUTER_BOUND('',#10302,.T.);
#10304=ADVANCED_FACE('',(#10303),#10292,.T.);
#10305=CARTESIAN_POINT('',(20.231901753204,-2.6879255943558,10.5));
#10306=CARTESIAN_POINT('',(20.227991550934,-2.6915925963447,10.5));
#10307=CARTESIAN_POINT('',(20.217751689045,-2.701275832233,10.5));
#10308=CARTESIAN_POINT('',(20.199158830744,-2.719388855575,10.5));
#10309=CARTESIAN_POINT('',(20.177916840838,-2.7406052490247,10.5));
#10310=CARTESIAN_POINT('',(20.145262120396,-2.7745697241554,10.5));
#10311=CARTESIAN_POINT('',(20.098529448396,-2.8262896756279,10.5));
#10312=CARTESIAN_POINT('',(20.038350449271,-2.8994638765511,10.5));
#10313=CARTESIAN_POINT('',(19.964511845321,-3.0000258610735,10.5));
#10314=CARTESIAN_POINT('',(19.884359254636,-3.1373472935055,10.5));
#10315=CARTESIAN_POINT('',(19.758899423782,-3.3316272965941,10.5));
#10316=CARTESIAN_POINT('',(19.592389282652,-3.525449787318,10.5));
#10317=CARTESIAN_POINT('',(19.395587386833,-3.7082416123955,10.5));
#10318=CARTESIAN_POINT('',(19.168019796024,-3.8709610689505,10.5));
#10319=CARTESIAN_POINT('',(18.932993392222,-3.9986357536925,10.5));
#10320=CARTESIAN_POINT('',(18.683593356574,-4.0962784271658,10.5));
#10321=CARTESIAN_POINT('',(18.377350596407,-4.1768818738805,10.5));
#10322=CARTESIAN_POINT('',(18.146089311106,-4.1999942565067,10.5));
#10323=CARTESIAN_POINT('',(18.,-4.2,10.5));
#10324=CARTESIAN_POINT('',(19.959934647365,-2.3983166806171,10.467188211665));
#10325=CARTESIAN_POINT('',(19.958344634734,-2.4061843660731,10.440797056973));
#10326=CARTESIAN_POINT('',(19.954084299716,-2.4266186012442,10.411295968976));
#10327=CARTESIAN_POINT('',(19.945785808251,-2.4628937430594,10.37944543564));
#10328=CARTESIAN_POINT('',(19.935775723833,-2.5036229175137,10.354545708947));
#10329=CARTESIAN_POINT('',(19.919097739479,-2.564738614208,10.330294767626));
#10330=CARTESIAN_POINT('',(19.892460784834,-2.6497334405601,10.311583096732));
#10331=CARTESIAN_POINT('',(19.852631998153,-2.75701657144,10.301861063015));
#10332=CARTESIAN_POINT('',(19.795130332214,-2.8865057210126,10.299699455272));
#10333=CARTESIAN_POINT('',(19.707467539204,-3.0475489702033,10.300172338077));
#10334=CARTESIAN_POINT('',(19.601723522776,-3.2035797304689,10.299913362114));
#10335=CARTESIAN_POINT('',(19.447081630235,-3.3883683353088,10.300020391501));
#10336=CARTESIAN_POINT('',(19.268880482584,-3.5524629859704,10.299992931039));
#10337=CARTESIAN_POINT('',(19.06181870565,-3.7009717480699,10.300001517012));
#10338=CARTESIAN_POINT('',(18.848175119152,-3.8169101882364,10.299999473175));
#10339=CARTESIAN_POINT('',(18.621434765181,-3.9057313210455,10.300000091));
#10340=CARTESIAN_POINT('',(18.343076486201,-3.9789606924547,10.299999947432));
#10341=CARTESIAN_POINT('',(18.132787538712,-4.0000301418873,10.300000025046));
#10342=CARTESIAN_POINT('',(18.,-4.,10.3));
#10343=B_SPLINE_SURFACE_WITH_KNOTS('',1,3,((#10305,#10306,#10307,#10308,#10309,#10310,#10311,#10312,#10313,#10314,#10315,#10316,#10317,#10318,#10319,#10320,#10321,#10322,#10323),(#10324,#10325,#10326,#10327,#10328,#10329,#10330,#10331,#10332,#10333,#10334,#10335,#10336,#10337,#10338,#10339,#10340,#10341,#10342)),.UNSPECIFIED.,.F.,.F.,.U.,(2,2),(4,1,1,1,1,1,1,1,1,1,1,1,1,1,1,1,4),(0.,0.28157683201211),(0.,0.049471939619237,0.074966332141428,0.11328593004353,0.1684400636966,0.24838773575066,0.35601018942711,0.48515334441957,0.65097176038548,0.87348715284242,1.1186727175531,1.3989932305238,1.644253214985,1.9242287283958,2.169206227991,2.4149148727298,2.8363794746735),.UNSPECIFIED.);
#10344=ORIENTED_EDGE('',*,*,#9129,.F.);
#10345=ORIENTED_EDGE('',*,*,#10300,.F.);
#10346=CARTESIAN_POINT('',(18.,-4.,10.3));
#10347=VERTEX_POINT('',#10346);
#10348=CARTESIAN_POINT('',(19.732050807569,-3.,10.299996401044));
#10349=CARTESIAN_POINT('',(19.705567932596,-3.0458693084321,10.300025768412));
#10350=CARTESIAN_POINT('',(19.608979417442,-3.1944057326631,10.299990130069));
#10351=CARTESIAN_POINT('',(19.448479196774,-3.3846979763369,10.300001140196));
#10352=CARTESIAN_POINT('',(19.265780051248,-3.5534660374664,10.29999972242));
#10353=CARTESIAN_POINT('',(19.063404086838,-3.6984140421052,10.30000003198));
#10354=CARTESIAN_POINT('',(18.845102597535,-3.8169257641212,10.299999992116));
#10355=CARTESIAN_POINT('',(18.613585839467,-3.9075947113267,10.300000001183));
#10356=CARTESIAN_POINT('',(18.396486500194,-3.9628499420888,10.299999999725));
#10357=CARTESIAN_POINT('',(18.149768414974,-3.9999782840706,10.300000000856));
#10358=CARTESIAN_POINT('',(18.,-4.,10.3));
#10359=B_SPLINE_CURVE_WITH_KNOTS('',2,(#10348,#10349,#10350,#10351,#10352,#10353,#10354,#10355,#10356,#10357,#10358),.UNSPECIFIED.,.F.,.U.,(3,1,1,1,1,1,1,1,1,3),(0.,0.03787257229368,0.12653317956438,0.21538073253923,0.30415613190492,0.39288222905183,0.4815484859937,0.57017551721162,0.64153920010486,0.7483118440632),.UNSPECIFIED.);
#10360=EDGE_CURVE('',#9701,#10347,#10359,.T.);
#10361=ORIENTED_EDGE('',*,*,#10360,.T.);
#10362=CARTESIAN_POINT('',(18.,-4.,10.3));
#10363=DIRECTION('',(0.,-0.70710678118655,0.70710678118655));
#10364=VECTOR('',#10363,0.28284271247462);
#10365=LINE('',#10362,#10364);
#10366=EDGE_CURVE('',#10347,#9116,#10365,.T.);
#10367=ORIENTED_EDGE('',*,*,#10366,.T.);
#10368=EDGE_LOOP('',(#10344,#10345,#10361,#10367));
#10369=FACE_OUTER_BOUND('',#10368,.T.);
#10370=ADVANCED_FACE('',(#10369),#10343,.T.);
#10371=CARTESIAN_POINT('',(-7.105427357601E-15,-4.1,10.4));
#10372=DIRECTION('',(0.,0.70710678118655,-0.70710678118655));
#10373=DIRECTION('',(-1.2735194387102E-15,0.70710678118655,0.70710678118655));
#10374=AXIS2_PLACEMENT_3D('',#10371,#10373,#10372);
#10375=PLANE('',#10374);
#10376=CARTESIAN_POINT('',(-18.,-4.2,10.5));
#10377=VERTEX_POINT('',#10376);
#10378=CARTESIAN_POINT('',(-15.978433830168,-4.2,10.5));
#10379=VERTEX_POINT('',#10378);
#10380=CARTESIAN_POINT('',(-18.,-4.2,10.5));
#10381=DIRECTION('',(1.,0.,0.));
#10382=VECTOR('',#10381,2.021566169832);
#10383=LINE('',#10380,#10382);
#10384=EDGE_CURVE('',#10377,#10379,#10383,.T.);
#10385=ORIENTED_EDGE('',*,*,#10384,.T.);
#10386=CARTESIAN_POINT('',(-12.821566169796,-4.2,10.5));
#10387=VERTEX_POINT('',#10386);
#10388=CARTESIAN_POINT('',(-15.978433830168,-4.2,10.5));
#10389=DIRECTION('',(1.,0.,0.));
#10390=VECTOR('',#10389,3.156867660372);
#10391=LINE('',#10388,#10390);
#10392=EDGE_CURVE('',#10379,#10387,#10391,.T.);
#10393=ORIENTED_EDGE('',*,*,#10392,.T.);
#10394=CARTESIAN_POINT('',(-12.821566169796,-4.2,10.5));
#10395=DIRECTION('',(1.,0.,0.));
#10396=VECTOR('',#10395,2.821566169797);
#10397=LINE('',#10394,#10396);
#10398=EDGE_CURVE('',#10387,#9219,#10397,.T.);
#10399=ORIENTED_EDGE('',*,*,#10398,.T.);
#10400=ORIENTED_EDGE('',*,*,#9224,.F.);
#10401=ORIENTED_EDGE('',*,*,#9163,.F.);
#10402=CARTESIAN_POINT('',(12.945074799992,-4.2,10.5));
#10403=DIRECTION('',(1.,0.,0.));
#10404=VECTOR('',#10403,2.909850400016);
#10405=LINE('',#10402,#10404);
#10406=EDGE_CURVE('',#9140,#9132,#10405,.T.);
#10407=ORIENTED_EDGE('',*,*,#10406,.T.);
#10408=ORIENTED_EDGE('',*,*,#9137,.F.);
#10409=ORIENTED_EDGE('',*,*,#10366,.F.);
#10410=CARTESIAN_POINT('',(-18.,-4.,10.3));
#10411=VERTEX_POINT('',#10410);
#10412=CARTESIAN_POINT('',(18.,-4.,10.3));
#10413=DIRECTION('',(-1.,0.,0.));
#10414=VECTOR('',#10413,36.);
#10415=LINE('',#10412,#10414);
#10416=EDGE_CURVE('',#10347,#10411,#10415,.T.);
#10417=ORIENTED_EDGE('',*,*,#10416,.T.);
#10418=CARTESIAN_POINT('',(-18.,-4.,10.3));
#10419=DIRECTION('',(0.,-0.70710678118655,0.70710678118655));
#10420=VECTOR('',#10419,0.28284271247462);
#10421=LINE('',#10418,#10420);
#10422=EDGE_CURVE('',#10411,#10377,#10421,.T.);
#10423=ORIENTED_EDGE('',*,*,#10422,.T.);
#10424=EDGE_LOOP('',(#10385,#10393,#10399,#10400,#10401,#10407,#10408,#10409,#10417,#10423));
#10425=FACE_OUTER_BOUND('',#10424,.T.);
#10426=ADVANCED_FACE('',(#10425),#10375,.T.);
#10427=CARTESIAN_POINT('',(14.399999999917,-5.1724673065273,13.));
#10428=DIRECTION('',(-1.,7.1363867199996E-09,2.0301221022686E-15));
#10429=DIRECTION('',(2.1316282072803E-15,7.105427357601E-16,-1.));
#10430=AXIS2_PLACEMENT_3D('',#10427,#10429,#10428);
#10431=CYLINDRICAL_SURFACE('',#10430,1.7499999998974);
#10432=CARTESIAN_POINT('',(16.15,-5.1724673065879,10.5));
#10433=VERTEX_POINT('',#10432);
#10434=CARTESIAN_POINT('',(16.15,-5.1724673065859,13.));
#10435=VERTEX_POINT('',#10434);
#10436=CARTESIAN_POINT('',(16.15,-5.1724673065879,10.5));
#10437=DIRECTION('',(0.,8.0007112046587E-13,1.));
#10438=VECTOR('',#10437,2.5);
#10439=LINE('',#10436,#10438);
#10440=EDGE_CURVE('',#10433,#10435,#10439,.T.);
#10441=ORIENTED_EDGE('',*,*,#10440,.T.);
#10442=CARTESIAN_POINT('',(12.65,-5.1724673065859,13.));
#10443=VERTEX_POINT('',#10442);
#10444=CARTESIAN_POINT('',(16.15,-5.1724673065839,13.));
#10445=CARTESIAN_POINT('',(16.150264644343,-5.0408371552439,13.));
#10446=CARTESIAN_POINT('',(16.12004625449,-4.7775364099269,13.));
#10447=CARTESIAN_POINT('',(15.98817957457,-4.4025421851129,13.));
#10448=CARTESIAN_POINT('',(15.77615213349,-4.0676682286909,13.));
#10449=CARTESIAN_POINT('',(15.49576999127,-3.7892317146289,13.));
#10450=CARTESIAN_POINT('',(15.16129084237,-3.5804212642919,13.));
#10451=CARTESIAN_POINT('',(14.788472597,-3.4510531039689,13.));
#10452=CARTESIAN_POINT('',(14.39606667035,-3.4077521343189,13.));
#10453=CARTESIAN_POINT('',(14.00352280792,-3.4528235950059,13.));
#10454=CARTESIAN_POINT('',(13.63085735537,-3.5841563568649,13.));
#10455=CARTESIAN_POINT('',(13.2976641346,-3.7945411843849,13.));
#10456=CARTESIAN_POINT('',(13.01964853194,-4.0731906699849,13.));
#10457=CARTESIAN_POINT('',(12.8100595786,-4.4066673205779,13.));
#10458=CARTESIAN_POINT('',(12.67965643268,-4.7795776297589,13.));
#10459=CARTESIAN_POINT('',(12.64974079744,-5.0413953884539,13.));
#10460=CARTESIAN_POINT('',(12.65,-5.1724673065839,13.));
#10461=B_SPLINE_CURVE_WITH_KNOTS('',3,(#10444,#10445,#10446,#10447,#10448,#10449,#10450,#10451,#10452,#10453,#10454,#10455,#10456,#10457,#10458,#10459,#10460),.UNSPECIFIED.,.F.,.U.,(4,1,1,1,1,1,1,1,1,1,1,1,1,1,4),(0.,0.07179410637594,0.1437239649636,0.2155312148097,0.2866881832145,0.3580134360973,0.429347642674,0.5006800828022,0.5720927411543,0.6436046015291,0.7149357191359,0.7857718487983,0.8570835541454,0.9285091804561,1.),.UNSPECIFIED.);
#10462=EDGE_CURVE('',#10435,#10443,#10461,.T.);
#10463=ORIENTED_EDGE('',*,*,#10462,.T.);
#10464=CARTESIAN_POINT('',(12.65,-5.1724673065879,10.5));
#10465=VERTEX_POINT('',#10464);
#10466=CARTESIAN_POINT('',(12.65,-5.1724673065859,13.));
#10467=DIRECTION('',(0.,-8.0007112046587E-13,-1.));
#10468=VECTOR('',#10467,2.5);
#10469=LINE('',#10466,#10468);
#10470=EDGE_CURVE('',#10443,#10465,#10469,.T.);
#10471=ORIENTED_EDGE('',*,*,#10470,.T.);
#10472=CARTESIAN_POINT('',(12.65,-5.1724673065889,10.5));
#10473=CARTESIAN_POINT('',(12.64973535566,-5.0408371552479,10.5));
#10474=CARTESIAN_POINT('',(12.67995374551,-4.7775364099289,10.5));
#10475=CARTESIAN_POINT('',(12.794697025222,-4.4512366406899,10.5));
#10476=CARTESIAN_POINT('',(12.900454384802,-4.266770158434,10.5));
#10477=CARTESIAN_POINT('',(12.945080247477,-4.2000039012592,10.5));
#10478=B_SPLINE_CURVE_WITH_KNOTS('',3,(#10472,#10473,#10474,#10475,#10476,#10477),.UNSPECIFIED.,.F.,.U.,(4,1,1,4),(0.81245634998498,0.8842504563609,0.95618031494858,1.),.UNSPECIFIED.);
#10479=EDGE_CURVE('',#10465,#9140,#10478,.T.);
#10480=ORIENTED_EDGE('',*,*,#10479,.T.);
#10481=ORIENTED_EDGE('',*,*,#9155,.F.);
#10482=CARTESIAN_POINT('',(15.854920384957,-4.2000034795053,10.5));
#10483=CARTESIAN_POINT('',(15.900371767507,-4.2680055940808,10.5));
#10484=CARTESIAN_POINT('',(16.00618068272,-4.4531091516179,10.5));
#10485=CARTESIAN_POINT('',(16.120343567324,-4.7795776297609,10.5));
#10486=CARTESIAN_POINT('',(16.150259202557,-5.0413953884539,10.5));
#10487=CARTESIAN_POINT('',(16.15,-5.1724673065889,10.5));
#10488=B_SPLINE_CURVE_WITH_KNOTS('',3,(#10482,#10483,#10484,#10485,#10486,#10487),.UNSPECIFIED.,.F.,.U.,(4,1,1,4),(0.,0.04463197202533,0.11605759833603,0.18754841787993),.UNSPECIFIED.);
#10489=EDGE_CURVE('',#9132,#10433,#10488,.T.);
#10490=ORIENTED_EDGE('',*,*,#10489,.T.);
#10491=EDGE_LOOP('',(#10441,#10463,#10471,#10480,#10481,#10490));
#10492=FACE_OUTER_BOUND('',#10491,.T.);
#10493=ADVANCED_FACE('',(#10492),#10431,.F.);
#10494=CARTESIAN_POINT('',(-25.9,-5.4034169921875,10.4));
#10495=DIRECTION('',(-0.70710678118655,-6.2803698347346E-15,-0.70710678118654));
#10496=DIRECTION('',(-0.70710678118654,5.4137132392979E-29,0.70710678118655));
#10497=AXIS2_PLACEMENT_3D('',#10494,#10496,#10495);
#10498=PLANE('',#10497);
#10499=ORIENTED_EDGE('',*,*,#9265,.F.);
#10500=ORIENTED_EDGE('',*,*,#9201,.F.);
#10501=CARTESIAN_POINT('',(-25.8,-4.0828427124746,10.5));
#10502=VERTEX_POINT('',#10501);
#10503=CARTESIAN_POINT('',(-25.8,-6.9671572875254,10.5));
#10504=DIRECTION('',(0.,1.,0.));
#10505=VECTOR('',#10504,2.8843145750508);
#10506=LINE('',#10503,#10505);
#10507=EDGE_CURVE('',#9190,#10502,#10506,.T.);
#10508=ORIENTED_EDGE('',*,*,#10507,.T.);
#10509=CARTESIAN_POINT('',(-25.8,-4.0828427124746,10.5));
#10510=DIRECTION('',(-0.67859834454586,0.28108463771476,-0.67859834454586));
#10511=VECTOR('',#10510,0.29472515164157);
#10512=LINE('',#10509,#10511);
#10513=EDGE_CURVE('',#10502,#9260,#10512,.T.);
#10514=ORIENTED_EDGE('',*,*,#10513,.T.);
#10515=EDGE_LOOP('',(#10499,#10500,#10508,#10514));
#10516=FACE_OUTER_BOUND('',#10515,.T.);
#10517=ADVANCED_FACE('',(#10516),#10498,.T.);
#10518=CARTESIAN_POINT('',(-17.999999999993,-4.9556762823442,10.5));
#10519=DIRECTION('',(1.,8.8817841970068E-16,2.2204460492517E-16));
#10520=DIRECTION('',(2.2204460492517E-16,4.6750279733462E-16,-1.));
#10521=AXIS2_PLACEMENT_3D('',#10518,#10520,#10519);
#10522=PLANE('',#10521);
#10523=ORIENTED_EDGE('',*,*,#9288,.F.);
#10524=CARTESIAN_POINT('',(-9.999999999999,-1.1560052439521,10.5));
#10525=VERTEX_POINT('',#10524);
#10526=CARTESIAN_POINT('',(-25.999999999988,-1.156005243952,10.5));
#10527=DIRECTION('',(1.,-6.2450045135208E-15,0.));
#10528=VECTOR('',#10527,15.999999999989);
#10529=LINE('',#10526,#10528);
#10530=EDGE_CURVE('',#9276,#10525,#10529,.T.);
#10531=ORIENTED_EDGE('',*,*,#10530,.T.);
#10532=CARTESIAN_POINT('',(-9.999999999999,-1.1560052439521,10.5));
#10533=DIRECTION('',(0.,-1.,0.));
#10534=VECTOR('',#10533,3.0439947560479);
#10535=LINE('',#10532,#10534);
#10536=EDGE_CURVE('',#10525,#9219,#10535,.T.);
#10537=ORIENTED_EDGE('',*,*,#10536,.T.);
#10538=ORIENTED_EDGE('',*,*,#10398,.F.);
#10539=CARTESIAN_POINT('',(-12.821568996787,-4.2000013529462,10.5));
#10540=CARTESIAN_POINT('',(-12.822835301492,-4.1973551754534,10.5));
#10541=CARTESIAN_POINT('',(-12.881211311433,-4.0761559102765,10.5));
#10542=CARTESIAN_POINT('',(-13.023847866507,-3.8508772044472,10.5));
#10543=CARTESIAN_POINT('',(-13.304230008724,-3.5724406903842,10.5));
#10544=CARTESIAN_POINT('',(-13.638709157625,-3.3636302400482,10.5));
#10545=CARTESIAN_POINT('',(-14.011527402996,-3.2342620797252,10.5));
#10546=CARTESIAN_POINT('',(-14.403933329645,-3.1909611100762,10.5));
#10547=CARTESIAN_POINT('',(-14.796477192074,-3.2360325707632,10.5));
#10548=CARTESIAN_POINT('',(-15.169142644621,-3.3673653326212,10.5));
#10549=CARTESIAN_POINT('',(-15.502335865393,-3.5777501601412,10.5));
#10550=CARTESIAN_POINT('',(-15.78035146806,-3.8563996457392,10.5));
#10551=CARTESIAN_POINT('',(-15.920622443051,-4.0795845711478,10.5));
#10552=CARTESIAN_POINT('',(-15.97780721025,-4.1986952861098,10.5));
#10553=CARTESIAN_POINT('',(-15.978432013593,-4.20000086946,10.5));
#10554=B_SPLINE_CURVE_WITH_KNOTS('',3,(#10539,#10540,#10541,#10542,#10543,#10544,#10545,#10546,#10547,#10548,#10549,#10550,#10551,#10552,#10553),.UNSPECIFIED.,.F.,.U.,(4,1,1,1,1,1,1,1,1,1,1,1,4),(0.14212316526581,0.1437239649636,0.2155312148097,0.2866881832145,0.3580134360973,0.429347642674,0.5006800828022,0.5720927411543,0.6436046015291,0.7149357191359,0.7857718487983,0.8570835541454,0.85787339392994),.UNSPECIFIED.);
#10555=EDGE_CURVE('',#10387,#10379,#10554,.T.);
#10556=ORIENTED_EDGE('',*,*,#10555,.T.);
#10557=ORIENTED_EDGE('',*,*,#10384,.F.);
#10558=CARTESIAN_POINT('',(-19.904145773259,-3.1009068361617,10.5));
#10559=VERTEX_POINT('',#10558);
#10560=CARTESIAN_POINT('',(-18.,-4.2,10.5));
#10561=CARTESIAN_POINT('',(-18.17722587975,-4.1999438750915,10.5));
#10562=CARTESIAN_POINT('',(-18.464487527198,-4.1534328139491,10.5));
#10563=CARTESIAN_POINT('',(-18.706276595522,-4.0879997856251,10.5));
#10564=CARTESIAN_POINT('',(-18.959384567756,-3.9844964096186,10.5));
#10565=CARTESIAN_POINT('',(-19.197594411421,-3.8505323962496,10.5));
#10566=CARTESIAN_POINT('',(-19.41788743558,-3.6876766835027,10.5));
#10567=CARTESIAN_POINT('',(-19.616014703764,-3.4988890213299,10.5));
#10568=CARTESIAN_POINT('',(-19.789690833827,-3.2883112638747,10.5));
#10569=CARTESIAN_POINT('',(-19.881899526396,-3.1366472423951,10.5));
#10570=CARTESIAN_POINT('',(-19.904145773259,-3.1009068361617,10.5));
#10571=B_SPLINE_CURVE_WITH_KNOTS('',2,(#10560,#10561,#10562,#10563,#10564,#10565,#10566,#10567,#10568,#10569,#10570),.UNSPECIFIED.,.F.,.U.,(3,1,1,1,1,1,1,1,1,3),(0.18781507098018,0.31249846852946,0.39289512754985,0.48911435175329,0.58540199355245,0.68180520157283,0.77825273606497,0.87478618976771,0.97029555288638,1.),.UNSPECIFIED.);
#10572=EDGE_CURVE('',#10377,#10559,#10571,.T.);
#10573=ORIENTED_EDGE('',*,*,#10572,.T.);
#10574=CARTESIAN_POINT('',(-21.464101615138,-2.2,10.5));
#10575=VERTEX_POINT('',#10574);
#10576=CARTESIAN_POINT('',(-21.464101615013,-3.9999999998749,10.5));
#10577=DIRECTION('',(0.86639739219066,0.49935514296462,1.9731724348376E-15));
#10578=DIRECTION('',(-9.8595062477415E-16,-3.6768804108383E-15,1.));
#10579=AXIS2_PLACEMENT_3D('',#10576,#10578,#10577);
#10580=CIRCLE('',#10579,1.8005084685328);
#10581=EDGE_CURVE('',#10559,#10575,#10580,.T.);
#10582=ORIENTED_EDGE('',*,*,#10581,.T.);
#10583=CARTESIAN_POINT('',(-23.917157287525,-2.2,10.5));
#10584=VERTEX_POINT('',#10583);
#10585=CARTESIAN_POINT('',(-21.464101615138,-2.2,10.5));
#10586=DIRECTION('',(-1.,0.,0.));
#10587=VECTOR('',#10586,2.453055672387);
#10588=LINE('',#10585,#10587);
#10589=EDGE_CURVE('',#10575,#10584,#10588,.T.);
#10590=ORIENTED_EDGE('',*,*,#10589,.T.);
#10591=CARTESIAN_POINT('',(-23.917157287525,-2.2,10.5));
#10592=DIRECTION('',(-0.70710678118662,-0.70710678118647,0.));
#10593=VECTOR('',#10592,2.6627416997972);
#10594=LINE('',#10591,#10593);
#10595=EDGE_CURVE('',#10584,#10502,#10594,.T.);
#10596=ORIENTED_EDGE('',*,*,#10595,.T.);
#10597=ORIENTED_EDGE('',*,*,#10507,.F.);
#10598=ORIENTED_EDGE('',*,*,#9195,.F.);
#10599=CARTESIAN_POINT('',(-24.011809966788,-8.7553473207376,10.5));
#10600=DIRECTION('',(-1.,2.0102720675134E-13,0.));
#10601=VECTOR('',#10600,1.9881900332);
#10602=LINE('',#10599,#10601);
#10603=EDGE_CURVE('',#9182,#9250,#10602,.T.);
#10604=ORIENTED_EDGE('',*,*,#10603,.T.);
#10605=EDGE_LOOP('',(#10523,#10531,#10537,#10538,#10556,#10557,#10573,#10582,#10590,#10596,#10597,#10598,#10604));
#10606=FACE_OUTER_BOUND('',#10605,.T.);
#10607=ADVANCED_FACE('',(#10606),#10522,.T.);
#10608=CARTESIAN_POINT('',(-10.,-4.9556762823442,11.75));
#10609=DIRECTION('',(0.,1.,4.4408460915239E-16));
#10610=DIRECTION('',(1.,-1.2621643723844E-30,2.8421709430404E-15));
#10611=AXIS2_PLACEMENT_3D('',#10608,#10610,#10609);
#10612=PLANE('',#10611);
#10613=ORIENTED_EDGE('',*,*,#9232,.F.);
#10614=ORIENTED_EDGE('',*,*,#10536,.F.);
#10615=CARTESIAN_POINT('',(-10.,-0.95567628234597,11.75));
#10616=VERTEX_POINT('',#10615);
#10617=CARTESIAN_POINT('',(-10.,-1.1560052439531,10.5));
#10618=CARTESIAN_POINT('',(-10.,-1.111822522133,10.634171239336));
#10619=CARTESIAN_POINT('',(-10.,-1.037821320567,10.907225397761));
#10620=CARTESIAN_POINT('',(-10.,-0.97066921142196,11.326236886449));
#10621=CARTESIAN_POINT('',(-10.,-0.95563484251497,11.608741256359));
#10622=CARTESIAN_POINT('',(-10.,-0.95567628234597,11.75));
#10623=B_SPLINE_CURVE_WITH_KNOTS('',3,(#10617,#10618,#10619,#10620,#10621,#10622),.UNSPECIFIED.,.F.,.U.,(4,1,1,4),(0.,0.3333297047366,0.6666702952634,1.),.UNSPECIFIED.);
#10624=EDGE_CURVE('',#10525,#10616,#10623,.T.);
#10625=ORIENTED_EDGE('',*,*,#10624,.T.);
#10626=CARTESIAN_POINT('',(-9.999999999999,-1.156005243952,13.));
#10627=VERTEX_POINT('',#10626);
#10628=CARTESIAN_POINT('',(-10.000000000001,-4.9556762823452,11.75));
#10629=DIRECTION('',(1.9673151996355E-13,1.,0.));
#10630=DIRECTION('',(1.,-1.9686728727743E-13,-2.4445148030187E-14));
#10631=AXIS2_PLACEMENT_3D('',#10628,#10630,#10629);
#10632=CIRCLE('',#10631,4.0000000000005);
#10633=EDGE_CURVE('',#10616,#10627,#10632,.T.);
#10634=ORIENTED_EDGE('',*,*,#10633,.T.);
#10635=CARTESIAN_POINT('',(-9.999999999999,-8.7553473207372,13.));
#10636=VERTEX_POINT('',#10635);
#10637=CARTESIAN_POINT('',(-9.999999999999,-1.156005243952,13.));
#10638=DIRECTION('',(0.,-1.,0.));
#10639=VECTOR('',#10638,7.5993420767852);
#10640=LINE('',#10637,#10639);
#10641=EDGE_CURVE('',#10627,#10636,#10640,.T.);
#10642=ORIENTED_EDGE('',*,*,#10641,.T.);
#10643=CARTESIAN_POINT('',(-10.,-8.9556762823442,11.75));
#10644=VERTEX_POINT('',#10643);
#10645=CARTESIAN_POINT('',(-10.,-4.9556762823451,11.75));
#10646=DIRECTION('',(-2.0872192862958E-14,-0.94991775959815,0.31250000000004));
#10647=DIRECTION('',(1.,-1.8193598589189E-14,1.002119112822E-14));
#10648=AXIS2_PLACEMENT_3D('',#10645,#10647,#10646);
#10649=CIRCLE('',#10648,3.9999999999991);
#10650=EDGE_CURVE('',#10636,#10644,#10649,.T.);
#10651=ORIENTED_EDGE('',*,*,#10650,.T.);
#10652=CARTESIAN_POINT('',(-10.,-8.9556762823432,11.75));
#10653=CARTESIAN_POINT('',(-10.,-8.9557177221742,11.608741256359));
#10654=CARTESIAN_POINT('',(-10.,-8.9406833532662,11.326236886449));
#10655=CARTESIAN_POINT('',(-10.,-8.8735312441212,10.907225397761));
#10656=CARTESIAN_POINT('',(-10.,-8.7995300425562,10.634171239336));
#10657=CARTESIAN_POINT('',(-10.,-8.7553473207362,10.5));
#10658=B_SPLINE_CURVE_WITH_KNOTS('',3,(#10652,#10653,#10654,#10655,#10656,#10657),.UNSPECIFIED.,.F.,.U.,(4,1,1,4),(0.,0.3333297047366,0.6666702952633,1.),.UNSPECIFIED.);
#10659=EDGE_CURVE('',#10644,#9227,#10658,.T.);
#10660=ORIENTED_EDGE('',*,*,#10659,.T.);
#10661=EDGE_LOOP('',(#10613,#10614,#10625,#10634,#10642,#10651,#10660));
#10662=FACE_OUTER_BOUND('',#10661,.T.);
#10663=ADVANCED_FACE('',(#10662),#10612,.T.);
#10664=CARTESIAN_POINT('',(-10.,-4.9556762823452,11.75));
#10665=DIRECTION('',(2.2204460492503E-15,-1.,-4.8020254439507E-09));
#10666=DIRECTION('',(-1.,-1.1501591046481E-15,-5.1118182428803E-16));
#10667=AXIS2_PLACEMENT_3D('',#10664,#10666,#10665);
#10668=CYLINDRICAL_SURFACE('',#10667,4.);
#10669=ORIENTED_EDGE('',*,*,#10530,.F.);
#10670=ORIENTED_EDGE('',*,*,#9282,.F.);
#10671=ORIENTED_EDGE('',*,*,#9305,.F.);
#10672=ORIENTED_EDGE('',*,*,#9256,.F.);
#10673=ORIENTED_EDGE('',*,*,#10603,.F.);
#10674=ORIENTED_EDGE('',*,*,#9238,.F.);
#10675=ORIENTED_EDGE('',*,*,#10659,.F.);
#10676=CARTESIAN_POINT('',(-37.79999999999,-8.9556762823442,11.749999999998));
#10677=VERTEX_POINT('',#10676);
#10678=CARTESIAN_POINT('',(-10.,-8.9556762823442,11.75));
#10679=DIRECTION('',(-1.,0.,-7.194884176854E-14));
#10680=VECTOR('',#10679,27.79999999999);
#10681=LINE('',#10678,#10680);
#10682=EDGE_CURVE('',#10644,#10677,#10681,.T.);
#10683=ORIENTED_EDGE('',*,*,#10682,.T.);
#10684=CARTESIAN_POINT('',(-37.79999999999,-0.95567628234602,11.749999999998));
#10685=VERTEX_POINT('',#10684);
#10686=CARTESIAN_POINT('',(-37.79999999999,-4.9556762823452,11.75));
#10687=DIRECTION('',(1.7763568394007E-15,-1.,-5.0048853950115E-13));
#10688=DIRECTION('',(1.,2.3124199360632E-15,-1.2402937427376E-15));
#10689=AXIS2_PLACEMENT_3D('',#10686,#10688,#10687);
#10690=CIRCLE('',#10689,3.999999999999);
#10691=EDGE_CURVE('',#10677,#10685,#10690,.T.);
#10692=ORIENTED_EDGE('',*,*,#10691,.T.);
#10693=CARTESIAN_POINT('',(-37.79999999999,-0.95567628234602,11.749999999998));
#10694=DIRECTION('',(1.,1.7971236010126E-15,7.194884176854E-14));
#10695=VECTOR('',#10694,27.79999999999);
#10696=LINE('',#10693,#10695);
#10697=EDGE_CURVE('',#10685,#10616,#10696,.T.);
#10698=ORIENTED_EDGE('',*,*,#10697,.T.);
#10699=ORIENTED_EDGE('',*,*,#10624,.F.);
#10700=EDGE_LOOP('',(#10669,#10670,#10671,#10672,#10673,#10674,#10675,#10683,#10692,#10698,#10699));
#10701=FACE_OUTER_BOUND('',#10700,.T.);
#10702=ADVANCED_FACE('',(#10701),#10668,.T.);
#10703=CARTESIAN_POINT('',(-21.,8.05,2.0625000000002));
#10704=DIRECTION('',(-0.70710678118655,0.70710678118655,-3.1401849173675E-16));
#10705=DIRECTION('',(0.70710678118655,0.70710678118655,2.5205497664489E-16));
#10706=AXIS2_PLACEMENT_3D('',#10703,#10705,#10704);
#10707=PLANE('',#10706);
#10708=ORIENTED_EDGE('',*,*,#9407,.F.);
#10709=ORIENTED_EDGE('',*,*,#10070,.F.);
#10710=CARTESIAN_POINT('',(-20.,7.05,5.8000000000002));
#10711=DIRECTION('',(0.,0.,-1.));
#10712=VECTOR('',#10711,5.6000000001932);
#10713=LINE('',#10710,#10712);
#10714=EDGE_CURVE('',#10043,#9426,#10713,.T.);
#10715=ORIENTED_EDGE('',*,*,#10714,.T.);
#10716=ORIENTED_EDGE('',*,*,#9440,.F.);
#10717=EDGE_LOOP('',(#10708,#10709,#10715,#10716));
#10718=FACE_OUTER_BOUND('',#10717,.T.);
#10719=ADVANCED_FACE('',(#10718),#10707,.T.);
#10720=CARTESIAN_POINT('',(-30.0000000005,8.230688495222,-12.80000000001));
#10721=DIRECTION('',(-1.,1.9182025977912E-30,-2.8404237011937E-15));
#10722=DIRECTION('',(-0.,-1.,-6.7532269815417E-16));
#10723=AXIS2_PLACEMENT_3D('',#10720,#10722,#10721);
#10724=CONICAL_SURFACE('',#10723,0.,1.0297442586767);
#10725=CARTESIAN_POINT('',(-30.0000000005,8.2306884952221,-12.80000000001));
#10726=VERTEX_POINT('',#10725);
#10727=CARTESIAN_POINT('',(-30.8000000005,7.75,-12.80000000001));
#10728=DIRECTION('',(0.85716730070209,0.51503807491009,0.));
#10729=VECTOR('',#10728,0.93330671777229);
#10730=LINE('',#10727,#10729);
#10731=EDGE_CURVE('',#9451,#10726,#10730,.T.);
#10732=ORIENTED_EDGE('',*,*,#10731,.T.);
#10733=ORIENTED_EDGE('',*,*,#10731,.F.);
#10734=ORIENTED_EDGE('',*,*,#9463,.F.);
#10735=EDGE_LOOP('',(#10732,#10733,#10734));
#10736=FACE_OUTER_BOUND('',#10735,.T.);
#10737=ADVANCED_FACE('',(#10736),#10724,.F.);
#10738=CARTESIAN_POINT('',(30.0000000005,8.230688495222,-12.80000000001));
#10739=DIRECTION('',(-1.,-8.1090097528016E-31,1.2173244433687E-15));
#10740=DIRECTION('',(-0.,-1.,-6.7532269815417E-16));
#10741=AXIS2_PLACEMENT_3D('',#10738,#10740,#10739);
#10742=CONICAL_SURFACE('',#10741,0.,1.0297442586767);
#10743=CARTESIAN_POINT('',(30.0000000005,8.230688495222,-12.80000000001));
#10744=VERTEX_POINT('',#10743);
#10745=CARTESIAN_POINT('',(29.2000000005,7.75,-12.80000000001));
#10746=DIRECTION('',(0.85716730070213,0.51503807491002,0.));
#10747=VECTOR('',#10746,0.93330671777224);
#10748=LINE('',#10745,#10747);
#10749=EDGE_CURVE('',#9476,#10744,#10748,.T.);
#10750=ORIENTED_EDGE('',*,*,#10749,.T.);
#10751=ORIENTED_EDGE('',*,*,#10749,.F.);
#10752=ORIENTED_EDGE('',*,*,#9488,.F.);
#10753=EDGE_LOOP('',(#10750,#10751,#10752));
#10754=FACE_OUTER_BOUND('',#10753,.T.);
#10755=ADVANCED_FACE('',(#10754),#10742,.F.);
#10756=CARTESIAN_POINT('',(-20.,5.3534271247462,5.8284271247464));
#10757=DIRECTION('',(0.,-1.,0.));
#10758=DIRECTION('',(1.,0.,0.));
#10759=AXIS2_PLACEMENT_3D('',#10756,#10758,#10757);
#10760=PLANE('',#10759);
#10761=ORIENTED_EDGE('',*,*,#10714,.F.);
#10762=ORIENTED_EDGE('',*,*,#10056,.F.);
#10763=ORIENTED_EDGE('',*,*,#9996,.F.);
#10764=ORIENTED_EDGE('',*,*,#10021,.F.);
#10765=ORIENTED_EDGE('',*,*,#9953,.F.);
#10766=CARTESIAN_POINT('',(-20.,-2.,5.8000000000002));
#10767=DIRECTION('',(0.,0.,-1.));
#10768=VECTOR('',#10767,5.6000000033596);
#10769=LINE('',#10766,#10768);
#10770=EDGE_CURVE('',#9920,#9503,#10769,.T.);
#10771=ORIENTED_EDGE('',*,*,#10770,.T.);
#10772=ORIENTED_EDGE('',*,*,#9508,.F.);
#10773=EDGE_LOOP('',(#10761,#10762,#10763,#10764,#10765,#10771,#10772));
#10774=FACE_OUTER_BOUND('',#10773,.T.);
#10775=ADVANCED_FACE('',(#10774),#10760,.T.);
#10776=CARTESIAN_POINT('',(-18.,-2.,10.300002666709));
#10777=DIRECTION('',(-1.8887043751192E-07,-0.99999999999998,-2.6645352591004E-15));
#10778=DIRECTION('',(1.0552612097804E-15,1.8027379000415E-15,-1.));
#10779=AXIS2_PLACEMENT_3D('',#10776,#10778,#10777);
#10780=CYLINDRICAL_SURFACE('',#10779,2.);
#10781=CARTESIAN_POINT('',(-19.732050807569,-3.,10.300002666709));
#10782=CARTESIAN_POINT('',(-19.713119653874,-3.0327880624554,10.300007163309));
#10783=CARTESIAN_POINT('',(-19.626854113816,-3.1699396939782,10.299996914692));
#10784=CARTESIAN_POINT('',(-19.469223993038,-3.3626734467656,10.300000356403));
#10785=CARTESIAN_POINT('',(-19.288992071323,-3.534265486289,10.299999916118));
#10786=CARTESIAN_POINT('',(-19.088719193188,-3.6823028112624,10.300000009662));
#10787=CARTESIAN_POINT('',(-18.8721669016,-3.8040903884804,10.299999997614));
#10788=CARTESIAN_POINT('',(-18.642070770992,-3.8981937876797,10.30000000058));
#10789=CARTESIAN_POINT('',(-18.42226040212,-3.9576616955775,10.299999999812));
#10790=CARTESIAN_POINT('',(-18.161117170144,-3.9999710027468,10.300000000845));
#10791=CARTESIAN_POINT('',(-18.,-4.,10.3));
#10792=B_SPLINE_CURVE_WITH_KNOTS('',2,(#10781,#10782,#10783,#10784,#10785,#10786,#10787,#10788,#10789,#10790,#10791),.UNSPECIFIED.,.F.,.U.,(3,1,1,1,1,1,1,1,1,3),(0.25969315341192,0.28647443197795,0.37416922794168,0.46211788280816,0.54998857276215,0.63780615891126,0.7255242508715,0.81317638835361,0.88641581536555,1.),.UNSPECIFIED.);
#10793=EDGE_CURVE('',#9869,#10411,#10792,.T.);
#10794=ORIENTED_EDGE('',*,*,#10793,.T.);
#10795=CARTESIAN_POINT('',(-18.,-4.,10.3));
#10796=DIRECTION('',(0.,0.,-1.));
#10797=VECTOR('',#10796,10.100000003359);
#10798=LINE('',#10795,#10797);
#10799=EDGE_CURVE('',#10411,#9525,#10798,.T.);
#10800=ORIENTED_EDGE('',*,*,#10799,.T.);
#10801=ORIENTED_EDGE('',*,*,#9531,.F.);
#10802=ORIENTED_EDGE('',*,*,#10770,.F.);
#10803=ORIENTED_EDGE('',*,*,#9936,.F.);
#10804=ORIENTED_EDGE('',*,*,#9883,.F.);
#10805=EDGE_LOOP('',(#10794,#10800,#10801,#10802,#10803,#10804));
#10806=FACE_OUTER_BOUND('',#10805,.T.);
#10807=ADVANCED_FACE('',(#10806),#10780,.F.);
#10808=CARTESIAN_POINT('',(-3.5527136788005E-15,-4.,5.5000000000002));
#10809=DIRECTION('',(1.,-1.4802973661669E-16,0.));
#10810=DIRECTION('',(1.4802973661669E-16,1.,0.));
#10811=AXIS2_PLACEMENT_3D('',#10808,#10810,#10809);
#10812=PLANE('',#10811);
#10813=ORIENTED_EDGE('',*,*,#10799,.F.);
#10814=ORIENTED_EDGE('',*,*,#10416,.F.);
#10815=CARTESIAN_POINT('',(18.,-4.,10.3));
#10816=DIRECTION('',(0.,0.,-1.));
#10817=VECTOR('',#10816,10.10000000168);
#10818=LINE('',#10815,#10817);
#10819=EDGE_CURVE('',#10347,#9550,#10818,.T.);
#10820=ORIENTED_EDGE('',*,*,#10819,.T.);
#10821=ORIENTED_EDGE('',*,*,#9555,.F.);
#10822=EDGE_LOOP('',(#10813,#10814,#10820,#10821));
#10823=FACE_OUTER_BOUND('',#10822,.T.);
#10824=ADVANCED_FACE('',(#10823),#10812,.T.);
#10825=CARTESIAN_POINT('',(18.,-2.,10.3));
#10826=DIRECTION('',(1.,2.1544543926665E-11,-1.7763568394001E-15));
#10827=DIRECTION('',(-2.4622768061904E-15,3.165784465102E-15,-1.));
#10828=AXIS2_PLACEMENT_3D('',#10825,#10827,#10826);
#10829=CYLINDRICAL_SURFACE('',#10828,2.0000000000001);
#10830=ORIENTED_EDGE('',*,*,#9580,.F.);
#10831=ORIENTED_EDGE('',*,*,#10819,.F.);
#10832=ORIENTED_EDGE('',*,*,#10360,.F.);
#10833=ORIENTED_EDGE('',*,*,#9706,.F.);
#10834=ORIENTED_EDGE('',*,*,#9847,.F.);
#10835=CARTESIAN_POINT('',(20.,-2.,5.8000000000002));
#10836=DIRECTION('',(0.,0.,-1.));
#10837=VECTOR('',#10836,5.6000000036879);
#10838=LINE('',#10835,#10837);
#10839=EDGE_CURVE('',#9793,#9574,#10838,.T.);
#10840=ORIENTED_EDGE('',*,*,#10839,.T.);
#10841=EDGE_LOOP('',(#10830,#10831,#10832,#10833,#10834,#10840));
#10842=FACE_OUTER_BOUND('',#10841,.T.);
#10843=ADVANCED_FACE('',(#10842),#10829,.F.);
#10844=CARTESIAN_POINT('',(20.,5.3534271247462,5.8284271247464));
#10845=DIRECTION('',(0.,1.,0.));
#10846=DIRECTION('',(-1.,0.,0.));
#10847=AXIS2_PLACEMENT_3D('',#10844,#10846,#10845);
#10848=PLANE('',#10847);
#10849=ORIENTED_EDGE('',*,*,#9655,.F.);
#10850=ORIENTED_EDGE('',*,*,#9602,.F.);
#10851=ORIENTED_EDGE('',*,*,#10839,.F.);
#10852=ORIENTED_EDGE('',*,*,#9798,.F.);
#10853=EDGE_LOOP('',(#10849,#10850,#10851,#10852));
#10854=FACE_OUTER_BOUND('',#10853,.T.);
#10855=ADVANCED_FACE('',(#10854),#10848,.T.);
#10856=CARTESIAN_POINT('',(-21.464101615138,-3.9999999999998,12.3));
#10857=DIRECTION('',(-0.50016239805897,-0.86593162291713,6.6923987103372E-14));
#10858=DIRECTION('',(-1.8552228153797E-14,-6.6569759845979E-14,-1.));
#10859=AXIS2_PLACEMENT_3D('',#10856,#10858,#10857);
#10860=CONICAL_SURFACE('',#10859,0.,0.78539816339753);
#10861=ORIENTED_EDGE('',*,*,#10581,.F.);
#10862=CARTESIAN_POINT('',(-19.904145773259,-3.1009068361617,10.5));
#10863=DIRECTION('',(0.60921797207446,0.35721125163891,-0.70799264417368));
#10864=VECTOR('',#10863,0.28248504407051);
#10865=LINE('',#10862,#10864);
#10866=EDGE_CURVE('',#10559,#9869,#10865,.T.);
#10867=ORIENTED_EDGE('',*,*,#10866,.T.);
#10868=ORIENTED_EDGE('',*,*,#9875,.F.);
#10869=CARTESIAN_POINT('',(-21.464101615138,-2.,10.3));
#10870=DIRECTION('',(0.,-0.70710678118655,0.70710678118655));
#10871=VECTOR('',#10870,0.28284271247462);
#10872=LINE('',#10869,#10871);
#10873=EDGE_CURVE('',#9861,#10575,#10872,.T.);
#10874=ORIENTED_EDGE('',*,*,#10873,.T.);
#10875=EDGE_LOOP('',(#10861,#10867,#10868,#10874));
#10876=FACE_OUTER_BOUND('',#10875,.T.);
#10877=ADVANCED_FACE('',(#10876),#10860,.T.);
#10878=CARTESIAN_POINT('',(-10.890674519789,0.40000000000001,7.1234628195542));
#10879=DIRECTION('',(0.,0.,-1.));
#10880=DIRECTION('',(-1.,-0.,-0.));
#10881=AXIS2_PLACEMENT_3D('',#10878,#10880,#10879);
#10882=PLANE('',#10881);
#10883=CARTESIAN_POINT('',(-10.890674519789,0.40000000000001,3.6999999999902));
#10884=VERTEX_POINT('',#10883);
#10885=CARTESIAN_POINT('',(-10.890674519789,0.40000000000001,6.3999999999902));
#10886=DIRECTION('',(8.5060730068647E-16,-2.3260629017537E-16,-1.));
#10887=DIRECTION('',(-1.,4.6521258035075E-16,-8.5060730068647E-16));
#10888=AXIS2_PLACEMENT_3D('',#10885,#10887,#10886);
#10889=CIRCLE('',#10888,2.7);
#10890=EDGE_CURVE('',#10884,#10884,#10889,.T.);
#10891=ORIENTED_EDGE('',*,*,#10890,.T.);
#10892=EDGE_LOOP('',(#10891));
#10893=FACE_OUTER_BOUND('',#10892,.T.);
#10894=ORIENTED_EDGE('',*,*,#9979,.F.);
#10895=EDGE_LOOP('',(#10894));
#10896=FACE_BOUND('',#10895,.T.);
#10897=ADVANCED_FACE('',(#10893,#10896),#10882,.T.);
#10898=CARTESIAN_POINT('',(-24.866789321881,-3.0082106781187,10.4));
#10899=DIRECTION('',(-0.50000000000001,0.50000000000001,-0.70710678118653));
#10900=DIRECTION('',(-0.49999999999999,0.49999999999999,0.70710678118656));
#10901=AXIS2_PLACEMENT_3D('',#10898,#10900,#10899);
#10902=PLANE('',#10901);
#10903=ORIENTED_EDGE('',*,*,#10115,.F.);
#10904=ORIENTED_EDGE('',*,*,#10513,.F.);
#10905=ORIENTED_EDGE('',*,*,#10595,.F.);
#10906=CARTESIAN_POINT('',(-23.917157287525,-2.2,10.5));
#10907=DIRECTION('',(-0.28108463771601,0.6785983445456,-0.6785983445456));
#10908=VECTOR('',#10907,0.29472515164169);
#10909=LINE('',#10906,#10908);
#10910=EDGE_CURVE('',#10584,#10101,#10909,.T.);
#10911=ORIENTED_EDGE('',*,*,#10910,.T.);
#10912=EDGE_LOOP('',(#10903,#10904,#10905,#10911));
#10913=FACE_OUTER_BOUND('',#10912,.T.);
#10914=ADVANCED_FACE('',(#10913),#10902,.T.);
#10915=CARTESIAN_POINT('',(-24.078603777132,-2.1,10.4));
#10916=DIRECTION('',(-1.2560739669467E-14,0.70710678118654,-0.70710678118655));
#10917=DIRECTION('',(1.0088939182888E-14,0.70710678118655,0.70710678118654));
#10918=AXIS2_PLACEMENT_3D('',#10915,#10917,#10916);
#10919=PLANE('',#10918);
#10920=ORIENTED_EDGE('',*,*,#10131,.F.);
#10921=ORIENTED_EDGE('',*,*,#10910,.F.);
#10922=ORIENTED_EDGE('',*,*,#10589,.F.);
#10923=ORIENTED_EDGE('',*,*,#10873,.F.);
#10924=EDGE_LOOP('',(#10920,#10921,#10922,#10923));
#10925=FACE_OUTER_BOUND('',#10924,.T.);
#10926=ADVANCED_FACE('',(#10925),#10919,.T.);
#10927=CARTESIAN_POINT('',(10.,-5.1724673065869,11.749999999999));
#10928=DIRECTION('',(0.,-1.,9.8509373991362E-09));
#10929=DIRECTION('',(1.,-6.389772803598E-17,-5.0479205148424E-15));
#10930=AXIS2_PLACEMENT_3D('',#10927,#10929,#10928);
#10931=CYLINDRICAL_SURFACE('',#10930,4.);
#10932=ORIENTED_EDGE('',*,*,#10234,.F.);
#10933=CARTESIAN_POINT('',(26.,-1.3727962681939,13.));
#10934=VERTEX_POINT('',#10933);
#10935=CARTESIAN_POINT('',(10.,-1.3727962681939,13.));
#10936=DIRECTION('',(1.,0.,0.));
#10937=VECTOR('',#10936,16.);
#10938=LINE('',#10935,#10937);
#10939=EDGE_CURVE('',#10220,#10934,#10938,.T.);
#10940=ORIENTED_EDGE('',*,*,#10939,.T.);
#10941=CARTESIAN_POINT('',(26.,-8.9721383449819,13.));
#10942=VERTEX_POINT('',#10941);
#10943=CARTESIAN_POINT('',(26.,-5.1724673065869,11.75));
#10944=DIRECTION('',(-8.8817841970005E-16,0.94991775959818,0.31249999999997));
#10945=DIRECTION('',(1.,-2.7083779079471E-16,9.1767969782369E-16));
#10946=AXIS2_PLACEMENT_3D('',#10943,#10945,#10944);
#10947=CIRCLE('',#10946,4.0000000000003);
#10948=EDGE_CURVE('',#10934,#10942,#10947,.T.);
#10949=ORIENTED_EDGE('',*,*,#10948,.T.);
#10950=CARTESIAN_POINT('',(26.,-8.9721383449819,13.));
#10951=DIRECTION('',(-1.,0.,0.));
#10952=VECTOR('',#10951,16.);
#10953=LINE('',#10950,#10952);
#10954=EDGE_CURVE('',#10942,#10218,#10953,.T.);
#10955=ORIENTED_EDGE('',*,*,#10954,.T.);
#10956=ORIENTED_EDGE('',*,*,#10248,.F.);
#10957=ORIENTED_EDGE('',*,*,#10184,.F.);
#10958=CARTESIAN_POINT('',(37.8,-5.1724673065869,11.75));
#10959=DIRECTION('',(0.,-1.,-8.8817841970013E-16));
#10960=DIRECTION('',(-1.,5.3606309666179E-16,-5.3606309666179E-16));
#10961=AXIS2_PLACEMENT_3D('',#10958,#10960,#10959);
#10962=CIRCLE('',#10961,4.);
#10963=EDGE_CURVE('',#10170,#10162,#10962,.T.);
#10964=ORIENTED_EDGE('',*,*,#10963,.T.);
#10965=ORIENTED_EDGE('',*,*,#10167,.F.);
#10966=EDGE_LOOP('',(#10932,#10940,#10949,#10955,#10956,#10957,#10964,#10965));
#10967=FACE_OUTER_BOUND('',#10966,.T.);
#10968=CARTESIAN_POINT('',(27.2,-2.0499683073889,14.25));
#10969=VERTEX_POINT('',#10968);
#10970=CARTESIAN_POINT('',(35.2,-2.0499683073889,14.25));
#10971=VERTEX_POINT('',#10970);
#10972=CARTESIAN_POINT('',(27.2,-2.0499683073889,14.25));
#10973=DIRECTION('',(1.,0.,0.));
#10974=VECTOR('',#10973,8.);
#10975=LINE('',#10972,#10974);
#10976=EDGE_CURVE('',#10969,#10971,#10975,.T.);
#10977=ORIENTED_EDGE('',*,*,#10976,.T.);
#10978=CARTESIAN_POINT('',(35.2,-5.1724673065869,15.75));
#10979=VERTEX_POINT('',#10978);
#10980=CARTESIAN_POINT('',(35.2,-5.1724673065869,11.75));
#10981=DIRECTION('',(-5.329070518202E-15,0.78062474979968,0.62500000000015));
#10982=DIRECTION('',(1.,1.9500255082801E-15,4.0593017986793E-15));
#10983=AXIS2_PLACEMENT_3D('',#10980,#10982,#10981);
#10984=CIRCLE('',#10983,3.9999999999991);
#10985=EDGE_CURVE('',#10971,#10979,#10984,.T.);
#10986=ORIENTED_EDGE('',*,*,#10985,.T.);
#10987=CARTESIAN_POINT('',(27.2,-5.1724673065869,15.75));
#10988=VERTEX_POINT('',#10987);
#10989=CARTESIAN_POINT('',(35.2,-5.1724673065869,15.75));
#10990=DIRECTION('',(-1.,0.,0.));
#10991=VECTOR('',#10990,8.);
#10992=LINE('',#10989,#10991);
#10993=EDGE_CURVE('',#10979,#10988,#10992,.T.);
#10994=ORIENTED_EDGE('',*,*,#10993,.T.);
#10995=CARTESIAN_POINT('',(27.2,-5.1724673065869,11.75));
#10996=DIRECTION('',(-8.8817841970012E-16,2.2204460492503E-16,1.));
#10997=DIRECTION('',(-1.,-2.4375318853496E-16,-5.074127248348E-16));
#10998=AXIS2_PLACEMENT_3D('',#10995,#10997,#10996);
#10999=CIRCLE('',#10998,4.);
#11000=EDGE_CURVE('',#10988,#10969,#10999,.T.);
#11001=ORIENTED_EDGE('',*,*,#11000,.T.);
#11002=EDGE_LOOP('',(#10977,#10986,#10994,#11001));
#11003=FACE_BOUND('',#11002,.T.);
#11004=ADVANCED_FACE('',(#10967,#11003),#10931,.T.);
#11005=CARTESIAN_POINT('',(37.8,-5.1724673065869,11.75));
#11006=DIRECTION('',(0.,1.,4.4408920985006E-16));
#11007=DIRECTION('',(1.,0.,-0.));
#11008=AXIS2_PLACEMENT_3D('',#11005,#11007,#11006);
#11009=PLANE('',#11008);
#11010=ORIENTED_EDGE('',*,*,#10176,.F.);
#11011=ORIENTED_EDGE('',*,*,#10963,.F.);
#11012=EDGE_LOOP('',(#11010,#11011));
#11013=FACE_OUTER_BOUND('',#11012,.T.);
#11014=ADVANCED_FACE('',(#11013),#11009,.T.);
#11015=CARTESIAN_POINT('',(18.,-5.1724673065869,13.));
#11016=DIRECTION('',(-1.,-1.1102230246252E-16,-4.4408920985006E-16));
#11017=DIRECTION('',(-4.4408920985006E-16,0.,1.));
#11018=AXIS2_PLACEMENT_3D('',#11015,#11017,#11016);
#11019=PLANE('',#11018);
#11020=ORIENTED_EDGE('',*,*,#10954,.F.);
#11021=CARTESIAN_POINT('',(26.,-8.9721383449819,13.));
#11022=DIRECTION('',(0.,1.,0.));
#11023=VECTOR('',#11022,7.599342076788);
#11024=LINE('',#11021,#11023);
#11025=EDGE_CURVE('',#10942,#10934,#11024,.T.);
#11026=ORIENTED_EDGE('',*,*,#11025,.T.);
#11027=ORIENTED_EDGE('',*,*,#10939,.F.);
#11028=ORIENTED_EDGE('',*,*,#10225,.F.);
#11029=EDGE_LOOP('',(#11020,#11026,#11027,#11028));
#11030=FACE_OUTER_BOUND('',#11029,.T.);
#11031=ORIENTED_EDGE('',*,*,#10462,.F.);
#11032=CARTESIAN_POINT('',(16.15,-5.1724673065839,13.));
#11033=CARTESIAN_POINT('',(16.150259202557,-5.3035392247249,13.));
#11034=CARTESIAN_POINT('',(16.120343567324,-5.5653569834149,13.));
#11035=CARTESIAN_POINT('',(15.9899404214,-5.9382672925949,13.));
#11036=CARTESIAN_POINT('',(15.78035146806,-6.2717439431949,13.));
#11037=CARTESIAN_POINT('',(15.5023358654,-6.5503934287949,13.));
#11038=CARTESIAN_POINT('',(15.16914264463,-6.7607782563159,13.));
#11039=CARTESIAN_POINT('',(14.79647719208,-6.8921110181659,13.));
#11040=CARTESIAN_POINT('',(14.40393332965,-6.9371824788559,13.));
#11041=CARTESIAN_POINT('',(14.011527403,-6.8938815092059,13.));
#11042=CARTESIAN_POINT('',(13.63870915763,-6.7645133488859,13.));
#11043=CARTESIAN_POINT('',(13.30423000873,-6.5557028985449,13.));
#11044=CARTESIAN_POINT('',(13.02384786651,-6.2772663844849,13.));
#11045=CARTESIAN_POINT('',(12.81182042543,-5.9423924280649,13.));
#11046=CARTESIAN_POINT('',(12.67995374551,-5.5673982032449,13.));
#11047=CARTESIAN_POINT('',(12.64973535566,-5.3040974579249,13.));
#11048=CARTESIAN_POINT('',(12.65,-5.1724673065839,13.));
#11049=B_SPLINE_CURVE_WITH_KNOTS('',3,(#11032,#11033,#11034,#11035,#11036,#11037,#11038,#11039,#11040,#11041,#11042,#11043,#11044,#11045,#11046,#11047,#11048),.UNSPECIFIED.,.F.,.U.,(4,1,1,1,1,1,1,1,1,1,1,1,1,1,4),(0.,0.0714908195439,0.1429164458546,0.2142281512017,0.2850642808641,0.356395398471,0.4279072588457,0.4993199171978,0.570652357326,0.6419865639027,0.7133118167856,0.7844687851904,0.8562760350364,0.92820589362408,1.),.UNSPECIFIED.);
#11050=EDGE_CURVE('',#10435,#10443,#11049,.T.);
#11051=ORIENTED_EDGE('',*,*,#11050,.T.);
#11052=EDGE_LOOP('',(#11031,#11051));
#11053=FACE_BOUND('',#11052,.T.);
#11054=CARTESIAN_POINT('',(19.65,-5.1724673065859,13.));
#11055=VERTEX_POINT('',#11054);
#11056=CARTESIAN_POINT('',(23.15,-5.1724673065859,13.));
#11057=VERTEX_POINT('',#11056);
#11058=CARTESIAN_POINT('',(19.65,-5.1724673065839,13.));
#11059=CARTESIAN_POINT('',(19.649740797443,-5.0413953884539,13.));
#11060=CARTESIAN_POINT('',(19.679656432676,-4.7795776297589,13.));
#11061=CARTESIAN_POINT('',(19.810059578604,-4.4066673205779,13.));
#11062=CARTESIAN_POINT('',(20.019648531935,-4.0731906699849,13.));
#11063=CARTESIAN_POINT('',(20.297664134601,-3.7945411843849,13.));
#11064=CARTESIAN_POINT('',(20.630857355374,-3.5841563568649,13.));
#11065=CARTESIAN_POINT('',(21.00352280792,-3.4528235950059,13.));
#11066=CARTESIAN_POINT('',(21.39606667035,-3.4077521343189,13.));
#11067=CARTESIAN_POINT('',(21.788472597001,-3.4510531039689,13.));
#11068=CARTESIAN_POINT('',(22.16129084237,-3.5804212642919,13.));
#11069=CARTESIAN_POINT('',(22.495769991273,-3.7892317146289,13.));
#11070=CARTESIAN_POINT('',(22.776152133487,-4.0676682286909,13.));
#11071=CARTESIAN_POINT('',(22.988179574574,-4.4025421851129,13.));
#11072=CARTESIAN_POINT('',(23.12004625449,-4.7775364099269,13.));
#11073=CARTESIAN_POINT('',(23.150264644343,-5.0408371552439,13.));
#11074=CARTESIAN_POINT('',(23.15,-5.1724673065839,13.));
#11075=B_SPLINE_CURVE_WITH_KNOTS('',3,(#11058,#11059,#11060,#11061,#11062,#11063,#11064,#11065,#11066,#11067,#11068,#11069,#11070,#11071,#11072,#11073,#11074),.UNSPECIFIED.,.F.,.U.,(4,1,1,1,1,1,1,1,1,1,1,1,1,1,4),(0.,0.0714908195439,0.1429164458546,0.2142281512017,0.2850642808641,0.3563953984709,0.4279072588457,0.4993199171978,0.570652357326,0.6419865639027,0.7133118167855,0.7844687851903,0.8562760350364,0.92820589362406,1.),.UNSPECIFIED.);
#11076=EDGE_CURVE('',#11055,#11057,#11075,.T.);
#11077=ORIENTED_EDGE('',*,*,#11076,.T.);
#11078=CARTESIAN_POINT('',(23.15,-5.1724673065839,13.));
#11079=CARTESIAN_POINT('',(23.150259202557,-5.3035392247249,13.));
#11080=CARTESIAN_POINT('',(23.120343567324,-5.5653569834149,13.));
#11081=CARTESIAN_POINT('',(22.989940421396,-5.9382672925949,13.));
#11082=CARTESIAN_POINT('',(22.780351468064,-6.2717439431949,13.));
#11083=CARTESIAN_POINT('',(22.502335865399,-6.5503934287949,13.));
#11084=CARTESIAN_POINT('',(22.169142644626,-6.7607782563159,13.));
#11085=CARTESIAN_POINT('',(21.79647719208,-6.8921110181659,13.));
#11086=CARTESIAN_POINT('',(21.40393332965,-6.9371824788559,13.));
#11087=CARTESIAN_POINT('',(21.011527402999,-6.8938815092059,13.));
#11088=CARTESIAN_POINT('',(20.63870915763,-6.7645133488859,13.));
#11089=CARTESIAN_POINT('',(20.304230008727,-6.5557028985449,13.));
#11090=CARTESIAN_POINT('',(20.023847866513,-6.2772663844849,13.));
#11091=CARTESIAN_POINT('',(19.811820425426,-5.9423924280649,13.));
#11092=CARTESIAN_POINT('',(19.67995374551,-5.5673982032449,13.));
#11093=CARTESIAN_POINT('',(19.649735355657,-5.3040974579249,13.));
#11094=CARTESIAN_POINT('',(19.65,-5.1724673065839,13.));
#11095=B_SPLINE_CURVE_WITH_KNOTS('',3,(#11078,#11079,#11080,#11081,#11082,#11083,#11084,#11085,#11086,#11087,#11088,#11089,#11090,#11091,#11092,#11093,#11094),.UNSPECIFIED.,.F.,.U.,(4,1,1,1,1,1,1,1,1,1,1,1,1,1,4),(0.,0.0714908195439,0.1429164458546,0.2142281512017,0.2850642808641,0.356395398471,0.4279072588457,0.4993199171978,0.570652357326,0.6419865639028,0.7133118167856,0.7844687851904,0.8562760350364,0.92820589362407,1.),.UNSPECIFIED.);
#11096=EDGE_CURVE('',#11057,#11055,#11095,.T.);
#11097=ORIENTED_EDGE('',*,*,#11096,.T.);
#11098=EDGE_LOOP('',(#11077,#11097));
#11099=FACE_BOUND('',#11098,.T.);
#11100=ADVANCED_FACE('',(#11030,#11053,#11099),#11019,.T.);
#11101=CARTESIAN_POINT('',(-18.,-4.2,10.5));
#11102=CARTESIAN_POINT('',(-18.155234766595,-4.200003960362,10.5));
#11103=CARTESIAN_POINT('',(-18.397526119984,-4.1742449345652,10.5));
#11104=CARTESIAN_POINT('',(-18.713192238137,-4.0865038021438,10.5));
#11105=CARTESIAN_POINT('',(-18.962810018933,-3.9844421752219,10.5));
#11106=CARTESIAN_POINT('',(-19.195907519912,-3.8532621173611,10.5));
#11107=CARTESIAN_POINT('',(-19.421221853148,-3.6870262181343,10.5));
#11108=CARTESIAN_POINT('',(-19.614685220084,-3.5015710091706,10.5));
#11109=CARTESIAN_POINT('',(-19.77967602714,-3.3052007123345,10.5));
#11110=CARTESIAN_POINT('',(-19.897602164354,-3.1111879126306,10.5));
#11111=CARTESIAN_POINT('',(-19.980258019205,-2.9772043956601,10.5));
#11112=CARTESIAN_POINT('',(-20.055336065952,-2.8777852002148,10.5));
#11113=CARTESIAN_POINT('',(-20.114624658157,-2.8079450062374,10.5));
#11114=CARTESIAN_POINT('',(-20.158510106564,-2.7605806398931,10.5));
#11115=CARTESIAN_POINT('',(-20.18656414327,-2.7318925106995,10.5));
#11116=CARTESIAN_POINT('',(-20.205916320189,-2.7127578371178,10.5));
#11117=CARTESIAN_POINT('',(-20.223800791898,-2.6954967190391,10.5));
#11118=CARTESIAN_POINT('',(-20.233375065132,-2.6865414537057,10.5));
#11119=CARTESIAN_POINT('',(-20.234163028906,-2.6858057064856,10.5));
#11120=CARTESIAN_POINT('',(-18.,-4.,10.3));
#11121=CARTESIAN_POINT('',(-18.141124755994,-4.0000371042821,10.300000035335));
#11122=CARTESIAN_POINT('',(-18.361386590513,-3.9765676949169,10.299999928592));
#11123=CARTESIAN_POINT('',(-18.648360165944,-3.8968409554725,10.300000113667));
#11124=CARTESIAN_POINT('',(-18.875266673599,-3.8040192927064,10.299999364022));
#11125=CARTESIAN_POINT('',(-19.087204055548,-3.6848543631086,10.300001834114));
#11126=CARTESIAN_POINT('',(-19.292038462585,-3.5332830883823,10.299991448446));
#11127=CARTESIAN_POINT('',(-19.46781433518,-3.3663503635118,10.300024635721));
#11128=CARTESIAN_POINT('',(-19.61864220856,-3.1807764587051,10.299895735266));
#11129=CARTESIAN_POINT('',(-19.723353399058,-3.0212902957563,10.30020439874));
#11130=CARTESIAN_POINT('',(-19.808850795765,-2.85818856719,10.299638772029));
#11131=CARTESIAN_POINT('',(-19.864666933252,-2.7269680866507,10.303367476734));
#11132=CARTESIAN_POINT('',(-19.902098102082,-2.620774964277,10.316182304768));
#11133=CARTESIAN_POINT('',(-19.926057854528,-2.5401469593168,10.338622573063));
#11134=CARTESIAN_POINT('',(-19.939925875775,-2.4871390749243,10.363500156852));
#11135=CARTESIAN_POINT('',(-19.948851254277,-2.4497788869438,10.38966000502));
#11136=CARTESIAN_POINT('',(-19.956665228595,-2.4146460701822,10.425412495789));
#11137=CARTESIAN_POINT('',(-19.960537744138,-2.3953613958988,10.463563821633));
#11138=CARTESIAN_POINT('',(-19.960853748552,-2.3937671606266,10.497213906976));
#11139=B_SPLINE_SURFACE_WITH_KNOTS('',1,3,((#11101,#11102,#11103,#11104,#11105,#11106,#11107,#11108,#11109,#11110,#11111,#11112,#11113,#11114,#11115,#11116,#11117,#11118,#11119),(#11120,#11121,#11122,#11123,#11124,#11125,#11126,#11127,#11128,#11129,#11130,#11131,#11132,#11133,#11134,#11135,#11136,#11137,#11138)),.UNSPECIFIED.,.F.,.F.,.U.,(2,2),(4,1,1,1,1,1,1,1,1,1,1,1,1,1,1,1,4),(0.,0.27993302057761),(0.,0.44586404031487,0.6956741087667,0.93952383398031,1.2182851183258,1.4625578399008,1.741770056454,1.9850804401915,2.2055738157911,2.3698028759598,2.4988134845585,2.6072467990602,2.677800106762,2.7262663777673,2.757902522694,2.7883405165512,2.839773631035),.UNSPECIFIED.);
#11140=ORIENTED_EDGE('',*,*,#10572,.F.);
#11141=ORIENTED_EDGE('',*,*,#10422,.F.);
#11142=ORIENTED_EDGE('',*,*,#10793,.F.);
#11143=ORIENTED_EDGE('',*,*,#10866,.F.);
#11144=EDGE_LOOP('',(#11140,#11141,#11142,#11143));
#11145=FACE_OUTER_BOUND('',#11144,.T.);
#11146=ADVANCED_FACE('',(#11145),#11139,.T.);
#11147=CARTESIAN_POINT('',(-0.27164572413448,-5.9778381411646,10.5));
#11148=DIRECTION('',(-1.,1.35212408266E-16,0.));
#11149=DIRECTION('',(0.,0.,1.));
#11150=AXIS2_PLACEMENT_3D('',#11147,#11149,#11148);
#11151=PLANE('',#11150);
#11152=ORIENTED_EDGE('',*,*,#10406,.F.);
#11153=ORIENTED_EDGE('',*,*,#10479,.F.);
#11154=CARTESIAN_POINT('',(12.65,-5.1724673065889,10.5));
#11155=CARTESIAN_POINT('',(12.64974079744,-5.3035392247239,10.5));
#11156=CARTESIAN_POINT('',(12.67965643268,-5.5653569834169,10.5));
#11157=CARTESIAN_POINT('',(12.8100595786,-5.9382672925989,10.5));
#11158=CARTESIAN_POINT('',(13.01964853194,-6.2717439431919,10.5));
#11159=CARTESIAN_POINT('',(13.2976641346,-6.5503934287909,10.5));
#11160=CARTESIAN_POINT('',(13.63085735537,-6.7607782563109,10.5));
#11161=CARTESIAN_POINT('',(14.00352280792,-6.8921110181699,10.5));
#11162=CARTESIAN_POINT('',(14.39606667035,-6.9371824788569,10.5));
#11163=CARTESIAN_POINT('',(14.788472597,-6.8938815092069,10.5));
#11164=CARTESIAN_POINT('',(15.16129084237,-6.7645133488839,10.5));
#11165=CARTESIAN_POINT('',(15.49576999127,-6.5557028985479,10.5));
#11166=CARTESIAN_POINT('',(15.77615213349,-6.2772663844859,10.5));
#11167=CARTESIAN_POINT('',(15.98817957457,-5.9423924280629,10.5));
#11168=CARTESIAN_POINT('',(16.12004625449,-5.5673982032499,10.5));
#11169=CARTESIAN_POINT('',(16.150264644343,-5.3040974579299,10.5));
#11170=CARTESIAN_POINT('',(16.15,-5.1724673065889,10.5));
#11171=B_SPLINE_CURVE_WITH_KNOTS('',3,(#11154,#11155,#11156,#11157,#11158,#11159,#11160,#11161,#11162,#11163,#11164,#11165,#11166,#11167,#11168,#11169,#11170),.UNSPECIFIED.,.F.,.U.,(4,1,1,1,1,1,1,1,1,1,1,1,1,1,4),(0.,0.0714908195439,0.1429164458546,0.2142281512017,0.285064280864,0.3563953984709,0.4279072588457,0.4993199171978,0.570652357326,0.6419865639027,0.7133118167855,0.7844687851903,0.8562760350364,0.92820589362406,1.),.UNSPECIFIED.);
#11172=EDGE_CURVE('',#10465,#10433,#11171,.T.);
#11173=ORIENTED_EDGE('',*,*,#11172,.T.);
#11174=ORIENTED_EDGE('',*,*,#10489,.F.);
#11175=EDGE_LOOP('',(#11152,#11153,#11173,#11174));
#11176=FACE_OUTER_BOUND('',#11175,.T.);
#11177=ADVANCED_FACE('',(#11176),#11151,.T.);
#11178=CARTESIAN_POINT('',(-0.27164572413448,-5.9778381411646,10.5));
#11179=DIRECTION('',(-1.,1.6780648698043E-16,0.));
#11180=DIRECTION('',(0.,0.,1.));
#11181=AXIS2_PLACEMENT_3D('',#11178,#11180,#11179);
#11182=PLANE('',#11181);
#11183=ORIENTED_EDGE('',*,*,#10392,.F.);
#11184=CARTESIAN_POINT('',(-16.149999999992,-4.9556762823442,10.5));
#11185=VERTEX_POINT('',#11184);
#11186=CARTESIAN_POINT('',(-15.978432013593,-4.20000086946,10.5));
#11187=CARTESIAN_POINT('',(-16.034308504529,-4.316759873782,10.5));
#11188=CARTESIAN_POINT('',(-16.120508898597,-4.5642335634274,10.5));
#11189=CARTESIAN_POINT('',(-16.150259202551,-4.8246043642082,10.5));
#11190=CARTESIAN_POINT('',(-16.149999999993,-4.9556762823432,10.5));
#11191=B_SPLINE_CURVE_WITH_KNOTS('',3,(#11186,#11187,#11188,#11189,#11190),.UNSPECIFIED.,.F.,.U.,(4,1,4),(0.85787339392994,0.92850918045611,1.),.UNSPECIFIED.);
#11192=EDGE_CURVE('',#10379,#11185,#11191,.T.);
#11193=ORIENTED_EDGE('',*,*,#11192,.T.);
#11194=CARTESIAN_POINT('',(-12.649999999989,-4.9556762823442,10.5));
#11195=VERTEX_POINT('',#11194);
#11196=CARTESIAN_POINT('',(-16.149999999993,-4.9556762823432,10.5));
#11197=CARTESIAN_POINT('',(-16.150264644338,-5.0873064336852,10.5));
#11198=CARTESIAN_POINT('',(-16.120046254486,-5.3506071790052,10.5));
#11199=CARTESIAN_POINT('',(-15.98817957457,-5.7256014038182,10.5));
#11200=CARTESIAN_POINT('',(-15.776152133482,-6.0604753602412,10.5));
#11201=CARTESIAN_POINT('',(-15.495769991268,-6.3389118743022,10.5));
#11202=CARTESIAN_POINT('',(-15.161290842364,-6.5477223246382,10.5));
#11203=CARTESIAN_POINT('',(-14.788472596996,-6.6770904849612,10.5));
#11204=CARTESIAN_POINT('',(-14.396066670344,-6.7203914546102,10.5));
#11205=CARTESIAN_POINT('',(-14.003522807915,-6.6753199939252,10.5));
#11206=CARTESIAN_POINT('',(-13.630857355369,-6.5439872320652,10.5));
#11207=CARTESIAN_POINT('',(-13.297664134596,-6.3336024045452,10.5));
#11208=CARTESIAN_POINT('',(-13.019648531932,-6.0549529189472,10.5));
#11209=CARTESIAN_POINT('',(-12.810059578601,-5.7214762683532,10.5));
#11210=CARTESIAN_POINT('',(-12.679656432672,-5.3485659591712,10.5));
#11211=CARTESIAN_POINT('',(-12.649740797438,-5.0867482004782,10.5));
#11212=CARTESIAN_POINT('',(-12.649999999996,-4.9556762823432,10.5));
#11213=B_SPLINE_CURVE_WITH_KNOTS('',3,(#11196,#11197,#11198,#11199,#11200,#11201,#11202,#11203,#11204,#11205,#11206,#11207,#11208,#11209,#11210,#11211,#11212),.UNSPECIFIED.,.F.,.U.,(4,1,1,1,1,1,1,1,1,1,1,1,1,1,4),(0.,0.0717941063759,0.1437239649636,0.2155312148097,0.2866881832145,0.3580134360973,0.429347642674,0.5006800828022,0.5720927411543,0.6436046015291,0.7149357191359,0.7857718487983,0.8570835541454,0.92850918045609,1.),.UNSPECIFIED.);
#11214=EDGE_CURVE('',#11185,#11195,#11213,.T.);
#11215=ORIENTED_EDGE('',*,*,#11214,.T.);
#11216=CARTESIAN_POINT('',(-12.649999999996,-4.9556762823432,10.5));
#11217=CARTESIAN_POINT('',(-12.649735355653,-4.8240461310012,10.5));
#11218=CARTESIAN_POINT('',(-12.679617172622,-4.563678033372,10.5));
#11219=CARTESIAN_POINT('',(-12.765935541654,-4.3162577296676,10.5));
#11220=CARTESIAN_POINT('',(-12.821568996787,-4.2000013529462,10.5));
#11221=B_SPLINE_CURVE_WITH_KNOTS('',3,(#11216,#11217,#11218,#11219,#11220),.UNSPECIFIED.,.F.,.U.,(4,1,4),(0.,0.071794106376,0.14212316526581),.UNSPECIFIED.);
#11222=EDGE_CURVE('',#11195,#10387,#11221,.T.);
#11223=ORIENTED_EDGE('',*,*,#11222,.T.);
#11224=EDGE_LOOP('',(#11183,#11193,#11215,#11223));
#11225=FACE_OUTER_BOUND('',#11224,.T.);
#11226=ADVANCED_FACE('',(#11225),#11182,.T.);
#11227=CARTESIAN_POINT('',(14.4,-5.1724673065869,13.));
#11228=DIRECTION('',(1.,-7.1577514201441E-08,-4.0602442043434E-15));
#11229=DIRECTION('',(-2.8421709430404E-15,-3.5527136788005E-16,-1.));
#11230=AXIS2_PLACEMENT_3D('',#11227,#11229,#11228);
#11231=CYLINDRICAL_SURFACE('',#11230,1.75);
#11232=ORIENTED_EDGE('',*,*,#11050,.F.);
#11233=ORIENTED_EDGE('',*,*,#10440,.F.);
#11234=ORIENTED_EDGE('',*,*,#11172,.F.);
#11235=ORIENTED_EDGE('',*,*,#10470,.F.);
#11236=EDGE_LOOP('',(#11232,#11233,#11234,#11235));
#11237=FACE_OUTER_BOUND('',#11236,.T.);
#11238=ADVANCED_FACE('',(#11237),#11231,.F.);
#11239=CARTESIAN_POINT('',(-14.400000000122,-4.9556762824453,10.5));
#11240=DIRECTION('',(1.,7.1582274324791E-08,3.0451831530258E-15));
#11241=DIRECTION('',(-2.1316282072803E-15,7.105427357601E-16,1.));
#11242=AXIS2_PLACEMENT_3D('',#11239,#11241,#11240);
#11243=CYLINDRICAL_SURFACE('',#11242,1.7500000001653);
#11244=ORIENTED_EDGE('',*,*,#11192,.F.);
#11245=ORIENTED_EDGE('',*,*,#10555,.F.);
#11246=ORIENTED_EDGE('',*,*,#11222,.F.);
#11247=CARTESIAN_POINT('',(-12.649999999989,-4.9556762823442,13.));
#11248=VERTEX_POINT('',#11247);
#11249=CARTESIAN_POINT('',(-12.649999999989,-4.9556762823442,10.5));
#11250=DIRECTION('',(0.,0.,1.));
#11251=VECTOR('',#11250,2.5);
#11252=LINE('',#11249,#11251);
#11253=EDGE_CURVE('',#11195,#11248,#11252,.T.);
#11254=ORIENTED_EDGE('',*,*,#11253,.T.);
#11255=CARTESIAN_POINT('',(-16.149999999992,-4.9556762823442,13.));
#11256=VERTEX_POINT('',#11255);
#11257=CARTESIAN_POINT('',(-12.649999999996,-4.9556762823432,13.));
#11258=CARTESIAN_POINT('',(-12.649740797438,-4.8246043642082,13.));
#11259=CARTESIAN_POINT('',(-12.679656432672,-4.5627866055152,13.));
#11260=CARTESIAN_POINT('',(-12.810059578601,-4.1898762963332,13.));
#11261=CARTESIAN_POINT('',(-13.019648531932,-3.8563996457422,13.));
#11262=CARTESIAN_POINT('',(-13.297664134596,-3.5777501601412,13.));
#11263=CARTESIAN_POINT('',(-13.630857355369,-3.3673653326212,13.));
#11264=CARTESIAN_POINT('',(-14.003522807915,-3.2360325707632,13.));
#11265=CARTESIAN_POINT('',(-14.396066670344,-3.1909611100762,13.));
#11266=CARTESIAN_POINT('',(-14.788472596996,-3.2342620797272,13.));
#11267=CARTESIAN_POINT('',(-15.161290842364,-3.3636302400482,13.));
#11268=CARTESIAN_POINT('',(-15.495769991268,-3.5724406903842,13.));
#11269=CARTESIAN_POINT('',(-15.776152133482,-3.8508772044472,13.));
#11270=CARTESIAN_POINT('',(-15.98817957457,-4.1857511608702,13.));
#11271=CARTESIAN_POINT('',(-16.120046254486,-4.5607453856842,13.));
#11272=CARTESIAN_POINT('',(-16.150264644338,-4.8240461310012,13.));
#11273=CARTESIAN_POINT('',(-16.149999999993,-4.9556762823432,13.));
#11274=B_SPLINE_CURVE_WITH_KNOTS('',3,(#11257,#11258,#11259,#11260,#11261,#11262,#11263,#11264,#11265,#11266,#11267,#11268,#11269,#11270,#11271,#11272,#11273),.UNSPECIFIED.,.F.,.U.,(4,1,1,1,1,1,1,1,1,1,1,1,1,1,4),(0.,0.0714908195439,0.1429164458546,0.2142281512017,0.2850642808641,0.3563953984709,0.4279072588457,0.4993199171978,0.570652357326,0.6419865639027,0.7133118167855,0.7844687851903,0.8562760350364,0.9282058936241,1.),.UNSPECIFIED.);
#11275=EDGE_CURVE('',#11248,#11256,#11274,.T.);
#11276=ORIENTED_EDGE('',*,*,#11275,.T.);
#11277=CARTESIAN_POINT('',(-16.149999999992,-4.9556762823442,13.));
#11278=DIRECTION('',(0.,0.,-1.));
#11279=VECTOR('',#11278,2.5);
#11280=LINE('',#11277,#11279);
#11281=EDGE_CURVE('',#11256,#11185,#11280,.T.);
#11282=ORIENTED_EDGE('',*,*,#11281,.T.);
#11283=EDGE_LOOP('',(#11244,#11245,#11246,#11254,#11276,#11282));
#11284=FACE_OUTER_BOUND('',#11283,.T.);
#11285=ADVANCED_FACE('',(#11284),#11243,.F.);
#11286=CARTESIAN_POINT('',(-9.999999999999,-4.9556762823452,11.75));
#11287=DIRECTION('',(-1.7763568394002E-15,1.,-3.7747582837255E-13));
#11288=DIRECTION('',(-1.,-9.5846592054001E-16,6.3897728036001E-17));
#11289=AXIS2_PLACEMENT_3D('',#11286,#11288,#11287);
#11290=CYLINDRICAL_SURFACE('',#11289,4.);
#11291=ORIENTED_EDGE('',*,*,#10697,.F.);
#11292=CARTESIAN_POINT('',(-37.79999999999,-4.9556762823452,11.75));
#11293=DIRECTION('',(-1.7763568394006E-15,1.,-5.0004445029127E-13));
#11294=DIRECTION('',(1.,1.2560739669488E-15,3.0324308063473E-15));
#11295=AXIS2_PLACEMENT_3D('',#11292,#11294,#11293);
#11296=CIRCLE('',#11295,3.9999999999992);
#11297=EDGE_CURVE('',#10685,#10677,#11296,.T.);
#11298=ORIENTED_EDGE('',*,*,#11297,.T.);
#11299=ORIENTED_EDGE('',*,*,#10682,.F.);
#11300=ORIENTED_EDGE('',*,*,#10650,.F.);
#11301=CARTESIAN_POINT('',(-25.999999999988,-8.7553473207382,13.));
#11302=VERTEX_POINT('',#11301);
#11303=CARTESIAN_POINT('',(-9.999999999999,-8.7553473207372,13.));
#11304=DIRECTION('',(-1.,-6.2505556286439E-14,0.));
#11305=VECTOR('',#11304,15.999999999989);
#11306=LINE('',#11303,#11305);
#11307=EDGE_CURVE('',#10636,#11302,#11306,.T.);
#11308=ORIENTED_EDGE('',*,*,#11307,.T.);
#11309=CARTESIAN_POINT('',(-25.999999999988,-1.156005243952,13.));
#11310=VERTEX_POINT('',#11309);
#11311=CARTESIAN_POINT('',(-25.999999999987,-4.9556762823452,11.75));
#11312=DIRECTION('',(-2.6645352591002E-15,-0.94991775959817,0.31249999999998));
#11313=DIRECTION('',(-1.,4.1513382706874E-15,5.8911648405452E-15));
#11314=AXIS2_PLACEMENT_3D('',#11311,#11313,#11312);
#11315=CIRCLE('',#11314,4.0000000000003);
#11316=EDGE_CURVE('',#11302,#11310,#11315,.T.);
#11317=ORIENTED_EDGE('',*,*,#11316,.T.);
#11318=CARTESIAN_POINT('',(-25.999999999988,-1.156005243952,13.));
#11319=DIRECTION('',(1.,0.,0.));
#11320=VECTOR('',#11319,15.999999999989);
#11321=LINE('',#11318,#11320);
#11322=EDGE_CURVE('',#11310,#10627,#11321,.T.);
#11323=ORIENTED_EDGE('',*,*,#11322,.T.);
#11324=ORIENTED_EDGE('',*,*,#10633,.F.);
#11325=EDGE_LOOP('',(#11291,#11298,#11299,#11300,#11308,#11317,#11323,#11324));
#11326=FACE_OUTER_BOUND('',#11325,.T.);
#11327=CARTESIAN_POINT('',(-35.199999999997,-1.8331772831461,14.249999999999));
#11328=VERTEX_POINT('',#11327);
#11329=CARTESIAN_POINT('',(-27.199999999985,-1.8331772831461,14.25));
#11330=VERTEX_POINT('',#11329);
#11331=CARTESIAN_POINT('',(-35.199999999997,-1.8331772831461,14.249999999999));
#11332=DIRECTION('',(1.,0.,1.2501111257261E-13));
#11333=VECTOR('',#11332,8.000000000012);
#11334=LINE('',#11331,#11333);
#11335=EDGE_CURVE('',#11328,#11330,#11334,.T.);
#11336=ORIENTED_EDGE('',*,*,#11335,.T.);
#11337=CARTESIAN_POINT('',(-27.199999999985,-4.9556762823452,15.75));
#11338=VERTEX_POINT('',#11337);
#11339=CARTESIAN_POINT('',(-27.199999999982,-4.9556762823452,11.75));
#11340=DIRECTION('',(-1.1546319456102E-14,0.78062474979979,0.62500000000001));
#11341=DIRECTION('',(1.,4.6818779274283E-15,1.2114581881046E-14));
#11342=AXIS2_PLACEMENT_3D('',#11339,#11341,#11340);
#11343=CIRCLE('',#11342,3.9999999999999);
#11344=EDGE_CURVE('',#11330,#11338,#11343,.T.);
#11345=ORIENTED_EDGE('',*,*,#11344,.T.);
#11346=CARTESIAN_POINT('',(-35.199999999997,-4.9556762823452,15.75));
#11347=VERTEX_POINT('',#11346);
#11348=CARTESIAN_POINT('',(-27.199999999985,-4.9556762823452,15.75));
#11349=DIRECTION('',(-1.,0.,0.));
#11350=VECTOR('',#11349,8.000000000012);
#11351=LINE('',#11348,#11350);
#11352=EDGE_CURVE('',#11338,#11347,#11351,.T.);
#11353=ORIENTED_EDGE('',*,*,#11352,.T.);
#11354=CARTESIAN_POINT('',(-35.200000000001,-4.9556762823452,11.75));
#11355=DIRECTION('',(-7.105427357601E-15,8.8817841970012E-16,1.));
#11356=DIRECTION('',(-1.,-2.0511601988088E-15,-9.0067820170496E-15));
#11357=AXIS2_PLACEMENT_3D('',#11354,#11356,#11355);
#11358=CIRCLE('',#11357,4.);
#11359=EDGE_CURVE('',#11347,#11328,#11358,.T.);
#11360=ORIENTED_EDGE('',*,*,#11359,.T.);
#11361=EDGE_LOOP('',(#11336,#11345,#11353,#11360));
#11362=FACE_BOUND('',#11361,.T.);
#11363=ADVANCED_FACE('',(#11326,#11362),#11290,.T.);
#11364=CARTESIAN_POINT('',(-17.999999999993,-4.9556762823442,13.));
#11365=DIRECTION('',(-1.,-9.9920072216327E-16,0.));
#11366=DIRECTION('',(-9.3425826542005E-31,9.3500559466909E-16,1.));
#11367=AXIS2_PLACEMENT_3D('',#11364,#11366,#11365);
#11368=PLANE('',#11367);
#11369=ORIENTED_EDGE('',*,*,#11322,.F.);
#11370=CARTESIAN_POINT('',(-25.999999999988,-1.156005243952,13.));
#11371=DIRECTION('',(0.,-1.,0.));
#11372=VECTOR('',#11371,7.5993420767862);
#11373=LINE('',#11370,#11372);
#11374=EDGE_CURVE('',#11310,#11302,#11373,.T.);
#11375=ORIENTED_EDGE('',*,*,#11374,.T.);
#11376=ORIENTED_EDGE('',*,*,#11307,.F.);
#11377=ORIENTED_EDGE('',*,*,#10641,.F.);
#11378=EDGE_LOOP('',(#11369,#11375,#11376,#11377));
#11379=FACE_OUTER_BOUND('',#11378,.T.);
#11380=CARTESIAN_POINT('',(-19.649999999987,-4.9556762823442,13.));
#11381=VERTEX_POINT('',#11380);
#11382=CARTESIAN_POINT('',(-23.14999999999,-4.9556762823442,13.));
#11383=VERTEX_POINT('',#11382);
#11384=CARTESIAN_POINT('',(-19.649999999993,-4.9556762823432,13.));
#11385=CARTESIAN_POINT('',(-19.649735355651,-5.0873064336852,13.));
#11386=CARTESIAN_POINT('',(-19.679953745503,-5.3506071790052,13.));
#11387=CARTESIAN_POINT('',(-19.811820425419,-5.7256014038182,13.));
#11388=CARTESIAN_POINT('',(-20.023847866505,-6.0604753602412,13.));
#11389=CARTESIAN_POINT('',(-20.304230008721,-6.3389118743022,13.));
#11390=CARTESIAN_POINT('',(-20.638709157623,-6.5477223246382,13.));
#11391=CARTESIAN_POINT('',(-21.011527402993,-6.6770904849612,13.));
#11392=CARTESIAN_POINT('',(-21.403933329642,-6.7203914546132,13.));
#11393=CARTESIAN_POINT('',(-21.796477192071,-6.6753199939252,13.));
#11394=CARTESIAN_POINT('',(-22.169142644618,-6.5439872320652,13.));
#11395=CARTESIAN_POINT('',(-22.50233586539,-6.3336024045472,13.));
#11396=CARTESIAN_POINT('',(-22.780351468057,-6.0549529189472,13.));
#11397=CARTESIAN_POINT('',(-22.989940421388,-5.7214762683552,13.));
#11398=CARTESIAN_POINT('',(-23.120343567315,-5.3485659591732,13.));
#11399=CARTESIAN_POINT('',(-23.150259202548,-5.0867482004782,13.));
#11400=CARTESIAN_POINT('',(-23.149999999993,-4.9556762823432,13.));
#11401=B_SPLINE_CURVE_WITH_KNOTS('',3,(#11384,#11385,#11386,#11387,#11388,#11389,#11390,#11391,#11392,#11393,#11394,#11395,#11396,#11397,#11398,#11399,#11400),.UNSPECIFIED.,.F.,.U.,(4,1,1,1,1,1,1,1,1,1,1,1,1,1,4),(0.,0.0717941063759,0.1437239649636,0.2155312148097,0.2866881832145,0.3580134360973,0.429347642674,0.5006800828022,0.5720927411543,0.6436046015291,0.714935719136,0.7857718487983,0.8570835541454,0.92850918045612,1.),.UNSPECIFIED.);
#11402=EDGE_CURVE('',#11381,#11383,#11401,.T.);
#11403=ORIENTED_EDGE('',*,*,#11402,.T.);
#11404=CARTESIAN_POINT('',(-23.149999999993,-4.9556762823432,13.));
#11405=CARTESIAN_POINT('',(-23.150264644335,-4.8240461310042,13.));
#11406=CARTESIAN_POINT('',(-23.120046254483,-4.5607453856842,13.));
#11407=CARTESIAN_POINT('',(-22.988179574567,-4.1857511608702,13.));
#11408=CARTESIAN_POINT('',(-22.776152133479,-3.8508772044472,13.));
#11409=CARTESIAN_POINT('',(-22.495769991265,-3.5724406903842,13.));
#11410=CARTESIAN_POINT('',(-22.161290842361,-3.3636302400482,13.));
#11411=CARTESIAN_POINT('',(-21.788472596993,-3.2342620797272,13.));
#11412=CARTESIAN_POINT('',(-21.396066670341,-3.1909611100762,13.));
#11413=CARTESIAN_POINT('',(-21.003522807912,-3.2360325707632,13.));
#11414=CARTESIAN_POINT('',(-20.630857355366,-3.3673653326212,13.));
#11415=CARTESIAN_POINT('',(-20.297664134593,-3.5777501601412,13.));
#11416=CARTESIAN_POINT('',(-20.019648531929,-3.8563996457422,13.));
#11417=CARTESIAN_POINT('',(-19.810059578598,-4.1898762963332,13.));
#11418=CARTESIAN_POINT('',(-19.679656432669,-4.5627866055152,13.));
#11419=CARTESIAN_POINT('',(-19.649740797436,-4.8246043642082,13.));
#11420=CARTESIAN_POINT('',(-19.649999999993,-4.9556762823432,13.));
#11421=B_SPLINE_CURVE_WITH_KNOTS('',3,(#11404,#11405,#11406,#11407,#11408,#11409,#11410,#11411,#11412,#11413,#11414,#11415,#11416,#11417,#11418,#11419,#11420),.UNSPECIFIED.,.F.,.U.,(4,1,1,1,1,1,1,1,1,1,1,1,1,1,4),(0.,0.0717941063759,0.1437239649636,0.2155312148097,0.2866881832144,0.3580134360973,0.429347642674,0.5006800828022,0.5720927411543,0.643604601529,0.7149357191359,0.7857718487983,0.8570835541454,0.92850918045611,1.),.UNSPECIFIED.);
#11422=EDGE_CURVE('',#11383,#11381,#11421,.T.);
#11423=ORIENTED_EDGE('',*,*,#11422,.T.);
#11424=EDGE_LOOP('',(#11403,#11423));
#11425=FACE_BOUND('',#11424,.T.);
#11426=CARTESIAN_POINT('',(-12.649999999996,-4.9556762823432,13.));
#11427=CARTESIAN_POINT('',(-12.649735355653,-5.0873064336852,13.));
#11428=CARTESIAN_POINT('',(-12.679953745506,-5.3506071790052,13.));
#11429=CARTESIAN_POINT('',(-12.811820425422,-5.7256014038182,13.));
#11430=CARTESIAN_POINT('',(-13.023847866507,-6.0604753602412,13.));
#11431=CARTESIAN_POINT('',(-13.304230008724,-6.3389118743042,13.));
#11432=CARTESIAN_POINT('',(-13.638709157625,-6.5477223246382,13.));
#11433=CARTESIAN_POINT('',(-14.011527402996,-6.6770904849612,13.));
#11434=CARTESIAN_POINT('',(-14.403933329645,-6.7203914546132,13.));
#11435=CARTESIAN_POINT('',(-14.796477192074,-6.6753199939252,13.));
#11436=CARTESIAN_POINT('',(-15.169142644621,-6.5439872320652,13.));
#11437=CARTESIAN_POINT('',(-15.502335865393,-6.3336024045472,13.));
#11438=CARTESIAN_POINT('',(-15.78035146806,-6.0549529189472,13.));
#11439=CARTESIAN_POINT('',(-15.989940421391,-5.7214762683552,13.));
#11440=CARTESIAN_POINT('',(-16.120343567317,-5.3485659591732,13.));
#11441=CARTESIAN_POINT('',(-16.150259202551,-5.0867482004782,13.));
#11442=CARTESIAN_POINT('',(-16.149999999993,-4.9556762823432,13.));
#11443=B_SPLINE_CURVE_WITH_KNOTS('',3,(#11426,#11427,#11428,#11429,#11430,#11431,#11432,#11433,#11434,#11435,#11436,#11437,#11438,#11439,#11440,#11441,#11442),.UNSPECIFIED.,.F.,.U.,(4,1,1,1,1,1,1,1,1,1,1,1,1,1,4),(0.,0.071794106376,0.1437239649636,0.2155312148097,0.2866881832145,0.3580134360973,0.4293476426741,0.5006800828023,0.5720927411544,0.6436046015291,0.714935719136,0.7857718487983,0.8570835541454,0.92850918045611,1.),.UNSPECIFIED.);
#11444=EDGE_CURVE('',#11248,#11256,#11443,.T.);
#11445=ORIENTED_EDGE('',*,*,#11444,.T.);
#11446=ORIENTED_EDGE('',*,*,#11275,.F.);
#11447=EDGE_LOOP('',(#11445,#11446));
#11448=FACE_BOUND('',#11447,.T.);
#11449=ADVANCED_FACE('',(#11379,#11425,#11448),#11368,.T.);
#11450=CARTESIAN_POINT('',(-37.79999999999,-4.9556762823442,11.749999999993));
#11451=DIRECTION('',(0.,1.,8.8817841970008E-16));
#11452=DIRECTION('',(-1.,0.,0.));
#11453=AXIS2_PLACEMENT_3D('',#11450,#11452,#11451);
#11454=PLANE('',#11453);
#11455=ORIENTED_EDGE('',*,*,#11297,.F.);
#11456=ORIENTED_EDGE('',*,*,#10691,.F.);
#11457=EDGE_LOOP('',(#11455,#11456));
#11458=FACE_OUTER_BOUND('',#11457,.T.);
#11459=ADVANCED_FACE('',(#11458),#11454,.T.);
#11460=CARTESIAN_POINT('',(-10.890674519789,0.40000000000001,6.3999999999902));
#11461=DIRECTION('',(-6.5790994051861E-16,3.7007434154172E-16,-1.));
#11462=DIRECTION('',(1.,0.,0.));
#11463=AXIS2_PLACEMENT_3D('',#11460,#11462,#11461);
#11464=CYLINDRICAL_SURFACE('',#11463,2.7);
#11465=ORIENTED_EDGE('',*,*,#10890,.F.);
#11466=CARTESIAN_POINT('',(-4.090674519789,0.40000000000001,3.6999999999902));
#11467=VERTEX_POINT('',#11466);
#11468=CARTESIAN_POINT('',(-10.890674519789,0.40000000000001,3.6999999999902));
#11469=DIRECTION('',(1.,0.,0.));
#11470=VECTOR('',#11469,6.8);
#11471=LINE('',#11468,#11470);
#11472=EDGE_CURVE('',#10884,#11467,#11471,.T.);
#11473=ORIENTED_EDGE('',*,*,#11472,.T.);
#11474=CARTESIAN_POINT('',(-4.090674519789,0.40000000000001,6.3999999999902));
#11475=DIRECTION('',(5.4503044036577E-16,-2.3260629017537E-16,-1.));
#11476=DIRECTION('',(-1.,-1.860850321403E-15,-5.4503044036577E-16));
#11477=AXIS2_PLACEMENT_3D('',#11474,#11476,#11475);
#11478=CIRCLE('',#11477,2.7);
#11479=EDGE_CURVE('',#11467,#11467,#11478,.T.);
#11480=ORIENTED_EDGE('',*,*,#11479,.T.);
#11481=ORIENTED_EDGE('',*,*,#11472,.F.);
#11482=EDGE_LOOP('',(#11465,#11473,#11480,#11481));
#11483=FACE_OUTER_BOUND('',#11482,.T.);
#11484=ADVANCED_FACE('',(#11483),#11464,.T.);
#11485=CARTESIAN_POINT('',(26.,-5.1724673065869,14.374997401648));
#11486=DIRECTION('',(4.6750279733442E-16,1.,0.));
#11487=DIRECTION('',(-1.,4.6750279733442E-16,-1.291893441895E-15));
#11488=AXIS2_PLACEMENT_3D('',#11485,#11487,#11486);
#11489=PLANE('',#11488);
#11490=ORIENTED_EDGE('',*,*,#10948,.F.);
#11491=ORIENTED_EDGE('',*,*,#11025,.F.);
#11492=EDGE_LOOP('',(#11490,#11491));
#11493=FACE_OUTER_BOUND('',#11492,.T.);
#11494=ADVANCED_FACE('',(#11493),#11489,.T.);
#11495=CARTESIAN_POINT('',(31.2,8.3887821930101,14.25));
#11496=DIRECTION('',(-1.,0.,8.8817841970012E-16));
#11497=DIRECTION('',(-8.8817841970012E-16,0.,-1.));
#11498=AXIS2_PLACEMENT_3D('',#11495,#11497,#11496);
#11499=PLANE('',#11498);
#11500=ORIENTED_EDGE('',*,*,#10976,.F.);
#11501=CARTESIAN_POINT('',(27.2,18.82753269341,14.249999999999));
#11502=VERTEX_POINT('',#11501);
#11503=CARTESIAN_POINT('',(27.2,-2.0499683073889,14.25));
#11504=DIRECTION('',(0.,1.,-4.7902711179086E-14));
#11505=VECTOR('',#11504,20.877501000799);
#11506=LINE('',#11503,#11505);
#11507=EDGE_CURVE('',#10969,#11502,#11506,.T.);
#11508=ORIENTED_EDGE('',*,*,#11507,.T.);
#11509=CARTESIAN_POINT('',(35.2,18.82753269341,14.25));
#11510=VERTEX_POINT('',#11509);
#11511=CARTESIAN_POINT('',(27.2,18.82753269341,14.249999999999));
#11512=DIRECTION('',(1.,0.,1.2501111257279E-13));
#11513=VECTOR('',#11512,8.);
#11514=LINE('',#11511,#11513);
#11515=EDGE_CURVE('',#11502,#11510,#11514,.T.);
#11516=ORIENTED_EDGE('',*,*,#11515,.T.);
#11517=CARTESIAN_POINT('',(35.2,18.82753269341,14.25));
#11518=DIRECTION('',(0.,-1.,0.));
#11519=VECTOR('',#11518,20.877501000799);
#11520=LINE('',#11517,#11519);
#11521=EDGE_CURVE('',#11510,#10971,#11520,.T.);
#11522=ORIENTED_EDGE('',*,*,#11521,.T.);
#11523=EDGE_LOOP('',(#11500,#11508,#11516,#11522));
#11524=FACE_OUTER_BOUND('',#11523,.T.);
#11525=CARTESIAN_POINT('',(32.85,4.5275326934121,14.25));
#11526=VERTEX_POINT('',#11525);
#11527=CARTESIAN_POINT('',(29.55,4.5275326934121,14.25));
#11528=VERTEX_POINT('',#11527);
#11529=CARTESIAN_POINT('',(32.85,4.5275326934091,14.25));
#11530=CARTESIAN_POINT('',(32.850244906142,4.6512381790221,14.25));
#11531=CARTESIAN_POINT('',(32.821998160774,4.8981986392391,14.25));
#11532=CARTESIAN_POINT('',(32.698952766441,5.2498359810591,14.25));
#11533=CARTESIAN_POINT('',(32.501397024671,5.5640584669591,14.25));
#11534=CARTESIAN_POINT('',(32.239492306433,5.8265635225891,14.25));
#11535=CARTESIAN_POINT('',(31.925625678956,6.0248561199691,14.25));
#11536=CARTESIAN_POINT('',(31.574349920189,6.1487983334991,14.25));
#11537=CARTESIAN_POINT('',(31.204080767535,6.1914252014391,14.25));
#11538=CARTESIAN_POINT('',(30.83389737303,6.1506317545391,14.25));
#11539=CARTESIAN_POINT('',(30.482334423083,6.0286580840591,14.25));
#11540=CARTESIAN_POINT('',(30.167043933603,5.8318649337791,14.25));
#11541=CARTESIAN_POINT('',(29.902707376541,5.5694699153991,14.25));
#11542=CARTESIAN_POINT('',(29.702733936723,5.2538019761191,14.25));
#11543=CARTESIAN_POINT('',(29.578281061535,4.9001260353091,14.25));
#11544=CARTESIAN_POINT('',(29.549749963437,4.6517503922191,14.25));
#11545=CARTESIAN_POINT('',(29.55,4.5275326934091,14.25));
#11546=B_SPLINE_CURVE_WITH_KNOTS('',3,(#11529,#11530,#11531,#11532,#11533,#11534,#11535,#11536,#11537,#11538,#11539,#11540,#11541,#11542,#11543,#11544,#11545),.UNSPECIFIED.,.F.,.U.,(4,1,1,1,1,1,1,1,1,1,1,1,1,1,4),(0.,0.07156150502835,0.1429762137788,0.2142664021531,0.2850218674655,0.3562780506799,0.4277883514014,0.4992480580601,0.5706304767455,0.6419776701055,0.7132652812597,0.7843861044258,0.8562064292705,0.9281432741127,1.),.UNSPECIFIED.);
#11547=EDGE_CURVE('',#11526,#11528,#11546,.T.);
#11548=ORIENTED_EDGE('',*,*,#11547,.T.);
#11549=CARTESIAN_POINT('',(29.55,4.5275326934091,14.25));
#11550=CARTESIAN_POINT('',(29.549755093858,4.4038272077961,14.25));
#11551=CARTESIAN_POINT('',(29.578001839226,4.1568667475811,14.25));
#11552=CARTESIAN_POINT('',(29.701047233559,3.8052294057571,14.25));
#11553=CARTESIAN_POINT('',(29.898602975329,3.4910069198621,14.25));
#11554=CARTESIAN_POINT('',(30.160507693567,3.2285018642291,14.25));
#11555=CARTESIAN_POINT('',(30.474374321044,3.0302092668461,14.25));
#11556=CARTESIAN_POINT('',(30.825650079811,2.9062670533171,14.25));
#11557=CARTESIAN_POINT('',(31.195919232465,2.8636401853801,14.25));
#11558=CARTESIAN_POINT('',(31.56610262697,2.9044336322781,14.25));
#11559=CARTESIAN_POINT('',(31.917665576917,3.0264073027551,14.25));
#11560=CARTESIAN_POINT('',(32.232956066397,3.2232004530411,14.25));
#11561=CARTESIAN_POINT('',(32.497292623459,3.4855954714171,14.25));
#11562=CARTESIAN_POINT('',(32.697266063277,3.8012634106991,14.25));
#11563=CARTESIAN_POINT('',(32.821718938465,4.1549393515051,14.25));
#11564=CARTESIAN_POINT('',(32.850250036563,4.4033149945981,14.25));
#11565=CARTESIAN_POINT('',(32.85,4.5275326934091,14.25));
#11566=B_SPLINE_CURVE_WITH_KNOTS('',3,(#11549,#11550,#11551,#11552,#11553,#11554,#11555,#11556,#11557,#11558,#11559,#11560,#11561,#11562,#11563,#11564,#11565),.UNSPECIFIED.,.F.,.U.,(4,1,1,1,1,1,1,1,1,1,1,1,1,1,4),(0.,0.07156150502834,0.1429762137788,0.2142664021531,0.2850218674655,0.3562780506799,0.4277883514014,0.4992480580601,0.5706304767455,0.6419776701055,0.7132652812597,0.7843861044258,0.8562064292705,0.9281432741127,1.),.UNSPECIFIED.);
#11567=EDGE_CURVE('',#11528,#11526,#11566,.T.);
#11568=ORIENTED_EDGE('',*,*,#11567,.T.);
#11569=EDGE_LOOP('',(#11548,#11568));
#11570=FACE_BOUND('',#11569,.T.);
#11571=CARTESIAN_POINT('',(32.949995000372,14.527032730908,14.25));
#11572=VERTEX_POINT('',#11571);
#11573=CARTESIAN_POINT('',(29.649995000372,14.527032730908,14.25));
#11574=VERTEX_POINT('',#11573);
#11575=CARTESIAN_POINT('',(32.949995000375,14.527032730908,14.25));
#11576=CARTESIAN_POINT('',(32.950239906517,14.650738216518,14.25));
#11577=CARTESIAN_POINT('',(32.921993161149,14.897698676728,14.25));
#11578=CARTESIAN_POINT('',(32.798947766816,15.249336018558,14.25));
#11579=CARTESIAN_POINT('',(32.601392025046,15.563558504448,14.25));
#11580=CARTESIAN_POINT('',(32.339487306809,15.826063560088,14.25));
#11581=CARTESIAN_POINT('',(32.025620679332,16.024356157468,14.25));
#11582=CARTESIAN_POINT('',(31.674344920564,16.148298370998,14.25));
#11583=CARTESIAN_POINT('',(31.304075767911,16.190925238938,14.25));
#11584=CARTESIAN_POINT('',(30.933892373405,16.150131792038,14.25));
#11585=CARTESIAN_POINT('',(30.582329423458,16.028158121558,14.25));
#11586=CARTESIAN_POINT('',(30.267038933978,15.831364971278,14.25));
#11587=CARTESIAN_POINT('',(30.002702376916,15.568969952898,14.25));
#11588=CARTESIAN_POINT('',(29.802728937098,15.253302013618,14.25));
#11589=CARTESIAN_POINT('',(29.67827606191,14.899626072808,14.25));
#11590=CARTESIAN_POINT('',(29.649744963812,14.651250429718,14.25));
#11591=CARTESIAN_POINT('',(29.649995000375,14.527032730908,14.25));
#11592=B_SPLINE_CURVE_WITH_KNOTS('',3,(#11575,#11576,#11577,#11578,#11579,#11580,#11581,#11582,#11583,#11584,#11585,#11586,#11587,#11588,#11589,#11590,#11591),.UNSPECIFIED.,.F.,.U.,(4,1,1,1,1,1,1,1,1,1,1,1,1,1,4),(0.,0.07156150502836,0.1429762137788,0.2142664021531,0.2850218674654,0.3562780506799,0.4277883514013,0.4992480580601,0.5706304767454,0.6419776701054,0.7132652812596,0.7843861044258,0.8562064292705,0.9281432741127,1.),.UNSPECIFIED.);
#11593=EDGE_CURVE('',#11572,#11574,#11592,.T.);
#11594=ORIENTED_EDGE('',*,*,#11593,.T.);
#11595=CARTESIAN_POINT('',(29.649995000375,14.527032730908,14.25));
#11596=CARTESIAN_POINT('',(29.649750094233,14.403327245288,14.25));
#11597=CARTESIAN_POINT('',(29.677996839601,14.156366785078,14.25));
#11598=CARTESIAN_POINT('',(29.801042233934,13.804729443258,14.25));
#11599=CARTESIAN_POINT('',(29.998597975704,13.490506957358,14.25));
#11600=CARTESIAN_POINT('',(30.260502693942,13.228001901728,14.25));
#11601=CARTESIAN_POINT('',(30.574369321418,13.029709304338,14.25));
#11602=CARTESIAN_POINT('',(30.925645080186,12.905767090818,14.25));
#11603=CARTESIAN_POINT('',(31.295914232839,12.863140222878,14.25));
#11604=CARTESIAN_POINT('',(31.666097627345,12.903933669778,14.25));
#11605=CARTESIAN_POINT('',(32.017660577292,13.025907340248,14.25));
#11606=CARTESIAN_POINT('',(32.332951066772,13.222700490538,14.25));
#11607=CARTESIAN_POINT('',(32.597287623834,13.485095508918,14.25));
#11608=CARTESIAN_POINT('',(32.797261063652,13.800763448198,14.25));
#11609=CARTESIAN_POINT('',(32.92171393884,14.154439388998,14.25));
#11610=CARTESIAN_POINT('',(32.950245036938,14.402815032098,14.25));
#11611=CARTESIAN_POINT('',(32.949995000375,14.527032730908,14.25));
#11612=B_SPLINE_CURVE_WITH_KNOTS('',3,(#11595,#11596,#11597,#11598,#11599,#11600,#11601,#11602,#11603,#11604,#11605,#11606,#11607,#11608,#11609,#11610,#11611),.UNSPECIFIED.,.F.,.U.,(4,1,1,1,1,1,1,1,1,1,1,1,1,1,4),(0.,0.07156150502836,0.1429762137788,0.2142664021531,0.2850218674654,0.3562780506799,0.4277883514014,0.4992480580601,0.5706304767454,0.6419776701055,0.7132652812596,0.7843861044258,0.8562064292705,0.9281432741127,1.),.UNSPECIFIED.);
#11613=EDGE_CURVE('',#11574,#11572,#11612,.T.);
#11614=ORIENTED_EDGE('',*,*,#11613,.T.);
#11615=EDGE_LOOP('',(#11594,#11614));
#11616=FACE_BOUND('',#11615,.T.);
#11617=ADVANCED_FACE('',(#11524,#11570,#11616),#11499,.T.);
#11618=CARTESIAN_POINT('',(35.2,6.8275326934121,14.999999999999));
#11619=DIRECTION('',(0.,-1.,0.));
#11620=DIRECTION('',(1.,0.,9.4739031434554E-15));
#11621=AXIS2_PLACEMENT_3D('',#11618,#11620,#11619);
#11622=PLANE('',#11621);
#11623=ORIENTED_EDGE('',*,*,#10985,.F.);
#11624=ORIENTED_EDGE('',*,*,#11521,.F.);
#11625=CARTESIAN_POINT('',(35.2,18.827532693411,15.75));
#11626=VERTEX_POINT('',#11625);
#11627=CARTESIAN_POINT('',(35.2,18.82753269341,14.25));
#11628=DIRECTION('',(0.,6.6791017161449E-13,1.));
#11629=VECTOR('',#11628,1.5);
#11630=LINE('',#11627,#11629);
#11631=EDGE_CURVE('',#11510,#11626,#11630,.T.);
#11632=ORIENTED_EDGE('',*,*,#11631,.T.);
#11633=CARTESIAN_POINT('',(35.2,18.827532693411,15.75));
#11634=DIRECTION('',(0.,-1.,0.));
#11635=VECTOR('',#11634,23.999999999998);
#11636=LINE('',#11633,#11635);
#11637=EDGE_CURVE('',#11626,#10979,#11636,.T.);
#11638=ORIENTED_EDGE('',*,*,#11637,.T.);
#11639=EDGE_LOOP('',(#11623,#11624,#11632,#11638));
#11640=FACE_OUTER_BOUND('',#11639,.T.);
#11641=ADVANCED_FACE('',(#11640),#11622,.T.);
#11642=CARTESIAN_POINT('',(31.2,6.8275326934121,15.75));
#11643=DIRECTION('',(-1.,0.,8.8817841970012E-16));
#11644=DIRECTION('',(8.8817841970012E-16,0.,1.));
#11645=AXIS2_PLACEMENT_3D('',#11642,#11644,#11643);
#11646=PLANE('',#11645);
#11647=ORIENTED_EDGE('',*,*,#11637,.F.);
#11648=CARTESIAN_POINT('',(27.2,18.827532693411,15.75));
#11649=VERTEX_POINT('',#11648);
#11650=CARTESIAN_POINT('',(35.2,18.827532693411,15.75));
#11651=DIRECTION('',(-1.,0.,0.));
#11652=VECTOR('',#11651,8.);
#11653=LINE('',#11650,#11652);
#11654=EDGE_CURVE('',#11626,#11649,#11653,.T.);
#11655=ORIENTED_EDGE('',*,*,#11654,.T.);
#11656=CARTESIAN_POINT('',(27.2,18.827532693411,15.75));
#11657=DIRECTION('',(0.,-1.,0.));
#11658=VECTOR('',#11657,23.999999999998);
#11659=LINE('',#11656,#11658);
#11660=EDGE_CURVE('',#11649,#10988,#11659,.T.);
#11661=ORIENTED_EDGE('',*,*,#11660,.T.);
#11662=ORIENTED_EDGE('',*,*,#10993,.F.);
#11663=EDGE_LOOP('',(#11647,#11655,#11661,#11662));
#11664=FACE_OUTER_BOUND('',#11663,.T.);
#11665=CARTESIAN_POINT('',(32.949995000372,14.527032730909,15.75));
#11666=VERTEX_POINT('',#11665);
#11667=CARTESIAN_POINT('',(29.649995000372,14.527032730909,15.75));
#11668=VERTEX_POINT('',#11667);
#11669=CARTESIAN_POINT('',(32.949995000375,14.527032730912,15.75));
#11670=CARTESIAN_POINT('',(32.950239906517,14.403327245292,15.75));
#11671=CARTESIAN_POINT('',(32.921993161149,14.156366785082,15.75));
#11672=CARTESIAN_POINT('',(32.798947766816,13.804729443262,15.75));
#11673=CARTESIAN_POINT('',(32.601392025046,13.490506957362,15.75));
#11674=CARTESIAN_POINT('',(32.339487306808,13.228001901732,15.75));
#11675=CARTESIAN_POINT('',(32.025620679331,13.029709304342,15.75));
#11676=CARTESIAN_POINT('',(31.674344920564,12.905767090822,15.75));
#11677=CARTESIAN_POINT('',(31.30407576791,12.863140222882,15.75));
#11678=CARTESIAN_POINT('',(30.933892373405,12.903933669782,15.75));
#11679=CARTESIAN_POINT('',(30.582329423458,13.025907340252,15.75));
#11680=CARTESIAN_POINT('',(30.267038933978,13.222700490542,15.75));
#11681=CARTESIAN_POINT('',(30.002702376916,13.485095508922,15.75));
#11682=CARTESIAN_POINT('',(29.802728937098,13.800763448202,15.75));
#11683=CARTESIAN_POINT('',(29.67827606191,14.154439389002,15.75));
#11684=CARTESIAN_POINT('',(29.649744963812,14.402815032102,15.75));
#11685=CARTESIAN_POINT('',(29.649995000375,14.527032730912,15.75));
#11686=B_SPLINE_CURVE_WITH_KNOTS('',3,(#11669,#11670,#11671,#11672,#11673,#11674,#11675,#11676,#11677,#11678,#11679,#11680,#11681,#11682,#11683,#11684,#11685),.UNSPECIFIED.,.F.,.U.,(4,1,1,1,1,1,1,1,1,1,1,1,1,1,4),(0.,0.0715615050284,0.1429762137788,0.2142664021531,0.2850218674655,0.3562780506799,0.4277883514014,0.4992480580601,0.5706304767454,0.6419776701055,0.7132652812597,0.7843861044258,0.8562064292705,0.92814327411268,1.),.UNSPECIFIED.);
#11687=EDGE_CURVE('',#11666,#11668,#11686,.T.);
#11688=ORIENTED_EDGE('',*,*,#11687,.T.);
#11689=CARTESIAN_POINT('',(29.649995000375,14.527032730912,15.75));
#11690=CARTESIAN_POINT('',(29.649750094233,14.650738216522,15.75));
#11691=CARTESIAN_POINT('',(29.677996839601,14.897698676731,15.75));
#11692=CARTESIAN_POINT('',(29.801042233934,15.249336018561,15.75));
#11693=CARTESIAN_POINT('',(29.998597975704,15.563558504451,15.75));
#11694=CARTESIAN_POINT('',(30.260502693942,15.826063560091,15.75));
#11695=CARTESIAN_POINT('',(30.574369321418,16.024356157471,15.75));
#11696=CARTESIAN_POINT('',(30.925645080186,16.148298371001,15.75));
#11697=CARTESIAN_POINT('',(31.29591423284,16.190925238941,15.75));
#11698=CARTESIAN_POINT('',(31.666097627345,16.150131792041,15.75));
#11699=CARTESIAN_POINT('',(32.017660577292,16.028158121561,15.75));
#11700=CARTESIAN_POINT('',(32.332951066772,15.831364971271,15.75));
#11701=CARTESIAN_POINT('',(32.597287623834,15.568969952901,15.75));
#11702=CARTESIAN_POINT('',(32.797261063652,15.253302013621,15.75));
#11703=CARTESIAN_POINT('',(32.92171393884,14.899626072811,15.75));
#11704=CARTESIAN_POINT('',(32.950245036938,14.651250429722,15.75));
#11705=CARTESIAN_POINT('',(32.949995000375,14.527032730912,15.75));
#11706=B_SPLINE_CURVE_WITH_KNOTS('',3,(#11689,#11690,#11691,#11692,#11693,#11694,#11695,#11696,#11697,#11698,#11699,#11700,#11701,#11702,#11703,#11704,#11705),.UNSPECIFIED.,.F.,.U.,(4,1,1,1,1,1,1,1,1,1,1,1,1,1,4),(0.,0.0715615050284,0.1429762137788,0.2142664021531,0.2850218674655,0.3562780506799,0.4277883514014,0.4992480580601,0.5706304767455,0.6419776701055,0.7132652812597,0.7843861044258,0.8562064292705,0.92814327411268,1.),.UNSPECIFIED.);
#11707=EDGE_CURVE('',#11668,#11666,#11706,.T.);
#11708=ORIENTED_EDGE('',*,*,#11707,.T.);
#11709=EDGE_LOOP('',(#11688,#11708));
#11710=FACE_BOUND('',#11709,.T.);
#11711=CARTESIAN_POINT('',(32.85,4.5275326934131,15.75));
#11712=VERTEX_POINT('',#11711);
#11713=CARTESIAN_POINT('',(29.55,4.5275326934131,15.75));
#11714=VERTEX_POINT('',#11713);
#11715=CARTESIAN_POINT('',(32.85,4.5275326934121,15.75));
#11716=CARTESIAN_POINT('',(32.850244906142,4.4038272077991,15.75));
#11717=CARTESIAN_POINT('',(32.821998160774,4.1568667475841,15.75));
#11718=CARTESIAN_POINT('',(32.698952766441,3.8052294057601,15.75));
#11719=CARTESIAN_POINT('',(32.501397024671,3.4910069198651,15.75));
#11720=CARTESIAN_POINT('',(32.239492306433,3.2285018642321,15.75));
#11721=CARTESIAN_POINT('',(31.925625678956,3.0302092668491,15.75));
#11722=CARTESIAN_POINT('',(31.574349920189,2.9062670533201,15.75));
#11723=CARTESIAN_POINT('',(31.204080767535,2.8636401853831,15.75));
#11724=CARTESIAN_POINT('',(30.83389737303,2.9044336322811,15.75));
#11725=CARTESIAN_POINT('',(30.482334423083,3.0264073027581,15.75));
#11726=CARTESIAN_POINT('',(30.167043933603,3.2232004530441,15.75));
#11727=CARTESIAN_POINT('',(29.902707376541,3.4855954714201,15.75));
#11728=CARTESIAN_POINT('',(29.702733936723,3.8012634107021,15.75));
#11729=CARTESIAN_POINT('',(29.578281061535,4.1549393515081,15.75));
#11730=CARTESIAN_POINT('',(29.549749963437,4.4033149946011,15.75));
#11731=CARTESIAN_POINT('',(29.55,4.5275326934121,15.75));
#11732=B_SPLINE_CURVE_WITH_KNOTS('',3,(#11715,#11716,#11717,#11718,#11719,#11720,#11721,#11722,#11723,#11724,#11725,#11726,#11727,#11728,#11729,#11730,#11731),.UNSPECIFIED.,.F.,.U.,(4,1,1,1,1,1,1,1,1,1,1,1,1,1,4),(0.,0.0715615050283,0.1429762137788,0.2142664021531,0.2850218674655,0.3562780506799,0.4277883514014,0.4992480580601,0.5706304767455,0.6419776701055,0.7132652812597,0.7843861044258,0.8562064292705,0.92814327411269,1.),.UNSPECIFIED.);
#11733=EDGE_CURVE('',#11712,#11714,#11732,.T.);
#11734=ORIENTED_EDGE('',*,*,#11733,.T.);
#11735=CARTESIAN_POINT('',(29.55,4.5275326934121,15.75));
#11736=CARTESIAN_POINT('',(29.549755093858,4.6512381790251,15.75));
#11737=CARTESIAN_POINT('',(29.578001839226,4.8981986392421,15.75));
#11738=CARTESIAN_POINT('',(29.701047233559,5.2498359810621,15.75));
#11739=CARTESIAN_POINT('',(29.898602975329,5.5640584669621,15.75));
#11740=CARTESIAN_POINT('',(30.160507693567,5.8265635225921,15.75));
#11741=CARTESIAN_POINT('',(30.474374321043,6.0248561199721,15.75));
#11742=CARTESIAN_POINT('',(30.825650079811,6.1487983335021,15.75));
#11743=CARTESIAN_POINT('',(31.195919232465,6.1914252014421,15.75));
#11744=CARTESIAN_POINT('',(31.56610262697,6.1506317545421,15.75));
#11745=CARTESIAN_POINT('',(31.917665576917,6.0286580840621,15.75));
#11746=CARTESIAN_POINT('',(32.232956066397,5.8318649337821,15.75));
#11747=CARTESIAN_POINT('',(32.497292623459,5.5694699154021,15.75));
#11748=CARTESIAN_POINT('',(32.697266063277,5.2538019761221,15.75));
#11749=CARTESIAN_POINT('',(32.821718938465,4.9001260353121,15.75));
#11750=CARTESIAN_POINT('',(32.850250036563,4.6517503922231,15.75));
#11751=CARTESIAN_POINT('',(32.85,4.5275326934121,15.75));
#11752=B_SPLINE_CURVE_WITH_KNOTS('',3,(#11735,#11736,#11737,#11738,#11739,#11740,#11741,#11742,#11743,#11744,#11745,#11746,#11747,#11748,#11749,#11750,#11751),.UNSPECIFIED.,.F.,.U.,(4,1,1,1,1,1,1,1,1,1,1,1,1,1,4),(0.,0.0715615050283,0.1429762137788,0.2142664021531,0.2850218674654,0.3562780506799,0.4277883514014,0.4992480580601,0.5706304767454,0.6419776701055,0.7132652812596,0.7843861044258,0.8562064292705,0.92814327411268,1.),.UNSPECIFIED.);
#11753=EDGE_CURVE('',#11714,#11712,#11752,.T.);
#11754=ORIENTED_EDGE('',*,*,#11753,.T.);
#11755=EDGE_LOOP('',(#11734,#11754));
#11756=FACE_BOUND('',#11755,.T.);
#11757=ADVANCED_FACE('',(#11664,#11710,#11756),#11646,.T.);
#11758=CARTESIAN_POINT('',(27.2,6.8275326934121,14.999999999999));
#11759=DIRECTION('',(0.,1.,0.));
#11760=DIRECTION('',(-1.,0.,0.));
#11761=AXIS2_PLACEMENT_3D('',#11758,#11760,#11759);
#11762=PLANE('',#11761);
#11763=ORIENTED_EDGE('',*,*,#11000,.F.);
#11764=ORIENTED_EDGE('',*,*,#11660,.F.);
#11765=CARTESIAN_POINT('',(27.2,18.827532693411,15.75));
#11766=DIRECTION('',(0.,-6.6791017161405E-13,-1.));
#11767=VECTOR('',#11766,1.500000000001);
#11768=LINE('',#11765,#11767);
#11769=EDGE_CURVE('',#11649,#11502,#11768,.T.);
#11770=ORIENTED_EDGE('',*,*,#11769,.T.);
#11771=ORIENTED_EDGE('',*,*,#11507,.F.);
#11772=EDGE_LOOP('',(#11763,#11764,#11770,#11771));
#11773=FACE_OUTER_BOUND('',#11772,.T.);
#11774=ADVANCED_FACE('',(#11773),#11762,.T.);
#11775=CARTESIAN_POINT('',(21.4,-5.1724673065869,13.));
#11776=DIRECTION('',(-1.,-3.298948416029E-14,1.0150610510859E-15));
#11777=DIRECTION('',(-1.4210854715202E-15,-6.0396132539608E-15,-1.));
#11778=AXIS2_PLACEMENT_3D('',#11775,#11777,#11776);
#11779=CYLINDRICAL_SURFACE('',#11778,1.75);
#11780=CARTESIAN_POINT('',(23.15,-5.1724673065879,10.5));
#11781=VERTEX_POINT('',#11780);
#11782=CARTESIAN_POINT('',(23.15,-5.1724673065879,10.5));
#11783=DIRECTION('',(0.,8.0007112046587E-13,1.));
#11784=VECTOR('',#11783,2.5);
#11785=LINE('',#11782,#11784);
#11786=EDGE_CURVE('',#11781,#11057,#11785,.T.);
#11787=ORIENTED_EDGE('',*,*,#11786,.T.);
#11788=ORIENTED_EDGE('',*,*,#11076,.F.);
#11789=CARTESIAN_POINT('',(19.65,-5.1724673065879,10.5));
#11790=VERTEX_POINT('',#11789);
#11791=CARTESIAN_POINT('',(19.65,-5.1724673065859,13.));
#11792=DIRECTION('',(0.,-8.0007112046587E-13,-1.));
#11793=VECTOR('',#11792,2.5);
#11794=LINE('',#11791,#11793);
#11795=EDGE_CURVE('',#11055,#11790,#11794,.T.);
#11796=ORIENTED_EDGE('',*,*,#11795,.T.);
#11797=CARTESIAN_POINT('',(19.65,-5.1724673065889,10.5));
#11798=CARTESIAN_POINT('',(19.649735355657,-5.0408371552479,10.5));
#11799=CARTESIAN_POINT('',(19.67995374551,-4.7775364099289,10.5));
#11800=CARTESIAN_POINT('',(19.811820425426,-4.4025421851149,10.5));
#11801=CARTESIAN_POINT('',(20.023847866513,-4.0676682286929,10.5));
#11802=CARTESIAN_POINT('',(20.304230008727,-3.7892317146299,10.5));
#11803=CARTESIAN_POINT('',(20.63870915763,-3.5804212642939,10.5));
#11804=CARTESIAN_POINT('',(21.011527402999,-3.4510531039709,10.5));
#11805=CARTESIAN_POINT('',(21.40393332965,-3.4077521343219,10.5));
#11806=CARTESIAN_POINT('',(21.79647719208,-3.4528235950079,10.5));
#11807=CARTESIAN_POINT('',(22.169142644626,-3.5841563568669,10.5));
#11808=CARTESIAN_POINT('',(22.502335865399,-3.7945411843869,10.5));
#11809=CARTESIAN_POINT('',(22.780351468064,-4.0731906699859,10.5));
#11810=CARTESIAN_POINT('',(22.989940421396,-4.4066673205789,10.5));
#11811=CARTESIAN_POINT('',(23.120343567324,-4.7795776297609,10.5));
#11812=CARTESIAN_POINT('',(23.150259202557,-5.0413953884539,10.5));
#11813=CARTESIAN_POINT('',(23.15,-5.1724673065889,10.5));
#11814=B_SPLINE_CURVE_WITH_KNOTS('',3,(#11797,#11798,#11799,#11800,#11801,#11802,#11803,#11804,#11805,#11806,#11807,#11808,#11809,#11810,#11811,#11812,#11813),.UNSPECIFIED.,.F.,.U.,(4,1,1,1,1,1,1,1,1,1,1,1,1,1,4),(0.,0.07179410637594,0.1437239649636,0.2155312148097,0.2866881832144,0.3580134360973,0.429347642674,0.5006800828022,0.5720927411543,0.6436046015291,0.7149357191359,0.7857718487983,0.8570835541454,0.9285091804561,1.),.UNSPECIFIED.);
#11815=EDGE_CURVE('',#11790,#11781,#11814,.T.);
#11816=ORIENTED_EDGE('',*,*,#11815,.T.);
#11817=EDGE_LOOP('',(#11787,#11788,#11796,#11816));
#11818=FACE_OUTER_BOUND('',#11817,.T.);
#11819=ADVANCED_FACE('',(#11818),#11779,.F.);
#11820=CARTESIAN_POINT('',(21.4,-5.1724673065869,13.));
#11821=DIRECTION('',(1.,-7.1577526889703E-08,1.0150610510859E-15));
#11822=DIRECTION('',(1.4210854715202E-15,2.8421709430404E-15,-1.));
#11823=AXIS2_PLACEMENT_3D('',#11820,#11822,#11821);
#11824=CYLINDRICAL_SURFACE('',#11823,1.75);
#11825=ORIENTED_EDGE('',*,*,#11096,.F.);
#11826=ORIENTED_EDGE('',*,*,#11786,.F.);
#11827=CARTESIAN_POINT('',(23.15,-5.1724673065889,10.5));
#11828=CARTESIAN_POINT('',(23.150264644343,-5.3040974579299,10.5));
#11829=CARTESIAN_POINT('',(23.12004625449,-5.5673982032499,10.5));
#11830=CARTESIAN_POINT('',(22.988179574574,-5.9423924280629,10.5));
#11831=CARTESIAN_POINT('',(22.776152133487,-6.2772663844859,10.5));
#11832=CARTESIAN_POINT('',(22.495769991273,-6.5557028985479,10.5));
#11833=CARTESIAN_POINT('',(22.16129084237,-6.7645133488839,10.5));
#11834=CARTESIAN_POINT('',(21.788472597001,-6.8938815092069,10.5));
#11835=CARTESIAN_POINT('',(21.39606667035,-6.9371824788569,10.5));
#11836=CARTESIAN_POINT('',(21.00352280792,-6.8921110181699,10.5));
#11837=CARTESIAN_POINT('',(20.630857355374,-6.7607782563109,10.5));
#11838=CARTESIAN_POINT('',(20.297664134601,-6.5503934287909,10.5));
#11839=CARTESIAN_POINT('',(20.019648531936,-6.2717439431919,10.5));
#11840=CARTESIAN_POINT('',(19.810059578604,-5.9382672925989,10.5));
#11841=CARTESIAN_POINT('',(19.679656432676,-5.5653569834169,10.5));
#11842=CARTESIAN_POINT('',(19.649740797443,-5.3035392247239,10.5));
#11843=CARTESIAN_POINT('',(19.65,-5.1724673065889,10.5));
#11844=B_SPLINE_CURVE_WITH_KNOTS('',3,(#11827,#11828,#11829,#11830,#11831,#11832,#11833,#11834,#11835,#11836,#11837,#11838,#11839,#11840,#11841,#11842,#11843),.UNSPECIFIED.,.F.,.U.,(4,1,1,1,1,1,1,1,1,1,1,1,1,1,4),(0.,0.07179410637594,0.1437239649636,0.2155312148097,0.2866881832145,0.3580134360973,0.429347642674,0.5006800828022,0.5720927411543,0.6436046015291,0.7149357191359,0.7857718487983,0.8570835541454,0.9285091804561,1.),.UNSPECIFIED.);
#11845=EDGE_CURVE('',#11781,#11790,#11844,.T.);
#11846=ORIENTED_EDGE('',*,*,#11845,.T.);
#11847=ORIENTED_EDGE('',*,*,#11795,.F.);
#11848=EDGE_LOOP('',(#11825,#11826,#11846,#11847));
#11849=FACE_OUTER_BOUND('',#11848,.T.);
#11850=ADVANCED_FACE('',(#11849),#11824,.F.);
#11851=CARTESIAN_POINT('',(-14.399999999982,-4.9556762823452,10.5));
#11852=DIRECTION('',(-1.,-7.1581656158346E-08,-4.0602442043597E-15));
#11853=DIRECTION('',(-2.8421709430404E-15,-4.9737991503207E-15,1.));
#11854=AXIS2_PLACEMENT_3D('',#11851,#11853,#11852);
#11855=CYLINDRICAL_SURFACE('',#11854,1.749999999993);
#11856=ORIENTED_EDGE('',*,*,#11214,.F.);
#11857=ORIENTED_EDGE('',*,*,#11281,.F.);
#11858=ORIENTED_EDGE('',*,*,#11444,.F.);
#11859=ORIENTED_EDGE('',*,*,#11253,.F.);
#11860=EDGE_LOOP('',(#11856,#11857,#11858,#11859));
#11861=FACE_OUTER_BOUND('',#11860,.T.);
#11862=ADVANCED_FACE('',(#11861),#11855,.F.);
#11863=CARTESIAN_POINT('',(-25.999999999987,-4.9556762823452,14.374997401648));
#11864=DIRECTION('',(0.,1.,0.));
#11865=DIRECTION('',(1.,0.,-2.5837868837904E-15));
#11866=AXIS2_PLACEMENT_3D('',#11863,#11865,#11864);
#11867=PLANE('',#11866);
#11868=ORIENTED_EDGE('',*,*,#11316,.F.);
#11869=ORIENTED_EDGE('',*,*,#11374,.F.);
#11870=EDGE_LOOP('',(#11868,#11869));
#11871=FACE_OUTER_BOUND('',#11870,.T.);
#11872=ADVANCED_FACE('',(#11871),#11867,.T.);
#11873=CARTESIAN_POINT('',(-31.199999999991,8.605573217254,14.25));
#11874=DIRECTION('',(1.,8.8817841969879E-16,0.));
#11875=DIRECTION('',(-9.0684520741013E-31,1.0210169345453E-15,-1.));
#11876=AXIS2_PLACEMENT_3D('',#11873,#11875,#11874);
#11877=PLANE('',#11876);
#11878=ORIENTED_EDGE('',*,*,#11335,.F.);
#11879=CARTESIAN_POINT('',(-35.199999999994,19.044323717653,14.249999999999));
#11880=VERTEX_POINT('',#11879);
#11881=CARTESIAN_POINT('',(-35.199999999997,-1.8331772831461,14.249999999999));
#11882=DIRECTION('',(1.4362304879271E-13,1.,0.));
#11883=VECTOR('',#11882,20.877501000799);
#11884=LINE('',#11881,#11883);
#11885=EDGE_CURVE('',#11328,#11880,#11884,.T.);
#11886=ORIENTED_EDGE('',*,*,#11885,.T.);
#11887=CARTESIAN_POINT('',(-27.199999999989,19.044323717653,14.249999999999));
#11888=VERTEX_POINT('',#11887);
#11889=CARTESIAN_POINT('',(-35.199999999994,19.044323717653,14.249999999999));
#11890=DIRECTION('',(1.,0.,0.));
#11891=VECTOR('',#11890,8.000000000005);
#11892=LINE('',#11889,#11891);
#11893=EDGE_CURVE('',#11880,#11888,#11892,.T.);
#11894=ORIENTED_EDGE('',*,*,#11893,.T.);
#11895=CARTESIAN_POINT('',(-27.199999999989,19.044323717653,14.249999999999));
#11896=DIRECTION('',(1.9161084471634E-13,-1.,4.7902711179085E-14));
#11897=VECTOR('',#11896,20.877501000799);
#11898=LINE('',#11895,#11897);
#11899=EDGE_CURVE('',#11888,#11330,#11898,.T.);
#11900=ORIENTED_EDGE('',*,*,#11899,.T.);
#11901=EDGE_LOOP('',(#11878,#11886,#11894,#11900));
#11902=FACE_OUTER_BOUND('',#11901,.T.);
#11903=CARTESIAN_POINT('',(-29.649995000362,14.74382375515,14.25));
#11904=VERTEX_POINT('',#11903);
#11905=CARTESIAN_POINT('',(-32.949995000366,14.74382375515,14.25));
#11906=VERTEX_POINT('',#11905);
#11907=CARTESIAN_POINT('',(-29.649995000367,14.743823755155,14.25));
#11908=CARTESIAN_POINT('',(-29.649744963804,14.868041453966,14.25));
#11909=CARTESIAN_POINT('',(-29.678276061903,15.116417097058,14.25));
#11910=CARTESIAN_POINT('',(-29.802728937091,15.470093037866,14.25));
#11911=CARTESIAN_POINT('',(-30.002702376907,15.785760977146,14.25));
#11912=CARTESIAN_POINT('',(-30.26703893397,16.048155995522,14.25));
#11913=CARTESIAN_POINT('',(-30.582329423449,16.244949145809,14.25));
#11914=CARTESIAN_POINT('',(-30.933892373395,16.366922816286,14.25));
#11915=CARTESIAN_POINT('',(-31.304075767901,16.407716263185,14.25));
#11916=CARTESIAN_POINT('',(-31.674344920554,16.365089395246,14.25));
#11917=CARTESIAN_POINT('',(-32.025620679321,16.241147181719,14.25));
#11918=CARTESIAN_POINT('',(-32.339487306799,16.042854584335,14.25));
#11919=CARTESIAN_POINT('',(-32.601392025036,15.780349528703,14.25));
#11920=CARTESIAN_POINT('',(-32.798947766807,15.466127042806,14.25));
#11921=CARTESIAN_POINT('',(-32.92199316114,15.114489700984,14.25));
#11922=CARTESIAN_POINT('',(-32.950239906508,14.867529240768,14.25));
#11923=CARTESIAN_POINT('',(-32.949995000366,14.743823755155,14.25));
#11924=B_SPLINE_CURVE_WITH_KNOTS('',3,(#11907,#11908,#11909,#11910,#11911,#11912,#11913,#11914,#11915,#11916,#11917,#11918,#11919,#11920,#11921,#11922,#11923),.UNSPECIFIED.,.F.,.U.,(4,1,1,1,1,1,1,1,1,1,1,1,1,1,4),(0.,0.0718567258873,0.1437935707295,0.2156138955742,0.2867347187403,0.3580223298945,0.4293695232545,0.5007519419398,0.5722116485985,0.64372194932,0.7149781325345,0.7857335978468,0.8570237862211,0.92843849497164,1.),.UNSPECIFIED.);
#11925=EDGE_CURVE('',#11904,#11906,#11924,.T.);
#11926=ORIENTED_EDGE('',*,*,#11925,.T.);
#11927=CARTESIAN_POINT('',(-32.949995000366,14.743823755155,14.25));
#11928=CARTESIAN_POINT('',(-32.950245036929,14.619606056344,14.25));
#11929=CARTESIAN_POINT('',(-32.92171393883,14.371230413251,14.25));
#11930=CARTESIAN_POINT('',(-32.797261063642,14.017554472446,14.25));
#11931=CARTESIAN_POINT('',(-32.597287623826,13.701886533163,14.25));
#11932=CARTESIAN_POINT('',(-32.332951066762,13.439491514787,14.25));
#11933=CARTESIAN_POINT('',(-32.017660577284,13.242698364501,14.25));
#11934=CARTESIAN_POINT('',(-31.666097627338,13.120724694024,14.25));
#11935=CARTESIAN_POINT('',(-31.295914232832,13.079931247125,14.25));
#11936=CARTESIAN_POINT('',(-30.925645080179,13.122558115064,14.25));
#11937=CARTESIAN_POINT('',(-30.574369321411,13.246500328591,14.25));
#11938=CARTESIAN_POINT('',(-30.260502693934,13.444792925975,14.25));
#11939=CARTESIAN_POINT('',(-29.998597975697,13.707297981609,14.25));
#11940=CARTESIAN_POINT('',(-29.801042233926,14.021520467504,14.25));
#11941=CARTESIAN_POINT('',(-29.677996839593,14.373157809328,14.25));
#11942=CARTESIAN_POINT('',(-29.649750094225,14.620118269541,14.25));
#11943=CARTESIAN_POINT('',(-29.649995000367,14.743823755155,14.25));
#11944=B_SPLINE_CURVE_WITH_KNOTS('',3,(#11927,#11928,#11929,#11930,#11931,#11932,#11933,#11934,#11935,#11936,#11937,#11938,#11939,#11940,#11941,#11942,#11943),.UNSPECIFIED.,.F.,.U.,(4,1,1,1,1,1,1,1,1,1,1,1,1,1,4),(0.,0.0718567258873,0.1437935707295,0.2156138955742,0.2867347187403,0.3580223298945,0.4293695232545,0.5007519419398,0.5722116485985,0.64372194932,0.7149781325345,0.7857335978468,0.8570237862211,0.92843849497163,1.),.UNSPECIFIED.);
#11945=EDGE_CURVE('',#11906,#11904,#11944,.T.);
#11946=ORIENTED_EDGE('',*,*,#11945,.T.);
#11947=EDGE_LOOP('',(#11926,#11946));
#11948=FACE_BOUND('',#11947,.T.);
#11949=CARTESIAN_POINT('',(-29.549999999994,4.744323717654,14.25));
#11950=VERTEX_POINT('',#11949);
#11951=CARTESIAN_POINT('',(-32.849999999989,4.744323717654,14.25));
#11952=VERTEX_POINT('',#11951);
#11953=CARTESIAN_POINT('',(-29.549999999992,4.744323717654,14.25));
#11954=CARTESIAN_POINT('',(-29.549749963428,4.868541416465,14.25));
#11955=CARTESIAN_POINT('',(-29.578281061527,5.116917059558,14.25));
#11956=CARTESIAN_POINT('',(-29.702733936715,5.470593000366,14.25));
#11957=CARTESIAN_POINT('',(-29.902707376532,5.786260939646,14.25));
#11958=CARTESIAN_POINT('',(-30.167043933595,6.048655958025,14.25));
#11959=CARTESIAN_POINT('',(-30.482334423076,6.245449108308,14.25));
#11960=CARTESIAN_POINT('',(-30.833897373022,6.367422778785,14.25));
#11961=CARTESIAN_POINT('',(-31.204080767528,6.408216225684,14.25));
#11962=CARTESIAN_POINT('',(-31.574349920181,6.365589357746,14.25));
#11963=CARTESIAN_POINT('',(-31.925625678949,6.241647144218,14.25));
#11964=CARTESIAN_POINT('',(-32.239492306424,6.043354546834,14.25));
#11965=CARTESIAN_POINT('',(-32.501397024663,5.780849491203,14.25));
#11966=CARTESIAN_POINT('',(-32.698952766431,5.466627005306,14.25));
#11967=CARTESIAN_POINT('',(-32.821998160764,5.114989663484,14.25));
#11968=CARTESIAN_POINT('',(-32.850244906132,4.868029203268,14.25));
#11969=CARTESIAN_POINT('',(-32.84999999999,4.744323717654,14.25));
#11970=B_SPLINE_CURVE_WITH_KNOTS('',3,(#11953,#11954,#11955,#11956,#11957,#11958,#11959,#11960,#11961,#11962,#11963,#11964,#11965,#11966,#11967,#11968,#11969),.UNSPECIFIED.,.F.,.U.,(4,1,1,1,1,1,1,1,1,1,1,1,1,1,4),(0.,0.0718567258873,0.1437935707295,0.2156138955742,0.2867347187404,0.3580223298946,0.4293695232546,0.5007519419399,0.5722116485986,0.6437219493201,0.7149781325346,0.7857335978469,0.8570237862212,0.92843849497165,1.),.UNSPECIFIED.);
#11971=EDGE_CURVE('',#11950,#11952,#11970,.T.);
#11972=ORIENTED_EDGE('',*,*,#11971,.T.);
#11973=CARTESIAN_POINT('',(-32.84999999999,4.744323717654,14.25));
#11974=CARTESIAN_POINT('',(-32.850250036554,4.620106018844,14.25));
#11975=CARTESIAN_POINT('',(-32.821718938455,4.371730375751,14.25));
#11976=CARTESIAN_POINT('',(-32.697266063267,4.018054434946,14.25));
#11977=CARTESIAN_POINT('',(-32.497292623451,3.702386495663,14.25));
#11978=CARTESIAN_POINT('',(-32.232956066387,3.439991477287,14.25));
#11979=CARTESIAN_POINT('',(-31.917665576909,3.243198327,14.25));
#11980=CARTESIAN_POINT('',(-31.566102626963,3.121224656523,14.25));
#11981=CARTESIAN_POINT('',(-31.195919232457,3.080431209627,14.25));
#11982=CARTESIAN_POINT('',(-30.825650079804,3.123058077563,14.25));
#11983=CARTESIAN_POINT('',(-30.474374321036,3.247000291093,14.25));
#11984=CARTESIAN_POINT('',(-30.160507693559,3.445292888475,14.25));
#11985=CARTESIAN_POINT('',(-29.898602975322,3.707797944109,14.25));
#11986=CARTESIAN_POINT('',(-29.701047233551,4.022020430003,14.25));
#11987=CARTESIAN_POINT('',(-29.578001839218,4.373657771827,14.25));
#11988=CARTESIAN_POINT('',(-29.54975509385,4.620618232043,14.25));
#11989=CARTESIAN_POINT('',(-29.549999999992,4.744323717654,14.25));
#11990=B_SPLINE_CURVE_WITH_KNOTS('',3,(#11973,#11974,#11975,#11976,#11977,#11978,#11979,#11980,#11981,#11982,#11983,#11984,#11985,#11986,#11987,#11988,#11989),.UNSPECIFIED.,.F.,.U.,(4,1,1,1,1,1,1,1,1,1,1,1,1,1,4),(0.,0.0718567258873,0.1437935707295,0.2156138955742,0.2867347187404,0.3580223298946,0.4293695232546,0.5007519419399,0.5722116485987,0.6437219493201,0.7149781325346,0.7857335978469,0.8570237862212,0.92843849497165,1.),.UNSPECIFIED.);
#11991=EDGE_CURVE('',#11952,#11950,#11990,.T.);
#11992=ORIENTED_EDGE('',*,*,#11991,.T.);
#11993=EDGE_LOOP('',(#11972,#11992));
#11994=FACE_BOUND('',#11993,.T.);
#11995=ADVANCED_FACE('',(#11902,#11948,#11994),#11877,.T.);
#11996=CARTESIAN_POINT('',(-27.199999999982,7.044323717652,15.));
#11997=DIRECTION('',(7.4014868308338E-16,-1.,-8.8817841970005E-16));
#11998=DIRECTION('',(1.,7.4014868308338E-16,-2.3684757858638E-15));
#11999=AXIS2_PLACEMENT_3D('',#11996,#11998,#11997);
#12000=PLANE('',#11999);
#12001=ORIENTED_EDGE('',*,*,#11344,.F.);
#12002=ORIENTED_EDGE('',*,*,#11899,.F.);
#12003=CARTESIAN_POINT('',(-27.199999999989,19.044323717651,15.75));
#12004=VERTEX_POINT('',#12003);
#12005=CARTESIAN_POINT('',(-27.199999999989,19.044323717653,14.249999999999));
#12006=DIRECTION('',(0.,-1.3334518674422E-12,1.));
#12007=VECTOR('',#12006,1.500000000001);
#12008=LINE('',#12005,#12007);
#12009=EDGE_CURVE('',#11888,#12004,#12008,.T.);
#12010=ORIENTED_EDGE('',*,*,#12009,.T.);
#12011=CARTESIAN_POINT('',(-27.199999999989,19.044323717651,15.75));
#12012=DIRECTION('',(1.6668148343042E-13,-1.,0.));
#12013=VECTOR('',#12012,23.999999999996);
#12014=LINE('',#12011,#12013);
#12015=EDGE_CURVE('',#12004,#11338,#12014,.T.);
#12016=ORIENTED_EDGE('',*,*,#12015,.T.);
#12017=EDGE_LOOP('',(#12001,#12002,#12010,#12016));
#12018=FACE_OUTER_BOUND('',#12017,.T.);
#12019=ADVANCED_FACE('',(#12018),#12000,.T.);
#12020=CARTESIAN_POINT('',(-31.199999999991,7.044323717652,15.749999999999));
#12021=DIRECTION('',(1.,8.8817841969879E-16,0.));
#12022=DIRECTION('',(7.8886090521989E-31,-8.881784197002E-16,1.));
#12023=AXIS2_PLACEMENT_3D('',#12020,#12022,#12021);
#12024=PLANE('',#12023);
#12025=ORIENTED_EDGE('',*,*,#11352,.F.);
#12026=ORIENTED_EDGE('',*,*,#12015,.F.);
#12027=CARTESIAN_POINT('',(-35.199999999994,19.044323717651,15.75));
#12028=VERTEX_POINT('',#12027);
#12029=CARTESIAN_POINT('',(-27.199999999989,19.044323717651,15.75));
#12030=DIRECTION('',(-1.,0.,0.));
#12031=VECTOR('',#12030,8.000000000005);
#12032=LINE('',#12029,#12031);
#12033=EDGE_CURVE('',#12004,#12028,#12032,.T.);
#12034=ORIENTED_EDGE('',*,*,#12033,.T.);
#12035=CARTESIAN_POINT('',(-35.199999999994,19.044323717651,15.75));
#12036=DIRECTION('',(-1.249370977045E-13,-1.,0.));
#12037=VECTOR('',#12036,23.999999999996);
#12038=LINE('',#12035,#12037);
#12039=EDGE_CURVE('',#12028,#11347,#12038,.T.);
#12040=ORIENTED_EDGE('',*,*,#12039,.T.);
#12041=EDGE_LOOP('',(#12025,#12026,#12034,#12040));
#12042=FACE_OUTER_BOUND('',#12041,.T.);
#12043=CARTESIAN_POINT('',(-32.849999999989,4.744323717653,15.749999999999));
#12044=VERTEX_POINT('',#12043);
#12045=CARTESIAN_POINT('',(-29.549999999994,4.744323717653,15.749999999999));
#12046=VERTEX_POINT('',#12045);
#12047=CARTESIAN_POINT('',(-32.84999999999,4.744323717651,15.749999999999));
#12048=CARTESIAN_POINT('',(-32.850250036554,4.868541416462,15.749999999999));
#12049=CARTESIAN_POINT('',(-32.821718938455,5.116917059554,15.749999999999));
#12050=CARTESIAN_POINT('',(-32.697266063267,5.470593000362,15.749999999999));
#12051=CARTESIAN_POINT('',(-32.497292623451,5.786260939642,15.749999999999));
#12052=CARTESIAN_POINT('',(-32.232956066387,6.048655958021,15.749999999999));
#12053=CARTESIAN_POINT('',(-31.917665576909,6.245449108305,15.749999999999));
#12054=CARTESIAN_POINT('',(-31.566102626963,6.367422778781,15.749999999999));
#12055=CARTESIAN_POINT('',(-31.195919232457,6.408216225681,15.749999999999));
#12056=CARTESIAN_POINT('',(-30.825650079804,6.365589357742,15.749999999999));
#12057=CARTESIAN_POINT('',(-30.474374321036,6.241647144214,15.749999999999));
#12058=CARTESIAN_POINT('',(-30.160507693559,6.04335454683,15.749999999999));
#12059=CARTESIAN_POINT('',(-29.898602975322,5.780849491199,15.749999999999));
#12060=CARTESIAN_POINT('',(-29.701047233551,5.466627005302,15.749999999999));
#12061=CARTESIAN_POINT('',(-29.578001839218,5.11498966348,15.749999999999));
#12062=CARTESIAN_POINT('',(-29.54975509385,4.868029203265,15.749999999999));
#12063=CARTESIAN_POINT('',(-29.549999999992,4.744323717651,15.749999999999));
#12064=B_SPLINE_CURVE_WITH_KNOTS('',3,(#12047,#12048,#12049,#12050,#12051,#12052,#12053,#12054,#12055,#12056,#12057,#12058,#12059,#12060,#12061,#12062,#12063),.UNSPECIFIED.,.F.,.U.,(4,1,1,1,1,1,1,1,1,1,1,1,1,1,4),(0.,0.07185672588732,0.1437935707295,0.2156138955742,0.2867347187404,0.3580223298945,0.4293695232546,0.5007519419399,0.5722116485986,0.6437219493201,0.7149781325346,0.7857335978469,0.8570237862212,0.9284384949717,1.),.UNSPECIFIED.);
#12065=EDGE_CURVE('',#12044,#12046,#12064,.T.);
#12066=ORIENTED_EDGE('',*,*,#12065,.T.);
#12067=CARTESIAN_POINT('',(-29.549999999992,4.744323717651,15.749999999999));
#12068=CARTESIAN_POINT('',(-29.549749963428,4.62010601884,15.749999999999));
#12069=CARTESIAN_POINT('',(-29.578281061527,4.371730375748,15.749999999999));
#12070=CARTESIAN_POINT('',(-29.702733936715,4.018054434942,15.749999999999));
#12071=CARTESIAN_POINT('',(-29.902707376532,3.70238649566,15.749999999999));
#12072=CARTESIAN_POINT('',(-30.167043933595,3.439991477284,15.749999999999));
#12073=CARTESIAN_POINT('',(-30.482334423076,3.243198326997,15.749999999999));
#12074=CARTESIAN_POINT('',(-30.833897373022,3.121224656521,15.749999999999));
#12075=CARTESIAN_POINT('',(-31.204080767528,3.080431209624,15.749999999999));
#12076=CARTESIAN_POINT('',(-31.574349920181,3.12305807756,15.749999999999));
#12077=CARTESIAN_POINT('',(-31.925625678949,3.24700029109,15.749999999999));
#12078=CARTESIAN_POINT('',(-32.239492306424,3.445292888472,15.749999999999));
#12079=CARTESIAN_POINT('',(-32.501397024663,3.707797944105,15.749999999999));
#12080=CARTESIAN_POINT('',(-32.698952766431,4.02202043,15.749999999999));
#12081=CARTESIAN_POINT('',(-32.821998160764,4.373657771824,15.749999999999));
#12082=CARTESIAN_POINT('',(-32.850244906132,4.62061823204,15.749999999999));
#12083=CARTESIAN_POINT('',(-32.84999999999,4.744323717651,15.749999999999));
#12084=B_SPLINE_CURVE_WITH_KNOTS('',3,(#12067,#12068,#12069,#12070,#12071,#12072,#12073,#12074,#12075,#12076,#12077,#12078,#12079,#12080,#12081,#12082,#12083),.UNSPECIFIED.,.F.,.U.,(4,1,1,1,1,1,1,1,1,1,1,1,1,1,4),(0.,0.07185672588732,0.1437935707295,0.2156138955742,0.2867347187404,0.3580223298946,0.4293695232546,0.5007519419399,0.5722116485986,0.6437219493201,0.7149781325346,0.7857335978469,0.8570237862212,0.9284384949716,1.),.UNSPECIFIED.);
#12085=EDGE_CURVE('',#12046,#12044,#12084,.T.);
#12086=ORIENTED_EDGE('',*,*,#12085,.T.);
#12087=EDGE_LOOP('',(#12066,#12086));
#12088=FACE_BOUND('',#12087,.T.);
#12089=CARTESIAN_POINT('',(-32.949995000366,14.743823755148,15.749999999999));
#12090=VERTEX_POINT('',#12089);
#12091=CARTESIAN_POINT('',(-29.649995000362,14.743823755148,15.749999999999));
#12092=VERTEX_POINT('',#12091);
#12093=CARTESIAN_POINT('',(-32.949995000366,14.743823755149,15.749999999999));
#12094=CARTESIAN_POINT('',(-32.950245036929,14.868041453959,15.749999999999));
#12095=CARTESIAN_POINT('',(-32.92171393883,15.116417097052,15.749999999999));
#12096=CARTESIAN_POINT('',(-32.797261063642,15.47009303786,15.749999999999));
#12097=CARTESIAN_POINT('',(-32.597287623826,15.78576097714,15.749999999999));
#12098=CARTESIAN_POINT('',(-32.332951066762,16.048155995516,15.749999999999));
#12099=CARTESIAN_POINT('',(-32.017660577284,16.244949145802,15.749999999999));
#12100=CARTESIAN_POINT('',(-31.666097627338,16.366922816279,15.749999999999));
#12101=CARTESIAN_POINT('',(-31.295914232832,16.407716263178,15.749999999999));
#12102=CARTESIAN_POINT('',(-30.925645080179,16.365089395239,15.749999999999));
#12103=CARTESIAN_POINT('',(-30.574369321411,16.241147181712,15.749999999999));
#12104=CARTESIAN_POINT('',(-30.260502693934,16.042854584328,15.749999999999));
#12105=CARTESIAN_POINT('',(-29.998597975697,15.780349528694,15.749999999999));
#12106=CARTESIAN_POINT('',(-29.801042233926,15.466127042799,15.749999999999));
#12107=CARTESIAN_POINT('',(-29.677996839593,15.114489700978,15.749999999999));
#12108=CARTESIAN_POINT('',(-29.649750094225,14.867529240762,15.749999999999));
#12109=CARTESIAN_POINT('',(-29.649995000367,14.743823755149,15.749999999999));
#12110=B_SPLINE_CURVE_WITH_KNOTS('',3,(#12093,#12094,#12095,#12096,#12097,#12098,#12099,#12100,#12101,#12102,#12103,#12104,#12105,#12106,#12107,#12108,#12109),.UNSPECIFIED.,.F.,.U.,(4,1,1,1,1,1,1,1,1,1,1,1,1,1,4),(0.,0.07185672588733,0.1437935707295,0.2156138955742,0.2867347187403,0.3580223298945,0.4293695232545,0.5007519419398,0.5722116485986,0.6437219493201,0.7149781325345,0.7857335978469,0.8570237862211,0.9284384949716,1.),.UNSPECIFIED.);
#12111=EDGE_CURVE('',#12090,#12092,#12110,.T.);
#12112=ORIENTED_EDGE('',*,*,#12111,.T.);
#12113=CARTESIAN_POINT('',(-29.649995000367,14.743823755149,15.749999999999));
#12114=CARTESIAN_POINT('',(-29.649744963804,14.619606056338,15.749999999999));
#12115=CARTESIAN_POINT('',(-29.678276061903,14.371230413245,15.749999999999));
#12116=CARTESIAN_POINT('',(-29.802728937091,14.01755447244,15.749999999999));
#12117=CARTESIAN_POINT('',(-30.002702376907,13.701886533158,15.749999999999));
#12118=CARTESIAN_POINT('',(-30.26703893397,13.439491514781,15.749999999999));
#12119=CARTESIAN_POINT('',(-30.582329423449,13.242698364495,15.749999999999));
#12120=CARTESIAN_POINT('',(-30.933892373395,13.120724694018,15.749999999999));
#12121=CARTESIAN_POINT('',(-31.304075767901,13.079931247119,15.749999999999));
#12122=CARTESIAN_POINT('',(-31.674344920554,13.122558115058,15.749999999999));
#12123=CARTESIAN_POINT('',(-32.025620679321,13.246500328585,15.749999999999));
#12124=CARTESIAN_POINT('',(-32.339487306799,13.444792925969,15.749999999999));
#12125=CARTESIAN_POINT('',(-32.601392025036,13.707297981603,15.749999999999));
#12126=CARTESIAN_POINT('',(-32.798947766807,14.021520467498,15.749999999999));
#12127=CARTESIAN_POINT('',(-32.92199316114,14.373157809322,15.749999999999));
#12128=CARTESIAN_POINT('',(-32.950239906508,14.620118269535,15.749999999999));
#12129=CARTESIAN_POINT('',(-32.949995000366,14.743823755149,15.749999999999));
#12130=B_SPLINE_CURVE_WITH_KNOTS('',3,(#12113,#12114,#12115,#12116,#12117,#12118,#12119,#12120,#12121,#12122,#12123,#12124,#12125,#12126,#12127,#12128,#12129),.UNSPECIFIED.,.F.,.U.,(4,1,1,1,1,1,1,1,1,1,1,1,1,1,4),(0.,0.07185672588734,0.1437935707295,0.2156138955742,0.2867347187403,0.3580223298945,0.4293695232545,0.5007519419398,0.5722116485986,0.64372194932,0.7149781325345,0.7857335978468,0.8570237862211,0.9284384949716,1.),.UNSPECIFIED.);
#12131=EDGE_CURVE('',#12092,#12090,#12130,.T.);
#12132=ORIENTED_EDGE('',*,*,#12131,.T.);
#12133=EDGE_LOOP('',(#12112,#12132));
#12134=FACE_BOUND('',#12133,.T.);
#12135=ADVANCED_FACE('',(#12042,#12088,#12134),#12024,.T.);
#12136=CARTESIAN_POINT('',(-35.200000000001,7.044323717652,15.));
#12137=DIRECTION('',(-5.921189464667E-16,1.,8.8817841970005E-16));
#12138=DIRECTION('',(-1.,-5.921189464667E-16,-0.));
#12139=AXIS2_PLACEMENT_3D('',#12136,#12138,#12137);
#12140=PLANE('',#12139);
#12141=ORIENTED_EDGE('',*,*,#11359,.F.);
#12142=ORIENTED_EDGE('',*,*,#12039,.F.);
#12143=CARTESIAN_POINT('',(-35.199999999994,19.044323717651,15.75));
#12144=DIRECTION('',(0.,1.3334518674422E-12,-1.));
#12145=VECTOR('',#12144,1.500000000001);
#12146=LINE('',#12143,#12145);
#12147=EDGE_CURVE('',#12028,#11880,#12146,.T.);
#12148=ORIENTED_EDGE('',*,*,#12147,.T.);
#12149=ORIENTED_EDGE('',*,*,#11885,.F.);
#12150=EDGE_LOOP('',(#12141,#12142,#12148,#12149));
#12151=FACE_OUTER_BOUND('',#12150,.T.);
#12152=ADVANCED_FACE('',(#12151),#12140,.T.);
#12153=CARTESIAN_POINT('',(-21.39999999998,-4.9556762823452,10.5));
#12154=DIRECTION('',(-1.,-7.1581662248712E-08,-1.0150610510899E-14));
#12155=DIRECTION('',(-8.5265128291211E-15,-4.2632564145606E-15,1.));
#12156=AXIS2_PLACEMENT_3D('',#12153,#12155,#12154);
#12157=CYLINDRICAL_SURFACE('',#12156,1.749999999993);
#12158=CARTESIAN_POINT('',(-19.649999999987,-4.9556762823442,10.5));
#12159=VERTEX_POINT('',#12158);
#12160=CARTESIAN_POINT('',(-23.14999999999,-4.9556762823442,10.5));
#12161=VERTEX_POINT('',#12160);
#12162=CARTESIAN_POINT('',(-19.649999999993,-4.9556762823432,10.5));
#12163=CARTESIAN_POINT('',(-19.649740797436,-5.0867482004782,10.5));
#12164=CARTESIAN_POINT('',(-19.679656432669,-5.3485659591712,10.5));
#12165=CARTESIAN_POINT('',(-19.810059578598,-5.7214762683532,10.5));
#12166=CARTESIAN_POINT('',(-20.019648531929,-6.0549529189472,10.5));
#12167=CARTESIAN_POINT('',(-20.297664134593,-6.3336024045452,10.5));
#12168=CARTESIAN_POINT('',(-20.630857355366,-6.5439872320652,10.5));
#12169=CARTESIAN_POINT('',(-21.003522807912,-6.6753199939252,10.5));
#12170=CARTESIAN_POINT('',(-21.396066670341,-6.7203914546102,10.5));
#12171=CARTESIAN_POINT('',(-21.788472596993,-6.6770904849612,10.5));
#12172=CARTESIAN_POINT('',(-22.161290842364,-6.5477223246382,10.5));
#12173=CARTESIAN_POINT('',(-22.495769991265,-6.3389118743022,10.5));
#12174=CARTESIAN_POINT('',(-22.776152133479,-6.0604753602392,10.5));
#12175=CARTESIAN_POINT('',(-22.988179574567,-5.7256014038182,10.5));
#12176=CARTESIAN_POINT('',(-23.120046254483,-5.3506071790052,10.5));
#12177=CARTESIAN_POINT('',(-23.150264644335,-5.0873064336852,10.5));
#12178=CARTESIAN_POINT('',(-23.149999999993,-4.9556762823432,10.5));
#12179=B_SPLINE_CURVE_WITH_KNOTS('',3,(#12162,#12163,#12164,#12165,#12166,#12167,#12168,#12169,#12170,#12171,#12172,#12173,#12174,#12175,#12176,#12177,#12178),.UNSPECIFIED.,.F.,.U.,(4,1,1,1,1,1,1,1,1,1,1,1,1,1,4),(0.,0.0714908195439,0.1429164458546,0.2142281512017,0.2850642808641,0.356395398471,0.4279072588457,0.4993199171978,0.570652357326,0.6419865639027,0.7133118167856,0.7844687851903,0.8562760350364,0.9282058936241,1.),.UNSPECIFIED.);
#12180=EDGE_CURVE('',#12159,#12161,#12179,.T.);
#12181=ORIENTED_EDGE('',*,*,#12180,.T.);
#12182=CARTESIAN_POINT('',(-23.14999999999,-4.9556762823442,10.5));
#12183=DIRECTION('',(0.,0.,1.));
#12184=VECTOR('',#12183,2.5);
#12185=LINE('',#12182,#12184);
#12186=EDGE_CURVE('',#12161,#11383,#12185,.T.);
#12187=ORIENTED_EDGE('',*,*,#12186,.T.);
#12188=ORIENTED_EDGE('',*,*,#11402,.F.);
#12189=CARTESIAN_POINT('',(-19.649999999987,-4.9556762823442,13.));
#12190=DIRECTION('',(0.,0.,-1.));
#12191=VECTOR('',#12190,2.5);
#12192=LINE('',#12189,#12191);
#12193=EDGE_CURVE('',#11381,#12159,#12192,.T.);
#12194=ORIENTED_EDGE('',*,*,#12193,.T.);
#12195=EDGE_LOOP('',(#12181,#12187,#12188,#12194));
#12196=FACE_OUTER_BOUND('',#12195,.T.);
#12197=ADVANCED_FACE('',(#12196),#12157,.F.);
#12198=CARTESIAN_POINT('',(-21.39999999998,-4.9556762823452,10.5));
#12199=DIRECTION('',(1.,7.1583374656706E-08,2.0301221021798E-15));
#12200=DIRECTION('',(-1.4210854715202E-15,-1.4210854715202E-15,1.));
#12201=AXIS2_PLACEMENT_3D('',#12198,#12200,#12199);
#12202=CYLINDRICAL_SURFACE('',#12201,1.749999999993);
#12203=CARTESIAN_POINT('',(-23.149999999993,-4.9556762823432,10.5));
#12204=CARTESIAN_POINT('',(-23.150259202548,-4.8246043642082,10.5));
#12205=CARTESIAN_POINT('',(-23.120343567315,-4.5627866055152,10.5));
#12206=CARTESIAN_POINT('',(-22.989940421388,-4.1898762963332,10.5));
#12207=CARTESIAN_POINT('',(-22.780351468057,-3.8563996457392,10.5));
#12208=CARTESIAN_POINT('',(-22.50233586539,-3.5777501601412,10.5));
#12209=CARTESIAN_POINT('',(-22.169142644618,-3.3673653326212,10.5));
#12210=CARTESIAN_POINT('',(-21.796477192071,-3.2360325707632,10.5));
#12211=CARTESIAN_POINT('',(-21.403933329642,-3.1909611100762,10.5));
#12212=CARTESIAN_POINT('',(-21.011527402993,-3.2342620797252,10.5));
#12213=CARTESIAN_POINT('',(-20.638709157623,-3.3636302400482,10.5));
#12214=CARTESIAN_POINT('',(-20.304230008721,-3.5724406903842,10.5));
#12215=CARTESIAN_POINT('',(-20.023847866505,-3.8508772044472,10.5));
#12216=CARTESIAN_POINT('',(-19.811820425419,-4.1857511608682,10.5));
#12217=CARTESIAN_POINT('',(-19.679953745503,-4.5607453856842,10.5));
#12218=CARTESIAN_POINT('',(-19.649735355651,-4.8240461310012,10.5));
#12219=CARTESIAN_POINT('',(-19.649999999993,-4.9556762823432,10.5));
#12220=B_SPLINE_CURVE_WITH_KNOTS('',3,(#12203,#12204,#12205,#12206,#12207,#12208,#12209,#12210,#12211,#12212,#12213,#12214,#12215,#12216,#12217,#12218,#12219),.UNSPECIFIED.,.F.,.U.,(4,1,1,1,1,1,1,1,1,1,1,1,1,1,4),(0.,0.07149081954389,0.1429164458546,0.2142281512017,0.2850642808641,0.3563953984709,0.4279072588457,0.4993199171978,0.570652357326,0.6419865639027,0.7133118167855,0.7844687851903,0.8562760350364,0.9282058936241,1.),.UNSPECIFIED.);
#12221=EDGE_CURVE('',#12161,#12159,#12220,.T.);
#12222=ORIENTED_EDGE('',*,*,#12221,.T.);
#12223=ORIENTED_EDGE('',*,*,#12193,.F.);
#12224=ORIENTED_EDGE('',*,*,#11422,.F.);
#12225=ORIENTED_EDGE('',*,*,#12186,.F.);
#12226=EDGE_LOOP('',(#12222,#12223,#12224,#12225));
#12227=FACE_OUTER_BOUND('',#12226,.T.);
#12228=ADVANCED_FACE('',(#12227),#12202,.F.);
#12229=CARTESIAN_POINT('',(-4.090674519789,0.40000000000001,7.4182069312285));
#12230=DIRECTION('',(0.,0.,-1.));
#12231=DIRECTION('',(-1.,-0.,-0.));
#12232=AXIS2_PLACEMENT_3D('',#12229,#12231,#12230);
#12233=PLANE('',#12232);
#12234=CARTESIAN_POINT('',(-4.090674519789,0.40000000000001,2.5999999999902));
#12235=VERTEX_POINT('',#12234);
#12236=CARTESIAN_POINT('',(-4.090674519789,0.40000000000001,6.3999999999902));
#12237=DIRECTION('',(3.872584707862E-16,1.2395466779082E-16,-1.));
#12238=DIRECTION('',(-1.,-1.3221831231021E-15,-3.8725847078621E-16));
#12239=AXIS2_PLACEMENT_3D('',#12236,#12238,#12237);
#12240=CIRCLE('',#12239,3.8);
#12241=EDGE_CURVE('',#12235,#12235,#12240,.T.);
#12242=ORIENTED_EDGE('',*,*,#12241,.T.);
#12243=EDGE_LOOP('',(#12242));
#12244=FACE_OUTER_BOUND('',#12243,.T.);
#12245=ORIENTED_EDGE('',*,*,#11479,.F.);
#12246=EDGE_LOOP('',(#12245));
#12247=FACE_BOUND('',#12246,.T.);
#12248=ADVANCED_FACE('',(#12244,#12247),#12233,.T.);
#12249=CARTESIAN_POINT('',(31.2,18.827532693411,14.999999999999));
#12250=DIRECTION('',(1.,0.,0.));
#12251=DIRECTION('',(-0.,1.,0.));
#12252=AXIS2_PLACEMENT_3D('',#12249,#12251,#12250);
#12253=PLANE('',#12252);
#12254=ORIENTED_EDGE('',*,*,#11654,.F.);
#12255=ORIENTED_EDGE('',*,*,#11631,.F.);
#12256=ORIENTED_EDGE('',*,*,#11515,.F.);
#12257=ORIENTED_EDGE('',*,*,#11769,.F.);
#12258=EDGE_LOOP('',(#12254,#12255,#12256,#12257));
#12259=FACE_OUTER_BOUND('',#12258,.T.);
#12260=ADVANCED_FACE('',(#12259),#12253,.T.);
#12261=CARTESIAN_POINT('',(31.29999500037,14.527032730908,14.25));
#12262=DIRECTION('',(1.,-5.5648415168848E-12,1.0765799026668E-15));
#12263=DIRECTION('',(-4.736951571734E-15,1.1842378929335E-15,1.));
#12264=AXIS2_PLACEMENT_3D('',#12261,#12263,#12262);
#12265=CYLINDRICAL_SURFACE('',#12264,1.65);
#12266=CARTESIAN_POINT('',(29.649995000372,14.527032730909,15.75));
#12267=DIRECTION('',(0.,-6.6672593372156E-13,-1.));
#12268=VECTOR('',#12267,1.5);
#12269=LINE('',#12266,#12268);
#12270=EDGE_CURVE('',#11668,#11574,#12269,.T.);
#12271=ORIENTED_EDGE('',*,*,#12270,.T.);
#12272=ORIENTED_EDGE('',*,*,#11593,.F.);
#12273=CARTESIAN_POINT('',(32.949995000372,14.527032730908,14.25));
#12274=DIRECTION('',(0.,6.6672593372156E-13,1.));
#12275=VECTOR('',#12274,1.5);
#12276=LINE('',#12273,#12275);
#12277=EDGE_CURVE('',#11572,#11666,#12276,.T.);
#12278=ORIENTED_EDGE('',*,*,#12277,.T.);
#12279=ORIENTED_EDGE('',*,*,#11707,.F.);
#12280=EDGE_LOOP('',(#12271,#12272,#12278,#12279));
#12281=FACE_OUTER_BOUND('',#12280,.T.);
#12282=ADVANCED_FACE('',(#12281),#12265,.F.);
#12283=CARTESIAN_POINT('',(31.29999500037,14.527032730908,14.25));
#12284=DIRECTION('',(-1.,-7.1558151727335E-08,-2.1531598053337E-15));
#12285=DIRECTION('',(2.368475785867E-15,-3.5527136788005E-15,1.));
#12286=AXIS2_PLACEMENT_3D('',#12283,#12285,#12284);
#12287=CYLINDRICAL_SURFACE('',#12286,1.65);
#12288=ORIENTED_EDGE('',*,*,#11613,.F.);
#12289=ORIENTED_EDGE('',*,*,#12270,.F.);
#12290=ORIENTED_EDGE('',*,*,#11687,.F.);
#12291=ORIENTED_EDGE('',*,*,#12277,.F.);
#12292=EDGE_LOOP('',(#12288,#12289,#12290,#12291));
#12293=FACE_OUTER_BOUND('',#12292,.T.);
#12294=ADVANCED_FACE('',(#12293),#12287,.F.);
#12295=CARTESIAN_POINT('',(31.2,4.5275326934131,14.25));
#12296=DIRECTION('',(1.,6.5671374062676E-14,6.4594794160009E-15));
#12297=DIRECTION('',(-4.736951571734E-15,2.9605947323337E-15,1.));
#12298=AXIS2_PLACEMENT_3D('',#12295,#12297,#12296);
#12299=CYLINDRICAL_SURFACE('',#12298,1.65);
#12300=CARTESIAN_POINT('',(29.55,4.5275326934131,15.75));
#12301=DIRECTION('',(0.,-6.6672593372156E-13,-1.));
#12302=VECTOR('',#12301,1.5);
#12303=LINE('',#12300,#12302);
#12304=EDGE_CURVE('',#11714,#11528,#12303,.T.);
#12305=ORIENTED_EDGE('',*,*,#12304,.T.);
#12306=ORIENTED_EDGE('',*,*,#11547,.F.);
#12307=CARTESIAN_POINT('',(32.85,4.5275326934121,14.25));
#12308=DIRECTION('',(0.,6.6672593372156E-13,1.));
#12309=VECTOR('',#12308,1.5);
#12310=LINE('',#12307,#12309);
#12311=EDGE_CURVE('',#11526,#11712,#12310,.T.);
#12312=ORIENTED_EDGE('',*,*,#12311,.T.);
#12313=ORIENTED_EDGE('',*,*,#11753,.F.);
#12314=EDGE_LOOP('',(#12305,#12306,#12312,#12313));
#12315=FACE_OUTER_BOUND('',#12314,.T.);
#12316=ADVANCED_FACE('',(#12315),#12299,.F.);
#12317=CARTESIAN_POINT('',(31.2,4.5275326934131,14.25));
#12318=DIRECTION('',(-1.,-7.155997222395E-08,-1.0765799026668E-15));
#12319=DIRECTION('',(0.,-1.7763568394002E-15,1.));
#12320=AXIS2_PLACEMENT_3D('',#12317,#12319,#12318);
#12321=CYLINDRICAL_SURFACE('',#12320,1.65);
#12322=ORIENTED_EDGE('',*,*,#11567,.F.);
#12323=ORIENTED_EDGE('',*,*,#12304,.F.);
#12324=ORIENTED_EDGE('',*,*,#11733,.F.);
#12325=ORIENTED_EDGE('',*,*,#12311,.F.);
#12326=EDGE_LOOP('',(#12322,#12323,#12324,#12325));
#12327=FACE_OUTER_BOUND('',#12326,.T.);
#12328=ADVANCED_FACE('',(#12327),#12321,.F.);
#12329=CARTESIAN_POINT('',(-0.27164572413448,-5.9778381411646,10.5));
#12330=DIRECTION('',(-1.,1.327229256728E-16,0.));
#12331=DIRECTION('',(0.,0.,1.));
#12332=AXIS2_PLACEMENT_3D('',#12329,#12331,#12330);
#12333=PLANE('',#12332);
#12334=ORIENTED_EDGE('',*,*,#11815,.F.);
#12335=ORIENTED_EDGE('',*,*,#11845,.F.);
#12336=EDGE_LOOP('',(#12334,#12335));
#12337=FACE_OUTER_BOUND('',#12336,.T.);
#12338=CARTESIAN_POINT('',(20.15,-4.95,10.5));
#12339=VERTEX_POINT('',#12338);
#12340=CARTESIAN_POINT('',(21.4,-4.95,10.5));
#12341=DIRECTION('',(-1.,0.,-0.));
#12342=DIRECTION('',(0.,0.,-1.));
#12343=AXIS2_PLACEMENT_3D('',#12340,#12342,#12341);
#12344=CIRCLE('',#12343,1.25);
#12345=EDGE_CURVE('',#12339,#12339,#12344,.T.);
#12346=ORIENTED_EDGE('',*,*,#12345,.T.);
#12347=EDGE_LOOP('',(#12346));
#12348=FACE_BOUND('',#12347,.T.);
#12349=ADVANCED_FACE('',(#12337,#12348),#12333,.T.);
#12350=CARTESIAN_POINT('',(-31.199999999991,19.044323717656,15.));
#12351=DIRECTION('',(1.,8.8817841969946E-16,0.));
#12352=DIRECTION('',(-8.8817841969946E-16,1.,0.));
#12353=AXIS2_PLACEMENT_3D('',#12350,#12352,#12351);
#12354=PLANE('',#12353);
#12355=ORIENTED_EDGE('',*,*,#12009,.F.);
#12356=ORIENTED_EDGE('',*,*,#11893,.F.);
#12357=ORIENTED_EDGE('',*,*,#12147,.F.);
#12358=ORIENTED_EDGE('',*,*,#12033,.F.);
#12359=EDGE_LOOP('',(#12355,#12356,#12357,#12358));
#12360=FACE_OUTER_BOUND('',#12359,.T.);
#12361=ADVANCED_FACE('',(#12360),#12354,.T.);
#12362=CARTESIAN_POINT('',(-31.199999999991,4.744323717654,14.25));
#12363=DIRECTION('',(1.,7.1563554543863E-08,-1.2918958832054E-14));
#12364=DIRECTION('',(1.4210854715211E-14,5.9211894646714E-15,1.));
#12365=AXIS2_PLACEMENT_3D('',#12362,#12364,#12363);
#12366=CYLINDRICAL_SURFACE('',#12365,1.6499999999934);
#12367=ORIENTED_EDGE('',*,*,#11971,.F.);
#12368=CARTESIAN_POINT('',(-29.549999999994,4.744323717654,14.25));
#12369=DIRECTION('',(0.,-6.6672593372201E-13,1.));
#12370=VECTOR('',#12369,1.499999999999);
#12371=LINE('',#12368,#12370);
#12372=EDGE_CURVE('',#11950,#12046,#12371,.T.);
#12373=ORIENTED_EDGE('',*,*,#12372,.T.);
#12374=ORIENTED_EDGE('',*,*,#12065,.F.);
#12375=CARTESIAN_POINT('',(-32.849999999989,4.744323717653,15.749999999999));
#12376=DIRECTION('',(0.,6.6672593372201E-13,-1.));
#12377=VECTOR('',#12376,1.499999999999);
#12378=LINE('',#12375,#12377);
#12379=EDGE_CURVE('',#12044,#11952,#12378,.T.);
#12380=ORIENTED_EDGE('',*,*,#12379,.T.);
#12381=EDGE_LOOP('',(#12367,#12373,#12374,#12380));
#12382=FACE_OUTER_BOUND('',#12381,.T.);
#12383=ADVANCED_FACE('',(#12382),#12366,.F.);
#12384=CARTESIAN_POINT('',(-31.199999999991,4.744323717654,14.25));
#12385=DIRECTION('',(-1.,-7.1565391189176E-08,3.2297397080133E-15));
#12386=DIRECTION('',(4.7369515717371E-15,-7.1054273576056E-15,1.));
#12387=AXIS2_PLACEMENT_3D('',#12384,#12386,#12385);
#12388=CYLINDRICAL_SURFACE('',#12387,1.6499999999934);
#12389=ORIENTED_EDGE('',*,*,#11991,.F.);
#12390=ORIENTED_EDGE('',*,*,#12379,.F.);
#12391=ORIENTED_EDGE('',*,*,#12085,.F.);
#12392=ORIENTED_EDGE('',*,*,#12372,.F.);
#12393=EDGE_LOOP('',(#12389,#12390,#12391,#12392));
#12394=FACE_OUTER_BOUND('',#12393,.T.);
#12395=ADVANCED_FACE('',(#12394),#12388,.F.);
#12396=CARTESIAN_POINT('',(-31.299995000357,14.743823755147,14.25));
#12397=DIRECTION('',(1.,7.1565980616673E-08,-6.4594794160267E-15));
#12398=DIRECTION('',(4.7369515717372E-15,-8.28966525054E-15,1.));
#12399=AXIS2_PLACEMENT_3D('',#12396,#12398,#12397);
#12400=CYLINDRICAL_SURFACE('',#12399,1.6499999999934);
#12401=ORIENTED_EDGE('',*,*,#11925,.F.);
#12402=CARTESIAN_POINT('',(-29.649995000362,14.74382375515,14.25));
#12403=DIRECTION('',(0.,-1.333451867444E-12,1.));
#12404=VECTOR('',#12403,1.499999999999);
#12405=LINE('',#12402,#12404);
#12406=EDGE_CURVE('',#11904,#12092,#12405,.T.);
#12407=ORIENTED_EDGE('',*,*,#12406,.T.);
#12408=ORIENTED_EDGE('',*,*,#12111,.F.);
#12409=CARTESIAN_POINT('',(-32.949995000366,14.743823755148,15.749999999999));
#12410=DIRECTION('',(0.,1.333451867444E-12,-1.));
#12411=VECTOR('',#12410,1.499999999999);
#12412=LINE('',#12409,#12411);
#12413=EDGE_CURVE('',#12090,#11906,#12412,.T.);
#12414=ORIENTED_EDGE('',*,*,#12413,.T.);
#12415=EDGE_LOOP('',(#12401,#12407,#12408,#12414));
#12416=FACE_OUTER_BOUND('',#12415,.T.);
#12417=ADVANCED_FACE('',(#12416),#12400,.F.);
#12418=CARTESIAN_POINT('',(-31.299995000357,14.743823755147,14.25));
#12419=DIRECTION('',(-1.,-7.1562956503731E-08,3.2297397080136E-15));
#12420=DIRECTION('',(0.,-2.3684757858685E-15,1.));
#12421=AXIS2_PLACEMENT_3D('',#12418,#12420,#12419);
#12422=CYLINDRICAL_SURFACE('',#12421,1.6499999999933);
#12423=ORIENTED_EDGE('',*,*,#11945,.F.);
#12424=ORIENTED_EDGE('',*,*,#12413,.F.);
#12425=ORIENTED_EDGE('',*,*,#12131,.F.);
#12426=ORIENTED_EDGE('',*,*,#12406,.F.);
#12427=EDGE_LOOP('',(#12423,#12424,#12425,#12426));
#12428=FACE_OUTER_BOUND('',#12427,.T.);
#12429=ADVANCED_FACE('',(#12428),#12422,.F.);
#12430=CARTESIAN_POINT('',(-0.27164572413448,-5.9778381411646,10.5));
#12431=DIRECTION('',(-1.,1.3587465571209E-16,0.));
#12432=DIRECTION('',(0.,0.,1.));
#12433=AXIS2_PLACEMENT_3D('',#12430,#12432,#12431);
#12434=PLANE('',#12433);
#12435=ORIENTED_EDGE('',*,*,#12221,.F.);
#12436=ORIENTED_EDGE('',*,*,#12180,.F.);
#12437=EDGE_LOOP('',(#12435,#12436));
#12438=FACE_OUTER_BOUND('',#12437,.T.);
#12439=CARTESIAN_POINT('',(-22.65,-4.95,10.5));
#12440=VERTEX_POINT('',#12439);
#12441=CARTESIAN_POINT('',(-21.4,-4.95,10.5));
#12442=DIRECTION('',(-1.,3.0145775206728E-15,-0.));
#12443=DIRECTION('',(0.,0.,-1.));
#12444=AXIS2_PLACEMENT_3D('',#12441,#12443,#12442);
#12445=CIRCLE('',#12444,1.25);
#12446=EDGE_CURVE('',#12440,#12440,#12445,.T.);
#12447=ORIENTED_EDGE('',*,*,#12446,.T.);
#12448=EDGE_LOOP('',(#12447));
#12449=FACE_BOUND('',#12448,.T.);
#12450=ADVANCED_FACE('',(#12438,#12449),#12434,.T.);
#12451=CARTESIAN_POINT('',(-4.090674519789,0.40000000000001,6.3999999999902));
#12452=DIRECTION('',(2.3373116307898E-16,2.9216395384873E-17,-1.));
#12453=DIRECTION('',(1.,0.,4.4857495944451E-17));
#12454=AXIS2_PLACEMENT_3D('',#12451,#12453,#12452);
#12455=CYLINDRICAL_SURFACE('',#12454,3.8);
#12456=ORIENTED_EDGE('',*,*,#12241,.F.);
#12457=CARTESIAN_POINT('',(4.809331282144,0.40000000000001,2.5999999999902));
#12458=VERTEX_POINT('',#12457);
#12459=CARTESIAN_POINT('',(-4.090674519789,0.40000000000001,2.5999999999902));
#12460=DIRECTION('',(1.,0.,0.));
#12461=VECTOR('',#12460,8.900005801933);
#12462=LINE('',#12459,#12461);
#12463=EDGE_CURVE('',#12235,#12458,#12462,.T.);
#12464=ORIENTED_EDGE('',*,*,#12463,.T.);
#12465=CARTESIAN_POINT('',(7.164553262909,-1.9604555653965,3.4220393683182));
#12466=VERTEX_POINT('',#12465);
#12467=CARTESIAN_POINT('',(4.809331282144,0.40000000000001,2.5999999999902));
#12468=CARTESIAN_POINT('',(4.808907573505,0.2091106773845,2.5999999999902));
#12469=CARTESIAN_POINT('',(4.877258038268,-0.36371182644639,2.643151131753));
#12470=CARTESIAN_POINT('',(5.145859705733,-0.86973467024799,2.8062271643253));
#12471=CARTESIAN_POINT('',(5.656944319051,-1.4646123757892,3.0699451201333));
#12472=CARTESIAN_POINT('',(6.23920911628,-1.8582048913332,3.3409912274894));
#12473=CARTESIAN_POINT('',(6.933217226252,-1.9604555653965,3.4220393683182));
#12474=CARTESIAN_POINT('',(7.164553262909,-1.9604555653965,3.4220393683182));
#12475=B_SPLINE_CURVE_WITH_KNOTS('',3,(#12467,#12468,#12469,#12470,#12471,#12472,#12473,#12474),.UNSPECIFIED.,.F.,.U.,(4,1,2,1,4),(0.,0.2776162101446,0.8328486304337,1.4995152971004,1.8328486304337),.UNSPECIFIED.);
#12476=EDGE_CURVE('',#12458,#12466,#12475,.T.);
#12477=ORIENTED_EDGE('',*,*,#12476,.T.);
#12478=CARTESIAN_POINT('',(11.854097697513,-1.9604555653965,3.4220393683182));
#12479=VERTEX_POINT('',#12478);
#12480=CARTESIAN_POINT('',(7.164553262909,-1.9604555653965,3.4220393683182));
#12481=DIRECTION('',(1.,0.,0.));
#12482=VECTOR('',#12481,4.689544434604);
#12483=LINE('',#12480,#12482);
#12484=EDGE_CURVE('',#12466,#12479,#12483,.T.);
#12485=ORIENTED_EDGE('',*,*,#12484,.T.);
#12486=CARTESIAN_POINT('',(14.209319678278,0.40000000000001,2.5999999999902));
#12487=VERTEX_POINT('',#12486);
#12488=CARTESIAN_POINT('',(11.854097697513,-1.9604555653965,3.4220393683182));
#12489=CARTESIAN_POINT('',(11.896739377431,-1.9604555653965,3.4220393683182));
#12490=CARTESIAN_POINT('',(12.024664417185,-1.9569814182426,3.4192856146596));
#12491=CARTESIAN_POINT('',(12.152328745679,-1.943029355024,3.4082589116286));
#12492=CARTESIAN_POINT('',(12.961609620968,-1.8101056771313,3.3051337305443));
#12493=CARTESIAN_POINT('',(13.943199743476,-1.102744012352,2.7670064243064));
#12494=CARTESIAN_POINT('',(14.210153240093,0.02446352081279,2.5999999999902));
#12495=CARTESIAN_POINT('',(14.209319678278,0.40000000000001,2.5999999999902));
#12496=B_SPLINE_CURVE_WITH_KNOTS('',3,(#12488,#12489,#12490,#12491,#12492,#12493,#12494,#12495),.UNSPECIFIED.,.F.,.U.,(4,1,2,1,4),(0.,0.0383485903236,0.1150457709709,0.78171243763757,1.1150457709709),.UNSPECIFIED.);
#12497=EDGE_CURVE('',#12479,#12487,#12496,.T.);
#12498=ORIENTED_EDGE('',*,*,#12497,.T.);
#12499=CARTESIAN_POINT('',(15.709325480211,0.40000000000001,2.5999999999902));
#12500=VERTEX_POINT('',#12499);
#12501=CARTESIAN_POINT('',(14.209319678278,0.40000000000001,2.5999999999902));
#12502=DIRECTION('',(1.,0.,0.));
#12503=VECTOR('',#12502,1.500005801933);
#12504=LINE('',#12501,#12503);
#12505=EDGE_CURVE('',#12487,#12500,#12504,.T.);
#12506=ORIENTED_EDGE('',*,*,#12505,.T.);
#12507=CARTESIAN_POINT('',(15.709325480211,0.40000000000001,6.3999999999902));
#12508=DIRECTION('',(-5.4766618152972E-16,1.2395466779082E-16,-1.));
#12509=DIRECTION('',(-1.,-1.3221831231021E-15,5.4766618152972E-16));
#12510=AXIS2_PLACEMENT_3D('',#12507,#12509,#12508);
#12511=CIRCLE('',#12510,3.8);
#12512=EDGE_CURVE('',#12500,#12500,#12511,.T.);
#12513=ORIENTED_EDGE('',*,*,#12512,.T.);
#12514=ORIENTED_EDGE('',*,*,#12505,.F.);
#12515=CARTESIAN_POINT('',(11.854097697513,2.75,3.4137816556624));
#12516=VERTEX_POINT('',#12515);
#12517=CARTESIAN_POINT('',(14.209319678278,0.40000000000001,2.5999999999902));
#12518=CARTESIAN_POINT('',(14.208899253253,0.58940998862885,2.5999999999902));
#12519=CARTESIAN_POINT('',(14.139091298337,1.1574878044633,2.6424849071128));
#12520=CARTESIAN_POINT('',(13.872197368115,1.6595599627144,2.8028302860601));
#12521=CARTESIAN_POINT('',(13.362600466687,2.2536111438827,3.0637724115086));
#12522=CARTESIAN_POINT('',(12.77996239126,2.6476342525017,3.3332250858195));
#12523=CARTESIAN_POINT('',(12.08556387095,2.75,3.4137816556624));
#12524=CARTESIAN_POINT('',(11.854097697513,2.75,3.4137816556624));
#12525=B_SPLINE_CURVE_WITH_KNOTS('',3,(#12517,#12518,#12519,#12520,#12521,#12522,#12523,#12524),.UNSPECIFIED.,.F.,.U.,(4,1,2,1,4),(0.,0.2752653201613,0.825795960484,1.4924626271507,1.825795960484),.UNSPECIFIED.);
#12526=EDGE_CURVE('',#12487,#12516,#12525,.T.);
#12527=ORIENTED_EDGE('',*,*,#12526,.T.);
#12528=CARTESIAN_POINT('',(7.164553262909,2.75,3.4137816556624));
#12529=VERTEX_POINT('',#12528);
#12530=CARTESIAN_POINT('',(11.854097697513,2.75,3.4137816556624));
#12531=DIRECTION('',(-1.,0.,0.));
#12532=VECTOR('',#12531,4.689544434604);
#12533=LINE('',#12530,#12532);
#12534=EDGE_CURVE('',#12516,#12529,#12533,.T.);
#12535=ORIENTED_EDGE('',*,*,#12534,.T.);
#12536=CARTESIAN_POINT('',(7.164553262909,2.75,3.4137816556624));
#12537=CARTESIAN_POINT('',(7.121852384863,2.75,3.4137816556624));
#12538=CARTESIAN_POINT('',(6.993749750723,2.7465162000478,3.4110400845702));
#12539=CARTESIAN_POINT('',(6.865907232099,2.7325253461085,3.4000621824002));
#12540=CARTESIAN_POINT('',(6.058985021564,2.5997981958755,3.2978330877874));
#12541=CARTESIAN_POINT('',(5.080252085904,1.8963692715777,2.7658560088058));
#12542=CARTESIAN_POINT('',(4.810161968022,0.7742408118072,2.5999999999902));
#12543=CARTESIAN_POINT('',(4.809331282144,0.40000000000001,2.5999999999902));
#12544=B_SPLINE_CURVE_WITH_KNOTS('',3,(#12536,#12537,#12538,#12539,#12540,#12541,#12542,#12543),.UNSPECIFIED.,.F.,.U.,(4,1,2,1,4),(0.,0.0385354709486,0.1156064128458,0.78227307951247,1.1156064128458),.UNSPECIFIED.);
#12545=EDGE_CURVE('',#12529,#12458,#12544,.T.);
#12546=ORIENTED_EDGE('',*,*,#12545,.T.);
#12547=ORIENTED_EDGE('',*,*,#12463,.F.);
#12548=EDGE_LOOP('',(#12456,#12464,#12477,#12485,#12498,#12506,#12513,#12514,#12527,#12535,#12546,#12547));
#12549=FACE_OUTER_BOUND('',#12548,.T.);
#12550=ADVANCED_FACE('',(#12549),#12455,.T.);
#12551=CARTESIAN_POINT('',(20.15,-4.95,11.));
#12552=CARTESIAN_POINT('',(20.15,-3.7,11.));
#12553=CARTESIAN_POINT('',(21.4,-3.7,11.));
#12554=CARTESIAN_POINT('',(22.65,-3.7,11.));
#12555=CARTESIAN_POINT('',(22.65,-4.95,11.));
#12556=CARTESIAN_POINT('',(22.65,-6.2,11.));
#12557=CARTESIAN_POINT('',(21.4,-6.2,11.));
#12558=CARTESIAN_POINT('',(20.15,-6.2,11.));
#12559=CARTESIAN_POINT('',(20.15,-4.95,11.));
#12560=CARTESIAN_POINT('',(20.15,-4.95,5.0000000000002));
#12561=CARTESIAN_POINT('',(20.15,-3.7,5.0000000000002));
#12562=CARTESIAN_POINT('',(21.4,-3.7,5.0000000000002));
#12563=CARTESIAN_POINT('',(22.65,-3.7,5.0000000000002));
#12564=CARTESIAN_POINT('',(22.65,-4.95,5.0000000000002));
#12565=CARTESIAN_POINT('',(22.65,-6.2,5.0000000000002));
#12566=CARTESIAN_POINT('',(21.4,-6.2,5.0000000000002));
#12567=CARTESIAN_POINT('',(20.15,-6.2,5.0000000000002));
#12568=CARTESIAN_POINT('',(20.15,-4.95,5.0000000000002));
#12569=(BOUNDED_SURFACE()B_SPLINE_SURFACE(1,2,((#12551,#12552,#12553,#12554,#12555,#12556,#12557,#12558,#12559),(#12560,#12561,#12562,#12563,#12564,#12565,#12566,#12567,#12568)),.UNSPECIFIED.,.F.,.T.,.U.)B_SPLINE_SURFACE_WITH_KNOTS((2,2),(3,2,2,2,3),(-0.20000000000002,1.),(0.,0.25,0.5,0.75,1.),.UNSPECIFIED.)GEOMETRIC_REPRESENTATION_ITEM()RATIONAL_B_SPLINE_SURFACE(((1.,0.70710678118655,1.,0.70710678118655,1.,0.70710678118655,1.,0.70710678118655,1.),(1.,0.70710678118655,1.,0.70710678118655,1.,0.70710678118655,1.,0.70710678118655,1.)))REPRESENTATION_ITEM('')SURFACE());
#12570=CARTESIAN_POINT('',(20.15,-4.95,5.0000000000002));
#12571=VERTEX_POINT('',#12570);
#12572=CARTESIAN_POINT('',(21.4,-4.95,5.0000000000002));
#12573=DIRECTION('',(-1.,-2.5243548967072E-31,-5.0242958677881E-16));
#12574=DIRECTION('',(5.0242958677881E-16,-5.0242958677881E-16,-1.));
#12575=AXIS2_PLACEMENT_3D('',#12572,#12574,#12573);
#12576=CIRCLE('',#12575,1.25);
#12577=EDGE_CURVE('',#12571,#12571,#12576,.T.);
#12578=ORIENTED_EDGE('',*,*,#12577,.T.);
#12579=CARTESIAN_POINT('',(20.15,-4.95,5.0000000000002));
#12580=DIRECTION('',(0.,0.,1.));
#12581=VECTOR('',#12580,5.4999999999998);
#12582=LINE('',#12579,#12581);
#12583=EDGE_CURVE('',#12571,#12339,#12582,.T.);
#12584=ORIENTED_EDGE('',*,*,#12583,.T.);
#12585=ORIENTED_EDGE('',*,*,#12345,.F.);
#12586=ORIENTED_EDGE('',*,*,#12583,.F.);
#12587=EDGE_LOOP('',(#12578,#12584,#12585,#12586));
#12588=FACE_OUTER_BOUND('',#12587,.T.);
#12589=ADVANCED_FACE('',(#12588),#12569,.T.);
#12590=CARTESIAN_POINT('',(-22.65,-4.95,11.));
#12591=CARTESIAN_POINT('',(-22.65,-3.7,11.));
#12592=CARTESIAN_POINT('',(-21.4,-3.7,11.));
#12593=CARTESIAN_POINT('',(-20.15,-3.7,11.));
#12594=CARTESIAN_POINT('',(-20.15,-4.95,11.));
#12595=CARTESIAN_POINT('',(-20.15,-6.2,11.));
#12596=CARTESIAN_POINT('',(-21.4,-6.2,11.));
#12597=CARTESIAN_POINT('',(-22.65,-6.2,11.));
#12598=CARTESIAN_POINT('',(-22.65,-4.95,11.));
#12599=CARTESIAN_POINT('',(-22.65,-4.95,5.0000000000002));
#12600=CARTESIAN_POINT('',(-22.65,-3.7,5.0000000000002));
#12601=CARTESIAN_POINT('',(-21.4,-3.7,5.0000000000002));
#12602=CARTESIAN_POINT('',(-20.15,-3.7,5.0000000000002));
#12603=CARTESIAN_POINT('',(-20.15,-4.95,5.0000000000002));
#12604=CARTESIAN_POINT('',(-20.15,-6.2,5.0000000000002));
#12605=CARTESIAN_POINT('',(-21.4,-6.2,5.0000000000002));
#12606=CARTESIAN_POINT('',(-22.65,-6.2,5.0000000000002));
#12607=CARTESIAN_POINT('',(-22.65,-4.95,5.0000000000002));
#12608=(BOUNDED_SURFACE()B_SPLINE_SURFACE(1,2,((#12590,#12591,#12592,#12593,#12594,#12595,#12596,#12597,#12598),(#12599,#12600,#12601,#12602,#12603,#12604,#12605,#12606,#12607)),.UNSPECIFIED.,.F.,.T.,.U.)B_SPLINE_SURFACE_WITH_KNOTS((2,2),(3,2,2,2,3),(-0.20000000000002,1.),(0.,0.25,0.5,0.75,1.),.UNSPECIFIED.)GEOMETRIC_REPRESENTATION_ITEM()RATIONAL_B_SPLINE_SURFACE(((1.,0.70710678118655,1.,0.70710678118655,1.,0.70710678118655,1.,0.70710678118655,1.),(1.,0.70710678118655,1.,0.70710678118655,1.,0.70710678118655,1.,0.70710678118655,1.)))REPRESENTATION_ITEM('')SURFACE());
#12609=CARTESIAN_POINT('',(-22.65,-4.95,5.0000000000002));
#12610=VERTEX_POINT('',#12609);
#12611=CARTESIAN_POINT('',(-21.4,-4.95,5.0000000000002));
#12612=DIRECTION('',(-1.,2.0097183471152E-15,-5.0242958677881E-16));
#12613=DIRECTION('',(5.0242958677881E-16,-5.0242958677881E-16,-1.));
#12614=AXIS2_PLACEMENT_3D('',#12611,#12613,#12612);
#12615=CIRCLE('',#12614,1.25);
#12616=EDGE_CURVE('',#12610,#12610,#12615,.T.);
#12617=ORIENTED_EDGE('',*,*,#12616,.T.);
#12618=CARTESIAN_POINT('',(-22.65,-4.95,5.0000000000002));
#12619=DIRECTION('',(0.,0.,1.));
#12620=VECTOR('',#12619,5.4999999999998);
#12621=LINE('',#12618,#12620);
#12622=EDGE_CURVE('',#12610,#12440,#12621,.T.);
#12623=ORIENTED_EDGE('',*,*,#12622,.T.);
#12624=ORIENTED_EDGE('',*,*,#12446,.F.);
#12625=ORIENTED_EDGE('',*,*,#12622,.F.);
#12626=EDGE_LOOP('',(#12617,#12623,#12624,#12625));
#12627=FACE_OUTER_BOUND('',#12626,.T.);
#12628=ADVANCED_FACE('',(#12627),#12608,.T.);
#12629=CARTESIAN_POINT('',(7.164553262909,0.39477221730175,3.4220393683182));
#12630=DIRECTION('',(-2.2154231575663E-10,1.,0.));
#12631=DIRECTION('',(1.1756013889277E-15,-1.4695017361596E-16,-1.));
#12632=AXIS2_PLACEMENT_3D('',#12629,#12631,#12630);
#12633=CYLINDRICAL_SURFACE('',#12632,2.3552277826983);
#12634=CARTESIAN_POINT('',(7.164553262909,2.75,0.3999999999902));
#12635=VERTEX_POINT('',#12634);
#12636=CARTESIAN_POINT('',(7.164553262909,-1.9604555653965,0.3999999999902));
#12637=VERTEX_POINT('',#12636);
#12638=CARTESIAN_POINT('',(7.164553262909,0.39477221730174,0.3999999999902));
#12639=DIRECTION('',(3.7710935062195E-16,1.,-2.3569334413872E-16));
#12640=DIRECTION('',(-9.7457412200176E-16,2.2035542075785E-16,1.));
#12641=AXIS2_PLACEMENT_3D('',#12638,#12640,#12639);
#12642=CIRCLE('',#12641,2.3552277826983);
#12643=EDGE_CURVE('',#12635,#12637,#12642,.T.);
#12644=ORIENTED_EDGE('',*,*,#12643,.T.);
#12645=CARTESIAN_POINT('',(7.164553262909,-1.9604555653965,0.3999999999902));
#12646=DIRECTION('',(0.,0.,1.));
#12647=VECTOR('',#12646,3.022039368328);
#12648=LINE('',#12645,#12647);
#12649=EDGE_CURVE('',#12637,#12466,#12648,.T.);
#12650=ORIENTED_EDGE('',*,*,#12649,.T.);
#12651=ORIENTED_EDGE('',*,*,#12476,.F.);
#12652=ORIENTED_EDGE('',*,*,#12545,.F.);
#12653=CARTESIAN_POINT('',(7.164553262909,2.75,3.4137816556624));
#12654=DIRECTION('',(0.,0.,-1.));
#12655=VECTOR('',#12654,3.0137816556722);
#12656=LINE('',#12653,#12655);
#12657=EDGE_CURVE('',#12529,#12635,#12656,.T.);
#12658=ORIENTED_EDGE('',*,*,#12657,.T.);
#12659=EDGE_LOOP('',(#12644,#12650,#12651,#12652,#12658));
#12660=FACE_OUTER_BOUND('',#12659,.T.);
#12661=ADVANCED_FACE('',(#12660),#12633,.T.);
#12662=CARTESIAN_POINT('',(9.509325480211,-1.9604555653965,3.3999999999902));
#12663=DIRECTION('',(-1.,1.8939545878834E-16,0.));
#12664=DIRECTION('',(-1.8939545878834E-16,-1.,-0.));
#12665=AXIS2_PLACEMENT_3D('',#12662,#12664,#12663);
#12666=PLANE('',#12665);
#12667=CARTESIAN_POINT('',(11.854097697513,-1.9604555653965,0.3999999999902));
#12668=VERTEX_POINT('',#12667);
#12669=CARTESIAN_POINT('',(7.164553262909,-1.9604555653965,0.3999999999902));
#12670=DIRECTION('',(1.,0.,0.));
#12671=VECTOR('',#12670,4.689544434604);
#12672=LINE('',#12669,#12671);
#12673=EDGE_CURVE('',#12637,#12668,#12672,.T.);
#12674=ORIENTED_EDGE('',*,*,#12673,.T.);
#12675=CARTESIAN_POINT('',(11.854097697513,-1.9604555653965,0.3999999999902));
#12676=DIRECTION('',(0.,0.,1.));
#12677=VECTOR('',#12676,3.022039368328);
#12678=LINE('',#12675,#12677);
#12679=EDGE_CURVE('',#12668,#12479,#12678,.T.);
#12680=ORIENTED_EDGE('',*,*,#12679,.T.);
#12681=ORIENTED_EDGE('',*,*,#12484,.F.);
#12682=ORIENTED_EDGE('',*,*,#12649,.F.);
#12683=EDGE_LOOP('',(#12674,#12680,#12681,#12682));
#12684=FACE_OUTER_BOUND('',#12683,.T.);
#12685=ADVANCED_FACE('',(#12684),#12666,.T.);
#12686=CARTESIAN_POINT('',(11.854097697513,0.39477221730174,3.4221938698055));
#12687=DIRECTION('',(2.2294478543159E-10,-1.,0.));
#12688=DIRECTION('',(1.1755412894864E-15,7.3471330592899E-17,-1.));
#12689=AXIS2_PLACEMENT_3D('',#12686,#12688,#12687);
#12690=CYLINDRICAL_SURFACE('',#12689,2.3552277826983);
#12691=CARTESIAN_POINT('',(11.854097697513,2.75,0.3999999999902));
#12692=VERTEX_POINT('',#12691);
#12693=CARTESIAN_POINT('',(11.854097697513,0.39477221730174,0.3999999999902));
#12694=DIRECTION('',(-7.5421870124391E-16,-1.,3.0640134738034E-16));
#12695=DIRECTION('',(4.1978540572052E-16,3.344332955234E-16,1.));
#12696=AXIS2_PLACEMENT_3D('',#12693,#12695,#12694);
#12697=CIRCLE('',#12696,2.3552277826982);
#12698=EDGE_CURVE('',#12668,#12692,#12697,.T.);
#12699=ORIENTED_EDGE('',*,*,#12698,.T.);
#12700=CARTESIAN_POINT('',(11.854097697513,2.75,0.3999999999902));
#12701=DIRECTION('',(0.,0.,1.));
#12702=VECTOR('',#12701,3.0137816556722);
#12703=LINE('',#12700,#12702);
#12704=EDGE_CURVE('',#12692,#12516,#12703,.T.);
#12705=ORIENTED_EDGE('',*,*,#12704,.T.);
#12706=ORIENTED_EDGE('',*,*,#12526,.F.);
#12707=ORIENTED_EDGE('',*,*,#12497,.F.);
#12708=ORIENTED_EDGE('',*,*,#12679,.F.);
#12709=EDGE_LOOP('',(#12699,#12705,#12706,#12707,#12708));
#12710=FACE_OUTER_BOUND('',#12709,.T.);
#12711=ADVANCED_FACE('',(#12710),#12690,.T.);
#12712=CARTESIAN_POINT('',(15.709325480211,0.40000000000001,7.4182069312285));
#12713=DIRECTION('',(0.,0.,-1.));
#12714=DIRECTION('',(1.,-0.,0.));
#12715=AXIS2_PLACEMENT_3D('',#12712,#12714,#12713);
#12716=PLANE('',#12715);
#12717=ORIENTED_EDGE('',*,*,#12512,.F.);
#12718=EDGE_LOOP('',(#12717));
#12719=FACE_OUTER_BOUND('',#12718,.T.);
#12720=ADVANCED_FACE('',(#12719),#12716,.T.);
#12721=CARTESIAN_POINT('',(9.509325480211,2.75,3.3999999999902));
#12722=DIRECTION('',(1.,-1.8939545878834E-16,0.));
#12723=DIRECTION('',(1.8939545878834E-16,1.,0.));
#12724=AXIS2_PLACEMENT_3D('',#12721,#12723,#12722);
#12725=PLANE('',#12724);
#12726=CARTESIAN_POINT('',(11.854097697513,2.75,0.3999999999902));
#12727=DIRECTION('',(-1.,0.,0.));
#12728=VECTOR('',#12727,4.689544434604);
#12729=LINE('',#12726,#12728);
#12730=EDGE_CURVE('',#12692,#12635,#12729,.T.);
#12731=ORIENTED_EDGE('',*,*,#12730,.T.);
#12732=ORIENTED_EDGE('',*,*,#12657,.F.);
#12733=ORIENTED_EDGE('',*,*,#12534,.F.);
#12734=ORIENTED_EDGE('',*,*,#12704,.F.);
#12735=EDGE_LOOP('',(#12731,#12732,#12733,#12734));
#12736=FACE_OUTER_BOUND('',#12735,.T.);
#12737=ADVANCED_FACE('',(#12736),#12725,.T.);
#12738=CARTESIAN_POINT('',(21.4,-4.95,5.0000000000002));
#12739=DIRECTION('',(-1.,0.,0.));
#12740=DIRECTION('',(0.,0.,-1.));
#12741=AXIS2_PLACEMENT_3D('',#12738,#12740,#12739);
#12742=CYLINDRICAL_SURFACE('',#12741,1.25);
#12743=CARTESIAN_POINT('',(20.15,-4.95,4.0000000000002));
#12744=VERTEX_POINT('',#12743);
#12745=CARTESIAN_POINT('',(20.15,-4.95,5.0000000000002));
#12746=DIRECTION('',(0.,0.,-1.));
#12747=VECTOR('',#12746,1.);
#12748=LINE('',#12745,#12747);
#12749=EDGE_CURVE('',#12571,#12744,#12748,.T.);
#12750=ORIENTED_EDGE('',*,*,#12749,.T.);
#12751=CARTESIAN_POINT('',(21.4,-4.95,4.0000000000002));
#12752=DIRECTION('',(-1.,-2.2719194070365E-30,-1.5072887603364E-15));
#12753=DIRECTION('',(1.5072887603364E-15,-1.5072887603364E-15,-1.));
#12754=AXIS2_PLACEMENT_3D('',#12751,#12753,#12752);
#12755=CIRCLE('',#12754,1.25);
#12756=EDGE_CURVE('',#12744,#12744,#12755,.T.);
#12757=ORIENTED_EDGE('',*,*,#12756,.T.);
#12758=ORIENTED_EDGE('',*,*,#12749,.F.);
#12759=ORIENTED_EDGE('',*,*,#12577,.F.);
#12760=EDGE_LOOP('',(#12750,#12757,#12758,#12759));
#12761=FACE_OUTER_BOUND('',#12760,.T.);
#12762=ADVANCED_FACE('',(#12761),#12742,.F.);
#12763=CARTESIAN_POINT('',(-21.4,-4.95,5.0000000000002));
#12764=DIRECTION('',(-1.,-1.4210854715202E-15,-7.105427357601E-16));
#12765=DIRECTION('',(0.,0.,-1.));
#12766=AXIS2_PLACEMENT_3D('',#12763,#12765,#12764);
#12767=CYLINDRICAL_SURFACE('',#12766,1.25);
#12768=CARTESIAN_POINT('',(-22.65,-4.95,4.0000000000002));
#12769=VERTEX_POINT('',#12768);
#12770=CARTESIAN_POINT('',(-22.65,-4.95,5.0000000000002));
#12771=DIRECTION('',(0.,0.,-1.));
#12772=VECTOR('',#12771,1.);
#12773=LINE('',#12770,#12772);
#12774=EDGE_CURVE('',#12610,#12769,#12773,.T.);
#12775=ORIENTED_EDGE('',*,*,#12774,.T.);
#12776=CARTESIAN_POINT('',(-21.4,-4.95,4.0000000000002));
#12777=DIRECTION('',(-1.,2.0097183471152E-15,-1.5072887603364E-15));
#12778=DIRECTION('',(1.5072887603364E-15,-1.5072887603364E-15,-1.));
#12779=AXIS2_PLACEMENT_3D('',#12776,#12778,#12777);
#12780=CIRCLE('',#12779,1.25);
#12781=EDGE_CURVE('',#12769,#12769,#12780,.T.);
#12782=ORIENTED_EDGE('',*,*,#12781,.T.);
#12783=ORIENTED_EDGE('',*,*,#12774,.F.);
#12784=ORIENTED_EDGE('',*,*,#12616,.F.);
#12785=EDGE_LOOP('',(#12775,#12782,#12783,#12784));
#12786=FACE_OUTER_BOUND('',#12785,.T.);
#12787=ADVANCED_FACE('',(#12786),#12767,.F.);
#12788=CARTESIAN_POINT('',(9.509325480211,-1.95,0.3999999999902));
#12789=DIRECTION('',(1.,0.,0.));
#12790=DIRECTION('',(0.,0.,-1.));
#12791=AXIS2_PLACEMENT_3D('',#12788,#12790,#12789);
#12792=PLANE('',#12791);
#12793=ORIENTED_EDGE('',*,*,#12673,.F.);
#12794=ORIENTED_EDGE('',*,*,#12643,.F.);
#12795=ORIENTED_EDGE('',*,*,#12730,.F.);
#12796=ORIENTED_EDGE('',*,*,#12698,.F.);
#12797=EDGE_LOOP('',(#12793,#12794,#12795,#12796));
#12798=FACE_OUTER_BOUND('',#12797,.T.);
#12799=CARTESIAN_POINT('',(12.459325480211,1.6,0.3999999999902));
#12800=VERTEX_POINT('',#12799);
#12801=CARTESIAN_POINT('',(6.559325480211,1.6,0.3999999999902));
#12802=VERTEX_POINT('',#12801);
#12803=CARTESIAN_POINT('',(12.459325480211,1.6,0.3999999999902));
#12804=DIRECTION('',(-1.,0.,0.));
#12805=VECTOR('',#12804,5.9);
#12806=LINE('',#12803,#12805);
#12807=EDGE_CURVE('',#12800,#12802,#12806,.T.);
#12808=ORIENTED_EDGE('',*,*,#12807,.T.);
#12809=CARTESIAN_POINT('',(6.559325480211,-0.79999999999999,0.3999999999902));
#12810=VERTEX_POINT('',#12809);
#12811=CARTESIAN_POINT('',(6.559325480211,0.40000000000001,0.3999999999902));
#12812=DIRECTION('',(0.,1.,-1.2027416100106E-15));
#12813=DIRECTION('',(-1.1726380239477E-15,1.1726380239477E-15,1.));
#12814=AXIS2_PLACEMENT_3D('',#12811,#12813,#12812);
#12815=CIRCLE('',#12814,1.2);
#12816=EDGE_CURVE('',#12802,#12810,#12815,.T.);
#12817=ORIENTED_EDGE('',*,*,#12816,.T.);
#12818=CARTESIAN_POINT('',(12.459325480211,-0.79999999999999,0.3999999999902));
#12819=VERTEX_POINT('',#12818);
#12820=CARTESIAN_POINT('',(6.559325480211,-0.79999999999999,0.3999999999902));
#12821=DIRECTION('',(1.,0.,0.));
#12822=VECTOR('',#12821,5.9);
#12823=LINE('',#12820,#12822);
#12824=EDGE_CURVE('',#12810,#12819,#12823,.T.);
#12825=ORIENTED_EDGE('',*,*,#12824,.T.);
#12826=CARTESIAN_POINT('',(12.459325480211,0.4,0.3999999999902));
#12827=DIRECTION('',(0.,-1.,6.4763009769801E-16));
#12828=DIRECTION('',(8.0994856546128E-16,6.7034880070561E-16,1.));
#12829=AXIS2_PLACEMENT_3D('',#12826,#12828,#12827);
#12830=CIRCLE('',#12829,1.2);
#12831=EDGE_CURVE('',#12819,#12800,#12830,.T.);
#12832=ORIENTED_EDGE('',*,*,#12831,.T.);
#12833=EDGE_LOOP('',(#12808,#12817,#12825,#12832));
#12834=FACE_BOUND('',#12833,.T.);
#12835=ADVANCED_FACE('',(#12798,#12834),#12792,.T.);
#12836=CARTESIAN_POINT('',(21.4,-4.95,3.2489242262158));
#12837=DIRECTION('',(-1.,-2.9865026343979E-15,1.2974415604483E-30));
#12838=DIRECTION('',(-0.,4.3220652681867E-16,1.));
#12839=AXIS2_PLACEMENT_3D('',#12836,#12838,#12837);
#12840=CONICAL_SURFACE('',#12839,0.,1.0297442586767);
#12841=CARTESIAN_POINT('',(21.4,-4.95,3.2489242262157));
#12842=VERTEX_POINT('',#12841);
#12843=CARTESIAN_POINT('',(20.15,-4.95,4.0000000000002));
#12844=DIRECTION('',(0.8571673007021,0.,-0.51503807491008));
#12845=VECTOR('',#12844,1.4582917465192);
#12846=LINE('',#12843,#12845);
#12847=EDGE_CURVE('',#12744,#12842,#12846,.T.);
#12848=ORIENTED_EDGE('',*,*,#12847,.T.);
#12849=ORIENTED_EDGE('',*,*,#12847,.F.);
#12850=ORIENTED_EDGE('',*,*,#12756,.F.);
#12851=EDGE_LOOP('',(#12848,#12849,#12850));
#12852=FACE_OUTER_BOUND('',#12851,.T.);
#12853=ADVANCED_FACE('',(#12852),#12840,.F.);
#12854=CARTESIAN_POINT('',(-21.4,-4.95,3.2489242262158));
#12855=DIRECTION('',(-1.,-1.4283273468859E-15,3.1715238144291E-31));
#12856=DIRECTION('',(-0.,2.1610326340933E-16,1.));
#12857=AXIS2_PLACEMENT_3D('',#12854,#12856,#12855);
#12858=CONICAL_SURFACE('',#12857,0.,1.0297442586767);
#12859=CARTESIAN_POINT('',(-21.4,-4.95,3.2489242262157));
#12860=VERTEX_POINT('',#12859);
#12861=CARTESIAN_POINT('',(-22.65,-4.95,4.0000000000002));
#12862=DIRECTION('',(0.8571673007021,0.,-0.51503807491008));
#12863=VECTOR('',#12862,1.4582917465192);
#12864=LINE('',#12861,#12863);
#12865=EDGE_CURVE('',#12769,#12860,#12864,.T.);
#12866=ORIENTED_EDGE('',*,*,#12865,.T.);
#12867=ORIENTED_EDGE('',*,*,#12865,.F.);
#12868=ORIENTED_EDGE('',*,*,#12781,.F.);
#12869=EDGE_LOOP('',(#12866,#12867,#12868));
#12870=FACE_OUTER_BOUND('',#12869,.T.);
#12871=ADVANCED_FACE('',(#12870),#12858,.F.);
#12872=CARTESIAN_POINT('',(9.509325480211,1.6,-3.0000000000098));
#12873=DIRECTION('',(1.,-1.5053871520341E-16,0.));
#12874=DIRECTION('',(1.5053871520341E-16,1.,0.));
#12875=AXIS2_PLACEMENT_3D('',#12872,#12874,#12873);
#12876=PLANE('',#12875);
#12877=ORIENTED_EDGE('',*,*,#12807,.F.);
#12878=CARTESIAN_POINT('',(12.459325480211,1.6,-6.4000000000098));
#12879=VERTEX_POINT('',#12878);
#12880=CARTESIAN_POINT('',(12.459325480211,1.6,0.3999999999902));
#12881=DIRECTION('',(0.,0.,-1.));
#12882=VECTOR('',#12881,6.8);
#12883=LINE('',#12880,#12882);
#12884=EDGE_CURVE('',#12800,#12879,#12883,.T.);
#12885=ORIENTED_EDGE('',*,*,#12884,.T.);
#12886=CARTESIAN_POINT('',(6.559325480211,1.6,-6.4000000000098));
#12887=VERTEX_POINT('',#12886);
#12888=CARTESIAN_POINT('',(12.459325480211,1.6,-6.4000000000098));
#12889=DIRECTION('',(-1.,0.,0.));
#12890=VECTOR('',#12889,5.9);
#12891=LINE('',#12888,#12890);
#12892=EDGE_CURVE('',#12879,#12887,#12891,.T.);
#12893=ORIENTED_EDGE('',*,*,#12892,.T.);
#12894=CARTESIAN_POINT('',(6.559325480211,1.6,-6.4000000000098));
#12895=DIRECTION('',(0.,0.,1.));
#12896=VECTOR('',#12895,6.8);
#12897=LINE('',#12894,#12896);
#12898=EDGE_CURVE('',#12887,#12802,#12897,.T.);
#12899=ORIENTED_EDGE('',*,*,#12898,.T.);
#12900=EDGE_LOOP('',(#12877,#12885,#12893,#12899));
#12901=FACE_OUTER_BOUND('',#12900,.T.);
#12902=ADVANCED_FACE('',(#12901),#12876,.T.);
#12903=CARTESIAN_POINT('',(6.559325480211,0.40000000000002,0.3999999999902));
#12904=DIRECTION('',(-2.0724163126336E-14,1.,-3.23815048849E-16));
#12905=DIRECTION('',(1.0449157878825E-15,-3.2653618371328E-17,-1.));
#12906=AXIS2_PLACEMENT_3D('',#12903,#12905,#12904);
#12907=CYLINDRICAL_SURFACE('',#12906,1.2);
#12908=ORIENTED_EDGE('',*,*,#12816,.F.);
#12909=ORIENTED_EDGE('',*,*,#12898,.F.);
#12910=CARTESIAN_POINT('',(6.559325480211,-0.79999999999999,-6.4000000000098));
#12911=VERTEX_POINT('',#12910);
#12912=CARTESIAN_POINT('',(6.559325480211,0.40000000000001,-6.4000000000098));
#12913=DIRECTION('',(-1.4802973661669E-15,1.,0.));
#12914=DIRECTION('',(7.4014868308344E-16,7.4014868308344E-16,1.));
#12915=AXIS2_PLACEMENT_3D('',#12912,#12914,#12913);
#12916=CIRCLE('',#12915,1.2);
#12917=EDGE_CURVE('',#12887,#12911,#12916,.T.);
#12918=ORIENTED_EDGE('',*,*,#12917,.T.);
#12919=CARTESIAN_POINT('',(6.559325480211,-0.79999999999999,-6.4000000000098));
#12920=DIRECTION('',(0.,0.,1.));
#12921=VECTOR('',#12920,6.8);
#12922=LINE('',#12919,#12921);
#12923=EDGE_CURVE('',#12911,#12810,#12922,.T.);
#12924=ORIENTED_EDGE('',*,*,#12923,.T.);
#12925=EDGE_LOOP('',(#12908,#12909,#12918,#12924));
#12926=FACE_OUTER_BOUND('',#12925,.T.);
#12927=ADVANCED_FACE('',(#12926),#12907,.T.);
#12928=CARTESIAN_POINT('',(9.509325480211,-0.79999999999999,-3.0000000000098));
#12929=DIRECTION('',(-1.,1.5053871520341E-16,0.));
#12930=DIRECTION('',(-1.5053871520341E-16,-1.,-0.));
#12931=AXIS2_PLACEMENT_3D('',#12928,#12930,#12929);
#12932=PLANE('',#12931);
#12933=ORIENTED_EDGE('',*,*,#12824,.F.);
#12934=ORIENTED_EDGE('',*,*,#12923,.F.);
#12935=CARTESIAN_POINT('',(12.459325480211,-0.79999999999999,-6.4000000000098));
#12936=VERTEX_POINT('',#12935);
#12937=CARTESIAN_POINT('',(6.559325480211,-0.79999999999999,-6.4000000000098));
#12938=DIRECTION('',(1.,0.,0.));
#12939=VECTOR('',#12938,5.9);
#12940=LINE('',#12937,#12939);
#12941=EDGE_CURVE('',#12911,#12936,#12940,.T.);
#12942=ORIENTED_EDGE('',*,*,#12941,.T.);
#12943=CARTESIAN_POINT('',(12.459325480211,-0.79999999999999,-6.4000000000098));
#12944=DIRECTION('',(0.,0.,1.));
#12945=VECTOR('',#12944,6.8);
#12946=LINE('',#12943,#12945);
#12947=EDGE_CURVE('',#12936,#12819,#12946,.T.);
#12948=ORIENTED_EDGE('',*,*,#12947,.T.);
#12949=EDGE_LOOP('',(#12933,#12934,#12942,#12948));
#12950=FACE_OUTER_BOUND('',#12949,.T.);
#12951=ADVANCED_FACE('',(#12950),#12932,.T.);
#12952=CARTESIAN_POINT('',(12.459325480211,0.4,0.3999999999902));
#12953=DIRECTION('',(1.1842378929335E-14,-1.,2.7755575615629E-16));
#12954=DIRECTION('',(0.,1.6326809185664E-17,-1.));
#12955=AXIS2_PLACEMENT_3D('',#12952,#12954,#12953);
#12956=CYLINDRICAL_SURFACE('',#12955,1.2);
#12957=ORIENTED_EDGE('',*,*,#12831,.F.);
#12958=ORIENTED_EDGE('',*,*,#12947,.F.);
#12959=CARTESIAN_POINT('',(12.459325480211,0.40000000000001,-6.4000000000098));
#12960=DIRECTION('',(0.,-1.,7.4014868308344E-16));
#12961=DIRECTION('',(0.,-0.,1.));
#12962=AXIS2_PLACEMENT_3D('',#12959,#12961,#12960);
#12963=CIRCLE('',#12962,1.2);
#12964=EDGE_CURVE('',#12936,#12879,#12963,.T.);
#12965=ORIENTED_EDGE('',*,*,#12964,.T.);
#12966=ORIENTED_EDGE('',*,*,#12884,.F.);
#12967=EDGE_LOOP('',(#12957,#12958,#12965,#12966));
#12968=FACE_OUTER_BOUND('',#12967,.T.);
#12969=ADVANCED_FACE('',(#12968),#12956,.T.);
#12970=CARTESIAN_POINT('',(9.509325480211,-2.55,-6.4000000000098));
#12971=DIRECTION('',(1.,0.,0.));
#12972=DIRECTION('',(0.,0.,-1.));
#12973=AXIS2_PLACEMENT_3D('',#12970,#12972,#12971);
#12974=PLANE('',#12973);
#12975=ORIENTED_EDGE('',*,*,#12917,.F.);
#12976=ORIENTED_EDGE('',*,*,#12892,.F.);
#12977=ORIENTED_EDGE('',*,*,#12964,.F.);
#12978=ORIENTED_EDGE('',*,*,#12941,.F.);
#12979=EDGE_LOOP('',(#12975,#12976,#12977,#12978));
#12980=FACE_OUTER_BOUND('',#12979,.T.);
#12981=ADVANCED_FACE('',(#12980),#12974,.T.);
#12982=CLOSED_SHELL('',(#69,#102,#133,#157,#190,#223,#241,#259,#717,#750,#783,#832,#890,#924,#947,#1085,#1109,#1127,#1145,#1163,#1202,#1220,#1472,#1660,#1700,#1733,#1766,#1799,#1830,#1863,#1896,#1920,#1948,#2036,#2052,#2068,#2099,#2130,#2163,#2203,#2220,#2244,#2276,#2301,#2326,#2768,#2793,#2818,#2843,#3348,#3382,#3408,#3433,#3455,#3472,#3489,#3501,#3523,#3540,#3557,#3569,#3591,#3608,#3625,#3637,#3659,#3676,#3693,#3705,#3727,#3744,#3761,#3773,#3795,#3812,#3829,#3841,#3863,#3880,#3897,#3909,#3931,#3948,#3965,#3977,#3999,#4016,#4033,#4045,#4067,#4084,#4101,#4113,#4135,#4152,#4169,#4181,#4206,#4231,#4257,#4283,#4330,#4347,#4373,#4389,#4420,#4451,#4475,#4524,#4550,#4573,#4606,#5134,#5151,#5168,#5199,#5224,#5248,#5266,#5297,#5322,#5346,#5364,#5395,#5420,#5444,#5462,#5493,#5518,#5542,#5560,#5591,#5616,#5640,#5658,#5689,#5714,#5738,#5756,#5787,#5812,#5836,#5854,#5885,#5910,#5934,#5952,#5983,#6008,#6032,#6050,#6081,#6106,#6130,#6148,#6179,#6204,#6228,#6246,#6278,#6302,#6327,#6351,#6376,#6400,#6425,#6442,#6467,#6492,#7003,#7034,#7065,#7089,#7106,#7134,#7165,#7189,#7220,#7259,#7306,#7323,#7347,#7387,#7411,#7442,#7459,#7484,#7509,#7531,#7548,#7565,#7577,#7599,#7616,#7633,#7645,#7667,#7684,#7701,#7713,#7735,#7752,#7769,#7781,#7803,#7820,#7837,#7849,#7871,#7888,#7905,#7917,#7939,#7956,#7973,#7985,#8007,#8024,#8041,#8053,#8075,#8092,#8109,#8121,#8143,#8160,#8177,#8189,#8211,#8228,#8245,#8257,#8279,#8296,#8313,#8325,#8347,#8364,#8381,#8393,#8418,#8443,#8560,#8572,#8584,#8596,#8608,#8628,#8648,#8665,#8682,#8706,#8731,#8762,#8779,#8867,#8891,#9018,#9042,#9173,#9205,#9243,#9292,#9315,#9340,#9378,#9395,#9419,#9444,#9469,#9494,#9518,#9543,#9567,#9592,#9609,#9626,#9643,#9667,#9684,#9725,#9749,#9767,#9784,#9808,#9854,#9895,#9940,#9966,#10026,#10036,#10060,#10082,#10094,#10119,#10136,#10153,#10211,#10252,#10270,#10287,#10304,#10370,#10426,#10493,#10517,#10607,#10663,#10702,#10719,#10737,#10755,#10775,#10807,#10824,#10843,#10855,#10877,#10897,#10914,#10926,#11004,#11014,#11100,#11146,#11177,#11226,#11238,#11285,#11363,#11449,#11459,#11484,#11494,#11617,#11641,#11757,#11774,#11819,#11850,#11862,#11872,#11995,#12019,#12135,#12152,#12197,#12228,#12248,#12260,#12282,#12294,#12316,#12328,#12349,#12361,#12383,#12395,#12417,#12429,#12450,#12550,#12589,#12628,#12661,#12685,#12711,#12720,#12737,#12762,#12787,#12835,#12853,#12871,#12902,#12927,#12951,#12969,#12981));
#12983=COLOUR_RGB('',0.627451,0.627451,0.627451);
#12984=FILL_AREA_STYLE_COLOUR('',#12983);
#12985=FILL_AREA_STYLE('',(#12984));
#12986=SURFACE_STYLE_FILL_AREA(#12985);
#12987=SURFACE_SIDE_STYLE('',(#12986));
#12988=SURFACE_STYLE_USAGE(.BOTH.,#12987);
#12989=PRESENTATION_STYLE_ASSIGNMENT((#12988));
#12990=OVER_RIDING_STYLED_ITEM('',(#12989),#69,#12982);
#12991=OVER_RIDING_STYLED_ITEM('',(#12989),#102,#12982);
#12992=OVER_RIDING_STYLED_ITEM('',(#12989),#133,#12982);
#12993=OVER_RIDING_STYLED_ITEM('',(#12989),#157,#12982);
#12994=OVER_RIDING_STYLED_ITEM('',(#12989),#190,#12982);
#12995=OVER_RIDING_STYLED_ITEM('',(#12989),#223,#12982);
#12996=OVER_RIDING_STYLED_ITEM('',(#12989),#241,#12982);
#12997=OVER_RIDING_STYLED_ITEM('',(#12989),#259,#12982);
#12998=OVER_RIDING_STYLED_ITEM('',(#12989),#717,#12982);
#12999=OVER_RIDING_STYLED_ITEM('',(#12989),#750,#12982);
#13000=OVER_RIDING_STYLED_ITEM('',(#12989),#783,#12982);
#13001=OVER_RIDING_STYLED_ITEM('',(#12989),#832,#12982);
#13002=OVER_RIDING_STYLED_ITEM('',(#12989),#890,#12982);
#13003=OVER_RIDING_STYLED_ITEM('',(#12989),#924,#12982);
#13004=OVER_RIDING_STYLED_ITEM('',(#12989),#947,#12982);
#13005=OVER_RIDING_STYLED_ITEM('',(#12989),#1085,#12982);
#13006=OVER_RIDING_STYLED_ITEM('',(#12989),#1109,#12982);
#13007=OVER_RIDING_STYLED_ITEM('',(#12989),#1127,#12982);
#13008=OVER_RIDING_STYLED_ITEM('',(#12989),#1145,#12982);
#13009=OVER_RIDING_STYLED_ITEM('',(#12989),#1163,#12982);
#13010=OVER_RIDING_STYLED_ITEM('',(#12989),#1202,#12982);
#13011=OVER_RIDING_STYLED_ITEM('',(#12989),#1220,#12982);
#13012=OVER_RIDING_STYLED_ITEM('',(#12989),#1472,#12982);
#13013=OVER_RIDING_STYLED_ITEM('',(#12989),#1660,#12982);
#13014=OVER_RIDING_STYLED_ITEM('',(#12989),#1700,#12982);
#13015=OVER_RIDING_STYLED_ITEM('',(#12989),#1733,#12982);
#13016=OVER_RIDING_STYLED_ITEM('',(#12989),#1766,#12982);
#13017=OVER_RIDING_STYLED_ITEM('',(#12989),#1799,#12982);
#13018=OVER_RIDING_STYLED_ITEM('',(#12989),#1830,#12982);
#13019=OVER_RIDING_STYLED_ITEM('',(#12989),#1863,#12982);
#13020=OVER_RIDING_STYLED_ITEM('',(#12989),#1896,#12982);
#13021=OVER_RIDING_STYLED_ITEM('',(#12989),#1920,#12982);
#13022=OVER_RIDING_STYLED_ITEM('',(#12989),#1948,#12982);
#13023=OVER_RIDING_STYLED_ITEM('',(#12989),#2036,#12982);
#13024=OVER_RIDING_STYLED_ITEM('',(#12989),#2052,#12982);
#13025=OVER_RIDING_STYLED_ITEM('',(#12989),#2068,#12982);
#13026=OVER_RIDING_STYLED_ITEM('',(#12989),#2099,#12982);
#13027=OVER_RIDING_STYLED_ITEM('',(#12989),#2130,#12982);
#13028=OVER_RIDING_STYLED_ITEM('',(#12989),#2163,#12982);
#13029=OVER_RIDING_STYLED_ITEM('',(#12989),#2203,#12982);
#13030=OVER_RIDING_STYLED_ITEM('',(#12989),#2220,#12982);
#13031=OVER_RIDING_STYLED_ITEM('',(#12989),#2244,#12982);
#13032=OVER_RIDING_STYLED_ITEM('',(#12989),#2276,#12982);
#13033=OVER_RIDING_STYLED_ITEM('',(#12989),#2301,#12982);
#13034=OVER_RIDING_STYLED_ITEM('',(#12989),#2326,#12982);
#13035=OVER_RIDING_STYLED_ITEM('',(#12989),#2768,#12982);
#13036=OVER_RIDING_STYLED_ITEM('',(#12989),#2793,#12982);
#13037=OVER_RIDING_STYLED_ITEM('',(#12989),#2818,#12982);
#13038=OVER_RIDING_STYLED_ITEM('',(#12989),#2843,#12982);
#13039=OVER_RIDING_STYLED_ITEM('',(#12989),#3348,#12982);
#13040=OVER_RIDING_STYLED_ITEM('',(#12989),#3382,#12982);
#13041=OVER_RIDING_STYLED_ITEM('',(#12989),#3408,#12982);
#13042=OVER_RIDING_STYLED_ITEM('',(#12989),#3433,#12982);
#13043=OVER_RIDING_STYLED_ITEM('',(#12989),#3455,#12982);
#13044=OVER_RIDING_STYLED_ITEM('',(#12989),#3472,#12982);
#13045=OVER_RIDING_STYLED_ITEM('',(#12989),#3489,#12982);
#13046=OVER_RIDING_STYLED_ITEM('',(#12989),#3501,#12982);
#13047=OVER_RIDING_STYLED_ITEM('',(#12989),#3523,#12982);
#13048=OVER_RIDING_STYLED_ITEM('',(#12989),#3540,#12982);
#13049=OVER_RIDING_STYLED_ITEM('',(#12989),#3557,#12982);
#13050=OVER_RIDING_STYLED_ITEM('',(#12989),#3569,#12982);
#13051=OVER_RIDING_STYLED_ITEM('',(#12989),#3591,#12982);
#13052=OVER_RIDING_STYLED_ITEM('',(#12989),#3608,#12982);
#13053=OVER_RIDING_STYLED_ITEM('',(#12989),#3625,#12982);
#13054=OVER_RIDING_STYLED_ITEM('',(#12989),#3637,#12982);
#13055=OVER_RIDING_STYLED_ITEM('',(#12989),#3659,#12982);
#13056=OVER_RIDING_STYLED_ITEM('',(#12989),#3676,#12982);
#13057=OVER_RIDING_STYLED_ITEM('',(#12989),#3693,#12982);
#13058=OVER_RIDING_STYLED_ITEM('',(#12989),#3705,#12982);
#13059=OVER_RIDING_STYLED_ITEM('',(#12989),#3727,#12982);
#13060=OVER_RIDING_STYLED_ITEM('',(#12989),#3744,#12982);
#13061=OVER_RIDING_STYLED_ITEM('',(#12989),#3761,#12982);
#13062=OVER_RIDING_STYLED_ITEM('',(#12989),#3773,#12982);
#13063=OVER_RIDING_STYLED_ITEM('',(#12989),#3795,#12982);
#13064=OVER_RIDING_STYLED_ITEM('',(#12989),#3812,#12982);
#13065=OVER_RIDING_STYLED_ITEM('',(#12989),#3829,#12982);
#13066=OVER_RIDING_STYLED_ITEM('',(#12989),#3841,#12982);
#13067=OVER_RIDING_STYLED_ITEM('',(#12989),#3863,#12982);
#13068=OVER_RIDING_STYLED_ITEM('',(#12989),#3880,#12982);
#13069=OVER_RIDING_STYLED_ITEM('',(#12989),#3897,#12982);
#13070=OVER_RIDING_STYLED_ITEM('',(#12989),#3909,#12982);
#13071=OVER_RIDING_STYLED_ITEM('',(#12989),#3931,#12982);
#13072=OVER_RIDING_STYLED_ITEM('',(#12989),#3948,#12982);
#13073=OVER_RIDING_STYLED_ITEM('',(#12989),#3965,#12982);
#13074=OVER_RIDING_STYLED_ITEM('',(#12989),#3977,#12982);
#13075=OVER_RIDING_STYLED_ITEM('',(#12989),#3999,#12982);
#13076=OVER_RIDING_STYLED_ITEM('',(#12989),#4016,#12982);
#13077=OVER_RIDING_STYLED_ITEM('',(#12989),#4033,#12982);
#13078=OVER_RIDING_STYLED_ITEM('',(#12989),#4045,#12982);
#13079=OVER_RIDING_STYLED_ITEM('',(#12989),#4067,#12982);
#13080=OVER_RIDING_STYLED_ITEM('',(#12989),#4084,#12982);
#13081=OVER_RIDING_STYLED_ITEM('',(#12989),#4101,#12982);
#13082=OVER_RIDING_STYLED_ITEM('',(#12989),#4113,#12982);
#13083=OVER_RIDING_STYLED_ITEM('',(#12989),#4135,#12982);
#13084=OVER_RIDING_STYLED_ITEM('',(#12989),#4152,#12982);
#13085=OVER_RIDING_STYLED_ITEM('',(#12989),#4169,#12982);
#13086=OVER_RIDING_STYLED_ITEM('',(#12989),#4181,#12982);
#13087=OVER_RIDING_STYLED_ITEM('',(#12989),#4206,#12982);
#13088=OVER_RIDING_STYLED_ITEM('',(#12989),#4231,#12982);
#13089=OVER_RIDING_STYLED_ITEM('',(#12989),#4257,#12982);
#13090=OVER_RIDING_STYLED_ITEM('',(#12989),#4283,#12982);
#13091=OVER_RIDING_STYLED_ITEM('',(#12989),#4330,#12982);
#13092=OVER_RIDING_STYLED_ITEM('',(#12989),#4347,#12982);
#13093=OVER_RIDING_STYLED_ITEM('',(#12989),#4373,#12982);
#13094=OVER_RIDING_STYLED_ITEM('',(#12989),#4389,#12982);
#13095=OVER_RIDING_STYLED_ITEM('',(#12989),#4420,#12982);
#13096=OVER_RIDING_STYLED_ITEM('',(#12989),#4451,#12982);
#13097=OVER_RIDING_STYLED_ITEM('',(#12989),#4475,#12982);
#13098=OVER_RIDING_STYLED_ITEM('',(#12989),#4524,#12982);
#13099=OVER_RIDING_STYLED_ITEM('',(#12989),#4550,#12982);
#13100=OVER_RIDING_STYLED_ITEM('',(#12989),#4573,#12982);
#13101=OVER_RIDING_STYLED_ITEM('',(#12989),#4606,#12982);
#13102=OVER_RIDING_STYLED_ITEM('',(#12989),#5134,#12982);
#13103=OVER_RIDING_STYLED_ITEM('',(#12989),#5151,#12982);
#13104=OVER_RIDING_STYLED_ITEM('',(#12989),#5168,#12982);
#13105=OVER_RIDING_STYLED_ITEM('',(#12989),#5199,#12982);
#13106=OVER_RIDING_STYLED_ITEM('',(#12989),#5224,#12982);
#13107=OVER_RIDING_STYLED_ITEM('',(#12989),#5248,#12982);
#13108=OVER_RIDING_STYLED_ITEM('',(#12989),#5266,#12982);
#13109=OVER_RIDING_STYLED_ITEM('',(#12989),#5297,#12982);
#13110=OVER_RIDING_STYLED_ITEM('',(#12989),#5322,#12982);
#13111=OVER_RIDING_STYLED_ITEM('',(#12989),#5346,#12982);
#13112=OVER_RIDING_STYLED_ITEM('',(#12989),#5364,#12982);
#13113=OVER_RIDING_STYLED_ITEM('',(#12989),#5395,#12982);
#13114=OVER_RIDING_STYLED_ITEM('',(#12989),#5420,#12982);
#13115=OVER_RIDING_STYLED_ITEM('',(#12989),#5444,#12982);
#13116=OVER_RIDING_STYLED_ITEM('',(#12989),#5462,#12982);
#13117=OVER_RIDING_STYLED_ITEM('',(#12989),#5493,#12982);
#13118=OVER_RIDING_STYLED_ITEM('',(#12989),#5518,#12982);
#13119=OVER_RIDING_STYLED_ITEM('',(#12989),#5542,#12982);
#13120=OVER_RIDING_STYLED_ITEM('',(#12989),#5560,#12982);
#13121=OVER_RIDING_STYLED_ITEM('',(#12989),#5591,#12982);
#13122=OVER_RIDING_STYLED_ITEM('',(#12989),#5616,#12982);
#13123=OVER_RIDING_STYLED_ITEM('',(#12989),#5640,#12982);
#13124=OVER_RIDING_STYLED_ITEM('',(#12989),#5658,#12982);
#13125=OVER_RIDING_STYLED_ITEM('',(#12989),#5689,#12982);
#13126=OVER_RIDING_STYLED_ITEM('',(#12989),#5714,#12982);
#13127=OVER_RIDING_STYLED_ITEM('',(#12989),#5738,#12982);
#13128=OVER_RIDING_STYLED_ITEM('',(#12989),#5756,#12982);
#13129=OVER_RIDING_STYLED_ITEM('',(#12989),#5787,#12982);
#13130=OVER_RIDING_STYLED_ITEM('',(#12989),#5812,#12982);
#13131=OVER_RIDING_STYLED_ITEM('',(#12989),#5836,#12982);
#13132=OVER_RIDING_STYLED_ITEM('',(#12989),#5854,#12982);
#13133=OVER_RIDING_STYLED_ITEM('',(#12989),#5885,#12982);
#13134=OVER_RIDING_STYLED_ITEM('',(#12989),#5910,#12982);
#13135=OVER_RIDING_STYLED_ITEM('',(#12989),#5934,#12982);
#13136=OVER_RIDING_STYLED_ITEM('',(#12989),#5952,#12982);
#13137=OVER_RIDING_STYLED_ITEM('',(#12989),#5983,#12982);
#13138=OVER_RIDING_STYLED_ITEM('',(#12989),#6008,#12982);
#13139=OVER_RIDING_STYLED_ITEM('',(#12989),#6032,#12982);
#13140=OVER_RIDING_STYLED_ITEM('',(#12989),#6050,#12982);
#13141=OVER_RIDING_STYLED_ITEM('',(#12989),#6081,#12982);
#13142=OVER_RIDING_STYLED_ITEM('',(#12989),#6106,#12982);
#13143=OVER_RIDING_STYLED_ITEM('',(#12989),#6130,#12982);
#13144=OVER_RIDING_STYLED_ITEM('',(#12989),#6148,#12982);
#13145=OVER_RIDING_STYLED_ITEM('',(#12989),#6179,#12982);
#13146=OVER_RIDING_STYLED_ITEM('',(#12989),#6204,#12982);
#13147=OVER_RIDING_STYLED_ITEM('',(#12989),#6228,#12982);
#13148=OVER_RIDING_STYLED_ITEM('',(#12989),#6246,#12982);
#13149=OVER_RIDING_STYLED_ITEM('',(#12989),#6278,#12982);
#13150=OVER_RIDING_STYLED_ITEM('',(#12989),#6302,#12982);
#13151=OVER_RIDING_STYLED_ITEM('',(#12989),#6327,#12982);
#13152=OVER_RIDING_STYLED_ITEM('',(#12989),#6351,#12982);
#13153=OVER_RIDING_STYLED_ITEM('',(#12989),#6376,#12982);
#13154=OVER_RIDING_STYLED_ITEM('',(#12989),#6400,#12982);
#13155=OVER_RIDING_STYLED_ITEM('',(#12989),#6425,#12982);
#13156=OVER_RIDING_STYLED_ITEM('',(#12989),#6442,#12982);
#13157=OVER_RIDING_STYLED_ITEM('',(#12989),#6467,#12982);
#13158=OVER_RIDING_STYLED_ITEM('',(#12989),#6492,#12982);
#13159=OVER_RIDING_STYLED_ITEM('',(#12989),#7003,#12982);
#13160=OVER_RIDING_STYLED_ITEM('',(#12989),#7034,#12982);
#13161=OVER_RIDING_STYLED_ITEM('',(#12989),#7065,#12982);
#13162=OVER_RIDING_STYLED_ITEM('',(#12989),#7089,#12982);
#13163=OVER_RIDING_STYLED_ITEM('',(#12989),#7106,#12982);
#13164=OVER_RIDING_STYLED_ITEM('',(#12989),#7134,#12982);
#13165=OVER_RIDING_STYLED_ITEM('',(#12989),#7165,#12982);
#13166=OVER_RIDING_STYLED_ITEM('',(#12989),#7189,#12982);
#13167=OVER_RIDING_STYLED_ITEM('',(#12989),#7220,#12982);
#13168=OVER_RIDING_STYLED_ITEM('',(#12989),#7259,#12982);
#13169=OVER_RIDING_STYLED_ITEM('',(#12989),#7306,#12982);
#13170=OVER_RIDING_STYLED_ITEM('',(#12989),#7323,#12982);
#13171=OVER_RIDING_STYLED_ITEM('',(#12989),#7347,#12982);
#13172=OVER_RIDING_STYLED_ITEM('',(#12989),#7387,#12982);
#13173=OVER_RIDING_STYLED_ITEM('',(#12989),#7411,#12982);
#13174=OVER_RIDING_STYLED_ITEM('',(#12989),#7442,#12982);
#13175=OVER_RIDING_STYLED_ITEM('',(#12989),#7459,#12982);
#13176=OVER_RIDING_STYLED_ITEM('',(#12989),#7484,#12982);
#13177=OVER_RIDING_STYLED_ITEM('',(#12989),#7509,#12982);
#13178=OVER_RIDING_STYLED_ITEM('',(#12989),#7531,#12982);
#13179=OVER_RIDING_STYLED_ITEM('',(#12989),#7548,#12982);
#13180=OVER_RIDING_STYLED_ITEM('',(#12989),#7565,#12982);
#13181=OVER_RIDING_STYLED_ITEM('',(#12989),#7577,#12982);
#13182=OVER_RIDING_STYLED_ITEM('',(#12989),#7599,#12982);
#13183=OVER_RIDING_STYLED_ITEM('',(#12989),#7616,#12982);
#13184=OVER_RIDING_STYLED_ITEM('',(#12989),#7633,#12982);
#13185=OVER_RIDING_STYLED_ITEM('',(#12989),#7645,#12982);
#13186=OVER_RIDING_STYLED_ITEM('',(#12989),#7667,#12982);
#13187=OVER_RIDING_STYLED_ITEM('',(#12989),#7684,#12982);
#13188=OVER_RIDING_STYLED_ITEM('',(#12989),#7701,#12982);
#13189=OVER_RIDING_STYLED_ITEM('',(#12989),#7713,#12982);
#13190=OVER_RIDING_STYLED_ITEM('',(#12989),#7735,#12982);
#13191=OVER_RIDING_STYLED_ITEM('',(#12989),#7752,#12982);
#13192=OVER_RIDING_STYLED_ITEM('',(#12989),#7769,#12982);
#13193=OVER_RIDING_STYLED_ITEM('',(#12989),#7781,#12982);
#13194=OVER_RIDING_STYLED_ITEM('',(#12989),#7803,#12982);
#13195=OVER_RIDING_STYLED_ITEM('',(#12989),#7820,#12982);
#13196=OVER_RIDING_STYLED_ITEM('',(#12989),#7837,#12982);
#13197=OVER_RIDING_STYLED_ITEM('',(#12989),#7849,#12982);
#13198=OVER_RIDING_STYLED_ITEM('',(#12989),#7871,#12982);
#13199=OVER_RIDING_STYLED_ITEM('',(#12989),#7888,#12982);
#13200=OVER_RIDING_STYLED_ITEM('',(#12989),#7905,#12982);
#13201=OVER_RIDING_STYLED_ITEM('',(#12989),#7917,#12982);
#13202=OVER_RIDING_STYLED_ITEM('',(#12989),#7939,#12982);
#13203=OVER_RIDING_STYLED_ITEM('',(#12989),#7956,#12982);
#13204=OVER_RIDING_STYLED_ITEM('',(#12989),#7973,#12982);
#13205=OVER_RIDING_STYLED_ITEM('',(#12989),#7985,#12982);
#13206=OVER_RIDING_STYLED_ITEM('',(#12989),#8007,#12982);
#13207=OVER_RIDING_STYLED_ITEM('',(#12989),#8024,#12982);
#13208=OVER_RIDING_STYLED_ITEM('',(#12989),#8041,#12982);
#13209=OVER_RIDING_STYLED_ITEM('',(#12989),#8053,#12982);
#13210=OVER_RIDING_STYLED_ITEM('',(#12989),#8075,#12982);
#13211=OVER_RIDING_STYLED_ITEM('',(#12989),#8092,#12982);
#13212=OVER_RIDING_STYLED_ITEM('',(#12989),#8109,#12982);
#13213=OVER_RIDING_STYLED_ITEM('',(#12989),#8121,#12982);
#13214=OVER_RIDING_STYLED_ITEM('',(#12989),#8143,#12982);
#13215=OVER_RIDING_STYLED_ITEM('',(#12989),#8160,#12982);
#13216=OVER_RIDING_STYLED_ITEM('',(#12989),#8177,#12982);
#13217=OVER_RIDING_STYLED_ITEM('',(#12989),#8189,#12982);
#13218=OVER_RIDING_STYLED_ITEM('',(#12989),#8211,#12982);
#13219=OVER_RIDING_STYLED_ITEM('',(#12989),#8228,#12982);
#13220=OVER_RIDING_STYLED_ITEM('',(#12989),#8245,#12982);
#13221=OVER_RIDING_STYLED_ITEM('',(#12989),#8257,#12982);
#13222=OVER_RIDING_STYLED_ITEM('',(#12989),#8279,#12982);
#13223=OVER_RIDING_STYLED_ITEM('',(#12989),#8296,#12982);
#13224=OVER_RIDING_STYLED_ITEM('',(#12989),#8313,#12982);
#13225=OVER_RIDING_STYLED_ITEM('',(#12989),#8325,#12982);
#13226=OVER_RIDING_STYLED_ITEM('',(#12989),#8347,#12982);
#13227=OVER_RIDING_STYLED_ITEM('',(#12989),#8364,#12982);
#13228=OVER_RIDING_STYLED_ITEM('',(#12989),#8381,#12982);
#13229=OVER_RIDING_STYLED_ITEM('',(#12989),#8393,#12982);
#13230=OVER_RIDING_STYLED_ITEM('',(#12989),#8418,#12982);
#13231=OVER_RIDING_STYLED_ITEM('',(#12989),#8443,#12982);
#13232=OVER_RIDING_STYLED_ITEM('',(#12989),#8560,#12982);
#13233=OVER_RIDING_STYLED_ITEM('',(#12989),#8572,#12982);
#13234=OVER_RIDING_STYLED_ITEM('',(#12989),#8584,#12982);
#13235=OVER_RIDING_STYLED_ITEM('',(#12989),#8596,#12982);
#13236=OVER_RIDING_STYLED_ITEM('',(#12989),#8608,#12982);
#13237=OVER_RIDING_STYLED_ITEM('',(#12989),#8628,#12982);
#13238=OVER_RIDING_STYLED_ITEM('',(#12989),#8648,#12982);
#13239=OVER_RIDING_STYLED_ITEM('',(#12989),#8665,#12982);
#13240=OVER_RIDING_STYLED_ITEM('',(#12989),#8682,#12982);
#13241=OVER_RIDING_STYLED_ITEM('',(#12989),#8706,#12982);
#13242=OVER_RIDING_STYLED_ITEM('',(#12989),#8731,#12982);
#13243=OVER_RIDING_STYLED_ITEM('',(#12989),#8762,#12982);
#13244=OVER_RIDING_STYLED_ITEM('',(#12989),#8779,#12982);
#13245=OVER_RIDING_STYLED_ITEM('',(#12989),#8867,#12982);
#13246=OVER_RIDING_STYLED_ITEM('',(#12989),#8891,#12982);
#13247=OVER_RIDING_STYLED_ITEM('',(#12989),#9018,#12982);
#13248=OVER_RIDING_STYLED_ITEM('',(#12989),#9042,#12982);
#13249=OVER_RIDING_STYLED_ITEM('',(#12989),#9173,#12982);
#13250=OVER_RIDING_STYLED_ITEM('',(#12989),#9205,#12982);
#13251=OVER_RIDING_STYLED_ITEM('',(#12989),#9243,#12982);
#13252=OVER_RIDING_STYLED_ITEM('',(#12989),#9292,#12982);
#13253=OVER_RIDING_STYLED_ITEM('',(#12989),#9315,#12982);
#13254=OVER_RIDING_STYLED_ITEM('',(#12989),#9340,#12982);
#13255=OVER_RIDING_STYLED_ITEM('',(#12989),#9378,#12982);
#13256=OVER_RIDING_STYLED_ITEM('',(#12989),#9395,#12982);
#13257=OVER_RIDING_STYLED_ITEM('',(#12989),#9419,#12982);
#13258=OVER_RIDING_STYLED_ITEM('',(#12989),#9444,#12982);
#13259=OVER_RIDING_STYLED_ITEM('',(#12989),#9469,#12982);
#13260=OVER_RIDING_STYLED_ITEM('',(#12989),#9494,#12982);
#13261=OVER_RIDING_STYLED_ITEM('',(#12989),#9518,#12982);
#13262=OVER_RIDING_STYLED_ITEM('',(#12989),#9543,#12982);
#13263=OVER_RIDING_STYLED_ITEM('',(#12989),#9567,#12982);
#13264=OVER_RIDING_STYLED_ITEM('',(#12989),#9592,#12982);
#13265=OVER_RIDING_STYLED_ITEM('',(#12989),#9609,#12982);
#13266=OVER_RIDING_STYLED_ITEM('',(#12989),#9626,#12982);
#13267=OVER_RIDING_STYLED_ITEM('',(#12989),#9643,#12982);
#13268=OVER_RIDING_STYLED_ITEM('',(#12989),#9667,#12982);
#13269=OVER_RIDING_STYLED_ITEM('',(#12989),#9684,#12982);
#13270=OVER_RIDING_STYLED_ITEM('',(#12989),#9725,#12982);
#13271=OVER_RIDING_STYLED_ITEM('',(#12989),#9749,#12982);
#13272=OVER_RIDING_STYLED_ITEM('',(#12989),#9767,#12982);
#13273=OVER_RIDING_STYLED_ITEM('',(#12989),#9784,#12982);
#13274=OVER_RIDING_STYLED_ITEM('',(#12989),#9808,#12982);
#13275=OVER_RIDING_STYLED_ITEM('',(#12989),#9854,#12982);
#13276=OVER_RIDING_STYLED_ITEM('',(#12989),#9895,#12982);
#13277=OVER_RIDING_STYLED_ITEM('',(#12989),#9940,#12982);
#13278=OVER_RIDING_STYLED_ITEM('',(#12989),#9966,#12982);
#13279=OVER_RIDING_STYLED_ITEM('',(#12989),#10026,#12982);
#13280=OVER_RIDING_STYLED_ITEM('',(#12989),#10036,#12982);
#13281=OVER_RIDING_STYLED_ITEM('',(#12989),#10060,#12982);
#13282=OVER_RIDING_STYLED_ITEM('',(#12989),#10082,#12982);
#13283=OVER_RIDING_STYLED_ITEM('',(#12989),#10094,#12982);
#13284=OVER_RIDING_STYLED_ITEM('',(#12989),#10119,#12982);
#13285=OVER_RIDING_STYLED_ITEM('',(#12989),#10136,#12982);
#13286=OVER_RIDING_STYLED_ITEM('',(#12989),#10153,#12982);
#13287=OVER_RIDING_STYLED_ITEM('',(#12989),#10211,#12982);
#13288=OVER_RIDING_STYLED_ITEM('',(#12989),#10252,#12982);
#13289=OVER_RIDING_STYLED_ITEM('',(#12989),#10270,#12982);
#13290=OVER_RIDING_STYLED_ITEM('',(#12989),#10287,#12982);
#13291=OVER_RIDING_STYLED_ITEM('',(#12989),#10304,#12982);
#13292=OVER_RIDING_STYLED_ITEM('',(#12989),#10370,#12982);
#13293=OVER_RIDING_STYLED_ITEM('',(#12989),#10426,#12982);
#13294=OVER_RIDING_STYLED_ITEM('',(#12989),#10493,#12982);
#13295=OVER_RIDING_STYLED_ITEM('',(#12989),#10517,#12982);
#13296=OVER_RIDING_STYLED_ITEM('',(#12989),#10607,#12982);
#13297=OVER_RIDING_STYLED_ITEM('',(#12989),#10663,#12982);
#13298=OVER_RIDING_STYLED_ITEM('',(#12989),#10702,#12982);
#13299=OVER_RIDING_STYLED_ITEM('',(#12989),#10719,#12982);
#13300=OVER_RIDING_STYLED_ITEM('',(#12989),#10737,#12982);
#13301=OVER_RIDING_STYLED_ITEM('',(#12989),#10755,#12982);
#13302=OVER_RIDING_STYLED_ITEM('',(#12989),#10775,#12982);
#13303=OVER_RIDING_STYLED_ITEM('',(#12989),#10807,#12982);
#13304=OVER_RIDING_STYLED_ITEM('',(#12989),#10824,#12982);
#13305=OVER_RIDING_STYLED_ITEM('',(#12989),#10843,#12982);
#13306=OVER_RIDING_STYLED_ITEM('',(#12989),#10855,#12982);
#13307=OVER_RIDING_STYLED_ITEM('',(#12989),#10877,#12982);
#13308=OVER_RIDING_STYLED_ITEM('',(#12989),#10897,#12982);
#13309=OVER_RIDING_STYLED_ITEM('',(#12989),#10914,#12982);
#13310=OVER_RIDING_STYLED_ITEM('',(#12989),#10926,#12982);
#13311=OVER_RIDING_STYLED_ITEM('',(#12989),#11004,#12982);
#13312=OVER_RIDING_STYLED_ITEM('',(#12989),#11014,#12982);
#13313=OVER_RIDING_STYLED_ITEM('',(#12989),#11100,#12982);
#13314=OVER_RIDING_STYLED_ITEM('',(#12989),#11146,#12982);
#13315=OVER_RIDING_STYLED_ITEM('',(#12989),#11177,#12982);
#13316=OVER_RIDING_STYLED_ITEM('',(#12989),#11226,#12982);
#13317=OVER_RIDING_STYLED_ITEM('',(#12989),#11238,#12982);
#13318=OVER_RIDING_STYLED_ITEM('',(#12989),#11285,#12982);
#13319=OVER_RIDING_STYLED_ITEM('',(#12989),#11363,#12982);
#13320=OVER_RIDING_STYLED_ITEM('',(#12989),#11449,#12982);
#13321=OVER_RIDING_STYLED_ITEM('',(#12989),#11459,#12982);
#13322=OVER_RIDING_STYLED_ITEM('',(#12989),#11484,#12982);
#13323=OVER_RIDING_STYLED_ITEM('',(#12989),#11494,#12982);
#13324=OVER_RIDING_STYLED_ITEM('',(#12989),#11617,#12982);
#13325=OVER_RIDING_STYLED_ITEM('',(#12989),#11641,#12982);
#13326=OVER_RIDING_STYLED_ITEM('',(#12989),#11757,#12982);
#13327=OVER_RIDING_STYLED_ITEM('',(#12989),#11774,#12982);
#13328=OVER_RIDING_STYLED_ITEM('',(#12989),#11819,#12982);
#13329=OVER_RIDING_STYLED_ITEM('',(#12989),#11850,#12982);
#13330=OVER_RIDING_STYLED_ITEM('',(#12989),#11862,#12982);
#13331=OVER_RIDING_STYLED_ITEM('',(#12989),#11872,#12982);
#13332=OVER_RIDING_STYLED_ITEM('',(#12989),#11995,#12982);
#13333=OVER_RIDING_STYLED_ITEM('',(#12989),#12019,#12982);
#13334=OVER_RIDING_STYLED_ITEM('',(#12989),#12135,#12982);
#13335=OVER_RIDING_STYLED_ITEM('',(#12989),#12152,#12982);
#13336=OVER_RIDING_STYLED_ITEM('',(#12989),#12197,#12982);
#13337=OVER_RIDING_STYLED_ITEM('',(#12989),#12228,#12982);
#13338=OVER_RIDING_STYLED_ITEM('',(#12989),#12248,#12982);
#13339=OVER_RIDING_STYLED_ITEM('',(#12989),#12260,#12982);
#13340=OVER_RIDING_STYLED_ITEM('',(#12989),#12282,#12982);
#13341=OVER_RIDING_STYLED_ITEM('',(#12989),#12294,#12982);
#13342=OVER_RIDING_STYLED_ITEM('',(#12989),#12316,#12982);
#13343=OVER_RIDING_STYLED_ITEM('',(#12989),#12328,#12982);
#13344=OVER_RIDING_STYLED_ITEM('',(#12989),#12349,#12982);
#13345=OVER_RIDING_STYLED_ITEM('',(#12989),#12361,#12982);
#13346=OVER_RIDING_STYLED_ITEM('',(#12989),#12383,#12982);
#13347=OVER_RIDING_STYLED_ITEM('',(#12989),#12395,#12982);
#13348=OVER_RIDING_STYLED_ITEM('',(#12989),#12417,#12982);
#13349=OVER_RIDING_STYLED_ITEM('',(#12989),#12429,#12982);
#13350=OVER_RIDING_STYLED_ITEM('',(#12989),#12450,#12982);
#13351=OVER_RIDING_STYLED_ITEM('',(#12989),#12550,#12982);
#13352=OVER_RIDING_STYLED_ITEM('',(#12989),#12589,#12982);
#13353=OVER_RIDING_STYLED_ITEM('',(#12989),#12628,#12982);
#13354=OVER_RIDING_STYLED_ITEM('',(#12989),#12661,#12982);
#13355=OVER_RIDING_STYLED_ITEM('',(#12989),#12685,#12982);
#13356=OVER_RIDING_STYLED_ITEM('',(#12989),#12711,#12982);
#13357=OVER_RIDING_STYLED_ITEM('',(#12989),#12720,#12982);
#13358=OVER_RIDING_STYLED_ITEM('',(#12989),#12737,#12982);
#13359=OVER_RIDING_STYLED_ITEM('',(#12989),#12762,#12982);
#13360=OVER_RIDING_STYLED_ITEM('',(#12989),#12787,#12982);
#13361=OVER_RIDING_STYLED_ITEM('',(#12989),#12835,#12982);
#13362=OVER_RIDING_STYLED_ITEM('',(#12989),#12853,#12982);
#13363=OVER_RIDING_STYLED_ITEM('',(#12989),#12871,#12982);
#13364=OVER_RIDING_STYLED_ITEM('',(#12989),#12902,#12982);
#13365=OVER_RIDING_STYLED_ITEM('',(#12989),#12927,#12982);
#13366=OVER_RIDING_STYLED_ITEM('',(#12989),#12951,#12982);
#13367=OVER_RIDING_STYLED_ITEM('',(#12989),#12969,#12982);
#13368=OVER_RIDING_STYLED_ITEM('',(#12989),#12981,#12982);
#13369=CARTESIAN_POINT('',(-1.4117976914356E-14,-5.7,-24.779291860904));
#13370=DIRECTION('',(-1.,1.2383706779401E-16,0.));
#13371=DIRECTION('',(0.,0.,-1.));
#13372=AXIS2_PLACEMENT_3D('',#13369,#13371,#13370);
#13373=PLANE('',#13372);
#13374=CARTESIAN_POINT('',(39.446842495306,-6.45,-24.779291860904));
#13375=VERTEX_POINT('',#13374);
#13376=CARTESIAN_POINT('',(-39.446842495306,-6.45,-24.779291860904));
#13377=VERTEX_POINT('',#13376);
#13378=CARTESIAN_POINT('',(39.446842495306,-6.45,-24.779291860904));
#13379=DIRECTION('',(-1.,0.,0.));
#13380=VECTOR('',#13379,78.893684990612);
#13381=LINE('',#13378,#13380);
#13382=EDGE_CURVE('',#13375,#13377,#13381,.T.);
#13383=ORIENTED_EDGE('',*,*,#13382,.T.);
#13384=CARTESIAN_POINT('',(-39.446842495306,-5.0499999999999,-24.779291860904));
#13385=VERTEX_POINT('',#13384);
#13386=CARTESIAN_POINT('',(-39.446842495306,-6.45,-24.779291860904));
#13387=DIRECTION('',(0.,1.,0.));
#13388=VECTOR('',#13387,1.4000000000001);
#13389=LINE('',#13386,#13388);
#13390=EDGE_CURVE('',#13377,#13385,#13389,.T.);
#13391=ORIENTED_EDGE('',*,*,#13390,.T.);
#13392=CARTESIAN_POINT('',(39.446842495306,-5.05,-24.779291860904));
#13393=VERTEX_POINT('',#13392);
#13394=CARTESIAN_POINT('',(-39.446842495306,-5.0499999999999,-24.779291860904));
#13395=DIRECTION('',(1.,-1.2608865084481E-15,0.));
#13396=VECTOR('',#13395,78.893684990612);
#13397=LINE('',#13394,#13396);
#13398=EDGE_CURVE('',#13385,#13393,#13397,.T.);
#13399=ORIENTED_EDGE('',*,*,#13398,.T.);
#13400=CARTESIAN_POINT('',(39.446842495306,-5.05,-24.779291860904));
#13401=DIRECTION('',(0.,-1.,0.));
#13402=VECTOR('',#13401,1.4);
#13403=LINE('',#13400,#13402);
#13404=EDGE_CURVE('',#13393,#13375,#13403,.T.);
#13405=ORIENTED_EDGE('',*,*,#13404,.T.);
#13406=EDGE_LOOP('',(#13383,#13391,#13399,#13405));
#13407=FACE_OUTER_BOUND('',#13406,.T.);
#13408=ADVANCED_FACE('',(#13407),#13373,.T.);
#13409=CARTESIAN_POINT('',(-2.2308774718554E-14,-6.45,-14.625));
#13410=DIRECTION('',(-1.,1.2402638475779E-16,-7.0872219861593E-17));
#13411=DIRECTION('',(1.2402638475779E-16,1.,4.4396322284884E-16));
#13412=AXIS2_PLACEMENT_3D('',#13409,#13411,#13410);
#13413=PLANE('',#13412);
#13414=CARTESIAN_POINT('',(40.86199857212,-6.45,-24.79753265272));
#13415=VERTEX_POINT('',#13414);
#13416=CARTESIAN_POINT('',(39.506894662983,-6.45,-24.978972527667));
#13417=VERTEX_POINT('',#13416);
#13418=CARTESIAN_POINT('',(40.86199857212,-6.45,-24.79753265272));
#13419=CARTESIAN_POINT('',(40.481339151557,-6.45,-24.896696195668));
#13420=CARTESIAN_POINT('',(39.904223958343,-6.45,-24.963995170782));
#13421=CARTESIAN_POINT('',(39.611331223474,-6.45,-24.9766342498));
#13422=CARTESIAN_POINT('',(39.506894644931,-6.45,-24.978972892183));
#13423=B_SPLINE_CURVE_WITH_KNOTS('',2,(#13418,#13419,#13420,#13421,#13422),.UNSPECIFIED.,.F.,.U.,(3,1,1,3),(0.98122059581182,0.99196767292444,0.99713662053628,1.),.UNSPECIFIED.);
#13424=EDGE_CURVE('',#13415,#13417,#13423,.T.);
#13425=ORIENTED_EDGE('',*,*,#13424,.T.);
#13426=CARTESIAN_POINT('',(-39.506894776259,-6.45,-24.978972527155));
#13427=VERTEX_POINT('',#13426);
#13428=CARTESIAN_POINT('',(39.506894662983,-6.45,-24.978972527667));
#13429=DIRECTION('',(-1.,0.,6.4798731392833E-12));
#13430=VECTOR('',#13429,79.013789439242);
#13431=LINE('',#13428,#13430);
#13432=EDGE_CURVE('',#13417,#13427,#13431,.T.);
#13433=ORIENTED_EDGE('',*,*,#13432,.T.);
#13434=CARTESIAN_POINT('',(-40.862001909163,-6.45,-24.797531781137));
#13435=VERTEX_POINT('',#13434);
#13436=CARTESIAN_POINT('',(-39.50689475826,-6.45,-24.978972892183));
#13437=CARTESIAN_POINT('',(-39.611519828091,-6.45,-24.976629042004));
#13438=CARTESIAN_POINT('',(-39.904787098675,-6.45,-24.963955390091));
#13439=CARTESIAN_POINT('',(-40.481707717044,-6.45,-24.896600912017));
#13440=CARTESIAN_POINT('',(-40.86200190915,-6.45,-24.797531781086));
#13441=B_SPLINE_CURVE_WITH_KNOTS('',2,(#13436,#13437,#13438,#13439,#13440),.UNSPECIFIED.,.F.,.U.,(3,1,1,3),(0.,0.002867604315582,0.008039958906994,0.01877328248776),.UNSPECIFIED.);
#13442=EDGE_CURVE('',#13427,#13435,#13441,.T.);
#13443=ORIENTED_EDGE('',*,*,#13442,.T.);
#13444=CARTESIAN_POINT('',(-40.86199857212,-6.45,-0.80246734728101));
#13445=VERTEX_POINT('',#13444);
#13446=CARTESIAN_POINT('',(-37.72843666168,-6.45,-12.8));
#13447=DIRECTION('',(-0.25270687479732,5.0139104337971E-16,-0.96754288557674));
#13448=DIRECTION('',(1.9647695801525E-16,1.,4.478716052843E-16));
#13449=AXIS2_PLACEMENT_3D('',#13446,#13448,#13447);
#13450=CIRCLE('',#13449,12.399999999985);
#13451=EDGE_CURVE('',#13435,#13445,#13450,.T.);
#13452=ORIENTED_EDGE('',*,*,#13451,.T.);
#13453=CARTESIAN_POINT('',(-39.506894662997,-6.45,-0.62102747233301));
#13454=VERTEX_POINT('',#13453);
#13455=CARTESIAN_POINT('',(-40.86199857212,-6.45,-0.80246734728101));
#13456=CARTESIAN_POINT('',(-40.481339151557,-6.45,-0.70330380433301));
#13457=CARTESIAN_POINT('',(-39.904223958343,-6.45,-0.63600482921901));
#13458=CARTESIAN_POINT('',(-39.611331223481,-6.45,-0.62336575020101));
#13459=CARTESIAN_POINT('',(-39.506894644945,-6.45,-0.62102710781801));
#13460=B_SPLINE_CURVE_WITH_KNOTS('',2,(#13455,#13456,#13457,#13458,#13459),.UNSPECIFIED.,.F.,.U.,(3,1,1,3),(0.98122059581202,0.99196767292464,0.99713662053648,1.),.UNSPECIFIED.);
#13461=EDGE_CURVE('',#13445,#13454,#13460,.T.);
#13462=ORIENTED_EDGE('',*,*,#13461,.T.);
#13463=CARTESIAN_POINT('',(39.506894776259,-6.45,-0.62102747284501));
#13464=VERTEX_POINT('',#13463);
#13465=CARTESIAN_POINT('',(-39.506894662997,-6.45,-0.62102747233301));
#13466=DIRECTION('',(1.,0.,-6.4798815698842E-12));
#13467=VECTOR('',#13466,79.013789439256);
#13468=LINE('',#13465,#13467);
#13469=EDGE_CURVE('',#13454,#13464,#13468,.T.);
#13470=ORIENTED_EDGE('',*,*,#13469,.T.);
#13471=CARTESIAN_POINT('',(40.862001909163,-6.45,-0.80246821886301));
#13472=VERTEX_POINT('',#13471);
#13473=CARTESIAN_POINT('',(39.506894758261,-6.45,-0.62102710781801));
#13474=CARTESIAN_POINT('',(39.611519828091,-6.45,-0.62337095799601));
#13475=CARTESIAN_POINT('',(39.904787098677,-6.45,-0.63604460991001));
#13476=CARTESIAN_POINT('',(40.481707665753,-6.45,-0.70339908199901));
#13477=CARTESIAN_POINT('',(40.862001809179,-6.45,-0.80246819279901));
#13478=B_SPLINE_CURVE_WITH_KNOTS('',2,(#13473,#13474,#13475,#13476,#13477),.UNSPECIFIED.,.F.,.U.,(3,1,1,3),(0.,0.002867604319629,0.008039958918355,0.018773281100718),.UNSPECIFIED.);
#13479=EDGE_CURVE('',#13464,#13472,#13478,.T.);
#13480=ORIENTED_EDGE('',*,*,#13479,.T.);
#13481=CARTESIAN_POINT('',(37.72843666168,-6.45,-12.8));
#13482=DIRECTION('',(0.25270687479733,-5.0139104337971E-16,0.96754288557674));
#13483=DIRECTION('',(1.9647695801525E-16,1.,4.4787160528429E-16));
#13484=AXIS2_PLACEMENT_3D('',#13481,#13483,#13482);
#13485=CIRCLE('',#13484,12.399999999985);
#13486=EDGE_CURVE('',#13472,#13415,#13485,.T.);
#13487=ORIENTED_EDGE('',*,*,#13486,.T.);
#13488=EDGE_LOOP('',(#13425,#13433,#13443,#13452,#13462,#13470,#13480,#13487));
#13489=FACE_OUTER_BOUND('',#13488,.T.);
#13490=ORIENTED_EDGE('',*,*,#13382,.F.);
#13491=CARTESIAN_POINT('',(40.811458892598,-6.45,-24.604023632799));
#13492=VERTEX_POINT('',#13491);
#13493=CARTESIAN_POINT('',(39.446842495306,-6.45,-19.379291860904));
#13494=DIRECTION('',(-5.2632795241491E-15,4.9343245538898E-15,-1.));
#13495=DIRECTION('',(-3.7553308985666E-17,-1.,-4.7751527332223E-15));
#13496=AXIS2_PLACEMENT_3D('',#13493,#13495,#13494);
#13497=CIRCLE('',#13496,5.3999999999998);
#13498=EDGE_CURVE('',#13375,#13492,#13497,.T.);
#13499=ORIENTED_EDGE('',*,*,#13498,.T.);
#13500=CARTESIAN_POINT('',(40.811458892598,-6.45,-0.995976367202));
#13501=VERTEX_POINT('',#13500);
#13502=CARTESIAN_POINT('',(37.72843666168,-6.45,-12.8));
#13503=DIRECTION('',(0.25270674023917,6.5521358830335E-16,-0.96754292072119));
#13504=DIRECTION('',(1.6142640344082E-16,-1.,-5.7614180225943E-16));
#13505=AXIS2_PLACEMENT_3D('',#13502,#13504,#13503);
#13506=CIRCLE('',#13505,12.2);
#13507=EDGE_CURVE('',#13492,#13501,#13506,.T.);
#13508=ORIENTED_EDGE('',*,*,#13507,.T.);
#13509=CARTESIAN_POINT('',(39.446842495306,-6.45,-0.820708139096));
#13510=VERTEX_POINT('',#13509);
#13511=CARTESIAN_POINT('',(39.446842495306,-6.4499999999999,-6.2207081390961));
#13512=DIRECTION('',(0.25270674023927,-2.1875505522244E-14,0.96754292072117));
#13513=DIRECTION('',(-2.853003438491E-15,-1.,-2.221312622244E-14));
#13514=AXIS2_PLACEMENT_3D('',#13511,#13513,#13512);
#13515=CIRCLE('',#13514,5.3999999999998);
#13516=EDGE_CURVE('',#13501,#13510,#13515,.T.);
#13517=ORIENTED_EDGE('',*,*,#13516,.T.);
#13518=CARTESIAN_POINT('',(-39.446842495306,-6.45,-0.820708139096));
#13519=VERTEX_POINT('',#13518);
#13520=CARTESIAN_POINT('',(39.446842495306,-6.45,-0.820708139096));
#13521=DIRECTION('',(-1.,0.,0.));
#13522=VECTOR('',#13521,78.893684990612);
#13523=LINE('',#13520,#13522);
#13524=EDGE_CURVE('',#13510,#13519,#13523,.T.);
#13525=ORIENTED_EDGE('',*,*,#13524,.T.);
#13526=CARTESIAN_POINT('',(-40.811458892598,-6.45,-0.995976367202));
#13527=VERTEX_POINT('',#13526);
#13528=CARTESIAN_POINT('',(-39.446842495306,-6.4499999999999,-6.2207081390962));
#13529=DIRECTION('',(-1.3158198810372E-15,7.2370093457045E-15,1.));
#13530=DIRECTION('',(-1.5645128957836E-15,-1.,7.1135627097744E-15));
#13531=AXIS2_PLACEMENT_3D('',#13528,#13530,#13529);
#13532=CIRCLE('',#13531,5.4000000000002);
#13533=EDGE_CURVE('',#13519,#13527,#13532,.T.);
#13534=ORIENTED_EDGE('',*,*,#13533,.T.);
#13535=CARTESIAN_POINT('',(-40.811458892598,-6.45,-24.604023632799));
#13536=VERTEX_POINT('',#13535);
#13537=CARTESIAN_POINT('',(-37.72843666168,-6.45,-12.8));
#13538=DIRECTION('',(-0.25270674023919,-4.3680905886893E-16,0.96754292072119));
#13539=DIRECTION('',(-4.5754105400234E-17,-1.,-4.1612347697903E-16));
#13540=AXIS2_PLACEMENT_3D('',#13537,#13539,#13538);
#13541=CIRCLE('',#13540,12.2);
#13542=EDGE_CURVE('',#13527,#13536,#13541,.T.);
#13543=ORIENTED_EDGE('',*,*,#13542,.T.);
#13544=CARTESIAN_POINT('',(-39.446842495306,-6.45,-19.379291860904));
#13545=DIRECTION('',(-0.25270674023923,8.0593967713521E-15,-0.96754292072118));
#13546=DIRECTION('',(-1.0246702490355E-15,-1.,-7.9779537841168E-15));
#13547=AXIS2_PLACEMENT_3D('',#13544,#13546,#13545);
#13548=CIRCLE('',#13547,5.4000000000006);
#13549=EDGE_CURVE('',#13536,#13377,#13548,.T.);
#13550=ORIENTED_EDGE('',*,*,#13549,.T.);
#13551=EDGE_LOOP('',(#13490,#13499,#13508,#13517,#13525,#13534,#13543,#13550));
#13552=FACE_BOUND('',#13551,.T.);
#13553=ADVANCED_FACE('',(#13489,#13552),#13413,.T.);
#13554=CARTESIAN_POINT('',(-39.446842495306,-6.45,-19.379291860906));
#13555=DIRECTION('',(-0.25270674054123,-1.3158198810377E-15,-0.9675429206423));
#13556=DIRECTION('',(-5.0753052554289E-15,1.,0.));
#13557=AXIS2_PLACEMENT_3D('',#13554,#13556,#13555);
#13558=CYLINDRICAL_SURFACE('',#13557,5.3999999999979);
#13559=ORIENTED_EDGE('',*,*,#13549,.F.);
#13560=CARTESIAN_POINT('',(-40.811458892598,-5.0499999999999,-24.604023632799));
#13561=VERTEX_POINT('',#13560);
#13562=CARTESIAN_POINT('',(-40.811458892598,-6.45,-24.604023632799));
#13563=DIRECTION('',(0.,1.,0.));
#13564=VECTOR('',#13563,1.4000000000001);
#13565=LINE('',#13562,#13564);
#13566=EDGE_CURVE('',#13536,#13561,#13565,.T.);
#13567=ORIENTED_EDGE('',*,*,#13566,.T.);
#13568=CARTESIAN_POINT('',(-39.446842495306,-5.049999999996,-19.379291860904));
#13569=DIRECTION('',(-0.25270674023923,-7.3916181817258E-13,-0.96754292072118));
#13570=DIRECTION('',(9.4922639050356E-14,-1.,7.3905573829529E-13));
#13571=AXIS2_PLACEMENT_3D('',#13568,#13570,#13569);
#13572=CIRCLE('',#13571,5.4000000000006);
#13573=EDGE_CURVE('',#13561,#13385,#13572,.T.);
#13574=ORIENTED_EDGE('',*,*,#13573,.T.);
#13575=ORIENTED_EDGE('',*,*,#13390,.F.);
#13576=EDGE_LOOP('',(#13559,#13567,#13574,#13575));
#13577=FACE_OUTER_BOUND('',#13576,.T.);
#13578=ADVANCED_FACE('',(#13577),#13558,.T.);
#13579=CARTESIAN_POINT('',(7.105427357601E-15,-4.9999999999996,-24.729291860904));
#13580=DIRECTION('',(0.,0.70710678118641,0.70710678118669));
#13581=DIRECTION('',(1.3246352191801E-14,0.70710678118669,-0.70710678118641));
#13582=AXIS2_PLACEMENT_3D('',#13579,#13581,#13580);
#13583=PLANE('',#13582);
#13584=ORIENTED_EDGE('',*,*,#13398,.F.);
#13585=CARTESIAN_POINT('',(-39.446842495306,-4.9499999999999,-24.679291860905));
#13586=VERTEX_POINT('',#13585);
#13587=CARTESIAN_POINT('',(-39.446842495306,-5.0499999999999,-24.779291860904));
#13588=DIRECTION('',(0.,0.70710678119009,0.70710678118301));
#13589=VECTOR('',#13588,0.1414213562366);
#13590=LINE('',#13587,#13589);
#13591=EDGE_CURVE('',#13385,#13586,#13590,.T.);
#13592=ORIENTED_EDGE('',*,*,#13591,.T.);
#13593=CARTESIAN_POINT('',(39.446842623841,-4.95,-24.679291860904));
#13594=VERTEX_POINT('',#13593);
#13595=CARTESIAN_POINT('',(-39.446842495306,-4.9499999999999,-24.679291860905));
#13596=DIRECTION('',(1.,-1.2721444216295E-15,1.2653896724881E-14));
#13597=VECTOR('',#13596,78.893685119147);
#13598=LINE('',#13595,#13597);
#13599=EDGE_CURVE('',#13586,#13594,#13598,.T.);
#13600=ORIENTED_EDGE('',*,*,#13599,.T.);
#13601=CARTESIAN_POINT('',(39.446842623841,-4.95,-24.679291860904));
#13602=DIRECTION('',(-9.0887969789419E-07,-0.70710678118626,-0.70710678118625));
#13603=VECTOR('',#13602,0.14142135623737);
#13604=LINE('',#13601,#13603);
#13605=EDGE_CURVE('',#13594,#13393,#13604,.T.);
#13606=ORIENTED_EDGE('',*,*,#13605,.T.);
#13607=EDGE_LOOP('',(#13584,#13592,#13600,#13606));
#13608=FACE_OUTER_BOUND('',#13607,.T.);
#13609=ADVANCED_FACE('',(#13608),#13583,.T.);
#13610=CARTESIAN_POINT('',(39.446842495306,-6.45,-19.379291860901));
#13611=DIRECTION('',(-3.1204405314806E-10,-1.6447748512957E-16,-1.));
#13612=DIRECTION('',(0.,1.,0.));
#13613=AXIS2_PLACEMENT_3D('',#13610,#13612,#13611);
#13614=CYLINDRICAL_SURFACE('',#13613,5.4000000000026);
#13615=ORIENTED_EDGE('',*,*,#13498,.F.);
#13616=ORIENTED_EDGE('',*,*,#13404,.F.);
#13617=CARTESIAN_POINT('',(40.811458892598,-5.05,-24.604023632799));
#13618=VERTEX_POINT('',#13617);
#13619=CARTESIAN_POINT('',(39.446842495306,-5.0499999999978,-19.379291860902));
#13620=DIRECTION('',(0.,-4.0412118096341E-13,-1.));
#13621=DIRECTION('',(-5.1886488590873E-14,-1.,4.0398167936259E-13));
#13622=AXIS2_PLACEMENT_3D('',#13619,#13621,#13620);
#13623=CIRCLE('',#13622,5.400000000002);
#13624=EDGE_CURVE('',#13393,#13618,#13623,.T.);
#13625=ORIENTED_EDGE('',*,*,#13624,.T.);
#13626=CARTESIAN_POINT('',(40.811458892598,-5.05,-24.604023632799));
#13627=DIRECTION('',(0.,-1.,0.));
#13628=VECTOR('',#13627,1.4);
#13629=LINE('',#13626,#13628);
#13630=EDGE_CURVE('',#13618,#13492,#13629,.T.);
#13631=ORIENTED_EDGE('',*,*,#13630,.T.);
#13632=EDGE_LOOP('',(#13615,#13616,#13625,#13631));
#13633=FACE_OUTER_BOUND('',#13632,.T.);
#13634=ADVANCED_FACE('',(#13633),#13614,.T.);
#13635=CARTESIAN_POINT('',(40.86199857212,-6.45,-24.79753265272));
#13636=CARTESIAN_POINT('',(40.545025198428,-6.45,-24.878941374328));
#13637=CARTESIAN_POINT('',(40.103527934698,-6.45,-24.956713981016));
#13638=CARTESIAN_POINT('',(39.544937316841,-6.45,-24.980323609552));
#13639=CARTESIAN_POINT('',(39.233603421829,-6.45,-24.981681992732));
#13640=CARTESIAN_POINT('',(38.972994750293,-6.45,-24.984760569014));
#13641=CARTESIAN_POINT('',(38.759580739517,-6.45,-24.987010057036));
#13642=CARTESIAN_POINT('',(38.583078756562,-6.45,-24.988920810096));
#13643=CARTESIAN_POINT('',(38.446298299392,-6.45,-24.990392698522));
#13644=CARTESIAN_POINT('',(38.353688386759,-6.45,-24.991390217946));
#13645=CARTESIAN_POINT('',(38.296785142649,-6.45,-24.992003075494));
#13646=CARTESIAN_POINT('',(38.231909839313,-6.45,-24.992701801246));
#13647=CARTESIAN_POINT('',(38.107768524155,-6.45,-24.99403883373));
#13648=CARTESIAN_POINT('',(37.895189089973,-6.45,-24.996328375804));
#13649=CARTESIAN_POINT('',(37.609431438533,-6.45,-24.999406060752));
#13650=CARTESIAN_POINT('',(37.308455575796,-6.45,-25.002647652591));
#13651=CARTESIAN_POINT('',(37.006731446527,-6.45,-25.005897302791));
#13652=CARTESIAN_POINT('',(36.727808222191,-6.45,-25.008901381268));
#13653=CARTESIAN_POINT('',(36.449267495937,-6.45,-25.011901340097));
#13654=CARTESIAN_POINT('',(36.193639171176,-6.45,-25.014654526187));
#13655=CARTESIAN_POINT('',(35.926058531121,-6.45,-25.017536441937));
#13656=CARTESIAN_POINT('',(35.640315497393,-6.45,-25.020613971572));
#13657=CARTESIAN_POINT('',(35.309706301404,-6.45,-25.02417472189));
#13658=CARTESIAN_POINT('',(34.985099053223,-6.45,-25.02767082961));
#13659=CARTESIAN_POINT('',(34.646632956088,-6.45,-25.031316200875));
#13660=CARTESIAN_POINT('',(34.295031510964,-6.45,-25.035103043385));
#13661=CARTESIAN_POINT('',(33.896268851057,-6.45,-25.039397824914));
#13662=CARTESIAN_POINT('',(33.521048052509,-6.45,-25.043439054239));
#13663=CARTESIAN_POINT('',(33.219214934601,-6.45,-25.046689878426));
#13664=CARTESIAN_POINT('',(32.931233342664,-6.45,-25.049791517937));
#13665=CARTESIAN_POINT('',(32.507484966718,-6.45,-25.054355402375));
#13666=CARTESIAN_POINT('',(31.843246312911,-6.45,-25.061509432047));
#13667=CARTESIAN_POINT('',(30.971738644815,-6.45,-25.070895804974));
#13668=CARTESIAN_POINT('',(30.057238869166,-6.45,-25.080745214508));
#13669=CARTESIAN_POINT('',(29.139365651192,-6.45,-25.090630956928));
#13670=CARTESIAN_POINT('',(28.288515840078,-6.45,-25.099794839156));
#13671=CARTESIAN_POINT('',(27.444492485555,-6.45,-25.108885198604));
#13672=CARTESIAN_POINT('',(26.66754168887,-6.45,-25.117253168492));
#13673=CARTESIAN_POINT('',(25.853440412766,-6.45,-25.126021259075));
#13674=CARTESIAN_POINT('',(24.977941490667,-6.45,-25.135450618885));
#13675=CARTESIAN_POINT('',(23.975425446343,-6.45,-25.146247987401));
#13676=CARTESIAN_POINT('',(22.989075410385,-6.45,-25.156871243642));
#13677=CARTESIAN_POINT('',(21.959520398274,-6.45,-25.167959829142));
#13678=CARTESIAN_POINT('',(20.881819419384,-6.45,-25.179566959707));
#13679=CARTESIAN_POINT('',(19.67201653818,-6.45,-25.192596863432));
#13680=CARTESIAN_POINT('',(18.541468393039,-6.45,-25.204773172247));
#13681=CARTESIAN_POINT('',(17.628082188731,-6.45,-25.214610588318));
#13682=CARTESIAN_POINT('',(16.745003446018,-6.45,-25.224121584843));
#13683=CARTESIAN_POINT('',(15.642721535955,-6.45,-25.235993458674));
#13684=CARTESIAN_POINT('',(14.170451852619,-6.45,-25.251850200734));
#13685=CARTESIAN_POINT('',(12.737663571725,-6.45,-25.267281717428));
#13686=CARTESIAN_POINT('',(11.645436969534,-6.45,-25.279045292878));
#13687=CARTESIAN_POINT('',(11.032622807236,-6.45,-25.28564546689));
#13688=CARTESIAN_POINT('',(10.71996252035,-6.45,-25.28901290261));
#13689=CARTESIAN_POINT('',(10.545855452826,-6.45,-25.290888082743));
#13690=CARTESIAN_POINT('',(10.075078485319,-6.45,-25.295958477812));
#13691=CARTESIAN_POINT('',(8.7946380324099,-6.45,-25.309749167259));
#13692=CARTESIAN_POINT('',(6.3784025223958,-6.45,-25.335772676181));
#13693=CARTESIAN_POINT('',(3.0479855666122,-6.45,-25.371642166138));
#13694=CARTESIAN_POINT('',(-0.48294902406661,-6.45,-25.409671285171));
#13695=CARTESIAN_POINT('',(-4.0152169474471,-6.45,-25.447714764557));
#13696=CARTESIAN_POINT('',(-7.264722560452,-6.45,-25.482712817503));
#13697=CARTESIAN_POINT('',(-10.548082283131,-6.45,-25.518075488353));
#13698=CARTESIAN_POINT('',(-13.545411182106,-6.45,-25.550357529991));
#13699=CARTESIAN_POINT('',(-16.677314882989,-6.45,-25.584088978587));
#13700=CARTESIAN_POINT('',(-22.78650896419,-6.45,-25.649886648564));
#13701=CARTESIAN_POINT('',(-28.008068937992,-6.45,-25.706124259509));
#13702=CARTESIAN_POINT('',(-32.079420194185,-6.45,-25.749973811963));
#13703=CARTESIAN_POINT('',(40.836729566622,-6.35,-24.700777924871));
#13704=CARTESIAN_POINT('',(40.526922807546,-6.35,-24.780717848));
#13705=CARTESIAN_POINT('',(40.089960278515,-6.35,-24.857136659492));
#13706=CARTESIAN_POINT('',(39.545251822279,-6.35,-24.880282968426));
#13707=CARTESIAN_POINT('',(39.232343951357,-6.35,-24.881693883331));
#13708=CARTESIAN_POINT('',(38.971949705253,-6.35,-24.884765303126));
#13709=CARTESIAN_POINT('',(38.758497000521,-6.35,-24.887016082566));
#13710=CARTESIAN_POINT('',(38.582002733744,-6.35,-24.888926578097));
#13711=CARTESIAN_POINT('',(38.445221271294,-6.35,-24.890398500074));
#13712=CARTESIAN_POINT('',(38.352611426248,-6.35,-24.891396017243));
#13713=CARTESIAN_POINT('',(38.295708177595,-6.35,-24.892008874942));
#13714=CARTESIAN_POINT('',(38.23083287522,-6.35,-24.892707600662));
#13715=CARTESIAN_POINT('',(38.106691557691,-6.349999999999,-24.894044633224));
#13716=CARTESIAN_POINT('',(37.894112126795,-6.350000000001,-24.89633417519));
#13717=CARTESIAN_POINT('',(37.608354473678,-6.35,-24.899411860194));
#13718=CARTESIAN_POINT('',(37.307378611354,-6.35,-24.902653452019));
#13719=CARTESIAN_POINT('',(37.005654481966,-6.35,-24.905903102222));
#13720=CARTESIAN_POINT('',(36.726731257655,-6.35,-24.908907180699));
#13721=CARTESIAN_POINT('',(36.448190531393,-6.35,-24.911907139528));
#13722=CARTESIAN_POINT('',(36.192562206633,-6.35,-24.914660325618));
#13723=CARTESIAN_POINT('',(35.924981566578,-6.35,-24.917542241368));
#13724=CARTESIAN_POINT('',(35.639238532851,-6.35,-24.920619771003));
#13725=CARTESIAN_POINT('',(35.308629336861,-6.35,-24.924180521321));
#13726=CARTESIAN_POINT('',(34.98402208868,-6.35,-24.927676629041));
#13727=CARTESIAN_POINT('',(34.645555991545,-6.35,-24.931322000306));
#13728=CARTESIAN_POINT('',(34.293954546422,-6.35,-24.935108842816));
#13729=CARTESIAN_POINT('',(33.895191886514,-6.35,-24.939403624345));
#13730=CARTESIAN_POINT('',(33.519971087966,-6.35,-24.94344485367));
#13731=CARTESIAN_POINT('',(33.218137970059,-6.35,-24.946695677857));
#13732=CARTESIAN_POINT('',(32.930156378122,-6.35,-24.949797317368));
#13733=CARTESIAN_POINT('',(32.506408002175,-6.35,-24.954361201806));
#13734=CARTESIAN_POINT('',(31.842169348368,-6.35,-24.961515231478));
#13735=CARTESIAN_POINT('',(30.970661680272,-6.35,-24.970901604404));
#13736=CARTESIAN_POINT('',(30.056161904623,-6.350000000001,-24.980751013939));
#13737=CARTESIAN_POINT('',(29.138288686649,-6.350000000001,-24.990636756358));
#13738=CARTESIAN_POINT('',(28.287438875535,-6.350000000001,-24.999800638587));
#13739=CARTESIAN_POINT('',(27.443415521013,-6.350000000001,-25.008890998035));
#13740=CARTESIAN_POINT('',(26.666464724328,-6.350000000001,-25.017258967922));
#13741=CARTESIAN_POINT('',(25.852363448224,-6.350000000001,-25.026027058505));
#13742=CARTESIAN_POINT('',(24.976864526124,-6.350000000001,-25.035456418315));
#13743=CARTESIAN_POINT('',(23.974348481801,-6.350000000001,-25.046253786831));
#13744=CARTESIAN_POINT('',(22.987998445842,-6.350000000001,-25.056877043072));
#13745=CARTESIAN_POINT('',(21.958443433731,-6.350000000001,-25.067965628572));
#13746=CARTESIAN_POINT('',(20.880742454841,-6.350000000001,-25.079572759137));
#13747=CARTESIAN_POINT('',(19.670939573637,-6.350000000001,-25.092602662861));
#13748=CARTESIAN_POINT('',(18.540391428497,-6.350000000001,-25.104778971677));
#13749=CARTESIAN_POINT('',(17.627005224189,-6.350000000001,-25.114616387748));
#13750=CARTESIAN_POINT('',(16.743926481475,-6.350000000001,-25.124127384273));
#13751=CARTESIAN_POINT('',(15.641644571413,-6.350000000001,-25.135999258103));
#13752=CARTESIAN_POINT('',(14.169374888077,-6.350000000001,-25.151856000163));
#13753=CARTESIAN_POINT('',(12.736586607183,-6.350000000002,-25.167287516858));
#13754=CARTESIAN_POINT('',(11.644360004992,-6.350000000002,-25.179051092307));
#13755=CARTESIAN_POINT('',(11.031545842694,-6.350000000002,-25.185651266319));
#13756=CARTESIAN_POINT('',(10.718885555807,-6.350000000002,-25.18901870204));
#13757=CARTESIAN_POINT('',(10.544778488284,-6.350000000002,-25.190893882173));
#13758=CARTESIAN_POINT('',(10.074001520777,-6.350000000002,-25.195964277241));
#13759=CARTESIAN_POINT('',(8.7935610678682,-6.350000000003,-25.209754966689));
#13760=CARTESIAN_POINT('',(6.3773255578527,-6.350000000001,-25.235778475609));
#13761=CARTESIAN_POINT('',(3.0469086020698,-6.350000000002,-25.271647965566));
#13762=CARTESIAN_POINT('',(-0.48402598860918,-6.350000000002,-25.309677084599));
#13763=CARTESIAN_POINT('',(-4.0162939119896,-6.350000000003,-25.347720563985));
#13764=CARTESIAN_POINT('',(-7.2657995249945,-6.350000000003,-25.382718616931));
#13765=CARTESIAN_POINT('',(-10.549159247674,-6.350000000003,-25.41808128778));
#13766=CARTESIAN_POINT('',(-13.546488146648,-6.350000000003,-25.450363329419));
#13767=CARTESIAN_POINT('',(-16.678391847531,-6.350000000003,-25.484094778014));
#13768=CARTESIAN_POINT('',(-22.787585928733,-6.350000000004,-25.549892447991));
#13769=CARTESIAN_POINT('',(-28.009145902535,-6.350000000004,-25.606130058935));
#13770=CARTESIAN_POINT('',(-32.080497158727,-6.350000000004,-25.649979611389));
#13771=B_SPLINE_SURFACE_WITH_KNOTS('',1,3,((#13635,#13636,#13637,#13638,#13639,#13640,#13641,#13642,#13643,#13644,#13645,#13646,#13647,#13648,#13649,#13650,#13651,#13652,#13653,#13654,#13655,#13656,#13657,#13658,#13659,#13660,#13661,#13662,#13663,#13664,#13665,#13666,#13667,#13668,#13669,#13670,#13671,#13672,#13673,#13674,#13675,#13676,#13677,#13678,#13679,#13680,#13681,#13682,#13683,#13684,#13685,#13686,#13687,#13688,#13689,#13690,#13691,#13692,#13693,#13694,#13695,#13696,#13697,#13698,#13699,#13700,#13701,#13702),(#13703,#13704,#13705,#13706,#13707,#13708,#13709,#13710,#13711,#13712,#13713,#13714,#13715,#13716,#13717,#13718,#13719,#13720,#13721,#13722,#13723,#13724,#13725,#13726,#13727,#13728,#13729,#13730,#13731,#13732,#13733,#13734,#13735,#13736,#13737,#13738,#13739,#13740,#13741,#13742,#13743,#13744,#13745,#13746,#13747,#13748,#13749,#13750,#13751,#13752,#13753,#13754,#13755,#13756,#13757,#13758,#13759,#13760,#13761,#13762,#13763,#13764,#13765,#13766,#13767,#13768,#13769,#13770)),.UNSPECIFIED.,.F.,.F.,.U.,(2,2),(4,1,1,1,1,1,1,1,1,1,1,1,1,1,1,1,1,1,1,1,1,1,1,1,1,1,1,1,1,1,1,1,1,1,1,1,1,1,1,1,1,1,1,1,1,1,1,1,1,1,1,1,1,1,1,1,1,1,1,1,1,1,1,1,1,4),(0.,1.),(0.,1.330571184328,1.825563892854,2.269028113721,2.614214467059,2.896941054512,3.146822278493,3.340104609695,3.459484873085,3.52770216645,3.574132580622,3.72629979951,4.038262498716,4.448415445685,4.901545287475,5.276096452121,5.689326822106,6.048682584655,6.421660636131,6.740658371349,7.149170838921,7.596846001898,8.10036637139,8.484194418353,8.988867353995,9.546409928433,10.124199552425,10.532051051714,10.787769545994,11.308591514812,12.27481581376,13.519607082497,14.89287157351,16.035911016401,17.29457635934,18.392191341498,19.507155377678,20.48996906682,21.740374124645,23.107850406268,24.613051855112,25.796970405092,27.342137302794,29.045350352625,30.772569015173,31.991782188737,32.801865731476,34.404437837031,36.525175541351,38.856920735791,40.297116297063,41.017214077699,41.377262968017,41.583005191056,41.733270301928,43.31344386292,46.849117412111,51.670606567241,57.010566124429,61.370915561727,66.197888360877,70.374921477447,74.874503895307,78.525107724785,83.25561133455,100.),.UNSPECIFIED.);
#13772=ORIENTED_EDGE('',*,*,#13424,.F.);
#13773=CARTESIAN_POINT('',(40.836729566622,-6.350000000002,-24.700777924871));
#13774=VERTEX_POINT('',#13773);
#13775=CARTESIAN_POINT('',(40.86199857212,-6.45,-24.79753265272));
#13776=DIRECTION('',(-0.17867885141661,0.70710678117962,0.68415924174584));
#13777=VECTOR('',#13776,0.14142135623587);
#13778=LINE('',#13775,#13777);
#13779=EDGE_CURVE('',#13415,#13774,#13778,.T.);
#13780=ORIENTED_EDGE('',*,*,#13779,.T.);
#13781=CARTESIAN_POINT('',(39.506075585407,-6.350000254353,-24.879132375755));
#13782=VERTEX_POINT('',#13781);
#13783=CARTESIAN_POINT('',(40.836729566622,-6.350000000002,-24.700777924871));
#13784=CARTESIAN_POINT('',(40.182358668461,-6.350000000002,-24.871689140322));
#13785=CARTESIAN_POINT('',(39.506075545143,-6.350000000002,-24.878972892183));
#13786=(BOUNDED_CURVE()B_SPLINE_CURVE(2,(#13783,#13784,#13785),.UNSPECIFIED.,.F.,.U.)B_SPLINE_CURVE_WITH_KNOTS((3,3),(0.042256618061906,1.),.UNSPECIFIED.)CURVE()GEOMETRIC_REPRESENTATION_ITEM()RATIONAL_B_SPLINE_CURVE((1.,0.99219682374626,0.99934052832275))REPRESENTATION_ITEM(''));
#13787=EDGE_CURVE('',#13774,#13782,#13786,.T.);
#13788=ORIENTED_EDGE('',*,*,#13787,.T.);
#13789=CARTESIAN_POINT('',(39.506075585407,-6.350000254353,-24.879132375755));
#13790=CARTESIAN_POINT('',(39.489751816957,-6.359259096827,-24.888531289762));
#13791=CARTESIAN_POINT('',(39.495843807127,-6.384436945478,-24.91361439751));
#13792=CARTESIAN_POINT('',(39.502037990931,-6.423205642634,-24.952266222447));
#13793=CARTESIAN_POINT('',(39.506894662983,-6.45,-24.978972527667));
#13794=B_SPLINE_CURVE_WITH_KNOTS('',2,(#13789,#13790,#13791,#13792,#13793),.UNSPECIFIED.,.F.,.U.,(3,1,1,3),(0.,0.23970285439186,0.47999669880637,1.),.UNSPECIFIED.);
#13795=EDGE_CURVE('',#13782,#13417,#13794,.T.);
#13796=ORIENTED_EDGE('',*,*,#13795,.T.);
#13797=EDGE_LOOP('',(#13772,#13780,#13788,#13796));
#13798=FACE_OUTER_BOUND('',#13797,.T.);
#13799=ADVANCED_FACE('',(#13798),#13771,.T.);
#13800=CARTESIAN_POINT('',(2.1316282072803E-14,-6.400000254353,-24.929132376543));
#13801=DIRECTION('',(0.,0.70823360807447,0.70597815574833));
#13802=DIRECTION('',(-2.4641424566226E-16,-0.70597815574833,0.70823360807447));
#13803=AXIS2_PLACEMENT_3D('',#13800,#13802,#13801);
#13804=PLANE('',#13803);
#13805=ORIENTED_EDGE('',*,*,#13432,.F.);
#13806=ORIENTED_EDGE('',*,*,#13795,.F.);
#13807=CARTESIAN_POINT('',(-39.506075585338,-6.350000254353,-24.879132375756));
#13808=VERTEX_POINT('',#13807);
#13809=CARTESIAN_POINT('',(39.506075585407,-6.350000254353,-24.879132375755));
#13810=DIRECTION('',(-1.,0.,-1.2679888378899E-14));
#13811=VECTOR('',#13810,79.012151170745);
#13812=LINE('',#13809,#13811);
#13813=EDGE_CURVE('',#13782,#13808,#13812,.T.);
#13814=ORIENTED_EDGE('',*,*,#13813,.T.);
#13815=CARTESIAN_POINT('',(-39.506075585338,-6.350000254353,-24.879132375756));
#13816=CARTESIAN_POINT('',(-39.4897554432,-6.359259536792,-24.888531731671));
#13817=CARTESIAN_POINT('',(-39.495846466584,-6.384436372328,-24.913613824059));
#13818=CARTESIAN_POINT('',(-39.502039083507,-6.423205432126,-24.952266012611));
#13819=CARTESIAN_POINT('',(-39.506894776259,-6.45,-24.978972527155));
#13820=B_SPLINE_CURVE_WITH_KNOTS('',2,(#13815,#13816,#13817,#13818,#13819),.UNSPECIFIED.,.F.,.U.,(3,1,1,3),(0.,0.23968985786297,0.4799874081592,1.),.UNSPECIFIED.);
#13821=EDGE_CURVE('',#13808,#13427,#13820,.T.);
#13822=ORIENTED_EDGE('',*,*,#13821,.T.);
#13823=EDGE_LOOP('',(#13805,#13806,#13814,#13822));
#13824=FACE_OUTER_BOUND('',#13823,.T.);
#13825=ADVANCED_FACE('',(#13824),#13804,.T.);
#13826=CARTESIAN_POINT('',(-40.836729566622,-6.35,-24.700777924871));
#13827=CARTESIAN_POINT('',(-40.527081110932,-6.35,-24.780680265504));
#13828=CARTESIAN_POINT('',(-40.090207196141,-6.35,-24.857098448116));
#13829=CARTESIAN_POINT('',(-39.54545572842,-6.35,-24.880284293053));
#13830=CARTESIAN_POINT('',(-39.232338287994,-6.35,-24.881693469658));
#13831=CARTESIAN_POINT('',(-38.971776663204,-6.35,-24.884767136351));
#13832=CARTESIAN_POINT('',(-38.758258570092,-6.35,-24.887018625835));
#13833=CARTESIAN_POINT('',(-38.581614043205,-6.35,-24.888930769452));
#13834=CARTESIAN_POINT('',(-38.44466983917,-6.35,-24.890404438751));
#13835=CARTESIAN_POINT('',(-38.351892818005,-6.35,-24.891403756875));
#13836=CARTESIAN_POINT('',(-38.294992064514,-6.35,-24.892016587678));
#13837=CARTESIAN_POINT('',(-38.230210081399,-6.35,-24.892714308313));
#13838=CARTESIAN_POINT('',(-38.106291831853,-6.35,-24.89404893838));
#13839=CARTESIAN_POINT('',(-37.893802127177,-6.35,-24.896337513966));
#13840=CARTESIAN_POINT('',(-37.608028405184,-6.35,-24.899415372039));
#13841=CARTESIAN_POINT('',(-37.306936667279,-6.35,-24.902658211876));
#13842=CARTESIAN_POINT('',(-37.005128191248,-6.35,-24.905908770516));
#13843=CARTESIAN_POINT('',(-36.726194659399,-6.35,-24.908912960007));
#13844=CARTESIAN_POINT('',(-36.447479917658,-6.35,-24.91191479303));
#13845=CARTESIAN_POINT('',(-36.191760037716,-6.35,-24.914668965194));
#13846=CARTESIAN_POINT('',(-35.924107366167,-6.35,-24.917551656742));
#13847=CARTESIAN_POINT('',(-35.638465012824,-6.35,-24.920628102023));
#13848=CARTESIAN_POINT('',(-35.30767000832,-6.35,-24.924190853549));
#13849=CARTESIAN_POINT('',(-34.982939160642,-6.35,-24.927688292468));
#13850=CARTESIAN_POINT('',(-34.644375820989,-6.35,-24.931334711062));
#13851=CARTESIAN_POINT('',(-34.292910294385,-6.35,-24.935120089693));
#13852=CARTESIAN_POINT('',(-33.893941546642,-6.35,-24.939417090843));
#13853=CARTESIAN_POINT('',(-33.530718655407,-6.35,-24.943329099466));
#13854=CARTESIAN_POINT('',(-33.253375043131,-6.35,-24.946316165064));
#13855=CARTESIAN_POINT('',(-33.079641320819,-6.35,-24.948187324168));
#13856=CARTESIAN_POINT('',(-32.878710650442,-6.35,-24.950351401748));
#13857=CARTESIAN_POINT('',(-32.492817085618,-6.35,-24.954507579647));
#13858=CARTESIAN_POINT('',(-31.841242649275,-6.35,-24.961525212277));
#13859=CARTESIAN_POINT('',(-30.969686945585,-6.35,-24.97091210256));
#13860=CARTESIAN_POINT('',(-30.054840776618,-6.35,-24.980765242844));
#13861=CARTESIAN_POINT('',(-29.13671541653,-6.35,-24.990653700903));
#13862=CARTESIAN_POINT('',(-28.285834792522,-6.35,-24.999817914994));
#13863=CARTESIAN_POINT('',(-27.441291243848,-6.35,-25.008913877073));
#13864=CARTESIAN_POINT('',(-26.664066756163,-6.35,-25.017284794687));
#13865=CARTESIAN_POINT('',(-25.849750152305,-6.35,-25.026055204408));
#13866=CARTESIAN_POINT('',(-24.974552199679,-6.35,-25.035481322696));
#13867=CARTESIAN_POINT('',(-23.971480707628,-6.35,-25.046284673534));
#13868=CARTESIAN_POINT('',(-22.98476118882,-6.35,-25.056911909204));
#13869=CARTESIAN_POINT('',(-21.954915484242,-6.35,-25.068003625541));
#13870=CARTESIAN_POINT('',(-20.877620814141,-6.35,-25.07960638005));
#13871=CARTESIAN_POINT('',(-19.667201863106,-6.35,-25.092642919013));
#13872=CARTESIAN_POINT('',(-18.535396803378,-6.35,-25.104832765139));
#13873=CARTESIAN_POINT('',(-17.621341676063,-6.35,-25.114677385691));
#13874=CARTESIAN_POINT('',(-16.738628611259,-6.35,-25.124184443766));
#13875=CARTESIAN_POINT('',(-15.637296571866,-6.35,-25.136046087233));
#13876=CARTESIAN_POINT('',(-14.16432897886,-6.35,-25.151910345969));
#13877=CARTESIAN_POINT('',(-12.729934167878,-6.35,-25.167359165426));
#13878=CARTESIAN_POINT('',(-11.635735915125,-6.35,-25.179143976084));
#13879=CARTESIAN_POINT('',(-11.021815521405,-6.35,-25.185756064507));
#13880=CARTESIAN_POINT('',(-10.708590830731,-6.35,-25.189129579009));
#13881=CARTESIAN_POINT('',(-10.53539433465,-6.35,-25.190994952042));
#13882=CARTESIAN_POINT('',(-10.066217263744,-6.35,-25.196048115792));
#13883=CARTESIAN_POINT('',(-8.7886710734563,-6.35,-25.209807633249));
#13884=CARTESIAN_POINT('',(-6.3735857431011,-6.35,-25.235818754424));
#13885=CARTESIAN_POINT('',(-3.042974933432,-6.35,-25.27169033224));
#13886=CARTESIAN_POINT('',(0.48935757254713,-6.35,-25.309734507198));
#13887=CARTESIAN_POINT('',(4.0226430482272,-6.35,-25.347788945897));
#13888=CARTESIAN_POINT('',(7.2722730106749,-6.35,-25.38278833812));
#13889=CARTESIAN_POINT('',(10.557732044528,-6.35,-25.418173619118));
#13890=CARTESIAN_POINT('',(13.556165459137,-6.35,-25.450467556688));
#13891=CARTESIAN_POINT('',(16.688938143182,-6.35,-25.484208364467));
#13892=CARTESIAN_POINT('',(22.80198339976,-6.35,-25.550047512643));
#13893=CARTESIAN_POINT('',(28.02818453363,-6.35,-25.606335110134));
#13894=CARTESIAN_POINT('',(32.104492943768,-6.35,-25.650238052474));
#13895=CARTESIAN_POINT('',(-40.86200190915,-6.45,-24.797531781086));
#13896=CARTESIAN_POINT('',(-40.545190154375,-6.45,-24.878903367908));
#13897=CARTESIAN_POINT('',(-40.103778325992,-6.45,-24.956675002564));
#13898=CARTESIAN_POINT('',(-39.545141188603,-6.45,-24.980325007845));
#13899=CARTESIAN_POINT('',(-39.233597773307,-6.45,-24.981681569052));
#13900=CARTESIAN_POINT('',(-38.972821796652,-6.45,-24.984762400947));
#13901=CARTESIAN_POINT('',(-38.759342315308,-6.45,-24.987012599744));
#13902=CARTESIAN_POINT('',(-38.582690063859,-6.45,-24.988925001572));
#13903=CARTESIAN_POINT('',(-38.445746867459,-6.45,-24.990398637189));
#13904=CARTESIAN_POINT('',(-38.352969778501,-6.45,-24.99139795758));
#13905=CARTESIAN_POINT('',(-38.296069029563,-6.45,-24.992010788229));
#13906=CARTESIAN_POINT('',(-38.231287045499,-6.45,-24.992708508897));
#13907=CARTESIAN_POINT('',(-38.107368798313,-6.45,-24.994043138885));
#13908=CARTESIAN_POINT('',(-37.894879090361,-6.45,-24.996331714581));
#13909=CARTESIAN_POINT('',(-37.609105370038,-6.45,-24.999409572597));
#13910=CARTESIAN_POINT('',(-37.308013631722,-6.45,-25.002652412448));
#13911=CARTESIAN_POINT('',(-37.006205155809,-6.45,-25.005902971084));
#13912=CARTESIAN_POINT('',(-36.727271623936,-6.45,-25.008907160576));
#13913=CARTESIAN_POINT('',(-36.448556882202,-6.45,-25.011908993599));
#13914=CARTESIAN_POINT('',(-36.192837002259,-6.45,-25.014663165762));
#13915=CARTESIAN_POINT('',(-35.925184330709,-6.45,-25.017545857311));
#13916=CARTESIAN_POINT('',(-35.639541977366,-6.45,-25.020622302592));
#13917=CARTESIAN_POINT('',(-35.308746972862,-6.45,-25.024185054118));
#13918=CARTESIAN_POINT('',(-34.984016125185,-6.45,-25.027682493037));
#13919=CARTESIAN_POINT('',(-34.645452785532,-6.45,-25.031328911631));
#13920=CARTESIAN_POINT('',(-34.293987258928,-6.45,-25.035114290262));
#13921=CARTESIAN_POINT('',(-33.895018511184,-6.45,-25.039411291412));
#13922=CARTESIAN_POINT('',(-33.531795619949,-6.45,-25.043323300035));
#13923=CARTESIAN_POINT('',(-33.254452007674,-6.45,-25.046310365633));
#13924=CARTESIAN_POINT('',(-33.080718285362,-6.45,-25.048181524738));
#13925=CARTESIAN_POINT('',(-32.879787614984,-6.45,-25.050345602317));
#13926=CARTESIAN_POINT('',(-32.49389405016,-6.45,-25.054501780216));
#13927=CARTESIAN_POINT('',(-31.842319613817,-6.45,-25.061519412847));
#13928=CARTESIAN_POINT('',(-30.970763910127,-6.45,-25.07090630313));
#13929=CARTESIAN_POINT('',(-30.05591774116,-6.45,-25.080759443414));
#13930=CARTESIAN_POINT('',(-29.137792381073,-6.45,-25.090647901471));
#13931=CARTESIAN_POINT('',(-28.286911757065,-6.45,-25.099812115564));
#13932=CARTESIAN_POINT('',(-27.442368208391,-6.45,-25.108908077643));
#13933=CARTESIAN_POINT('',(-26.665143720706,-6.45,-25.117278995257));
#13934=CARTESIAN_POINT('',(-25.850827116848,-6.45,-25.126049404978));
#13935=CARTESIAN_POINT('',(-24.975629164222,-6.45,-25.135475523265));
#13936=CARTESIAN_POINT('',(-23.972557672171,-6.45,-25.146278874103));
#13937=CARTESIAN_POINT('',(-22.985838153363,-6.45,-25.156906109774));
#13938=CARTESIAN_POINT('',(-21.955992448784,-6.45,-25.167997826111));
#13939=CARTESIAN_POINT('',(-20.878697778684,-6.45,-25.17960058062));
#13940=CARTESIAN_POINT('',(-19.668278827648,-6.45,-25.192637119584));
#13941=CARTESIAN_POINT('',(-18.53647376792,-6.45,-25.204826965708));
#13942=CARTESIAN_POINT('',(-17.622418640605,-6.45,-25.214671586261));
#13943=CARTESIAN_POINT('',(-16.739705575802,-6.45,-25.224178644336));
#13944=CARTESIAN_POINT('',(-15.638373536408,-6.45,-25.236040287803));
#13945=CARTESIAN_POINT('',(-14.165405943402,-6.45,-25.251904546539));
#13946=CARTESIAN_POINT('',(-12.73101113242,-6.45,-25.267353365996));
#13947=CARTESIAN_POINT('',(-11.636812879667,-6.45,-25.279138176655));
#13948=CARTESIAN_POINT('',(-11.022892485947,-6.45,-25.285750265078));
#13949=CARTESIAN_POINT('',(-10.709667795274,-6.45,-25.28912377958));
#13950=CARTESIAN_POINT('',(-10.536471299193,-6.45,-25.290989152612));
#13951=CARTESIAN_POINT('',(-10.067294228287,-6.45,-25.296042316362));
#13952=CARTESIAN_POINT('',(-8.789748037998,-6.45,-25.309801833819));
#13953=CARTESIAN_POINT('',(-6.3746627076442,-6.45,-25.335812954995));
#13954=CARTESIAN_POINT('',(-3.0440518979744,-6.45,-25.371684532811));
#13955=CARTESIAN_POINT('',(0.48828060800457,-6.45,-25.40972870777));
#13956=CARTESIAN_POINT('',(4.0215660836847,-6.45,-25.447783146469));
#13957=CARTESIAN_POINT('',(7.2711960461324,-6.45,-25.482782538692));
#13958=CARTESIAN_POINT('',(10.556655079985,-6.45,-25.51816781969));
#13959=CARTESIAN_POINT('',(13.555088494595,-6.45,-25.550461757261));
#13960=CARTESIAN_POINT('',(16.68786117864,-6.45,-25.584202565039));
#13961=CARTESIAN_POINT('',(22.800906435217,-6.45,-25.650041713216));
#13962=CARTESIAN_POINT('',(28.027107569088,-6.45,-25.706329310707));
#13963=CARTESIAN_POINT('',(32.103415979226,-6.45,-25.750232253048));
#13964=B_SPLINE_SURFACE_WITH_KNOTS('',1,3,((#13826,#13827,#13828,#13829,#13830,#13831,#13832,#13833,#13834,#13835,#13836,#13837,#13838,#13839,#13840,#13841,#13842,#13843,#13844,#13845,#13846,#13847,#13848,#13849,#13850,#13851,#13852,#13853,#13854,#13855,#13856,#13857,#13858,#13859,#13860,#13861,#13862,#13863,#13864,#13865,#13866,#13867,#13868,#13869,#13870,#13871,#13872,#13873,#13874,#13875,#13876,#13877,#13878,#13879,#13880,#13881,#13882,#13883,#13884,#13885,#13886,#13887,#13888,#13889,#13890,#13891,#13892,#13893,#13894),(#13895,#13896,#13897,#13898,#13899,#13900,#13901,#13902,#13903,#13904,#13905,#13906,#13907,#13908,#13909,#13910,#13911,#13912,#13913,#13914,#13915,#13916,#13917,#13918,#13919,#13920,#13921,#13922,#13923,#13924,#13925,#13926,#13927,#13928,#13929,#13930,#13931,#13932,#13933,#13934,#13935,#13936,#13937,#13938,#13939,#13940,#13941,#13942,#13943,#13944,#13945,#13946,#13947,#13948,#13949,#13950,#13951,#13952,#13953,#13954,#13955,#13956,#13957,#13958,#13959,#13960,#13961,#13962,#13963)),.UNSPECIFIED.,.F.,.F.,.U.,(2,2),(4,1,1,1,1,1,1,1,1,1,1,1,1,1,1,1,1,1,1,1,1,1,1,1,1,1,1,1,1,1,1,1,1,1,1,1,1,1,1,1,1,1,1,1,1,1,1,1,1,1,1,1,1,1,1,1,1,1,1,1,1,1,1,1,1,1,4),(0.,1.),(0.,1.3294577847502,1.8246251614531,2.2684674239973,2.6135402508382,2.8963379912572,3.1462418986998,3.3398094542919,3.4593658856871,3.5276838464843,3.5737501984205,3.7257093895924,4.0371591455404,4.4473766264424,4.9006344226466,5.2750624031597,5.6882266674448,6.0474368221903,6.4209652728492,6.739588868227,7.1478592917629,7.5953502026179,8.0996136110075,8.4829519672033,8.9873135414127,9.5446227735029,10.12326503463,10.480661725326,10.684888405724,10.837550794036,11.306764536965,12.271444396879,13.516422430922,14.890063273617,16.032726788366,17.291186830901,18.388358852592,19.504968227666,20.486653871073,21.736325764498,23.103241642306,24.610664298656,25.793106977912,27.337331094692,29.039834590388,30.769602088551,31.990614440195,32.797864707188,34.39877300275,36.518611547761,38.85379767028,40.29611851066,41.01727893085,41.377859140945,41.583904975285,41.729355947811,43.306825469001,46.836385832552,51.65869514727,57.000239964525,61.359155349769,66.185382687295,70.360711234142,74.866933631157,78.513088903906,83.240737551938,100.),.UNSPECIFIED.);
#13965=ORIENTED_EDGE('',*,*,#13821,.F.);
#13966=CARTESIAN_POINT('',(-40.836729566622,-6.35,-24.700777924871));
#13967=VERTEX_POINT('',#13966);
#13968=CARTESIAN_POINT('',(-39.506075545143,-6.35,-24.878972892183));
#13969=CARTESIAN_POINT('',(-40.182358668461,-6.35,-24.871689140322));
#13970=CARTESIAN_POINT('',(-40.836729566622,-6.35,-24.700777924871));
#13971=(BOUNDED_CURVE()B_SPLINE_CURVE(2,(#13968,#13969,#13970),.UNSPECIFIED.,.F.,.U.)B_SPLINE_CURVE_WITH_KNOTS((3,3),(0.,0.95774338193791),.UNSPECIFIED.)CURVE()GEOMETRIC_REPRESENTATION_ITEM()RATIONAL_B_SPLINE_CURVE((0.99934052832275,0.99219682374626,1.))REPRESENTATION_ITEM(''));
#13972=EDGE_CURVE('',#13808,#13967,#13971,.T.);
#13973=ORIENTED_EDGE('',*,*,#13972,.T.);
#13974=CARTESIAN_POINT('',(-40.836729566622,-6.35,-24.700777924871));
#13975=DIRECTION('',(-0.17870244787278,-0.70710678118918,-0.6841530787189));
#13976=VECTOR('',#13975,0.14142135623678);
#13977=LINE('',#13974,#13976);
#13978=EDGE_CURVE('',#13967,#13435,#13977,.T.);
#13979=ORIENTED_EDGE('',*,*,#13978,.T.);
#13980=ORIENTED_EDGE('',*,*,#13442,.F.);
#13981=EDGE_LOOP('',(#13965,#13973,#13979,#13980));
#13982=FACE_OUTER_BOUND('',#13981,.T.);
#13983=ADVANCED_FACE('',(#13982),#13964,.T.);
#13984=CARTESIAN_POINT('',(-37.72843666168,5.949999998634,-12.8));
#13985=DIRECTION('',(1.,3.7388745390843E-16,-6.9817550963582E-08));
#13986=DIRECTION('',(3.738873821227E-16,-1.,-1.0281903008374E-15));
#13987=AXIS2_PLACEMENT_3D('',#13984,#13986,#13985);
#13988=CONICAL_SURFACE('',#13987,0.,0.78539816345192);
#13989=CARTESIAN_POINT('',(-40.836729566622,-6.350000000004,-0.89922207512901));
#13990=VERTEX_POINT('',#13989);
#13991=CARTESIAN_POINT('',(-40.836729566622,-6.350000000004,-0.89922207512901));
#13992=DIRECTION('',(-0.17867885141926,-0.70710678117596,0.68415924174892));
#13993=VECTOR('',#13992,0.14142135623377);
#13994=LINE('',#13991,#13993);
#13995=EDGE_CURVE('',#13990,#13445,#13994,.T.);
#13996=ORIENTED_EDGE('',*,*,#13995,.T.);
#13997=ORIENTED_EDGE('',*,*,#13451,.F.);
#13998=ORIENTED_EDGE('',*,*,#13978,.F.);
#13999=CARTESIAN_POINT('',(-37.72843666168,-6.35,-12.8));
#14000=DIRECTION('',(-0.25270674023918,4.3325776570736E-16,-0.96754292072119));
#14001=DIRECTION('',(-4.5382120803485E-17,1.,4.1274035927998E-16));
#14002=AXIS2_PLACEMENT_3D('',#13999,#14001,#14000);
#14003=CIRCLE('',#14002,12.3);
#14004=EDGE_CURVE('',#13967,#13990,#14003,.T.);
#14005=ORIENTED_EDGE('',*,*,#14004,.T.);
#14006=EDGE_LOOP('',(#13996,#13997,#13998,#14005));
#14007=FACE_OUTER_BOUND('',#14006,.T.);
#14008=ADVANCED_FACE('',(#14007),#13988,.F.);
#14009=CARTESIAN_POINT('',(32.080497158725,-6.350000000008,0.049979611392994));
#14010=CARTESIAN_POINT('',(28.009145902532,-6.350000000008,0.0061300589389948));
#14011=CARTESIAN_POINT('',(22.787585928729,-6.350000000007,-0.050107552006006));
#14012=CARTESIAN_POINT('',(16.678391847527,-6.350000000007,-0.11590522198301));
#14013=CARTESIAN_POINT('',(13.546488146645,-6.350000000006,-0.14963667057901));
#14014=CARTESIAN_POINT('',(10.54915924767,-6.350000000006,-0.18191871221701));
#14015=CARTESIAN_POINT('',(7.265799524991,-6.350000000006,-0.21728138306701));
#14016=CARTESIAN_POINT('',(4.0162939119864,-6.350000000005,-0.25227943601301));
#14017=CARTESIAN_POINT('',(0.48402598860613,-6.350000000005,-0.29032291539901));
#14018=CARTESIAN_POINT('',(-3.046908602073,-6.350000000004,-0.32835203443201));
#14019=CARTESIAN_POINT('',(-6.3773255578547,-6.350000000004,-0.36422152438901));
#14020=CARTESIAN_POINT('',(-8.7935610678715,-6.350000000004,-0.39024503331101));
#14021=CARTESIAN_POINT('',(-10.074001520778,-6.350000000003,-0.40403572275801));
#14022=CARTESIAN_POINT('',(-10.544778488285,-6.350000000003,-0.40910611782601));
#14023=CARTESIAN_POINT('',(-10.718885555808,-6.350000000003,-0.41098129795901));
#14024=CARTESIAN_POINT('',(-11.031545842695,-6.350000000003,-0.41434873367901));
#14025=CARTESIAN_POINT('',(-11.644360004993,-6.350000000003,-0.42094890769101));
#14026=CARTESIAN_POINT('',(-12.736586607184,-6.350000000003,-0.43271248314101));
#14027=CARTESIAN_POINT('',(-14.169374888078,-6.350000000003,-0.44814399983501));
#14028=CARTESIAN_POINT('',(-15.641644571414,-6.350000000003,-0.46400074189601));
#14029=CARTESIAN_POINT('',(-16.743926481476,-6.350000000003,-0.47587261572601));
#14030=CARTESIAN_POINT('',(-17.62700522419,-6.350000000003,-0.48538361225101));
#14031=CARTESIAN_POINT('',(-18.540391428498,-6.350000000002,-0.49522102832201));
#14032=CARTESIAN_POINT('',(-19.670939573638,-6.350000000002,-0.50739733713801));
#14033=CARTESIAN_POINT('',(-20.880742454843,-6.350000000002,-0.52042724086301));
#14034=CARTESIAN_POINT('',(-21.958443433732,-6.350000000002,-0.53203437142701));
#14035=CARTESIAN_POINT('',(-22.987998445843,-6.350000000002,-0.54312295692801));
#14036=CARTESIAN_POINT('',(-23.974348481802,-6.350000000002,-0.55374621316801));
#14037=CARTESIAN_POINT('',(-24.976864526125,-6.350000000002,-0.56454358168401));
#14038=CARTESIAN_POINT('',(-25.852363448225,-6.350000000002,-0.57397294149401));
#14039=CARTESIAN_POINT('',(-26.666464724329,-6.350000000002,-0.58274103207701));
#14040=CARTESIAN_POINT('',(-27.443415521014,-6.350000000001,-0.59110900196501));
#14041=CARTESIAN_POINT('',(-28.287438875536,-6.350000000001,-0.60019936141301));
#14042=CARTESIAN_POINT('',(-29.13828868665,-6.350000000001,-0.60936324364101));
#14043=CARTESIAN_POINT('',(-30.056161904624,-6.350000000001,-0.61924898606101));
#14044=CARTESIAN_POINT('',(-30.970661680273,-6.350000000001,-0.62909839559501));
#14045=CARTESIAN_POINT('',(-31.842169348369,-6.350000000001,-0.63848476852201));
#14046=CARTESIAN_POINT('',(-32.506408002176,-6.350000000001,-0.64563879819401));
#14047=CARTESIAN_POINT('',(-32.930156378122,-6.350000000001,-0.65020268263201));
#14048=CARTESIAN_POINT('',(-33.218137970059,-6.350000000001,-0.65330432214301));
#14049=CARTESIAN_POINT('',(-33.519971087967,-6.350000000001,-0.65655514633001));
#14050=CARTESIAN_POINT('',(-33.895191886514,-6.350000000001,-0.66059637565501));
#14051=CARTESIAN_POINT('',(-34.293954546422,-6.350000000001,-0.66489115718301));
#14052=CARTESIAN_POINT('',(-34.645555991545,-6.350000000001,-0.66867799969401));
#14053=CARTESIAN_POINT('',(-34.98402208868,-6.350000000001,-0.67232337095901));
#14054=CARTESIAN_POINT('',(-35.308629336862,-6.35,-0.67581947867901));
#14055=CARTESIAN_POINT('',(-35.639238532851,-6.35,-0.67938022899701));
#14056=CARTESIAN_POINT('',(-35.924981566579,-6.35,-0.68245775863201));
#14057=CARTESIAN_POINT('',(-36.192562206634,-6.35,-0.68533967438201));
#14058=CARTESIAN_POINT('',(-36.448190531393,-6.35,-0.68809286047201));
#14059=CARTESIAN_POINT('',(-36.726731257655,-6.35,-0.69109281930101));
#14060=CARTESIAN_POINT('',(-37.005654481966,-6.35,-0.69409689777801));
#14061=CARTESIAN_POINT('',(-37.307378611354,-6.35,-0.69734654798101));
#14062=CARTESIAN_POINT('',(-37.608354473679,-6.35,-0.70058813980601));
#14063=CARTESIAN_POINT('',(-37.894112126795,-6.35,-0.70366582481001));
#14064=CARTESIAN_POINT('',(-38.106691557691,-6.35,-0.70595536677601));
#14065=CARTESIAN_POINT('',(-38.23083287522,-6.35,-0.70729239933801));
#14066=CARTESIAN_POINT('',(-38.295708177596,-6.35,-0.70799112505801));
#14067=CARTESIAN_POINT('',(-38.352611426249,-6.35,-0.70860398275701));
#14068=CARTESIAN_POINT('',(-38.445221271294,-6.35,-0.70960149992601));
#14069=CARTESIAN_POINT('',(-38.582002733744,-6.35,-0.71107342190301));
#14070=CARTESIAN_POINT('',(-38.758497000521,-6.35,-0.71298391743501));
#14071=CARTESIAN_POINT('',(-38.971949705254,-6.35,-0.71523469687401));
#14072=CARTESIAN_POINT('',(-39.232343951357,-6.35,-0.71830611667001));
#14073=CARTESIAN_POINT('',(-39.545251822279,-6.35,-0.71971703157401));
#14074=CARTESIAN_POINT('',(-40.089960278515,-6.35,-0.74286334050801));
#14075=CARTESIAN_POINT('',(-40.526922807547,-6.35,-0.81928215200001));
#14076=CARTESIAN_POINT('',(-40.836729566622,-6.35,-0.89922207512901));
#14077=CARTESIAN_POINT('',(32.079420194182,-6.45,0.14997381196699));
#14078=CARTESIAN_POINT('',(28.008068937989,-6.45,0.10612425951299));
#14079=CARTESIAN_POINT('',(22.786508964187,-6.45,0.049886648567995));
#14080=CARTESIAN_POINT('',(16.677314882985,-6.45,-0.015911021410005));
#14081=CARTESIAN_POINT('',(13.545411182102,-6.45,-0.049642470005006));
#14082=CARTESIAN_POINT('',(10.548082283128,-6.45,-0.081924511644006));
#14083=CARTESIAN_POINT('',(7.2647225604484,-6.45,-0.11728718249401));
#14084=CARTESIAN_POINT('',(4.0152169474438,-6.45,-0.15228523544101));
#14085=CARTESIAN_POINT('',(0.48294902406362,-6.45,-0.19032871482701));
#14086=CARTESIAN_POINT('',(-3.0479855666157,-6.45,-0.22835783386001));
#14087=CARTESIAN_POINT('',(-6.3784025223967,-6.45,-0.26422732381801));
#14088=CARTESIAN_POINT('',(-8.7946380324148,-6.45,-0.29025083273901));
#14089=CARTESIAN_POINT('',(-10.075078485321,-6.45,-0.30404152218701));
#14090=CARTESIAN_POINT('',(-10.545855452827,-6.45,-0.30911191725501));
#14091=CARTESIAN_POINT('',(-10.719962520351,-6.45,-0.31098709738801));
#14092=CARTESIAN_POINT('',(-11.032622807237,-6.45,-0.31435453310801));
#14093=CARTESIAN_POINT('',(-11.645436969536,-6.45,-0.32095470712001));
#14094=CARTESIAN_POINT('',(-12.737663571727,-6.45,-0.33271828257001));
#14095=CARTESIAN_POINT('',(-14.170451852621,-6.45,-0.34814979926501));
#14096=CARTESIAN_POINT('',(-15.642721535957,-6.45,-0.36400654132501));
#14097=CARTESIAN_POINT('',(-16.745003446019,-6.45,-0.37587841515601));
#14098=CARTESIAN_POINT('',(-17.628082188733,-6.45,-0.38538941168101));
#14099=CARTESIAN_POINT('',(-18.541468393041,-6.45,-0.39522682775201));
#14100=CARTESIAN_POINT('',(-19.672016538181,-6.45,-0.40740313656701));
#14101=CARTESIAN_POINT('',(-20.881819419385,-6.45,-0.42043304029201));
#14102=CARTESIAN_POINT('',(-21.959520398275,-6.45,-0.43204017085701));
#14103=CARTESIAN_POINT('',(-22.989075410386,-6.45,-0.44312875635701));
#14104=CARTESIAN_POINT('',(-23.975425446344,-6.45,-0.45375201259801));
#14105=CARTESIAN_POINT('',(-24.977941490668,-6.45,-0.46454938111401));
#14106=CARTESIAN_POINT('',(-25.853440412767,-6.45,-0.47397874092501));
#14107=CARTESIAN_POINT('',(-26.667541688871,-6.45,-0.48274683150801));
#14108=CARTESIAN_POINT('',(-27.444492485556,-6.45,-0.49111480139501));
#14109=CARTESIAN_POINT('',(-28.288515840079,-6.45,-0.50020516084301));
#14110=CARTESIAN_POINT('',(-29.139365651193,-6.45,-0.50936904307201));
#14111=CARTESIAN_POINT('',(-30.057238869167,-6.45,-0.51925478549101));
#14112=CARTESIAN_POINT('',(-30.971738644815,-6.45,-0.52910419502601));
#14113=CARTESIAN_POINT('',(-31.843246312912,-6.45,-0.53849056795301));
#14114=CARTESIAN_POINT('',(-32.507484966718,-6.45,-0.54564459762501));
#14115=CARTESIAN_POINT('',(-32.931233342665,-6.45,-0.55020848206301));
#14116=CARTESIAN_POINT('',(-33.219214934602,-6.45,-0.55331012157401));
#14117=CARTESIAN_POINT('',(-33.521048052509,-6.45,-0.55656094576101));
#14118=CARTESIAN_POINT('',(-33.896268851057,-6.45,-0.56060217508601));
#14119=CARTESIAN_POINT('',(-34.295031510965,-6.45,-0.56489695661401));
#14120=CARTESIAN_POINT('',(-34.646632956088,-6.45,-0.56868379912501));
#14121=CARTESIAN_POINT('',(-34.985099053223,-6.45,-0.57232917039001));
#14122=CARTESIAN_POINT('',(-35.309706301404,-6.45,-0.57582527810901));
#14123=CARTESIAN_POINT('',(-35.640315497394,-6.45,-0.57938602842801));
#14124=CARTESIAN_POINT('',(-35.926058531121,-6.45,-0.58246355806301));
#14125=CARTESIAN_POINT('',(-36.193639171176,-6.45,-0.58534547381301));
#14126=CARTESIAN_POINT('',(-36.449267495937,-6.45,-0.58809865990301));
#14127=CARTESIAN_POINT('',(-36.727808222191,-6.45,-0.59109861873201));
#14128=CARTESIAN_POINT('',(-37.006731446527,-6.45,-0.59410269720901));
#14129=CARTESIAN_POINT('',(-37.308455575797,-6.45,-0.59735234740901));
#14130=CARTESIAN_POINT('',(-37.609431438533,-6.45,-0.60059393924801));
#14131=CARTESIAN_POINT('',(-37.895189089973,-6.45,-0.60367162419501));
#14132=CARTESIAN_POINT('',(-38.107768524156,-6.45,-0.60596116627201));
#14133=CARTESIAN_POINT('',(-38.231909839314,-6.45,-0.60729819875401));
#14134=CARTESIAN_POINT('',(-38.296785142649,-6.45,-0.60799692450601));
#14135=CARTESIAN_POINT('',(-38.353688386759,-6.45,-0.60860978205401));
#14136=CARTESIAN_POINT('',(-38.446298299392,-6.45,-0.60960730147801));
#14137=CARTESIAN_POINT('',(-38.583078756563,-6.45,-0.61107918990401));
#14138=CARTESIAN_POINT('',(-38.759580739517,-6.45,-0.61298994296401));
#14139=CARTESIAN_POINT('',(-38.972994750293,-6.45,-0.61523943098601));
#14140=CARTESIAN_POINT('',(-39.233603421829,-6.45,-0.61831800726901));
#14141=CARTESIAN_POINT('',(-39.544937316841,-6.45,-0.61967639044801));
#14142=CARTESIAN_POINT('',(-40.103527934698,-6.45,-0.64328601898401));
#14143=CARTESIAN_POINT('',(-40.545025198428,-6.45,-0.72105862567201));
#14144=CARTESIAN_POINT('',(-40.86199857212,-6.45,-0.80246734728101));
#14145=B_SPLINE_SURFACE_WITH_KNOTS('',1,3,((#14009,#14010,#14011,#14012,#14013,#14014,#14015,#14016,#14017,#14018,#14019,#14020,#14021,#14022,#14023,#14024,#14025,#14026,#14027,#14028,#14029,#14030,#14031,#14032,#14033,#14034,#14035,#14036,#14037,#14038,#14039,#14040,#14041,#14042,#14043,#14044,#14045,#14046,#14047,#14048,#14049,#14050,#14051,#14052,#14053,#14054,#14055,#14056,#14057,#14058,#14059,#14060,#14061,#14062,#14063,#14064,#14065,#14066,#14067,#14068,#14069,#14070,#14071,#14072,#14073,#14074,#14075,#14076),(#14077,#14078,#14079,#14080,#14081,#14082,#14083,#14084,#14085,#14086,#14087,#14088,#14089,#14090,#14091,#14092,#14093,#14094,#14095,#14096,#14097,#14098,#14099,#14100,#14101,#14102,#14103,#14104,#14105,#14106,#14107,#14108,#14109,#14110,#14111,#14112,#14113,#14114,#14115,#14116,#14117,#14118,#14119,#14120,#14121,#14122,#14123,#14124,#14125,#14126,#14127,#14128,#14129,#14130,#14131,#14132,#14133,#14134,#14135,#14136,#14137,#14138,#14139,#14140,#14141,#14142,#14143,#14144)),.UNSPECIFIED.,.F.,.F.,.U.,(2,2),(4,1,1,1,1,1,1,1,1,1,1,1,1,1,1,1,1,1,1,1,1,1,1,1,1,1,1,1,1,1,1,1,1,1,1,1,1,1,1,1,1,1,1,1,1,1,1,1,1,1,1,1,1,1,1,1,1,1,1,1,1,1,1,1,1,4),(0.,1.),(0.,16.744388665453,21.474892275217,25.125496104695,29.625078522556,33.802111639126,38.629084438275,42.989433875573,48.329393432761,53.150882587891,56.686556137081,58.266729698073,58.416994808944,58.622737031983,58.982785922301,59.702883702937,61.143079264209,63.47482445865,65.59556216297,67.198134268525,68.008217811263,69.227430984827,70.954649647376,72.657862697207,74.203029594909,75.386948144888,76.892149593732,78.259625875356,79.510030933181,80.492844622322,81.607808658503,82.705423640661,83.9640889836,85.107128426491,86.480392917504,87.72518418624,88.691408485189,89.212230454006,89.467948948286,89.875800447575,90.453590071567,91.011132646006,91.515805581647,91.89963362861,92.403153998103,92.85082916108,93.259341628652,93.578339363869,93.951317415345,94.310673177895,94.723903547879,95.098454712526,95.551584554315,95.961737501285,96.273700200491,96.425867419379,96.47229783355,96.540515126916,96.659895390305,96.853177721508,97.103058945488,97.385785532941,97.73097188628,98.174436107147,98.669428815672,100.),.UNSPECIFIED.);
#14146=CARTESIAN_POINT('',(-39.506075585407,-6.350000254353,-0.72086762424501));
#14147=VERTEX_POINT('',#14146);
#14148=CARTESIAN_POINT('',(-39.506075585407,-6.350000254353,-0.72086762424501));
#14149=CARTESIAN_POINT('',(-39.489751816951,-6.359259096828,-0.71146871023701));
#14150=CARTESIAN_POINT('',(-39.495843807128,-6.38443694548,-0.68638560248801));
#14151=CARTESIAN_POINT('',(-39.50203799094,-6.423205642635,-0.64773377755201));
#14152=CARTESIAN_POINT('',(-39.506894662997,-6.45,-0.62102747233301));
#14153=B_SPLINE_CURVE_WITH_KNOTS('',2,(#14148,#14149,#14150,#14151,#14152),.UNSPECIFIED.,.F.,.U.,(3,1,1,3),(0.,0.23970285442025,0.47999669882757,1.),.UNSPECIFIED.);
#14154=EDGE_CURVE('',#14147,#13454,#14153,.T.);
#14155=ORIENTED_EDGE('',*,*,#14154,.T.);
#14156=ORIENTED_EDGE('',*,*,#13461,.F.);
#14157=ORIENTED_EDGE('',*,*,#13995,.F.);
#14158=CARTESIAN_POINT('',(-40.836729566622,-6.350000000004,-0.89922207512901));
#14159=CARTESIAN_POINT('',(-40.182358668461,-6.350000000004,-0.72831085967801));
#14160=CARTESIAN_POINT('',(-39.506075545143,-6.350000000004,-0.72102710781701));
#14161=(BOUNDED_CURVE()B_SPLINE_CURVE(2,(#14158,#14159,#14160),.UNSPECIFIED.,.F.,.U.)B_SPLINE_CURVE_WITH_KNOTS((3,3),(0.04225661806197,1.),.UNSPECIFIED.)CURVE()GEOMETRIC_REPRESENTATION_ITEM()RATIONAL_B_SPLINE_CURVE((1.,0.99219682374626,0.99934052832275))REPRESENTATION_ITEM(''));
#14162=EDGE_CURVE('',#13990,#14147,#14161,.T.);
#14163=ORIENTED_EDGE('',*,*,#14162,.T.);
#14164=EDGE_LOOP('',(#14155,#14156,#14157,#14163));
#14165=FACE_OUTER_BOUND('',#14164,.T.);
#14166=ADVANCED_FACE('',(#14165),#14145,.T.);
#14167=CARTESIAN_POINT('',(-7.105427357601E-15,-6.400000254353,-0.670867623457));
#14168=DIRECTION('',(0.,-0.70823360807602,0.70597815574678));
#14169=DIRECTION('',(-1.5896875426771E-17,-0.70597815574678,-0.70823360807602));
#14170=AXIS2_PLACEMENT_3D('',#14167,#14169,#14168);
#14171=PLANE('',#14170);
#14172=ORIENTED_EDGE('',*,*,#14154,.F.);
#14173=CARTESIAN_POINT('',(39.506075585337,-6.350000254353,-0.72086762424401));
#14174=VERTEX_POINT('',#14173);
#14175=CARTESIAN_POINT('',(-39.506075585407,-6.350000254353,-0.72086762424501));
#14176=DIRECTION('',(1.,0.,1.2657406307305E-14));
#14177=VECTOR('',#14176,79.012151170744);
#14178=LINE('',#14175,#14177);
#14179=EDGE_CURVE('',#14147,#14174,#14178,.T.);
#14180=ORIENTED_EDGE('',*,*,#14179,.T.);
#14181=CARTESIAN_POINT('',(39.506075585337,-6.350000254353,-0.72086762424401));
#14182=CARTESIAN_POINT('',(39.489755443334,-6.359259536807,-0.71146826831401));
#14183=CARTESIAN_POINT('',(39.495846466586,-6.384436372319,-0.68638617594901));
#14184=CARTESIAN_POINT('',(39.50203908353,-6.423205432122,-0.64773398739301));
#14185=CARTESIAN_POINT('',(39.506894776259,-6.45,-0.62102747284501));
#14186=B_SPLINE_CURVE_WITH_KNOTS('',2,(#14181,#14182,#14183,#14184,#14185),.UNSPECIFIED.,.F.,.U.,(3,1,1,3),(0.,0.23968985752372,0.47998740791666,1.),.UNSPECIFIED.);
#14187=EDGE_CURVE('',#14174,#13464,#14186,.T.);
#14188=ORIENTED_EDGE('',*,*,#14187,.T.);
#14189=ORIENTED_EDGE('',*,*,#13469,.F.);
#14190=EDGE_LOOP('',(#14172,#14180,#14188,#14189));
#14191=FACE_OUTER_BOUND('',#14190,.T.);
#14192=ADVANCED_FACE('',(#14191),#14171,.T.);
#14193=CARTESIAN_POINT('',(-32.103415979208,-6.45,0.15023225303899));
#14194=CARTESIAN_POINT('',(-28.027107569071,-6.45,0.10632931069899));
#14195=CARTESIAN_POINT('',(-22.800906435202,-6.45,0.050041713207994));
#14196=CARTESIAN_POINT('',(-16.687861178625,-6.45,-0.015797434968006));
#14197=CARTESIAN_POINT('',(-13.555088494581,-6.45,-0.049538242746006));
#14198=CARTESIAN_POINT('',(-10.556655079972,-6.45,-0.081832180316006));
#14199=CARTESIAN_POINT('',(-7.27119604612,-6.45,-0.11721746131401));
#14200=CARTESIAN_POINT('',(-4.0215660836732,-6.45,-0.15221685353701));
#14201=CARTESIAN_POINT('',(-0.48828060799391,-6.45,-0.19027129223601));
#14202=CARTESIAN_POINT('',(3.0440518979841,-6.45,-0.22831546719301));
#14203=CARTESIAN_POINT('',(6.3746627076534,-6.45,-0.26418704500901));
#14204=CARTESIAN_POINT('',(8.7897480380058,-6.45,-0.29019816618501));
#14205=CARTESIAN_POINT('',(10.067294228294,-6.45,-0.30395768364201));
#14206=CARTESIAN_POINT('',(10.5364712992,-6.45,-0.30901084739201));
#14207=CARTESIAN_POINT('',(10.709667795281,-6.45,-0.31087622042401));
#14208=CARTESIAN_POINT('',(11.022892485954,-6.45,-0.31424973492601));
#14209=CARTESIAN_POINT('',(11.636812879674,-6.45,-0.32086182334901));
#14210=CARTESIAN_POINT('',(12.731011132427,-6.45,-0.33264663400701));
#14211=CARTESIAN_POINT('',(14.165405943409,-6.45,-0.34809545346401));
#14212=CARTESIAN_POINT('',(15.638373536415,-6.45,-0.36395971220001));
#14213=CARTESIAN_POINT('',(16.739705575808,-6.45,-0.37582135566701));
#14214=CARTESIAN_POINT('',(17.622418640611,-6.45,-0.38532841374201));
#14215=CARTESIAN_POINT('',(18.536473767926,-6.45,-0.39517303429401));
#14216=CARTESIAN_POINT('',(19.668278827654,-6.45,-0.40736288041901));
#14217=CARTESIAN_POINT('',(20.878697778688,-6.45,-0.42039941938301));
#14218=CARTESIAN_POINT('',(21.955992448789,-6.45,-0.43200217389101));
#14219=CARTESIAN_POINT('',(22.985838153367,-6.45,-0.44309389022801));
#14220=CARTESIAN_POINT('',(23.972557672175,-6.45,-0.45372112589901));
#14221=CARTESIAN_POINT('',(24.975629164226,-6.45,-0.46452447673701));
#14222=CARTESIAN_POINT('',(25.850827116852,-6.45,-0.47395059502501));
#14223=CARTESIAN_POINT('',(26.665143720709,-6.45,-0.48272100474601));
#14224=CARTESIAN_POINT('',(27.442368208394,-6.45,-0.49109192235901));
#14225=CARTESIAN_POINT('',(28.286911757068,-6.45,-0.50018788443801));
#14226=CARTESIAN_POINT('',(29.137792381076,-6.45,-0.50935209853001));
#14227=CARTESIAN_POINT('',(30.055917741163,-6.45,-0.51924055658801));
#14228=CARTESIAN_POINT('',(30.97076391013,-6.45,-0.52909369687201));
#14229=CARTESIAN_POINT('',(31.84231961382,-6.45,-0.53848058715501));
#14230=CARTESIAN_POINT('',(32.493894050162,-6.45,-0.54549821978501));
#14231=CARTESIAN_POINT('',(32.879787614986,-6.45,-0.54965439768501));
#14232=CARTESIAN_POINT('',(33.080718285363,-6.45,-0.55181847526401));
#14233=CARTESIAN_POINT('',(33.254452007676,-6.45,-0.55368963436801));
#14234=CARTESIAN_POINT('',(33.531795619951,-6.45,-0.55667669996601));
#14235=CARTESIAN_POINT('',(33.895018511186,-6.45,-0.56058870858901));
#14236=CARTESIAN_POINT('',(34.293987258929,-6.45,-0.56488570973901));
#14237=CARTESIAN_POINT('',(34.645452785533,-6.45,-0.56867108837001));
#14238=CARTESIAN_POINT('',(34.984016125186,-6.45,-0.57231750696401));
#14239=CARTESIAN_POINT('',(35.308746972863,-6.45,-0.57581494588301));
#14240=CARTESIAN_POINT('',(35.639541977367,-6.45,-0.57937769740901));
#14241=CARTESIAN_POINT('',(35.92518433071,-6.45,-0.58245414269001));
#14242=CARTESIAN_POINT('',(36.192837002259,-6.45,-0.58533683423801));
#14243=CARTESIAN_POINT('',(36.448556882203,-6.45,-0.58809100640201));
#14244=CARTESIAN_POINT('',(36.727271623936,-6.45,-0.59109283942501));
#14245=CARTESIAN_POINT('',(37.00620515581,-6.45,-0.59409702891701));
#14246=CARTESIAN_POINT('',(37.308013631722,-6.45,-0.59734758755201));
#14247=CARTESIAN_POINT('',(37.609105370039,-6.45,-0.60059042740401));
#14248=CARTESIAN_POINT('',(37.894879090361,-6.45,-0.60366828542001));
#14249=CARTESIAN_POINT('',(38.107368798313,-6.45,-0.60595686111601));
#14250=CARTESIAN_POINT('',(38.231287045499,-6.45,-0.60729149110401));
#14251=CARTESIAN_POINT('',(38.296069029564,-6.45,-0.60798921177101));
#14252=CARTESIAN_POINT('',(38.352969778501,-6.45,-0.60860204242101));
#14253=CARTESIAN_POINT('',(38.445746867459,-6.45,-0.60960136281201));
#14254=CARTESIAN_POINT('',(38.58269006386,-6.45,-0.61107499842801));
#14255=CARTESIAN_POINT('',(38.759342315308,-6.45,-0.61298740025601));
#14256=CARTESIAN_POINT('',(38.972821796656,-6.45,-0.61523759905501));
#14257=CARTESIAN_POINT('',(39.233597773284,-6.45,-0.61831843094301));
#14258=CARTESIAN_POINT('',(39.545141188778,-6.45,-0.61967499220201));
#14259=CARTESIAN_POINT('',(40.10377830703,-6.45,-0.64332499628701));
#14260=CARTESIAN_POINT('',(40.545190128252,-6.45,-0.72109662821201));
#14261=CARTESIAN_POINT('',(40.862001809179,-6.45,-0.80246819279901));
#14262=CARTESIAN_POINT('',(-32.10449294375,-6.350000000004,0.050238052475994));
#14263=CARTESIAN_POINT('',(-28.028184533613,-6.350000000004,0.0063351101349944));
#14264=CARTESIAN_POINT('',(-22.801983399744,-6.350000000004,-0.049952487356006));
#14265=CARTESIAN_POINT('',(-16.688938143168,-6.350000000003,-0.11579163553201));
#14266=CARTESIAN_POINT('',(-13.556165459123,-6.350000000003,-0.14953244331101));
#14267=CARTESIAN_POINT('',(-10.557732044515,-6.350000000003,-0.18182638088101));
#14268=CARTESIAN_POINT('',(-7.2722730106624,-6.350000000003,-0.21721166187901));
#14269=CARTESIAN_POINT('',(-4.0226430482156,-6.350000000003,-0.25221105410201));
#14270=CARTESIAN_POINT('',(-0.48935757253636,-6.350000000002,-0.29026549280101));
#14271=CARTESIAN_POINT('',(3.0429749334417,-6.350000000002,-0.32830966775901));
#14272=CARTESIAN_POINT('',(6.3735857431109,-6.350000000002,-0.36418124557501));
#14273=CARTESIAN_POINT('',(8.7886710734634,-6.350000000002,-0.39019236675201));
#14274=CARTESIAN_POINT('',(10.066217263752,-6.350000000002,-0.40395188420801));
#14275=CARTESIAN_POINT('',(10.535394334657,-6.350000000002,-0.40900504795801));
#14276=CARTESIAN_POINT('',(10.708590830738,-6.350000000002,-0.41087042099101));
#14277=CARTESIAN_POINT('',(11.021815521412,-6.350000000002,-0.41424393549201));
#14278=CARTESIAN_POINT('',(11.635735915132,-6.350000000002,-0.42085602391501));
#14279=CARTESIAN_POINT('',(12.729934167885,-6.350000000002,-0.43264083457401));
#14280=CARTESIAN_POINT('',(14.164328978866,-6.350000000002,-0.44808965403101));
#14281=CARTESIAN_POINT('',(15.637296571872,-6.350000000001,-0.46395391276701));
#14282=CARTESIAN_POINT('',(16.738628611265,-6.350000000001,-0.47581555623401));
#14283=CARTESIAN_POINT('',(17.621341676069,-6.350000000001,-0.48532261430901));
#14284=CARTESIAN_POINT('',(18.535396803383,-6.350000000001,-0.49516723486101));
#14285=CARTESIAN_POINT('',(19.667201863111,-6.350000000001,-0.50735708098701));
#14286=CARTESIAN_POINT('',(20.877620814146,-6.350000000001,-0.52039361995001));
#14287=CARTESIAN_POINT('',(21.954915484247,-6.350000000001,-0.53199637445901));
#14288=CARTESIAN_POINT('',(22.984761188825,-6.350000000001,-0.54308809079601));
#14289=CARTESIAN_POINT('',(23.971480707632,-6.350000000001,-0.55371532646601));
#14290=CARTESIAN_POINT('',(24.974552199683,-6.350000000001,-0.56451867730501));
#14291=CARTESIAN_POINT('',(25.849750152309,-6.350000000001,-0.57394479559201));
#14292=CARTESIAN_POINT('',(26.664066756167,-6.350000000001,-0.58271520531301));
#14293=CARTESIAN_POINT('',(27.441291243851,-6.350000000001,-0.59108612292701));
#14294=CARTESIAN_POINT('',(28.285834792525,-6.350000000001,-0.60018208500601));
#14295=CARTESIAN_POINT('',(29.136715416533,-6.350000000001,-0.60934629909801));
#14296=CARTESIAN_POINT('',(30.05484077662,-6.350000000001,-0.61923475715601));
#14297=CARTESIAN_POINT('',(30.969686945587,-6.35,-0.62908789744001));
#14298=CARTESIAN_POINT('',(31.841242649277,-6.35,-0.63847478772301));
#14299=CARTESIAN_POINT('',(32.49281708562,-6.35,-0.64549242035301));
#14300=CARTESIAN_POINT('',(32.878710650443,-6.35,-0.64964859825301));
#14301=CARTESIAN_POINT('',(33.079641320821,-6.35,-0.65181267583201));
#14302=CARTESIAN_POINT('',(33.253375043133,-6.35,-0.65368383493601));
#14303=CARTESIAN_POINT('',(33.530718655408,-6.35,-0.65667090053401));
#14304=CARTESIAN_POINT('',(33.893941546643,-6.35,-0.66058290915701));
#14305=CARTESIAN_POINT('',(34.292910294387,-6.35,-0.66487991030701));
#14306=CARTESIAN_POINT('',(34.644375820991,-6.35,-0.66866528893901));
#14307=CARTESIAN_POINT('',(34.982939160643,-6.35,-0.67231170753201));
#14308=CARTESIAN_POINT('',(35.307670008321,-6.35,-0.67580914645201));
#14309=CARTESIAN_POINT('',(35.638465012825,-6.35,-0.67937189797801));
#14310=CARTESIAN_POINT('',(35.924107366168,-6.35,-0.68244834325801));
#14311=CARTESIAN_POINT('',(36.191760037717,-6.35,-0.68533103480701));
#14312=CARTESIAN_POINT('',(36.447479917659,-6.35,-0.68808520697001));
#14313=CARTESIAN_POINT('',(36.7261946594,-6.35,-0.69108703999301));
#14314=CARTESIAN_POINT('',(37.005128191249,-6.35,-0.69409122948501));
#14315=CARTESIAN_POINT('',(37.30693666728,-6.35,-0.69734178812401));
#14316=CARTESIAN_POINT('',(37.608028405185,-6.35,-0.70058462796201));
#14317=CARTESIAN_POINT('',(37.893802127178,-6.35,-0.70366248603401));
#14318=CARTESIAN_POINT('',(38.106291831854,-6.35,-0.70595106162001));
#14319=CARTESIAN_POINT('',(38.2302100814,-6.35,-0.70728569168701));
#14320=CARTESIAN_POINT('',(38.294992064515,-6.35,-0.70798341232301));
#14321=CARTESIAN_POINT('',(38.351892818005,-6.35,-0.70859624312501));
#14322=CARTESIAN_POINT('',(38.44466983917,-6.35,-0.70959556125001));
#14323=CARTESIAN_POINT('',(38.581614043205,-6.35,-0.71106923054801));
#14324=CARTESIAN_POINT('',(38.758258570093,-6.35,-0.71298137416601));
#14325=CARTESIAN_POINT('',(38.9717766632,-6.35,-0.71523286364901));
#14326=CARTESIAN_POINT('',(39.232338288018,-6.35,-0.71830653034801));
#14327=CARTESIAN_POINT('',(39.545455728248,-6.35,-0.71971570690301));
#14328=CARTESIAN_POINT('',(40.090207180722,-6.35,-0.74290155156401));
#14329=CARTESIAN_POINT('',(40.527081069023,-6.35,-0.81931972649501));
#14330=CARTESIAN_POINT('',(40.836729566622,-6.35,-0.89922207512901));
#14331=B_SPLINE_SURFACE_WITH_KNOTS('',1,3,((#14193,#14194,#14195,#14196,#14197,#14198,#14199,#14200,#14201,#14202,#14203,#14204,#14205,#14206,#14207,#14208,#14209,#14210,#14211,#14212,#14213,#14214,#14215,#14216,#14217,#14218,#14219,#14220,#14221,#14222,#14223,#14224,#14225,#14226,#14227,#14228,#14229,#14230,#14231,#14232,#14233,#14234,#14235,#14236,#14237,#14238,#14239,#14240,#14241,#14242,#14243,#14244,#14245,#14246,#14247,#14248,#14249,#14250,#14251,#14252,#14253,#14254,#14255,#14256,#14257,#14258,#14259,#14260,#14261),(#14262,#14263,#14264,#14265,#14266,#14267,#14268,#14269,#14270,#14271,#14272,#14273,#14274,#14275,#14276,#14277,#14278,#14279,#14280,#14281,#14282,#14283,#14284,#14285,#14286,#14287,#14288,#14289,#14290,#14291,#14292,#14293,#14294,#14295,#14296,#14297,#14298,#14299,#14300,#14301,#14302,#14303,#14304,#14305,#14306,#14307,#14308,#14309,#14310,#14311,#14312,#14313,#14314,#14315,#14316,#14317,#14318,#14319,#14320,#14321,#14322,#14323,#14324,#14325,#14326,#14327,#14328,#14329,#14330)),.UNSPECIFIED.,.F.,.F.,.U.,(2,2),(4,1,1,1,1,1,1,1,1,1,1,1,1,1,1,1,1,1,1,1,1,1,1,1,1,1,1,1,1,1,1,1,1,1,1,1,1,1,1,1,1,1,1,1,1,1,1,1,1,1,1,1,1,1,1,1,1,1,1,1,1,1,1,1,1,1,4),(0.,1.),(0.,16.759262459906,21.486911111279,25.133066386604,29.639288786804,33.814617336602,38.640844677539,42.999760065863,48.341304886892,53.163614205018,56.693174571063,58.270644093367,58.416095065996,58.622140900482,58.982721110831,59.703881531531,61.14620237293,63.4813884971,65.601227043609,67.202135340302,68.009385607865,69.230397960373,70.960165459758,72.662668956657,74.206893074528,75.389335754619,76.896758412035,78.263674290809,79.513346185117,80.495031829217,81.611641205081,82.708813227547,83.967273270971,85.109936786528,86.483577630193,87.728555665117,88.693235525712,89.162449268972,89.315111657393,89.519338337935,89.876735028883,90.455377290419,91.012686522903,91.517048097469,91.900386453936,92.404649862682,92.852140773853,93.260411197677,93.57903479328,93.952563244203,94.311773399202,94.724937663779,95.099365644557,95.552623441082,95.962840922274,96.274290678442,96.426249869721,96.47231622169,96.540634182535,96.660190614015,96.853758169744,97.103662077363,97.386459817982,97.731532645066,98.175374907925,98.67054228498,100.),.UNSPECIFIED.);
#14332=CARTESIAN_POINT('',(40.836729566622,-6.35,-0.89922207512901));
#14333=VERTEX_POINT('',#14332);
#14334=CARTESIAN_POINT('',(39.506075545143,-6.350000000002,-0.72102710781801));
#14335=CARTESIAN_POINT('',(40.182358668461,-6.350000000002,-0.72831085967901));
#14336=CARTESIAN_POINT('',(40.836729566622,-6.350000000002,-0.89922207513001));
#14337=(BOUNDED_CURVE()B_SPLINE_CURVE(2,(#14334,#14335,#14336),.UNSPECIFIED.,.F.,.U.)B_SPLINE_CURVE_WITH_KNOTS((3,3),(0.,0.95774338193807),.UNSPECIFIED.)CURVE()GEOMETRIC_REPRESENTATION_ITEM()RATIONAL_B_SPLINE_CURVE((0.99934052832275,0.99219682374626,1.))REPRESENTATION_ITEM(''));
#14338=EDGE_CURVE('',#14174,#14333,#14337,.T.);
#14339=ORIENTED_EDGE('',*,*,#14338,.T.);
#14340=CARTESIAN_POINT('',(40.836729566622,-6.35,-0.89922207512901));
#14341=DIRECTION('',(0.17870244787277,-0.70710678118918,0.68415307871891));
#14342=VECTOR('',#14341,0.14142135623678);
#14343=LINE('',#14340,#14342);
#14344=EDGE_CURVE('',#14333,#13472,#14343,.T.);
#14345=ORIENTED_EDGE('',*,*,#14344,.T.);
#14346=ORIENTED_EDGE('',*,*,#13479,.F.);
#14347=ORIENTED_EDGE('',*,*,#14187,.F.);
#14348=EDGE_LOOP('',(#14339,#14345,#14346,#14347));
#14349=FACE_OUTER_BOUND('',#14348,.T.);
#14350=ADVANCED_FACE('',(#14349),#14331,.T.);
#14351=CARTESIAN_POINT('',(37.72843666168,5.9499999986254,-12.8));
#14352=DIRECTION('',(-1.,2.6103904711003E-23,6.9817559936866E-08));
#14353=DIRECTION('',(-0.,-1.,3.7388738212289E-16));
#14354=AXIS2_PLACEMENT_3D('',#14351,#14353,#14352);
#14355=CONICAL_SURFACE('',#14354,0.,0.78539816345227);
#14356=ORIENTED_EDGE('',*,*,#13486,.F.);
#14357=ORIENTED_EDGE('',*,*,#14344,.F.);
#14358=CARTESIAN_POINT('',(37.72843666168,-6.35,-12.8));
#14359=DIRECTION('',(0.25270674023918,-1.4441925523579E-16,0.96754292072119));
#14360=DIRECTION('',(2.3974546687028E-16,1.,1.8517025716733E-16));
#14361=AXIS2_PLACEMENT_3D('',#14358,#14360,#14359);
#14362=CIRCLE('',#14361,12.3);
#14363=EDGE_CURVE('',#14333,#13774,#14362,.T.);
#14364=ORIENTED_EDGE('',*,*,#14363,.T.);
#14365=ORIENTED_EDGE('',*,*,#13779,.F.);
#14366=EDGE_LOOP('',(#14356,#14357,#14364,#14365));
#14367=FACE_OUTER_BOUND('',#14366,.T.);
#14368=ADVANCED_FACE('',(#14367),#14355,.F.);
#14369=CARTESIAN_POINT('',(37.72843666168,-6.45,-12.8));
#14370=DIRECTION('',(0.25270674286945,-7.2801509811486E-17,-0.9675429200342));
#14371=DIRECTION('',(0.,1.,0.));
#14372=AXIS2_PLACEMENT_3D('',#14369,#14371,#14370);
#14373=CYLINDRICAL_SURFACE('',#14372,12.2);
#14374=ORIENTED_EDGE('',*,*,#13507,.F.);
#14375=ORIENTED_EDGE('',*,*,#13630,.F.);
#14376=CARTESIAN_POINT('',(40.811458892598,-5.0499999999999,-0.995976367202));
#14377=VERTEX_POINT('',#14376);
#14378=CARTESIAN_POINT('',(37.72843666168,-5.0499999999999,-12.8));
#14379=DIRECTION('',(0.25270674023917,4.368090588689E-16,-0.96754292072119));
#14380=DIRECTION('',(2.3306064213446E-17,-1.,-4.6946291873914E-16));
#14381=AXIS2_PLACEMENT_3D('',#14378,#14380,#14379);
#14382=CIRCLE('',#14381,12.2);
#14383=EDGE_CURVE('',#13618,#14377,#14382,.T.);
#14384=ORIENTED_EDGE('',*,*,#14383,.T.);
#14385=CARTESIAN_POINT('',(40.811458892598,-5.0499999999999,-0.995976367202));
#14386=DIRECTION('',(0.,-1.,0.));
#14387=VECTOR('',#14386,1.4000000000001);
#14388=LINE('',#14385,#14387);
#14389=EDGE_CURVE('',#14377,#13501,#14388,.T.);
#14390=ORIENTED_EDGE('',*,*,#14389,.T.);
#14391=EDGE_LOOP('',(#14374,#14375,#14384,#14390));
#14392=FACE_OUTER_BOUND('',#14391,.T.);
#14393=ADVANCED_FACE('',(#14392),#14373,.T.);
#14394=CARTESIAN_POINT('',(39.446842495306,-6.45,-6.2207081390959));
#14395=DIRECTION('',(0.25270674054122,3.2895497025931E-16,0.9675429206423));
#14396=DIRECTION('',(0.,1.,-6.3441315692865E-16));
#14397=AXIS2_PLACEMENT_3D('',#14394,#14396,#14395);
#14398=CYLINDRICAL_SURFACE('',#14397,5.3999999999999);
#14399=ORIENTED_EDGE('',*,*,#13516,.F.);
#14400=ORIENTED_EDGE('',*,*,#14389,.F.);
#14401=CARTESIAN_POINT('',(39.446842495306,-5.05,-0.820708139096));
#14402=VERTEX_POINT('',#14401);
#14403=CARTESIAN_POINT('',(39.446842495307,-5.049999999994,-6.2207081390919));
#14404=DIRECTION('',(0.25270674023929,-1.0962424383901E-12,0.96754292072116));
#14405=DIRECTION('',(-1.4082183873489E-13,-1.,-1.0964211386828E-12));
#14406=AXIS2_PLACEMENT_3D('',#14403,#14405,#14404);
#14407=CIRCLE('',#14406,5.3999999999954);
#14408=EDGE_CURVE('',#14377,#14402,#14407,.T.);
#14409=ORIENTED_EDGE('',*,*,#14408,.T.);
#14410=CARTESIAN_POINT('',(39.446842495306,-5.05,-0.820708139096));
#14411=DIRECTION('',(0.,-1.,0.));
#14412=VECTOR('',#14411,1.4);
#14413=LINE('',#14410,#14412);
#14414=EDGE_CURVE('',#14402,#13510,#14413,.T.);
#14415=ORIENTED_EDGE('',*,*,#14414,.T.);
#14416=EDGE_LOOP('',(#14399,#14400,#14409,#14415));
#14417=FACE_OUTER_BOUND('',#14416,.T.);
#14418=ADVANCED_FACE('',(#14417),#14398,.T.);
#14419=CARTESIAN_POINT('',(-1.4117976914356E-14,-5.7,-0.820708139096));
#14420=DIRECTION('',(1.,-1.2383706779401E-16,0.));
#14421=DIRECTION('',(-0.,0.,1.));
#14422=AXIS2_PLACEMENT_3D('',#14419,#14421,#14420);
#14423=PLANE('',#14422);
#14424=ORIENTED_EDGE('',*,*,#13524,.F.);
#14425=ORIENTED_EDGE('',*,*,#14414,.F.);
#14426=CARTESIAN_POINT('',(-39.446842495306,-5.05,-0.820708139096));
#14427=VERTEX_POINT('',#14426);
#14428=CARTESIAN_POINT('',(39.446842495306,-5.05,-0.820708139096));
#14429=DIRECTION('',(-1.,0.,0.));
#14430=VECTOR('',#14429,78.893684990612);
#14431=LINE('',#14428,#14430);
#14432=EDGE_CURVE('',#14402,#14427,#14431,.T.);
#14433=ORIENTED_EDGE('',*,*,#14432,.T.);
#14434=CARTESIAN_POINT('',(-39.446842495306,-5.05,-0.820708139096));
#14435=DIRECTION('',(0.,-1.,0.));
#14436=VECTOR('',#14435,1.4);
#14437=LINE('',#14434,#14436);
#14438=EDGE_CURVE('',#14427,#13519,#14437,.T.);
#14439=ORIENTED_EDGE('',*,*,#14438,.T.);
#14440=EDGE_LOOP('',(#14424,#14425,#14433,#14439));
#14441=FACE_OUTER_BOUND('',#14440,.T.);
#14442=ADVANCED_FACE('',(#14441),#14423,.T.);
#14443=CARTESIAN_POINT('',(-39.446842495306,-6.45,-6.2207081390962));
#14444=DIRECTION('',(3.1205457970726E-10,1.1513423959076E-15,1.));
#14445=DIRECTION('',(0.,1.,-1.2688263138573E-15));
#14446=AXIS2_PLACEMENT_3D('',#14443,#14445,#14444);
#14447=CYLINDRICAL_SURFACE('',#14446,5.4000000000001);
#14448=ORIENTED_EDGE('',*,*,#13533,.F.);
#14449=ORIENTED_EDGE('',*,*,#14438,.F.);
#14450=CARTESIAN_POINT('',(-40.811458892598,-5.05,-0.995976367202));
#14451=VERTEX_POINT('',#14450);
#14452=CARTESIAN_POINT('',(-39.446842495306,-5.0499999999974,-6.2207081390956));
#14453=DIRECTION('',(1.3158198810373E-15,-4.8652440101354E-13,1.));
#14454=DIRECTION('',(6.2494839404406E-14,-1.,-4.8657696559781E-13));
#14455=AXIS2_PLACEMENT_3D('',#14452,#14454,#14453);
#14456=CIRCLE('',#14455,5.3999999999996);
#14457=EDGE_CURVE('',#14427,#14451,#14456,.T.);
#14458=ORIENTED_EDGE('',*,*,#14457,.T.);
#14459=CARTESIAN_POINT('',(-40.811458892598,-5.05,-0.995976367202));
#14460=DIRECTION('',(0.,-1.,0.));
#14461=VECTOR('',#14460,1.4);
#14462=LINE('',#14459,#14461);
#14463=EDGE_CURVE('',#14451,#13527,#14462,.T.);
#14464=ORIENTED_EDGE('',*,*,#14463,.T.);
#14465=EDGE_LOOP('',(#14448,#14449,#14458,#14464));
#14466=FACE_OUTER_BOUND('',#14465,.T.);
#14467=ADVANCED_FACE('',(#14466),#14447,.T.);
#14468=CARTESIAN_POINT('',(-37.72843666168,-6.45,-12.8));
#14469=DIRECTION('',(-0.25270674286947,0.,0.9675429200342));
#14470=DIRECTION('',(0.,1.,0.));
#14471=AXIS2_PLACEMENT_3D('',#14468,#14470,#14469);
#14472=CYLINDRICAL_SURFACE('',#14471,12.2);
#14473=ORIENTED_EDGE('',*,*,#13542,.F.);
#14474=ORIENTED_EDGE('',*,*,#14463,.F.);
#14475=CARTESIAN_POINT('',(-37.72843666168,-5.05,-12.8));
#14476=DIRECTION('',(-0.25270674023919,-3.6400754905744E-16,0.96754292072119));
#14477=DIRECTION('',(-1.8387444462762E-16,-1.,-3.0944459345874E-16));
#14478=AXIS2_PLACEMENT_3D('',#14475,#14477,#14476);
#14479=CIRCLE('',#14478,12.2);
#14480=EDGE_CURVE('',#14451,#13561,#14479,.T.);
#14481=ORIENTED_EDGE('',*,*,#14480,.T.);
#14482=ORIENTED_EDGE('',*,*,#13566,.F.);
#14483=EDGE_LOOP('',(#14473,#14474,#14481,#14482));
#14484=FACE_OUTER_BOUND('',#14483,.T.);
#14485=ADVANCED_FACE('',(#14484),#14472,.T.);
#14486=CARTESIAN_POINT('',(-39.446842495306,0.35000000000023,-19.379291860903));
#14487=DIRECTION('',(0.12739132553959,-1.7854561789592E-14,0.99185253449153));
#14488=DIRECTION('',(-0.,-1.,-1.8001226158831E-14));
#14489=AXIS2_PLACEMENT_3D('',#14486,#14488,#14487);
#14490=CONICAL_SURFACE('',#14489,0.,0.78539816339755);
#14491=ORIENTED_EDGE('',*,*,#13573,.F.);
#14492=CARTESIAN_POINT('',(-40.786189052942,-4.95,-24.507269122811));
#14493=VERTEX_POINT('',#14492);
#14494=CARTESIAN_POINT('',(-40.811458892598,-5.0499999999999,-24.604023632799));
#14495=DIRECTION('',(0.17868474980593,0.70710678119932,0.684157701242));
#14496=VECTOR('',#14495,0.14142135623461);
#14497=LINE('',#14494,#14496);
#14498=EDGE_CURVE('',#13561,#14493,#14497,.T.);
#14499=ORIENTED_EDGE('',*,*,#14498,.T.);
#14500=CARTESIAN_POINT('',(-39.446842495306,-4.95,-19.379291860904));
#14501=DIRECTION('',(-0.25270689766678,2.0109700068678E-15,-0.9675428796036));
#14502=DIRECTION('',(-2.6611840749308E-16,-1.,-2.0719631423946E-15));
#14503=AXIS2_PLACEMENT_3D('',#14500,#14502,#14501);
#14504=CIRCLE('',#14503,5.300000000001);
#14505=EDGE_CURVE('',#14493,#13586,#14504,.T.);
#14506=ORIENTED_EDGE('',*,*,#14505,.T.);
#14507=ORIENTED_EDGE('',*,*,#13591,.F.);
#14508=EDGE_LOOP('',(#14491,#14499,#14506,#14507));
#14509=FACE_OUTER_BOUND('',#14508,.T.);
#14510=ADVANCED_FACE('',(#14509),#14490,.T.);
#14511=CARTESIAN_POINT('',(-2.1811744990253E-14,-4.95,-14.675));
#14512=DIRECTION('',(-1.,1.9528818545283E-16,3.5506942809605E-17));
#14513=DIRECTION('',(-1.9528818545283E-16,-1.,-3.6917334396905E-15));
#14514=AXIS2_PLACEMENT_3D('',#14511,#14513,#14512);
#14515=PLANE('',#14514);
#14516=CARTESIAN_POINT('',(39.506075545143,-4.95,-24.878972892183));
#14517=VERTEX_POINT('',#14516);
#14518=CARTESIAN_POINT('',(40.836729566622,-4.95,-24.700777924871));
#14519=VERTEX_POINT('',#14518);
#14520=CARTESIAN_POINT('',(39.446842495306,-4.9500000000001,-19.379291860904));
#14521=DIRECTION('',(0.010769645424903,4.2632564145603E-14,-0.99994200568704));
#14522=DIRECTION('',(4.3780304807558E-15,-1.,-4.2661141442073E-14));
#14523=AXIS2_PLACEMENT_3D('',#14520,#14522,#14521);
#14524=CIRCLE('',#14523,5.5000000000004);
#14525=EDGE_CURVE('',#14517,#14519,#14524,.T.);
#14526=ORIENTED_EDGE('',*,*,#14525,.T.);
#14527=CARTESIAN_POINT('',(40.836729566622,-4.95,-0.89922207513001));
#14528=VERTEX_POINT('',#14527);
#14529=CARTESIAN_POINT('',(37.72843666168,-4.95,-12.8));
#14530=DIRECTION('',(0.25270674023918,2.166288828537E-15,-0.96754292072119));
#14531=DIRECTION('',(3.6646115534672E-16,-1.,-2.0742077392169E-15));
#14532=AXIS2_PLACEMENT_3D('',#14529,#14531,#14530);
#14533=CIRCLE('',#14532,12.299999999999);
#14534=EDGE_CURVE('',#14519,#14528,#14533,.T.);
#14535=ORIENTED_EDGE('',*,*,#14534,.T.);
#14536=CARTESIAN_POINT('',(39.506075545143,-4.95,-0.72102710781801));
#14537=VERTEX_POINT('',#14536);
#14538=CARTESIAN_POINT('',(39.446842495306,-4.9499999999999,-6.2207081390961));
#14539=DIRECTION('',(0.25270674023929,-1.8248029350205E-14,0.96754292072116));
#14540=DIRECTION('',(-2.419141472047E-15,-1.,-1.8064709553013E-14));
#14541=AXIS2_PLACEMENT_3D('',#14538,#14540,#14539);
#14542=CIRCLE('',#14541,5.4999999999994);
#14543=EDGE_CURVE('',#14528,#14537,#14542,.T.);
#14544=ORIENTED_EDGE('',*,*,#14543,.T.);
#14545=CARTESIAN_POINT('',(-39.506075545143,-4.95,-0.72102710781701));
#14546=VERTEX_POINT('',#14545);
#14547=CARTESIAN_POINT('',(39.506075545143,-4.95,-0.72102710781801));
#14548=DIRECTION('',(-1.,0.,1.2657406320194E-14));
#14549=VECTOR('',#14548,79.012151090286);
#14550=LINE('',#14547,#14549);
#14551=EDGE_CURVE('',#14537,#14546,#14550,.T.);
#14552=ORIENTED_EDGE('',*,*,#14551,.T.);
#14553=CARTESIAN_POINT('',(-40.836729566622,-4.95,-0.89922207512901));
#14554=VERTEX_POINT('',#14553);
#14555=CARTESIAN_POINT('',(-39.446842495306,-4.95,-6.2207081390962));
#14556=DIRECTION('',(-0.010769645424906,-1.00121930948E-14,0.99994200568704));
#14557=DIRECTION('',(-1.0635728102548E-18,-1.,-9.9606718345333E-15));
#14558=AXIS2_PLACEMENT_3D('',#14555,#14557,#14556);
#14559=CIRCLE('',#14558,5.5000000000007);
#14560=EDGE_CURVE('',#14546,#14554,#14559,.T.);
#14561=ORIENTED_EDGE('',*,*,#14560,.T.);
#14562=CARTESIAN_POINT('',(-40.836729566622,-4.95,-24.700777924871));
#14563=VERTEX_POINT('',#14562);
#14564=CARTESIAN_POINT('',(-37.72843666168,-4.95,-12.8));
#14565=DIRECTION('',(-0.25270674023918,-1.8052406904474E-15,0.96754292072119));
#14566=DIRECTION('',(1.2857114987532E-16,-1.,-1.8158386065225E-15));
#14567=AXIS2_PLACEMENT_3D('',#14564,#14566,#14565);
#14568=CIRCLE('',#14567,12.3);
#14569=EDGE_CURVE('',#14554,#14563,#14568,.T.);
#14570=ORIENTED_EDGE('',*,*,#14569,.T.);
#14571=CARTESIAN_POINT('',(-39.506075545143,-4.95,-24.878972892183));
#14572=VERTEX_POINT('',#14571);
#14573=CARTESIAN_POINT('',(-39.446842495306,-4.9499999999999,-19.379291860904));
#14574=DIRECTION('',(-0.25270674023925,-1.0658141036401E-14,-0.96754292072117));
#14575=DIRECTION('',(1.411165858694E-15,-1.,1.0537747239259E-14));
#14576=AXIS2_PLACEMENT_3D('',#14573,#14575,#14574);
#14577=CIRCLE('',#14576,5.5000000000001);
#14578=EDGE_CURVE('',#14563,#14572,#14577,.T.);
#14579=ORIENTED_EDGE('',*,*,#14578,.T.);
#14580=CARTESIAN_POINT('',(-39.506075545143,-4.95,-24.878972892183));
#14581=DIRECTION('',(1.,0.,0.));
#14582=VECTOR('',#14581,79.012151090286);
#14583=LINE('',#14580,#14582);
#14584=EDGE_CURVE('',#14572,#14517,#14583,.T.);
#14585=ORIENTED_EDGE('',*,*,#14584,.T.);
#14586=EDGE_LOOP('',(#14526,#14535,#14544,#14552,#14561,#14570,#14579,#14585));
#14587=FACE_OUTER_BOUND('',#14586,.T.);
#14588=ORIENTED_EDGE('',*,*,#14505,.F.);
#14589=CARTESIAN_POINT('',(-40.786187508572,-4.95,-1.092730473825));
#14590=VERTEX_POINT('',#14589);
#14591=CARTESIAN_POINT('',(-37.72843666168,-4.95,-12.8));
#14592=DIRECTION('',(-0.25270680919504,5.1382222627246E-16,-0.96754290271102));
#14593=DIRECTION('',(1.3171733836947E-16,1.,4.0519561765923E-16));
#14594=AXIS2_PLACEMENT_3D('',#14591,#14593,#14592);
#14595=CIRCLE('',#14594,12.100000000008);
#14596=EDGE_CURVE('',#14493,#14590,#14595,.T.);
#14597=ORIENTED_EDGE('',*,*,#14596,.T.);
#14598=CARTESIAN_POINT('',(-39.446842495306,-4.95,-0.920708139096));
#14599=VERTEX_POINT('',#14598);
#14600=CARTESIAN_POINT('',(-39.446842495306,-4.95,-6.2207081390958));
#14601=DIRECTION('',(-0.25270660627626,4.5246825154473E-15,0.96754295571015));
#14602=DIRECTION('',(1.2255607994871E-15,1.,-4.3789100217794E-15));
#14603=AXIS2_PLACEMENT_3D('',#14600,#14602,#14601);
#14604=CIRCLE('',#14603,5.3000000000073);
#14605=EDGE_CURVE('',#14590,#14599,#14604,.T.);
#14606=ORIENTED_EDGE('',*,*,#14605,.T.);
#14607=CARTESIAN_POINT('',(39.446842495306,-4.95,-0.920708139096));
#14608=VERTEX_POINT('',#14607);
#14609=CARTESIAN_POINT('',(-39.446842495306,-4.95,-0.920708139096));
#14610=DIRECTION('',(1.,0.,0.));
#14611=VECTOR('',#14610,78.893684990612);
#14612=LINE('',#14609,#14611);
#14613=EDGE_CURVE('',#14599,#14608,#14612,.T.);
#14614=ORIENTED_EDGE('',*,*,#14613,.T.);
#14615=CARTESIAN_POINT('',(40.786188220372,-4.95,-1.092730652605));
#14616=VERTEX_POINT('',#14615);
#14617=CARTESIAN_POINT('',(39.446842495306,-4.95,-6.2207081390962));
#14618=DIRECTION('',(1.3406466712454E-15,-3.5191975120193E-15,1.));
#14619=DIRECTION('',(4.4011918575004E-16,1.,3.4267126683724E-15));
#14620=AXIS2_PLACEMENT_3D('',#14617,#14619,#14618);
#14621=CIRCLE('',#14620,5.3000000000002);
#14622=EDGE_CURVE('',#14608,#14616,#14621,.T.);
#14623=ORIENTED_EDGE('',*,*,#14622,.T.);
#14624=CARTESIAN_POINT('',(40.786188344628,-4.95,-24.507269314942));
#14625=VERTEX_POINT('',#14624);
#14626=CARTESIAN_POINT('',(37.72843666168,-4.95,-12.8));
#14627=DIRECTION('',(0.25270674024353,-5.8722540111945E-16,0.96754292072005));
#14628=DIRECTION('',(2.709791397717E-16,1.,5.1275615514565E-16));
#14629=AXIS2_PLACEMENT_3D('',#14626,#14628,#14627);
#14630=CIRCLE('',#14629,12.100000006907);
#14631=EDGE_CURVE('',#14616,#14625,#14630,.T.);
#14632=ORIENTED_EDGE('',*,*,#14631,.T.);
#14633=CARTESIAN_POINT('',(39.446842495306,-4.95,-19.379291860903));
#14634=DIRECTION('',(0.25270676369363,-9.7196883538605E-15,-0.96754291459526));
#14635=DIRECTION('',(1.8806214717837E-15,1.,-9.4791286011909E-15));
#14636=AXIS2_PLACEMENT_3D('',#14633,#14635,#14634);
#14637=CIRCLE('',#14636,5.3000000069083);
#14638=EDGE_CURVE('',#14625,#13594,#14637,.T.);
#14639=ORIENTED_EDGE('',*,*,#14638,.T.);
#14640=ORIENTED_EDGE('',*,*,#13599,.F.);
#14641=EDGE_LOOP('',(#14588,#14597,#14606,#14614,#14623,#14632,#14639,#14640));
#14642=FACE_BOUND('',#14641,.T.);
#14643=ADVANCED_FACE('',(#14587,#14642),#14515,.T.);
#14644=CARTESIAN_POINT('',(39.446842495306,0.34999999998764,-19.379291860903));
#14645=DIRECTION('',(-0.12739129749564,2.5944910108685E-14,0.99185253809343));
#14646=DIRECTION('',(-0.,-1.,2.6158031675311E-14));
#14647=AXIS2_PLACEMENT_3D('',#14644,#14646,#14645);
#14648=CONICAL_SURFACE('',#14647,0.,0.78539816339869);
#14649=ORIENTED_EDGE('',*,*,#13624,.F.);
#14650=ORIENTED_EDGE('',*,*,#13605,.F.);
#14651=ORIENTED_EDGE('',*,*,#14638,.F.);
#14652=CARTESIAN_POINT('',(40.786188344628,-4.95,-24.507269314942));
#14653=DIRECTION('',(0.17868976450955,-0.70710680560512,-0.68415636628365));
#14654=VECTOR('',#14653,0.14142135135359);
#14655=LINE('',#14652,#14654);
#14656=EDGE_CURVE('',#14625,#13618,#14655,.T.);
#14657=ORIENTED_EDGE('',*,*,#14656,.T.);
#14658=EDGE_LOOP('',(#14649,#14650,#14651,#14657));
#14659=FACE_OUTER_BOUND('',#14658,.T.);
#14660=ADVANCED_FACE('',(#14659),#14648,.T.);
#14661=CARTESIAN_POINT('',(39.446842495306,-6.3500000000021,-19.379291860907));
#14662=DIRECTION('',(0.25273149412766,8.7202972116063E-15,-0.96753645506306));
#14663=DIRECTION('',(5.0753052554217E-15,1.,7.6129578831326E-15));
#14664=AXIS2_PLACEMENT_3D('',#14661,#14663,#14662);
#14665=CYLINDRICAL_SURFACE('',#14664,5.4999999999968);
#14666=ORIENTED_EDGE('',*,*,#14525,.F.);
#14667=CARTESIAN_POINT('',(39.506075545143,-4.95,-24.878972892183));
#14668=DIRECTION('',(2.8759993415153E-08,-0.99999999351148,-0.00011391681570612));
#14669=VECTOR('',#14668,1.4000002634369);
#14670=LINE('',#14667,#14669);
#14671=EDGE_CURVE('',#14517,#13782,#14670,.T.);
#14672=ORIENTED_EDGE('',*,*,#14671,.T.);
#14673=ORIENTED_EDGE('',*,*,#13787,.F.);
#14674=CARTESIAN_POINT('',(40.836729566622,-6.350000000002,-24.700777924871));
#14675=DIRECTION('',(0.,1.,0.));
#14676=VECTOR('',#14675,1.400000000002);
#14677=LINE('',#14674,#14676);
#14678=EDGE_CURVE('',#13774,#14519,#14677,.T.);
#14679=ORIENTED_EDGE('',*,*,#14678,.T.);
#14680=EDGE_LOOP('',(#14666,#14672,#14673,#14679));
#14681=FACE_OUTER_BOUND('',#14680,.T.);
#14682=ADVANCED_FACE('',(#14681),#14665,.F.);
#14683=CARTESIAN_POINT('',(-1.410968539303E-14,-5.7,-24.879291860904));
#14684=DIRECTION('',(1.,-1.3489242956264E-16,0.));
#14685=DIRECTION('',(-6.3897890623175E-31,-4.736951571734E-15,1.));
#14686=AXIS2_PLACEMENT_3D('',#14683,#14685,#14684);
#14687=PLANE('',#14686);
#14688=ORIENTED_EDGE('',*,*,#14671,.F.);
#14689=ORIENTED_EDGE('',*,*,#14584,.F.);
#14690=CARTESIAN_POINT('',(-39.506075545143,-4.95,-24.878972892183));
#14691=DIRECTION('',(-2.8710712210396E-08,-0.99999999351148,-0.00011391681642174));
#14692=VECTOR('',#14691,1.4000002634369);
#14693=LINE('',#14690,#14692);
#14694=EDGE_CURVE('',#14572,#13808,#14693,.T.);
#14695=ORIENTED_EDGE('',*,*,#14694,.T.);
#14696=ORIENTED_EDGE('',*,*,#13813,.F.);
#14697=EDGE_LOOP('',(#14688,#14689,#14695,#14696));
#14698=FACE_OUTER_BOUND('',#14697,.T.);
#14699=ADVANCED_FACE('',(#14698),#14687,.T.);
#14700=CARTESIAN_POINT('',(-39.446842495306,-6.35,-19.379291860902));
#14701=DIRECTION('',(-0.010769531405533,1.6148698539998E-16,-0.99994200691505));
#14702=DIRECTION('',(5.0753052554292E-15,1.,0.));
#14703=AXIS2_PLACEMENT_3D('',#14700,#14702,#14701);
#14704=CYLINDRICAL_SURFACE('',#14703,5.5000000000013);
#14705=ORIENTED_EDGE('',*,*,#14694,.F.);
#14706=ORIENTED_EDGE('',*,*,#14578,.F.);
#14707=CARTESIAN_POINT('',(-40.836729566622,-4.95,-24.700777924871));
#14708=DIRECTION('',(0.,-1.,0.));
#14709=VECTOR('',#14708,1.4);
#14710=LINE('',#14707,#14709);
#14711=EDGE_CURVE('',#14563,#13967,#14710,.T.);
#14712=ORIENTED_EDGE('',*,*,#14711,.T.);
#14713=ORIENTED_EDGE('',*,*,#13972,.F.);
#14714=EDGE_LOOP('',(#14705,#14706,#14712,#14713));
#14715=FACE_OUTER_BOUND('',#14714,.T.);
#14716=ADVANCED_FACE('',(#14715),#14704,.F.);
#14717=CARTESIAN_POINT('',(-37.72843666168,-6.35,-12.8));
#14718=DIRECTION('',(-0.25270674023918,0.,-0.96754292072119));
#14719=DIRECTION('',(0.,1.,0.));
#14720=AXIS2_PLACEMENT_3D('',#14717,#14719,#14718);
#14721=CYLINDRICAL_SURFACE('',#14720,12.3);
#14722=ORIENTED_EDGE('',*,*,#14569,.F.);
#14723=CARTESIAN_POINT('',(-40.836729566622,-4.95,-0.89922207512901));
#14724=DIRECTION('',(0.,-1.,0.));
#14725=VECTOR('',#14724,1.400000000004);
#14726=LINE('',#14723,#14725);
#14727=EDGE_CURVE('',#14554,#13990,#14726,.T.);
#14728=ORIENTED_EDGE('',*,*,#14727,.T.);
#14729=ORIENTED_EDGE('',*,*,#14004,.F.);
#14730=ORIENTED_EDGE('',*,*,#14711,.F.);
#14731=EDGE_LOOP('',(#14722,#14728,#14729,#14730));
#14732=FACE_OUTER_BOUND('',#14731,.T.);
#14733=ADVANCED_FACE('',(#14732),#14721,.F.);
#14734=CARTESIAN_POINT('',(-39.446842495306,-6.350000000004,-6.2207081390951));
#14735=DIRECTION('',(-0.25273149412752,8.0743492700025E-16,0.9675364550631));
#14736=DIRECTION('',(0.,1.,-6.3441315692685E-16));
#14737=AXIS2_PLACEMENT_3D('',#14734,#14736,#14735);
#14738=CYLINDRICAL_SURFACE('',#14737,5.4999999999991);
#14739=ORIENTED_EDGE('',*,*,#14560,.F.);
#14740=CARTESIAN_POINT('',(-39.506075545143,-4.95,-0.72102710781701));
#14741=DIRECTION('',(-2.8759993415153E-08,-0.99999999351148,0.00011391681570715));
#14742=VECTOR('',#14741,1.4000002634369);
#14743=LINE('',#14740,#14742);
#14744=EDGE_CURVE('',#14546,#14147,#14743,.T.);
#14745=ORIENTED_EDGE('',*,*,#14744,.T.);
#14746=ORIENTED_EDGE('',*,*,#14162,.F.);
#14747=ORIENTED_EDGE('',*,*,#14727,.F.);
#14748=EDGE_LOOP('',(#14739,#14745,#14746,#14747));
#14749=FACE_OUTER_BOUND('',#14748,.T.);
#14750=ADVANCED_FACE('',(#14749),#14738,.F.);
#14751=CARTESIAN_POINT('',(7.2234582334683E-15,-5.7,-0.72070813909601));
#14752=DIRECTION('',(-1.,1.5737450115641E-16,0.));
#14753=DIRECTION('',(3.7273769530185E-31,2.368475785867E-15,-1.));
#14754=AXIS2_PLACEMENT_3D('',#14751,#14753,#14752);
#14755=PLANE('',#14754);
#14756=ORIENTED_EDGE('',*,*,#14551,.F.);
#14757=CARTESIAN_POINT('',(39.506075545143,-4.95,-0.72102710781801));
#14758=DIRECTION('',(2.870999659249E-08,-0.99999999351148,0.00011391681713585));
#14759=VECTOR('',#14758,1.4000002634369);
#14760=LINE('',#14757,#14759);
#14761=EDGE_CURVE('',#14537,#14174,#14760,.T.);
#14762=ORIENTED_EDGE('',*,*,#14761,.T.);
#14763=ORIENTED_EDGE('',*,*,#14179,.F.);
#14764=ORIENTED_EDGE('',*,*,#14744,.F.);
#14765=EDGE_LOOP('',(#14756,#14762,#14763,#14764));
#14766=FACE_OUTER_BOUND('',#14765,.T.);
#14767=ADVANCED_FACE('',(#14766),#14755,.T.);
#14768=CARTESIAN_POINT('',(39.446842495306,-6.350000254353,-6.2207081390968));
#14769=DIRECTION('',(0.010743815323115,-6.4594794160005E-16,0.99994228355056));
#14770=DIRECTION('',(0.,1.,6.3441304166805E-16));
#14771=AXIS2_PLACEMENT_3D('',#14768,#14770,#14769);
#14772=CYLINDRICAL_SURFACE('',#14771,5.5000000000004);
#14773=ORIENTED_EDGE('',*,*,#14543,.F.);
#14774=CARTESIAN_POINT('',(40.836729566622,-4.95,-0.89922207513001));
#14775=DIRECTION('',(0.,-1.,7.1426991305706E-13));
#14776=VECTOR('',#14775,1.4);
#14777=LINE('',#14774,#14776);
#14778=EDGE_CURVE('',#14528,#14333,#14777,.T.);
#14779=ORIENTED_EDGE('',*,*,#14778,.T.);
#14780=ORIENTED_EDGE('',*,*,#14338,.F.);
#14781=ORIENTED_EDGE('',*,*,#14761,.F.);
#14782=EDGE_LOOP('',(#14773,#14779,#14780,#14781));
#14783=FACE_OUTER_BOUND('',#14782,.T.);
#14784=ADVANCED_FACE('',(#14783),#14772,.F.);
#14785=CARTESIAN_POINT('',(37.72843666168,-6.35,-12.8));
#14786=DIRECTION('',(0.2527067402392,-7.2209627617896E-17,0.96754292072118));
#14787=DIRECTION('',(0.,1.,0.));
#14788=AXIS2_PLACEMENT_3D('',#14785,#14787,#14786);
#14789=CYLINDRICAL_SURFACE('',#14788,12.3);
#14790=ORIENTED_EDGE('',*,*,#14534,.F.);
#14791=ORIENTED_EDGE('',*,*,#14678,.F.);
#14792=ORIENTED_EDGE('',*,*,#14363,.F.);
#14793=ORIENTED_EDGE('',*,*,#14778,.F.);
#14794=EDGE_LOOP('',(#14790,#14791,#14792,#14793));
#14795=FACE_OUTER_BOUND('',#14794,.T.);
#14796=ADVANCED_FACE('',(#14795),#14789,.F.);
#14797=CARTESIAN_POINT('',(37.72843666168,7.1500016852434,-12.8));
#14798=DIRECTION('',(-1.,2.5334851088278E-16,-2.6424573251287E-09));
#14799=DIRECTION('',(-2.5334850845598E-16,-1.,-9.1838834315292E-16));
#14800=AXIS2_PLACEMENT_3D('',#14797,#14799,#14798);
#14801=CONICAL_SURFACE('',#14800,0.,0.78539809433008);
#14802=ORIENTED_EDGE('',*,*,#14383,.F.);
#14803=ORIENTED_EDGE('',*,*,#14656,.F.);
#14804=ORIENTED_EDGE('',*,*,#14631,.F.);
#14805=CARTESIAN_POINT('',(40.786188220372,-4.95,-1.092730652605));
#14806=DIRECTION('',(0.17869064313265,-0.70710680560614,0.68415613680089));
#14807=VECTOR('',#14806,0.14142135135325);
#14808=LINE('',#14805,#14807);
#14809=EDGE_CURVE('',#14616,#14377,#14808,.T.);
#14810=ORIENTED_EDGE('',*,*,#14809,.T.);
#14811=EDGE_LOOP('',(#14802,#14803,#14804,#14810));
#14812=FACE_OUTER_BOUND('',#14811,.T.);
#14813=ADVANCED_FACE('',(#14812),#14801,.T.);
#14814=CARTESIAN_POINT('',(39.446842495306,0.3500000000006,-6.2207081390966));
#14815=DIRECTION('',(-0.12739128558606,-3.5081424190745E-14,-0.99185253962307));
#14816=DIRECTION('',(-0.,-1.,3.5369596577407E-14));
#14817=AXIS2_PLACEMENT_3D('',#14814,#14816,#14815);
#14818=CONICAL_SURFACE('',#14817,0.,0.78539816339741);
#14819=ORIENTED_EDGE('',*,*,#14408,.F.);
#14820=ORIENTED_EDGE('',*,*,#14809,.F.);
#14821=ORIENTED_EDGE('',*,*,#14622,.F.);
#14822=CARTESIAN_POINT('',(39.446842495306,-4.95,-0.920708139096));
#14823=DIRECTION('',(0.,-0.70710678118655,0.70710678118655));
#14824=VECTOR('',#14823,0.14142135623731);
#14825=LINE('',#14822,#14824);
#14826=EDGE_CURVE('',#14608,#14402,#14825,.T.);
#14827=ORIENTED_EDGE('',*,*,#14826,.T.);
#14828=EDGE_LOOP('',(#14819,#14820,#14821,#14827));
#14829=FACE_OUTER_BOUND('',#14828,.T.);
#14830=ADVANCED_FACE('',(#14829),#14818,.T.);
#14831=CARTESIAN_POINT('',(-1.4210854715202E-14,-5.,-0.8707081390956));
#14832=DIRECTION('',(-1.0048591734973E-13,0.70710678118654,-0.70710678118655));
#14833=DIRECTION('',(1.9702356839776E-16,0.70710678118655,0.70710678118654));
#14834=AXIS2_PLACEMENT_3D('',#14831,#14833,#14832);
#14835=PLANE('',#14834);
#14836=ORIENTED_EDGE('',*,*,#14613,.F.);
#14837=CARTESIAN_POINT('',(-39.446842495306,-4.95,-0.920708139096));
#14838=DIRECTION('',(0.,-0.70710678118655,0.70710678118655));
#14839=VECTOR('',#14838,0.14142135623731);
#14840=LINE('',#14837,#14839);
#14841=EDGE_CURVE('',#14599,#14427,#14840,.T.);
#14842=ORIENTED_EDGE('',*,*,#14841,.T.);
#14843=ORIENTED_EDGE('',*,*,#14432,.F.);
#14844=ORIENTED_EDGE('',*,*,#14826,.F.);
#14845=EDGE_LOOP('',(#14836,#14842,#14843,#14844));
#14846=FACE_OUTER_BOUND('',#14845,.T.);
#14847=ADVANCED_FACE('',(#14846),#14835,.T.);
#14848=CARTESIAN_POINT('',(-39.446842495306,0.34999999998938,-6.2207081390957));
#14849=DIRECTION('',(0.1273912515596,6.221198889833E-14,-0.99185254399335));
#14850=DIRECTION('',(-0.,-1.,-6.2723021960356E-14));
#14851=AXIS2_PLACEMENT_3D('',#14848,#14850,#14849);
#14852=CONICAL_SURFACE('',#14851,0.,0.78539816339846);
#14853=ORIENTED_EDGE('',*,*,#14457,.F.);
#14854=ORIENTED_EDGE('',*,*,#14841,.F.);
#14855=ORIENTED_EDGE('',*,*,#14605,.F.);
#14856=CARTESIAN_POINT('',(-40.786187508572,-4.95,-1.092730473825));
#14857=DIRECTION('',(-0.17869567015198,-0.70710678120415,0.68415484902473));
#14858=VECTOR('',#14857,0.14142135623379);
#14859=LINE('',#14856,#14858);
#14860=EDGE_CURVE('',#14590,#14451,#14859,.T.);
#14861=ORIENTED_EDGE('',*,*,#14860,.T.);
#14862=EDGE_LOOP('',(#14853,#14854,#14855,#14861));
#14863=FACE_OUTER_BOUND('',#14862,.T.);
#14864=ADVANCED_FACE('',(#14863),#14852,.T.);
#14865=CARTESIAN_POINT('',(-37.72843666168,7.1499999986441,-12.8));
#14866=DIRECTION('',(1.,1.2667428189079E-16,-3.2843134243011E-08));
#14867=DIRECTION('',(1.2667426732946E-16,-1.,-4.4335993565312E-16));
#14868=AXIS2_PLACEMENT_3D('',#14865,#14867,#14866);
#14869=CONICAL_SURFACE('',#14868,0.,0.78539816345302);
#14870=ORIENTED_EDGE('',*,*,#14480,.F.);
#14871=ORIENTED_EDGE('',*,*,#14860,.F.);
#14872=ORIENTED_EDGE('',*,*,#14596,.F.);
#14873=ORIENTED_EDGE('',*,*,#14498,.F.);
#14874=EDGE_LOOP('',(#14870,#14871,#14872,#14873));
#14875=FACE_OUTER_BOUND('',#14874,.T.);
#14876=ADVANCED_FACE('',(#14875),#14869,.T.);
#14877=CLOSED_SHELL('',(#13408,#13553,#13578,#13609,#13634,#13799,#13825,#13983,#14008,#14166,#14192,#14350,#14368,#14393,#14418,#14442,#14467,#14485,#14510,#14643,#14660,#14682,#14699,#14716,#14733,#14750,#14767,#14784,#14796,#14813,#14830,#14847,#14864,#14876));
#14878=OVER_RIDING_STYLED_ITEM('',(#12989),#13408,#14877);
#14879=OVER_RIDING_STYLED_ITEM('',(#12989),#13553,#14877);
#14880=OVER_RIDING_STYLED_ITEM('',(#12989),#13578,#14877);
#14881=OVER_RIDING_STYLED_ITEM('',(#12989),#13609,#14877);
#14882=OVER_RIDING_STYLED_ITEM('',(#12989),#13634,#14877);
#14883=OVER_RIDING_STYLED_ITEM('',(#12989),#13799,#14877);
#14884=OVER_RIDING_STYLED_ITEM('',(#12989),#13825,#14877);
#14885=OVER_RIDING_STYLED_ITEM('',(#12989),#13983,#14877);
#14886=OVER_RIDING_STYLED_ITEM('',(#12989),#14008,#14877);
#14887=OVER_RIDING_STYLED_ITEM('',(#12989),#14166,#14877);
#14888=OVER_RIDING_STYLED_ITEM('',(#12989),#14192,#14877);
#14889=OVER_RIDING_STYLED_ITEM('',(#12989),#14350,#14877);
#14890=OVER_RIDING_STYLED_ITEM('',(#12989),#14368,#14877);
#14891=OVER_RIDING_STYLED_ITEM('',(#12989),#14393,#14877);
#14892=OVER_RIDING_STYLED_ITEM('',(#12989),#14418,#14877);
#14893=OVER_RIDING_STYLED_ITEM('',(#12989),#14442,#14877);
#14894=OVER_RIDING_STYLED_ITEM('',(#12989),#14467,#14877);
#14895=OVER_RIDING_STYLED_ITEM('',(#12989),#14485,#14877);
#14896=OVER_RIDING_STYLED_ITEM('',(#12989),#14510,#14877);
#14897=OVER_RIDING_STYLED_ITEM('',(#12989),#14643,#14877);
#14898=OVER_RIDING_STYLED_ITEM('',(#12989),#14660,#14877);
#14899=OVER_RIDING_STYLED_ITEM('',(#12989),#14682,#14877);
#14900=OVER_RIDING_STYLED_ITEM('',(#12989),#14699,#14877);
#14901=OVER_RIDING_STYLED_ITEM('',(#12989),#14716,#14877);
#14902=OVER_RIDING_STYLED_ITEM('',(#12989),#14733,#14877);
#14903=OVER_RIDING_STYLED_ITEM('',(#12989),#14750,#14877);
#14904=OVER_RIDING_STYLED_ITEM('',(#12989),#14767,#14877);
#14905=OVER_RIDING_STYLED_ITEM('',(#12989),#14784,#14877);
#14906=OVER_RIDING_STYLED_ITEM('',(#12989),#14796,#14877);
#14907=OVER_RIDING_STYLED_ITEM('',(#12989),#14813,#14877);
#14908=OVER_RIDING_STYLED_ITEM('',(#12989),#14830,#14877);
#14909=OVER_RIDING_STYLED_ITEM('',(#12989),#14847,#14877);
#14910=OVER_RIDING_STYLED_ITEM('',(#12989),#14864,#14877);
#14911=OVER_RIDING_STYLED_ITEM('',(#12989),#14876,#14877);
#14912 = ORIENTED_CLOSED_SHELL('', * , #14877, .T.);#14913=BREP_WITH_VOIDS('S1',#12982,(#14912));
#14914=CARTESIAN_POINT('',(-3.1974423109205E-14,-7.35,-35.3));
#14915=DIRECTION('',(-1.,1.3322676295502E-16,0.));
#14916=DIRECTION('',(1.3322676295502E-16,1.,3.7007434154172E-16));
#14917=AXIS2_PLACEMENT_3D('',#14914,#14916,#14915);
#14918=PLANE('',#14917);
#14919=CARTESIAN_POINT('',(22.5,-7.35,-20.3));
#14920=VERTEX_POINT('',#14919);
#14921=CARTESIAN_POINT('',(-22.5,-7.35,-20.3));
#14922=VERTEX_POINT('',#14921);
#14923=CARTESIAN_POINT('',(22.5,-7.35,-20.3));
#14924=DIRECTION('',(-1.,0.,0.));
#14925=VECTOR('',#14924,45.);
#14926=LINE('',#14923,#14925);
#14927=EDGE_CURVE('',#14920,#14922,#14926,.T.);
#14928=ORIENTED_EDGE('',*,*,#14927,.T.);
#14929=CARTESIAN_POINT('',(-22.5,-7.35,-5.3));
#14930=VERTEX_POINT('',#14929);
#14931=CARTESIAN_POINT('',(-22.5,-7.35,-12.8));
#14932=DIRECTION('',(-4.736951571734E-16,3.5527136788005E-16,-1.));
#14933=DIRECTION('',(9.6001449371365E-17,1.,3.3284902795806E-16));
#14934=AXIS2_PLACEMENT_3D('',#14931,#14933,#14932);
#14935=CIRCLE('',#14934,7.5);
#14936=EDGE_CURVE('',#14922,#14930,#14935,.T.);
#14937=ORIENTED_EDGE('',*,*,#14936,.T.);
#14938=CARTESIAN_POINT('',(22.5,-7.35,-5.3));
#14939=VERTEX_POINT('',#14938);
#14940=CARTESIAN_POINT('',(-22.5,-7.35,-5.3));
#14941=DIRECTION('',(1.,0.,0.));
#14942=VECTOR('',#14941,45.);
#14943=LINE('',#14940,#14942);
#14944=EDGE_CURVE('',#14930,#14939,#14943,.T.);
#14945=ORIENTED_EDGE('',*,*,#14944,.T.);
#14946=CARTESIAN_POINT('',(22.5,-7.35,-12.8));
#14947=DIRECTION('',(4.736951571734E-16,-4.736951571734E-16,1.));
#14948=DIRECTION('',(3.1042668803608E-16,1.,5.4727426662278E-16));
#14949=AXIS2_PLACEMENT_3D('',#14946,#14948,#14947);
#14950=CIRCLE('',#14949,7.5);
#14951=EDGE_CURVE('',#14939,#14920,#14950,.T.);
#14952=ORIENTED_EDGE('',*,*,#14951,.T.);
#14953=EDGE_LOOP('',(#14928,#14937,#14945,#14952));
#14954=FACE_OUTER_BOUND('',#14953,.T.);
#14955=ADVANCED_FACE('',(#14954),#14918,.T.);
#14956=CARTESIAN_POINT('',(-3.5527136788005E-14,-9.05,-35.3));
#14957=DIRECTION('',(-1.,1.1842378929335E-16,0.));
#14958=DIRECTION('',(-1.1842378929335E-16,-1.,-4.1448326252673E-16));
#14959=AXIS2_PLACEMENT_3D('',#14956,#14958,#14957);
#14960=PLANE('',#14959);
#14961=CARTESIAN_POINT('',(22.5,-9.05,-20.3));
#14962=VERTEX_POINT('',#14961);
#14963=CARTESIAN_POINT('',(22.5,-9.05,-5.3));
#14964=VERTEX_POINT('',#14963);
#14965=CARTESIAN_POINT('',(22.5,-9.05,-12.8));
#14966=DIRECTION('',(4.736951571734E-16,4.736951571734E-16,-1.));
#14967=DIRECTION('',(-2.2422339921986E-17,-1.,-4.5127281725141E-16));
#14968=AXIS2_PLACEMENT_3D('',#14965,#14967,#14966);
#14969=CIRCLE('',#14968,7.5);
#14970=EDGE_CURVE('',#14962,#14964,#14969,.T.);
#14971=ORIENTED_EDGE('',*,*,#14970,.T.);
#14972=CARTESIAN_POINT('',(-22.5,-9.05,-5.3));
#14973=VERTEX_POINT('',#14972);
#14974=CARTESIAN_POINT('',(22.5,-9.05,-5.3));
#14975=DIRECTION('',(-1.,0.,0.));
#14976=VECTOR('',#14975,45.);
#14977=LINE('',#14974,#14976);
#14978=EDGE_CURVE('',#14964,#14973,#14977,.T.);
#14979=ORIENTED_EDGE('',*,*,#14978,.T.);
#14980=CARTESIAN_POINT('',(-22.5,-9.05,-20.3));
#14981=VERTEX_POINT('',#14980);
#14982=CARTESIAN_POINT('',(-22.5,-9.05,-12.8));
#14983=DIRECTION('',(-4.736951571734E-16,-2.368475785867E-16,1.));
#14984=DIRECTION('',(-9.389741947689E-17,-1.,-3.7979773769651E-16));
#14985=AXIS2_PLACEMENT_3D('',#14982,#14984,#14983);
#14986=CIRCLE('',#14985,7.5);
#14987=EDGE_CURVE('',#14973,#14981,#14986,.T.);
#14988=ORIENTED_EDGE('',*,*,#14987,.T.);
#14989=CARTESIAN_POINT('',(-22.5,-9.05,-20.3));
#14990=DIRECTION('',(1.,0.,0.));
#14991=VECTOR('',#14990,45.);
#14992=LINE('',#14989,#14991);
#14993=EDGE_CURVE('',#14981,#14962,#14992,.T.);
#14994=ORIENTED_EDGE('',*,*,#14993,.T.);
#14995=EDGE_LOOP('',(#14971,#14979,#14988,#14994));
#14996=FACE_OUTER_BOUND('',#14995,.T.);
#14997=ADVANCED_FACE('',(#14996),#14960,.T.);
#14998=CARTESIAN_POINT('',(22.5,-7.35,-12.8));
#14999=DIRECTION('',(1.7765117377166E-08,-3.5527136788005E-16,1.));
#15000=DIRECTION('',(-4.17966315153E-15,-1.,0.));
#15001=AXIS2_PLACEMENT_3D('',#14998,#15000,#14999);
#15002=CYLINDRICAL_SURFACE('',#15001,7.5);
#15003=ORIENTED_EDGE('',*,*,#14951,.F.);
#15004=CARTESIAN_POINT('',(22.5,-7.35,-5.3));
#15005=DIRECTION('',(0.,-1.,0.));
#15006=VECTOR('',#15005,1.7);
#15007=LINE('',#15004,#15006);
#15008=EDGE_CURVE('',#14939,#14964,#15007,.T.);
#15009=ORIENTED_EDGE('',*,*,#15008,.T.);
#15010=ORIENTED_EDGE('',*,*,#14970,.F.);
#15011=CARTESIAN_POINT('',(22.5,-9.05,-20.3));
#15012=DIRECTION('',(0.,1.,0.));
#15013=VECTOR('',#15012,1.7);
#15014=LINE('',#15011,#15013);
#15015=EDGE_CURVE('',#14962,#14920,#15014,.T.);
#15016=ORIENTED_EDGE('',*,*,#15015,.T.);
#15017=EDGE_LOOP('',(#15003,#15009,#15010,#15016));
#15018=FACE_OUTER_BOUND('',#15017,.T.);
#15019=ADVANCED_FACE('',(#15018),#15002,.T.);
#15020=CARTESIAN_POINT('',(-3.5627797008904E-14,-8.2,-5.3));
#15021=DIRECTION('',(-1.,1.1842378929335E-16,-5.9211894646675E-17));
#15022=DIRECTION('',(-5.9211894646675E-17,-5.2245789394125E-16,1.));
#15023=AXIS2_PLACEMENT_3D('',#15020,#15022,#15021);
#15024=PLANE('',#15023);
#15025=ORIENTED_EDGE('',*,*,#14944,.F.);
#15026=CARTESIAN_POINT('',(-22.5,-7.35,-5.3));
#15027=DIRECTION('',(0.,-1.,0.));
#15028=VECTOR('',#15027,1.7);
#15029=LINE('',#15026,#15028);
#15030=EDGE_CURVE('',#14930,#14973,#15029,.T.);
#15031=ORIENTED_EDGE('',*,*,#15030,.T.);
#15032=ORIENTED_EDGE('',*,*,#14978,.F.);
#15033=ORIENTED_EDGE('',*,*,#15008,.F.);
#15034=EDGE_LOOP('',(#15025,#15031,#15032,#15033));
#15035=FACE_OUTER_BOUND('',#15034,.T.);
#15036=ADVANCED_FACE('',(#15035),#15024,.T.);
#15037=CARTESIAN_POINT('',(-22.5,-7.35,-12.8));
#15038=DIRECTION('',(-1.7765115956081E-08,0.,-1.));
#15039=DIRECTION('',(0.,-1.,0.));
#15040=AXIS2_PLACEMENT_3D('',#15037,#15039,#15038);
#15041=CYLINDRICAL_SURFACE('',#15040,7.5);
#15042=ORIENTED_EDGE('',*,*,#14936,.F.);
#15043=CARTESIAN_POINT('',(-22.5,-7.35,-20.3));
#15044=DIRECTION('',(0.,-1.,0.));
#15045=VECTOR('',#15044,1.7);
#15046=LINE('',#15043,#15045);
#15047=EDGE_CURVE('',#14922,#14981,#15046,.T.);
#15048=ORIENTED_EDGE('',*,*,#15047,.T.);
#15049=ORIENTED_EDGE('',*,*,#14987,.F.);
#15050=ORIENTED_EDGE('',*,*,#15030,.F.);
#15051=EDGE_LOOP('',(#15042,#15048,#15049,#15050));
#15052=FACE_OUTER_BOUND('',#15051,.T.);
#15053=ADVANCED_FACE('',(#15052),#15041,.T.);
#15054=CARTESIAN_POINT('',(-3.5627797008904E-14,-8.2,-20.3));
#15055=DIRECTION('',(1.,-1.1842378929335E-16,2.368475785867E-16));
#15056=DIRECTION('',(2.368475785867E-16,2.089831575765E-15,-1.));
#15057=AXIS2_PLACEMENT_3D('',#15054,#15056,#15055);
#15058=PLANE('',#15057);
#15059=ORIENTED_EDGE('',*,*,#14927,.F.);
#15060=ORIENTED_EDGE('',*,*,#15015,.F.);
#15061=ORIENTED_EDGE('',*,*,#14993,.F.);
#15062=ORIENTED_EDGE('',*,*,#15047,.F.);
#15063=EDGE_LOOP('',(#15059,#15060,#15061,#15062));
#15064=FACE_OUTER_BOUND('',#15063,.T.);
#15065=ADVANCED_FACE('',(#15064),#15058,.T.);
#15066=CLOSED_SHELL('',(#14955,#14997,#15019,#15036,#15053,#15065));
#15067=COLOUR_RGB('',0.376471,0.376471,0.376471);
#15068=FILL_AREA_STYLE_COLOUR('',#15067);
#15069=FILL_AREA_STYLE('',(#15068));
#15070=SURFACE_STYLE_FILL_AREA(#15069);
#15071=SURFACE_SIDE_STYLE('',(#15070));
#15072=SURFACE_STYLE_USAGE(.BOTH.,#15071);
#15073=PRESENTATION_STYLE_ASSIGNMENT((#15072));
#15074=OVER_RIDING_STYLED_ITEM('',(#15073),#14955,#15066);
#15075=OVER_RIDING_STYLED_ITEM('',(#15073),#14997,#15066);
#15076=OVER_RIDING_STYLED_ITEM('',(#15073),#15019,#15066);
#15077=OVER_RIDING_STYLED_ITEM('',(#15073),#15036,#15066);
#15078=OVER_RIDING_STYLED_ITEM('',(#15073),#15053,#15066);
#15079=OVER_RIDING_STYLED_ITEM('',(#15073),#15065,#15066);
#15080=MANIFOLD_SOLID_BREP('S1',#15066);
#15081=ADVANCED_BREP_SHAPE_REPRESENTATION('',(#14913,#15080),#5);
#15082=SHAPE_REPRESENTATION_RELATIONSHIP('NONE', 'NONE', #28, #15081);
#15083=PRESENTATION_LAYER_ASSIGNMENT('图层000','',(#14913,#15080));
#15084=MECHANICAL_DESIGN_GEOMETRIC_PRESENTATION_REPRESENTATION('',(#12990,#12991,#12992,#12993,#12994,#12995,#12996,#12997,#12998,#12999,#13000,#13001,#13002,#13003,#13004,#13005,#13006,#13007,#13008,#13009,#13010,#13011,#13012,#13013,#13014,#13015,#13016,#13017,#13018,#13019,#13020,#13021,#13022,#13023,#13024,#13025,#13026,#13027,#13028,#13029,#13030,#13031,#13032,#13033,#13034,#13035,#13036,#13037,#13038,#13039,#13040,#13041,#13042,#13043,#13044,#13045,#13046,#13047,#13048,#13049,#13050,#13051,#13052,#13053,#13054,#13055,#13056,#13057,#13058,#13059,#13060,#13061,#13062,#13063,#13064,#13065,#13066,#13067,#13068,#13069,#13070,#13071,#13072,#13073,#13074,#13075,#13076,#13077,#13078,#13079,#13080,#13081,#13082,#13083,#13084,#13085,#13086,#13087,#13088,#13089,#13090,#13091,#13092,#13093,#13094,#13095,#13096,#13097,#13098,#13099,#13100,#13101,#13102,#13103,#13104,#13105,#13106,#13107,#13108,#13109,#13110,#13111,#13112,#13113,#13114,#13115,#13116,#13117,#13118,#13119,#13120,#13121,#13122,#13123,#13124,#13125,#13126,#13127,#13128,#13129,#13130,#13131,#13132,#13133,#13134,#13135,#13136,#13137,#13138,#13139,#13140,#13141,#13142,#13143,#13144,#13145,#13146,#13147,#13148,#13149,#13150,#13151,#13152,#13153,#13154,#13155,#13156,#13157,#13158,#13159,#13160,#13161,#13162,#13163,#13164,#13165,#13166,#13167,#13168,#13169,#13170,#13171,#13172,#13173,#13174,#13175,#13176,#13177,#13178,#13179,#13180,#13181,#13182,#13183,#13184,#13185,#13186,#13187,#13188,#13189,#13190,#13191,#13192,#13193,#13194,#13195,#13196,#13197,#13198,#13199,#13200,#13201,#13202,#13203,#13204,#13205,#13206,#13207,#13208,#13209,#13210,#13211,#13212,#13213,#13214,#13215,#13216,#13217,#13218,#13219,#13220,#13221,#13222,#13223,#13224,#13225,#13226,#13227,#13228,#13229,#13230,#13231,#13232,#13233,#13234,#13235,#13236,#13237,#13238,#13239,#13240,#13241,#13242,#13243,#13244,#13245,#13246,#13247,#13248,#13249,#13250,#13251,#13252,#13253,#13254,#13255,#13256,#13257,#13258,#13259,#13260,#13261,#13262,#13263,#13264,#13265,#13266,#13267,#13268,#13269,#13270,#13271,#13272,#13273,#13274,#13275,#13276,#13277,#13278,#13279,#13280,#13281,#13282,#13283,#13284,#13285,#13286,#13287,#13288,#13289,#13290,#13291,#13292,#13293,#13294,#13295,#13296,#13297,#13298,#13299,#13300,#13301,#13302,#13303,#13304,#13305,#13306,#13307,#13308,#13309,#13310,#13311,#13312,#13313,#13314,#13315,#13316,#13317,#13318,#13319,#13320,#13321,#13322,#13323,#13324,#13325,#13326,#13327,#13328,#13329,#13330,#13331,#13332,#13333,#13334,#13335,#13336,#13337,#13338,#13339,#13340,#13341,#13342,#13343,#13344,#13345,#13346,#13347,#13348,#13349,#13350,#13351,#13352,#13353,#13354,#13355,#13356,#13357,#13358,#13359,#13360,#13361,#13362,#13363,#13364,#13365,#13366,#13367,#13368,#14878,#14879,#14880,#14881,#14882,#14883,#14884,#14885,#14886,#14887,#14888,#14889,#14890,#14891,#14892,#14893,#14894,#14895,#14896,#14897,#14898,#14899,#14900,#14901,#14902,#14903,#14904,#14905,#14906,#14907,#14908,#14909,#14910,#14911,#15074,#15075,#15076,#15077,#15078,#15079),#5);
ENDSEC;
END-ISO-10303-21;
