tick,timestamp_s,phase,a_mode,b_mode,a_q_cmd,b_q_cmd,a_dq_cmd,b_dq_cmd,a_raw,b_raw,qA_logical_rad,qB_logical_rad,qJ2_logical_rad,e_sync_rad,a_dq_feedback,b_dq_feedback,a_tau,b_tau,a_temp,b_temp,a_merror,b_merror,a_valid,b_valid,cycle_period_ms,cycle_jitter_ms
0,1.5009999999999999e-06,SESSION_BRAKE_CAPTURE,0,0,0,0,0,0,6.2634501457214355,1.5165352821350098,nan,nan,nan,nan,-0.34361249208450317,0.024543749168515205,0,0,34,34,0,0,1,1,nan,nan
1,0.010061765,SESSION_BRAKE_CAPTURE,0,0,0,0,0,0,6.2636418342590332,1.5165352821350098,nan,nan,nan,nan,0,0,0,0,34,34,0,0,1,1,10.060264000000002,0.060264000000001872
2,0.020115778000000001,SESSION_BRAKE_CAPTURE,0,0,0,0,0,0,6.2634501457214355,1.5165352821350098,nan,nan,nan,nan,-0.39269998669624329,0,0,0,34,34,0,0,1,1,10.054013000000001,0.054013000000001199
3,0.030060034999999999,SESSION_BRAKE_CAPTURE,0,0,0,0,0,0,6.2636418342590332,1.5165352821350098,nan,nan,nan,nan,0,0,0,0,34,34,0,0,1,1,9.9442569999999986,0.05574300000000143
4,0.040163720999999999,SESSION_BRAKE_CAPTURE,0,0,0,0,0,0,6.2634501457214355,1.5163435935974121,nan,nan,nan,nan,-0.44178751111030579,0.049087498337030411,0,0,34,34,0,0,1,1,10.103686,0.10368599999999972
5,0.050060714999999999,SESSION_BRAKE_CAPTURE,0,0,0,0,0,0,6.2636418342590332,1.5163435935974121,nan,nan,nan,nan,-0.024543749168515205,-0.36815625429153442,0,0,34,34,0,0,1,1,9.8969939999999994,0.1030060000000006
6,0.060058015999999999,SESSION_BRAKE_CAPTURE,0,0,0,0,0,0,6.2634501457214355,1.5165352821350098,nan,nan,nan,nan,-0.34361249208450317,0,0,0,34,34,0,0,1,1,9.9973010000000002,0.0026989999999997849
7,0.070061935000000006,SESSION_BRAKE_CAPTURE,0,0,0,0,0,0,6.2636418342590332,1.5165352821350098,nan,nan,nan,nan,0,0,0,0,34,34,0,0,1,1,10.003919000000007,0.0039190000000068892
8,0.080060629999999994,SESSION_BRAKE_CAPTURE,0,0,0,0,0,0,6.2636418342590332,1.5165352821350098,nan,nan,nan,nan,0,0,0,0,34,34,0,0,1,1,9.9986949999999872,0.0013050000000127682
9,0.090131072000000007,SESSION_BRAKE_CAPTURE,0,0,0,0,0,0,6.2636418342590332,1.5165352821350098,nan,nan,nan,nan,0,0,0,0,34,34,0,0,1,1,10.070442000000012,0.070442000000012328
10,0.100105482,SESSION_BRAKE_CAPTURE,0,0,0,0,0,0,6.2638335227966309,1.5165352821350098,nan,nan,nan,nan,0.34361249208450317,0,0,0,34,34,0,0,1,1,9.9744099999999882,0.02559000000001177
11,0.11018048699999999,SESSION_BRAKE_CAPTURE,0,0,0,0,0,0,6.2636418342590332,1.5165352821350098,nan,nan,nan,nan,0,0,0,0,34,34,0,0,1,1,10.075004999999997,0.075004999999997324
12,0.120122959,SESSION_BRAKE_CAPTURE,0,0,0,0,0,0,6.2634501457214355,1.5165352821350098,nan,nan,nan,nan,-0.31906875967979431,0,0,0,34,34,0,0,1,1,9.9424720000000075,0.057527999999992474
13,0.1301118,SESSION_BRAKE_CAPTURE,0,0,0,0,0,0,6.2636418342590332,1.5165352821350098,nan,nan,nan,nan,-0.049087498337030411,-0.049087498337030411,0,0,34,34,0,0,1,1,9.988840999999999,0.011159000000001029
14,0.14011711700000001,SESSION_BRAKE_CAPTURE,0,0,0,0,0,0,6.2636418342590332,1.5165352821350098,nan,nan,nan,nan,-0.049087498337030411,0.024543749168515205,0,0,34,34,0,0,1,1,10.005317000000014,0.005317000000014005
15,0.15007590200000001,SESSION_BRAKE_CAPTURE,0,0,0,0,0,0,6.2636418342590332,1.5165352821350098,nan,nan,nan,nan,0,0,0,0,34,34,0,0,1,1,9.9587849999999971,0.041215000000002888
16,0.160159159,SESSION_BRAKE_CAPTURE,0,0,0,0,0,0,6.2636418342590332,1.5163435935974121,nan,nan,nan,nan,0.024543749168515205,-0.34361249208450317,0,0,34,34,0,0,1,1,10.083256999999984,0.083256999999983705
17,0.170153261,SESSION_BRAKE_CAPTURE,0,0,0,0,0,0,6.2634501457214355,1.5165352821350098,nan,nan,nan,nan,0.36815625429153442,0.098174996674060822,0,0,34,34,0,0,1,1,9.9941020000000051,0.0058979999999948518
18,0.18006033599999999,SESSION_BRAKE_CAPTURE,0,0,0,0,0,0,6.2636418342590332,1.5165352821350098,nan,nan,nan,nan,-0.024543749168515205,0,0,0,34,34,0,0,1,1,9.9070749999999883,0.092925000000011693
19,0.19005834199999999,SESSION_BRAKE_CAPTURE,0,0,0,0,0,0,6.2634501457214355,1.5163435935974121,nan,nan,nan,nan,-0.39269998669624329,-0.36815625429153442,0,0,34,34,0,0,1,1,9.9980060000000037,0.0019939999999962765
20,0.20017338400000001,SESSION_BRAKE_CAPTURE,0,0,0,0,0,0,6.2636418342590332,1.5165352821350098,nan,nan,nan,nan,0,0.098174996674060822,0,0,34,34,0,0,1,1,10.115042000000019,0.11504200000001852
21,0.21016332700000001,SESSION_BRAKE_CAPTURE,0,0,0,0,0,0,6.2634501457214355,1.5165352821350098,nan,nan,nan,nan,-0.34361249208450317,0,0,0,34,34,0,0,1,1,9.9899430000000002,0.010056999999999761
22,0.220161511,SESSION_BRAKE_CAPTURE,0,0,0,0,0,0,6.2634501457214355,1.5165352821350098,nan,nan,nan,nan,-0.44178751111030579,0.024543749168515205,0,0,34,34,0,0,1,1,9.9981839999999931,0.0018160000000069232
23,0.230179985,SESSION_BRAKE_CAPTURE,0,0,0,0,0,0,6.2636418342590332,1.5165352821350098,nan,nan,nan,nan,0.024543749168515205,0,0,0,34,34,0,0,1,1,10.018473999999999,0.018473999999999435
24,0.240055409,SESSION_BRAKE_CAPTURE,0,0,0,0,0,0,6.2636418342590332,1.5165352821350098,nan,nan,nan,nan,-0.17180624604225159,0,0,0,34,34,0,0,1,1,9.8754239999999935,0.12457600000000646
25,0.250060161,SESSION_BRAKE_CAPTURE,0,0,0,0,0,0,6.2638335227966309,1.5165352821350098,nan,nan,nan,nan,0.34361249208450317,0,0,0,34,34,0,0,1,1,10.004752000000005,0.0047520000000051965
26,0.26005909700000002,SESSION_BRAKE_CAPTURE,0,0,0,0,0,0,6.2636418342590332,1.5165352821350098,nan,nan,nan,nan,-0.073631249368190765,0,0,0,34,34,0,0,1,1,9.9989360000000147,0.0010639999999852989
27,0.270057622,SESSION_BRAKE_CAPTURE,0,0,0,0,0,0,6.2634501457214355,1.5165352821350098,nan,nan,nan,nan,-0.36815625429153442,0.024543749168515205,0,0,34,34,0,0,1,1,9.9985249999999795,0.0014750000000205432
28,0.28005614499999998,SESSION_BRAKE_CAPTURE,0,0,0,0,0,0,6.2636418342590332,1.5165352821350098,nan,nan,nan,nan,-0.024543749168515205,0,0,0,34,34,0,0,1,1,9.998522999999981,0.0014770000000190464
29,0.29005793400000002,SESSION_BRAKE_CAPTURE,0,0,0,0,0,0,6.2634501457214355,1.5161517858505249,nan,nan,nan,nan,-0.36815625429153442,-0.6626812219619751,0,0,34,34,0,0,1,1,10.001789000000038,0.0017890000000377881
30,0.300171254,SESSION_BRAKE_CAPTURE,0,0,0,0,0,0,6.2634501457214355,1.5163435935974121,nan,nan,nan,nan,-0.41724374890327454,-0.36815625429153442,0,0,34,34,0,0,1,1,10.11331999999998,0.11331999999998033
31,0.31006014199999998,SESSION_BRAKE_CAPTURE,0,0,0,0,0,0,6.2636418342590332,1.5165352821350098,nan,nan,nan,nan,0,0,0,0,34,34,0,0,1,1,9.8888879999999837,0.11111200000001631
32,0.32019060700000002,SESSION_BRAKE_CAPTURE,0,0,0,0,0,0,6.2636418342590332,1.5163435935974121,nan,nan,nan,nan,-0.073631249368190765,0.024543749168515205,0,0,34,34,0,0,1,1,10.130465000000033,0.13046500000003292
33,0.330204834,SESSION_BRAKE_CAPTURE,0,0,0,0,0,0,6.2636418342590332,1.5165352821350098,nan,nan,nan,nan,0,0,0,0,34,34,0,0,1,1,10.014226999999988,0.014226999999987555
34,0.34005713199999998,SESSION_BRAKE_CAPTURE,0,0,0,0,0,0,6.2636418342590332,1.5165352821350098,nan,nan,nan,nan,-0.024543749168515205,0,0,0,34,34,0,0,1,1,9.8522979999999816,0.14770200000001843
35,0.35007668199999997,SESSION_BRAKE_CAPTURE,0,0,0,0,0,0,6.2634501457214355,1.5165352821350098,nan,nan,nan,nan,-0.39269998669624329,0.049087498337030411,0,0,34,34,0,0,1,1,10.019549999999988,0.019549999999988188
36,0.36005352899999998,SESSION_BRAKE_CAPTURE,0,0,0,0,0,0,6.2636418342590332,1.5165352821350098,nan,nan,nan,nan,-0.024543749168515205,0,0,0,34,34,0,0,1,1,9.97684700000001,0.023152999999989987
37,0.37007174799999998,SESSION_BRAKE_CAPTURE,0,0,0,0,0,0,6.2636418342590332,1.5163435935974121,nan,nan,nan,nan,0,-0.36815625429153442,0,0,34,34,0,0,1,1,10.018218999999995,0.018218999999994878
38,0.380053268,SESSION_BRAKE_CAPTURE,0,0,0,0,0,0,6.2634501457214355,1.5163435935974121,nan,nan,nan,nan,-0.39269998669624329,-0.31906875967979431,0,0,34,34,0,0,1,1,9.981520000000021,0.018479999999978958
39,0.39005343999999997,SESSION_BRAKE_CAPTURE,0,0,0,0,0,0,6.2636418342590332,1.5163435935974121,nan,nan,nan,nan,0,-0.29452499747276306,0,0,34,34,0,0,1,1,10.000171999999974,0.00017199999997430382
40,0.40005288,SESSION_BRAKE_CAPTURE,0,0,0,0,0,0,6.2634501457214355,1.5165352821350098,nan,nan,nan,nan,-0.29452499747276306,0.024543749168515205,0,0,34,34,0,0,1,1,9.9994400000000265,0.00055999999997347061
41,0.410053116,SESSION_BRAKE_CAPTURE,0,0,0,0,0,0,6.2636418342590332,1.5165352821350098,nan,nan,nan,nan,-0.073631249368190765,0,0,0,34,34,0,0,1,1,10.000235999999996,0.00023599999999568411
42,0.42005355799999999,SESSION_BRAKE_CAPTURE,0,0,0,0,0,0,6.2638335227966309,1.5163435935974121,nan,nan,nan,nan,0.34361249208450317,0,0,0,34,34,0,0,1,1,10.000441999999998,0.00044199999999783302
43,0.43007525899999999,SESSION_BRAKE_CAPTURE,0,0,0,0,0,0,6.2636418342590332,1.5165352821350098,nan,nan,nan,nan,-0.024543749168515205,0,0,0,34,34,0,0,1,1,10.021700999999993,0.021700999999993087
44,0.44005302200000002,SESSION_BRAKE_CAPTURE,0,0,0,0,0,0,6.2634501457214355,1.5163435935974121,nan,nan,nan,nan,-0.34361249208450317,-0.36815625429153442,0,0,34,34,0,0,1,1,9.9777630000000279,0.022236999999972085
45,0.45005266399999999,SESSION_BRAKE_CAPTURE,0,0,0,0,0,0,6.2636418342590332,1.5165352821350098,nan,nan,nan,nan,-0.098174996674060822,0,0,0,34,34,0,0,1,1,9.9996419999999748,0.00035800000002517152
46,0.46005325899999999,SESSION_BRAKE_CAPTURE,0,0,0,0,0,0,6.2636418342590332,1.5161517858505249,nan,nan,nan,nan,0,-0.7608562707901001,0,0,34,34,0,0,1,1,10.000595000000001,0.0005950000000005673
47,0.47006792800000002,SESSION_BRAKE_CAPTURE,0,0,0,0,0,0,6.2636418342590332,1.5165352821350098,nan,nan,nan,nan,-0.12271875143051147,0.049087498337030411,0,0,34,34,0,0,1,1,10.014669000000032,0.014669000000031573
48,0.48005306599999997,SESSION_BRAKE_CAPTURE,0,0,0,0,0,0,6.2634501457214355,1.5165352821350098,nan,nan,nan,nan,-0.31906875967979431,0,0,0,34,34,0,0,1,1,9.9851379999999494,0.014862000000050557
49,0.49005325399999999,SESSION_BRAKE_CAPTURE,0,0,0,0,0,0,6.2636418342590332,1.5165352821350098,nan,nan,nan,nan,-0.024543749168515205,0,0,0,34,34,0,0,1,1,10.000188000000021,0.00018800000002094919
50,0.50005405599999997,SESSION_BRAKE_CAPTURE,0,0,0,0,0,0,6.2636418342590332,1.5163435935974121,nan,nan,nan,nan,0.34361249208450317,-0.36815625429153442,0,0,34,34,0,0,1,1,10.000801999999975,0.00080199999997532245
51,0.51005311399999997,SESSION_BRAKE_CAPTURE,0,0,0,0,0,0,6.2636418342590332,1.5165352821350098,nan,nan,nan,nan,-0.12271875143051147,0,0,0,34,34,0,0,1,1,9.9990580000000051,0.00094199999999489137
52,0.52005291899999995,SESSION_BRAKE_CAPTURE,0,0,0,0,0,0,6.2636418342590332,1.5163435935974121,nan,nan,nan,nan,-0.098174996674060822,0,0,0,34,34,0,0,1,1,9.9998049999999736,0.00019500000002636853
53,0.53007179900000001,SESSION_BRAKE_CAPTURE,0,0,0,0,0,0,6.2634501457214355,1.5165352821350098,nan,nan,nan,nan,-0.34361249208450317,0,0,0,34,34,0,0,1,1,10.018880000000063,0.018880000000063291
54,0.54005344499999997,SESSION_BRAKE_CAPTURE,0,0,0,0,0,0,6.2634501457214355,1.5163435935974121,nan,nan,nan,nan,-0.36815625429153442,-0.36815625429153442,0,0,34,34,0,0,1,1,9.9816459999999552,0.018354000000044834
55,0.55007113600000002,SESSION_BRAKE_CAPTURE,0,0,0,0,0,0,6.2636418342590332,1.5165352821350098,nan,nan,nan,nan,0,0,0,0,34,34,0,0,1,1,10.017691000000051,0.017691000000050749
56,0.56005327599999999,SESSION_BRAKE_CAPTURE,0,0,0,0,0,0,6.2636418342590332,1.5165352821350098,nan,nan,nan,nan,0,0.024543749168515205,0,0,34,34,0,0,1,1,9.9821399999999727,0.017860000000027298
57,0.57007155300000001,SESSION_BRAKE_CAPTURE,0,0,0,0,0,0,6.2632579803466797,1.5161517858505249,nan,nan,nan,nan,-0.78539997339248657,-0.68722498416900635,0,0,34,34,0,0,1,1,10.018277000000019,0.018277000000018973
58,0.58005263100000004,SESSION_BRAKE_CAPTURE,0,0,0,0,0,0,6.2636418342590332,1.5165352821350098,nan,nan,nan,nan,0,0,0,0,34,34,0,0,1,1,9.9810780000000321,0.018921999999967909
59,0.59006771700000005,SESSION_BRAKE_CAPTURE,0,0,0,0,0,0,6.2634501457214355,1.5165352821350098,nan,nan,nan,nan,-0.36815625429153442,0.024543749168515205,0,0,34,34,0,0,1,1,10.015086000000007,0.01508600000000726
60,0.60006679699999999,SESSION_BRAKE_CAPTURE,0,0,0,0,0,0,6.2636418342590332,1.5165352821350098,nan,nan,nan,nan,-0.31906875967979431,0.098174996674060822,0,0,34,34,0,0,1,1,9.9990799999999389,0.00092000000006109417
61,0.61006656999999997,SESSION_BRAKE_CAPTURE,0,0,0,0,0,0,6.2634501457214355,1.5165352821350098,nan,nan,nan,nan,-0.44178751111030579,0,0,0,34,34,0,0,1,1,9.9997729999999905,0.00022700000000952514
62,0.62007054800000005,SESSION_BRAKE_CAPTURE,0,0,0,0,0,0,6.2634501457214355,1.5165352821350098,nan,nan,nan,nan,-0.44178751111030579,0.024543749168515205,0,0,34,34,0,0,1,1,10.00397800000008,0.0039780000000799731
63,0.63007338099999999,SESSION_BRAKE_CAPTURE,0,0,0,0,0,0,6.2636418342590332,1.5165352821350098,nan,nan,nan,nan,0.073631249368190765,0.024543749168515205,0,0,34,34,0,0,1,1,10.002832999999933,0.00283299999993325
64,0.64005267899999996,SESSION_BRAKE_CAPTURE,0,0,0,0,0,0,6.2634501457214355,1.5165352821350098,nan,nan,nan,nan,-0.36815625429153442,0,0,0,34,34,0,0,1,1,9.9792979999999698,0.020702000000030196
65,0.65005258499999996,SESSION_BRAKE_CAPTURE,0,0,0,0,0,0,6.2636418342590332,1.5163435935974121,nan,nan,nan,nan,0,-0.36815625429153442,0,0,34,34,0,0,1,1,9.9999060000000028,9.3999999997151917e-05
66,0.66006681199999995,SESSION_BRAKE_CAPTURE,0,0,0,0,0,0,6.2636418342590332,1.5165352821350098,nan,nan,nan,nan,0,0,0,0,34,34,0,0,1,1,10.014226999999988,0.014226999999987555
67,0.67006788900000003,SESSION_BRAKE_CAPTURE,0,0,0,0,0,0,6.2636418342590332,1.5163435935974121,nan,nan,nan,nan,-0.024543749168515205,-0.36815625429153442,0,0,34,34,0,0,1,1,10.00107700000008,0.0010770000000803748
68,0.68007058099999995,SESSION_BRAKE_CAPTURE,0,0,0,0,0,0,6.2634501457214355,1.5165352821350098,nan,nan,nan,nan,-0.34361249208450317,0,0,0,34,34,0,0,1,1,10.002691999999925,0.0026919999999250876
69,0.690072189,SESSION_BRAKE_CAPTURE,0,0,0,0,0,0,6.2636418342590332,1.5165352821350098,nan,nan,nan,nan,-0.073631249368190765,0,0,0,34,34,0,0,1,1,10.001608000000051,0.00160800000005068
70,0.70007166300000001,SESSION_BRAKE_CAPTURE,0,0,0,0,0,0,6.2636418342590332,1.5163435935974121,nan,nan,nan,nan,-0.12271875143051147,-0.31906875967979431,0,0,34,34,0,0,1,1,9.9994740000000082,0.0005259999999918108
71,0.71005289699999996,SESSION_BRAKE_CAPTURE,0,0,0,0,0,0,6.2636418342590332,1.5163435935974121,nan,nan,nan,nan,0.024543749168515205,-0.36815625429153442,0,0,34,34,0,0,1,1,9.9812339999999509,0.018766000000049132
72,0.72005269000000005,SESSION_BRAKE_CAPTURE,0,0,0,0,0,0,6.2636418342590332,1.5165352821350098,nan,nan,nan,nan,0,0.049087498337030411,0,0,34,34,0,0,1,1,9.9997930000000892,0.00020699999991080631
73,0.73006743699999999,SESSION_BRAKE_CAPTURE,0,0,0,0,0,0,6.2636418342590332,1.5165352821350098,nan,nan,nan,nan,0,0,0,0,34,34,0,0,1,1,10.014746999999936,0.014746999999935895
74,0.74005249500000003,SESSION_BRAKE_CAPTURE,0,0,0,0,0,0,6.2634501457214355,1.5165352821350098,nan,nan,nan,nan,-0.39269998669624329,0.049087498337030411,0,0,34,34,0,0,1,1,9.9850580000000466,0.014941999999953381
75,0.75007049800000003,SESSION_BRAKE_CAPTURE,0,0,0,0,0,0,6.2634501457214355,1.5165352821350098,nan,nan,nan,nan,0,0,0,0,34,34,0,0,1,1,10.018002999999997,0.018002999999996661
76,0.76007013499999998,SESSION_BRAKE_CAPTURE,0,0,0,0,0,0,6.2636418342590332,1.5165352821350098,nan,nan,nan,nan,0,0.098174996674060822,0,0,34,34,0,0,1,1,9.9996369999999501,0.00036300000004985122
77,0.77005305400000001,SESSION_BRAKE_CAPTURE,0,0,0,0,0,0,6.2636418342590332,1.5165352821350098,nan,nan,nan,nan,-0.073631249368190765,0,0,0,34,34,0,0,1,1,9.9829190000000345,0.017080999999965485
78,0.78006657400000001,SESSION_BRAKE_CAPTURE,0,0,0,0,0,0,6.2636418342590332,1.5165352821350098,nan,nan,nan,nan,-0.024543749168515205,0,0,0,34,34,0,0,1,1,10.013519999999998,0.013519999999997978
79,0.79005262899999995,SESSION_BRAKE_CAPTURE,0,0,0,0,0,0,6.2636418342590332,1.5165352821350098,nan,nan,nan,nan,-0.024543749168515205,0,0,0,34,34,0,0,1,1,9.9860549999999382,0.013945000000061825
80,0.80006635400000004,SESSION_BRAKE_CAPTURE,0,0,0,0,0,0,6.2634501457214355,1.5165352821350098,nan,nan,nan,nan,-0.36815625429153442,0,0,0,34,34,0,0,1,1,10.013725000000084,0.013725000000084364
81,0.81007042200000001,SESSION_BRAKE_CAPTURE,0,0,0,0,0,0,6.2634501457214355,1.5163435935974121,nan,nan,nan,nan,-0.39269998669624329,-0.36815625429153442,0,0,34,34,0,0,1,1,10.004067999999977,0.0040679999999770899
82,0.82007170699999998,SESSION_BRAKE_CAPTURE,0,0,0,0,0,0,6.2636418342590332,1.5165352821350098,nan,nan,nan,nan,0.7117687463760376,0.073631249368190765,0,0,34,34,0,0,1,1,10.001284999999971,0.0012849999999708928
83,0.83007014599999995,SESSION_BRAKE_CAPTURE,0,0,0,0,0,0,6.2636418342590332,1.5165352821350098,nan,nan,nan,nan,0.024543749168515205,-0.36815625429153442,0,0,34,34,0,0,1,1,9.9984389999999692,0.0015610000000307878
84,0.84006724200000005,SESSION_BRAKE_CAPTURE,0,0,0,0,0,0,6.2636418342590332,1.5165352821350098,nan,nan,nan,nan,-0.024543749168515205,0,0,0,34,34,0,0,1,1,9.997096000000095,0.0029039999999049826
85,0.850052857,SESSION_BRAKE_CAPTURE,0,0,0,0,0,0,6.2634501457214355,1.5165352821350098,nan,nan,nan,nan,0,0,0,0,34,34,0,0,1,1,9.9856149999999477,0.014385000000052273
86,0.86006721600000002,SESSION_BRAKE_CAPTURE,0,0,0,0,0,0,6.2636418342590332,1.516727089881897,nan,nan,nan,nan,-0.073631249368190765,0.34361249208450317,0,0,34,34,0,0,1,1,10.014359000000027,0.014359000000027322
87,0.87006752200000004,SESSION_BRAKE_CAPTURE,0,0,0,0,0,0,6.2636418342590332,1.5165352821350098,nan,nan,nan,nan,0,0,0,0,34,34,0,0,1,1,10.000306000000014,0.00030600000001435035
88,0.88007202600000001,SESSION_BRAKE_CAPTURE,0,0,0,0,0,0,6.2636418342590332,1.5163435935974121,nan,nan,nan,nan,0,-0.34361249208450317,0,0,34,34,0,0,1,1,10.004503999999969,0.0045039999999687552
89,0.890069687,SESSION_BRAKE_CAPTURE,0,0,0,0,0,0,6.2636418342590332,1.5163435935974121,nan,nan,nan,nan,-0.12271875143051147,-0.36815625429153442,0,0,34,34,0,0,1,1,9.9976609999999901,0.002339000000009861
90,0.90007019099999996,SESSION_BRAKE_CAPTURE,0,0,0,0,0,0,6.2636418342590332,1.5165352821350098,nan,nan,nan,nan,-0.049087498337030411,-0.31906875967979431,0,0,34,34,0,0,1,1,10.000503999999966,0.00050399999996564304
91,0.910071089,SESSION_BRAKE_CAPTURE,0,0,0,0,0,0,6.2636418342590332,1.5163435935974121,nan,nan,nan,nan,-0.049087498337030411,-0.36815625429153442,0,0,34,34,0,0,1,1,10.000898000000035,0.00089800000003492642
92,0.92007021600000005,SESSION_BRAKE_CAPTURE,0,0,0,0,0,0,6.2636418342590332,1.5165352821350098,nan,nan,nan,nan,0.34361249208450317,0,0,0,34,34,0,0,1,1,9.9991270000000512,0.00087299999994883137
93,0.93007011799999995,SESSION_BRAKE_CAPTURE,0,0,0,0,0,0,6.2634501457214355,1.5161517858505249,nan,nan,nan,nan,-0.34361249208450317,-0.68722498416900635,0,0,34,34,0,0,1,1,9.9999019999998939,9.8000000106068796e-05
94,0.94006964299999995,SESSION_BRAKE_CAPTURE,0,0,0,0,0,0,6.2636418342590332,1.5165352821350098,nan,nan,nan,nan,-0.024543749168515205,0.024543749168515205,0,0,34,34,0,0,1,1,9.9995250000000091,0.00047499999999089937
95,0.95007151599999995,SESSION_BRAKE_CAPTURE,0,0,0,0,0,0,6.2634501457214355,1.5163435935974121,nan,nan,nan,nan,-0.34361249208450317,-0.19634999334812164,0,0,34,34,0,0,1,1,10.001872999999994,0.0018729999999944624
96,0.96007027899999997,SESSION_BRAKE_CAPTURE,0,0,0,0,0,0,6.2634501457214355,1.5165352821350098,nan,nan,nan,nan,-0.34361249208450317,0,0,0,34,34,0,0,1,1,9.9987630000000216,0.0012369999999783943
97,0.97007114000000005,SESSION_BRAKE_CAPTURE,0,0,0,0,0,0,6.2636418342590332,1.5165352821350098,nan,nan,nan,nan,0.073631249368190765,-0.049087498337030411,0,0,34,34,0,0,1,1,10.000861000000082,0.00086100000008215716
98,0.98005264299999995,SESSION_BRAKE_CAPTURE,0,0,0,0,0,0,6.2636418342590332,1.5163435935974121,nan,nan,nan,nan,0,-0.36815625429153442,0,0,34,34,0,0,1,1,9.9815029999998917,0.018497000000108343
99,0.99005265499999995,SESSION_BRAKE_CAPTURE,0,0,0,0,0,0,6.2636418342590332,1.5165352821350098,nan,nan,nan,nan,-0.049087498337030411,0,0,0,34,34,0,0,1,1,10.000012000000002,1.2000000001677336e-05
100,0.99185547299999999,DUAL_ROUTE_PRE_HOLD,1,1,6.2636418342590332,1.5165352821350098,-0,0,6.2636418342590332,1.5165352821350098,-0,0,0,-0,0,0.049087498337030411,0,0,34,34,0,0,1,1,1.8028180000000393,8.1971819999999607
101,1.001907224,DUAL_ROUTE_PRE_HOLD,1,1,6.2636418342590332,1.5165352821350098,-0,0,6.2638335227966309,1.5165352821350098,-3.0282549748504178e-05,0,-1.5141274874252089e-05,-3.0282549748504178e-05,0.024543749168515205,-0.26998123526573181,0,0,34,34,0,0,1,1,10.051750999999998,0.05175099999999766
102,1.0119076659999999,DUAL_ROUTE_PRE_HOLD,1,1,6.2636418342590332,1.5165352821350098,-0,0,6.2636418342590332,1.516727089881897,-0,3.0301382179939815e-05,1.5150691089969908e-05,-3.0301382179939815e-05,-0.36815625429153442,0.024543749168515205,0,0,34,34,0,0,1,1,10.000441999999943,0.00044199999994276595
103,1.021907999,DUAL_ROUTE_PRE_HOLD,1,1,6.2636418342590332,1.5165352821350098,-0,0,6.2636418342590332,1.516727089881897,-0,3.0301382179939815e-05,1.5150691089969908e-05,-3.0301382179939815e-05,-0.36815625429153442,-0.24543750286102295,0,0,34,34,0,0,1,1,10.000333000000028,0.00033300000002789432
104,1.0319073299999999,DUAL_ROUTE_PRE_HOLD,1,1,6.2636418342590332,1.5165352821350098,-0,0,6.2638335227966309,1.516727089881897,-3.0282549748504178e-05,3.0301382179939815e-05,9.4162157178184107e-09,-6.0583931928443994e-05,0,0.049087498337030411,0,0,34,34,0,0,1,1,9.9993309999999447,0.00066900000005531979
105,1.0419074660000001,DUAL_ROUTE_PRE_HOLD,1,1,6.2636418342590332,1.5165352821350098,-0,0,6.2636418342590332,1.5165352821350098,-0,0,0,-0,-0.24543750286102295,-0.24543750286102295,0.00390625,0,34,34,0,0,1,1,10.000136000000159,0.00013600000015934199
106,1.0519110620000001,DUAL_ROUTE_PRE_HOLD,1,1,6.2636418342590332,1.5165352821350098,-0,0,6.2638335227966309,1.5165352821350098,-3.0282549748504178e-05,0,-1.5141274874252089e-05,-3.0282549748504178e-05,-0.17180624604225159,-0.24543750286102295,-0.00390625,0,34,34,0,0,1,1,10.003596000000003,0.0035960000000034853
107,1.0619092530000001,DUAL_ROUTE_PRE_HOLD,1,1,6.2636418342590332,1.5165352821350098,-0,0,6.2638335227966309,1.516727089881897,-3.0282549748504178e-05,3.0301382179939815e-05,9.4162157178184107e-09,-6.0583931928443994e-05,0,0.049087498337030411,0,-0.00390625,34,34,0,0,1,1,9.9981909999999896,0.0018090000000103856
108,1.071907505,DUAL_ROUTE_PRE_HOLD,1,1,6.2636418342590332,1.5165352821350098,-0,0,6.2638335227966309,1.516727089881897,-3.0282549748504178e-05,3.0301382179939815e-05,9.4162157178184107e-09,-6.0583931928443994e-05,0,0.049087498337030411,0,0,34,34,0,0,1,1,9.9982519999999298,0.0017480000000702489
109,1.0819084109999999,DUAL_ROUTE_PRE_HOLD,1,1,6.2636418342590332,1.5165352821350098,-0,0,6.2638335227966309,1.5165352821350098,-3.0282549748504178e-05,0,-1.5141274874252089e-05,-3.0282549748504178e-05,-0.24543750286102295,-0.17180624604225159,0,0,34,34,0,0,1,1,10.000905999999921,0.00090599999992058144
110,1.0919081879999999,DUAL_ROUTE_PRE_HOLD,1,1,6.2636418342590332,1.5165352821350098,-0,0,6.2636418342590332,1.516727089881897,-0,3.0301382179939815e-05,1.5150691089969908e-05,-3.0301382179939815e-05,0,-0.24543750286102295,0,0.0078125,34,34,0,0,1,1,9.9997769999999875,0.00022300000001251874
111,1.101908755,DUAL_ROUTE_PRE_HOLD,1,1,6.2636418342590332,1.5165352821350098,-0,0,6.2636418342590332,1.516727089881897,-0,3.0301382179939815e-05,1.5150691089969908e-05,-3.0301382179939815e-05,-0.4908750057220459,-0.024543749168515205,0,0.00390625,34,34,0,0,1,1,10.000567000000071,0.0005670000000712605
112,1.111907333,DUAL_ROUTE_PRE_HOLD,1,1,6.2636418342590332,1.5165352821350098,-0,0,6.2638335227966309,1.5165352821350098,-3.0282549748504178e-05,0,-1.5141274874252089e-05,-3.0282549748504178e-05,-0.17180624604225159,-0.39269998669624329,-0.00390625,0,34,34,0,0,1,1,9.9985780000000357,0.0014219999999642852
113,1.1219074449999999,DUAL_ROUTE_PRE_HOLD,1,1,6.2636418342590332,1.5165352821350098,-0,0,6.2638335227966309,1.5165352821350098,-3.0282549748504178e-05,0,-1.5141274874252089e-05,-3.0282549748504178e-05,0,0,0,0,34,34,0,0,1,1,10.00011199999995,0.00011199999994992993
114,1.1319073049999999,DUAL_ROUTE_PRE_HOLD,1,1,6.2636418342590332,1.5165352821350098,-0,0,6.2636418342590332,1.516727089881897,-0,3.0301382179939815e-05,1.5150691089969908e-05,-3.0301382179939815e-05,-0.53996247053146362,0.12271875143051147,0,0,34,34,0,0,1,1,9.9998599999999715,0.0001400000000284507
115,1.141912378,DUAL_ROUTE_PRE_HOLD,1,1,6.2636418342590332,1.5165352821350098,-0,0,6.2638335227966309,1.516727089881897,-3.0282549748504178e-05,3.0301382179939815e-05,9.4162157178184107e-09,-6.0583931928443994e-05,-0.049087498337030411,0.12271875143051147,0,0.00390625,34,34,0,0,1,1,10.005073000000086,0.0050730000000864806
116,1.15190814,DUAL_ROUTE_PRE_HOLD,1,1,6.2636418342590332,1.5165352821350098,-0,0,6.2638335227966309,1.516727089881897,-3.0282549748504178e-05,3.0301382179939815e-05,9.4162157178184107e-09,-6.0583931928443994e-05,0.12271875143051147,0.12271875143051147,0,0,34,34,0,0,1,1,9.9957619999999636,0.0042380000000363793
117,1.1619077149999999,DUAL_ROUTE_PRE_HOLD,1,1,6.2636418342590332,1.5165352821350098,-0,0,6.2640252113342285,1.5165352821350098,-6.0565099497008357e-05,0,-3.0282549748504178e-05,-6.0565099497008357e-05,0.17180624604225159,-0.36815625429153442,0,0,34,34,0,0,1,1,9.9995749999999273,0.00042500000007272831
118,1.1719077010000001,DUAL_ROUTE_PRE_HOLD,1,1,6.2636418342590332,1.5165352821350098,-0,0,6.2636418342590332,1.516727089881897,-0,3.0301382179939815e-05,1.5150691089969908e-05,-3.0301382179939815e-05,-0.31906875967979431,0.098174996674060822,0.00390625,0,34,34,0,0,1,1,9.9999860000001828,1.399999981721578e-05
119,1.1819074519999999,DUAL_ROUTE_PRE_HOLD,1,1,6.2636418342590332,1.5165352821350098,-0,0,6.2638335227966309,1.5165352821350098,-3.0282549748504178e-05,0,-1.5141274874252089e-05,-3.0282549748504178e-05,-0.073631249368190765,-0.098174996674060822,0.00390625,0,34,34,0,0,1,1,9.9997509999998346,0.00024900000016536694
120,1.1919075610000001,DUAL_ROUTE_PRE_HOLD,1,1,6.2636418342590332,1.5165352821350098,-0,0,6.2636418342590332,1.5165352821350098,-0,0,0,-0,-0.36815625429153442,0.024543749168515205,0,0.00390625,34,34,0,0,1,1,10.000109000000146,0.00010900000014579803
121,1.201907241,DUAL_ROUTE_PRE_HOLD,1,1,6.2636418342590332,1.5165352821350098,-0,0,6.2638335227966309,1.5165352821350098,-3.0282549748504178e-05,0,-1.5141274874252089e-05,-3.0282549748504178e-05,0.073631249368190765,-0.22089375555515289,0.00390625,0.0078125,34,34,0,0,1,1,9.9996799999999553,0.00032000000004472895
122,1.2119083180000001,DUAL_ROUTE_PRE_HOLD,1,1,6.2636418342590332,1.5165352821350098,-0,0,6.2638335227966309,1.5165352821350098,-3.0282549748504178e-05,0,-1.5141274874252089e-05,-3.0282549748504178e-05,-0.12271875143051147,-0.24543750286102295,0,0,34,34,0,0,1,1,10.00107700000008,0.0010770000000803748
123,1.2219087930000001,DUAL_ROUTE_PRE_HOLD,1,1,6.2636418342590332,1.5165352821350098,-0,0,6.2638335227966309,1.5165352821350098,-3.0282549748504178e-05,0,-1.5141274874252089e-05,-3.0282549748504178e-05,-0.049087498337030411,-0.24543750286102295,0,0,34,34,0,0,1,1,10.000475000000009,0.00047500000000866294
124,1.231908623,DUAL_ROUTE_PRE_HOLD,1,1,6.2636418342590332,1.5165352821350098,-0,0,6.2638335227966309,1.516727089881897,-3.0282549748504178e-05,3.0301382179939815e-05,9.4162157178184107e-09,-6.0583931928443994e-05,-0.024543749168515205,0.12271875143051147,0,0,34,34,0,0,1,1,9.9998299999999318,0.00017000000006817118
125,1.2419072769999999,DUAL_ROUTE_PRE_HOLD,1,1,6.2636418342590332,1.5165352821350098,-0,0,6.2638335227966309,1.5165352821350098,-3.0282549748504178e-05,0,-1.5141274874252089e-05,-3.0282549748504178e-05,-0.049087498337030411,-0.24543750286102295,0,0,34,34,0,0,1,1,9.9986539999998847,0.0013460000001153105
126,1.251927107,DUAL_ROUTE_PRE_HOLD,1,1,6.2636418342590332,1.5165352821350098,-0,0,6.2638335227966309,1.5165352821350098,-3.0282549748504178e-05,0,-1.5141274874252089e-05,-3.0282549748504178e-05,-0.17180624604225159,-0.24543750286102295,0,0,34,34,0,0,1,1,10.019830000000063,0.019830000000062853
127,1.261924171,DUAL_ROUTE_PRE_HOLD,1,1,6.2636418342590332,1.5165352821350098,-0,0,6.2638335227966309,1.5165352821350098,-3.0282549748504178e-05,0,-1.5141274874252089e-05,-3.0282549748504178e-05,0,-0.098174996674060822,0,0,34,34,0,0,1,1,9.997064,0.0029360000000000497
128,1.2719079529999999,DUAL_ROUTE_PRE_HOLD,1,1,6.2636418342590332,1.5165352821350098,-0,0,6.2638335227966309,1.5165352821350098,-3.0282549748504178e-05,0,-1.5141274874252089e-05,-3.0282549748504178e-05,-0.17180624604225159,-0.24543750286102295,0,0,34,34,0,0,1,1,9.9837819999999411,0.016218000000058908
129,1.2819080169999999,DUAL_ROUTE_PRE_HOLD,1,1,6.2636418342590332,1.5165352821350098,-0,0,6.2640252113342285,1.5165352821350098,-6.0565099497008357e-05,0,-3.0282549748504178e-05,-6.0565099497008357e-05,-0.24543750286102295,-0.24543750286102295,0,0,34,34,0,0,1,1,10.000063999999975,6.399999997519501e-05
130,1.2919079010000001,DUAL_ROUTE_PRE_HOLD,1,1,6.2636418342590332,1.5165352821350098,-0,0,6.2640252113342285,1.5165352821350098,-6.0565099497008357e-05,0,-3.0282549748504178e-05,-6.0565099497008357e-05,0.31906875967979431,-0.073631249368190765,0,-0.00390625,34,34,0,0,1,1,9.999884000000181,0.00011599999981903863
131,1.301925427,DUAL_ROUTE_PRE_HOLD,1,1,6.2636418342590332,1.5165352821350098,-0,0,6.2638335227966309,1.5165352821350098,-3.0282549748504178e-05,0,-1.5141274874252089e-05,-3.0282549748504178e-05,-0.24543750286102295,0,0,-0.0078125,34,34,0,0,1,1,10.017525999999943,0.017525999999943309
132,1.31190743,DUAL_ROUTE_PRE_HOLD,1,1,6.2636418342590332,1.5165352821350098,-0,0,6.2638335227966309,1.5169187784194946,-3.0282549748504178e-05,6.0583931928443994e-05,1.5150691089969908e-05,-9.0866481676948172e-05,-0.14726249873638153,0.6626812219619751,0.00390625,0,34,34,0,0,1,1,9.9820029999999615,0.017997000000038454
133,1.321924597,DUAL_ROUTE_PRE_HOLD,1,1,6.2636418342590332,1.5165352821350098,-0,0,6.2640252113342285,1.5165352821350098,-6.0565099497008357e-05,0,-3.0282549748504178e-05,-6.0565099497008357e-05,0.29452499747276306,-0.19634999334812164,-0.00390625,0.00390625,34,34,0,0,1,1,10.017166999999993,0.017166999999993493
134,1.3319076780000001,DUAL_ROUTE_PRE_HOLD,1,1,6.2636418342590332,1.5165352821350098,-0,0,6.2638335227966309,1.5165352821350098,-3.0282549748504178e-05,0,-1.5141274874252089e-05,-3.0282549748504178e-05,-0.34361249208450317,-0.098174996674060822,0,0,34,34,0,0,1,1,9.9830810000001158,0.016918999999884221
135,1.3419073939999999,DUAL_ROUTE_PRE_HOLD,1,1,6.2636418342590332,1.5165352821350098,-0,0,6.2638335227966309,1.5165352821350098,-3.0282549748504178e-05,0,-1.5141274874252089e-05,-3.0282549748504178e-05,-0.24543750286102295,-0.049087498337030411,0,-0.00390625,34,34,0,0,1,1,9.9997159999998253,0.00028400000017470006
136,1.3519106809999999,DUAL_ROUTE_PRE_HOLD,1,1,6.2636418342590332,1.5165352821350098,-0,0,6.2638335227966309,1.5165352821350098,-3.0282549748504178e-05,0,-1.5141274874252089e-05,-3.0282549748504178e-05,-0.17180624604225159,0,0,-0.0078125,34,34,0,0,1,1,10.003286999999972,0.0032869999999718402
137,1.3619257090000001,DUAL_ROUTE_PRE_HOLD,1,1,6.2636418342590332,1.5165352821350098,-0,0,6.2636418342590332,1.5165352821350098,-0,0,0,-0,-0.58904999494552612,-0.14726249873638153,0,-0.0078125,34,34,0,0,1,1,10.015028000000203,0.015028000000203434
138,1.3719074449999999,DUAL_ROUTE_PRE_HOLD,1,1,6.2636418342590332,1.5165352821350098,-0,0,6.2638335227966309,1.5165352821350098,-3.0282549748504178e-05,0,-1.5141274874252089e-05,-3.0282549748504178e-05,-0.12271875143051147,-0.14726249873638153,0,0,34,34,0,0,1,1,9.9817359999998523,0.018264000000147718
139,1.3819251720000001,DUAL_ROUTE_PRE_HOLD,1,1,6.2636418342590332,1.5165352821350098,-0,0,6.2638335227966309,1.5165352821350098,-3.0282549748504178e-05,0,-1.5141274874252089e-05,-3.0282549748504178e-05,-0.12271875143051147,-0.049087498337030411,0.00390625,0,34,34,0,0,1,1,10.017727000000143,0.017727000000142823
140,1.3919071970000001,DUAL_ROUTE_PRE_HOLD,1,1,6.2636418342590332,1.5165352821350098,-0,0,6.2640252113342285,1.5163435935974121,-6.0565099497008357e-05,-3.0282549748504178e-05,-4.5423824622756271e-05,-3.0282549748504178e-05,0.24543750286102295,-0.31906875967979431,0.00390625,0,34,34,0,0,1,1,9.9820250000000055,0.017974999999994523
141,1.401933834,DUAL_ROUTE_PRE_HOLD,1,1,6.2636418342590332,1.5165352821350098,-0,0,6.2640252113342285,1.5165352821350098,-6.0565099497008357e-05,0,-3.0282549748504178e-05,-6.0565099497008357e-05,-0.39269998669624329,0,0.00390625,0,34,34,0,0,1,1,10.026636999999949,0.026636999999949396
142,1.4119075000000001,DUAL_ROUTE_PRE_HOLD,1,1,6.2636418342590332,1.5165352821350098,-0,0,6.2638335227966309,1.5165352821350098,-3.0282549748504178e-05,0,-1.5141274874252089e-05,-3.0282549748504178e-05,-0.098174996674060822,0,0.00390625,0,34,34,0,0,1,1,9.9736660000000477,0.02633399999995234
143,1.4219244609999999,DUAL_ROUTE_PRE_HOLD,1,1,6.2636418342590332,1.5165352821350098,-0,0,6.2638335227966309,1.5165352821350098,-3.0282549748504178e-05,0,-1.5141274874252089e-05,-3.0282549748504178e-05,-0.14726249873638153,0.049087498337030411,0,-0.00390625,34,34,0,0,1,1,10.016960999999824,0.016960999999824367
144,1.4319086000000001,DUAL_ROUTE_PRE_HOLD,1,1,6.2636418342590332,1.5165352821350098,-0,0,6.2638335227966309,1.5165352821350098,-3.0282549748504178e-05,0,-1.5141274874252089e-05,-3.0282549748504178e-05,-0.14726249873638153,0,0.00390625,0,34,34,0,0,1,1,9.9841390000001695,0.015860999999830483
145,1.4419254539999999,DUAL_ROUTE_PRE_HOLD,1,1,6.2636418342590332,1.5165352821350098,-0,0,6.2638335227966309,1.5163435935974121,-3.0282549748504178e-05,-3.0282549748504178e-05,-3.0282549748504178e-05,0,-0.29452499747276306,0,-0.00390625,-0.00390625,34,34,0,0,1,1,10.016853999999853,0.016853999999852931
146,1.451926313,DUAL_ROUTE_PRE_HOLD,1,1,6.2636418342590332,1.5165352821350098,-0,0,6.2638335227966309,1.5165352821350098,-3.0282549748504178e-05,0,-1.5141274874252089e-05,-3.0282549748504178e-05,-0.19634999334812164,-0.098174996674060822,0,0,34,34,0,0,1,1,10.000859000000029,0.0008590000000285869
147,1.46192408,DUAL_ROUTE_PRE_HOLD,1,1,6.2636418342590332,1.5165352821350098,-0,0,6.2638335227966309,1.5165352821350098,-3.0282549748504178e-05,0,-1.5141274874252089e-05,-3.0282549748504178e-05,-0.24543750286102295,-0.024543749168515205,0,0,34,34,0,0,1,1,9.9977669999999907,0.0022330000000092554
148,1.471907648,DUAL_ROUTE_PRE_HOLD,1,1,6.2636418342590332,1.5165352821350098,-0,0,6.2640252113342285,1.5163435935974121,-6.0565099497008357e-05,-3.0282549748504178e-05,-4.5423824622756271e-05,-3.0282549748504178e-05,-0.22089375555515289,-0.39269998669624329,0,0,34,34,0,0,1,1,9.9835679999999982,0.016432000000001779
149,1.4819271970000001,DUAL_ROUTE_PRE_HOLD,1,1,6.2636418342590332,1.5165352821350098,-0,0,6.2638335227966309,1.5165352821350098,-3.0282549748504178e-05,0,-1.5141274874252089e-05,-3.0282549748504178e-05,-0.24543750286102295,0,0,0.0078125,34,34,0,0,1,1,10.019549000000127,0.019549000000127492
150,1.4919072440000001,DUAL_ROUTE_PRE_HOLD,1,1,6.2636418342590332,1.5165352821350098,-0,0,6.2638335227966309,1.5165352821350098,-3.0282549748504178e-05,0,-1.5141274874252089e-05,-3.0282549748504178e-05,-0.31906875967979431,-0.024543749168515205,-0.00390625,0,34,34,0,0,1,1,9.9800469999999919,0.019953000000008103
151,1.501925519,DUAL_ROUTE_PRE_HOLD,1,1,6.2636418342590332,1.5165352821350098,-0,0,6.2640252113342285,1.5165352821350098,-6.0565099497008357e-05,0,-3.0282549748504178e-05,-6.0565099497008357e-05,0.12271875143051147,-0.098174996674060822,0,0,34,34,0,0,1,1,10.018274999999965,0.018274999999965402
152,1.5119073730000001,DUAL_ROUTE_PRE_HOLD,1,1,6.2636418342590332,1.5165352821350098,-0,0,6.2640252113342285,1.5165352821350098,-6.0565099497008357e-05,0,-3.0282549748504178e-05,-6.0565099497008357e-05,0.17180624604225159,0.073631249368190765,0,0,34,34,0,0,1,1,9.9818540000000677,0.018145999999932272
153,1.521923168,DUAL_ROUTE_PRE_HOLD,1,1,6.2636418342590332,1.5165352821350098,-0,0,6.2638335227966309,1.5165352821350098,-3.0282549748504178e-05,0,-1.5141274874252089e-05,-3.0282549748504178e-05,-0.22089375555515289,0,0.00390625,0,34,34,0,0,1,1,10.015794999999938,0.015794999999938497
154,1.531907288,DUAL_ROUTE_PRE_HOLD,1,1,6.2636418342590332,1.5165352821350098,-0,0,6.2638335227966309,1.5165352821350098,-3.0282549748504178e-05,0,-1.5141274874252089e-05,-3.0282549748504178e-05,-0.24543750286102295,-0.024543749168515205,-0.0078125,0,34,34,0,0,1,1,9.9841199999999297,0.015880000000070282
155,1.5419260969999999,DUAL_ROUTE_PRE_HOLD,1,1,6.2636418342590332,1.5165352821350098,-0,0,6.2638335227966309,1.5165352821350098,-3.0282549748504178e-05,0,-1.5141274874252089e-05,-3.0282549748504178e-05,-0.24543750286102295,0,0,-0.0078125,34,34,0,0,1,1,10.018808999999962,0.018808999999961884
156,1.551907248,DUAL_ROUTE_PRE_HOLD,1,1,6.2636418342590332,1.5165352821350098,-0,0,6.2638335227966309,1.5165352821350098,-3.0282549748504178e-05,0,-1.5141274874252089e-05,-3.0282549748504178e-05,-0.34361249208450317,0,0,0,34,34,0,0,1,1,9.9811510000000769,0.018848999999923066
157,1.561925733,DUAL_ROUTE_PRE_HOLD,1,1,6.2636418342590332,1.5165352821350098,-0,0,6.2638335227966309,1.5165352821350098,-3.0282549748504178e-05,0,-1.5141274874252089e-05,-3.0282549748504178e-05,-0.024543749168515205,0,0,-0.00390625,34,34,0,0,1,1,10.018485000000021,0.018485000000021401
158,1.5719079600000001,DUAL_ROUTE_PRE_HOLD,1,1,6.2636418342590332,1.5165352821350098,-0,0,6.2638335227966309,1.5165352821350098,-3.0282549748504178e-05,0,-1.5141274874252089e-05,-3.0282549748504178e-05,-0.22089375555515289,-0.14726249873638153,0,0.0078125,34,34,0,0,1,1,9.9822270000000657,0.017772999999934314
159,1.581926696,DUAL_ROUTE_PRE_HOLD,1,1,6.2636418342590332,1.5165352821350098,-0,0,6.2638335227966309,1.5165352821350098,-3.0282549748504178e-05,0,-1.5141274874252089e-05,-3.0282549748504178e-05,-0.12271875143051147,-0.19634999334812164,0,0,34,34,0,0,1,1,10.018735999999917,0.018735999999917041
160,1.591907199,DUAL_ROUTE_PRE_HOLD,1,1,6.2636418342590332,1.5165352821350098,-0,0,6.2638335227966309,1.5165352821350098,-3.0282549748504178e-05,0,-1.5141274874252089e-05,-3.0282549748504178e-05,0,-0.24543750286102295,-0.00390625,0,34,34,0,0,1,1,9.9805029999999739,0.019497000000026077
161,1.6019270379999999,DUAL_ROUTE_PRE_HOLD,1,1,6.2636418342590332,1.5165352821350098,-0,0,6.2638335227966309,1.516727089881897,-3.0282549748504178e-05,3.0301382179939815e-05,9.4162157178184107e-09,-6.0583931928443994e-05,-0.049087498337030411,0.098174996674060822,0.00390625,0,34,34,0,0,1,1,10.019838999999919,0.019838999999919338
162,1.6119073690000001,DUAL_ROUTE_PRE_HOLD,1,1,6.2636418342590332,1.5165352821350098,-0,0,6.2636418342590332,1.5165352821350098,-0,0,0,-0,-0.39269998669624329,-0.36815625429153442,0,0,34,34,0,0,1,1,9.9803310000001755,0.019668999999824521
163,1.6219271420000001,DUAL_ROUTE_PRE_HOLD,1,1,6.2636418342590332,1.5165352821350098,-0,0,6.2638335227966309,1.5165352821350098,-3.0282549748504178e-05,0,-1.5141274874252089e-05,-3.0282549748504178e-05,0,-0.22089375555515289,0,0,34,34,0,0,1,1,10.01977300000001,0.019773000000009588
164,1.631907327,DUAL_ROUTE_PRE_HOLD,1,1,6.2636418342590332,1.5165352821350098,-0,0,6.2638335227966309,1.5165352821350098,-3.0282549748504178e-05,0,-1.5141274874252089e-05,-3.0282549748504178e-05,-0.024543749168515205,-0.22089375555515289,0,0,34,34,0,0,1,1,9.9801849999998637,0.019815000000136251
165,1.641926207,DUAL_ROUTE_PRE_HOLD,1,1,6.2636418342590332,1.5165352821350098,-0,0,6.2638335227966309,1.5165352821350098,-3.0282549748504178e-05,0,-1.5141274874252089e-05,-3.0282549748504178e-05,-0.17180624604225159,-0.24543750286102295,0,0.00390625,34,34,0,0,1,1,10.018880000000063,0.018880000000063291
166,1.651907274,DUAL_ROUTE_PRE_HOLD,1,1,6.2636418342590332,1.5165352821350098,-0,0,6.2636418342590332,1.516727089881897,-0,3.0301382179939815e-05,1.5150691089969908e-05,-3.0301382179939815e-05,-0.36815625429153442,0.073631249368190765,0,0.0078125,34,34,0,0,1,1,9.9810670000000101,0.018932999999989875
167,1.6619074199999999,DUAL_ROUTE_PRE_HOLD,1,1,6.2636418342590332,1.5165352821350098,-0,0,6.2638335227966309,1.516727089881897,-3.0282549748504178e-05,3.0301382179939815e-05,9.4162157178184107e-09,-6.0583931928443994e-05,-0.12271875143051147,0.14726249873638153,0,0,34,34,0,0,1,1,10.000145999999877,0.00014599999987652268
168,1.671907786,DUAL_ROUTE_PRE_HOLD,1,1,6.2636418342590332,1.5165352821350098,-0,0,6.2638335227966309,1.5165352821350098,-3.0282549748504178e-05,0,-1.5141274874252089e-05,-3.0282549748504178e-05,0.073631249368190765,-0.24543750286102295,0,0,34,34,0,0,1,1,10.000366000000094,0.0003660000000937913
169,1.6819264709999999,DUAL_ROUTE_PRE_HOLD,1,1,6.2636418342590332,1.5165352821350098,-0,0,6.2636418342590332,1.5165352821350098,-0,0,0,-0,-0.39269998669624329,-0.31906875967979431,0,0,34,34,0,0,1,1,10.018684999999916,0.01868499999991613
170,1.6919073979999999,DUAL_ROUTE_PRE_HOLD,1,1,6.2636418342590332,1.5165352821350098,-0,0,6.2636418342590332,1.516727089881897,-0,3.0301382179939815e-05,1.5150691089969908e-05,-3.0301382179939815e-05,-0.44178751111030579,-0.12271875143051147,0,0,34,34,0,0,1,1,9.9809269999999728,0.019073000000027207
171,1.7019075829999999,DUAL_ROUTE_PRE_HOLD,1,1,6.2636418342590332,1.5165352821350098,-0,0,6.2638335227966309,1.5165352821350098,-3.0282549748504178e-05,0,-1.5141274874252089e-05,-3.0282549748504178e-05,0.073631249368190765,-0.098174996674060822,0,0,34,34,0,0,1,1,10.000184999999995,0.00018499999999477268
172,1.711907326,DUAL_ROUTE_PRE_HOLD,1,1,6.2636418342590332,1.5165352821350098,-0,0,6.2636418342590332,1.516727089881897,-0,3.0301382179939815e-05,1.5150691089969908e-05,-3.0301382179939815e-05,-0.46633124351501465,0.098174996674060822,0,0.0078125,34,34,0,0,1,1,9.9997430000000609,0.00025699999993911149
173,1.721925978,DUAL_ROUTE_PRE_HOLD,1,1,6.2636418342590332,1.5165352821350098,-0,0,6.2638335227966309,1.5163435935974121,-3.0282549748504178e-05,-3.0282549748504178e-05,-3.0282549748504178e-05,0,-0.17180624604225159,-0.24543750286102295,0,0,34,34,0,0,1,1,10.018652000000072,0.018652000000072277
174,1.7319072280000001,DUAL_ROUTE_PRE_HOLD,1,1,6.2636418342590332,1.5165352821350098,-0,0,6.2638335227966309,1.5165352821350098,-3.0282549748504178e-05,0,-1.5141274874252089e-05,-3.0282549748504178e-05,-0.098174996674060822,-0.24543750286102295,0,-0.00390625,34,34,0,0,1,1,9.9812500000000526,0.01874999999994742
175,1.741927797,DUAL_ROUTE_PRE_HOLD,1,1,6.2636418342590332,1.5165352821350098,-0,0,6.2638335227966309,1.516727089881897,-3.0282549748504178e-05,3.0301382179939815e-05,9.4162157178184107e-09,-6.0583931928443994e-05,-0.17180624604225159,0.049087498337030411,0,0,34,34,0,0,1,1,10.020568999999924,0.020568999999923676
176,1.7519074029999999,DUAL_ROUTE_PRE_HOLD,1,1,6.2636418342590332,1.5165352821350098,-0,0,6.2636418342590332,1.5165352821350098,-0,0,0,-0,-0.39269998669624329,-0.36815625429153442,0.00390625,0,34,34,0,0,1,1,9.9796059999999187,0.020394000000081292
177,1.761926774,DUAL_ROUTE_PRE_HOLD,1,1,6.2636418342590332,1.5165352821350098,-0,0,6.2638335227966309,1.5169187784194946,-3.0282549748504178e-05,6.0583931928443994e-05,1.5150691089969908e-05,-9.0866481676948172e-05,-0.22089375555515289,0.31906875967979431,0.0078125,0,34,34,0,0,1,1,10.019371000000055,0.01937100000005465
178,1.7719073030000001,DUAL_ROUTE_PRE_HOLD,1,1,6.2636418342590332,1.5165352821350098,-0,0,6.2638335227966309,1.5165352821350098,-3.0282549748504178e-05,0,-1.5141274874252089e-05,-3.0282549748504178e-05,0,0,0,0,34,34,0,0,1,1,9.9805290000001268,0.019470999999873229
179,1.7819257239999999,DUAL_ROUTE_PRE_HOLD,1,1,6.2636418342590332,1.5165352821350098,-0,0,6.2636418342590332,1.516727089881897,-0,3.0301382179939815e-05,1.5150691089969908e-05,-3.0301382179939815e-05,-0.36815625429153442,0.12271875143051147,-0.00390625,0,34,34,0,0,1,1,10.018420999999833,0.018420999999833043
180,1.792013144,DUAL_ROUTE_PRE_HOLD,1,1,6.2636418342590332,1.5165352821350098,-0,0,6.2636418342590332,1.516727089881897,-0,3.0301382179939815e-05,1.5150691089969908e-05,-3.0301382179939815e-05,-0.36815625429153442,0,-0.00390625,0.00390625,34,34,0,0,1,1,10.087420000000069,0.087420000000069109
181,1.8020714900000001,DUAL_ROUTE_PRE_HOLD,1,1,6.2636418342590332,1.5165352821350098,-0,0,6.2636418342590332,1.5165352821350098,-0,0,0,-0,-0.24543750286102295,-0.24543750286102295,0.00390625,-0.00390625,34,34,0,0,1,1,10.058346000000107,0.058346000000106812
182,1.8120114460000001,DUAL_ROUTE_PRE_HOLD,1,1,6.2636418342590332,1.5165352821350098,-0,0,6.2638335227966309,1.5165352821350098,-3.0282549748504178e-05,0,-1.5141274874252089e-05,-3.0282549748504178e-05,-0.14726249873638153,-0.098174996674060822,0,0,34,34,0,0,1,1,9.939955999999972,0.060044000000027964
183,1.8220944880000001,DUAL_ROUTE_PRE_HOLD,1,1,6.2636418342590332,1.5165352821350098,-0,0,6.2638335227966309,1.516727089881897,-3.0282549748504178e-05,3.0301382179939815e-05,9.4162157178184107e-09,-6.0583931928443994e-05,0.049087498337030411,0.12271875143051147,0.0078125,0.0078125,34,34,0,0,1,1,10.083041999999987,0.083041999999986515
184,1.8320170549999999,DUAL_ROUTE_PRE_HOLD,1,1,6.2636418342590332,1.5165352821350098,-0,0,6.2638335227966309,1.516727089881897,-3.0282549748504178e-05,3.0301382179939815e-05,9.4162157178184107e-09,-6.0583931928443994e-05,0.024543749168515205,0.098174996674060822,0,0.0078125,34,34,0,0,1,1,9.9225669999998267,0.07743300000017328
185,1.8421110469999999,DUAL_ROUTE_PRE_HOLD,1,1,6.2636418342590332,1.5165352821350098,-0,0,6.2638335227966309,1.5165352821350098,-3.0282549748504178e-05,0,-1.5141274874252089e-05,-3.0282549748504178e-05,-0.41724374890327454,-0.26998123526573181,-0.00390625,0,34,34,0,0,1,1,10.093992000000052,0.09399200000005159
186,1.8520118290000001,DUAL_ROUTE_PRE_HOLD,1,1,6.2636418342590332,1.5165352821350098,-0,0,6.2636418342590332,1.5165352821350098,-0,0,0,-0,-0.36815625429153442,-0.26998123526573181,0,0,34,34,0,0,1,1,9.9007820000001079,0.099217999999892115
187,1.861909987,DUAL_ROUTE_PRE_HOLD,1,1,6.2636418342590332,1.5165352821350098,-0,0,6.2640252113342285,1.5165352821350098,-6.0565099497008357e-05,0,-3.0282549748504178e-05,-6.0565099497008357e-05,0.22089375555515289,-0.58904999494552612,0,0.0078125,34,34,0,0,1,1,9.8981579999999347,0.10184200000006527
188,1.872027224,DUAL_ROUTE_PRE_HOLD,1,1,6.2636418342590332,1.5165352821350098,-0,0,6.2636418342590332,1.5165352821350098,-0,0,0,-0,-0.31906875967979431,-0.24543750286102295,0,0,34,34,0,0,1,1,10.117237000000001,0.11723700000000115
189,1.8820812899999999,DUAL_ROUTE_PRE_HOLD,1,1,6.2636418342590332,1.5165352821350098,-0,0,6.2638335227966309,1.5165352821350098,-3.0282549748504178e-05,0,-1.5141274874252089e-05,-3.0282549748504178e-05,-0.14726249873638153,0.12271875143051147,0,0,34,34,0,0,1,1,10.054065999999917,0.054065999999917125
190,1.892011603,DUAL_ROUTE_PRE_HOLD,1,1,6.2636418342590332,1.5165352821350098,-0,0,6.2638335227966309,1.5165352821350098,-3.0282549748504178e-05,0,-1.5141274874252089e-05,-3.0282549748504178e-05,-0.17180624604225159,-0.31906875967979431,0.00390625,0,34,34,0,0,1,1,9.9303130000001349,0.069686999999865051
191,1.9020579120000001,DUAL_ROUTE_PRE_HOLD,1,1,6.2636418342590332,1.5165352821350098,-0,0,6.2636418342590332,1.5165352821350098,-0,0,0,-0,-0.24543750286102295,-0.31906875967979431,0.00390625,0.0078125,34,34,0,0,1,1,10.046309000000031,0.04630900000003102
192,1.9120107900000001,DUAL_ROUTE_PRE_HOLD,1,1,6.2636418342590332,1.5165352821350098,-0,0,6.2638335227966309,1.5165352821350098,-3.0282549748504178e-05,0,-1.5141274874252089e-05,-3.0282549748504178e-05,0,-0.24543750286102295,0,0,34,34,0,0,1,1,9.9528779999999983,0.047122000000001663
193,1.922093761,DUAL_ROUTE_PRE_HOLD,1,1,6.2636418342590332,1.5165352821350098,-0,0,6.2634501457214355,1.516727089881897,3.0282549748504178e-05,3.0301382179939815e-05,3.0291965964221997e-05,-1.8832431435636821e-08,-0.58904999494552612,0.12271875143051147,0,0,34,34,0,0,1,1,10.082970999999885,0.082970999999885109
194,1.9320149049999999,DUAL_ROUTE_PRE_HOLD,1,1,6.2636418342590332,1.5165352821350098,-0,0,6.2636418342590332,1.5169187784194946,-0,6.0583931928443994e-05,3.0291965964221997e-05,-6.0583931928443994e-05,-0.39269998669624329,0.41724374890327454,0.00390625,0,34,34,0,0,1,1,9.9211439999999929,0.078856000000007143
195,1.942048064,DUAL_ROUTE_PRE_HOLD,1,1,6.2636418342590332,1.5165352821350098,-0,0,6.2638335227966309,1.5165352821350098,-3.0282549748504178e-05,0,-1.5141274874252089e-05,-3.0282549748504178e-05,0.024543749168515205,-0.39269998669624329,0.0078125,0,34,34,0,0,1,1,10.033159000000014,0.033159000000013705
196,1.952040652,DUAL_ROUTE_PRE_HOLD,1,1,6.2636418342590332,1.5165352821350098,-0,0,6.2640252113342285,1.516727089881897,-6.0565099497008357e-05,3.0301382179939815e-05,-1.5131858658534271e-05,-9.0866481676948172e-05,0.34361249208450317,0.073631249368190765,0,0,34,34,0,0,1,1,9.9925880000000245,0.0074119999999755493
197,1.962099203,DUAL_ROUTE_PRE_HOLD,1,1,6.2636418342590332,1.5165352821350098,-0,0,6.2636418342590332,1.5165352821350098,-0,0,0,-0,-0.34361249208450317,-0.17180624604225159,0,0.0078125,34,34,0,0,1,1,10.058550999999971,0.058550999999971154
198,1.9720107630000001,DUAL_ROUTE_PRE_HOLD,1,1,6.2636418342590332,1.5165352821350098,-0,0,6.2638335227966309,1.516727089881897,-3.0282549748504178e-05,3.0301382179939815e-05,9.4162157178184107e-09,-6.0583931928443994e-05,0.049087498337030411,0.098174996674060822,0.00390625,0,34,34,0,0,1,1,9.9115600000001525,0.088439999999847529
199,1.9820557670000001,DUAL_ROUTE_PRE_HOLD,1,1,6.2636418342590332,1.5165352821350098,-0,0,6.2638335227966309,1.516727089881897,-3.0282549748504178e-05,3.0301382179939815e-05,9.4162157178184107e-09,-6.0583931928443994e-05,-0.049087498337030411,-0.36815625429153442,0,0,34,34,0,0,1,1,10.045003999999969,0.045003999999968514
200,1.9920165809999999,PLUS_5_PROFILE,1,1,6.2636418342590332,1.5165352821350098,-0,0,6.2638335227966309,1.5165352821350098,-3.0282549748504178e-05,0,-1.5141274874252089e-05,-3.0282549748504178e-05,-0.049087498337030411,-0.24543750286102295,0,-0.00390625,34,34,0,0,1,1,9.960813999999818,0.03918600000018202
201,2.0019096329999999,PLUS_5_PROFILE,1,1,6.2634761152485536,1.5167010011454893,-0.033143802095898151,0.033143802095898151,6.2636418342590332,1.5169187784194946,-0,6.0583931928443994e-05,3.0291965964221997e-05,-6.0583931928443994e-05,-0.29452499747276306,0.24543750286102295,0.00390625,0,34,34,0,0,1,1,9.8930520000000133,0.10694799999998672
202,2.012019402,PLUS_5_PROFILE,1,1,6.2629789582171149,1.5171981581769278,-0.066287604191796301,0.066287604191796301,6.2636418342590332,1.516727089881897,-0,3.0301382179939815e-05,1.5150691089969908e-05,-3.0301382179939815e-05,-0.29452499747276306,0.049087498337030411,0,0.00390625,34,34,0,0,1,1,10.109769000000046,0.10976900000004619
203,2.022070947,PLUS_5_PROFILE,1,1,6.262150363164718,1.5180267532293252,-0.099431406287694452,0.099431406287694452,6.2638335227966309,1.516727089881897,-3.0282549748504178e-05,3.0301382179939815e-05,9.4162157178184107e-09,-6.0583931928443994e-05,0.12271875143051147,-0.68722498416900635,0,0,34,34,0,0,1,1,10.051545000000051,0.051545000000050578
204,2.0320230339999998,PLUS_5_PROFILE,1,1,6.260990330091361,1.5191867863026816,-0.1325752083835926,0.1325752083835926,6.2636418342590332,1.5171105861663818,-0,9.0885314108383802e-05,4.5442657054191901e-05,-9.0885314108383802e-05,-0.24543750286102295,-0.049087498337030411,-0.00390625,0,34,34,0,0,1,1,9.9520869999998318,0.047913000000168182
205,2.041912237,PLUS_5_PROFILE,1,1,6.2594988589970457,1.520678257396997,-0.16571901047949075,0.16571901047949075,6.2638335227966309,1.5171105861663818,-3.0282549748504178e-05,9.0885314108383802e-05,3.0301382179939812e-05,-0.00012116786385688797,0,0,-0.0078125,0,34,34,0,0,1,1,9.8892030000001796,0.1107969999998204
206,2.0520392319999998,PLUS_5_PROFILE,1,1,6.2576759498817713,1.5225011665122714,-0.1988628125753889,0.1988628125753889,6.2636418342590332,1.5171105861663818,-0,9.0885314108383802e-05,4.5442657054191901e-05,-9.0885314108383802e-05,0.049087498337030411,-0.024543749168515205,0,0.00390625,34,34,0,0,1,1,10.126994999999805,0.12699499999980546
207,2.0620229870000002,PLUS_5_PROFILE,1,1,6.2555216027455378,1.5246555136485047,-0.23200661467128711,0.23200661467128711,6.2636418342590332,1.5171105861663818,-0,9.0885314108383802e-05,4.5442657054191901e-05,-9.0885314108383802e-05,-0.073631249368190765,-0.24543750286102295,-0.01171875,0.01171875,34,34,0,0,1,1,9.9837550000003716,0.016244999999628362
208,2.0720381680000002,PLUS_5_PROFILE,1,1,6.253035817588346,1.5271412988056972,-0.2651504167671852,0.2651504167671852,6.2636418342590332,1.5173022747039795,-0,0.00012116786385688799,6.0583931928443994e-05,-0.00012116786385688799,-0.073631249368190765,0,-0.0078125,0.01171875,34,34,0,0,1,1,10.015180999999984,0.015180999999984124
209,2.0820360959999999,PLUS_5_PROFILE,1,1,6.2502185944101942,1.5299585219838485,-0.29829421886308338,0.29829421886308338,6.2634501457214355,1.5174940824508667,3.0282549748504178e-05,0.00015146924603682779,9.087589789266598e-05,-0.00012118669628832362,-0.34361249208450317,0.12271875143051147,-0.01953125,0.01953125,34,34,0,0,1,1,9.9979279999997672,0.0020720000002327765
210,2.0919750540000002,PLUS_5_PROFILE,1,1,6.2470699332110842,1.5331071831829588,-0.33143802095898151,0.33143802095898151,6.2634501457214355,1.5176857709884644,3.0282549748504178e-05,0.00018175179578533199,0.00010601717276691808,-0.00015146924603682782,-0.26998123526573181,-0.12271875143051147,-0.01953125,0.01953125,34,34,0,0,1,1,9.9389580000002198,0.061041999999780217
211,2.1020841969999999,PLUS_5_PROFILE,1,1,6.243589833991015,1.5365872824030282,-0.36458182305487968,0.36458182305487968,6.2632579803466797,1.5178775787353516,6.0640429222750904e-05,0.0002120531779652718,0.00013634680359401135,-0.00015141274874252091,-0.63813751935958862,0,-0.01953125,0.0234375,34,34,0,0,1,1,10.109142999999765,0.10914299999976507
212,2.112044724,PLUS_5_PROFILE,1,1,6.2397782967499866,1.5403988196440563,-0.39772562515077781,0.39772562515077781,6.2634501457214355,1.5176857709884644,3.0282549748504178e-05,0.00018175179578533199,0.00010601717276691808,-0.00015146924603682782,-0.024543749168515205,-0.36815625429153442,-0.02734375,0.02734375,34,34,0,0,1,1,9.9605270000000523,0.039472999999947689
213,2.1221101939999998,PLUS_5_PROFILE,1,1,6.2356353214879991,1.5445417949060438,-0.43086942724667598,0.43086942724667598,6.2634501457214355,1.5182610750198364,3.0282549748504178e-05,0.00027263710989371576,0.00015145982982110997,-0.00024235456014521159,-0.049087498337030411,-0.098174996674060822,-0.02734375,0.02734375,34,34,0,0,1,1,10.065469999999799,0.065469999999798745
214,2.1320385829999999,PLUS_5_PROFILE,1,1,6.2311609082050534,1.54901620818899,-0.46401322934257422,0.46401322934257422,6.2636418342590332,1.5186445713043213,-0,0.00033322104182215975,0.00016661052091107987,-0.00033322104182215975,0.34361249208450317,-0.049087498337030411,-0.03515625,0.02734375,34,34,0,0,1,1,9.9283890000001485,0.071610999999851543
215,2.1421144079999999,PLUS_5_PROFILE,1,1,6.2263550569011477,1.5538220594928951,-0.49715703143847223,0.49715703143847223,6.2634501457214355,1.519411563873291,3.0282549748504178e-05,0.00045438890567904778,0.00024233572771377597,-0.00042410635593054361,0.12271875143051147,-0.24543750286102295,-0.03515625,0.03515625,34,34,0,0,1,1,10.075824999999927,0.075824999999927201
216,2.1520471429999999,PLUS_5_PROFILE,1,1,6.2212177675762836,1.5589593488177593,-0.53030083353437041,0.53030083353437041,6.2632579803466797,1.5201785564422607,6.0640429222750904e-05,0.0005755567695359357,0.00031809859937934331,-0.00051491634031318478,-0.098174996674060822,-0.14726249873638153,-0.0390625,0.0390625,34,34,0,0,1,1,9.9327350000000258,0.067264999999974151
217,2.1620910470000001,PLUS_5_PROFILE,1,1,6.2157490402304605,1.5644280761635827,-0.56344463563026859,0.56344463563026859,6.2628746032714844,1.5209455490112305,0.00012120552871975926,0.00069672463339282378,0.00040896508105629152,-0.00057551910467306452,-0.14726249873638153,0.12271875143051147,-0.0390625,0.04296875,34,34,0,0,1,1,10.043904000000214,0.043904000000214438
218,2.1720390169999999,PLUS_5_PROFILE,1,1,6.2099488748636782,1.5702282415303648,-0.59658843772616676,0.59658843772616676,6.2628746032714844,1.5222877264022827,0.00012120552871975926,0.00090875897892665986,0.00051498225382320961,-0.0007875534502069006,0.049087498337030411,0,-0.0390625,0.05078125,34,34,0,0,1,1,9.9479699999998061,0.052030000000193866
219,2.1820160290000001,PLUS_5_PROFILE,1,1,6.2038172714759368,1.576359844918106,-0.62973223982206483,0.62973223982206483,6.2626829147338867,1.5238217115402222,0.00015148807846826343,0.0011510947066404359,0.00065129139255434973,-0.00099960662817217237,-0.098174996674060822,0.24543750286102295,-0.0546875,0.04296875,34,34,0,0,1,1,9.9770120000002294,0.022987999999770636
220,2.1920167209999999,PLUS_5_PROFILE,1,1,6.1973542300672371,1.5828228863268061,-0.66287604191796301,0.66287604191796301,6.2626829147338867,1.5259310007095337,0.00015148807846826343,0.0014843157484625957,0.0008179019134654296,-0.0013328276699943321,0,0.29452499747276306,-0.0546875,0.04296875,34,34,0,0,1,1,10.000691999999756,0.00069199999975566584
221,2.2020664160000001,PLUS_5_PROFILE,1,1,6.1905597506375774,1.5896173657564652,-0.69601984401386119,0.69601984401386119,6.2622995376586914,1.5295741558074951,0.0002120531779652718,0.0020598536855670957,0.0011359534317661837,-0.0018478005076018238,-0.22089375555515289,0.36815625429153442,-0.06640625,0.04296875,34,34,0,0,1,1,10.049695000000192,0.049695000000191669
222,2.212014296,PLUS_5_PROFILE,1,1,6.1834338331869594,1.5967432832070834,-0.72916364610975937,0.72916364610975937,6.2615323066711426,1.5345596075057983,0.00033325870668503104,0.0028474448006368678,0.0015903517536609495,-0.0025141860939518366,-0.073631249368190765,0.34361249208450317,-0.06640625,0.05078125,34,34,0,0,1,1,9.947879999999909,0.052120000000090982
223,2.222097159,PLUS_5_PROFILE,1,1,6.1759764777153823,1.6042006386786605,-0.76230744820565743,0.76230744820565743,6.2609572410583496,1.5382028818130493,0.00042410635593054361,0.0034230015701728032,0.0019235539630516735,-0.0029988952142422595,-0.36815625429153442,0.024543749168515205,-0.06640625,0.05078125,34,34,0,0,1,1,10.082863000000053,0.082863000000052978
224,2.2320190900000001,PLUS_5_PROFILE,1,1,6.1681876842228469,1.6119894321711965,-0.79545125030155561,0.79545125030155561,6.260765552520752,1.5397368669509888,0.00045438890567904778,0.0036653372978865794,0.0020598631017828134,-0.0032109483922075316,-0.36815625429153442,-0.073631249368190765,-0.0859375,0.07421875,34,34,0,0,1,1,9.9219310000000505,0.07806899999994954
225,2.2419385680000001,PLUS_5_PROFILE,1,1,6.1600674527093515,1.6201096636846914,-0.82859505239745379,0.82859505239745379,6.2603821754455566,1.5412708520889282,0.00051495400517605607,0.0039076730256003556,0.002211313515388206,-0.0033927190204242996,-0.14726249873638153,0.14726249873638153,-0.08203125,0.08984375,34,34,0,0,1,1,9.9194780000000371,0.080521999999962901
226,2.252013748,PLUS_5_PROFILE,1,1,6.151615783174897,1.6285613332191455,-0.86173885449335197,0.86173885449335197,6.2596149444580078,1.5424213409423828,0.00063615953389581533,0.0040894248213856873,0.0023627921776407513,-0.0034532652874898718,-0.58904999494552612,0.26998123526573181,-0.08984375,0.08203125,34,34,0,0,1,1,10.07517999999985,0.075179999999850367
227,2.2620226410000002,PLUS_5_PROFILE,1,1,6.1428326756194842,1.6373444407745585,-0.89488265658925015,0.89488265658925015,6.2590398788452148,1.5431883335113525,0.00072700718314132795,0.0042105926852425753,0.0024687999341919515,-0.0034835855021012473,-0.14726249873638153,-0.24543750286102295,-0.08984375,0.08203125,34,34,0,0,1,1,10.008893000000185,0.008893000000185225
228,2.2720822869999999,PLUS_5_PROFILE,1,1,6.1337181300431123,1.6464589863509305,-0.92802645868514844,0.92802645868514844,6.2588481903076172,1.5449140071868896,0.00075728973288983212,0.0044832109627048556,0.0026202503477973441,-0.0037259212298150234,-0.24543750286102295,-0.36815625429153442,-0.1015625,0.07421875,34,34,0,0,1,1,10.059645999999756,0.059645999999755617
229,2.282080492,PLUS_5_PROFILE,1,1,6.1242721464457812,1.6559049699482615,-0.96117026078104639,0.96117026078104639,6.2580809593200684,1.5477902889251709,0.00087849526160959138,0.004937599868383903,0.0029080475649967473,-0.0040591046067743114,-0.12271875143051147,0.14726249873638153,-0.1015625,0.0859375,34,34,0,0,1,1,9.9982050000000378,0.0017949999999622435
230,2.292036328,PLUS_5_PROFILE,1,1,6.1144947248274919,1.6656823915665515,-0.99431406287694446,0.99431406287694446,6.2569303512573242,1.5522004365921021,0.001060265889826359,0.005634305669345291,0.0033472857795858249,-0.0045740397795189323,-0.073631249368190765,0.78539997339248657,-0.109375,0.08203125,34,34,0,0,1,1,9.9558360000000512,0.0441639999999488
231,2.3021313729999999,PLUS_5_PROFILE,1,1,6.1043858651882426,1.6757912512058004,-1.0274578649728427,1.0274578649728427,6.2553963661193848,1.5615960359573364,0.0013026016175401349,0.0071186025853764512,0.0042106021014582931,-0.0058160009678363163,-0.19634999334812164,0.68722498416900635,-0.109375,0.0546875,34,34,0,0,1,1,10.095044999999914,0.095044999999913671
232,2.3120560920000002,PLUS_5_PROFILE,1,1,6.093945567528035,1.6862315488660082,-1.0606016670687408,1.0606016670687408,6.2525200843811035,1.5688824653625488,0.0017569905232191828,0.0082696972920168876,0.0050133439076180354,-0.0065127067687977044,-0.46633124351501465,0.9817500114440918,-0.10546875,0.07421875,34,34,0,0,1,1,9.9247190000002483,0.075280999999751685
233,2.322083079,PLUS_5_PROFILE,1,1,6.0831738318468673,1.6970032845471752,-1.0937454691646391,1.0937454691646391,6.2477264404296875,1.5721422433853149,0.0025142802561090149,0.0087846701296243786,0.0056494751928666967,-0.0062703898735153637,-0.78539997339248657,0.22089375555515289,-0.09375,0.09375,34,34,0,0,1,1,10.026986999999821,0.026986999999820682
234,2.3320355510000002,PLUS_5_PROFILE,1,1,6.0721443110382882,1.7080328053557547,-1.1047934031966051,1.1047934031966051,6.2383308410644531,1.576935887336731,0.0039985771721401751,0.0095419598625142103,0.0067702685173271927,-0.0055433826903740352,-1.1290124654769897,0.24543750286102295,-0.08203125,0.08984375,34,34,0,0,1,1,9.9524720000001565,0.047527999999843473
235,2.3420820519999999,PLUS_5_PROFILE,1,1,6.0610963770063222,1.7190807393877208,-1.1047934031966051,1.1047934031966051,6.2285518646240234,1.5882490873336792,0.0055434391876683434,0.011329195270619026,0.0084363172291436854,-0.0057857560829506823,-1.3744499683380127,1.0799249410629272,-0.09375,0.04296875,34,34,0,0,1,1,10.046500999999708,0.046500999999707915
236,2.3519152069999998,PLUS_5_PROFILE,1,1,6.0500484429743562,1.7301286734196868,-1.1047934031966051,1.1047934031966051,6.2178139686584473,1.6016714572906494,0.0072397892816647748,0.013449632888114566,0.010344711084889671,-0.006209843606449791,-1.7671500444412231,1.1044687032699585,-0.06640625,0.05078125,34,34,0,0,1,1,9.8331549999999268,0.16684500000007318
237,2.362034054,PLUS_5_PROFILE,1,1,6.0390005089423902,1.7411766074516528,-1.1047934031966051,1.1047934031966051,6.2041997909545898,1.6193122863769531,0.0093905282813402536,0.016236493756822991,0.012813511019081621,-0.0068459654754827372,-1.1290124654769897,1.4726250171661377,-0.07421875,0.02734375,34,34,0,0,1,1,10.118847000000208,0.11884700000020842
238,2.372033273,PLUS_5_PROFILE,1,1,6.0279525749104241,1.7522245414836188,-1.1047934031966051,1.1047934031966051,6.1942291259765625,1.6373366117477417,0.010965672846616927,0.019083938557459858,0.015024805702038391,-0.0081182657108429309,-1.4726250171661377,1.8898687362670898,-0.08203125,0.01171875,34,34,0,0,1,1,9.9992190000000036,0.00078099999999636793
239,2.382034982,PLUS_5_PROFILE,1,1,6.0169046408784581,1.7632724755155849,-1.1047934031966051,1.1047934031966051,6.1823406219482422,1.6605380773544312,0.012843793568830126,0.022749257022915002,0.017796525295872563,-0.0099054634540848754,-0.9817500114440918,2.1598498821258545,-0.07421875,-0.00390625,34,34,0,0,1,1,10.00170899999997,0.0017089999999697625
240,2.392029156,PLUS_5_PROFILE,1,1,6.0058567068464921,1.7743204095475509,-1.1047934031966051,1.1047934031966051,6.1717944145202637,1.675686240196228,0.014509861113078054,0.025142331750304257,0.019826096431691156,-0.010632470637226202,-1.3499062061309814,0.24543750286102295,-0.05859375,0.0546875,34,34,0,0,1,1,9.9941740000000223,0.0058259999999776824
241,2.4020640499999999,PLUS_5_PROFILE,1,1,5.9948087728145261,1.7853683435795169,-1.1047934031966051,1.1047934031966051,6.1545372009277344,1.6818220615386963,0.017236119217426599,0.026111655828727924,0.021673887523077261,-0.0088755366113013254,-1.7671500444412231,0.88357502222061157,-0.05078125,0.06640625,34,34,0,0,1,1,10.034893999999905,0.03489399999990539
242,2.4120390039999999,PLUS_5_PROFILE,1,1,5.98376083878256,1.7964162776114829,-1.1047934031966051,1.1047934031966051,6.1380467414855957,1.6921764612197876,0.019841247122781125,0.027747421990795912,0.023794334556788518,-0.007906174868014787,-2.405287504196167,1.1044687032699585,-0.03515625,0.0546875,34,34,0,0,1,1,9.9749540000000358,0.025045999999964152
243,2.422084345,PLUS_5_PROFILE,1,1,5.972712904750594,1.8074642116434492,-1.1047934031966051,1.1047934031966051,6.1188716888427734,1.6983124017715454,0.022870481384066197,0.028716764901651017,0.025793623142858609,-0.0058462835175848195,-2.6507248878479004,0.58904999494552612,-0.01953125,0.0859375,34,34,0,0,1,1,10.045341000000096,0.045341000000096443
244,2.4320343879999999,PLUS_5_PROFILE,1,1,5.961664970718628,1.8185121456754152,-1.1047934031966051,1.1047934031966051,6.0973963737487793,1.7038731575012207,0.026263106242333318,0.029595241330829171,0.027929173786581246,-0.003332135088495853,-2.2825686931610107,0.63813751935958862,-0.0078125,0.0703125,34,34,0,0,1,1,9.9500429999999085,0.049957000000091512
245,2.4420467650000002,PLUS_5_PROFILE,1,1,5.950617036686662,1.8295600797073812,-1.1047934031966051,1.1047934031966051,6.0845489501953125,1.7140357494354248,0.028292715043014779,0.031200706110717222,0.029746710576866002,-0.002907991067702443,-0.58904999494552612,1.0553812980651855,-0.08203125,0.0546875,34,34,0,0,1,1,10.012377000000239,0.01237700000023878
246,2.4520348099999998,PLUS_5_PROFILE,1,1,5.939569102654696,1.8406080137393472,-1.1047934031966051,1.1047934031966051,6.0841655731201172,1.7192130088806152,0.028353280142511789,0.032018598607966929,0.030185939375239359,-0.0036653184654551405,0,-0.098174996674060822,-0.12109375,0.10546875,34,34,0,0,1,1,9.9880449999996124,0.011955000000387628
247,2.4621033149999998,PLUS_5_PROFILE,1,1,5.9285211686227299,1.8516559477713133,-1.1047934031966051,1.1047934031966051,6.0841655731201172,1.7197881937026978,0.028353280142511789,0.032109465089643879,0.030231372616077834,-0.0037561849471320907,0,0.12271875143051147,-0.1328125,0.125,34,34,0,0,1,1,10.068505000000005,0.068505000000005367
248,2.4719922329999999,PLUS_5_PROFILE,1,1,5.9174732345907639,1.8627038818032793,-1.1047934031966051,1.1047934031966051,6.0839738845825195,1.719980001449585,0.028383562692260292,0.032139766471823823,0.030261664582042058,-0.0037562037795635314,-0.024543749168515205,-0.34361249208450317,-0.125,0.12109375,34,34,0,0,1,1,9.8889180000001353,0.11108199999986468
249,2.4820882129999999,PLUS_5_PROFILE,1,1,5.9064253005587979,1.8737518158352453,-1.1047934031966051,1.1047934031966051,6.0837821960449219,1.7209386825561523,0.028413845242008795,0.032291216885429214,0.030352531063719004,-0.0038773716434204186,-0.46633124351501465,0.024543749168515205,-0.140625,0.125,34,34,0,0,1,1,10.095980000000004,0.095980000000004395
250,2.49203646,PLUS_5_PROFILE,1,1,5.8953773665268319,1.8847997498672115,-1.1047934031966051,1.1047934031966051,6.083014965057373,1.7222809791564941,0.028535050770728557,0.032503270063394485,0.030519160417061521,-0.0039682192926659282,-0.14726249873638153,0.46633124351501465,-0.140625,0.1328125,34,34,0,0,1,1,9.9482470000000767,0.051752999999923333
251,2.5020352479999999,PLUS_5_PROFILE,1,1,5.8844951515053445,1.895681964888698,-1.0716496011007068,1.0716496011007068,6.0820565223693848,1.7240066528320312,0.028686463519471076,0.032775888340856763,0.030731175930163918,-0.0040894248213856864,0.098174996674060822,0.39269998669624329,-0.15234375,0.13671875,34,34,0,0,1,1,9.9987879999998697,0.001212000000130331
252,2.512039342,PLUS_5_PROFILE,1,1,5.8739443745048172,1.9062327418892255,-1.038505799004809,1.038505799004809,6.080714225769043,1.7259241342544556,0.028898516697436347,0.033078808000498984,0.030988662348967667,-0.0041802913030626367,-0.58904999494552612,-0.073631249368190765,-0.140625,0.140625,34,34,0,0,1,1,10.00409400000013,0.0040940000001299381
253,2.5220932500000002,PLUS_5_PROFILE,1,1,5.863725035525249,1.9164520808687941,-1.0053619969089107,1.0053619969089107,6.0797553062438965,1.7297590970993042,0.029050004775904612,0.033684647319783427,0.031367326047844021,-0.0046346425438788148,0.024543749168515205,0.26998123526573181,-0.140625,0.12109375,34,34,0,0,1,1,10.053908000000167,0.053908000000166822
254,2.5319538879999999,PLUS_5_PROFILE,1,1,5.8538371345666391,1.9263399818274038,-0.97221819481301253,0.97221819481301253,6.0778379440307617,1.7364703416824341,0.029352905603115396,0.034744875544746909,0.032048890573931149,-0.0053919699416315123,-0.17180624604225159,1.1290124654769897,-0.1484375,0.10546875,34,34,0,0,1,1,9.8606379999996996,0.13936200000030041
255,2.5421573730000002,PLUS_5_PROFILE,1,1,5.8442806716289883,1.9358964447650546,-0.93907439271711424,0.93907439271711424,6.0732359886169434,1.744331955909729,0.030079912786256723,0.035986836733064298,0.033033374759660512,-0.0059069239468075747,-0.83448749780654907,0.58904999494552612,-0.1328125,0.109375,34,34,0,0,1,1,10.203485000000345,0.2034850000003452
256,2.5520535070000001,PLUS_5_PROFILE,1,1,5.8350556467122967,1.9451214696817463,-0.90593059062121606,0.90593059062121606,6.0646071434020996,1.7483587265014648,0.031443079503293871,0.036622977434528678,0.034033028468911278,-0.0051798979312348073,-1.1290124654769897,0.44178751111030579,-0.109375,0.12109375,34,34,0,0,1,1,9.8961339999998899,0.10386600000011015
257,2.562088734,PLUS_5_PROFILE,1,1,5.8261620598165642,1.9540150565774788,-0.87278678852531788,0.87278678852531788,6.05712890625,1.7548781633377075,0.032624475592114247,0.037652904277312223,0.035138689934713238,-0.0050284286851979762,-0.88357502222061157,0.78539997339248657,-0.125,0.10546875,34,34,0,0,1,1,10.035226999999924,0.035226999999924402
258,2.5720455530000002,PLUS_5_PROFILE,1,1,5.8175999109417909,1.9625772054522523,-0.83964298642942004,0.83964298642942004,6.0498428344726562,1.767533540725708,0.03377551380146037,0.039652174030950872,0.036713843916205621,-0.0058766602294905018,-1.1780999898910522,1.1044687032699585,-0.1015625,0.06640625,34,34,0,0,1,1,9.9568190000001167,0.04318099999988334
259,2.5820179099999998,PLUS_5_PROFILE,1,1,5.8093692000879757,1.9708079163060672,-0.80649918433352186,0.80649918433352186,6.0369954109191895,1.7809559106826782,0.035805122602141838,0.041772611648446416,0.038788867125294127,-0.0059674890463045777,-1.251731276512146,1.006293773651123,-0.08984375,0.0703125,34,34,0,0,1,1,9.9723569999996542,0.027643000000345808
260,2.5920340199999998,PLUS_5_PROFILE,1,1,5.8014699272551198,1.9787071891389227,-0.77335538223762368,0.77335538223762368,6.0318183898925781,1.7974462509155273,0.036622977434528678,0.044377720721369508,0.040500349077949097,-0.0077547432868408303,-0.31906875967979431,1.5217125415802002,-0.13671875,0.05078125,34,34,0,0,1,1,10.016110000000022,0.016110000000022495
261,2.6019468680000002,PLUS_5_PROFILE,1,1,5.793902092443223,1.9862750239508196,-0.7402115801417255,0.7402115801417255,6.0283670425415039,1.8133612871170044,0.037168213989453233,0.046891944480184217,0.042030079234818725,-0.0097237304907309835,-0.61359375715255737,1.5462563037872314,-0.1328125,0.03515625,34,34,0,0,1,1,9.9128480000003627,0.087151999999637297
262,2.6120354560000001,PLUS_5_PROFILE,1,1,5.7866656956522853,1.9935114207417575,-0.70706777804582743,0.70706777804582743,6.0216555595397949,1.8310021162033081,0.038228479879279596,0.049678805348892636,0.043953642614086116,-0.01145032546961304,-0.9326624870300293,1.5217125415802002,-0.10546875,0.03515625,34,34,0,0,1,1,10.088587999999898,0.088587999999898415
263,2.62214882,PLUS_5_PROFILE,1,1,5.7797607368823067,2.0004163795117362,-0.67392397594992925,0.67392397594992925,6.0130271911621094,1.848259449005127,0.039591571266590998,0.052405082285672616,0.045998326776131804,-0.012813511019081618,-0.85903126001358032,0.88357502222061157,-0.109375,0.0390625,34,34,0,0,1,1,10.113363999999958,0.11336399999995805
264,2.632033157,PLUS_5_PROFILE,1,1,5.7731872161332873,2.0069899002607561,-0.64078017385403097,0.64078017385403097,6.0066990852355957,1.8540118932723999,0.040591272056920348,0.053313841264599281,0.046952556660759814,-0.012722569207678933,-0.85903126001358032,0.34361249208450317,-0.1171875,0.0859375,34,34,0,0,1,1,9.8843369999999098,0.11566300000009022
265,2.6420844059999999,PLUS_5_PROFILE,1,1,5.7669451334052262,2.0132319829888168,-0.60763637175813279,0.60763637175813279,5.9984540939331055,1.8611065149307251,0.041893798344734737,0.054434634589059776,0.048164216466897253,-0.012540836244325039,-1.3499062061309814,1.153556227684021,-0.08984375,0.05859375,34,34,0,0,1,1,10.051248999999984,0.051248999999984335
266,2.6520392720000001,PLUS_5_PROFILE,1,1,5.7610344886981242,2.0191426276959188,-0.57449256966223472,0.57449256966223472,5.984839916229248,1.8689682483673096,0.044044537344410217,0.055676614609808592,0.049860575977109405,-0.011632077265398374,-1.0308375358581543,0.31906875967979431,-0.08203125,0.0703125,34,34,0,0,1,1,9.9548660000001732,0.045133999999826813
267,2.6620127600000001,PLUS_5_PROFILE,1,1,5.7554552820119813,2.0247218343820617,-0.54134876756633654,0.54134876756633654,5.9741020202636719,1.8710774183273315,0.045740887438406652,0.056009816819199316,0.050875352128802981,-0.010268929380792664,-1.3499062061309814,-0.17180624604225159,-0.08203125,0.10546875,34,34,0,0,1,1,9.9734879999999748,0.026512000000025182
268,2.671966635,PLUS_5_PROFILE,1,1,5.7502075133467976,2.0299696030472454,-0.50820496547043825,0.50820496547043825,5.960871696472168,1.8716527223587036,0.047830986008859377,0.056100702133307701,0.051965844071083539,-0.008269716124448323,-0.46633124351501465,0.14726249873638153,-0.06640625,0.10546875,34,34,0,0,1,1,9.9538749999998899,0.046125000000110106
269,2.6820967859999998,PLUS_5_PROFILE,1,1,5.745291182702573,2.0348859336914704,-0.47506116337454007,0.47506116337454007,5.9512839317321777,1.8720362186431885,0.049345640804364786,0.056161286065236148,0.052753463434800467,-0.0068156452608713614,-1.2271875143051147,-0.073631249368190765,-0.0859375,0.109375,34,34,0,0,1,1,10.13015099999981,0.13015099999980961
270,2.6920501589999999,PLUS_5_PROFILE,1,1,5.7407062900793067,2.0394708263147363,-0.4419173612786419,0.4419173612786419,5.9384369850158691,1.8731867074966431,0.051375174275320505,0.056343037861021475,0.053859106068170987,-0.0049678635857009698,-1.3008188009262085,0.34361249208450317,-0.05078125,0.10546875,34,34,0,0,1,1,9.9533730000000986,0.046626999999901386
271,2.7020984559999999,PLUS_5_PROFILE,1,1,5.7364528354769995,2.0437242809170431,-0.40877355918274411,0.40877355918274411,5.9307670593261719,1.8749123811721802,0.052586852913889384,0.056615656138483759,0.054601254526186568,-0.0040288032245943753,-0.61359375715255737,0,-0.09375,0.09375,34,34,0,0,1,1,10.048296999999984,0.048296999999983825
272,2.7120364499999998,PLUS_5_PROFILE,1,1,5.7325308188956523,2.0476462974983911,-0.37562975708684593,0.37562975708684593,5.9280824661254883,1.8772133588790894,0.053010959269819927,0.056979159730054421,0.054995059499937174,-0.0039682004602344945,-0.7117687463760376,0.19634999334812164,-0.10546875,0.0859375,34,34,0,0,1,1,9.93799399999995,0.062006000000049966
273,2.7220911160000001,PLUS_5_PROFILE,1,1,5.7289402403352625,2.05123687605878,-0.34248595499094775,0.34248595499094775,5.9253983497619629,1.8800896406173706,0.053434990296024727,0.057433548635733467,0.055434269465879094,-0.0039985583397087396,-0.26998123526573181,0.68722498416900635,-0.09375,0.08984375,34,34,0,0,1,1,10.054666000000267,0.054666000000267445
274,2.7320355699999999,PLUS_5_PROFILE,1,1,5.7256810997958327,2.0544960165982098,-0.30934215289504957,0.30934215289504957,5.922330379486084,1.8856502771377563,0.053919661751452283,0.058312006232480187,0.056115833991966235,-0.0043923444810279044,-0.46633124351501465,0.56450623273849487,-0.09375,0.05859375,34,34,0,0,1,1,9.9444539999997694,0.055546000000230578
275,2.7421521470000001,PLUS_5_PROFILE,1,1,5.7227533972773621,2.0574237191166809,-0.27619835079915134,0.27619835079915134,5.9202208518981934,1.8938955068588257,0.054252920458137316,0.059614570185157451,0.056933745321647383,-0.0053616497270201346,-0.44178751111030579,0.56450623273849487,-0.10546875,0.05859375,34,34,0,0,1,1,10.116577000000238,0.11657700000023752
276,2.7520326869999998,PLUS_5_PROFILE,1,1,5.7201571327798497,2.0600199836141933,-0.24305454870325321,0.24305454870325321,5.9194540977478027,1.8956211805343628,0.054374050657131329,0.059887188462619735,0.057130619559875528,-0.0055131378054884064,0.049087498337030411,-0.17180624604225159,-0.10546875,0.09375,34,34,0,0,1,1,9.8805399999997157,0.11946000000028434
277,2.762111735,PLUS_5_PROFILE,1,1,5.7178923063032965,2.062284810090746,-0.20991074660735501,0.20991074660735501,5.9190702438354492,1.8956211805343628,0.054434691086354077,0.059887188462619735,0.057160939774486906,-0.0054524973762656581,-0.24543750286102295,-0.24543750286102295,-0.10546875,0.1015625,34,34,0,0,1,1,10.079048000000146,0.07904800000014589
278,2.7720386989999999,PLUS_5_PROFILE,1,1,5.7159589178477024,2.0642181985463401,-0.17676694451145686,0.17676694451145686,5.9190702438354492,1.89581298828125,0.054434691086354077,0.059917489844799672,0.057176090465576875,-0.0054827987584455951,-0.24543750286102295,0.073631249368190765,-0.10546875,0.10546875,34,34,0,0,1,1,9.9269639999999271,0.073036000000072931
279,2.7820039699999999,PLUS_5_PROFILE,1,1,5.7143569674130674,2.0658201489809751,-0.14362314241555868,0.14362314241555868,5.9190702438354492,1.8960046768188477,0.054434691086354077,0.059947772394548175,0.057191231740451126,-0.0055130813081940983,-0.24543750286102295,0.073631249368190765,-0.109375,0.1015625,34,34,0,0,1,1,9.9652709999999978,0.03472900000000223
280,2.7919504919999998,PLUS_5_PROFILE,1,1,5.7130864549993916,2.0670906613946514,-0.11047934031966047,0.11047934031966047,5.9188785552978516,1.8961964845657349,0.054464973636102587,0.059978073776728119,0.057221523706415353,-0.005513100140625532,-0.58904999494552612,0.34361249208450317,-0.1015625,0.08984375,34,34,0,0,1,1,9.9465219999999022,0.053478000000097836
281,2.8019801709999999,PLUS_5_PROFILE,1,1,5.7121473806066749,2.0680297357873685,-0.07733553822376231,0.07733553822376231,5.9190702438354492,1.8960046768188477,0.054434691086354077,0.059947772394548175,0.057191231740451126,-0.0055130813081940983,-0.29452499747276306,-0.098174996674060822,-0.109375,0.08984375,34,34,0,0,1,1,10.029679000000069,0.029679000000069067
282,2.8119452360000001,PLUS_5_PROFILE,1,1,5.7115397442349165,2.0686373721591265,-0.044191736127864117,0.044191736127864117,5.9190702438354492,1.89581298828125,0.054434691086354077,0.059917489844799672,0.057176090465576875,-0.0054827987584455951,-0.098174996674060822,-0.22089375555515289,-0.1015625,0.09375,34,34,0,0,1,1,9.9650650000002727,0.034934999999727268
283,2.8219432630000001,PLUS_5_PROFILE,1,1,5.7112635458841172,2.0689135705099257,-0.011047934031965937,0.011047934031965937,5.9190702438354492,1.89581298828125,0.054434691086354077,0.059917489844799672,0.057176090465576875,-0.0054827987584455951,-0.19634999334812164,-0.26998123526573181,-0.10546875,0.08984375,34,34,0,0,1,1,9.9980269999999649,0.0019730000000350856
284,2.8319498510000001,PLUS_5_PROFILE,1,1,5.7112451326607303,2.0689319837333122,-0,0,5.9190702438354492,1.8960046768188477,0.054434691086354077,0.059947772394548175,0.057191231740451126,-0.0055130813081940983,-0.22089375555515289,0.049087498337030411,-0.1015625,0.08984375,34,34,0,0,1,1,10.006587999999983,0.0065879999999829408
285,2.8419464059999999,PLUS_5_ENDPOINT,1,1,5.7112451326607303,2.0689319837333122,-0,0,5.9190702438354492,1.8960046768188477,0.054434691086354077,0.059947772394548175,0.057191231740451126,-0.0055130813081940983,-0.24543750286102295,0.24543750286102295,-0.1015625,0.08984375,34,34,0,0,1,1,9.9965549999998515,0.0034450000001484682
286,2.8519451309999999,PLUS_5_ENDPOINT,1,1,5.7112451326607303,2.0689319837333122,-0,0,5.9190702438354492,1.89581298828125,0.054434691086354077,0.059917489844799672,0.057176090465576875,-0.0054827987584455951,-0.098174996674060822,-0.24543750286102295,-0.10546875,0.08984375,34,34,0,0,1,1,9.9987249999999861,0.0012750000000139039
287,2.861950314,PLUS_5_ENDPOINT,1,1,5.7112451326607303,2.0689319837333122,-0,0,5.9190702438354492,1.89581298828125,0.054434691086354077,0.059917489844799672,0.057176090465576875,-0.0054827987584455951,-0.14726249873638153,-0.14726249873638153,-0.1015625,0.08984375,34,34,0,0,1,1,10.005183000000084,0.0051830000000840926
288,2.8719466439999999,PLUS_5_ENDPOINT,1,1,5.7112451326607303,2.0689319837333122,-0,0,5.9190702438354492,1.8960046768188477,0.054434691086354077,0.059947772394548175,0.057191231740451126,-0.0055130813081940983,-0.073631249368190765,0.098174996674060822,-0.109375,0.08984375,34,34,0,0,1,1,9.9963299999998867,0.0036700000001133048
289,2.8820542750000002,PLUS_5_ENDPOINT,1,1,5.7112451326607303,2.0689319837333122,-0,0,5.9190702438354492,1.8956211805343628,0.054434691086354077,0.059887188462619735,0.057160939774486906,-0.0054524973762656581,0,-0.39269998669624329,-0.109375,0.09375,34,34,0,0,1,1,10.107631000000339,0.10763100000033887
290,2.8919176000000002,PLUS_5_ENDPOINT,1,1,5.7112451326607303,2.0689319837333122,-0,0,5.9190702438354492,1.8960046768188477,0.054434691086354077,0.059947772394548175,0.057191231740451126,-0.0055130813081940983,-0.17180624604225159,0.17180624604225159,-0.1171875,0.08984375,34,34,0,0,1,1,9.8633249999999784,0.13667500000002164
291,2.9020080620000002,PLUS_5_ENDPOINT,1,1,5.7112451326607303,2.0689319837333122,-0,0,5.9188785552978516,1.8960046768188477,0.054464973636102587,0.059947772394548175,0.057206373015325385,-0.0054827987584455881,-0.41724374890327454,0.073631249368190765,-0.09375,0.0859375,34,34,0,0,1,1,10.090461999999967,0.090461999999966736
292,2.9118963550000001,PLUS_5_ENDPOINT,1,1,5.7112451326607303,2.0689319837333122,-0,0,5.9190702438354492,1.8956211805343628,0.054434691086354077,0.059887188462619735,0.057160939774486906,-0.0054524973762656581,-0.024543749168515205,-0.41724374890327454,-0.10546875,0.08984375,34,34,0,0,1,1,9.8882929999999369,0.11170700000006306
293,2.9219155950000002,PLUS_5_ENDPOINT,1,1,5.7112451326607303,2.0689319837333122,-0,0,5.9190702438354492,1.89581298828125,0.054434691086354077,0.059917489844799672,0.057176090465576875,-0.0054827987584455951,0,-0.24543750286102295,-0.10546875,0.09375,34,34,0,0,1,1,10.019240000000096,0.019240000000095847
294,2.9319095509999999,PLUS_5_ENDPOINT,1,1,5.7112451326607303,2.0689319837333122,-0,0,5.9190702438354492,1.89581298828125,0.054434691086354077,0.059917489844799672,0.057176090465576875,-0.0054827987584455951,-0.073631249368190765,-0.24543750286102295,-0.1015625,0.08984375,34,34,0,0,1,1,9.9939559999997485,0.0060440000002515148
295,2.9419090620000001,PLUS_5_ENDPOINT,1,1,5.7112451326607303,2.0689319837333122,-0,0,5.9190702438354492,1.8960046768188477,0.054434691086354077,0.059947772394548175,0.057191231740451126,-0.0055130813081940983,0,0,-0.109375,0.08984375,34,34,0,0,1,1,9.999511000000183,0.00048899999981699693
296,2.9519266389999999,PLUS_5_ENDPOINT,1,1,5.7112451326607303,2.0689319837333122,-0,0,5.9190702438354492,1.89581298828125,0.054434691086354077,0.059917489844799672,0.057176090465576875,-0.0054827987584455951,-0.049087498337030411,-0.39269998669624329,-0.109375,0.08984375,34,34,0,0,1,1,10.017576999999722,0.017576999999722176
297,2.962033199,PLUS_5_ENDPOINT,1,1,5.7112451326607303,2.0689319837333122,-0,0,5.9190702438354492,1.8956211805343628,0.054434691086354077,0.059887188462619735,0.057160939774486906,-0.0054524973762656581,-0.024543749168515205,-0.4908750057220459,-0.109375,0.0859375,34,34,0,0,1,1,10.106560000000098,0.10656000000009769
298,2.9720045669999999,PLUS_5_ENDPOINT,1,1,5.7112451326607303,2.0689319837333122,-0,0,5.9190702438354492,1.8960046768188477,0.054434691086354077,0.059947772394548175,0.057191231740451126,-0.0055130813081940983,0,0.24543750286102295,-0.1171875,0.08984375,34,34,0,0,1,1,9.9713679999999805,0.028632000000019531
299,2.9819474320000001,PLUS_5_ENDPOINT,1,1,5.7112451326607303,2.0689319837333122,-0,0,5.9190702438354492,1.8960046768188477,0.054434691086354077,0.059947772394548175,0.057191231740451126,-0.0055130813081940983,-0.024543749168515205,0.098174996674060822,-0.10546875,0.08984375,34,34,0,0,1,1,9.9428650000001895,0.057134999999810532
300,2.9919467420000001,PLUS_5_ENDPOINT,1,1,5.7112451326607303,2.0689319837333122,-0,0,5.9190702438354492,1.89581298828125,0.054434691086354077,0.059917489844799672,0.057176090465576875,-0.0054827987584455951,-0.073631249368190765,-0.31906875967979431,-0.109375,0.09375,34,34,0,0,1,1,9.9993099999999835,0.00069000000001651074
301,3.0019537359999999,PLUS_5_ENDPOINT,1,1,5.7112451326607303,2.0689319837333122,-0,0,5.9190702438354492,1.8956211805343628,0.054434691086354077,0.059887188462619735,0.057160939774486906,-0.0054524973762656581,-0.098174996674060822,-0.63813751935958862,-0.10546875,0.08984375,34,34,0,0,1,1,10.006993999999825,0.0069939999998247515
302,3.011952188,PLUS_5_ENDPOINT,1,1,5.7112451326607303,2.0689319837333122,-0,0,5.9190702438354492,1.89581298828125,0.054434691086354077,0.059917489844799672,0.057176090465576875,-0.0054827987584455951,0,-0.36815625429153442,-0.109375,0.0859375,34,34,0,0,1,1,9.9984520000000465,0.0015479999999534755
303,3.0221048929999998,PLUS_5_ENDPOINT,1,1,5.7112451326607303,2.0689319837333122,-0,0,5.9190702438354492,1.8960046768188477,0.054434691086354077,0.059947772394548175,0.057191231740451126,-0.0055130813081940983,-0.024543749168515205,0.098174996674060822,-0.109375,0.0859375,34,34,0,0,1,1,10.152704999999873,0.15270499999987308
304,3.0319795319999998,PLUS_5_ENDPOINT,1,1,5.7112451326607303,2.0689319837333122,-0,0,5.9188785552978516,1.8956211805343628,0.054464973636102587,0.059887188462619735,0.057176081049361158,-0.005422214826517148,-0.36815625429153442,-0.58904999494552612,-0.109375,0.09375,34,34,0,0,1,1,9.8746389999999629,0.12536100000003714
305,3.0419945570000002,PLUS_5_ENDPOINT,1,1,5.7112451326607303,2.0689319837333122,-0,0,5.9190702438354492,1.8956211805343628,0.054434691086354077,0.059887188462619735,0.057160939774486906,-0.0054524973762656581,-0.024543749168515205,-0.44178751111030579,-0.109375,0.08984375,34,34,0,0,1,1,10.015025000000399,0.015025000000399302
306,3.0519447980000001,PLUS_5_ENDPOINT,1,1,5.7112451326607303,2.0689319837333122,-0,0,5.9190702438354492,1.89581298828125,0.054434691086354077,0.059917489844799672,0.057176090465576875,-0.0054827987584455951,-0.024543749168515205,0.073631249368190765,-0.109375,0.08984375,34,34,0,0,1,1,9.9502409999998598,0.049759000000140219
307,3.0620108049999999,PLUS_5_ENDPOINT,1,1,5.7112451326607303,2.0689319837333122,-0,0,5.9190702438354492,1.8960046768188477,0.054434691086354077,0.059947772394548175,0.057191231740451126,-0.0055130813081940983,-0.098174996674060822,0,-0.10546875,0.08984375,34,34,0,0,1,1,10.066006999999821,0.066006999999821403
308,3.0719488570000002,PLUS_5_ENDPOINT,1,1,5.7112451326607303,2.0689319837333122,-0,0,5.9190702438354492,1.8960046768188477,0.054434691086354077,0.059947772394548175,0.057191231740451126,-0.0055130813081940983,-0.049087498337030411,0.12271875143051147,-0.10546875,0.08984375,34,34,0,0,1,1,9.9380520000003081,0.061947999999691916
309,3.0819439150000001,PLUS_5_ENDPOINT,1,1,5.7112451326607303,2.0689319837333122,-0,0,5.9190702438354492,1.8960046768188477,0.054434691086354077,0.059947772394548175,0.057191231740451126,-0.0055130813081940983,-0.073631249368190765,0.049087498337030411,-0.109375,0.09375,34,34,0,0,1,1,9.9950579999998901,0.004942000000109914
310,3.0919469550000001,PLUS_5_ENDPOINT,1,1,5.7112451326607303,2.0689319837333122,-0,0,5.9190702438354492,1.8960046768188477,0.054434691086354077,0.059947772394548175,0.057191231740451126,-0.0055130813081940983,-0.024543749168515205,0.17180624604225159,-0.10546875,0.08984375,34,34,0,0,1,1,10.003039999999963,0.0030399999999630722
311,3.1019115390000001,PLUS_5_ENDPOINT,1,1,5.7112451326607303,2.0689319837333122,-0,0,5.9190702438354492,1.89581298828125,0.054434691086354077,0.059917489844799672,0.057176090465576875,-0.0054827987584455951,0,0.098174996674060822,-0.10546875,0.08984375,34,34,0,0,1,1,9.9645839999999986,0.035416000000001446
312,3.111910655,PLUS_5_ENDPOINT,1,1,5.7112451326607303,2.0689319837333122,-0,0,5.9190702438354492,1.89581298828125,0.054434691086354077,0.059917489844799672,0.057176090465576875,-0.0054827987584455951,0,-0.22089375555515289,-0.109375,0.0859375,34,34,0,0,1,1,9.9991159999999191,0.00088400000008093116
313,3.1219448339999998,PLUS_5_ENDPOINT,1,1,5.7112451326607303,2.0689319837333122,-0,0,5.9190702438354492,1.89581298828125,0.054434691086354077,0.059917489844799672,0.057176090465576875,-0.0054827987584455951,-0.024543749168515205,-0.24543750286102295,-0.109375,0.08984375,34,34,0,0,1,1,10.03417899999981,0.034178999999809889
314,3.131977741,PLUS_5_ENDPOINT,1,1,5.7112451326607303,2.0689319837333122,-0,0,5.9190702438354492,1.8960046768188477,0.054434691086354077,0.059947772394548175,0.057191231740451126,-0.0055130813081940983,-0.073631249368190765,0.19634999334812164,-0.10546875,0.09375,34,34,0,0,1,1,10.032907000000257,0.032907000000257369
315,3.1419409429999998,PLUS_5_ENDPOINT,1,1,5.7112451326607303,2.0689319837333122,-0,0,5.9190702438354492,1.8960046768188477,0.054434691086354077,0.059947772394548175,0.057191231740451126,-0.0055130813081940983,-0.049087498337030411,0,-0.109375,0.08984375,34,34,0,0,1,1,9.9632019999997823,0.036798000000217712
316,3.1520080890000002,PLUS_5_ENDPOINT,1,1,5.7112451326607303,2.0689319837333122,-0,0,5.9190702438354492,1.8961964845657349,0.054434691086354077,0.059978073776728119,0.057206382431541095,-0.0055433826903740421,0,0.073631249368190765,-0.1015625,0.08984375,34,34,0,0,1,1,10.06714600000036,0.067146000000359862
317,3.161948926,PLUS_5_ENDPOINT,1,1,5.7112451326607303,2.0689319837333122,-0,0,5.9190702438354492,1.89581298828125,0.054434691086354077,0.059917489844799672,0.057176090465576875,-0.0054827987584455951,-0.024543749168515205,-0.24543750286102295,-0.10546875,0.08984375,34,34,0,0,1,1,9.9408369999998136,0.059163000000186372
318,3.1719441650000002,PLUS_5_ENDPOINT,1,1,5.7112451326607303,2.0689319837333122,-0,0,5.9190702438354492,1.8961964845657349,0.054434691086354077,0.059978073776728119,0.057206382431541095,-0.0055433826903740421,0,0.31906875967979431,-0.1015625,0.09375,34,34,0,0,1,1,9.9952390000002111,0.0047609999997888508
319,3.181944278,PLUS_5_ENDPOINT,1,1,5.7112451326607303,2.0689319837333122,-0,0,5.9190702438354492,1.8960046768188477,0.054434691086354077,0.059947772394548175,0.057191231740451126,-0.0055130813081940983,0,0,-0.109375,0.08984375,34,34,0,0,1,1,10.000112999999811,0.0001129999998106257
320,3.1919109190000001,PLUS_5_ENDPOINT,1,1,5.7112451326607303,2.0689319837333122,-0,0,5.9190702438354492,1.89581298828125,0.054434691086354077,0.059917489844799672,0.057176090465576875,-0.0054827987584455951,0,-0.24543750286102295,-0.109375,0.08984375,34,34,0,0,1,1,9.9666410000001093,0.033358999999890671
321,3.2020909460000002,PLUS_5_ENDPOINT,1,1,5.7112451326607303,2.0689319837333122,-0,0,5.9190702438354492,1.89581298828125,0.054434691086354077,0.059917489844799672,0.057176090465576875,-0.0054827987584455951,-0.024543749168515205,-0.22089375555515289,-0.10546875,0.08984375,34,34,0,0,1,1,10.180027000000091,0.18002700000009142
322,3.212014586,PLUS_5_ENDPOINT,1,1,5.7112451326607303,2.0689319837333122,-0,0,5.9190702438354492,1.89581298828125,0.054434691086354077,0.059917489844799672,0.057176090465576875,-0.0054827987584455951,0.26998123526573181,-0.51541876792907715,-0.10546875,0.08984375,34,34,0,0,1,1,9.9236399999997893,0.076360000000210704
323,3.2220393409999999,PLUS_5_ENDPOINT,1,1,5.7112451326607303,2.0689319837333122,-0,0,5.9190702438354492,1.8960046768188477,0.054434691086354077,0.059947772394548175,0.057191231740451126,-0.0055130813081940983,-0.049087498337030411,0.12271875143051147,-0.109375,0.09375,34,34,0,0,1,1,10.024754999999885,0.024754999999885285
324,3.23201736,PLUS_5_ENDPOINT,1,1,5.7112451326607303,2.0689319837333122,-0,0,5.9190702438354492,1.89581298828125,0.054434691086354077,0.059917489844799672,0.057176090465576875,-0.0054827987584455951,-0.024543749168515205,-0.34361249208450317,-0.1015625,0.0859375,34,34,0,0,1,1,9.9780190000000601,0.021980999999939854
325,3.2420644589999998,FIRST_CENTER_PROFILE,1,1,5.7112451326607303,2.0689319837333122,0,-0,5.9190702438354492,1.8960046768188477,0.054434691086354077,0.059947772394548175,0.057191231740451126,-0.0055130813081940983,-0.049087498337030411,-0.12271875143051147,-0.109375,0.09375,34,34,0,0,1,1,10.047098999999893,0.047098999999892754
326,3.252054867,FIRST_CENTER_PROFILE,1,1,5.7114108516712099,2.0687662647228331,0.033143802095898151,-0.033143802095898151,5.9190702438354492,1.89581298828125,0.054434691086354077,0.059917489844799672,0.057176090465576875,-0.0054827987584455951,0,-0.24543750286102295,-0.109375,0.0859375,34,34,0,0,1,1,9.9904080000001727,0.0095919999998272942
327,3.2620447559999999,FIRST_CENTER_PROFILE,1,1,5.7119080087026486,2.0682691076913944,0.066287604191796301,-0.066287604191796301,5.9190702438354492,1.8956211805343628,0.054434691086354077,0.059887188462619735,0.057160939774486906,-0.0054524973762656581,0,-0.34361249208450317,-0.10546875,0.08984375,34,34,0,0,1,1,9.989888999999863,0.010111000000136983
328,3.2720447309999998,FIRST_CENTER_PROFILE,1,1,5.7127366037550456,2.067440512638997,0.099431406287694452,-0.099431406287694452,5.9188785552978516,1.89581298828125,0.054464973636102587,0.059917489844799672,0.057191231740451126,-0.0054525162086970849,-0.39269998669624329,-0.39269998669624329,-0.109375,0.0859375,34,34,0,0,1,1,9.9999749999999388,2.5000000061226046e-05
329,3.2820399180000002,FIRST_CENTER_PROFILE,1,1,5.7138966368284025,2.0662804795656404,0.1325752083835926,-0.1325752083835926,5.9190702438354492,1.8960046768188477,0.054434691086354077,0.059947772394548175,0.057191231740451126,-0.0055130813081940983,0,-0.049087498337030411,-0.1015625,0.0859375,34,34,0,0,1,1,9.9951870000003495,0.004812999999650458
330,3.2920400559999998,FIRST_CENTER_PROFILE,1,1,5.7153881079227178,2.0647890084713252,0.16571901047949075,-0.16571901047949075,5.9190702438354492,1.8961964845657349,0.054434691086354077,0.059978073776728119,0.057206382431541095,-0.0055433826903740421,-0.049087498337030411,0.41724374890327454,-0.1015625,0.0859375,34,34,0,0,1,1,10.000137999999659,0.00013799999965868892
331,3.3020533799999998,FIRST_CENTER_PROFILE,1,1,5.7172110170379922,2.0629660993560508,0.1988628125753889,-0.1988628125753889,5.9190702438354492,1.89581298828125,0.054434691086354077,0.059917489844799672,0.057176090465576875,-0.0054827987584455951,-0.049087498337030411,-0.22089375555515289,-0.08984375,0.0859375,34,34,0,0,1,1,10.01332399999999,0.013323999999990122
332,3.3120189689999999,FIRST_CENTER_PROFILE,1,1,5.7193653641742257,2.0608117522198173,0.23200661467128711,-0.23200661467128711,5.9192624092102051,1.8954294919967651,0.054404333206879832,0.059856905912871232,0.057130619559875528,-0.0054525727059914,0.12271875143051147,-0.58904999494552612,-0.0859375,0.0859375,34,34,0,0,1,1,9.9655890000001079,0.034410999999892056
333,3.321912427,FIRST_CENTER_PROFILE,1,1,5.7218511493314184,2.0583259670626251,0.2651504167671852,-0.2651504167671852,5.9190702438354492,1.8956211805343628,0.054434691086354077,0.059887188462619735,0.057160939774486906,-0.0054524973762656581,-0.17180624604225159,0.024543749168515205,-0.0859375,0.07421875,34,34,0,0,1,1,9.8934580000000771,0.10654199999992287
334,3.3320307910000002,FIRST_CENTER_PROFILE,1,1,5.7246683725095693,2.0555087438844737,0.29829421886308338,-0.29829421886308338,5.9190702438354492,1.8956211805343628,0.054434691086354077,0.059887188462619735,0.057160939774486906,-0.0054524973762656581,-0.29452499747276306,-0.024543749168515205,-0.0859375,0.0703125,34,34,0,0,1,1,10.118364000000213,0.11836400000021285
335,3.3420160210000001,FIRST_CENTER_PROFILE,1,1,5.7278170337086802,2.0523600826853632,0.33143802095898151,-0.33143802095898151,5.9190702438354492,1.8954294919967651,0.054434691086354077,0.059856905912871232,0.057145798499612654,-0.0054222148265171549,-0.24543750286102295,0.22089375555515289,-0.08203125,0.0703125,34,34,0,0,1,1,9.9852299999998451,0.014770000000154937
336,3.3520297110000001,FIRST_CENTER_PROFILE,1,1,5.7312971329287485,2.048879983465294,0.36458182305487968,-0.36458182305487968,5.9192624092102051,1.8954294919967651,0.054404333206879832,0.059856905912871232,0.057130619559875528,-0.0054525727059914,0.098174996674060822,-0.14726249873638153,-0.0859375,0.0703125,34,34,0,0,1,1,10.013690000000075,0.013690000000075031
337,3.3620166650000001,FIRST_CENTER_PROFILE,1,1,5.7351086701697778,2.0450684462242656,0.39772562515077781,-0.39772562515077781,5.9190702438354492,1.8954294919967651,0.054434691086354077,0.059856905912871232,0.057145798499612654,-0.0054222148265171549,-0.34361249208450317,0,-0.08203125,0.05859375,34,34,0,0,1,1,9.9869539999999368,0.013046000000063174
338,3.3720274990000001,FIRST_CENTER_PROFILE,1,1,5.7392516454317644,2.0409254709622786,0.43086942724667598,-0.43086942724667598,5.9190702438354492,1.8954294919967651,0.054434691086354077,0.059856905912871232,0.057145798499612654,-0.0054222148265171549,0,0.12271875143051147,-0.0703125,0.05859375,34,34,0,0,1,1,10.010834000000024,0.010834000000023991
339,3.3819850530000002,FIRST_CENTER_PROFILE,1,1,5.743726058714711,2.036451057679332,0.46401322934257422,-0.46401322934257422,5.9190702438354492,1.8952376842498779,0.054434691086354077,0.059826604530691288,0.057130647808522686,-0.005391913444337211,-0.39269998669624329,-0.024543749168515205,-0.0703125,0.0546875,34,34,0,0,1,1,9.9575540000000906,0.04244599999990939
340,3.392016232,FIRST_CENTER_PROFILE,1,1,5.7485319100186159,2.0316452063754271,0.49715703143847223,-0.49715703143847223,5.9192624092102051,1.8952376842498779,0.054404333206879832,0.059826604530691288,0.05711546886878556,-0.0054222713238114562,-0.22089375555515289,0.024543749168515205,-0.05859375,0.0546875,34,34,0,0,1,1,10.031178999999835,0.031178999999834645
341,3.4019273750000001,FIRST_CENTER_PROFILE,1,1,5.7536691993434808,2.0265079170505627,0.53030083353437041,-0.53030083353437041,5.9194540977478027,1.8948541879653931,0.054374050657131329,0.059766020598762848,0.057070035627947088,-0.0053919699416315192,0,0.12271875143051147,-0.05859375,0.05078125,34,34,0,0,1,1,9.9111430000000666,0.08885699999993335
342,3.4120120429999998,FIRST_CENTER_PROFILE,1,1,5.7591379266893039,2.0210391897047395,0.56344463563026859,-0.56344463563026859,5.9192624092102051,1.8948541879653931,0.054404333206879832,0.059766020598762848,0.05708517690282134,-0.005361687391883016,-0.4908750057220459,-0.44178751111030579,-0.05078125,0.0390625,34,34,0,0,1,1,10.084667999999741,0.084667999999741284
343,3.4219684579999998,FIRST_CENTER_PROFILE,1,1,5.7649380920560853,2.0152390243379572,0.59658843772616676,-0.59658843772616676,5.9192624092102051,1.8944706916809082,0.054404333206879832,0.059705436666834401,0.05705488493685712,-0.0053011034599545689,-0.46633124351501465,0,-0.0546875,0.03515625,34,34,0,0,1,1,9.9564149999999962,0.04358500000000376
344,3.4320150410000001,FIRST_CENTER_PROFILE,1,1,5.7710696954438268,2.0091074209502162,0.62973223982206483,-0.62973223982206483,5.9196457862854004,1.8942790031433105,0.054343768107382825,0.059675154117085898,0.057009461112234358,-0.0053313860097030721,0.12271875143051147,0.098174996674060822,-0.0390625,0.03515625,34,34,0,0,1,1,10.046583000000275,0.046583000000275376
345,3.441930954,FIRST_CENTER_PROFILE,1,1,5.7775327368525273,2.0026443795415161,0.66287604191796301,-0.66287604191796301,5.9192624092102051,1.8937036991119385,0.054404333206879832,0.059584268802977514,0.056994301004928673,-0.0051799355960976817,-0.68722498416900635,-0.39269998669624329,-0.04296875,0.02734375,34,34,0,0,1,1,9.9159129999999429,0.084087000000057088
346,3.452022565,FIRST_CENTER_PROFILE,1,1,5.7843272162821862,1.9958499001118568,0.69601984401386119,-0.69601984401386119,5.919837474822998,1.8937036991119385,0.054313485557634322,0.059584268802977514,0.056948877180305918,-0.0052707832453431913,0.12271875143051147,-0.24543750286102295,-0.02734375,0.02734375,34,34,0,0,1,1,10.091611,0.091611000000000331
347,3.4619098890000002,FIRST_CENTER_PROFILE,1,1,5.7914531337328041,1.9887239826612388,0.72916364610975937,-0.72916364610975937,5.9200291633605957,1.8933202028274536,0.054283203007885819,0.059523684871049067,0.056903443939467446,-0.0052404818631632474,0.14726249873638153,-0.24543750286102295,-0.02734375,0.0234375,34,34,0,0,1,1,9.8873240000001417,0.11267599999985833
348,3.4719088949999999,FIRST_CENTER_PROFILE,1,1,5.7989104892043812,1.9812666271896617,0.76230744820565743,-0.76230744820565743,5.919837474822998,1.8925532102584839,0.054313485557634322,0.059402517007192179,0.056858001282413251,-0.005089031449557857,-0.36815625429153442,-0.44178751111030579,-0.03515625,0.01953125,34,34,0,0,1,1,9.9990059999996994,0.00099400000030058777
349,3.4819244,FIRST_CENTER_PROFILE,1,1,5.8066992826969175,1.9734778336971257,0.79545125030155561,-0.79545125030155561,5.9202208518981934,1.8923615217208862,0.054252920458137316,0.059372234457443676,0.056812577457790496,-0.0051193139993063602,-0.024543749168515205,0.22089375555515289,-0.02734375,0.01171875,34,34,0,0,1,1,10.015505000000147,0.015505000000146651
350,3.491907125,FIRST_CENTER_PROFILE,1,1,5.814819514210412,1.9653576021836305,0.82859505239745379,-0.82859505239745379,5.920412540435791,1.892169713973999,0.054222637908388806,0.059341933075263739,0.056782285491826276,-0.0051192951668749334,-0.17180624604225159,-0.19634999334812164,-0.01953125,0.0078125,34,34,0,0,1,1,9.9827249999999701,0.017275000000029905
351,3.5019231409999998,FIRST_CENTER_PROFILE,1,1,5.8232711837448665,1.9569059326491764,0.86173885449335197,-0.86173885449335197,5.9207963943481445,1.892169713973999,0.054161997479166057,0.059341933075263739,0.056751965277214898,-0.0051799355960976817,0.46633124351501465,-0.024543749168515205,-0.0078125,0,34,34,0,0,1,1,10.016015999999794,0.016015999999794417
352,3.5119079310000001,FIRST_CENTER_PROFILE,1,1,5.8320542913002793,1.9481228250937634,0.89488265658925015,-0.89488265658925015,5.9209880828857422,1.8910192251205444,0.054131714929417554,0.059160181279478405,0.05664594810444798,-0.0050284663500608506,-0.024543749168515205,-0.024543749168515205,0,-0.00390625,34,34,0,0,1,1,9.9847900000002987,0.015209999999701296
353,3.5219315569999998,FIRST_CENTER_PROFILE,1,1,5.8411688368766512,1.9390082795173915,0.92802645868514844,-0.92802645868514844,5.9211797714233398,1.8900605440139771,0.054101432379669051,0.059008730865873014,0.056555081622771036,-0.0049072984862039634,0,-0.19634999334812164,0,-0.0078125,34,34,0,0,1,1,10.02362599999973,0.023625999999730141
354,3.5319077430000001,FIRST_CENTER_PROFILE,1,1,5.8506148204739823,1.9295622959200607,0.96117026078104639,-0.96117026078104639,5.9215631484985352,1.8891017436981201,0.054040867280172038,0.058857261619836183,0.056449064450004111,-0.0048163943396641457,0.12271875143051147,-0.049087498337030411,0.0078125,-0.00390625,34,34,0,0,1,1,9.9761860000002756,0.023813999999724444
355,3.5419272230000001,FIRST_CENTER_PROFILE,1,1,5.8603922420922725,1.9197848743017707,0.99431406287694446,-0.99431406287694446,5.9217548370361328,1.8885265588760376,0.054010584730423535,0.05876639513815924,0.056388489934291387,-0.0047558104077357055,-0.34361249208450317,0.098174996674060822,0.00390625,-0.01171875,34,34,0,0,1,1,10.01947999999997,0.019479999999969522
356,3.5519075450000002,FIRST_CENTER_PROFILE,1,1,5.870501101731521,1.9096760146625218,1.0274578649728427,-1.0274578649728427,5.922905445098877,1.8885265588760376,0.053828814102206766,0.05876639513815924,0.056297604620183003,-0.0049375810359524736,0.17180624604225159,-0.24543750286102295,0.0078125,-0.02734375,34,34,0,0,1,1,9.9803220000000969,0.019677999999903051
357,3.5619390339999999,FIRST_CENTER_PROFILE,1,1,5.8809413993917294,1.8992357170023138,1.0606016670687408,-1.0606016670687408,5.9236721992492676,1.8875677585601807,0.053707683903212754,0.058614925892122409,0.056161304897667581,-0.0049072419889096552,0,-0.46633124351501465,0.0234375,-0.02734375,34,34,0,0,1,1,10.031488999999727,0.031488999999726985
358,3.571907086,FIRST_CENTER_PROFILE,1,1,5.8917131350728962,1.8884639813211468,1.0937454691646391,-1.0937454691646391,5.9244394302368164,1.8864172697067261,0.053586478374492992,0.058433174096337075,0.056009826235415033,-0.0048466957218440826,-0.17180624604225159,0.14726249873638153,0.0234375,-0.02734375,34,34,0,0,1,1,9.9680520000000605,0.031947999999939469
359,3.5819260690000001,FIRST_CENTER_PROFILE,1,1,5.9027426558814753,1.8774344605125675,1.1047934031966051,-1.1047934031966051,5.9259734153747559,1.8843080997467041,0.053344142646779218,0.05809997188694635,0.055722057266862787,-0.0047558292401671323,0,-0.24543750286102295,0.02734375,-0.0390625,34,34,0,0,1,1,10.018983000000148,0.018983000000147854
360,3.5919077609999999,FIRST_CENTER_PROFILE,1,1,5.9137905899134413,1.8663865264806012,1.1047934031966051,-1.1047934031966051,5.9280824661254883,1.8806648254394531,0.053010959269819927,0.057524415117410417,0.055267687193615175,-0.0045134558475904904,-0.24543750286102295,-0.7117687463760376,0.03515625,-0.02734375,34,34,0,0,1,1,9.9816919999997644,0.01830800000023558
361,3.601925139,FIRST_CENTER_PROFILE,1,1,5.9248385239454073,1.8553385924486354,1.1047934031966051,-1.1047934031966051,5.9307670593261719,1.8729948997497559,0.052586852913889384,0.056312736478841538,0.054449794696365461,-0.0037258835649521538,0.34361249208450317,-1.0799249410629272,0.02734375,-0.01171875,34,34,0,0,1,1,10.017378000000132,0.017378000000132232
362,3.6119093069999999,FIRST_CENTER_PROFILE,1,1,5.9358864579773734,1.8442906584166692,1.1047934031966051,-1.1047934031966051,5.9342184066772461,1.8666672706604004,0.052041616358964822,0.05531311101823793,0.053677363688601376,-0.0032714946592731081,0.24543750286102295,-0.17180624604225159,0.02734375,-0.04296875,34,34,0,0,1,1,9.9841679999999045,0.015832000000095547
363,3.6219230910000002,FIRST_CENTER_PROFILE,1,1,5.9469343920093394,1.8332427243847031,1.1047934031966051,-1.1047934031966051,5.937286376953125,1.8651332855224609,0.051556944903537273,0.055070775290524156,0.053313860097030714,-0.0035138303869868825,-0.098174996674060822,0.098174996674060822,0.04296875,-0.06640625,34,34,0,0,1,1,10.013784000000303,0.013784000000303109
364,3.6319075629999999,FIRST_CENTER_PROFILE,1,1,5.9579823260413054,1.8221947903527371,1.1047934031966051,-1.1047934031966051,5.9378619194030762,1.8635993003845215,0.051466021924566015,0.054828439562810374,0.053147230743688198,-0.0033624176382443596,-0.19634999334812164,-0.4908750057220459,0.05859375,-0.05859375,34,34,0,0,1,1,9.9844719999997444,0.01552800000025556
365,3.6419168069999999,FIRST_CENTER_PROFILE,1,1,5.9690302600732714,1.8111468563207711,1.1047934031966051,-1.1047934031966051,5.9386286735534668,1.8624488115310669,0.051344891725572002,0.054646687767025047,0.052995789746298524,-0.0033017960414530451,-0.024543749168515205,-0.41724374890327454,0.05859375,-0.07421875,34,34,0,0,1,1,10.009243999999917,0.0092439999999172073
366,3.6519074329999999,FIRST_CENTER_PROFILE,1,1,5.9800781941052374,1.8000989222888051,1.1047934031966051,-1.1047934031966051,5.9397792816162109,1.8618735074996948,0.051163121097355234,0.054555802452916663,0.052859461775135952,-0.0033926813555614291,0.29452499747276306,-0.44178751111030579,0.06640625,-0.0703125,34,34,0,0,1,1,9.9906260000000024,0.009373999999997551
367,3.6619122239999999,FIRST_CENTER_PROFILE,1,1,5.9911261281372035,1.7890509882568391,1.1047934031966051,-1.1047934031966051,5.9405460357666016,1.8599560260772705,0.051041990898361214,0.054252882793274441,0.052647436845817824,-0.0032108918949132273,0.12271875143051147,-0.53996247053146362,0.07421875,-0.0703125,34,34,0,0,1,1,10.004791000000068,0.0047910000000683794
368,3.6719078820000002,FIRST_CENTER_PROFILE,1,1,6.0021740621691704,1.778003054224873,1.1047934031966051,-1.1047934031966051,5.941504955291748,1.8580385446548462,0.050890502819892956,0.05394996313363222,0.052420232976762585,-0.0030594603137392637,-0.049087498337030411,-0.7117687463760376,0.08203125,-0.0859375,34,34,0,0,1,1,9.9956580000002404,0.0043419999997595937
369,3.6821153020000001,FIRST_CENTER_PROFILE,1,1,6.0132219962011364,1.766955120192907,1.1047934031966051,-1.1047934031966051,5.941504955291748,1.8543953895568848,0.050890502819892956,0.053374425196527721,0.052132464008210339,-0.0024839223766347646,-0.24543750286102295,-0.7117687463760376,0.09375,-0.07421875,34,34,0,0,1,1,10.207419999999967,0.20741999999996708
370,3.6920192520000001,FIRST_CENTER_PROFILE,1,1,6.0242699302331024,1.755907186160941,1.1047934031966051,-1.1047934031966051,5.9424638748168945,1.8499851226806641,0.050739014741424691,0.052677700563134901,0.051708357652279796,-0.0019386858217102093,0.26998123526573181,-0.56450623273849487,0.09375,-0.0703125,34,34,0,0,1,1,9.9039499999999947,0.096050000000005298
371,3.702051902,FIRST_CENTER_PROFILE,1,1,6.0353178642650684,1.7448592521289747,1.1047934031966051,-1.1047934031966051,5.9434223175048828,1.8426986932754517,0.050587601992682169,0.051526605856494462,0.051057103924588315,-0.00093900386381229328,-0.24543750286102295,-0.88357502222061157,0.09375,-0.06640625,34,34,0,0,1,1,10.032649999999865,0.032649999999865287
372,3.7120161189999998,FIRST_CENTER_PROFILE,1,1,6.0463657982970345,1.7338113180970087,1.1047934031966051,-1.1047934031966051,5.9438061714172363,1.8413565158843994,0.05052696156345942,0.051314571510960624,0.050920766537210019,-0.00078760994750120411,-0.098174996674060822,-0.22089375555515289,0.10546875,-0.08984375,34,34,0,0,1,1,9.9642169999998309,0.035783000000169096
373,3.7220493669999999,FIRST_CENTER_PROFILE,1,1,6.0574137323290005,1.7227633840650427,1.1047934031966051,-1.1047934031966051,5.9441895484924316,1.8407812118530273,0.050466396463962407,0.05122368619685224,0.05084504133040732,-0.00075728973288983342,0.024543749168515205,0.098174996674060822,0.109375,-0.10546875,34,34,0,0,1,1,10.03324800000005,0.033248000000050126
374,3.731946304,FIRST_CENTER_PROFILE,1,1,6.0684616663609665,1.7117154500330767,1.1047934031966051,-1.1047934031966051,5.944572925567627,1.8396307229995728,0.0504058313644654,0.051041934401066913,0.050723882882766157,-0.00063610303660151246,-0.34361249208450317,-0.24543750286102295,0.109375,-0.109375,34,34,0,0,1,1,9.8969370000001611,0.10306299999983892
375,3.741945694,FIRST_CENTER_PROFILE,1,1,6.0795096003929325,1.7006675160011107,1.1047934031966051,-1.1047934031966051,5.9459152221679688,1.8386720418930054,0.050193778186500129,0.050890483987461516,0.050542131086980822,-0.00069670580096138635,0.14726249873638153,-0.24543750286102295,0.1171875,-0.109375,34,34,0,0,1,1,9.9993899999999414,0.00061000000005861921
376,3.75195122,FIRST_CENTER_PROFILE,1,1,6.090391815414419,1.689785300979624,1.0716496011007068,-1.0716496011007068,5.9466819763183594,1.8373297452926636,0.050072647987506116,0.050678430809496244,0.05037553939850118,-0.0006057828219901279,0,-0.51541876792907715,0.1171875,-0.125,34,34,0,0,1,1,10.005526000000042,0.0055260000000423304
377,3.7620279829999999,FIRST_CENTER_PROFILE,1,1,6.1009425924149463,1.6792345239790964,1.038505799004809,-1.038505799004809,5.9480242729187012,1.8367545604705811,0.049860594809540838,0.050587564327819301,0.050224079568680066,-0.00072696951827846273,-0.049087498337030411,0.098174996674060822,0.12109375,-0.125,34,34,0,0,1,1,10.076762999999822,0.076762999999822057
378,3.7719439499999998,FIRST_CENTER_PROFILE,1,1,6.1111619313945154,1.6690151849995278,1.0053619969089107,-1.0053619969089107,5.9503254890441895,1.8357957601547241,0.049497053553107309,0.05043609508178247,0.04996657431744489,-0.00093904152867516077,0,-0.26998123526573181,0.12109375,-0.125,34,34,0,0,1,1,9.91596699999997,0.08403300000003
379,3.781999672,FIRST_CENTER_PROFILE,1,1,6.1210498323531244,1.6591272840409181,0.97221819481301253,-0.97221819481301253,5.9558858871459961,1.8344535827636719,0.048618633621223456,0.050224060736248632,0.049421347178736044,-0.0016054271150251764,0.7608562707901001,-0.29452499747276306,0.08984375,-0.125,34,34,0,0,1,1,10.055722000000156,0.055722000000155703
380,3.7919476740000002,FIRST_CENTER_PROFILE,1,1,6.1306062952907752,1.6495708211032676,0.93907439271711424,-0.93907439271711424,5.9666237831115723,1.8325361013412476,0.046922283527227028,0.049921141076606411,0.048421712301916719,-0.0029988575493793829,0.68722498416900635,-0.12271875143051147,0.06640625,-0.109375,34,34,0,0,1,1,9.9480020000002334,0.05199799999976662
381,3.8019550190000002,FIRST_CENTER_PROFILE,1,1,6.1398313202074668,1.6403457961865759,0.90593059062121606,-0.90593059062121606,5.974677562713623,1.8281258344650269,0.045649964459435394,0.049224416443213591,0.047437190451324496,-0.0035744519837781971,0.68722498416900635,-0.61359375715255737,0.1015625,-0.10546875,34,34,0,0,1,1,10.007345000000001,0.0073450000000008231
382,3.8119509379999998,FIRST_CENTER_PROFILE,1,1,6.1487249071031993,1.6314522092908432,0.87278678852531788,-0.87278678852531788,5.9817719459533691,1.8206477165222168,0.044529208799837773,0.048043039186824649,0.046286123993331207,-0.0035138303869868756,1.0308375358581543,-1.153556227684021,0.08984375,-0.1015625,34,34,0,0,1,1,9.9959189999996312,0.0040810000003688174
383,3.8219582339999998,FIRST_CENTER_PROFILE,1,1,6.1572870559779735,1.6228900604160696,0.83964298642942004,-0.83964298642942004,5.9938521385192871,1.8147034645080566,0.042620805527876067,0.047103978825718047,0.044862392176797057,-0.0044831732978419803,0.7608562707901001,-0.80994373559951782,0.05859375,-0.12109375,34,34,0,0,1,1,10.007295999999943,0.0072959999999433478
384,3.8319468489999999,FIRST_CENTER_PROFILE,1,1,6.1655177668317878,1.614659349562255,0.80649918433352186,-0.80649918433352186,6.0024809837341309,1.8127859830856323,0.041257638810838923,0.046801059166075833,0.044029348988457381,-0.0055434203552369096,0.68722498416900635,-0.29452499747276306,0.08203125,-0.1328125,34,34,0,0,1,1,9.988615000000145,0.011384999999854983
385,3.8419525989999999,FIRST_CENTER_PROFILE,1,1,6.1734170396646437,1.6067600767293992,0.77335538223762368,-0.77335538223762368,6.0157113075256348,1.810868501663208,0.039167540240386198,0.046498139506433611,0.042832839873409904,-0.0073305992660474134,1.3008188009262085,-0.098174996674060822,0.0390625,-0.12109375,34,34,0,0,1,1,10.005749999999924,0.0057499999999244267
386,3.8519120020000002,FIRST_CENTER_PROFILE,1,1,6.1809848744765405,1.5991922419175024,0.7402115801417255,-0.7402115801417255,6.0310511589050293,1.8066500425338745,0.036744182963248433,0.045831716255220728,0.041287949609234584,-0.0090875332919722954,1.3499062061309814,-0.90811872482299805,0.0390625,-0.1171875,34,34,0,0,1,1,9.9594030000003109,0.040596999999689132
387,3.8619099139999999,FIRST_CENTER_PROFILE,1,1,6.1882212712674782,1.5919558451265647,0.70706777804582743,-0.70706777804582743,6.0460076332092285,1.7968709468841553,0.034381390785607681,0.044286835407261124,0.039334113096434406,-0.0099054446216534434,1.0308375358581543,-1.6935187578201294,0.04296875,-0.07421875,34,34,0,0,1,1,9.9979119999997756,0.0020880000002243548
388,3.8719163330000002,FIRST_CENTER_PROFILE,1,1,6.1951262300374568,1.585050886356586,0.67392397594992925,-0.67392397594992925,6.052335262298584,1.7830650806427002,0.033381765325004073,0.04210581385783714,0.037743789591420607,-0.0087240485328330675,0.68722498416900635,-0.83448749780654907,0.08203125,-0.06640625,34,34,0,0,1,1,10.006419000000211,0.0064190000002106729
389,3.8819471769999998,FIRST_CENTER_PROFILE,1,1,6.2016997507864771,1.5784773656075661,0.64078017385403097,-0.64078017385403097,6.0626897811889648,1.7694510221481323,0.031745980330504651,0.039955093690593094,0.035850537010548869,-0.0082091133600884422,1.1290124654769897,-2.1598498821258545,0.0390625,-0.04296875,34,34,0,0,1,1,10.03084399999965,0.030843999999650151
390,3.8920130199999998,FIRST_CENTER_PROFILE,1,1,6.2079418335145373,1.5722352828795052,0.60763637175813279,-0.60763637175813279,6.0772624015808105,1.7523853778839111,0.029443828582086651,0.037259099303561617,0.033351463942824136,-0.0078152707214749657,1.6689749956130981,-1.8162374496459961,0.02734375,-0.03515625,34,34,0,0,1,1,10.065843000000019,0.065843000000018748
391,3.9019438040000001,FIRST_CENTER_PROFILE,1,1,6.2138524782216393,1.5663246381724034,0.57449256966223472,-0.57449256966223472,6.0929861068725586,1.7295674085617065,0.026959830875726142,0.033654364770034917,0.030307097822880529,-0.0066945338943087754,1.251731276512146,-3.0679688453674316,0.01953125,0.0078125,34,34,0,0,1,1,9.9307840000002479,0.069215999999752142
392,3.9119467750000001,FIRST_CENTER_PROFILE,1,1,6.2194316849077822,1.5607454314862605,0.54134876756633654,-0.54134876756633654,6.0964374542236328,1.7077081203460693,0.026414594320801579,0.030201080650113614,0.028307837485457597,-0.0037864863293120346,0.024543749168515205,-2.0862188339233398,0.08203125,0.00390625,34,34,0,0,1,1,10.002971000000027,0.0029710000000271464
393,3.9219751899999999,FIRST_CENTER_PROFILE,1,1,6.2246794535729659,1.5554976628210766,0.50820496547043825,-0.50820496547043825,6.0964374542236328,1.6948609352111816,0.026414594320801579,0.028171509514295021,0.0272930519175483,-0.0017569151934934413,-0.024543749168515205,-1.4480812549591064,0.08984375,-0.01953125,34,34,0,0,1,1,10.028414999999846,0.028414999999846202
394,3.9319446839999999,FIRST_CENTER_PROFILE,1,1,6.2295957842171914,1.5505813321768518,0.47506116337454007,-0.47506116337454007,6.0973963737487793,1.6841230392456055,0.026263106242333318,0.026475159420298589,0.026369132831315954,-0.00021205317796527123,0.12271875143051147,-0.4908750057220459,0.0859375,-0.04296875,34,34,0,0,1,1,9.9694939999999121,0.030506000000087852
395,3.9419506260000001,FIRST_CENTER_PROFILE,1,1,6.2341806768404568,1.5459964395535859,0.4419173612786419,-0.4419173612786419,6.0979714393615723,1.6810550689697266,0.026172258593087805,0.025990487964871037,0.026081373278979421,0.00018177062821676804,0,-0.14726249873638153,0.08984375,-0.07421875,34,34,0,0,1,1,10.005942000000267,0.0059420000002674556
396,3.9519472790000001,FIRST_CENTER_PROFILE,1,1,6.238434131442764,1.5417429849512789,0.40877355918274411,-0.40877355918274411,6.0991220474243164,1.67779541015625,0.025990487964871037,0.025475533959694981,0.025733010962283011,0.00051495400517605552,-0.17180624604225159,-0.31906875967979431,0.09375,-0.0703125,34,34,0,0,1,1,9.9966529999999665,0.0033470000000335176
397,3.9619554830000001,FIRST_CENTER_PROFILE,1,1,6.2423561480241121,1.5378209683699311,0.37562975708684593,-0.37562975708684593,6.1002721786499023,1.6735769510269165,0.025808792666380011,0.024809110708482098,0.025308951687431053,0.00099968195789791256,-0.049087498337030411,-0.31906875967979431,0.0859375,-0.06640625,34,34,0,0,1,1,10.008204000000021,0.0082040000000205282
398,3.9719428849999998,FIRST_CENTER_PROFILE,1,1,6.245946726584501,1.534230389809542,0.34248595499094775,-0.34248595499094775,6.1029567718505859,1.6687833070755005,0.025384686310449468,0.024051820975592265,0.024718253643020868,0.0013328653348572035,0.51541876792907715,-0.56450623273849487,0.08203125,-0.0703125,34,34,0,0,1,1,9.987401999999701,0.012598000000298981
399,3.982026168,FIRST_CENTER_PROFILE,1,1,6.2492058671239308,1.5309712492701122,0.30934215289504957,-0.30934215289504957,6.1060247421264648,1.667249321937561,0.024900014855021916,0.02380948524787849,0.024354750051450203,0.0010905296071434256,-0.024543749168515205,0.12271875143051147,0.0703125,-0.07421875,34,34,0,0,1,1,10.083283000000165,0.083283000000164975
400,3.9919669789999999,FIRST_CENTER_PROFILE,1,1,6.2521335696424014,1.5280435467516411,0.27619835079915134,-0.27619835079915134,6.1089010238647461,1.6668658256530762,0.02444562594934287,0.023748901315950043,0.024097263632646457,0.00069672463339282703,0,-0.19634999334812164,0.08203125,-0.0859375,34,34,0,0,1,1,9.9408109999998828,0.059189000000117176
401,4.0020036899999996,FIRST_CENTER_PROFILE,1,1,6.2547298341399138,1.5254472822541292,0.24305454870325321,-0.24305454870325321,6.1092844009399414,1.6664823293685913,0.02438506084984586,0.0236883173840216,0.02403668911693373,0.00069674346582426078,-0.098174996674060822,-0.24543750286102295,0.08984375,-0.08203125,34,34,0,0,1,1,10.036710999999698,0.036710999999698402
402,4.0120098469999999,FIRST_CENTER_PROFILE,1,1,6.256994660616467,1.5231824557775759,0.20991074660735501,-0.20991074660735501,6.1094760894775391,1.6662905216217041,0.024354778300097357,0.023658016001841663,0.02400639715096951,0.00069676229825569452,-0.17180624604225159,-0.26998123526573181,0.08984375,-0.0859375,34,34,0,0,1,1,10.006157000000293,0.0061570000002930669
403,4.0220036879999999,FIRST_CENTER_PROFILE,1,1,6.2589280490720611,1.5212490673219821,0.17676694451145686,-0.17676694451145686,6.1096682548522949,1.6662905216217041,0.024324420420623109,0.023658016001841663,0.023991218211232387,0.00066640441878144593,-0.39269998669624329,-0.22089375555515289,0.08984375,-0.07421875,34,34,0,0,1,1,9.9938410000000033,0.0061589999999966949
404,4.0319450400000001,FIRST_CENTER_PROFILE,1,1,6.2605299995066961,1.5196471168873469,0.14362314241555868,-0.14362314241555868,6.1098599433898926,1.6662905216217041,0.024294137870874605,0.023658016001841663,0.023976076936358136,0.00063612186903294274,0.29452499747276306,-0.41724374890327454,0.0859375,-0.0859375,34,34,0,0,1,1,9.9413520000002364,0.058647999999763556
405,4.0419477549999998,FIRST_CENTER_PROFILE,1,1,6.2618005119203719,1.5183766044736708,0.11047934031966047,-0.11047934031966047,6.1098599433898926,1.6662905216217041,0.024294137870874605,0.023658016001841663,0.023976076936358136,0.00063612186903294274,0.29452499747276306,-0.34361249208450317,0.0859375,-0.08203125,34,34,0,0,1,1,10.002714999999718,0.0027149999997178043
406,4.0519447199999998,FIRST_CENTER_PROFILE,1,1,6.2627395863130895,1.5174375300809537,0.07733553822376231,-0.07733553822376231,6.1096682548522949,1.6660988330841064,0.024324420420623109,0.023627733452093156,0.023976076936358132,0.0006966869685299526,-0.14726249873638153,-0.58904999494552612,0.0859375,-0.0859375,34,34,0,0,1,1,9.9969650000000243,0.003034999999975696
407,4.061990379,FIRST_CENTER_PROFILE,1,1,6.263347222684847,1.5168298937091955,0.044191736127864117,-0.044191736127864117,6.1096682548522949,1.6662905216217041,0.024324420420623109,0.023658016001841663,0.023991218211232387,0.00066640441878144593,0.12271875143051147,-0.26998123526573181,0.07421875,-0.07421875,34,34,0,0,1,1,10.045659000000207,0.045659000000206618
408,4.0719093480000002,FIRST_CENTER_PROFILE,1,1,6.2636234210356463,1.5165536953583965,0.011047934031965937,-0.011047934031965937,6.1096682548522949,1.6662905216217041,0.024324420420623109,0.023658016001841663,0.023991218211232387,0.00066640441878144593,0,-0.19634999334812164,0.0859375,-0.08203125,34,34,0,0,1,1,9.9189690000001107,0.081030999999889275
409,4.0819502270000001,FIRST_CENTER_PROFILE,1,1,6.2636418342590332,1.5165352821350098,0,-0,6.1096682548522949,1.6664823293685913,0.024324420420623109,0.0236883173840216,0.024006368902322356,0.00063610303660150899,-0.049087498337030411,-0.073631249368190765,0.0859375,-0.0859375,34,34,0,0,1,1,10.040878999999947,0.040878999999947041
410,4.091943004,FIRST_CENTER_ENDPOINT,1,1,6.2636418342590332,1.5165352821350098,-0,0,6.1094760894775391,1.6664823293685913,0.024354778300097357,0.0236883173840216,0.024021547842059478,0.00066646091607575758,-0.51541876792907715,0,0.0859375,-0.0859375,34,34,0,0,1,1,9.9927769999998972,0.0072230000001027861
411,4.1019512779999996,FIRST_CENTER_ENDPOINT,1,1,6.2636418342590332,1.5165352821350098,-0,0,6.1094760894775391,1.6664823293685913,0.024354778300097357,0.0236883173840216,0.024021547842059478,0.00066646091607575758,-0.36815625429153442,-0.098174996674060822,0.07421875,-0.08203125,34,34,0,0,1,1,10.008273999999595,0.0082739999995951052
412,4.1119463679999999,FIRST_CENTER_ENDPOINT,1,1,6.2636418342590332,1.5165352821350098,-0,0,6.1094760894775391,1.6664823293685913,0.024354778300097357,0.0236883173840216,0.024021547842059478,0.00066646091607575758,-0.17180624604225159,0,0.08203125,-0.07421875,34,34,0,0,1,1,9.9950900000003173,0.0049099999996826682
413,4.1219456709999998,FIRST_CENTER_ENDPOINT,1,1,6.2636418342590332,1.5165352821350098,-0,0,6.1094760894775391,1.6664823293685913,0.024354778300097357,0.0236883173840216,0.024021547842059478,0.00066646091607575758,-0.41724374890327454,-0.049087498337030411,0.07421875,-0.07421875,34,34,0,0,1,1,9.9993029999998484,0.00069700000015160413
414,4.1319964379999998,FIRST_CENTER_ENDPOINT,1,1,6.2636418342590332,1.5165352821350098,-0,0,6.1096682548522949,1.6664823293685913,0.024324420420623109,0.0236883173840216,0.024006368902322356,0.00063610303660150899,-0.26998123526573181,0.12271875143051147,0.07421875,-0.07421875,34,34,0,0,1,1,10.050767000000072,0.050767000000071505
415,4.1419558109999999,FIRST_CENTER_ENDPOINT,1,1,6.2636418342590332,1.5165352821350098,-0,0,6.1098599433898926,1.6664823293685913,0.024294137870874605,0.0236883173840216,0.023991227627448104,0.0006058204868530058,0.12271875143051147,0.12271875143051147,0.0859375,-0.07421875,34,34,0,0,1,1,9.9593730000000491,0.040626999999950897
416,4.1519594399999997,FIRST_CENTER_ENDPOINT,1,1,6.2636418342590332,1.5165352821350098,-0,0,6.1094760894775391,1.6662905216217041,0.024354778300097357,0.023658016001841663,0.02400639715096951,0.00069676229825569452,-0.58904999494552612,-0.41724374890327454,0.07421875,-0.08203125,34,34,0,0,1,1,10.003628999999847,0.0036289999998473377
417,4.1620401520000003,FIRST_CENTER_ENDPOINT,1,1,6.2636418342590332,1.5165352821350098,-0,0,6.1096682548522949,1.6662905216217041,0.024324420420623109,0.023658016001841663,0.023991218211232387,0.00066640441878144593,-0.098174996674060822,-0.39269998669624329,0.0859375,-0.08203125,34,34,0,0,1,1,10.080712000000602,0.080712000000602302
418,4.1719450629999999,FIRST_CENTER_ENDPOINT,1,1,6.2636418342590332,1.5165352821350098,-0,0,6.1098599433898926,1.6662905216217041,0.024294137870874605,0.023658016001841663,0.023976076936358136,0.00063612186903294274,0.12271875143051147,-0.46633124351501465,0.08203125,-0.07421875,34,34,0,0,1,1,9.9049109999995721,0.095089000000427859
419,4.1819493149999998,FIRST_CENTER_ENDPOINT,1,1,6.2636418342590332,1.5165352821350098,-0,0,6.1096682548522949,1.6664823293685913,0.024324420420623109,0.0236883173840216,0.024006368902322356,0.00063610303660150899,-0.26998123526573181,0,0.0859375,-0.07421875,34,34,0,0,1,1,10.00425199999988,0.0042519999998802405
420,4.1919417040000004,FIRST_CENTER_ENDPOINT,1,1,6.2636418342590332,1.5165352821350098,-0,0,6.1096682548522949,1.6664823293685913,0.024324420420623109,0.0236883173840216,0.024006368902322356,0.00063610303660150899,-0.34361249208450317,-0.36815625429153442,0.07421875,-0.07421875,34,34,0,0,1,1,9.9923890000006566,0.0076109999993434485
421,4.201944481,FIRST_CENTER_ENDPOINT,1,1,6.2636418342590332,1.5165352821350098,-0,0,6.1096682548522949,1.6662905216217041,0.024324420420623109,0.023658016001841663,0.023991218211232387,0.00066640441878144593,-0.29452499747276306,-0.24543750286102295,0.0859375,-0.0859375,34,34,0,0,1,1,10.002776999999519,0.0027769999995186367
422,4.2119544510000004,FIRST_CENTER_ENDPOINT,1,1,6.2636418342590332,1.5165352821350098,-0,0,6.1098599433898926,1.6662905216217041,0.024294137870874605,0.023658016001841663,0.023976076936358136,0.00063612186903294274,0.24543750286102295,-0.36815625429153442,0.07421875,-0.08203125,34,34,0,0,1,1,10.009970000000479,0.0099700000004787626
423,4.2220031770000004,FIRST_CENTER_ENDPOINT,1,1,6.2636418342590332,1.5165352821350098,-0,0,6.1096682548522949,1.6662905216217041,0.024324420420623109,0.023658016001841663,0.023991218211232387,0.00066640441878144593,-0.24543750286102295,-0.29452499747276306,0.0859375,-0.07421875,34,34,0,0,1,1,10.048725999999952,0.048725999999952307
424,4.23195751,FIRST_CENTER_ENDPOINT,1,1,6.2636418342590332,1.5165352821350098,-0,0,6.1096682548522949,1.6664823293685913,0.024324420420623109,0.0236883173840216,0.024006368902322356,0.00063610303660150899,-0.24543750286102295,-0.14726249873638153,0.0859375,-0.07421875,34,34,0,0,1,1,9.9543329999995933,0.045667000000406688
425,4.2419430709999997,FIRST_CENTER_ENDPOINT,1,1,6.2636418342590332,1.5165352821350098,-0,0,6.1098599433898926,1.6664823293685913,0.024294137870874605,0.0236883173840216,0.023991227627448104,0.0006058204868530058,0.12271875143051147,0,0.0859375,-0.07421875,34,34,0,0,1,1,9.9855609999996986,0.014439000000301405
426,4.2519999510000002,FIRST_CENTER_ENDPOINT,1,1,6.2636418342590332,1.5165352821350098,-0,0,6.1096682548522949,1.6664823293685913,0.024324420420623109,0.0236883173840216,0.024006368902322356,0.00063610303660150899,-0.17180624604225159,-0.073631249368190765,0.07421875,-0.0703125,34,34,0,0,1,1,10.05688000000049,0.056880000000489872
427,4.2619417909999999,FIRST_CENTER_ENDPOINT,1,1,6.2636418342590332,1.5165352821350098,-0,0,6.1096682548522949,1.666674017906189,0.024324420420623109,0.023718599933770106,0.024021510177196607,0.00060582048685300233,-0.19634999334812164,0.34361249208450317,0.0859375,-0.07421875,34,34,0,0,1,1,9.9418399999997575,0.058160000000242462
428,4.2719110369999997,FIRST_CENTER_ENDPOINT,1,1,6.2636418342590332,1.5165352821350098,-0,0,6.1096682548522949,1.6664823293685913,0.024324420420623109,0.0236883173840216,0.024006368902322356,0.00063610303660150899,-0.19634999334812164,0,0.0859375,-0.07421875,34,34,0,0,1,1,9.9692459999998206,0.03075400000017936
429,4.2819794350000002,FIRST_CENTER_ENDPOINT,1,1,6.2636418342590332,1.5165352821350098,-0,0,6.1094760894775391,1.6664823293685913,0.024354778300097357,0.0236883173840216,0.024021547842059478,0.00066646091607575758,-0.53996247053146362,0.098174996674060822,0.0859375,-0.0703125,34,34,0,0,1,1,10.068398000000478,0.068398000000478021
430,4.2919416669999997,FIRST_CENTER_ENDPOINT,1,1,6.2636418342590332,1.5165352821350098,-0,0,6.1096682548522949,1.6662905216217041,0.024324420420623109,0.023658016001841663,0.023991218211232387,0.00066640441878144593,-0.24543750286102295,-0.24543750286102295,0.0859375,-0.0703125,34,34,0,0,1,1,9.9622319999994602,0.037768000000539814
431,4.3019453070000004,FIRST_CENTER_ENDPOINT,1,1,6.2636418342590332,1.5165352821350098,-0,0,6.1098599433898926,1.6662905216217041,0.024294137870874605,0.023658016001841663,0.023976076936358136,0.00063612186903294274,0.12271875143051147,-0.39269998669624329,0.0703125,-0.0859375,34,34,0,0,1,1,10.003640000000757,0.0036400000007574818
432,4.3119499680000004,FIRST_CENTER_ENDPOINT,1,1,6.2636418342590332,1.5165352821350098,-0,0,6.1096682548522949,1.6664823293685913,0.024324420420623109,0.0236883173840216,0.024006368902322356,0.00063610303660150899,-0.19634999334812164,0.024543749168515205,0.0859375,-0.07421875,34,34,0,0,1,1,10.00466099999997,0.0046609999999702723
433,4.3219720160000001,FIRST_CENTER_ENDPOINT,1,1,6.2636418342590332,1.5165352821350098,-0,0,6.1094760894775391,1.6664823293685913,0.024354778300097357,0.0236883173840216,0.024021547842059478,0.00066646091607575758,-0.41724374890327454,-0.049087498337030411,0.0859375,-0.07421875,34,34,0,0,1,1,10.022047999999728,0.022047999999728063
434,4.3319731279999996,FIRST_CENTER_ENDPOINT,1,1,6.2636418342590332,1.5165352821350098,-0,0,6.1096682548522949,1.6662905216217041,0.024324420420623109,0.023658016001841663,0.023991218211232387,0.00066640441878144593,-0.17180624604225159,-0.26998123526573181,0.07421875,-0.07421875,34,34,0,0,1,1,10.001111999999424,0.0011119999994235741
435,4.342008452,FIRST_CENTER_ENDPOINT,1,1,6.2636418342590332,1.5165352821350098,-0,0,6.1098599433898926,1.6664823293685913,0.024294137870874605,0.0236883173840216,0.023991227627448104,0.0006058204868530058,0.12271875143051147,0.098174996674060822,0.0859375,-0.0703125,34,34,0,0,1,1,10.035324000000401,0.035324000000400702
436,4.3519109130000002,FIRST_CENTER_ENDPOINT,1,1,6.2636418342590332,1.5165352821350098,-0,0,6.1096682548522949,1.6664823293685913,0.024324420420623109,0.0236883173840216,0.024006368902322356,0.00063610303660150899,-0.22089375555515289,0.024543749168515205,0.07421875,-0.07421875,34,34,0,0,1,1,9.9024610000002511,0.09753899999974891
437,4.3619094010000001,FIRST_CENTER_ENDPOINT,1,1,6.2636418342590332,1.5165352821350098,-0,0,6.1096682548522949,1.6662905216217041,0.024324420420623109,0.023658016001841663,0.023991218211232387,0.00066640441878144593,-0.17180624604225159,-0.34361249208450317,0.0859375,-0.07421875,34,34,0,0,1,1,9.9984879999999166,0.0015120000000834466
438,4.3719090920000001,FIRST_CENTER_ENDPOINT,1,1,6.2636418342590332,1.5165352821350098,-0,0,6.1094760894775391,1.6662905216217041,0.024354778300097357,0.023658016001841663,0.02400639715096951,0.00069676229825569452,-0.58904999494552612,-0.31906875967979431,0.07421875,-0.07421875,34,34,0,0,1,1,9.9996909999999772,0.00030900000002276329
439,4.3820047329999996,FIRST_CENTER_ENDPOINT,1,1,6.2636418342590332,1.5165352821350098,-0,0,6.1096682548522949,1.6662905216217041,0.024324420420623109,0.023658016001841663,0.023991218211232387,0.00066640441878144593,-0.12271875143051147,-0.26998123526573181,0.0859375,-0.07421875,34,34,0,0,1,1,10.095640999999489,0.09564099999948894
440,4.3919494840000004,FIRST_CENTER_ENDPOINT,1,1,6.2636418342590332,1.5165352821350098,-0,0,6.1098599433898926,1.6662905216217041,0.024294137870874605,0.023658016001841663,0.023976076936358136,0.00063612186903294274,0.29452499747276306,-0.31906875967979431,0.07421875,-0.07421875,34,34,0,0,1,1,9.9447510000008066,0.055248999999193416
441,4.4019433860000001,FIRST_CENTER_ENDPOINT,1,1,6.2636418342590332,1.5165352821350098,-0,0,6.1096682548522949,1.6664823293685913,0.024324420420623109,0.0236883173840216,0.024006368902322356,0.00063610303660150899,-0.14726249873638153,0.073631249368190765,0.07421875,-0.07421875,34,34,0,0,1,1,9.9939019999997214,0.0060980000002786028
442,4.4119107770000001,FIRST_CENTER_ENDPOINT,1,1,6.2636418342590332,1.5165352821350098,-0,0,6.1094760894775391,1.6662905216217041,0.024354778300097357,0.023658016001841663,0.02400639715096951,0.00069676229825569452,0.34361249208450317,-0.29452499747276306,0.0859375,-0.0703125,34,34,0,0,1,1,9.9673909999999921,0.032609000000007882
443,4.4220266380000002,FIRST_CENTER_ENDPOINT,1,1,6.2636418342590332,1.5165352821350098,-0,0,6.1098599433898926,1.6664823293685913,0.024294137870874605,0.0236883173840216,0.023991227627448104,0.0006058204868530058,0.14726249873638153,0.073631249368190765,0.07421875,-0.07421875,34,34,0,0,1,1,10.115861000000059,0.11586100000005928
444,4.4320196730000001,FIRST_CENTER_ENDPOINT,1,1,6.2636418342590332,1.5165352821350098,-0,0,6.1096682548522949,1.6664823293685913,0.024324420420623109,0.0236883173840216,0.024006368902322356,0.00063610303660150899,-0.14726249873638153,0,0.0859375,-0.0703125,34,34,0,0,1,1,9.9930349999999279,0.0069650000000720524
445,4.4420149569999996,FIRST_CENTER_ENDPOINT,1,1,6.2636418342590332,1.5165352821350098,-0,0,6.1098599433898926,1.6662905216217041,0.024294137870874605,0.023658016001841663,0.023976076936358136,0.00063612186903294274,0.17180624604225159,-0.36815625429153442,0.08203125,-0.07421875,34,34,0,0,1,1,9.9952839999994936,0.0047160000005064262
446,4.4520111870000001,FIRST_CENTER_ENDPOINT,1,1,6.2636418342590332,1.5165352821350098,-0,0,6.1094760894775391,1.6664823293685913,0.024354778300097357,0.0236883173840216,0.024021547842059478,0.00066646091607575758,-0.56450623273849487,-0.049087498337030411,0.07421875,-0.07421875,34,34,0,0,1,1,9.9962300000004944,0.0037699999995055578
447,4.4619203900000004,FIRST_CENTER_ENDPOINT,1,1,6.2636418342590332,1.5165352821350098,-0,0,6.1098599433898926,1.6664823293685913,0.024294137870874605,0.0236883173840216,0.023991227627448104,0.0006058204868530058,0.14726249873638153,0,0.07421875,-0.07421875,34,34,0,0,1,1,9.9092030000003106,0.090796999999689376
448,4.4719269070000003,FIRST_CENTER_ENDPOINT,1,1,6.2636418342590332,1.5165352821350098,-0,0,6.1098599433898926,1.6662905216217041,0.024294137870874605,0.023658016001841663,0.023976076936358136,0.00063612186903294274,0.12271875143051147,-0.24543750286102295,0.08203125,-0.07421875,34,34,0,0,1,1,10.006516999999882,0.0065169999998815342
449,4.4819634859999997,FIRST_CENTER_ENDPOINT,1,1,6.2636418342590332,1.5165352821350098,-0,0,6.1094760894775391,1.6662905216217041,0.024354778300097357,0.023658016001841663,0.02400639715096951,0.00069676229825569452,-0.46633124351501465,-0.34361249208450317,0.07421875,-0.0703125,34,34,0,0,1,1,10.036578999999435,0.036578999999434814
450,4.4919094900000003,MINUS_5_PROFILE,1,1,6.2636418342590332,1.5165352821350098,0,-0,6.1094760894775391,1.6662905216217041,0.024354778300097357,0.023658016001841663,0.02400639715096951,0.00069676229825569452,-0.39269998669624329,-0.26998123526573181,0.08203125,-0.07421875,34,34,0,0,1,1,9.9460040000005634,0.053995999999436606
451,4.5021233499999997,MINUS_5_PROFILE,1,1,6.2638075532695128,1.5163695631245302,0.033143802095898151,-0.033143802095898151,6.1096682548522949,1.6664823293685913,0.024324420420623109,0.0236883173840216,0.024006368902322356,0.00063610303660150899,-0.14726249873638153,0,0.0859375,-0.07421875,34,34,0,0,1,1,10.213859999999464,0.21385999999946392
452,4.5120086849999996,MINUS_5_PROFILE,1,1,6.2643047103009515,1.5158724060930917,0.066287604191796301,-0.066287604191796301,6.1096682548522949,1.6662905216217041,0.024324420420623109,0.023658016001841663,0.023991218211232387,0.00066640441878144593,-0.26998123526573181,0.098174996674060822,0.07421875,-0.07421875,34,34,0,0,1,1,9.8853349999998841,0.11466500000011592
453,4.5220415029999996,MINUS_5_PROFILE,1,1,6.2651333053533484,1.5150438110406943,0.099431406287694452,-0.099431406287694452,6.1094760894775391,1.6664823293685913,0.024354778300097357,0.0236883173840216,0.024021547842059478,0.00066646091607575758,-0.41724374890327454,-0.098174996674060822,0.0859375,-0.0859375,34,34,0,0,1,1,10.032817999999999,0.032817999999998904
454,4.5320127709999998,MINUS_5_PROFILE,1,1,6.2662933384267054,1.513883777967338,0.1325752083835926,-0.1325752083835926,6.1096682548522949,1.6662905216217041,0.024324420420623109,0.023658016001841663,0.023991218211232387,0.00066640441878144593,-0.049087498337030411,-0.12271875143051147,0.0859375,-0.0859375,34,34,0,0,1,1,9.9712680000001441,0.028731999999855873
455,4.5419106779999998,MINUS_5_PROFILE,1,1,6.2677848095210207,1.5123923068730225,0.16571901047949075,-0.16571901047949075,6.1096682548522949,1.6660988330841064,0.024324420420623109,0.023627733452093156,0.023976076936358132,0.0006966869685299526,-0.19634999334812164,-0.36815625429153442,0.0859375,-0.0859375,34,34,0,0,1,1,9.8979070000000391,0.10209299999996091
456,4.5519739369999996,MINUS_5_PROFILE,1,1,6.2696077186362951,1.5105693977577481,0.1988628125753889,-0.1988628125753889,6.1098599433898926,1.6662905216217041,0.024294137870874605,0.023658016001841663,0.023976076936358136,0.00063612186903294274,0.073631249368190765,0.024543749168515205,0.09375,-0.0859375,34,34,0,0,1,1,10.063258999999825,0.063258999999824539
457,4.5620136269999998,MINUS_5_PROFILE,1,1,6.2717620657725286,1.5084150506215148,0.23200661467128711,-0.23200661467128711,6.1096682548522949,1.6660988330841064,0.024324420420623109,0.023627733452093156,0.023976076936358132,0.0006966869685299526,-0.36815625429153442,-0.24543750286102295,0.0859375,-0.08203125,34,34,0,0,1,1,10.039690000000157,0.039690000000156545
458,4.572026996,MINUS_5_PROFILE,1,1,6.2742478509297204,1.5059292654643224,0.2651504167671852,-0.2651504167671852,6.1100516319274902,1.6657153367996216,0.024263855321126102,0.023567149520164712,0.023915502420645406,0.00069670580096138982,-0.26998123526573181,-0.073631249368190765,0.09375,-0.09375,34,34,0,0,1,1,10.013369000000161,0.013369000000160725
459,4.5819512260000002,MINUS_5_PROFILE,1,1,6.2770650741078722,1.503112042286171,0.29829421886308338,-0.29829421886308338,6.1108183860778809,1.6653318405151367,0.024142725122132086,0.023506565588236269,0.023824645355184179,0.00063615953389581717,0.19634999334812164,-0.31906875967979431,0.08984375,-0.0859375,34,34,0,0,1,1,9.9242300000002004,0.075769999999799609
460,4.592023846,MINUS_5_PROFILE,1,1,6.2802137353069822,1.4999633810870607,0.33143802095898151,-0.33143802095898151,6.1108183860778809,1.6653318405151367,0.024142725122132086,0.023506565588236269,0.023824645355184179,0.00063615953389581717,0.098174996674060822,0.41724374890327454,0.1015625,-0.08984375,34,34,0,0,1,1,10.072619999999866,0.07261999999986557
461,4.6021111000000001,MINUS_5_PROFILE,1,1,6.2836938345270514,1.4964832818669913,0.36458182305487968,-0.36458182305487968,6.1110100746154785,1.6647565364837646,0.024112442572383579,0.023415680274127885,0.023764061423255732,0.00069676229825569452,-0.17180624604225159,-0.44178751111030579,0.10546875,-0.09375,34,34,0,0,1,1,10.087254000000101,0.087254000000100973
462,4.6120189319999998,MINUS_5_PROFILE,1,1,6.2875053717680798,1.4926717446259632,0.39772562515077781,-0.39772562515077781,6.1112022399902344,1.664564847946167,0.024082084692909334,0.023385397724379382,0.023733741208644358,0.0006966869685299526,-0.024543749168515205,0,0.10546875,-0.10546875,34,34,0,0,1,1,9.9078319999996722,0.092168000000327766
463,4.6219423480000001,MINUS_5_PROFILE,1,1,6.2916483470300673,1.4885287693639757,0.43086942724667598,-0.43086942724667598,6.111393928527832,1.6643730401992798,0.024051802143160828,0.023355096342199441,0.023703449242680134,0.00069670580096138635,-0.39269998669624329,-0.22089375555515289,0.10546875,-0.1015625,34,34,0,0,1,1,9.9234160000003513,0.076583999999648711
464,4.6320311429999999,MINUS_5_PROFILE,1,1,6.296122760313013,1.4840543560810295,0.46401322934257422,-0.46401322934257422,6.1123523712158203,1.6637978553771973,0.023900389394418308,0.023264229860522494,0.023582309627470401,0.0006361595338958137,0.024543749168515205,-0.36815625429153442,0.109375,-0.09375,34,34,0,0,1,1,10.088794999999706,0.088794999999706192
465,4.6421056329999999,MINUS_5_PROFILE,1,1,6.3009286116169188,1.4792485047771244,0.49715703143847223,-0.49715703143847223,6.1127357482910156,1.6632225513458252,0.023839824294921302,0.02317334454641411,0.023506584420667706,0.00066647974850719133,-0.34361249208450317,-0.51541876792907715,0.1171875,-0.109375,34,34,0,0,1,1,10.074490000000047,0.074490000000047019
466,4.6520356979999997,MINUS_5_PROFILE,1,1,6.3060659009417828,1.4741112154522602,0.53030083353437041,-0.53030083353437041,6.1135029792785645,1.6626473665237427,0.02371861876620154,0.02308247806473716,0.02340054841546935,0.00063614070146437995,-0.58904999494552612,-0.34361249208450317,0.1171875,-0.125,34,34,0,0,1,1,9.9300649999998214,0.069935000000178604
467,4.661948626,MINUS_5_PROFILE,1,1,6.3115346282876059,1.4686424881064368,0.56344463563026859,-0.56344463563026859,6.1146535873413086,1.6620720624923706,0.023536848137984772,0.022991592750628776,0.023264220444306774,0.00054525538735599594,0.12271875143051147,-0.29452499747276306,0.125,-0.12109375,34,34,0,0,1,1,9.9129280000003206,0.087071999999679406
468,4.6719542509999998,MINUS_5_PROFILE,1,1,6.3173347936543882,1.4628423227396548,0.59658843772616676,-0.59658843772616676,6.1150369644165039,1.6616885662078857,0.023476283038487766,0.022931008818700332,0.023203645928594051,0.00054527421978743315,-0.19634999334812164,-0.024543749168515205,0.1328125,-0.12109375,34,34,0,0,1,1,10.005624999999796,0.0056249999997959321
469,4.682095833,MINUS_5_PROFILE,1,1,6.3234663970421296,1.4567107193519135,0.62973223982206483,-0.62973223982206483,6.1158037185668945,1.6605380773544312,0.023355152839493749,0.022749257022915002,0.023052204931204377,0.00060589581657874772,-0.098174996674060822,-0.34361249208450317,0.125,-0.12109375,34,34,0,0,1,1,10.141582000000149,0.14158200000014887
470,4.6919437869999996,MINUS_5_PROFILE,1,1,6.3299294384508293,1.4502476779432134,0.66287604191796301,-0.66287604191796301,6.1171460151672363,1.6601545810699463,0.023143099661528475,0.022688673090986558,0.022915886376257515,0.00045442657054191662,-0.024543749168515205,-0.4908750057220459,0.13671875,-0.1328125,34,34,0,0,1,1,9.8479539999996035,0.15204600000039648
471,4.7019629329999999,MINUS_5_PROFILE,1,1,6.3367239178804891,1.4434531985135544,0.69601984401386119,-0.69601984401386119,6.1184883117675781,1.6590040922164917,0.022931046483563203,0.022506921295201224,0.022718983889382212,0.00042412518836197968,0.39269998669624329,-0.41724374890327454,0.140625,-0.140625,34,34,0,0,1,1,10.019146000000312,0.019146000000311858
472,4.7119481670000001,MINUS_5_PROFILE,1,1,6.343849835331107,1.4363272810629362,0.72916364610975937,-0.72916364610975937,6.1204056739807129,1.658237099647522,0.022628145656352419,0.022385753431344337,0.022506949543848378,0.00024239222500808261,0.14726249873638153,-0.22089375555515289,0.13671875,-0.1328125,34,34,0,0,1,1,9.985234000000176,0.014765999999823975
473,4.722002657,MINUS_5_PROFILE,1,1,6.3513071908026841,1.4288699255913591,0.76230744820565743,-0.76230744820565743,6.124049186706543,1.6563196182250977,0.022052551221953612,0.022082833771702119,0.022067692496827863,-3.0282549748506665e-05,0.17180624604225159,-0.26998123526573181,0.1328125,-0.140625,34,34,0,0,1,1,10.054489999999916,0.054489999999915995
474,4.7319584939999997,MINUS_5_PROFILE,1,1,6.3590959842952195,1.421081132098823,0.79545125030155561,-0.79545125030155561,6.1317191123962402,1.6532516479492188,0.020840872583384733,0.021598162316274566,0.021219517449829649,-0.00075728973288983342,0.63813751935958862,-0.56450623273849487,0.1015625,-0.125,34,34,0,0,1,1,9.9558369999996899,0.044163000000310149
475,4.7419519570000004,MINUS_5_PROFILE,1,1,6.3672162158087149,1.4129609005853281,0.82859505239745379,-0.82859505239745379,6.1434154510498047,1.6471157073974609,0.018993109740645782,0.020628819405419462,0.019810964573032622,-0.0016357096647736796,1.1044687032699585,-0.78539997339248657,0.10546875,-0.1171875,34,34,0,0,1,1,9.9934630000007019,0.006536999999298132
476,4.7519591590000001,MINUS_5_PROFILE,1,1,6.3756678853431694,1.404509231050874,0.86173885449335197,-0.86173885449335197,6.1528115272521973,1.6381036043167114,0.01750873749488888,0.019205106421316745,0.018356921958102811,-0.0016963689264278652,1.5953437089920044,-0.53996247053146362,0.09375,-0.109375,34,34,0,0,1,1,10.007201999999715,0.0072019999997152695
477,4.7619433689999999,MINUS_5_PROFILE,1,1,6.3844509928985822,1.395726123495461,0.89488265658925015,-0.89488265658925015,6.1677675247192383,1.6313923597335815,0.01514602064697387,0.018144878196353256,0.016645449421663565,-0.0029988575493793863,1.4480812549591064,-0.63813751935958862,0.08203125,-0.1328125,34,34,0,0,1,1,9.9842099999998268,0.015790000000173166
478,4.7719604929999999,MINUS_5_PROFILE,1,1,6.3935655384749541,1.3866115779190891,0.92802645868514844,-0.92802645868514844,6.181765079498291,1.6214214563369751,0.012934716547801381,0.016569695966213716,0.014752206257007548,-0.0036349794184123343,1.4971687793731689,-1.6689749956130981,0.06640625,-0.08984375,34,34,0,0,1,1,10.017123999999988,0.017123999999988371
479,4.7819546419999996,MINUS_5_PROFILE,1,1,6.4030115220722852,1.377165594321758,0.96117026078104639,-0.96117026078104639,6.2009401321411133,1.6060816049575806,0.0099054822865163109,0.014146338689075954,0.012025910487796132,-0.0042408564025596431,1.9635000228881836,-1.7916938066482544,0.06640625,-0.0859375,34,34,0,0,1,1,9.9941489999997302,0.0058510000002698348
480,4.791961648,MINUS_5_PROFILE,1,1,6.4127889436905745,1.367388172703468,0.99431406287694446,-0.99431406287694446,6.2193479537963867,1.5895912647247314,0.0069974535539509986,0.011541229616152863,0.0092693415850519309,-0.0045437760622018646,1.251731276512146,-2.0371313095092773,0.0546875,-0.0546875,34,34,0,0,1,1,10.007006000000374,0.0070060000003735468
481,4.8020020030000001,MINUS_5_PROFILE,1,1,6.4228978033298239,1.3572793130642191,1.0274578649728427,-1.0274578649728427,6.237180233001709,1.5669649839401245,0.0041803478003569422,0.0079667776323746678,0.0060735627163658046,-0.0037864298320177256,1.2271875143051147,-3.0434250831604004,0.0390625,-0.01953125,34,34,0,0,1,1,10.040355000000112,0.040355000000111829
482,4.8119467309999999,MINUS_5_PROFILE,1,1,6.4333381009900314,1.3468390154040113,1.0606016670687408,-1.0606016670687408,6.2588481903076172,1.5418460369110107,0.00075728973288983212,0.0039985395072773032,0.0023779146200835679,-0.0032412497743874711,2.3807437419891357,-2.6998124122619629,0.0234375,-0.01953125,34,34,0,0,1,1,9.9447279999997917,0.055272000000208266
483,4.821975095,MINUS_5_PROFILE,1,1,6.4441098366711991,1.3360672797228443,1.0937454691646391,-1.0937454691646391,6.2780227661132812,1.5180692672729492,-0.0022718691986694964,0.00024233572771377597,-0.0010147667354778601,-0.0025142049263832725,1.1044687032699585,-1.8653249740600586,0.0546875,-0.0390625,34,34,0,0,1,1,10.028364000000067,0.028364000000067335
484,4.8319592619999998,MINUS_5_PROFILE,1,1,6.4551393574797782,1.3250377589142648,1.1047934031966051,-1.1047934031966051,6.2935543060302734,1.5036882162094116,-0.0047255090255557599,-0.0020295523033871561,-0.003377530664471458,-0.0026959567221686038,0.9326624870300293,-0.9817500114440918,0.0546875,-0.0703125,34,34,0,0,1,1,9.9841669999998217,0.015833000000178288
485,4.8419978290000003,MINUS_5_PROFILE,1,1,6.4661872915117442,1.3139898248822988,1.1047934031966051,-1.1047934031966051,6.3111953735351562,1.4871978759765625,-0.007512407559127055,-0.0046346613763102477,-0.0060735344677186514,-0.0028777461828168073,2.2825686931610107,-1.6689749956130981,0.02734375,-0.05859375,34,34,0,0,1,1,10.038567000000498,0.038567000000497842
486,4.8519488429999997,MINUS_5_PROFILE,1,1,6.4772352255437102,1.3029418908503327,1.1047934031966051,-1.1047934031966051,6.3303699493408203,1.4772269725799561,-0.010541566490686383,-0.006209843606449791,-0.0083757050485680877,-0.0043317228842365916,1.7180625200271606,-1.0308375358581543,0.03515625,-0.0859375,34,34,0,0,1,1,9.9510139999994252,0.048986000000574847
487,4.8619512929999997,MINUS_5_PROFILE,1,1,6.4882831595756763,1.2918939568183667,1.1047934031966051,-1.1047934031966051,6.3455181121826172,1.4616953134536743,-0.012934641218075639,-0.0086635022657674914,-0.010799071741921566,-0.004271138952308148,0.9817500114440918,-1.7916938066482544,0.06640625,-0.05078125,34,34,0,0,1,1,10.002449999999996,0.0024499999999960664
488,4.8719100710000003,MINUS_5_PROFILE,1,1,6.4993310936076423,1.2808460227864007,1.1047934031966051,-1.1047934031966051,6.355872631072998,1.4475059509277344,-0.014570426212575063,-0.010905107747119919,-0.012737766979847491,-0.0036653184654551439,0.90811872482299805,-2.0862188339233398,0.05859375,-0.05078125,34,34,0,0,1,1,9.9587780000005566,0.041221999999443426
489,4.8819249930000002,MINUS_5_PROFILE,1,1,6.5103790276396083,1.2697980887544347,1.1047934031966051,-1.1047934031966051,6.3715958595275879,1.4252632856369019,-0.017054348589209831,-0.014418956966538235,-0.015736652777874033,-0.0026353916226715957,1.6444312334060669,-2.4543750286102295,0.05078125,-0.0078125,34,34,0,0,1,1,10.014921999999871,0.01492199999987065
490,4.8919101859999996,MINUS_5_PROFILE,1,1,6.5214269616715743,1.2587501547224687,1.1047934031966051,-1.1047934031966051,6.3865523338317871,1.4041709899902344,-0.019417140766850582,-0.017751073222602654,-0.018584106994726617,-0.0016660675442479282,1.4235374927520752,-1.9635000228881836,0.0390625,-0.0234375,34,34,0,0,1,1,9.9851929999994482,0.014807000000551795
491,4.902032019,MINUS_5_PROFILE,1,1,6.5324748957035403,1.2477022206905026,1.1047934031966051,-1.1047934031966051,6.3957562446594238,1.3836538791656494,-0.020871155133133236,-0.020992322996990127,-0.020931739065061683,0.00012116786385689068,0.6626812219619751,-2.3316562175750732,0.0859375,-0.01953125,34,34,0,0,1,1,10.121833000000358,0.12183300000035757
492,4.9119515539999998,MINUS_5_PROFILE,1,1,6.5435228297355064,1.2366542866585366,1.1047934031966051,-1.1047934031966051,6.4040012359619141,1.3702315092086792,-0.022173681420947632,-0.023112760614485667,-0.022643221017716649,0.00093907919353803521,0.95720624923706055,-1.3989937305450439,0.06640625,-0.0390625,34,34,0,0,1,1,9.9195349999998683,0.080465000000131681
493,4.9219493539999997,MINUS_5_PROFILE,1,1,6.5545707637674724,1.2256063526265704,1.1047934031966051,-1.1047934031966051,6.4201083183288574,1.3552751541137695,-0.024718244226805148,-0.025475533959694981,-0.025096889093250065,0.00075728973288983342,1.8162374496459961,-1.5217125415802002,0.0390625,-0.05859375,34,34,0,0,1,1,9.9977999999998346,0.002200000000165403
494,4.9319639730000002,MINUS_5_PROFILE,1,1,6.5656186977994384,1.2145584185946043,1.1047934031966051,-1.1047934031966051,6.4390912055969238,1.3470300436019897,-0.027717120608615971,-0.026778079079940807,-0.027247599844278388,-0.00093904152867516424,1.6198874711990356,-0.95720624923706055,0.01953125,-0.0703125,34,34,0,0,1,1,10.014619000000557,0.014619000000557492
495,4.9419336639999996,MINUS_5_PROFILE,1,1,6.5766666318314044,1.2035104845626383,1.1047934031966051,-1.1047934031966051,6.4515547752380371,1.335141658782959,-0.029686088980074684,-0.028656180969722573,-0.029171134974898628,-0.001029908010352111,0.88357502222061157,-0.78539997339248657,0.0703125,-0.05859375,34,34,0,0,1,1,9.9696909999993366,0.030309000000663389
496,4.9519101809999997,MINUS_5_PROFILE,1,1,6.5877145658633705,1.1924625505306723,1.1047934031966051,-1.1047934031966051,6.4630599021911621,1.3284304141998291,-0.031503644602790877,-0.029716409194686062,-0.030610026898738471,-0.0017872354081048154,1.0553812980651855,-1.1290124654769897,0.05859375,-0.08984375,34,34,0,0,1,1,9.9765170000001291,0.023482999999870913
497,4.9619113380000002,MINUS_5_PROFILE,1,1,6.5987624998953365,1.1814146164987063,1.1047934031966051,-1.1047934031966051,6.4713048934936523,1.3205687999725342,-0.032806170890605266,-0.030958370383003444,-0.031882270636804357,-0.0018478005076018218,0.83448749780654907,-1.2762750387191772,0.0703125,-0.07421875,34,34,0,0,1,1,10.001157000000482,0.0011570000004823555
498,4.9719444480000003,MINUS_5_PROFILE,1,1,6.6098104339273025,1.1703666824667402,1.1047934031966051,-1.1047934031966051,6.483576774597168,1.3105978965759277,-0.034744856712315475,-0.032533552613142988,-0.033639204662729232,-0.0022113040991724869,1.1044687032699585,-0.85903126001358032,0.04296875,-0.07421875,34,34,0,0,1,1,10.033110000000178,0.033110000000178275
499,4.9819606150000002,MINUS_5_PROFILE,1,1,6.6208583679592685,1.1593187484347742,1.1047934031966051,-1.1047934031966051,6.4952731132507324,1.3054207563400269,-0.036592619555054426,-0.033351426277961262,-0.034972022916507847,-0.0032411932770931642,0.46633124351501465,-0.58904999494552612,0.07421875,-0.1015625,34,34,0,0,1,1,10.016166999999854,0.016166999999853715
500,4.9919539000000004,MINUS_5_PROFILE,1,1,6.6319063019912345,1.148270814402808,1.1047934031966051,-1.1047934031966051,6.5042853355407715,1.3002434968948364,-0.038016351371588583,-0.034169318775210976,-0.036092835073399776,-0.0038470325963776072,0.7608562707901001,-0.58904999494552612,0.05859375,-0.08984375,34,34,0,0,1,1,9.9932850000001849,0.0067149999998150633
501,5.0019526369999996,MINUS_5_PROFILE,1,1,6.6427885170127219,1.1373885993813215,1.0716496011007068,-1.0716496011007068,6.5154070854187012,1.2889304161071777,-0.039773341894807766,-0.035956535350884354,-0.03786493862284606,-0.0038168065439234122,0.9326624870300293,-1.7180625200271606,0.0703125,-0.0546875,34,34,0,0,1,1,9.9987369999992026,0.0012630000007973763
502,5.011951314,MINUS_5_PROFILE,1,1,6.6533392940132492,1.126837822380794,1.038505799004809,-1.038505799004809,6.5213508605957031,1.2755080461502075,-0.040712326926188619,-0.038076972968379898,-0.039394649947284255,-0.0026353539578087212,0.31906875967979431,-1.3008188009262085,0.08984375,-0.05859375,34,34,0,0,1,1,9.9986770000004555,0.0013229999995445496
503,5.0219650280000003,MINUS_5_PROFILE,1,1,6.6635586329928174,1.1166184834012254,1.0053619969089107,-1.0053619969089107,6.5318970680236816,1.2571002244949341,-0.042378394470436551,-0.040985001700945205,-0.041681698085690874,-0.0013933927694913459,1.3008188009262085,-2.0125875473022461,0.05078125,-0.03515625,34,34,0,0,1,1,10.013714000000284,0.013714000000284443
504,5.0319408230000002,MINUS_5_PROFILE,1,1,6.6734465339514273,1.1067305824426157,0.97221819481301253,-0.97221819481301253,6.5430188179016113,1.2471293210983276,-0.044135384993655734,-0.042560183931084752,-0.04334778446237024,-0.0015752010625709814,0.83448749780654907,-0.7608562707901001,0.0703125,-0.0546875,34,34,0,0,1,1,9.9757949999998985,0.024205000000101506
505,5.0419243529999997,MINUS_5_PROFILE,1,1,6.6830029968890781,1.0971741195049649,0.93907439271711424,-0.93907439271711424,6.5514554977416992,1.2337069511413574,-0.045468193831218626,-0.044680621548580289,-0.045074407689899454,-0.00078757228263833662,1.0308375358581543,-1.153556227684021,0.0703125,-0.05078125,34,34,0,0,1,1,9.9835299999995186,0.016470000000481377
506,5.0519146700000004,MINUS_5_PROFILE,1,1,6.6922280218057697,1.0879490945882733,0.90593059062121606,-0.90593059062121606,6.5641107559204102,1.2239277362823486,-0.047467444752425841,-0.046225521228971334,-0.046846482990698587,-0.0012419235234545078,1.0799249410629272,-1.4480812549591064,0.0546875,-0.05078125,34,34,0,0,1,1,9.9903170000006369,0.0096829999993630622
507,5.0618842050000001,MINUS_5_PROFILE,1,1,6.7011216087015022,1.0790555076925408,0.87278678852531788,-0.87278678852531788,6.5725479125976562,1.2106971740722656,-0.048800328919714482,-0.048315657464286933,-0.048557993192000708,-0.00048467145542754886,0.85903126001358032,-1.4726250171661377,0.06640625,-0.0390625,34,34,0,0,1,1,9.9695349999997518,0.03046500000024821
508,5.0719442560000001,MINUS_5_PROFILE,1,1,6.7096837575762756,1.0704933588177672,0.83964298642942004,-0.83964298642942004,6.5886545181274414,1.2014932632446289,-0.05134481639584626,-0.049769671830569587,-0.050557244113207923,-0.0015751445652766732,2.0616750717163086,-1.2271875143051147,0.01171875,-0.0546875,34,34,0,0,1,1,10.060050999999959,0.060050999999958776
509,5.0819282120000002,MINUS_5_PROFILE,1,1,6.7179144684300907,1.0622626479639523,0.80649918433352186,-0.80649918433352186,6.608788013458252,1.1869204044342041,-0.054525463405873852,-0.052071861243850458,-0.053298662324862155,-0.0024536021620233939,1.9144124984741211,-2.1843936443328857,-0.01953125,-0.01171875,34,34,0,0,1,1,9.9839560000001271,0.016043999999872938
510,5.0919071970000003,MINUS_5_PROFILE,1,1,6.7258137412629466,1.0543633751310968,0.77335538223762368,-0.77335538223762368,6.6252784729003906,1.1733063459396362,-0.057130591311228378,-0.054222581411094505,-0.055676586361161441,-0.0029080099001338733,0.73631250858306885,-1.5953437089920044,0.0234375,-0.02734375,34,34,0,0,1,1,9.9789850000000513,0.021014999999948714
511,5.101933378,MINUS_5_PROFILE,1,1,6.7333815760748434,1.0467955403192,0.7402115801417255,-0.7402115801417255,6.6363997459411621,1.1577746868133545,-0.058887506504721819,-0.0566762400704122,-0.057781873287567009,-0.0022112664343096194,0.46633124351501465,-1.5707999467849731,0.0390625,-0.01171875,34,34,0,0,1,1,10.026180999999745,0.026180999999745325
512,5.1119087920000004,MINUS_5_PROFILE,1,1,6.7406179728657811,1.0395591435282621,0.70706777804582743,-0.70706777804582743,6.641385555267334,1.1458863019943237,-0.059675154117085898,-0.058554341960193962,-0.059114748038639933,-0.0011208121568919358,0.17180624604225159,-1.4235374927520752,0.06640625,-0.01953125,34,34,0,0,1,1,9.9754140000003488,0.024585999999651165
513,5.121924505,MINUS_5_PROFILE,1,1,6.7475229316357597,1.0326541847582833,0.67392397594992925,-0.67392397594992925,6.6454119682312012,1.1326557397842407,-0.060311238321255969,-0.060644478195509562,-0.060477858258382769,0.00033323987425359219,0.39269998669624329,-0.68722498416900635,0.06640625,-0.0234375,34,34,0,0,1,1,10.015712999999593,0.01571299999959308
514,5.1320417870000004,MINUS_5_PROFILE,1,1,6.7540964523847791,1.0260806640092635,0.64078017385403097,-0.64078017385403097,6.6526985168457031,1.1274784803390503,-0.061462351860327842,-0.061462370692759276,-0.061462361276543559,1.8832431433746244e-08,0.41724374890327454,-0.26998123526573181,0.0390625,-0.05078125,34,34,0,0,1,1,10.117282000000394,0.11728200000039379
515,5.1421107450000001,MINUS_5_PROFILE,1,1,6.7603385351128402,1.0198385812812027,0.60763637175813279,-0.60763637175813279,6.6626691818237305,1.1201920509338379,-0.063037496425604508,-0.062613465399399715,-0.062825480912502119,-0.0004240310262047936,0.61359375715255737,-1.1044687032699585,0.04296875,-0.02734375,34,34,0,0,1,1,10.068957999999739,0.068957999999739172
516,5.1520125549999998,MINUS_5_PROFILE,1,1,6.7662491798199422,1.0139279365741007,0.57449256966223472,-0.57449256966223472,6.6655454635620117,1.1111799478530884,-0.063491885331283568,-0.064037178383502424,-0.063764531857393003,0.00054529305221885649,-0.049087498337030411,-0.88357502222061157,0.0703125,-0.02734375,34,34,0,0,1,1,9.9018099999996778,0.098190000000322186
517,5.1620171529999999,MINUS_5_PROFILE,1,1,6.7718283865060851,1.0083487298879581,0.54134876756633654,-0.54134876756633654,6.6678466796875,1.1084954738616943,-0.06385542658771709,-0.064461265907001533,-0.064158346247359305,0.00060583931928444301,0.073631249368190765,-0.36815625429153442,0.0703125,-0.05859375,34,34,0,0,1,1,10.004598000000087,0.0045980000000866994
518,5.1720101569999999,MINUS_5_PROFILE,1,1,6.7770761551712688,1.0031009612227741,0.50820496547043825,-0.50820496547043825,6.6705312728881836,1.10657799243927,-0.064279532943647646,-0.064764185566643762,-0.064521859255145697,0.00048465262299611511,0.14726249873638153,-0.26998123526573181,0.06640625,-0.06640625,34,34,0,0,1,1,9.9930040000000275,0.0069959999999724687
519,5.1820676370000003,MINUS_5_PROFILE,1,1,6.7819924858154934,0.99818463057854923,0.47506116337454007,-0.47506116337454007,6.6747493743896484,1.1046605110168457,-0.064945899697566215,-0.065067105226285976,-0.065006502461926102,0.00012120552871976165,0.29452499747276306,-0.41724374890327454,0.05078125,-0.05859375,34,34,0,0,1,1,10.057480000000396,0.057480000000396103
520,5.1920155289999999,MINUS_5_PROFILE,1,1,6.7865773784387597,0.99359973795528334,0.4419173612786419,-0.4419173612786419,6.6801185607910156,1.1015925407409668,-0.065794112409427299,-0.065551776681713525,-0.065672944545570405,-0.00024233572771377443,0.24543750286102295,-0.90811872482299805,0.05078125,-0.06640625,34,34,0,0,1,1,9.9478919999995696,0.052108000000430366
521,5.2020264840000001,MINUS_5_PROFILE,1,1,6.7908308330410669,0.98934628335297647,0.40877355918274411,-0.40877355918274411,6.6833782196044922,1.0956482887268066,-0.066309066414603365,-0.066490837042820133,-0.066399951728711742,0.00018177062821676804,0.073631249368190765,-0.88357502222061157,0.06640625,-0.03515625,34,34,0,0,1,1,10.010955000000266,0.010955000000265613
522,5.2120146199999997,MINUS_5_PROFILE,1,1,6.7947528496224141,0.98542426677162853,0.37562975708684593,-0.37562975708684593,6.6839532852172852,1.0874031782150269,-0.066399914063848875,-0.067793382163065963,-0.067096648113457419,0.0013934680992170878,-0.24543750286102295,-0.7608562707901001,0.0703125,-0.0234375,34,34,0,0,1,1,9.9881359999995922,0.011864000000407771
523,5.2219698020000003,MINUS_5_PROFILE,1,1,6.7983434281828039,0.98183368821123951,0.34248595499094775,-0.34248595499094775,6.6845288276672363,1.0837599039077759,-0.066490837042820133,-0.068368938932601889,-0.067429887987711018,0.0018781018897817553,0,-0.31906875967979431,0.08203125,-0.05859375,34,34,0,0,1,1,9.955182000000562,0.04481799999943803
524,5.2320200559999996,MINUS_5_PROFILE,1,1,6.8016025687222337,0.97857454767180962,0.30934215289504957,-0.30934215289504957,6.6845288276672363,1.0828012228012085,-0.066490837042820133,-0.068520389346207286,-0.067505613194513703,0.0020295523033871526,-0.36815625429153442,-0.34361249208450317,0.0703125,-0.06640625,34,34,0,0,1,1,10.05025399999937,0.05025399999937008
525,5.2420631899999997,MINUS_5_PROFILE,1,1,6.8045302712407043,0.97564684515333855,0.27619835079915134,-0.27619835079915134,6.6845288276672363,1.0824177265167236,-0.066490837042820133,-0.068580973278135726,-0.06753590516047793,0.0020901362353155928,-0.41724374890327454,-0.19634999334812164,0.08203125,-0.06640625,34,34,0,0,1,1,10.043134000000009,0.043134000000009109
526,5.251912827,MINUS_5_PROFILE,1,1,6.8071265357382167,0.9730505806558265,0.24305454870325321,-0.24305454870325321,6.6849122047424316,1.0820342302322388,-0.06655140214231714,-0.068641557210064166,-0.067596479676190646,0.0020901550677470265,0.12271875143051147,-0.19634999334812164,0.07421875,-0.05859375,34,34,0,0,1,1,9.8496370000002997,0.15036299999970026
527,5.2620358060000001,MINUS_5_PROFILE,1,1,6.8093913622147699,0.97078575417927349,0.20991074660735501,-0.20991074660735501,6.6849122047424316,1.0814589262008667,-0.06655140214231714,-0.068732442524172557,-0.067641922333244842,0.0021810403818554175,0,0.098174996674060822,0.07421875,-0.05859375,34,34,0,0,1,1,10.122979000000143,0.12297900000014295
528,5.2719143759999998,MINUS_5_PROFILE,1,1,6.811324750670364,0.96885236572367939,0.17676694451145686,-0.17676694451145686,6.6849122047424316,1.081267237663269,-0.06655140214231714,-0.06876272507392106,-0.0676570636081191,0.0022113229316039207,0.073631249368190765,0,0.0703125,-0.06640625,34,34,0,0,1,1,9.8785699999996979,0.12143000000030213
529,5.2819140720000002,MINUS_5_PROFILE,1,1,6.812926701104999,0.96725041528904432,0.14362314241555868,-0.14362314241555868,6.684720516204834,1.0810754299163818,-0.066521119592568637,-0.068793026456100997,-0.067657073024334824,0.0022719068635323608,-0.41724374890327454,-0.34361249208450317,0.07421875,-0.05859375,34,34,0,0,1,1,9.9996960000003909,0.00030399999960906143
530,5.2919159200000001,MINUS_5_PROFILE,1,1,6.8141972135186748,0.96597990287536828,0.11047934031966047,-0.11047934031966047,6.6851038932800293,1.081267237663269,-0.066581684692065643,-0.06876272507392106,-0.067672204882993359,0.0021810403818554175,0.14726249873638153,0.049087498337030411,0.0703125,-0.05859375,34,34,0,0,1,1,10.001847999999924,0.0018479999999243546
531,5.3019175179999998,MINUS_5_PROFILE,1,1,6.8151362879113915,0.96504082848265116,0.07733553822376231,-0.07733553822376231,6.6851038932800293,1.081267237663269,-0.066581684692065643,-0.06876272507392106,-0.067672204882993359,0.0021810403818554175,0,-0.024543749168515205,0.0703125,-0.0546875,34,34,0,0,1,1,10.001597999999667,0.0015979999996673655
532,5.3119138379999997,MINUS_5_PROFILE,1,1,6.8157439242831499,0.96443319211089296,0.044191736127864117,-0.044191736127864117,6.6849122047424316,1.0810754299163818,-0.06655140214231714,-0.068793026456100997,-0.067672214299209069,0.0022416243137838576,-0.36815625429153442,-0.36815625429153442,0.0703125,-0.0546875,34,34,0,0,1,1,9.9963199999999475,0.0036800000000525301
533,5.3219111850000003,MINUS_5_PROFILE,1,1,6.8160201226339492,0.96415699376009389,0.011047934031965937,-0.011047934031965937,6.6851038932800293,1.081267237663269,-0.066581684692065643,-0.06876272507392106,-0.067672204882993359,0.0021810403818554175,0.049087498337030411,-0.12271875143051147,0.06640625,-0.05078125,34,34,0,0,1,1,9.9973470000005449,0.002652999999455119
534,5.3319125019999998,MINUS_5_PROFILE,1,1,6.8160385358573361,0.9641385805367072,0,-0,6.6851038932800293,1.0814589262008667,-0.066581684692065643,-0.068732442524172557,-0.0676570636081191,0.0021507578321069143,0,0.12271875143051147,0.0703125,-0.05078125,34,34,0,0,1,1,10.00131699999951,0.0013169999995099602
535,5.3420221300000001,MINUS_5_ENDPOINT,1,1,6.8160385358573361,0.9641385805367072,-0,0,6.6851038932800293,1.081267237663269,-0.066581684692065643,-0.06876272507392106,-0.067672204882993359,0.0021810403818554175,0,-0.34361249208450317,0.0703125,-0.05859375,34,34,0,0,1,1,10.10962800000037,0.10962800000037021
536,5.3520137139999999,MINUS_5_ENDPOINT,1,1,6.8160385358573361,0.9641385805367072,-0,0,6.6851038932800293,1.0814589262008667,-0.066581684692065643,-0.068732442524172557,-0.0676570636081191,0.0021507578321069143,-0.024543749168515205,-0.024543749168515205,0.06640625,-0.05078125,34,34,0,0,1,1,9.9915839999997758,0.0084160000002242441
537,5.3620229909999999,MINUS_5_ENDPOINT,1,1,6.8160385358573361,0.9641385805367072,-0,0,6.6851038932800293,1.0814589262008667,-0.066581684692065643,-0.068732442524172557,-0.0676570636081191,0.0021507578321069143,0,0.024543749168515205,0.07421875,-0.05078125,34,34,0,0,1,1,10.009276999999983,0.0092769999999831043
538,5.3719105770000004,MINUS_5_ENDPOINT,1,1,6.8160385358573361,0.9641385805367072,-0,0,6.6851038932800293,1.081267237663269,-0.066581684692065643,-0.06876272507392106,-0.067672204882993359,0.0021810403818554175,0,-0.24543750286102295,0.07421875,-0.05078125,34,34,0,0,1,1,9.8875860000005034,0.11241399999949664
539,5.38202786,MINUS_5_ENDPOINT,1,1,6.8160385358573361,0.9641385805367072,-0,0,6.6851038932800293,1.081267237663269,-0.066581684692065643,-0.06876272507392106,-0.067672204882993359,0.0021810403818554175,0,-0.19634999334812164,0.08203125,-0.05859375,34,34,0,0,1,1,10.117282999999588,0.11728299999958836
540,5.3919112389999997,MINUS_5_ENDPOINT,1,1,6.8160385358573361,0.9641385805367072,-0,0,6.6851038932800293,1.0814589262008667,-0.066581684692065643,-0.068732442524172557,-0.0676570636081191,0.0021507578321069143,-0.049087498337030411,0.14726249873638153,0.06640625,-0.05078125,34,34,0,0,1,1,9.8833789999996924,0.11662100000030762
541,5.4019134019999999,MINUS_5_ENDPOINT,1,1,6.8160385358573361,0.9641385805367072,-0,0,6.6851038932800293,1.0814589262008667,-0.066581684692065643,-0.068732442524172557,-0.0676570636081191,0.0021507578321069143,0.098174996674060822,0,0.0703125,-0.05859375,34,34,0,0,1,1,10.00216300000023,0.0021630000002303973
542,5.4120400330000002,MINUS_5_ENDPOINT,1,1,6.8160385358573361,0.9641385805367072,-0,0,6.6851038932800293,1.0810754299163818,-0.066581684692065643,-0.068793026456100997,-0.067687355574083313,0.0022113417640353544,-0.024543749168515205,-0.61359375715255737,0.06640625,-0.06640625,34,34,0,0,1,1,10.12663100000033,0.12663100000033012
543,5.422056295,MINUS_5_ENDPOINT,1,1,6.8160385358573361,0.9641385805367072,-0,0,6.6851038932800293,1.0814589262008667,-0.066581684692065643,-0.068732442524172557,-0.0676570636081191,0.0021507578321069143,-0.049087498337030411,0.098174996674060822,0.0703125,-0.05078125,34,34,0,0,1,1,10.01626199999972,0.016261999999720445
544,5.432046862,MINUS_5_ENDPOINT,1,1,6.8160385358573361,0.9641385805367072,-0,0,6.6849122047424316,1.0814589262008667,-0.06655140214231714,-0.068732442524172557,-0.067641922333244842,0.0021810403818554175,-0.36815625429153442,0.12271875143051147,0.0703125,-0.05078125,34,34,0,0,1,1,9.9905670000000057,0.0094329999999942515
545,5.4420222989999996,MINUS_5_ENDPOINT,1,1,6.8160385358573361,0.9641385805367072,-0,0,6.6849122047424316,1.081267237663269,-0.06655140214231714,-0.06876272507392106,-0.0676570636081191,0.0022113229316039207,-0.36815625429153442,0,0.0703125,-0.05078125,34,34,0,0,1,1,9.9754369999995873,0.024563000000412671
546,5.4520162250000004,MINUS_5_ENDPOINT,1,1,6.8160385358573361,0.9641385805367072,-0,0,6.6851038932800293,1.0814589262008667,-0.066581684692065643,-0.068732442524172557,-0.0676570636081191,0.0021507578321069143,0,0.024543749168515205,0.0703125,-0.05078125,34,34,0,0,1,1,9.993926000000819,0.0060739999991810123
547,5.4619766810000003,MINUS_5_ENDPOINT,1,1,6.8160385358573361,0.9641385805367072,-0,0,6.6849122047424316,1.0814589262008667,-0.06655140214231714,-0.068732442524172557,-0.067641922333244842,0.0021810403818554175,-0.31906875967979431,0.098174996674060822,0.06640625,-0.05859375,34,34,0,0,1,1,9.9604559999999509,0.039544000000049095
548,5.4719107669999998,MINUS_5_ENDPOINT,1,1,6.8160385358573361,0.9641385805367072,-0,0,6.6851038932800293,1.0810754299163818,-0.066581684692065643,-0.068793026456100997,-0.067687355574083313,0.0022113417640353544,0,-0.56450623273849487,0.06640625,-0.05078125,34,34,0,0,1,1,9.9340859999994535,0.06591400000054648
549,5.4819256310000002,MINUS_5_ENDPOINT,1,1,6.8160385358573361,0.9641385805367072,-0,0,6.6851038932800293,1.0814589262008667,-0.066581684692065643,-0.068732442524172557,-0.0676570636081191,0.0021507578321069143,-0.049087498337030411,0.073631249368190765,0.0703125,-0.0546875,34,34,0,0,1,1,10.014864000000401,0.014864000000400779
550,5.4919094089999998,MINUS_5_ENDPOINT,1,1,6.8160385358573361,0.9641385805367072,-0,0,6.6851038932800293,1.081267237663269,-0.066581684692065643,-0.06876272507392106,-0.067672204882993359,0.0021810403818554175,-0.024543749168515205,-0.36815625429153442,0.06640625,-0.05078125,34,34,0,0,1,1,9.9837779999996101,0.016222000000389869
551,5.5020152959999997,MINUS_5_ENDPOINT,1,1,6.8160385358573361,0.9641385805367072,-0,0,6.6851038932800293,1.081267237663269,-0.066581684692065643,-0.06876272507392106,-0.067672204882993359,0.0021810403818554175,0.12271875143051147,-0.24543750286102295,0.0703125,-0.05859375,34,34,0,0,1,1,10.105886999999925,0.10588699999992457
552,5.5119441660000001,MINUS_5_ENDPOINT,1,1,6.8160385358573361,0.9641385805367072,-0,0,6.6851038932800293,1.0810754299163818,-0.066581684692065643,-0.068793026456100997,-0.067687355574083313,0.0022113417640353544,0.12271875143051147,-0.58904999494552612,0.0703125,-0.05078125,34,34,0,0,1,1,9.9288700000004226,0.071129999999577365
553,5.5219380310000004,MINUS_5_ENDPOINT,1,1,6.8160385358573361,0.9641385805367072,-0,0,6.6849122047424316,1.081267237663269,-0.06655140214231714,-0.06876272507392106,-0.0676570636081191,0.0022113229316039207,-0.31906875967979431,-0.26998123526573181,0.0703125,-0.05859375,34,34,0,0,1,1,9.9938650000002127,0.0061349999997872828
554,5.5319141119999999,MINUS_5_ENDPOINT,1,1,6.8160385358573361,0.9641385805367072,-0,0,6.6851038932800293,1.081267237663269,-0.066581684692065643,-0.06876272507392106,-0.067672204882993359,0.0021810403818554175,-0.049087498337030411,-0.14726249873638153,0.0703125,-0.05859375,34,34,0,0,1,1,9.9760809999995814,0.023919000000418578
555,5.542050927,MINUS_5_ENDPOINT,1,1,6.8160385358573361,0.9641385805367072,-0,0,6.6851038932800293,1.0814589262008667,-0.066581684692065643,-0.068732442524172557,-0.0676570636081191,0.0021507578321069143,0,-0.049087498337030411,0.0703125,-0.05859375,34,34,0,0,1,1,10.136815000000077,0.13681500000007674
556,5.552039529,MINUS_5_ENDPOINT,1,1,6.8160385358573361,0.9641385805367072,-0,0,6.685295581817627,1.081267237663269,-0.066611967241814146,-0.06876272507392106,-0.067687346157867603,0.0021507578321069143,0.34361249208450317,-0.22089375555515289,0.06640625,-0.0546875,34,34,0,0,1,1,9.9886019999999576,0.01139800000004243
557,5.5620336960000003,MINUS_5_ENDPOINT,1,1,6.8160385358573361,0.9641385805367072,-0,0,6.6851038932800293,1.0814589262008667,-0.066581684692065643,-0.068732442524172557,-0.0676570636081191,0.0021507578321069143,-0.17180624604225159,-0.024543749168515205,0.0703125,-0.0546875,34,34,0,0,1,1,9.9941670000003313,0.0058329999996686865
558,5.5720166459999998,MINUS_5_ENDPOINT,1,1,6.8160385358573361,0.9641385805367072,-0,0,6.6851038932800293,1.0814589262008667,-0.066581684692065643,-0.068732442524172557,-0.0676570636081191,0.0021507578321069143,-0.049087498337030411,0,0.0703125,-0.05859375,34,34,0,0,1,1,9.9829499999994908,0.017050000000509158
559,5.5819086599999999,MINUS_5_ENDPOINT,1,1,6.8160385358573361,0.9641385805367072,-0,0,6.6851038932800293,1.081267237663269,-0.066581684692065643,-0.06876272507392106,-0.067672204882993359,0.0021810403818554175,0.024543749168515205,-0.29452499747276306,0.0703125,-0.05859375,34,34,0,0,1,1,9.89201400000006,0.10798599999993996
560,5.5919085400000004,MINUS_5_ENDPOINT,1,1,6.8160385358573361,0.9641385805367072,-0,0,6.6849122047424316,1.081267237663269,-0.06655140214231714,-0.06876272507392106,-0.0676570636081191,0.0022113229316039207,-0.31906875967979431,-0.31906875967979431,0.0703125,-0.05078125,34,34,0,0,1,1,9.9998800000005161,0.0001199999994838663
561,5.6019075489999999,MINUS_5_ENDPOINT,1,1,6.8160385358573361,0.9641385805367072,-0,0,6.6851038932800293,1.081267237663269,-0.066581684692065643,-0.06876272507392106,-0.067672204882993359,0.0021810403818554175,0.12271875143051147,-0.34361249208450317,0.0703125,-0.05859375,34,34,0,0,1,1,9.9990089999995035,0.00099100000049645587
562,5.6119101020000004,MINUS_5_ENDPOINT,1,1,6.8160385358573361,0.9641385805367072,-0,0,6.6851038932800293,1.081267237663269,-0.066581684692065643,-0.06876272507392106,-0.067672204882993359,0.0021810403818554175,0,-0.26998123526573181,0.0703125,-0.0546875,34,34,0,0,1,1,10.002553000000525,0.0025530000005247189
563,5.6219081329999998,MINUS_5_ENDPOINT,1,1,6.8160385358573361,0.9641385805367072,-0,0,6.684720516204834,1.081267237663269,-0.066521119592568637,-0.06876272507392106,-0.067641922333244842,0.0022416054813524239,-0.7117687463760376,-0.26998123526573181,0.06640625,-0.05078125,34,34,0,0,1,1,9.9980309999994077,0.0019690000005923025
564,5.631909576,MINUS_5_ENDPOINT,1,1,6.8160385358573361,0.9641385805367072,-0,0,6.6849122047424316,1.081267237663269,-0.06655140214231714,-0.06876272507392106,-0.0676570636081191,0.0022113229316039207,-0.39269998669624329,-0.22089375555515289,0.07421875,-0.05859375,34,34,0,0,1,1,10.001443000000165,0.0014430000001652843
565,5.642050341,MINUS_5_ENDPOINT,1,1,6.8160385358573361,0.9641385805367072,-0,0,6.6849122047424316,1.0814589262008667,-0.06655140214231714,-0.068732442524172557,-0.067641922333244842,0.0021810403818554175,-0.34361249208450317,0.19634999334812164,0.0703125,-0.05078125,34,34,0,0,1,1,10.140765000000052,0.14076500000005154
566,5.6520407449999999,MINUS_5_ENDPOINT,1,1,6.8160385358573361,0.9641385805367072,-0,0,6.6849122047424316,1.081267237663269,-0.06655140214231714,-0.06876272507392106,-0.0676570636081191,0.0022113229316039207,-0.19634999334812164,-0.31906875967979431,0.0703125,-0.05859375,34,34,0,0,1,1,9.9904039999998417,0.0095960000001582557
567,5.662029414,MINUS_5_ENDPOINT,1,1,6.8160385358573361,0.9641385805367072,-0,0,6.6851038932800293,1.0814589262008667,-0.066581684692065643,-0.068732442524172557,-0.0676570636081191,0.0021507578321069143,0.073631249368190765,0.098174996674060822,0.0703125,-0.05078125,34,34,0,0,1,1,9.9886690000001721,0.011330999999827895
568,5.671915791,MINUS_5_ENDPOINT,1,1,6.8160385358573361,0.9641385805367072,-0,0,6.6851038932800293,1.0810754299163818,-0.066581684692065643,-0.068793026456100997,-0.067687355574083313,0.0022113417640353544,0,-0.58904999494552612,0.06640625,-0.05078125,34,34,0,0,1,1,9.8863769999999462,0.11362300000005376
569,5.6820624400000002,MINUS_5_ENDPOINT,1,1,6.8160385358573361,0.9641385805367072,-0,0,6.6851038932800293,1.081267237663269,-0.066581684692065643,-0.06876272507392106,-0.067672204882993359,0.0021810403818554175,-0.024543749168515205,-0.22089375555515289,0.0703125,-0.05859375,34,34,0,0,1,1,10.146649000000174,0.14664900000017411
570,5.692023442,MINUS_5_ENDPOINT,1,1,6.8160385358573361,0.9641385805367072,-0,0,6.6851038932800293,1.081267237663269,-0.066581684692065643,-0.06876272507392106,-0.067672204882993359,0.0021810403818554175,-0.12271875143051147,-0.24543750286102295,0.06640625,-0.05078125,34,34,0,0,1,1,9.96100199999983,0.038998000000169952
571,5.7020242019999996,MINUS_5_ENDPOINT,1,1,6.8160385358573361,0.9641385805367072,-0,0,6.6851038932800293,1.0814589262008667,-0.066581684692065643,-0.068732442524172557,-0.0676570636081191,0.0021507578321069143,0,0.12271875143051147,0.0703125,-0.05078125,34,34,0,0,1,1,10.000759999999609,0.00075999999960885134
572,5.7119128000000003,MINUS_5_ENDPOINT,1,1,6.8160385358573361,0.9641385805367072,-0,0,6.6851038932800293,1.081267237663269,-0.066581684692065643,-0.06876272507392106,-0.067672204882993359,0.0021810403818554175,-0.098174996674060822,-0.17180624604225159,0.0703125,-0.05859375,34,34,0,0,1,1,9.8885980000007478,0.11140199999925215
573,5.7219085280000002,MINUS_5_ENDPOINT,1,1,6.8160385358573361,0.9641385805367072,-0,0,6.6851038932800293,1.081267237663269,-0.066581684692065643,-0.06876272507392106,-0.067672204882993359,0.0021810403818554175,-0.073631249368190765,-0.17180624604225159,0.06640625,-0.05078125,34,34,0,0,1,1,9.995727999999815,0.0042720000001850167
574,5.7319621639999996,MINUS_5_ENDPOINT,1,1,6.8160385358573361,0.9641385805367072,-0,0,6.6851038932800293,1.081267237663269,-0.066581684692065643,-0.06876272507392106,-0.067672204882993359,0.0021810403818554175,-0.073631249368190765,-0.24543750286102295,0.06640625,-0.05859375,34,34,0,0,1,1,10.053635999999422,0.053635999999421813
575,5.7419694569999997,FINAL_CENTER_PROFILE,1,1,6.8160385358573361,0.9641385805367072,-0,0,6.6851038932800293,1.081267237663269,-0.066581684692065643,-0.06876272507392106,-0.067672204882993359,0.0021810403818554175,-0.073631249368190765,-0.31906875967979431,0.0703125,-0.05859375,34,34,0,0,1,1,10.007293000000139,0.0072930000001392159
576,5.7519971539999997,FINAL_CENTER_PROFILE,1,1,6.8158728168468565,0.96430429954718666,-0.033143802095898151,0.033143802095898151,6.6851038932800293,1.081267237663269,-0.066581684692065643,-0.06876272507392106,-0.067672204882993359,0.0021810403818554175,-0.22089375555515289,-0.31906875967979431,0.0703125,-0.05078125,34,34,0,0,1,1,10.027696999999947,0.02769699999994657
577,5.7619753400000002,FINAL_CENTER_PROFILE,1,1,6.8153756598154178,0.96480145657862515,-0.066287604191796301,0.066287604191796301,6.6851038932800293,1.0814589262008667,-0.066581684692065643,-0.068732442524172557,-0.0676570636081191,0.0021507578321069143,-0.12271875143051147,0.098174996674060822,0.0703125,-0.05859375,34,34,0,0,1,1,9.9781860000005551,0.021813999999444889
578,5.771974964,FINAL_CENTER_PROFILE,1,1,6.8145470647630209,0.96563005163102256,-0.099431406287694452,0.099431406287694452,6.6851038932800293,1.0814589262008667,-0.066581684692065643,-0.068732442524172557,-0.0676570636081191,0.0021507578321069143,0,-0.049087498337030411,0.06640625,-0.05859375,34,34,0,0,1,1,9.9996239999997627,0.00037600000023729763
579,5.782044527,FINAL_CENTER_PROFILE,1,1,6.8133870316896639,0.9667900847043791,-0.1325752083835926,0.1325752083835926,6.6851038932800293,1.0818424224853516,-0.066581684692065643,-0.068671858592244117,-0.067626771642154887,0.0020901739001784742,0,0.51541876792907715,0.06640625,-0.05078125,34,34,0,0,1,1,10.069563000000059,0.069563000000059105
580,5.7919095609999998,FINAL_CENTER_PROFILE,1,1,6.8118955605953486,0.96828155579869446,-0.16571901047949075,0.16571901047949075,6.6849122047424316,1.0816507339477539,-0.06655140214231714,-0.06870214114199262,-0.067626771642154887,0.0021507389996754805,-0.29452499747276306,-0.19634999334812164,0.05859375,-0.05859375,34,34,0,0,1,1,9.8650339999997172,0.1349660000002828
581,5.8019271249999997,FINAL_CENTER_PROFILE,1,1,6.8100726514800742,0.97010446491396884,-0.1988628125753889,0.1988628125753889,6.6851038932800293,1.0818424224853516,-0.066581684692065643,-0.068671858592244117,-0.067626771642154887,0.0020901739001784742,0.073631249368190765,0.12271875143051147,0.05078125,-0.04296875,34,34,0,0,1,1,10.017563999999979,0.017563999999978819
582,5.8119102829999996,FINAL_CENTER_PROFILE,1,1,6.8079183043438407,0.97225881205020226,-0.23200661467128711,0.23200661467128711,6.6849122047424316,1.0820342302322388,-0.06655140214231714,-0.068641557210064166,-0.067596479676190646,0.0020901550677470265,-0.26998123526573181,-0.073631249368190765,0.0546875,-0.04296875,34,34,0,0,1,1,9.9831579999998254,0.016842000000174551
583,5.8219272850000001,FINAL_CENTER_PROFILE,1,1,6.805432519186648,0.97474459720739459,-0.2651504167671852,0.2651504167671852,6.6849122047424316,1.0820342302322388,-0.06655140214231714,-0.068641557210064166,-0.067596479676190646,0.0020901550677470265,-0.073631249368190765,-0.12271875143051147,0.05078125,-0.0546875,34,34,0,0,1,1,10.017002000000552,0.017002000000552187
584,5.831907416,FINAL_CENTER_PROFILE,1,1,6.8026152960084971,0.97756182038554595,-0.29829421886308338,0.29829421886308338,6.6851038932800293,1.0822259187698364,-0.066581684692065643,-0.068611274660315663,-0.067596479676190646,0.0020295899682500201,0.34361249208450317,-0.36815625429153442,0.0546875,-0.0390625,34,34,0,0,1,1,9.9801309999998367,0.019869000000163339
585,5.8419236469999998,FINAL_CENTER_PROFILE,1,1,6.7994666348093862,0.98071048158465635,-0.33143802095898151,0.33143802095898151,6.684720516204834,1.0826094150543213,-0.066521119592568637,-0.068550690728387223,-0.06753590516047793,0.0020295711358185864,-0.098174996674060822,0.098174996674060822,0.05078125,-0.03515625,34,34,0,0,1,1,10.01623099999982,0.016230999999820028
586,5.852020081,FINAL_CENTER_PROFILE,1,1,6.7959865355893179,0.98419058080472555,-0.36458182305487968,0.36458182305487968,6.6845288276672363,1.0828012228012085,-0.066490837042820133,-0.068520389346207286,-0.067505613194513703,0.0020295523033871526,-0.31906875967979431,0.44178751111030579,0.04296875,-0.02734375,34,34,0,0,1,1,10.096434000000265,0.09643400000026503
587,5.8619149439999996,FINAL_CENTER_PROFILE,1,1,6.7921749983482886,0.98800211804575389,-0.39772562515077781,0.39772562515077781,6.684720516204834,1.0824177265167236,-0.066521119592568637,-0.068580973278135726,-0.067551046435352174,0.0020598536855670896,0.29452499747276306,-0.41724374890327454,0.0390625,-0.02734375,34,34,0,0,1,1,9.8948629999995319,0.10513700000046811
588,5.8718911330000001,FINAL_CENTER_PROFILE,1,1,6.788032023086302,0.99214509330774114,-0.43086942724667598,0.43086942724667598,6.6843371391296387,1.0826094150543213,-0.06646055449307163,-0.068550690728387223,-0.067505622610729427,0.0020901362353155928,-0.14726249873638153,-0.61359375715255737,0.04296875,-0.03515625,34,34,0,0,1,1,9.9761890000005238,0.023810999999476223
589,5.8819260279999996,FINAL_CENTER_PROFILE,1,1,6.7835576098033554,0.99661950659068743,-0.46401322934257422,0.46401322934257422,6.6843371391296387,1.0829929113388062,-0.06646055449307163,-0.068490106796458783,-0.067475330644765213,0.0020295523033871526,-0.073631249368190765,-0.17180624604225159,0.03515625,-0.02734375,34,34,0,0,1,1,10.034894999999544,0.034894999999544041
590,5.8919452899999998,FINAL_CENTER_PROFILE,1,1,6.7787517584994506,1.0014253578945926,-0.49715703143847223,0.49715703143847223,6.6839532852172852,1.0835682153701782,-0.066399914063848875,-0.068399221482350392,-0.067399567773099633,0.0019993074185015169,-0.58904999494552612,0,0.04296875,-0.01953125,34,34,0,0,1,1,10.01926200000014,0.019262000000139778
591,5.9019386960000002,FINAL_CENTER_PROFILE,1,1,6.7736144691745857,1.0065626472194569,-0.53030083353437041,0.53030083353437041,6.6839532852172852,1.0839517116546631,-0.066399914063848875,-0.068338637550421952,-0.06736927580713542,0.0019387234865730768,-0.36815625429153442,0,0.02734375,-0.01171875,34,34,0,0,1,1,9.9934060000004266,0.0065939999995734411
592,5.9119476999999998,FINAL_CENTER_PROFILE,1,1,6.7681457418287625,1.01203137456528,-0.56344463563026859,0.56344463563026859,6.6839532852172852,1.0843352079391479,-0.066399914063848875,-0.068278053618493512,-0.067338983841171193,0.0018781395546446367,-0.024543749168515205,-0.39269998669624329,0.02734375,-0.0078125,34,34,0,0,1,1,10.009003999999599,0.0090039999995994435
593,5.9219225700000004,FINAL_CENTER_PROFILE,1,1,6.7623455764619811,1.0178315399320623,-0.59658843772616676,0.59658843772616676,6.6833782196044922,1.0849103927612305,-0.066309066414603365,-0.068187187136816554,-0.06724812677570996,0.001878120722213189,-0.53996247053146362,0,0.01171875,-0.00390625,34,34,0,0,1,1,9.9748700000006352,0.025129999999364827
594,5.9319343059999996,FINAL_CENTER_PROFILE,1,1,6.7562139730742397,1.0239631433198033,-0.62973223982206483,0.62973223982206483,6.6833782196044922,1.0852938890457153,-0.066309066414603365,-0.068126603204888114,-0.067217834809745747,0.0018175367902847489,-0.24543750286102295,0.14726249873638153,0.01171875,-0.00390625,34,34,0,0,1,1,10.011735999999161,0.01173599999916064
595,5.9419361950000003,FINAL_CENTER_PROFILE,1,1,6.7497509316655391,1.0304261847285034,-0.66287604191796301,0.66287604191796301,6.6831865310668945,1.0854856967926025,-0.066278783864854862,-0.068096301822708177,-0.06718754284378152,0.0018175179578533152,-0.31906875967979431,-0.24543750286102295,0.0078125,0,34,34,0,0,1,1,10.001889000000652,0.0018890000006521745
596,5.9520166029999997,FINAL_CENTER_PROFILE,1,1,6.7429564522358802,1.0372206641581627,-0.69601984401386119,0.69601984401386119,6.6829948425292969,1.0860608816146851,-0.066248501315106345,-0.068005435341031234,-0.06712696832806879,0.0017569340259248889,0.12271875143051147,-0.14726249873638153,0.00390625,-0.00390625,34,34,0,0,1,1,10.08040799999943,0.080407999999430047
597,5.962016771,FINAL_CENTER_PROFILE,1,1,6.7358305347852623,1.0443465816087807,-0.72916364610975937,0.72916364610975937,6.6826109886169434,1.0868278741836548,-0.066187860885883604,-0.06788426747717434,-0.067036064181528965,0.0016964065912907361,-0.26998123526573181,0.22089375555515289,0.00390625,0.00390625,34,34,0,0,1,1,10.000168000000365,0.00016800000036454321
598,5.9720163179999997,FINAL_CENTER_PROFILE,1,1,6.7283731793136852,1.0518039370803578,-0.76230744820565743,0.76230744820565743,6.6818442344665527,1.0874031782150269,-0.066066730686889591,-0.067793382163065963,-0.066930056424977777,0.0017266514761763718,-0.24543750286102295,0,0,0.0078125,34,34,0,0,1,1,9.9995469999996089,0.00045300000039105726
599,5.9820138099999998,FINAL_CENTER_PROFILE,1,1,6.7205843858211489,1.0595927305728938,-0.79545125030155561,0.79545125030155561,6.6808853149414062,1.0887453556060791,-0.065915242608421326,-0.067581347817532125,-0.066748295212976733,0.0016661052091107992,-0.24543750286102295,0.34361249208450317,-0.01171875,0.01171875,34,34,0,0,1,1,9.9974920000001077,0.0025079999998922631
600,5.9920256470000002,FINAL_CENTER_PROFILE,1,1,6.7124641543076544,1.067712962086389,-0.82859505239745379,0.82859505239745379,6.6805019378662109,1.0898958444595337,-0.065854677508924306,-0.067399596021746791,-0.066627136765335548,0.0015449185128224852,-0.17180624604225159,0.24543750286102295,-0.01171875,0.0078125,34,34,0,0,1,1,10.011837000000412,0.01183700000041199
601,6.0020415470000001,FINAL_CENTER_PROFILE,1,1,6.7040124847731999,1.0761646316208431,-0.86173885449335197,0.86173885449335197,6.6797351837158203,1.0902793407440186,-0.065733547309930293,-0.067339012089818337,-0.066536279699874315,0.0016054647798880439,-0.46633124351501465,-0.19634999334812164,-0.01171875,0.03515625,34,34,0,0,1,1,10.015899999999966,0.015899999999966496
602,6.0120380190000002,FINAL_CENTER_PROFILE,1,1,6.6952293772177871,1.0849477391762561,-0.89488265658925015,0.89488265658925015,6.6789679527282715,1.091813325881958,-0.065612341781210531,-0.067096676362104563,-0.066354509071657547,0.0014843345808940311,-0.68722498416900635,-0.049087498337030411,-0.02734375,0.02734375,34,34,0,0,1,1,9.9964720000000895,0.0035279999999104916
603,6.0220212279999998,FINAL_CENTER_PROFILE,1,1,6.6861148316414152,1.094062284752628,-0.92802645868514844,0.92802645868514844,6.6783928871154785,1.0941143035888672,-0.065521494131965022,-0.066733172770533908,-0.066127333451249465,0.001211678638568886,0.098174996674060822,0.6626812219619751,-0.01953125,0.0390625,34,34,0,0,1,1,9.9832089999996043,0.016791000000395684
604,6.0320619369999999,FINAL_CENTER_PROFILE,1,1,6.6766688480440841,1.1035082683499589,-0.96117026078104639,0.96117026078104639,6.6772422790527344,1.0958400964736938,-0.065339723503748254,-0.066460535660640183,-0.065900129582194211,0.0011208121568919288,-0.68722498416900635,0.024543749168515205,-0.0390625,0.03515625,34,34,0,0,1,1,10.040709000000092,0.040709000000092033
605,6.042047062,FINAL_CENTER_PROFILE,1,1,6.6668914264257939,1.1132856899682488,-0.99431406287694446,0.99431406287694446,6.6764750480651855,1.0994832515716553,-0.065218517975028492,-0.06588499772353569,-0.065551757849282091,0.00066647974850719827,-0.24543750286102295,0.049087498337030411,-0.04296875,0.0234375,34,34,0,0,1,1,9.9851250000000391,0.014874999999960892
606,6.0520570139999998,FINAL_CENTER_PROFILE,1,1,6.6567825667865455,1.1233945496074977,-1.0274578649728427,1.0274578649728427,6.6745576858520508,1.1073449850082397,-0.064915617147817711,-0.064643017702786867,-0.064779317425302296,-0.00027259944503084388,-0.41724374890327454,0.78539997339248657,-0.03515625,0.01171875,34,34,0,0,1,1,10.009951999999878,0.0099519999998776143
607,6.0620234709999998,FINAL_CENTER_PROFILE,1,1,6.646342269126337,1.1338348472677058,-1.0606016670687408,1.0606016670687408,6.6712980270385742,1.1153984069824219,-0.064400663142641659,-0.063370755132289541,-0.063885709137465607,-0.001029908010352118,-0.6626812219619751,0.53996247053146362,-0.03515625,0.02734375,34,34,0,0,1,1,9.9664569999999841,0.033543000000015866
608,6.0720292220000003,FINAL_CENTER_PROFILE,1,1,6.6355705334451702,1.1446065829488727,-1.0937454691646391,1.0937454691646391,6.6643953323364258,1.1182745695114136,-0.063310190032792535,-0.062916385059041929,-0.063113287545917232,-0.00039380497375060552,-0.6626812219619751,0.36815625429153442,-0.01953125,0.04296875,34,34,0,0,1,1,10.005751000000451,0.0057510000004512563
609,6.082025593,FINAL_CENTER_PROFILE,1,1,6.6245410126365911,1.1556361037574521,-1.1047934031966051,1.1047934031966051,6.6580672264099121,1.1226848363876343,-0.062310489242463185,-0.062219660425649109,-0.062265074834056147,-9.0828816814075841e-05,-0.46633124351501465,0.44178751111030579,-0.03515625,0.04296875,34,34,0,0,1,1,9.9963709999997263,0.0036290000002736633
610,6.0920157860000002,FINAL_CENTER_PROFILE,1,1,6.6134930786046251,1.1666840377894183,-1.1047934031966051,1.1047934031966051,6.6565332412719727,1.1305464506149292,-0.062068153514749411,-0.060977699237331727,-0.061522926376040565,-0.0010904542774176837,-0.12271875143051147,0.78539997339248657,-0.05859375,0.02734375,34,34,0,0,1,1,9.9901930000001471,0.0098069999998529056
611,6.1020354049999996,FINAL_CENTER_PROFILE,1,1,6.6024451445726591,1.1777319718213841,-1.1047934031966051,1.1047934031966051,6.6546158790588379,1.1387916803359985,-0.061765252687538623,-0.059675135284654464,-0.060720193986096543,-0.002090117402884159,-0.7117687463760376,0.17180624604225159,-0.0703125,0.03515625,34,34,0,0,1,1,10.01961899999948,0.019618999999480025
612,6.1120311020000004,FINAL_CENTER_PROFILE,1,1,6.5913972105406931,1.1887799058533504,-1.1047934031966051,1.1047934031966051,6.6526985168457031,1.1416678428649902,-0.061462351860327842,-0.059220765211406852,-0.060341558535867347,-0.0022415866489209901,-0.26998123526573181,0.22089375555515289,-0.0703125,0.06640625,34,34,0,0,1,1,9.9956970000008027,0.0043029999991972545
613,6.1220433720000003,FINAL_CENTER_PROFILE,1,1,6.580349276508727,1.1998278398853164,-1.1047934031966051,1.1047934031966051,6.6502056121826172,1.1426266431808472,-0.061068528054145803,-0.059069295965370021,-0.060068912009757912,-0.001999232088775782,-0.51541876792907715,0.22089375555515289,-0.07421875,0.07421875,34,34,0,0,1,1,10.012269999999823,0.012269999999823256
614,6.1320497019999998,FINAL_CENTER_PROFILE,1,1,6.569301342476761,1.2108757739172824,-1.1047934031966051,1.1047934031966051,6.64617919921875,1.1453111171722412,-0.060432443849975731,-0.058645208441870912,-0.059538826145923318,-0.0017872354081048189,-0.78539997339248657,0.56450623273849487,-0.05078125,0.0703125,34,34,0,0,1,1,10.006329999999508,0.006329999999508118
615,6.1420177730000001,FINAL_CENTER_PROFILE,1,1,6.558253408444795,1.2219237079492484,-1.1047934031966051,1.1047934031966051,6.6390843391418457,1.1481872797012329,-0.059311612860652362,-0.0581908383686233,-0.058751225614637831,-0.0011207744920290613,-0.90811872482299805,0.56450623273849487,-0.04296875,0.07421875,34,34,0,0,1,1,9.9680710000003003,0.03192899999969967
616,6.1520479200000002,FINAL_CENTER_PROFILE,1,1,6.547205474412829,1.2329716419812145,-1.1047934031966051,1.1047934031966051,6.6329483985900879,1.1543232202529907,-0.058342269949797257,-0.057221495457768196,-0.057781882703782726,-0.0011207744920290613,-0.098174996674060822,0.9326624870300293,-0.06640625,0.05078125,34,34,0,0,1,1,10.030147000000156,0.030147000000155799
617,6.1620218400000004,FINAL_CENTER_PROFILE,1,1,6.5361575403808629,1.2440195760131805,-1.1047934031966051,1.1047934031966051,6.6312227249145508,1.1631436347961426,-0.058069651672334979,-0.055828065023413982,-0.056948858347874484,-0.0022415866489209971,-0.36815625429153442,0.78539997339248657,-0.08984375,0.05078125,34,34,0,0,1,1,9.9739200000001915,0.026079999999808479
618,6.1720285170000002,FINAL_CENTER_PROFILE,1,1,6.525109606348896,1.2550675100451465,-1.1047934031966051,1.1047934031966051,6.629880428314209,1.1675539016723633,-0.057857598494369708,-0.055131340390021162,-0.056494469442195439,-0.0027262581043485459,-0.44178751111030579,0.29452499747276306,-0.09375,0.0859375,34,34,0,0,1,1,10.006676999999797,0.0066769999997973173
619,6.1820494180000001,FINAL_CENTER_PROFILE,1,1,6.51406167231693,1.2661154440771125,-1.1047934031966051,1.1047934031966051,6.6285381317138672,1.1706218719482422,-0.057645545316404437,-0.054646668934593606,-0.056146107125499022,-0.0029988763818108305,-0.4908750057220459,0.14726249873638153,-0.10546875,0.08203125,34,34,0,0,1,1,10.02090099999986,0.020900999999859948
620,6.192057352,FINAL_CENTER_PROFILE,1,1,6.503013738284964,1.2771633781090785,-1.1047934031966051,1.1047934031966051,6.6266207695007324,1.1756073236465454,-0.057342644489193649,-0.053859077819523836,-0.055600861154358742,-0.0034835666696698131,-0.46633124351501465,0.41724374890327454,-0.1015625,0.06640625,34,34,0,0,1,1,10.007933999999885,0.0079339999998850885
621,6.2020700140000002,FINAL_CENTER_PROFILE,1,1,6.491965804252998,1.2882113121410448,-1.1047934031966051,1.1047934031966051,6.6231694221496582,1.1853864192962646,-0.056797407934269087,-0.052314196971564232,-0.054555802452916663,-0.0044832109627048547,-0.58904999494552612,1.0308375358581543,-0.09375,0.05078125,34,34,0,0,1,1,10.012662000000283,0.012662000000283058
622,6.2120510649999998,FINAL_CENTER_PROFILE,1,1,6.4809178702210319,1.2992592461730108,-1.1047934031966051,1.1047934031966051,6.617800235748291,1.1932481527328491,-0.055949195222408002,-0.051072216950815416,-0.053510706086611709,-0.0048769782715925858,-0.44178751111030579,0.53996247053146362,-0.08984375,0.07421875,34,34,0,0,1,1,9.9810509999995745,0.018949000000425542
623,6.2220831499999996,FINAL_CENTER_PROFILE,1,1,6.4698699361890659,1.3103071802049768,-1.1047934031966051,1.1047934031966051,6.6120476722717285,1.1988087892532349,-0.055040417411049904,-0.050193759354068695,-0.052617088382559296,-0.0048466580569812082,-0.68722498416900635,0.63813751935958862,-0.1015625,0.07421875,34,34,0,0,1,1,10.032084999999746,0.032084999999746344
624,6.2320582519999999,FINAL_CENTER_PROFILE,1,1,6.4588220021570999,1.3213551142369429,-1.1047934031966051,1.1047934031966051,6.6093635559082031,1.2093548774719238,-0.054616386384845103,-0.048527710642252204,-0.051572048513548657,-0.0060886757425928986,-0.26998123526573181,1.251731276512146,-0.12109375,0.04296875,34,34,0,0,1,1,9.975102000000291,0.024897999999708986
625,6.2420368660000003,FINAL_CENTER_PROFILE,1,1,6.4477740681251339,1.3324030482689089,-1.1047934031966051,1.1047934031966051,6.6080212593078613,1.2197092771530151,-0.054404333206879832,-0.046891944480184217,-0.050648138843532024,-0.0075123887266956152,-0.31906875967979431,0.63813751935958862,-0.125,0.07421875,34,34,0,0,1,1,9.9786140000004409,0.021385999999559147
626,6.2520504780000001,FINAL_CENTER_PROFILE,1,1,6.4368918531036474,1.3432852632903955,-1.0716496011007068,1.0716496011007068,6.6072540283203125,1.2281461954116821,-0.054283127678160077,-0.045559097977758443,-0.04992111282795926,-0.0087240297004016337,-0.4908750057220459,0.88357502222061157,-0.13671875,0.05859375,34,34,0,0,1,1,10.013611999999839,0.013611999999838531
627,6.2620246890000004,FINAL_CENTER_PROFILE,1,1,6.4263410761031201,1.3538360402909231,-1.038505799004809,1.038505799004809,6.6066789627075195,1.2411850690841675,-0.054192280028914561,-0.043499244292191354,-0.048845762160552961,-0.010693035736723207,-0.19634999334812164,1.006293773651123,-0.1328125,0.04296875,34,34,0,0,1,1,9.9742110000002882,0.025788999999711848
628,6.272023592,FINAL_CENTER_PROFILE,1,1,6.416121737123551,1.3640553792704917,-1.0053619969089107,1.0053619969089107,6.6059117317199707,1.2507724761962891,-0.054071074500194806,-0.041984645993980253,-0.04802786024708753,-0.012086428506214553,-0.34361249208450317,0.68722498416900635,-0.140625,0.0546875,34,34,0,0,1,1,9.9989029999996148,0.001097000000385151
629,6.2819097260000003,FINAL_CENTER_PROFILE,1,1,6.406233836164942,1.3739432802291014,-0.97221819481301253,0.97221819481301253,6.6055283546447754,1.2615103721618652,-0.054010509400697793,-0.040288295899983818,-0.047149402650340802,-0.013722213500713974,-0.44178751111030579,0.88357502222061157,-0.1484375,0.0234375,34,34,0,0,1,1,9.8861340000002684,0.11386599999973157
630,6.2919158150000003,FINAL_CENTER_PROFILE,1,1,6.3966773732272912,1.3834997431667519,-0.93907439271711424,0.93907439271711424,6.6047616004943848,1.2699472904205322,-0.05388937920170378,-0.038955449397558052,-0.046422414299630912,-0.014933929804145728,-0.073631249368190765,-0.024543749168515205,-0.13671875,0.0703125,34,34,0,0,1,1,10.006088999999996,0.0060889999999957922
631,6.3019143519999998,FINAL_CENTER_PROFILE,1,1,6.3874523483105996,1.3927247680834436,-0.90593059062121606,0.90593059062121606,6.6038026809692383,1.27608323097229,-0.053737891123235515,-0.037986106486702947,-0.045861998804969231,-0.015751784636532568,-0.049087498337030411,0.51541876792907715,-0.140625,0.08203125,34,34,0,0,1,1,9.9985369999995299,0.0014630000004700605
632,6.3119083260000002,FINAL_CENTER_PROFILE,1,1,6.3785587614148671,1.4016183549791763,-0.87278678852531788,0.87278678852531788,6.6026520729064941,1.2873964309692383,-0.053556120495018747,-0.036198871078598129,-0.044877495786808441,-0.017357249416420618,-0.22089375555515289,1.1044687032699585,-0.1484375,0.02734375,34,34,0,0,1,1,9.9939740000003496,0.0060259999996503666
