tick,timestamp_s,phase,physical_label,motor_id,motor_mode,q_cmd_motor_rad,dq_cmd_motor_rad_s,q_feedback_motor_rad,q_relative_motor_rad,q_relative_output_protocol_rad,q_relative_ros_rad,qdot_fast_deg_s,qdot_slow_deg_s,sdk_dq_rad_s,tau_feedback,temperature_c,merror,data_correct,other_motor_isolated,tx_period_ms,tx_jitter_ms
0,1.285e-06,MINUS_10_DIAGNOSTIC_START_CAPTURE,J2A,0,0,0,0,0.33268284797668457,nan,nan,nan,0,0,0.19634999334812164,0,34,0,1,YES,nan,nan
0,0.010179511,MINUS_10_DIAGNOSTIC_START_CAPTURE,J2A,0,0,0,0,0.33268284797668457,nan,nan,nan,0,0,0.098174996674060822,0,34,0,1,YES,nan,nan
0,0.020182504,MINUS_10_DIAGNOSTIC_START_CAPTURE,J2A,0,0,0,0,0.33249109983444214,nan,nan,nan,0,0,-0.24543750286102295,0,34,0,1,YES,nan,nan
0,0.030181920000000001,MINUS_10_DIAGNOSTIC_START_CAPTURE,J2A,0,0,0,0,0.33268284797668457,nan,nan,nan,0,0,0.049087498337030411,0,34,0,1,YES,nan,nan
0,0.040192244000000002,MINUS_10_DIAGNOSTIC_START_CAPTURE,J2A,0,0,0,0,0.33268284797668457,nan,nan,nan,0,0,0.098174996674060822,0,34,0,1,YES,nan,nan
0,0.050164143000000001,MINUS_10_DIAGNOSTIC_START_CAPTURE,J2A,0,0,0,0,0.33249109983444214,nan,nan,nan,0,0,-0.19634999334812164,0,34,0,1,YES,nan,nan
0,0.060149827000000003,MINUS_10_DIAGNOSTIC_START_CAPTURE,J2A,0,0,0,0,0.33268284797668457,nan,nan,nan,0,0,0.12271875143051147,0,34,0,1,YES,nan,nan
0,0.070144492000000003,MINUS_10_DIAGNOSTIC_START_CAPTURE,J2A,0,0,0,0,0.33249109983444214,nan,nan,nan,0,0,-0.24543750286102295,0,34,0,1,YES,nan,nan
0,0.080153721999999997,MINUS_10_DIAGNOSTIC_START_CAPTURE,J2A,0,0,0,0,0.332874596118927,nan,nan,nan,0,0,0.44178751111030579,0,34,0,1,YES,nan,nan
0,0.090162531000000004,MINUS_10_DIAGNOSTIC_START_CAPTURE,J2A,0,0,0,0,0.33249109983444214,nan,nan,nan,0,0,-0.26998123526573181,0,34,0,1,YES,nan,nan
0,0.100149721,MINUS_10_DIAGNOSTIC_START_CAPTURE,J2A,0,0,0,0,0.33249109983444214,nan,nan,nan,0,0,-0.24543750286102295,0,34,0,1,YES,nan,nan
0,0.110187458,MINUS_10_DIAGNOSTIC_START_CAPTURE,J2A,0,0,0,0,0.33268284797668457,nan,nan,nan,0,0,0.098174996674060822,0,34,0,1,YES,nan,nan
0,0.120181144,MINUS_10_DIAGNOSTIC_START_CAPTURE,J2A,0,0,0,0,0.33268284797668457,nan,nan,nan,0,0,0.098174996674060822,0,34,0,1,YES,nan,nan
0,0.13018914400000001,MINUS_10_DIAGNOSTIC_START_CAPTURE,J2A,0,0,0,0,0.33249109983444214,nan,nan,nan,0,0,-0.26998123526573181,0,34,0,1,YES,nan,nan
0,0.14019195200000001,MINUS_10_DIAGNOSTIC_START_CAPTURE,J2A,0,0,0,0,0.33249109983444214,nan,nan,nan,0,0,-0.24543750286102295,0,34,0,1,YES,nan,nan
0,0.150182446,MINUS_10_DIAGNOSTIC_START_CAPTURE,J2A,0,0,0,0,0.33249109983444214,nan,nan,nan,0,0,-0.31906875967979431,0,34,0,1,YES,nan,nan
0,0.16019250700000001,MINUS_10_DIAGNOSTIC_START_CAPTURE,J2A,0,0,0,0,0.33249109983444214,nan,nan,nan,0,0,-0.24543750286102295,0,34,0,1,YES,nan,nan
0,0.170161112,MINUS_10_DIAGNOSTIC_START_CAPTURE,J2A,0,0,0,0,0.33249109983444214,nan,nan,nan,0,0,-0.24543750286102295,0,34,0,1,YES,nan,nan
0,0.180159122,MINUS_10_DIAGNOSTIC_START_CAPTURE,J2A,0,0,0,0,0.33268284797668457,nan,nan,nan,0,0,0.024543749168515205,0,34,0,1,YES,nan,nan
0,0.19015051999999999,MINUS_10_DIAGNOSTIC_START_CAPTURE,J2A,0,0,0,0,0.33249109983444214,nan,nan,nan,0,0,-0.24543750286102295,0,34,0,1,YES,nan,nan
0,0.200198233,MINUS_10_DIAGNOSTIC_START_CAPTURE,J2A,0,0,0,0,0.33249109983444214,nan,nan,nan,0,0,-0.24543750286102295,0,34,0,1,YES,nan,nan
0,0.21023177000000001,MINUS_10_DIAGNOSTIC_START_CAPTURE,J2A,0,0,0,0,0.33249109983444214,nan,nan,nan,0,0,-0.29452499747276306,0,34,0,1,YES,nan,nan
0,0.220197637,MINUS_10_DIAGNOSTIC_START_CAPTURE,J2A,0,0,0,0,0.33249109983444214,nan,nan,nan,0,0,-0.24543750286102295,0,34,0,1,YES,nan,nan
0,0.23018415,MINUS_10_DIAGNOSTIC_START_CAPTURE,J2A,0,0,0,0,0.33249109983444214,nan,nan,nan,0,0,-0.34361249208450317,0,34,0,1,YES,nan,nan
0,0.24015438,MINUS_10_DIAGNOSTIC_START_CAPTURE,J2A,0,0,0,0,0.33249109983444214,nan,nan,nan,0,0,-0.24543750286102295,0,34,0,1,YES,nan,nan
0,0.25014523900000002,MINUS_10_DIAGNOSTIC_START_CAPTURE,J2A,0,0,0,0,0.33268284797668457,nan,nan,nan,0,0,0.098174996674060822,0,34,0,1,YES,nan,nan
0,0.260150137,MINUS_10_DIAGNOSTIC_START_CAPTURE,J2A,0,0,0,0,0.33249109983444214,nan,nan,nan,0,0,-0.24543750286102295,0,34,0,1,YES,nan,nan
0,0.27015220600000001,MINUS_10_DIAGNOSTIC_START_CAPTURE,J2A,0,0,0,0,0.33249109983444214,nan,nan,nan,0,0,-0.24543750286102295,0,34,0,1,YES,nan,nan
0,0.28014913200000002,MINUS_10_DIAGNOSTIC_START_CAPTURE,J2A,0,0,0,0,0.33268284797668457,nan,nan,nan,0,0,0.098174996674060822,0,34,0,1,YES,nan,nan
0,0.29014671399999997,MINUS_10_DIAGNOSTIC_START_CAPTURE,J2A,0,0,0,0,0.33249109983444214,nan,nan,nan,0,0,-0.31906875967979431,0,34,0,1,YES,nan,nan
0,0.30014817500000002,MINUS_10_DIAGNOSTIC_START_CAPTURE,J2A,0,0,0,0,0.33249109983444214,nan,nan,nan,0,0,-0.26998123526573181,0,34,0,1,YES,nan,nan
0,0.31014689699999998,MINUS_10_DIAGNOSTIC_START_CAPTURE,J2A,0,0,0,0,0.33249109983444214,nan,nan,nan,0,0,-0.26998123526573181,0,34,0,1,YES,nan,nan
0,0.32005962599999999,MINUS_10_DIAGNOSTIC_START_CAPTURE,J2A,0,0,0,0,0.33249109983444214,nan,nan,nan,0,0,-0.24543750286102295,0,34,0,1,YES,nan,nan
0,0.33019475700000001,MINUS_10_DIAGNOSTIC_START_CAPTURE,J2A,0,0,0,0,0.33249109983444214,nan,nan,nan,0,0,-0.24543750286102295,0,34,0,1,YES,nan,nan
0,0.34015585799999998,MINUS_10_DIAGNOSTIC_START_CAPTURE,J2A,0,0,0,0,0.33249109983444214,nan,nan,nan,0,0,-0.24543750286102295,0,34,0,1,YES,nan,nan
0,0.35016566999999998,MINUS_10_DIAGNOSTIC_START_CAPTURE,J2A,0,0,0,0,0.33249109983444214,nan,nan,nan,0,0,-0.24543750286102295,0,34,0,1,YES,nan,nan
0,0.360160551,MINUS_10_DIAGNOSTIC_START_CAPTURE,J2A,0,0,0,0,0.33249109983444214,nan,nan,nan,0,0,-0.24543750286102295,0,34,0,1,YES,nan,nan
0,0.37016444399999998,MINUS_10_DIAGNOSTIC_START_CAPTURE,J2A,0,0,0,0,0.33249109983444214,nan,nan,nan,0,0,-0.24543750286102295,0,34,0,1,YES,nan,nan
0,0.38007994899999997,MINUS_10_DIAGNOSTIC_START_CAPTURE,J2A,0,0,0,0,0.33268284797668457,nan,nan,nan,0,0,0.12271875143051147,0,34,0,1,YES,nan,nan
0,0.390174362,MINUS_10_DIAGNOSTIC_START_CAPTURE,J2A,0,0,0,0,0.33249109983444214,nan,nan,nan,0,0,-0.24543750286102295,0,34,0,1,YES,nan,nan
0,0.40009966400000002,MINUS_10_DIAGNOSTIC_START_CAPTURE,J2A,0,0,0,0,0.33249109983444214,nan,nan,nan,0,0,0.073631249368190765,0,34,0,1,YES,nan,nan
0,0.41007713600000001,MINUS_10_DIAGNOSTIC_START_CAPTURE,J2A,0,0,0,0,0.33249109983444214,nan,nan,nan,0,0,-0.24543750286102295,0,34,0,1,YES,nan,nan
0,0.42007042900000002,MINUS_10_DIAGNOSTIC_START_CAPTURE,J2A,0,0,0,0,0.33249109983444214,nan,nan,nan,0,0,-0.24543750286102295,0,34,0,1,YES,nan,nan
0,0.43007021400000001,MINUS_10_DIAGNOSTIC_START_CAPTURE,J2A,0,0,0,0,0.33249109983444214,nan,nan,nan,0,0,-0.24543750286102295,0,34,0,1,YES,nan,nan
0,0.44015446899999999,MINUS_10_DIAGNOSTIC_START_CAPTURE,J2A,0,0,0,0,0.33268284797668457,nan,nan,nan,0,0,0.12271875143051147,0,34,0,1,YES,nan,nan
0,0.45015956099999999,MINUS_10_DIAGNOSTIC_START_CAPTURE,J2A,0,0,0,0,0.33249109983444214,nan,nan,nan,0,0,-0.26998123526573181,0,34,0,1,YES,nan,nan
0,0.46018101700000003,MINUS_10_DIAGNOSTIC_START_CAPTURE,J2A,0,0,0,0,0.33249109983444214,nan,nan,nan,0,0,-0.24543750286102295,0,34,0,1,YES,nan,nan
0,0.47017858400000001,MINUS_10_DIAGNOSTIC_START_CAPTURE,J2A,0,0,0,0,0.33268284797668457,nan,nan,nan,0,0,0.12271875143051147,0,34,0,1,YES,nan,nan
0,0.48016377599999999,MINUS_10_DIAGNOSTIC_START_CAPTURE,J2A,0,0,0,0,0.33268284797668457,nan,nan,nan,0,0,0.073631249368190765,0,34,0,1,YES,nan,nan
0,0.49016305500000001,MINUS_10_DIAGNOSTIC_START_CAPTURE,J2A,0,0,0,0,0.33268284797668457,nan,nan,nan,0,0,0.12271875143051147,0,34,0,1,YES,nan,nan
0,0.49073506300000003,MINUS_10_DIAGNOSTIC_PRE_HOLD,J2A,0,1,0.33249109983444214,0,0.33249109983444214,0,0,nan,0,0,-0.26998123526573181,0,34,0,1,YES,nan,nan
1,0.50091593199999995,MINUS_10_DIAGNOSTIC_PRE_HOLD,J2A,0,1,0.33249109983444214,0,0.3334498405456543,0.0009587407112121582,0.00015145982982110997,nan,0,0,0.34361249208450317,-0.01171875,34,0,1,YES,10.180868999999927,0.18086899999992667
2,0.51082685299999997,MINUS_10_DIAGNOSTIC_PRE_HOLD,J2A,0,1,0.33249109983444214,0,0.33479207754135132,0.0023009777069091797,0.00036350359157066397,nan,0,0,0.12271875143051147,-0.01171875,34,0,1,YES,9.9109210000000161,0.089078999999983921
3,0.52088406899999995,MINUS_10_DIAGNOSTIC_PRE_HOLD,J2A,0,1,0.33249109983444214,0,0.33536732196807861,0.0028762221336364746,0.00045437948946332993,nan,0,0,0.12271875143051147,-0.00390625,34,0,1,YES,10.057215999999979,0.057215999999979061
4,0.53088333799999998,MINUS_10_DIAGNOSTIC_PRE_HOLD,J2A,0,1,0.33249109983444214,0,0.33517557382583618,0.002684473991394043,0.00042408752349910796,nan,0.65789541338760016,0,-0.34361249208450317,0.01171875,34,0,1,YES,9.9992690000000337,0.0007309999999662864
5,0.54082973700000003,MINUS_10_DIAGNOSTIC_PRE_HOLD,J2A,0,1,0.33249109983444214,0,0.33536732196807861,0.0028762221336364746,0.00045437948946332993,nan,0.38207117330543361,0,0,-0.00390625,34,0,1,YES,9.9463990000000493,0.053600999999950716
6,0.55082777400000005,MINUS_10_DIAGNOSTIC_PRE_HOLD,J2A,0,1,0.33249109983444214,0,0.33536732196807861,0.0028762221336364746,0.00045437948946332993,nan,0.10431034542202576,0,0,-0.00390625,34,0,1,YES,9.9980370000000143,0.0019629999999857262
7,0.56079335399999997,MINUS_10_DIAGNOSTIC_PRE_HOLD,J2A,0,1,0.33249109983444214,0,0.33536732196807861,0.0028762221336364746,0.00045437948946332993,nan,0.017369364389645887,0,0.073631249368190765,0,34,0,1,YES,9.9655799999999175,0.034420000000082496
8,0.57078830300000005,MINUS_10_DIAGNOSTIC_PRE_HOLD,J2A,0,1,0.33249109983444214,0,0.33536732196807861,0.0028762221336364746,0.00045437948946332993,nan,0.034767180481825484,0,-0.073631249368190765,0,34,0,1,YES,9.9949490000000871,0.0050509999999128752
9,0.58078814499999998,MINUS_10_DIAGNOSTIC_PRE_HOLD,J2A,0,1,0.33249109983444214,0,0.33536732196807861,0.0028762221336364746,0.00045437948946332993,nan,0,0,0,-0.00390625,34,0,1,YES,9.9998419999999264,0.00015800000007359927
10,0.59081945199999997,MINUS_10_DIAGNOSTIC_PRE_HOLD,J2A,0,1,0.33249109983444214,0,0.33536732196807861,0.0028762221336364746,0.00045437948946332993,nan,0,0.1974519980155004,-0.024543749168515205,-0.00390625,34,0,1,YES,10.031306999999989,0.031306999999989316
11,0.60082913299999996,MINUS_10_DIAGNOSTIC_PRE_HOLD,J2A,0,1,0.33249109983444214,0,0.33536732196807861,0.0028762221336364746,0.00045437948946332993,nan,0,0.10102867207689584,-0.024543749168515205,-0.00390625,34,0,1,YES,10.009680999999993,0.0096809999999933893
12,0.61082496799999997,MINUS_10_DIAGNOSTIC_PRE_HOLD,J2A,0,1,0.33249109983444214,0,0.33555907011032104,0.0030679702758789062,0.00048467145542755195,nan,0.034658715478697456,0.036316486048672068,0.41724374890327454,0,34,0,1,YES,9.9958350000000085,0.0041649999999915366
13,0.62082514099999997,MINUS_10_DIAGNOSTIC_PRE_HOLD,J2A,0,1,0.33249109983444214,0,0.33536732196807861,0.0028762221336364746,0.00045437948946332993,nan,0.017341613674921114,0.012626003593212753,-0.024543749168515205,-0.00390625,34,0,1,YES,10.000173,0.00017300000000020077
14,0.63082816799999997,MINUS_10_DIAGNOSTIC_PRE_HOLD,J2A,0,1,0.33249109983444214,0,0.33517557382583618,0.002684473991394043,0.00042408752349910796,nan,-0.034708258417778859,0.0047249268140507174,-0.44178751111030579,0,34,0,1,YES,10.003026999999998,0.0030269999999976704
15,0.64082525400000001,MINUS_10_DIAGNOSTIC_PRE_HOLD,J2A,0,1,0.33249109983444214,0,0.33517557382583618,0.002684473991394043,0.00042408752349910796,nan,-0.069433735060461368,-0.011042860086043238,-0.31906875967979431,0,34,0,1,YES,9.9970860000000439,0.0029139999999561184
16,0.650828874,MINUS_10_DIAGNOSTIC_PRE_HOLD,J2A,0,1,0.33249109983444214,0,0.33517557382583618,0.002684473991394043,0.00042408752349910796,nan,-0.086773912888517116,-0.01734945691227812,-0.39269998669624329,-0.00390625,34,0,1,YES,10.003619999999991,0.0036199999999908528
17,0.66082502899999995,MINUS_10_DIAGNOSTIC_PRE_HOLD,J2A,0,1,0.33249109983444214,0,0.33517557382583618,0.002684473991394043,0.00042408752349910796,nan,-0.034714047810073319,-0.022077020902526234,-0.46633124351501465,0,34,0,1,YES,9.9961549999999519,0.00384500000004806
18,0.67084018899999998,MINUS_10_DIAGNOSTIC_PRE_HOLD,J2A,0,1,0.33249109983444214,0,0.33536732196807861,0.0028762221336364746,0.00045437948946332993,nan,0.034714041998091208,-0.017345844364670609,-0.17180624604225159,0.00390625,34,0,1,YES,10.015160000000023,0.015160000000022933
19,0.68078804900000001,MINUS_10_DIAGNOSTIC_PRE_HOLD,J2A,0,1,0.33249109983444214,0,0.33517557382583618,0.002684473991394043,0.00042408752349910796,nan,0.017410434394242533,-0.020507089621672293,-0.24543750286102295,0,34,0,1,YES,9.9478600000000306,0.052139999999969433
20,0.69079337399999996,MINUS_10_DIAGNOSTIC_PRE_HOLD,J2A,0,1,0.33249109983444214,0,0.33536732196807861,0.0028762221336364746,0.00045437948946332993,nan,0.034792927464837073,-0.014204843711490786,-0.073631249368190765,0,34,0,1,YES,10.005324999999953,0.0053249999999529507
21,0.70079006700000002,MINUS_10_DIAGNOSTIC_PRE_HOLD,J2A,0,1,0.33249109983444214,0,0.33517557382583618,0.002684473991394043,0.00042408752349910796,nan,3.2844425279183925e-05,-0.015785260196863649,-0.51541876792907715,-0.00390625,34,0,1,YES,9.9966930000000573,0.0033069999999426614
22,0.71078756399999998,MINUS_10_DIAGNOSTIC_PRE_HOLD,J2A,0,1,0.33249109983444214,0,0.33536732196807861,0.0028762221336364746,0.00045437948946332993,nan,3.7533786249882571e-05,-0.0078945031553117294,-0.098174996674060822,0,34,0,1,YES,9.9974969999999672,0.0025030000000327846
23,0.72078883299999996,MINUS_10_DIAGNOSTIC_PRE_HOLD,J2A,0,1,0.33249109983444214,0,0.33517557382583618,0.002684473991394043,0.00042408752349910796,nan,3.0951876637614787e-06,0.0015798046576671718,-0.53996247053146362,-0.00390625,34,0,1,YES,10.001268999999979,0.0012689999999793145
24,0.73078755799999995,MINUS_10_DIAGNOSTIC_PRE_HOLD,J2A,0,1,0.33249109983444214,0,0.33536732196807861,0.0028762221336364746,0.00045437948946332993,nan,1.0138523132070055e-07,0.012632701556399806,-0.098174996674060822,0,34,0,1,YES,9.9987249999999861,0.0012750000000139039
25,0.74090359100000003,MINUS_10_DIAGNOSTIC_PRE_HOLD,J2A,0,1,0.33249109983444214,0,0.33517557382583618,0.002684473991394043,0.00042408752349910796,nan,-8.279873882357433e-05,0.0063033876900585083,-0.39269998669624329,0,34,0,1,YES,10.11603300000008,0.11603300000007977
26,0.75083660200000002,MINUS_10_DIAGNOSTIC_PRE_HOLD,J2A,0,1,0.33249109983444214,0,0.33536732196807861,0.0028762221336364746,0.00045437948946332993,nan,-8.7733119813209858e-05,0.0078813287746279607,-0.17180624604225159,-0.00390625,34,0,1,YES,9.9330109999999916,0.066989000000008403
27,0.76079258800000005,MINUS_10_DIAGNOSTIC_PRE_HOLD,J2A,0,1,0.33249109983444214,0,0.33536732196807861,0.0028762221336364746,0.00045437948946332993,nan,0.0345879480842467,0.0078813281423048328,-0.049087498337030411,-0.00390625,34,0,1,YES,9.9559860000000278,0.044013999999972242
28,0.77082750600000005,MINUS_10_DIAGNOSTIC_PRE_HOLD,J2A,0,1,0.33249109983444214,0,0.33555907011032104,0.0030679702758789062,0.00048467145542755195,nan,0.051967881794552133,0.014191383178235551,0.34361249208450317,0.00390625,34,0,1,YES,10.034918000000005,0.034918000000004668
29,0.78078730500000004,MINUS_10_DIAGNOSTIC_PRE_HOLD,J2A,0,1,0.33249109983444214,0,0.33536732196807861,0.0028762221336364746,0.00045437948946332993,nan,0.052187789854875814,0.018918449214007978,0,0,34,0,1,YES,9.9597989999999914,0.040201000000008591
30,0.79078724300000003,MINUS_10_DIAGNOSTIC_PRE_HOLD,J2A,0,1,0.33249109983444214,0,0.33536732196807861,0.0028762221336364746,0.00045437948946332993,nan,3.6970850463592433e-05,0.014190569964004196,-0.073631249368190765,-0.00390625,34,0,1,YES,9.999937999999986,6.2000000013995304e-05
31,0.80078856200000004,MINUS_10_DIAGNOSTIC_PRE_HOLD,J2A,0,1,0.33249109983444214,0,0.33536732196807861,0.0028762221336364746,0.00045437948946332993,nan,-0.017319162886150343,0.01735094618560884,-0.29452499747276306,0,34,0,1,YES,10.001319000000009,0.001319000000009396
32,0.81079087100000002,MINUS_10_DIAGNOSTIC_PRE_HOLD,J2A,0,1,0.33249109983444214,0,0.33536732196807861,0.0028762221336364746,0.00045437948946332993,nan,-0.03470781607943299,0.011040164353307933,-0.098174996674060822,0.00390625,34,0,1,YES,10.002308999999986,0.0023089999999861277
33,0.82078941400000005,MINUS_10_DIAGNOSTIC_PRE_HOLD,J2A,0,1,0.33249109983444214,0,0.33536732196807861,0.0028762221336364746,0.00045437948946332993,nan,0,0.012623385510328392,-0.17180624604225159,0,34,0,1,YES,9.9985430000000264,0.0014569999999736183
34,0.83078952800000005,MINUS_10_DIAGNOSTIC_PRE_HOLD,J2A,0,1,0.33249109983444214,0,0.33536732196807861,0.0028762221336364746,0.00045437948946332993,nan,0,0.0047268837110588918,-0.12271875143051147,0,34,0,1,YES,10.000114000000004,0.00011400000000350019
35,0.84078776300000002,MINUS_10_DIAGNOSTIC_PRE_HOLD,J2A,0,1,0.33249109983444214,0,0.33536732196807861,0.0028762221336364746,0.00045437948946332993,nan,0,0.0047287481659540496,-0.098174996674060822,0.00390625,34,0,1,YES,9.9982349999999656,0.0017650000000344335
36,0.85088903900000001,MINUS_10_DIAGNOSTIC_PRE_HOLD,J2A,0,1,0.33249109983444214,0,0.33517557382583618,0.002684473991394043,0.00042408752349910796,nan,-0.034714945787012938,-0.012629114073379006,-0.36815625429153442,0,34,0,1,YES,10.101275999999991,0.10127599999999148
37,0.86082553399999995,MINUS_10_DIAGNOSTIC_PRE_HOLD,J2A,0,1,0.33249109983444214,0,0.33517557382583618,0.002684473991394043,0.00042408752349910796,nan,-0.052031354941877946,-0.020509008521233659,-0.41724374890327454,0.00390625,34,0,1,YES,9.9364949999999332,0.063505000000066758
38,0.87082738400000004,MINUS_10_DIAGNOSTIC_PRE_HOLD,J2A,0,1,0.33249109983444214,0,0.33536732196807861,0.0028762221336364746,0.00045437948946332993,nan,-0.01743240110831944,-0.018930612442999029,-0.17180624604225159,0.00390625,34,0,1,YES,10.00185000000009,0.0018500000000898353
39,0.88082992100000002,MINUS_10_DIAGNOSTIC_PRE_HOLD,J2A,0,1,0.33249109983444214,0,0.33517557382583618,0.002684473991394043,0.00042408752349910796,nan,-0.017432565359106082,-0.015777513655513019,-0.53996247053146362,0,34,0,1,YES,10.002536999999979,0.0025369999999789172
40,0.89082565899999999,MINUS_10_DIAGNOSTIC_PRE_HOLD,J2A,0,1,0.33249109983444214,0,0.33536732196807861,0.0028762221336364746,0.00045437948946332993,nan,0.034751906244453672,-0.01104906048345638,-0.098174996674060822,0.00390625,34,0,1,YES,9.9957379999999763,0.0042620000000237468
41,0.90082545599999997,MINUS_10_DIAGNOSTIC_PRE_HOLD,J2A,0,1,0.33249109983444214,0,0.33517557382583618,0.002684473991394043,0.00042408752349910796,nan,-9.3483028545292883e-07,-0.014203051404463461,-0.53996247053146362,-0.00390625,34,0,1,YES,9.9997969999999761,0.00020300000002393404
42,0.91084086900000005,MINUS_10_DIAGNOSTIC_PRE_HOLD,J2A,0,1,0.33249109983444214,0,0.33536732196807861,0.0028762221336364746,0.00045437948946332993,nan,7.5266929804342406e-06,-0.0078956626726127063,-0.073631249368190765,0.0078125,34,0,1,YES,10.015413000000084,0.015413000000084054
43,0.92092195600000004,MINUS_10_DIAGNOSTIC_PRE_HOLD,J2A,0,1,0.33249109983444214,0,0.33517557382583618,0.002684473991394043,0.00042408752349910796,nan,-5.3618052282963455e-05,-0.0094728878983600696,-0.39269998669624329,0,34,0,1,YES,10.081086999999989,0.081086999999989473
44,0.93093127399999998,MINUS_10_DIAGNOSTIC_PRE_HOLD,J2A,0,1,0.33249109983444214,0,0.33536732196807861,0.0028762221336364746,0.00045437948946332993,nan,-1.6087722200736226e-05,-0.0015852493317331986,-0.17180624604225159,0,34,0,1,YES,10.009317999999933,0.00931799999993288
45,0.94090219100000005,MINUS_10_DIAGNOSTIC_PRE_HOLD,J2A,0,1,0.33249109983444214,0,0.33536732196807861,0.0028762221336364746,0.00045437948946332993,nan,0.034579995476040508,0.0062966921384026197,-0.17180624604225159,0,34,0,1,YES,9.9709170000000782,0.02908299999992181
46,0.95092734099999998,MINUS_10_DIAGNOSTIC_PRE_HOLD,J2A,0,1,0.33249109983444214,0,0.33517557382583618,0.002684473991394043,0.00042408752349910796,nan,-0.01737185508621187,0.0062978194541837293,-0.56450623273849487,0,34,0,1,YES,10.025149999999927,0.025149999999927175
47,0.96088847799999999,MINUS_10_DIAGNOSTIC_PRE_HOLD,J2A,0,1,0.33249109983444214,0,0.33555907011032104,0.0030679702758789062,0.00048467145542755195,nan,0.052060967122607701,0.014173085547476285,0.26998123526573181,0,34,0,1,YES,9.9611370000000079,0.038862999999992098
48,0.97093914299999995,MINUS_10_DIAGNOSTIC_PRE_HOLD,J2A,0,1,0.33249109983444214,0,0.33536732196807861,0.0028762221336364746,0.00045437948946332993,nan,0.017287835516890938,0.011020707007002292,-0.024543749168515205,0,34,0,1,YES,10.05066499999996,0.050664999999959548
49,0.98088469899999997,MINUS_10_DIAGNOSTIC_PRE_HOLD,J2A,0,1,0.33249109983444214,0,0.33517557382583618,0.002684473991394043,0.00042408752349910796,nan,-0.017390407469460658,0.0078788919000780545,-0.46633124351501465,-0.00390625,34,0,1,YES,9.9455560000000212,0.054443999999978843
50,0.99093310700000004,MINUS_10_DIAGNOSTIC_PRE_HOLD,J2A,0,1,0.33249109983444214,0,0.33517557382583618,0.002684473991394043,0.00042408752349910796,nan,-0.034754390084583836,-0.0031551321732603064,-0.39269998669624329,0,34,0,1,YES,10.048408000000064,0.048408000000064177
51,1.000790772,MINUS_10_DIAGNOSTIC_PRE_HOLD,J2A,0,1,0.33249109983444214,0,0.33536732196807861,0.0028762221336364746,0.00045437948946332993,nan,-0.052351284906595796,0.0031479158393281871,-0.14726249873638153,0,34,0,1,YES,9.8576649999999599,0.14233500000004007
52,1.010833643,MINUS_10_DIAGNOSTIC_PRE_HOLD,J2A,0,1,0.33249109983444214,0,0.33517557382583618,0.002684473991394043,0.00042408752349910796,nan,-0.017501744121395112,-0.0079054453310201649,-0.4908750057220459,0.00390625,34,0,1,YES,10.042871000000009,0.042871000000008763
53,1.020795916,MINUS_10_DIAGNOSTIC_PRE_HOLD,J2A,0,1,0.33249109983444214,0,0.33536732196807861,0.0028762221336364746,0.00045437948946332993,nan,0.034715438476219149,-0.0015923427631915892,-0.049087498337030411,0.00390625,34,0,1,YES,9.962272999999966,0.037727000000034039
54,1.0308160630000001,MINUS_10_DIAGNOSTIC_PRE_HOLD,J2A,0,1,0.33249109983444214,0,0.33517557382583618,0.002684473991394043,0.00042408752349910796,nan,-0.00014142448943747408,-0.012656658191302237,-0.46633124351501465,-0.00390625,34,0,1,YES,10.02014700000009,0.020147000000090287
55,1.040789374,MINUS_10_DIAGNOSTIC_PRE_HOLD,J2A,0,1,0.33249109983444214,0,0.33555907011032104,0.0030679702758789062,0.00048467145542755195,nan,0.034630329909975673,0.0015624731112577177,-0.12271875143051147,0,34,0,1,YES,9.9733109999999847,0.026689000000015284
56,1.050795731,MINUS_10_DIAGNOSTIC_PRE_HOLD,J2A,0,1,0.33249109983444214,0,0.33555907011032104,0.0030679702758789062,0.00048467145542755195,nan,0.086810856698147143,0.014210629813651716,0.26998123526573181,0,34,0,1,YES,10.006356999999966,0.0063569999999657512
57,1.060826026,MINUS_10_DIAGNOSTIC_PRE_HOLD,J2A,0,1,0.33249109983444214,0,0.33555907011032104,0.0030679702758789062,0.00048467145542755195,nan,0.069344080585544476,0.015791881044853292,0.31906875967979431,0,34,0,1,YES,10.030294999999967,0.030294999999966876
58,1.070825017,MINUS_10_DIAGNOSTIC_PRE_HOLD,J2A,0,1,0.33249109983444214,0,0.33536732196807861,0.0028762221336364746,0.00045437948946332993,nan,0.034629401738999782,0.025267622647729023,-0.14726249873638153,0,34,0,1,YES,9.9989910000000126,0.0010089999999873811
59,1.080834297,MINUS_10_DIAGNOSTIC_PRE_HOLD,J2A,0,1,0.33249109983444214,0,0.33536732196807861,0.0028762221336364746,0.00045437948946332993,nan,-0.051998116852323313,0.026819324654305955,-0.14726249873638153,0,34,0,1,YES,10.009280000000009,0.0092800000000092808
60,1.0908321400000001,MINUS_10_DIAGNOSTIC_PRE_HOLD,J2A,0,1,0.33249109983444214,0,0.33536732196807861,0.0028762221336364746,0.00045437948946332993,nan,-0.052024465721347363,0.018917615763048755,-0.098174996674060822,0.0078125,34,0,1,YES,9.9978430000000618,0.0021569999999382361
61,1.1007890199999999,MINUS_10_DIAGNOSTIC_PRE_HOLD,J2A,0,1,0.33249109983444214,0,0.33517557382583618,0.002684473991394043,0.00042408752349910796,nan,-0.069452662044548669,0.0015730221795100204,-0.39269998669624329,-0.00390625,34,0,1,YES,9.9568799999998348,0.043120000000165248
62,1.110805952,MINUS_10_DIAGNOSTIC_PRE_HOLD,J2A,0,1,0.33249109983444214,0,0.33536732196807861,0.0028762221336364746,0.00045437948946332993,nan,-0.017335853572321955,0.0015734615611596714,-0.17180624604225159,-0.0078125,34,0,1,YES,10.016932000000089,0.016932000000089431
63,1.120787363,MINUS_10_DIAGNOSTIC_PRE_HOLD,J2A,0,1,0.33249109983444214,0,0.33536732196807861,0.0028762221336364746,0.00045437948946332993,nan,3.6073204193046279e-05,-0.0078895779604171799,-0.098174996674060822,-0.00390625,34,0,1,YES,9.9814110000000511,0.018588999999948896
64,1.1308050359999999,MINUS_10_DIAGNOSTIC_PRE_HOLD,J2A,0,1,0.33249109983444214,0,0.33517557382583618,0.002684473991394043,0.00042408752349910796,nan,-0.017351520614906565,-0.01735899067174124,-0.44178751111030579,-0.00390625,34,0,1,YES,10.017672999999894,0.01767299999989369
65,1.140787263,MINUS_10_DIAGNOSTIC_PRE_HOLD,J2A,0,1,0.33249109983444214,0,0.33517557382583618,0.002684473991394043,0.00042408752349910796,nan,-0.017351541263866791,-0.034718224363427419,-0.39269998669624329,0.00390625,34,0,1,YES,9.9822270000000657,0.017772999999934314
66,1.1507872509999999,MINUS_10_DIAGNOSTIC_PRE_HOLD,J2A,0,1,0.33249109983444214,0,0.33555907011032104,0.0030679702758789062,0.00048467145542755195,nan,0.017350844522152506,-0.017363559557737995,0.29452499747276306,0,34,0,1,YES,9.9999879999999042,1.2000000095824248e-05
67,1.160796731,MINUS_10_DIAGNOSTIC_PRE_HOLD,J2A,0,1,0.33249109983444214,0,0.33536732196807861,0.0028762221336364746,0.00045437948946332993,nan,0.034689986142698102,-0.0078900565375768263,0.049087498337030411,0.00390625,34,0,1,YES,10.009480000000126,0.0094800000001260543
68,1.1708127850000001,MINUS_10_DIAGNOSTIC_PRE_HOLD,J2A,0,1,0.33249109983444214,0,0.33536732196807861,0.0028762221336364746,0.00045437948946332993,nan,0.05202949195570946,0.0031603919651284214,-0.049087498337030411,0.00390625,34,0,1,YES,10.016054000000052,0.016054000000051971
69,1.1808041739999999,MINUS_10_DIAGNOSTIC_PRE_HOLD,J2A,0,1,0.33249109983444214,0,0.33517557382583618,0.002684473991394043,0.00042408752349910796,nan,-0.017346776710422306,-0.0015764289730508349,-0.39269998669624329,0,34,0,1,YES,9.9913889999998506,0.0086110000001493603
70,1.190807129,MINUS_10_DIAGNOSTIC_PRE_HOLD,J2A,0,1,0.33249109983444214,0,0.33517557382583618,0.002684473991394043,0.00042408752349910796,nan,-0.08673712147827671,-0.0047338244086012893,-0.39269998669624329,0.0078125,34,0,1,YES,10.002955000000036,0.0029550000000355681
71,1.2007878030000001,MINUS_10_DIAGNOSTIC_PRE_HOLD,J2A,0,1,0.33249109983444214,0,0.33536732196807861,0.0028762221336364746,0.00045437948946332993,nan,-0.017377814997405251,0.0015750680837937044,-0.17180624604225159,0,34,0,1,YES,9.9806740000001337,0.019325999999866283
72,1.210804657,MINUS_10_DIAGNOSTIC_PRE_HOLD,J2A,0,1,0.33249109983444214,0,0.33517557382583618,0.002684473991394043,0.00042408752349910796,nan,-0.017377819476101061,-0.0094699788614013656,-0.44178751111030579,0.00390625,34,0,1,YES,10.016853999999853,0.016853999999852931
73,1.220787029,MINUS_10_DIAGNOSTIC_PRE_HOLD,J2A,0,1,0.33249109983444214,0,0.33536732196807861,0.0028762221336364746,0.00045437948946332993,nan,0.034700246476975734,-0.0031605725141652251,-0.12271875143051147,-0.00390625,34,0,1,YES,9.9823720000000726,0.017627999999927368
74,1.2308051499999999,MINUS_10_DIAGNOSTIC_PRE_HOLD,J2A,0,1,0.33249109983444214,0,0.33517557382583618,0.002684473991394043,0.00042408752349910796,nan,-3.7970214777001418e-05,-0.0047384173745571075,-0.51541876792907715,0,34,0,1,YES,10.01812099999988,0.018120999999879928
75,1.2407871109999999,MINUS_10_DIAGNOSTIC_PRE_HOLD,J2A,0,1,0.33249109983444214,0,0.33555907011032104,0.0030679702758789062,0.00048467145542755195,nan,0.03466344350622972,0.0015710108871226872,0.31906875967979431,-0.00390625,34,0,1,YES,9.9819610000000392,0.018038999999960836
76,1.250804144,MINUS_10_DIAGNOSTIC_PRE_HOLD,J2A,0,1,0.33249109983444214,0,0.33517557382583618,0.002684473991394043,0.00042408752349910796,nan,0.017301486990354966,-0.011053732680771386,-0.39269998669624329,0,34,0,1,YES,10.017033000000009,0.017033000000008514
77,1.260787388,MINUS_10_DIAGNOSTIC_PRE_HOLD,J2A,0,1,0.33249109983444214,0,0.33536732196807861,0.0028762221336364746,0.00045437948946332993,nan,-4.8629394939892759e-05,0.003149494544458847,-0.17180624604225159,0,34,0,1,YES,9.9832440000000577,0.016755999999942262
78,1.270802792,MINUS_10_DIAGNOSTIC_PRE_HOLD,J2A,0,1,0.33249109983444214,0,0.33536732196807861,0.0028762221336364746,0.00045437948946332993,nan,0.017314391827527139,0.0094625195893702115,-0.17180624604225159,0.00390625,34,0,1,YES,10.015404000000006,0.015404000000005524
79,1.280787023,MINUS_10_DIAGNOSTIC_PRE_HOLD,J2A,0,1,0.33249109983444214,0,0.33536732196807861,0.0028762221336364746,0.00045437948946332993,nan,-0.017386106297706785,0.015773155783613983,-0.22089375555515289,0,34,0,1,YES,9.9842310000000101,0.01576899999998993
80,1.290787372,MINUS_10_DIAGNOSTIC_PRE_HOLD,J2A,0,1,0.33249109983444214,0,0.33536732196807861,0.0028762221336364746,0.00045437948946332993,nan,0.034717519201724695,0.012617415705985445,-0.073631249368190765,0,34,0,1,YES,10.000349000000019,0.00034900000001947262
81,1.3007875579999999,MINUS_10_DIAGNOSTIC_PRE_HOLD,J2A,0,1,0.33249109983444214,0,0.33536732196807861,0.0028762221336364746,0.00045437948946332993,nan,0,0.007883871501422909,-0.098174996674060822,-0.00390625,34,0,1,YES,10.000185999999855,0.00018599999985546845
82,1.3107871799999999,MINUS_10_DIAGNOSTIC_PRE_HOLD,J2A,0,1,0.33249109983444214,0,0.33536732196807861,0.0028762221336364746,0.00045437948946332993,nan,0,0.011041233658316449,-0.19634999334812164,0,34,0,1,YES,9.9996220000000413,0.00037799999995868916
83,1.32080295,MINUS_10_DIAGNOSTIC_PRE_HOLD,J2A,0,1,0.33249109983444214,0,0.33555907011032104,0.0030679702758789062,0.00048467145542755195,nan,0.034711801327099119,0.012620093182185476,0.22089375555515289,0,34,0,1,YES,10.01577000000009,0.015770000000090434
84,1.3308038360000001,MINUS_10_DIAGNOSTIC_PRE_HOLD,J2A,0,1,0.33249109983444214,0,0.33517557382583618,0.002684473991394043,0.00042408752349910796,nan,-0.01734079228011343,0.0047290735409973271,-0.19634999334812164,0.00390625,34,0,1,YES,10.000886000000042,0.00088600000004213086
85,1.3408060470000001,MINUS_10_DIAGNOSTIC_PRE_HOLD,J2A,0,1,0.33249109983444214,0,0.33536732196807861,0.0028762221336364746,0.00045437948946332993,nan,-0.017338950588544105,-0.0031578383359751427,-0.098174996674060822,0,34,0,1,YES,10.002210999999983,0.0022109999999830876
86,1.350787907,MINUS_10_DIAGNOSTIC_PRE_HOLD,J2A,0,1,0.33249109983444214,0,0.33536732196807861,0.0028762221336364746,0.00045437948946332993,nan,-0.017355970106658427,0.0063093607649801096,-0.24543750286102295,0,34,0,1,YES,9.981859999999898,0.018140000000101963
87,1.360787164,MINUS_10_DIAGNOSTIC_PRE_HOLD,J2A,0,1,0.33249109983444214,0,0.33555907011032104,0.0030679702758789062,0.00048467145542755195,nan,0.017352880522630211,0.0063096446123858674,0.31906875967979431,0,34,0,1,YES,9.9992570000000391,0.0007429999999608583
88,1.37080307,MINUS_10_DIAGNOSTIC_PRE_HOLD,J2A,0,1,0.33249109983444214,0,0.33536732196807861,0.0028762221336364746,0.00045437948946332993,nan,0.052060356519439861,0.0047316210782026372,-0.073631249368190765,0,34,0,1,YES,10.015906000000019,0.01590600000001885
89,1.38078714,MINUS_10_DIAGNOSTIC_PRE_HOLD,J2A,0,1,0.33249109983444214,0,0.33536732196807861,0.0028762221336364746,0.00045437948946332993,nan,-1.2331131598744232e-05,0.0031541351345467771,-0.098174996674060822,0,34,0,1,YES,9.9840700000000115,0.015929999999988453
90,1.3908055539999999,MINUS_10_DIAGNOSTIC_PRE_HOLD,J2A,0,1,0.33249109983444214,0,0.33536732196807861,0.0028762221336364746,0.00045437948946332993,nan,-0.017355923565537248,0.0015761761536454422,-0.19634999334812164,0.00390625,34,0,1,YES,10.01841399999992,0.018413999999919994
91,1.4008065890000001,MINUS_10_DIAGNOSTIC_PRE_HOLD,J2A,0,1,0.33249109983444214,0,0.33536732196807861,0.0028762221336364746,0.00045437948946332993,nan,-0.034701974353931707,-1.6626741936113423e-06,-0.024543749168515205,0,34,0,1,YES,10.001035000000158,0.0010350000001579929
92,1.4108052360000001,MINUS_10_DIAGNOSTIC_PRE_HOLD,J2A,0,1,0.33249109983444214,0,0.33536732196807861,0.0028762221336364746,0.00045437948946332993,nan,0,-0.0015794854378045871,-0.24543750286102295,0,34,0,1,YES,9.9986469999999716,0.0013530000000283593
93,1.4207867750000001,MINUS_10_DIAGNOSTIC_PRE_HOLD,J2A,0,1,0.33249109983444214,0,0.33536732196807861,0.0028762221336364746,0.00045437948946332993,nan,0,-0.0031577705027999699,-0.17180624604225159,-0.00390625,34,0,1,YES,9.9815389999999837,0.01846100000001627
94,1.4308049700000001,MINUS_10_DIAGNOSTIC_PRE_HOLD,J2A,0,1,0.33249109983444214,0,0.33555907011032104,0.0030679702758789062,0.00048467145542755195,nan,0.034732059948732713,0.012620434044167151,-0.073631249368190765,0.00390625,34,0,1,YES,10.018195000000008,0.018195000000007511
95,1.4408059010000001,MINUS_10_DIAGNOSTIC_PRE_HOLD,J2A,0,1,0.33249109983444214,0,0.33555907011032104,0.0030679702758789062,0.00048467145542755195,nan,0.052082042070808167,0.0094656441451860286,0.14726249873638153,0,34,0,1,YES,10.000930999999991,0.00093099999999068928
96,1.4507880609999999,MINUS_10_DIAGNOSTIC_PRE_HOLD,J2A,0,1,0.33249109983444214,0,0.33555907011032104,0.0030679702758789062,0.00048467145542755195,nan,0.052091472673228029,0.012620334540476202,0.073631249368190765,0.00390625,34,0,1,YES,9.9821599999998512,0.017840000000148848
97,1.460804843,MINUS_10_DIAGNOSTIC_PRE_HOLD,J2A,0,1,0.33249109983444214,0,0.33517557382583618,0.002684473991394043,0.00042408752349910796,nan,-0.034702376897863027,-0.0015799623348955053,-0.53996247053146362,0,34,0,1,YES,10.016782000000113,0.016782000000112873
98,1.4708028609999999,MINUS_10_DIAGNOSTIC_PRE_HOLD,J2A,0,1,0.33249109983444214,0,0.33536732196807861,0.0028762221336364746,0.00045437948946332993,nan,-0.069446250590078668,0.0031545883688353887,-0.22089375555515289,0,34,0,1,YES,9.9980179999998864,0.0019820000001136151
99,1.480787219,MINUS_10_DIAGNOSTIC_PRE_HOLD,J2A,0,1,0.33249109983444214,0,0.33517557382583618,0.002684473991394043,0.00042408752349910796,nan,-0.086815940618165194,-0.0078882438355851684,-0.58904999494552612,0,34,0,1,YES,9.984358000000082,0.015641999999917999
100,1.4908060700000001,MINUS_10_DIAGNOSTIC_OUTBOUND,J2A,0,1,0.33249109983444214,-0,0.33536732196807861,0.0028762221336364746,0.00045437948946332993,nan,-0.034709998503184271,-0.0094669737828338325,-0.024543749168515205,0,34,0,1,YES,10.018851000000106,0.01885100000010631
101,1.500787128,MINUS_10_DIAGNOSTIC_OUTBOUND,J2A,0,1,0.33232538082396262,-0.033143802095898151,0.33536732196807861,0.0028762221336364746,0.00045437948946332993,nan,0.034739940662586753,-0.011045414507633437,0,0.00390625,34,0,1,YES,9.9810579999999316,0.018942000000068404
102,1.510804461,MINUS_10_DIAGNOSTIC_OUTBOUND,J2A,0,1,0.33182822379252419,-0.066287604191796301,0.33536732196807861,0.0028762221336364746,0.00045437948946332993,nan,0.017372858146521963,-0.012621735979794399,-0.098174996674060822,-0.00390625,34,0,1,YES,10.017332999999962,0.017332999999961629
103,1.5208030560000001,MINUS_10_DIAGNOSTIC_OUTBOUND,J2A,0,1,0.33099962874012673,-0.099431406287694452,0.33536732196807861,0.0028762221336364746,0.00045437948946332993,nan,0.034709147116419932,-0.014197955990016903,0,0,34,0,1,YES,9.99859500000011,0.0014049999998899665
104,1.530804158,MINUS_10_DIAGNOSTIC_OUTBOUND,J2A,0,1,0.32983959566677029,-0.1325752083835926,0.33517557382583618,0.002684473991394043,0.00042408752349910796,nan,-0.034709150301865915,-0.023666801793750757,-0.44178751111030579,-0.00390625,34,0,1,YES,10.001101999999928,0.001101999999928438
105,1.540787299,MINUS_10_DIAGNOSTIC_OUTBOUND,J2A,0,1,0.32834812457245488,-0.16571901047949075,0.33517557382583618,0.002684473991394043,0.00042408752349910796,nan,-0.052062817353541659,-0.022089611688076868,-0.4908750057220459,-0.0078125,34,0,1,YES,9.9831409999999732,0.016859000000026825
106,1.550787167,MINUS_10_DIAGNOSTIC_OUTBOUND,J2A,0,1,0.3265252154571805,-0.1988628125753889,0.33536732196807861,0.0028762221336364746,0.00045437948946332993,nan,-0.017368294597804462,-0.0094685233992159619,-0.24543750286102295,-0.01171875,34,0,1,YES,9.9998679999999673,0.00013200000003266155
107,1.5608039300000001,MINUS_10_DIAGNOSTIC_OUTBOUND,J2A,0,1,0.32437086832094708,-0.23200661467128711,0.33517557382583618,0.002684473991394043,0.00042408752349910796,nan,-0.017368286106068286,-0.0031555386934685801,-0.56450623273849487,-0.01171875,34,0,1,YES,10.016763000000095,0.016763000000095118
108,1.570809761,MINUS_10_DIAGNOSTIC_OUTBOUND,J2A,0,1,0.32188508316375475,-0.2651504167671852,0.33536732196807861,0.0028762221336364746,0.00045437948946332993,nan,0.034692709369135447,-0.0047312994113735581,-0.39269998669624329,-0.01171875,34,0,1,YES,10.005830999999965,0.0058309999999650586
109,1.5808038209999999,MINUS_10_DIAGNOSTIC_OUTBOUND,J2A,0,1,0.31906785998560339,-0.29829421886308338,0.33536732196807861,0.0028762221336364746,0.00045437948946332993,nan,0.034683080670682313,0.0015793692308543798,-0.073631249368190765,-0.01171875,34,0,1,YES,9.9940599999999158,0.0059400000000842113
110,1.590802646,MINUS_10_DIAGNOSTIC_OUTBOUND,J2A,0,1,0.31591919878649305,-0.33143802095898151,0.33536732196807861,0.0028762221336364746,0.00045437948946332993,nan,0.017341035734007658,-0.001576969269136633,0,-0.01953125,34,0,1,YES,9.9988250000000445,0.0011749999999555172
111,1.6007873770000001,MINUS_10_DIAGNOSTIC_OUTBOUND,J2A,0,1,0.31243909956642374,-0.36458182305487968,0.33517557382583618,0.002684473991394043,0.00042408752349910796,nan,2.0335042521261947e-05,-0.0047316334874422019,-0.24543750286102295,-0.0234375,34,0,1,YES,9.98473100000008,0.015268999999920041
112,1.610804415,MINUS_10_DIAGNOSTIC_OUTBOUND,J2A,0,1,0.30862756232539545,-0.39772562515077781,0.33536732196807861,0.0028762221336364746,0.00045437948946332993,nan,-0.017340731879424597,0.0015804637580669389,0.024543749168515205,-0.0234375,34,0,1,YES,10.017037999999978,0.017037999999978126
113,1.620787159,MINUS_10_DIAGNOSTIC_OUTBOUND,J2A,0,1,0.3044845870634082,-0.43086942724667598,0.33517557382583618,0.002684473991394043,0.00042408752349910796,nan,-0.03469985198750878,3.3681032426637055e-06,-0.34361249208450317,-0.03515625,34,0,1,YES,9.9827439999999878,0.017256000000012151
114,1.6308045739999999,MINUS_10_DIAGNOSTIC_OUTBOUND,J2A,0,1,0.30001017378046196,-0.46401322934257422,0.33555907011032104,0.0030679702758789062,0.00048467145542755195,nan,0.034756829242806861,0.015782274936884128,0.44178751111030579,-0.03515625,34,0,1,YES,10.017414999999863,0.017414999999862957
115,1.640805133,MINUS_10_DIAGNOSTIC_OUTBOUND,J2A,0,1,0.2952043224765567,-0.49715703143847223,0.33517557382583618,0.002684473991394043,0.00042408752349910796,nan,0.017378964265073776,0.0047371127205563307,-0.19634999334812164,-0.02734375,34,0,1,YES,10.000559000000075,0.00055900000007547135
116,1.650788183,MINUS_10_DIAGNOSTIC_OUTBOUND,J2A,0,1,0.29006703315169252,-0.53030083353437041,0.33517557382583618,0.002684473991394043,0.00042408752349910796,nan,-0.034687564657529556,-0.0063074402025438099,-0.024543749168515205,-0.03515625,34,0,1,YES,9.9830499999999933,0.016950000000006682
117,1.660804398,MINUS_10_DIAGNOSTIC_OUTBOUND,J2A,0,1,0.28459830580586931,-0.56344463563026859,0.33498382568359375,0.0024927258491516113,0.00039379555753488594,nan,-0.069387040571230851,-0.01577648230303216,-0.17180624604225159,-0.0546875,34,0,1,YES,10.01621500000005,0.016215000000050495
118,1.6707885309999999,MINUS_10_DIAGNOSTIC_OUTBOUND,J2A,0,1,0.27879814043908713,-0.59658843772616676,0.33517557382583618,0.002684473991394043,0.00042408752349910796,nan,-0.086825625336385243,-0.023667085409962325,0.29452499747276306,-0.04296875,34,0,1,YES,9.9841329999998951,0.015867000000104881
119,1.6808049140000001,MINUS_10_DIAGNOSTIC_OUTBOUND,J2A,0,1,0.27266653705134597,-0.62973223982206483,0.33479207754135132,0.0023009777069091797,0.00036350359157066397,nan,-0.069458071884690706,-0.037867209754591444,-0.22089375555515289,-0.0546875,34,0,1,YES,10.016383000000184,0.016383000000184111
120,1.6908148700000001,MINUS_10_DIAGNOSTIC_OUTBOUND,J2A,0,1,0.26620349564264584,-0.66287604191796301,0.33479207754135132,0.0023009777069091797,0.00036350359157066397,nan,-0.086761284730597202,-0.047330330000406574,0,-0.05859375,34,0,1,YES,10.009955999999987,0.0099559999999865312
121,1.7007875139999999,MINUS_10_DIAGNOSTIC_OUTBOUND,J2A,0,1,0.25940901621298673,-0.69601984401386119,0.33479207754135132,0.0023009777069091797,0.00036350359157066397,nan,-0.069466769587114244,-0.052064262935609985,0.26998123526573181,-0.06640625,34,0,1,YES,9.972643999999864,0.027356000000136049
122,1.710952668,MINUS_10_DIAGNOSTIC_OUTBOUND,J2A,0,1,0.2522830987623686,-0.72916364610975937,0.33421683311462402,0.0017257332801818848,0.00027262769367799797,nan,-0.17326273369295411,-0.085185218654304104,-0.31906875967979431,-0.0703125,34,0,1,YES,10.165154000000065,0.16515400000006508
123,1.7208925340000001,MINUS_10_DIAGNOSTIC_OUTBOUND,J2A,0,1,0.24482574329079154,-0.76230744820565743,0.33383333683013916,0.0013422369956970215,0.00021204376174955398,nan,-0.22511121325889188,-0.11668868477685421,-0.17180624604225159,-0.07421875,34,0,1,YES,9.9398660000000749,0.060133999999925081
124,1.7309518399999999,MINUS_10_DIAGNOSTIC_OUTBOUND,J2A,0,1,0.23703694979825546,-0.79545125030155561,0.3334498405456543,0.0009587407112121582,0.00015145982982110997,nan,-0.32862883728889569,-0.16076996200456078,-0.4908750057220459,-0.0859375,34,0,1,YES,10.059305999999824,0.059305999999823555
125,1.74095936,MINUS_10_DIAGNOSTIC_OUTBOUND,J2A,0,1,0.2289167182847604,-0.82859505239745379,0.33364158868789673,0.0011504888534545898,0.00018175179578533199,nan,-0.27692869231546724,-0.16385474906263706,0.098174996674060822,-0.07421875,34,0,1,YES,10.007520000000047,0.0075200000000474887
126,1.750791276,MINUS_10_DIAGNOSTIC_OUTBOUND,J2A,0,1,0.22046504875030637,-0.86173885449335197,0.33325809240341187,0.00076699256896972656,0.00012116786385688799,nan,-0.1913597408234616,-0.18597041466632905,-0.098174996674060822,-0.0859375,34,0,1,YES,9.8319159999999961,0.1680840000000039
127,1.7609580680000001,MINUS_10_DIAGNOSTIC_OUTBOUND,J2A,0,1,0.21168194119489336,-0.89488265658925015,0.33268284797668457,0.00019174814224243164,3.0291965964221997e-05,nan,-0.22585722444583564,-0.21587904026534313,-0.24543750286102295,-0.1015625,34,0,1,YES,10.166792000000147,0.1667920000001466
128,1.7709564090000001,MINUS_10_DIAGNOSTIC_OUTBOUND,J2A,0,1,0.20256739561852136,-0.92802645868514844,0.33229935169219971,-0.00019174814224243164,-3.0291965964221997e-05,nan,-0.29529237553116616,-0.25051058949173766,-0.24543750286102295,-0.10546875,34,0,1,YES,9.9983409999999662,0.0016590000000338279
129,1.780973769,MINUS_10_DIAGNOSTIC_OUTBOUND,J2A,0,1,0.19312141202119043,-0.96117026078104639,0.33210760354995728,-0.00038349628448486328,-6.0583931928443994e-05,nan,-0.36383203550031551,-0.26155355302807404,-0.024543749168515205,-0.1171875,34,0,1,YES,10.017359999999975,0.017359999999975173
130,1.7908980029999999,MINUS_10_DIAGNOSTIC_OUTBOUND,J2A,0,1,0.18334399040290048,-0.99431406287694446,0.33134061098098755,-0.0011504888534545898,-0.00018175179578533199,nan,-0.39823381789639356,-0.29791247300176515,-0.36815625429153442,-0.12109375,34,0,1,YES,9.9242339999998652,0.075766000000134781
131,1.8008416519999999,MINUS_10_DIAGNOSTIC_OUTBOUND,J2A,0,1,0.17323513076365155,-1.0274578649728427,0.33057361841201782,-0.0019174814224243164,-0.00030291965964221993,nan,-0.46976360382921206,-0.33753529327523307,-0.68722498416900635,-0.1171875,34,0,1,YES,9.9436489999999988,0.05635100000000115
132,1.810952927,MINUS_10_DIAGNOSTIC_OUTBOUND,J2A,0,1,0.16279483310344359,-1.0606016670687408,0.32999837398529053,-0.0024927258491516113,-0.00039379555753488594,nan,-0.55608388687313193,-0.36610868667604707,-0.19634999334812164,-0.125,34,0,1,YES,10.111275000000086,0.11127500000008617
133,1.820926912,MINUS_10_DIAGNOSTIC_OUTBOUND,J2A,0,1,0.15202309742227668,-1.0937454691646391,0.32942315936088562,-0.0030679404735565186,-0.00048466674731969302,nan,-0.60756266586567675,-0.40704900459589,-0.39269998669624329,-0.1328125,34,0,1,YES,9.9739850000000185,0.02601499999998147
134,1.8309485320000001,MINUS_10_DIAGNOSTIC_OUTBOUND,J2A,0,1,0.14099357661369724,-1.1047934031966051,0.32884791493415833,-0.0036431849002838135,-0.00057554264521235898,nan,-0.55431147178047735,-0.45124732295367537,-0.4908750057220459,-0.1484375,34,0,1,YES,10.021620000000064,0.021620000000064366
135,1.84089218,MINUS_10_DIAGNOSTIC_OUTBOUND,J2A,0,1,0.12994564258173116,-1.1047934031966051,0.32846441864967346,-0.0040266811847686768,-0.00063612657714080302,nan,-0.48555601423642514,-0.48908354663674813,-0.39269998669624329,-0.15625,34,0,1,YES,9.9436479999999161,0.056352000000083891
136,1.8508395369999999,MINUS_10_DIAGNOSTIC_OUTBOUND,J2A,0,1,0.11889770854976517,-1.1047934031966051,0.32846441864967346,-0.0040266811847686768,-0.00063612657714080302,nan,-0.36555567180715309,-0.47654512480472949,-0.24543750286102295,-0.1640625,34,0,1,YES,9.9473569999999345,0.052643000000065499
137,1.860891799,MINUS_10_DIAGNOSTIC_OUTBOUND,J2A,0,1,0.10784977451779912,-1.1047934031966051,0.32788917422294617,-0.0046019256114959717,-0.00072700247503346897,nan,-0.31308224184388467,-0.46425138726916904,-0.24543750286102295,-0.15625,34,0,1,YES,10.05226200000009,0.052262000000089515
138,1.870957156,MINUS_10_DIAGNOSTIC_OUTBOUND,J2A,0,1,0.096801840485833041,-1.1047934031966051,0.32731392979621887,-0.0051771700382232666,-0.00081787837292613503,nan,-0.32996305910411072,-0.45931330510292417,-0.049087498337030411,-0.15625,34,0,1,YES,10.065356999999997,0.065356999999997001
139,1.880996503,MINUS_10_DIAGNOSTIC_OUTBOUND,J2A,0,1,0.08575390645386699,-1.1047934031966051,0.32673868536949158,-0.0057524144649505615,-0.00090875427081880099,nan,-0.41540520046216722,-0.4527335218908119,-0.58904999494552612,-0.17578125,34,0,1,YES,10.039346999999976,0.039346999999976262
140,1.890936819,MINUS_10_DIAGNOSTIC_OUTBOUND,J2A,0,1,0.074705972421900968,-1.1047934031966051,0.32616344094276428,-0.0063276588916778564,-0.00099963016871146694,nan,-0.51912400085149368,-0.43367477949682581,-0.24543750286102295,-0.171875,34,0,1,YES,9.9403160000000046,0.059683999999995407
141,1.9007902750000001,MINUS_10_DIAGNOSTIC_OUTBOUND,J2A,0,1,0.06365803838993489,-1.1047934031966051,0.32577994465827942,-0.0067111551761627197,-0.001060214100639911,nan,-0.4871854296681899,-0.41976275001687785,-0.19634999334812164,-0.18359375,34,0,1,YES,9.8534560000000937,0.1465439999999063
142,1.9107875949999999,MINUS_10_DIAGNOSTIC_OUTBOUND,J2A,0,1,0.052610104357968868,-1.1047934031966051,0.32501295208930969,-0.0074781477451324463,-0.0011813819644967988,nan,-0.50616575171502254,-0.42958742919615095,-0.098174996674060822,-0.18359375,34,0,1,YES,9.9973199999998652,0.0026800000001347968
143,1.920807401,MINUS_10_DIAGNOSTIC_OUTBOUND,J2A,0,1,0.04156217032600279,-1.1047934031966051,0.32462945580482483,-0.0078616440296173096,-0.0012419658964252429,nan,-0.48858311023351908,-0.4375480279105069,0.36815625429153442,-0.1875,34,0,1,YES,10.019806000000075,0.019806000000075485
144,1.930807714,MINUS_10_DIAGNOSTIC_OUTBOUND,J2A,0,1,0.030514236294036767,-1.1047934031966051,0.32328721880912781,-0.0092038810253143311,-0.0014540096581747968,nan,-0.62657179657083617,-0.48501247147731524,-0.39269998669624329,-0.19140625,34,0,1,YES,10.000312999999927,0.00031299999992739913
145,1.9409235170000001,MINUS_10_DIAGNOSTIC_OUTBOUND,J2A,0,1,0.019466302262070689,-1.1047934031966051,0.32136973738670349,-0.011121362447738647,-0.0017569293178170168,nan,-0.95234520783323973,-0.58905939493617465,-0.34361249208450317,-0.1875,34,0,1,YES,10.115803000000145,0.11580300000014532
146,1.950918572,MINUS_10_DIAGNOSTIC_OUTBOUND,J2A,0,1,0.0084183682301046669,-1.1047934031966051,0.31811001896858215,-0.014381080865859985,-0.0022718927392087907,nan,-1.5390407976361078,-0.78482291134939142,-0.61359375715255737,-0.1875,34,0,1,YES,9.9950549999998639,0.0049450000001360905
147,1.9609773180000001,MINUS_10_DIAGNOSTIC_OUTBOUND,J2A,0,1,-0.002629565801861411,-1.1047934031966051,0.31178233027458191,-0.020708769559860229,-0.0032715276160281167,nan,-2.7816816415510255,-1.1561507585193209,-0.80994373559951782,-0.1640625,34,0,1,YES,10.058746000000118,0.058746000000118315
148,1.9709632159999999,MINUS_10_DIAGNOSTIC_OUTBOUND,J2A,0,1,-0.013677499833827378,-1.1047934031966051,0.29931870102882385,-0.033172398805618286,-0.0052405054037025466,nan,-5.1849666601373885,-1.9311098916885585,-1.4480812549591064,-0.140625,34,0,1,YES,9.9858979999998265,0.014102000000173476
149,1.980925042,MINUS_10_DIAGNOSTIC_OUTBOUND,J2A,0,1,-0.024725433865793456,-1.1047934031966051,0.28186962008476257,-0.050621479749679565,-0.007997074306446748,nan,-8.8439673540389929,-3.2149898749434946,-2.4789187908172607,-0.09375,34,0,1,YES,9.9618260000000625,0.038173999999937536
150,1.990965469,MINUS_10_DIAGNOSTIC_OUTBOUND,J2A,0,1,-0.035773367897759534,-1.1047934031966051,0.25521665811538696,-0.077274441719055176,-0.012207652867365746,nan,-14.085863764003188,-5.2447629676775387,-3.0679688453674316,-0.05859375,34,0,1,YES,10.040427000000074,0.040427000000073932
151,2.0009117949999999,MINUS_10_DIAGNOSTIC_OUTBOUND,J2A,0,1,-0.046821301929725612,-1.1047934031966051,0.22779667377471924,-0.1046944260597229,-0.016539404000249492,nan,-19.221178286042178,-7.8387103945977428,-2.8961625099182129,-0.05859375,34,0,1,YES,9.9463259999998943,0.053674000000105693
152,2.0109643699999999,MINUS_10_DIAGNOSTIC_OUTBOUND,J2A,0,1,-0.05786923596169169,-1.1047934031966051,0.20286943018436432,-0.12962166965007782,-0.020477357221544423,nan,-22.357773345634453,-10.674958354812523,-2.2334811687469482,-0.06640625,34,0,1,YES,10.052575000000008,0.052575000000008032
153,2.0209655789999998,MINUS_10_DIAGNOSTIC_OUTBOUND,J2A,0,1,-0.068917169993657712,-1.1047934031966051,0.18177714943885803,-0.15071395039558411,-0.023809471123554912,nan,-22.839039710326162,-13.410130281459079,-2.1598498821258545,-0.05859375,34,0,1,YES,10.0012089999999,0.0012089999998998735
154,2.0308295689999998,MINUS_10_DIAGNOSTIC_OUTBOUND,J2A,0,1,-0.07996510402562379,-1.1047934031966051,0.158575639128685,-0.17391546070575714,-0.027474796651171845,nan,-21.708193178870609,-15.952166950535938,-2.6261813640594482,-0.0546875,34,0,1,YES,9.8639899999999336,0.13601000000006636
155,2.0409626300000001,MINUS_10_DIAGNOSTIC_OUTBOUND,J2A,0,1,-0.091013038057589868,-1.1047934031966051,0.1392090767621994,-0.19328202307224274,-0.030534285213558266,nan,-20.051661942462822,-17.989227763088014,-1.7426062822341919,-0.0859375,34,0,1,YES,10.133061000000332,0.13306100000033183
156,2.0509649130000001,MINUS_10_DIAGNOSTIC_OUTBOUND,J2A,0,1,-0.10206097208955595,-1.1047934031966051,0.11945903301239014,-0.213032066822052,-0.0336543553538192,nan,-18.950627070603382,-19.407567657921973,-2.2334811687469482,-0.05859375,34,0,1,YES,10.002282999999945,0.00228299999994519
157,2.060966707,MINUS_10_DIAGNOSTIC_OUTBOUND,J2A,0,1,-0.11310890612152191,-1.1047934031966051,0.094723537564277649,-0.23776756227016449,-0.037562016609149908,nan,-19.271319185739351,-20.343944820993862,-2.3316562175750732,-0.0234375,34,0,1,YES,10.001793999999897,0.0017939999998972667
158,2.070934544,MINUS_10_DIAGNOSTIC_OUTBOUND,J2A,0,1,-0.12415684015348799,-1.1047934031966051,0.075548730790615082,-0.25694236904382706,-0.040591212028545147,nan,-19.014845682875254,-20.539973358725735,-1.9389562606811523,-0.05859375,34,0,1,YES,9.9678370000000349,0.032162999999965081
159,2.0809658610000001,MINUS_10_DIAGNOSTIC_OUTBOUND,J2A,0,1,-0.13520477418545396,-1.1047934031966051,0.060975879430770874,-0.27151522040367126,-0.042893400264799049,nan,-18.140744391371854,-20.005078504918167,-1.5707999467849731,-0.06640625,34,0,1,YES,10.031317000000151,0.031317000000150585
160,2.0909666640000002,MINUS_10_DIAGNOSTIC_OUTBOUND,J2A,0,1,-0.14625270821742004,-1.1047934031966051,0.045252539217472076,-0.28723856061697006,-0.045377340296838292,nan,-16.486760691999596,-19.021704390110685,-1.2271875143051147,-0.08203125,34,0,1,YES,10.000803000000058,0.00080300000005806282
161,2.1009145949999999,MINUS_10_DIAGNOSTIC_OUTBOUND,J2A,0,1,-0.15730064224938611,-1.1047934031966051,0.03528163954615593,-0.29720946028828621,-0.046952521938464352,nan,-13.513484808009055,-17.819492626125108,-1.4971687793731689,-0.09375,34,0,1,YES,9.9479309999996879,0.052069000000312116
162,2.1109665820000001,MINUS_10_DIAGNOSTIC_OUTBOUND,J2A,0,1,-0.16834857628135214,-1.1047934031966051,0.024160254746675491,-0.30833084508776665,-0.048709454787362265,nan,-11.627424733647807,-16.617771037861274,-0.78539997339248657,-0.1015625,34,0,1,YES,10.051987000000207,0.051987000000206507
163,2.120913866,MINUS_10_DIAGNOSTIC_OUTBOUND,J2A,0,1,-0.17939651031331827,-1.1047934031966051,0.016873827204108238,-0.3156172726303339,-0.04986054919974596,nan,-9.9037139697911165,-15.272053618024636,-0.90811872482299805,-0.109375,34,0,1,YES,9.9472839999998897,0.052716000000110341
164,2.130966044,MINUS_10_DIAGNOSTIC_OUTBOUND,J2A,0,1,-0.19044444434528429,-1.1047934031966051,0.003451464930549264,-0.32903963490389287,-0.051980985603432443,nan,-9.2345673862134046,-13.984762123139923,-1.4235374927520752,-0.0703125,34,0,1,YES,10.052178000000023,0.052178000000022706
165,2.1409526219999999,MINUS_10_DIAGNOSTIC_OUTBOUND,J2A,0,1,-0.20149237837725031,-1.1047934031966051,-0.011888379231095314,-0.34437947906553745,-0.054404341740325331,nan,-10.406379774451977,-13.016010187664703,-1.6444312334060669,-0.0703125,34,0,1,YES,9.9865779999999127,0.013422000000087309
166,2.1509643540000001,MINUS_10_DIAGNOSTIC_OUTBOUND,J2A,0,1,-0.21254031240921634,-1.1047934031966051,-0.02741997130215168,-0.35991107113659382,-0.056857989806400347,nan,-11.938083374813889,-12.231929931436007,-1.5462563037872314,-0.08203125,34,0,1,YES,10.011732000000162,0.011732000000161946
167,2.1609689090000002,MINUS_10_DIAGNOSTIC_OUTBOUND,J2A,0,1,-0.22358824644118236,-1.1047934031966051,-0.034514646977186203,-0.36700574681162834,-0.057978791664306334,nan,-12.084155455116004,-11.343620439422187,-0.68722498416900635,-0.10546875,34,0,1,YES,10.004555000000082,0.0045550000000815771
168,2.170934049,MINUS_10_DIAGNOSTIC_OUTBOUND,J2A,0,1,-0.23463618047314849,-1.1047934031966051,-0.045444287359714508,-0.37793538719415665,-0.059705433135753508,nan,-10.905115320543793,-10.861123948153017,-1.251731276512146,-0.0859375,34,0,1,YES,9.9651399999998169,0.034860000000183078
169,2.1809651529999998,MINUS_10_DIAGNOSTIC_OUTBOUND,J2A,0,1,-0.24568411450511451,-1.1047934031966051,-0.057716161012649536,-0.39020726084709167,-0.061644117780436748,nan,-9.9285355047859767,-10.676636340918883,-0.88357502222061157,-0.0859375,34,0,1,YES,10.031103999999846,0.031103999999846366
170,2.1909457689999998,MINUS_10_DIAGNOSTIC_OUTBOUND,J2A,0,1,-0.25673204853708065,-1.1047934031966051,-0.073247753083705902,-0.40573885291814804,-0.064097765846511764,nan,-10.400590568625574,-10.753495623541859,-1.8653249740600586,-0.0546875,34,0,1,YES,9.9806159999999977,0.019384000000002288
171,2.2009668279999999,MINUS_10_DIAGNOSTIC_OUTBOUND,J2A,0,1,-0.26777998256904656,-1.1047934031966051,-0.086094871163368225,-0.41858597099781036,-0.066127326389087679,nan,-11.853410718712414,-11.029342392896794,-1.3499062061309814,-0.0859375,34,0,1,YES,10.021059000000054,0.02105900000005434
172,2.2109645649999998,MINUS_10_DIAGNOSTIC_OUTBOUND,J2A,0,1,-0.27882791660101269,-1.1047934031966051,-0.10009247809648514,-0.43258357793092728,-0.068338638727448914,nan,-12.453538819615465,-11.295944760464925,-1.3989937305450439,-0.06640625,34,0,1,YES,9.997736999999951,0.0022630000000489758
173,2.2209669569999999,MINUS_10_DIAGNOSTIC_OUTBOUND,J2A,0,1,-0.28987585063297872,-1.1047934031966051,-0.1119808629155159,-0.44447196274995804,-0.070216740617230683,nan,-12.250412341267509,-11.483894719375966,-1.3253624439239502,-0.08203125,34,0,1,YES,10.002392000000082,0.0023920000000821062
174,2.2309687340000002,MINUS_10_DIAGNOSTIC_OUTBOUND,J2A,0,1,-0.30092378466494474,-1.1047934031966051,-0.12981343269348145,-0.46230453252792358,-0.073033892274876361,nan,-12.577191134955914,-11.648275196380064,-1.9389562606811523,-0.0546875,34,0,1,YES,10.001777000000267,0.0017770000002670372
175,2.2409125649999999,MINUS_10_DIAGNOSTIC_OUTBOUND,J2A,0,1,-0.31197171869691087,-1.1047934031966051,-0.14668725430965424,-0.47917835414409637,-0.075699582925673969,nan,-13.672645817720881,-11.962639351466956,-2.4789187908172607,-0.03515625,34,0,1,YES,9.9438309999997365,0.05616900000026348
176,2.2509665280000002,MINUS_10_DIAGNOSTIC_OUTBOUND,J2A,0,1,-0.32301965272887689,-1.1047934031966051,-0.1670125424861908,-0.49950364232063293,-0.078910528963827567,nan,-15.264147432946931,-12.633019771286126,-2.307112455368042,-0.0234375,34,0,1,YES,10.053963000000277,0.053963000000276651
177,2.260963925,MINUS_10_DIAGNOSTIC_OUTBOUND,J2A,0,1,-0.33406758676084303,-1.1047934031966051,-0.19078931212425232,-0.52328041195869446,-0.082666732743391091,nan,-17.636324111788461,-13.771340285961085,-2.3807437419891357,-0.00390625,34,0,1,YES,9.9973969999997969,0.0026030000002030818
178,2.2709636560000002,MINUS_10_DIAGNOSTIC_OUTBOUND,J2A,0,1,-0.34511552079280894,-1.1047934031966051,-0.20555390417575836,-0.5380450040102005,-0.084999211768582258,nan,-17.696624763289289,-14.522466463019533,-0.9326624870300293,-0.0703125,34,0,1,YES,9.9997310000001782,0.00026899999982177292
179,2.2809685229999999,MINUS_10_DIAGNOSTIC_OUTBOUND,J2A,0,1,-0.35616345482477507,-1.1047934031966051,-0.2088136225938797,-0.54130472242832184,-0.085514175189974034,nan,-14.720948610090716,-14.542424426735746,-0.7117687463760376,-0.109375,34,0,1,YES,10.004866999999695,0.0048669999996953095
180,2.2909257940000001,MINUS_10_DIAGNOSTIC_OUTBOUND,J2A,0,1,-0.36721138885674109,-1.1047934031966051,-0.21207334101200104,-0.54456444084644318,-0.08602913861136581,nan,-9.7983606090226232,-13.959137171534945,-0.46633124351501465,-0.09375,34,0,1,YES,9.9572710000002118,0.042728999999788186
181,2.3009642530000001,MINUS_10_DIAGNOSTIC_OUTBOUND,J2A,0,1,-0.37825932288870712,-1.1047934031966051,-0.21897627413272858,-0.55146737396717072,-0.087119649386077802,nan,-5.6954388256003421,-13.154396270409988,-1.0799249410629272,-0.0859375,34,0,1,YES,10.038459,0.038458999999999577
182,2.3109227450000001,MINUS_10_DIAGNOSTIC_OUTBOUND,J2A,0,1,-0.38930725692067325,-1.1047934031966051,-0.22722142934799194,-0.55971252918243408,-0.088422201568485417,nan,-4.8465742942232017,-12.125615523091829,-0.90811872482299805,-0.08984375,34,0,1,YES,9.9584919999999855,0.041508000000014533
183,2.3209648920000001,MINUS_10_DIAGNOSTIC_OUTBOUND,J2A,0,1,-0.40035519095263927,-1.1047934031966051,-0.23450785875320435,-0.56699895858764648,-0.089573296275125849,nan,-6.0236779495068831,-10.923155921586073,-0.7608562707901001,-0.0859375,34,0,1,YES,10.042147000000057,0.042147000000056778
184,2.3309663110000001,MINUS_10_DIAGNOSTIC_OUTBOUND,J2A,0,1,-0.4114031249846053,-1.1047934031966051,-0.24601274728775024,-0.57850384712219238,-0.091390814232979178,nan,-7.5435674042163132,-9.6753287992362047,-1.1780999898910522,-0.06640625,34,0,1,YES,10.001418999999956,0.0014189999999558722
185,2.340964547,MINUS_10_DIAGNOSTIC_OUTBOUND,J2A,0,1,-0.42245105901657132,-1.1047934031966051,-0.25521665811538696,-0.5877077579498291,-0.092844828599261825,nan,-8.2578198776719862,-8.5842385918964315,-0.83448749780654907,-0.10546875,34,0,1,YES,9.9982359999999382,0.0017640000000618272
186,2.3509633289999998,MINUS_10_DIAGNOSTIC_OUTBOUND,J2A,0,1,-0.43349899304853745,-1.1047934031966051,-0.25924336910247803,-0.59173446893692017,-0.093480959884510495,nan,-7.6653044724378239,-7.4616605482482683,-0.90811872482299805,-0.12109375,34,0,1,YES,9.9987819999998173,0.0012180000001826841
187,2.3609711940000002,MINUS_10_DIAGNOSTIC_OUTBOUND,J2A,0,1,-0.44454692708050336,-1.1047934031966051,-0.26557105779647827,-0.59806215763092041,-0.09448059476132982,nan,-6.8201812526265204,-6.6752761834048897,-0.7608562707901001,-0.10546875,34,0,1,YES,10.007865000000393,0.0078650000003932519
188,2.3709662649999999,MINUS_10_DIAGNOSTIC_OUTBOUND,J2A,0,1,-0.4555948611124695,-1.1047934031966051,-0.27515843510627747,-0.6076495349407196,-0.095995188351433058,nan,-6.2129708350764847,-6.6464427498171386,-0.90811872482299805,-0.09375,34,0,1,YES,9.9950709999996334,0.0049290000003665568
189,2.3809636059999999,MINUS_10_DIAGNOSTIC_OUTBOUND,J2A,0,1,-0.46664279514443552,-1.1047934031966051,-0.28282836079597473,-0.61531946063041687,-0.097206866990001944,nan,-6.4388962822332534,-6.9678089047707932,-1.2271875143051147,-0.10546875,34,0,1,YES,9.9973410000000484,0.0026589999999515612
190,2.390966964,MINUS_10_DIAGNOSTIC_OUTBOUND,J2A,0,1,-0.47769072917640165,-1.1047934031966051,-0.29375800490379333,-0.62624910473823547,-0.098933509049962592,nan,-7.8101776184314176,-7.2635898502358813,-1.9144124984741211,-0.0703125,34,0,1,YES,10.003358000000073,0.0033580000000732468
191,2.4009499929999998,MINUS_10_DIAGNOSTIC_OUTBOUND,J2A,0,1,-0.48873866320836767,-1.1047934031966051,-0.308714359998703,-0.64120545983314514,-0.10129628239517191,nan,-9.4974283028870516,-7.6389478149647561,-0.80994373559951782,-0.0703125,34,0,1,YES,9.9830289999998101,0.016971000000189918
192,2.4109677490000001,MINUS_10_DIAGNOSTIC_OUTBOUND,J2A,0,1,-0.4997865972403337,-1.1047934031966051,-0.32597169280052185,-0.65846279263496399,-0.10402255933195188,nan,-11.543234776890531,-8.2679714543381237,-2.2580249309539795,-0.0390625,34,0,1,YES,10.017756000000322,0.017756000000321848
193,2.420965158,MINUS_10_DIAGNOSTIC_OUTBOUND,J2A,0,1,-0.51083453127229983,-1.1047934031966051,-0.34284549951553345,-0.67533659934997559,-0.10668824762869557,nan,-13.780357247890786,-9.1201120825720619,-1.4480812549591064,-0.03515625,34,0,1,YES,9.9974089999999016,0.0025910000000983757
194,2.4309175449999998,MINUS_10_DIAGNOSTIC_OUTBOUND,J2A,0,1,-0.52188246530426585,-1.1047934031966051,-0.36202031373977661,-0.69451141357421875,-0.10971744422511777,nan,-15.459361584928045,-10.169486325455162,-1.9144124984741211,-0.0546875,34,0,1,YES,9.9523869999997849,0.047613000000215067
195,2.4409665249999999,MINUS_10_DIAGNOSTIC_OUTBOUND,J2A,0,1,-0.53293039933623199,-1.1047934031966051,-0.37448394298553467,-0.70697504281997681,-0.11168642201279219,nan,-15.170721312885917,-11.248510699762909,-1.3744499683380127,-0.06640625,34,0,1,YES,10.048980000000096,0.048980000000096169
196,2.4509611520000001,MINUS_10_DIAGNOSTIC_OUTBOUND,J2A,0,1,-0.54397833336819779,-1.1047934031966051,-0.38119512796401978,-0.71368622779846191,-0.11274664082153996,nan,-12.860400922900329,-12.001010051573129,-0.22089375555515289,-0.109375,34,0,1,YES,9.9946270000002002,0.0053729999997997879
197,2.4609667040000001,MINUS_10_DIAGNOSTIC_OUTBOUND,J2A,0,1,-0.55502626740016392,-1.1047934031966051,-0.38483834266662598,-0.71732944250106812,-0.11332218817486019,nan,-9.3316942666222058,-12.065045938234151,-0.4908750057220459,-0.125,34,0,1,YES,10.005551999999973,0.005551999999973134
198,2.4709647810000002,MINUS_10_DIAGNOSTIC_OUTBOUND,J2A,0,1,-0.56607420143212994,-1.1047934031966051,-0.38905680179595947,-0.72154790163040161,-0.11398861142607307,nan,-5.8275069555021028,-11.581116376471723,-0.46633124351501465,-0.1171875,34,0,1,YES,9.9980770000001051,0.0019229999998948699
199,2.480940983,MINUS_10_DIAGNOSTIC_OUTBOUND,J2A,0,1,-0.57712213546409608,-1.1047934031966051,-0.39595970511436462,-0.72845080494880676,-0.1150791174926772,nan,-4.6013226541543357,-10.840246213451071,-1.0799249410629272,-0.10546875,34,0,1,YES,9.976201999999823,0.023798000000176955
200,2.490966748,MINUS_10_DIAGNOSTIC_OUTBOUND,J2A,0,1,-0.58817006949606188,-1.1047934031966054,-0.40382137894630432,-0.73631247878074646,-0.1163210880972103,nan,-5.1035110132933115,-9.8058480532442829,-0.88357502222061157,-0.10546875,34,0,1,YES,10.025764999999964,0.025764999999964289
201,2.5009852960000001,MINUS_10_DIAGNOSTIC_OUTBOUND,J2A,0,1,-0.59905228451754855,-1.0716496011007075,-0.41053256392478943,-0.74302366375923157,-0.11738130690595806,nan,-5.9857727864694406,-8.5909683201152713,-0.90811872482299805,-0.10546875,34,0,1,YES,10.018548000000127,0.018548000000127018
202,2.5109643529999999,MINUS_10_DIAGNOSTIC_OUTBOUND,J2A,0,1,-0.60960306151807608,-1.0385057990048092,-0.42299619317054749,-0.75548729300498962,-0.1193502846936325,nan,-7.4594673173829262,-7.6683172694856108,-2.1598498821258545,-0.06640625,34,0,1,YES,9.9790569999997913,0.020943000000208656
203,2.5209659910000002,MINUS_10_DIAGNOSTIC_OUTBOUND,J2A,0,1,-0.6198224004976447,-1.0053619969089109,-0.43718555569648743,-0.76967665553092957,-0.12159189017498492,nan,-9.193205107508712,-7.2405268701797159,-1.1780999898910522,-0.07421875,34,0,1,YES,10.001638000000312,0.0016380000003124451
204,2.5309645820000002,MINUS_10_DIAGNOSTIC_OUTBOUND,J2A,0,1,-0.6297103014562544,-0.97221819481301286,-0.45367586612701416,-0.7861669659614563,-0.12419699453980015,nan,-11.439906860771867,-7.4090281253996757,-1.9144124984741211,-0.0390625,34,0,1,YES,9.9985910000000011,0.0014089999999988834
205,2.54096536,MINUS_10_DIAGNOSTIC_OUTBOUND,J2A,0,1,-0.63926676439390506,-0.93907439271711468,-0.47438466548919678,-0.80687576532363892,-0.12746852686393614,nan,-14.342196298714908,-8.4661325416049493,-2.5280063152313232,-0.01171875,34,0,1,YES,10.000777999999766,0.00077799999976591039
206,2.5509202979999999,MINUS_10_DIAGNOSTIC_OUTBOUND,J2A,0,1,-0.6484917893105967,-0.90593059062121639,-0.49566870927810669,-0.82815980911254883,-0.13083093508596477,nan,-16.536600995825342,-10.089267999168928,-2.0125875473022461,-0.01171875,34,0,1,YES,9.9549379999999132,0.045062000000086755
207,2.5609644779999998,MINUS_10_DIAGNOSTIC_OUTBOUND,J2A,0,1,-0.65738537620632942,-0.87278678852531821,-0.51311779022216797,-0.84560889005661011,-0.13358750398870897,nan,-17.554629670077833,-11.763614738035601,-1.3744499683380127,-0.02734375,34,0,1,YES,10.044179999999958,0.044179999999958142
208,2.57093288,MINUS_10_DIAGNOSTIC_OUTBOUND,J2A,0,1,-0.66594752508110311,-0.83964298642942004,-0.52788239717483521,-0.86037349700927734,-0.13591998536795408,nan,-16.949969334753735,-13.140784126028979,-1.9635000228881836,-0.0234375,34,0,1,YES,9.9684020000001539,0.031597999999846138
209,2.5809639529999999,MINUS_10_DIAGNOSTIC_OUTBOUND,J2A,0,1,-0.67417823593491777,-0.80649918433352186,-0.53996247053146362,-0.87245357036590576,-0.13782836980748434,nan,-14.784729901628303,-14.044232508647145,-1.1290124654769897,-0.0546875,34,0,1,YES,10.031072999999946,0.031072999999945949
210,2.5909659540000001,MINUS_10_DIAGNOSTIC_OUTBOUND,J2A,0,1,-0.68207750876777351,-0.77335538223762368,-0.54782414436340332,-0.88031524419784546,-0.13907034041201743,nan,-11.861006984380559,-14.371891451735749,-0.73631250858306885,-0.06640625,34,0,1,YES,10.002001000000149,0.0020010000001491335
211,2.6009623500000001,MINUS_10_DIAGNOSTIC_OUTBOUND,J2A,0,1,-0.68964534357967011,-0.7402115801417255,-0.55280959606170654,-0.88530069589614868,-0.13985793152708723,nan,-8.9874458255160974,-14.041247597034831,-0.29452499747276306,-0.0859375,34,0,1,YES,9.9963960000000185,0.0036039999999815109
212,2.610966253,MINUS_10_DIAGNOSTIC_OUTBOUND,J2A,0,1,-0.69688174037060802,-0.70706777804582743,-0.55472707748413086,-0.887218177318573,-0.14016085118672944,nan,-6.0195425333253896,-12.893202976417045,-0.6626812219619751,-0.1015625,34,0,1,YES,10.00390299999987,0.0039029999998696496
213,2.6209174850000001,MINUS_10_DIAGNOSTIC_OUTBOUND,J2A,0,1,-0.70378669914058678,-0.67392397594992925,-0.55491882562637329,-0.88740992546081543,-0.14019114315269365,nan,-3.3364997065026274,-11.186884862197074,-0.14726249873638153,-0.10546875,34,0,1,YES,9.9512320000001431,0.048767999999856926
214,2.6309702920000002,MINUS_10_DIAGNOSTIC_OUTBOUND,J2A,0,1,-0.71036021988960663,-0.64078017385403097,-0.55530232191085815,-0.88779342174530029,-0.14025172708462211,nan,-1.5451103840741256,-9.1070152959076189,0.049087498337030411,-0.1171875,34,0,1,YES,10.052807000000108,0.052807000000107962
215,2.6409884840000002,MINUS_10_DIAGNOSTIC_OUTBOUND,J2A,0,1,-0.71660230261766755,-0.60763637175813279,-0.55568581819534302,-0.88817691802978516,-0.14031231101655053,nan,-0.57229041911649103,-6.8854024557678519,-0.22089375555515289,-0.109375,34,0,1,YES,10.018191999999981,0.018191999999981334
216,2.6509639329999999,MINUS_10_DIAGNOSTIC_OUTBOUND,J2A,0,1,-0.72251294732476934,-0.57449256966223539,-0.55568581819534302,-0.88817691802978516,-0.14031231101655053,nan,-0.2428910032224208,-4.8490959226570496,0.29452499747276306,-0.10546875,34,0,1,YES,9.975448999999692,0.024551000000307965
217,2.660964715,MINUS_10_DIAGNOSTIC_OUTBOUND,J2A,0,1,-0.72809215401091198,-0.54134876756633721,-0.55606931447982788,-0.88856041431427002,-0.14037289494847899,nan,-0.24283831037474773,-3.2103018635858751,-0.19634999334812164,-0.1171875,34,0,1,YES,10.000782000000097,0.00078200000009687187
218,2.6709679039999998,MINUS_10_DIAGNOSTIC_OUTBOUND,J2A,0,1,-0.73333992267609593,-0.50820496547043903,-0.55645281076431274,-0.88894391059875488,-0.14043347888040744,nan,-0.24308162119052529,-1.9515172912706447,-0.073631249368190765,-0.109375,34,0,1,YES,10.003188999999857,0.0031889999998568896
219,2.6809643510000001,MINUS_10_DIAGNOSTIC_OUTBOUND,J2A,0,1,-0.73825625332032074,-0.47506116337454085,-0.55664455890655518,-0.88913565874099731,-0.14046377084637165,nan,-0.2431199467189504,-1.0727587900028686,-0.049087498337030411,-0.10546875,34,0,1,YES,9.9964470000002414,0.0035529999997585548
220,2.6909229990000001,MINUS_10_DIAGNOSTIC_OUTBOUND,J2A,0,1,-0.74284114594358663,-0.44191736127864267,-0.55683630704879761,-0.88932740688323975,-0.14049406281233587,nan,-0.26058714674207528,-0.56176545321412619,-0.12271875143051147,-0.109375,34,0,1,YES,9.9586480000000144,0.041351999999985622
221,2.7009986210000001,MINUS_10_DIAGNOSTIC_OUTBOUND,J2A,0,1,-0.74709460054589383,-0.40877355918274449,-0.55683630704879761,-0.88932740688323975,-0.14049406281233587,nan,-0.17345765953395412,-0.29974570921117277,-0.22089375555515289,-0.109375,34,0,1,YES,10.075622000000006,0.075622000000006295
222,2.7109532239999998,MINUS_10_DIAGNOSTIC_OUTBOUND,J2A,0,1,-0.75101661712724166,-0.37562975708684626,-0.55702805519104004,-0.88951915502548218,-0.14052435477830011,nan,-0.12143801934040574,-0.21772766725006248,-0.29452499747276306,-0.12109375,34,0,1,YES,9.9546029999997288,0.045397000000271248
223,2.7209663389999998,MINUS_10_DIAGNOSTIC_OUTBOUND,J2A,0,1,-0.75460719568763057,-0.34248595499094814,-0.55683630704879761,-0.88932740688323975,-0.14049406281233587,nan,-0.052013010171070954,-0.18774372158436742,0.098174996674060822,-0.1171875,34,0,1,YES,10.013115000000017,0.013115000000016863
224,2.7309679400000002,MINUS_10_DIAGNOSTIC_OUTBOUND,J2A,0,1,-0.75786633622706079,-0.3093421528950499,-0.55702805519104004,-0.88951915502548218,-0.14052435477830011,nan,-0.034667681805468774,-0.15778838085716149,0,-0.1171875,34,0,1,YES,10.00160100000036,0.0016010000003596758
225,2.740929044,MINUS_10_DIAGNOSTIC_OUTBOUND,J2A,0,1,-0.76079403874553164,-0.27619835079915178,-0.55702805519104004,-0.88951915502548218,-0.14052435477830011,nan,-0.034730881806365167,-0.12940980161791318,0.073631249368190765,-0.109375,34,0,1,YES,9.9611039999998319,0.038896000000168129
226,2.7509276100000002,MINUS_10_DIAGNOSTIC_OUTBOUND,J2A,0,1,-0.7633903032430438,-0.24305454870325355,-0.55702805519104004,-0.88951915502548218,-0.14052435477830011,nan,-0.017356333897378194,-0.10574564200208077,-0.098174996674060822,-0.12109375,34,0,1,YES,9.9985660000001531,0.0014339999998469466
227,2.760922528,MINUS_10_DIAGNOSTIC_OUTBOUND,J2A,0,1,-0.76565512971959659,-0.2099107466073554,-0.55721980333328247,-0.88971090316772461,-0.14055464674426432,nan,-0.069525812770454484,-0.07892241353395274,-0.26998123526573181,-0.109375,34,0,1,YES,9.9949179999998528,0.0050820000001472465
228,2.7709641079999998,MINUS_10_DIAGNOSTIC_OUTBOUND,J2A,0,1,-0.76758851817519069,-0.17676694451145719,-0.55702805519104004,-0.88951915502548218,-0.14052435477830011,nan,-0.017326676089927301,-0.050497617748467755,0.12271875143051147,-0.109375,34,0,1,YES,10.041579999999772,0.041579999999772355
229,2.7810103150000001,MINUS_10_DIAGNOSTIC_OUTBOUND,J2A,0,1,-0.76919046860982587,-0.14362314241555901,-0.55721980333328247,-0.88971090316772461,-0.14055464674426432,nan,-0.034628495098296325,-0.041015487118028146,-0.29452499747276306,-0.1171875,34,0,1,YES,10.046207000000251,0.046207000000251242
230,2.7909666560000002,MINUS_10_DIAGNOSTIC_OUTBOUND,J2A,0,1,-0.77046098102350191,-0.11047934031966085,-0.55702805519104004,-0.88951915502548218,-0.14052435477830011,nan,-2.8293840792977984e-05,-0.026814970033554954,0.098174996674060822,-0.109375,34,0,1,YES,9.9563410000000907,0.043658999999909298
231,2.800942407,MINUS_10_DIAGNOSTIC_OUTBOUND,J2A,0,1,-0.77140005541621925,-0.07733553822376267,-0.55702805519104004,-0.88951915502548218,-0.14052435477830011,nan,0.034664441580853481,-0.018932529224912734,0.024543749168515205,-0.109375,34,0,1,YES,9.9757509999998106,0.024249000000189369
232,2.8109687650000001,MINUS_10_DIAGNOSTIC_OUTBOUND,J2A,0,1,-0.77200769178797723,-0.044191736127864485,-0.55702805519104004,-0.88951915502548218,-0.14052435477830011,nan,0.017307068307961124,-0.0094654796547614245,0.049087498337030411,-0.10546875,34,0,1,YES,10.02635800000018,0.026358000000179516
233,2.820964816,MINUS_10_DIAGNOSTIC_OUTBOUND,J2A,0,1,-0.77228389013877652,-0.011047934031966305,-0.55702805519104004,-0.88951915502548218,-0.14052435477830011,nan,0.03470470559036621,-0.0078876514996932511,-0.024543749168515205,-0.1015625,34,0,1,YES,9.9960509999998948,0.0039490000001052294
234,2.8309699959999999,MINUS_10_DIAGNOSTIC_OUTBOUND,J2A,0,1,-0.77230230336216299,-0,-0.55702805519104004,-0.88951915502548218,-0.14052435477830011,nan,0,0.003151042408818438,-0.098174996674060822,-0.10546875,34,0,1,YES,10.005179999999836,0.0051799999998358714
235,2.8409640669999998,MINUS_10_DIAGNOSTIC_ENDPOINT,J2A,0,1,-0.77230230336216299,0,-0.55683630704879761,-0.88932740688323975,-0.14049406281233587,nan,0.03468468355402532,0.014187907536769356,0.14726249873638153,-0.1015625,34,0,1,YES,9.9940709999999378,0.0059290000000622456
236,2.8509690459999999,MINUS_10_DIAGNOSTIC_ENDPOINT,J2A,0,1,-0.77230230336216299,0,-0.55702805519104004,-0.88951915502548218,-0.14052435477830011,nan,0.017350405261544341,0.015768291956730445,-0.17180624604225159,-0.109375,34,0,1,YES,10.00497900000008,0.0049790000000804469
237,2.8609220130000002,MINUS_10_DIAGNOSTIC_ENDPOINT,J2A,0,1,-0.77230230336216299,0,-0.55702805519104004,-0.88951915502548218,-0.14052435477830011,nan,1.0569697636103168e-05,0.017357609994284835,-0.24543750286102295,-0.10546875,34,0,1,YES,9.9529670000002568,0.047032999999743197
238,2.8709662429999998,MINUS_10_DIAGNOSTIC_ENDPOINT,J2A,0,1,-0.77230230336216299,0,-0.55721980333328247,-0.88971090316772461,-0.14055464674426432,nan,-0.052123408674807144,0.0015710624460367737,-0.7117687463760376,-0.109375,34,0,1,YES,10.044229999999654,0.044229999999654268
239,2.8809658410000001,MINUS_10_DIAGNOSTIC_ENDPOINT,J2A,0,1,-0.77230230336216299,0,-0.55683630704879761,-0.88932740688323975,-0.14049406281233587,nan,-0.017344931504045105,0.011043103914026469,0.073631249368190765,-0.10546875,34,0,1,YES,9.999598000000276,0.00040199999972401201
240,2.8909669060000001,MINUS_10_DIAGNOSTIC_ENDPOINT,J2A,0,1,-0.77230230336216299,0,-0.55702805519104004,-0.88951915502548218,-0.14052435477830011,nan,0.017341575630132614,0.0015782983882544662,-0.24543750286102295,-0.10546875,34,0,1,YES,10.001064999999976,0.0010649999999756687
241,2.9009563360000001,MINUS_10_DIAGNOSTIC_ENDPOINT,J2A,0,1,-0.77230230336216299,0,-0.55683630704879761,-0.88932740688323975,-0.14049406281233587,nan,0.051996709755477467,0.0078889743997746318,0.12271875143051147,-0.1015625,34,0,1,YES,9.9894300000000769,0.010569999999923141
242,2.910931937,MINUS_10_DIAGNOSTIC_ENDPOINT,J2A,0,1,-0.77230230336216299,0,-0.55702805519104004,-0.88951915502548218,-0.14052435477830011,nan,0.034763682149142008,0.0047358121091088954,-0.24543750286102295,-0.1015625,34,0,1,YES,9.9756009999998341,0.024399000000165927
243,2.920965947,MINUS_10_DIAGNOSTIC_ENDPOINT,J2A,0,1,-0.77230230336216299,0,-0.55683630704879761,-0.88932740688323975,-0.14049406281233587,nan,2.7691312880912452e-05,0.0094708227929851813,0.12271875143051147,-0.10546875,34,0,1,YES,10.034010000000038,0.034010000000037621
244,2.9309173369999999,MINUS_10_DIAGNOSTIC_ENDPOINT,J2A,0,1,-0.77230230336216299,0,-0.55683630704879761,-0.88932740688323975,-0.14049406281233587,nan,0.034768220898090396,0.012627288911305592,0.12271875143051147,-0.10546875,34,0,1,YES,9.9513899999998934,0.048610000000106623
245,2.9409644180000001,MINUS_10_DIAGNOSTIC_ENDPOINT,J2A,0,1,-0.77230230336216299,0,-0.55683630704879761,-0.88932740688323975,-0.14049406281233587,nan,0.017381923871602426,0.014204201209898546,0,-0.10546875,34,0,1,YES,10.04708100000018,0.047081000000179785
246,2.950923736,MINUS_10_DIAGNOSTIC_ENDPOINT,J2A,0,1,-0.77230230336216299,0,-0.55683630704879761,-0.88932740688323975,-0.14049406281233587,nan,0.034739586744611146,0.023673996297332373,0.073631249368190765,-0.10546875,34,0,1,YES,9.9593179999999393,0.040682000000060725
247,2.9609671039999998,MINUS_10_DIAGNOSTIC_ENDPOINT,J2A,0,1,-0.77230230336216299,0,-0.55683630704879761,-0.88932740688323975,-0.14049406281233587,nan,0,0.023668255055341456,0.049087498337030411,-0.10546875,34,0,1,YES,10.04336799999983,0.043367999999830431
248,2.9709655260000001,MINUS_10_DIAGNOSTIC_ENDPOINT,J2A,0,1,-0.77230230336216299,0,-0.55683630704879761,-0.88932740688323975,-0.14049406281233587,nan,0,0.02209197846865308,0.12271875143051147,-0.10546875,34,0,1,YES,9.9984220000002288,0.0015779999997711514
249,2.980939008,MINUS_10_DIAGNOSTIC_ENDPOINT,J2A,0,1,-0.77230230336216299,0,-0.55702805519104004,-0.88951915502548218,-0.14052435477830011,nan,-0.034695772190871006,0.0015807028927034103,-0.26998123526573181,-0.10546875,34,0,1,YES,9.9734819999999225,0.026518000000077535
250,2.990965681,MINUS_10_DIAGNOSTIC_ENDPOINT,J2A,0,1,-0.77230230336216299,0,-0.55702805519104004,-0.88951915502548218,-0.14052435477830011,nan,-0.052010398697676485,-0.0015774793465233529,-0.26998123526573181,-0.1015625,34,0,1,YES,10.026673000000041,0.026673000000041469
251,3.0009181630000001,MINUS_10_DIAGNOSTIC_ENDPOINT,J2A,0,1,-0.77230230336216299,0,-0.55683630704879761,-0.88932740688323975,-0.14049406281233587,nan,-0.017394315136267921,-0.0047331691314478263,0.098174996674060822,-0.10546875,34,0,1,YES,9.9524820000000958,0.047517999999904248
252,3.0109652790000001,MINUS_10_DIAGNOSTIC_ENDPOINT,J2A,0,1,-0.77230230336216299,0,-0.55683630704879761,-0.88932740688323975,-0.14049406281233587,nan,0.017357794440921219,9.9700813608828711e-07,0.098174996674060822,-0.10546875,34,0,1,YES,10.047115999999967,0.047115999999967073
253,3.0209651530000001,MINUS_10_DIAGNOSTIC_ENDPOINT,J2A,0,1,-0.77230230336216299,0,-0.55702805519104004,-0.88951915502548218,-0.14052435477830011,nan,0.017307007661645925,-0.012622961773519153,-0.19634999334812164,-0.10546875,34,0,1,YES,9.9998740000000197,0.00012599999998030853
254,3.0309665570000002,MINUS_10_DIAGNOSTIC_ENDPOINT,J2A,0,1,-0.77230230336216299,0,-0.55683630704879761,-0.88932740688323975,-0.14049406281233587,nan,0.017307005180330466,-0.0078879264190394888,0.12271875143051147,-0.10546875,34,0,1,YES,10.001404000000047,0.0014040000000470343
255,3.0409653749999999,MINUS_10_DIAGNOSTIC_ENDPOINT,J2A,0,1,-0.77230230336216299,0,-0.55683630704879761,-0.88932740688323975,-0.14049406281233587,nan,-1.5673003891706463e-05,-0.0031555054370798119,0,-0.10546875,34,0,1,YES,9.9988179999996873,0.0011820000003126552
256,3.0509646410000002,MINUS_10_DIAGNOSTIC_ENDPOINT,J2A,0,1,-0.77230230336216299,0,-0.55683630704879761,-0.88932740688323975,-0.14049406281233587,nan,0.017356814305384632,0.0015763840042171463,0.098174996674060822,-0.109375,34,0,1,YES,9.9992660000003397,0.00073399999966028417
257,3.0609668779999999,MINUS_10_DIAGNOSTIC_ENDPOINT,J2A,0,1,-0.77230230336216299,0,-0.55683630704879761,-0.88932740688323975,-0.14049406281233587,nan,0.034711956443409304,0.0063110096087654558,0,-0.109375,34,0,1,YES,10.002236999999692,0.0022369999996918466
258,3.0710077779999998,MINUS_10_DIAGNOSTIC_ENDPOINT,J2A,0,1,-0.77230230336216299,0,-0.55683630704879761,-0.88932740688323975,-0.14049406281233587,nan,0,0.011039293338957888,-0.17180624604225159,-0.10546875,34,0,1,YES,10.040899999999908,0.040899999999908232
259,3.0809677340000001,MINUS_10_DIAGNOSTIC_ENDPOINT,J2A,0,1,-0.77230230336216299,0,-0.55702805519104004,-0.88951915502548218,-0.14052435477830011,nan,-0.034667097478246083,0.0078847753088487436,-0.24543750286102295,-0.10546875,34,0,1,YES,9.9599560000003251,0.040043999999674895
260,3.0909662789999999,MINUS_10_DIAGNOSTIC_ENDPOINT,J2A,0,1,-0.77230230336216299,0,-0.55702805519104004,-0.88951915502548218,-0.14052435477830011,nan,-0.052037108340725689,-0.0031542497326342658,-0.34361249208450317,-0.109375,34,0,1,YES,9.9985449999997478,0.0014550000002522268
261,3.1009289519999998,MINUS_10_DIAGNOSTIC_ENDPOINT,J2A,0,1,-0.77230230336216299,0,-0.55683630704879761,-0.88932740688323975,-0.14049406281233587,nan,-0.017394993282252722,-0.0063116025454194808,-0.098174996674060822,-0.10546875,34,0,1,YES,9.9626729999999775,0.037327000000022537
262,3.1109678619999999,MINUS_10_DIAGNOSTIC_ENDPOINT,J2A,0,1,-0.77230230336216299,0,-0.55702805519104004,-0.88951915502548218,-0.14052435477830011,nan,-0.017394994277773523,-0.0094684827864775327,-0.24543750286102295,-0.10546875,34,0,1,YES,10.038910000000012,0.038910000000011991
263,3.1209267020000002,MINUS_10_DIAGNOSTIC_ENDPOINT,J2A,0,1,-0.77230230336216299,0,-0.55702805519104004,-0.88951915502548218,-0.14052435477830011,nan,-3.9207451604127418e-05,-0.011047181291738994,-0.34361249208450317,-0.10546875,34,0,1,YES,9.9588400000003574,0.041159999999642594
264,3.1309645580000001,MINUS_10_DIAGNOSTIC_ENDPOINT,J2A,0,1,-0.77230230336216299,0,-0.55683630704879761,-0.88932740688323975,-0.14049406281233587,nan,0.017343675510148173,-0.012625091745054481,0.049087498337030411,-0.109375,34,0,1,YES,10.037855999999845,0.037855999999845125
265,3.1409372200000001,MINUS_10_DIAGNOSTIC_ENDPOINT,J2A,0,1,-0.77230230336216299,0,-0.55702805519104004,-0.88951915502548218,-0.14052435477830011,nan,-0.017345512831755536,-0.014204510202486717,-0.14726249873638153,-0.10546875,34,0,1,YES,9.972662000000021,0.02733799999997899
266,3.1509543550000001,MINUS_10_DIAGNOSTIC_ENDPOINT,J2A,0,1,-0.77230230336216299,0,-0.55683630704879761,-0.88932740688323975,-0.14049406281233587,nan,0.034755800590338136,-0.0063107471660734243,0.12271875143051147,-0.10546875,34,0,1,YES,10.01713500000001,0.017135000000010336
267,3.1609656789999998,MINUS_10_DIAGNOSTIC_ENDPOINT,J2A,0,1,-0.77230230336216299,0,-0.55683630704879761,-0.88932740688323975,-0.14049406281233587,nan,0.034726525260774806,0.0015836977230757421,0.073631249368190765,-0.109375,34,0,1,YES,10.011323999999711,0.011323999999710566
268,3.1709353089999999,MINUS_10_DIAGNOSTIC_ENDPOINT,J2A,0,1,-0.77230230336216299,0,-0.55702805519104004,-0.88951915502548218,-0.14052435477830011,nan,-0.017313782755112257,0.0015850107352780164,-0.24543750286102295,-0.10546875,34,0,1,YES,9.9696300000000626,0.030369999999937392
269,3.1809656820000001,MINUS_10_DIAGNOSTIC_ENDPOINT,J2A,0,1,-0.77230230336216299,0,-0.55702805519104004,-0.88951915502548218,-0.14052435477830011,nan,-0.017313839553211793,0.0031562676592334438,-0.26998123526573181,-0.10546875,34,0,1,YES,10.030373000000203,0.030373000000203376
270,3.1909252779999999,MINUS_10_DIAGNOSTIC_ENDPOINT,J2A,0,1,-0.77230230336216299,0,-0.55683630704879761,-0.88932740688323975,-0.14049406281233587,nan,-0.017380495279190309,0.0047333211619041337,0,-0.10546875,34,0,1,YES,9.9595959999998485,0.040404000000151541
271,3.2009648180000001,MINUS_10_DIAGNOSTIC_ENDPOINT,J2A,0,1,-0.77230230336216299,0,-0.55683630704879761,-0.88932740688323975,-0.14049406281233587,nan,0.017363050087770716,0.0047343761072148301,0.049087498337030411,-0.109375,34,0,1,YES,10.03954000000018,0.039540000000179987
272,3.2109667499999999,MINUS_10_DIAGNOSTIC_ENDPOINT,J2A,0,1,-0.77230230336216299,0,-0.55683630704879761,-0.88932740688323975,-0.14049406281233587,nan,0.052007186065219937,0.012625472746464016,-0.29452499747276306,-0.10546875,34,0,1,YES,10.001931999999769,0.0019319999997691184
273,3.2209762959999999,MINUS_10_DIAGNOSTIC_ENDPOINT,J2A,0,1,-0.77230230336216299,0,-0.55702805519104004,-0.88951915502548218,-0.14052435477830011,nan,-3.8912625910356554e-05,0.0031577516426385208,-0.24543750286102295,-0.109375,34,0,1,YES,10.009546000000036,0.0095460000000358036
274,3.2309666319999999,MINUS_10_DIAGNOSTIC_ENDPOINT,J2A,0,1,-0.77230230336216299,0,-0.55702805519104004,-0.88951915502548218,-0.14052435477830011,nan,-0.052009950300210155,-0.0063087821962953452,-0.19634999334812164,-0.1015625,34,0,1,YES,9.9903359999999886,0.0096640000000114412
275,3.2409395860000001,MINUS_10_DIAGNOSTIC_ENDPOINT,J2A,0,1,-0.77230230336216299,0,-0.55702805519104004,-0.88951915502548218,-0.14052435477830011,nan,-0.052110430575642193,-0.0063086749580341687,-0.34361249208450317,-0.10546875,34,0,1,YES,9.9729540000002004,0.027045999999799619
276,3.2509312480000001,MINUS_10_DIAGNOSTIC_ENDPOINT,J2A,0,1,-0.77230230336216299,0,-0.55683630704879761,-0.88932740688323975,-0.14049406281233587,nan,-2.4710543499878839e-05,-0.0063143041108807262,0,-0.10546875,34,0,1,YES,9.9916620000000123,0.0083379999999877441
277,3.2609697419999999,MINUS_10_DIAGNOSTIC_ENDPOINT,J2A,0,1,-0.77230230336216299,0,-0.55721980333328247,-0.88971090316772461,-0.14055464674426432,nan,-0.017439714228215938,-0.014205649462177087,-0.6626812219619751,-0.1015625,34,0,1,YES,10.038493999999787,0.038493999999786865
278,3.2709653460000001,MINUS_10_DIAGNOSTIC_ENDPOINT,J2A,0,1,-0.77230230336216299,0,-0.55702805519104004,-0.88951915502548218,-0.14052435477830011,nan,-0.017413199826256023,-0.01104948111116019,-0.34361249208450317,-0.10546875,34,0,1,YES,9.9956040000002133,0.0043959999997866817
279,3.2809678619999998,MINUS_10_DIAGNOSTIC_ENDPOINT,J2A,0,1,-0.77230230336216299,0,-0.55683630704879761,-0.88932740688323975,-0.14049406281233587,nan,0.017280601138547135,-0.0078952693034945488,0.12271875143051147,-0.10546875,34,0,1,YES,10.002515999999684,0.0025159999996837712
280,3.2909122540000002,MINUS_10_DIAGNOSTIC_ENDPOINT,J2A,0,1,-0.77230230336216299,0,-0.55683630704879761,-0.88932740688323975,-0.14049406281233587,nan,0.034640705215230418,-0.0063231903579757274,0.14726249873638153,-0.10546875,34,0,1,YES,9.9443920000004127,0.055607999999587321
281,3.3009270910000001,MINUS_10_DIAGNOSTIC_ENDPOINT,J2A,0,1,-0.77230230336216299,0,-0.55721980333328247,-0.88971090316772461,-0.14055464674426432,nan,0.017375045940869673,-0.012634075785816393,-0.58904999494552612,-0.10546875,34,0,1,YES,10.014836999999943,0.014836999999943146
282,3.3109680359999998,MINUS_10_DIAGNOSTIC_ENDPOINT,J2A,0,1,-0.77230230336216299,0,-0.55702805519104004,-0.88951915502548218,-0.14052435477830011,nan,-0.034728002642414865,-0.0078969952755242392,-0.24543750286102295,-0.10546875,34,0,1,YES,10.040944999999635,0.040944999999634746
283,3.3209667569999999,MINUS_10_DIAGNOSTIC_ENDPOINT,J2A,0,1,-0.77230230336216299,0,-0.55683630704879761,-0.88932740688323975,-0.14049406281233587,nan,-0.017297547639633346,0.0063085221275655436,0.049087498337030411,-0.10546875,34,0,1,YES,9.9987210000000992,0.0012789999999007762
284,3.3309660590000001,MINUS_10_DIAGNOSTIC_ENDPOINT,J2A,0,1,-0.77230230336216299,0,-0.55702805519104004,-0.88951915502548218,-0.14052435477830011,nan,6.7153772970307238e-06,0.003151362035994496,-0.31906875967979431,-0.10546875,34,0,1,YES,9.9993020000002097,0.00069799999979025529
285,3.3409664989999999,MINUS_10_DIAGNOSTIC_ENDPOINT,J2A,0,1,-0.77230230336216299,0,-0.55702805519104004,-0.88951915502548218,-0.14052435477830011,nan,0.034727467995702394,-3.8252180747714458e-06,-0.24543750286102295,-0.1015625,34,0,1,YES,10.000439999999777,0.00043999999977728521
286,3.3509359509999999,MINUS_10_DIAGNOSTIC_ENDPOINT,J2A,0,1,-0.77230230336216299,0,-0.55683630704879761,-0.88932740688323975,-0.14049406281233587,nan,0.017346051772368969,0.0047265638777728332,0,-0.109375,34,0,1,YES,9.9694519999999898,0.030548000000010234
287,3.360985882,MINUS_10_DIAGNOSTIC_ENDPOINT,J2A,0,1,-0.77230230336216299,0,-0.55702805519104004,-0.88951915502548218,-0.14052435477830011,nan,-0.017397856463010376,0.0094605383089517298,-0.31906875967979431,-0.10546875,34,0,1,YES,10.049931000000178,0.049931000000178472
288,3.370965005,MINUS_10_DIAGNOSTIC_ENDPOINT,J2A,0,1,-0.77230230336216299,0,-0.55702805519104004,-0.88951915502548218,-0.14052435477830011,nan,-4.8455431043551258e-05,-0.0031567830306681813,-0.26998123526573181,-0.1015625,34,0,1,YES,9.9791229999999231,0.020877000000076862
289,3.3809654930000002,MINUS_10_DIAGNOSTIC_ENDPOINT,J2A,0,1,-0.77230230336216299,0,-0.55702805519104004,-0.88951915502548218,-0.14052435477830011,nan,-0.017394863780469692,-0.0078870384778833031,-0.24543750286102295,-0.10546875,34,0,1,YES,10.000488000000196,0.00048800000019610934
290,3.390976158,MINUS_10_DIAGNOSTIC_ENDPOINT,J2A,0,1,-0.77230230336216299,0,-0.55702805519104004,-0.88951915502548218,-0.14052435477830011,nan,-0.034721932290593553,-0.0031572851420902681,-0.24543750286102295,-0.10546875,34,0,1,YES,10.010664999999808,0.010664999999807634
291,3.4009351309999998,MINUS_10_DIAGNOSTIC_ENDPOINT,J2A,0,1,-0.77230230336216299,0,-0.55683630704879761,-0.88932740688323975,-0.14049406281233587,nan,0.034721960391473322,0.011041601137733632,0,-0.109375,34,0,1,YES,9.9589729999998156,0.041027000000184444
292,3.4109657059999998,MINUS_10_DIAGNOSTIC_ENDPOINT,J2A,0,1,-0.77230230336216299,0,-0.55702805519104004,-0.88951915502548218,-0.14052435477830011,nan,0.017320269715249449,-0.0015862830849695652,-0.34361249208450317,-0.10546875,34,0,1,YES,10.030575000000042,0.030575000000041541
293,3.4209647830000001,MINUS_10_DIAGNOSTIC_ENDPOINT,J2A,0,1,-0.77230230336216299,0,-0.55702805519104004,-0.88951915502548218,-0.14052435477830011,nan,-4.5697400147257593e-05,-0.0063198897433417948,-0.31906875967979431,-0.1015625,34,0,1,YES,9.9990770000002449,0.00092299999975509195
294,3.4309519599999998,MINUS_10_DIAGNOSTIC_ENDPOINT,J2A,0,1,-0.77230230336216299,0,-0.55702805519104004,-0.88951915502548218,-0.14052435477830011,nan,-0.0174035140114162,-0.0015862984690588507,-0.31906875967979431,-0.10546875,34,0,1,YES,9.9871769999997362,0.012823000000263818
295,3.4409649089999998,MINUS_10_DIAGNOSTIC_ENDPOINT,J2A,0,1,-0.77230230336216299,0,-0.55683630704879761,-0.88932740688323975,-0.14049406281233587,nan,-2.2465164379110823e-05,0.0031481501231048984,0.024543749168515205,-0.10546875,34,0,1,YES,10.012949000000049,0.012949000000048727
296,3.4509488369999999,MINUS_10_DIAGNOSTIC_ENDPOINT,J2A,0,1,-0.77230230336216299,0,-0.55683630704879761,-0.88932740688323975,-0.14049406281233587,nan,0.052094847608150495,0.0063033909700707909,0,-0.1015625,34,0,1,YES,9.9839280000000308,0.016071999999969222
297,3.460965592,MINUS_10_DIAGNOSTIC_ENDPOINT,J2A,0,1,-0.77230230336216299,0,-0.55683630704879761,-0.88932740688323975,-0.14049406281233587,nan,0.052072539826830147,0.017356185819083627,0,-0.10546875,34,0,1,YES,10.016755000000099,0.016755000000099329
298,3.4709656209999999,MINUS_10_DIAGNOSTIC_ENDPOINT,J2A,0,1,-0.77230230336216299,0,-0.55683630704879761,-0.88932740688323975,-0.14049406281233587,nan,0.034705472763061705,0.018931159539153208,0.024543749168515205,-0.10546875,34,0,1,YES,10.000028999999966,2.8999999965861889e-05
299,3.4809880249999998,MINUS_10_DIAGNOSTIC_ENDPOINT,J2A,0,1,-0.77230230336216299,0,-0.55702805519104004,-0.88951915502548218,-0.14052435477830011,nan,-0.034705459846453762,0.011036710714891276,-0.24543750286102295,-0.10546875,34,0,1,YES,10.022403999999874,0.022403999999873747
300,3.490966443,MINUS_10_DIAGNOSTIC_ENDPOINT,J2A,0,1,-0.77230230336216299,0,-0.55683630704879761,-0.88932740688323975,-0.14049406281233587,nan,-0.017372633976476495,0.011036522148160413,-0.024543749168515205,-0.109375,34,0,1,YES,9.978418000000211,0.021581999999789048
301,3.5009169889999998,MINUS_10_DIAGNOSTIC_ENDPOINT,J2A,0,1,-0.77230230336216299,0,-0.55683630704879761,-0.88932740688323975,-0.14049406281233587,nan,-4.7805451871314598e-05,0.0094604441490612878,-0.24543750286102295,-0.10546875,34,0,1,YES,9.9505459999997825,0.049454000000217491
302,3.510963506,MINUS_10_DIAGNOSTIC_ENDPOINT,J2A,0,1,-0.77230230336216299,0,-0.55702805519104004,-0.88951915502548218,-0.14052435477830011,nan,-0.017436537983058886,0.0078852777492634217,-0.26998123526573181,-0.10546875,34,0,1,YES,10.046517000000144,0.046517000000143582
303,3.520963675,MINUS_10_DIAGNOSTIC_ENDPOINT,J2A,0,1,-0.77230230336216299,0,-0.55702805519104004,-0.88951915502548218,-0.14052435477830011,nan,-0.017436500212741159,-0.0015829668519761505,-0.26998123526573181,-0.10546875,34,0,1,YES,10.000169000000003,0.00016900000000319437
304,3.5309206309999999,MINUS_10_DIAGNOSTIC_ENDPOINT,J2A,0,1,-0.77230230336216299,0,-0.55683630704879761,-0.88932740688323975,-0.14049406281233587,nan,-0.017431837681247554,-0.003163669133121271,0,-0.109375,34,0,1,YES,9.9569559999999058,0.043044000000094229
305,3.5409672520000002,MINUS_10_DIAGNOSTIC_RETURN,J2A,0,1,-0.77230230336216299,0,-0.55702805519104004,-0.88951915502548218,-0.14052435477830011,nan,-0.017431681717530654,-0.014213414701025879,-0.098174996674060822,-0.10546875,34,0,1,YES,10.046621000000311,0.046621000000310886
306,3.5509481489999999,MINUS_10_DIAGNOSTIC_RETURN,J2A,0,1,-0.77213658435168364,0.033143802095898151,-0.55702805519104004,-0.88951915502548218,-0.14052435477830011,nan,-5.5589478028935479e-05,-0.015791534457688428,-0.24543750286102295,-0.10546875,34,0,1,YES,9.980896999999711,0.019103000000288972
307,3.5609666459999998,MINUS_10_DIAGNOSTIC_RETURN,J2A,0,1,-0.77163942732024493,0.066287604191796301,-0.55683630704879761,-0.88932740688323975,-0.14049406281233587,nan,0.017310971295759751,-0.0078983635510803483,0.098174996674060822,-0.10546875,34,0,1,YES,10.018496999999904,0.018496999999904062
308,3.5709650640000001,MINUS_10_DIAGNOSTIC_RETURN,J2A,0,1,-0.77081083226784752,0.099431406287694452,-0.55702805519104004,-0.88951915502548218,-0.14052435477830011,nan,-0.017359746029593261,-0.0078983621024071114,-0.26998123526573181,-0.1015625,34,0,1,YES,9.998418000000342,0.0015819999996580236
309,3.5809288669999999,MINUS_10_DIAGNOSTIC_RETURN,J2A,0,1,-0.7696507991944912,0.1325752083835926,-0.55721980333328247,-0.88971090316772461,-0.14055464674426432,nan,-0.034687952969896949,-0.014208242355127578,-0.58904999494552612,-0.1015625,34,0,1,YES,9.9638029999997713,0.036197000000228741
310,3.5909656569999999,MINUS_10_DIAGNOSTIC_RETURN,J2A,0,1,-0.76815932810017573,0.16571901047949075,-0.55683630704879761,-0.88932740688323975,-0.14049406281233587,nan,8.4284348706150795e-05,-0.011043223428319539,0,-0.1015625,34,0,1,YES,10.036790000000018,0.036790000000017642
311,3.6009510329999999,MINUS_10_DIAGNOSTIC_RETURN,J2A,0,1,-0.76633641898490112,0.1988628125753889,-0.55683630704879761,-0.88932740688323975,-0.14049406281233587,nan,0.017442292575121761,-1.6762527938938242e-06,-0.024543749168515205,-0.09375,34,0,1,YES,9.9853759999999347,0.014624000000065251
312,3.6109726050000002,MINUS_10_DIAGNOSTIC_RETURN,J2A,0,1,-0.76418207184866804,0.23200661467128711,-0.55683630704879761,-0.88932740688323975,-0.14049406281233587,nan,0.069454059688930259,0.011047234300631922,0,-0.1015625,34,0,1,YES,10.021572000000312,0.021572000000311675
313,3.6209677440000001,MINUS_10_DIAGNOSTIC_RETURN,J2A,0,1,-0.7616962866914756,0.2651504167671852,-0.55702805519104004,-0.88951915502548218,-0.14052435477830011,nan,0.034733104536577394,0.0047356000410695154,-0.44178751111030579,-0.09375,34,0,1,YES,9.9951389999999307,0.0048610000000692821
314,3.6309359959999998,MINUS_10_DIAGNOSTIC_RETURN,J2A,0,1,-0.75887906351332424,0.29829421886308338,-0.55664455890655518,-0.88913565874099731,-0.14046377084637165,nan,0.017315657347281164,0.014196933206169141,0.024543749168515205,-0.0859375,34,0,1,YES,9.9682519999997332,0.031748000000266785
315,3.6409660270000002,MINUS_10_DIAGNOSTIC_RETURN,J2A,0,1,-0.75573040231421396,0.33143802095898151,-0.55664455890655518,-0.88913565874099731,-0.14046377084637165,nan,0.052032545091945069,0.02998360535584195,-0.22089375555515289,-0.0859375,34,0,1,YES,10.030031000000328,0.030031000000327879
316,3.6509311900000001,MINUS_10_DIAGNOSTIC_RETURN,J2A,0,1,-0.75225030309414476,0.36458182305487968,-0.55664455890655518,-0.88913565874099731,-0.14046377084637165,nan,0.069465138033131993,0.034718235375049131,-0.19634999334812164,-0.08203125,34,0,1,YES,9.9651629999999436,0.034837000000056406
317,3.6609703800000002,MINUS_10_DIAGNOSTIC_RETURN,J2A,0,1,-0.74843876585311642,0.39772562515077781,-0.55645281076431274,-0.88894391059875488,-0.14043347888040744,nan,0.10411617230156434,0.044187050070725382,0,-0.08203125,34,0,1,YES,10.039190000000087,0.039190000000086656
318,3.6709649359999998,MINUS_10_DIAGNOSTIC_RETURN,J2A,0,1,-0.74429579059112894,0.43086942724667598,-0.55645281076431274,-0.88894391059875488,-0.14043347888040744,nan,0.052051626784247074,0.058380436755686327,-0.24543750286102295,-0.0703125,34,0,1,YES,9.9945559999996547,0.0054440000003452838
319,3.6809665439999999,MINUS_10_DIAGNOSTIC_RETURN,J2A,0,1,-0.73982137730818276,0.46401322934257422,-0.55626106262207031,-0.88875216245651245,-0.1404031869144432,nan,0.08677022204399959,0.067839693098842926,0.12271875143051147,-0.0703125,34,0,1,YES,10.001608000000051,0.00160800000005068
320,3.6909683740000001,MINUS_10_DIAGNOSTIC_RETURN,J2A,0,1,-0.73501552600427766,0.49715703143847223,-0.55626106262207031,-0.88875216245651245,-0.1404031869144432,nan,0.086733047925601978,0.061532229294595682,-0.19634999334812164,-0.06640625,34,0,1,YES,10.001830000000211,0.0018300000002113848
321,3.7009279020000001,MINUS_10_DIAGNOSTIC_RETURN,J2A,0,1,-0.72987823667941343,0.53030083353437041,-0.55626106262207031,-0.88875216245651245,-0.1404031869144432,nan,0.05212509377222653,0.066273441121428772,-0.34361249208450317,-0.0703125,34,0,1,YES,9.9595279999999953,0.040472000000004726
322,3.7109634370000002,MINUS_10_DIAGNOSTIC_RETURN,J2A,0,1,-0.72440950933359005,0.56344463563026859,-0.55587756633758545,-0.88836866617202759,-0.14034260298251477,nan,0.10422920963359018,0.082055485718718194,-0.049087498337030411,-0.05859375,34,0,1,YES,10.035535000000095,0.035535000000095351
323,3.7209653230000002,MINUS_10_DIAGNOSTIC_RETURN,J2A,0,1,-0.71860934396680798,0.59658843772616676,-0.55549407005310059,-0.88798516988754272,-0.14028201905058632,nan,0.17365202630390097,0.10571269578835582,0.34361249208450317,-0.05859375,34,0,1,YES,10.00188599999996,0.0018859999999598642
324,3.7309646839999999,MINUS_10_DIAGNOSTIC_RETURN,J2A,0,1,-0.71247774057906677,0.62973223982206483,-0.55549407005310059,-0.88798516988754272,-0.14028201905058632,nan,0.2082639366753524,0.10885945302222139,-0.56450623273849487,-0.05078125,34,0,1,YES,9.9993609999997624,0.00063900000023764392
325,3.7409650999999999,MINUS_10_DIAGNOSTIC_RETURN,J2A,0,1,-0.70601469917036686,0.66287604191796301,-0.55491882562637329,-0.88740992546081543,-0.14019114315269365,nan,0.27749951735053885,0.14200379766011595,0.12271875143051147,-0.05078125,34,0,1,YES,10.000416000000012,0.00041600000001196236
326,3.7509226999999998,MINUS_10_DIAGNOSTIC_RETURN,J2A,0,1,-0.69922021974070758,0.69601984401386119,-0.55472707748413086,-0.887218177318573,-0.14016085118672944,nan,0.26055385801745651,0.16883619593593741,0.073631249368190765,-0.04296875,34,0,1,YES,9.9575999999998999,0.042400000000100135
327,3.7608094030000001,MINUS_10_DIAGNOSTIC_RETURN,J2A,0,1,-0.69209430229008939,0.72916364610975937,-0.554343581199646,-0.88683468103408813,-0.14010026725480099,nan,0.27864209960209668,0.19579373674321973,-0.17180624604225159,-0.03515625,34,0,1,YES,9.8867030000002742,0.11329699999972576
328,3.7708098319999999,MINUS_10_DIAGNOSTIC_RETURN,J2A,0,1,-0.68463694681851228,0.76230744820565743,-0.55396008491516113,-0.88645118474960327,-0.14003968332287253,nan,0.33134751284815439,0.22905553417637334,0.12271875143051147,-0.0390625,34,0,1,YES,10.000428999999755,0.00042899999975531955
329,3.7808058299999998,MINUS_10_DIAGNOSTIC_RETURN,J2A,0,1,-0.67684815332597625,0.79545125030155561,-0.55338484048843384,-0.88587594032287598,-0.13994880742497989,nan,0.34870297882085127,0.26549325919301608,0.024543749168515205,-0.0234375,34,0,1,YES,9.9959979999999504,0.004002000000049577
330,3.7908098899999998,MINUS_10_DIAGNOSTIC_RETURN,J2A,0,1,-0.66872792181248109,0.82859505239745379,-0.55300134420394897,-0.88549244403839111,-0.13988822349305144,nan,0.4001406992592445,0.30192253269560876,0.049087498337030411,-0.0234375,34,0,1,YES,10.004059999999981,0.0040599999999813008
331,3.8009113729999999,MINUS_10_DIAGNOSTIC_RETURN,J2A,0,1,-0.66027625227802722,0.86173885449335197,-0.55280959606170654,-0.88530069589614868,-0.13985793152708723,nan,0.36362355602275942,0.31918892344385741,-0.22089375555515289,-0.01171875,34,0,1,YES,10.101483000000133,0.10148300000013322
332,3.810805497,MINUS_10_DIAGNOSTIC_RETURN,J2A,0,1,-0.6514931447226141,0.89488265658925015,-0.55223435163497925,-0.88472545146942139,-0.13976705562919456,nan,0.36399280209902707,0.33191392372336725,-0.24543750286102295,-0.00390625,34,0,1,YES,9.8941240000001152,0.10587599999988484
333,3.8208066789999999,MINUS_10_DIAGNOSTIC_RETURN,J2A,0,1,-0.64237859914624218,0.92802645868514844,-0.55165910720825195,-0.88415020704269409,-0.13967617973130189,nan,0.3816585736329256,0.35402174595749059,-0.19634999334812164,-0.00390625,34,0,1,YES,10.001181999999886,0.0011819999998863295
334,3.8308049569999998,MINUS_10_DIAGNOSTIC_RETURN,J2A,0,1,-0.63293261554891123,0.96117026078104639,-0.55108386278152466,-0.8835749626159668,-0.13958530383340922,nan,0.45162903864906417,0.38396730115583344,0.049087498337030411,-0.00390625,34,0,1,YES,9.9982779999998606,0.0017220000001394453
335,3.8408086520000002,MINUS_10_DIAGNOSTIC_RETURN,J2A,0,1,-0.62315519393062124,0.99431406287694446,-0.55050861835479736,-0.8829997181892395,-0.13949442793551656,nan,0.52175286702465584,0.40120045553513872,0.098174996674060822,0,34,0,1,YES,10.003695000000423,0.0036950000004232209
336,3.8507891409999999,MINUS_10_DIAGNOSTIC_RETURN,J2A,0,1,-0.61304633429137234,1.0274578649728427,-0.54993337392807007,-0.88242447376251221,-0.13940355203762389,nan,0.52084056227223241,0.42942175130335292,-0.024543749168515205,0.01171875,34,0,1,YES,9.9804889999997037,0.019511000000296264
337,3.8608050829999998,MINUS_10_DIAGNOSTIC_RETURN,J2A,0,1,-0.60260603663116441,1.0606016670687408,-0.54916638135910034,-0.88165748119354248,-0.13928238417376698,nan,0.5555084362389674,0.45762905714080565,0.073631249368190765,0.0234375,34,0,1,YES,10.015941999999889,0.015941999999888878
338,3.8708094480000002,MINUS_10_DIAGNOSTIC_RETURN,J2A,0,1,-0.59183430094999756,1.0937454691646391,-0.54820764064788818,-0.88069874048233032,-0.13913092434394589,nan,0.64216517719123445,0.49869612687373183,0,0.01171875,34,0,1,YES,10.004365000000348,0.0043650000003481182
339,3.8808056620000002,MINUS_10_DIAGNOSTIC_RETURN,J2A,0,1,-0.58080478014141812,1.1047934031966051,-0.54744064807891846,-0.8799317479133606,-0.13900975648008901,nan,0.7115146412688681,0.53977728989855922,-0.46633124351501465,0.01953125,34,0,1,YES,9.9962140000000588,0.0037859999999412253
340,3.890808576,MINUS_10_DIAGNOSTIC_RETURN,J2A,0,1,-0.56975684610945199,1.1047934031966051,-0.54571491479873657,-0.87820601463317871,-0.13873712878641101,nan,0.91948291722123465,0.62666281859924622,0,0.03515625,34,0,1,YES,10.002913999999752,0.0029139999997518373
341,3.900787249,MINUS_10_DIAGNOSTIC_RETURN,J2A,0,1,-0.55870891207748596,1.1047934031966051,-0.54418092966079712,-0.87667202949523926,-0.13849479305869722,nan,1.1285059762064633,0.73255272658467052,0,0.03515625,34,0,1,YES,9.9786729999999935,0.021327000000006535
342,3.9108070939999999,MINUS_10_DIAGNOSTIC_RETURN,J2A,0,1,-0.54766097804551994,1.1047934031966051,-0.5422634482383728,-0.87475454807281494,-0.138191873399055,nan,1.3714770805304202,0.85363535192836637,-0.12271875143051147,0.0390625,34,0,1,YES,10.019844999999972,0.019844999999971691
343,3.9208030169999999,MINUS_10_DIAGNOSTIC_RETURN,J2A,0,1,-0.53661304401355381,1.1047934031966051,-0.53881204128265381,-0.87130314111709595,-0.13764662742791473,nan,1.8746237606599128,1.0587522200012027,0.26998123526573181,0.03515625,34,0,1,YES,9.9959229999999621,0.0040770000000378559
344,3.9308038359999999,MINUS_10_DIAGNOSTIC_RETURN,J2A,0,1,-0.52556510998158779,1.1047934031966051,-0.53440183401107788,-0.86689293384552002,-0.13694991221073763,nan,2.5338585029582537,1.3632525672430247,0.51541876792907715,0.03515625,34,0,1,YES,10.00081900000005,0.00081900000004964113
345,3.9408153289999999,MINUS_10_DIAGNOSTIC_RETURN,J2A,0,1,-0.51451717594962165,1.1047934031966051,-0.53075861930847168,-0.86324971914291382,-0.13637436485741741,nan,3.1396594657409285,1.7039827465328659,0.22089375555515289,0.04296875,34,0,1,YES,10.011492999999927,0.011492999999926923
346,3.9508053489999999,MINUS_10_DIAGNOSTIC_RETURN,J2A,0,1,-0.50346924191765563,1.1047934031966051,-0.5284576416015625,-0.86094874143600464,-0.13601086126584674,nan,3.227975019438011,2.0004983842896227,0.098174996674060822,0.0546875,34,0,1,YES,9.9900200000000439,0.0099799999999561351
347,3.9609356789999999,MINUS_10_DIAGNOSTIC_RETURN,J2A,0,1,-0.49242130788568972,1.1047934031966051,-0.52654016017913818,-0.85903126001358032,-0.13570794160620453,nan,2.7513620712833067,2.2219109810075057,0.073631249368190765,0.0703125,34,0,1,YES,10.130329999999965,0.1303299999999652
348,3.9709381910000001,MINUS_10_DIAGNOSTIC_RETURN,J2A,0,1,-0.4813733738537237,1.1047934031966051,-0.5248144268989563,-0.85730552673339844,-0.13543531391252653,nan,2.1088192215703847,2.3594353437566147,-0.14726249873638153,0.05859375,34,0,1,YES,10.002512000000241,0.0025120000002409881
349,3.9809367930000001,MINUS_10_DIAGNOSTIC_RETURN,J2A,0,1,-0.47032543982175756,1.1047934031966051,-0.52270519733428955,-0.85519629716873169,-0.13510210228692007,nan,1.7809291408221692,2.4308822948618563,0.34361249208450317,0.0703125,34,0,1,YES,9.9986020000000231,0.0013979999999769177
350,3.9909311810000001,MINUS_10_DIAGNOSTIC_RETURN,J2A,0,1,-0.45927750578979154,1.1047934031966051,-0.52040421962738037,-0.85289531946182251,-0.1347385986953494,nan,1.8003126436753085,2.4255784658750961,0.36815625429153442,0.0703125,34,0,1,YES,9.9943879999999652,0.0056120000000348114
351,4.0008504660000002,MINUS_10_DIAGNOSTIC_RETURN,J2A,0,1,-0.44822957175782552,1.1047934031966051,-0.5169527530670166,-0.84944385290145874,-0.13419334330799343,nan,2.1381155615097791,2.4261850640470026,0.29452499747276306,0.05859375,34,0,1,YES,9.9192850000000554,0.080714999999944581
352,4.010834987,MINUS_10_DIAGNOSTIC_RETURN,J2A,0,1,-0.43718163772585938,1.1047934031966051,-0.51024156808853149,-0.84273266792297363,-0.13313312449924564,nan,3.167593567886271,2.5421549341979852,0.56450623273849487,0.0546875,34,0,1,YES,9.9845209999998019,0.015479000000198084
353,4.0208433699999997,MINUS_10_DIAGNOSTIC_RETURN,J2A,0,1,-0.42613370369389347,1.1047934031966051,-0.50122940540313721,-0.83372050523757935,-0.1317094020989272,nan,4.8224403973697729,2.8438693851297092,0.44178751111030579,0.0546875,34,0,1,YES,10.008382999999732,0.0083829999997320215
354,4.0309233530000004,MINUS_10_DIAGNOSTIC_RETURN,J2A,0,1,-0.41508576966192734,1.1047934031966051,-0.49701094627380371,-0.82950204610824585,-0.13104297884771432,nan,5.6600398991584893,3.1516620294876829,0.39269998669624329,0.08203125,34,0,1,YES,10.079983000000681,0.079983000000680704
355,4.0409328560000004,MINUS_10_DIAGNOSTIC_RETURN,J2A,0,1,-0.40403783562996132,1.1047934031966051,-0.4945182204246521,-0.82700932025909424,-0.13064918329017944,nan,5.2446409321883216,3.4361098739975899,-0.024543749168515205,0.08984375,34,0,1,YES,10.009503000000031,0.0095030000000306813
356,4.0507921070000004,MINUS_10_DIAGNOSTIC_RETURN,J2A,0,1,-0.39298990159799518,1.1047934031966051,-0.4908750057220459,-0.82336610555648804,-0.13007363593685922,nan,4.1149386447547176,3.7247668654341815,0.14726249873638153,0.08203125,34,0,1,YES,9.8592509999999578,0.1407490000000422
357,4.0608404570000003,MINUS_10_DIAGNOSTIC_RETURN,J2A,0,1,-0.38194196756602916,1.1047934031966051,-0.48454731702804565,-0.81703841686248779,-0.12907400106003991,nan,3.5804252501725933,4.0592876252498407,0.6626812219619751,0.06640625,34,0,1,YES,10.048349999999928,0.048349999999928173
358,4.0708889570000002,MINUS_10_DIAGNOSTIC_RETURN,J2A,0,1,-0.37089403353406314,1.1047934031966051,-0.47668564319610596,-0.8091767430305481,-0.12783203045550681,nan,4.5918958533134564,4.4467336452209612,0.53996247053146362,0.08203125,34,0,1,YES,10.048499999999905,0.04849999999990473
359,4.0807893829999999,MINUS_10_DIAGNOSTIC_RETURN,J2A,0,1,-0.35984609950209701,1.1047934031966051,-0.47323417663574219,-0.80572527647018433,-0.12728677506815081,nan,5.1493142425176597,4.6524970099041365,0.14726249873638153,0.09375,34,0,1,YES,9.9004259999997402,0.099574000000259844
360,4.0908069960000004,MINUS_10_DIAGNOSTIC_RETURN,J2A,0,1,-0.34879816547013098,1.1047934031966051,-0.47054970264434814,-0.80304080247879028,-0.12686268754465169,nan,4.7063043315797639,4.6473436791722058,0.34361249208450317,0.109375,34,0,1,YES,10.01761300000048,0.017613000000480383
361,4.1007877439999998,MINUS_10_DIAGNOSTIC_RETURN,J2A,0,1,-0.33775023143816485,1.1047934031966051,-0.46748173236846924,-0.79997283220291138,-0.12637801608922414,nan,3.6523356883838414,4.4528498400852872,0,0.1015625,34,0,1,YES,9.9807479999993731,0.019252000000626879
362,4.1108042039999999,MINUS_10_DIAGNOSTIC_RETURN,J2A,0,1,-0.32670229740619894,1.1047934031966051,-0.46153753995895386,-0.794028639793396,-0.12543896514433325,nan,3.2689615810302506,4.2386592216349515,0.53996247053146362,0.0859375,34,0,1,YES,10.016460000000116,0.016460000000115826
363,4.1207884330000004,MINUS_10_DIAGNOSTIC_RETURN,J2A,0,1,-0.3156543633742328,1.1047934031966051,-0.45003265142440796,-0.7825237512588501,-0.12362144718647994,nan,5.0157290335875722,4.3739491775614203,0.9817500114440918,0.0546875,34,0,1,YES,9.9842290000005107,0.015770999999489277
364,4.1308046269999998,MINUS_10_DIAGNOSTIC_RETURN,J2A,0,1,-0.30460642934226689,1.1047934031966051,-0.43814429640769958,-0.77063539624214172,-0.12174335000480603,nan,7.4464792635526633,4.9482439544671566,1.6198874711990356,0.0546875,34,0,1,YES,10.016193999999423,0.01619399999942317
365,4.1408063469999998,MINUS_10_DIAGNOSTIC_RETURN,J2A,0,1,-0.29355849531030076,1.1047934031966051,-0.4212704598903656,-0.75376155972480774,-0.1190776569999545,nan,10.47896813249775,5.9035920178306327,1.3744499683380127,0.0234375,34,0,1,YES,10.001719999999992,0.0017199999999917281
366,4.1508032070000001,MINUS_10_DIAGNOSTIC_RETURN,J2A,0,1,-0.28251056127833474,1.1047934031966051,-0.40516361594200134,-0.73765471577644348,-0.11653313185895986,nan,12.806754215712985,7.0193277226129664,1.8898687362670898,0.0234375,34,0,1,YES,9.9968600000002183,0.0031399999997816508
367,4.1608047969999999,MINUS_10_DIAGNOSTIC_RETURN,J2A,0,1,-0.27146262724636872,1.1047934031966051,-0.3825373649597168,-0.71502846479415894,-0.11295868458328952,nan,15.198671406577747,8.515616284013408,2.0862188339233398,0,34,0,1,YES,10.001589999999894,0.001589999999893621
368,4.170786981,MINUS_10_DIAGNOSTIC_RETURN,J2A,0,1,-0.26041469321440258,1.1047934031966051,-0.36451303958892822,-0.69700413942337036,-0.11011123978265265,nan,16.841466981924196,10.172449347698917,1.3744499683380127,0.02734375,34,0,1,YES,9.9821840000000606,0.017815999999939436
369,4.1808045500000004,MINUS_10_DIAGNOSTIC_RETURN,J2A,0,1,-0.24936675918243656,1.1047934031966051,-0.3522411584854126,-0.68473225831985474,-0.10817255396094244,nan,16.178590307222347,11.728666924806689,1.2271875143051147,0.02734375,34,0,1,YES,10.017569000000393,0.017569000000392521
370,4.1908149970000004,MINUS_10_DIAGNOSTIC_RETURN,J2A,0,1,-0.23831882515047043,1.1047934031966051,-0.34380424022674561,-0.67629534006118774,-0.10683970745851668,nan,13.84565999396836,12.784027456342878,0.83448749780654907,0.07421875,34,0,1,YES,10.010446999999978,0.010446999999977891
371,4.2008047380000004,MINUS_10_DIAGNOSTIC_RETURN,J2A,0,1,-0.22727089111850451,1.1047934031966051,-0.33824354410171509,-0.67073464393615723,-0.10596124044555423,nan,9.8898697797166015,13.135080695597836,0.31906875967979431,0.0703125,34,0,1,YES,9.9897410000000519,0.01025899999994806
372,4.2108040210000004,MINUS_10_DIAGNOSTIC_RETURN,J2A,0,1,-0.21622295708653838,1.1047934031966051,-0.32712218165397644,-0.65961328148841858,-0.10420431112773722,nan,8.0334514222042017,13.008132786730194,1.0799249410629272,0.04296875,34,0,1,YES,9.9992829999999699,0.00071700000003005471
373,4.2207870319999996,MINUS_10_DIAGNOSTIC_RETURN,J2A,0,1,-0.20517502305457236,1.1047934031966051,-0.31619253754615784,-0.64868363738059998,-0.10247766906777657,nan,8.0393302199856311,12.469461580794809,0.4908750057220459,0.06640625,34,0,1,YES,9.9830109999992089,0.016989000000791066
374,4.2308047819999999,MINUS_10_DIAGNOSTIC_RETURN,J2A,0,1,-0.19412708902260634,1.1047934031966051,-0.30526289343833923,-0.63775399327278137,-0.10075102700781591,nan,8.9766775439849766,11.752041829963385,1.3989937305450439,0.0390625,34,0,1,YES,10.017750000000269,0.017750000000269495
375,4.2408069289999997,MINUS_10_DIAGNOSTIC_RETURN,J2A,0,1,-0.1830791549906402,1.1047934031966051,-0.29145702719688416,-0.62394812703132629,-0.098570005458391924,nan,10.447884508991891,10.997437374493318,0.7117687463760376,0.04296875,34,0,1,YES,10.002146999999795,0.0021469999997947298
376,4.2508021850000004,MINUS_10_DIAGNOSTIC_RETURN,J2A,0,1,-0.17203122095867429,1.1047934031966051,-0.27707591652870178,-0.60956701636314392,-0.096298108011075273,nan,11.296927206415745,10.460820322765935,1.9880437850952148,0.01953125,34,0,1,YES,9.9952560000007296,0.0047439999992704429
377,4.2608402129999998,MINUS_10_DIAGNOSTIC_RETURN,J2A,0,1,-0.16098328692670816,1.1047934031966051,-0.25713413953781128,-0.58962523937225342,-0.093147748258904053,nan,13.229487538880667,10.351974025556776,1.9880437850952148,0.01171875,34,0,1,YES,10.038027999999422,0.038027999999421525
378,4.2708880469999997,MINUS_10_DIAGNOSTIC_RETURN,J2A,0,1,-0.14993535289474214,1.1047934031966051,-0.23949331045150757,-0.57198441028594971,-0.090360887390195627,nan,14.984224633877123,10.86599739486941,1.0799249410629272,0.0234375,34,0,1,YES,10.047833999999867,0.047833999999866705
379,4.280925774,MINUS_10_DIAGNOSTIC_RETURN,J2A,0,1,-0.13888741886277606,1.1047934031966051,-0.22664618492126465,-0.55913728475570679,-0.08833132567059275,nan,15.085790568987045,11.620637255733866,1.5462563037872314,0.0234375,34,0,1,YES,10.037727000000274,0.037727000000273847
380,4.2909249770000004,MINUS_10_DIAGNOSTIC_RETURN,J2A,0,1,-0.12783948483080998,1.1047934031966051,-0.20977236330509186,-0.542263463139534,-0.085665635019795142,nan,14.894519108638407,12.540054448289757,1.7180625200271606,0.01171875,34,0,1,YES,9.9992030000004561,0.00079699999954385703
381,4.300791727,MINUS_10_DIAGNOSTIC_RETURN,J2A,0,1,-0.1167915507988439,1.1047934031966051,-0.19366553425788879,-0.52615663409233093,-0.083121112232854427,nan,14.187614286114071,13.373924347320816,0.95720624923706055,0.0234375,34,0,1,YES,9.8667499999995911,0.13325000000040887
382,4.3109266589999997,MINUS_10_DIAGNOSTIC_RETURN,J2A,0,1,-0.10574361676687782,1.1047934031966051,-0.18983057141304016,-0.5223216712474823,-0.082515272913569984,nan,11.976582052812562,13.398573204899748,0.46633124351501465,0.08203125,34,0,1,YES,10.134931999999708,0.13493199999970784
383,4.3208393709999999,MINUS_10_DIAGNOSTIC_RETURN,J2A,0,1,-0.094695682734911857,1.1047934031966051,-0.18695434927940369,-0.51944544911384583,-0.082060893424106662,nan,9.0005968071756683,12.877877476928832,0.41724374890327454,0.08203125,34,0,1,YES,9.9127120000002122,0.087287999999787758
384,4.3308389920000003,MINUS_10_DIAGNOSTIC_RETURN,J2A,0,1,-0.083647748702945779,1.1047934031966051,-0.18292763829231262,-0.51541873812675476,-0.081424762138857992,nan,5.4700093948489661,11.910644574036448,0.049087498337030411,0.08203125,34,0,1,YES,9.9996210000004027,0.00037899999959734032
385,4.3409533309999997,MINUS_10_DIAGNOSTIC_RETURN,J2A,0,1,-0.072599814670979756,1.1047934031966051,-0.17698344588279724,-0.50947454571723938,-0.080485711193967108,nan,3.6372329475027008,10.622423220054594,0.44178751111030579,0.08203125,34,0,1,YES,10.114338999999362,0.11433899999936159
386,4.3507915639999997,MINUS_10_DIAGNOSTIC_RETURN,J2A,0,1,-0.061551880639013679,1.1047934031966051,-0.1737237274646759,-0.50621482729911804,-0.079970747772575346,nan,3.8257341399671798,9.1048746113723666,0.098174996674060822,0.1015625,34,0,1,YES,9.838232999999974,0.16176700000002597
387,4.3609274830000002,MINUS_10_DIAGNOSTIC_RETURN,J2A,0,1,-0.050503946607047601,1.1047934031966051,-0.17142274975776672,-0.50391384959220886,-0.079607244181004677,nan,3.6403410958539246,7.4137655115139136,0.34361249208450317,0.109375,34,0,1,YES,10.135919000000548,0.13591900000054835
388,4.3708998189999999,MINUS_10_DIAGNOSTIC_RETURN,J2A,0,1,-0.039456012575081523,1.1047934031966051,-0.17046400904655457,-0.5029551088809967,-0.07945578435118357,nan,2.7572416098101131,5.8781985110108481,-0.19634999334812164,0.1171875,34,0,1,YES,9.972335999999693,0.027664000000306999
389,4.3809385340000002,MINUS_10_DIAGNOSTIC_RETURN,J2A,0,1,-0.028408078543115556,1.1047934031966051,-0.16854652762413025,-0.50103762745857239,-0.079152864691541341,nan,1.8201417842563508,4.5778816320488209,-0.14726249873638153,0.1171875,34,0,1,YES,10.038715000000309,0.038715000000308919
390,4.390828076,MINUS_10_DIAGNOSTIC_RETURN,J2A,0,1,-0.017360144511149478,1.1047934031966051,-0.16662904620170593,-0.49912014603614807,-0.078849945031899127,nan,1.5435157686389487,3.4103230134880156,0,0.12109375,34,0,1,YES,9.8895419999998069,0.11045800000019312
391,4.4007905989999996,MINUS_10_DIAGNOSTIC_RETURN,J2A,0,1,-0.0063122104791833999,1.1047934031966051,-0.16298584640026093,-0.49547694623470306,-0.078274400032632835,nan,1.8805046845487259,2.7315323576492969,0.34361249208450317,0.10546875,34,0,1,YES,9.9625229999995568,0.037477000000443184
392,4.4109203040000002,MINUS_10_DIAGNOSTIC_RETURN,J2A,0,1,0.004735723552782567,1.1047934031966051,-0.15569941699504852,-0.48819051682949066,-0.077123305325992403,nan,3.1826019814435904,2.76192695881964,1.0308375358581543,0.08984375,34,0,1,YES,10.129705000000655,0.12970500000065499
393,4.4208983010000003,MINUS_10_DIAGNOSTIC_RETURN,J2A,0,1,0.015783657584748645,1.1047934031966051,-0.14381103217601776,-0.4763021320104599,-0.075245203436210634,nan,5.4711234926877772,3.1570750006974864,1.1044687032699585,0.0859375,34,0,1,YES,9.9779970000000162,0.022002999999983786
394,4.4309185539999998,MINUS_10_DIAGNOSTIC_RETURN,J2A,0,1,0.026831591616714723,1.1047934031966051,-0.13479888439178467,-0.46728998422622681,-0.073821483389946138,nan,7.4759927244783206,3.6873861246087092,0.7608562707901001,0.08984375,34,0,1,YES,10.020252999999535,0.020252999999534893
395,4.440942422,MINUS_10_DIAGNOSTIC_RETURN,J2A,0,1,0.037879525648680745,1.1047934031966051,-0.12060952186584473,-0.45310062170028687,-0.0715798779085937,nan,9.5327544440932446,4.571293463415377,1.251731276512146,0.05859375,34,0,1,YES,10.023868000000213,0.023868000000213385
396,4.4507903310000003,MINUS_10_DIAGNOSTIC_RETURN,J2A,0,1,0.048927459680646823,1.1047934031966051,-0.10795415192842484,-0.44044525176286697,-0.069580609331982013,nan,10.765387333461891,5.7546444084828776,1.2762750387191772,0.0703125,34,0,1,YES,9.8479090000003211,0.1520909999996789
397,4.460832871,MINUS_10_DIAGNOSTIC_RETURN,J2A,0,1,0.059975393712612901,1.1047934031966051,-0.090313330292701721,-0.42280443012714386,-0.066793749640300562,nan,12.145420480788696,7.2636369422656086,1.3253624439239502,0.0390625,34,0,1,YES,10.042539999999711,0.042539999999711142
398,4.4708272290000002,MINUS_10_DIAGNOSTIC_RETURN,J2A,0,1,0.071023327744578979,1.1047934031966051,-0.072864256799221039,-0.40535535663366318,-0.064037181914583324,nan,13.997113815358125,8.9126599106605067,1.5707999467849731,0.03515625,34,0,1,YES,9.9943580000001475,0.0056419999998524872
399,4.4809190790000004,MINUS_10_DIAGNOSTIC_RETURN,J2A,0,1,0.082071261776545057,1.1047934031966051,-0.056565672159194946,-0.38905677199363708,-0.061462365984651421,nan,14.773929393596976,10.46606198216527,1.4480812549591064,0.05078125,34,0,1,YES,10.091850000000235,0.091850000000235354
400,4.4908949099999997,MINUS_10_DIAGNOSTIC_RETURN,J2A,0,1,0.093119195808511107,1.1047934031966051,-0.037582617253065109,-0.37007371708750725,-0.05846346311973389,nan,15.746986534385082,11.954214482370158,1.9389562606811523,0.0234375,34,0,1,YES,9.9758309999993244,0.024169000000675567
401,4.5007906560000004,MINUS_10_DIAGNOSTIC_RETURN,J2A,0,1,0.10416712984047699,1.1047934031966051,-0.017640819773077965,-0.3501319196075201,-0.055313100130738507,nan,16.349846558140865,13.2930255538423,2.0371313095092773,0.01171875,34,0,1,YES,9.8957460000006492,0.10425399999935081
402,4.5109275240000004,MINUS_10_DIAGNOSTIC_RETURN,J2A,0,1,0.11521506387244307,1.1047934031966051,-0.0047937012277543545,-0.33728480106219649,-0.05328353951459841,nan,15.830960835280328,14.110678604345038,1.1780999898910522,0.05859375,34,0,1,YES,10.136868000000021,0.13686800000002108
403,4.52092239,MINUS_10_DIAGNOSTIC_RETURN,J2A,0,1,0.12626299790440912,1.1047934031966051,0.0084369136020541191,-0.32405418623238802,-0.051193394966529873,nan,14.724544581437472,14.520923140951663,0.83448749780654907,0.04296875,34,0,1,YES,9.9948659999995471,0.0051340000004529429
404,4.5308202099999999,MINUS_10_DIAGNOSTIC_RETURN,J2A,0,1,0.1373109319363752,1.1047934031966051,0.019941797479987144,-0.31254930235445499,-0.049375877744318404,nan,12.775378453841986,14.649551121877851,1.1044687032699585,0.0390625,34,0,1,YES,9.8978199999999461,0.10218000000005389
405,4.5407876810000003,MINUS_10_DIAGNOSTIC_RETURN,J2A,0,1,0.14835886596834108,1.1047934031966054,0.038349609822034836,-0.2941414900124073,-0.046467850483036803,nan,12.387407827474998,14.63249255280725,1.3008188009262085,0.03515625,34,0,1,YES,9.9674710000003941,0.032528999999605901
406,4.5507878460000004,MINUS_10_DIAGNOSTIC_RETURN,J2A,0,1,0.15924108098982773,1.0716496011007075,0.053881201893091202,-0.27860989794135094,-0.044014202416961787,nan,13.385754886011162,14.526598292444788,1.3253624439239502,0.01953125,34,0,1,YES,10.000165000000116,0.0001650000001163221
407,4.5608040299999999,MINUS_10_DIAGNOSTIC_RETURN,J2A,0,1,0.16979185799035523,1.0385057990048092,0.063660353422164917,-0.26883074641227722,-0.042469312741299947,nan,13.103792702069779,14.02040073701915,0.22089375555515289,0.06640625,34,0,1,YES,10.016183999999484,0.016183999999483945
408,4.5708026840000002,MINUS_10_DIAGNOSTIC_RETURN,J2A,0,1,0.18001119696992388,1.0053619969089109,0.072097264230251312,-0.26039383560419083,-0.041136467415901143,nan,11.73346042994101,13.316482840247009,1.1780999898910522,0.05078125,34,0,1,YES,9.9986540000003288,0.0013459999996712213
409,4.5808039359999997,MINUS_10_DIAGNOSTIC_RETURN,J2A,0,1,0.18989909792853354,0.97221819481301286,0.084944382309913635,-0.2475467175245285,-0.039106906873325228,nan,10.079020275234781,12.665580861641326,1.1044687032699585,0.0390625,34,0,1,YES,10.001251999999461,0.0012519999994609066
410,4.5907873950000004,MINUS_10_DIAGNOSTIC_RETURN,J2A,0,1,0.19945556086618424,0.93907439271711468,0.093764796853065491,-0.23872630298137665,-0.037713476438971022,nan,9.1466787736732638,11.878492219887477,0.78539997339248657,0.05078125,34,0,1,YES,9.9834590000007495,0.016540999999250516
411,4.6009116099999998,MINUS_10_DIAGNOSTIC_RETURN,J2A,0,1,0.2086805857828759,0.90593059062121639,0.1046944335103035,-0.22779666632413864,-0.035986835556037329,nan,9.3710062983110092,11.234981996920508,0.39269998669624329,0.05078125,34,0,1,YES,10.124214999999381,0.12421499999938135
412,4.6110081039999997,MINUS_10_DIAGNOSTIC_RETURN,J2A,0,1,0.21757417267860857,0.87278678852531821,0.10737890750169754,-0.2251121923327446,-0.03556274803253822,nan,8.1293041704972602,10.516869668080243,0.12271875143051147,0.1015625,34,0,1,YES,10.0964939999999,0.096493999999900382
413,4.6209642239999997,MINUS_10_DIAGNOSTIC_RETURN,J2A,0,1,0.22613632155338226,0.83964298642942004,0.10757065564393997,-0.22492044419050217,-0.035532456066574,nan,5.3021827822373924,9.4116344383011903,-0.22089375555515289,0.1015625,34,0,1,YES,9.9561200000000127,0.043879999999987263
414,4.6309645589999997,MINUS_10_DIAGNOSTIC_RETURN,J2A,0,1,0.23436703240719697,0.80649918433352186,0.10872114449739456,-0.22376995533704758,-0.035350704270788666,nan,2.961807775011716,8.0868115664111446,0,0.1015625,34,0,1,YES,10.000334999999971,0.00033499999997133045
415,4.6409635160000002,MINUS_10_DIAGNOSTIC_RETURN,J2A,0,1,0.24226630524005266,0.77335538223762368,0.10910464078187943,-0.22338645905256271,-0.035290120338860226,nan,0.92003662667630393,6.5276874131245064,-0.19634999334812164,0.109375,34,0,1,YES,9.9989570000005301,0.0010429999994698846
416,4.6509291829999997,MINUS_10_DIAGNOSTIC_RETURN,J2A,0,1,0.24983414005194934,0.7402115801417255,0.10929638892412186,-0.22319471091032028,-0.035259828372896006,nan,0.48681616349460383,5.1542359304806498,0.12271875143051147,0.109375,34,0,1,YES,9.9656669999994563,0.034333000000543734
417,4.660913045,MINUS_10_DIAGNOSTIC_RETURN,J2A,0,1,0.25707053684288722,0.70706777804582743,0.10948813706636429,-0.22300296276807785,-0.035229536406931779,nan,0.39983886376620426,3.9712294238116832,-0.14726249873638153,0.109375,34,0,1,YES,9.9838620000003431,0.016137999999656927
418,4.6709148789999997,MINUS_10_DIAGNOSTIC_RETURN,J2A,0,1,0.26397549561286593,0.67392397594992925,0.10967988520860672,-0.22281121462583542,-0.035199244440967559,nan,0.20858892326605324,2.8199298032114899,-0.46633124351501465,0.109375,34,0,1,YES,10.001833999999654,0.0018339999996541678
419,4.6809647720000003,MINUS_10_DIAGNOSTIC_RETURN,J2A,0,1,0.27054901636188583,0.64078017385403097,0.11006338149309158,-0.22242771834135056,-0.035138660509039119,nan,0.20834840961972881,1.7200549593165646,0,0.109375,34,0,1,YES,10.049893000000587,0.049893000000587051
420,4.6909816649999998,MINUS_10_DIAGNOSTIC_RETURN,J2A,0,1,0.2767910990899467,0.60763637175813279,0.11083037406206131,-0.22166072577238083,-0.035017492645182224,nan,0.32932907781922177,0.97247490378420909,-0.098174996674060822,0.10546875,34,0,1,YES,10.016892999999527,0.016892999999527092
421,4.7009120810000002,MINUS_10_DIAGNOSTIC_RETURN,J2A,0,1,0.28270174379704843,0.57449256966223539,0.1114056184887886,-0.22108548134565353,-0.034926616747289564,nan,0.450875453392721,0.47038930786871519,-0.073631249368190765,0.109375,34,0,1,YES,9.9304160000004416,0.069583999999558444
422,4.7109268210000002,MINUS_10_DIAGNOSTIC_RETURN,J2A,0,1,0.28828095048319113,0.54134876756633721,0.11159736663103104,-0.2208937332034111,-0.034896324781325337,nan,0.46873368632642054,0.37097878427740177,0.024543749168515205,0.125,34,0,1,YES,10.014739999999911,0.014739999999910935
423,4.7209656469999999,MINUS_10_DIAGNOSTIC_RETURN,J2A,0,1,0.29352871914837503,0.50820496547043903,0.1119808629155159,-0.22051023691892624,-0.034835740849396897,nan,0.41668442116307758,0.36294744851632338,-0.024543749168515205,0.12109375,34,0,1,YES,10.038825999999723,0.038825999999723138
424,4.7309663989999997,MINUS_10_DIAGNOSTIC_RETURN,J2A,0,1,0.29844504979259995,0.47506116337454085,0.11293959617614746,-0.21955150365829468,-0.034684282196602752,nan,0.43379364852518876,0.36604638117904276,0.12271875143051147,0.109375,34,0,1,YES,10.000751999999835,0.00075199999983510679
425,4.7409121179999998,MINUS_10_DIAGNOSTIC_RETURN,J2A,0,1,0.30302994241586584,0.44191736127864267,0.11466532945632935,-0.21782577037811279,-0.03441165450292475,nan,0.71085383952655201,0.45279355193258375,0.12271875143051147,0.1015625,34,0,1,YES,9.945719000000075,0.054280999999924973
426,4.7510110990000003,MINUS_10_DIAGNOSTIC_RETURN,J2A,0,1,0.30728339701817292,0.40877355918274449,0.11926728487014771,-0.21322381496429443,-0.033684647319783427,nan,1.6304224295306133,0.69878172540697936,0.46633124351501465,0.0859375,34,0,1,YES,10.098981000000506,0.098981000000506469
427,4.7608138310000001,MINUS_10_DIAGNOSTIC_RETURN,J2A,0,1,0.31120541359952086,0.37562975708684626,0.12885469198226929,-0.20363640785217285,-0.032170049021572326,nan,3.6326616219390937,1.2647306767520328,1.3253624439239502,0.06640625,34,0,1,YES,9.8027319999998141,0.19726800000018585
428,4.7708044269999998,MINUS_10_DIAGNOSTIC_RETURN,J2A,0,1,0.31479599215990978,0.34248595499094814,0.13882558047771454,-0.1936655193567276,-0.03059486914548671,nan,5.9919018568923956,2.0907359567823001,1.0553812980651855,0.05859375,34,0,1,YES,9.9905959999997407,0.009404000000259316
429,4.7808058750000004,MINUS_10_DIAGNOSTIC_RETURN,J2A,0,1,0.31805513269933988,0.3093421528950499,0.15186445415019989,-0.18062664568424225,-0.028535015459919613,nan,8.5388601945498444,3.2232154553483872,1.6444312334060669,0.0234375,34,0,1,YES,10.001448000000579,0.0014480000005789861
430,4.7907876979999999,MINUS_10_DIAGNOSTIC_RETURN,J2A,0,1,0.32098283521781079,0.27619835079915178,0.16145186126232147,-0.17103923857212067,-0.027020417161708516,nan,9.7649157964104312,4.4223533580386567,0,0.0703125,34,0,1,YES,9.9818229999995012,0.018177000000498822
431,4.8008042849999999,MINUS_10_DIAGNOSTIC_RETURN,J2A,0,1,0.32357909971532289,0.24305454870325355,0.16298584640026093,-0.16950525343418121,-0.026778081433994738,nan,8.2290505416638258,5.2981325085160123,0.098174996674060822,0.08984375,34,0,1,YES,10.016586999999966,0.016586999999965713
432,4.8108122809999996,MINUS_10_DIAGNOSTIC_RETURN,J2A,0,1,0.32584392619187585,0.2099107466073554,0.16394458711147308,-0.16854651272296906,-0.026626621604173627,nan,5.5520196147944345,5.8134964362553623,0,0.08984375,34,0,1,YES,10.007995999999686,0.007995999999685921
433,4.8208033080000003,MINUS_10_DIAGNOSTIC_RETURN,J2A,0,1,0.32777731464746995,0.17676694451145719,0.16567030549049377,-0.16682079434394836,-0.02635399626454956,nan,2.7238174657320511,5.975115350659042,0.34361249208450317,0.0859375,34,0,1,YES,9.9910270000007628,0.0089729999992371745
434,4.8308042059999998,MINUS_10_DIAGNOSTIC_RETURN,J2A,0,1,0.32937926508210508,0.14362314241555901,0.16854652762413025,-0.16394457221031189,-0.025899616775086232,nan,1.5267526643236431,5.8259148056169767,0.6626812219619751,0.07421875,34,0,1,YES,10.000897999999481,0.00089799999948070308
435,4.8407877819999996,MINUS_10_DIAGNOSTIC_RETURN,J2A,0,1,0.33064977749578117,0.11047934031966085,0.17257323861122131,-0.15991786122322083,-0.025263485489837569,nan,2.1528451787523166,5.4237860240719424,0.29452499747276306,0.0546875,34,0,1,YES,9.983575999999772,0.016424000000228034
436,4.85081016,MINUS_10_DIAGNOSTIC_RETURN,J2A,0,1,0.33158885188849829,0.07733553822376267,0.17755869030952454,-0.1549324095249176,-0.024475894374767795,nan,3.0901963516327409,4.8216405360141126,0.34361249208450317,0.05859375,34,0,1,YES,10.022378000000387,0.022378000000387033
437,4.8607877029999997,MINUS_10_DIAGNOSTIC_RETURN,J2A,0,1,0.33219648826025644,0.044191736127864485,0.17947617173194885,-0.15301492810249329,-0.024172974715125577,nan,3.3160150510904787,4.0080206580570117,-0.22089375555515289,0.07421875,34,0,1,YES,9.9775429999997556,0.02245700000024442
438,4.8708034319999998,MINUS_10_DIAGNOSTIC_RETURN,J2A,0,1,0.33247268661105556,0.011047934031966305,0.18005141615867615,-0.15243968367576599,-0.02408209881723291,nan,2.7075814449653093,3.1983290028250293,0.14726249873638153,0.0859375,34,0,1,YES,10.015729000000029,0.015729000000028748
439,4.8808039580000004,MINUS_10_DIAGNOSTIC_RETURN,J2A,0,1,0.33249109983444214,0,0.18043491244316101,-0.15205618739128113,-0.024021514885304466,nan,1.6485235914046679,2.4755744267533815,0,0.0859375,34,0,1,YES,10.000526000000676,0.00052600000067570818
440,4.8908056660000003,MINUS_10_DIAGNOSTIC_RETURN_HOLD,J2A,0,1,0.33249109983444214,0,0.18062666058540344,-0.1518644392490387,-0.023991222919340246,nan,0.64199889554495648,2.0620900391428112,-0.24543750286102295,0.07421875,34,0,1,YES,10.001707999999887,0.0017079999998870221
441,4.900786954,MINUS_10_DIAGNOSTIC_RETURN_HOLD,J2A,0,1,0.33249109983444214,0,0.18062666058540344,-0.1518644392490387,-0.023991222919340246,nan,0.26039701227798262,1.8856857376325136,-0.39269998669624329,0.0859375,34,0,1,YES,9.981287999999644,0.018712000000355999
442,4.9107870179999997,MINUS_10_DIAGNOSTIC_RETURN_HOLD,J2A,0,1,0.33249109983444214,0,0.18101015686988831,-0.15148094296455383,-0.023930638987411799,nan,0.19102770639553043,1.6427704784045849,-0.26998123526573181,0.07421875,34,0,1,YES,10.000063999999753,6.3999999753150405e-05
443,4.9208034490000001,MINUS_10_DIAGNOSTIC_RETURN_HOLD,J2A,0,1,0.33249109983444214,0,0.18120190501213074,-0.1512891948223114,-0.023900347021447579,nan,0.17361241555863374,1.306516839626938,-0.17180624604225159,0.07421875,34,0,1,YES,10.016431000000381,0.016431000000380891
444,4.9308034239999996,MINUS_10_DIAGNOSTIC_RETURN_HOLD,J2A,0,1,0.33249109983444214,0,0.18139365315437317,-0.15109744668006897,-0.023870055055483355,nan,0.19090907645148841,0.9214575117824636,0.024543749168515205,0.08203125,34,0,1,YES,9.9999749999994947,2.5000000505315256e-05
445,4.9409377560000003,MINUS_10_DIAGNOSTIC_RETURN_HOLD,J2A,0,1,0.33249109983444214,0,0.18139365315437317,-0.15109744668006897,-0.023870055055483355,nan,0.17287562927280409,0.54860575590648475,-0.049087498337030411,0.07421875,34,0,1,YES,10.13433200000069,0.13433200000068979
446,4.9507904839999997,MINUS_10_DIAGNOSTIC_RETURN_HOLD,J2A,0,1,0.33249109983444214,0,0.1815854012966156,-0.15090569853782654,-0.023839763089519135,nan,0.12125498337924652,0.27752918045323982,0.024543749168515205,0.08203125,34,0,1,YES,9.8527279999993667,0.14727200000063334
447,4.9608891310000001,MINUS_10_DIAGNOSTIC_RETURN_HOLD,J2A,0,1,0.33249109983444214,0,0.1815854012966156,-0.15090569853782654,-0.023839763089519135,nan,0.086558715169281195,0.17813361749089637,0.12271875143051147,0.08203125,34,0,1,YES,10.098647000000405,0.098647000000404717
448,4.9709322130000002,MINUS_10_DIAGNOSTIC_RETURN_HOLD,J2A,0,1,0.33249109983444214,0,0.18139365315437317,-0.15109744668006897,-0.023870055055483355,nan,0.017177005364654923,0.13235127962745494,-0.26998123526573181,0.0859375,34,0,1,YES,10.043082000000148,0.043082000000147502
449,4.980843031,MINUS_10_DIAGNOSTIC_RETURN_HOLD,J2A,0,1,0.33249109983444214,0,0.1815854012966156,-0.15090569853782654,-0.023839763089519135,nan,0.017176155457913421,0.10716335791174965,0.098174996674060822,0.07421875,34,0,1,YES,9.9108179999998214,0.089182000000178618
450,4.9909260609999997,MINUS_10_DIAGNOSTIC_RETURN_HOLD,J2A,0,1,0.33249109983444214,0,0.18139365315437317,-0.15109744668006897,-0.023870055055483355,nan,-0.034738989112816081,0.080346571964306987,-0.36815625429153442,0.08203125,34,0,1,YES,10.08302999999966,0.083029999999659765
451,5.0009231300000003,MINUS_10_DIAGNOSTIC_RETURN_HOLD,J2A,0,1,0.33249109983444214,0,0.18139365315437317,-0.15109744668006897,-0.023870055055483355,nan,-0.034795959949720207,0.055133488024620113,-0.39269998669624329,0.07421875,34,0,1,YES,9.9970690000006357,0.0029309999993643032
452,5.0109243460000004,MINUS_10_DIAGNOSTIC_RETURN_HOLD,J2A,0,1,0.33249109983444214,0,0.1815854012966156,-0.15090569853782654,-0.023839763089519135,nan,0.017243237709164829,0.031502812434443729,-0.12271875143051147,0.07421875,34,0,1,YES,10.001216000000035,0.0012160000000349669
453,5.0209307030000003,MINUS_10_DIAGNOSTIC_RETURN_HOLD,J2A,0,1,0.33249109983444214,0,0.1815854012966156,-0.15090569853782654,-0.023839763089519135,nan,0.017243484445536854,0.018896271260050362,-0.098174996674060822,0.08203125,34,0,1,YES,10.006356999999966,0.0063569999999657512
454,5.0309727119999996,MINUS_10_DIAGNOSTIC_RETURN_HOLD,J2A,0,1,0.33249109983444214,0,0.18177714943885803,-0.15071395039558411,-0.023809471123554912,nan,0.086707251161375357,0.018896103751435776,0.29452499747276306,0.08203125,34,0,1,YES,10.042008999999297,0.042008999999296748
455,5.0409339089999996,MINUS_10_DIAGNOSTIC_RETURN_HOLD,J2A,0,1,0.33249109983444214,0,0.1815854012966156,-0.15090569853782654,-0.023839763089519135,nan,0.052081186854965426,0.01574954857546515,-0.024543749168515205,0.0703125,34,0,1,YES,9.9611969999999772,0.038803000000022791
456,5.0508262410000002,MINUS_10_DIAGNOSTIC_RETURN_HOLD,J2A,0,1,0.33249109983444214,0,0.1815854012966156,-0.15090569853782654,-0.023839763089519135,nan,9.6053012727376929e-05,0.011030009493578186,-0.098174996674060822,0.07421875,34,0,1,YES,9.8923320000006143,0.1076679999993857
457,5.0608419490000003,MINUS_10_DIAGNOSTIC_RETURN_HOLD,J2A,0,1,0.33249109983444214,0,0.1815854012966156,-0.15090569853782654,-0.023839763089519135,nan,-0.017343833037705772,0.014207619455246512,-0.17180624604225159,0.08203125,34,0,1,YES,10.015708000000068,0.015708000000067557
458,5.0707892230000002,MINUS_10_DIAGNOSTIC_RETURN_HOLD,J2A,0,1,0.33249109983444214,0,0.1815854012966156,-0.15090569853782654,-0.023839763089519135,nan,-0.034857761076728395,0.017382959739209326,-0.098174996674060822,0.0703125,34,0,1,YES,9.9472739999999504,0.052726000000049567
459,5.0809025930000002,MINUS_10_DIAGNOSTIC_RETURN_HOLD,J2A,0,1,0.33249109983444214,0,0.1815854012966156,-0.15090569853782654,-0.023839763089519135,nan,0,0.011060979724071522,-0.049087498337030411,0.08203125,34,0,1,YES,10.11337000000001,0.11337000000001041
460,5.0907901820000001,MINUS_10_DIAGNOSTIC_RETURN_HOLD,J2A,0,1,0.33249109983444214,0,0.1815854012966156,-0.15090569853782654,-0.023839763089519135,nan,0,0.012658543622943091,-0.098174996674060822,0.0703125,34,0,1,YES,9.8875889999998634,0.1124110000001366
461,5.1009214780000001,MINUS_10_DIAGNOSTIC_RETURN_HOLD,J2A,0,1,0.33249109983444214,0,0.1815854012966156,-0.15090569853782654,-0.023839763089519135,nan,0,0.0047506644955263855,-0.12271875143051147,0.08203125,34,0,1,YES,10.131295999999956,0.13129599999995634
462,5.1109320360000003,MINUS_10_DIAGNOSTIC_RETURN_HOLD,J2A,0,1,0.33249109983444214,0,0.18139365315437317,-0.15109744668006897,-0.023870055055483355,nan,-0.034613226153611273,-0.012630922065716038,-0.51541876792907715,0.07421875,34,0,1,YES,10.01055800000028,0.010558000000280288
463,5.1209244260000002,MINUS_10_DIAGNOSTIC_RETURN_HOLD,J2A,0,1,0.33249109983444214,0,0.1815854012966156,-0.15090569853782654,-0.023839763089519135,nan,-0.017357140610635577,-0.012621666797899117,-0.24543750286102295,0.08203125,34,0,1,YES,9.9923899999998511,0.0076100000001488866
464,5.130839463,MINUS_10_DIAGNOSTIC_RETURN_HOLD,J2A,0,1,0.33249109983444214,0,0.1815854012966156,-0.15090569853782654,-0.023839763089519135,nan,-8.7501812447663265e-05,-0.012621297918677247,-0.24543750286102295,0.08203125,34,0,1,YES,9.9150369999998489,0.084963000000151112
465,5.1409266599999999,MINUS_10_DIAGNOSTIC_RETURN_HOLD,J2A,0,1,0.33249109983444214,0,0.18177714943885803,-0.15071395039558411,-0.023809471123554912,nan,0.052144141257346358,0.0047277091336078896,0.12271875143051147,0.07421875,34,0,1,YES,10.087196999999826,0.087196999999825664
466,5.1509288450000001,MINUS_10_DIAGNOSTIC_RETURN_HOLD,J2A,0,1,0.33249109983444214,0,0.1815854012966156,-0.15090569853782654,-0.023839763089519135,nan,0.052062714544351463,0.0047223955902181642,0.12271875143051147,0.0859375,34,0,1,YES,10.002185000000274,0.0021850000002743286
467,5.1608893919999996,MINUS_10_DIAGNOSTIC_RETURN_HOLD,J2A,0,1,0.33249109983444214,0,0.1815854012966156,-0.15090569853782654,-0.023839763089519135,nan,4.3204400621830762e-05,0.0047242710676196047,-0.24543750286102295,0.08203125,34,0,1,YES,9.9605469999994867,0.039453000000513327
468,5.1709310530000003,MINUS_10_DIAGNOSTIC_RETURN_HOLD,J2A,0,1,0.33249109983444214,0,0.18177714943885803,-0.15071395039558411,-0.023809471123554912,nan,0.017394614337157836,0.012605668922631905,0.12271875143051147,0.0703125,34,0,1,YES,10.041661000000701,0.041661000000701165
469,5.1809290829999997,MINUS_10_DIAGNOSTIC_RETURN_HOLD,J2A,0,1,0.33249109983444214,0,0.18177714943885803,-0.15071395039558411,-0.023809471123554912,nan,0.017394808084294014,0.01892151724730139,0.098174996674060822,0.08203125,34,0,1,YES,9.998029999999325,0.0019700000006750429
470,5.1908345210000002,MINUS_10_DIAGNOSTIC_RETURN_HOLD,J2A,0,1,0.33249109983444214,0,0.18177714943885803,-0.15071395039558411,-0.023809471123554912,nan,0.052200500185798498,0.023656278601498479,0.19634999334812164,0.08203125,34,0,1,YES,9.9054380000005438,0.094561999999456248
471,5.2007901089999997,MINUS_10_DIAGNOSTIC_RETURN_HOLD,J2A,0,1,0.33249109983444214,0,0.18196889758110046,-0.15052220225334167,-0.023779179157590691,nan,0.069661844570060485,0.034735403688938696,0.4908750057220459,0.08203125,34,0,1,YES,9.9555879999995156,0.044412000000484397
472,5.2109261589999996,MINUS_10_DIAGNOSTIC_RETURN_HOLD,J2A,0,1,0.33249109983444214,0,0.18177714943885803,-0.15071395039558411,-0.023809471123554912,nan,0.01724722752068604,0.034720128614065461,0.049087498337030411,0.08203125,34,0,1,YES,10.136049999999841,0.13604999999984102
473,5.2209248150000001,MINUS_10_DIAGNOSTIC_RETURN_HOLD,J2A,0,1,0.33249109983444214,0,0.18139365315437317,-0.15109744668006897,-0.023870055055483355,nan,-0.06961715355493106,0.0078657548458190597,-0.7608562707901001,0.07421875,34,0,1,YES,9.9986560000004943,0.0013439999995057406
474,5.2309291880000002,MINUS_10_DIAGNOSTIC_RETURN_HOLD,J2A,0,1,0.33249109983444214,0,0.18177714943885803,-0.15071395039558411,-0.023809471123554912,nan,-0.052039838668704173,0.0062882809756212195,-0.049087498337030411,0.0703125,34,0,1,YES,10.004373000000122,0.0043730000001218627
475,5.2409319830000003,MINUS_10_DIAGNOSTIC_RETURN_HOLD,J2A,0,1,0.33249109983444214,0,0.18177714943885803,-0.15071395039558411,-0.023809471123554912,nan,-0.034788059759713399,0.0031294677298768603,0.12271875143051147,0.0859375,34,0,1,YES,10.00279500000012,0.002795000000119785
476,5.25079209,MINUS_10_DIAGNOSTIC_RETURN_HOLD,J2A,0,1,0.33249109983444214,0,0.1815854012966156,-0.15090569853782654,-0.023839763089519135,nan,0.00010611331291242253,-1.635591395381757e-05,-0.29452499747276306,0.08203125,34,0,1,YES,9.8601069999997293,0.13989300000027072
477,5.2608149219999998,MINUS_10_DIAGNOSTIC_RETURN_HOLD,J2A,0,1,0.33249109983444214,0,0.18177714943885803,-0.15071395039558411,-0.023809471123554912,nan,0.052431012459075194,-0.0031744294315129411,0.12271875143051147,0.07421875,34,0,1,YES,10.022831999999759,0.022831999999759489
478,5.2708056340000002,MINUS_10_DIAGNOSTIC_RETURN_HOLD,J2A,0,1,0.33249109983444214,0,0.1815854012966156,-0.15090569853782654,-0.023839763089519135,nan,-0.034770562513878042,-0.01581045972368407,-0.39269998669624329,0.08203125,34,0,1,YES,9.9907120000004568,0.0092879999995432172
479,5.280813663,MINUS_10_DIAGNOSTIC_RETURN_HOLD,J2A,0,1,0.33249109983444214,0,0.1815854012966156,-0.15090569853782654,-0.023839763089519135,nan,-0.034721436178448743,-0.018967118218746644,-0.24543750286102295,0.0859375,34,0,1,YES,10.008028999999752,0.008028999999751818
480,5.2908064990000003,MINUS_10_DIAGNOSTIC_RETURN_HOLD,J2A,0,1,0.33249109983444214,0,0.1815854012966156,-0.15090569853782654,-0.023839763089519135,nan,-0.017331948949854761,-0.020543056017509199,-0.24543750286102295,0.08203125,34,0,1,YES,9.992836000000338,0.0071639999996619963
481,5.3007872479999998,MINUS_10_DIAGNOSTIC_RETURN_HOLD,J2A,0,1,0.33249109983444214,0,0.1815854012966156,-0.15090569853782654,-0.023839763089519135,nan,-0.034733675870515617,-0.020552876454227702,-0.17180624604225159,0.08203125,34,0,1,YES,9.9807489999994559,0.019251000000544138
482,5.3107874979999998,MINUS_10_DIAGNOSTIC_RETURN_HOLD,J2A,0,1,0.33249109983444214,0,0.18196889758110046,-0.15052220225334167,-0.023779179157590691,nan,0.069467352591727732,0.0063349448263284418,0.39269998669624329,0.08203125,34,0,1,YES,10.000250000000044,0.00025000000004382628
483,5.3208027150000001,MINUS_10_DIAGNOSTIC_RETURN_HOLD,J2A,0,1,0.33249109983444214,0,0.1815854012966156,-0.15090569853782654,-0.023839763089519135,nan,0.03469865147031774,0.0079090382188385273,-0.19634999334812164,0.08203125,34,0,1,YES,10.015217000000298,0.015217000000298242
484,5.3308121799999997,MINUS_10_DIAGNOSTIC_RETURN_HOLD,J2A,0,1,0.33249109983444214,0,0.1815854012966156,-0.15090569853782654,-0.023839763089519135,nan,-4.0695361066595692e-05,-0.0078865850437853519,-0.24543750286102295,0.08203125,34,0,1,YES,10.009464999999551,0.0094649999995510825
485,5.3408092219999999,MINUS_10_DIAGNOSTIC_RETURN_HOLD,J2A,0,1,0.33249109983444214,0,0.18177714943885803,-0.15071395039558411,-0.023809471123554912,nan,-2.6171302730605778e-05,0.001588596846287577,0.098174996674060822,0.08203125,34,0,1,YES,9.9970420000001781,0.0029579999998219364
486,5.3508052729999998,MINUS_10_DIAGNOSTIC_RETURN_HOLD,J2A,0,1,0.33249109983444214,0,0.1815854012966156,-0.15090569853782654,-0.023839763089519135,nan,-0.052069215208285169,0.0031532586832112219,-0.24543750286102295,0.07421875,34,0,1,YES,9.9960509999998948,0.0039490000001052294
487,5.3608064239999997,MINUS_10_DIAGNOSTIC_RETURN_HOLD,J2A,0,1,0.33249109983444214,0,0.18177714943885803,-0.15071395039558411,-0.023809471123554912,nan,0.034713971119219658,0.0047309211065670953,0.049087498337030411,0.07421875,34,0,1,YES,10.001150999999986,0.0011509999999859133
488,5.3708029059999998,MINUS_10_DIAGNOSTIC_RETURN_HOLD,J2A,0,1,0.33249109983444214,0,0.18177714943885803,-0.15071395039558411,-0.023809471123554912,nan,0.034721562273224663,0.014195966538227845,0.12271875143051147,0.0859375,34,0,1,YES,9.9964820000000287,0.0035179999999712663
489,5.38080464,MINUS_10_DIAGNOSTIC_RETURN_HOLD,J2A,0,1,0.33249109983444214,0,0.1815854012966156,-0.15090569853782654,-0.023839763089519135,nan,-0.017357464083378734,0.0063070564766463926,-0.31906875967979431,0.0703125,34,0,1,YES,10.001734000000262,0.0017340000002619149
490,5.3908053520000001,MINUS_10_DIAGNOSTIC_RETURN_HOLD,J2A,0,1,0.33249109983444214,0,0.18177714943885803,-0.15071395039558411,-0.023809471123554912,nan,0.017356452174304256,0.0063072591997439306,0.098174996674060822,0.0703125,34,0,1,YES,10.000712000000078,0.00071200000007820563
491,5.400804129,MINUS_10_DIAGNOSTIC_RETURN_HOLD,J2A,0,1,0.33249109983444214,0,0.18177714943885803,-0.15071395039558411,-0.023809471123554912,nan,8.7130945883768171e-08,0.004729961050801825,0.12271875143051147,0.08203125,34,0,1,YES,9.9987769999998477,0.0012230000001522967
492,5.4108043869999998,MINUS_10_DIAGNOSTIC_RETURN_HOLD,J2A,0,1,0.33249109983444214,0,0.1815854012966156,-0.15090569853782654,-0.023839763089519135,nan,-0.017355967990606139,-0.0063146250414640439,-0.24543750286102295,0.07421875,34,0,1,YES,10.000257999999818,0.00025799999981757082
493,5.4208033909999997,MINUS_10_DIAGNOSTIC_RETURN_HOLD,J2A,0,1,0.33249109983444214,0,0.1815854012966156,-0.15090569853782654,-0.023839763089519135,nan,-0.017355968004601343,0.001578023613931716,-0.19634999334812164,0.07421875,34,0,1,YES,9.999003999999978,0.0009960000000219793
494,5.430804288,MINUS_10_DIAGNOSTIC_RETURN_HOLD,J2A,0,1,0.33249109983444214,0,0.1815854012966156,-0.15090569853782654,-0.023839763089519135,nan,-0.052069542174850568,-0.0063120921436064297,-0.24543750286102295,0.08984375,34,0,1,YES,10.000897000000286,0.00089700000028614113
495,5.4408114320000003,MINUS_10_DIAGNOSTIC_RETURN_HOLD,J2A,0,1,0.33249109983444214,0,0.18120190501213074,-0.1512891948223114,-0.023900347021447579,nan,-0.10412881823984124,-0.029980379680471136,-0.9326624870300293,0.07421875,34,0,1,YES,10.007144000000245,0.0071440000002453985
496,5.4507905939999999,MINUS_10_DIAGNOSTIC_RETURN_HOLD,J2A,0,1,0.33249109983444214,0,0.18177714943885803,-0.15071395039558411,-0.023809471123554912,nan,-5.1136227520412713e-05,-0.017361646592493903,0.17180624604225159,0.08203125,34,0,1,YES,9.9791619999995973,0.020838000000402701
497,5.4608062329999996,MINUS_10_DIAGNOSTIC_RETURN_HOLD,J2A,0,1,0.33249109983444214,0,0.1815854012966156,-0.15090569853782654,-0.023839763089519135,nan,0.017308311250903374,-0.022094797676999314,-0.29452499747276306,0.08203125,34,0,1,YES,10.015638999999688,0.015638999999687542
498,5.4708033660000002,MINUS_10_DIAGNOSTIC_RETURN_HOLD,J2A,0,1,0.33249109983444214,0,0.1815854012966156,-0.15090569853782654,-0.023839763089519135,nan,0.034666426808152219,-0.017360988799886408,-0.4908750057220459,0.0859375,34,0,1,YES,9.997133000000602,0.00286699999939799
499,5.4808048029999998,MINUS_10_DIAGNOSTIC_RETURN_HOLD,J2A,0,1,0.33249109983444214,0,0.18177714943885803,-0.15071395039558411,-0.023809471123554912,nan,0.086733240737186773,-0.0031598169440301672,0.12271875143051147,0.0703125,34,0,1,YES,10.001436999999669,0.0014369999996688421
500,5.4908057299999999,MINUS_10_DIAGNOSTIC_RETURN_HOLD,J2A,0,1,0.33249109983444214,0,0.1815854012966156,-0.15090569853782654,-0.023839763089519135,nan,-0.017361435681280967,-0.0063154452893499427,-0.26998123526573181,0.07421875,34,0,1,YES,10.000927000000104,0.000927000000103817
501,5.5007875999999998,MINUS_10_DIAGNOSTIC_RETURN_HOLD,J2A,0,1,0.33249109983444214,0,0.18177714943885803,-0.15071395039558411,-0.023809471123554912,nan,0.034717708565207027,0.0078838633051317424,0.024543749168515205,0.0703125,34,0,1,YES,9.9818699999998373,0.018130000000162738
502,5.5108045140000002,MINUS_10_DIAGNOSTIC_RETURN_HOLD,J2A,0,1,0.33249109983444214,0,0.18177714943885803,-0.15071395039558411,-0.023809471123554912,nan,0.034710764033663619,0.022085499558961545,0.12271875143051147,0.08203125,34,0,1,YES,10.016914000000376,0.016914000000376461
503,5.520802378,MINUS_10_DIAGNOSTIC_RETURN_HOLD,J2A,0,1,0.33249109983444214,0,0.18177714943885803,-0.15071395039558411,-0.023809471123554912,nan,0.017349918200965354,0.026818968789836743,0.14726249873638153,0.08203125,34,0,1,YES,9.9978639999998009,0.0021360000001990898
504,5.5308017459999999,MINUS_10_DIAGNOSTIC_RETURN_HOLD,J2A,0,1,0.33249109983444214,0,0.18177714943885803,-0.15071395039558411,-0.023809471123554912,nan,0.034698040862916543,0.029974639092801982,-0.24543750286102295,0.07421875,34,0,1,YES,9.9993679999998974,0.00063200000010255053
505,5.5409330619999997,MINUS_10_DIAGNOSTIC_RETURN_HOLD,J2A,0,1,0.33249109983444214,0,0.18177714943885803,-0.15071395039558411,-0.023809471123554912,nan,0,0.031525656854568332,0.12271875143051147,0.08203125,34,0,1,YES,10.131315999999835,0.13131599999983479
506,5.5507896399999996,MINUS_10_DIAGNOSTIC_RETURN_HOLD,J2A,0,1,0.33249109983444214,0,0.18177714943885803,-0.15071395039558411,-0.023809471123554912,nan,0,0.012614425074215185,0.12271875143051147,0.08203125,34,0,1,YES,9.8565779999999492,0.14342200000005079
507,5.5609330339999996,MINUS_10_DIAGNOSTIC_RETURN_HOLD,J2A,0,1,0.33249109983444214,0,0.18177714943885803,-0.15071395039558411,-0.023809471123554912,nan,0,0.017334668959251641,0.098174996674060822,0.08203125,34,0,1,YES,10.143393999999972,0.14339399999997227
508,5.5708401619999997,MINUS_10_DIAGNOSTIC_RETURN_HOLD,J2A,0,1,0.33249109983444214,0,0.1815854012966156,-0.15090569853782654,-0.023839763089519135,nan,-0.034624564892048897,0.0047307864221125895,-0.17180624604225159,0.08203125,34,0,1,YES,9.9071280000000428,0.092871999999957211
509,5.5808466550000002,MINUS_10_DIAGNOSTIC_RETURN_HOLD,J2A,0,1,0.33249109983444214,0,0.18139365315437317,-0.15109744668006897,-0.023870055055483355,nan,-0.08686610836166353,-0.015754749823066967,-0.53996247053146362,0.08203125,34,0,1,YES,10.00649300000056,0.0064930000005603006
510,5.5833763850000002,FINAL_BRAKE,J2A,0,0,0,0,0.18177714943885803,-0.15071395039558411,-0.023809471123554912,nan,-0.08686610836166353,-0.015754749823066967,0.12271875143051147,0.0703125,34,0,1,YES,nan,nan
510,5.5944568480000001,FINAL_BRAKE,J2A,0,0,0,0,0.18043491244316101,-0.15205618739128113,-0.024021514885304466,nan,-0.08686610836166353,-0.015754749823066967,-0.073631249368190765,0,34,0,1,YES,nan,nan
510,5.6065114380000001,FINAL_BRAKE,J2A,0,0,0,0,0.17985966801643372,-0.15263143181800842,-0.024112390783197133,nan,-0.08686610836166353,-0.015754749823066967,-0.19634999334812164,0,34,0,1,YES,nan,nan
510,5.6174043820000001,FINAL_BRAKE,J2A,0,0,0,0,0.17947617173194885,-0.15301492810249329,-0.024172974715125577,nan,-0.08686610836166353,-0.015754749823066967,-0.68722498416900635,0,34,0,1,YES,nan,nan
510,5.6283585570000003,FINAL_BRAKE,J2A,0,0,0,0,0.17966791987419128,-0.15282317996025085,-0.024142682749161353,nan,-0.08686610836166353,-0.015754749823066967,-0.26998123526573181,0,34,0,1,YES,nan,nan
