sequence,operation,target_label,target_id,attempt,scheduled_s,start_s,end_s,latency_ms,send_recv,timeout,correct,crc_ok,header_ok,reserved_ok,returned_id,returned_id_correct,mode,temp_c,merror,q_raw_rad,dq_sdk,tau_sdk,raw_nonzero,collision_suspicion,feedback_valid,raw_hex
0,stress100,J3,3,1,0,8.7700000000000003e-07,0.000971491,0.97061399999999998,1,0,1,1,1,1,3,1,0,34,0,2.1943645477294922,-0.46633124351501465,0,1,0,1,fdee030000edffb42c000022f002883b
1,stress100,J4,4,1,0.003333333,0.0034350549999999998,0.0040485800000000004,0.61352499999999999,1,0,1,1,1,1,4,1,0,35,0,0.79306989908218384,-0.56450623273849487,0,1,0,1,fdee040000e9ff2810000023d002708b
2,stress100,J5,5,1,0.0066666659999999999,0.0068350750000000004,0.008051051,1.2159759999999999,1,0,1,1,1,1,5,1,0,35,0,4.8840146064758301,-0.073631249368190765,0,1,0,1,fdee050000fdff7f63000023d002ffb2
3,stress100,J3,3,2,0.0099999990000000007,0.010094982000000001,0.011066635,0.97165299999999999,1,0,1,1,1,1,3,1,0,34,0,2.1943645477294922,-0.024543749168515205,0,1,0,1,fdee030000ffffb42c000022f8022691
4,stress100,J4,4,2,0.013333332,0.013505133000000001,0.01396534,0.46020699999999998,1,0,1,1,1,1,4,1,0,35,0,0.79326164722442627,-0.17180624604225159,0,1,0,1,fdee040000f9ff2910000023d00231eb
5,stress100,J5,5,2,0.016666665000000001,0.016841095,0.018022897999999999,1.1818029999999999,1,0,1,1,1,1,5,1,0,35,0,4.8840146064758301,-0.098174996674060822,0,1,0,1,fdee050000fcff7f63000023d00202ff
6,stress100,J3,3,3,0.019999998000000001,0.020093913000000001,0.020984895999999999,0.89098299999999997,1,0,1,1,1,1,3,1,0,34,0,2.1943645477294922,-0.049087498337030411,0,1,0,1,fdee030000feffb42c000022f802dbdc
7,stress100,J4,4,3,0.023333330999999999,0.023426546999999999,0.023929273000000001,0.50272600000000001,1,0,1,1,1,1,4,1,0,35,0,0.7934533953666687,0.26998123526573181,0,1,0,1,fdee0400000b002a10000023d0029500
8,stress100,J5,5,3,0.026666664,0.026840457000000002,0.027984149999999999,1.1436930000000001,1,0,1,1,1,1,5,1,0,35,0,4.8840146064758301,-0.073631249368190765,0,1,0,1,fdee050000fdff7f63000023d002ffb2
9,stress100,J3,3,4,0.029999997,0.030088482999999999,0.031070799,0.98231599999999997,1,0,1,1,1,1,3,1,0,34,0,2.1945564746856689,0,0,1,0,1,fdee0300000000b52c000022f802eb40
10,stress100,J4,4,4,0.033333330000000001,0.033526436,0.033929189999999998,0.402754,1,0,1,1,1,1,4,1,0,35,0,0.79326164722442627,-0.14726249873638153,0,1,0,1,fdee040000faff2910000023d002363d
11,stress100,J5,5,4,0.036666663000000002,0.036836803000000001,0.038070637999999997,1.233835,1,0,1,1,1,1,5,1,0,35,0,4.8840146064758301,-0.14726249873638153,0,1,0,1,fdee050000faff7f63000023d0021d5b
12,stress100,J3,3,5,0.039999996000000003,0.040103240999999998,0.040990546000000003,0.88730500000000001,1,0,1,1,1,1,3,1,0,34,0,2.1945564746856689,0,0,1,0,1,fdee0300000000b52c000022f802eb40
13,stress100,J4,4,5,0.043333328999999997,0.043422096,0.043978639999999999,0.55654400000000004,1,0,1,1,1,1,4,1,0,35,0,0.79326164722442627,-0.12271875143051147,0,1,0,1,fdee040000fbff2910000023d002cb70
14,stress100,J5,5,5,0.046666661999999998,0.046723834999999998,0.047930276000000001,1.2064410000000001,1,0,1,1,1,1,5,1,0,35,0,4.8840146064758301,-0.17180624604225159,0,1,0,1,fdee050000f9ff7f63000023d0021a8d
15,stress100,J3,3,6,0.049999994999999998,0.050029727000000003,0.051001098000000002,0.97137099999999998,1,0,1,1,1,1,3,1,0,34,0,2.1945564746856689,-0.098174996674060822,0,1,0,1,fdee030000fcffb52c000022f802f4d8
16,stress100,J4,4,6,0.053333327999999999,0.05341286,0.053999138000000002,0.58627799999999997,1,0,1,1,1,1,4,1,0,35,0,0.79326164722442627,-0.12271875143051147,0,1,0,1,fdee040000fbff2910000023d002cb70
17,stress100,J5,5,6,0.056666661,0.056721010000000002,0.058087162999999997,1.366153,1,0,1,1,1,1,5,1,0,35,0,4.8838229179382324,-0.46633124351501465,0,1,0,1,fdee050000edff7e63000023d002bed2
18,stress100,J3,3,7,0.059999994000000001,0.060059254999999999,0.061024614999999997,0.96536,1,0,1,1,1,1,3,1,0,34,0,2.1945564746856689,-0.024543749168515205,0,1,0,1,fdee030000ffffb52c000022f802f30e
19,stress100,J4,4,7,0.063333326999999995,0.063410068999999999,0.064033629999999994,0.62356100000000003,1,0,1,1,1,1,4,1,0,35,0,0.7934533953666687,-0.51541876792907715,0,1,0,1,fdee040000ebff2a10000023d0023127
20,stress100,J5,5,7,0.066666660000000003,0.066742716999999993,0.068068231000000007,1.3255140000000001,1,0,1,1,1,1,5,1,0,35,0,4.8842062950134277,0.098174996674060822,0,1,0,1,fdee05000004008063000023d0025dd6
21,stress100,J3,3,8,0.069999992999999996,0.070057792999999993,0.071087813999999999,1.0300210000000001,1,0,1,1,1,1,3,1,0,34,0,2.1947481632232666,0.34361249208450317,0,1,0,1,fdee0300000e00b62c000022f8025033
22,stress100,J4,4,8,0.073333326000000004,0.073388085000000006,0.074132639,0.74455400000000005,1,0,1,1,1,1,4,1,0,35,0,0.79326164722442627,-0.22089375555515289,0,1,0,1,fdee040000f7ff2910000023d002e430
23,stress100,J5,5,8,0.076666658999999998,0.076721104999999998,0.077972994000000004,1.251889,1,0,1,1,1,1,5,1,0,35,0,4.8842062950134277,0.14726249873638153,0,1,0,1,fdee05000006008063000023d002a74d
24,stress100,J3,3,9,0.079999992000000006,0.080081312000000002,0.081051130999999998,0.96981899999999999,1,0,1,1,1,1,3,1,0,34,0,2.1943645477294922,-0.049087498337030411,0,1,0,1,fdee030000feffb42c000022f802dbdc
25,stress100,J4,4,9,0.083333325,0.083389432999999999,0.084121708000000003,0.73227500000000001,1,0,1,1,1,1,4,1,0,35,0,0.79326164722442627,-0.073631249368190765,0,1,0,1,fdee040000fdff2910000023d002d4d4
26,stress100,J5,5,9,0.086666657999999994,0.086724535000000005,0.088051995999999993,1.327461,1,0,1,1,1,1,5,1,0,35,0,4.8840146064758301,-0.14726249873638153,0,1,0,1,fdee050000faff7f63000023d0021d5b
27,stress100,J3,3,10,0.089999991000000001,0.090097186999999995,0.091184117999999995,1.0869310000000001,1,0,1,1,1,1,3,1,0,34,0,2.1941728591918945,0.26998123526573181,0,1,0,1,fdee0300000b00b32c000022f0022b7f
28,stress100,J4,4,10,0.093333323999999995,0.093427577999999997,0.094019535000000001,0.59195699999999996,1,0,1,1,1,1,4,1,0,35,0,0.7934533953666687,0,0,1,0,1,fdee04000000002a10000023d00258a9
29,stress100,J5,5,10,0.096666657000000003,0.096757988000000003,0.098109063999999996,1.3510759999999999,1,0,1,1,1,1,5,1,0,35,0,4.8842062950134277,0.22089375555515289,0,1,0,1,fdee05000009008063000023d0028fdb
30,stress100,J3,3,11,0.099999989999999997,0.100095277,0.10103582699999999,0.94055,1,0,1,1,1,1,3,1,0,34,0,2.1943645477294922,-0.36815625429153442,0,1,0,1,fdee030000f1ffb42c000022f0023384
31,stress100,J4,4,11,0.103333323,0.103422476,0.104076978,0.65450200000000003,1,0,1,1,1,1,4,1,0,35,0,0.7934533953666687,0.19634999334812164,0,1,0,1,fdee04000008002a10000023d00292d6
32,stress100,J5,5,11,0.106666656,0.10672471,0.108017876,1.293166,1,0,1,1,1,1,5,1,0,35,0,4.8840146064758301,-0.14726249873638153,0,1,0,1,fdee050000faff7f63000023d0021d5b
33,stress100,J3,3,12,0.10999998900000001,0.110130425,0.111115121,0.98469600000000002,1,0,1,1,1,1,3,1,0,34,0,2.1945564746856689,-0.024543749168515205,0,1,0,1,fdee030000ffffb52c000022f802f30e
34,stress100,J4,4,12,0.113333322,0.113404849,0.114056976,0.65212700000000001,1,0,1,1,1,1,4,1,0,35,0,0.7934533953666687,0.19634999334812164,0,1,0,1,fdee04000008002a10000023d00292d6
35,stress100,J5,5,12,0.11666665499999999,0.11673597600000001,0.117975227,1.2392510000000001,1,0,1,1,1,1,5,1,0,35,0,4.8840146064758301,0.24543750286102295,0,1,0,1,fdee0500000a007f63000023d0022d83
36,stress100,J3,3,13,0.119999988,0.12003962,0.121014846,0.97522600000000004,1,0,1,1,1,1,3,1,0,34,0,2.1945564746856689,0,0,1,0,1,fdee0300000000b52c000022f802eb40
37,stress100,J4,4,13,0.123333321,0.123387492,0.123997801,0.61030899999999999,1,0,1,1,1,1,4,1,0,35,0,0.7934533953666687,0.22089375555515289,0,1,0,1,fdee04000009002a10000023d0026f9b
38,stress100,J5,5,13,0.12666665399999999,0.126738029,0.128022469,1.28444,1,0,1,1,1,1,5,1,0,35,0,4.8842062950134277,0.19634999334812164,0,1,0,1,fdee05000008008063000023d0027296
39,stress100,J3,3,14,0.12999998700000001,0.130030596,0.13120495700000001,1.174361,1,0,1,1,1,1,3,1,0,34,0,2.1947481632232666,0.34361249208450317,0,1,0,1,fdee0300000e00b62c000022f8025033
40,stress100,J4,4,14,0.13333332000000001,0.13340233700000001,0.13407327799999999,0.67094100000000001,1,0,1,1,1,1,4,1,0,35,0,0.79326164722442627,-0.12271875143051147,0,1,0,1,fdee040000fbff2910000023d002cb70
41,stress100,J5,5,14,0.136666653,0.13673486700000001,0.13813862099999999,1.4037539999999999,1,0,1,1,1,1,5,1,0,35,0,4.8840146064758301,-0.19634999334812164,0,1,0,1,fdee050000f8ff7f63000023d002e7c0
42,stress100,J3,3,15,0.13999998599999999,0.140158544,0.14111708000000001,0.95853600000000005,1,0,1,1,1,1,3,1,0,34,0,2.1943645477294922,-0.44178751111030579,0,1,0,1,fdee030000eeffb42c000022f8024f23
43,stress100,J4,4,15,0.14333331899999999,0.14338947199999999,0.14411212600000001,0.72265400000000002,1,0,1,1,1,1,4,1,0,35,0,0.7934533953666687,0.12271875143051147,0,1,0,1,fdee04000005002a10000023d00240db
44,stress100,J5,5,15,0.14666665200000001,0.14677486300000001,0.148220568,1.445705,1,0,1,1,1,1,5,1,0,35,0,4.8843979835510254,0.4908750057220459,0,1,0,1,fdee05000014008163000023d0021cb6
45,stress100,J3,3,16,0.149999985,0.15013312300000001,0.15120930099999999,1.0761780000000001,1,0,1,1,1,1,3,1,0,34,0,2.1943645477294922,-0.098174996674060822,0,1,0,1,fdee030000fcffb42c000022f002e189
46,stress100,J4,4,16,0.153333318,0.153543185,0.15406541200000001,0.522227,1,0,1,1,1,1,4,1,0,35,0,0.79326164722442627,-0.19634999334812164,0,1,0,1,fdee040000f8ff2910000023d002cca6
47,stress100,J5,5,16,0.15666665099999999,0.156858832,0.15825842800000001,1.3995960000000001,1,0,1,1,1,1,5,1,0,35,0,4.8840146064758301,-0.12271875143051147,0,1,0,1,fdee050000fbff7f63000023d002e016
48,stress100,J3,3,17,0.15999998400000001,0.16015977200000001,0.161112219,0.95244700000000004,1,0,1,1,1,1,3,1,0,34,0,2.1945564746856689,0,0,1,0,1,fdee0300000000b52c000022f802eb40
49,stress100,J4,4,17,0.16333331700000001,0.16352344099999999,0.16399214300000001,0.46870200000000001,1,0,1,1,1,1,4,1,0,35,0,0.7934533953666687,-0.56450623273849487,0,1,0,1,fdee040000e9ff2a10000023d002cbbc
50,stress100,J5,5,17,0.16666665,0.166861548,0.168145027,1.283479,1,0,1,1,1,1,5,1,0,35,0,4.8840146064758301,-0.17180624604225159,0,1,0,1,fdee050000f9ff7f63000023d0021a8d
51,stress100,J3,3,18,0.16999998299999999,0.170155576,0.17119200800000001,1.036432,1,0,1,1,1,1,3,1,0,34,0,2.1945564746856689,-0.024543749168515205,0,1,0,1,fdee030000ffffb52c000022f802f30e
52,stress100,J4,4,18,0.17333331599999999,0.17352331800000001,0.17404573100000001,0.52241300000000002,1,0,1,1,1,1,4,1,0,35,0,0.79326164722442627,-0.24543750286102295,0,1,0,1,fdee040000f6ff2910000023d002197d
53,stress100,J5,5,18,0.17666664900000001,0.176860405,0.17823483000000001,1.374425,1,0,1,1,1,1,5,1,0,35,0,4.8840146064758301,-0.17180624604225159,0,1,0,1,fdee050000f9ff7f63000023d0021a8d
54,stress100,J3,3,19,0.179999982,0.180178428,0.18097506799999999,0.79664000000000001,1,0,1,1,1,1,3,1,0,34,0,2.1947481632232666,0.22089375555515289,0,1,0,1,fdee0300000900b62c000022f802b2da
55,stress100,J4,4,19,0.183333315,0.18349850000000001,0.184011428,0.51292800000000005,1,0,1,1,1,1,4,1,0,35,0,0.79306989908218384,-0.46633124351501465,0,1,0,1,fdee040000edff2810000023d00295b4
56,stress100,J5,5,19,0.18666664799999999,0.186837793,0.188125561,1.287768,1,0,1,1,1,1,5,1,0,35,0,4.8842062950134277,-0.24543750286102295,0,1,0,1,fdee050000f6ff8063000023d0029795
57,stress100,J3,3,20,0.18999998100000001,0.190169901,0.19108055900000001,0.91065799999999997,1,0,1,1,1,1,3,1,0,34,0,2.1943645477294922,-0.39269998669624329,0,1,0,1,fdee030000f0ffb42c000022f8020e07
58,stress100,J4,4,20,0.19333331400000001,0.19338973800000001,0.19415538900000001,0.76565099999999997,1,0,1,1,1,1,4,1,0,35,0,0.7934533953666687,0.29452499747276306,0,1,0,1,fdee0400000c002a10000023d00277e9
59,stress100,J5,5,20,0.196666647,0.196773266,0.198186739,1.413473,1,0,1,1,1,1,5,1,0,35,0,4.8842062950134277,0.12271875143051147,0,1,0,1,fdee05000005008063000023d002a09b
60,stress100,J3,3,21,0.19999997999999999,0.200167436,0.201103696,0.93625999999999998,1,0,1,1,1,1,3,1,0,34,0,2.1945564746856689,-0.049087498337030411,0,1,0,1,fdee030000feffb52c000022f002ce8d
61,stress100,J4,4,21,0.20333331299999999,0.20349619299999999,0.20411797400000001,0.62178100000000003,1,0,1,1,1,1,4,1,0,35,0,0.79326164722442627,0.12271875143051147,0,1,0,1,fdee04000005002910000023d0022e73
62,stress100,J5,5,21,0.20666664600000001,0.20683679899999999,0.20808895499999999,1.252156,1,0,1,1,1,1,5,1,0,35,0,4.8840146064758301,-0.17180624604225159,0,1,0,1,fdee050000f9ff7f63000023d0021a8d
63,stress100,J3,3,22,0.209999979,0.21014207800000001,0.211215819,1.0737410000000001,1,0,1,1,1,1,3,1,0,34,0,2.1947481632232666,0.29452499747276306,0,1,0,1,fdee0300000c00b62c000022f802aaa8
64,stress100,J4,4,22,0.213333312,0.21342360299999999,0.21407067099999999,0.64706799999999998,1,0,1,1,1,1,4,1,0,35,0,0.7934533953666687,0.22089375555515289,0,1,0,1,fdee04000009002a10000023d0026f9b
65,stress100,J5,5,22,0.21666664499999999,0.21691099599999999,0.21802117200000001,1.1101760000000001,1,0,1,1,1,1,5,1,0,35,0,4.8842062950134277,0.26998123526573181,0,1,0,1,fdee0500000b008063000023d0027540
66,stress100,J3,3,23,0.21999997800000001,0.220029003,0.221017829,0.98882599999999998,1,0,1,1,1,1,3,1,0,34,0,2.1943645477294922,-0.26998123526573181,0,1,0,1,fdee030000f5ffb42c000022f8021675
67,stress100,J4,4,23,0.22333331100000001,0.22340175800000001,0.22406142200000001,0.65966400000000003,1,0,1,1,1,1,4,1,0,35,0,0.79306989908218384,-0.41724374890327454,0,1,0,1,fdee040000efff2810000023d0026f2f
68,stress100,J5,5,23,0.226666644,0.22673496100000001,0.228106422,1.371461,1,0,1,1,1,1,5,1,0,35,0,4.8840146064758301,-0.19634999334812164,0,1,0,1,fdee050000f8ff7f63000023d002e7c0
69,stress100,J3,3,24,0.22999997699999999,0.23003901500000001,0.23113019800000001,1.091183,1,0,1,1,1,1,3,1,0,34,0,2.1943645477294922,-0.39269998669624329,0,1,0,1,fdee030000f0ffb42c000022f8020e07
70,stress100,J4,4,24,0.23333330999999999,0.23340113700000001,0.23397069500000001,0.56955800000000001,1,0,1,1,1,1,4,1,0,35,0,0.79326164722442627,-0.12271875143051147,0,1,0,1,fdee040000fbff2910000023d002cb70
71,stress100,J5,5,24,0.23666664300000001,0.23673497199999999,0.23811004199999999,1.37507,1,0,1,1,1,1,5,1,0,35,0,4.8840146064758301,-0.22089375555515289,0,1,0,1,fdee050000f7ff7f63000023d002cf56
72,stress100,J3,3,25,0.239999976,0.24004044799999999,0.24102885399999999,0.98840600000000001,1,0,1,1,1,1,3,1,0,34,0,2.1947481632232666,0.34361249208450317,0,1,0,1,fdee0300000e00b62c000022f8025033
73,stress100,J4,4,25,0.243333309,0.24340023199999999,0.244073448,0.67321600000000004,1,0,1,1,1,1,4,1,0,35,0,0.79326164722442627,-0.12271875143051147,0,1,0,1,fdee040000fbff2910000023d002cb70
74,stress100,J5,5,25,0.24666664199999999,0.24673482999999999,0.24810494999999999,1.37012,1,0,1,1,1,1,5,1,0,35,0,4.8840146064758301,-0.098174996674060822,0,1,0,1,fdee050000fcff7f63000023d00202ff
75,stress100,J3,3,26,0.24999997500000001,0.25002802099999999,0.250989672,0.96165100000000003,1,0,1,1,1,1,3,1,0,34,0,2.1943645477294922,-0.39269998669624329,0,1,0,1,fdee030000f0ffb42c000022f8020e07
76,stress100,J4,4,26,0.25333330799999998,0.25340152999999999,0.25410611100000002,0.70458100000000001,1,0,1,1,1,1,4,1,0,35,0,0.79306989908218384,-0.4908750057220459,0,1,0,1,fdee040000ecff2810000023d00268f9
77,stress100,J5,5,26,0.25666664099999997,0.25673447999999999,0.25804230500000003,1.307825,1,0,1,1,1,1,5,1,0,35,0,4.8838229179382324,-0.51541876792907715,0,1,0,1,fdee050000ebff7e63000023d002a176
78,stress100,J3,3,27,0.25999997400000002,0.26003064599999998,0.26094621099999998,0.91556499999999996,1,0,1,1,1,1,3,1,0,34,0,2.1943645477294922,-0.29452499747276306,0,1,0,1,fdee030000f4ffb42c000022f802eb38
79,stress100,J4,4,27,0.26333330700000002,0.26340333599999999,0.264111498,0.70816199999999996,1,0,1,1,1,1,4,1,0,35,0,0.79326164722442627,-0.17180624604225159,0,1,0,1,fdee040000f9ff2910000023d00231eb
80,stress100,J5,5,27,0.26666664000000001,0.26673451300000001,0.26807489000000001,1.3403769999999999,1,0,1,1,1,1,5,1,0,35,0,4.8840146064758301,-0.14726249873638153,0,1,0,1,fdee050000faff7f63000023d0021d5b
81,stress100,J3,3,28,0.269999973,0.27002747599999999,0.27110306699999998,1.075591,1,0,1,1,1,1,3,1,0,34,0,2.1947481632232666,0.29452499747276306,0,1,0,1,fdee0300000c00b62c000022f802aaa8
82,stress100,J4,4,28,0.273333306,0.27340110499999998,0.27411668099999997,0.71557599999999999,1,0,1,1,1,1,4,1,0,35,0,0.79326164722442627,-0.19634999334812164,0,1,0,1,fdee040000f8ff2910000023d002cca6
83,stress100,J5,5,28,0.27666663899999999,0.27673468000000001,0.27797989899999997,1.2452190000000001,1,0,1,1,1,1,5,1,0,35,0,4.8840146064758301,-0.024543749168515205,0,1,0,1,fdee050000ffff7f63000023d0020529
84,stress100,J3,3,29,0.27999997199999999,0.28004066300000002,0.28102217699999998,0.981514,1,0,1,1,1,1,3,1,0,34,0,2.1945564746856689,0,0,1,0,1,fdee0300000000b52c000022f802eb40
85,stress100,J4,4,29,0.28333330499999998,0.28340056800000002,0.28407569799999999,0.67513000000000001,1,0,1,1,1,1,4,1,0,35,0,0.7934533953666687,0.24543750286102295,0,1,0,1,fdee0400000a002a10000023d002684d
86,stress100,J5,5,29,0.28666663799999997,0.28673394699999999,0.28810799100000001,1.374044,1,0,1,1,1,1,5,1,0,35,0,4.8840146064758301,-0.17180624604225159,0,1,0,1,fdee050000f9ff7f63000023d0021a8d
87,stress100,J3,3,30,0.28999997100000002,0.29004163500000002,0.29112376200000001,1.0821270000000001,1,0,1,1,1,1,3,1,0,34,0,2.1945564746856689,-0.024543749168515205,0,1,0,1,fdee030000ffffb52c000022f802f30e
88,stress100,J4,4,30,0.29333330400000002,0.29340309199999998,0.29411500000000002,0.71190799999999999,1,0,1,1,1,1,4,1,0,35,0,0.79306989908218384,-0.56450623273849487,0,1,0,1,fdee040000e9ff2810000023d002708b
89,stress100,J5,5,30,0.29666663700000001,0.29673519300000001,0.29810183499999998,1.3666419999999999,1,0,1,1,1,1,5,1,0,35,0,4.8840146064758301,-0.17180624604225159,0,1,0,1,fdee050000f9ff7f63000023d0021a8d
90,stress100,J3,3,31,0.29999997,0.30002899700000002,0.30102404100000002,0.99504400000000004,1,0,1,1,1,1,3,1,0,34,0,2.1945564746856689,-0.073631249368190765,0,1,0,1,fdee030000fdffb52c000022f8020995
91,stress100,J4,4,31,0.303333303,0.30340100399999997,0.30405773800000002,0.65673400000000004,1,0,1,1,1,1,4,1,0,35,0,0.79326164722442627,-0.19634999334812164,0,1,0,1,fdee040000f8ff2910000023d002cca6
92,stress100,J5,5,31,0.30666663599999999,0.30673470800000002,0.30810626499999999,1.3715569999999999,1,0,1,1,1,1,5,1,0,35,0,4.8840146064758301,-0.12271875143051147,0,1,0,1,fdee050000fbff7f63000023d002e016
93,stress100,J3,3,32,0.30999996899999999,0.31002981299999999,0.31104163800000001,1.011825,1,0,1,1,1,1,3,1,0,34,0,2.1945564746856689,-0.024543749168515205,0,1,0,1,fdee030000ffffb52c000022f00233c0
94,stress100,J4,4,32,0.31333330199999998,0.313401596,0.31397706199999997,0.57546600000000003,1,0,1,1,1,1,4,1,0,35,0,0.79306989908218384,-0.098174996674060822,0,1,0,1,fdee040000fcff2810000023d002fc06
95,stress100,J5,5,32,0.31666663499999997,0.31673448199999998,0.31797730299999999,1.242821,1,0,1,1,1,1,5,1,0,35,0,4.8840146064758301,-0.19634999334812164,0,1,0,1,fdee050000f8ff7f63000023d002e7c0
96,stress100,J3,3,33,0.31999996800000002,0.32003867899999999,0.32101420000000003,0.97552099999999997,1,0,1,1,1,1,3,1,0,34,0,2.1945564746856689,0,0,1,0,1,fdee0300000000b52c000022f802eb40
97,stress100,J4,4,33,0.32333330100000002,0.32339326299999999,0.32400118900000002,0.60792599999999997,1,0,1,1,1,1,4,1,0,35,0,0.79326164722442627,-0.22089375555515289,0,1,0,1,fdee040000f7ff2910000023d002e430
98,stress100,J5,5,33,0.32666663400000001,0.32673731700000003,0.32805172799999999,1.314411,1,0,1,1,1,1,5,1,0,35,0,4.8840146064758301,-0.24543750286102295,0,1,0,1,fdee050000f6ff7f63000023d002321b
99,stress100,J3,3,34,0.32999996700000001,0.330029815,0.33114140399999997,1.1115889999999999,1,0,1,1,1,1,3,1,0,34,0,2.1945564746856689,0.049087498337030411,0,1,0,1,fdee0300000200b52c000022f80211db
100,stress100,J4,4,34,0.3333333,0.33340265499999999,0.33411598399999998,0.71332899999999999,1,0,1,1,1,1,4,1,0,35,0,0.79326164722442627,-0.12271875143051147,0,1,0,1,fdee040000fbff2910000023d002cb70
101,stress100,J5,5,34,0.33666663299999999,0.33673775500000003,0.33803728,1.299525,1,0,1,1,1,1,5,1,0,35,0,4.8840146064758301,0.12271875143051147,0,1,0,1,fdee05000005007f63000023d0020515
102,stress100,J3,3,35,0.33999996599999999,0.340042972,0.34102930799999998,0.98633599999999999,1,0,1,1,1,1,3,1,0,34,0,2.1945564746856689,-0.049087498337030411,0,1,0,1,fdee030000feffb52c000022f8020e43
103,stress100,J4,4,35,0.34333329899999998,0.34340006899999997,0.34407389500000002,0.67382600000000004,1,0,1,1,1,1,4,1,0,35,0,0.7934533953666687,0.17180624604225159,0,1,0,1,fdee04000007002a10000023d002ba40
104,stress100,J5,5,35,0.34666663199999997,0.34673505399999999,0.34810654499999999,1.371491,1,0,1,1,1,1,5,1,0,35,0,4.8840146064758301,-0.12271875143051147,0,1,0,1,fdee050000fbff7f63000023d002e016
105,stress100,J3,3,36,0.34999996500000002,0.35002793100000001,0.35112269200000001,1.0947610000000001,1,0,1,1,1,1,3,1,0,34,0,2.1945564746856689,0.098174996674060822,0,1,0,1,fdee0300000400b52c000022f002ceb1
106,stress100,J4,4,36,0.35333329800000002,0.353401036,0.35397338099999998,0.57234499999999999,1,0,1,1,1,1,4,1,0,35,0,0.79326164722442627,-0.17180624604225159,0,1,0,1,fdee040000f9ff2910000023d00231eb
107,stress100,J5,5,36,0.35666663100000001,0.35673416699999999,0.35810257299999998,1.368406,1,0,1,1,1,1,5,1,0,35,0,4.8842062950134277,0.14726249873638153,0,1,0,1,fdee05000006008063000023d002a74d
108,stress100,J3,3,37,0.35999996400000001,0.36002755600000003,0.36102362199999999,0.99606600000000001,1,0,1,1,1,1,3,1,0,34,0,2.1945564746856689,-0.098174996674060822,0,1,0,1,fdee030000fcffb52c000022f802f4d8
109,stress100,J4,4,37,0.363333297,0.36340635599999999,0.36405449699999998,0.64814099999999997,1,0,1,1,1,1,4,1,0,35,0,0.79326164722442627,-0.24543750286102295,0,1,0,1,fdee040000f6ff2910000023d002197d
110,stress100,J5,5,37,0.36666662999999999,0.36673396699999999,0.36810809300000003,1.374126,1,0,1,1,1,1,5,1,0,35,0,4.8840146064758301,-0.24543750286102295,0,1,0,1,fdee050000f6ff7f63000023d002321b
111,stress100,J3,3,38,0.36999996299999999,0.370031638,0.37107205599999998,1.0404180000000001,1,0,1,1,1,1,3,1,0,34,0,2.1945564746856689,0,0,1,0,1,fdee0300000000b52c000022f0022b8e
112,stress100,J4,4,38,0.37333329599999998,0.37340326400000001,0.37402866499999998,0.62540099999999998,1,0,1,1,1,1,4,1,0,35,0,0.79326164722442627,-0.56450623273849487,0,1,0,1,fdee040000e9ff2910000023d002a514
113,stress100,J5,5,38,0.37666662899999998,0.37673462800000002,0.378106673,1.372045,1,0,1,1,1,1,5,1,0,35,0,4.8840146064758301,-0.14726249873638153,0,1,0,1,fdee050000faff7f63000023d0021d5b
114,stress100,J3,3,39,0.37999996200000002,0.38002751699999998,0.38100099999999998,0.97348299999999999,1,0,1,1,1,1,3,1,0,34,0,2.1943645477294922,-0.41724374890327454,0,1,0,1,fdee030000efffb42c000022f802b26e
115,stress100,J4,4,39,0.38333329500000002,0.38340100999999999,0.38405097300000002,0.64996299999999996,1,0,1,1,1,1,4,1,0,35,0,0.79326164722442627,-0.22089375555515289,0,1,0,1,fdee040000f7ff2910000023d002e430
116,stress100,J5,5,39,0.38666662800000001,0.38673455899999998,0.38810346099999998,1.3689020000000001,1,0,1,1,1,1,5,1,0,35,0,4.8842062950134277,0.12271875143051147,0,1,0,1,fdee05000005008063000023d002a09b
117,stress100,J3,3,40,0.38999996100000001,0.39002816400000001,0.39100601200000001,0.97784800000000005,1,0,1,1,1,1,3,1,0,34,0,2.1945564746856689,-0.024543749168515205,0,1,0,1,fdee030000ffffb52c000022f802f30e
118,stress100,J4,4,40,0.393333294,0.39340090100000003,0.39410709599999999,0.70619500000000002,1,0,1,1,1,1,4,1,0,35,0,0.79326164722442627,-0.19634999334812164,0,1,0,1,fdee040000f8ff2910000023d002cca6
119,stress100,J5,5,40,0.39666662699999999,0.39673406,0.39802925700000003,1.2951969999999999,1,0,1,1,1,1,5,1,0,35,0,4.8840146064758301,-0.24543750286102295,0,1,0,1,fdee050000f6ff7f63000023d002321b
120,stress100,J3,3,41,0.39999995999999999,0.400028561,0.401023927,0.99536599999999997,1,0,1,1,1,1,3,1,0,34,0,2.1943645477294922,-0.34361249208450317,0,1,0,1,fdee030000f2ffb42c000022f802f49c
121,stress100,J4,4,41,0.40333329299999998,0.40340031399999998,0.404091374,0.69106000000000001,1,0,1,1,1,1,4,1,0,35,0,0.79306989908218384,-0.51541876792907715,0,1,0,1,fdee040000ebff2810000023d0028a10
122,stress100,J5,5,41,0.40666662599999998,0.40673466600000002,0.40804063299999999,1.3059670000000001,1,0,1,1,1,1,5,1,0,35,0,4.8840146064758301,-0.14726249873638153,0,1,0,1,fdee050000faff7f63000023d0021d5b
123,stress100,J3,3,42,0.40999995900000002,0.41002761900000001,0.41108734200000002,1.059723,1,0,1,1,1,1,3,1,0,34,0,2.1943645477294922,-0.34361249208450317,0,1,0,1,fdee030000f2ffb42c000022f802f49c
124,stress100,J4,4,42,0.41333329200000002,0.41339986299999998,0.41408589299999998,0.68603000000000003,1,0,1,1,1,1,4,1,0,35,0,0.7934533953666687,0.024543749168515205,0,1,0,1,fdee04000001002a10000023d002a5e4
125,stress100,J5,5,42,0.41666662500000001,0.41673405200000002,0.417963684,1.2296320000000001,1,0,1,1,1,1,5,1,0,35,0,4.8840146064758301,-0.19634999334812164,0,1,0,1,fdee050000f8ff7f63000023d002e7c0
126,stress100,J3,3,43,0.41999995800000001,0.42002818800000002,0.42102146200000001,0.99327399999999999,1,0,1,1,1,1,3,1,0,34,0,2.1945564746856689,-0.024543749168515205,0,1,0,1,fdee030000ffffb52c000022f802f30e
127,stress100,J4,4,43,0.423333291,0.42339937900000002,0.42409427,0.69489100000000004,1,0,1,1,1,1,4,1,0,35,0,0.7934533953666687,0.12271875143051147,0,1,0,1,fdee04000005002a10000023d00240db
128,stress100,J5,5,43,0.42666662399999999,0.42673426800000003,0.42796694299999999,1.232675,1,0,1,1,1,1,5,1,0,35,0,4.8838229179382324,-0.44178751111030579,0,1,0,1,fdee050000eeff7e63000023d002b904
129,stress100,J3,3,44,0.42999995699999999,0.43002785300000002,0.43109150600000001,1.063653,1,0,1,1,1,1,3,1,0,34,0,2.1945564746856689,0.049087498337030411,0,1,0,1,fdee0300000200b52c000022f80211db
130,stress100,J4,4,44,0.43333328999999998,0.43339988600000001,0.43409740200000002,0.69751600000000002,1,0,1,1,1,1,4,1,0,35,0,0.7934533953666687,0.17180624604225159,0,1,0,1,fdee04000007002a10000023d002ba40
131,stress100,J5,5,44,0.43666662299999998,0.43673515299999999,0.437994885,1.2597320000000001,1,0,1,1,1,1,5,1,0,35,0,4.8840146064758301,-0.22089375555515289,0,1,0,1,fdee050000f7ff7f63000023d002cf56
132,stress100,J3,3,45,0.43999995600000003,0.44002729200000001,0.44100689700000001,0.97960499999999995,1,0,1,1,1,1,3,1,0,34,0,2.1943645477294922,-0.31906875967979431,0,1,0,1,fdee030000f3ffb42c000022f80209d1
133,stress100,J4,4,45,0.44333328900000002,0.44340054400000001,0.44408353299999997,0.68298899999999996,1,0,1,1,1,1,4,1,0,35,0,0.79326164722442627,-0.049087498337030411,0,1,0,1,fdee040000feff2910000023d002d302
134,stress100,J5,5,45,0.44666662200000001,0.446734829,0.44808192800000002,1.347099,1,0,1,1,1,1,5,1,0,35,0,4.8840146064758301,-0.098174996674060822,0,1,0,1,fdee050000fcff7f63000023d00202ff
135,stress100,J3,3,46,0.44999995500000001,0.45002950600000002,0.45109228000000001,1.0627740000000001,1,0,1,1,1,1,3,1,0,34,0,2.1943645477294922,-0.36815625429153442,0,1,0,1,fdee030000f1ffb42c000022f802f34a
136,stress100,J4,4,46,0.453333288,0.45340081300000001,0.454024276,0.62346299999999999,1,0,1,1,1,1,4,1,0,35,0,0.79306989908218384,-0.46633124351501465,0,1,0,1,fdee040000edff2810000023d00295b4
137,stress100,J5,5,46,0.45666662099999999,0.45673420799999997,0.45808595400000002,1.3517459999999999,1,0,1,1,1,1,5,1,0,35,0,4.8840146064758301,-0.14726249873638153,0,1,0,1,fdee050000faff7f63000023d0021d5b
138,stress100,J3,3,47,0.45999995399999999,0.46003018800000001,0.46100855299999999,0.97836500000000004,1,0,1,1,1,1,3,1,0,34,0,2.1943645477294922,-0.39269998669624329,0,1,0,1,fdee030000f0ffb42c000022f8020e07
139,stress100,J4,4,47,0.46333328699999998,0.46340391800000003,0.46408576600000001,0.68184800000000001,1,0,1,1,1,1,4,1,0,35,0,0.79326164722442627,-0.17180624604225159,0,1,0,1,fdee040000f9ff2910000023d00231eb
140,stress100,J5,5,47,0.46666661999999998,0.46673263399999998,0.46802080099999999,1.2881670000000001,1,0,1,1,1,1,5,1,0,35,0,4.8840146064758301,-0.19634999334812164,0,1,0,1,fdee050000f8ff7f63000023d002e7c0
141,stress100,J3,3,48,0.46999995300000003,0.47002771399999999,0.471089219,1.0615049999999999,1,0,1,1,1,1,3,1,0,34,0,2.1943645477294922,-0.29452499747276306,0,1,0,1,fdee030000f4ffb42c000022f0022bf6
142,stress100,J4,4,48,0.47333328600000002,0.47340184200000002,0.474087166,0.68532400000000004,1,0,1,1,1,1,4,1,0,35,0,0.7934533953666687,-0.53996247053146362,0,1,0,1,fdee040000eaff2a10000023d002cc6a
143,stress100,J5,5,48,0.47666661900000001,0.47673713200000001,0.47809183,1.354698,1,0,1,1,1,1,5,1,0,35,0,4.8840146064758301,-0.073631249368190765,0,1,0,1,fdee050000fdff7f63000023d002ffb2
144,stress100,J3,3,49,0.47999995200000001,0.48002827199999998,0.48102207699999999,0.99380500000000005,1,0,1,1,1,1,3,1,0,34,0,2.1943645477294922,-0.34361249208450317,0,1,0,1,fdee030000f2ffb42c000022f802f49c
145,stress100,J4,4,49,0.483333285,0.48340060600000001,0.48403697499999998,0.63636899999999996,1,0,1,1,1,1,4,1,0,35,0,0.79326164722442627,-0.24543750286102295,0,1,0,1,fdee040000f6ff2910000023d002197d
146,stress100,J5,5,49,0.486666618,0.48673496300000002,0.48808280599999998,1.3478429999999999,1,0,1,1,1,1,5,1,0,35,0,4.8838229179382324,-0.56450623273849487,0,1,0,1,fdee050000e9ff7e63000023d0025bed
147,stress100,J3,3,50,0.48999995099999999,0.49002759800000001,0.49109330099999998,1.0657030000000001,1,0,1,1,1,1,3,1,0,34,0,2.1943645477294922,-0.31906875967979431,0,1,0,1,fdee030000f3ffb42c000022f80209d1
148,stress100,J4,4,50,0.49333328399999998,0.49340066199999999,0.49395284099999998,0.55217899999999998,1,0,1,1,1,1,4,1,0,35,0,0.79326164722442627,-0.17180624604225159,0,1,0,1,fdee040000f9ff2910000023d00231eb
149,stress100,J5,5,50,0.49666661699999998,0.49673814300000002,0.49819612699999999,1.4579839999999999,1,0,1,1,1,1,5,1,0,35,0,4.8840146064758301,-0.098174996674060822,0,1,0,1,fdee050000fcff7f63000023d00202ff
150,stress100,J3,3,51,0.49999995000000003,0.50017032400000005,0.50108719300000004,0.91686900000000005,1,0,1,1,1,1,3,1,0,34,0,2.1943645477294922,-0.36815625429153442,0,1,0,1,fdee030000f1ffb42c000022f802f34a
151,stress100,J4,4,51,0.50333328300000002,0.50352665200000002,0.50511922200000003,1.59257,1,0,1,1,1,1,4,1,0,35,0,0.79306989908218384,-0.53996247053146362,0,1,0,1,fdee040000eaff2810000023d002775d
152,stress100,J5,5,51,0.50666661599999996,0.50675503300000002,0.50819688299999999,1.4418500000000001,1,0,1,1,1,1,5,1,0,35,0,4.8840146064758301,-0.049087498337030411,0,1,0,1,fdee050000feff7f63000023d002f864
153,stress100,J3,3,52,0.50999994900000001,0.51013973300000004,0.51119192499999999,1.052192,1,0,1,1,1,1,3,1,0,34,0,2.1945564746856689,-0.12271875143051147,0,1,0,1,fdee030000fbffb52c000022f8021631
154,stress100,J4,4,52,0.51333328199999995,0.51338978400000002,0.51405073099999998,0.66094699999999995,1,0,1,1,1,1,4,1,0,35,0,0.7934533953666687,0.17180624604225159,0,1,0,1,fdee04000007002a10000023d002ba40
155,stress100,J5,5,52,0.516666615,0.51686047199999996,0.51818887700000005,1.3284050000000001,1,0,1,1,1,1,5,1,0,35,0,4.8842062950134277,0.24543750286102295,0,1,0,1,fdee0500000a008063000023d002880d
156,stress100,J3,3,53,0.51999994800000005,0.52015111700000005,0.52109099800000003,0.93988099999999997,1,0,1,1,1,1,3,1,0,34,0,2.1945564746856689,0,0,1,0,1,fdee0300000000b52c000022f802eb40
157,stress100,J4,4,53,0.52333328099999998,0.52338825099999997,0.52401095600000003,0.62270499999999995,1,0,1,1,1,1,4,1,0,35,0,0.79326164722442627,-0.17180624604225159,0,1,0,1,fdee040000f9ff2910000023d00231eb
158,stress100,J5,5,53,0.52666661400000003,0.52684065000000002,0.52809685299999998,1.256203,1,0,1,1,1,1,5,1,0,35,0,4.8840146064758301,-0.17180624604225159,0,1,0,1,fdee050000f9ff7f63000023d0021a8d
159,stress100,J3,3,54,0.52999994699999997,0.53014497599999999,0.53110112799999998,0.956152,1,0,1,1,1,1,3,1,0,34,0,2.1941728591918945,-0.7608562707901001,0,1,0,1,fdee030000e1ffb32c000022f8027f72
160,stress100,J4,4,54,0.53333328000000002,0.53342363299999995,0.53403920800000004,0.61557499999999998,1,0,1,1,1,1,4,1,0,35,0,0.79326164722442627,-0.12271875143051147,0,1,0,1,fdee040000fbff2910000023d002cb70
161,stress100,J5,5,54,0.53666661299999996,0.53674263700000002,0.53798143600000004,1.238799,1,0,1,1,1,1,5,1,0,35,0,4.8840146064758301,-0.24543750286102295,0,1,0,1,fdee050000f6ff7f63000023d002321b
162,stress100,J3,3,55,0.53999994600000001,0.54002813800000005,0.54093291099999996,0.90477300000000005,1,0,1,1,1,1,3,1,0,34,0,2.1945564746856689,-0.049087498337030411,0,1,0,1,fdee030000feffb52c000022f002ce8d
163,stress100,J4,4,55,0.54333327899999995,0.54340611500000002,0.54408795799999998,0.68184299999999998,1,0,1,1,1,1,4,1,0,35,0,0.79326164722442627,-0.24543750286102295,0,1,0,1,fdee040000f6ff2910000023d002197d
164,stress100,J5,5,55,0.546666612,0.54673812799999999,0.54807624600000004,1.3381179999999999,1,0,1,1,1,1,5,1,0,35,0,4.8840146064758301,-0.024543749168515205,0,1,0,1,fdee050000ffff7f63000023d0020529
165,stress100,J3,3,56,0.54999994500000005,0.550027402,0.55095100200000002,0.92359999999999998,1,0,1,1,1,1,3,1,0,34,0,2.1945564746856689,-0.17180624604225159,0,1,0,1,fdee030000f9ffb52c000022f0022c64
166,stress100,J4,4,56,0.55333327799999998,0.55340135999999995,0.553992712,0.59135199999999999,1,0,1,1,1,1,4,1,0,35,0,0.7934533953666687,0.12271875143051147,0,1,0,1,fdee04000005002a10000023d00240db
167,stress100,J5,5,56,0.55666661100000003,0.556735274,0.55808866700000004,1.3533930000000001,1,0,1,1,1,1,5,1,0,35,0,4.8840146064758301,-0.14726249873638153,0,1,0,1,fdee050000faff7f63000023d0021d5b
168,stress100,J3,3,57,0.55999994399999997,0.56003094799999997,0.56101050299999999,0.97955499999999995,1,0,1,1,1,1,3,1,0,34,0,2.1945564746856689,0,0,1,0,1,fdee0300000000b52c000022f802eb40
169,stress100,J4,4,57,0.56333327700000002,0.56340389400000002,0.56404930900000005,0.64541499999999996,1,0,1,1,1,1,4,1,0,35,0,0.7934533953666687,0.073631249368190765,0,1,0,1,fdee04000003002a10000023d0025f7f
170,stress100,J5,5,57,0.56666660999999996,0.56673452599999996,0.56797123900000002,1.236713,1,0,1,1,1,1,5,1,0,35,0,4.8840146064758301,-0.14726249873638153,0,1,0,1,fdee050000faff7f63000023d0021d5b
171,stress100,J3,3,58,0.56999994300000001,0.57003106699999995,0.57112512100000001,1.0940540000000001,1,0,1,1,1,1,3,1,0,34,0,2.1943645477294922,-0.17180624604225159,0,1,0,1,fdee030000f9ffb42c000022f8023935
172,stress100,J4,4,58,0.57333327599999995,0.57340125200000003,0.57407858899999997,0.67733699999999997,1,0,1,1,1,1,4,1,0,35,0,0.7934533953666687,0.22089375555515289,0,1,0,1,fdee04000009002a10000023d0026f9b
173,stress100,J5,5,58,0.576666609,0.576734199,0.57812571400000001,1.3915150000000001,1,0,1,1,1,1,5,1,0,35,0,4.8840146064758301,-0.073631249368190765,0,1,0,1,fdee050000fdff7f63000023d002ffb2
174,stress100,J3,3,59,0.57999994200000005,0.58002875600000003,0.58105117299999998,1.0224169999999999,1,0,1,1,1,1,3,1,0,34,0,2.1943645477294922,-0.049087498337030411,0,1,0,1,fdee030000feffb42c000022f0021b12
175,stress100,J4,4,59,0.58333327499999998,0.58340007599999999,0.58412229500000001,0.72221900000000006,1,0,1,1,1,1,4,1,0,35,0,0.79326164722442627,-0.22089375555515289,0,1,0,1,fdee040000f7ff2910000023d002e430
176,stress100,J5,5,59,0.58666660800000003,0.58673391600000002,0.58807068200000001,1.3367659999999999,1,0,1,1,1,1,5,1,0,35,0,4.8840146064758301,-0.098174996674060822,0,1,0,1,fdee050000fcff7f63000023d00202ff
177,stress100,J3,3,60,0.58999994099999997,0.59002823800000004,0.59112596900000003,1.097731,1,0,1,1,1,1,3,1,0,34,0,2.1943645477294922,-0.36815625429153442,0,1,0,1,fdee030000f1ffb42c000022f0023384
178,stress100,J4,4,60,0.59333327400000002,0.59340104000000005,0.59407722799999996,0.67618800000000001,1,0,1,1,1,1,4,1,0,35,0,0.79306989908218384,-0.53996247053146362,0,1,0,1,fdee040000eaff2810000023d002775d
179,stress100,J5,5,60,0.59666660699999996,0.59673798199999994,0.59812132200000001,1.38334,1,0,1,1,1,1,5,1,0,35,0,4.8840146064758301,-0.24543750286102295,0,1,0,1,fdee050000f6ff7f63000023d002321b
180,stress100,J3,3,61,0.59999994000000001,0.600027329,0.60105123400000005,1.0239050000000001,1,0,1,1,1,1,3,1,0,34,0,2.1943645477294922,-0.024543749168515205,0,1,0,1,fdee030000ffffb42c000022f002e65f
181,stress100,J4,4,61,0.60333327299999995,0.603401992,0.60412447400000002,0.72248199999999996,1,0,1,1,1,1,4,1,0,35,0,0.7934533953666687,0.12271875143051147,0,1,0,1,fdee04000005002a10000023d00240db
182,stress100,J5,5,61,0.606666606,0.60673461900000003,0.60812459500000005,1.3899760000000001,1,0,1,1,1,1,5,1,0,35,0,4.8842062950134277,0.14726249873638153,0,1,0,1,fdee05000006008063000023d002a74d
183,stress100,J3,3,62,0.60999993900000005,0.61002716400000001,0.61112103799999995,1.093874,1,0,1,1,1,1,3,1,0,34,0,2.1945564746856689,-0.14726249873638153,0,1,0,1,fdee030000faffb52c000022f802eb7c
184,stress100,J4,4,62,0.61333327199999998,0.61340039999999996,0.61412111899999999,0.720719,1,0,1,1,1,1,4,1,0,35,0,0.79306989908218384,-0.51541876792907715,0,1,0,1,fdee040000ebff2810000023d0028a10
185,stress100,J5,5,62,0.61666660500000003,0.61673445100000002,0.61822107800000003,1.4866269999999999,1,0,1,1,1,1,5,1,0,35,0,4.8840146064758301,-0.12271875143051147,0,1,0,1,fdee050000fbff7f63000023d002e016
186,stress100,J3,3,63,0.61999993799999997,0.62015838999999995,0.62117092600000001,1.0125360000000001,1,0,1,1,1,1,3,1,0,34,0,2.1943645477294922,-0.36815625429153442,0,1,0,1,fdee030000f1ffb42c000022f802f34a
187,stress100,J4,4,63,0.62333327100000002,0.62339043999999999,0.62405375900000004,0.66331899999999999,1,0,1,1,1,1,4,1,0,35,0,0.79306989908218384,-0.58904999494552612,0,1,0,1,fdee040000e8ff2810000023d0028dc6
188,stress100,J5,5,63,0.62666660399999996,0.62677528800000004,0.62818590299999999,1.410615,1,0,1,1,1,1,5,1,0,35,0,4.8840146064758301,-0.12271875143051147,0,1,0,1,fdee050000fbff7f63000023d002e016
189,stress100,J3,3,64,0.62999993700000001,0.63013503100000001,0.63098657000000002,0.85153900000000005,1,0,1,1,1,1,3,1,0,34,0,2.1945564746856689,0.22089375555515289,0,1,0,1,fdee0300000900b52c000022f802dc72
190,stress100,J4,4,64,0.63333326999999995,0.63339062999999995,0.63412591399999996,0.73528400000000005,1,0,1,1,1,1,4,1,0,35,0,0.79326164722442627,-0.24543750286102295,0,1,0,1,fdee040000f6ff2910000023d002197d
191,stress100,J5,5,64,0.636666603,0.63683739299999997,0.63809050700000003,1.2531140000000001,1,0,1,1,1,1,5,1,0,35,0,4.8840146064758301,-0.073631249368190765,0,1,0,1,fdee050000fdff7f63000023d002ffb2
192,stress100,J3,3,65,0.63999993600000005,0.64008610300000002,0.64117394599999999,1.0878429999999999,1,0,1,1,1,1,3,1,0,34,0,2.1943645477294922,-0.024543749168515205,0,1,0,1,fdee030000ffffb42c000022f002e65f
193,stress100,J4,4,65,0.64333326899999999,0.64350259200000004,0.64402317600000003,0.52058400000000005,1,0,1,1,1,1,4,1,0,35,0,0.79326164722442627,-0.14726249873638153,0,1,0,1,fdee040000faff2910000023d002363d
194,stress100,J5,5,65,0.64666660200000003,0.64689038200000004,0.64810918900000003,1.218807,1,0,1,1,1,1,5,1,0,35,0,4.8838229179382324,-0.51541876792907715,0,1,0,1,fdee050000ebff7e63000023d002a176
195,stress100,J3,3,66,0.64999993499999997,0.65014118799999998,0.651088314,0.94712600000000002,1,0,1,1,1,1,3,1,0,34,0,2.1943645477294922,-0.26998123526573181,0,1,0,1,fdee030000f5ffb42c000022f002d6bb
196,stress100,J4,4,66,0.65333326800000002,0.65338980899999999,0.654096067,0.70625800000000005,1,0,1,1,1,1,4,1,0,35,0,0.79326164722442627,-0.22089375555515289,0,1,0,1,fdee040000f7ff2910000023d002e430
197,stress100,J5,5,66,0.65666660099999996,0.65675725399999996,0.65821832400000002,1.4610700000000001,1,0,1,1,1,1,5,1,0,35,0,4.8840146064758301,-0.24543750286102295,0,1,0,1,fdee050000f6ff7f63000023d002321b
198,stress100,J3,3,67,0.65999993400000001,0.66015131800000004,0.66114310099999996,0.99178299999999997,1,0,1,1,1,1,3,1,0,34,0,2.1945564746856689,0.024543749168515205,0,1,0,1,fdee0300000100b52c000022f802160d
199,stress100,J4,4,67,0.66333326699999995,0.66352980800000005,0.66517366499999997,1.6438569999999999,1,0,1,1,1,1,4,1,0,35,0,0.79306989908218384,-0.41724374890327454,0,1,0,1,fdee040000efff2810000023d0026f2f
200,stress100,J5,5,67,0.6666666,0.66677144099999996,0.66822093999999999,1.4494990000000001,1,0,1,1,1,1,5,1,0,35,0,4.8840146064758301,-0.22089375555515289,0,1,0,1,fdee050000f7ff7f63000023d002cf56
201,stress100,J3,3,68,0.66999993300000005,0.67013454900000002,0.671127535,0.99298600000000004,1,0,1,1,1,1,3,1,0,34,0,2.1943645477294922,-0.34361249208450317,0,1,0,1,fdee030000f2ffb42c000022f802f49c
202,stress100,J4,4,68,0.67333326599999999,0.67343286199999997,0.67403752699999997,0.60466500000000001,1,0,1,1,1,1,4,1,0,35,0,0.7934533953666687,0.12271875143051147,0,1,0,1,fdee04000005002a10000023d00240db
203,stress100,J5,5,68,0.67666659900000004,0.67686496699999998,0.67817159900000001,1.306632,1,0,1,1,1,1,5,1,0,35,0,4.8840146064758301,-0.14726249873638153,0,1,0,1,fdee050000faff7f63000023d0021d5b
204,stress100,J3,3,69,0.67999993199999997,0.68014955399999999,0.68102073799999996,0.87118399999999996,1,0,1,1,1,1,3,1,0,34,0,2.1941728591918945,-0.68722498416900635,0,1,0,1,fdee030000e4ffb32c000022f8026700
205,stress100,J4,4,69,0.68333326500000002,0.68352145200000003,0.68517368099999998,1.6522289999999999,1,0,1,1,1,1,4,1,0,35,0,0.79326164722442627,-0.14726249873638153,0,1,0,1,fdee040000faff2910000023d002363d
206,stress100,J5,5,69,0.68666659799999996,0.68676978099999997,0.68810483200000006,1.335051,1,0,1,1,1,1,5,1,0,35,0,4.8840146064758301,-0.049087498337030411,0,1,0,1,fdee050000feff7f63000023d002f864
207,stress100,J3,3,70,0.68999993100000001,0.69014633000000003,0.69127975399999997,1.133424,1,0,1,1,1,1,3,1,0,34,0,2.1945564746856689,-0.024543749168515205,0,1,0,1,fdee030000ffffb52c000022f802f30e
208,stress100,J4,4,70,0.69333326399999995,0.69353339300000005,0.69404307799999998,0.50968500000000005,1,0,1,1,1,1,4,1,0,35,0,0.7934533953666687,0.12271875143051147,0,1,0,1,fdee04000005002a10000023d00240db
209,stress100,J5,5,70,0.696666597,0.696862694,0.698131379,1.2686850000000001,1,0,1,1,1,1,5,1,0,35,0,4.8840146064758301,-0.24543750286102295,0,1,0,1,fdee050000f6ff7f63000023d002321b
210,stress100,J3,3,71,0.69999993000000005,0.70015813000000005,0.70106973299999997,0.91160300000000005,1,0,1,1,1,1,3,1,0,34,0,2.1945564746856689,-0.073631249368190765,0,1,0,1,fdee030000fdffb52c000022f8020995
211,stress100,J4,4,71,0.70333326299999999,0.70353058899999998,0.70510656400000005,1.5759749999999999,1,0,1,1,1,1,4,1,0,35,0,0.79326164722442627,-0.19634999334812164,0,1,0,1,fdee040000f8ff2910000023d002cca6
212,stress100,J5,5,71,0.70666659600000004,0.70683925700000005,0.70810430300000005,1.2650459999999999,1,0,1,1,1,1,5,1,0,35,0,4.8840146064758301,-0.17180624604225159,0,1,0,1,fdee050000f9ff7f63000023d0021a8d
213,stress100,J3,3,72,0.70999992899999997,0.71020462600000001,0.711246033,1.041407,1,0,1,1,1,1,3,1,0,34,0,2.1945564746856689,-0.049087498337030411,0,1,0,1,fdee030000feffb52c000022f8020e43
214,stress100,J4,4,72,0.71333326200000002,0.71352651099999997,0.71511108099999998,1.58457,1,0,1,1,1,1,4,1,0,35,0,0.79326164722442627,-0.24543750286102295,0,1,0,1,fdee040000f6ff2910000023d002197d
215,stress100,J5,5,72,0.71666659499999996,0.71677493699999995,0.71821744099999996,1.442504,1,0,1,1,1,1,5,1,0,35,0,4.8840146064758301,-0.24543750286102295,0,1,0,1,fdee050000f6ff7f63000023d002321b
216,stress100,J3,3,73,0.71999992800000001,0.720152707,0.72116155999999998,1.008853,1,0,1,1,1,1,3,1,0,34,0,2.1945564746856689,-0.049087498337030411,0,1,0,1,fdee030000feffb52c000022f002ce8d
217,stress100,J4,4,73,0.72333326099999995,0.72338848600000005,0.72404426300000002,0.65577700000000005,1,0,1,1,1,1,4,1,0,35,0,0.79326164722442627,-0.19634999334812164,0,1,0,1,fdee040000f8ff2910000023d002cca6
218,stress100,J5,5,73,0.726666594,0.72685555099999999,0.72821863899999995,1.3630880000000001,1,0,1,1,1,1,5,1,0,35,0,4.8840146064758301,-0.17180624604225159,0,1,0,1,fdee050000f9ff7f63000023d0021a8d
219,stress100,J3,3,74,0.72999992700000005,0.73020048900000001,0.73120593099999998,1.0054419999999999,1,0,1,1,1,1,3,1,0,34,0,2.1945564746856689,0.024543749168515205,0,1,0,1,fdee0300000100b52c000022f802160d
220,stress100,J4,4,74,0.73333325999999999,0.73352142099999995,0.73521754100000003,1.6961200000000001,1,0,1,1,1,1,4,1,0,35,0,0.79326164722442627,-0.14726249873638153,0,1,0,1,fdee040000faff2910000023d002363d
221,stress100,J5,5,74,0.73666659300000004,0.73677213200000002,0.73821053000000003,1.4383980000000001,1,0,1,1,1,1,5,1,0,35,0,4.8840146064758301,-0.19634999334812164,0,1,0,1,fdee050000f8ff7f63000023d002e7c0
222,stress100,J3,3,75,0.73999992599999997,0.74020694399999998,0.74117000499999997,0.96306099999999994,1,0,1,1,1,1,3,1,0,34,0,2.1943645477294922,-0.049087498337030411,0,1,0,1,fdee030000feffb42c000022f802dbdc
223,stress100,J4,4,75,0.74333325900000002,0.74352553200000004,0.74517202100000002,1.6464890000000001,1,0,1,1,1,1,4,1,0,35,0,0.79326164722442627,-0.098174996674060822,0,1,0,1,fdee040000fcff2910000023d0022999
224,stress100,J5,5,75,0.74666659199999996,0.74685486999999995,0.74820076199999996,1.3458920000000001,1,0,1,1,1,1,5,1,0,35,0,4.8840146064758301,-0.24543750286102295,0,1,0,1,fdee050000f6ff7f63000023d002321b
225,stress100,J3,3,76,0.74999992500000001,0.75015772599999997,0.75106837400000004,0.91064800000000001,1,0,1,1,1,1,3,1,0,34,0,2.1945564746856689,0,0,1,0,1,fdee0300000000b52c000022f0022b8e
226,stress100,J4,4,76,0.75333325799999995,0.75352102300000001,0.75410235699999995,0.58133400000000002,1,0,1,1,1,1,4,1,0,35,0,0.79326164722442627,-0.19634999334812164,0,1,0,1,fdee040000f8ff2910000023d002cca6
227,stress100,J5,5,76,0.756666591,0.75685819200000004,0.75820301899999998,1.344827,1,0,1,1,1,1,5,1,0,35,0,4.8840146064758301,-0.12271875143051147,0,1,0,1,fdee050000fbff7f63000023d002e016
228,stress100,J3,3,77,0.75999992400000005,0.76015592499999995,0.76103615899999999,0.88023399999999996,1,0,1,1,1,1,3,1,0,34,0,2.1943645477294922,0,0,1,0,1,fdee0300000000b42c000022f8023edf
229,stress100,J4,4,77,0.76333325699999999,0.76352597099999997,0.76399789399999996,0.47192299999999998,1,0,1,1,1,1,4,1,0,35,0,0.79326164722442627,-0.26998123526573181,0,1,0,1,fdee040000f5ff2910000023d0021eab
230,stress100,J5,5,77,0.76666659000000004,0.76685988100000002,0.76811377400000003,1.2538929999999999,1,0,1,1,1,1,5,1,0,35,0,4.8842062950134277,0.19634999334812164,0,1,0,1,fdee05000008008063000023d0027296
231,stress100,J3,3,78,0.76999992299999998,0.77017834100000004,0.77121210100000004,1.03376,1,0,1,1,1,1,3,1,0,34,0,2.1945564746856689,0,0,1,0,1,fdee0300000000b52c000022f0022b8e
232,stress100,J4,4,78,0.77333325600000002,0.77349836500000002,0.77411518400000001,0.61681900000000001,1,0,1,1,1,1,4,1,0,35,0,0.79306989908218384,-0.4908750057220459,0,1,0,1,fdee040000ecff2810000023d00268f9
233,stress100,J5,5,78,0.77666658899999996,0.77685486199999998,0.77814565400000002,1.2907919999999999,1,0,1,1,1,1,5,1,0,35,0,4.8842062950134277,0.26998123526573181,0,1,0,1,fdee0500000b008063000023d0027540
234,stress100,J3,3,79,0.77999992200000001,0.78015988700000005,0.78115411700000004,0.99422999999999995,1,0,1,1,1,1,3,1,0,34,0,2.1943645477294922,-0.36815625429153442,0,1,0,1,fdee030000f1ffb42c000022f802f34a
235,stress100,J4,4,79,0.78333325499999995,0.78350126600000003,0.78410513900000001,0.60387299999999999,1,0,1,1,1,1,4,1,0,35,0,0.7934533953666687,0.098174996674060822,0,1,0,1,fdee04000004002a10000023d002bd96
236,stress100,J5,5,79,0.786666588,0.78686209399999996,0.788216256,1.3541620000000001,1,0,1,1,1,1,5,1,0,35,0,4.8840146064758301,-0.098174996674060822,0,1,0,1,fdee050000fcff7f63000023d00202ff
237,stress100,J3,3,80,0.78999992100000005,0.79019425700000001,0.79123547800000005,1.041221,1,0,1,1,1,1,3,1,0,34,0,2.1943645477294922,-0.36815625429153442,0,1,0,1,fdee030000f1ffb42c000022f802f34a
238,stress100,J4,4,80,0.79333325399999999,0.79348610200000003,0.79413892200000002,0.65281999999999996,1,0,1,1,1,1,4,1,0,35,0,0.79326164722442627,-0.22089375555515289,0,1,0,1,fdee040000f7ff2910000023d002e430
239,stress100,J5,5,80,0.79666658700000004,0.79685777499999999,0.79819945999999997,1.341685,1,0,1,1,1,1,5,1,0,35,0,4.8840146064758301,-0.19634999334812164,0,1,0,1,fdee050000f8ff7f63000023d002e7c0
240,stress100,J3,3,81,0.79999991999999998,0.80016263200000004,0.80110377799999999,0.94114600000000004,1,0,1,1,1,1,3,1,0,34,0,2.1945564746856689,-0.024543749168515205,0,1,0,1,fdee030000ffffb52c000022f802f30e
241,stress100,J4,4,81,0.80333325300000002,0.80352179599999995,0.80517635899999995,1.654563,1,0,1,1,1,1,4,1,0,35,0,0.79326164722442627,-0.22089375555515289,0,1,0,1,fdee040000f7ff2910000023d002e430
242,stress100,J5,5,81,0.80666658599999996,0.80685835500000003,0.80823307099999997,1.374716,1,0,1,1,1,1,5,1,0,35,0,4.8840146064758301,-0.12271875143051147,0,1,0,1,fdee050000fbff7f63000023d002e016
243,stress100,J3,3,82,0.80999991900000001,0.81018960699999998,0.81101542000000004,0.82581300000000002,1,0,1,1,1,1,3,1,0,34,0,2.1945564746856689,0,0,1,0,1,fdee0300000000b52c000022f0022b8e
244,stress100,J4,4,82,0.81333325199999995,0.81352166199999998,0.81504874800000005,1.5270859999999999,1,0,1,1,1,1,4,1,0,35,0,0.7934533953666687,0.19634999334812164,0,1,0,1,fdee04000008002a10000023d00292d6
245,stress100,J5,5,82,0.816666585,0.816857481,0.81808170800000002,1.224227,1,0,1,1,1,1,5,1,0,35,0,4.8840146064758301,-0.049087498337030411,0,1,0,1,fdee050000feff7f63000023d002f864
246,stress100,J3,3,83,0.81999991800000005,0.82016288299999995,0.821030484,0.86760099999999996,1,0,1,1,1,1,3,1,0,34,0,2.1945564746856689,0.073631249368190765,0,1,0,1,fdee0300000300b52c000022f0022c58
247,stress100,J4,4,83,0.82333325099999999,0.82350444599999995,0.823929413,0.42496699999999998,1,0,1,1,1,1,4,1,0,35,0,0.7934533953666687,0.12271875143051147,0,1,0,1,fdee04000005002a10000023d00240db
248,stress100,J5,5,83,0.82666658400000004,0.82683739700000003,0.82804191100000002,1.2045140000000001,1,0,1,1,1,1,5,1,0,35,0,4.8840146064758301,-0.17180624604225159,0,1,0,1,fdee050000f9ff7f63000023d0021a8d
249,stress100,J3,3,84,0.82999991699999998,0.830159176,0.83101780800000002,0.85863199999999995,1,0,1,1,1,1,3,1,0,34,0,2.1945564746856689,0,0,1,0,1,fdee0300000000b52c000022f0022b8e
250,stress100,J4,4,84,0.83333325000000003,0.833553023,0.83508488199999997,1.5318590000000001,1,0,1,1,1,1,4,1,0,35,0,0.79326164722442627,-0.17180624604225159,0,1,0,1,fdee040000f9ff2910000023d00231eb
251,stress100,J5,5,84,0.83666658299999996,0.83686269199999996,0.83807925500000002,1.2165630000000001,1,0,1,1,1,1,5,1,0,35,0,4.8840146064758301,-0.098174996674060822,0,1,0,1,fdee050000fcff7f63000023d00202ff
252,stress100,J3,3,85,0.83999991600000001,0.84016124299999995,0.84101360700000005,0.85236400000000001,1,0,1,1,1,1,3,1,0,34,0,2.1943645477294922,-0.36815625429153442,0,1,0,1,fdee030000f1ffb42c000022f802f34a
253,stress100,J4,4,85,0.84333324899999995,0.84352194800000002,0.844986236,1.464288,1,0,1,1,1,1,4,1,0,35,0,0.79326164722442627,-0.29452499747276306,0,1,0,1,fdee040000f4ff2910000023d002e3e6
254,stress100,J5,5,85,0.846666582,0.846835899,0.84801430799999999,1.178409,1,0,1,1,1,1,5,1,0,35,0,4.8840146064758301,-0.19634999334812164,0,1,0,1,fdee050000f8ff7f63000023d002e7c0
255,stress100,J3,3,86,0.84999991500000005,0.85017745300000003,0.85109482599999997,0.91737299999999999,1,0,1,1,1,1,3,1,0,34,0,2.1943645477294922,-0.29452499747276306,0,1,0,1,fdee030000f4ffb42c000022f802eb38
256,stress100,J4,4,86,0.85333324799999999,0.85351284000000005,0.85392945200000003,0.41661199999999998,1,0,1,1,1,1,4,1,0,35,0,0.79326164722442627,-0.24543750286102295,0,1,0,1,fdee040000f6ff2910000023d002197d
257,stress100,J5,5,86,0.85666658100000004,0.85686754300000001,0.858059299,1.191756,1,0,1,1,1,1,5,1,0,35,0,4.8840146064758301,-0.14726249873638153,0,1,0,1,fdee050000faff7f63000023d0021d5b
258,stress100,J3,3,87,0.85999991399999998,0.86016655799999997,0.86117572399999998,1.009166,1,0,1,1,1,1,3,1,0,34,0,2.1945564746856689,0.024543749168515205,0,1,0,1,fdee0300000100b52c000022f002d6c3
259,stress100,J4,4,87,0.86333324700000003,0.86352262099999999,0.86517946599999995,1.6568449999999999,1,0,1,1,1,1,4,1,0,35,0,0.79326164722442627,-0.17180624604225159,0,1,0,1,fdee040000f9ff2910000023d00231eb
260,stress100,J5,5,87,0.86666657999999996,0.86685656099999997,0.86812002300000002,1.2634620000000001,1,0,1,1,1,1,5,1,0,35,0,4.8840146064758301,-0.12271875143051147,0,1,0,1,fdee050000fbff7f63000023d002e016
261,stress100,J3,3,88,0.86999991300000001,0.87016831699999997,0.87121498799999997,1.0466709999999999,1,0,1,1,1,1,3,1,0,34,0,2.1943645477294922,-0.36815625429153442,0,1,0,1,fdee030000f1ffb42c000022f802f34a
262,stress100,J4,4,88,0.87333324599999995,0.87349374800000001,0.87404083399999999,0.54708599999999996,1,0,1,1,1,1,4,1,0,35,0,0.7934533953666687,0.22089375555515289,0,1,0,1,fdee04000009002a10000023d0026f9b
263,stress100,J5,5,88,0.876666579,0.87685759799999996,0.87803904499999996,1.1814469999999999,1,0,1,1,1,1,5,1,0,35,0,4.8838229179382324,-0.39269998669624329,0,1,0,1,fdee050000f0ff7e63000023d002f820
264,stress100,J3,3,89,0.87999991200000005,0.88015978299999997,0.88114839499999997,0.98861200000000005,1,0,1,1,1,1,3,1,0,34,0,2.1945564746856689,0.024543749168515205,0,1,0,1,fdee0300000100b52c000022f802160d
265,stress100,J4,4,89,0.88333324499999999,0.88352107700000004,0.88516667199999999,1.6455949999999999,1,0,1,1,1,1,4,1,0,35,0,0.79326164722442627,-0.24543750286102295,0,1,0,1,fdee040000f6ff2910000023d002197d
266,stress100,J5,5,89,0.88666657800000004,0.88686038099999998,0.88825696499999995,1.396584,1,0,1,1,1,1,5,1,0,35,0,4.8840146064758301,-0.22089375555515289,0,1,0,1,fdee050000f7ff7f63000023d002cf56
267,stress100,J3,3,90,0.88999991099999998,0.89015021900000002,0.89120834999999998,1.0581309999999999,1,0,1,1,1,1,3,1,0,34,0,2.1945564746856689,0.049087498337030411,0,1,0,1,fdee0300000200b52c000022f80211db
268,stress100,J4,4,90,0.89333324400000003,0.89339127500000004,0.89419354900000003,0.80227400000000004,1,0,1,1,1,1,4,1,0,35,0,0.79326164722442627,-0.24543750286102295,0,1,0,1,fdee040000f6ff2910000023d002197d
269,stress100,J5,5,90,0.89666657699999996,0.89686094999999999,0.89820023500000001,1.3392850000000001,1,0,1,1,1,1,5,1,0,35,0,4.8840146064758301,-0.098174996674060822,0,1,0,1,fdee050000fcff7f63000023d00202ff
270,stress100,J3,3,91,0.89999991000000001,0.90016888799999994,0.90110674999999996,0.93786199999999997,1,0,1,1,1,1,3,1,0,34,0,2.1943645477294922,-0.31906875967979431,0,1,0,1,fdee030000f3ffb42c000022f002c91f
271,stress100,J4,4,91,0.90333324299999995,0.90352969299999997,0.90398556500000005,0.455872,1,0,1,1,1,1,4,1,0,35,0,0.7934533953666687,0.12271875143051147,0,1,0,1,fdee04000005002a10000023d00240db
272,stress100,J5,5,91,0.906666576,0.90686089400000003,0.90821634100000004,1.3554470000000001,1,0,1,1,1,1,5,1,0,35,0,4.8838229179382324,-0.41724374890327454,0,1,0,1,fdee050000efff7e63000023d0024449
273,stress100,J3,3,92,0.90999990900000005,0.91017831900000001,0.91117532499999998,0.99700599999999995,1,0,1,1,1,1,3,1,0,34,0,2.1945564746856689,0.024543749168515205,0,1,0,1,fdee0300000100b52c000022f802160d
274,stress100,J4,4,92,0.91333324199999999,0.91338954000000006,0.91400755199999995,0.61801200000000001,1,0,1,1,1,1,4,1,0,35,0,0.79326164722442627,-0.17180624604225159,0,1,0,1,fdee040000f9ff2910000023d00231eb
275,stress100,J5,5,92,0.91666657500000004,0.91686398899999999,0.91806418199999995,1.2001930000000001,1,0,1,1,1,1,5,1,0,35,0,4.8842062950134277,0.24543750286102295,0,1,0,1,fdee0500000a008063000023d002880d
276,stress100,J3,3,93,0.91999990799999998,0.92015335799999998,0.92096484599999995,0.81148799999999999,1,0,1,1,1,1,3,1,0,34,0,2.1947481632232666,0.34361249208450317,0,1,0,1,fdee0300000e00b62c000022f8025033
277,stress100,J4,4,93,0.92333324100000003,0.92349161499999999,0.92393540399999996,0.44378899999999999,1,0,1,1,1,1,4,1,0,35,0,0.79306989908218384,-0.63813751935958862,0,1,0,1,fdee040000e6ff2810000023d002581d
278,stress100,J5,5,93,0.92666657399999997,0.92686076399999995,0.92807905300000004,1.218289,1,0,1,1,1,1,5,1,0,35,0,4.8840146064758301,-0.14726249873638153,0,1,0,1,fdee050000faff7f63000023d0021d5b
279,stress100,J3,3,94,0.92999990700000001,0.93016976399999995,0.93107226200000004,0.90249800000000002,1,0,1,1,1,1,3,1,0,34,0,2.1943645477294922,-0.073631249368190765,0,1,0,1,fdee030000fdffb42c000022f802dc0a
280,stress100,J4,4,94,0.93333323999999995,0.93349999500000003,0.93391466300000003,0.41466799999999998,1,0,1,1,1,1,4,1,0,35,0,0.7934533953666687,-0.17180624604225159,0,1,0,1,fdee040000f9ff2a10000023d0025f43
281,stress100,J5,5,94,0.936666573,0.93683909899999995,0.93802449200000004,1.1853929999999999,1,0,1,1,1,1,5,1,0,35,0,4.8838229179382324,-0.51541876792907715,0,1,0,1,fdee050000ebff7e63000023d002a176
282,stress100,J3,3,95,0.93999990600000005,0.94016439699999999,0.94101104899999999,0.84665199999999996,1,0,1,1,1,1,3,1,0,34,0,2.1945564746856689,0.46633124351501465,0,1,0,1,fdee0300001300b52c000022f8027869
283,stress100,J4,4,95,0.94333323899999999,0.94353063699999995,0.94391635799999996,0.38572099999999998,1,0,1,1,1,1,4,1,0,35,0,0.79326164722442627,-0.17180624604225159,0,1,0,1,fdee040000f9ff2910000023d00231eb
284,stress100,J5,5,95,0.94666657200000004,0.94686434200000003,0.94806384499999996,1.199503,1,0,1,1,1,1,5,1,0,35,0,4.8840146064758301,-0.098174996674060822,0,1,0,1,fdee050000fcff7f63000023d00202ff
285,stress100,J3,3,96,0.94999990499999998,0.95015975399999997,0.95106343500000001,0.90368099999999996,1,0,1,1,1,1,3,1,0,34,0,2.1947481632232666,0.22089375555515289,0,1,0,1,fdee0300000900b62c000022f802b2da
286,stress100,J4,4,96,0.95333323800000003,0.95352565899999997,0.95389892399999998,0.37326500000000001,1,0,1,1,1,1,4,1,0,35,0,0.7934533953666687,0.24543750286102295,0,1,0,1,fdee0400000a002a10000023d002684d
287,stress100,J5,5,96,0.95666657099999997,0.95686229599999995,0.95806275200000002,1.200456,1,0,1,1,1,1,5,1,0,35,0,4.8840146064758301,-0.24543750286102295,0,1,0,1,fdee050000f6ff7f63000023d002321b
288,stress100,J3,3,97,0.95999990400000002,0.96017085400000002,0.96101071400000004,0.83986000000000005,1,0,1,1,1,1,3,1,0,34,0,2.1943645477294922,-0.36815625429153442,0,1,0,1,fdee030000f1ffb42c000022f802f34a
289,stress100,J4,4,97,0.96333323699999995,0.96338608400000003,0.96408296599999999,0.696882,1,0,1,1,1,1,4,1,0,35,0,0.79326164722442627,-0.41724374890327454,0,1,0,1,fdee040000efff2910000023d002bab0
290,stress100,J5,5,97,0.96666657,0.96673715400000004,0.96806345000000005,1.3262959999999999,1,0,1,1,1,1,5,1,0,35,0,4.8840146064758301,-0.12271875143051147,0,1,0,1,fdee050000fbff7f63000023d002e016
291,stress100,J3,3,98,0.96999990300000005,0.97002865800000004,0.97099083600000002,0.96217799999999998,1,0,1,1,1,1,3,1,0,34,0,2.1943645477294922,-0.31906875967979431,0,1,0,1,fdee030000f3ffb42c000022f80209d1
292,stress100,J4,4,98,0.97333323599999999,0.97340196400000001,0.97395570300000001,0.55373899999999998,1,0,1,1,1,1,4,1,0,35,0,0.79306989908218384,-0.58904999494552612,0,1,0,1,fdee040000e8ff2810000023d0028dc6
293,stress100,J5,5,98,0.97666656900000004,0.97673501900000004,0.97806414900000005,1.3291299999999999,1,0,1,1,1,1,5,1,0,35,0,4.8840146064758301,-0.46633124351501465,0,1,0,1,fdee050000edff7f63000023d0026b4d
294,stress100,J3,3,99,0.97999990199999998,0.98002749099999997,0.98101185499999999,0.98436400000000002,1,0,1,1,1,1,3,1,0,34,0,2.1945564746856689,0.073631249368190765,0,1,0,1,fdee0300000300b52c000022f802ec96
295,stress100,J4,4,99,0.98333323500000003,0.98340055800000004,0.984037316,0.63675800000000005,1,0,1,1,1,1,4,1,0,35,0,0.7934533953666687,0.19634999334812164,0,1,0,1,fdee04000008002a10000023d00292d6
296,stress100,J5,5,99,0.98666656799999997,0.98673394699999994,0.98799647999999995,1.2625329999999999,1,0,1,1,1,1,5,1,0,35,0,4.8840146064758301,-0.19634999334812164,0,1,0,1,fdee050000f8ff7f63000023d002e7c0
297,stress100,J3,3,100,0.98999990100000002,0.99002764799999998,0.99100612499999996,0.97847700000000004,1,0,1,1,1,1,3,1,0,34,0,2.1945564746856689,0.22089375555515289,0,1,0,1,fdee0300000900b52c000022f802dc72
298,stress100,J4,4,100,0.99333323399999995,0.99340213899999996,0.99396842500000004,0.56628599999999996,1,0,1,1,1,1,4,1,0,35,0,0.79326164722442627,-0.19634999334812164,0,1,0,1,fdee040000f8ff2910000023d002cca6
299,stress100,J5,5,100,0.996666567,0.99673828099999995,0.99795888099999996,1.2205999999999999,1,0,1,1,1,1,5,1,0,35,0,4.8840146064758301,-0.24543750286102295,0,1,0,1,fdee050000f6ff7f63000023d002321b
300,stress100,J3,3,101,0.99999990000000005,1.000027658,1.0009677299999999,0.94007200000000002,1,0,1,1,1,1,3,1,0,34,0,2.1943645477294922,-0.098174996674060822,0,1,0,1,fdee030000fcffb42c000022f8022147
301,stress100,J4,4,101,1.003333233,1.003389882,1.004067592,0.67771000000000003,1,0,1,1,1,1,4,1,0,35,0,0.79326164722442627,-0.14726249873638153,0,1,0,1,fdee040000faff2910000023d002363d
302,stress100,J5,5,101,1.006666566,1.006859006,1.0081708979999999,1.3118920000000001,1,0,1,1,1,1,5,1,0,35,0,4.8840146064758301,-0.14726249873638153,0,1,0,1,fdee050000faff7f63000023d0021d5b
303,stress100,J3,3,102,1.0099998990000001,1.0101652569999999,1.01118139,1.016133,1,0,1,1,1,1,3,1,0,34,0,2.1945564746856689,-0.073631249368190765,0,1,0,1,fdee030000fdffb52c000022f8020995
304,stress100,J4,4,102,1.0133332319999999,1.0135335519999999,1.0149768699999999,1.4433180000000001,1,0,1,1,1,1,4,1,0,35,0,0.79326164722442627,-0.17180624604225159,0,1,0,1,fdee040000f9ff2910000023d00231eb
305,stress100,J5,5,102,1.016666565,1.016736138,1.018058565,1.322427,1,0,1,1,1,1,5,1,0,35,0,4.8842062950134277,0.19634999334812164,0,1,0,1,fdee05000008008063000023d0027296
306,stress100,J3,3,103,1.019999898,1.0200272020000001,1.0210514559999999,1.024254,1,0,1,1,1,1,3,1,0,34,0,2.1945564746856689,0.049087498337030411,0,1,0,1,fdee0300000200b52c000022f80211db
307,stress100,J4,4,103,1.0233332310000001,1.0234258249999999,1.0238575700000001,0.43174499999999999,1,0,1,1,1,1,4,1,0,35,0,0.7934533953666687,0.19634999334812164,0,1,0,1,fdee04000008002a10000023d00292d6
308,stress100,J5,5,103,1.0266665639999999,1.0268569009999999,1.028064708,1.2078070000000001,1,0,1,1,1,1,5,1,0,35,0,4.8842062950134277,0.22089375555515289,0,1,0,1,fdee05000009008063000023d0028fdb
309,stress100,J3,3,104,1.0299998969999999,1.0301620090000001,1.0310600759999999,0.89806699999999995,1,0,1,1,1,1,3,1,0,34,0,2.1943645477294922,-0.34361249208450317,0,1,0,1,fdee030000f2ffb42c000022f802f49c
310,stress100,J4,4,104,1.03333323,1.0335279770000001,1.0349964890000001,1.468512,1,0,1,1,1,1,4,1,0,35,0,0.79306989908218384,-0.61359375715255737,0,1,0,1,fdee040000e7ff2810000023d002a550
311,stress100,J5,5,104,1.036666563,1.036860624,1.038097128,1.236504,1,0,1,1,1,1,5,1,0,35,0,4.8840146064758301,-0.14726249873638153,0,1,0,1,fdee050000faff7f63000023d0021d5b
312,stress100,J3,3,105,1.0399998960000001,1.040161262,1.041017613,0.85635099999999997,1,0,1,1,1,1,3,1,0,34,0,2.1945564746856689,-0.049087498337030411,0,1,0,1,fdee030000feffb52c000022f8020e43
313,stress100,J4,4,105,1.0433332289999999,1.043523478,1.0450461879999999,1.52271,1,0,1,1,1,1,4,1,0,35,0,0.7934533953666687,0.17180624604225159,0,1,0,1,fdee04000007002a10000023d002ba40
314,stress100,J5,5,105,1.046666562,1.0468636920000001,1.048061688,1.1979960000000001,1,0,1,1,1,1,5,1,0,35,0,4.8840146064758301,-0.22089375555515289,0,1,0,1,fdee050000f7ff7f63000023d002cf56
315,stress100,J3,3,106,1.049999895,1.0501653419999999,1.0510121619999999,0.84682000000000002,1,0,1,1,1,1,3,1,0,34,0,2.1943645477294922,-0.39269998669624329,0,1,0,1,fdee030000f0ffb42c000022f8020e07
316,stress100,J4,4,106,1.0533332280000001,1.0535255160000001,1.0550910229999999,1.565507,1,0,1,1,1,1,4,1,0,35,0,0.7934533953666687,0.098174996674060822,0,1,0,1,fdee04000004002a10000023d002bd96
317,stress100,J5,5,106,1.0566665609999999,1.0567726070000001,1.0580877769999999,1.31517,1,0,1,1,1,1,5,1,0,35,0,4.8842062950134277,0.17180624604225159,0,1,0,1,fdee05000007008063000023d0025a00
318,stress100,J3,3,107,1.0599998939999999,1.0600305649999999,1.061016679,0.98611400000000005,1,0,1,1,1,1,3,1,0,34,0,2.1945564746856689,0.024543749168515205,0,1,0,1,fdee0300000100b52c000022f802160d
319,stress100,J4,4,107,1.063333227,1.0634738930000001,1.0638943999999999,0.42050700000000002,1,0,1,1,1,1,4,1,0,35,0,0.79306989908218384,-0.56450623273849487,0,1,0,1,fdee040000e9ff2810000023d002708b
320,stress100,J5,5,107,1.06666656,1.0668477190000001,1.0680141510000001,1.1664319999999999,1,0,1,1,1,1,5,1,0,35,0,4.8840146064758301,-0.17180624604225159,0,1,0,1,fdee050000f9ff7f63000023d0021a8d
321,stress100,J3,3,108,1.0699998930000001,1.0700944670000001,1.0710577649999999,0.96329799999999999,1,0,1,1,1,1,3,1,0,34,0,2.1943645477294922,-0.36815625429153442,0,1,0,1,fdee030000f1ffb42c000022f802f34a
322,stress100,J4,4,108,1.0733332259999999,1.0733918769999999,1.0739260370000001,0.53415999999999997,1,0,1,1,1,1,4,1,0,35,0,0.79326164722442627,-0.29452499747276306,0,1,0,1,fdee040000f4ff2910000023d002e3e6
323,stress100,J5,5,108,1.076666559,1.0767617869999999,1.0779669789999999,1.205192,1,0,1,1,1,1,5,1,0,35,0,4.8840146064758301,-0.14726249873638153,0,1,0,1,fdee050000faff7f63000023d0021d5b
324,stress100,J3,3,109,1.079999892,1.0800930040000001,1.0810209500000001,0.92794600000000005,1,0,1,1,1,1,3,1,0,34,0,2.1945564746856689,-0.024543749168515205,0,1,0,1,fdee030000ffffb52c000022f802f30e
325,stress100,J4,4,109,1.0833332250000001,1.0834219329999999,1.0838949419999999,0.47300900000000001,1,0,1,1,1,1,4,1,0,35,0,0.7934533953666687,0.12271875143051147,0,1,0,1,fdee04000005002a10000023d00240db
326,stress100,J5,5,109,1.0866665579999999,1.086760554,1.087942714,1.1821600000000001,1,0,1,1,1,1,5,1,0,35,0,4.8840146064758301,-0.17180624604225159,0,1,0,1,fdee050000f9ff7f63000023d0021a8d
327,stress100,J3,3,110,1.0899998909999999,1.0900804589999999,1.09095041,0.86995100000000003,1,0,1,1,1,1,3,1,0,34,0,2.1943645477294922,-0.39269998669624329,0,1,0,1,fdee030000f0ffb42c000022f002cec9
328,stress100,J4,4,110,1.093333224,1.093422713,1.093930866,0.50815299999999997,1,0,1,1,1,1,4,1,0,35,0,0.79326164722442627,-0.098174996674060822,0,1,0,1,fdee040000fcff2910000023d0022999
329,stress100,J5,5,110,1.096666557,1.0967632730000001,1.0979599799999999,1.196707,1,0,1,1,1,1,5,1,0,35,0,4.8838229179382324,-0.44178751111030579,0,1,0,1,fdee050000eeff7e63000023d002b904
330,stress100,J3,3,111,1.0999998900000001,1.1001108420000001,1.1010315289999999,0.92068700000000003,1,0,1,1,1,1,3,1,0,34,0,2.1943645477294922,-0.31906875967979431,0,1,0,1,fdee030000f3ffb42c000022f002c91f
331,stress100,J4,4,111,1.1033332229999999,1.1035300539999999,1.1049728130000001,1.4427589999999999,1,0,1,1,1,1,4,1,0,35,0,0.79326164722442627,-0.24543750286102295,0,1,0,1,fdee040000f6ff2910000023d002197d
332,stress100,J5,5,111,1.106666556,1.106775504,1.1080787999999999,1.303296,1,0,1,1,1,1,5,1,0,35,0,4.8840146064758301,-0.17180624604225159,0,1,0,1,fdee050000f9ff7f63000023d0021a8d
333,stress100,J3,3,112,1.109999889,1.1101591820000001,1.111063605,0.90442299999999998,1,0,1,1,1,1,3,1,0,34,0,2.1943645477294922,-0.31906875967979431,0,1,0,1,fdee030000f3ffb42c000022f80209d1
334,stress100,J4,4,112,1.1133332220000001,1.1135191950000001,1.115005504,1.4863090000000001,1,0,1,1,1,1,4,1,0,35,0,0.79326164722442627,-0.24543750286102295,0,1,0,1,fdee040000f6ff2910000023d002197d
335,stress100,J5,5,112,1.1166665549999999,1.1168752399999999,1.1180676060000001,1.192366,1,0,1,1,1,1,5,1,0,35,0,4.8840146064758301,-0.17180624604225159,0,1,0,1,fdee050000f9ff7f63000023d0021a8d
336,stress100,J3,3,113,1.1199998879999999,1.120159098,1.121029783,0.87068500000000004,1,0,1,1,1,1,3,1,0,34,0,2.1943645477294922,-0.36815625429153442,0,1,0,1,fdee030000f1ffb42c000022f802f34a
337,stress100,J4,4,113,1.123333221,1.1234973509999999,1.1239031690000001,0.40581800000000001,1,0,1,1,1,1,4,1,0,35,0,0.79326164722442627,-0.24543750286102295,0,1,0,1,fdee040000f6ff2910000023d002197d
338,stress100,J5,5,113,1.126666554,1.1267776389999999,1.1280684649999999,1.290826,1,0,1,1,1,1,5,1,0,35,0,4.8840146064758301,-0.098174996674060822,0,1,0,1,fdee050000fcff7f63000023d00202ff
339,stress100,J3,3,114,1.1299998870000001,1.130034107,1.131016866,0.98275900000000005,1,0,1,1,1,1,3,1,0,34,0,2.1945564746856689,0,0,1,0,1,fdee0300000000b52c000022f802eb40
340,stress100,J4,4,114,1.1333332199999999,1.1335270209999999,1.1350544680000001,1.527447,1,0,1,1,1,1,4,1,0,35,0,0.79326164722442627,-0.24543750286102295,0,1,0,1,fdee040000f6ff2910000023d002197d
341,stress100,J5,5,114,1.136666553,1.136862576,1.138097159,1.234583,1,0,1,1,1,1,5,1,0,35,0,4.8842062950134277,0.17180624604225159,0,1,0,1,fdee05000007008063000023d0025a00
342,stress100,J3,3,115,1.139999886,1.1401764510000001,1.1409638799999999,0.78742900000000005,1,0,1,1,1,1,3,1,0,34,0,2.1945564746856689,0,0,1,0,1,fdee0300000000b52c000022f802eb40
343,stress100,J4,4,115,1.1433332190000001,1.143524856,1.1450397450000001,1.5148889999999999,1,0,1,1,1,1,4,1,0,35,0,0.79326164722442627,-0.22089375555515289,0,1,0,1,fdee040000f7ff2910000023d002e430
344,stress100,J5,5,115,1.1466665519999999,1.1467725980000001,1.148056878,1.2842800000000001,1,0,1,1,1,1,5,1,0,35,0,4.8838229179382324,-0.4908750057220459,0,1,0,1,fdee050000ecff7e63000023d002439f
345,stress100,J3,3,116,1.1499998849999999,1.1501328749999999,1.151062155,0.92927999999999999,1,0,1,1,1,1,3,1,0,34,0,2.1943645477294922,-0.31906875967979431,0,1,0,1,fdee030000f3ffb42c000022f80209d1
346,stress100,J4,4,116,1.153333218,1.153524789,1.1549741010000001,1.4493119999999999,1,0,1,1,1,1,4,1,0,35,0,0.79326164722442627,-0.24543750286102295,0,1,0,1,fdee040000f6ff2910000023d002197d
347,stress100,J5,5,116,1.156666551,1.156861117,1.158090112,1.2289950000000001,1,0,1,1,1,1,5,1,0,35,0,4.8840146064758301,-0.14726249873638153,0,1,0,1,fdee050000faff7f63000023d0021d5b
348,stress100,J3,3,117,1.1599998840000001,1.1601609900000001,1.161012097,0.85110699999999995,1,0,1,1,1,1,3,1,0,34,0,2.1943645477294922,0.34361249208450317,0,1,0,1,fdee0300000e00b42c000022f802eb04
349,stress100,J4,4,117,1.1633332169999999,1.1635115810000001,1.163859209,0.34762799999999999,1,0,1,1,1,1,4,1,0,35,0,0.7934533953666687,0.14726249873638153,0,1,0,1,fdee04000006002a10000023d002470d
350,stress100,J5,5,117,1.16666655,1.1668991470000001,1.168077297,1.17815,1,0,1,1,1,1,5,1,0,35,0,4.8840146064758301,-0.098174996674060822,0,1,0,1,fdee050000fcff7f63000023d00202ff
351,stress100,J3,3,118,1.169999883,1.1701486699999999,1.1710515610000001,0.902891,1,0,1,1,1,1,3,1,0,34,0,2.1945564746856689,0.024543749168515205,0,1,0,1,fdee0300000100b52c000022f802160d
352,stress100,J4,4,118,1.1733332160000001,1.173524279,1.174944792,1.4205129999999999,1,0,1,1,1,1,4,1,0,35,0,0.79326164722442627,-0.29452499747276306,0,1,0,1,fdee040000f4ff2910000023d002e3e6
353,stress100,J5,5,118,1.1766665489999999,1.1768626529999999,1.178055579,1.1929259999999999,1,0,1,1,1,1,5,1,0,35,0,4.8840146064758301,-0.24543750286102295,0,1,0,1,fdee050000f6ff7f63000023d002321b
354,stress100,J3,3,119,1.1799998819999999,1.1801657430000001,1.18100841,0.84266700000000005,1,0,1,1,1,1,3,1,0,34,0,2.1945564746856689,0.098174996674060822,0,1,0,1,fdee0300000400b52c000022f8020e7f
355,stress100,J4,4,119,1.183333215,1.1835244760000001,1.1838570470000001,0.33257100000000001,1,0,1,1,1,1,4,1,0,35,0,0.79326164722442627,-0.19634999334812164,0,1,0,1,fdee040000f8ff2910000023d002cca6
356,stress100,J5,5,119,1.186666548,1.186862281,1.1880702809999999,1.208,1,0,1,1,1,1,5,1,0,35,0,4.8842062950134277,0.19634999334812164,0,1,0,1,fdee05000008008063000023d0027296
357,stress100,J3,3,120,1.1899998810000001,1.1901746550000001,1.1910063449999999,0.83169000000000004,1,0,1,1,1,1,3,1,0,34,0,2.1945564746856689,0,0,1,0,1,fdee0300000000b52c000022f802eb40
358,stress100,J4,4,120,1.1933332139999999,1.1934289920000001,1.1938991590000001,0.470167,1,0,1,1,1,1,4,1,0,35,0,0.79326164722442627,-0.26998123526573181,0,1,0,1,fdee040000f5ff2910000023d0021eab
359,stress100,J5,5,120,1.196666547,1.19685895,1.197953727,1.0947769999999999,1,0,1,1,1,1,5,1,0,35,0,4.8840146064758301,-0.17180624604225159,0,1,0,1,fdee050000f9ff7f63000023d0021a8d
360,stress100,J3,3,121,1.19999988,1.2001338370000001,1.2010124680000001,0.87863100000000005,1,0,1,1,1,1,3,1,0,34,0,2.1943645477294922,-0.39269998669624329,0,1,0,1,fdee030000f0ffb42c000022f8020e07
361,stress100,J4,4,121,1.2033332130000001,1.203404717,1.203939001,0.53428399999999998,1,0,1,1,1,1,4,1,0,35,0,0.7934533953666687,-0.049087498337030411,0,1,0,1,fdee040000feff2a10000023d002bdaa
362,stress100,J5,5,121,1.2066665459999999,1.206735659,1.2080472069999999,1.3115479999999999,1,0,1,1,1,1,5,1,0,35,0,4.8838229179382324,-0.4908750057220459,0,1,0,1,fdee050000ecff7e63000023d002439f
363,stress100,J3,3,122,1.2099998789999999,1.210027186,1.210980232,0.95304599999999995,1,0,1,1,1,1,3,1,0,34,0,2.1945564746856689,-0.024543749168515205,0,1,0,1,fdee030000ffffb52c000022f802f30e
364,stress100,J4,4,122,1.213333212,1.2134012089999999,1.213971329,0.57011999999999996,1,0,1,1,1,1,4,1,0,35,0,0.7934533953666687,0.073631249368190765,0,1,0,1,fdee04000003002a10000023d0025f7f
365,stress100,J5,5,122,1.216666545,1.2167376860000001,1.217974377,1.236691,1,0,1,1,1,1,5,1,0,35,0,4.8840146064758301,-0.12271875143051147,0,1,0,1,fdee050000fbff7f63000023d002e016
366,stress100,J3,3,123,1.2199998780000001,1.2200274929999999,1.22100806,0.98056699999999997,1,0,1,1,1,1,3,1,0,34,0,2.1943645477294922,-0.049087498337030411,0,1,0,1,fdee030000feffb42c00002200039a7f
367,stress100,J4,4,123,1.2233332109999999,1.2234011899999999,1.2239908559999999,0.58966600000000002,1,0,1,1,1,1,4,1,0,35,0,0.7934533953666687,0.12271875143051147,0,1,0,1,fdee04000005002a10000023d00240db
368,stress100,J5,5,123,1.226666544,1.226734032,1.227973322,1.23929,1,0,1,1,1,1,5,1,0,35,0,4.8838229179382324,-0.53996247053146362,0,1,0,1,fdee050000eaff7e63000023d0025c3b
369,stress100,J3,3,124,1.229999877,1.2300278259999999,1.2310444519999999,1.016626,1,0,1,1,1,1,3,1,0,34,0,2.1943645477294922,-0.024543749168515205,0,1,0,1,fdee030000ffffb42c000022f8022691
370,stress100,J4,4,124,1.2333332100000001,1.2334012130000001,1.2339336380000001,0.53242500000000004,1,0,1,1,1,1,4,1,0,35,0,0.7934533953666687,0.12271875143051147,0,1,0,1,fdee04000005002a10000023d00240db
371,stress100,J5,5,124,1.2366665429999999,1.2367372759999999,1.2380409210000001,1.3036449999999999,1,0,1,1,1,1,5,1,0,35,0,4.8842062950134277,0.29452499747276306,0,1,0,1,fdee0500000c008063000023d00297a9
372,stress100,J3,3,125,1.2399998759999999,1.2400274549999999,1.241037508,1.0100530000000001,1,0,1,1,1,1,3,1,0,34,0,2.1943645477294922,-0.049087498337030411,0,1,0,1,fdee030000feffb42c000022f802dbdc
373,stress100,J4,4,125,1.243333209,1.2434044339999999,1.2439288159999999,0.52438200000000001,1,0,1,1,1,1,4,1,0,35,0,0.7934533953666687,0.24543750286102295,0,1,0,1,fdee0400000a002a10000023d002684d
374,stress100,J5,5,125,1.246666542,1.246737494,1.2479833789999999,1.2458849999999999,1,0,1,1,1,1,5,1,0,35,0,4.8840146064758301,-0.12271875143051147,0,1,0,1,fdee050000fbff7f63000023d002e016
375,stress100,J3,3,126,1.2499998750000001,1.2500273580000001,1.2510443929999999,1.0170349999999999,1,0,1,1,1,1,3,1,0,34,0,2.1943645477294922,-0.41724374890327454,0,1,0,1,fdee030000efffb42c000022f00272a0
376,stress100,J4,4,126,1.2533332079999999,1.253400654,1.25399178,0.59112600000000004,1,0,1,1,1,1,4,1,0,35,0,0.79326164722442627,-0.17180624604225159,0,1,0,1,fdee040000f9ff2910000023d00231eb
377,stress100,J5,5,126,1.256666541,1.256736305,1.258059042,1.3227370000000001,1,0,1,1,1,1,5,1,0,35,0,4.8840146064758301,-0.12271875143051147,0,1,0,1,fdee050000fbff7f63000023d002e016
378,stress100,J3,3,127,1.259999874,1.260030652,1.26101033,0.97967800000000005,1,0,1,1,1,1,3,1,0,34,0,2.1947481632232666,0.34361249208450317,0,1,0,1,fdee0300000e00b62c000022f8025033
379,stress100,J4,4,127,1.2633332070000001,1.26340151,1.2639330529999999,0.53154299999999999,1,0,1,1,1,1,4,1,0,35,0,0.7934533953666687,0.12271875143051147,0,1,0,1,fdee04000005002a10000023d00240db
380,stress100,J5,5,127,1.2666665399999999,1.2667342770000001,1.2680407220000001,1.3064450000000001,1,0,1,1,1,1,5,1,0,35,0,4.8840146064758301,-0.12271875143051147,0,1,0,1,fdee050000fbff7f63000023d002e016
381,stress100,J3,3,128,1.2699998729999999,1.270027687,1.2710052220000001,0.97753500000000004,1,0,1,1,1,1,3,1,0,34,0,2.1945564746856689,0,0,1,0,1,fdee0300000000b52c000022f0022b8e
382,stress100,J4,4,128,1.273333206,1.2734019780000001,1.2739351910000001,0.53321300000000005,1,0,1,1,1,1,4,1,0,35,0,0.79306989908218384,-0.58904999494552612,0,1,0,1,fdee040000e8ff2810000023d0028dc6
383,stress100,J5,5,128,1.276666539,1.2767363789999999,1.2779713640000001,1.234985,1,0,1,1,1,1,5,1,0,35,0,4.8840146064758301,-0.19634999334812164,0,1,0,1,fdee050000f8ff7f63000023d002e7c0
384,stress100,J3,3,129,1.2799998720000001,1.280027206,1.2810139709999999,0.986765,1,0,1,1,1,1,3,1,0,34,0,2.1945564746856689,0,0,1,0,1,fdee0300000000b52c000022f802eb40
385,stress100,J4,4,129,1.2833332049999999,1.2834061969999999,1.2839327389999999,0.52654199999999995,1,0,1,1,1,1,4,1,0,35,0,0.79326164722442627,-0.17180624604225159,0,1,0,1,fdee040000f9ff2910000023d00231eb
386,stress100,J5,5,129,1.286666538,1.2867343550000001,1.28804181,1.307455,1,0,1,1,1,1,5,1,0,35,0,4.8838229179382324,-0.51541876792907715,0,1,0,1,fdee050000ebff7e63000023d002a176
387,stress100,J3,3,130,1.289999871,1.2900277120000001,1.2909736789999999,0.945967,1,0,1,1,1,1,3,1,0,34,0,2.1941728591918945,-0.56450623273849487,0,1,0,1,fdee030000e9ffb32c000022f802b50d
388,stress100,J4,4,130,1.2933332040000001,1.2934016800000001,1.293975895,0.57421500000000003,1,0,1,1,1,1,4,1,0,35,0,0.79326164722442627,0.19634999334812164,0,1,0,1,fdee04000008002910000023d002fc7e
389,stress100,J5,5,130,1.2966665369999999,1.2967367320000001,1.297992689,1.255957,1,0,1,1,1,1,5,1,0,35,0,4.8842062950134277,0.12271875143051147,0,1,0,1,fdee05000005008063000023d002a09b
390,stress100,J3,3,131,1.2999998699999999,1.3000287779999999,1.3010241659999999,0.99538800000000005,1,0,1,1,1,1,3,1,0,34,0,2.1943645477294922,0.12271875143051147,0,1,0,1,fdee0300000500b42c000022f80226ad
391,stress100,J4,4,131,1.303333203,1.303401182,1.303985999,0.58481700000000003,1,0,1,1,1,1,4,1,0,35,0,0.79326164722442627,-0.19634999334812164,0,1,0,1,fdee040000f8ff2910000023d002cca6
392,stress100,J5,5,131,1.306666536,1.3067345260000001,1.3079984920000001,1.2639659999999999,1,0,1,1,1,1,5,1,0,35,0,4.8840146064758301,-0.098174996674060822,0,1,0,1,fdee050000fcff7f63000023d00202ff
393,stress100,J3,3,132,1.3099998690000001,1.3100287150000001,1.311046669,1.017954,1,0,1,1,1,1,3,1,0,34,0,2.1943645477294922,-0.44178751111030579,0,1,0,1,fdee030000eeffb42c000022f8024f23
394,stress100,J4,4,132,1.3133332019999999,1.3134010739999999,1.313984958,0.58388399999999996,1,0,1,1,1,1,4,1,0,35,0,0.7934533953666687,0,0,1,0,1,fdee04000000002a10000023d00258a9
395,stress100,J5,5,132,1.316666535,1.3167368699999999,1.317987588,1.250718,1,0,1,1,1,1,5,1,0,35,0,4.8840146064758301,-0.17180624604225159,0,1,0,1,fdee050000f9ff7f63000023d0021a8d
396,stress100,J3,3,133,1.319999868,1.320027198,1.321005464,0.97826599999999997,1,0,1,1,1,1,3,1,0,34,0,2.1945564746856689,-0.073631249368190765,0,1,0,1,fdee030000fdffb52c000022f002c95b
397,stress100,J4,4,133,1.3233332010000001,1.3233879150000001,1.3239724909999999,0.58457599999999998,1,0,1,1,1,1,4,1,0,35,0,0.79326164722442627,-0.19634999334812164,0,1,0,1,fdee040000f8ff2910000023d002cca6
398,stress100,J5,5,133,1.3266665339999999,1.3268418209999999,1.328003853,1.162032,1,0,1,1,1,1,5,1,0,35,0,4.8838229179382324,-0.46633124351501465,0,1,0,1,fdee050000edff7e63000023d002bed2
399,stress100,J3,3,134,1.3299998669999999,1.3301883000000001,1.3310561400000001,0.86783999999999994,1,0,1,1,1,1,3,1,0,34,0,2.1943645477294922,-0.41724374890327454,0,1,0,1,fdee030000efffb42c000022f802b26e
400,stress100,J4,4,134,1.3333332,1.333464247,1.3350322480000001,1.568001,1,0,1,1,1,1,4,1,0,35,0,0.79326164722442627,-0.26998123526573181,0,1,0,1,fdee040000f5ff2910000023d0021eab
401,stress100,J5,5,134,1.336666533,1.3368646630000001,1.3380442109999999,1.179548,1,0,1,1,1,1,5,1,0,35,0,4.8840146064758301,-0.24543750286102295,0,1,0,1,fdee050000f6ff7f63000023d002321b
402,stress100,J3,3,135,1.3399998660000001,1.340177178,1.3411211249999999,0.94394699999999998,1,0,1,1,1,1,3,1,0,34,0,2.1945564746856689,0,0,1,0,1,fdee0300000000b52c000022f0022b8e
403,stress100,J4,4,135,1.3433331989999999,1.3435296859999999,1.345120061,1.5903750000000001,1,0,1,1,1,1,4,1,0,35,0,0.79326164722442627,-0.22089375555515289,0,1,0,1,fdee040000f7ff2910000023d002e430
404,stress100,J5,5,135,1.346666532,1.3468619610000001,1.3481637280000001,1.3017669999999999,1,0,1,1,1,1,5,1,0,35,0,4.8838229179382324,-0.41724374890327454,0,1,0,1,fdee050000efff7e63000023d0024449
405,stress100,J3,3,136,1.349999865,1.350164672,1.3510982840000001,0.933612,1,0,1,1,1,1,3,1,0,34,0,2.1943645477294922,-0.024543749168515205,0,1,0,1,fdee030000ffffb42c000022f8022691
406,stress100,J4,4,136,1.3533331980000001,1.353524492,1.3551699150000001,1.6454230000000001,1,0,1,1,1,1,4,1,0,35,0,0.79326164722442627,-0.24543750286102295,0,1,0,1,fdee040000f6ff2910000023d002197d
407,stress100,J5,5,136,1.3566665309999999,1.3568628810000001,1.358155794,1.292913,1,0,1,1,1,1,5,1,0,35,0,4.8838229179382324,-0.53996247053146362,0,1,0,1,fdee050000eaff7e63000023d0025c3b
408,stress100,J3,3,137,1.3599998639999999,1.36015935,1.3611282419999999,0.96889199999999998,1,0,1,1,1,1,3,1,0,34,0,2.1943645477294922,-0.073631249368190765,0,1,0,1,fdee030000fdffb42c000022f802dc0a
409,stress100,J4,4,137,1.363333197,1.363389907,1.3640649119999999,0.67500499999999997,1,0,1,1,1,1,4,1,0,35,0,0.79326164722442627,-0.19634999334812164,0,1,0,1,fdee040000f8ff2910000023d002cca6
410,stress100,J5,5,137,1.36666653,1.3667443349999999,1.367981847,1.2375119999999999,1,0,1,1,1,1,5,1,0,35,0,4.8840146064758301,-0.073631249368190765,0,1,0,1,fdee050000fdff7f63000023d002ffb2
411,stress100,J3,3,138,1.3699998630000001,1.3700293589999999,1.3710160389999999,0.98668,1,0,1,1,1,1,3,1,0,34,0,2.1945564746856689,0.098174996674060822,0,1,0,1,fdee0300000400b52c000022f8020e7f
412,stress100,J4,4,138,1.3733331959999999,1.3734042870000001,1.3739799239999999,0.57563699999999995,1,0,1,1,1,1,4,1,0,35,0,0.7934533953666687,0.12271875143051147,0,1,0,1,fdee04000005002a10000023d00240db
413,stress100,J5,5,138,1.376666529,1.3767372739999999,1.3780449859999999,1.307712,1,0,1,1,1,1,5,1,0,35,0,4.8838229179382324,-0.58904999494552612,0,1,0,1,fdee050000e8ff7e63000023d002a6a0
414,stress100,J3,3,139,1.379999862,1.3800272730000001,1.3810021729999999,0.97489999999999999,1,0,1,1,1,1,3,1,0,34,0,2.1943645477294922,-0.34361249208450317,0,1,0,1,fdee030000f2ffb42c000022f802f49c
415,stress100,J4,4,139,1.3833331950000001,1.383400857,1.383945752,0.54489500000000002,1,0,1,1,1,1,4,1,0,35,0,0.79326164722442627,-0.29452499747276306,0,1,0,1,fdee040000f4ff2910000023d002e3e6
416,stress100,J5,5,139,1.3866665279999999,1.386734838,1.3880404559999999,1.3056179999999999,1,0,1,1,1,1,5,1,0,35,0,4.8840146064758301,-0.17180624604225159,0,1,0,1,fdee050000f9ff7f63000023d0021a8d
417,stress100,J3,3,140,1.3899998609999999,1.3900274699999999,1.3910707760000001,1.0433060000000001,1,0,1,1,1,1,3,1,0,34,0,2.1945564746856689,0.34361249208450317,0,1,0,1,fdee0300000e00b52c000022f002fe55
418,stress100,J4,4,140,1.393333194,1.393400556,1.3939828569999999,0.58230099999999996,1,0,1,1,1,1,4,1,0,35,0,0.79326164722442627,-0.12271875143051147,0,1,0,1,fdee040000fbff2910000023d002cb70
419,stress100,J5,5,140,1.396666527,1.396737058,1.3981955340000001,1.4584760000000001,1,0,1,1,1,1,5,1,0,35,0,4.8840146064758301,-0.073631249368190765,0,1,0,1,fdee050000fdff7f63000023d002ffb2
420,stress100,J3,3,141,1.3999998600000001,1.4001415230000001,1.4011571629999999,1.0156400000000001,1,0,1,1,1,1,3,1,0,34,0,2.1947481632232666,0.34361249208450317,0,1,0,1,fdee0300000e00b62c000022f00290fd
421,stress100,J4,4,141,1.4033331929999999,1.403521609,1.4050905950000001,1.568986,1,0,1,1,1,1,4,1,0,35,0,0.7934533953666687,0.12271875143051147,0,1,0,1,fdee04000005002a10000023d00240db
422,stress100,J5,5,141,1.406666526,1.4067729289999999,1.408190308,1.4173789999999999,1,0,1,1,1,1,5,1,0,35,0,4.8838229179382324,-0.56450623273849487,0,1,0,1,fdee050000e9ff7e63000023d0025bed
423,stress100,J3,3,142,1.409999859,1.4101518209999999,1.411070539,0.91871800000000003,1,0,1,1,1,1,3,1,0,34,0,2.1941728591918945,-0.63813751935958862,0,1,0,1,fdee030000e6ffb32c000022f8029d9b
424,stress100,J4,4,142,1.4133331920000001,1.4133897550000001,1.4140520750000001,0.66232000000000002,1,0,1,1,1,1,4,1,0,35,0,0.79326164722442627,-0.14726249873638153,0,1,0,1,fdee040000faff2910000023d002363d
425,stress100,J5,5,142,1.4166665249999999,1.4167749160000001,1.4181682840000001,1.3933679999999999,1,0,1,1,1,1,5,1,0,35,0,4.8842062950134277,0.24543750286102295,0,1,0,1,fdee0500000a008063000023d002880d
426,stress100,J3,3,143,1.4199998579999999,1.420153003,1.4210706719999999,0.91766899999999996,1,0,1,1,1,1,3,1,0,34,0,2.1943645477294922,-0.22089375555515289,0,1,0,1,fdee030000f7ffb42c000022f802ecee
427,stress100,J4,4,143,1.423333191,1.423527392,1.425132233,1.604841,1,0,1,1,1,1,4,1,0,35,0,0.7934533953666687,-0.58904999494552612,0,1,0,1,fdee040000e8ff2a10000023d00236f1
428,stress100,J5,5,143,1.426666524,1.4267717719999999,1.4281721549999999,1.4003829999999999,1,0,1,1,1,1,5,1,0,35,0,4.8840146064758301,-0.19634999334812164,0,1,0,1,fdee050000f8ff7f63000023d002e7c0
429,stress100,J3,3,144,1.4299998570000001,1.4301665320000001,1.4310791730000001,0.91264100000000004,1,0,1,1,1,1,3,1,0,34,0,2.1943645477294922,-0.19634999334812164,0,1,0,1,fdee030000f8ffb42c000022f802c478
430,stress100,J4,4,144,1.4333331899999999,1.43352528,1.435163207,1.6379269999999999,1,0,1,1,1,1,4,1,0,35,0,0.79326164722442627,-0.29452499747276306,0,1,0,1,fdee040000f4ff2910000023d002e3e6
431,stress100,J5,5,144,1.436666523,1.4367726649999999,1.4379854299999999,1.2127650000000001,1,0,1,1,1,1,5,1,0,35,0,4.8838229179382324,-0.56450623273849487,0,1,0,1,fdee050000e9ff7e63000023d0025bed
432,stress100,J3,3,145,1.439999856,1.4400277480000001,1.440962217,0.93446899999999999,1,0,1,1,1,1,3,1,0,34,0,2.1945564746856689,-0.024543749168515205,0,1,0,1,fdee030000ffffb52c000022f00233c0
433,stress100,J4,4,145,1.4433331890000001,1.443401902,1.4439887309999999,0.58682900000000005,1,0,1,1,1,1,4,1,0,35,0,0.7934533953666687,0.14726249873638153,0,1,0,1,fdee04000006002a10000023d002470d
434,stress100,J5,5,145,1.4466665219999999,1.446734655,1.4480472449999999,1.3125899999999999,1,0,1,1,1,1,5,1,0,35,0,4.8840146064758301,-0.17180624604225159,0,1,0,1,fdee050000f9ff7f63000023d0021a8d
435,stress100,J3,3,146,1.4499998549999999,1.4500273189999999,1.4509569840000001,0.92966499999999996,1,0,1,1,1,1,3,1,0,34,0,2.1945564746856689,-0.14726249873638153,0,1,0,1,fdee030000faffb52c000022f802eb7c
436,stress100,J4,4,146,1.453333188,1.453402088,1.453940121,0.53803299999999998,1,0,1,1,1,1,4,1,0,35,0,0.7934533953666687,0.17180624604225159,0,1,0,1,fdee04000007002a10000023d002ba40
437,stress100,J5,5,146,1.456666521,1.4567361059999999,1.4581176280000001,1.3815219999999999,1,0,1,1,1,1,5,1,0,35,0,4.8840146064758301,-0.12271875143051147,0,1,0,1,fdee050000fbff7f63000023d002e016
438,stress100,J3,3,147,1.4599998540000001,1.460146961,1.461167482,1.020521,1,0,1,1,1,1,3,1,0,34,0,2.1945564746856689,0,0,1,0,1,fdee0300000000b52c000022f802eb40
439,stress100,J4,4,147,1.4633331869999999,1.463530891,1.4651168290000001,1.5859380000000001,1,0,1,1,1,1,4,1,0,35,0,0.79306989908218384,-0.17180624604225159,0,1,0,1,fdee040000f9ff2810000023d002e474
440,stress100,J5,5,147,1.46666652,1.4667730889999999,1.468088772,1.3156829999999999,1,0,1,1,1,1,5,1,0,35,0,4.8840146064758301,-0.22089375555515289,0,1,0,1,fdee050000f7ff7f63000023d002cf56
441,stress100,J3,3,148,1.469999853,1.4701966879999999,1.471121482,0.924794,1,0,1,1,1,1,3,1,0,34,0,2.1945564746856689,0,0,1,0,1,fdee0300000000b52c000022f0022b8e
442,stress100,J4,4,148,1.4733331860000001,1.4734358569999999,1.4739505180000001,0.51466100000000004,1,0,1,1,1,1,4,1,0,35,0,0.7934533953666687,0.14726249873638153,0,1,0,1,fdee04000006002a10000023d002470d
443,stress100,J5,5,148,1.4766665189999999,1.476825147,1.4781149659999999,1.289819,1,0,1,1,1,1,5,1,0,35,0,4.8840146064758301,-0.049087498337030411,0,1,0,1,fdee050000feff7f63000023d002f864
444,stress100,J3,3,149,1.4799998519999999,1.4801333539999999,1.481076785,0.94343100000000002,1,0,1,1,1,1,3,1,0,34,0,2.1943645477294922,-0.073631249368190765,0,1,0,1,fdee030000fdffb42c000022f0021cc4
445,stress100,J4,4,149,1.483333185,1.483522233,1.485113608,1.591375,1,0,1,1,1,1,4,1,0,35,0,0.7934533953666687,0.073631249368190765,0,1,0,1,fdee04000003002a10000023d0025f7f
446,stress100,J5,5,149,1.486666518,1.486775135,1.4880656729999999,1.290538,1,0,1,1,1,1,5,1,0,35,0,4.8840146064758301,-0.19634999334812164,0,1,0,1,fdee050000f8ff7f63000023d002e7c0
447,stress100,J3,3,150,1.4899998510000001,1.4901933730000001,1.4911284010000001,0.93502799999999997,1,0,1,1,1,1,3,1,0,34,0,2.1943645477294922,-0.17180624604225159,0,1,0,1,fdee030000f9ffb42c000022f8023935
448,stress100,J4,4,150,1.4933331839999999,1.4935225089999999,1.4951228329999999,1.6003240000000001,1,0,1,1,1,1,4,1,0,35,0,0.79306989908218384,-0.46633124351501465,0,1,0,1,fdee040000edff2810000023d00295b4
449,stress100,J5,5,150,1.496666517,1.49682475,1.4980859639999999,1.2612140000000001,1,0,1,1,1,1,5,1,0,35,0,4.8840146064758301,-0.24543750286102295,0,1,0,1,fdee050000f6ff7f63000023d002321b
450,stress100,J3,3,151,1.49999985,1.500177434,1.5011193220000001,0.94188799999999995,1,0,1,1,1,1,3,1,0,34,0,2.1943645477294922,-0.31906875967979431,0,1,0,1,fdee030000f3ffb42c000022f80209d1
451,stress100,J4,4,151,1.5033331830000001,1.5035244329999999,1.5051043019999999,1.579869,1,0,1,1,1,1,4,1,0,35,0,0.7934533953666687,0.024543749168515205,0,1,0,1,fdee04000001002a10000023d002a5e4
452,stress100,J5,5,151,1.5066665159999999,1.506772717,1.508119655,1.346938,1,0,1,1,1,1,5,1,0,35,0,4.8842062950134277,0.24543750286102295,0,1,0,1,fdee0500000a008063000023d002880d
453,stress100,J3,3,152,1.5099998489999999,1.510029783,1.5109436979999999,0.91391500000000003,1,0,1,1,1,1,3,1,0,34,0,2.1945564746856689,0,0,1,0,1,fdee0300000000b52c000022f802eb40
454,stress100,J4,4,152,1.513333182,1.5134022519999999,1.513908558,0.50630600000000003,1,0,1,1,1,1,4,1,0,35,0,0.79326164722442627,-0.24543750286102295,0,1,0,1,fdee040000f6ff2910000023d002197d
455,stress100,J5,5,152,1.516666515,1.51692059,1.5181188880000001,1.1982980000000001,1,0,1,1,1,1,5,1,0,35,0,4.8840146064758301,-0.19634999334812164,0,1,0,1,fdee050000f8ff7f63000023d002e7c0
456,stress100,J3,3,153,1.5199998480000001,1.5201545009999999,1.5210982660000001,0.94376499999999997,1,0,1,1,1,1,3,1,0,34,0,2.1945564746856689,0.024543749168515205,0,1,0,1,fdee0300000100b52c000022f802160d
457,stress100,J4,4,153,1.5233331809999999,1.5233910020000001,1.5239704670000001,0.57946500000000001,1,0,1,1,1,1,4,1,0,35,0,0.79306989908218384,-0.63813751935958862,0,1,0,1,fdee040000e6ff2810000023d002581d
458,stress100,J5,5,153,1.526666514,1.5268988370000001,1.527899009,1.0001720000000001,1,0,1,1,1,1,5,1,0,35,0,4.8840146064758301,-0.17180624604225159,0,1,0,1,fdee050000f9ff7f63000023d0021a8d
459,stress100,J3,3,154,1.529999847,1.5301131640000001,1.5310060210000001,0.89285700000000001,1,0,1,1,1,1,3,1,0,34,0,2.1943645477294922,-0.39269998669624329,0,1,0,1,fdee030000f0ffb42c000022f8020e07
460,stress100,J4,4,154,1.5333331800000001,1.5334234200000001,1.533847164,0.42374400000000001,1,0,1,1,1,1,4,1,0,35,0,0.7934533953666687,0.12271875143051147,0,1,0,1,fdee04000005002a10000023d00240db
461,stress100,J5,5,154,1.5366665129999999,1.5367593980000001,1.537902651,1.1432530000000001,1,0,1,1,1,1,5,1,0,35,0,4.8840146064758301,-0.14726249873638153,0,1,0,1,fdee050000faff7f63000023d0021d5b
462,stress100,J3,3,155,1.539999846,1.540032541,1.541103417,1.0708759999999999,1,0,1,1,1,1,3,1,0,34,0,2.1943645477294922,-0.24543750286102295,0,1,0,1,fdee030000f6ffb42c000022f80211a3
463,stress100,J4,4,155,1.543333179,1.5434228050000001,1.544005262,0.582457,1,0,1,1,1,1,4,1,0,35,0,0.79326164722442627,-0.22089375555515289,0,1,0,1,fdee040000f7ff2910000023d002e430
464,stress100,J5,5,155,1.546666512,1.5468230000000001,1.548061457,1.2384569999999999,1,0,1,1,1,1,5,1,0,35,0,4.8838229179382324,-0.53996247053146362,0,1,0,1,fdee050000eaff7e63000023d0025c3b
465,stress100,J3,3,156,1.5499998450000001,1.550128333,1.5511034020000001,0.97506899999999996,1,0,1,1,1,1,3,1,0,34,0,2.1945564746856689,0.29452499747276306,0,1,0,1,fdee0300000c00b52c000022f00204ce
466,stress100,J4,4,156,1.5533331779999999,1.5533907119999999,1.553950575,0.559863,1,0,1,1,1,1,4,1,0,35,0,0.79306989908218384,-0.56450623273849487,0,1,0,1,fdee040000e9ff2810000023d002708b
467,stress100,J5,5,156,1.556666511,1.5567503890000001,1.5580438919999999,1.2935030000000001,1,0,1,1,1,1,5,1,0,35,0,4.8842062950134277,0.22089375555515289,0,1,0,1,fdee05000009008063000023d0028fdb
468,stress100,J3,3,157,1.559999844,1.5600276390000001,1.561015786,0.988147,1,0,1,1,1,1,3,1,0,34,0,2.1945564746856689,0,0,1,0,1,fdee0300000000b52c000022f802eb40
469,stress100,J4,4,157,1.5633331770000001,1.563401375,1.5639232080000001,0.52183299999999999,1,0,1,1,1,1,4,1,0,35,0,0.7934533953666687,0,0,1,0,1,fdee04000000002a10000023d00258a9
470,stress100,J5,5,157,1.5666665099999999,1.566734208,1.5680094179999999,1.27521,1,0,1,1,1,1,5,1,0,35,0,4.8840146064758301,-0.19634999334812164,0,1,0,1,fdee050000f8ff7f63000023d002e7c0
471,stress100,J3,3,158,1.569999843,1.5700283399999999,1.5710132569999999,0.98491700000000004,1,0,1,1,1,1,3,1,0,34,0,2.1945564746856689,0,0,1,0,1,fdee0300000000b52c000022f802eb40
472,stress100,J4,4,158,1.573333176,1.573401139,1.5739137599999999,0.51262099999999999,1,0,1,1,1,1,4,1,0,35,0,0.7934533953666687,0.12271875143051147,0,1,0,1,fdee04000005002a10000023d00240db
473,stress100,J5,5,158,1.576666509,1.576734394,1.5780207230000001,1.2863290000000001,1,0,1,1,1,1,5,1,0,35,0,4.8840146064758301,-0.14726249873638153,0,1,0,1,fdee050000faff7f63000023d0021d5b
474,stress100,J3,3,159,1.5799998420000001,1.580030587,1.5809606439999999,0.93005700000000002,1,0,1,1,1,1,3,1,0,34,0,2.1943645477294922,-0.44178751111030579,0,1,0,1,fdee030000eeffb42c000022f8024f23
475,stress100,J4,4,159,1.5833331749999999,1.5834037320000001,1.5838672300000001,0.46349800000000002,1,0,1,1,1,1,4,1,0,35,0,0.7934533953666687,0.14726249873638153,0,1,0,1,fdee04000006002a10000023d002470d
476,stress100,J5,5,159,1.586666508,1.5867379770000001,1.587909813,1.1718360000000001,1,0,1,1,1,1,5,1,0,35,0,4.8840146064758301,-0.073631249368190765,0,1,0,1,fdee050000fdff7f63000023d002ffb2
477,stress100,J3,3,160,1.589999841,1.590027608,1.5909405990000001,0.912991,1,0,1,1,1,1,3,1,0,34,0,2.1943645477294922,-0.24543750286102295,0,1,0,1,fdee030000f6ffb42c000022f80211a3
478,stress100,J4,4,160,1.5933331740000001,1.593400455,1.5939061960000001,0.505741,1,0,1,1,1,1,4,1,0,35,0,0.7934533953666687,0.073631249368190765,0,1,0,1,fdee04000003002a10000023d0025f7f
479,stress100,J5,5,160,1.5966665069999999,1.596734882,1.5980094069999999,1.2745249999999999,1,0,1,1,1,1,5,1,0,35,0,4.8840146064758301,-0.19634999334812164,0,1,0,1,fdee050000f8ff7f63000023d002e7c0
480,stress100,J3,3,161,1.59999984,1.6000275429999999,1.6009984159999999,0.97087299999999999,1,0,1,1,1,1,3,1,0,34,0,2.1943645477294922,-0.34361249208450317,0,1,0,1,fdee030000f2ffb42c000022f802f49c
481,stress100,J4,4,161,1.603333173,1.6035246439999999,1.6050385039999999,1.51386,1,0,1,1,1,1,4,1,0,35,0,0.79326164722442627,-0.24543750286102295,0,1,0,1,fdee040000f6ff2910000023d002197d
482,stress100,J5,5,161,1.606666506,1.606865381,1.608010371,1.14499,1,0,1,1,1,1,5,1,0,35,0,4.8840146064758301,-0.17180624604225159,0,1,0,1,fdee050000f9ff7f63000023d0021a8d
483,stress100,J3,3,162,1.6099998390000001,1.6101530930000001,1.6110308710000001,0.87777799999999995,1,0,1,1,1,1,3,1,0,34,0,2.1943645477294922,-0.19634999334812164,0,1,0,1,fdee030000f8ffb42c000022f802c478
484,stress100,J4,4,162,1.6133331719999999,1.6135253249999999,1.615013501,1.4881759999999999,1,0,1,1,1,1,4,1,0,35,0,0.7934533953666687,0.17180624604225159,0,1,0,1,fdee04000007002a10000023d002ba40
485,stress100,J5,5,162,1.616666505,1.616869071,1.6180088370000001,1.1397660000000001,1,0,1,1,1,1,5,1,0,35,0,4.8842062950134277,0.22089375555515289,0,1,0,1,fdee05000009008063000023d0028fdb
486,stress100,J3,3,163,1.619999838,1.620177617,1.621023144,0.84552700000000003,1,0,1,1,1,1,3,1,0,34,0,2.1943645477294922,-0.41724374890327454,0,1,0,1,fdee030000efffb42c000022f802b26e
487,stress100,J4,4,163,1.6233331710000001,1.6234889130000001,1.625034506,1.545593,1,0,1,1,1,1,4,1,0,35,0,0.79326164722442627,-0.24543750286102295,0,1,0,1,fdee040000f6ff2910000023d002197d
488,stress100,J5,5,163,1.6266665039999999,1.62676596,1.627959231,1.193271,1,0,1,1,1,1,5,1,0,35,0,4.8842062950134277,0.17180624604225159,0,1,0,1,fdee05000007008063000023d0025a00
489,stress100,J3,3,164,1.629999837,1.6301662159999999,1.631009634,0.843418,1,0,1,1,1,1,3,1,0,34,0,2.1945564746856689,-0.024543749168515205,0,1,0,1,fdee030000ffffb52c000022f802f30e
490,stress100,J4,4,164,1.63333317,1.633570749,1.634983262,1.4125129999999999,1,0,1,1,1,1,4,1,0,35,0,0.7934533953666687,-0.24543750286102295,0,1,0,1,fdee040000f6ff2a10000023d00277d5
491,stress100,J5,5,164,1.6366665030000001,1.6368615339999999,1.638013948,1.152414,1,0,1,1,1,1,5,1,0,35,0,4.8840146064758301,-0.22089375555515289,0,1,0,1,fdee050000f7ff7f63000023d002cf56
492,stress100,J3,3,165,1.6399998360000001,1.6401700189999999,1.641009835,0.83981600000000001,1,0,1,1,1,1,3,1,0,34,0,2.1943645477294922,-0.36815625429153442,0,1,0,1,fdee030000f1ffb42c000022f0023384
493,stress100,J4,4,165,1.6433331689999999,1.6433893559999999,1.6438479850000001,0.45862900000000001,1,0,1,1,1,1,4,1,0,35,0,0.7934533953666687,0.098174996674060822,0,1,0,1,fdee04000004002a10000023d002bd96
494,stress100,J5,5,165,1.646666502,1.6468622129999999,1.6480049409999999,1.142728,1,0,1,1,1,1,5,1,0,35,0,4.8842062950134277,0.17180624604225159,0,1,0,1,fdee05000007008063000023d0025a00
495,stress100,J3,3,166,1.649999835,1.650147341,1.650966806,0.819465,1,0,1,1,1,1,3,1,0,34,0,2.1945564746856689,-0.024543749168515205,0,1,0,1,fdee030000ffffb52c000022f802f30e
496,stress100,J4,4,166,1.6533331680000001,1.6534951870000001,1.6549146349999999,1.419448,1,0,1,1,1,1,4,1,0,35,0,0.79326164722442627,-0.24543750286102295,0,1,0,1,fdee040000f6ff2910000023d002197d
497,stress100,J5,5,166,1.6566665009999999,1.656858822,1.6579694490000001,1.110627,1,0,1,1,1,1,5,1,0,35,0,4.8840146064758301,-0.17180624604225159,0,1,0,1,fdee050000f9ff7f63000023d0021a8d
498,stress100,J3,3,167,1.659999834,1.6601904759999999,1.6611591489999999,0.96867300000000001,1,0,1,1,1,1,3,1,0,34,0,2.1945564746856689,-0.024543749168515205,0,1,0,1,fdee030000ffffb52c000022f802f30e
499,stress100,J4,4,167,1.663333167,1.663389531,1.663953239,0.56370799999999999,1,0,1,1,1,1,4,1,0,35,0,0.79326164722442627,-0.29452499747276306,0,1,0,1,fdee040000f4ff2910000023d002e3e6
500,stress100,J5,5,167,1.6666665000000001,1.666775994,1.6681518980000001,1.375904,1,0,1,1,1,1,5,1,0,35,0,4.8840146064758301,-0.24543750286102295,0,1,0,1,fdee050000f6ff7f63000023d002321b
501,stress100,J3,3,168,1.6699998330000001,1.670152818,1.6711214329999999,0.968615,1,0,1,1,1,1,3,1,0,34,0,2.1943645477294922,-0.41724374890327454,0,1,0,1,fdee030000efffb42c000022f802b26e
502,stress100,J4,4,168,1.6733331659999999,1.6735247200000001,1.6751439960000001,1.6192759999999999,1,0,1,1,1,1,4,1,0,35,0,0.79326164722442627,-0.24543750286102295,0,1,0,1,fdee040000f6ff2910000023d002197d
503,stress100,J5,5,168,1.676666499,1.67677272,1.67801365,1.2409300000000001,1,0,1,1,1,1,5,1,0,35,0,4.8838229179382324,-0.53996247053146362,0,1,0,1,fdee050000eaff7e63000023d0025c3b
504,stress100,J3,3,169,1.679999832,1.6801905559999999,1.6811170769999999,0.92652100000000004,1,0,1,1,1,1,3,1,0,34,0,2.1945564746856689,-0.049087498337030411,0,1,0,1,fdee030000feffb52c000022f002ce8d
505,stress100,J4,4,169,1.6833331650000001,1.6835244060000001,1.685128409,1.6040030000000001,1,0,1,1,1,1,4,1,0,35,0,0.7934533953666687,0.12271875143051147,0,1,0,1,fdee04000005002a10000023d00240db
506,stress100,J5,5,169,1.6866664979999999,1.6868629660000001,1.6881116570000001,1.248691,1,0,1,1,1,1,5,1,0,35,0,4.8840146064758301,-0.14726249873638153,0,1,0,1,fdee050000faff7f63000023d0021d5b
507,stress100,J3,3,170,1.689999831,1.6901567850000001,1.691046214,0.88942900000000003,1,0,1,1,1,1,3,1,0,34,0,2.1945564746856689,0,0,1,0,1,fdee0300000000b52c000022f802eb40
508,stress100,J4,4,170,1.693333164,1.693389402,1.6939374869999999,0.54808500000000004,1,0,1,1,1,1,4,1,0,35,0,0.7934533953666687,0.14726249873638153,0,1,0,1,fdee04000006002a10000023d002470d
509,stress100,J5,5,170,1.6966664970000001,1.6967748629999999,1.6980306839999999,1.2558210000000001,1,0,1,1,1,1,5,1,0,35,0,4.8842062950134277,0.12271875143051147,0,1,0,1,fdee05000005008063000023d002a09b
510,stress100,J3,3,171,1.6999998300000001,1.7001638320000001,1.7011052280000001,0.94139600000000001,1,0,1,1,1,1,3,1,0,34,0,2.1943645477294922,-0.39269998669624329,0,1,0,1,fdee030000f0ffb42c000022f8020e07
511,stress100,J4,4,171,1.7033331629999999,1.703552653,1.7050789310000001,1.526278,1,0,1,1,1,1,4,1,0,35,0,0.7934533953666687,0,0,1,0,1,fdee04000000002a10000023d00258a9
512,stress100,J5,5,171,1.706666496,1.706857281,1.70811362,1.2563390000000001,1,0,1,1,1,1,5,1,0,35,0,4.8840146064758301,-0.14726249873638153,0,1,0,1,fdee050000faff7f63000023d0021d5b
513,stress100,J3,3,172,1.709999829,1.710166463,1.711115044,0.94858100000000001,1,0,1,1,1,1,3,1,0,34,0,2.1943645477294922,-0.34361249208450317,0,1,0,1,fdee030000f2ffb42c000022f802f49c
514,stress100,J4,4,172,1.7133331620000001,1.713523546,1.715105366,1.58182,1,0,1,1,1,1,4,1,0,35,0,0.79306989908218384,-0.63813751935958862,0,1,0,1,fdee040000e6ff2810000023d002581d
515,stress100,J5,5,172,1.7166664949999999,1.716774491,1.71805074,1.276249,1,0,1,1,1,1,5,1,0,35,0,4.8840146064758301,-0.024543749168515205,0,1,0,1,fdee050000ffff7f63000023d0020529
516,stress100,J3,3,173,1.719999828,1.7201326189999999,1.7211397390000001,1.00712,1,0,1,1,1,1,3,1,0,34,0,2.1943645477294922,-0.36815625429153442,0,1,0,1,fdee030000f1ffb42c000022f802f34a
517,stress100,J4,4,173,1.723333161,1.7234533299999999,1.7251085159999999,1.655186,1,0,1,1,1,1,4,1,0,35,0,0.79306989908218384,-0.58904999494552612,0,1,0,1,fdee040000e8ff2810000023d0028dc6
518,stress100,J5,5,173,1.7266664940000001,1.7267613509999999,1.727939482,1.178131,1,0,1,1,1,1,5,1,0,35,0,4.8840146064758301,-0.14726249873638153,0,1,0,1,fdee050000faff7f63000023d0021d5b
519,stress100,J3,3,174,1.7299998270000001,1.73017427,1.7310656470000001,0.89137699999999997,1,0,1,1,1,1,3,1,0,34,0,2.1945564746856689,0,0,1,0,1,fdee0300000000b52c000022f802eb40
520,stress100,J4,4,174,1.7333331599999999,1.733438987,1.7338562259999999,0.41723900000000003,1,0,1,1,1,1,4,1,0,35,0,0.79326164722442627,-0.24543750286102295,0,1,0,1,fdee040000f6ff2910000023d002197d
521,stress100,J5,5,174,1.736666493,1.7368634119999999,1.7380208479999999,1.1574359999999999,1,0,1,1,1,1,5,1,0,35,0,4.8840146064758301,-0.024543749168515205,0,1,0,1,fdee050000ffff7f63000023d0020529
522,stress100,J3,3,175,1.739999826,1.74003149,1.7409857,0.95421,1,0,1,1,1,1,3,1,0,34,0,2.1943645477294922,-0.24543750286102295,0,1,0,1,fdee030000f6ffb42c000022f002d16d
523,stress100,J4,4,175,1.7433331590000001,1.743405361,1.7439201360000001,0.51477499999999998,1,0,1,1,1,1,4,1,0,35,0,0.79326164722442627,-0.17180624604225159,0,1,0,1,fdee040000f9ff2910000023d00231eb
524,stress100,J5,5,175,1.7466664919999999,1.746736098,1.7479903130000001,1.2542150000000001,1,0,1,1,1,1,5,1,0,35,0,4.8840146064758301,-0.14726249873638153,0,1,0,1,fdee050000faff7f63000023d0021d5b
525,stress100,J3,3,176,1.749999825,1.750027563,1.7509907629999999,0.96319999999999995,1,0,1,1,1,1,3,1,0,34,0,2.1945564746856689,0.024543749168515205,0,1,0,1,fdee0300000100b52c000022f802160d
526,stress100,J4,4,176,1.753333158,1.7534035830000001,1.753876703,0.47311999999999999,1,0,1,1,1,1,4,1,0,35,0,0.79326164722442627,-0.17180624604225159,0,1,0,1,fdee040000f9ff2910000023d00231eb
527,stress100,J5,5,176,1.7566664910000001,1.756735205,1.7579824150000001,1.2472099999999999,1,0,1,1,1,1,5,1,0,35,0,4.8840146064758301,-0.098174996674060822,0,1,0,1,fdee050000fcff7f63000023d00202ff
528,stress100,J3,3,177,1.7599998240000001,1.7600280020000001,1.7609913610000001,0.96335899999999997,1,0,1,1,1,1,3,1,0,34,0,2.1945564746856689,-0.14726249873638153,0,1,0,1,fdee030000faffb52c000022f0022bb2
529,stress100,J4,4,177,1.7633331569999999,1.7634011979999999,1.763875893,0.47469499999999998,1,0,1,1,1,1,4,1,0,35,0,0.79326164722442627,-0.24543750286102295,0,1,0,1,fdee040000f6ff2910000023d002197d
530,stress100,J5,5,177,1.76666649,1.766735019,1.767987413,1.252394,1,0,1,1,1,1,5,1,0,35,0,4.8842062950134277,0.19634999334812164,0,1,0,1,fdee05000008008063000023d0027296
531,stress100,J3,3,178,1.769999823,1.770027595,1.770987417,0.95982199999999995,1,0,1,1,1,1,3,1,0,34,0,2.1945564746856689,-0.073631249368190765,0,1,0,1,fdee030000fdffb52c000022f8020995
532,stress100,J4,4,178,1.7733331560000001,1.773400927,1.7738875350000001,0.48660799999999998,1,0,1,1,1,1,4,1,0,35,0,0.79326164722442627,-0.24543750286102295,0,1,0,1,fdee040000f6ff2910000023d002197d
533,stress100,J5,5,178,1.7766664889999999,1.77673426,1.777978812,1.2445520000000001,1,0,1,1,1,1,5,1,0,35,0,4.8838229179382324,-0.4908750057220459,0,1,0,1,fdee050000ecff7e63000023d002439f
534,stress100,J3,3,179,1.779999822,1.7800288740000001,1.780993402,0.96452800000000005,1,0,1,1,1,1,3,1,0,34,0,2.1945564746856689,0.24543750286102295,0,1,0,1,fdee0300000a00b52c000022f802dba4
535,stress100,J4,4,179,1.783333155,1.7834004210000001,1.7838401909999999,0.43976999999999999,1,0,1,1,1,1,4,1,0,35,0,0.79306989908218384,-0.56450623273849487,0,1,0,1,fdee040000e9ff2810000023d002708b
536,stress100,J5,5,179,1.7866664880000001,1.78673897,1.7879856599999999,1.2466900000000001,1,0,1,1,1,1,5,1,0,35,0,4.8840146064758301,-0.098174996674060822,0,1,0,1,fdee050000fcff7f63000023d00202ff
537,stress100,J3,3,180,1.7899998210000001,1.7900279569999999,1.7909913989999999,0.96344200000000002,1,0,1,1,1,1,3,1,0,34,0,2.1943645477294922,-0.12271875143051147,0,1,0,1,fdee030000fbffb42c000022f802c3ae
538,stress100,J4,4,180,1.7933331539999999,1.793400785,1.793889515,0.48873,1,0,1,1,1,1,4,1,0,35,0,0.79326164722442627,-0.26998123526573181,0,1,0,1,fdee040000f5ff2910000023d0021eab
539,stress100,J5,5,180,1.796666487,1.7967352679999999,1.7979902270000001,1.2549589999999999,1,0,1,1,1,1,5,1,0,35,0,4.8840146064758301,-0.19634999334812164,0,1,0,1,fdee050000f8ff7f63000023d002e7c0
540,stress100,J3,3,181,1.79999982,1.8000278059999999,1.801116473,1.0886670000000001,1,0,1,1,1,1,3,1,0,34,0,2.1945564746856689,-0.39269998669624329,0,1,0,1,fdee030000f0ffb52c000022f0021b56
541,stress100,J4,4,181,1.8033331530000001,1.80352727,1.8049871070000001,1.4598370000000001,1,0,1,1,1,1,4,1,0,35,0,0.7934533953666687,0,0,1,0,1,fdee04000000002a10000023d00258a9
542,stress100,J5,5,181,1.8066664859999999,1.80677423,1.8080981920000001,1.3239620000000001,1,0,1,1,1,1,5,1,0,35,0,4.8840146064758301,-0.22089375555515289,0,1,0,1,fdee050000f7ff7f63000023d002cf56
543,stress100,J3,3,182,1.809999819,1.8101733520000001,1.811097704,0.92435199999999995,1,0,1,1,1,1,3,1,0,34,0,2.1943645477294922,-0.34361249208450317,0,1,0,1,fdee030000f2ffb42c000022f0023452
544,stress100,J4,4,182,1.813333152,1.8134991460000001,1.815089728,1.5905819999999999,1,0,1,1,1,1,4,1,0,35,0,0.79326164722442627,-0.36815625429153442,0,1,0,1,fdee040000f1ff2910000023d002fb94
545,stress100,J5,5,182,1.8166664850000001,1.81683916,1.818004269,1.165109,1,0,1,1,1,1,5,1,0,35,0,4.8838229179382324,-0.53996247053146362,0,1,0,1,fdee050000eaff7e63000023d0025c3b
546,stress100,J3,3,183,1.8199998180000001,1.82016668,1.8210918599999999,0.92518,1,0,1,1,1,1,3,1,0,34,0,2.1945564746856689,-0.098174996674060822,0,1,0,1,fdee030000fcffb52c000022f802f4d8
547,stress100,J4,4,183,1.8233331509999999,1.8234308180000001,1.8238215339999999,0.39071600000000001,1,0,1,1,1,1,4,1,0,35,0,0.7934533953666687,0.12271875143051147,0,1,0,1,fdee04000005002a10000023d00240db
548,stress100,J5,5,183,1.826666484,1.8268650879999999,1.8281070939999999,1.2420059999999999,1,0,1,1,1,1,5,1,0,35,0,4.8840146064758301,-0.44178751111030579,0,1,0,1,fdee050000eeff7f63000023d0026c9b
549,stress100,J3,3,184,1.829999817,1.8301320379999999,1.8310884869999999,0.95644899999999999,1,0,1,1,1,1,3,1,0,34,0,2.1945564746856689,0.024543749168515205,0,1,0,1,fdee0300000100b52c000022f802160d
550,stress100,J4,4,184,1.8333331500000001,1.833389411,1.8338213459999999,0.43193500000000001,1,0,1,1,1,1,4,1,0,35,0,0.7934533953666687,0.098174996674060822,0,1,0,1,fdee04000004002a10000023d002bd96
551,stress100,J5,5,184,1.8366664829999999,1.8367746659999999,1.8381566819999999,1.3820159999999999,1,0,1,1,1,1,5,1,0,35,0,4.8840146064758301,-0.26998123526573181,0,1,0,1,fdee050000f5ff7f63000023d00235cd
552,stress100,J3,3,185,1.839999816,1.8401309020000001,1.8410138460000001,0.88294399999999995,1,0,1,1,1,1,3,1,0,34,0,2.1945564746856689,0.17180624604225159,0,1,0,1,fdee0300000700b52c000022f80209a9
553,stress100,J4,4,185,1.843333149,1.8435827380000001,1.8449846809999999,1.4019429999999999,1,0,1,1,1,1,4,1,0,35,0,0.79326164722442627,-0.24543750286102295,0,1,0,1,fdee040000f6ff2910000023d002197d
554,stress100,J5,5,185,1.8466664820000001,1.8468461979999999,1.8479572950000001,1.111097,1,0,1,1,1,1,5,1,0,35,0,4.8840146064758301,-0.17180624604225159,0,1,0,1,fdee050000f9ff7f63000023d0021a8d
555,stress100,J3,3,186,1.8499998150000001,1.850176321,1.850998924,0.82260299999999997,1,0,1,1,1,1,3,1,0,34,0,2.1945564746856689,0.17180624604225159,0,1,0,1,fdee0300000700b52c000022f80209a9
556,stress100,J4,4,186,1.8533331479999999,1.8535227240000001,1.8549919850000001,1.4692609999999999,1,0,1,1,1,1,4,1,0,35,0,0.79364514350891113,0.12271875143051147,0,1,0,1,fdee04000005002b10000023d0029544
557,stress100,J5,5,186,1.856666481,1.856868709,1.858008535,1.139826,1,0,1,1,1,1,5,1,0,35,0,4.8838229179382324,-0.36815625429153442,0,1,0,1,fdee050000f1ff7e63000023d002056d
558,stress100,J3,3,187,1.859999814,1.860165574,1.8609651949999999,0.79962100000000003,1,0,1,1,1,1,3,1,0,34,0,2.1945564746856689,-0.41724374890327454,0,1,0,1,fdee030000efffb52c000022f80267f1
559,stress100,J4,4,187,1.8633331470000001,1.8635232450000001,1.8650136239999999,1.4903789999999999,1,0,1,1,1,1,4,1,0,35,0,0.79326164722442627,-0.24543750286102295,0,1,0,1,fdee040000f6ff2910000023d002197d
560,stress100,J5,5,187,1.8666664799999999,1.8668576269999999,1.868014584,1.156957,1,0,1,1,1,1,5,1,0,35,0,4.8842062950134277,0.17180624604225159,0,1,0,1,fdee05000007008063000023d0025a00
561,stress100,J3,3,188,1.869999813,1.8701498839999999,1.870995502,0.84561799999999998,1,0,1,1,1,1,3,1,0,34,0,2.1945564746856689,-0.024543749168515205,0,1,0,1,fdee030000ffffb52c000022f802f30e
562,stress100,J4,4,188,1.873333146,1.8735115419999999,1.8749663459999999,1.454804,1,0,1,1,1,1,4,1,0,35,0,0.79326164722442627,-0.29452499747276306,0,1,0,1,fdee040000f4ff2910000023d002e3e6
563,stress100,J5,5,188,1.8766664790000001,1.8767681919999999,1.8779479100000001,1.179718,1,0,1,1,1,1,5,1,0,35,0,4.8840146064758301,-0.073631249368190765,0,1,0,1,fdee050000fdff7f63000023d002ffb2
564,stress100,J3,3,189,1.8799998120000001,1.880158964,1.881015334,0.85636999999999996,1,0,1,1,1,1,3,1,0,34,0,2.1945564746856689,-0.024543749168515205,0,1,0,1,fdee030000ffffb52c000022f802f30e
565,stress100,J4,4,189,1.8833331449999999,1.883523847,1.885012946,1.489099,1,0,1,1,1,1,4,1,0,35,0,0.79326164722442627,-0.24543750286102295,0,1,0,1,fdee040000f6ff2910000023d002197d
566,stress100,J5,5,189,1.886666478,1.8868619529999999,1.887997712,1.135759,1,0,1,1,1,1,5,1,0,35,0,4.8842062950134277,0.24543750286102295,0,1,0,1,fdee0500000a008063000023d002880d
567,stress100,J3,3,190,1.889999811,1.8901628260000001,1.891012253,0.84942700000000004,1,0,1,1,1,1,3,1,0,34,0,2.1943645477294922,-0.34361249208450317,0,1,0,1,fdee030000f2ffb42c000022f802f49c
568,stress100,J4,4,190,1.8933331440000001,1.893389711,1.893839901,0.45018999999999998,1,0,1,1,1,1,4,1,0,35,0,0.79306989908218384,-0.58904999494552612,0,1,0,1,fdee040000e8ff2810000023d0028dc6
569,stress100,J5,5,190,1.8966664769999999,1.8968747880000001,1.8981280760000001,1.253288,1,0,1,1,1,1,5,1,0,35,0,4.8840146064758301,-0.17180624604225159,0,1,0,1,fdee050000f9ff7f63000023d0021a8d
570,stress100,J3,3,191,1.89999981,1.9001330409999999,1.9010978789999999,0.96483799999999997,1,0,1,1,1,1,3,1,0,34,0,2.1941728591918945,-0.51541876792907715,0,1,0,1,fdee030000ebffb32c000022f8024f96
571,stress100,J4,4,191,1.903333143,1.903548325,1.9051156709999999,1.5673459999999999,1,0,1,1,1,1,4,1,0,35,0,0.79326164722442627,-0.24543750286102295,0,1,0,1,fdee040000f6ff2910000023d002197d
572,stress100,J5,5,191,1.9066664760000001,1.906779915,1.9081186370000001,1.338722,1,0,1,1,1,1,5,1,0,35,0,4.8840146064758301,-0.17180624604225159,0,1,0,1,fdee050000f9ff7f63000023d0021a8d
573,stress100,J3,3,192,1.9099998090000001,1.910169435,1.911100427,0.93099200000000004,1,0,1,1,1,1,3,1,0,34,0,2.1943645477294922,-0.26998123526573181,0,1,0,1,fdee030000f5ffb42c000022f8021675
574,stress100,J4,4,192,1.9133331419999999,1.913546009,1.9150666059999999,1.520597,1,0,1,1,1,1,4,1,0,35,0,0.79306989908218384,-0.7117687463760376,0,1,0,1,fdee040000e3ff2810000023d002406f
575,stress100,J5,5,192,1.916666475,1.916861734,1.9181159750000001,1.2542409999999999,1,0,1,1,1,1,5,1,0,35,0,4.8840146064758301,-0.14726249873638153,0,1,0,1,fdee050000faff7f63000023d0021d5b
576,stress100,J3,3,193,1.919999808,1.9201603759999999,1.92097005,0.809674,1,0,1,1,1,1,3,1,0,34,0,2.1945564746856689,0.073631249368190765,0,1,0,1,fdee0300000300b52c000022f802ec96
577,stress100,J4,4,193,1.9233331410000001,1.9234896690000001,1.923796842,0.30717299999999997,1,0,1,1,1,1,4,1,0,35,0,0.79326164722442627,-0.22089375555515289,0,1,0,1,fdee040000f7ff2910000023d002e430
578,stress100,J5,5,193,1.9266664739999999,1.92686968,1.9279784790000001,1.1087990000000001,1,0,1,1,1,1,5,1,0,35,0,4.8842062950134277,0.14726249873638153,0,1,0,1,fdee05000006008063000023d002a74d
579,stress100,J3,3,194,1.929999807,1.9301604530000001,1.9309360310000001,0.77557799999999999,1,0,1,1,1,1,3,1,0,34,0,2.1945564746856689,0.073631249368190765,0,1,0,1,fdee0300000300b52c000022f0022c58
580,stress100,J4,4,194,1.93333314,1.9335243049999999,1.935009223,1.484918,1,0,1,1,1,1,4,1,0,35,0,0.79326164722442627,0.12271875143051147,0,1,0,1,fdee04000005002910000023d0022e73
581,stress100,J5,5,194,1.9366664730000001,1.936773743,1.9379274479999999,1.153705,1,0,1,1,1,1,5,1,0,35,0,4.8840146064758301,-0.14726249873638153,0,1,0,1,fdee050000faff7f63000023d0021d5b
582,stress100,J3,3,195,1.9399998060000001,1.9401340149999999,1.941030931,0.89691600000000005,1,0,1,1,1,1,3,1,0,34,0,2.1943645477294922,0.29452499747276306,0,1,0,1,fdee0300000c00b42c000022f802119f
583,stress100,J4,4,195,1.9433331389999999,1.9435299699999999,1.9450147799999999,1.48481,1,0,1,1,1,1,4,1,0,35,0,0.7934533953666687,0,0,1,0,1,fdee04000000002a10000023d00258a9
584,stress100,J5,5,195,1.946666472,1.9467725300000001,1.9479415840000001,1.169054,1,0,1,1,1,1,5,1,0,35,0,4.8840146064758301,-0.12271875143051147,0,1,0,1,fdee050000fbff7f63000023d002e016
585,stress100,J3,3,196,1.949999805,1.9501709949999999,1.950974209,0.80321399999999998,1,0,1,1,1,1,3,1,0,34,0,2.1943645477294922,-0.41724374890327454,0,1,0,1,fdee030000efffb42c000022f802b26e
586,stress100,J4,4,196,1.9533331380000001,1.9535358780000001,1.95495543,1.4195519999999999,1,0,1,1,1,1,4,1,0,35,0,0.79306989908218384,0.073631249368190765,0,1,0,1,fdee04000003002810000023d002e448
587,stress100,J5,5,196,1.9566664709999999,1.956857139,1.9579978849999999,1.140746,1,0,1,1,1,1,5,1,0,35,0,4.8838229179382324,-0.44178751111030579,0,1,0,1,fdee050000eeff7e63000023d002b904
588,stress100,J3,3,197,1.959999804,1.9601782489999999,1.9609972819999999,0.81903300000000001,1,0,1,1,1,1,3,1,0,34,0,2.1945564746856689,0,0,1,0,1,fdee0300000000b52c000022f802eb40
589,stress100,J4,4,197,1.963333137,1.963519332,1.965114622,1.5952900000000001,1,0,1,1,1,1,4,1,0,35,0,0.79326164722442627,0.024543749168515205,0,1,0,1,fdee04000001002910000023d002cb4c
590,stress100,J5,5,197,1.9666664700000001,1.966770967,1.968111205,1.340238,1,0,1,1,1,1,5,1,0,35,0,4.8840146064758301,-0.19634999334812164,0,1,0,1,fdee050000f8ff7f63000023d002e7c0
591,stress100,J3,3,198,1.9699998030000001,1.970133983,1.9710291799999999,0.89519700000000002,1,0,1,1,1,1,3,1,0,34,0,2.1943645477294922,-0.098174996674060822,0,1,0,1,fdee030000fcffb42c000022f8022147
592,stress100,J4,4,198,1.9733331359999999,1.973425454,1.973876344,0.45089000000000001,1,0,1,1,1,1,4,1,0,35,0,0.7934533953666687,0.073631249368190765,0,1,0,1,fdee04000003002a10000023d0025f7f
593,stress100,J5,5,198,1.976666469,1.9768686980000001,1.9780929439999999,1.2242459999999999,1,0,1,1,1,1,5,1,0,35,0,4.8838229179382324,-0.39269998669624329,0,1,0,1,fdee050000f0ff7e63000023d002f820
594,stress100,J3,3,199,1.979999802,1.9801346660000001,1.9810135900000001,0.87892400000000004,1,0,1,1,1,1,3,1,0,34,0,2.1941728591918945,-0.41724374890327454,0,1,0,1,fdee030000efffb32c000022f802aaa9
595,stress100,J4,4,199,1.9833331350000001,1.983390137,1.983931809,0.54167200000000004,1,0,1,1,1,1,4,1,0,35,0,0.7934533953666687,0.024543749168515205,0,1,0,1,fdee04000001002a10000023d002a5e4
596,stress100,J5,5,199,1.9866664679999999,1.9868283710000001,1.9881075290000001,1.279158,1,0,1,1,1,1,5,1,0,35,0,4.8840146064758301,-0.14726249873638153,0,1,0,1,fdee050000faff7f63000023d0021d5b
597,stress100,J3,3,200,1.989999801,1.990072638,1.9910873630000001,1.0147250000000001,1,0,1,1,1,1,3,1,0,34,0,2.1945564746856689,-0.049087498337030411,0,1,0,1,fdee030000feffb52c000022f002ce8d
598,stress100,J4,4,200,1.993333134,1.9935196529999999,1.995074105,1.5544519999999999,1,0,1,1,1,1,4,1,0,35,0,0.79326164722442627,-0.31906875967979431,0,1,0,1,fdee040000f3ff2910000023d002010f
599,stress100,J5,5,200,1.9966664670000001,1.9967727420000001,1.99809554,1.3227979999999999,1,0,1,1,1,1,5,1,0,35,0,4.8840146064758301,-0.098174996674060822,0,1,0,1,fdee050000fcff7f63000023d00202ff
600,stress100,J3,3,201,1.9999998000000001,2.0001880249999999,2.0010190799999998,0.83105499999999999,1,0,1,1,1,1,3,1,0,34,0,2.1945564746856689,0,0,1,0,1,fdee0300000000b52c0000220003aae3
601,stress100,J4,4,201,2.0033331329999999,2.0035221320000001,2.0050851930000002,1.563061,1,0,1,1,1,1,4,1,0,35,0,0.7934533953666687,0.098174996674060822,0,1,0,1,fdee04000004002a10000023d002bd96
602,stress100,J5,5,201,2.006666466,2.0067563989999999,2.0080419799999998,1.2855810000000001,1,0,1,1,1,1,5,1,0,35,0,4.8840146064758301,-0.24543750286102295,0,1,0,1,fdee050000f6ff7f63000023d002321b
603,stress100,J3,3,202,2.009999799,2.0101662259999999,2.011089326,0.92310000000000003,1,0,1,1,1,1,3,1,0,34,0,2.1945564746856689,-0.024543749168515205,0,1,0,1,fdee030000ffffb52c000022f802f30e
604,stress100,J4,4,202,2.0133331320000001,2.0135684710000001,2.0150909979999998,1.522527,1,0,1,1,1,1,4,1,0,35,0,0.79326164722442627,-0.29452499747276306,0,1,0,1,fdee040000f4ff2910000023d002e3e6
605,stress100,J5,5,202,2.0166664650000001,2.0168294389999999,2.018050642,1.221203,1,0,1,1,1,1,5,1,0,35,0,4.8840146064758301,-0.14726249873638153,0,1,0,1,fdee050000faff7f63000023d0021d5b
606,stress100,J3,3,203,2.0199997980000002,2.020218657,2.020980749,0.76209199999999999,1,0,1,1,1,1,3,1,0,34,0,2.1945564746856689,0.049087498337030411,0,1,0,1,fdee0300000200b52c000022f80211db
607,stress100,J4,4,203,2.0233331309999998,2.0234334839999999,2.0238886200000001,0.45513599999999999,1,0,1,1,1,1,4,1,0,35,0,0.7934533953666687,-0.24543750286102295,0,1,0,1,fdee040000f6ff2a10000023d00277d5
608,stress100,J5,5,203,2.0266664639999998,2.0268684110000001,2.0280921269999999,1.223716,1,0,1,1,1,1,5,1,0,35,0,4.8840146064758301,0.024543749168515205,0,1,0,1,fdee05000001007f63000023d002e02a
609,stress100,J3,3,204,2.0299997969999999,2.030186402,2.0309771670000001,0.79076500000000005,1,0,1,1,1,1,3,1,0,34,0,2.1943645477294922,-0.17180624604225159,0,1,0,1,fdee030000f9ffb42c000022f8023935
610,stress100,J4,4,204,2.0333331299999999,2.0335329469999999,2.035079815,1.5468679999999999,1,0,1,1,1,1,4,1,0,35,0,0.79306989908218384,-0.51541876792907715,0,1,0,1,fdee040000ebff2810000023d0028a10
611,stress100,J5,5,204,2.036666463,2.0367749179999999,2.0380844489999999,1.309531,1,0,1,1,1,1,5,1,0,35,0,4.8838229179382324,-0.56450623273849487,0,1,0,1,fdee050000e9ff7e63000023d0025bed
612,stress100,J3,3,205,2.039999796,2.040062399,2.0410805480000001,1.018149,1,0,1,1,1,1,3,1,0,34,0,2.1943645477294922,-0.17180624604225159,0,1,0,1,fdee030000f9ffb42c000022f002f9fb
613,stress100,J4,4,205,2.0433331290000001,2.0433893059999999,2.0439125890000001,0.52328300000000005,1,0,1,1,1,1,4,1,0,35,0,0.7934533953666687,0.12271875143051147,0,1,0,1,fdee04000005002a10000023d00240db
614,stress100,J5,5,205,2.0466664620000001,2.0468596799999998,2.0481125630000001,1.252883,1,0,1,1,1,1,5,1,0,35,0,4.8838229179382324,-0.44178751111030579,0,1,0,1,fdee050000eeff7e63000023d002b904
615,stress100,J3,3,206,2.0499997950000002,2.0501327850000002,2.0511390719999998,1.0062869999999999,1,0,1,1,1,1,3,1,0,34,0,2.1947481632232666,0.34361249208450317,0,1,0,1,fdee0300000e00b62c000022f8025033
616,stress100,J4,4,206,2.0533331279999998,2.0535003920000001,2.0550356060000001,1.5352140000000001,1,0,1,1,1,1,4,1,0,35,0,0.79326164722442627,-0.24543750286102295,0,1,0,1,fdee040000f6ff2910000023d002197d
617,stress100,J5,5,206,2.0566664609999998,2.056758087,2.0580962280000001,1.338141,1,0,1,1,1,1,5,1,0,35,0,4.8840146064758301,-0.17180624604225159,0,1,0,1,fdee050000f9ff7f63000023d0021a8d
618,stress100,J3,3,207,2.0599997939999999,2.060166358,2.0610965779999999,0.93022000000000005,1,0,1,1,1,1,3,1,0,34,0,2.1945564746856689,-0.024543749168515205,0,1,0,1,fdee030000ffffb52c000022f802f30e
619,stress100,J4,4,207,2.0633331269999999,2.0635223730000001,2.0651121180000001,1.589745,1,0,1,1,1,1,4,1,0,35,0,0.79326164722442627,0.14726249873638153,0,1,0,1,fdee04000006002910000023d00229a5
620,stress100,J5,5,207,2.06666646,2.06686199,2.0680937849999999,1.231795,1,0,1,1,1,1,5,1,0,35,0,4.8840146064758301,-0.22089375555515289,0,1,0,1,fdee050000f7ff7f63000023d002cf56
621,stress100,J3,3,208,2.069999793,2.0701721979999999,2.0711047800000002,0.93258200000000002,1,0,1,1,1,1,3,1,0,34,0,2.1943645477294922,-0.44178751111030579,0,1,0,1,fdee030000eeffb42c000022f8024f23
622,stress100,J4,4,208,2.0733331260000001,2.0734237609999999,2.0750914589999998,1.6676979999999999,1,0,1,1,1,1,4,1,0,35,0,0.79326164722442627,-0.24543750286102295,0,1,0,1,fdee040000f6ff2910000023d002197d
623,stress100,J5,5,208,2.0766664590000001,2.0767721689999998,2.0780242919999998,1.2521230000000001,1,0,1,1,1,1,5,1,0,35,0,4.8840146064758301,-0.19634999334812164,0,1,0,1,fdee050000f8ff7f63000023d002e7c0
624,stress100,J3,3,209,2.0799997920000002,2.0801622260000001,2.0810798469999998,0.91762100000000002,1,0,1,1,1,1,3,1,0,34,0,2.1945564746856689,-0.049087498337030411,0,1,0,1,fdee030000feffb52c000022f8020e43
625,stress100,J4,4,209,2.0833331249999998,2.0835992409999999,2.0850796620000001,1.480421,1,0,1,1,1,1,4,1,0,35,0,0.7934533953666687,0.098174996674060822,0,1,0,1,fdee04000004002a10000023d002bd96
626,stress100,J5,5,209,2.0866664579999998,2.0867726449999999,2.0880810849999998,1.30844,1,0,1,1,1,1,5,1,0,35,0,4.8840146064758301,-0.098174996674060822,0,1,0,1,fdee050000fcff7f63000023d00202ff
627,stress100,J3,3,210,2.0899997909999999,2.0901611089999999,2.0910882960000001,0.92718699999999998,1,0,1,1,1,1,3,1,0,34,0,2.1943645477294922,-0.31906875967979431,0,1,0,1,fdee030000f3ffb42c000022f80209d1
628,stress100,J4,4,210,2.0933331239999999,2.093524479,2.095084027,1.5595479999999999,1,0,1,1,1,1,4,1,0,35,0,0.7934533953666687,0.12271875143051147,0,1,0,1,fdee04000005002a10000023d00240db
629,stress100,J5,5,210,2.096666457,2.0969271439999999,2.0981171550000002,1.1900109999999999,1,0,1,1,1,1,5,1,0,35,0,4.8842062950134277,0.22089375555515289,0,1,0,1,fdee05000009008063000023d0028fdb
630,stress100,J3,3,211,2.09999979,2.1001422060000001,2.100989057,0.84685100000000002,1,0,1,1,1,1,3,1,0,34,0,2.1945564746856689,0.024543749168515205,0,1,0,1,fdee0300000100b52c000022f802160d
631,stress100,J4,4,211,2.1033331230000001,2.1034296760000002,2.1037721110000001,0.34243499999999999,1,0,1,1,1,1,4,1,0,35,0,0.79326164722442627,-0.19634999334812164,0,1,0,1,fdee040000f8ff2910000023d002cca6
632,stress100,J5,5,211,2.1066664560000001,2.1067411749999998,2.1079872650000002,1.2460899999999999,1,0,1,1,1,1,5,1,0,35,0,4.8840146064758301,-0.19634999334812164,0,1,0,1,fdee050000f8ff7f63000023d002e7c0
633,stress100,J3,3,212,2.1099997890000002,2.1100279579999999,2.1109828469999998,0.95488899999999999,1,0,1,1,1,1,3,1,0,34,0,2.1945564746856689,-0.12271875143051147,0,1,0,1,fdee030000fbffb52c000022f8021631
634,stress100,J4,4,212,2.1133331219999998,2.1134018590000001,2.1138669399999999,0.46508100000000002,1,0,1,1,1,1,4,1,0,35,0,0.79326164722442627,-0.36815625429153442,0,1,0,1,fdee040000f1ff2910000023d002fb94
635,stress100,J5,5,212,2.1166664549999998,2.1167343779999999,2.1179705370000002,1.236159,1,0,1,1,1,1,5,1,0,35,0,4.8838229179382324,-0.56450623273849487,0,1,0,1,fdee050000e9ff7e63000023d0025bed
636,stress100,J3,3,213,2.1199997879999999,2.1200276150000001,2.1209940619999998,0.96644699999999994,1,0,1,1,1,1,3,1,0,34,0,2.1945564746856689,0,0,1,0,1,fdee0300000000b52c000022f802eb40
637,stress100,J4,4,213,2.1233331209999999,2.1233874699999999,2.1238810560000001,0.49358600000000002,1,0,1,1,1,1,4,1,0,35,0,0.7934533953666687,0.17180624604225159,0,1,0,1,fdee04000007002a10000023d002ba40
638,stress100,J5,5,213,2.126666454,2.1267381990000001,2.1279708049999999,1.2326060000000001,1,0,1,1,1,1,5,1,0,35,0,4.8842062950134277,0.19634999334812164,0,1,0,1,fdee05000008008063000023d0027296
639,stress100,J3,3,214,2.129999787,2.1300274259999998,2.1309058589999998,0.87843300000000002,1,0,1,1,1,1,3,1,0,34,0,2.1945564746856689,-0.024543749168515205,0,1,0,1,fdee030000ffffb52c000022f802f30e
640,stress100,J4,4,214,2.1333331200000001,2.1334008440000001,2.1338630599999999,0.46221600000000002,1,0,1,1,1,1,4,1,0,35,0,0.79326164722442627,-0.26998123526573181,0,1,0,1,fdee040000f5ff2910000023d0021eab
641,stress100,J5,5,214,2.1366664530000001,2.1367344450000001,2.1379194479999999,1.185003,1,0,1,1,1,1,5,1,0,35,0,4.8840146064758301,-0.073631249368190765,0,1,0,1,fdee050000fdff7f63000023d002ffb2
642,stress100,J3,3,215,2.1399997860000002,2.1400279100000001,2.1409351550000002,0.90724499999999997,1,0,1,1,1,1,3,1,0,34,0,2.1945564746856689,0,0,1,0,1,fdee0300000000b52c000022f802eb40
643,stress100,J4,4,215,2.1433331189999998,2.143400078,2.1438664169999999,0.466339,1,0,1,1,1,1,4,1,0,35,0,0.79326164722442627,-0.31906875967979431,0,1,0,1,fdee040000f3ff2910000023d002010f
644,stress100,J5,5,215,2.1466664519999998,2.1467340840000002,2.1479738410000002,1.239757,1,0,1,1,1,1,5,1,0,35,0,4.8838229179382324,-0.46633124351501465,0,1,0,1,fdee050000edff7e63000023d002bed2
645,stress100,J3,3,216,2.1499997849999999,2.1500274429999999,2.150985285,0.95784199999999997,1,0,1,1,1,1,3,1,0,34,0,2.1947481632232666,0.39269998669624329,0,1,0,1,fdee0300001000b62c000022f8021117
646,stress100,J4,4,216,2.1533331179999999,2.153401149,2.1538708990000002,0.46975,1,0,1,1,1,1,4,1,0,35,0,0.79326164722442627,-0.26998123526573181,0,1,0,1,fdee040000f5ff2910000023d0021eab
647,stress100,J5,5,216,2.156666451,2.156734025,2.1579166220000001,1.1825969999999999,1,0,1,1,1,1,5,1,0,35,0,4.8842062950134277,0.14726249873638153,0,1,0,1,fdee05000006008063000023d002a74d
648,stress100,J3,3,217,2.159999784,2.1600274370000001,2.1609969850000001,0.96954799999999997,1,0,1,1,1,1,3,1,0,34,0,2.1945564746856689,0.049087498337030411,0,1,0,1,fdee0300000200b52c000022f80211db
649,stress100,J4,4,217,2.1633331170000001,2.1634003079999999,2.1638685899999999,0.46828199999999998,1,0,1,1,1,1,4,1,0,35,0,0.7934533953666687,0.024543749168515205,0,1,0,1,fdee04000001002a10000023d002a5e4
650,stress100,J5,5,217,2.1666664500000001,2.1667352449999999,2.1679724710000001,1.2372259999999999,1,0,1,1,1,1,5,1,0,35,0,4.8840146064758301,-0.098174996674060822,0,1,0,1,fdee050000fcff7f63000023d00202ff
651,stress100,J3,3,218,2.1699997830000002,2.1701565970000001,2.1710010529999999,0.84445599999999998,1,0,1,1,1,1,3,1,0,34,0,2.1943645477294922,-0.34361249208450317,0,1,0,1,fdee030000f2ffb42c000022f802f49c
652,stress100,J4,4,218,2.1733331159999998,2.1734483560000002,2.1749948539999999,1.5464979999999999,1,0,1,1,1,1,4,1,0,35,0,0.7934533953666687,0.17180624604225159,0,1,0,1,fdee04000007002a10000023d002ba40
653,stress100,J5,5,218,2.1766664489999998,2.1768909559999998,2.1780637930000002,1.1728369999999999,1,0,1,1,1,1,5,1,0,35,0,4.8840146064758301,-0.12271875143051147,0,1,0,1,fdee050000fbff7f63000023d002e016
654,stress100,J3,3,219,2.1799997819999999,2.1801226530000002,2.1810678050000001,0.94515199999999999,1,0,1,1,1,1,3,1,0,34,0,2.1943645477294922,0.34361249208450317,0,1,0,1,fdee0300000e00b42c000022f802eb04
655,stress100,J4,4,219,2.1833331149999999,2.1835096200000002,2.184977129,1.467509,1,0,1,1,1,1,4,1,0,35,0,0.79326164722442627,-0.24543750286102295,0,1,0,1,fdee040000f6ff2910000023d002197d
656,stress100,J5,5,219,2.186666448,2.186892152,2.1880456150000001,1.1534629999999999,1,0,1,1,1,1,5,1,0,35,0,4.8840146064758301,-0.19634999334812164,0,1,0,1,fdee050000f8ff7f63000023d002e7c0
657,stress100,J3,3,220,2.189999781,2.1901319739999998,2.1910735830000001,0.94160900000000003,1,0,1,1,1,1,3,1,0,34,0,2.1947481632232666,0.31906875967979431,0,1,0,1,fdee0300000d00b62c000022f80257e5
658,stress100,J4,4,220,2.1933331140000001,2.193517779,2.1949587240000001,1.4409449999999999,1,0,1,1,1,1,4,1,0,35,0,0.7934533953666687,0.049087498337030411,0,1,0,1,fdee04000002002a10000023d002a232
659,stress100,J5,5,220,2.1966664470000001,2.1968457780000001,2.1980556820000001,1.2099040000000001,1,0,1,1,1,1,5,1,0,35,0,4.8842062950134277,0.12271875143051147,0,1,0,1,fdee05000005008063000023d002a09b
660,stress100,J3,3,221,2.1999997800000002,2.2001444499999998,2.2010921369999998,0.94768699999999995,1,0,1,1,1,1,3,1,0,34,0,2.1945564746856689,-0.024543749168515205,0,1,0,1,fdee030000ffffb52c000022f802f30e
661,stress100,J4,4,221,2.2033331129999998,2.2033905539999998,2.2038701170000001,0.47956300000000002,1,0,1,1,1,1,4,1,0,35,0,0.7934533953666687,0.098174996674060822,0,1,0,1,fdee04000004002a10000023d002bd96
662,stress100,J5,5,221,2.2066664459999998,2.2067729730000001,2.2080431639999998,1.2701910000000001,1,0,1,1,1,1,5,1,0,35,0,4.8840146064758301,-0.24543750286102295,0,1,0,1,fdee050000f6ff7f63000023d002321b
663,stress100,J3,3,222,2.2099997789999999,2.2101447479999998,2.2110769499999998,0.93220199999999998,1,0,1,1,1,1,3,1,0,34,0,2.1947481632232666,0.24543750286102295,0,1,0,1,fdee0300000a00b62c000022f00275c2
664,stress100,J4,4,222,2.2133331119999999,2.213522615,2.2149629559999999,1.4403410000000001,1,0,1,1,1,1,4,1,0,35,0,0.7934533953666687,-0.61359375715255737,0,1,0,1,fdee040000e7ff2a10000023d0021e67
665,stress100,J5,5,222,2.216666445,2.2168344069999999,2.2180634549999998,1.2290479999999999,1,0,1,1,1,1,5,1,0,35,0,4.8842062950134277,0.22089375555515289,0,1,0,1,fdee05000009008063000023d0028fdb
666,stress100,J3,3,223,2.219999778,2.2201344160000001,2.2210646610000002,0.93024499999999999,1,0,1,1,1,1,3,1,0,34,0,2.1945564746856689,0,0,1,0,1,fdee0300000000b52c000022f802eb40
667,stress100,J4,4,223,2.2233331110000001,2.2234058370000001,2.2249234539999998,1.517617,1,0,1,1,1,1,4,1,0,35,0,0.79326164722442627,-0.24543750286102295,0,1,0,1,fdee040000f6ff2910000023d002197d
668,stress100,J5,5,223,2.2266664440000001,2.2267674500000001,2.2280526429999998,1.285193,1,0,1,1,1,1,5,1,0,35,0,4.8842062950134277,0.22089375555515289,0,1,0,1,fdee05000009008063000023d0028fdb
669,stress100,J3,3,224,2.2299997770000002,2.2301474990000001,2.2310446769999999,0.89717800000000003,1,0,1,1,1,1,3,1,0,34,0,2.1945564746856689,-0.049087498337030411,0,1,0,1,fdee030000feffb52c000022f8020e43
670,stress100,J4,4,224,2.2333331099999998,2.2333905469999999,2.233922148,0.53160099999999999,1,0,1,1,1,1,4,1,0,35,0,0.7934533953666687,0.049087498337030411,0,1,0,1,fdee04000002002a10000023d002a232
671,stress100,J5,5,224,2.2366664429999998,2.236856446,2.2380002669999999,1.143821,1,0,1,1,1,1,5,1,0,35,0,4.8840146064758301,-0.098174996674060822,0,1,0,1,fdee050000fcff7f63000023d00202ff
672,stress100,J3,3,225,2.2399997759999999,2.240180434,2.2409572199999999,0.77678599999999998,1,0,1,1,1,1,3,1,0,34,0,2.1943645477294922,-0.34361249208450317,0,1,0,1,fdee030000f2ffb42c000022f802f49c
673,stress100,J4,4,225,2.2433331089999999,2.2434463629999999,2.2438760160000002,0.42965300000000001,1,0,1,1,1,1,4,1,0,35,0,0.7934533953666687,0.049087498337030411,0,1,0,1,fdee04000002002a10000023d002a232
674,stress100,J5,5,225,2.246666442,2.2468382509999998,2.248006336,1.168085,1,0,1,1,1,1,5,1,0,35,0,4.8840146064758301,-0.17180624604225159,0,1,0,1,fdee050000f9ff7f63000023d0021a8d
675,stress100,J3,3,226,2.249999775,2.2501279259999998,2.2510489279999999,0.92100199999999999,1,0,1,1,1,1,3,1,0,34,0,2.1945564746856689,0,0,1,0,1,fdee0300000000b52c000022f0022b8e
676,stress100,J4,4,226,2.2533331080000001,2.2533905650000001,2.2538508770000001,0.460312,1,0,1,1,1,1,4,1,0,35,0,0.7934533953666687,0.049087498337030411,0,1,0,1,fdee04000002002a10000023d002a232
677,stress100,J5,5,226,2.2566664410000001,2.256823169,2.2579915669999999,1.168398,1,0,1,1,1,1,5,1,0,35,0,4.8842062950134277,0.17180624604225159,0,1,0,1,fdee05000007008063000023d0025a00
678,stress100,J3,3,227,2.2599997740000002,2.2601352700000001,2.2610570249999999,0.92175499999999999,1,0,1,1,1,1,3,1,0,34,0,2.1945564746856689,0,0,1,0,1,fdee0300000000b52c000022f802eb40
679,stress100,J4,4,227,2.2633331069999998,2.2634739590000001,2.2650193170000001,1.545358,1,0,1,1,1,1,4,1,0,35,0,0.79326164722442627,-0.26998123526573181,0,1,0,1,fdee040000f5ff2910000023d0021eab
680,stress100,J5,5,227,2.2666664399999998,2.2668341930000002,2.2680442169999999,1.210024,1,0,1,1,1,1,5,1,0,35,0,4.8840146064758301,-0.14726249873638153,0,1,0,1,fdee050000faff7f63000023d0021d5b
681,stress100,J3,3,228,2.2699997729999999,2.2701303319999999,2.2710546649999999,0.92433299999999996,1,0,1,1,1,1,3,1,0,34,0,2.1945564746856689,-0.14726249873638153,0,1,0,1,fdee030000faffb52c000022f802eb7c
682,stress100,J4,4,228,2.2733331059999999,2.2734346379999999,2.2749974040000001,1.5627660000000001,1,0,1,1,1,1,4,1,0,35,0,0.7934533953666687,0,0,1,0,1,fdee04000000002a10000023d00258a9
683,stress100,J5,5,228,2.276666439,2.2767670940000002,2.2780472239999998,1.28013,1,0,1,1,1,1,5,1,0,35,0,4.8840146064758301,-0.19634999334812164,0,1,0,1,fdee050000f8ff7f63000023d002e7c0
684,stress100,J3,3,229,2.279999772,2.280121163,2.2810787750000001,0.95761200000000002,1,0,1,1,1,1,3,1,0,34,0,2.1945564746856689,-0.024543749168515205,0,1,0,1,fdee030000ffffb52c000022f802f30e
685,stress100,J4,4,229,2.2833331050000001,2.2833902560000001,2.2838957240000002,0.50546800000000003,1,0,1,1,1,1,4,1,0,35,0,0.7934533953666687,0.073631249368190765,0,1,0,1,fdee04000003002a10000023d0025f7f
686,stress100,J5,5,229,2.2866664380000001,2.2868394859999999,2.2880598179999998,1.220332,1,0,1,1,1,1,5,1,0,35,0,4.8838229179382324,-0.51541876792907715,0,1,0,1,fdee050000ebff7e63000023d002a176
687,stress100,J3,3,230,2.2899997710000002,2.2901342840000001,2.291049756,0.91547199999999995,1,0,1,1,1,1,3,1,0,34,0,2.1945564746856689,-0.024543749168515205,0,1,0,1,fdee030000ffffb52c000022f802f30e
688,stress100,J4,4,230,2.2933331039999998,2.2934693070000001,2.29498347,1.5141629999999999,1,0,1,1,1,1,4,1,0,35,0,0.79326164722442627,-0.31906875967979431,0,1,0,1,fdee040000f3ff2910000023d002010f
689,stress100,J5,5,230,2.2966664369999998,2.2967677119999999,2.2979789679999998,1.2112560000000001,1,0,1,1,1,1,5,1,0,35,0,4.8840146064758301,-0.17180624604225159,0,1,0,1,fdee050000f9ff7f63000023d0021a8d
690,stress100,J3,3,231,2.2999997699999999,2.3001688749999998,2.3010637900000002,0.89491500000000002,1,0,1,1,1,1,3,1,0,34,0,2.1945564746856689,-0.024543749168515205,0,1,0,1,fdee030000ffffb52c000022f802f30e
691,stress100,J4,4,231,2.3033331029999999,2.30339055,2.303853213,0.46266299999999999,1,0,1,1,1,1,4,1,0,35,0,0.79326164722442627,-0.31906875967979431,0,1,0,1,fdee040000f3ff2910000023d002010f
692,stress100,J5,5,231,2.306666436,2.306838194,2.3079889420000002,1.1507480000000001,1,0,1,1,1,1,5,1,0,35,0,4.8838229179382324,-0.46633124351501465,0,1,0,1,fdee050000edff7e63000023d002bed2
693,stress100,J3,3,232,2.309999769,2.3100361870000001,2.3109050610000001,0.86887400000000004,1,0,1,1,1,1,3,1,0,34,0,2.1943645477294922,-0.34361249208450317,0,1,0,1,fdee030000f2ffb42c000022f0023452
694,stress100,J4,4,232,2.3133331020000001,2.3133887030000002,2.3138793199999999,0.49061700000000003,1,0,1,1,1,1,4,1,0,35,0,0.79326164722442627,-0.22089375555515289,0,1,0,1,fdee040000f7ff2910000023d002e430
695,stress100,J5,5,232,2.3166664350000001,2.3167237100000002,2.3179149200000002,1.1912100000000001,1,0,1,1,1,1,5,1,0,35,0,4.8840146064758301,-0.24543750286102295,0,1,0,1,fdee050000f6ff7f63000023d002321b
696,stress100,J3,3,233,2.3199997680000002,2.3200299100000001,2.3209723630000001,0.94245299999999999,1,0,1,1,1,1,3,1,0,34,0,2.1945564746856689,-0.073631249368190765,0,1,0,1,fdee030000fdffb52c000022f8020995
697,stress100,J4,4,233,2.3233331009999998,2.323422484,2.3238997330000002,0.47724899999999998,1,0,1,1,1,1,4,1,0,35,0,0.79326164722442627,-0.22089375555515289,0,1,0,1,fdee040000f7ff2910000023d002e430
698,stress100,J5,5,233,2.3266664339999998,2.3267233159999998,2.3279108019999999,1.187486,1,0,1,1,1,1,5,1,0,35,0,4.8842062950134277,0.24543750286102295,0,1,0,1,fdee0500000a008063000023d002880d
699,stress100,J3,3,234,2.3299997669999999,2.330054858,2.3309629740000002,0.90811600000000003,1,0,1,1,1,1,3,1,0,34,0,2.1945564746856689,0,0,1,0,1,fdee0300000000b52c000022f802eb40
700,stress100,J4,4,234,2.3333330999999999,2.3333875719999999,2.3337775449999998,0.38997300000000001,1,0,1,1,1,1,4,1,0,35,0,0.7934533953666687,0,0,1,0,1,fdee04000000002a10000023d00258a9
701,stress100,J5,5,234,2.336666433,2.3367464839999998,2.3379105070000001,1.164023,1,0,1,1,1,1,5,1,0,35,0,4.8840146064758301,-0.049087498337030411,0,1,0,1,fdee050000feff7f63000023d002f864
702,stress100,J3,3,235,2.339999766,2.3400648519999998,2.3409133400000002,0.84848800000000002,1,0,1,1,1,1,3,1,0,34,0,2.1945564746856689,-0.024543749168515205,0,1,0,1,fdee030000ffffb52c000022f802f30e
703,stress100,J4,4,235,2.3433330990000001,2.3434184669999998,2.3438505570000001,0.43208999999999997,1,0,1,1,1,1,4,1,0,35,0,0.79306989908218384,-0.61359375715255737,0,1,0,1,fdee040000e7ff2810000023d002a550
704,stress100,J5,5,235,2.3466664320000001,2.3467470869999998,2.3479231980000002,1.1761109999999999,1,0,1,1,1,1,5,1,0,35,0,4.8840146064758301,-0.24543750286102295,0,1,0,1,fdee050000f6ff7f63000023d002321b
705,stress100,J3,3,236,2.3499997650000002,2.3500638720000002,2.351049384,0.98551200000000005,1,0,1,1,1,1,3,1,0,34,0,2.1945564746856689,-0.049087498337030411,0,1,0,1,fdee030000feffb52c00002200034fe0
706,stress100,J4,4,236,2.3533330979999998,2.353410319,2.3538555529999998,0.44523400000000002,1,0,1,1,1,1,4,1,0,35,0,0.7934533953666687,0,0,1,0,1,fdee04000000002a10000023d00258a9
707,stress100,J5,5,236,2.3566664309999998,2.3567375840000002,2.3578935329999999,1.1559489999999999,1,0,1,1,1,1,5,1,0,35,0,4.8842062950134277,0.14726249873638153,0,1,0,1,fdee05000006008063000023d002a74d
708,stress100,J3,3,237,2.3599997639999999,2.3600274099999998,2.3609555109999998,0.92810099999999995,1,0,1,1,1,1,3,1,0,34,0,2.1945564746856689,0.024543749168515205,0,1,0,1,fdee0300000100b52c000022f802160d
709,stress100,J4,4,237,2.3633330969999999,2.3634011560000001,2.3638492219999998,0.44806600000000002,1,0,1,1,1,1,4,1,0,35,0,0.79326164722442627,-0.24543750286102295,0,1,0,1,fdee040000f6ff2910000023d002197d
710,stress100,J5,5,237,2.36666643,2.3667344670000001,2.3678885759999999,1.1541090000000001,1,0,1,1,1,1,5,1,0,35,0,4.8838229179382324,-0.44178751111030579,0,1,0,1,fdee050000eeff7e63000023d002b904
711,stress100,J3,3,238,2.369999763,2.3700277220000001,2.370954475,0.92675300000000005,1,0,1,1,1,1,3,1,0,34,0,2.1945564746856689,0,0,1,0,1,fdee0300000000b52c000022f0022b8e
712,stress100,J4,4,238,2.3733330960000001,2.3734018140000002,2.3738436109999999,0.441797,1,0,1,1,1,1,4,1,0,35,0,0.7934533953666687,0.14726249873638153,0,1,0,1,fdee04000006002a10000023d002470d
713,stress100,J5,5,238,2.3766664290000001,2.3767401590000001,2.377954677,1.214518,1,0,1,1,1,1,5,1,0,35,0,4.8840146064758301,0,0,1,0,1,fdee05000000007f63000023d0021d67
714,stress100,J3,3,239,2.3799997620000002,2.380133866,2.3808205170000001,0.68665100000000001,1,0,1,1,1,1,3,1,0,34,0,2.1945564746856689,-0.098174996674060822,0,1,0,1,fdee030000fcffb52c000022f802f4d8
715,stress100,J4,4,239,2.3833330949999998,2.3835492509999998,2.3850496099999998,1.500359,1,0,1,1,1,1,4,1,0,35,0,0.79326164722442627,-0.34361249208450317,0,1,0,1,fdee040000f2ff2910000023d002fc42
716,stress100,J5,5,239,2.3866664279999998,2.386770576,2.388107228,1.336652,1,0,1,1,1,1,5,1,0,35,0,4.8840146064758301,-0.12271875143051147,0,1,0,1,fdee050000fbff7f63000023d002e016
717,stress100,J3,3,240,2.3899997609999999,2.3900743229999999,2.391091855,1.0175320000000001,1,0,1,1,1,1,3,1,0,34,0,2.1943645477294922,-0.12271875143051147,0,1,0,1,fdee030000fbffb42c000022f0020360
718,stress100,J4,4,240,2.3933330939999999,2.393583526,2.395020632,1.437106,1,0,1,1,1,1,4,1,0,35,0,0.79326164722442627,-0.31906875967979431,0,1,0,1,fdee040000f3ff2910000023d002010f
719,stress100,J5,5,240,2.396666427,2.3967786640000002,2.3980807579999999,1.3020940000000001,1,0,1,1,1,1,5,1,0,35,0,4.8842062950134277,-0.098174996674060822,0,1,0,1,fdee050000fcff8063000023d002a771
720,stress100,J3,3,241,2.39999976,2.4001506250000002,2.400986842,0.83621699999999999,1,0,1,1,1,1,3,1,0,34,0,2.1941728591918945,-0.4908750057220459,0,1,0,1,fdee030000ecffb32c000022f0026db1
721,stress100,J4,4,241,2.4033330930000001,2.4035175369999999,2.4038492929999999,0.331756,1,0,1,1,1,1,4,1,0,35,0,0.79326164722442627,-0.36815625429153442,0,1,0,1,fdee040000f1ff2910000023d002fb94
722,stress100,J5,5,241,2.4066664260000001,2.4067768570000001,2.4080716149999999,1.2947580000000001,1,0,1,1,1,1,5,1,0,35,0,4.8842062950134277,0.19634999334812164,0,1,0,1,fdee05000008008063000023d0027296
723,stress100,J3,3,242,2.4099997590000002,2.4101485760000001,2.4110375469999998,0.88897099999999996,1,0,1,1,1,1,3,1,0,34,0,2.1943645477294922,-0.31906875967979431,0,1,0,1,fdee030000f3ffb42c000022f80209d1
724,stress100,J4,4,242,2.4133330919999998,2.4135046469999999,2.4150039510000001,1.499304,1,0,1,1,1,1,4,1,0,35,0,0.79326164722442627,-0.22089375555515289,0,1,0,1,fdee040000f7ff2910000023d002e430
725,stress100,J5,5,242,2.4166664249999998,2.416767224,2.418063471,1.2962469999999999,1,0,1,1,1,1,5,1,0,35,0,4.8840146064758301,-0.098174996674060822,0,1,0,1,fdee050000fcff7f63000023d00202ff
726,stress100,J3,3,243,2.4199997579999999,2.4201486270000001,2.4210597730000001,0.91114600000000001,1,0,1,1,1,1,3,1,0,34,0,2.1943645477294922,-0.024543749168515205,0,1,0,1,fdee030000ffffb42c000022f002e65f
727,stress100,J4,4,243,2.4233330909999999,2.4234324209999998,2.425002525,1.5701039999999999,1,0,1,1,1,1,4,1,0,35,0,0.7934533953666687,0,0,1,0,1,fdee04000000002a10000023d00258a9
728,stress100,J5,5,243,2.426666424,2.4267672290000002,2.4280624159999999,1.2951870000000001,1,0,1,1,1,1,5,1,0,35,0,4.8840146064758301,-0.22089375555515289,0,1,0,1,fdee050000f7ff7f63000023d002cf56
729,stress100,J3,3,244,2.429999757,2.4301344039999999,2.431048627,0.91422300000000001,1,0,1,1,1,1,3,1,0,34,0,2.1943645477294922,0.34361249208450317,0,1,0,1,fdee0300000e00b42c000022f802eb04
730,stress100,J4,4,244,2.4333330900000001,2.4334343789999999,2.434999892,1.5655129999999999,1,0,1,1,1,1,4,1,0,35,0,0.79326164722442627,-0.22089375555515289,0,1,0,1,fdee040000f7ff2910000023d002e430
731,stress100,J5,5,244,2.4366664230000001,2.4368383109999998,2.4380511120000001,1.212801,1,0,1,1,1,1,5,1,0,35,0,4.8838229179382324,-0.51541876792907715,0,1,0,1,fdee050000ebff7e63000023d002a176
732,stress100,J3,3,245,2.4399997560000002,2.4400781450000002,2.441047035,0.96889000000000003,1,0,1,1,1,1,3,1,0,34,0,2.1945564746856689,-0.073631249368190765,0,1,0,1,fdee030000fdffb52c000022f8020995
733,stress100,J4,4,245,2.4433330889999998,2.4435156180000002,2.4449205709999999,1.4049529999999999,1,0,1,1,1,1,4,1,0,35,0,0.79326164722442627,-0.22089375555515289,0,1,0,1,fdee040000f7ff2910000023d002e430
734,stress100,J5,5,245,2.4466664219999998,2.4468543230000002,2.44794804,1.0937170000000001,1,0,1,1,1,1,5,1,0,35,0,4.8838229179382324,-0.46633124351501465,0,1,0,1,fdee050000edff7e63000023d002bed2
735,stress100,J3,3,246,2.4499997549999999,2.4501674699999998,2.4509078519999998,0.74038199999999998,1,0,1,1,1,1,3,1,0,34,0,2.1945564746856689,0,0,1,0,1,fdee0300000000b52c000022f0022b8e
736,stress100,J4,4,246,2.4533330879999999,2.4535172809999999,2.4549913870000002,1.4741059999999999,1,0,1,1,1,1,4,1,0,35,0,0.79326164722442627,-0.29452499747276306,0,1,0,1,fdee040000f4ff2910000023d002e3e6
737,stress100,J5,5,246,2.456666421,2.4567718630000002,2.4580417159999999,1.2698529999999999,1,0,1,1,1,1,5,1,0,35,0,4.8840146064758301,-0.17180624604225159,0,1,0,1,fdee050000f9ff7f63000023d0021a8d
738,stress100,J3,3,247,2.459999754,2.460152678,2.4610824920000001,0.92981400000000003,1,0,1,1,1,1,3,1,0,34,0,2.1943645477294922,0,0,1,0,1,fdee0300000000b42c000022f8023edf
739,stress100,J4,4,247,2.4633330870000001,2.463418163,2.463886145,0.46798200000000001,1,0,1,1,1,1,4,1,0,35,0,0.79306989908218384,-0.63813751935958862,0,1,0,1,fdee040000e6ff2810000023d002581d
740,stress100,J5,5,247,2.4666664200000001,2.4668414780000001,2.4679790150000001,1.137537,1,0,1,1,1,1,5,1,0,35,0,4.8840146064758301,-0.098174996674060822,0,1,0,1,fdee050000fcff7f63000023d00202ff
741,stress100,J3,3,248,2.4699997530000002,2.4701549809999999,2.4710553869999998,0.90040600000000004,1,0,1,1,1,1,3,1,0,34,0,2.1943645477294922,-0.14726249873638153,0,1,0,1,fdee030000faffb42c000022f002fe2d
742,stress100,J4,4,248,2.4733330859999998,2.473437117,2.4749863489999999,1.5492319999999999,1,0,1,1,1,1,4,1,0,35,0,0.79306989908218384,-0.6626812219619751,0,1,0,1,fdee040000e5ff2810000023d0025fcb
743,stress100,J5,5,248,2.4766664189999998,2.4767670979999998,2.4780076270000002,1.240529,1,0,1,1,1,1,5,1,0,35,0,4.8840146064758301,-0.14726249873638153,0,1,0,1,fdee050000faff7f63000023d0021d5b
744,stress100,J3,3,249,2.4799997519999999,2.4801293169999998,2.4810294100000001,0.90009300000000003,1,0,1,1,1,1,3,1,0,34,0,2.1947481632232666,0.31906875967979431,0,1,0,1,fdee0300000d00b62c000022f80257e5
745,stress100,J4,4,249,2.4833330849999999,2.4833910509999999,2.4838875150000002,0.49646400000000002,1,0,1,1,1,1,4,1,0,35,0,0.79364514350891113,0.39269998669624329,0,1,0,1,fdee04000010002b10000023d00219c9
746,stress100,J5,5,249,2.486666418,2.4868578569999999,2.4879939960000002,1.136139,1,0,1,1,1,1,5,1,0,35,0,4.8840146064758301,-0.26998123526573181,0,1,0,1,fdee050000f5ff7f63000023d00235cd
747,stress100,J3,3,250,2.489999751,2.4901353400000001,2.4910436900000001,0.90834999999999999,1,0,1,1,1,1,3,1,0,34,0,2.1945564746856689,-0.14726249873638153,0,1,0,1,fdee030000faffb52c000022f802eb7c
748,stress100,J4,4,250,2.4933330840000001,2.493399519,2.493885218,0.48569899999999999,1,0,1,1,1,1,4,1,0,35,0,0.79326164722442627,-0.22089375555515289,0,1,0,1,fdee040000f7ff2910000023d002e430
749,stress100,J5,5,250,2.4966664170000001,2.496827278,2.497971712,1.144434,1,0,1,1,1,1,5,1,0,35,0,4.8840146064758301,-0.14726249873638153,0,1,0,1,fdee050000faff7f63000023d0021d5b
750,stress100,J3,3,251,2.4999997500000002,2.5001468610000002,2.5010502080000001,0.90334700000000001,1,0,1,1,1,1,3,1,0,34,0,2.1945564746856689,0,0,1,0,1,fdee0300000000b52c000022f802eb40
751,stress100,J4,4,251,2.5033330829999998,2.5033861740000001,2.5038428339999999,0.45666000000000001,1,0,1,1,1,1,4,1,0,35,0,0.7934533953666687,0.024543749168515205,0,1,0,1,fdee04000001002a10000023d002a5e4
752,stress100,J5,5,251,2.5066664159999998,2.5068056809999999,2.507956434,1.1507529999999999,1,0,1,1,1,1,5,1,0,35,0,4.8840146064758301,-0.024543749168515205,0,1,0,1,fdee050000ffff7f63000023d0020529
753,stress100,J3,3,252,2.5099997489999999,2.5100277960000001,2.510949852,0.92205599999999999,1,0,1,1,1,1,3,1,0,34,0,2.1945564746856689,-0.049087498337030411,0,1,0,1,fdee030000feffb52c000022f002ce8d
754,stress100,J4,4,252,2.5133330819999999,2.5134015550000002,2.5138361140000001,0.43455899999999997,1,0,1,1,1,1,4,1,0,35,0,0.7934533953666687,-0.24543750286102295,0,1,0,1,fdee040000f6ff2a10000023d00277d5
755,stress100,J5,5,252,2.516666415,2.5167851899999998,2.517929681,1.1444909999999999,1,0,1,1,1,1,5,1,0,35,0,4.8842062950134277,0.24543750286102295,0,1,0,1,fdee0500000a008063000023d002880d
756,stress100,J3,3,253,2.519999748,2.5201330550000001,2.5210480569999998,0.91500199999999998,1,0,1,1,1,1,3,1,0,34,0,2.1943645477294922,-0.098174996674060822,0,1,0,1,fdee030000fcffb42c000022f002e189
757,stress100,J4,4,253,2.5233330810000001,2.5234272249999998,2.5248313429999998,1.404118,1,0,1,1,1,1,4,1,0,35,0,0.7934533953666687,0.049087498337030411,0,1,0,1,fdee04000002002a10000023d002a232
758,stress100,J5,5,253,2.5266664140000001,2.526835154,2.5279294600000002,1.094306,1,0,1,1,1,1,5,1,0,35,0,4.8840146064758301,-0.24543750286102295,0,1,0,1,fdee050000f6ff7f63000023d002321b
759,stress100,J3,3,254,2.5299997470000002,2.5301645150000001,2.5309352289999998,0.77071400000000001,1,0,1,1,1,1,3,1,0,34,0,2.1943645477294922,-0.12271875143051147,0,1,0,1,fdee030000fbffb42c000022f0020360
760,stress100,J4,4,254,2.5333330799999998,2.5335093,2.534845952,1.336652,1,0,1,1,1,1,4,1,0,35,0,0.7934533953666687,0.073631249368190765,0,1,0,1,fdee04000003002a10000023d0025f7f
761,stress100,J5,5,254,2.5366664129999998,2.5368349769999998,2.5379402820000001,1.105305,1,0,1,1,1,1,5,1,0,35,0,4.8840146064758301,-0.17180624604225159,0,1,0,1,fdee050000f9ff7f63000023d0021a8d
762,stress100,J3,3,255,2.5399997459999999,2.5401357230000001,2.5409228430000002,0.78712000000000004,1,0,1,1,1,1,3,1,0,34,0,2.1945564746856689,-0.049087498337030411,0,1,0,1,fdee030000feffb52c000022f8020e43
763,stress100,J4,4,255,2.5433330789999999,2.5435132490000001,2.5448162619999999,1.303013,1,0,1,1,1,1,4,1,0,35,0,0.7934533953666687,0,0,1,0,1,fdee04000000002a10000023d00258a9
764,stress100,J5,5,255,2.546666412,2.5468360059999999,2.547934674,1.098668,1,0,1,1,1,1,5,1,0,35,0,4.8838229179382324,-0.58904999494552612,0,1,0,1,fdee050000e8ff7e63000023d002a6a0
765,stress100,J3,3,256,2.549999745,2.5501402209999999,2.5509402790000002,0.80005800000000005,1,0,1,1,1,1,3,1,0,34,0,2.1945564746856689,0.024543749168515205,0,1,0,1,fdee0300000100b52c000022f802160d
766,stress100,J4,4,256,2.5533330780000001,2.5534647490000002,2.5548451559999998,1.3804069999999999,1,0,1,1,1,1,4,1,0,35,0,0.79326164722442627,-0.19634999334812164,0,1,0,1,fdee040000f8ff2910000023d002cca6
767,stress100,J5,5,256,2.5566664110000001,2.5567696849999999,2.5579331340000002,1.163449,1,0,1,1,1,1,5,1,0,35,0,4.8840146064758301,-0.12271875143051147,0,1,0,1,fdee050000fbff7f63000023d002e016
768,stress100,J3,3,257,2.5599997440000002,2.5600634449999999,2.5608378549999999,0.77441000000000004,1,0,1,1,1,1,3,1,0,34,0,2.1943645477294922,-0.41724374890327454,0,1,0,1,fdee030000efffb42c000022f802b26e
769,stress100,J4,4,257,2.5633330769999998,2.5633892629999999,2.5637396940000001,0.35043099999999999,1,0,1,1,1,1,4,1,0,35,0,0.79326164722442627,-0.34361249208450317,0,1,0,1,fdee040000f2ff2910000023d002fc42
770,stress100,J5,5,257,2.5666664099999998,2.5667551469999998,2.5678320019999998,1.0768549999999999,1,0,1,1,1,1,5,1,0,35,0,4.8840146064758301,-0.098174996674060822,0,1,0,1,fdee050000fcff7f63000023d00202ff
771,stress100,J3,3,258,2.5699997429999999,2.570065536,2.5708188019999998,0.75326599999999999,1,0,1,1,1,1,3,1,0,34,0,2.1945564746856689,0,0,1,0,1,fdee0300000000b52c000022f802eb40
772,stress100,J4,4,258,2.5733330759999999,2.573390308,2.5737381309999998,0.34782299999999999,1,0,1,1,1,1,4,1,0,35,0,0.79326164722442627,-0.39269998669624329,0,1,0,1,fdee040000f0ff2910000023d00206d9
773,stress100,J5,5,258,2.576666409,2.5767215459999999,2.5778315439999999,1.109998,1,0,1,1,1,1,5,1,0,35,0,4.8840146064758301,-0.12271875143051147,0,1,0,1,fdee050000fbff7f63000023d002e016
774,stress100,J3,3,259,2.579999742,2.580079842,2.5808217779999998,0.74193600000000004,1,0,1,1,1,1,3,1,0,34,0,2.1941728591918945,-0.46633124351501465,0,1,0,1,fdee030000edffb32c000022f8025032
775,stress100,J4,4,259,2.5833330750000001,2.583415091,2.5837290770000001,0.31398599999999999,1,0,1,1,1,1,4,1,0,35,0,0.79326164722442627,-0.22089375555515289,0,1,0,1,fdee040000f7ff2910000023d002e430
776,stress100,J5,5,259,2.5866664080000001,2.5867501939999999,2.587769604,1.0194099999999999,1,0,1,1,1,1,5,1,0,35,0,4.8842062950134277,0.22089375555515289,0,1,0,1,fdee05000009008063000023d0028fdb
777,stress100,J3,3,260,2.5899997410000002,2.590068821,2.5908275619999999,0.758741,1,0,1,1,1,1,3,1,0,34,0,2.1941728591918945,-0.41724374890327454,0,1,0,1,fdee030000efffb32c000022f802aaa9
778,stress100,J4,4,260,2.5933330739999998,2.5933883639999999,2.5937382630000001,0.34989900000000002,1,0,1,1,1,1,4,1,0,35,0,0.79326164722442627,-0.24543750286102295,0,1,0,1,fdee040000f6ff2910000023d002197d
779,stress100,J5,5,260,2.5966664069999998,2.5967500430000001,2.5978493829999998,1.09934,1,0,1,1,1,1,5,1,0,35,0,4.8840146064758301,-0.049087498337030411,0,1,0,1,fdee050000feff7f63000023d002f864
780,stress100,J3,3,261,2.5999997399999999,2.600224292,2.6008512690000001,0.62697700000000001,1,0,1,1,1,1,3,1,0,34,0,2.1945564746856689,0.073631249368190765,0,1,0,1,fdee0300000300b52c000022f0022c58
781,stress100,J4,4,261,2.6033330729999999,2.6033905320000001,2.603738602,0.34806999999999999,1,0,1,1,1,1,4,1,0,35,0,0.7934533953666687,0,0,1,0,1,fdee04000000002a10000023d00258a9
782,stress100,J5,5,261,2.606666406,2.606780385,2.6078472879999999,1.0669029999999999,1,0,1,1,1,1,5,1,0,35,0,4.8840146064758301,-0.17180624604225159,0,1,0,1,fdee050000f9ff7f63000023d0021a8d
783,stress100,J3,3,262,2.609999739,2.6100904900000002,2.6108287790000002,0.73828899999999997,1,0,1,1,1,1,3,1,0,34,0,2.1945564746856689,-0.024543749168515205,0,1,0,1,fdee030000ffffb52c000022f802f30e
784,stress100,J4,4,262,2.6133330720000001,2.6133892150000002,2.613799631,0.410416,1,0,1,1,1,1,4,1,0,35,0,0.79326164722442627,-0.36815625429153442,0,1,0,1,fdee040000f1ff2910000023d002fb94
785,stress100,J5,5,262,2.6166664050000001,2.6168709990000001,2.6179776530000001,1.106654,1,0,1,1,1,1,5,1,0,35,0,4.8840146064758301,-0.073631249368190765,0,1,0,1,fdee050000fdff7f63000023d002ffb2
786,stress100,J3,3,263,2.6199997380000002,2.6202086840000001,2.6208214500000002,0.61276600000000003,1,0,1,1,1,1,3,1,0,34,0,2.1947481632232666,0.34361249208450317,0,1,0,1,fdee0300000e00b62c000022f00290fd
787,stress100,J4,4,263,2.6233330709999998,2.623434649,2.6237374920000001,0.30284299999999997,1,0,1,1,1,1,4,1,0,35,0,0.79326164722442627,-0.24543750286102295,0,1,0,1,fdee040000f6ff2910000023d002197d
788,stress100,J5,5,263,2.6266664039999998,2.6267528609999999,2.6278353280000002,1.0824670000000001,1,0,1,1,1,1,5,1,0,35,0,4.8840146064758301,-0.17180624604225159,0,1,0,1,fdee050000f9ff7f63000023d0021a8d
789,stress100,J3,3,264,2.6299997369999999,2.6300844479999999,2.6309778509999999,0.89340299999999995,1,0,1,1,1,1,3,1,0,34,0,2.1943645477294922,-0.44178751111030579,0,1,0,1,fdee030000eeffb42c000022f0028fed
790,stress100,J4,4,264,2.6333330699999999,2.633566852,2.6349410720000002,1.37422,1,0,1,1,1,1,4,1,0,35,0,0.79326164722442627,-0.29452499747276306,0,1,0,1,fdee040000f4ff2910000023d002e3e6
791,stress100,J5,5,264,2.636666403,2.6367688029999998,2.6379428210000002,1.174018,1,0,1,1,1,1,5,1,0,35,0,4.8840146064758301,-0.19634999334812164,0,1,0,1,fdee050000f8ff7f63000023d002e7c0
792,stress100,J3,3,265,2.639999736,2.6400869990000002,2.6408211279999998,0.73412900000000003,1,0,1,1,1,1,3,1,0,34,0,2.1945564746856689,0,0,1,0,1,fdee0300000000b52c000022f0022b8e
793,stress100,J4,4,265,2.6433330690000001,2.6434203890000001,2.6449283609999998,1.5079720000000001,1,0,1,1,1,1,4,1,0,35,0,0.79326164722442627,-0.36815625429153442,0,1,0,1,fdee040000f1ff2910000023d002fb94
794,stress100,J5,5,265,2.6466664020000001,2.6468554599999998,2.6479379220000001,1.082462,1,0,1,1,1,1,5,1,0,35,0,4.8838229179382324,-0.41724374890327454,0,1,0,1,fdee050000efff7e63000023d0024449
795,stress100,J3,3,266,2.6499997350000002,2.65013502,2.6508797770000001,0.744757,1,0,1,1,1,1,3,1,0,34,0,2.1945564746856689,-0.12271875143051147,0,1,0,1,fdee030000fbffb52c000022f8021631
796,stress100,J4,4,266,2.6533330679999998,2.653505107,2.6549388650000001,1.4337580000000001,1,0,1,1,1,1,4,1,0,35,0,0.79326164722442627,-0.31906875967979431,0,1,0,1,fdee040000f3ff2910000023d002010f
797,stress100,J5,5,266,2.6566664009999998,2.6567683350000002,2.6579288659999998,1.160531,1,0,1,1,1,1,5,1,0,35,0,4.8840146064758301,-0.024543749168515205,0,1,0,1,fdee050000ffff7f63000023d0020529
798,stress100,J3,3,267,2.6599997339999999,2.6600905880000001,2.66092562,0.835032,1,0,1,1,1,1,3,1,0,34,0,2.1945564746856689,0.073631249368190765,0,1,0,1,fdee0300000300b52c000022f802ec96
799,stress100,J4,4,267,2.6633330669999999,2.6635275960000002,2.6649616909999998,1.4340949999999999,1,0,1,1,1,1,4,1,0,35,0,0.7934533953666687,0.098174996674060822,0,1,0,1,fdee04000004002a10000023d002bd96
800,stress100,J5,5,267,2.6666664,2.6667713179999999,2.6679587279999999,1.1874100000000001,1,0,1,1,1,1,5,1,0,35,0,4.8840146064758301,-0.073631249368190765,0,1,0,1,fdee050000fdff7f63000023d002ffb2
801,stress100,J3,3,268,2.669999733,2.6701452749999999,2.6709078960000001,0.76262099999999999,1,0,1,1,1,1,3,1,0,34,0,2.1945564746856689,-0.049087498337030411,0,1,0,1,fdee030000feffb52c000022f002ce8d
802,stress100,J4,4,268,2.6733330660000001,2.6734324709999999,2.6748329270000002,1.4004559999999999,1,0,1,1,1,1,4,1,0,35,0,0.7934533953666687,0.14726249873638153,0,1,0,1,fdee04000006002a10000023d002470d
803,stress100,J5,5,268,2.6766663990000001,2.676748414,2.6778332869999999,1.084873,1,0,1,1,1,1,5,1,0,35,0,4.8840146064758301,-0.19634999334812164,0,1,0,1,fdee050000f8ff7f63000023d002e7c0
804,stress100,J3,3,269,2.6799997320000002,2.68008581,2.6808311410000001,0.74533099999999997,1,0,1,1,1,1,3,1,0,34,0,2.1945564746856689,-0.024543749168515205,0,1,0,1,fdee030000ffffb52c000022f802f30e
805,stress100,J4,4,269,2.6833330649999998,2.6834254870000001,2.6849001339999998,1.474647,1,0,1,1,1,1,4,1,0,35,0,0.7934533953666687,0.024543749168515205,0,1,0,1,fdee04000001002a10000023d002a5e4
806,stress100,J5,5,269,2.6866663979999998,2.686769848,2.687886497,1.116649,1,0,1,1,1,1,5,1,0,35,0,4.8840146064758301,-0.24543750286102295,0,1,0,1,fdee050000f6ff7f63000023d002321b
807,stress100,J3,3,270,2.6899997309999999,2.6900733469999998,2.6908294540000002,0.75610699999999997,1,0,1,1,1,1,3,1,0,34,0,2.1945564746856689,-0.049087498337030411,0,1,0,1,fdee030000feffb52c000022f8020e43
808,stress100,J4,4,270,2.6933330639999999,2.6934183219999999,2.6937381149999999,0.31979299999999999,1,0,1,1,1,1,4,1,0,35,0,0.79326164722442627,-0.36815625429153442,0,1,0,1,fdee040000f1ff2910000023d002fb94
809,stress100,J5,5,270,2.696666397,2.6967582430000001,2.6979787499999999,1.220507,1,0,1,1,1,1,5,1,0,35,0,4.8838229179382324,-0.44178751111030579,0,1,0,1,fdee050000eeff7e63000023d002b904
810,stress100,J3,3,271,2.69999973,2.7001910410000001,2.7008964510000002,0.70540999999999998,1,0,1,1,1,1,3,1,0,34,0,2.1945564746856689,0,0,1,0,1,fdee0300000000b52c000022f0022b8e
811,stress100,J4,4,271,2.7033330630000001,2.7035035180000002,2.7048226350000002,1.3191170000000001,1,0,1,1,1,1,4,1,0,35,0,0.79326164722442627,-0.29452499747276306,0,1,0,1,fdee040000f4ff2910000023d002e3e6
812,stress100,J5,5,271,2.7066663960000001,2.706765565,2.7078416089999999,1.076044,1,0,1,1,1,1,5,1,0,35,0,4.8842062950134277,0.22089375555515289,0,1,0,1,fdee05000009008063000023d0028fdb
813,stress100,J3,3,272,2.7099997290000002,2.7100876149999999,2.7108229869999998,0.73537200000000003,1,0,1,1,1,1,3,1,0,34,0,2.1945564746856689,-0.024543749168515205,0,1,0,1,fdee030000ffffb52c000022f00233c0
814,stress100,J4,4,272,2.7133330619999998,2.7134147639999999,2.713733629,0.31886500000000001,1,0,1,1,1,1,4,1,0,35,0,0.7934533953666687,0.12271875143051147,0,1,0,1,fdee04000005002a10000023d00240db
815,stress100,J5,5,272,2.7166663949999998,2.7167585299999999,2.7179613699999998,1.2028399999999999,1,0,1,1,1,1,5,1,0,35,0,4.8840146064758301,-0.17180624604225159,0,1,0,1,fdee050000f9ff7f63000023d0021a8d
816,stress100,J3,3,273,2.7199997279999999,2.7200656319999998,2.7209780960000001,0.91246400000000005,1,0,1,1,1,1,3,1,0,34,0,2.1947481632232666,0.29452499747276306,0,1,0,1,fdee0300000c00b62c000022f802aaa8
817,stress100,J4,4,273,2.7233330609999999,2.7234227350000002,2.7237395169999998,0.31678200000000001,1,0,1,1,1,1,4,1,0,35,0,0.79326164722442627,-0.26998123526573181,0,1,0,1,fdee040000f5ff2910000023d0021eab
818,stress100,J5,5,273,2.726666394,2.7267610520000001,2.7278391449999999,1.078093,1,0,1,1,1,1,5,1,0,35,0,4.8840146064758301,-0.024543749168515205,0,1,0,1,fdee050000ffff7f63000023d0020529
819,stress100,J3,3,274,2.729999727,2.7300859480000002,2.7308250639999998,0.739116,1,0,1,1,1,1,3,1,0,34,0,2.1945564746856689,-0.049087498337030411,0,1,0,1,fdee030000feffb52c000022f8020e43
820,stress100,J4,4,274,2.7333330600000001,2.7333887259999998,2.7337398049999999,0.35107899999999997,1,0,1,1,1,1,4,1,0,35,0,0.7934533953666687,-0.29452499747276306,0,1,0,1,fdee040000f4ff2a10000023d0028d4e
821,stress100,J5,5,274,2.7366663930000001,2.7367590960000001,2.7379749320000002,1.2158359999999999,1,0,1,1,1,1,5,1,0,35,0,4.8840146064758301,-0.073631249368190765,0,1,0,1,fdee050000fdff7f63000023d002ffb2
822,stress100,J3,3,275,2.7399997260000002,2.740091982,2.7409469149999999,0.85493300000000005,1,0,1,1,1,1,3,1,0,34,0,2.1945564746856689,-0.049087498337030411,0,1,0,1,fdee030000feffb52c000022f8020e43
823,stress100,J4,4,275,2.7433330589999998,2.7434333949999998,2.7448101409999999,1.376746,1,0,1,1,1,1,4,1,0,35,0,0.7934533953666687,0.024543749168515205,0,1,0,1,fdee04000001002a10000023d002a5e4
824,stress100,J5,5,275,2.7466663919999998,2.7467684710000002,2.7479673259999999,1.198855,1,0,1,1,1,1,5,1,0,35,0,4.8840146064758301,-0.098174996674060822,0,1,0,1,fdee050000fcff7f63000023d00202ff
825,stress100,J3,3,276,2.7499997249999999,2.7502065519999999,2.7509217439999998,0.71519200000000005,1,0,1,1,1,1,3,1,0,34,0,2.1945564746856689,-0.073631249368190765,0,1,0,1,fdee030000fdffb52c000022f8020995
826,stress100,J4,4,276,2.7533330579999999,2.7534286360000002,2.7548063489999999,1.377713,1,0,1,1,1,1,4,1,0,35,0,0.7934533953666687,0.073631249368190765,0,1,0,1,fdee04000003002a10000023d0025f7f
827,stress100,J5,5,276,2.756666391,2.7567634980000002,2.7578253429999999,1.0618449999999999,1,0,1,1,1,1,5,1,0,35,0,4.8840146064758301,-0.24543750286102295,0,1,0,1,fdee050000f6ff7f63000023d002321b
828,stress100,J3,3,277,2.759999724,2.760056778,2.7608045840000002,0.74780599999999997,1,0,1,1,1,1,3,1,0,34,0,2.1945564746856689,-0.098174996674060822,0,1,0,1,fdee030000fcffb52c000022f802f4d8
829,stress100,J4,4,277,2.7633330570000001,2.7634167600000001,2.7647742759999998,1.3575159999999999,1,0,1,1,1,1,4,1,0,35,0,0.79306989908218384,0.12271875143051147,0,1,0,1,fdee04000005002810000023d002fbec
830,stress100,J5,5,277,2.7666663900000001,2.7667613520000001,2.767846241,1.084889,1,0,1,1,1,1,5,1,0,35,0,4.8840146064758301,-0.17180624604225159,0,1,0,1,fdee050000f9ff7f63000023d0021a8d
831,stress100,J3,3,278,2.7699997230000002,2.770053962,2.7708026019999998,0.74863999999999997,1,0,1,1,1,1,3,1,0,34,0,2.1947481632232666,0.24543750286102295,0,1,0,1,fdee0300000a00b62c000022f802b50c
832,stress100,J4,4,278,2.7733330559999998,2.7734333109999998,2.77373154,0.29822900000000002,1,0,1,1,1,1,4,1,0,35,0,0.7934533953666687,0.098174996674060822,0,1,0,1,fdee04000004002a10000023d002bd96
833,stress100,J5,5,278,2.7766663889999998,2.7767532909999999,2.7778152220000001,1.061931,1,0,1,1,1,1,5,1,0,35,0,4.8840146064758301,-0.073631249368190765,0,1,0,1,fdee050000fdff7f63000023d002ffb2
834,stress100,J3,3,279,2.7799997219999999,2.780083378,2.7808018269999999,0.718449,1,0,1,1,1,1,3,1,0,34,0,2.1945564746856689,-0.12271875143051147,0,1,0,1,fdee030000fbffb52c000022f8021631
835,stress100,J4,4,279,2.7833330549999999,2.7833875959999999,2.7837212029999998,0.33360699999999999,1,0,1,1,1,1,4,1,0,35,0,0.7934533953666687,0,0,1,0,1,fdee04000000002a10000023d00258a9
836,stress100,J5,5,279,2.786666388,2.7867233420000002,2.7877970809999999,1.073739,1,0,1,1,1,1,5,1,0,35,0,4.8842062950134277,0.31906875967979431,0,1,0,1,fdee0500000d008063000023d0026ae4
837,stress100,J3,3,280,2.789999721,2.7900329890000002,2.79081482,0.78183100000000005,1,0,1,1,1,1,3,1,0,34,0,2.1943645477294922,-0.34361249208450317,0,1,0,1,fdee030000f2ffb42c000022f802f49c
838,stress100,J4,4,280,2.7933330540000001,2.793388846,2.7937107179999998,0.32187199999999999,1,0,1,1,1,1,4,1,0,35,0,0.7934533953666687,0.12271875143051147,0,1,0,1,fdee04000005002a10000023d00240db
839,stress100,J5,5,280,2.7966663870000001,2.7967489699999999,2.7977621090000002,1.013139,1,0,1,1,1,1,5,1,0,35,0,4.8840146064758301,-0.22089375555515289,0,1,0,1,fdee050000f7ff7f63000023d002cf56
840,stress100,J3,3,281,2.7999997200000002,2.8000321129999999,2.800787487,0.75537399999999999,1,0,1,1,1,1,3,1,0,34,0,2.1945564746856689,-0.024543749168515205,0,1,0,1,fdee030000ffffb52c000022f00233c0
841,stress100,J4,4,281,2.8033330529999998,2.8033875699999999,2.804822385,1.434815,1,0,1,1,1,1,4,1,0,35,0,0.7934533953666687,0.098174996674060822,0,1,0,1,fdee04000004002a10000023d002bd96
842,stress100,J5,5,281,2.8066663859999998,2.806770008,2.8077736529999999,1.0036449999999999,1,0,1,1,1,1,5,1,0,35,0,4.8840146064758301,-0.19634999334812164,0,1,0,1,fdee050000f8ff7f63000023d002e7c0
843,stress100,J3,3,282,2.8099997189999999,2.810076483,2.8107450059999999,0.66852299999999998,1,0,1,1,1,1,3,1,0,34,0,2.1945564746856689,0,0,1,0,1,fdee0300000000b52c000022f0022b8e
844,stress100,J4,4,282,2.8133330519999999,2.8134116549999999,2.8137174690000002,0.30581399999999997,1,0,1,1,1,1,4,1,0,35,0,0.79326164722442627,-0.36815625429153442,0,1,0,1,fdee040000f1ff2910000023d002fb94
845,stress100,J5,5,282,2.816666385,2.816749449,2.8178124659999999,1.0630170000000001,1,0,1,1,1,1,5,1,0,35,0,4.8840146064758301,-0.14726249873638153,0,1,0,1,fdee050000faff7f63000023d0021d5b
846,stress100,J3,3,283,2.819999718,2.82007166,2.8209305840000001,0.85892400000000002,1,0,1,1,1,1,3,1,0,34,0,2.1943645477294922,-0.36815625429153442,0,1,0,1,fdee030000f1ffb42c000022f0023384
847,stress100,J4,4,283,2.8233330510000001,2.823526615,2.824878757,1.352142,1,0,1,1,1,1,4,1,0,35,0,0.7934533953666687,0.073631249368190765,0,1,0,1,fdee04000003002a10000023d0025f7f
848,stress100,J5,5,283,2.8266663840000001,2.8268352170000002,2.8278946149999999,1.0593980000000001,1,0,1,1,1,1,5,1,0,35,0,4.8840146064758301,-0.24543750286102295,0,1,0,1,fdee050000f6ff7f63000023d002321b
849,stress100,J3,3,284,2.8299997170000002,2.83017517,2.8308682219999999,0.693052,1,0,1,1,1,1,3,1,0,34,0,2.1945564746856689,-0.073631249368190765,0,1,0,1,fdee030000fdffb52c000022f8020995
850,stress100,J4,4,284,2.8333330499999998,2.8335300060000002,2.834921917,1.3919109999999999,1,0,1,1,1,1,4,1,0,35,0,0.79326164722442627,-0.31906875967979431,0,1,0,1,fdee040000f3ff2910000023d002010f
851,stress100,J5,5,284,2.8366663829999998,2.8368955420000002,2.837888961,0.99341900000000005,1,0,1,1,1,1,5,1,0,35,0,4.8840146064758301,-0.12271875143051147,0,1,0,1,fdee050000fbff7f63000023d002e016
852,stress100,J3,3,285,2.8399997159999999,2.8401962589999998,2.840817785,0.62152600000000002,1,0,1,1,1,1,3,1,0,34,0,2.1945564746856689,-0.098174996674060822,0,1,0,1,fdee030000fcffb52c000022f802f4d8
853,stress100,J4,4,285,2.8433330489999999,2.8435238620000001,2.8449248730000001,1.401011,1,0,1,1,1,1,4,1,0,35,0,0.7934533953666687,-0.34361249208450317,0,1,0,1,fdee040000f2ff2a10000023d00292ea
854,stress100,J5,5,285,2.846666382,2.8469202789999999,2.847932406,1.012127,1,0,1,1,1,1,5,1,0,35,0,4.8840146064758301,-0.19634999334812164,0,1,0,1,fdee050000f8ff7f63000023d002e7c0
855,stress100,J3,3,286,2.849999715,2.850175245,2.8508987389999998,0.72349399999999997,1,0,1,1,1,1,3,1,0,34,0,2.1945564746856689,-0.049087498337030411,0,1,0,1,fdee030000feffb52c000022f002ce8d
856,stress100,J4,4,286,2.8533330480000001,2.8535230999999999,2.8548766830000001,1.353583,1,0,1,1,1,1,4,1,0,35,0,0.7934533953666687,0,0,1,0,1,fdee04000000002a10000023d00258a9
857,stress100,J5,5,286,2.8566663810000001,2.8569144770000001,2.8579240289999999,1.009552,1,0,1,1,1,1,5,1,0,35,0,4.8840146064758301,-0.098174996674060822,0,1,0,1,fdee050000fcff7f63000023d00202ff
858,stress100,J3,3,287,2.8599997140000002,2.8601795499999998,2.8608961449999999,0.71659499999999998,1,0,1,1,1,1,3,1,0,34,0,2.1943645477294922,-0.39269998669624329,0,1,0,1,fdee030000f0ffb42c000022f002cec9
859,stress100,J4,4,287,2.8633330469999998,2.8635422699999999,2.8649245040000002,1.382234,1,0,1,1,1,1,4,1,0,35,0,0.79326164722442627,-0.31906875967979431,0,1,0,1,fdee040000f3ff2910000023d002010f
860,stress100,J5,5,287,2.8666663799999998,2.8669307270000002,2.8679265310000002,0.99580400000000002,1,0,1,1,1,1,5,1,0,35,0,4.8840146064758301,-0.073631249368190765,0,1,0,1,fdee050000fdff7f63000023d002ffb2
861,stress100,J3,3,288,2.8699997129999999,2.8701772459999999,2.8708629079999999,0.68566199999999999,1,0,1,1,1,1,3,1,0,34,0,2.1947481632232666,0.39269998669624329,0,1,0,1,fdee0300001000b62c000022f8021117
862,stress100,J4,4,288,2.8733330459999999,2.8735254619999999,2.8748234969999999,1.298035,1,0,1,1,1,1,4,1,0,35,0,0.79326164722442627,-0.34361249208450317,0,1,0,1,fdee040000f2ff2910000023d002fc42
863,stress100,J5,5,288,2.876666379,2.8769200850000001,2.8779191580000001,0.99907299999999999,1,0,1,1,1,1,5,1,0,35,0,4.8840146064758301,-0.22089375555515289,0,1,0,1,fdee050000f7ff7f63000023d002cf56
864,stress100,J3,3,289,2.879999712,2.8801755299999998,2.8808902459999999,0.71471600000000002,1,0,1,1,1,1,3,1,0,34,0,2.1943645477294922,-0.46633124351501465,0,1,0,1,fdee030000edffb42c000022f002883b
865,stress100,J4,4,289,2.8833330450000001,2.883500475,2.8848967700000001,1.3962950000000001,1,0,1,1,1,1,4,1,0,35,0,0.79326164722442627,-0.34361249208450317,0,1,0,1,fdee040000f2ff2910000023d002fc42
866,stress100,J5,5,289,2.8866663780000001,2.8868564220000001,2.8878689980000001,1.0125759999999999,1,0,1,1,1,1,5,1,0,35,0,4.8842062950134277,0.24543750286102295,0,1,0,1,fdee0500000a008063000023d002880d
867,stress100,J3,3,290,2.8899997110000002,2.8902101089999999,2.8907676360000001,0.55752699999999999,1,0,1,1,1,1,3,1,0,34,0,2.1947481632232666,0.29452499747276306,0,1,0,1,fdee0300000c00b62c000022f0026a66
868,stress100,J4,4,290,2.8933330439999998,2.8935208339999998,2.8949154880000001,1.3946540000000001,1,0,1,1,1,1,4,1,0,35,0,0.7934533953666687,0.049087498337030411,0,1,0,1,fdee04000002002a10000023d002a232
869,stress100,J5,5,290,2.8966663769999998,2.8968425,2.8978777490000001,1.0352490000000001,1,0,1,1,1,1,5,1,0,35,0,4.8840146064758301,-0.17180624604225159,0,1,0,1,fdee050000f9ff7f63000023d0021a8d
870,stress100,J3,3,291,2.8999997099999999,2.900174136,2.900812256,0.63812000000000002,1,0,1,1,1,1,3,1,0,34,0,2.1943645477294922,-0.049087498337030411,0,1,0,1,fdee030000feffb42c000022f802dbdc
871,stress100,J4,4,291,2.9033330429999999,2.9035227020000001,2.904929096,1.4063939999999999,1,0,1,1,1,1,4,1,0,35,0,0.7934533953666687,0,0,1,0,1,fdee04000000002a10000023d00258a9
872,stress100,J5,5,291,2.906666376,2.906774242,2.907926706,1.1524639999999999,1,0,1,1,1,1,5,1,0,35,0,4.8838229179382324,-0.17180624604225159,0,1,0,1,fdee050000f9ff7e63000023d002cf12
873,stress100,J3,3,292,2.909999709,2.9101786270000001,2.9108928070000002,0.71418000000000004,1,0,1,1,1,1,3,1,0,34,0,2.1943645477294922,-0.39269998669624329,0,1,0,1,fdee030000f0ffb42c000022f002cec9
874,stress100,J4,4,292,2.9133330420000001,2.9135054949999999,2.9148895019999999,1.384007,1,0,1,1,1,1,4,1,0,35,0,0.79326164722442627,-0.24543750286102295,0,1,0,1,fdee040000f6ff2910000023d002197d
875,stress100,J5,5,292,2.9166663750000001,2.9168589389999999,2.917871254,1.0123150000000001,1,0,1,1,1,1,5,1,0,35,0,4.8840146064758301,-0.19634999334812164,0,1,0,1,fdee050000f8ff7f63000023d002e7c0
876,stress100,J3,3,293,2.9199997080000002,2.9201781859999998,2.9208754479999999,0.69726200000000005,1,0,1,1,1,1,3,1,0,34,0,2.1945564746856689,-0.14726249873638153,0,1,0,1,fdee030000faffb52c000022f802eb7c
877,stress100,J4,4,293,2.9233330409999998,2.9234135170000002,2.9238253109999999,0.41179399999999999,1,0,1,1,1,1,4,1,0,35,0,0.79326164722442627,-0.36815625429153442,0,1,0,1,fdee040000f1ff2910000023d002fb94
878,stress100,J5,5,293,2.9266663739999998,2.9269236520000002,2.9279141719999999,0.99051999999999996,1,0,1,1,1,1,5,1,0,35,0,4.8840146064758301,-0.24543750286102295,0,1,0,1,fdee050000f6ff7f63000023d002321b
879,stress100,J3,3,294,2.9299997069999999,2.9301607509999998,2.9308079600000001,0.64720900000000003,1,0,1,1,1,1,3,1,0,34,0,2.1945564746856689,-0.098174996674060822,0,1,0,1,fdee030000fcffb52c000022f802f4d8
880,stress100,J4,4,294,2.9333330399999999,2.933498964,2.9348847,1.3857360000000001,1,0,1,1,1,1,4,1,0,35,0,0.7934533953666687,0.12271875143051147,0,1,0,1,fdee04000005002a10000023d00240db
881,stress100,J5,5,294,2.936666373,2.9369200819999999,2.9379250570000002,1.004975,1,0,1,1,1,1,5,1,0,35,0,4.8840146064758301,-0.17180624604225159,0,1,0,1,fdee050000f9ff7f63000023d0021a8d
882,stress100,J3,3,295,2.939999706,2.940187436,2.9408467460000001,0.65930999999999995,1,0,1,1,1,1,3,1,0,34,0,2.1939811706542969,-0.9817500114440918,0,1,0,1,fdee030000d8ffb22c000022f002f019
883,stress100,J4,4,295,2.9433330390000001,2.943505354,2.9449128980000001,1.4075439999999999,1,0,1,1,1,1,4,1,0,35,0,0.79326164722442627,-0.29452499747276306,0,1,0,1,fdee040000f4ff2910000023d002e3e6
884,stress100,J5,5,295,2.9466663720000001,2.9469209489999999,2.9478723410000001,0.95139200000000002,1,0,1,1,1,1,5,1,0,35,0,4.8840146064758301,-0.073631249368190765,0,1,0,1,fdee050000fdff7f63000023d002ffb2
885,stress100,J3,3,296,2.9499997050000002,2.9501752259999998,2.9508688799999998,0.69365399999999999,1,0,1,1,1,1,3,1,0,34,0,2.1943645477294922,-0.073631249368190765,0,1,0,1,fdee030000fdffb42c000022f0021cc4
886,stress100,J4,4,296,2.9533330379999998,2.9535244330000001,2.9549189500000002,1.394517,1,0,1,1,1,1,4,1,0,35,0,0.7934533953666687,0.024543749168515205,0,1,0,1,fdee04000001002a10000023d002a5e4
887,stress100,J5,5,296,2.9566663709999998,2.9567746850000001,2.9579172900000001,1.1426050000000001,1,0,1,1,1,1,5,1,0,35,0,4.8840146064758301,-0.073631249368190765,0,1,0,1,fdee050000fdff7f63000023d002ffb2
888,stress100,J3,3,297,2.9599997039999999,2.960186003,2.9608668499999999,0.68084699999999998,1,0,1,1,1,1,3,1,0,34,0,2.1945564746856689,0.22089375555515289,0,1,0,1,fdee0300000900b52c000022f802dc72
889,stress100,J4,4,297,2.9633330369999999,2.963524842,2.9648775989999998,1.352757,1,0,1,1,1,1,4,1,0,35,0,0.7934533953666687,0,0,1,0,1,fdee04000000002a10000023d00258a9
890,stress100,J5,5,297,2.96666637,2.9667693919999998,2.9678721810000002,1.102789,1,0,1,1,1,1,5,1,0,35,0,4.8840146064758301,-0.14726249873638153,0,1,0,1,fdee050000faff7f63000023d0021d5b
891,stress100,J3,3,298,2.969999703,2.970090527,2.9708610520000001,0.77052500000000002,1,0,1,1,1,1,3,1,0,34,0,2.1947481632232666,0.34361249208450317,0,1,0,1,fdee0300000e00b62c000022f8025033
892,stress100,J4,4,298,2.9733330360000001,2.9734369200000001,2.9749143789999999,1.4774590000000001,1,0,1,1,1,1,4,1,0,35,0,0.7934533953666687,0.12271875143051147,0,1,0,1,fdee04000005002a10000023d00240db
893,stress100,J5,5,298,2.9766663690000001,2.9768820269999998,2.9779151750000001,1.033148,1,0,1,1,1,1,5,1,0,35,0,4.8838229179382324,-0.4908750057220459,0,1,0,1,fdee050000ecff7e63000023d002439f
894,stress100,J3,3,299,2.9799997020000002,2.980118949,2.980922423,0.80347400000000002,1,0,1,1,1,1,3,1,0,34,0,2.1943645477294922,-0.44178751111030579,0,1,0,1,fdee030000eeffb42c000022f8024f23
895,stress100,J4,4,299,2.9833330349999998,2.9835053,2.9848649279999999,1.3596280000000001,1,0,1,1,1,1,4,1,0,35,0,0.79326164722442627,-0.31906875967979431,0,1,0,1,fdee040000f3ff2910000023d002010f
896,stress100,J5,5,299,2.9866663679999998,2.986815757,2.9879109210000001,1.095164,1,0,1,1,1,1,5,1,0,35,0,4.8840146064758301,-0.24543750286102295,0,1,0,1,fdee050000f6ff7f63000023d002321b
897,stress100,J3,3,300,2.9899997009999999,2.990095631,2.9909151820000002,0.81955100000000003,1,0,1,1,1,1,3,1,0,34,0,2.1945564746856689,-0.024543749168515205,0,1,0,1,fdee030000ffffb52c000022f00233c0
898,stress100,J4,4,300,2.9933330339999999,2.9934247140000001,2.994882901,1.4581869999999999,1,0,1,1,1,1,4,1,0,35,0,0.7934533953666687,0.17180624604225159,0,1,0,1,fdee04000007002a10000023d002ba40
899,stress100,J5,5,300,2.996666367,2.9968236109999999,2.997766801,0.94318999999999997,1,0,1,1,1,1,5,1,0,35,0,4.8842062950134277,0.24543750286102295,0,1,0,1,fdee0500000a008063000023d002880d
900,stress100,J3,3,301,2.9999997,3.000106545,3.0008418410000002,0.73529599999999995,1,0,1,1,1,1,3,1,0,34,0,2.1947481632232666,0.29452499747276306,0,1,0,1,fdee0300000c00b62c000022f802aaa8
901,stress100,J4,4,301,3.0033330330000001,3.003504425,3.0049098999999999,1.405475,1,0,1,1,1,1,4,1,0,35,0,0.7934533953666687,0.12271875143051147,0,1,0,1,fdee04000005002a10000023d00240db
902,stress100,J5,5,301,3.0066663660000001,3.0067618839999999,3.007913866,1.1519820000000001,1,0,1,1,1,1,5,1,0,35,0,4.8840146064758301,-0.17180624604225159,0,1,0,1,fdee050000f9ff7f63000023d0021a8d
903,stress100,J3,3,302,3.0099996990000002,3.010176854,3.010866145,0.68929099999999999,1,0,1,1,1,1,3,1,0,34,0,2.1945564746856689,0.12271875143051147,0,1,0,1,fdee0300000500b52c000022f802f332
904,stress100,J4,4,302,3.0133330319999998,3.013505345,3.0148087700000001,1.3034250000000001,1,0,1,1,1,1,4,1,0,35,0,0.79306989908218384,-0.7117687463760376,0,1,0,1,fdee040000e3ff2810000023d002406f
905,stress100,J5,5,302,3.0166663649999998,3.0168274249999998,3.0178249319999999,0.99750700000000003,1,0,1,1,1,1,5,1,0,35,0,4.8840146064758301,-0.24543750286102295,0,1,0,1,fdee050000f6ff7f63000023d002321b
906,stress100,J3,3,303,3.0199996979999999,3.020088812,3.0208841510000002,0.79533900000000002,1,0,1,1,1,1,3,1,0,34,0,2.1941728591918945,-0.46633124351501465,0,1,0,1,fdee030000edffb32c000022f8025032
907,stress100,J4,4,303,3.0233330309999999,3.0233909149999998,3.0249073530000001,1.516438,1,0,1,1,1,1,4,1,0,35,0,0.79326164722442627,-0.36815625429153442,0,1,0,1,fdee040000f1ff2910000023d002fb94
908,stress100,J5,5,303,3.026666364,3.0268821030000002,3.027854778,0.97267499999999996,1,0,1,1,1,1,5,1,0,35,0,4.8840146064758301,-0.24543750286102295,0,1,0,1,fdee050000f6ff7f63000023d002321b
909,stress100,J3,3,304,3.029999697,3.030111035,3.0307701009999999,0.65906600000000004,1,0,1,1,1,1,3,1,0,34,0,2.1943645477294922,-0.4908750057220459,0,1,0,1,fdee030000ecffb42c000022f802b5b8
910,stress100,J4,4,304,3.0333330300000001,3.033503225,3.0348449679999998,1.3417429999999999,1,0,1,1,1,1,4,1,0,35,0,0.79326164722442627,-0.34361249208450317,0,1,0,1,fdee040000f2ff2910000023d002fc42
911,stress100,J5,5,304,3.0366663630000001,3.0368799879999999,3.037884547,1.004559,1,0,1,1,1,1,5,1,0,35,0,4.8840146064758301,-0.098174996674060822,0,1,0,1,fdee050000fcff7f63000023d00202ff
912,stress100,J3,3,305,3.0399996960000002,3.0401262980000001,3.0408230970000001,0.69679899999999995,1,0,1,1,1,1,3,1,0,34,0,2.1945564746856689,-0.073631249368190765,0,1,0,1,fdee030000fdffb52c000022f8020995
913,stress100,J4,4,305,3.0433330289999998,3.0434235059999999,3.043685698,0.26219199999999998,1,0,1,1,1,1,4,1,0,35,0,0.79326164722442627,-0.26998123526573181,0,1,0,1,fdee040000f5ff2910000023d0021eab
914,stress100,J5,5,305,3.0466663619999999,3.0467246349999999,3.0477829089999999,1.0582739999999999,1,0,1,1,1,1,5,1,0,35,0,4.8840146064758301,-0.14726249873638153,0,1,0,1,fdee050000faff7f63000023d0021d5b
915,stress100,J3,3,306,3.0499996949999999,3.0502550369999999,3.050718888,0.46385100000000001,1,0,1,1,1,1,3,1,0,34,0,2.1945564746856689,0.024543749168515205,0,1,0,1,fdee0300000100b52c000022f802160d
916,stress100,J4,4,306,3.0533330279999999,3.0535086260000002,3.0548830480000002,1.374422,1,0,1,1,1,1,4,1,0,35,0,0.7934533953666687,0,0,1,0,1,fdee04000000002a10000023d00258a9
917,stress100,J5,5,306,3.056666361,3.056773164,3.0578916139999999,1.1184499999999999,1,0,1,1,1,1,5,1,0,35,0,4.8838229179382324,-0.53996247053146362,0,1,0,1,fdee050000eaff7e63000023d0025c3b
918,stress100,J3,3,307,3.059999694,3.0601770519999998,3.0608224819999998,0.64542999999999995,1,0,1,1,1,1,3,1,0,34,0,2.1945564746856689,-0.024543749168515205,0,1,0,1,fdee030000ffffb52c000022f802f30e
919,stress100,J4,4,307,3.0633330270000001,3.0635041169999999,3.0647803769999999,1.27626,1,0,1,1,1,1,4,1,0,35,0,0.7934533953666687,0.049087498337030411,0,1,0,1,fdee04000002002a10000023d002a232
920,stress100,J5,5,307,3.0666663600000001,3.0668246620000001,3.0678269060000001,1.0022439999999999,1,0,1,1,1,1,5,1,0,35,0,4.8840146064758301,-0.19634999334812164,0,1,0,1,fdee050000f8ff7f63000023d002e7c0
921,stress100,J3,3,308,3.0699996930000002,3.0700920969999999,3.0708863769999999,0.79427999999999999,1,0,1,1,1,1,3,1,0,34,0,2.1941728591918945,-0.073631249368190765,0,1,0,1,fdee030000fdffb32c000022f802c4cd
922,stress100,J4,4,308,3.0733330259999998,3.0734350849999998,3.07488479,1.449705,1,0,1,1,1,1,4,1,0,35,0,0.7934533953666687,0,0,1,0,1,fdee04000000002a10000023d00258a9
923,stress100,J5,5,308,3.0766663589999999,3.0767677660000001,3.077882963,1.115197,1,0,1,1,1,1,5,1,0,35,0,4.8840146064758301,-0.12271875143051147,0,1,0,1,fdee050000fbff7f63000023d002e016
924,stress100,J3,3,309,3.0799996919999999,3.080106851,3.0807708100000002,0.66395899999999997,1,0,1,1,1,1,3,1,0,34,0,2.1943645477294922,0,0,1,0,1,fdee0300000000b42c000022f8023edf
925,stress100,J4,4,309,3.0833330249999999,3.0835025069999999,3.0848246659999998,1.3221590000000001,1,0,1,1,1,1,4,1,0,35,0,0.79326164722442627,-0.29452499747276306,0,1,0,1,fdee040000f4ff2910000023d002e3e6
926,stress100,J5,5,309,3.086666358,3.0868819240000001,3.0878896280000001,1.0077039999999999,1,0,1,1,1,1,5,1,0,35,0,4.8840146064758301,-0.073631249368190765,0,1,0,1,fdee050000fdff7f63000023d002ffb2
927,stress100,J3,3,310,3.089999691,3.0901286849999998,3.090883678,0.75499300000000003,1,0,1,1,1,1,3,1,0,34,0,2.1943645477294922,-0.39269998669624329,0,1,0,1,fdee030000f0ffb42c000022f8020e07
928,stress100,J4,4,310,3.0933330240000001,3.0934224559999999,3.0948546160000001,1.4321600000000001,1,0,1,1,1,1,4,1,0,35,0,0.7934533953666687,0.22089375555515289,0,1,0,1,fdee04000009002a10000023d0026f9b
929,stress100,J5,5,310,3.0966663570000001,3.096764436,3.0978359950000001,1.0715589999999999,1,0,1,1,1,1,5,1,0,35,0,4.8840146064758301,-0.24543750286102295,0,1,0,1,fdee050000f6ff7f63000023d002321b
930,stress100,J3,3,311,3.0999996900000002,3.1002593260000002,3.1007558049999999,0.496479,1,0,1,1,1,1,3,1,0,34,0,2.1947481632232666,0.24543750286102295,0,1,0,1,fdee0300000a00b62c000022f802b50c
931,stress100,J4,4,311,3.1033330229999998,3.1035725219999999,3.1048870040000001,1.3144819999999999,1,0,1,1,1,1,4,1,0,35,0,0.79326164722442627,-0.22089375555515289,0,1,0,1,fdee040000f7ff2910000023d002e430
932,stress100,J5,5,311,3.1066663559999999,3.1067739639999998,3.107890077,1.1161129999999999,1,0,1,1,1,1,5,1,0,35,0,4.8840146064758301,-0.14726249873638153,0,1,0,1,fdee050000faff7f63000023d0021d5b
933,stress100,J3,3,312,3.1099996889999999,3.110174942,3.1108290250000001,0.65408299999999997,1,0,1,1,1,1,3,1,0,34,0,2.1945564746856689,0.24543750286102295,0,1,0,1,fdee0300000a00b52c000022f802dba4
934,stress100,J4,4,312,3.1133330219999999,3.1134882670000001,3.1147663240000001,1.278057,1,0,1,1,1,1,4,1,0,35,0,0.79326164722442627,-0.34361249208450317,0,1,0,1,fdee040000f2ff2910000023d002fc42
935,stress100,J5,5,312,3.116666355,3.1168898020000002,3.1178802600000002,0.99045799999999995,1,0,1,1,1,1,5,1,0,35,0,4.8838229179382324,-0.46633124351501465,0,1,0,1,fdee050000edff7e63000023d002bed2
936,stress100,J3,3,313,3.119999688,3.1201701040000001,3.120807713,0.63760899999999998,1,0,1,1,1,1,3,1,0,34,0,2.1943645477294922,-0.41724374890327454,0,1,0,1,fdee030000efffb42c000022f802b26e
937,stress100,J4,4,313,3.1233330210000001,3.1234318220000001,3.1248897410000001,1.457919,1,0,1,1,1,1,4,1,0,35,0,0.79326164722442627,-0.36815625429153442,0,1,0,1,fdee040000f1ff2910000023d002fb94
938,stress100,J5,5,313,3.1266663540000001,3.1268819109999999,3.127884608,1.0026969999999999,1,0,1,1,1,1,5,1,0,35,0,4.8838229179382324,-0.41724374890327454,0,1,0,1,fdee050000efff7e63000023d0024449
939,stress100,J3,3,314,3.1299996870000002,3.1301767919999999,3.1308357689999999,0.65897700000000003,1,0,1,1,1,1,3,1,0,34,0,2.1945564746856689,0,0,1,0,1,fdee0300000000b52c000022f802eb40
940,stress100,J4,4,314,3.1333330199999998,3.1334560790000001,3.1347900370000001,1.333958,1,0,1,1,1,1,4,1,0,35,0,0.7934533953666687,0.12271875143051147,0,1,0,1,fdee04000005002a10000023d00240db
941,stress100,J5,5,314,3.1366663529999999,3.136887835,3.137889892,1.002057,1,0,1,1,1,1,5,1,0,35,0,4.8838229179382324,-0.51541876792907715,0,1,0,1,fdee050000ebff7e63000023d002a176
942,stress100,J3,3,315,3.1399996859999999,3.1400924570000002,3.1408816150000001,0.78915800000000003,1,0,1,1,1,1,3,1,0,34,0,2.1943645477294922,-0.31906875967979431,0,1,0,1,fdee030000f3ffb42c000022f002c91f
943,stress100,J4,4,315,3.143333019,3.1434228819999999,3.1448848869999999,1.462005,1,0,1,1,1,1,4,1,0,35,0,0.79326164722442627,-0.36815625429153442,0,1,0,1,fdee040000f1ff2910000023d002fb94
944,stress100,J5,5,315,3.146666352,3.1467628379999999,3.1477832659999998,1.0204279999999999,1,0,1,1,1,1,5,1,0,35,0,4.8840146064758301,-0.049087498337030411,0,1,0,1,fdee050000feff7f63000023d002f864
945,stress100,J3,3,316,3.149999685,3.1500908879999998,3.15088408,0.79319200000000001,1,0,1,1,1,1,3,1,0,34,0,2.1943645477294922,-0.36815625429153442,0,1,0,1,fdee030000f1ffb42c000022f802f34a
946,stress100,J4,4,316,3.1533330180000001,3.1534229699999998,3.154856106,1.433136,1,0,1,1,1,1,4,1,0,35,0,0.79326164722442627,-0.34361249208450317,0,1,0,1,fdee040000f2ff2910000023d002fc42
947,stress100,J5,5,316,3.1566663510000001,3.1567239979999999,3.1578886009999998,1.1646030000000001,1,0,1,1,1,1,5,1,0,35,0,4.8840146064758301,-0.12271875143051147,0,1,0,1,fdee050000fbff7f63000023d002e016
948,stress100,J3,3,317,3.1599996840000002,3.1601739179999999,3.1607836680000001,0.60975000000000001,1,0,1,1,1,1,3,1,0,34,0,2.1945564746856689,0.024543749168515205,0,1,0,1,fdee0300000100b52c000022f802160d
949,stress100,J4,4,317,3.1633330169999998,3.163422599,3.1648305840000002,1.407985,1,0,1,1,1,1,4,1,0,35,0,0.7934533953666687,0,0,1,0,1,fdee04000000002a10000023d00258a9
950,stress100,J5,5,317,3.1666663499999999,3.1667249580000001,3.1678013460000001,1.0763879999999999,1,0,1,1,1,1,5,1,0,35,0,4.8840146064758301,-0.024543749168515205,0,1,0,1,fdee050000ffff7f63000023d0020529
951,stress100,J3,3,318,3.1699996829999999,3.1701292169999999,3.17085712,0.72790299999999997,1,0,1,1,1,1,3,1,0,34,0,2.1943645477294922,-0.39269998669624329,0,1,0,1,fdee030000f0ffb42c000022f8020e07
952,stress100,J4,4,318,3.173333016,3.1733913770000002,3.1748774219999998,1.4860450000000001,1,0,1,1,1,1,4,1,0,35,0,0.79326164722442627,-0.24543750286102295,0,1,0,1,fdee040000f6ff2910000023d002197d
953,stress100,J5,5,318,3.176666349,3.1767599620000002,3.1778282149999999,1.0682529999999999,1,0,1,1,1,1,5,1,0,35,0,4.8840146064758301,-0.14726249873638153,0,1,0,1,fdee050000faff7f63000023d0021d5b
954,stress100,J3,3,319,3.179999682,3.180090206,3.180887684,0.79747800000000002,1,0,1,1,1,1,3,1,0,34,0,2.1945564746856689,0,0,1,0,1,fdee0300000000b52c000022f802eb40
955,stress100,J4,4,319,3.1833330150000001,3.1834228050000002,3.1837263469999999,0.30354199999999998,1,0,1,1,1,1,4,1,0,35,0,0.7934533953666687,0,0,1,0,1,fdee04000000002a10000023d00258a9
956,stress100,J5,5,319,3.1866663480000001,3.1867578249999999,3.187746379,0.98855400000000004,1,0,1,1,1,1,5,1,0,35,0,4.8840146064758301,-0.22089375555515289,0,1,0,1,fdee050000f7ff7f63000023d002cf56
957,stress100,J3,3,320,3.1899996810000002,3.1900700290000001,3.1908886430000001,0.81861399999999995,1,0,1,1,1,1,3,1,0,34,0,2.1945564746856689,-0.024543749168515205,0,1,0,1,fdee030000ffffb52c000022f802f30e
958,stress100,J4,4,320,3.1933330139999998,3.1934220980000001,3.193721585,0.299487,1,0,1,1,1,1,4,1,0,35,0,0.79306989908218384,-0.6626812219619751,0,1,0,1,fdee040000e5ff2810000023d0025fcb
959,stress100,J5,5,320,3.1966663469999999,3.1967643680000002,3.197780469,1.0161009999999999,1,0,1,1,1,1,5,1,0,35,0,4.8840146064758301,-0.073631249368190765,0,1,0,1,fdee050000fdff7f63000023d002ffb2
960,stress100,J3,3,321,3.1999996799999999,3.2000913390000001,3.2008951319999999,0.80379299999999998,1,0,1,1,1,1,3,1,0,34,0,2.1945564746856689,0,0,1,0,1,fdee0300000000b52c000022f802eb40
961,stress100,J4,4,321,3.203333013,3.2034224899999999,3.2048212559999998,1.398766,1,0,1,1,1,1,4,1,0,35,0,0.7934533953666687,0,0,1,0,1,fdee04000000002a10000023d00258a9
962,stress100,J5,5,321,3.206666346,3.2067240579999998,3.2078503789999999,1.1263209999999999,1,0,1,1,1,1,5,1,0,35,0,4.8840146064758301,-0.12271875143051147,0,1,0,1,fdee050000fbff7f63000023d002e016
963,stress100,J3,3,322,3.2099996790000001,3.2101074939999998,3.2109200150000001,0.81252100000000005,1,0,1,1,1,1,3,1,0,34,0,2.1945564746856689,0.024543749168515205,0,1,0,1,fdee0300000100b52c000022f802160d
964,stress100,J4,4,322,3.2133330120000001,3.2134232260000002,3.2148892760000001,1.4660500000000001,1,0,1,1,1,1,4,1,0,35,0,0.7934533953666687,0.049087498337030411,0,1,0,1,fdee04000002002a10000023d002a232
965,stress100,J5,5,322,3.2166663450000001,3.216765697,3.2178640220000001,1.098325,1,0,1,1,1,1,5,1,0,35,0,4.8840146064758301,-0.19634999334812164,0,1,0,1,fdee050000f8ff7f63000023d002e7c0
966,stress100,J3,3,323,3.2199996780000002,3.2201228460000002,3.220890152,0.76730600000000004,1,0,1,1,1,1,3,1,0,34,0,2.1945564746856689,-0.36815625429153442,0,1,0,1,fdee030000f1ffb52c000022f80226d5
967,stress100,J4,4,323,3.2233330109999998,3.2233890559999998,3.2237190199999999,0.32996399999999998,1,0,1,1,1,1,4,1,0,35,0,0.79287815093994141,0.12271875143051147,0,1,0,1,fdee04000005002710000023d0020ff5
968,stress100,J5,5,323,3.2266663439999999,3.2267212999999999,3.2277730330000001,1.051733,1,0,1,1,1,1,5,1,0,35,0,4.8840146064758301,-0.098174996674060822,0,1,0,1,fdee050000fcff7f63000023d00202ff
969,stress100,J3,3,324,3.2299996769999999,3.2300297210000002,3.2308794679999999,0.84974700000000003,1,0,1,1,1,1,3,1,0,34,0,2.1945564746856689,-0.024543749168515205,0,1,0,1,fdee030000ffffb52c000022f802f30e
970,stress100,J4,4,324,3.23333301,3.233411426,3.234886425,1.4749989999999999,1,0,1,1,1,1,4,1,0,35,0,0.79364514350891113,0.41724374890327454,0,1,0,1,fdee04000011002b10000023d002e484
971,stress100,J5,5,324,3.236666343,3.2367427279999998,3.2378841899999999,1.141462,1,0,1,1,1,1,5,1,0,35,0,4.8842062950134277,0.26998123526573181,0,1,0,1,fdee0500000b008063000023d0027540
972,stress100,J3,3,325,3.2399996760000001,3.2400666999999999,3.2407565159999998,0.68981599999999998,1,0,1,1,1,1,3,1,0,34,0,2.1943645477294922,-0.39269998669624329,0,1,0,1,fdee030000f0ffb42c000022f8020e07
973,stress100,J4,4,325,3.2433330090000001,3.2434085650000002,3.2437184569999999,0.309892,1,0,1,1,1,1,4,1,0,35,0,0.79326164722442627,-0.34361249208450317,0,1,0,1,fdee040000f2ff2910000023d002fc42
974,stress100,J5,5,325,3.2466663420000001,3.2467426869999998,3.2478767180000001,1.134031,1,0,1,1,1,1,5,1,0,35,0,4.8840146064758301,-0.098174996674060822,0,1,0,1,fdee050000fcff7f63000023d00202ff
975,stress100,J3,3,326,3.2499996750000002,3.2500635199999999,3.2508845549999998,0.82103499999999996,1,0,1,1,1,1,3,1,0,34,0,2.1943645477294922,-0.34361249208450317,0,1,0,1,fdee030000f2ffb42c000022f0023452
976,stress100,J4,4,326,3.2533330079999998,3.2533878129999998,3.2537207210000001,0.33290799999999998,1,0,1,1,1,1,4,1,0,35,0,0.79326164722442627,-0.39269998669624329,0,1,0,1,fdee040000f0ff2910000023d00206d9
977,stress100,J5,5,326,3.2566663409999999,3.2567266840000002,3.2578063679999998,1.0796840000000001,1,0,1,1,1,1,5,1,0,35,0,4.8840146064758301,-0.14726249873638153,0,1,0,1,fdee050000faff7f63000023d0021d5b
978,stress100,J3,3,327,3.2599996739999999,3.260032834,3.2607448799999998,0.71204599999999996,1,0,1,1,1,1,3,1,0,34,0,2.1947481632232666,0.34361249208450317,0,1,0,1,fdee0300000e00b62c000022f8025033
979,stress100,J4,4,327,3.263333007,3.2633879110000001,3.2636862670000002,0.29835600000000001,1,0,1,1,1,1,4,1,0,35,0,0.7934533953666687,0,0,1,0,1,fdee04000000002a10000023d00258a9
980,stress100,J5,5,327,3.26666634,3.2667437910000001,3.2678371159999999,1.0933250000000001,1,0,1,1,1,1,5,1,0,35,0,4.8840146064758301,-0.17180624604225159,0,1,0,1,fdee050000f9ff7f63000023d0021a8d
981,stress100,J3,3,328,3.2699996730000001,3.2700570629999999,3.270759886,0.70282299999999998,1,0,1,1,1,1,3,1,0,34,0,2.1945564746856689,0,0,1,0,1,fdee0300000000b52c000022f802eb40
982,stress100,J4,4,328,3.2733330060000001,3.2734395460000001,3.274872878,1.4333320000000001,1,0,1,1,1,1,4,1,0,35,0,0.7934533953666687,0.12271875143051147,0,1,0,1,fdee04000005002a10000023d00240db
983,stress100,J5,5,328,3.2766663390000001,3.27674259,3.2778309050000001,1.0883149999999999,1,0,1,1,1,1,5,1,0,35,0,4.8840146064758301,-0.098174996674060822,0,1,0,1,fdee050000fcff7f63000023d00202ff
984,stress100,J3,3,329,3.2799996720000002,3.2800631180000002,3.2808352630000002,0.77214499999999997,1,0,1,1,1,1,3,1,0,34,0,2.1945564746856689,-0.024543749168515205,0,1,0,1,fdee030000ffffb52c000022f802f30e
985,stress100,J4,4,329,3.2833330049999998,3.283389868,3.2837945959999999,0.40472799999999998,1,0,1,1,1,1,4,1,0,35,0,0.7934533953666687,0,0,1,0,1,fdee04000000002a10000023d00258a9
986,stress100,J5,5,329,3.2866663379999999,3.2867628990000002,3.2878987980000001,1.135899,1,0,1,1,1,1,5,1,0,35,0,4.8840146064758301,-0.24543750286102295,0,1,0,1,fdee050000f6ff7f63000023d002321b
987,stress100,J3,3,330,3.2899996709999999,3.2901474400000001,3.290897191,0.74975099999999995,1,0,1,1,1,1,3,1,0,34,0,2.1945564746856689,-0.024543749168515205,0,1,0,1,fdee030000ffffb52c000022f802f30e
988,stress100,J4,4,330,3.293333004,3.2935236400000001,3.2949626859999999,1.439046,1,0,1,1,1,1,4,1,0,35,0,0.7934533953666687,0,0,1,0,1,fdee04000000002a10000023d00258a9
989,stress100,J5,5,330,3.296666337,3.2968707840000002,3.2979648039999998,1.09402,1,0,1,1,1,1,5,1,0,35,0,4.8840146064758301,-0.098174996674060822,0,1,0,1,fdee050000fcff7f63000023d00202ff
990,stress100,J3,3,331,3.2999996700000001,3.3001975680000002,3.3008137479999999,0.61617999999999995,1,0,1,1,1,1,3,1,0,34,0,2.1945564746856689,-0.049087498337030411,0,1,0,1,fdee030000feffb52c000022f8020e43
991,stress100,J4,4,331,3.3033330030000001,3.30353633,3.3049074549999999,1.3711249999999999,1,0,1,1,1,1,4,1,0,35,0,0.79326164722442627,-0.36815625429153442,0,1,0,1,fdee040000f1ff2910000023d002fb94
992,stress100,J5,5,331,3.3066663360000002,3.3068718239999999,3.307973483,1.1016589999999999,1,0,1,1,1,1,5,1,0,35,0,4.8840146064758301,-0.073631249368190765,0,1,0,1,fdee050000fdff7f63000023d002ffb2
993,stress100,J3,3,332,3.3099996690000002,3.3101640649999999,3.3109471949999998,0.78312999999999999,1,0,1,1,1,1,3,1,0,34,0,2.1945564746856689,0,0,1,0,1,fdee0300000000b52c000022f802eb40
994,stress100,J4,4,332,3.3133330019999998,3.3135364300000001,3.315015131,1.478701,1,0,1,1,1,1,4,1,0,35,0,0.7934533953666687,0.098174996674060822,0,1,0,1,fdee04000004002a10000023d002bd96
995,stress100,J5,5,332,3.3166663349999999,3.3168424719999998,3.3180101209999999,1.1676489999999999,1,0,1,1,1,1,5,1,0,35,0,4.8838229179382324,-0.4908750057220459,0,1,0,1,fdee050000ecff7e63000023d002439f
996,stress100,J3,3,333,3.3199996679999999,3.320193867,3.3209053630000001,0.71149600000000002,1,0,1,1,1,1,3,1,0,34,0,2.1941728591918945,-0.6626812219619751,0,1,0,1,fdee030000e5ffb32c000022f8029a4d
997,stress100,J4,4,333,3.323333001,3.3234974629999998,3.3248052819999998,1.3078190000000001,1,0,1,1,1,1,4,1,0,35,0,0.79326164722442627,-0.31906875967979431,0,1,0,1,fdee040000f3ff2910000023d002010f
998,stress100,J5,5,333,3.326666334,3.3267737259999999,3.3280207860000002,1.2470600000000001,1,0,1,1,1,1,5,1,0,35,0,4.8840146064758301,-0.073631249368190765,0,1,0,1,fdee050000fdff7f63000023d002ffb2
999,stress100,J3,3,334,3.3299996670000001,3.3302364600000001,3.3307762790000002,0.53981900000000005,1,0,1,1,1,1,3,1,0,34,0,2.1945564746856689,0,0,1,0,1,fdee0300000000b52c000022f802eb40
1000,stress100,J4,4,334,3.3333330000000001,3.333389081,3.3337873849999999,0.39830399999999999,1,0,1,1,1,1,4,1,0,35,0,0.79326164722442627,-0.24543750286102295,0,1,0,1,fdee040000f6ff2910000023d002197d
1001,stress100,J5,5,334,3.3366663330000002,3.336836801,3.3380088450000001,1.1720440000000001,1,0,1,1,1,1,5,1,0,35,0,4.8842062950134277,0.12271875143051147,0,1,0,1,fdee05000005008063000023d002a09b
1002,stress100,J3,3,335,3.3399996660000002,3.3402073419999998,3.3409040320000001,0.69669000000000003,1,0,1,1,1,1,3,1,0,34,0,2.1945564746856689,-0.024543749168515205,0,1,0,1,fdee030000ffffb52c000022f802f30e
1003,stress100,J4,4,335,3.3433329989999998,3.3435074340000002,3.3449107950000001,1.4033610000000001,1,0,1,1,1,1,4,1,0,35,0,0.79326164722442627,-0.36815625429153442,0,1,0,1,fdee040000f1ff2910000023d002fb94
1004,stress100,J5,5,335,3.3466663319999999,3.3468427890000001,3.3478743579999999,1.031569,1,0,1,1,1,1,5,1,0,35,0,4.8840146064758301,-0.26998123526573181,0,1,0,1,fdee050000f5ff7f63000023d00235cd
1005,stress100,J3,3,336,3.3499996649999999,3.3501028700000002,3.3508651029999998,0.76223300000000005,1,0,1,1,1,1,3,1,0,34,0,2.1943645477294922,-0.41724374890327454,0,1,0,1,fdee030000efffb42c000022f802b26e
1006,stress100,J4,4,336,3.353332998,3.3535123590000002,3.3548246000000002,1.312241,1,0,1,1,1,1,4,1,0,35,0,0.79326164722442627,-0.34361249208450317,0,1,0,1,fdee040000f2ff2910000023d002fc42
1007,stress100,J5,5,336,3.356666331,3.3567746619999999,3.3579027360000002,1.128074,1,0,1,1,1,1,5,1,0,35,0,4.8840146064758301,-0.19634999334812164,0,1,0,1,fdee050000f8ff7f63000023d002e7c0
1008,stress100,J3,3,337,3.3599996640000001,3.3601747500000001,3.3607913429999998,0.61659299999999995,1,0,1,1,1,1,3,1,0,34,0,2.1943645477294922,-0.44178751111030579,0,1,0,1,fdee030000eeffb42c000022f8024f23
1009,stress100,J4,4,337,3.3633329970000001,3.3635032730000001,3.3649030209999999,1.399748,1,0,1,1,1,1,4,1,0,35,0,0.7934533953666687,0,0,1,0,1,fdee04000000002a10000023d00258a9
1010,stress100,J5,5,337,3.3666663300000002,3.3668651949999999,3.3679098070000002,1.0446120000000001,1,0,1,1,1,1,5,1,0,35,0,4.8840146064758301,-0.12271875143051147,0,1,0,1,fdee050000fbff7f63000023d002e016
1011,stress100,J3,3,338,3.3699996630000002,3.3702317239999999,3.3707322300000002,0.50050600000000001,1,0,1,1,1,1,3,1,0,34,0,2.1943645477294922,-0.36815625429153442,0,1,0,1,fdee030000f1ffb42c000022f802f34a
1012,stress100,J4,4,338,3.3733329959999998,3.373438588,3.3748967969999999,1.4582090000000001,1,0,1,1,1,1,4,1,0,35,0,0.79306989908218384,-0.61359375715255737,0,1,0,1,fdee040000e7ff2810000023d002a550
1013,stress100,J5,5,338,3.3766663289999999,3.376877656,3.3779071680000001,1.029512,1,0,1,1,1,1,5,1,0,35,0,4.8842062950134277,0.22089375555515289,0,1,0,1,fdee05000009008063000023d0028fdb
1014,stress100,J3,3,339,3.3799996619999999,3.3801619519999999,3.3809009410000002,0.73898900000000001,1,0,1,1,1,1,3,1,0,34,0,2.1947481632232666,-0.36815625429153442,0,1,0,1,fdee030000f1ffb62c000022f802487d
1015,stress100,J4,4,339,3.383332995,3.383423568,3.383731016,0.307448,1,0,1,1,1,1,4,1,0,35,0,0.7934533953666687,0.073631249368190765,0,1,0,1,fdee04000003002a10000023d0025f7f
1016,stress100,J5,5,339,3.386666328,3.386888881,3.3879071770000002,1.0182960000000001,1,0,1,1,1,1,5,1,0,35,0,4.8840146064758301,-0.024543749168515205,0,1,0,1,fdee050000ffff7f63000023d0020529
1017,stress100,J3,3,340,3.3899996610000001,3.390103345,3.3909025339999999,0.79918900000000004,1,0,1,1,1,1,3,1,0,34,0,2.1943645477294922,-0.39269998669624329,0,1,0,1,fdee030000f0ffb42c000022f8020e07
1018,stress100,J4,4,340,3.3933329940000001,3.3934234430000001,3.3947781560000001,1.3547130000000001,1,0,1,1,1,1,4,1,0,35,0,0.79326164722442627,-0.36815625429153442,0,1,0,1,fdee040000f1ff2910000023d002fb94
1019,stress100,J5,5,340,3.3966663270000002,3.3967630190000002,3.397835562,1.072543,1,0,1,1,1,1,5,1,0,35,0,4.8840146064758301,-0.14726249873638153,0,1,0,1,fdee050000faff7f63000023d0021d5b
1020,stress100,J3,3,341,3.3999996600000002,3.400225984,3.4007360470000001,0.51006300000000004,1,0,1,1,1,1,3,1,0,34,0,2.1945564746856689,-0.14726249873638153,0,1,0,1,fdee030000faffb52c000022f0022bb2
1021,stress100,J4,4,341,3.4033329929999998,3.4034759069999998,3.4047734200000002,1.2975129999999999,1,0,1,1,1,1,4,1,0,35,0,0.7934533953666687,0,0,1,0,1,fdee04000000002a10000023d00258a9
1022,stress100,J5,5,341,3.4066663259999999,3.4067650180000002,3.4079285819999998,1.163564,1,0,1,1,1,1,5,1,0,35,0,4.8840146064758301,-0.073631249368190765,0,1,0,1,fdee050000fdff7f63000023d002ffb2
1023,stress100,J3,3,342,3.4099996589999999,3.4102178639999998,3.4107301059999999,0.51224199999999998,1,0,1,1,1,1,3,1,0,34,0,2.1943645477294922,-0.36815625429153442,0,1,0,1,fdee030000f1ffb42c000022f802f34a
1024,stress100,J4,4,342,3.413332992,3.4135108879999998,3.4148473240000001,1.336436,1,0,1,1,1,1,4,1,0,35,0,0.7934533953666687,0.17180624604225159,0,1,0,1,fdee04000007002a10000023d002ba40
1025,stress100,J5,5,342,3.416666325,3.4167680709999999,3.4178232290000001,1.055158,1,0,1,1,1,1,5,1,0,35,0,4.8840146064758301,-0.14726249873638153,0,1,0,1,fdee050000faff7f63000023d0021d5b
1026,stress100,J3,3,343,3.4199996580000001,3.4201675690000002,3.4208196219999998,0.65205299999999999,1,0,1,1,1,1,3,1,0,34,0,2.1945564746856689,-0.049087498337030411,0,1,0,1,fdee030000feffb52c000022f8020e43
1027,stress100,J4,4,343,3.4233329910000001,3.4234228760000001,3.424838845,1.415969,1,0,1,1,1,1,4,1,0,35,0,0.79326164722442627,-0.34361249208450317,0,1,0,1,fdee040000f2ff2910000023d002fc42
1028,stress100,J5,5,343,3.4266663240000002,3.4267678849999998,3.4279695700000001,1.2016849999999999,1,0,1,1,1,1,5,1,0,35,0,4.8840146064758301,-0.29452499747276306,0,1,0,1,fdee050000f4ff7f63000023d002c880
1029,stress100,J3,3,344,3.4299996570000002,3.430188196,3.4308684020000002,0.68020599999999998,1,0,1,1,1,1,3,1,0,34,0,2.1945564746856689,0,0,1,0,1,fdee0300000000b52c000022f802eb40
1030,stress100,J4,4,344,3.4333329899999998,3.4334621259999998,3.434851251,1.3891249999999999,1,0,1,1,1,1,4,1,0,35,0,0.79326164722442627,-0.36815625429153442,0,1,0,1,fdee040000f1ff2910000023d002fb94
1031,stress100,J5,5,344,3.4366663229999999,3.436765903,3.4379881669999999,1.222264,1,0,1,1,1,1,5,1,0,35,0,4.8842062950134277,0.24543750286102295,0,1,0,1,fdee0500000a008063000023d002880d
1032,stress100,J3,3,345,3.4399996559999999,3.4402285570000002,3.4409391839999999,0.71062700000000001,1,0,1,1,1,1,3,1,0,34,0,2.1945564746856689,-0.049087498337030411,0,1,0,1,fdee030000feffb52c000022f8020e43
1033,stress100,J4,4,345,3.443332989,3.4434233299999999,3.4438091609999999,0.38583099999999998,1,0,1,1,1,1,4,1,0,35,0,0.79326164722442627,-0.36815625429153442,0,1,0,1,fdee040000f1ff2910000023d002fb94
1034,stress100,J5,5,345,3.446666322,3.4468832840000001,3.4479882740000001,1.1049899999999999,1,0,1,1,1,1,5,1,0,35,0,4.8838229179382324,-0.46633124351501465,0,1,0,1,fdee050000edff7e63000023d002bed2
1035,stress100,J3,3,346,3.4499996550000001,3.4501693869999999,3.4509570219999999,0.78763499999999997,1,0,1,1,1,1,3,1,0,34,0,2.1945564746856689,-0.36815625429153442,0,1,0,1,fdee030000f1ffb52c000022f80226d5
1036,stress100,J4,4,346,3.4533329880000001,3.4534707560000002,3.4548529499999998,1.3821939999999999,1,0,1,1,1,1,4,1,0,35,0,0.79326164722442627,-0.34361249208450317,0,1,0,1,fdee040000f2ff2910000023d002fc42
1037,stress100,J5,5,346,3.4566663210000002,3.4567688109999999,3.4579771319999999,1.208321,1,0,1,1,1,1,5,1,0,35,0,4.8840146064758301,-0.024543749168515205,0,1,0,1,fdee050000ffff7f63000023d0020529
1038,stress100,J3,3,347,3.4599996540000002,3.4601815149999999,3.46094546,0.76394499999999999,1,0,1,1,1,1,3,1,0,34,0,2.1945564746856689,-0.19634999334812164,0,1,0,1,fdee030000f8ffb52c000022f80211e7
1039,stress100,J4,4,347,3.4633329869999998,3.463421555,3.4638062879999998,0.38473299999999999,1,0,1,1,1,1,4,1,0,35,0,0.79326164722442627,-0.34361249208450317,0,1,0,1,fdee040000f2ff2910000023d002fc42
1040,stress100,J5,5,347,3.4666663199999999,3.466882654,3.4678221480000002,0.93949400000000005,1,0,1,1,1,1,5,1,0,35,0,4.8840146064758301,-0.073631249368190765,0,1,0,1,fdee050000fdff7f63000023d002ffb2
1041,stress100,J3,3,348,3.4699996529999999,3.4702510659999999,3.4709401770000001,0.68911100000000003,1,0,1,1,1,1,3,1,0,34,0,2.1943645477294922,-0.36815625429153442,0,1,0,1,fdee030000f1ffb42c000022f802f34a
1042,stress100,J4,4,348,3.473332986,3.4734395509999998,3.4748411209999999,1.40157,1,0,1,1,1,1,4,1,0,35,0,0.7934533953666687,0.073631249368190765,0,1,0,1,fdee04000003002a10000023d0025f7f
1043,stress100,J5,5,348,3.476666319,3.4768687260000002,3.4779727619999998,1.104036,1,0,1,1,1,1,5,1,0,35,0,4.8840146064758301,-0.12271875143051147,0,1,0,1,fdee050000fbff7f63000023d002e016
1044,stress100,J3,3,349,3.4799996520000001,3.4801705059999999,3.4809398749999998,0.76936899999999997,1,0,1,1,1,1,3,1,0,34,0,2.1945564746856689,-0.024543749168515205,0,1,0,1,fdee030000ffffb52c000022f00233c0
1045,stress100,J4,4,349,3.4833329850000001,3.483473628,3.4848531629999999,1.379535,1,0,1,1,1,1,4,1,0,35,0,0.7934533953666687,0.098174996674060822,0,1,0,1,fdee04000004002a10000023d002bd96
1046,stress100,J5,5,349,3.4866663180000002,3.486863059,3.4879911099999998,1.1280509999999999,1,0,1,1,1,1,5,1,0,35,0,4.8840146064758301,-0.14726249873638153,0,1,0,1,fdee050000faff7f63000023d0021d5b
1047,stress100,J3,3,350,3.4899996510000002,3.490124615,3.490905653,0.78103800000000001,1,0,1,1,1,1,3,1,0,34,0,2.1943645477294922,-0.46633124351501465,0,1,0,1,fdee030000edffb42c000022f80248f5
1048,stress100,J4,4,350,3.4933329839999998,3.4934220979999999,3.4948343209999999,1.412223,1,0,1,1,1,1,4,1,0,35,0,0.7934533953666687,-0.39269998669624329,0,1,0,1,fdee040000f0ff2a10000023d0026871
1049,stress100,J5,5,350,3.4966663169999999,3.4968515230000001,3.497977992,1.1264689999999999,1,0,1,1,1,1,5,1,0,35,0,4.8840146064758301,-0.024543749168515205,0,1,0,1,fdee050000ffff7f63000023d0020529
1050,stress100,J3,3,351,3.4999996499999999,3.500332722,3.5008018179999998,0.46909600000000001,1,0,1,1,1,1,3,1,0,34,0,2.1943645477294922,-0.44178751111030579,0,1,0,1,fdee030000eeffb42c000022f0028fed
1051,stress100,J4,4,351,3.503332983,3.503389721,3.503774795,0.38507400000000003,1,0,1,1,1,1,4,1,0,35,0,0.7934533953666687,0,0,1,0,1,fdee04000000002a10000023d00258a9
1052,stress100,J5,5,351,3.506666316,3.5067659349999998,3.5079694720000001,1.2035370000000001,1,0,1,1,1,1,5,1,0,35,0,4.8840146064758301,-0.17180624604225159,0,1,0,1,fdee050000f9ff7f63000023d0021a8d
1053,stress100,J3,3,352,3.5099996490000001,3.5101954069999999,3.5108866189999999,0.69121200000000005,1,0,1,1,1,1,3,1,0,34,0,2.1945564746856689,0,0,1,0,1,fdee0300000000b52c000022f802eb40
1054,stress100,J4,4,352,3.5133329820000001,3.513523127,3.5149694560000002,1.446329,1,0,1,1,1,1,4,1,0,35,0,0.79326164722442627,-0.36815625429153442,0,1,0,1,fdee040000f1ff2910000023d002fb94
1055,stress100,J5,5,352,3.5166663150000002,3.516855471,3.517965362,1.109891,1,0,1,1,1,1,5,1,0,35,0,4.8840146064758301,-0.17180624604225159,0,1,0,1,fdee050000f9ff7f63000023d0021a8d
1056,stress100,J3,3,353,3.5199996480000002,3.5201876589999999,3.5207190019999999,0.53134300000000001,1,0,1,1,1,1,3,1,0,34,0,2.1945564746856689,-0.024543749168515205,0,1,0,1,fdee030000ffffb52c000022f802f30e
1057,stress100,J4,4,353,3.5233329809999998,3.5234234139999998,3.5247417009999999,1.318287,1,0,1,1,1,1,4,1,0,35,0,0.79326164722442627,-0.34361249208450317,0,1,0,1,fdee040000f2ff2910000023d002fc42
1058,stress100,J5,5,353,3.5266663139999999,3.5268589860000001,3.5278043650000002,0.94537899999999997,1,0,1,1,1,1,5,1,0,35,0,4.8840146064758301,-0.14726249873638153,0,1,0,1,fdee050000faff7f63000023d0021d5b
1059,stress100,J3,3,354,3.5299996469999999,3.5300372929999999,3.530697306,0.66001299999999996,1,0,1,1,1,1,3,1,0,34,0,2.1945564746856689,-0.098174996674060822,0,1,0,1,fdee030000fcffb52c000022f802f4d8
1060,stress100,J4,4,354,3.53333298,3.5334011620000001,3.534752788,1.351626,1,0,1,1,1,1,4,1,0,35,0,0.79326164722442627,-0.36815625429153442,0,1,0,1,fdee040000f1ff2910000023d002fb94
1061,stress100,J5,5,354,3.536666313,3.5367481239999998,3.5377620840000001,1.01396,1,0,1,1,1,1,5,1,0,35,0,4.8840146064758301,-0.19634999334812164,0,1,0,1,fdee050000f8ff7f63000023d002e7c0
1062,stress100,J3,3,355,3.5399996460000001,3.5400776359999999,3.5407391490000002,0.66151300000000002,1,0,1,1,1,1,3,1,0,34,0,2.1945564746856689,-0.049087498337030411,0,1,0,1,fdee030000feffb52c000022f8020e43
1063,stress100,J4,4,355,3.5433329790000001,3.5433875399999999,3.5436678069999998,0.28026699999999999,1,0,1,1,1,1,4,1,0,35,0,0.7934533953666687,0,0,1,0,1,fdee04000000002a10000023d00258a9
1064,stress100,J5,5,355,3.5466663120000002,3.5467548209999999,3.5477171869999999,0.96236600000000005,1,0,1,1,1,1,5,1,0,35,0,4.8840146064758301,-0.12271875143051147,0,1,0,1,fdee050000fbff7f63000023d002e016
1065,stress100,J3,3,356,3.5499996450000002,3.5500353219999998,3.5506890709999999,0.65374900000000002,1,0,1,1,1,1,3,1,0,34,0,2.1947481632232666,0.36815625429153442,0,1,0,1,fdee0300000f00b62c000022f802ad7e
1066,stress100,J4,4,356,3.5533329779999998,3.553388306,3.5536531899999999,0.26488400000000001,1,0,1,1,1,1,4,1,0,35,0,0.79326164722442627,-0.29452499747276306,0,1,0,1,fdee040000f4ff2910000023d002e3e6
1067,stress100,J5,5,356,3.5566663109999999,3.5567443660000002,3.5577259159999999,0.98155000000000003,1,0,1,1,1,1,5,1,0,35,0,4.8840146064758301,-0.024543749168515205,0,1,0,1,fdee050000ffff7f63000023d0020529
1068,stress100,J3,3,357,3.5599996439999999,3.5600506759999999,3.5607115920000001,0.66091599999999995,1,0,1,1,1,1,3,1,0,34,0,2.1943645477294922,-0.39269998669624329,0,1,0,1,fdee030000f0ffb42c000022f8020e07
1069,stress100,J4,4,357,3.563332977,3.563410449,3.564716293,1.305844,1,0,1,1,1,1,4,1,0,35,0,0.7934533953666687,0,0,1,0,1,fdee04000000002a10000023d00258a9
1070,stress100,J5,5,357,3.56666631,3.5667376329999998,3.5677201620000001,0.98252899999999999,1,0,1,1,1,1,5,1,0,35,0,4.8840146064758301,-0.12271875143051147,0,1,0,1,fdee050000fbff7f63000023d002e016
1071,stress100,J3,3,358,3.5699996430000001,3.570082631,3.5708141900000001,0.73155899999999996,1,0,1,1,1,1,3,1,0,34,0,2.1943645477294922,-0.44178751111030579,0,1,0,1,fdee030000eeffb42c000022f8024f23
1072,stress100,J4,4,358,3.5733329760000001,3.5734189650000001,3.5748325580000002,1.4135930000000001,1,0,1,1,1,1,4,1,0,35,0,0.7934533953666687,0,0,1,0,1,fdee04000000002a10000023d00258a9
1073,stress100,J5,5,358,3.5766663090000002,3.5767468490000001,3.5778340110000002,1.087162,1,0,1,1,1,1,5,1,0,35,0,4.8840146064758301,-0.049087498337030411,0,1,0,1,fdee050000feff7f63000023d002f864
1074,stress100,J3,3,359,3.5799996420000002,3.5800737009999999,3.5807721030000002,0.69840199999999997,1,0,1,1,1,1,3,1,0,34,0,2.1945564746856689,-0.024543749168515205,0,1,0,1,fdee030000ffffb52c000022f802f30e
1075,stress100,J4,4,359,3.5833329749999998,3.5834026149999998,3.584737246,1.3346309999999999,1,0,1,1,1,1,4,1,0,35,0,0.79326164722442627,-0.34361249208450317,0,1,0,1,fdee040000f2ff2910000023d002fc42
1076,stress100,J5,5,359,3.5866663079999999,3.586739642,3.5876771449999998,0.93750299999999998,1,0,1,1,1,1,5,1,0,35,0,4.8840146064758301,-0.14726249873638153,0,1,0,1,fdee050000faff7f63000023d0021d5b
1077,stress100,J3,3,360,3.5899996409999999,3.5900751519999998,3.5907107269999998,0.635575,1,0,1,1,1,1,3,1,0,34,0,2.1945564746856689,0,0,1,0,1,fdee0300000000b52c000022f802eb40
1078,stress100,J4,4,360,3.593332974,3.5933865639999998,3.593650716,0.264152,1,0,1,1,1,1,4,1,0,35,0,0.7934533953666687,0.12271875143051147,0,1,0,1,fdee04000005002a10000023d00240db
1079,stress100,J5,5,360,3.596666307,3.5967191550000002,3.5976476040000001,0.92844899999999997,1,0,1,1,1,1,5,1,0,35,0,4.8842062950134277,0.29452499747276306,0,1,0,1,fdee0500000c008063000023d00297a9
1080,stress100,J3,3,361,3.5999996400000001,3.600034178,3.6006688439999999,0.63466599999999995,1,0,1,1,1,1,3,1,0,34,0,2.1945564746856689,-0.073631249368190765,0,1,0,1,fdee030000fdffb52c000022f8020995
1081,stress100,J4,4,361,3.6033329730000001,3.603389312,3.6047421690000001,1.352857,1,0,1,1,1,1,4,1,0,35,0,0.7934533953666687,-0.049087498337030411,0,1,0,1,fdee040000feff2a10000023d002bdaa
1082,stress100,J5,5,361,3.6066663060000002,3.6067678910000001,3.6077071570000001,0.93926600000000005,1,0,1,1,1,1,5,1,0,35,0,4.8840146064758301,-0.024543749168515205,0,1,0,1,fdee050000ffff7f63000023d0020529
1083,stress100,J3,3,362,3.6099996390000002,3.6100606239999999,3.6107317280000002,0.67110400000000003,1,0,1,1,1,1,3,1,0,34,0,2.1945564746856689,0.024543749168515205,0,1,0,1,fdee0300000100b52c000022f802160d
1084,stress100,J4,4,362,3.6133329719999998,3.6134093549999999,3.614741945,1.3325899999999999,1,0,1,1,1,1,4,1,0,35,0,0.7934533953666687,0.073631249368190765,0,1,0,1,fdee04000003002a10000023d0025f7f
1085,stress100,J5,5,362,3.6166663049999999,3.6167450479999999,3.6177424290000002,0.99738099999999996,1,0,1,1,1,1,5,1,0,35,0,4.8840146064758301,-0.098174996674060822,0,1,0,1,fdee050000fcff7f63000023d00202ff
1086,stress100,J3,3,363,3.6199996379999999,3.6200587550000001,3.6208815940000001,0.82283899999999999,1,0,1,1,1,1,3,1,0,34,0,2.1945564746856689,0.049087498337030411,0,1,0,1,fdee0300000200b52c000022f80211db
1087,stress100,J4,4,363,3.623332971,3.623449157,3.624909444,1.4602869999999999,1,0,1,1,1,1,4,1,0,35,0,0.79326164722442627,-0.29452499747276306,0,1,0,1,fdee040000f4ff2910000023d002e3e6
1088,stress100,J5,5,363,3.626666304,3.6267663529999998,3.6278937349999998,1.1273820000000001,1,0,1,1,1,1,5,1,0,35,0,4.8840146064758301,-0.12271875143051147,0,1,0,1,fdee050000fbff7f63000023d002e016
1089,stress100,J3,3,364,3.6299996370000001,3.6300922619999998,3.6308432920000002,0.75102999999999998,1,0,1,1,1,1,3,1,0,34,0,2.1945564746856689,-0.024543749168515205,0,1,0,1,fdee030000ffffb52c000022f802f30e
1090,stress100,J4,4,364,3.6333329700000001,3.6335060239999999,3.6349676899999999,1.4616659999999999,1,0,1,1,1,1,4,1,0,35,0,0.7934533953666687,-0.024543749168515205,0,1,0,1,fdee040000ffff2a10000023d00240e7
1091,stress100,J5,5,364,3.6366663030000002,3.6367690179999999,3.637943565,1.174547,1,0,1,1,1,1,5,1,0,35,0,4.8840146064758301,-0.098174996674060822,0,1,0,1,fdee050000fcff7f63000023d00202ff
1092,stress100,J3,3,365,3.6399996360000002,3.6401964009999999,3.640784182,0.587781,1,0,1,1,1,1,3,1,0,34,0,2.1947481632232666,0.29452499747276306,0,1,0,1,fdee0300000c00b62c000022f0026a66
1093,stress100,J4,4,365,3.6433329689999998,3.643422787,3.6448538030000002,1.4310160000000001,1,0,1,1,1,1,4,1,0,35,0,0.79326164722442627,-0.36815625429153442,0,1,0,1,fdee040000f1ff2910000023d002fb94
1094,stress100,J5,5,365,3.6466663019999999,3.646759232,3.6478787439999998,1.1195120000000001,1,0,1,1,1,1,5,1,0,35,0,4.8840146064758301,-0.098174996674060822,0,1,0,1,fdee050000fcff7f63000023d00202ff
1095,stress100,J3,3,366,3.6499996349999999,3.6500850250000001,3.650882915,0.79788999999999999,1,0,1,1,1,1,3,1,0,34,0,2.1945564746856689,-0.12271875143051147,0,1,0,1,fdee030000fbffb52c000022f002d6ff
1096,stress100,J4,4,366,3.653332968,3.6534787199999998,3.6548397690000001,1.361049,1,0,1,1,1,1,4,1,0,35,0,0.7934533953666687,-0.049087498337030411,0,1,0,1,fdee040000feff2a10000023d002bdaa
1097,stress100,J5,5,366,3.656666301,3.6567249309999998,3.6577939220000002,1.068991,1,0,1,1,1,1,5,1,0,35,0,4.8838229179382324,-0.41724374890327454,0,1,0,1,fdee050000efff7e63000023d0024449
1098,stress100,J3,3,367,3.6599996340000001,3.660036581,3.66078554,0.74895900000000004,1,0,1,1,1,1,3,1,0,34,0,2.1945564746856689,-0.073631249368190765,0,1,0,1,fdee030000fdffb52c000022f8020995
1099,stress100,J4,4,367,3.6633329670000001,3.663388351,3.6637517480000001,0.36339700000000003,1,0,1,1,1,1,4,1,0,35,0,0.79326164722442627,-0.31906875967979431,0,1,0,1,fdee040000f3ff2910000023d002010f
1100,stress100,J5,5,367,3.6666663000000002,3.6667244810000001,3.66778944,1.064959,1,0,1,1,1,1,5,1,0,35,0,4.8840146064758301,-0.12271875143051147,0,1,0,1,fdee050000fbff7f63000023d002e016
1101,stress100,J3,3,368,3.6699996330000002,3.6700744850000002,3.6707111769999998,0.63669200000000004,1,0,1,1,1,1,3,1,0,34,0,2.1945564746856689,0,0,1,0,1,fdee0300000000b52c000022f802eb40
1102,stress100,J4,4,368,3.6733329659999998,3.6734255689999999,3.674692184,1.266615,1,0,1,1,1,1,4,1,0,35,0,0.7934533953666687,0,0,1,0,1,fdee04000000002a10000023d00258a9
1103,stress100,J5,5,368,3.6766662989999999,3.676746836,3.6777214890000001,0.97465299999999999,1,0,1,1,1,1,5,1,0,35,0,4.8838229179382324,-0.44178751111030579,0,1,0,1,fdee050000eeff7e63000023d002b904
1104,stress100,J3,3,369,3.6799996319999999,3.6800556860000002,3.6807061299999999,0.65044400000000002,1,0,1,1,1,1,3,1,0,34,0,2.1947481632232666,0.29452499747276306,0,1,0,1,fdee0300000c00b62c000022f0026a66
1105,stress100,J4,4,369,3.683332965,3.6833877149999998,3.6836476990000002,0.25998399999999999,1,0,1,1,1,1,4,1,0,35,0,0.79326164722442627,-0.36815625429153442,0,1,0,1,fdee040000f1ff2910000023d002fb94
1106,stress100,J5,5,369,3.686666298,3.6867208699999998,3.6876932949999999,0.97242499999999998,1,0,1,1,1,1,5,1,0,35,0,4.8840146064758301,-0.098174996674060822,0,1,0,1,fdee050000fcff7f63000023d00202ff
1107,stress100,J3,3,370,3.6899996310000001,3.6900358070000001,3.690688062,0.65225500000000003,1,0,1,1,1,1,3,1,0,34,0,2.1943645477294922,-0.098174996674060822,0,1,0,1,fdee030000fcffb42c000022f8022147
1108,stress100,J4,4,370,3.6933329640000001,3.693387677,3.6936478749999999,0.26019799999999998,1,0,1,1,1,1,4,1,0,35,0,0.7934533953666687,0.024543749168515205,0,1,0,1,fdee04000001002a10000023d002a5e4
1109,stress100,J5,5,370,3.6966662970000002,3.6967520249999999,3.6977208419999998,0.96881700000000004,1,0,1,1,1,1,5,1,0,35,0,4.8840146064758301,-0.19634999334812164,0,1,0,1,fdee050000f8ff7f63000023d002e7c0
1110,stress100,J3,3,371,3.6999996300000002,3.7000925019999999,3.7007584009999999,0.66589900000000002,1,0,1,1,1,1,3,1,0,34,0,2.1943645477294922,-0.19634999334812164,0,1,0,1,fdee030000f8ffb42c000022f802c478
1111,stress100,J4,4,371,3.7033329629999998,3.7034145590000001,3.7049309689999999,1.51641,1,0,1,1,1,1,4,1,0,35,0,0.7934533953666687,0,0,1,0,1,fdee04000000002a10000023d00258a9
1112,stress100,J5,5,371,3.7066662959999999,3.7067529979999998,3.707838717,1.0857190000000001,1,0,1,1,1,1,5,1,0,35,0,4.8842062950134277,0.14726249873638153,0,1,0,1,fdee05000006008063000023d002a74d
1113,stress100,J3,3,372,3.7099996289999999,3.710056405,3.7108134829999999,0.75707800000000003,1,0,1,1,1,1,3,1,0,34,0,2.1945564746856689,-0.073631249368190765,0,1,0,1,fdee030000fdffb52c000022f002c95b
1114,stress100,J4,4,372,3.713332962,3.7134096670000001,3.7147946040000002,1.3849370000000001,1,0,1,1,1,1,4,1,0,35,0,0.7934533953666687,-0.049087498337030411,0,1,0,1,fdee040000feff2a10000023d002bdaa
1115,stress100,J5,5,372,3.716666295,3.7167416289999999,3.7178290199999999,1.087391,1,0,1,1,1,1,5,1,0,35,0,4.8838229179382324,-0.56450623273849487,0,1,0,1,fdee050000e9ff7e63000023d0025bed
1116,stress100,J3,3,373,3.7199996280000001,3.7201091110000002,3.7208764799999998,0.76736899999999997,1,0,1,1,1,1,3,1,0,34,0,2.1945564746856689,-0.12271875143051147,0,1,0,1,fdee030000fbffb52c000022f002d6ff
1117,stress100,J4,4,373,3.7233329610000001,3.7233912720000002,3.7247989119999998,1.40764,1,0,1,1,1,1,4,1,0,35,0,0.79326164722442627,-0.29452499747276306,0,1,0,1,fdee040000f4ff2910000023d002e3e6
1118,stress100,J5,5,373,3.7266662940000002,3.7267211140000001,3.7277279870000002,1.0068729999999999,1,0,1,1,1,1,5,1,0,35,0,4.8842062950134277,0.22089375555515289,0,1,0,1,fdee05000009008063000023d0028fdb
1119,stress100,J3,3,374,3.7299996270000002,3.7300803130000002,3.730812271,0.731958,1,0,1,1,1,1,3,1,0,34,0,2.1945564746856689,-0.073631249368190765,0,1,0,1,fdee030000fdffb52c000022f002c95b
1120,stress100,J4,4,374,3.7333329599999998,3.7334305099999998,3.7348257299999998,1.3952199999999999,1,0,1,1,1,1,4,1,0,35,0,0.79326164722442627,-0.31906875967979431,0,1,0,1,fdee040000f3ff2910000023d002010f
1121,stress100,J5,5,374,3.7366662929999999,3.7367894640000001,3.7378063020000001,1.0168379999999999,1,0,1,1,1,1,5,1,0,35,0,4.8840146064758301,-0.073631249368190765,0,1,0,1,fdee050000fdff7f63000023d002ffb2
1122,stress100,J3,3,375,3.7399996259999999,3.7401745709999998,3.7407517600000002,0.57718899999999995,1,0,1,1,1,1,3,1,0,34,0,2.1947481632232666,0.39269998669624329,0,1,0,1,fdee0300001000b62c000022f002d1d9
1123,stress100,J4,4,375,3.743332959,3.743477801,3.7447877630000002,1.3099620000000001,1,0,1,1,1,1,4,1,0,35,0,0.7934533953666687,0,0,1,0,1,fdee04000000002a10000023d00258a9
1124,stress100,J5,5,375,3.746666292,3.7468597259999998,3.7478460739999999,0.986348,1,0,1,1,1,1,5,1,0,35,0,4.8840146064758301,-0.12271875143051147,0,1,0,1,fdee050000fbff7f63000023d002e016
1125,stress100,J3,3,376,3.7499996250000001,3.7501839810000002,3.750735669,0.55168799999999996,1,0,1,1,1,1,3,1,0,34,0,2.1943645477294922,-0.098174996674060822,0,1,0,1,fdee030000fcffb42c000022f8022147
1126,stress100,J4,4,376,3.7533329580000001,3.7534313840000002,3.7547586599999998,1.3272759999999999,1,0,1,1,1,1,4,1,0,35,0,0.79326164722442627,-0.26998123526573181,0,1,0,1,fdee040000f5ff2910000023d0021eab
1127,stress100,J5,5,376,3.7566662910000002,3.756848052,3.7578306939999999,0.98264200000000002,1,0,1,1,1,1,5,1,0,35,0,4.8840146064758301,-0.17180624604225159,0,1,0,1,fdee050000f9ff7f63000023d0021a8d
1128,stress100,J3,3,377,3.7599996240000002,3.760197105,3.7607182099999998,0.52110500000000004,1,0,1,1,1,1,3,1,0,34,0,2.1941728591918945,-0.39269998669624329,0,1,0,1,fdee030000f0ffb32c000022f002d60e
1129,stress100,J4,4,377,3.7633329569999998,3.7634802060000001,3.7647570849999998,1.2768790000000001,1,0,1,1,1,1,4,1,0,35,0,0.79326164722442627,-0.34361249208450317,0,1,0,1,fdee040000f2ff2910000023d002fc42
1130,stress100,J5,5,377,3.7666662899999999,3.7668320689999999,3.7678375919999998,1.0055229999999999,1,0,1,1,1,1,5,1,0,35,0,4.8838229179382324,-0.049087498337030411,0,1,0,1,fdee050000feff7e63000023d0022dfb
1131,stress100,J3,3,378,3.7699996229999999,3.770181183,3.770744149,0.56296599999999997,1,0,1,1,1,1,3,1,0,34,0,2.1941728591918945,-0.049087498337030411,0,1,0,1,fdee030000feffb32c000022f802c31b
1132,stress100,J4,4,378,3.773332956,3.7733918640000002,3.774717908,1.326044,1,0,1,1,1,1,4,1,0,35,0,0.7934533953666687,0,0,1,0,1,fdee04000000002a10000023d00258a9
1133,stress100,J5,5,378,3.776666289,3.7767578770000001,3.777792582,1.034705,1,0,1,1,1,1,5,1,0,35,0,4.8840146064758301,-0.17180624604225159,0,1,0,1,fdee050000f9ff7f63000023d0021a8d
1134,stress100,J3,3,379,3.7799996220000001,3.7801258089999998,3.7807541420000002,0.62833300000000003,1,0,1,1,1,1,3,1,0,34,0,2.1945564746856689,-0.098174996674060822,0,1,0,1,fdee030000fcffb52c000022f802f4d8
1135,stress100,J4,4,379,3.7833329550000001,3.7834264630000001,3.784796402,1.369939,1,0,1,1,1,1,4,1,0,35,0,0.79326164722442627,-0.34361249208450317,0,1,0,1,fdee040000f2ff2910000023d002fc42
1136,stress100,J5,5,379,3.7866662880000002,3.786827385,3.7877279869999998,0.90060200000000001,1,0,1,1,1,1,5,1,0,35,0,4.8840146064758301,-0.12271875143051147,0,1,0,1,fdee050000fbff7f63000023d002e016
1137,stress100,J3,3,380,3.7899996210000002,3.790114306,3.790787124,0.67281800000000003,1,0,1,1,1,1,3,1,0,34,0,2.1945564746856689,-0.024543749168515205,0,1,0,1,fdee030000ffffb52c000022f802f30e
1138,stress100,J4,4,380,3.7933329539999998,3.7934568190000002,3.7948120269999999,1.355208,1,0,1,1,1,1,4,1,0,35,0,0.7934533953666687,0.024543749168515205,0,1,0,1,fdee04000001002a10000023d002a5e4
1139,stress100,J5,5,380,3.7966662869999999,3.7968187819999999,3.7977218810000002,0.90309899999999999,1,0,1,1,1,1,5,1,0,35,0,4.8838229179382324,-0.51541876792907715,0,1,0,1,fdee050000ebff7e63000023d002a176
1140,stress100,J3,3,381,3.7999996199999999,3.800115414,3.8007453710000001,0.62995699999999999,1,0,1,1,1,1,3,1,0,34,0,2.1943645477294922,-0.39269998669624329,0,1,0,1,fdee030000f0ffb42c000022f8020e07
1141,stress100,J4,4,381,3.803332953,3.803485073,3.8047866780000001,1.3016049999999999,1,0,1,1,1,1,4,1,0,35,0,0.7934533953666687,0,0,1,0,1,fdee04000000002a10000023d00258a9
1142,stress100,J5,5,381,3.806666286,3.8067610099999998,3.8077840950000001,1.023085,1,0,1,1,1,1,5,1,0,35,0,4.8840146064758301,-0.14726249873638153,0,1,0,1,fdee050000faff7f63000023d0021d5b
1143,stress100,J3,3,382,3.8099996190000001,3.8100985920000001,3.8106979650000001,0.59937300000000004,1,0,1,1,1,1,3,1,0,34,0,2.1943645477294922,-0.36815625429153442,0,1,0,1,fdee030000f1ffb42c000022f802f34a
1144,stress100,J4,4,382,3.8133329520000001,3.813480743,3.8147924020000001,1.3116589999999999,1,0,1,1,1,1,4,1,0,35,0,0.7934533953666687,-0.31906875967979431,0,1,0,1,fdee040000f3ff2a10000023d0026fa7
1145,stress100,J5,5,382,3.8166662850000002,3.8168157300000001,3.8177865180000001,0.97078799999999998,1,0,1,1,1,1,5,1,0,35,0,4.8840146064758301,-0.22089375555515289,0,1,0,1,fdee050000f7ff7f63000023d002cf56
1146,stress100,J3,3,383,3.8199996180000002,3.8201841249999999,3.8206930479999999,0.50892300000000001,1,0,1,1,1,1,3,1,0,34,0,2.1945564746856689,0.17180624604225159,0,1,0,1,fdee0300000700b52c000022f80209a9
1147,stress100,J4,4,383,3.8233329509999998,3.8233907629999999,3.82474566,1.354897,1,0,1,1,1,1,4,1,0,35,0,0.79326164722442627,-0.31906875967979431,0,1,0,1,fdee040000f3ff2910000023d002010f
1148,stress100,J5,5,383,3.8266662839999999,3.8268233409999999,3.8277856300000002,0.96228899999999995,1,0,1,1,1,1,5,1,0,35,0,4.8838229179382324,-0.4908750057220459,0,1,0,1,fdee050000ecff7e63000023d002439f
1149,stress100,J3,3,384,3.8299996169999999,3.8301256480000001,3.8307616480000002,0.63600000000000001,1,0,1,1,1,1,3,1,0,34,0,2.1945564746856689,0.22089375555515289,0,1,0,1,fdee0300000900b52c000022f802dc72
1150,stress100,J4,4,384,3.83333295,3.8334515370000002,3.8347306259999998,1.2790889999999999,1,0,1,1,1,1,4,1,0,35,0,0.7934533953666687,0.024543749168515205,0,1,0,1,fdee04000001002a10000023d002a5e4
1151,stress100,J5,5,384,3.836666283,3.8368246400000001,3.8377849999999998,0.96035999999999999,1,0,1,1,1,1,5,1,0,35,0,4.8838229179382324,-0.39269998669624329,0,1,0,1,fdee050000f0ff7e63000023d002f820
1152,stress100,J3,3,385,3.8399996160000001,3.8400672710000001,3.8407774159999999,0.71014500000000003,1,0,1,1,1,1,3,1,0,34,0,2.1945564746856689,-0.024543749168515205,0,1,0,1,fdee030000ffffb52c000022f802f30e
1153,stress100,J4,4,385,3.8433329490000001,3.8433893650000002,3.8447271060000001,1.3377410000000001,1,0,1,1,1,1,4,1,0,35,0,0.7934533953666687,-0.024543749168515205,0,1,0,1,fdee040000ffff2a10000023d00240e7
1154,stress100,J5,5,385,3.8466662820000002,3.8467238290000001,3.8477414520000002,1.0176229999999999,1,0,1,1,1,1,5,1,0,35,0,4.8842062950134277,0.19634999334812164,0,1,0,1,fdee05000008008063000023d0027296
1155,stress100,J3,3,386,3.8499996150000002,3.8501011630000002,3.8507567269999998,0.65556400000000004,1,0,1,1,1,1,3,1,0,34,0,2.1945564746856689,-0.098174996674060822,0,1,0,1,fdee030000fcffb52c000022f802f4d8
1156,stress100,J4,4,386,3.8533329479999998,3.853422482,3.8547761089999999,1.3536269999999999,1,0,1,1,1,1,4,1,0,35,0,0.79326164722442627,-0.24543750286102295,0,1,0,1,fdee040000f6ff2910000023d002197d
1157,stress100,J5,5,386,3.8566662809999999,3.8567241669999999,3.8577017790000001,0.97761200000000004,1,0,1,1,1,1,5,1,0,35,0,4.8840146064758301,-0.12271875143051147,0,1,0,1,fdee050000fbff7f63000023d002e016
1158,stress100,J3,3,387,3.8599996139999999,3.860101775,3.8607590479999998,0.657273,1,0,1,1,1,1,3,1,0,34,0,2.1945564746856689,-0.14726249873638153,0,1,0,1,fdee030000faffb52c000022f0022bb2
1159,stress100,J4,4,387,3.863332947,3.8634336720000002,3.8647662839999999,1.3326119999999999,1,0,1,1,1,1,4,1,0,35,0,0.79326164722442627,-0.34361249208450317,0,1,0,1,fdee040000f2ff2910000023d002fc42
1160,stress100,J5,5,387,3.86666628,3.8667666060000001,3.8677381209999999,0.97151500000000002,1,0,1,1,1,1,5,1,0,35,0,4.8842062950134277,0.39269998669624329,0,1,0,1,fdee05000010008063000023d0022c16
1161,stress100,J3,3,388,3.8699996130000001,3.870100377,3.8707637570000002,0.66337999999999997,1,0,1,1,1,1,3,1,0,34,0,2.1943645477294922,-0.049087498337030411,0,1,0,1,fdee030000feffb42c000022f802dbdc
1162,stress100,J4,4,388,3.8733329460000001,3.8733912070000001,3.8747663889999999,1.3751819999999999,1,0,1,1,1,1,4,1,0,35,0,0.7934533953666687,0.098174996674060822,0,1,0,1,fdee04000004002a10000023d002bd96
1163,stress100,J5,5,388,3.8766662790000002,3.8767241509999999,3.877717911,0.99375999999999998,1,0,1,1,1,1,5,1,0,35,0,4.8840146064758301,-0.17180624604225159,0,1,0,1,fdee050000f9ff7f63000023d0021a8d
1164,stress100,J3,3,389,3.8799996120000002,3.880115156,3.8807509499999999,0.63579399999999997,1,0,1,1,1,1,3,1,0,34,0,2.1943645477294922,-0.14726249873638153,0,1,0,1,fdee030000faffb42c000022f8023ee3
1165,stress100,J4,4,389,3.8833329449999998,3.883392578,3.8847738230000002,1.3812450000000001,1,0,1,1,1,1,4,1,0,35,0,0.7934533953666687,-0.049087498337030411,0,1,0,1,fdee040000feff2a10000023d002bdaa
1166,stress100,J5,5,389,3.8866662779999999,3.8867664639999999,3.8877172889999998,0.95082500000000003,1,0,1,1,1,1,5,1,0,35,0,4.8840146064758301,-0.12271875143051147,0,1,0,1,fdee050000fbff7f63000023d002e016
1167,stress100,J3,3,390,3.8899996109999999,3.890126907,3.8907465389999998,0.61963199999999996,1,0,1,1,1,1,3,1,0,34,0,2.1943645477294922,-0.29452499747276306,0,1,0,1,fdee030000f4ffb42c000022f0022bf6
1168,stress100,J4,4,390,3.893332944,3.8934245779999999,3.8947777110000001,1.3531329999999999,1,0,1,1,1,1,4,1,0,35,0,0.7934533953666687,0,0,1,0,1,fdee04000000002a10000023d00258a9
1169,stress100,J5,5,390,3.896666277,3.896823317,3.8977078870000001,0.88456999999999997,1,0,1,1,1,1,5,1,0,35,0,4.8840146064758301,-0.17180624604225159,0,1,0,1,fdee050000f9ff7f63000023d0021a8d
1170,stress100,J3,3,391,3.8999996100000001,3.9001218199999999,3.9007315710000001,0.60975100000000004,1,0,1,1,1,1,3,1,0,34,0,2.1945564746856689,-0.024543749168515205,0,1,0,1,fdee030000ffffb52c000022f802f30e
1171,stress100,J4,4,391,3.9033329430000001,3.9034623420000001,3.9047717099999999,1.3093680000000001,1,0,1,1,1,1,4,1,0,35,0,0.79326164722442627,-0.34361249208450317,0,1,0,1,fdee040000f2ff2910000023d002fc42
1172,stress100,J5,5,391,3.9066662760000002,3.9067630439999999,3.9077712739999999,1.00823,1,0,1,1,1,1,5,1,0,35,0,4.8840146064758301,-0.19634999334812164,0,1,0,1,fdee050000f8ff7f63000023d002e7c0
1173,stress100,J3,3,392,3.9099996090000002,3.9101837540000002,3.9106617410000002,0.477987,1,0,1,1,1,1,3,1,0,34,0,2.1945564746856689,0,0,1,0,1,fdee0300000000b52c000022f802eb40
1174,stress100,J4,4,392,3.9133329419999998,3.9134265199999998,3.914757936,1.3314159999999999,1,0,1,1,1,1,4,1,0,35,0,0.79326164722442627,-0.36815625429153442,0,1,0,1,fdee040000f1ff2910000023d002fb94
1175,stress100,J5,5,392,3.9166662749999999,3.9167597340000002,3.9177837279999999,1.0239940000000001,1,0,1,1,1,1,5,1,0,35,0,4.8840146064758301,-0.024543749168515205,0,1,0,1,fdee050000ffff7f63000023d0020529
1176,stress100,J3,3,393,3.9199996079999999,3.9200364360000002,3.9207779070000002,0.74147099999999999,1,0,1,1,1,1,3,1,0,34,0,2.1945564746856689,-0.073631249368190765,0,1,0,1,fdee030000fdffb52c000022f002c95b
1177,stress100,J4,4,393,3.923332941,3.9235022750000002,3.9247865970000002,1.284322,1,0,1,1,1,1,4,1,0,35,0,0.79306989908218384,-0.68722498416900635,0,1,0,1,fdee040000e4ff2810000023d002a286
1178,stress100,J5,5,393,3.926666274,3.926827275,3.9277767560000001,0.94948100000000002,1,0,1,1,1,1,5,1,0,35,0,4.8840146064758301,-0.22089375555515289,0,1,0,1,fdee050000f7ff7f63000023d002cf56
1179,stress100,J3,3,394,3.9299996070000001,3.9301786289999998,3.930669832,0.491203,1,0,1,1,1,1,3,1,0,34,0,2.1947481632232666,-0.12271875143051147,0,1,0,1,fdee030000fbffb62c000022f8027899
1180,stress100,J4,4,394,3.9333329400000001,3.933415927,3.9347778710000001,1.361944,1,0,1,1,1,1,4,1,0,35,0,0.7934533953666687,0,0,1,0,1,fdee04000000002a10000023d00258a9
1181,stress100,J5,5,394,3.9366662730000002,3.9367585900000002,3.9377996739999999,1.0410839999999999,1,0,1,1,1,1,5,1,0,35,0,4.8840146064758301,-0.12271875143051147,0,1,0,1,fdee050000fbff7f63000023d002e016
1182,stress100,J3,3,395,3.9399996060000002,3.940098017,3.9406699060000001,0.57188899999999998,1,0,1,1,1,1,3,1,0,34,0,2.1943645477294922,-0.14726249873638153,0,1,0,1,fdee030000faffb42c000022f8023ee3
1183,stress100,J4,4,395,3.9433329389999998,3.9433940839999999,3.944767766,1.3736820000000001,1,0,1,1,1,1,4,1,0,35,0,0.7934533953666687,0,0,1,0,1,fdee04000000002a10000023d00258a9
1184,stress100,J5,5,395,3.9466662719999999,3.9467240819999998,3.947706315,0.98223300000000002,1,0,1,1,1,1,5,1,0,35,0,4.8842062950134277,0.14726249873638153,0,1,0,1,fdee05000006008063000023d002a74d
1185,stress100,J3,3,396,3.9499996049999999,3.9500426549999998,3.9507038489999999,0.66119399999999995,1,0,1,1,1,1,3,1,0,34,0,2.1943645477294922,-0.26998123526573181,0,1,0,1,fdee030000f5ffb42c000022f8021675
1186,stress100,J4,4,396,3.953332938,3.953388291,3.9547765570000002,1.388266,1,0,1,1,1,1,4,1,0,35,0,0.79326164722442627,-0.24543750286102295,0,1,0,1,fdee040000f6ff2910000023d002197d
1187,stress100,J5,5,396,3.956666271,3.9567272390000001,3.9577108540000001,0.98361500000000002,1,0,1,1,1,1,5,1,0,35,0,4.8840146064758301,-0.14726249873638153,0,1,0,1,fdee050000faff7f63000023d0021d5b
1188,stress100,J3,3,397,3.9599996040000001,3.9600559460000002,3.9608014250000001,0.745479,1,0,1,1,1,1,3,1,0,34,0,2.1947481632232666,0.22089375555515289,0,1,0,1,fdee0300000900b62c000022f802b2da
1189,stress100,J4,4,397,3.9633329370000001,3.9634554550000001,3.964750284,1.294829,1,0,1,1,1,1,4,1,0,35,0,0.7934533953666687,0.049087498337030411,0,1,0,1,fdee04000002002a10000023d002a232
1190,stress100,J5,5,397,3.9666662700000002,3.9667603730000001,3.9677106019999999,0.95022899999999999,1,0,1,1,1,1,5,1,0,35,0,4.8842062950134277,0.31906875967979431,0,1,0,1,fdee0500000d008063000023d0026ae4
1191,stress100,J3,3,398,3.9699996030000002,3.9700894870000001,3.9707627109999999,0.67322400000000004,1,0,1,1,1,1,3,1,0,34,0,2.1945564746856689,0,0,1,0,1,fdee0300000000b52c000022f0022b8e
1192,stress100,J4,4,398,3.9733329359999998,3.9733916059999999,3.9747534340000001,1.361828,1,0,1,1,1,1,4,1,0,35,0,0.7934533953666687,0,0,1,0,1,fdee04000000002a10000023d00258a9
1193,stress100,J5,5,398,3.9766662689999999,3.9768163040000002,3.9777056659999999,0.88936199999999999,1,0,1,1,1,1,5,1,0,35,0,4.8838229179382324,-0.39269998669624329,0,1,0,1,fdee050000f0ff7e63000023d002f820
1194,stress100,J3,3,399,3.9799996019999999,3.9800918369999998,3.9807541390000001,0.66230199999999995,1,0,1,1,1,1,3,1,0,34,0,2.1945564746856689,-0.049087498337030411,0,1,0,1,fdee030000feffb52c000022f8020e43
1195,stress100,J4,4,399,3.983332935,3.9834838779999999,3.9847699689999998,1.2860910000000001,1,0,1,1,1,1,4,1,0,35,0,0.7934533953666687,0,0,1,0,1,fdee04000000002a10000023d00258a9
1196,stress100,J5,5,399,3.986666268,3.9868193870000002,3.98770552,0.88613299999999995,1,0,1,1,1,1,5,1,0,35,0,4.8842062950134277,0.17180624604225159,0,1,0,1,fdee05000007008063000023d0025a00
1197,stress100,J3,3,400,3.9899996010000001,3.9900897899999999,3.9907629560000002,0.67316600000000004,1,0,1,1,1,1,3,1,0,34,0,2.1947481632232666,0.29452499747276306,0,1,0,1,fdee0300000c00b62c000022f802aaa8
1198,stress100,J4,4,400,3.9933329340000001,3.9934242690000001,3.9947714259999998,1.3471569999999999,1,0,1,1,1,1,4,1,0,35,0,0.79326164722442627,-0.36815625429153442,0,1,0,1,fdee040000f1ff2910000023d002fb94
1199,stress100,J5,5,400,3.9966662670000002,3.9967617940000002,3.9977096780000001,0.94788399999999995,1,0,1,1,1,1,5,1,0,35,0,4.8840146064758301,-0.049087498337030411,0,1,0,1,fdee050000feff7f63000023d002f864
1200,stress100,J3,3,401,3.9999996000000002,4.0000991929999996,4.0007712670000002,0.67207399999999995,1,0,1,1,1,1,3,1,0,34,0,2.1945564746856689,-0.098174996674060822,0,1,0,1,fdee030000fcffb52c000022f802f4d8
1201,stress100,J4,4,401,4.0033329330000003,4.0034784769999998,4.0047717059999997,1.293229,1,0,1,1,1,1,4,1,0,35,0,0.7934533953666687,0,0,1,0,1,fdee04000000002a10000023d00258a9
1202,stress100,J5,5,401,4.0066662659999999,4.00677152,4.0077833610000004,1.011841,1,0,1,1,1,1,5,1,0,35,0,4.8842062950134277,0.22089375555515289,0,1,0,1,fdee05000009008063000023d0028fdb
1203,stress100,J3,3,402,4.0099995990000004,4.0101799529999997,4.0106701469999999,0.49019400000000002,1,0,1,1,1,1,3,1,0,34,0,2.1945564746856689,-0.049087498337030411,0,1,0,1,fdee030000feffb52c000022f002ce8d
1204,stress100,J4,4,402,4.013332932,4.0134947829999996,4.014754688,1.2599050000000001,1,0,1,1,1,1,4,1,0,35,0,0.79326164722442627,-0.39269998669624329,0,1,0,1,fdee040000f0ff2910000023d00206d9
1205,stress100,J5,5,402,4.0166662649999996,4.016815834,4.0177630200000003,0.94718599999999997,1,0,1,1,1,1,5,1,0,35,0,4.8842062950134277,0.29452499747276306,0,1,0,1,fdee0500000c008063000023d00297a9
1206,stress100,J3,3,403,4.0199995980000001,4.0201728729999999,4.0207545089999996,0.58163600000000004,1,0,1,1,1,1,3,1,0,34,0,2.1945564746856689,0,0,1,0,1,fdee0300000000b52c000022f0022b8e
1207,stress100,J4,4,403,4.0233329309999997,4.0234227100000002,4.0247100680000001,1.287358,1,0,1,1,1,1,4,1,0,35,0,0.7934533953666687,-0.049087498337030411,0,1,0,1,fdee040000feff2a10000023d002bdaa
1208,stress100,J5,5,403,4.0266662640000002,4.0267771989999996,4.0277657739999997,0.98857499999999998,1,0,1,1,1,1,5,1,0,35,0,4.8840146064758301,-0.098174996674060822,0,1,0,1,fdee050000fcff7f63000023d00202ff
1209,stress100,J3,3,404,4.0299995969999998,4.0301625789999997,4.0307658719999999,0.60329299999999997,1,0,1,1,1,1,3,1,0,34,0,2.1943645477294922,-0.34361249208450317,0,1,0,1,fdee030000f2ffb42c000022f802f49c
1210,stress100,J4,4,404,4.0333329300000003,4.0334226109999998,4.0346916559999997,1.269045,1,0,1,1,1,1,4,1,0,35,0,0.79364514350891113,0.34361249208450317,0,1,0,1,fdee0400000e002b10000023d00258ed
1211,stress100,J5,5,404,4.0366662629999999,4.0367640649999998,4.0377593420000002,0.99527699999999997,1,0,1,1,1,1,5,1,0,35,0,4.8840146064758301,-0.24543750286102295,0,1,0,1,fdee050000f6ff7f63000023d002321b
1212,stress100,J3,3,405,4.0399995960000004,4.0400353740000003,4.0408199390000004,0.78456499999999996,1,0,1,1,1,1,3,1,0,34,0,2.1943645477294922,-0.39269998669624329,0,1,0,1,fdee030000f0ffb42c000022f8020e07
1213,stress100,J4,4,405,4.043332929,4.0434231870000001,4.0448125179999996,1.3893310000000001,1,0,1,1,1,1,4,1,0,35,0,0.79326164722442627,-0.29452499747276306,0,1,0,1,fdee040000f4ff2910000023d002e3e6
1214,stress100,J5,5,405,4.0466662619999996,4.0468100549999999,4.047757496,0.94744099999999998,1,0,1,1,1,1,5,1,0,35,0,4.8842062950134277,0.12271875143051147,0,1,0,1,fdee05000005008063000023d002a09b
1215,stress100,J3,3,406,4.0499995950000001,4.0501592259999999,4.0508300699999999,0.670844,1,0,1,1,1,1,3,1,0,34,0,2.1945564746856689,0,0,1,0,1,fdee0300000000b52c000022f802eb40
1216,stress100,J4,4,406,4.0533329279999997,4.053423488,4.0537673740000004,0.34388600000000002,1,0,1,1,1,1,4,1,0,35,0,0.79326164722442627,-0.36815625429153442,0,1,0,1,fdee040000f1ff2910000023d002fb94
1217,stress100,J5,5,406,4.0566662610000002,4.0567542259999998,4.0578192189999998,1.0649930000000001,1,0,1,1,1,1,5,1,0,35,0,4.8840146064758301,0.19634999334812164,0,1,0,1,fdee05000008007f63000023d002d718
1218,stress100,J3,3,407,4.0599995939999998,4.0601015479999996,4.0607558199999998,0.65427199999999996,1,0,1,1,1,1,3,1,0,34,0,2.1943645477294922,-0.39269998669624329,0,1,0,1,fdee030000f0ffb42c000022f8020e07
1219,stress100,J4,4,407,4.0633329270000003,4.0634772190000001,4.0648156709999999,1.338452,1,0,1,1,1,1,4,1,0,35,0,0.7934533953666687,0,0,1,0,1,fdee04000000002a10000023d00258a9
1220,stress100,J5,5,407,4.0666662599999999,4.0668235409999998,4.0678477099999997,1.0241690000000001,1,0,1,1,1,1,5,1,0,35,0,4.8842062950134277,0.31906875967979431,0,1,0,1,fdee0500000d008063000023d0026ae4
1221,stress100,J3,3,408,4.0699995930000004,4.0701530410000002,4.0707597760000001,0.60673500000000002,1,0,1,1,1,1,3,1,0,34,0,2.1945564746856689,-0.024543749168515205,0,1,0,1,fdee030000ffffb52c000022f802f30e
1222,stress100,J4,4,408,4.073332926,4.0734223869999999,4.0748007350000002,1.3783479999999999,1,0,1,1,1,1,4,1,0,35,0,0.7934533953666687,-0.024543749168515205,0,1,0,1,fdee040000ffff2a10000023d00240e7
1223,stress100,J5,5,408,4.0766662589999996,4.0768255450000002,4.077831926,1.006381,1,0,1,1,1,1,5,1,0,35,0,4.8840146064758301,-0.14726249873638153,0,1,0,1,fdee050000faff7f63000023d0021d5b
1224,stress100,J3,3,409,4.0799995920000001,4.0801686349999997,4.0808104509999996,0.64181600000000005,1,0,1,1,1,1,3,1,0,34,0,2.1945564746856689,-0.12271875143051147,0,1,0,1,fdee030000fbffb52c000022f8021631
1225,stress100,J4,4,409,4.0833329249999997,4.0834841329999998,4.0847995189999997,1.3153859999999999,1,0,1,1,1,1,4,1,0,35,0,0.7934533953666687,0.024543749168515205,0,1,0,1,fdee04000001002a10000023d002a5e4
1226,stress100,J5,5,409,4.0866662580000002,4.0868142540000001,4.0878087259999996,0.99447200000000002,1,0,1,1,1,1,5,1,0,35,0,4.8842062950134277,0.12271875143051147,0,1,0,1,fdee05000005008063000023d002a09b
1227,stress100,J3,3,410,4.0899995909999998,4.0901720030000002,4.0908140399999997,0.64203699999999997,1,0,1,1,1,1,3,1,0,34,0,2.1945564746856689,0,0,1,0,1,fdee0300000000b52c000022f0022b8e
1228,stress100,J4,4,410,4.0933329240000003,4.0934286249999996,4.0947547450000004,1.32612,1,0,1,1,1,1,4,1,0,35,0,0.7934533953666687,0.024543749168515205,0,1,0,1,fdee04000001002a10000023d002a5e4
1229,stress100,J5,5,410,4.0966662569999999,4.0967586130000004,4.097788897,1.030284,1,0,1,1,1,1,5,1,0,35,0,4.8840146064758301,-0.24543750286102295,0,1,0,1,fdee050000f6ff7f63000023d002321b
1230,stress100,J3,3,411,4.0999995900000004,4.1001033170000003,4.1008294879999996,0.72617100000000001,1,0,1,1,1,1,3,1,0,34,0,2.1945564746856689,-0.049087498337030411,0,1,0,1,fdee030000feffb52c000022f8020e43
1231,stress100,J4,4,411,4.103332923,4.103523751,4.1048473989999996,1.3236479999999999,1,0,1,1,1,1,4,1,0,35,0,0.7934533953666687,0,0,1,0,1,fdee04000000002a10000023d00258a9
1232,stress100,J5,5,411,4.1066662559999996,4.1068327379999996,4.1078662250000004,1.033487,1,0,1,1,1,1,5,1,0,35,0,4.8842062950134277,0.22089375555515289,0,1,0,1,fdee05000009008063000023d0028fdb
1233,stress100,J3,3,412,4.1099995890000001,4.1102035929999996,4.1108437059999998,0.64011300000000004,1,0,1,1,1,1,3,1,0,34,0,2.1945564746856689,-0.17180624604225159,0,1,0,1,fdee030000f9ffb52c000022f802ecaa
1234,stress100,J4,4,412,4.1133329219999997,4.1134941789999999,4.1148281219999996,1.3339430000000001,1,0,1,1,1,1,4,1,0,35,0,0.79326164722442627,-0.39269998669624329,0,1,0,1,fdee040000f0ff2910000023d00206d9
1235,stress100,J5,5,412,4.1166662550000002,4.1167598879999998,4.1178582930000003,1.0984050000000001,1,0,1,1,1,1,5,1,0,35,0,4.8840146064758301,-0.24543750286102295,0,1,0,1,fdee050000f6ff7f63000023d002321b
1236,stress100,J3,3,413,4.1199995879999998,4.1201673789999997,4.1208820160000004,0.71463699999999997,1,0,1,1,1,1,3,1,0,34,0,2.1945564746856689,0,0,1,0,1,fdee0300000000b52c000022f802eb40
1237,stress100,J4,4,413,4.1233329210000003,4.1235055340000004,4.1247599309999998,1.254397,1,0,1,1,1,1,4,1,0,35,0,0.79326164722442627,-0.36815625429153442,0,1,0,1,fdee040000f1ff2910000023d002fb94
1238,stress100,J5,5,413,4.1266662539999999,4.1268356339999999,4.1278628140000002,1.02718,1,0,1,1,1,1,5,1,0,35,0,4.8840146064758301,-0.098174996674060822,0,1,0,1,fdee050000fcff7f63000023d00202ff
1239,stress100,J3,3,414,4.1299995870000004,4.1302047630000001,4.1308317450000001,0.62698200000000004,1,0,1,1,1,1,3,1,0,34,0,2.1947481632232666,0.29452499747276306,0,1,0,1,fdee0300000c00b62c000022f0026a66
1240,stress100,J4,4,414,4.13333292,4.1334972959999998,4.134875257,1.377961,1,0,1,1,1,1,4,1,0,35,0,0.7934533953666687,0,0,1,0,1,fdee04000000002a10000023d00258a9
1241,stress100,J5,5,414,4.1366662529999996,4.136831044,4.137859003,1.0279590000000001,1,0,1,1,1,1,5,1,0,35,0,4.8840146064758301,-0.098174996674060822,0,1,0,1,fdee050000fcff7f63000023d00202ff
1242,stress100,J3,3,415,4.1399995860000001,4.1401867929999998,4.140830684,0.64389099999999999,1,0,1,1,1,1,3,1,0,34,0,2.1945564746856689,-0.073631249368190765,0,1,0,1,fdee030000fdffb52c000022f002c95b
1243,stress100,J4,4,415,4.1433329189999997,4.1434971550000004,4.1448623150000001,1.3651599999999999,1,0,1,1,1,1,4,1,0,35,0,0.7934533953666687,0,0,1,0,1,fdee04000000002a10000023d00258a9
1244,stress100,J5,5,415,4.1466662520000002,4.146835619,4.1478270249999998,0.99140600000000001,1,0,1,1,1,1,5,1,0,35,0,4.8840146064758301,-0.24543750286102295,0,1,0,1,fdee050000f6ff7f63000023d002321b
1245,stress100,J3,3,416,4.1499995849999998,4.15007942,4.1506936049999998,0.61418499999999998,1,0,1,1,1,1,3,1,0,34,0,2.1945564746856689,0.12271875143051147,0,1,0,1,fdee0300000500b52c000022f00233fc
1246,stress100,J4,4,416,4.1533329180000003,4.1534825910000004,4.1548219299999998,1.3393390000000001,1,0,1,1,1,1,4,1,0,35,0,0.79326164722442627,-0.36815625429153442,0,1,0,1,fdee040000f1ff2910000023d002fb94
1247,stress100,J5,5,416,4.1566662509999999,4.156754426,4.1577995259999998,1.0450999999999999,1,0,1,1,1,1,5,1,0,35,0,4.8840146064758301,-0.049087498337030411,0,1,0,1,fdee050000feff7f63000023d002f864
1248,stress100,J3,3,417,4.1599995840000004,4.1601924500000003,4.1608130350000003,0.62058500000000005,1,0,1,1,1,1,3,1,0,34,0,2.1947481632232666,0.34361249208450317,0,1,0,1,fdee0300000e00b62c000022f8025033
1249,stress100,J4,4,417,4.163332917,4.1634274400000004,4.1647586319999998,1.3311919999999999,1,0,1,1,1,1,4,1,0,35,0,0.79326164722442627,-0.34361249208450317,0,1,0,1,fdee040000f2ff2910000023d002fc42
1250,stress100,J5,5,417,4.1666662499999996,4.1667598799999999,4.1678631069999996,1.103227,1,0,1,1,1,1,5,1,0,35,0,4.8840146064758301,-0.14726249873638153,0,1,0,1,fdee050000faff7f63000023d0021d5b
1251,stress100,J3,3,418,4.1699995830000001,4.1701891360000003,4.1707989579999998,0.60982199999999998,1,0,1,1,1,1,3,1,0,34,0,2.1945564746856689,-0.073631249368190765,0,1,0,1,fdee030000fdffb52c000022f002c95b
1252,stress100,J4,4,418,4.1733329159999997,4.1734223420000003,4.1747675759999998,1.345234,1,0,1,1,1,1,4,1,0,35,0,0.79306989908218384,-0.7117687463760376,0,1,0,1,fdee040000e3ff2810000023d002406f
1253,stress100,J5,5,418,4.1766662490000002,4.1767261219999998,4.1777981210000004,1.0719989999999999,1,0,1,1,1,1,5,1,0,35,0,4.8840146064758301,-0.12271875143051147,0,1,0,1,fdee050000fbff7f63000023d002e016
1254,stress100,J3,3,419,4.1799995819999998,4.1800385870000003,4.1807541510000004,0.71556399999999998,1,0,1,1,1,1,3,1,0,34,0,2.1945564746856689,0.22089375555515289,0,1,0,1,fdee0300000900b52c000022f802dc72
1255,stress100,J4,4,419,4.1833329150000003,4.183396342,4.1848868680000004,1.490526,1,0,1,1,1,1,4,1,0,35,0,0.79326164722442627,-0.34361249208450317,0,1,0,1,fdee040000f2ff2910000023d002fc42
1256,stress100,J5,5,419,4.1866662479999999,4.186729497,4.1877888470000002,1.05935,1,0,1,1,1,1,5,1,0,35,0,4.8840146064758301,-0.19634999334812164,0,1,0,1,fdee050000f8ff7f63000023d002e7c0
1257,stress100,J3,3,420,4.1899995810000004,4.1900840199999996,4.19078281,0.69879000000000002,1,0,1,1,1,1,3,1,0,34,0,2.1943645477294922,-0.12271875143051147,0,1,0,1,fdee030000fbffb42c000022f802c3ae
1258,stress100,J4,4,420,4.193332914,4.1933949679999998,4.1947833770000003,1.388409,1,0,1,1,1,1,4,1,0,35,0,0.79326164722442627,-0.41724374890327454,0,1,0,1,fdee040000efff2910000023d002bab0
1259,stress100,J5,5,420,4.1966662469999996,4.1967452490000001,4.197757781,1.012532,1,0,1,1,1,1,5,1,0,35,0,4.8840146064758301,-0.073631249368190765,0,1,0,1,fdee050000fdff7f63000023d002ffb2
1260,stress100,J3,3,421,4.1999995800000001,4.2000830740000001,4.2007738049999999,0.69073099999999998,1,0,1,1,1,1,3,1,0,34,0,2.1943645477294922,-0.049087498337030411,0,1,0,1,fdee030000feffb42c000022f802dbdc
1261,stress100,J4,4,421,4.2033329129999997,4.2033895880000003,4.2048074639999999,1.4178759999999999,1,0,1,1,1,1,4,1,0,35,0,0.79306989908218384,-0.7117687463760376,0,1,0,1,fdee040000e3ff2810000023d002406f
1262,stress100,J5,5,421,4.2066662460000002,4.206763413,4.2078030030000004,1.03959,1,0,1,1,1,1,5,1,0,35,0,4.8840146064758301,-0.17180624604225159,0,1,0,1,fdee050000f9ff7f63000023d0021a8d
1263,stress100,J3,3,422,4.2099995789999998,4.2100567030000002,4.2108841650000004,0.82746200000000003,1,0,1,1,1,1,3,1,0,34,0,2.1945564746856689,-0.049087498337030411,0,1,0,1,fdee030000feffb52c00002200034fe0
1264,stress100,J4,4,422,4.2133329120000003,4.2134589589999996,4.2148526820000001,1.393723,1,0,1,1,1,1,4,1,0,35,0,0.7934533953666687,0.049087498337030411,0,1,0,1,fdee04000002002a10000023d002a232
1265,stress100,J5,5,422,4.2166662449999999,4.2167592569999996,4.2178041249999998,1.0448679999999999,1,0,1,1,1,1,5,1,0,35,0,4.8840146064758301,-0.073631249368190765,0,1,0,1,fdee050000fdff7f63000023d002ffb2
1266,stress100,J3,3,423,4.2199995780000004,4.2200942890000004,4.220858701,0.76441199999999998,1,0,1,1,1,1,3,1,0,34,0,2.1945564746856689,-0.024543749168515205,0,1,0,1,fdee030000ffffb52c000022f802f30e
1267,stress100,J4,4,423,4.223332911,4.223390577,4.2247409300000003,1.3503529999999999,1,0,1,1,1,1,4,1,0,35,0,0.79326164722442627,-0.39269998669624329,0,1,0,1,fdee040000f0ff2910000023d00206d9
1268,stress100,J5,5,423,4.2266662439999996,4.2267576399999998,4.2277972070000001,1.0395669999999999,1,0,1,1,1,1,5,1,0,35,0,4.8840146064758301,-0.19634999334812164,0,1,0,1,fdee050000f8ff7f63000023d002e7c0
1269,stress100,J3,3,424,4.2299995770000001,4.2301032889999997,4.2308465699999998,0.74328099999999997,1,0,1,1,1,1,3,1,0,34,0,2.1947481632232666,0.29452499747276306,0,1,0,1,fdee0300000c00b62c000022f802aaa8
1270,stress100,J4,4,424,4.2333329099999997,4.2335169949999996,4.2348620820000002,1.3450869999999999,1,0,1,1,1,1,4,1,0,35,0,0.7934533953666687,-0.024543749168515205,0,1,0,1,fdee040000ffff2a10000023d00240e7
1271,stress100,J5,5,424,4.2366662430000002,4.2367596919999997,4.2377876969999999,1.0280050000000001,1,0,1,1,1,1,5,1,0,35,0,4.8842062950134277,0.19634999334812164,0,1,0,1,fdee05000008008063000023d0027296
1272,stress100,J3,3,425,4.2399995759999998,4.2400941650000004,4.2408179859999997,0.72382100000000005,1,0,1,1,1,1,3,1,0,34,0,2.1945564746856689,0.44178751111030579,0,1,0,1,fdee0300001200b52c000022f8028524
1273,stress100,J4,4,425,4.2433329090000003,4.24342372,4.2448676560000003,1.4439360000000001,1,0,1,1,1,1,4,1,0,35,0,0.79364514350891113,0.34361249208450317,0,1,0,1,fdee0400000e002b10000023d00258ed
1274,stress100,J5,5,425,4.2466662419999999,4.2468285010000004,4.2478342400000004,1.0057389999999999,1,0,1,1,1,1,5,1,0,35,0,4.8842062950134277,0.14726249873638153,0,1,0,1,fdee05000006008063000023d002a74d
1275,stress100,J3,3,426,4.2499995750000004,4.2501431670000001,4.2508310570000001,0.68789,1,0,1,1,1,1,3,1,0,34,0,2.1941728591918945,-0.53996247053146362,0,1,0,1,fdee030000eaffb32c000022f802b2db
1276,stress100,J4,4,426,4.253332908,4.2534525099999998,4.2548640170000001,1.4115070000000001,1,0,1,1,1,1,4,1,0,35,0,0.7934533953666687,0,0,1,0,1,fdee04000000002a10000023d00258a9
1277,stress100,J5,5,426,4.2566662409999996,4.2567563259999996,4.2577980320000002,1.041706,1,0,1,1,1,1,5,1,0,35,0,4.8838229179382324,-0.44178751111030579,0,1,0,1,fdee050000eeff7e63000023d002b904
1278,stress100,J3,3,427,4.2599995740000001,4.2601130889999999,4.2608051280000003,0.69203899999999996,1,0,1,1,1,1,3,1,0,34,0,2.1943645477294922,-0.39269998669624329,0,1,0,1,fdee030000f0ffb42c000022f002cec9
1279,stress100,J4,4,427,4.2633329069999997,4.2634235350000003,4.2648263269999998,1.402792,1,0,1,1,1,1,4,1,0,35,0,0.7934533953666687,0.024543749168515205,0,1,0,1,fdee04000001002a10000023d002a5e4
1280,stress100,J5,5,427,4.2666662400000002,4.2668201110000004,4.2678258209999997,1.0057100000000001,1,0,1,1,1,1,5,1,0,35,0,4.8840146064758301,-0.098174996674060822,0,1,0,1,fdee050000fcff7f63000023d00202ff
1281,stress100,J3,3,428,4.2699995729999998,4.2700992099999997,4.2707991649999997,0.69995499999999999,1,0,1,1,1,1,3,1,0,34,0,2.1947481632232666,0.34361249208450317,0,1,0,1,fdee0300000e00b62c000022f8025033
1282,stress100,J4,4,428,4.2733329060000003,4.2734345109999996,4.2748262319999997,1.391721,1,0,1,1,1,1,4,1,0,35,0,0.7934533953666687,0,0,1,0,1,fdee04000000002a10000023d00258a9
1283,stress100,J5,5,428,4.2766662389999999,4.276816771,4.2778247370000004,1.0079659999999999,1,0,1,1,1,1,5,1,0,35,0,4.8838229179382324,-0.44178751111030579,0,1,0,1,fdee050000eeff7e63000023d002b904
1284,stress100,J3,3,429,4.2799995720000004,4.2801521610000002,4.2807814369999999,0.62927599999999995,1,0,1,1,1,1,3,1,0,34,0,2.1947481632232666,0.31906875967979431,0,1,0,1,fdee0300000d00b62c000022f80257e5
1285,stress100,J4,4,429,4.283332905,4.2834766699999998,4.284851733,1.3750629999999999,1,0,1,1,1,1,4,1,0,35,0,0.7934533953666687,0,0,1,0,1,fdee04000000002a10000023d00258a9
1286,stress100,J5,5,429,4.2866662379999996,4.286818566,4.2878270250000003,1.008459,1,0,1,1,1,1,5,1,0,35,0,4.8840146064758301,-0.12271875143051147,0,1,0,1,fdee050000fbff7f63000023d002e016
1287,stress100,J3,3,430,4.2899995710000001,4.2901473040000004,4.2908530740000002,0.70577000000000001,1,0,1,1,1,1,3,1,0,34,0,2.1943645477294922,-0.41724374890327454,0,1,0,1,fdee030000efffb42c000022f802b26e
1288,stress100,J4,4,430,4.2933329039999997,4.2934785680000003,4.2947792490000003,1.300681,1,0,1,1,1,1,4,1,0,35,0,0.79326164722442627,-0.36815625429153442,0,1,0,1,fdee040000f1ff2910000023d002fb94
1289,stress100,J5,5,430,4.2966662370000002,4.2968312329999998,4.2977292519999999,0.89801900000000001,1,0,1,1,1,1,5,1,0,35,0,4.8840146064758301,-0.24543750286102295,0,1,0,1,fdee050000f6ff7f63000023d002321b
1290,stress100,J3,3,431,4.2999995699999998,4.3001772000000003,4.3006593219999996,0.482122,1,0,1,1,1,1,3,1,0,34,0,2.1945564746856689,-0.024543749168515205,0,1,0,1,fdee030000ffffb52c000022f802f30e
1291,stress100,J4,4,431,4.3033329030000003,4.3034808050000004,4.3047354469999997,1.254642,1,0,1,1,1,1,4,1,0,35,0,0.79326164722442627,-0.36815625429153442,0,1,0,1,fdee040000f1ff2910000023d002fb94
1292,stress100,J5,5,431,4.3066662359999999,4.3067574459999998,4.307678009,0.92056300000000002,1,0,1,1,1,1,5,1,0,35,0,4.8842062950134277,0.22089375555515289,0,1,0,1,fdee05000009008063000023d0028fdb
1293,stress100,J3,3,432,4.3099995690000004,4.3100962450000004,4.3106590359999997,0.56279100000000004,1,0,1,1,1,1,3,1,0,34,0,2.1945564746856689,-0.073631249368190765,0,1,0,1,fdee030000fdffb52c000022f8020995
1294,stress100,J4,4,432,4.313332902,4.3133907359999997,4.314664928,1.274192,1,0,1,1,1,1,4,1,0,35,0,0.79326164722442627,-0.34361249208450317,0,1,0,1,fdee040000f2ff2910000023d002fc42
1295,stress100,J5,5,432,4.3166662349999996,4.316723466,4.3177675820000001,1.044116,1,0,1,1,1,1,5,1,0,35,0,4.8840146064758301,-0.22089375555515289,0,1,0,1,fdee050000f7ff7f63000023d002cf56
1296,stress100,J3,3,433,4.3199995680000001,4.320102039,4.3206299440000002,0.52790499999999996,1,0,1,1,1,1,3,1,0,34,0,2.1945564746856689,-0.14726249873638153,0,1,0,1,fdee030000faffb52c000022f0022bb2
1297,stress100,J4,4,433,4.3233329009999997,4.3233904619999999,4.3246701080000003,1.2796460000000001,1,0,1,1,1,1,4,1,0,35,0,0.7934533953666687,0.024543749168515205,0,1,0,1,fdee04000001002a10000023d002a5e4
1298,stress100,J5,5,433,4.3266662340000002,4.3267580600000004,4.3277496449999999,0.99158500000000005,1,0,1,1,1,1,5,1,0,35,0,4.8840146064758301,-0.17180624604225159,0,1,0,1,fdee050000f9ff7f63000023d0021a8d
1299,stress100,J3,3,434,4.3299995669999998,4.3301190219999999,4.3306836070000001,0.564585,1,0,1,1,1,1,3,1,0,34,0,2.1945564746856689,-0.098174996674060822,0,1,0,1,fdee030000fcffb52c000022f802f4d8
1300,stress100,J4,4,434,4.3333329000000003,4.3334778160000003,4.3347373349999998,1.2595190000000001,1,0,1,1,1,1,4,1,0,35,0,0.7934533953666687,0,0,1,0,1,fdee04000000002a10000023d00258a9
1301,stress100,J5,5,434,4.3366662329999999,4.3368170890000002,4.3377301319999999,0.91304300000000005,1,0,1,1,1,1,5,1,0,35,0,4.8842062950134277,0.29452499747276306,0,1,0,1,fdee0500000c008063000023d00297a9
1302,stress100,J3,3,435,4.3399995660000004,4.3400892539999996,4.3406928489999999,0.60359499999999999,1,0,1,1,1,1,3,1,0,34,0,2.1945564746856689,0,0,1,0,1,fdee0300000000b52c000022f802eb40
1303,stress100,J4,4,435,4.343332899,4.3434236259999999,4.344730223,1.306597,1,0,1,1,1,1,4,1,0,35,0,0.79326164722442627,-0.26998123526573181,0,1,0,1,fdee040000f5ff2910000023d0021eab
1304,stress100,J5,5,435,4.3466662319999996,4.3467964559999999,4.3476764169999997,0.87996099999999999,1,0,1,1,1,1,5,1,0,35,0,4.8843979835510254,0.63813751935958862,0,1,0,1,fdee0500001a008163000023d002c96d
1305,stress100,J3,3,436,4.3499995650000001,4.3501413119999999,4.3506236420000004,0.48232999999999998,1,0,1,1,1,1,3,1,0,34,0,2.1945564746856689,-0.073631249368190765,0,1,0,1,fdee030000fdffb52c000022f8020995
1306,stress100,J4,4,436,4.3533328979999997,4.3534741500000003,4.3547274360000001,1.2532859999999999,1,0,1,1,1,1,4,1,0,35,0,0.79326164722442627,-0.36815625429153442,0,1,0,1,fdee040000f1ff2910000023d002fb94
1307,stress100,J5,5,436,4.3566662310000002,4.3567562390000001,4.3577400600000002,0.98382099999999995,1,0,1,1,1,1,5,1,0,35,0,4.8840146064758301,-0.19634999334812164,0,1,0,1,fdee050000f8ff7f63000023d002e7c0
1308,stress100,J3,3,437,4.3599995639999998,4.3600926439999999,4.3607314859999997,0.63884200000000002,1,0,1,1,1,1,3,1,0,34,0,2.1943645477294922,-0.36815625429153442,0,1,0,1,fdee030000f1ffb42c000022f802f34a
1309,stress100,J4,4,437,4.3633328970000003,4.3635003350000003,4.364720793,1.220458,1,0,1,1,1,1,4,1,0,35,0,0.7934533953666687,-0.024543749168515205,0,1,0,1,fdee040000ffff2a10000023d00240e7
1310,stress100,J5,5,437,4.3666662299999999,4.3667702530000003,4.3677378539999996,0.96760100000000004,1,0,1,1,1,1,5,1,0,35,0,4.8840146064758301,-0.024543749168515205,0,1,0,1,fdee050000ffff7f63000023d0020529
1311,stress100,J3,3,438,4.3699995630000004,4.3700920200000004,4.3706448,0.55278000000000005,1,0,1,1,1,1,3,1,0,34,0,2.1945564746856689,0,0,1,0,1,fdee0300000000b52c000022f802eb40
1312,stress100,J4,4,438,4.373332896,4.3733903439999997,4.3747322449999997,1.341901,1,0,1,1,1,1,4,1,0,35,0,0.7934533953666687,0,0,1,0,1,fdee04000000002a10000023d00258a9
1313,stress100,J5,5,438,4.3766662289999996,4.37681144,4.3777410879999996,0.92964800000000003,1,0,1,1,1,1,5,1,0,35,0,4.8842062950134277,0.17180624604225159,0,1,0,1,fdee05000007008063000023d0025a00
1314,stress100,J3,3,439,4.3799995620000001,4.3800887550000001,4.3806661929999997,0.57743800000000001,1,0,1,1,1,1,3,1,0,34,0,2.1943645477294922,-0.41724374890327454,0,1,0,1,fdee030000efffb42c000022f802b26e
1315,stress100,J4,4,439,4.3833328949999997,4.3834809119999996,4.3847247960000004,1.243884,1,0,1,1,1,1,4,1,0,35,0,0.7934533953666687,-0.049087498337030411,0,1,0,1,fdee040000feff2a10000023d002bdaa
1316,stress100,J5,5,439,4.3866662280000002,4.3868167900000001,4.387728536,0.91174599999999995,1,0,1,1,1,1,5,1,0,35,0,4.8842062950134277,0.26998123526573181,0,1,0,1,fdee0500000b008063000023d0027540
1317,stress100,J3,3,440,4.3899995609999998,4.3901075379999996,4.3907083910000004,0.60085299999999997,1,0,1,1,1,1,3,1,0,34,0,2.1943645477294922,-0.41724374890327454,0,1,0,1,fdee030000efffb42c000022f802b26e
1318,stress100,J4,4,440,4.3933328940000003,4.3934206040000001,4.3947379670000002,1.3173630000000001,1,0,1,1,1,1,4,1,0,35,0,0.7934533953666687,0,0,1,0,1,fdee04000000002a10000023d00258a9
1319,stress100,J5,5,440,4.3966662269999999,4.3967601160000003,4.3976708679999996,0.91075200000000001,1,0,1,1,1,1,5,1,0,35,0,4.8842062950134277,0.24543750286102295,0,1,0,1,fdee0500000a008063000023d002880d
1320,stress100,J3,3,441,4.3999995600000004,4.4001099510000001,4.4006305330000002,0.52058199999999999,1,0,1,1,1,1,3,1,0,34,0,2.1943645477294922,-0.36815625429153442,0,1,0,1,fdee030000f1ffb42c000022f802f34a
1321,stress100,J4,4,441,4.403332893,4.4034248419999997,4.4046902130000003,1.265371,1,0,1,1,1,1,4,1,0,35,0,0.79326164722442627,-0.36815625429153442,0,1,0,1,fdee040000f1ff2910000023d002fb94
1322,stress100,J5,5,441,4.4066662259999996,4.4067255469999997,4.4076937669999996,0.96821999999999997,1,0,1,1,1,1,5,1,0,35,0,4.8840146064758301,-0.14726249873638153,0,1,0,1,fdee050000faff7f63000023d0021d5b
1323,stress100,J3,3,442,4.4099995590000001,4.4100929310000003,4.4106743220000002,0.58139099999999999,1,0,1,1,1,1,3,1,0,34,0,2.1943645477294922,-0.36815625429153442,0,1,0,1,fdee030000f1ffb42c000022f802f34a
1324,stress100,J4,4,442,4.4133328919999997,4.4134268429999999,4.4146966599999997,1.269817,1,0,1,1,1,1,4,1,0,35,0,0.79326164722442627,-0.31906875967979431,0,1,0,1,fdee040000f3ff2910000023d002010f
1325,stress100,J5,5,442,4.4166662250000002,4.4167588709999999,4.4176911189999997,0.93224799999999997,1,0,1,1,1,1,5,1,0,35,0,4.8840146064758301,-0.14726249873638153,0,1,0,1,fdee050000faff7f63000023d0021d5b
1326,stress100,J3,3,443,4.4199995579999998,4.4201023829999997,4.4206817960000002,0.57941299999999996,1,0,1,1,1,1,3,1,0,34,0,2.1943645477294922,-0.36815625429153442,0,1,0,1,fdee030000f1ffb42c000022f802f34a
1327,stress100,J4,4,443,4.4233328910000003,4.4234262360000001,4.4246940639999996,1.267828,1,0,1,1,1,1,4,1,0,35,0,0.7934533953666687,0,0,1,0,1,fdee04000000002a10000023d00258a9
1328,stress100,J5,5,443,4.4266662239999999,4.426761655,4.4277300610000001,0.96840599999999999,1,0,1,1,1,1,5,1,0,35,0,4.8840146064758301,-0.098174996674060822,0,1,0,1,fdee050000fcff7f63000023d00202ff
1329,stress100,J3,3,444,4.4299995570000004,4.4300965530000003,4.4308432499999997,0.74669700000000006,1,0,1,1,1,1,3,1,0,34,0,2.1945564746856689,-0.073631249368190765,0,1,0,1,fdee030000fdffb52c000022f8020995
1330,stress100,J4,4,444,4.43333289,4.4335141509999998,4.4347638529999998,1.2497020000000001,1,0,1,1,1,1,4,1,0,35,0,0.7934533953666687,0,0,1,0,1,fdee04000000002a10000023d00258a9
1331,stress100,J5,5,444,4.4366662229999996,4.4367772189999997,4.4376997359999999,0.92251700000000003,1,0,1,1,1,1,5,1,0,35,0,4.8842062950134277,0.26998123526573181,0,1,0,1,fdee0500000b008063000023d0027540
1332,stress100,J3,3,445,4.4399995560000001,4.4400901780000002,4.4407039529999999,0.61377499999999996,1,0,1,1,1,1,3,1,0,34,0,2.1945564746856689,0,0,1,0,1,fdee0300000000b52c000022f802eb40
1333,stress100,J4,4,445,4.4433328889999997,4.4433920689999997,4.4448157889999997,1.4237200000000001,1,0,1,1,1,1,4,1,0,35,0,0.7934533953666687,-0.024543749168515205,0,1,0,1,fdee040000ffff2a10000023d00240e7
1334,stress100,J5,5,445,4.4466662220000002,4.4467630720000004,4.447735657,0.97258500000000003,1,0,1,1,1,1,5,1,0,35,0,4.8840146064758301,-0.17180624604225159,0,1,0,1,fdee050000f9ff7f63000023d0021a8d
1335,stress100,J3,3,446,4.4499995549999998,4.4501911930000002,4.4506297449999996,0.438552,1,0,1,1,1,1,3,1,0,34,0,2.1945564746856689,-0.049087498337030411,0,1,0,1,fdee030000feffb52c000022f8020e43
1336,stress100,J4,4,446,4.4533328880000003,4.4534237609999998,4.454709212,1.2854509999999999,1,0,1,1,1,1,4,1,0,35,0,0.79326164722442627,-0.31906875967979431,0,1,0,1,fdee040000f3ff2910000023d002010f
1337,stress100,J5,5,446,4.4566662209999999,4.4568246020000002,4.4576939690000001,0.869367,1,0,1,1,1,1,5,1,0,35,0,4.8840146064758301,-0.12271875143051147,0,1,0,1,fdee050000fbff7f63000023d002e016
1338,stress100,J3,3,447,4.4599995540000004,4.4601897250000002,4.4606394060000003,0.449681,1,0,1,1,1,1,3,1,0,34,0,2.1943645477294922,-0.36815625429153442,0,1,0,1,fdee030000f1ffb42c000022f802f34a
1339,stress100,J4,4,447,4.463332887,4.4634798939999998,4.4646993669999997,1.219473,1,0,1,1,1,1,4,1,0,35,0,0.79326164722442627,-0.36815625429153442,0,1,0,1,fdee040000f1ff2910000023d002fb94
1340,stress100,J5,5,447,4.4666662199999996,4.466758574,4.4677340220000001,0.97544799999999998,1,0,1,1,1,1,5,1,0,35,0,4.8838229179382324,-0.44178751111030579,0,1,0,1,fdee050000eeff7e63000023d002b904
1341,stress100,J3,3,448,4.4699995530000001,4.4701550939999999,4.4706613690000001,0.50627500000000003,1,0,1,1,1,1,3,1,0,34,0,2.1945564746856689,0.14726249873638153,0,1,0,1,fdee0300000600b52c000022f002342a
1342,stress100,J4,4,448,4.4733328859999997,4.4734659189999997,4.4747572050000004,1.2912859999999999,1,0,1,1,1,1,4,1,0,35,0,0.7934533953666687,-0.049087498337030411,0,1,0,1,fdee040000feff2a10000023d002bdaa
1343,stress100,J5,5,448,4.4766662190000002,4.4768205449999998,4.4777218919999999,0.90134700000000001,1,0,1,1,1,1,5,1,0,35,0,4.8840146064758301,-0.098174996674060822,0,1,0,1,fdee050000fcff7f63000023d00202ff
1344,stress100,J3,3,449,4.4799995519999998,4.4801652079999998,4.4806386519999997,0.47344399999999998,1,0,1,1,1,1,3,1,0,34,0,2.1943645477294922,-0.17180624604225159,0,1,0,1,fdee030000f9ffb42c000022f8023935
1345,stress100,J4,4,449,4.4833328850000003,4.483424801,4.484731977,1.3071759999999999,1,0,1,1,1,1,4,1,0,35,0,0.7934533953666687,0,0,1,0,1,fdee04000000002a10000023d00258a9
1346,stress100,J5,5,449,4.4866662179999999,4.4868148669999997,4.4877335629999999,0.91869599999999996,1,0,1,1,1,1,5,1,0,35,0,4.8840146064758301,-0.24543750286102295,0,1,0,1,fdee050000f6ff7f63000023d002321b
1347,stress100,J3,3,450,4.4899995510000004,4.490170548,4.4906408320000004,0.47028399999999998,1,0,1,1,1,1,3,1,0,34,0,2.1943645477294922,-0.19634999334812164,0,1,0,1,fdee030000f8ffb42c000022f802c478
1348,stress100,J4,4,450,4.493332884,4.493424106,4.4947661290000003,1.342023,1,0,1,1,1,1,4,1,0,35,0,0.79326164722442627,-0.34361249208450317,0,1,0,1,fdee040000f2ff2910000023d002fc42
1349,stress100,J5,5,450,4.4966662169999996,4.4968172739999996,4.4977220539999996,0.90478000000000003,1,0,1,1,1,1,5,1,0,35,0,4.8842062950134277,0.19634999334812164,0,1,0,1,fdee05000008008063000023d0027296
1350,stress100,J3,3,451,4.4999995500000001,4.5001816059999999,4.5006345169999999,0.45291100000000001,1,0,1,1,1,1,3,1,0,34,0,2.1945564746856689,-0.36815625429153442,0,1,0,1,fdee030000f1ffb52c000022f80226d5
1351,stress100,J4,4,451,4.5033328829999997,4.5034829719999996,4.5047701140000003,1.287142,1,0,1,1,1,1,4,1,0,35,0,0.79326164722442627,-0.34361249208450317,0,1,0,1,fdee040000f2ff2910000023d002fc42
1352,stress100,J5,5,451,4.5066662160000002,4.5068160300000004,4.5077372579999997,0.92122800000000005,1,0,1,1,1,1,5,1,0,35,0,4.8840146064758301,-0.12271875143051147,0,1,0,1,fdee050000fbff7f63000023d002e016
1353,stress100,J3,3,452,4.5099995489999998,4.5101608300000002,4.5107100889999998,0.54925900000000005,1,0,1,1,1,1,3,1,0,34,0,2.1945564746856689,0,0,1,0,1,fdee0300000000b52c000022f802eb40
1354,stress100,J4,4,452,4.5133328820000003,4.513475863,4.5147260500000002,1.2501869999999999,1,0,1,1,1,1,4,1,0,35,0,0.79326164722442627,-0.34361249208450317,0,1,0,1,fdee040000f2ff2910000023d002fc42
1355,stress100,J5,5,452,4.5166662149999999,4.5168211520000003,4.5178027109999999,0.98155899999999996,1,0,1,1,1,1,5,1,0,35,0,4.8840146064758301,-0.17180624604225159,0,1,0,1,fdee050000f9ff7f63000023d0021a8d
1356,stress100,J3,3,453,4.5199995480000004,4.5201585350000002,4.5206376690000001,0.479134,1,0,1,1,1,1,3,1,0,34,0,2.1945564746856689,-0.098174996674060822,0,1,0,1,fdee030000fcffb52c000022f0023416
1357,stress100,J4,4,453,4.523332881,4.5234777260000003,4.5247380789999996,1.2603530000000001,1,0,1,1,1,1,4,1,0,35,0,0.79326164722442627,-0.36815625429153442,0,1,0,1,fdee040000f1ff2910000023d002fb94
1358,stress100,J5,5,453,4.5266662139999996,4.5268294390000001,4.527739468,0.91002899999999998,1,0,1,1,1,1,5,1,0,35,0,4.8838229179382324,-0.46633124351501465,0,1,0,1,fdee050000edff7e63000023d002bed2
1359,stress100,J3,3,454,4.5299995470000001,4.5301732719999999,4.5307116919999997,0.53842000000000001,1,0,1,1,1,1,3,1,0,34,0,2.1945564746856689,-0.19634999334812164,0,1,0,1,fdee030000f8ffb52c000022f002d129
1360,stress100,J4,4,454,4.5333328799999997,4.5334047709999998,4.5346668020000003,1.2620309999999999,1,0,1,1,1,1,4,1,0,35,0,0.7934533953666687,0,0,1,0,1,fdee04000000002a10000023d00258a9
1361,stress100,J5,5,454,4.5366662130000002,4.5367186750000004,4.5377188129999997,1.000138,1,0,1,1,1,1,5,1,0,35,0,4.8840146064758301,-0.098174996674060822,0,1,0,1,fdee050000fcff7f63000023d00202ff
1362,stress100,J3,3,455,4.5399995459999998,4.5400623790000001,4.5407092340000004,0.64685499999999996,1,0,1,1,1,1,3,1,0,34,0,2.1945564746856689,0.24543750286102295,0,1,0,1,fdee0300000a00b52c000022f802dba4
1363,stress100,J4,4,455,4.5433328790000003,4.5434059209999997,4.5446594630000003,1.2535419999999999,1,0,1,1,1,1,4,1,0,35,0,0.7934533953666687,-0.073631249368190765,0,1,0,1,fdee040000fdff2a10000023d002ba7c
1364,stress100,J5,5,455,4.5466662119999999,4.5467195010000001,4.5477264850000001,1.0069840000000001,1,0,1,1,1,1,5,1,0,35,0,4.8840146064758301,-0.19634999334812164,0,1,0,1,fdee050000f8ff7f63000023d002e7c0
1365,stress100,J3,3,456,4.5499995450000004,4.5500795629999997,4.5507163430000004,0.63678000000000001,1,0,1,1,1,1,3,1,0,34,0,2.1943645477294922,-0.17180624604225159,0,1,0,1,fdee030000f9ffb42c000022f8023935
1366,stress100,J4,4,456,4.553332878,4.5534020469999996,4.5546347139999996,1.232667,1,0,1,1,1,1,4,1,0,35,0,0.7934533953666687,0,0,1,0,1,fdee04000000002a10000023d00258a9
1367,stress100,J5,5,456,4.5566662109999996,4.5567189969999999,4.557634975,0.91597799999999996,1,0,1,1,1,1,5,1,0,35,0,4.8840146064758301,-0.17180624604225159,0,1,0,1,fdee050000f9ff7f63000023d0021a8d
1368,stress100,J3,3,457,4.5599995440000001,4.5600479600000003,4.5607196219999997,0.67166199999999998,1,0,1,1,1,1,3,1,0,34,0,2.1943645477294922,-0.34361249208450317,0,1,0,1,fdee030000f2ffb42c000022f0023452
1369,stress100,J4,4,457,4.5633328769999997,4.5634048160000003,4.5646361740000003,1.231358,1,0,1,1,1,1,4,1,0,35,0,0.7934533953666687,0,0,1,0,1,fdee04000000002a10000023d00258a9
1370,stress100,J5,5,457,4.5666662100000002,4.5667193279999996,4.5676655610000001,0.94623299999999999,1,0,1,1,1,1,5,1,0,35,0,4.8840146064758301,-0.12271875143051147,0,1,0,1,fdee050000fbff7f63000023d002e016
1371,stress100,J3,3,458,4.5699995429999998,4.5700449509999999,4.5706323250000001,0.58737399999999995,1,0,1,1,1,1,3,1,0,34,0,2.1945564746856689,-0.073631249368190765,0,1,0,1,fdee030000fdffb52c000022f8020995
1372,stress100,J4,4,458,4.5733328760000003,4.5734015990000003,4.5746418689999997,1.24027,1,0,1,1,1,1,4,1,0,35,0,0.79364514350891113,0.41724374890327454,0,1,0,1,fdee04000011002b10000023d002e484
1373,stress100,J5,5,458,4.5766662089999999,4.5767183740000004,4.5776657680000001,0.94739399999999996,1,0,1,1,1,1,5,1,0,35,0,4.8842062950134277,0.098174996674060822,0,1,0,1,fdee05000004008063000023d0025dd6
1374,stress100,J3,3,459,4.5799995420000004,4.5800503749999999,4.5806081839999999,0.557809,1,0,1,1,1,1,3,1,0,34,0,2.1943645477294922,-0.31906875967979431,0,1,0,1,fdee030000f3ffb42c000022f002c91f
1375,stress100,J4,4,459,4.583332875,4.5834037270000003,4.5847299719999999,1.3262449999999999,1,0,1,1,1,1,4,1,0,35,0,0.7934533953666687,0.12271875143051147,0,1,0,1,fdee04000005002a10000023d00240db
1376,stress100,J5,5,459,4.5866662079999996,4.586718651,4.587680797,0.96214599999999995,1,0,1,1,1,1,5,1,0,35,0,4.8840146064758301,-0.098174996674060822,0,1,0,1,fdee050000fcff7f63000023d00202ff
1377,stress100,J3,3,460,4.5899995410000001,4.5900564910000003,4.5906475660000003,0.59107500000000002,1,0,1,1,1,1,3,1,0,34,0,2.1947481632232666,0.34361249208450317,0,1,0,1,fdee0300000e00b62c000022f00290fd
1378,stress100,J4,4,460,4.5933328739999997,4.5934016260000003,4.5947210260000002,1.3193999999999999,1,0,1,1,1,1,4,1,0,35,0,0.7934533953666687,0.073631249368190765,0,1,0,1,fdee04000003002a10000023d0025f7f
1379,stress100,J5,5,460,4.5966662070000002,4.5967635270000002,4.5977169660000001,0.95343900000000004,1,0,1,1,1,1,5,1,0,35,0,4.8840146064758301,-0.19634999334812164,0,1,0,1,fdee050000f8ff7f63000023d002e7c0
1380,stress100,J3,3,461,4.5999995399999998,4.6001534709999996,4.6005654140000001,0.411943,1,0,1,1,1,1,3,1,0,34,0,2.1943645477294922,-0.073631249368190765,0,1,0,1,fdee030000fdffb42c000022f802dc0a
1381,stress100,J4,4,461,4.6033328730000003,4.6033893800000003,4.6047264300000004,1.3370500000000001,1,0,1,1,1,1,4,1,0,35,0,0.7934533953666687,0.024543749168515205,0,1,0,1,fdee04000001002a10000023d002a5e4
1382,stress100,J5,5,461,4.6066662059999999,4.6068270050000004,4.607721218,0.89421300000000004,1,0,1,1,1,1,5,1,0,35,0,4.8842062950134277,0.29452499747276306,0,1,0,1,fdee0500000c008063000023d00297a9
1383,stress100,J3,3,462,4.6099995390000004,4.6101699229999999,4.6106082879999999,0.438365,1,0,1,1,1,1,3,1,0,34,0,2.1945564746856689,0.31906875967979431,0,1,0,1,fdee0300000d00b52c000022f002f983
1384,stress100,J4,4,462,4.613332872,4.6134092940000002,4.6147250240000002,1.3157300000000001,1,0,1,1,1,1,4,1,0,35,0,0.7934533953666687,-0.049087498337030411,0,1,0,1,fdee040000feff2a10000023d002bdaa
1385,stress100,J5,5,462,4.6166662049999996,4.616759654,4.6177212860000001,0.96163200000000004,1,0,1,1,1,1,5,1,0,35,0,4.8840146064758301,-0.098174996674060822,0,1,0,1,fdee050000fcff7f63000023d00202ff
1386,stress100,J3,3,463,4.6199995380000001,4.6202120889999998,4.6217147069999998,1.502618,1,0,1,1,1,1,3,1,0,34,0,2.1945564746856689,0.073631249368190765,0,1,0,1,fdee0300000300b52c000022f802ec96
1387,stress100,J4,4,463,4.6233328709999997,4.6235004330000002,4.6247275459999999,1.2271129999999999,1,0,1,1,1,1,4,1,0,35,0,0.7934533953666687,-0.073631249368190765,0,1,0,1,fdee040000fdff2a10000023d002ba7c
1388,stress100,J5,5,463,4.6266662040000002,4.6268343859999996,4.6277281019999998,0.89371599999999995,1,0,1,1,1,1,5,1,0,35,0,4.8840146064758301,-0.024543749168515205,0,1,0,1,fdee050000ffff7f63000023d0020529
1389,stress100,J3,3,464,4.6299995369999998,4.6301624620000004,4.6306058639999996,0.44340200000000002,1,0,1,1,1,1,3,1,0,34,0,2.1945564746856689,-0.024543749168515205,0,1,0,1,fdee030000ffffb52c000022f00233c0
1390,stress100,J4,4,464,4.6333328700000003,4.6335866460000004,4.6347744979999996,1.1878519999999999,1,0,1,1,1,1,4,1,0,35,0,0.7934533953666687,-0.14726249873638153,0,1,0,1,fdee040000faff2a10000023d0025895
1391,stress100,J5,5,464,4.6366662029999999,4.6368280300000002,4.6377157349999996,0.88770499999999997,1,0,1,1,1,1,5,1,0,35,0,4.8840146064758301,-0.17180624604225159,0,1,0,1,fdee050000f9ff7f63000023d0021a8d
1392,stress100,J3,3,465,4.6399995360000004,4.640176565,4.6406065759999997,0.43001099999999998,1,0,1,1,1,1,3,1,0,34,0,2.1945564746856689,-0.024543749168515205,0,1,0,1,fdee030000ffffb52c000022f00233c0
1393,stress100,J4,4,465,4.643332869,4.6433902319999998,4.6447699470000003,1.379715,1,0,1,1,1,1,4,1,0,35,0,0.79326164722442627,-0.36815625429153442,0,1,0,1,fdee040000f1ff2910000023d002fb94
1394,stress100,J5,5,465,4.6466662019999996,4.6468352460000002,4.647774343,0.93909699999999996,1,0,1,1,1,1,5,1,0,35,0,4.8842062950134277,0.17180624604225159,0,1,0,1,fdee05000007008063000023d0025a00
1395,stress100,J3,3,466,4.6499995350000001,4.6502981800000001,4.6517578860000004,1.4597059999999999,1,0,1,1,1,1,3,1,0,34,0,2.1943645477294922,-0.39269998669624329,0,1,0,1,fdee030000f0ffb42c000022f002cec9
1396,stress100,J4,4,466,4.6533328679999997,4.6535106229999998,4.6547113429999998,1.20072,1,0,1,1,1,1,4,1,0,35,0,0.79364514350891113,0.36815625429153442,0,1,0,1,fdee0400000f002b10000023d002a5a0
1397,stress100,J5,5,466,4.6566662010000002,4.6568335310000002,4.6577668670000003,0.93333600000000005,1,0,1,1,1,1,5,1,0,35,0,4.8840146064758301,-0.098174996674060822,0,1,0,1,fdee050000fcff7f63000023d00202ff
1398,stress100,J3,3,467,4.6599995339999998,4.6601621809999996,4.6606081819999998,0.44600099999999998,1,0,1,1,1,1,3,1,0,34,0,2.1945564746856689,0.31906875967979431,0,1,0,1,fdee0300000d00b52c000022f802394d
1399,stress100,J4,4,467,4.6633328670000003,4.6635658879999999,4.6647770550000001,1.2111670000000001,1,0,1,1,1,1,4,1,0,35,0,0.7934533953666687,0,0,1,0,1,fdee04000000002a10000023d00258a9
1400,stress100,J5,5,467,4.6666661999999999,4.6667208770000004,4.6677375379999999,1.016661,1,0,1,1,1,1,5,1,0,35,0,4.8840146064758301,-0.19634999334812164,0,1,0,1,fdee050000f8ff7f63000023d002e7c0
1401,stress100,J3,3,468,4.6699995330000004,4.6701637380000003,4.6706130699999999,0.44933200000000001,1,0,1,1,1,1,3,1,0,34,0,2.1945564746856689,-0.049087498337030411,0,1,0,1,fdee030000feffb52c000022f8020e43
1402,stress100,J4,4,468,4.673332866,4.6735454699999996,4.6747790589999996,1.233589,1,0,1,1,1,1,4,1,0,35,0,0.7934533953666687,-0.024543749168515205,0,1,0,1,fdee040000ffff2a10000023d00240e7
1403,stress100,J5,5,468,4.6766661989999996,4.6768323799999996,4.6777687390000002,0.93635900000000005,1,0,1,1,1,1,5,1,0,35,0,4.8840146064758301,-0.24543750286102295,0,1,0,1,fdee050000f6ff7f63000023d002321b
1404,stress100,J3,3,469,4.6799995320000001,4.6802455580000002,4.6817684750000002,1.5229170000000001,1,0,1,1,1,1,3,1,0,34,0,2.1945564746856689,0,0,1,0,1,fdee0300000000b52c000022f802eb40
1405,stress100,J4,4,469,4.6833328649999997,4.6835548549999997,4.6847202919999997,1.1654370000000001,1,0,1,1,1,1,4,1,0,35,0,0.79326164722442627,-0.39269998669624329,0,1,0,1,fdee040000f0ff2910000023d00206d9
1406,stress100,J5,5,469,4.6866661980000002,4.686834127,4.6877687840000002,0.93465699999999996,1,0,1,1,1,1,5,1,0,35,0,4.8840146064758301,-0.12271875143051147,0,1,0,1,fdee050000fbff7f63000023d002e016
1407,stress100,J3,3,470,4.6899995309999998,4.6902032660000001,4.6917343359999997,1.5310699999999999,1,0,1,1,1,1,3,1,0,34,0,2.1943645477294922,-0.41724374890327454,0,1,0,1,fdee030000efffb42c000022f802b26e
1408,stress100,J4,4,470,4.6933328640000003,4.693535346,4.694773992,1.2386459999999999,1,0,1,1,1,1,4,1,0,35,0,0.7934533953666687,-0.073631249368190765,0,1,0,1,fdee040000fdff2a10000023d002ba7c
1409,stress100,J5,5,470,4.6966661969999999,4.6968265220000003,4.6977668870000002,0.94036500000000001,1,0,1,1,1,1,5,1,0,35,0,4.8840146064758301,-0.049087498337030411,0,1,0,1,fdee050000feff7f63000023d002f864
1410,stress100,J3,3,471,4.6999995300000004,4.7002676169999997,4.7017715070000001,1.5038899999999999,1,0,1,1,1,1,3,1,0,34,0,2.1943645477294922,-0.34361249208450317,0,1,0,1,fdee030000f2ffb42c000022f0023452
1411,stress100,J4,4,471,4.703332863,4.7035330640000002,4.7047292230000002,1.196159,1,0,1,1,1,1,4,1,0,35,0,0.7934533953666687,-0.36815625429153442,0,1,0,1,fdee040000f1ff2a10000023d002953c
1412,stress100,J5,5,471,4.7066661959999996,4.7068331719999996,4.7077656399999999,0.93246799999999996,1,0,1,1,1,1,5,1,0,35,0,4.8842062950134277,0.26998123526573181,0,1,0,1,fdee0500000b008063000023d0027540
1413,stress100,J3,3,472,4.7099995290000001,4.7102092899999999,4.7117402860000004,1.530996,1,0,1,1,1,1,3,1,0,34,0,2.1943645477294922,-0.39269998669624329,0,1,0,1,fdee030000f0ffb42c000022f8020e07
1414,stress100,J4,4,472,4.7133328619999997,4.7135274479999998,4.7147740359999997,1.246588,1,0,1,1,1,1,4,1,0,35,0,0.7934533953666687,-0.073631249368190765,0,1,0,1,fdee040000fdff2a10000023d002ba7c
1415,stress100,J5,5,472,4.7166661950000002,4.7168267269999999,4.7178144550000001,0.98772800000000005,1,0,1,1,1,1,5,1,0,35,0,4.8838229179382324,-0.51541876792907715,0,1,0,1,fdee050000ebff7e63000023d002a176
1416,stress100,J3,3,473,4.7199995279999998,4.7202014239999999,4.7217685920000001,1.5671679999999999,1,0,1,1,1,1,3,1,0,34,0,2.1943645477294922,-0.26998123526573181,0,1,0,1,fdee030000f5ffb42c000022f002d6bb
1417,stress100,J4,4,473,4.7233328610000003,4.7235005479999996,4.7247683570000003,1.267809,1,0,1,1,1,1,4,1,0,35,0,0.7934533953666687,0,0,1,0,1,fdee04000000002a10000023d00258a9
1418,stress100,J5,5,473,4.7266661939999999,4.7268322510000003,4.7277684400000002,0.93618900000000005,1,0,1,1,1,1,5,1,0,35,0,4.8840146064758301,-0.22089375555515289,0,1,0,1,fdee050000f7ff7f63000023d002cf56
1419,stress100,J3,3,474,4.7299995270000004,4.730161002,4.7306057370000003,0.44473499999999999,1,0,1,1,1,1,3,1,0,34,0,2.1947481632232666,0.31906875967979431,0,1,0,1,fdee0300000d00b62c000022f80257e5
1420,stress100,J4,4,474,4.73333286,4.7335764899999999,4.734721832,1.1453420000000001,1,0,1,1,1,1,4,1,0,35,0,0.79364514350891113,-0.36815625429153442,0,1,0,1,fdee040000f1ff2b10000023d00240a3
1421,stress100,J5,5,474,4.7366661929999996,4.7368358639999997,4.7377207739999996,0.88490999999999997,1,0,1,1,1,1,5,1,0,35,0,4.8840146064758301,-0.098174996674060822,0,1,0,1,fdee050000fcff7f63000023d00202ff
1422,stress100,J3,3,475,4.7399995260000001,4.7402008269999998,4.7417693740000004,1.5685469999999999,1,0,1,1,1,1,3,1,0,34,0,2.1945564746856689,-0.049087498337030411,0,1,0,1,fdee030000feffb52c000022f8020e43
1423,stress100,J4,4,475,4.7433328589999997,4.7435307419999999,4.7447700880000001,1.2393460000000001,1,0,1,1,1,1,4,1,0,35,0,0.7934533953666687,0,0,1,0,1,fdee04000000002a10000023d00258a9
1424,stress100,J5,5,475,4.7466661920000002,4.7468318150000002,4.7477619850000004,0.93017000000000005,1,0,1,1,1,1,5,1,0,35,0,4.8840146064758301,-0.14726249873638153,0,1,0,1,fdee050000faff7f63000023d0021d5b
1425,stress100,J3,3,476,4.7499995249999998,4.7502052289999996,4.7517687210000004,1.5634920000000001,1,0,1,1,1,1,3,1,0,34,0,2.1945564746856689,-0.049087498337030411,0,1,0,1,fdee030000feffb52c000022f002ce8d
1426,stress100,J4,4,476,4.7533328580000003,4.7535315130000004,4.7547661400000001,1.2346269999999999,1,0,1,1,1,1,4,1,0,35,0,0.7934533953666687,0,0,1,0,1,fdee04000000002a10000023d00258a9
1427,stress100,J5,5,476,4.7566661909999999,4.7568406980000004,4.7577702779999997,0.92957999999999996,1,0,1,1,1,1,5,1,0,35,0,4.8842062950134277,0.17180624604225159,0,1,0,1,fdee05000007008063000023d0025a00
1428,stress100,J3,3,477,4.7599995240000004,4.7601773209999996,4.7606066020000002,0.42928100000000002,1,0,1,1,1,1,3,1,0,34,0,2.1945564746856689,0,0,1,0,1,fdee0300000000b52c000022f0022b8e
1429,stress100,J4,4,477,4.763332857,4.7635021860000002,4.7647686680000003,1.2664820000000001,1,0,1,1,1,1,4,1,0,35,0,0.7934533953666687,0,0,1,0,1,fdee04000000002a10000023d00258a9
1430,stress100,J5,5,477,4.7666661899999996,4.7667597109999997,4.7677683289999999,1.008618,1,0,1,1,1,1,5,1,0,35,0,4.8840146064758301,-0.098174996674060822,0,1,0,1,fdee050000fcff7f63000023d00202ff
1431,stress100,J3,3,478,4.7699995230000001,4.770206569,4.7706037759999997,0.39720699999999998,1,0,1,1,1,1,3,1,0,34,0,2.1943645477294922,-0.41724374890327454,0,1,0,1,fdee030000efffb42c000022f802b26e
1432,stress100,J4,4,478,4.7733328559999997,4.7736032359999996,4.7747685830000002,1.1653469999999999,1,0,1,1,1,1,4,1,0,35,0,0.7934533953666687,-0.098174996674060822,0,1,0,1,fdee040000fcff2a10000023d0024731
1433,stress100,J5,5,478,4.7766661890000002,4.7768281530000003,4.7777746929999996,0.94654000000000005,1,0,1,1,1,1,5,1,0,35,0,4.8840146064758301,-0.049087498337030411,0,1,0,1,fdee050000feff7f63000023d002f864
1434,stress100,J3,3,479,4.7799995219999998,4.780199037,4.780608322,0.40928500000000001,1,0,1,1,1,1,3,1,0,34,0,2.1945564746856689,-0.049087498337030411,0,1,0,1,fdee030000feffb52c000022f8020e43
1435,stress100,J4,4,479,4.7833328550000003,4.7835984299999996,4.7847748650000002,1.1764349999999999,1,0,1,1,1,1,4,1,0,35,0,0.7934533953666687,-0.024543749168515205,0,1,0,1,fdee040000ffff2a10000023d00240e7
1436,stress100,J5,5,479,4.7866661879999999,4.7868343390000003,4.787774024,0.93968499999999999,1,0,1,1,1,1,5,1,0,35,0,4.8842062950134277,0.17180624604225159,0,1,0,1,fdee05000007008063000023d0025a00
1437,stress100,J3,3,480,4.7899995210000004,4.7902061749999998,4.7917882000000001,1.582025,1,0,1,1,1,1,3,1,0,34,0,2.1945564746856689,-0.024543749168515205,0,1,0,1,fdee030000ffffb52c000022f802f30e
1438,stress100,J4,4,480,4.793332854,4.7935324479999997,4.7947697490000003,1.237301,1,0,1,1,1,1,4,1,0,35,0,0.7934533953666687,-0.36815625429153442,0,1,0,1,fdee040000f1ff2a10000023d002953c
1439,stress100,J5,5,480,4.7966661869999996,4.7968244789999996,4.7977667799999999,0.94230100000000006,1,0,1,1,1,1,5,1,0,35,0,4.8842062950134277,0.29452499747276306,0,1,0,1,fdee0500000c008063000023d00297a9
1440,stress100,J3,3,481,4.7999995200000001,4.8002102610000001,4.8006057630000001,0.39550200000000002,1,0,1,1,1,1,3,1,0,34,0,2.1945564746856689,-0.098174996674060822,0,1,0,1,fdee030000fcffb52c000022f0023416
1441,stress100,J4,4,481,4.8033328529999997,4.8033966469999996,4.8047806309999999,1.3839840000000001,1,0,1,1,1,1,4,1,0,35,0,0.79326164722442627,-0.36815625429153442,0,1,0,1,fdee040000f1ff2910000023d002fb94
1442,stress100,J5,5,481,4.8066661860000002,4.8067581580000001,4.8077614740000003,1.0033160000000001,1,0,1,1,1,1,5,1,0,35,0,4.8840146064758301,-0.19634999334812164,0,1,0,1,fdee050000f8ff7f63000023d002e7c0
1443,stress100,J3,3,482,4.8099995189999998,4.8100346270000003,4.8105666640000004,0.53203699999999998,1,0,1,1,1,1,3,1,0,34,0,2.1945564746856689,0,0,1,0,1,fdee0300000000b52c000022f802eb40
1444,stress100,J4,4,482,4.8133328520000003,4.8134236909999997,4.8147743309999997,1.3506400000000001,1,0,1,1,1,1,4,1,0,35,0,0.7934533953666687,-0.049087498337030411,0,1,0,1,fdee040000feff2a10000023d002bdaa
1445,stress100,J5,5,482,4.8166661849999999,4.8168270690000003,4.8177548899999998,0.92782100000000001,1,0,1,1,1,1,5,1,0,35,0,4.8840146064758301,-0.049087498337030411,0,1,0,1,fdee050000feff7f63000023d002f864
1446,stress100,J3,3,483,4.8199995180000004,4.8202507939999997,4.8217741690000002,1.5233749999999999,1,0,1,1,1,1,3,1,0,34,0,2.1945564746856689,0,0,1,0,1,fdee0300000000b52c000022f802eb40
1447,stress100,J4,4,483,4.823332851,4.8235309009999998,4.8247693969999998,1.238496,1,0,1,1,1,1,4,1,0,35,0,0.7934533953666687,-0.073631249368190765,0,1,0,1,fdee040000fdff2a10000023d002ba7c
1448,stress100,J5,5,483,4.8266661839999996,4.8268275139999997,4.8277151099999998,0.88759600000000005,1,0,1,1,1,1,5,1,0,35,0,4.8840146064758301,-0.14726249873638153,0,1,0,1,fdee050000faff7f63000023d0021d5b
1449,stress100,J3,3,484,4.8299995170000001,4.8301621920000004,4.8307221489999996,0.55995700000000004,1,0,1,1,1,1,3,1,0,34,0,2.1945564746856689,-0.17180624604225159,0,1,0,1,fdee030000f9ffb52c000022f802ecaa
1450,stress100,J4,4,484,4.8333328499999997,4.8335221769999999,4.8347582659999997,1.236089,1,0,1,1,1,1,4,1,0,35,0,0.7934533953666687,-0.073631249368190765,0,1,0,1,fdee040000fdff2a10000023d002ba7c
1451,stress100,J5,5,484,4.8366661830000002,4.8368287580000002,4.837784643,0.95588499999999998,1,0,1,1,1,1,5,1,0,35,0,4.8840146064758301,-0.049087498337030411,0,1,0,1,fdee050000feff7f63000023d002f864
1452,stress100,J3,3,485,4.8399995159999998,4.8402419170000002,4.8405873970000002,0.34548000000000001,1,0,1,1,1,1,3,1,0,34,0,2.1941728591918945,-0.53996247053146362,0,1,0,1,fdee030000eaffb32c000022f802b2db
1453,stress100,J4,4,485,4.8433328490000003,4.8435377769999999,4.8447555309999997,1.217754,1,0,1,1,1,1,4,1,0,35,0,0.7934533953666687,-0.024543749168515205,0,1,0,1,fdee040000ffff2a10000023d00240e7
1454,stress100,J5,5,485,4.8466661819999999,4.8468331439999996,4.8477048500000004,0.87170599999999998,1,0,1,1,1,1,5,1,0,35,0,4.8840146064758301,-0.073631249368190765,0,1,0,1,fdee050000fdff7f63000023d002ffb2
1455,stress100,J3,3,486,4.8499995150000004,4.850203488,4.8506039550000004,0.40046700000000002,1,0,1,1,1,1,3,1,0,34,0,2.1943645477294922,-0.073631249368190765,0,1,0,1,fdee030000fdffb42c000022f0021cc4
1456,stress100,J4,4,486,4.853332848,4.8536025399999998,4.8547086469999998,1.106107,1,0,1,1,1,1,4,1,0,35,0,0.79364514350891113,0.34361249208450317,0,1,0,1,fdee0400000e002b10000023d00258ed
1457,stress100,J5,5,486,4.8566661809999996,4.8568431670000001,4.8577533050000001,0.910138,1,0,1,1,1,1,5,1,0,35,0,4.8840146064758301,-0.14726249873638153,0,1,0,1,fdee050000faff7f63000023d0021d5b
1458,stress100,J3,3,487,4.8599995140000001,4.8602375340000004,4.8617521679999998,1.514634,1,0,1,1,1,1,3,1,0,34,0,2.1945564746856689,0,0,1,0,1,fdee0300000000b52c000022f0022b8e
1459,stress100,J4,4,487,4.8633328469999997,4.8633890590000002,4.8647585629999996,1.3695040000000001,1,0,1,1,1,1,4,1,0,35,0,0.7934533953666687,0.049087498337030411,0,1,0,1,fdee04000002002a10000023d002a232
1460,stress100,J5,5,487,4.8666661800000002,4.8668340089999997,4.8677530369999999,0.91902799999999996,1,0,1,1,1,1,5,1,0,35,0,4.8838229179382324,-0.51541876792907715,0,1,0,1,fdee050000ebff7e63000023d002a176
1461,stress100,J3,3,488,4.8699995129999998,4.8702029419999997,4.8705860779999997,0.38313599999999998,1,0,1,1,1,1,3,1,0,34,0,2.1945564746856689,-0.024543749168515205,0,1,0,1,fdee030000ffffb52c000022f802f30e
1462,stress100,J4,4,488,4.8733328460000003,4.8735276030000003,4.8747431509999997,1.2155480000000001,1,0,1,1,1,1,4,1,0,35,0,0.79326164722442627,-0.34361249208450317,0,1,0,1,fdee040000f2ff2910000023d002fc42
1463,stress100,J5,5,488,4.8766661789999999,4.8768277629999996,4.8777510749999999,0.92331200000000002,1,0,1,1,1,1,5,1,0,35,0,4.8840146064758301,-0.098174996674060822,0,1,0,1,fdee050000fcff7f63000023d00202ff
1464,stress100,J3,3,489,4.8799995120000004,4.8801885670000003,4.880616775,0.42820799999999998,1,0,1,1,1,1,3,1,0,34,0,2.1947481632232666,0.22089375555515289,0,1,0,1,fdee0300000900b62c000022f802b2da
1465,stress100,J4,4,489,4.883332845,4.8835037569999997,4.8847690200000002,1.265263,1,0,1,1,1,1,4,1,0,35,0,0.7934533953666687,-0.024543749168515205,0,1,0,1,fdee040000ffff2a10000023d00240e7
1466,stress100,J5,5,489,4.8866661779999996,4.886828607,4.8877532339999998,0.92462699999999998,1,0,1,1,1,1,5,1,0,35,0,4.8840146064758301,-0.19634999334812164,0,1,0,1,fdee050000f8ff7f63000023d002e7c0
1467,stress100,J3,3,490,4.8899995110000001,4.8902096979999996,4.8905843320000004,0.37463400000000002,1,0,1,1,1,1,3,1,0,34,0,2.1945564746856689,-0.024543749168515205,0,1,0,1,fdee030000ffffb52c000022f802f30e
1468,stress100,J4,4,490,4.8933328439999997,4.8935231840000002,4.8947552989999998,1.2321150000000001,1,0,1,1,1,1,4,1,0,35,0,0.79326164722442627,-0.36815625429153442,0,1,0,1,fdee040000f1ff2910000023d002fb94
1469,stress100,J5,5,490,4.8966661770000002,4.8968298839999997,4.8977484789999997,0.91859500000000005,1,0,1,1,1,1,5,1,0,35,0,4.8840146064758301,-0.24543750286102295,0,1,0,1,fdee050000f6ff7f63000023d002321b
1470,stress100,J3,3,491,4.8999995099999998,4.9002262119999997,4.9005842580000003,0.35804599999999998,1,0,1,1,1,1,3,1,0,34,0,2.1945564746856689,0.19634999334812164,0,1,0,1,fdee0300000800b52c000022f802213f
1471,stress100,J4,4,491,4.9033328430000003,4.9035322629999998,4.9047535160000004,1.2212529999999999,1,0,1,1,1,1,4,1,0,35,0,0.7934533953666687,-0.098174996674060822,0,1,0,1,fdee040000fcff2a10000023d0024731
1472,stress100,J5,5,491,4.9066661759999999,4.9068325110000002,4.9077522360000003,0.91972500000000001,1,0,1,1,1,1,5,1,0,35,0,4.8840146064758301,-0.098174996674060822,0,1,0,1,fdee050000fcff7f63000023d00202ff
1473,stress100,J3,3,492,4.9099995090000004,4.9102272549999997,4.9105859580000004,0.35870299999999999,1,0,1,1,1,1,3,1,0,34,0,2.1941728591918945,-0.53996247053146362,0,1,0,1,fdee030000eaffb32c000022f0027215
1474,stress100,J4,4,492,4.913332842,4.9135279279999997,4.9147531349999998,1.2252069999999999,1,0,1,1,1,1,4,1,0,35,0,0.79326164722442627,-0.29452499747276306,0,1,0,1,fdee040000f4ff2910000023d002e3e6
1475,stress100,J5,5,492,4.9166661749999996,4.9168250069999999,4.9177538810000003,0.92887399999999998,1,0,1,1,1,1,5,1,0,35,0,4.8840146064758301,-0.098174996674060822,0,1,0,1,fdee050000fcff7f63000023d00202ff
1476,stress100,J3,3,493,4.9199995080000001,4.9202564520000003,4.9205921640000003,0.33571200000000001,1,0,1,1,1,1,3,1,0,34,0,2.1945564746856689,-0.024543749168515205,0,1,0,1,fdee030000ffffb52c000022f00233c0
1477,stress100,J4,4,493,4.9233328409999997,4.9235002960000003,4.9247553039999996,1.2550079999999999,1,0,1,1,1,1,4,1,0,35,0,0.7934533953666687,-0.024543749168515205,0,1,0,1,fdee040000ffff2a10000023d00240e7
1478,stress100,J5,5,493,4.9266661740000002,4.9268276440000003,4.927755286,0.92764199999999997,1,0,1,1,1,1,5,1,0,35,0,4.8840146064758301,-0.098174996674060822,0,1,0,1,fdee050000fcff7f63000023d00202ff
1479,stress100,J3,3,494,4.9299995069999998,4.9302209389999998,4.9305905189999999,0.36958000000000002,1,0,1,1,1,1,3,1,0,34,0,2.1945564746856689,0,0,1,0,1,fdee0300000000b52c000022f802eb40
1480,stress100,J4,4,494,4.9333328400000003,4.9335314190000004,4.9347536539999997,1.222235,1,0,1,1,1,1,4,1,0,35,0,0.7934533953666687,-0.098174996674060822,0,1,0,1,fdee040000fcff2a10000023d0024731
1481,stress100,J5,5,494,4.9366661729999999,4.936829382,4.9377160470000003,0.88666500000000004,1,0,1,1,1,1,5,1,0,35,0,4.8840146064758301,-0.098174996674060822,0,1,0,1,fdee050000fcff7f63000023d00202ff
1482,stress100,J3,3,495,4.9399995060000004,4.9402338610000003,4.9405918069999997,0.35794599999999999,1,0,1,1,1,1,3,1,0,34,0,2.1947481632232666,0.29452499747276306,0,1,0,1,fdee0300000c00b62c000022f802aaa8
1483,stress100,J4,4,495,4.943332839,4.943560121,4.9447483920000002,1.1882710000000001,1,0,1,1,1,1,4,1,0,35,0,0.7934533953666687,-0.024543749168515205,0,1,0,1,fdee040000ffff2a10000023d00240e7
1484,stress100,J5,5,495,4.9466661719999996,4.9468479299999997,4.9477566069999996,0.90867699999999996,1,0,1,1,1,1,5,1,0,35,0,4.8840146064758301,-0.19634999334812164,0,1,0,1,fdee050000f8ff7f63000023d002e7c0
1485,stress100,J3,3,496,4.9499995050000001,4.9501695190000001,4.9505875330000002,0.418014,1,0,1,1,1,1,3,1,0,34,0,2.1943645477294922,-0.39269998669624329,0,1,0,1,fdee030000f0ffb42c000022f8020e07
1486,stress100,J4,4,496,4.9533328379999997,4.9535267870000004,4.9547316820000002,1.204895,1,0,1,1,1,1,4,1,0,35,0,0.79364514350891113,0.36815625429153442,0,1,0,1,fdee0400000f002b10000023d002a5a0
1487,stress100,J5,5,496,4.9566661710000002,4.9567599080000004,4.9577569270000001,0.99701899999999999,1,0,1,1,1,1,5,1,0,35,0,4.8838229179382324,-0.44178751111030579,0,1,0,1,fdee050000eeff7e63000023d002b904
1488,stress100,J3,3,497,4.9599995039999998,4.960237416,4.9605858490000001,0.34843299999999999,1,0,1,1,1,1,3,1,0,34,0,2.1943645477294922,-0.24543750286102295,0,1,0,1,fdee030000f6ffb42c000022f80211a3
1489,stress100,J4,4,497,4.9633328370000003,4.9635310209999997,4.9647677679999997,1.236747,1,0,1,1,1,1,4,1,0,35,0,0.7934533953666687,0,0,1,0,1,fdee04000000002a10000023d00258a9
1490,stress100,J5,5,497,4.9666661699999999,4.9668221409999997,4.9677537709999999,0.93162999999999996,1,0,1,1,1,1,5,1,0,35,0,4.8840146064758301,-0.14726249873638153,0,1,0,1,fdee050000faff7f63000023d0021d5b
1491,stress100,J3,3,498,4.9699995030000004,4.9701950620000002,4.9717800560000001,1.584994,1,0,1,1,1,1,3,1,0,34,0,2.1943645477294922,-0.14726249873638153,0,1,0,1,fdee030000faffb42c000022f8023ee3
1492,stress100,J4,4,498,4.973332836,4.9733900210000002,4.9747478230000004,1.357802,1,0,1,1,1,1,4,1,0,35,0,0.79364514350891113,0.36815625429153442,0,1,0,1,fdee0400000f002b10000023d002a5a0
1493,stress100,J5,5,498,4.9766661689999996,4.976757256,4.9777533480000002,0.99609199999999998,1,0,1,1,1,1,5,1,0,35,0,4.8842062950134277,0.17180624604225159,0,1,0,1,fdee05000007008063000023d0025a00
1494,stress100,J3,3,499,4.9799995020000001,4.9801695989999999,4.9805492659999997,0.37966699999999998,1,0,1,1,1,1,3,1,0,34,0,2.1943645477294922,-0.19634999334812164,0,1,0,1,fdee030000f8ffb42c000022f802c478
1495,stress100,J4,4,499,4.9833328349999997,4.9835277380000003,4.9847498059999999,1.2220679999999999,1,0,1,1,1,1,4,1,0,35,0,0.79364514350891113,0.24543750286102295,0,1,0,1,fdee0400000a002b10000023d002bdd2
1496,stress100,J5,5,499,4.9866661680000002,4.9868272679999999,4.987700512,0.87324400000000002,1,0,1,1,1,1,5,1,0,35,0,4.8840146064758301,-0.098174996674060822,0,1,0,1,fdee050000fcff7f63000023d00202ff
1497,stress100,J3,3,500,4.9899995009999998,4.9902049100000001,4.9917555489999996,1.5506390000000001,1,0,1,1,1,1,3,1,0,34,0,2.1945564746856689,0,0,1,0,1,fdee0300000000b52c000022f802eb40
1498,stress100,J4,4,500,4.9933328340000003,4.993529401,4.9947674209999997,1.2380199999999999,1,0,1,1,1,1,4,1,0,35,0,0.7934533953666687,-0.049087498337030411,0,1,0,1,fdee040000feff2a10000023d002bdaa
1499,stress100,J5,5,500,4.9966661669999999,4.9967589930000003,4.9977720369999998,1.0130440000000001,1,0,1,1,1,1,5,1,0,35,0,4.8838229179382324,-0.39269998669624329,0,1,0,1,fdee050000f0ff7e63000023d002f820
