tick,timestamp_s,phase,a_mode,b_mode,a_q_cmd,b_q_cmd,a_dq_cmd,b_dq_cmd,a_raw,b_raw,qA_logical_rad,qB_logical_rad,qJ2_logical_rad,q_ref_rad,e_common_rad,e_sync_rad,a_dq_feedback,b_dq_feedback,a_tau,b_tau,a_temp,b_temp,a_merror,b_merror,a_valid,b_valid,cycle_period_ms,cycle_jitter_ms
0,6.7199999999999998e-07,SESSION_BRAKE_CAPTURE,0,0,0,0,0,0,0.32673868536949158,1.3056124448776245,nan,nan,nan,nan,nan,nan,-0.24543750286102295,-0.24543750286102295,0,0,32,32,0,0,1,1,nan,nan
1,0.010089759,SESSION_BRAKE_CAPTURE,0,0,0,0,0,0,0.32693043351173401,1.3056124448776245,nan,nan,nan,nan,nan,nan,0.098174996674060822,-0.24543750286102295,0,0,32,32,0,0,1,1,10.089086999999999,0.08908699999999925
2,0.020181832,SESSION_BRAKE_CAPTURE,0,0,0,0,0,0,0.32693043351173401,1.3058042526245117,nan,nan,nan,nan,nan,nan,0.14726249873638153,0,0,0,32,32,0,0,1,1,10.092072999999999,0.092072999999999183
3,0.030183452999999999,SESSION_BRAKE_CAPTURE,0,0,0,0,0,0,0.32673868536949158,1.3058042526245117,nan,nan,nan,nan,nan,nan,-0.31906875967979431,0.073631249368190765,0,0,32,32,0,0,1,1,10.001620999999998,0.0016209999999983182
4,0.040197484999999998,SESSION_BRAKE_CAPTURE,0,0,0,0,0,0,0.32673868536949158,1.3056124448776245,nan,nan,nan,nan,nan,nan,-0.24543750286102295,-0.34361249208450317,0,0,32,32,0,0,1,1,10.014031999999998,0.01403199999999849
5,0.050184903000000003,SESSION_BRAKE_CAPTURE,0,0,0,0,0,0,0.32693043351173401,1.3058042526245117,nan,nan,nan,nan,nan,nan,-0.024543749168515205,0.14726249873638153,0,0,32,32,0,0,1,1,9.9874180000000052,0.012581999999994764
6,0.060090603999999999,SESSION_BRAKE_CAPTURE,0,0,0,0,0,0,0.32693043351173401,1.3058042526245117,nan,nan,nan,nan,nan,nan,-0.024543749168515205,-0.024543749168515205,0,0,32,32,0,0,1,1,9.9057009999999952,0.094299000000004796
7,0.070177132000000003,SESSION_BRAKE_CAPTURE,0,0,0,0,0,0,0.32693043351173401,1.3058042526245117,nan,nan,nan,nan,nan,nan,0.049087498337030411,0,0,0,32,32,0,0,1,1,10.086528000000005,0.086528000000004823
8,0.080178150000000004,SESSION_BRAKE_CAPTURE,0,0,0,0,0,0,0.32673868536949158,1.3059959411621094,nan,nan,nan,nan,nan,nan,-0.22089375555515289,0.44178751111030579,0,0,32,32,0,0,1,1,10.001018,0.0010180000000001854
9,0.090097134999999995,SESSION_BRAKE_CAPTURE,0,0,0,0,0,0,0.32693043351173401,1.3058042526245117,nan,nan,nan,nan,nan,nan,0.12271875143051147,0.12271875143051147,0,0,32,32,0,0,1,1,9.9189849999999922,0.081015000000007831
10,0.100092951,SESSION_BRAKE_CAPTURE,0,0,0,0,0,0,0.32693043351173401,1.3059959411621094,nan,nan,nan,nan,nan,nan,0.12271875143051147,0.41724374890327454,0,0,32,32,0,0,1,1,9.9958160000000049,0.0041839999999950805
11,0.110063573,SESSION_BRAKE_CAPTURE,0,0,0,0,0,0,0.32673868536949158,1.3058042526245117,nan,nan,nan,nan,nan,nan,0.024543749168515205,0,0,0,32,32,0,0,1,1,9.9706219999999988,0.029378000000001236
12,0.120191086,SESSION_BRAKE_CAPTURE,0,0,0,0,0,0,0.32673868536949158,1.3058042526245117,nan,nan,nan,nan,nan,nan,-0.24543750286102295,0.049087498337030411,0,0,32,32,0,0,1,1,10.127513000000004,0.12751300000000398
13,0.130182152,SESSION_BRAKE_CAPTURE,0,0,0,0,0,0,0.32673868536949158,1.3058042526245117,nan,nan,nan,nan,nan,nan,-0.24543750286102295,0.073631249368190765,0,0,32,32,0,0,1,1,9.9910659999999929,0.0089340000000071029
14,0.14019453800000001,SESSION_BRAKE_CAPTURE,0,0,0,0,0,0,0.32693043351173401,1.3056124448776245,nan,nan,nan,nan,nan,nan,0.12271875143051147,-0.24543750286102295,0,0,32,32,0,0,1,1,10.012386000000012,0.012386000000011776
15,0.150197582,SESSION_BRAKE_CAPTURE,0,0,0,0,0,0,0.32693043351173401,1.3058042526245117,nan,nan,nan,nan,nan,nan,-0.024543749168515205,0,0,0,32,32,0,0,1,1,10.003043999999989,0.0030439999999885003
16,0.160093664,SESSION_BRAKE_CAPTURE,0,0,0,0,0,0,0.32673868536949158,1.3056124448776245,nan,nan,nan,nan,nan,nan,-0.22089375555515289,-0.24543750286102295,0,0,32,32,0,0,1,1,9.8960819999999998,0.10391800000000018
17,0.17017575500000001,SESSION_BRAKE_CAPTURE,0,0,0,0,0,0,0.32693043351173401,1.3056124448776245,nan,nan,nan,nan,nan,nan,0.14726249873638153,-0.29452499747276306,0,0,32,32,0,0,1,1,10.082091000000016,0.082091000000016123
18,0.18018631500000001,SESSION_BRAKE_CAPTURE,0,0,0,0,0,0,0.32693043351173401,1.3056124448776245,nan,nan,nan,nan,nan,nan,0.098174996674060822,-0.34361249208450317,0,0,32,32,0,0,1,1,10.010560000000002,0.010560000000001679
19,0.190103196,SESSION_BRAKE_CAPTURE,0,0,0,0,0,0,0.32693043351173401,1.3058042526245117,nan,nan,nan,nan,nan,nan,0.12271875143051147,0.12271875143051147,0,0,32,32,0,0,1,1,9.9168809999999894,0.083119000000010601
20,0.200202253,SESSION_BRAKE_CAPTURE,0,0,0,0,0,0,0.32693043351173401,1.3056124448776245,nan,nan,nan,nan,nan,nan,-0.049087498337030411,-0.26998123526573181,0,0,32,32,0,0,1,1,10.099056999999995,0.099056999999994844
21,0.210063378,SESSION_BRAKE_CAPTURE,0,0,0,0,0,0,0.32693043351173401,1.3056124448776245,nan,nan,nan,nan,nan,nan,0,-0.22089375555515289,0,0,32,32,0,0,1,1,9.8611249999999977,0.1388750000000023
22,0.22005759799999999,SESSION_BRAKE_CAPTURE,0,0,0,0,0,0,0.32673868536949158,1.3056124448776245,nan,nan,nan,nan,nan,nan,-0.24543750286102295,-0.26998123526573181,0,0,32,32,0,0,1,1,9.9942199999999985,0.0057800000000014506
23,0.230092097,SESSION_BRAKE_CAPTURE,0,0,0,0,0,0,0.32654693722724915,1.3058042526245117,nan,nan,nan,nan,nan,nan,-0.63813751935958862,0.024543749168515205,0,0,32,32,0,0,1,1,10.034499000000002,0.034499000000002056
24,0.24009251300000001,SESSION_BRAKE_CAPTURE,0,0,0,0,0,0,0.32673868536949158,1.3058042526245117,nan,nan,nan,nan,nan,nan,-0.24543750286102295,0.12271875143051147,0,0,32,32,0,0,1,1,10.000416000000012,0.00041600000001196236
25,0.25010518100000001,SESSION_BRAKE_CAPTURE,0,0,0,0,0,0,0.32693043351173401,1.3056124448776245,nan,nan,nan,nan,nan,nan,0.073631249368190765,-0.34361249208450317,0,0,32,32,0,0,1,1,10.012668000000001,0.012668000000001456
26,0.26009196899999998,SESSION_BRAKE_CAPTURE,0,0,0,0,0,0,0.32673868536949158,1.3058042526245117,nan,nan,nan,nan,nan,nan,-0.24543750286102295,-0.024543749168515205,0,0,32,32,0,0,1,1,9.9867879999999687,0.01321200000003131
27,0.27005917499999998,SESSION_BRAKE_CAPTURE,0,0,0,0,0,0,0.32693043351173401,1.3056124448776245,nan,nan,nan,nan,nan,nan,0,-0.31906875967979431,0,0,32,32,0,0,1,1,9.9672060000000062,0.032793999999993773
28,0.280088224,SESSION_BRAKE_CAPTURE,0,0,0,0,0,0,0.32673868536949158,1.3056124448776245,nan,nan,nan,nan,nan,nan,-0.24543750286102295,0.049087498337030411,0,0,32,32,0,0,1,1,10.029049000000011,0.029049000000011205
29,0.29016339200000002,SESSION_BRAKE_CAPTURE,0,0,0,0,0,0,0.32673868536949158,1.3058042526245117,nan,nan,nan,nan,nan,nan,-0.36815625429153442,-0.049087498337030411,0,0,32,32,0,0,1,1,10.075168000000023,0.075168000000022772
30,0.30016990300000002,SESSION_BRAKE_CAPTURE,0,0,0,0,0,0,0.32693043351173401,1.3056124448776245,nan,nan,nan,nan,nan,nan,0.073631249368190765,-0.24543750286102295,0,0,32,32,0,0,1,1,10.006510999999996,0.0065109999999961587
31,0.31009398399999999,SESSION_BRAKE_CAPTURE,0,0,0,0,0,0,0.32693043351173401,1.3054207563400269,nan,nan,nan,nan,nan,nan,0.098174996674060822,-0.63813751935958862,0,0,32,32,0,0,1,1,9.9240809999999726,0.075919000000027381
32,0.32016873400000001,SESSION_BRAKE_CAPTURE,0,0,0,0,0,0,0.32693043351173401,1.3059959411621094,nan,nan,nan,nan,nan,nan,0.14726249873638153,0.46633124351501465,0,0,32,32,0,0,1,1,10.074750000000021,0.074750000000021188
33,0.33008684199999999,SESSION_BRAKE_CAPTURE,0,0,0,0,0,0,0.32673868536949158,1.3058042526245117,nan,nan,nan,nan,nan,nan,-0.26998123526573181,0.049087498337030411,0,0,32,32,0,0,1,1,9.9181079999999806,0.081892000000019394
34,0.340176119,SESSION_BRAKE_CAPTURE,0,0,0,0,0,0,0.32693043351173401,1.3058042526245117,nan,nan,nan,nan,nan,nan,0.12271875143051147,0.024543749168515205,0,0,32,32,0,0,1,1,10.089277000000008,0.089277000000008044
35,0.35016389399999998,SESSION_BRAKE_CAPTURE,0,0,0,0,0,0,0.32673868536949158,1.3058042526245117,nan,nan,nan,nan,nan,nan,-0.39269998669624329,0.12271875143051147,0,0,32,32,0,0,1,1,9.9877749999999761,0.012225000000023911
36,0.36009328400000001,SESSION_BRAKE_CAPTURE,0,0,0,0,0,0,0.32673868536949158,1.3056124448776245,nan,nan,nan,nan,nan,nan,-0.34361249208450317,-0.26998123526573181,0,0,32,32,0,0,1,1,9.929390000000037,0.07060999999996298
37,0.37010620100000002,SESSION_BRAKE_CAPTURE,0,0,0,0,0,0,0.32693043351173401,1.3056124448776245,nan,nan,nan,nan,nan,nan,0.024543749168515205,-0.24543750286102295,0,0,32,32,0,0,1,1,10.012917000000011,0.012917000000010503
38,0.380094504,SESSION_BRAKE_CAPTURE,0,0,0,0,0,0,0.32693043351173401,1.3058042526245117,nan,nan,nan,nan,nan,nan,0.12271875143051147,0.12271875143051147,0,0,32,32,0,0,1,1,9.9883029999999771,0.011697000000022939
39,0.39009041500000002,SESSION_BRAKE_CAPTURE,0,0,0,0,0,0,0.32673868536949158,1.3056124448776245,nan,nan,nan,nan,nan,nan,-0.29452499747276306,-0.34361249208450317,0,0,32,32,0,0,1,1,9.9959110000000244,0.0040889999999755844
40,0.40009198200000001,SESSION_BRAKE_CAPTURE,0,0,0,0,0,0,0.32693043351173401,1.3056124448776245,nan,nan,nan,nan,nan,nan,0.17180624604225159,-0.31906875967979431,0,0,32,32,0,0,1,1,10.001566999999989,0.0015669999999889939
41,0.41005803499999999,SESSION_BRAKE_CAPTURE,0,0,0,0,0,0,0.32673868536949158,1.3056124448776245,nan,nan,nan,nan,nan,nan,-0.29452499747276306,-0.24543750286102295,0,0,32,32,0,0,1,1,9.9660529999999738,0.033947000000026151
42,0.42010430999999998,SESSION_BRAKE_CAPTURE,0,0,0,0,0,0,0.32673868536949158,1.3054207563400269,nan,nan,nan,nan,nan,nan,-0.24543750286102295,-0.68722498416900635,0,0,32,32,0,0,1,1,10.046274999999994,0.046274999999994293
43,0.43016652399999999,SESSION_BRAKE_CAPTURE,0,0,0,0,0,0,0.32693043351173401,1.3058042526245117,nan,nan,nan,nan,nan,nan,0.073631249368190765,0.12271875143051147,0,0,32,32,0,0,1,1,10.062214000000013,0.062214000000013314
44,0.44009125700000001,SESSION_BRAKE_CAPTURE,0,0,0,0,0,0,0.32654693722724915,1.3059959411621094,nan,nan,nan,nan,nan,nan,-0.7608562707901001,0.36815625429153442,0,0,32,32,0,0,1,1,9.9247330000000193,0.075266999999980655
45,0.45009220700000002,SESSION_BRAKE_CAPTURE,0,0,0,0,0,0,0.32693043351173401,1.3058042526245117,nan,nan,nan,nan,nan,nan,0,0,0,0,32,32,0,0,1,1,10.000950000000008,0.00095000000000844409
46,0.460099129,SESSION_BRAKE_CAPTURE,0,0,0,0,0,0,0.32673868536949158,1.3056124448776245,nan,nan,nan,nan,nan,nan,-0.29452499747276306,-0.36815625429153442,0,0,32,32,0,0,1,1,10.006921999999975,0.0069219999999745596
47,0.470092018,SESSION_BRAKE_CAPTURE,0,0,0,0,0,0,0.32673868536949158,1.3058042526245117,nan,nan,nan,nan,nan,nan,-0.19634999334812164,0.073631249368190765,0,0,32,32,0,0,1,1,9.9928890000000052,0.0071109999999947604
48,0.48017068299999999,SESSION_BRAKE_CAPTURE,0,0,0,0,0,0,0.32654693722724915,1.3058042526245117,nan,nan,nan,nan,nan,nan,-0.56450623273849487,0.14726249873638153,0,0,32,32,0,0,1,1,10.078664999999987,0.078664999999986662
49,0.49009154399999999,SESSION_BRAKE_CAPTURE,0,0,0,0,0,0,0.32673868536949158,1.3056124448776245,nan,nan,nan,nan,nan,nan,-0.24543750286102295,-0.24543750286102295,0,0,32,32,0,0,1,1,9.9208610000000022,0.07913899999999785
50,0.49243042599999998,DUAL_CURRENT_HOLD,1,1,0.32683455944061279,1.3058042526245117,-0,0,0.32693043351173401,1.3056124448776245,-1.5145982982110998e-05,-3.0301382179939815e-05,-2.2723682581025406e-05,0,2.2723682581025406e-05,1.5155399197828817e-05,0,-0.29452499747276306,0,0,32,32,0,0,1,1,2.3388819999999866,7.6611180000000134
51,0.50262880200000004,DUAL_CURRENT_HOLD,1,1,0.32683455944061279,1.3058042526245117,-0,0,0.3280809223651886,1.3075299263000488,-0.00019689777876744297,0.00027261827746228017,3.7860249347418601e-05,0,-3.7860249347418601e-05,-0.00046951605622972314,0,0.024543749168515205,-0.00390625,-0.0078125,32,32,0,0,1,1,10.198376000000064,0.19837600000006361
52,0.51250251999999996,DUAL_CURRENT_HOLD,1,1,0.32683455944061279,1.3058042526245117,-0,0,0.3280809223651886,1.3079134225845337,-0.00019689777876744297,0.00033320220939072416,6.8152215311640595e-05,0,-6.8152215311640595e-05,-0.00053009998815816708,-0.14726249873638153,-0.39269998669624329,0,0,32,32,0,0,1,1,9.8737179999999203,0.12628200000007972
53,0.522508152,DUAL_CURRENT_HOLD,1,1,0.32683455944061279,1.3058042526245117,-0,0,0.32846441864967346,1.3086804151535034,-0.00025748171069588696,0.00045437007324761213,9.8444181275862588e-05,0,-9.8444181275862588e-05,-0.00071185178394349909,0.049087498337030411,-0.14726249873638153,0,-0.0078125,32,32,0,0,1,1,10.005632000000041,0.0056320000000411596
54,0.53249939400000001,DUAL_CURRENT_HOLD,1,1,0.32683455944061279,1.3058042526245117,-0,0,0.32846441864967346,1.3088722229003906,-0.00025748171069588696,0.00048467145542755195,0.0001135948723658325,0,-0.0001135948723658325,-0.00074215316612343896,-0.049087498337030411,-0.34361249208450317,0,-0.00390625,32,32,0,0,1,1,9.9912420000000104,0.0087579999999896074
55,0.54249968599999998,DUAL_CURRENT_HOLD,1,1,0.32683455944061279,1.3058042526245117,-0,0,0.32865616679191589,1.309830904006958,-0.00028777367666010898,0.00063612186903294415,0.00017417409618641758,0,-0.00017417409618641758,-0.00092389554569305313,0.17180624604225159,0.53996247053146362,0,0.00390625,32,32,0,0,1,1,10.000291999999966,0.00029199999996620818
56,0.55248965900000002,DUAL_CURRENT_HOLD,1,1,0.32683455944061279,1.3058042526245117,-0,0,0.32865616679191589,1.3100227117538452,-0.00028777367666010898,0.00066642325121288391,0.00018932478727638747,0,-0.00018932478727638747,-0.00095419692787299289,-0.024543749168515205,-0.098174996674060822,0,0,32,32,0,0,1,1,9.9899730000000417,0.010026999999958264
57,0.56250766200000002,DUAL_CURRENT_HOLD,1,1,0.32683455944061279,1.3058042526245117,-0,0,0.32865616679191589,1.3102144002914429,-0.00028777367666010898,0.00069670580096138808,0.00020446606215063955,0,-0.00020446606215063955,-0.00098447947762149695,-0.049087498337030411,0.12271875143051147,0,0,32,32,0,0,1,1,10.018002999999997,0.018002999999996661
58,0.57262027599999998,DUAL_CURRENT_HOLD,1,1,0.32683455944061279,1.3058042526245117,-0,0,0.32884791493415833,1.3100227117538452,-0.00031806564262433094,0.00066642325121288391,0.00017417880429427648,0,-0.00017417880429427648,-0.00098448889383721491,0.024543749168515205,-0.24543750286102295,0,0,32,32,0,0,1,1,10.112613999999965,0.11261399999996513
59,0.58262895800000003,DUAL_CURRENT_HOLD,1,1,0.32683455944061279,1.3058042526245117,-0,0,0.32884791493415833,1.3102144002914429,-0.00031806564262433094,0.00069670580096138808,0.00018932007916852857,0,-0.00018932007916852857,-0.001014771443585719,-0.098174996674060822,-0.34361249208450317,0,0,32,32,0,0,1,1,10.008682000000046,0.0086820000000464859
60,0.59252661100000004,DUAL_CURRENT_HOLD,1,1,0.32683455944061279,1.3058042526245117,-0,0,0.32884791493415833,1.3105978965759277,-0.00031806564262433094,0.00075728973288983212,0.00021961204513275059,0,-0.00021961204513275059,-0.001075355375514163,-0.17180624604225159,-0.024543749168515205,0,-0.00390625,32,32,0,0,1,1,9.8976530000000054,0.10234699999999464
61,0.60262007500000003,DUAL_CURRENT_HOLD,1,1,0.32683455944061279,1.3058042526245117,-0,0,0.32903966307640076,1.3107897043228149,-0.00034835760858855296,0.00078759111506977188,0.00021961675324060946,0,-0.00021961675324060946,-0.0011359487236583248,0,0,0,0,32,32,0,0,1,1,10.093463999999997,0.093463999999997327
62,0.61254208899999996,DUAL_CURRENT_HOLD,1,1,0.32683455944061279,1.3058042526245117,-0,0,0.32884791493415833,1.3104062080383301,-0.00031806564262433094,0.00072700718314132795,0.0002044707702584985,0,-0.0002044707702584985,-0.0010450728257656589,-0.31906875967979431,-0.7608562707901001,0,0,32,32,0,0,1,1,9.9220139999999226,0.077986000000077382
63,0.62248433199999997,DUAL_CURRENT_HOLD,1,1,0.32683455944061279,1.3058042526245117,-0,0,0.32884791493415833,1.3107897043228149,-0.00031806564262433094,0.00078759111506977188,0.00023476273622272047,0,-0.00023476273622272047,-0.0011056567576941028,-0.36815625429153442,0.024543749168515205,0,0,32,32,0,0,1,1,9.9422430000000173,0.057756999999982739
64,0.63250171399999999,DUAL_CURRENT_HOLD,1,1,0.32683455944061279,1.3058042526245117,-0,0,0.32923141121864319,1.3107897043228149,-0.00037864957455277493,0.00078759111506977188,0.00020447077025849848,0,-0.00020447077025849848,-0.0011662406896225468,-0.049087498337030411,-0.34361249208450317,0,0,32,32,0,0,1,1,10.017382000000019,0.017382000000019104
65,0.64248315099999997,DUAL_CURRENT_HOLD,1,1,0.32683455944061279,1.3058042526245117,-0,0,0.32923141121864319,1.3109813928604126,-0.00037864957455277493,0.00081787366481827605,0.00021961204513275056,0,-0.00021961204513275056,-0.0011965232393710509,-0.31906875967979431,-0.19634999334812164,0,0,32,32,0,0,1,1,9.9814369999999819,0.018563000000018093
66,0.65263116200000004,DUAL_CURRENT_HOLD,1,1,0.32683455944061279,1.3058042526245117,-0,0,0.32942315936088562,1.3109813928604126,-0.00040894154051699695,0.00081787366481827605,0.00020446606215063955,0,-0.00020446606215063955,-0.0012268152053352731,-0.17180624604225159,-0.51541876792907715,-0.00390625,0,32,32,0,0,1,1,10.148011000000068,0.14801100000006784
67,0.66250283700000001,DUAL_CURRENT_HOLD,1,1,0.32683455944061279,1.3058042526245117,-0,0,0.32942315936088562,1.3111732006072998,-0.00040894154051699695,0.00084817504699821592,0.00021961675324060949,0,-0.00021961675324060949,-0.0012571165875152129,-0.34361249208450317,-0.14726249873638153,0,0,32,32,0,0,1,1,9.8716749999999678,0.12832500000003222
68,0.67254913900000002,DUAL_CURRENT_HOLD,1,1,0.32683455944061279,1.3058042526245117,-0,0,0.32942315936088562,1.3113648891448975,-0.00040894154051699695,0.00087845759674672009,0.00023475802811486157,0,-0.00023475802811486157,-0.0012873991372637172,-0.39269998669624329,-0.098174996674060822,0,0,32,32,0,0,1,1,10.046302000000008,0.046302000000007837
69,0.68252030699999999,DUAL_CURRENT_HOLD,1,1,0.32683455944061279,1.3058042526245117,-0,0,0.3298066258430481,1.3113648891448975,-0.00046952076433758201,0.00087845759674672009,0.00020446841620456904,0,-0.00020446841620456904,-0.0013479783610843021,-0.12271875143051147,-0.29452499747276306,0,0,32,32,0,0,1,1,9.9711679999999738,0.02883200000002617
70,0.69263212100000005,DUAL_CURRENT_HOLD,1,1,0.32683455944061279,1.3058042526245117,-0,0,0.3298066258430481,1.3115566968917847,-0.00046952076433758201,0.00090875897892665986,0.00021961910729453892,0,-0.00021961910729453892,-0.0013782797432642419,-0.098174996674060822,0.098174996674060822,0,0,32,32,0,0,1,1,10.111814000000052,0.11181400000005226
71,0.70249804900000001,DUAL_CURRENT_HOLD,1,1,0.32683455944061279,1.3058042526245117,-0,0,0.32961487770080566,1.3113648891448975,-0.00043922879837336005,0.00087845759674672009,0.00021961439918668002,0,-0.00021961439918668002,-0.0013176863951200801,-0.44178751111030579,-0.53996247053146362,0,0.00390625,32,32,0,0,1,1,9.8659279999999683,0.13407200000003172
72,0.71263762399999997,DUAL_CURRENT_HOLD,1,1,0.32683455944061279,1.3058042526245117,-0,0,0.32999837398529053,1.3113648891448975,-0.00049981273030180403,0.00087845759674672009,0.00018932243322245803,0,-0.00018932243322245803,-0.0013782703270485241,0.073631249368190765,-0.9326624870300293,0.00390625,-0.00390625,32,32,0,0,1,1,10.139574999999956,0.13957499999995626
73,0.72259020200000001,DUAL_CURRENT_HOLD,1,1,0.32683455944061279,1.3058042526245117,-0,0,0.3298066258430481,1.3119401931762695,-0.00046952076433758201,0.0009693429108551039,0.00024991107325876094,0,-0.00024991107325876094,-0.0014388636751926859,-0.24543750286102295,0.12271875143051147,0,0,32,32,0,0,1,1,9.9525780000000452,0.047421999999954778
74,0.73248867799999995,DUAL_CURRENT_HOLD,1,1,0.32683455944061279,1.3058042526245117,-0,0,0.32961487770080566,1.3119401931762695,-0.00043922879837336005,0.0009693429108551039,0.00026505705624087195,0,-0.00026505705624087195,-0.0014085717092284639,-0.6626812219619751,0.19634999334812164,-0.00390625,-0.00390625,32,32,0,0,1,1,9.8984759999999348,0.10152400000006523
75,0.74249175300000003,DUAL_CURRENT_HOLD,1,1,0.32683455944061279,1.3058042526245117,-0,0,0.32999837398529053,1.3115566968917847,-0.00049981273030180403,0.00090875897892665986,0.00020447312431242791,0,-0.00020447312431242791,-0.0014085717092284639,-0.24543750286102295,-0.29452499747276306,0,0,32,32,0,0,1,1,10.003075000000084,0.0030750000000843158
76,0.75248817400000001,DUAL_CURRENT_HOLD,1,1,0.32683455944061279,1.3058042526245117,-0,0,0.32999837398529053,1.3115566968917847,-0.00049981273030180403,0.00090875897892665986,0.00020447312431242791,0,-0.00020447312431242791,-0.0014085717092284639,-0.22089375555515289,-0.24543750286102295,0,0,32,32,0,0,1,1,9.9964209999999767,0.0035790000000233135
77,0.76248725799999995,DUAL_CURRENT_HOLD,1,1,0.32683455944061279,1.3058042526245117,-0,0,0.33019012212753296,1.3119401931762695,-0.00053010469626602605,0.0009693429108551039,0.00021961910729453892,0,-0.00021961910729453892,-0.00149944760712113,0.098174996674060822,0.24543750286102295,0,0,32,32,0,0,1,1,9.9990839999999359,0.00091600000006408777
78,0.77256642099999995,DUAL_CURRENT_HOLD,1,1,0.32683455944061279,1.3058042526245117,-0,0,0.32999837398529053,1.3117483854293823,-0.00049981273030180403,0.00093904152867516403,0.00021961439918668,0,-0.00021961439918668,-0.0014388542589769682,-0.22089375555515289,-0.098174996674060822,0,0.00390625,32,32,0,0,1,1,10.079163000000001,0.079163000000001205
79,0.78246015499999999,DUAL_CURRENT_HOLD,1,1,0.32683455944061279,1.3058042526245117,-0,0,0.32999837398529053,1.3117483854293823,-0.00049981273030180403,0.00093904152867516403,0.00021961439918668,0,-0.00021961439918668,-0.0014388542589769682,0,-0.17180624604225159,0,0,32,32,0,0,1,1,9.8937340000000429,0.10626599999995712
80,0.79248762100000003,DUAL_CURRENT_HOLD,1,1,0.32683455944061279,1.3058042526245117,-0,0,0.33019012212753296,1.3117483854293823,-0.00053010469626602605,0.00093904152867516403,0.00020446841620456899,0,-0.00020446841620456899,-0.00146914622494119,0,-0.39269998669624329,0,-0.00390625,32,32,0,0,1,1,10.02746600000004,0.027466000000039514
81,0.80248496599999997,DUAL_CURRENT_HOLD,1,1,0.32683455944061279,1.3058042526245117,-0,0,0.33019012212753296,1.3119401931762695,-0.00053010469626602605,0.0009693429108551039,0.00021961910729453892,0,-0.00021961910729453892,-0.00149944760712113,0,0.14726249873638153,0,0,32,32,0,0,1,1,9.9973449999999353,0.0026550000000646889
82,0.81248448500000003,DUAL_CURRENT_HOLD,1,1,0.32683455944061279,1.3058042526245117,-0,0,0.3298066258430481,1.3119401931762695,-0.00046952076433758201,0.0009693429108551039,0.00024991107325876094,0,-0.00024991107325876094,-0.0014388636751926859,-0.7117687463760376,-0.049087498337030411,0,0,32,32,0,0,1,1,9.9995190000000669,0.00048099999993311826
83,0.82250578200000002,DUAL_CURRENT_HOLD,1,1,0.32683455944061279,1.3058042526245117,-0,0,0.3298066258430481,1.3119401931762695,-0.00046952076433758201,0.0009693429108551039,0.00024991107325876094,0,-0.00024991107325876094,-0.0014388636751926859,-0.24543750286102295,-0.073631249368190765,0,-0.00390625,32,32,0,0,1,1,10.021296999999985,0.021296999999984578
84,0.83248620799999995,DUAL_CURRENT_HOLD,1,1,0.32683455944061279,1.3058042526245117,-0,0,0.33019012212753296,1.3117483854293823,-0.00053010469626602605,0.00093904152867516403,0.00020446841620456899,0,-0.00020446841620456899,-0.00146914622494119,-0.049087498337030411,-0.17180624604225159,0,0,32,32,0,0,1,1,9.9804259999999303,0.019574000000069702
85,0.84248711700000001,DUAL_CURRENT_HOLD,1,1,0.32683455944061279,1.3058042526245117,-0,0,0.33019012212753296,1.3119401931762695,-0.00053010469626602605,0.0009693429108551039,0.00021961910729453892,0,-0.00021961910729453892,-0.00149944760712113,0.073631249368190765,-0.024543749168515205,0,0,32,32,0,0,1,1,10.000909000000057,0.00090900000005689208
86,0.852589386,DUAL_CURRENT_HOLD,1,1,0.32683455944061279,1.3058042526245117,-0,0,0.3298066258430481,1.3117483854293823,-0.00046952076433758201,0.00093904152867516403,0.00023476038216879101,0,-0.00023476038216879101,-0.0014085622930127459,-0.85903126001358032,-0.46633124351501465,-0.00390625,0,32,32,0,0,1,1,10.102268999999996,0.10226899999999617
87,0.86260179699999995,DUAL_CURRENT_HOLD,1,1,0.32683455944061279,1.3058042526245117,-0,0,0.33019012212753296,1.3119401931762695,-0.00053010469626602605,0.0009693429108551039,0.00021961910729453892,0,-0.00021961910729453892,-0.00149944760712113,-0.073631249368190765,0,0,0,32,32,0,0,1,1,10.012410999999943,0.012410999999943328
88,0.87263904400000003,DUAL_CURRENT_HOLD,1,1,0.32683455944061279,1.3058042526245117,-0,0,0.32999837398529053,1.3121318817138672,-0.00049981273030180403,0.00099962546060360807,0.00024990636515090202,0,-0.00024990636515090202,-0.0014994381909054122,-0.31906875967979431,0.34361249208450317,0,0,32,32,0,0,1,1,10.037247000000082,0.037247000000082409
89,0.88262680100000002,DUAL_CURRENT_HOLD,1,1,0.32683455944061279,1.3058042526245117,-0,0,0.33019012212753296,1.3119401931762695,-0.00053010469626602605,0.0009693429108551039,0.00021961910729453892,0,-0.00021961910729453892,-0.00149944760712113,0,-0.19634999334812164,-0.00390625,0,32,32,0,0,1,1,9.987756999999986,0.012243000000013993
90,0.89253886500000001,DUAL_CURRENT_HOLD,1,1,0.32683455944061279,1.3058042526245117,-0,0,0.33019012212753296,1.3119401931762695,-0.00053010469626602605,0.0009693429108551039,0.00021961910729453892,0,-0.00021961910729453892,-0.00149944760712113,0,-0.29452499747276306,0,0,32,32,0,0,1,1,9.9120639999999973,0.087936000000002679
91,0.90250122899999996,DUAL_CURRENT_HOLD,1,1,0.32683455944061279,1.3058042526245117,-0,0,0.33019012212753296,1.3121318817138672,-0.00053010469626602605,0.00099962546060360807,0.00023476038216879101,0,-0.00023476038216879101,-0.001529730156869634,0,-0.24543750286102295,0,0.00390625,32,32,0,0,1,1,9.9623639999999458,0.037636000000054182
92,0.912621566,DUAL_CURRENT_HOLD,1,1,0.32683455944061279,1.3058042526245117,-0,0,0.33019012212753296,1.3123236894607544,-0.00053010469626602605,0.0010299268427835478,0.00024991107325876089,0,-0.00024991107325876089,-0.001560031539049574,0,-0.073631249368190765,0,0,32,32,0,0,1,1,10.120337000000035,0.12033700000003478
93,0.92261432099999996,DUAL_CURRENT_HOLD,1,1,0.32683455944061279,1.3058042526245117,-0,0,0.33019012212753296,1.3125153779983521,-0.00053010469626602605,0.0010602093925320521,0.00026505234813301303,0,-0.00026505234813301303,-0.0015903140887980781,0,0.34361249208450317,0,0,32,32,0,0,1,1,9.9927549999999634,0.0072450000000365833
94,0.93259345500000002,DUAL_CURRENT_HOLD,1,1,0.32683455944061279,1.3058042526245117,-0,0,0.33019012212753296,1.3121318817138672,-0.00053010469626602605,0.00099962546060360807,0.00023476038216879101,0,-0.00023476038216879101,-0.001529730156869634,0,-0.29452499747276306,-0.00390625,0,32,32,0,0,1,1,9.9791340000000552,0.020865999999944762
95,0.94259357899999996,DUAL_CURRENT_HOLD,1,1,0.32683455944061279,1.3058042526245117,-0,0,0.32999837398529053,1.3121318817138672,-0.00049981273030180403,0.00099962546060360807,0.00024990636515090202,0,-0.00024990636515090202,-0.0014994381909054122,-0.29452499747276306,-0.31906875967979431,0,-0.00390625,32,32,0,0,1,1,10.000123999999943,0.00012399999994272548
96,0.95248611800000005,DUAL_CURRENT_HOLD,1,1,0.32683455944061279,1.3058042526245117,-0,0,0.33019012212753296,1.3123236894607544,-0.00053010469626602605,0.0010299268427835478,0.00024991107325876089,0,-0.00024991107325876089,-0.001560031539049574,-0.098174996674060822,0.049087498337030411,0,0,32,32,0,0,1,1,9.8925390000000881,0.10746099999991188
97,0.96249640800000003,DUAL_CURRENT_HOLD,1,1,0.32683455944061279,1.3058042526245117,-0,0,0.33019012212753296,1.3121318817138672,-0.00053010469626602605,0.00099962546060360807,0.00023476038216879101,0,-0.00023476038216879101,-0.001529730156869634,0.098174996674060822,-0.24543750286102295,0,0,32,32,0,0,1,1,10.010289999999976,0.010289999999976374
98,0.97259047099999996,DUAL_CURRENT_HOLD,1,1,0.32683455944061279,1.3058042526245117,-0,0,0.32999837398529053,1.3123236894607544,-0.00049981273030180403,0.0010299268427835478,0.0002650570562408719,0,-0.0002650570562408719,-0.0015297395730853518,-0.31906875967979431,0.073631249368190765,0,0,32,32,0,0,1,1,10.094062999999931,0.094062999999930952
99,0.98259269000000005,DUAL_CURRENT_HOLD,1,1,0.32683455944061279,1.3058042526245117,-0,0,0.33019012212753296,1.3121318817138672,-0.00053010469626602605,0.00099962546060360807,0.00023476038216879101,0,-0.00023476038216879101,-0.001529730156869634,0.049087498337030411,-0.26998123526573181,0,0,32,32,0,0,1,1,10.002219000000089,0.0022190000000890109
100,0.99259202000000002,DUAL_CURRENT_HOLD,1,1,0.32683455944061279,1.3058042526245117,-0,0,0.33019012212753296,1.3123236894607544,-0.00053010469626602605,0.0010299268427835478,0.00024991107325876089,0,-0.00024991107325876089,-0.001560031539049574,0,0,0,-0.00390625,32,32,0,0,1,1,9.9993299999999721,0.00067000000002792603
101,1.0025922620000001,DUAL_CURRENT_HOLD,1,1,0.32683455944061279,1.3058042526245117,-0,0,0.33019012212753296,1.3121318817138672,-0.00053010469626602605,0.00099962546060360807,0.00023476038216879101,0,-0.00023476038216879101,-0.001529730156869634,0,-0.24543750286102295,-0.00390625,0,32,32,0,0,1,1,10.000242000000048,0.00024200000004803712
102,1.012591158,DUAL_CURRENT_HOLD,1,1,0.32683455944061279,1.3058042526245117,-0,0,0.32999837398529053,1.3127071857452393,-0.00049981273030180403,0.0010905107747119919,0.00029534902220509392,0,-0.00029534902220509392,-0.0015903235050137958,-0.36815625429153442,0.22089375555515289,0,0,32,32,0,0,1,1,9.9988959999999238,0.0011040000000761552
103,1.02250905,DUAL_CURRENT_HOLD,1,1,0.32683455944061279,1.3058042526245117,-0,0,0.33019012212753296,1.3121318817138672,-0.00053010469626602605,0.00099962546060360807,0.00023476038216879101,0,-0.00023476038216879101,-0.001529730156869634,-0.098174996674060822,-0.61359375715255737,-0.00390625,0,32,32,0,0,1,1,9.9178920000000392,0.082107999999960768
104,1.0325945240000001,DUAL_CURRENT_HOLD,1,1,0.32683455944061279,1.3058042526245117,-0,0,0.32999837398529053,1.3123236894607544,-0.00049981273030180403,0.0010299268427835478,0.0002650570562408719,0,-0.0002650570562408719,-0.0015297395730853518,-0.31906875967979431,-0.34361249208450317,0,0,32,32,0,0,1,1,10.085474000000039,0.085474000000038686
105,1.0424896619999999,DUAL_CURRENT_HOLD,1,1,0.32683455944061279,1.3058042526245117,-0,0,0.32999837398529053,1.3127071857452393,-0.00049981273030180403,0.0010905107747119919,0.00029534902220509392,0,-0.00029534902220509392,-0.0015903235050137958,-0.56450623273849487,0.29452499747276306,0.00390625,0,32,32,0,0,1,1,9.895137999999859,0.10486200000014101
106,1.0525936140000001,DUAL_CURRENT_HOLD,1,1,0.32683455944061279,1.3058042526245117,-0,0,0.33019012212753296,1.3123236894607544,-0.00053010469626602605,0.0010299268427835478,0.00024991107325876089,0,-0.00024991107325876089,-0.001560031539049574,-0.19634999334812164,-0.24543750286102295,0.00390625,0,32,32,0,0,1,1,10.103952000000138,0.10395200000013816
107,1.062591735,DUAL_CURRENT_HOLD,1,1,0.32683455944061279,1.3058042526245117,-0,0,0.33038187026977539,1.3123236894607544,-0.00056039666223024797,0.0010299268427835478,0.00023476509027664993,0,-0.00023476509027664993,-0.0015903235050137958,0.12271875143051147,-0.14726249873638153,0,0.00390625,32,32,0,0,1,1,9.9981209999999709,0.0018790000000290519
108,1.0726114630000001,DUAL_CURRENT_HOLD,1,1,0.32683455944061279,1.3058042526245117,-0,0,0.33038187026977539,1.3125153779983521,-0.00056039666223024797,0.0010602093925320521,0.00024990636515090207,0,-0.00024990636515090207,-0.0016206060547623001,0.12271875143051147,-0.24543750286102295,0,0,32,32,0,0,1,1,10.019728000000061,0.01972800000006103
109,1.082593226,DUAL_CURRENT_HOLD,1,1,0.32683455944061279,1.3058042526245117,-0,0,0.33019012212753296,1.3123236894607544,-0.00053010469626602605,0.0010299268427835478,0.00024991107325876089,0,-0.00024991107325876089,-0.001560031539049574,-0.34361249208450317,-0.58904999494552612,0,0,32,32,0,0,1,1,9.9817629999998658,0.018237000000134174
110,1.0926041360000001,DUAL_CURRENT_HOLD,1,1,0.32683455944061279,1.3058042526245117,-0,0,0.33038187026977539,1.3125153779983521,-0.00056039666223024797,0.0010602093925320521,0.00024990636515090207,0,-0.00024990636515090207,-0.0016206060547623001,0,-0.12271875143051147,0,-0.00390625,32,32,0,0,1,1,10.010910000000095,0.01091000000009501
111,1.1026171469999999,DUAL_CURRENT_HOLD,1,1,0.32683455944061279,1.3058042526245117,-0,0,0.33038187026977539,1.3127071857452393,-0.00056039666223024797,0.0010905107747119919,0.00026505705624087195,0,-0.00026505705624087195,-0.0016509074369422398,0,0.24543750286102295,0,0.00390625,32,32,0,0,1,1,10.01301099999985,0.01301099999984956
112,1.112591189,DUAL_CURRENT_HOLD,1,1,0.32683455944061279,1.3058042526245117,-0,0,0.33038187026977539,1.3125153779983521,-0.00056039666223024797,0.0010602093925320521,0.00024990636515090207,0,-0.00024990636515090207,-0.0016206060547623001,-0.098174996674060822,-0.17180624604225159,-0.00390625,0,32,32,0,0,1,1,9.9740420000000718,0.025957999999928205
113,1.1225929020000001,DUAL_CURRENT_HOLD,1,1,0.32683455944061279,1.3058042526245117,-0,0,0.33038187026977539,1.3123236894607544,-0.00056039666223024797,0.0010299268427835478,0.00023476509027664993,0,-0.00023476509027664993,-0.0015903235050137958,0,-0.53996247053146362,0,0.00390625,32,32,0,0,1,1,10.001713000000079,0.0017130000000786794
114,1.1325929210000001,DUAL_CURRENT_HOLD,1,1,0.32683455944061279,1.3058042526245117,-0,0,0.33038187026977539,1.3125153779983521,-0.00056039666223024797,0.0010602093925320521,0.00024990636515090207,0,-0.00024990636515090207,-0.0016206060547623001,0,-0.024543749168515205,-0.00390625,0,32,32,0,0,1,1,10.000019000000027,1.9000000026636599e-05
115,1.1425941879999999,DUAL_CURRENT_HOLD,1,1,0.32683455944061279,1.3058042526245117,-0,0,0.33038187026977539,1.3123236894607544,-0.00056039666223024797,0.0010299268427835478,0.00023476509027664993,0,-0.00023476509027664993,-0.0015903235050137958,0.12271875143051147,-0.34361249208450317,0,0.00390625,32,32,0,0,1,1,10.001266999999814,0.0012669999998138337
116,1.152486787,DUAL_CURRENT_HOLD,1,1,0.32683455944061279,1.3058042526245117,-0,0,0.33019012212753296,1.3125153779983521,-0.00053010469626602605,0.0010602093925320521,0.00026505234813301303,0,-0.00026505234813301303,-0.0015903140887980781,-0.34361249208450317,-0.24543750286102295,0,0,32,32,0,0,1,1,9.8925990000000574,0.10740099999994257
117,1.1626424449999999,DUAL_CURRENT_HOLD,1,1,0.32683455944061279,1.3058042526245117,-0,0,0.33019012212753296,1.3125153779983521,-0.00053010469626602605,0.0010602093925320521,0.00026505234813301303,0,-0.00026505234813301303,-0.0015903140887980781,-0.24543750286102295,-0.24543750286102295,0,0,32,32,0,0,1,1,10.155657999999956,0.15565799999995633
118,1.172554581,DUAL_CURRENT_HOLD,1,1,0.32683455944061279,1.3058042526245117,-0,0,0.33038187026977539,1.3125153779983521,-0.00056039666223024797,0.0010602093925320521,0.00024990636515090207,0,-0.00024990636515090207,-0.0016206060547623001,0.024543749168515205,-0.073631249368190765,-0.00390625,0,32,32,0,0,1,1,9.9121360000000713,0.087863999999928666
119,1.1824825400000001,DUAL_CURRENT_HOLD,1,1,0.32683455944061279,1.3058042526245117,-0,0,0.33038187026977539,1.3125153779983521,-0.00056039666223024797,0.0010602093925320521,0.00024990636515090207,0,-0.00024990636515090207,-0.0016206060547623001,-0.073631249368190765,-0.12271875143051147,0,0,32,32,0,0,1,1,9.9279590000000972,0.072040999999902766
120,1.1924821459999999,DUAL_CURRENT_HOLD,1,1,0.32683455944061279,1.3058042526245117,-0,0,0.33057361841201782,1.3123236894607544,-0.00059068862819446999,0.0010299268427835478,0.00021961910729453892,0,-0.00021961910729453892,-0.0016206154709780178,0.24543750286102295,-0.36815625429153442,-0.00390625,0,32,32,0,0,1,1,9.9996059999998277,0.00039400000017231207
121,1.2025001829999999,DUAL_CURRENT_HOLD,1,1,0.32683455944061279,1.3058042526245117,-0,0,0.33038187026977539,1.3125153779983521,-0.00056039666223024797,0.0010602093925320521,0.00024990636515090207,0,-0.00024990636515090207,-0.0016206060547623001,0,-0.024543749168515205,0.00390625,0,32,32,0,0,1,1,10.018037000000035,0.018037000000035164
122,1.2124827929999999,DUAL_CURRENT_HOLD,1,1,0.32683455944061279,1.3058042526245117,-0,0,0.33019012212753296,1.3123236894607544,-0.00053010469626602605,0.0010299268427835478,0.00024991107325876089,0,-0.00024991107325876089,-0.001560031539049574,-0.24543750286102295,0.12271875143051147,0,0,32,32,0,0,1,1,9.9826100000000029,0.01738999999999713
123,1.222482324,DUAL_CURRENT_HOLD,1,1,0.32683455944061279,1.3058042526245117,-0,0,0.33038187026977539,1.3125153779983521,-0.00056039666223024797,0.0010602093925320521,0.00024990636515090207,0,-0.00024990636515090207,-0.0016206060547623001,-0.073631249368190765,0.12271875143051147,0,0,32,32,0,0,1,1,9.9995310000000615,0.00046899999993854635
124,1.232501818,DUAL_CURRENT_HOLD,1,1,0.32683455944061279,1.3058042526245117,-0,0,0.33038187026977539,1.3125153779983521,-0.00056039666223024797,0.0010602093925320521,0.00024990636515090207,0,-0.00024990636515090207,-0.0016206060547623001,0.049087498337030411,0,0,-0.00390625,32,32,0,0,1,1,10.019494000000018,0.019494000000017664
125,1.242487297,DUAL_CURRENT_HOLD,1,1,0.32683455944061279,1.3058042526245117,-0,0,0.33019012212753296,1.3123236894607544,-0.00053010469626602605,0.0010299268427835478,0.00024991107325876089,0,-0.00024991107325876089,-0.001560031539049574,-0.26998123526573181,-0.24543750286102295,0,0,32,32,0,0,1,1,9.9854790000000193,0.014520999999980688
126,1.2526699320000001,DUAL_CURRENT_HOLD,1,1,0.32683455944061279,1.3058042526245117,-0,0,0.33038187026977539,1.3125153779983521,-0.00056039666223024797,0.0010602093925320521,0.00024990636515090207,0,-0.00024990636515090207,-0.0016206060547623001,-0.049087498337030411,0.12271875143051147,-0.00390625,0,32,32,0,0,1,1,10.182635000000051,0.18263500000005095
127,1.262642279,DUAL_CURRENT_HOLD,1,1,0.32683455944061279,1.3058042526245117,-0,0,0.33057361841201782,1.3123236894607544,-0.00059068862819446999,0.0010299268427835478,0.00021961910729453892,0,-0.00021961910729453892,-0.0016206154709780178,0.073631249368190765,-0.19634999334812164,0,0,32,32,0,0,1,1,9.972346999999937,0.027653000000062988
128,1.2725075640000001,DUAL_CURRENT_HOLD,1,1,0.32683455944061279,1.3058042526245117,-0,0,0.33057361841201782,1.3123236894607544,-0.00059068862819446999,0.0010299268427835478,0.00021961910729453892,0,-0.00021961910729453892,-0.0016206154709780178,0.14726249873638153,-0.29452499747276306,0,0,32,32,0,0,1,1,9.8652850000000569,0.13471499999994307
129,1.282596812,DUAL_CURRENT_HOLD,1,1,0.32683455944061279,1.3058042526245117,-0,0,0.33057361841201782,1.3127071857452393,-0.00059068862819446999,0.0010905107747119919,0.00024991107325876094,0,-0.00024991107325876094,-0.0016811994029064619,0.12271875143051147,0.29452499747276306,0,0,32,32,0,0,1,1,10.089247999999884,0.089247999999884087
130,1.2926121559999999,DUAL_CURRENT_HOLD,1,1,0.32683455944061279,1.3058042526245117,-0,0,0.33038187026977539,1.3125153779983521,-0.00056039666223024797,0.0010602093925320521,0.00024990636515090207,0,-0.00024990636515090207,-0.0016206060547623001,-0.14726249873638153,-0.049087498337030411,0,0,32,32,0,0,1,1,10.015343999999926,0.015343999999926083
131,1.3026014290000001,DUAL_CURRENT_HOLD,1,1,0.32683455944061279,1.3058042526245117,-0,0,0.33038187026977539,1.3125153779983521,-0.00056039666223024797,0.0010602093925320521,0.00024990636515090207,0,-0.00024990636515090207,-0.0016206060547623001,-0.24543750286102295,0.098174996674060822,0.00390625,0,32,32,0,0,1,1,9.9892730000001873,0.010726999999812747
132,1.3126053630000001,DUAL_CURRENT_HOLD,1,1,0.32683455944061279,1.3058042526245117,-0,0,0.33038187026977539,1.3123236894607544,-0.00056039666223024797,0.0010299268427835478,0.00023476509027664993,0,-0.00023476509027664993,-0.0015903235050137958,-0.098174996674060822,-0.19634999334812164,0,0,32,32,0,0,1,1,10.003933999999992,0.0039339999999921105
133,1.3226250399999999,DUAL_CURRENT_HOLD,1,1,0.32683455944061279,1.3058042526245117,-0,0,0.33038187026977539,1.3123236894607544,-0.00056039666223024797,0.0010299268427835478,0.00023476509027664993,0,-0.00023476509027664993,-0.0015903235050137958,-0.24543750286102295,-0.22089375555515289,0,0,32,32,0,0,1,1,10.019676999999838,0.019676999999838074
134,1.3325925999999999,DUAL_CURRENT_HOLD,1,1,0.32683455944061279,1.3058042526245117,-0,0,0.33038187026977539,1.3125153779983521,-0.00056039666223024797,0.0010602093925320521,0.00024990636515090207,0,-0.00024990636515090207,-0.0016206060547623001,-0.19634999334812164,-0.24543750286102295,0.00390625,0,32,32,0,0,1,1,9.9675599999999864,0.032440000000013569
135,1.3424884159999999,DUAL_CURRENT_HOLD,1,1,0.32683455944061279,1.3058042526245117,-0,0,0.33057361841201782,1.3125153779983521,-0.00059068862819446999,0.0010602093925320521,0.00023476038216879106,0,-0.00023476038216879106,-0.0016508980207265221,0.098174996674060822,-0.049087498337030411,0.00390625,0,32,32,0,0,1,1,9.8958160000000017,0.10418399999999828
136,1.3525241320000001,DUAL_CURRENT_HOLD,1,1,0.32683455944061279,1.3058042526245117,-0,0,0.33057361841201782,1.3123236894607544,-0.00059068862819446999,0.0010299268427835478,0.00021961910729453892,0,-0.00021961910729453892,-0.0016206154709780178,0,-0.12271875143051147,0,-0.00390625,32,32,0,0,1,1,10.035716000000194,0.03571600000019437
137,1.362607592,DUAL_CURRENT_HOLD,1,1,0.32683455944061279,1.3058042526245117,-0,0,0.33057361841201782,1.3125153779983521,-0.00059068862819446999,0.0010602093925320521,0.00023476038216879106,0,-0.00023476038216879106,-0.0016508980207265221,0,0.073631249368190765,0,0.00390625,32,32,0,0,1,1,10.083459999999933,0.083459999999933032
138,1.3727220710000001,DUAL_CURRENT_HOLD,1,1,0.32683455944061279,1.3058042526245117,-0,0,0.33038187026977539,1.3123236894607544,-0.00056039666223024797,0.0010299268427835478,0.00023476509027664993,0,-0.00023476509027664993,-0.0015903235050137958,-0.34361249208450317,-0.17180624604225159,0,0,32,32,0,0,1,1,10.114479000000065,0.11447900000006506
139,1.3826178060000001,DUAL_CURRENT_HOLD,1,1,0.32683455944061279,1.3058042526245117,-0,0,0.33076536655426025,1.3125153779983521,-0.00062098059415869201,0.0010602093925320521,0.00021961439918668005,0,-0.00021961439918668005,-0.0016811899866907441,0.34361249208450317,0.31906875967979431,0,0.00390625,32,32,0,0,1,1,9.8957349999999611,0.10426500000003891
140,1.3925008059999999,DUAL_CURRENT_HOLD,1,1,0.32683455944061279,1.3058042526245117,-0,0,0.33057361841201782,1.3125153779983521,-0.00059068862819446999,0.0010602093925320521,0.00023476038216879106,0,-0.00023476038216879106,-0.0016508980207265221,0.049087498337030411,-0.39269998669624329,0,0,32,32,0,0,1,1,9.8829999999998641,0.11700000000013588
141,1.4024825700000001,DUAL_CURRENT_HOLD,1,1,0.32683455944061279,1.3058042526245117,-0,0,0.33038187026977539,1.3125153779983521,-0.00056039666223024797,0.0010602093925320521,0.00024990636515090207,0,-0.00024990636515090207,-0.0016206060547623001,-0.24543750286102295,0.073631249368190765,0,-0.00390625,32,32,0,0,1,1,9.9817640000001706,0.018235999999829389
142,1.4125035969999999,DUAL_CURRENT_HOLD,1,1,0.32683455944061279,1.3058042526245117,-0,0,0.33038187026977539,1.3125153779983521,-0.00056039666223024797,0.0010602093925320521,0.00024990636515090207,0,-0.00024990636515090207,-0.0016206060547623001,0.12271875143051147,0.098174996674060822,-0.00390625,0,32,32,0,0,1,1,10.021026999999849,0.021026999999849139
143,1.422546893,DUAL_CURRENT_HOLD,1,1,0.32683455944061279,1.3058042526245117,-0,0,0.33057361841201782,1.3123236894607544,-0.00059068862819446999,0.0010299268427835478,0.00021961910729453892,0,-0.00021961910729453892,-0.0016206154709780178,0.098174996674060822,-0.29452499747276306,0,0.00390625,32,32,0,0,1,1,10.04329600000009,0.043296000000090373
144,1.432642711,DUAL_CURRENT_HOLD,1,1,0.32683455944061279,1.3058042526245117,-0,0,0.33038187026977539,1.3125153779983521,-0.00056039666223024797,0.0010602093925320521,0.00024990636515090207,0,-0.00024990636515090207,-0.0016206060547623001,-0.46633124351501465,0,0,0,32,32,0,0,1,1,10.095817999999923,0.095817999999923131
145,1.442484348,DUAL_CURRENT_HOLD,1,1,0.32683455944061279,1.3058042526245117,-0,0,0.33057361841201782,1.3123236894607544,-0.00059068862819446999,0.0010299268427835478,0.00021961910729453892,0,-0.00021961910729453892,-0.0016206154709780178,-0.024543749168515205,-0.24543750286102295,0,0,32,32,0,0,1,1,9.8416370000000697,0.15836299999993031
146,1.4526754829999999,DUAL_CURRENT_HOLD,1,1,0.32683455944061279,1.3058042526245117,-0,0,0.33057361841201782,1.3125153779983521,-0.00059068862819446999,0.0010602093925320521,0.00023476038216879106,0,-0.00023476038216879106,-0.0016508980207265221,0,0.17180624604225159,-0.00390625,0.00390625,32,32,0,0,1,1,10.191134999999907,0.1911349999999068
147,1.4624857469999999,DUAL_CURRENT_HOLD,1,1,0.32683455944061279,1.3058042526245117,-0,0,0.33038187026977539,1.3123236894607544,-0.00056039666223024797,0.0010299268427835478,0.00023476509027664993,0,-0.00023476509027664993,-0.0015903235050137958,-0.24543750286102295,-0.17180624604225159,0,0,32,32,0,0,1,1,9.8102639999999575,0.18973600000004254
148,1.472487871,DUAL_CURRENT_HOLD,1,1,0.32683455944061279,1.3058042526245117,-0,0,0.33038187026977539,1.3123236894607544,-0.00056039666223024797,0.0010299268427835478,0.00023476509027664993,0,-0.00023476509027664993,-0.0015903235050137958,0.12271875143051147,-0.26998123526573181,0.0078125,0,32,32,0,0,1,1,10.002124000000112,0.0021240000001121473
149,1.482486062,DUAL_CURRENT_HOLD,1,1,0.32683455944061279,1.3058042526245117,-0,0,0.33057361841201782,1.3125153779983521,-0.00059068862819446999,0.0010602093925320521,0.00023476038216879106,0,-0.00023476038216879106,-0.0016508980207265221,-0.31906875967979431,0.19634999334812164,0,0,32,32,0,0,1,1,9.9981909999999896,0.0018090000000103856
150,1.4924866400000001,DUAL_CURRENT_HOLD,1,1,0.32683455944061279,1.3058042526245117,-0,0,0.33057361841201782,1.3125153779983521,-0.00059068862819446999,0.0010602093925320521,0.00023476038216879106,0,-0.00023476038216879106,-0.0016508980207265221,0.073631249368190765,0.073631249368190765,0,0,32,32,0,0,1,1,10.000578000000093,0.00057800000009322616
151,1.5024839759999999,DUAL_CURRENT_HOLD,1,1,0.32683455944061279,1.3058042526245117,-0,0,0.33057361841201782,1.3123236894607544,-0.00059068862819446999,0.0010299268427835478,0.00021961910729453892,0,-0.00021961910729453892,-0.0016206154709780178,-0.024543749168515205,-0.24543750286102295,0,-0.00390625,32,32,0,0,1,1,9.9973359999998568,0.0026640000001432185
152,1.5124886559999999,DUAL_CURRENT_HOLD,1,1,0.32683455944061279,1.3058042526245117,-0,0,0.33057361841201782,1.3123236894607544,-0.00059068862819446999,0.0010299268427835478,0.00021961910729453892,0,-0.00021961910729453892,-0.0016206154709780178,0,-0.24543750286102295,0,0,32,32,0,0,1,1,10.004679999999988,0.0046799999999880271
153,1.522488133,DUAL_CURRENT_HOLD,1,1,0.32683455944061279,1.3058042526245117,-0,0,0.33057361841201782,1.3123236894607544,-0.00059068862819446999,0.0010299268427835478,0.00021961910729453892,0,-0.00021961910729453892,-0.0016206154709780178,0,-0.098174996674060822,0,0.00390625,32,32,0,0,1,1,9.9994770000000344,0.00052299999996563429
154,1.5324876030000001,DUAL_CURRENT_HOLD,1,1,0.32683455944061279,1.3058042526245117,-0,0,0.33038187026977539,1.3125153779983521,-0.00056039666223024797,0.0010602093925320521,0.00024990636515090207,0,-0.00024990636515090207,-0.0016206060547623001,-0.34361249208450317,0.12271875143051147,0,0,32,32,0,0,1,1,9.9994700000001213,0.00052999999987868307
155,1.542483209,DUAL_CURRENT_HOLD,1,1,0.32683455944061279,1.3058042526245117,-0,0,0.33057361841201782,1.3125153779983521,-0.00059068862819446999,0.0010602093925320521,0.00023476038216879106,0,-0.00023476038216879106,-0.0016508980207265221,0,0.024543749168515205,0,0,32,32,0,0,1,1,9.9956059999999347,0.0043940000000652901
156,1.5524941999999999,DUAL_CURRENT_HOLD,1,1,0.32683455944061279,1.3058042526245117,-0,0,0.33057361841201782,1.3125153779983521,-0.00059068862819446999,0.0010602093925320521,0.00023476038216879106,0,-0.00023476038216879106,-0.0016508980207265221,0,0.098174996674060822,-0.00390625,-0.00390625,32,32,0,0,1,1,10.010990999999914,0.010990999999913598
157,1.5626023920000001,DUAL_CURRENT_HOLD,1,1,0.32683455944061279,1.3058042526245117,-0,0,0.33057361841201782,1.3125153779983521,-0.00059068862819446999,0.0010602093925320521,0.00023476038216879106,0,-0.00023476038216879106,-0.0016508980207265221,0.073631249368190765,0.12271875143051147,0,0,32,32,0,0,1,1,10.108192000000127,0.10819200000012685
158,1.57258991,DUAL_CURRENT_HOLD,1,1,0.32683455944061279,1.3058042526245117,-0,0,0.33057361841201782,1.3123236894607544,-0.00059068862819446999,0.0010299268427835478,0.00021961910729453892,0,-0.00021961910729453892,-0.0016206154709780178,0.098174996674060822,-0.24543750286102295,0.00390625,-0.00390625,32,32,0,0,1,1,9.987517999999973,0.012482000000026972
159,1.582604243,DUAL_CURRENT_HOLD,1,1,0.32683455944061279,1.3058042526245117,-0,0,0.33038187026977539,1.3123236894607544,-0.00056039666223024797,0.0010299268427835478,0.00023476509027664993,0,-0.00023476509027664993,-0.0015903235050137958,-0.36815625429153442,-0.26998123526573181,-0.00390625,0,32,32,0,0,1,1,10.014332999999986,0.014332999999986384
160,1.5926217119999999,DUAL_CURRENT_HOLD,1,1,0.32683455944061279,1.3058042526245117,-0,0,0.33038187026977539,1.3123236894607544,-0.00056039666223024797,0.0010299268427835478,0.00023476509027664993,0,-0.00023476509027664993,-0.0015903235050137958,-0.36815625429153442,-0.19634999334812164,0,0.00390625,32,32,0,0,1,1,10.01746899999989,0.017468999999890045
161,1.602612629,DUAL_CURRENT_HOLD,1,1,0.32683455944061279,1.3058042526245117,-0,0,0.33057361841201782,1.3123236894607544,-0.00059068862819446999,0.0010299268427835478,0.00021961910729453892,0,-0.00021961910729453892,-0.0016206154709780178,-0.36815625429153442,-0.41724374890327454,-0.00390625,-0.00390625,32,32,0,0,1,1,9.9909170000000991,0.0090829999999009203
162,1.612630582,DUAL_CURRENT_HOLD,1,1,0.32683455944061279,1.3058042526245117,-0,0,0.33057361841201782,1.3123236894607544,-0.00059068862819446999,0.0010299268427835478,0.00021961910729453892,0,-0.00021961910729453892,-0.0016206154709780178,0.049087498337030411,-0.19634999334812164,0,0,32,32,0,0,1,1,10.017952999999968,0.017952999999968355
163,1.622557528,DUAL_CURRENT_HOLD,1,1,0.32683455944061279,1.3058042526245117,-0,0,0.33057361841201782,1.3125153779983521,-0.00059068862819446999,0.0010602093925320521,0.00023476038216879106,0,-0.00023476038216879106,-0.0016508980207265221,0.049087498337030411,0.17180624604225159,0,0,32,32,0,0,1,1,9.9269459999999921,0.073054000000007946
164,1.6326090150000001,DUAL_CURRENT_HOLD,1,1,0.32683455944061279,1.3058042526245117,-0,0,0.33038187026977539,1.3125153779983521,-0.00056039666223024797,0.0010602093925320521,0.00024990636515090207,0,-0.00024990636515090207,-0.0016206060547623001,-0.34361249208450317,0.12271875143051147,0,0.00390625,32,32,0,0,1,1,10.051487000000137,0.051487000000136618
165,1.6426091140000001,DUAL_CURRENT_HOLD,1,1,0.32683455944061279,1.3058042526245117,-0,0,0.33038187026977539,1.3123236894607544,-0.00056039666223024797,0.0010299268427835478,0.00023476509027664993,0,-0.00023476509027664993,-0.0015903235050137958,-0.24543750286102295,0.098174996674060822,0,0,32,32,0,0,1,1,10.000098999999985,9.8999999984528131e-05
166,1.6524876390000001,DUAL_CURRENT_HOLD,1,1,0.32683455944061279,1.3058042526245117,-0,0,0.33057361841201782,1.3123236894607544,-0.00059068862819446999,0.0010299268427835478,0.00021961910729453892,0,-0.00021961910729453892,-0.0016206154709780178,0,-0.29452499747276306,0,0,32,32,0,0,1,1,9.8785249999999714,0.12147500000002864
167,1.6626039429999999,DUAL_CURRENT_HOLD,1,1,0.32683455944061279,1.3058042526245117,-0,0,0.33076536655426025,1.3125153779983521,-0.00062098059415869201,0.0010602093925320521,0.00021961439918668005,0,-0.00021961439918668005,-0.0016811899866907441,0.31906875967979431,-0.024543749168515205,0,-0.00390625,32,32,0,0,1,1,10.116303999999854,0.11630399999985386
168,1.6726093310000001,DUAL_CURRENT_HOLD,1,1,0.32683455944061279,1.3058042526245117,-0,0,0.33057361841201782,1.3125153779983521,-0.00059068862819446999,0.0010602093925320521,0.00023476038216879106,0,-0.00023476038216879106,-0.0016508980207265221,0,0.12271875143051147,0,0,32,32,0,0,1,1,10.00538800000017,0.0053880000001704786
169,1.6826077100000001,DUAL_CURRENT_HOLD,1,1,0.32683455944061279,1.3058042526245117,-0,0,0.33057361841201782,1.3123236894607544,-0.00059068862819446999,0.0010299268427835478,0.00021961910729453892,0,-0.00021961910729453892,-0.0016206154709780178,-0.39269998669624329,-0.073631249368190765,0,0.00390625,32,32,0,0,1,1,9.9983790000000017,0.0016209999999983182
170,1.6925946810000001,DUAL_CURRENT_HOLD,1,1,0.32683455944061279,1.3058042526245117,-0,0,0.33057361841201782,1.3127071857452393,-0.00059068862819446999,0.0010905107747119919,0.00024991107325876094,0,-0.00024991107325876094,-0.0016811994029064619,0.073631249368190765,0.12271875143051147,0,0,32,32,0,0,1,1,9.9869710000000111,0.013028999999988855
171,1.702628268,DUAL_CURRENT_HOLD,1,1,0.32683455944061279,1.3058042526245117,-0,0,0.33057361841201782,1.3125153779983521,-0.00059068862819446999,0.0010602093925320521,0.00023476038216879106,0,-0.00023476038216879106,-0.0016508980207265221,0.073631249368190765,-0.073631249368190765,0,-0.0078125,32,32,0,0,1,1,10.033586999999899,0.033586999999899447
172,1.7126120149999999,DUAL_CURRENT_HOLD,1,1,0.32683455944061279,1.3058042526245117,-0,0,0.33057361841201782,1.3125153779983521,-0.00059068862819446999,0.0010602093925320521,0.00023476038216879106,0,-0.00023476038216879106,-0.0016508980207265221,0.073631249368190765,0.049087498337030411,-0.00390625,0,32,32,0,0,1,1,9.9837469999999318,0.016253000000068241
173,1.722609332,DUAL_CURRENT_HOLD,1,1,0.32683455944061279,1.3058042526245117,-0,0,0.33057361841201782,1.3125153779983521,-0.00059068862819446999,0.0010602093925320521,0.00023476038216879106,0,-0.00023476038216879106,-0.0016508980207265221,0.073631249368190765,-0.24543750286102295,-0.00390625,0,32,32,0,0,1,1,9.9973170000000611,0.0026829999999389287
174,1.732603388,DUAL_CURRENT_HOLD,1,1,0.32683455944061279,1.3058042526245117,-0,0,0.33038187026977539,1.3123236894607544,-0.00056039666223024797,0.0010299268427835478,0.00023476509027664993,0,-0.00023476509027664993,-0.0015903235050137958,-0.36815625429153442,-0.46633124351501465,0,0.00390625,32,32,0,0,1,1,9.9940560000000289,0.0059439999999710835
175,1.742604566,DUAL_CURRENT_HOLD,1,1,0.32683455944061279,1.3058042526245117,-0,0,0.33057361841201782,1.3121318817138672,-0.00059068862819446999,0.00099962546060360807,0.00020446841620456904,0,-0.00020446841620456904,-0.0015903140887980781,-0.22089375555515289,-0.7117687463760376,0,0,32,32,0,0,1,1,10.001177999999999,0.0011779999999994573
176,1.7525045340000001,DUAL_CURRENT_HOLD,1,1,0.32683455944061279,1.3058042526245117,-0,0,0.33057361841201782,1.3127071857452393,-0.00059068862819446999,0.0010905107747119919,0.00024991107325876094,0,-0.00024991107325876094,-0.0016811994029064619,0,0.36815625429153442,0,0,32,32,0,0,1,1,9.8999680000000367,0.10003199999996326
177,1.762502869,DUAL_CURRENT_HOLD,1,1,0.32683455944061279,1.3058042526245117,-0,0,0.33076536655426025,1.3125153779983521,-0.00062098059415869201,0.0010602093925320521,0.00021961439918668005,0,-0.00021961439918668005,-0.0016811899866907441,0.34361249208450317,0,-0.00390625,-0.00390625,32,32,0,0,1,1,9.9983349999999138,0.0016650000000861809
178,1.772595371,DUAL_CURRENT_HOLD,1,1,0.32683455944061279,1.3058042526245117,-0,0,0.33057361841201782,1.3123236894607544,-0.00059068862819446999,0.0010299268427835478,0.00021961910729453892,0,-0.00021961910729453892,-0.0016206154709780178,0,-0.51541876792907715,-0.00390625,-0.00390625,32,32,0,0,1,1,10.092502000000003,0.092502000000003193
179,1.782597685,DUAL_CURRENT_HOLD,1,1,0.32683455944061279,1.3058042526245117,-0,0,0.33057361841201782,1.3125153779983521,-0.00059068862819446999,0.0010602093925320521,0.00023476038216879106,0,-0.00023476038216879106,-0.0016508980207265221,-0.073631249368190765,0.098174996674060822,0,0,32,32,0,0,1,1,10.002314000000068,0.0023140000000676508
180,1.7925200960000001,DUAL_CURRENT_HOLD,1,1,0.32683455944061279,1.3058042526245117,-0,0,0.33038187026977539,1.3125153779983521,-0.00056039666223024797,0.0010602093925320521,0.00024990636515090207,0,-0.00024990636515090207,-0.0016206060547623001,-0.24543750286102295,0,0,-0.00390625,32,32,0,0,1,1,9.9224110000000199,0.077588999999980146
181,1.802514527,DUAL_CURRENT_HOLD,1,1,0.32683455944061279,1.3058042526245117,-0,0,0.33057361841201782,1.3123236894607544,-0.00059068862819446999,0.0010299268427835478,0.00021961910729453892,0,-0.00021961910729453892,-0.0016206154709780178,0.024543749168515205,-0.22089375555515289,0,0,32,32,0,0,1,1,9.9944309999999703,0.0055690000000296891
182,1.812603196,DUAL_CURRENT_HOLD,1,1,0.32683455944061279,1.3058042526245117,-0,0,0.33057361841201782,1.3123236894607544,-0.00059068862819446999,0.0010299268427835478,0.00021961910729453892,0,-0.00021961910729453892,-0.0016206154709780178,0.049087498337030411,-0.34361249208450317,0,-0.00390625,32,32,0,0,1,1,10.088668999999939,0.088668999999939047
183,1.8226081139999999,DUAL_CURRENT_HOLD,1,1,0.32683455944061279,1.3058042526245117,-0,0,0.33038187026977539,1.3127071857452393,-0.00056039666223024797,0.0010905107747119919,0.00026505705624087195,0,-0.00026505705624087195,-0.0016509074369422398,-0.34361249208450317,0.4908750057220459,-0.00390625,0.00390625,32,32,0,0,1,1,10.004917999999918,0.0049179999999182655
184,1.832638287,DUAL_CURRENT_HOLD,1,1,0.32683455944061279,1.3058042526245117,-0,0,0.33057361841201782,1.3123236894607544,-0.00059068862819446999,0.0010299268427835478,0.00021961910729453892,0,-0.00021961910729453892,-0.0016206154709780178,-0.024543749168515205,-0.24543750286102295,0,0.00390625,32,32,0,0,1,1,10.030173000000087,0.030173000000086603
185,1.8426144529999999,DUAL_CURRENT_HOLD,1,1,0.32683455944061279,1.3058042526245117,-0,0,0.33057361841201782,1.3125153779983521,-0.00059068862819446999,0.0010602093925320521,0.00023476038216879106,0,-0.00023476038216879106,-0.0016508980207265221,0,-0.24543750286102295,0,0,32,32,0,0,1,1,9.976165999999953,0.023834000000046984
186,1.852630464,DUAL_CURRENT_HOLD,1,1,0.32683455944061279,1.3058042526245117,-0,0,0.33038187026977539,1.3123236894607544,-0.00056039666223024797,0.0010299268427835478,0.00023476509027664993,0,-0.00023476509027664993,-0.0015903235050137958,-0.36815625429153442,-0.29452499747276306,0,0,32,32,0,0,1,1,10.016011000000047,0.016011000000046849
187,1.8626335940000001,DUAL_CURRENT_HOLD,1,1,0.32683455944061279,1.3058042526245117,-0,0,0.33057361841201782,1.3125153779983521,-0.00059068862819446999,0.0010602093925320521,0.00023476038216879106,0,-0.00023476038216879106,-0.0016508980207265221,0.073631249368190765,-0.26998123526573181,-0.00390625,-0.0078125,32,32,0,0,1,1,10.003130000000082,0.0031300000000822337
188,1.872613877,DUAL_CURRENT_HOLD,1,1,0.32683455944061279,1.3058042526245117,-0,0,0.33057361841201782,1.3127071857452393,-0.00059068862819446999,0.0010905107747119919,0.00024991107325876094,0,-0.00024991107325876094,-0.0016811994029064619,0.12271875143051147,0.12271875143051147,0,0,32,32,0,0,1,1,9.9802829999999787,0.019717000000021301
189,1.8826126270000001,DUAL_CURRENT_HOLD,1,1,0.32683455944061279,1.3058042526245117,-0,0,0.33057361841201782,1.3123236894607544,-0.00059068862819446999,0.0010299268427835478,0.00021961910729453892,0,-0.00021961910729453892,-0.0016206154709780178,0.049087498337030411,-0.34361249208450317,0,0,32,32,0,0,1,1,9.9987500000000562,0.0012499999999437961
190,1.892597055,DUAL_CURRENT_HOLD,1,1,0.32683455944061279,1.3058042526245117,-0,0,0.33038187026977539,1.3123236894607544,-0.00056039666223024797,0.0010299268427835478,0.00023476509027664993,0,-0.00023476509027664993,-0.0015903235050137958,-0.24543750286102295,-0.22089375555515289,0,0.00390625,32,32,0,0,1,1,9.9844279999998786,0.015572000000121378
191,1.9026110899999999,DUAL_CURRENT_HOLD,1,1,0.32683455944061279,1.3058042526245117,-0,0,0.33038187026977539,1.3125153779983521,-0.00056039666223024797,0.0010602093925320521,0.00024990636515090207,0,-0.00024990636515090207,-0.0016206060547623001,0,-0.29452499747276306,0,0,32,32,0,0,1,1,10.014034999999977,0.014034999999976705
192,1.9126097820000001,DUAL_CURRENT_HOLD,1,1,0.32683455944061279,1.3058042526245117,-0,0,0.33057361841201782,1.3123236894607544,-0.00059068862819446999,0.0010299268427835478,0.00021961910729453892,0,-0.00021961910729453892,-0.0016206154709780178,0.049087498337030411,-0.14726249873638153,-0.00390625,0,32,32,0,0,1,1,9.9986920000001422,0.0013079999998577563
193,1.9225124090000001,DUAL_CURRENT_HOLD,1,1,0.32683455944061279,1.3058042526245117,-0,0,0.33038187026977539,1.3123236894607544,-0.00056039666223024797,0.0010299268427835478,0.00023476509027664993,0,-0.00023476509027664993,-0.0015903235050137958,-0.31906875967979431,-0.39269998669624329,0,0,32,32,0,0,1,1,9.9026269999999972,0.097373000000002818
194,1.932513127,DUAL_CURRENT_HOLD,1,1,0.32683455944061279,1.3058042526245117,-0,0,0.33038187026977539,1.3125153779983521,-0.00056039666223024797,0.0010602093925320521,0.00024990636515090207,0,-0.00024990636515090207,-0.0016206060547623001,-0.31906875967979431,-0.049087498337030411,0,0,32,32,0,0,1,1,10.000717999999909,0.00071799999990851404
195,1.942504668,DUAL_CURRENT_HOLD,1,1,0.32683455944061279,1.3058042526245117,-0,0,0.33057361841201782,1.3125153779983521,-0.00059068862819446999,0.0010602093925320521,0.00023476038216879106,0,-0.00023476038216879106,-0.0016508980207265221,0,-0.12271875143051147,-0.00390625,-0.00390625,32,32,0,0,1,1,9.9915409999999927,0.0084590000000073218
196,1.952493453,DUAL_CURRENT_HOLD,1,1,0.32683455944061279,1.3058042526245117,-0,0,0.33057361841201782,1.3125153779983521,-0.00059068862819446999,0.0010602093925320521,0.00023476038216879106,0,-0.00023476038216879106,-0.0016508980207265221,0.024543749168515205,0,0,-0.00390625,32,32,0,0,1,1,9.988785,0.011214999999999975
197,1.962490179,DUAL_CURRENT_HOLD,1,1,0.32683455944061279,1.3058042526245117,-0,0,0.33038187026977539,1.3125153779983521,-0.00056039666223024797,0.0010602093925320521,0.00024990636515090207,0,-0.00024990636515090207,-0.0016206060547623001,-0.26998123526573181,-0.19634999334812164,0,-0.00390625,32,32,0,0,1,1,9.9967260000000113,0.0032739999999886749
198,1.9725066659999999,DUAL_CURRENT_HOLD,1,1,0.32683455944061279,1.3058042526245117,-0,0,0.33057361841201782,1.3123236894607544,-0.00059068862819446999,0.0010299268427835478,0.00021961910729453892,0,-0.00021961910729453892,-0.0016206154709780178,0.024543749168515205,-0.44178751111030579,0,0,32,32,0,0,1,1,10.016486999999907,0.016486999999907326
199,1.982532451,DUAL_CURRENT_HOLD,1,1,0.32683455944061279,1.3058042526245117,-0,0,0.33038187026977539,1.3125153779983521,-0.00056039666223024797,0.0010602093925320521,0.00024990636515090207,0,-0.00024990636515090207,-0.0016206060547623001,-0.24543750286102295,0.073631249368190765,0,0,32,32,0,0,1,1,10.025785000000065,0.025785000000064784
200,1.992516293,PLUS_5_PROFILE,1,1,0.32683455944061279,1.3058042526245117,-0,0,0.33057361841201782,1.3127071857452393,-0.00059068862819446999,0.0010905107747119919,0.00024991107325876094,0,-0.00024991107325876094,-0.0016811994029064619,-0.024543749168515205,0,-0.00390625,-0.00390625,32,32,0,0,1,1,9.9838420000000205,0.016157999999979467
201,2.0025086870000002,PLUS_5_PROFILE,1,1,0.32666884043013328,1.3059699716349913,-0.033143802095898151,0.033143802095898151,0.33057361841201782,1.3123236894607544,-0.00059068862819446999,0.0010299268427835478,0.00021961910729453892,2.6179938779914941e-05,-0.00019343916851462397,-0.0016206154709780178,0,-0.19634999334812164,0,0,32,32,0,0,1,1,9.9923940000001821,0.0076059999998179251
202,2.0126096690000002,PLUS_5_PROFILE,1,1,0.32617168339869484,1.3064671286664298,-0.066287604191796301,0.066287604191796301,0.33038187026977539,1.3125153779983521,-0.00056039666223024797,0.0010602093925320521,0.00024990636515090207,0.00010471975511965977,-0.00014518661003124232,-0.0016206060547623001,-0.31906875967979431,0,-0.0078125,0,32,32,0,0,1,1,10.100981999999981,0.10098199999998059
203,2.022523316,PLUS_5_PROFILE,1,1,0.32534308834629738,1.3072957237188272,-0.099431406287694452,0.099431406287694452,0.33057361841201782,1.3123236894607544,-0.00059068862819446999,0.0010299268427835478,0.00021961910729453892,0.00023561944901923445,1.6000341724695534e-05,-0.0016206154709780178,-0.34361249208450317,-0.46633124351501465,-0.00390625,0,32,32,0,0,1,1,9.9136469999998589,0.086353000000141122
204,2.0325187809999998,PLUS_5_PROFILE,1,1,0.32418305527294095,1.3084557567921835,-0.1325752083835926,0.1325752083835926,0.33038187026977539,1.3127071857452393,-0.00056039666223024797,0.0010905107747119919,0.00026505705624087195,0.00041887902047863906,0.00015382196423776711,-0.0016509074369422398,-0.34361249208450317,-0.22089375555515289,-0.0078125,0.00390625,32,32,0,0,1,1,9.9954649999998146,0.004535000000185363
205,2.0425282089999999,PLUS_5_PROFILE,1,1,0.32269158417862553,1.309947227886499,-0.16571901047949075,0.16571901047949075,0.33019012212753296,1.3127071857452393,-0.00053010469626602605,0.0010905107747119919,0.00028020303922298291,0.00065449846949787362,0.00037429543027489072,-0.001620615470978018,-0.61359375715255737,0.049087498337030411,-0.0078125,0.00390625,32,32,0,0,1,1,10.009428000000042,0.0094280000000424025
206,2.052489301,PLUS_5_PROFILE,1,1,0.32086867506335115,1.3117701370017734,-0.1988628125753889,0.1988628125753889,0.33038187026977539,1.3128988742828369,-0.00056039666223024797,0.0011207933244604959,0.00028019833111512398,0.00094247779607693782,0.00066227946496181384,-0.0016811899866907439,-0.073631249368190765,-0.049087498337030411,-0.00390625,0,32,32,0,0,1,1,9.9610920000001713,0.038907999999828746
207,2.062565835,PLUS_5_PROFILE,1,1,0.31871432792711774,1.3139244841380067,-0.23200661467128711,0.23200661467128711,0.33038187026977539,1.3128988742828369,-0.00056039666223024797,0.0011207933244604959,0.00028019833111512398,0.0012828170002158325,0.0010026186691007085,-0.0016811899866907439,-0.024543749168515205,-0.39269998669624329,-0.01171875,0.0078125,32,32,0,0,1,1,10.07653399999997,0.076533999999970348
208,2.0725432430000001,PLUS_5_PROFILE,1,1,0.3162285427699254,1.3164102692951991,-0.2651504167671852,0.2651504167671852,0.33038187026977539,1.3132823705673218,-0.00056039666223024797,0.00118137725638894,0.000310490297079346,0.0016755160819145562,0.0013650257848352102,-0.0017417739186191879,0.073631249368190765,-0.31906875967979431,-0.01171875,0.01171875,32,32,0,0,1,1,9.9774080000001319,0.022591999999868051
209,2.0825714089999998,PLUS_5_PROFILE,1,1,0.31341131959177404,1.3192274924733505,-0.29829421886308338,0.29829421886308338,0.33038187026977539,1.3138576745986938,-0.00056039666223024797,0.0012722625704973238,0.0003559329541335379,0.00212057504117311,0.001764642087039572,-0.0018326592327275717,0.024543749168515205,-0.34361249208450317,-0.01953125,0.01171875,32,32,0,0,1,1,10.028165999999672,0.028165999999671953
210,2.0924897659999999,PLUS_5_PROFILE,1,1,0.3102626583926637,1.3223761536724608,-0.33143802095898151,0.33143802095898151,0.33019012212753296,1.3146246671676636,-0.00053010469626602605,0.0013934304343542119,0.0004316628690440929,0.0026179938779914945,0.0021863310089474015,-0.0019235351306202378,-0.34361249208450317,0,-0.01953125,0.01171875,32,32,0,0,1,1,9.9183570000000998,0.081642999999900212
211,2.1025284270000002,PLUS_5_PROFILE,1,1,0.30678255917259439,1.3258562528925302,-0.36458182305487968,0.36458182305487968,0.33019012212753296,1.3150081634521484,-0.00053010469626602605,0.0014540143662826559,0.00046195483500831492,0.0031677725923697081,0.0027058177573613933,-0.0019841190625486818,-0.24543750286102295,0.12271875143051147,-0.0234375,0.01171875,32,32,0,0,1,1,10.038661000000282,0.038661000000281831
212,2.1125424150000001,PLUS_5_PROFILE,1,1,0.30297102193156611,1.3296677901335583,-0.39772562515077781,0.39772562515077781,0.32999837398529053,1.3151998519897461,-0.00049981273030180403,0.00148429691603116,0.00049224209286467791,0.0037699111843077513,0.0032776690914430731,-0.0019841096463329641,-0.68722498416900635,-0.22089375555515289,-0.02734375,0.01953125,32,32,0,0,1,1,10.013987999999863,0.013987999999862666
213,2.1225713829999999,PLUS_5_PROFILE,1,1,0.29882804666957885,1.3338107653955458,-0.43086942724667598,0.43086942724667598,0.32999837398529053,1.3157751560211182,-0.00049981273030180403,0.0015751822301395438,0.00053768474991886992,0.0044244096538056258,0.0038867249038867556,-0.0020749949604413477,-0.41724374890327454,0,-0.03515625,0.0234375,32,32,0,0,1,1,10.02896799999986,0.028967999999860439
214,2.1324881150000001,PLUS_5_PROFILE,1,1,0.29435363338663262,1.3382851786784919,-0.46401322934257422,0.46401322934257422,0.32999837398529053,1.316158652305603,-0.00049981273030180403,0.0016357661620679878,0.00056797671588309194,0.0051312680008633298,0.0045632912849802379,-0.0021355788923697917,-0.39269998669624329,-0.51541876792907715,-0.0390625,0.03515625,32,32,0,0,1,1,9.9167320000002057,0.083267999999794284
215,2.1424860469999998,PLUS_5_PROFILE,1,1,0.28954778208272736,1.343091029982397,-0.49715703143847223,0.49715703143847223,0.3298066258430481,1.3173091411590576,-0.00046952076433758201,0.0018175179578533197,0.0006739985967578689,0.0058904862254808609,0.0052164876287229918,-0.0022870387221909016,-0.53996247053146362,0.12271875143051147,-0.04296875,0.03515625,32,32,0,0,1,1,9.9979319999996541,0.0020680000003459043
216,2.1524873150000001,PLUS_5_PROFILE,1,1,0.28441049275786318,1.3482283193072613,-0.53030083353437041,0.53030083353437041,0.32999837398529053,1.318267822265625,-0.00049981273030180403,0.0019689683714587121,0.00073457782057845407,0.006702064327658225,0.0059674865070797707,-0.002468781101760516,-0.024543749168515205,-0.26998123526573181,-0.0390625,0.0390625,32,32,0,0,1,1,10.001268000000341,0.0012680000003406633
217,2.1624843390000001,PLUS_5_PROFILE,1,1,0.27894176541203997,1.3536970466530847,-0.56344463563026859,0.56344463563026859,0.32999837398529053,1.3194183111190796,-0.00049981273030180403,0.0021507201672440438,0.00082545371847111992,0.0075660023073954186,0.0067405485889242989,-0.0026505328975458477,0.14726249873638153,-0.24543750286102295,-0.05078125,0.0390625,32,32,0,0,1,1,9.997024000000021,0.0029759999999789954
218,2.1724836449999998,PLUS_5_PROFILE,1,1,0.27314160004525778,1.3594972120198667,-0.59658843772616676,0.59658843772616676,0.3298066258430481,1.320952296257019,-0.00046952076433758201,0.0023930558949578199,0.0009617675653101189,0.0084823001646924402,0.0075205325993823215,-0.002862576659295402,0.073631249368190765,0.22089375555515289,-0.0546875,0.04296875,32,32,0,0,1,1,9.9993059999996525,0.00069400000034747222
219,2.1825224990000001,PLUS_5_PROFILE,1,1,0.26700999665751662,1.3656288154076079,-0.62973223982206483,0.62973223982206483,0.32961487770080566,1.3232532739639282,-0.00043922879837336005,0.0027565594865284837,0.0011586653440775619,0.0094509578995492938,0.0082922925554717326,-0.0031957882849018436,-0.098174996674060822,-0.24543750286102295,-0.05859375,0.0390625,32,32,0,0,1,1,10.038854000000264,0.038854000000263511
220,2.1924868329999998,PLUS_5_PROFILE,1,1,0.26054695524881649,1.3720918568163081,-0.66287604191796301,0.66287604191796301,0.32961487770080566,1.3278552293777466,-0.00043922879837336005,0.0034835666696698118,0.001522168935648226,0.010471975511965978,0.0089498065763177516,-0.0039227954680431717,0.46633124351501465,0.83448749780654907,-0.0703125,0.02734375,32,32,0,0,1,1,9.9643339999997416,0.035666000000258435
221,2.2024591120000001,PLUS_5_PROFILE,1,1,0.25375247581915739,1.3788863362459671,-0.69601984401386119,0.69601984401386119,0.32903966307640076,1.3349498510360718,-0.00034835760858855296,0.0046043599941303082,0.0021280011927708774,0.011545353001942487,0.0094173518091716091,-0.0049527176027188615,0,0.4908750057220459,-0.07421875,0.01953125,32,32,0,0,1,1,9.9722790000003059,0.027720999999694129
222,2.2126091460000001,PLUS_5_PROFILE,1,1,0.24662655836853925,1.3860122536965853,-0.72916364610975937,0.72916364610975937,0.32884791493415833,1.3420445919036865,-0.00031806564262433094,0.0057251721510222396,0.0027035532541989545,0.012671090369478832,0.0099675371152798779,-0.0060432377936465703,0,0.58904999494552612,-0.08203125,0.02734375,32,32,0,0,1,1,10.15003400000003,0.15003400000002998
223,2.222526872,PLUS_5_PROFILE,1,1,0.2391692028969622,1.3934696091681624,-0.76230744820565743,0.76230744820565743,0.32846441864967346,1.3443455696105957,-0.00025748171069588696,0.0060886757425929038,0.0029155970159485084,0.013849187614575004,0.010933590598626496,-0.0063461574532887909,-0.36815625429153442,0.17180624604225159,-0.08984375,0.0546875,32,32,0,0,1,1,9.9177259999998491,0.082274000000150949
224,2.2325234460000001,PLUS_5_PROFILE,1,1,0.23138040940442611,1.4012584026606985,-0.79545125030155561,0.79545125030155561,0.32846441864967346,1.3470300436019897,-0.00025748171069588696,0.0065127632660920117,0.0031276407776980623,0.015079644737231005,0.011952003959532942,-0.0067702449767878987,0.098174996674060822,-0.024543749168515205,-0.08984375,0.05859375,32,32,0,0,1,1,9.9965740000000913,0.0034259999999086688
225,2.242488829,PLUS_5_PROFILE,1,1,0.22326017789093106,1.4093786341741934,-0.82859505239745379,0.82859505239745379,0.32788917422294617,1.351056694984436,-0.00016660581280322098,0.0071488851351249553,0.0034911396611608672,0.016362461737446838,0.012871322076285972,-0.0073154909479281761,-0.24543750286102295,0.4908750057220459,-0.08984375,0.0546875,32,32,0,0,1,1,9.9653829999999388,0.034617000000061182
226,2.2525240860000002,PLUS_5_PROFILE,1,1,0.21480850835647702,1.4178303037086475,-0.86173885449335197,0.86173885449335197,0.32769742608070374,1.356809139251709,-0.00013631384683899898,0.0080576441140516146,0.0039606651336063078,0.017697638615222503,0.013736973481616194,-0.0081939579608906136,0,0.58904999494552612,-0.09375,0.0390625,32,32,0,0,1,1,10.035257000000186,0.035257000000186167
227,2.262510062,PLUS_5_PROFILE,1,1,0.20602540080106402,1.4266134112640605,-0.89488265658925015,0.89488265658925015,0.32731392979621887,1.3633285760879517,-7.5729914910554983e-05,0.0090875709568351629,0.0045059205209623037,0.019085175370557997,0.014579254849595692,-0.0091633008717457182,-0.24543750286102295,-0.31906875967979431,-0.10546875,0.05078125,32,32,0,0,1,1,9.985975999999841,0.01402400000015902
228,2.2726000649999998,PLUS_5_PROFILE,1,1,0.19691085522469201,1.4357279568404324,-0.92802645868514844,0.92802645868514844,0.32693043351173401,1.3656295537948608,-1.5145982982110998e-05,0.009451074548405828,0.0047179642827118581,0.020525072003453319,0.01580710772074146,-0.0094662205313879397,-0.24543750286102295,-0.17180624604225159,-0.1171875,0.0703125,32,32,0,0,1,1,10.090002999999736,0.090002999999736488
229,2.282593748,PLUS_5_PROFILE,1,1,0.18746487162736108,1.4451739404377635,-0.96117026078104639,0.96117026078104639,0.32616344094276428,1.3671635389328003,0.00010602188087477699,0.0096934102761196024,0.0048997160784971898,0.022017328513908464,0.017117612435411274,-0.0095873883952448252,-0.14726249873638153,-0.14726249873638153,-0.12109375,0.08984375,32,32,0,0,1,1,9.993683000000253,0.0063169999997469972
230,2.2925051619999999,PLUS_5_PROFILE,1,1,0.17768745000907113,1.4549513620560535,-0.99431406287694446,0.99431406287694446,0.32597169280052185,1.3685058355331421,0.00013631384683899898,0.0099054634540848754,0.0050208886504619372,0.023561944901923444,0.018541056251461505,-0.0097691496072458764,0.14726249873638153,-0.34361249208450317,-0.1328125,0.09375,32,32,0,0,1,1,9.9114139999998407,0.08858600000015926
231,2.302502182,PLUS_5_PROFILE,1,1,0.1675785903698222,1.4650602216953024,-1.0274578649728427,1.0274578649728427,0.3244377076625824,1.3698480129241943,0.00037864957455277493,0.010117497799618711,0.0052480736870857431,0.025158921167498256,0.019910847480412511,-0.009738848225065936,-0.58904999494552612,-0.14726249873638153,-0.1328125,0.09375,32,32,0,0,1,1,9.9970200000001341,0.0029799999998658677
232,2.3124830909999998,PLUS_5_PROFILE,1,1,0.15713829270961424,1.4755005193555102,-1.0606016670687408,1.0606016670687408,0.3238624632358551,1.3717654943466187,0.00046952547244544094,0.010420417459260931,0.0054449714658531857,0.0268082573106329,0.021363285844779714,-0.0099508919868154903,-0.024543749168515205,0.24543750286102295,-0.13671875,0.10546875,32,32,0,0,1,1,9.9809089999998157,0.019091000000184266
233,2.3225173099999998,PLUS_5_PROFILE,1,1,0.14636655702844734,1.4862722550366771,-1.0937454691646391,1.0937454691646391,0.32290372252464294,1.3740664720535278,0.00062098530226655088,0.010783921050831594,0.0057024531765490728,0.028509953331327373,0.022807500154778299,-0.010162935748565043,0.049087498337030411,0,-0.15234375,0.10546875,32,32,0,0,1,1,10.034219000000011,0.03421900000001088
234,2.3325067860000002,PLUS_5_PROFILE,1,1,0.1353370362198679,1.4973017758452567,-1.1047934031966051,1.1047934031966051,0.32156148552894592,1.3792437314987183,0.00083302906401610491,0.011601813548081307,0.0062174213060487062,0.030252373701235048,0.02403495239518634,-0.010768784484065201,-0.4908750057220459,0.26998123526573181,-0.15234375,0.08984375,32,32,0,0,1,1,9.9894760000003302,0.010523999999669797
235,2.342483246,PLUS_5_PROFILE,1,1,0.12428910218790182,1.5083497098772227,-1.1047934031966051,1.1047934031966051,0.32002750039100647,1.3890228271484375,0.001075364791729881,0.013146694396040911,0.0071110295938853953,0.03199770295322938,0.024886673359343983,-0.01207132960431103,-0.17180624604225159,1.3253624439239502,-0.15625,0.07421875,32,32,0,0,1,1,9.9764599999998538,0.023540000000146222
236,2.352484155,PLUS_5_PROFILE,1,1,0.11324116815593582,1.5193976439091887,-1.1047934031966051,1.1047934031966051,0.31638428568840027,1.395925760269165,0.0016509121450500987,0.014237205170752902,0.007944058657901501,0.033743032205223698,0.025798973547322197,-0.012586293025702803,-1.1290124654769897,0.39269998669624329,-0.1484375,0.09375,32,32,0,0,1,1,10.000908999999947,0.00090899999994675795
237,2.3624836039999999,PLUS_5_PROFILE,1,1,0.10219323412396977,1.5304455779411548,-1.1047934031966051,1.1047934031966051,0.31082358956336975,1.401678204536438,0.0025293791580125367,0.015145964149679562,0.0088376716538460486,0.03548836145721803,0.026650689803371982,-0.012616584991667025,-1.5953437089920044,0.88357502222061157,-0.13671875,0.09375,32,32,0,0,1,1,9.9994489999999381,0.00055100000006191863
238,2.3724832710000001,PLUS_5_PROFILE,1,1,0.091145300092003695,1.5414935119731208,-1.1047934031966051,1.1047934031966051,0.29931870102882385,1.4122244119644165,0.0043468971158658566,0.01681203169392749,0.010579464404896674,0.037233690709212362,0.026654226304315687,-0.012465134578061633,-1.3744499683380127,1.2762750387191772,-0.12109375,0.06640625,32,32,0,0,1,1,9.9996670000002119,0.00033299999978808614
239,2.382520033,PLUS_5_PROFILE,1,1,0.080097366060037645,1.5525414460050868,-1.1047934031966051,1.1047934031966051,0.28436234593391418,1.4214283227920532,0.006709670461075172,0.018266046060210147,0.012487858260642659,0.038979019961206694,0.026491161700564037,-0.011556375599134975,-1.8162374496459961,0.58904999494552612,-0.0703125,0.1015625,32,32,0,0,1,1,10.036761999999921,0.036761999999921358
240,2.3925822769999998,PLUS_5_PROFILE,1,1,0.069049432028071622,1.5635893800370528,-1.1047934031966051,1.1047934031966051,0.26077735424041748,1.4277559518814087,0.010435577566566618,0.019265671520813755,0.014850624543690186,0.040724349213201019,0.025873724669510833,-0.0088300939542471368,-2.4543750286102295,0.73631250858306885,-0.0546875,0.1015625,32,32,0,0,1,1,10.062243999999776,0.062243999999775923
241,2.4025363039999998,PLUS_5_PROFILE,1,1,0.058001497996105544,1.5746373140690189,-1.1047934031966051,1.1047934031966051,0.23815107345581055,1.4398360252380371,0.014010029550344815,0.02117405596034402,0.017592042755344418,0.042469678465195351,0.024877635709850934,-0.0071640264099992051,-2.2334811687469482,1.3499062061309814,-0.04296875,0.0703125,32,32,0,0,1,1,9.9540270000000319,0.045972999999968067
242,2.4125464609999998,PLUS_5_PROFILE,1,1,0.046953563964139522,1.5856852481009849,-1.1047934031966051,1.1047934031966051,0.21705879271030426,1.4501904249191284,0.017342143452355303,0.022809822122412008,0.020075982787383657,0.044215007717189676,0.024139024929806019,-0.0054676786700567047,-1.7671500444412231,0.78539997339248657,-0.05859375,0.08203125,32,32,0,0,1,1,10.010156999999964,0.010156999999964
243,2.422559685,PLUS_5_PROFILE,1,1,0.035905629932173444,1.5967331821329511,-1.1047934031966051,1.1047934031966051,0.19999320805072784,1.4649550914764404,0.020038128423171063,0.025142312917872819,0.022590220670521941,0.045960336969184008,0.023370116298662067,-0.0051041844947017564,-1.8407812118530273,2.0862188339233398,-0.07421875,0.04296875,32,32,0,0,1,1,10.013224000000154,0.013224000000153779
244,2.4325823049999999,PLUS_5_PROFILE,1,1,0.024857695900207422,1.6077811161649171,-1.1047934031966051,1.1047934031966051,0.18657085299491882,1.4837464094161987,0.022158563686612672,0.028110925582366577,0.025134744634489625,0.047705666221178333,0.022570921586688709,-0.0059523618957539048,-1.5707999467849731,2.2580249309539795,-0.0703125,0.02734375,32,32,0,0,1,1,10.022619999999982,0.022619999999982099
245,2.4424916300000001,PLUS_5_PROFILE,1,1,0.013809761868241344,1.6188290501968832,-1.1047934031966051,1.1047934031966051,0.16777953505516052,1.5036882162094116,0.025127176351106426,0.031261290042645662,0.028194233196876042,0.049450995473172665,0.021256762276296623,-0.0061341136915392357,-2.0125875473022461,1.7426062822341919,-0.05078125,0.02734375,32,32,0,0,1,1,9.9093250000001909,0.090674999999809103
246,2.4524852589999999,PLUS_5_PROFILE,1,1,0.0027618278362753212,1.6298769842288492,-1.1047934031966051,1.1047934031966051,0.14975522458553314,1.5201785564422607,0.027974618797689366,0.033866399115568754,0.03092050895662906,0.051196324725166997,0.020275815768537937,-0.0058917803178793887,-1.7180625200271606,1.6198874711990356,-0.05859375,0.0390625,32,32,0,0,1,1,9.9936289999997818,0.0063710000002181744
247,2.46248596,PLUS_5_PROFILE,1,1,-0.0082861061956907567,1.6409249182608152,-1.1047934031966051,1.1047934031966051,0.1392090767621994,1.5307246446609497,0.029640676925721577,0.035532447827385245,0.032586562376553413,0.052941653977161329,0.020355091600607916,-0.0058917709016636684,-1.251731276512146,1.006293773651123,-0.07421875,0.0703125,32,32,0,0,1,1,10.000701000000056,0.00070100000005623997
248,2.4725183469999998,PLUS_5_PROFILE,1,1,-0.019334040227656724,1.6519728522927812,-1.1047934031966051,1.1047934031966051,0.1240609884262085,1.5437635183334351,0.032033739882841181,0.037592301512952342,0.034813020697896761,0.054686983229155647,0.019873962531258886,-0.0055585616301111612,-1.5462563037872314,1.0308375358581543,-0.0546875,0.05078125,32,32,0,0,1,1,10.032386999999865,0.03238699999986494
249,2.4825525879999999,PLUS_5_PROFILE,1,1,-0.030381974259622802,1.6630207863247473,-1.1047934031966051,1.1047934031966051,0.1046944335103035,1.5523922443389893,0.03509322726820064,0.038955449397558052,0.037024338332879346,0.056432312481149979,0.019407974148270633,-0.0038622221293574122,-2.3316562175750732,0.56450623273849487,-0.01953125,0.0859375,32,32,0,0,1,1,10.034241000000055,0.034241000000054811
250,2.492531536,PLUS_5_PROFILE,1,1,-0.041429908291588879,1.6740687203567135,-1.1047934031966051,1.1047934031966051,0.088204100728034973,1.5652393102645874,0.03769833516409677,0.040985001700945205,0.039341668432520988,0.058177641733144311,0.018835973300623324,-0.0032866665368484344,-1.1780999898910522,1.4726250171661377,-0.05078125,0.04296875,32,32,0,0,1,1,9.9789480000000985,0.021051999999901483
251,2.5025612420000001,PLUS_5_PROFILE,1,1,-0.052312123313075443,1.6849509353782,-1.0716496011007068,1.0716496011007068,0.076123975217342377,1.5763607025146484,0.039606727842815791,0.04274193572687008,0.041174331784842935,0.059896791046358727,0.018722459261515792,-0.0031352078840542891,-0.7608562707901001,0.83448749780654907,-0.0703125,0.0703125,32,32,0,0,1,1,10.029706000000083,0.029706000000082611
252,2.5125694900000002,PLUS_5_PROFILE,1,1,-0.062862900313603032,1.6955017123787275,-1.038505799004809,1.038505799004809,0.067687056958675385,1.5890160799026489,0.040939574345241557,0.044741205480508736,0.042840389912875143,0.061563580482013311,0.018723190569138168,-0.0038016311352671792,-1.0799249410629272,1.6935187578201294,-0.0859375,0.0390625,32,32,0,0,1,1,10.008248000000108,0.0082480000001083909
253,2.5225772580000001,PLUS_5_PROFILE,1,1,-0.073082239293171591,1.7057210513582961,-1.0053619969089107,1.0053619969089107,0.056373924016952515,1.6041641235351562,0.04272679916010369,0.047134261375466557,0.044930530267785124,0.063178010040108062,0.018247479772322939,-0.0044074622153628673,-1.0308375358581543,1.5462563037872314,-0.0546875,0.03515625,32,32,0,0,1,1,10.007767999999917,0.0077679999999169524
254,2.5324883819999999,PLUS_5_PROFILE,1,1,-0.082970140251781288,1.7156089523169058,-0.97221819481301253,0.97221819481301253,0.048895750194787979,1.6235307455062866,0.043908185244194868,0.050193759354068695,0.047050972299131785,0.064740079720642996,0.01768910742151121,-0.0062855741098738274,-0.46633124351501465,1.7671500444412231,-0.09375,0.01171875,32,32,0,0,1,1,9.9111239999998269,0.08887600000017315
255,2.5424870830000001,PLUS_5_PROFILE,1,1,-0.092526603189431955,1.7251654152545566,-0.93907439271711424,0.93907439271711424,0.046211279928684235,1.6417467594146729,0.044332272179180489,0.053071486704454066,0.048701879441817281,0.066249789523618097,0.017547910081800816,-0.0087392145252735767,-0.24543750286102295,2.3316562175750732,-0.1171875,-0.00390625,32,32,0,0,1,1,9.9987010000002208,0.0012989999997792268
256,2.552491158,PLUS_5_PROFILE,1,1,-0.10175162810612359,1.7343904401712482,-0.90593059062121606,0.90593059062121606,0.041609324514865875,1.6620720624923706,0.045059279362321819,0.056282435096661594,0.050670857229491703,0.067707139449033366,0.017036282219541662,-0.011223155734339775,-0.6626812219619751,1.9880437850952148,-0.1015625,-0.01171875,32,32,0,0,1,1,10.00407499999989,0.0040749999998901387
257,2.562510826,PLUS_5_PROFILE,1,1,-0.11064521500185631,1.7432840270669807,-0.87278678852531788,0.87278678852531788,0.03202192485332489,1.6749192476272583,0.046573876483505951,0.058312006232480187,0.052442941357993073,0.069112129496888802,0.01666918813889573,-0.011738129748974237,-1.006293773651123,0.44178751111030579,-0.06640625,0.04296875,32,32,0,0,1,1,10.019667999999982,0.019667999999981589
258,2.5725203990000001,PLUS_5_PROFILE,1,1,-0.11920736387662978,1.7518461759417543,-0.83964298642942004,0.83964298642942004,0.025694238021969795,1.6758779287338257,0.047573511066068538,0.058463456646085578,0.053018483856077062,0.070464759667184379,0.017446275811107317,-0.010889945580017039,-0.12271875143051147,-0.14726249873638153,-0.10546875,0.07421875,32,32,0,0,1,1,10.009573000000049,0.0095730000000493476
259,2.5825557859999999,PLUS_5_PROFILE,1,1,-0.12743807473044461,1.7600768867955692,-0.80649918433352186,0.80649918433352186,0.022626269608736038,1.6795210838317871,0.04805818222723935,0.059038994583190084,0.053548588405214717,0.071765029959920165,0.018216441554705448,-0.010980812355950734,-0.78539997339248657,0.29452499747276306,-0.109375,0.06640625,32,32,0,0,1,1,10.03538699999984,0.035386999999840185
260,2.59252803,PLUS_5_PROFILE,1,1,-0.13533734756330029,1.7679761596284247,-0.77335538223762368,0.77335538223762368,0.018983056768774986,1.6835478544235229,0.048633729286302829,0.059675135284654464,0.054154432285478643,0.073012940375096105,0.018858508089617462,-0.011041405998351635,-0.9326624870300293,0.39269998669624329,-0.1015625,0.05859375,32,32,0,0,1,1,9.9722440000000745,0.027755999999925507
261,2.6024918330000002,PLUS_5_PROFILE,1,1,-0.14290518237519706,1.7755439944403215,-0.7402115801417255,0.7402115801417255,0.012271874584257603,1.688916802406311,0.049693947653665485,0.060523310331652674,0.05510862899265908,0.074208490912712227,0.019099861920053147,-0.010829362677987189,-1.0553812980651855,0.29452499747276306,-0.08203125,0.0546875,32,32,0,0,1,1,9.9638030000002153,0.036196999999784651
262,2.612488114,PLUS_5_PROFILE,1,1,-0.15014157916613485,1.7827803912312594,-0.70706777804582743,0.70706777804582743,0.00057524413568899035,1.6927517652511597,0.051541756593562048,0.061129149650937117,0.056335453122249579,0.075351681572768517,0.019016228450518938,-0.0095873930573750696,-1.0799249410629272,0.19634999334812164,-0.0703125,0.07421875,32,32,0,0,1,1,9.9962809999998292,0.0037190000001707801
263,2.6224894500000002,PLUS_5_PROFILE,1,1,-0.15704653793611362,1.7896853500012382,-0.67392397594992925,0.67392397594992925,-0.0070946775376796722,1.6937104463577271,0.052753434597639828,0.061280600064542508,0.057017017331091172,0.076442512355264974,0.019425495024173803,-0.0085271654669026795,-0.9817500114440918,-0.24543750286102295,-0.08984375,0.0859375,32,32,0,0,1,1,10.001336000000194,0.0013360000001938488
264,2.6324862580000001,PLUS_5_PROFILE,1,1,-0.16362005868513341,1.796258870750258,-0.64078017385403097,0.64078017385403097,-0.015723340213298798,1.694669246673584,0.054116572477516334,0.061432069310579339,0.05777432089404784,0.0774809832602016,0.01970666236615376,-0.0073154968330630052,-0.95720624923706055,-0.24543750286102295,-0.0703125,0.09375,32,32,0,0,1,1,9.9968079999999127,0.0031920000000873472
265,2.6424880740000001,PLUS_5_PROFILE,1,1,-0.16986214141319422,1.8025009534783187,-0.60763637175813279,0.60763637175813279,-0.021859277039766312,1.6962032318115234,0.055085914799857957,0.061674405038293113,0.058380159919075539,0.078467094287578393,0.020086934368502854,-0.006588490238435156,-0.4908750057220459,0.14726249873638153,-0.1015625,0.08203125,32,32,0,0,1,1,10.001815999999941,0.001815999999941198
266,2.6524742780000001,PLUS_5_PROFILE,1,1,-0.17577278612029612,1.8084115981854207,-0.57449256966223472,0.57449256966223472,-0.022242773324251175,1.6965867280960083,0.055146498731786404,0.061734988970221553,0.058440743851003979,0.079400845437395368,0.020960101586391389,-0.006588490238435149,-0.61359375715255737,-0.24543750286102295,-0.1171875,0.1015625,32,32,0,0,1,1,9.986204000000054,0.013795999999945963
267,2.6625174920000001,PLUS_5_PROFILE,1,1,-0.18135199280643888,1.8139908048715634,-0.54134876756633654,0.54134876756633654,-0.022051025182008743,1.696778416633606,0.055116206765822177,0.061765271519970064,0.058440739142896117,0.080282236709652496,0.021841497566756379,-0.0066490647541478862,-0.049087498337030411,-0.26998123526573181,-0.125,0.09375,32,32,0,0,1,1,10.043213999999967,0.043213999999967001
268,2.6726060220000001,PLUS_5_PROFILE,1,1,-0.18659976147162283,1.8192385735367473,-0.50820496547043825,0.50820496547043825,-0.022434521466493607,1.6975454092025757,0.055176790697750625,0.061886439383826951,0.058531615040788784,0.081111268104349807,0.022579653063561023,-0.0067096486860763263,-0.049087498337030411,-0.049087498337030411,-0.125,0.1015625,32,32,0,0,1,1,10.088529999999984,0.088529999999984454
269,2.6825198870000002,PLUS_5_PROFILE,1,1,-0.19151609211584775,1.8241549041809724,-0.47506116337454007,0.47506116337454007,-0.022434521466493607,1.6977372169494629,0.055176790697750625,0.061916740766006888,0.058546765731878753,0.081887939621487285,0.023341173889608532,-0.0067399500682562632,-0.17180624604225159,-0.26998123526573181,-0.125,0.109375,32,32,0,0,1,1,9.9138650000001327,0.08613499999986729
270,2.6925670830000001,PLUS_5_PROFILE,1,1,-0.19610098473911364,1.8287397968042383,-0.4419173612786419,0.4419173612786419,-0.022626269608736038,1.6983124017715454,0.055207082663714845,0.062007607247683838,0.058607344955699345,0.082612251261064931,0.024004906305365586,-0.0068005245839689935,-0.24543750286102295,0,-0.125,0.1015625,32,32,0,0,1,1,10.047195999999925,0.047195999999924965
271,2.7026229810000002,PLUS_5_PROFILE,1,1,-0.2003544393414205,1.832993251406545,-0.40877355918274411,0.40877355918274411,-0.022626269608736038,1.6985042095184326,0.055207082663714845,0.062037908629863775,0.058622495646789313,0.083284203023082745,0.024661707376293432,-0.0068308259661489304,-0.24543750286102295,-0.17180624604225159,-0.125,0.08984375,32,32,0,0,1,1,10.055898000000063,0.055898000000063064
272,2.7125732149999999,PLUS_5_PROFILE,1,1,-0.20427645592276844,1.8369152679878931,-0.37562975708684593,0.37562975708684593,-0.023201514035463333,1.6990793943405151,0.055297958561607512,0.062128775111540725,0.058713366836574118,0.083903794907540727,0.025190428070966608,-0.0068308165499332135,0.073631249368190765,0,-0.125,0.10546875,32,32,0,0,1,1,9.9502339999997247,0.049766000000275312
273,2.7225811370000002,PLUS_5_PROFILE,1,1,-0.20786703448315746,1.840505846548282,-0.34248595499094775,0.34248595499094775,-0.023201514035463333,1.699462890625,0.055297958561607512,0.062189359043469172,0.058743658802538345,0.08447102691443889,0.025727368111900545,-0.0068914004818616606,-0.39269998669624329,-0.24543750286102295,-0.1328125,0.1015625,32,32,0,0,1,1,10.007922000000224,0.0079220000002244717
274,2.7324463579999998,PLUS_5_PROFILE,1,1,-0.21112617502258735,1.8437649870877117,-0.30934215289504957,0.30934215289504957,-0.023201514035463333,1.6998463869094849,0.055297958561607512,0.062249942975397612,0.058773950768502559,0.084985899043777208,0.026211948275274649,-0.0069519844137901007,-0.24543750286102295,-0.098174996674060822,-0.12109375,0.10546875,32,32,0,0,1,1,9.8652209999996465,0.13477900000035348
275,2.7425302309999999,PLUS_5_PROFILE,1,1,-0.21405387754105842,1.8466926896061828,-0.27619835079915134,0.27619835079915134,-0.023201514035463333,1.7002298831939697,0.055297958561607512,0.06231052690732606,0.058804242734466786,0.085448411295555707,0.026644168561088921,-0.0070125683457185478,-0.024543749168515205,0.049087498337030411,-0.125,0.1015625,32,32,0,0,1,1,10.083873000000132,0.083873000000131981
276,2.7525246939999999,PLUS_5_PROFILE,1,1,-0.21665014203857047,1.849288954103695,-0.24305454870325321,0.24305454870325321,-0.023201514035463333,1.7004216909408569,0.055297958561607512,0.062340828289505996,0.058819393425556754,0.085858563669774374,0.02703917024421762,-0.0070428697278984848,0,0.22089375555515289,-0.13671875,0.10546875,32,32,0,0,1,1,9.9944629999999535,0.0055370000000465325
277,2.762553574,PLUS_5_PROFILE,1,1,-0.21891496851512349,1.851553780580248,-0.20991074660735501,0.20991074660735501,-0.023201514035463333,1.7004216909408569,0.055297958561607512,0.062340828289505996,0.058819393425556754,0.086216356166433222,0.027396962740876468,-0.0070428697278984848,0,-0.17180624604225159,-0.125,0.10546875,32,32,0,0,1,1,10.028880000000129,0.028880000000128803
278,2.7725307259999998,PLUS_5_PROFILE,1,1,-0.22084835697071759,1.8534871690358421,-0.17676694451145686,0.17676694451145686,-0.023201514035463333,1.7006133794784546,0.055297958561607512,0.0623711108392545,0.058834534700431006,0.086521788785532225,0.027687254085101219,-0.007073152277646988,0,0.073631249368190765,-0.12109375,0.1015625,32,32,0,0,1,1,9.9771519999998226,0.022848000000177393
279,2.7825246350000001,PLUS_5_PROFILE,1,1,-0.22245030740535265,1.8550891194704771,-0.14362314241555868,0.14362314241555868,-0.023393262177705765,1.7008051872253418,0.055328250527571732,0.062401412221434444,0.058864831374503088,0.086774861527071409,0.027910030152568321,-0.0070731616938627118,-0.24543750286102295,0,-0.13671875,0.09375,32,32,0,0,1,1,9.9939090000003006,0.0060909999996994202
280,2.792503875,PLUS_5_PROFILE,1,1,-0.22372081981902869,1.8563596318841533,-0.11047934031966047,0.11047934031966047,-0.023393262177705765,1.7006133794784546,0.055328250527571732,0.0623711108392545,0.058849680683413119,0.086975574391050747,0.028125893707637628,-0.0070428603116827679,-0.17180624604225159,-0.46633124351501465,-0.125,0.1015625,32,32,0,0,1,1,9.9792399999998338,0.020760000000166201
281,2.8025113140000002,PLUS_5_PROFILE,1,1,-0.22465989421174581,1.8572987062768704,-0.07733553822376231,0.07733553822376231,-0.023393262177705765,1.7008051872253418,0.055328250527571732,0.062401412221434444,0.058864831374503088,0.087123927377470267,0.028259096002967179,-0.0070731616938627118,-0.073631249368190765,-0.41724374890327454,-0.12109375,0.1015625,32,32,0,0,1,1,10.007439000000229,0.0074390000002289014
282,2.8124826660000002,PLUS_5_PROFILE,1,1,-0.22526753058350402,1.8579063426486284,-0.044191736127864117,0.044191736127864117,-0.023393262177705765,1.7011886835098267,0.055328250527571732,0.062461996153362884,0.058895123340467308,0.087219920486329955,0.028324797145862647,-0.0071337456257911519,-0.073631249368190765,-0.19634999334812164,-0.125,0.1015625,32,32,0,0,1,1,9.9713519999999889,0.028648000000011109
283,2.82250633,PLUS_5_PROFILE,1,1,-0.22554372893430308,1.8581825409994277,-0.011047934031965937,0.011047934031965937,-0.023393262177705765,1.7013803720474243,0.055328250527571732,0.062492278703111387,0.058910264615341559,0.08726355371762981,0.028353289102288251,-0.0071640281755396551,0,0,-0.125,0.09375,32,32,0,0,1,1,10.023663999999766,0.02366399999976565
284,2.8324829880000002,PLUS_5_PROFILE,1,1,-0.22556214215768977,1.8582009542228142,-0,0,-0.023393262177705765,1.7013803720474243,0.055328250527571732,0.062492278703111387,0.058910264615341559,0.087266462599716474,0.028356197984374915,-0.0071640281755396551,-0.073631249368190765,0,-0.12109375,0.10546875,32,32,0,0,1,1,9.9766580000002492,0.02334199999975084
285,2.842502402,PLUS_5_ENDPOINT,1,1,-0.22556214215768977,1.8582009542228142,-0,0,-0.023585010319948196,1.7013803720474243,0.055358542493535959,0.062492278703111387,0.058925410598323673,0.087266462599716474,0.028341052001392801,-0.0071337362095754281,-0.24543750286102295,-0.24543750286102295,-0.12109375,0.1015625,32,32,0,0,1,1,10.019413999999838,0.019413999999837728
286,2.8524824459999998,PLUS_5_ENDPOINT,1,1,-0.22556214215768977,1.8582009542228142,-0,0,-0.023393262177705765,1.7015721797943115,0.055328250527571732,0.062522580085291324,0.058925415306431528,0.087266462599716474,0.028341047293284946,-0.007194329557719592,-0.12271875143051147,0.12271875143051147,-0.125,0.1015625,32,32,0,0,1,1,9.9800439999997437,0.019956000000256324
287,2.8625031619999999,PLUS_5_ENDPOINT,1,1,-0.22556214215768977,1.8582009542228142,-0,0,-0.023393262177705765,1.7013803720474243,0.055328250527571732,0.062492278703111387,0.058910264615341559,0.087266462599716474,0.028356197984374915,-0.0071640281755396551,0,-0.24543750286102295,-0.1171875,0.1015625,32,32,0,0,1,1,10.020716000000096,0.020716000000096102
288,2.8724984870000001,PLUS_5_ENDPOINT,1,1,-0.22556214215768977,1.8582009542228142,-0,0,-0.023585010319948196,1.7015721797943115,0.055358542493535959,0.062522580085291324,0.058940561289413641,0.087266462599716474,0.028325901310302833,-0.007164037591755365,-0.36815625429153442,0,-0.125,0.1015625,32,32,0,0,1,1,9.9953250000002214,0.0046749999997786063
289,2.8825019140000001,PLUS_5_ENDPOINT,1,1,-0.22556214215768977,1.8582009542228142,-0,0,-0.023393262177705765,1.7013803720474243,0.055328250527571732,0.062492278703111387,0.058910264615341559,0.087266462599716474,0.028356197984374915,-0.0071640281755396551,-0.049087498337030411,-0.39269998669624329,-0.12109375,0.1015625,32,32,0,0,1,1,10.003427000000009,0.0034270000000091727
290,2.8924824619999998,PLUS_5_ENDPOINT,1,1,-0.22556214215768977,1.8582009542228142,-0,0,-0.023585010319948196,1.7015721797943115,0.055358542493535959,0.062522580085291324,0.058940561289413641,0.087266462599716474,0.028325901310302833,-0.007164037591755365,-0.34361249208450317,-0.24543750286102295,-0.12109375,0.1015625,32,32,0,0,1,1,9.9805479999997004,0.019452000000299563
291,2.9025076840000001,PLUS_5_ENDPOINT,1,1,-0.22556214215768977,1.8582009542228142,-0,0,-0.023393262177705765,1.7015721797943115,0.055328250527571732,0.062522580085291324,0.058925415306431528,0.087266462599716474,0.028341047293284946,-0.007194329557719592,-0.024543749168515205,-0.53996247053146362,-0.125,0.08984375,32,32,0,0,1,1,10.025222000000333,0.025222000000333367
292,2.912501636,PLUS_5_ENDPOINT,1,1,-0.22556214215768977,1.8582009542228142,-0,0,-0.023585010319948196,1.7017638683319092,0.055358542493535959,0.062552862635039827,0.058955702564287893,0.087266462599716474,0.028310760035428581,-0.0071943201415038682,-0.26998123526573181,-0.14726249873638153,-0.1171875,0.1015625,32,32,0,0,1,1,9.9939519999998616,0.0060480000001383871
293,2.9225029939999998,PLUS_5_ENDPOINT,1,1,-0.22556214215768977,1.8582009542228142,-0,0,-0.023393262177705765,1.7017638683319092,0.055328250527571732,0.062552862635039827,0.058940556581305779,0.087266462599716474,0.028325906018410694,-0.0072246121074680952,-0.049087498337030411,-0.098174996674060822,-0.125,0.09375,32,32,0,0,1,1,10.001357999999794,0.0013579999997936909
294,2.9324992590000001,PLUS_5_ENDPOINT,1,1,-0.22556214215768977,1.8582009542228142,-0,0,-0.023393262177705765,1.7017638683319092,0.055328250527571732,0.062552862635039827,0.058940556581305779,0.087266462599716474,0.028325906018410694,-0.0072246121074680952,0,0,-0.125,0.1015625,32,32,0,0,1,1,9.9962650000002817,0.0037349999997182692
295,2.942522672,PLUS_5_ENDPOINT,1,1,-0.22556214215768977,1.8582009542228142,-0,0,-0.023393262177705765,1.7019556760787964,0.055328250527571732,0.062583164017219778,0.058955707272395755,0.087266462599716474,0.028310755327320719,-0.0072549134896480461,0.024543749168515205,0.049087498337030411,-0.125,0.1015625,32,32,0,0,1,1,10.02341299999987,0.02341299999987001
296,2.9525133440000002,PLUS_5_ENDPOINT,1,1,-0.22556214215768977,1.8582009542228142,-0,0,-0.023393262177705765,1.702147364616394,0.055328250527571732,0.062613446566968281,0.058970848547270006,0.087266462599716474,0.028295614052446467,-0.0072851960393965493,-0.049087498337030411,0.36815625429153442,-0.125,0.1015625,32,32,0,0,1,1,9.9906720000002558,0.0093279999997442076
297,2.9625032180000002,PLUS_5_ENDPOINT,1,1,-0.22556214215768977,1.8582009542228142,-0,0,-0.023393262177705765,1.702147364616394,0.055328250527571732,0.062613446566968281,0.058970848547270006,0.087266462599716474,0.028295614052446467,-0.0072851960393965493,0.024543749168515205,0.22089375555515289,-0.125,0.1015625,32,32,0,0,1,1,9.9898739999999542,0.010126000000045821
298,2.9725008310000001,PLUS_5_ENDPOINT,1,1,-0.22556214215768977,1.8582009542228142,-0,0,-0.023393262177705765,1.702147364616394,0.055328250527571732,0.062613446566968281,0.058970848547270006,0.087266462599716474,0.028295614052446467,-0.0072851960393965493,0.12271875143051147,0.22089375555515289,-0.12109375,0.08984375,32,32,0,0,1,1,9.9976129999999053,0.00238700000009473
299,2.9825018889999999,PLUS_5_ENDPOINT,1,1,-0.22556214215768977,1.8582009542228142,-0,0,-0.023393262177705765,1.7019556760787964,0.055328250527571732,0.062583164017219778,0.058955707272395755,0.087266462599716474,0.028310755327320719,-0.0072549134896480461,0.073631249368190765,-0.26998123526573181,-0.12109375,0.1015625,32,32,0,0,1,1,10.001057999999841,0.0010579999998405754
300,2.992500615,PLUS_5_ENDPOINT,1,1,-0.22556214215768977,1.8582009542228142,-0,0,-0.023393262177705765,1.7023391723632812,0.055328250527571732,0.062643747949148218,0.058985999238359975,0.087266462599716474,0.028280463361356499,-0.0073154974215764862,-0.049087498337030411,0.29452499747276306,-0.12109375,0.09375,32,32,0,0,1,1,9.9987260000000688,0.0012739999999311635
301,3.0025015439999998,PLUS_5_ENDPOINT,1,1,-0.22556214215768977,1.8582009542228142,-0,0,-0.023393262177705765,1.702147364616394,0.055328250527571732,0.062613446566968281,0.058970848547270006,0.087266462599716474,0.028295614052446467,-0.0072851960393965493,0.12271875143051147,-0.098174996674060822,-0.125,0.09375,32,32,0,0,1,1,10.000928999999825,0.00092899999982520853
302,3.012501205,PLUS_5_ENDPOINT,1,1,-0.22556214215768977,1.8582009542228142,-0,0,-0.023585010319948196,1.702147364616394,0.055358542493535959,0.062613446566968281,0.05898599453025212,0.087266462599716474,0.028280468069464354,-0.0072549040734323222,-0.29452499747276306,-0.29452499747276306,-0.125,0.1015625,32,32,0,0,1,1,9.9996610000001596,0.00033899999984043916
303,3.0224876690000002,PLUS_5_ENDPOINT,1,1,-0.22556214215768977,1.8582009542228142,-0,0,-0.023585010319948196,1.7025308609008789,0.055358542493535959,0.062674030498896721,0.05901628649621634,0.087266462599716474,0.028250176103500134,-0.0073154880053607624,0.024543749168515205,0.049087498337030411,-0.125,0.1015625,32,32,0,0,1,1,9.9864640000002503,0.013535999999749748
304,3.0324821179999999,PLUS_5_ENDPOINT,1,1,-0.22556214215768977,1.8582009542228142,-0,0,-0.023585010319948196,1.7025308609008789,0.055358542493535959,0.062674030498896721,0.05901628649621634,0.087266462599716474,0.028250176103500134,-0.0073154880053607624,-0.36815625429153442,-0.024543749168515205,-0.125,0.09375,32,32,0,0,1,1,9.9944489999996833,0.0055510000003167193
305,3.0424828819999998,PLUS_5_ENDPOINT,1,1,-0.22556214215768977,1.8582009542228142,-0,0,-0.023393262177705765,1.7025308609008789,0.055328250527571732,0.062674030498896721,0.059001140513234226,0.087266462599716474,0.028265322086482247,-0.0073457799713249894,0.12271875143051147,-0.14726249873638153,-0.125,0.09375,32,32,0,0,1,1,10.00076399999994,0.00076399999993981282
306,3.0525084169999999,PLUS_5_ENDPOINT,1,1,-0.22556214215768977,1.8582009542228142,-0,0,-0.023585010319948196,1.7023391723632812,0.055358542493535959,0.062643747949148218,0.059001145221342088,0.087266462599716474,0.028265317378374386,-0.0072852054556122592,-0.24543750286102295,-0.56450623273849487,-0.125,0.09375,32,32,0,0,1,1,10.02553500000003,0.025535000000029839
307,3.0625022980000001,PLUS_5_ENDPOINT,1,1,-0.22556214215768977,1.8582009542228142,-0,0,-0.023585010319948196,1.7025308609008789,0.055358542493535959,0.062674030498896721,0.05901628649621634,0.087266462599716474,0.028250176103500134,-0.0073154880053607624,-0.29452499747276306,-0.26998123526573181,-0.12109375,0.09375,32,32,0,0,1,1,9.9938810000002043,0.0061189999997957045
308,3.0724827260000001,PLUS_5_ENDPOINT,1,1,-0.22556214215768977,1.8582009542228142,-0,0,-0.023585010319948196,1.7025308609008789,0.055358542493535959,0.062674030498896721,0.05901628649621634,0.087266462599716474,0.028250176103500134,-0.0073154880053607624,-0.24543750286102295,-0.26998123526573181,-0.12109375,0.09375,32,32,0,0,1,1,9.9804279999999856,0.019572000000014356
309,3.0825036570000002,PLUS_5_ENDPOINT,1,1,-0.22556214215768977,1.8582009542228142,-0,0,-0.023585010319948196,1.7029143571853638,0.055358542493535959,0.062734614430825161,0.05904657846218056,0.087266462599716474,0.028219884137535914,-0.0073760719372892025,-0.26998123526573181,0.44178751111030579,-0.1171875,0.1015625,32,32,0,0,1,1,10.020931000000122,0.020931000000121713
310,3.0925042450000002,PLUS_5_ENDPOINT,1,1,-0.22556214215768977,1.8582009542228142,-0,0,-0.023585010319948196,1.7025308609008789,0.055358542493535959,0.062674030498896721,0.05901628649621634,0.087266462599716474,0.028250176103500134,-0.0073154880053607624,0.12271875143051147,-0.36815625429153442,-0.125,0.09375,32,32,0,0,1,1,10.000588000000032,0.00058800000003245145
311,3.1024824190000002,PLUS_5_ENDPOINT,1,1,-0.22556214215768977,1.8582009542228142,-0,0,-0.023393262177705765,1.7025308609008789,0.055328250527571732,0.062674030498896721,0.059001140513234226,0.087266462599716474,0.028265322086482247,-0.0073457799713249894,0.098174996674060822,-0.31906875967979431,-0.12109375,0.09375,32,32,0,0,1,1,9.9781740000000063,0.021825999999993684
312,3.1124997599999999,PLUS_5_ENDPOINT,1,1,-0.22556214215768977,1.8582009542228142,-0,0,-0.023585010319948196,1.7025308609008789,0.055358542493535959,0.062674030498896721,0.05901628649621634,0.087266462599716474,0.028250176103500134,-0.0073154880053607624,-0.24543750286102295,0,-0.125,0.1015625,32,32,0,0,1,1,10.017340999999735,0.017340999999735374
313,3.122498845,PLUS_5_ENDPOINT,1,1,-0.22556214215768977,1.8582009542228142,-0,0,-0.023585010319948196,1.7027226686477661,0.055358542493535959,0.062704331881076658,0.059031437187306308,0.087266462599716474,0.028235025412410165,-0.0073457893875406993,-0.22089375555515289,0,-0.1171875,0.08984375,32,32,0,0,1,1,9.9990850000000187,0.0009149999999813474
314,3.1324972579999999,PLUS_5_ENDPOINT,1,1,-0.22556214215768977,1.8582009542228142,-0,0,-0.023585010319948196,1.7025308609008789,0.055358542493535959,0.062674030498896721,0.05901628649621634,0.087266462599716474,0.028250176103500134,-0.0073154880053607624,-0.22089375555515289,-0.24543750286102295,-0.12109375,0.1015625,32,32,0,0,1,1,9.9984129999999283,0.0015870000000717255
315,3.142501577,PLUS_5_ENDPOINT,1,1,-0.22556214215768977,1.8582009542228142,-0,0,-0.023776758462190628,1.7025308609008789,0.055388834459500179,0.062674030498896721,0.059031432479198453,0.087266462599716474,0.02823503012051802,-0.0072851960393965423,-0.22089375555515289,-0.29452499747276306,-0.12109375,0.09375,32,32,0,0,1,1,10.004319000000095,0.0043190000000947748
316,3.1525008539999999,PLUS_5_ENDPOINT,1,1,-0.22556214215768977,1.8582009542228142,-0,0,-0.023585010319948196,1.7025308609008789,0.055358542493535959,0.062674030498896721,0.05901628649621634,0.087266462599716474,0.028250176103500134,-0.0073154880053607624,-0.24543750286102295,-0.34361249208450317,-0.125,0.09375,32,32,0,0,1,1,9.9992769999999176,0.00072300000008240772
317,3.1625094310000001,PLUS_5_ENDPOINT,1,1,-0.22556214215768977,1.8582009542228142,-0,0,-0.023585010319948196,1.7027226686477661,0.055358542493535959,0.062704331881076658,0.059031437187306308,0.087266462599716474,0.028235025412410165,-0.0073457893875406993,-0.22089375555515289,-0.024543749168515205,-0.12109375,0.09375,32,32,0,0,1,1,10.008577000000241,0.0085770000002405311
318,3.1725040889999998,PLUS_5_ENDPOINT,1,1,-0.22556214215768977,1.8582009542228142,-0,0,-0.023585010319948196,1.7029143571853638,0.055358542493535959,0.062734614430825161,0.05904657846218056,0.087266462599716474,0.028219884137535914,-0.0073760719372892025,-0.14726249873638153,0.26998123526573181,-0.109375,0.10546875,32,32,0,0,1,1,9.9946579999996565,0.0053420000003434609
319,3.182590512,PLUS_5_ENDPOINT,1,1,-0.22556214215768977,1.8582009542228142,-0,0,-0.023585010319948196,1.7029143571853638,0.055358542493535959,0.062734614430825161,0.05904657846218056,0.087266462599716474,0.028219884137535914,-0.0073760719372892025,-0.19634999334812164,0.29452499747276306,-0.12109375,0.09375,32,32,0,0,1,1,10.086423000000178,0.086423000000177552
320,3.1924842139999998,PLUS_5_ENDPOINT,1,1,-0.22556214215768977,1.8582009542228142,-0,0,-0.023585010319948196,1.7025308609008789,0.055358542493535959,0.062674030498896721,0.05901628649621634,0.087266462599716474,0.028250176103500134,-0.0073154880053607624,-0.22089375555515289,-0.61359375715255737,-0.1171875,0.08984375,32,32,0,0,1,1,9.8937019999998377,0.10629800000016232
321,3.202497997,PLUS_5_ENDPOINT,1,1,-0.22556214215768977,1.8582009542228142,-0,0,-0.023776758462190628,1.7029143571853638,0.055388834459500179,0.062734614430825161,0.059061724445162667,0.087266462599716474,0.028204738154553807,-0.0073457799713249824,-0.51541876792907715,-0.024543749168515205,-0.12109375,0.08984375,32,32,0,0,1,1,10.01378300000022,0.013783000000220369
322,3.2124831359999999,PLUS_5_ENDPOINT,1,1,-0.22556214215768977,1.8582009542228142,-0,0,-0.023776758462190628,1.7029143571853638,0.055388834459500179,0.062734614430825161,0.059061724445162667,0.087266462599716474,0.028204738154553807,-0.0073457799713249824,-0.073631249368190765,-0.12271875143051147,-0.12109375,0.09375,32,32,0,0,1,1,9.9851389999998652,0.014861000000134794
323,3.2224835070000002,PLUS_5_ENDPOINT,1,1,-0.22556214215768977,1.8582009542228142,-0,0,-0.023585010319948196,1.7029143571853638,0.055358542493535959,0.062734614430825161,0.05904657846218056,0.087266462599716474,0.028219884137535914,-0.0073760719372892025,0,-0.24543750286102295,-0.125,0.09375,32,32,0,0,1,1,10.000371000000285,0.00037100000028544855
324,3.2325831799999998,PLUS_5_ENDPOINT,1,1,-0.22556214215768977,1.8582009542228142,-0,0,-0.023776758462190628,1.7034896612167358,0.055388834459500179,0.062825499744933552,0.059107167102216862,0.087266462599716474,0.028159295497499612,-0.0074366652854333734,-0.39269998669624329,0.41724374890327454,-0.1171875,0.09375,32,32,0,0,1,1,10.099672999999587,0.09967299999958712
325,3.2426853769999999,FIRST_CENTER_PROFILE,1,1,-0.22556214215768977,1.8582009542228142,0,-0,-0.023585010319948196,1.7032978534698486,0.055358542493535959,0.062795198362753615,0.059076870428144787,0.087266462599716474,0.028189592171571687,-0.0074366558692176565,0,-0.098174996674060822,-0.12109375,0.08984375,32,32,0,0,1,1,10.102197000000146,0.10219700000014598
326,3.2525368829999999,FIRST_CENTER_PROFILE,1,1,-0.22539642314721031,1.8580352352123348,0.033143802095898151,-0.033143802095898151,-0.023585010319948196,1.7034896612167358,0.055358542493535959,0.062825499744933552,0.059092021119234756,0.087240282660936558,0.028148261541701802,-0.0074669572513975935,-0.024543749168515205,0,-0.125,0.08984375,32,32,0,0,1,1,9.8515059999999544,0.14849400000004565
327,3.262637587,FIRST_CENTER_PROFILE,1,1,-0.22489926611577182,1.8575380781808963,0.066287604191796301,-0.066287604191796301,-0.023585010319948196,1.7034896612167358,0.055358542493535959,0.062825499744933552,0.059092021119234756,0.08716174284459681,0.028069721725362054,-0.0074669572513975935,-0.024543749168515205,-0.36815625429153442,-0.125,0.08984375,32,32,0,0,1,1,10.100704000000071,0.1007040000000714
328,3.2726325549999999,FIRST_CENTER_PROFILE,1,1,-0.22407067106337442,1.8567094831284989,0.099431406287694452,-0.099431406287694452,-0.023585010319948196,1.7036813497543335,0.055358542493535959,0.062855782294682055,0.059107162394109007,0.087030843150697243,0.027923680756588236,-0.0074972398011460967,0,0,-0.125,0.09375,32,32,0,0,1,1,9.994967999999993,0.0050320000000070308
329,3.2824972570000002,FIRST_CENTER_PROFILE,1,1,-0.22291063799001787,1.8555494500551424,0.1325752083835926,-0.1325752083835926,-0.023393262177705765,1.7034896612167358,0.055328250527571732,0.062825499744933552,0.059076875136252642,0.08684758357923783,0.027770708442985188,-0.0074972492173618205,0.24543750286102295,-0.22089375555515289,-0.12109375,0.08984375,32,32,0,0,1,1,9.864702000000225,0.13529799999977499
330,3.292550555,FIRST_CENTER_PROFILE,1,1,-0.22141916689570251,1.8540579789608271,0.16571901047949075,-0.16571901047949075,-0.023585010319948196,1.7034896612167358,0.055358542493535959,0.062825499744933552,0.059092021119234756,0.086611964130218599,0.027519943010983844,-0.0074669572513975935,-0.12271875143051147,-0.024543749168515205,-0.109375,0.08984375,32,32,0,0,1,1,10.053297999999877,0.053297999999877277
331,3.3026036799999998,FIRST_CENTER_PROFILE,1,1,-0.21959625778042813,1.8522350698455528,0.1988628125753889,-0.1988628125753889,-0.023393262177705765,1.7034896612167358,0.055328250527571732,0.062825499744933552,0.059076875136252642,0.086323984803639536,0.027247109667386894,-0.0074972492173618205,0.14726249873638153,0.12271875143051147,-0.1171875,0.0859375,32,32,0,0,1,1,10.053124999999774,0.053124999999774047
332,3.312533706,FIRST_CENTER_PROFILE,1,1,-0.21744191064419471,1.8500807227093192,0.23200661467128711,-0.23200661467128711,-0.023585010319948196,1.7032978534698486,0.055358542493535959,0.062795198362753615,0.059076870428144787,0.085983645599500641,0.026906775171355854,-0.0074366558692176565,-0.26998123526573181,-0.12271875143051147,-0.10546875,0.07421875,32,32,0,0,1,1,9.9300260000001472,0.069973999999852765
333,3.3225212129999999,FIRST_CENTER_PROFILE,1,1,-0.21495612548700238,1.847594937552127,0.2651504167671852,-0.2651504167671852,-0.023585010319948196,1.7029143571853638,0.055358542493535959,0.062734614430825161,0.05904657846218056,0.085590946517801914,0.026544368055621353,-0.0073760719372892025,-0.24543750286102295,-0.4908750057220459,-0.10546875,0.0859375,32,32,0,0,1,1,9.9875069999999511,0.012493000000048937
334,3.3324824529999999,FIRST_CENTER_PROFILE,1,1,-0.21213890230885102,1.8447777143739756,0.29829421886308338,-0.29829421886308338,-0.023585010319948196,1.7029143571853638,0.055358542493535959,0.062734614430825161,0.05904657846218056,0.085145887558543368,0.026099309096362808,-0.0073760719372892025,-0.26998123526573181,-0.44178751111030579,-0.1015625,0.0859375,32,32,0,0,1,1,9.9612399999999823,0.038760000000017669
335,3.342482789,FIRST_CENTER_PROFILE,1,1,-0.20899024110974063,1.8416290531748651,0.33143802095898151,-0.33143802095898151,-0.023585010319948196,1.703106164932251,0.055358542493535959,0.062764915813005098,0.059061729153270529,0.084648468721724976,0.025586739568454447,-0.0074063733194691395,-0.24543750286102295,-0.17180624604225159,-0.09375,0.0703125,32,32,0,0,1,1,10.000336000000054,0.00033600000005407082
336,3.352483243,FIRST_CENTER_PROFILE,1,1,-0.20551014188967143,1.8381489539547959,0.36458182305487968,-0.36458182305487968,-0.023585010319948196,1.7029143571853638,0.055358542493535959,0.062734614430825161,0.05904657846218056,0.084098690007346766,0.025052111545166206,-0.0073760719372892025,-0.39269998669624329,-0.14726249873638153,-0.1015625,0.0703125,32,32,0,0,1,1,10.000454000000047,0.00045400000004747199
337,3.3625056130000002,FIRST_CENTER_PROFILE,1,1,-0.20169860464864309,1.8343374167137676,0.39772562515077781,-0.39772562515077781,-0.023585010319948196,1.7029143571853638,0.055358542493535959,0.062734614430825161,0.05904657846218056,0.083496551415408723,0.024449972953228163,-0.0073760719372892025,-0.44178751111030579,-0.024543749168515205,-0.08984375,0.0703125,32,32,0,0,1,1,10.022370000000169,0.022370000000169199
338,3.3726367860000002,FIRST_CENTER_PROFILE,1,1,-0.19755562938665583,1.8301944414517803,0.43086942724667598,-0.43086942724667598,-0.023393262177705765,1.7027226686477661,0.055328250527571732,0.062704331881076658,0.059016291204324195,0.082842052945910849,0.023825761741586654,-0.0073760813535049263,-0.41724374890327454,0.26998123526573181,-0.0859375,0.0703125,32,32,0,0,1,1,10.131172999999993,0.13117299999999332
339,3.382655213,FIRST_CENTER_PROFILE,1,1,-0.19308121610370954,1.8257200281688339,0.46401322934257422,-0.46401322934257422,-0.023201514035463333,1.702147364616394,0.055297958561607512,0.062613446566968281,0.058955702564287893,0.082135194598853142,0.023179492034565249,-0.0073154880053607693,-0.073631249368190765,-0.36815625429153442,-0.08984375,0.05078125,32,32,0,0,1,1,10.018426999999885,0.018426999999885396
340,3.3926462389999998,FIRST_CENTER_PROFILE,1,1,-0.18827536479980433,1.8209141768649288,0.49715703143847223,-0.49715703143847223,-0.023201514035463333,1.7019556760787964,0.055297958561607512,0.062583164017219778,0.058940561289413648,0.081375976374235617,0.022435415084821969,-0.0072852054556122661,-0.24543750286102295,0,-0.07421875,0.05859375,32,32,0,0,1,1,9.9910259999997919,0.0089740000002080933
341,3.402592023,FIRST_CENTER_PROFILE,1,1,-0.1831380754749401,1.8157768875400646,0.53030083353437041,-0.53030083353437041,-0.023009765893220901,1.7013803720474243,0.055267666595643292,0.062492278703111387,0.058879972649377339,0.080564398272058246,0.021684425622680907,-0.0072246121074680952,0.073631249368190765,-0.34361249208450317,-0.08203125,0.0546875,32,32,0,0,1,1,9.9457840000001241,0.054215999999875919
342,3.4125914050000001,FIRST_CENTER_PROFILE,1,1,-0.17766934812911694,1.8103081601942415,0.56344463563026859,-0.56344463563026859,-0.023201514035463333,1.7009968757629395,0.055297958561607512,0.062431694771182947,0.058864826666395226,0.079700460292321057,0.020835633625925831,-0.007133736209575435,-0.41724374890327454,0.12271875143051147,-0.0703125,0.0546875,32,32,0,0,1,1,9.9993820000001676,0.00061799999983236376
343,3.4226383440000001,FIRST_CENTER_PROFILE,1,1,-0.17186918276233476,1.8045079948274592,0.59658843772616676,-0.59658843772616676,-0.02281801775097847,1.7006133794784546,0.055237374629679072,0.0623711108392545,0.058804242734466786,0.078784162435024035,0.01997991970055725,-0.0071337362095754281,-0.24543750286102295,0.049087498337030411,-0.05859375,0.05078125,32,32,0,0,1,1,10.046938999999977,0.046938999999976971
344,3.4326829679999999,FIRST_CENTER_PROFILE,1,1,-0.1657375793745936,1.7983763914397182,0.62973223982206483,-0.62973223982206483,-0.022626269608736038,1.6998463869094849,0.055207082663714845,0.062249942975397612,0.058728512819556225,0.077815504700167182,0.019086991880610957,-0.0070428603116827679,0.024543749168515205,-0.31906875967979431,-0.05859375,0.0390625,32,32,0,0,1,1,10.044623999999835,0.044623999999835462
345,3.4426039419999999,FIRST_CENTER_PROFILE,1,1,-0.15927453796589347,1.791913350031018,0.66287604191796301,-0.66287604191796301,-0.022626269608736038,1.6992712020874023,0.055207082663714845,0.062159076493720662,0.058683079578717753,0.076794487087750496,0.018111407509032743,-0.0069519938300058176,-0.073631249368190765,-0.24543750286102295,-0.05859375,0.0390625,32,32,0,0,1,1,9.9209739999999158,0.079026000000084196
346,3.4524989220000002,FIRST_CENTER_PROFILE,1,1,-0.15248005853623436,1.7851188706013588,0.69601984401386119,-0.69601984401386119,-0.022051025182008743,1.6985042095184326,0.055116206765822177,0.062037908629863775,0.05857705769784298,0.075721109597773992,0.017144051899931012,-0.0069217018640415975,-0.024543749168515205,-0.4908750057220459,-0.05078125,0.02734375,32,32,0,0,1,1,9.8949800000003307,0.10501999999966927
347,3.4626371059999999,FIRST_CENTER_PROFILE,1,1,-0.14535414108561623,1.7779929531507408,0.72916364610975937,-0.72916364610975937,-0.022051025182008743,1.6975454092025757,0.055116206765822177,0.061886439383826951,0.058501323074824564,0.074595372230237642,0.016094049155413077,-0.0067702326180047734,-0.24543750286102295,-0.073631249368190765,-0.0390625,0.0234375,32,32,0,0,1,1,10.138183999999661,0.13818399999966147
348,3.4726784350000002,FIRST_CENTER_PROFILE,1,1,-0.13789678561403917,1.7705355976791637,0.76230744820565743,-0.76230744820565743,-0.021859277039766312,1.6965867280960083,0.055085914799857957,0.061734988970221553,0.058410451885039752,0.073417274985141473,0.015006823100101721,-0.0066490741703635961,0.098174996674060822,-0.39269998669624329,-0.0390625,0.01953125,32,32,0,0,1,1,10.041329000000321,0.041329000000320804
349,3.4826017579999999,FIRST_CENTER_PROFILE,1,1,-0.13010799212150309,1.7627468041866277,0.79545125030155561,-0.79545125030155561,-0.021859277039766312,1.6962032318115234,0.055085914799857957,0.061674405038293113,0.058380159919075539,0.072186817862485472,0.013806657943409933,-0.006588490238435156,-0.46633124351501465,-0.24543750286102295,-0.03515625,0.0078125,32,32,0,0,1,1,9.9233229999997619,0.076677000000238138
350,3.4925888349999998,FIRST_CENTER_PROFILE,1,1,-0.12198776060800803,1.7546265726731325,0.82859505239745379,-0.82859505239745379,-0.021284032613039017,1.6954362392425537,0.05499503890196529,0.061553237174436226,0.058274138038200758,0.070904000862269639,0.012629862824068881,-0.0065581982724709359,-0.17180624604225159,0.12271875143051147,-0.0234375,0.0078125,32,32,0,0,1,1,9.9870769999998998,0.01292300000010016
351,3.5027101479999998,FIRST_CENTER_PROFILE,1,1,-0.113536091073554,1.7461749031386784,0.86173885449335197,-0.86173885449335197,-0.021092284470796585,1.6942857503890991,0.05496474693600107,0.061371485378650892,0.058168116157325978,0.069568823984493974,0.011400707827167997,-0.0064067384426498217,-0.36815625429153442,-0.024543749168515205,-0.0234375,0.00390625,32,32,0,0,1,1,10.121312999999965,0.12131299999996514
352,3.5126900440000002,FIRST_CENTER_PROFILE,1,1,-0.10475298351814094,1.7373917955832654,0.89488265658925015,-0.89488265658925015,-0.020325293764472008,1.6925599575042725,0.054843579366400927,0.06109884826875718,0.057971213817579054,0.068181287229158477,0.010210073411579423,-0.0062552689023562535,-0.049087498337030411,-0.36815625429153442,-0.0078125,0,32,32,0,0,1,1,9.9798960000003767,0.020103999999623312
353,3.5226261640000001,FIRST_CENTER_PROFILE,1,1,-0.095638437941769017,1.7282772500068935,0.92802645868514844,-0.92802645868514844,-0.020133545622229576,1.6912177801132202,0.0548132874004367,0.060886813923223343,0.057850050661830021,0.066741390596263162,0.0088913399344331401,-0.0060735265227866431,-0.24543750286102295,-0.56450623273849487,-0.0078125,-0.0078125,32,32,0,0,1,1,9.9361199999998817,0.063880000000118287
354,3.5326731040000001,FIRST_CENTER_PROFILE,1,1,-0.086192454344438063,1.7188312664095626,0.96117026078104639,-0.96117026078104639,-0.019941797479987144,1.6908342838287354,0.05478299543447248,0.060826229991294896,0.057804612712883688,0.065249134085808014,0.0074445213729243259,-0.0060432345568224161,-0.049087498337030411,-0.26998123526573181,0,-0.01953125,32,32,0,0,1,1,10.04694000000006,0.046940000000059712
355,3.5427092550000001,FIRST_CENTER_PROFILE,1,1,-0.076415032726148135,1.7090538447912726,0.99431406287694446,-0.99431406287694446,-0.018791308626532555,1.6900672912597656,0.054601243638687146,0.060705062127438009,0.057653152883062581,0.063704517697793034,0.0060513648147304533,-0.0061038184887508631,0.024543749168515205,-0.024543749168515205,0,-0.0234375,32,32,0,0,1,1,10.036150999999993,0.036150999999993161
356,3.5524850080000001,FIRST_CENTER_PROFILE,1,1,-0.066306173086899178,1.6989449851520237,1.0274578649728427,-1.0274578649728427,-0.018407812342047691,1.6891084909439087,0.054540659706758705,0.060553592881401185,0.057547126294079945,0.062107541432218222,0.0045604151381382768,-0.0060129331746424791,-0.049087498337030411,-0.29452499747276306,0.00390625,-0.02734375,32,32,0,0,1,1,9.7757529999999981,0.22424700000000186
357,3.5625460699999998,FIRST_CENTER_PROFILE,1,1,-0.055865875426691247,1.6885046874918157,1.0606016670687408,-1.0606016670687408,-0.016873827204108238,1.6881498098373413,0.054298323979044931,0.060402142467795787,0.057350233223420359,0.060458205289083577,0.0031079720656632184,-0.0061038184887508562,0,-0.36815625429153442,0.01171875,-0.0390625,32,32,0,0,1,1,10.061061999999676,0.061061999999676431
358,3.5725891170000001,FIRST_CENTER_PROFILE,1,1,-0.045094139745524287,1.6777329518106487,1.0937454691646391,-1.0937454691646391,-0.016106836497783661,1.6877663135528564,0.054177156409444781,0.060341558535867347,0.057259357472656064,0.058756509268389101,0.0014971517957330371,-0.0061644021264225662,-0.049087498337030411,0.049087498337030411,0.0234375,-0.0390625,32,32,0,0,1,1,10.04304700000036,0.043047000000360214
359,3.5825432830000001,FIRST_CENTER_PROFILE,1,1,-0.034064618936944846,1.6667034310020694,1.1047934031966051,-1.1047934031966051,-0.015148095786571503,1.6858488321304321,0.054025696579623673,0.060038638876225126,0.057032167727924396,0.057014088898481426,-1.8078829442970401e-05,-0.006012942296601452,0.44178751111030579,-0.7117687463760376,0.0390625,-0.05078125,32,32,0,0,1,1,9.9541659999999865,0.045834000000013475
360,3.5924862690000001,FIRST_CENTER_PROFILE,1,1,-0.023016684904978768,1.6556554969701032,1.1047934031966051,-1.1047934031966051,-0.014956347644329071,1.6841230392456055,0.053995404613659446,0.059766001766331407,0.056880703189995427,0.055268759646487094,-0.0016119435435083332,-0.0057705971526719607,-0.24543750286102295,-0.58904999494552612,0.04296875,-0.05078125,32,32,0,0,1,1,9.942985999999987,0.057014000000012999
361,3.602602208,FIRST_CENTER_PROFILE,1,1,-0.011968750873012801,1.6446075629381374,1.1047934031966051,-1.1047934031966051,-0.013997607864439487,1.6818220615386963,0.053843944930966711,0.059402498174760746,0.056623221552863728,0.053523430394492776,-0.0030997911583709528,-0.0055585532437940344,0,-0.61359375715255737,0.04296875,-0.06640625,32,32,0,0,1,1,10.115938999999852,0.11593899999985169
362,3.6126536539999998,FIRST_CENTER_PROFILE,1,1,-0.00092081684104672323,1.6335596289061711,1.1047934031966051,-1.1047934031966051,-0.012463622726500034,1.6785624027252197,0.053601609203252937,0.058887544169584687,0.056244576686418815,0.051778101142498444,-0.0044664755439203715,-0.0052859349663317498,0.098174996674060822,-0.4908750057220459,0.05078125,-0.05078125,32,32,0,0,1,1,10.051445999999853,0.051445999999852887
363,3.622686141,FIRST_CENTER_PROFILE,1,1,0.010127117190919355,1.6225116948742051,1.1047934031966051,-1.1047934031966051,-0.010162646882236004,1.6735769510269165,0.053238105905939012,0.058099953054514916,0.055669029480226964,0.050032771890504112,-0.0056362575897228526,-0.0048618471485759041,0.098174996674060822,-0.41724374890327454,0.05078125,-0.05078125,32,32,0,0,1,1,10.032487000000145,0.032487000000145372
364,3.6326632810000001,FIRST_CENTER_PROFILE,1,1,0.021175051222885377,1.6114637608422391,1.1047934031966051,-1.1047934031966051,-0.006327685434371233,1.669358491897583,0.052632266807347124,0.057433529803302033,0.055032898305324582,0.04828744263850978,-0.0067454556668148022,-0.0048012629959549094,0.22089375555515289,-0.36815625429153442,0.04296875,-0.05859375,32,32,0,0,1,1,9.977140000000162,0.02285999999983801
365,3.6424848829999998,FIRST_CENTER_PROFILE,1,1,0.0322229852548514,1.6004158268102731,1.1047934031966051,-1.1047934031966051,-0.00038349608075805008,1.6680163145065308,0.051693216345221213,0.057221495457768196,0.054457355901494704,0.046542113386515455,-0.0079152425149792496,-0.0055282791125469827,0.26998123526573181,-0.34361249208450317,0.03515625,-0.07421875,32,32,0,0,1,1,9.8216019999997073,0.17839800000029271
366,3.6526225550000002,FIRST_CENTER_PROFILE,1,1,0.043270919286817477,1.589367892778307,1.1047934031966051,-1.1047934031966051,0.006327685434371233,1.6668658256530762,0.050632998083607071,0.057039743661982868,0.05383637087279497,0.044796784134521123,-0.0090395867382738471,-0.0064067455783757971,0.049087498337030411,0.024543749168515205,0.05078125,-0.09375,32,32,0,0,1,1,10.137672000000375,0.13767200000037505
367,3.6626161430000002,FIRST_CENTER_PROFILE,1,1,0.0543188533187835,1.578319958746341,1.1047934031966051,-1.1047934031966051,0.0092039061710238457,1.6662905216217041,0.050178618814836297,0.056948858347874484,0.053563738581355394,0.043051454882526798,-0.010512283698828596,-0.0067702395330381873,0.36815625429153442,-0.049087498337030411,0.0703125,-0.09375,32,32,0,0,1,1,9.9935879999999422,0.0064120000000578159
368,3.672631784,FIRST_CENTER_PROFILE,1,1,0.065366787350749578,1.567272024714375,1.1047934031966051,-1.1047934031966051,0.011696631088852882,1.6657153367996216,0.04978482340442978,0.056857991866197534,0.053321407635313657,0.041306125630532466,-0.012015282004781191,-0.0070731684617677537,0.31906875967979431,-0.24543750286102295,0.0703125,-0.10546875,32,32,0,0,1,1,10.015640999999853,0.015640999999853022
369,3.6825983390000001,FIRST_CENTER_PROFILE,1,1,0.0764147213827156,1.556224090682409,1.1047934031966051,-1.1047934031966051,0.015339843928813934,1.6651400327682495,0.049209276345366301,0.05676710655208915,0.052988191448727726,0.039560796378538141,-0.013427395070189585,-0.0075578302067228487,0.24543750286102295,-0.049087498337030411,0.0703125,-0.09375,32,32,0,0,1,1,9.9665550000000991,0.033444999999900915
370,3.6924849929999999,FIRST_CENTER_PROFILE,1,1,0.087462655414681678,1.5451761566504429,1.1047934031966051,-1.1047934031966051,0.023585010319948196,1.6641813516616821,0.047906722397418236,0.056615656138483759,0.052261189267950994,0.037815467126543809,-0.014445722141407186,-0.0087089337410655235,0.63813751935958862,-0.098174996674060822,0.0390625,-0.1171875,32,32,0,0,1,1,9.8866539999997727,0.11334600000022732
371,3.702587673,FIRST_CENTER_PROFILE,1,1,0.098510589446647728,1.5341282226184767,1.1047934031966051,-1.1047934031966051,0.036048632115125656,1.6624555587768555,0.045937745786770776,0.056343019028590041,0.051140382407680408,0.036070137874549477,-0.015070244533130932,-0.010405273241819266,0.44178751111030579,-0.56450623273849487,0.0390625,-0.12109375,32,32,0,0,1,1,10.102680000000142,0.10268000000014155
372,3.712679799,FIRST_CENTER_PROFILE,1,1,0.10955852347861381,1.5230802885865107,1.1047934031966051,-1.1047934031966051,0.041801072657108307,1.6611133813858032,0.045028987396357599,0.056130984683056204,0.050579986039706898,0.034324808622555145,-0.016255177417151753,-0.011101997286698605,0.26998123526573181,-0.19634999334812164,0.06640625,-0.125,32,32,0,0,1,1,10.092125999999979,0.092125999999979058
373,3.7226060520000002,FIRST_CENTER_PROFILE,1,1,0.12060645751057977,1.5120323545545447,1.1047934031966051,-1.1047934031966051,0.049854490906000137,1.6593875885009766,0.043756725414373754,0.055858347573162492,0.049807536493768123,0.032579479370560827,-0.017228057123207297,-0.012101622158788738,0.78539997339248657,-0.53996247053146362,0.05078125,-0.125,32,32,0,0,1,1,9.9262530000001625,0.07374699999983747
374,3.7326023429999999,FIRST_CENTER_PROFILE,1,1,0.13165439154254585,1.5009844205225786,1.1047934031966051,-1.1047934031966051,0.057332664728164673,1.6570866107940674,0.042575339330282583,0.055494843981591824,0.049035091655937203,0.030834150118566495,-0.018200941537370709,-0.012919504651309241,0.39269998669624329,-0.073631249368190765,0.0703125,-0.125,32,32,0,0,1,1,9.9962909999997684,0.0037090000002315548
375,3.7425924830000001,FIRST_CENTER_PROFILE,1,1,0.1427023255745119,1.4899364864906126,1.1047934031966051,-1.1047934031966051,0.059058398008346558,1.6530599594116211,0.042302711636604581,0.054858722112558884,0.048580716874581736,0.029088820866572163,-0.019491896008009574,-0.012556010475954303,0,-0.56450623273849487,0.09375,-0.125,32,32,0,0,1,1,9.9901400000002027,0.0098599999997972532
376,3.7525475930000001,FIRST_CENTER_PROFILE,1,1,0.15358454059599849,1.4790542714691259,1.0716496011007068,-1.0716496011007068,0.060208886861801147,1.6461570262908936,0.042120959840819247,0.053768211337846893,0.047944585589333066,0.027369671553357747,-0.02057491403597532,-0.011647251497027646,0.12271875143051147,-0.53996247053146362,0.1015625,-0.1171875,32,32,0,0,1,1,9.9551099999999337,0.044890000000066266
377,3.7625981409999998,FIRST_CENTER_PROFILE,1,1,0.16413531759652605,1.4685034944685984,1.038505799004809,-1.038505799004809,0.061934620141983032,1.6388705968856812,0.041848332147141253,0.052617116631206454,0.04723272438917385,0.025702882117703163,-0.021529842271470687,-0.010768784484065201,0.14726249873638153,-0.58904999494552612,0.10546875,-0.125,32,32,0,0,1,1,10.050547999999715,0.050547999999714932
378,3.7725990199999999,FIRST_CENTER_PROFILE,1,1,0.17435465657609464,1.4582841554890298,1.0053619969089107,-1.0053619969089107,0.064810842275619507,1.6350356340408325,0.041393952657677924,0.052011277311922011,0.046702614984799967,0.024088452559608411,-0.022614162425191556,-0.010617324654244087,0.44178751111030579,-0.9326624870300293,0.10546875,-0.13671875,32,32,0,0,1,1,10.000879000000129,0.00087900000012908208
379,3.7825999769999998,FIRST_CENTER_PROFILE,1,1,0.18424255753470431,1.4483962545304201,0.97221819481301253,-0.97221819481301253,0.069412790238857269,1.6312006711959839,0.040666946651563556,0.051405437992637575,0.046036192322100565,0.022526382879073478,-0.023509809443027087,-0.010738491341074019,0.6626812219619751,-0.7608562707901001,0.07421875,-0.13671875,32,32,0,0,1,1,10.000956999999921,0.00095699999992149287
380,3.7926670069999999,FIRST_CENTER_PROFILE,1,1,0.19379902047235498,1.4388397915927695,0.93907439271711424,-0.93907439271711424,0.078616701066493988,1.6227637529373169,0.039212932285280902,0.050072591490211808,0.044642761887746352,0.021016673076098377,-0.023626088811647974,-0.010859659204930906,0.83448749780654907,-1.3008188009262085,0.06640625,-0.1015625,32,32,0,0,1,1,10.067030000000088,0.067030000000087853
381,3.8026053100000001,FIRST_CENTER_PROFILE,1,1,0.20302404538904664,1.4296147666760779,0.90593059062121606,-0.90593059062121606,0.087628856301307678,1.6101083755493164,0.037789211061989431,0.048073321736573152,0.042931266399281291,0.019559323150683108,-0.023371943248598183,-0.010284110674583721,0.73631250858306885,-1.3499062061309814,0.07421875,-0.09375,32,32,0,0,1,1,9.9383030000002037,0.061696999999796276
382,3.812675778,FIRST_CENTER_PROFILE,1,1,0.21191763228477933,1.4207211797803452,0.87278678852531788,-0.87278678852531788,0.094531789422035217,1.6007126569747925,0.036698700287277439,0.046589005988110561,0.041643853137694004,0.018154333102827672,-0.023489520034866332,-0.0098903057008331227,0.46633124351501465,-1.4971687793731689,0.08203125,-0.08984375,32,32,0,0,1,1,10.070467999999888,0.070467999999888065
383,3.8225938290000001,FIRST_CENTER_PROFILE,1,1,0.22047978115955286,1.4121590309055716,0.83964298642942004,-0.83964298642942004,0.10450268536806107,1.5849893093109131,0.03512351923416486,0.044105064779044356,0.039614292006604608,0.016801702932532095,-0.022812589074072513,-0.0089815455448794962,0.7608562707901001,-1.9635000228881836,0.0703125,-0.05859375,32,32,0,0,1,1,9.9180510000000943,0.081948999999905681
384,3.8326795059999998,FIRST_CENTER_PROFILE,1,1,0.22871049201336763,1.4039283200517569,0.80649918433352186,-0.80649918433352186,0.1083376482129097,1.5669649839401245,0.034517679914880424,0.041257619978407489,0.037887649946643953,0.015501432639796309,-0.022386217306847644,-0.0067399400635270654,-0.049087498337030411,-2.6507248878479004,0.10546875,-0.03515625,32,32,0,0,1,1,10.085676999999738,0.085676999999737546
385,3.8426154280000002,FIRST_CENTER_PROFILE,1,1,0.23660976484622331,1.3960290472189012,0.77335538223762368,-0.77335538223762368,0.10910464078187943,1.5477902889251709,0.034396512051023537,0.038228442214416722,0.036312477132720129,0.014253522224620369,-0.022058954908099761,-0.0038319301633931852,-0.24543750286102295,-1.7916938066482544,0.1171875,-0.02734375,32,32,0,0,1,1,9.9359220000003745,0.06407799999962549
386,3.8526687370000001,FIRST_CENTER_PROFILE,1,1,0.24417759965812008,1.3884612124070044,0.7402115801417255,-0.7402115801417255,0.11025512963533401,1.5307246446609497,0.034214760255238202,0.035532447827385245,0.03487360404131172,0.013057971687004247,-0.021815632354307474,-0.001317687572147043,0.17180624604225159,-1.5217125415802002,0.1171875,-0.0390625,32,32,0,0,1,1,10.053308999999899,0.053308999999899243
387,3.8626034599999999,FIRST_CENTER_PROFILE,1,1,0.25141399644905787,1.3812248156160667,0.70706777804582743,-0.70706777804582743,0.11217261105775833,1.5184527635574341,0.033911840595595981,0.033593762005675043,0.033752801300635515,0.011914781026947957,-0.021838020273687558,0.0003180785899209379,0.34361249208450317,-1.3253624439239502,0.109375,-0.05078125,32,32,0,0,1,1,9.9347229999997566,0.06527700000024339
388,3.8726155420000001,FIRST_CENTER_PROFILE,1,1,0.25831895521903669,1.3743198568460879,0.67392397594992925,-0.67392397594992925,0.11428183317184448,1.5077148675918579,0.033578630147016508,0.031897411911678608,0.032738021029347558,0.0108239502444515,-0.021914070784896059,0.0016812182353379002,0.29452499747276306,-0.80994373559951782,0.109375,-0.0859375,32,32,0,0,1,1,10.012082000000255,0.012082000000255277
389,3.8826371910000002,FIRST_CENTER_PROFILE,1,1,0.26489247596805648,1.3677463360970681,0.64078017385403097,-0.64078017385403097,0.11792504787445068,1.502537727355957,0.033003082793696285,0.031079538246860331,0.03204131052027831,0.0097854793395148743,-0.022255831180763436,0.0019235445468359542,0.049087498337030411,-0.9326624870300293,0.08984375,-0.08203125,32,32,0,0,1,1,10.021649000000021,0.021649000000021346
390,3.8926262220000001,FIRST_CENTER_PROFILE,1,1,0.27113455869611724,1.3615042533690072,0.60763637175813279,-0.60763637175813279,0.12751245498657227,1.4937173128128052,0.031488484495485192,0.029686107812506121,0.030587296153995656,0.0087993683121380811,-0.021787927841857575,0.0018023766829790705,1.7916938066482544,-1.4235374927520752,0.05859375,-0.05078125,32,32,0,0,1,1,9.9890309999999261,0.010969000000073947
391,3.9026422969999999,FIRST_CENTER_PROFILE,1,1,0.27704520340321914,1.3555936086619054,0.57449256966223472,-0.57449256966223472,0.13844208419322968,1.4864308834075928,0.029761844789578464,0.028535013105865686,0.029148428947722075,0.0078656171623211063,-0.021282811785400969,0.0012268316837127785,0.88357502222061157,-0.44178751111030579,0.05859375,-0.08203125,32,32,0,0,1,1,10.016074999999791,0.016074999999791117
392,3.9126837879999998,FIRST_CENTER_PROFILE,1,1,0.28262441008936195,1.3500144019757625,0.54134876756633654,-0.54134876756633654,0.15090571343898773,1.4833629131317139,0.027792867001904035,0.028050341650438133,0.027921604326171086,0.0069842258900639775,-0.020937378436107108,-0.00025747464853409854,1.4480812549591064,-0.36815625429153442,0.03515625,-0.09375,32,32,0,0,1,1,10.041490999999958,0.041490999999957978
393,3.9226830829999999,FIRST_CENTER_PROFILE,1,1,0.28787217875454585,1.3447666333105786,0.50820496547043825,-0.50820496547043825,0.16087661683559418,1.480294942855835,0.026217684771764491,0.027565670195010581,0.026891677483387534,0.0061551944953666671,-0.020736482988020867,-0.0013479854232460904,0.29452499747276306,-0.36815625429153442,0.0703125,-0.0859375,32,32,0,0,1,1,9.9992950000000747,0.00070499999992534867
394,3.9325988920000001,FIRST_CENTER_PROFILE,1,1,0.29278850939877077,1.3398503026663537,0.47506116337454007,-0.47506116337454007,0.1622188538312912,1.4756929874420166,0.026005641010014936,0.026838663011869254,0.026422152010942095,0.0053785229782291888,-0.021043629032712906,-0.00083302200185431802,0.098174996674060822,-0.9817500114440918,0.10546875,-0.07421875,32,32,0,0,1,1,9.9158090000002197,0.084190999999780303
395,3.9425953090000001,FIRST_CENTER_PROFILE,1,1,0.29737340202203666,1.3352654100430879,0.4419173612786419,-0.4419173612786419,0.16241060197353363,1.4664890766143799,0.025975349044050713,0.025384648645586597,0.025679998844818655,0.0046542113386515427,-0.021025787506167112,0.00059070039846411543,-0.14726249873638153,-0.80994373559951782,0.1015625,-0.05078125,32,32,0,0,1,1,9.9964169999999797,0.0035830000000203199
396,3.9525102639999998,FIRST_CENTER_PROFILE,1,1,0.30162685662434358,1.3310119554407809,0.40877355918274411,-0.40877355918274411,0.16375283896923065,1.4599696397781372,0.025763305282301162,0.024354721802803049,0.025059013542552105,0.0039822595766337288,-0.021076753965918377,0.0014085834794981128,0.19634999334812164,-0.83448749780654907,0.09375,-0.06640625,32,32,0,0,1,1,9.9149549999997255,0.085045000000274484
397,3.9625248819999999,FIRST_CENTER_PROFILE,1,1,0.30554887320569152,1.327089938859433,0.37562975708684593,-0.37562975708684593,0.16662904620170593,1.4553676843643188,0.025308928146891761,0.023627714619661722,0.024468321383276741,0.003362667692175747,-0.021105653691100994,0.0016812135272300383,0.049087498337030411,-0.24543750286102295,0.08984375,-0.06640625,32,32,0,0,1,1,10.014618000000031,0.014618000000030662
398,3.9726809140000001,FIRST_CENTER_PROFILE,1,1,0.30913945176608049,1.3234993602990439,0.34248595499094775,-0.34248595499094775,0.17238149046897888,1.4461637735366821,0.024400169167965099,0.022173700253379065,0.023286934710672082,0.0027954356852775836,-0.020491499025394499,0.0022264689145860342,0.34361249208450317,-1.5462563037872314,0.06640625,-0.03515625,32,32,0,0,1,1,10.156032000000259,0.15603200000025907
399,3.9826258860000001,FIRST_CENTER_PROFILE,1,1,0.31239859230551043,1.3202402197596141,0.30934215289504957,-0.30934215289504957,0.18043491244316101,1.4308239221572876,0.023127906597467777,0.019750342976241307,0.021439124786854544,0.0022805635559392662,-0.019158561230915278,0.0033775636212264697,0.56450623273849487,-1.4971687793731689,0.06640625,-0.0234375,32,32,0,0,1,1,9.9449719999999964,0.05502800000000363
400,3.9926354850000001,FIRST_CENTER_PROFILE,1,1,0.31532629482398145,1.3173125172411431,0.27619835079915134,-0.27619835079915134,0.18426987528800964,1.4220035076141357,0.022522067278183337,0.018356912541887094,0.020439489910035216,0.0018180513041607671,-0.018621438605874448,0.0041651547362962435,0.098174996674060822,-0.63813751935958862,0.08984375,-0.01171875,32,32,0,0,1,1,10.00959899999998,0.0095989999999801512
401,4.0026214109999998,FIRST_CENTER_PROFILE,1,1,0.31792255932149344,1.3147162527436311,0.24305454870325321,-0.24305454870325321,0.18695434927940369,1.410115122795105,0.022097979754684229,0.016478810652105332,0.01928839520339478,0.0014078989299421002,-0.01788049627345268,0.005619169102578897,0.098174996674060822,-1.1290124654769897,0.0859375,-0.01171875,32,32,0,0,1,1,9.9859259999997008,0.014074000000299236
402,4.0126345419999998,FIRST_CENTER_PROFILE,1,1,0.32018738579804656,1.3124514262670779,0.20991074660735501,-0.20991074660735501,0.19040581583976746,1.4060884714126587,0.021552724367328233,0.015842688783072385,0.018697706575200309,0.0010501064332832516,-0.017647600141917057,0.0057100355842558473,0.41724374890327454,-0.19634999334812164,0.0703125,-0.0546875,32,32,0,0,1,1,10.013131000000008,0.013131000000008441
403,4.0225906299999998,FIRST_CENTER_PROFILE,1,1,0.32212077425364061,1.310518037811484,0.17676694451145686,-0.17676694451145686,0.19750048220157623,1.4028286933898926,0.020431923980705948,0.015327715945464894,0.017879819963085422,0.00074467381418424905,-0.017135146148901173,0.0051042080352410538,0.80994373559951782,-0.56450623273849487,0.0390625,-0.04296875,32,32,0,0,1,1,9.9560880000000296,0.043911999999970419
404,4.0326359409999997,FIRST_CENTER_PROFILE,1,1,0.32372272468827573,1.3089160873768488,0.14362314241555868,-0.14362314241555868,0.20593740046024323,1.3955422639846802,0.019099077478280182,0.014176621238824459,0.016637849358552319,0.00049160107264506481,-0.016146248285907255,0.004922456239455723,0.4908750057220459,-0.95720624923706055,0.05078125,-0.0078125,32,32,0,0,1,1,10.045310999999835,0.045310999999834678
405,4.0426052190000004,FIRST_CENTER_PROFILE,1,1,0.32499323710195177,1.3076455749631728,0.11047934031966047,-0.11047934031966047,0.2082383781671524,1.3869136571884155,0.018735573886709517,0.012813492186650186,0.01577453303667985,0.00029088820866572662,-0.015483644828014124,0.0059220817000593309,0.024543749168515205,-0.83448749780654907,0.08203125,-0.0234375,32,32,0,0,1,1,9.969278000000692,0.030721999999308025
406,4.0526261830000001,FIRST_CENTER_PROFILE,1,1,0.32593231149466889,1.3067065005704557,0.07733553822376231,-0.07733553822376231,0.20900537073612213,1.384804368019104,0.01861440602285263,0.012480271144828027,0.015547338583840328,0.00014253522224620674,-0.015404803361594121,0.0061341348780246021,0.17180624604225159,-0.39269998669624329,0.08203125,-0.0390625,32,32,0,0,1,1,10.020963999999744,0.020963999999743521
407,4.0626595290000003,FIRST_CENTER_PROFILE,1,1,0.32653994786642698,1.3060988641986975,0.044191736127864117,-0.044191736127864117,0.20996411144733429,1.3840373754501343,0.018462946193031519,0.012359103280971138,0.015411024737001329,4.6542113386519035e-05,-0.01536448262361481,0.0061038429120603803,0.12271875143051147,-0.073631249368190765,0.07421875,-0.04296875,32,32,0,0,1,1,10.033346000000165,0.033346000000165077
408,4.0726228769999997,FIRST_CENTER_PROFILE,1,1,0.32681614621722616,1.3058226658478984,0.011047934031965937,-0.011047934031965937,0.20996411144733429,1.3836538791656494,0.018462946193031519,0.012298519349042695,0.015380732771037107,2.9088820866635112e-06,-0.015377823888950443,0.0061644268439888239,-0.41724374890327454,0.098174996674060822,0.07421875,-0.04296875,32,32,0,0,1,1,9.9633479999994279,0.036652000000572116
409,4.0826259880000002,FIRST_CENTER_PROFILE,1,1,0.32683455944061279,1.3058042526245117,0,-0,0.21015585958957672,1.3834621906280518,0.018432654227067295,0.01226823679929419,0.015350445513180742,0,-0.015350445513180742,0.0061644174277731053,-0.36815625429153442,-0.049087498337030411,0.07421875,-0.04296875,32,32,0,0,1,1,10.003111000000509,0.0031110000005085681
410,4.0926000550000001,FIRST_CENTER_ENDPOINT,1,1,0.32683455944061279,1.3058042526245117,-0,0,0.21034760773181915,1.3832703828811646,0.018402362261103075,0.012237935417114251,0.015320148839108663,0,-0.015320148839108663,0.0061644268439888239,-0.24543750286102295,-0.049087498337030411,0.0703125,-0.05078125,32,32,0,0,1,1,9.9740669999999199,0.025933000000080142
411,4.1026707079999998,FIRST_CENTER_ENDPOINT,1,1,0.32683455944061279,1.3058042526245117,-0,0,0.21073110401630402,1.3830786943435669,0.018341778329174632,0.012207652867365746,0.015274715598270188,0,-0.015274715598270188,0.0061341254618088852,-0.39269998669624329,-0.24543750286102295,0.07421875,-0.04296875,32,32,0,0,1,1,10.070652999999652,0.070652999999651911
412,4.1126330429999998,FIRST_CENTER_ENDPOINT,1,1,0.32683455944061279,1.3058042526245117,-0,0,0.21053935587406158,1.3828868865966797,0.018372070295138852,0.012177351485185808,0.01527471089016233,0,-0.01527471089016233,0.006194718809953044,-0.12271875143051147,-0.51541876792907715,0.0703125,-0.04296875,32,32,0,0,1,1,9.9623349999999888,0.037665000000011162
413,4.1225856729999997,FIRST_CENTER_ENDPOINT,1,1,0.32683455944061279,1.3058042526245117,-0,0,0.21073110401630402,1.3830786943435669,0.018341778329174632,0.012207652867365746,0.015274715598270188,0,-0.015274715598270188,0.0061341254618088852,0.024543749168515205,-0.024543749168515205,0.0703125,-0.05078125,32,32,0,0,1,1,9.9526299999999068,0.047370000000093171
414,4.1326164590000003,FIRST_CENTER_ENDPOINT,1,1,0.32683455944061279,1.3058042526245117,-0,0,0.21073110401630402,1.3830786943435669,0.018341778329174632,0.012207652867365746,0.015274715598270188,0,-0.015274715598270188,0.0061341254618088852,-0.22089375555515289,0.049087498337030411,0.07421875,-0.04296875,32,32,0,0,1,1,10.030786000000624,0.030786000000624369
415,4.1425900560000004,FIRST_CENTER_ENDPOINT,1,1,0.32683455944061279,1.3058042526245117,-0,0,0.21111460030078888,1.3828868865966797,0.018281194397246188,0.012177351485185808,0.015229272941215998,0,-0.015229272941215998,0.0061038429120603803,-0.17180624604225159,-0.24543750286102295,0.0703125,-0.04296875,32,32,0,0,1,1,9.9735970000001117,0.026402999999888266
416,4.1525336499999996,FIRST_CENTER_ENDPOINT,1,1,0.32683455944061279,1.3058042526245117,-0,0,0.21111460030078888,1.382695198059082,0.018281194397246188,0.012147068935437303,0.015214131666341744,0,-0.015214131666341744,0.0061341254618088852,-0.31906875967979431,-0.24543750286102295,0.0703125,-0.0390625,32,32,0,0,1,1,9.9435939999992229,0.056406000000777112
417,4.1626808210000004,FIRST_CENTER_ENDPOINT,1,1,0.32683455944061279,1.3058042526245117,-0,0,0.21130634844303131,1.3823117017745972,0.018250902431281964,0.012086485003508859,0.015168693717395411,0,-0.015168693717395411,0.0061644174277731053,-0.073631249368190765,-0.44178751111030579,0.07421875,-0.0390625,32,32,0,0,1,1,10.147171000000732,0.14717100000073202
418,4.1726890729999999,FIRST_CENTER_ENDPOINT,1,1,0.32683455944061279,1.3058042526245117,-0,0,0.21149809658527374,1.38211989402771,0.018220610465317741,0.012056183621328919,0.015138397043323329,0,-0.015138397043323329,0.0061644268439888222,-0.31906875967979431,-0.24543750286102295,0.06640625,-0.04296875,32,32,0,0,1,1,10.008251999999551,0.0082519999995511739
419,4.1826016250000002,FIRST_CENTER_ENDPOINT,1,1,0.32683455944061279,1.3058042526245117,-0,0,0.21188159286975861,1.38211989402771,0.018160026533389297,0.012056183621328919,0.015108105077359109,0,-0.015108105077359109,0.0061038429120603786,-0.12271875143051147,-0.024543749168515205,0.07421875,-0.0390625,32,32,0,0,1,1,9.9125520000002965,0.087447999999703541
420,4.1926350909999996,FIRST_CENTER_ENDPOINT,1,1,0.32683455944061279,1.3058042526245117,-0,0,0.21207334101200104,1.3817363977432251,0.018129734567425077,0.011995599689400475,0.015062667128412775,0,-0.015062667128412775,0.0061341348780246021,0,-0.049087498337030411,0.06640625,-0.0390625,32,32,0,0,1,1,10.033465999999436,0.03346599999943578
421,4.2027524270000001,FIRST_CENTER_ENDPOINT,1,1,0.32683455944061279,1.3058042526245117,-0,0,0.21207334101200104,1.3815447092056274,0.018129734567425077,0.01196531713965197,0.015047525853538524,0,-0.015047525853538524,0.006164417427773107,-0.17180624604225159,0,0.05859375,-0.04296875,32,32,0,0,1,1,10.117336000000421,0.11733600000042088
422,4.2125983680000001,FIRST_CENTER_ENDPOINT,1,1,0.32683455944061279,1.3058042526245117,-0,0,0.21207334101200104,1.3813529014587402,0.018129734567425077,0.011935015757472031,0.015032375162448555,0,-0.015032375162448555,0.0061947188099530457,-0.36815625429153442,-0.29452499747276306,0.07421875,-0.05078125,32,32,0,0,1,1,9.8459410000000247,0.1540589999999753
423,4.2226247050000003,FIRST_CENTER_ENDPOINT,1,1,0.32683455944061279,1.3058042526245117,-0,0,0.21226508915424347,1.3813529014587402,0.018099442601460854,0.011935015757472031,0.015017229179466442,0,-0.015017229179466442,0.0061644268439888222,-0.024543749168515205,-0.12271875143051147,0.0703125,-0.04296875,32,32,0,0,1,1,10.026337000000218,0.026337000000218325
424,4.2326778889999996,FIRST_CENTER_ENDPOINT,1,1,0.32683455944061279,1.3058042526245117,-0,0,0.21207334101200104,1.3811612129211426,0.018129734567425077,0.011904733207723527,0.015017233887574302,0,-0.015017233887574302,0.0062250013597015506,-0.36815625429153442,-0.26998123526573181,0.0703125,-0.0390625,32,32,0,0,1,1,10.053183999999327,0.053183999999326659
425,4.242692946,FIRST_CENTER_ENDPOINT,1,1,0.32683455944061279,1.3058042526245117,-0,0,0.21207334101200104,1.3811612129211426,0.018129734567425077,0.011904733207723527,0.015017233887574302,0,-0.015017233887574302,0.0062250013597015506,-0.4908750057220459,-0.17180624604225159,0.07421875,-0.0390625,32,32,0,0,1,1,10.015057000000382,0.015057000000382459
426,4.2526798120000002,FIRST_CENTER_ENDPOINT,1,1,0.32683455944061279,1.3058042526245117,-0,0,0.21226508915424347,1.3811612129211426,0.018099442601460854,0.011904733207723527,0.01500208790459219,0,-0.01500208790459219,0.0061947093937373271,0,-0.17180624604225159,0.07421875,-0.04296875,32,32,0,0,1,1,9.9868660000002052,0.01313399999979481
427,4.2626734649999998,FIRST_CENTER_ENDPOINT,1,1,0.32683455944061279,1.3058042526245117,-0,0,0.21226508915424347,1.3809694051742554,0.018099442601460854,0.011874431825543586,0.01498693721350222,0,-0.01498693721350222,0.0062250107759172675,-0.14726249873638153,-0.29452499747276306,0.07421875,-0.0390625,32,32,0,0,1,1,9.9936529999995471,0.0063470000004528515
428,4.2726267189999998,FIRST_CENTER_ENDPOINT,1,1,0.32683455944061279,1.3058042526245117,-0,0,0.21226508915424347,1.3807777166366577,0.018099442601460854,0.011844149275795083,0.014971795938627968,0,-0.014971795938627968,0.0062552933256657707,0.14726249873638153,-0.24543750286102295,0.07421875,-0.04296875,32,32,0,0,1,1,9.9532540000000225,0.046745999999977528
429,4.2826925620000003,FIRST_CENTER_ENDPOINT,1,1,0.32683455944061279,1.3058042526245117,-0,0,0.21226508915424347,1.3807777166366577,0.018099442601460854,0.011844149275795083,0.014971795938627968,0,-0.014971795938627968,0.0062552933256657707,-0.31906875967979431,-0.24543750286102295,0.06640625,-0.0390625,32,32,0,0,1,1,10.065843000000463,0.065843000000462837
430,4.2926152670000004,FIRST_CENTER_ENDPOINT,1,1,0.32683455944061279,1.3058042526245117,-0,0,0.2124568372964859,1.3807777166366577,0.018069150635496634,0.011844149275795083,0.014956649955645858,0,-0.014956649955645858,0.0062250013597015506,0,0.12271875143051147,0.0703125,-0.05078125,32,32,0,0,1,1,9.9227050000001427,0.077294999999857339
431,4.302685919,FIRST_CENTER_ENDPOINT,1,1,0.32683455944061279,1.3058042526245117,-0,0,0.2124568372964859,1.3805859088897705,0.018069150635496634,0.011813847893615143,0.014941499264555888,0,-0.014941499264555888,0.006255302741881491,0,-0.24543750286102295,0.06640625,-0.0390625,32,32,0,0,1,1,10.070651999999569,0.070651999999569171
432,4.3126075699999999,FIRST_CENTER_ENDPOINT,1,1,0.32683455944061279,1.3058042526245117,-0,0,0.21226508915424347,1.3805859088897705,0.018099442601460854,0.011813847893615143,0.014956645247537998,0,-0.014956645247537998,0.0062855947078457111,-0.34361249208450317,-0.24543750286102295,0.06640625,-0.04296875,32,32,0,0,1,1,9.9216509999999758,0.078349000000024205
433,4.3226112829999996,FIRST_CENTER_ENDPOINT,1,1,0.32683455944061279,1.3058042526245117,-0,0,0.21264858543872833,1.3803942203521729,0.01803885866953241,0.011783565343866639,0.014911212006699525,0,-0.014911212006699525,0.0062552933256657707,0.31906875967979431,-0.24543750286102295,0.05859375,-0.04296875,32,32,0,0,1,1,10.003712999999692,0.0037129999996921015
434,4.3326753,FIRST_CENTER_ENDPOINT,1,1,0.32683455944061279,1.3058042526245117,-0,0,0.21226508915424347,1.380010724067688,0.018099442601460854,0.011722981411938194,0.014911212006699523,0,-0.014911212006699523,0.0063764611895226597,-0.31906875967979431,-0.61359375715255737,0.06640625,-0.05078125,32,32,0,0,1,1,10.064017000000369,0.064017000000369251
435,4.342612527,FIRST_CENTER_ENDPOINT,1,1,0.32683455944061279,1.3058042526245117,-0,0,0.21226508915424347,1.3803942203521729,0.018099442601460854,0.011783565343866639,0.014941503972663746,0,-0.014941503972663746,0.0063158772575942143,-0.36815625429153442,0.22089375555515289,0.0703125,-0.05078125,32,32,0,0,1,1,9.9372269999999929,0.062773000000007073
436,4.3525005160000001,FIRST_CENTER_ENDPOINT,1,1,0.32683455944061279,1.3058042526245117,-0,0,0.21226508915424347,1.380010724067688,0.018099442601460854,0.011722981411938194,0.014911212006699523,0,-0.014911212006699523,0.0063764611895226597,-0.4908750057220459,-0.24543750286102295,0.0703125,-0.05078125,32,32,0,0,1,1,9.887989000000097,0.11201099999990305
437,4.362685044,FIRST_CENTER_ENDPOINT,1,1,0.32683455944061279,1.3058042526245117,-0,0,0.2124568372964859,1.380010724067688,0.018069150635496634,0.011722981411938194,0.014896066023717413,0,-0.014896066023717413,0.0063461692235584396,-0.073631249368190765,-0.098174996674060822,0.06640625,-0.04296875,32,32,0,0,1,1,10.184527999999915,0.18452799999991498
438,4.3726758930000003,FIRST_CENTER_ENDPOINT,1,1,0.32683455944061279,1.3058042526245117,-0,0,0.21264858543872833,1.3796272277832031,0.01803885866953241,0.01166239748000975,0.014850628074771079,0,-0.014850628074771079,0.0063764611895226597,0.14726249873638153,-0.51541876792907715,0.0703125,-0.04296875,32,32,0,0,1,1,9.9908490000002459,0.0091509999997541058
439,4.3826198139999999,FIRST_CENTER_ENDPOINT,1,1,0.32683455944061279,1.3058042526245117,-0,0,0.21226508915424347,1.3798189163208008,0.018099442601460854,0.011692680029758255,0.014896061315609554,0,-0.014896061315609554,0.0064067625717025983,-0.53996247053146362,0,0.06640625,-0.04296875,32,32,0,0,1,1,9.9439209999996336,0.056079000000366364
440,4.3926073409999997,FIRST_CENTER_ENDPOINT,1,1,0.32683455944061279,1.3058042526245117,-0,0,0.2124568372964859,1.3796272277832031,0.018069150635496634,0.01166239748000975,0.014865774057753193,0,-0.014865774057753193,0.0064067531554868832,0,0.098174996674060822,0.0703125,-0.0390625,32,32,0,0,1,1,9.9875269999998295,0.012473000000170487
441,4.4025987530000004,FIRST_CENTER_ENDPOINT,1,1,0.32683455944061279,1.3058042526245117,-0,0,0.21264858543872833,1.3794354200363159,0.01803885866953241,0.011632096097829812,0.014835477383681111,0,-0.014835477383681111,0.0064067625717025983,0.024543749168515205,-0.24543750286102295,0.0703125,-0.05078125,32,32,0,0,1,1,9.9914120000006434,0.0085879999993565548
442,4.4126821420000004,FIRST_CENTER_ENDPOINT,1,1,0.32683455944061279,1.3058042526245117,-0,0,0.21264858543872833,1.3796272277832031,0.01803885866953241,0.01166239748000975,0.014850628074771079,0,-0.014850628074771079,0.0063764611895226597,0.098174996674060822,0.12271875143051147,0.07421875,-0.0390625,32,32,0,0,1,1,10.083389000000054,0.08338900000005367
443,4.4226833320000001,FIRST_CENTER_ENDPOINT,1,1,0.32683455944061279,1.3058042526245117,-0,0,0.21226508915424347,1.3794354200363159,0.018099442601460854,0.011632096097829812,0.014865769349645333,0,-0.014865769349645333,0.0064673465036310419,-0.63813751935958862,-0.24543750286102295,0.07421875,-0.0390625,32,32,0,0,1,1,10.00118999999966,0.0011899999996600741
444,4.432629414,FIRST_CENTER_ENDPOINT,1,1,0.32683455944061279,1.3058042526245117,-0,0,0.2124568372964859,1.3794354200363159,0.018069150635496634,0.011632096097829812,0.014850623366663223,0,-0.014850623366663223,0.0064370545376668219,-0.26998123526573181,-0.12271875143051147,0.07421875,-0.0390625,32,32,0,0,1,1,9.9460819999999117,0.053918000000088284
445,4.4426085239999997,FIRST_CENTER_ENDPOINT,1,1,0.32683455944061279,1.3058042526245117,-0,0,0.2124568372964859,1.3794354200363159,0.018069150635496634,0.011632096097829812,0.014850623366663223,0,-0.014850623366663223,0.0064370545376668219,-0.39269998669624329,-0.17180624604225159,0.08203125,-0.0390625,32,32,0,0,1,1,9.9791099999997357,0.020890000000264308
446,4.4526770610000002,FIRST_CENTER_ENDPOINT,1,1,0.32683455944061279,1.3058042526245117,-0,0,0.2124568372964859,1.3794354200363159,0.018069150635496634,0.011632096097829812,0.014850623366663223,0,-0.014850623366663223,0.0064370545376668219,-0.41724374890327454,0,0.0703125,-0.0390625,32,32,0,0,1,1,10.068537000000433,0.068537000000432613
447,4.4626195639999997,FIRST_CENTER_ENDPOINT,1,1,0.32683455944061279,1.3058042526245117,-0,0,0.21264858543872833,1.3794354200363159,0.01803885866953241,0.011632096097829812,0.014835477383681111,0,-0.014835477383681111,0.0064067625717025983,-0.049087498337030411,0,0.07421875,-0.0390625,32,32,0,0,1,1,9.9425029999995473,0.057497000000452658
448,4.4726329460000001,FIRST_CENTER_ENDPOINT,1,1,0.32683455944061279,1.3058042526245117,-0,0,0.21264858543872833,1.3794354200363159,0.01803885866953241,0.011632096097829812,0.014835477383681111,0,-0.014835477383681111,0.0064067625717025983,-0.14726249873638153,0.098174996674060822,0.0703125,-0.0390625,32,32,0,0,1,1,10.013382000000348,0.013382000000348171
449,4.4826088730000002,FIRST_CENTER_ENDPOINT,1,1,0.32683455944061279,1.3058042526245117,-0,0,0.21284033358097076,1.3792437314987183,0.01800856670356819,0.011601813548081307,0.014805190125824749,0,-0.014805190125824749,0.0064067531554868832,0.049087498337030411,-0.24543750286102295,0.0703125,-0.03515625,32,32,0,0,1,1,9.9759270000001621,0.024072999999837918
450,4.492602625,MINUS_5_PROFILE,1,1,0.32683455944061279,1.3058042526245117,0,-0,0.21264858543872833,1.3794354200363159,0.01803885866953241,0.011632096097829812,0.014835477383681111,0,-0.014835477383681111,0.0064067625717025983,-0.44178751111030579,0.12271875143051147,0.07421875,-0.0390625,32,32,0,0,1,1,9.9937519999997448,0.0062480000002551606
451,4.5026764779999997,MINUS_5_PROFILE,1,1,0.32700027845109231,1.3056385336140321,0.033143802095898151,-0.033143802095898151,0.2130320817232132,1.3794354200363159,0.017978274737603966,0.011632096097829812,0.014805185417716889,-2.6179938779914941e-05,-0.014831365356496803,0.0063461786397741547,0,0.049087498337030411,0.05859375,-0.0390625,32,32,0,0,1,1,10.073852999999744,0.073852999999743929
452,4.5126059840000003,MINUS_5_PROFILE,1,1,0.32749743548253074,1.3051413765825937,0.066287604191796301,-0.066287604191796301,0.2130320817232132,1.3792437314987183,0.017978274737603966,0.011601813548081307,0.014790044142842636,-0.00010471975511965977,-0.014894763897962295,0.0063764611895226597,-0.049087498337030411,-0.24543750286102295,0.0703125,-0.0390625,32,32,0,0,1,1,9.929506000000643,0.070493999999357015
453,4.5226825829999999,MINUS_5_PROFILE,1,1,0.3283260305349282,1.3043127815301963,0.099431406287694452,-0.099431406287694452,0.21322382986545563,1.3790519237518311,0.017947982771639743,0.011571512165901366,0.014759747468770554,-0.00023561944901923445,-0.014995366917789788,0.0063764706057383765,-0.19634999334812164,-0.22089375555515289,0.05859375,-0.05078125,32,32,0,0,1,1,10.076598999999575,0.076598999999575312
454,4.5326321700000003,MINUS_5_PROFILE,1,1,0.32948606360828464,1.3031527484568399,0.1325752083835926,-0.1325752083835926,0.21418257057666779,1.3779014348983765,0.017796522941818636,0.011389760370116036,0.014593141655967336,-0.00041887902047863906,-0.015012020676445975,0.0064067625717026001,0,-0.24543750286102295,0.07421875,-0.0390625,32,32,0,0,1,1,9.9495870000003706,0.050412999999629449
455,4.542616969,MINUS_5_PROFILE,1,1,0.33097753470260005,1.3016612773625245,0.16571901047949075,-0.16571901047949075,0.2166752964258194,1.3756004571914673,0.017402727384283747,0.01102625677854537,0.014214492081414558,-0.00065449846949787362,-0.014868990550912432,0.0063764706057383765,0.31906875967979431,-0.90811872482299805,0.05859375,-0.03515625,32,32,0,0,1,1,9.9847989999997111,0.0152010000002889
456,4.552485764,MINUS_5_PROFILE,1,1,0.33280044381787444,1.2998383682472501,0.1988628125753889,-0.1988628125753889,0.22070200741291046,1.3719573020935059,0.016766596099035087,0.010450718841440871,0.01360865747023798,-0.00094247779607693782,-0.014551135266314918,0.006315877257594216,0.39269998669624329,-0.4908750057220459,0.05859375,-0.0078125,32,32,0,0,1,1,9.8687950000000413,0.13120499999995872
457,4.5626202979999997,MINUS_5_PROFILE,1,1,0.33495479095410785,1.2976840211110168,0.23200661467128711,-0.23200661467128711,0.22779667377471924,1.365821361541748,0.015645795712412803,0.0094813759305857667,0.012563585821499284,-0.0012828170002158325,-0.013846402821715117,0.0061644197818270362,0.41724374890327454,-0.24543750286102295,0.04296875,-0.0234375,32,32,0,0,1,1,10.13453399999964,0.13453399999963978
458,4.572587414,MINUS_5_PROFILE,1,1,0.33744057611130018,1.2951982359538243,0.2651504167671852,-0.2651504167671852,0.23086464405059814,1.3644790649414062,0.015161124256985251,0.0092693227526204954,0.012215223504802874,-0.0016755160819145562,-0.013890739586717431,0.0058918015043647552,-0.17180624604225159,-0.14726249873638153,0.05859375,-0.04296875,32,32,0,0,1,1,9.9671160000003312,0.032883999999668845
459,4.5825920199999999,MINUS_5_PROFILE,1,1,0.34025779928945155,1.292381012775673,0.29829421886308338,-0.29829421886308338,0.23124814033508301,1.3635203838348389,0.015100540325056807,0.0091178723390151033,0.012109206332035955,-0.00212057504117311,-0.014229781373209065,0.0059826679860417037,-0.26998123526573181,-0.56450623273849487,0.08203125,-0.0546875,32,32,0,0,1,1,10.00460599999986,0.0046059999998604439
460,4.592615747,MINUS_5_PROFILE,1,1,0.34340646048856188,1.2892323515765627,0.33143802095898151,-0.33143802095898151,0.23220688104629517,1.363136887550354,0.014949080495235696,0.0090572884070866597,0.012003184451161178,-0.0026179938779914945,-0.014621178329152672,0.0058917920881490365,0.098174996674060822,0.29452499747276306,0.08203125,-0.05078125,32,32,0,0,1,1,10.023727000000093,0.023727000000093312
461,4.6026821580000004,MINUS_5_PROFILE,1,1,0.34688655970863119,1.2857522523564933,0.36458182305487968,-0.36458182305487968,0.23278212547302246,1.3623698949813843,0.014858204597343031,0.0089361205432297707,0.011897162570286401,-0.0031677725923697081,-0.015064935162656109,0.0059220840541132601,0.073631249368190765,-0.024543749168515205,0.0859375,-0.0546875,32,32,0,0,1,1,10.066411000000386,0.066411000000385911
462,4.6126368749999997,MINUS_5_PROFILE,1,1,0.35069809694965948,1.2819407151154651,0.39772562515077781,-0.39772562515077781,0.23335736989974976,1.3619863986968994,0.014767328699450364,0.0088755366113013271,0.011821432655375845,-0.0037699111843077513,-0.015591343839683598,0.0058917920881490365,-0.24543750286102295,-0.39269998669624329,0.0859375,-0.06640625,32,32,0,0,1,1,9.9547169999993912,0.045283000000608808
463,4.6226250220000002,MINUS_5_PROFILE,1,1,0.35484107221164674,1.2777977398534777,0.43086942724667598,-0.43086942724667598,0.23412436246871948,1.3619863986968994,0.014646160835593476,0.0088755366113013271,0.011760848723447402,-0.0044244096538056258,-0.016185258377253028,0.0057706242242921493,-0.098174996674060822,0,0.08984375,-0.05859375,32,32,0,0,1,1,9.9881470000005024,0.011852999999497627
464,4.6326275079999997,MINUS_5_PROFILE,1,1,0.35931548549459297,1.2733233265705315,0.46401322934257422,-0.46401322934257422,0.2354665994644165,1.3610275983810425,0.014434117073843922,0.0087240673652644995,0.011579092219554211,-0.0051312680008633298,-0.016710360220417539,0.0057100497085794226,0.29452499747276306,-0.24543750286102295,0.08984375,-0.06640625,32,32,0,0,1,1,10.002485999999422,0.0024859999994220061
465,4.6426026880000002,MINUS_5_PROFILE,1,1,0.36412133679849823,1.2685174752666264,0.49715703143847223,-0.49715703143847223,0.23719233274459839,1.3602606058120728,0.014161489380165924,0.0086028995014076105,0.011382194440786766,-0.0058904862254808609,-0.017272680666267626,0.0055585898787583136,0.24543750286102295,-0.41724374890327454,0.0859375,-0.06640625,32,32,0,0,1,1,9.9751800000005275,0.024819999999472486
466,4.6526214919999997,MINUS_5_PROFILE,1,1,0.36925862612336241,1.2633801859417622,0.53030083353437041,-0.53030083353437041,0.24083554744720459,1.3591101169586182,0.013585942026845706,0.0084211477056222797,0.011003544866233993,-0.006702064327658225,-0.017705609193892219,0.0051647943212234267,0.39269998669624329,-0.39269998669624329,0.0859375,-0.0703125,32,32,0,0,1,1,10.018803999999548,0.018803999999548182
467,4.6626567650000004,MINUS_5_PROFILE,1,1,0.37472735346918562,1.2579114585959388,0.56344463563026859,-0.56344463563026859,0.24831372499465942,1.3577679395675659,0.012404555354241049,0.008209113360088444,0.010306834357164747,-0.0075660023073954186,-0.017872836664560167,0.0041954419941526051,1.006293773651123,-0.26998123526573181,0.0546875,-0.0703125,32,32,0,0,1,1,10.035273000000622,0.035273000000621835
468,4.6725237770000003,MINUS_5_PROFILE,1,1,0.3805275188359678,1.2521112932291567,0.59658843772616676,-0.59658843772616676,0.25694239139556885,1.3554669618606567,0.011041416885851059,0.0078456097685177788,0.009443513327184419,-0.0084823001646924402,-0.017925813491876857,0.0031958071173332804,0.36815625429153442,-0.41724374890327454,0.0703125,-0.0703125,32,32,0,0,1,1,9.8670119999999528,0.13298800000004718
469,4.682589192,MINUS_5_PROFILE,1,1,0.38665912222370896,1.2459796898414155,0.62973223982206483,-0.62973223982206483,0.26096910238265991,1.3522071838378906,0.010405285600602396,0.0073306369309102878,0.0088679612657563411,-0.0094509578995492938,-0.018318919165305633,0.0030746486696921083,0.34361249208450317,-0.53996247053146362,0.0859375,-0.0703125,32,32,0,0,1,1,10.065414999999689,0.065414999999688916
470,4.6926203949999996,MINUS_5_PROFILE,1,1,0.39312216363240909,1.2395166484327154,0.66287604191796301,-0.66287604191796301,0.26480406522750854,1.3476052284240723,0.0097994462813179566,0.0066036297477689593,0.008201538014543458,-0.010471975511965978,-0.018673513526509436,0.0031958165335489973,0.46633124351501465,-0.31906875967979431,0.0703125,-0.05859375,32,32,0,0,1,1,10.0312029999996,0.031202999999599967
471,4.7025901980000002,MINUS_5_PROFILE,1,1,0.3999166430620682,1.2327221690030563,0.69601984401386119,-0.69601984401386119,0.27285745739936829,1.3401271104812622,0.0085271884189284924,0.0054222524913800198,0.0069747204551542565,-0.011545353001942487,-0.018520073457096744,0.0031049359275484726,0.88357502222061157,-0.7608562707901001,0.05859375,-0.0546875,32,32,0,0,1,1,9.9698030000006099,0.030196999999390073
472,4.71268508,MINUS_5_PROFILE,1,1,0.40704256051268634,1.2255962515524381,0.72916364610975937,-0.72916364610975937,0.28244486451148987,1.3362921476364136,0.0070125901207173918,0.0048164131720955794,0.0059145016464064856,-0.012671090369478832,-0.018585592015885319,0.0021961769486218124,0.049087498337030411,-0.073631249368190765,0.0703125,-0.08984375,32,32,0,0,1,1,10.09488199999975,0.094881999999749667
473,4.7226284639999996,MINUS_5_PROFILE,1,1,0.41449991598426339,1.218138896080861,0.76230744820565743,-0.76230744820565743,0.28762206435203552,1.3343746662139893,0.0061947070396833979,0.0045134935124533596,0.0053541002760683788,-0.013849187614575004,-0.019203287890643385,0.0016812135272300383,0.17180624604225159,-0.24543750286102295,0.08984375,-0.08984375,32,32,0,0,1,1,9.943383999999611,0.056616000000389022
474,4.7326006449999998,MINUS_5_PROFILE,1,1,0.42228870947679947,1.210350102588325,0.79545125030155561,-0.79545125030155561,0.29529199004173279,1.3318818807601929,0.0049830284011145179,0.0041196885387027558,0.0045513584699086364,-0.015079644737231005,-0.01963100320713964,0.00086333986241176209,1.1780999898910522,-0.39269998669624329,0.05859375,-0.08984375,32,32,0,0,1,1,9.9721810000001909,0.02781899999980908
475,4.7425984139999997,MINUS_5_PROFILE,1,1,0.43040894099029453,1.20222987107483,0.82859505239745379,-0.82859505239745379,0.31254932284355164,1.3284304141998291,0.0022567514643345387,0.0035744331513467599,0.0029155923078406495,-0.016362461737446838,-0.019278054045287488,-0.0013176816870122212,1.5707999467849731,-0.7608562707901001,0.01953125,-0.0859375,32,32,0,0,1,1,9.9977689999999342,0.0022310000000658192
476,4.7525279549999997,MINUS_5_PROFILE,1,1,0.43886061052474856,1.1937782015403759,0.86173885449335197,-0.86173885449335197,0.33402508497238159,1.3222944736480713,-0.0011359440155504659,0.0026050902404916561,0.0007345731124705951,-0.017697638615222503,-0.018432211727693097,-0.0037410342560421223,1.8898687362670898,-1.3744499683380127,-0.00390625,-0.0703125,32,32,0,0,1,1,9.9295409999999862,0.070459000000013816
477,4.7626755449999996,MINUS_5_PROFILE,1,1,0.44764371808016157,1.1849950939849629,0.89488265658925015,-0.89488265658925015,0.3480226993560791,1.3117483854293823,-0.0033472575309386717,0.00093904152867516403,-0.0012041080011317537,-0.019085175370557997,-0.017881067369426244,-0.0042862990596138359,0.73631250858306885,-0.88357502222061157,0.0390625,-0.08203125,32,32,0,0,1,1,10.147589999999873,0.1475899999998731
478,4.7726784479999997,MINUS_5_PROFILE,1,1,0.4567582636565336,1.175880548408591,0.92802645868514844,-0.92802645868514844,0.35684311389923096,1.3079134225845337,-0.0047406879652928833,0.00033320220939072416,-0.0022037428779510797,-0.020525072003453319,-0.018321329125502238,-0.0050738901746836072,0.31906875967979431,-0.6626812219619751,0.06640625,-0.10546875,32,32,0,0,1,1,10.002903000000174,0.0029030000001739609
479,4.782632896,MINUS_5_PROFILE,1,1,0.4662042472538645,1.16643456481126,0.96117026078104639,-0.96117026078104639,0.36048632860183716,1.3054207563400269,-0.0053162353186131011,-6.0583931928443994e-05,-0.0026884096252707723,-0.022017328513908464,-0.019328918888637692,-0.0052556513866846575,0.41724374890327454,-0.24543750286102295,0.09375,-0.109375,32,32,0,0,1,1,9.9544480000002267,0.045551999999773329
480,4.7926025450000003,MINUS_5_PROFILE,1,1,0.47598166887215443,1.15665714319297,0.99431406287694446,-0.99431406287694446,0.36297905445098877,1.3010104894638062,-0.0057100308761479871,-0.00075730856532126771,-0.0032336697207346276,-0.023561944901923444,-0.020328275181188817,-0.0049527223108267191,0.17180624604225159,-0.53996247053146362,0.10546875,-0.1015625,32,32,0,0,1,1,9.9696490000003024,0.030350999999697592
481,4.802656754,MINUS_5_PROFILE,1,1,0.48609052851140339,1.1465482835537211,1.0274578649728427,-1.0274578649728427,0.36949849128723145,1.2910395860671997,-0.0067399577189315354,-0.0023324907954608114,-0.0045362242571961734,-0.025158921167498256,-0.020622696910302083,-0.004407466923470724,0.88357502222061157,-1.4235374927520752,0.0703125,-0.07421875,32,32,0,0,1,1,10.054208999999759,0.054208999999758589
482,4.8126548610000004,MINUS_5_PROFILE,1,1,0.49653082617161137,1.1361079858935133,1.0606016670687408,-1.0606016670687408,0.38023638725280762,1.2785760164260864,-0.0084363078129279668,-0.0043014591669195239,-0.0063688834899237453,-0.0268082573106329,-0.020439373820709154,-0.0041348486460084429,0.7608562707901001,-1.6198874711990356,0.0703125,-0.05859375,32,32,0,0,1,1,9.9981070000003669,0.0018929999996331048
483,4.8226971760000001,MINUS_5_PROFILE,1,1,0.50730256185277822,1.1253362502123463,1.0937454691646391,-1.0937454691646391,0.38656407594680786,1.2611268758773804,-0.0094359426897472932,-0.0070580374858794431,-0.0082469900878133686,-0.028509953331327373,-0.020262963243514003,-0.0023779052038678502,0.53996247053146362,-2.1353063583374023,0.09375,-0.03515625,32,32,0,0,1,1,10.042314999999746,0.042314999999746306
484,4.8326803480000002,MINUS_5_PROFILE,1,1,0.51833208266135766,1.1143067294037667,1.1047934031966051,-1.1047934031966051,0.39365872740745544,1.2461705207824707,-0.010556740722315648,-0.0094208108310887585,-0.0099887757767022044,-0.030252373701235048,-0.020263597924532844,-0.00113592989122689,0.80994373559951782,-1.4235374927520752,0.08203125,-0.0546875,32,32,0,0,1,1,9.9831720000000956,0.016827999999904364
485,4.842608019,MINUS_5_PROFILE,1,1,0.5293800166933238,1.1032587953718007,1.1047934031966051,-1.1047934031966051,0.40478011965751648,1.2310224771499634,-0.012313674748240524,-0.011813866726046578,-0.012063770737143551,-0.03199770295322938,-0.019933932216085831,-0.00049980802219394549,1.006293773651123,-1.4726250171661377,0.08203125,-0.05078125,32,32,0,0,1,1,9.9276709999998047,0.072329000000195265
486,4.852688841,MINUS_5_PROFILE,1,1,0.54042795072528982,1.0922108613398347,1.1047934031966051,-1.1047934031966051,0.40842333436012268,1.217408299446106,-0.012889222101560741,-0.013964605725722059,-0.013426913913641401,-0.033743032205223698,-0.020316118291582298,0.0010753836241613173,-0.34361249208450317,-1.6198874711990356,0.12109375,-0.05078125,32,32,0,0,1,1,10.080821999999934,0.08082199999993378
487,4.8625292619999998,MINUS_5_PROFILE,1,1,0.55147588475725584,1.0811629273078687,1.1047934031966051,-1.1047934031966051,0.410340815782547,1.2041777372360229,-0.013192141761202961,-0.016054741961037657,-0.014623441861120308,-0.03548836145721803,-0.020864919596097722,0.0028626001998346955,0.12271875143051147,-1.4971687793731689,0.125,-0.0546875,32,32,0,0,1,1,9.8404209999998216,0.15957900000017844
488,4.872626651,MINUS_5_PROFILE,1,1,0.56252381878922186,1.0701149932759026,1.1047934031966051,-1.1047934031966051,0.4139840304851532,1.1888378858566284,-0.013767689114523179,-0.018478099238175418,-0.016122894176349298,-0.037233690709212362,-0.021110796532863064,0.0047104101236522394,0.29452499747276306,-2.1107625961303711,0.109375,-0.0234375,32,32,0,0,1,1,10.097389000000234,0.097389000000234205
489,4.8825839259999997,MINUS_5_PROFILE,1,1,0.57357175282118789,1.0590670592439366,1.1047934031966051,-1.1047934031966051,0.42222920060157776,1.1723475456237793,-0.015070243650984725,-0.021083208311098511,-0.018076725981041618,-0.038979019961206694,-0.020902293980165076,0.0060129646601137857,0.83448749780654907,-2.0862188339233398,0.08984375,-0.03515625,32,32,0,0,1,1,9.9572749999996546,0.042725000000345403
490,4.8926146189999997,MINUS_5_PROFILE,1,1,0.58461968685315391,1.0480191252119706,1.1047934031966051,-1.1047934031966051,0.43411758542060852,1.1520222425460815,-0.016948345540766491,-0.024294156703306039,-0.020621251122036263,-0.040724349213201019,-0.020103098091164756,0.0073458111625395485,0.6626812219619751,-1.5707999467849731,0.09375,-0.01953125,32,32,0,0,1,1,10.030693000000035,0.030693000000034942
491,4.9026302499999996,MINUS_5_PROFILE,1,1,0.59566762088512004,1.0369711911800046,1.1047934031966051,-1.1047934031966051,0.44447198510169983,1.133997917175293,-0.018584111702834478,-0.02714160150394291,-0.022862856603388694,-0.042469678465195351,-0.019606821861806657,0.008557489801108431,0.6626812219619751,-1.8898687362670898,0.08203125,-0.0234375,32,32,0,0,1,1,10.015630999999914,0.015630999999913797
492,4.9126509330000001,MINUS_5_PROFILE,1,1,0.60671555491708606,1.0259232571480386,1.1047934031966051,-1.1047934031966051,0.45904481410980225,1.1219178438186646,-0.020886296408007491,-0.029049985943473175,-0.024968141175740331,-0.044215007717189676,-0.019246866541449345,0.008163689535465684,1.1044687032699585,-1.6198874711990356,0.08203125,-0.04296875,32,32,0,0,1,1,10.020683000000474,0.020683000000474294
493,4.922680079,MINUS_5_PROFILE,1,1,0.6177634889490522,1.0148753231160723,1.1047934031966051,-1.1047934031966051,0.47342592477798462,1.108687162399292,-0.023158193855324138,-0.031140141011220212,-0.027149167433272177,-0.045960336969184008,-0.018811169535911831,0.0079819471558960735,2.0371313095092773,-1.2026437520980835,0.0546875,-0.04296875,32,32,0,0,1,1,10.029145999999933,0.029145999999933281
494,4.9326793889999996,MINUS_5_PROFILE,1,1,0.62881142298101822,1.0038273890841063,1.1047934031966051,-1.1047934031966051,0.49796968698501587,1.0979492664337158,-0.027035565498744554,-0.032836491105216643,-0.029936028301980597,-0.047705666221178333,-0.017769637919197737,0.0058009256064720897,2.6752686500549316,-1.0553812980651855,0,-0.04296875,32,32,0,0,1,1,9.9993099999995394,0.00069000000046059995
495,4.9426497090000003,MINUS_5_PROFILE,1,1,0.63985935701298424,0.99277945505214027,1.1047934031966051,-1.1047934031966051,0.52040421962738037,1.0822259187698364,-0.030579725516558527,-0.035320432314282849,-0.032950078915420691,-0.049450995473172665,-0.016500916557751974,0.0047407067977243214,1.4971687793731689,-1.2026437520980835,0.03515625,-0.0234375,32,32,0,0,1,1,9.9703200000007541,0.029679999999245865
496,4.952492179,MINUS_5_PROFILE,1,1,0.65090729104495026,0.98173152102017425,1.1047934031966051,-1.1047934031966051,0.5321008563041687,1.0734056234359741,-0.032427535440376069,-0.036713843916205621,-0.034570689678290842,-0.051196324725166997,-0.016625635046876155,0.0042863084758295519,0.90811872482299805,-1.1780999898910522,0.0703125,-0.05859375,32,32,0,0,1,1,9.8424699999997145,0.1575300000002855
497,4.9626220009999997,MINUS_5_PROFILE,1,1,0.66195522507691629,0.97068358698820822,1.1047934031966051,-1.1047934031966051,0.54168820381164551,1.0613254308700562,-0.033942124322371453,-0.038622247188167327,-0.03628218575526939,-0.052941653977161329,-0.016659468221891939,0.0046801228657958743,1.3253624439239502,-1.4235374927520752,0.06640625,-0.0546875,32,32,0,0,1,1,10.129821999999677,0.12982199999967747
498,4.9726786110000001,MINUS_5_PROFILE,1,1,0.67300315910888231,0.9596356529562422,1.1047934031966051,-1.1047934031966051,0.55606931447982788,1.056915283203125,-0.036214021769688104,-0.039318952989128714,-0.037766487379408409,-0.054686983229155647,-0.016920495849747239,0.0031049312194406098,1.1780999898910522,-0.46633124351501465,0.05078125,-0.0859375,32,32,0,0,1,1,10.056610000000354,0.056610000000354432
499,4.9826121749999999,MINUS_5_PROFILE,1,1,0.68405109314084833,0.94858771892427618,1.1047934031966051,-1.1047934031966051,0.56278049945831299,1.0521215200424194,-0.037274240578435869,-0.040076261554449981,-0.038675251066442928,-0.056432312481149979,-0.017757061414707051,0.0028020209760141121,0.22089375555515289,-0.6626812219619751,0.09375,-0.07421875,32,32,0,0,1,1,9.9335639999997838,0.066436000000216211
500,4.9926159200000004,MINUS_5_PROFILE,1,1,0.69509902717281447,0.93753978489231005,1.1047934031966051,-1.1047934031966051,0.57045042514801025,1.0429176092147827,-0.038485919217004755,-0.041530275920732641,-0.040008097568868695,-0.058177641733144311,-0.018169544164275617,0.0030443567037278865,0.9817500114440918,-1.7180625200271606,0.07421875,-0.05859375,32,32,0,0,1,1,10.003745000000563,0.0037450000005634365
501,5.0026898449999999,MINUS_5_PROFILE,1,1,0.70598124219430103,0.92665756987082348,1.0716496011007068,-1.0716496011007068,0.58138006925582886,1.0327550172805786,-0.040212561276965403,-0.043135740700620685,-0.041674150988793041,-0.059896791046358727,-0.018222640057565687,0.0029231794236552824,0.73631250858306885,-1.1290124654769897,0.07421875,-0.0703125,32,32,0,0,1,1,10.073924999999484,0.073924999999483987
502,5.0126781300000003,MINUS_5_PROFILE,1,1,0.71653201919482856,0.91610679287029595,1.038505799004809,-1.038505799004809,0.5882830023765564,1.025276780128479,-0.041303072051677395,-0.044317136789441061,-0.042810104420559228,-0.061563580482013311,-0.018753476061454083,0.0030140647377636665,0.9326624870300293,-1.3744499683380127,0.09375,-0.0703125,32,32,0,0,1,1,9.9882850000003742,0.011714999999625775
503,5.0226225260000001,MINUS_5_PROFILE,1,1,0.72675135817439718,0.90588745389072733,1.0053619969089107,-1.0053619969089107,0.59978789091110229,1.0124297142028809,-0.043120590009530717,-0.046346689092828221,-0.044733639551179469,-0.063178010040108062,-0.018444370488928594,0.0032260990832975039,1.5707999467849731,-1.3499062061309814,0.0546875,-0.04296875,32,32,0,0,1,1,9.9443959999998555,0.055604000000144538
504,5.0327052390000002,MINUS_5_PROFILE,1,1,0.73663925913300687,0.89599955293211764,0.97221819481301253,-0.97221819481301253,0.61742871999740601,1.0022670030593872,-0.045907450878239144,-0.047952172705147705,-0.046929811791693421,-0.064740079720642996,-0.017810267928949575,0.0020447218269085618,1.7180625200271606,-0.68722498416900635,0.03515625,-0.0546875,32,32,0,0,1,1,10.082713000000076,0.08271300000007642
505,5.0426245620000003,MINUS_5_PROFILE,1,1,0.74619572207065754,0.88644308999446697,0.93907439271711424,-0.93907439271711424,0.63698703050613403,0.9884611964225769,-0.048997231406589785,-0.050133184838355965,-0.049565208122472879,-0.066249789523618097,-0.016684581401145218,0.0011359534317661804,1.5707999467849731,-1.5462563037872314,0.0234375,-0.0234375,32,32,0,0,1,1,9.9193230000000909,0.080676999999909071
506,5.0526845739999997,MINUS_5_PROFILE,1,1,0.75542074698734918,0.87721806507777533,0.90593059062121606,-0.90593059062121606,0.65501135587692261,0.97542232275009155,-0.051844676207226652,-0.052193038523923062,-0.052018857365574857,-0.067707139449033366,-0.015688282083458509,0.00034836231669641005,2.307112455368042,-1.1044687032699585,0.00390625,-0.03515625,32,32,0,0,1,1,10.060011999999396,0.060011999999396437
507,5.0626226929999998,MINUS_5_PROFILE,1,1,0.7643143338830819,0.86832447818204261,0.87278678852531788,-0.87278678852531788,0.67380261421203613,0.96180820465087891,-0.054813279455504689,-0.054343768107382825,-0.054578523781443761,-0.069112129496888802,-0.014533605715445042,-0.00046951134812186351,1.9880437850952148,-1.3744499683380127,0.00390625,-0.0390625,32,32,0,0,1,1,9.9381190000000785,0.061880999999921471
508,5.0726151120000003,MINUS_5_PROFILE,1,1,0.77287648275785537,0.85976232930726915,0.83964298642942004,-0.83964298642942004,0.68530750274658203,0.95643925666809082,-0.056630797413358011,-0.055191943154381043,-0.055911370283869527,-0.070464759667184379,-0.014553389383314852,-0.0014388542589769682,0.7117687463760376,-0.12271875143051147,0.05859375,-0.0703125,32,32,0,0,1,1,9.9924190000004742,0.0075809999995257726
509,5.0826841539999998,MINUS_5_PROFILE,1,1,0.78110719361167025,0.85153161845345426,0.80649918433352186,-0.80649918433352186,0.68741673231124878,0.95241254568099976,-0.056964009038964453,-0.055828074439629706,-0.056396041739297076,-0.071765029959920165,-0.015368988220623089,-0.0011359345993347467,-0.24543750286102295,-0.68722498416900635,0.08984375,-0.06640625,32,32,0,0,1,1,10.069041999999584,0.069041999999583936
510,5.0926335580000002,MINUS_5_PROFILE,1,1,0.78900646644452588,0.84363234562059863,0.77335538223762368,-0.77335538223762368,0.69163519144058228,0.94627660512924194,-0.057630432290177336,-0.056797417350484804,-0.057213924820331066,-0.073012940375096105,-0.015799015554765039,-0.0008330149396925321,0.58904999494552612,-0.63813751935958862,0.0859375,-0.06640625,32,32,0,0,1,1,9.9494040000003281,0.050595999999671903
511,5.1026859919999996,MINUS_5_PROFILE,1,1,0.79657430125642259,0.83606451080870192,0.7402115801417255,-0.7402115801417255,0.69681239128112793,0.93860667943954468,-0.058448315371211326,-0.05800909598905369,-0.058228705680132511,-0.074208490912712227,-0.015979785232579716,-0.00043921938215763651,0.29452499747276306,-0.7117687463760376,0.08203125,-0.0546875,32,32,0,0,1,1,10.052433999999444,0.05243399999944387
512,5.1126334870000001,MINUS_5_PROFILE,1,1,0.80381069804736049,0.82882811401776402,0.70706777804582743,-0.70706777804582743,0.69988036155700684,0.93419647216796875,-0.058932986826638882,-0.058705811206230793,-0.058819399016434834,-0.075351681572768517,-0.016532282556333683,-0.00022717562040808909,-0.049087498337030411,-0.7117687463760376,0.0859375,-0.07421875,32,32,0,0,1,1,9.9474950000004725,0.052504999999527513
513,5.1226844910000002,MINUS_5_PROFILE,1,1,0.81071565681733926,0.82192315524778525,0.67392397594992925,-0.67392397594992925,0.70007210969924927,0.93132025003433228,-0.058963278792603102,-0.059160190695694122,-0.059061734744148608,-0.076442512355264974,-0.017380777611116366,0.00019691190309101964,-0.24543750286102295,-0.26998123526573181,0.1015625,-0.0859375,32,32,0,0,1,1,10.051004000000141,0.051004000000141048
514,5.1325956670000004,MINUS_5_PROFILE,1,1,0.81728917756635899,0.81534963449876552,0.64078017385403097,-0.64078017385403097,0.7002638578414917,0.92729353904724121,-0.058993570758567322,-0.059796321980942785,-0.05939494636975505,-0.0774809832602016,-0.01808603689044655,0.00080275122237546265,-0.61359375715255737,-0.4908750057220459,0.1015625,-0.07421875,32,32,0,0,1,1,9.9111760000001325,0.088823999999867453
515,5.1426201049999998,MINUS_5_PROFILE,1,1,0.82353126029441981,0.8091075517707047,0.60763637175813279,-0.60763637175813279,0.70103085041046143,0.9205823540687561,-0.059114738622424216,-0.060856540789690557,-0.059985639706057386,-0.078467094287578393,-0.018481454581521006,0.0017418021672663403,-0.14726249873638153,-0.73631250858306885,0.10546875,-0.05859375,32,32,0,0,1,1,10.024437999999414,0.024437999999413762
516,5.1525078540000004,MINUS_5_PROFILE,1,1,0.82944190500152171,0.80319690706360281,0.57449256966223472,-0.57449256966223472,0.70160609483718872,0.91310417652130127,-0.059205614520316877,-0.062037927462295216,-0.060621770991306043,-0.079400845437395368,-0.018779074446089325,0.0028323129419783391,-0.24543750286102295,-0.90811872482299805,0.1015625,-0.05859375,32,32,0,0,1,1,9.8877490000006674,0.11225099999933263
517,5.1626877540000002,MINUS_5_PROFILE,1,1,0.83502111168766446,0.79761770037746005,0.54134876756633654,-0.54134876756633654,0.70294833183288574,0.90907746553421021,-0.059417658282066431,-0.062674058747543879,-0.061045858514805151,-0.080282236709652496,-0.019236378194847345,0.0032564004654774478,0.073631249368190765,-0.63813751935958862,0.10546875,-0.07421875,32,32,0,0,1,1,10.179899999999797,0.17989999999979744
518,5.1726972199999999,MINUS_5_PROFILE,1,1,0.84026888035284841,0.7923699317122761,0.50820496547043825,-0.50820496547043825,0.70314007997512817,0.90677648782730103,-0.059447950248030658,-0.063037562339114533,-0.061242756293572592,-0.081111268104349807,-0.019868511810777215,0.0035896120910838755,-0.24543750286102295,-0.26998123526573181,0.109375,-0.0859375,32,32,0,0,1,1,10.009465999999634,0.0094659999996338229
519,5.1826996950000002,MINUS_5_PROFILE,1,1,0.84518521099707333,0.78745360106805118,0.47506116337454007,-0.47506116337454007,0.70352357625961304,0.90524250268936157,-0.059508534179959098,-0.063279898066828308,-0.061394216123393699,-0.081887939621487285,-0.020493723498093586,0.0037713638868692098,0,-0.53996247053146362,0.1171875,-0.0859375,32,32,0,0,1,1,10.002475000000288,0.0024750000002882189
520,5.1926145129999997,MINUS_5_PROFILE,1,1,0.84977010362033922,0.78286870844478529,0.4419173612786419,-0.4419173612786419,0.70352357625961304,0.90313327312469482,-0.059508534179959098,-0.063613109692434749,-0.061560821936196927,-0.082612251261064931,-0.021051429324868004,0.0041045755124756514,-0.19634999334812164,-0.44178751111030579,0.1171875,-0.08203125,32,32,0,0,1,1,9.9148179999994923,0.085182000000507685
521,5.202629248,MINUS_5_PROFILE,1,1,0.85402355822264608,0.77861525384247843,0.40877355918274411,-0.40877355918274411,0.70409882068634033,0.89776438474655151,-0.059599410077851765,-0.064461275323217257,-0.062030342700534508,-0.083284203023082745,-0.021253860322548238,0.0048618652453654918,0.19634999334812164,-1.1290124654769897,0.1171875,-0.06640625,32,32,0,0,1,1,10.014735000000385,0.014735000000385412
522,5.2126222809999998,MINUS_5_PROFILE,1,1,0.85794557480399403,0.77469323726113049,0.37562975708684593,-0.37562975708684593,0.7044823169708252,0.89086145162582397,-0.059659994009780212,-0.065551786097929249,-0.062605890053854724,-0.083903794907540727,-0.021297904853686003,0.0058917920881490365,-0.31906875967979431,-0.6626812219619751,0.109375,-0.0546875,32,32,0,0,1,1,9.9930329999997625,0.0069670000002375332
523,5.2226872520000001,MINUS_5_PROFILE,1,1,0.86153615336438305,0.77110265870074146,0.34248595499094775,-0.34248595499094775,0.70524930953979492,0.88606774806976318,-0.059781161873637099,-0.066309085247034799,-0.063045123560335953,-0.08447102691443889,-0.021425903354102938,0.0065279233733976996,-0.36815625429153442,-0.24543750286102295,0.10546875,-0.06640625,32,32,0,0,1,1,10.064971000000256,0.064971000000255685
524,5.2325965969999997,MINUS_5_PROFILE,1,1,0.86479529390381293,0.76784351816131158,0.30934215289504957,-0.30934215289504957,0.70563280582427979,0.88280802965164185,-0.05984174580556554,-0.066824048668426575,-0.063332897236996061,-0.084985899043777208,-0.021653001806781147,0.0069823028628610354,-0.17180624604225159,-0.46633124351501465,0.1171875,-0.05859375,32,32,0,0,1,1,9.9093449999996253,0.090655000000374741
525,5.2425176899999997,MINUS_5_PROFILE,1,1,0.86772299642228401,0.7649158156428405,0.27619835079915134,-0.27619835079915134,0.70639979839324951,0.87993180751800537,-0.059962913669422427,-0.067278428157889897,-0.063620670913656169,-0.085448411295555707,-0.021827740381899538,0.00731551448846747,0.14726249873638153,-0.78539997339248657,0.10546875,-0.06640625,32,32,0,0,1,1,9.9210929999999919,0.078907000000008054
526,5.2526345880000003,MINUS_5_PROFILE,1,1,0.87031926091979606,0.76231955114532846,0.24305454870325321,-0.24305454870325321,0.70774203538894653,0.87456285953521729,-0.060174957431171981,-0.068126603204888114,-0.064150780318030051,-0.085858563669774374,-0.021707783351744322,0.0079516457737161331,-0.049087498337030411,-0.61359375715255737,0.109375,-0.04296875,32,32,0,0,1,1,10.116898000000596,0.11689800000059591
527,5.2626230270000001,MINUS_5_PROFILE,1,1,0.87258408739634907,0.76005472466877544,0.20991074660735501,-0.20991074660735501,0.70831727981567383,0.86382496356964111,-0.060265833329064648,-0.069822953298884549,-0.065044393313974602,-0.086216356166433222,-0.02117196285245862,0.0095571199698199008,-0.024543749168515205,-1.2271875143051147,0.10546875,-0.01171875,32,32,0,0,1,1,9.9884389999997936,0.011561000000206434
528,5.2726284919999999,MINUS_5_PROFILE,1,1,0.87451747585194317,0.75812133621318134,0.17676694451145686,-0.17676694451145686,0.70965951681137085,0.85519629716873169,-0.060477877090814203,-0.071186091767274542,-0.065831984429044366,-0.086521788785532225,-0.020689804356487859,0.01070821467646034,-0.024543749168515205,-0.83448749780654907,0.10546875,-0.01953125,32,32,0,0,1,1,10.00546499999988,0.0054649999998801491
529,5.2826493599999997,MINUS_5_PROFILE,1,1,0.87611942628657824,0.75651938577854627,0.14362314241555868,-0.14362314241555868,0.71215224266052246,0.84580063819885254,-0.060871672648349091,-0.072670398099521416,-0.06677103537393525,-0.086774861527071409,-0.020003826153136159,0.011798725451172325,0.049087498337030411,-1.6935187578201294,0.08984375,-0.00390625,32,32,0,0,1,1,10.020867999999794,0.020867999999794051
530,5.292622808,MINUS_5_PROFILE,1,1,0.87738993870025428,0.75524887336487023,0.11047934031966047,-0.11047934031966047,0.71656244993209839,0.83352875709533691,-0.061568387865526195,-0.074609083921231625,-0.06808873589337891,-0.086975574391050747,-0.018886838497671837,0.013040696055705431,0.83448749780654907,-1.2762750387191772,0.08203125,-0.00390625,32,32,0,0,1,1,9.9734480000002179,0.026551999999782083
531,5.3026314479999996,MINUS_5_PROFILE,1,1,0.8783290130929714,0.75430979897215311,0.07733553822376231,-0.07733553822376231,0.72480762004852295,0.8273928165435791,-0.062870942401987734,-0.075578426832086723,-0.069224684617037235,-0.087123927377470267,-0.017899242760433032,0.012707484430098989,0.73631250858306885,-0.68722498416900635,0.05859375,-0.0078125,32,32,0,0,1,1,10.00863999999968,0.0086399999996800148
532,5.3126958799999997,MINUS_5_PROFILE,1,1,0.8789366494647296,0.75370216260039491,0.044191736127864117,-0.044191736127864117,0.72806733846664429,0.81991463899612427,-0.06338590582337951,-0.076759813504691382,-0.070072859664035453,-0.087219920486329955,-0.017147060822294502,0.013373907681311872,-0.098174996674060822,-0.61359375715255737,0.08984375,0.00390625,32,32,0,0,1,1,10.064432000000068,0.064432000000067546
533,5.3226341509999999,MINUS_5_PROFILE,1,1,0.87921284781552866,0.75342596424959585,0.011047934031965937,-0.011047934031965937,0.72787559032440186,0.81243646144866943,-0.063355613857415297,-0.077941200177296041,-0.070648407017355669,-0.08726355371762981,-0.016615146700274142,0.014585586319880744,-0.24543750286102295,-0.58904999494552612,0.09375,-0.0078125,32,32,0,0,1,1,9.9382710000002206,0.061728999999779433
534,5.3325987909999997,MINUS_5_PROFILE,1,1,0.87923126103891536,0.75340755102620915,0,-0,0.72806733846664429,0.81090247631072998,-0.06338590582337951,-0.078183535905009816,-0.070784720864194656,-0.087266462599716474,-0.016481741735521818,0.014797630081630306,-0.14726249873638153,-0.26998123526573181,0.1015625,-0.01953125,32,32,0,0,1,1,9.964639999999747,0.035360000000252967
535,5.3426382659999998,MINUS_5_ENDPOINT,1,1,0.87923126103891536,0.75340755102620915,-0,0,0.72806733846664429,0.81032723188400269,-0.06338590582337951,-0.078274411802902483,-0.070830158813141003,-0.087266462599716474,-0.016436303786575471,0.014888505979522973,-0.24543750286102295,-0.36815625429153442,0.09375,-0.03515625,32,32,0,0,1,1,10.039475000000131,0.039475000000130933
536,5.3525064389999999,MINUS_5_ENDPOINT,1,1,0.87923126103891536,0.75340755102620915,-0,0,0.72806733846664429,0.81032723188400269,-0.06338590582337951,-0.078274411802902483,-0.070830158813141003,-0.087266462599716474,-0.016436303786575471,0.014888505979522973,-0.31906875967979431,-0.24543750286102295,0.09375,-0.02734375,32,32,0,0,1,1,9.8681730000000911,0.13182699999990888
537,5.3625932919999997,MINUS_5_ENDPOINT,1,1,0.87923126103891536,0.75340755102620915,-0,0,0.72825908660888672,0.81013548374176025,-0.063416197789343737,-0.07830470376886671,-0.070860450779105216,-0.087266462599716474,-0.016406011820611258,0.014888505979522973,0.12271875143051147,-0.34361249208450317,0.08984375,-0.02734375,32,32,0,0,1,1,10.086852999999785,0.086852999999784686
538,5.3726345850000001,MINUS_5_ENDPOINT,1,1,0.87923126103891536,0.75340755102620915,-0,0,0.72806733846664429,0.80994373559951782,-0.06338590582337951,-0.078334995734830923,-0.070860450779105216,-0.087266462599716474,-0.016406011820611258,0.014949089911451413,-0.36815625429153442,-0.41724374890327454,0.09375,-0.02734375,32,32,0,0,1,1,10.041293000000451,0.041293000000450775
539,5.3825837270000001,MINUS_5_ENDPOINT,1,1,0.87923126103891536,0.75340755102620915,-0,0,0.72825908660888672,0.80994373559951782,-0.063416197789343737,-0.078334995734830923,-0.070875596762087323,-0.087266462599716474,-0.016390865837629151,0.014918797945487186,-0.12271875143051147,-0.29452499747276306,0.08984375,-0.0234375,32,32,0,0,1,1,9.9491419999999664,0.050858000000033599
540,5.3926806689999998,MINUS_5_ENDPOINT,1,1,0.87923126103891536,0.75340755102620915,-0,0,0.72825908660888672,0.80994373559951782,-0.063416197789343737,-0.078334995734830923,-0.070875596762087323,-0.087266462599716474,-0.016390865837629151,0.014918797945487186,-0.39269998669624329,-0.26998123526573181,0.09375,-0.03515625,32,32,0,0,1,1,10.096941999999665,0.096941999999664574
541,5.40262273,MINUS_5_ENDPOINT,1,1,0.87923126103891536,0.75340755102620915,-0,0,0.72864258289337158,0.80994373559951782,-0.063476781721272177,-0.078334995734830923,-0.07090588872805155,-0.087266462599716474,-0.016360573871664924,0.014858214013558746,0.17180624604225159,-0.024543749168515205,0.08984375,-0.02734375,32,32,0,0,1,1,9.9420610000002796,0.057938999999720409
542,5.4126850559999999,MINUS_5_ENDPOINT,1,1,0.87923126103891536,0.75340755102620915,-0,0,0.72864258289337158,0.80994373559951782,-0.063476781721272177,-0.078334995734830923,-0.07090588872805155,-0.087266462599716474,-0.016360573871664924,0.014858214013558746,0.31906875967979431,0.14726249873638153,0.09375,-0.02734375,32,32,0,0,1,1,10.062325999999899,0.062325999999899295
543,5.4226358929999998,MINUS_5_ENDPOINT,1,1,0.87923126103891536,0.75340755102620915,-0,0,0.72845083475112915,0.80994373559951782,-0.063446489755307964,-0.078334995734830923,-0.070890742745069443,-0.087266462599716474,-0.016375719854647031,0.014888505979522959,0.024543749168515205,-0.24543750286102295,0.09375,-0.02734375,32,32,0,0,1,1,9.9508369999998791,0.04916300000012086
544,5.4325901810000001,MINUS_5_ENDPOINT,1,1,0.87923126103891536,0.75340755102620915,-0,0,0.72845083475112915,0.80994373559951782,-0.063446489755307964,-0.078334995734830923,-0.070890742745069443,-0.087266462599716474,-0.016375719854647031,0.014888505979522959,-0.024543749168515205,0.17180624604225159,0.08984375,-0.02734375,32,32,0,0,1,1,9.9542880000003109,0.045711999999689112
545,5.4426154499999999,MINUS_5_ENDPOINT,1,1,0.87923126103891536,0.75340755102620915,-0,0,0.72825908660888672,0.80975198745727539,-0.063416197789343737,-0.07836528770079515,-0.070890742745069443,-0.087266462599716474,-0.016375719854647031,0.014949089911451413,-0.26998123526573181,-0.049087498337030411,0.1015625,-0.02734375,32,32,0,0,1,1,10.025268999999781,0.025268999999781272
546,5.4526330730000003,MINUS_5_ENDPOINT,1,1,0.87923126103891536,0.75340755102620915,-0,0,0.72845083475112915,0.80975198745727539,-0.063446489755307964,-0.07836528770079515,-0.070905888728051564,-0.087266462599716474,-0.01636057387166491,0.014918797945487186,0,-0.22089375555515289,0.09375,-0.03515625,32,32,0,0,1,1,10.01762300000042,0.017623000000419609
547,5.4626935169999999,MINUS_5_ENDPOINT,1,1,0.87923126103891536,0.75340755102620915,-0,0,0.72845083475112915,0.80975198745727539,-0.063446489755307964,-0.07836528770079515,-0.070905888728051564,-0.087266462599716474,-0.01636057387166491,0.014918797945487186,0.073631249368190765,-0.29452499747276306,0.09375,-0.03515625,32,32,0,0,1,1,10.060443999999613,0.060443999999613141
548,5.4726183019999999,MINUS_5_ENDPOINT,1,1,0.87923126103891536,0.75340755102620915,-0,0,0.72845083475112915,0.80994373559951782,-0.063446489755307964,-0.078334995734830923,-0.070890742745069443,-0.087266462599716474,-0.016375719854647031,0.014888505979522959,-0.098174996674060822,0.17180624604225159,0.09375,-0.02734375,32,32,0,0,1,1,9.924784999999936,0.075215000000063981
549,5.4826736929999997,MINUS_5_ENDPOINT,1,1,0.87923126103891536,0.75340755102620915,-0,0,0.72845083475112915,0.80975198745727539,-0.063446489755307964,-0.07836528770079515,-0.070905888728051564,-0.087266462599716474,-0.01636057387166491,0.014918797945487186,-0.024543749168515205,-0.24543750286102295,0.09375,-0.02734375,32,32,0,0,1,1,10.055390999999858,0.055390999999858082
550,5.4926060650000004,MINUS_5_ENDPOINT,1,1,0.87923126103891536,0.75340755102620915,-0,0,0.72825908660888672,0.80975198745727539,-0.063416197789343737,-0.07836528770079515,-0.070890742745069443,-0.087266462599716474,-0.016375719854647031,0.014949089911451413,-0.44178751111030579,0.024543749168515205,0.08984375,-0.03515625,32,32,0,0,1,1,9.9323720000006332,0.06762799999936675
551,5.5026866989999998,MINUS_5_ENDPOINT,1,1,0.87923126103891536,0.75340755102620915,-0,0,0.72825908660888672,0.80975198745727539,-0.063416197789343737,-0.07836528770079515,-0.070890742745069443,-0.087266462599716474,-0.016375719854647031,0.014949089911451413,-0.58904999494552612,0.12271875143051147,0.08984375,-0.02734375,32,32,0,0,1,1,10.080633999999478,0.080633999999477624
552,5.5126176129999997,MINUS_5_ENDPOINT,1,1,0.87923126103891536,0.75340755102620915,-0,0,0.72825908660888672,0.80956023931503296,-0.063416197789343737,-0.078395579666759377,-0.070905888728051564,-0.087266462599716474,-0.01636057387166491,0.01497938187741564,-0.36815625429153442,-0.24543750286102295,0.1015625,-0.01953125,32,32,0,0,1,1,9.9309139999999019,0.069086000000098124
553,5.5226904919999997,MINUS_5_ENDPOINT,1,1,0.87923126103891536,0.75340755102620915,-0,0,0.72845083475112915,0.80975198745727539,-0.063446489755307964,-0.07836528770079515,-0.070905888728051564,-0.087266462599716474,-0.01636057387166491,0.014918797945487186,-0.073631249368190765,-0.073631249368190765,0.09375,-0.03515625,32,32,0,0,1,1,10.072878999999979,0.072878999999979044
554,5.5326068690000003,MINUS_5_ENDPOINT,1,1,0.87923126103891536,0.75340755102620915,-0,0,0.72845083475112915,0.80975198745727539,-0.063446489755307964,-0.07836528770079515,-0.070905888728051564,-0.087266462599716474,-0.01636057387166491,0.014918797945487186,0.024543749168515205,0.12271875143051147,0.1015625,-0.02734375,32,32,0,0,1,1,9.9163770000005869,0.083622999999413139
555,5.5425882360000003,MINUS_5_ENDPOINT,1,1,0.87923126103891536,0.75340755102620915,-0,0,0.72825908660888672,0.80975198745727539,-0.063416197789343737,-0.07836528770079515,-0.070890742745069443,-0.087266462599716474,-0.016375719854647031,0.014949089911451413,-0.31906875967979431,0.049087498337030411,0.08984375,-0.02734375,32,32,0,0,1,1,9.9813669999999632,0.018633000000036759
556,5.5525851570000002,MINUS_5_ENDPOINT,1,1,0.87923126103891536,0.75340755102620915,-0,0,0.72845083475112915,0.80956023931503296,-0.063446489755307964,-0.078395579666759377,-0.07092103471103367,-0.087266462599716474,-0.016345427888682804,0.014949089911451413,-0.024543749168515205,-0.24543750286102295,0.08984375,-0.02734375,32,32,0,0,1,1,9.9969209999999364,0.0030790000000635587
557,5.5626010020000001,MINUS_5_ENDPOINT,1,1,0.87923126103891536,0.75340755102620915,-0,0,0.72845083475112915,0.80956023931503296,-0.063446489755307964,-0.078395579666759377,-0.07092103471103367,-0.087266462599716474,-0.016345427888682804,0.014949089911451413,-0.14726249873638153,-0.29452499747276306,0.09375,-0.02734375,32,32,0,0,1,1,10.015844999999857,0.015844999999856668
558,5.5726448069999996,MINUS_5_ENDPOINT,1,1,0.87923126103891536,0.75340755102620915,-0,0,0.72845083475112915,0.80936849117279053,-0.063446489755307964,-0.07842587163272359,-0.070936180694015777,-0.087266462599716474,-0.016330281905700697,0.014979381877415626,0,-0.58904999494552612,0.09375,-0.02734375,32,32,0,0,1,1,10.043804999999573,0.043804999999572658
559,5.5826877489999998,MINUS_5_ENDPOINT,1,1,0.87923126103891536,0.75340755102620915,-0,0,0.72845083475112915,0.80956023931503296,-0.063446489755307964,-0.078395579666759377,-0.07092103471103367,-0.087266462599716474,-0.016345427888682804,0.014949089911451413,-0.098174996674060822,-0.24543750286102295,0.08984375,-0.02734375,32,32,0,0,1,1,10.04294200000011,0.04294200000011017
560,5.5924846190000004,MINUS_5_ENDPOINT,1,1,0.87923126103891536,0.75340755102620915,-0,0,0.72825908660888672,0.80956023931503296,-0.063416197789343737,-0.078395579666759377,-0.070905888728051564,-0.087266462599716474,-0.01636057387166491,0.01497938187741564,-0.26998123526573181,-0.36815625429153442,0.09375,-0.02734375,32,32,0,0,1,1,9.7968700000006237,0.20312999999937631
561,5.6026911439999996,MINUS_5_ENDPOINT,1,1,0.87923126103891536,0.75340755102620915,-0,0,0.72845083475112915,0.80956023931503296,-0.063446489755307964,-0.078395579666759377,-0.07092103471103367,-0.087266462599716474,-0.016345427888682804,0.014949089911451413,-0.073631249368190765,-0.26998123526573181,0.09375,-0.03515625,32,32,0,0,1,1,10.206524999999189,0.20652499999918916
562,5.6126284359999996,MINUS_5_ENDPOINT,1,1,0.87923126103891536,0.75340755102620915,-0,0,0.72825908660888672,0.80956023931503296,-0.063416197789343737,-0.078395579666759377,-0.070905888728051564,-0.087266462599716474,-0.01636057387166491,0.01497938187741564,-0.36815625429153442,-0.098174996674060822,0.09375,-0.0234375,32,32,0,0,1,1,9.937292000000042,0.06270799999995802
563,5.6226782909999997,MINUS_5_ENDPOINT,1,1,0.87923126103891536,0.75340755102620915,-0,0,0.72845083475112915,0.80956023931503296,-0.063446489755307964,-0.078395579666759377,-0.07092103471103367,-0.087266462599716474,-0.016345427888682804,0.014949089911451413,-0.049087498337030411,-0.26998123526573181,0.08984375,-0.03515625,32,32,0,0,1,1,10.049855000000107,0.049855000000107452
564,5.6326443270000004,MINUS_5_ENDPOINT,1,1,0.87923126103891536,0.75340755102620915,-0,0,0.72825908660888672,0.80956023931503296,-0.063416197789343737,-0.078395579666759377,-0.070905888728051564,-0.087266462599716474,-0.01636057387166491,0.01497938187741564,-0.39269998669624329,-0.29452499747276306,0.09375,-0.01953125,32,32,0,0,1,1,9.9660360000006776,0.033963999999322425
565,5.6425489840000003,MINUS_5_ENDPOINT,1,1,0.87923126103891536,0.75340755102620915,-0,0,0.72845083475112915,0.80956023931503296,-0.063446489755307964,-0.078395579666759377,-0.07092103471103367,-0.087266462599716474,-0.016345427888682804,0.014949089911451413,-0.12271875143051147,-0.098174996674060822,0.09375,-0.02734375,32,32,0,0,1,1,9.9046569999998724,0.095343000000127631
566,5.6526200590000002,MINUS_5_ENDPOINT,1,1,0.87923126103891536,0.75340755102620915,-0,0,0.72845083475112915,0.80994373559951782,-0.063446489755307964,-0.078334995734830923,-0.070890742745069443,-0.087266462599716474,-0.016375719854647031,0.014888505979522959,-0.12271875143051147,0.44178751111030579,0.09375,-0.03515625,32,32,0,0,1,1,10.071074999999929,0.071074999999929389
567,5.6625047889999998,MINUS_5_ENDPOINT,1,1,0.87923126103891536,0.75340755102620915,-0,0,0.72864258289337158,0.80956023931503296,-0.063476781721272177,-0.078395579666759377,-0.070936180694015777,-0.087266462599716474,-0.016330281905700697,0.0149187979454872,0.14726249873638153,-0.26998123526573181,0.08984375,-0.02734375,32,32,0,0,1,1,9.8847299999995641,0.11527000000043586
568,5.6725001949999996,MINUS_5_ENDPOINT,1,1,0.87923126103891536,0.75340755102620915,-0,0,0.72864258289337158,0.80956023931503296,-0.063476781721272177,-0.078395579666759377,-0.070936180694015777,-0.087266462599716474,-0.016330281905700697,0.0149187979454872,0.12271875143051147,-0.24543750286102295,0.09375,-0.0234375,32,32,0,0,1,1,9.9954059999998179,0.0045940000001820636
569,5.6825023459999997,MINUS_5_ENDPOINT,1,1,0.87923126103891536,0.75340755102620915,-0,0,0.72845083475112915,0.80956023931503296,-0.063446489755307964,-0.078395579666759377,-0.07092103471103367,-0.087266462599716474,-0.016345427888682804,0.014949089911451413,-0.049087498337030411,-0.049087498337030411,0.1015625,-0.02734375,32,32,0,0,1,1,10.002151000000126,0.0021510000001256913
570,5.6924999390000002,MINUS_5_ENDPOINT,1,1,0.87923126103891536,0.75340755102620915,-0,0,0.72845083475112915,0.80936849117279053,-0.063446489755307964,-0.07842587163272359,-0.070936180694015777,-0.087266462599716474,-0.016330281905700697,0.014979381877415626,-0.14726249873638153,-0.53996247053146362,0.09375,-0.02734375,32,32,0,0,1,1,9.9975930000004709,0.0024069999995290914
571,5.7025028569999998,MINUS_5_ENDPOINT,1,1,0.87923126103891536,0.75340755102620915,-0,0,0.72845083475112915,0.80956023931503296,-0.063446489755307964,-0.078395579666759377,-0.07092103471103367,-0.087266462599716474,-0.016345427888682804,0.014949089911451413,-0.24543750286102295,-0.24543750286102295,0.09375,-0.02734375,32,32,0,0,1,1,10.002917999999639,0.0029179999996387096
572,5.7124966739999996,MINUS_5_ENDPOINT,1,1,0.87923126103891536,0.75340755102620915,-0,0,0.72845083475112915,0.80956023931503296,-0.063446489755307964,-0.078395579666759377,-0.07092103471103367,-0.087266462599716474,-0.016345427888682804,0.014949089911451413,-0.24543750286102295,0,0.1015625,-0.02734375,32,32,0,0,1,1,9.9938169999997939,0.006183000000206107
573,5.7224998810000001,MINUS_5_ENDPOINT,1,1,0.87923126103891536,0.75340755102620915,-0,0,0.72864258289337158,0.80936849117279053,-0.063476781721272177,-0.07842587163272359,-0.070951326676997883,-0.087266462599716474,-0.01631513592271859,0.014949089911451413,-0.049087498337030411,-0.36815625429153442,0.09375,-0.02734375,32,32,0,0,1,1,10.003207000000458,0.0032070000004580379
574,5.7324981859999999,MINUS_5_ENDPOINT,1,1,0.87923126103891536,0.75340755102620915,-0,0,0.72825908660888672,0.80956023931503296,-0.063416197789343737,-0.078395579666759377,-0.070905888728051564,-0.087266462599716474,-0.01636057387166491,0.01497938187741564,-0.39269998669624329,-0.073631249368190765,0.09375,-0.03515625,32,32,0,0,1,1,9.9983049999998741,0.0016950000001259014
575,5.742483064,FINAL_CENTER_PROFILE,1,1,0.87923126103891536,0.75340755102620915,-0,0,0.72845083475112915,0.80975198745727539,-0.063446489755307964,-0.07836528770079515,-0.070905888728051564,-0.087266462599716474,-0.01636057387166491,0.014918797945487186,-0.12271875143051147,0.34361249208450317,0.1015625,-0.03515625,32,32,0,0,1,1,9.9848780000000303,0.01512199999996966
576,5.7524968479999998,FINAL_CENTER_PROFILE,1,1,0.8790655420284359,0.75357327003668861,-0.033143802095898151,0.033143802095898151,0.72845083475112915,0.80956023931503296,-0.063446489755307964,-0.078395579666759377,-0.07092103471103367,-0.087240282660936558,-0.016319247949902888,0.014949089911451413,-0.26998123526573181,0,0.09375,-0.02734375,32,32,0,0,1,1,10.013783999999859,0.01378399999985902
577,5.7625051139999997,FINAL_CENTER_PROFILE,1,1,0.87856838499699741,0.7540704270681271,-0.066287604191796301,0.066287604191796301,0.72864258289337158,0.80936849117279053,-0.063476781721272177,-0.07842587163272359,-0.070951326676997883,-0.08716174284459681,-0.016210416167598926,0.014949089911451413,0.024543749168515205,-0.24543750286102295,0.09375,-0.02734375,32,32,0,0,1,1,10.008265999999821,0.0082659999998213607
578,5.7725045489999998,FINAL_CENTER_PROFILE,1,1,0.8777397899446,0.75489902212052451,-0.099431406287694452,0.099431406287694452,0.72845083475112915,0.80956023931503296,-0.063446489755307964,-0.078395579666759377,-0.07092103471103367,-0.087030843150697243,-0.016109808439663573,0.014949089911451413,0.31906875967979431,-0.024543749168515205,0.08984375,-0.02734375,32,32,0,0,1,1,9.999435000000112,0.00056499999988801619
579,5.7824977449999997,FINAL_CENTER_PROFILE,1,1,0.87657975687124345,0.75605905519388106,-0.1325752083835926,0.1325752083835926,0.72825908660888672,0.80936849117279053,-0.063416197789343737,-0.07842587163272359,-0.07092103471103367,-0.08684758357923783,-0.01592654886820416,0.015009673843379853,-0.4908750057220459,-0.44178751111030579,0.0859375,-0.01953125,32,32,0,0,1,1,9.9931959999999265,0.006804000000073529
580,5.7924821389999996,FINAL_CENTER_PROFILE,1,1,0.8750882857769281,0.75755052628819641,-0.16571901047949075,0.16571901047949075,0.72845083475112915,0.80956023931503296,-0.063446489755307964,-0.078395579666759377,-0.07092103471103367,-0.086611964130218599,-0.015690929419184929,0.014949089911451413,-0.049087498337030411,-0.098174996674060822,0.08203125,-0.02734375,32,32,0,0,1,1,9.984393999999952,0.01560600000004797
581,5.8024954109999998,FINAL_CENTER_PROFILE,1,1,0.87326537666165371,0.7593734354034708,-0.1988628125753889,0.1988628125753889,0.72845083475112915,0.80956023931503296,-0.063446489755307964,-0.078395579666759377,-0.07092103471103367,-0.086323984803639536,-0.015402950092605866,0.014949089911451413,0,-0.24543750286102295,0.08203125,-0.02734375,32,32,0,0,1,1,10.013272000000129,0.013272000000128514
582,5.8125010469999996,FINAL_CENTER_PROFILE,1,1,0.8711110295254203,0.76152778253970421,-0.23200661467128711,0.23200661467128711,0.72825908660888672,0.80956023931503296,-0.063416197789343737,-0.078395579666759377,-0.070905888728051564,-0.085983645599500641,-0.015077756871449077,0.01497938187741564,-0.22089375555515289,-0.46633124351501465,0.0859375,-0.0234375,32,32,0,0,1,1,10.005635999999818,0.0056359999998178978
583,5.8225050510000003,FINAL_CENTER_PROFILE,1,1,0.86862524436822797,0.76401356769689655,-0.2651504167671852,0.2651504167671852,0.72825908660888672,0.80994373559951782,-0.063416197789343737,-0.078334995734830923,-0.070875596762087323,-0.085590946517801914,-0.014715349755714591,0.014918797945487186,-0.12271875143051147,-0.26998123526573181,0.08203125,-0.0078125,32,32,0,0,1,1,10.004004000000677,0.0040040000006769105
584,5.8325013380000001,FINAL_CENTER_PROFILE,1,1,0.8658080211900766,0.76683079087504791,-0.29829421886308338,0.29829421886308338,0.72825908660888672,0.80994373559951782,-0.063416197789343737,-0.078334995734830923,-0.070875596762087323,-0.085145887558543368,-0.014270290796456045,0.014918797945487186,-0.14726249873638153,-0.29452499747276306,0.0703125,-0.0078125,32,32,0,0,1,1,9.9962869999998816,0.0037130000001184271
585,5.8424822409999999,FINAL_CENTER_PROFILE,1,1,0.86265935999096621,0.7699794520741583,-0.33143802095898151,0.33143802095898151,0.72787559032440186,0.81032723188400269,-0.063355613857415297,-0.078274411802902483,-0.070815012830158897,-0.084648468721724976,-0.013833455891566079,0.014918797945487186,0,0.12271875143051147,0.07421875,-0.01171875,32,32,0,0,1,1,9.9809029999997634,0.019097000000236619
586,5.8524963059999999,FINAL_CENTER_PROFILE,1,1,0.85917926077089701,0.7734595512942275,-0.36458182305487968,0.36458182305487968,0.72806733846664429,0.81032723188400269,-0.06338590582337951,-0.078274411802902483,-0.070830158813141003,-0.084098690007346766,-0.013268531194205763,0.014888505979522973,0.024543749168515205,-0.24543750286102295,0.06640625,-0.00390625,32,32,0,0,1,1,10.014065000000016,0.014065000000016425
587,5.8624821249999997,FINAL_CENTER_PROFILE,1,1,0.85536772352986867,0.77727108853525584,-0.39772562515077781,0.39772562515077781,0.72787559032440186,0.81051898002624512,-0.063355613857415297,-0.078244119836938256,-0.070799866847176776,-0.083496551415408723,-0.012696684568231947,0.014888505979522959,-0.24543750286102295,0.024543749168515205,0.05859375,-0.00390625,32,32,0,0,1,1,9.9858189999997293,0.014181000000270672
588,5.8724964039999996,FINAL_CENTER_PROFILE,1,1,0.85122474826788141,0.7814140637972431,-0.43086942724667598,0.43086942724667598,0.72749209403991699,0.81071072816848755,-0.063295029925486843,-0.078213827870974043,-0.070754428898230443,-0.082842052945910849,-0.012087624047680406,0.0149187979454872,0.12271875143051147,0.049087498337030411,0.06640625,-0.00390625,32,32,0,0,1,1,10.014278999999959,0.014278999999959296
589,5.8825008939999996,FINAL_CENTER_PROFILE,1,1,0.84675033498493513,0.78588847708018938,-0.46401322934257422,0.46401322934257422,0.72749209403991699,0.81090247631072998,-0.063295029925486843,-0.078183535905009816,-0.070739282915248336,-0.082135194598853142,-0.011395911683604806,0.014888505979522973,-0.14726249873638153,-0.22089375555515289,0.05859375,0.00390625,32,32,0,0,1,1,10.004490000000033,0.0044900000000325235
590,5.8925012629999998,FINAL_CENTER_PROFILE,1,1,0.84194448368102992,0.79069432838409459,-0.49715703143847223,0.49715703143847223,0.72730034589767456,0.81109422445297241,-0.063264737959522629,-0.078153243939045602,-0.070708990949284123,-0.081375976374235617,-0.010666985424951494,0.014888505979522973,-0.24543750286102295,-0.24543750286102295,0.0546875,0.00390625,32,32,0,0,1,1,10.00036900000012,0.00036900000011996781
591,5.9024826270000004,FINAL_CENTER_PROFILE,1,1,0.83680719435616568,0.79583161770895883,-0.53030083353437041,0.53030083353437041,0.72710859775543213,0.81205296516418457,-0.063234445993558402,-0.078001784109224481,-0.070618115051391442,-0.080564398272058246,-0.0099462832206668045,0.014767338115666079,-0.24543750286102295,-0.024543749168515205,0.05078125,0.0078125,32,32,0,0,1,1,9.9813640000006032,0.018635999999396802
592,5.9124961230000004,FINAL_CENTER_PROFILE,1,1,0.83133846701034253,0.80130034505478198,-0.56344463563026859,0.56344463563026859,0.7269168496131897,0.812244713306427,-0.063204154027594189,-0.077971492143260268,-0.070587823085427229,-0.079700460292321057,-0.0091126372068938283,0.014767338115666079,-0.17180624604225159,-0.39269998669624329,0.04296875,0.01171875,32,32,0,0,1,1,10.013496000000011,0.013496000000010611
593,5.9224999150000004,FINAL_CENTER_PROFILE,1,1,0.82553830164356035,0.80710051042156417,-0.59658843772616676,0.59658843772616676,0.7269168496131897,0.81262820959091187,-0.063204154027594189,-0.077910908211331814,-0.070557531119463002,-0.078784162435024035,-0.0082266313155610338,0.014706754183737625,-0.24543750286102295,0.024543749168515205,0.03515625,0.0234375,32,32,0,0,1,1,10.003792000000011,0.0037920000000113419
594,5.9324967119999998,FINAL_CENTER_PROFILE,1,1,0.81940669825581924,0.81323211380930527,-0.62973223982206483,0.62973223982206483,0.7269168496131897,0.8128199577331543,-0.063204154027594189,-0.077880616245367601,-0.070542385136480895,-0.077815504700167182,-0.0072731195636862866,0.014676462217773412,0.39269998669624329,-0.36815625429153442,0.03515625,0.0234375,32,32,0,0,1,1,9.9967969999994466,0.0032030000005534021
595,5.9424822390000003,FINAL_CENTER_PROFILE,1,1,0.81294365684711911,0.8196951552180054,-0.66287604191796301,0.66287604191796301,0.72576636075973511,0.81377869844436646,-0.063022402231808855,-0.077729156415546494,-0.070375779323677667,-0.076794487087750496,-0.0064187077640728285,0.014706754183737639,-0.53996247053146362,-0.073631249368190765,0.02734375,0.0234375,32,32,0,0,1,1,9.9855270000004381,0.014472999999561864
596,5.9524977549999996,FINAL_CENTER_PROFILE,1,1,0.80614917741745995,0.82648963464766456,-0.69601984401386119,0.69601984401386119,0.72557461261749268,0.81435394287109375,-0.062992110265844628,-0.077638280517653827,-0.070315195391749227,-0.075721109597773992,-0.0054059142060247645,0.014646170251809199,-0.24543750286102295,-0.24543750286102295,0.0234375,0.03515625,32,32,0,0,1,1,10.01551599999928,0.015515999999280439
597,5.9625059140000003,FINAL_CENTER_PROFILE,1,1,0.79902325996684187,0.83361555209828264,-0.72916364610975937,0.72916364610975937,0.72499936819076538,0.81512093544006348,-0.062901234367951961,-0.077517112653796932,-0.07020917351087444,-0.074595372230237642,-0.0043861987193632018,0.014615878285844972,0,0,0.01171875,0.04296875,32,32,0,0,1,1,10.008159000000738,0.0081590000007381036
598,5.9725010740000002,FINAL_CENTER_PROFILE,1,1,0.79156590449526476,0.84107290756985975,-0.76230744820565743,0.76230744820565743,0.72480762004852295,0.8158879280090332,-0.062870942401987734,-0.077395944789940052,-0.070133443595963893,-0.073417274985141473,-0.00328383138917758,0.014525002387952318,-0.22089375555515289,0.049087498337030411,0.0078125,0.04296875,32,32,0,0,1,1,9.9951599999998919,0.0048400000001080912
599,5.9824973249999998,FINAL_CENTER_PROFILE,1,1,0.78377711100272873,0.84886170106239578,-0.79545125030155561,0.79545125030155561,0.72423237562179565,0.81684666872024536,-0.062780066504095081,-0.077244484960118931,-0.070012275732106999,-0.072186817862485472,-0.0021745421303784734,0.01446441845602385,-0.024543749168515205,0.073631249368190765,0.00390625,0.05078125,32,32,0,0,1,1,9.9962509999995675,0.0037490000004325452
600,5.9924823600000003,FINAL_CENTER_PROFILE,1,1,0.77565687948923356,0.85698193257589095,-0.82859505239745379,0.82859505239745379,0.72346538305282593,0.81723016500473022,-0.062658898640238186,-0.077183901028190491,-0.069921399834214332,-0.070904000862269639,-0.00098260102805530769,0.014525002387952304,-0.29452499747276306,0,0.00390625,0.0546875,32,32,0,0,1,1,9.9850350000005861,0.014964999999413919
601,6.0024967450000002,FINAL_CENTER_PROFILE,1,1,0.76720520995477959,0.86543360211034492,-0.86173885449335197,0.86173885449335197,0.72308188676834106,0.81818890571594238,-0.062598314708309746,-0.077032441198369384,-0.069815377953339558,-0.069568823984493974,0.00024655396884558367,0.014434126490059637,-0.024543749168515205,0.024543749168515205,0,0.0546875,32,32,0,0,1,1,10.014384999999848,0.014384999999847992
602,6.012502349,FINAL_CENTER_PROFILE,1,1,0.75842210239936647,0.87421670966575804,-0.89488265658925015,0.89488265658925015,0.72193139791488647,0.81914764642715454,-0.062416562912524412,-0.076880981368548276,-0.069648772140536344,-0.068181287229158477,0.0014674849113778671,0.014464418456023864,-0.31906875967979431,0.44178751111030579,-0.0078125,0.05859375,32,32,0,0,1,1,10.005603999999835,0.0056039999998347412
603,6.0225006959999998,FINAL_CENTER_PROFILE,1,1,0.74930755682299455,0.88333125524212996,-0.92802645868514844,0.92802645868514844,0.72058916091918945,0.81972289085388184,-0.062204519150774858,-0.076790105470655609,-0.069497312310715237,-0.066741390596263162,0.0027559217144520753,0.014585586319880751,-0.024543749168515205,-0.29452499747276306,-0.01171875,0.07421875,32,32,0,0,1,1,9.9983469999997965,0.0016530000002035194
604,6.0324994629999997,FINAL_CENTER_PROFILE,1,1,0.7398615732256637,0.89277723883946081,-0.96117026078104639,0.96117026078104639,0.71886342763900757,0.82221561670303345,-0.061931891457096856,-0.076396309913120727,-0.069164100685108795,-0.065249134085808014,0.0039149665993007815,0.014464418456023871,-0.19634999334812164,0.78539997339248657,-0.01171875,0.0703125,32,32,0,0,1,1,9.9987669999999085,0.001233000000091522
605,6.0424842600000002,FINAL_CENTER_PROFILE,1,1,0.73008415160737372,0.90255466045775079,-0.99431406287694446,0.99431406287694446,0.71617895364761353,0.82585883140563965,-0.061507803933597748,-0.075820762559800498,-0.068664283246699126,-0.063704517697793034,0.0049597655489060921,0.01431295862620275,-0.36815625429153442,0.78539997339248657,-0.0234375,0.08203125,32,32,0,0,1,1,9.9847970000004338,0.015202999999566202
606,6.0524996599999996,FINAL_CENTER_PROFILE,1,1,0.71997529196812482,0.91266352009699969,-1.0274578649728427,1.0274578649728427,0.71196049451828003,0.83237826824188232,-0.060841380682384864,-0.07479083571701696,-0.067816108199700909,-0.062107541432218222,0.0057085667674826868,0.013949455034632095,-0.6626812219619751,0.51541876792907715,-0.00390625,0.05859375,32,32,0,0,1,1,10.015399999999453,0.015399999999452518
607,6.0624965069999996,FINAL_CENTER_PROFILE,1,1,0.70953499430791678,0.92310381775720773,-1.0606016670687408,1.0606016670687408,0.70429056882858276,0.83928120136260986,-0.059629702043815985,-0.073700324942304968,-0.066665013493060477,-0.060458205289083577,0.006206808203976899,0.014070622898488983,-0.9817500114440918,0.34361249208450317,0.00390625,0.0703125,32,32,0,0,1,1,9.9968470000000309,0.0031529999999690972
608,6.0724987659999998,FINAL_CENTER_PROFILE,1,1,0.69876325862674982,0.93387555343837469,-1.0937454691646391,1.0937454691646391,0.69719588756561279,0.8425409197807312,-0.058508899303139773,-0.073185361520913192,-0.065847130412026486,-0.058756509268389101,0.007090621143637385,0.014676462217773419,-0.39269998669624329,-0.17180624604225159,-0.01171875,0.0859375,32,32,0,0,1,1,10.00225900000018,0.0022590000001798671
609,6.0825012310000002,FINAL_CENTER_PROFILE,1,1,0.68773373781817049,0.94490507424695402,-1.1047934031966051,1.1047934031966051,0.69547015428543091,0.84522539377212524,-0.058236271609461772,-0.072761273997414083,-0.065498772803437924,-0.057014088898481426,0.0084846839049564984,0.014525002387952311,-0.26998123526573181,0.12271875143051147,-0.0390625,0.1015625,32,32,0,0,1,1,10.002465000000349,0.0024650000003489936
610,6.0925005560000001,FINAL_CENTER_PROFILE,1,1,0.67668580378620435,0.95595300827892016,-1.1047934031966051,1.1047934031966051,0.69451141357421875,0.84886860847473145,-0.058084811779640665,-0.072185726644093867,-0.065135269211867269,-0.055268759646487094,0.0098665095653801757,0.014100914864453203,-0.098174996674060822,0.83448749780654907,-0.0546875,0.09375,32,32,0,0,1,1,9.9993249999998923,0.0006750000001076728
611,6.1024991799999997,FINAL_CENTER_PROFILE,1,1,0.66563786975423844,0.96700094231088607,-1.1047934031966051,1.1047934031966051,0.69201868772506714,0.85557979345321655,-0.057691016222105776,-0.071125507835346088,-0.064408262028725932,-0.053523430394492776,0.010884831634233157,0.013434491613240312,-0.36815625429153442,0.7608562707901001,-0.04296875,0.07421875,32,32,0,0,1,1,9.9986239999996229,0.0013760000003770756
612,6.1124825249999999,FINAL_CENTER_PROFILE,1,1,0.65458993572227231,0.9780488763428522,-1.1047934031966051,1.1047934031966051,0.6887589693069458,0.86746817827224731,-0.057176052800714007,-0.069247405945564333,-0.063211729373139167,-0.051778101142498444,0.011433628230640723,0.012071353144850326,-0.68722498416900635,1.1290124654769897,-0.05078125,0.06640625,32,32,0,0,1,1,9.9833450000001989,0.016654999999801134
613,6.1224971500000001,FINAL_CENTER_PROFILE,1,1,0.64354200169030618,0.98909681037481834,-1.1047934031966051,1.1047934031966051,0.68358176946640015,0.8764803409576416,-0.05635816971968001,-0.0678236835452459,-0.062090926632462955,-0.050032771890504112,0.012058154741958843,0.01146551382556589,-0.9326624870300293,0.7117687463760376,-0.04296875,0.05859375,32,32,0,0,1,1,10.014625000000166,0.014625000000165755
614,6.1324966300000003,FINAL_CENTER_PROFILE,1,1,0.63249406765834015,1.0001447444067844,-1.1047934031966051,1.1047934031966051,0.6778293251991272,0.89354592561721802,-0.055449410740753352,-0.06512769857443014,-0.060288554657591746,-0.04828744263850978,0.012001112019081966,0.009678287833676788,-1.2026437520980835,2.1598498821258545,-0.05078125,0.02734375,32,32,0,0,1,1,9.9994800000002826,0.00051999999971741317
615,6.1424829970000001,FINAL_CENTER_PROFILE,1,1,0.62144613362637413,1.0111926784387504,-1.1047934031966051,1.1047934031966051,0.67610359191894531,0.91003620624542236,-0.055176783047075351,-0.062522598917722758,-0.058849690982399054,-0.046542113386515455,0.0123075775958836,0.0073458158706474069,0.049087498337030411,1.6935187578201294,-0.0703125,0.0234375,32,32,0,0,1,1,9.986366999999774,0.013633000000226048
616,6.1525024500000001,FINAL_CENTER_PROFILE,1,1,0.61039819959440811,1.0222406124707164,-1.1047934031966051,1.1047934031966051,0.67514485120773315,0.92537605762481689,-0.055025323217254243,-0.060099241640585006,-0.057562282428919628,-0.044796784134521123,0.012765498294398506,0.005073918423330763,-0.4908750057220459,1.3989937305450439,-0.07421875,0.04296875,32,32,0,0,1,1,10.019452999999956,0.019452999999955978
617,6.1625033309999999,FINAL_CENTER_PROFILE,1,1,0.59935026556244209,1.0332885465026824,-1.1047934031966051,1.1047934031966051,0.67495310306549072,0.94148290157318115,-0.054995031251290023,-0.057554716499590354,-0.056274873875440189,-0.043051454882526798,0.013223418992913391,0.0025596852483003307,0.049087498337030411,1.6198874711990356,-0.09375,0.01953125,32,32,0,0,1,1,10.00088099999985,0.00088099999985047361
618,6.1725020329999998,FINAL_CENTER_PROFILE,1,1,0.58830233153047606,1.0443364805346484,-1.1047934031966051,1.1047934031966051,0.6736108660697937,0.95931547880172729,-0.054782987489540469,-0.054737563664917714,-0.054760275577229095,-0.041306125630532466,0.013454149946696629,-4.5423824622754794e-05,-0.36815625429153442,1.5462563037872314,-0.1015625,0.0078125,32,32,0,0,1,1,9.9987019999998594,0.0012980000001405756
619,6.1825013719999999,FINAL_CENTER_PROFILE,1,1,0.57725439749851004,1.0553844145666145,-1.1047934031966051,1.1047934031966051,0.67226862907409668,0.97292959690093994,-0.054570943727790915,-0.05258683408145795,-0.053578888904624436,-0.039560796378538141,0.014018092526086295,-0.0019841096463329641,-0.41724374890327454,0.61359375715255737,-0.10546875,0.0546875,32,32,0,0,1,1,9.9993390000001625,0.00066099999983748603
620,6.1925039389999998,FINAL_CENTER_PROFILE,1,1,0.56620646346654391,1.0664323485985805,-1.1047934031966051,1.1047934031966051,0.67188513278961182,0.98079127073287964,-0.054510359795862467,-0.051344863476924844,-0.052927611636393659,-0.037815467126543809,0.015112144509849851,-0.0031654963189376231,-0.24543750286102295,1.1780999898910522,-0.10546875,0.05859375,32,32,0,0,1,1,10.002566999999907,0.0025669999999067272
621,6.2025018970000003,FINAL_CENTER_PROFILE,1,1,0.55515852943457789,1.0774802826305467,-1.1047934031966051,1.1047934031966051,0.67130988836288452,0.9926796555519104,-0.0544194838979698,-0.049466761587143082,-0.051943122742556441,-0.036070137874549477,0.015872984868006965,-0.0049527223108267182,-0.073631249368190765,0.6626812219619751,-0.1015625,0.05078125,32,32,0,0,1,1,9.9979580000004731,0.0020419999995269222
622,6.2125048029999999,FINAL_CENTER_PROFILE,1,1,0.54411059540261175,1.0885282166625128,-1.1047934031966051,1.1047934031966051,0.66977590322494507,0.99977433681488037,-0.054177148170256026,-0.04834595884646687,-0.051261553508361452,-0.034324808622555145,0.016936744885806307,-0.0058311893237891557,-0.46633124351501465,0.46633124351501465,-0.125,0.07421875,32,32,0,0,1,1,10.002905999999534,0.0029059999995340036
623,6.2224887200000003,FINAL_CENTER_PROFILE,1,1,0.53306266137064584,1.0995761506944788,-1.1047934031966051,1.1047934031966051,0.66824191808700562,1.0089782476425171,-0.053934812442542251,-0.046891944480184217,-0.050413378461363234,-0.032579479370560827,0.017833899090802408,-0.0070428679623580348,-0.46633124351501465,1.1780999898910522,-0.1328125,0.04296875,32,32,0,0,1,1,9.9839170000004529,0.016082999999547098
624,6.232502126,FINAL_CENTER_PROFILE,1,1,0.52201472733867971,1.1106240847264448,-1.1047934031966051,1.1047934031966051,0.66536569595336914,1.0208666324615479,-0.053480432953078923,-0.045013842590402448,-0.049247137771740682,-0.030834150118566495,0.018412987653174187,-0.0084665903626764752,-0.46633124351501465,0.7608562707901001,-0.12109375,0.06640625,32,32,0,0,1,1,10.013405999999669,0.013405999999669405
625,6.2425135740000002,FINAL_CENTER_PROFILE,1,1,0.51096679330671368,1.1216720187584108,-1.1047934031966051,1.1047934031966051,0.66018849611282349,1.0285365581512451,-0.052662549872044925,-0.043802163951833568,-0.04823235691193925,-0.029088820866572163,0.019143536045367088,-0.0088603859202113569,-0.80994373559951782,1.006293773651123,-0.1015625,0.0546875,32,32,0,0,1,1,10.0114480000002,0.011448000000200409
626,6.2524979529999998,FINAL_CENTER_PROFILE,1,1,0.50008457828522712,1.1325542337798975,-1.0716496011007068,1.0716496011007068,0.65232688188552856,1.0431094169616699,-0.051420588683727543,-0.041499974538552697,-0.046460281611140117,-0.027369671553357747,0.01909061005778237,-0.0099206141451748456,-1.0553812980651855,1.2026437520980835,-0.10546875,0.03515625,32,32,0,0,1,1,9.9843789999995991,0.015621000000400898
627,6.2624968860000001,FINAL_CENTER_PROFILE,1,1,0.48953380128469953,1.143105010780425,-1.038505799004809,1.038505799004809,0.64676618576049805,1.0549978017807007,-0.050542121670765106,-0.039621872648770935,-0.045081997159768017,-0.025702882117703163,0.019379115042064854,-0.01092024902199417,-0.4908750057220459,1.153556227684021,-0.1171875,0.0390625,32,32,0,0,1,1,9.9989330000003207,0.0010669999996792967
628,6.2725046359999999,FINAL_CENTER_PROFILE,1,1,0.47931446230513097,1.1533243497599937,-1.0053619969089107,1.0053619969089107,0.64120548963546753,1.0705293416976929,-0.049663654657802668,-0.037168232821884674,-0.043415943739843671,-0.024088452559608411,0.019327491180235259,-0.012495421835917994,-0.73631250858306885,0.7608562707901001,-0.109375,0.0390625,32,32,0,0,1,1,10.00774999999976,0.0077499999997598934
629,6.2825030359999996,FINAL_CENTER_PROFILE,1,1,0.46942656134652128,1.1632122507186033,-0.97221819481301253,0.97221819481301253,0.63065934181213379,1.0760900974273682,-0.04799759652977046,-0.036289756392706513,-0.042143676461238483,-0.022526382879073478,0.019617293582165005,-0.011707840137063948,-1.006293773651123,0.39269998669624329,-0.0703125,0.06640625,32,32,0,0,1,1,9.9983999999997408,0.0016000000002591719
630,6.2925002909999996,FINAL_CENTER_PROFILE,1,1,0.45987009840887061,1.1727687136562539,-0.93907439271711424,0.93907439271711424,0.61992144584655762,1.0860608816146851,-0.046301246435774025,-0.034714592994998406,-0.040507919715386212,-0.021016673076098377,0.019491246639287835,-0.01158665344077562,-1.1780999898910522,1.006293773651123,-0.1015625,0.04296875,32,32,0,0,1,1,9.9972550000000382,0.0027449999999618058
631,6.3025015639999999,FINAL_CENTER_PROFILE,1,1,0.45064507349217897,1.1819937385729455,-0.90593059062121606,0.90593059062121606,0.61205977201461792,1.0943061113357544,-0.045059275831240926,-0.033412029042321142,-0.039235652436781038,-0.019559323150683108,0.019676329286097929,-0.011647246788919784,-1.4971687793731689,0.19634999334812164,-0.08984375,0.0703125,32,32,0,0,1,1,10.00127300000031,0.0012730000003102759
632,6.3124970149999999,FINAL_CENTER_PROFILE,1,1,0.44175148659644625,1.1908873254686783,-0.87278678852531788,0.87278678852531788,0.59940439462661743,1.0983327627182007,-0.04306000607760227,-0.032775907173288203,-0.03791795662544524,-0.018154333102827672,0.019763623522617568,-0.010284098904314067,-1.4726250171661377,0.29452499747276306,-0.0703125,0.0703125,32,32,0,0,1,1,9.9954509999999885,0.0045490000000114605
633,6.3224953350000002,FINAL_CENTER_PROFILE,1,1,0.43318933772167273,1.1994494743434518,-0.83964298642942004,0.83964298642942004,0.58655726909637451,1.1067696809768677,-0.0410304443579994,-0.03144306067086243,-0.036236752514430912,-0.016801702932532095,0.019435049581898817,-0.0095873836871369703,-1.8407812118530273,0.9326624870300293,-0.05859375,0.04296875,32,32,0,0,1,1,9.998320000000227,0.0016799999997729742
634,6.332494627,FINAL_CENTER_PROFILE,1,1,0.42495862686785796,1.2076801851972665,-0.80649918433352186,0.80649918433352186,0.56584846973419189,1.1184663772583008,-0.037758912033863425,-0.029595241330829171,-0.033677076682346298,-0.015501432639796309,0.018175644042549989,-0.0081636707030342537,-1.9389562606811523,0.68722498416900635,-0.01953125,0.04296875,32,32,0,0,1,1,9.9992919999998264,0.00070800000017356979
635,6.3425007459999998,FINAL_CENTER_PROFILE,1,1,0.41705935403500227,1.2155794580301222,-0.77335538223762368,0.77335538223762368,0.54629015922546387,1.1251775026321411,-0.034669131505512783,-0.028535031938297119,-0.03160208172190495,-0.014253522224620369,0.017348559497284581,-0.0061340995672156638,-1.7180625200271606,1.2026437520980835,-0.02734375,0.06640625,32,32,0,0,1,1,10.006118999999813,0.0061189999998134681
636,6.3525008180000002,FINAL_CENTER_PROFILE,1,1,0.4094915192231055,1.2231472928420191,-0.7402115801417255,0.7402115801417255,0.53555232286453247,1.1349567174911499,-0.032972790827732065,-0.026990132257906082,-0.029981461542819075,-0.013057971687004247,0.016923489855814829,-0.0059826585698259833,-1.2026437520980835,1.1044687032699585,-0.05078125,0.03515625,32,32,0,0,1,1,10.000072000000415,7.2000000415073373e-05
637,6.3625022109999998,FINAL_CENTER_PROFILE,1,1,0.40225512243216771,1.2303836896329567,-0.70706777804582743,0.70706777804582743,0.52174645662307739,1.1428183317184448,-0.030791769278308082,-0.025748171069588696,-0.028269970173948389,-0.011914781026947957,0.016355189147000432,-0.0050435982087193854,-1.153556227684021,0,-0.04296875,0.06640625,32,32,0,0,1,1,10.001392999999581,0.0013929999995809794
638,6.3725010170000003,FINAL_CENTER_PROFILE,1,1,0.39535016366218889,1.2372886484029355,-0.67392397594992925,0.67392397594992925,0.51484352350234985,1.1447358131408691,-0.02970125850359609,-0.025445251409946478,-0.027573254956771286,-0.0108239502444515,0.016749304712319786,-0.0042560070936496115,-0.53996247053146362,-0.14726249873638153,-0.0703125,0.08203125,32,32,0,0,1,1,9.9988060000004708,0.0011939999995291828
639,6.3824968179999999,FINAL_CENTER_PROFILE,1,1,0.3887766429131691,1.2438621691519554,-0.64078017385403097,0.64078017385403097,0.50851583480834961,1.1466532945632935,-0.028701623626776765,-0.025142331750304257,-0.026921977688540509,-0.0097854793395148743,0.017136498349025635,-0.0035592918764725083,-0.90811872482299805,0.024543749168515205,-0.07421875,0.0859375,32,32,0,0,1,1,9.9958009999996378,0.0041990000003622185
640,6.3925936590000001,FINAL_CENTER_PROFILE,1,1,0.38253456018510834,1.2501042518800163,-0.60763637175813279,0.60763637175813279,0.50410562753677368,1.1497212648391724,-0.028004908409599658,-0.024657660294876704,-0.02633128435223818,-0.0087993683121380811,0.017531916040100098,-0.0033472481147229539,-0.024543749168515205,0.26998123526573181,-0.08203125,0.07421875,32,32,0,0,1,1,10.09684100000019,0.096841000000189581
641,6.4027010520000003,FINAL_CENTER_PROFILE,1,1,0.37662391547800644,1.2560148965871181,-0.57449256966223472,0.57449256966223472,0.50314688682556152,1.1545150279998779,-0.027853448579778547,-0.023900351729555437,-0.025876900154666992,-0.0078656171623211063,0.018011282992345886,-0.0039530968502231104,-0.14726249873638153,0.41724374890327454,-0.09375,0.05859375,32,32,0,0,1,1,10.107393000000187,0.10739300000018659
642,6.4126766890000004,FINAL_CENTER_PROFILE,1,1,0.37104470879186363,1.2615941032732609,-0.54134876756633654,0.54134876756633654,0.50314688682556152,1.1608426570892334,-0.027853448579778547,-0.022900726268951829,-0.025377087424365188,-0.0069842258900639775,0.018392861534301211,-0.0049527223108267182,0.12271875143051147,0.88357502222061157,-0.1015625,0.0546875,32,32,0,0,1,1,9.9756370000001482,0.024362999999851809
643,6.4225983380000002,FINAL_CENTER_PROFILE,1,1,0.36579694012667974,1.2668418719384449,-0.50820496547043825,0.50820496547043825,0.50295513868331909,1.1644859313964844,-0.027823156613814327,-0.022325169499415893,-0.025074163056615112,-0.0061551944953666671,0.018918968561248445,-0.0054979871143984345,-0.17180624604225159,-0.073631249368190765,-0.10546875,0.07421875,32,32,0,0,1,1,9.9216489999998103,0.078351000000189686
644,6.4327057080000003,FINAL_CENTER_PROFILE,1,1,0.36088060948245482,1.2717582025826697,-0.47506116337454007,0.47506116337454007,0.50276339054107666,1.165636420249939,-0.027792864647850104,-0.022143417703630562,-0.024968141175740331,-0.0053785229782291888,0.019589618197511142,-0.0056494469442195418,-0.26998123526573181,-0.58904999494552612,-0.10546875,0.08203125,32,32,0,0,1,1,10.10737000000006,0.10737000000005992
645,6.4426105009999999,FINAL_CENTER_PROFILE,1,1,0.35629571685918893,1.2763430952059356,-0.4419173612786419,0.4419173612786419,0.50257164239883423,1.1667869091033936,-0.027762572681885884,-0.021961665907845228,-0.024862119294865558,-0.0046542113386515427,0.020207907956214015,-0.005800906774040656,-0.29452499747276306,-0.073631249368190765,-0.1171875,0.08984375,32,32,0,0,1,1,9.9047929999995787,0.09520700000042126
646,6.4526030470000002,FINAL_CENTER_PROFILE,1,1,0.35204226225688201,1.2805965498082426,-0.40877355918274411,0.40877355918274411,0.5023798942565918,1.1675539016723633,-0.02773228071592166,-0.021840498043988341,-0.024786389379955,-0.0039822595766337288,0.020804129803321272,-0.0058917826719333197,-0.36815625429153442,0.024543749168515205,-0.109375,0.08984375,32,32,0,0,1,1,9.9925460000003241,0.0074539999996758866
647,6.4626059299999996,FINAL_CENTER_PROFILE,1,1,0.34812024567553407,1.2845185663895904,-0.37562975708684593,0.37562975708684593,0.50257164239883423,1.1679373979568481,-0.027762572681885884,-0.021779914112059897,-0.02477124339697289,-0.003362667692175747,0.021408575704797143,-0.0059826585698259868,0.024543749168515205,-0.049087498337030411,-0.109375,0.08984375,32,32,0,0,1,1,10.002882999999407,0.0028829999994073319
648,6.4725883570000002,FINAL_CENTER_PROFILE,1,1,0.3445296671151451,1.2881091449499795,-0.34248595499094775,0.34248595499094775,0.5023798942565918,1.1685125827789307,-0.02773228071592166,-0.02168904763038295,-0.024710664173152305,-0.0027954356852775836,0.021915228487874722,-0.0060432330855387101,-0.58904999494552612,-0.098174996674060822,-0.10546875,0.0859375,32,32,0,0,1,1,9.9824270000006265,0.017572999999373451
649,6.4826939819999998,FINAL_CENTER_PROFILE,1,1,0.34127052657571516,1.2913682854894093,-0.30934215289504957,0.30934215289504957,0.5023798942565918,1.1688960790634155,-0.02773228071592166,-0.021628463698454507,-0.024680372207188085,-0.0022805635559392662,0.022399808651248819,-0.0061038170174671537,-0.12271875143051147,-0.024543749168515205,-0.1171875,0.0859375,32,32,0,0,1,1,10.105624999999563,0.10562499999956287
650,6.4926304129999997,FINAL_CENTER_PROFILE,1,1,0.33834282405724414,1.2942959880078804,-0.27619835079915134,0.27619835079915134,0.5023798942565918,1.1690878868103027,-0.02773228071592166,-0.021598162316274566,-0.024665221516098113,-0.0018180513041607671,0.022847170211937346,-0.0061341183996470941,-0.073631249368190765,0.12271875143051147,-0.1171875,0.08984375,32,32,0,0,1,1,9.9364309999998568,0.063569000000143205
651,6.5026767300000001,FINAL_CENTER_PROFILE,1,1,0.33574655955973215,1.2968922525053923,-0.24305454870325321,0.24305454870325321,0.50199639797210693,1.1694713830947876,-0.027671696783993217,-0.021537578384346123,-0.02460463758416967,-0.0014078989299421002,0.023196738654227569,-0.0061341183996470941,-0.58904999494552612,0.31906875967979431,-0.1171875,0.08984375,32,32,0,0,1,1,10.046317000000471,0.046317000000470898
652,6.5126011159999999,FINAL_CENTER_PROFILE,1,1,0.33348173308317902,1.2991570789819455,-0.20991074660735501,0.20991074660735501,0.5023798942565918,1.1694713830947876,-0.02773228071592166,-0.021537578384346123,-0.02463492955013389,-0.0010501064332832516,0.023584823116850638,-0.0061947023315755377,0.17180624604225159,0.24543750286102295,-0.109375,0.08984375,32,32,0,0,1,1,9.9243859999997852,0.075614000000214787
653,6.5226560109999996,FINAL_CENTER_PROFILE,1,1,0.33154834462758498,1.3010904674375394,-0.17676694451145686,0.17676694451145686,0.5023798942565918,1.1692795753479004,-0.02773228071592166,-0.02156787976652606,-0.024650080241223858,-0.00074467381418424905,0.023905406427039609,-0.0061644009493956008,0.19634999334812164,-0.22089375555515289,-0.1171875,0.08984375,32,32,0,0,1,1,10.054894999999675,0.054894999999675065
654,6.5326036609999996,FINAL_CENTER_PROFILE,1,1,0.32994639419294985,1.3026924178721746,-0.14362314241555868,0.14362314241555868,0.5023798942565918,1.1694713830947876,-0.02773228071592166,-0.021537578384346123,-0.02463492955013389,-0.00049160107264506481,0.024143328477488825,-0.0061947023315755377,0.29452499747276306,-0.24543750286102295,-0.109375,0.09375,32,32,0,0,1,1,9.9476499999999746,0.052350000000025432
655,6.5426035310000001,FINAL_CENTER_PROFILE,1,1,0.32867588177927382,1.3039629302858506,-0.11047934031966047,0.11047934031966047,0.50199639797210693,1.1698548793792725,-0.027671696783993217,-0.021476994452417679,-0.02457434561820545,-0.00029088820866572662,0.024283457409539723,-0.0061947023315755377,-0.22089375555515289,0.12271875143051147,-0.109375,0.08984375,32,32,0,0,1,1,9.9998700000005769,0.00012999999942309159
656,6.5525079020000003,FINAL_CENTER_PROFILE,1,1,0.32773680738655669,1.3049020046785678,-0.07733553822376231,0.07733553822376231,0.50199639797210693,1.1698548793792725,-0.027671696783993217,-0.021476994452417679,-0.02457434561820545,-0.00014253522224620674,0.024431810395959243,-0.0061947023315755377,-0.34361249208450317,-0.049087498337030411,-0.1171875,0.08984375,32,32,0,0,1,1,9.9043710000001894,0.09562899999981056
657,6.5625245720000001,FINAL_CENTER_PROFILE,1,1,0.3271291710147986,1.305509641050326,-0.044191736127864117,0.044191736127864117,0.50218814611434937,1.1698548793792725,-0.02770198874995744,-0.021476994452417679,-0.02458949160118756,-4.6542113386519035e-05,0.024542949487801041,-0.0062249942975397612,0.073631249368190765,-0.14726249873638153,-0.109375,0.09375,32,32,0,0,1,1,10.016669999999728,0.016669999999727736
658,6.572598513,FINAL_CENTER_PROFILE,1,1,0.32685297266399943,1.305785839401125,-0.011047934031965937,0.011047934031965937,0.50199639797210693,1.1698548793792725,-0.027671696783993217,-0.021476994452417679,-0.02457434561820545,-2.9088820866635112e-06,0.024571436736118786,-0.0061947023315755377,-0.34361249208450317,0,-0.10546875,0.08984375,32,32,0,0,1,1,10.07394099999992,0.073940999999919654
659,6.582620382,FINAL_CENTER_PROFILE,1,1,0.32683455944061279,1.3058042526245117,-0,0,0.50199639797210693,1.1696630716323853,-0.027671696783993217,-0.021507295834597616,-0.024589496309295418,0,0.024589496309295418,-0.0061644009493956008,-0.24543750286102295,-0.098174996674060822,-0.1015625,0.08984375,32,32,0,0,1,1,10.021869000000017,0.02186900000001657
660,6.5926965620000004,FINAL_CENTER_ENDPOINT,1,1,0.32683455944061279,1.3058042526245117,-0,0,0.50218814611434937,1.1692795753479004,-0.02770198874995744,-0.02156787976652606,-0.024634934258241752,0,0.024634934258241752,-0.0061341089834313807,-0.024543749168515205,-0.44178751111030579,-0.10546875,0.0859375,32,32,0,0,1,1,10.076180000000434,0.076180000000434234
661,6.6026798490000003,FINAL_CENTER_ENDPOINT,1,1,0.32683455944061279,1.3058042526245117,-0,0,0.50218814611434937,1.1694713830947876,-0.02770198874995744,-0.021537578384346123,-0.024619783567151783,0,0.024619783567151783,-0.0061644103656113176,0,-0.51541876792907715,-0.1015625,0.0859375,32,32,0,0,1,1,9.9832869999998408,0.016713000000159184
662,6.6125917699999999,FINAL_CENTER_ENDPOINT,1,1,0.32683455944061279,1.3058042526245117,-0,0,0.50218814611434937,1.1698548793792725,-0.02770198874995744,-0.021476994452417679,-0.02458949160118756,0,0.02458949160118756,-0.0062249942975397612,0.073631249368190765,-0.6626812219619751,-0.10546875,0.0859375,32,32,0,0,1,1,9.9119209999996016,0.088079000000398366
663,6.6226875009999997,FINAL_CENTER_ENDPOINT,1,1,0.32683455944061279,1.3058042526245117,-0,0,0.50218814611434937,1.1696630716323853,-0.02770198874995744,-0.021507295834597616,-0.024604642292277528,0,0.024604642292277528,-0.0061946929153598243,0,-0.22089375555515289,-0.1015625,0.08984375,32,32,0,0,1,1,10.09573099999983,0.095730999999830146
664,6.6326149040000004,FINAL_CENTER_ENDPOINT,1,1,0.32683455944061279,1.3058042526245117,-0,0,0.50199639797210693,1.1696630716323853,-0.027671696783993217,-0.021507295834597616,-0.024589496309295418,0,0.024589496309295418,-0.0061644009493956008,-0.24543750286102295,-0.19634999334812164,-0.09375,0.08984375,32,32,0,0,1,1,9.927403000000723,0.072596999999277045
665,6.6426046029999997,FINAL_CENTER_ENDPOINT,1,1,0.32683455944061279,1.3058042526245117,-0,0,0.50218814611434937,1.1698548793792725,-0.02770198874995744,-0.021476994452417679,-0.02458949160118756,0,0.02458949160118756,-0.0062249942975397612,-0.073631249368190765,0.12271875143051147,-0.109375,0.0859375,32,32,0,0,1,1,9.9896989999992414,0.01030100000075862
666,6.6526832560000004,FINAL_CENTER_ENDPOINT,1,1,0.32683455944061279,1.3058042526245117,-0,0,0.50199639797210693,1.1696630716323853,-0.027671696783993217,-0.021507295834597616,-0.024589496309295418,0,0.024589496309295418,-0.0061644009493956008,-0.26998123526573181,-0.24543750286102295,-0.10546875,0.0859375,32,32,0,0,1,1,10.07865300000077,0.078653000000770135
667,6.6626813279999997,FINAL_CENTER_ENDPOINT,1,1,0.32683455944061279,1.3058042526245117,-0,0,0.50218814611434937,1.1696630716323853,-0.02770198874995744,-0.021507295834597616,-0.024604642292277528,0,0.024604642292277528,-0.0061946929153598243,0.024543749168515205,-0.24543750286102295,-0.109375,0.0859375,32,32,0,0,1,1,9.9980719999992473,0.001928000000752661
668,6.6726748210000002,FINAL_CENTER_ENDPOINT,1,1,0.32683455944061279,1.3058042526245117,-0,0,0.5018046498298645,1.1696630716323853,-0.027641404818028993,-0.021507295834597616,-0.024574350326313305,0,0.024574350326313305,-0.0061341089834313772,-0.6626812219619751,-0.26998123526573181,-0.1015625,0.08984375,32,32,0,0,1,1,9.9934930000005195,0.0065069999994804562
669,6.6826025019999999,FINAL_CENTER_ENDPOINT,1,1,0.32683455944061279,1.3058042526245117,-0,0,0.50218814611434937,1.1696630716323853,-0.02770198874995744,-0.021507295834597616,-0.024604642292277528,0,0.024604642292277528,-0.0061946929153598243,-0.34361249208450317,-0.24543750286102295,-0.109375,0.0859375,32,32,0,0,1,1,9.927680999999744,0.07231900000025604
670,6.6926513139999999,FINAL_CENTER_ENDPOINT,1,1,0.32683455944061279,1.3058042526245117,-0,0,0.50199639797210693,1.1696630716323853,-0.027671696783993217,-0.021507295834597616,-0.024589496309295418,0,0.024589496309295418,-0.0061644009493956008,-0.31906875967979431,-0.12271875143051147,-0.1015625,0.0859375,32,32,0,0,1,1,10.048811999999963,0.048811999999962552
671,6.7026938649999996,FINAL_CENTER_ENDPOINT,1,1,0.32683455944061279,1.3058042526245117,-0,0,0.50199639797210693,1.1696630716323853,-0.027671696783993217,-0.021507295834597616,-0.024589496309295418,0,0.024589496309295418,-0.0061644009493956008,-0.098174996674060822,-0.17180624604225159,-0.09375,0.0859375,32,32,0,0,1,1,10.042550999999733,0.042550999999733108
672,6.7126110189999997,FINAL_CENTER_ENDPOINT,1,1,0.32683455944061279,1.3058042526245117,-0,0,0.50199639797210693,1.1696630716323853,-0.027671696783993217,-0.021507295834597616,-0.024589496309295418,0,0.024589496309295418,-0.0061644009493956008,-0.29452499747276306,-0.24543750286102295,-0.109375,0.08203125,32,32,0,0,1,1,9.9171540000000391,0.082845999999960895
673,6.7226173459999998,FINAL_CENTER_ENDPOINT,1,1,0.32683455944061279,1.3058042526245117,-0,0,0.50218814611434937,1.1694713830947876,-0.02770198874995744,-0.021537578384346123,-0.024619783567151783,0,0.024619783567151783,-0.0061644103656113176,0.098174996674060822,-0.56450623273849487,-0.109375,0.0859375,32,32,0,0,1,1,10.006327000000148,0.0063270000001480753
674,6.7326023800000003,FINAL_CENTER_ENDPOINT,1,1,0.32683455944061279,1.3058042526245117,-0,0,0.50199639797210693,1.1694713830947876,-0.027671696783993217,-0.021537578384346123,-0.02460463758416967,0,0.02460463758416967,-0.0061341183996470941,-0.39269998669624329,-0.41724374890327454,-0.109375,0.08203125,32,32,0,0,1,1,9.9850340000005033,0.01496599999949666
675,6.742619929,FINAL_CENTER_ENDPOINT,1,1,0.32683455944061279,1.3058042526245117,-0,0,0.50199639797210693,1.1696630716323853,-0.027671696783993217,-0.021507295834597616,-0.024589496309295418,0,0.024589496309295418,-0.0061644009493956008,-0.26998123526573181,0.024543749168515205,-0.1015625,0.0859375,32,32,0,0,1,1,10.017548999999626,0.017548999999625892
676,6.7524883620000002,FINAL_CENTER_ENDPOINT,1,1,0.32683455944061279,1.3058042526245117,-0,0,0.50199639797210693,1.1696630716323853,-0.027671696783993217,-0.021507295834597616,-0.024589496309295418,0,0.024589496309295418,-0.0061644009493956008,-0.39269998669624329,-0.12271875143051147,-0.10546875,0.0859375,32,32,0,0,1,1,9.8684330000002873,0.13156699999971266
677,6.7626525879999999,FINAL_CENTER_ENDPOINT,1,1,0.32683455944061279,1.3058042526245117,-0,0,0.50199639797210693,1.1694713830947876,-0.027671696783993217,-0.021537578384346123,-0.02460463758416967,0,0.02460463758416967,-0.0061341183996470941,-0.24543750286102295,-0.39269998669624329,-0.109375,0.0859375,32,32,0,0,1,1,10.164225999999665,0.16422599999966536
678,6.7726416030000003,FINAL_CENTER_ENDPOINT,1,1,0.32683455944061279,1.3058042526245117,-0,0,0.50218814611434937,1.1694713830947876,-0.02770198874995744,-0.021537578384346123,-0.024619783567151783,0,0.024619783567151783,-0.0061644103656113176,0.098174996674060822,-0.31906875967979431,-0.10546875,0.0859375,32,32,0,0,1,1,9.9890150000003786,0.010984999999621436
679,6.7825479260000003,FINAL_CENTER_ENDPOINT,1,1,0.32683455944061279,1.3058042526245117,-0,0,0.50199639797210693,1.1694713830947876,-0.027671696783993217,-0.021537578384346123,-0.02460463758416967,0,0.02460463758416967,-0.0061341183996470941,-0.31906875967979431,-0.34361249208450317,-0.109375,0.0859375,32,32,0,0,1,1,9.9063230000000502,0.093676999999949828
680,6.7925984059999998,FINAL_CENTER_ENDPOINT,1,1,0.32683455944061279,1.3058042526245117,-0,0,0.50199639797210693,1.1694713830947876,-0.027671696783993217,-0.021537578384346123,-0.02460463758416967,0,0.02460463758416967,-0.0061341183996470941,-0.17180624604225159,-0.24543750286102295,-0.10546875,0.0859375,32,32,0,0,1,1,10.050479999999418,0.050479999999417657
681,6.8025911509999997,FINAL_CENTER_ENDPOINT,1,1,0.32683455944061279,1.3058042526245117,-0,0,0.50218814611434937,1.1696630716323853,-0.02770198874995744,-0.021507295834597616,-0.024604642292277528,0,0.024604642292277528,-0.0061946929153598243,0.14726249873638153,0.12271875143051147,-0.1015625,0.0859375,32,32,0,0,1,1,9.9927449999999141,0.0072550000000859427
682,6.8125437199999999,FINAL_CENTER_ENDPOINT,1,1,0.32683455944061279,1.3058042526245117,-0,0,0.50199639797210693,1.1696630716323853,-0.027671696783993217,-0.021507295834597616,-0.024589496309295418,0,0.024589496309295418,-0.0061644009493956008,-0.24543750286102295,0.024543749168515205,-0.109375,0.0859375,32,32,0,0,1,1,9.9525690000001887,0.047430999999811263
683,6.8226792039999999,FINAL_CENTER_ENDPOINT,1,1,0.32683455944061279,1.3058042526245117,-0,0,0.50199639797210693,1.1696630716323853,-0.027671696783993217,-0.021507295834597616,-0.024589496309295418,0,0.024589496309295418,-0.0061644009493956008,-0.24543750286102295,-0.024543749168515205,-0.10546875,0.0859375,32,32,0,0,1,1,10.135484000000083,0.13548400000008343
684,6.8326322040000003,FINAL_CENTER_ENDPOINT,1,1,0.32683455944061279,1.3058042526245117,-0,0,0.50218814611434937,1.1694713830947876,-0.02770198874995744,-0.021537578384346123,-0.024619783567151783,0,0.024619783567151783,-0.0061644103656113176,0.049087498337030411,-0.29452499747276306,-0.109375,0.0859375,32,32,0,0,1,1,9.9530000000003227,0.0469999999996773
685,6.8427014110000002,FINAL_CENTER_ENDPOINT,1,1,0.32683455944061279,1.3058042526245117,-0,0,0.50199639797210693,1.1696630716323853,-0.027671696783993217,-0.021507295834597616,-0.024589496309295418,0,0.024589496309295418,-0.0061644009493956008,-0.29452499747276306,0.073631249368190765,-0.10546875,0.0859375,32,32,0,0,1,1,10.069206999999913,0.069206999999913421
686,6.8526790870000003,FINAL_CENTER_ENDPOINT,1,1,0.32683455944061279,1.3058042526245117,-0,0,0.50199639797210693,1.1694713830947876,-0.027671696783993217,-0.021537578384346123,-0.02460463758416967,0,0.02460463758416967,-0.0061341183996470941,-0.19634999334812164,-0.24543750286102295,-0.10546875,0.0859375,32,32,0,0,1,1,9.9776760000001019,0.022323999999898092
687,6.8626229890000001,FINAL_CENTER_ENDPOINT,1,1,0.32683455944061279,1.3058042526245117,-0,0,0.50199639797210693,1.1692795753479004,-0.027671696783993217,-0.02156787976652606,-0.024619788275259638,0,0.024619788275259638,-0.0061038170174671572,-0.24543750286102295,-0.53996247053146362,-0.10546875,0.0859375,32,32,0,0,1,1,9.9439019999998379,0.056098000000162074
688,6.8726185700000002,FINAL_CENTER_ENDPOINT,1,1,0.32683455944061279,1.3058042526245117,-0,0,0.5023798942565918,1.1694713830947876,-0.02773228071592166,-0.021537578384346123,-0.02463492955013389,0,0.02463492955013389,-0.0061947023315755377,0.34361249208450317,-0.36815625429153442,-0.109375,0.08203125,32,32,0,0,1,1,9.9955810000000866,0.0044189999999133533
689,6.882604776,FINAL_CENTER_ENDPOINT,1,1,0.32683455944061279,1.3058042526245117,-0,0,0.50199639797210693,1.1694713830947876,-0.027671696783993217,-0.021537578384346123,-0.02460463758416967,0,0.02460463758416967,-0.0061341183996470941,-0.24543750286102295,-0.24543750286102295,-0.10546875,0.08203125,32,32,0,0,1,1,9.9862059999997754,0.013794000000224571
690,6.8926003500000004,FINAL_CENTER_ENDPOINT,1,1,0.32683455944061279,1.3058042526245117,-0,0,0.50199639797210693,1.1694713830947876,-0.027671696783993217,-0.021537578384346123,-0.02460463758416967,0,0.02460463758416967,-0.0061341183996470941,-0.24543750286102295,-0.17180624604225159,-0.10546875,0.08984375,32,32,0,0,1,1,9.9955740000003956,0.0044259999996043575
691,6.902615613,FINAL_CENTER_ENDPOINT,1,1,0.32683455944061279,1.3058042526245117,-0,0,0.50199639797210693,1.1696630716323853,-0.027671696783993217,-0.021507295834597616,-0.024589496309295418,0,0.024589496309295418,-0.0061644009493956008,-0.36815625429153442,0,-0.10546875,0.0859375,32,32,0,0,1,1,10.015262999999663,0.015262999999663407
692,6.9125011909999996,FINAL_CENTER_ENDPOINT,1,1,0.32683455944061279,1.3058042526245117,-0,0,0.50199639797210693,1.1694713830947876,-0.027671696783993217,-0.021537578384346123,-0.02460463758416967,0,0.02460463758416967,-0.0061341183996470941,-0.19634999334812164,-0.22089375555515289,-0.10546875,0.0859375,32,32,0,0,1,1,9.8855779999995619,0.11442200000043812
693,6.9226762190000004,FINAL_CENTER_ENDPOINT,1,1,0.32683455944061279,1.3058042526245117,-0,0,0.50218814611434937,1.1696630716323853,-0.02770198874995744,-0.021507295834597616,-0.024604642292277528,0,0.024604642292277528,-0.0061946929153598243,0.073631249368190765,0.024543749168515205,-0.10546875,0.0859375,32,32,0,0,1,1,10.175028000000808,0.17502800000080754
694,6.9326016560000001,FINAL_CENTER_ENDPOINT,1,1,0.32683455944061279,1.3058042526245117,-0,0,0.5023798942565918,1.1694713830947876,-0.02773228071592166,-0.021537578384346123,-0.02463492955013389,0,0.02463492955013389,-0.0061947023315755377,0.36815625429153442,-0.34361249208450317,-0.109375,0.0859375,32,32,0,0,1,1,9.9254369999997039,0.074563000000296142
695,6.9425895730000002,FINAL_CENTER_ENDPOINT,1,1,0.32683455944061279,1.3058042526245117,-0,0,0.50199639797210693,1.1694713830947876,-0.027671696783993217,-0.021537578384346123,-0.02460463758416967,0,0.02460463758416967,-0.0061341183996470941,-0.19634999334812164,-0.24543750286102295,-0.10546875,0.0859375,32,32,0,0,1,1,9.9879170000001238,0.012082999999876165
696,6.9525347530000001,FINAL_CENTER_ENDPOINT,1,1,0.32683455944061279,1.3058042526245117,-0,0,0.50199639797210693,1.1696630716323853,-0.027671696783993217,-0.021507295834597616,-0.024589496309295418,0,0.024589496309295418,-0.0061644009493956008,-0.19634999334812164,-0.024543749168515205,-0.1015625,0.0859375,32,32,0,0,1,1,9.9451799999998869,0.054820000000113112
697,6.9626229650000004,FINAL_CENTER_ENDPOINT,1,1,0.32683455944061279,1.3058042526245117,-0,0,0.50199639797210693,1.1696630716323853,-0.027671696783993217,-0.021507295834597616,-0.024589496309295418,0,0.024589496309295418,-0.0061644009493956008,-0.24543750286102295,0.024543749168515205,-0.109375,0.0859375,32,32,0,0,1,1,10.088212000000318,0.088212000000318369
698,6.9726167380000001,FINAL_CENTER_ENDPOINT,1,1,0.32683455944061279,1.3058042526245117,-0,0,0.50218814611434937,1.1696630716323853,-0.02770198874995744,-0.021507295834597616,-0.024604642292277528,0,0.024604642292277528,-0.0061946929153598243,0.14726249873638153,-0.31906875967979431,-0.109375,0.0859375,32,32,0,0,1,1,9.993772999999706,0.0062270000002939696
699,6.9825848739999996,FINAL_CENTER_ENDPOINT,1,1,0.32683455944061279,1.3058042526245117,-0,0,0.50199639797210693,1.1696630716323853,-0.027671696783993217,-0.021507295834597616,-0.024589496309295418,0,0.024589496309295418,-0.0061644009493956008,-0.14726249873638153,0.098174996674060822,-0.10546875,0.0859375,32,32,0,0,1,1,9.9681359999994612,0.031864000000538795
700,6.9925957609999996,FINAL_CENTER_ENDPOINT,1,1,0.32683455944061279,1.3058042526245117,-0,0,0.50218814611434937,1.1694713830947876,-0.02770198874995744,-0.021537578384346123,-0.024619783567151783,0,0.024619783567151783,-0.0061644103656113176,0.14726249873638153,-0.36815625429153442,-0.10546875,0.0859375,32,32,0,0,1,1,10.010886999999968,0.010886999999968339
701,7.0026803969999998,FINAL_CENTER_ENDPOINT,1,1,0.32683455944061279,1.3058042526245117,-0,0,0.50218814611434937,1.1696630716323853,-0.02770198874995744,-0.021507295834597616,-0.024604642292277528,0,0.024604642292277528,-0.0061946929153598243,0.22089375555515289,-0.024543749168515205,-0.109375,0.0859375,32,32,0,0,1,1,10.084636000000202,0.084636000000202216
702,7.0125349579999998,FINAL_CENTER_ENDPOINT,1,1,0.32683455944061279,1.3058042526245117,-0,0,0.50199639797210693,1.1694713830947876,-0.027671696783993217,-0.021537578384346123,-0.02460463758416967,0,0.02460463758416967,-0.0061341183996470941,-0.24543750286102295,-0.22089375555515289,-0.10546875,0.0859375,32,32,0,0,1,1,9.8545610000000394,0.14543899999996057
703,7.0226247879999999,FINAL_CENTER_ENDPOINT,1,1,0.32683455944061279,1.3058042526245117,-0,0,0.5018046498298645,1.1698548793792725,-0.027641404818028993,-0.021476994452417679,-0.024559199635223336,0,0.024559199635223336,-0.0061644103656113142,-0.51541876792907715,0.12271875143051147,-0.10546875,0.0859375,32,32,0,0,1,1,10.089830000000077,0.089830000000077348
704,7.03268279,FINAL_CENTER_ENDPOINT,1,1,0.32683455944061279,1.3058042526245117,-0,0,0.50218814611434937,1.1698548793792725,-0.02770198874995744,-0.021476994452417679,-0.02458949160118756,0,0.02458949160118756,-0.0062249942975397612,0.12271875143051147,-0.24543750286102295,-0.1015625,0.0859375,32,32,0,0,1,1,10.058002000000066,0.058002000000065834
705,7.042600857,FINAL_CENTER_ENDPOINT,1,1,0.32683455944061279,1.3058042526245117,-0,0,0.50199639797210693,1.1696630716323853,-0.027671696783993217,-0.021507295834597616,-0.024589496309295418,0,0.024589496309295418,-0.0061644009493956008,-0.24543750286102295,-0.17180624604225159,-0.10546875,0.08984375,32,32,0,0,1,1,9.9180670000000859,0.081932999999914102
706,7.0526858089999998,FINAL_CENTER_ENDPOINT,1,1,0.32683455944061279,1.3058042526245117,-0,0,0.50199639797210693,1.1694713830947876,-0.027671696783993217,-0.021537578384346123,-0.02460463758416967,0,0.02460463758416967,-0.0061341183996470941,-0.24543750286102295,-0.26998123526573181,-0.10546875,0.0859375,32,32,0,0,1,1,10.084951999999703,0.084951999999702821
707,7.062627998,FINAL_CENTER_ENDPOINT,1,1,0.32683455944061279,1.3058042526245117,-0,0,0.50199639797210693,1.1694713830947876,-0.027671696783993217,-0.021537578384346123,-0.02460463758416967,0,0.02460463758416967,-0.0061341183996470941,-0.36815625429153442,0.024543749168515205,-0.109375,0.0859375,32,32,0,0,1,1,9.9421890000002122,0.057810999999787782
708,7.0726060630000003,FINAL_CENTER_ENDPOINT,1,1,0.32683455944061279,1.3058042526245117,-0,0,0.50218814611434937,1.1694713830947876,-0.02770198874995744,-0.021537578384346123,-0.024619783567151783,0,0.024619783567151783,-0.0061644103656113176,0.12271875143051147,-0.098174996674060822,-0.10546875,0.08984375,32,32,0,0,1,1,9.9780650000003135,0.021934999999686511
709,7.0826804550000002,FINAL_CENTER_ENDPOINT,1,1,0.32683455944061279,1.3058042526245117,-0,0,0.50218814611434937,1.1694713830947876,-0.02770198874995744,-0.021537578384346123,-0.024619783567151783,0,0.024619783567151783,-0.0061644103656113176,0.024543749168515205,-0.24543750286102295,-0.109375,0.0859375,32,32,0,0,1,1,10.074391999999932,0.074391999999932068
710,7.0849385399999996,FINAL_DUAL_BRAKE,0,0,0,0,0,0,0.50218814611434937,1.1696630716323853,-0.02770198874995744,-0.021507295834597616,-0.024604642292277528,nan,0.024604642292277528,-0.0061946929153598243,-0.049087498337030411,0.098174996674060822,-0.1015625,0.0859375,32,32,0,0,1,1,2.2580849999993546,7.7419150000006454
711,7.0951235480000001,FINAL_DUAL_BRAKE,0,0,0,0,0,0,0.50410562753677368,1.1667869091033936,-0.028004908409599658,-0.021961665907845228,-0.024983287158722445,nan,0.024983287158722445,-0.0060432425017544304,0,-0.31906875967979431,0,0,32,32,0,0,1,1,10.185008000000551,0.18500800000055051
712,7.1051854309999998,FINAL_DUAL_BRAKE,0,0,0,0,0,0,0.50487262010574341,1.1652529239654541,-0.028126076273456545,-0.022204001635559006,-0.025165038954507776,nan,0.025165038954507776,-0.0059220746378975397,-0.049087498337030411,-0.24543750286102295,0,0,32,32,0,0,1,1,10.061882999999661,0.061882999999660626
713,7.1151314619999999,FINAL_DUAL_BRAKE,0,0,0,0,0,0,0.50525611639022827,1.1642941236495972,-0.028186660205384989,-0.022355470881595833,-0.025271065543490411,nan,0.025271065543490411,-0.0058311893237891557,-0.26998123526573181,-0.39269998669624329,0,0,32,32,0,0,1,1,9.9460310000001328,0.053968999999867151
714,7.1251362770000002,FINAL_DUAL_BRAKE,0,0,0,0,0,0,0.50525611639022827,1.1639106273651123,-0.028186660205384989,-0.022416054813524277,-0.025301357509454635,nan,0.025301357509454635,-0.0057706053918607121,-0.098174996674060822,-0.39269998669624329,0,0,32,32,0,0,1,1,10.004815000000278,0.0048150000002777915
