tick,timestamp_s,phase,level,target_kp,active_kp,kp_cmd_count,kp_cmd_decoded,kd_cmd_count,kd_cmd_decoded,tff_nm,a_tff_count,b_tff_count,a_mode,b_mode,a_q_cmd,b_q_cmd,a_dq_cmd,b_dq_cmd,a_raw,b_raw,qA_logical_rad,qB_logical_rad,qJ2_logical_rad,q_ref_rad,e_common_rad,e_sync_rad,a_dq_feedback,b_dq_feedback,a_dq_logical,b_dq_logical,a_tau,b_tau,tau_J2_feedback,expected_A_PD_tau,expected_B_PD_tau,a_temp,b_temp,a_merror,b_merror,a_received_id,b_received_id,a_send_recv,b_send_recv,a_correct,b_correct,a_crc_ok,b_crc_ok,a_valid,b_valid,termination_reason,cycle_period_ms,cycle_jitter_ms
0,1.3969999999999999e-06,SESSION_BRAKE_CAPTURE,J2_KP100,1,0,0,0,0,0,0,0,0,0,0,0,0,0,0,5.790982723236084,2.0363643169403076,nan,nan,nan,nan,nan,nan,-0.58904999494552612,-0.14726249873638153,nan,nan,0,0,nan,nan,nan,35,35,0,0,0,1,1,1,1,1,1,1,1,1,RUNNING,nan,nan
1,0.010093377000000001,SESSION_BRAKE_CAPTURE,J2_KP100,1,0,0,0,0,0,0,0,0,0,0,0,0,0,0,5.790982723236084,2.0363643169403076,nan,nan,nan,nan,nan,nan,0.098174996674060822,-0.22089375555515289,nan,nan,0,0,nan,nan,nan,35,35,0,0,0,1,1,1,1,1,1,1,1,1,RUNNING,10.09198,0.091979999999999507
2,0.020182438,SESSION_BRAKE_CAPTURE,J2_KP100,1,0,0,0,0,0,0,0,0,0,0,0,0,0,0,5.790982723236084,2.0365560054779053,nan,nan,nan,nan,nan,nan,0.19634999334812164,0.12271875143051147,nan,nan,0,0,nan,nan,nan,35,35,0,0,0,1,1,1,1,1,1,1,1,1,RUNNING,10.089060999999999,0.089060999999999169
3,0.030172444,SESSION_BRAKE_CAPTURE,J2_KP100,1,0,0,0,0,0,0,0,0,0,0,0,0,0,0,5.7905993461608887,2.0365560054779053,nan,nan,nan,nan,nan,nan,-0.46633124351501465,0.14726249873638153,nan,nan,0,0,nan,nan,nan,35,35,0,0,0,1,1,1,1,1,1,1,1,1,RUNNING,9.9900059999999993,0.0099940000000007245
4,0.040161787999999997,SESSION_BRAKE_CAPTURE,J2_KP100,1,0,0,0,0,0,0,0,0,0,0,0,0,0,0,5.7907910346984863,2.03617262840271,nan,nan,nan,nan,nan,nan,0.098174996674060822,-0.46633124351501465,nan,nan,0,0,nan,nan,nan,35,35,0,0,0,1,1,1,1,1,1,1,1,1,RUNNING,9.9893439999999973,0.010656000000002663
5,0.050096725000000002,SESSION_BRAKE_CAPTURE,J2_KP100,1,0,0,0,0,0,0,0,0,0,0,0,0,0,0,5.790982723236084,2.0363643169403076,nan,nan,nan,nan,nan,nan,0.098174996674060822,-0.24543750286102295,nan,nan,0,0,nan,nan,nan,35,35,0,0,0,1,1,1,1,1,1,1,1,1,RUNNING,9.934937000000005,0.065062999999994986
6,0.060103011999999997,SESSION_BRAKE_CAPTURE,J2_KP100,1,0,0,0,0,0,0,0,0,0,0,0,0,0,0,5.790982723236084,2.0363643169403076,nan,nan,nan,nan,nan,nan,0.098174996674060822,-0.22089375555515289,nan,nan,0,0,nan,nan,nan,35,35,0,0,0,1,1,1,1,1,1,1,1,1,RUNNING,10.006286999999995,0.0062869999999950466
7,0.070060428999999994,SESSION_BRAKE_CAPTURE,J2_KP100,1,0,0,0,0,0,0,0,0,0,0,0,0,0,0,5.7907910346984863,2.0363643169403076,nan,nan,nan,nan,nan,nan,-0.14726249873638153,-0.19634999334812164,nan,nan,0,0,nan,nan,nan,35,35,0,0,0,1,1,1,1,1,1,1,1,1,RUNNING,9.957416999999996,0.042583000000004034
8,0.080155555000000003,SESSION_BRAKE_CAPTURE,J2_KP100,1,0,0,0,0,0,0,0,0,0,0,0,0,0,0,5.790982723236084,2.0363643169403076,nan,nan,nan,nan,nan,nan,0.049087498337030411,-0.14726249873638153,nan,nan,0,0,nan,nan,nan,35,35,0,0,0,1,1,1,1,1,1,1,1,1,RUNNING,10.095126000000009,0.09512600000000937
9,0.090183496000000002,SESSION_BRAKE_CAPTURE,J2_KP100,1,0,0,0,0,0,0,0,0,0,0,0,0,0,0,5.7905993461608887,2.0363643169403076,nan,nan,nan,nan,nan,nan,-0.56450623273849487,-0.17180624604225159,nan,nan,0,0,nan,nan,nan,35,35,0,0,0,1,1,1,1,1,1,1,1,1,RUNNING,10.027940999999998,0.027940999999998439
10,0.100087564,SESSION_BRAKE_CAPTURE,J2_KP100,1,0,0,0,0,0,0,0,0,0,0,0,0,0,0,5.7907910346984863,2.0365560054779053,nan,nan,nan,nan,nan,nan,-0.17180624604225159,0.098174996674060822,nan,nan,0,0,nan,nan,nan,35,35,0,0,0,1,1,1,1,1,1,1,1,1,RUNNING,9.9040680000000023,0.095931999999997686
11,0.11009872499999999,SESSION_BRAKE_CAPTURE,J2_KP100,1,0,0,0,0,0,0,0,0,0,0,0,0,0,0,5.7905993461608887,2.0365560054779053,nan,nan,nan,nan,nan,nan,-0.53996247053146362,0.17180624604225159,nan,nan,0,0,nan,nan,nan,35,35,0,0,0,1,1,1,1,1,1,1,1,1,RUNNING,10.011160999999991,0.011160999999990651
12,0.120097098,SESSION_BRAKE_CAPTURE,J2_KP100,1,0,0,0,0,0,0,0,0,0,0,0,0,0,0,5.7907910346984863,2.0363643169403076,nan,nan,nan,nan,nan,nan,-0.17180624604225159,-0.24543750286102295,nan,nan,0,0,nan,nan,nan,35,35,0,0,0,1,1,1,1,1,1,1,1,1,RUNNING,9.9983730000000044,0.0016269999999956042
13,0.13025257400000001,SESSION_BRAKE_CAPTURE,J2_KP100,1,0,0,0,0,0,0,0,0,0,0,0,0,0,0,5.790982723236084,2.0365560054779053,nan,nan,nan,nan,nan,nan,0.14726249873638153,0.12271875143051147,nan,nan,0,0,nan,nan,nan,35,35,0,0,0,1,1,1,1,1,1,1,1,1,RUNNING,10.155476000000011,0.15547600000001083
14,0.14019388899999999,SESSION_BRAKE_CAPTURE,J2_KP100,1,0,0,0,0,0,0,0,0,0,0,0,0,0,0,5.790982723236084,2.0363643169403076,nan,nan,nan,nan,nan,nan,0.17180624604225159,-0.24543750286102295,nan,nan,0,0,nan,nan,nan,35,35,0,0,0,1,1,1,1,1,1,1,1,1,RUNNING,9.9413149999999781,0.058685000000021859
15,0.15016439600000001,SESSION_BRAKE_CAPTURE,J2_KP100,1,0,0,0,0,0,0,0,0,0,0,0,0,0,0,5.7907910346984863,2.0363643169403076,nan,nan,nan,nan,nan,nan,-0.14726249873638153,-0.14726249873638153,nan,nan,0,0,nan,nan,nan,35,35,0,0,0,1,1,1,1,1,1,1,1,1,RUNNING,9.9705070000000173,0.029492999999982672
16,0.16019845099999999,SESSION_BRAKE_CAPTURE,J2_KP100,1,0,0,0,0,0,0,0,0,0,0,0,0,0,0,5.790982723236084,2.0363643169403076,nan,nan,nan,nan,nan,nan,0.22089375555515289,-0.24543750286102295,nan,nan,0,0,nan,nan,nan,35,35,0,0,0,1,1,1,1,1,1,1,1,1,RUNNING,10.034054999999986,0.03405499999998618
17,0.17020111399999999,SESSION_BRAKE_CAPTURE,J2_KP100,1,0,0,0,0,0,0,0,0,0,0,0,0,0,0,5.790982723236084,2.0363643169403076,nan,nan,nan,nan,nan,nan,0.024543749168515205,-0.22089375555515289,nan,nan,0,0,nan,nan,nan,35,35,0,0,0,1,1,1,1,1,1,1,1,1,RUNNING,10.002662999999995,0.0026629999999947529
18,0.18008190099999999,SESSION_BRAKE_CAPTURE,J2_KP100,1,0,0,0,0,0,0,0,0,0,0,0,0,0,0,5.7907910346984863,2.03617262840271,nan,nan,nan,nan,nan,nan,-0.29452499747276306,0.14726249873638153,nan,nan,0,0,nan,nan,nan,35,35,0,0,0,1,1,1,1,1,1,1,1,1,RUNNING,9.8807870000000015,0.11921299999999846
19,0.190093654,SESSION_BRAKE_CAPTURE,J2_KP100,1,0,0,0,0,0,0,0,0,0,0,0,0,0,0,5.790982723236084,2.0363643169403076,nan,nan,nan,nan,nan,nan,0.12271875143051147,-0.14726249873638153,nan,nan,0,0,nan,nan,nan,35,35,0,0,0,1,1,1,1,1,1,1,1,1,RUNNING,10.011753000000013,0.011753000000013003
20,0.20005588999999999,SESSION_BRAKE_CAPTURE,J2_KP100,1,0,0,0,0,0,0,0,0,0,0,0,0,0,0,5.7907910346984863,2.0363643169403076,nan,nan,nan,nan,nan,nan,-0.24543750286102295,-0.24543750286102295,nan,nan,0,0,nan,nan,nan,35,35,0,0,0,1,1,1,1,1,1,1,1,1,RUNNING,9.9622359999999848,0.03776400000001523
21,0.210053608,SESSION_BRAKE_CAPTURE,J2_KP100,1,0,0,0,0,0,0,0,0,0,0,0,0,0,0,5.7907910346984863,2.0363643169403076,nan,nan,nan,nan,nan,nan,-0.17180624604225159,-0.24543750286102295,nan,nan,0,0,nan,nan,nan,35,35,0,0,0,1,1,1,1,1,1,1,1,1,RUNNING,9.9977180000000168,0.0022819999999832419
22,0.220054157,SESSION_BRAKE_CAPTURE,J2_KP100,1,0,0,0,0,0,0,0,0,0,0,0,0,0,0,5.7907910346984863,2.0365560054779053,nan,nan,nan,nan,nan,nan,-0.12271875143051147,0.14726249873638153,nan,nan,0,0,nan,nan,nan,35,35,0,0,0,1,1,1,1,1,1,1,1,1,RUNNING,10.000548999999998,0.00054899999999769022
23,0.230053269,SESSION_BRAKE_CAPTURE,J2_KP100,1,0,0,0,0,0,0,0,0,0,0,0,0,0,0,5.790982723236084,2.0363643169403076,nan,nan,nan,nan,nan,nan,0.14726249873638153,-0.17180624604225159,nan,nan,0,0,nan,nan,nan,35,35,0,0,0,1,1,1,1,1,1,1,1,1,RUNNING,9.9991120000000038,0.00088799999999622514
24,0.24005679499999999,SESSION_BRAKE_CAPTURE,J2_KP100,1,0,0,0,0,0,0,0,0,0,0,0,0,0,0,5.7907910346984863,2.0365560054779053,nan,nan,nan,nan,nan,nan,-0.098174996674060822,0.12271875143051147,nan,nan,0,0,nan,nan,nan,35,35,0,0,0,1,1,1,1,1,1,1,1,1,RUNNING,10.003525999999985,0.0035259999999848191
25,0.25005501299999999,SESSION_BRAKE_CAPTURE,J2_KP100,1,0,0,0,0,0,0,0,0,0,0,0,0,0,0,5.7907910346984863,2.0363643169403076,nan,nan,nan,nan,nan,nan,0.12271875143051147,-0.24543750286102295,nan,nan,0,0,nan,nan,nan,35,35,0,0,0,1,1,1,1,1,1,1,1,1,RUNNING,9.9982180000000032,0.0017819999999968417
26,0.260073308,SESSION_BRAKE_CAPTURE,J2_KP100,1,0,0,0,0,0,0,0,0,0,0,0,0,0,0,5.7907910346984863,2.0365560054779053,nan,nan,nan,nan,nan,nan,-0.24543750286102295,0.12271875143051147,nan,nan,0,0,nan,nan,nan,35,35,0,0,0,1,1,1,1,1,1,1,1,1,RUNNING,10.018295000000011,0.01829500000001083
27,0.27007815600000001,SESSION_BRAKE_CAPTURE,J2_KP100,1,0,0,0,0,0,0,0,0,0,0,0,0,0,0,5.790982723236084,2.0363643169403076,nan,nan,nan,nan,nan,nan,0.073631249368190765,-0.24543750286102295,nan,nan,0,0,nan,nan,nan,35,35,0,0,0,1,1,1,1,1,1,1,1,1,RUNNING,10.00484800000001,0.0048480000000097334
28,0.28006977399999999,SESSION_BRAKE_CAPTURE,J2_KP100,1,0,0,0,0,0,0,0,0,0,0,0,0,0,0,5.790982723236084,2.03617262840271,nan,nan,nan,nan,nan,nan,0.14726249873638153,-0.53996247053146362,nan,nan,0,0,nan,nan,nan,35,35,0,0,0,1,1,1,1,1,1,1,1,1,RUNNING,9.9916179999999795,0.0083820000000205397
29,0.29010253899999999,SESSION_BRAKE_CAPTURE,J2_KP100,1,0,0,0,0,0,0,0,0,0,0,0,0,0,0,5.7907910346984863,2.03617262840271,nan,nan,nan,nan,nan,nan,-0.22089375555515289,-0.58904999494552612,nan,nan,0,0,nan,nan,nan,35,35,0,0,0,1,1,1,1,1,1,1,1,1,RUNNING,10.032764999999999,0.032764999999999489
30,0.30006137599999999,SESSION_BRAKE_CAPTURE,J2_KP100,1,0,0,0,0,0,0,0,0,0,0,0,0,0,0,5.790982723236084,2.0363643169403076,nan,nan,nan,nan,nan,nan,0.12271875143051147,-0.19634999334812164,nan,nan,0,0,nan,nan,nan,35,35,0,0,0,1,1,1,1,1,1,1,1,1,RUNNING,9.9588369999999991,0.041163000000000949
31,0.31020926999999998,SESSION_BRAKE_CAPTURE,J2_KP100,1,0,0,0,0,0,0,0,0,0,0,0,0,0,0,5.7907910346984863,2.0365560054779053,nan,nan,nan,nan,nan,nan,-0.24543750286102295,0.12271875143051147,nan,nan,0,0,nan,nan,nan,35,35,0,0,0,1,1,1,1,1,1,1,1,1,RUNNING,10.14789399999999,0.1478939999999902
32,0.32005853400000001,SESSION_BRAKE_CAPTURE,J2_KP100,1,0,0,0,0,0,0,0,0,0,0,0,0,0,0,5.790982723236084,2.0365560054779053,nan,nan,nan,nan,nan,nan,0.22089375555515289,0.098174996674060822,nan,nan,0,0,nan,nan,nan,35,35,0,0,0,1,1,1,1,1,1,1,1,1,RUNNING,9.8492640000000247,0.15073599999997533
33,0.33019890899999998,SESSION_BRAKE_CAPTURE,J2_KP100,1,0,0,0,0,0,0,0,0,0,0,0,0,0,0,5.7907910346984863,2.0363643169403076,nan,nan,nan,nan,nan,nan,-0.24543750286102295,-0.24543750286102295,nan,nan,0,0,nan,nan,nan,35,35,0,0,0,1,1,1,1,1,1,1,1,1,RUNNING,10.140374999999979,0.14037499999997927
34,0.34010595799999999,SESSION_BRAKE_CAPTURE,J2_KP100,1,0,0,0,0,0,0,0,0,0,0,0,0,0,0,5.7907910346984863,2.0363643169403076,nan,nan,nan,nan,nan,nan,-0.19634999334812164,-0.22089375555515289,nan,nan,0,0,nan,nan,nan,35,35,0,0,0,1,1,1,1,1,1,1,1,1,RUNNING,9.9070490000000007,0.09295099999999934
35,0.35005934999999999,SESSION_BRAKE_CAPTURE,J2_KP100,1,0,0,0,0,0,0,0,0,0,0,0,0,0,0,5.7907910346984863,2.0365560054779053,nan,nan,nan,nan,nan,nan,-0.12271875143051147,0.14726249873638153,nan,nan,0,0,nan,nan,nan,35,35,0,0,0,1,1,1,1,1,1,1,1,1,RUNNING,9.9533920000000045,0.046607999999995542
36,0.36019936000000002,SESSION_BRAKE_CAPTURE,J2_KP100,1,0,0,0,0,0,0,0,0,0,0,0,0,0,0,5.7907910346984863,2.0365560054779053,nan,nan,nan,nan,nan,nan,-0.22089375555515289,0.19634999334812164,nan,nan,0,0,nan,nan,nan,35,35,0,0,0,1,1,1,1,1,1,1,1,1,RUNNING,10.140010000000032,0.14001000000003216
37,0.37019676400000001,SESSION_BRAKE_CAPTURE,J2_KP100,1,0,0,0,0,0,0,0,0,0,0,0,0,0,0,5.790982723236084,2.0363643169403076,nan,nan,nan,nan,nan,nan,0.12271875143051147,-0.24543750286102295,nan,nan,0,0,nan,nan,nan,35,35,0,0,0,1,1,1,1,1,1,1,1,1,RUNNING,9.9974039999999871,0.0025960000000129213
38,0.38005997899999999,SESSION_BRAKE_CAPTURE,J2_KP100,1,0,0,0,0,0,0,0,0,0,0,0,0,0,0,5.7907910346984863,2.03617262840271,nan,nan,nan,nan,nan,nan,-0.24543750286102295,-0.61359375715255737,nan,nan,0,0,nan,nan,nan,35,35,0,0,0,1,1,1,1,1,1,1,1,1,RUNNING,9.8632149999999807,0.13678500000001925
39,0.39006146200000003,SESSION_BRAKE_CAPTURE,J2_KP100,1,0,0,0,0,0,0,0,0,0,0,0,0,0,0,5.7907910346984863,2.0363643169403076,nan,nan,nan,nan,nan,nan,-0.29452499747276306,-0.14726249873638153,nan,nan,0,0,nan,nan,nan,35,35,0,0,0,1,1,1,1,1,1,1,1,1,RUNNING,10.001483000000032,0.0014830000000323196
40,0.40014238099999999,SESSION_BRAKE_CAPTURE,J2_KP100,1,0,0,0,0,0,0,0,0,0,0,0,0,0,0,5.790982723236084,2.0365560054779053,nan,nan,nan,nan,nan,nan,0.12271875143051147,0.24543750286102295,nan,nan,0,0,nan,nan,nan,35,35,0,0,0,1,1,1,1,1,1,1,1,1,RUNNING,10.080918999999966,0.08091899999996599
41,0.41014066599999999,SESSION_BRAKE_CAPTURE,J2_KP100,1,0,0,0,0,0,0,0,0,0,0,0,0,0,0,5.7907910346984863,2.0363643169403076,nan,nan,nan,nan,nan,nan,-0.24543750286102295,-0.24543750286102295,nan,nan,0,0,nan,nan,nan,35,35,0,0,0,1,1,1,1,1,1,1,1,1,RUNNING,9.9982849999999956,0.0017150000000043519
42,0.42016013299999999,SESSION_BRAKE_CAPTURE,J2_KP100,1,0,0,0,0,0,0,0,0,0,0,0,0,0,0,5.7907910346984863,2.0363643169403076,nan,nan,nan,nan,nan,nan,-0.24543750286102295,-0.19634999334812164,nan,nan,0,0,nan,nan,nan,35,35,0,0,0,1,1,1,1,1,1,1,1,1,RUNNING,10.019467000000004,0.01946700000000412
43,0.43017161199999998,SESSION_BRAKE_CAPTURE,J2_KP100,1,0,0,0,0,0,0,0,0,0,0,0,0,0,0,5.790982723236084,2.0363643169403076,nan,nan,nan,nan,nan,nan,0.12271875143051147,-0.24543750286102295,nan,nan,0,0,nan,nan,nan,35,35,0,0,0,1,1,1,1,1,1,1,1,1,RUNNING,10.011478999999991,0.011478999999990691
44,0.44005829600000002,SESSION_BRAKE_CAPTURE,J2_KP100,1,0,0,0,0,0,0,0,0,0,0,0,0,0,0,5.7907910346984863,2.03617262840271,nan,nan,nan,nan,nan,nan,-0.19634999334812164,-0.4908750057220459,nan,nan,0,0,nan,nan,nan,35,35,0,0,0,1,1,1,1,1,1,1,1,1,RUNNING,9.8866840000000344,0.11331599999996556
45,0.45019705300000001,SESSION_BRAKE_CAPTURE,J2_KP100,1,0,0,0,0,0,0,0,0,0,0,0,0,0,0,5.790982723236084,2.0363643169403076,nan,nan,nan,nan,nan,nan,0.17180624604225159,-0.24543750286102295,nan,nan,0,0,nan,nan,nan,35,35,0,0,0,1,1,1,1,1,1,1,1,1,RUNNING,10.138756999999998,0.13875699999999824
46,0.460100067,SESSION_BRAKE_CAPTURE,J2_KP100,1,0,0,0,0,0,0,0,0,0,0,0,0,0,0,5.790982723236084,2.0363643169403076,nan,nan,nan,nan,nan,nan,0.19634999334812164,-0.24543750286102295,nan,nan,0,0,nan,nan,nan,35,35,0,0,0,1,1,1,1,1,1,1,1,1,RUNNING,9.9030139999999882,0.096986000000011785
47,0.470093125,SESSION_BRAKE_CAPTURE,J2_KP100,1,0,0,0,0,0,0,0,0,0,0,0,0,0,0,5.790982723236084,2.0363643169403076,nan,nan,nan,nan,nan,nan,0.24543750286102295,-0.19634999334812164,nan,nan,0,0,nan,nan,nan,35,35,0,0,0,1,1,1,1,1,1,1,1,1,RUNNING,9.9930579999999996,0.0069420000000004478
48,0.48005419599999999,SESSION_BRAKE_CAPTURE,J2_KP100,1,0,0,0,0,0,0,0,0,0,0,0,0,0,0,5.7907910346984863,2.0363643169403076,nan,nan,nan,nan,nan,nan,-0.29452499747276306,-0.19634999334812164,nan,nan,0,0,nan,nan,nan,35,35,0,0,0,1,1,1,1,1,1,1,1,1,RUNNING,9.961070999999988,0.038929000000011982
49,0.49005712499999998,SESSION_BRAKE_CAPTURE,J2_KP100,1,0,0,0,0,0,0,0,0,0,0,0,0,0,0,5.7905993461608887,2.0365560054779053,nan,nan,nan,nan,nan,nan,-0.58904999494552612,0.073631249368190765,nan,nan,0,0,nan,nan,nan,35,35,0,0,0,1,1,1,1,1,1,1,1,1,RUNNING,10.002928999999995,0.0029289999999946303
50,0.50007879600000005,SESSION_BRAKE_CAPTURE,J2_KP100,1,0,0,0,0,0,0,0,0,0,0,0,0,0,0,5.790982723236084,2.0363643169403076,nan,nan,nan,nan,nan,nan,0.26998123526573181,-0.19634999334812164,nan,nan,0,0,nan,nan,nan,35,35,0,0,0,1,1,1,1,1,1,1,1,1,RUNNING,10.021671000000065,0.021671000000065277
51,0.51007086400000001,SESSION_BRAKE_CAPTURE,J2_KP100,1,0,0,0,0,0,0,0,0,0,0,0,0,0,0,5.7907910346984863,2.0365560054779053,nan,nan,nan,nan,nan,nan,-0.19634999334812164,0.17180624604225159,nan,nan,0,0,nan,nan,nan,35,35,0,0,0,1,1,1,1,1,1,1,1,1,RUNNING,9.9920679999999642,0.0079320000000357993
52,0.52007074200000003,SESSION_BRAKE_CAPTURE,J2_KP100,1,0,0,0,0,0,0,0,0,0,0,0,0,0,0,5.7907910346984863,2.03617262840271,nan,nan,nan,nan,nan,nan,-0.17180624604225159,-0.61359375715255737,nan,nan,0,0,nan,nan,nan,35,35,0,0,0,1,1,1,1,1,1,1,1,1,RUNNING,9.9998780000000167,0.00012199999998330213
53,0.53016950100000004,SESSION_BRAKE_CAPTURE,J2_KP100,1,0,0,0,0,0,0,0,0,0,0,0,0,0,0,5.7907910346984863,2.0363643169403076,nan,nan,nan,nan,nan,nan,-0.24543750286102295,-0.22089375555515289,nan,nan,0,0,nan,nan,nan,35,35,0,0,0,1,1,1,1,1,1,1,1,1,RUNNING,10.098759000000012,0.09875900000001181
54,0.54008750699999997,SESSION_BRAKE_CAPTURE,J2_KP100,1,0,0,0,0,0,0,0,0,0,0,0,0,0,0,5.7907910346984863,2.0363643169403076,nan,nan,nan,nan,nan,nan,-0.24543750286102295,-0.17180624604225159,nan,nan,0,0,nan,nan,nan,35,35,0,0,0,1,1,1,1,1,1,1,1,1,RUNNING,9.9180059999999237,0.081994000000076284
55,0.55008146899999999,SESSION_BRAKE_CAPTURE,J2_KP100,1,0,0,0,0,0,0,0,0,0,0,0,0,0,0,5.790982723236084,2.0363643169403076,nan,nan,nan,nan,nan,nan,0.17180624604225159,-0.14726249873638153,nan,nan,0,0,nan,nan,nan,35,35,0,0,0,1,1,1,1,1,1,1,1,1,RUNNING,9.9939620000000229,0.0060379999999771172
56,0.56007646099999997,SESSION_BRAKE_CAPTURE,J2_KP100,1,0,0,0,0,0,0,0,0,0,0,0,0,0,0,5.7907910346984863,2.0365560054779053,nan,nan,nan,nan,nan,nan,-0.17180624604225159,0.14726249873638153,nan,nan,0,0,nan,nan,nan,35,35,0,0,0,1,1,1,1,1,1,1,1,1,RUNNING,9.9949919999999803,0.0050080000000196634
57,0.57016619800000001,SESSION_BRAKE_CAPTURE,J2_KP100,1,0,0,0,0,0,0,0,0,0,0,0,0,0,0,5.7907910346984863,2.0363643169403076,nan,nan,nan,nan,nan,nan,-0.19634999334812164,-0.19634999334812164,nan,nan,0,0,nan,nan,nan,35,35,0,0,0,1,1,1,1,1,1,1,1,1,RUNNING,10.089737000000042,0.089737000000042144
58,0.58008980399999999,SESSION_BRAKE_CAPTURE,J2_KP100,1,0,0,0,0,0,0,0,0,0,0,0,0,0,0,5.7907910346984863,2.0363643169403076,nan,nan,nan,nan,nan,nan,-0.19634999334812164,-0.24543750286102295,nan,nan,0,0,nan,nan,nan,35,35,0,0,0,1,1,1,1,1,1,1,1,1,RUNNING,9.9236059999999746,0.076394000000025386
59,0.59010093699999999,SESSION_BRAKE_CAPTURE,J2_KP100,1,0,0,0,0,0,0,0,0,0,0,0,0,0,0,5.790982723236084,2.0363643169403076,nan,nan,nan,nan,nan,nan,0.17180624604225159,-0.24543750286102295,nan,nan,0,0,nan,nan,nan,35,35,0,0,0,1,1,1,1,1,1,1,1,1,RUNNING,10.011133000000005,0.0111330000000045
60,0.60008556599999996,SESSION_BRAKE_CAPTURE,J2_KP100,1,0,0,0,0,0,0,0,0,0,0,0,0,0,0,5.790982723236084,2.0365560054779053,nan,nan,nan,nan,nan,nan,0.073631249368190765,0.12271875143051147,nan,nan,0,0,nan,nan,nan,35,35,0,0,0,1,1,1,1,1,1,1,1,1,RUNNING,9.9846289999999662,0.015371000000033774
61,0.61010157700000001,SESSION_BRAKE_CAPTURE,J2_KP100,1,0,0,0,0,0,0,0,0,0,0,0,0,0,0,5.7907910346984863,2.0363643169403076,nan,nan,nan,nan,nan,nan,-0.24543750286102295,-0.24543750286102295,nan,nan,0,0,nan,nan,nan,35,35,0,0,0,1,1,1,1,1,1,1,1,1,RUNNING,10.016011000000047,0.016011000000046849
62,0.620071763,SESSION_BRAKE_CAPTURE,J2_KP100,1,0,0,0,0,0,0,0,0,0,0,0,0,0,0,5.7907910346984863,2.0363643169403076,nan,nan,nan,nan,nan,nan,-0.098174996674060822,-0.24543750286102295,nan,nan,0,0,nan,nan,nan,35,35,0,0,0,1,1,1,1,1,1,1,1,1,RUNNING,9.9701859999999911,0.029814000000008889
63,0.63005616099999995,SESSION_BRAKE_CAPTURE,J2_KP100,1,0,0,0,0,0,0,0,0,0,0,0,0,0,0,5.7907910346984863,2.0363643169403076,nan,nan,nan,nan,nan,nan,0.17180624604225159,-0.24543750286102295,nan,nan,0,0,nan,nan,nan,35,35,0,0,0,1,1,1,1,1,1,1,1,1,RUNNING,9.984397999999949,0.015602000000050964
64,0.64006641600000003,SESSION_BRAKE_CAPTURE,J2_KP100,1,0,0,0,0,0,0,0,0,0,0,0,0,0,0,5.7907910346984863,2.03617262840271,nan,nan,nan,nan,nan,nan,-0.17180624604225159,-0.51541876792907715,nan,nan,0,0,nan,nan,nan,35,35,0,0,0,1,1,1,1,1,1,1,1,1,RUNNING,10.010255000000079,0.010255000000078951
65,0.65005969100000005,SESSION_BRAKE_CAPTURE,J2_KP100,1,0,0,0,0,0,0,0,0,0,0,0,0,0,0,5.7905993461608887,2.03617262840271,nan,nan,nan,nan,nan,nan,0.19634999334812164,-0.58904999494552612,nan,nan,0,0,nan,nan,nan,35,35,0,0,0,1,1,1,1,1,1,1,1,1,RUNNING,9.9932750000000237,0.0067249999999763332
66,0.66005954600000005,SESSION_BRAKE_CAPTURE,J2_KP100,1,0,0,0,0,0,0,0,0,0,0,0,0,0,0,5.790982723236084,2.0363643169403076,nan,nan,nan,nan,nan,nan,-0.14726249873638153,-0.19634999334812164,nan,nan,0,0,nan,nan,nan,35,35,0,0,0,1,1,1,1,1,1,1,1,1,RUNNING,9.9998550000000019,0.00014499999999806334
67,0.67005830700000002,SESSION_BRAKE_CAPTURE,J2_KP100,1,0,0,0,0,0,0,0,0,0,0,0,0,0,0,5.7907910346984863,2.0363643169403076,nan,nan,nan,nan,nan,nan,-0.17180624604225159,-0.19634999334812164,nan,nan,0,0,nan,nan,nan,35,35,0,0,0,1,1,1,1,1,1,1,1,1,RUNNING,9.9987609999999663,0.0012390000000337409
68,0.68005843799999999,SESSION_BRAKE_CAPTURE,J2_KP100,1,0,0,0,0,0,0,0,0,0,0,0,0,0,0,5.790982723236084,2.0365560054779053,nan,nan,nan,nan,nan,nan,0.19634999334812164,0.12271875143051147,nan,nan,0,0,nan,nan,nan,35,35,0,0,0,1,1,1,1,1,1,1,1,1,RUNNING,10.000130999999968,0.00013099999996768474
69,0.69006356499999999,SESSION_BRAKE_CAPTURE,J2_KP100,1,0,0,0,0,0,0,0,0,0,0,0,0,0,0,5.7905993461608887,2.0363643169403076,nan,nan,nan,nan,nan,nan,-0.58904999494552612,-0.29452499747276306,nan,nan,0,0,nan,nan,nan,35,35,0,0,0,1,1,1,1,1,1,1,1,1,RUNNING,10.005127000000002,0.005127000000001658
70,0.70005884299999999,SESSION_BRAKE_CAPTURE,J2_KP100,1,0,0,0,0,0,0,0,0,0,0,0,0,0,0,5.7907910346984863,2.0363643169403076,nan,nan,nan,nan,nan,nan,-0.19634999334812164,-0.26998123526573181,nan,nan,0,0,nan,nan,nan,35,35,0,0,0,1,1,1,1,1,1,1,1,1,RUNNING,9.9952779999999954,0.0047220000000045559
71,0.710057461,SESSION_BRAKE_CAPTURE,J2_KP100,1,0,0,0,0,0,0,0,0,0,0,0,0,0,0,5.790982723236084,2.0363643169403076,nan,nan,nan,nan,nan,nan,0.098174996674060822,-0.24543750286102295,nan,nan,0,0,nan,nan,nan,35,35,0,0,0,1,1,1,1,1,1,1,1,1,RUNNING,9.9986180000000147,0.0013819999999853394
72,0.72006345199999999,SESSION_BRAKE_CAPTURE,J2_KP100,1,0,0,0,0,0,0,0,0,0,0,0,0,0,0,5.7907910346984863,2.0363643169403076,nan,nan,nan,nan,nan,nan,-0.26998123526573181,-0.24543750286102295,nan,nan,0,0,nan,nan,nan,35,35,0,0,0,1,1,1,1,1,1,1,1,1,RUNNING,10.005990999999991,0.0059909999999909758
73,0.73005737299999995,SESSION_BRAKE_CAPTURE,J2_KP100,1,0,0,0,0,0,0,0,0,0,0,0,0,0,0,5.7907910346984863,2.0363643169403076,nan,nan,nan,nan,nan,nan,-0.17180624604225159,-0.26998123526573181,nan,nan,0,0,nan,nan,nan,35,35,0,0,0,1,1,1,1,1,1,1,1,1,RUNNING,9.9939209999999612,0.0060790000000388034
74,0.74005997599999995,SESSION_BRAKE_CAPTURE,J2_KP100,1,0,0,0,0,0,0,0,0,0,0,0,0,0,0,5.7907910346984863,2.0365560054779053,nan,nan,nan,nan,nan,nan,-0.34361249208450317,0.073631249368190765,nan,nan,0,0,nan,nan,nan,35,35,0,0,0,1,1,1,1,1,1,1,1,1,RUNNING,10.002602999999999,0.0026029999999988007
75,0.75005831899999997,SESSION_BRAKE_CAPTURE,J2_KP100,1,0,0,0,0,0,0,0,0,0,0,0,0,0,0,5.7907910346984863,2.0363643169403076,nan,nan,nan,nan,nan,nan,-0.19634999334812164,-0.22089375555515289,nan,nan,0,0,nan,nan,nan,35,35,0,0,0,1,1,1,1,1,1,1,1,1,RUNNING,9.9983430000000197,0.0016569999999802576
76,0.760058766,SESSION_BRAKE_CAPTURE,J2_KP100,1,0,0,0,0,0,0,0,0,0,0,0,0,0,0,5.7907910346984863,2.0363643169403076,nan,nan,nan,nan,nan,nan,-0.19634999334812164,-0.24543750286102295,nan,nan,0,0,nan,nan,nan,35,35,0,0,0,1,1,1,1,1,1,1,1,1,RUNNING,10.000447000000023,0.00044700000002251272
77,0.77005875800000001,SESSION_BRAKE_CAPTURE,J2_KP100,1,0,0,0,0,0,0,0,0,0,0,0,0,0,0,5.7907910346984863,2.0363643169403076,nan,nan,nan,nan,nan,nan,-0.19634999334812164,-0.53996247053146362,nan,nan,0,0,nan,nan,nan,35,35,0,0,0,1,1,1,1,1,1,1,1,1,RUNNING,9.9999920000000131,7.999999986907369e-06
78,0.78005736599999997,SESSION_BRAKE_CAPTURE,J2_KP100,1,0,0,0,0,0,0,0,0,0,0,0,0,0,0,5.7907910346984863,2.0363643169403076,nan,nan,nan,nan,nan,nan,-0.24543750286102295,-0.098174996674060822,nan,nan,0,0,nan,nan,nan,35,35,0,0,0,1,1,1,1,1,1,1,1,1,RUNNING,9.9986079999999653,0.0013920000000346988
79,0.79005962200000002,SESSION_BRAKE_CAPTURE,J2_KP100,1,0,0,0,0,0,0,0,0,0,0,0,0,0,0,5.7905993461608887,2.0363643169403076,nan,nan,nan,nan,nan,nan,-0.36815625429153442,-0.17180624604225159,nan,nan,0,0,nan,nan,nan,35,35,0,0,0,1,1,1,1,1,1,1,1,1,RUNNING,10.002256000000042,0.0022560000000417801
80,0.80006475399999999,SESSION_BRAKE_CAPTURE,J2_KP100,1,0,0,0,0,0,0,0,0,0,0,0,0,0,0,5.7907910346984863,2.0363643169403076,nan,nan,nan,nan,nan,nan,-0.24543750286102295,-0.19634999334812164,nan,nan,0,0,nan,nan,nan,35,35,0,0,0,1,1,1,1,1,1,1,1,1,RUNNING,10.005131999999971,0.0051319999999712707
81,0.81006243499999997,SESSION_BRAKE_CAPTURE,J2_KP100,1,0,0,0,0,0,0,0,0,0,0,0,0,0,0,5.790982723236084,2.0363643169403076,nan,nan,nan,nan,nan,nan,0.12271875143051147,-0.19634999334812164,nan,nan,0,0,nan,nan,nan,35,35,0,0,0,1,1,1,1,1,1,1,1,1,RUNNING,9.9976809999999805,0.0023190000000194999
82,0.82019207400000005,SESSION_BRAKE_CAPTURE,J2_KP100,1,0,0,0,0,0,0,0,0,0,0,0,0,0,0,5.7907910346984863,2.0363643169403076,nan,nan,nan,nan,nan,nan,-0.14726249873638153,-0.24543750286102295,nan,nan,0,0,nan,nan,nan,35,35,0,0,0,1,1,1,1,1,1,1,1,1,RUNNING,10.129639000000079,0.12963900000007911
83,0.83006355099999996,SESSION_BRAKE_CAPTURE,J2_KP100,1,0,0,0,0,0,0,0,0,0,0,0,0,0,0,5.790982723236084,2.0363643169403076,nan,nan,nan,nan,nan,nan,0.098174996674060822,-0.17180624604225159,nan,nan,0,0,nan,nan,nan,35,35,0,0,0,1,1,1,1,1,1,1,1,1,RUNNING,9.8714769999999064,0.12852300000009365
84,0.84006297200000002,SESSION_BRAKE_CAPTURE,J2_KP100,1,0,0,0,0,0,0,0,0,0,0,0,0,0,0,5.7907910346984863,2.0365560054779053,nan,nan,nan,nan,nan,nan,-0.17180624604225159,0.12271875143051147,nan,nan,0,0,nan,nan,nan,35,35,0,0,0,1,1,1,1,1,1,1,1,1,RUNNING,9.9994210000000638,0.00057899999993615836
85,0.85006000400000004,SESSION_BRAKE_CAPTURE,J2_KP100,1,0,0,0,0,0,0,0,0,0,0,0,0,0,0,5.7907910346984863,2.0363643169403076,nan,nan,nan,nan,nan,nan,-0.12271875143051147,-0.098174996674060822,nan,nan,0,0,nan,nan,nan,35,35,0,0,0,1,1,1,1,1,1,1,1,1,RUNNING,9.9970320000000168,0.0029679999999832063
86,0.86017882800000001,SESSION_BRAKE_CAPTURE,J2_KP100,1,0,0,0,0,0,0,0,0,0,0,0,0,0,0,5.7907910346984863,2.0363643169403076,nan,nan,nan,nan,nan,nan,-0.19634999334812164,-0.22089375555515289,nan,nan,0,0,nan,nan,nan,35,35,0,0,0,1,1,1,1,1,1,1,1,1,RUNNING,10.118823999999972,0.11882399999997162
87,0.87008615499999997,SESSION_BRAKE_CAPTURE,J2_KP100,1,0,0,0,0,0,0,0,0,0,0,0,0,0,0,5.790982723236084,2.0365560054779053,nan,nan,nan,nan,nan,nan,0.22089375555515289,0.14726249873638153,nan,nan,0,0,nan,nan,nan,35,35,0,0,0,1,1,1,1,1,1,1,1,1,RUNNING,9.9073269999999667,0.092673000000033312
88,0.88019298899999998,SESSION_BRAKE_CAPTURE,J2_KP100,1,0,0,0,0,0,0,0,0,0,0,0,0,0,0,5.7907910346984863,2.0363643169403076,nan,nan,nan,nan,nan,nan,-0.19634999334812164,-0.17180624604225159,nan,nan,0,0,nan,nan,nan,35,35,0,0,0,1,1,1,1,1,1,1,1,1,RUNNING,10.10683400000001,0.10683400000000987
89,0.89016915200000002,SESSION_BRAKE_CAPTURE,J2_KP100,1,0,0,0,0,0,0,0,0,0,0,0,0,0,0,5.7907910346984863,2.0365560054779053,nan,nan,nan,nan,nan,nan,-0.098174996674060822,0.12271875143051147,nan,nan,0,0,nan,nan,nan,35,35,0,0,0,1,1,1,1,1,1,1,1,1,RUNNING,9.9761630000000387,0.02383699999996125
90,0.90008525100000003,SESSION_BRAKE_CAPTURE,J2_KP100,1,0,0,0,0,0,0,0,0,0,0,0,0,0,0,5.7907910346984863,2.0363643169403076,nan,nan,nan,nan,nan,nan,-0.22089375555515289,-0.24543750286102295,nan,nan,0,0,nan,nan,nan,35,35,0,0,0,1,1,1,1,1,1,1,1,1,RUNNING,9.9160990000000115,0.083900999999988457
91,0.91009474700000004,SESSION_BRAKE_CAPTURE,J2_KP100,1,0,0,0,0,0,0,0,0,0,0,0,0,0,0,5.7907910346984863,2.0363643169403076,nan,nan,nan,nan,nan,nan,-0.19634999334812164,-0.24543750286102295,nan,nan,0,0,nan,nan,nan,35,35,0,0,0,1,1,1,1,1,1,1,1,1,RUNNING,10.009496000000006,0.0094960000000057221
92,0.92009546499999995,SESSION_BRAKE_CAPTURE,J2_KP100,1,0,0,0,0,0,0,0,0,0,0,0,0,0,0,5.7907910346984863,2.0363643169403076,nan,nan,nan,nan,nan,nan,-0.24543750286102295,-0.17180624604225159,nan,nan,0,0,nan,nan,nan,35,35,0,0,0,1,1,1,1,1,1,1,1,1,RUNNING,10.000717999999909,0.00071799999990851404
93,0.93009295599999997,SESSION_BRAKE_CAPTURE,J2_KP100,1,0,0,0,0,0,0,0,0,0,0,0,0,0,0,5.7907910346984863,2.0365560054779053,nan,nan,nan,nan,nan,nan,-0.24543750286102295,0.12271875143051147,nan,nan,0,0,nan,nan,nan,35,35,0,0,0,1,1,1,1,1,1,1,1,1,RUNNING,9.997491000000025,0.0025089999999750034
94,0.94016131999999997,SESSION_BRAKE_CAPTURE,J2_KP100,1,0,0,0,0,0,0,0,0,0,0,0,0,0,0,5.7907910346984863,2.03617262840271,nan,nan,nan,nan,nan,nan,-0.19634999334812164,-0.46633124351501465,nan,nan,0,0,nan,nan,nan,35,35,0,0,0,1,1,1,1,1,1,1,1,1,RUNNING,10.068363999999995,0.068363999999995428
95,0.95016367099999999,SESSION_BRAKE_CAPTURE,J2_KP100,1,0,0,0,0,0,0,0,0,0,0,0,0,0,0,5.790982723236084,2.0365560054779053,nan,nan,nan,nan,nan,nan,0.12271875143051147,0.17180624604225159,nan,nan,0,0,nan,nan,nan,35,35,0,0,0,1,1,1,1,1,1,1,1,1,RUNNING,10.00235100000002,0.0023510000000204201
96,0.960165771,SESSION_BRAKE_CAPTURE,J2_KP100,1,0,0,0,0,0,0,0,0,0,0,0,0,0,0,5.790982723236084,2.0363643169403076,nan,nan,nan,nan,nan,nan,0.14726249873638153,-0.098174996674060822,nan,nan,0,0,nan,nan,nan,35,35,0,0,0,1,1,1,1,1,1,1,1,1,RUNNING,10.002100000000013,0.0021000000000128694
97,0.97017785599999995,SESSION_BRAKE_CAPTURE,J2_KP100,1,0,0,0,0,0,0,0,0,0,0,0,0,0,0,5.790982723236084,2.03617262840271,nan,nan,nan,nan,nan,nan,0.12271875143051147,-0.4908750057220459,nan,nan,0,0,nan,nan,nan,35,35,0,0,0,1,1,1,1,1,1,1,1,1,RUNNING,10.012084999999949,0.012084999999949275
98,0.98016225099999998,SESSION_BRAKE_CAPTURE,J2_KP100,1,0,0,0,0,0,0,0,0,0,0,0,0,0,0,5.790982723236084,2.0363643169403076,nan,nan,nan,nan,nan,nan,-0.24543750286102295,-0.22089375555515289,nan,nan,0,0,nan,nan,nan,35,35,0,0,0,1,1,1,1,1,1,1,1,1,RUNNING,9.9843950000000348,0.01560499999996523
99,0.99018188500000004,SESSION_BRAKE_CAPTURE,J2_KP100,1,0,0,0,0,0,0,0,0,0,0,0,0,0,0,5.790982723236084,2.0363643169403076,nan,nan,nan,nan,nan,nan,0.14726249873638153,-0.24543750286102295,nan,nan,0,0,nan,nan,nan,35,35,0,0,0,1,1,1,1,1,1,1,1,1,RUNNING,10.019634000000055,0.019634000000054996
100,0.99251148199999994,KP_RAMP_HOLD,J2_KP100,1,0.59999999999999998,768,0.59999999999999998,64,0.050000000000000003,0,0,0,1,1,5.7907910346984863,2.0363643169403076,-0,0,5.7907910346984863,2.0363643169403076,-0,0,0,0,0,-0,-0.24543750286102295,-0.17180624604225159,0.038773697601772718,-0.027141587379619331,0,0,0,0,0,35,35,0,0,0,1,1,1,1,1,1,1,1,1,RUNNING,2.3295969999999055,7.6704030000000945
101,1.0026862949999999,KP_RAMP_HOLD,J2_KP100,1,0.60003104767999993,768,0.59999999999999998,64,0.050000000000000003,0,0,0,1,1,5.7907910346984863,2.0363643169403076,-0,0,5.7905993461608887,2.0363643169403076,3.0282549748504178e-05,0,1.5141274874252089e-05,0,-1.5141274874252089e-05,3.0282549748504178e-05,-0.44178751111030579,-0.19634999334812164,0.06979265662481246,-0.031018956668985818,0,0.00390625,0.024726562201976776,0.00011501907404296874,0,35,35,0,0,0,1,1,1,1,1,1,1,1,1,RUNNING,10.174813000000004,0.17481300000000388
102,1.012697336,KP_RAMP_HOLD,J2_KP100,1,0.60024088576000001,768,0.59999999999999998,64,0.050000000000000003,0,0,0,1,1,5.7907910346984863,2.0363643169403076,-0,0,5.790982723236084,2.0365560054779053,-3.0282549748504178e-05,3.0282549748504178e-05,0,0,0,-6.0565099497008357e-05,0.14726249873638153,0,-0.023264218090252847,0,0.00390625,-0.00390625,-0.049453124403953552,-0.00011505929759765625,-0.00011505929759765625,35,35,0,0,0,1,1,1,1,1,1,1,1,1,RUNNING,10.011041000000054,0.011041000000053813
103,1.02268113,KP_RAMP_HOLD,J2_KP100,1,0.60078810624000001,769,0.60078125000000004,64,0.050000000000000003,0,0,0,1,1,5.7907910346984863,2.0363643169403076,-0,0,5.790982723236084,2.0363643169403076,-3.0282549748504178e-05,0,-1.5141274874252089e-05,0,1.5141274874252089e-05,-3.0282549748504178e-05,0.098174996674060822,-0.24543750286102295,-0.015509478334492909,-0.038773697601772718,0.00390625,0.00390625,0,-0.00011516419349121094,0,35,35,0,0,0,1,1,1,1,1,1,1,1,1,RUNNING,9.9837940000000458,0.016205999999954201
104,1.0326782029999999,KP_RAMP_HOLD,J2_KP100,1,0.60181010431999993,770,0.6015625,64,0.050000000000000003,0,0,0,1,1,5.7907910346984863,2.0363643169403076,-0,0,5.7907910346984863,2.0367476940155029,-0,6.0565099497008357e-05,3.0282549748504178e-05,0,-3.0282549748504178e-05,-6.0565099497008357e-05,-0.098174996674060822,-0.56450623273849487,0.015509478334492909,-0.089179500717590968,0.0078125,0,-0.049453124403953552,0,-0.00023072019761718747,35,35,0,0,0,1,1,1,1,1,1,1,1,1,RUNNING,9.9970729999998564,0.0029270000001435648
105,1.042568766,KP_RAMP_HOLD,J2_KP100,1,0.60342399999999996,772,0.60312500000000002,64,0.050000000000000003,0,0,0,1,1,5.7907910346984863,2.0363643169403076,-0,0,5.7907910346984863,2.0363643169403076,-0,0,0,0,0,-0,-0.098174996674060822,-0.26998123526573181,0.015509478334492909,-0.042651064537085275,0.0078125,0,-0.049453124403953552,0,0,35,35,0,0,0,1,1,1,1,1,1,1,1,1,RUNNING,9.8905630000001299,0.10943699999987011
106,1.0525722200000001,KP_RAMP_HOLD,J2_KP100,1,0.60572755968000003,775,0.60546875,64,0.050000000000000003,0,0,0,1,1,5.7907910346984863,2.0363643169403076,-0,0,5.7907910346984863,2.0363643169403076,-0,0,0,0,0,-0,-0.14726249873638153,-0.31906875967979431,0.023264218090252847,-0.050405807823926105,0.00390625,-0.00390625,-0.049453124403953552,0,0,35,35,0,0,0,1,1,1,1,1,1,1,1,1,RUNNING,10.003454000000023,0.0034540000000227167
107,1.0627143960000001,KP_RAMP_HOLD,J2_KP100,1,0.60880011775999998,779,0.60859375000000004,64,0.050000000000000003,0,0,0,1,1,5.7907910346984863,2.0363643169403076,-0,0,5.7907910346984863,2.0365560054779053,-0,3.0282549748504178e-05,1.5141274874252089e-05,0,-1.5141274874252089e-05,-3.0282549748504178e-05,-0.098174996674060822,0.098174996674060822,0.015509478334492909,0.015509478334492909,0.00390625,0.00390625,0,0,-0.0001167000042626953,35,35,0,0,0,1,1,1,1,1,1,1,1,1,RUNNING,10.142176000000003,0.14217600000000274
108,1.0725686830000001,KP_RAMP_HOLD,J2_KP100,1,0.61270349824000003,784,0.61250000000000004,64,0.050000000000000003,0,0,0,1,1,5.7907910346984863,2.0363643169403076,-0,0,5.790407657623291,2.0365560054779053,6.0565099497008357e-05,3.0282549748504178e-05,4.5423824622756271e-05,0,-4.5423824622756271e-05,3.0282549748504178e-05,-0.78539997339248657,0.12271875143051147,0.12407582667594327,0.019386848800886359,0,0.00390625,0.024726562201976776,0.00023489647511718752,-0.00011744823755859376,35,35,0,0,0,1,1,1,1,1,1,1,1,1,RUNNING,9.8542870000000171,0.14571299999998288
109,1.082600784,KP_RAMP_HOLD,J2_KP100,1,0.61748293631999995,790,0.6171875,64,0.050000000000000003,0,0,0,1,1,5.7907910346984863,2.0363643169403076,-0,0,5.7907910346984863,2.0365560054779053,-0,3.0282549748504178e-05,1.5141274874252089e-05,0,-1.5141274874252089e-05,-3.0282549748504178e-05,-0.14726249873638153,0.024543749168515205,0.023264218090252847,0.0038773695836232273,0.00390625,0.00390625,0,0,-0.00011836440105468749,35,35,0,0,0,1,1,1,1,1,1,1,1,1,RUNNING,10.03210099999996,0.032100999999959967
110,1.0925729900000001,KP_RAMP_HOLD,J2_KP100,1,0.62316799999999994,797,0.62265625000000002,64,0.050000000000000003,0,0,0,1,1,5.7907910346984863,2.0363643169403076,-0,0,5.7907910346984863,2.0365560054779053,-0,3.0282549748504178e-05,1.5141274874252089e-05,0,-1.5141274874252089e-05,-3.0282549748504178e-05,-0.024543749168515205,0.049087498337030411,0.0038773695836232273,0.0077547391672464546,0.00390625,0,-0.024726562201976776,0,-0.00011945416259765624,35,35,0,0,0,1,1,1,1,1,1,1,1,1,RUNNING,9.972206000000039,0.027793999999961017
111,1.102566677,KP_RAMP_HOLD,J2_KP100,1,0.62977351167999995,806,0.62968749999999996,64,0.050000000000000003,0,0,0,1,1,5.7907910346984863,2.0363643169403076,-0,0,5.7907910346984863,2.0365560054779053,-0,3.0282549748504178e-05,1.5141274874252089e-05,0,-1.5141274874252089e-05,-3.0282549748504178e-05,0.049087498337030411,-0.024543749168515205,-0.0077547391672464546,-0.0038773695836232273,0.00390625,0,-0.024726562201976776,0,-0.00012072036347167968,35,35,0,0,0,1,1,1,1,1,1,1,1,1,RUNNING,9.9936869999999178,0.0063130000000821695
112,1.112685817,KP_RAMP_HOLD,J2_KP100,1,0.63730046975999999,815,0.63671875,64,0.050000000000000003,0,0,0,1,1,5.7907910346984863,2.0363643169403076,-0,0,5.7907910346984863,2.0365560054779053,-0,3.0282549748504178e-05,1.5141274874252089e-05,0,-1.5141274874252089e-05,-3.0282549748504178e-05,0,-0.098174996674060822,-0,-0.015509478334492909,0.00390625,0,-0.024726562201976776,0,-0.00012216319505859374,35,35,0,0,0,1,1,1,1,1,1,1,1,1,RUNNING,10.119140000000026,0.11914000000002645
113,1.122573161,KP_RAMP_HOLD,J2_KP100,1,0.64573697023999999,826,0.64531249999999996,64,0.050000000000000003,0,0,0,1,1,5.7907910346984863,2.0363643169403076,-0,0,5.7905993461608887,2.0363643169403076,3.0282549748504178e-05,0,1.5141274874252089e-05,0,-1.5141274874252089e-05,3.0282549748504178e-05,-0.39269998669624329,-0.26998123526573181,0.062037913337971637,-0.042651064537085275,0,0.00390625,0.024726562201976776,0.00012378037549804687,0,35,35,0,0,0,1,1,1,1,1,1,1,1,1,RUNNING,9.8873440000000201,0.11265599999997988
114,1.132567264,KP_RAMP_HOLD,J2_KP100,1,0.65505912832000002,838,0.65468749999999998,64,0.050000000000000003,0,0,0,1,1,5.7907910346984863,2.0363643169403076,-0,0,5.7907910346984863,2.0367476940155029,-0,6.0565099497008357e-05,3.0282549748504178e-05,0,-3.0282549748504178e-05,-6.0565099497008357e-05,-0.049087498337030411,0.46633124351501465,0.0077547391672464546,0.073670023560125017,0.00390625,0.00390625,0,0,-0.00025113465269531248,35,35,0,0,0,1,1,1,1,1,1,1,1,1,RUNNING,9.9941029999999209,0.005897000000079089
115,1.142660888,KP_RAMP_HOLD,J2_KP100,1,0.66523200000000005,851,0.66484374999999996,64,0.050000000000000003,0,0,0,1,1,5.7907910346984863,2.0363643169403076,-0,0,5.7907910346984863,2.0363643169403076,-0,0,0,0,0,-0,-0.049087498337030411,-0.24543750286102295,0.0077547391672464546,-0.038773697601772718,-0.00390625,0,0.024726562201976776,0,0,35,35,0,0,0,1,1,1,1,1,1,1,1,1,RUNNING,10.093624000000023,0.093624000000023244
116,1.152709279,KP_RAMP_HOLD,J2_KP100,1,0.67621050368000002,865,0.67578125,64,0.050000000000000003,0,0,0,1,1,5.7907910346984863,2.0363643169403076,-0,0,5.7907910346984863,2.03617262840271,-0,-3.0282549748504178e-05,-1.5141274874252089e-05,0,1.5141274874252089e-05,3.0282549748504178e-05,0,-0.56450623273849487,-0,-0.089179500717590968,0.00390625,0.00390625,0,0,0.00012962180255859376,35,35,0,0,0,1,1,1,1,1,1,1,1,1,RUNNING,10.04839099999999,0.048390999999989859
117,1.162702371,KP_RAMP_HOLD,J2_KP100,1,0.68794034175999996,880,0.6875,64,0.050000000000000003,0,0,0,1,1,5.7907910346984863,2.0363643169403076,-0,0,5.7907910346984863,2.0363643169403076,-0,0,0,0,0,-0,0,-0.58904999494552612,-0,-0.093056872361011386,0,0.00390625,0.024726562201976776,0,0,35,35,0,0,0,1,1,1,1,1,1,1,1,1,RUNNING,9.9930919999999812,0.006908000000018788
118,1.172568056,KP_RAMP_HOLD,J2_KP100,1,0.70035892223999996,896,0.69999999999999996,64,0.050000000000000003,0,0,0,1,1,5.7907910346984863,2.0363643169403076,-0,0,5.7907910346984863,2.0363643169403076,-0,0,0,0,0,-0,-0.073631249368190765,-0.19634999334812164,0.011632109045126423,-0.031018956668985818,0.00390625,0.00390625,0,0,0,35,35,0,0,0,1,1,1,1,1,1,1,1,1,RUNNING,9.8656850000000684,0.13431499999993157
119,1.182571518,KP_RAMP_HOLD,J2_KP100,1,0.71339628032000002,913,0.71328124999999998,64,0.050000000000000003,0,0,0,1,1,5.7907910346984863,2.0363643169403076,-0,0,5.7905993461608887,2.0363643169403076,3.0282549748504178e-05,0,1.5141274874252089e-05,0,-1.5141274874252089e-05,3.0282549748504178e-05,-0.39269998669624329,-0.24543750286102295,0.062037913337971637,-0.038773697601772718,0,0.00390625,0.024726562201976776,0.00013674988970214844,0,35,35,0,0,0,1,1,1,1,1,1,1,1,1,RUNNING,10.003462000000019,0.0034620000000185058
120,1.192567172,KP_RAMP_HOLD,J2_KP100,1,0.72697600000000007,930,0.7265625,64,0.050000000000000003,0,0,0,1,1,5.7907910346984863,2.0363643169403076,-0,0,5.7907910346984863,2.0365560054779053,-0,3.0282549748504178e-05,1.5141274874252089e-05,0,-1.5141274874252089e-05,-3.0282549748504178e-05,-0.024543749168515205,0.22089375555515289,0.0038773695836232273,0.03489632831240623,0.00390625,0,-0.024726562201976776,0,-0.00013935296630859377,35,35,0,0,0,1,1,1,1,1,1,1,1,1,RUNNING,9.9956539999999094,0.0043460000000905552
121,1.2026027210000001,KP_RAMP_HOLD,J2_KP100,1,0.74101613568000002,948,0.74062499999999998,64,0.050000000000000003,0,0,0,1,1,5.7907910346984863,2.0363643169403076,-0,0,5.7907910346984863,2.03617262840271,-0,-3.0282549748504178e-05,-1.5141274874252089e-05,0,1.5141274874252089e-05,3.0282549748504178e-05,-0.024543749168515205,-0.61359375715255737,0.0038773695836232273,-0.096934244004431805,0,0.00390625,0.024726562201976776,0,0.00014204429938476562,35,35,0,0,0,1,1,1,1,1,1,1,1,1,RUNNING,10.035549000000143,0.035549000000143494
122,1.212567175,KP_RAMP_HOLD,J2_KP100,1,0.75543013376000001,966,0.75468749999999996,64,0.050000000000000003,0,0,0,1,1,5.7907910346984863,2.0363643169403076,-0,0,5.7905993461608887,2.0363643169403076,3.0282549748504178e-05,0,1.5141274874252089e-05,0,-1.5141274874252089e-05,3.0282549748504178e-05,-0.4908750057220459,-0.24543750286102295,0.077547395203545436,-0.038773697601772718,0.00390625,0.00390625,0,0.00014480729759765626,0,35,35,0,0,0,1,1,1,1,1,1,1,1,1,RUNNING,9.9644539999999004,0.035546000000099554
123,1.2226012639999999,KP_RAMP_HOLD,J2_KP100,1,0.77012775424000002,985,0.76953125,64,0.050000000000000003,0,0,0,1,1,5.7907910346984863,2.0363643169403076,-0,0,5.790982723236084,2.0363643169403076,-3.0282549748504178e-05,0,-1.5141274874252089e-05,0,1.5141274874252089e-05,-3.0282549748504178e-05,0.36815625429153442,-0.24543750286102295,-0.05816054640265908,-0.038773697601772718,0.0078125,0,-0.049453124403953552,-0.00014762466297363281,0,35,35,0,0,0,1,1,1,1,1,1,1,1,1,RUNNING,10.034088999999913,0.034088999999912772
124,1.2326022059999999,KP_RAMP_HOLD,J2_KP100,1,0.78501599231999997,1004,0.78437500000000004,64,0.050000000000000003,0,0,0,1,1,5.7907910346984863,2.0363643169403076,-0,0,5.7907910346984863,2.0365560054779053,-0,3.0282549748504178e-05,1.5141274874252089e-05,0,-1.5141274874252089e-05,-3.0282549748504178e-05,0.024543749168515205,0.073631249368190765,-0.0038773695836232273,0.011632109045126423,0.00390625,0,-0.024726562201976776,0,-0.00015047856755859374,35,35,0,0,0,1,1,1,1,1,1,1,1,1,RUNNING,10.000942000000013,0.00094200000001265494
125,1.2425708799999999,KP_RAMP_HOLD,J2_KP100,1,0.80000000000000004,1024,0.80000000000000004,64,0.050000000000000003,0,0,0,1,1,5.7907910346984863,2.0363643169403076,-0,0,5.7907910346984863,2.0365560054779053,-0,3.0282549748504178e-05,1.5141274874252089e-05,0,-1.5141274874252089e-05,-3.0282549748504178e-05,0,0,-0,0,0,0,0,0,-0.00015335083007812501,35,35,0,0,0,1,1,1,1,1,1,1,1,1,RUNNING,9.9686740000000107,0.031325999999989307
126,1.252568388,KP_RAMP_HOLD,J2_KP100,1,0.81498400768000001,1043,0.81484374999999998,64,0.050000000000000003,0,0,0,1,1,5.7907910346984863,2.0363643169403076,-0,0,5.7905993461608887,2.0365560054779053,3.0282549748504178e-05,3.0282549748504178e-05,3.0282549748504178e-05,0,-3.0282549748504178e-05,0,-0.41724374890327454,-0.24543750286102295,0.065915284981392055,-0.038773697601772718,0,0.00390625,0.024726562201976776,0.00015622309259765625,-0.00015622309259765625,35,35,0,0,0,1,1,1,1,1,1,1,1,1,RUNNING,9.9975080000000993,0.0024919999999006848
127,1.262567625,KP_RAMP_HOLD,J2_KP100,1,0.82987224575999996,1062,0.82968750000000002,64,0.050000000000000003,0,0,0,1,1,5.7907910346984863,2.0363643169403076,-0,0,5.7905993461608887,2.0363643169403076,3.0282549748504178e-05,0,1.5141274874252089e-05,0,-1.5141274874252089e-05,3.0282549748504178e-05,-0.4908750057220459,-0.26998123526573181,0.077547395203545436,-0.042651064537085275,-0.00390625,0.0078125,0.074179686605930328,0.00015907699718261718,0,35,35,0,0,0,1,1,1,1,1,1,1,1,1,RUNNING,9.9992369999999386,0.00076300000006135349
128,1.2725285589999999,KP_RAMP_HOLD,J2_KP100,1,0.84456986624000008,1081,0.84453124999999996,64,0.050000000000000003,0,0,0,1,1,5.7907910346984863,2.0363643169403076,-0,0,5.7905993461608887,2.0363643169403076,3.0282549748504178e-05,0,1.5141274874252089e-05,0,-1.5141274874252089e-05,3.0282549748504178e-05,-0.19634999334812164,-0.39269998669624329,0.031018956668985818,-0.062037913337971637,0.0078125,0,-0.049453124403953552,0.00016189436255859376,0,35,35,0,0,0,1,1,1,1,1,1,1,1,1,RUNNING,9.9609339999999769,0.039066000000023138
129,1.2826,KP_RAMP_HOLD,J2_KP100,1,0.85898386432000007,1099,0.85859375000000004,64,0.050000000000000003,0,0,0,1,1,5.7907910346984863,2.0363643169403076,-0,0,5.7907910346984863,2.0365560054779053,-0,3.0282549748504178e-05,1.5141274874252089e-05,0,-1.5141274874252089e-05,-3.0282549748504178e-05,0,-0.024543749168515205,-0,-0.0038773695836232273,0.00390625,0,-0.024726562201976776,0,-0.00016465736077148438,35,35,0,0,0,1,1,1,1,1,1,1,1,1,RUNNING,10.071441000000014,0.071441000000014299
130,1.2926066279999999,KP_RAMP_HOLD,J2_KP100,1,0.87302400000000002,1117,0.87265625000000002,64,0.050000000000000003,0,0,0,1,1,5.7907910346984863,2.0363643169403076,-0,0,5.7905993461608887,2.0365560054779053,3.0282549748504178e-05,3.0282549748504178e-05,3.0282549748504178e-05,0,-3.0282549748504178e-05,0,-0.24543750286102295,0,0.038773697601772718,0,0,0,0,0.00016734869384765625,-0.00016734869384765625,35,35,0,0,0,1,1,1,1,1,1,1,1,1,RUNNING,10.006627999999962,0.0066279999999618866
131,1.302596847,KP_RAMP_HOLD,J2_KP100,1,0.88660371967999985,1134,0.88593750000000004,64,0.050000000000000003,0,0,0,1,1,5.7907910346984863,2.0363643169403076,-0,0,5.7907910346984863,2.0365560054779053,-0,3.0282549748504178e-05,1.5141274874252089e-05,0,-1.5141274874252089e-05,-3.0282549748504178e-05,-0.26998123526573181,0.024543749168515205,0.042651064537085275,0.0038773695836232273,0.00390625,0.00390625,0,0,-0.00016995177045410153,35,35,0,0,0,1,1,1,1,1,1,1,1,1,RUNNING,9.9902190000000779,0.009780999999922102
132,1.312623584,KP_RAMP_HOLD,J2_KP100,1,0.89964107775999991,1151,0.89921874999999996,64,0.050000000000000003,0,0,0,1,1,5.7907910346984863,2.0363643169403076,-0,0,5.7905993461608887,2.0367476940155029,3.0282549748504178e-05,6.0565099497008357e-05,4.5423824622756271e-05,0,-4.5423824622756271e-05,-3.0282549748504178e-05,-0.19634999334812164,0.41724374890327454,0.031018956668985818,0.065915284981392055,0.0078125,0.00390625,-0.024726562201976776,0.00017245088255859374,-0.00034490176511718749,35,35,0,0,0,1,1,1,1,1,1,1,1,1,RUNNING,10.026737000000008,0.026737000000007782
133,1.322688189,KP_RAMP_HOLD,J2_KP100,1,0.91205965824000013,1167,0.91171875000000002,64,0.050000000000000003,0,0,0,1,1,5.7907910346984863,2.0363643169403076,-0,0,5.7905993461608887,2.0363643169403076,3.0282549748504178e-05,0,1.5141274874252089e-05,0,-1.5141274874252089e-05,3.0282549748504178e-05,-0.29452499747276306,-0.34361249208450317,0.046528436180505693,-0.054283174759238662,0,-0.00390625,-0.024726562201976776,0.00017483138208984378,0,35,35,0,0,0,1,1,1,1,1,1,1,1,1,RUNNING,10.064604999999949,0.064604999999948731
134,1.3326132310000001,KP_RAMP_HOLD,J2_KP100,1,0.92378949632000007,1182,0.92343750000000002,64,0.050000000000000003,0,0,0,1,1,5.7907910346984863,2.0363643169403076,-0,0,5.7905993461608887,2.0363643169403076,3.0282549748504178e-05,0,1.5141274874252089e-05,0,-1.5141274874252089e-05,3.0282549748504178e-05,0.073631249368190765,-0.29452499747276306,-0.011632109045126423,-0.046528436180505693,0,0.00390625,0.024726562201976776,0.00017707985759765626,0,35,35,0,0,0,1,1,1,1,1,1,1,1,1,RUNNING,9.9250420000001061,0.074957999999893943
135,1.3426783330000001,KP_RAMP_HOLD,J2_KP100,1,0.93476799999999993,1196,0.93437499999999996,64,0.050000000000000003,0,0,0,1,1,5.7907910346984863,2.0363643169403076,-0,0,5.7905993461608887,2.0365560054779053,3.0282549748504178e-05,3.0282549748504178e-05,3.0282549748504178e-05,0,-3.0282549748504178e-05,0,-0.26998123526573181,-0.14726249873638153,0.042651064537085275,-0.023264218090252847,0.00390625,0,-0.024726562201976776,0.00017918431091308592,-0.00017918431091308592,35,35,0,0,0,1,1,1,1,1,1,1,1,1,RUNNING,10.065101999999992,0.065101999999992444
136,1.352601487,KP_RAMP_HOLD,J2_KP100,1,0.94494087168000007,1209,0.94453125000000004,64,0.050000000000000003,0,0,0,1,1,5.7907910346984863,2.0363643169403076,-0,0,5.7905993461608887,2.0365560054779053,3.0282549748504178e-05,3.0282549748504178e-05,3.0282549748504178e-05,0,-3.0282549748504178e-05,0,-0.24543750286102295,-0.049087498337030411,0.038773697601772718,-0.0077547391672464546,0.00390625,-0.00390625,-0.049453124403953552,0.00018113433380859375,-0.00018113433380859375,35,35,0,0,0,1,1,1,1,1,1,1,1,1,RUNNING,9.9231539999999896,0.076846000000010406
137,1.3627144259999999,KP_RAMP_HOLD,J2_KP100,1,0.95426302975999999,1221,0.95390624999999996,64,0.050000000000000003,0,0,0,1,1,5.7907910346984863,2.0363643169403076,-0,0,5.7907910346984863,2.0363643169403076,-0,0,0,0,0,-0,0.073631249368190765,-0.24543750286102295,-0.011632109045126423,-0.038773697601772718,0.00390625,0,-0.024726562201976776,0,0,35,35,0,0,0,1,1,1,1,1,1,1,1,1,RUNNING,10.112938999999876,0.11293899999987644
138,1.3726120289999999,KP_RAMP_HOLD,J2_KP100,1,0.96269953023999999,1232,0.96250000000000002,64,0.050000000000000003,0,0,0,1,1,5.7907910346984863,2.0363643169403076,-0,0,5.790982723236084,2.0367476940155029,-3.0282549748504178e-05,6.0565099497008357e-05,1.5141274874252089e-05,0,-1.5141274874252089e-05,-9.0847649245512542e-05,0.4908750057220459,0.17180624604225159,-0.077547395203545436,0.027141587379619331,0.00390625,0.00390625,0,-0.00018453846509765626,-0.00036907693019531251,35,35,0,0,0,1,1,1,1,1,1,1,1,1,RUNNING,9.8976029999999771,0.10239700000002294
139,1.3826155630000001,KP_RAMP_HOLD,J2_KP100,1,0.97022648832000002,1241,0.96953124999999996,64,0.050000000000000003,0,0,0,1,1,5.7907910346984863,2.0363643169403076,-0,0,5.7907910346984863,2.0365560054779053,-0,3.0282549748504178e-05,1.5141274874252089e-05,0,-1.5141274874252089e-05,-3.0282549748504178e-05,0.098174996674060822,0.12271875143051147,-0.015509478334492909,0.019386848800886359,0.0078125,0.00390625,-0.024726562201976776,0,-0.00018598129668457032,35,35,0,0,0,1,1,1,1,1,1,1,1,1,RUNNING,10.003534000000203,0.0035340000002026528
140,1.3927117069999999,KP_RAMP_HOLD,J2_KP100,1,0.97683200000000003,1250,0.9765625,64,0.050000000000000003,0,0,0,1,1,5.7907910346984863,2.0363643169403076,-0,0,5.7907910346984863,2.0365560054779053,-0,3.0282549748504178e-05,1.5141274874252089e-05,0,-1.5141274874252089e-05,-3.0282549748504178e-05,0,-0.049087498337030411,-0,-0.0077547391672464546,0.00390625,0.00390625,0,0,-0.00018724749755859375,35,35,0,0,0,1,1,1,1,1,1,1,1,1,RUNNING,10.096143999999807,0.09614399999980705
141,1.4026102389999999,KP_RAMP_HOLD,J2_KP100,1,0.98251706368000002,1257,0.98203125000000002,64,0.050000000000000003,0,0,0,1,1,5.7907910346984863,2.0363643169403076,-0,0,5.7905993461608887,2.0365560054779053,3.0282549748504178e-05,3.0282549748504178e-05,3.0282549748504178e-05,0,-3.0282549748504178e-05,0,-0.41724374890327454,0.024543749168515205,0.065915284981392055,0.0038773695836232273,0,0.00390625,0.024726562201976776,0.00018833725910156251,-0.00018833725910156251,35,35,0,0,0,1,1,1,1,1,1,1,1,1,RUNNING,9.8985320000000154,0.10146799999998457
142,1.412606633,KP_RAMP_HOLD,J2_KP100,1,0.98729650175999983,1263,0.98671874999999998,64,0.050000000000000003,0,0,0,1,1,5.7907910346984863,2.0363643169403076,-0,0,5.790982723236084,2.0363643169403076,-3.0282549748504178e-05,0,-1.5141274874252089e-05,0,1.5141274874252089e-05,-3.0282549748504178e-05,0.44178751111030579,-0.51541876792907715,-0.06979265662481246,-0.081424766846965854,0.00390625,0,-0.024726562201976776,-0.00018925342259765621,0,35,35,0,0,0,1,1,1,1,1,1,1,1,1,RUNNING,9.9963940000000751,0.003605999999924947
143,1.4226099400000001,KP_RAMP_HOLD,J2_KP100,1,0.99119988223999989,1268,0.99062499999999998,64,0.050000000000000003,0,0,0,1,1,5.7907910346984863,2.0363643169403076,-0,0,5.7907910346984863,2.03617262840271,-0,-3.0282549748504178e-05,-1.5141274874252089e-05,0,1.5141274874252089e-05,3.0282549748504178e-05,0,-0.61359375715255737,-0,-0.096934244004431805,0.00390625,0,-0.024726562201976776,0,0.00019000165589355466,35,35,0,0,0,1,1,1,1,1,1,1,1,1,RUNNING,10.003307000000072,0.0033070000000723354
144,1.432603335,KP_RAMP_HOLD,J2_KP100,1,0.99427244032000017,1272,0.99375000000000002,64,0.050000000000000003,0,0,0,1,1,5.7907910346984863,2.0363643169403076,-0,0,5.7907910346984863,2.0365560054779053,-0,3.0282549748504178e-05,1.5141274874252089e-05,0,-1.5141274874252089e-05,-3.0282549748504178e-05,0,0,-0,0,0.0078125,0,-0.049453124403953552,0,-0.00019059063005859379,35,35,0,0,0,1,1,1,1,1,1,1,1,1,RUNNING,9.9933949999999605,0.0066050000000394959
145,1.4425712470000001,KP_RAMP_HOLD,J2_KP100,1,0.99657599999999991,1275,0.99609375,64,0.050000000000000003,0,0,0,1,1,5.7907910346984863,2.0363643169403076,-0,0,5.7907910346984863,2.0365560054779053,-0,3.0282549748504178e-05,1.5141274874252089e-05,0,-1.5141274874252089e-05,-3.0282549748504178e-05,-0.098174996674060822,-0.049087498337030411,0.015509478334492909,-0.0077547391672464546,0,0,0,0,-0.00019103219604492186,35,35,0,0,0,1,1,1,1,1,1,1,1,1,RUNNING,9.9679120000000232,0.032087999999976802
146,1.4525657569999999,KP_RAMP_HOLD,J2_KP100,1,0.99818989567999994,1277,0.99765625000000002,64,0.050000000000000003,0,0,0,1,1,5.7907910346984863,2.0363643169403076,-0,0,5.7905993461608887,2.0365560054779053,3.0282549748504178e-05,3.0282549748504178e-05,3.0282549748504178e-05,0,-3.0282549748504178e-05,0,-0.36815625429153442,0,0.05816054640265908,0,0.00390625,0,-0.024726562201976776,0.00019134156134765625,-0.00019134156134765625,35,35,0,0,0,1,1,1,1,1,1,1,1,1,RUNNING,9.9945099999998455,0.0054900000001545379
147,1.4625728899999999,KP_RAMP_HOLD,J2_KP100,1,0.9992118937600003,1278,0.99843749999999998,64,0.050000000000000003,0,0,0,1,1,5.7907910346984863,2.0363643169403076,-0,0,5.7907910346984863,2.0365560054779053,-0,3.0282549748504178e-05,1.5141274874252089e-05,0,-1.5141274874252089e-05,-3.0282549748504178e-05,-0.049087498337030411,0.024543749168515205,0.0077547391672464546,0.0038773695836232273,0,0,0,0,-0.00019153746666503911,35,35,0,0,0,1,1,1,1,1,1,1,1,1,RUNNING,10.007133000000001,0.0071330000000013882
148,1.4727109169999999,KP_RAMP_HOLD,J2_KP100,1,0.99975911423999997,1279,0.99921875000000004,64,0.050000000000000003,0,0,0,1,1,5.7907910346984863,2.0363643169403076,-0,0,5.7907910346984863,2.0365560054779053,-0,3.0282549748504178e-05,1.5141274874252089e-05,0,-1.5141274874252089e-05,-3.0282549748504178e-05,0,-0.073631249368190765,-0,-0.011632109045126423,0.00390625,0,-0.024726562201976776,0,-0.00019164236255859375,35,35,0,0,0,1,1,1,1,1,1,1,1,1,RUNNING,10.138026999999994,0.1380269999999939
149,1.4826022379999999,KP_RAMP_HOLD,J2_KP100,1,0.99996895231999938,1279,0.99921875000000004,64,0.050000000000000003,0,0,0,1,1,5.7907910346984863,2.0363643169403076,-0,0,5.7907910346984863,2.0365560054779053,-0,3.0282549748504178e-05,1.5141274874252089e-05,0,-1.5141274874252089e-05,-3.0282549748504178e-05,-0.049087498337030411,-0.073631249368190765,0.0077547391672464546,-0.011632109045126423,0,-0.00390625,-0.024726562201976776,0,-0.00019168258611328113,35,35,0,0,0,1,1,1,1,1,1,1,1,1,RUNNING,9.8913210000000085,0.10867899999999153
150,1.492570256,KP_RAMP_HOLD,J2_KP100,1,1,1280,1,64,0.050000000000000003,0,0,0,1,1,5.7907910346984863,2.0363643169403076,-0,0,5.7907910346984863,2.0363643169403076,-0,0,0,0,0,-0,0.024543749168515205,-0.39269998669624329,-0.0038773695836232273,-0.062037913337971637,0.0078125,0.00390625,-0.024726562201976776,0,0,35,35,0,0,0,1,1,1,1,1,1,1,1,1,RUNNING,9.9680180000001339,0.031981999999866062
151,1.5026073310000001,CURRENT_HOLD,J2_KP100,1,1,1280,1,64,0.050000000000000003,0,0,0,1,1,5.7907910346984863,2.0363643169403076,-0,0,5.7907910346984863,2.0363643169403076,-0,0,0,0,0,-0,0,0.098174996674060822,-0,0.015509478334492909,0.0078125,0,-0.049453124403953552,0,0,35,35,0,0,0,1,1,1,1,1,1,1,1,1,RUNNING,10.037075000000062,0.03707500000006192
152,1.512602174,CURRENT_HOLD,J2_KP100,1,1,1280,1,64,0.050000000000000003,0,0,0,1,1,5.7907910346984863,2.0363643169403076,-0,0,5.7907910346984863,2.0363643169403076,-0,0,0,0,0,-0,0.098174996674060822,-0.26998123526573181,-0.015509478334492909,-0.042651064537085275,0,-0.00390625,-0.024726562201976776,0,0,35,35,0,0,0,1,1,1,1,1,1,1,1,1,RUNNING,9.9948429999998645,0.0051570000001355254
153,1.5226052830000001,CURRENT_HOLD,J2_KP100,1,1,1280,1,64,0.050000000000000003,0,0,0,1,1,5.7907910346984863,2.0363643169403076,-0,0,5.7905993461608887,2.0363643169403076,3.0282549748504178e-05,0,1.5141274874252089e-05,0,-1.5141274874252089e-05,3.0282549748504178e-05,-0.36815625429153442,-0.17180624604225159,0.05816054640265908,-0.027141587379619331,0.0078125,0.00390625,-0.024726562201976776,0.00019168853759765625,0,35,35,0,0,0,1,1,1,1,1,1,1,1,1,RUNNING,10.003109000000121,0.0031090000001210427
154,1.532603481,CURRENT_HOLD,J2_KP100,1,1,1280,1,64,0.050000000000000003,0,0,0,1,1,5.7907910346984863,2.0363643169403076,-0,0,5.7907910346984863,2.0365560054779053,-0,3.0282549748504178e-05,1.5141274874252089e-05,0,-1.5141274874252089e-05,-3.0282549748504178e-05,-0.024543749168515205,0.024543749168515205,0.0038773695836232273,0.0038773695836232273,0.00390625,0,-0.024726562201976776,0,-0.00019168853759765625,35,35,0,0,0,1,1,1,1,1,1,1,1,1,RUNNING,9.9981979999999027,0.0018020000000973369
155,1.542571844,CURRENT_HOLD,J2_KP100,1,1,1280,1,64,0.050000000000000003,0,0,0,1,1,5.7907910346984863,2.0363643169403076,-0,0,5.7905993461608887,2.03617262840271,3.0282549748504178e-05,-3.0282549748504178e-05,0,0,0,6.0565099497008357e-05,-0.41724374890327454,-0.53996247053146362,0.065915284981392055,-0.085302129074170549,0.00390625,0.00390625,0,0.00019168853759765625,0.00019168853759765625,35,35,0,0,0,1,1,1,1,1,1,1,1,1,RUNNING,9.9683630000000356,0.031636999999964388
156,1.552565226,CURRENT_HOLD,J2_KP100,1,1,1280,1,64,0.050000000000000003,0,0,0,1,1,5.7907910346984863,2.0363643169403076,-0,0,5.7905993461608887,2.0363643169403076,3.0282549748504178e-05,0,1.5141274874252089e-05,0,-1.5141274874252089e-05,3.0282549748504178e-05,0,-0.26998123526573181,-0,-0.042651064537085275,0.00390625,0.00390625,0,0.00019168853759765625,0,35,35,0,0,0,1,1,1,1,1,1,1,1,1,RUNNING,9.9933819999999951,0.0066180000000048977
157,1.5625657079999999,CURRENT_HOLD,J2_KP100,1,1,1280,1,64,0.050000000000000003,0,0,0,1,1,5.7907910346984863,2.0363643169403076,-0,0,5.7905993461608887,2.0369396209716797,3.0282549748504178e-05,9.0885314108383802e-05,6.0583931928443987e-05,0,-6.0583931928443987e-05,-6.0602764359879624e-05,-0.31906875967979431,0.6626812219619751,0.050405807823926105,0.10468897787505692,0,-0.00390625,-0.024726562201976776,0.00019168853759765625,-0.00057530403137207031,35,35,0,0,0,1,1,1,1,1,1,1,1,1,RUNNING,10.000481999999922,0.00048199999992171172
158,1.5725665769999999,CURRENT_HOLD,J2_KP100,1,1,1280,1,64,0.050000000000000003,0,0,0,1,1,5.7907910346984863,2.0363643169403076,-0,0,5.7905993461608887,2.0365560054779053,3.0282549748504178e-05,3.0282549748504178e-05,3.0282549748504178e-05,0,-3.0282549748504178e-05,0,-0.29452499747276306,-0.049087498337030411,0.046528436180505693,-0.0077547391672464546,0.0078125,0,-0.049453124403953552,0.00019168853759765625,-0.00019168853759765625,35,35,0,0,0,1,1,1,1,1,1,1,1,1,RUNNING,10.000868999999968,0.00086899999996781219
159,1.5825650630000001,CURRENT_HOLD,J2_KP100,1,1,1280,1,64,0.050000000000000003,0,0,0,1,1,5.7907910346984863,2.0363643169403076,-0,0,5.7907910346984863,2.0365560054779053,-0,3.0282549748504178e-05,1.5141274874252089e-05,0,-1.5141274874252089e-05,-3.0282549748504178e-05,0.049087498337030411,0.14726249873638153,-0.0077547391672464546,0.023264218090252847,0.0078125,0.00390625,-0.024726562201976776,0,-0.00019168853759765625,35,35,0,0,0,1,1,1,1,1,1,1,1,1,RUNNING,9.9984860000001952,0.0015139999998048381
160,1.5925678889999999,CURRENT_HOLD,J2_KP100,1,1,1280,1,64,0.050000000000000003,0,0,0,1,1,5.7907910346984863,2.0363643169403076,-0,0,5.790982723236084,2.0363643169403076,-3.0282549748504178e-05,0,-1.5141274874252089e-05,0,1.5141274874252089e-05,-3.0282549748504178e-05,0.31906875967979431,-0.31906875967979431,-0.050405807823926105,-0.050405807823926105,-0.00390625,0.00390625,0.049453124403953552,-0.00019168853759765625,0,35,35,0,0,0,1,1,1,1,1,1,1,1,1,RUNNING,10.002825999999798,0.0028259999997981566
161,1.6025691070000001,CURRENT_HOLD,J2_KP100,1,1,1280,1,64,0.050000000000000003,0,0,0,1,1,5.7907910346984863,2.0363643169403076,-0,0,5.7907910346984863,2.0363643169403076,-0,0,0,0,0,-0,-0.024543749168515205,-0.22089375555515289,0.0038773695836232273,-0.03489632831240623,0.00390625,0,-0.024726562201976776,0,0,35,35,0,0,0,1,1,1,1,1,1,1,1,1,RUNNING,10.0012180000002,0.0012180000002004476
162,1.612565722,CURRENT_HOLD,J2_KP100,1,1,1280,1,64,0.050000000000000003,0,0,0,1,1,5.7907910346984863,2.0363643169403076,-0,0,5.7902159690856934,2.0363643169403076,9.0847649245512528e-05,0,4.5423824622756264e-05,0,-4.5423824622756264e-05,9.0847649245512528e-05,-0.95720624923706055,-0.39269998669624329,0.15121741876367045,-0.062037913337971637,0,0.0078125,0.049453124403953552,0.00057506561279296875,0,35,35,0,0,0,1,1,1,1,1,1,1,1,1,RUNNING,9.996614999999931,0.0033850000000690272
163,1.6225650789999999,CURRENT_HOLD,J2_KP100,1,1,1280,1,64,0.050000000000000003,0,0,0,1,1,5.7907910346984863,2.0363643169403076,-0,0,5.7907910346984863,2.0363643169403076,-0,0,0,0,0,-0,-0.049087498337030411,-0.34361249208450317,0.0077547391672464546,-0.054283174759238662,0,0.00390625,0.024726562201976776,0,0,35,35,0,0,0,1,1,1,1,1,1,1,1,1,RUNNING,9.9993569999998755,0.00064300000012451619
164,1.6325691229999999,CURRENT_HOLD,J2_KP100,1,1,1280,1,64,0.050000000000000003,0,0,0,1,1,5.7907910346984863,2.0363643169403076,-0,0,5.7907910346984863,2.0363643169403076,-0,0,0,0,0,-0,-0.14726249873638153,-0.36815625429153442,0.023264218090252847,-0.05816054640265908,0.00390625,0,-0.024726562201976776,0,0,35,35,0,0,0,1,1,1,1,1,1,1,1,1,RUNNING,10.00404399999999,0.0040439999999897225
165,1.6425716210000001,CURRENT_HOLD,J2_KP100,1,1,1280,1,64,0.050000000000000003,0,0,0,1,1,5.7907910346984863,2.0363643169403076,-0,0,5.7907910346984863,2.0363643169403076,-0,0,0,0,0,-0,-0.12271875143051147,-0.39269998669624329,0.019386848800886359,-0.062037913337971637,0,0.00390625,0.024726562201976776,0,0,35,35,0,0,0,1,1,1,1,1,1,1,1,1,RUNNING,10.002498000000193,0.002498000000192846
166,1.6525669300000001,CURRENT_HOLD,J2_KP100,1,1,1280,1,64,0.050000000000000003,0,0,0,1,1,5.7907910346984863,2.0363643169403076,-0,0,5.7907910346984863,2.0365560054779053,-0,3.0282549748504178e-05,1.5141274874252089e-05,0,-1.5141274874252089e-05,-3.0282549748504178e-05,-0.22089375555515289,-0.098174996674060822,0.03489632831240623,-0.015509478334492909,0,-0.0078125,-0.049453124403953552,0,-0.00019168853759765625,35,35,0,0,0,1,1,1,1,1,1,1,1,1,RUNNING,9.9953090000000078,0.0046909999999922292
167,1.6625708809999999,CURRENT_HOLD,J2_KP100,1,1,1280,1,64,0.050000000000000003,0,0,0,1,1,5.7907910346984863,2.0363643169403076,-0,0,5.790982723236084,2.0363643169403076,-3.0282549748504178e-05,0,-1.5141274874252089e-05,0,1.5141274874252089e-05,-3.0282549748504178e-05,-0.39269998669624329,-0.22089375555515289,0.062037913337971637,-0.03489632831240623,0,0.0078125,0.049453124403953552,-0.00019168853759765625,0,35,35,0,0,0,1,1,1,1,1,1,1,1,1,RUNNING,10.003950999999844,0.0039509999998443845
168,1.672700173,CURRENT_HOLD,J2_KP100,1,1,1280,1,64,0.050000000000000003,0,0,0,1,1,5.7907910346984863,2.0363643169403076,-0,0,5.7905993461608887,2.0365560054779053,3.0282549748504178e-05,3.0282549748504178e-05,3.0282549748504178e-05,0,-3.0282549748504178e-05,0,-0.41724374890327454,0.12271875143051147,0.065915284981392055,0.019386848800886359,0.00390625,0,-0.024726562201976776,0.00019168853759765625,-0.00019168853759765625,35,35,0,0,0,1,1,1,1,1,1,1,1,1,RUNNING,10.129292000000012,0.12929200000001195
169,1.6826978159999999,CURRENT_HOLD,J2_KP100,1,1,1280,1,64,0.050000000000000003,0,0,0,1,1,5.7907910346984863,2.0363643169403076,-0,0,5.7907910346984863,2.0363643169403076,-0,0,0,0,0,-0,-0.073631249368190765,-0.26998123526573181,0.011632109045126423,-0.042651064537085275,0,0.00390625,0.024726562201976776,0,0,35,35,0,0,0,1,1,1,1,1,1,1,1,1,RUNNING,9.997642999999945,0.0023570000000550095
170,1.6926349329999999,CURRENT_HOLD,J2_KP100,1,1,1280,1,64,0.050000000000000003,0,0,0,1,1,5.7907910346984863,2.0363643169403076,-0,0,5.7905993461608887,2.0365560054779053,3.0282549748504178e-05,3.0282549748504178e-05,3.0282549748504178e-05,0,-3.0282549748504178e-05,0,-0.24543750286102295,0.098174996674060822,0.038773697601772718,0.015509478334492909,0.00390625,0.00390625,0,0.00019168853759765625,-0.00019168853759765625,35,35,0,0,0,1,1,1,1,1,1,1,1,1,RUNNING,9.9371169999999953,0.062883000000004685
171,1.7026396479999999,CURRENT_HOLD,J2_KP100,1,1,1280,1,64,0.050000000000000003,0,0,0,1,1,5.7907910346984863,2.0363643169403076,-0,0,5.7907910346984863,2.0365560054779053,-0,3.0282549748504178e-05,1.5141274874252089e-05,0,-1.5141274874252089e-05,-3.0282549748504178e-05,-0.073631249368190765,-0.049087498337030411,0.011632109045126423,-0.0077547391672464546,0,-0.00390625,-0.024726562201976776,0,-0.00019168853759765625,35,35,0,0,0,1,1,1,1,1,1,1,1,1,RUNNING,10.004714999999997,0.0047149999999973602
172,1.7127042290000001,CURRENT_HOLD,J2_KP100,1,1,1280,1,64,0.050000000000000003,0,0,0,1,1,5.7907910346984863,2.0363643169403076,-0,0,5.790407657623291,2.0363643169403076,6.0565099497008357e-05,0,3.0282549748504178e-05,0,-3.0282549748504178e-05,6.0565099497008357e-05,-0.58904999494552612,-0.53996247053146362,0.093056872361011386,-0.085302129074170549,0,0,0,0.0003833770751953125,0,35,35,0,0,0,1,1,1,1,1,1,1,1,1,RUNNING,10.064581000000183,0.064581000000183408
173,1.7225682040000001,CURRENT_HOLD,J2_KP100,1,1,1280,1,64,0.050000000000000003,0,0,0,1,1,5.7907910346984863,2.0363643169403076,-0,0,5.7907910346984863,2.0365560054779053,-0,3.0282549748504178e-05,1.5141274874252089e-05,0,-1.5141274874252089e-05,-3.0282549748504178e-05,-0.34361249208450317,0.049087498337030411,0.054283174759238662,0.0077547391672464546,0.0078125,0.0078125,0,0,-0.00019168853759765625,35,35,0,0,0,1,1,1,1,1,1,1,1,1,RUNNING,9.8639750000000248,0.13602499999997519
174,1.7326047499999999,CURRENT_HOLD,J2_KP100,1,1,1280,1,64,0.050000000000000003,0,0,0,1,1,5.7907910346984863,2.0363643169403076,-0,0,5.7907910346984863,2.0363643169403076,-0,0,0,0,0,-0,0,-0.24543750286102295,-0,-0.038773697601772718,0.00390625,-0.00390625,-0.049453124403953552,0,0,35,35,0,0,0,1,1,1,1,1,1,1,1,1,RUNNING,10.036545999999813,0.036545999999813006
175,1.7426145909999999,CURRENT_HOLD,J2_KP100,1,1,1280,1,64,0.050000000000000003,0,0,0,1,1,5.7907910346984863,2.0363643169403076,-0,0,5.7905993461608887,2.0365560054779053,3.0282549748504178e-05,3.0282549748504178e-05,3.0282549748504178e-05,0,-3.0282549748504178e-05,0,-0.36815625429153442,0.049087498337030411,0.05816054640265908,0.0077547391672464546,0,-0.00390625,-0.024726562201976776,0.00019168853759765625,-0.00019168853759765625,35,35,0,0,0,1,1,1,1,1,1,1,1,1,RUNNING,10.009841000000019,0.0098410000000193065
176,1.75262841,CURRENT_HOLD,J2_KP100,1,1,1280,1,64,0.050000000000000003,0,0,0,1,1,5.7907910346984863,2.0363643169403076,-0,0,5.7905993461608887,2.0365560054779053,3.0282549748504178e-05,3.0282549748504178e-05,3.0282549748504178e-05,0,-3.0282549748504178e-05,0,-0.39269998669624329,-0.29452499747276306,0.062037913337971637,-0.046528436180505693,0.00390625,0,-0.024726562201976776,0.00019168853759765625,-0.00019168853759765625,35,35,0,0,0,1,1,1,1,1,1,1,1,1,RUNNING,10.01381900000009,0.013819000000090398
177,1.7625682250000001,CURRENT_HOLD,J2_KP100,1,1,1280,1,64,0.050000000000000003,0,0,0,1,1,5.7907910346984863,2.0363643169403076,-0,0,5.7907910346984863,2.0365560054779053,-0,3.0282549748504178e-05,1.5141274874252089e-05,0,-1.5141274874252089e-05,-3.0282549748504178e-05,0.049087498337030411,-0.024543749168515205,-0.0077547391672464546,-0.0038773695836232273,0,0.00390625,0.024726562201976776,0,-0.00019168853759765625,35,35,0,0,0,1,1,1,1,1,1,1,1,1,RUNNING,9.939815000000074,0.060184999999925992
178,1.7726072719999999,CURRENT_HOLD,J2_KP100,1,1,1280,1,64,0.050000000000000003,0,0,0,1,1,5.7907910346984863,2.0363643169403076,-0,0,5.7905993461608887,2.0363643169403076,3.0282549748504178e-05,0,1.5141274874252089e-05,0,-1.5141274874252089e-05,3.0282549748504178e-05,-0.049087498337030411,-0.24543750286102295,0.0077547391672464546,-0.038773697601772718,0.0078125,0,-0.049453124403953552,0.00019168853759765625,0,35,35,0,0,0,1,1,1,1,1,1,1,1,1,RUNNING,10.039046999999801,0.039046999999801102
179,1.782568406,CURRENT_HOLD,J2_KP100,1,1,1280,1,64,0.050000000000000003,0,0,0,1,1,5.7907910346984863,2.0363643169403076,-0,0,5.7907910346984863,2.0365560054779053,-0,3.0282549748504178e-05,1.5141274874252089e-05,0,-1.5141274874252089e-05,-3.0282549748504178e-05,0.12271875143051147,-0.14726249873638153,-0.019386848800886359,-0.023264218090252847,0.0078125,0.00390625,-0.024726562201976776,0,-0.00019168853759765625,35,35,0,0,0,1,1,1,1,1,1,1,1,1,RUNNING,9.9611340000000936,0.038865999999906364
180,1.7926027389999999,CURRENT_HOLD,J2_KP100,1,1,1280,1,64,0.050000000000000003,0,0,0,1,1,5.7907910346984863,2.0363643169403076,-0,0,5.7907910346984863,2.0363643169403076,-0,0,0,0,0,-0,0,-0.024543749168515205,-0,-0.0038773695836232273,0.00390625,0,-0.024726562201976776,0,0,35,35,0,0,0,1,1,1,1,1,1,1,1,1,RUNNING,10.034332999999895,0.034332999999895364
181,1.802696911,CURRENT_HOLD,J2_KP100,1,1,1280,1,64,0.050000000000000003,0,0,0,1,1,5.7907910346984863,2.0363643169403076,-0,0,5.7907910346984863,2.0365560054779053,-0,3.0282549748504178e-05,1.5141274874252089e-05,0,-1.5141274874252089e-05,-3.0282549748504178e-05,0,0.049087498337030411,-0,0.0077547391672464546,0.00390625,0,-0.024726562201976776,0,-0.00019168853759765625,35,35,0,0,0,1,1,1,1,1,1,1,1,1,RUNNING,10.094172000000068,0.094172000000067868
182,1.8128201859999999,CURRENT_HOLD,J2_KP100,1,1,1280,1,64,0.050000000000000003,0,0,0,1,1,5.7907910346984863,2.0363643169403076,-0,0,5.7905993461608887,2.0363643169403076,3.0282549748504178e-05,0,1.5141274874252089e-05,0,-1.5141274874252089e-05,3.0282549748504178e-05,-0.41724374890327454,-0.12271875143051147,0.065915284981392055,-0.019386848800886359,0.00390625,0.00390625,0,0.00019168853759765625,0,35,35,0,0,0,1,1,1,1,1,1,1,1,1,RUNNING,10.123274999999987,0.12327499999998714
183,1.8227414019999999,CURRENT_HOLD,J2_KP100,1,1,1280,1,64,0.050000000000000003,0,0,0,1,1,5.7907910346984863,2.0363643169403076,-0,0,5.7905993461608887,2.03617262840271,3.0282549748504178e-05,-3.0282549748504178e-05,0,0,0,6.0565099497008357e-05,-0.39269998669624329,-0.56450623273849487,0.062037913337971637,-0.089179500717590968,0,0.00390625,0.024726562201976776,0.00019168853759765625,0.00019168853759765625,35,35,0,0,0,1,1,1,1,1,1,1,1,1,RUNNING,9.921215999999955,0.07878400000004504
184,1.8327289179999999,CURRENT_HOLD,J2_KP100,1,1,1280,1,64,0.050000000000000003,0,0,0,1,1,5.7907910346984863,2.0363643169403076,-0,0,5.7907910346984863,2.0363643169403076,-0,0,0,0,0,-0,-0.12271875143051147,0,0.019386848800886359,0,0,-0.00390625,-0.024726562201976776,0,0,35,35,0,0,0,1,1,1,1,1,1,1,1,1,RUNNING,9.9875160000000296,0.012483999999970408
185,1.8426952029999999,CURRENT_HOLD,J2_KP100,1,1,1280,1,64,0.050000000000000003,0,0,0,1,1,5.7907910346984863,2.0363643169403076,-0,0,5.7905993461608887,2.0365560054779053,3.0282549748504178e-05,3.0282549748504178e-05,3.0282549748504178e-05,0,-3.0282549748504178e-05,0,-0.29452499747276306,0.049087498337030411,0.046528436180505693,0.0077547391672464546,0,0,0,0.00019168853759765625,-0.00019168853759765625,35,35,0,0,0,1,1,1,1,1,1,1,1,1,RUNNING,9.9662849999999636,0.033715000000036355
186,1.852601618,CURRENT_HOLD,J2_KP100,1,1,1280,1,64,0.050000000000000003,0,0,0,1,1,5.7907910346984863,2.0363643169403076,-0,0,5.7905993461608887,2.0363643169403076,3.0282549748504178e-05,0,1.5141274874252089e-05,0,-1.5141274874252089e-05,3.0282549748504178e-05,-0.36815625429153442,-0.24543750286102295,0.05816054640265908,-0.038773697601772718,0.00390625,0.00390625,0,0.00019168853759765625,0,35,35,0,0,0,1,1,1,1,1,1,1,1,1,RUNNING,9.9064150000001128,0.093584999999887231
187,1.862573064,CURRENT_HOLD,J2_KP100,1,1,1280,1,64,0.050000000000000003,0,0,0,1,1,5.7907910346984863,2.0363643169403076,-0,0,5.7907910346984863,2.0363643169403076,-0,0,0,0,0,-0,0.073631249368190765,-0.24543750286102295,-0.011632109045126423,-0.038773697601772718,0.00390625,0.00390625,0,0,0,35,35,0,0,0,1,1,1,1,1,1,1,1,1,RUNNING,9.9714459999999949,0.028554000000005075
188,1.8727904660000001,CURRENT_HOLD,J2_KP100,1,1,1280,1,64,0.050000000000000003,0,0,0,1,1,5.7907910346984863,2.0363643169403076,-0,0,5.7907910346984863,2.0365560054779053,-0,3.0282549748504178e-05,1.5141274874252089e-05,0,-1.5141274874252089e-05,-3.0282549748504178e-05,0,0.073631249368190765,-0,0.011632109045126423,0,0.00390625,0.024726562201976776,0,-0.00019168853759765625,35,35,0,0,0,1,1,1,1,1,1,1,1,1,RUNNING,10.217402000000098,0.21740200000009757
189,1.8827048,CURRENT_HOLD,J2_KP100,1,1,1280,1,64,0.050000000000000003,0,0,0,1,1,5.7907910346984863,2.0363643169403076,-0,0,5.7907910346984863,2.0365560054779053,-0,3.0282549748504178e-05,1.5141274874252089e-05,0,-1.5141274874252089e-05,-3.0282549748504178e-05,0.024543749168515205,-0.22089375555515289,-0.0038773695836232273,-0.03489632831240623,0.00390625,-0.00390625,-0.049453124403953552,0,-0.00019168853759765625,35,35,0,0,0,1,1,1,1,1,1,1,1,1,RUNNING,9.9143339999998581,0.085666000000141906
190,1.8926774559999999,CURRENT_HOLD,J2_KP100,1,1,1280,1,64,0.050000000000000003,0,0,0,1,1,5.7907910346984863,2.0363643169403076,-0,0,5.7907910346984863,2.0363643169403076,-0,0,0,0,0,-0,0.024543749168515205,-0.17180624604225159,-0.0038773695836232273,-0.027141587379619331,0.00390625,0.00390625,0,0,0,35,35,0,0,0,1,1,1,1,1,1,1,1,1,RUNNING,9.9726559999999687,0.027344000000031343
191,1.902715886,CURRENT_HOLD,J2_KP100,1,1,1280,1,64,0.050000000000000003,0,0,0,1,1,5.7907910346984863,2.0363643169403076,-0,0,5.7905993461608887,2.0365560054779053,3.0282549748504178e-05,3.0282549748504178e-05,3.0282549748504178e-05,0,-3.0282549748504178e-05,0,-0.34361249208450317,0.024543749168515205,0.054283174759238662,0.0038773695836232273,0.0078125,0,-0.049453124403953552,0.00019168853759765625,-0.00019168853759765625,35,35,0,0,0,1,1,1,1,1,1,1,1,1,RUNNING,10.038430000000043,0.038430000000042597
192,1.9126969279999999,CURRENT_HOLD,J2_KP100,1,1,1280,1,64,0.050000000000000003,0,0,0,1,1,5.7907910346984863,2.0363643169403076,-0,0,5.7905993461608887,2.0363643169403076,3.0282549748504178e-05,0,1.5141274874252089e-05,0,-1.5141274874252089e-05,3.0282549748504178e-05,-0.44178751111030579,-0.24543750286102295,0.06979265662481246,-0.038773697601772718,0.00390625,0.00390625,0,0.00019168853759765625,0,35,35,0,0,0,1,1,1,1,1,1,1,1,1,RUNNING,9.98104199999994,0.018958000000059982
193,1.922801993,CURRENT_HOLD,J2_KP100,1,1,1280,1,64,0.050000000000000003,0,0,0,1,1,5.7907910346984863,2.0363643169403076,-0,0,5.7905993461608887,2.0363643169403076,3.0282549748504178e-05,0,1.5141274874252089e-05,0,-1.5141274874252089e-05,3.0282549748504178e-05,-0.29452499747276306,-0.34361249208450317,0.046528436180505693,-0.054283174759238662,0.00390625,0,-0.024726562201976776,0.00019168853759765625,0,35,35,0,0,0,1,1,1,1,1,1,1,1,1,RUNNING,10.10506500000008,0.10506500000007968
194,1.9326814539999999,CURRENT_HOLD,J2_KP100,1,1,1280,1,64,0.050000000000000003,0,0,0,1,1,5.7907910346984863,2.0363643169403076,-0,0,5.7907910346984863,2.0365560054779053,-0,3.0282549748504178e-05,1.5141274874252089e-05,0,-1.5141274874252089e-05,-3.0282549748504178e-05,0,-0.024543749168515205,-0,-0.0038773695836232273,0.0078125,0,-0.049453124403953552,0,-0.00019168853759765625,35,35,0,0,0,1,1,1,1,1,1,1,1,1,RUNNING,9.8794609999999228,0.12053900000007722
195,1.9427175729999999,CURRENT_HOLD,J2_KP100,1,1,1280,1,64,0.050000000000000003,0,0,0,1,1,5.7907910346984863,2.0363643169403076,-0,0,5.7905993461608887,2.0363643169403076,3.0282549748504178e-05,0,1.5141274874252089e-05,0,-1.5141274874252089e-05,3.0282549748504178e-05,-0.36815625429153442,-0.36815625429153442,0.05816054640265908,-0.05816054640265908,0.00390625,0,-0.024726562201976776,0.00019168853759765625,0,35,35,0,0,0,1,1,1,1,1,1,1,1,1,RUNNING,10.03611900000001,0.036119000000010004
196,1.952701156,CURRENT_HOLD,J2_KP100,1,1,1280,1,64,0.050000000000000003,0,0,0,1,1,5.7907910346984863,2.0363643169403076,-0,0,5.7907910346984863,2.03617262840271,-0,-3.0282549748504178e-05,-1.5141274874252089e-05,0,1.5141274874252089e-05,3.0282549748504178e-05,0,-0.7117687463760376,-0,-0.11244372116189774,0.00390625,0.00390625,0,0,0.00019168853759765625,35,35,0,0,0,1,1,1,1,1,1,1,1,1,RUNNING,9.9835830000001291,0.016416999999870896
197,1.9626819280000001,CURRENT_HOLD,J2_KP100,1,1,1280,1,64,0.050000000000000003,0,0,0,1,1,5.7907910346984863,2.0363643169403076,-0,0,5.7905993461608887,2.0363643169403076,3.0282549748504178e-05,0,1.5141274874252089e-05,0,-1.5141274874252089e-05,3.0282549748504178e-05,-0.26998123526573181,-0.24543750286102295,0.042651064537085275,-0.038773697601772718,0.00390625,0.00390625,0,0.00019168853759765625,0,35,35,0,0,0,1,1,1,1,1,1,1,1,1,RUNNING,9.9807720000000266,0.019227999999973377
198,1.9725669379999999,CURRENT_HOLD,J2_KP100,1,1,1280,1,64,0.050000000000000003,0,0,0,1,1,5.7907910346984863,2.0363643169403076,-0,0,5.7907910346984863,2.0367476940155029,-0,6.0565099497008357e-05,3.0282549748504178e-05,0,-3.0282549748504178e-05,-6.0565099497008357e-05,0.12271875143051147,0.36815625429153442,-0.019386848800886359,0.05816054640265908,0.00390625,0,-0.024726562201976776,0,-0.0003833770751953125,35,35,0,0,0,1,1,1,1,1,1,1,1,1,RUNNING,9.8850099999998609,0.11499000000013915
199,1.9826995890000001,CURRENT_HOLD,J2_KP100,1,1,1280,1,64,0.050000000000000003,0,0,0,1,1,5.7907910346984863,2.0363643169403076,-0,0,5.7905993461608887,2.0363643169403076,3.0282549748504178e-05,0,1.5141274874252089e-05,0,-1.5141274874252089e-05,3.0282549748504178e-05,0.049087498337030411,-0.29452499747276306,-0.0077547391672464546,-0.046528436180505693,0.0078125,0,-0.049453124403953552,0.00019168853759765625,0,35,35,0,0,0,1,1,1,1,1,1,1,1,1,RUNNING,10.132651000000159,0.13265100000015906
200,1.9926778110000001,CURRENT_HOLD,J2_KP100,1,1,1280,1,64,0.050000000000000003,0,0,0,1,1,5.7907910346984863,2.0363643169403076,-0,0,5.7905993461608887,2.0363643169403076,3.0282549748504178e-05,0,1.5141274874252089e-05,0,-1.5141274874252089e-05,3.0282549748504178e-05,-0.34361249208450317,-0.24543750286102295,0.054283174759238662,-0.038773697601772718,0.00390625,0,-0.024726562201976776,0.00019168853759765625,0,35,35,0,0,0,1,1,1,1,1,1,1,1,1,RUNNING,9.9782219999999811,0.021778000000018949
201,2.002683931,CURRENT_HOLD,J2_KP100,1,1,1280,1,64,0.050000000000000003,0,0,0,1,1,5.7907910346984863,2.0363643169403076,-0,0,5.7907910346984863,2.0365560054779053,-0,3.0282549748504178e-05,1.5141274874252089e-05,0,-1.5141274874252089e-05,-3.0282549748504178e-05,-0.073631249368190765,0.024543749168515205,0.011632109045126423,0.0038773695836232273,0.00390625,0,-0.024726562201976776,0,-0.00019168853759765625,35,35,0,0,0,1,1,1,1,1,1,1,1,1,RUNNING,10.006119999999896,0.0061199999998962085
202,2.0127114430000002,CURRENT_HOLD,J2_KP100,1,1,1280,1,64,0.050000000000000003,0,0,0,1,1,5.7907910346984863,2.0363643169403076,-0,0,5.7907910346984863,2.0365560054779053,-0,3.0282549748504178e-05,1.5141274874252089e-05,0,-1.5141274874252089e-05,-3.0282549748504178e-05,0,-0.073631249368190765,-0,-0.011632109045126423,0.00390625,-0.00390625,-0.049453124403953552,0,-0.00019168853759765625,35,35,0,0,0,1,1,1,1,1,1,1,1,1,RUNNING,10.027512000000183,0.027512000000182724
203,2.0226996530000001,CURRENT_HOLD,J2_KP100,1,1,1280,1,64,0.050000000000000003,0,0,0,1,1,5.7907910346984863,2.0363643169403076,-0,0,5.7905993461608887,2.0363643169403076,3.0282549748504178e-05,0,1.5141274874252089e-05,0,-1.5141274874252089e-05,3.0282549748504178e-05,0,-0.46633124351501465,-0,-0.073670023560125017,0,-0.00390625,-0.024726562201976776,0.00019168853759765625,0,35,35,0,0,0,1,1,1,1,1,1,1,1,1,RUNNING,9.9882099999999419,0.011790000000058143
204,2.0325671650000001,CURRENT_HOLD,J2_KP100,1,1,1280,1,64,0.050000000000000003,0,0,0,1,1,5.7907910346984863,2.0363643169403076,-0,0,5.7905993461608887,2.0365560054779053,3.0282549748504178e-05,3.0282549748504178e-05,3.0282549748504178e-05,0,-3.0282549748504178e-05,0,-0.39269998669624329,0,0.062037913337971637,0,0.00390625,-0.00390625,-0.049453124403953552,0.00019168853759765625,-0.00019168853759765625,35,35,0,0,0,1,1,1,1,1,1,1,1,1,RUNNING,9.8675120000000227,0.13248799999997729
205,2.042687532,CURRENT_HOLD,J2_KP100,1,1,1280,1,64,0.050000000000000003,0,0,0,1,1,5.7907910346984863,2.0363643169403076,-0,0,5.7907910346984863,2.0365560054779053,-0,3.0282549748504178e-05,1.5141274874252089e-05,0,-1.5141274874252089e-05,-3.0282549748504178e-05,0.073631249368190765,-0.098174996674060822,-0.011632109045126423,-0.015509478334492909,0.01171875,0,-0.074179686605930328,0,-0.00019168853759765625,35,35,0,0,0,1,1,1,1,1,1,1,1,1,RUNNING,10.120366999999852,0.12036699999985245
206,2.0527593720000001,CURRENT_HOLD,J2_KP100,1,1,1280,1,64,0.050000000000000003,0,0,0,1,1,5.7907910346984863,2.0363643169403076,-0,0,5.7905993461608887,2.0365560054779053,3.0282549748504178e-05,3.0282549748504178e-05,3.0282549748504178e-05,0,-3.0282549748504178e-05,0,0.049087498337030411,-0.17180624604225159,-0.0077547391672464546,-0.027141587379619331,0.00390625,0.00390625,0,0.00019168853759765625,-0.00019168853759765625,35,35,0,0,0,1,1,1,1,1,1,1,1,1,RUNNING,10.071840000000165,0.071840000000165105
207,2.062667255,CURRENT_HOLD,J2_KP100,1,1,1280,1,64,0.050000000000000003,0,0,0,1,1,5.7907910346984863,2.0363643169403076,-0,0,5.7905993461608887,2.0365560054779053,3.0282549748504178e-05,3.0282549748504178e-05,3.0282549748504178e-05,0,-3.0282549748504178e-05,0,-0.24543750286102295,-0.12271875143051147,0.038773697601772718,-0.019386848800886359,0.00390625,0.0078125,0.024726562201976776,0.00019168853759765625,-0.00019168853759765625,35,35,0,0,0,1,1,1,1,1,1,1,1,1,RUNNING,9.9078829999998952,0.092117000000104809
208,2.072684142,CURRENT_HOLD,J2_KP100,1,1,1280,1,64,0.050000000000000003,0,0,0,1,1,5.7907910346984863,2.0363643169403076,-0,0,5.7905993461608887,2.0365560054779053,3.0282549748504178e-05,3.0282549748504178e-05,3.0282549748504178e-05,0,-3.0282549748504178e-05,0,-0.31906875967979431,-0.098174996674060822,0.050405807823926105,-0.015509478334492909,0.0078125,0.00390625,-0.024726562201976776,0.00019168853759765625,-0.00019168853759765625,35,35,0,0,0,1,1,1,1,1,1,1,1,1,RUNNING,10.016886999999919,0.016886999999918828
209,2.0827308740000001,CURRENT_HOLD,J2_KP100,1,1,1280,1,64,0.050000000000000003,0,0,0,1,1,5.7907910346984863,2.0363643169403076,-0,0,5.7905993461608887,2.0365560054779053,3.0282549748504178e-05,3.0282549748504178e-05,3.0282549748504178e-05,0,-3.0282549748504178e-05,0,-0.26998123526573181,-0.049087498337030411,0.042651064537085275,-0.0077547391672464546,0,0,0,0.00019168853759765625,-0.00019168853759765625,35,35,0,0,0,1,1,1,1,1,1,1,1,1,RUNNING,10.046732000000169,0.046732000000169194
210,2.0926716339999998,CURRENT_HOLD,J2_KP100,1,1,1280,1,64,0.050000000000000003,0,0,0,1,1,5.7907910346984863,2.0363643169403076,-0,0,5.7907910346984863,2.0363643169403076,-0,0,0,0,0,-0,0.024543749168515205,-0.34361249208450317,-0.0038773695836232273,-0.054283174759238662,0.00390625,0,-0.024726562201976776,0,0,35,35,0,0,0,1,1,1,1,1,1,1,1,1,RUNNING,9.9407599999996599,0.059240000000340132
211,2.1026759319999999,CURRENT_HOLD,J2_KP100,1,1,1280,1,64,0.050000000000000003,0,0,0,1,1,5.7907910346984863,2.0363643169403076,-0,0,5.7905993461608887,2.0365560054779053,3.0282549748504178e-05,3.0282549748504178e-05,3.0282549748504178e-05,0,-3.0282549748504178e-05,0,-0.34361249208450317,-0.098174996674060822,0.054283174759238662,-0.015509478334492909,0.0078125,0,-0.049453124403953552,0.00019168853759765625,-0.00019168853759765625,35,35,0,0,0,1,1,1,1,1,1,1,1,1,RUNNING,10.004298000000134,0.0042980000001335839
212,2.1127751429999999,CURRENT_HOLD,J2_KP100,1,1,1280,1,64,0.050000000000000003,0,0,0,1,1,5.7907910346984863,2.0363643169403076,-0,0,5.7905993461608887,2.0363643169403076,3.0282549748504178e-05,0,1.5141274874252089e-05,0,-1.5141274874252089e-05,3.0282549748504178e-05,-0.29452499747276306,-0.46633124351501465,0.046528436180505693,-0.073670023560125017,0,0,0,0.00019168853759765625,0,35,35,0,0,0,1,1,1,1,1,1,1,1,1,RUNNING,10.099210999999997,0.09921099999999683
213,2.1226946020000002,CURRENT_HOLD,J2_KP100,1,1,1280,1,64,0.050000000000000003,0,0,0,1,1,5.7907910346984863,2.0363643169403076,-0,0,5.7905993461608887,2.0367476940155029,3.0282549748504178e-05,6.0565099497008357e-05,4.5423824622756271e-05,0,-4.5423824622756271e-05,-3.0282549748504178e-05,-0.29452499747276306,0.12271875143051147,0.046528436180505693,0.019386848800886359,0.0078125,0,-0.049453124403953552,0.00019168853759765625,-0.0003833770751953125,35,35,0,0,0,1,1,1,1,1,1,1,1,1,RUNNING,9.9194590000002414,0.080540999999758611
214,2.1326982129999998,CURRENT_HOLD,J2_KP100,1,1,1280,1,64,0.050000000000000003,0,0,0,1,1,5.7907910346984863,2.0363643169403076,-0,0,5.7905993461608887,2.0367476940155029,3.0282549748504178e-05,6.0565099497008357e-05,4.5423824622756271e-05,0,-4.5423824622756271e-05,-3.0282549748504178e-05,-0.31906875967979431,0.22089375555515289,0.050405807823926105,0.03489632831240623,0,0,0,0.00019168853759765625,-0.0003833770751953125,35,35,0,0,0,1,1,1,1,1,1,1,1,1,RUNNING,10.00361099999969,0.0036109999996902786
215,2.142678327,CURRENT_HOLD,J2_KP100,1,1,1280,1,64,0.050000000000000003,0,0,0,1,1,5.7907910346984863,2.0363643169403076,-0,0,5.7905993461608887,2.0363643169403076,3.0282549748504178e-05,0,1.5141274874252089e-05,0,-1.5141274874252089e-05,3.0282549748504178e-05,-0.24543750286102295,-0.26998123526573181,0.038773697601772718,-0.042651064537085275,-0.00390625,0.01953125,0.14835937321186066,0.00019168853759765625,0,35,35,0,0,0,1,1,1,1,1,1,1,1,1,RUNNING,9.9801140000002064,0.019885999999793569
216,2.152699025,CURRENT_HOLD,J2_KP100,1,1,1280,1,64,0.050000000000000003,0,0,0,1,1,5.7907910346984863,2.0363643169403076,-0,0,5.7907910346984863,2.0365560054779053,-0,3.0282549748504178e-05,1.5141274874252089e-05,0,-1.5141274874252089e-05,-3.0282549748504178e-05,-0.31906875967979431,0.024543749168515205,0.050405807823926105,0.0038773695836232273,0,0,0,0,-0.00019168853759765625,35,35,0,0,0,1,1,1,1,1,1,1,1,1,RUNNING,10.020697999999939,0.020697999999939043
217,2.1626974130000001,CURRENT_HOLD,J2_KP100,1,1,1280,1,64,0.050000000000000003,0,0,0,1,1,5.7907910346984863,2.0363643169403076,-0,0,5.7905993461608887,2.0365560054779053,3.0282549748504178e-05,3.0282549748504178e-05,3.0282549748504178e-05,0,-3.0282549748504178e-05,0,-0.26998123526573181,-0.14726249873638153,0.042651064537085275,-0.023264218090252847,0.00390625,0.00390625,0,0.00019168853759765625,-0.00019168853759765625,35,35,0,0,0,1,1,1,1,1,1,1,1,1,RUNNING,9.9983880000000802,0.0016119999999197887
218,2.1727079699999998,CURRENT_HOLD,J2_KP100,1,1,1280,1,64,0.050000000000000003,0,0,0,1,1,5.7907910346984863,2.0363643169403076,-0,0,5.7907910346984863,2.0365560054779053,-0,3.0282549748504178e-05,1.5141274874252089e-05,0,-1.5141274874252089e-05,-3.0282549748504178e-05,0.098174996674060822,-0.17180624604225159,-0.015509478334492909,-0.027141587379619331,0.0078125,0,-0.049453124403953552,0,-0.00019168853759765625,35,35,0,0,0,1,1,1,1,1,1,1,1,1,RUNNING,10.010556999999753,0.010556999999753458
219,2.182568786,CURRENT_HOLD,J2_KP100,1,1,1280,1,64,0.050000000000000003,0,0,0,1,1,5.7907910346984863,2.0363643169403076,-0,0,5.7905993461608887,2.0365560054779053,3.0282549748504178e-05,3.0282549748504178e-05,3.0282549748504178e-05,0,-3.0282549748504178e-05,0,-0.29452499747276306,-0.098174996674060822,0.046528436180505693,-0.015509478334492909,0,0.00390625,0.024726562201976776,0.00019168853759765625,-0.00019168853759765625,35,35,0,0,0,1,1,1,1,1,1,1,1,1,RUNNING,9.8608160000002165,0.13918399999978348
220,2.1927135309999999,CURRENT_HOLD,J2_KP100,1,1,1280,1,64,0.050000000000000003,0,0,0,1,1,5.7907910346984863,2.0363643169403076,-0,0,5.7907910346984863,2.0365560054779053,-0,3.0282549748504178e-05,1.5141274874252089e-05,0,-1.5141274874252089e-05,-3.0282549748504178e-05,0.073631249368190765,-0.17180624604225159,-0.011632109045126423,-0.027141587379619331,0.00390625,-0.00390625,-0.049453124403953552,0,-0.00019168853759765625,35,35,0,0,0,1,1,1,1,1,1,1,1,1,RUNNING,10.144744999999844,0.14474499999984403
221,2.2026857450000001,CURRENT_HOLD,J2_KP100,1,1,1280,1,64,0.050000000000000003,0,0,0,1,1,5.7907910346984863,2.0363643169403076,-0,0,5.7905993461608887,2.0365560054779053,3.0282549748504178e-05,3.0282549748504178e-05,3.0282549748504178e-05,0,-3.0282549748504178e-05,0,-0.26998123526573181,-0.024543749168515205,0.042651064537085275,-0.0038773695836232273,0.0078125,0,-0.049453124403953552,0.00019168853759765625,-0.00019168853759765625,35,35,0,0,0,1,1,1,1,1,1,1,1,1,RUNNING,9.9722140000002568,0.027785999999743183
222,2.2125689739999999,CURRENT_HOLD,J2_KP100,1,1,1280,1,64,0.050000000000000003,0,0,0,1,1,5.7907910346984863,2.0363643169403076,-0,0,5.7907910346984863,2.0365560054779053,-0,3.0282549748504178e-05,1.5141274874252089e-05,0,-1.5141274874252089e-05,-3.0282549748504178e-05,-0.19634999334812164,-0.024543749168515205,0.031018956668985818,-0.0038773695836232273,0.00390625,0.00390625,0,0,-0.00019168853759765625,35,35,0,0,0,1,1,1,1,1,1,1,1,1,RUNNING,9.8832289999997158,0.11677100000028418
223,2.2226817529999998,CURRENT_HOLD,J2_KP100,1,1,1280,1,64,0.050000000000000003,0,0,0,1,1,5.7907910346984863,2.0363643169403076,-0,0,5.7907910346984863,2.0365560054779053,-0,3.0282549748504178e-05,1.5141274874252089e-05,0,-1.5141274874252089e-05,-3.0282549748504178e-05,0.098174996674060822,-0.17180624604225159,-0.015509478334492909,-0.027141587379619331,0.00390625,0.00390625,0,0,-0.00019168853759765625,35,35,0,0,0,1,1,1,1,1,1,1,1,1,RUNNING,10.112778999999961,0.11277899999996066
224,2.2325657410000002,CURRENT_HOLD,J2_KP100,1,1,1280,1,64,0.050000000000000003,0,0,0,1,1,5.7907910346984863,2.0363643169403076,-0,0,5.790407657623291,2.0365560054779053,6.0565099497008357e-05,3.0282549748504178e-05,4.5423824622756271e-05,0,-4.5423824622756271e-05,3.0282549748504178e-05,-0.4908750057220459,-0.12271875143051147,0.077547395203545436,-0.019386848800886359,0.0078125,-0.00390625,-0.074179686605930328,0.0003833770751953125,-0.00019168853759765625,35,35,0,0,0,1,1,1,1,1,1,1,1,1,RUNNING,9.8839880000003433,0.11601199999965672
225,2.2425675709999999,CURRENT_HOLD,J2_KP100,1,1,1280,1,64,0.050000000000000003,0,0,0,1,1,5.7907910346984863,2.0363643169403076,-0,0,5.7905993461608887,2.0365560054779053,3.0282549748504178e-05,3.0282549748504178e-05,3.0282549748504178e-05,0,-3.0282549748504178e-05,0,-0.24543750286102295,0.024543749168515205,0.038773697601772718,0.0038773695836232273,0.0078125,0,-0.049453124403953552,0.00019168853759765625,-0.00019168853759765625,35,35,0,0,0,1,1,1,1,1,1,1,1,1,RUNNING,10.001829999999767,0.0018299999997672955
226,2.2525663470000001,CURRENT_HOLD,J2_KP100,1,1,1280,1,64,0.050000000000000003,0,0,0,1,1,5.7907910346984863,2.0363643169403076,-0,0,5.7907910346984863,2.0365560054779053,-0,3.0282549748504178e-05,1.5141274874252089e-05,0,-1.5141274874252089e-05,-3.0282549748504178e-05,0.12271875143051147,-0.049087498337030411,-0.019386848800886359,-0.0077547391672464546,0.00390625,-0.00390625,-0.049453124403953552,0,-0.00019168853759765625,35,35,0,0,0,1,1,1,1,1,1,1,1,1,RUNNING,9.9987760000002091,0.0012239999997909479
227,2.2625670800000002,CURRENT_HOLD,J2_KP100,1,1,1280,1,64,0.050000000000000003,0,0,0,1,1,5.7907910346984863,2.0363643169403076,-0,0,5.7905993461608887,2.0365560054779053,3.0282549748504178e-05,3.0282549748504178e-05,3.0282549748504178e-05,0,-3.0282549748504178e-05,0,-0.34361249208450317,-0.19634999334812164,0.054283174759238662,-0.031018956668985818,0,0.00390625,0.024726562201976776,0.00019168853759765625,-0.00019168853759765625,35,35,0,0,0,1,1,1,1,1,1,1,1,1,RUNNING,10.000733000000039,0.00073300000003939658
228,2.2726042450000001,CURRENT_HOLD,J2_KP100,1,1,1280,1,64,0.050000000000000003,0,0,0,1,1,5.7907910346984863,2.0363643169403076,-0,0,5.790407657623291,2.0365560054779053,6.0565099497008357e-05,3.0282549748504178e-05,4.5423824622756271e-05,0,-4.5423824622756271e-05,3.0282549748504178e-05,-0.68722498416900635,-0.22089375555515289,0.10856634951847732,-0.03489632831240623,0.00390625,0,-0.024726562201976776,0.0003833770751953125,-0.00019168853759765625,35,35,0,0,0,1,1,1,1,1,1,1,1,1,RUNNING,10.037164999999959,0.037164999999959036
229,2.282567507,CURRENT_HOLD,J2_KP100,1,1,1280,1,64,0.050000000000000003,0,0,0,1,1,5.7907910346984863,2.0363643169403076,-0,0,5.7907910346984863,2.0363643169403076,-0,0,0,0,0,-0,0.024543749168515205,-0.41724374890327454,-0.0038773695836232273,-0.065915284981392055,0.01171875,-0.00390625,-0.098906248807907104,0,0,35,35,0,0,0,1,1,1,1,1,1,1,1,1,RUNNING,9.9632619999998617,0.036738000000138271
230,2.2926086990000001,CURRENT_HOLD,J2_KP100,1,1,1280,1,64,0.050000000000000003,0,0,0,1,1,5.7907910346984863,2.0363643169403076,-0,0,5.790407657623291,2.0365560054779053,6.0565099497008357e-05,3.0282549748504178e-05,4.5423824622756271e-05,0,-4.5423824622756271e-05,3.0282549748504178e-05,-0.56450623273849487,-0.073631249368190765,0.089179500717590968,-0.011632109045126423,0.0078125,0,-0.049453124403953552,0.0003833770751953125,-0.00019168853759765625,35,35,0,0,0,1,1,1,1,1,1,1,1,1,RUNNING,10.041192000000088,0.041192000000087603
231,2.3025695310000001,CURRENT_HOLD,J2_KP100,1,1,1280,1,64,0.050000000000000003,0,0,0,1,1,5.7907910346984863,2.0363643169403076,-0,0,5.7905993461608887,2.0365560054779053,3.0282549748504178e-05,3.0282549748504178e-05,3.0282549748504178e-05,0,-3.0282549748504178e-05,0,-0.26998123526573181,0,0.042651064537085275,0,0.00390625,0,-0.024726562201976776,0.00019168853759765625,-0.00019168853759765625,35,35,0,0,0,1,1,1,1,1,1,1,1,1,RUNNING,9.960831999999975,0.039168000000024961
232,2.312572319,CURRENT_HOLD,J2_KP100,1,1,1280,1,64,0.050000000000000003,0,0,0,1,1,5.7907910346984863,2.0363643169403076,-0,0,5.7907910346984863,2.0365560054779053,-0,3.0282549748504178e-05,1.5141274874252089e-05,0,-1.5141274874252089e-05,-3.0282549748504178e-05,0.098174996674060822,0,-0.015509478334492909,0,0.00390625,0,-0.024726562201976776,0,-0.00019168853759765625,35,35,0,0,0,1,1,1,1,1,1,1,1,1,RUNNING,10.002787999999985,0.0027879999999846916
233,2.3225686059999999,CURRENT_HOLD,J2_KP100,1,1,1280,1,64,0.050000000000000003,0,0,0,1,1,5.7907910346984863,2.0363643169403076,-0,0,5.7907910346984863,2.0365560054779053,-0,3.0282549748504178e-05,1.5141274874252089e-05,0,-1.5141274874252089e-05,-3.0282549748504178e-05,0.098174996674060822,-0.073631249368190765,-0.015509478334492909,-0.011632109045126423,0.00390625,0,-0.024726562201976776,0,-0.00019168853759765625,35,35,0,0,0,1,1,1,1,1,1,1,1,1,RUNNING,9.9962869999998816,0.0037130000001184271
234,2.3325666439999999,CURRENT_HOLD,J2_KP100,1,1,1280,1,64,0.050000000000000003,0,0,0,1,1,5.7907910346984863,2.0363643169403076,-0,0,5.7905993461608887,2.0363643169403076,3.0282549748504178e-05,0,1.5141274874252089e-05,0,-1.5141274874252089e-05,3.0282549748504178e-05,-0.24543750286102295,-0.41724374890327454,0.038773697601772718,-0.065915284981392055,0,0.0078125,0.049453124403953552,0.00019168853759765625,0,35,35,0,0,0,1,1,1,1,1,1,1,1,1,RUNNING,9.9980379999999869,0.0019620000000131199
235,2.3425696290000002,CURRENT_HOLD,J2_KP100,1,1,1280,1,64,0.050000000000000003,0,0,0,1,1,5.7907910346984863,2.0363643169403076,-0,0,5.7907910346984863,2.0363643169403076,-0,0,0,0,0,-0,0.049087498337030411,-0.53996247053146362,-0.0077547391672464546,-0.085302129074170549,0.00390625,0.00390625,0,0,0,35,35,0,0,0,1,1,1,1,1,1,1,1,1,RUNNING,10.002985000000297,0.0029850000002973331
236,2.3525673939999998,CURRENT_HOLD,J2_KP100,1,1,1280,1,64,0.050000000000000003,0,0,0,1,1,5.7907910346984863,2.0363643169403076,-0,0,5.7907910346984863,2.0365560054779053,-0,3.0282549748504178e-05,1.5141274874252089e-05,0,-1.5141274874252089e-05,-3.0282549748504178e-05,0.073631249368190765,0.049087498337030411,-0.011632109045126423,0.0077547391672464546,0.00390625,0.00390625,0,0,-0.00019168853759765625,35,35,0,0,0,1,1,1,1,1,1,1,1,1,RUNNING,9.9977649999996032,0.0022350000003967807
237,2.3625675529999999,CURRENT_HOLD,J2_KP100,1,1,1280,1,64,0.050000000000000003,0,0,0,1,1,5.7907910346984863,2.0363643169403076,-0,0,5.7905993461608887,2.0365560054779053,3.0282549748504178e-05,3.0282549748504178e-05,3.0282549748504178e-05,0,-3.0282549748504178e-05,0,-0.24543750286102295,-0.049087498337030411,0.038773697601772718,-0.0077547391672464546,0.0078125,-0.00390625,-0.074179686605930328,0.00019168853759765625,-0.00019168853759765625,35,35,0,0,0,1,1,1,1,1,1,1,1,1,RUNNING,10.000159000000064,0.00015900000006396908
238,2.372566151,CURRENT_HOLD,J2_KP100,1,1,1280,1,64,0.050000000000000003,0,0,0,1,1,5.7907910346984863,2.0363643169403076,-0,0,5.7907910346984863,2.0365560054779053,-0,3.0282549748504178e-05,1.5141274874252089e-05,0,-1.5141274874252089e-05,-3.0282549748504178e-05,0.049087498337030411,-0.39269998669624329,-0.0077547391672464546,-0.062037913337971637,0.0078125,0,-0.049453124403953552,0,-0.00019168853759765625,35,35,0,0,0,1,1,1,1,1,1,1,1,1,RUNNING,9.9985980000001362,0.00140199999986379
239,2.3825688469999999,CURRENT_HOLD,J2_KP100,1,1,1280,1,64,0.050000000000000003,0,0,0,1,1,5.7907910346984863,2.0363643169403076,-0,0,5.7907910346984863,2.0367476940155029,-0,6.0565099497008357e-05,3.0282549748504178e-05,0,-3.0282549748504178e-05,-6.0565099497008357e-05,-0.073631249368190765,0.24543750286102295,0.011632109045126423,0.038773697601772718,0.00390625,0,-0.024726562201976776,0,-0.0003833770751953125,35,35,0,0,0,1,1,1,1,1,1,1,1,1,RUNNING,10.002695999999922,0.002695999999922094
240,2.3926029170000001,CURRENT_HOLD,J2_KP100,1,1,1280,1,64,0.050000000000000003,0,0,0,1,1,5.7907910346984863,2.0363643169403076,-0,0,5.7907910346984863,2.0363643169403076,-0,0,0,0,0,-0,-0.17180624604225159,-0.36815625429153442,0.027141587379619331,-0.05816054640265908,0,0,0,0,0,35,35,0,0,0,1,1,1,1,1,1,1,1,1,RUNNING,10.034070000000117,0.034070000000117062
241,2.4026016170000002,CURRENT_HOLD,J2_KP100,1,1,1280,1,64,0.050000000000000003,0,0,0,1,1,5.7907910346984863,2.0363643169403076,-0,0,5.7905993461608887,2.0363643169403076,3.0282549748504178e-05,0,1.5141274874252089e-05,0,-1.5141274874252089e-05,3.0282549748504178e-05,-0.26998123526573181,-0.68722498416900635,0.042651064537085275,-0.10856634951847732,0.00390625,-0.00390625,-0.049453124403953552,0.00019168853759765625,0,35,35,0,0,0,1,1,1,1,1,1,1,1,1,RUNNING,9.998700000000138,0.0012999999998619671
242,2.412570219,CURRENT_HOLD,J2_KP100,1,1,1280,1,64,0.050000000000000003,0,0,0,1,1,5.7907910346984863,2.0363643169403076,-0,0,5.790982723236084,2.0365560054779053,-3.0282549748504178e-05,3.0282549748504178e-05,0,0,0,-6.0565099497008357e-05,0.31906875967979431,-0.14726249873638153,-0.050405807823926105,-0.023264218090252847,0,0,0,-0.00019168853759765625,-0.00019168853759765625,35,35,0,0,0,1,1,1,1,1,1,1,1,1,RUNNING,9.9686019999998265,0.031398000000173454
243,2.422600471,CURRENT_HOLD,J2_KP100,1,1,1280,1,64,0.050000000000000003,0,0,0,1,1,5.7907910346984863,2.0363643169403076,-0,0,5.790407657623291,2.0363643169403076,6.0565099497008357e-05,0,3.0282549748504178e-05,0,-3.0282549748504178e-05,6.0565099497008357e-05,-0.61359375715255737,-0.39269998669624329,0.096934244004431805,-0.062037913337971637,0,-0.00390625,-0.024726562201976776,0.0003833770751953125,0,35,35,0,0,0,1,1,1,1,1,1,1,1,1,RUNNING,10.030251999999962,0.030251999999961754
244,2.4326761760000002,CURRENT_HOLD,J2_KP100,1,1,1280,1,64,0.050000000000000003,0,0,0,1,1,5.7907910346984863,2.0363643169403076,-0,0,5.7905993461608887,2.0363643169403076,3.0282549748504178e-05,0,1.5141274874252089e-05,0,-1.5141274874252089e-05,3.0282549748504178e-05,-0.29452499747276306,-0.39269998669624329,0.046528436180505693,-0.062037913337971637,0,0,0,0.00019168853759765625,0,35,35,0,0,0,1,1,1,1,1,1,1,1,1,RUNNING,10.075705000000212,0.075705000000212408
245,2.4425695919999999,CURRENT_HOLD,J2_KP100,1,1,1280,1,64,0.050000000000000003,0,0,0,1,1,5.7907910346984863,2.0363643169403076,-0,0,5.7907910346984863,2.0367476940155029,-0,6.0565099497008357e-05,3.0282549748504178e-05,0,-3.0282549748504178e-05,-6.0565099497008357e-05,0,0.34361249208450317,-0,0.054283174759238662,0.00390625,0.00390625,0,0,-0.0003833770751953125,35,35,0,0,0,1,1,1,1,1,1,1,1,1,RUNNING,9.8934159999997107,0.10658400000028934
246,2.4526034970000001,CURRENT_HOLD,J2_KP100,1,1,1280,1,64,0.050000000000000003,0,0,0,1,1,5.7907910346984863,2.0363643169403076,-0,0,5.7905993461608887,2.0365560054779053,3.0282549748504178e-05,3.0282549748504178e-05,3.0282549748504178e-05,0,-3.0282549748504178e-05,0,-0.17180624604225159,-0.14726249873638153,0.027141587379619331,-0.023264218090252847,0.0078125,0,-0.049453124403953552,0.00019168853759765625,-0.00019168853759765625,35,35,0,0,0,1,1,1,1,1,1,1,1,1,RUNNING,10.033905000000232,0.033905000000231666
247,2.4626015200000002,CURRENT_HOLD,J2_KP100,1,1,1280,1,64,0.050000000000000003,0,0,0,1,1,5.7907910346984863,2.0363643169403076,-0,0,5.790982723236084,2.0367476940155029,-3.0282549748504178e-05,6.0565099497008357e-05,1.5141274874252089e-05,0,-1.5141274874252089e-05,-9.0847649245512542e-05,0.36815625429153442,0.098174996674060822,-0.05816054640265908,0.015509478334492909,0,-0.00390625,-0.024726562201976776,-0.00019168853759765625,-0.0003833770751953125,35,35,0,0,0,1,1,1,1,1,1,1,1,1,RUNNING,9.998023000000078,0.0019769999999219579
248,2.4727120079999998,CURRENT_HOLD,J2_KP100,1,1,1280,1,64,0.050000000000000003,0,0,0,1,1,5.7907910346984863,2.0363643169403076,-0,0,5.7905993461608887,2.0365560054779053,3.0282549748504178e-05,3.0282549748504178e-05,3.0282549748504178e-05,0,-3.0282549748504178e-05,0,-0.26998123526573181,0,0.042651064537085275,0,0.0078125,0.00390625,-0.024726562201976776,0.00019168853759765625,-0.00019168853759765625,35,35,0,0,0,1,1,1,1,1,1,1,1,1,RUNNING,10.110487999999584,0.11048799999958447
249,2.4827056879999998,CURRENT_HOLD,J2_KP100,1,1,1280,1,64,0.050000000000000003,0,0,0,1,1,5.7907910346984863,2.0363643169403076,-0,0,5.7905993461608887,2.0365560054779053,3.0282549748504178e-05,3.0282549748504178e-05,3.0282549748504178e-05,0,-3.0282549748504178e-05,0,-0.24543750286102295,-0.073631249368190765,0.038773697601772718,-0.011632109045126423,0.00390625,0,-0.024726562201976776,0.00019168853759765625,-0.00019168853759765625,35,35,0,0,0,1,1,1,1,1,1,1,1,1,RUNNING,9.9936800000000048,0.0063199999999952183
250,2.492568136,CURRENT_HOLD,J2_KP100,1,1,1280,1,64,0.050000000000000003,0,0,0,1,1,5.7907910346984863,2.0363643169403076,-0,0,5.7905993461608887,2.0365560054779053,3.0282549748504178e-05,3.0282549748504178e-05,3.0282549748504178e-05,0,-3.0282549748504178e-05,0,-0.24543750286102295,-0.14726249873638153,0.038773697601772718,-0.023264218090252847,0.00390625,0,-0.024726562201976776,0.00019168853759765625,-0.00019168853759765625,35,35,0,0,0,1,1,1,1,1,1,1,1,1,RUNNING,9.8624480000002457,0.13755199999975432
251,2.5025681209999999,PLUS_DIAGNOSTIC_PROFILE,J2_KP100,1,1,1280,1,64,0.050000000000000003,0,0,0,1,1,5.7907910346984863,2.0363643169403076,-0,0,5.7907910346984863,2.03617262840271,-0,-3.0282549748504178e-05,-1.5141274874252089e-05,0,1.5141274874252089e-05,3.0282549748504178e-05,0.024543749168515205,-0.61359375715255737,-0.0038773695836232273,-0.096934244004431805,0.00390625,0.0078125,0.024726562201976776,0,0.00019168853759765625,35,35,0,0,0,1,1,1,1,1,1,1,1,1,RUNNING,9.999984999999878,1.5000000122000756e-05
252,2.5125685450000002,PLUS_DIAGNOSTIC_PROFILE,J2_KP100,1,1,1280,1,64,0.050000000000000003,0,0,0,1,1,5.7907744627974385,2.0363808888413555,-0.0033143802095898151,0.0033143802095898151,5.7905993461608887,2.0365560054779053,3.0282549748504178e-05,3.0282549748504178e-05,3.0282549748504178e-05,2.6179938779914943e-06,-2.7664555870512683e-05,0,-0.34361249208450317,-0.17180624604225159,0.054283174759238662,-0.027141587379619331,0,0,0,0.00017511663654978804,-0.00017511663654978804,35,35,0,0,0,1,1,1,1,1,1,1,1,1,RUNNING,10.00042400000023,0.00042400000022979611
253,2.5225687300000001,PLUS_DIAGNOSTIC_PROFILE,J2_KP100,1,1,1280,1,64,0.050000000000000003,0,0,0,1,1,5.7907247470942949,2.0364306045444995,-0.0066287604191796303,0.0066287604191796303,5.7905993461608887,2.0365560054779053,3.0282549748504178e-05,3.0282549748504178e-05,3.0282549748504178e-05,1.0471975511965977e-05,-1.9810574236538201e-05,0,-0.14726249873638153,0.19634999334812164,0.023264218090252847,0.031018956668985818,0,0.00390625,0.024726562201976776,0.00012540093340618341,-0.00012540093340573932,35,35,0,0,0,1,1,1,1,1,1,1,1,1,RUNNING,10.000184999999995,0.00018499999999477268
254,2.5325680080000001,PLUS_DIAGNOSTIC_PROFILE,J2_KP100,1,1,1280,1,64,0.050000000000000003,0,0,0,1,1,5.7906418875890546,2.0365134640497393,-0.0099431406287694458,0.0099431406287694458,5.7907910346984863,2.0365560054779053,-0,3.0282549748504178e-05,1.5141274874252089e-05,2.3561944901923446e-05,8.420670027671357e-06,-3.0282549748504178e-05,0.073631249368190765,0.049087498337030411,-0.011632109045126423,0.0077547391672464546,0,0.00390625,0.024726562201976776,-0.00014914710943170206,-4.2541428165954187e-05,35,35,0,0,0,1,1,1,1,1,1,1,1,1,RUNNING,9.9992780000000003,0.00072199999999966735
255,2.5425679450000001,PLUS_DIAGNOSTIC_PROFILE,J2_KP100,1,1,1280,1,64,0.050000000000000003,0,0,0,1,1,5.7905258842817195,2.0366294673570748,-0.013257520838359261,0.013257520838359261,5.7905993461608887,2.0363643169403076,3.0282549748504178e-05,0,1.5141274874252089e-05,4.1887902047863909e-05,2.674662717361182e-05,3.0282549748504178e-05,-0.19634999334812164,-0.098174996674060822,0.031018956668985818,-0.015509478334492909,0.0078125,0.0078125,0,-7.3461879169123279e-05,0.00026515041676722362,35,35,0,0,0,1,1,1,1,1,1,1,1,1,RUNNING,9.9999369999999033,6.3000000096735675e-05
256,2.552565441,PLUS_DIAGNOSTIC_PROFILE,J2_KP100,1,1,1280,1,64,0.050000000000000003,0,0,0,1,1,5.7903767371722878,2.0367786144665065,-0.016571901047949079,0.016571901047949079,5.790407657623291,2.0365560054779053,6.0565099497008357e-05,3.0282549748504178e-05,4.5423824622756271e-05,6.5449846949787365e-05,2.0026022327031094e-05,3.0282549748504178e-05,-0.39269998669624329,-0.14726249873638153,0.062037913337971637,-0.023264218090252847,0,0.00390625,0.024726562201976776,-3.0920451003169092e-05,0.00022260898860126943,35,35,0,0,0,1,1,1,1,1,1,1,1,1,RUNNING,9.9974959999999946,0.0025040000000053908
257,2.5625895949999999,PLUS_DIAGNOSTIC_PROFILE,J2_KP100,1,1,1280,1,64,0.050000000000000003,0,0,0,1,1,5.7901944462607604,2.036960905378034,-0.019886281257538892,0.019886281257538892,5.7907910346984863,2.0365560054779053,-0,3.0282549748504178e-05,1.5141274874252089e-05,9.4247779607693785e-05,7.9106504733441699e-05,-3.0282549748504178e-05,0.34361249208450317,-0.29452499747276306,-0.054283174759238662,-0.046528436180505693,-0.00390625,0,0.024726562201976776,-0.00059658843772592007,0.00040489990012870791,35,35,0,0,0,1,1,1,1,1,1,1,1,1,RUNNING,10.024153999999896,0.024153999999896314
258,2.5725639550000001,PLUS_DIAGNOSTIC_PROFILE,J2_KP100,1,1,1280,1,64,0.050000000000000003,0,0,0,1,1,5.7899790115471372,2.0371763400916572,-0.023200661467128708,0.023200661467128708,5.7902159690856934,2.0367476940155029,9.0847649245512528e-05,6.0565099497008357e-05,7.5706374371260443e-05,0.00012828170002158324,5.2575325650322792e-05,3.0282549748504172e-05,-0.51541876792907715,0,0.081424766846965854,0,0,0.00390625,0.024726562201976776,-0.00023695753855612622,0.00042864607615422656,35,35,0,0,0,1,1,1,1,1,1,1,1,1,RUNNING,9.974360000000182,0.025639999999818031
259,2.5825633589999999,PLUS_DIAGNOSTIC_PROFILE,J2_KP100,1,1,1280,1,64,0.050000000000000003,0,0,0,1,1,5.7897304330314174,2.0374249186073765,-0.026515041676718521,0.026515041676718521,5.790407657623291,2.0365560054779053,6.0565099497008357e-05,3.0282549748504178e-05,4.5423824622756271e-05,0.00016755160819145564,0.00012212778356869938,3.0282549748504178e-05,0.024543749168515205,-0.29452499747276306,-0.0038773695836232273,-0.046528436180505693,-0.00390625,0.00390625,0.049453124403953552,-0.00067722459187358197,0.00086891312947123822,35,35,0,0,0,1,1,1,1,1,1,1,1,1,RUNNING,9.9994039999997675,0.00059600000023252164
260,2.5925654460000001,PLUS_DIAGNOSTIC_PROFILE,J2_KP100,1,1,1280,1,64,0.050000000000000003,0,0,0,1,1,5.7894487107136028,2.0377066409251916,-0.029829421886308334,0.029829421886308334,5.7902159690856934,2.0367476940155029,9.0847649245512528e-05,6.0565099497008357e-05,7.5706374371260443e-05,0.000212057504117311,0.00013635112974605054,3.0282549748504172e-05,-0.24543750286102295,-0.049087498337030411,0.038773697601772718,-0.0077547391672464546,-0.00390625,-0.00390625,0,-0.00076725837209057346,0.0009589469096886738,35,35,0,0,0,1,1,1,1,1,1,1,1,1,RUNNING,10.002087000000159,0.002087000000159378
261,2.6025698730000002,PLUS_DIAGNOSTIC_PROFILE,J2_KP100,1,1,1280,1,64,0.050000000000000003,0,0,0,1,1,5.7891338445936915,2.0380215070451024,-0.033143802095898157,0.033143802095898157,5.7900238037109375,2.0365560054779053,0.00012120552871975926,3.0282549748504178e-05,7.5744039234131716e-05,0.00026179938779914946,0.00018605534856501774,9.0922978971255089e-05,-0.6626812219619751,-0.049087498337030411,0.10468897787505692,-0.0077547391672464546,-0.00390625,0.00390625,0.049453124403953552,-0.00088995911724598642,0.0014655015671971583,35,35,0,0,0,1,1,1,1,1,1,1,1,1,RUNNING,10.004427000000149,0.0044270000001489507
262,2.6125722819999999,PLUS_DIAGNOSTIC_PROFILE,J2_KP100,1,1,1280,1,64,0.050000000000000003,0,0,0,1,1,5.7887858346716845,2.0383695169671094,-0.036458182305487967,0.036458182305487967,5.790407657623291,2.0369396209716797,6.0565099497008357e-05,9.0885314108383802e-05,7.5725206802696073e-05,0.00031677725923697083,0.00024105205243427476,-3.0320214611375445e-05,0.14726249873638153,-0.049087498337030411,-0.023264218090252847,-0.0077547391672464546,0.00390625,0.0078125,0.024726562201976776,-0.0016218229516065108,0.001429895995429753,35,35,0,0,0,1,1,1,1,1,1,1,1,1,RUNNING,10.002408999999712,0.0024089999997123357
263,2.6225733779999998,PLUS_DIAGNOSTIC_PROFILE,J2_KP100,1,1,1280,1,64,0.050000000000000003,0,0,0,1,1,5.7884046809475818,2.0387506706912122,-0.039772562515077783,0.039772562515077783,5.7900238037109375,2.0369396209716797,0.00012120552871975926,9.0885314108383802e-05,0.00010604542141407153,0.00037699111843077514,0.00027094569701670361,3.0320214611375459e-05,-0.098174996674060822,-0.26998123526573181,0.015509478334492909,-0.042651064537085275,-0.00390625,0,0.024726562201976776,-0.0016191227633557403,0.0018110497195324982,35,35,0,0,0,1,1,1,1,1,1,1,1,1,RUNNING,10.001095999999876,0.001095999999876085
264,2.6325721099999999,PLUS_DIAGNOSTIC_PROFILE,J2_KP100,1,1,1280,1,64,0.050000000000000003,0,0,0,1,1,5.7879903834213833,2.0391649682174111,-0.0430869427246676,0.0430869427246676,5.7902159690856934,2.0371313095092773,9.0847649245512528e-05,0.00012116786385688799,0.00010600775655120026,0.00044244096538056254,0.0003364332088293623,-3.0320214611375459e-05,-0.049087498337030411,0.098174996674060822,0.0077547391672464546,0.015509478334492909,-0.00390625,0.00390625,0.049453124403953552,-0.0022255856643100813,0.0020336587081337676,35,35,0,0,0,1,1,1,1,1,1,1,1,1,RUNNING,9.9987320000001212,0.0012679999998788105
265,2.6425715539999999,PLUS_DIAGNOSTIC_PROFILE,J2_KP100,1,1,1280,1,64,0.050000000000000003,0,0,0,1,1,5.7875429420930882,2.0396124095457058,-0.046401322934257416,0.046401322934257416,5.7902159690856934,2.0371313095092773,9.0847649245512528e-05,0.00012116786385688799,0.00010600775655120026,0.00051312680008633294,0.0004071190435351327,-3.0320214611375459e-05,0,0.098174996674060822,-0,0.015509478334492909,0,0.00390625,0.024726562201976776,-0.0026730269926051875,0.0024811000364284297,35,35,0,0,0,1,1,1,1,1,1,1,1,1,RUNNING,9.9994439999999685,0.00055600000003153127
266,2.6525705510000002,PLUS_DIAGNOSTIC_PROFILE,J2_KP100,1,1,1280,1,64,0.050000000000000003,0,0,0,1,1,5.7870623569626982,2.0400929946760962,-0.049715703143847226,0.049715703143847226,5.7900238037109375,2.0371313095092773,0.00012120552871975926,0.00012116786385688799,0.00012118669628832362,0.00058904862254808611,0.00046786192625976249,3.7664862871273643e-08,-0.19634999334812164,-0.17180624604225159,0.031018956668985818,-0.027141587379619331,0.00390625,0.00390625,0,-0.0029614467482392826,0.0029616851668188282,35,35,0,0,0,1,1,1,1,1,1,1,1,1,RUNNING,9.998997000000287,0.0010029999997129835
267,2.6626962359999999,PLUS_DIAGNOSTIC_PROFILE,J2_KP100,1,1,1280,1,64,0.050000000000000003,0,0,0,1,1,5.7865486280302116,2.0406067236085828,-0.053030083353437042,0.053030083353437042,5.7900238037109375,2.0369396209716797,0.00012120552871975926,9.0885314108383802e-05,0.00010604542141407153,0.00067020643276582254,0.00056416101135175101,3.0320214611375459e-05,-0.073631249368190765,-0.44178751111030579,0.011632109045126423,-0.06979265662481246,0.00390625,0.0078125,0.024726562201976776,-0.0034751756807258616,0.0036671026369030635,35,35,0,0,0,1,1,1,1,1,1,1,1,1,RUNNING,10.125684999999773,0.12568499999977334
268,2.6726158,PLUS_DIAGNOSTIC_PROFILE,J2_KP100,1,1,1280,1,64,0.050000000000000003,0,0,0,1,1,5.7860017552956293,2.0411535963431651,-0.056344463563026859,0.056344463563026859,5.7898321151733398,2.037322998046875,0.00015148807846826343,0.00015145041360539217,0.00015146924603682779,0.00075660023073954191,0.00060513098470271406,3.766486287126009e-08,-0.17180624604225159,-0.024543749168515205,0.027141587379619331,-0.0038773695836232273,0,0,0,-0.0038303598777105208,0.0038305982962900664,35,35,0,0,0,1,1,1,1,1,1,1,1,1,RUNNING,9.9195640000000473,0.080435999999952656
269,2.6827426230000002,PLUS_DIAGNOSTIC_PROFILE,J2_KP100,1,1,1280,1,64,0.050000000000000003,0,0,0,1,1,5.7854217387589513,2.0417336128798431,-0.059658843772616668,0.059658843772616668,5.7898321151733398,2.037322998046875,0.00015148807846826343,0.00015145041360539217,0.00015146924603682779,0.00084823001646924399,0.00069676077043241626,3.766486287126009e-08,-0.12271875143051147,0,0.019386848800886359,0,-0.00390625,0.00390625,0.049453124403953552,-0.0044103764143885726,0.0044106148329681183,35,35,0,0,0,1,1,1,1,1,1,1,1,1,RUNNING,10.126823000000229,0.12682300000022906
270,2.6926961359999999,PLUS_DIAGNOSTIC_PROFILE,J2_KP100,1,1,1280,1,64,0.050000000000000003,0,0,0,1,1,5.7848085784201766,2.0423467732186174,-0.062973223982206492,0.062973223982206492,5.7900238037109375,2.037322998046875,0.00012120552871975926,0.00015145041360539217,0.0001363279711625757,0.00094509578995492945,0.00080876781879235375,-3.0244884885632911e-05,0.19634999334812164,0,-0.031018956668985818,0,0,0.0078125,0.049453124403953552,-0.0052152252907609054,0.0050237751717423507,35,35,0,0,0,1,1,1,1,1,1,1,1,1,RUNNING,9.9535129999996919,0.046487000000308143
271,2.7026544389999998,PLUS_DIAGNOSTIC_PROFILE,J2_KP100,1,1,1280,1,64,0.050000000000000003,0,0,0,1,1,5.7841622742793071,2.0429930773594873,-0.066287604191796315,0.066287604191796315,5.7896404266357422,2.037322998046875,0.0001817706282167676,0.00015145041360539217,0.00016661052091107987,0.0010471975511965978,0.00088058703028551797,3.0320214611375432e-05,0.049087498337030411,-0.24543750286102295,-0.0077547391672464546,-0.038773697601772718,-0.0078125,0.0078125,0.098906248807907104,-0.0054781523564351176,0.0056700793126123195,35,35,0,0,0,1,1,1,1,1,1,1,1,1,RUNNING,9.9583029999998907,0.041697000000109341
272,2.712743224,PLUS_DIAGNOSTIC_PROFILE,J2_KP100,1,1,1280,1,64,0.050000000000000003,0,0,0,1,1,5.7834828263363409,2.043672525302453,-0.069601984401386124,0.069601984401386124,5.7892570495605469,2.0375146865844727,0.00024233572771377597,0.00018173296335389634,0.00021203434553383616,0.001154535300194249,0.00094250095466041277,6.060276435987963e-05,-0.24543750286102295,-0.22089375555515289,0.038773697601772718,-0.03489632831240623,-0.0078125,0.00390625,0.074179686605930328,-0.0057742232242059544,0.0061578387179803684,35,35,0,0,0,1,1,1,1,1,1,1,1,1,RUNNING,10.088785000000211,0.088785000000211056
273,2.7226673309999998,PLUS_DIAGNOSTIC_PROFILE,J2_KP100,1,1,1280,1,64,0.050000000000000003,0,0,0,1,1,5.782770234591279,2.0443851170475149,-0.072916364610975934,0.072916364610975934,5.7892570495605469,2.0377063751220703,0.00024233572771377597,0.00021201551310240052,0.00022717562040808824,0.0012671090369478833,0.0010399334165397951,3.0320214611375459e-05,-0.049087498337030411,-0.24543750286102295,0.0077547391672464546,-0.038773697601772718,-0.00390625,0.01171875,0.098906248807907104,-0.0064868149692678401,0.0066787419254445979,35,35,0,0,0,1,1,1,1,1,1,1,1,1,RUNNING,9.9241069999997933,0.075893000000206712
274,2.732675886,PLUS_DIAGNOSTIC_PROFILE,J2_KP100,1,1,1280,1,64,0.050000000000000003,0,0,0,1,1,5.7820244990441214,2.0451308525946725,-0.076230744820565757,0.076230744820565757,5.7890653610229492,2.0378983020782471,0.00027261827746228017,0.00024233572771377597,0.00025747700258802809,0.0013849187614575005,0.0011274417588694723,3.0282549748504199e-05,-0.24543750286102295,-0.024543749168515205,0.038773697601772718,-0.0038773695836232273,-0.0078125,0.01171875,0.12363281100988388,-0.007040861978827806,0.0072325505164254622,35,35,0,0,0,1,1,1,1,1,1,1,1,1,RUNNING,10.008555000000197,0.0085550000001965998
275,2.7426606659999999,PLUS_DIAGNOSTIC_PROFILE,J2_KP100,1,1,1280,1,64,0.050000000000000003,0,0,0,1,1,5.7812456196948681,2.0459097319439263,-0.079545125030155567,0.079545125030155567,5.7890653610229492,2.0378983020782471,0.00027261827746228017,0.00024233572771377597,0.00025747700258802809,0.0015079644737231006,0.0012504874711350726,3.0282549748504199e-05,0.22089375555515289,-0.24543750286102295,-0.03489632831240623,-0.038773697601772718,-0.00390625,0.01171875,0.098906248807907104,-0.0078197413280811645,0.0080114298656792649,35,35,0,0,0,1,1,1,1,1,1,1,1,1,RUNNING,9.9847799999999154,0.01522000000008461
276,2.7525674499999999,PLUS_DIAGNOSTIC_PROFILE,J2_KP100,1,1,1280,1,64,0.050000000000000003,0,0,0,1,1,5.7804335965435181,2.0467217550952759,-0.082859505239745376,0.082859505239745376,5.7888736724853516,2.0378983020782471,0.00030290082721078434,0.00024233572771377597,0.00027261827746228017,0.0016362461737446838,0.0013636278962824036,6.056509949700837e-05,0.098174996674060822,-0.44178751111030579,-0.015509478334492909,-0.06979265662481246,-0.0078125,0.01171875,0.12363281100988388,-0.0084400759418334914,0.0088234530170288039,35,35,0,0,0,1,1,1,1,1,1,1,1,1,RUNNING,9.9067840000000018,0.093215999999998189
277,2.7626993,PLUS_DIAGNOSTIC_PROFILE,J2_KP100,1,1,1280,1,64,0.050000000000000003,0,0,0,1,1,5.7795884295900724,2.0475669220487211,-0.0861738854493352,0.0861738854493352,5.7886819839477539,2.0380899906158447,0.00033318337695928852,0.00027261827746228017,0.00030290082721078434,0.0017697638615222502,0.0014668630343114659,6.0565099497008343e-05,-0.024543749168515205,-0.098174996674060822,0.0038773695836232273,-0.015509478334492909,-0.00390625,0.0078125,0.074179686605930328,-0.0090935543576815547,0.0094769314328764231,35,35,0,0,0,1,1,1,1,1,1,1,1,1,RUNNING,10.131850000000053,0.13185000000005331
278,2.7726611920000002,PLUS_DIAGNOSTIC_PROFILE,J2_KP100,1,1,1280,1,64,0.050000000000000003,0,0,0,1,1,5.7787101188345318,2.0484452328042626,-0.089488265658925023,0.089488265658925023,5.788489818572998,2.0380899906158447,0.00036354125643353521,0.00027261827746228017,0.00031807976694790772,0.0019085175370557996,0.0015904377701078918,9.0922978971255035e-05,-0.12271875143051147,-0.26998123526573181,0.019386848800886359,-0.042651064537085275,0,0.0078125,0.049453124403953552,-0.0097796997384662632,0.010355242188417879,35,35,0,0,0,1,1,1,1,1,1,1,1,1,RUNNING,9.9618920000001943,0.038107999999805742
279,2.7826731539999998,PLUS_DIAGNOSTIC_PROFILE,J2_KP100,1,1,1280,1,64,0.050000000000000003,0,0,0,1,1,5.7777986642768946,2.0493566873618998,-0.092802645868514833,0.092802645868514833,5.7882981300354004,2.0382816791534424,0.00039382380618203938,0.00030290082721078434,0.00034836231669641189,0.0020525072003453318,0.00170414488364892,9.0922978971255035e-05,-0.26998123526573181,-0.24543750286102295,0.042651064537085275,-0.038773697601772718,-0.01953125,0.0234375,0.27199218422174454,-0.010499465758505799,0.011075008208457415,35,35,0,0,0,1,1,1,1,1,1,1,1,1,RUNNING,10.011961999999652,0.011961999999652306
280,2.7925583070000002,PLUS_DIAGNOSTIC_PROFILE,J2_KP100,1,1,1280,1,64,0.050000000000000003,0,0,0,1,1,5.7768540659171608,2.0503012857216327,-0.096117026078104628,0.096117026078104628,5.7881064414978027,2.0382816791534424,0.00042410635593054361,0.00030290082721078434,0.00036350359157066397,0.0022017328513908464,0.0018382292598201823,0.00012120552871975926,-0.39269998669624329,-0.24543750286102295,0.062037913337971637,-0.038773697601772718,-0.01171875,0.01953125,0.19781249761581421,-0.01125237558064196,0.012019606568190344,35,35,0,0,0,1,1,1,1,1,1,1,1,1,RUNNING,9.8851530000003685,0.11484699999963155
281,2.8025696089999999,PLUS_DIAGNOSTIC_PROFILE,J2_KP100,1,1,1280,1,64,0.050000000000000003,0,0,0,1,1,5.7758763237553321,2.0512790278834618,-0.099431406287694452,0.099431406287694452,5.7882981300354004,2.0386652946472168,0.00039382380618203938,0.00036350359157066397,0.00037866369887635165,0.0023561944901923444,0.0019775307913159927,3.0320214611375405e-05,0.049087498337030411,0,-0.0077547391672464546,0,-0.0234375,0.01953125,0.27199218422174454,-0.012421806280068282,0.012613733236245039,35,35,0,0,0,1,1,1,1,1,1,1,1,1,RUNNING,10.011301999999667,0.011301999999666634
282,2.8125708949999999,PLUS_DIAGNOSTIC_PROFILE,J2_KP100,1,1,1280,1,64,0.050000000000000003,0,0,0,1,1,5.7748654377914077,2.0522899138473867,-0.10274578649728427,0.10274578649728427,5.7881064414978027,2.0386652946472168,0.00042410635593054361,0.00036350359157066397,0.00039380497375060379,0.002515892116749826,0.0021220871429992222,6.060276435987963e-05,-0.098174996674060822,0.049087498337030411,0.015509478334492909,0.0077547391672464546,-0.01171875,0.01953125,0.19781249761581421,-0.013241003706395027,0.013624619200169885,35,35,0,0,0,1,1,1,1,1,1,1,1,1,RUNNING,10.001286000000054,0.0012860000000536331
283,2.8225739270000001,PLUS_DIAGNOSTIC_PROFILE,J2_KP100,1,1,1280,1,64,0.050000000000000003,0,0,0,1,1,5.7738214080253867,2.0533339436134073,-0.10606016670687408,0.10606016670687408,5.7879147529602051,2.0386652946472168,0.00045438890567904778,0.00036350359157066397,0.00040894624862485588,0.0026808257310632902,0.0022718794824384343,9.0885314108383802e-05,-0.26998123526573181,-0.073631249368190765,0.042651064537085275,-0.011632109045126423,-0.01171875,0.01953125,0.19781249761581421,-0.014093344934818397,0.014668648966190467,35,35,0,0,0,1,1,1,1,1,1,1,1,1,RUNNING,10.003032000000189,0.0030320000001893277
284,2.832574175,PLUS_DIAGNOSTIC_PROFILE,J2_KP100,1,1,1280,1,64,0.050000000000000003,0,0,0,1,1,5.7727442344572699,2.054411117181524,-0.10937454691646391,0.10937454691646391,5.7877230644226074,2.0386652946472168,0.00048467145542755195,0.00036350359157066397,0.00042408752349910796,0.0028509953331327374,0.0024269078096336295,0.00012116786385688797,-0.56450623273849487,-0.049087498337030411,0.089179500717590968,-0.0077547391672464546,-0.0078125,0.01953125,0.17308593541383743,-0.014978829965337503,0.01574582253430723,35,35,0,0,0,1,1,1,1,1,1,1,1,1,RUNNING,10.000247999999878,0.00024799999987834553
285,2.8425716009999999,PLUS_DIAGNOSTIC_PROFILE,J2_KP100,1,1,1280,1,64,0.050000000000000003,0,0,0,1,1,5.7716412823764118,2.0555140692623821,-0.11047934031966052,0.11047934031966052,5.7879147529602051,2.0388569831848145,0.00045438890567904778,0.00039378614131916815,0.00042408752349910796,0.0030252373701235048,0.002601149846624397,6.060276435987963e-05,0.14726249873638153,-0.36815625429153442,-0.023264218090252847,-0.05816054640265908,-0.01953125,0.0234375,0.27199218422174454,-0.016273470583793248,0.016657086077567662,35,35,0,0,0,1,1,1,1,1,1,1,1,1,RUNNING,9.9974259999999759,0.002574000000024057
286,2.8525682790000002,PLUS_DIAGNOSTIC_PROFILE,J2_KP100,1,1,1280,1,64,0.050000000000000003,0,0,0,1,1,5.7705364889732156,2.0566188626655788,-0.11047934031966052,0.11047934031966052,5.7877230644226074,2.0390486717224121,0.00048467145542755195,0.00042406869106767232,0.00045437007324761213,0.0031997702953229378,0.0027454002220753254,6.060276435987963e-05,0.098174996674060822,-0.024543749168515205,-0.015509478334492909,-0.0038773695836232273,-0.0234375,0.0234375,0.29671874642372131,-0.017186575449391839,0.017570190943166697,35,35,0,0,0,1,1,1,1,1,1,1,1,1,RUNNING,9.9966780000002586,0.0033219999997413652
287,2.8626117020000001,PLUS_DIAGNOSTIC_PROFILE,J2_KP100,1,1,1280,1,64,0.050000000000000003,0,0,0,1,1,5.7694316955700184,2.0577236560687755,-0.11047934031966052,0.11047934031966052,5.7873396873474121,2.0390486717224121,0.00054523655492456035,0.00042406869106767232,0.0004846526229961163,0.0033743032205223698,0.0028896505975262534,0.00012116786385688803,-0.46633124351501465,-0.14726249873638153,0.073670023560125017,-0.023264218090252847,-0.01171875,0.0234375,0.22253905981779099,-0.017907991777393661,0.018674984346363388,35,35,0,0,0,1,1,1,1,1,1,1,1,1,RUNNING,10.04342299999994,0.043422999999940259
288,2.8725706290000002,PLUS_DIAGNOSTIC_PROFILE,J2_KP100,1,1,1280,1,64,0.050000000000000003,0,0,0,1,1,5.7683269021668222,2.0588284494719717,-0.11047934031966052,0.11047934031966052,5.7873396873474121,2.0392403602600098,0.00054523655492456035,0.00045435124081617649,0.00049979389787036844,0.0035488361457218032,0.0030490422478514348,9.0885314108383856e-05,-0.24543750286102295,-0.26998123526573181,0.038773697601772718,-0.042651064537085275,-0.01953125,0.0234375,0.27199218422174454,-0.019012785180589908,0.019588089211961979,35,35,0,0,0,1,1,1,1,1,1,1,1,1,RUNNING,9.9589270000000063,0.041072999999993698
289,2.8825716300000002,PLUS_DIAGNOSTIC_PROFILE,J2_KP100,1,1,1280,1,64,0.050000000000000003,0,0,0,1,1,5.7672221087636251,2.0599332428751684,-0.11047934031966052,0.11047934031966052,5.7871479988098145,2.0396239757537842,0.00057551910467306452,0.00051495400517605607,0.00054523655492456024,0.0037233690709212361,0.0031781325159966761,6.0565099497008452e-05,-0.36815625429153442,0,0.05816054640265908,0,-0.01953125,0.01953125,0.24726562201976776,-0.019925890046189387,0.020309267121384256,35,35,0,0,0,1,1,1,1,1,1,1,1,1,RUNNING,10.001001000000009,0.0010010000000093555
290,2.8925671570000002,PLUS_DIAGNOSTIC_PROFILE,J2_KP100,1,1,1280,1,64,0.050000000000000003,0,0,0,1,1,5.7661173153604288,2.0610380362783651,-0.11047934031966052,0.11047934031966052,5.7871479988098145,2.0396239757537842,0.00057551910467306452,0.00051495400517605607,0.00054523655492456024,0.0038979019961206691,0.0033526654411961086,6.0565099497008452e-05,0.073631249368190765,-0.39269998669624329,-0.011632109045126423,-0.062037913337971637,-0.02734375,0.0234375,0.32144530862569809,-0.021030683449385634,0.021414060524580947,35,35,0,0,0,1,1,1,1,1,1,1,1,1,RUNNING,9.9955270000000596,0.0044729999999404413
291,2.9025531290000002,PLUS_DIAGNOSTIC_PROFILE,J2_KP100,1,1,1280,1,64,0.050000000000000003,0,0,0,1,1,5.7650125219572326,2.0621428296815618,-0.11047934031966052,0.11047934031966052,5.7865724563598633,2.0398156642913818,0.0006664420836443195,0.00054523655492456035,0.00060583931928443998,0.0040724349213201025,0.0034665956020356625,0.00012120552871975915,-0.29452499747276306,-0.29452499747276306,0.046528436180505693,-0.046528436180505693,-0.0234375,0.02734375,0.32144530862569809,-0.021559934402630709,0.022327165390179982,35,35,0,0,0,1,1,1,1,1,1,1,1,1,RUNNING,9.9859719999999541,0.014028000000045893
292,2.912566649,PLUS_DIAGNOSTIC_PROFILE,J2_KP100,1,1,1280,1,64,0.050000000000000003,0,0,0,1,1,5.7639077285540354,2.0632476230847585,-0.11047934031966052,0.11047934031966052,5.7867641448974609,2.0400073528289795,0.00063615953389581533,0.00057551910467306452,0.00060583931928443998,0.0042469678465195358,0.0036411285272350958,6.0640429222750809e-05,-0.049087498337030411,-0.12271875143051147,0.0077547391672464546,-0.019386848800886359,-0.02734375,0.0234375,0.32144530862569809,-0.022856416343425501,0.023240270255779016,35,35,0,0,0,1,1,1,1,1,1,1,1,1,RUNNING,10.013519999999776,0.013519999999775933
293,2.9225665969999999,PLUS_DIAGNOSTIC_PROFILE,J2_KP100,1,1,1280,1,64,0.050000000000000003,0,0,0,1,1,5.7628029351508392,2.0643524164879548,-0.11047934031966052,0.11047934031966052,5.7865724563598633,2.0401992797851562,0.0006664420836443195,0.00060583931928443987,0.00063614070146437974,0.0044215007717189675,0.0037853600702545875,6.060276435987963e-05,-0.19634999334812164,-0.024543749168515205,0.031018956668985818,-0.0038773695836232273,-0.01953125,0.02734375,0.29671874642372131,-0.023769521209024091,0.024153136702798506,35,35,0,0,0,1,1,1,1,1,1,1,1,1,RUNNING,9.9999479999999252,5.2000000074770014e-05
294,2.932569049,PLUS_DIAGNOSTIC_PROFILE,J2_KP100,1,1,1280,1,64,0.050000000000000003,0,0,0,1,1,5.7616981417476421,2.0654572098911514,-0.11047934031966052,0.11047934031966052,5.7865724563598633,2.0401992797851562,0.0006664420836443195,0.00060583931928443987,0.00063614070146437974,0.0045960336969184008,0.0039598929954540209,6.060276435987963e-05,-0.14726249873638153,-0.39269998669624329,0.023264218090252847,-0.062037913337971637,-0.03515625,0.0234375,0.37089843302965164,-0.024874314612221227,0.025257930105995197,35,35,0,0,0,1,1,1,1,1,1,1,1,1,RUNNING,10.002452000000162,0.0024520000001615472
295,2.9425695460000001,PLUS_DIAGNOSTIC_PROFILE,J2_KP100,1,1,1280,1,64,0.050000000000000003,0,0,0,1,1,5.7605933483444458,2.0665620032943481,-0.11047934031966052,0.11047934031966052,5.7863807678222656,2.0405826568603516,0.00069672463339282378,0.00066640441878144832,0.00068156452608713605,0.0047705666221178342,0.0040890020960306986,3.0320214611375459e-05,-0.24543750286102295,0.31906875967979431,0.038773697601772718,0.050405807823926105,-0.02734375,0.03515625,0.39562499523162842,-0.025787419477819817,0.025979346433996575,35,35,0,0,0,1,1,1,1,1,1,1,1,1,RUNNING,10.000497000000053,0.00049700000005259426
296,2.9526180900000001,PLUS_DIAGNOSTIC_PROFILE,J2_KP100,1,1,1280,1,64,0.050000000000000003,0,0,0,1,1,5.7594885549412496,2.0676667966975448,-0.11047934031966052,0.11047934031966052,5.786189079284668,2.0405826568603516,0.00072700718314132795,0.00066640441878144832,0.00069670580096138808,0.0049450995473172676,0.0042483937463558795,6.060276435987963e-05,-0.098174996674060822,-0.073631249368190765,0.015509478334492909,-0.011632109045126423,-0.02734375,0.03515625,0.39562499523162842,-0.026700524343418408,0.027084139837193266,35,35,0,0,0,1,1,1,1,1,1,1,1,1,RUNNING,10.048543999999993,0.048543999999992593
297,2.962568004,PLUS_DIAGNOSTIC_PROFILE,J2_KP100,1,1,1280,1,64,0.050000000000000003,0,0,0,1,1,5.7583837615380524,2.0687715901007415,-0.11047934031966052,0.11047934031966052,5.786189079284668,2.0405826568603516,0.00072700718314132795,0.00066640441878144832,0.00069670580096138808,0.0051196324725167001,0.004422926671555312,6.060276435987963e-05,-0.19634999334812164,-0.12271875143051147,0.031018956668985818,-0.019386848800886359,-0.02734375,0.03515625,0.39562499523162842,-0.027805317746615543,0.028188933240389957,35,35,0,0,0,1,1,1,1,1,1,1,1,1,RUNNING,9.9499139999998931,0.050086000000106878
298,2.9725680419999998,PLUS_DIAGNOSTIC_PROFILE,J2_KP100,1,1,1280,1,64,0.050000000000000003,0,0,0,1,1,5.7572789681348562,2.0698763835039378,-0.11047934031966052,0.11047934031966052,5.786189079284668,2.0407743453979492,0.00072700718314132795,0.00069668696852995249,0.00071184707583564022,0.0052941653977161334,0.0045823183218804929,3.0320214611375459e-05,-0.073631249368190765,0.12271875143051147,0.011632109045126423,0.019386848800886359,-0.02734375,0.03515625,0.39562499523162842,-0.02891011114981179,0.029102038105988548,35,35,0,0,0,1,1,1,1,1,1,1,1,1,RUNNING,10.000037999999822,3.7999999822346808e-05
299,2.982567145,PLUS_DIAGNOSTIC_PROFILE,J2_KP100,1,1,1280,1,64,0.050000000000000003,0,0,0,1,1,5.756174174731659,2.0709811769071345,-0.11047934031966052,0.11047934031966052,5.786189079284668,2.0407743453979492,0.00072700718314132795,0.00069668696852995249,0.00071184707583564022,0.0054686983229155651,0.0047568512470799245,3.0320214611375459e-05,-0.024543749168515205,0.12271875143051147,0.0038773695836232273,0.019386848800886359,-0.02734375,0.03515625,0.39562499523162842,-0.030014904553008925,0.030206831509185239,35,35,0,0,0,1,1,1,1,1,1,1,1,1,RUNNING,9.9991030000001757,0.00089699999982428835
300,2.9926042829999999,PLUS_DIAGNOSTIC_PROFILE,J2_KP100,1,1,1280,1,64,0.050000000000000003,0,0,0,1,1,5.7550693813284628,2.0720859703103311,-0.11047934031966052,0.11047934031966052,5.7859973907470703,2.0407743453979492,0.00075728973288983212,0.00069668696852995249,0.00072698835070989236,0.0056432312481149985,0.0049162428974051063,6.060276435987963e-05,-0.34361249208450317,-0.24543750286102295,0.054283174759238662,-0.038773697601772718,-0.02734375,0.0390625,0.42035155743360519,-0.030928009418607516,0.03131162491238193,35,35,0,0,0,1,1,1,1,1,1,1,1,1,RUNNING,10.037137999999945,0.037137999999945492
301,3.0025687950000002,PLUS_DIAGNOSTIC_PROFILE,J2_KP100,1,1,1280,1,64,0.050000000000000003,0,0,0,1,1,5.7539645879252665,2.0731907637135278,-0.11047934031966052,0.11047934031966052,5.786189079284668,2.0407743453979492,0.00072700718314132795,0.00069668696852995249,0.00071184707583564022,0.0058177641733144318,0.0051059170974787913,3.0320214611375459e-05,0.12271875143051147,-0.14726249873638153,-0.019386848800886359,-0.023264218090252847,-0.0390625,0.0390625,0.49453124403953552,-0.032224491359401419,0.032416418315578621,35,35,0,0,0,1,1,1,1,1,1,1,1,1,RUNNING,9.9645120000002585,0.035487999999741504
302,3.0125702940000001,PLUS_DIAGNOSTIC_PROFILE,J2_KP100,1,1,1280,1,64,0.050000000000000003,0,0,0,1,1,5.7528597945220694,2.0742955571167245,-0.11047934031966052,0.11047934031966052,5.7859973907470703,2.040966272354126,0.00075728973288983212,0.00072700718314132795,0.00074214845801558009,0.0059922970985138643,0.0052501486404982842,3.0282549748504172e-05,-0.049087498337030411,-0.24543750286102295,0.0077547391672464546,-0.038773697601772718,-0.02734375,0.0390625,0.42035155743360519,-0.033137596225000898,0.033329284762598554,35,35,0,0,0,1,1,1,1,1,1,1,1,1,RUNNING,10.001498999999914,0.0014989999999137638
303,3.0225718750000001,PLUS_DIAGNOSTIC_PROFILE,J2_KP100,1,1,1280,1,64,0.050000000000000003,0,0,0,1,1,5.7517550011188732,2.0754003505199208,-0.11047934031966052,0.11047934031966052,5.7858057022094727,2.0411579608917236,0.00078757228263833629,0.00075728973288983212,0.00077243100776408415,0.0061668300237132977,0.0053943990159492135,3.0282549748504172e-05,-0.12271875143051147,0.17180624604225159,0.019386848800886359,0.027141587379619331,-0.0234375,0.0390625,0.39562499523162842,-0.034050701090599489,0.034242389628197145,35,35,0,0,0,1,1,1,1,1,1,1,1,1,RUNNING,10.001581000000037,0.001581000000037136
304,3.0325690010000002,PLUS_DIAGNOSTIC_PROFILE,J2_KP100,1,1,1280,1,64,0.050000000000000003,0,0,0,1,1,5.750650207715676,2.0765051439231175,-0.11047934031966052,0.11047934031966052,5.7858057022094727,2.0411579608917236,0.00078757228263833629,0.00075728973288983212,0.00077243100776408415,0.0063413629489127311,0.0055689319411486469,3.0282549748504172e-05,-0.24543750286102295,-0.31906875967979431,0.038773697601772718,-0.050405807823926105,-0.02734375,0.0390625,0.42035155743360519,-0.035155494493796624,0.035347183031393836,35,35,0,0,0,1,1,1,1,1,1,1,1,1,RUNNING,9.9971260000000228,0.0028739999999771726
305,3.0425714469999998,PLUS_DIAGNOSTIC_PROFILE,J2_KP100,1,1,1280,1,64,0.050000000000000003,0,0,0,1,1,5.7495454143124798,2.0776099373263142,-0.11047934031966052,0.11047934031966052,5.7859973907470703,2.0411579608917236,0.00075728973288983212,0.00075728973288983212,0.00075728973288983212,0.0065158958741121636,0.0057586061412223319,0,0.14726249873638153,-0.31906875967979431,-0.023264218090252847,-0.050405807823926105,-0.0390625,0.04296875,0.5192578062415123,-0.036451976434590527,0.036451976434590527,35,35,0,0,0,1,1,1,1,1,1,1,1,1,RUNNING,10.002445999999665,0.002445999999665105
306,3.0525695430000002,PLUS_DIAGNOSTIC_PROFILE,J2_KP100,1,1,1280,1,64,0.050000000000000003,0,0,0,1,1,5.7484406209092835,2.0787147307295109,-0.11047934031966052,0.11047934031966052,5.785614013671875,2.0413496494293213,0.00081785483238684046,0.00078757228263833629,0.00080271355751258843,0.0066904287993115969,0.0058877152417990087,3.0282549748504172e-05,-0.36815625429153442,-0.14726249873638153,0.05816054640265908,-0.023264218090252847,-0.04296875,0.04296875,0.54398436844348907,-0.037173392762591462,0.037365081300189562,35,35,0,0,0,1,1,1,1,1,1,1,1,1,RUNNING,9.9980960000003449,0.0019039999996550705
307,3.062571299,PLUS_DIAGNOSTIC_PROFILE,J2_KP100,1,1,1280,1,64,0.050000000000000003,0,0,0,1,1,5.7473358275060864,2.0798195241327075,-0.11047934031966052,0.11047934031966052,5.7858057022094727,2.0415413379669189,0.00078757228263833629,0.00081785483238684046,0.00080271355751258843,0.0068649617245110303,0.0060622481669984421,-3.0282549748504172e-05,0.14726249873638153,-0.049087498337030411,-0.023264218090252847,-0.0077547391672464546,-0.02734375,0.0390625,0.42035155743360519,-0.038469874703386253,0.038278186165788597,35,35,0,0,0,1,1,1,1,1,1,1,1,1,RUNNING,10.001755999999862,0.001755999999861757
308,3.0725706829999999,PLUS_DIAGNOSTIC_PROFILE,J2_KP100,1,1,1280,1,64,0.050000000000000003,0,0,0,1,1,5.7462310341028902,2.0809243175359042,-0.11047934031966052,0.11047934031966052,5.785614013671875,2.0415413379669189,0.00081785483238684046,0.00081785483238684046,0.00081785483238684046,0.0070394946497104628,0.0062216398173236221,0,-0.12271875143051147,-0.14726249873638153,0.019386848800886359,-0.023264218090252847,-0.0390625,0.04296875,0.5192578062415123,-0.039382979568984844,0.039382979568985288,35,35,0,0,0,1,1,1,1,1,1,1,1,1,RUNNING,9.999383999999889,0.00061600000011097222
309,3.0825721939999999,PLUS_DIAGNOSTIC_PROFILE,J2_KP100,1,1,1280,1,64,0.050000000000000003,0,0,0,1,1,5.745126240699693,2.0820291109391005,-0.11047934031966052,0.11047934031966052,5.7852301597595215,2.0413496494293213,0.00087849526160959138,0.00078757228263833629,0.00083303377212396389,0.0072140275749098953,0.0063809938027859312,9.0922978971255089e-05,-0.26998123526573181,-0.58904999494552612,0.042651064537085275,-0.093056872361011386,-0.02734375,0.04296875,0.44507811963558197,-0.040103919059828463,0.040679461509779191,35,35,0,0,0,1,1,1,1,1,1,1,1,1,RUNNING,10.001511000000018,0.0015110000000184698
310,3.0926892079999999,PLUS_DIAGNOSTIC_PROFILE,J2_KP100,1,1,1280,1,64,0.050000000000000003,0,0,0,1,1,5.7440214472964968,2.0831339043422972,-0.11047934031966052,0.11047934031966052,5.7852301597595215,2.0417332649230957,0.00087849526160959138,0.00084817504699821592,0.00086333515430390365,0.0073885605001093278,0.0065252253458054242,3.0320214611375459e-05,0.14726249873638153,-0.24543750286102295,-0.023264218090252847,-0.038773697601772718,-0.05078125,0.04296875,0.59343749284744263,-0.04120871246302471,0.041400639419201468,35,35,0,0,0,1,1,1,1,1,1,1,1,1,RUNNING,10.11701399999998,0.11701399999997975
311,3.1026011640000002,PLUS_DIAGNOSTIC_PROFILE,J2_KP100,1,1,1280,1,64,0.050000000000000003,0,0,0,1,1,5.7429166538933005,2.0842386977454939,-0.11047934031966052,0.11047934031966052,5.7850384712219238,2.0419249534606934,0.00090877781135809555,0.00087845759674672009,0.00089361770405240782,0.0075630934253087603,0.0066694757212563526,3.0320214611375459e-05,-0.024543749168515205,-0.24543750286102295,0.0038773695836232273,-0.038773697601772718,-0.04296875,0.05078125,0.59343749284744263,-0.042121817328623301,0.042313744284800503,35,35,0,0,0,1,1,1,1,1,1,1,1,1,RUNNING,9.9119560000002771,0.088043999999722899
312,3.1126094110000002,PLUS_DIAGNOSTIC_PROFILE,J2_KP100,1,1,1280,1,64,0.050000000000000003,0,0,0,1,1,5.7418118604901034,2.0853434911486906,-0.11047934031966052,0.11047934031966052,5.7846550941467285,2.0419249534606934,0.0009693429108551039,0.00087845759674672009,0.000923900253800912,0.0077376263505081946,0.0068137260967072828,9.0885314108383802e-05,-0.44178751111030579,-0.024543749168515205,0.06979265662481246,-0.0038773695836232273,-0.0390625,0.04296875,0.5192578062415123,-0.042843233656625124,0.043418537687997194,35,35,0,0,0,1,1,1,1,1,1,1,1,1,RUNNING,10.008247000000026,0.0082470000000256505
313,3.1225679089999998,PLUS_DIAGNOSTIC_PROFILE,J2_KP100,1,1,1280,1,64,0.050000000000000003,0,0,0,1,1,5.7407070670869071,2.0864482845518872,-0.11047934031966052,0.11047934031966052,5.7848467826843262,2.0419249534606934,0.00093906036110659973,0.00087845759674672009,0.00090875897892665996,0.0079121592757076271,0.0070034002967809669,6.060276435987963e-05,-0.12271875143051147,0,0.019386848800886359,0,-0.04296875,0.0546875,0.6181640550494194,-0.044139715597419027,0.044523331091193885,35,35,0,0,0,1,1,1,1,1,1,1,1,1,RUNNING,9.9584979999995937,0.041502000000406269
314,3.1326595689999999,PLUS_DIAGNOSTIC_PROFILE,J2_KP100,1,1,1280,1,64,0.050000000000000003,0,0,0,1,1,5.73960227368371,2.0875530779550835,-0.11047934031966052,0.11047934031966052,5.7846550941467285,2.0419249534606934,0.0009693429108551039,0.00087845759674672009,0.000923900253800912,0.0080866922009070596,0.0071627919471061478,9.0885314108383802e-05,-0.34361249208450317,-0.39269998669624329,0.054283174759238662,-0.062037913337971637,-0.05078125,0.05078125,0.64289061725139618,-0.045052820463018506,0.045628124494390132,35,35,0,0,0,1,1,1,1,1,1,1,1,1,RUNNING,10.091660000000058,0.091660000000057806
315,3.1425711660000002,PLUS_DIAGNOSTIC_PROFILE,J2_KP100,1,1,1280,1,64,0.050000000000000003,0,0,0,1,1,5.7384974802805138,2.0886578713582802,-0.11047934031966052,0.11047934031966052,5.7844634056091309,2.0423083305358887,0.00099962546060360807,0.00093902269624372844,0.00096932407842366831,0.0082612251261064938,0.0072919010476828255,6.060276435987963e-05,-0.24543750286102295,0.024543749168515205,0.038773697601772718,0.0038773695836232273,-0.05078125,0.05078125,0.64289061725139618,-0.045965925328617097,0.046349540822391511,35,35,0,0,0,1,1,1,1,1,1,1,1,1,RUNNING,9.9115970000003273,0.088402999999672716
316,3.1526080219999999,PLUS_DIAGNOSTIC_PROFILE,J2_KP100,1,1,1280,1,64,0.050000000000000003,0,0,0,1,1,5.7373926868773175,2.0897626647614769,-0.11047934031966052,0.11047934031966052,5.7842717170715332,2.0425002574920654,0.0010299080103521121,0.0009693429108551039,0.00099962546060360807,0.0084357580513059263,0.0074361325907023185,6.0565099497008235e-05,-0.26998123526573181,0.31906875967979431,0.042651064537085275,0.050405807823926105,-0.05078125,0.0546875,0.66761717945337296,-0.046879030194215687,0.047262407269411444,35,35,0,0,0,1,1,1,1,1,1,1,1,1,RUNNING,10.036855999999705,0.036855999999705347
317,3.1625653809999998,PLUS_DIAGNOSTIC_PROFILE,J2_KP100,1,1,1280,1,64,0.050000000000000003,0,0,0,1,1,5.7362878934741204,2.0908674581646736,-0.11047934031966052,0.11047934031966052,5.7842717170715332,2.0425002574920654,0.0010299080103521121,0.0009693429108551039,0.00099962546060360807,0.0086102909765053588,0.007610665515901751,6.0565099497008235e-05,-0.29452499747276306,0.19634999334812164,0.046528436180505693,0.031018956668985818,-0.05078125,0.0546875,0.66761717945337296,-0.047983823597412822,0.048367200672608135,35,35,0,0,0,1,1,1,1,1,1,1,1,1,RUNNING,9.9573589999999434,0.04264100000005655
318,3.1725664349999998,PLUS_DIAGNOSTIC_PROFILE,J2_KP100,1,1,1280,1,64,0.050000000000000003,0,0,0,1,1,5.7351831000709241,2.0919722515678703,-0.11047934031966052,0.11047934031966052,5.7842717170715332,2.0423083305358887,0.0010299080103521121,0.00093902269624372844,0.00098446535329792034,0.0087848239017047931,0.0078003585484068723,9.0885314108383694e-05,-0.31906875967979431,-0.19634999334812164,0.050405807823926105,-0.031018956668985818,-0.0546875,0.0546875,0.69234374165534973,-0.049088617000609069,0.049663921031981584,35,35,0,0,0,1,1,1,1,1,1,1,1,1,RUNNING,10.001053999999954,0.0010539999999537031
319,3.1825643330000002,PLUS_DIAGNOSTIC_PROFILE,J2_KP100,1,1,1280,1,64,0.050000000000000003,0,0,0,1,1,5.734078306667727,2.0930770449710665,-0.11047934031966052,0.11047934031966052,5.7842717170715332,2.0425002574920654,0.0010299080103521121,0.0009693429108551039,0.00099962546060360807,0.0089593568269042256,0.0079597313663006177,6.0565099497008235e-05,0,-0.098174996674060822,-0,-0.015509478334492909,-0.05078125,0.0546875,0.66761717945337296,-0.050193410403806205,0.050576787479001073,35,35,0,0,0,1,1,1,1,1,1,1,1,1,RUNNING,9.9978980000003936,0.0021019999996063632
320,3.1925705660000001,PLUS_DIAGNOSTIC_PROFILE,J2_KP100,1,1,1280,1,64,0.050000000000000003,0,0,0,1,1,5.7329735132645308,2.0941818383742632,-0.11047934031966052,0.11047934031966052,5.7840800285339355,2.0425002574920654,0.0010601905601006164,0.0009693429108551039,0.0010147667354778601,0.0091338897521036581,0.0081191230166257986,9.0847649245512515e-05,-0.34361249208450317,-0.14726249873638153,0.054283174759238662,-0.023264218090252847,-0.0546875,0.05859375,0.71707030385732651,-0.051106515269404795,0.051681580882197764,35,35,0,0,0,1,1,1,1,1,1,1,1,1,RUNNING,10.00623299999992,0.006232999999919997
321,3.2025682839999998,PLUS_DIAGNOSTIC_PROFILE,J2_KP100,1,1,1280,1,64,0.050000000000000003,0,0,0,1,1,5.7318687198613336,2.0952866317774599,-0.11047934031966052,0.11047934031966052,5.7840800285339355,2.0423083305358887,0.0010601905601006164,0.00093902269624372844,0.00099960662817217237,0.0093084226773030923,0.0083088160491309199,0.00012116786385688797,-0.24543750286102295,-0.31906875967979431,0.038773697601772718,-0.050405807823926105,-0.0546875,0.05859375,0.71707030385732651,-0.05221130867260193,0.052978301241571213,35,35,0,0,0,1,1,1,1,1,1,1,1,1,RUNNING,9.9977179999997112,0.0022820000002887753
322,3.212567838,PLUS_DIAGNOSTIC_PROFILE,J2_KP100,1,1,1280,1,64,0.050000000000000003,0,0,0,1,1,5.7307639264581374,2.0963914251806566,-0.11047934031966052,0.11047934031966052,5.7842717170715332,2.0426919460296631,0.0010299080103521121,0.00099962546060360807,0.0010147667354778601,0.0094829556025025231,0.0084681888670246636,3.0282549748504063e-05,0.12271875143051147,0.12271875143051147,-0.019386848800886359,0.019386848800886359,-0.0546875,0.05859375,0.71707030385732651,-0.053507790613395834,0.05369947915099349,35,35,0,0,0,1,1,1,1,1,1,1,1,1,RUNNING,9.9995540000001881,0.00044599999981187466
323,3.2226103579999998,PLUS_DIAGNOSTIC_PROFILE,J2_KP100,1,1,1280,1,64,0.050000000000000003,0,0,0,1,1,5.7296591330549411,2.0974962185838533,-0.11047934031966052,0.11047934031966052,5.7840800285339355,2.0425002574920654,0.0010601905601006164,0.0009693429108551039,0.0010147667354778601,0.0096574885277019556,0.0086427217922240961,9.0847649245512515e-05,-0.17180624604225159,-0.17180624604225159,0.027141587379619331,-0.027141587379619331,-0.05078125,0.05859375,0.69234374165534973,-0.054420895478994424,0.054995961091787837,35,35,0,0,0,1,1,1,1,1,1,1,1,1,RUNNING,10.042519999999833,0.042519999999832692
324,3.2325667180000002,PLUS_DIAGNOSTIC_PROFILE,J2_KP100,1,1,1280,1,64,0.050000000000000003,0,0,0,1,1,5.728554339651744,2.0986010119870495,-0.11047934031966052,0.11047934031966052,5.7840800285339355,2.0426919460296631,0.0010601905601006164,0.00099962546060360807,0.0010299080103521123,0.0098320214529013898,0.008802113442549277,6.0565099497008343e-05,-0.12271875143051147,-0.39269998669624329,0.019386848800886359,-0.062037913337971637,-0.05859375,0.06640625,0.79124999046325684,-0.05552568888219156,0.055909065957386428,35,35,0,0,0,1,1,1,1,1,1,1,1,1,RUNNING,9.9563600000003305,0.043639999999669499
325,3.2425690110000001,PLUS_DIAGNOSTIC_PROFILE,J2_KP100,1,1,1280,1,64,0.050000000000000003,0,0,0,1,1,5.7274495462485477,2.0997058053902462,-0.11047934031966052,0.11047934031966052,5.7840800285339355,2.0426919460296631,0.0010601905601006164,0.00099962546060360807,0.0010299080103521123,0.010006554378100822,0.0089766463677487095,6.0565099497008343e-05,-0.12271875143051147,-0.12271875143051147,0.019386848800886359,-0.019386848800886359,-0.06640625,0.06640625,0.84070311486721039,-0.056630482285387806,0.057013859360583119,35,35,0,0,0,1,1,1,1,1,1,1,1,1,RUNNING,10.002292999999884,0.0022929999998844153
326,3.2525705399999998,PLUS_DIAGNOSTIC_PROFILE,J2_KP100,1,1,1280,1,64,0.050000000000000003,0,0,0,1,1,5.7263447528453506,2.1008105987934429,-0.11047934031966052,0.11047934031966052,5.7840800285339355,2.0426919460296631,0.0010601905601006164,0.00099962546060360807,0.0010299080103521123,0.010181087303300255,0.009151179292948142,6.0565099497008343e-05,0.098174996674060822,-0.17180624604225159,-0.015509478334492909,-0.027141587379619331,-0.06640625,0.0546875,0.76652342826128006,-0.057735275688584942,0.05811865276377981,35,35,0,0,0,1,1,1,1,1,1,1,1,1,RUNNING,10.001528999999731,0.0015289999997314396
327,3.2625682500000002,PLUS_DIAGNOSTIC_PROFILE,J2_KP100,1,1,1280,1,64,0.050000000000000003,0,0,0,1,1,5.7252399594421544,2.1019153921966396,-0.11047934031966052,0.11047934031966052,5.7838878631591797,2.0426919460296631,0.001090548439574863,0.00099962546060360807,0.0010450869500892356,0.010355620228499689,0.0093105332784104537,9.0922978971254981e-05,-0.24543750286102295,-0.17180624604225159,0.038773697601772718,-0.027141587379619331,-0.06640625,0.05859375,0.79124999046325684,-0.058647903717025329,0.059223446166976501,35,35,0,0,0,1,1,1,1,1,1,1,1,1,RUNNING,9.9977100000003816,0.0022899999996184306
328,3.2725665579999998,PLUS_DIAGNOSTIC_PROFILE,J2_KP100,1,1,1280,1,64,0.050000000000000003,0,0,0,1,1,5.7241351660389581,2.1030201855998363,-0.11047934031966052,0.11047934031966052,5.7838878631591797,2.0428836345672607,0.001090548439574863,0.0010299080103521121,0.0010602282249634876,0.010530153153699122,0.0094699249287356346,6.0640429222750918e-05,-0.17180624604225159,-0.024543749168515205,0.027141587379619331,-0.0038773695836232273,-0.0546875,0.0703125,0.79124999046325684,-0.059752697120221576,0.060136551032575536,35,35,0,0,0,1,1,1,1,1,1,1,1,1,RUNNING,9.9983079999996782,0.0016920000003217694
329,3.2825780170000001,PLUS_DIAGNOSTIC_PROFILE,J2_KP100,1,1,1280,1,64,0.050000000000000003,0,0,0,1,1,5.723030372635761,2.1041249790030325,-0.11047934031966052,0.11047934031966052,5.783696174621582,2.0428836345672607,0.0011208309893233673,0.0010299080103521121,0.0010753694998377398,0.010704686078898554,0.0096293165790608138,9.0922978971255198e-05,-0.34361249208450317,-0.17180624604225159,0.054283174759238662,-0.027141587379619331,-0.06640625,0.0703125,0.86542967706918716,-0.060665801985821055,0.061241344435771783,35,35,0,0,0,1,1,1,1,1,1,1,1,1,RUNNING,10.011459000000222,0.011459000000222375
330,3.292568019,PLUS_DIAGNOSTIC_PROFILE,J2_KP100,1,1,1280,1,64,0.050000000000000003,0,0,0,1,1,5.7219255792325647,2.1052297724062292,-0.11047934031966052,0.11047934031966052,5.7835044860839844,2.0428836345672607,0.0011511135390718714,0.0010299080103521121,0.0010905107747119919,0.010879219004097988,0.0097887082293859964,0.00012120552871975926,-0.39269998669624329,0.024543749168515205,0.062037913337971637,0.0038773695836232273,-0.05859375,0.0703125,0.81597655266523361,-0.061578906851419646,0.062346137838968474,35,35,0,0,0,1,1,1,1,1,1,1,1,1,RUNNING,9.9900019999998868,0.0099980000001131941
331,3.3025932130000002,PLUS_DIAGNOSTIC_PROFILE,J2_KP100,1,1,1280,1,64,0.050000000000000003,0,0,0,1,1,5.7208207858293676,2.1063345658094259,-0.11047934031966049,0.11047934031966049,5.783696174621582,2.0428836345672607,0.0011208309893233673,0.0010299080103521121,0.0010753694998377398,0.011053751929297423,0.0099783824294596823,9.0922978971255198e-05,-0.024543749168515205,-0.24543750286102295,0.0038773695836232273,-0.038773697601772718,-0.06640625,0.0703125,0.86542967706918716,-0.062875388792214437,0.063450931242165165,35,35,0,0,0,1,1,1,1,1,1,1,1,1,RUNNING,10.025194000000237,0.025194000000237082
332,3.3126826060000001,PLUS_DIAGNOSTIC_PROFILE,J2_KP100,1,1,1280,1,64,0.050000000000000003,0,0,0,1,1,5.7197325643272192,2.1074227873115747,-0.10716496011007066,0.10716496011007066,5.7835044860839844,2.0430753231048584,0.0011511135390718714,0.0010601905601006164,0.0011056520495862439,0.011225666860618863,0.01012001481103262,9.0922978971254981e-05,0.12271875143051147,-0.098174996674060822,-0.019386848800886359,-0.015509478334492909,-0.06640625,0.0703125,0.86542967706918716,-0.06377192175676516,0.064347464206716332,35,35,0,0,0,1,1,1,1,1,1,1,1,1,RUNNING,10.089392999999891,0.089392999999891032
333,3.3225702500000001,PLUS_DIAGNOSTIC_PROFILE,J2_KP100,1,1,1280,1,64,0.050000000000000003,0,0,0,1,1,5.7186774866271666,2.1084778650116274,-0.10385057990048085,0.10385057990048085,5.7831211090087891,2.0434589385986328,0.0012116786385688797,0.0011207933244604959,0.0011662359815146879,0.011392345804184321,0.010226109822669634,9.0885314108383802e-05,-0.24543750286102295,0.024543749168515205,0.038773697601772718,0.0038773695836232273,-0.06640625,0.07421875,0.89015623927116394,-0.06444362238162249,0.06501892641299456,35,35,0,0,0,1,1,1,1,1,1,1,1,1,RUNNING,9.8876439999999732,0.11235600000002677
334,3.3325757199999999,PLUS_DIAGNOSTIC_PROFILE,J2_KP100,1,1,1280,1,64,0.050000000000000003,0,0,0,1,1,5.7176555527292097,2.1094997989095843,-0.10053619969089103,0.10053619969089103,5.7831211090087891,2.0434589385986328,0.0012116786385688797,0.0011207933244604959,0.0011662359815146879,0.011553788759993798,0.010387552778479109,9.0885314108383802e-05,0.12271875143051147,-0.24543750286102295,-0.019386848800886359,-0.038773697601772718,-0.0703125,0.07421875,0.91488280147314072,-0.065465556279579395,0.066040860310951466,35,35,0,0,0,1,1,1,1,1,1,1,1,1,RUNNING,10.00546999999985,0.0054699999998497617
335,3.3425573759999998,PLUS_DIAGNOSTIC_PROFILE,J2_KP100,1,1,1280,1,64,0.050000000000000003,0,0,0,1,1,5.7166667626333485,2.110488589005445,-0.09722181948130125,0.09722181948130125,5.7825460433959961,2.0438423156738281,0.0013025262878143924,0.0011813584239575045,0.0012419423558859485,0.01170999572804729,0.010468053372161341,0.00012116786385688787,-0.4908750057220459,0.17180624604225159,0.077547395203545436,0.027141587379619331,-0.06640625,0.0703125,0.86542967706918716,-0.065879280762647596,0.066646273331616879,35,35,0,0,0,1,1,1,1,1,1,1,1,1,RUNNING,9.9816559999998944,0.018344000000105609
336,3.3525684789999999,PLUS_DIAGNOSTIC_PROFILE,J2_KP100,1,1,1280,1,64,0.050000000000000003,0,0,0,1,1,5.715711116339584,2.1114442352992104,-0.093907439271711426,0.093907439271711426,5.7829294204711914,2.0434589385986328,0.001241961188317384,0.0011207933244604959,0.00118137725638894,0.011860966708344798,0.010679589451955858,0.00012116786385688808,0.39269998669624329,-0.4908750057220459,-0.062037913337971637,-0.077547395203545436,-0.06640625,0.07421875,0.89015623927116394,-0.067218304131607454,0.067985296700577624,35,35,0,0,0,1,1,1,1,1,1,1,1,1,RUNNING,10.011103000000077,0.01110300000007669
337,3.3625654639999998,PLUS_DIAGNOSTIC_PROFILE,J2_KP100,1,1,1280,1,64,0.050000000000000003,0,0,0,1,1,5.7147886138479143,2.1123667377908792,-0.090593059062121603,0.090593059062121603,5.7827377319335938,2.0436506271362305,0.0012722437380658883,0.0011510758742090002,0.0012116598061374443,0.012006701700886326,0.010795041894748883,0.00012116786385688808,0.14726249873638153,-0.34361249208450317,-0.023264218090252847,-0.054283174759238662,-0.0703125,0.07421875,0.91488280147314072,-0.067949118085679494,0.068716110654648777,35,35,0,0,0,1,1,1,1,1,1,1,1,1,RUNNING,9.9969849999999028,0.0030150000000972454
338,3.3726075500000001,PLUS_DIAGNOSTIC_PROFILE,J2_KP100,1,1,1280,1,64,0.050000000000000003,0,0,0,1,1,5.7138992551583412,2.1132560964804528,-0.087278678852531794,0.087278678852531794,5.7825460433959961,2.0436506271362305,0.0013025262878143924,0.0011510758742090002,0.0012268010810116963,0.012147200705671869,0.010920399624660172,0.00015145041360539215,-0.24543750286102295,-0.31906875967979431,0.038773697601772718,-0.050405807823926105,-0.0703125,0.07421875,0.91488280147314072,-0.06864678823765491,0.069605469344222293,35,35,0,0,0,1,1,1,1,1,1,1,1,1,RUNNING,10.042086000000339,0.042086000000338686
339,3.3825678880000001,PLUS_DIAGNOSTIC_PROFILE,J2_KP100,1,1,1280,1,64,0.050000000000000003,0,0,0,1,1,5.7130430402708638,2.1141123113679301,-0.08396429864294197,0.08396429864294197,5.7827377319335938,2.0438423156738281,0.0012722437380658883,0.0011813584239575045,0.0012268010810116965,0.01228246372270143,0.011055662641689733,9.0885314108383802e-05,0.098174996674060822,-0.34361249208450317,-0.015509478334492909,-0.054283174759238662,-0.08203125,0.07421875,0.98906248807907104,-0.069694691662729902,0.070269995694101972,35,35,0,0,0,1,1,1,1,1,1,1,1,1,RUNNING,9.9603379999999575,0.039662000000042497
340,3.3926164860000001,PLUS_DIAGNOSTIC_PROFILE,J2_KP100,1,1,1280,1,64,0.050000000000000003,0,0,0,1,1,5.7122199691854822,2.1149353824533117,-0.080649918433352161,0.080649918433352161,5.7825460433959961,2.0440342426300049,0.0013025262878143924,0.0012116786385688797,0.001257102463191636,0.012412490751975007,0.011155388288783371,9.0847649245512623e-05,-0.17180624604225159,0.049087498337030411,0.027141587379619331,0.0077547391672464546,-0.08203125,0.08203125,1.0385156124830246,-0.070326074210513845,0.070901139823306814,35,35,0,0,0,1,1,1,1,1,1,1,1,1,RUNNING,10.04859800000002,0.048598000000019681
341,3.4025699199999999,PLUS_DIAGNOSTIC_PROFILE,J2_KP100,1,1,1280,1,64,0.050000000000000003,0,0,0,1,1,5.7114300419021973,2.1157253097365971,-0.077335538223762337,0.077335538223762337,5.7825460433959961,2.0438423156738281,0.0013025262878143924,0.0011813584239575045,0.0012419423558859485,0.012537281793492602,0.011295339437606654,0.00012116786385688787,-0.31906875967979431,-0.39269998669624329,0.050405807823926105,-0.062037913337971637,-0.0703125,0.07421875,0.91488280147314072,-0.071116001493798819,0.07188299406276899,35,35,0,0,0,1,1,1,1,1,1,1,1,1,RUNNING,9.9534339999998167,0.046566000000183294
342,3.4125659449999999,PLUS_DIAGNOSTIC_PROFILE,J2_KP100,1,1,1280,1,64,0.050000000000000003,0,0,0,1,1,5.7106732584210071,2.1164820932177868,-0.074021158014172514,0.074021158014172514,5.7827377319335938,2.0440342426300049,0.0012722437380658883,0.0012116786385688797,0.001241961188317384,0.012656836847254212,0.011414875658936828,6.056509949700856e-05,0.12271875143051147,-0.073631249368190765,-0.019386848800886359,-0.011632109045126423,-0.08203125,0.08203125,1.0385156124830246,-0.072064473512586602,0.072447850587781915,35,35,0,0,0,1,1,1,1,1,1,1,1,1,RUNNING,9.996024999999964,0.003975000000036033
343,3.422638391,PLUS_DIAGNOSTIC_PROFILE,J2_KP100,1,1,1280,1,64,0.050000000000000003,0,0,0,1,1,5.7099496187419136,2.1172057328968807,-0.070706777804582704,0.070706777804582704,5.7827377319335938,2.0440342426300049,0.0012722437380658883,0.0012116786385688797,0.001241961188317384,0.012771155913259842,0.011529194724942458,6.056509949700856e-05,0.098174996674060822,-0.19634999334812164,-0.015509478334492909,-0.031018956668985818,-0.08203125,0.08203125,1.0385156124830246,-0.072788113191680104,0.07317149026687586,35,35,0,0,0,1,1,1,1,1,1,1,1,1,RUNNING,10.072446000000124,0.072446000000123689
344,3.432604515,PLUS_DIAGNOSTIC_PROFILE,J2_KP100,1,1,1280,1,64,0.050000000000000003,0,0,0,1,1,5.7092591228649159,2.1178962287738785,-0.067392397594992881,0.067392397594992881,5.7825460433959961,2.0438423156738281,0.0013025262878143924,0.0011813584239575045,0.0012419423558859485,0.012880238991509488,0.011638296635623539,0.00012116786385688787,-0.24543750286102295,-0.39269998669624329,0.038773697601772718,-0.062037913337971637,-0.0703125,0.07421875,0.91488280147314072,-0.073286920531080213,0.074053913100050384,35,35,0,0,0,1,1,1,1,1,1,1,1,1,RUNNING,9.9661239999999651,0.033876000000034878
345,3.4425663389999999,PLUS_DIAGNOSTIC_PROFILE,J2_KP100,1,1,1280,1,64,0.050000000000000003,0,0,0,1,1,5.7086017707900139,2.1185535808487805,-0.064078017385403072,0.064078017385403072,5.7827377319335938,2.0440342426300049,0.0012722437380658883,0.0012116786385688797,0.001241961188317384,0.01298408608200315,0.011742124893685766,6.056509949700856e-05,0.19634999334812164,-0.073631249368190765,-0.031018956668985818,-0.011632109045126423,-0.0703125,0.08203125,0.96433592587709427,-0.074135961143579898,0.074519338218775655,35,35,0,0,0,1,1,1,1,1,1,1,1,1,RUNNING,9.961823999999897,0.038176000000103016
346,3.4525650680000002,PLUS_DIAGNOSTIC_PROFILE,J2_KP100,1,1,1280,1,64,0.050000000000000003,0,0,0,1,1,5.7079775625172076,2.1191777891215864,-0.060763637175813248,0.060763637175813248,5.7825460433959961,2.0442259311676025,0.0013025262878143924,0.001241961188317384,0.0012722437380658881,0.013082697184740829,0.011810453446674942,6.0565099497008343e-05,0,0.12271875143051147,-0,0.019386848800886359,-0.08203125,0.08203125,1.0385156124830246,-0.074568480878788534,0.074951857953983847,35,35,0,0,0,1,1,1,1,1,1,1,1,1,RUNNING,9.9987290000003171,0.0012709999996829424
347,3.4625720969999998,PLUS_DIAGNOSTIC_PROFILE,J2_KP100,1,1,1280,1,64,0.050000000000000003,0,0,0,1,1,5.707386498046497,2.1197688535922965,-0.05744925696622346,0.05744925696622346,5.7823538780212402,2.0440342426300049,0.001332884167288639,0.0012116786385688797,0.0012722814029287595,0.013176072299722525,0.011903790896793765,0.00012120552871975926,0,-0.34361249208450317,-0,-0.054283174759238662,-0.08203125,0.08203125,1.0385156124830246,-0.074967379974743231,0.075734610962291615,35,35,0,0,0,1,1,1,1,1,1,1,1,1,RUNNING,10.007028999999612,0.00702899999961204
348,3.4725712259999999,PLUS_DIAGNOSTIC_PROFILE,J2_KP100,1,1,1280,1,64,0.050000000000000003,0,0,0,1,1,5.7068285773778831,2.1203267742609109,-0.054134876756633643,0.054134876756633643,5.7823538780212402,2.0442259311676025,0.001332884167288639,0.001241961188317384,0.0012874226778030115,0.013264211426948239,0.011976788749145227,9.0922978971254981e-05,-0.098174996674060822,-0.098174996674060822,0.015509478334492909,-0.015509478334492909,-0.0703125,0.07421875,0.91488280147314072,-0.075525300643357163,0.076100843093308335,35,35,0,0,0,1,1,1,1,1,1,1,1,1,RUNNING,9.9991290000001065,0.00087099999989348476
349,3.4825691330000001,PLUS_DIAGNOSTIC_PROFILE,J2_KP100,1,1,1280,1,64,0.050000000000000003,0,0,0,1,1,5.7063038005113649,2.1208515511274295,-0.050820496547043827,0.050820496547043827,5.7823538780212402,2.0442259311676025,0.001332884167288639,0.001241961188317384,0.0012874226778030115,0.01334711456641797,0.012059691888614959,9.0922978971254981e-05,0.12271875143051147,-0.024543749168515205,-0.019386848800886359,-0.0038773695836232273,-0.0703125,0.08203125,0.96433592587709427,-0.076050077509875358,0.076625619959826974,35,35,0,0,0,1,1,1,1,1,1,1,1,1,RUNNING,9.9979070000002501,0.0020929999997498783
350,3.4925691579999998,PLUS_DIAGNOSTIC_PROFILE,J2_KP100,1,1,1280,1,64,0.050000000000000003,0,0,0,1,1,5.7058121674469424,2.121343184191852,-0.047506116337454017,0.047506116337454017,5.7821621894836426,2.0442259311676025,0.0013631667170371433,0.001241961188317384,0.0013025639526772635,0.013424781718131718,0.012122217765454454,0.00012120552871975926,-0.26998123526573181,-0.19634999334812164,0.042651064537085275,-0.031018956668985818,-0.08203125,0.0859375,1.0632421746850014,-0.07635002203670016,0.077117253024249433,35,35,0,0,0,1,1,1,1,1,1,1,1,1,RUNNING,10.000024999999635,2.4999999634900405e-05
351,3.502568524,PLUS_DIAGNOSTIC_PROFILE,J2_KP100,1,1,1280,1,64,0.050000000000000003,0,0,0,1,1,5.7053536781846157,2.1218016734541782,-0.044191736127864194,0.044191736127864194,5.7823538780212402,2.0442259311676025,0.001332884167288639,0.001241961188317384,0.0012874226778030115,0.013497212882089483,0.012209790204286471,9.0922978971254981e-05,0.024543749168515205,-0.12271875143051147,-0.0038773695836232273,-0.019386848800886359,-0.0703125,0.07421875,0.91488280147314072,-0.077000199836624539,0.077575742286575711,35,35,0,0,0,1,1,1,1,1,1,1,1,1,RUNNING,9.9993660000001761,0.00063399999982394206
352,3.5125683689999998,PLUS_DIAGNOSTIC_PROFILE,J2_KP100,1,1,1280,1,64,0.050000000000000003,0,0,0,1,1,5.7049283327243847,2.1222270189144092,-0.04087735591827437,0.04087735591827437,5.7821621894836426,2.0440342426300049,0.0013631667170371433,0.0012116786385688797,0.0012874226778030115,0.013564408058291264,0.012276985380488253,0.00015148807846826354,-0.19634999334812164,-0.34361249208450317,0.031018956668985818,-0.054283174759238662,-0.08203125,0.08203125,1.0385156124830246,-0.077233856759257868,0.078192776284404353,35,35,0,0,0,1,1,1,1,1,1,1,1,1,RUNNING,9.9998449999998407,0.00015500000015933324
353,3.5225679269999999,PLUS_DIAGNOSTIC_PROFILE,J2_KP100,1,1,1280,1,64,0.050000000000000003,0,0,0,1,1,5.7045361310662503,2.122619220572544,-0.037562975708684554,0.037562975708684554,5.7821621894836426,2.0442259311676025,0.0013631667170371433,0.001241961188317384,0.0013025639526772635,0.013626367246737063,0.0123238032940598,0.00012120552871975926,-0.29452499747276306,0.098174996674060822,0.046528436180505693,0.015509478334492909,-0.0859375,0.0859375,1.0879687368869781,-0.07762605841739223,0.078393289404941502,35,35,0,0,0,1,1,1,1,1,1,1,1,1,RUNNING,9.999558000000075,0.00044199999992500238
354,3.5325692489999998,PLUS_DIAGNOSTIC_PROFILE,J2_KP100,1,1,1280,1,64,0.050000000000000003,0,0,0,1,1,5.7041770732102108,2.1229782784285827,-0.034248595499094737,0.034248595499094737,5.7823538780212402,2.0442259311676025,0.001332884167288639,0.001241961188317384,0.0012874226778030115,0.013683090447426879,0.012395667769623867,9.0922978971254981e-05,0.12271875143051147,-0.024543749168515205,-0.019386848800886359,-0.0038773695836232273,-0.0703125,0.07421875,0.91488280147314072,-0.078176804811029399,0.078752347260980127,35,35,0,0,0,1,1,1,1,1,1,1,1,1,RUNNING,10.001321999999924,0.001321999999923662
355,3.5425682090000001,PLUS_DIAGNOSTIC_PROFILE,J2_KP100,1,1,1280,1,64,0.050000000000000003,0,0,0,1,1,5.7038511591562679,2.123304192482526,-0.030934215289504918,0.030934215289504918,5.7821621894836426,2.0444176197052002,0.0013631667170371433,0.0012722437380658883,0.0013177052275515158,0.013734577660360712,0.012416872432809195,9.0922978971254981e-05,-0.29452499747276306,0.24543750286102295,0.046528436180505693,0.038773697601772718,-0.08203125,0.08984375,1.0879687368869781,-0.078311030327374631,0.078886572777325803,35,35,0,0,0,1,1,1,1,1,1,1,1,1,RUNNING,9.9989600000003342,0.0010399999996657527
356,3.5525681979999999,PLUS_DIAGNOSTIC_PROFILE,J2_KP100,1,1,1280,1,64,0.050000000000000003,0,0,0,1,1,5.7035583889044208,2.1235969627343727,-0.027619835079915101,0.027619835079915101,5.7821621894836426,2.0442259311676025,0.0013631667170371433,0.001241961188317384,0.0013025639526772635,0.013780828885538561,0.012478264932861298,0.00012120552871975926,-0.12271875143051147,0,0.019386848800886359,0,-0.07421875,0.0859375,1.0137890502810478,-0.078603800579221783,0.079371031566770167,35,35,0,0,0,1,1,1,1,1,1,1,1,1,RUNNING,9.9999889999997649,1.1000000235128482e-05
357,3.5625701080000001,PLUS_DIAGNOSTIC_PROFILE,J2_KP100,1,1,1280,1,64,0.050000000000000003,0,0,0,1,1,5.7032987624546703,2.1238565891841241,-0.024305454870325285,0.024305454870325285,5.7821621894836426,2.0444176197052002,0.0013631667170371433,0.0012722437380658883,0.0013177052275515158,0.013821844122960428,0.012504138895408912,9.0922978971254981e-05,-0.024543749168515205,0.12271875143051147,0.0038773695836232273,0.019386848800886359,-0.0703125,0.08984375,1.0137890502810478,-0.07886342702897231,0.079438969478923926,35,35,0,0,0,1,1,1,1,1,1,1,1,1,RUNNING,10.001910000000169,0.0019100000001692763
358,3.5727378000000001,PLUS_DIAGNOSTIC_PROFILE,J2_KP100,1,1,1280,1,64,0.050000000000000003,0,0,0,1,1,5.7030722798070146,2.1240830718317794,-0.020991074660735465,0.020991074660735465,5.7819705009460449,2.0444176197052002,0.0013934492667856476,0.0012722437380658883,0.001332846502425768,0.013857623372626311,0.012524776870200543,0.00012120552871975926,-0.22089375555515289,0,0.03489632831240623,0,-0.08203125,0.08203125,1.0385156124830246,-0.078898221139030333,0.079665452126579162,35,35,0,0,0,1,1,1,1,1,1,1,1,1,RUNNING,10.167692000000006,0.16769200000000595
359,3.5825721580000001,PLUS_DIAGNOSTIC_PROFILE,J2_KP100,1,1,1280,1,64,0.050000000000000003,0,0,0,1,1,5.7028789409614555,2.1242764106773389,-0.017676694451145648,0.017676694451145648,5.7819705009460449,2.0444176197052002,0.0013934492667856476,0.0012722437380658883,0.001332846502425768,0.013888166634536212,0.012555320132110444,0.00012120552871975926,0.12271875143051147,-0.098174996674060822,-0.019386848800886359,-0.015509478334492909,-0.07421875,0.0859375,1.0137890502810478,-0.079091559984589388,0.07985879097213866,35,35,0,0,0,1,1,1,1,1,1,1,1,1,RUNNING,9.8343579999999875,0.1656420000000125
360,3.5925691679999998,PLUS_DIAGNOSTIC_PROFILE,J2_KP100,1,1,1280,1,64,0.050000000000000003,0,0,0,1,1,5.7027187459179913,2.1244366057208022,-0.01436231424155583,0.01436231424155583,5.7817788124084473,2.0444176197052002,0.0014237318165341516,0.0012722437380658883,0.0013479877773000201,0.013913473908690129,0.01256548613139011,0.00015148807846826332,-0.098174996674060822,-0.073631249368190765,0.015509478334492909,-0.011632109045126423,-0.0859375,0.08203125,1.0632421746850014,-0.079060066490455938,0.080018986015601978,35,35,0,0,0,1,1,1,1,1,1,1,1,1,RUNNING,9.9970099999997508,0.0029900000002491822
361,3.6025702000000002,PLUS_DIAGNOSTIC_PROFILE,J2_KP100,1,1,1280,1,64,0.050000000000000003,0,0,0,1,1,5.7025916946766237,2.1245636569621698,-0.011047934031966012,0.011047934031966012,5.7817788124084473,2.0442259311676025,0.0014237318165341516,0.001241961188317384,0.0013328465024257678,0.013933545195088064,0.012600698692662296,0.0001817706282167676,0.098174996674060822,-0.46633124351501465,-0.015509478334492909,-0.073670023560125017,-0.08203125,0.08984375,1.0879687368869781,-0.07918711773182352,0.080337725794567216,35,35,0,0,0,1,1,1,1,1,1,1,1,1,RUNNING,10.001032000000354,0.001032000000353861
362,3.6125687229999999,PLUS_DIAGNOSTIC_PROFILE,J2_KP100,1,1,1280,1,64,0.050000000000000003,0,0,0,1,1,5.7024977872373519,2.1246575644014416,-0.007733553822376193,0.007733553822376193,5.7815871238708496,2.0446093082427979,0.0014540143662826559,0.0013025262878143924,0.0013782703270485241,0.013948380493730017,0.012570110166681492,0.00015148807846826354,-0.073631249368190765,0.098174996674060822,0.011632109045126423,0.015509478334492909,-0.07421875,0.0859375,1.0137890502810478,-0.079089336633497709,0.080048256158643749,35,35,0,0,0,1,1,1,1,1,1,1,1,1,RUNNING,9.9985229999997038,0.0014770000002961581
363,3.6225644319999999,PLUS_DIAGNOSTIC_PROFILE,J2_KP100,1,1,1280,1,64,0.050000000000000003,0,0,0,1,1,5.7024370236001767,2.1247183280386173,-0.0044191736127863748,0.0044191736127863748,5.7817788124084473,2.0444176197052002,0.0014237318165341516,0.0012722437380658883,0.0013479877773000201,0.013957979804615986,0.012609992027315966,0.00015148807846826332,0.19634999334812164,-0.24543750286102295,-0.031018956668985818,-0.038773697601772718,-0.07421875,0.08203125,0.98906248807907104,-0.079341788808270586,0.08030070833341707,35,35,0,0,0,1,1,1,1,1,1,1,1,1,RUNNING,9.9957090000000193,0.0042909999999807269
364,3.6325634280000001,PLUS_DIAGNOSTIC_PROFILE,J2_KP100,1,1,1280,1,64,0.050000000000000003,0,0,0,1,1,5.7024094037650963,2.1247459478736972,-0.0011047934031965571,0.0011047934031965571,5.7815871238708496,2.0446093082427979,0.0014540143662826559,0.0013025262878143924,0.0013782703270485241,0.01396234312774597,0.012584072800697446,0.00015148807846826354,-0.19634999334812164,-0.024543749168515205,0.031018956668985818,-0.0038773695836232273,-0.08203125,0.0859375,1.0632421746850014,-0.079177720105753302,0.080136639630899342,35,35,0,0,0,1,1,1,1,1,1,1,1,1,RUNNING,9.9989960000002043,0.0010039999997957239
365,3.6425689010000002,PLUS_DIAGNOSTIC_PROFILE,J2_KP100,1,1,1280,1,64,0.050000000000000003,0,0,0,1,1,5.7024075624427581,2.1247477891960362,-0,0,5.7815871238708496,2.0444176197052002,0.0014540143662826559,0.0012722437380658883,0.0013631290521742721,0.013962634015954637,0.012599504963780365,0.0001817706282167676,-0.24543750286102295,-0.34361249208450317,0.038773697601772718,-0.054283174759238662,-0.08203125,0.0859375,1.0632421746850014,-0.079179561428091461,0.080330169490836045,35,35,0,0,0,1,1,1,1,1,1,1,1,1,RUNNING,10.005473000000098,0.0054730000000979828
366,3.652567769,PLUS_DIAGNOSTIC_ENDPOINT,J2_KP100,1,1,1280,1,64,0.050000000000000003,0,0,0,1,1,5.7024075624427581,2.1247477891960362,-0,0,5.7815871238708496,2.0446093082427979,0.0014540143662826559,0.0013025262878143924,0.0013782703270485241,0.013962634015954637,0.012584363688906112,0.00015148807846826354,-0.073631249368190765,-0.024543749168515205,0.011632109045126423,-0.0038773695836232273,-0.08203125,0.08984375,1.0879687368869781,-0.079179561428091461,0.080138480953238389,35,35,0,0,0,1,1,1,1,1,1,1,1,1,RUNNING,9.9988679999998276,0.0011320000001724395
367,3.662567363,PLUS_DIAGNOSTIC_ENDPOINT,J2_KP100,1,1,1280,1,64,0.050000000000000003,0,0,0,1,1,5.7024075624427581,2.1247477891960362,-0,0,5.7815871238708496,2.0444176197052002,0.0014540143662826559,0.0012722437380658883,0.0013631290521742721,0.013962634015954637,0.012599504963780365,0.0001817706282167676,-0.098174996674060822,-0.34361249208450317,0.015509478334492909,-0.054283174759238662,-0.08203125,0.0859375,1.0632421746850014,-0.079179561428091461,0.080330169490836045,35,35,0,0,0,1,1,1,1,1,1,1,1,1,RUNNING,9.999593999999945,0.0004060000000549735
368,3.6725689350000001,PLUS_DIAGNOSTIC_ENDPOINT,J2_KP100,1,1,1280,1,64,0.050000000000000003,0,0,0,1,1,5.7024075624427581,2.1247477891960362,-0,0,5.7815871238708496,2.0448012351989746,0.0014540143662826559,0.0013328465024257678,0.0013934304343542119,0.013962634015954637,0.012569203581600425,0.00012116786385688808,-0.17180624604225159,0.44178751111030579,0.027141587379619331,0.06979265662481246,-0.08203125,0.08984375,1.0879687368869781,-0.079179561428091461,0.079946553997061631,35,35,0,0,0,1,1,1,1,1,1,1,1,1,RUNNING,10.001572000000181,0.0015720000001806511
369,3.6825677300000002,PLUS_DIAGNOSTIC_ENDPOINT,J2_KP100,1,1,1280,1,64,0.050000000000000003,0,0,0,1,1,5.7024075624427581,2.1247477891960362,-0,0,5.7815871238708496,2.0444176197052002,0.0014540143662826559,0.0012722437380658883,0.0013631290521742721,0.013962634015954637,0.012599504963780365,0.0001817706282167676,0,-0.17180624604225159,-0,-0.027141587379619331,-0.07421875,0.0859375,1.0137890502810478,-0.079179561428091461,0.080330169490836045,35,35,0,0,0,1,1,1,1,1,1,1,1,1,RUNNING,9.9987950000000048,0.0012049999999952377
370,3.6925683760000001,PLUS_DIAGNOSTIC_ENDPOINT,J2_KP100,1,1,1280,1,64,0.050000000000000003,0,0,0,1,1,5.7024075624427581,2.1247477891960362,-0,0,5.7815871238708496,2.0446093082427979,0.0014540143662826559,0.0013025262878143924,0.0013782703270485241,0.013962634015954637,0.012584363688906112,0.00015148807846826354,-0.024543749168515205,0.098174996674060822,0.0038773695836232273,0.015509478334492909,-0.0859375,0.0859375,1.0879687368869781,-0.079179561428091461,0.080138480953238389,35,35,0,0,0,1,1,1,1,1,1,1,1,1,RUNNING,10.000645999999946,0.00064599999994641166
371,3.7025669309999998,PLUS_DIAGNOSTIC_ENDPOINT,J2_KP100,1,1,1280,1,64,0.050000000000000003,0,0,0,1,1,5.7024075624427581,2.1247477891960362,-0,0,5.781395435333252,2.0442259311676025,0.00148429691603116,0.001241961188317384,0.0013631290521742721,0.013962634015954637,0.012599504963780365,0.00024233572771377595,-0.34361249208450317,-0.73631250858306885,0.054283174759238662,-0.11632109280531816,-0.08203125,0.08203125,1.0385156124830246,-0.078987872890493804,0.080521858028433702,35,35,0,0,0,1,1,1,1,1,1,1,1,1,RUNNING,9.998554999999687,0.0014450000003130015
372,3.7125669719999999,PLUS_DIAGNOSTIC_ENDPOINT,J2_KP100,1,1,1280,1,64,0.050000000000000003,0,0,0,1,1,5.7024075624427581,2.1247477891960362,-0,0,5.7815871238708496,2.0448012351989746,0.0014540143662826559,0.0013328465024257678,0.0013934304343542119,0.013962634015954637,0.012569203581600425,0.00012116786385688808,0.024543749168515205,0.34361249208450317,-0.0038773695836232273,0.054283174759238662,-0.08203125,0.0859375,1.0632421746850014,-0.079179561428091461,0.079946553997061631,35,35,0,0,0,1,1,1,1,1,1,1,1,1,RUNNING,10.000041000000071,4.1000000070567921e-05
373,3.7225695519999999,PLUS_DIAGNOSTIC_ENDPOINT,J2_KP100,1,1,1280,1,64,0.050000000000000003,0,0,0,1,1,5.7024075624427581,2.1247477891960362,-0,0,5.7815871238708496,2.0446093082427979,0.0014540143662826559,0.0013025262878143924,0.0013782703270485241,0.013962634015954637,0.012584363688906112,0.00015148807846826354,0.098174996674060822,-0.049087498337030411,-0.015509478334492909,-0.0077547391672464546,-0.07421875,0.0859375,1.0137890502810478,-0.079179561428091461,0.080138480953238389,35,35,0,0,0,1,1,1,1,1,1,1,1,1,RUNNING,10.002580000000094,0.0025800000000941736
374,3.7325813929999998,PLUS_DIAGNOSTIC_ENDPOINT,J2_KP100,1,1,1280,1,64,0.050000000000000003,0,0,0,1,1,5.7024075624427581,2.1247477891960362,-0,0,5.7815871238708496,2.0446093082427979,0.0014540143662826559,0.0013025262878143924,0.0013782703270485241,0.013962634015954637,0.012584363688906112,0.00015148807846826354,0.12271875143051147,-0.073631249368190765,-0.019386848800886359,-0.011632109045126423,-0.08203125,0.0859375,1.0632421746850014,-0.079179561428091461,0.080138480953238389,35,35,0,0,0,1,1,1,1,1,1,1,1,1,RUNNING,10.011840999999855,0.011840999999854773
375,3.7425712820000001,PLUS_DIAGNOSTIC_ENDPOINT,J2_KP100,1,1,1280,1,64,0.050000000000000003,0,0,0,1,1,5.7024075624427581,2.1247477891960362,-0,0,5.7815871238708496,2.0444176197052002,0.0014540143662826559,0.0012722437380658883,0.0013631290521742721,0.013962634015954637,0.012599504963780365,0.0001817706282167676,0.14726249873638153,-0.56450623273849487,-0.023264218090252847,-0.089179500717590968,-0.08203125,0.0859375,1.0632421746850014,-0.079179561428091461,0.080330169490836045,35,35,0,0,0,1,1,1,1,1,1,1,1,1,RUNNING,9.9898890000003071,0.010110999999692893
376,3.752570768,PLUS_DIAGNOSTIC_ENDPOINT,J2_KP100,1,1,1280,1,64,0.050000000000000003,0,0,0,1,1,5.7024075624427581,2.1247477891960362,-0,0,5.781395435333252,2.0446093082427979,0.00148429691603116,0.0013025262878143924,0.0013934116019227762,0.013962634015954637,0.012569222414031861,0.0001817706282167676,-0.24543750286102295,-0.24543750286102295,0.038773697601772718,-0.038773697601772718,-0.07421875,0.0859375,1.0137890502810478,-0.078987872890493804,0.080138480953238389,35,35,0,0,0,1,1,1,1,1,1,1,1,1,RUNNING,9.9994859999998909,0.00051400000010914937
377,3.762570185,PLUS_DIAGNOSTIC_ENDPOINT,J2_KP100,1,1,1280,1,64,0.050000000000000003,0,0,0,1,1,5.7024075624427581,2.1247477891960362,-0,0,5.7812037467956543,2.0446093082427979,0.0015145794657796642,0.0013025262878143924,0.0014085528767970282,0.013962634015954637,0.012554081139157609,0.00021205317796527188,-0.58904999494552612,-0.14726249873638153,0.093056872361011386,-0.023264218090252847,-0.08203125,0.08984375,1.0879687368869781,-0.078796184352896148,0.080138480953238389,35,35,0,0,0,1,1,1,1,1,1,1,1,1,RUNNING,9.9994169999999549,0.00058300000004507524
378,3.7725704040000001,PLUS_DIAGNOSTIC_ENDPOINT,J2_KP100,1,1,1280,1,64,0.050000000000000003,0,0,0,1,1,5.7024075624427581,2.1247477891960362,-0,0,5.781395435333252,2.0446093082427979,0.00148429691603116,0.0013025262878143924,0.0013934116019227762,0.013962634015954637,0.012569222414031861,0.0001817706282167676,-0.17180624604225159,-0.098174996674060822,0.027141587379619331,-0.015509478334492909,-0.0859375,0.08984375,1.1126952990889549,-0.078987872890493804,0.080138480953238389,35,35,0,0,0,1,1,1,1,1,1,1,1,1,RUNNING,10.000219000000143,0.00021900000014341003
379,3.7826146920000001,PLUS_DIAGNOSTIC_ENDPOINT,J2_KP100,1,1,1280,1,64,0.050000000000000003,0,0,0,1,1,5.7024075624427581,2.1247477891960362,-0,0,5.781395435333252,2.0446093082427979,0.00148429691603116,0.0013025262878143924,0.0013934116019227762,0.013962634015954637,0.012569222414031861,0.0001817706282167676,-0.14726249873638153,-0.17180624604225159,0.023264218090252847,-0.027141587379619331,-0.0859375,0.0859375,1.0879687368869781,-0.078987872890493804,0.080138480953238389,35,35,0,0,0,1,1,1,1,1,1,1,1,1,RUNNING,10.044288000000012,0.044288000000012318
380,3.7926826380000001,PLUS_DIAGNOSTIC_ENDPOINT,J2_KP100,1,1,1280,1,64,0.050000000000000003,0,0,0,1,1,5.7024075624427581,2.1247477891960362,-0,0,5.781395435333252,2.0444176197052002,0.00148429691603116,0.0012722437380658883,0.0013782703270485241,0.013962634015954637,0.012584363688906112,0.00021205317796527167,-0.22089375555515289,-0.46633124351501465,0.03489632831240623,-0.073670023560125017,-0.08203125,0.0859375,1.0632421746850014,-0.078987872890493804,0.080330169490836045,35,35,0,0,0,1,1,1,1,1,1,1,1,1,RUNNING,10.067945999999939,0.067945999999938778
381,3.8026800540000001,PLUS_DIAGNOSTIC_ENDPOINT,J2_KP100,1,1,1280,1,64,0.050000000000000003,0,0,0,1,1,5.7024075624427581,2.1247477891960362,-0,0,5.7815871238708496,2.0446093082427979,0.0014540143662826559,0.0013025262878143924,0.0013782703270485241,0.013962634015954637,0.012584363688906112,0.00015148807846826354,0.26998123526573181,-0.41724374890327454,-0.042651064537085275,-0.065915284981392055,-0.08203125,0.0859375,1.0632421746850014,-0.079179561428091461,0.080138480953238389,35,35,0,0,0,1,1,1,1,1,1,1,1,1,RUNNING,9.9974160000000367,0.0025839999999632823
382,3.812696968,PLUS_DIAGNOSTIC_ENDPOINT,J2_KP100,1,1,1280,1,64,0.050000000000000003,0,0,0,1,1,5.7024075624427581,2.1247477891960362,-0,0,5.7815871238708496,2.0448012351989746,0.0014540143662826559,0.0013328465024257678,0.0013934304343542119,0.013962634015954637,0.012569203581600425,0.00012116786385688808,0.24543750286102295,0.073631249368190765,-0.038773697601772718,0.011632109045126423,-0.08203125,0.0859375,1.0632421746850014,-0.079179561428091461,0.079946553997061631,35,35,0,0,0,1,1,1,1,1,1,1,1,1,RUNNING,10.016913999999932,0.016913999999932372
383,3.822687604,PLUS_DIAGNOSTIC_ENDPOINT,J2_KP100,1,1,1280,1,64,0.050000000000000003,0,0,0,1,1,5.7024075624427581,2.1247477891960362,-0,0,5.7815871238708496,2.0446093082427979,0.0014540143662826559,0.0013025262878143924,0.0013782703270485241,0.013962634015954637,0.012584363688906112,0.00015148807846826354,0.12271875143051147,-0.26998123526573181,-0.019386848800886359,-0.042651064537085275,-0.08203125,0.08984375,1.0879687368869781,-0.079179561428091461,0.080138480953238389,35,35,0,0,0,1,1,1,1,1,1,1,1,1,RUNNING,9.9906359999999417,0.0093640000000583257
384,3.8325755090000002,PLUS_DIAGNOSTIC_ENDPOINT,J2_KP100,1,1,1280,1,64,0.050000000000000003,0,0,0,1,1,5.7024075624427581,2.1247477891960362,-0,0,5.7815871238708496,2.0448012351989746,0.0014540143662826559,0.0013328465024257678,0.0013934304343542119,0.013962634015954637,0.012569203581600425,0.00012116786385688808,0.14726249873638153,-0.073631249368190765,-0.023264218090252847,-0.011632109045126423,-0.08203125,0.07421875,0.98906248807907104,-0.079179561428091461,0.079946553997061631,35,35,0,0,0,1,1,1,1,1,1,1,1,1,RUNNING,9.8879050000002522,0.11209499999974781
385,3.842569009,PLUS_DIAGNOSTIC_ENDPOINT,J2_KP100,1,1,1280,1,64,0.050000000000000003,0,0,0,1,1,5.7024075624427581,2.1247477891960362,-0,0,5.781395435333252,2.0446093082427979,0.00148429691603116,0.0013025262878143924,0.0013934116019227762,0.013962634015954637,0.012569222414031861,0.0001817706282167676,-0.073631249368190765,0.098174996674060822,0.011632109045126423,0.015509478334492909,-0.07421875,0.0859375,1.0137890502810478,-0.078987872890493804,0.080138480953238389,35,35,0,0,0,1,1,1,1,1,1,1,1,1,RUNNING,9.9934999999997665,0.0065000000002335412
386,3.8525647699999999,PLUS_DIAGNOSTIC_ENDPOINT,J2_KP100,1,1,1280,1,64,0.050000000000000003,0,0,0,1,1,5.7024075624427581,2.1247477891960362,-0,0,5.7812037467956543,2.0446093082427979,0.0015145794657796642,0.0013025262878143924,0.0014085528767970282,0.013962634015954637,0.012554081139157609,0.00021205317796527188,-0.44178751111030579,-0.34361249208450317,0.06979265662481246,-0.054283174759238662,-0.08203125,0.08203125,1.0385156124830246,-0.078796184352896148,0.080138480953238389,35,35,0,0,0,1,1,1,1,1,1,1,1,1,RUNNING,9.9957609999998809,0.0042390000001191197
387,3.8625642290000002,PLUS_DIAGNOSTIC_ENDPOINT,J2_KP100,1,1,1280,1,64,0.050000000000000003,0,0,0,1,1,5.7024075624427581,2.1247477891960362,-0,0,5.7812037467956543,2.0448012351989746,0.0015145794657796642,0.0013328465024257678,0.0014237129841027161,0.013962634015954637,0.01253892103185192,0.00018173296335389643,-0.41724374890327454,0,0.065915284981392055,0,-0.08203125,0.08203125,1.0385156124830246,-0.078796184352896148,0.079946553997061631,35,35,0,0,0,1,1,1,1,1,1,1,1,1,RUNNING,9.9994590000003214,0.00054099999967860413
388,3.8725690199999998,PLUS_DIAGNOSTIC_ENDPOINT,J2_KP100,1,1,1280,1,64,0.050000000000000003,0,0,0,1,1,5.7024075624427581,2.1247477891960362,-0,0,5.7812037467956543,2.0446093082427979,0.0015145794657796642,0.0013025262878143924,0.0014085528767970282,0.013962634015954637,0.012554081139157609,0.00021205317796527188,-0.36815625429153442,-0.36815625429153442,0.05816054640265908,-0.05816054640265908,-0.07421875,0.08203125,0.98906248807907104,-0.078796184352896148,0.080138480953238389,35,35,0,0,0,1,1,1,1,1,1,1,1,1,RUNNING,10.004790999999624,0.0047909999996242902
389,3.882566663,PLUS_DIAGNOSTIC_ENDPOINT,J2_KP100,1,1,1280,1,64,0.050000000000000003,0,0,0,1,1,5.7024075624427581,2.1247477891960362,-0,0,5.7812037467956543,2.0448012351989746,0.0015145794657796642,0.0013328465024257678,0.0014237129841027161,0.013962634015954637,0.01253892103185192,0.00018173296335389643,-0.36815625429153442,0.073631249368190765,0.05816054640265908,0.011632109045126423,-0.08203125,0.08203125,1.0385156124830246,-0.078796184352896148,0.079946553997061631,35,35,0,0,0,1,1,1,1,1,1,1,1,1,RUNNING,9.997643000000167,0.0023569999998329649
390,3.892573858,PLUS_DIAGNOSTIC_ENDPOINT,J2_KP100,1,1,1280,1,64,0.050000000000000003,0,0,0,1,1,5.7024075624427581,2.1247477891960362,-0,0,5.7812037467956543,2.0444176197052002,0.0015145794657796642,0.0012722437380658883,0.0013934116019227762,0.013962634015954637,0.012569222414031861,0.00024233572771377595,-0.34361249208450317,-0.53996247053146362,0.054283174759238662,-0.085302129074170549,-0.07421875,0.0859375,1.0137890502810478,-0.078796184352896148,0.080330169490836045,35,35,0,0,0,1,1,1,1,1,1,1,1,1,RUNNING,10.007195000000024,0.0071950000000242653
391,3.902614732,PLUS_DIAGNOSTIC_ENDPOINT,J2_KP100,1,1,1280,1,64,0.050000000000000003,0,0,0,1,1,5.7024075624427581,2.1247477891960362,-0,0,5.781395435333252,2.0448012351989746,0.00148429691603116,0.0013328465024257678,0.0014085717092284639,0.013962634015954637,0.012554062306726173,0.00015145041360539215,0,0,-0,0,-0.0859375,0.0859375,1.0879687368869781,-0.078987872890493804,0.079946553997061631,35,35,0,0,0,1,1,1,1,1,1,1,1,1,RUNNING,10.040873999999977,0.040873999999977428
392,3.9126443499999999,PLUS_DIAGNOSTIC_ENDPOINT,J2_KP100,1,1,1280,1,64,0.050000000000000003,0,0,0,1,1,5.7024075624427581,2.1247477891960362,-0,0,5.7812037467956543,2.0446093082427979,0.0015145794657796642,0.0013025262878143924,0.0014085528767970282,0.013962634015954637,0.012554081139157609,0.00021205317796527188,-0.24543750286102295,-0.19634999334812164,0.038773697601772718,-0.031018956668985818,-0.07421875,0.0859375,1.0137890502810478,-0.078796184352896148,0.080138480953238389,35,35,0,0,0,1,1,1,1,1,1,1,1,1,RUNNING,10.029617999999907,0.029617999999906885
393,3.9226177610000001,PLUS_DIAGNOSTIC_ENDPOINT,J2_KP100,1,1,1280,1,64,0.050000000000000003,0,0,0,1,1,5.7024075624427581,2.1247477891960362,-0,0,5.7812037467956543,2.0446093082427979,0.0015145794657796642,0.0013025262878143924,0.0014085528767970282,0.013962634015954637,0.012554081139157609,0.00021205317796527188,-0.26998123526573181,-0.24543750286102295,0.042651064537085275,-0.038773697601772718,-0.0859375,0.0859375,1.0879687368869781,-0.078796184352896148,0.080138480953238389,35,35,0,0,0,1,1,1,1,1,1,1,1,1,RUNNING,9.9734110000002651,0.026588999999734853
394,3.9325685520000002,PLUS_DIAGNOSTIC_ENDPOINT,J2_KP100,1,1,1280,1,64,0.050000000000000003,0,0,0,1,1,5.7024075624427581,2.1247477891960362,-0,0,5.781395435333252,2.0448012351989746,0.00148429691603116,0.0013328465024257678,0.0014085717092284639,0.013962634015954637,0.012554062306726173,0.00015145041360539215,0.098174996674060822,0.073631249368190765,-0.015509478334492909,0.011632109045126423,-0.07421875,0.08984375,1.0385156124830246,-0.078987872890493804,0.079946553997061631,35,35,0,0,0,1,1,1,1,1,1,1,1,1,RUNNING,9.9507910000000699,0.049208999999930114
395,3.9426096639999999,PLUS_DIAGNOSTIC_ENDPOINT,J2_KP100,1,1,1280,1,64,0.050000000000000003,0,0,0,1,1,5.7024075624427581,2.1247477891960362,-0,0,5.7812037467956543,2.0448012351989746,0.0015145794657796642,0.0013328465024257678,0.0014237129841027161,0.013962634015954637,0.01253892103185192,0.00018173296335389643,0.073631249368190765,0,-0.011632109045126423,0,-0.08203125,0.0859375,1.0632421746850014,-0.078796184352896148,0.079946553997061631,35,35,0,0,0,1,1,1,1,1,1,1,1,1,RUNNING,10.041111999999686,0.041111999999685622
396,3.9525692370000001,PLUS_DIAGNOSTIC_ENDPOINT,J2_KP100,1,1,1280,1,64,0.050000000000000003,0,0,0,1,1,5.7024075624427581,2.1247477891960362,-0,0,5.781395435333252,2.0448012351989746,0.00148429691603116,0.0013328465024257678,0.0014085717092284639,0.013962634015954637,0.012554062306726173,0.00015145041360539215,0.049087498337030411,-0.073631249368190765,-0.0077547391672464546,-0.011632109045126423,-0.08203125,0.0859375,1.0632421746850014,-0.078987872890493804,0.079946553997061631,35,35,0,0,0,1,1,1,1,1,1,1,1,1,RUNNING,9.9595730000001659,0.040426999999834123
397,3.9626681439999998,PLUS_DIAGNOSTIC_ENDPOINT,J2_KP100,1,1,1280,1,64,0.050000000000000003,0,0,0,1,1,5.7024075624427581,2.1247477891960362,-0,0,5.7812037467956543,2.0448012351989746,0.0015145794657796642,0.0013328465024257678,0.0014237129841027161,0.013962634015954637,0.01253892103185192,0.00018173296335389643,-0.24543750286102295,-0.024543749168515205,0.038773697601772718,-0.0038773695836232273,-0.08203125,0.08203125,1.0385156124830246,-0.078796184352896148,0.079946553997061631,35,35,0,0,0,1,1,1,1,1,1,1,1,1,RUNNING,10.098906999999713,0.098906999999712752
398,3.9726749780000001,PLUS_DIAGNOSTIC_ENDPOINT,J2_KP100,1,1,1280,1,64,0.050000000000000003,0,0,0,1,1,5.7024075624427581,2.1247477891960362,-0,0,5.7812037467956543,2.0446093082427979,0.0015145794657796642,0.0013025262878143924,0.0014085528767970282,0.013962634015954637,0.012554081139157609,0.00021205317796527188,-0.26998123526573181,-0.24543750286102295,0.042651064537085275,-0.038773697601772718,-0.0859375,0.08203125,1.0632421746850014,-0.078796184352896148,0.080138480953238389,35,35,0,0,0,1,1,1,1,1,1,1,1,1,RUNNING,10.006834000000353,0.0068340000003530577
399,3.9826002119999999,PLUS_DIAGNOSTIC_ENDPOINT,J2_KP100,1,1,1280,1,64,0.050000000000000003,0,0,0,1,1,5.7024075624427581,2.1247477891960362,-0,0,5.7812037467956543,2.0446093082427979,0.0015145794657796642,0.0013025262878143924,0.0014085528767970282,0.013962634015954637,0.012554081139157609,0.00021205317796527188,-0.24543750286102295,-0.24543750286102295,0.038773697601772718,-0.038773697601772718,-0.08203125,0.08984375,1.0879687368869781,-0.078796184352896148,0.080138480953238389,35,35,0,0,0,1,1,1,1,1,1,1,1,1,RUNNING,9.925233999999783,0.074766000000217048
400,3.9927138379999998,PLUS_DIAGNOSTIC_ENDPOINT,J2_KP100,1,1,1280,1,64,0.050000000000000003,0,0,0,1,1,5.7024075624427581,2.1247477891960362,-0,0,5.7810120582580566,2.0448012351989746,0.0015448620155281683,0.0013328465024257678,0.0014388542589769682,0.013962634015954637,0.012523779756977669,0.00021201551310240049,-0.61359375715255737,0.098174996674060822,0.096934244004431805,0.015509478334492909,-0.08203125,0.08984375,1.0879687368869781,-0.078604495815298492,0.079946553997061631,35,35,0,0,0,1,1,1,1,1,1,1,1,1,RUNNING,10.113625999999876,0.11362599999987566
401,4.002703694,PLUS_DIAGNOSTIC_ENDPOINT,J2_KP100,1,1,1280,1,64,0.050000000000000003,0,0,0,1,1,5.7024075624427581,2.1247477891960362,-0,0,5.7812037467956543,2.0446093082427979,0.0015145794657796642,0.0013025262878143924,0.0014085528767970282,0.013962634015954637,0.012554081139157609,0.00021205317796527188,-0.24543750286102295,-0.61359375715255737,0.038773697601772718,-0.096934244004431805,-0.07421875,0.0859375,1.0137890502810478,-0.078796184352896148,0.080138480953238389,35,35,0,0,0,1,1,1,1,1,1,1,1,1,RUNNING,9.9898560000002412,0.01014399999975879
402,4.0126076619999997,PLUS_DIAGNOSTIC_ENDPOINT,J2_KP100,1,1,1280,1,64,0.050000000000000003,0,0,0,1,1,5.7024075624427581,2.1247477891960362,-0,0,5.7812037467956543,2.0448012351989746,0.0015145794657796642,0.0013328465024257678,0.0014237129841027161,0.013962634015954637,0.01253892103185192,0.00018173296335389643,-0.12271875143051147,-0.24543750286102295,0.019386848800886359,-0.038773697601772718,-0.08203125,0.0859375,1.0632421746850014,-0.078796184352896148,0.079946553997061631,35,35,0,0,0,1,1,1,1,1,1,1,1,1,RUNNING,9.9039679999997077,0.096032000000292328
403,4.0225735719999998,PLUS_DIAGNOSTIC_ENDPOINT,J2_KP100,1,1,1280,1,64,0.050000000000000003,0,0,0,1,1,5.7024075624427581,2.1247477891960362,-0,0,5.7812037467956543,2.0448012351989746,0.0015145794657796642,0.0013328465024257678,0.0014237129841027161,0.013962634015954637,0.01253892103185192,0.00018173296335389643,-0.22089375555515289,-0.24543750286102295,0.03489632831240623,-0.038773697601772718,-0.07421875,0.0859375,1.0137890502810478,-0.078796184352896148,0.079946553997061631,35,35,0,0,0,1,1,1,1,1,1,1,1,1,RUNNING,9.9659100000000223,0.034089999999977749
404,4.0325708200000001,PLUS_DIAGNOSTIC_ENDPOINT,J2_KP100,1,1,1280,1,64,0.050000000000000003,0,0,0,1,1,5.7024075624427581,2.1247477891960362,-0,0,5.7812037467956543,2.0448012351989746,0.0015145794657796642,0.0013328465024257678,0.0014237129841027161,0.013962634015954637,0.01253892103185192,0.00018173296335389643,0,-0.29452499747276306,-0,-0.046528436180505693,-0.08203125,0.0859375,1.0632421746850014,-0.078796184352896148,0.079946553997061631,35,35,0,0,0,1,1,1,1,1,1,1,1,1,RUNNING,9.9972480000003472,0.0027519999996528099
405,4.0425703840000002,PLUS_DIAGNOSTIC_ENDPOINT,J2_KP100,1,1,1280,1,64,0.050000000000000003,0,0,0,1,1,5.7024075624427581,2.1247477891960362,-0,0,5.7808198928833008,2.0448012351989746,0.0015752198950024152,0.0013328465024257678,0.0014540331987140916,0.013962634015954637,0.012508600817240544,0.00024237339257664734,0.26998123526573181,-0.14726249873638153,-0.042651064537085275,-0.023264218090252847,-0.08203125,0.0859375,1.0632421746850014,-0.078412330440542632,0.079946553997061631,35,35,0,0,0,1,1,1,1,1,1,1,1,1,RUNNING,9.9995640000001274,0.00043599999987264937
406,4.052566315,PLUS_DIAGNOSTIC_ENDPOINT,J2_KP100,1,1,1280,1,64,0.050000000000000003,0,0,0,1,1,5.7024075624427581,2.1247477891960362,-0,0,5.7810120582580566,2.0448012351989746,0.0015448620155281683,0.0013328465024257678,0.0014388542589769682,0.013962634015954637,0.012523779756977669,0.00021201551310240049,0.024543749168515205,-0.41724374890327454,-0.0038773695836232273,-0.065915284981392055,-0.08203125,0.0859375,1.0632421746850014,-0.078604495815298492,0.079946553997061631,35,35,0,0,0,1,1,1,1,1,1,1,1,1,RUNNING,9.9959309999997359,0.0040690000002641113
407,4.0625682760000004,PLUS_DIAGNOSTIC_ENDPOINT,J2_KP100,1,1,1280,1,64,0.050000000000000003,0,0,0,1,1,5.7024075624427581,2.1247477891960362,-0,0,5.7810120582580566,2.0449929237365723,0.0015448620155281683,0.0013631290521742721,0.0014539955338512202,0.013962634015954637,0.012508638482103417,0.00018173296335389621,-0.39269998669624329,0.098174996674060822,0.062037913337971637,0.015509478334492909,-0.0859375,0.0859375,1.0879687368869781,-0.078604495815298492,0.079754865459463975,35,35,0,0,0,1,1,1,1,1,1,1,1,1,RUNNING,10.001961000000392,0.0019610000003922323
408,4.0725659250000001,PLUS_DIAGNOSTIC_ENDPOINT,J2_KP100,1,1,1280,1,64,0.050000000000000003,0,0,0,1,1,5.7024075624427581,2.1247477891960362,-0,0,5.7810120582580566,2.0448012351989746,0.0015448620155281683,0.0013328465024257678,0.0014388542589769682,0.013962634015954637,0.012523779756977669,0.00021201551310240049,-0.39269998669624329,-0.29452499747276306,0.062037913337971637,-0.046528436180505693,-0.08203125,0.08203125,1.0385156124830246,-0.078604495815298492,0.079946553997061631,35,35,0,0,0,1,1,1,1,1,1,1,1,1,RUNNING,9.9976489999997753,0.0023510000002247011
409,4.0825653050000001,PLUS_DIAGNOSTIC_ENDPOINT,J2_KP100,1,1,1280,1,64,0.050000000000000003,0,0,0,1,1,5.7024075624427581,2.1247477891960362,-0,0,5.7810120582580566,2.0448012351989746,0.0015448620155281683,0.0013328465024257678,0.0014388542589769682,0.013962634015954637,0.012523779756977669,0.00021201551310240049,-0.36815625429153442,-0.34361249208450317,0.05816054640265908,-0.054283174759238662,-0.07421875,0.08984375,1.0385156124830246,-0.078604495815298492,0.079946553997061631,35,35,0,0,0,1,1,1,1,1,1,1,1,1,RUNNING,9.9993800000000022,0.0006199999999978445
410,4.0925717080000004,PLUS_DIAGNOSTIC_ENDPOINT,J2_KP100,1,1,1280,1,64,0.050000000000000003,0,0,0,1,1,5.7024075624427581,2.1247477891960362,-0,0,5.7812037467956543,2.0449929237365723,0.0015145794657796642,0.0013631290521742721,0.0014388542589769682,0.013962634015954637,0.012523779756977669,0.00015145041360539215,-0.049087498337030411,0.073631249368190765,0.0077547391672464546,0.011632109045126423,-0.07421875,0.0859375,1.0137890502810478,-0.078796184352896148,0.079754865459463975,35,35,0,0,0,1,1,1,1,1,1,1,1,1,RUNNING,10.006403000000219,0.0064030000002190945
411,4.1025668810000004,PLUS_DIAGNOSTIC_ENDPOINT,J2_KP100,1,1,1280,1,64,0.050000000000000003,0,0,0,1,1,5.7024075624427581,2.1247477891960362,-0,0,5.7812037467956543,2.0448012351989746,0.0015145794657796642,0.0013328465024257678,0.0014237129841027161,0.013962634015954637,0.01253892103185192,0.00018173296335389643,-0.024543749168515205,0,0.0038773695836232273,0,-0.08203125,0.0859375,1.0632421746850014,-0.078796184352896148,0.079946553997061631,35,35,0,0,0,1,1,1,1,1,1,1,1,1,RUNNING,9.9951730000000794,0.0048269999999206448
412,4.1126061439999999,PLUS_DIAGNOSTIC_ENDPOINT,J2_KP100,1,1,1280,1,64,0.050000000000000003,0,0,0,1,1,5.7024075624427581,2.1247477891960362,-0,0,5.7810120582580566,2.0448012351989746,0.0015448620155281683,0.0013328465024257678,0.0014388542589769682,0.013962634015954637,0.012523779756977669,0.00021201551310240049,-0.36815625429153442,-0.24543750286102295,0.05816054640265908,-0.038773697601772718,-0.08203125,0.08203125,1.0385156124830246,-0.078604495815298492,0.079946553997061631,35,35,0,0,0,1,1,1,1,1,1,1,1,1,RUNNING,10.039262999999465,0.039262999999465364
413,4.1225729959999997,PLUS_DIAGNOSTIC_ENDPOINT,J2_KP100,1,1,1280,1,64,0.050000000000000003,0,0,0,1,1,5.7024075624427581,2.1247477891960362,-0,0,5.7810120582580566,2.0448012351989746,0.0015448620155281683,0.0013328465024257678,0.0014388542589769682,0.013962634015954637,0.012523779756977669,0.00021201551310240049,-0.36815625429153442,-0.36815625429153442,0.05816054640265908,-0.05816054640265908,-0.0859375,0.0859375,1.0879687368869781,-0.078604495815298492,0.079946553997061631,35,35,0,0,0,1,1,1,1,1,1,1,1,1,RUNNING,9.966851999999804,0.033148000000196021
414,4.1326798519999999,PLUS_DIAGNOSTIC_ENDPOINT,J2_KP100,1,1,1280,1,64,0.050000000000000003,0,0,0,1,1,5.7024075624427581,2.1247477891960362,-0,0,5.7810120582580566,2.0448012351989746,0.0015448620155281683,0.0013328465024257678,0.0014388542589769682,0.013962634015954637,0.012523779756977669,0.00021201551310240049,-0.39269998669624329,-0.24543750286102295,0.062037913337971637,-0.038773697601772718,-0.0859375,0.08203125,1.0632421746850014,-0.078604495815298492,0.079946553997061631,35,35,0,0,0,1,1,1,1,1,1,1,1,1,RUNNING,10.106856000000164,0.10685600000016393
415,4.142716568,PLUS_DIAGNOSTIC_ENDPOINT,J2_KP100,1,1,1280,1,64,0.050000000000000003,0,0,0,1,1,5.7024075624427581,2.1247477891960362,-0,0,5.7810120582580566,2.0448012351989746,0.0015448620155281683,0.0013328465024257678,0.0014388542589769682,0.013962634015954637,0.012523779756977669,0.00021201551310240049,0,-0.34361249208450317,-0,-0.054283174759238662,-0.08203125,0.0859375,1.0632421746850014,-0.078604495815298492,0.079946553997061631,35,35,0,0,0,1,1,1,1,1,1,1,1,1,RUNNING,10.036716000000112,0.036716000000112103
416,4.1525679230000003,FIRST_CENTER_PROFILE,J2_KP100,1,1,1280,1,64,0.050000000000000003,0,0,0,1,1,5.7024075624427581,2.1247477891960362,0,-0,5.7812037467956543,2.0449929237365723,0.0015145794657796642,0.0013631290521742721,0.0014388542589769682,0.013962634015954637,0.012523779756977669,0.00015145041360539215,0,-0.36815625429153442,-0,-0.05816054640265908,-0.08203125,0.08203125,1.0385156124830246,-0.078796184352896148,0.079754865459463975,35,35,0,0,0,1,1,1,1,1,1,1,1,1,RUNNING,9.8513550000003391,0.14864499999966085
417,4.1626844289999996,FIRST_CENTER_PROFILE,J2_KP100,1,1,1280,1,64,0.050000000000000003,0,0,0,1,1,5.702424134343806,2.1247312172949879,0.0033143802095898151,-0.0033143802095898151,5.7810120582580566,2.0448012351989746,0.0015448620155281683,0.0013328465024257678,0.0014388542589769682,0.013960016022076645,0.012521161763099677,0.00021201551310240049,-0.34361249208450317,-0.36815625429153442,0.054283174759238662,-0.05816054640265908,-0.08203125,0.0859375,1.0632421746850014,-0.078587923914250624,0.079929982096013319,35,35,0,0,0,1,1,1,1,1,1,1,1,1,RUNNING,10.116505999999248,0.11650599999924793
418,4.1725693990000003,FIRST_CENTER_PROFILE,J2_KP100,1,1,1280,1,64,0.050000000000000003,0,0,0,1,1,5.7024738500469496,2.1246815015918443,0.0066287604191796303,-0.0066287604191796303,5.7812037467956543,2.0448012351989746,0.0015145794657796642,0.0013328465024257678,0.0014237129841027161,0.013952162040442671,0.012528449056339954,0.00018173296335389643,-0.024543749168515205,-0.36815625429153442,0.0038773695836232273,-0.05816054640265908,-0.08203125,0.0859375,1.0632421746850014,-0.078729896748704675,0.079880266392869714,35,35,0,0,0,1,1,1,1,1,1,1,1,1,RUNNING,9.8849700000007701,0.11502999999922991
419,4.1825709839999998,FIRST_CENTER_PROFILE,J2_KP100,1,1,1280,1,64,0.050000000000000003,0,0,0,1,1,5.7025567095521899,2.1245986420866045,0.0099431406287694458,-0.0099431406287694458,5.7812037467956543,2.0451846122741699,0.0015145794657796642,0.0013934116019227762,0.0014539955338512202,0.013939072071052713,0.012485076537201493,0.00012116786385688808,-0.024543749168515205,-0.22089375555515289,0.0038773695836232273,-0.03489632831240623,-0.0859375,0.0859375,1.0879687368869781,-0.078647037243464446,0.079414029812434617,35,35,0,0,0,1,1,1,1,1,1,1,1,1,RUNNING,10.00158499999948,0.0015849999994799191
420,4.1925723420000001,FIRST_CENTER_PROFILE,J2_KP100,1,1,1280,1,64,0.050000000000000003,0,0,0,1,1,5.7026727128595249,2.124482638779269,0.013257520838359261,-0.013257520838359261,5.781395435333252,2.0448012351989746,0.00148429691603116,0.0013328465024257678,0.0014085717092284639,0.013920746113906772,0.012512174404678309,0.00015145041360539215,0.19634999334812164,-0.34361249208450317,-0.031018956668985818,-0.054283174759238662,-0.0859375,0.08984375,1.1126952990889549,-0.078722722473727025,0.079681403580294408,35,35,0,0,0,1,1,1,1,1,1,1,1,1,RUNNING,10.001358000000238,0.0013580000002377801
421,4.2025664899999997,FIRST_CENTER_PROFILE,J2_KP100,1,1,1280,1,64,0.050000000000000003,0,0,0,1,1,5.7028218599689566,2.1243334916698373,0.016571901047949079,-0.016571901047949079,5.7810120582580566,2.0449929237365723,0.0015448620155281683,0.0013631290521742721,0.0014539955338512202,0.01389718416900485,0.01244318863515363,0.00018173296335389621,-0.41724374890327454,0,0.065915284981392055,0,-0.08203125,0.0859375,1.0632421746850014,-0.07819019828910001,0.079340567933265049,35,35,0,0,0,1,1,1,1,1,1,1,1,1,RUNNING,9.9941479999996474,0.0058520000003525752
422,4.2125674340000003,FIRST_CENTER_PROFILE,J2_KP100,1,1,1280,1,64,0.050000000000000003,0,0,0,1,1,5.7030041508804841,2.1241512007583099,0.019886281257538892,-0.019886281257538892,5.7810120582580566,2.0449929237365723,0.0015448620155281683,0.0013631290521742721,0.0014539955338512202,0.013868386236346944,0.012414390702495724,0.00018173296335389621,0.024543749168515205,-0.024543749168515205,-0.0038773695836232273,-0.0038773695836232273,-0.08203125,0.0859375,1.0632421746850014,-0.078007907377572572,0.079158277021737611,35,35,0,0,0,1,1,1,1,1,1,1,1,1,RUNNING,10.000944000000622,0.00094400000062222489
423,4.2225662479999997,FIRST_CENTER_PROFILE,J2_KP100,1,1,1280,1,64,0.050000000000000003,0,0,0,1,1,5.7032195855941072,2.1239357660446867,0.023200661467128708,-0.023200661467128708,5.7812037467956543,2.0449929237365723,0.0015145794657796642,0.0013631290521742721,0.0014388542589769682,0.013834352315933053,0.012395498056956085,0.00015145041360539215,0,-0.024543749168515205,-0,-0.0038773695836232273,-0.07421875,0.0859375,1.0137890502810478,-0.077984161201547053,0.078942842308114436,35,35,0,0,0,1,1,1,1,1,1,1,1,1,RUNNING,9.9988139999993564,0.0011860000006436167
424,4.2325643929999996,FIRST_CENTER_PROFILE,J2_KP100,1,1,1280,1,64,0.050000000000000003,0,0,0,1,1,5.703468164109827,2.1236871875289673,0.026515041676718521,-0.026515041676718521,5.781395435333252,2.0449929237365723,0.00148429691603116,0.0013631290521742721,0.0014237129841027161,0.013795082407763181,0.012371369423660464,0.00012116786385688787,0.31906875967979431,0.14726249873638153,-0.050405807823926105,0.023264218090252847,-0.07421875,0.08203125,0.98906248807907104,-0.07792727122342491,0.078694263792395081,35,35,0,0,0,1,1,1,1,1,1,1,1,1,RUNNING,9.9981449999999583,0.0018550000000416844
425,4.242538755,FIRST_CENTER_PROFILE,J2_KP100,1,1,1280,1,64,0.050000000000000003,0,0,0,1,1,5.7037498864276417,2.1234054652111523,0.029829421886308334,-0.029829421886308334,5.781395435333252,2.0448012351989746,0.00148429691603116,0.0013328465024257678,0.0014085717092284639,0.013750576511837326,0.012342004802608863,0.00015145041360539215,0.31906875967979431,-0.24543750286102295,-0.050405807823926105,-0.038773697601772718,-0.0703125,0.0859375,0.98906248807907104,-0.077645548905610262,0.078604230012177645,35,35,0,0,0,1,1,1,1,1,1,1,1,1,RUNNING,9.9743620000003475,0.02563799999965255
426,4.2525679500000004,FIRST_CENTER_PROFILE,J2_KP100,1,1,1280,1,64,0.050000000000000003,0,0,0,1,1,5.704064752547553,2.123090599091241,0.033143802095898157,-0.033143802095898157,5.7810120582580566,2.0449929237365723,0.0015448620155281683,0.0013631290521742721,0.0014539955338512202,0.013700834628155488,0.012246839094304268,0.00018173296335389621,-0.51541876792907715,0,0.081424766846965854,0,-0.08203125,0.07421875,0.98906248807907104,-0.076947305710503677,0.078097675354668716,35,35,0,0,0,1,1,1,1,1,1,1,1,1,RUNNING,10.029195000000435,0.029195000000434845
427,4.2625692099999997,FIRST_CENTER_PROFILE,J2_KP100,1,1,1280,1,64,0.050000000000000003,0,0,0,1,1,5.70441276246956,2.122742589169234,0.036458182305487967,-0.036458182305487967,5.7810120582580566,2.0449929237365723,0.0015448620155281683,0.0013631290521742721,0.0014539955338512202,0.013645856756717666,0.012191861222866446,0.00018173296335389621,-0.51541876792907715,-0.19634999334812164,0.081424766846965854,-0.031018956668985818,-0.08203125,0.07421875,0.98906248807907104,-0.076599295788496669,0.077749665432661708,35,35,0,0,0,1,1,1,1,1,1,1,1,1,RUNNING,10.001259999999235,0.0012599999992346511
428,4.2725661659999998,FIRST_CENTER_PROFILE,J2_KP100,1,1,1280,1,64,0.050000000000000003,0,0,0,1,1,5.7047939161936627,2.1223614354451312,0.039772562515077783,-0.039772562515077783,5.7812037467956543,2.0451846122741699,0.0015145794657796642,0.0013934116019227762,0.0014539955338512202,0.013585642897523861,0.012131647363672641,0.00012116786385688808,0,0.17180624604225159,-0,0.027141587379619331,-0.06640625,0.08203125,0.93960936367511749,-0.07640983060199158,0.077176823170961306,35,35,0,0,0,1,1,1,1,1,1,1,1,1,RUNNING,9.9969560000001678,0.0030439999998321809
429,4.2825498670000002,FIRST_CENTER_PROFILE,J2_KP100,1,1,1280,1,64,0.050000000000000003,0,0,0,1,1,5.7052082137198612,2.1219471379189327,0.0430869427246676,-0.0430869427246676,5.781395435333252,2.0449929237365723,0.00148429691603116,0.0013631290521742721,0.0014237129841027161,0.013520193050574074,0.012096480066471358,0.00012116786385688787,0.19634999334812164,-0.19634999334812164,-0.031018956668985818,-0.031018956668985818,-0.0703125,0.07421875,0.91488280147314072,-0.076187221613390754,0.076954214182360481,35,35,0,0,0,1,1,1,1,1,1,1,1,1,RUNNING,9.9837010000003445,0.01629899999965545
430,4.2925671870000004,FIRST_CENTER_PROFILE,J2_KP100,1,1,1280,1,64,0.050000000000000003,0,0,0,1,1,5.7056556550481563,2.1214996965906381,0.046401322934257416,-0.046401322934257416,5.7812037467956543,2.0449929237365723,0.0015145794657796642,0.0013631290521742721,0.0014388542589769682,0.013449507215868304,0.012010652956891335,0.00015145041360539215,-0.17180624604225159,-0.12271875143051147,0.027141587379619331,-0.019386848800886359,-0.07421875,0.08203125,0.98906248807907104,-0.075548091747497992,0.076506772854065819,35,35,0,0,0,1,1,1,1,1,1,1,1,1,RUNNING,10.017320000000218,0.017320000000218272
431,4.302566702,FIRST_CENTER_PROFILE,J2_KP100,1,1,1280,1,64,0.050000000000000003,0,0,0,1,1,5.7061362401785463,2.1210191114602477,0.049715703143847226,-0.049715703143847226,5.7810120582580566,2.0449929237365723,0.0015448620155281683,0.0013631290521742721,0.0014539955338512202,0.013373585393406551,0.011919589859555331,0.00018173296335389621,-0.41724374890327454,0,0.065915284981392055,0,-0.08203125,0.08203125,1.0385156124830246,-0.074875818079510381,0.07602618772367542,35,35,0,0,0,1,1,1,1,1,1,1,1,1,RUNNING,9.9995149999996258,0.00048500000037421387
432,4.3126068269999998,FIRST_CENTER_PROFILE,J2_KP100,1,1,1280,1,64,0.050000000000000003,0,0,0,1,1,5.7066499691110328,2.1205053825277611,0.053030083353437042,-0.053030083353437042,5.7812037467956543,2.0449929237365723,0.0015145794657796642,0.0013631290521742721,0.0014388542589769682,0.013292427583188814,0.011853573324211846,0.00015145041360539215,-0.073631249368190765,-0.024543749168515205,0.011632109045126423,-0.0038773695836232273,-0.08203125,0.07421875,0.98906248807907104,-0.074553777684621458,0.075512458791188841,35,35,0,0,0,1,1,1,1,1,1,1,1,1,RUNNING,10.040124999999733,0.040124999999733291
433,4.3226001739999997,FIRST_CENTER_PROFILE,J2_KP100,1,1,1280,1,64,0.050000000000000003,0,0,0,1,1,5.7071968418456152,2.1199585097931788,0.056344463563026859,-0.056344463563026859,5.7812037467956543,2.0448012351989746,0.0015145794657796642,0.0013328465024257678,0.0014237129841027161,0.013206033785215095,0.011782320801112378,0.00018173296335389643,-0.17180624604225159,-0.36815625429153442,0.027141587379619331,-0.05816054640265908,-0.08203125,0.0703125,0.96433592587709427,-0.074006904950039143,0.075157274594204182,35,35,0,0,0,1,1,1,1,1,1,1,1,1,RUNNING,9.9933469999999858,0.0066530000000142309
434,4.3325673409999998,FIRST_CENTER_PROFILE,J2_KP100,1,1,1280,1,64,0.050000000000000003,0,0,0,1,1,5.7077768583822932,2.1193784932565007,0.059658843772616668,-0.059658843772616668,5.7812037467956543,2.0449929237365723,0.0015145794657796642,0.0013631290521742721,0.0014388542589769682,0.013114403999485392,0.011675549740508424,0.00015145041360539215,-0.098174996674060822,0,0.015509478334492909,0,-0.0703125,0.07421875,0.91488280147314072,-0.073426888413361091,0.074385569519928474,35,35,0,0,0,1,1,1,1,1,1,1,1,1,RUNNING,9.96716700000011,0.032832999999889978
435,4.3425684120000003,FIRST_CENTER_PROFILE,J2_KP100,1,1,1280,1,64,0.050000000000000003,0,0,0,1,1,5.7083900187210679,2.1187653329177265,0.062973223982206492,-0.062973223982206492,5.781395435333252,2.0449929237365723,0.00148429691603116,0.0013631290521742721,0.0014237129841027161,0.013017538225999707,0.011593825241896991,0.00012116786385688787,0,0.024543749168515205,-0,0.0038773695836232273,-0.0703125,0.07421875,0.91488280147314072,-0.073005416612184071,0.073772409181154242,35,35,0,0,0,1,1,1,1,1,1,1,1,1,RUNNING,10.001071000000472,0.001071000000472111
436,4.3525649179999997,FIRST_CENTER_PROFILE,J2_KP100,1,1,1280,1,64,0.050000000000000003,0,0,0,1,1,5.7090363228619374,2.1181190287768565,0.066287604191796315,-0.066287604191796315,5.7812037467956543,2.0448012351989746,0.0015145794657796642,0.0013328465024257678,0.0014237129841027161,0.012915436464758038,0.011491723480655322,0.00018173296335389643,-0.34361249208450317,-0.36815625429153442,0.054283174759238662,-0.05816054640265908,-0.0703125,0.07421875,0.91488280147314072,-0.07216742393371689,0.073317793577881929,35,35,0,0,0,1,1,1,1,1,1,1,1,1,RUNNING,9.99650599999935,0.0034940000006500327
437,4.3625658700000001,FIRST_CENTER_PROFILE,J2_KP100,1,1,1280,1,64,0.050000000000000003,0,0,0,1,1,5.7097157708049036,2.1174395808338904,0.069601984401386124,-0.069601984401386124,5.781395435333252,2.0446093082427979,0.00148429691603116,0.0013025262878143924,0.0013934116019227762,0.012808098715760387,0.011414687113837611,0.0001817706282167676,0.024543749168515205,-0.44178751111030579,-0.0038773695836232273,-0.06979265662481246,-0.06640625,0.07421875,0.89015623927116394,-0.071679664528348397,0.072830272591092537,35,35,0,0,0,1,1,1,1,1,1,1,1,1,RUNNING,10.000952000000396,0.00095200000039596944
438,4.3725654040000004,FIRST_CENTER_PROFILE,J2_KP100,1,1,1280,1,64,0.050000000000000003,0,0,0,1,1,5.7104283625499654,2.1167269890888285,0.072916364610975934,-0.072916364610975934,5.7812037467956543,2.0448012351989746,0.0015145794657796642,0.0013328465024257678,0.0014237129841027161,0.012695524979006754,0.011271811994904037,0.00018173296335389643,-0.34361249208450317,-0.098174996674060822,0.054283174759238662,-0.015509478334492909,-0.07421875,0.0703125,0.91488280147314072,-0.070775384245688855,0.071925753889853894,35,35,0,0,0,1,1,1,1,1,1,1,1,1,RUNNING,9.9995340000003097,0.00046599999969032524
439,4.382565176,FIRST_CENTER_PROFILE,J2_KP100,1,1,1280,1,64,0.050000000000000003,0,0,0,1,1,5.7111740980971231,2.1159812535416709,0.076230744820565757,-0.076230744820565757,5.781395435333252,2.0448012351989746,0.00148429691603116,0.0013328465024257678,0.0014085717092284639,0.012577715254497137,0.011169143545268673,0.00015145041360539215,-0.14726249873638153,-0.14726249873638153,0.023264218090252847,-0.023264218090252847,-0.0703125,0.07421875,0.91488280147314072,-0.070221337236128889,0.071180018342696272,35,35,0,0,0,1,1,1,1,1,1,1,1,1,RUNNING,9.9997719999995738,0.00022800000042622059
440,4.3925660280000001,FIRST_CENTER_PROFILE,J2_KP100,1,1,1280,1,64,0.050000000000000003,0,0,0,1,1,5.7119529774463764,2.1152023741924175,0.079545125030155567,-0.079545125030155567,5.781395435333252,2.0449929237365723,0.00148429691603116,0.0013631290521742721,0.0014237129841027161,0.012454669542231536,0.011030956558128819,0.00012116786385688787,-0.12271875143051147,0.049087498337030411,0.019386848800886359,0.0077547391672464546,-0.06640625,0.0703125,0.86542967706918716,-0.06944245788687553,0.070209450455845257,35,35,0,0,0,1,1,1,1,1,1,1,1,1,RUNNING,10.000852000000116,0.00085200000011553811
441,4.402603601,FIRST_CENTER_PROFILE,J2_KP100,1,1,1280,1,64,0.050000000000000003,0,0,0,1,1,5.7127650005977264,2.114390351041068,0.082859505239745376,-0.082859505239745376,5.781395435333252,2.0449929237365723,0.00148429691603116,0.0013631290521742721,0.0014237129841027161,0.012326387842209952,0.010902674858107236,0.00012116786385688787,-0.024543749168515205,0.12271875143051147,0.0038773695836232273,0.019386848800886359,-0.07421875,0.06640625,0.89015623927116394,-0.068630434735525547,0.069397427304495718,35,35,0,0,0,1,1,1,1,1,1,1,1,1,RUNNING,10.037572999999966,0.037572999999966328
442,4.4125680770000004,FIRST_CENTER_PROFILE,J2_KP100,1,1,1280,1,64,0.050000000000000003,0,0,0,1,1,5.7136101675511712,2.1135451840876223,0.0861738854493352,-0.0861738854493352,5.781395435333252,2.0446093082427979,0.00148429691603116,0.0013025262878143924,0.0013934116019227762,0.012192870154432387,0.010799458552509611,0.0001817706282167676,-0.24543750286102295,0.14726249873638153,0.038773697601772718,0.023264218090252847,-0.06640625,0.0703125,0.86542967706918716,-0.067785267782080716,0.068935875844824412,35,35,0,0,0,1,1,1,1,1,1,1,1,1,RUNNING,9.9644760000003885,0.035523999999611533
443,4.4225677839999999,FIRST_CENTER_PROFILE,J2_KP100,1,1,1280,1,64,0.050000000000000003,0,0,0,1,1,5.7144884783067127,2.1126668733320813,0.089488265658925023,-0.089488265658925023,5.7815871238708496,2.0448012351989746,0.0014540143662826559,0.0013328465024257678,0.0013934304343542119,0.012054116478898837,0.010660686044544626,0.00012116786385688808,0,0,-0,0,-0.06640625,0.06640625,0.84070311486721039,-0.067098645564136916,0.067865638133106643,35,35,0,0,0,1,1,1,1,1,1,1,1,1,RUNNING,9.9997069999995247,0.00029300000047527419
444,4.4325679239999998,FIRST_CENTER_PROFILE,J2_KP100,1,1,1280,1,64,0.050000000000000003,0,0,0,1,1,5.7153999328643499,2.1117554187744441,0.092802645868514833,-0.092802645868514833,5.781395435333252,2.0446093082427979,0.00148429691603116,0.0013025262878143924,0.0013934116019227762,0.011910126815609306,0.01051671521368653,0.0001817706282167676,-0.24543750286102295,-0.24543750286102295,0.038773697601772718,-0.038773697601772718,-0.05859375,0.06640625,0.79124999046325684,-0.065995502468902068,0.067146110531646208,35,35,0,0,0,1,1,1,1,1,1,1,1,1,RUNNING,10.000139999999824,0.00013999999982416966
445,4.4425678099999999,FIRST_CENTER_PROFILE,J2_KP100,1,1,1280,1,64,0.050000000000000003,0,0,0,1,1,5.7163445312240828,2.1108108204147107,0.096117026078104628,-0.096117026078104628,5.7815871238708496,2.0448012351989746,0.0014540143662826559,0.0013328465024257678,0.0013934304343542119,0.01176090116456379,0.010367470730209579,0.00012116786385688808,0.073631249368190765,0.049087498337030411,-0.011632109045126423,0.0077547391672464546,-0.05859375,0.0703125,0.81597655266523361,-0.065242592646766795,0.066009585215736077,35,35,0,0,0,1,1,1,1,1,1,1,1,1,RUNNING,9.9998860000001244,0.0001139999998756025
446,4.4525651020000003,FIRST_CENTER_PROFILE,J2_KP100,1,1,1280,1,64,0.050000000000000003,0,0,0,1,1,5.7173222733859124,2.109833078252882,0.099431406287694452,-0.099431406287694452,5.7815871238708496,2.0448012351989746,0.0014540143662826559,0.0013328465024257678,0.0013934304343542119,0.011606439525762293,0.010213009091408081,0.00012116786385688808,0,-0.073631249368190765,-0,-0.011632109045126423,-0.06640625,0.0703125,0.86542967706918716,-0.064264850484937242,0.065031843053907412,35,35,0,0,0,1,1,1,1,1,1,1,1,1,RUNNING,9.9972920000004351,0.0027079999995649473
447,4.4625659080000002,FIRST_CENTER_PROFILE,J2_KP100,1,1,1280,1,64,0.050000000000000003,0,0,0,1,1,5.7183331593498368,2.1088221922889572,0.10274578649728427,-0.10274578649728427,5.781395435333252,2.0446093082427979,0.00148429691603116,0.0013025262878143924,0.0013934116019227762,0.011446741899204811,0.010053330297282035,0.0001817706282167676,-0.39269998669624329,-0.34361249208450317,0.062037913337971637,-0.054283174759238662,-0.05859375,0.06640625,0.79124999046325684,-0.063062275983415184,0.064212884046159324,35,35,0,0,0,1,1,1,1,1,1,1,1,1,RUNNING,10.000805999999862,0.00080599999986219473
448,4.4725671370000004,FIRST_CENTER_PROFILE,J2_KP100,1,1,1280,1,64,0.050000000000000003,0,0,0,1,1,5.7193771891158578,2.1077781625229361,0.10606016670687408,-0.10606016670687408,5.7815871238708496,2.0446093082427979,0.0014540143662826559,0.0013025262878143924,0.0013782703270485241,0.011281808284891347,0.0099035379578428229,0.00015148807846826354,-0.22089375555515289,-0.34361249208450317,0.03489632831240623,-0.054283174759238662,-0.0546875,0.0703125,0.79124999046325684,-0.062209934754991814,0.063168854280138298,35,35,0,0,0,1,1,1,1,1,1,1,1,1,RUNNING,10.001229000000222,0.0012290000002224133
449,4.4826152549999998,FIRST_CENTER_PROFILE,J2_KP100,1,1,1280,1,64,0.050000000000000003,0,0,0,1,1,5.7204543626839746,2.1067009889548194,0.10937454691646391,-0.10937454691646391,5.7815871238708496,2.0444176197052002,0.0014540143662826559,0.0012722437380658883,0.0013631290521742721,0.0111116386828219,0.0097485096306476268,0.0001817706282167676,-0.29452499747276306,-0.34361249208450317,0.046528436180505693,-0.054283174759238662,-0.05859375,0.06640625,0.79124999046325684,-0.061132761186875051,0.062283369249619192,35,35,0,0,0,1,1,1,1,1,1,1,1,1,RUNNING,10.048117999999384,0.048117999999384153
450,4.492619629,FIRST_CENTER_PROFILE,J2_KP100,1,1,1280,1,64,0.050000000000000003,0,0,0,1,1,5.7215573147648326,2.1055980368739617,0.11047934031966052,-0.11047934031966052,5.7817788124084473,2.0446093082427979,0.0014237318165341516,0.0013025262878143924,0.0013631290521742721,0.010937396645831132,0.0095742675936568607,0.00012120552871975926,0.049087498337030411,-0.024543749168515205,-0.0077547391672464546,-0.0038773695836232273,-0.0546875,0.0546875,0.69234374165534973,-0.060221497643614619,0.060988728631163891,35,35,0,0,0,1,1,1,1,1,1,1,1,1,RUNNING,10.004374000000205,0.0043740000002046031
451,4.5025668469999998,FIRST_CENTER_PROFILE,J2_KP100,1,1,1280,1,64,0.050000000000000003,0,0,0,1,1,5.7226621081680289,2.1044932434707651,0.11047934031966052,-0.11047934031966052,5.7815871238708496,2.0446093082427979,0.0014540143662826559,0.0013025262878143924,0.0013782703270485241,0.010762863720631699,0.0093845933935831748,0.00015148807846826354,-0.34361249208450317,0.12271875143051147,0.054283174759238662,0.019386848800886359,-0.0546875,0.05859375,0.71707030385732651,-0.058925015702820716,0.0598839352279672,35,35,0,0,0,1,1,1,1,1,1,1,1,1,RUNNING,9.9472179999997579,0.052782000000242135
452,4.5125640679999997,FIRST_CENTER_PROFILE,J2_KP100,1,1,1280,1,64,0.050000000000000003,0,0,0,1,1,5.723766901571226,2.1033884500675684,0.11047934031966052,-0.11047934031966052,5.7815871238708496,2.0444176197052002,0.0014540143662826559,0.0012722437380658883,0.0013631290521742721,0.010588330795432267,0.0092252017432579957,0.0001817706282167676,-0.31906875967979431,-0.14726249873638153,0.050405807823926105,-0.023264218090252847,-0.0546875,0.0703125,0.79124999046325684,-0.05782022229962358,0.058970830362368165,35,35,0,0,0,1,1,1,1,1,1,1,1,1,RUNNING,9.9972209999998896,0.0027790000001104431
453,4.5225668700000003,FIRST_CENTER_PROFILE,J2_KP100,1,1,1280,1,64,0.050000000000000003,0,0,0,1,1,5.7248716949744223,2.1022836566643717,0.11047934031966052,-0.11047934031966052,5.7815871238708496,2.0444176197052002,0.0014540143662826559,0.0012722437380658883,0.0013631290521742721,0.010413797870232833,0.0090506688180585597,0.0001817706282167676,-0.4908750057220459,0,0.077547395203545436,0,-0.05078125,0.05859375,0.69234374165534973,-0.056715428896427333,0.057866036959171474,35,35,0,0,0,1,1,1,1,1,1,1,1,1,RUNNING,10.002802000000699,0.0028020000006989676
454,4.532567169,FIRST_CENTER_PROFILE,J2_KP100,1,1,1280,1,64,0.050000000000000003,0,0,0,1,1,5.7259764883776185,2.101178863261175,0.11047934031966052,-0.11047934031966052,5.7819705009460449,2.0442259311676025,0.0013934492667856476,0.001241961188317384,0.0013177052275515158,0.0102392649450334,0.0089215597174818837,0.00015148807846826354,-0.24543750286102295,-0.34361249208450317,0.038773697601772718,-0.054283174759238662,-0.04296875,0.0546875,0.6181640550494194,-0.055994012568426399,0.056952932093572439,35,35,0,0,0,1,1,1,1,1,1,1,1,1,RUNNING,10.000298999999657,0.00029899999965721236
455,4.5425686470000004,FIRST_CENTER_PROFILE,J2_KP100,1,1,1280,1,64,0.050000000000000003,0,0,0,1,1,5.7270812817808157,2.1000740698579787,0.11047934031966052,-0.11047934031966052,5.7819705009460449,2.0442259311676025,0.0013934492667856476,0.001241961188317384,0.0013177052275515158,0.010064732019833968,0.0087470267922824512,0.00015148807846826354,-0.024543749168515205,-0.29452499747276306,0.0038773695836232273,-0.046528436180505693,-0.05078125,0.0546875,0.66761717945337296,-0.054889219165229264,0.055848138690376192,35,35,0,0,0,1,1,1,1,1,1,1,1,1,RUNNING,10.001478000000397,0.001478000000396662
456,4.5525655519999999,FIRST_CENTER_PROFILE,J2_KP100,1,1,1280,1,64,0.050000000000000003,0,0,0,1,1,5.7281860751840119,2.098969276454782,0.11047934031966052,-0.11047934031966052,5.7821621894836426,2.0444176197052002,0.0013631667170371433,0.0012722437380658883,0.0013177052275515158,0.0098901990946345351,0.0085724938670830187,9.0922978971254981e-05,0.34361249208450317,0.073631249368190765,-0.054283174759238662,0.011632109045126423,-0.05078125,0.0546875,0.66761717945337296,-0.053976114299630673,0.054551656749581845,35,35,0,0,0,1,1,1,1,1,1,1,1,1,RUNNING,9.9969049999995008,0.0030950000004992262
457,4.5626057739999997,FIRST_CENTER_PROFILE,J2_KP100,1,1,1280,1,64,0.050000000000000003,0,0,0,1,1,5.729290868587209,2.0978644830515853,0.11047934031966052,-0.11047934031966052,5.7819705009460449,2.0440342426300049,0.0013934492667856476,0.0012116786385688797,0.0013025639526772635,0.0097156661694351009,0.0084131022167578378,0.00018177062821676782,-0.073631249368190765,-0.36815625429153442,0.011632109045126423,-0.05816054640265908,-0.0390625,0.0546875,0.59343749284744263,-0.052679632358835882,0.053830240421580466,35,35,0,0,0,1,1,1,1,1,1,1,1,1,RUNNING,10.040221999999766,0.040221999999765501
458,4.572679312,FIRST_CENTER_PROFILE,J2_KP100,1,1,1280,1,64,0.050000000000000003,0,0,0,1,1,5.7303956619904053,2.0967596896483887,0.11047934031966052,-0.11047934031966052,5.7817788124084473,2.0440342426300049,0.0014237318165341516,0.0012116786385688797,0.0013177052275515156,0.0095411332442356701,0.0082234280166841554,0.00021205317796527188,-0.58904999494552612,-0.31906875967979431,0.093056872361011386,-0.050405807823926105,-0.04296875,0.05078125,0.59343749284744263,-0.051383150418041978,0.052725447018383775,35,35,0,0,0,1,1,1,1,1,1,1,1,1,RUNNING,10.073538000000326,0.073538000000326065
459,4.5826070579999998,FIRST_CENTER_PROFILE,J2_KP100,1,1,1280,1,64,0.050000000000000003,0,0,0,1,1,5.7315004553936015,2.095654896245192,0.11047934031966052,-0.11047934031966052,5.7819705009460449,2.0440342426300049,0.0013934492667856476,0.0012116786385688797,0.0013025639526772635,0.0093666003190362359,0.0080640363663589728,0.00018177062821676782,-0.24543750286102295,0.098174996674060822,0.038773697601772718,0.015509478334492909,-0.04296875,0.0546875,0.6181640550494194,-0.050470045552443388,0.051620653615187084,35,35,0,0,0,1,1,1,1,1,1,1,1,1,RUNNING,9.927745999999793,0.072254000000206986
460,4.5925683859999999,FIRST_CENTER_PROFILE,J2_KP100,1,1,1280,1,64,0.050000000000000003,0,0,0,1,1,5.7326052487967987,2.0945501028419953,0.11047934031966052,-0.11047934031966052,5.7819705009460449,2.0440342426300049,0.0013934492667856476,0.0012116786385688797,0.0013025639526772635,0.0091920673938368017,0.0078895034411595386,0.00018177062821676782,-0.31906875967979431,-0.24543750286102295,0.050405807823926105,-0.038773697601772718,-0.05078125,0.05078125,0.64289061725139618,-0.049365252149246253,0.050515860211990393,35,35,0,0,0,1,1,1,1,1,1,1,1,1,RUNNING,9.9613280000001581,0.038671999999841944
461,4.6025712170000004,FIRST_CENTER_PROFILE,J2_KP100,1,1,1280,1,64,0.050000000000000003,0,0,0,1,1,5.7337100421999949,2.093445309438799,0.11047934031966052,-0.11047934031966052,5.7821621894836426,2.0440342426300049,0.0013631667170371433,0.0012116786385688797,0.0012874226778030115,0.0090175344686373692,0.0077301117908343576,0.00015148807846826354,-0.073631249368190765,-0.19634999334812164,0.011632109045126423,-0.031018956668985818,-0.05078125,0.0546875,0.66761717945337296,-0.048452147283647662,0.049411066808794146,35,35,0,0,0,1,1,1,1,1,1,1,1,1,RUNNING,10.002831000000434,0.0028310000004339031
462,4.6125689889999997,FIRST_CENTER_PROFILE,J2_KP100,1,1,1280,1,64,0.050000000000000003,0,0,0,1,1,5.7348148356031921,2.0923405160356023,0.11047934031966052,-0.11047934031966052,5.7823538780212402,2.0440342426300049,0.001332884167288639,0.0012116786385688797,0.0012722814029287595,0.0088430015434379367,0.0075707201405091767,0.00012120552871975926,0.26998123526573181,-0.098174996674060822,-0.042651064537085275,-0.015509478334492909,-0.04296875,0.05078125,0.59343749284744263,-0.047539042418048183,0.048306273405597455,35,35,0,0,0,1,1,1,1,1,1,1,1,1,RUNNING,9.9977719999992942,0.0022280000007057765
463,4.6225681209999996,FIRST_CENTER_PROFILE,J2_KP100,1,1,1280,1,64,0.050000000000000003,0,0,0,1,1,5.7359196290063883,2.0912357226324056,0.11047934031966052,-0.11047934031966052,5.7823538780212402,2.0440342426300049,0.001332884167288639,0.0012116786385688797,0.0012722814029287595,0.0086684686182385041,0.0073961872153097442,0.00012120552871975926,0.098174996674060822,0.12271875143051147,-0.015509478334492909,0.019386848800886359,-0.02734375,0.04296875,0.44507811963558197,-0.046434249014851936,0.047201480002400764,35,35,0,0,0,1,1,1,1,1,1,1,1,1,RUNNING,9.9991319999999106,0.00086800000008935285
464,4.6326121760000003,FIRST_CENTER_PROFILE,J2_KP100,1,1,1280,1,64,0.050000000000000003,0,0,0,1,1,5.7370244224095845,2.090130929229209,0.11047934031966052,-0.11047934031966052,5.7821621894836426,2.0440342426300049,0.0013631667170371433,0.0012116786385688797,0.0012874226778030115,0.0084939356930390716,0.0072065130152360601,0.00015148807846826354,-0.31906875967979431,-0.12271875143051147,0.050405807823926105,-0.019386848800886359,-0.04296875,0.04296875,0.54398436844348907,-0.045137767074058033,0.046096686599204073,35,35,0,0,0,1,1,1,1,1,1,1,1,1,RUNNING,10.044055000000718,0.044055000000717826
465,4.6425517379999999,FIRST_CENTER_PROFILE,J2_KP100,1,1,1280,1,64,0.050000000000000003,0,0,0,1,1,5.7381292158127817,2.0890261358260123,0.11047934031966052,-0.11047934031966052,5.7823538780212402,2.0438423156738281,0.001332884167288639,0.0011813584239575045,0.0012571212956230717,0.0083194027678396391,0.0070622814722165672,0.0001515257433311345,0.12271875143051147,-0.24543750286102295,-0.019386848800886359,-0.038773697601772718,-0.02734375,0.04296875,0.44507811963558197,-0.044224662208458554,0.04518382015218414,35,35,0,0,0,1,1,1,1,1,1,1,1,1,RUNNING,9.9395619999995688,0.060438000000431202
466,4.6526090360000003,FIRST_CENTER_PROFILE,J2_KP100,1,1,1280,1,64,0.050000000000000003,0,0,0,1,1,5.7392340092159779,2.087921342422816,0.11047934031966052,-0.11047934031966052,5.7823538780212402,2.0438423156738281,0.001332884167288639,0.0011813584239575045,0.0012571212956230717,0.0081448698426402049,0.0068877485470171329,0.0001515257433311345,0,-0.34361249208450317,-0,-0.054283174759238662,-0.02734375,0.04296875,0.44507811963558197,-0.043119868805262307,0.044079026748987893,35,35,0,0,0,1,1,1,1,1,1,1,1,1,RUNNING,10.057298000000436,0.057298000000436389
467,4.6626092950000002,FIRST_CENTER_PROFILE,J2_KP100,1,1,1280,1,64,0.050000000000000003,0,0,0,1,1,5.7403388026191751,2.0868165490196193,0.11047934031966052,-0.11047934031966052,5.7823538780212402,2.0440342426300049,0.001332884167288639,0.0012116786385688797,0.0012722814029287595,0.0079703369174407724,0.0066980555145120125,0.00012120552871975926,-0.024543749168515205,0,0.0038773695836232273,0,-0.03515625,0.0390625,0.46980468183755875,-0.042015075402065172,0.042782306389614444,35,35,0,0,0,1,1,1,1,1,1,1,1,1,RUNNING,10.0002589999999,0.0002589999999003112
468,4.6726106989999998,FIRST_CENTER_PROFILE,J2_KP100,1,1,1280,1,64,0.050000000000000003,0,0,0,1,1,5.7414435960223713,2.0857117556164226,0.11047934031966052,-0.11047934031966052,5.7825460433959961,2.0438423156738281,0.0013025262878143924,0.0011813584239575045,0.0012419423558859485,0.007795803992241339,0.0065538616363553905,0.00012116786385688787,0.12271875143051147,-0.24543750286102295,-0.019386848800886359,-0.038773697601772718,-0.0234375,0.0390625,0.39562499523162842,-0.041102447373624784,0.041869439942594511,35,35,0,0,0,1,1,1,1,1,1,1,1,1,RUNNING,10.001403999999603,0.0014039999996029451
469,4.6826371260000004,FIRST_CENTER_PROFILE,J2_KP100,1,1,1280,1,64,0.050000000000000003,0,0,0,1,1,5.7425483894255676,2.0846069622132259,0.11047934031966052,-0.11047934031966052,5.7823538780212402,2.0438423156738281,0.001332884167288639,0.0011813584239575045,0.0012571212956230717,0.0076212710670419057,0.0063641497714188337,0.0001515257433311345,-0.24543750286102295,-0.26998123526573181,0.038773697601772718,-0.042651064537085275,-0.0234375,0.0390625,0.39562499523162842,-0.039805488595672678,0.04076464653939782,35,35,0,0,0,1,1,1,1,1,1,1,1,1,RUNNING,10.02642700000056,0.026427000000559531
470,4.6925706480000002,FIRST_CENTER_PROFILE,J2_KP100,1,1,1280,1,64,0.050000000000000003,0,0,0,1,1,5.7436531828287647,2.0835021688100293,0.11047934031966052,-0.11047934031966052,5.7821621894836426,2.0438423156738281,0.0013631667170371433,0.0011813584239575045,0.001272262570497324,0.0074467381418424732,0.0061744755713451487,0.00018180829307963878,-0.58904999494552612,-0.36815625429153442,0.093056872361011386,-0.05816054640265908,-0.03515625,0.0390625,0.46980468183755875,-0.038509006654877886,0.039659853136201129,35,35,0,0,0,1,1,1,1,1,1,1,1,1,RUNNING,9.9335219999998614,0.066478000000138593
471,4.7026595919999998,FIRST_CENTER_PROFILE,J2_KP100,1,1,1280,1,64,0.050000000000000003,0,0,0,1,1,5.7447579762319609,2.082397375406833,0.11047934031966052,-0.11047934031966052,5.7825460433959961,2.0438423156738281,0.0013025262878143924,0.0011813584239575045,0.0012419423558859485,0.0072722052166430398,0.0060302628607570912,0.00012116786385688787,0.024543749168515205,-0.26998123526573181,-0.0038773695836232273,-0.042651064537085275,-0.0234375,0.05078125,0.46980468183755875,-0.037788067164035155,0.038555059733004882,35,35,0,0,0,1,1,1,1,1,1,1,1,1,RUNNING,10.0889439999996,0.08894399999960001
472,4.7126001779999998,FIRST_CENTER_PROFILE,J2_KP100,1,1,1280,1,64,0.050000000000000003,0,0,0,1,1,5.7458627696351581,2.0812925820036363,0.11047934031966052,-0.11047934031966052,5.7827377319335938,2.0438423156738281,0.0012722437380658883,0.0011813584239575045,0.0012268010810116965,0.0070976722914436064,0.0058708712104319095,9.0885314108383802e-05,0.29452499747276306,-0.26998123526573181,-0.046528436180505693,-0.042651064537085275,-0.03515625,0.03515625,0.44507811963558197,-0.036874962298435676,0.037450266329808191,35,35,0,0,0,1,1,1,1,1,1,1,1,1,RUNNING,9.940585999999918,0.059414000000082012
473,4.7226852099999999,FIRST_CENTER_PROFILE,J2_KP100,1,1,1280,1,64,0.050000000000000003,0,0,0,1,1,5.7469675630383543,2.0801877886004396,0.11047934031966052,-0.11047934031966052,5.7825460433959961,2.0438423156738281,0.0013025262878143924,0.0011813584239575045,0.0012419423558859485,0.0069231393662441739,0.0056811970103582254,0.00012116786385688787,-0.14726249873638153,-0.22089375555515289,0.023264218090252847,-0.03489632831240623,-0.01953125,0.0390625,0.37089843302965164,-0.035578480357641773,0.0363454729266115,35,35,0,0,0,1,1,1,1,1,1,1,1,1,RUNNING,10.085032000000105,0.085032000000104802
474,4.7326434480000001,FIRST_CENTER_PROFILE,J2_KP100,1,1,1280,1,64,0.050000000000000003,0,0,0,1,1,5.7480723564415506,2.0790829951972429,0.11047934031966052,-0.11047934031966052,5.7825460433959961,2.0436506271362305,0.0013025262878143924,0.0011510758742090002,0.0012268010810116963,0.0067486064410447414,0.0055218053600330453,0.00015145041360539215,-0.049087498337030411,-0.39269998669624329,0.0077547391672464546,-0.062037913337971637,-0.0234375,0.0390625,0.39562499523162842,-0.034473686954445526,0.035432368061012465,35,35,0,0,0,1,1,1,1,1,1,1,1,1,RUNNING,9.9582380000002857,0.041761999999714305
475,4.7426052490000004,FIRST_CENTER_PROFILE,J2_KP100,1,1,1280,1,64,0.050000000000000003,0,0,0,1,1,5.7491771498447477,2.0779782017940462,0.11047934031966052,-0.11047934031966052,5.7827377319335938,2.0434589385986328,0.0012722437380658883,0.0011207933244604959,0.001196518531263192,0.0065740735158453089,0.0053775549845821169,0.00015145041360539236,0.14726249873638153,-0.58904999494552612,-0.023264218090252847,-0.093056872361011386,-0.0234375,0.0390625,0.39562499523162842,-0.033560582088846047,0.03451926319541343,35,35,0,0,0,1,1,1,1,1,1,1,1,1,RUNNING,9.9618010000002144,0.038198999999785599
476,4.7526160070000003,FIRST_CENTER_PROFILE,J2_KP100,1,1,1280,1,64,0.050000000000000003,0,0,0,1,1,5.7502819432479439,2.07687340839085,0.11047934031966052,-0.11047934031966052,5.7825460433959961,2.0436506271362305,0.0013025262878143924,0.0011510758742090002,0.0012268010810116963,0.0063995405906458764,0.0051727395096341803,0.00015145041360539215,-0.29452499747276306,-0.14726249873638153,0.046528436180505693,-0.023264218090252847,-0.03515625,0.02734375,0.39562499523162842,-0.032264100148052144,0.033222781254619527,35,35,0,0,0,1,1,1,1,1,1,1,1,1,RUNNING,10.010757999999953,0.010757999999952972
477,4.7626047460000001,FIRST_CENTER_PROFILE,J2_KP100,1,1,1280,1,64,0.050000000000000003,0,0,0,1,1,5.7513867366511411,2.0757686149876533,0.11047934031966052,-0.11047934031966052,5.7829294204711914,2.0436506271362305,0.001241961188317384,0.0011510758742090002,0.001196518531263192,0.0062250076654464422,0.0050284891341832502,9.0885314108383802e-05,0.26998123526573181,-0.24543750286102295,-0.042651064537085275,-0.038773697601772718,-0.0234375,0.03515625,0.37089843302965164,-0.031542683820050321,0.032117987851422836,35,35,0,0,0,1,1,1,1,1,1,1,1,1,RUNNING,9.9887389999997467,0.011261000000253318
478,4.772663391,FIRST_CENTER_PROFILE,J2_KP100,1,1,1280,1,64,0.050000000000000003,0,0,0,1,1,5.7524915300543373,2.0746638215844566,0.11047934031966052,-0.11047934031966052,5.7831211090087891,2.0436506271362305,0.0012116786385688797,0.0011510758742090002,0.00118137725638894,0.0060504747402470097,0.0048690974838580692,6.0602764359879522e-05,0.34361249208450317,0.073631249368190765,-0.054283174759238662,0.011632109045126423,-0.03515625,0.03515625,0.44507811963558197,-0.030629578954451731,0.031013194448226145,35,35,0,0,0,1,1,1,1,1,1,1,1,1,RUNNING,10.058644999999977,0.058644999999977188
479,4.7826056689999996,FIRST_CENTER_PROFILE,J2_KP100,1,1,1280,1,64,0.050000000000000003,0,0,0,1,1,5.7535963234575336,2.0735590281812599,0.11047934031966052,-0.11047934031966052,5.7829294204711914,2.0434589385986328,0.001241961188317384,0.0011207933244604959,0.00118137725638894,0.0058759418150475771,0.0046945645586586367,0.00012116786385688808,-0.024543749168515205,-0.17180624604225159,0.0038773695836232273,-0.027141587379619331,-0.03515625,0.02734375,0.39562499523162842,-0.029333097013657827,0.03010008958262711,35,35,0,0,0,1,1,1,1,1,1,1,1,1,RUNNING,9.9422779999995825,0.057722000000417495
480,4.7925676199999998,FIRST_CENTER_PROFILE,J2_KP100,1,1,1280,1,64,0.050000000000000003,0,0,0,1,1,5.7547011168607307,2.0724542347780632,0.11047934031966052,-0.11047934031966052,5.7831211090087891,2.0436506271362305,0.0012116786385688797,0.0011510758742090002,0.00118137725638894,0.0057014088898481429,0.0045200316334592025,6.0602764359879522e-05,-0.36815625429153442,0.31906875967979431,0.05816054640265908,0.050405807823926105,-0.01953125,0.02734375,0.29671874642372131,-0.028419992148058348,0.028803607641832762,35,35,0,0,0,1,1,1,1,1,1,1,1,1,RUNNING,9.961951000000191,0.038048999999809041
481,4.8026647530000002,FIRST_CENTER_PROFILE,J2_KP100,1,1,1280,1,64,0.050000000000000003,0,0,0,1,1,5.755805910263927,2.071349441374867,0.11047934031966052,-0.11047934031966052,5.7829294204711914,2.0432672500610352,0.001241961188317384,0.0010905107747119919,0.0011662359815146879,0.0055268759646487104,0.0043606399831340225,0.00015145041360539215,-0.34361249208450317,-0.17180624604225159,0.054283174759238662,-0.027141587379619331,-0.01953125,0.02734375,0.29671874642372131,-0.027123510207264445,0.028082191313831828,35,35,0,0,0,1,1,1,1,1,1,1,1,1,RUNNING,10.097133000000369,0.097133000000368952
482,4.8126088310000004,FIRST_CENTER_PROFILE,J2_KP100,1,1,1280,1,64,0.050000000000000003,0,0,0,1,1,5.7569107036671241,2.0702446479716703,0.11047934031966052,-0.11047934031966052,5.7827377319335938,2.0432672500610352,0.0012722437380658883,0.0010905107747119919,0.00118137725638894,0.0053523430394492779,0.0041709657830603375,0.00018173296335389643,-0.78539997339248657,-0.24543750286102295,0.12407582667594327,-0.038773697601772718,-0.02734375,0.01953125,0.29671874642372131,-0.025827028266469654,0.026977397910635137,35,35,0,0,0,1,1,1,1,1,1,1,1,1,RUNNING,9.9440780000001894,0.055921999999810623
483,4.8226558529999997,FIRST_CENTER_PROFILE,J2_KP100,1,1,1280,1,64,0.050000000000000003,0,0,0,1,1,5.7580154970703203,2.0691398545684736,0.11047934031966052,-0.11047934031966052,5.7833127975463867,2.0430753231048584,0.0011813960888203757,0.0010601905601006164,0.0011207933244604959,0.0051778101142498437,0.0040570167897893477,0.00012120552871975926,0.31906875967979431,-0.58904999494552612,-0.050405807823926105,-0.093056872361011386,-0.03515625,0.02734375,0.39562499523162842,-0.025297300476066376,0.026064531463615204,35,35,0,0,0,1,1,1,1,1,1,1,1,1,RUNNING,10.047021999999295,0.047021999999294906
484,4.8326072059999996,FIRST_CENTER_PROFILE,J2_KP100,1,1,1280,1,64,0.050000000000000003,0,0,0,1,1,5.7591202904735166,2.0680350611652769,0.11047934031966052,-0.11047934031966052,5.7829294204711914,2.0432672500610352,0.001241961188317384,0.0010905107747119919,0.0011662359815146879,0.0050032771890504112,0.0038370412075357232,0.00015145041360539215,-0.36815625429153442,-0.29452499747276306,0.05816054640265908,-0.046528436180505693,-0.0234375,0.0234375,0.29671874642372131,-0.023809129997674816,0.024767811104241755,35,35,0,0,0,1,1,1,1,1,1,1,1,1,RUNNING,9.9513529999999406,0.048647000000059393
485,4.8425692119999999,FIRST_CENTER_PROFILE,J2_KP100,1,1,1280,1,64,0.050000000000000003,0,0,0,1,1,5.7602250838767137,2.0669302677620802,0.11047934031966052,-0.11047934031966052,5.7833127975463867,2.0434589385986328,0.0011813960888203757,0.0011207933244604959,0.0011510947066404359,0.0048287442638509787,0.0036776495572105427,6.0602764359879739e-05,0.14726249873638153,0.073631249368190765,-0.023264218090252847,0.011632109045126423,-0.02734375,0.01953125,0.29671874642372131,-0.023087713669672993,0.023471329163447407,35,35,0,0,0,1,1,1,1,1,1,1,1,1,RUNNING,9.9620060000003008,0.037993999999699213
486,4.8525714149999999,FIRST_CENTER_PROFILE,J2_KP100,1,1,1280,1,64,0.050000000000000003,0,0,0,1,1,5.76132987727991,2.0658254743588835,0.11047934031966052,-0.11047934031966052,5.7831211090087891,2.0430753231048584,0.0012116786385688797,0.0010601905601006164,0.001135934599334748,0.0046542113386515444,0.0035182767393167965,0.00015148807846826332,-0.19634999334812164,-0.073631249368190765,0.031018956668985818,-0.011632109045126423,-0.01171875,0.0234375,0.22253905981779099,-0.02179123172887909,0.02275015125402513,35,35,0,0,0,1,1,1,1,1,1,1,1,1,RUNNING,10.002202999999987,0.0022029999999872985
487,4.8626153390000004,FIRST_CENTER_PROFILE,J2_KP100,1,1,1280,1,64,0.050000000000000003,0,0,0,1,1,5.7624346706831071,2.0647206809556873,0.11047934031966052,-0.11047934031966052,5.7833127975463867,2.0430753231048584,0.0011813960888203757,0.0010601905601006164,0.0011207933244604959,0.0044796784134521137,0.0033588850889916177,0.00012120552871975926,0.12271875143051147,-0.098174996674060822,-0.019386848800886359,-0.015509478334492909,-0.01171875,0.0234375,0.22253905981779099,-0.020878126863279611,0.021645357850828884,35,35,0,0,0,1,1,1,1,1,1,1,1,1,RUNNING,10.043924000000537,0.043924000000536978
488,4.8726248539999997,FIRST_CENTER_PROFILE,J2_KP100,1,1,1280,1,64,0.050000000000000003,0,0,0,1,1,5.7635394640863034,2.0636158875524906,0.11047934031966052,-0.11047934031966052,5.7831211090087891,2.0430753231048584,0.0012116786385688797,0.0010601905601006164,0.001135934599334748,0.0043051454882526811,0.0031692108889179332,0.00015148807846826332,-0.24543750286102295,-0.26998123526573181,0.038773697601772718,-0.042651064537085275,-0.01171875,0.01171875,0.14835937321186066,-0.019581644922485708,0.020540564447632192,35,35,0,0,0,1,1,1,1,1,1,1,1,1,RUNNING,10.009514999999247,0.009514999999247209
489,4.8827301629999997,FIRST_CENTER_PROFILE,J2_KP100,1,1,1280,1,64,0.050000000000000003,0,0,0,1,1,5.7646442574894996,2.0625110941492939,0.11047934031966052,-0.11047934031966052,5.7831211090087891,2.0432672500610352,0.0012116786385688797,0.0010905107747119919,0.0011510947066404359,0.0041306125630532469,0.002979517856412811,0.00012116786385688787,-0.24543750286102295,0.26998123526573181,0.038773697601772718,0.042651064537085275,-0.01171875,0.01953125,0.19781249761581421,-0.018476851519289461,0.019243844088258744,35,35,0,0,0,1,1,1,1,1,1,1,1,1,RUNNING,10.105309000000062,0.10530900000006227
490,4.8926649820000003,FIRST_CENTER_PROFILE,J2_KP100,1,1,1280,1,64,0.050000000000000003,0,0,0,1,1,5.7657490508926967,2.0614063007460972,0.11047934031966052,-0.11047934031966052,5.7831211090087891,2.0430753231048584,0.0012116786385688797,0.0010601905601006164,0.001135934599334748,0.0039560796378538144,0.0028201450385190664,0.00015148807846826332,-0.31906875967979431,-0.14726249873638153,0.050405807823926105,-0.023264218090252847,-0.0078125,0.01953125,0.17308593541383743,-0.017372058116092326,0.01833097764123881,35,35,0,0,0,1,1,1,1,1,1,1,1,1,RUNNING,9.9348190000005943,0.065180999999405742
491,4.9026885309999999,FIRST_CENTER_PROFILE,J2_KP100,1,1,1280,1,64,0.050000000000000003,0,0,0,1,1,5.766853844295893,2.0603015073429005,0.11047934031966052,-0.11047934031966052,5.7833127975463867,2.0428836345672607,0.0011813960888203757,0.0010299080103521121,0.0011056520495862439,0.0037815467126543819,0.002675894663068138,0.00015148807846826354,0,-0.24543750286102295,-0,-0.038773697601772718,-0.0078125,0.0078125,0.098906248807907104,-0.016458953250493735,0.017417872775639776,35,35,0,0,0,1,1,1,1,1,1,1,1,1,RUNNING,10.023548999999576,0.023548999999576381
492,4.9126553639999999,FIRST_CENTER_PROFILE,J2_KP100,1,1,1280,1,64,0.050000000000000003,0,0,0,1,1,5.7679586376990901,2.0591967139397043,0.11047934031966052,-0.11047934031966052,5.7831211090087891,2.0430753231048584,0.0012116786385688797,0.0010601905601006164,0.001135934599334748,0.0036070137874549477,0.0024710791881201997,0.00015148807846826332,-0.29452499747276306,0.024543749168515205,0.046528436180505693,0.0038773695836232273,-0.0078125,0.01171875,0.12363281100988388,-0.015162471309698944,0.016121390834845872,35,35,0,0,0,1,1,1,1,1,1,1,1,1,RUNNING,9.9668330000000083,0.033166999999991731
493,4.9226801020000002,FIRST_CENTER_PROFILE,J2_KP100,1,1,1280,1,64,0.050000000000000003,0,0,0,1,1,5.7690634311022864,2.0580919205365076,0.11047934031966052,-0.11047934031966052,5.7831211090087891,2.0428836345672607,0.0012116786385688797,0.0010299080103521121,0.0011207933244604959,0.0034324808622555152,0.0023116875377950192,0.0001817706282167676,-0.31906875967979431,-0.17180624604225159,0.050405807823926105,-0.027141587379619331,-0.01171875,0.01171875,0.14835937321186066,-0.014057677906502697,0.015208285969246838,35,35,0,0,0,1,1,1,1,1,1,1,1,1,RUNNING,10.024738000000255,0.024738000000255056
494,4.9326597640000003,FIRST_CENTER_PROFILE,J2_KP100,1,1,1280,1,64,0.050000000000000003,0,0,0,1,1,5.7701682245054826,2.0569871271333109,0.11047934031966052,-0.11047934031966052,5.7835044860839844,2.0430753231048584,0.0011511135390718714,0.0010601905601006164,0.0011056520495862439,0.0032579479370560827,0.0021522958874698388,9.0922978971254981e-05,0.024543749168515205,0,-0.0038773695836232273,0,-0.0078125,0.01171875,0.12363281100988388,-0.013336261578501762,0.01391180402845249,35,35,0,0,0,1,1,1,1,1,1,1,1,1,RUNNING,9.9796620000001113,0.020337999999888723
495,4.9427152159999999,FIRST_CENTER_PROFILE,J2_KP100,1,1,1280,1,64,0.050000000000000003,0,0,0,1,1,5.7712730179086797,2.0558823337301142,0.11047934031966052,-0.11047934031966052,5.783696174621582,2.0425002574920654,0.0011208309893233673,0.0009693429108551039,0.0010450869500892356,0.0030834150118566484,0.0020383280617674131,0.00015148807846826343,-0.17180624604225159,-0.58904999494552612,0.027141587379619331,-0.093056872361011386,-0.0078125,0.01171875,0.12363281100988388,-0.012423156712902284,0.013382076238048768,35,35,0,0,0,1,1,1,1,1,1,1,1,1,RUNNING,10.055451999999576,0.055451999999576174
496,4.9526907270000002,FIRST_CENTER_PROFILE,J2_KP100,1,1,1280,1,64,0.050000000000000003,0,0,0,1,1,5.772377811311876,2.0547775403269175,0.11047934031966049,-0.11047934031966049,5.783696174621582,2.0428836345672607,0.0011208309893233673,0.0010299080103521121,0.0010753694998377398,0.0029088820866572142,0.0018335125868194743,9.0922978971255198e-05,-0.049087498337030411,0.17180624604225159,0.0077547391672464546,0.027141587379619331,-0.00390625,0.0078125,0.074179686605930328,-0.011318363309706037,0.011893905759656764,35,35,0,0,0,1,1,1,1,1,1,1,1,1,RUNNING,9.975511000000381,0.024488999999618954
497,4.9626610910000002,FIRST_CENTER_PROFILE,J2_KP100,1,1,1280,1,64,0.050000000000000003,0,0,0,1,1,5.7734660328140253,2.0536893188247691,0.10716496011007066,-0.10716496011007066,5.7838878631591797,2.0428836345672607,0.001090548439574863,0.0010299080103521121,0.0010602282249634876,0.0027369671553357736,0.001676738930372286,6.0640429222750918e-05,0.22089375555515289,0.26998123526573181,-0.03489632831240623,0.042651064537085275,-0.00390625,0.01171875,0.098906248807907104,-0.010421830345154426,0.010805684257508386,35,35,0,0,0,1,1,1,1,1,1,1,1,1,RUNNING,9.9703639999999538,0.029636000000046181
498,4.9726703350000001,FIRST_CENTER_PROFILE,J2_KP100,1,1,1280,1,64,0.050000000000000003,0,0,0,1,1,5.7745211105140779,2.0526342411247165,0.10385057990048085,-0.10385057990048085,5.7835044860839844,2.0425002574920654,0.0011511135390718714,0.0009693429108551039,0.0010602282249634876,0.0025702882117703153,0.0015100599868068277,0.0001817706282167675,-0.53996247053146362,-0.58904999494552612,0.085302129074170549,-0.093056872361011386,-0.00390625,0.0078125,0.074179686605930328,-0.008983375569906471,0.010133983632651056,35,35,0,0,0,1,1,1,1,1,1,1,1,1,RUNNING,10.009243999999917,0.0092439999999172073
499,4.9825667620000003,FIRST_CENTER_PROFILE,J2_KP100,1,1,1280,1,64,0.050000000000000003,0,0,0,1,1,5.7755430444120348,2.0516123072267596,0.10053619969089103,-0.10053619969089103,5.7840800285339355,2.0425002574920654,0.0010601905601006164,0.0009693429108551039,0.0010147667354778601,0.0024088452559608391,0.001394078520482979,9.0847649245512515e-05,-0.024543749168515205,-0.34361249208450317,0.0038773695836232273,-0.054283174759238662,0.00390625,0.0078125,0.024726562201976776,-0.008536984121900737,0.0091120497346941498,35,35,0,0,0,1,1,1,1,1,1,1,1,1,RUNNING,9.896427000000152,0.10357299999984804
500,4.992670231,FIRST_CENTER_PROFILE,J2_KP100,1,1,1280,1,64,0.050000000000000003,0,0,0,1,1,5.7765318345078951,2.0506235171308984,0.09722181948130125,-0.09722181948130125,5.7842717170715332,2.0425002574920654,0.0010299080103521121,0.0009693429108551039,0.00099962546060360807,0.0022526382879073468,0.0012530128273037387,6.0565099497008235e-05,0,0,-0,0,0,0.00390625,0.024726562201976776,-0.0077398825636381119,0.0081232596388329803,35,35,0,0,0,1,1,1,1,1,1,1,1,1,RUNNING,10.103468999999698,0.1034689999996985
501,5.0026685909999999,FIRST_CENTER_PROFILE,J2_KP100,1,1,1280,1,64,0.050000000000000003,0,0,0,1,1,5.7774874808016605,2.0496678708371334,0.093907439271711426,-0.093907439271711426,5.7840800285339355,2.0423083305358887,0.0010601905601006164,0.00093902269624372844,0.00099960662817217237,0.0021016673076098384,0.001102060679437666,0.00012116786385688797,-0.39269998669624329,-0.34361249208450317,0.062037913337971637,-0.054283174759238662,-0.00390625,0.00390625,0.049453124403953552,-0.0065925477322750226,0.0073595403012447491,35,35,0,0,0,1,1,1,1,1,1,1,1,1,RUNNING,9.9983599999999839,0.001640000000016073
502,5.0126778920000001,FIRST_CENTER_PROFILE,J2_KP100,1,1,1280,1,64,0.050000000000000003,0,0,0,1,1,5.7784099832933293,2.0487453683454642,0.090593059062121603,-0.090593059062121603,5.7844634056091309,2.0423083305358887,0.00099962546060360807,0.00093902269624372844,0.00096932407842366831,0.0019559323150683105,0.00098660823664464218,6.060276435987963e-05,0.22089375555515289,-0.24543750286102295,-0.03489632831240623,-0.038773697601772718,-0.00390625,0.00390625,0.049453124403953552,-0.0060534223158015266,0.0064370378095754965,35,35,0,0,0,1,1,1,1,1,1,1,1,1,RUNNING,10.009301000000193,0.0093010000001925164
503,5.022695723,FIRST_CENTER_PROFILE,J2_KP100,1,1,1280,1,64,0.050000000000000003,0,0,0,1,1,5.7792993419829033,2.0478560096558911,0.087278678852531794,-0.087278678852531794,5.7842717170715332,2.0425002574920654,0.0010299080103521121,0.0009693429108551039,0.00099962546060360807,0.0018154333102827682,0.00081580784967916014,6.0565099497008235e-05,-0.12271875143051147,-0.14726249873638153,0.019386848800886359,-0.023264218090252847,0,0.00390625,0.024726562201976776,-0.0049723750886299101,0.0053557521638256667,35,35,0,0,0,1,1,1,1,1,1,1,1,1,RUNNING,10.017830999999866,0.017830999999866037
504,5.0326742659999999,FIRST_CENTER_PROFILE,J2_KP100,1,1,1280,1,64,0.050000000000000003,0,0,0,1,1,5.7801555568703806,2.0469997947684138,0.08396429864294197,-0.08396429864294197,5.7844634056091309,2.0425002574920654,0.00099962546060360807,0.0009693429108551039,0.00098448418572935604,0.0016801702932532064,0.00069568610752385033,3.0282549748504172e-05,0.12271875143051147,-0.024543749168515205,-0.019386848800886359,-0.0038773695836232273,0.00390625,0,-0.024726562201976776,-0.0043078487387502307,0.004499537276348331,35,35,0,0,0,1,1,1,1,1,1,1,1,1,RUNNING,9.9785429999998954,0.021457000000104642
505,5.0426790300000004,FIRST_CENTER_PROFILE,J2_KP100,1,1,1280,1,64,0.050000000000000003,0,0,0,1,1,5.7809786279557622,2.0461767236830322,0.080649918433352161,-0.080649918433352161,5.7844634056091309,2.042116641998291,0.00099962546060360807,0.00090874014649522427,0.00095418280354941617,0.0015501432639796302,0.00059596046043021401,9.0885314108383802e-05,-0.024543749168515205,-0.36815625429153442,0.0038773695836232273,-0.05816054640265908,0.0078125,0,-0.049453124403953552,-0.0034847776533686314,0.0040600816847411458,35,35,0,0,0,1,1,1,1,1,1,1,1,1,RUNNING,10.004764000000499,0.0047640000004989247
506,5.0526773230000002,FIRST_CENTER_PROFILE,J2_KP100,1,1,1280,1,64,0.050000000000000003,0,0,0,1,1,5.7817685552390472,2.0453867963997467,0.077335538223762337,-0.077335538223762337,5.7844634056091309,2.0423083305358887,0.00099962546060360807,0.00093902269624372844,0.00096932407842366831,0.0014253522224620344,0.00045602814403836612,6.060276435987963e-05,-0.36815625429153442,0,0.05816054640265908,0,0,0,0,-0.0026948503700836568,0.0030784658638580709,35,35,0,0,0,1,1,1,1,1,1,1,1,1,RUNNING,9.9982929999997694,0.0017070000002306074
507,5.0626801830000003,FIRST_CENTER_PROFILE,J2_KP100,1,1,1280,1,64,0.050000000000000003,0,0,0,1,1,5.7825253387202373,2.0446300129185571,0.074021158014172514,-0.074021158014172514,5.7844634056091309,2.0423083305358887,0.00099962546060360807,0.00093902269624372844,0.00096932407842366831,0.0013057971687004243,0.00033647309027675602,6.060276435987963e-05,-0.12271875143051147,-0.14726249873638153,0.019386848800886359,-0.023264218090252847,0.00390625,0,-0.024726562201976776,-0.0019380668888935304,0.0023216823826683886,35,35,0,0,0,1,1,1,1,1,1,1,1,1,RUNNING,10.002860000000169,0.0028600000001688386
508,5.072559354,FIRST_CENTER_PROFILE,J2_KP100,1,1,1280,1,64,0.050000000000000003,0,0,0,1,1,5.7832489783993308,2.0439063732394631,0.070706777804582704,-0.070706777804582704,5.7846550941467285,2.042116641998291,0.0009693429108551039,0.00090874014649522427,0.00093904152867516403,0.0011914781026947947,0.00025243657401963064,6.060276435987963e-05,-0.24543750286102295,-0.22089375555515289,0.038773697601772718,-0.03489632831240623,0.00390625,0,-0.024726562201976776,-0.0014061157473976849,0.0017897312411720989,35,35,0,0,0,1,1,1,1,1,1,1,1,1,RUNNING,9.8791709999996868,0.12082900000031316
509,5.082602863,FIRST_CENTER_PROFILE,J2_KP100,1,1,1280,1,64,0.050000000000000003,0,0,0,1,1,5.7839394742763286,2.0432158773624653,0.067392397594992881,-0.067392397594992881,5.7848467826843262,2.0423083305358887,0.00093906036110659973,0.00093902269624372844,0.00093904152867516403,0.0010823950244451489,0.00014335349576998489,3.7664862871287196e-08,0.17180624604225159,0.024543749168515205,-0.027141587379619331,0.0038773695836232273,0.00390625,0.00390625,0,-0.00090730840799757573,0.00090754682657667729,35,35,0,0,0,1,1,1,1,1,1,1,1,1,RUNNING,10.043508999999951,0.043508999999950504
510,5.0926070880000003,FIRST_CENTER_PROFILE,J2_KP100,1,1,1280,1,64,0.050000000000000003,0,0,0,1,1,5.7845968263512306,2.0425585252875633,0.064078017385403072,-0.064078017385403072,5.7846550941467285,2.0423083305358887,0.0009693429108551039,0.00093902269624372844,0.00095418280354941617,0.00097854793395148708,2.4365130402070911e-05,3.0320214611375459e-05,-0.24543750286102295,0.12271875143051147,0.038773697601772718,0.019386848800886359,0.00390625,-0.00390625,-0.049453124403953552,-5.8267795497890518e-05,0.00025019475167464833,35,35,0,0,0,1,1,1,1,1,1,1,1,1,RUNNING,10.004225000000311,0.0042250000003107857
511,5.1026091510000002,FIRST_CENTER_PROFILE,J2_KP100,1,1,1280,1,64,0.050000000000000003,0,0,0,1,1,5.7852210346240369,2.041934317014757,0.060763637175813248,-0.060763637175813248,5.7848467826843262,2.0423083305358887,0.00093906036110659973,0.00093902269624372844,0.00093904152867516403,0.00087993683121380742,-5.9104697461356609e-05,3.7664862871287196e-08,0.12271875143051147,0.31906875967979431,-0.019386848800886359,0.050405807823926105,0.00390625,0,-0.024726562201976776,0.00037425193971074577,-0.00037401352113164421,35,35,0,0,0,1,1,1,1,1,1,1,1,1,RUNNING,10.00206299999995,0.002062999999949966
512,5.1126099910000002,FIRST_CENTER_PROFILE,J2_KP100,1,1,1280,1,64,0.050000000000000003,0,0,0,1,1,5.7858120990947466,2.0413432525440469,0.05744925696622346,-0.05744925696622346,5.7848467826843262,2.0419249534606934,0.00093906036110659973,0.00087845759674672009,0.00090875897892665996,0.00078656171623211167,-0.00012219726269454829,6.060276435987963e-05,-0.073631249368190765,-0.58904999494552612,0.011632109045126423,-0.093056872361011386,0.0078125,0.00390625,-0.024726562201976776,0.00096531641042041372,-0.00058170091664644374,35,35,0,0,0,1,1,1,1,1,1,1,1,1,RUNNING,10.000840000000011,0.00084000000001083208
513,5.122610785,FIRST_CENTER_PROFILE,J2_KP100,1,1,1280,1,64,0.050000000000000003,0,0,0,1,1,5.7863700197633614,2.0407853318754325,0.054134876756633643,-0.054134876756633643,5.7848467826843262,2.0417332649230957,0.00093906036110659973,0.00084817504699821592,0.00089361770405240782,0.0006984225890063981,-0.00019519511504600972,9.0885314108383802e-05,-0.29452499747276306,-0.46633124351501465,0.046528436180505693,-0.073670023560125017,0.0078125,0,-0.049453124403953552,0.0015232370790352334,-0.00094793304766316311,35,35,0,0,0,1,1,1,1,1,1,1,1,1,RUNNING,10.000793999999757,0.00079399999975748869
514,5.1326056390000003,FIRST_CENTER_PROFILE,J2_KP100,1,1,1280,1,64,0.050000000000000003,0,0,0,1,1,5.7868947966298796,2.0402605550089143,0.050820496547043827,-0.050820496547043827,5.7848467826843262,2.0419249534606934,0.00093906036110659973,0.00087845759674672009,0.00090875897892665996,0.00061551944953666671,-0.00029323952938999326,6.060276435987963e-05,-0.36815625429153442,-0.024543749168515205,0.05816054640265908,-0.0038773695836232273,0.00390625,0,-0.024726562201976776,0.0020480139455534285,-0.0016643984517790145,35,35,0,0,0,1,1,1,1,1,1,1,1,1,RUNNING,9.9948540000003305,0.0051459999996694705
515,5.1426045699999996,FIRST_CENTER_PROFILE,J2_KP100,1,1,1280,1,64,0.050000000000000003,0,0,0,1,1,5.7873864296943021,2.0397689219444919,0.047506116337454017,-0.047506116337454017,5.7850384712219238,2.0417332649230957,0.00090877781135809555,0.00084817504699821592,0.00087847642917815568,0.00053785229782291923,-0.00034062413135523646,6.060276435987963e-05,-0.098174996674060822,-0.31906875967979431,0.015509478334492909,-0.050405807823926105,0.0078125,0,-0.049453124403953552,0.002347958472378231,-0.0019643429786038169,35,35,0,0,0,1,1,1,1,1,1,1,1,1,RUNNING,9.998930999999267,0.0010690000007329559
516,5.1525685259999996,FIRST_CENTER_PROFILE,J2_KP100,1,1,1280,1,64,0.050000000000000003,0,0,0,1,1,5.7878449189566288,2.0393104326821652,0.044191736127864194,-0.044191736127864194,5.7848467826843262,2.0419249534606934,0.00093906036110659973,0.00087845759674672009,0.00090875897892665996,0.00046542113386515392,-0.00044333784506150604,6.060276435987963e-05,-0.46633124351501465,-0.098174996674060822,0.073670023560125017,-0.015509478334492909,0.0078125,-0.00390625,-0.074179686605930328,0.0029981362723026095,-0.0026145207785281954,35,35,0,0,0,1,1,1,1,1,1,1,1,1,RUNNING,9.963955999999996,0.036044000000003962
517,5.1626061239999999,FIRST_CENTER_PROFILE,J2_KP100,1,1,1280,1,64,0.050000000000000003,0,0,0,1,1,5.7882702644168598,2.0388850872219346,0.04087735591827437,-0.04087735591827437,5.7848467826843262,2.0417332649230957,0.00093906036110659973,0.00084817504699821592,0.00089361770405240782,0.00039822595766337253,-0.0004953917463890353,9.0885314108383802e-05,-0.56450623273849487,0,0.089179500717590968,0,0.00390625,-0.00390625,-0.049453124403953552,0.0034234817325335953,-0.0028481777011610809,35,35,0,0,0,1,1,1,1,1,1,1,1,1,RUNNING,10.037598000000258,0.03759800000025848
518,5.1725682759999998,FIRST_CENTER_PROFILE,J2_KP100,1,1,1280,1,64,0.050000000000000003,0,0,0,1,1,5.7886624660749941,2.0384928855637998,0.037562975708684554,-0.037562975708684554,5.7850384712219238,2.0419249534606934,0.00090877781135809555,0.00087845759674672009,0.00089361770405240782,0.00033626676921757331,-0.00055735093483483451,3.0320214611375459e-05,-0.049087498337030411,0,0.0077547391672464546,0,0.00390625,-0.00390625,-0.049453124403953552,0.0036239948530703003,-0.0034320678968935425,35,35,0,0,0,1,1,1,1,1,1,1,1,1,RUNNING,9.9621519999999464,0.037848000000053617
519,5.1825690409999998,FIRST_CENTER_PROFILE,J2_KP100,1,1,1280,1,64,0.050000000000000003,0,0,0,1,1,5.7890215239310328,2.0381338277077607,0.034248595499094737,-0.034248595499094737,5.7852301597595215,2.0419249534606934,0.00087849526160959138,0.00087845759674672009,0.00087847642917815568,0.00027954356852775801,-0.00059893286065039767,3.7664862871287196e-08,0.34361249208450317,0.049087498337030411,-0.054283174759238662,0.0077547391672464546,0.00390625,0,-0.024726562201976776,0.0037913641715112689,-0.0037911257529326114,35,35,0,0,0,1,1,1,1,1,1,1,1,1,RUNNING,10.000765000000023,0.00076500000002255319
520,5.1925683899999999,FIRST_CENTER_PROFILE,J2_KP100,1,1,1280,1,64,0.050000000000000003,0,0,0,1,1,5.7893474379849765,2.0378079136538179,0.030934215289504918,-0.030934215289504918,5.7850384712219238,2.0419249534606934,0.00090877781135809555,0.00087845759674672009,0.00089361770405240782,0.00022805635559392488,-0.00066556134845848294,3.0320214611375459e-05,-0.12271875143051147,0.12271875143051147,0.019386848800886359,0.019386848800886359,0.0078125,-0.00390625,-0.074179686605930328,0.0043089667630527018,-0.0041170398068754999,35,35,0,0,0,1,1,1,1,1,1,1,1,1,RUNNING,9.9993490000001017,0.00065099999989826074
521,5.202566225,FIRST_CENTER_PROFILE,J2_KP100,1,1,1280,1,64,0.050000000000000003,0,0,0,1,1,5.7896402082368228,2.0375151434019707,0.027619835079915101,-0.027619835079915101,5.7850384712219238,2.0417332649230957,0.00090877781135809555,0.00084817504699821592,0.00087847642917815568,0.00018180513041607567,-0.00069667129876208002,6.060276435987963e-05,-0.17180624604225159,-0.19634999334812164,0.027141587379619331,-0.031018956668985818,0.0078125,-0.00390625,-0.074179686605930328,0.0046017370148989656,-0.0042181215211249956,35,35,0,0,0,1,1,1,1,1,1,1,1,1,RUNNING,9.997835000000066,0.0021649999999340253
522,5.2125665850000003,FIRST_CENTER_PROFILE,J2_KP100,1,1,1280,1,64,0.050000000000000003,0,0,0,1,1,5.7898998346865742,2.0372555169522197,0.024305454870325285,-0.024305454870325285,5.7850384712219238,2.0419249534606934,0.00090877781135809555,0.00087845759674672009,0.00089361770405240782,0.00014078989299420863,-0.00075282781105819919,3.0320214611375459e-05,-0.098174996674060822,0.098174996674060822,0.015509478334492909,0.015509478334492909,0.0078125,-0.00390625,-0.074179686605930328,0.0048613634646503812,-0.0046694365084736233,35,35,0,0,0,1,1,1,1,1,1,1,1,1,RUNNING,10.000360000000263,0.00036000000026348289
523,5.2225639250000002,FIRST_CENTER_PROFILE,J2_KP100,1,1,1280,1,64,0.050000000000000003,0,0,0,1,1,5.7901263173342299,2.0370290343045641,0.020991074660735465,-0.020991074660735465,5.7850384712219238,2.0417332649230957,0.00090877781135809555,0.00084817504699821592,0.00087847642917815568,0.00010501064332832551,-0.00077346578584983018,6.060276435987963e-05,0.024543749168515205,-0.12271875143051147,-0.0038773695836232273,-0.019386848800886359,0.01171875,0,-0.074179686605930328,0.0050878461123060603,-0.0047042306185316463,35,35,0,0,0,1,1,1,1,1,1,1,1,1,RUNNING,9.9973399999999657,0.0026600000000343016
524,5.2325651530000004,FIRST_CENTER_PROFILE,J2_KP100,1,1,1280,1,64,0.050000000000000003,0,0,0,1,1,5.7903196561797889,2.036835695459005,0.017676694451145648,-0.017676694451145648,5.7850384712219238,2.0417332649230957,0.00090877781135809555,0.00084817504699821592,0.00087847642917815568,7.4467381418424558e-05,-0.00080400904775973113,6.060276435987963e-05,-0.19634999334812164,-0.049087498337030411,0.031018956668985818,-0.0077547391672464546,0.01171875,0,-0.074179686605930328,0.0052811849578651149,-0.0048975694640907008,35,35,0,0,0,1,1,1,1,1,1,1,1,1,RUNNING,10.00122800000014,0.0012280000001396729
525,5.2427034099999998,FIRST_CENTER_PROFILE,J2_KP100,1,1,1280,1,64,0.050000000000000003,0,0,0,1,1,5.7904798512232523,2.0366755004155412,0.01436231424155583,-0.01436231424155583,5.7850384712219238,2.0417332649230957,0.00090877781135809555,0.00084817504699821592,0.00087847642917815568,4.9160107264507522e-05,-0.00082931632191364816,6.060276435987963e-05,-0.17180624604225159,-0.24543750286102295,0.027141587379619331,-0.038773697601772718,0.0078125,0,-0.049453124403953552,0.005441380001328433,-0.0050577645075544631,35,35,0,0,0,1,1,1,1,1,1,1,1,1,RUNNING,10.138256999999484,0.13825699999948426
526,5.252694376,FIRST_CENTER_PROFILE,J2_KP100,1,1,1280,1,64,0.050000000000000003,0,0,0,1,1,5.7906069024646198,2.0365484491741737,0.011047934031966012,-0.011047934031966012,5.7852301597595215,2.0417332649230957,0.00087849526160959138,0.00084817504699821592,0.00086333515430390365,2.9088820866572662e-05,-0.00083424633343733099,3.0320214611375459e-05,0.024543749168515205,-0.19634999334812164,-0.0038773695836232273,-0.031018956668985818,0.00390625,-0.00390625,-0.049453124403953552,0.0053767427050983585,-0.0051848157489220448,35,35,0,0,0,1,1,1,1,1,1,1,1,1,RUNNING,9.9909660000001566,0.009033999999843445
527,5.2626041209999999,FIRST_CENTER_PROFILE,J2_KP100,1,1,1280,1,64,0.050000000000000003,0,0,0,1,1,5.7907008099038917,2.0364545417349018,0.007733553822376193,-0.007733553822376193,5.7850384712219238,2.0417332649230957,0.00090877781135809555,0.00084817504699821592,0.00087847642917815568,1.425352222461998e-05,-0.0008642229069535357,6.060276435987963e-05,-0.36815625429153442,-0.073631249368190765,0.05816054640265908,-0.011632109045126423,0.00390625,0,-0.024726562201976776,0.0056623386819678601,-0.0052787231881938901,35,35,0,0,0,1,1,1,1,1,1,1,1,1,RUNNING,9.9097449999998588,0.090255000000141195
528,5.2726968210000003,FIRST_CENTER_PROFILE,J2_KP100,1,1,1280,1,64,0.050000000000000003,0,0,0,1,1,5.7907615735410678,2.0363937780977261,0.0044191736127863748,-0.0044191736127863748,5.7852301597595215,2.0415413379669189,0.00087849526160959138,0.00081785483238684046,0.00084817504699821592,4.6542113386512096e-06,-0.00084352083565956471,6.0640429222750918e-05,-0.024543749168515205,-0.46633124351501465,0.0038773695836232273,-0.073670023560125017,0.0078125,-0.0078125,-0.098906248807907104,0.0055314137815463127,-0.0051475598691927971,35,35,0,0,0,1,1,1,1,1,1,1,1,1,RUNNING,10.092700000000399,0.092700000000398575
529,5.2826995309999996,FIRST_CENTER_PROFILE,J2_KP100,1,1,1280,1,64,0.050000000000000003,0,0,0,1,1,5.7907891933761473,2.0363661582626462,0.0011047934031965571,-0.0011047934031965571,5.7850384712219238,2.0417332649230957,0.00090877781135809555,0.00084817504699821592,0.00087847642917815568,2.9088820866635112e-07,-0.00087818554096948933,6.060276435987963e-05,-0.36815625429153442,0.073631249368190765,0.05816054640265908,0.011632109045126423,0.01171875,-0.00390625,-0.098906248807907104,0.0057507221542234532,-0.0053671066604494833,35,35,0,0,0,1,1,1,1,1,1,1,1,1,RUNNING,10.002709999999304,0.0027099999993041024
530,5.2925839950000002,FIRST_CENTER_PROFILE,J2_KP100,1,1,1280,1,64,0.050000000000000003,0,0,0,1,1,5.7907910346984863,2.0363643169403076,0,-0,5.7852301597595215,2.0417332649230957,0.00087849526160959138,0.00084817504699821592,0.00086333515430390365,0,-0.00086333515430390365,3.0320214611375459e-05,-0.024543749168515205,-0.098174996674060822,0.0038773695836232273,-0.015509478334492909,0.00390625,-0.0078125,-0.074179686605930328,0.0055608749389648438,-0.0053689479827880859,35,35,0,0,0,1,1,1,1,1,1,1,1,1,RUNNING,9.8844640000006478,0.11553599999935216
531,5.302565435,FIRST_CENTER_ENDPOINT,J2_KP100,1,1,1280,1,64,0.050000000000000003,0,0,0,1,1,5.7907910346984863,2.0363643169403076,-0,0,5.7852301597595215,2.0417332649230957,0.00087849526160959138,0.00084817504699821592,0.00086333515430390365,0,-0.00086333515430390365,3.0320214611375459e-05,-0.024543749168515205,-0.049087498337030411,0.0038773695836232273,-0.0077547391672464546,0.0078125,-0.00390625,-0.074179686605930328,0.0055608749389648438,-0.0053689479827880859,35,35,0,0,0,1,1,1,1,1,1,1,1,1,RUNNING,9.981439999999786,0.018560000000213961
532,5.3125655619999996,FIRST_CENTER_ENDPOINT,J2_KP100,1,1,1280,1,64,0.050000000000000003,0,0,0,1,1,5.7907910346984863,2.0363643169403076,-0,0,5.7850384712219238,2.0417332649230957,0.00090877781135809555,0.00084817504699821592,0.00087847642917815568,0,-0.00087847642917815568,6.060276435987963e-05,-0.36815625429153442,0.049087498337030411,0.05816054640265908,0.0077547391672464546,0.01171875,-0.00390625,-0.098906248807907104,0.0057525634765625,-0.0053689479827880859,35,35,0,0,0,1,1,1,1,1,1,1,1,1,RUNNING,10.000126999999637,0.00012699999963672326
533,5.3225655390000002,FIRST_CENTER_ENDPOINT,J2_KP100,1,1,1280,1,64,0.050000000000000003,0,0,0,1,1,5.7907910346984863,2.0363643169403076,-0,0,5.7852301597595215,2.0415413379669189,0.00087849526160959138,0.00081785483238684046,0.00084817504699821592,0,-0.00084817504699821592,6.0640429222750918e-05,-0.073631249368190765,-0.31906875967979431,0.011632109045126423,-0.050405807823926105,0.00390625,-0.00390625,-0.049453124403953552,0.0055608749389648438,-0.0051770210266113281,35,35,0,0,0,1,1,1,1,1,1,1,1,1,RUNNING,9.9999770000005483,2.2999999451656095e-05
534,5.3325650710000003,FIRST_CENTER_ENDPOINT,J2_KP100,1,1,1280,1,64,0.050000000000000003,0,0,0,1,1,5.7907910346984863,2.0363643169403076,-0,0,5.7852301597595215,2.0417332649230957,0.00087849526160959138,0.00084817504699821592,0.00086333515430390365,0,-0.00086333515430390365,3.0320214611375459e-05,-0.073631249368190765,-0.19634999334812164,0.011632109045126423,-0.031018956668985818,0.00390625,0,-0.024726562201976776,0.0055608749389648438,-0.0053689479827880859,35,35,0,0,0,1,1,1,1,1,1,1,1,1,RUNNING,9.9995320000001442,0.00046799999985580598
535,5.3425658870000001,FIRST_CENTER_ENDPOINT,J2_KP100,1,1,1280,1,64,0.050000000000000003,0,0,0,1,1,5.7907910346984863,2.0363643169403076,-0,0,5.7852301597595215,2.0417332649230957,0.00087849526160959138,0.00084817504699821592,0.00086333515430390365,0,-0.00086333515430390365,3.0320214611375459e-05,-0.098174996674060822,0.049087498337030411,0.015509478334492909,0.0077547391672464546,0.00390625,-0.00390625,-0.049453124403953552,0.0055608749389648438,-0.0053689479827880859,35,35,0,0,0,1,1,1,1,1,1,1,1,1,RUNNING,10.000815999999801,0.00081599999980142002
536,5.3525697870000002,FIRST_CENTER_ENDPOINT,J2_KP100,1,1,1280,1,64,0.050000000000000003,0,0,0,1,1,5.7907910346984863,2.0363643169403076,-0,0,5.7852301597595215,2.0415413379669189,0.00087849526160959138,0.00081785483238684046,0.00084817504699821592,0,-0.00084817504699821592,6.0640429222750918e-05,-0.12271875143051147,-0.46633124351501465,0.019386848800886359,-0.073670023560125017,0.00390625,-0.00390625,-0.049453124403953552,0.0055608749389648438,-0.0051770210266113281,35,35,0,0,0,1,1,1,1,1,1,1,1,1,RUNNING,10.003900000000066,0.0039000000000655177
537,5.3625654169999999,FIRST_CENTER_ENDPOINT,J2_KP100,1,1,1280,1,64,0.050000000000000003,0,0,0,1,1,5.7907910346984863,2.0363643169403076,-0,0,5.7852301597595215,2.0417332649230957,0.00087849526160959138,0.00084817504699821592,0.00086333515430390365,0,-0.00086333515430390365,3.0320214611375459e-05,0,0.024543749168515205,-0,0.0038773695836232273,0.01171875,-0.00390625,-0.098906248807907104,0.0055608749389648438,-0.0053689479827880859,35,35,0,0,0,1,1,1,1,1,1,1,1,1,RUNNING,9.9956299999997,0.0043700000002999673
538,5.3725653680000001,FIRST_CENTER_ENDPOINT,J2_KP100,1,1,1280,1,64,0.050000000000000003,0,0,0,1,1,5.7907910346984863,2.0363643169403076,-0,0,5.7850384712219238,2.0417332649230957,0.00090877781135809555,0.00084817504699821592,0.00087847642917815568,0,-0.00087847642917815568,6.060276435987963e-05,-0.36815625429153442,0,0.05816054640265908,0,0.0078125,0,-0.049453124403953552,0.0057525634765625,-0.0053689479827880859,35,35,0,0,0,1,1,1,1,1,1,1,1,1,RUNNING,9.9999510000001735,4.8999999826548901e-05
539,5.3825643679999997,FIRST_CENTER_ENDPOINT,J2_KP100,1,1,1280,1,64,0.050000000000000003,0,0,0,1,1,5.7907910346984863,2.0363643169403076,-0,0,5.7852301597595215,2.0417332649230957,0.00087849526160959138,0.00084817504699821592,0.00086333515430390365,0,-0.00086333515430390365,3.0320214611375459e-05,0,0.24543750286102295,-0,0.038773697601772718,0.0078125,-0.00390625,-0.074179686605930328,0.0055608749389648438,-0.0053689479827880859,35,35,0,0,0,1,1,1,1,1,1,1,1,1,RUNNING,9.9989999999996471,0.0010000000003529408
540,5.3925649770000001,FIRST_CENTER_ENDPOINT,J2_KP100,1,1,1280,1,64,0.050000000000000003,0,0,0,1,1,5.7907910346984863,2.0363643169403076,-0,0,5.7850384712219238,2.0417332649230957,0.00090877781135809555,0.00084817504699821592,0.00087847642917815568,0,-0.00087847642917815568,6.060276435987963e-05,-0.58904999494552612,-0.024543749168515205,0.093056872361011386,-0.0038773695836232273,0.0078125,-0.00390625,-0.074179686605930328,0.0057525634765625,-0.0053689479827880859,35,35,0,0,0,1,1,1,1,1,1,1,1,1,RUNNING,10.000609000000438,0.00060900000043773161
541,5.4025694480000004,FIRST_CENTER_ENDPOINT,J2_KP100,1,1,1280,1,64,0.050000000000000003,0,0,0,1,1,5.7907910346984863,2.0363643169403076,-0,0,5.7854218482971191,2.0417332649230957,0.00084821271186108721,0.00084817504699821592,0.00084819387942965162,0,-0.00084819387942965162,3.7664862871287196e-08,0.12271875143051147,-0.12271875143051147,-0.019386848800886359,-0.019386848800886359,0.0078125,-0.00390625,-0.074179686605930328,0.0053691864013671875,-0.0053689479827880859,35,35,0,0,0,1,1,1,1,1,1,1,1,1,RUNNING,10.004471000000237,0.0044710000002368133
542,5.4125652139999998,FIRST_CENTER_ENDPOINT,J2_KP100,1,1,1280,1,64,0.050000000000000003,0,0,0,1,1,5.7907910346984863,2.0363643169403076,-0,0,5.7850384712219238,2.0415413379669189,0.00090877781135809555,0.00081785483238684046,0.00086331632187246795,0,-0.00086331632187246795,9.0922978971255089e-05,-0.58904999494552612,-0.36815625429153442,0.093056872361011386,-0.05816054640265908,0.0078125,-0.0078125,-0.098906248807907104,0.0057525634765625,-0.0051770210266113281,35,35,0,0,0,1,1,1,1,1,1,1,1,1,RUNNING,9.9957659999994064,0.0042340000005935963
543,5.4225646259999998,FIRST_CENTER_ENDPOINT,J2_KP100,1,1,1280,1,64,0.050000000000000003,0,0,0,1,1,5.7907910346984863,2.0363643169403076,-0,0,5.7854218482971191,2.0417332649230957,0.00084821271186108721,0.00084817504699821592,0.00084819387942965162,0,-0.00084819387942965162,3.7664862871287196e-08,0.049087498337030411,-0.024543749168515205,-0.0077547391672464546,-0.0038773695836232273,0.0078125,-0.0078125,-0.098906248807907104,0.0053691864013671875,-0.0053689479827880859,35,35,0,0,0,1,1,1,1,1,1,1,1,1,RUNNING,9.9994119999999853,0.00058800000001468788
544,5.4325637880000004,FIRST_CENTER_ENDPOINT,J2_KP100,1,1,1280,1,64,0.050000000000000003,0,0,0,1,1,5.7907910346984863,2.0363643169403076,-0,0,5.7852301597595215,2.0415413379669189,0.00087849526160959138,0.00081785483238684046,0.00084817504699821592,0,-0.00084817504699821592,6.0640429222750918e-05,-0.26998123526573181,-0.4908750057220459,0.042651064537085275,-0.077547395203545436,0.0078125,-0.0078125,-0.098906248807907104,0.0055608749389648438,-0.0051770210266113281,35,35,0,0,0,1,1,1,1,1,1,1,1,1,RUNNING,9.9991620000006165,0.00083799999938349856
545,5.4425702649999996,FIRST_CENTER_ENDPOINT,J2_KP100,1,1,1280,1,64,0.050000000000000003,0,0,0,1,1,5.7907910346984863,2.0363643169403076,-0,0,5.7852301597595215,2.0417332649230957,0.00087849526160959138,0.00084817504699821592,0.00086333515430390365,0,-0.00086333515430390365,3.0320214611375459e-05,-0.29452499747276306,0,0.046528436180505693,0,0.00390625,-0.00390625,-0.049453124403953552,0.0055608749389648438,-0.0053689479827880859,35,35,0,0,0,1,1,1,1,1,1,1,1,1,RUNNING,10.006476999999236,0.0064769999992364546
546,5.4525653600000004,FIRST_CENTER_ENDPOINT,J2_KP100,1,1,1280,1,64,0.050000000000000003,0,0,0,1,1,5.7907910346984863,2.0363643169403076,-0,0,5.7854218482971191,2.0415413379669189,0.00084821271186108721,0.00081785483238684046,0.00083303377212396389,0,-0.00083303377212396389,3.0357879474246746e-05,-0.024543749168515205,-0.46633124351501465,0.0038773695836232273,-0.073670023560125017,0.00390625,-0.00390625,-0.049453124403953552,0.0053691864013671875,-0.0051770210266113281,35,35,0,0,0,1,1,1,1,1,1,1,1,1,RUNNING,9.995095000000731,0.0049049999992689663
547,5.4625652640000002,FIRST_CENTER_ENDPOINT,J2_KP100,1,1,1280,1,64,0.050000000000000003,0,0,0,1,1,5.7907910346984863,2.0363643169403076,-0,0,5.7854218482971191,2.0419249534606934,0.00084821271186108721,0.00087845759674672009,0.00086333515430390365,0,-0.00086333515430390365,-3.0244884885632884e-05,0,0.34361249208450317,-0,0.054283174759238662,0.00390625,-0.0078125,-0.074179686605930328,0.0053691864013671875,-0.0055606365203857422,35,35,0,0,0,1,1,1,1,1,1,1,1,1,RUNNING,9.9999039999998374,9.6000000162632659e-05
548,5.4725663339999997,FIRST_CENTER_ENDPOINT,J2_KP100,1,1,1280,1,64,0.050000000000000003,0,0,0,1,1,5.7907910346984863,2.0363643169403076,-0,0,5.7852301597595215,2.0417332649230957,0.00087849526160959138,0.00084817504699821592,0.00086333515430390365,0,-0.00086333515430390365,3.0320214611375459e-05,-0.36815625429153442,0.024543749168515205,0.05816054640265908,0.0038773695836232273,0.00390625,-0.00390625,-0.049453124403953552,0.0055608749389648438,-0.0053689479827880859,35,35,0,0,0,1,1,1,1,1,1,1,1,1,RUNNING,10.001069999999501,0.0010699999995011922
549,5.4825644650000003,FIRST_CENTER_ENDPOINT,J2_KP100,1,1,1280,1,64,0.050000000000000003,0,0,0,1,1,5.7907910346984863,2.0363643169403076,-0,0,5.7854218482971191,2.0417332649230957,0.00084821271186108721,0.00084817504699821592,0.00084819387942965162,0,-0.00084819387942965162,3.7664862871287196e-08,0,-0.024543749168515205,-0,-0.0038773695836232273,0.01171875,-0.00390625,-0.098906248807907104,0.0053691864013671875,-0.0053689479827880859,35,35,0,0,0,1,1,1,1,1,1,1,1,1,RUNNING,9.9981310000005763,0.0018689999994236928
550,5.4925636840000003,FIRST_CENTER_ENDPOINT,J2_KP100,1,1,1280,1,64,0.050000000000000003,0,0,0,1,1,5.7907910346984863,2.0363643169403076,-0,0,5.7852301597595215,2.0417332649230957,0.00087849526160959138,0.00084817504699821592,0.00086333515430390365,0,-0.00086333515430390365,3.0320214611375459e-05,-0.36815625429153442,0.049087498337030411,0.05816054640265908,0.0077547391672464546,0.0078125,-0.00390625,-0.074179686605930328,0.0055608749389648438,-0.0053689479827880859,35,35,0,0,0,1,1,1,1,1,1,1,1,1,RUNNING,9.9992190000000036,0.00078099999999636793
551,5.5025659630000003,FIRST_CENTER_ENDPOINT,J2_KP100,1,1,1280,1,64,0.050000000000000003,0,0,0,1,1,5.7907910346984863,2.0363643169403076,-0,0,5.7854218482971191,2.0417332649230957,0.00084821271186108721,0.00084817504699821592,0.00084819387942965162,0,-0.00084819387942965162,3.7664862871287196e-08,0,0.098174996674060822,-0,0.015509478334492909,0.00390625,0,-0.024726562201976776,0.0053691864013671875,-0.0053689479827880859,35,35,0,0,0,1,1,1,1,1,1,1,1,1,RUNNING,10.002279000000058,0.0022790000000583177
552,5.5125678379999998,FIRST_CENTER_ENDPOINT,J2_KP100,1,1,1280,1,64,0.050000000000000003,0,0,0,1,1,5.7907910346984863,2.0363643169403076,-0,0,5.7852301597595215,2.0415413379669189,0.00087849526160959138,0.00081785483238684046,0.00084817504699821592,0,-0.00084817504699821592,6.0640429222750918e-05,-0.24543750286102295,-0.41724374890327454,0.038773697601772718,-0.065915284981392055,0.0078125,0,-0.049453124403953552,0.0055608749389648438,-0.0051770210266113281,35,35,0,0,0,1,1,1,1,1,1,1,1,1,RUNNING,10.001874999999494,0.0018749999994938094
553,5.5225659020000002,FIRST_CENTER_ENDPOINT,J2_KP100,1,1,1280,1,64,0.050000000000000003,0,0,0,1,1,5.7907910346984863,2.0363643169403076,-0,0,5.7854218482971191,2.0415413379669189,0.00084821271186108721,0.00081785483238684046,0.00083303377212396389,0,-0.00083303377212396389,3.0357879474246746e-05,-0.024543749168515205,-0.073631249368190765,0.0038773695836232273,-0.011632109045126423,0.0078125,-0.00390625,-0.074179686605930328,0.0053691864013671875,-0.0051770210266113281,35,35,0,0,0,1,1,1,1,1,1,1,1,1,RUNNING,9.9980640000003618,0.0019359999996382271
554,5.5325657420000001,FIRST_CENTER_ENDPOINT,J2_KP100,1,1,1280,1,64,0.050000000000000003,0,0,0,1,1,5.7907910346984863,2.0363643169403076,-0,0,5.7854218482971191,2.0413496494293213,0.00084821271186108721,0.00078757228263833629,0.00081789249724971175,0,-0.00081789249724971175,6.0640429222750918e-05,-0.049087498337030411,-0.26998123526573181,0.0077547391672464546,-0.042651064537085275,0.00390625,0,-0.024726562201976776,0.0053691864013671875,-0.0049853324890136719,35,35,0,0,0,1,1,1,1,1,1,1,1,1,RUNNING,9.9998399999998711,0.00016000000012894589
555,5.5425660250000002,FIRST_CENTER_ENDPOINT,J2_KP100,1,1,1280,1,64,0.050000000000000003,0,0,0,1,1,5.7907910346984863,2.0363643169403076,-0,0,5.7854218482971191,2.0417332649230957,0.00084821271186108721,0.00084817504699821592,0.00084819387942965162,0,-0.00084819387942965162,3.7664862871287196e-08,-0.049087498337030411,0.26998123526573181,0.0077547391672464546,0.042651064537085275,0.00390625,0,-0.024726562201976776,0.0053691864013671875,-0.0053689479827880859,35,35,0,0,0,1,1,1,1,1,1,1,1,1,RUNNING,10.00028300000011,0.00028300000010972326
556,5.552564684,FIRST_CENTER_ENDPOINT,J2_KP100,1,1,1280,1,64,0.050000000000000003,0,0,0,1,1,5.7907910346984863,2.0363643169403076,-0,0,5.785614013671875,2.0417332649230957,0.00081785483238684046,0.00084817504699821592,0.00083301493969252819,0,-0.00083301493969252819,-3.0320214611375459e-05,0.22089375555515289,-0.17180624604225159,-0.03489632831240623,-0.027141587379619331,0.00390625,-0.00390625,-0.049453124403953552,0.0051770210266113281,-0.0053689479827880859,35,35,0,0,0,1,1,1,1,1,1,1,1,1,RUNNING,9.9986589999998543,0.0013410000001456979
557,5.5625643660000001,FIRST_CENTER_ENDPOINT,J2_KP100,1,1,1280,1,64,0.050000000000000003,0,0,0,1,1,5.7907910346984863,2.0363643169403076,-0,0,5.7854218482971191,2.0413496494293213,0.00084821271186108721,0.00078757228263833629,0.00081789249724971175,0,-0.00081789249724971175,6.0640429222750918e-05,-0.14726249873638153,-0.36815625429153442,0.023264218090252847,-0.05816054640265908,0.00390625,-0.00390625,-0.049453124403953552,0.0053691864013671875,-0.0049853324890136719,35,35,0,0,0,1,1,1,1,1,1,1,1,1,RUNNING,9.9996820000001208,0.00031799999987924821
558,5.5725645330000004,FIRST_CENTER_ENDPOINT,J2_KP100,1,1,1280,1,64,0.050000000000000003,0,0,0,1,1,5.7907910346984863,2.0363643169403076,-0,0,5.7854218482971191,2.0417332649230957,0.00084821271186108721,0.00084817504699821592,0.00084819387942965162,0,-0.00084819387942965162,3.7664862871287196e-08,0,0.29452499747276306,-0,0.046528436180505693,0.0078125,-0.00390625,-0.074179686605930328,0.0053691864013671875,-0.0053689479827880859,35,35,0,0,0,1,1,1,1,1,1,1,1,1,RUNNING,10.000167000000282,0.00016700000028180284
559,5.5825649369999999,FIRST_CENTER_ENDPOINT,J2_KP100,1,1,1280,1,64,0.050000000000000003,0,0,0,1,1,5.7907910346984863,2.0363643169403076,-0,0,5.7854218482971191,2.0413496494293213,0.00084821271186108721,0.00078757228263833629,0.00081789249724971175,0,-0.00081789249724971175,6.0640429222750918e-05,0.31906875967979431,-0.024543749168515205,-0.050405807823926105,-0.0038773695836232273,0.00390625,-0.00390625,-0.049453124403953552,0.0053691864013671875,-0.0049853324890136719,35,35,0,0,0,1,1,1,1,1,1,1,1,1,RUNNING,10.000403999999463,0.00040399999946316711
560,5.5925654529999997,FIRST_CENTER_ENDPOINT,J2_KP100,1,1,1280,1,64,0.050000000000000003,0,0,0,1,1,5.7907910346984863,2.0363643169403076,-0,0,5.7854218482971191,2.0413496494293213,0.00084821271186108721,0.00078757228263833629,0.00081789249724971175,0,-0.00081789249724971175,6.0640429222750918e-05,-0.17180624604225159,-0.24543750286102295,0.027141587379619331,-0.038773697601772718,0.0078125,-0.00390625,-0.074179686605930328,0.0053691864013671875,-0.0049853324890136719,35,35,0,0,0,1,1,1,1,1,1,1,1,1,RUNNING,10.000515999999848,0.00051599999984830447
561,5.6025681990000002,FIRST_CENTER_ENDPOINT,J2_KP100,1,1,1280,1,64,0.050000000000000003,0,0,0,1,1,5.7907910346984863,2.0363643169403076,-0,0,5.7854218482971191,2.0413496494293213,0.00084821271186108721,0.00078757228263833629,0.00081789249724971175,0,-0.00081789249724971175,6.0640429222750918e-05,-0.29452499747276306,-0.24543750286102295,0.046528436180505693,-0.038773697601772718,0.01171875,0,-0.074179686605930328,0.0053691864013671875,-0.0049853324890136719,35,35,0,0,0,1,1,1,1,1,1,1,1,1,RUNNING,10.002746000000506,0.0027460000005063989
562,5.6125680689999999,FIRST_CENTER_ENDPOINT,J2_KP100,1,1,1280,1,64,0.050000000000000003,0,0,0,1,1,5.7907910346984863,2.0363643169403076,-0,0,5.785614013671875,2.0413496494293213,0.00081785483238684046,0.00078757228263833629,0.00080271355751258843,0,-0.00080271355751258843,3.0282549748504172e-05,-0.049087498337030411,-0.24543750286102295,0.0077547391672464546,-0.038773697601772718,0.0078125,-0.00390625,-0.074179686605930328,0.0051770210266113281,-0.0049853324890136719,35,35,0,0,0,1,1,1,1,1,1,1,1,1,RUNNING,9.9998699999996887,0.00013000000031127001
563,5.6225652290000001,FIRST_CENTER_ENDPOINT,J2_KP100,1,1,1280,1,64,0.050000000000000003,0,0,0,1,1,5.7907910346984863,2.0363643169403076,-0,0,5.7854218482971191,2.0413496494293213,0.00084821271186108721,0.00078757228263833629,0.00081789249724971175,0,-0.00081789249724971175,6.0640429222750918e-05,-0.4908750057220459,-0.24543750286102295,0.077547395203545436,-0.038773697601772718,0.00390625,0,-0.024726562201976776,0.0053691864013671875,-0.0049853324890136719,35,35,0,0,0,1,1,1,1,1,1,1,1,1,RUNNING,9.9971600000001715,0.0028399999998285352
564,5.6325641659999999,FIRST_CENTER_ENDPOINT,J2_KP100,1,1,1280,1,64,0.050000000000000003,0,0,0,1,1,5.7907910346984863,2.0363643169403076,-0,0,5.785614013671875,2.0413496494293213,0.00081785483238684046,0.00078757228263833629,0.00080271355751258843,0,-0.00080271355751258843,3.0282549748504172e-05,-0.024543749168515205,-0.049087498337030411,0.0038773695836232273,-0.0077547391672464546,0.0078125,-0.00390625,-0.074179686605930328,0.0051770210266113281,-0.0049853324890136719,35,35,0,0,0,1,1,1,1,1,1,1,1,1,RUNNING,9.9989369999997635,0.0010630000002365136
565,5.6425726640000002,FIRST_CENTER_ENDPOINT,J2_KP100,1,1,1280,1,64,0.050000000000000003,0,0,0,1,1,5.7907910346984863,2.0363643169403076,-0,0,5.785614013671875,2.0413496494293213,0.00081785483238684046,0.00078757228263833629,0.00080271355751258843,0,-0.00080271355751258843,3.0282549748504172e-05,0.024543749168515205,-0.17180624604225159,-0.0038773695836232273,-0.027141587379619331,0.0078125,-0.0078125,-0.098906248807907104,0.0051770210266113281,-0.0049853324890136719,35,35,0,0,0,1,1,1,1,1,1,1,1,1,RUNNING,10.008498000000365,0.0084980000003653799
566,5.6525653699999996,FIRST_CENTER_ENDPOINT,J2_KP100,1,1,1280,1,64,0.050000000000000003,0,0,0,1,1,5.7907910346984863,2.0363643169403076,-0,0,5.7854218482971191,2.0413496494293213,0.00084821271186108721,0.00078757228263833629,0.00081789249724971175,0,-0.00081789249724971175,6.0640429222750918e-05,-0.36815625429153442,-0.24543750286102295,0.05816054640265908,-0.038773697601772718,0.01171875,-0.00390625,-0.098906248807907104,0.0053691864013671875,-0.0049853324890136719,35,35,0,0,0,1,1,1,1,1,1,1,1,1,RUNNING,9.9927059999993517,0.0072940000006482819
567,5.6625639650000004,FIRST_CENTER_ENDPOINT,J2_KP100,1,1,1280,1,64,0.050000000000000003,0,0,0,1,1,5.7907910346984863,2.0363643169403076,-0,0,5.7852301597595215,2.0413496494293213,0.00087849526160959138,0.00078757228263833629,0.00083303377212396389,0,-0.00083303377212396389,9.0922978971255089e-05,-0.61359375715255737,-0.29452499747276306,0.096934244004431805,-0.046528436180505693,0.00390625,0,-0.024726562201976776,0.0055608749389648438,-0.0049853324890136719,35,35,0,0,0,1,1,1,1,1,1,1,1,1,RUNNING,9.9985950000007762,0.0014049999992238327
568,5.6725639430000001,FIRST_CENTER_ENDPOINT,J2_KP100,1,1,1280,1,64,0.050000000000000003,0,0,0,1,1,5.7907910346984863,2.0363643169403076,-0,0,5.7854218482971191,2.0413496494293213,0.00084821271186108721,0.00078757228263833629,0.00081789249724971175,0,-0.00081789249724971175,6.0640429222750918e-05,-0.24543750286102295,-0.19634999334812164,0.038773697601772718,-0.031018956668985818,0.01171875,-0.00390625,-0.098906248807907104,0.0053691864013671875,-0.0049853324890136719,35,35,0,0,0,1,1,1,1,1,1,1,1,1,RUNNING,9.9999779999997429,2.2000000257094143e-05
569,5.6825640320000002,FIRST_CENTER_ENDPOINT,J2_KP100,1,1,1280,1,64,0.050000000000000003,0,0,0,1,1,5.7907910346984863,2.0363643169403076,-0,0,5.785614013671875,2.0413496494293213,0.00081785483238684046,0.00078757228263833629,0.00080271355751258843,0,-0.00080271355751258843,3.0282549748504172e-05,-0.34361249208450317,-0.39269998669624329,0.054283174759238662,-0.062037913337971637,0.0078125,-0.0078125,-0.098906248807907104,0.0051770210266113281,-0.0049853324890136719,35,35,0,0,0,1,1,1,1,1,1,1,1,1,RUNNING,10.000089000000045,8.9000000045302841e-05
570,5.6925642139999999,FIRST_CENTER_ENDPOINT,J2_KP100,1,1,1280,1,64,0.050000000000000003,0,0,0,1,1,5.7907910346984863,2.0363643169403076,-0,0,5.7854218482971191,2.0413496494293213,0.00084821271186108721,0.00078757228263833629,0.00081789249724971175,0,-0.00081789249724971175,6.0640429222750918e-05,-0.24543750286102295,-0.53996247053146362,0.038773697601772718,-0.085302129074170549,0.0078125,0,-0.049453124403953552,0.0053691864013671875,-0.0049853324890136719,35,35,0,0,0,1,1,1,1,1,1,1,1,1,RUNNING,10.000181999999747,0.00018199999974655157
571,5.7025639879999996,FIRST_CENTER_ENDPOINT,J2_KP100,1,1,1280,1,64,0.050000000000000003,0,0,0,1,1,5.7907910346984863,2.0363643169403076,-0,0,5.785614013671875,2.0413496494293213,0.00081785483238684046,0.00078757228263833629,0.00080271355751258843,0,-0.00080271355751258843,3.0282549748504172e-05,-0.024543749168515205,-0.14726249873638153,0.0038773695836232273,-0.023264218090252847,0.0078125,-0.00390625,-0.074179686605930328,0.0051770210266113281,-0.0049853324890136719,35,35,0,0,0,1,1,1,1,1,1,1,1,1,RUNNING,9.9997739999997393,0.00022600000026073985
572,5.7125640300000002,FIRST_CENTER_ENDPOINT,J2_KP100,1,1,1280,1,64,0.050000000000000003,0,0,0,1,1,5.7907910346984863,2.0363643169403076,-0,0,5.785614013671875,2.0413496494293213,0.00081785483238684046,0.00078757228263833629,0.00080271355751258843,0,-0.00080271355751258843,3.0282549748504172e-05,0,-0.24543750286102295,-0,-0.038773697601772718,0.00390625,0,-0.024726562201976776,0.0051770210266113281,-0.0049853324890136719,35,35,0,0,0,1,1,1,1,1,1,1,1,1,RUNNING,10.000042000000597,4.2000000597397502e-05
573,5.7225640709999999,FIRST_CENTER_ENDPOINT,J2_KP100,1,1,1280,1,64,0.050000000000000003,0,0,0,1,1,5.7907910346984863,2.0363643169403076,-0,0,5.7852301597595215,2.0413496494293213,0.00087849526160959138,0.00078757228263833629,0.00083303377212396389,0,-0.00083303377212396389,9.0922978971255089e-05,-0.7117687463760376,0,0.11244372116189774,0,0.0078125,-0.00390625,-0.074179686605930328,0.0055608749389648438,-0.0049853324890136719,35,35,0,0,0,1,1,1,1,1,1,1,1,1,RUNNING,10.000040999999626,4.0999999626478711e-05
574,5.7325638530000003,FIRST_CENTER_ENDPOINT,J2_KP100,1,1,1280,1,64,0.050000000000000003,0,0,0,1,1,5.7907910346984863,2.0363643169403076,-0,0,5.7858057022094727,2.0413496494293213,0.00078757228263833629,0.00078757228263833629,0.00078757228263833629,0,-0.00078757228263833629,0,0.29452499747276306,-0.24543750286102295,-0.046528436180505693,-0.038773697601772718,0.0078125,0,-0.049453124403953552,0.0049853324890136719,-0.0049853324890136719,35,35,0,0,0,1,1,1,1,1,1,1,1,1,RUNNING,9.9997820000004012,0.00021799999959881688
575,5.7425652630000004,FIRST_CENTER_ENDPOINT,J2_KP100,1,1,1280,1,64,0.050000000000000003,0,0,0,1,1,5.7907910346984863,2.0363643169403076,-0,0,5.7854218482971191,2.0413496494293213,0.00084821271186108721,0.00078757228263833629,0.00081789249724971175,0,-0.00081789249724971175,6.0640429222750918e-05,-0.36815625429153442,-0.36815625429153442,0.05816054640265908,-0.05816054640265908,0.0078125,-0.00390625,-0.074179686605930328,0.0053691864013671875,-0.0049853324890136719,35,35,0,0,0,1,1,1,1,1,1,1,1,1,RUNNING,10.001410000000099,0.0014100000000993873
576,5.7525655479999998,FIRST_CENTER_ENDPOINT,J2_KP100,1,1,1280,1,64,0.050000000000000003,0,0,0,1,1,5.7907910346984863,2.0363643169403076,-0,0,5.785614013671875,2.0413496494293213,0.00081785483238684046,0.00078757228263833629,0.00080271355751258843,0,-0.00080271355751258843,3.0282549748504172e-05,-0.073631249368190765,-0.098174996674060822,0.011632109045126423,-0.015509478334492909,0,-0.00390625,-0.024726562201976776,0.0051770210266113281,-0.0049853324890136719,35,35,0,0,0,1,1,1,1,1,1,1,1,1,RUNNING,10.000284999999387,0.00028499999938702558
577,5.7625651419999997,FIRST_CENTER_ENDPOINT,J2_KP100,1,1,1280,1,64,0.050000000000000003,0,0,0,1,1,5.7907910346984863,2.0363643169403076,-0,0,5.785614013671875,2.0413496494293213,0.00081785483238684046,0.00078757228263833629,0.00080271355751258843,0,-0.00080271355751258843,3.0282549748504172e-05,-0.098174996674060822,-0.26998123526573181,0.015509478334492909,-0.042651064537085275,0.00390625,-0.0078125,-0.074179686605930328,0.0051770210266113281,-0.0049853324890136719,35,35,0,0,0,1,1,1,1,1,1,1,1,1,RUNNING,9.999593999999945,0.0004060000000549735
578,5.7725886649999998,FIRST_CENTER_ENDPOINT,J2_KP100,1,1,1280,1,64,0.050000000000000003,0,0,0,1,1,5.7907910346984863,2.0363643169403076,-0,0,5.7858057022094727,2.0415413379669189,0.00078757228263833629,0.00081785483238684046,0.00080271355751258843,0,-0.00080271355751258843,-3.0282549748504172e-05,0.31906875967979431,0.19634999334812164,-0.050405807823926105,0.031018956668985818,0.0078125,-0.00390625,-0.074179686605930328,0.0049853324890136719,-0.0051770210266113281,35,35,0,0,0,1,1,1,1,1,1,1,1,1,RUNNING,10.02352300000009,0.023523000000089667
579,5.7825760690000001,FIRST_CENTER_ENDPOINT,J2_KP100,1,1,1280,1,64,0.050000000000000003,0,0,0,1,1,5.7907910346984863,2.0363643169403076,-0,0,5.785614013671875,2.0411579608917236,0.00081785483238684046,0.00075728973288983212,0.00078757228263833629,0,-0.00078757228263833629,6.0565099497008343e-05,-0.12271875143051147,-0.58904999494552612,0.019386848800886359,-0.093056872361011386,0.00390625,-0.00390625,-0.049453124403953552,0.0051770210266113281,-0.0047936439514160156,35,35,0,0,0,1,1,1,1,1,1,1,1,1,RUNNING,9.9874040000003106,0.012595999999689411
580,5.7925699660000003,FIRST_CENTER_ENDPOINT,J2_KP100,1,1,1280,1,64,0.050000000000000003,0,0,0,1,1,5.7907910346984863,2.0363643169403076,-0,0,5.7854218482971191,2.0413496494293213,0.00084821271186108721,0.00078757228263833629,0.00081789249724971175,0,-0.00081789249724971175,6.0640429222750918e-05,-0.36815625429153442,-0.24543750286102295,0.05816054640265908,-0.038773697601772718,0.0078125,0,-0.049453124403953552,0.0053691864013671875,-0.0049853324890136719,35,35,0,0,0,1,1,1,1,1,1,1,1,1,RUNNING,9.9938970000001959,0.0061029999998041262
581,5.8025658870000001,MINUS_DIAGNOSTIC_PROFILE,J2_KP100,1,1,1280,1,64,0.050000000000000003,0,0,0,1,1,5.7907910346984863,2.0363643169403076,0,-0,5.7854218482971191,2.0413496494293213,0.00084821271186108721,0.00078757228263833629,0.00081789249724971175,0,-0.00081789249724971175,6.0640429222750918e-05,-0.29452499747276306,-0.24543750286102295,0.046528436180505693,-0.038773697601772718,0.0078125,-0.00390625,-0.074179686605930328,0.0053691864013671875,-0.0049853324890136719,35,35,0,0,0,1,1,1,1,1,1,1,1,1,RUNNING,9.9959209999997967,0.0040790000002033366
582,5.812565459,MINUS_DIAGNOSTIC_PROFILE,J2_KP100,1,1,1280,1,64,0.050000000000000003,0,0,0,1,1,5.7908076065995342,2.0363477450392597,0.0033143802095898151,-0.0033143802095898151,5.785614013671875,2.0413496494293213,0.00081785483238684046,0.00078757228263833629,0.00080271355751258843,-2.6179938779914943e-06,-0.00080533155139057996,3.0282549748504172e-05,-0.073631249368190765,-0.24543750286102295,0.011632109045126423,-0.038773697601772718,0.0078125,-0.00390625,-0.074179686605930328,0.0051935929276591963,-0.0050019043900615401,35,35,0,0,0,1,1,1,1,1,1,1,1,1,RUNNING,9.9995719999999011,0.00042800000009890482
583,5.8225658320000004,MINUS_DIAGNOSTIC_PROFILE,J2_KP100,1,1,1280,1,64,0.050000000000000003,0,0,0,1,1,5.7908573223026778,2.0362980293361157,0.0066287604191796303,-0.0066287604191796303,5.785614013671875,2.0413496494293213,0.00081785483238684046,0.00078757228263833629,0.00080271355751258843,-1.0471975511965977e-05,-0.00081318553302455441,3.0282549748504172e-05,0,-0.24543750286102295,-0,-0.038773697601772718,0.00390625,-0.0078125,-0.074179686605930328,0.005243308630802801,-0.0050516200932055888,35,35,0,0,0,1,1,1,1,1,1,1,1,1,RUNNING,10.000373000000451,0.00037300000045092929
584,5.8326131380000001,MINUS_DIAGNOSTIC_PROFILE,J2_KP100,1,1,1280,1,64,0.050000000000000003,0,0,0,1,1,5.790940181807918,2.0362151698308759,0.0099431406287694458,-0.0099431406287694458,5.7854218482971191,2.0413496494293213,0.00084821271186108721,0.00078757228263833629,0.00081789249724971175,-2.3561944901923446e-05,-0.00084145444215163524,6.0640429222750918e-05,-0.53996247053146362,-0.19634999334812164,0.085302129074170549,-0.031018956668985818,0.00390625,0,-0.024726562201976776,0.0055183335107988896,-0.0051344795984453739,35,35,0,0,0,1,1,1,1,1,1,1,1,1,RUNNING,10.047305999999701,0.047305999999700532
585,5.8425812480000001,MINUS_DIAGNOSTIC_PROFILE,J2_KP100,1,1,1280,1,64,0.050000000000000003,0,0,0,1,1,5.7910561851152531,2.0360991665235404,0.013257520838359261,-0.013257520838359261,5.785614013671875,2.0413496494293213,0.00081785483238684046,0.00078757228263833629,0.00080271355751258843,-4.1887902047863909e-05,-0.00084460145956045236,3.0282549748504172e-05,-0.098174996674060822,-0.4908750057220459,0.015509478334492909,-0.077547395203545436,0.0078125,0,-0.049453124403953552,0.0054421714433781077,-0.0052504829057808955,35,35,0,0,0,1,1,1,1,1,1,1,1,1,RUNNING,9.9681099999999745,0.031890000000025509
586,5.852597695,MINUS_DIAGNOSTIC_PROFILE,J2_KP100,1,1,1280,1,64,0.050000000000000003,0,0,0,1,1,5.7912053322246848,2.0359500194141087,0.016571901047949079,-0.016571901047949079,5.7854218482971191,2.0413496494293213,0.00084821271186108721,0.00078757228263833629,0.00081789249724971175,-6.5449846949787365e-05,-0.00088334234419949916,6.0640429222750918e-05,-0.41724374890327454,-0.12271875143051147,0.065915284981392055,-0.019386848800886359,0.0078125,0,-0.049453124403953552,0.0057834839275656691,-0.0053996300152125976,35,35,0,0,0,1,1,1,1,1,1,1,1,1,RUNNING,10.016446999999928,0.01644699999992838
587,5.8625822909999998,MINUS_DIAGNOSTIC_PROFILE,J2_KP100,1,1,1280,1,64,0.050000000000000003,0,0,0,1,1,5.7913876231362122,2.0357677285025813,0.019886281257538892,-0.019886281257538892,5.785614013671875,2.0411579608917236,0.00081785483238684046,0.00075728973288983212,0.00078757228263833629,-9.4247779607693785e-05,-0.00088182006224603012,6.0565099497008343e-05,0,-0.39269998669624329,-0,-0.062037913337971637,0.00390625,0,-0.024726562201976776,0.0057736094643372482,-0.0053902323891423798,35,35,0,0,0,1,1,1,1,1,1,1,1,1,RUNNING,9.9845959999997902,0.015404000000209805
588,5.8725813709999999,MINUS_DIAGNOSTIC_PROFILE,J2_KP100,1,1,1280,1,64,0.050000000000000003,0,0,0,1,1,5.7916030578498354,2.0355522937889581,0.023200661467128708,-0.023200661467128708,5.7854218482971191,2.0413496494293213,0.00084821271186108721,0.00078757228263833629,0.00081789249724971175,-0.00012828170002158324,-0.00094617419727129493,6.0640429222750918e-05,-0.36815625429153442,0,0.05816054640265908,0,0,-0.00390625,-0.024726562201976776,0.0061812095527162825,-0.0057973556403632109,35,35,0,0,0,1,1,1,1,1,1,1,1,1,RUNNING,9.999080000000049,0.00091999999995096005
589,5.8825754200000002,MINUS_DIAGNOSTIC_PROFILE,J2_KP100,1,1,1280,1,64,0.050000000000000003,0,0,0,1,1,5.7918516363655552,2.0353037152732387,0.026515041676718521,-0.026515041676718521,5.7854218482971191,2.0413496494293213,0.00084821271186108721,0.00078757228263833629,0.00081789249724971175,-0.00016755160819145564,-0.00098544410544116733,6.0640429222750918e-05,-0.34361249208450317,-0.14726249873638153,0.054283174759238662,-0.023264218090252847,0.0078125,-0.0078125,-0.098906248807907104,0.006429788068436082,-0.0060459341560825663,35,35,0,0,0,1,1,1,1,1,1,1,1,1,RUNNING,9.9940490000003379,0.0059509999996620877
590,5.8925647410000002,MINUS_DIAGNOSTIC_PROFILE,J2_KP100,1,1,1280,1,64,0.050000000000000003,0,0,0,1,1,5.7921333586833699,2.0350219929554236,0.029829421886308334,-0.029829421886308334,5.7854218482971191,2.0413496494293213,0.00084821271186108721,0.00078757228263833629,0.00081789249724971175,-0.000212057504117311,-0.0010299500013670228,6.0640429222750918e-05,-0.44178751111030579,-0.073631249368190765,0.06979265662481246,-0.011632109045126423,0.0078125,-0.00390625,-0.074179686605930328,0.0067115103862507297,-0.0063276564738976582,35,35,0,0,0,1,1,1,1,1,1,1,1,1,RUNNING,9.9893209999999399,0.010679000000060057
591,5.9025654789999997,MINUS_DIAGNOSTIC_PROFILE,J2_KP100,1,1,1280,1,64,0.050000000000000003,0,0,0,1,1,5.7924482248032811,2.0347071268355128,0.033143802095898157,-0.033143802095898157,5.7854218482971191,2.0413496494293213,0.00084821271186108721,0.00078757228263833629,0.00081789249724971175,-0.00026179938779914946,-0.0010796918850488613,6.0640429222750918e-05,-0.31906875967979431,-0.24543750286102295,0.050405807823926105,-0.038773697601772718,0.01171875,-0.0078125,-0.12363281100988388,0.007026376506162002,-0.0066425225938084864,35,35,0,0,0,1,1,1,1,1,1,1,1,1,RUNNING,10.000737999999565,0.00073799999956492002
592,5.9125656470000001,MINUS_DIAGNOSTIC_PROFILE,J2_KP100,1,1,1280,1,64,0.050000000000000003,0,0,0,1,1,5.7927962347252882,2.0343591169135058,0.036458182305487967,-0.036458182305487967,5.785614013671875,2.0413496494293213,0.00081785483238684046,0.00078757228263833629,0.00080271355751258843,-0.00031677725923697083,-0.0011194908167495594,3.0282549748504172e-05,0,-0.024543749168515205,-0,-0.0038773695836232273,0.01171875,-0.0078125,-0.12363281100988388,0.0071822210534131514,-0.0069905325158154952,35,35,0,0,0,1,1,1,1,1,1,1,1,1,RUNNING,10.000168000000365,0.00016800000036454321
593,5.9225644380000002,MINUS_DIAGNOSTIC_PROFILE,J2_KP100,1,1,1280,1,64,0.050000000000000003,0,0,0,1,1,5.7931773884493909,2.033977963189403,0.039772562515077783,-0.039772562515077783,5.7854218482971191,2.0413496494293213,0.00084821271186108721,0.00078757228263833629,0.00081789249724971175,-0.00037699111843077514,-0.0011948836156804869,6.0640429222750918e-05,-0.36815625429153442,-0.024543749168515205,0.05816054640265908,-0.0038773695836232273,0.0078125,-0.0078125,-0.098906248807907104,0.007755540152271756,-0.0073716862399182403,35,35,0,0,0,1,1,1,1,1,1,1,1,1,RUNNING,9.9987910000001179,0.0012089999998821099
594,5.9325638209999996,MINUS_DIAGNOSTIC_PROFILE,J2_KP100,1,1,1280,1,64,0.050000000000000003,0,0,0,1,1,5.7935916859755894,2.0335636656632041,0.0430869427246676,-0.0430869427246676,5.785614013671875,2.0413496494293213,0.00081785483238684046,0.00078757228263833629,0.00080271355751258843,-0.00044244096538056254,-0.0012451545228931509,3.0282549748504172e-05,-0.024543749168515205,-0.17180624604225159,0.0038773695836232273,-0.027141587379619331,0.0078125,-0.0078125,-0.098906248807907104,0.0079776723037143782,-0.007785983766117166,35,35,0,0,0,1,1,1,1,1,1,1,1,1,RUNNING,9.9993829999993622,0.0006170000006378018
595,5.9425722360000002,MINUS_DIAGNOSTIC_PROFILE,J2_KP100,1,1,1280,1,64,0.050000000000000003,0,0,0,1,1,5.7940391273038845,2.0331162243349095,0.046401322934257416,-0.046401322934257416,5.785614013671875,2.0413496494293213,0.00081785483238684046,0.00078757228263833629,0.00080271355751258843,-0.00051312680008633294,-0.0013158403575989214,3.0282549748504172e-05,0,-0.049087498337030411,-0,-0.0077547391672464546,0,-0.0078125,-0.049453124403953552,0.0084251136320094844,-0.0082334250944118281,35,35,0,0,0,1,1,1,1,1,1,1,1,1,RUNNING,10.008415000000603,0.0084150000006033565
596,5.9525680769999996,MINUS_DIAGNOSTIC_PROFILE,J2_KP100,1,1,1280,1,64,0.050000000000000003,0,0,0,1,1,5.7945197124342744,2.0326356392045191,0.049715703143847226,-0.049715703143847226,5.785614013671875,2.0413496494293213,0.00081785483238684046,0.00078757228263833629,0.00080271355751258843,-0.00058904862254808611,-0.0013917621800606747,3.0282549748504172e-05,-0.073631249368190765,0.073631249368190765,0.011632109045126423,0.011632109045126423,0.00390625,0,-0.024726562201976776,0.0089056987623994388,-0.0087140102248022266,35,35,0,0,0,1,1,1,1,1,1,1,1,1,RUNNING,9.9958409999993947,0.0041590000006053174
597,5.9625642929999998,MINUS_DIAGNOSTIC_PROFILE,J2_KP100,1,1,1280,1,64,0.050000000000000003,0,0,0,1,1,5.795033441366761,2.0321219102720325,0.053030083353437042,-0.053030083353437042,5.7854218482971191,2.0413496494293213,0.00084821271186108721,0.00078757228263833629,0.00081789249724971175,-0.00067020643276582254,-0.0014880989300155344,6.0640429222750918e-05,-0.34361249208450317,-0.024543749168515205,0.054283174759238662,-0.0038773695836232273,0.01171875,-0.00390625,-0.098906248807907104,0.0096115930696418772,-0.0092277391572888057,35,35,0,0,0,1,1,1,1,1,1,1,1,1,RUNNING,9.9962160000002243,0.0037839999997757445
598,5.972563804,MINUS_DIAGNOSTIC_PROFILE,J2_KP100,1,1,1280,1,64,0.050000000000000003,0,0,0,1,1,5.7955803141013433,2.0315750375374502,0.056344463563026859,-0.056344463563026859,5.785614013671875,2.0413496494293213,0.00081785483238684046,0.00078757228263833629,0.00080271355751258843,-0.00075660023073954191,-0.0015593137882521303,3.0282549748504172e-05,-0.36815625429153442,-0.19634999334812164,0.05816054640265908,-0.031018956668985818,0.01171875,-0.00390625,-0.098906248807907104,0.0099663004294683333,-0.0097746118918711211,35,35,0,0,0,1,1,1,1,1,1,1,1,1,RUNNING,9.999511000000183,0.00048899999981699693
599,5.9825639580000001,MINUS_DIAGNOSTIC_PROFILE,J2_KP100,1,1,1280,1,64,0.050000000000000003,0,0,0,1,1,5.7961603306380214,2.0309950210007721,0.059658843772616668,-0.059658843772616668,5.785614013671875,2.0413496494293213,0.00081785483238684046,0.00078757228263833629,0.00080271355751258843,-0.00084823001646924399,-0.0016509435739818323,3.0282549748504172e-05,-0.049087498337030411,-0.073631249368190765,0.0077547391672464546,-0.011632109045126423,0.01171875,-0.00390625,-0.098906248807907104,0.010546316966146385,-0.010354628428549173,35,35,0,0,0,1,1,1,1,1,1,1,1,1,RUNNING,10.000154000000094,0.00015400000009435644
600,5.9925638179999998,MINUS_DIAGNOSTIC_PROFILE,J2_KP100,1,1,1280,1,64,0.050000000000000003,0,0,0,1,1,5.7967734909767961,2.0303818606619979,0.062973223982206492,-0.062973223982206492,5.785614013671875,2.0411579608917236,0.00081785483238684046,0.00075728973288983212,0.00078757228263833629,-0.00094509578995492945,-0.0017326680725932657,6.0565099497008343e-05,0,-0.098174996674060822,-0,-0.015509478334492909,0.01171875,-0.0078125,-0.12363281100988388,0.011159477304921062,-0.010776100229725749,35,35,0,0,0,1,1,1,1,1,1,1,1,1,RUNNING,9.9998599999997495,0.0001400000002504953
601,6.0025641519999997,MINUS_DIAGNOSTIC_PROFILE,J2_KP100,1,1,1280,1,64,0.050000000000000003,0,0,0,1,1,5.7974197951176656,2.0297355565211279,0.066287604191796315,-0.066287604191796315,5.785614013671875,2.0411579608917236,0.00081785483238684046,0.00075728973288983212,0.00078757228263833629,-0.0010471975511965978,-0.0018347698338349342,6.0565099497008343e-05,-0.024543749168515205,-0.24543750286102295,0.0038773695836232273,-0.038773697601772718,0.0234375,-0.0078125,-0.19781249761581421,0.011805781445790586,-0.011422404370595718,35,35,0,0,0,1,1,1,1,1,1,1,1,1,RUNNING,10.000333999999889,0.00033399999988859008
602,6.0125638549999998,MINUS_DIAGNOSTIC_PROFILE,J2_KP100,1,1,1280,1,64,0.050000000000000003,0,0,0,1,1,5.7980992430606317,2.0290561085781622,0.069601984401386124,-0.069601984401386124,5.785614013671875,2.0411579608917236,0.00081785483238684046,0.00075728973288983212,0.00078757228263833629,-0.001154535300194249,-0.0019421075828325854,6.0565099497008343e-05,-0.24543750286102295,-0.56450623273849487,0.038773697601772718,-0.089179500717590968,0.01171875,-0.0078125,-0.12363281100988388,0.012485229388756736,-0.012101852313561423,35,35,0,0,0,1,1,1,1,1,1,1,1,1,RUNNING,9.9997030000000819,0.00029699999991805726
603,6.022563881,MINUS_DIAGNOSTIC_PROFILE,J2_KP100,1,1,1280,1,64,0.050000000000000003,0,0,0,1,1,5.7988118348056936,2.0283435168331003,0.072916364610975934,-0.072916364610975934,5.785614013671875,2.0413496494293213,0.00081785483238684046,0.00078757228263833629,0.00080271355751258843,-0.0012671090369478833,-0.002069822594460472,3.0282549748504172e-05,-0.24543750286102295,0,0.038773697601772718,0,0.0234375,-0.01171875,-0.22253905981779099,0.013197821133818621,-0.013006132596220965,35,35,0,0,0,1,1,1,1,1,1,1,1,1,RUNNING,10.000026000000162,2.6000000161729986e-05
604,6.0325646590000002,MINUS_DIAGNOSTIC_PROFILE,J2_KP100,1,1,1280,1,64,0.050000000000000003,0,0,0,1,1,5.7995575703528512,2.0275977812859427,0.076230744820565757,-0.076230744820565757,5.785614013671875,2.040966272354126,0.00081785483238684046,0.00072700718314132795,0.00077243100776408415,-0.0013849187614575005,-0.0021573497692215847,9.0847649245512515e-05,-0.22089375555515289,-0.36815625429153442,0.03489632831240623,-0.05816054640265908,0.01171875,-0.0078125,-0.12363281100988388,0.013943556680976243,-0.013368491068183275,35,35,0,0,0,1,1,1,1,1,1,1,1,1,RUNNING,10.00077800000021,0.0007780000002099996
605,6.0425701749999998,MINUS_DIAGNOSTIC_PROFILE,J2_KP100,1,1,1280,1,64,0.050000000000000003,0,0,0,1,1,5.8003364497021046,2.0268189019366889,0.079545125030155567,-0.079545125030155567,5.7858057022094727,2.0413496494293213,0.00078757228263833629,0.00078757228263833629,0.00078757228263833629,-0.0015079644737231006,-0.002295536756361437,0,0,0.12271875143051147,-0,0.019386848800886359,0.01171875,-0.01171875,-0.14835937321186066,0.014530747492631946,-0.01453074749263239,35,35,0,0,0,1,1,1,1,1,1,1,1,1,RUNNING,10.005515999999659,0.0055159999996590159
606,6.052564555,MINUS_DIAGNOSTIC_PROFILE,J2_KP100,1,1,1280,1,64,0.050000000000000003,0,0,0,1,1,5.8011484728534546,2.0260068787853394,0.082859505239745376,-0.082859505239745376,5.785614013671875,2.0413496494293213,0.00081785483238684046,0.00078757228263833629,0.00080271355751258843,-0.0016362461737446838,-0.0024389597312572723,3.0282549748504172e-05,-0.24543750286102295,0.12271875143051147,0.038773697601772718,0.019386848800886359,0.01171875,-0.01953125,-0.19781249761581421,0.015534459181579585,-0.015342770643981929,35,35,0,0,0,1,1,1,1,1,1,1,1,1,RUNNING,9.9943800000001914,0.0056199999998085559
607,6.0625645190000004,MINUS_DIAGNOSTIC_PROFILE,J2_KP100,1,1,1280,1,64,0.050000000000000003,0,0,0,1,1,5.8019936398069003,2.0251617118318941,0.0861738854493352,-0.0861738854493352,5.785614013671875,2.0411579608917236,0.00081785483238684046,0.00075728973288983212,0.00078757228263833629,-0.0017697638615222502,-0.0025573361441605866,6.0565099497008343e-05,-0.29452499747276306,0,0.046528436180505693,0,0.0234375,-0.01953125,-0.27199218422174454,0.016379626135025305,-0.015996249059829548,35,35,0,0,0,1,1,1,1,1,1,1,1,1,RUNNING,9.9999640000003609,3.5999999639102498e-05
608,6.0725638589999997,MINUS_DIAGNOSTIC_PROFILE,J2_KP100,1,1,1280,1,64,0.050000000000000003,0,0,0,1,1,5.8028719505624409,2.0242834010763526,0.089488265658925023,-0.089488265658925023,5.7858057022094727,2.040966272354126,0.00078757228263833629,0.00072700718314132795,0.00075728973288983212,-0.0019085175370557996,-0.0026658072699456319,6.0565099497008343e-05,0,-0.39269998669624329,-0,-0.062037913337971637,0.0234375,-0.01953125,-0.27199218422174454,0.017066248352968216,-0.016682871277773348,35,35,0,0,0,1,1,1,1,1,1,1,1,1,RUNNING,9.9993399999993571,0.00066000000064292408
609,6.0825739260000002,MINUS_DIAGNOSTIC_PROFILE,J2_KP100,1,1,1280,1,64,0.050000000000000003,0,0,0,1,1,5.8037834051200781,2.0233719465187154,0.092802645868514833,-0.092802645868514833,5.7858057022094727,2.040966272354126,0.00078757228263833629,0.00072700718314132795,0.00075728973288983212,-0.0020525072003453318,-0.0028097969332351639,6.0565099497008343e-05,-0.024543749168515205,-0.44178751111030579,0.0038773695836232273,-0.06979265662481246,0.0234375,-0.0234375,-0.29671874642372131,0.017977702910605409,-0.01759432583541054,35,35,0,0,0,1,1,1,1,1,1,1,1,1,RUNNING,10.010067000000511,0.010067000000510973
610,6.0925639130000002,MINUS_DIAGNOSTIC_PROFILE,J2_KP100,1,1,1280,1,64,0.050000000000000003,0,0,0,1,1,5.8047280034798119,2.0224273481589825,0.096117026078104628,-0.096117026078104628,5.785614013671875,2.0411579608917236,0.00081785483238684046,0.00075728973288983212,0.00078757228263833629,-0.0022017328513908464,-0.0029893051340291825,6.0565099497008343e-05,-0.36815625429153442,-0.12271875143051147,0.05816054640265908,-0.019386848800886359,0.0234375,-0.01953125,-0.27199218422174454,0.019113989807936882,-0.018730612732741125,35,35,0,0,0,1,1,1,1,1,1,1,1,1,RUNNING,9.989986999999978,0.010013000000022032
611,6.1025644510000001,MINUS_DIAGNOSTIC_PROFILE,J2_KP100,1,1,1280,1,64,0.050000000000000003,0,0,0,1,1,5.8057057456416405,2.0214496059971534,0.099431406287694452,-0.099431406287694452,5.7858057022094727,2.0411579608917236,0.00078757228263833629,0.00075728973288983212,0.00077243100776408415,-0.0023561944901923444,-0.0031286254979564286,3.0282549748504172e-05,-0.024543749168515205,-0.098174996674060822,0.0038773695836232273,-0.015509478334492909,0.0234375,-0.01953125,-0.27199218422174454,0.019900043432167891,-0.019708354894570235,35,35,0,0,0,1,1,1,1,1,1,1,1,1,RUNNING,10.000537999999892,0.00053799999989223579
612,6.1125639090000004,MINUS_DIAGNOSTIC_PROFILE,J2_KP100,1,1,1280,1,64,0.050000000000000003,0,0,0,1,1,5.8067166316055649,2.0204387200332286,0.10274578649728427,-0.10274578649728427,5.7859973907470703,2.0411579608917236,0.00075728973288983212,0.00075728973288983212,0.00075728973288983212,-0.002515892116749826,-0.0032731818496396581,0,0,0.049087498337030411,-0,0.0077547391672464546,0.0234375,-0.01953125,-0.27199218422174454,0.020719240858494636,-0.02071924085849508,35,35,0,0,0,1,1,1,1,1,1,1,1,1,RUNNING,9.9994580000002387,0.0005419999997613445
613,6.1225639259999998,MINUS_DIAGNOSTIC_PROFILE,J2_KP100,1,1,1280,1,64,0.050000000000000003,0,0,0,1,1,5.807760661371586,2.019394690267208,0.10606016670687408,-0.10606016670687408,5.7858057022094727,2.0411579608917236,0.00078757228263833629,0.00075728973288983212,0.00077243100776408415,-0.0026808257310632902,-0.0034532567388273743,3.0282549748504172e-05,-0.36815625429153442,0.049087498337030411,0.05816054640265908,0.0077547391672464546,0.02734375,-0.0234375,-0.32144530862569809,0.021954959162113319,-0.021763270624515663,35,35,0,0,0,1,1,1,1,1,1,1,1,1,RUNNING,10.000016999999417,1.6999999417066647e-05
614,6.1325640190000001,MINUS_DIAGNOSTIC_PROFILE,J2_KP100,1,1,1280,1,64,0.050000000000000003,0,0,0,1,1,5.8088378349397027,2.0183175166990912,0.10937454691646391,-0.10937454691646391,5.7859973907470703,2.0407743453979492,0.00075728973288983212,0.00069668696852995249,0.00072698835070989236,-0.0028509953331327374,-0.00357798368384263,6.060276435987963e-05,0.14726249873638153,-0.41724374890327454,-0.023264218090252847,-0.065915284981392055,0.02734375,-0.0234375,-0.32144530862569809,0.022840444192632425,-0.022456828698858011,35,35,0,0,0,1,1,1,1,1,1,1,1,1,RUNNING,10.000093000000376,9.3000000376264325e-05
615,6.1425641190000002,MINUS_DIAGNOSTIC_PROFILE,J2_KP100,1,1,1280,1,64,0.050000000000000003,0,0,0,1,1,5.8099407870205608,2.0172145646182331,0.11047934031966052,-0.11047934031966052,5.786189079284668,2.0407743453979492,0.00072700718314132795,0.00069668696852995249,0.00071184707583564022,-0.0030252373701235048,-0.0037370844459591449,3.0320214611375459e-05,0.098174996674060822,0,-0.015509478334492909,0,0.02734375,-0.0234375,-0.32144530862569809,0.023751707735892857,-0.0235597807797161,35,35,0,0,0,1,1,1,1,1,1,1,1,1,RUNNING,10.000100000000067,0.0001000000000672685
616,6.1525638450000004,MINUS_DIAGNOSTIC_PROFILE,J2_KP100,1,1,1280,1,64,0.050000000000000003,0,0,0,1,1,5.8110455804237571,2.0161097712150364,0.11047934031966052,-0.11047934031966052,5.786189079284668,2.040966272354126,0.00072700718314132795,0.00072700718314132795,0.00072700718314132795,-0.0031997702953229378,-0.0039267774784642658,0,-0.073631249368190765,0.073631249368190765,0.011632109045126423,0.011632109045126423,0.02734375,-0.02734375,-0.34617187082767487,0.024856501139089104,-0.024856501139089549,35,35,0,0,0,1,1,1,1,1,1,1,1,1,RUNNING,9.9997260000002086,0.00027399999979138556
617,6.1625639440000004,MINUS_DIAGNOSTIC_PROFILE,J2_KP100,1,1,1280,1,64,0.050000000000000003,0,0,0,1,1,5.8121503738269542,2.0150049778118397,0.11047934031966052,-0.11047934031966052,5.786189079284668,2.0405826568603516,0.00072700718314132795,0.00066640441878144832,0.00069670580096138808,-0.0033743032205223698,-0.0040710090214837579,6.060276435987963e-05,-0.24543750286102295,-0.31906875967979431,0.038773697601772718,-0.050405807823926105,0.03515625,-0.0234375,-0.37089843302965164,0.02596129454228624,-0.025577679048511825,35,35,0,0,0,1,1,1,1,1,1,1,1,1,RUNNING,10.000098999999985,9.8999999984528131e-05
618,6.1725639819999998,MINUS_DIAGNOSTIC_PROFILE,J2_KP100,1,1,1280,1,64,0.050000000000000003,0,0,0,1,1,5.8132551672301505,2.0139001844086435,0.11047934031966052,-0.11047934031966052,5.786189079284668,2.0403909683227539,0.00072700718314132795,0.00063612186903294415,0.00068156452608713605,-0.0035488361457218032,-0.0042304006718089388,9.0885314108383802e-05,-0.51541876792907715,-0.56450623273849487,0.081424766846965854,-0.089179500717590968,0.04296875,-0.02734375,-0.44507811963558197,0.027066087945482487,-0.026490783914110416,35,35,0,0,0,1,1,1,1,1,1,1,1,1,RUNNING,10.000037999999378,3.7999999378257598e-05
619,6.1825718749999998,MINUS_DIAGNOSTIC_PROFILE,J2_KP100,1,1,1280,1,64,0.050000000000000003,0,0,0,1,1,5.8143599606333476,2.0127953910054468,0.11047934031966052,-0.11047934031966052,5.7863807678222656,2.0403909683227539,0.00069672463339282378,0.00063612186903294415,0.00066642325121288402,-0.0037233690709212361,-0.0043897923221341197,6.060276435987963e-05,-0.53996247053146362,-0.14726249873638153,0.085302129074170549,-0.023264218090252847,0.02734375,-0.0234375,-0.32144530862569809,0.027979192811081965,-0.027595577317307107,35,35,0,0,0,1,1,1,1,1,1,1,1,1,RUNNING,10.007893000000045,0.007893000000045447
620,6.192565836,MINUS_DIAGNOSTIC_PROFILE,J2_KP100,1,1,1280,1,64,0.050000000000000003,0,0,0,1,1,5.8154647540365438,2.0116905976022501,0.11047934031966052,-0.11047934031966052,5.7865724563598633,2.0403909683227539,0.0006664420836443195,0.00063612186903294415,0.00065128197633863177,-0.0038979019961206691,-0.0045491839724593006,3.032021461137535e-05,-0.12271875143051147,-0.24543750286102295,0.019386848800886359,-0.038773697601772718,0.03515625,-0.02734375,-0.39562499523162842,0.028892297676680556,-0.028700370720503798,35,35,0,0,0,1,1,1,1,1,1,1,1,1,RUNNING,9.9939610000001622,0.006038999999837813
621,6.2025658239999997,MINUS_DIAGNOSTIC_PROFILE,J2_KP100,1,1,1280,1,64,0.050000000000000003,0,0,0,1,1,5.8165695474397401,2.0105858041990534,0.11047934031966052,-0.11047934031966052,5.7867641448974609,2.0405826568603516,0.00063615953389581533,0.00066640441878144832,0.00065128197633863177,-0.0040724349213201025,-0.004723716897658734,-3.0244884885632993e-05,0.12271875143051147,0.34361249208450317,-0.019386848800886359,0.054283174759238662,0.02734375,-0.02734375,-0.34617187082767487,0.029805402542279147,-0.029996852661298146,35,35,0,0,0,1,1,1,1,1,1,1,1,1,RUNNING,9.9999879999996821,1.2000000317868853e-05
622,6.2125655069999999,MINUS_DIAGNOSTIC_PROFILE,J2_KP100,1,1,1280,1,64,0.050000000000000003,0,0,0,1,1,5.8176743408429372,2.0094810107958567,0.11047934031966052,-0.11047934031966052,5.7865724563598633,2.0401992797851562,0.0006664420836443195,0.00060583931928443987,0.00063614070146437974,-0.0042469678465195358,-0.0048831085479839158,6.060276435987963e-05,-0.46633124351501465,0,0.073670023560125017,0,0.0390625,-0.0390625,-0.49453124403953552,0.031101884483073938,-0.030718268989299524,35,35,0,0,0,1,1,1,1,1,1,1,1,1,RUNNING,9.9996830000002035,0.00031699999979650784
623,6.2225649460000003,MINUS_DIAGNOSTIC_PROFILE,J2_KP100,1,1,1280,1,64,0.050000000000000003,0,0,0,1,1,5.8187791342461335,2.0083762173926605,0.11047934031966052,-0.11047934031966052,5.7869558334350586,2.0400073528289795,0.00060587698414731115,0.00057551910467306452,0.00059069804441018784,-0.0044215007717189675,-0.0050121988161291554,3.0357879474246638e-05,-0.24543750286102295,-0.19634999334812164,0.038773697601772718,-0.031018956668985818,0.0390625,-0.03515625,-0.46980468183755875,0.031823300811074873,-0.031631135436319013,35,35,0,0,0,1,1,1,1,1,1,1,1,1,RUNNING,9.9994390000004429,0.00056099999955705471
624,6.2325644159999998,MINUS_DIAGNOSTIC_PROFILE,J2_KP100,1,1,1280,1,64,0.050000000000000003,0,0,0,1,1,5.8198839276493306,2.0072714239894638,0.11047934031966052,-0.11047934031966052,5.7869558334350586,2.0401992797851562,0.00060587698414731115,0.00060583931928443987,0.00060585815171587546,-0.0045960336969184008,-0.0052018918486342759,3.7664862871287196e-08,-0.31906875967979431,0.12271875143051147,0.050405807823926105,0.019386848800886359,0.02734375,-0.03515625,-0.39562499523162842,0.032928094214272008,-0.032927855795692462,35,35,0,0,0,1,1,1,1,1,1,1,1,1,RUNNING,9.9994699999994552,0.00053000000054481688
625,6.2425714360000004,MINUS_DIAGNOSTIC_PROFILE,J2_KP100,1,1,1280,1,64,0.050000000000000003,0,0,0,1,1,5.8209887210525268,2.0061666305862671,0.11047934031966052,-0.11047934031966052,5.7869558334350586,2.0400073528289795,0.00060587698414731115,0.00057551910467306452,0.00059069804441018784,-0.0047705666221178342,-0.0053612646665280221,3.0357879474246638e-05,-0.36815625429153442,-0.024543749168515205,0.05816054640265908,-0.0038773695836232273,0.0390625,-0.03515625,-0.46980468183755875,0.034032887617468255,-0.033840722242712395,35,35,0,0,0,1,1,1,1,1,1,1,1,1,RUNNING,10.007020000000644,0.0070200000006437335
626,6.2525665129999997,MINUS_DIAGNOSTIC_PROFILE,J2_KP100,1,1,1280,1,64,0.050000000000000003,0,0,0,1,1,5.8220935144557231,2.0050618371830704,0.11047934031966052,-0.11047934031966052,5.7873396873474121,2.0398156642913818,0.00054523655492456035,0.00054523655492456035,0.00054523655492456035,-0.0049450995473172676,-0.005490336102241828,0,0.29452499747276306,-0.098174996674060822,-0.046528436180505693,-0.015509478334492909,0.03515625,-0.03515625,-0.44507811963558197,0.034753827108310986,-0.03475382710831143,35,35,0,0,0,1,1,1,1,1,1,1,1,1,RUNNING,9.9950769999992417,0.004923000000758293
627,6.2625676449999998,MINUS_DIAGNOSTIC_PROFILE,J2_KP100,1,1,1280,1,64,0.050000000000000003,0,0,0,1,1,5.8231983078589202,2.0039570437798737,0.11047934031966052,-0.11047934031966052,5.7873396873474121,2.0400073528289795,0.00054523655492456035,0.00057551910467306452,0.00056037782979881249,-0.0051196324725167001,-0.0056800103023155121,-3.0282549748504172e-05,0.098174996674060822,0.46633124351501465,-0.015509478334492909,0.073670023560125017,0.05078125,-0.03515625,-0.54398436844348907,0.035858620511508121,-0.036050309049105778,35,35,0,0,0,1,1,1,1,1,1,1,1,1,RUNNING,10.00113200000019,0.0011320000001902031
628,6.2725656580000004,MINUS_DIAGNOSTIC_PROFILE,J2_KP100,1,1,1280,1,64,0.050000000000000003,0,0,0,1,1,5.8243031012621165,2.0028522503766775,0.11047934031966052,-0.11047934031966052,5.7875313758850098,2.0394322872161865,0.00051495400517605607,0.00048467145542755195,0.00049981273030180403,-0.0052941653977161334,-0.0057939781280179374,3.0282549748504117e-05,0.049087498337030411,-0.36815625429153442,-0.0077547391672464546,-0.05816054640265908,0.0390625,-0.03515625,-0.46980468183755875,0.036771725377106712,-0.036580036839509056,35,35,0,0,0,1,1,1,1,1,1,1,1,1,RUNNING,9.9980130000005829,0.0019869999994170939
629,6.2825650829999997,MINUS_DIAGNOSTIC_PROFILE,J2_KP100,1,1,1280,1,64,0.050000000000000003,0,0,0,1,1,5.8254078946653136,2.0017474569734808,0.11047934031966052,-0.11047934031966052,5.7875313758850098,2.0394322872161865,0.00051495400517605607,0.00048467145542755195,0.00049981273030180403,-0.0054686983229155651,-0.005968511053217369,3.0282549748504117e-05,0.049087498337030411,-0.39269998669624329,-0.0077547391672464546,-0.062037913337971637,0.05078125,-0.0390625,-0.56871093064546585,0.037876518780303847,-0.037684830242705747,35,35,0,0,0,1,1,1,1,1,1,1,1,1,RUNNING,9.9994249999992846,0.0005750000007154199
630,6.2925650649999998,MINUS_DIAGNOSTIC_PROFILE,J2_KP100,1,1,1280,1,64,0.050000000000000003,0,0,0,1,1,5.8265126880685099,2.0006426635702841,0.11047934031966052,-0.11047934031966052,5.7873396873474121,2.0394322872161865,0.00054523655492456035,0.00048467145542755195,0.00051495400517605617,-0.0056432312481149985,-0.0061581852532910548,6.0565099497008397e-05,-0.36815625429153442,-0.19634999334812164,0.05816054640265908,-0.031018956668985818,0.05078125,-0.04296875,-0.59343749284744263,0.03917300072109775,-0.038789623645902438,35,35,0,0,0,1,1,1,1,1,1,1,1,1,RUNNING,9.9999820000000739,1.7999999926132659e-05
631,6.3025647469999999,MINUS_DIAGNOSTIC_PROFILE,J2_KP100,1,1,1280,1,64,0.050000000000000003,0,0,0,1,1,5.8276174814717061,1.9995378701670874,0.11047934031966052,-0.11047934031966052,5.7873396873474121,2.0394322872161865,0.00054523655492456035,0.00048467145542755195,0.00051495400517605617,-0.0058177641733144318,-0.0063327181784904882,6.0565099497008397e-05,-0.4908750057220459,-0.31906875967979431,0.077547395203545436,-0.050405807823926105,0.02734375,-0.0390625,-0.42035155743360519,0.040277794124293997,-0.039894417049099129,35,35,0,0,0,1,1,1,1,1,1,1,1,1,RUNNING,9.9996820000001208,0.00031799999987924821
632,6.3125654300000003,MINUS_DIAGNOSTIC_PROFILE,J2_KP100,1,1,1280,1,64,0.050000000000000003,0,0,0,1,1,5.8287222748749032,1.9984330767638909,0.11047934031966052,-0.11047934031966052,5.7875313758850098,2.0392403602600098,0.00051495400517605607,0.00045435124081617649,0.0004846526229961163,-0.0059922970985138643,-0.0064769497215099803,6.0602764359879576e-05,-0.36815625429153442,-0.17180624604225159,0.05816054640265908,-0.027141587379619331,0.04296875,-0.04296875,-0.54398436844348907,0.041190898989893476,-0.04080728349611884,35,35,0,0,0,1,1,1,1,1,1,1,1,1,RUNNING,10.000683000000343,0.00068300000034327013
633,6.3225643829999996,MINUS_DIAGNOSTIC_PROFILE,J2_KP100,1,1,1280,1,64,0.050000000000000003,0,0,0,1,1,5.8298270682780995,1.9973282833606942,0.11047934031966052,-0.11047934031966052,5.7881064414978027,2.0390486717224121,0.00042410635593054361,0.00042406869106767232,0.00042408752349910796,-0.0061668300237132977,-0.0065909175472124056,3.7664862871287196e-08,0.098174996674060822,-0.29452499747276306,-0.015509478334492909,-0.046528436180505693,0.05078125,-0.04296875,-0.59343749284744263,0.041720626780296755,-0.041720388361717875,35,35,0,0,0,1,1,1,1,1,1,1,1,1,RUNNING,9.998952999999311,0.0010470000006890245
634,6.3325652139999997,MINUS_DIAGNOSTIC_PROFILE,J2_KP100,1,1,1280,1,64,0.050000000000000003,0,0,0,1,1,5.8309318616812966,1.9962234899574975,0.11047934031966052,-0.11047934031966052,5.7879147529602051,2.0390486717224121,0.00045438890567904778,0.00042406869106767232,0.00043922879837336005,-0.0063413629489127311,-0.0067805917472860914,3.0320214611375459e-05,-0.34361249208450317,-0.36815625429153442,0.054283174759238662,-0.05816054640265908,0.05078125,-0.04296875,-0.59343749284744263,0.043017108721091546,-0.042825181764914566,35,35,0,0,0,1,1,1,1,1,1,1,1,1,RUNNING,10.000831000000154,0.00083100000015434716
635,6.34256464,MINUS_DIAGNOSTIC_PROFILE,J2_KP100,1,1,1280,1,64,0.050000000000000003,0,0,0,1,1,5.8320366550844929,1.9951186965543011,0.11047934031966052,-0.11047934031966052,5.7881064414978027,2.0392403602600098,0.00042410635593054361,0.00045435124081617649,0.00043922879837336005,-0.0065158958741121636,-0.0069551246724855239,-3.0244884885632884e-05,-0.12271875143051147,-0.098174996674060822,0.019386848800886359,-0.015509478334492909,0.05078125,-0.0390625,-0.56871093064546585,0.043930213586690137,-0.044121663705708691,35,35,0,0,0,1,1,1,1,1,1,1,1,1,RUNNING,9.9994260000002555,0.00057399999974450111
636,6.3525646900000003,MINUS_DIAGNOSTIC_PROFILE,J2_KP100,1,1,1280,1,64,0.050000000000000003,0,0,0,1,1,5.8331414484876891,1.9940139031511044,0.11047934031966052,-0.11047934031966052,5.7882981300354004,2.0392403602600098,0.00039382380618203938,0.00045435124081617649,0.00042408752349910796,-0.0066904287993115969,-0.0071145163228107048,-6.052743463413711e-05,0.12271875143051147,0,-0.019386848800886359,0,0.05078125,-0.04296875,-0.59343749284744263,0.044843318452288727,-0.045226457108905382,35,35,0,0,0,1,1,1,1,1,1,1,1,1,RUNNING,10.000050000000371,5.000000037114205e-05
637,6.3625666760000001,MINUS_DIAGNOSTIC_PROFILE,J2_KP100,1,1,1280,1,64,0.050000000000000003,0,0,0,1,1,5.8342462418908863,1.9929091097479079,0.11047934031966052,-0.11047934031966052,5.7886819839477539,2.0386652946472168,0.00033318337695928852,0.00036350359157066397,0.00034834348426497625,-0.0068649617245110303,-0.0072133052087760066,-3.0320214611375459e-05,-0.049087498337030411,-0.73631250858306885,0.0077547391672464546,-0.11632109280531816,0.05078125,-0.05078125,-0.64289061725139618,0.045564257943132347,-0.045756184899308883,35,35,0,0,0,1,1,1,1,1,1,1,1,1,RUNNING,10.001985999999796,0.0019859999997962063
638,6.3725645179999999,MINUS_DIAGNOSTIC_PROFILE,J2_KP100,1,1,1280,1,64,0.050000000000000003,0,0,0,1,1,5.8353510352940825,1.9918043163447112,0.11047934031966052,-0.11047934031966052,5.7886819839477539,2.0388569831848145,0.00033318337695928852,0.00039378614131916815,0.00036348475913922833,-0.0070394946497104628,-0.0074029794088496907,-6.060276435987963e-05,-0.049087498337030411,-0.12271875143051147,0.0077547391672464546,-0.019386848800886359,0.05078125,-0.0546875,-0.66761717945337296,0.046669051346328594,-0.04705266684010323,35,35,0,0,0,1,1,1,1,1,1,1,1,1,RUNNING,9.997841999999757,0.0021580000002430211
639,6.3825655780000004,MINUS_DIAGNOSTIC_PROFILE,J2_KP100,1,1,1280,1,64,0.050000000000000003,0,0,0,1,1,5.8364558286972796,1.9906995229415145,0.11047934031966052,-0.11047934031966052,5.7886819839477539,2.0388569831848145,0.00033318337695928852,0.00039378614131916815,0.00036348475913922833,-0.0072140275749098953,-0.0075775123340491232,-6.060276435987963e-05,-0.24543750286102295,-0.24543750286102295,0.038773697601772718,-0.038773697601772718,0.0546875,-0.04296875,-0.6181640550494194,0.047773844749525729,-0.048157460243299921,35,35,0,0,0,1,1,1,1,1,1,1,1,1,RUNNING,10.00106000000045,0.0010600000004501453
640,6.3925676810000001,MINUS_DIAGNOSTIC_PROFILE,J2_KP100,1,1,1280,1,64,0.050000000000000003,0,0,0,1,1,5.8375606221004759,1.9895947295383181,0.11047934031966052,-0.11047934031966052,5.7886819839477539,2.0390486717224121,0.00033318337695928852,0.00042406869106767232,0.00037862603401348042,-0.0073885605001093278,-0.0077671865341228082,-9.0885314108383802e-05,-0.26998123526573181,0.12271875143051147,0.042651064537085275,0.019386848800886359,0.0546875,-0.05078125,-0.66761717945337296,0.048878638152721976,-0.049453942184094046,35,35,0,0,0,1,1,1,1,1,1,1,1,1,RUNNING,10.002102999999707,0.0021029999997068671
641,6.4025663020000003,MINUS_DIAGNOSTIC_PROFILE,J2_KP100,1,1,1280,1,64,0.050000000000000003,0,0,0,1,1,5.8386654155036721,1.9884899361351214,0.11047934031966052,-0.11047934031966052,5.7886819839477539,2.0388569831848145,0.00033318337695928852,0.00039378614131916815,0.00036348475913922833,-0.0075630934253087603,-0.0079265781844479882,-6.060276435987963e-05,-0.36815625429153442,0.098174996674060822,0.05816054640265908,0.015509478334492909,0.0546875,-0.05078125,-0.66761717945337296,0.049983431555918223,-0.050367047049693081,35,35,0,0,0,1,1,1,1,1,1,1,1,1,RUNNING,9.9986210000002629,0.0013789999997371183
642,6.4125645929999999,MINUS_DIAGNOSTIC_PROFILE,J2_KP100,1,1,1280,1,64,0.050000000000000003,0,0,0,1,1,5.8397702089068693,1.9873851427319247,0.11047934031966052,-0.11047934031966052,5.7892570495605469,2.0386652946472168,0.00024233572771377597,0.00036350359157066397,0.00030291965964221999,-0.0077376263505081946,-0.0080405460101504143,-0.000121167863856888,0.26998123526573181,-0.24543750286102295,-0.042651064537085275,-0.038773697601772718,0.0546875,-0.05078125,-0.66761717945337296,0.050513159346322389,-0.051280151915292116,35,35,0,0,0,1,1,1,1,1,1,1,1,1,RUNNING,9.9982909999996039,0.0017090000003960881
643,6.4225644500000003,MINUS_DIAGNOSTIC_PROFILE,J2_KP100,1,1,1280,1,64,0.050000000000000003,0,0,0,1,1,5.8408750023100655,1.9862803493287282,0.11047934031966052,-0.11047934031966052,5.7890653610229492,2.03847336769104,0.00027261827746228017,0.00033318337695928852,0.00030290082721078434,-0.0079121592757076271,-0.0082150601029184114,-6.0565099497008343e-05,-0.31906875967979431,-0.58904999494552612,0.050405807823926105,-0.093056872361011386,0.05859375,-0.0546875,-0.71707030385732651,0.051809641287116293,-0.052193018362311827,35,35,0,0,0,1,1,1,1,1,1,1,1,1,RUNNING,9.9998570000003895,0.000142999999610538
644,6.4325643799999996,MINUS_DIAGNOSTIC_PROFILE,J2_KP100,1,1,1280,1,64,0.050000000000000003,0,0,0,1,1,5.8419797957132626,1.9851755559255315,0.11047934031966052,-0.11047934031966052,5.7894487380981445,2.0386652946472168,0.0002120531779652718,0.00036350359157066397,0.0002877783847679679,-0.0080866922009070596,-0.0083744705856750278,-0.00015145041360539217,0.12271875143051147,0.073631249368190765,-0.019386848800886359,0.011632109045126423,0.0546875,-0.0546875,-0.69234374165534973,0.052531057615118115,-0.053489738721685276,35,35,0,0,0,1,1,1,1,1,1,1,1,1,RUNNING,9.9999299999993241,7.0000000675918272e-05
645,6.4425700629999998,MINUS_DIAGNOSTIC_PROFILE,J2_KP100,1,1,1280,1,64,0.050000000000000003,0,0,0,1,1,5.8430845891164589,1.9840707625223351,0.11047934031966052,-0.11047934031966052,5.7894487380981445,2.03847336769104,0.0002120531779652718,0.00033318337695928852,0.00027261827746228017,-0.0082612251261064938,-0.0085338434035687732,-0.00012113019899401671,-0.46633124351501465,-0.12271875143051147,0.073670023560125017,-0.019386848800886359,0.05859375,-0.0546875,-0.71707030385732651,0.053635851018314362,-0.054402605168704987,35,35,0,0,0,1,1,1,1,1,1,1,1,1,RUNNING,10.005683000000154,0.0056830000001539815
646,6.4525749189999999,MINUS_DIAGNOSTIC_PROFILE,J2_KP100,1,1,1280,1,64,0.050000000000000003,0,0,0,1,1,5.8441893825196551,1.9829659691191384,0.11047934031966052,-0.11047934031966052,5.7896404266357422,2.0382816791534424,0.0001817706282167676,0.00030290082721078434,0.00024233572771377597,-0.0084357580513059263,-0.0086780937790197025,-0.00012113019899401674,-0.19634999334812164,-0.19634999334812164,0.031018956668985818,-0.031018956668985818,0.05859375,-0.05859375,-0.74179686605930328,0.054548955883912953,-0.055315710034304022,35,35,0,0,0,1,1,1,1,1,1,1,1,1,RUNNING,10.004856000000117,0.004856000000117433
647,6.4625649889999996,MINUS_DIAGNOSTIC_PROFILE,J2_KP100,1,1,1280,1,64,0.050000000000000003,0,0,0,1,1,5.8452941759228523,1.9818611757159417,0.11047934031966052,-0.11047934031966052,5.7898321151733398,2.0382816791534424,0.00015148807846826343,0.00030290082721078434,0.00022719445283952389,-0.0086102909765053588,-0.0088374854293448834,-0.00015141274874252091,-0.17180624604225159,0.12271875143051147,0.027141587379619331,0.019386848800886359,0.0546875,-0.0546875,-0.69234374165534973,0.055462060749512432,-0.056420503437500713,35,35,0,0,0,1,1,1,1,1,1,1,1,1,RUNNING,9.99006999999974,0.0099300000002600086
648,6.4725645419999998,MINUS_DIAGNOSTIC_PROFILE,J2_KP100,1,1,1280,1,64,0.050000000000000003,0,0,0,1,1,5.8463989693260485,1.9807563823127452,0.11047934031966052,-0.11047934031966052,5.7902159690856934,2.0380899906158447,9.0847649245512528e-05,0.00027261827746228017,0.00018173296335389634,-0.0087848239017047931,-0.0089665568650586901,-0.00018177062821676766,0,-0.14726249873638153,-0,-0.023264218090252847,0.06640625,-0.05859375,-0.79124999046325684,0.056183000240355163,-0.057333608303099526,35,35,0,0,0,1,1,1,1,1,1,1,1,1,RUNNING,9.9995530000001054,0.00044699999989461503
649,6.4825653049999996,MINUS_DIAGNOSTIC_PROFILE,J2_KP100,1,1,1280,1,64,0.050000000000000003,0,0,0,1,1,5.8475037627292457,1.9796515889095485,0.11047934031966052,-0.11047934031966052,5.790407657623291,2.0380899906158447,6.0565099497008357e-05,0.00027261827746228017,0.00016659168847964426,-0.0089593568269042256,-0.0091259485153838693,-0.00021205317796527183,0,0.14726249873638153,-0,0.023264218090252847,0.05859375,-0.0546875,-0.71707030385732651,0.057096105105954642,-0.058438401706296217,35,35,0,0,0,1,1,1,1,1,1,1,1,1,RUNNING,10.000762999999857,0.00076299999985707245
650,6.4925650250000002,MINUS_DIAGNOSTIC_PROFILE,J2_KP100,1,1,1280,1,64,0.050000000000000003,0,0,0,1,1,5.8486085561324419,1.978546795506352,0.11047934031966052,-0.11047934031966052,5.7905993461608887,2.0380899906158447,3.0282549748504178e-05,0.00027261827746228017,0.00015145041360539217,-0.0091338897521036581,-0.0092853401657090502,-0.000242335727713776,0.049087498337030411,0.31906875967979431,-0.0077547391672464546,0.050405807823926105,0.05078125,-0.0546875,-0.66761717945337296,0.058009209971553233,-0.059543195109492686,35,35,0,0,0,1,1,1,1,1,1,1,1,1,RUNNING,9.9997200000006004,0.00027999999939964937
651,6.5025662850000003,MINUS_DIAGNOSTIC_PROFILE,J2_KP100,1,1,1280,1,64,0.050000000000000003,0,0,0,1,1,5.849713349535639,1.9774420021031553,0.11047934031966052,-0.11047934031966052,5.790407657623291,2.0375146865844727,6.0565099497008357e-05,0.00018173296335389634,0.00012114903142545236,-0.0093084226773030923,-0.009429571708728544,-0.00012116786385688799,0.073631249368190765,-0.46633124351501465,-0.011632109045126423,-0.073670023560125017,0.05859375,-0.06640625,-0.79124999046325684,0.059305691912348024,-0.060072684481317307,35,35,0,0,0,1,1,1,1,1,1,1,1,1,RUNNING,10.001260000000123,0.0012600000001228295
652,6.5125657700000001,MINUS_DIAGNOSTIC_PROFILE,J2_KP100,1,1,1280,1,64,0.050000000000000003,0,0,0,1,1,5.8508181429388353,1.9763372086999587,0.11047934031966052,-0.11047934031966052,5.7907910346984863,2.0378983020782471,-0,0.00024233572771377597,0.00012116786385688799,-0.0094829556025025231,-0.0096041234663594103,-0.00024233572771377597,-0.024543749168515205,0.19634999334812164,0.0038773695836232273,0.031018956668985818,0.06640625,-0.06640625,-0.84070311486721039,0.060027108240348959,-0.061561093378288412,35,35,0,0,0,1,1,1,1,1,1,1,1,1,RUNNING,9.9994849999998081,0.00051500000019188974
653,6.5225659939999998,MINUS_DIAGNOSTIC_PROFILE,J2_KP100,1,1,1280,1,64,0.050000000000000003,0,0,0,1,1,5.8519229363420315,1.9752324152967622,0.11047934031966052,-0.11047934031966052,5.790982723236084,2.0375146865844727,-3.0282549748504178e-05,0.00018173296335389634,7.5725206802696086e-05,-0.0096574885277019556,-0.0097332137345046525,-0.00021201551310240052,0.12271875143051147,0,-0.019386848800886359,0,0.07421875,-0.0703125,-0.91488280147314072,0.060940213105947549,-0.062282271287710467,35,35,0,0,0,1,1,1,1,1,1,1,1,1,RUNNING,10.000223999999669,0.00022399999966893347
654,6.532568908,MINUS_DIAGNOSTIC_PROFILE,J2_KP100,1,1,1280,1,64,0.050000000000000003,0,0,0,1,1,5.8530277297452287,1.9741276218935655,0.11047934031966052,-0.11047934031966052,5.790982723236084,2.0375146865844727,-3.0282549748504178e-05,0.00018173296335389634,7.5725206802696086e-05,-0.0098320214529013898,-0.0099077466597040868,-0.00021201551310240052,-0.39269998669624329,0.14726249873638153,0.062037913337971637,0.023264218090252847,0.0703125,-0.0703125,-0.89015623927116394,0.062045006509144685,-0.063387064690907158,35,35,0,0,0,1,1,1,1,1,1,1,1,1,RUNNING,10.002914000000196,0.0029140000001959265
655,6.5426346950000003,MINUS_DIAGNOSTIC_PROFILE,J2_KP100,1,1,1280,1,64,0.050000000000000003,0,0,0,1,1,5.8541325231484249,1.973022828490369,0.11047934031966052,-0.11047934031966052,5.7913661003112793,2.0371313095092773,-9.0847649245512528e-05,0.00012116786385688799,1.5160107305687729e-05,-0.010006554378100822,-0.010021714485406509,-0.00021201551310240052,0.024543749168515205,-0.24543750286102295,-0.0038773695836232273,-0.038773697601772718,0.0703125,-0.05859375,-0.81597655266523361,0.062766422837145619,-0.064108481018908314,35,35,0,0,0,1,1,1,1,1,1,1,1,1,RUNNING,10.06578700000027,0.065787000000270268
656,6.5525680399999997,MINUS_DIAGNOSTIC_PROFILE,J2_KP100,1,1,1280,1,64,0.050000000000000003,0,0,0,1,1,5.8552373165516221,1.9719180350871723,0.11047934031966052,-0.11047934031966052,5.7913661003112793,2.0369396209716797,-9.0847649245512528e-05,9.0885314108383802e-05,1.8832431435636821e-08,-0.010181087303300255,-0.01018110613573169,-0.00018173296335389632,-0.22089375555515289,-0.073631249368190765,0.03489632831240623,-0.011632109045126423,0.0703125,-0.07421875,-0.91488280147314072,0.063871216240342754,-0.065021585884507349,35,35,0,0,0,1,1,1,1,1,1,1,1,1,RUNNING,9.9333449999994272,0.066655000000572784
657,6.562630006,MINUS_DIAGNOSTIC_PROFILE,J2_KP100,1,1,1280,1,64,0.050000000000000003,0,0,0,1,1,5.8563421099548183,1.9708132416839756,0.11047934031966052,-0.11047934031966052,5.791557788848877,2.0367476940155029,-0.00012113019899401671,6.0565099497008357e-05,-3.0282549748504178e-05,-0.010355620228499689,-0.010325337678751184,-0.00018169529849102508,0,-0.073631249368190765,-0,-0.011632109045126423,0.06640625,-0.0703125,-0.86542967706918716,0.064784321105941345,-0.065934452331527282,35,35,0,0,0,1,1,1,1,1,1,1,1,1,RUNNING,10.061966000000311,0.061966000000310828
658,6.5725682399999998,MINUS_DIAGNOSTIC_PROFILE,J2_KP100,1,1,1280,1,64,0.050000000000000003,0,0,0,1,1,5.8574469033580145,1.9697084482807792,0.11047934031966052,-0.11047934031966052,5.7913661003112793,2.0365560054779053,-9.0847649245512528e-05,3.0282549748504178e-05,-3.0282549748504175e-05,-0.010530153153699122,-0.010499870603950617,-0.00012113019899401671,-0.78539997339248657,-0.17180624604225159,0.12407582667594327,-0.027141587379619331,0.08203125,-0.0703125,-0.96433592587709427,0.066080803046735248,-0.066847557197126095,35,35,0,0,0,1,1,1,1,1,1,1,1,1,RUNNING,9.9382339999998237,0.061766000000176291
659,6.5825681830000002,MINUS_DIAGNOSTIC_PROFILE,J2_KP100,1,1,1280,1,64,0.050000000000000003,0,0,0,1,1,5.8585516967612117,1.9686036548775825,0.11047934031966052,-0.11047934031966052,5.7917499542236328,2.0363643169403076,-0.00015148807846826343,0,-7.5744039234131716e-05,-0.010704686078898554,-0.010628942039664422,-0.00015148807846826343,-0.29452499747276306,0.26998123526573181,0.046528436180505693,0.042651064537085275,0.08203125,-0.0703125,-0.96433592587709427,0.066801742537578868,-0.06776066206272513,35,35,0,0,0,1,1,1,1,1,1,1,1,1,RUNNING,9.9999430000003997,5.6999999600293449e-05
660,6.5926026560000004,MINUS_DIAGNOSTIC_PROFILE,J2_KP100,1,1,1280,1,64,0.050000000000000003,0,0,0,1,1,5.8596564901644079,1.9674988614743858,0.11047934031966052,-0.11047934031966052,5.7919416427612305,2.0363643169403076,-0.0001817706282167676,0,-9.0885314108383802e-05,-0.010879219004097988,-0.010788333689989604,-0.0001817706282167676,0.31906875967979431,-0.024543749168515205,-0.050405807823926105,-0.0038773695836232273,0.08203125,-0.0703125,-0.96433592587709427,0.067714847403177458,-0.068865455465921821,35,35,0,0,0,1,1,1,1,1,1,1,1,1,RUNNING,10.034473000000155,0.034473000000154741
661,6.6026196959999996,MINUS_DIAGNOSTIC_PROFILE,J2_KP100,1,1,1280,1,64,0.050000000000000003,0,0,0,1,1,5.8607612835676051,1.9663940680711893,0.11047934031966049,-0.11047934031966049,5.7919416427612305,2.03617262840271,-0.0001817706282167676,-3.0282549748504178e-05,-0.00010602658898263589,-0.011053751929297423,-0.010947725340314787,-0.00015148807846826343,0.024543749168515205,-0.24543750286102295,-0.0038773695836232273,-0.038773697601772718,0.0703125,-0.07421875,-0.91488280147314072,0.068819640806374593,-0.069778560331520634,35,35,0,0,0,1,1,1,1,1,1,1,1,1,RUNNING,10.017039999999255,0.017039999999255429
662,6.6125661960000004,MINUS_DIAGNOSTIC_PROFILE,J2_KP100,1,1,1280,1,64,0.050000000000000003,0,0,0,1,1,5.8618495050697534,1.9653058465690407,0.10716496011007066,-0.10716496011007066,5.7919416427612305,2.0365560054779053,-0.0001817706282167676,3.0282549748504178e-05,-7.5744039234131716e-05,-0.011225666860618863,-0.011149922821384731,-0.00021205317796527178,-0.024543749168515205,0.4908750057220459,0.0038773695836232273,0.077547395203545436,0.08203125,-0.07421875,-0.98906248807907104,0.069907862308522972,-0.071250158908864547,35,35,0,0,0,1,1,1,1,1,1,1,1,1,RUNNING,9.9465000000007464,0.053499999999253589
663,6.6225674919999999,MINUS_DIAGNOSTIC_PROFILE,J2_KP100,1,1,1280,1,64,0.050000000000000003,0,0,0,1,1,5.8629045827698061,1.9642507688689879,0.10385057990048085,-0.10385057990048085,5.7919416427612305,2.03617262840271,-0.0001817706282167676,-3.0282549748504178e-05,-0.00010602658898263589,-0.011392345804184321,-0.011286319215201686,-0.00015148807846826343,-0.14726249873638153,-0.24543750286102295,0.023264218090252847,-0.038773697601772718,0.0859375,-0.07421875,-1.0137890502810478,0.070962940008575615,-0.071921859533722099,35,35,0,0,0,1,1,1,1,1,1,1,1,1,RUNNING,10.001295999999549,0.0012959999995487692
664,6.6325645340000001,MINUS_DIAGNOSTIC_PROFILE,J2_KP100,1,1,1280,1,64,0.050000000000000003,0,0,0,1,1,5.863926516667763,1.963228834971031,0.10053619969089103,-0.10053619969089103,5.7919416427612305,2.03617262840271,-0.0001817706282167676,-3.0282549748504178e-05,-0.00010602658898263589,-0.011553788759993798,-0.011447762171011162,-0.00015148807846826343,-0.36815625429153442,-0.44178751111030579,0.05816054640265908,-0.06979265662481246,0.08203125,-0.06640625,-0.93960936367511749,0.07198487390653252,-0.072943793431679005,35,35,0,0,0,1,1,1,1,1,1,1,1,1,RUNNING,9.9970420000001781,0.0029579999998219364
665,6.6425700079999999,MINUS_DIAGNOSTIC_PROFILE,J2_KP100,1,1,1280,1,64,0.050000000000000003,0,0,0,1,1,5.8649153067636242,1.96224004487517,0.09722181948130125,-0.09722181948130125,5.7923250198364258,2.0363643169403076,-0.00024233572771377597,0,-0.00012116786385688799,-0.01170999572804729,-0.011588827864190403,-0.00024233572771377597,-0.29452499747276306,0.44178751111030579,0.046528436180505693,0.06979265662481246,0.08203125,-0.07421875,-0.98906248807907104,0.072590286927198377,-0.074124272065137609,35,35,0,0,0,1,1,1,1,1,1,1,1,1,RUNNING,10.005473999999737,0.005473999999736634
666,6.652564162,MINUS_DIAGNOSTIC_PROFILE,J2_KP100,1,1,1280,1,64,0.050000000000000003,0,0,0,1,1,5.8658709530573887,1.961284398581405,0.093907439271711426,-0.093907439271711426,5.7925167083740234,2.0359807014465332,-0.00027261827746228017,-6.060276435987963e-05,-0.0001666105209110799,-0.011860966708344798,-0.011694356187433719,-0.00021201551310240054,-0.024543749168515205,0.098174996674060822,0.0038773695836232273,0.015509478334492909,0.08203125,-0.07421875,-0.98906248807907104,0.073354244683365266,-0.074696302865128184,35,35,0,0,0,1,1,1,1,1,1,1,1,1,RUNNING,9.9941540000001439,0.0058459999998561329
667,6.6625778389999999,MINUS_DIAGNOSTIC_PROFILE,J2_KP100,1,1,1280,1,64,0.050000000000000003,0,0,0,1,1,5.8667934555490584,1.9603618960897358,0.090593059062121603,-0.090593059062121603,5.7925167083740234,2.0359807014465332,-0.00027261827746228017,-6.060276435987963e-05,-0.0001666105209110799,-0.012006701700886326,-0.011840091179975247,-0.00021201551310240054,-0.098174996674060822,-0.24543750286102295,0.015509478334492909,-0.038773697601772718,0.08203125,-0.07421875,-0.98906248807907104,0.074276747175034963,-0.075618805356797436,35,35,0,0,0,1,1,1,1,1,1,1,1,1,RUNNING,10.013676999999888,0.013676999999887585
668,6.6725638729999996,MINUS_DIAGNOSTIC_PROFILE,J2_KP100,1,1,1280,1,64,0.050000000000000003,0,0,0,1,1,5.8676828142386315,1.9594725374001625,0.087278678852531794,-0.087278678852531794,5.7929000854492188,2.0359807014465332,-0.00033318337695928852,-6.060276435987963e-05,-0.00019689307065958407,-0.012147200705671869,-0.011950307635012284,-0.00027258061259940889,0.34361249208450317,-0.24543750286102295,-0.054283174759238662,-0.038773697601772718,0.08203125,-0.07421875,-0.98906248807907104,0.074782728789412722,-0.07650816404637073,35,35,0,0,0,1,1,1,1,1,1,1,1,1,RUNNING,9.9860339999997549,0.01396600000024506
669,6.6825640489999998,MINUS_DIAGNOSTIC_PROFILE,J2_KP100,1,1,1280,1,64,0.050000000000000003,0,0,0,1,1,5.8685390291261088,1.9586163225126851,0.08396429864294197,-0.08396429864294197,5.7929000854492188,2.0359807014465332,-0.00033318337695928852,-6.060276435987963e-05,-0.00019689307065958407,-0.01228246372270143,-0.012085570652041846,-0.00027258061259940889,-0.29452499747276306,-0.098174996674060822,0.046528436180505693,-0.015509478334492909,0.08203125,-0.07421875,-0.98906248807907104,0.075638943676890058,-0.077364378933848066,35,35,0,0,0,1,1,1,1,1,1,1,1,1,RUNNING,10.000176000000138,0.00017600000013828776
670,6.6925644650000002,MINUS_DIAGNOSTIC_PROFILE,J2_KP100,1,1,1280,1,64,0.050000000000000003,0,0,0,1,1,5.8693621002114904,1.9577932514273038,0.080649918433352161,-0.080649918433352161,5.7932839393615723,2.0355973243713379,-0.00039382380618203938,-0.00012116786385688799,-0.00025749583501946368,-0.012412490751975007,-0.012154994916955543,-0.00027265594232515141,-0.51541876792907715,-0.024543749168515205,0.081424766846965854,-0.0038773695836232273,0.0859375,-0.07421875,-1.0137890502810478,0.076078160849918142,-0.077804072944034131,35,35,0,0,0,1,1,1,1,1,1,1,1,1,RUNNING,10.000416000000456,0.00041600000045605157
671,6.7025642809999999,MINUS_DIAGNOSTIC_PROFILE,J2_KP100,1,1,1280,1,64,0.050000000000000003,0,0,0,1,1,5.8701520274947754,1.9570033241440181,0.077335538223762337,-0.077335538223762337,5.7942423820495605,2.0352137088775635,-0.00054523655492456035,-0.0001817706282167676,-0.00036350359157066397,-0.012537281793492602,-0.012173778201921939,-0.00036346592670779274,0.17180624604225159,-0.24543750286102295,-0.027141587379619331,-0.038773697601772718,0.08203125,-0.0859375,-1.0632421746850014,0.075909645445214835,-0.078210384733545357,35,35,0,0,0,1,1,1,1,1,1,1,1,1,RUNNING,9.9998159999996616,0.00018400000033835795
672,6.7125638590000003,MINUS_DIAGNOSTIC_PROFILE,J2_KP100,1,1,1280,1,64,0.050000000000000003,0,0,0,1,1,5.8709088109759655,1.9562465406628284,0.074021158014172514,-0.074021158014172514,5.7944340705871582,2.0350220203399658,-0.00057551910467306452,-0.0002120531779652718,-0.00039378614131916815,-0.012656836847254212,-0.012263050705935044,-0.00036346592670779274,0.024543749168515205,0,-0.0038773695836232273,0,0.0859375,-0.0703125,-0.98906248807907104,0.076474740388807305,-0.078775479677137383,35,35,0,0,0,1,1,1,1,1,1,1,1,1,RUNNING,9.9995780000003975,0.00042199999960246259
673,6.7225638610000003,MINUS_DIAGNOSTIC_PROFILE,J2_KP100,1,1,1280,1,64,0.050000000000000003,0,0,0,1,1,5.871632450655059,1.9555229009837347,0.070706777804582704,-0.070706777804582704,5.7944340705871582,2.0346386432647705,-0.00057551910467306452,-0.00027261827746228017,-0.00042406869106767237,-0.012771155913259842,-0.012347087222192171,-0.00030290082721078434,-0.024543749168515205,-0.26998123526573181,0.0038773695836232273,-0.042651064537085275,0.08203125,-0.0859375,-1.0632421746850014,0.077198380067900807,-0.079115742281035795,35,35,0,0,0,1,1,1,1,1,1,1,1,1,RUNNING,10.000001999999952,1.9999999523179213e-06
674,6.7325637279999997,MINUS_DIAGNOSTIC_PROFILE,J2_KP100,1,1,1280,1,64,0.050000000000000003,0,0,0,1,1,5.8723229465320568,1.9548324051067367,0.067392397594992881,-0.067392397594992881,5.7944340705871582,2.0348303318023682,-0.00057551910467306452,-0.00024233572771377597,-0.00040892741619342023,-0.012880238991509488,-0.012471311575316068,-0.00033318337695928857,-0.12271875143051147,0.31906875967979431,0.019386848800886359,0.050405807823926105,0.08203125,-0.0859375,-1.0632421746850014,0.077888875944898572,-0.079997926695631438,35,35,0,0,0,1,1,1,1,1,1,1,1,1,RUNNING,9.9998669999994405,0.00013300000055949113
675,6.742564078,MINUS_DIAGNOSTIC_PROFILE,J2_KP100,1,1,1280,1,64,0.050000000000000003,0,0,0,1,1,5.8729802986069588,1.9541750530318349,0.064078017385403072,-0.064078017385403072,5.7946257591247559,2.0344467163085938,-0.00060580165442156869,-0.00030293849207365558,-0.00045437007324761213,-0.01298408608200315,-0.012529716008755538,-0.00030286316234791311,0.024543749168515205,-0.36815625429153442,-0.0038773695836232273,-0.05816054640265908,0.0859375,-0.0859375,-1.0879687368869781,0.078354539482202945,-0.080271663276758831,35,35,0,0,0,1,1,1,1,1,1,1,1,1,RUNNING,10.000350000000324,0.0003500000003242576
676,6.7525638040000002,MINUS_DIAGNOSTIC_PROFILE,J2_KP100,1,1,1280,1,64,0.050000000000000003,0,0,0,1,1,5.8736045068797651,1.9535508447590288,0.060763637175813248,-0.060763637175813248,5.7948179244995117,2.0344467163085938,-0.00063615953389581533,-0.00030293849207365558,-0.00046954901298473545,-0.013082697184740829,-0.012613148171756093,-0.00033322104182215975,0.12271875143051147,-0.098174996674060822,-0.019386848800886359,-0.015509478334492909,0.0859375,-0.08203125,-1.0632421746850014,0.078786582380253378,-0.080895871549564902,35,35,0,0,0,1,1,1,1,1,1,1,1,1,RUNNING,9.9997260000002086,0.00027399999979138556
677,6.7625648710000004,MINUS_DIAGNOSTIC_PROFILE,J2_KP100,1,1,1280,1,64,0.050000000000000003,0,0,0,1,1,5.8741955713504757,1.9529597802883185,0.05744925696622346,-0.05744925696622346,5.7950096130371094,2.0344467163085938,-0.0006664420836443195,-0.00030293849207365558,-0.00048469028785898754,-0.013176072299722525,-0.012691382011863537,-0.00036350359157066392,0.24543750286102295,-0.024543749168515205,-0.038773697601772718,-0.0038773695836232273,0.0859375,-0.08984375,-1.1126952990889549,0.079185958313366278,-0.081486936020275236,35,35,0,0,0,1,1,1,1,1,1,1,1,1,RUNNING,10.001067000000141,0.0010670000001411495
678,6.7725638220000004,MINUS_DIAGNOSTIC_PROFILE,J2_KP100,1,1,1280,1,64,0.050000000000000003,0,0,0,1,1,5.8747534920190896,1.9524018596197044,0.054134876756633643,-0.054134876756633643,5.7950096130371094,2.0344467163085938,-0.0006664420836443195,-0.00030293849207365558,-0.00048469028785898754,-0.013264211426948239,-0.012779521139089251,-0.00036350359157066392,0.22089375555515289,0.14726249873638153,-0.03489632831240623,0.023264218090252847,0.08984375,-0.0703125,-1.0137890502810478,0.07974387898198021,-0.082044856688889389,35,35,0,0,0,1,1,1,1,1,1,1,1,1,RUNNING,9.9989510000000337,0.0010489999999663269
679,6.7825643910000002,MINUS_DIAGNOSTIC_PROFILE,J2_KP100,1,1,1280,1,64,0.050000000000000003,0,0,0,1,1,5.8752782688856078,1.9518770827531859,0.050820496547043827,-0.050820496547043827,5.795201301574707,2.0344467163085938,-0.00069672463339282378,-0.00030293849207365558,-0.00049983156273323962,-0.01334711456641797,-0.012847283003684731,-0.0003937861413191682,0.098174996674060822,-0.12271875143051147,-0.015509478334492909,-0.019386848800886359,0.0859375,-0.0859375,-1.0879687368869781,0.080076967310900748,-0.082569633555407806,35,35,0,0,0,1,1,1,1,1,1,1,1,1,RUNNING,10.000568999999793,0.00056899999979265203
680,6.7925637449999998,MINUS_DIAGNOSTIC_PROFILE,J2_KP100,1,1,1280,1,64,0.050000000000000003,0,0,0,1,1,5.8757699019500302,1.9513854496887635,0.047506116337454017,-0.047506116337454017,5.7950096130371094,2.0342550277709961,-0.0006664420836443195,-0.00033322104182215975,-0.00049983156273323962,-0.013424781718131718,-0.012924950155398478,-0.00033322104182215975,-0.34361249208450317,-0.39269998669624329,0.054283174759238662,-0.062037913337971637,0.0859375,-0.08203125,-1.0632421746850014,0.080760288912920863,-0.082869578082232609,35,35,0,0,0,1,1,1,1,1,1,1,1,1,RUNNING,9.9993539999996273,0.0006460000003727373
681,6.8025638119999998,MINUS_DIAGNOSTIC_PROFILE,J2_KP100,1,1,1280,1,64,0.050000000000000003,0,0,0,1,1,5.876228391212357,1.9509269604264368,0.044191736127864194,-0.044191736127864194,5.795201301574707,2.0344467163085938,-0.00069672463339282378,-0.00030293849207365558,-0.00049983156273323962,-0.013497212882089483,-0.012997381319356243,-0.0003937861413191682,0.098174996674060822,-0.098174996674060822,-0.015509478334492909,-0.015509478334492909,0.0859375,-0.07421875,-1.0137890502810478,0.081027089637649929,-0.083519755882156987,35,35,0,0,0,1,1,1,1,1,1,1,1,1,RUNNING,10.000067000000001,6.7000000001371518e-05
682,6.8125637460000004,MINUS_DIAGNOSTIC_PROFILE,J2_KP100,1,1,1280,1,64,0.050000000000000003,0,0,0,1,1,5.8766537366725879,1.9505016149662062,0.04087735591827437,-0.04087735591827437,5.7950096130371094,2.0344467163085938,-0.0006664420836443195,-0.00030293849207365558,-0.00048469028785898754,-0.013564408058291264,-0.013079717770432276,-0.00036350359157066392,-0.39269998669624329,0,0.062037913337971637,0,0.08203125,-0.0859375,-1.0632421746850014,0.081644123635478572,-0.083945101342387529,35,35,0,0,0,1,1,1,1,1,1,1,1,1,RUNNING,9.9999340000005432,6.5999999456778369e-05
683,6.8225638929999999,MINUS_DIAGNOSTIC_PROFILE,J2_KP100,1,1,1280,1,64,0.050000000000000003,0,0,0,1,1,5.8770459383307223,1.9501094133080714,0.037562975708684554,-0.037562975708684554,5.795201301574707,2.0342550277709961,-0.00069672463339282378,-0.00033322104182215975,-0.00051497283760749176,-0.013626367246737063,-0.013111394409129572,-0.00036350359157066403,-0.14726249873638153,-0.24543750286102295,0.023264218090252847,-0.038773697601772718,0.0859375,-0.0859375,-1.0879687368869781,0.081844636756015277,-0.084145614462924678,35,35,0,0,0,1,1,1,1,1,1,1,1,1,RUNNING,10.000146999999515,0.00014699999951517384
684,6.8325637270000001,MINUS_DIAGNOSTIC_PROFILE,J2_KP100,1,1,1280,1,64,0.050000000000000003,0,0,0,1,1,5.8774049961867618,1.9497503554520323,0.034248595499094737,-0.034248595499094737,5.7955846786499023,2.0342550277709961,-0.00075728973288983212,-0.00033322104182215975,-0.00054525538735599594,-0.013683090447426879,-0.013137835060070883,-0.00042406869106767237,0.31906875967979431,0,-0.050405807823926105,0,0.0859375,-0.08984375,-1.1126952990889549,0.081820317536859477,-0.084504672318963747,35,35,0,0,0,1,1,1,1,1,1,1,1,1,RUNNING,9.9998340000002628,0.00016599999973720969
685,6.8425696540000001,MINUS_DIAGNOSTIC_PROFILE,J2_KP100,1,1,1280,1,64,0.050000000000000003,0,0,0,1,1,5.8777309102407047,1.9494244413980895,0.030934215289504918,-0.030934215289504918,5.7955846786499023,2.0338716506958008,-0.00075728973288983212,-0.00039378614131916815,-0.00057553793710450011,-0.013734577660360712,-0.013159039723256211,-0.00036350359157066397,-0.049087498337030411,-0.34361249208450317,0.0077547391672464546,-0.054283174759238662,0.0859375,-0.0859375,-1.0879687368869781,0.082146231590802365,-0.084447209297711323,35,35,0,0,0,1,1,1,1,1,1,1,1,1,RUNNING,10.005926999999915,0.0059269999999145284
686,6.8525642659999999,MINUS_DIAGNOSTIC_PROFILE,J2_KP100,1,1,1280,1,64,0.050000000000000003,0,0,0,1,1,5.8780236804925519,1.9491316711462423,0.027619835079915101,-0.027619835079915101,5.7955846786499023,2.0338716506958008,-0.00075728973288983212,-0.00039378614131916815,-0.00057553793710450011,-0.013780828885538561,-0.01320529094843406,-0.00036350359157066397,-0.22089375555515289,-0.024543749168515205,0.03489632831240623,-0.0038773695836232273,0.08203125,-0.0859375,-1.0632421746850014,0.082439001842649517,-0.084739979549558475,35,35,0,0,0,1,1,1,1,1,1,1,1,1,RUNNING,9.9946119999998473,0.0053880000001527151
687,6.8625638540000002,MINUS_DIAGNOSTIC_PROFILE,J2_KP100,1,1,1280,1,64,0.050000000000000003,0,0,0,1,1,5.8782833069423024,1.9488720446964911,0.024305454870325285,-0.024305454870325285,5.7957763671875,2.0338716506958008,-0.00078757228263833629,-0.00039378614131916815,-0.00059067921197875225,-0.013821844122960428,-0.013231164910981676,-0.00039378614131916815,-0.14726249873638153,0,0.023264218090252847,0,0.0859375,-0.0859375,-1.0879687368869781,0.082506939754802389,-0.084999605999309669,35,35,0,0,0,1,1,1,1,1,1,1,1,1,RUNNING,9.9995880000003368,0.0004119999996632373
688,6.872563832,MINUS_DIAGNOSTIC_PROFILE,J2_KP100,1,1,1280,1,64,0.050000000000000003,0,0,0,1,1,5.8785097895899581,1.9486455620488359,0.020991074660735465,-0.020991074660735465,5.7959680557250977,2.0334880352020264,-0.00081785483238684046,-0.00045438890567904778,-0.00063612186903294415,-0.013857623372626311,-0.013221501503593367,-0.00036346592670779269,-0.049087498337030411,-0.17180624604225159,0.0077547391672464546,-0.027141587379619331,0.0859375,-0.0859375,-1.0879687368869781,0.082541733864860412,-0.08484247315319049,35,35,0,0,0,1,1,1,1,1,1,1,1,1,RUNNING,9.9999779999997429,2.2000000257094143e-05
689,6.8825638309999997,MINUS_DIAGNOSTIC_PROFILE,J2_KP100,1,1,1280,1,64,0.050000000000000003,0,0,0,1,1,5.8787031284355171,1.9484522232032764,0.017676694451145648,-0.017676694451145648,5.7961597442626953,2.0332963466644287,-0.00084813738213534464,-0.00048467145542755195,-0.00066640441878144832,-0.013888166634536212,-0.013221762215754764,-0.00036346592670779269,0,-0.24543750286102295,-0,-0.038773697601772718,0.0859375,-0.08203125,-1.0632421746850014,0.08254338417282181,-0.084844123461152332,35,35,0,0,0,1,1,1,1,1,1,1,1,1,RUNNING,9.9999989999997041,1.0000002959031917e-06
690,6.8925642610000004,MINUS_DIAGNOSTIC_PROFILE,J2_KP100,1,1,1280,1,64,0.050000000000000003,0,0,0,1,1,5.8788633234789813,1.9482920281598128,0.01436231424155583,-0.01436231424155583,5.7961597442626953,2.0331046581268311,-0.00084813738213534464,-0.00051495400517605607,-0.00068154569365570035,-0.013913473908690129,-0.013231928215034428,-0.00033318337695928857,-0.36815625429153442,-0.39269998669624329,0.05816054640265908,-0.062037913337971637,0.08203125,-0.0859375,-1.0632421746850014,0.082703579216286016,-0.084812629967018216,35,35,0,0,0,1,1,1,1,1,1,1,1,1,RUNNING,10.000430000000726,0.00043000000072623834
691,6.9025642639999996,MINUS_DIAGNOSTIC_PROFILE,J2_KP100,1,1,1280,1,64,0.050000000000000003,0,0,0,1,1,5.8789903747203489,1.9481649769184453,0.011047934031966012,-0.011047934031966012,5.7965435981750488,2.0332963466644287,-0.00090877781135809555,-0.00048467145542755195,-0.00069672463339282378,-0.013933545195088064,-0.013236820561695241,-0.00042410635593054361,0.14726249873638153,0.24543750286102295,-0.023264218090252847,0.038773697601772718,0.0859375,-0.07421875,-1.0137890502810478,0.082446776545300082,-0.085131369745983454,35,35,0,0,0,1,1,1,1,1,1,1,1,1,RUNNING,10.000002999999147,2.9999991468798726e-06
692,6.9125637969999998,MINUS_DIAGNOSTIC_PROFILE,J2_KP100,1,1,1280,1,64,0.050000000000000003,0,0,0,1,1,5.8790842821596208,1.9480710694791736,0.007733553822376193,-0.007733553822376193,5.7967352867126465,2.0329127311706543,-0.00093906036110659973,-0.00054527421978743152,-0.00074216729044701557,-0.013948380493730017,-0.013206213203283001,-0.0003937861413191682,0,-0.22089375555515289,-0,-0.03489632831240623,0.08203125,-0.08203125,-1.0385156124830246,0.082348995446974271,-0.084841661691480663,35,35,0,0,0,1,1,1,1,1,1,1,1,1,RUNNING,9.9995330000002269,0.00046699999977306561
693,6.9225639110000001,MINUS_DIAGNOSTIC_PROFILE,J2_KP100,1,1,1280,1,64,0.050000000000000003,0,0,0,1,1,5.879145045796796,1.9480103058419977,0.0044191736127863748,-0.0044191736127863748,5.7967352867126465,2.032529354095459,-0.00093906036110659973,-0.00060583931928443987,-0.00077244984019551985,-0.013957979804615986,-0.013185529964420465,-0.00033322104182215986,-0.19634999334812164,-0.61359375715255737,0.031018956668985818,-0.096934244004431805,0.0859375,-0.07421875,-1.0137890502810478,0.082409759084149492,-0.084519048253461238,35,35,0,0,0,1,1,1,1,1,1,1,1,1,RUNNING,10.000114000000337,0.00011400000033745528
694,6.9325637220000003,MINUS_DIAGNOSTIC_PROFILE,J2_KP100,1,1,1280,1,64,0.050000000000000003,0,0,0,1,1,5.8791726656318763,1.9479826860069178,0.0011047934031965571,-0.0011047934031965571,5.7969269752502441,2.0327210426330566,-0.0009693429108551039,-0.0005755567695359357,-0.00077244984019551985,-0.01396234312774597,-0.01318989328755045,-0.0003937861413191682,-0.29452499747276306,0,0.046528436180505693,0,0.0859375,-0.0859375,-1.0879687368869781,0.082245690381632208,-0.084738356626138822,35,35,0,0,0,1,1,1,1,1,1,1,1,1,RUNNING,9.9998110000001361,0.00018899999986388138
695,6.9425638689999998,MINUS_DIAGNOSTIC_PROFILE,J2_KP100,1,1,1280,1,64,0.050000000000000003,0,0,0,1,1,5.8791745069542145,1.9479808446845792,0,-0,5.7971186637878418,2.032529354095459,-0.00099962546060360807,-0.00060583931928443987,-0.00080273238994402391,-0.013962634015954637,-0.013159901626010613,-0.0003937861413191682,0.073631249368190765,-0.17180624604225159,-0.011632109045126423,-0.027141587379619331,0.08203125,-0.08984375,-1.0879687368869781,0.082055843166372711,-0.084548509410879769,35,35,0,0,0,1,1,1,1,1,1,1,1,1,RUNNING,10.000146999999515,0.00014699999951517384
696,6.9525637009999999,MINUS_DIAGNOSTIC_ENDPOINT,J2_KP100,1,1,1280,1,64,0.050000000000000003,0,0,0,1,1,5.8791745069542145,1.9479808446845792,-0,0,5.7971186637878418,2.0323376655578613,-0.00099962546060360807,-0.00063612186903294415,-0.00081787366481827616,-0.013962634015954637,-0.013144760351136361,-0.00036350359157066392,0.26998123526573181,-0.073631249368190765,-0.042651064537085275,-0.011632109045126423,0.0859375,-0.08203125,-1.0632421746850014,0.082055843166372711,-0.084356820873282112,35,35,0,0,0,1,1,1,1,1,1,1,1,1,RUNNING,9.9998320000000973,0.00016799999990269043
697,6.9625637559999998,MINUS_DIAGNOSTIC_ENDPOINT,J2_KP100,1,1,1280,1,64,0.050000000000000003,0,0,0,1,1,5.8791745069542145,1.9479808446845792,-0,0,5.7973103523254395,2.0321457386016846,-0.0010299080103521121,-0.0006664420836443195,-0.00084817504699821581,-0.013962634015954637,-0.013114458968956421,-0.00036346592670779263,-0.29452499747276306,-0.26998123526573181,0.046528436180505693,-0.042651064537085275,0.0859375,-0.0859375,-1.0879687368869781,0.081864154628775054,-0.084164893917105355,35,35,0,0,0,1,1,1,1,1,1,1,1,1,RUNNING,10.000054999999897,5.4999999896665486e-05
698,6.9725639709999996,MINUS_DIAGNOSTIC_ENDPOINT,J2_KP100,1,1,1280,1,64,0.050000000000000003,0,0,0,1,1,5.8791745069542145,1.9479808446845792,-0,0,5.7973103523254395,2.0319540500640869,-0.0010299080103521121,-0.00069672463339282378,-0.00086331632187246795,-0.013962634015954637,-0.013099317694082169,-0.00033318337695928835,-0.34361249208450317,-0.29452499747276306,0.054283174759238662,-0.046528436180505693,0.08203125,-0.0859375,-1.0632421746850014,0.081864154628775054,-0.083973205379507698,35,35,0,0,0,1,1,1,1,1,1,1,1,1,RUNNING,10.000214999999812,0.00021499999981244855
699,6.9825638259999998,MINUS_DIAGNOSTIC_ENDPOINT,J2_KP100,1,1,1280,1,64,0.050000000000000003,0,0,0,1,1,5.8791745069542145,1.9479808446845792,-0,0,5.7973103523254395,2.0319540500640869,-0.0010299080103521121,-0.00069672463339282378,-0.00086331632187246795,-0.013962634015954637,-0.013099317694082169,-0.00033318337695928835,-0.44178751111030579,-0.26998123526573181,0.06979265662481246,-0.042651064537085275,0.08203125,-0.0859375,-1.0632421746850014,0.081864154628775054,-0.083973205379507698,35,35,0,0,0,1,1,1,1,1,1,1,1,1,RUNNING,9.999855000000224,0.00014499999977601874
700,6.9925638059999997,MINUS_DIAGNOSTIC_ENDPOINT,J2_KP100,1,1,1280,1,64,0.050000000000000003,0,0,0,1,1,5.8791745069542145,1.9479808446845792,-0,0,5.7976937294006348,2.0319540500640869,-0.0010904731098491207,-0.00069672463339282378,-0.00089359887162097223,-0.013962634015954637,-0.013069035144333664,-0.00039374847645629691,0.19634999334812164,-0.17180624604225159,-0.031018956668985818,-0.027141587379619331,0.08984375,-0.08984375,-1.1374218612909317,0.081480777553579742,-0.083973205379507698,35,35,0,0,0,1,1,1,1,1,1,1,1,1,RUNNING,9.9999799999999084,2.0000000091613401e-05
701,7.0025640039999999,MINUS_DIAGNOSTIC_ENDPOINT,J2_KP100,1,1,1280,1,64,0.050000000000000003,0,0,0,1,1,5.8791745069542145,1.9479808446845792,-0,0,5.7975020408630371,2.0319540500640869,-0.0010601905601006164,-0.00069672463339282378,-0.00087845759674672009,-0.013962634015954637,-0.013084176419207916,-0.00036346592670779263,-0.19634999334812164,-0.12271875143051147,0.031018956668985818,-0.019386848800886359,0.0859375,-0.0859375,-1.0879687368869781,0.081672466091177398,-0.083973205379507698,35,35,0,0,0,1,1,1,1,1,1,1,1,1,RUNNING,10.000198000000182,0.00019800000018221908
702,7.0125637909999998,MINUS_DIAGNOSTIC_ENDPOINT,J2_KP100,1,1,1280,1,64,0.050000000000000003,0,0,0,1,1,5.8791745069542145,1.9479808446845792,-0,0,5.7976937294006348,2.0319540500640869,-0.0010904731098491207,-0.00069672463339282378,-0.00089359887162097223,-0.013962634015954637,-0.013069035144333664,-0.00039374847645629691,0.12271875143051147,-0.024543749168515205,-0.019386848800886359,-0.0038773695836232273,0.0859375,-0.08984375,-1.1126952990889549,0.081480777553579742,-0.083973205379507698,35,35,0,0,0,1,1,1,1,1,1,1,1,1,RUNNING,9.9997869999999267,0.00021300000007329345
703,7.0225638650000004,MINUS_DIAGNOSTIC_ENDPOINT,J2_KP100,1,1,1280,1,64,0.050000000000000003,0,0,0,1,1,5.8791745069542145,1.9479808446845792,-0,0,5.7975020408630371,2.0317623615264893,-0.0010601905601006164,-0.00072700718314132795,-0.00089359887162097223,-0.013962634015954637,-0.013069035144333664,-0.00033318337695928846,-0.26998123526573181,-0.36815625429153442,0.042651064537085275,-0.05816054640265908,0.0859375,-0.0859375,-1.0879687368869781,0.081672466091177398,-0.083781516841910042,35,35,0,0,0,1,1,1,1,1,1,1,1,1,RUNNING,10.000074000000581,7.4000000580554115e-05
704,7.032563605,MINUS_DIAGNOSTIC_ENDPOINT,J2_KP100,1,1,1280,1,64,0.050000000000000003,0,0,0,1,1,5.8791745069542145,1.9479808446845792,-0,0,5.7976937294006348,2.0319540500640869,-0.0010904731098491207,-0.00069672463339282378,-0.00089359887162097223,-0.013962634015954637,-0.013069035144333664,-0.00039374847645629691,0.098174996674060822,0,-0.015509478334492909,0,0.08203125,-0.0859375,-1.0632421746850014,0.081480777553579742,-0.083973205379507698,35,35,0,0,0,1,1,1,1,1,1,1,1,1,RUNNING,9.9997399999995906,0.00026000000040937721
705,7.0425717590000003,MINUS_DIAGNOSTIC_ENDPOINT,J2_KP100,1,1,1280,1,64,0.050000000000000003,0,0,0,1,1,5.8791745069542145,1.9479808446845792,-0,0,5.7975020408630371,2.0317623615264893,-0.0010601905601006164,-0.00072700718314132795,-0.00089359887162097223,-0.013962634015954637,-0.013069035144333664,-0.00033318337695928846,-0.14726249873638153,-0.29452499747276306,0.023264218090252847,-0.046528436180505693,0.0859375,-0.08203125,-1.0632421746850014,0.081672466091177398,-0.083781516841910042,35,35,0,0,0,1,1,1,1,1,1,1,1,1,RUNNING,10.008154000000324,0.0081540000003244018
706,7.052564641,MINUS_DIAGNOSTIC_ENDPOINT,J2_KP100,1,1,1280,1,64,0.050000000000000003,0,0,0,1,1,5.8791745069542145,1.9479808446845792,-0,0,5.7976937294006348,2.0319540500640869,-0.0010904731098491207,-0.00069672463339282378,-0.00089359887162097223,-0.013962634015954637,-0.013069035144333664,-0.00039374847645629691,0.049087498337030411,0.098174996674060822,-0.0077547391672464546,0.015509478334492909,0.08203125,-0.08203125,-1.0385156124830246,0.081480777553579742,-0.083973205379507698,35,35,0,0,0,1,1,1,1,1,1,1,1,1,RUNNING,9.9928819999997032,0.0071180000002968313
707,7.0625638210000004,MINUS_DIAGNOSTIC_ENDPOINT,J2_KP100,1,1,1280,1,64,0.050000000000000003,0,0,0,1,1,5.8791745069542145,1.9479808446845792,-0,0,5.7976937294006348,2.0319540500640869,-0.0010904731098491207,-0.00069672463339282378,-0.00089359887162097223,-0.013962634015954637,-0.013069035144333664,-0.00039374847645629691,0,0,-0,0,0.0859375,-0.0859375,-1.0879687368869781,0.081480777553579742,-0.083973205379507698,35,35,0,0,0,1,1,1,1,1,1,1,1,1,RUNNING,9.9991800000003295,0.00081999999967052872
708,7.0725641479999997,MINUS_DIAGNOSTIC_ENDPOINT,J2_KP100,1,1,1280,1,64,0.050000000000000003,0,0,0,1,1,5.8791745069542145,1.9479808446845792,-0,0,5.7976937294006348,2.0317623615264893,-0.0010904731098491207,-0.00072700718314132795,-0.00090874014649522427,-0.013962634015954637,-0.013053893869459413,-0.00036346592670779274,-0.14726249873638153,-0.24543750286102295,0.023264218090252847,-0.038773697601772718,0.0859375,-0.0859375,-1.0879687368869781,0.081480777553579742,-0.083781516841910042,35,35,0,0,0,1,1,1,1,1,1,1,1,1,RUNNING,10.000326999999309,0.00032699999930940749
709,7.0825637859999997,MINUS_DIAGNOSTIC_ENDPOINT,J2_KP100,1,1,1280,1,64,0.050000000000000003,0,0,0,1,1,5.8791745069542145,1.9479808446845792,-0,0,5.7976937294006348,2.0317623615264893,-0.0010904731098491207,-0.00072700718314132795,-0.00090874014649522427,-0.013962634015954637,-0.013053893869459413,-0.00036346592670779274,-0.12271875143051147,-0.24543750286102295,0.019386848800886359,-0.038773697601772718,0.0859375,-0.08984375,-1.1126952990889549,0.081480777553579742,-0.083781516841910042,35,35,0,0,0,1,1,1,1,1,1,1,1,1,RUNNING,9.9996380000000329,0.00036199999996711085
710,7.0925638549999999,MINUS_DIAGNOSTIC_ENDPOINT,J2_KP100,1,1,1280,1,64,0.050000000000000003,0,0,0,1,1,5.8791745069542145,1.9479808446845792,-0,0,5.7976937294006348,2.0317623615264893,-0.0010904731098491207,-0.00072700718314132795,-0.00090874014649522427,-0.013962634015954637,-0.013053893869459413,-0.00036346592670779274,-0.049087498337030411,0.098174996674060822,0.0077547391672464546,0.015509478334492909,0.08984375,-0.0859375,-1.1126952990889549,0.081480777553579742,-0.083781516841910042,35,35,0,0,0,1,1,1,1,1,1,1,1,1,RUNNING,10.000069000000167,6.900000016685226e-05
711,7.1025651190000003,MINUS_DIAGNOSTIC_ENDPOINT,J2_KP100,1,1,1280,1,64,0.050000000000000003,0,0,0,1,1,5.8791745069542145,1.9479808446845792,-0,0,5.7976937294006348,2.0317623615264893,-0.0010904731098491207,-0.00072700718314132795,-0.00090874014649522427,-0.013962634015954637,-0.013053893869459413,-0.00036346592670779274,-0.17180624604225159,-0.098174996674060822,0.027141587379619331,-0.015509478334492909,0.0859375,-0.08984375,-1.1126952990889549,0.081480777553579742,-0.083781516841910042,35,35,0,0,0,1,1,1,1,1,1,1,1,1,RUNNING,10.001264000000454,0.001264000000453791
712,7.1125649820000003,MINUS_DIAGNOSTIC_ENDPOINT,J2_KP100,1,1,1280,1,64,0.050000000000000003,0,0,0,1,1,5.8791745069542145,1.9479808446845792,-0,0,5.7978858947753906,2.0315706729888916,-0.0011208309893233673,-0.00075728973288983212,-0.00093906036110659973,-0.013962634015954637,-0.013023573654848037,-0.00036354125643353521,0.12271875143051147,-0.26998123526573181,-0.019386848800886359,-0.042651064537085275,0.0859375,-0.0859375,-1.0879687368869781,0.081288612178823882,-0.083589828304312386,35,35,0,0,0,1,1,1,1,1,1,1,1,1,RUNNING,9.9998629999999977,0.00013700000000227419
713,7.1225641550000001,MINUS_DIAGNOSTIC_ENDPOINT,J2_KP100,1,1,1280,1,64,0.050000000000000003,0,0,0,1,1,5.8791745069542145,1.9479808446845792,-0,0,5.7978858947753906,2.0317623615264893,-0.0011208309893233673,-0.00072700718314132795,-0.00092391908623234769,-0.013962634015954637,-0.013038714929722289,-0.00039382380618203938,0.12271875143051147,0,-0.019386848800886359,0,0.0859375,-0.08203125,-1.0632421746850014,0.081288612178823882,-0.083781516841910042,35,35,0,0,0,1,1,1,1,1,1,1,1,1,RUNNING,9.9991729999997503,0.00082700000024971132
714,7.1325638060000003,MINUS_DIAGNOSTIC_ENDPOINT,J2_KP100,1,1,1280,1,64,0.050000000000000003,0,0,0,1,1,5.8791745069542145,1.9479808446845792,-0,0,5.7976937294006348,2.0315706729888916,-0.0010904731098491207,-0.00075728973288983212,-0.00092388142136947641,-0.013962634015954637,-0.01303875259458516,-0.00033318337695928857,-0.26998123526573181,-0.31906875967979431,0.042651064537085275,-0.050405807823926105,0.0859375,-0.0859375,-1.0879687368869781,0.081480777553579742,-0.083589828304312386,35,35,0,0,0,1,1,1,1,1,1,1,1,1,RUNNING,9.9996510000002203,0.00034899999977966445
715,7.1425646939999998,MINUS_DIAGNOSTIC_ENDPOINT,J2_KP100,1,1,1280,1,64,0.050000000000000003,0,0,0,1,1,5.8791745069542145,1.9479808446845792,-0,0,5.7978858947753906,2.0315706729888916,-0.0011208309893233673,-0.00075728973288983212,-0.00093906036110659973,-0.013962634015954637,-0.013023573654848037,-0.00036354125643353521,0,-0.19634999334812164,-0,-0.031018956668985818,0.0859375,-0.08203125,-1.0632421746850014,0.081288612178823882,-0.083589828304312386,35,35,0,0,0,1,1,1,1,1,1,1,1,1,RUNNING,10.000887999999541,0.00088799999954147779
716,7.1525639849999996,MINUS_DIAGNOSTIC_ENDPOINT,J2_KP100,1,1,1280,1,64,0.050000000000000003,0,0,0,1,1,5.8791745069542145,1.9479808446845792,-0,0,5.7978858947753906,2.0315706729888916,-0.0011208309893233673,-0.00075728973288983212,-0.00093906036110659973,-0.013962634015954637,-0.013023573654848037,-0.00036354125643353521,0,-0.36815625429153442,-0,-0.05816054640265908,0.0859375,-0.08984375,-1.1126952990889549,0.081288612178823882,-0.083589828304312386,35,35,0,0,0,1,1,1,1,1,1,1,1,1,RUNNING,9.9992909999997437,0.00070900000025631016
717,7.1625647399999997,MINUS_DIAGNOSTIC_ENDPOINT,J2_KP100,1,1,1280,1,64,0.050000000000000003,0,0,0,1,1,5.8791745069542145,1.9479808446845792,-0,0,5.7976937294006348,2.0315706729888916,-0.0010904731098491207,-0.00075728973288983212,-0.00092388142136947641,-0.013962634015954637,-0.01303875259458516,-0.00033318337695928857,-0.36815625429153442,-0.31906875967979431,0.05816054640265908,-0.050405807823926105,0.0859375,-0.0859375,-1.0879687368869781,0.081480777553579742,-0.083589828304312386,35,35,0,0,0,1,1,1,1,1,1,1,1,1,RUNNING,10.000755000000083,0.0007550000000833279
718,7.1725639409999999,MINUS_DIAGNOSTIC_ENDPOINT,J2_KP100,1,1,1280,1,64,0.050000000000000003,0,0,0,1,1,5.8791745069542145,1.9479808446845792,-0,0,5.7978858947753906,2.0317623615264893,-0.0011208309893233673,-0.00072700718314132795,-0.00092391908623234769,-0.013962634015954637,-0.013038714929722289,-0.00039382380618203938,0.073631249368190765,0.049087498337030411,-0.011632109045126423,0.0077547391672464546,0.0859375,-0.08203125,-1.0632421746850014,0.081288612178823882,-0.083781516841910042,35,35,0,0,0,1,1,1,1,1,1,1,1,1,RUNNING,9.9992010000002907,0.00079899999970933777
719,7.1825644820000001,MINUS_DIAGNOSTIC_ENDPOINT,J2_KP100,1,1,1280,1,64,0.050000000000000003,0,0,0,1,1,5.8791745069542145,1.9479808446845792,-0,0,5.7976937294006348,2.0317623615264893,-0.0010904731098491207,-0.00072700718314132795,-0.00090874014649522427,-0.013962634015954637,-0.013053893869459413,-0.00036346592670779274,-0.51541876792907715,0.12271875143051147,0.081424766846965854,0.019386848800886359,0.0859375,-0.0859375,-1.0879687368869781,0.081480777553579742,-0.083781516841910042,35,35,0,0,0,1,1,1,1,1,1,1,1,1,RUNNING,10.00054100000014,0.0005410000001404569
720,7.1925668009999999,MINUS_DIAGNOSTIC_ENDPOINT,J2_KP100,1,1,1280,1,64,0.050000000000000003,0,0,0,1,1,5.8791745069542145,1.9479808446845792,-0,0,5.7976937294006348,2.0315706729888916,-0.0010904731098491207,-0.00075728973288983212,-0.00092388142136947641,-0.013962634015954637,-0.01303875259458516,-0.00033318337695928857,-0.39269998669624329,-0.26998123526573181,0.062037913337971637,-0.042651064537085275,0.08203125,-0.0859375,-1.0632421746850014,0.081480777553579742,-0.083589828304312386,35,35,0,0,0,1,1,1,1,1,1,1,1,1,RUNNING,10.002318999999815,0.0023189999998152189
721,7.2025658989999997,MINUS_DIAGNOSTIC_ENDPOINT,J2_KP100,1,1,1280,1,64,0.050000000000000003,0,0,0,1,1,5.8791745069542145,1.9479808446845792,-0,0,5.7976937294006348,2.0315706729888916,-0.0010904731098491207,-0.00075728973288983212,-0.00092388142136947641,-0.013962634015954637,-0.01303875259458516,-0.00033318337695928857,-0.31906875967979431,-0.31906875967979431,0.050405807823926105,-0.050405807823926105,0.08203125,-0.08984375,-1.0879687368869781,0.081480777553579742,-0.083589828304312386,35,35,0,0,0,1,1,1,1,1,1,1,1,1,RUNNING,9.999097999999762,0.00090200000023799021
722,7.21257473,MINUS_DIAGNOSTIC_ENDPOINT,J2_KP100,1,1,1280,1,64,0.050000000000000003,0,0,0,1,1,5.8791745069542145,1.9479808446845792,-0,0,5.7978858947753906,2.0315706729888916,-0.0011208309893233673,-0.00075728973288983212,-0.00093906036110659973,-0.013962634015954637,-0.013023573654848037,-0.00036354125643353521,0,-0.29452499747276306,-0,-0.046528436180505693,0.0859375,-0.08984375,-1.1126952990889549,0.081288612178823882,-0.083589828304312386,35,35,0,0,0,1,1,1,1,1,1,1,1,1,RUNNING,10.008831000000384,0.0088310000003843925
723,7.2225642399999996,MINUS_DIAGNOSTIC_ENDPOINT,J2_KP100,1,1,1280,1,64,0.050000000000000003,0,0,0,1,1,5.8791745069542145,1.9479808446845792,-0,0,5.7978858947753906,2.0317623615264893,-0.0011208309893233673,-0.00072700718314132795,-0.00092391908623234769,-0.013962634015954637,-0.013038714929722289,-0.00039382380618203938,-0.024543749168515205,0.12271875143051147,0.0038773695836232273,0.019386848800886359,0.0859375,-0.0859375,-1.0879687368869781,0.081288612178823882,-0.083781516841910042,35,35,0,0,0,1,1,1,1,1,1,1,1,1,RUNNING,9.9895099999995907,0.010490000000409339
724,7.23256868,MINUS_DIAGNOSTIC_ENDPOINT,J2_KP100,1,1,1280,1,64,0.050000000000000003,0,0,0,1,1,5.8791745069542145,1.9479808446845792,-0,0,5.7978858947753906,2.0315706729888916,-0.0011208309893233673,-0.00075728973288983212,-0.00093906036110659973,-0.013962634015954637,-0.013023573654848037,-0.00036354125643353521,-0.024543749168515205,-0.26998123526573181,0.0038773695836232273,-0.042651064537085275,0.0859375,-0.0859375,-1.0879687368869781,0.081288612178823882,-0.083589828304312386,35,35,0,0,0,1,1,1,1,1,1,1,1,1,RUNNING,10.004440000000336,0.0044400000003363971
725,7.242565699,MINUS_DIAGNOSTIC_ENDPOINT,J2_KP100,1,1,1280,1,64,0.050000000000000003,0,0,0,1,1,5.8791745069542145,1.9479808446845792,-0,0,5.7980775833129883,2.0315706729888916,-0.0011511135390718714,-0.00075728973288983212,-0.00095420163598085176,-0.013962634015954637,-0.013008432379973785,-0.00039382380618203927,0.34361249208450317,-0.12271875143051147,-0.054283174759238662,-0.019386848800886359,0.07421875,-0.08203125,-0.98906248807907104,0.081096923641226226,-0.083589828304312386,35,35,0,0,0,1,1,1,1,1,1,1,1,1,RUNNING,9.9970190000000514,0.0029809999999486081
726,7.2525648809999996,MINUS_DIAGNOSTIC_ENDPOINT,J2_KP100,1,1,1280,1,64,0.050000000000000003,0,0,0,1,1,5.8791745069542145,1.9479808446845792,-0,0,5.7978858947753906,2.0315706729888916,-0.0011208309893233673,-0.00075728973288983212,-0.00093906036110659973,-0.013962634015954637,-0.013023573654848037,-0.00036354125643353521,0.073631249368190765,-0.24543750286102295,-0.011632109045126423,-0.038773697601772718,0.08984375,-0.0859375,-1.1126952990889549,0.081288612178823882,-0.083589828304312386,35,35,0,0,0,1,1,1,1,1,1,1,1,1,RUNNING,9.9991819999996068,0.0008180000003932264
727,7.2625640640000002,MINUS_DIAGNOSTIC_ENDPOINT,J2_KP100,1,1,1280,1,64,0.050000000000000003,0,0,0,1,1,5.8791745069542145,1.9479808446845792,-0,0,5.7978858947753906,2.0315706729888916,-0.0011208309893233673,-0.00075728973288983212,-0.00093906036110659973,-0.013962634015954637,-0.013023573654848037,-0.00036354125643353521,-0.073631249368190765,-0.24543750286102295,0.011632109045126423,-0.038773697601772718,0.0859375,-0.08984375,-1.1126952990889549,0.081288612178823882,-0.083589828304312386,35,35,0,0,0,1,1,1,1,1,1,1,1,1,RUNNING,9.9991830000005777,0.00081699999942230761
728,7.2725644310000002,MINUS_DIAGNOSTIC_ENDPOINT,J2_KP100,1,1,1280,1,64,0.050000000000000003,0,0,0,1,1,5.8791745069542145,1.9479808446845792,-0,0,5.7976937294006348,2.0315706729888916,-0.0010904731098491207,-0.00075728973288983212,-0.00092388142136947641,-0.013962634015954637,-0.01303875259458516,-0.00033318337695928857,-0.58904999494552612,-0.12271875143051147,0.093056872361011386,-0.019386848800886359,0.0859375,-0.08984375,-1.1126952990889549,0.081480777553579742,-0.083589828304312386,35,35,0,0,0,1,1,1,1,1,1,1,1,1,RUNNING,10.000366999999954,0.00036699999995448707
729,7.2825695650000002,MINUS_DIAGNOSTIC_ENDPOINT,J2_KP100,1,1,1280,1,64,0.050000000000000003,0,0,0,1,1,5.8791745069542145,1.9479808446845792,-0,0,5.7978858947753906,2.0315706729888916,-0.0011208309893233673,-0.00075728973288983212,-0.00093906036110659973,-0.013962634015954637,-0.013023573654848037,-0.00036354125643353521,0.073631249368190765,0,-0.011632109045126423,0,0.08984375,-0.0859375,-1.1126952990889549,0.081288612178823882,-0.083589828304312386,35,35,0,0,0,1,1,1,1,1,1,1,1,1,RUNNING,10.005134000000027,0.0051340000000266173
730,7.2925650329999998,MINUS_DIAGNOSTIC_ENDPOINT,J2_KP100,1,1,1280,1,64,0.050000000000000003,0,0,0,1,1,5.8791745069542145,1.9479808446845792,-0,0,5.7980775833129883,2.0315706729888916,-0.0011511135390718714,-0.00075728973288983212,-0.00095420163598085176,-0.013962634015954637,-0.013008432379973785,-0.00039382380618203927,0.024543749168515205,-0.098174996674060822,-0.0038773695836232273,-0.015509478334492909,0.0859375,-0.08203125,-1.0632421746850014,0.081096923641226226,-0.083589828304312386,35,35,0,0,0,1,1,1,1,1,1,1,1,1,RUNNING,9.9954679999996188,0.0045320000003812311
731,7.3025641889999999,MINUS_DIAGNOSTIC_ENDPOINT,J2_KP100,1,1,1280,1,64,0.050000000000000003,0,0,0,1,1,5.8791745069542145,1.9479808446845792,-0,0,5.7980775833129883,2.0315706729888916,-0.0011511135390718714,-0.00075728973288983212,-0.00095420163598085176,-0.013962634015954637,-0.013008432379973785,-0.00039382380618203927,0,-0.024543749168515205,-0,-0.0038773695836232273,0.0859375,-0.08203125,-1.0632421746850014,0.081096923641226226,-0.083589828304312386,35,35,0,0,0,1,1,1,1,1,1,1,1,1,RUNNING,9.9991560000001201,0.00084399999987994079
732,7.3125677070000004,MINUS_DIAGNOSTIC_ENDPOINT,J2_KP100,1,1,1280,1,64,0.050000000000000003,0,0,0,1,1,5.8791745069542145,1.9479808446845792,-0,0,5.7980775833129883,2.0317623615264893,-0.0011511135390718714,-0.00072700718314132795,-0.00093906036110659973,-0.013962634015954637,-0.013023573654848037,-0.00042410635593054344,-0.049087498337030411,-0.19634999334812164,0.0077547391672464546,-0.031018956668985818,0.08203125,-0.08984375,-1.0879687368869781,0.081096923641226226,-0.083781516841910042,35,35,0,0,0,1,1,1,1,1,1,1,1,1,RUNNING,10.003518000000433,0.0035180000004331191
733,7.3225640810000003,MINUS_DIAGNOSTIC_ENDPOINT,J2_KP100,1,1,1280,1,64,0.050000000000000003,0,0,0,1,1,5.8791745069542145,1.9479808446845792,-0,0,5.7980775833129883,2.0315706729888916,-0.0011511135390718714,-0.00075728973288983212,-0.00095420163598085176,-0.013962634015954637,-0.013008432379973785,-0.00039382380618203927,0.024543749168515205,0.12271875143051147,-0.0038773695836232273,0.019386848800886359,0.08203125,-0.08984375,-1.0879687368869781,0.081096923641226226,-0.083589828304312386,35,35,0,0,0,1,1,1,1,1,1,1,1,1,RUNNING,9.9963739999999746,0.0036260000000254422
734,7.3325849359999999,MINUS_DIAGNOSTIC_ENDPOINT,J2_KP100,1,1,1280,1,64,0.050000000000000003,0,0,0,1,1,5.8791745069542145,1.9479808446845792,-0,0,5.7980775833129883,2.0315706729888916,-0.0011511135390718714,-0.00075728973288983212,-0.00095420163598085176,-0.013962634015954637,-0.013008432379973785,-0.00039382380618203927,0,-0.17180624604225159,-0,-0.027141587379619331,0.0859375,-0.09375,-1.1374218612909317,0.081096923641226226,-0.083589828304312386,35,35,0,0,0,1,1,1,1,1,1,1,1,1,RUNNING,10.020854999999607,0.020854999999606605
735,7.3425642870000001,MINUS_DIAGNOSTIC_ENDPOINT,J2_KP100,1,1,1280,1,64,0.050000000000000003,0,0,0,1,1,5.8791745069542145,1.9479808446845792,-0,0,5.7980775833129883,2.0315706729888916,-0.0011511135390718714,-0.00075728973288983212,-0.00095420163598085176,-0.013962634015954637,-0.013008432379973785,-0.00039382380618203927,0.024543749168515205,-0.14726249873638153,-0.0038773695836232273,-0.023264218090252847,0.0859375,-0.08984375,-1.1126952990889549,0.081096923641226226,-0.083589828304312386,35,35,0,0,0,1,1,1,1,1,1,1,1,1,RUNNING,9.9793510000001362,0.020648999999863804
736,7.3525661759999998,MINUS_DIAGNOSTIC_ENDPOINT,J2_KP100,1,1,1280,1,64,0.050000000000000003,0,0,0,1,1,5.8791745069542145,1.9479808446845792,-0,0,5.7982692718505859,2.0315706729888916,-0.0011813960888203757,-0.00075728973288983212,-0.0009693429108551039,-0.013962634015954637,-0.012993291105099532,-0.00042410635593054355,0.12271875143051147,-0.36815625429153442,-0.019386848800886359,-0.05816054640265908,0.08203125,-0.0859375,-1.0632421746850014,0.08090523510362857,-0.083589828304312386,35,35,0,0,0,1,1,1,1,1,1,1,1,1,RUNNING,10.001888999999764,0.0018889999997639961
737,7.3625642490000001,MINUS_DIAGNOSTIC_ENDPOINT,J2_KP100,1,1,1280,1,64,0.050000000000000003,0,0,0,1,1,5.8791745069542145,1.9479808446845792,-0,0,5.7982692718505859,2.0315706729888916,-0.0011813960888203757,-0.00075728973288983212,-0.0009693429108551039,-0.013962634015954637,-0.012993291105099532,-0.00042410635593054355,-0.073631249368190765,-0.14726249873638153,0.011632109045126423,-0.023264218090252847,0.0859375,-0.08203125,-1.0632421746850014,0.08090523510362857,-0.083589828304312386,35,35,0,0,0,1,1,1,1,1,1,1,1,1,RUNNING,9.9980730000002183,0.0019269999997817422
738,7.3725647240000001,MINUS_DIAGNOSTIC_ENDPOINT,J2_KP100,1,1,1280,1,64,0.050000000000000003,0,0,0,1,1,5.8791745069542145,1.9479808446845792,-0,0,5.7986526489257812,2.0315706729888916,-0.001241961188317384,-0.00075728973288983212,-0.00099962546060360807,-0.013962634015954637,-0.012963008555351029,-0.00048467145542755189,-0.14726249873638153,0.049087498337030411,0.023264218090252847,0.0077547391672464546,0.07421875,-0.08203125,-0.98906248807907104,0.080521858028433257,-0.083589828304312386,35,35,0,0,0,1,1,1,1,1,1,1,1,1,RUNNING,10.000475000000009,0.00047500000000866294
739,7.3825675989999997,MINUS_DIAGNOSTIC_ENDPOINT,J2_KP100,1,1,1280,1,64,0.050000000000000003,0,0,0,1,1,5.8791745069542145,1.9479808446845792,-0,0,5.7988443374633789,2.0313787460327148,-0.0012722437380658883,-0.00078760994750120758,-0.0010299268427835478,-0.013962634015954637,-0.012932707173171088,-0.00048463379056468072,-0.24543750286102295,-0.19634999334812164,0.038773697601772718,-0.031018956668985818,0.0859375,-0.08203125,-1.0632421746850014,0.080330169490835601,-0.083397901348135628,35,35,0,0,0,1,1,1,1,1,1,1,1,1,RUNNING,10.002874999999634,0.0028749999996335873
740,7.3925652069999996,MINUS_DIAGNOSTIC_ENDPOINT,J2_KP100,1,1,1280,1,64,0.050000000000000003,0,0,0,1,1,5.8791745069542145,1.9479808446845792,-0,0,5.7994198799133301,2.0313787460327148,-0.0013631667170371433,-0.00078760994750120758,-0.0010753883322691753,-0.013962634015954637,-0.012887245683685461,-0.0005755567695359357,0.24543750286102295,-0.29452499747276306,-0.038773697601772718,-0.046528436180505693,0.08203125,-0.0859375,-1.0632421746850014,0.079754627040884429,-0.083397901348135628,35,35,0,0,0,1,1,1,1,1,1,1,1,1,RUNNING,9.9976079999999357,0.0023920000000643427
741,7.402563786,MINUS_DIAGNOSTIC_ENDPOINT,J2_KP100,1,1,1280,1,64,0.050000000000000003,0,0,0,1,1,5.8791745069542145,1.9479808446845792,-0,0,5.8003783226013184,2.0313787460327148,-0.0015145794657796642,-0.00078760994750120758,-0.0011510947066404359,-0.013962634015954637,-0.012811539309314201,-0.00072696951827845666,0.26998123526573181,-0.14726249873638153,-0.042651064537085275,-0.023264218090252847,0.08203125,-0.08203125,-1.0385156124830246,0.078796184352896148,-0.083397901348135628,35,35,0,0,0,1,1,1,1,1,1,1,1,1,RUNNING,9.9985790000003405,0.0014209999996595002
742,7.4125654949999999,MINUS_DIAGNOSTIC_ENDPOINT,J2_KP100,1,1,1280,1,64,0.050000000000000003,0,0,0,1,1,5.8791745069542145,1.9479808446845792,-0,0,5.8003783226013184,2.0313787460327148,-0.0015145794657796642,-0.00078760994750120758,-0.0011510947066404359,-0.013962634015954637,-0.012811539309314201,-0.00072696951827845666,-0.17180624604225159,0.024543749168515205,0.027141587379619331,0.0038773695836232273,0.07421875,-0.07421875,-0.93960936367511749,0.078796184352896148,-0.083397901348135628,35,35,0,0,0,1,1,1,1,1,1,1,1,1,RUNNING,10.00170899999997,0.0017089999999697625
743,7.422564468,MINUS_DIAGNOSTIC_ENDPOINT,J2_KP100,1,1,1280,1,64,0.050000000000000003,0,0,0,1,1,5.8791745069542145,1.9479808446845792,-0,0,5.8003783226013184,2.0313787460327148,-0.0015145794657796642,-0.00078760994750120758,-0.0011510947066404359,-0.013962634015954637,-0.012811539309314201,-0.00072696951827845666,-0.36815625429153442,0.024543749168515205,0.05816054640265908,0.0038773695836232273,0.08203125,-0.08203125,-1.0385156124830246,0.078796184352896148,-0.083397901348135628,35,35,0,0,0,1,1,1,1,1,1,1,1,1,RUNNING,9.9989730000000776,0.0010269999999223955
744,7.4325687829999998,MINUS_DIAGNOSTIC_ENDPOINT,J2_KP100,1,1,1280,1,64,0.050000000000000003,0,0,0,1,1,5.8791745069542145,1.9479808446845792,-0,0,5.800570011138916,2.0309953689575195,-0.0015448620155281683,-0.00084817504699821592,-0.001196518531263192,-0.013962634015954637,-0.012766115484691445,-0.00069668696852995238,-0.19634999334812164,-0.36815625429153442,0.031018956668985818,-0.05816054640265908,0.08203125,-0.0859375,-1.0632421746850014,0.078604495815298492,-0.083014524272940315,35,35,0,0,0,1,1,1,1,1,1,1,1,1,RUNNING,10.004314999999764,0.0043149999997638133
745,7.4425644359999996,MINUS_DIAGNOSTIC_ENDPOINT,J2_KP100,1,1,1280,1,64,0.050000000000000003,0,0,0,1,1,5.8791745069542145,1.9479808446845792,-0,0,5.8007616996765137,2.0308036804199219,-0.0015751445652766726,-0.00087845759674672009,-0.0012268010810116963,-0.013962634015954637,-0.01273583293494294,-0.00069668696852995249,0,-0.24543750286102295,-0,-0.038773697601772718,0.07421875,-0.0859375,-1.0137890502810478,0.078412807277700836,-0.082822835735342659,35,35,0,0,0,1,1,1,1,1,1,1,1,1,RUNNING,9.9956529999998267,0.0043470000001732956
746,7.4525664090000001,FINAL_CENTER_PROFILE,J2_KP100,1,1,1280,1,64,0.050000000000000003,0,0,0,1,1,5.8791745069542145,1.9479808446845792,-0,0,5.8009538650512695,2.0306117534637451,-0.0016055024447509192,-0.00090877781135809555,-0.0012571401280545074,-0.013962634015954637,-0.01270549388790013,-0.00069672463339282367,0.073631249368190765,-0.24543750286102295,-0.011632109045126423,-0.038773697601772718,0.08203125,-0.07421875,-0.98906248807907104,0.078220641902944976,-0.082630908779165901,35,35,0,0,0,1,1,1,1,1,1,1,1,1,RUNNING,10.001973000000497,0.0019730000004969384
747,7.4625640539999996,FINAL_CENTER_PROFILE,J2_KP100,1,1,1280,1,64,0.050000000000000003,0,0,0,1,1,5.8791579350531666,1.9479974165856271,-0.0033143802095898151,0.0033143802095898151,5.8009538650512695,2.0302283763885498,-0.0016055024447509192,-0.0009693429108551039,-0.0012874226778030115,-0.013960016022076645,-0.012672593344273633,-0.00063615953389581533,-0.17180624604225159,-0.68722498416900635,0.027141587379619331,-0.10856634951847732,0.08984375,-0.0859375,-1.1126952990889549,0.078204070001897108,-0.082230959802922721,35,35,0,0,0,1,1,1,1,1,1,1,1,1,RUNNING,9.9976449999994443,0.0023550000005556626
748,7.4725642399999996,FINAL_CENTER_PROFILE,J2_KP100,1,1,1280,1,64,0.050000000000000003,0,0,0,1,1,5.879108219350023,1.9480471322887709,-0.0066287604191796303,0.0066287604191796303,5.8011455535888672,2.0302283763885498,-0.0016357849944994235,-0.0009693429108551039,-0.0013025639526772638,-0.013952162040442671,-0.012649598087765408,-0.00066644208364431961,-0.049087498337030411,-0.26998123526573181,0.0077547391672464546,-0.042651064537085275,0.08203125,-0.08203125,-1.0385156124830246,0.077962665761155847,-0.082181244099778894,35,35,0,0,0,1,1,1,1,1,1,1,1,1,RUNNING,10.000186000000078,0.00018600000007751305
749,7.4825647709999998,FINAL_CENTER_PROFILE,J2_KP100,1,1,1280,1,64,0.050000000000000003,0,0,0,1,1,5.8790253598447828,1.9481299917940107,-0.0099431406287694458,0.0099431406287694458,5.8013372421264648,2.0302283763885498,-0.0016660675442479276,-0.0009693429108551039,-0.0013177052275515158,-0.013939072071052713,-0.012621366843501196,-0.00069672463339282367,-0.098174996674060822,-0.22089375555515289,0.015509478334492909,-0.03489632831240623,0.07421875,-0.0703125,-0.91488280147314072,0.077688117718317962,-0.082098384594539109,35,35,0,0,0,1,1,1,1,1,1,1,1,1,RUNNING,10.000531000000201,0.00053100000020123161
750,7.4925696029999997,FINAL_CENTER_PROFILE,J2_KP100,1,1,1280,1,64,0.050000000000000003,0,0,0,1,1,5.8789093565374477,1.9482459951013464,-0.013257520838359261,0.013257520838359261,5.8011455535888672,2.0302283763885498,-0.0016357849944994235,-0.0009693429108551039,-0.0013025639526772638,-0.013920746113906772,-0.012618182161229509,-0.00066644208364431961,-0.31906875967979431,-0.098174996674060822,0.050405807823926105,-0.015509478334492909,0.08203125,-0.08203125,-1.0385156124830246,0.07776380294858054,-0.081982381287203365,35,35,0,0,0,1,1,1,1,1,1,1,1,1,RUNNING,10.004831999999908,0.004831999999908021
751,7.5025643009999996,FINAL_CENTER_PROFILE,J2_KP100,1,1,1280,1,64,0.050000000000000003,0,0,0,1,1,5.878760209428016,1.9483951422107779,-0.016571901047949079,0.016571901047949079,5.8015289306640625,2.0300366878509521,-0.0016963500939964318,-0.00099962546060360807,-0.0013479877773000201,-0.01389718416900485,-0.01254919639170483,-0.00069672463339282378,0,-0.36815625429153442,-0,-0.05816054640265908,0.0859375,-0.08203125,-1.0632421746850014,0.077231278763953526,-0.081641545640174229,35,35,0,0,0,1,1,1,1,1,1,1,1,1,RUNNING,9.9946979999998575,0.0053020000001424705
752,7.5125640330000003,FINAL_CENTER_PROFILE,J2_KP100,1,1,1280,1,64,0.050000000000000003,0,0,0,1,1,5.8785779185164886,1.9485774331223054,-0.019886281257538892,0.019886281257538892,5.8017206192016602,2.0298447608947754,-0.0017266326437449359,-0.0010299456752149835,-0.0013782891594799596,-0.013868386236346944,-0.012490097076866984,-0.00069668696852995238,-0.24543750286102295,-0.36815625429153442,0.038773697601772718,-0.05816054640265908,0.0703125,-0.08203125,-0.96433592587709427,0.076857299314828431,-0.081267327772470033,35,35,0,0,0,1,1,1,1,1,1,1,1,1,RUNNING,9.9997320000007051,0.00026799999929494334
753,7.5225644709999999,FINAL_CENTER_PROFILE,J2_KP100,1,1,1280,1,64,0.050000000000000003,0,0,0,1,1,5.8783624838028654,1.9487928678359288,-0.023200661467128708,0.023200661467128708,5.8019123077392578,2.0300366878509521,-0.0017569151934934402,-0.00099962546060360807,-0.0013782703270485241,-0.013834352315933053,-0.012456081988884529,-0.00075728973288983212,-0.073631249368190765,0.26998123526573181,0.011632109045126423,0.042651064537085275,0.08203125,-0.0859375,-1.0632421746850014,0.0764501760636076,-0.081243820015023394,35,35,0,0,0,1,1,1,1,1,1,1,1,1,RUNNING,10.000437999999612,0.00043799999961180447
754,7.5325640580000002,FINAL_CENTER_PROFILE,J2_KP100,1,1,1280,1,64,0.050000000000000003,0,0,0,1,1,5.8781139052871456,1.9490414463516479,-0.026515041676718521,0.026515041676718521,5.8021039962768555,2.0296530723571777,-0.0017871977432419443,-0.0010602282249634876,-0.0014237129841027159,-0.013795082407763181,-0.012371369423660464,-0.00072696951827845666,-0.17180624604225159,-0.17180624604225159,0.027141587379619331,-0.027141587379619331,0.08203125,-0.08203125,-1.0385156124830246,0.076009909010290144,-0.080611626005529846,35,35,0,0,0,1,1,1,1,1,1,1,1,1,RUNNING,9.999587000000254,0.00041299999974597768
755,7.5425670330000001,FINAL_CENTER_PROFILE,J2_KP100,1,1,1280,1,64,0.050000000000000003,0,0,0,1,1,5.877832182969331,1.949323168669463,-0.029829421886308334,0.029829421886308334,5.802487850189209,2.0294613838195801,-0.0018478381724646952,-0.0010905107747119919,-0.0014691744735883436,-0.013750576511837326,-0.012281402038248982,-0.0007573273977527033,-0.19634999334812164,-0.34361249208450317,0.031018956668985818,-0.054283174759238662,0.07421875,-0.0703125,-0.91488280147314072,0.075344332780121981,-0.080138215150117098,35,35,0,0,0,1,1,1,1,1,1,1,1,1,RUNNING,10.002974999999914,0.0029749999999140186
756,7.5525646679999996,FINAL_CENTER_PROFILE,J2_KP100,1,1,1280,1,64,0.050000000000000003,0,0,0,1,1,5.8775173168494197,1.949638034789374,-0.033143802095898157,0.033143802095898157,5.8026795387268066,2.0292696952819824,-0.0018781207222131995,-0.0011207933244604959,-0.0014994570233368477,-0.013700834628155488,-0.012201377604818641,-0.00075732739775270352,-0.14726249873638153,-0.44178751111030579,0.023264218090252847,-0.06979265662481246,0.0859375,-0.08203125,-1.0632421746850014,0.074837778122613052,-0.079631660492608392,35,35,0,0,0,1,1,1,1,1,1,1,1,1,RUNNING,9.9976349999995051,0.0023650000004948879
757,7.5625645700000002,FINAL_CENTER_PROFILE,J2_KP100,1,1,1280,1,64,0.050000000000000003,0,0,0,1,1,5.8771693069274127,1.949986044711381,-0.036458182305487967,0.036458182305487967,5.802487850189209,2.0292696952819824,-0.0018478381724646952,-0.0011207933244604959,-0.0014843157484625957,-0.013645856756717666,-0.01216154100825507,-0.00072704484800419924,-0.14726249873638153,-0.24543750286102295,0.023264218090252847,-0.038773697601772718,0.08203125,-0.0703125,-0.96433592587709427,0.0746814567382037,-0.079283650570601383,35,35,0,0,0,1,1,1,1,1,1,1,1,1,RUNNING,9.9999020000005601,9.7999999439934982e-05
758,7.572567566,FINAL_CENTER_PROFILE,J2_KP100,1,1,1280,1,64,0.050000000000000003,0,0,0,1,1,5.8767881532033099,1.9503671984354838,-0.039772562515077783,0.039772562515077783,5.803062915802002,2.0290777683258057,-0.0019386858217102078,-0.0011511135390718714,-0.0015448996803910397,-0.013585642897523861,-0.012040743217132822,-0.0007875722826383364,0.12271875143051147,-0.19634999334812164,-0.019386848800886359,-0.031018956668985818,0.08203125,-0.08203125,-1.0385156124830246,0.073725237401307986,-0.07871056989032188,35,35,0,0,0,1,1,1,1,1,1,1,1,1,RUNNING,10.002995999999875,0.0029959999998752096
759,7.582566001,FINAL_CENTER_PROFILE,J2_KP100,1,1,1280,1,64,0.050000000000000003,0,0,0,1,1,5.8763738556771115,1.9507814959616825,-0.0430869427246676,0.0430869427246676,5.803062915802002,2.0290777683258057,-0.0019386858217102078,-0.0011511135390718714,-0.0015448996803910397,-0.013520193050574074,-0.011975293370183035,-0.0007875722826383364,-0.34361249208450317,-0.024543749168515205,0.054283174759238662,-0.0038773695836232273,0.08203125,-0.0859375,-1.0632421746850014,0.073310939875109504,-0.078296272364123176,35,35,0,0,0,1,1,1,1,1,1,1,1,1,RUNNING,9.9984349999999722,0.0015650000000277942
760,7.5925678899999998,FINAL_CENTER_PROFILE,J2_KP100,1,1,1280,1,64,0.050000000000000003,0,0,0,1,1,5.8759264143488164,1.9512289372899772,-0.046401322934257416,0.046401322934257416,5.8028712272644043,2.0290777683258057,-0.0019084032719617035,-0.0011511135390718714,-0.0015297584055167875,-0.013449507215868304,-0.011919748810351516,-0.00075728973288983212,-0.31906875967979431,0,0.050405807823926105,0,0.07421875,-0.07421875,-0.93960936367511749,0.073055187084412054,-0.077848831035828514,35,35,0,0,0,1,1,1,1,1,1,1,1,1,RUNNING,10.001888999999764,0.0018889999997639961
761,7.6025643809999996,FINAL_CENTER_PROFILE,J2_KP100,1,1,1280,1,64,0.050000000000000003,0,0,0,1,1,5.8754458292184264,1.9517095224203678,-0.049715703143847226,0.049715703143847226,5.803062915802002,2.0290777683258057,-0.0019386858217102078,-0.0011511135390718714,-0.0015448996803910397,-0.013373585393406551,-0.011828685713015511,-0.0007875722826383364,0.049087498337030411,0.073631249368190765,-0.0077547391672464546,0.011632109045126423,0.0703125,-0.08203125,-0.96433592587709427,0.072382913416424444,-0.077368245905437893,35,35,0,0,0,1,1,1,1,1,1,1,1,1,RUNNING,9.9964909999998852,0.0035090000001147814
762,7.6125637370000003,FINAL_CENTER_PROFILE,J2_KP100,1,1,1280,1,64,0.050000000000000003,0,0,0,1,1,5.8749321002859398,1.9522232513528541,-0.053030083353437042,0.053030083353437042,5.8028712272644043,2.028886079788208,-0.0019084032719617035,-0.0011813960888203757,-0.0015448996803910397,-0.013292427583188814,-0.011747527902797775,-0.00072700718314132784,-0.31906875967979431,-0.36815625429153442,0.050405807823926105,-0.05816054640265908,0.0703125,-0.07421875,-0.91488280147314072,0.072060873021535521,-0.07666282843535388,35,35,0,0,0,1,1,1,1,1,1,1,1,1,RUNNING,9.9993560000006809,0.00064399999931907814
763,7.6225638680000003,FINAL_CENTER_PROFILE,J2_KP100,1,1,1280,1,64,0.050000000000000003,0,0,0,1,1,5.8743852275513575,1.9527701240874364,-0.056344463563026859,0.056344463563026859,5.8026795387268066,2.0290777683258057,-0.0018781207222131995,-0.0011511135390718714,-0.0015146171306425354,-0.013206033785215095,-0.011691416654572559,-0.00072700718314132806,0.024543749168515205,0,-0.0038773695836232273,0,0.0703125,-0.07421875,-0.91488280147314072,0.071705688824550862,-0.076307644238369221,35,35,0,0,0,1,1,1,1,1,1,1,1,1,RUNNING,10.000130999999968,0.00013099999996768474
764,7.632563963,FINAL_CENTER_PROFILE,J2_KP100,1,1,1280,1,64,0.050000000000000003,0,0,0,1,1,5.8738052110146795,1.9533501406241147,-0.059658843772616668,0.059658843772616668,5.8028712272644043,2.0290777683258057,-0.0019084032719617035,-0.0011511135390718714,-0.0015297584055167875,-0.013114403999485392,-0.011584645593968605,-0.00075728973288983212,-0.24543750286102295,0,0.038773697601772718,0,0.07421875,-0.0703125,-0.91488280147314072,0.070933983750275154,-0.075727627701690947,35,35,0,0,0,1,1,1,1,1,1,1,1,1,RUNNING,10.000094999999654,9.4999999653566647e-05
765,7.6425651280000002,FINAL_CENTER_PROFILE,J2_KP100,1,1,1280,1,64,0.050000000000000003,0,0,0,1,1,5.8731920506759048,1.9539633009628887,-0.062973223982206492,0.062973223982206492,5.8028712272644043,2.0290777683258057,-0.0019084032719617035,-0.0011511135390718714,-0.0015297584055167875,-0.013017538225999707,-0.011487779820482919,-0.00075728973288983212,0.098174996674060822,0.14726249873638153,-0.015509478334492909,0.023264218090252847,0.07421875,-0.0703125,-0.91488280147314072,0.070320823411500477,-0.075114467362916937,35,35,0,0,0,1,1,1,1,1,1,1,1,1,RUNNING,10.001165000000256,0.0011650000002561001
766,7.652563883,FINAL_CENTER_PROFILE,J2_KP100,1,1,1280,1,64,0.050000000000000003,0,0,0,1,1,5.8725457465350352,1.9546096051037589,-0.066287604191796315,0.066287604191796315,5.8028712272644043,2.028886079788208,-0.0019084032719617035,-0.0011813960888203757,-0.0015448996803910397,-0.012915436464758038,-0.011370536784366999,-0.00072700718314132784,-0.36815625429153442,-0.24543750286102295,0.05816054640265908,-0.038773697601772718,0.07421875,-0.07421875,-0.93960936367511749,0.069674519270630952,-0.07427647468444909,35,35,0,0,0,1,1,1,1,1,1,1,1,1,RUNNING,9.9987549999998038,0.001245000000196228
767,7.6625638990000002,FINAL_CENTER_PROFILE,J2_KP100,1,1,1280,1,64,0.050000000000000003,0,0,0,1,1,5.8718662985920691,1.9552890530467248,-0.069601984401386124,0.069601984401386124,5.8028712272644043,2.028886079788208,-0.0019084032719617035,-0.0011813960888203757,-0.0015448996803910397,-0.012808098715760387,-0.011263199035369348,-0.00072700718314132784,-0.36815625429153442,-0.24543750286102295,0.05816054640265908,-0.038773697601772718,0.07421875,-0.06640625,-0.89015623927116394,0.068995071327664803,-0.073597026741483162,35,35,0,0,0,1,1,1,1,1,1,1,1,1,RUNNING,10.000016000000223,1.6000000222504696e-05
768,7.6725638439999999,FINAL_CENTER_PROFILE,J2_KP100,1,1,1280,1,64,0.050000000000000003,0,0,0,1,1,5.8711537068470072,1.9560016447917865,-0.072916364610975934,0.072916364610975934,5.803062915802002,2.0290777683258057,-0.0019386858217102078,-0.0011511135390718714,-0.0015448996803910397,-0.012695524979006754,-0.011150625298615715,-0.0007875722826383364,-0.58904999494552612,0,0.093056872361011386,0,0.0703125,-0.06640625,-0.86542967706918716,0.068090791045005261,-0.073076123534019155,35,35,0,0,0,1,1,1,1,1,1,1,1,1,RUNNING,9.999944999999677,5.5000000322991127e-05
769,7.6825638190000003,FINAL_CENTER_PROFILE,J2_KP100,1,1,1280,1,64,0.050000000000000003,0,0,0,1,1,5.8704079712998496,1.9567473803389444,-0.076230744820565757,0.076230744820565757,5.803062915802002,2.0290777683258057,-0.0019386858217102078,-0.0011511135390718714,-0.0015448996803910397,-0.012577715254497137,-0.011032815574106097,-0.0007875722826383364,0.17180624604225159,0.024543749168515205,-0.027141587379619331,0.0038773695836232273,0.0703125,-0.06640625,-0.86542967706918716,0.067345055497847639,-0.072330387986861311,35,35,0,0,0,1,1,1,1,1,1,1,1,1,RUNNING,9.9999750000003829,2.4999999617136837e-05
770,7.6925814499999996,FINAL_CENTER_PROFILE,J2_KP100,1,1,1280,1,64,0.050000000000000003,0,0,0,1,1,5.8696290919505962,1.9575262596881979,-0.079545125030155567,0.079545125030155567,5.8028712272644043,2.028886079788208,-0.0019084032719617035,-0.0011813960888203757,-0.0015448996803910397,-0.012454669542231536,-0.010909769861840496,-0.00072700718314132784,-0.073631249368190765,-0.31906875967979431,0.011632109045126423,-0.050405807823926105,0.06640625,-0.0703125,-0.86542967706918716,0.066757864686191937,-0.071359820100010074,35,35,0,0,0,1,1,1,1,1,1,1,1,1,RUNNING,10.017630999999305,0.017630999999305175
771,7.7025642899999998,FINAL_CENTER_PROFILE,J2_KP100,1,1,1280,1,64,0.050000000000000003,0,0,0,1,1,5.8688170687992463,1.9583382828395475,-0.082859505239745376,0.082859505239745376,5.8026795387268066,2.0290777683258057,-0.0018781207222131995,-0.0011511135390718714,-0.0015146171306425354,-0.012326387842209952,-0.010811770711567416,-0.00072700718314132806,-0.39269998669624329,0,0.062037913337971637,0,0.0703125,-0.0703125,-0.89015623927116394,0.06613753007243961,-0.070739485486258191,35,35,0,0,0,1,1,1,1,1,1,1,1,1,RUNNING,9.9828400000001594,0.017159999999840636
772,7.7125640569999998,FINAL_CENTER_PROFILE,J2_KP100,1,1,1280,1,64,0.050000000000000003,0,0,0,1,1,5.8679719018458014,1.9591834497929927,-0.0861738854493352,0.0861738854493352,5.8026795387268066,2.028886079788208,-0.0018781207222131995,-0.0011813960888203757,-0.0015297584055167877,-0.012192870154432387,-0.010663111748915599,-0.00069672463339282378,-0.22089375555515289,-0.31906875967979431,0.03489632831240623,-0.050405807823926105,0.06640625,-0.06640625,-0.84070311486721039,0.065292363118994778,-0.069702629995215259,35,35,0,0,0,1,1,1,1,1,1,1,1,1,RUNNING,9.9997670000000483,0.00023299999995174403
773,7.7225641810000001,FINAL_CENTER_PROFILE,J2_KP100,1,1,1280,1,64,0.050000000000000003,0,0,0,1,1,5.86709359109026,1.960061760548534,-0.089488265658925023,0.089488265658925023,5.8026795387268066,2.0290777683258057,-0.0018781207222131995,-0.0011511135390718714,-0.0015146171306425354,-0.012054116478898837,-0.010539499348256301,-0.00072700718314132806,-0.17180624604225159,0,0.027141587379619331,0,0.06640625,-0.07421875,-0.89015623927116394,0.064414052363453322,-0.069016007777271682,35,35,0,0,0,1,1,1,1,1,1,1,1,1,RUNNING,10.000124000000277,0.00012400000027668057
774,7.7325638290000001,FINAL_CENTER_PROFILE,J2_KP100,1,1,1280,1,64,0.050000000000000003,0,0,0,1,1,5.8661821365326228,1.9609732151061712,-0.092802645868514833,0.092802645868514833,5.8028712272644043,2.0290777683258057,-0.0019084032719617035,-0.0011511135390718714,-0.0015297584055167875,-0.011910126815609306,-0.010380368410092518,-0.00075728973288983212,0.22089375555515289,0,-0.03489632831240623,0,0.0703125,-0.08203125,-0.96433592587709427,0.063310909268218474,-0.068104553219634489,35,35,0,0,0,1,1,1,1,1,1,1,1,1,RUNNING,9.9996479999999721,0.00035200000002788556
775,7.7425638149999996,FINAL_CENTER_PROFILE,J2_KP100,1,1,1280,1,64,0.050000000000000003,0,0,0,1,1,5.8652375381728898,1.9619178134659043,-0.096117026078104628,0.096117026078104628,5.802487850189209,2.0290777683258057,-0.0018478381724646952,-0.0011511135390718714,-0.0014994758557682832,-0.01176090116456379,-0.010261425308795508,-0.00069672463339282378,-0.24543750286102295,-0.17180624604225159,0.038773697601772718,-0.027141587379619331,0.06640625,-0.0546875,-0.76652342826128006,0.062749687983680857,-0.067159954859901339,35,35,0,0,0,1,1,1,1,1,1,1,1,1,RUNNING,9.9999859999995167,1.4000000483349595e-05
776,7.7525639899999996,FINAL_CENTER_PROFILE,J2_KP100,1,1,1280,1,64,0.050000000000000003,0,0,0,1,1,5.8642597960110603,1.9628955556277334,-0.099431406287694452,0.099431406287694452,5.802487850189209,2.0290777683258057,-0.0018478381724646952,-0.0011511135390718714,-0.0014994758557682832,-0.011606439525762293,-0.01010696366999401,-0.00069672463339282378,-0.36815625429153442,-0.24543750286102295,0.05816054640265908,-0.038773697601772718,0.06640625,-0.0546875,-0.76652342826128006,0.061771945821851304,-0.066182212698072229,35,35,0,0,0,1,1,1,1,1,1,1,1,1,RUNNING,10.000175000000056,0.00017500000005554739
777,7.7625637630000002,FINAL_CENTER_PROFILE,J2_KP100,1,1,1280,1,64,0.050000000000000003,0,0,0,1,1,5.8632489100471359,1.9639064415916583,-0.10274578649728427,0.10274578649728427,5.802487850189209,2.0292696952819824,-0.0018478381724646952,-0.0011207933244604959,-0.0014843157484625957,-0.011446741899204811,-0.0099624261507422155,-0.00072704484800419924,-0.24543750286102295,0,0.038773697601772718,0,0.05859375,-0.0703125,-0.81597655266523361,0.060761059857926902,-0.065363253690324141,35,35,0,0,0,1,1,1,1,1,1,1,1,1,RUNNING,9.9997730000005447,0.0002269999994553018
778,7.7725643949999998,FINAL_CENTER_PROFILE,J2_KP100,1,1,1280,1,64,0.050000000000000003,0,0,0,1,1,5.8622048802811149,1.9649504713576791,-0.10606016670687408,0.10606016670687408,5.8026795387268066,2.0290777683258057,-0.0018781207222131995,-0.0011511135390718714,-0.0015146171306425354,-0.011281808284891347,-0.0097671911542488114,-0.00072700718314132806,0,-0.26998123526573181,-0,-0.042651064537085275,0.0546875,-0.06640625,-0.76652342826128006,0.05952534155430822,-0.064127296968126579,35,35,0,0,0,1,1,1,1,1,1,1,1,1,RUNNING,10.000631999999676,0.00063199999967622489
779,7.7825638389999998,FINAL_CENTER_PROFILE,J2_KP100,1,1,1280,1,64,0.050000000000000003,0,0,0,1,1,5.8611277067129981,1.9660276449257958,-0.10937454691646391,0.10937454691646391,5.8026795387268066,2.0292696952819824,-0.0018781207222131995,-0.0011207933244604959,-0.0014994570233368477,-0.0111116386828219,-0.0096121816594850525,-0.00075732739775270352,0.073631249368190765,-0.073631249368190765,-0.011632109045126423,-0.011632109045126423,0.0546875,-0.06640625,-0.76652342826128006,0.058448167986191457,-0.063242050356186574,35,35,0,0,0,1,1,1,1,1,1,1,1,1,RUNNING,9.9994439999999685,0.00055600000003153127
780,7.792564166,FINAL_CENTER_PROFILE,J2_KP100,1,1,1280,1,64,0.050000000000000003,0,0,0,1,1,5.86002475463214,1.9671305970066537,-0.11047934031966052,0.11047934031966052,5.802487850189209,2.0294613838195801,-0.0018478381724646952,-0.0010905107747119919,-0.0014691744735883436,-0.010937396645831132,-0.0094682221722427878,-0.0007573273977527033,-0.12271875143051147,0,0.019386848800886359,0,0.05859375,-0.06640625,-0.79124999046325684,0.057536904442931025,-0.062330786812926364,35,35,0,0,0,1,1,1,1,1,1,1,1,1,RUNNING,10.000327000000198,0.0003270000001975859
781,7.8025639130000002,FINAL_CENTER_PROFILE,J2_KP100,1,1,1280,1,64,0.050000000000000003,0,0,0,1,1,5.8589199612289438,1.9682353904098502,-0.11047934031966052,0.11047934031966052,5.8022956848144531,2.0292696952819824,-0.0018174802929904485,-0.0011207933244604959,-0.0014691368087254722,-0.010762863720631699,-0.0092937269119062263,-0.0006966869685299526,-0.46633124351501465,-0.34361249208450317,0.073670023560125017,-0.054283174759238662,0.0546875,-0.0546875,-0.69234374165534973,0.056624276414490637,-0.061034304872132239,35,35,0,0,0,1,1,1,1,1,1,1,1,1,RUNNING,9.9997470000001698,0.00025299999983019461
782,7.8125639280000003,FINAL_CENTER_PROFILE,J2_KP100,1,1,1280,1,64,0.050000000000000003,0,0,0,1,1,5.8578151678257466,1.9693401838130469,-0.11047934031966052,0.11047934031966052,5.802487850189209,2.0296530723571777,-0.0018478381724646952,-0.0010602282249634876,-0.0014540331987140914,-0.010588330795432267,-0.0091342975967181762,-0.00078760994750120758,-0.073631249368190765,0.31906875967979431,0.011632109045126423,0.050405807823926105,0.05078125,-0.0546875,-0.66761717945337296,0.055327317636537643,-0.06031288854413086,35,35,0,0,0,1,1,1,1,1,1,1,1,1,RUNNING,10.00001500000014,1.5000000139764325e-05
783,7.8225638320000002,FINAL_CENTER_PROFILE,J2_KP100,1,1,1280,1,64,0.050000000000000003,0,0,0,1,1,5.8567103744225504,1.9704449772162436,-0.11047934031966052,0.11047934031966052,5.8022956848144531,2.0296530723571777,-0.0018174802929904485,-0.0010602282249634876,-0.0014388542589769682,-0.010413797870232833,-0.0089749436112558645,-0.00075725206802696094,-0.098174996674060822,0.34361249208450317,0.015509478334492909,0.054283174759238662,0.05078125,-0.0546875,-0.66761717945337296,0.054414689608097255,-0.059208095140934169,35,35,0,0,0,1,1,1,1,1,1,1,1,1,RUNNING,9.9999039999998374,9.6000000162632659e-05
784,7.8325637969999997,FINAL_CENTER_PROFILE,J2_KP100,1,1,1280,1,64,0.050000000000000003,0,0,0,1,1,5.8556055810193541,1.97154977061944,-0.11047934031966052,0.11047934031966052,5.8021039962768555,2.0294613838195801,-0.0017871977432419443,-0.0010905107747119919,-0.0014388542589769682,-0.0102392649450334,-0.008800410686056432,-0.00069668696852995238,-0.31906875967979431,-0.049087498337030411,0.050405807823926105,-0.0077547391672464546,0.0546875,-0.05859375,-0.71707030385732651,0.053501584742498665,-0.057911613200140044,35,35,0,0,0,1,1,1,1,1,1,1,1,1,RUNNING,9.9999649999995555,3.5000000444540547e-05
785,7.8425644380000001,FINAL_CENTER_PROFILE,J2_KP100,1,1,1280,1,64,0.050000000000000003,0,0,0,1,1,5.854500787616157,1.9726545640226367,-0.11047934031966052,0.11047934031966052,5.8021039962768555,2.0294613838195801,-0.0017871977432419443,-0.0010905107747119919,-0.0014388542589769682,-0.010064732019833968,-0.0086258777608569995,-0.00069668696852995238,0,-0.36815625429153442,-0,-0.05816054640265908,0.0546875,-0.05078125,-0.66761717945337296,0.052396791339301529,-0.056806819796943353,35,35,0,0,0,1,1,1,1,1,1,1,1,1,RUNNING,10.000641000000421,0.00064100000042088823
786,7.8525639480000002,FINAL_CENTER_PROFILE,J2_KP100,1,1,1280,1,64,0.050000000000000003,0,0,0,1,1,5.8533959942129608,1.9737593574258334,-0.11047934031966052,0.11047934031966052,5.8019123077392578,2.0294613838195801,-0.0017569151934934402,-0.0010905107747119919,-0.0014237129841027161,-0.0098901990946345351,-0.0084664861105318186,-0.00066640441878144832,0.049087498337030411,-0.39269998669624329,-0.0077547391672464546,-0.062037913337971637,0.05078125,-0.04296875,-0.59343749284744263,0.051483686473702939,-0.055702026393746662,35,35,0,0,0,1,1,1,1,1,1,1,1,1,RUNNING,9.9995100000001003,0.0004899999998997373
787,7.8625639390000002,FINAL_CENTER_PROFILE,J2_KP100,1,1,1280,1,64,0.050000000000000003,0,0,0,1,1,5.8522912008097636,1.9748641508290299,-0.11047934031966052,0.11047934031966052,5.8019123077392578,2.0296530723571777,-0.0017569151934934402,-0.0010602282249634876,-0.0014085717092284639,-0.0097156661694351009,-0.0083070944602066377,-0.0006966869685299526,0.14726249873638153,0,-0.023264218090252847,0,0.0546875,-0.0546875,-0.69234374165534973,0.050378893070505804,-0.054788921528147849,35,35,0,0,0,1,1,1,1,1,1,1,1,1,RUNNING,9.9999909999999304,9.00000006964774e-06
788,7.8725638839999998,FINAL_CENTER_PROFILE,J2_KP100,1,1,1280,1,64,0.050000000000000003,0,0,0,1,1,5.8511864074065674,1.9759689442322266,-0.11047934031966052,0.11047934031966052,5.8019123077392578,2.0296530723571777,-0.0017569151934934402,-0.0010602282249634876,-0.0014085717092284639,-0.0095411332442356701,-0.0081325615350072069,-0.0006966869685299526,0.24543750286102295,-0.073631249368190765,-0.038773697601772718,-0.011632109045126423,0.05078125,-0.05078125,-0.64289061725139618,0.049274099667309557,-0.053684128124951158,35,35,0,0,0,1,1,1,1,1,1,1,1,1,RUNNING,9.999944999999677,5.5000000322991127e-05
789,7.8825637799999999,FINAL_CENTER_PROFILE,J2_KP100,1,1,1280,1,64,0.050000000000000003,0,0,0,1,1,5.8500816140033711,1.977073737635423,-0.11047934031966052,0.11047934031966052,5.8017206192016602,2.0298447608947754,-0.0017266326437449359,-0.0010299456752149835,-0.0013782891594799596,-0.0093666003190362359,-0.0079883111595562759,-0.00069668696852995238,-0.24543750286102295,0.098174996674060822,0.038773697601772718,0.015509478334492909,0.05078125,-0.05078125,-0.64289061725139618,0.048360994801710966,-0.052771023259352345,35,35,0,0,0,1,1,1,1,1,1,1,1,1,RUNNING,9.9998960000000636,0.00010399999993637721
790,7.8925640929999998,FINAL_CENTER_PROFILE,J2_KP100,1,1,1280,1,64,0.050000000000000003,0,0,0,1,1,5.848976820600174,1.9781785310386197,-0.11047934031966052,0.11047934031966052,5.8015289306640625,2.0300366878509521,-0.0016963500939964318,-0.00099962546060360807,-0.0013479877773000201,-0.0091920673938368017,-0.007844079616536782,-0.00069672463339282378,-0.24543750286102295,0.34361249208450317,0.038773697601772718,0.054283174759238662,0.04296875,-0.05078125,-0.59343749284744263,0.047447889936111487,-0.051858156812332412,35,35,0,0,0,1,1,1,1,1,1,1,1,1,RUNNING,10.000312999999927,0.00031299999992739913
791,7.9025637360000003,FINAL_CENTER_PROFILE,J2_KP100,1,1,1280,1,64,0.050000000000000003,0,0,0,1,1,5.8478720271969777,1.9792833244418164,-0.11047934031966052,0.11047934031966052,5.8015289306640625,2.0298447608947754,-0.0016963500939964318,-0.0010299456752149835,-0.0013631478846057076,-0.0090175344686373692,-0.0076543865840316616,-0.00066640441878144832,-0.17180624604225159,0.098174996674060822,0.027141587379619331,0.015509478334492909,0.04296875,-0.05078125,-0.59343749284744263,0.04634309653291524,-0.050561436452958963,35,35,0,0,0,1,1,1,1,1,1,1,1,1,RUNNING,9.9996430000004466,0.000356999999553409
792,7.9125651509999999,FINAL_CENTER_PROFILE,J2_KP100,1,1,1280,1,64,0.050000000000000003,0,0,0,1,1,5.8467672337937806,1.9803881178450129,-0.11047934031966052,0.11047934031966052,5.8015289306640625,2.0296530723571777,-0.0016963500939964318,-0.0010602282249634876,-0.0013782891594799596,-0.0088430015434379367,-0.0074647123839579766,-0.00063612186903294426,-0.073631249368190765,-0.26998123526573181,0.011632109045126423,-0.042651064537085275,0.04296875,-0.0390625,-0.5192578062415123,0.045238303129718105,-0.049264954512164838,35,35,0,0,0,1,1,1,1,1,1,1,1,1,RUNNING,10.001414999999625,0.0014149999996249107
793,7.9225637290000002,FINAL_CENTER_PROFILE,J2_KP100,1,1,1280,1,64,0.050000000000000003,0,0,0,1,1,5.8456624403905844,1.9814929112482096,-0.11047934031966052,0.11047934031966052,5.8015289306640625,2.0298447608947754,-0.0016963500939964318,-0.0010299456752149835,-0.0013631478846057076,-0.0086684686182385041,-0.0073053207336327966,-0.00066640441878144832,0.098174996674060822,0.14726249873638153,-0.015509478334492909,0.023264218090252847,0.04296875,-0.05078125,-0.59343749284744263,0.044133509726521858,-0.048351849646565803,35,35,0,0,0,1,1,1,1,1,1,1,1,1,RUNNING,9.9985780000002578,0.0014219999997422406
794,7.9325642409999997,FINAL_CENTER_PROFILE,J2_KP100,1,1,1280,1,64,0.050000000000000003,0,0,0,1,1,5.8445576469873881,1.9825977046514061,-0.11047934031966052,0.11047934031966052,5.8013372421264648,2.0298447608947754,-0.0016660675442479276,-0.0010299456752149835,-0.0013480066097314555,-0.0084939356930390716,-0.0071459290833076165,-0.00063612186903294404,-0.26998123526573181,-0.12271875143051147,0.042651064537085275,-0.019386848800886359,0.0390625,-0.04296875,-0.5192578062415123,0.043220404860923267,-0.047247056243369334,35,35,0,0,0,1,1,1,1,1,1,1,1,1,RUNNING,10.000511999999517,0.00051199999951734299
795,7.9425639400000003,FINAL_CENTER_PROFILE,J2_KP100,1,1,1280,1,64,0.050000000000000003,0,0,0,1,1,5.843452853584191,1.9837024980546027,-0.11047934031966052,0.11047934031966052,5.8011455535888672,2.0298447608947754,-0.0016357849944994235,-0.0010299456752149835,-0.0013328653348572035,-0.0083194027678396391,-0.0069865374329824356,-0.00060583931928443998,-0.46633124351501465,-0.049087498337030411,0.073670023560125017,-0.0077547391672464546,0.04296875,-0.03515625,-0.49453124403953552,0.042307299995323788,-0.046142262840172643,35,35,0,0,0,1,1,1,1,1,1,1,1,1,RUNNING,9.9996990000006392,0.00030099999936084032
796,7.9525638609999998,FINAL_CENTER_PROFILE,J2_KP100,1,1,1280,1,64,0.050000000000000003,0,0,0,1,1,5.8423480601809947,1.9848072914577994,-0.11047934031966052,0.11047934031966052,5.8011455535888672,2.0298447608947754,-0.0016357849944994235,-0.0010299456752149835,-0.0013328653348572035,-0.0081448698426402049,-0.0068120045077830014,-0.00060583931928443998,-0.19634999334812164,-0.19634999334812164,0.031018956668985818,-0.031018956668985818,0.04296875,-0.04296875,-0.54398436844348907,0.041202506592127541,-0.045037469436975952,35,35,0,0,0,1,1,1,1,1,1,1,1,1,RUNNING,9.9999209999994676,7.9000000532403192e-05
797,7.9625637339999997,FINAL_CENTER_PROFILE,J2_KP100,1,1,1280,1,64,0.050000000000000003,0,0,0,1,1,5.8412432667777976,1.9859120848609959,-0.11047934031966052,0.11047934031966052,5.8011455535888672,2.0300366878509521,-0.0016357849944994235,-0.00099962546060360807,-0.0013177052275515158,-0.0079703369174407724,-0.0066526316898892568,-0.00063615953389581543,-0.22089375555515289,0.049087498337030411,0.03489632831240623,0.0077547391672464546,0.04296875,-0.04296875,-0.54398436844348907,0.040097713188930406,-0.044124602989956241,35,35,0,0,0,1,1,1,1,1,1,1,1,1,RUNNING,9.999872999999937,0.0001270000000630489
798,7.9725638989999998,FINAL_CENTER_PROFILE,J2_KP100,1,1,1280,1,64,0.050000000000000003,0,0,0,1,1,5.8401384733746013,1.9870168782641926,-0.11047934031966052,0.11047934031966052,5.8011455535888672,2.0298447608947754,-0.0016357849944994235,-0.0010299456752149835,-0.0013328653348572035,-0.007795803992241339,-0.0064629386573841355,-0.00060583931928443998,-0.24543750286102295,-0.39269998669624329,0.038773697601772718,-0.062037913337971637,0.0390625,-0.03515625,-0.46980468183755875,0.038992919785734159,-0.042827882630582792,35,35,0,0,0,1,1,1,1,1,1,1,1,1,RUNNING,10.000165000000116,0.0001650000001163221
799,7.9825639940000004,FINAL_CENTER_PROFILE,J2_KP100,1,1,1280,1,64,0.050000000000000003,0,0,0,1,1,5.8390336799714051,1.9881216716673893,-0.11047934031966052,0.11047934031966052,5.8011455535888672,2.0302283763885498,-0.0016357849944994235,-0.0009693429108551039,-0.0013025639526772638,-0.0076212710670419057,-0.0063187071143646417,-0.00066644208364431961,0.12271875143051147,0.073631249368190765,-0.019386848800886359,0.011632109045126423,0.02734375,-0.03515625,-0.39562499523162842,0.037888126382537912,-0.042106704721160515,35,35,0,0,0,1,1,1,1,1,1,1,1,1,RUNNING,10.000095000000542,9.5000000541745067e-05
800,7.9925637170000003,FINAL_CENTER_PROFILE,J2_KP100,1,1,1280,1,64,0.050000000000000003,0,0,0,1,1,5.837928886568208,1.9892264650705858,-0.11047934031966052,0.11047934031966052,5.8007616996765137,2.0302283763885498,-0.0015751445652766726,-0.0009693429108551039,-0.0012722437380658883,-0.0074467381418424732,-0.0061744944037765851,-0.00060580165442156869,-0.46633124351501465,-0.073631249368190765,0.073670023560125017,-0.011632109045126423,0.02734375,-0.03515625,-0.39562499523162842,0.037167186891694293,-0.041001911317964046,35,35,0,0,0,1,1,1,1,1,1,1,1,1,RUNNING,9.9997229999999604,0.00027700000003960668
801,8.0025638689999994,FINAL_CENTER_PROFILE,J2_KP100,1,1,1280,1,64,0.050000000000000003,0,0,0,1,1,5.8368240931650117,1.9903312584737824,-0.11047934031966052,0.11047934031966052,5.8003783226013184,2.0304200649261475,-0.0015145794657796642,-0.00093906036110659973,-0.001226819913443132,-0.0072722052166430398,-0.0060453853031999082,-0.00057551910467306452,-0.4908750057220459,-0.024543749168515205,0.077547395203545436,-0.0038773695836232273,0.0390625,-0.0390625,-0.49453124403953552,0.036445770563693358,-0.040088806452365011,35,35,0,0,0,1,1,1,1,1,1,1,1,1,RUNNING,10.000151999999041,0.00015199999904069728
802,8.0125638709999993,FINAL_CENTER_PROFILE,J2_KP100,1,1,1280,1,64,0.050000000000000003,0,0,0,1,1,5.8357192997618146,1.9914360518769789,-0.11047934031966052,0.11047934031966052,5.8003783226013184,2.0304200649261475,-0.0015145794657796642,-0.00093906036110659973,-0.001226819913443132,-0.0070976722914436064,-0.005870852378000474,-0.00057551910467306452,-0.24543750286102295,-0.24543750286102295,0.038773697601772718,-0.038773697601772718,0.02734375,-0.03515625,-0.39562499523162842,0.035340977160496223,-0.038984013049168542,35,35,0,0,0,1,1,1,1,1,1,1,1,1,RUNNING,10.000001999999952,1.9999999523179213e-06
803,8.0225637699999996,FINAL_CENTER_PROFILE,J2_KP100,1,1,1280,1,64,0.050000000000000003,0,0,0,1,1,5.8346145063586183,1.9925408452801756,-0.11047934031966052,0.11047934031966052,5.8003783226013184,2.0306117534637451,-0.0015145794657796642,-0.00090877781135809555,-0.00121167863856888,-0.0069231393662441739,-0.005711460727675294,-0.00060580165442156869,-0.049087498337030411,0.024543749168515205,0.0077547391672464546,0.0038773695836232273,0.0390625,-0.02734375,-0.42035155743360519,0.034236183757299976,-0.038070908183569507,35,35,0,0,0,1,1,1,1,1,1,1,1,1,RUNNING,9.9998990000003118,0.00010099999968815609
804,8.0325637669999992,FINAL_CENTER_PROFILE,J2_KP100,1,1,1280,1,64,0.050000000000000003,0,0,0,1,1,5.8335097129554221,1.9936456386833723,-0.11047934031966052,0.11047934031966052,5.799994945526123,2.0306117534637451,-0.0014540143662826559,-0.00090877781135809555,-0.0011813960888203757,-0.0067486064410447414,-0.0055672103522243655,-0.00054523655492456035,0.12271875143051147,-0.44178751111030579,-0.019386848800886359,-0.06979265662481246,0.02734375,-0.03515625,-0.39562499523162842,0.033514767429299042,-0.036966114780372816,35,35,0,0,0,1,1,1,1,1,1,1,1,1,RUNNING,9.9999969999995386,3.0000004613839337e-06
805,8.0425643969999996,FINAL_CENTER_PROFILE,J2_KP100,1,1,1280,1,64,0.050000000000000003,0,0,0,1,1,5.832404919552225,1.9947504320865688,-0.11047934031966052,0.11047934031966052,5.7998032569885254,2.0308036804199219,-0.0014237318165341516,-0.00087845759674672009,-0.0011510947066404359,-0.0065740735158453089,-0.0054229788092048734,-0.00054527421978743152,0.12271875143051147,-0.17180624604225159,-0.019386848800886359,-0.027141587379619331,0.03515625,-0.03515625,-0.44507811963558197,0.032601662563699563,-0.036053248333353105,35,35,0,0,0,1,1,1,1,1,1,1,1,1,RUNNING,10.000630000000399,0.00063000000039892257
806,8.0525639590000004,FINAL_CENTER_PROFILE,J2_KP100,1,1,1280,1,64,0.050000000000000003,0,0,0,1,1,5.8313001261490287,1.9958552254897655,-0.11047934031966052,0.11047934031966052,5.7996115684509277,2.0309953689575195,-0.0013934492667856476,-0.00084817504699821592,-0.0011208121568919318,-0.0063995405906458764,-0.0052787284337539441,-0.00054527421978743163,0,-0.22089375555515289,-0,-0.03489632831240623,0.03515625,-0.02734375,-0.39562499523162842,0.031688557698100972,-0.03514014346775407,35,35,0,0,0,1,1,1,1,1,1,1,1,1,RUNNING,9.99956200000085,0.00043799999914995169
807,8.0625640670000003,FINAL_CENTER_PROFILE,J2_KP100,1,1,1280,1,64,0.050000000000000003,0,0,0,1,1,5.8301953327458316,1.9969600188929619,-0.11047934031966052,0.11047934031966052,5.7994198799133301,2.0309953689575195,-0.0013631667170371433,-0.00084817504699821592,-0.0011056708820176796,-0.0062250076654464422,-0.0051193367834287623,-0.00051499167003892735,-0.17180624604225159,-0.098174996674060822,0.027141587379619331,-0.015509478334492909,0.03515625,-0.02734375,-0.39562499523162842,0.030775452832501493,-0.034035350064557601,35,35,0,0,0,1,1,1,1,1,1,1,1,1,RUNNING,10.000107999999841,0.00010799999984101305
808,8.0725639269999991,FINAL_CENTER_PROFILE,J2_KP100,1,1,1280,1,64,0.050000000000000003,0,0,0,1,1,5.8290905393426353,1.9980648122961586,-0.11047934031966052,0.11047934031966052,5.7994198799133301,2.0311870574951172,-0.0013631667170371433,-0.00081789249724971175,-0.0010905296071434276,-0.0060504747402470097,-0.0049599451331035823,-0.00054527421978743152,-0.049087498337030411,-0.049087498337030411,0.0077547391672464546,-0.0077547391672464546,0.01953125,-0.02734375,-0.29671874642372131,0.029670659429305246,-0.033122245198958566,35,35,0,0,0,1,1,1,1,1,1,1,1,1,RUNNING,9.9998599999988613,0.00014000000113867372
809,8.0825639270000007,FINAL_CENTER_PROFILE,J2_KP100,1,1,1280,1,64,0.050000000000000003,0,0,0,1,1,5.8279857459394391,1.9991696056993553,-0.11047934031966052,0.11047934031966052,5.7994198799133301,2.0311870574951172,-0.0013631667170371433,-0.00081789249724971175,-0.0010905296071434276,-0.0058759418150475771,-0.0047854122079041498,-0.00054527421978743152,-0.024543749168515205,-0.14726249873638153,0.0038773695836232273,-0.023264218090252847,0.02734375,-0.01953125,-0.29671874642372131,0.028565866026108999,-0.032017451795761875,35,35,0,0,0,1,1,1,1,1,1,1,1,1,RUNNING,10.000000000001563,1.5631940186722204e-12
810,8.0925639870000001,FINAL_CENTER_PROFILE,J2_KP100,1,1,1280,1,64,0.050000000000000003,0,0,0,1,1,5.8268809525362419,2.000274399102552,-0.11047934031966052,0.11047934031966052,5.7994198799133301,2.0311870574951172,-0.0013631667170371433,-0.00081789249724971175,-0.0010905296071434276,-0.0057014088898481429,-0.0046108792827047156,-0.00054527421978743152,0,-0.22089375555515289,-0,-0.03489632831240623,0.02734375,-0.0234375,-0.32144530862569809,0.027461072622911864,-0.030912658392565184,35,35,0,0,0,1,1,1,1,1,1,1,1,1,RUNNING,10.000059999999422,5.9999999422188921e-05
811,8.1025638400000002,FINAL_CENTER_PROFILE,J2_KP100,1,1,1280,1,64,0.050000000000000003,0,0,0,1,1,5.8257761591330457,2.0013791925057483,-0.11047934031966052,0.11047934031966052,5.7992277145385742,2.0313787460327148,-0.0013328088375628966,-0.00078760994750120758,-0.0010602093925320521,-0.0055268759646487104,-0.0044666665721166581,-0.00054519889006168906,-0.24543750286102295,0.14726249873638153,0.038773697601772718,0.023264218090252847,0.0234375,-0.0234375,-0.29671874642372131,0.026548444594471476,-0.029999553526966594,35,35,0,0,0,1,1,1,1,1,1,1,1,1,RUNNING,9.9998530000000585,0.00014699999994149948
812,8.1125637560000001,FINAL_CENTER_PROFILE,J2_KP100,1,1,1280,1,64,0.050000000000000003,0,0,0,1,1,5.8246713657298486,2.0024839859089449,-0.11047934031966052,0.11047934031966052,5.7992277145385742,2.0313787460327148,-0.0013328088375628966,-0.00078760994750120758,-0.0010602093925320521,-0.0053523430394492779,-0.0042921336469172256,-0.00054519889006168906,-0.098174996674060822,0,0.015509478334492909,0,0.0234375,-0.0234375,-0.29671874642372131,0.025443651191274341,-0.028894760123769903,35,35,0,0,0,1,1,1,1,1,1,1,1,1,RUNNING,9.9999159999999421,8.4000000057926627e-05
813,8.122563757,FINAL_CENTER_PROFILE,J2_KP100,1,1,1280,1,64,0.050000000000000003,0,0,0,1,1,5.8235665723266523,2.0035887793121416,-0.11047934031966052,0.11047934031966052,5.7992277145385742,2.0313787460327148,-0.0013328088375628966,-0.00078760994750120758,-0.0010602093925320521,-0.0051778101142498437,-0.0041176007217177913,-0.00054519889006168906,-0.073631249368190765,0,0.011632109045126423,0,0.0234375,-0.02734375,-0.32144530862569809,0.024338857788078094,-0.027789966720573211,35,35,0,0,0,1,1,1,1,1,1,1,1,1,RUNNING,10.00000099999987,9.9999986957755027e-07
814,8.1325637620000002,FINAL_CENTER_PROFILE,J2_KP100,1,1,1280,1,64,0.050000000000000003,0,0,0,1,1,5.8224617789234561,2.0046935727153383,-0.11047934031966052,0.11047934031966052,5.7990360260009766,2.0313787460327148,-0.0013025262878143924,-0.00078760994750120758,-0.0010450681176577999,-0.0050032771890504112,-0.0039582090713926113,-0.00051491634031318478,-0.26998123526573181,-0.049087498337030411,0.042651064537085275,-0.0077547391672464546,0.0234375,-0.01953125,-0.27199218422174454,0.023425752922479504,-0.02668517331737652,35,35,0,0,0,1,1,1,1,1,1,1,1,1,RUNNING,10.000005000000201,5.0000002005390343e-06
815,8.1425640559999994,FINAL_CENTER_PROFILE,J2_KP100,1,1,1280,1,64,0.050000000000000003,0,0,0,1,1,5.8213569855202589,2.005798366118535,-0.11047934031966052,0.11047934031966052,5.7990360260009766,2.0313787460327148,-0.0013025262878143924,-0.00078760994750120758,-0.0010450681176577999,-0.0048287442638509787,-0.0037836761461931788,-0.00051491634031318478,-0.12271875143051147,-0.098174996674060822,0.019386848800886359,-0.015509478334492909,0.01953125,-0.01953125,-0.24726562201976776,0.022320959519282368,-0.025580379914179829,35,35,0,0,0,1,1,1,1,1,1,1,1,1,RUNNING,10.000293999999244,0.0002939999992435105
816,8.1525641929999999,FINAL_CENTER_PROFILE,J2_KP100,1,1,1280,1,64,0.050000000000000003,0,0,0,1,1,5.8202521921170627,2.0069031595217317,-0.11047934031966052,0.11047934031966052,5.7988443374633789,2.0317623615264893,-0.0012722437380658883,-0.00072700718314132795,-0.00099962546060360807,-0.0046542113386515444,-0.0036545858780479366,-0.00054523655492456035,-0.31906875967979431,0.34361249208450317,0.050405807823926105,0.054283174759238662,0.01953125,-0.01171875,-0.19781249761581421,0.021407854653683778,-0.024859202004757552,35,35,0,0,0,1,1,1,1,1,1,1,1,1,RUNNING,10.000137000000464,0.00013700000046412697
817,8.1625639470000007,FINAL_CENTER_PROFILE,J2_KP100,1,1,1280,1,64,0.050000000000000003,0,0,0,1,1,5.8191473987138655,2.008007952924928,-0.11047934031966052,0.11047934031966052,5.7988443374633789,2.0315706729888916,-0.0012722437380658883,-0.00075728973288983212,-0.0010147667354778603,-0.0044796784134521137,-0.0034649116779742533,-0.00051495400517605617,-0.22089375555515289,-0.17180624604225159,0.03489632831240623,-0.027141587379619331,0.0234375,-0.01953125,-0.27199218422174454,0.020303061250486643,-0.023562720063963649,35,35,0,0,0,1,1,1,1,1,1,1,1,1,RUNNING,9.999754000000749,0.00024599999925101201
818,8.1725637819999992,FINAL_CENTER_PROFILE,J2_KP100,1,1,1280,1,64,0.050000000000000003,0,0,0,1,1,5.8180426053106693,2.0091127463281246,-0.11047934031966052,0.11047934031966052,5.7988443374633789,2.0317623615264893,-0.0012722437380658883,-0.00072700718314132795,-0.00099962546060360807,-0.0043051454882526811,-0.0033055200276490733,-0.00054523655492456035,-0.24543750286102295,0.073631249368190765,0.038773697601772718,0.011632109045126423,0.01171875,-0.01171875,-0.14835937321186066,0.019198267847290396,-0.022649615198364614,35,35,0,0,0,1,1,1,1,1,1,1,1,1,RUNNING,9.9998349999985692,0.00016500000143082616
819,8.1825646089999999,FINAL_CENTER_PROFILE,J2_KP100,1,1,1280,1,64,0.050000000000000003,0,0,0,1,1,5.8169378119074731,2.0102175397313213,-0.11047934031966052,0.11047934031966052,5.7986526489257812,2.0317623615264893,-0.001241961188317384,-0.00072700718314132795,-0.00098448418572935604,-0.0041306125630532469,-0.0031461283773238907,-0.00051495400517605607,-0.17180624604225159,0.12271875143051147,0.027141587379619331,0.019386848800886359,0.01171875,-0.0234375,-0.22253905981779099,0.018285162981691805,-0.021544821795167923,35,35,0,0,0,1,1,1,1,1,1,1,1,1,RUNNING,10.000827000000712,0.0008270000007115641
820,8.1925640939999997,FINAL_CENTER_PROFILE,J2_KP100,1,1,1280,1,64,0.050000000000000003,0,0,0,1,1,5.8158330185042759,2.011322333134518,-0.11047934031966052,0.11047934031966052,5.7980775833129883,2.0315706729888916,-0.0011511135390718714,-0.00075728973288983212,-0.00095420163598085176,-0.0039560796378538144,-0.0030018780018729626,-0.00039382380618203927,-0.29452499747276306,-0.39269998669624329,0.046528436180505693,-0.062037913337971637,0.01171875,-0.0234375,-0.22253905981779099,0.017755435191287638,-0.020248339854373576,35,35,0,0,0,1,1,1,1,1,1,1,1,1,RUNNING,9.9994849999998081,0.00051500000019188974
821,8.2025640190000004,FINAL_CENTER_PROFILE,J2_KP100,1,1,1280,1,64,0.050000000000000003,0,0,0,1,1,5.8147282251010797,2.0124271265377147,-0.11047934031966052,0.11047934031966052,5.7978858947753906,2.0317623615264893,-0.0011208309893233673,-0.00072700718314132795,-0.00092391908623234769,-0.0037815467126543819,-0.0028576276264220342,-0.00039382380618203938,-0.24543750286102295,-0.31906875967979431,0.038773697601772718,-0.050405807823926105,0.01171875,-0.0078125,-0.12363281100988388,0.016842330325689048,-0.019335234988774541,35,35,0,0,0,1,1,1,1,1,1,1,1,1,RUNNING,9.9999250000006867,7.4999999313263288e-05
822,8.2125647849999996,FINAL_CENTER_PROFILE,J2_KP100,1,1,1280,1,64,0.050000000000000003,0,0,0,1,1,5.8136234316978825,2.013531919940911,-0.11047934031966052,0.11047934031966052,5.7976937294006348,2.0319540500640869,-0.0010904731098491207,-0.00069672463339282378,-0.00089359887162097223,-0.0036070137874549477,-0.0027134149158339754,-0.00039374847645629691,-0.049087498337030411,-0.53996247053146362,0.0077547391672464546,-0.085302129074170549,0.01953125,-0.0078125,-0.17308593541383743,0.015929702297247772,-0.01842213012317595,35,35,0,0,0,1,1,1,1,1,1,1,1,1,RUNNING,10.000765999999217,0.00076599999921711515
823,8.2225642380000004,FINAL_CENTER_PROFILE,J2_KP100,1,1,1280,1,64,0.050000000000000003,0,0,0,1,1,5.8125186382946863,2.0146367133441077,-0.11047934031966052,0.11047934031966052,5.7973103523254395,2.0323376655578613,-0.0010299080103521121,-0.00063612186903294415,-0.00083301493969252819,-0.0034324808622555152,-0.002599465922562987,-0.00039378614131916798,-0.44178751111030579,0.12271875143051147,0.06979265662481246,0.019386848800886359,0.01171875,-0.0078125,-0.12363281100988388,0.015208285969246838,-0.017700952213753673,35,35,0,0,0,1,1,1,1,1,1,1,1,1,RUNNING,9.9994530000007131,0.00054699999928686793
824,8.2325640189999998,FINAL_CENTER_PROFILE,J2_KP100,1,1,1280,1,64,0.050000000000000003,0,0,0,1,1,5.81141384489149,2.0157415067473043,-0.11047934031966052,0.11047934031966052,5.7973103523254395,2.0323376655578613,-0.0010299080103521121,-0.00063612186903294415,-0.00083301493969252819,-0.0032579479370560827,-0.0024249329973635545,-0.00039378614131916798,0.098174996674060822,-0.12271875143051147,-0.015509478334492909,-0.019386848800886359,0.01953125,-0.0078125,-0.17308593541383743,0.014103492566050591,-0.016596158810556982,35,35,0,0,0,1,1,1,1,1,1,1,1,1,RUNNING,9.9997809999994303,0.00021900000056973568
825,8.2425669209999999,FINAL_CENTER_PROFILE,J2_KP100,1,1,1280,1,64,0.050000000000000003,0,0,0,1,1,5.8103090514882929,2.016846300150501,-0.11047934031966052,0.11047934031966052,5.7965435981750488,2.0323376655578613,-0.00090877781135809555,-0.00063612186903294415,-0.00077244984019551985,-0.0030834150118566484,-0.0023109651716611288,-0.00027265594232515141,-0.19634999334812164,-0.22089375555515289,0.031018956668985818,-0.03489632831240623,0.0234375,-0.0078125,-0.19781249761581421,0.01376545331324408,-0.015491365407360291,35,35,0,0,0,1,1,1,1,1,1,1,1,1,RUNNING,10.002902000000091,0.0029020000000912205
826,8.252564649,FINAL_CENTER_PROFILE,J2_KP100,1,1,1280,1,64,0.050000000000000003,0,0,0,1,1,5.8092042580850967,2.0179510935536977,-0.11047934031966049,0.11047934031966049,5.7959680557250977,2.0329127311706543,-0.00081785483238684046,-0.00054527421978743152,-0.00068156452608713605,-0.0029088820866572142,-0.0022273175605700781,-0.00027258061259940894,-0.17180624604225159,0.12271875143051147,0.027141587379619331,0.019386848800886359,0.01171875,-0.00390625,-0.098906248807907104,0.013236202359999005,-0.014961637616956569,35,35,0,0,0,1,1,1,1,1,1,1,1,1,RUNNING,9.9977280000000945,0.0022719999999054608
827,8.2625661519999998,FINAL_CENTER_PROFILE,J2_KP100,1,1,1280,1,64,0.050000000000000003,0,0,0,1,1,5.8081160365829474,2.0190393150558461,-0.10716496011007066,0.10716496011007066,5.7953929901123047,2.0329127311706543,-0.00072700718314132795,-0.00054527421978743152,-0.00063614070146437974,-0.0027369671553357736,-0.0021008264538713937,-0.00018173296335389643,-0.51541876792907715,-0.073631249368190765,0.081424766846965854,-0.011632109045126423,0.01171875,-0.0078125,-0.12363281100988388,0.012723046470642707,-0.01387341611480819,35,35,0,0,0,1,1,1,1,1,1,1,1,1,RUNNING,10.001502999999801,0.001502999999800636
828,8.2725648780000007,FINAL_CENTER_PROFILE,J2_KP100,1,1,1280,1,64,0.050000000000000003,0,0,0,1,1,5.8070609588828948,2.0200943927558987,-0.10385057990048085,0.10385057990048085,5.7950096130371094,2.033679723739624,-0.0006664420836443195,-0.00042410635593054361,-0.00054527421978743152,-0.0025702882117703153,-0.0020250139919828838,-0.00024233572771377589,-0.36815625429153442,0.51541876792907715,0.05816054640265908,0.081424766846965854,0.0078125,-0.0078125,-0.098906248807907104,0.012051345845785377,-0.013585330983725274,35,35,0,0,0,1,1,1,1,1,1,1,1,1,RUNNING,9.998726000000957,0.0012739999990429851
829,8.282566009,FINAL_CENTER_PROFILE,J2_KP100,1,1,1280,1,64,0.050000000000000003,0,0,0,1,1,5.8060390249849378,2.0211163266538557,-0.10053619969089103,0.10053619969089103,5.7948179244995117,2.033679723739624,-0.00063615953389581533,-0.00042410635593054361,-0.00053013294491317949,-0.0024088452559608391,-0.0018787123110476597,-0.00021205317796527172,-0.17180624604225159,0.073631249368190765,0.027141587379619331,0.011632109045126423,0.0078125,-0.0078125,-0.098906248807907104,0.011221100485426128,-0.012563397085768369,35,35,0,0,0,1,1,1,1,1,1,1,1,1,RUNNING,10.001130999999219,0.0011309999992192843
830,8.2925661910000006,FINAL_CENTER_PROFILE,J2_KP100,1,1,1280,1,64,0.050000000000000003,0,0,0,1,1,5.8050502348890776,2.0221051167497168,-0.09722181948130125,0.09722181948130125,5.7946257591247559,2.033679723739624,-0.00060580165442156869,-0.00042410635593054361,-0.00051495400517605617,-0.0022526382879073468,-0.0017376842827312906,-0.00018169529849102508,-0.049087498337030411,-0.34361249208450317,0.0077547391672464546,-0.054283174759238662,0.00390625,-0.00390625,-0.049453124403953552,0.010424475764321706,-0.011574606989907199,35,35,0,0,0,1,1,1,1,1,1,1,1,1,RUNNING,10.000182000000635,0.00018200000063472999
831,8.3025651099999997,FINAL_CENTER_PROFILE,J2_KP100,1,1,1280,1,64,0.050000000000000003,0,0,0,1,1,5.8040945885953121,2.0230607630434818,-0.093907439271711426,0.093907439271711426,5.7942423820495605,2.0340633392333984,-0.00054523655492456035,-0.00036350359157066397,-0.00045437007324761213,-0.0021016673076098384,-0.0016472972343622263,-0.00018173296335389637,-0.58904999494552612,0.24543750286102295,0.093056872361011386,0.038773697601772718,0.0078125,-0.00390625,-0.074179686605930328,0.0098522065457515851,-0.011002576189916624,35,35,0,0,0,1,1,1,1,1,1,1,1,1,RUNNING,9.9989189999991623,0.0010810000008376619
832,8.3125654959999995,FINAL_CENTER_PROFILE,J2_KP100,1,1,1280,1,64,0.050000000000000003,0,0,0,1,1,5.8031720861036433,2.0239832655351511,-0.090593059062121603,0.090593059062121603,5.7940506935119629,2.0342550277709961,-0.00051495400517605607,-0.00033322104182215975,-0.00042408752349910791,-0.0019559323150683105,-0.0015318447915692026,-0.00018173296335389632,-0.14726249873638153,-0.024543749168515205,0.023264218090252847,-0.0038773695836232273,0.01171875,-0.01171875,-0.14835937321186066,0.0091213925916804328,-0.010271762235845028,35,35,0,0,0,1,1,1,1,1,1,1,1,1,RUNNING,10.00038599999975,0.00038599999975019728
833,8.3225646040000001,FINAL_CENTER_PROFILE,J2_KP100,1,1,1280,1,64,0.050000000000000003,0,0,0,1,1,5.8022827274140694,2.0248726242247241,-0.087278678852531794,0.087278678852531794,5.7936673164367676,2.0344467163085938,-0.00045438890567904778,-0.00030293849207365558,-0.00037866369887635165,-0.0018154333102827682,-0.0014367696114064164,-0.0001514504136053922,-0.24543750286102295,0.073631249368190765,0.038773697601772718,0.011632109045126423,0.00390625,-0.0078125,-0.074179686605930328,0.0086154109773017851,-0.009574092083869612,35,35,0,0,0,1,1,1,1,1,1,1,1,1,RUNNING,9.9991080000005894,0.0008919999994105865
834,8.3325644079999996,FINAL_CENTER_PROFILE,J2_KP100,1,1,1280,1,64,0.050000000000000003,0,0,0,1,1,5.801426512526592,2.0257288391122015,-0.08396429864294197,0.08396429864294197,5.7934756278991699,2.0344467163085938,-0.00042410635593054361,-0.00030293849207365558,-0.00036352242400209962,-0.0016801702932532064,-0.0013166478692511066,-0.00012116786385688803,0.12271875143051147,-0.24543750286102295,-0.019386848800886359,-0.038773697601772718,0.0078125,0,-0.049453124403953552,0.0079508846274221057,-0.0087178771963922763,35,35,0,0,0,1,1,1,1,1,1,1,1,1,RUNNING,9.9998039999995569,0.00019600000044306398
835,8.3425644089999995,FINAL_CENTER_PROFILE,J2_KP100,1,1,1280,1,64,0.050000000000000003,0,0,0,1,1,5.8006034414412104,2.0265519101975831,-0.080649918433352161,0.080649918433352161,5.7930917739868164,2.0344467163085938,-0.00036346592670779269,-0.00030293849207365558,-0.00033320220939072416,-0.0015501432639796302,-0.0012169410545889059,-6.052743463413711e-05,-0.24543750286102295,-0.26998123526573181,0.038773697601772718,-0.042651064537085275,0.0078125,0,-0.049453124403953552,0.0075116674543940221,-0.0078948061110106771,35,35,0,0,0,1,1,1,1,1,1,1,1,1,RUNNING,10.00000099999987,9.9999986957755027e-07
836,8.3525647000000003,FINAL_CENTER_PROFILE,J2_KP100,1,1,1280,1,64,0.050000000000000003,0,0,0,1,1,5.7998135141579255,2.0273418374808685,-0.077335538223762337,0.077335538223762337,5.7932839393615723,2.0346386432647705,-0.00039382380618203938,-0.00027261827746228017,-0.00033322104182215975,-0.0014253522224620344,-0.0010921311806398747,-0.00012120552871975921,0.14726249873638153,0,-0.023264218090252847,0,0.00390625,-0.00390625,-0.049453124403953552,0.006529574796353188,-0.0072968057839020162,35,35,0,0,0,1,1,1,1,1,1,1,1,1,RUNNING,10.000291000000772,0.00029100000077164623
837,8.3625641480000006,FINAL_CENTER_PROFILE,J2_KP100,1,1,1280,1,64,0.050000000000000003,0,0,0,1,1,5.7990567306767353,2.0280986209620582,-0.074021158014172514,0.074021158014172514,5.7929000854492188,2.0346386432647705,-0.00033318337695928852,-0.00027261827746228017,-0.00030290082721078434,-0.0013057971687004243,-0.00100289634148964,-6.0565099497008343e-05,-0.53996247053146362,0,0.085302129074170549,0,0.0078125,0,-0.049453124403953552,0.0061566452275165773,-0.0065400223027123339,35,35,0,0,0,1,1,1,1,1,1,1,1,1,RUNNING,9.9994480000002994,0.00055199999970056979
838,8.3725645049999997,FINAL_CENTER_PROFILE,J2_KP100,1,1,1280,1,64,0.050000000000000003,0,0,0,1,1,5.7983330909976418,2.0288222606411521,-0.070706777804582704,0.070706777804582704,5.7930917739868164,2.0346386432647705,-0.00036346592670779269,-0.00027261827746228017,-0.00031804210208503643,-0.0011914781026947947,-0.00087343600060975823,-9.0847649245512515e-05,-0.12271875143051147,-0.24543750286102295,0.019386848800886359,-0.038773697601772718,0.0078125,0.00390625,-0.024726562201976776,0.0052413170108254192,-0.005816382623618388,35,35,0,0,0,1,1,1,1,1,1,1,1,1,RUNNING,10.000356999999127,0.00035699999912708336
839,8.3825676070000004,FINAL_CENTER_PROFILE,J2_KP100,1,1,1280,1,64,0.050000000000000003,0,0,0,1,1,5.7976425951206441,2.0295127565181499,-0.067392397594992881,0.067392397594992881,5.7934756278991699,2.0346386432647705,-0.00042410635593054361,-0.00027261827746228017,-0.00034836231669641189,-0.0010823950244451489,-0.00073403270774873703,-0.00015148807846826343,0.46633124351501465,-0.098174996674060822,-0.073670023560125017,-0.015509478334492909,0.0078125,0,-0.049453124403953552,0.0041669672214741382,-0.0051258867466206226,35,35,0,0,0,1,1,1,1,1,1,1,1,1,RUNNING,10.003102000000652,0.0031020000006520831
840,8.3925647869999995,FINAL_CENTER_PROFILE,J2_KP100,1,1,1280,1,64,0.050000000000000003,0,0,0,1,1,5.796985243045742,2.0301701085930519,-0.064078017385403072,0.064078017385403072,5.7930917739868164,2.0344467163085938,-0.00036346592670779269,-0.00030293849207365558,-0.00033320220939072416,-0.00097854793395148708,-0.00064534572456076292,-6.052743463413711e-05,-0.34361249208450317,-0.29452499747276306,0.054283174759238662,-0.046528436180505693,0.00390625,-0.00390625,-0.049453124403953552,0.0038934690589256249,-0.0042766077155418358,35,35,0,0,0,1,1,1,1,1,1,1,1,1,RUNNING,9.9971799999991617,0.0028200000008382631
841,8.4025648919999991,FINAL_CENTER_PROFILE,J2_KP100,1,1,1280,1,64,0.050000000000000003,0,0,0,1,1,5.7963610347729357,2.0307943168658582,-0.060763637175813248,0.060763637175813248,5.7927083969116211,2.0346386432647705,-0.00030290082721078434,-0.00027261827746228017,-0.00028775955233653226,-0.00087993683121380742,-0.00059217727887727516,-3.0282549748504172e-05,-0.073631249368190765,-0.22089375555515289,0.011632109045126423,-0.03489632831240623,0.00390625,0.00390625,0,0.0036526378613146449,-0.0038443263989123011,35,35,0,0,0,1,1,1,1,1,1,1,1,1,RUNNING,10.000104999999593,0.00010499999959279194
842,8.4125645509999991,FINAL_CENTER_PROFILE,J2_KP100,1,1,1280,1,64,0.050000000000000003,0,0,0,1,1,5.7957699703022261,2.0313853813365683,-0.05744925696622346,0.05744925696622346,5.7925167083740234,2.0348303318023682,-0.00027261827746228017,-0.00024233572771377597,-0.00025747700258802809,-0.00078656171623211167,-0.00052908471364408358,-3.0282549748504199e-05,-0.26998123526573181,-0.31906875967979431,0.042651064537085275,-0.050405807823926105,0,0.00390625,0.024726562201976776,0.0032532619282026332,-0.0034449504657998453,35,35,0,0,0,1,1,1,1,1,1,1,1,1,RUNNING,9.9996589999999941,0.0003410000000059199
843,8.4225645490000005,FINAL_CENTER_PROFILE,J2_KP100,1,1,1280,1,64,0.050000000000000003,0,0,0,1,1,5.7952120496336113,2.0319433020051827,-0.054134876756633643,0.054134876756633643,5.7923250198364258,2.0348303318023682,-0.00024233572771377597,-0.00024233572771377597,-0.00024233572771377597,-0.0006984225890063981,-0.00045608686129262215,0,-0.44178751111030579,-0.39269998669624329,0.06979265662481246,-0.062037913337971637,0,0,0,0.0028870297971854697,-0.0028870297971854697,35,35,0,0,0,1,1,1,1,1,1,1,1,1,RUNNING,9.9999980000013977,1.9999986022867233e-06
844,8.4325643960000001,FINAL_CENTER_PROFILE,J2_KP100,1,1,1280,1,64,0.050000000000000003,0,0,0,1,1,5.7946872727670931,2.0324680788717009,-0.050820496547043827,0.050820496547043827,5.7925167083740234,2.0348303318023682,-0.00027261827746228017,-0.00024233572771377597,-0.00025747700258802809,-0.00061551944953666671,-0.00035804244694863862,-3.0282549748504199e-05,0,-0.34361249208450317,-0,-0.054283174759238662,0,0.00390625,0.024726562201976776,0.0021705643930696183,-0.0023622529306672746,35,35,0,0,0,1,1,1,1,1,1,1,1,1,RUNNING,9.9998469999995621,0.00015300000043794171
845,8.4425651839999993,FINAL_CENTER_PROFILE,J2_KP100,1,1,1280,1,64,0.050000000000000003,0,0,0,1,1,5.7941956397026706,2.0329597119361233,-0.047506116337454017,0.047506116337454017,5.7923250198364258,2.0348303318023682,-0.00024233572771377597,-0.00024233572771377597,-0.00024233572771377597,-0.00053785229782291923,-0.00029551657010914328,0,-0.24543750286102295,-0.4908750057220459,0.038773697601772718,-0.077547395203545436,0.00390625,0,-0.024726562201976776,0.0018706198662448159,-0.0018706198662448159,35,35,0,0,0,1,1,1,1,1,1,1,1,1,RUNNING,10.000787999999261,0.00078799999926104647
846,8.4525644,FINAL_CENTER_PROFILE,J2_KP100,1,1,1280,1,64,0.050000000000000003,0,0,0,1,1,5.7937371504403439,2.0334182011984501,-0.044191736127864194,0.044191736127864194,5.7923250198364258,2.0348303318023682,-0.00024233572771377597,-0.00024233572771377597,-0.00024233572771377597,-0.00046542113386515392,-0.00022308540615137795,0,-0.14726249873638153,-0.63813751935958862,0.023264218090252847,-0.10081161564785221,0.00390625,0,-0.024726562201976776,0.0014121306039180936,-0.0014121306039180936,35,35,0,0,0,1,1,1,1,1,1,1,1,1,RUNNING,9.9992160000006436,0.00078399999935641063
847,8.4625641849999997,FINAL_CENTER_PROFILE,J2_KP100,1,1,1280,1,64,0.050000000000000003,0,0,0,1,1,5.7933118049801129,2.0338435466586806,-0.04087735591827437,0.04087735591827437,5.7925167083740234,2.0350220203399658,-0.00027261827746228017,-0.0002120531779652718,-0.000242335727713776,-0.00039822595766337253,-0.00015589022994959653,-6.056509949700837e-05,0.098174996674060822,0.073631249368190765,-0.015509478334492909,0.011632109045126423,0.00390625,0,-0.024726562201976776,0.00079509660608945154,-0.0011784736812852081,35,35,0,0,0,1,1,1,1,1,1,1,1,1,RUNNING,9.9997849999997612,0.00021500000023877419
848,8.4725641409999994,FINAL_CENTER_PROFILE,J2_KP100,1,1,1280,1,64,0.050000000000000003,0,0,0,1,1,5.7929196033219785,2.0342357483168154,-0.037562975708684554,0.037562975708684554,5.7923250198364258,2.0350220203399658,-0.00024233572771377597,-0.0002120531779652718,-0.00022719445283952389,-0.00033626676921757331,-0.00010907231637804943,-3.0282549748504172e-05,0.12271875143051147,-0.36815625429153442,-0.019386848800886359,-0.05816054640265908,0.00390625,0.00390625,0,0.00059458348555274654,-0.00078627202315040279,35,35,0,0,0,1,1,1,1,1,1,1,1,1,RUNNING,9.999955999999699,4.4000000301025466e-05
849,8.4825641219999994,FINAL_CENTER_PROFILE,J2_KP100,1,1,1280,1,64,0.050000000000000003,0,0,0,1,1,5.7925605454659399,2.0345948061728545,-0.034248595499094737,0.034248595499094737,5.7923250198364258,2.0350220203399658,-0.00024233572771377597,-0.0002120531779652718,-0.00022719445283952389,-0.00027954356852775801,-5.2349115688234122e-05,-3.0282549748504172e-05,0.26998123526573181,-0.36815625429153442,-0.042651064537085275,-0.05816054640265908,0,0,0,0.0002355256295141217,-0.00042721416711133386,35,35,0,0,0,1,1,1,1,1,1,1,1,1,RUNNING,9.9999809999999911,1.900000000887303e-05
850,8.492564432,FINAL_CENTER_PROFILE,J2_KP100,1,1,1280,1,64,0.050000000000000003,0,0,0,1,1,5.7922346314119961,2.0349207202267974,-0.030934215289504918,0.030934215289504918,5.7919416427612305,2.0352137088775635,-0.0001817706282167676,-0.0001817706282167676,-0.0001817706282167676,-0.00022805635559392488,-4.628572737715728e-05,0,-0.024543749168515205,0,0.0038773695836232273,0,0,0,0,0.00029298865076565761,-0.0002929886507661017,35,35,0,0,0,1,1,1,1,1,1,1,1,1,RUNNING,10.000310000000567,0.00031000000056735644
851,8.5025644620000005,FINAL_CENTER_PROFILE,J2_KP100,1,1,1280,1,64,0.050000000000000003,0,0,0,1,1,5.7919418611601499,2.0352134904786445,-0.027619835079915101,0.027619835079915101,5.7919416427612305,2.0352137088775635,-0.0001817706282167676,-0.0001817706282167676,-0.0001817706282167676,-0.00018180513041607567,-3.4502199308065334e-08,0,0,-0.049087498337030411,-0,-0.0077547391672464546,0.0078125,0.00390625,-0.024726562201976776,2.1839891939379186e-07,-2.1839891894970265e-07,35,35,0,0,0,1,1,1,1,1,1,1,1,1,RUNNING,10.000030000000493,3.000000049269147e-05
852,8.5125643879999995,FINAL_CENTER_PROFILE,J2_KP100,1,1,1280,1,64,0.050000000000000003,0,0,0,1,1,5.7916822347103984,2.0354731169283955,-0.024305454870325285,0.024305454870325285,5.7917499542236328,2.0352137088775635,-0.00015148807846826343,-0.0001817706282167676,-0.00016662935334251552,-0.00014078989299420863,2.5839460348306886e-05,3.0282549748504172e-05,-0.36815625429153442,-0.19634999334812164,0.05816054640265908,-0.031018956668985818,0.00390625,0.00390625,0,-6.7719513234365536e-05,0.00025940805083202179,35,35,0,0,0,1,1,1,1,1,1,1,1,1,RUNNING,9.9999259999989931,7.4000001006879756e-05
853,8.5225641289999992,FINAL_CENTER_PROFILE,J2_KP100,1,1,1280,1,64,0.050000000000000003,0,0,0,1,1,5.7914557520627428,2.0356995995760512,-0.020991074660735465,0.020991074660735465,5.791557788848877,2.0354056358337402,-0.00012113019899401671,-0.00015145041360539217,-0.00013629030629970444,-0.00010501064332832551,3.1279662971378936e-05,3.0320214611375459e-05,-0.19634999334812164,-0.24543750286102295,0.031018956668985818,-0.038773697601772718,0.0078125,0.00390625,-0.024726562201976776,-0.00010203678613418532,0.00029396374231094313,35,35,0,0,0,1,1,1,1,1,1,1,1,1,RUNNING,9.9997409999996734,0.00025900000032663684
854,8.5325643440000007,FINAL_CENTER_PROFILE,J2_KP100,1,1,1280,1,64,0.050000000000000003,0,0,0,1,1,5.7912624132171837,2.0358929384216102,-0.017676694451145648,0.017676694451145648,5.791557788848877,2.0354056358337402,-0.00012113019899401671,-0.00015145041360539217,-0.00013629030629970444,-7.4467381418424558e-05,6.1822924881279885e-05,3.0320214611375459e-05,-0.098174996674060822,-0.24543750286102295,0.015509478334492909,-0.038773697601772718,0,0.00390625,0.024726562201976776,-0.00029537563169323988,0.00048730258786999769,35,35,0,0,0,1,1,1,1,1,1,1,1,1,RUNNING,10.000215000001589,0.00021500000158880539
855,8.5425641829999996,FINAL_CENTER_PROFILE,J2_KP100,1,1,1280,1,64,0.050000000000000003,0,0,0,1,1,5.7911022181737204,2.036053133465074,-0.01436231424155583,0.01436231424155583,5.7913661003112793,2.0357890129089355,-9.0847649245512528e-05,-9.0885314108383802e-05,-9.0866481676948158e-05,-4.9160107264507522e-05,4.1706374412440637e-05,3.7664862871273643e-08,-0.41724374890327454,0,0.065915284981392055,0,0,-0.00390625,-0.024726562201976776,-0.00026388213755890177,0.00026412055613844743,35,35,0,0,0,1,1,1,1,1,1,1,1,1,RUNNING,9.9998389999989001,0.00016100000109986468
856,8.5525643280000008,FINAL_CENTER_PROFILE,J2_KP100,1,1,1280,1,64,0.050000000000000003,0,0,0,1,1,5.7909751669323528,2.0361801847064416,-0.011047934031966012,0.011047934031966012,5.7913661003112793,2.0357890129089355,-9.0847649245512528e-05,-9.0885314108383802e-05,-9.0866481676948158e-05,-2.9088820866572662e-05,6.1777660810375496e-05,3.7664862871273643e-08,-0.24543750286102295,-0.29452499747276306,0.038773697601772718,-0.046528436180505693,0.00390625,0,-0.024726562201976776,-0.0003909333789264835,0.00039117179750602915,35,35,0,0,0,1,1,1,1,1,1,1,1,1,RUNNING,10.000145000001126,0.00014500000112604994
857,8.5625641909999999,FINAL_CENTER_PROFILE,J2_KP100,1,1,1280,1,64,0.050000000000000003,0,0,0,1,1,5.790881259493081,2.0362740921457134,-0.007733553822376193,0.007733553822376193,5.791557788848877,2.0359807014465332,-0.00012113019899401671,-6.060276435987963e-05,-9.0866481676948172e-05,-1.425352222461998e-05,7.6612959452328192e-05,-6.0527434634137083e-05,0.12271875143051147,0,-0.019386848800886359,0,-0.00390625,0.0078125,0.074179686605930328,-0.00067652935579598505,0.00029339069918021821,35,35,0,0,0,1,1,1,1,1,1,1,1,1,RUNNING,9.9998629999991095,0.00013700000089045261
858,8.5725663609999998,FINAL_CENTER_PROFILE,J2_KP100,1,1,1280,1,64,0.050000000000000003,0,0,0,1,1,5.7908204958559049,2.0363348557828891,-0.0044191736127863748,0.0044191736127863748,5.7913661003112793,2.0359807014465332,-9.0847649245512528e-05,-6.060276435987963e-05,-7.5725206802696073e-05,-4.6542113386512096e-06,7.1070995464044863e-05,-3.0244884885632898e-05,-0.12271875143051147,-0.17180624604225159,0.019386848800886359,-0.027141587379619331,0.00390625,0.00390625,0,-0.00054560445537443769,0.000354154336355883,35,35,0,0,0,1,1,1,1,1,1,1,1,1,RUNNING,10.002169999999921,0.0021699999999214015
859,8.5825688570000001,FINAL_CENTER_PROFILE,J2_KP100,1,1,1280,1,64,0.050000000000000003,0,0,0,1,1,5.7907928760208254,2.036362475617969,-0.0011047934031965571,0.0011047934031965571,5.7911744117736816,2.0359807014465332,-6.0565099497008357e-05,-6.060276435987963e-05,-6.0583931928443994e-05,-2.9088820866635112e-07,6.0293043719777642e-05,3.7664862871273643e-08,-0.24543750286102295,-0.22089375555515289,0.038773697601772718,-0.03489632831240623,0,-0.00390625,-0.024726562201976776,-0.00038153575285626573,0.00038177417143581138,35,35,0,0,0,1,1,1,1,1,1,1,1,1,RUNNING,10.002496000000249,0.0024960000002494098
860,8.5925655039999995,FINAL_CENTER_PROFILE,J2_KP100,1,1,1280,1,64,0.050000000000000003,0,0,0,1,1,5.7907910346984863,2.0363643169403076,-0,0,5.790982723236084,2.0359807014465332,-3.0282549748504178e-05,-6.060276435987963e-05,-4.5442657054191901e-05,0,4.5442657054191901e-05,3.0320214611375452e-05,-0.26998123526573181,-0.39269998669624329,0.042651064537085275,-0.062037913337971637,0.00390625,0.00390625,0,-0.00019168853759765625,0.00038361549377441406,35,35,0,0,0,1,1,1,1,1,1,1,1,1,RUNNING,9.99664699999947,0.0033530000005299598
861,8.602564246,FINAL_CENTER_ENDPOINT,J2_KP100,1,1,1280,1,64,0.050000000000000003,0,0,0,1,1,5.7907910346984863,2.0363643169403076,-0,0,5.7911744117736816,2.03617262840271,-6.0565099497008357e-05,-3.0282549748504178e-05,-4.5423824622756271e-05,0,4.5423824622756271e-05,-3.0282549748504178e-05,-0.024543749168515205,0,0.0038773695836232273,0,-0.00390625,0.00390625,0.049453124403953552,-0.0003833770751953125,0.00019168853759765625,35,35,0,0,0,1,1,1,1,1,1,1,1,1,RUNNING,9.9987420000005045,0.001257999999495496
862,8.6125637459999993,FINAL_CENTER_ENDPOINT,J2_KP100,1,1,1280,1,64,0.050000000000000003,0,0,0,1,1,5.7907910346984863,2.0363643169403076,-0,0,5.7911744117736816,2.03617262840271,-6.0565099497008357e-05,-3.0282549748504178e-05,-4.5423824622756271e-05,0,4.5423824622756271e-05,-3.0282549748504178e-05,-0.24543750286102295,0.12271875143051147,0.038773697601772718,0.019386848800886359,0,0.00390625,0.024726562201976776,-0.0003833770751953125,0.00019168853759765625,35,35,0,0,0,1,1,1,1,1,1,1,1,1,RUNNING,9.9994999999992729,0.00050000000072714101
863,8.6225638129999993,FINAL_CENTER_ENDPOINT,J2_KP100,1,1,1280,1,64,0.050000000000000003,0,0,0,1,1,5.7907910346984863,2.0363643169403076,-0,0,5.7907910346984863,2.03617262840271,-0,-3.0282549748504178e-05,-1.5141274874252089e-05,0,1.5141274874252089e-05,3.0282549748504178e-05,-0.46633124351501465,-0.22089375555515289,0.073670023560125017,-0.03489632831240623,0.00390625,0.00390625,0,0,0.00019168853759765625,35,35,0,0,0,1,1,1,1,1,1,1,1,1,RUNNING,10.000067000000001,6.7000000001371518e-05
864,8.6325637129999997,FINAL_CENTER_ENDPOINT,J2_KP100,1,1,1280,1,64,0.050000000000000003,0,0,0,1,1,5.7907910346984863,2.0363643169403076,-0,0,5.790982723236084,2.03617262840271,-3.0282549748504178e-05,-3.0282549748504178e-05,-3.0282549748504178e-05,0,3.0282549748504178e-05,0,-0.31906875967979431,-0.46633124351501465,0.050405807823926105,-0.073670023560125017,0,0,0,-0.00019168853759765625,0.00019168853759765625,35,35,0,0,0,1,1,1,1,1,1,1,1,1,RUNNING,9.9999000000003946,9.9999999605415724e-05
865,8.6425649310000008,FINAL_CENTER_ENDPOINT,J2_KP100,1,1,1280,1,64,0.050000000000000003,0,0,0,1,1,5.7907910346984863,2.0363643169403076,-0,0,5.790982723236084,2.03617262840271,-3.0282549748504178e-05,-3.0282549748504178e-05,-3.0282549748504178e-05,0,3.0282549748504178e-05,0,-0.24543750286102295,-0.17180624604225159,0.038773697601772718,-0.027141587379619331,-0.00390625,0.00390625,0.049453124403953552,-0.00019168853759765625,0.00019168853759765625,35,35,0,0,0,1,1,1,1,1,1,1,1,1,RUNNING,10.001218000001089,0.001218000001088626
866,8.6525640030000002,FINAL_CENTER_ENDPOINT,J2_KP100,1,1,1280,1,64,0.050000000000000003,0,0,0,1,1,5.7907910346984863,2.0363643169403076,-0,0,5.7907910346984863,2.03617262840271,-0,-3.0282549748504178e-05,-1.5141274874252089e-05,0,1.5141274874252089e-05,3.0282549748504178e-05,-0.14726249873638153,-0.39269998669624329,0.023264218090252847,-0.062037913337971637,0,0,0,0,0.00019168853759765625,35,35,0,0,0,1,1,1,1,1,1,1,1,1,RUNNING,9.9990719999993871,0.00092800000061288301
867,8.6625640869999998,FINAL_CENTER_ENDPOINT,J2_KP100,1,1,1280,1,64,0.050000000000000003,0,0,0,1,1,5.7907910346984863,2.0363643169403076,-0,0,5.790982723236084,2.03617262840271,-3.0282549748504178e-05,-3.0282549748504178e-05,-3.0282549748504178e-05,0,3.0282549748504178e-05,0,-0.24543750286102295,-0.31906875967979431,0.038773697601772718,-0.050405807823926105,0.00390625,0.00390625,0,-0.00019168853759765625,0.00019168853759765625,35,35,0,0,0,1,1,1,1,1,1,1,1,1,RUNNING,10.000083999999632,8.3999999631600986e-05
868,8.6725639500000007,FINAL_CENTER_ENDPOINT,J2_KP100,1,1,1280,1,64,0.050000000000000003,0,0,0,1,1,5.7907910346984863,2.0363643169403076,-0,0,5.7911744117736816,2.0363643169403076,-6.0565099497008357e-05,0,-3.0282549748504178e-05,0,3.0282549748504178e-05,-6.0565099497008357e-05,0.073631249368190765,-0.14726249873638153,-0.011632109045126423,-0.023264218090252847,0,-0.0078125,-0.049453124403953552,-0.0003833770751953125,0,35,35,0,0,0,1,1,1,1,1,1,1,1,1,RUNNING,9.9998630000008859,0.00013699999911409577
869,8.6825637199999992,FINAL_CENTER_ENDPOINT,J2_KP100,1,1,1280,1,64,0.050000000000000003,0,0,0,1,1,5.7907910346984863,2.0363643169403076,-0,0,5.790982723236084,2.0363643169403076,-3.0282549748504178e-05,0,-1.5141274874252089e-05,0,1.5141274874252089e-05,-3.0282549748504178e-05,-0.17180624604225159,-0.024543749168515205,0.027141587379619331,-0.0038773695836232273,0,0.00390625,0.024726562201976776,-0.00019168853759765625,0,35,35,0,0,0,1,1,1,1,1,1,1,1,1,RUNNING,9.9997699999985201,0.00023000000147987976
870,8.6925638630000002,FINAL_CENTER_ENDPOINT,J2_KP100,1,1,1280,1,64,0.050000000000000003,0,0,0,1,1,5.7907910346984863,2.0363643169403076,-0,0,5.790982723236084,2.0363643169403076,-3.0282549748504178e-05,0,-1.5141274874252089e-05,0,1.5141274874252089e-05,-3.0282549748504178e-05,0,-0.024543749168515205,-0,-0.0038773695836232273,0.00390625,0.00390625,0,-0.00019168853759765625,0,35,35,0,0,0,1,1,1,1,1,1,1,1,1,RUNNING,10.000143000000961,0.0001430000009605692
871,8.7025637400000004,FINAL_CENTER_ENDPOINT,J2_KP100,1,1,1280,1,64,0.050000000000000003,0,0,0,1,1,5.7907910346984863,2.0363643169403076,-0,0,5.790982723236084,2.03617262840271,-3.0282549748504178e-05,-3.0282549748504178e-05,-3.0282549748504178e-05,0,3.0282549748504178e-05,0,-0.14726249873638153,-0.36815625429153442,0.023264218090252847,-0.05816054640265908,0.00390625,0,-0.024726562201976776,-0.00019168853759765625,0.00019168853759765625,35,35,0,0,0,1,1,1,1,1,1,1,1,1,RUNNING,9.9998770000002679,0.00012299999973208742
872,8.7125637230000006,FINAL_CENTER_ENDPOINT,J2_KP100,1,1,1280,1,64,0.050000000000000003,0,0,0,1,1,5.7907910346984863,2.0363643169403076,-0,0,5.790982723236084,2.03617262840271,-3.0282549748504178e-05,-3.0282549748504178e-05,-3.0282549748504178e-05,0,3.0282549748504178e-05,0,0,-0.26998123526573181,-0,-0.042651064537085275,0,0.00390625,0.024726562201976776,-0.00019168853759765625,0.00019168853759765625,35,35,0,0,0,1,1,1,1,1,1,1,1,1,RUNNING,9.9999830000001566,1.6999999843392288e-05
873,8.7225637420000002,FINAL_CENTER_ENDPOINT,J2_KP100,1,1,1280,1,64,0.050000000000000003,0,0,0,1,1,5.7907910346984863,2.0363643169403076,-0,0,5.7907910346984863,2.03617262840271,-0,-3.0282549748504178e-05,-1.5141274874252089e-05,0,1.5141274874252089e-05,3.0282549748504178e-05,-0.36815625429153442,-0.31906875967979431,0.05816054640265908,-0.050405807823926105,-0.00390625,0.0078125,0.074179686605930328,0,0.00019168853759765625,35,35,0,0,0,1,1,1,1,1,1,1,1,1,RUNNING,10.000018999999583,1.8999999582547389e-05
874,8.7325638730000001,FINAL_CENTER_ENDPOINT,J2_KP100,1,1,1280,1,64,0.050000000000000003,0,0,0,1,1,5.7907910346984863,2.0363643169403076,-0,0,5.790982723236084,2.0363643169403076,-3.0282549748504178e-05,0,-1.5141274874252089e-05,0,1.5141274874252089e-05,-3.0282549748504178e-05,0,0.024543749168515205,-0,0.0038773695836232273,0.00390625,0.00390625,0,-0.00019168853759765625,0,35,35,0,0,0,1,1,1,1,1,1,1,1,1,RUNNING,10.000130999999968,0.00013099999996768474
875,8.7425637159999994,FINAL_CENTER_ENDPOINT,J2_KP100,1,1,1280,1,64,0.050000000000000003,0,0,0,1,1,5.7907910346984863,2.0363643169403076,-0,0,5.790982723236084,2.0363643169403076,-3.0282549748504178e-05,0,-1.5141274874252089e-05,0,1.5141274874252089e-05,-3.0282549748504178e-05,0,-0.098174996674060822,-0,-0.015509478334492909,0,0.00390625,0.024726562201976776,-0.00019168853759765625,0,35,35,0,0,0,1,1,1,1,1,1,1,1,1,RUNNING,9.9998429999992311,0.00015700000076890319
876,8.7525695549999991,FINAL_CENTER_ENDPOINT,J2_KP100,1,1,1280,1,64,0.050000000000000003,0,0,0,1,1,5.7907910346984863,2.0363643169403076,-0,0,5.790982723236084,2.03617262840271,-3.0282549748504178e-05,-3.0282549748504178e-05,-3.0282549748504178e-05,0,3.0282549748504178e-05,0,-0.17180624604225159,-0.36815625429153442,0.027141587379619331,-0.05816054640265908,-0.0078125,0.0078125,0.098906248807907104,-0.00019168853759765625,0.00019168853759765625,35,35,0,0,0,1,1,1,1,1,1,1,1,1,RUNNING,10.005838999999739,0.0058389999997388031
877,8.7625637189999992,FINAL_CENTER_ENDPOINT,J2_KP100,1,1,1280,1,64,0.050000000000000003,0,0,0,1,1,5.7907910346984863,2.0363643169403076,-0,0,5.7907910346984863,2.0363643169403076,-0,0,0,0,0,-0,-0.44178751111030579,-0.024543749168515205,0.06979265662481246,-0.0038773695836232273,0,0.00390625,0.024726562201976776,0,0,35,35,0,0,0,1,1,1,1,1,1,1,1,1,RUNNING,9.9941640000000831,0.0058359999999169077
878,8.7725637469999995,FINAL_CENTER_ENDPOINT,J2_KP100,1,1,1280,1,64,0.050000000000000003,0,0,0,1,1,5.7907910346984863,2.0363643169403076,-0,0,5.790982723236084,2.0363643169403076,-3.0282549748504178e-05,0,-1.5141274874252089e-05,0,1.5141274874252089e-05,-3.0282549748504178e-05,0.098174996674060822,0.12271875143051147,-0.015509478334492909,0.019386848800886359,0.00390625,0.0078125,0.024726562201976776,-0.00019168853759765625,0,35,35,0,0,0,1,1,1,1,1,1,1,1,1,RUNNING,10.000028000000327,2.8000000327210728e-05
879,8.7825637170000004,FINAL_CENTER_ENDPOINT,J2_KP100,1,1,1280,1,64,0.050000000000000003,0,0,0,1,1,5.7907910346984863,2.0363643169403076,-0,0,5.7911744117736816,2.03617262840271,-6.0565099497008357e-05,-3.0282549748504178e-05,-4.5423824622756271e-05,0,4.5423824622756271e-05,-3.0282549748504178e-05,0.39269998669624329,-0.34361249208450317,-0.062037913337971637,-0.054283174759238662,0,0,0,-0.0003833770751953125,0.00019168853759765625,35,35,0,0,0,1,1,1,1,1,1,1,1,1,RUNNING,9.9999700000008573,2.9999999142660272e-05
880,8.7925637099999996,FINAL_CENTER_ENDPOINT,J2_KP100,1,1,1280,1,64,0.050000000000000003,0,0,0,1,1,5.7907910346984863,2.0363643169403076,-0,0,5.7907910346984863,2.0363643169403076,-0,0,0,0,0,-0,-0.39269998669624329,-0.19634999334812164,0.062037913337971637,-0.031018956668985818,0,0.00390625,0.024726562201976776,0,0,35,35,0,0,0,1,1,1,1,1,1,1,1,1,RUNNING,9.9999929999992077,7.0000007923454177e-06
881,8.8025643729999992,FINAL_CENTER_ENDPOINT,J2_KP100,1,1,1280,1,64,0.050000000000000003,0,0,0,1,1,5.7907910346984863,2.0363643169403076,-0,0,5.7907910346984863,2.03617262840271,-0,-3.0282549748504178e-05,-1.5141274874252089e-05,0,1.5141274874252089e-05,3.0282549748504178e-05,-0.39269998669624329,-0.39269998669624329,0.062037913337971637,-0.062037913337971637,0.00390625,0.00390625,0,0,0.00019168853759765625,35,35,0,0,0,1,1,1,1,1,1,1,1,1,RUNNING,10.000662999999577,0.00066299999957664113
882,8.8125637179999998,FINAL_CENTER_ENDPOINT,J2_KP100,1,1,1280,1,64,0.050000000000000003,0,0,0,1,1,5.7907910346984863,2.0363643169403076,-0,0,5.790982723236084,2.03617262840271,-3.0282549748504178e-05,-3.0282549748504178e-05,-3.0282549748504178e-05,0,3.0282549748504178e-05,0,0.024543749168515205,-0.24543750286102295,-0.0038773695836232273,-0.038773697601772718,0.00390625,0.00390625,0,-0.00019168853759765625,0.00019168853759765625,35,35,0,0,0,1,1,1,1,1,1,1,1,1,RUNNING,9.999345000000659,0.0006549999993410438
883,8.8225638550000003,FINAL_CENTER_ENDPOINT,J2_KP100,1,1,1280,1,64,0.050000000000000003,0,0,0,1,1,5.7907910346984863,2.0363643169403076,-0,0,5.790982723236084,2.0365560054779053,-3.0282549748504178e-05,3.0282549748504178e-05,0,0,0,-6.0565099497008357e-05,0.12271875143051147,0.29452499747276306,-0.019386848800886359,0.046528436180505693,0,0.0078125,0.049453124403953552,-0.00019168853759765625,-0.00019168853759765625,35,35,0,0,0,1,1,1,1,1,1,1,1,1,RUNNING,10.000137000000464,0.00013700000046412697
884,8.8325637490000002,FINAL_CENTER_ENDPOINT,J2_KP100,1,1,1280,1,64,0.050000000000000003,0,0,0,1,1,5.7907910346984863,2.0363643169403076,-0,0,5.790982723236084,2.0363643169403076,-3.0282549748504178e-05,0,-1.5141274874252089e-05,0,1.5141274874252089e-05,-3.0282549748504178e-05,0.073631249368190765,0.12271875143051147,-0.011632109045126423,0.019386848800886359,0,0.0078125,0.049453124403953552,-0.00019168853759765625,0,35,35,0,0,0,1,1,1,1,1,1,1,1,1,RUNNING,9.9998939999998981,0.00010600000010185795
885,8.8425646110000002,FINAL_CENTER_ENDPOINT,J2_KP100,1,1,1280,1,64,0.050000000000000003,0,0,0,1,1,5.7907910346984863,2.0363643169403076,-0,0,5.7907910346984863,2.03617262840271,-0,-3.0282549748504178e-05,-1.5141274874252089e-05,0,1.5141274874252089e-05,3.0282549748504178e-05,-0.36815625429153442,-0.29452499747276306,0.05816054640265908,-0.046528436180505693,0,0.0078125,0.049453124403953552,0,0.00019168853759765625,35,35,0,0,0,1,1,1,1,1,1,1,1,1,RUNNING,10.000862000000055,0.0008620000000547634
886,8.8525639209999998,FINAL_CENTER_ENDPOINT,J2_KP100,1,1,1280,1,64,0.050000000000000003,0,0,0,1,1,5.7907910346984863,2.0363643169403076,-0,0,5.790982723236084,2.0363643169403076,-3.0282549748504178e-05,0,-1.5141274874252089e-05,0,1.5141274874252089e-05,-3.0282549748504178e-05,0.12271875143051147,0.098174996674060822,-0.019386848800886359,0.015509478334492909,0.00390625,0.00390625,0,-0.00019168853759765625,0,35,35,0,0,0,1,1,1,1,1,1,1,1,1,RUNNING,9.9993099999995394,0.00069000000046059995
887,8.8625636970000006,FINAL_CENTER_ENDPOINT,J2_KP100,1,1,1280,1,64,0.050000000000000003,0,0,0,1,1,5.7907910346984863,2.0363643169403076,-0,0,5.790982723236084,2.03617262840271,-3.0282549748504178e-05,-3.0282549748504178e-05,-3.0282549748504178e-05,0,3.0282549748504178e-05,0,0.049087498337030411,-0.24543750286102295,-0.0077547391672464546,-0.038773697601772718,0.00390625,0,-0.024726562201976776,-0.00019168853759765625,0.00019168853759765625,35,35,0,0,0,1,1,1,1,1,1,1,1,1,RUNNING,9.9997760000007929,0.00022399999920708069
888,8.8725640430000006,FINAL_CENTER_ENDPOINT,J2_KP100,1,1,1280,1,64,0.050000000000000003,0,0,0,1,1,5.7907910346984863,2.0363643169403076,-0,0,5.790982723236084,2.03617262840271,-3.0282549748504178e-05,-3.0282549748504178e-05,-3.0282549748504178e-05,0,3.0282549748504178e-05,0,0.098174996674060822,-0.39269998669624329,-0.015509478334492909,-0.062037913337971637,0,-0.00390625,-0.024726562201976776,-0.00019168853759765625,0.00019168853759765625,35,35,0,0,0,1,1,1,1,1,1,1,1,1,RUNNING,10.000345999999993,0.00034599999999329611
889,8.8825637759999996,FINAL_CENTER_ENDPOINT,J2_KP100,1,1,1280,1,64,0.050000000000000003,0,0,0,1,1,5.7907910346984863,2.0363643169403076,-0,0,5.7907910346984863,2.0363643169403076,-0,0,0,0,0,-0,-0.31906875967979431,-0.39269998669624329,0.050405807823926105,-0.062037913337971637,0.00390625,0.00390625,0,0,0,35,35,0,0,0,1,1,1,1,1,1,1,1,1,RUNNING,9.9997329999990114,0.0002670000009885598
890,8.8925637430000002,FINAL_CENTER_ENDPOINT,J2_KP100,1,1,1280,1,64,0.050000000000000003,0,0,0,1,1,5.7907910346984863,2.0363643169403076,-0,0,5.790982723236084,2.03617262840271,-3.0282549748504178e-05,-3.0282549748504178e-05,-3.0282549748504178e-05,0,3.0282549748504178e-05,0,-0.024543749168515205,-0.24543750286102295,0.0038773695836232273,-0.038773697601772718,0.00390625,0.00390625,0,-0.00019168853759765625,0.00019168853759765625,35,35,0,0,0,1,1,1,1,1,1,1,1,1,RUNNING,9.9999670000006091,3.2999999390881385e-05
891,8.9025636640000005,FINAL_CENTER_ENDPOINT,J2_KP100,1,1,1280,1,64,0.050000000000000003,0,0,0,1,1,5.7907910346984863,2.0363643169403076,-0,0,5.790982723236084,2.0363643169403076,-3.0282549748504178e-05,0,-1.5141274874252089e-05,0,1.5141274874252089e-05,-3.0282549748504178e-05,-0.073631249368190765,-0.14726249873638153,0.011632109045126423,-0.023264218090252847,0,0.00390625,0.024726562201976776,-0.00019168853759765625,0,35,35,0,0,0,1,1,1,1,1,1,1,1,1,RUNNING,9.9999210000003558,7.8999999644224772e-05
892,8.9125638760000001,FINAL_CENTER_ENDPOINT,J2_KP100,1,1,1280,1,64,0.050000000000000003,0,0,0,1,1,5.7907910346984863,2.0363643169403076,-0,0,5.790982723236084,2.03617262840271,-3.0282549748504178e-05,-3.0282549748504178e-05,-3.0282549748504178e-05,0,3.0282549748504178e-05,0,0,-0.26998123526573181,-0,-0.042651064537085275,0.00390625,0.00390625,0,-0.00019168853759765625,0.00019168853759765625,35,35,0,0,0,1,1,1,1,1,1,1,1,1,RUNNING,10.000211999999564,0.00021199999956422744
893,8.9225643829999992,FINAL_CENTER_ENDPOINT,J2_KP100,1,1,1280,1,64,0.050000000000000003,0,0,0,1,1,5.7907910346984863,2.0363643169403076,-0,0,5.790982723236084,2.0363643169403076,-3.0282549748504178e-05,0,-1.5141274874252089e-05,0,1.5141274874252089e-05,-3.0282549748504178e-05,-0.024543749168515205,-0.024543749168515205,0.0038773695836232273,-0.0038773695836232273,0,-0.00390625,-0.024726562201976776,-0.00019168853759765625,0,35,35,0,0,0,1,1,1,1,1,1,1,1,1,RUNNING,10.000506999999104,0.00050699999910364113
894,8.9325637029999996,FINAL_CENTER_ENDPOINT,J2_KP100,1,1,1280,1,64,0.050000000000000003,0,0,0,1,1,5.7907910346984863,2.0363643169403076,-0,0,5.7907910346984863,2.0363643169403076,-0,0,0,0,0,-0,-0.34361249208450317,-0.049087498337030411,0.054283174759238662,-0.0077547391672464546,0,0.00390625,0.024726562201976776,0,0,35,35,0,0,0,1,1,1,1,1,1,1,1,1,RUNNING,9.9993200000003668,0.00067999999963319624
895,8.9425640299999998,FINAL_CENTER_ENDPOINT,J2_KP100,1,1,1280,1,64,0.050000000000000003,0,0,0,1,1,5.7907910346984863,2.0363643169403076,-0,0,5.7907910346984863,2.03617262840271,-0,-3.0282549748504178e-05,-1.5141274874252089e-05,0,1.5141274874252089e-05,3.0282549748504178e-05,-0.36815625429153442,-0.31906875967979431,0.05816054640265908,-0.050405807823926105,0.00390625,0,-0.024726562201976776,0,0.00019168853759765625,35,35,0,0,0,1,1,1,1,1,1,1,1,1,RUNNING,10.000327000000198,0.0003270000001975859
896,8.9525637499999995,FINAL_CENTER_ENDPOINT,J2_KP100,1,1,1280,1,64,0.050000000000000003,0,0,0,1,1,5.7907910346984863,2.0363643169403076,-0,0,5.790982723236084,2.0365560054779053,-3.0282549748504178e-05,3.0282549748504178e-05,0,0,0,-6.0565099497008357e-05,0.098174996674060822,0.41724374890327454,-0.015509478334492909,0.065915284981392055,0,0,0,-0.00019168853759765625,-0.00019168853759765625,35,35,0,0,0,1,1,1,1,1,1,1,1,1,RUNNING,9.9997199999997122,0.00028000000028782779
897,8.9625637149999999,FINAL_CENTER_ENDPOINT,J2_KP100,1,1,1280,1,64,0.050000000000000003,0,0,0,1,1,5.7907910346984863,2.0363643169403076,-0,0,5.790982723236084,2.03617262840271,-3.0282549748504178e-05,-3.0282549748504178e-05,-3.0282549748504178e-05,0,3.0282549748504178e-05,0,-0.58904999494552612,-0.34361249208450317,0.093056872361011386,-0.054283174759238662,0.00390625,0.0078125,0.024726562201976776,-0.00019168853759765625,0.00019168853759765625,35,35,0,0,0,1,1,1,1,1,1,1,1,1,RUNNING,9.9999650000004436,3.4999999556362127e-05
898,8.9725638300000004,FINAL_CENTER_ENDPOINT,J2_KP100,1,1,1280,1,64,0.050000000000000003,0,0,0,1,1,5.7907910346984863,2.0363643169403076,-0,0,5.790982723236084,2.03617262840271,-3.0282549748504178e-05,-3.0282549748504178e-05,-3.0282549748504178e-05,0,3.0282549748504178e-05,0,0.12271875143051147,-0.36815625429153442,-0.019386848800886359,-0.05816054640265908,0.00390625,0.00390625,0,-0.00019168853759765625,0.00019168853759765625,35,35,0,0,0,1,1,1,1,1,1,1,1,1,RUNNING,10.00011500000042,0.00011500000042019565
899,8.9825637490000005,FINAL_CENTER_ENDPOINT,J2_KP100,1,1,1280,1,64,0.050000000000000003,0,0,0,1,1,5.7907910346984863,2.0363643169403076,-0,0,5.7907910346984863,2.0365560054779053,-0,3.0282549748504178e-05,1.5141274874252089e-05,0,-1.5141274874252089e-05,-3.0282549748504178e-05,0.12271875143051147,0.34361249208450317,-0.019386848800886359,0.054283174759238662,0,0.00390625,0.024726562201976776,0,-0.00019168853759765625,35,35,0,0,0,1,1,1,1,1,1,1,1,1,RUNNING,9.9999190000001903,8.0999999809705514e-05
900,8.9925636969999996,FINAL_CENTER_ENDPOINT,J2_KP100,1,1,1280,1,64,0.050000000000000003,0,0,0,1,1,5.7907910346984863,2.0363643169403076,-0,0,5.7907910346984863,2.0363643169403076,-0,0,0,0,0,-0,-0.26998123526573181,-0.024543749168515205,0.042651064537085275,-0.0038773695836232273,0,0.00390625,0.024726562201976776,0,0,35,35,0,0,0,1,1,1,1,1,1,1,1,1,RUNNING,9.9999479999990371,5.2000000962948434e-05
901,9.0025637179999993,FINAL_CENTER_ENDPOINT,J2_KP100,1,1,1280,1,64,0.050000000000000003,0,0,0,1,1,5.7907910346984863,2.0363643169403076,-0,0,5.7907910346984863,2.0363643169403076,-0,0,0,0,0,-0,-0.24543750286102295,-0.098174996674060822,0.038773697601772718,-0.015509478334492909,0.00390625,0,-0.024726562201976776,0,0,35,35,0,0,0,1,1,1,1,1,1,1,1,1,RUNNING,10.000020999999748,2.0999999748028131e-05
902,9.0125641220000006,FINAL_CENTER_ENDPOINT,J2_KP100,1,1,1280,1,64,0.050000000000000003,0,0,0,1,1,5.7907910346984863,2.0363643169403076,-0,0,5.790982723236084,2.0363643169403076,-3.0282549748504178e-05,0,-1.5141274874252089e-05,0,1.5141274874252089e-05,-3.0282549748504178e-05,0.073631249368190765,-0.12271875143051147,-0.011632109045126423,-0.019386848800886359,0.00390625,0.00390625,0,-0.00019168853759765625,0,35,35,0,0,0,1,1,1,1,1,1,1,1,1,RUNNING,10.00040400000124,0.00040400000123952395
903,9.0225638680000007,FINAL_CENTER_ENDPOINT,J2_KP100,1,1,1280,1,64,0.050000000000000003,0,0,0,1,1,5.7907910346984863,2.0363643169403076,-0,0,5.790982723236084,2.0363643169403076,-3.0282549748504178e-05,0,-1.5141274874252089e-05,0,1.5141274874252089e-05,-3.0282549748504178e-05,0.073631249368190765,-0.024543749168515205,-0.011632109045126423,-0.0038773695836232273,0.0078125,0.00390625,-0.024726562201976776,-0.00019168853759765625,0,35,35,0,0,0,1,1,1,1,1,1,1,1,1,RUNNING,9.9997460000000871,0.00025399999991293498
904,9.0325637669999992,FINAL_CENTER_ENDPOINT,J2_KP100,1,1,1280,1,64,0.050000000000000003,0,0,0,1,1,5.7907910346984863,2.0363643169403076,-0,0,5.790982723236084,2.03617262840271,-3.0282549748504178e-05,-3.0282549748504178e-05,-3.0282549748504178e-05,0,3.0282549748504178e-05,0,0.098174996674060822,-0.24543750286102295,-0.015509478334492909,-0.038773697601772718,0.0078125,0.0078125,0,-0.00019168853759765625,0.00019168853759765625,35,35,0,0,0,1,1,1,1,1,1,1,1,1,RUNNING,9.9998989999985355,0.00010100000146451293
905,9.0425649630000002,FINAL_CENTER_ENDPOINT,J2_KP100,1,1,1280,1,64,0.050000000000000003,0,0,0,1,1,5.7907910346984863,2.0363643169403076,-0,0,5.7907910346984863,2.0363643169403076,-0,0,0,0,0,-0,-0.29452499747276306,0,0.046528436180505693,0,0,0,0,0,0,35,35,0,0,0,1,1,1,1,1,1,1,1,1,RUNNING,10.001196000001045,0.0011960000010446947
906,9.0525639269999996,FINAL_CENTER_ENDPOINT,J2_KP100,1,1,1280,1,64,0.050000000000000003,0,0,0,1,1,5.7907910346984863,2.0363643169403076,-0,0,5.790982723236084,2.0363643169403076,-3.0282549748504178e-05,0,-1.5141274874252089e-05,0,1.5141274874252089e-05,-3.0282549748504178e-05,0.049087498337030411,-0.049087498337030411,-0.0077547391672464546,-0.0077547391672464546,0,0,0,-0.00019168853759765625,0,35,35,0,0,0,1,1,1,1,1,1,1,1,1,RUNNING,9.9989639999993329,0.0010360000006670589
907,9.0625640549999993,FINAL_CENTER_ENDPOINT,J2_KP100,1,1,1280,1,64,0.050000000000000003,0,0,0,1,1,5.7907910346984863,2.0363643169403076,-0,0,5.790982723236084,2.0363643169403076,-3.0282549748504178e-05,0,-1.5141274874252089e-05,0,1.5141274874252089e-05,-3.0282549748504178e-05,0,0,-0,0,0.00390625,0.00390625,0,-0.00019168853759765625,0,35,35,0,0,0,1,1,1,1,1,1,1,1,1,RUNNING,10.000127999999719,0.00012799999971946363
908,9.0725637680000002,FINAL_CENTER_ENDPOINT,J2_KP100,1,1,1280,1,64,0.050000000000000003,0,0,0,1,1,5.7907910346984863,2.0363643169403076,-0,0,5.790982723236084,2.0363643169403076,-3.0282549748504178e-05,0,-1.5141274874252089e-05,0,1.5141274874252089e-05,-3.0282549748504178e-05,0.12271875143051147,-0.024543749168515205,-0.019386848800886359,-0.0038773695836232273,0.00390625,0.00390625,0,-0.00019168853759765625,0,35,35,0,0,0,1,1,1,1,1,1,1,1,1,RUNNING,9.9997130000009093,0.00028699999909065355
909,9.0825639099999993,FINAL_CENTER_ENDPOINT,J2_KP100,1,1,1280,1,64,0.050000000000000003,0,0,0,1,1,5.7907910346984863,2.0363643169403076,-0,0,5.790982723236084,2.0363643169403076,-3.0282549748504178e-05,0,-1.5141274874252089e-05,0,1.5141274874252089e-05,-3.0282549748504178e-05,0.098174996674060822,-0.14726249873638153,-0.015509478334492909,-0.023264218090252847,0.00390625,0.00390625,0,-0.00019168853759765625,0,35,35,0,0,0,1,1,1,1,1,1,1,1,1,RUNNING,10.000141999999101,0.00014199999910147199
910,9.0925646659999995,FINAL_CENTER_ENDPOINT,J2_KP100,1,1,1280,1,64,0.050000000000000003,0,0,0,1,1,5.7907910346984863,2.0363643169403076,-0,0,5.790982723236084,2.0363643169403076,-3.0282549748504178e-05,0,-1.5141274874252089e-05,0,1.5141274874252089e-05,-3.0282549748504178e-05,0.073631249368190765,-0.17180624604225159,-0.011632109045126423,-0.027141587379619331,0.0078125,0.00390625,-0.024726562201976776,-0.00019168853759765625,0,35,35,0,0,0,1,1,1,1,1,1,1,1,1,RUNNING,10.000756000000166,0.00075600000016606828
911,9.0946464640000002,FINAL_DUAL_BRAKE,J2_KP100,1,0,0,0,0,0,0,0,0,0,0,0,0,0,0,5.790982723236084,2.0363643169403076,-3.0282549748504178e-05,0,-1.5141274874252089e-05,nan,1.5141274874252089e-05,-3.0282549748504178e-05,0.073631249368190765,-0.14726249873638153,-0.011632109045126423,-0.023264218090252847,0.0078125,0.00390625,-0.024726562201976776,-0,-0,35,35,0,0,0,1,1,1,1,1,1,1,1,1,COMPLETED_ROUTE,2.0817980000007452,7.9182019999992548
912,9.1046988839999994,FINAL_DUAL_BRAKE,J2_KP100,1,0,0,0,0,0,0,0,0,0,0,0,0,0,0,5.790982723236084,2.0365560054779053,-3.0282549748504178e-05,3.0282549748504178e-05,0,nan,0,-6.0565099497008357e-05,0.12271875143051147,0.34361249208450317,-0.019386848800886359,0.054283174759238662,0,0,0,-0,-0,35,35,0,0,0,1,1,1,1,1,1,1,1,1,COMPLETED_ROUTE,10.052419999999174,0.052419999999173683
913,9.1146991170000007,FINAL_DUAL_BRAKE,J2_KP100,1,0,0,0,0,0,0,0,0,0,0,0,0,0,0,5.7907910346984863,2.03617262840271,-0,-3.0282549748504178e-05,-1.5141274874252089e-05,nan,1.5141274874252089e-05,3.0282549748504178e-05,-0.22089375555515289,-0.39269998669624329,0.03489632831240623,-0.062037913337971637,0,0,0,-0,-0,35,35,0,0,0,1,1,1,1,1,1,1,1,1,COMPLETED_ROUTE,10.000233000001302,0.00023300000130177523
914,9.1246987799999992,FINAL_DUAL_BRAKE,J2_KP100,1,0,0,0,0,0,0,0,0,0,0,0,0,0,0,5.790982723236084,2.0363643169403076,-3.0282549748504178e-05,0,-1.5141274874252089e-05,nan,1.5141274874252089e-05,-3.0282549748504178e-05,0.12271875143051147,-0.024543749168515205,-0.019386848800886359,-0.0038773695836232273,0,0,0,-0,-0,35,35,0,0,0,1,1,1,1,1,1,1,1,1,COMPLETED_ROUTE,9.9996629999985487,0.00033700000145131526
915,9.1346992450000002,FINAL_DUAL_BRAKE,J2_KP100,1,0,0,0,0,0,0,0,0,0,0,0,0,0,0,5.7907910346984863,2.03617262840271,-0,-3.0282549748504178e-05,-1.5141274874252089e-05,nan,1.5141274874252089e-05,3.0282549748504178e-05,-0.24543750286102295,-0.34361249208450317,0.038773697601772718,-0.054283174759238662,0,0,0,-0,-0,35,35,0,0,0,1,1,1,1,1,1,1,1,1,COMPLETED_ROUTE,10.000465000000958,0.00046500000095761607
916,9.1446987879999995,FINAL_DUAL_BRAKE,J2_KP100,1,0,0,0,0,0,0,0,0,0,0,0,0,0,0,5.790982723236084,2.03617262840271,-3.0282549748504178e-05,-3.0282549748504178e-05,-3.0282549748504178e-05,nan,3.0282549748504178e-05,0,0.098174996674060822,-0.44178751111030579,-0.015509478334492909,-0.06979265662481246,0,0,0,-0,-0,35,35,0,0,0,1,1,1,1,1,1,1,1,1,COMPLETED_ROUTE,9.999542999999278,0.00045700000072201874
917,9.1546993160000003,FINAL_DUAL_BRAKE,J2_KP100,1,0,0,0,0,0,0,0,0,0,0,0,0,0,0,5.7907910346984863,2.03617262840271,-0,-3.0282549748504178e-05,-1.5141274874252089e-05,nan,1.5141274874252089e-05,3.0282549748504178e-05,-0.29452499747276306,-0.4908750057220459,0.046528436180505693,-0.077547395203545436,0,0,0,-0,-0,35,35,0,0,0,1,1,1,1,1,1,1,1,1,COMPLETED_ROUTE,10.000528000000841,0.00052800000084118892
918,9.1646988969999992,FINAL_DUAL_BRAKE,J2_KP100,1,0,0,0,0,0,0,0,0,0,0,0,0,0,0,5.790982723236084,2.0363643169403076,-3.0282549748504178e-05,0,-1.5141274874252089e-05,nan,1.5141274874252089e-05,-3.0282549748504178e-05,0.049087498337030411,-0.024543749168515205,-0.0077547391672464546,-0.0038773695836232273,0,0,0,-0,-0,35,35,0,0,0,1,1,1,1,1,1,1,1,1,COMPLETED_ROUTE,9.9995809999988694,0.00041900000113059832
919,9.1746992170000006,FINAL_DUAL_BRAKE,J2_KP100,1,0,0,0,0,0,0,0,0,0,0,0,0,0,0,5.790982723236084,2.0363643169403076,-3.0282549748504178e-05,0,-1.5141274874252089e-05,nan,1.5141274874252089e-05,-3.0282549748504178e-05,0.098174996674060822,-0.049087498337030411,-0.015509478334492909,-0.0077547391672464546,0,0,0,-0,-0,35,35,0,0,0,1,1,1,1,1,1,1,1,1,COMPLETED_ROUTE,10.000320000001395,0.00032000000139476015
920,9.1846994029999998,FINAL_DUAL_BRAKE,J2_KP100,1,0,0,0,0,0,0,0,0,0,0,0,0,0,0,5.790982723236084,2.0363643169403076,-3.0282549748504178e-05,0,-1.5141274874252089e-05,nan,1.5141274874252089e-05,-3.0282549748504178e-05,0.098174996674060822,-0.073631249368190765,-0.015509478334492909,-0.011632109045126423,0,0,0,-0,-0,35,35,0,0,0,1,1,1,1,1,1,1,1,1,COMPLETED_ROUTE,10.000185999999189,0.00018599999918933463
921,9.1947006259999995,FINAL_DUAL_BRAKE,J2_KP100,1,0,0,0,0,0,0,0,0,0,0,0,0,0,0,5.7907910346984863,2.0363643169403076,-0,0,0,nan,0,-0,-0.31906875967979431,-0.073631249368190765,0.050405807823926105,-0.011632109045126423,0,0,0,-0,-0,35,35,0,0,0,1,1,1,1,1,1,1,1,1,COMPLETED_ROUTE,10.001222999999726,0.0012229999997259711
922,9.2046993409999995,FINAL_DUAL_BRAKE,J2_KP100,1,0,0,0,0,0,0,0,0,0,0,0,0,0,0,5.790982723236084,2.0363643169403076,-3.0282549748504178e-05,0,-1.5141274874252089e-05,nan,1.5141274874252089e-05,-3.0282549748504178e-05,0.098174996674060822,0,-0.015509478334492909,0,0,0,0,-0,-0,35,35,0,0,0,1,1,1,1,1,1,1,1,1,COMPLETED_ROUTE,9.9987150000000469,0.0012849999999531292
923,9.2147005780000004,FINAL_DUAL_BRAKE,J2_KP100,1,0,0,0,0,0,0,0,0,0,0,0,0,0,0,5.7907910346984863,2.0363643169403076,-0,0,0,nan,0,-0,-0.24543750286102295,-0.19634999334812164,0.038773697601772718,-0.031018956668985818,0,0,0,-0,-0,35,35,0,0,0,1,1,1,1,1,1,1,1,1,COMPLETED_ROUTE,10.001237000000884,0.0012370000008843363
924,9.2246992670000001,FINAL_DUAL_BRAKE,J2_KP100,1,0,0,0,0,0,0,0,0,0,0,0,0,0,0,5.7907910346984863,2.0363643169403076,-0,0,0,nan,0,-0,-0.24543750286102295,-0.17180624604225159,0.038773697601772718,-0.027141587379619331,0,0,0,-0,-0,35,35,0,0,0,1,1,1,1,1,1,1,1,1,COMPLETED_ROUTE,9.998688999999672,0.001311000000328022
925,9.2347039049999999,FINAL_DUAL_BRAKE,J2_KP100,1,0,0,0,0,0,0,0,0,0,0,0,0,0,0,5.790982723236084,2.0363643169403076,-3.0282549748504178e-05,0,-1.5141274874252089e-05,nan,1.5141274874252089e-05,-3.0282549748504178e-05,0.073631249368190765,-0.098174996674060822,-0.011632109045126423,-0.015509478334492909,0,0,0,-0,-0,35,35,0,0,0,1,1,1,1,1,1,1,1,1,COMPLETED_ROUTE,10.004637999999844,0.0046379999998436006
926,9.2447005769999997,FINAL_DUAL_BRAKE,J2_KP100,1,0,0,0,0,0,0,0,0,0,0,0,0,0,0,5.7907910346984863,2.0363643169403076,-0,0,0,nan,0,-0,-0.34361249208450317,-0.024543749168515205,0.054283174759238662,-0.0038773695836232273,0,0,0,-0,-0,35,35,0,0,0,1,1,1,1,1,1,1,1,1,COMPLETED_ROUTE,9.9966719999997622,0.0033280000002378074
927,9.2547001550000001,FINAL_DUAL_BRAKE,J2_KP100,1,0,0,0,0,0,0,0,0,0,0,0,0,0,0,5.790982723236084,2.0363643169403076,-3.0282549748504178e-05,0,-1.5141274874252089e-05,nan,1.5141274874252089e-05,-3.0282549748504178e-05,0.049087498337030411,-0.024543749168515205,-0.0077547391672464546,-0.0038773695836232273,0,0,0,-0,-0,35,35,0,0,0,1,1,1,1,1,1,1,1,1,COMPLETED_ROUTE,9.9995780000003975,0.00042199999960246259
928,9.2647004919999993,FINAL_DUAL_BRAKE,J2_KP100,1,0,0,0,0,0,0,0,0,0,0,0,0,0,0,5.790982723236084,2.0363643169403076,-3.0282549748504178e-05,0,-1.5141274874252089e-05,nan,1.5141274874252089e-05,-3.0282549748504178e-05,0.14726249873638153,-0.44178751111030579,-0.023264218090252847,-0.06979265662481246,0,0,0,-0,-0,35,35,0,0,0,1,1,1,1,1,1,1,1,1,COMPLETED_ROUTE,10.000336999999249,0.00033699999924863278
929,9.2746998230000006,FINAL_DUAL_BRAKE,J2_KP100,1,0,0,0,0,0,0,0,0,0,0,0,0,0,0,5.790982723236084,2.0363643169403076,-3.0282549748504178e-05,0,-1.5141274874252089e-05,nan,1.5141274874252089e-05,-3.0282549748504178e-05,0.073631249368190765,-0.073631249368190765,-0.011632109045126423,-0.011632109045126423,0,0,0,-0,-0,35,35,0,0,0,1,1,1,1,1,1,1,1,1,COMPLETED_ROUTE,9.9993310000012769,0.00066899999872305216
930,9.2846997949999999,FINAL_DUAL_BRAKE,J2_KP100,1,0,0,0,0,0,0,0,0,0,0,0,0,0,0,5.7907910346984863,2.0365560054779053,-0,3.0282549748504178e-05,1.5141274874252089e-05,nan,-1.5141274874252089e-05,-3.0282549748504178e-05,-0.24543750286102295,0.34361249208450317,0.038773697601772718,0.054283174759238662,0,0,0,-0,-0,35,35,0,0,0,1,1,1,1,1,1,1,1,1,COMPLETED_ROUTE,9.9999719999992465,2.8000000753536369e-05
931,9.2947001250000003,FINAL_DUAL_BRAKE,J2_KP100,1,0,0,0,0,0,0,0,0,0,0,0,0,0,0,5.790982723236084,2.0363643169403076,-3.0282549748504178e-05,0,-1.5141274874252089e-05,nan,1.5141274874252089e-05,-3.0282549748504178e-05,0.024543749168515205,-0.024543749168515205,-0.0038773695836232273,-0.0038773695836232273,0,0,0,-0,-0,35,35,0,0,0,1,1,1,1,1,1,1,1,1,COMPLETED_ROUTE,10.000330000000446,0.00033000000044580702
932,9.3046997380000001,FINAL_DUAL_BRAKE,J2_KP100,1,0,0,0,0,0,0,0,0,0,0,0,0,0,0,5.790982723236084,2.03617262840271,-3.0282549748504178e-05,-3.0282549748504178e-05,-3.0282549748504178e-05,nan,3.0282549748504178e-05,0,0.19634999334812164,-0.4908750057220459,-0.031018956668985818,-0.077547395203545436,0,0,0,-0,-0,35,35,0,0,0,1,1,1,1,1,1,1,1,1,COMPLETED_ROUTE,9.9996129999997407,0.00038700000025926329
933,9.3146996699999995,FINAL_DUAL_BRAKE,J2_KP100,1,0,0,0,0,0,0,0,0,0,0,0,0,0,0,5.7907910346984863,2.0363643169403076,-0,0,0,nan,0,-0,-0.26998123526573181,-0.17180624604225159,0.042651064537085275,-0.027141587379619331,0,0,0,-0,-0,35,35,0,0,0,1,1,1,1,1,1,1,1,1,COMPLETED_ROUTE,9.9999319999994896,6.800000051043753e-05
934,9.3246994240000003,FINAL_DUAL_BRAKE,J2_KP100,1,0,0,0,0,0,0,0,0,0,0,0,0,0,0,5.7907910346984863,2.0363643169403076,-0,0,0,nan,0,-0,-0.24543750286102295,-0.024543749168515205,0.038773697601772718,-0.0038773695836232273,0,0,0,-0,-0,35,35,0,0,0,1,1,1,1,1,1,1,1,1,COMPLETED_ROUTE,9.999754000000749,0.00024599999925101201
935,9.3347009940000003,FINAL_DUAL_BRAKE,J2_KP100,1,0,0,0,0,0,0,0,0,0,0,0,0,0,0,5.7907910346984863,2.0363643169403076,-0,0,0,nan,0,-0,-0.24543750286102295,-0.12271875143051147,0.038773697601772718,-0.019386848800886359,0,0,0,-0,-0,35,35,0,0,0,1,1,1,1,1,1,1,1,1,COMPLETED_ROUTE,10.001570000000015,0.0015700000000151704
936,9.3447008280000006,FINAL_DUAL_BRAKE,J2_KP100,1,0,0,0,0,0,0,0,0,0,0,0,0,0,0,5.7907910346984863,2.0363643169403076,-0,0,0,nan,0,-0,-0.24543750286102295,-0.44178751111030579,0.038773697601772718,-0.06979265662481246,0,0,0,-0,-0,35,35,0,0,0,1,1,1,1,1,1,1,1,1,COMPLETED_ROUTE,9.9998340000002628,0.00016599999973720969
937,9.3547000150000006,FINAL_DUAL_BRAKE,J2_KP100,1,0,0,0,0,0,0,0,0,0,0,0,0,0,0,5.7907910346984863,2.0363643169403076,-0,0,0,nan,0,-0,-0.29452499747276306,0,0.046528436180505693,0,0,0,0,-0,-0,35,35,0,0,0,1,1,1,1,1,1,1,1,1,COMPLETED_ROUTE,9.9991870000000205,0.00081299999997952455
938,9.3646992210000004,FINAL_DUAL_BRAKE,J2_KP100,1,0,0,0,0,0,0,0,0,0,0,0,0,0,0,5.7907910346984863,2.0363643169403076,-0,0,0,nan,0,-0,-0.24543750286102295,-0.073631249368190765,0.038773697601772718,-0.011632109045126423,0,0,0,-0,-0,35,35,0,0,0,1,1,1,1,1,1,1,1,1,COMPLETED_ROUTE,9.9992059999998162,0.00079400000018381434
939,9.3746992290000009,FINAL_DUAL_BRAKE,J2_KP100,1,0,0,0,0,0,0,0,0,0,0,0,0,0,0,5.7907910346984863,2.0363643169403076,-0,0,0,nan,0,-0,-0.24543750286102295,-0.073631249368190765,0.038773697601772718,-0.011632109045126423,0,0,0,-0,-0,35,35,0,0,0,1,1,1,1,1,1,1,1,1,COMPLETED_ROUTE,10.000008000000449,8.0000004487601473e-06
940,9.3846998510000006,FINAL_DUAL_BRAKE,J2_KP100,1,0,0,0,0,0,0,0,0,0,0,0,0,0,0,5.790982723236084,2.0363643169403076,-3.0282549748504178e-05,0,-1.5141274874252089e-05,nan,1.5141274874252089e-05,-3.0282549748504178e-05,0.024543749168515205,-0.024543749168515205,-0.0038773695836232273,-0.0038773695836232273,0,0,0,-0,-0,35,35,0,0,0,1,1,1,1,1,1,1,1,1,COMPLETED_ROUTE,10.000621999999737,0.0006219999997369996
941,9.3947007520000003,FINAL_DUAL_BRAKE,J2_KP100,1,0,0,0,0,0,0,0,0,0,0,0,0,0,0,5.790982723236084,2.0363643169403076,-3.0282549748504178e-05,0,-1.5141274874252089e-05,nan,1.5141274874252089e-05,-3.0282549748504178e-05,0.12271875143051147,-0.098174996674060822,-0.019386848800886359,-0.015509478334492909,0,0,0,-0,-0,35,35,0,0,0,1,1,1,1,1,1,1,1,1,COMPLETED_ROUTE,10.000900999999729,0.00090099999972892419
942,9.4047013019999994,FINAL_DUAL_BRAKE,J2_KP100,1,0,0,0,0,0,0,0,0,0,0,0,0,0,0,5.7907910346984863,2.0363643169403076,-0,0,0,nan,0,-0,-0.17180624604225159,-0.049087498337030411,0.027141587379619331,-0.0077547391672464546,0,0,0,-0,-0,35,35,0,0,0,1,1,1,1,1,1,1,1,1,COMPLETED_ROUTE,10.000549999999109,0.0005499999991087634
943,9.4146999959999995,FINAL_DUAL_BRAKE,J2_KP100,1,0,0,0,0,0,0,0,0,0,0,0,0,0,0,5.790982723236084,2.0363643169403076,-3.0282549748504178e-05,0,-1.5141274874252089e-05,nan,1.5141274874252089e-05,-3.0282549748504178e-05,0,-0.098174996674060822,-0,-0.015509478334492909,0,0,0,-0,-0,35,35,0,0,0,1,1,1,1,1,1,1,1,1,COMPLETED_ROUTE,9.9986940000000857,0.0013059999999143201
944,9.4246996070000009,FINAL_DUAL_BRAKE,J2_KP100,1,0,0,0,0,0,0,0,0,0,0,0,0,0,0,5.7905993461608887,2.0363643169403076,3.0282549748504178e-05,0,1.5141274874252089e-05,nan,-1.5141274874252089e-05,3.0282549748504178e-05,-0.61359375715255737,-0.024543749168515205,0.096934244004431805,-0.0038773695836232273,0,0,0,-0,-0,35,35,0,0,0,1,1,1,1,1,1,1,1,1,COMPLETED_ROUTE,9.9996110000013516,0.00038899999864838719
945,9.4346999379999996,FINAL_DUAL_BRAKE,J2_KP100,1,0,0,0,0,0,0,0,0,0,0,0,0,0,0,5.790982723236084,2.0363643169403076,-3.0282549748504178e-05,0,-1.5141274874252089e-05,nan,1.5141274874252089e-05,-3.0282549748504178e-05,0.024543749168515205,-0.098174996674060822,-0.0038773695836232273,-0.015509478334492909,0,0,0,-0,-0,35,35,0,0,0,1,1,1,1,1,1,1,1,1,COMPLETED_ROUTE,10.000330999998752,0.00033099999875219055
946,9.4447007840000001,FINAL_DUAL_BRAKE,J2_KP100,1,0,0,0,0,0,0,0,0,0,0,0,0,0,0,5.7907910346984863,2.0363643169403076,-0,0,0,nan,0,-0,-0.24543750286102295,-0.14726249873638153,0.038773697601772718,-0.023264218090252847,0,0,0,-0,-0,35,35,0,0,0,1,1,1,1,1,1,1,1,1,COMPLETED_ROUTE,10.000846000000507,0.00084600000050727431
947,9.4546997600000005,FINAL_DUAL_BRAKE,J2_KP100,1,0,0,0,0,0,0,0,0,0,0,0,0,0,0,5.7907910346984863,2.0363643169403076,-0,0,0,nan,0,-0,-0.29452499747276306,-0.14726249873638153,0.046528436180505693,-0.023264218090252847,0,0,0,-0,-0,35,35,0,0,0,1,1,1,1,1,1,1,1,1,COMPLETED_ROUTE,9.9989760000003258,0.0010239999996741744
948,9.4646992809999997,FINAL_DUAL_BRAKE,J2_KP100,1,0,0,0,0,0,0,0,0,0,0,0,0,0,0,5.7907910346984863,2.0363643169403076,-0,0,0,nan,0,-0,-0.14726249873638153,-0.024543749168515205,0.023264218090252847,-0.0038773695836232273,0,0,0,-0,-0,35,35,0,0,0,1,1,1,1,1,1,1,1,1,COMPLETED_ROUTE,9.999520999999234,0.00047900000076595006
949,9.4746992829999996,FINAL_DUAL_BRAKE,J2_KP100,1,0,0,0,0,0,0,0,0,0,0,0,0,0,0,5.7907910346984863,2.0363643169403076,-0,0,0,nan,0,-0,-0.24543750286102295,-0.41724374890327454,0.038773697601772718,-0.065915284981392055,0,0,0,-0,-0,35,35,0,0,0,1,1,1,1,1,1,1,1,1,COMPLETED_ROUTE,10.000001999999952,1.9999999523179213e-06
950,9.4847158890000003,FINAL_DUAL_BRAKE,J2_KP100,1,0,0,0,0,0,0,0,0,0,0,0,0,0,0,5.7905993461608887,2.03617262840271,3.0282549748504178e-05,-3.0282549748504178e-05,0,nan,0,6.0565099497008357e-05,-0.56450623273849487,-0.44178751111030579,0.089179500717590968,-0.06979265662481246,0,0,0,-0,-0,35,35,0,0,0,1,1,1,1,1,1,1,1,1,COMPLETED_ROUTE,10.01660600000065,0.016606000000649601
951,9.4946993689999992,FINAL_DUAL_BRAKE,J2_KP100,1,0,0,0,0,0,0,0,0,0,0,0,0,0,0,5.790982723236084,2.0365560054779053,-3.0282549748504178e-05,3.0282549748504178e-05,0,nan,0,-6.0565099497008357e-05,0.098174996674060822,0.22089375555515289,-0.015509478334492909,0.03489632831240623,0,0,0,-0,-0,35,35,0,0,0,1,1,1,1,1,1,1,1,1,COMPLETED_ROUTE,9.9834799999989343,0.016520000001065682
952,9.5046994819999995,FINAL_DUAL_BRAKE,J2_KP100,1,0,0,0,0,0,0,0,0,0,0,0,0,0,0,5.7907910346984863,2.0363643169403076,-0,0,0,nan,0,-0,-0.26998123526573181,0.024543749168515205,0.042651064537085275,0.0038773695836232273,0,0,0,-0,-0,35,35,0,0,0,1,1,1,1,1,1,1,1,1,COMPLETED_ROUTE,10.000113000000255,0.00011300000025471491
953,9.5146992800000003,FINAL_DUAL_BRAKE,J2_KP100,1,0,0,0,0,0,0,0,0,0,0,0,0,0,0,5.7907910346984863,2.0363643169403076,-0,0,0,nan,0,-0,-0.22089375555515289,-0.17180624604225159,0.03489632831240623,-0.027141587379619331,0,0,0,-0,-0,35,35,0,0,0,1,1,1,1,1,1,1,1,1,COMPLETED_ROUTE,9.9997980000008369,0.00020199999916314937
954,9.5246996129999992,FINAL_DUAL_BRAKE,J2_KP100,1,0,0,0,0,0,0,0,0,0,0,0,0,0,0,5.7907910346984863,2.0363643169403076,-0,0,0,nan,0,-0,-0.24543750286102295,-0.14726249873638153,0.038773697601772718,-0.023264218090252847,0,0,0,-0,-0,35,35,0,0,0,1,1,1,1,1,1,1,1,1,COMPLETED_ROUTE,10.000332999998918,0.00033299999891767129
955,9.5347004880000004,FINAL_DUAL_BRAKE,J2_KP100,1,0,0,0,0,0,0,0,0,0,0,0,0,0,0,5.790982723236084,2.0363643169403076,-3.0282549748504178e-05,0,-1.5141274874252089e-05,nan,1.5141274874252089e-05,-3.0282549748504178e-05,-0.31906875967979431,-0.36815625429153442,0.050405807823926105,-0.05816054640265908,0,0,0,-0,-0,35,35,0,0,0,1,1,1,1,1,1,1,1,1,COMPLETED_ROUTE,10.00087500000113,0.00087500000113038823
956,9.5446995309999991,FINAL_DUAL_BRAKE,J2_KP100,1,0,0,0,0,0,0,0,0,0,0,0,0,0,0,5.790982723236084,2.0363643169403076,-3.0282549748504178e-05,0,-1.5141274874252089e-05,nan,1.5141274874252089e-05,-3.0282549748504178e-05,0.12271875143051147,-0.024543749168515205,-0.019386848800886359,-0.0038773695836232273,0,0,0,-0,-0,35,35,0,0,0,1,1,1,1,1,1,1,1,1,COMPLETED_ROUTE,9.999042999998764,0.00095700000123599693
957,9.5546996580000005,FINAL_DUAL_BRAKE,J2_KP100,1,0,0,0,0,0,0,0,0,0,0,0,0,0,0,5.7907910346984863,2.0365560054779053,-0,3.0282549748504178e-05,1.5141274874252089e-05,nan,-1.5141274874252089e-05,-3.0282549748504178e-05,-0.31906875967979431,0.26998123526573181,0.050405807823926105,0.042651064537085275,0,0,0,-0,-0,35,35,0,0,0,1,1,1,1,1,1,1,1,1,COMPLETED_ROUTE,10.000127000001413,0.0001270000014130801
958,9.5646995869999998,FINAL_DUAL_BRAKE,J2_KP100,1,0,0,0,0,0,0,0,0,0,0,0,0,0,0,5.7905993461608887,2.0363643169403076,3.0282549748504178e-05,0,1.5141274874252089e-05,nan,-1.5141274874252089e-05,3.0282549748504178e-05,-0.68722498416900635,0.024543749168515205,0.10856634951847732,0.0038773695836232273,0,0,0,-0,-0,35,35,0,0,0,1,1,1,1,1,1,1,1,1,COMPLETED_ROUTE,9.9999289999992413,7.1000000758658643e-05
959,9.5746998770000005,FINAL_DUAL_BRAKE,J2_KP100,1,0,0,0,0,0,0,0,0,0,0,0,0,0,0,5.7907910346984863,2.0363643169403076,-0,0,0,nan,0,-0,-0.26998123526573181,-0.36815625429153442,0.042651064537085275,-0.05816054640265908,0,0,0,-0,-0,35,35,0,0,0,1,1,1,1,1,1,1,1,1,COMPLETED_ROUTE,10.000290000000689,0.00029000000068890586
960,9.5847031810000001,FINAL_DUAL_BRAKE,J2_KP100,1,0,0,0,0,0,0,0,0,0,0,0,0,0,0,5.790982723236084,2.03617262840271,-3.0282549748504178e-05,-3.0282549748504178e-05,-3.0282549748504178e-05,nan,3.0282549748504178e-05,0,0.12271875143051147,-0.4908750057220459,-0.019386848800886359,-0.077547395203545436,0,0,0,-0,-0,35,35,0,0,0,1,1,1,1,1,1,1,1,1,COMPLETED_ROUTE,10.003303999999602,0.0033039999996020697
961,9.5947010650000006,FINAL_DUAL_BRAKE,J2_KP100,1,0,0,0,0,0,0,0,0,0,0,0,0,0,0,5.790982723236084,2.03617262840271,-3.0282549748504178e-05,-3.0282549748504178e-05,-3.0282549748504178e-05,nan,3.0282549748504178e-05,0,0.12271875143051147,-0.44178751111030579,-0.019386848800886359,-0.06979265662481246,0,0,0,-0,-0,35,35,0,0,0,1,1,1,1,1,1,1,1,1,COMPLETED_ROUTE,9.9978840000005675,0.0021159999994324608
962,9.6047005540000008,FINAL_DUAL_BRAKE,J2_KP100,1,0,0,0,0,0,0,0,0,0,0,0,0,0,0,5.7907910346984863,2.03617262840271,-0,-3.0282549748504178e-05,-1.5141274874252089e-05,nan,1.5141274874252089e-05,3.0282549748504178e-05,-0.24543750286102295,-0.36815625429153442,0.038773697601772718,-0.05816054640265908,0,0,0,-0,-0,35,35,0,0,0,1,1,1,1,1,1,1,1,1,COMPLETED_ROUTE,9.9994890000001391,0.00051099999986092826
963,9.6146989969999996,FINAL_DUAL_BRAKE,J2_KP100,1,0,0,0,0,0,0,0,0,0,0,0,0,0,0,5.790982723236084,2.0363643169403076,-3.0282549748504178e-05,0,-1.5141274874252089e-05,nan,1.5141274874252089e-05,-3.0282549748504178e-05,0,-0.17180624604225159,-0,-0.027141587379619331,0,0,0,-0,-0,35,35,0,0,0,1,1,1,1,1,1,1,1,1,COMPLETED_ROUTE,9.9984429999988578,0.001557000001142228
964,9.6246990019999998,FINAL_DUAL_BRAKE,J2_KP100,1,0,0,0,0,0,0,0,0,0,0,0,0,0,0,5.7907910346984863,2.0363643169403076,-0,0,0,nan,0,-0,-0.24543750286102295,-0.19634999334812164,0.038773697601772718,-0.031018956668985818,0,0,0,-0,-0,35,35,0,0,0,1,1,1,1,1,1,1,1,1,COMPLETED_ROUTE,10.000005000000201,5.0000002005390343e-06
965,9.6347005160000005,FINAL_DUAL_BRAKE,J2_KP100,1,0,0,0,0,0,0,0,0,0,0,0,0,0,0,5.790982723236084,2.0365560054779053,-3.0282549748504178e-05,3.0282549748504178e-05,0,nan,0,-6.0565099497008357e-05,0.024543749168515205,0.24543750286102295,-0.0038773695836232273,0.038773697601772718,0,0,0,-0,-0,35,35,0,0,0,1,1,1,1,1,1,1,1,1,COMPLETED_ROUTE,10.001514000000711,0.0015140000007107801
966,9.6446997860000003,FINAL_DUAL_BRAKE,J2_KP100,1,0,0,0,0,0,0,0,0,0,0,0,0,0,0,5.790982723236084,2.03617262840271,-3.0282549748504178e-05,-3.0282549748504178e-05,-3.0282549748504178e-05,nan,3.0282549748504178e-05,0,0.14726249873638153,-0.41724374890327454,-0.023264218090252847,-0.065915284981392055,0,0,0,-0,-0,35,35,0,0,0,1,1,1,1,1,1,1,1,1,COMPLETED_ROUTE,9.9992699999997825,0.00073000000021750111
967,9.65469899,FINAL_DUAL_BRAKE,J2_KP100,1,0,0,0,0,0,0,0,0,0,0,0,0,0,0,5.790982723236084,2.0363643169403076,-3.0282549748504178e-05,0,-1.5141274874252089e-05,nan,1.5141274874252089e-05,-3.0282549748504178e-05,0.12271875143051147,-0.024543749168515205,-0.019386848800886359,-0.0038773695836232273,0,0,0,-0,-0,35,35,0,0,0,1,1,1,1,1,1,1,1,1,COMPLETED_ROUTE,9.9992039999996507,0.00079600000034929508
968,9.6646991989999993,FINAL_DUAL_BRAKE,J2_KP100,1,0,0,0,0,0,0,0,0,0,0,0,0,0,0,5.7907910346984863,2.0365560054779053,-0,3.0282549748504178e-05,1.5141274874252089e-05,nan,-1.5141274874252089e-05,-3.0282549748504178e-05,-0.24543750286102295,0.31906875967979431,0.038773697601772718,0.050405807823926105,0,0,0,-0,-0,35,35,0,0,0,1,1,1,1,1,1,1,1,1,COMPLETED_ROUTE,10.000208999999316,0.00020899999931600632
969,9.6746988070000004,FINAL_DUAL_BRAKE,J2_KP100,1,0,0,0,0,0,0,0,0,0,0,0,0,0,0,5.790982723236084,2.03617262840271,-3.0282549748504178e-05,-3.0282549748504178e-05,-3.0282549748504178e-05,nan,3.0282549748504178e-05,0,0.098174996674060822,-0.44178751111030579,-0.015509478334492909,-0.06979265662481246,0,0,0,-0,-0,35,35,0,0,0,1,1,1,1,1,1,1,1,1,COMPLETED_ROUTE,9.9996080000011034,0.0003919999988966083
970,9.6846988609999993,FINAL_DUAL_BRAKE,J2_KP100,1,0,0,0,0,0,0,0,0,0,0,0,0,0,0,5.790982723236084,2.0363643169403076,-3.0282549748504178e-05,0,-1.5141274874252089e-05,nan,1.5141274874252089e-05,-3.0282549748504178e-05,0.14726249873638153,-0.024543749168515205,-0.023264218090252847,-0.0038773695836232273,0,0,0,-0,-0,35,35,0,0,0,1,1,1,1,1,1,1,1,1,COMPLETED_ROUTE,10.000053999998926,5.3999998925746695e-05
971,9.6946988160000007,FINAL_DUAL_BRAKE,J2_KP100,1,0,0,0,0,0,0,0,0,0,0,0,0,0,0,5.7907910346984863,2.03617262840271,-0,-3.0282549748504178e-05,-1.5141274874252089e-05,nan,1.5141274874252089e-05,3.0282549748504178e-05,-0.19634999334812164,-0.44178751111030579,0.031018956668985818,-0.06979265662481246,0,0,0,-0,-0,35,35,0,0,0,1,1,1,1,1,1,1,1,1,COMPLETED_ROUTE,9.9999550000013926,4.4999998607408997e-05
972,9.7046991719999998,FINAL_DUAL_BRAKE,J2_KP100,1,0,0,0,0,0,0,0,0,0,0,0,0,0,0,5.7907910346984863,2.0363643169403076,-0,0,0,nan,0,-0,-0.19634999334812164,-0.024543749168515205,0.031018956668985818,-0.0038773695836232273,0,0,0,-0,-0,35,35,0,0,0,1,1,1,1,1,1,1,1,1,COMPLETED_ROUTE,10.000355999999044,0.00035599999904434299
973,9.7146990800000008,FINAL_DUAL_BRAKE,J2_KP100,1,0,0,0,0,0,0,0,0,0,0,0,0,0,0,5.7907910346984863,2.03617262840271,-0,-3.0282549748504178e-05,-1.5141274874252089e-05,nan,1.5141274874252089e-05,3.0282549748504178e-05,-0.31906875967979431,-0.51541876792907715,0.050405807823926105,-0.081424766846965854,0,0,0,-0,-0,35,35,0,0,0,1,1,1,1,1,1,1,1,1,COMPLETED_ROUTE,9.9999080000010565,9.1999998943492756e-05
974,9.7246989999999993,FINAL_DUAL_BRAKE,J2_KP100,1,0,0,0,0,0,0,0,0,0,0,0,0,0,0,5.790982723236084,2.03617262840271,-3.0282549748504178e-05,-3.0282549748504178e-05,-3.0282549748504178e-05,nan,3.0282549748504178e-05,0,0.073631249368190765,-0.46633124351501465,-0.011632109045126423,-0.073670023560125017,0,0,0,-0,-0,35,35,0,0,0,1,1,1,1,1,1,1,1,1,COMPLETED_ROUTE,9.9999199999984967,8.0000001503321982e-05
975,9.7346990410000007,FINAL_DUAL_BRAKE,J2_KP100,1,0,0,0,0,0,0,0,0,0,0,0,0,0,0,5.7905993461608887,2.03617262840271,3.0282549748504178e-05,-3.0282549748504178e-05,0,nan,0,6.0565099497008357e-05,-0.61359375715255737,-0.39269998669624329,0.096934244004431805,-0.062037913337971637,0,0,0,-0,-0,35,35,0,0,0,1,1,1,1,1,1,1,1,1,COMPLETED_ROUTE,10.000041000001403,4.1000001402835551e-05
976,9.74469882,FINAL_DUAL_BRAKE,J2_KP100,1,0,0,0,0,0,0,0,0,0,0,0,0,0,0,5.7907910346984863,2.0363643169403076,-0,0,0,nan,0,-0,-0.31906875967979431,-0.049087498337030411,0.050405807823926105,-0.0077547391672464546,0,0,0,-0,-0,35,35,0,0,0,1,1,1,1,1,1,1,1,1,COMPLETED_ROUTE,9.9997789999992648,0.00022100000073521642
977,9.7546988490000004,FINAL_DUAL_BRAKE,J2_KP100,1,0,0,0,0,0,0,0,0,0,0,0,0,0,0,5.7907910346984863,2.0363643169403076,-0,0,0,nan,0,-0,-0.34361249208450317,-0.049087498337030411,0.054283174759238662,-0.0077547391672464546,0,0,0,-0,-0,35,35,0,0,0,1,1,1,1,1,1,1,1,1,COMPLETED_ROUTE,10.00002900000041,2.9000000409951099e-05
978,9.7646988009999998,FINAL_DUAL_BRAKE,J2_KP100,1,0,0,0,0,0,0,0,0,0,0,0,0,0,0,5.7907910346984863,2.03617262840271,-0,-3.0282549748504178e-05,-1.5141274874252089e-05,nan,1.5141274874252089e-05,3.0282549748504178e-05,-0.36815625429153442,-0.39269998669624329,0.05816054640265908,-0.062037913337971637,0,0,0,-0,-0,35,35,0,0,0,1,1,1,1,1,1,1,1,1,COMPLETED_ROUTE,9.999951999999368,4.800000063198695e-05
979,9.7746990240000002,FINAL_DUAL_BRAKE,J2_KP100,1,0,0,0,0,0,0,0,0,0,0,0,0,0,0,5.790982723236084,2.0363643169403076,-3.0282549748504178e-05,0,-1.5141274874252089e-05,nan,1.5141274874252089e-05,-3.0282549748504178e-05,0.098174996674060822,-0.17180624604225159,-0.015509478334492909,-0.027141587379619331,0,0,0,-0,-0,35,35,0,0,0,1,1,1,1,1,1,1,1,1,COMPLETED_ROUTE,10.000223000000474,0.00022300000047437152
980,9.7846992079999993,FINAL_DUAL_BRAKE,J2_KP100,1,0,0,0,0,0,0,0,0,0,0,0,0,0,0,5.790982723236084,2.03617262840271,-3.0282549748504178e-05,-3.0282549748504178e-05,-3.0282549748504178e-05,nan,3.0282549748504178e-05,0,0.073631249368190765,-0.53996247053146362,-0.011632109045126423,-0.085302129074170549,0,0,0,-0,-0,35,35,0,0,0,1,1,1,1,1,1,1,1,1,COMPLETED_ROUTE,10.000183999999024,0.00018399999902385389
